generated_at,date,ticker,signal,signal_raw,strategy,confidence,confidence_score,composite_score,current_price,stop_loss_pct,stop_loss_price,take_profit_pct,take_profit_price,suggested_position_size_pct,signal_expires,sharpe,sortino,win_rate,profit_factor,annual_return_pct,annual_excess_pct,max_drawdown_pct,avg_holding_days,total_trades,backtest_period,pbo,rsi,vol_20,sma_50,sma_200,trend,volatility,notes,vol_target_size_pct,meta_label_prob,meta_label_size_mult,days_to_earnings,earnings_date,last_surprise_pct,earnings_confidence_adj
2026-09-01T15:24:32,2026-09-01,EVRG,BUY,1,VWAP Trend,HIGH,6,113.25,81.02,1.84,79.53,1.67,82.37,10.0,2026-09-02,3.48,12.23,81.8,7.18,21.64,23.07,-1.19,1.9,11,2026-05-14 to 2026-08-31 (75 days),0.29,40.6,0.1537,83.9,79.22,BULLISH,LOW,Last surprise: +10.0%; Earnings conf adj: +1; Size: Kelly 10.0% / VolTgt 10.0% / Blend 10.0%,10.0,-1.0,1.0,65,2026-11-05,10.0,1
2026-09-01T15:27:25,2026-09-01,CVLT,HOLD,0,VWAP Trend,HIGH,6,102.05,137.52,8.07,0.0,7.31,0.0,0.0,2026-09-04,3.99,13.19,100.0,257.7,125.65,-50.52,-2.36,3.8,6,2026-05-14 to 2026-08-31 (75 days),-1.0,50.9,0.4763,139.04,113.31,BULLISH,HIGH,Last surprise: +22.4%; Earnings conf adj: +1,3.94,-1.0,1.0,56,2026-10-27,22.41,1
2026-09-01T15:26:35,2026-09-01,BTSG,HOLD,0,VWAP Trend,HIGH,6,101.63,58.4,8.05,0.0,5.78,0.0,0.0,2026-09-03,4.01,30.87,83.3,29.36,77.42,77.42,-0.83,2.3,6,2026-05-14 to 2026-08-31 (75 days),-1.0,41.8,0.4842,65.7,49.55,BULLISH,HIGH,Strong trend (ADX=35); Last surprise: +12.5%; Earnings conf adj: +1,3.87,-1.0,1.0,59,2026-10-30,12.5,1
2026-09-01T15:24:13,2026-09-01,CMI,BUY,1,VWAP Trend,HIGH,4,100.83,564.4,4.14,541.03,2.9,580.77,9.1,2026-09-03,2.99,7.4,85.7,6.87,65.58,120.15,-3.77,2.6,7,2026-05-14 to 2026-08-31 (75 days),0.556,29.5,0.2284,643.41,594.37,BULLISH,MEDIUM,RSI oversold; Strong trend (ADX=66); Last surprise: -6.1%; Earnings conf adj: -1; Size: Kelly 10.0% / VolTgt 8.2% / Blend 9.1%,8.21,-1.0,1.0,65,2026-11-05,-6.14,-1
2026-09-01T15:24:38,2026-09-01,FSLR,HOLD,0,VWAP Trend,HIGH,6,97.22,201.9,8.06,0.0,6.19,0.0,0.0,2026-09-04,2.85,7.33,85.7,7.0,149.99,187.34,-5.08,3.3,7,2026-05-14 to 2026-08-31 (75 days),-1.0,37.2,0.4329,222.96,231.68,BEARISH,HIGH,Last surprise: +36.1%; Earnings conf adj: +1,4.33,-1.0,1.0,58,2026-10-29,36.11,1
2026-09-01T15:27:38,2026-09-01,CBT,HOLD,0,VWAP Trend,HIGH,5,96.1,82.71,3.72,0.0,4.23,0.0,0.0,2026-09-02,2.81,6.22,90.9,27.91,57.24,50.72,-3.68,1.9,11,2026-05-14 to 2026-08-31 (75 days),-1.0,40.7,0.3897,87.08,76.3,BULLISH,MEDIUM,Strong trend (ADX=32),4.81,-1.0,1.0,62,2026-11-02,,0
2026-09-01T15:25:39,2026-09-01,SWK,HOLD,0,VWAP Trend,HIGH,6,92.09,96.37,3.94,0.0,4.06,0.0,0.0,2026-09-04,3.14,8.45,100.0,190.04,83.01,-35.92,-3.49,3.5,8,2026-05-14 to 2026-08-31 (75 days),-1.0,46.5,0.2758,94.52,80.41,BULLISH,MEDIUM,Last surprise: +29.8%; Earnings conf adj: +1,6.8,-1.0,1.0,63,2026-11-03,29.75,1
2026-09-01T15:26:37,2026-09-01,AEIS,HOLD,0,VWAP Trend,HIGH,6,90.66,276.86,12.0,0.0,10.86,0.0,0.0,2026-09-03,3.26,10.89,100.0,404.04,242.51,294.95,-5.31,2.8,6,2026-05-14 to 2026-08-31 (75 days),-1.0,41.7,0.8246,311.36,297.57,BULLISH,HIGH,Last surprise: +24.0%; Earnings conf adj: +1,2.27,-1.0,1.0,63,2026-11-03,23.98,1
2026-09-01T15:25:03,2026-09-01,LH,BUY,1,VWAP Trend,HIGH,5,90.54,332.66,2.55,324.18,2.33,340.41,10.0,2026-09-05,5.09,18.87,100.0,229.39,105.78,-48.97,-2.57,4.0,6,2026-05-14 to 2026-08-31 (75 days),0.496,66.6,0.1481,300.45,272.95,BULLISH,LOW,Strong trend (ADX=30); Last surprise: +4.6%; Size: Kelly 10.0% / VolTgt 10.0% / Blend 10.0%,10.0,-1.0,1.0,63,2026-11-03,4.61,0
2026-09-01T15:24:30,2026-09-01,ERIE,EXIT,-1,VWAP Trend,HIGH,5,87.58,255.56,5.21,268.87,6.11,239.95,7.76,2026-09-06,3.27,5.14,66.7,3.83,235.18,146.51,-17.01,5.2,12,2026-05-14 to 2026-08-31 (75 days),-1.0,52.5,0.3403,243.56,252.67,BEARISH,MEDIUM,High volume; Last surprise: +3.0%; Size: Kelly 10.0% / VolTgt 5.5% / Blend 7.8%,5.51,-1.0,1.0,58,2026-10-29,2.99,0
2026-09-01T15:26:52,2026-09-01,VMI,HOLD,0,VWAP Trend,HIGH,6,85.54,469.66,3.85,0.0,2.34,0.0,0.0,2026-09-02,3.68,10.5,81.8,7.17,66.35,93.24,-2.75,1.6,11,2026-05-14 to 2026-08-31 (75 days),-1.0,37.3,0.235,513.85,465.8,BULLISH,MEDIUM,Last surprise: +5.9%; Earnings conf adj: +1,7.98,-1.0,1.0,49,2026-10-20,5.86,1
2026-09-01T15:24:07,2026-09-01,CB,HOLD,0,VWAP Trend,HIGH,6,83.87,338.6,1.83,0.0,1.65,0.0,0.0,2026-09-03,1.53,3.08,63.6,2.11,15.13,-7.26,-3.84,2.3,11,2026-05-14 to 2026-08-31 (75 days),-1.0,42.8,0.1379,347.04,324.33,BULLISH,LOW,Strong trend (ADX=35); Last surprise: +7.6%; Earnings conf adj: +1,10.0,-1.0,1.0,56,2026-10-27,7.56,1
2026-09-01T15:26:19,2026-09-01,CRBG,HOLD,0,VWAP Trend,HIGH,5,82.26,32.54,3.15,0.0,3.74,0.0,0.0,2026-09-02,2.87,15.6,85.7,17.74,44.96,-34.06,-1.17,1.9,7,2026-05-14 to 2026-08-31 (75 days),-1.0,52.1,0.3448,31.5,28.56,BULLISH,MEDIUM,Last surprise: +3.7%,5.44,-1.0,1.0,62,2026-11-02,3.7,0
2026-09-01T15:25:27,2026-09-01,PPG,BUY,1,VWAP Trend,HIGH,5,80.32,112.17,2.94,108.87,3.1,115.65,9.05,2026-09-03,4.1,15.02,87.5,14.77,62.65,38.5,-1.35,2.9,8,2026-05-14 to 2026-08-31 (75 days),0.421,44.0,0.2315,116.01,109.83,BULLISH,MEDIUM,Last surprise: -0.9%; Size: Kelly 10.0% / VolTgt 8.1% / Blend 9.1%,8.1,-1.0,1.0,56,2026-10-27,-0.89,0
2026-09-01T15:25:24,2026-09-01,PH,HOLD,0,VWAP Trend,HIGH,6,80.14,979.44,3.29,0.0,4.03,0.0,0.0,2026-09-03,3.43,14.7,77.8,9.98,73.92,30.17,-1.81,2.3,9,2026-05-14 to 2026-08-31 (75 days),-1.0,41.6,0.3378,991.86,931.95,BULLISH,MEDIUM,Last surprise: +12.1%; Earnings conf adj: +1,5.55,-1.0,1.0,65,2026-11-05,12.09,1
2026-09-01T15:25:04,2026-09-01,LITE,HOLD,0,VWAP Trend,HIGH,6,77.14,914.76,12.0,0.0,11.2,0.0,0.0,2026-09-03,2.17,4.5,75.0,3.16,159.13,185.75,-11.95,2.0,8,2026-05-14 to 2026-08-31 (75 days),-1.0,54.6,1.0053,815.55,672.66,BULLISH,HIGH,Last surprise: +8.8%; Earnings conf adj: +1,1.87,-1.0,1.0,65,2026-11-05,8.75,1
2026-09-01T15:25:35,2026-09-01,SLB,HOLD,0,ADX Trend Following,HIGH,6,76.89,60.1,4.18,0.0,7.25,0.0,0.0,2026-09-07,2.46,6.07,80.0,5.7,94.55,63.07,-5.11,6.2,5,2026-05-14 to 2026-08-31 (75 days),-1.0,76.5,0.3698,49.98,48.37,BULLISH,MEDIUM,RSI overbought; High volume; Price at statistical extreme; Strong trend (ADX=36); Last surprise: +5.8%; Earnings conf adj: +1,5.07,-1.0,1.0,52,2026-10-23,5.77,1
2026-09-01T15:24:40,2026-09-01,GDDY,HOLD,0,VWAP Trend,HIGH,6,76.8,97.88,8.66,0.0,12.99,0.0,0.0,2026-09-17,2.44,4.25,80.0,3.5,181.55,119.67,-15.65,16.4,5,2026-05-14 to 2026-08-31 (75 days),-1.0,54.7,0.5001,91.54,96.73,BEARISH,HIGH,Last surprise: +8.3%; Earnings conf adj: +1,3.75,-1.0,1.0,58,2026-10-29,8.28,1
2026-09-01T15:27:26,2026-09-01,FLG,HOLD,0,VWAP Trend,HIGH,4,75.86,13.31,2.07,0.0,2.0,0.0,0.0,2026-09-04,3.42,7.32,77.8,4.32,41.75,50.9,-3.41,3.2,9,2026-05-14 to 2026-08-31 (75 days),-1.0,31.6,0.1422,14.37,13.54,BULLISH,LOW,Strong trend (ADX=34); Last surprise: -28.6%; Earnings conf adj: -1,10.0,-1.0,1.0,52,2026-10-23,-28.57,-1
2026-09-01T15:26:43,2026-09-01,SSB,HOLD,0,VWAP Trend,HIGH,5,74.68,104.89,1.92,0.0,1.79,0.0,0.0,2026-09-03,3.3,8.18,77.8,6.83,24.89,-27.4,-1.59,2.1,9,2026-05-14 to 2026-08-31 (75 days),-1.0,43.9,0.157,103.99,97.04,BULLISH,LOW,Strong trend (ADX=31); Last surprise: +2.6%,10.0,-1.0,1.0,50,2026-10-21,2.62,0
2026-09-01T15:27:43,2026-09-01,HGV,HOLD,0,VWAP Trend,HIGH,5,72.03,42.41,7.21,0.0,5.39,0.0,0.0,2026-09-03,2.72,6.13,77.8,4.78,59.53,76.94,-3.54,2.6,9,2026-05-14 to 2026-08-31 (75 days),-1.0,36.3,0.4248,48.28,46.03,BULLISH,HIGH,No special conditions,4.41,-1.0,1.0,58,2026-10-29,,0
2026-09-01T15:27:17,2026-09-01,ORA,HOLD,0,VWAP Trend,HIGH,6,71.74,102.0,5.73,0.0,6.34,0.0,0.0,2026-09-04,1.61,3.46,71.4,3.92,39.14,100.81,-6.37,3.1,7,2026-05-14 to 2026-08-31 (75 days),-1.0,39.9,0.4577,107.98,115.33,BEARISH,HIGH,Strong trend (ADX=38); Last surprise: +92.3%; Earnings conf adj: +1,4.1,-1.0,1.0,64,2026-11-04,92.31,1
2026-09-01T15:26:18,2026-09-01,ARMK,HOLD,0,VWAP Trend,HIGH,6,70.71,56.31,3.34,0.0,4.14,0.0,0.0,2026-09-03,2.85,12.93,85.7,9.33,16.56,-10.61,-0.84,2.0,7,2026-05-14 to 2026-08-31 (75 days),-1.0,39.3,0.3719,57.38,46.02,BULLISH,MEDIUM,Last surprise: +8.3%; Earnings conf adj: +1,5.04,-1.0,1.0,84,2026-11-24,8.33,1
2026-09-01T15:24:07,2026-09-01,CAT,HOLD,0,VWAP Trend,HIGH,6,69.61,797.47,4.72,0.0,3.97,0.0,0.0,2026-09-03,3.52,9.25,75.0,9.45,100.44,138.64,-3.82,2.1,8,2026-05-14 to 2026-08-31 (75 days),-1.0,37.9,0.3479,889.46,766.29,BULLISH,MEDIUM,Last surprise: +31.8%; Earnings conf adj: +1,5.39,-1.0,1.0,58,2026-10-29,31.77,1
2026-09-01T15:26:19,2026-09-01,STRL,HOLD,0,VWAP Trend,HIGH,6,69.33,470.07,12.0,0.0,7.94,0.0,0.0,2026-09-03,1.47,2.77,71.4,2.28,72.0,160.58,-15.5,2.3,7,2026-05-14 to 2026-08-31 (75 days),-1.0,34.8,0.6648,633.92,520.26,BULLISH,HIGH,Strong trend (ADX=35); Last surprise: +12.0%; Earnings conf adj: +1,2.82,-1.0,1.0,62,2026-11-02,11.97,1
2026-09-01T15:24:04,2026-09-01,BRK-B,HOLD,0,Stochastic Oscillator,HIGH,6,69.02,504.03,1.5,0.0,2.25,0.0,0.0,2026-09-13,2.82,8.35,100.0,80.6,27.43,12.67,-1.53,12.3,3,2026-05-14 to 2026-08-31 (75 days),-1.0,49.7,0.1573,501.99,492.44,BULLISH,LOW,Last surprise: +17.5%; Earnings conf adj: +1,10.0,-1.0,1.0,67,2026-11-07,17.54,1
2026-09-01T15:25:31,2026-09-01,RMD,HOLD,0,VWAP Trend,HIGH,5,68.93,240.1,3.64,0.0,5.46,0.0,0.0,2026-09-13,3.5,6.65,83.3,5.77,155.21,74.73,-10.7,12.3,6,2026-05-14 to 2026-08-31 (75 days),-1.0,69.2,0.3452,211.88,227.5,BEARISH,MEDIUM,Strong trend (ADX=39); Last surprise: +2.1%,5.43,-1.0,1.0,58,2026-10-29,2.08,0
2026-09-01T15:25:33,2026-09-01,RSG,HOLD,0,ADX Trend Following,HIGH,5,68.61,220.92,1.9,0.0,5.26,0.0,0.0,2026-09-19,1.3,2.15,100.0,72.3,25.03,2.4,-4.4,18.5,4,2026-05-14 to 2026-08-31 (75 days),-1.0,56.4,0.1554,216.39,213.8,BULLISH,LOW,Strong trend (ADX=32); Last surprise: +1.6%,10.0,-1.0,1.0,58,2026-10-29,1.65,0
2026-09-01T15:23:48,2026-09-01,ABNB,HOLD,0,ADX Trend Following,HIGH,5,67.5,183.22,5.69,0.0,19.92,0.0,0.0,2026-09-21,2.9,8.05,100.0,348.74,198.35,5.71,-4.02,20.0,3,2026-05-14 to 2026-08-31 (75 days),-1.0,59.3,0.6874,159.59,138.16,BULLISH,HIGH,Strong trend (ADX=48),2.73,-1.0,1.0,65,2026-11-05,,0
2026-09-01T15:25:03,2026-09-01,LIN,HOLD,0,VWAP Trend,HIGH,5,66.96,489.58,1.93,0.0,1.69,0.0,0.0,2026-09-03,2.51,6.36,75.0,5.68,20.63,33.64,-1.68,2.0,8,2026-05-14 to 2026-08-31 (75 days),-1.0,48.3,0.1522,504.17,477.58,BULLISH,LOW,Last surprise: +0.7%,10.0,-1.0,1.0,59,2026-10-30,0.73,0
2026-09-01T15:25:36,2026-09-01,SNDK,BUY,1,VWAP Trend,HIGH,6,66.94,1566.7,12.0,1378.7,13.74,1781.96,5.96,2026-09-04,3.2,8.63,75.0,9.47,777.7,724.68,-9.11,3.2,8,2026-05-14 to 2026-08-31 (75 days),0.147,53.2,0.9757,1592.28,977.27,BULLISH,HIGH,High volume; Last surprise: +13.7%; Earnings conf adj: +1; Size: Kelly 10.0% / VolTgt 1.9% / Blend 6.0%,1.92,-1.0,1.0,66,2026-11-06,13.7,1
2026-09-01T15:23:55,2026-09-01,AMD,HOLD,0,VWAP Trend,HIGH,5,66.68,470.72,8.11,0.0,5.4,0.0,0.0,2026-09-02,1.42,3.48,66.7,2.49,47.74,30.91,-9.07,1.5,6,2026-05-14 to 2026-08-31 (75 days),-1.0,46.3,0.56,504.74,336.72,BULLISH,HIGH,Last surprise: +3.1%,3.35,-1.0,1.0,63,2026-11-03,3.11,0
2026-09-01T15:26:28,2026-09-01,NXT,EXIT,-1,VWAP Trend,HIGH,6,66.4,82.03,10.78,90.87,7.06,76.24,6.58,2026-09-03,2.18,3.86,85.7,4.15,91.37,176.21,-7.25,2.3,7,2026-05-14 to 2026-08-31 (75 days),-1.0,33.8,0.5912,101.97,108.64,BEARISH,HIGH,Strong trend (ADX=34); Last surprise: +14.3%; Earnings conf adj: +1; Size: Kelly 10.0% / VolTgt 3.2% / Blend 6.6%,3.17,-1.0,1.0,57,2026-10-28,14.29,1
2026-09-01T15:27:21,2026-09-01,HWC,HOLD,0,ADX Trend Following,HIGH,5,66.29,74.49,2.02,0.0,4.59,0.0,0.0,2026-09-17,3.26,5.71,100.0,142.19,57.35,0.89,-4.67,16.0,4,2026-05-14 to 2026-08-31 (75 days),-1.0,38.9,0.1458,76.14,68.17,BULLISH,LOW,Last surprise: +0.0%,10.0,-1.0,1.0,42,2026-10-13,0.0,0
2026-09-01T15:27:47,2026-09-01,DCI,HOLD,0,MACD Crossover,HIGH,5,65.17,90.89,3.78,0.0,6.92,0.0,0.0,2026-09-20,2.39,4.08,100.0,150.74,62.55,27.7,-4.04,19.0,4,2026-05-14 to 2026-08-31 (75 days),-1.0,41.9,0.2017,91.8,90.7,BULLISH,MEDIUM,No special conditions,9.29,-1.0,1.0,-1,,,0
2026-09-01T15:24:39,2026-09-01,FTNT,BUY,1,VWAP Trend,HIGH,6,65.12,170.93,7.69,157.79,5.74,180.74,6.82,2026-09-03,3.55,20.83,83.3,13.04,62.09,-154.46,-1.46,2.0,6,2026-05-14 to 2026-08-31 (75 days),0.302,60.8,0.5159,157.97,108.55,BULLISH,HIGH,Strong trend (ADX=36); Last surprise: +20.0%; Earnings conf adj: +1; Size: Kelly 10.0% / VolTgt 3.6% / Blend 6.8%,3.63,-1.0,1.0,64,2026-11-04,20.0,1
2026-09-01T15:24:18,2026-09-01,CTSH,HOLD,0,VWAP Trend,HIGH,5,64.8,64.58,4.99,0.0,7.49,0.0,0.0,2026-09-12,3.43,6.42,75.0,4.02,366.63,136.12,-20.23,11.0,8,2026-05-14 to 2026-08-31 (75 days),-1.0,74.7,0.2984,50.43,62.17,BEARISH,MEDIUM,RSI overbought; Strong trend (ADX=57); Last surprise: -0.7%,6.28,-1.0,1.0,57,2026-10-28,-0.72,0
2026-09-01T15:24:20,2026-09-01,DASH,HOLD,0,ADX Trend Following,HIGH,5,64.77,231.74,4.79,0.0,10.13,0.0,0.0,2026-09-23,3.91,7.22,100.0,359.35,208.06,-96.77,-9.38,22.3,3,2026-05-14 to 2026-08-31 (75 days),-1.0,66.0,0.2724,199.89,188.11,BULLISH,MEDIUM,Strong trend (ADX=60); Last surprise: -2.1%,6.88,-1.0,1.0,64,2026-11-04,-2.13,0
2026-09-01T15:25:29,2026-09-01,PWR,BUY,1,VWAP Trend,HIGH,6,64.33,607.09,6.24,569.21,4.43,633.98,7.42,2026-09-03,2.49,7.72,77.8,3.81,132.06,189.46,-5.4,2.1,9,2026-05-14 to 2026-08-31 (75 days),0.433,40.0,0.388,660.09,584.06,BULLISH,MEDIUM,Last surprise: +28.1%; Earnings conf adj: +1; Size: Kelly 10.0% / VolTgt 4.8% / Blend 7.4%,4.83,-1.0,1.0,58,2026-10-29,28.1,1
2026-09-01T15:27:40,2026-09-01,CDP,BUY,1,VWAP Trend,HIGH,5,64.13,36.0,2.45,35.12,1.51,36.54,10.0,2026-09-02,4.25,22.32,90.9,37.68,60.51,0.76,-1.22,1.7,11,2026-05-14 to 2026-08-31 (75 days),0.556,37.0,0.1471,36.92,32.13,BULLISH,LOW,Price at statistical extreme; Size: Kelly 10.0% / VolTgt 10.0% / Blend 10.0%,10.0,-1.0,1.0,58,2026-10-29,,0
2026-09-01T15:27:41,2026-09-01,SYNA,HOLD,0,VWAP Trend,MEDIUM,2,64.02,96.72,7.94,0.0,6.42,0.0,0.0,2026-09-04,0.22,0.3,62.5,1.17,2.29,65.55,-13.61,3.1,8,2026-05-14 to 2026-08-31 (75 days),-1.0,39.8,0.4628,112.69,95.57,BULLISH,HIGH,Strong trend (ADX=35),4.05,-1.0,1.0,65,2026-11-05,,0
2026-09-01T15:27:26,2026-09-01,NOVT,BUY,1,Stochastic Oscillator,HIGH,6,63.94,146.22,8.49,133.81,12.73,164.83,6.58,2026-09-14,2.24,5.3,100.0,171.63,67.02,86.3,-4.5,13.0,2,2026-05-14 to 2026-08-31 (75 days),0.722,45.5,0.5926,151.93,136.81,BULLISH,HIGH,Strong trend (ADX=35); Last surprise: +7.2%; Earnings conf adj: +1; Size: Kelly 10.0% / VolTgt 3.2% / Blend 6.6%,3.16,-1.0,1.0,63,2026-11-03,7.23,1
2026-09-01T15:26:41,2026-09-01,SANM,BUY,1,VWAP Trend,HIGH,6,63.67,196.72,9.53,177.97,7.48,211.43,6.62,2026-09-03,2.77,8.05,66.7,7.05,129.95,180.59,-5.07,2.7,6,2026-05-14 to 2026-08-31 (75 days),0.397,47.7,0.5783,208.81,182.76,BULLISH,HIGH,Last surprise: +18.6%; Earnings conf adj: +1; Size: Kelly 10.0% / VolTgt 3.2% / Blend 6.6%,3.24,-1.0,1.0,62,2026-11-02,18.64,1
2026-09-01T15:26:06,2026-09-01,RS,BUY,1,VWAP Trend,HIGH,6,63.59,384.05,5.0,364.85,4.32,400.64,8.01,2026-09-04,1.78,2.69,70.0,2.53,29.89,11.53,-7.15,3.1,10,2026-05-14 to 2026-08-31 (75 days),0.647,40.0,0.3113,396.64,342.04,BULLISH,MEDIUM,High volume; Last surprise: +14.6%; Earnings conf adj: +1; Size: Kelly 10.0% / VolTgt 6.0% / Blend 8.0%,6.02,-1.0,1.0,50,2026-10-21,14.63,1
2026-09-01T15:26:53,2026-09-01,VIAV,HOLD,0,VWAP Trend,HIGH,6,63.47,36.29,12.0,0.0,10.26,0.0,0.0,2026-09-03,2.78,6.44,71.4,5.44,153.91,226.57,-8.35,2.4,7,2026-05-14 to 2026-08-31 (75 days),-1.0,42.1,0.8407,41.11,34.47,BULLISH,HIGH,Last surprise: +13.3%; Earnings conf adj: +1,2.23,-1.0,1.0,57,2026-10-28,13.33,1
2026-09-01T15:25:28,2026-09-01,PYPL,HOLD,0,VWAP Trend,HIGH,6,63.21,52.67,7.67,0.0,10.54,0.0,0.0,2026-09-07,4.83,11.59,75.0,16.42,164.25,91.99,-2.45,6.9,8,2026-05-14 to 2026-08-31 (75 days),-1.0,32.9,0.5098,54.02,51.03,BULLISH,HIGH,High volume; Price at statistical extreme; Strong trend (ADX=61); Last surprise: +7.8%; Earnings conf adj: +1,3.68,-1.0,1.0,56,2026-10-27,7.81,1
2026-09-01T15:25:56,2026-09-01,WMT,BUY,1,Stochastic Oscillator,HIGH,5,63.03,104.87,3.98,100.7,5.97,111.13,7.48,2026-09-24,0.95,1.46,100.0,44.91,15.15,69.64,-5.7,23.3,3,2026-05-14 to 2026-08-31 (75 days),0.214,39.1,0.3781,111.53,118.05,BEARISH,MEDIUM,Strong trend (ADX=32); Last surprise: +9.5%; Earnings conf adj: +1; Size: Kelly 10.0% / VolTgt 5.0% / Blend 7.5%,4.96,-1.0,1.0,79,2026-11-19,9.46,1
2026-09-01T15:26:06,2026-09-01,ENTG,EXIT,-1,VWAP Trend,HIGH,6,62.77,135.29,10.66,149.71,8.41,123.91,6.11,2026-09-02,2.22,3.84,64.3,2.35,110.38,119.5,-9.79,1.6,14,2026-05-14 to 2026-08-31 (75 days),-1.0,44.2,0.8446,145.12,124.95,BULLISH,HIGH,Last surprise: +13.4%; Earnings conf adj: +1; Size: Kelly 10.0% / VolTgt 2.2% / Blend 6.1%,2.22,-1.0,1.0,64,2026-11-04,13.41,1
2026-09-01T15:27:48,2026-09-01,DBA,HOLD,0,VWAP Trend,HIGH,5,62.66,29.32,1.5,0.0,1.88,0.0,0.0,2026-09-05,2.49,5.45,72.7,3.75,22.73,9.23,-2.64,4.6,11,2026-05-14 to 2026-08-31 (75 days),-1.0,74.2,0.1114,27.73,26.74,BULLISH,LOW,RSI overbought; High volume; Price at statistical extreme; Strong trend (ADX=38),10.0,-1.0,1.0,-1,,,0
2026-09-01T15:26:24,2026-09-01,TOL,HOLD,0,VWAP Trend,HIGH,5,62.44,143.45,4.64,0.0,4.52,0.0,0.0,2026-09-03,3.27,11.97,85.7,151.25,137.58,104.04,-3.03,2.9,7,2026-05-14 to 2026-08-31 (75 days),-1.0,43.3,0.3374,151.15,143.88,BULLISH,MEDIUM,Last surprise: +1.0%,5.56,-1.0,1.0,-14,2026-08-18,1.02,0
2026-09-01T15:26:42,2026-09-01,CGNX,HOLD,0,Stochastic Oscillator,HIGH,6,62.35,60.96,7.95,0.0,11.93,0.0,0.0,2026-09-17,2.28,4.07,100.0,245.22,118.17,141.51,-15.69,16.3,3,2026-05-14 to 2026-08-31 (75 days),-1.0,46.4,0.5504,64.21,52.93,BULLISH,HIGH,Last surprise: +7.1%; Earnings conf adj: +1,3.41,-1.0,1.0,57,2026-10-28,7.14,1
2026-09-01T15:26:38,2026-09-01,UMBF,HOLD,0,VWAP Trend,HIGH,6,62.32,141.63,2.36,0.0,1.72,0.0,0.0,2026-09-02,3.28,8.39,100.0,91.18,33.19,-12.53,-1.86,1.7,6,2026-05-14 to 2026-08-31 (75 days),-1.0,40.0,0.1674,144.82,126.67,BULLISH,LOW,Strong trend (ADX=34); Last surprise: +14.4%; Earnings conf adj: +1,10.0,-1.0,1.0,56,2026-10-27,14.42,1
2026-09-01T15:23:59,2026-09-01,AXP,HOLD,0,VWAP Trend,HIGH,5,61.79,330.17,2.02,0.0,3.45,0.0,0.0,2026-09-08,2.97,7.6,60.0,9.77,39.07,17.7,-2.03,7.4,5,2026-05-14 to 2026-08-31 (75 days),-1.0,40.4,0.1611,342.31,336.36,BULLISH,LOW,Last surprise: +3.0%,10.0,-1.0,1.0,52,2026-10-23,2.95,0
2026-09-01T15:26:41,2026-09-01,LFUS,HOLD,0,Stochastic Oscillator,HIGH,6,61.69,412.18,7.97,0.0,11.96,0.0,0.0,2026-09-18,2.19,4.47,100.0,173.42,67.53,97.86,-5.83,17.5,2,2026-05-14 to 2026-08-31 (75 days),-1.0,43.7,0.4506,429.81,366.34,BULLISH,HIGH,Last surprise: +10.8%; Earnings conf adj: +1,4.16,-1.0,1.0,57,2026-10-28,10.85,1
2026-09-01T15:24:47,2026-09-01,HOOD,HOLD,0,VWAP Trend,HIGH,6,61.37,104.81,11.82,0.0,12.92,0.0,0.0,2026-09-06,2.89,6.54,62.5,4.21,232.68,89.12,-9.06,5.0,8,2026-05-14 to 2026-08-31 (75 days),-1.0,54.6,0.7337,101.3,95.27,BULLISH,HIGH,Strong trend (ADX=32); Last surprise: +44.2%; Earnings conf adj: +1,2.56,-1.0,1.0,64,2026-11-04,44.19,1
2026-09-01T15:27:40,2026-09-01,PLNT,HOLD,0,Stochastic Oscillator,HIGH,5,60.7,51.6,7.38,0.0,11.07,0.0,0.0,2026-10-03,2.24,3.99,100.0,188.32,81.15,80.49,-6.24,32.0,2,2026-05-14 to 2026-08-31 (75 days),-1.0,46.6,0.4998,52.72,74.83,BEARISH,HIGH,No special conditions,3.75,-1.0,1.0,65,2026-11-05,,0
2026-09-01T15:23:57,2026-09-01,APH,HOLD,0,Stochastic Oscillator,HIGH,6,60.42,158.55,4.91,0.0,7.37,0.0,0.0,2026-09-16,2.76,6.11,100.0,264.31,122.73,20.85,-10.7,15.7,3,2026-05-14 to 2026-08-31 (75 days),-1.0,47.7,0.3866,161.01,144.87,BULLISH,MEDIUM,Last surprise: +13.4%; Earnings conf adj: +1,4.85,-1.0,1.0,57,2026-10-28,13.45,1
2026-09-01T15:24:31,2026-09-01,ETN,BUY,1,VWAP Trend,HIGH,5,60.39,401.88,4.85,382.39,4.1,418.36,8.01,2026-09-03,2.36,4.71,60.0,3.64,79.59,83.89,-8.0,2.8,5,2026-05-14 to 2026-08-31 (75 days),0.563,41.0,0.3114,416.18,378.31,BULLISH,MEDIUM,Last surprise: +2.3%; Size: Kelly 10.0% / VolTgt 6.0% / Blend 8.0%,6.02,-1.0,1.0,63,2026-11-03,2.27,0
2026-09-01T15:25:59,2026-09-01,ZBRA,HOLD,0,VWAP Trend,HIGH,6,60.06,353.55,6.06,0.0,18.18,0.0,0.0,2026-09-13,2.85,8.06,66.7,11.98,368.81,176.8,-17.02,12.2,6,2026-05-14 to 2026-08-31 (75 days),-1.0,57.2,0.9766,306.03,255.02,BULLISH,HIGH,Last surprise: +45.0%; Earnings conf adj: +1,1.92,-1.0,1.0,63,2026-11-03,44.98,1
2026-09-01T15:24:43,2026-09-01,GM,HOLD,0,MACD Crossover,HIGH,6,60.0,86.32,3.33,0.0,6.83,0.0,0.0,2026-09-15,1.7,3.03,100.0,117.87,46.6,2.77,-5.66,14.3,3,2026-05-14 to 2026-08-31 (75 days),-1.0,53.1,0.2294,82.74,79.35,BULLISH,MEDIUM,High volume; Last surprise: +11.9%; Earnings conf adj: +1,8.17,-1.0,1.0,49,2026-10-20,11.91,1
2026-09-01T15:24:40,2026-09-01,GD,BUY,1,VWAP Trend,HIGH,6,59.83,371.35,2.04,363.77,1.94,378.55,10.0,2026-09-03,1.51,3.2,63.6,2.58,19.86,-16.36,-2.92,2.2,11,2026-05-14 to 2026-08-31 (75 days),0.548,38.5,0.1661,376.16,351.82,BULLISH,LOW,High volume; Price at statistical extreme; Strong trend (ADX=45); Last surprise: +6.8%; Earnings conf adj: +1; Size: Kelly 10.0% / VolTgt 10.0% / Blend 10.0%,10.0,-1.0,1.0,57,2026-10-28,6.8,1
2026-09-01T15:26:15,2026-09-01,RBC,BUY,1,VWAP Trend,HIGH,6,59.4,494.26,4.36,472.71,3.4,511.06,8.44,2026-09-03,2.06,4.91,75.0,3.76,37.75,89.43,-2.2,2.5,8,2026-05-14 to 2026-08-31 (75 days),0.694,29.9,0.2731,572.82,542.81,BULLISH,MEDIUM,RSI oversold; Strong trend (ADX=46); Last surprise: +13.1%; Earnings conf adj: +1; Size: Kelly 10.0% / VolTgt 6.9% / Blend 8.4%,6.87,-1.0,1.0,59,2026-10-30,13.12,1
2026-09-01T15:24:17,2026-09-01,CRWD,HOLD,0,Stochastic Oscillator,HIGH,6,59.24,231.0,10.8,0.0,16.2,0.0,0.0,2026-09-08,2.97,15.53,100.0,400.24,228.37,-160.11,-4.19,7.0,2,2026-05-14 to 2026-08-31 (75 days),-1.0,63.0,0.8989,197.42,140.94,BULLISH,HIGH,High volume; Strong trend (ADX=37); Last surprise: +6.9%; Earnings conf adj: +1,2.09,-1.0,1.0,-6,2026-08-26,6.9,1
2026-09-01T15:25:59,2026-09-01,ZTS,HOLD,0,SMA Crossover (10/50),HIGH,5,59.22,77.1,6.53,0.0,6.45,0.0,0.0,2026-09-04,2.34,22.83,100.0,55.59,19.7,9.63,-0.41,3.5,2,2026-05-14 to 2026-08-31 (75 days),-1.0,52.8,0.4377,75.44,102.88,BEARISH,HIGH,Last surprise: +1.1%,4.28,-1.0,1.0,63,2026-11-03,1.08,0
2026-09-01T15:26:01,2026-09-01,ATI,BUY,1,VWAP Trend,HIGH,6,58.8,204.2,7.68,188.52,5.97,216.39,7.0,2026-09-03,2.14,7.95,57.1,5.1,47.82,-69.54,-4.64,2.6,7,2026-05-14 to 2026-08-31 (75 days),0.31,44.9,0.4703,202.07,156.39,BULLISH,HIGH,High volume; Last surprise: +18.3%; Earnings conf adj: +1; Size: Kelly 10.0% / VolTgt 4.0% / Blend 7.0%,3.99,-1.0,1.0,56,2026-10-27,18.27,1
2026-09-01T15:27:28,2026-09-01,SHC,HOLD,0,VWAP Trend,HIGH,6,58.72,18.9,3.36,0.0,3.11,0.0,0.0,2026-09-03,1.77,3.88,66.7,2.59,14.65,-82.26,-2.44,2.1,12,2026-05-14 to 2026-08-31 (75 days),-1.0,52.8,0.2729,18.14,16.75,BULLISH,MEDIUM,Strong trend (ADX=41); Last surprise: +8.3%; Earnings conf adj: +1,6.87,-1.0,1.0,63,2026-11-03,8.33,1
2026-09-01T15:24:01,2026-09-01,BG,HOLD,0,Stochastic Oscillator,HIGH,5,58.69,116.21,4.97,0.0,7.46,0.0,0.0,2026-09-18,3.47,8.36,100.0,220.7,99.32,113.76,-7.47,17.7,3,2026-05-14 to 2026-08-31 (75 days),-1.0,56.8,0.2816,112.27,112.39,BEARISH,MEDIUM,High volume; Last surprise: +3.1%,6.66,-1.0,1.0,64,2026-11-04,3.09,0
2026-09-01T15:25:31,2026-09-01,RL,BUY,1,VWAP Trend,HIGH,6,58.03,346.9,4.33,331.88,3.77,359.98,8.4,2026-09-04,2.63,15.79,66.7,13.09,100.99,86.32,-5.07,3.0,6,2026-05-14 to 2026-08-31 (75 days),0.214,29.4,0.2761,384.26,364.74,BULLISH,MEDIUM,RSI oversold; Strong trend (ADX=40); Last surprise: +5.8%; Earnings conf adj: +1; Size: Kelly 10.0% / VolTgt 6.8% / Blend 8.4%,6.79,-1.0,1.0,65,2026-11-05,5.76,1
2026-09-01T15:25:46,2026-09-01,TROW,BUY,1,VWAP Trend,HIGH,5,57.98,111.28,2.27,108.75,1.87,113.36,10.0,2026-09-03,2.48,5.38,66.7,5.15,22.58,-15.61,-2.63,2.7,6,2026-05-14 to 2026-08-31 (75 days),0.722,43.8,0.1448,114.21,101.87,BULLISH,LOW,High volume; Last surprise: +2.0%; Size: Kelly 10.0% / VolTgt 10.0% / Blend 10.0%,10.0,-1.0,1.0,59,2026-10-30,1.98,0
2026-09-01T15:26:47,2026-09-01,PATH,HOLD,0,ADX Trend Following,MEDIUM,3,57.72,18.67,9.09,0.0,18.5,0.0,0.0,2026-09-15,4.65,14.4,100.0,536.43,397.63,-442.06,-6.59,14.0,3,2026-05-14 to 2026-08-31 (75 days),-1.0,78.3,0.6281,13.31,12.82,BULLISH,HIGH,RSI overbought; Strong trend (ADX=43); Earnings in 2d (2026-09-03); Last surprise: -6.3%; Earnings conf adj: -2,2.99,-1.0,1.0,2,2026-09-03,-6.25,-2
2026-09-01T15:26:19,2026-09-01,PAG,BUY,1,PEAD Earnings Drift,HIGH,6,57.59,216.59,1.52,213.3,5.32,228.11,10.0,2026-10-22,3.81,8.05,100.0,390.13,205.06,60.16,-5.35,51.5,2,2026-05-14 to 2026-08-31 (75 days),0.266,57.2,0.1131,203.99,170.35,BULLISH,LOW,Strong trend (ADX=50); Last surprise: +6.8%; Earnings conf adj: +1; Size: Kelly 10.0% / VolTgt 10.0% / Blend 10.0%,10.0,-1.0,1.0,57,2026-10-28,6.78,1
2026-09-01T15:24:47,2026-09-01,HII,HOLD,0,Stochastic Oscillator,HIGH,6,57.52,291.2,4.03,0.0,6.04,0.0,0.0,2026-10-04,1.04,2.12,100.0,105.28,37.41,74.69,-10.7,33.0,2,2026-05-14 to 2026-08-31 (75 days),-1.0,40.3,0.2209,295.24,345.24,BEARISH,MEDIUM,Strong trend (ADX=43); Last surprise: +38.0%; Earnings conf adj: +1,8.49,-1.0,1.0,58,2026-10-29,37.96,1
2026-09-01T15:26:23,2026-09-01,RNR,HOLD,0,EMA Crossover (9/21),HIGH,6,57.48,327.64,2.08,0.0,5.49,0.0,0.0,2026-09-25,1.56,2.38,100.0,97.09,36.44,-19.55,-5.69,24.0,3,2026-05-14 to 2026-08-31 (75 days),-1.0,55.7,0.1424,320.84,296.25,BULLISH,LOW,Last surprise: +10.0%; Earnings conf adj: +1,10.0,-1.0,1.0,63,2026-11-03,9.96,1
2026-09-01T15:24:36,2026-09-01,FICO,HOLD,0,VWAP Trend,HIGH,5,57.43,1147.21,7.5,0.0,11.25,0.0,0.0,2026-09-24,2.13,3.5,75.0,3.36,114.05,90.03,-16.02,23.0,4,2026-05-14 to 2026-08-31 (75 days),-1.0,50.9,0.4794,1171.98,1318.39,BEARISH,HIGH,Last surprise: +3.4%,3.91,-1.0,1.0,64,2026-11-04,3.4,0
2026-09-01T15:25:18,2026-09-01,NVR,HOLD,0,MACD Crossover,HIGH,4,56.98,6315.23,3.29,0.0,4.94,0.0,0.0,2026-09-23,1.44,2.47,100.0,89.3,33.01,-10.42,-6.1,22.3,3,2026-05-14 to 2026-08-31 (75 days),-1.0,47.7,0.2198,6437.51,6826.74,BEARISH,MEDIUM,Last surprise: -6.7%; Earnings conf adj: -1,8.53,-1.0,1.0,50,2026-10-21,-6.69,-1
2026-09-01T15:24:12,2026-09-01,CME,HOLD,0,ADX Trend Following,HIGH,5,56.95,285.5,2.43,0.0,3.65,0.0,0.0,2026-09-22,2.4,4.55,100.0,108.48,42.2,53.94,-3.23,21.0,2,2026-05-14 to 2026-08-31 (75 days),-1.0,71.2,0.1847,254.77,274.98,BEARISH,LOW,RSI overbought; High volume; Strong trend (ADX=38); Last surprise: +2.7%,10.0,-1.0,1.0,50,2026-10-21,2.75,0
2026-09-01T15:26:01,2026-09-01,OKTA,HOLD,0,Stochastic Oscillator,HIGH,6,56.43,173.04,11.2,0.0,16.8,0.0,0.0,2026-09-12,2.3,13.43,100.0,391.04,213.92,-1009.56,-3.86,11.5,2,2026-05-14 to 2026-08-31 (75 days),-1.0,67.6,1.135,141.97,100.17,BULLISH,HIGH,Price at statistical extreme; Strong trend (ADX=39); Last surprise: +9.4%; Earnings conf adj: +1,1.65,-1.0,1.0,-6,2026-08-26,9.38,1
2026-09-01T15:24:03,2026-09-01,BKR,HOLD,0,ADX Trend Following,HIGH,6,56.38,63.55,3.54,0.0,7.94,0.0,0.0,2026-09-18,2.01,3.93,100.0,112.26,41.86,46.15,-4.75,17.5,2,2026-05-14 to 2026-08-31 (75 days),-1.0,59.1,0.2409,59.34,57.82,BULLISH,MEDIUM,High volume; Last surprise: +30.6%; Earnings conf adj: +1,7.78,-1.0,1.0,51,2026-10-22,30.61,1
2026-09-01T15:23:58,2026-09-01,ARE,HOLD,0,Stochastic Oscillator,HIGH,6,56.07,51.29,6.82,0.0,10.23,0.0,0.0,2026-09-15,2.34,6.28,100.0,188.6,79.02,29.46,-7.63,14.0,2,2026-05-14 to 2026-08-31 (75 days),-1.0,51.7,0.5687,50.62,49.14,BULLISH,HIGH,Last surprise: +25.0%; Earnings conf adj: +1,3.3,-1.0,1.0,55,2026-10-26,25.0,1
2026-09-01T15:27:42,2026-09-01,EXPO,HOLD,0,VWAP Trend,HIGH,5,56.05,71.01,3.79,0.0,4.92,0.0,0.0,2026-09-09,2.92,5.65,70.0,4.97,117.33,-46.78,-7.16,8.5,10,2026-05-14 to 2026-08-31 (75 days),-1.0,64.2,0.2145,64.53,66.6,BEARISH,MEDIUM,Strong trend (ADX=31),8.74,-1.0,1.0,58,2026-10-29,,0
2026-09-01T15:25:12,2026-09-01,MRNA,HOLD,0,VWAP Trend,HIGH,5,56.01,140.34,12.0,0.0,42.0,0.0,0.0,2026-09-04,2.55,5.58,87.5,5.13,255.66,-2997.5,-10.21,3.4,8,2026-05-14 to 2026-08-31 (75 days),-1.0,64.1,6.4008,78.32,52.33,BULLISH,HIGH,Strong trend (ADX=64); Last surprise: +4.4%,0.29,-1.0,1.0,65,2026-11-05,4.37,0
2026-09-01T15:26:22,2026-09-01,EQH,HOLD,0,VWAP Trend,HIGH,5,55.96,50.13,3.22,0.0,8.77,0.0,0.0,2026-09-11,3.05,5.44,66.7,8.66,116.6,33.11,-4.81,10.8,6,2026-05-14 to 2026-08-31 (75 days),-1.0,53.3,0.3388,48.22,43.92,BULLISH,MEDIUM,Last surprise: +3.7%,5.53,-1.0,1.0,63,2026-11-03,3.66,0
2026-09-01T15:25:43,2026-09-01,TEL,HOLD,0,ADX Trend Following,HIGH,5,55.9,205.25,4.04,0.0,6.06,0.0,0.0,2026-09-14,1.73,2.86,75.0,8.37,43.3,43.04,-4.89,13.2,4,2026-05-14 to 2026-08-31 (75 days),-1.0,48.6,0.3479,204.61,215.24,BEARISH,MEDIUM,Last surprise: +3.5%,5.39,-1.0,1.0,57,2026-10-28,3.52,0
2026-09-01T15:25:26,2026-09-01,PODD,HOLD,0,ADX Trend Following,HIGH,6,55.84,148.66,7.4,0.0,11.1,0.0,0.0,2026-09-04,1.97,3.96,80.0,4.3,24.17,24.22,-3.36,3.4,5,2026-05-14 to 2026-08-31 (75 days),-1.0,49.4,0.8178,154.14,213.88,BEARISH,HIGH,High volume; Last surprise: +14.5%; Earnings conf adj: +1,2.29,-1.0,1.0,65,2026-11-05,14.48,1
2026-09-01T15:26:44,2026-09-01,SOLS,HOLD,0,Stochastic Oscillator,HIGH,6,55.4,63.39,8.1,0.0,12.15,0.0,0.0,2026-09-18,1.7,3.46,100.0,158.93,77.01,144.18,-12.15,17.0,2,2026-05-29 to 2026-08-31 (65 days),-1.0,57.0,0.5437,64.57,67.53,BEARISH,HIGH,High volume; Strong trend (ADX=36); Last surprise: +12.8%; Earnings conf adj: +1,3.45,-1.0,1.0,58,2026-10-29,12.82,1
2026-09-01T15:25:10,2026-09-01,MKC,HOLD,0,ADX Trend Following,HIGH,6,55.31,54.22,4.1,0.0,5.57,0.0,0.0,2026-09-08,2.59,4.8,100.0,173.94,74.99,1.14,-5.27,7.8,5,2026-05-14 to 2026-08-31 (75 days),-1.0,52.3,0.2533,52.3,56.58,BEARISH,MEDIUM,Last surprise: +14.3%; Earnings conf adj: +1,7.4,-1.0,1.0,30,2026-10-01,14.29,1
2026-09-01T15:24:42,2026-09-01,GLW,HOLD,0,VWAP Trend,HIGH,5,55.29,148.73,10.96,0.0,12.18,0.0,0.0,2026-09-06,1.11,1.75,75.0,3.19,59.31,127.38,-23.97,5.2,4,2026-05-14 to 2026-08-31 (75 days),-1.0,44.4,0.6782,170.2,142.3,BULLISH,HIGH,Last surprise: +4.0%,2.76,-1.0,1.0,56,2026-10-27,4.0,0
2026-09-01T15:25:32,2026-09-01,ROST,HOLD,0,VWAP Trend,HIGH,6,55.23,228.54,4.53,0.0,3.77,0.0,0.0,2026-09-04,1.92,5.89,71.4,23.5,41.63,14.23,-4.54,3.0,7,2026-05-14 to 2026-08-31 (75 days),-1.0,38.6,0.2766,234.26,210.75,BULLISH,MEDIUM,Strong trend (ADX=32); Last surprise: +36.4%; Earnings conf adj: +1,6.78,-1.0,1.0,79,2026-11-19,36.41,1
2026-09-01T15:27:45,2026-09-01,WHR,HOLD,0,Stochastic Oscillator,HIGH,4,54.87,40.84,7.8,0.0,11.7,0.0,0.0,2026-10-14,0.89,1.54,100.0,100.69,38.46,51.36,-19.54,43.5,2,2026-05-14 to 2026-08-31 (75 days),-1.0,51.6,0.6203,39.46,57.67,BEARISH,HIGH,No special conditions,3.02,-1.0,1.0,57,2026-10-28,,0
2026-09-01T15:25:07,2026-09-01,MAS,HOLD,0,ADX Trend Following,HIGH,6,54.76,72.16,3.65,0.0,9.84,0.0,0.0,2026-09-20,2.59,4.73,100.0,189.13,84.51,59.86,-8.48,19.0,3,2026-05-14 to 2026-08-31 (75 days),-1.0,42.6,0.2868,76.18,68.8,BULLISH,MEDIUM,Last surprise: +25.2%; Earnings conf adj: +1,6.54,-1.0,1.0,58,2026-10-29,25.19,1
2026-09-01T15:26:46,2026-09-01,AVTR,HOLD,0,MACD Crossover,HIGH,6,54.64,14.54,4.13,0.0,7.59,0.0,0.0,2026-09-13,2.77,6.83,100.0,385.43,231.86,-452.92,-9.0,12.6,5,2026-05-14 to 2026-08-31 (75 days),-1.0,68.4,0.2714,12.2,10.3,BULLISH,MEDIUM,Strong trend (ADX=46); Last surprise: +10.5%; Earnings conf adj: +1,6.91,-1.0,1.0,57,2026-10-28,10.53,1
2026-09-01T15:24:37,2026-09-01,FLEX,HOLD,0,VWAP Trend,HIGH,6,54.54,109.25,9.76,0.0,8.44,0.0,0.0,2026-09-04,2.65,5.17,100.0,261.85,132.23,192.81,-11.55,3.5,4,2026-05-14 to 2026-08-31 (75 days),-1.0,40.8,0.5731,126.82,93.89,BULLISH,HIGH,Last surprise: +8.7%; Earnings conf adj: +1,3.27,-1.0,1.0,57,2026-10-28,8.7,1
2026-09-01T15:25:57,2026-09-01,WST,BUY,1,VWAP Trend,HIGH,6,54.53,341.11,2.57,332.34,2.0,347.93,10.0,2026-09-03,2.35,5.38,66.7,3.6,16.21,-38.66,-2.25,2.2,6,2026-05-14 to 2026-08-31 (75 days),0.671,43.1,0.1714,349.78,291.89,BULLISH,LOW,Last surprise: +13.9%; Earnings conf adj: +1; Size: Kelly 10.0% / VolTgt 10.0% / Blend 10.0%,10.0,-1.0,1.0,51,2026-10-22,13.94,1
2026-09-01T15:27:48,2026-09-01,GLD,EXIT,-1,VWAP Trend,MEDIUM,3,54.52,408.42,2.81,419.9,4.21,391.23,4.55,2026-09-06,0.59,0.87,41.7,1.58,10.38,24.58,-9.16,5.4,12,2026-05-14 to 2026-08-31 (75 days),-1.0,54.2,0.2799,386.49,414.94,BEARISH,MEDIUM,Strong trend (ADX=37); Size: Kelly 2.4% / VolTgt 6.7% / Blend 4.5%,6.7,-1.0,1.0,-1,,,0
2026-09-01T15:24:10,2026-09-01,CDW,HOLD,0,VWAP Trend,HIGH,5,54.19,151.58,8.41,0.0,14.33,0.0,0.0,2026-09-10,3.81,7.88,55.6,4.1,425.89,128.38,-10.24,9.1,9,2026-05-14 to 2026-08-31 (75 days),-1.0,62.3,0.6031,137.5,130.27,BULLISH,HIGH,Strong trend (ADX=30); Last surprise: +3.9%,3.11,-1.0,1.0,63,2026-11-03,3.93,0
2026-09-01T15:24:04,2026-09-01,BR,HOLD,0,VWAP Trend,HIGH,5,54.17,182.38,3.65,0.0,5.47,0.0,0.0,2026-09-10,2.39,4.34,60.0,2.55,97.29,-34.94,-13.68,9.1,10,2026-05-14 to 2026-08-31 (75 days),-1.0,66.3,0.3716,157.81,176.6,BEARISH,MEDIUM,Strong trend (ADX=46); Last surprise: +1.6%,5.05,-1.0,1.0,63,2026-11-03,1.6,0
2026-09-01T15:27:47,2026-09-01,ITT,HOLD,0,VWAP Trend,HIGH,5,54.16,200.29,4.07,0.0,4.36,0.0,0.0,2026-09-04,1.21,1.98,55.6,2.86,26.17,29.73,-5.2,3.3,9,2026-05-14 to 2026-08-31 (75 days),-1.0,42.1,0.3049,200.48,193.93,BULLISH,MEDIUM,No special conditions,6.15,-1.0,1.0,56,2026-10-27,,0
2026-09-01T15:27:14,2026-09-01,WEX,HOLD,0,VWAP Trend,HIGH,6,54.13,190.58,4.42,0.0,6.69,0.0,0.0,2026-09-08,3.72,9.44,80.0,331.06,170.03,-61.64,-5.25,7.4,5,2026-05-14 to 2026-08-31 (75 days),-1.0,53.0,0.3125,172.1,157.14,BULLISH,MEDIUM,High volume; Strong trend (ADX=39); Last surprise: +5.5%; Earnings conf adj: +1,6.0,-1.0,1.0,57,2026-10-28,5.52,1
2026-09-01T15:27:48,2026-09-01,SLV,HOLD,0,ADX Trend Following,HIGH,5,54.05,60.13,4.57,0.0,6.86,0.0,0.0,2026-09-14,1.74,2.94,66.7,5.08,43.69,97.65,-5.54,13.0,3,2026-05-14 to 2026-08-31 (75 days),-1.0,54.7,0.3839,55.63,65.07,BEARISH,MEDIUM,Strong trend (ADX=30),4.88,-1.0,1.0,-1,,,0
2026-09-01T15:25:29,2026-09-01,RCL,EXIT,-1,VWAP Trend,HIGH,6,53.73,268.74,4.4,280.56,3.13,260.33,8.65,2026-09-03,3.76,19.05,62.5,11.0,66.67,60.44,-1.51,2.4,8,2026-05-14 to 2026-08-31 (75 days),-1.0,27.2,0.2568,301.31,285.9,BULLISH,MEDIUM,RSI oversold; High volume; Price at statistical extreme; Strong trend (ADX=42); Last surprise: +5.8%; Earnings conf adj: +1; Size: Kelly 10.0% / VolTgt 7.3% / Blend 8.7%,7.3,-1.0,1.0,56,2026-10-27,5.78,1
2026-09-01T15:24:13,2026-09-01,CNC,HOLD,0,ADX Trend Following,HIGH,5,53.68,64.34,4.41,0.0,7.84,0.0,0.0,2026-09-08,0.88,1.3,100.0,49.49,16.16,-20.51,-7.03,7.5,4,2026-05-14 to 2026-08-31 (75 days),-1.0,47.6,0.3636,65.27,49.73,BULLISH,MEDIUM,High volume; Last surprise: +132.4%; Earnings conf adj: +1,5.16,-1.0,1.0,56,2026-10-27,132.41,1
2026-09-01T15:25:16,2026-09-01,NEM,BUY,1,VWAP Trend,HIGH,6,53.66,126.06,7.57,116.52,6.64,134.43,6.76,2026-09-03,2.13,4.14,63.6,2.26,67.27,34.76,-6.54,2.5,11,2026-05-14 to 2026-08-31 (75 days),0.365,61.4,0.5335,104.81,107.5,BEARISH,HIGH,High volume; Strong trend (ADX=49); Last surprise: +5.5%; Earnings conf adj: +1; Size: Kelly 10.0% / VolTgt 3.5% / Blend 6.8%,3.51,-1.0,1.0,51,2026-10-22,5.53,1
2026-09-01T15:25:46,2026-09-01,TSCO,HOLD,0,SMA Crossover (10/50),HIGH,4,53.43,34.9,4.3,0.0,6.45,0.0,0.0,2026-09-15,2.44,4.82,100.0,110.93,42.79,-23.91,-4.8,14.5,2,2026-05-14 to 2026-08-31 (75 days),-1.0,57.8,0.2815,32.18,41.66,BEARISH,MEDIUM,Strong trend (ADX=31); Last surprise: -15.9%; Earnings conf adj: -1,6.66,-1.0,1.0,51,2026-10-22,-15.85,-1
2026-09-01T15:27:10,2026-09-01,FLR,HOLD,0,SMA Crossover (10/50),HIGH,6,53.41,54.51,6.8,0.0,20.4,0.0,0.0,2026-09-27,1.58,3.04,100.0,210.04,93.96,8.81,-13.95,26.3,3,2026-05-14 to 2026-08-31 (75 days),-1.0,56.6,0.7722,51.68,47.6,BULLISH,HIGH,Last surprise: +30.0%; Earnings conf adj: +1,2.43,-1.0,1.0,66,2026-11-06,30.0,1
2026-09-01T15:24:54,2026-09-01,ISRG,HOLD,0,VWAP Trend,HIGH,4,53.33,376.86,4.17,0.0,6.25,0.0,0.0,2026-09-09,0.54,0.77,62.5,1.4,12.38,47.58,-8.67,8.9,8,2026-05-14 to 2026-08-31 (75 days),-1.0,48.3,0.3193,383.61,467.59,BEARISH,MEDIUM,Last surprise: +12.0%; Earnings conf adj: +1,5.87,-1.0,1.0,49,2026-10-20,12.0,1
2026-09-01T15:27:38,2026-09-01,BDC,EXIT,-1,VWAP Trend,HIGH,5,53.02,114.46,7.64,123.2,7.31,106.09,7.3,2026-09-06,3.23,9.35,100.0,171.59,72.09,57.5,-4.32,5.2,4,2026-05-14 to 2026-08-31 (75 days),-1.0,40.4,0.4069,117.08,119.39,BEARISH,HIGH,Strong trend (ADX=42); Size: Kelly 10.0% / VolTgt 4.6% / Blend 7.3%,4.61,-1.0,1.0,58,2026-10-29,,0
2026-09-01T15:24:16,2026-09-01,CPRT,HOLD,0,ADX Trend Following,MEDIUM,3,52.99,32.99,7.18,0.0,8.91,0.0,0.0,2026-09-08,1.84,4.86,75.0,4.22,45.58,41.99,-5.15,7.5,4,2026-05-14 to 2026-08-31 (75 days),-1.0,62.4,0.4133,29.83,34.62,BEARISH,HIGH,Strong trend (ADX=36); Earnings in 2d (2026-09-03); Last surprise: +4.9%; Earnings conf adj: -2,4.54,-1.0,1.0,2,2026-09-03,4.88,-2
2026-09-01T15:25:53,2026-09-01,VRT,HOLD,0,VWAP Trend,HIGH,6,52.97,258.72,9.74,0.0,4.97,0.0,0.0,2026-09-02,2.54,4.31,75.0,3.05,141.72,213.76,-11.35,1.9,8,2026-05-14 to 2026-08-31 (75 days),-1.0,43.0,0.4578,287.82,255.41,BULLISH,HIGH,Last surprise: +6.3%; Earnings conf adj: +1,4.1,-1.0,1.0,50,2026-10-21,6.29,1
2026-09-01T15:25:39,2026-09-01,STX,HOLD,0,VWAP Trend,HIGH,6,52.9,828.38,12.0,0.0,10.96,0.0,0.0,2026-09-05,1.96,4.56,60.0,4.97,94.96,84.34,-9.15,4.0,5,2026-05-14 to 2026-08-31 (75 days),-1.0,46.9,0.696,871.06,581.74,BULLISH,HIGH,Last surprise: +12.2%; Earnings conf adj: +1,2.69,-1.0,1.0,56,2026-10-27,12.18,1
2026-09-01T15:25:49,2026-09-01,UNH,BUY,1,VWAP Trend,HIGH,6,52.9,389.41,2.94,377.96,2.28,398.29,9.57,2026-09-03,2.02,5.64,66.7,4.33,18.51,24.73,-2.35,2.0,6,2026-05-14 to 2026-08-31 (75 days),0.806,40.1,0.205,412.6,347.61,BULLISH,MEDIUM,Strong trend (ADX=33); Last surprise: +29.7%; Earnings conf adj: +1; Size: Kelly 10.0% / VolTgt 9.2% / Blend 9.6%,9.15,-1.0,1.0,56,2026-10-27,29.67,1
2026-09-01T15:27:01,2026-09-01,NEU,BUY,1,VWAP Trend,HIGH,5,52.89,897.7,4.28,859.28,3.28,927.14,8.96,2026-09-04,2.84,11.06,71.4,9.94,82.97,-61.56,-2.43,3.1,7,2026-05-14 to 2026-08-31 (75 days),0.524,51.4,0.2364,840.7,726.62,BULLISH,MEDIUM,Strong trend (ADX=43); Last surprise: +2.2%; Size: Kelly 10.0% / VolTgt 7.9% / Blend 9.0%,7.93,-1.0,1.0,65,2026-11-05,2.19,0
2026-09-01T15:24:00,2026-09-01,BAX,HOLD,0,VWAP Trend,HIGH,6,52.74,26.0,3.8,0.0,6.23,0.0,0.0,2026-09-10,2.97,5.86,80.0,5.94,147.04,-118.87,-7.14,9.6,5,2026-05-14 to 2026-08-31 (75 days),-1.0,52.4,0.2555,24.3,20.18,BULLISH,MEDIUM,Last surprise: +51.4%; Earnings conf adj: +1,7.34,-1.0,1.0,58,2026-10-29,51.35,1
2026-09-01T15:27:37,2026-09-01,ALK,HOLD,0,Stochastic Oscillator,HIGH,5,52.3,41.33,7.84,0.0,11.76,0.0,0.0,2026-09-16,1.1,1.75,100.0,85.24,28.63,-2.6,-7.5,15.5,2,2026-05-14 to 2026-08-31 (75 days),-1.0,38.2,0.4398,47.24,45.89,BULLISH,HIGH,No special conditions,4.26,-1.0,1.0,51,2026-10-22,,0
2026-09-01T15:26:59,2026-09-01,ATR,HOLD,0,VWAP Trend,HIGH,6,51.94,131.62,2.23,0.0,2.84,0.0,0.0,2026-09-09,2.03,3.76,100.0,94.22,34.4,-12.46,-4.43,8.6,5,2026-05-14 to 2026-08-31 (75 days),-1.0,46.3,0.1228,130.47,125.5,BULLISH,LOW,Last surprise: +5.2%; Earnings conf adj: +1,10.0,-1.0,1.0,58,2026-10-29,5.19,1
2026-09-01T15:24:29,2026-09-01,EMR,HOLD,0,VWAP Trend,MEDIUM,2,51.9,152.44,3.31,0.0,3.25,0.0,0.0,2026-09-03,0.33,0.41,77.8,1.35,3.68,-40.68,-6.4,2.0,9,2026-05-14 to 2026-08-31 (75 days),-1.0,46.4,0.2915,148.66,141.31,BULLISH,MEDIUM,Last surprise: +1.8%,6.43,-1.0,1.0,64,2026-11-04,1.79,0
2026-09-01T15:25:50,2026-09-01,USB,BUY,1,VWAP Trend,HIGH,5,51.76,61.58,1.98,60.36,2.23,62.95,10.0,2026-09-04,2.85,6.26,80.0,12.53,28.12,-38.93,-2.15,3.4,5,2026-05-14 to 2026-08-31 (75 days),0.738,39.7,0.1533,62.78,55.71,BULLISH,LOW,Last surprise: +4.7%; Size: Kelly 10.0% / VolTgt 10.0% / Blend 10.0%,10.0,-1.0,1.0,44,2026-10-15,4.65,0
2026-09-01T15:25:12,2026-09-01,MPWR,HOLD,0,VWAP Trend,HIGH,6,51.66,1267.77,6.26,0.0,5.47,0.0,0.0,2026-09-04,2.06,3.79,80.0,6.56,109.98,165.8,-8.95,3.2,10,2026-05-14 to 2026-08-31 (75 days),-1.0,41.7,0.3886,1347.32,1241.96,BULLISH,MEDIUM,Last surprise: +10.5%; Earnings conf adj: +1,4.83,-1.0,1.0,58,2026-10-29,10.54,1
2026-09-01T15:25:09,2026-09-01,MDT,BUY,1,VWAP Trend,MEDIUM,2,51.65,90.65,3.1,87.84,4.65,94.87,9.29,2026-09-17,2.02,3.06,75.0,5.05,53.57,-26.41,-5.72,16.8,4,2026-05-14 to 2026-08-31 (75 days),0.687,55.0,0.2185,85.66,88.69,BEARISH,MEDIUM,EARNINGS TODAY (2026-09-01); Last surprise: +0.6%; Earnings conf adj: -3; Size: Kelly 10.0% / VolTgt 8.6% / Blend 9.3%,8.58,-1.0,1.0,0,2026-09-01,0.65,-3
2026-09-01T15:24:42,2026-09-01,GEN,BUY,1,VWAP Trend,HIGH,5,50.97,31.0,4.49,29.61,5.23,32.62,7.96,2026-09-05,4.33,23.73,87.5,17.47,172.3,-5.89,-2.42,4.4,8,2026-05-14 to 2026-08-31 (75 days),0.71,71.1,0.3164,27.05,24.3,BULLISH,MEDIUM,RSI overbought; Last surprise: +2.9%; Size: Kelly 10.0% / VolTgt 5.9% / Blend 8.0%,5.93,-1.0,1.0,65,2026-11-05,2.9,0
2026-09-01T15:25:01,2026-09-01,KVUE,BUY,1,VWAP Trend,HIGH,5,50.95,18.88,2.57,18.39,3.36,19.51,9.44,2026-09-05,2.31,3.87,66.7,3.74,34.21,-8.71,-3.88,4.1,12,2026-05-14 to 2026-08-31 (75 days),0.488,46.6,0.211,19.0,17.54,BULLISH,MEDIUM,Last surprise: -3.1%; Size: Kelly 10.0% / VolTgt 8.9% / Blend 9.4%,8.88,-1.0,1.0,65,2026-11-05,-3.13,0
2026-09-01T15:23:55,2026-09-01,AMT,HOLD,0,ADX Trend Following,HIGH,6,50.94,175.7,3.02,0.0,4.53,0.0,0.0,2026-09-10,2.18,4.21,60.0,10.38,56.33,41.92,-5.94,9.0,5,2026-05-14 to 2026-08-31 (75 days),-1.0,53.8,0.2441,171.05,175.38,BEARISH,MEDIUM,Last surprise: +20.6%; Earnings conf adj: +1,7.68,-1.0,1.0,56,2026-10-27,20.65,1
2026-09-01T15:27:00,2026-09-01,APPF,HOLD,0,VWAP Trend,HIGH,5,50.92,234.21,7.0,0.0,10.13,0.0,0.0,2026-09-10,2.44,3.84,66.7,2.44,153.59,-199.96,-17.56,9.7,9,2026-05-14 to 2026-08-31 (75 days),-1.0,73.9,0.4129,186.2,188.2,BEARISH,HIGH,RSI overbought; Strong trend (ADX=58); Last surprise: +1.2%,4.54,-1.0,1.0,58,2026-10-29,1.18,0
2026-09-01T15:26:44,2026-09-01,FLS,HOLD,0,VWAP Trend,HIGH,6,50.38,79.09,4.08,0.0,2.74,0.0,0.0,2026-09-02,2.12,5.53,66.7,3.38,43.55,-25.49,-5.34,1.8,6,2026-05-14 to 2026-08-31 (75 days),-1.0,52.3,0.2594,75.29,75.52,BEARISH,MEDIUM,Strong trend (ADX=31); Last surprise: +10.5%; Earnings conf adj: +1,7.23,-1.0,1.0,56,2026-10-27,10.47,1
2026-09-01T15:27:36,2026-09-01,GEF,BUY,1,VWAP Trend,HIGH,6,50.01,82.75,3.73,79.66,2.51,84.83,9.46,2026-09-03,2.87,8.51,85.7,7.52,40.82,-88.57,-2.9,2.3,7,2026-05-14 to 2026-08-31 (75 days),0.385,44.2,0.2104,80.55,70.44,BULLISH,MEDIUM,Price at statistical extreme; Last surprise: +45.0%; Earnings conf adj: +1; Size: Kelly 10.0% / VolTgt 8.9% / Blend 9.5%,8.91,-1.0,1.0,57,2026-10-28,45.05,1
2026-09-01T15:25:31,2026-09-01,REGN,BUY,1,VWAP Trend,HIGH,4,49.99,799.08,3.48,771.27,5.22,840.79,8.94,2026-09-12,0.83,1.33,66.7,1.97,16.56,-32.3,-6.27,11.5,6,2026-05-14 to 2026-08-31 (75 days),0.496,57.6,0.238,719.75,727.46,BEARISH,MEDIUM,Strong trend (ADX=46); Last surprise: +40.0%; Earnings conf adj: +1; Size: Kelly 10.0% / VolTgt 7.9% / Blend 8.9%,7.88,-1.0,1.0,57,2026-10-28,39.96,1
2026-09-01T15:27:41,2026-09-01,POST,HOLD,0,Stochastic Oscillator,MEDIUM,3,49.91,83.36,6.21,0.0,9.31,0.0,0.0,2026-10-11,0.64,0.92,100.0,44.54,15.33,66.32,-12.2,40.5,2,2026-05-14 to 2026-08-31 (75 days),-1.0,49.2,0.565,86.33,96.91,BEARISH,HIGH,No special conditions,3.32,-1.0,1.0,79,2026-11-19,,0
2026-09-01T15:26:00,2026-09-01,TWLO,HOLD,0,Stochastic Oscillator,HIGH,5,49.72,235.63,8.84,0.0,13.26,0.0,0.0,2026-09-17,2.71,14.32,100.0,411.21,238.75,158.02,-3.65,16.0,2,2026-05-14 to 2026-08-31 (75 days),-1.0,58.0,0.9888,211.92,161.09,BULLISH,HIGH,Last surprise: +11.4%; Earnings conf adj: +1,1.9,-1.0,1.0,58,2026-10-29,11.36,1
2026-09-01T15:27:13,2026-09-01,ENS,BUY,1,VWAP Trend,HIGH,5,49.71,183.86,7.03,170.93,5.08,193.2,7.47,2026-09-03,1.51,3.25,60.0,2.49,52.81,112.08,-9.19,2.9,10,2026-05-14 to 2026-08-31 (75 days),0.817,40.5,0.3792,199.12,185.05,BULLISH,MEDIUM,High volume; Last surprise: +29.3%; Earnings conf adj: +1; Size: Kelly 10.0% / VolTgt 4.9% / Blend 7.5%,4.94,-1.0,1.0,64,2026-11-04,29.33,1
2026-09-01T15:26:32,2026-09-01,ELAN,BUY,1,PEAD Earnings Drift,HIGH,5,49.69,23.92,6.29,22.42,18.87,28.43,6.7,2026-10-13,1.34,1.97,100.0,117.93,45.7,5.05,-7.45,42.0,2,2026-05-14 to 2026-08-31 (75 days),0.48,47.2,0.5514,24.59,23.68,BULLISH,HIGH,Last surprise: +25.9%; Earnings conf adj: +1; Size: Kelly 10.0% / VolTgt 3.4% / Blend 6.7%,3.4,-1.0,1.0,65,2026-11-05,25.93,1
2026-09-01T15:24:10,2026-09-01,CF,HOLD,0,EMA Crossover (9/21),MEDIUM,2,49.68,130.03,5.78,0.0,11.56,0.0,0.0,2026-09-15,0.83,1.34,100.0,57.19,19.54,-5.25,-10.21,14.7,3,2026-05-14 to 2026-08-31 (75 days),-1.0,63.2,0.3987,118.1,106.11,BULLISH,MEDIUM,Last surprise: -15.1%; Earnings conf adj: -1,4.7,-1.0,1.0,64,2026-11-04,-15.08,-1
2026-09-01T15:27:28,2026-09-01,SAIC,HOLD,0,ADX Trend Following,HIGH,5,49.66,128.22,5.47,0.0,8.27,0.0,0.0,2026-09-22,1.43,2.65,100.0,128.12,51.06,-154.67,-13.7,21.0,3,2026-05-14 to 2026-08-31 (75 days),-1.0,60.3,0.2291,118.27,102.69,BULLISH,MEDIUM,High volume; Strong trend (ADX=37); Last surprise: +30.3%; Earnings conf adj: +1,8.19,-1.0,1.0,-1,2026-08-31,30.3,1
2026-09-01T15:24:17,2026-09-01,CSCO,HOLD,0,ADX Trend Following,HIGH,4,49.3,110.49,5.69,0.0,7.8,0.0,0.0,2026-09-07,1.86,3.94,66.7,48.35,27.39,40.38,-2.68,6.0,3,2026-05-14 to 2026-08-31 (75 days),-1.0,42.8,0.4043,115.09,93.57,BULLISH,HIGH,Strong trend (ADX=36); Last surprise: +4.3%,4.64,-1.0,1.0,72,2026-11-12,4.27,0
2026-09-01T15:23:59,2026-09-01,AXON,HOLD,0,VWAP Trend,HIGH,4,49.28,566.56,10.41,0.0,14.21,0.0,0.0,2026-09-05,1.67,3.37,62.5,2.49,80.15,-182.24,-17.17,4.5,8,2026-05-14 to 2026-08-31 (75 days),-1.0,46.3,0.8507,560.14,506.29,BULLISH,HIGH,Last surprise: +2.2%,2.2,-1.0,1.0,63,2026-11-03,2.17,0
2026-09-01T15:24:58,2026-09-01,KEYS,HOLD,0,Stochastic Oscillator,HIGH,5,49.19,322.7,7.78,0.0,11.67,0.0,0.0,2026-09-19,1.54,3.0,100.0,103.61,37.57,69.67,-9.57,18.0,2,2026-05-14 to 2026-08-31 (75 days),-1.0,46.8,0.447,329.05,285.64,BULLISH,HIGH,Last surprise: +23.8%; Earnings conf adj: +1,4.19,-1.0,1.0,84,2026-11-24,23.79,1
2026-09-01T15:27:37,2026-09-01,TREX,HOLD,0,VWAP Trend,HIGH,4,48.82,45.58,5.0,0.0,6.02,0.0,0.0,2026-09-05,2.98,7.01,66.7,5.18,125.77,49.49,-6.46,4.6,9,2026-05-14 to 2026-08-31 (75 days),-1.0,43.7,0.3566,46.65,40.89,BULLISH,MEDIUM,No special conditions,5.26,-1.0,1.0,64,2026-11-04,,0
2026-09-01T15:25:22,2026-09-01,PEG,HOLD,0,ADX Trend Following,HIGH,5,48.81,73.33,1.76,0.0,2.64,0.0,0.0,2026-09-12,2.36,3.8,100.0,74.35,26.04,41.66,-3.96,11.0,3,2026-05-14 to 2026-08-31 (75 days),-1.0,35.9,0.1516,77.91,79.32,BEARISH,LOW,High volume; Strong trend (ADX=31); Last surprise: +7.5%; Earnings conf adj: +1,10.0,-1.0,1.0,62,2026-11-02,7.5,1
2026-09-01T15:25:34,2026-09-01,RVTY,HOLD,0,MACD Crossover,HIGH,5,48.66,128.67,4.23,0.0,7.1,0.0,0.0,2026-09-08,1.45,2.49,57.1,3.58,35.96,-132.13,-6.01,7.7,7,2026-05-14 to 2026-08-31 (75 days),-1.0,69.5,0.325,114.37,101.52,BULLISH,MEDIUM,Strong trend (ADX=45); Last surprise: +15.6%; Earnings conf adj: +1,5.77,-1.0,1.0,55,2026-10-26,15.57,1
2026-09-01T15:26:07,2026-09-01,WWD,BUY,1,VWAP Trend,HIGH,4,48.6,339.82,4.4,324.87,3.85,352.9,7.97,2026-09-03,3.05,9.34,75.0,5.65,54.04,75.47,-2.07,2.4,8,2026-05-14 to 2026-08-31 (75 days),0.702,36.4,0.3157,385.78,357.62,BULLISH,MEDIUM,Strong trend (ADX=31); Last surprise: +2.9%; Size: Kelly 10.0% / VolTgt 5.9% / Blend 8.0%,5.94,-1.0,1.0,83,2026-11-23,2.86,0
2026-09-01T15:27:12,2026-09-01,DUOL,HOLD,0,VWAP Trend,MEDIUM,3,48.49,148.36,9.95,0.0,15.06,0.0,0.0,2026-09-08,2.92,5.08,66.7,7.19,255.73,71.38,-10.74,7.4,9,2026-05-14 to 2026-08-31 (75 days),-1.0,59.5,0.7033,132.81,131.9,BULLISH,HIGH,Last surprise: -19.5%; Earnings conf adj: -1,2.67,-1.0,1.0,64,2026-11-04,-19.48,-1
2026-09-01T15:24:05,2026-09-01,BXP,HOLD,0,VWAP Trend,HIGH,5,48.32,67.99,3.68,0.0,4.54,0.0,0.0,2026-09-05,2.26,5.18,80.0,11.6,37.8,-30.57,-3.91,4.2,5,2026-05-14 to 2026-08-31 (75 days),-1.0,47.3,0.2815,68.33,62.61,BULLISH,MEDIUM,Last surprise: +16.3%; Earnings conf adj: +1,6.66,-1.0,1.0,56,2026-10-27,16.28,1
2026-09-01T15:27:45,2026-09-01,KD,HOLD,0,Stochastic Oscillator,HIGH,4,48.18,13.45,9.63,0.0,14.45,0.0,0.0,2026-09-20,2.45,4.37,100.0,238.41,112.94,22.39,-11.72,19.3,3,2026-05-14 to 2026-08-31 (75 days),-1.0,55.9,0.5311,12.55,16.41,BEARISH,HIGH,No special conditions,3.53,-1.0,1.0,63,2026-11-03,,0
2026-09-01T15:24:41,2026-09-01,GEV,BUY,1,VWAP Trend,MEDIUM,3,48.13,898.53,6.97,835.9,5.71,949.84,7.48,2026-09-04,1.67,2.76,71.4,4.96,59.0,107.2,-8.21,3.7,7,2026-05-14 to 2026-08-31 (75 days),0.734,35.5,0.3771,1027.43,878.47,BULLISH,MEDIUM,High volume; Last surprise: -22.3%; Earnings conf adj: -1; Size: Kelly 10.0% / VolTgt 5.0% / Blend 7.5%,4.97,-1.0,1.0,57,2026-10-28,-22.33,-1
2026-09-01T15:23:59,2026-09-01,AVY,BUY,1,VWAP Trend,HIGH,4,48.12,174.11,4.03,167.09,4.63,182.17,9.34,2026-09-08,0.93,1.58,60.0,2.19,21.24,-17.66,-7.86,7.4,10,2026-05-14 to 2026-08-31 (75 days),0.349,47.5,0.2162,169.03,171.91,BEARISH,MEDIUM,High volume; Strong trend (ADX=33); Last surprise: +17.0%; Earnings conf adj: +1; Size: Kelly 10.0% / VolTgt 8.7% / Blend 9.3%,8.67,-1.0,1.0,50,2026-10-21,17.0,1
2026-09-01T15:27:33,2026-09-01,BILL,HOLD,0,MACD Crossover,HIGH,5,47.99,49.23,6.93,0.0,12.24,0.0,0.0,2026-09-18,3.1,5.93,100.0,343.28,185.06,73.2,-8.68,17.7,3,2026-05-14 to 2026-08-31 (75 days),-1.0,57.7,0.3695,44.08,43.81,BULLISH,MEDIUM,Last surprise: +18.3%; Earnings conf adj: +1,5.07,-1.0,1.0,65,2026-11-05,18.31,1
2026-09-01T15:24:49,2026-09-01,HSIC,HOLD,0,ADX Trend Following,HIGH,4,47.88,89.8,2.24,0.0,6.91,0.0,0.0,2026-09-30,3.04,5.0,100.0,166.24,70.0,-36.18,-4.23,29.0,3,2026-05-14 to 2026-08-31 (75 days),-1.0,59.0,0.1629,86.75,78.73,BULLISH,LOW,Strong trend (ADX=38); Last surprise: +2.4%,10.0,-1.0,1.0,63,2026-11-03,2.42,0
2026-09-01T15:24:25,2026-09-01,DPZ,HOLD,0,Stochastic Oscillator,HIGH,4,47.83,342.06,4.85,0.0,7.27,0.0,0.0,2026-09-26,2.72,5.13,100.0,248.57,113.36,60.77,-5.1,25.3,3,2026-05-14 to 2026-08-31 (75 days),-1.0,50.3,0.3449,329.21,363.18,BEARISH,MEDIUM,High volume; Last surprise: -2.4%,5.44,-1.0,1.0,42,2026-10-13,-2.4,0
2026-09-01T15:25:32,2026-09-01,ROP,HOLD,0,VWAP Trend,HIGH,4,47.61,424.64,2.85,0.0,5.05,0.0,0.0,2026-09-12,3.57,6.85,62.5,23.96,180.73,10.56,-7.55,11.0,8,2026-05-14 to 2026-08-31 (75 days),-1.0,69.8,0.1934,376.98,375.37,BULLISH,LOW,Strong trend (ADX=45); Last surprise: +1.7%,9.7,-1.0,1.0,51,2026-10-22,1.7,0
2026-09-01T15:24:35,2026-09-01,FERG,HOLD,0,VWAP Trend,HIGH,4,47.48,224.51,4.08,0.0,3.24,0.0,0.0,2026-09-03,1.17,2.21,71.4,2.13,12.44,20.68,-4.02,2.0,7,2026-05-14 to 2026-08-31 (75 days),-1.0,36.7,0.2914,236.05,238.14,BEARISH,MEDIUM,Last surprise: +2.7%,6.44,-1.0,1.0,69,2026-11-09,2.73,0
2026-09-01T15:24:52,2026-09-01,INTU,HOLD,0,VWAP Trend,HIGH,5,47.41,359.3,8.86,0.0,10.51,0.0,0.0,2026-09-10,1.7,2.87,66.7,2.08,83.63,98.44,-22.2,9.3,9,2026-05-14 to 2026-08-31 (75 days),-1.0,60.5,0.4378,308.77,430.83,BEARISH,HIGH,Last surprise: +12.3%; Earnings conf adj: +1,4.28,-1.0,1.0,79,2026-11-19,12.26,1
2026-09-01T15:25:45,2026-09-01,TRGP,BUY,1,VWAP Trend,HIGH,5,47.36,293.65,6.16,275.56,5.22,308.98,7.28,2026-09-03,2.41,5.23,77.8,3.37,40.7,1.08,-5.17,2.6,9,2026-05-14 to 2026-08-31 (75 days),0.286,58.8,0.4111,275.05,233.72,BULLISH,HIGH,Last surprise: +14.4%; Earnings conf adj: +1; Size: Kelly 10.0% / VolTgt 4.6% / Blend 7.3%,4.56,-1.0,1.0,65,2026-11-05,14.44,1
2026-09-01T15:27:09,2026-09-01,AVT,EXIT,-1,ADX Trend Following,HIGH,5,47.14,89.56,8.01,96.73,14.16,76.88,7.06,2026-09-16,1.77,2.99,100.0,134.74,53.88,40.62,-7.26,15.7,3,2026-05-14 to 2026-08-31 (75 days),-1.0,48.2,0.4537,89.28,70.58,BULLISH,HIGH,Last surprise: +28.8%; Earnings conf adj: +1; Size: Kelly 10.0% / VolTgt 4.1% / Blend 7.1%,4.13,-1.0,1.0,57,2026-10-28,28.81,1
2026-09-01T15:24:50,2026-09-01,IBM,HOLD,0,Stochastic Oscillator,HIGH,4,47.11,233.87,3.81,0.0,5.71,0.0,0.0,2026-09-15,3.04,7.96,100.0,188.39,77.11,47.69,-3.63,14.5,2,2026-05-14 to 2026-08-31 (75 days),-1.0,49.1,0.2895,242.26,260.32,BEARISH,MEDIUM,Last surprise: +0.0%,6.48,-1.0,1.0,50,2026-10-21,0.0,0
2026-09-01T15:25:28,2026-09-01,PSX,HOLD,0,ADX Trend Following,HIGH,5,47.1,246.58,4.06,0.0,9.37,0.0,0.0,2026-09-15,3.96,7.59,80.0,11.81,157.06,-102.24,-4.58,14.0,5,2026-05-14 to 2026-08-31 (75 days),-1.0,72.1,0.3181,206.69,168.14,BULLISH,MEDIUM,RSI overbought; High volume; Strong trend (ADX=53); Last surprise: +25.5%; Earnings conf adj: +1,5.9,-1.0,1.0,58,2026-10-29,25.47,1
2026-09-01T15:24:12,2026-09-01,CMG,HOLD,0,Stochastic Oscillator,HIGH,4,47.03,38.03,6.16,0.0,9.24,0.0,0.0,2026-09-23,4.25,7.51,100.0,348.87,190.89,112.58,-6.69,22.5,2,2026-05-14 to 2026-08-31 (75 days),-1.0,64.3,0.4944,34.37,34.72,BEARISH,HIGH,Strong trend (ADX=37); Last surprise: +3.1%,3.79,-1.0,1.0,64,2026-11-04,3.13,0
2026-09-01T15:26:12,2026-09-01,LSCC,HOLD,0,VWAP Trend,HIGH,4,46.98,115.34,9.38,0.0,5.38,0.0,0.0,2026-09-02,0.79,1.38,62.5,1.59,18.73,42.38,-10.8,1.4,8,2026-05-14 to 2026-08-31 (75 days),-1.0,40.7,0.577,130.16,107.01,BULLISH,HIGH,Last surprise: +17.8%; Earnings conf adj: +1,3.25,-1.0,1.0,62,2026-11-02,17.78,1
2026-09-01T15:24:44,2026-09-01,GPC,HOLD,0,VWAP Trend,HIGH,4,46.85,135.67,3.18,0.0,3.89,0.0,0.0,2026-09-05,3.08,9.75,77.8,23.5,138.04,-85.06,-6.54,4.7,9,2026-05-14 to 2026-08-31 (75 days),-1.0,57.3,0.2276,127.04,118.23,BULLISH,MEDIUM,Last surprise: +3.4%,8.24,-1.0,1.0,49,2026-10-20,3.37,0
2026-09-01T15:26:37,2026-09-01,GMED,HOLD,0,ADX Trend Following,HIGH,5,46.56,81.37,3.99,0.0,5.99,0.0,0.0,2026-09-22,1.62,2.64,100.0,138.37,56.23,36.66,-8.6,21.7,3,2026-05-14 to 2026-08-31 (75 days),-1.0,45.2,0.2904,81.15,85.99,BEARISH,MEDIUM,Last surprise: +21.8%; Earnings conf adj: +1,6.46,-1.0,1.0,65,2026-11-05,21.82,1
2026-09-01T15:26:33,2026-09-01,EHC,HOLD,0,VWAP Trend,HIGH,4,46.5,120.21,3.95,0.0,11.85,0.0,0.0,2026-09-12,2.5,7.85,60.0,9.04,97.54,49.35,-4.77,11.2,5,2026-05-14 to 2026-08-31 (75 days),-1.0,55.4,0.4686,113.49,106.78,BULLISH,HIGH,Last surprise: +4.7%,4.0,-1.0,1.0,57,2026-10-28,4.73,0
2026-09-01T15:23:56,2026-09-01,ANET,BUY,1,PEAD Earnings Drift,HIGH,5,46.41,195.69,7.68,180.66,23.04,240.78,6.88,2026-10-23,2.25,3.65,100.0,377.11,204.16,44.14,-15.51,52.5,2,2026-05-14 to 2026-08-31 (75 days),0.345,54.8,0.499,181.0,150.76,BULLISH,HIGH,Last surprise: +14.6%; Earnings conf adj: +1; Size: Kelly 10.0% / VolTgt 3.8% / Blend 6.9%,3.76,-1.0,1.0,63,2026-11-03,14.61,1
2026-09-01T15:24:26,2026-09-01,DXCM,HOLD,0,VWAP Trend,HIGH,5,46.29,91.06,3.83,0.0,5.17,0.0,0.0,2026-09-05,2.97,7.73,75.0,13.92,155.34,-214.25,-5.52,4.8,8,2026-05-14 to 2026-08-31 (75 days),-1.0,64.0,0.2997,79.6,70.29,BULLISH,MEDIUM,Last surprise: +14.8%; Earnings conf adj: +1,6.26,-1.0,1.0,58,2026-10-29,14.75,1
2026-09-01T15:23:50,2026-09-01,ACGL,HOLD,0,Stochastic Oscillator,HIGH,4,45.78,98.07,2.09,0.0,3.13,0.0,0.0,2026-09-20,2.71,5.47,100.0,96.25,32.99,15.17,-1.73,19.0,2,2026-05-14 to 2026-08-31 (75 days),-1.0,44.6,0.1446,99.67,95.97,BULLISH,LOW,High volume; Last surprise: +4.1%,10.0,-1.0,1.0,55,2026-10-26,4.07,0
2026-09-01T15:27:05,2026-09-01,AXTA,EXIT,-1,VWAP Trend,HIGH,5,45.63,36.42,3.39,37.65,3.08,35.3,8.38,2026-09-03,2.25,5.69,55.6,4.01,28.39,-111.72,-2.31,2.0,9,2026-05-14 to 2026-08-31 (75 days),-1.0,53.4,0.2768,34.97,31.7,BULLISH,MEDIUM,Last surprise: +10.8%; Earnings conf adj: +1; Size: Kelly 10.0% / VolTgt 6.8% / Blend 8.4%,6.77,-1.0,1.0,57,2026-10-28,10.77,1
2026-09-01T15:25:04,2026-09-01,LMT,HOLD,0,VWAP Trend,HIGH,5,45.57,561.23,3.54,0.0,3.83,0.0,0.0,2026-09-04,2.59,7.95,66.7,7.37,21.7,-10.53,-1.05,3.2,6,2026-05-14 to 2026-08-31 (75 days),-1.0,45.6,0.2718,552.12,551.73,BULLISH,MEDIUM,Strong trend (ADX=37); Last surprise: +10.3%; Earnings conf adj: +1,6.9,-1.0,1.0,49,2026-10-20,10.28,1
2026-09-01T15:27:20,2026-09-01,HLNE,HOLD,0,ADX Trend Following,HIGH,5,45.56,108.82,6.49,0.0,9.73,0.0,0.0,2026-09-11,1.43,2.25,71.4,2.08,57.34,-57.23,-18.25,10.0,7,2026-05-14 to 2026-08-31 (75 days),-1.0,67.1,0.4278,91.0,106.07,BEARISH,HIGH,Strong trend (ADX=42); Last surprise: +22.0%; Earnings conf adj: +1,4.38,-1.0,1.0,63,2026-11-03,22.01,1
2026-09-01T15:27:11,2026-09-01,WFRD,HOLD,0,VWAP Trend,MEDIUM,3,45.52,97.77,6.74,0.0,5.58,0.0,0.0,2026-09-04,1.72,3.73,62.5,2.32,39.56,70.17,-9.27,3.0,8,2026-05-14 to 2026-08-31 (75 days),-1.0,65.1,0.4094,86.75,91.39,BEARISH,HIGH,High volume; Price at statistical extreme; Last surprise: -32.2%; Earnings conf adj: -1,4.58,-1.0,1.0,49,2026-10-20,-32.22,-1
2026-09-01T15:24:45,2026-09-01,HAL,HOLD,0,ADX Trend Following,HIGH,4,45.51,36.85,4.36,0.0,6.54,0.0,0.0,2026-09-08,1.02,1.42,66.7,86.36,15.85,46.98,-8.73,7.0,3,2026-05-14 to 2026-08-31 (75 days),-1.0,64.3,0.357,33.89,34.43,BEARISH,MEDIUM,High volume; Last surprise: +1.9%,5.25,-1.0,1.0,49,2026-10-20,1.85,0
2026-09-01T15:25:42,2026-09-01,TDY,HOLD,0,VWAP Trend,HIGH,5,45.51,612.95,3.33,0.0,2.34,0.0,0.0,2026-09-03,1.82,3.95,62.5,4.19,25.82,38.83,-3.88,2.2,8,2026-05-14 to 2026-08-31 (75 days),-1.0,33.1,0.2004,647.22,611.8,BULLISH,MEDIUM,Strong trend (ADX=46); Last surprise: +8.5%; Earnings conf adj: +1,9.36,-1.0,1.0,50,2026-10-21,8.46,1
2026-09-01T15:26:49,2026-09-01,OGE,HOLD,0,VWAP Trend,HIGH,4,45.5,45.63,2.02,0.0,1.39,0.0,0.0,2026-09-02,2.54,6.33,77.8,4.02,21.44,31.69,-1.44,1.4,9,2026-05-14 to 2026-08-31 (75 days),-1.0,37.4,0.149,47.78,45.91,BULLISH,LOW,Last surprise: +1.8%,10.0,-1.0,1.0,57,2026-10-28,1.82,0
2026-09-01T15:27:40,2026-09-01,AVNT,HOLD,0,MACD Crossover,HIGH,4,45.36,44.06,5.56,0.0,16.68,0.0,0.0,2026-09-16,1.52,2.9,75.0,4.52,65.68,-64.31,-8.13,15.5,4,2026-05-14 to 2026-08-31 (75 days),-1.0,57.7,0.5589,39.72,36.0,BULLISH,HIGH,No special conditions,3.35,-1.0,1.0,69,2026-11-09,,0
2026-09-01T15:26:14,2026-09-01,DT,HOLD,0,MACD Crossover,HIGH,5,45.29,54.59,7.04,0.0,16.04,0.0,0.0,2026-09-16,1.24,2.34,100.0,123.15,47.84,-224.06,-10.41,15.0,4,2026-05-14 to 2026-08-31 (75 days),-1.0,72.1,0.5259,46.16,41.4,BULLISH,HIGH,RSI overbought; Price at statistical extreme; Last surprise: +9.1%; Earnings conf adj: +1,3.57,-1.0,1.0,64,2026-11-04,9.09,1
2026-09-01T15:26:08,2026-09-01,DINO,EXIT,-1,Stochastic Oscillator,HIGH,5,45.27,101.61,7.24,108.97,10.86,90.58,7.12,2026-09-11,4.39,12.49,100.0,268.38,128.17,-158.89,-3.41,10.7,3,2026-05-14 to 2026-08-31 (75 days),-1.0,69.4,0.443,84.79,63.84,BULLISH,HIGH,High volume; Strong trend (ADX=45); Last surprise: +18.3%; Earnings conf adj: +1; Size: Kelly 10.0% / VolTgt 4.2% / Blend 7.1%,4.23,-1.0,1.0,58,2026-10-29,18.26,1
2026-09-01T15:25:11,2026-09-01,MOS,HOLD,0,Stochastic Oscillator,MEDIUM,3,45.26,24.12,8.43,0.0,12.64,0.0,0.0,2026-10-01,2.74,5.41,100.0,246.07,117.48,89.84,-9.93,30.5,2,2026-05-14 to 2026-08-31 (75 days),-1.0,59.0,0.4247,22.41,24.25,BEARISH,HIGH,Strong trend (ADX=36); Last surprise: -7.1%; Earnings conf adj: -1,4.42,-1.0,1.0,63,2026-11-03,-7.14,-1
2026-09-01T15:25:48,2026-09-01,TYL,HOLD,0,VWAP Trend,HIGH,4,45.23,372.22,5.51,0.0,8.27,0.0,0.0,2026-09-11,3.33,5.81,62.5,7.89,238.41,127.76,-11.55,10.8,8,2026-05-14 to 2026-08-31 (75 days),-1.0,68.6,0.3484,317.8,359.42,BEARISH,MEDIUM,High volume; Strong trend (ADX=47); Last surprise: +0.3%,5.38,-1.0,1.0,57,2026-10-28,0.33,0
2026-09-01T15:26:04,2026-09-01,USFD,HOLD,0,Stochastic Oscillator,HIGH,5,45.21,104.84,3.58,0.0,5.37,0.0,0.0,2026-09-23,4.17,12.42,100.0,256.5,118.18,5.14,-3.23,22.5,2,2026-05-14 to 2026-08-31 (75 days),-1.0,47.5,0.2861,102.5,89.7,BULLISH,MEDIUM,Last surprise: +5.9%; Earnings conf adj: +1,6.55,-1.0,1.0,65,2026-11-05,5.88,1
2026-09-01T15:25:15,2026-09-01,MTD,BUY,1,VWAP Trend,HIGH,5,45.19,1405.14,2.82,1365.52,2.52,1440.55,10.0,2026-09-06,1.15,2.14,75.0,2.2,20.52,-156.38,-5.2,5.5,8,2026-05-14 to 2026-08-31 (75 days),0.325,55.4,0.1363,1347.04,1320.51,BULLISH,LOW,Last surprise: +6.1%; Earnings conf adj: +1; Size: Kelly 10.0% / VolTgt 10.0% / Blend 10.0%,10.0,-1.0,1.0,65,2026-11-05,6.11,1
2026-09-01T15:24:27,2026-09-01,ECL,HOLD,0,Stochastic Oscillator,HIGH,4,45.18,283.2,2.32,0.0,3.48,0.0,0.0,2026-09-30,3.41,6.63,100.0,202.74,87.53,30.83,-4.61,29.0,2,2026-05-14 to 2026-08-31 (75 days),-1.0,52.3,0.185,278.35,271.52,BULLISH,LOW,Last surprise: +0.5%,10.0,-1.0,1.0,56,2026-10-27,0.48,0
2026-09-01T15:27:30,2026-09-01,FBIN,HOLD,0,VWAP Trend,HIGH,5,45.1,44.33,5.16,0.0,9.13,0.0,0.0,2026-09-10,3.26,8.2,83.3,27.67,253.93,144.77,-7.67,9.3,6,2026-05-14 to 2026-08-31 (75 days),-1.0,39.3,0.3803,48.62,46.77,BULLISH,MEDIUM,Strong trend (ADX=30); Last surprise: +64.6%; Earnings conf adj: +1,4.93,-1.0,1.0,72,2026-11-12,64.63,1
2026-09-01T15:26:03,2026-09-01,XPO,HOLD,0,Stochastic Oscillator,MEDIUM,3,45.01,193.99,4.74,0.0,7.11,0.0,0.0,2026-10-02,0.38,0.63,100.0,25.99,6.6,24.49,-10.46,31.5,2,2026-05-14 to 2026-08-31 (75 days),-1.0,42.5,0.3254,203.69,187.83,BULLISH,MEDIUM,High volume; Strong trend (ADX=42); Last surprise: +15.6%; Earnings conf adj: +1,5.76,-1.0,1.0,58,2026-10-29,15.65,1
2026-09-01T15:25:46,2026-09-01,TSLA,HOLD,0,EMA Crossover (9/21),MEDIUM,3,44.97,367.95,7.34,0.0,6.64,0.0,0.0,2026-09-05,1.67,3.94,75.0,4.33,35.46,82.44,-4.0,4.2,4,2026-05-14 to 2026-08-31 (75 days),-1.0,58.7,0.4114,359.82,400.57,BEARISH,HIGH,High volume; Price at statistical extreme; Strong trend (ADX=38); Last surprise: -38.9%; Earnings conf adj: -1,4.56,-1.0,1.0,50,2026-10-21,-38.89,-1
2026-09-01T15:24:34,2026-09-01,FCX,HOLD,0,EMA Crossover (9/21),HIGH,5,44.67,75.74,7.33,0.0,17.33,0.0,0.0,2026-09-22,1.76,2.79,66.7,12.1,93.05,33.08,-15.43,21.0,3,2026-05-14 to 2026-08-31 (75 days),-1.0,61.3,0.4803,65.72,60.08,BULLISH,HIGH,Strong trend (ADX=39); Last surprise: +19.4%; Earnings conf adj: +1,3.9,-1.0,1.0,51,2026-10-22,19.35,1
2026-09-01T15:24:01,2026-09-01,BEN,HOLD,0,EMA Crossover (9/21),HIGH,4,44.47,34.15,2.16,0.0,5.61,0.0,0.0,2026-09-17,0.8,1.32,100.0,30.65,9.75,-14.66,-6.74,16.0,2,2026-05-14 to 2026-08-31 (75 days),-1.0,51.3,0.178,33.65,27.89,BULLISH,LOW,Strong trend (ADX=35); Last surprise: +9.1%; Earnings conf adj: +1,10.0,-1.0,1.0,66,2026-11-06,9.09,1
2026-09-01T15:24:16,2026-09-01,CRL,HOLD,0,MACD Crossover,HIGH,5,44.41,288.24,6.5,0.0,17.38,0.0,0.0,2026-09-23,2.8,5.0,100.0,204.82,93.58,-562.72,-4.37,22.7,3,2026-05-14 to 2026-08-31 (75 days),-1.0,64.3,0.4633,247.17,197.73,BULLISH,HIGH,Strong trend (ADX=50); Last surprise: +10.2%; Earnings conf adj: +1,4.05,-1.0,1.0,64,2026-11-04,10.22,1
2026-09-01T15:25:54,2026-09-01,WBD,HOLD,0,Stochastic Oscillator,HIGH,5,44.37,28.53,1.61,0.0,2.42,0.0,0.0,2026-09-15,2.87,6.41,100.0,101.4,36.4,17.56,-3.55,14.5,2,2026-05-14 to 2026-08-31 (75 days),-1.0,62.9,0.1506,26.99,27.18,BEARISH,LOW,Strong trend (ADX=50); Last surprise: +154.5%; Earnings conf adj: +1,10.0,-1.0,1.0,65,2026-11-05,154.55,1
2026-09-01T15:26:01,2026-09-01,FTI,HOLD,0,Stochastic Oscillator,HIGH,5,44.29,78.15,4.52,0.0,6.78,0.0,0.0,2026-09-16,2.83,4.88,100.0,161.32,65.23,38.6,-4.7,15.0,2,2026-05-14 to 2026-08-31 (75 days),-1.0,60.6,0.3134,72.24,63.59,BULLISH,MEDIUM,Last surprise: +13.7%; Earnings conf adj: +1,5.98,-1.0,1.0,51,2026-10-22,13.75,1
2026-09-01T15:25:01,2026-09-01,LDOS,HOLD,0,ADX Trend Following,HIGH,5,44.28,140.21,5.1,0.0,7.65,0.0,0.0,2026-09-14,2.4,4.37,66.7,16.62,63.85,16.43,-8.04,13.3,3,2026-05-14 to 2026-08-31 (75 days),-1.0,61.1,0.4937,120.51,153.61,BEARISH,HIGH,Strong trend (ADX=40); Last surprise: +12.0%; Earnings conf adj: +1,3.8,-1.0,1.0,63,2026-11-03,12.03,1
2026-09-01T15:24:34,2026-09-01,FANG,HOLD,0,Stochastic Oscillator,HIGH,5,44.2,200.48,3.93,0.0,5.9,0.0,0.0,2026-09-22,2.31,4.91,100.0,151.46,58.13,55.86,-8.49,21.0,2,2026-05-14 to 2026-08-31 (75 days),-1.0,51.2,0.3443,193.05,177.91,BULLISH,MEDIUM,High volume; Last surprise: +8.4%; Earnings conf adj: +1,5.45,-1.0,1.0,62,2026-11-02,8.36,1
2026-09-01T15:25:42,2026-09-01,TER,HOLD,0,VWAP Trend,HIGH,5,44.12,349.83,12.0,0.0,8.56,0.0,0.0,2026-09-03,2.65,6.98,57.1,4.25,170.87,177.02,-8.71,2.3,7,2026-05-14 to 2026-08-31 (75 days),-1.0,42.6,0.7172,380.0,312.76,BULLISH,HIGH,Last surprise: +20.5%; Earnings conf adj: +1,2.61,-1.0,1.0,50,2026-10-21,20.49,1
2026-09-01T15:25:00,2026-09-01,KO,HOLD,0,Stochastic Oscillator,HIGH,4,44.1,88.67,1.87,0.0,2.81,0.0,0.0,2026-09-09,3.01,10.55,100.0,139.07,52.69,10.33,-2.79,8.5,2,2026-05-14 to 2026-08-31 (75 days),-1.0,53.4,0.1488,85.42,77.51,BULLISH,LOW,High volume; Last surprise: +4.3%,10.0,-1.0,1.0,49,2026-10-20,4.3,0
2026-09-01T15:27:48,2026-09-01,USO,HOLD,0,Stochastic Oscillator,HIGH,4,43.96,133.7,5.17,0.0,7.75,0.0,0.0,2026-09-23,2.4,4.84,100.0,211.89,93.84,114.31,-10.65,22.0,2,2026-05-14 to 2026-08-31 (75 days),-1.0,58.5,0.4351,121.35,106.07,BULLISH,HIGH,No special conditions,4.31,-1.0,1.0,-1,,,0
2026-09-01T15:24:59,2026-09-01,KHC,BUY,1,PEAD Earnings Drift,HIGH,5,43.86,25.67,3.68,24.73,11.04,28.5,8.0,2026-10-16,1.19,1.85,100.0,98.23,37.44,-10.2,-9.68,45.0,2,2026-05-14 to 2026-08-31 (75 days),0.194,53.0,0.3128,25.2,23.55,BULLISH,MEDIUM,Last surprise: +5.7%; Earnings conf adj: +1; Size: Kelly 10.0% / VolTgt 6.0% / Blend 8.0%,5.99,-1.0,1.0,57,2026-10-28,5.66,1
2026-09-01T15:24:55,2026-09-01,ITW,HOLD,0,MACD Crossover,HIGH,4,43.78,275.37,2.07,0.0,4.95,0.0,0.0,2026-09-18,2.38,4.14,75.0,16.27,52.75,12.36,-3.88,17.0,4,2026-05-14 to 2026-08-31 (75 days),-1.0,38.7,0.1523,279.65,264.11,BULLISH,LOW,Last surprise: +1.4%,10.0,-1.0,1.0,52,2026-10-23,1.43,0
2026-09-01T15:25:18,2026-09-01,NVDA,HOLD,0,Stochastic Oscillator,HIGH,5,43.61,220.78,6.17,0.0,9.25,0.0,0.0,2026-09-25,1.62,2.76,100.0,121.66,44.66,64.35,-9.38,24.5,2,2026-05-14 to 2026-08-31 (75 days),-1.0,54.6,0.4625,208.62,195.8,BULLISH,HIGH,Last surprise: +6.2%; Earnings conf adj: +1,4.05,-1.0,1.0,77,2026-11-17,6.22,1
2026-09-01T15:26:04,2026-09-01,RGLD,HOLD,0,ADX Trend Following,HIGH,4,43.57,261.47,6.25,0.0,9.38,0.0,0.0,2026-09-20,3.56,7.88,66.7,24.02,173.07,139.18,-5.98,19.3,3,2026-05-14 to 2026-08-31 (75 days),-1.0,69.1,0.4164,216.13,234.42,BEARISH,HIGH,Strong trend (ADX=57); Last surprise: +0.8%,4.5,-1.0,1.0,64,2026-11-04,0.79,0
2026-09-01T15:26:43,2026-09-01,RGEN,HOLD,0,ADX Trend Following,HIGH,5,43.56,180.98,5.54,0.0,13.09,0.0,0.0,2026-09-23,3.58,6.69,100.0,455.19,311.54,-261.71,-13.54,22.5,4,2026-05-14 to 2026-08-31 (75 days),-1.0,68.4,0.3504,152.76,141.62,BULLISH,MEDIUM,Strong trend (ADX=74); Last surprise: +20.0%; Earnings conf adj: +1,5.35,-1.0,1.0,63,2026-11-03,20.0,1
2026-09-01T15:24:16,2026-09-01,CPAY,HOLD,0,ADX Trend Following,HIGH,5,43.51,404.3,3.42,0.0,7.57,0.0,0.0,2026-09-15,2.55,4.95,100.0,122.75,48.13,-53.26,-5.07,14.7,3,2026-05-14 to 2026-08-31 (75 days),-1.0,54.3,0.2509,378.41,334.27,BULLISH,MEDIUM,Strong trend (ADX=32); Last surprise: +6.4%; Earnings conf adj: +1,7.47,-1.0,1.0,64,2026-11-04,6.38,1
2026-09-01T15:23:53,2026-09-01,ALGN,HOLD,0,ADX Trend Following,HIGH,4,43.42,159.79,5.18,0.0,7.03,0.0,0.0,2026-09-07,1.54,2.61,100.0,78.35,28.46,30.02,-4.27,6.5,2,2026-05-14 to 2026-08-31 (75 days),-1.0,40.6,0.35,172.52,170.14,BULLISH,MEDIUM,High volume; Strong trend (ADX=35); Last surprise: +1.5%,5.36,-1.0,1.0,57,2026-10-28,1.54,0
2026-09-01T15:26:20,2026-09-01,CSL,HOLD,0,Stochastic Oscillator,HIGH,5,43.34,346.58,4.76,0.0,7.14,0.0,0.0,2026-10-05,2.47,4.42,100.0,277.31,137.79,136.8,-8.55,34.0,2,2026-05-14 to 2026-08-31 (75 days),-1.0,41.7,0.303,357.82,348.54,BULLISH,MEDIUM,High volume; Last surprise: +10.7%; Earnings conf adj: +1,6.19,-1.0,1.0,57,2026-10-28,10.71,1
2026-09-01T15:25:49,2026-09-01,UNP,HOLD,0,Stochastic Oscillator,HIGH,5,43.27,300.67,2.31,0.0,3.46,0.0,0.0,2026-09-30,2.73,4.65,100.0,134.25,51.41,3.36,-5.8,29.0,2,2026-05-14 to 2026-08-31 (75 days),-1.0,51.9,0.1686,291.32,257.52,BULLISH,LOW,High volume; Strong trend (ADX=31); Last surprise: +5.2%; Earnings conf adj: +1,10.0,-1.0,1.0,51,2026-10-22,5.25,1
2026-09-01T15:26:05,2026-09-01,THC,HOLD,0,VWAP Trend,HIGH,5,43.23,265.91,4.25,0.0,5.6,0.0,0.0,2026-09-07,3.42,7.4,66.7,6.6,162.53,-7.88,-5.99,6.5,6,2026-05-14 to 2026-08-31 (75 days),-1.0,58.3,0.2788,231.16,206.89,BULLISH,MEDIUM,Strong trend (ADX=34); Last surprise: +43.7%; Earnings conf adj: +1,6.72,-1.0,1.0,56,2026-10-27,43.66,1
2026-09-01T15:27:26,2026-09-01,GXO,HOLD,0,Stochastic Oscillator,HIGH,4,43.22,47.73,5.14,0.0,7.71,0.0,0.0,2026-10-04,1.77,2.83,100.0,144.1,57.91,72.08,-5.83,33.5,2,2026-05-14 to 2026-08-31 (75 days),-1.0,46.8,0.4346,49.9,53.0,BEARISH,HIGH,Strong trend (ADX=31); Last surprise: +1.7%,4.31,-1.0,1.0,63,2026-11-03,1.72,0
2026-09-01T15:26:08,2026-09-01,OVV,HOLD,0,ADX Trend Following,MEDIUM,3,43.15,65.65,3.74,0.0,7.48,0.0,0.0,2026-09-15,1.68,2.75,100.0,123.09,47.28,-5.25,-8.19,14.7,3,2026-05-14 to 2026-08-31 (75 days),-1.0,60.7,0.3783,59.57,51.84,BULLISH,MEDIUM,Last surprise: -10.3%; Earnings conf adj: -1,4.96,-1.0,1.0,64,2026-11-04,-10.31,-1
2026-09-01T15:25:16,2026-09-01,NFLX,HOLD,0,ADX Trend Following,LOW,1,43.12,81.05,4.0,0.0,6.0,0.0,0.0,2026-09-14,0.45,0.72,66.7,1.33,5.96,27.21,-8.8,13.3,3,2026-05-14 to 2026-08-31 (75 days),-1.0,60.3,0.3275,74.72,87.52,BEARISH,MEDIUM,Strong trend (ADX=32); Last surprise: +1.3%,5.73,-1.0,1.0,49,2026-10-20,1.27,0
2026-09-01T15:26:00,2026-09-01,P,HOLD,0,Stochastic Oscillator,HIGH,5,43.1,92.95,12.0,0.0,18.0,0.0,0.0,2026-09-22,2.61,5.06,100.0,315.11,161.47,119.15,-10.23,21.5,2,2026-05-14 to 2026-08-31 (75 days),-1.0,45.9,0.8264,85.96,75.16,BULLISH,HIGH,Strong trend (ADX=36); Last surprise: +20.7%; Earnings conf adj: +1,2.27,-1.0,1.0,-6,2026-08-26,20.69,1
2026-09-01T15:26:27,2026-09-01,TXRH,HOLD,0,VWAP Trend,HIGH,4,43.09,195.6,2.87,0.0,3.64,0.0,0.0,2026-09-06,2.95,7.63,75.0,25.73,37.88,-4.55,-2.45,5.5,4,2026-05-14 to 2026-08-31 (75 days),-1.0,39.9,0.1973,198.22,178.46,BULLISH,LOW,Price at statistical extreme; Last surprise: +1.1%,9.5,-1.0,1.0,65,2026-11-05,1.09,0
2026-09-01T15:25:15,2026-09-01,NDSN,HOLD,0,Stochastic Oscillator,HIGH,5,42.96,321.72,3.59,0.0,5.38,0.0,0.0,2026-10-07,2.84,4.79,100.0,178.45,73.4,11.92,-3.98,36.0,2,2026-05-14 to 2026-08-31 (75 days),-1.0,56.9,0.3308,303.27,276.48,BULLISH,MEDIUM,Strong trend (ADX=48); Last surprise: +5.2%; Earnings conf adj: +1,5.67,-1.0,1.0,-13,2026-08-19,5.18,1
2026-09-01T15:24:32,2026-09-01,ETR,BUY,1,VWAP Trend,MEDIUM,3,42.89,106.31,2.17,104.0,2.0,108.44,10.0,2026-09-03,0.52,0.69,80.0,2.28,2.96,19.81,-2.47,2.4,5,2026-05-14 to 2026-08-31 (75 days),0.512,44.1,0.1643,110.37,104.19,BULLISH,LOW,Last surprise: +2.0%; Size: Kelly 10.0% / VolTgt 10.0% / Blend 10.0%,10.0,-1.0,1.0,58,2026-10-29,1.98,0
2026-09-01T15:24:50,2026-09-01,HUM,HOLD,0,ADX Trend Following,HIGH,4,42.82,383.23,4.56,0.0,3.12,0.0,0.0,2026-09-02,0.51,0.84,100.0,16.71,4.77,-123.77,-3.53,1.5,2,2026-05-14 to 2026-08-31 (75 days),-1.0,50.3,0.3239,385.35,275.36,BULLISH,MEDIUM,Last surprise: +8.7%; Earnings conf adj: +1,5.79,-1.0,1.0,66,2026-11-06,8.71,1
2026-09-01T15:25:34,2026-09-01,SCHW,EXIT,-1,VWAP Trend,HIGH,4,42.78,109.82,2.47,112.53,3.21,106.29,9.76,2026-09-05,2.9,5.63,57.1,9.75,40.07,-63.12,-2.97,4.3,7,2026-05-14 to 2026-08-31 (75 days),-1.0,56.1,0.1969,103.45,96.57,BULLISH,LOW,Strong trend (ADX=41); Last surprise: +4.5%; Size: Kelly 10.0% / VolTgt 9.5% / Blend 9.8%,9.52,-1.0,1.0,44,2026-10-15,4.52,0
2026-09-01T15:25:10,2026-09-01,MGM,HOLD,0,VWAP Trend,HIGH,4,42.73,41.36,2.55,0.0,3.89,0.0,0.0,2026-09-06,1.32,4.26,100.0,119.86,45.7,-3.02,-5.76,5.3,3,2026-05-14 to 2026-08-31 (75 days),-1.0,27.7,0.2146,45.42,39.42,BULLISH,MEDIUM,RSI oversold; Price at statistical extreme; Strong trend (ADX=33); Last surprise: +1.7%,8.74,-1.0,1.0,57,2026-10-28,1.72,0
2026-09-01T15:24:46,2026-09-01,HAS,HOLD,0,ADX Trend Following,HIGH,5,42.7,94.1,3.29,0.0,4.94,0.0,0.0,2026-09-11,2.18,6.33,66.7,320.18,61.1,61.34,-5.38,10.3,3,2026-05-14 to 2026-08-31 (75 days),-1.0,55.5,0.2181,87.95,87.97,BEARISH,MEDIUM,Last surprise: +13.3%; Earnings conf adj: +1,8.6,-1.0,1.0,51,2026-10-22,13.27,1
2026-09-01T15:24:19,2026-09-01,CVS,BUY,1,MACD Crossover,MEDIUM,3,42.68,93.91,2.99,91.1,6.74,100.24,8.24,2026-09-09,0.34,0.56,100.0,13.21,3.17,12.19,-3.57,8.7,3,2026-05-14 to 2026-08-31 (75 days),0.171,41.2,0.29,100.92,85.23,BULLISH,MEDIUM,Strong trend (ADX=31); Last surprise: +39.5%; Earnings conf adj: +1; Size: Kelly 10.0% / VolTgt 6.5% / Blend 8.2%,6.47,-1.0,1.0,57,2026-10-28,39.46,1
2026-09-01T15:27:10,2026-09-01,MSA,HOLD,0,MACD Crossover,HIGH,5,42.6,186.77,2.23,0.0,4.68,0.0,0.0,2026-09-28,2.2,5.53,100.0,137.85,55.08,26.94,-4.11,27.0,2,2026-05-14 to 2026-08-31 (75 days),-1.0,51.3,0.1143,179.21,172.97,BULLISH,LOW,Last surprise: +12.1%; Earnings conf adj: +1,10.0,-1.0,1.0,56,2026-10-27,12.15,1
2026-09-01T15:25:38,2026-09-01,SOLV,HOLD,0,Composite Multi-Indicator,HIGH,5,42.5,91.06,3.49,0.0,8.45,0.0,0.0,2026-09-16,4.07,11.45,100.0,180.7,78.93,-19.88,-2.0,15.5,2,2026-05-14 to 2026-08-31 (75 days),-1.0,64.9,0.2724,82.7,77.06,BULLISH,MEDIUM,Last surprise: +33.5%; Earnings conf adj: +1,6.88,-1.0,1.0,65,2026-11-05,33.51,1
2026-09-01T15:25:49,2026-09-01,UHS,HOLD,0,MACD Crossover,HIGH,4,42.25,170.33,4.05,0.0,6.07,0.0,0.0,2026-09-17,1.47,2.29,75.0,18.39,41.18,41.39,-10.56,16.2,4,2026-05-14 to 2026-08-31 (75 days),-1.0,51.7,0.2528,161.31,186.9,BEARISH,MEDIUM,Last surprise: -0.5%,7.42,-1.0,1.0,55,2026-10-26,-0.5,0
2026-09-01T15:24:23,2026-09-01,DLR,HOLD,0,Stochastic Oscillator,MEDIUM,3,42.24,185.59,4.11,0.0,6.17,0.0,0.0,2026-10-12,1.62,3.28,100.0,142.01,56.93,67.16,-6.94,41.5,2,2026-05-14 to 2026-08-31 (75 days),-1.0,43.1,0.2463,187.41,176.91,BULLISH,MEDIUM,High volume; Last surprise: -15.1%; Earnings conf adj: -1,7.61,-1.0,1.0,51,2026-10-22,-15.07,-1
2026-09-01T15:25:53,2026-09-01,VZ,HOLD,0,VWAP Trend,HIGH,4,42.24,50.02,1.85,0.0,2.91,0.0,0.0,2026-09-06,1.68,2.92,75.0,2.45,34.33,3.95,-5.07,5.0,8,2026-05-14 to 2026-08-31 (75 days),-1.0,65.4,0.1654,45.87,44.45,BULLISH,LOW,Strong trend (ADX=33); Last surprise: +2.4%,10.0,-1.0,1.0,49,2026-10-20,2.36,0
2026-09-01T15:24:14,2026-09-01,COHR,HOLD,0,VWAP Trend,HIGH,5,42.19,277.83,12.0,0.0,13.86,0.0,0.0,2026-09-03,1.86,3.25,66.7,2.37,158.72,231.0,-18.15,2.3,9,2026-05-14 to 2026-08-31 (75 days),-1.0,43.4,1.1609,317.51,273.88,BULLISH,HIGH,Last surprise: +7.4%; Earnings conf adj: +1,1.62,-1.0,1.0,64,2026-11-04,7.41,1
2026-09-01T15:26:24,2026-09-01,AA,HOLD,0,VWAP Trend,LOW,0,42.05,49.95,9.41,0.0,6.32,0.0,0.0,2026-09-03,-1.35,-1.64,50.0,0.48,-27.12,33.73,-17.28,2.2,10,2026-05-14 to 2026-08-31 (75 days),-1.0,49.8,0.5407,48.99,57.22,BEARISH,HIGH,Last surprise: -3.2%,3.47,-1.0,1.0,44,2026-10-15,-3.2,0
2026-09-01T15:25:55,2026-09-01,WFC,HOLD,0,Stochastic Oscillator,HIGH,5,42.04,86.39,2.27,0.0,3.41,0.0,0.0,2026-09-12,3.08,8.6,100.0,111.71,40.73,-33.7,-1.82,11.0,2,2026-05-14 to 2026-08-31 (75 days),-1.0,51.8,0.186,85.96,84.05,BULLISH,LOW,High volume; Last surprise: +16.3%; Earnings conf adj: +1,10.0,-1.0,1.0,42,2026-10-13,16.28,1
2026-09-01T15:26:59,2026-09-01,TKR,HOLD,0,VWAP Trend,HIGH,5,42.04,120.45,4.31,0.0,4.17,0.0,0.0,2026-09-03,1.17,2.04,60.0,1.98,22.43,8.93,-4.01,2.1,10,2026-05-14 to 2026-08-31 (75 days),-1.0,35.9,0.3654,134.35,109.7,BULLISH,MEDIUM,Strong trend (ADX=41); Last surprise: +13.0%; Earnings conf adj: +1,5.13,-1.0,1.0,57,2026-10-28,12.96,1
2026-09-01T15:25:25,2026-09-01,PLD,HOLD,0,Stochastic Oscillator,HIGH,5,42.02,139.92,1.51,0.0,2.27,0.0,0.0,2026-09-20,1.99,4.44,100.0,75.21,25.8,29.86,-2.19,19.5,2,2026-05-14 to 2026-08-31 (75 days),-1.0,43.1,0.172,142.44,135.77,BULLISH,LOW,Last surprise: +48.0%; Earnings conf adj: +1,10.0,-1.0,1.0,43,2026-10-14,48.0,1
2026-09-01T15:23:56,2026-09-01,AOS,HOLD,0,Stochastic Oscillator,HIGH,5,42.01,59.13,4.08,0.0,6.12,0.0,0.0,2026-09-25,1.86,2.8,100.0,115.93,44.93,35.73,-6.56,24.5,2,2026-05-14 to 2026-08-31 (75 days),-1.0,40.1,0.3232,61.09,64.64,BEARISH,MEDIUM,High volume; Price at statistical extreme; Last surprise: +12.0%; Earnings conf adj: +1,5.8,-1.0,1.0,56,2026-10-27,11.96,1
2026-09-01T15:27:08,2026-09-01,KEX,HOLD,0,Stochastic Oscillator,HIGH,4,41.89,141.86,2.83,0.0,4.25,0.0,0.0,2026-10-01,1.42,2.36,100.0,81.59,28.69,40.86,-10.33,30.0,2,2026-05-14 to 2026-08-31 (75 days),-1.0,58.0,0.1796,138.68,131.64,BULLISH,LOW,Last surprise: +2.5%,10.0,-1.0,1.0,58,2026-10-29,2.45,0
2026-09-01T15:24:46,2026-09-01,HCA,HOLD,0,Stochastic Oscillator,HIGH,4,41.88,414.45,3.78,0.0,5.67,0.0,0.0,2026-10-05,1.78,3.14,100.0,136.39,54.58,67.64,-9.0,34.5,2,2026-05-14 to 2026-08-31 (75 days),-1.0,52.5,0.2643,401.06,452.25,BEARISH,MEDIUM,Strong trend (ADX=33); Last surprise: +1.2%,7.09,-1.0,1.0,52,2026-10-23,1.2,0
2026-09-01T15:25:17,2026-09-01,NSC,HOLD,0,Stochastic Oscillator,HIGH,5,41.87,342.79,2.17,0.0,3.25,0.0,0.0,2026-09-22,2.04,3.34,100.0,86.69,28.55,-2.83,-4.41,21.5,2,2026-05-14 to 2026-08-31 (75 days),-1.0,52.2,0.1737,332.37,305.77,BULLISH,LOW,Last surprise: +6.0%; Earnings conf adj: +1,10.0,-1.0,1.0,51,2026-10-22,6.02,1
2026-09-01T15:25:20,2026-09-01,OMC,HOLD,0,VWAP Trend,HIGH,4,41.83,87.53,3.23,0.0,6.96,0.0,0.0,2026-09-14,1.53,2.41,100.0,113.3,43.08,-62.62,-8.72,13.0,4,2026-05-14 to 2026-08-31 (75 days),-1.0,58.0,0.245,81.85,76.84,BULLISH,MEDIUM,Last surprise: -0.4%,7.65,-1.0,1.0,49,2026-10-20,-0.38,0
2026-09-01T15:24:40,2026-09-01,FTV,BUY,1,VWAP Trend,HIGH,4,41.81,58.84,2.13,57.59,2.35,60.22,10.0,2026-09-03,1.46,2.36,60.0,2.57,13.12,13.25,-3.99,2.8,5,2026-05-14 to 2026-08-31 (75 days),0.437,41.2,0.1786,60.98,57.88,BULLISH,LOW,Last surprise: +4.2%; Size: Kelly 10.0% / VolTgt 10.0% / Blend 10.0%,10.0,-1.0,1.0,57,2026-10-28,4.23,0
2026-09-01T15:24:08,2026-09-01,CDNS,HOLD,0,ADX Trend Following,HIGH,4,41.78,338.78,4.29,0.0,9.12,0.0,0.0,2026-09-16,1.02,1.75,100.0,88.72,32.26,45.19,-13.37,15.3,3,2026-05-14 to 2026-08-31 (75 days),-1.0,52.8,0.296,347.47,327.33,BULLISH,MEDIUM,Strong trend (ADX=33); Last surprise: +2.4%,6.33,-1.0,1.0,55,2026-10-26,2.43,0
2026-09-01T15:27:34,2026-09-01,CUZ,HOLD,0,MACD Crossover,HIGH,5,41.63,28.99,2.53,0.0,5.09,0.0,0.0,2026-09-12,1.11,1.78,100.0,47.47,15.78,-27.43,-5.2,11.7,3,2026-05-14 to 2026-08-31 (75 days),-1.0,38.7,0.1889,30.31,25.97,BULLISH,LOW,Last surprise: +25.0%; Earnings conf adj: +1,9.92,-1.0,1.0,58,2026-10-29,25.0,1
2026-09-01T15:27:42,2026-09-01,ASH,HOLD,0,MACD Crossover,MEDIUM,3,41.56,73.33,3.3,0.0,6.13,0.0,0.0,2026-09-10,0.82,1.82,100.0,30.18,9.6,-144.83,-4.05,9.5,2,2026-05-14 to 2026-08-31 (75 days),-1.0,55.0,0.2527,69.79,60.32,BULLISH,MEDIUM,Strong trend (ADX=34),7.42,-1.0,1.0,63,2026-11-03,,0
2026-09-01T15:27:02,2026-09-01,MORN,HOLD,0,ADX Trend Following,HIGH,5,41.46,218.94,4.46,0.0,6.69,0.0,0.0,2026-10-01,3.94,8.88,100.0,354.0,184.11,25.04,-4.72,30.0,2,2026-05-14 to 2026-08-31 (75 days),-1.0,68.8,0.2748,185.16,187.14,BEARISH,MEDIUM,Strong trend (ADX=44); Last surprise: +9.5%; Earnings conf adj: +1,6.82,-1.0,1.0,57,2026-10-28,9.54,1
2026-09-01T15:26:30,2026-09-01,WTS,HOLD,0,VWAP Trend,HIGH,5,41.44,365.75,3.27,0.0,3.64,0.0,0.0,2026-09-03,2.33,7.5,83.3,18.58,56.72,-37.98,-2.65,2.7,6,2026-05-14 to 2026-08-31 (75 days),-1.0,48.0,0.2816,362.09,313.75,BULLISH,MEDIUM,Last surprise: +9.6%; Earnings conf adj: +1,6.66,-1.0,1.0,57,2026-10-28,9.58,1
2026-09-01T15:27:07,2026-09-01,NOV,HOLD,0,Stochastic Oscillator,HIGH,5,41.42,21.29,4.81,0.0,7.21,0.0,0.0,2026-09-20,2.08,4.09,100.0,125.88,46.72,31.64,-6.07,19.0,2,2026-05-14 to 2026-08-31 (75 days),-1.0,60.0,0.3567,19.69,18.68,BULLISH,MEDIUM,Last surprise: +93.8%; Earnings conf adj: +1,5.26,-1.0,1.0,55,2026-10-26,93.75,1
2026-09-01T15:26:06,2026-09-01,PR,HOLD,0,Momentum (Rate of Change),HIGH,5,41.37,23.29,4.25,0.0,13.51,0.0,0.0,2026-09-21,1.65,2.63,100.0,119.0,44.93,-22.21,-7.8,20.5,2,2026-05-14 to 2026-08-31 (75 days),-1.0,61.9,0.379,20.64,18.22,BULLISH,MEDIUM,Strong trend (ADX=31); Last surprise: +16.9%; Earnings conf adj: +1,4.95,-1.0,1.0,64,2026-11-04,16.95,1
2026-09-01T15:27:42,2026-09-01,PII,HOLD,0,Stochastic Oscillator,HIGH,4,41.36,64.54,4.93,0.0,7.39,0.0,0.0,2026-09-11,3.12,14.1,100.0,144.77,54.82,59.93,-2.11,10.5,2,2026-05-14 to 2026-08-31 (75 days),-1.0,40.2,0.3044,68.72,64.31,BULLISH,MEDIUM,Strong trend (ADX=44),6.16,-1.0,1.0,55,2026-10-26,,0
2026-09-01T15:25:49,2026-09-01,UPS,HOLD,0,Stochastic Oscillator,HIGH,5,41.28,104.23,2.62,0.0,3.93,0.0,0.0,2026-09-22,3.24,5.85,100.0,165.98,64.14,28.33,-5.42,21.0,2,2026-05-14 to 2026-08-31 (75 days),-1.0,48.2,0.2252,106.73,101.66,BULLISH,MEDIUM,Last surprise: +6.0%; Earnings conf adj: +1,8.33,-1.0,1.0,56,2026-10-27,6.02,1
2026-09-01T15:25:47,2026-09-01,TTWO,HOLD,0,Stochastic Oscillator,HIGH,5,41.25,219.7,8.09,0.0,12.13,0.0,0.0,2026-09-19,1.85,4.11,100.0,139.83,54.37,82.83,-6.12,18.5,2,2026-05-14 to 2026-08-31 (75 days),-1.0,33.8,0.4119,241.57,228.31,BULLISH,HIGH,High volume; Price at statistical extreme; Last surprise: +14.3%; Earnings conf adj: +1,4.55,-1.0,1.0,69,2026-11-09,14.29,1
2026-09-01T15:26:53,2026-09-01,AAL,BUY,1,VWAP Trend,HIGH,5,41.16,13.43,4.46,12.83,6.35,14.28,7.68,2026-09-06,3.8,9.63,71.4,9.14,218.96,198.0,-4.76,5.3,7,2026-05-14 to 2026-08-31 (75 days),0.349,36.0,0.3505,15.56,13.92,BULLISH,MEDIUM,Strong trend (ADX=38); Last surprise: +200.0%; Earnings conf adj: +1; Size: Kelly 10.0% / VolTgt 5.3% / Blend 7.7%,5.35,-1.0,1.0,51,2026-10-22,200.0,1
2026-09-01T15:24:52,2026-09-01,IFF,BUY,1,Momentum (Rate of Change),MEDIUM,3,41.13,86.33,4.45,82.49,11.12,95.93,7.29,2026-09-25,1.61,2.93,100.0,131.97,51.47,-5.04,-10.93,24.0,3,2026-05-14 to 2026-08-31 (75 days),0.571,59.1,0.4096,80.61,73.73,BULLISH,HIGH,Strong trend (ADX=37); Last surprise: -26.8%; Earnings conf adj: -1; Size: Kelly 10.0% / VolTgt 4.6% / Blend 7.3%,4.58,-1.0,1.0,63,2026-11-03,-26.79,-1
2026-09-01T15:23:52,2026-09-01,AIG,HOLD,0,Stochastic Oscillator,HIGH,4,40.93,76.36,1.88,0.0,2.82,0.0,0.0,2026-09-25,2.41,4.97,100.0,110.0,41.92,36.62,-2.61,24.5,2,2026-05-14 to 2026-08-31 (75 days),-1.0,45.2,0.1473,77.86,76.79,BULLISH,LOW,Last surprise: +3.6%,10.0,-1.0,1.0,64,2026-11-04,3.63,0
2026-09-01T15:25:39,2026-09-01,STT,HOLD,0,Momentum (Rate of Change),HIGH,5,40.9,191.38,3.0,0.0,9.0,0.0,0.0,2026-10-07,2.25,3.72,100.0,141.95,56.47,-57.84,-5.7,36.5,2,2026-05-14 to 2026-08-31 (75 days),-1.0,57.6,0.2028,182.74,146.43,BULLISH,MEDIUM,Last surprise: +9.3%; Earnings conf adj: +1,9.24,-1.0,1.0,43,2026-10-14,9.28,1
2026-09-01T15:25:17,2026-09-01,NOW,HOLD,0,ADX Trend Following,HIGH,4,40.87,147.99,8.81,0.0,13.21,0.0,0.0,2026-09-14,1.12,1.94,80.0,2.57,59.86,-373.89,-34.24,13.4,5,2026-05-14 to 2026-08-31 (75 days),-1.0,74.4,0.5617,113.14,119.15,BEARISH,HIGH,RSI overbought; Price at statistical extreme; Strong trend (ADX=37); Last surprise: +4.7%,3.34,-1.0,1.0,57,2026-10-28,4.65,0
2026-09-01T15:23:51,2026-09-01,ADM,HOLD,0,Stochastic Oscillator,HIGH,5,40.7,81.29,4.61,0.0,6.92,0.0,0.0,2026-09-22,2.08,4.13,100.0,112.73,38.93,34.96,-4.6,21.5,2,2026-05-14 to 2026-08-31 (75 days),-1.0,53.8,0.3082,79.85,70.73,BULLISH,MEDIUM,Last surprise: +27.8%; Earnings conf adj: +1,6.08,-1.0,1.0,63,2026-11-03,27.78,1
2026-09-01T15:25:56,2026-09-01,WMB,HOLD,0,Stochastic Oscillator,HIGH,4,40.7,75.05,4.43,0.0,6.64,0.0,0.0,2026-09-30,1.9,3.14,100.0,111.56,43.2,52.05,-6.26,29.0,2,2026-05-14 to 2026-08-31 (75 days),-1.0,57.1,0.3093,73.48,69.26,BULLISH,MEDIUM,High volume; Last surprise: +0.0%,6.06,-1.0,1.0,62,2026-11-02,0.0,0
2026-09-01T15:26:18,2026-09-01,UNM,HOLD,0,EMA Crossover (9/21),MEDIUM,3,40.57,93.22,3.44,0.0,6.51,0.0,0.0,2026-09-13,0.65,0.89,100.0,21.29,6.37,-58.94,-6.84,12.0,2,2026-05-14 to 2026-08-31 (75 days),-1.0,60.5,0.2388,89.2,79.92,BULLISH,MEDIUM,Last surprise: +0.5%,7.85,-1.0,1.0,63,2026-11-03,0.47,0
2026-09-01T15:24:50,2026-09-01,IBKR,HOLD,0,Stochastic Oscillator,HIGH,5,40.44,97.29,4.54,0.0,6.81,0.0,0.0,2026-09-13,2.27,5.07,100.0,140.65,54.49,14.78,-4.75,12.0,2,2026-05-14 to 2026-08-31 (75 days),-1.0,59.9,0.3707,92.23,78.34,BULLISH,MEDIUM,Strong trend (ADX=31); Last surprise: +7.8%; Earnings conf adj: +1,5.06,-1.0,1.0,49,2026-10-20,7.81,1
2026-09-01T15:26:14,2026-09-01,RGA,HOLD,0,ADX Trend Following,HIGH,5,40.29,246.04,2.69,0.0,6.44,0.0,0.0,2026-09-17,1.83,3.33,100.0,84.09,30.54,-42.62,-3.99,16.3,3,2026-05-14 to 2026-08-31 (75 days),-1.0,59.7,0.2027,234.19,210.76,BULLISH,MEDIUM,Last surprise: +37.0%; Earnings conf adj: +1,9.25,-1.0,1.0,58,2026-10-29,36.98,1
2026-09-01T15:26:10,2026-09-01,CLH,HOLD,0,Stochastic Oscillator,HIGH,5,40.28,315.25,2.48,0.0,3.72,0.0,0.0,2026-09-17,1.77,3.87,100.0,79.42,26.57,18.8,-2.98,16.5,2,2026-05-14 to 2026-08-31 (75 days),-1.0,52.6,0.1903,307.91,280.45,BULLISH,LOW,Last surprise: +14.2%; Earnings conf adj: +1,9.85,-1.0,1.0,64,2026-11-04,14.18,1
2026-09-01T15:24:14,2026-09-01,COO,HOLD,0,MACD Crossover,HIGH,5,40.21,70.09,3.05,0.0,4.57,0.0,0.0,2026-10-09,2.69,5.53,100.0,214.93,94.69,28.52,-6.19,38.0,2,2026-05-14 to 2026-08-31 (75 days),-1.0,35.7,0.2304,72.48,73.43,BEARISH,MEDIUM,Price at statistical extreme; Strong trend (ADX=37); Last surprise: +11.0%; Earnings conf adj: +1,8.14,-1.0,1.0,8,2026-09-09,11.01,1
2026-09-01T15:26:39,2026-09-01,AM,HOLD,0,Stochastic Oscillator,MEDIUM,3,40.21,22.42,3.64,0.0,5.46,0.0,0.0,2026-09-28,2.1,3.81,100.0,105.13,38.78,23.72,-3.73,27.0,2,2026-05-14 to 2026-08-31 (75 days),-1.0,53.7,0.2652,22.17,20.51,BULLISH,MEDIUM,Last surprise: -18.2%; Earnings conf adj: -1,7.07,-1.0,1.0,57,2026-10-28,-18.18,-1
2026-09-01T15:25:54,2026-09-01,WAT,HOLD,0,VWAP Trend,HIGH,4,40.14,414.63,4.13,0.0,3.62,0.0,0.0,2026-09-03,1.94,4.17,62.5,3.51,20.18,-90.35,-3.13,2.4,8,2026-05-14 to 2026-08-31 (75 days),-1.0,59.2,0.2965,388.12,360.19,BULLISH,MEDIUM,Last surprise: +1.3%,6.32,-1.0,1.0,59,2026-10-30,1.33,0
2026-09-01T15:25:45,2026-09-01,TRMB,EXIT,-1,VWAP Trend,HIGH,5,40.1,59.94,5.37,63.16,8.05,55.11,7.77,2026-09-12,1.9,3.13,75.0,2.75,73.6,45.69,-11.39,11.1,8,2026-05-14 to 2026-08-31 (75 days),-1.0,56.9,0.3387,55.28,65.18,BEARISH,MEDIUM,High volume; Strong trend (ADX=35); Last surprise: +7.5%; Earnings conf adj: +1; Size: Kelly 10.0% / VolTgt 5.5% / Blend 7.8%,5.54,-1.0,1.0,64,2026-11-04,7.5,1
2026-09-01T15:26:55,2026-09-01,ACM,HOLD,0,Stochastic Oscillator,MEDIUM,3,40.1,67.43,7.84,0.0,11.76,0.0,0.0,2026-10-17,1.22,2.01,100.0,102.75,38.11,52.94,-7.6,46.0,2,2026-05-14 to 2026-08-31 (75 days),-1.0,50.3,0.5976,68.61,84.71,BEARISH,HIGH,High volume; Strong trend (ADX=33); Last surprise: -134.2%; Earnings conf adj: -1,3.14,-1.0,1.0,77,2026-11-17,-134.25,-1
2026-09-01T15:24:17,2026-09-01,CRM,HOLD,0,VWAP Trend,HIGH,5,40.04,257.54,8.64,0.0,12.96,0.0,0.0,2026-09-15,1.74,4.32,66.7,2.58,127.68,-208.17,-23.1,14.2,6,2026-05-14 to 2026-08-31 (75 days),-1.0,81.1,0.8617,183.01,199.68,BEARISH,HIGH,RSI overbought; Price at statistical extreme; Strong trend (ADX=47); Last surprise: +80.4%; Earnings conf adj: +1,2.18,-1.0,1.0,-6,2026-08-26,80.43,1
2026-09-01T15:26:12,2026-09-01,WCC,HOLD,0,ADX Trend Following,HIGH,5,39.98,340.4,6.77,0.0,12.93,0.0,0.0,2026-09-17,1.41,2.75,100.0,115.49,43.68,69.44,-8.51,16.5,2,2026-05-14 to 2026-08-31 (75 days),-1.0,46.6,0.4042,342.73,307.62,BULLISH,HIGH,Last surprise: +15.1%; Earnings conf adj: +1,4.64,-1.0,1.0,58,2026-10-29,15.11,1
2026-09-01T15:25:10,2026-09-01,MNST,HOLD,0,SMA Crossover (10/50),HIGH,4,39.93,45.92,4.8,0.0,7.2,0.0,0.0,2026-09-02,1.84,1195.64,100.0,918.29,813.01,901.17,-0.2,1.0,1,2026-05-13 to 2026-08-31 (75 days),-1.0,41.6,5.3951,76.37,78.4,BEARISH,HIGH,Last surprise: +3.4%,0.35,-1.0,1.0,65,2026-11-05,3.45,0
2026-09-01T15:25:18,2026-09-01,NUE,HOLD,0,Stochastic Oscillator,HIGH,5,39.89,249.64,5.56,0.0,8.34,0.0,0.0,2026-09-17,3.46,10.05,100.0,209.7,83.03,55.21,-2.59,16.0,2,2026-05-14 to 2026-08-31 (75 days),-1.0,45.8,0.3504,247.18,203.05,BULLISH,MEDIUM,Last surprise: +6.8%; Earnings conf adj: +1,5.35,-1.0,1.0,55,2026-10-26,6.84,1
2026-09-01T15:25:11,2026-09-01,MMM,BUY,1,ADX Trend Following,HIGH,5,39.85,171.83,2.26,167.95,6.78,183.48,10.0,2026-10-18,2.89,5.85,100.0,196.87,87.04,3.41,-7.9,47.5,2,2026-05-14 to 2026-08-31 (75 days),0.075,40.6,0.1708,170.62,159.43,BULLISH,LOW,Price at statistical extreme; Last surprise: +6.7%; Earnings conf adj: +1; Size: Kelly 10.0% / VolTgt 10.0% / Blend 10.0%,10.0,-1.0,1.0,49,2026-10-20,6.67,1
2026-09-01T15:25:52,2026-09-01,VRTX,EXIT,-1,Stochastic Oscillator,HIGH,4,39.72,544.52,3.71,564.72,5.56,514.24,7.88,2026-09-16,2.29,5.13,100.0,117.95,41.63,-49.19,-4.01,15.0,2,2026-05-14 to 2026-08-31 (75 days),-1.0,62.5,0.3264,502.41,463.8,BULLISH,MEDIUM,Strong trend (ADX=46); Last surprise: -0.4%; Size: Kelly 10.0% / VolTgt 5.8% / Blend 7.9%,5.75,-1.0,1.0,62,2026-11-02,-0.42,0
2026-09-01T15:26:32,2026-09-01,AHR,HOLD,0,Stochastic Oscillator,HIGH,5,39.7,55.21,2.78,0.0,4.17,0.0,0.0,2026-09-19,2.49,4.31,100.0,120.31,41.71,9.77,-3.75,18.0,2,2026-05-14 to 2026-08-31 (75 days),-1.0,49.6,0.299,54.7,50.2,BULLISH,MEDIUM,Last surprise: +7.1%; Earnings conf adj: +1,6.27,-1.0,1.0,65,2026-11-05,7.14,1
2026-09-01T15:24:31,2026-09-01,EW,HOLD,0,MACD Crossover,HIGH,4,39.63,90.75,2.22,0.0,6.44,0.0,0.0,2026-09-21,0.91,1.43,100.0,44.8,15.05,-30.13,-6.2,20.3,3,2026-05-14 to 2026-08-31 (75 days),-1.0,53.8,0.1816,89.46,84.86,BULLISH,LOW,Last surprise: +5.4%; Earnings conf adj: +1,10.0,-1.0,1.0,58,2026-10-29,5.41,1
2026-09-01T15:26:28,2026-09-01,DOCU,HOLD,0,VWAP Trend,MEDIUM,3,39.61,66.27,8.34,0.0,13.19,0.0,0.0,2026-09-08,3.27,6.07,72.7,6.63,360.78,100.93,-11.88,7.9,11,2026-05-14 to 2026-08-31 (75 days),-1.0,66.8,0.5959,53.84,53.66,BULLISH,HIGH,Price at statistical extreme; Strong trend (ADX=35); Earnings in 2d (2026-09-03); Last surprise: +10.1%; Earnings conf adj: -1,3.15,-1.0,1.0,2,2026-09-03,10.1,-1
2026-09-01T15:23:49,2026-09-01,AAPL,HOLD,0,Stochastic Oscillator,HIGH,5,39.55,316.85,2.32,0.0,3.48,0.0,0.0,2026-09-18,2.68,6.63,100.0,130.03,43.94,20.65,-3.6,17.5,2,2026-05-14 to 2026-08-31 (75 days),-1.0,54.2,0.1788,312.19,282.36,BULLISH,LOW,Last surprise: +6.9%; Earnings conf adj: +1,10.0,-1.0,1.0,58,2026-10-29,6.88,1
2026-09-01T15:26:03,2026-09-01,ROKU,HOLD,0,MACD Crossover,HIGH,4,39.55,156.93,1.5,0.0,5.13,0.0,0.0,2026-09-15,0.92,1.4,100.0,29.47,8.91,-103.13,-2.84,14.7,3,2026-05-14 to 2026-08-31 (75 days),-1.0,62.8,0.1699,146.7,116.87,BULLISH,LOW,Strong trend (ADX=55); Last surprise: +114.3%; Earnings conf adj: +1,10.0,-1.0,1.0,65,2026-11-05,114.29,1
2026-09-01T15:25:25,2026-09-01,PKG,HOLD,0,VWAP Trend,HIGH,4,39.52,233.94,2.65,0.0,2.87,0.0,0.0,2026-09-04,2.0,8.56,80.0,18.27,39.89,14.01,-3.46,3.8,5,2026-05-14 to 2026-08-31 (75 days),-1.0,34.2,0.1871,242.52,220.81,BULLISH,LOW,Price at statistical extreme; Last surprise: +1.7%,10.0,-1.0,1.0,50,2026-10-21,1.73,0
2026-09-01T15:24:21,2026-09-01,DGX,HOLD,0,ADX Trend Following,HIGH,5,39.5,240.3,2.26,0.0,7.31,0.0,0.0,2026-10-23,2.87,5.75,100.0,165.51,70.18,-63.96,-6.22,52.5,2,2026-05-14 to 2026-08-31 (75 days),-1.0,60.7,0.1281,224.28,198.86,BULLISH,LOW,High volume; Strong trend (ADX=39); Last surprise: +10.6%; Earnings conf adj: +1,10.0,-1.0,1.0,49,2026-10-20,10.64,1
2026-09-01T15:27:42,2026-09-01,OPCH,HOLD,0,EMA Crossover (9/21),HIGH,4,39.47,23.45,2.77,0.0,4.16,0.0,0.0,2026-09-21,1.15,1.84,100.0,82.36,30.43,-42.97,-6.14,20.7,3,2026-05-14 to 2026-08-31 (75 days),-1.0,51.2,0.1936,22.61,27.28,BEARISH,LOW,No special conditions,9.69,-1.0,1.0,58,2026-10-29,,0
2026-09-01T15:25:55,2026-09-01,WELL,HOLD,0,Stochastic Oscillator,MEDIUM,3,39.44,236.24,2.6,0.0,3.9,0.0,0.0,2026-09-25,2.89,4.62,100.0,171.59,66.51,32.82,-5.5,24.0,2,2026-05-14 to 2026-08-31 (75 days),-1.0,49.8,0.2119,234.83,208.61,BULLISH,MEDIUM,High volume; Last surprise: -16.9%; Earnings conf adj: -1,8.85,-1.0,1.0,55,2026-10-26,-16.92,-1
2026-09-01T15:24:42,2026-09-01,GIS,EXIT,-1,Stochastic Oscillator,HIGH,5,39.43,41.2,3.96,42.83,5.94,38.75,8.19,2026-09-25,2.35,4.08,100.0,132.16,50.89,-71.85,-5.08,24.5,2,2026-05-14 to 2026-08-31 (75 days),-1.0,64.8,0.2938,37.22,39.0,BEARISH,MEDIUM,Strong trend (ADX=36); Last surprise: +18.7%; Earnings conf adj: +1; Size: Kelly 10.0% / VolTgt 6.4% / Blend 8.2%,6.38,-1.0,1.0,22,2026-09-23,18.75,1
2026-09-01T15:25:39,2026-09-01,STLD,HOLD,0,MACD Crossover,HIGH,4,39.34,232.62,8.33,0.0,17.07,0.0,0.0,2026-09-26,1.72,2.73,100.0,110.65,43.25,45.46,-7.09,25.5,2,2026-05-14 to 2026-08-31 (75 days),-1.0,41.4,0.4292,242.24,207.89,BULLISH,HIGH,Last surprise: +0.5%,4.37,-1.0,1.0,48,2026-10-19,0.54,0
2026-09-01T15:25:24,2026-09-01,PHM,HOLD,0,Stochastic Oscillator,HIGH,5,39.32,126.32,3.94,0.0,5.91,0.0,0.0,2026-10-16,2.72,5.08,100.0,271.17,126.91,83.5,-6.46,45.5,2,2026-05-14 to 2026-08-31 (75 days),-1.0,45.6,0.3069,129.35,124.76,BULLISH,MEDIUM,Last surprise: +5.1%; Earnings conf adj: +1,6.11,-1.0,1.0,51,2026-10-22,5.08,1
2026-09-01T15:24:32,2026-09-01,EXC,EXIT,-1,VWAP Trend,HIGH,4,39.31,43.72,2.09,44.63,1.67,42.99,10.0,2026-09-02,2.59,6.79,75.0,4.34,18.29,20.34,-1.42,1.6,8,2026-05-14 to 2026-08-31 (75 days),-1.0,35.9,0.1675,45.99,45.54,BULLISH,LOW,High volume; Last surprise: -4.4%; Size: Kelly 10.0% / VolTgt 10.0% / Blend 10.0%,10.0,-1.0,1.0,63,2026-11-03,-4.44,0
2026-09-01T15:26:12,2026-09-01,ONTO,HOLD,0,MACD Crossover,HIGH,5,39.3,267.21,12.0,0.0,30.55,0.0,0.0,2026-09-17,1.19,1.86,100.0,183.85,81.35,93.19,-26.19,16.3,3,2026-05-14 to 2026-08-31 (75 days),-1.0,41.8,0.9609,299.94,238.48,BULLISH,HIGH,Last surprise: +14.2%; Earnings conf adj: +1,1.95,-1.0,1.0,65,2026-11-05,14.2,1
2026-09-01T15:26:03,2026-09-01,CRS,HOLD,0,ADX Trend Following,HIGH,4,39.24,476.42,5.88,0.0,13.72,0.0,0.0,2026-09-20,3.7,7.87,66.7,693.54,206.39,163.93,-10.47,19.7,3,2026-05-14 to 2026-08-31 (75 days),-1.0,35.0,0.3927,555.29,429.18,BULLISH,MEDIUM,High volume; Strong trend (ADX=58); Last surprise: +4.9%,4.77,-1.0,1.0,51,2026-10-22,4.87,0
2026-09-01T15:23:54,2026-09-01,AMGN,HOLD,0,MACD Crossover,HIGH,5,39.22,429.88,3.08,0.0,10.78,0.0,0.0,2026-09-28,2.6,6.0,100.0,158.05,63.76,-77.86,-5.24,27.5,2,2026-05-14 to 2026-08-31 (75 days),-1.0,62.3,0.2739,387.83,351.98,BULLISH,MEDIUM,Strong trend (ADX=49); Last surprise: +11.9%; Earnings conf adj: +1,6.85,-1.0,1.0,63,2026-11-03,11.92,1
2026-09-01T15:24:01,2026-09-01,BBY,BUY,1,ADX Trend Following,HIGH,5,39.15,80.15,8.63,73.23,13.1,90.65,7.34,2026-09-18,1.07,1.52,100.0,80.22,28.65,-211.74,-11.26,17.2,4,2026-05-14 to 2026-08-31 (75 days),0.48,41.0,0.4011,83.19,70.03,BULLISH,HIGH,Last surprise: +6.5%; Earnings conf adj: +1; Size: Kelly 10.0% / VolTgt 4.7% / Blend 7.3%,4.67,-1.0,1.0,84,2026-11-24,6.52,1
2026-09-01T15:24:18,2026-09-01,CTVA,HOLD,0,Stochastic Oscillator,HIGH,4,39.13,84.63,3.55,0.0,5.32,0.0,0.0,2026-09-28,1.31,2.07,100.0,60.5,18.19,11.82,-7.4,27.0,2,2026-05-14 to 2026-08-31 (75 days),-1.0,61.8,0.2149,82.66,76.73,BULLISH,MEDIUM,Strong trend (ADX=37); Last surprise: +3.1%,8.73,-1.0,1.0,63,2026-11-03,3.14,0
2026-09-01T15:25:19,2026-09-01,NWS,HOLD,0,MACD Crossover,MEDIUM,2,39.1,34.41,3.35,0.0,7.4,0.0,0.0,2026-09-14,0.37,0.51,75.0,1.41,5.81,-52.28,-8.95,13.2,4,2026-05-14 to 2026-08-31 (75 days),-1.0,59.7,0.2588,31.77,29.72,BULLISH,MEDIUM,Strong trend (ADX=46); Last surprise: +52.2%; Earnings conf adj: +1,7.24,-1.0,1.0,65,2026-11-05,52.17,1
2026-09-01T15:26:10,2026-09-01,JLL,HOLD,0,MACD Crossover,HIGH,5,38.96,365.87,4.2,0.0,14.7,0.0,0.0,2026-10-10,2.23,4.48,100.0,177.88,77.1,-46.4,-5.47,39.5,2,2026-05-14 to 2026-08-31 (75 days),-1.0,49.8,0.3041,345.05,325.77,BULLISH,MEDIUM,High volume; Strong trend (ADX=38); Last surprise: +15.6%; Earnings conf adj: +1,6.17,-1.0,1.0,64,2026-11-04,15.6,1
2026-09-01T15:25:04,2026-09-01,LLY,HOLD,0,VWAP Trend,MEDIUM,2,38.92,1156.73,4.78,0.0,5.78,0.0,0.0,2026-09-04,0.36,0.64,66.7,1.35,4.44,-57.78,-8.81,3.7,6,2026-05-14 to 2026-08-31 (75 days),-1.0,42.8,0.3814,1186.72,1057.56,BULLISH,MEDIUM,Last surprise: +27.4%; Earnings conf adj: +1,4.92,-1.0,1.0,58,2026-10-29,27.36,1
2026-09-01T15:27:44,2026-09-01,MZTI,HOLD,0,Stochastic Oscillator,HIGH,4,38.92,112.65,4.6,0.0,6.9,0.0,0.0,2026-09-29,1.25,2.02,100.0,76.21,27.18,29.17,-8.08,28.5,2,2026-05-14 to 2026-08-31 (75 days),-1.0,48.8,0.2955,112.04,136.88,BEARISH,MEDIUM,No special conditions,6.35,-1.0,1.0,64,2026-11-04,,0
2026-09-01T15:27:23,2026-09-01,CROX,HOLD,0,VWAP Trend,HIGH,4,38.84,120.38,4.7,0.0,3.98,0.0,0.0,2026-09-03,2.04,4.72,71.4,3.13,44.23,-63.23,-6.57,2.1,7,2026-05-14 to 2026-08-31 (75 days),-1.0,38.8,0.3488,129.14,102.48,BULLISH,MEDIUM,Strong trend (ADX=38); Last surprise: +4.6%,5.37,-1.0,1.0,58,2026-10-29,4.6,0
2026-09-01T15:24:20,2026-09-01,DE,HOLD,0,Stochastic Oscillator,HIGH,5,38.79,654.91,4.74,0.0,7.11,0.0,0.0,2026-10-02,2.45,4.95,100.0,207.03,90.85,33.38,-9.25,31.0,2,2026-05-14 to 2026-08-31 (75 days),-1.0,61.6,0.3856,611.82,561.8,BULLISH,MEDIUM,High volume; Last surprise: +8.3%; Earnings conf adj: +1,4.86,-1.0,1.0,85,2026-11-25,8.28,1
2026-09-01T15:26:33,2026-09-01,CR,BUY,1,VWAP Trend,HIGH,5,38.78,205.07,4.32,196.21,2.07,209.31,9.66,2026-09-02,2.56,8.85,66.7,6.65,22.95,-35.97,-1.36,1.7,9,2026-05-14 to 2026-08-31 (75 days),0.524,38.3,0.2011,216.67,194.74,BULLISH,MEDIUM,Last surprise: +6.5%; Earnings conf adj: +1; Size: Kelly 10.0% / VolTgt 9.3% / Blend 9.7%,9.32,-1.0,1.0,55,2026-10-26,6.55,1
2026-09-01T15:24:00,2026-09-01,BALL,HOLD,0,Stochastic Oscillator,HIGH,4,38.59,62.97,2.17,0.0,3.25,0.0,0.0,2026-09-18,1.8,3.36,100.0,80.6,25.47,-19.95,-7.04,17.5,2,2026-05-14 to 2026-08-31 (75 days),-1.0,49.8,0.1636,62.7,58.57,BULLISH,LOW,Last surprise: +4.0%,10.0,-1.0,1.0,63,2026-11-03,4.04,0
2026-09-01T15:25:08,2026-09-01,MCK,BUY,1,VWAP Trend,HIGH,4,38.59,885.32,3.74,852.21,5.61,934.99,7.8,2026-09-08,1.95,3.66,55.6,3.03,60.7,-18.13,-8.29,7.9,9,2026-05-14 to 2026-08-31 (75 days),0.187,55.9,0.3351,834.81,840.89,BEARISH,MEDIUM,Last surprise: +4.1%; Size: Kelly 10.0% / VolTgt 5.6% / Blend 7.8%,5.59,-1.0,1.0,64,2026-11-04,4.09,0
2026-09-01T15:25:18,2026-09-01,NTAP,BUY,1,VWAP Trend,MEDIUM,2,38.56,185.29,5.32,175.43,5.38,195.26,7.42,2026-09-04,2.55,13.85,55.6,7.19,187.55,-156.93,-3.22,3.1,9,2026-05-14 to 2026-08-31 (75 days),0.615,47.9,0.3881,176.4,128.49,BULLISH,MEDIUM,Earnings in 1d (2026-09-02); Last surprise: +7.0%; Earnings conf adj: -2; Size: Kelly 10.0% / VolTgt 4.8% / Blend 7.4%,4.83,-1.0,1.0,1,2026-09-02,7.05,-2
2026-09-01T15:24:38,2026-09-01,FIX,BUY,1,VWAP Trend,HIGH,5,38.55,1545.62,11.07,1374.52,6.34,1643.61,6.88,2026-09-03,1.32,2.17,62.5,2.91,53.41,114.58,-12.41,2.6,8,2026-05-14 to 2026-08-31 (75 days),0.274,39.6,0.4996,1743.08,1477.58,BULLISH,HIGH,Last surprise: +19.8%; Earnings conf adj: +1; Size: Kelly 10.0% / VolTgt 3.8% / Blend 6.9%,3.75,-1.0,1.0,51,2026-10-22,19.79,1
2026-09-01T15:25:14,2026-09-01,MU,HOLD,0,VWAP Trend,HIGH,5,38.55,958.73,10.62,0.0,7.15,0.0,0.0,2026-09-03,2.31,6.31,66.7,5.72,160.7,55.14,-6.79,2.7,6,2026-05-14 to 2026-08-31 (75 days),-1.0,53.8,0.5529,951.47,591.87,BULLISH,HIGH,Last surprise: +21.4%; Earnings conf adj: +1,3.39,-1.0,1.0,29,2026-09-30,21.36,1
2026-09-01T15:26:40,2026-09-01,DAR,HOLD,0,Stochastic Oscillator,HIGH,5,38.49,66.27,9.45,0.0,14.17,0.0,0.0,2026-09-26,1.63,3.04,100.0,103.17,35.87,15.64,-14.7,25.0,2,2026-05-14 to 2026-08-31 (75 days),-1.0,58.2,0.4725,60.89,52.9,BULLISH,HIGH,High volume; Strong trend (ADX=31); Last surprise: +68.2%; Earnings conf adj: +1,3.97,-1.0,1.0,58,2026-10-29,68.24,1
2026-09-01T15:24:09,2026-09-01,CEG,HOLD,0,VWAP Trend,MEDIUM,2,38.41,274.77,4.28,0.0,6.42,0.0,0.0,2026-09-11,-0.0,-0.01,66.7,1.03,-7.18,-7.63,-22.93,10.1,9,2026-05-14 to 2026-08-31 (75 days),-1.0,52.6,0.2939,264.66,296.5,BEARISH,MEDIUM,Last surprise: +11.8%; Earnings conf adj: +1,6.38,-1.0,1.0,69,2026-11-09,11.84,1
2026-09-01T15:27:06,2026-09-01,CAVA,HOLD,0,Stochastic Oscillator,HIGH,5,38.37,65.75,11.06,0.0,16.59,0.0,0.0,2026-10-11,1.22,2.12,100.0,158.84,64.41,103.6,-16.17,40.0,2,2026-05-14 to 2026-08-31 (75 days),-1.0,44.1,0.7104,69.74,71.75,BEARISH,HIGH,Last surprise: +5.6%; Earnings conf adj: +1,2.64,-1.0,1.0,70,2026-11-10,5.56,1
2026-09-01T15:27:31,2026-09-01,CAR,HOLD,0,VWAP Trend,MEDIUM,3,38.33,147.49,5.53,0.0,8.29,0.0,0.0,2026-09-11,1.19,1.74,71.4,2.65,43.92,46.8,-15.63,10.6,7,2026-05-14 to 2026-08-31 (75 days),-1.0,51.7,0.3826,152.35,157.69,BEARISH,MEDIUM,High volume; Last surprise: -47.0%; Earnings conf adj: -1,4.9,-1.0,1.0,56,2026-10-27,-47.03,-1
2026-09-01T15:27:12,2026-09-01,CHE,HOLD,0,MACD Crossover,HIGH,5,38.3,518.71,4.02,0.0,9.06,0.0,0.0,2026-09-24,3.78,7.46,100.0,166.91,68.18,-28.81,-2.82,23.5,2,2026-05-14 to 2026-08-31 (75 days),-1.0,45.1,0.2373,509.69,445.05,BULLISH,MEDIUM,Strong trend (ADX=35); Last surprise: +8.2%; Earnings conf adj: +1,7.9,-1.0,1.0,56,2026-10-27,8.21,1
2026-09-01T15:25:11,2026-09-01,MPC,EXIT,-1,Stochastic Oscillator,HIGH,5,38.26,373.32,5.43,393.59,8.14,342.93,7.31,2026-09-11,4.11,20.72,100.0,242.6,107.02,-200.08,-1.37,10.0,2,2026-05-14 to 2026-08-31 (75 days),-1.0,73.3,0.4059,310.29,236.45,BULLISH,HIGH,RSI overbought; Strong trend (ADX=42); Last surprise: +27.1%; Earnings conf adj: +1; Size: Kelly 10.0% / VolTgt 4.6% / Blend 7.3%,4.62,-1.0,1.0,63,2026-11-03,27.1,1
2026-09-01T15:26:05,2026-09-01,MTSI,HOLD,0,VWAP Trend,HIGH,4,38.16,263.83,12.0,0.0,10.05,0.0,0.0,2026-09-03,1.1,1.88,58.3,1.63,46.78,118.82,-16.29,2.2,12,2026-05-14 to 2026-08-31 (75 days),-1.0,42.9,0.8605,298.22,261.61,BULLISH,HIGH,Last surprise: +3.7%,2.18,-1.0,1.0,65,2026-11-05,3.7,0
2026-09-01T15:26:26,2026-09-01,PEN,HOLD,1,VWAP Trend,LOW,1,38.02,323.1,1.5,318.25,0.9,326.01,0.0,2026-09-03,-0.08,-0.13,55.6,1.65,-0.2,-0.34,-1.11,2.6,9,2026-05-14 to 2026-08-31 (75 days),-1.0,50.0,0.0707,320.73,323.67,BEARISH,LOW,High volume; Strong trend (ADX=38); Last surprise: -14.4%; Earnings conf adj: -1,7.0,-1.0,1.0,64,2026-11-04,-14.41,-1
2026-09-01T15:25:28,2026-09-01,PTC,HOLD,0,VWAP Trend,LOW,1,38.01,155.74,4.44,0.0,6.66,0.0,0.0,2026-09-13,-0.25,-0.33,66.7,0.93,-17.35,-61.61,-24.41,12.7,6,2026-05-14 to 2026-08-31 (75 days),-1.0,63.3,0.3948,133.7,149.29,BEARISH,MEDIUM,Strong trend (ADX=43); Last surprise: +1.3%,4.75,-1.0,1.0,71,2026-11-11,1.28,0
2026-09-01T15:24:33,2026-09-01,EXPE,HOLD,0,ADX Trend Following,HIGH,5,38.0,317.12,7.44,0.0,17.53,0.0,0.0,2026-09-25,1.75,2.62,100.0,166.17,71.24,-196.21,-6.64,24.7,3,2026-05-14 to 2026-08-31 (75 days),-1.0,52.6,0.4479,289.99,256.94,BULLISH,HIGH,Strong trend (ADX=31); Last surprise: +9.7%; Earnings conf adj: +1,4.19,-1.0,1.0,65,2026-11-05,9.71,1
2026-09-01T15:25:37,2026-09-01,SRE,HOLD,0,ADX Trend Following,HIGH,5,37.97,81.7,4.0,0.0,6.0,0.0,0.0,2026-09-20,1.53,2.57,100.0,44.78,15.08,48.83,-3.08,19.0,2,2026-05-14 to 2026-08-31 (75 days),-1.0,35.1,0.285,89.4,90.34,BEARISH,MEDIUM,High volume; Price at statistical extreme; Last surprise: +9.4%; Earnings conf adj: +1,6.58,-1.0,1.0,64,2026-11-04,9.43,1
2026-09-01T15:23:54,2026-09-01,AMAT,HOLD,0,VWAP Trend,HIGH,4,37.95,458.39,9.89,0.0,7.27,0.0,0.0,2026-09-04,2.81,5.83,77.8,4.67,247.48,232.11,-9.6,3.6,9,2026-05-14 to 2026-08-31 (75 days),-1.0,37.1,0.4864,547.46,401.94,BULLISH,HIGH,Last surprise: +3.2%,3.85,-1.0,1.0,72,2026-11-12,3.24,0
2026-09-01T15:24:29,2026-09-01,ELV,HOLD,0,Stochastic Oscillator,HIGH,5,37.93,392.54,3.24,0.0,4.86,0.0,0.0,2026-09-26,1.34,2.5,100.0,92.15,32.33,34.52,-4.66,25.5,2,2026-05-14 to 2026-08-31 (75 days),-1.0,48.0,0.23,394.89,355.73,BULLISH,MEDIUM,Last surprise: +20.0%; Earnings conf adj: +1,8.15,-1.0,1.0,50,2026-10-21,19.97,1
2026-09-01T15:25:23,2026-09-01,PAYX,BUY,1,Momentum (Rate of Change),HIGH,4,37.92,127.34,3.56,122.81,12.46,143.21,8.79,2026-10-15,2.93,4.92,100.0,258.54,120.72,-132.42,-6.35,44.5,2,2026-05-14 to 2026-08-31 (75 days),0.512,67.3,0.2473,113.63,101.79,BULLISH,MEDIUM,Strong trend (ADX=39); Last surprise: +0.8%; Size: Kelly 10.0% / VolTgt 7.6% / Blend 8.8%,7.58,-1.0,1.0,28,2026-09-29,0.76,0
2026-09-01T15:25:27,2026-09-01,PSA,EXIT,-1,ADX Trend Following,HIGH,4,37.92,306.99,2.07,313.34,3.08,297.53,10.0,2026-09-08,1.81,3.03,66.7,12.54,15.79,7.93,-3.21,7.0,3,2026-05-14 to 2026-08-31 (75 days),-1.0,34.3,0.148,321.8,293.74,BULLISH,LOW,High volume; Price at statistical extreme; Last surprise: -3.2%; Size: Kelly 10.0% / VolTgt 10.0% / Blend 10.0%,10.0,-1.0,1.0,57,2026-10-28,-3.16,0
2026-09-01T15:24:18,2026-09-01,CVNA,HOLD,0,Stochastic Oscillator,HIGH,5,37.85,73.46,9.63,0.0,14.45,0.0,0.0,2026-10-09,1.17,1.69,100.0,158.56,61.76,41.17,-15.16,38.5,2,2026-05-14 to 2026-08-31 (75 days),-1.0,55.1,0.616,68.2,72.84,BEARISH,HIGH,Last surprise: +10.5%; Earnings conf adj: +1,3.04,-1.0,1.0,57,2026-10-28,10.53,1
2026-09-01T15:25:00,2026-09-01,KMI,HOLD,0,Stochastic Oscillator,HIGH,5,37.75,32.24,3.89,0.0,5.83,0.0,0.0,2026-09-28,1.61,2.64,100.0,78.12,27.55,36.04,-5.87,27.0,2,2026-05-14 to 2026-08-31 (75 days),-1.0,54.8,0.2543,31.86,30.5,BULLISH,MEDIUM,High volume; Last surprise: +19.4%; Earnings conf adj: +1,7.37,-1.0,1.0,57,2026-10-28,19.35,1
2026-09-01T15:27:47,2026-09-01,COPX,HOLD,0,Momentum (Rate of Change),HIGH,4,37.75,92.86,4.25,0.0,14.88,0.0,0.0,2026-10-04,1.63,2.49,100.0,184.22,73.04,57.83,-17.31,33.0,2,2026-05-14 to 2026-08-31 (75 days),-1.0,60.4,0.3842,82.14,79.72,BULLISH,MEDIUM,Strong trend (ADX=43),4.88,-1.0,1.0,-1,,,0
2026-09-01T15:24:49,2026-09-01,HST,HOLD,0,PEAD Earnings Drift,HIGH,4,37.67,21.93,2.83,0.0,9.91,0.0,0.0,2026-11-22,3.7,6.74,100.0,219.45,95.74,74.91,-5.96,82.0,1,2026-05-14 to 2026-08-31 (75 days),-1.0,31.3,0.2993,23.62,20.12,BULLISH,MEDIUM,Strong trend (ADX=34); Last surprise: +2.9%,6.27,-1.0,1.0,64,2026-11-04,2.94,0
2026-09-01T15:26:35,2026-09-01,FHN,HOLD,0,VWAP Trend,MEDIUM,3,37.62,24.32,2.64,0.0,2.26,0.0,0.0,2026-09-03,0.98,1.64,58.3,2.43,7.56,-3.88,-2.42,2.0,12,2026-05-14 to 2026-08-31 (75 days),-1.0,37.1,0.203,25.44,24.02,BULLISH,MEDIUM,Strong trend (ADX=31); Last surprise: +3.8%,9.24,-1.0,1.0,43,2026-10-14,3.85,0
2026-09-01T15:27:11,2026-09-01,HXL,HOLD,0,Stochastic Oscillator,HIGH,5,37.48,92.67,4.42,0.0,6.63,0.0,0.0,2026-09-15,2.32,5.93,100.0,133.55,49.09,47.79,-3.34,14.5,2,2026-05-14 to 2026-08-31 (75 days),-1.0,33.4,0.2628,100.69,87.86,BULLISH,MEDIUM,Strong trend (ADX=46); Last surprise: +13.8%; Earnings conf adj: +1,7.13,-1.0,1.0,50,2026-10-21,13.79,1
2026-09-01T15:25:53,2026-09-01,VTRS,HOLD,0,Stochastic Oscillator,HIGH,5,37.43,16.51,3.51,0.0,5.26,0.0,0.0,2026-09-26,1.33,2.03,100.0,76.64,25.17,34.77,-6.74,25.5,2,2026-05-14 to 2026-08-31 (75 days),-1.0,49.6,0.3315,16.57,14.38,BULLISH,MEDIUM,Last surprise: +15.0%; Earnings conf adj: +1,5.66,-1.0,1.0,65,2026-11-05,15.0,1
2026-09-01T15:26:56,2026-09-01,PBF,HOLD,0,Stochastic Oscillator,HIGH,5,37.35,72.99,11.46,0.0,15.44,0.0,0.0,2026-09-09,4.17,16.13,100.0,357.35,191.57,-451.69,-3.02,8.0,2,2026-05-14 to 2026-08-31 (75 days),-1.0,58.4,0.6934,60.99,43.16,BULLISH,HIGH,Last surprise: +51.0%; Earnings conf adj: +1,2.7,-1.0,1.0,58,2026-10-29,50.97,1
2026-09-01T15:23:56,2026-09-01,APD,HOLD,0,Stochastic Oscillator,HIGH,4,37.34,309.46,2.32,0.0,3.48,0.0,0.0,2026-10-10,1.28,2.51,100.0,86.58,31.99,18.3,-6.59,39.5,2,2026-05-14 to 2026-08-31 (75 days),-1.0,59.5,0.1763,298.01,279.16,BULLISH,LOW,High volume; Strong trend (ADX=36); Last surprise: +3.9%,10.0,-1.0,1.0,65,2026-11-05,3.89,0
2026-09-01T15:26:41,2026-09-01,MOH,HOLD,0,Stochastic Oscillator,HIGH,5,37.25,198.77,5.19,0.0,7.79,0.0,0.0,2026-09-17,1.59,3.0,100.0,124.48,45.13,21.58,-9.94,16.5,2,2026-05-14 to 2026-08-31 (75 days),-1.0,45.8,0.3687,210.84,176.1,BULLISH,MEDIUM,High volume; Last surprise: +7.9%; Earnings conf adj: +1,5.09,-1.0,1.0,50,2026-10-21,7.86,1
2026-09-01T15:24:26,2026-09-01,EBAY,HOLD,0,Stochastic Oscillator,HIGH,4,37.22,103.56,4.11,0.0,6.17,0.0,0.0,2026-09-25,0.88,1.51,100.0,54.14,16.14,40.9,-4.51,24.5,2,2026-05-14 to 2026-08-31 (75 days),-1.0,44.9,0.3436,109.22,97.65,BULLISH,MEDIUM,High volume; Last surprise: +6.0%; Earnings conf adj: +1,5.46,-1.0,1.0,64,2026-11-04,5.96,1
2026-09-01T15:27:11,2026-09-01,HIMS,HOLD,0,Momentum (Rate of Change),MEDIUM,3,37.19,29.58,12.0,0.0,24.0,0.0,0.0,2026-09-28,1.68,3.06,100.0,268.39,128.3,31.31,-19.17,27.0,2,2026-05-14 to 2026-08-31 (75 days),-1.0,47.5,0.905,31.99,28.55,BULLISH,HIGH,Last surprise: -640.0%; Earnings conf adj: -1,2.07,-1.0,1.0,69,2026-11-09,-640.0,-1
2026-09-01T15:26:46,2026-09-01,SPXC,BUY,1,VWAP Trend,HIGH,5,37.12,196.75,5.46,186.01,3.29,203.22,8.33,2026-09-03,2.83,6.0,75.0,3.94,62.8,73.65,-3.82,2.2,8,2026-05-14 to 2026-08-31 (75 days),0.484,37.9,0.2813,216.94,214.88,BULLISH,MEDIUM,Strong trend (ADX=34); Last surprise: +9.2%; Earnings conf adj: +1; Size: Kelly 10.0% / VolTgt 6.7% / Blend 8.3%,6.66,-1.0,1.0,57,2026-10-28,9.19,1
2026-09-01T15:26:51,2026-09-01,CTRE,HOLD,0,Stochastic Oscillator,HIGH,4,37.1,38.95,2.71,0.0,4.06,0.0,0.0,2026-09-20,1.61,2.65,100.0,76.41,23.81,43.4,-4.38,19.5,2,2026-05-14 to 2026-08-31 (75 days),-1.0,39.0,0.204,40.61,38.39,BULLISH,MEDIUM,Last surprise: +0.0%,9.19,-1.0,1.0,69,2026-11-09,0.0,0
2026-09-01T15:27:39,2026-09-01,TNL,HOLD,0,EMA Crossover (9/21),HIGH,4,37.07,68.76,3.95,0.0,11.85,0.0,0.0,2026-10-08,1.64,2.38,100.0,113.32,44.13,9.87,-7.02,37.5,2,2026-05-14 to 2026-08-31 (75 days),-1.0,35.1,0.2895,74.69,70.67,BULLISH,MEDIUM,Price at statistical extreme,6.48,-1.0,1.0,50,2026-10-21,,0
2026-09-01T15:25:51,2026-09-01,VEEV,HOLD,0,MACD Crossover,HIGH,5,37.05,285.69,8.44,0.0,21.64,0.0,0.0,2026-09-20,2.29,4.14,75.0,22.39,116.52,-564.16,-14.54,19.2,4,2026-05-14 to 2026-08-31 (75 days),-1.0,77.3,0.6272,210.26,198.82,BULLISH,HIGH,RSI overbought; Price at statistical extreme; Strong trend (ADX=61); Last surprise: +5.9%; Earnings conf adj: +1,2.99,-1.0,1.0,85,2026-11-25,5.86,1
2026-09-01T15:27:41,2026-09-01,OLED,BUY,1,Stochastic Oscillator,HIGH,4,37.03,83.17,7.7,76.77,11.55,92.78,6.9,2026-10-02,2.17,4.6,100.0,142.16,55.08,84.14,-3.83,31.0,1,2026-05-14 to 2026-08-31 (75 days),0.361,44.6,0.493,84.16,99.63,BEARISH,HIGH,Size: Kelly 10.0% / VolTgt 3.8% / Blend 6.9%,3.8,-1.0,1.0,65,2026-11-05,,0
2026-09-01T15:27:49,2026-09-01,UNG,HOLD,0,ADX Trend Following,HIGH,4,37.03,10.54,3.66,0.0,5.49,0.0,0.0,2026-09-12,2.75,9.17,100.0,51.95,18.0,35.69,-0.96,11.0,1,2026-05-14 to 2026-08-31 (75 days),-1.0,58.2,0.2771,10.55,11.81,BEARISH,MEDIUM,No special conditions,6.77,-1.0,1.0,-1,,,0
2026-09-01T15:24:27,2026-09-01,EG,HOLD,0,Stochastic Oscillator,HIGH,4,36.91,374.65,2.18,0.0,3.27,0.0,0.0,2026-09-24,1.72,3.65,100.0,79.89,24.28,-6.94,-3.84,23.0,2,2026-05-14 to 2026-08-31 (75 days),-1.0,52.7,0.1608,370.37,339.45,BULLISH,LOW,High volume; Last surprise: +2.2%,10.0,-1.0,1.0,57,2026-10-28,2.2,0
2026-09-01T15:24:43,2026-09-01,GNRC,HOLD,0,Stochastic Oscillator,HIGH,4,36.81,185.38,9.48,0.0,14.22,0.0,0.0,2026-09-19,0.65,1.21,100.0,44.96,13.97,88.34,-12.17,18.0,2,2026-05-14 to 2026-08-31 (75 days),-1.0,32.6,0.5483,224.88,207.88,BULLISH,HIGH,Price at statistical extreme; Strong trend (ADX=33); Last surprise: +44.8%; Earnings conf adj: +1,3.42,-1.0,1.0,57,2026-10-28,44.78,1
2026-09-01T15:27:46,2026-09-01,OLN,HOLD,0,ADX Trend Following,HIGH,4,36.78,17.4,5.26,0.0,3.66,0.0,0.0,2026-09-04,1.05,3.84,100.0,4.94,1.0,79.76,-0.2,3.0,1,2026-05-14 to 2026-08-31 (75 days),-1.0,34.7,0.2683,19.92,22.9,BEARISH,MEDIUM,Strong trend (ADX=47),6.99,-1.0,1.0,58,2026-10-29,,0
2026-09-01T15:26:42,2026-09-01,ALSN,HOLD,0,EMA Crossover (9/21),MEDIUM,3,36.68,125.71,4.58,0.0,11.45,0.0,0.0,2026-09-18,0.74,1.15,66.7,5.23,18.14,6.69,-11.86,17.0,3,2026-05-14 to 2026-08-31 (75 days),-1.0,52.6,0.3906,120.06,113.34,BULLISH,MEDIUM,Strong trend (ADX=42); Last surprise: +4.6%,4.8,-1.0,1.0,58,2026-10-29,4.6,0
2026-09-01T15:27:06,2026-09-01,DBX,HOLD,0,Momentum (Rate of Change),HIGH,4,36.63,35.19,4.62,0.0,16.17,0.0,0.0,2026-10-15,2.33,4.25,100.0,250.2,113.14,-59.94,-7.18,44.0,2,2026-05-14 to 2026-08-31 (75 days),-1.0,60.4,0.394,31.41,27.57,BULLISH,MEDIUM,Strong trend (ADX=32); Last surprise: +1.4%,4.76,-1.0,1.0,65,2026-11-05,1.35,0
2026-09-01T15:27:35,2026-09-01,DOCS,HOLD,0,Stochastic Oscillator,HIGH,4,36.58,26.71,8.59,0.0,12.88,0.0,0.0,2026-10-15,2.02,5.15,100.0,413.79,248.74,-33.97,-11.97,44.5,2,2026-05-14 to 2026-08-31 (75 days),-1.0,62.3,1.2923,22.8,29.32,BEARISH,HIGH,Strong trend (ADX=46); Last surprise: -3.3%,1.45,-1.0,1.0,65,2026-11-05,-3.33,0
2026-09-01T15:24:18,2026-09-01,CTAS,HOLD,0,Stochastic Oscillator,HIGH,4,36.51,201.79,2.08,0.0,3.12,0.0,0.0,2026-09-12,1.89,4.01,100.0,80.6,25.99,-72.18,-3.15,11.0,2,2026-05-14 to 2026-08-31 (75 days),-1.0,51.0,0.1534,194.46,185.65,BULLISH,LOW,Last surprise: +2.4%,10.0,-1.0,1.0,22,2026-09-23,2.44,0
2026-09-01T15:26:00,2026-09-01,ILMN,HOLD,0,ADX Trend Following,HIGH,5,36.5,213.63,8.81,0.0,23.91,0.0,0.0,2026-10-11,2.62,4.88,100.0,290.03,147.8,-142.3,-7.54,40.0,2,2026-05-14 to 2026-08-31 (75 days),-1.0,57.9,0.4801,194.55,149.98,BULLISH,HIGH,Strong trend (ADX=44); Last surprise: +6.5%; Earnings conf adj: +1,3.91,-1.0,1.0,58,2026-10-29,6.5,1
2026-09-01T15:25:43,2026-09-01,TGT,HOLD,0,Multi-Factor Momentum MR,HIGH,5,36.4,160.88,5.04,0.0,13.87,0.0,0.0,2026-09-30,2.36,4.17,100.0,185.22,80.67,-74.84,-10.69,29.0,2,2026-05-14 to 2026-08-31 (75 days),-1.0,60.0,0.3271,144.06,119.26,BULLISH,MEDIUM,Strong trend (ADX=45); Last surprise: +75.6%; Earnings conf adj: +1,5.73,-1.0,1.0,78,2026-11-18,75.64,1
2026-09-01T15:25:53,2026-09-01,VTR,HOLD,0,Stochastic Oscillator,HIGH,5,36.4,91.17,2.82,0.0,4.23,0.0,0.0,2026-09-25,2.23,3.39,100.0,141.9,51.47,44.71,-6.86,24.5,2,2026-05-14 to 2026-08-31 (75 days),-1.0,45.8,0.2588,92.3,84.2,BULLISH,MEDIUM,Last surprise: +54.5%; Earnings conf adj: +1,7.25,-1.0,1.0,57,2026-10-28,54.55,1
2026-09-01T15:24:41,2026-09-01,GILD,EXIT,-1,Stochastic Oscillator,HIGH,5,36.38,146.34,3.73,151.8,5.59,138.16,8.36,2026-09-29,1.15,2.05,100.0,77.53,27.03,-18.03,-7.89,28.5,2,2026-05-14 to 2026-08-31 (75 days),-1.0,62.2,0.279,134.55,132.81,BULLISH,MEDIUM,Strong trend (ADX=54); Last surprise: +6.9%; Earnings conf adj: +1; Size: Kelly 10.0% / VolTgt 6.7% / Blend 8.4%,6.72,-1.0,1.0,58,2026-10-29,6.9,1
2026-09-01T15:24:53,2026-09-01,IR,HOLD,0,MACD Crossover,HIGH,4,36.35,77.05,3.74,0.0,5.61,0.0,0.0,2026-10-05,1.56,2.61,100.0,114.47,44.71,17.56,-8.56,34.5,2,2026-05-14 to 2026-08-31 (75 days),-1.0,35.4,0.2051,81.91,82.0,BEARISH,MEDIUM,Strong trend (ADX=40); Last surprise: +3.6%,9.14,-1.0,1.0,58,2026-10-29,3.61,0
2026-09-01T15:25:24,2026-09-01,PGR,HOLD,0,Stochastic Oscillator,HIGH,4,36.35,218.08,3.28,0.0,4.92,0.0,0.0,2026-09-23,1.32,2.24,100.0,85.04,27.83,-14.04,-7.34,22.5,2,2026-05-14 to 2026-08-31 (75 days),-1.0,53.1,0.2701,216.98,208.23,BULLISH,MEDIUM,Last surprise: +0.2%,6.94,-1.0,1.0,43,2026-10-14,0.21,0
2026-09-01T15:25:15,2026-09-01,NDAQ,HOLD,0,ADX Trend Following,HIGH,5,36.29,98.61,2.22,0.0,4.48,0.0,0.0,2026-09-24,1.41,2.25,100.0,48.7,16.42,-17.0,-4.45,23.5,2,2026-05-14 to 2026-08-31 (75 days),-1.0,64.2,0.1174,91.48,89.82,BULLISH,LOW,Strong trend (ADX=33); Last surprise: +9.2%; Earnings conf adj: +1,10.0,-1.0,1.0,51,2026-10-22,9.18,1
2026-09-01T15:27:04,2026-09-01,CELH,HOLD,0,Stochastic Oscillator,MEDIUM,3,36.27,31.45,10.72,0.0,16.08,0.0,0.0,2026-10-12,1.62,2.45,100.0,276.89,133.5,101.84,-19.53,41.0,2,2026-05-14 to 2026-08-31 (75 days),-1.0,51.5,1.0541,29.99,37.97,BEARISH,HIGH,Strong trend (ADX=30); Last surprise: -14.3%; Earnings conf adj: -1,1.78,-1.0,1.0,69,2026-11-09,-14.29,-1
2026-09-01T15:26:01,2026-09-01,SN,HOLD,0,MACD Crossover,HIGH,5,36.26,192.49,3.92,0.0,13.72,0.0,0.0,2026-10-03,3.94,10.59,100.0,424.14,259.13,-386.66,-4.66,32.5,2,2026-05-14 to 2026-08-31 (75 days),-1.0,72.3,0.3788,163.99,126.45,BULLISH,MEDIUM,RSI overbought; Strong trend (ADX=45); Last surprise: +11.5%; Earnings conf adj: +1,4.95,-1.0,1.0,65,2026-11-05,11.5,1
2026-09-01T15:25:25,2026-09-01,PM,HOLD,0,Stochastic Oscillator,HIGH,5,36.24,187.3,3.44,0.0,5.16,0.0,0.0,2026-09-27,1.03,1.48,100.0,60.35,19.49,24.73,-6.04,26.5,2,2026-05-14 to 2026-08-31 (75 days),-1.0,47.1,0.2311,187.16,171.87,BULLISH,MEDIUM,Last surprise: +7.3%; Earnings conf adj: +1,8.11,-1.0,1.0,50,2026-10-21,7.32,1
2026-09-01T15:25:40,2026-09-01,SW,HOLD,0,Multi-Factor Momentum MR,MEDIUM,3,36.24,46.9,4.3,0.0,8.6,0.0,0.0,2026-10-06,1.44,2.55,100.0,166.2,68.58,-15.43,-10.43,35.0,2,2026-05-14 to 2026-08-31 (75 days),-1.0,46.8,0.3582,46.41,41.45,BULLISH,MEDIUM,Last surprise: -16.7%; Earnings conf adj: -1,5.23,-1.0,1.0,57,2026-10-28,-16.67,-1
2026-09-01T15:23:49,2026-09-01,ACN,HOLD,0,VWAP Trend,HIGH,4,36.14,189.76,5.53,0.0,8.29,0.0,0.0,2026-09-12,1.86,2.51,71.4,2.09,125.57,54.36,-27.47,11.6,7,2026-05-14 to 2026-08-31 (75 days),-1.0,66.7,0.3468,156.36,200.97,BEARISH,MEDIUM,Strong trend (ADX=31); Last surprise: +2.4%,5.41,-1.0,1.0,30,2026-10-01,2.43,0
2026-09-01T15:24:45,2026-09-01,GWW,HOLD,0,MACD Crossover,HIGH,5,36.13,1309.49,2.63,0.0,4.84,0.0,0.0,2026-09-07,1.65,3.97,75.0,408.34,19.37,11.79,-2.18,6.2,4,2026-05-14 to 2026-08-31 (75 days),-1.0,46.7,0.2467,1340.6,1166.07,BULLISH,MEDIUM,High volume; Last surprise: +6.3%; Earnings conf adj: +1,7.6,-1.0,1.0,64,2026-11-04,6.28,1
2026-09-01T15:27:39,2026-09-01,MAT,HOLD,0,MACD Crossover,HIGH,4,36.1,14.95,4.24,0.0,6.36,0.0,0.0,2026-09-10,1.18,2.38,66.7,5.02,21.96,25.52,-6.35,9.7,3,2026-05-14 to 2026-08-31 (75 days),-1.0,53.3,0.2816,14.37,16.63,BEARISH,MEDIUM,No special conditions,6.66,-1.0,1.0,56,2026-10-27,,0
2026-09-01T15:24:34,2026-09-01,FAST,HOLD,0,Stochastic Oscillator,HIGH,4,36.02,49.31,2.96,0.0,4.44,0.0,0.0,2026-09-22,4.15,10.48,100.0,157.32,60.52,10.11,-2.99,21.0,1,2026-05-14 to 2026-08-31 (75 days),-1.0,46.1,0.2304,48.34,44.8,BULLISH,MEDIUM,Price at statistical extreme; Last surprise: +0.0%,8.14,-1.0,1.0,43,2026-10-14,0.0,0
2026-09-01T15:23:54,2026-09-01,ALLE,HOLD,0,MACD Crossover,HIGH,5,35.99,155.25,3.54,0.0,10.07,0.0,0.0,2026-10-07,1.54,2.57,100.0,95.35,36.32,-43.85,-4.53,36.0,2,2026-05-14 to 2026-08-31 (75 days),-1.0,43.6,0.2131,150.94,150.56,BULLISH,MEDIUM,High volume; Price at statistical extreme; Last surprise: +8.1%; Earnings conf adj: +1,8.8,-1.0,1.0,51,2026-10-22,8.11,1
2026-09-01T15:27:16,2026-09-01,SWX,HOLD,0,ADX Trend Following,HIGH,4,35.96,88.33,2.18,0.0,5.57,0.0,0.0,2026-09-15,1.07,1.78,66.7,4.95,11.68,11.47,-3.17,14.0,3,2026-05-14 to 2026-08-31 (75 days),-1.0,41.2,0.1892,90.3,85.9,BULLISH,LOW,Last surprise: +2.3%,9.91,-1.0,1.0,64,2026-11-04,2.27,0
2026-09-01T15:25:56,2026-09-01,WSM,HOLD,0,MACD Crossover,HIGH,5,35.92,228.25,5.62,0.0,10.64,0.0,0.0,2026-10-01,2.62,5.51,100.0,208.24,91.67,-64.94,-7.54,30.0,2,2026-05-14 to 2026-08-31 (75 days),-1.0,39.9,0.2466,233.18,202.53,BULLISH,MEDIUM,High volume; Price at statistical extreme; Last surprise: +37.9%; Earnings conf adj: +1,7.6,-1.0,1.0,78,2026-11-18,37.86,1
2026-09-01T15:24:38,2026-09-01,FITB,HOLD,0,VWAP Trend,HIGH,4,35.89,53.77,2.19,0.0,2.11,0.0,0.0,2026-09-03,2.52,4.7,69.2,3.11,46.24,-7.79,-4.36,2.2,13,2026-05-14 to 2026-08-31 (75 days),-1.0,32.0,0.1807,56.6,50.13,BULLISH,LOW,Strong trend (ADX=32); Last surprise: -1.2%,10.0,-1.0,1.0,48,2026-10-19,-1.19,0
2026-09-01T15:26:56,2026-09-01,IDCC,HOLD,0,MACD Crossover,HIGH,5,35.89,335.03,4.66,0.0,6.99,0.0,0.0,2026-10-04,1.94,3.44,100.0,174.42,74.95,-37.22,-10.55,33.5,2,2026-05-14 to 2026-08-31 (75 days),-1.0,57.2,0.3805,299.85,318.05,BEARISH,MEDIUM,Strong trend (ADX=32); Last surprise: +202.0%; Earnings conf adj: +1,4.93,-1.0,1.0,58,2026-10-29,201.96,1
2026-09-01T15:23:59,2026-09-01,AVGO,HOLD,0,Stochastic Oscillator,LOW,1,35.81,370.34,6.83,0.0,10.25,0.0,0.0,2026-10-05,0.82,1.25,100.0,77.27,26.33,70.34,-12.24,34.0,2,2026-05-14 to 2026-08-31 (75 days),-1.0,43.6,0.4402,385.29,368.63,BULLISH,HIGH,Strong trend (ADX=33); Earnings in 1d (2026-09-02); Last surprise: +1.7%; Earnings conf adj: -2,4.26,-1.0,1.0,1,2026-09-02,1.67,-2
2026-09-01T15:27:22,2026-09-01,TXNM,HOLD,0,Stochastic Oscillator,HIGH,4,35.78,57.61,1.5,0.0,1.69,0.0,0.0,2026-09-28,1.22,2.11,100.0,26.62,5.71,13.01,-1.9,27.0,2,2026-05-14 to 2026-08-31 (75 days),-1.0,55.4,0.0413,57.17,57.7,BEARISH,LOW,High volume; Last surprise: +1.8%,10.0,-1.0,1.0,59,2026-10-30,1.75,0
2026-09-01T15:24:03,2026-09-01,BLK,HOLD,0,ADX Trend Following,HIGH,5,35.74,1155.61,2.15,0.0,4.36,0.0,0.0,2026-09-11,2.43,5.24,80.0,9.92,58.71,39.63,-4.02,10.6,5,2026-05-14 to 2026-08-31 (75 days),-1.0,56.7,0.1701,1082.83,1051.26,BULLISH,LOW,Last surprise: +9.6%; Earnings conf adj: +1,10.0,-1.0,1.0,43,2026-10-14,9.61,1
2026-09-01T15:25:47,2026-09-01,TT,HOLD,0,VWAP Trend,HIGH,4,35.73,444.4,3.29,0.0,2.87,0.0,0.0,2026-09-03,3.28,10.13,62.5,7.29,46.24,69.64,-1.77,2.6,8,2026-05-14 to 2026-08-31 (75 days),-1.0,37.6,0.2262,472.03,442.8,BULLISH,MEDIUM,Strong trend (ADX=31); Last surprise: +1.2%,8.29,-1.0,1.0,58,2026-10-29,1.17,0
2026-09-01T15:25:59,2026-09-01,YUM,HOLD,0,Stochastic Oscillator,MEDIUM,3,35.72,153.31,3.83,0.0,5.75,0.0,0.0,2026-10-03,0.95,1.55,100.0,61.66,20.77,12.8,-7.8,32.0,2,2026-05-14 to 2026-08-31 (75 days),-1.0,52.6,0.3388,153.23,154.0,BEARISH,MEDIUM,Last surprise: +3.8%,5.53,-1.0,1.0,63,2026-11-03,3.85,0
2026-09-01T15:26:55,2026-09-01,BRKR,HOLD,0,VWAP Trend,HIGH,4,35.61,58.01,8.41,0.0,11.17,0.0,0.0,2026-09-03,0.7,1.23,57.1,1.54,17.41,-136.54,-11.36,2.4,7,2026-05-14 to 2026-08-31 (75 days),-1.0,50.3,0.9158,58.7,47.64,BULLISH,HIGH,Last surprise: +28.9%; Earnings conf adj: +1,2.05,-1.0,1.0,63,2026-11-03,28.95,1
2026-09-01T15:26:51,2026-09-01,TTEK,HOLD,0,MACD Crossover,HIGH,4,35.58,36.14,3.56,0.0,10.68,0.0,0.0,2026-10-13,2.36,3.87,100.0,187.0,82.41,-118.68,-8.5,42.0,2,2026-05-14 to 2026-08-31 (75 days),-1.0,60.0,0.2584,32.82,32.82,BULLISH,MEDIUM,Last surprise: +5.0%,7.26,-1.0,1.0,71,2026-11-11,5.0,0
2026-09-01T15:24:15,2026-09-01,COR,HOLD,0,VWAP Trend,HIGH,4,35.56,323.6,3.75,0.0,5.62,0.0,0.0,2026-09-07,1.79,3.1,77.8,4.63,31.15,-79.52,-4.35,6.1,9,2026-05-14 to 2026-08-31 (75 days),-1.0,57.1,0.3266,307.42,321.26,BEARISH,MEDIUM,Last surprise: +3.2%,5.74,-1.0,1.0,64,2026-11-04,3.23,0
2026-09-01T15:26:13,2026-09-01,JAZZ,HOLD,0,ADX Trend Following,MEDIUM,3,35.52,250.68,4.6,0.0,9.2,0.0,0.0,2026-10-01,1.82,3.13,100.0,110.26,42.09,10.08,-6.37,30.5,2,2026-05-14 to 2026-08-31 (75 days),-1.0,50.2,0.3286,247.45,203.54,BULLISH,MEDIUM,Last surprise: -7.6%; Earnings conf adj: -1,5.71,-1.0,1.0,64,2026-11-04,-7.61,-1
2026-09-01T15:23:49,2026-09-01,ABT,HOLD,0,MACD Crossover,HIGH,4,35.47,110.36,3.2,0.0,4.8,0.0,0.0,2026-10-20,1.84,3.02,100.0,129.08,51.16,-99.11,-7.32,49.5,2,2026-05-14 to 2026-08-31 (75 days),-1.0,53.1,0.2121,102.68,105.58,BEARISH,MEDIUM,Strong trend (ADX=35); Last surprise: +2.3%,8.84,-1.0,1.0,43,2026-10-14,2.34,0
2026-09-01T15:27:33,2026-09-01,BC,BUY,1,VWAP Trend,MEDIUM,2,35.4,75.9,4.85,72.22,3.16,78.3,7.28,2026-09-03,0.72,1.31,50.0,1.44,11.11,21.73,-6.25,2.2,12,2026-05-14 to 2026-08-31 (75 days),0.54,35.2,0.2709,80.31,77.74,BULLISH,MEDIUM,High volume; Price at statistical extreme; Last surprise: +31.1%; Earnings conf adj: +1; Size: Kelly 7.6% / VolTgt 6.9% / Blend 7.3%,6.92,-1.0,1.0,51,2026-10-22,31.09,1
2026-09-01T15:26:49,2026-09-01,SIRI,HOLD,0,VWAP Trend,MEDIUM,3,35.33,28.17,3.27,0.0,2.61,0.0,0.0,2026-09-03,1.67,2.53,71.4,5.96,21.81,-9.87,-4.45,2.3,7,2026-05-14 to 2026-08-31 (75 days),-1.0,41.5,0.2186,29.42,24.47,BULLISH,MEDIUM,Last surprise: -10.3%; Earnings conf adj: -1,8.58,-1.0,1.0,65,2026-11-05,-10.26,-1
2026-09-01T15:25:57,2026-09-01,WYNN,HOLD,0,MACD Crossover,HIGH,4,35.31,91.28,4.33,0.0,6.5,0.0,0.0,2026-09-26,0.62,1.14,100.0,31.98,10.62,23.17,-5.57,25.5,2,2026-05-14 to 2026-08-31 (75 days),-1.0,30.8,0.2894,98.72,107.2,BEARISH,MEDIUM,High volume; Price at statistical extreme; Strong trend (ADX=35); Last surprise: +26.5%; Earnings conf adj: +1,6.48,-1.0,1.0,65,2026-11-05,26.53,1
2026-09-01T15:24:23,2026-09-01,DIS,HOLD,0,ADX Trend Following,HIGH,5,35.29,107.55,3.09,0.0,4.63,0.0,0.0,2026-09-20,2.18,3.62,66.7,17.76,54.02,44.15,-6.9,19.7,3,2026-05-14 to 2026-08-31 (75 days),-1.0,57.8,0.2875,100.69,103.31,BEARISH,MEDIUM,Strong trend (ADX=38); Last surprise: +11.4%; Earnings conf adj: +1,6.52,-1.0,1.0,72,2026-11-12,11.35,1
2026-09-01T15:23:54,2026-09-01,ALL,HOLD,0,Stochastic Oscillator,HIGH,5,35.15,257.8,3.07,0.0,4.6,0.0,0.0,2026-09-12,1.62,3.23,100.0,80.4,25.2,-59.44,-2.71,11.0,2,2026-05-14 to 2026-08-31 (75 days),-1.0,49.7,0.2942,254.3,219.59,BULLISH,MEDIUM,Last surprise: +48.1%; Earnings conf adj: +1,6.37,-1.0,1.0,64,2026-11-04,48.11,1
2026-09-01T15:25:13,2026-09-01,MRSH,HOLD,0,Stochastic Oscillator,HIGH,4,35.14,189.8,2.38,0.0,3.57,0.0,0.0,2026-09-20,1.12,1.88,100.0,51.37,15.23,-67.06,-5.27,19.0,2,2026-05-14 to 2026-08-31 (75 days),-1.0,52.5,0.1705,182.56,176.29,BULLISH,LOW,Last surprise: +2.4%,10.0,-1.0,1.0,44,2026-10-15,2.42,0
2026-09-01T15:24:33,2026-09-01,EXPD,HOLD,0,Momentum (Rate of Change),HIGH,5,35.01,189.65,2.96,0.0,10.36,0.0,0.0,2026-09-29,2.43,4.14,100.0,139.31,54.95,-53.65,-7.4,28.0,3,2026-05-14 to 2026-08-31 (75 days),-1.0,65.8,0.2871,176.23,157.2,BULLISH,MEDIUM,Strong trend (ADX=45); Last surprise: +20.1%; Earnings conf adj: +1,6.53,-1.0,1.0,63,2026-11-03,20.12,1
2026-09-01T15:26:15,2026-09-01,RBA,HOLD,0,ADX Trend Following,MEDIUM,2,35.01,84.58,6.04,0.0,9.06,0.0,0.0,2026-09-09,0.26,0.39,66.7,1.53,2.81,48.33,-5.65,8.0,3,2026-05-14 to 2026-08-31 (75 days),-1.0,32.9,0.587,102.35,103.25,BEARISH,HIGH,Strong trend (ADX=43); Last surprise: +0.0%,3.19,-1.0,1.0,65,2026-11-05,0.0,0
2026-09-01T15:27:01,2026-09-01,UGI,HOLD,0,SMA Crossover (10/50),MEDIUM,2,35.0,38.45,5.56,0.0,13.9,0.0,0.0,2026-09-25,0.89,1.32,100.0,33.77,11.3,-46.08,-8.95,24.5,2,2026-05-14 to 2026-08-31 (75 days),-1.0,63.5,0.4062,36.17,36.15,BULLISH,HIGH,Strong trend (ADX=31); Last surprise: -53.8%; Earnings conf adj: -1,4.62,-1.0,1.0,78,2026-11-18,-53.85,-1
2026-09-01T15:25:30,2026-09-01,PSKY,HOLD,0,Momentum (Rate of Change),HIGH,4,34.94,10.91,5.6,0.0,8.4,0.0,0.0,2026-09-25,3.94,9.91,100.0,186.16,69.85,38.11,-2.92,24.0,1,2026-05-14 to 2026-08-31 (75 days),-1.0,73.7,0.2687,9.47,11.03,BEARISH,MEDIUM,RSI overbought; Strong trend (ADX=66); Last surprise: +0.0%,6.98,-1.0,1.0,69,2026-11-09,0.0,0
2026-09-01T15:24:29,2026-09-01,EQT,HOLD,0,VWAP Trend,LOW,1,34.9,54.18,3.76,0.0,5.0,0.0,0.0,2026-09-08,-0.07,-0.14,55.6,1.02,-4.16,8.59,-10.33,7.1,9,2026-05-14 to 2026-08-31 (75 days),-1.0,56.1,0.2381,52.26,55.93,BEARISH,MEDIUM,Last surprise: -2.5%,7.0,-1.0,1.0,49,2026-10-20,-2.5,0
2026-09-01T15:24:30,2026-09-01,EOG,HOLD,0,Stochastic Oscillator,HIGH,4,34.82,144.96,3.22,0.0,4.83,0.0,0.0,2026-09-11,2.82,8.76,100.0,69.1,22.16,-5.31,-1.39,10.0,1,2026-05-14 to 2026-08-31 (75 days),-1.0,51.5,0.3758,140.12,126.47,BULLISH,MEDIUM,Last surprise: +2.0%,4.99,-1.0,1.0,65,2026-11-05,2.01,0
2026-09-01T15:23:53,2026-09-01,ALB,HOLD,0,Composite Multi-Indicator,HIGH,5,34.8,134.97,8.08,0.0,12.12,0.0,0.0,2026-10-11,1.92,3.55,100.0,148.17,59.46,128.59,-7.03,40.0,1,2026-05-14 to 2026-08-31 (75 days),-1.0,53.6,0.4675,129.25,155.71,BEARISH,HIGH,Strong trend (ADX=33); Last surprise: +15.7%; Earnings conf adj: +1,4.01,-1.0,1.0,64,2026-11-04,15.74,1
2026-09-01T15:24:28,2026-09-01,EME,HOLD,1,VWAP Trend,LOW,1,34.78,734.54,5.71,692.6,3.91,763.26,0.0,2026-09-03,-0.11,-0.15,50.0,1.06,-1.88,53.27,-4.69,2.0,8,2026-05-14 to 2026-08-31 (75 days),-1.0,39.3,0.3512,788.13,756.24,BULLISH,MEDIUM,High volume; Strong trend (ADX=39); Last surprise: +25.3%; Earnings conf adj: +1,5.34,-1.0,1.0,58,2026-10-29,25.31,1
2026-09-01T15:27:17,2026-09-01,MTG,HOLD,0,Composite Multi-Indicator,HIGH,5,34.76,30.65,1.56,0.0,4.68,0.0,0.0,2026-10-24,4.3,11.24,100.0,190.33,76.65,-3.91,-1.77,53.0,1,2026-05-14 to 2026-08-31 (75 days),-1.0,54.2,0.1161,29.45,27.45,BULLISH,LOW,Last surprise: +14.5%; Earnings conf adj: +1,10.0,-1.0,1.0,57,2026-10-28,14.47,1
2026-09-01T15:23:57,2026-09-01,APO,HOLD,0,VWAP Trend,HIGH,4,34.75,136.58,4.15,0.0,6.23,0.0,0.0,2026-09-05,1.37,2.17,62.5,3.22,28.56,22.88,-5.46,4.6,8,2026-05-14 to 2026-08-31 (75 days),-1.0,59.5,0.3991,126.11,126.65,BEARISH,MEDIUM,Last surprise: -2.3%,4.7,-1.0,1.0,63,2026-11-03,-2.31,0
2026-09-01T15:24:51,2026-09-01,IDXX,HOLD,0,VWAP Trend,HIGH,5,34.71,556.69,4.12,0.0,6.18,0.0,0.0,2026-09-10,1.67,2.48,62.5,3.47,49.99,33.92,-7.04,9.0,8,2026-05-14 to 2026-08-31 (75 days),-1.0,48.6,0.2854,558.99,610.27,BEARISH,MEDIUM,Last surprise: +8.7%; Earnings conf adj: +1,6.57,-1.0,1.0,62,2026-11-02,8.65,1
2026-09-01T15:24:23,2026-09-01,DLTR,HOLD,0,Stochastic Oscillator,HIGH,5,34.57,126.59,5.75,0.0,8.62,0.0,0.0,2026-09-17,2.07,7.31,100.0,239.22,100.74,-119.17,-7.08,16.5,2,2026-05-14 to 2026-08-31 (75 days),-1.0,46.6,0.285,126.09,116.57,BULLISH,MEDIUM,Strong trend (ADX=31); Last surprise: +136.8%; Earnings conf adj: +1,6.58,-1.0,1.0,-5,2026-08-27,136.84,1
2026-09-01T15:26:48,2026-09-01,OSK,HOLD,0,Stochastic Oscillator,HIGH,5,34.56,154.11,4.58,0.0,6.87,0.0,0.0,2026-09-24,1.66,2.98,100.0,115.7,43.04,-60.4,-5.42,23.0,2,2026-05-14 to 2026-08-31 (75 days),-1.0,53.4,0.3239,149.17,144.01,BULLISH,MEDIUM,Last surprise: +10.0%; Earnings conf adj: +1,5.79,-1.0,1.0,57,2026-10-28,9.96,1
2026-09-01T15:26:22,2026-09-01,FIVE,HOLD,0,EMA Crossover (9/21),MEDIUM,2,34.54,246.84,7.49,0.0,13.95,0.0,0.0,2026-09-15,2.56,4.97,66.7,22.2,88.68,28.48,-7.93,14.7,3,2026-05-14 to 2026-08-31 (75 days),-1.0,58.6,0.462,213.64,206.42,BULLISH,HIGH,Strong trend (ADX=41); Earnings in 1d (2026-09-02); Last surprise: +24.0%; Earnings conf adj: -2,4.06,-1.0,1.0,1,2026-09-02,24.02,-2
2026-09-01T15:25:57,2026-09-01,WTW,HOLD,0,MACD Crossover,HIGH,5,34.53,338.55,3.21,0.0,9.63,0.0,0.0,2026-10-11,2.25,4.86,100.0,167.59,71.08,-122.57,-4.15,40.0,2,2026-05-14 to 2026-08-31 (75 days),-1.0,57.2,0.2081,309.53,298.44,BULLISH,MEDIUM,Last surprise: +7.7%; Earnings conf adj: +1,9.01,-1.0,1.0,58,2026-10-29,7.72,1
2026-09-01T15:24:46,2026-09-01,HLT,HOLD,1,VWAP Trend,LOW,0,34.41,316.28,3.26,305.97,3.33,326.81,0.0,2026-09-03,-0.5,-0.76,50.0,0.91,-6.29,-6.35,-6.81,2.5,10,2026-05-14 to 2026-08-31 (75 days),-1.0,41.8,0.2675,327.2,311.7,BULLISH,MEDIUM,Last surprise: +0.9%,7.0,-1.0,1.0,57,2026-10-28,0.88,0
2026-09-01T15:27:36,2026-09-01,HAE,EXIT,-1,MACD Crossover,HIGH,5,34.39,103.07,6.92,110.2,24.22,78.11,6.48,2026-10-04,3.7,11.98,100.0,480.44,328.62,-317.75,-11.27,33.5,2,2026-05-14 to 2026-08-31 (75 days),-1.0,67.1,0.6345,85.43,72.11,BULLISH,HIGH,Strong trend (ADX=44); Last surprise: +5.6%; Earnings conf adj: +1; Size: Kelly 10.0% / VolTgt 3.0% / Blend 6.5%,2.96,-1.0,1.0,65,2026-11-05,5.56,1
2026-09-01T15:24:22,2026-09-01,DHR,HOLD,0,Composite Multi-Indicator,HIGH,5,34.36,213.56,4.06,0.0,6.09,0.0,0.0,2026-10-12,2.86,8.96,100.0,192.01,81.14,-63.61,-4.68,41.0,1,2026-05-14 to 2026-08-31 (75 days),-1.0,59.5,0.2985,199.67,202.48,BEARISH,MEDIUM,Strong trend (ADX=38); Last surprise: +5.4%; Earnings conf adj: +1,6.28,-1.0,1.0,49,2026-10-20,5.43,1
2026-09-01T15:27:01,2026-09-01,CBSH,HOLD,0,VWAP Trend,HIGH,4,34.35,57.71,1.8,0.0,1.3,0.0,0.0,2026-09-03,3.76,13.21,71.4,6.89,28.11,-26.57,-1.71,2.6,7,2026-05-14 to 2026-08-31 (75 days),-1.0,40.0,0.1027,58.63,53.3,BULLISH,LOW,Strong trend (ADX=41); Last surprise: +4.8%,10.0,-1.0,1.0,44,2026-10-15,4.76,0
2026-09-01T15:26:08,2026-09-01,NTNX,HOLD,0,Momentum (Rate of Change),HIGH,5,34.33,68.57,5.72,0.0,20.02,0.0,0.0,2026-10-15,2.75,5.31,100.0,348.82,180.02,-122.96,-14.03,44.0,2,2026-05-14 to 2026-08-31 (75 days),-1.0,65.9,0.3874,58.5,48.82,BULLISH,MEDIUM,Strong trend (ADX=54); Last surprise: +22.4%; Earnings conf adj: +1,4.84,-1.0,1.0,85,2026-11-25,22.45,1
2026-09-01T15:26:36,2026-09-01,SCI,HOLD,0,MACD Crossover,MEDIUM,3,34.22,81.64,2.35,0.0,4.7,0.0,0.0,2026-09-30,0.91,1.46,100.0,46.7,16.17,-1.07,-5.31,29.5,2,2026-05-14 to 2026-08-31 (75 days),-1.0,44.5,0.184,80.82,79.33,BULLISH,LOW,Price at statistical extreme; Last surprise: +1.1%,10.0,-1.0,1.0,57,2026-10-28,1.12,0
2026-09-01T15:27:42,2026-09-01,FOUR,HOLD,0,Stochastic Oscillator,HIGH,4,34.22,42.28,12.0,0.0,18.0,0.0,0.0,2026-10-04,1.36,2.49,100.0,199.09,83.64,81.52,-21.19,33.5,2,2026-05-14 to 2026-08-31 (75 days),-1.0,39.4,0.9465,47.98,52.2,BEARISH,HIGH,No special conditions,1.98,-1.0,1.0,65,2026-11-05,,0
2026-09-01T15:24:50,2026-09-01,ICE,HOLD,0,EMA Crossover (9/21),HIGH,4,34.19,160.7,2.36,0.0,3.54,0.0,0.0,2026-10-17,3.07,5.56,100.0,132.61,52.23,39.5,-4.52,46.0,1,2026-05-14 to 2026-08-31 (75 days),-1.0,66.2,0.1524,145.45,154.36,BEARISH,LOW,Strong trend (ADX=60); Last surprise: +3.3%,10.0,-1.0,1.0,58,2026-10-29,3.26,0
2026-09-01T15:25:10,2026-09-01,MET,HOLD,0,PEAD Earnings Drift,HIGH,5,34.15,95.17,2.46,0.0,7.38,0.0,0.0,2026-11-22,3.38,5.88,100.0,213.04,92.26,1.2,-4.77,82.0,1,2026-05-14 to 2026-08-31 (75 days),-1.0,49.8,0.2165,93.14,80.63,BULLISH,MEDIUM,Last surprise: +6.1%; Earnings conf adj: +1,8.66,-1.0,1.0,69,2026-11-09,6.11,1
2026-09-01T15:27:15,2026-09-01,ELF,HOLD,0,MACD Crossover,HIGH,5,34.13,109.05,7.65,0.0,16.15,0.0,0.0,2026-09-14,3.04,5.41,66.7,4.96,263.43,-635.92,-13.73,13.5,6,2026-05-14 to 2026-08-31 (75 days),-1.0,72.7,0.5582,84.25,75.38,BULLISH,HIGH,RSI overbought; Strong trend (ADX=57); Last surprise: +143.1%; Earnings conf adj: +1,3.36,-1.0,1.0,64,2026-11-04,143.06,1
2026-09-01T15:24:12,2026-09-01,CMCSA,HOLD,0,ADX Trend Following,HIGH,5,34.11,26.62,3.37,0.0,5.05,0.0,0.0,2026-10-02,2.56,4.54,100.0,110.02,42.14,15.42,-2.9,31.0,1,2026-05-14 to 2026-08-31 (75 days),-1.0,58.3,0.2554,24.48,26.39,BEARISH,MEDIUM,Strong trend (ADX=37); Last surprise: +7.2%; Earnings conf adj: +1,7.34,-1.0,1.0,58,2026-10-29,7.22,1
2026-09-01T15:27:19,2026-09-01,PEGA,HOLD,0,SMA Crossover (10/50),MEDIUM,3,34.09,36.81,7.6,0.0,11.4,0.0,0.0,2026-09-20,2.76,8.02,100.0,176.19,73.11,32.02,-4.56,19.0,1,2026-05-14 to 2026-08-31 (75 days),-1.0,68.5,0.4514,31.51,41.81,BEARISH,HIGH,Price at statistical extreme; Strong trend (ADX=36); Last surprise: -18.6%; Earnings conf adj: -1,4.15,-1.0,1.0,49,2026-10-20,-18.6,-1
2026-09-01T15:27:31,2026-09-01,SBRA,HOLD,0,Stochastic Oscillator,MEDIUM,3,34.05,20.39,2.7,0.0,4.05,0.0,0.0,2026-09-22,1.2,2.08,100.0,58.32,16.86,20.11,-4.5,21.0,2,2026-05-14 to 2026-08-31 (75 days),-1.0,48.8,0.2348,20.2,19.27,BULLISH,MEDIUM,Last surprise: -11.8%; Earnings conf adj: -1,7.98,-1.0,1.0,64,2026-11-04,-11.76,-1
2026-09-01T15:26:27,2026-09-01,BMRN,HOLD,0,VWAP Trend,HIGH,5,34.01,65.23,5.4,0.0,7.64,0.0,0.0,2026-09-06,1.81,4.0,62.5,9.32,59.34,-40.36,-5.56,5.6,8,2026-05-14 to 2026-08-31 (75 days),-1.0,52.7,0.4101,61.82,57.62,BULLISH,HIGH,Last surprise: +26.3%; Earnings conf adj: +1,4.57,-1.0,1.0,55,2026-10-26,26.32,1
2026-09-01T15:24:22,2026-09-01,DELL,BUY,1,VWAP Trend,LOW,1,33.98,456.01,10.69,407.26,10.29,502.93,4.9,2026-09-04,1.92,7.06,75.0,16.98,207.21,-494.29,-15.53,3.8,4,2026-05-14 to 2026-08-31 (75 days),0.683,52.6,0.6704,433.82,245.67,BULLISH,HIGH,EARNINGS TODAY (2026-09-01); Last surprise: +64.2%; Earnings conf adj: -3; Size: Kelly 7.0% / VolTgt 2.8% / Blend 4.9%,2.8,-1.0,1.0,0,2026-09-01,64.19,-3
2026-09-01T15:25:23,2026-09-01,PFE,HOLD,0,SMA Crossover (10/50),HIGH,5,33.98,28.46,3.17,0.0,9.63,0.0,0.0,2026-09-29,3.47,8.17,100.0,136.04,53.82,4.66,-2.74,28.0,1,2026-05-14 to 2026-08-31 (75 days),-1.0,68.4,0.2312,25.44,25.36,BULLISH,MEDIUM,Strong trend (ADX=67); Last surprise: +13.2%; Earnings conf adj: +1,8.11,-1.0,1.0,63,2026-11-03,13.24,1
2026-09-01T15:24:41,2026-09-01,GEHC,HOLD,0,Stochastic Oscillator,HIGH,5,33.97,71.23,2.44,0.0,3.66,0.0,0.0,2026-09-20,2.27,8.11,100.0,192.13,75.14,20.19,-5.4,19.0,1,2026-05-14 to 2026-08-31 (75 days),-1.0,50.7,0.1961,67.77,72.74,BEARISH,LOW,Strong trend (ADX=31); Last surprise: +8.7%; Earnings conf adj: +1,9.56,-1.0,1.0,57,2026-10-28,8.65,1
2026-09-01T15:26:34,2026-09-01,MOG-A,HOLD,0,PEAD Earnings Drift,HIGH,5,33.9,371.5,8.04,0.0,28.14,0.0,0.0,2026-11-10,3.7,7.98,100.0,349.84,171.9,93.49,-10.18,70.0,1,2026-05-14 to 2026-08-31 (75 days),-1.0,38.3,0.4477,405.67,324.92,BULLISH,HIGH,Strong trend (ADX=43); Last surprise: +39.8%; Earnings conf adj: +1,4.19,-1.0,1.0,80,2026-11-20,39.85,1
2026-09-01T15:25:30,2026-09-01,QCOM,HOLD,0,ADX Trend Following,HIGH,4,33.85,170.48,5.69,0.0,13.95,0.0,0.0,2026-09-20,1.38,2.61,100.0,44.44,14.78,56.08,-4.38,19.0,1,2026-05-14 to 2026-08-31 (75 days),-1.0,55.8,0.4065,172.4,167.05,BULLISH,HIGH,Price at statistical extreme; Last surprise: -0.5%,4.61,-1.0,1.0,58,2026-10-29,-0.45,0
2026-09-01T15:26:24,2026-09-01,SEIC,BUY,1,52-Week High Momentum,HIGH,5,33.85,110.98,1.72,109.07,6.02,117.66,10.0,2026-12-18,3.62,6.89,100.0,231.38,102.33,6.96,-5.45,108.0,1,2026-05-14 to 2026-08-31 (75 days),0.77,76.1,0.1009,100.48,87.68,BULLISH,LOW,RSI overbought; Strong trend (ADX=63); Last surprise: +15.3%; Earnings conf adj: +1; Size: Kelly 10.0% / VolTgt 10.0% / Blend 10.0%,10.0,-1.0,1.0,50,2026-10-21,15.28,1
2026-09-01T15:24:21,2026-09-01,DG,HOLD,0,EMA Crossover (9/21),HIGH,5,33.84,126.75,4.8,0.0,7.2,0.0,0.0,2026-10-07,1.13,1.82,100.0,90.0,33.96,-58.9,-9.44,36.5,2,2026-05-14 to 2026-08-31 (75 days),-1.0,56.8,0.2961,121.44,124.63,BEARISH,MEDIUM,High volume; Last surprise: +23.4%; Earnings conf adj: +1,6.33,-1.0,1.0,-5,2026-08-27,23.38,1
2026-09-01T15:24:19,2026-09-01,CVX,BUY,1,PEAD Earnings Drift,HIGH,5,33.82,206.14,2.69,200.59,8.07,222.78,8.86,2026-09-27,3.18,8.35,100.0,114.49,43.63,-5.41,-2.92,26.0,1,2026-05-14 to 2026-08-31 (75 days),0.492,66.8,0.2431,186.88,177.0,BULLISH,MEDIUM,High volume; Last surprise: +8.8%; Earnings conf adj: +1; Size: Kelly 10.0% / VolTgt 7.7% / Blend 8.9%,7.71,-1.0,1.0,59,2026-10-30,8.8,1
2026-09-01T15:23:49,2026-09-01,ABBV,HOLD,0,Stochastic Oscillator,HIGH,4,33.79,256.42,3.15,0.0,4.72,0.0,0.0,2026-09-16,2.54,7.33,100.0,85.48,26.47,-73.26,-1.56,15.0,1,2026-05-14 to 2026-08-31 (75 days),-1.0,51.7,0.2109,252.01,225.16,BULLISH,MEDIUM,Last surprise: +1.1%,8.89,-1.0,1.0,58,2026-10-29,1.11,0
2026-09-01T15:26:50,2026-09-01,HLI,HOLD,0,VWAP Trend,LOW,0,33.76,133.29,4.49,0.0,6.74,0.0,0.0,2026-09-07,0.5,0.77,50.0,1.27,10.92,44.31,-9.66,6.8,12,2026-05-14 to 2026-08-31 (75 days),-1.0,54.2,0.3792,133.91,153.81,BEARISH,MEDIUM,Last surprise: -17.7%; Earnings conf adj: -1,4.95,-1.0,1.0,58,2026-10-29,-17.68,-1
2026-09-01T15:24:38,2026-09-01,FOXA,HOLD,0,EMA Crossover (9/21),HIGH,5,33.66,67.35,4.06,0.0,6.09,0.0,0.0,2026-10-12,2.48,5.09,100.0,168.88,68.88,57.9,-4.5,41.0,1,2026-05-14 to 2026-08-31 (75 days),-1.0,58.7,0.3798,59.32,63.29,BEARISH,MEDIUM,Strong trend (ADX=39); Last surprise: +29.7%; Earnings conf adj: +1,4.94,-1.0,1.0,58,2026-10-29,29.71,1
2026-09-01T15:24:02,2026-09-01,BF-B,HOLD,0,Stochastic Oscillator,LOW,1,33.65,26.57,4.27,0.0,6.4,0.0,0.0,2026-09-12,1.71,4.12,100.0,86.85,30.07,20.47,-3.17,11.0,1,2026-05-14 to 2026-08-31 (75 days),-1.0,40.2,0.2868,27.27,26.97,BULLISH,MEDIUM,Price at statistical extreme; Earnings in 1d (2026-09-02); Last surprise: -62.5%; Earnings conf adj: -3,6.54,-1.0,1.0,1,2026-09-02,-62.5,-3
2026-09-01T15:24:03,2026-09-01,BKNG,HOLD,0,VWAP Trend,HIGH,4,33.63,199.09,4.6,0.0,9.51,0.0,0.0,2026-09-11,2.51,5.24,83.3,11.65,121.57,-17.71,-7.02,10.2,6,2026-05-14 to 2026-08-31 (75 days),-1.0,46.4,0.3783,192.48,185.41,BULLISH,MEDIUM,Last surprise: +4.5%,4.96,-1.0,1.0,56,2026-10-27,4.53,0
2026-09-01T15:24:59,2026-09-01,KLAC,HOLD,0,VWAP Trend,HIGH,5,33.63,175.45,8.68,0.0,6.05,0.0,0.0,2026-09-03,1.03,1.58,75.0,1.6,45.28,67.43,-18.93,2.6,8,2026-05-14 to 2026-08-31 (75 days),-1.0,35.9,0.4764,211.79,169.97,BULLISH,HIGH,Strong trend (ADX=31); Last surprise: +5.0%; Earnings conf adj: +1,3.94,-1.0,1.0,57,2026-10-28,5.0,1
2026-09-01T15:27:04,2026-09-01,HQY,EXIT,-1,VWAP Trend,HIGH,4,33.63,96.54,7.71,103.98,12.88,84.11,7.2,2026-09-15,2.82,5.75,83.3,101.13,111.35,39.3,-5.98,14.7,6,2026-05-14 to 2026-08-31 (75 days),-1.0,40.3,0.4266,98.18,89.44,BULLISH,HIGH,Strong trend (ADX=40); Last surprise: +4.2%; Size: Kelly 10.0% / VolTgt 4.4% / Blend 7.2%,4.4,-1.0,1.0,-5,2026-08-27,4.2,0
2026-09-01T15:25:37,2026-09-01,SNPS,HOLD,0,MACD Crossover,HIGH,5,33.62,439.59,6.99,0.0,10.48,0.0,0.0,2026-09-29,1.43,3.8,100.0,120.2,46.13,85.84,-6.4,28.0,1,2026-05-14 to 2026-08-31 (75 days),-1.0,59.4,0.5671,416.69,446.85,BEARISH,HIGH,Strong trend (ADX=32); Last surprise: +6.5%; Earnings conf adj: +1,3.31,-1.0,1.0,-6,2026-08-26,6.54,1
2026-09-01T15:25:41,2026-09-01,SYY,HOLD,0,Stochastic Oscillator,HIGH,4,33.6,81.08,2.07,0.0,3.1,0.0,0.0,2026-09-09,1.49,3.99,100.0,30.54,7.43,-38.46,-1.37,8.0,1,2026-05-14 to 2026-08-31 (75 days),-1.0,39.4,0.1576,82.89,78.5,BULLISH,LOW,Price at statistical extreme; Last surprise: +1.3%,10.0,-1.0,1.0,63,2026-11-03,1.32,0
2026-09-01T15:27:13,2026-09-01,AN,HOLD,0,Stochastic Oscillator,HIGH,4,33.54,201.25,4.23,0.0,6.35,0.0,0.0,2026-10-09,1.11,1.67,100.0,78.52,27.7,11.66,-8.03,38.5,2,2026-05-14 to 2026-08-31 (75 days),-1.0,47.9,0.2145,201.53,201.32,BULLISH,MEDIUM,High volume; Last surprise: +1.8%,8.74,-1.0,1.0,58,2026-10-29,1.83,0
2026-09-01T15:25:50,2026-09-01,V,HOLD,0,Multi-Factor Momentum MR,HIGH,4,33.53,379.37,1.87,0.0,6.54,0.0,0.0,2026-11-08,2.79,5.38,100.0,143.01,57.04,-17.88,-4.03,68.0,1,2026-05-14 to 2026-08-31 (75 days),-1.0,62.6,0.1916,358.99,332.01,BULLISH,LOW,Strong trend (ADX=37); Last surprise: +2.8%,9.79,-1.0,1.0,56,2026-10-27,2.79,0
2026-09-01T15:23:53,2026-09-01,AJG,HOLD,0,VWAP Trend,HIGH,4,33.38,262.15,4.3,0.0,7.97,0.0,0.0,2026-09-15,2.35,4.17,66.7,4.94,93.24,-71.23,-7.44,14.3,6,2026-05-14 to 2026-08-31 (75 days),-1.0,55.1,0.2675,249.84,232.94,BULLISH,MEDIUM,Last surprise: +1.1%,7.01,-1.0,1.0,58,2026-10-29,1.07,0
2026-09-01T15:23:51,2026-09-01,ADSK,HOLD,0,ADX Trend Following,HIGH,5,33.37,258.53,5.93,0.0,8.89,0.0,0.0,2026-10-18,2.48,4.56,100.0,236.1,104.28,63.57,-6.8,47.0,1,2026-05-14 to 2026-08-31 (75 days),-1.0,59.2,0.3923,226.95,248.23,BEARISH,MEDIUM,Last surprise: +5.8%; Earnings conf adj: +1,4.78,-1.0,1.0,87,2026-11-27,5.77,1
2026-09-01T15:25:51,2026-09-01,VLO,HOLD,1,VWAP Trend,LOW,1,33.36,358.92,4.18,343.92,2.53,368.0,0.0,2026-09-02,-0.44,-0.58,50.0,0.9,-6.57,-285.73,-7.31,1.0,8,2026-05-14 to 2026-08-31 (75 days),-1.0,70.8,0.3212,304.7,234.15,BULLISH,MEDIUM,RSI overbought; Strong trend (ADX=34); Last surprise: +23.8%; Earnings conf adj: +1,5.84,-1.0,1.0,51,2026-10-22,23.79,1
2026-09-01T15:26:25,2026-09-01,COKE,HOLD,0,ADX Trend Following,HIGH,4,33.36,195.57,4.53,0.0,13.59,0.0,0.0,2026-10-15,1.21,1.84,100.0,108.14,41.76,-43.42,-10.29,44.0,2,2026-05-14 to 2026-08-31 (75 days),-1.0,57.7,0.2985,186.04,178.41,BULLISH,MEDIUM,Last surprise: +32.1%,6.28,-1.0,1.0,57,2026-10-28,32.14,0
2026-09-01T15:24:15,2026-09-01,COP,HOLD,0,Momentum (Rate of Change),HIGH,5,33.32,132.49,3.21,0.0,11.23,0.0,0.0,2026-10-19,2.98,5.31,100.0,191.22,74.11,26.53,-5.12,48.0,1,2026-05-14 to 2026-08-31 (75 days),-1.0,65.3,0.2873,117.37,110.39,BULLISH,MEDIUM,Strong trend (ADX=33); Last surprise: +10.2%; Earnings conf adj: +1,6.53,-1.0,1.0,65,2026-11-05,10.2,1
2026-09-01T15:27:07,2026-09-01,FAF,HOLD,0,Stochastic Oscillator,HIGH,4,33.24,73.92,2.33,0.0,3.5,0.0,0.0,2026-09-28,0.72,1.07,100.0,36.76,11.62,-32.04,-5.97,27.5,2,2026-05-14 to 2026-08-31 (75 days),-1.0,53.8,0.1886,72.12,66.02,BULLISH,LOW,Last surprise: +13.0%; Earnings conf adj: +1,9.94,-1.0,1.0,50,2026-10-21,13.04,1
2026-09-01T15:25:54,2026-09-01,WAB,HOLD,0,VWAP Trend,MEDIUM,2,33.22,285.93,2.51,0.0,2.1,0.0,0.0,2026-09-03,0.15,0.24,55.6,1.2,1.12,-22.26,-6.4,2.2,9,2026-05-14 to 2026-08-31 (75 days),-1.0,43.7,0.1799,282.77,252.18,BULLISH,LOW,Price at statistical extreme; Last surprise: +5.7%; Earnings conf adj: +1,10.0,-1.0,1.0,50,2026-10-21,5.75,1
2026-09-01T15:26:47,2026-09-01,CHWY,HOLD,0,Composite Multi-Indicator,HIGH,4,33.2,23.8,7.65,0.0,6.93,0.0,0.0,2026-09-05,2.56,76.38,100.0,42.86,14.96,-26.84,-0.1,4.0,1,2026-05-14 to 2026-08-31 (75 days),-1.0,56.7,0.4398,21.79,26.02,BEARISH,HIGH,High volume; Last surprise: +0.0%,4.26,-1.0,1.0,8,2026-09-09,0.0,0
2026-09-01T15:25:35,2026-09-01,SJM,BUY,1,Momentum (Rate of Change),HIGH,5,33.11,131.16,4.16,125.7,13.92,149.42,8.6,2026-10-17,1.62,2.89,100.0,149.71,62.16,-105.96,-9.9,46.0,2,2026-05-14 to 2026-08-31 (75 days),0.325,69.2,0.2606,117.15,104.47,BULLISH,MEDIUM,Strong trend (ADX=44); Last surprise: +45.9%; Earnings conf adj: +1; Size: Kelly 10.0% / VolTgt 7.2% / Blend 8.6%,7.19,-1.0,1.0,84,2026-11-24,45.95,1
2026-09-01T15:25:21,2026-09-01,ORCL,HOLD,0,SMA Crossover (10/50),HIGH,5,33.08,149.12,8.01,0.0,10.83,0.0,0.0,2026-09-12,1.48,2.8,100.0,48.62,16.73,76.57,-2.74,11.0,1,2026-05-14 to 2026-08-31 (75 days),-1.0,54.2,0.4146,140.71,169.31,BEARISH,HIGH,Last surprise: +7.7%; Earnings conf adj: +1,4.52,-1.0,1.0,9,2026-09-10,7.65,1
2026-09-01T15:27:45,2026-09-01,HOG,HOLD,0,Stochastic Oscillator,HIGH,4,33.05,27.6,4.75,0.0,7.12,0.0,0.0,2026-09-22,1.84,4.33,100.0,112.98,41.51,9.76,-3.06,21.0,1,2026-05-14 to 2026-08-31 (75 days),-1.0,54.9,0.3978,26.19,22.74,BULLISH,MEDIUM,No special conditions,4.71,-1.0,1.0,64,2026-11-04,,0
2026-09-01T15:24:24,2026-09-01,DRI,BUY,1,Stochastic Oscillator,HIGH,4,32.99,214.26,4.37,204.9,6.55,228.29,8.0,2026-10-09,1.83,3.09,100.0,107.69,38.27,-4.35,-5.32,38.0,1,2026-05-14 to 2026-08-31 (75 days),0.183,49.5,0.3129,208.76,198.1,BULLISH,MEDIUM,Last surprise: +0.5%; Size: Kelly 10.0% / VolTgt 6.0% / Blend 8.0%,5.99,-1.0,1.0,23,2026-09-24,0.55,0
2026-09-01T15:24:00,2026-09-01,BAC,HOLD,0,VWAP Trend,HIGH,4,32.94,61.94,2.09,0.0,1.98,0.0,0.0,2026-09-03,2.02,4.02,54.5,2.61,15.02,-98.19,-2.21,2.2,11,2026-05-14 to 2026-08-31 (75 days),-1.0,48.5,0.1696,61.24,54.35,BULLISH,LOW,High volume; Last surprise: +8.0%; Earnings conf adj: +1,10.0,-1.0,1.0,43,2026-10-14,8.04,1
2026-09-01T15:26:23,2026-09-01,EXEL,HOLD,0,Stochastic Oscillator,HIGH,4,32.89,54.64,4.91,0.0,7.37,0.0,0.0,2026-09-15,1.62,3.58,100.0,61.65,19.27,-6.35,-4.1,14.0,1,2026-05-14 to 2026-08-31 (75 days),-1.0,51.7,0.4249,54.55,47.33,BULLISH,HIGH,Last surprise: +4.6%,4.41,-1.0,1.0,56,2026-10-27,4.6,0
2026-09-01T15:27:27,2026-09-01,BKH,HOLD,0,Stochastic Oscillator,HIGH,4,32.88,71.68,2.13,0.0,3.19,0.0,0.0,2026-09-25,0.97,1.46,100.0,57.31,19.26,25.5,-6.87,24.5,2,2026-05-14 to 2026-08-31 (75 days),-1.0,43.4,0.1861,73.13,71.3,BULLISH,LOW,Last surprise: +31.7%; Earnings conf adj: +1,10.0,-1.0,1.0,64,2026-11-04,31.71,1
2026-09-01T15:27:49,2026-09-01,XLE,HOLD,0,Donchian Breakout (20/55),HIGH,4,32.77,63.96,2.55,0.0,7.65,0.0,0.0,2026-10-13,2.35,4.39,100.0,102.9,38.61,-3.79,-3.87,42.0,1,2026-05-14 to 2026-08-31 (75 days),-1.0,67.7,0.2368,58.36,53.97,BULLISH,MEDIUM,No special conditions,7.92,-1.0,1.0,-1,,,0
2026-09-01T15:27:05,2026-09-01,THG,HOLD,0,VWAP Trend,HIGH,5,32.72,226.11,2.11,0.0,1.83,0.0,0.0,2026-09-02,1.48,2.97,70.0,3.34,14.62,-63.22,-2.23,1.7,10,2026-05-14 to 2026-08-31 (75 days),-1.0,54.9,0.1783,219.99,189.39,BULLISH,LOW,Last surprise: +41.2%; Earnings conf adj: +1,10.0,-1.0,1.0,57,2026-10-28,41.22,1
2026-09-01T15:24:17,2026-09-01,CSX,HOLD,0,Stochastic Oscillator,HIGH,4,32.71,50.51,2.04,0.0,3.06,0.0,0.0,2026-09-13,1.5,3.74,100.0,26.32,5.58,-34.19,-0.9,12.0,1,2026-05-14 to 2026-08-31 (75 days),-1.0,48.7,0.1372,49.94,42.74,BULLISH,LOW,Strong trend (ADX=39); Last surprise: +3.8%,10.0,-1.0,1.0,51,2026-10-22,3.85,0
2026-09-01T15:25:06,2026-09-01,LYB,HOLD,0,ADX Trend Following,HIGH,5,32.7,65.08,4.35,0.0,13.05,0.0,0.0,2026-09-25,2.02,3.53,100.0,102.4,38.4,66.74,-7.2,24.0,1,2026-05-14 to 2026-08-31 (75 days),-1.0,58.2,0.3942,59.47,58.78,BULLISH,MEDIUM,Last surprise: +25.7%; Earnings conf adj: +1,4.76,-1.0,1.0,59,2026-10-30,25.73,1
2026-09-01T15:27:08,2026-09-01,PPC,HOLD,0,Composite Multi-Indicator,HIGH,4,32.68,31.38,8.46,0.0,12.69,0.0,0.0,2026-10-02,1.91,4.09,100.0,145.93,58.41,8.27,-5.05,31.0,1,2026-05-14 to 2026-08-31 (75 days),-1.0,59.8,0.4911,28.75,34.64,BEARISH,HIGH,Strong trend (ADX=42); Last surprise: -3.0%,3.82,-1.0,1.0,57,2026-10-28,-3.03,0
2026-09-01T15:27:20,2026-09-01,VAL,HOLD,0,ADX Trend Following,MEDIUM,2,32.68,86.37,5.08,0.0,12.41,0.0,0.0,2026-09-18,-0.7,-0.95,66.7,0.72,-23.08,22.51,-22.63,17.0,3,2026-05-14 to 2026-08-31 (75 days),-1.0,57.4,0.3822,79.78,79.15,BULLISH,MEDIUM,Strong trend (ADX=33); Last surprise: +300.0%; Earnings conf adj: +1,4.91,-1.0,1.0,57,2026-10-28,300.0,1
2026-09-01T15:25:34,2026-09-01,SBAC,HOLD,0,SMA Crossover (10/50),HIGH,4,32.6,189.66,3.24,0.0,4.86,0.0,0.0,2026-09-06,1.33,3.95,100.0,18.79,5.81,20.37,-0.78,5.0,1,2026-05-14 to 2026-08-31 (75 days),-1.0,59.0,0.3093,181.88,190.57,BEARISH,MEDIUM,Last surprise: -1.1%,6.06,-1.0,1.0,62,2026-11-02,-1.06,0
2026-09-01T15:27:09,2026-09-01,STAG,HOLD,0,MACD Crossover,MEDIUM,3,32.51,37.25,1.5,0.0,3.0,0.0,0.0,2026-09-27,0.68,1.01,100.0,34.08,11.31,15.0,-7.91,26.5,2,2026-05-14 to 2026-08-31 (75 days),-1.0,45.7,0.1369,38.51,37.67,BULLISH,LOW,Last surprise: +3.7%,10.0,-1.0,1.0,57,2026-10-28,3.7,0
2026-09-01T15:24:26,2026-09-01,DVN,HOLD,0,EMA Crossover (9/21),MEDIUM,2,32.49,48.51,3.88,0.0,7.76,0.0,0.0,2026-09-17,0.12,0.18,66.7,1.11,-0.1,-12.23,-12.93,16.0,3,2026-05-14 to 2026-08-31 (75 days),-1.0,62.1,0.3727,44.35,42.91,BULLISH,MEDIUM,Last surprise: +11.3%; Earnings conf adj: +1,5.03,-1.0,1.0,64,2026-11-04,11.35,1
2026-09-01T15:25:48,2026-09-01,UAL,HOLD,0,VWAP Trend,HIGH,5,32.49,107.99,4.97,0.0,4.5,0.0,0.0,2026-09-03,1.17,2.54,62.5,2.11,16.06,-33.13,-2.97,2.6,8,2026-05-14 to 2026-08-31 (75 days),-1.0,34.3,0.3547,123.05,108.03,BULLISH,MEDIUM,Strong trend (ADX=33); Last surprise: +7.6%; Earnings conf adj: +1,5.29,-1.0,1.0,50,2026-10-21,7.57,1
2026-09-01T15:25:33,2026-09-01,RTX,HOLD,0,VWAP Trend,MEDIUM,3,32.48,207.73,3.0,0.0,2.8,0.0,0.0,2026-09-03,0.49,0.84,66.7,2.57,3.95,-77.55,-3.41,2.7,6,2026-05-14 to 2026-08-31 (75 days),-1.0,42.5,0.2166,205.78,191.22,BULLISH,MEDIUM,Strong trend (ADX=33); Last surprise: +13.9%; Earnings conf adj: +1,8.66,-1.0,1.0,49,2026-10-20,13.86,1
2026-09-01T15:23:59,2026-09-01,AWK,HOLD,0,Composite Multi-Indicator,HIGH,4,32.44,138.23,2.88,0.0,8.64,0.0,0.0,2026-11-10,1.9,3.32,100.0,112.91,43.41,3.11,-5.59,70.0,1,2026-05-14 to 2026-08-31 (75 days),-1.0,56.7,0.2054,133.54,129.73,BULLISH,MEDIUM,Last surprise: +3.9%,9.13,-1.0,1.0,57,2026-10-28,3.87,0
2026-09-01T15:27:46,2026-09-01,CMC,HOLD,0,VWAP Trend,LOW,0,32.39,67.47,5.52,0.0,5.86,0.0,0.0,2026-09-04,-2.19,-2.5,33.3,0.33,-42.39,-20.62,-20.85,3.6,9,2026-05-14 to 2026-08-31 (75 days),-1.0,45.7,0.3924,68.09,69.28,BEARISH,MEDIUM,No special conditions,4.78,-1.0,1.0,44,2026-10-15,,0
2026-09-01T15:24:47,2026-09-01,HIG,BUY,1,VWAP Trend,HIGH,4,32.37,137.38,1.99,134.65,2.51,140.83,9.06,2026-09-04,1.41,2.5,42.9,2.14,12.61,2.72,-2.11,3.4,7,2026-05-14 to 2026-08-31 (75 days),0.171,46.3,0.1726,138.52,135.45,BULLISH,LOW,Last surprise: +8.9%; Earnings conf adj: +1; Size: Kelly 8.1% / VolTgt 10.0% / Blend 9.1%,10.0,-1.0,1.0,58,2026-10-29,8.92,1
2026-09-01T15:25:46,2026-09-01,TRV,HOLD,0,Stochastic Oscillator,HIGH,5,32.32,365.93,2.09,0.0,3.13,0.0,0.0,2026-09-15,1.61,2.96,100.0,61.9,17.41,-86.03,-2.27,14.0,2,2026-05-14 to 2026-08-31 (75 days),-1.0,48.8,0.1724,359.0,309.38,BULLISH,LOW,Last surprise: +86.3%; Earnings conf adj: +1,10.0,-1.0,1.0,44,2026-10-15,86.27,1
2026-09-01T15:27:23,2026-09-01,EXLS,EXIT,-1,VWAP Trend,HIGH,5,32.32,38.08,3.73,39.5,5.59,35.95,8.46,2026-09-12,2.02,4.34,62.5,2.71,132.63,-91.92,-19.34,11.1,8,2026-05-14 to 2026-08-31 (75 days),-1.0,70.9,0.2705,31.35,33.54,BEARISH,MEDIUM,RSI overbought; Strong trend (ADX=60); Last surprise: +7.3%; Earnings conf adj: +1; Size: Kelly 10.0% / VolTgt 6.9% / Blend 8.5%,6.93,-1.0,1.0,56,2026-10-27,7.27,1
2026-09-01T15:26:16,2026-09-01,LECO,HOLD,0,Stochastic Oscillator,HIGH,4,32.3,281.23,4.0,0.0,6.0,0.0,0.0,2026-09-26,2.06,3.53,100.0,121.45,45.2,23.66,-6.37,25.0,1,2026-05-14 to 2026-08-31 (75 days),-1.0,53.9,0.2564,267.73,259.67,BULLISH,MEDIUM,Last surprise: +4.3%,7.31,-1.0,1.0,58,2026-10-29,4.27,0
2026-09-01T15:26:24,2026-09-01,RPM,HOLD,0,MACD Crossover,MEDIUM,3,32.26,104.1,4.28,0.0,8.56,0.0,0.0,2026-10-03,0.51,0.78,100.0,29.53,9.68,-13.7,-8.76,32.5,2,2026-05-14 to 2026-08-31 (75 days),-1.0,37.8,0.2336,108.78,105.77,BULLISH,MEDIUM,High volume; Last surprise: +3.3%,8.03,-1.0,1.0,30,2026-10-01,3.28,0
2026-09-01T15:26:41,2026-09-01,BIO,HOLD,0,Composite Multi-Indicator,HIGH,5,32.11,386.12,4.22,0.0,13.69,0.0,0.0,2026-10-12,4.52,16.46,100.0,278.81,130.1,-232.4,-2.59,41.0,1,2026-05-14 to 2026-08-31 (75 days),-1.0,74.6,0.2716,327.93,300.59,BULLISH,MEDIUM,RSI overbought; Strong trend (ADX=72); Last surprise: +49.7%; Earnings conf adj: +1,6.9,-1.0,1.0,58,2026-10-29,49.71,1
2026-09-01T15:27:45,2026-09-01,RH,BUY,1,Stochastic Oscillator,HIGH,4,32.11,149.15,10.8,133.04,12.67,168.05,6.42,2026-09-07,1.15,2.94,100.0,54.56,14.23,-54.68,-2.54,6.0,1,2026-05-14 to 2026-08-31 (75 days),0.151,39.0,0.657,169.11,162.75,BULLISH,HIGH,Strong trend (ADX=36); Size: Kelly 10.0% / VolTgt 2.9% / Blend 6.4%,2.85,-1.0,1.0,9,2026-09-10,,0
2026-09-01T15:27:18,2026-09-01,GATX,HOLD,0,ADX Trend Following,MEDIUM,3,32.08,174.93,2.21,0.0,4.42,0.0,0.0,2026-10-24,0.12,0.17,100.0,3.95,0.66,2.06,-5.78,53.0,1,2026-05-14 to 2026-08-31 (75 days),-1.0,40.2,0.1261,178.84,176.92,BULLISH,LOW,Price at statistical extreme; Last surprise: +15.4%; Earnings conf adj: +1,10.0,-1.0,1.0,49,2026-10-20,15.45,1
2026-09-01T15:25:30,2026-09-01,RF,HOLD,0,PEAD Earnings Drift,HIGH,5,32.06,29.88,2.09,0.0,6.27,0.0,0.0,2026-11-03,3.46,6.15,100.0,197.51,84.0,34.39,-3.18,63.0,1,2026-05-14 to 2026-08-31 (75 days),-1.0,36.0,0.1726,30.83,28.07,BULLISH,LOW,Last surprise: +7.9%; Earnings conf adj: +1,10.0,-1.0,1.0,45,2026-10-16,7.94,1
2026-09-01T15:27:39,2026-09-01,KRC,BUY,1,VWAP Trend,HIGH,4,32.04,36.3,3.25,35.12,2.64,37.26,8.96,2026-09-03,1.25,2.29,66.7,3.75,9.36,-12.16,-2.39,2.0,6,2026-05-14 to 2026-08-31 (75 days),0.512,41.5,0.2367,37.98,34.82,BULLISH,MEDIUM,Strong trend (ADX=33); Size: Kelly 10.0% / VolTgt 7.9% / Blend 9.0%,7.92,-1.0,1.0,55,2026-10-26,,0
2026-09-01T15:27:32,2026-09-01,CNO,BUY,1,52-Week High Momentum,HIGH,5,32.03,54.79,2.01,53.69,6.03,58.09,10.0,2026-12-18,3.09,5.21,100.0,173.57,71.79,3.4,-4.62,108.0,1,2026-05-14 to 2026-08-31 (75 days),0.492,55.4,0.1446,53.55,45.58,BULLISH,LOW,High volume; Last surprise: +29.9%; Earnings conf adj: +1; Size: Kelly 10.0% / VolTgt 10.0% / Blend 10.0%,10.0,-1.0,1.0,62,2026-11-02,29.9,1
2026-09-01T15:25:49,2026-09-01,ULTA,HOLD,0,ADX Trend Following,HIGH,4,32.01,537.1,7.45,0.0,11.18,0.0,0.0,2026-09-17,0.99,1.58,66.7,2.25,26.84,-2.27,-12.71,16.3,3,2026-05-14 to 2026-08-31 (75 days),-1.0,55.7,0.4338,499.07,555.74,BEARISH,HIGH,High volume; Last surprise: +5.6%; Earnings conf adj: +1,4.32,-1.0,1.0,-5,2026-08-27,5.65,1
2026-09-01T15:23:56,2026-09-01,APA,HOLD,0,ADX Trend Following,MEDIUM,3,32.0,43.15,6.71,0.0,13.42,0.0,0.0,2026-09-26,0.65,1.0,66.7,1.54,18.83,-52.33,-19.43,25.3,3,2026-05-14 to 2026-08-31 (75 days),-1.0,64.1,0.4913,36.92,32.83,BULLISH,HIGH,Last surprise: +1.1%,3.82,-1.0,1.0,64,2026-11-04,1.07,0
2026-09-01T15:26:38,2026-09-01,NYT,HOLD,0,Composite Multi-Indicator,MEDIUM,3,31.99,67.27,4.01,0.0,6.01,0.0,0.0,2026-09-27,0.9,1.48,100.0,26.34,8.87,40.65,-3.06,26.0,1,2026-05-14 to 2026-08-31 (75 days),-1.0,45.9,0.5189,70.54,73.13,BEARISH,HIGH,Last surprise: +3.0%,3.61,-1.0,1.0,64,2026-11-04,2.99,0
2026-09-01T15:27:50,2026-09-01,XLV,BUY,1,52-Week High Momentum,HIGH,4,31.96,170.54,1.84,167.4,6.44,181.52,9.97,2026-11-27,2.21,4.08,100.0,118.48,43.89,-25.9,-3.74,87.0,1,2026-05-14 to 2026-08-31 (75 days),0.389,55.4,0.1886,164.17,154.11,BULLISH,LOW,Strong trend (ADX=31); Size: Kelly 10.0% / VolTgt 9.9% / Blend 10.0%,9.94,-1.0,1.0,-1,,,0
2026-09-01T15:24:46,2026-09-01,HD,BUY,1,Stochastic Oscillator,HIGH,4,31.95,327.83,3.57,316.13,5.35,345.37,8.94,2026-09-17,3.11,6.51,66.7,6.41,65.94,33.82,-3.63,16.0,3,2026-05-14 to 2026-08-31 (75 days),0.155,40.6,0.2379,340.35,341.87,BEARISH,MEDIUM,Last surprise: +4.0%; Size: Kelly 10.0% / VolTgt 7.9% / Blend 8.9%,7.88,-1.0,1.0,77,2026-11-17,4.02,0
2026-09-01T15:23:58,2026-09-01,ARES,HOLD,0,Composite Multi-Indicator,HIGH,4,31.94,143.17,4.45,0.0,6.68,0.0,0.0,2026-10-03,2.14,5.05,100.0,152.48,61.52,12.12,-6.32,32.0,1,2026-05-14 to 2026-08-31 (75 days),-1.0,59.5,0.3422,129.32,131.46,BEARISH,MEDIUM,Last surprise: +1.6%,5.48,-1.0,1.0,62,2026-11-02,1.57,0
2026-09-01T15:25:41,2026-09-01,T,HOLD,0,Momentum (Rate of Change),HIGH,5,31.86,25.89,2.09,0.0,3.13,0.0,0.0,2026-10-17,2.68,5.12,100.0,176.89,59.83,36.16,-6.49,46.0,1,2026-05-14 to 2026-08-31 (75 days),-1.0,67.1,0.1964,23.17,24.67,BEARISH,LOW,Strong trend (ADX=51); Last surprise: +10.2%; Earnings conf adj: +1,9.55,-1.0,1.0,50,2026-10-21,10.17,1
2026-09-01T15:24:35,2026-09-01,FDXF,HOLD,0,VWAP Trend,HIGH,4,31.85,133.74,8.45,0.0,9.49,0.0,0.0,2026-09-08,1.25,2.3,66.7,2.28,38.34,82.7,-8.75,7.7,3,2026-07-14 to 2026-08-31 (35 days),-1.0,41.5,0.4341,146.1,nan,NEUTRAL,HIGH,No special conditions,4.32,-1.0,1.0,57,2026-10-28,,0
2026-09-01T15:25:14,2026-09-01,MSI,BUY,1,Momentum (Rate of Change),HIGH,5,31.78,485.3,2.92,471.13,10.22,534.9,7.68,2026-12-07,2.35,5.14,100.0,184.82,73.87,-22.37,-5.97,97.0,1,2026-05-14 to 2026-08-31 (75 days),0.21,66.8,0.3504,438.0,419.25,BULLISH,MEDIUM,Strong trend (ADX=53); Last surprise: +14.5%; Earnings conf adj: +1; Size: Kelly 10.0% / VolTgt 5.3% / Blend 7.7%,5.35,-1.0,1.0,65,2026-11-05,14.55,1
2026-09-01T15:26:47,2026-09-01,ZION,HOLD,0,VWAP Trend,HIGH,5,31.72,66.69,2.34,0.0,2.13,0.0,0.0,2026-09-03,2.91,5.98,77.8,6.45,32.73,-13.16,-2.05,2.1,9,2026-05-14 to 2026-08-31 (75 days),-1.0,36.9,0.1867,69.47,61.24,BULLISH,LOW,Strong trend (ADX=31); Last surprise: +58.9%; Earnings conf adj: +1,10.0,-1.0,1.0,48,2026-10-19,58.85,1
2026-09-01T15:23:52,2026-09-01,AEP,HOLD,0,VWAP Trend,MEDIUM,3,31.71,122.43,1.94,0.0,2.05,0.0,0.0,2026-09-03,2.22,4.49,62.5,2.9,21.3,34.5,-1.69,2.2,8,2026-05-14 to 2026-08-31 (75 days),-1.0,38.2,0.1757,129.4,125.16,BULLISH,LOW,Last surprise: -8.1%; Earnings conf adj: -1,10.0,-1.0,1.0,58,2026-10-29,-8.11,-1
2026-09-01T15:24:11,2026-09-01,CIEN,HOLD,0,VWAP Trend,LOW,0,31.64,382.8,12.0,0.0,10.84,0.0,0.0,2026-09-04,0.02,0.02,50.0,1.09,-9.97,67.32,-30.68,3.4,8,2026-05-14 to 2026-08-31 (75 days),-1.0,45.0,0.7469,415.05,374.34,BULLISH,HIGH,Earnings in 2d (2026-09-03); Last surprise: +12.3%; Earnings conf adj: -1,2.51,-1.0,1.0,2,2026-09-03,12.33,-1
2026-09-01T15:27:24,2026-09-01,DLB,HOLD,0,EMA Crossover (9/21),HIGH,4,31.64,61.56,4.08,0.0,6.12,0.0,0.0,2026-10-03,2.25,7.02,100.0,194.81,82.6,30.93,-6.99,32.0,1,2026-05-14 to 2026-08-31 (75 days),-1.0,54.9,0.2613,55.67,59.8,BEARISH,MEDIUM,Strong trend (ADX=47); Last surprise: +3.0%,7.18,-1.0,1.0,77,2026-11-17,2.99,0
2026-09-01T15:24:45,2026-09-01,HBAN,HOLD,0,Stochastic Oscillator,HIGH,4,31.63,16.68,2.26,0.0,3.39,0.0,0.0,2026-09-17,2.76,4.88,66.7,7.01,48.5,16.28,-3.24,16.0,3,2026-05-14 to 2026-08-31 (75 days),-1.0,35.9,0.1662,17.57,16.76,BULLISH,LOW,Strong trend (ADX=32); Last surprise: +0.0%,10.0,-1.0,1.0,51,2026-10-22,0.0,0
2026-09-01T15:24:08,2026-09-01,CBRE,BUY,1,VWAP Trend,HIGH,5,31.62,145.81,4.28,139.57,6.42,155.17,7.6,2026-09-10,1.86,3.1,80.0,13.53,35.75,-2.97,-4.71,9.2,5,2026-05-14 to 2026-08-31 (75 days),0.492,47.0,0.3609,143.75,147.32,BEARISH,MEDIUM,High volume; Last surprise: +6.1%; Earnings conf adj: +1; Size: Kelly 10.0% / VolTgt 5.2% / Blend 7.6%,5.2,-1.0,1.0,51,2026-10-22,6.12,1
2026-09-01T15:25:44,2026-09-01,TMO,HOLD,0,Donchian Breakout (20/55),HIGH,5,31.61,617.1,3.75,0.0,12.57,0.0,0.0,2026-10-16,2.42,7.61,100.0,157.92,64.12,-134.01,-3.22,45.0,1,2026-05-14 to 2026-08-31 (75 days),-1.0,62.5,0.2379,560.53,534.77,BULLISH,MEDIUM,Strong trend (ADX=47); Last surprise: +5.6%; Earnings conf adj: +1,7.88,-1.0,1.0,50,2026-10-21,5.6,1
2026-09-01T15:26:05,2026-09-01,CDE,HOLD,0,Composite Multi-Indicator,MEDIUM,3,31.58,20.78,10.27,0.0,15.4,0.0,0.0,2026-09-25,2.09,5.02,100.0,193.94,82.14,55.29,-6.53,24.0,1,2026-05-14 to 2026-08-31 (75 days),-1.0,60.3,0.8406,17.19,18.8,BEARISH,HIGH,Strong trend (ADX=38); Last surprise: -53.8%; Earnings conf adj: -1,2.23,-1.0,1.0,57,2026-10-28,-53.85,-1
2026-09-01T15:24:35,2026-09-01,FDX,HOLD,0,EMA Crossover (9/21),MEDIUM,3,31.53,327.4,3.66,0.0,9.15,0.0,0.0,2026-10-01,0.35,0.53,100.0,18.79,5.83,-21.4,-7.22,30.5,2,2026-05-14 to 2026-08-31 (75 days),-1.0,52.2,0.2333,319.52,288.21,BULLISH,MEDIUM,Strong trend (ADX=43); Last surprise: +6.6%; Earnings conf adj: +1,8.04,-1.0,1.0,57,2026-10-28,6.59,1
2026-09-01T15:27:10,2026-09-01,SLAB,HOLD,0,Stochastic Oscillator,MEDIUM,3,31.48,219.05,1.5,0.0,1.66,0.0,0.0,2026-10-09,1.0,1.49,100.0,9.01,2.05,-0.7,-0.59,38.0,1,2026-05-14 to 2026-08-31 (75 days),-1.0,56.5,0.0341,218.2,192.1,BULLISH,LOW,High volume; Last surprise: +2.9%,10.0,-1.0,1.0,63,2026-11-03,2.9,0
2026-09-01T15:27:02,2026-09-01,SARO,HOLD,0,PEAD Earnings Drift,MEDIUM,3,31.47,24.49,4.84,0.0,12.1,0.0,0.0,2026-11-09,0.61,0.79,100.0,46.49,16.31,38.07,-13.91,69.0,1,2026-05-14 to 2026-08-31 (75 days),-1.0,32.1,0.3123,27.84,27.79,BULLISH,MEDIUM,Strong trend (ADX=42); Last surprise: -3.3%,6.0,-1.0,1.0,70,2026-11-10,-3.33,0
2026-09-01T15:27:35,2026-09-01,FHI,BUY,1,52-Week High Momentum,HIGH,5,31.47,63.65,2.69,61.94,9.41,69.64,10.0,2026-12-05,2.13,3.6,100.0,153.4,61.95,1.07,-8.03,95.0,1,2026-05-14 to 2026-08-31 (75 days),0.369,55.4,0.148,60.38,55.42,BULLISH,LOW,Strong trend (ADX=44); Last surprise: +16.0%; Earnings conf adj: +1; Size: Kelly 10.0% / VolTgt 10.0% / Blend 10.0%,10.0,-1.0,1.0,58,2026-10-29,15.97,1
2026-09-01T15:27:30,2026-09-01,MUR,HOLD,0,Composite Multi-Indicator,HIGH,4,31.42,36.42,6.91,0.0,20.73,0.0,0.0,2026-09-26,1.75,3.34,100.0,112.57,43.28,58.46,-9.56,25.0,1,2026-05-14 to 2026-08-31 (75 days),-1.0,52.5,0.5724,35.36,34.62,BULLISH,HIGH,Last surprise: -1.9%,3.28,-1.0,1.0,64,2026-11-04,-1.9,0
2026-09-01T15:26:09,2026-09-01,CG,HOLD,0,SMA Crossover (10/50),HIGH,5,31.4,48.39,4.63,0.0,6.95,0.0,0.0,2026-10-11,1.47,2.65,100.0,104.63,39.33,45.62,-5.98,40.0,1,2026-05-14 to 2026-08-31 (75 days),-1.0,52.2,0.3804,45.92,50.33,BEARISH,MEDIUM,Strong trend (ADX=32); Last surprise: +17.6%; Earnings conf adj: +1,4.93,-1.0,1.0,58,2026-10-29,17.58,1
2026-09-01T15:26:11,2026-09-01,MEDP,HOLD,0,Composite Multi-Indicator,HIGH,5,31.37,593.99,4.65,0.0,14.19,0.0,0.0,2026-10-21,2.85,8.48,100.0,327.84,161.53,-66.22,-6.58,50.0,1,2026-05-14 to 2026-08-31 (75 days),-1.0,51.8,0.2548,566.08,520.78,BULLISH,MEDIUM,High volume; Strong trend (ADX=32); Last surprise: +6.2%; Earnings conf adj: +1,7.36,-1.0,1.0,48,2026-10-19,6.25,1
2026-09-01T15:25:13,2026-09-01,MRK,HOLD,0,52-Week High Momentum,HIGH,5,31.3,147.76,6.62,0.0,23.17,0.0,0.0,2026-12-07,2.23,4.9,100.0,242.09,107.67,-44.62,-6.78,97.0,1,2026-05-14 to 2026-08-31 (75 days),-1.0,61.5,0.5092,132.13,116.23,BULLISH,HIGH,Strong trend (ADX=56); Last surprise: +50.0%; Earnings conf adj: +1,3.68,-1.0,1.0,58,2026-10-29,50.0,1
2026-09-01T15:23:55,2026-09-01,AMZN,HOLD,0,Stochastic Oscillator,HIGH,5,31.27,259.77,3.43,0.0,5.15,0.0,0.0,2026-09-18,1.79,4.21,66.7,34.7,81.46,90.64,-7.92,17.0,3,2026-05-14 to 2026-08-31 (75 days),-1.0,50.1,0.2689,251.97,238.73,BULLISH,MEDIUM,Last surprise: +214.2%; Earnings conf adj: +1,6.97,-1.0,1.0,58,2026-10-29,214.21,1
2026-09-01T15:24:54,2026-09-01,IP,HOLD,0,Stochastic Oscillator,HIGH,5,31.27,37.93,4.5,0.0,6.75,0.0,0.0,2026-09-14,1.55,4.3,100.0,124.96,43.76,-59.79,-5.14,13.0,1,2026-05-14 to 2026-08-31 (75 days),-1.0,39.5,0.3208,39.24,37.49,BULLISH,MEDIUM,Price at statistical extreme; Last surprise: +200.0%; Earnings conf adj: +1,5.84,-1.0,1.0,57,2026-10-28,200.0,1
2026-09-01T15:24:55,2026-09-01,J,HOLD,0,ADX Trend Following,HIGH,4,31.18,149.05,3.07,0.0,7.24,0.0,0.0,2026-09-19,2.44,4.13,66.7,7.73,55.4,-108.19,-5.59,18.7,3,2026-05-14 to 2026-08-31 (75 days),-1.0,61.1,0.2127,136.15,132.12,BULLISH,MEDIUM,High volume; Strong trend (ADX=60); Last surprise: +0.5%,8.81,-1.0,1.0,79,2026-11-19,0.55,0
2026-09-01T15:27:03,2026-09-01,CHRD,HOLD,0,SMA Crossover (10/50),HIGH,4,31.14,147.11,6.66,0.0,19.01,0.0,0.0,2026-10-05,2.08,3.87,100.0,151.29,60.4,42.19,-7.43,34.0,1,2026-05-14 to 2026-08-31 (75 days),-1.0,61.6,0.4141,130.51,117.78,BULLISH,HIGH,Last surprise: -1.2%,4.53,-1.0,1.0,63,2026-11-03,-1.23,0
2026-09-01T15:24:55,2026-09-01,IVZ,HOLD,0,Composite Multi-Indicator,HIGH,5,31.09,32.78,3.61,0.0,10.83,0.0,0.0,2026-11-06,1.86,2.92,100.0,164.14,67.15,-18.55,-10.2,66.0,1,2026-05-14 to 2026-08-31 (75 days),-1.0,61.5,0.2294,29.84,26.71,BULLISH,MEDIUM,Last surprise: +7.6%; Earnings conf adj: +1,8.17,-1.0,1.0,56,2026-10-27,7.58,1
2026-09-01T15:26:50,2026-09-01,R,HOLD,0,PEAD Earnings Drift,HIGH,4,31.09,244.46,3.61,0.0,12.63,0.0,0.0,2026-11-09,2.51,4.14,100.0,163.83,66.97,42.46,-7.0,69.0,1,2026-05-14 to 2026-08-31 (75 days),-1.0,36.0,0.2128,260.77,222.91,BULLISH,MEDIUM,Strong trend (ADX=51); Last surprise: +1.1%,8.81,-1.0,1.0,51,2026-10-22,1.08,0
2026-09-01T15:27:11,2026-09-01,MTDR,HOLD,0,Composite Multi-Indicator,HIGH,5,31.05,58.01,6.37,0.0,20.66,0.0,0.0,2026-10-09,1.74,2.9,100.0,149.5,60.11,57.04,-9.32,38.0,1,2026-05-14 to 2026-08-31 (75 days),-1.0,63.1,0.4255,51.94,50.72,BULLISH,HIGH,Strong trend (ADX=30); Last surprise: +24.9%; Earnings conf adj: +1,4.41,-1.0,1.0,56,2026-10-27,24.88,1
2026-09-01T15:27:19,2026-09-01,ESNT,HOLD,0,PEAD Earnings Drift,HIGH,5,31.05,67.56,2.56,0.0,7.68,0.0,0.0,2026-11-20,2.08,4.01,100.0,135.39,53.53,1.9,-9.46,80.0,1,2026-05-14 to 2026-08-31 (75 days),-1.0,49.0,0.2296,66.17,62.12,BULLISH,MEDIUM,Last surprise: +18.2%; Earnings conf adj: +1,8.17,-1.0,1.0,66,2026-11-06,18.18,1
2026-09-01T15:27:40,2026-09-01,IRT,HOLD,0,VWAP Trend,HIGH,4,31.05,16.18,3.26,0.0,2.56,0.0,0.0,2026-09-03,1.82,3.78,66.7,3.75,15.61,13.38,-2.41,2.3,9,2026-05-14 to 2026-08-31 (75 days),-1.0,40.0,0.2141,16.7,16.26,BULLISH,MEDIUM,No special conditions,8.76,-1.0,1.0,57,2026-10-28,,0
2026-09-01T15:26:31,2026-09-01,HALO,HOLD,0,Momentum (Rate of Change),HIGH,5,31.04,106.49,5.13,0.0,17.95,0.0,0.0,2026-12-18,3.61,11.07,100.0,585.56,378.29,44.49,-7.99,108.0,1,2026-05-14 to 2026-08-31 (75 days),-1.0,68.9,0.7539,87.55,73.43,BULLISH,HIGH,Strong trend (ADX=50); Last surprise: +25.3%; Earnings conf adj: +1,2.49,-1.0,1.0,62,2026-11-02,25.27,1
2026-09-01T15:25:58,2026-09-01,XOM,HOLD,0,Donchian Breakout (20/55),HIGH,5,31.0,160.95,3.0,0.0,9.0,0.0,0.0,2026-10-13,1.88,3.88,100.0,90.89,33.54,8.63,-5.84,42.0,1,2026-05-14 to 2026-08-31 (75 days),-1.0,57.1,0.2678,150.26,142.14,BULLISH,MEDIUM,Last surprise: +13.2%; Earnings conf adj: +1,7.0,-1.0,1.0,59,2026-10-30,13.22,1
2026-09-01T15:24:35,2026-09-01,FDS,BUY,1,VWAP Trend,HIGH,4,30.96,313.55,5.22,297.18,6.54,334.06,7.74,2026-09-06,2.33,4.35,72.7,2.55,178.79,-192.44,-23.51,5.9,11,2026-05-14 to 2026-08-31 (75 days),0.425,68.2,0.3418,265.49,247.74,BULLISH,MEDIUM,Strong trend (ADX=39); Last surprise: +1.8%; Size: Kelly 10.0% / VolTgt 5.5% / Blend 7.7%,5.48,-1.0,1.0,16,2026-09-17,1.8,0
2026-09-01T15:24:32,2026-09-01,EXE,HOLD,0,EMA Crossover (9/21),HIGH,5,30.94,98.16,3.33,0.0,5.0,0.0,0.0,2026-10-09,1.57,2.99,100.0,78.0,28.67,21.27,-4.06,38.0,1,2026-05-14 to 2026-08-31 (75 days),-1.0,63.4,0.2666,91.6,100.26,BEARISH,MEDIUM,Last surprise: +18.7%; Earnings conf adj: +1,7.03,-1.0,1.0,56,2026-10-27,18.75,1
2026-09-01T15:24:02,2026-09-01,BIIB,BUY,1,PEAD Earnings Drift,HIGH,5,30.93,216.65,3.71,208.61,11.36,241.26,8.44,2026-09-29,1.7,3.17,100.0,72.48,26.01,-26.57,-3.25,28.0,1,2026-05-14 to 2026-08-31 (75 days),0.488,55.7,0.2725,207.82,189.92,BULLISH,MEDIUM,Strong trend (ADX=33); Last surprise: +77.3%; Earnings conf adj: +1; Size: Kelly 10.0% / VolTgt 6.9% / Blend 8.4%,6.88,-1.0,1.0,58,2026-10-29,77.34,1
2026-09-01T15:26:02,2026-09-01,VNOM,HOLD,0,ADX Trend Following,MEDIUM,2,30.89,44.79,3.17,0.0,7.38,0.0,0.0,2026-09-12,0.77,1.16,66.7,1.68,9.98,24.67,-7.64,11.0,3,2026-05-14 to 2026-08-31 (75 days),-1.0,58.6,0.2825,42.69,42.0,BULLISH,MEDIUM,Strong trend (ADX=32); Last surprise: -5.0%; Earnings conf adj: -1,6.64,-1.0,1.0,62,2026-11-02,-5.0,-1
2026-09-01T15:24:57,2026-09-01,JNJ,HOLD,0,Stochastic Oscillator,HIGH,4,30.79,265.85,2.28,0.0,3.42,0.0,0.0,2026-10-04,1.56,2.3,100.0,67.11,20.14,-47.68,-4.62,33.0,1,2026-05-14 to 2026-08-31 (75 days),-1.0,54.0,0.1929,257.75,231.84,BULLISH,LOW,Last surprise: +1.8%,9.72,-1.0,1.0,42,2026-10-13,1.75,0
2026-09-01T15:26:52,2026-09-01,VOYA,BUY,1,52-Week High Momentum,MEDIUM,3,30.78,101.32,2.27,99.02,4.54,105.92,9.83,2026-12-18,3.94,7.26,100.0,256.12,116.49,1.58,-3.97,108.0,1,2026-05-14 to 2026-08-31 (75 days),0.659,58.1,0.194,97.48,80.09,BULLISH,LOW,Last surprise: -23.4%; Earnings conf adj: -1; Size: Kelly 10.0% / VolTgt 9.7% / Blend 9.8%,9.66,-1.0,1.0,63,2026-11-03,-23.35,-1
2026-09-01T15:26:23,2026-09-01,HL,HOLD,0,EMA Crossover (9/21),MEDIUM,3,30.76,19.87,10.71,0.0,16.07,0.0,0.0,2026-09-25,1.8,4.23,100.0,178.45,73.63,65.93,-7.37,24.0,1,2026-05-14 to 2026-08-31 (75 days),-1.0,58.6,0.7525,16.65,18.85,BEARISH,HIGH,Strong trend (ADX=45); Last surprise: -5.6%; Earnings conf adj: -1,2.49,-1.0,1.0,65,2026-11-05,-5.56,-1
2026-09-01T15:27:35,2026-09-01,KBR,HOLD,0,Composite Multi-Indicator,HIGH,5,30.71,37.5,3.6,0.0,5.4,0.0,0.0,2026-10-03,1.65,2.95,100.0,90.07,33.64,-63.19,-3.97,32.0,1,2026-05-14 to 2026-08-31 (75 days),-1.0,50.9,0.2733,36.33,38.14,BEARISH,MEDIUM,Last surprise: +10.0%; Earnings conf adj: +1,6.86,-1.0,1.0,51,2026-10-22,10.0,1
2026-09-01T15:26:48,2026-09-01,AMG,HOLD,0,Stochastic Oscillator,HIGH,4,30.69,368.19,4.01,0.0,4.44,0.0,0.0,2026-09-08,1.1,3.08,100.0,24.77,5.04,-91.13,-1.0,7.0,1,2026-05-14 to 2026-08-31 (75 days),-1.0,53.5,0.2132,360.88,312.47,BULLISH,MEDIUM,Last surprise: +4.7%,8.8,-1.0,1.0,62,2026-11-02,4.67,0
2026-09-01T15:24:37,2026-09-01,FOX,HOLD,0,Composite Multi-Indicator,HIGH,5,30.68,60.22,4.03,0.0,6.04,0.0,0.0,2026-11-17,2.2,3.83,100.0,204.48,87.67,77.94,-11.23,77.0,1,2026-05-14 to 2026-08-31 (75 days),-1.0,59.3,0.3855,53.11,56.83,BEARISH,MEDIUM,High volume; Strong trend (ADX=47); Last surprise: +31.6%; Earnings conf adj: +1,4.86,-1.0,1.0,58,2026-10-29,31.62,1
2026-09-01T15:25:48,2026-09-01,UBER,HOLD,0,Stochastic Oscillator,MEDIUM,3,30.65,75.65,7.18,0.0,10.77,0.0,0.0,2026-11-23,0.37,0.58,100.0,22.77,7.21,2.76,-13.46,83.0,1,2026-05-14 to 2026-08-31 (75 days),-1.0,49.9,0.4733,73.77,76.65,BEARISH,HIGH,Last surprise: +41.0%; Earnings conf adj: +1,3.96,-1.0,1.0,63,2026-11-03,40.96,1
2026-09-01T15:26:36,2026-09-01,KNX,HOLD,0,Stochastic Oscillator,HIGH,4,30.58,68.51,4.97,0.0,7.46,0.0,0.0,2026-09-19,0.75,1.58,100.0,41.98,10.41,7.09,-4.31,18.0,1,2026-05-14 to 2026-08-31 (75 days),-1.0,43.9,0.372,72.72,62.64,BULLISH,MEDIUM,Last surprise: +23.5%; Earnings conf adj: +1,5.04,-1.0,1.0,50,2026-10-21,23.53,1
2026-09-01T15:25:59,2026-09-01,ZBH,HOLD,0,Composite Multi-Indicator,HIGH,4,30.57,100.04,3.62,0.0,10.86,0.0,0.0,2026-11-10,1.86,2.91,100.0,150.75,60.69,-32.66,-9.59,70.0,1,2026-05-14 to 2026-08-31 (75 days),-1.0,56.3,0.2293,94.12,90.84,BULLISH,MEDIUM,Last surprise: +3.0%,8.18,-1.0,1.0,65,2026-11-05,2.99,0
2026-09-01T15:26:28,2026-09-01,CCK,HOLD,0,Composite Multi-Indicator,HIGH,5,30.55,116.39,2.56,0.0,4.91,0.0,0.0,2026-09-13,1.69,3.67,100.0,35.14,12.09,-61.87,-2.76,12.0,1,2026-05-14 to 2026-08-31 (75 days),-1.0,46.6,0.1799,115.51,105.22,BULLISH,LOW,Last surprise: +15.3%; Earnings conf adj: +1,10.0,-1.0,1.0,48,2026-10-19,15.28,1
2026-09-01T15:25:52,2026-09-01,VRSN,HOLD,0,Composite Multi-Indicator,HIGH,4,30.51,288.28,4.01,0.0,12.03,0.0,0.0,2026-10-11,1.59,3.04,100.0,100.06,37.85,41.36,-8.83,40.0,1,2026-05-14 to 2026-08-31 (75 days),-1.0,53.7,0.2638,275.04,259.49,BULLISH,MEDIUM,Last surprise: +1.3%,7.11,-1.0,1.0,51,2026-10-22,1.28,0
2026-09-01T15:26:59,2026-09-01,REXR,HOLD,0,Stochastic Oscillator,HIGH,5,30.47,37.04,2.04,0.0,3.06,0.0,0.0,2026-09-24,1.64,2.87,66.7,72.58,41.05,17.52,-7.47,23.7,3,2026-05-14 to 2026-08-31 (75 days),-1.0,51.9,0.1854,36.12,36.39,BEARISH,LOW,Last surprise: +61.5%; Earnings conf adj: +1,10.0,-1.0,1.0,43,2026-10-14,61.54,1
2026-09-01T15:26:48,2026-09-01,KTOS,HOLD,0,Stochastic Oscillator,HIGH,5,30.44,50.98,11.08,0.0,16.62,0.0,0.0,2026-09-23,3.11,5.85,66.7,11.43,365.26,387.32,-20.72,22.7,3,2026-05-14 to 2026-08-31 (75 days),-1.0,40.7,0.6101,52.4,72.1,BEARISH,HIGH,Strong trend (ADX=37); Last surprise: +40.0%; Earnings conf adj: +1,3.07,-1.0,1.0,63,2026-11-03,40.0,1
2026-09-01T15:25:19,2026-09-01,NWSA,BUY,1,Momentum (Rate of Change),HIGH,5,30.4,30.71,3.01,29.79,9.16,33.52,8.93,2026-09-24,1.66,2.5,66.7,7.48,42.99,-27.65,-8.23,23.7,3,2026-05-14 to 2026-08-31 (75 days),0.615,64.5,0.2389,28.01,26.08,BULLISH,MEDIUM,Strong trend (ADX=56); Last surprise: +52.2%; Earnings conf adj: +1; Size: Kelly 10.0% / VolTgt 7.8% / Blend 8.9%,7.85,-1.0,1.0,65,2026-11-05,52.17,1
2026-09-01T15:27:16,2026-09-01,G,HOLD,0,Composite Multi-Indicator,HIGH,4,30.38,37.98,4.18,0.0,6.27,0.0,0.0,2026-09-22,2.88,9.3,100.0,111.8,42.93,-114.45,-1.95,21.0,1,2026-05-14 to 2026-08-31 (75 days),-1.0,68.2,0.3328,32.61,37.49,BEARISH,MEDIUM,Strong trend (ADX=46); Last surprise: +3.1%,5.63,-1.0,1.0,65,2026-11-05,3.09,0
2026-09-01T15:26:33,2026-09-01,AR,HOLD,0,SMA Crossover (10/50),MEDIUM,3,30.31,38.48,3.89,0.0,5.83,0.0,0.0,2026-09-28,1.51,2.83,100.0,77.17,28.34,14.89,-3.91,27.0,1,2026-05-14 to 2026-08-31 (75 days),-1.0,63.4,0.3503,35.59,36.17,BEARISH,MEDIUM,Last surprise: -10.6%; Earnings conf adj: -1,5.35,-1.0,1.0,57,2026-10-28,-10.59,-1
2026-09-01T15:24:57,2026-09-01,JPM,BUY,1,52-Week High Momentum,HIGH,5,30.25,356.02,1.72,349.9,5.16,374.39,10.0,2026-11-17,2.02,3.08,100.0,118.67,40.11,-41.98,-3.73,77.0,1,2026-05-14 to 2026-08-31 (75 days),0.171,53.0,0.1368,347.55,315.25,BULLISH,LOW,Last surprise: +5.9%; Earnings conf adj: +1; Size: Kelly 10.0% / VolTgt 10.0% / Blend 10.0%,10.0,-1.0,1.0,42,2026-10-13,5.86,1
2026-09-01T15:25:40,2026-09-01,SWKS,HOLD,0,MACD Crossover,MEDIUM,3,30.24,67.01,7.75,0.0,15.5,0.0,0.0,2026-09-27,0.65,1.1,100.0,60.74,21.3,18.57,-14.04,26.5,2,2026-05-14 to 2026-08-31 (75 days),-1.0,51.7,0.4406,65.0,63.18,BULLISH,HIGH,High volume; Last surprise: +4.9%,4.26,-1.0,1.0,63,2026-11-03,4.85,0
2026-09-01T15:24:08,2026-09-01,CBOE,HOLD,0,EMA Crossover (9/21),HIGH,4,30.23,300.2,4.86,0.0,7.29,0.0,0.0,2026-10-16,1.38,2.16,100.0,96.98,36.07,81.13,-9.5,45.0,1,2026-05-14 to 2026-08-31 (75 days),-1.0,53.1,0.3408,280.43,283.84,BEARISH,MEDIUM,High volume; Last surprise: +2.0%,5.5,-1.0,1.0,59,2026-10-30,2.01,0
2026-09-01T15:26:54,2026-09-01,PCTY,HOLD,0,PEAD Earnings Drift,HIGH,5,30.2,160.22,4.84,0.0,16.94,0.0,0.0,2026-10-16,3.04,5.6,100.0,270.59,125.11,-211.54,-5.58,45.0,1,2026-05-14 to 2026-08-31 (75 days),-1.0,71.5,0.3366,132.22,125.17,BULLISH,MEDIUM,RSI overbought; Price at statistical extreme; Strong trend (ADX=41); Last surprise: +14.3%; Earnings conf adj: +1,5.57,-1.0,1.0,63,2026-11-03,14.29,1
2026-09-01T15:24:31,2026-09-01,ESS,HOLD,0,Composite Multi-Indicator,MEDIUM,3,30.17,282.96,2.03,0.0,4.06,0.0,0.0,2026-12-18,1.18,1.63,100.0,67.89,24.61,1.47,-5.89,108.0,1,2026-05-14 to 2026-08-31 (75 days),-1.0,44.8,0.1901,289.19,263.07,BULLISH,LOW,High volume; Last surprise: -36.1%; Earnings conf adj: -1,9.86,-1.0,1.0,56,2026-10-27,-36.05,-1
2026-09-01T15:26:35,2026-09-01,ARWR,HOLD,0,Stochastic Oscillator,MEDIUM,3,30.14,82.39,5.49,0.0,8.23,0.0,0.0,2026-10-17,1.31,3.34,100.0,153.33,60.25,48.23,-8.13,46.0,1,2026-05-14 to 2026-08-31 (75 days),-1.0,42.1,0.3464,83.61,70.25,BULLISH,MEDIUM,Price at statistical extreme; Last surprise: -10.6%; Earnings conf adj: -1,5.41,-1.0,1.0,84,2026-11-24,-10.57,-1
2026-09-01T15:25:51,2026-09-01,VLTO,BUY,1,PEAD Earnings Drift,HIGH,5,30.11,98.57,2.23,96.37,7.8,106.26,9.75,2026-10-02,1.47,3.29,100.0,45.72,15.64,-49.0,-2.31,31.0,1,2026-05-14 to 2026-08-31 (75 days),0.048,57.4,0.1971,94.21,93.26,BULLISH,LOW,High volume; Strong trend (ADX=31); Last surprise: +9.9%; Earnings conf adj: +1; Size: Kelly 10.0% / VolTgt 9.5% / Blend 9.8%,9.51,-1.0,1.0,50,2026-10-21,9.9,1
2026-09-01T15:24:29,2026-09-01,EQIX,HOLD,0,Stochastic Oscillator,HIGH,5,30.07,1046.72,4.71,0.0,7.06,0.0,0.0,2026-10-12,1.2,2.08,100.0,67.03,23.85,30.85,-7.03,41.0,1,2026-05-14 to 2026-08-31 (75 days),-1.0,46.9,0.2396,1047.41,947.52,BULLISH,MEDIUM,Last surprise: +6.2%; Earnings conf adj: +1,7.82,-1.0,1.0,57,2026-10-28,6.25,1
2026-09-01T15:26:40,2026-09-01,ARW,HOLD,0,PEAD Earnings Drift,HIGH,4,30.04,204.43,6.66,0.0,19.98,0.0,0.0,2026-11-23,0.81,1.22,100.0,65.8,23.78,38.53,-17.44,83.0,1,2026-05-14 to 2026-08-31 (75 days),-1.0,45.5,0.4876,210.88,167.39,BULLISH,HIGH,Last surprise: +22.5%; Earnings conf adj: +1,3.85,-1.0,1.0,58,2026-10-29,22.47,1
2026-09-01T15:25:13,2026-09-01,MSFT,EXIT,-1,Composite Multi-Indicator,HIGH,5,30.03,507.29,2.9,522.0,9.18,460.72,9.33,2026-09-30,2.98,6.08,100.0,139.54,54.91,-55.44,-5.08,29.0,1,2026-05-14 to 2026-08-31 (75 days),-1.0,68.7,0.2164,432.55,429.41,BULLISH,MEDIUM,Strong trend (ADX=46); Last surprise: +11.8%; Earnings conf adj: +1; Size: Kelly 10.0% / VolTgt 8.7% / Blend 9.3%,8.66,-1.0,1.0,57,2026-10-28,11.79,1
2026-09-01T15:27:14,2026-09-01,CLF,HOLD,0,VWAP Trend,HIGH,5,29.98,11.55,11.42,0.0,8.91,0.0,0.0,2026-09-05,1.98,4.18,55.6,2.51,128.66,107.99,-17.61,4.1,9,2026-05-14 to 2026-08-31 (75 days),-1.0,50.4,0.5588,10.92,11.39,BEARISH,HIGH,Last surprise: +9.1%; Earnings conf adj: +1,3.36,-1.0,1.0,48,2026-10-19,9.09,1
2026-09-01T15:27:28,2026-09-01,CNX,HOLD,0,EMA Crossover (9/21),HIGH,5,29.96,36.38,3.28,0.0,4.92,0.0,0.0,2026-10-10,1.43,2.33,100.0,54.72,19.46,19.65,-4.16,39.0,1,2026-05-14 to 2026-08-31 (75 days),-1.0,60.3,0.2022,34.53,37.02,BEARISH,MEDIUM,Last surprise: +29.1%; Earnings conf adj: +1,9.27,-1.0,1.0,58,2026-10-29,29.09,1
2026-09-01T15:27:43,2026-09-01,PK,HOLD,0,52-Week High Momentum,HIGH,4,29.95,15.3,3.73,0.0,13.05,0.0,0.0,2026-12-11,3.71,6.88,100.0,351.55,177.73,-58.91,-6.4,101.0,1,2026-05-14 to 2026-08-31 (75 days),-1.0,50.8,0.3238,14.85,11.87,BULLISH,MEDIUM,Strong trend (ADX=35),5.79,-1.0,1.0,65,2026-11-05,,0
2026-09-01T15:24:20,2026-09-01,DDOG,BUY,1,ADX Trend Following,HIGH,5,29.92,237.04,10.18,212.91,24.25,294.52,5.98,2026-09-11,1.61,3.24,66.7,31.73,56.24,-13.76,-7.81,10.3,3,2026-05-14 to 2026-08-31 (75 days),0.56,46.9,0.9595,249.73,175.78,BULLISH,HIGH,Last surprise: +12.1%; Earnings conf adj: +1; Size: Kelly 10.0% / VolTgt 1.9% / Blend 6.0%,1.95,-1.0,1.0,65,2026-11-05,12.07,1
2026-09-01T15:24:05,2026-09-01,BX,HOLD,0,Composite Multi-Indicator,HIGH,5,29.8,143.24,4.01,0.0,12.03,0.0,0.0,2026-11-10,1.95,3.11,100.0,172.95,71.49,-5.04,-8.42,70.0,1,2026-05-14 to 2026-08-31 (75 days),-1.0,58.7,0.3303,130.33,128.52,BULLISH,MEDIUM,Last surprise: +13.4%; Earnings conf adj: +1,5.68,-1.0,1.0,51,2026-10-22,13.43,1
2026-09-01T15:25:42,2026-09-01,TECH,HOLD,0,VWAP Trend,HIGH,4,29.79,72.31,1.5,0.0,0.71,0.0,0.0,2026-09-08,3.39,7.64,85.7,419.45,117.42,-300.67,-4.02,7.1,7,2026-05-14 to 2026-08-31 (75 days),-1.0,65.4,0.034,70.82,60.6,BULLISH,LOW,Strong trend (ADX=48); Last surprise: +0.0%,10.0,-1.0,1.0,69,2026-11-09,0.0,0
2026-09-01T15:26:25,2026-09-01,MANH,HOLD,0,Composite Multi-Indicator,HIGH,5,29.69,223.19,4.83,0.0,7.83,0.0,0.0,2026-09-14,3.54,31.02,100.0,124.06,48.36,-497.6,-0.68,13.0,1,2026-05-14 to 2026-08-31 (75 days),-1.0,76.0,0.2759,175.41,157.32,BULLISH,MEDIUM,RSI overbought; Strong trend (ADX=51); Last surprise: +5.3%; Earnings conf adj: +1,6.8,-1.0,1.0,56,2026-10-27,5.3,1
2026-09-01T15:23:50,2026-09-01,ADP,HOLD,0,Multi-Factor Momentum MR,HIGH,4,29.68,286.16,2.97,0.0,6.01,0.0,0.0,2026-09-15,3.53,17.47,100.0,74.55,27.28,-174.96,-0.57,14.0,1,2026-05-14 to 2026-08-31 (75 days),-1.0,67.1,0.2039,256.91,234.24,BULLISH,MEDIUM,Strong trend (ADX=44); Last surprise: +1.5%,9.2,-1.0,1.0,57,2026-10-28,1.54,0
2026-09-01T15:26:18,2026-09-01,WMG,HOLD,0,EMA Crossover (9/21),MEDIUM,3,29.67,28.21,3.91,0.0,5.65,0.0,0.0,2026-09-07,0.34,0.6,100.0,4.35,0.8,38.34,-0.66,6.0,1,2026-05-14 to 2026-08-31 (75 days),-1.0,59.9,0.2928,27.11,28.32,BEARISH,MEDIUM,Strong trend (ADX=44); Last surprise: +30.8%; Earnings conf adj: +1,6.4,-1.0,1.0,79,2026-11-19,30.77,1
2026-09-01T15:26:35,2026-09-01,WTRG,BUY,1,Momentum (Rate of Change),MEDIUM,3,29.66,41.17,2.89,39.98,5.78,43.55,9.68,2026-11-16,1.64,2.92,100.0,94.94,34.76,-6.88,-4.74,76.0,1,2026-05-14 to 2026-08-31 (75 days),0.115,59.8,0.2004,39.24,38.32,BULLISH,MEDIUM,Last surprise: -5.1%; Earnings conf adj: -1; Size: Kelly 10.0% / VolTgt 9.4% / Blend 9.7%,9.36,-1.0,1.0,64,2026-11-04,-5.13,-1
2026-09-01T15:24:05,2026-09-01,BSX,HOLD,0,ADX Trend Following,LOW,1,29.65,48.3,5.52,0.0,8.28,0.0,0.0,2026-09-18,-0.14,-0.16,66.7,0.94,-9.82,19.81,-15.26,17.7,3,2026-05-14 to 2026-08-31 (75 days),-1.0,49.1,0.3867,46.63,67.87,BEARISH,MEDIUM,Strong trend (ADX=31); Last surprise: +3.6%,4.85,-1.0,1.0,57,2026-10-28,3.61,0
2026-09-01T15:26:54,2026-09-01,ALV,HOLD,0,Composite Multi-Indicator,MEDIUM,3,29.58,121.21,2.56,0.0,5.12,0.0,0.0,2026-10-13,0.95,1.55,100.0,40.32,14.0,7.18,-3.6,42.0,1,2026-05-14 to 2026-08-31 (75 days),-1.0,49.7,0.2017,119.89,117.37,BULLISH,MEDIUM,Last surprise: -2.0%,9.3,-1.0,1.0,52,2026-10-23,-2.02,0
2026-09-01T15:24:01,2026-09-01,BDX,HOLD,0,ADX Trend Following,HIGH,4,29.54,188.11,3.16,0.0,9.53,0.0,0.0,2026-09-29,2.14,3.63,66.7,15.61,58.83,-92.8,-7.45,28.3,3,2026-05-14 to 2026-08-31 (75 days),-1.0,66.6,0.2276,166.74,157.84,BULLISH,MEDIUM,Strong trend (ADX=60); Last surprise: +2.9%,8.24,-1.0,1.0,65,2026-11-05,2.87,0
2026-09-01T15:27:49,2026-09-01,XLF,HOLD,0,52-Week High Momentum,HIGH,4,29.54,57.71,1.5,0.0,4.5,0.0,0.0,2026-11-16,1.5,2.4,100.0,64.54,16.35,-34.86,-3.19,76.0,1,2026-05-14 to 2026-08-31 (75 days),-1.0,53.6,0.1003,56.52,53.1,BULLISH,LOW,No special conditions,10.0,-1.0,1.0,-1,,,0
2026-09-01T15:26:34,2026-09-01,CART,HOLD,0,ADX Trend Following,MEDIUM,3,29.52,50.52,6.24,0.0,12.45,0.0,0.0,2026-09-11,1.1,1.72,75.0,17.5,22.29,-130.64,-5.54,10.0,4,2026-05-14 to 2026-08-31 (75 days),-1.0,58.0,0.5001,47.44,42.13,BULLISH,HIGH,Last surprise: -16.7%; Earnings conf adj: -1,3.75,-1.0,1.0,69,2026-11-09,-16.67,-1
2026-09-01T15:25:22,2026-09-01,PANW,HOLD,0,EMA Crossover (9/21),LOW,1,29.43,382.13,9.46,0.0,8.68,0.0,0.0,2026-09-04,1.71,33.1,100.0,27.36,8.88,-391.11,-0.2,3.0,1,2026-05-14 to 2026-08-31 (75 days),-1.0,59.0,0.6362,345.3,230.4,BULLISH,HIGH,High volume; Strong trend (ADX=31); EARNINGS TODAY (2026-09-01); Last surprise: +6.2%; Earnings conf adj: -3,2.95,-1.0,1.0,0,2026-09-01,6.25,-3
2026-09-01T15:26:58,2026-09-01,KNSL,HOLD,0,VWAP Trend,HIGH,5,29.4,373.9,3.8,0.0,5.7,0.0,0.0,2026-09-12,1.61,2.44,83.3,3.93,52.62,-51.13,-8.35,11.3,6,2026-05-14 to 2026-08-31 (75 days),-1.0,52.0,0.2518,354.51,357.8,BEARISH,MEDIUM,Last surprise: +8.4%; Earnings conf adj: +1,7.45,-1.0,1.0,51,2026-10-22,8.41,1
2026-09-01T15:26:07,2026-09-01,CNH,HOLD,0,Composite Multi-Indicator,HIGH,5,29.39,11.83,7.55,0.0,22.6,0.0,0.0,2026-10-03,1.78,3.61,100.0,145.32,58.13,11.29,-10.61,32.0,1,2026-05-14 to 2026-08-31 (75 days),-1.0,61.8,0.5074,10.79,10.61,BULLISH,HIGH,High volume; Strong trend (ADX=35); Last surprise: +18.2%; Earnings conf adj: +1,3.7,-1.0,1.0,69,2026-11-09,18.18,1
2026-09-01T15:27:14,2026-09-01,LNTH,HOLD,0,Stochastic Oscillator,MEDIUM,3,29.37,100.96,1.5,0.0,2.25,0.0,0.0,2026-10-02,0.21,0.43,100.0,12.25,0.74,-15.2,-1.51,31.0,1,2026-05-14 to 2026-08-31 (75 days),-1.0,47.6,0.0517,103.56,83.26,BULLISH,LOW,Last surprise: +19.2%; Earnings conf adj: +1,10.0,-1.0,1.0,65,2026-11-05,19.23,1
2026-09-01T15:24:56,2026-09-01,JKHY,HOLD,0,Donchian Breakout (20/55),HIGH,5,29.25,167.91,4.68,0.0,7.02,0.0,0.0,2026-10-03,1.73,3.95,100.0,87.63,32.62,-86.12,-4.5,32.0,1,2026-05-14 to 2026-08-31 (75 days),-1.0,61.9,0.3272,151.88,159.11,BEARISH,MEDIUM,Strong trend (ADX=37); Last surprise: +6.3%; Earnings conf adj: +1,5.73,-1.0,1.0,63,2026-11-03,6.25,1
2026-09-01T15:25:41,2026-09-01,TAP,HOLD,0,MACD Crossover,LOW,1,29.21,39.76,4.28,0.0,6.42,0.0,0.0,2026-09-13,-1.24,-1.56,60.0,0.25,-25.89,-25.02,-12.85,12.8,5,2026-05-14 to 2026-08-31 (75 days),-1.0,41.3,0.3196,40.59,43.11,BEARISH,MEDIUM,High volume; Price at statistical extreme; Last surprise: +4.6%,5.87,-1.0,1.0,63,2026-11-03,4.64,0
2026-09-01T15:24:48,2026-09-01,HPQ,HOLD,0,SMA Crossover (10/50),HIGH,5,29.2,30.02,9.86,0.0,28.72,0.0,0.0,2026-10-17,2.26,4.31,100.0,242.58,107.94,-157.38,-8.69,46.0,1,2026-05-14 to 2026-08-31 (75 days),-1.0,56.8,0.5378,26.52,22.37,BULLISH,HIGH,Last surprise: +20.3%; Earnings conf adj: +1,3.49,-1.0,1.0,84,2026-11-24,20.29,1
2026-09-01T15:25:13,2026-09-01,MS,HOLD,0,Stochastic Oscillator,MEDIUM,3,29.19,213.32,2.98,0.0,4.47,0.0,0.0,2026-10-17,0.31,0.45,100.0,24.62,4.28,-35.19,-11.12,46.0,1,2026-05-14 to 2026-08-31 (75 days),-1.0,48.0,0.2373,215.65,188.23,BULLISH,MEDIUM,Last surprise: +18.1%; Earnings conf adj: +1,7.9,-1.0,1.0,43,2026-10-14,18.09,1
2026-09-01T15:26:20,2026-09-01,MLI,HOLD,0,MACD Crossover,MEDIUM,3,29.19,62.41,4.78,0.0,11.04,0.0,0.0,2026-09-21,1.87,3.7,50.0,4.64,36.32,66.88,-5.13,20.5,2,2026-05-14 to 2026-08-31 (75 days),-1.0,43.1,0.3097,63.29,61.44,BULLISH,MEDIUM,Strong trend (ADX=45); Last surprise: +1.7%,6.05,-1.0,1.0,49,2026-10-20,1.74,0
2026-09-01T15:26:30,2026-09-01,SMTC,HOLD,0,Composite Multi-Indicator,HIGH,4,29.17,132.96,12.0,0.0,29.36,0.0,0.0,2026-09-13,0.85,1.49,100.0,59.63,21.37,39.81,-7.91,12.0,1,2026-05-14 to 2026-08-31 (75 days),-1.0,50.3,1.0763,135.03,106.04,BULLISH,HIGH,Last surprise: +16.4%; Earnings conf adj: +1,1.74,-1.0,1.0,83,2026-11-23,16.39,1
2026-09-01T15:26:32,2026-09-01,AIT,EXIT,-1,52-Week High Momentum,HIGH,5,28.99,323.98,4.39,338.2,15.36,274.22,8.76,2026-12-13,1.67,2.46,100.0,115.41,44.03,33.7,-8.21,103.0,1,2026-05-14 to 2026-08-31 (75 days),-1.0,35.7,0.2489,340.07,294.26,BULLISH,MEDIUM,Price at statistical extreme; Strong trend (ADX=38); Last surprise: +8.6%; Earnings conf adj: +1; Size: Kelly 10.0% / VolTgt 7.5% / Blend 8.8%,7.53,-1.0,1.0,56,2026-10-27,8.56,1
2026-09-01T15:26:48,2026-09-01,WLK,HOLD,0,Stochastic Oscillator,LOW,1,28.99,75.07,5.79,0.0,8.69,0.0,0.0,2026-10-16,-0.94,-1.8,50.0,0.12,-32.91,13.88,-23.2,45.5,2,2026-05-14 to 2026-08-31 (75 days),-1.0,45.5,0.6154,75.63,86.68,BEARISH,HIGH,Last surprise: +6.3%; Earnings conf adj: +1,3.05,-1.0,1.0,58,2026-10-29,6.35,1
2026-09-01T15:27:15,2026-09-01,QLYS,HOLD,0,VWAP Trend,HIGH,5,28.99,186.14,8.09,0.0,11.54,0.0,0.0,2026-09-06,4.25,13.48,66.7,7.46,425.83,-821.49,-7.94,5.3,9,2026-05-14 to 2026-08-31 (75 days),-1.0,61.6,0.6364,158.66,124.1,BULLISH,HIGH,Strong trend (ADX=32); Last surprise: +11.2%; Earnings conf adj: +1,2.95,-1.0,1.0,63,2026-11-03,11.24,1
2026-09-01T15:26:25,2026-09-01,BWA,HOLD,0,MACD Crossover,HIGH,4,28.95,64.16,6.51,0.0,17.41,0.0,0.0,2026-09-29,0.91,1.81,100.0,51.65,17.9,32.75,-7.3,28.0,1,2026-05-14 to 2026-08-31 (75 days),-1.0,44.5,0.4178,65.61,57.06,BULLISH,HIGH,Last surprise: +11.8%; Earnings conf adj: +1,4.49,-1.0,1.0,58,2026-10-29,11.81,1
2026-09-01T15:25:31,2026-09-01,RJF,BUY,1,52-Week High Momentum,HIGH,5,28.89,178.17,2.4,173.89,8.4,193.14,9.86,2026-10-25,1.11,1.81,100.0,76.53,15.63,-45.02,-4.87,54.0,1,2026-05-14 to 2026-08-31 (75 days),0.552,55.8,0.1926,170.46,159.2,BULLISH,LOW,Strong trend (ADX=33); Last surprise: +7.9%; Earnings conf adj: +1; Size: Kelly 10.0% / VolTgt 9.7% / Blend 9.9%,9.73,-1.0,1.0,57,2026-10-28,7.9,1
2026-09-01T15:23:52,2026-09-01,AES,HOLD,0,Multi-Factor Momentum MR,MEDIUM,3,28.86,14.74,1.5,0.0,1.82,0.0,0.0,2026-11-07,1.95,3.43,100.0,16.52,5.37,-5.8,-0.88,67.0,1,2026-05-14 to 2026-08-31 (75 days),-1.0,56.9,0.0283,14.63,14.28,BULLISH,LOW,Last surprise: -6.4%; Earnings conf adj: -1,10.0,-1.0,1.0,64,2026-11-04,-6.38,-1
2026-09-01T15:26:10,2026-09-01,GWRE,HOLD,0,Donchian Breakout (20/55),MEDIUM,3,28.82,204.75,7.55,0.0,11.32,0.0,0.0,2026-10-03,4.05,10.43,100.0,335.4,166.62,-290.42,-5.82,32.0,1,2026-05-14 to 2026-08-31 (75 days),-1.0,73.7,0.4344,154.26,157.66,BEARISH,HIGH,RSI overbought; Strong trend (ADX=56); Earnings in 2d (2026-09-03); Last surprise: +10.8%; Earnings conf adj: -1,4.32,-1.0,1.0,2,2026-09-03,10.81,-1
2026-09-01T15:27:38,2026-09-01,VNT,HOLD,0,ADX Trend Following,HIGH,4,28.79,32.21,3.37,0.0,5.05,0.0,0.0,2026-11-03,1.43,2.48,100.0,90.27,33.73,-14.49,-9.18,63.0,1,2026-05-14 to 2026-08-31 (75 days),-1.0,46.6,0.2968,31.43,34.63,BEARISH,MEDIUM,No special conditions,6.32,-1.0,1.0,58,2026-10-29,,0
2026-09-01T15:24:29,2026-09-01,EL,BUY,1,Momentum (Rate of Change),HIGH,5,28.78,102.3,7.42,94.71,11.13,113.69,6.42,2026-09-27,1.72,6.68,100.0,175.4,70.95,-55.04,-4.62,26.0,1,2026-05-14 to 2026-08-31 (75 days),0.552,67.1,0.6606,87.04,91.64,BEARISH,HIGH,Strong trend (ADX=55); Last surprise: +21.9%; Earnings conf adj: +1; Size: Kelly 10.0% / VolTgt 2.8% / Blend 6.4%,2.84,-1.0,1.0,62,2026-11-02,21.88,1
2026-09-01T15:23:50,2026-09-01,ADBE,HOLD,0,ADX Trend Following,MEDIUM,3,28.77,292.79,7.02,0.0,10.53,0.0,0.0,2026-09-23,3.04,5.75,50.0,8.44,152.63,47.24,-6.93,22.0,2,2026-05-14 to 2026-08-31 (75 days),-1.0,69.3,0.404,242.13,268.98,BEARISH,HIGH,Price at statistical extreme; Strong trend (ADX=32); Last surprise: +2.6%,4.64,-1.0,1.0,9,2026-09-10,2.58,0
2026-09-01T15:26:51,2026-09-01,BAH,HOLD,0,ADX Trend Following,MEDIUM,2,28.77,75.65,4.65,0.0,6.98,0.0,0.0,2026-09-22,-0.23,-0.35,66.7,0.95,-13.39,-30.16,-24.24,21.0,3,2026-05-14 to 2026-08-31 (75 days),-1.0,55.6,0.339,69.0,77.85,BEARISH,MEDIUM,Last surprise: +22.3%; Earnings conf adj: +1,5.53,-1.0,1.0,52,2026-10-23,22.3,1
2026-09-01T15:25:44,2026-09-01,TKO,HOLD,0,VWAP Trend,MEDIUM,2,28.7,182.61,4.27,0.0,4.82,0.0,0.0,2026-09-04,-0.47,-0.62,75.0,0.8,-7.99,7.34,-5.59,3.4,8,2026-05-14 to 2026-08-31 (75 days),-1.0,40.1,0.3318,190.86,196.27,BEARISH,MEDIUM,Strong trend (ADX=32); Last surprise: +22.9%; Earnings conf adj: +1,5.65,-1.0,1.0,64,2026-11-04,22.94,1
2026-09-01T15:27:12,2026-09-01,ALGM,HOLD,0,VWAP Trend,HIGH,4,28.64,36.25,12.0,0.0,9.18,0.0,0.0,2026-09-05,0.76,1.12,66.7,1.75,30.69,82.69,-27.78,4.0,6,2026-05-14 to 2026-08-31 (75 days),-1.0,35.6,0.5828,47.33,39.2,BULLISH,HIGH,Strong trend (ADX=36); Last surprise: +9.5%; Earnings conf adj: +1,3.22,-1.0,1.0,58,2026-10-29,9.52,1
2026-09-01T15:24:44,2026-09-01,GPN,HOLD,0,Composite Multi-Indicator,HIGH,4,28.62,91.05,4.63,0.0,16.2,0.0,0.0,2026-11-28,2.87,5.15,100.0,346.87,174.49,-8.66,-7.97,88.0,1,2026-05-14 to 2026-08-31 (75 days),-1.0,56.8,0.3418,82.59,75.01,BULLISH,MEDIUM,Strong trend (ADX=42); Last surprise: +0.6%,5.48,-1.0,1.0,63,2026-11-03,0.58,0
2026-09-01T15:26:45,2026-09-01,CFR,HOLD,0,52-Week High Momentum,HIGH,5,28.58,160.87,2.14,0.0,7.49,0.0,0.0,2026-11-24,2.91,5.01,100.0,141.14,56.17,-29.09,-5.51,84.0,1,2026-05-14 to 2026-08-31 (75 days),-1.0,41.3,0.1175,161.45,141.51,BULLISH,LOW,Strong trend (ADX=36); Last surprise: +5.1%; Earnings conf adj: +1,10.0,-1.0,1.0,58,2026-10-29,5.06,1
2026-09-01T15:25:08,2026-09-01,MCO,HOLD,0,EMA Crossover (9/21),MEDIUM,2,28.46,504.64,3.34,0.0,6.21,0.0,0.0,2026-09-15,-0.02,-0.03,60.0,0.95,-3.06,-74.53,-9.79,14.8,5,2026-05-14 to 2026-08-31 (75 days),-1.0,57.5,0.2049,484.41,470.76,BULLISH,MEDIUM,Strong trend (ADX=37); Last surprise: +10.1%; Earnings conf adj: +1,9.15,-1.0,1.0,50,2026-10-21,10.12,1
2026-09-01T15:26:47,2026-09-01,RRC,HOLD,0,Donchian Breakout (20/55),HIGH,5,28.34,41.32,3.64,0.0,5.46,0.0,0.0,2026-10-10,1.18,1.94,100.0,62.03,21.89,22.39,-5.5,39.0,1,2026-05-14 to 2026-08-31 (75 days),-1.0,60.1,0.2919,38.62,39.06,BEARISH,MEDIUM,Strong trend (ADX=37); Last surprise: +21.5%; Earnings conf adj: +1,6.42,-1.0,1.0,56,2026-10-27,21.54,1
2026-09-01T15:25:52,2026-09-01,VRSK,HOLD,0,MACD Crossover,HIGH,4,28.25,193.78,4.64,0.0,6.96,0.0,0.0,2026-09-25,1.16,1.83,66.7,7.66,33.0,-74.41,-9.88,24.3,3,2026-05-14 to 2026-08-31 (75 days),-1.0,56.4,0.3458,189.41,194.45,BEARISH,MEDIUM,Last surprise: +2.6%,5.42,-1.0,1.0,57,2026-10-28,2.59,0
2026-09-01T15:25:25,2026-09-01,PLTR,BUY,1,PEAD Earnings Drift,HIGH,5,28.18,186.38,7.29,172.79,10.94,206.77,5.82,2026-09-26,2.42,7.19,100.0,194.36,81.75,-127.96,-4.17,25.0,1,2026-05-14 to 2026-08-31 (75 days),0.417,69.3,1.1404,144.9,151.35,BEARISH,HIGH,Strong trend (ADX=47); Last surprise: +17.1%; Earnings conf adj: +1; Size: Kelly 10.0% / VolTgt 1.6% / Blend 5.8%,1.64,-1.0,1.0,62,2026-11-02,17.14,1
2026-09-01T15:27:16,2026-09-01,HRB,HOLD,0,MACD Crossover,HIGH,5,28.13,51.65,9.33,0.0,26.63,0.0,0.0,2026-09-27,1.5,2.92,100.0,159.44,66.33,-198.43,-11.58,26.5,2,2026-05-14 to 2026-08-31 (75 days),-1.0,59.9,0.6569,44.46,38.1,BULLISH,HIGH,Strong trend (ADX=39); Last surprise: +7.7%; Earnings conf adj: +1,2.85,-1.0,1.0,65,2026-11-05,7.69,1
2026-09-01T15:24:51,2026-09-01,IEX,HOLD,0,52-Week High Momentum,HIGH,5,28.12,228.64,2.57,0.0,8.99,0.0,0.0,2026-11-28,1.16,1.72,100.0,59.56,21.33,-12.34,-5.04,88.0,1,2026-05-14 to 2026-08-31 (75 days),-1.0,44.2,0.1965,228.67,203.64,BULLISH,LOW,Strong trend (ADX=36); Last surprise: +10.0%; Earnings conf adj: +1,9.54,-1.0,1.0,57,2026-10-28,9.95,1
2026-09-01T15:24:27,2026-09-01,EFX,HOLD,0,Composite Multi-Indicator,HIGH,4,27.9,189.16,4.84,0.0,7.26,0.0,0.0,2026-10-11,1.49,2.52,100.0,108.77,41.59,-46.31,-7.71,40.0,1,2026-05-14 to 2026-08-31 (75 days),-1.0,55.7,0.3476,175.73,187.56,BEARISH,MEDIUM,Strong trend (ADX=35); Last surprise: +2.3%,5.39,-1.0,1.0,49,2026-10-20,2.27,0
2026-09-01T15:25:35,2026-09-01,SMCI,HOLD,0,EMA Crossover (9/21),HIGH,5,27.82,37.28,12.0,0.0,36.0,0.0,0.0,2026-09-27,1.74,4.59,100.0,228.55,100.07,49.06,-11.72,26.0,1,2026-05-14 to 2026-08-31 (75 days),-1.0,57.3,0.9587,31.34,31.33,BULLISH,HIGH,Last surprise: +77.1%; Earnings conf adj: +1,1.96,-1.0,1.0,63,2026-11-03,77.08,1
2026-09-01T15:27:15,2026-09-01,UBSI,HOLD,0,52-Week High Momentum,HIGH,5,27.68,47.13,1.64,0.0,5.74,0.0,0.0,2026-12-07,1.65,2.65,100.0,85.19,31.61,-17.02,-4.63,97.0,1,2026-05-14 to 2026-08-31 (75 days),-1.0,41.4,0.1221,47.42,42.52,BULLISH,LOW,Strong trend (ADX=31); Last surprise: +6.7%; Earnings conf adj: +1,10.0,-1.0,1.0,51,2026-10-22,6.74,1
2026-09-01T15:24:59,2026-09-01,KKR,HOLD,0,Composite Multi-Indicator,HIGH,5,27.67,109.72,6.59,0.0,9.88,0.0,0.0,2026-10-02,1.28,2.34,100.0,82.79,30.63,-10.39,-7.18,31.0,1,2026-05-14 to 2026-08-31 (75 days),-1.0,57.2,0.4081,101.35,105.52,BEARISH,HIGH,Last surprise: +14.0%; Earnings conf adj: +1,4.6,-1.0,1.0,65,2026-11-05,13.99,1
2026-09-01T15:24:57,2026-09-01,KDP,EXIT,-1,Stochastic Oscillator,HIGH,5,27.64,31.86,3.9,33.1,5.85,30.0,8.0,2026-10-10,1.03,1.69,100.0,56.16,18.4,-21.08,-7.57,39.0,1,2026-05-14 to 2026-08-31 (75 days),-1.0,55.0,0.3121,31.19,28.72,BULLISH,MEDIUM,Strong trend (ADX=33); Last surprise: +5.6%; Earnings conf adj: +1; Size: Kelly 10.0% / VolTgt 6.0% / Blend 8.0%,6.01,-1.0,1.0,55,2026-10-26,5.56,1
2026-09-01T15:24:05,2026-09-01,BRO,HOLD,0,Composite Multi-Indicator,HIGH,4,27.56,72.17,3.73,0.0,5.59,0.0,0.0,2026-11-10,2.56,4.72,100.0,241.05,107.78,-34.55,-7.81,70.0,1,2026-05-14 to 2026-08-31 (75 days),-1.0,54.1,0.2413,68.98,69.28,BEARISH,MEDIUM,Last surprise: +0.0%,7.77,-1.0,1.0,55,2026-10-26,0.0,0
2026-09-01T15:25:08,2026-09-01,MDLZ,HOLD,0,EMA Crossover (9/21),HIGH,4,27.22,62.07,2.2,0.0,6.6,0.0,0.0,2026-10-10,0.75,1.18,100.0,32.64,10.79,1.45,-5.32,39.0,1,2026-05-14 to 2026-08-31 (75 days),-1.0,47.3,0.1969,61.4,58.31,BULLISH,LOW,Last surprise: +7.4%; Earnings conf adj: +1,9.52,-1.0,1.0,56,2026-10-27,7.35,1
2026-09-01T15:26:44,2026-09-01,ENSG,HOLD,0,SMA Crossover (10/50),MEDIUM,3,27.18,172.26,2.84,0.0,4.26,0.0,0.0,2026-10-18,0.64,1.04,100.0,28.16,9.53,22.09,-6.44,47.0,1,2026-05-14 to 2026-08-31 (75 days),-1.0,38.8,0.1977,173.47,182.36,BEARISH,LOW,Price at statistical extreme; Last surprise: +3.8%,9.49,-1.0,1.0,63,2026-11-03,3.78,0
2026-09-01T15:26:37,2026-09-01,BSY,HOLD,0,ADX Trend Following,HIGH,5,27.12,36.75,5.58,0.0,8.37,0.0,0.0,2026-09-24,1.39,2.45,100.0,103.48,38.84,-27.0,-8.25,23.0,1,2026-05-14 to 2026-08-31 (75 days),-1.0,56.7,0.3009,33.61,35.55,BEARISH,MEDIUM,Last surprise: +9.4%; Earnings conf adj: +1,6.23,-1.0,1.0,64,2026-11-04,9.37,1
2026-09-01T15:27:32,2026-09-01,OGS,HOLD,0,ADX Trend Following,HIGH,5,27.07,79.27,2.87,0.0,4.3,0.0,0.0,2026-09-12,1.03,1.68,100.0,38.64,12.78,26.89,-3.78,11.7,3,2026-05-14 to 2026-08-31 (75 days),-1.0,48.7,0.2117,78.69,80.37,BEARISH,MEDIUM,Last surprise: +28.1%; Earnings conf adj: +1,8.86,-1.0,1.0,62,2026-11-02,28.12,1
2026-09-01T15:27:05,2026-09-01,NFG,HOLD,0,Composite Multi-Indicator,HIGH,5,26.89,83.06,2.32,0.0,3.48,0.0,0.0,2026-12-05,1.35,2.17,100.0,69.8,25.37,16.14,-4.78,95.0,1,2026-05-14 to 2026-08-31 (75 days),-1.0,55.8,0.205,80.72,82.84,BEARISH,MEDIUM,Last surprise: +6.9%; Earnings conf adj: +1,9.14,-1.0,1.0,64,2026-11-04,6.94,1
2026-09-01T15:27:41,2026-09-01,LOPE,BUY,1,Composite Multi-Indicator,MEDIUM,2,26.89,148.13,4.08,142.09,6.12,157.2,8.44,2026-10-02,0.45,0.69,100.0,18.2,5.96,29.78,-7.01,31.0,1,2026-05-14 to 2026-08-31 (75 days),0.798,51.0,0.2723,146.69,159.47,BEARISH,MEDIUM,High volume; Size: Kelly 10.0% / VolTgt 6.9% / Blend 8.4%,6.89,-1.0,1.0,64,2026-11-04,,0
2026-09-01T15:25:07,2026-09-01,MA,BUY,1,PEAD Earnings Drift,HIGH,5,26.72,589.31,1.93,577.94,6.75,629.09,9.8,2026-09-28,1.01,1.8,100.0,30.89,10.15,-78.47,-2.82,27.0,1,2026-05-14 to 2026-08-31 (75 days),0.528,62.1,0.1951,549.94,528.35,BULLISH,LOW,Strong trend (ADX=42); Last surprise: +5.4%; Earnings conf adj: +1; Size: Kelly 10.0% / VolTgt 9.6% / Blend 9.8%,9.61,-1.0,1.0,58,2026-10-29,5.44,1
2026-09-01T15:26:02,2026-09-01,ROIV,HOLD,0,ADX Trend Following,HIGH,5,26.72,34.64,5.25,0.0,13.55,0.0,0.0,2026-09-20,1.22,1.99,66.7,2.51,29.68,-43.12,-9.14,19.0,3,2026-05-14 to 2026-08-31 (75 days),-1.0,43.9,0.3948,35.15,28.21,BULLISH,MEDIUM,High volume; Last surprise: +5.6%; Earnings conf adj: +1,4.75,-1.0,1.0,69,2026-11-09,5.56,1
2026-09-01T15:25:13,2026-09-01,MSCI,HOLD,0,MACD Crossover,LOW,0,26.66,570.64,2.5,0.0,3.75,0.0,0.0,2026-09-11,-0.98,-1.1,50.0,0.25,-22.57,-25.63,-12.86,10.0,4,2026-05-14 to 2026-08-31 (75 days),-1.0,50.2,0.1927,577.22,569.2,BULLISH,LOW,Last surprise: -0.8%,7.0,-1.0,1.0,49,2026-10-20,-0.8,0
2026-09-01T15:26:07,2026-09-01,TOST,HOLD,0,PEAD Earnings Drift,HIGH,5,26.65,34.09,5.28,0.0,18.48,0.0,0.0,2026-10-12,1.59,2.66,100.0,121.49,47.19,-230.81,-7.89,41.0,1,2026-05-14 to 2026-08-31 (75 days),-1.0,50.0,0.3762,31.66,30.17,BULLISH,MEDIUM,Strong trend (ADX=31); Last surprise: +12.5%; Earnings conf adj: +1,4.98,-1.0,1.0,63,2026-11-03,12.5,1
2026-09-01T15:25:47,2026-09-01,TTD,HOLD,0,EMA Crossover (9/21),MEDIUM,3,26.58,13.72,8.23,0.0,7.37,0.0,0.0,2026-09-02,1.76,38.21,100.0,21.7,7.22,81.36,-0.1,1.0,1,2026-05-14 to 2026-08-31 (75 days),-1.0,38.6,0.9353,16.84,25.59,BEARISH,HIGH,Strong trend (ADX=31); Last surprise: -15.0%; Earnings conf adj: -1,2.0,-1.0,1.0,65,2026-11-05,-15.0,-1
2026-09-01T15:27:21,2026-09-01,ST,BUY,1,VWAP Trend,HIGH,5,26.5,41.03,4.81,39.06,3.63,42.52,7.65,2026-09-02,1.33,3.07,57.1,3.34,26.66,71.27,-3.54,1.7,7,2026-05-14 to 2026-08-31 (75 days),0.877,34.3,0.3539,45.4,39.83,BULLISH,MEDIUM,High volume; Strong trend (ADX=41); Last surprise: +5.4%; Earnings conf adj: +1; Size: Kelly 10.0% / VolTgt 5.3% / Blend 7.7%,5.3,-1.0,1.0,56,2026-10-27,5.38,1
2026-09-01T15:23:52,2026-09-01,AIZ,HOLD,0,52-Week High Momentum,HIGH,5,26.47,281.86,2.92,0.0,8.76,0.0,0.0,2026-12-18,1.74,3.36,100.0,109.82,42.06,-4.65,-7.71,108.0,1,2026-05-14 to 2026-08-31 (75 days),-1.0,49.4,0.3159,278.93,243.76,BULLISH,MEDIUM,Last surprise: +23.7%; Earnings conf adj: +1,5.93,-1.0,1.0,63,2026-11-03,23.75,1
2026-09-01T15:24:17,2026-09-01,CSGP,HOLD,0,EMA Crossover (9/21),HIGH,4,26.39,32.07,8.61,0.0,12.91,0.0,0.0,2026-09-27,0.86,1.72,100.0,60.57,21.73,19.36,-7.09,26.0,1,2026-05-14 to 2026-08-31 (75 days),-1.0,53.6,0.5298,30.14,44.46,BEARISH,HIGH,High volume; Last surprise: +10.3%; Earnings conf adj: +1,3.54,-1.0,1.0,56,2026-10-27,10.34,1
2026-09-01T15:25:54,2026-09-01,WDAY,HOLD,0,Donchian Breakout (20/55),HIGH,5,26.39,197.45,11.97,0.0,17.96,0.0,0.0,2026-10-03,2.02,5.56,100.0,247.81,111.64,-353.29,-7.66,32.0,1,2026-05-14 to 2026-08-31 (75 days),-1.0,60.3,0.7854,158.95,160.7,BEARISH,HIGH,Strong trend (ADX=45); Last surprise: +5.4%; Earnings conf adj: +1,2.39,-1.0,1.0,-5,2026-08-27,5.36,1
2026-09-01T15:25:21,2026-09-01,OXY,HOLD,0,SMA Crossover (10/50),HIGH,4,26.33,60.18,3.3,0.0,9.9,0.0,0.0,2026-10-09,0.88,1.4,100.0,49.26,17.38,-6.01,-6.18,38.0,1,2026-05-14 to 2026-08-31 (75 days),-1.0,59.5,0.3118,55.4,51.76,BULLISH,MEDIUM,Last surprise: +29.7%; Earnings conf adj: +1,6.01,-1.0,1.0,69,2026-11-09,29.73,1
2026-09-01T15:24:06,2026-09-01,CAH,HOLD,0,EMA Crossover (9/21),HIGH,5,26.3,234.62,3.19,0.0,9.4,0.0,0.0,2026-09-30,1.55,2.49,66.7,4.76,35.29,-55.91,-8.0,29.0,3,2026-05-14 to 2026-08-31 (75 days),-1.0,52.1,0.2217,232.93,214.28,BULLISH,MEDIUM,Strong trend (ADX=31); Last surprise: +7.4%; Earnings conf adj: +1,8.46,-1.0,1.0,65,2026-11-05,7.44,1
2026-09-01T15:25:27,2026-09-01,PRU,HOLD,0,52-Week High Momentum,HIGH,4,26.29,117.6,2.06,0.0,6.18,0.0,0.0,2026-10-31,0.82,1.21,100.0,52.19,11.43,-58.46,-5.03,60.0,1,2026-05-14 to 2026-08-31 (75 days),-1.0,43.2,0.1767,116.84,105.11,BULLISH,LOW,Price at statistical extreme; Last surprise: +15.9%; Earnings conf adj: +1,10.0,-1.0,1.0,57,2026-10-28,15.91,1
2026-09-01T15:24:55,2026-09-01,IT,HOLD,0,Composite Multi-Indicator,HIGH,5,26.18,198.11,8.14,0.0,12.21,0.0,0.0,2026-09-14,1.93,4.22,100.0,87.1,32.41,-188.67,-4.84,13.0,1,2026-05-14 to 2026-08-31 (75 days),-1.0,64.8,0.8835,158.98,178.39,BEARISH,HIGH,Strong trend (ADX=34); Last surprise: +17.2%; Earnings conf adj: +1,2.12,-1.0,1.0,63,2026-11-03,17.16,1
2026-09-01T15:24:36,2026-09-01,FFIV,BUY,1,PEAD Earnings Drift,HIGH,4,26.14,407.13,4.55,388.61,13.65,462.7,7.48,2026-10-03,0.84,1.28,100.0,46.28,16.25,-29.37,-10.68,32.0,1,2026-05-14 to 2026-08-31 (75 days),0.286,53.5,0.3778,404.3,324.06,BULLISH,MEDIUM,High volume; Last surprise: +18.3%; Earnings conf adj: +1; Size: Kelly 10.0% / VolTgt 5.0% / Blend 7.5%,4.96,-1.0,1.0,55,2026-10-26,18.25,1
2026-09-01T15:27:20,2026-09-01,ACI,HOLD,-1,VWAP Trend,LOW,0,26.03,12.35,3.92,12.83,5.88,11.62,0.0,2026-09-10,-1.22,-1.34,44.4,0.4,-50.43,10.41,-27.35,9.3,9,2026-05-14 to 2026-08-31 (75 days),-1.0,47.8,0.3226,12.91,15.68,BEARISH,MEDIUM,Last surprise: -22.2%; Earnings conf adj: -1,5.81,-1.0,1.0,42,2026-10-13,-22.22,-1
2026-09-01T15:25:34,2026-09-01,SBUX,HOLD,0,Momentum (Rate of Change),HIGH,5,25.98,106.25,3.47,0.0,10.41,0.0,0.0,2026-11-15,1.22,2.01,100.0,69.53,22.73,19.21,-4.86,75.0,1,2026-05-14 to 2026-08-31 (75 days),-1.0,51.3,0.2246,104.68,96.19,BULLISH,MEDIUM,Last surprise: +30.8%; Earnings conf adj: +1,8.35,-1.0,1.0,57,2026-10-28,30.77,1
2026-09-01T15:26:44,2026-09-01,ORI,BUY,1,VWAP Trend,HIGH,4,25.91,41.73,1.84,40.96,1.61,42.4,10.0,2026-09-05,1.56,3.0,71.4,2.84,18.04,-9.89,-2.29,4.1,7,2026-05-14 to 2026-08-31 (75 days),0.194,44.0,0.1009,42.03,40.77,BULLISH,LOW,High volume; Last surprise: -3.8%; Size: Kelly 10.0% / VolTgt 10.0% / Blend 10.0%,10.0,-1.0,1.0,51,2026-10-22,-3.8,0
2026-09-01T15:23:55,2026-09-01,AMP,BUY,1,52-Week High Momentum,MEDIUM,2,25.84,553.11,2.17,541.11,5.42,583.09,10.0,2026-10-17,0.14,0.21,100.0,39.56,0.93,-72.46,-5.91,46.0,1,2026-05-14 to 2026-08-31 (75 days),0.583,53.2,0.1628,527.15,482.85,BULLISH,LOW,Strong trend (ADX=31); Last surprise: +2.4%; Size: Kelly 10.0% / VolTgt 10.0% / Blend 10.0%,10.0,-1.0,1.0,58,2026-10-29,2.41,0
2026-09-01T15:24:10,2026-09-01,CHRW,HOLD,0,MACD Crossover,MEDIUM,2,25.84,149.66,3.97,0.0,5.96,0.0,0.0,2026-09-22,-0.08,-0.1,66.7,0.82,-7.01,12.03,-16.87,21.3,3,2026-05-14 to 2026-08-31 (75 days),-1.0,42.5,0.3716,170.91,172.15,BEARISH,MEDIUM,Strong trend (ADX=36); Last surprise: +5.9%; Earnings conf adj: +1,5.05,-1.0,1.0,57,2026-10-28,5.92,1
2026-09-01T15:24:43,2026-09-01,GOOGL,HOLD,0,SMA Crossover (10/50),MEDIUM,2,25.77,339.35,2.72,0.0,4.75,0.0,0.0,2026-09-07,-0.19,-0.33,100.0,0.92,-0.37,42.91,-0.72,6.0,1,2026-05-14 to 2026-08-31 (75 days),-1.0,44.1,0.2463,349.2,334.57,BULLISH,MEDIUM,Last surprise: +214.1%; Earnings conf adj: +1,7.61,-1.0,1.0,57,2026-10-28,214.14,1
2026-09-01T15:24:10,2026-09-01,CHTR,HOLD,0,EMA Crossover (9/21),HIGH,4,25.76,152.44,9.57,0.0,14.36,0.0,0.0,2026-10-03,0.99,1.46,100.0,72.52,26.46,15.87,-8.62,32.0,1,2026-05-14 to 2026-08-31 (75 days),-1.0,54.1,0.5328,141.47,183.24,BEARISH,HIGH,Last surprise: +6.0%; Earnings conf adj: +1,3.52,-1.0,1.0,59,2026-10-30,5.96,1
2026-09-01T15:24:10,2026-09-01,CHD,HOLD,0,Composite Multi-Indicator,MEDIUM,3,25.72,99.78,3.27,0.0,6.54,0.0,0.0,2026-12-01,0.81,1.19,100.0,49.2,17.34,-4.95,-5.72,91.0,1,2026-05-14 to 2026-08-31 (75 days),-1.0,48.5,0.2488,98.87,94.08,BULLISH,MEDIUM,Last surprise: -1.1%,7.54,-1.0,1.0,59,2026-10-30,-1.11,0
2026-09-01T15:27:14,2026-09-01,INGR,HOLD,0,SMA Crossover (10/50),MEDIUM,2,25.69,103.46,2.46,0.0,3.69,0.0,0.0,2026-10-11,0.27,0.45,100.0,8.86,2.69,-4.53,-3.54,40.0,1,2026-05-14 to 2026-08-31 (75 days),-1.0,48.7,0.2267,101.36,107.03,BEARISH,MEDIUM,Strong trend (ADX=33); Last surprise: +3.7%,8.27,-1.0,1.0,63,2026-11-03,3.68,0
2026-09-01T15:26:29,2026-09-01,FNF,HOLD,0,ADX Trend Following,HIGH,5,25.58,46.45,2.82,0.0,4.23,0.0,0.0,2026-09-24,1.05,1.86,100.0,63.91,22.16,27.96,-6.45,23.5,2,2026-05-14 to 2026-08-31 (75 days),-1.0,36.0,0.2921,49.27,50.29,BEARISH,MEDIUM,Last surprise: +5.3%; Earnings conf adj: +1,6.42,-1.0,1.0,65,2026-11-05,5.3,1
2026-09-01T15:27:38,2026-09-01,LIVN,HOLD,0,Stochastic Oscillator,MEDIUM,2,25.5,79.81,5.63,0.0,8.45,0.0,0.0,2026-09-21,0.07,0.1,100.0,14.65,0.18,-44.06,-4.88,20.0,1,2026-05-14 to 2026-08-31 (75 days),-1.0,50.0,0.4176,80.54,69.26,BULLISH,HIGH,No special conditions,4.49,-1.0,1.0,64,2026-11-04,,0
2026-09-01T15:24:14,2026-09-01,COF,HOLD,0,Donchian Breakout (20/55),HIGH,4,25.4,214.51,3.27,0.0,9.81,0.0,0.0,2026-10-16,0.75,1.18,100.0,33.79,11.59,-55.95,-6.21,45.0,1,2026-05-14 to 2026-08-31 (75 days),-1.0,49.4,0.2237,209.96,205.94,BULLISH,MEDIUM,Last surprise: +23.9%; Earnings conf adj: +1,8.38,-1.0,1.0,49,2026-10-20,23.88,1
2026-09-01T15:26:49,2026-09-01,SAIA,HOLD,0,VWAP Trend,LOW,0,25.38,355.13,5.75,0.0,4.54,0.0,0.0,2026-09-03,-0.28,-0.39,53.8,0.96,-7.92,50.43,-14.95,2.2,13,2026-05-14 to 2026-08-31 (75 days),-1.0,40.7,0.389,394.95,383.6,BULLISH,MEDIUM,Strong trend (ADX=30); Last surprise: +3.5%,4.82,-1.0,1.0,58,2026-10-29,3.54,0
2026-09-01T15:25:05,2026-09-01,LRCX,HOLD,0,VWAP Trend,HIGH,5,25.23,301.49,9.95,0.0,8.52,0.0,0.0,2026-09-04,1.87,3.62,57.1,2.68,145.01,142.07,-16.9,3.9,7,2026-05-14 to 2026-08-31 (75 days),-1.0,44.3,0.5478,329.46,257.83,BULLISH,HIGH,Last surprise: +8.3%; Earnings conf adj: +1,3.42,-1.0,1.0,50,2026-10-21,8.33,1
2026-09-01T15:26:29,2026-09-01,GGG,HOLD,0,MACD Crossover,HIGH,4,25.21,77.43,2.73,0.0,4.09,0.0,0.0,2026-10-09,1.03,1.71,50.0,2.84,19.18,13.66,-4.87,38.5,2,2026-05-14 to 2026-08-31 (75 days),-1.0,39.0,0.1895,78.1,81.89,BEARISH,LOW,High volume; Price at statistical extreme; Strong trend (ADX=35); Last surprise: +12.3%; Earnings conf adj: +1,9.89,-1.0,1.0,50,2026-10-21,12.35,1
2026-09-01T15:25:58,2026-09-01,XYZ,HOLD,0,PEAD Earnings Drift,HIGH,5,24.9,82.02,6.56,0.0,19.68,0.0,0.0,2026-12-18,1.47,2.33,100.0,164.72,67.41,8.05,-12.44,108.0,1,2026-05-14 to 2026-08-31 (75 days),-1.0,52.4,0.4045,79.71,68.39,BULLISH,HIGH,Last surprise: +17.2%; Earnings conf adj: +1,4.64,-1.0,1.0,69,2026-11-09,17.24,1
2026-09-01T15:27:33,2026-09-01,SLM,EXIT,-1,VWAP Trend,MEDIUM,3,24.9,25.97,3.86,26.97,4.46,24.81,8.63,2026-09-05,2.38,3.64,55.6,2.65,81.4,-10.07,-7.68,4.8,9,2026-05-14 to 2026-08-31 (75 days),-1.0,45.4,0.2584,25.88,24.38,BULLISH,MEDIUM,High volume; Last surprise: -34.1%; Earnings conf adj: -1; Size: Kelly 10.0% / VolTgt 7.3% / Blend 8.6%,7.26,-1.0,1.0,51,2026-10-22,-34.09,-1
2026-09-01T15:24:44,2026-09-01,GRMN,HOLD,0,MACD Crossover,MEDIUM,3,24.87,284.11,3.42,0.0,8.55,0.0,0.0,2026-10-10,0.29,0.43,100.0,13.62,4.01,-91.33,-5.71,39.0,2,2026-05-14 to 2026-08-31 (75 days),-1.0,46.7,0.2013,269.36,235.58,BULLISH,MEDIUM,High volume; Strong trend (ADX=33); Last surprise: +22.7%; Earnings conf adj: +1,9.32,-1.0,1.0,57,2026-10-28,22.71,1
2026-09-01T15:27:25,2026-09-01,NXST,HOLD,0,SMA Crossover (10/50),LOW,1,24.87,182.13,4.71,0.0,7.06,0.0,0.0,2026-10-10,0.33,0.47,100.0,14.37,4.61,23.26,-7.76,39.0,1,2026-05-14 to 2026-08-31 (75 days),-1.0,46.5,0.3263,181.24,195.91,BEARISH,MEDIUM,Strong trend (ADX=31); Last surprise: -33.3%; Earnings conf adj: -1,5.75,-1.0,1.0,65,2026-11-05,-33.33,-1
2026-09-01T15:24:00,2026-09-01,BA,HOLD,0,Stochastic Oscillator,MEDIUM,3,24.86,207.78,3.1,0.0,4.65,0.0,0.0,2026-09-26,1.11,2.01,66.7,7.14,36.55,64.96,-9.58,25.0,3,2026-05-14 to 2026-08-31 (75 days),-1.0,35.4,0.2154,220.18,219.94,BULLISH,MEDIUM,Strong trend (ADX=54); Last surprise: -145.2%; Earnings conf adj: -1,8.71,-1.0,1.0,57,2026-10-28,-145.16,-1
2026-09-01T15:27:06,2026-09-01,SFM,HOLD,0,Stochastic Oscillator,MEDIUM,2,24.8,82.04,8.12,0.0,12.18,0.0,0.0,2026-11-28,0.36,0.54,100.0,22.2,6.66,24.68,-18.5,88.0,1,2026-05-14 to 2026-08-31 (75 days),-1.0,49.2,0.4407,81.66,79.21,BULLISH,HIGH,Last surprise: +2.2%,4.25,-1.0,1.0,57,2026-10-28,2.24,0
2026-09-01T15:27:22,2026-09-01,HOMB,HOLD,0,52-Week High Momentum,MEDIUM,2,24.51,29.46,1.68,0.0,4.2,0.0,0.0,2026-11-03,0.35,0.65,100.0,30.63,3.86,-56.22,-6.24,63.0,1,2026-05-14 to 2026-08-31 (75 days),-1.0,36.1,0.112,29.86,27.89,BULLISH,LOW,Strong trend (ADX=38); Last surprise: +4.9%,10.0,-1.0,1.0,43,2026-10-14,4.92,0
2026-09-01T15:25:42,2026-09-01,TDG,HOLD,0,VWAP Trend,HIGH,5,24.48,1171.74,3.22,0.0,4.83,0.0,0.0,2026-09-12,1.4,2.15,83.3,2.71,34.72,36.75,-7.15,11.7,6,2026-05-14 to 2026-08-31 (75 days),-1.0,37.0,0.2194,1254.35,1272.75,BEARISH,MEDIUM,Last surprise: +5.2%; Earnings conf adj: +1,8.55,-1.0,1.0,65,2026-11-05,5.23,1
2026-09-01T15:26:49,2026-09-01,MUSA,BUY,1,VWAP Trend,MEDIUM,2,24.48,515.39,6.63,481.22,5.12,541.78,6.94,2026-09-02,0.4,0.61,58.3,1.39,5.74,36.81,-7.04,1.8,12,2026-05-14 to 2026-08-31 (75 days),0.413,36.0,0.4844,571.55,488.48,BULLISH,HIGH,Strong trend (ADX=32); Last surprise: +12.2%; Earnings conf adj: +1; Size: Kelly 10.0% / VolTgt 3.9% / Blend 6.9%,3.87,-1.0,1.0,64,2026-11-04,12.18,1
2026-09-01T15:26:16,2026-09-01,SUI,HOLD,0,Stochastic Oscillator,MEDIUM,3,24.47,121.42,2.47,0.0,3.71,0.0,0.0,2026-12-14,0.16,0.23,100.0,4.02,1.03,-0.89,-7.5,104.0,1,2026-05-14 to 2026-08-31 (75 days),-1.0,48.2,0.1981,121.13,124.03,BEARISH,LOW,Last surprise: +43.7%; Earnings conf adj: +1,9.46,-1.0,1.0,57,2026-10-28,43.75,1
2026-09-01T15:26:50,2026-09-01,FCFS,HOLD,0,MACD Crossover,MEDIUM,2,24.31,214.47,8.73,0.0,12.86,0.0,0.0,2026-09-10,0.43,0.81,66.7,1.99,8.38,25.54,-9.38,9.7,3,2026-05-14 to 2026-08-31 (75 days),-1.0,49.2,0.5242,213.74,194.62,BULLISH,HIGH,Last surprise: +4.6%,3.58,-1.0,1.0,51,2026-10-22,4.6,0
2026-09-01T15:24:11,2026-09-01,CLX,HOLD,0,Composite Multi-Indicator,HIGH,4,24.21,97.68,4.3,0.0,6.45,0.0,0.0,2026-11-10,1.23,2.02,100.0,89.74,33.48,1.9,-9.57,70.0,1,2026-05-14 to 2026-08-31 (75 days),-1.0,38.0,0.3455,98.99,101.23,BEARISH,MEDIUM,High volume; Price at statistical extreme; Strong trend (ADX=33); Last surprise: +0.6%,5.43,-1.0,1.0,63,2026-11-03,0.61,0
2026-09-01T15:25:18,2026-09-01,NTRS,HOLD,0,Composite Multi-Indicator,MEDIUM,3,24.07,185.56,2.27,0.0,4.54,0.0,0.0,2026-11-10,1.15,1.67,100.0,55.96,19.53,-34.22,-7.05,70.0,1,2026-05-14 to 2026-08-31 (75 days),-1.0,50.5,0.1682,183.04,156.49,BULLISH,LOW,Last surprise: -8.4%; Earnings conf adj: -1,10.0,-1.0,1.0,50,2026-10-21,-8.44,-1
2026-09-01T15:26:11,2026-09-01,SITM,HOLD,0,MACD Crossover,HIGH,4,24.06,565.42,12.0,0.0,36.0,0.0,0.0,2026-09-20,0.64,1.32,100.0,68.69,24.48,96.31,-22.56,19.0,1,2026-05-14 to 2026-08-31 (75 days),-1.0,43.2,1.2442,620.13,494.19,BULLISH,HIGH,Last surprise: +20.0%; Earnings conf adj: +1,1.51,-1.0,1.0,64,2026-11-04,20.0,1
2026-09-01T15:26:40,2026-09-01,KRYS,HOLD,0,VWAP Trend,LOW,0,24.03,359.36,4.51,0.0,3.88,0.0,0.0,2026-09-03,0.23,0.35,55.6,1.21,2.47,-51.97,-7.77,2.6,9,2026-05-14 to 2026-08-31 (75 days),-1.0,58.4,0.3058,348.33,287.1,BULLISH,MEDIUM,Strong trend (ADX=32); Last surprise: -6.3%; Earnings conf adj: -1,6.13,-1.0,1.0,62,2026-11-02,-6.28,-1
2026-09-01T15:27:43,2026-09-01,GPK,HOLD,0,Composite Multi-Indicator,HIGH,4,24.03,11.2,7.18,0.0,10.77,0.0,0.0,2026-12-18,1.48,2.33,100.0,172.89,71.44,29.48,-11.24,108.0,1,2026-05-14 to 2026-08-31 (75 days),-1.0,47.2,0.4035,11.09,11.88,BEARISH,HIGH,No special conditions,4.65,-1.0,1.0,69,2026-11-09,,0
2026-09-01T15:25:39,2026-09-01,STE,HOLD,0,Donchian Breakout (20/55),MEDIUM,2,24.02,232.64,2.24,0.0,3.36,0.0,0.0,2026-10-03,0.2,0.33,100.0,5.18,1.43,-28.67,-3.83,32.0,1,2026-05-14 to 2026-08-31 (75 days),-1.0,52.3,0.1644,223.52,232.84,BEARISH,LOW,Last surprise: +4.0%,10.0,-1.0,1.0,64,2026-11-04,4.02,0
2026-09-01T15:27:32,2026-09-01,LPX,HOLD,0,ADX Trend Following,LOW,1,23.94,70.51,6.76,0.0,6.66,0.0,0.0,2026-09-05,0.63,1.13,50.0,1.99,9.38,21.77,-7.44,4.0,4,2026-05-14 to 2026-08-31 (75 days),-1.0,42.6,0.4226,74.4,77.69,BEARISH,HIGH,Last surprise: -29.8%; Earnings conf adj: -1,4.44,-1.0,1.0,64,2026-11-04,-29.82,-1
2026-09-01T15:25:20,2026-09-01,OKE,HOLD,0,SMA Crossover (10/50),HIGH,5,23.84,96.01,3.53,0.0,10.59,0.0,0.0,2026-09-29,1.13,1.87,100.0,62.15,21.67,-3.16,-6.53,28.0,2,2026-05-14 to 2026-08-31 (75 days),-1.0,61.3,0.27,90.43,82.71,BULLISH,MEDIUM,Last surprise: +5.5%; Earnings conf adj: +1,6.94,-1.0,1.0,56,2026-10-27,5.52,1
2026-09-01T15:25:06,2026-09-01,LULU,HOLD,0,Composite Multi-Indicator,LOW,0,23.83,120.26,7.51,0.0,11.27,0.0,0.0,2026-11-24,0.37,0.57,100.0,22.05,7.34,9.57,-13.47,84.0,1,2026-05-14 to 2026-08-31 (75 days),-1.0,51.1,0.4059,117.98,153.84,BEARISH,HIGH,High volume; Earnings in 2d (2026-09-03); Last surprise: +0.6%; Earnings conf adj: -2,4.62,-1.0,1.0,2,2026-09-03,0.6,-2
2026-09-01T15:23:55,2026-09-01,AME,HOLD,0,MACD Crossover,MEDIUM,3,23.82,235.17,3.18,0.0,6.36,0.0,0.0,2026-09-19,0.18,0.26,66.7,4.19,1.69,-3.36,-6.9,18.7,3,2026-05-14 to 2026-08-31 (75 days),-1.0,38.5,0.2575,241.67,224.78,BULLISH,MEDIUM,High volume; Last surprise: +5.0%; Earnings conf adj: +1,7.28,-1.0,1.0,58,2026-10-29,5.03,1
2026-09-01T15:27:15,2026-09-01,FNB,HOLD,0,VWAP Trend,HIGH,4,23.72,18.23,1.9,0.0,2.06,0.0,0.0,2026-09-03,1.59,2.55,77.8,3.32,16.98,-4.42,-3.8,2.8,9,2026-05-14 to 2026-08-31 (75 days),-1.0,35.7,0.1567,18.94,17.59,BULLISH,LOW,Strong trend (ADX=38); Last surprise: +0.0%,10.0,-1.0,1.0,44,2026-10-15,0.0,0
2026-09-01T15:25:12,2026-09-01,MRVL,EXIT,-1,MACD Crossover,HIGH,4,23.64,211.66,12.0,237.06,29.53,149.16,6.03,2026-09-18,1.49,2.66,66.7,4.82,168.47,102.91,-20.18,17.0,3,2026-05-14 to 2026-08-31 (75 days),-1.0,45.6,0.9097,226.56,149.2,BULLISH,HIGH,Last surprise: +1.1%; Size: Kelly 10.0% / VolTgt 2.1% / Blend 6.0%,2.06,-1.0,1.0,-5,2026-08-27,1.08,0
2026-09-01T15:27:05,2026-09-01,IDA,HOLD,0,VWAP Trend,HIGH,4,23.52,136.16,2.14,0.0,1.94,0.0,0.0,2026-09-03,1.91,4.14,88.9,4.59,17.52,30.06,-1.9,2.7,9,2026-05-14 to 2026-08-31 (75 days),-1.0,35.4,0.1502,144.61,137.75,BULLISH,LOW,Last surprise: +0.6%,10.0,-1.0,1.0,58,2026-10-29,0.56,0
2026-09-01T15:27:03,2026-09-01,GAP,HOLD,0,SMA Crossover (10/50),HIGH,4,23.46,22.31,8.9,0.0,13.35,0.0,0.0,2026-09-22,0.53,1.14,100.0,36.19,12.45,-9.74,-8.74,21.0,1,2026-05-14 to 2026-08-31 (75 days),-1.0,60.9,0.6093,20.08,23.67,BEARISH,HIGH,High volume; Strong trend (ADX=34); Last surprise: +181.6%; Earnings conf adj: +1,3.08,-1.0,1.0,79,2026-11-19,181.63,1
2026-09-01T15:24:49,2026-09-01,HUBB,HOLD,0,VWAP Trend,MEDIUM,2,23.45,453.0,3.98,0.0,4.61,0.0,0.0,2026-09-04,0.61,0.86,60.0,1.47,11.19,28.56,-13.37,3.0,5,2026-05-14 to 2026-08-31 (75 days),-1.0,36.0,0.3377,489.37,482.2,BULLISH,MEDIUM,Strong trend (ADX=31); Last surprise: +2.4%,5.55,-1.0,1.0,56,2026-10-27,2.41,0
2026-09-01T15:27:17,2026-09-01,ANF,HOLD,0,ADX Trend Following,HIGH,5,23.36,143.08,11.72,0.0,30.37,0.0,0.0,2026-09-09,2.8,10.8,57.1,21.4,544.07,-377.08,-12.78,8.3,7,2026-05-14 to 2026-08-31 (75 days),-1.0,71.7,1.3388,103.0,95.62,BULLISH,HIGH,RSI overbought; Strong trend (ADX=44); Last surprise: +111.7%; Earnings conf adj: +1,1.4,-1.0,1.0,85,2026-11-25,111.68,1
2026-09-01T15:25:40,2026-09-01,SYF,HOLD,0,ADX Trend Following,MEDIUM,3,23.34,77.08,3.87,0.0,7.74,0.0,0.0,2026-09-17,0.33,0.41,75.0,1.6,5.29,-27.29,-13.22,16.5,4,2026-05-14 to 2026-08-31 (75 days),-1.0,46.4,0.2448,76.44,74.43,BULLISH,MEDIUM,Last surprise: +21.6%; Earnings conf adj: +1,7.66,-1.0,1.0,43,2026-10-14,21.6,1
2026-09-01T15:24:14,2026-09-01,COIN,HOLD,0,SMA Crossover (10/50),LOW,1,23.32,188.12,11.96,0.0,14.14,0.0,0.0,2026-09-07,0.13,0.19,100.0,4.13,0.74,34.18,-6.33,6.0,1,2026-05-14 to 2026-08-31 (75 days),-1.0,60.9,0.7332,160.88,194.79,BEARISH,HIGH,Strong trend (ADX=45); Last surprise: -491.3%; Earnings conf adj: -1,2.56,-1.0,1.0,58,2026-10-29,-491.3,-1
2026-09-01T15:26:45,2026-09-01,AYI,BUY,1,VWAP Trend,HIGH,4,23.25,331.79,3.93,318.75,4.32,346.12,8.2,2026-09-04,1.93,2.73,83.3,6.41,43.45,-16.26,-7.43,3.5,6,2026-05-14 to 2026-08-31 (75 days),0.365,41.7,0.2929,342.06,319.36,BULLISH,MEDIUM,Strong trend (ADX=36); Last surprise: +2.3%; Size: Kelly 10.0% / VolTgt 6.4% / Blend 8.2%,6.4,-1.0,1.0,30,2026-10-01,2.31,0
2026-09-01T15:26:02,2026-09-01,NVT,BUY,1,VWAP Trend,HIGH,4,23.14,150.75,9.91,135.81,4.94,158.2,7.16,2026-09-03,1.29,2.02,50.0,1.87,39.94,78.26,-12.74,2.1,8,2026-05-14 to 2026-08-31 (75 days),0.433,43.1,0.4333,158.96,134.26,BULLISH,HIGH,High volume; Last surprise: +25.0%; Earnings conf adj: +1; Size: Kelly 10.0% / VolTgt 4.3% / Blend 7.2%,4.33,-1.0,1.0,59,2026-10-30,25.0,1
2026-09-01T15:27:48,2026-09-01,TLT,HOLD,0,MACD Crossover,MEDIUM,2,23.01,82.52,1.5,0.0,2.25,0.0,0.0,2026-09-15,0.06,0.09,75.0,1.81,0.17,5.81,-3.15,14.0,4,2026-05-14 to 2026-08-31 (75 days),-1.0,47.3,0.109,83.55,84.99,BEARISH,LOW,No special conditions,10.0,-1.0,1.0,-1,,,0
2026-09-01T15:25:35,2026-09-01,SHW,HOLD,0,MACD Crossover,HIGH,4,22.85,338.81,3.24,0.0,8.29,0.0,0.0,2026-09-20,0.87,1.38,66.7,2.1,18.78,-20.08,-6.71,19.3,3,2026-05-14 to 2026-08-31 (75 days),-1.0,43.7,0.2397,342.03,332.65,BULLISH,MEDIUM,Last surprise: +5.1%; Earnings conf adj: +1,7.82,-1.0,1.0,56,2026-10-27,5.11,1
2026-09-01T15:27:10,2026-09-01,TEX,HOLD,0,VWAP Trend,HIGH,5,22.75,63.51,5.34,0.0,5.13,0.0,0.0,2026-09-04,1.49,2.64,60.0,7.01,36.24,36.49,-9.27,3.8,5,2026-05-14 to 2026-08-31 (75 days),-1.0,43.1,0.3344,66.64,60.54,BULLISH,MEDIUM,Last surprise: +11.4%; Earnings conf adj: +1,5.61,-1.0,1.0,58,2026-10-29,11.38,1
2026-09-01T15:25:38,2026-09-01,SPG,BUY,1,VWAP Trend,HIGH,5,22.47,212.32,1.73,208.65,1.78,216.1,10.0,2026-09-03,2.28,3.68,75.0,4.04,25.13,3.8,-3.22,2.8,8,2026-05-14 to 2026-08-31 (75 days),0.524,34.1,0.1353,223.29,198.7,BULLISH,LOW,High volume; Price at statistical extreme; Strong trend (ADX=40); Last surprise: +10.2%; Earnings conf adj: +1; Size: Kelly 10.0% / VolTgt 10.0% / Blend 10.0%,10.0,-1.0,1.0,62,2026-11-02,10.19,1
2026-09-01T15:25:07,2026-09-01,MAA,HOLD,0,SMA Crossover (10/50),MEDIUM,2,22.45,128.85,2.03,0.0,2.66,0.0,0.0,2026-09-05,-0.31,-0.45,100.0,0.13,-0.63,-9.21,-0.93,4.0,1,2026-05-14 to 2026-08-31 (75 days),-1.0,40.4,0.1689,133.73,129.86,BULLISH,LOW,High volume; Last surprise: +33.3%; Earnings conf adj: +1,10.0,-1.0,1.0,57,2026-10-28,33.33,1
2026-09-01T15:26:17,2026-09-01,ULS,HOLD,0,EMA Crossover (9/21),LOW,1,22.37,74.52,4.42,0.0,6.63,0.0,0.0,2026-09-04,-2.1,-2.11,50.0,0.08,-27.79,36.04,-9.84,3.5,2,2026-05-14 to 2026-08-31 (75 days),-1.0,32.2,0.5165,84.91,85.07,BEARISH,HIGH,Strong trend (ADX=47); Last surprise: +5.4%; Earnings conf adj: +1,3.63,-1.0,1.0,63,2026-11-03,5.36,1
2026-09-01T15:25:06,2026-09-01,LYV,HOLD,0,Stochastic Oscillator,MEDIUM,3,22.28,179.89,3.32,0.0,4.98,0.0,0.0,2026-10-06,-0.05,-0.07,100.0,1.73,-2.45,-23.71,-5.58,35.0,1,2026-05-14 to 2026-08-31 (75 days),-1.0,46.6,0.2301,181.13,159.63,BULLISH,MEDIUM,Last surprise: +84.2%; Earnings conf adj: +1,8.15,-1.0,1.0,63,2026-11-03,84.21,1
2026-09-01T15:27:07,2026-09-01,AVAV,HOLD,0,Stochastic Oscillator,HIGH,5,22.22,148.35,11.95,0.0,17.92,0.0,0.0,2026-09-23,1.98,3.9,66.7,15.69,219.09,249.86,-26.02,22.0,3,2026-05-14 to 2026-08-31 (75 days),-1.0,40.0,0.6666,158.92,215.53,BEARISH,HIGH,Strong trend (ADX=34); Last surprise: +25.2%; Earnings conf adj: +1,2.81,-1.0,1.0,8,2026-09-09,25.17,1
2026-09-01T15:23:49,2026-09-01,A,EXIT,-1,MACD Crossover,HIGH,5,22.16,153.56,4.23,160.06,10.06,138.11,8.3,2026-09-21,2.18,6.62,66.7,23.79,107.23,-76.59,-7.32,20.3,3,2026-05-14 to 2026-08-31 (75 days),-1.0,60.4,0.2836,140.66,131.15,BULLISH,MEDIUM,Strong trend (ADX=50); Last surprise: +8.7%; Earnings conf adj: +1; Size: Kelly 10.0% / VolTgt 6.6% / Blend 8.3%,6.61,-1.0,1.0,85,2026-11-25,8.72,1
2026-09-01T15:24:52,2026-09-01,INTC,HOLD,0,VWAP Trend,LOW,1,22.16,89.51,10.46,0.0,6.99,0.0,0.0,2026-09-03,-0.08,-0.13,50.0,0.99,-5.88,52.67,-12.71,2.2,6,2026-05-14 to 2026-08-31 (75 days),-1.0,41.6,0.5985,104.03,73.04,BULLISH,HIGH,Last surprise: +90.9%; Earnings conf adj: +1,3.13,-1.0,1.0,51,2026-10-22,90.91,1
2026-09-01T15:27:44,2026-09-01,COLM,HOLD,0,Stochastic Oscillator,MEDIUM,3,22.11,57.4,4.01,0.0,6.01,0.0,0.0,2026-10-08,1.2,1.78,50.0,2.43,33.15,33.24,-12.73,37.0,2,2026-05-14 to 2026-08-31 (75 days),-1.0,43.1,0.2627,60.73,58.44,BULLISH,MEDIUM,No special conditions,7.14,-1.0,1.0,58,2026-10-29,,0
2026-09-01T15:27:38,2026-09-01,NVST,HOLD,0,MACD Crossover,HIGH,4,21.89,27.14,4.38,0.0,9.34,0.0,0.0,2026-09-19,1.14,1.71,66.7,4.68,28.67,-26.39,-8.0,18.0,3,2026-05-14 to 2026-08-31 (75 days),-1.0,47.2,0.2796,27.11,25.15,BULLISH,MEDIUM,No special conditions,6.71,-1.0,1.0,57,2026-10-28,,0
2026-09-01T15:27:24,2026-09-01,M,BUY,1,Stochastic Oscillator,HIGH,4,21.64,21.96,4.58,20.95,6.87,23.47,8.72,2026-09-15,2.73,5.61,66.7,8.64,89.83,-0.75,-5.36,14.0,3,2026-05-14 to 2026-08-31 (75 days),0.48,35.6,0.252,23.89,21.28,BULLISH,MEDIUM,Strong trend (ADX=37); Last surprise: +333.3%; Size: Kelly 10.0% / VolTgt 7.4% / Blend 8.7%,7.44,-1.0,1.0,9,2026-09-10,333.33,0
2026-09-01T15:24:40,2026-09-01,GE,HOLD,0,Stochastic Oscillator,HIGH,5,21.54,335.71,4.11,0.0,6.17,0.0,0.0,2026-09-14,1.7,2.56,66.7,6.34,33.6,-28.76,-6.36,13.7,3,2026-05-14 to 2026-08-31 (75 days),-1.0,38.4,0.3242,359.48,320.22,BULLISH,MEDIUM,Strong trend (ADX=32); Last surprise: +8.6%; Earnings conf adj: +1,5.78,-1.0,1.0,49,2026-10-20,8.6,1
2026-09-01T15:25:23,2026-09-01,PEP,HOLD,0,VWAP Trend,MEDIUM,3,21.52,140.34,1.89,0.0,2.83,0.0,0.0,2026-09-08,0.95,1.47,87.5,37.33,14.05,28.9,-4.02,7.6,8,2026-05-14 to 2026-08-31 (75 days),-1.0,49.2,0.1647,139.78,147.17,BEARISH,LOW,Last surprise: -0.5%,10.0,-1.0,1.0,37,2026-10-08,-0.45,0
2026-09-01T15:26:13,2026-09-01,BURL,HOLD,0,MACD Crossover,MEDIUM,2,21.46,259.76,7.58,0.0,17.42,0.0,0.0,2026-10-02,0.25,0.36,50.0,1.86,2.9,36.18,-8.06,31.5,2,2026-05-14 to 2026-08-31 (75 days),-1.0,15.8,0.3942,337.89,312.73,BULLISH,MEDIUM,RSI oversold; High volume; Price at statistical extreme; Strong trend (ADX=66); Last surprise: +35.2%; Earnings conf adj: +1,4.76,-1.0,1.0,87,2026-11-27,35.16,1
2026-09-01T15:27:34,2026-09-01,FFIN,HOLD,0,VWAP Trend,HIGH,4,21.42,33.23,1.89,0.0,2.51,0.0,0.0,2026-09-06,2.67,4.43,80.0,4.75,24.52,0.48,-2.25,5.6,5,2026-05-14 to 2026-08-31 (75 days),-1.0,36.1,0.1348,34.62,32.11,BULLISH,LOW,Strong trend (ADX=39); Last surprise: +0.0%,10.0,-1.0,1.0,51,2026-10-22,0.0,0
2026-09-01T15:24:49,2026-09-01,HSY,HOLD,0,MACD Crossover,MEDIUM,3,21.04,176.21,3.32,0.0,4.98,0.0,0.0,2026-09-26,0.55,0.78,50.0,2.62,8.87,27.78,-5.83,25.5,2,2026-05-14 to 2026-08-31 (75 days),-1.0,41.8,0.2212,177.99,189.73,BEARISH,MEDIUM,Last surprise: +32.9%; Earnings conf adj: +1,8.48,-1.0,1.0,65,2026-11-05,32.87,1
2026-09-01T15:26:40,2026-09-01,RRX,HOLD,0,VWAP Trend,MEDIUM,3,20.87,158.45,7.37,0.0,10.23,0.0,0.0,2026-09-05,0.67,1.3,66.7,1.45,15.43,75.22,-8.01,4.0,6,2026-05-14 to 2026-08-31 (75 days),-1.0,31.2,0.6493,197.11,186.61,BULLISH,HIGH,Strong trend (ADX=48); Last surprise: +15.9%; Earnings conf adj: +1,2.89,-1.0,1.0,57,2026-10-28,15.89,1
2026-09-01T15:26:25,2026-09-01,DOCN,HOLD,0,VWAP Trend,MEDIUM,2,20.78,110.69,12.0,0.0,7.62,0.0,0.0,2026-09-02,0.06,0.09,66.7,1.07,-1.81,68.68,-7.99,1.6,9,2026-05-14 to 2026-08-31 (75 days),-1.0,41.6,0.7647,128.33,95.85,BULLISH,HIGH,Last surprise: +73.1%; Earnings conf adj: +1,2.45,-1.0,1.0,64,2026-11-04,73.08,1
2026-09-01T15:24:56,2026-09-01,JCI,HOLD,0,VWAP Trend,HIGH,5,20.68,138.24,3.87,0.0,4.02,0.0,0.0,2026-09-03,1.54,2.42,60.0,2.26,39.06,53.32,-8.71,2.9,10,2026-05-14 to 2026-08-31 (75 days),-1.0,36.4,0.2998,144.81,133.86,BULLISH,MEDIUM,Strong trend (ADX=33); Last surprise: +9.2%; Earnings conf adj: +1,6.25,-1.0,1.0,64,2026-11-04,9.23,1
2026-09-01T15:27:47,2026-09-01,MSM,HOLD,0,MACD Crossover,HIGH,4,20.43,118.88,3.66,0.0,6.41,0.0,0.0,2026-09-11,1.52,2.83,66.7,5.73,18.32,-29.24,-2.55,10.0,3,2026-05-14 to 2026-08-31 (75 days),-1.0,44.5,0.2573,121.79,100.06,BULLISH,MEDIUM,No special conditions,7.29,-1.0,1.0,51,2026-10-22,,0
2026-09-01T15:27:34,2026-09-01,GHC,HOLD,0,ADX Trend Following,LOW,1,19.89,1128.89,4.71,0.0,3.92,0.0,0.0,2026-09-07,-0.13,-0.15,50.0,0.82,-1.55,-8.48,-4.35,6.0,2,2026-05-14 to 2026-08-31 (75 days),-1.0,39.3,0.2035,1172.55,1120.34,BULLISH,MEDIUM,Price at statistical extreme; Last surprise: +31.2%; Earnings conf adj: +1,7.0,-1.0,1.0,57,2026-10-28,31.22,1
2026-09-01T15:27:04,2026-09-01,LAD,BUY,1,PEAD Earnings Drift,HIGH,4,19.85,367.32,4.19,351.93,12.0,411.4,8.82,2026-10-09,2.58,6.95,50.0,14.75,185.19,14.7,-7.36,38.5,2,2026-05-14 to 2026-08-31 (75 days),0.52,52.3,0.2456,344.99,308.8,BULLISH,MEDIUM,Last surprise: +15.0%; Earnings conf adj: +1; Size: Kelly 10.0% / VolTgt 7.6% / Blend 8.8%,7.63,-1.0,1.0,50,2026-10-21,15.02,1
2026-09-01T15:25:03,2026-09-01,LII,HOLD,0,MACD Crossover,MEDIUM,3,19.83,382.64,4.64,0.0,6.96,0.0,0.0,2026-09-14,0.55,0.83,66.7,2.44,10.18,73.37,-7.59,13.7,3,2026-05-14 to 2026-08-31 (75 days),-1.0,27.9,0.2944,485.85,498.05,BEARISH,MEDIUM,RSI oversold; Strong trend (ADX=53); Last surprise: +0.3%,6.37,-1.0,1.0,57,2026-10-28,0.26,0
2026-09-01T15:25:15,2026-09-01,NCLH,HOLD,0,ADX Trend Following,HIGH,5,19.77,16.14,5.77,0.0,8.65,0.0,0.0,2026-09-12,1.64,2.86,100.0,140.9,57.09,52.53,-12.31,11.3,3,2026-05-14 to 2026-08-31 (75 days),-1.0,32.0,0.3791,19.16,19.9,BEARISH,MEDIUM,Strong trend (ADX=34); Last surprise: +23.1%; Earnings conf adj: +1,4.95,-1.0,1.0,64,2026-11-04,23.08,1
2026-09-01T15:27:30,2026-09-01,VFC,HOLD,0,ADX Trend Following,LOW,0,19.69,13.44,4.7,0.0,7.05,0.0,0.0,2026-09-21,-0.42,-0.5,66.7,0.49,-25.14,31.59,-21.53,20.0,3,2026-05-14 to 2026-08-31 (75 days),-1.0,33.0,0.2804,15.74,17.51,BEARISH,MEDIUM,Strong trend (ADX=34); Last surprise: -22.7%; Earnings conf adj: -1,6.69,-1.0,1.0,55,2026-10-26,-22.73,-1
2026-09-01T15:24:04,2026-09-01,BMY,BUY,1,52-Week High Momentum,HIGH,4,19.5,66.81,3.31,64.6,11.12,74.24,8.6,2026-09-30,1.08,1.57,50.0,2.02,21.35,-59.55,-9.68,29.5,2,2026-05-14 to 2026-08-31 (75 days),0.198,59.3,0.26,61.82,56.88,BULLISH,MEDIUM,Strong trend (ADX=34); Last surprise: +27.5%; Earnings conf adj: +1; Size: Kelly 10.0% / VolTgt 7.2% / Blend 8.6%,7.21,-1.0,1.0,58,2026-10-29,27.5,1
2026-09-01T15:24:04,2026-09-01,BNY,HOLD,0,52-Week High Momentum,HIGH,5,19.45,161.28,2.11,0.0,6.33,0.0,0.0,2026-12-18,2.88,4.86,100.0,198.24,84.39,3.16,-5.69,108.0,1,2026-05-14 to 2026-08-31 (75 days),-1.0,54.6,0.1773,155.71,131.03,BULLISH,LOW,High volume; Last surprise: +10.8%; Earnings conf adj: +1,10.0,-1.0,1.0,44,2026-10-15,10.81,1
2026-09-01T15:24:54,2026-09-01,IQV,BUY,1,52-Week High Momentum,MEDIUM,2,19.35,261.19,4.17,250.3,10.43,288.43,8.43,2026-10-04,0.11,0.19,100.0,54.06,0.54,-325.28,-12.41,33.0,1,2026-05-14 to 2026-08-31 (75 days),0.198,71.5,0.2733,223.12,200.99,BULLISH,MEDIUM,RSI overbought; Strong trend (ADX=40); Last surprise: +4.0%; Size: Kelly 10.0% / VolTgt 6.9% / Blend 8.4%,6.86,-1.0,1.0,63,2026-11-03,3.96,0
2026-09-01T15:27:37,2026-09-01,OLLI,HOLD,0,MACD Crossover,LOW,0,19.05,75.42,7.86,0.0,11.79,0.0,0.0,2026-10-04,0.63,0.91,50.0,1.73,17.53,31.21,-15.52,33.0,2,2026-05-14 to 2026-08-31 (75 days),-1.0,51.9,0.4419,72.23,94.17,BEARISH,HIGH,High volume; Earnings in 1d (2026-09-02); Earnings conf adj: -2,4.24,-1.0,1.0,1,2026-09-02,,-2
2026-09-01T15:25:50,2026-09-01,URI,EXIT,-1,VWAP Trend,MEDIUM,3,18.62,1038.0,4.48,1084.5,3.31,1003.64,5.62,2026-09-03,0.64,1.66,44.4,1.58,11.91,-13.48,-6.08,2.2,9,2026-05-14 to 2026-08-31 (75 days),-1.0,38.4,0.2832,1094.42,921.12,BULLISH,MEDIUM,Strong trend (ADX=40); Last surprise: +10.1%; Earnings conf adj: +1; Size: Kelly 4.6% / VolTgt 6.6% / Blend 5.6%,6.62,-1.0,1.0,50,2026-10-21,10.09,1
2026-09-01T15:27:44,2026-09-01,MMS,HOLD,-1,VWAP Trend,LOW,1,18.57,57.77,5.18,60.76,7.77,53.28,0.0,2026-09-19,0.17,0.23,60.0,1.16,0.45,8.7,-14.51,18.6,5,2026-05-14 to 2026-08-31 (75 days),-1.0,48.8,0.463,57.45,70.21,BEARISH,HIGH,No special conditions,4.05,-1.0,1.0,79,2026-11-19,,0
2026-09-01T15:25:22,2026-09-01,PCAR,EXIT,-1,Momentum (Rate of Change),HIGH,5,18.55,124.13,3.32,128.25,9.96,111.77,9.55,2026-11-05,1.47,2.41,100.0,108.48,40.04,-0.59,-5.3,65.0,1,2026-05-14 to 2026-08-31 (75 days),-1.0,37.9,0.206,127.2,118.51,BULLISH,MEDIUM,Price at statistical extreme; Last surprise: +5.1%; Earnings conf adj: +1; Size: Kelly 10.0% / VolTgt 9.1% / Blend 9.6%,9.1,-1.0,1.0,56,2026-10-27,5.15,1
2026-09-01T15:26:21,2026-09-01,CACI,HOLD,0,MACD Crossover,HIGH,4,18.48,623.01,5.84,0.0,8.76,0.0,0.0,2026-09-22,1.21,3.33,50.0,2.93,57.63,-47.95,-10.77,21.5,2,2026-05-14 to 2026-08-31 (75 days),-1.0,56.5,0.8179,539.12,559.41,BEARISH,HIGH,Last surprise: +23.2%; Earnings conf adj: +1,2.29,-1.0,1.0,50,2026-10-21,23.24,1
2026-09-01T15:26:19,2026-09-01,TLN,HOLD,0,VWAP Trend,MEDIUM,2,18.41,295.76,10.24,0.0,6.61,0.0,0.0,2026-09-03,0.95,1.55,61.5,1.56,25.21,70.4,-12.83,2.8,13,2026-05-14 to 2026-08-31 (75 days),-1.0,32.3,0.5016,356.67,359.22,BEARISH,HIGH,Strong trend (ADX=49); Last surprise: -30.1%; Earnings conf adj: -1,3.74,-1.0,1.0,64,2026-11-04,-30.09,-1
2026-09-01T15:26:26,2026-09-01,ALLY,HOLD,0,PEAD Earnings Drift,HIGH,4,18.4,42.21,2.3,0.0,8.05,0.0,0.0,2026-11-03,1.33,2.06,100.0,85.93,31.01,29.93,-5.86,63.0,1,2026-05-14 to 2026-08-31 (75 days),-1.0,39.8,0.1909,44.28,42.24,BULLISH,LOW,Strong trend (ADX=38); Last surprise: -0.8%,9.82,-1.0,1.0,45,2026-10-16,-0.82,0
2026-09-01T15:24:20,2026-09-01,DD,HOLD,1,VWAP Trend,LOW,1,18.29,134.59,3.36,130.07,3.78,139.68,0.0,2026-09-04,-0.63,-0.84,50.0,0.73,-10.48,22.24,-8.33,3.7,6,2026-05-14 to 2026-08-31 (75 days),-1.0,39.4,0.2492,138.96,135.87,BULLISH,MEDIUM,Last surprise: +6.8%; Earnings conf adj: +1,7.0,-1.0,1.0,65,2026-11-05,6.82,1
2026-09-01T15:24:24,2026-09-01,DOW,HOLD,0,PEAD Earnings Drift,LOW,1,18.06,30.52,4.52,0.0,6.78,0.0,0.0,2026-10-21,-1.98,-2.7,50.0,0.07,-50.43,3.79,-29.63,50.5,2,2026-05-14 to 2026-08-31 (75 days),-1.0,48.5,0.3642,29.97,30.98,BEARISH,MEDIUM,Last surprise: +12.5%; Earnings conf adj: +1,5.15,-1.0,1.0,51,2026-10-22,12.5,1
2026-09-01T15:26:04,2026-09-01,CW,HOLD,0,PEAD Earnings Drift,MEDIUM,3,17.97,582.53,5.79,0.0,14.47,0.0,0.0,2026-11-22,0.68,0.98,100.0,49.44,17.43,75.25,-14.3,82.0,1,2026-05-14 to 2026-08-31 (75 days),-1.0,26.4,0.3528,714.92,675.66,BULLISH,MEDIUM,RSI oversold; High volume; Strong trend (ADX=61); Last surprise: +2.8%,5.31,-1.0,1.0,64,2026-11-04,2.76,0
2026-09-01T15:25:36,2026-09-01,SO,HOLD,0,VWAP Trend,HIGH,5,17.95,88.0,1.72,0.0,2.21,0.0,0.0,2026-09-05,2.34,4.2,71.4,3.95,20.84,35.36,-2.03,4.3,7,2026-05-14 to 2026-08-31 (75 days),-1.0,30.8,0.1351,93.31,91.04,BULLISH,LOW,Strong trend (ADX=40); Last surprise: +11.9%; Earnings conf adj: +1,10.0,-1.0,1.0,58,2026-10-29,11.88,1
2026-09-01T15:24:27,2026-09-01,ECHO,HOLD,0,VWAP Trend,LOW,0,17.83,86.44,6.41,0.0,6.38,0.0,0.0,2026-09-04,0.24,0.37,50.0,1.19,2.8,80.95,-14.52,3.8,8,2026-05-14 to 2026-08-31 (75 days),-1.0,42.5,0.4154,92.08,107.28,BEARISH,HIGH,Last surprise: -94.7%; Earnings conf adj: -1,4.51,-1.0,1.0,65,2026-11-05,-94.66,-1
2026-09-01T15:23:57,2026-09-01,APTV,HOLD,0,ADX Trend Following,LOW,1,17.8,44.76,6.58,0.0,9.87,0.0,0.0,2026-09-19,-2.51,-2.97,50.0,0.06,-49.87,7.67,-23.34,18.5,2,2026-05-14 to 2026-08-31 (75 days),-1.0,31.0,0.6906,54.54,67.05,BEARISH,HIGH,High volume; Strong trend (ADX=41); Last surprise: +14.0%; Earnings conf adj: +1,2.71,-1.0,1.0,58,2026-10-29,13.99,1
2026-09-01T15:26:18,2026-09-01,FN,HOLD,0,VWAP Trend,HIGH,5,17.73,412.93,12.0,0.0,9.81,0.0,0.0,2026-09-02,1.04,2.12,57.1,1.64,34.16,120.84,-9.7,1.3,7,2026-05-14 to 2026-08-31 (75 days),-1.0,37.1,1.0931,497.36,536.51,BEARISH,HIGH,Strong trend (ADX=31); Last surprise: +7.6%; Earnings conf adj: +1,1.72,-1.0,1.0,62,2026-11-02,7.61,1
2026-09-01T15:27:41,2026-09-01,BBWI,HOLD,0,Stochastic Oscillator,MEDIUM,3,17.68,19.25,11.06,0.0,16.59,0.0,0.0,2026-10-15,1.99,3.35,50.0,8.3,145.86,109.36,-15.91,44.5,2,2026-05-14 to 2026-08-31 (75 days),-1.0,49.4,0.6064,20.06,19.69,BULLISH,HIGH,No special conditions,3.09,-1.0,1.0,79,2026-11-19,,0
2026-09-01T15:23:58,2026-09-01,ATO,HOLD,0,VWAP Trend,HIGH,4,17.54,166.13,1.8,0.0,1.63,0.0,0.0,2026-09-03,0.69,1.05,75.0,1.92,2.24,24.35,-1.5,2.5,4,2026-05-14 to 2026-08-31 (75 days),-1.0,38.7,0.1312,172.24,173.71,BEARISH,LOW,Last surprise: +5.9%; Earnings conf adj: +1,10.0,-1.0,1.0,64,2026-11-04,5.93,1
2026-09-01T15:27:22,2026-09-01,EXP,HOLD,0,Multi-Factor Momentum MR,HIGH,4,17.3,194.26,4.5,0.0,2.11,0.0,0.0,2026-09-02,1.73,29.81,100.0,17.15,5.6,17.87,-0.1,1.0,1,2026-05-14 to 2026-08-31 (75 days),-1.0,37.3,0.2681,211.17,210.79,BULLISH,MEDIUM,Last surprise: -2.7%,6.99,-1.0,1.0,58,2026-10-29,-2.66,0
2026-09-01T15:26:46,2026-09-01,MP,HOLD,-1,MACD Crossover,LOW,0,17.03,54.75,12.0,61.32,18.0,44.9,0.0,2026-09-19,0.39,0.61,50.0,1.37,7.79,35.85,-20.46,18.5,2,2026-05-14 to 2026-08-31 (75 days),-1.0,50.8,0.698,51.67,57.73,BEARISH,HIGH,Strong trend (ADX=34); Last surprise: +175.0%,2.69,-1.0,1.0,65,2026-11-05,175.0,0
2026-09-01T15:27:49,2026-09-01,XLI,HOLD,0,VWAP Trend,HIGH,4,17.01,175.13,1.53,0.0,1.44,0.0,0.0,2026-09-03,2.07,5.72,66.7,3.59,16.15,14.08,-2.32,2.0,9,2026-05-14 to 2026-08-31 (75 days),-1.0,34.0,0.1297,181.77,169.74,BULLISH,LOW,Price at statistical extreme; Strong trend (ADX=42),10.0,-1.0,1.0,-1,,,0
2026-09-01T15:26:09,2026-09-01,NLY,HOLD,0,Momentum (Rate of Change),HIGH,5,16.98,22.92,1.62,0.0,4.86,0.0,0.0,2026-11-15,1.58,2.64,100.0,67.93,23.36,-5.46,-4.74,75.0,1,2026-05-14 to 2026-08-31 (75 days),-1.0,48.3,0.139,22.78,21.52,BULLISH,LOW,Last surprise: +5.3%; Earnings conf adj: +1,10.0,-1.0,1.0,50,2026-10-21,5.33,1
2026-09-01T15:27:22,2026-09-01,RLI,HOLD,0,Momentum (Rate of Change),HIGH,5,16.83,63.47,3.16,0.0,9.48,0.0,0.0,2026-12-12,2.66,4.11,100.0,249.24,112.48,-50.74,-7.15,102.0,1,2026-05-14 to 2026-08-31 (75 days),-1.0,50.6,0.2408,61.69,57.41,BULLISH,MEDIUM,Last surprise: +15.3%; Earnings conf adj: +1,7.79,-1.0,1.0,48,2026-10-19,15.28,1
2026-09-01T15:26:58,2026-09-01,FR,HOLD,0,Momentum (Rate of Change),HIGH,5,16.69,61.88,1.76,0.0,5.28,0.0,0.0,2026-10-16,1.04,1.64,100.0,55.58,15.78,9.87,-5.34,45.0,1,2026-05-14 to 2026-08-31 (75 days),-1.0,35.8,0.1166,64.23,60.24,BULLISH,LOW,Last surprise: +34.9%; Earnings conf adj: +1,10.0,-1.0,1.0,50,2026-10-21,34.88,1
2026-09-01T15:26:30,2026-09-01,SF,HOLD,0,SMA Crossover (10/50),HIGH,4,16.61,80.78,2.4,0.0,8.4,0.0,0.0,2026-10-19,1.23,1.78,100.0,57.16,19.99,-10.75,-7.12,48.0,1,2026-05-14 to 2026-08-31 (75 days),-1.0,47.8,0.1918,79.03,78.25,BULLISH,LOW,Strong trend (ADX=38); Last surprise: +4.4%,9.78,-1.0,1.0,50,2026-10-21,4.41,0
2026-09-01T15:27:46,2026-09-01,XRAY,HOLD,0,MACD Crossover,HIGH,4,16.47,11.17,5.33,0.0,14.01,0.0,0.0,2026-09-22,1.98,3.21,66.7,5.96,94.06,66.94,-10.01,21.3,3,2026-05-14 to 2026-08-31 (75 days),-1.0,41.4,0.3854,12.09,11.7,BULLISH,MEDIUM,Strong trend (ADX=33),4.86,-1.0,1.0,65,2026-11-05,,0
2026-09-01T15:24:36,2026-09-01,FIS,HOLD,0,Momentum (Rate of Change),MEDIUM,3,15.99,40.77,4.68,0.0,7.02,0.0,0.0,2026-10-09,0.73,1.23,100.0,68.3,16.58,21.18,-10.45,38.0,1,2026-05-14 to 2026-08-31 (75 days),-1.0,44.7,0.3282,41.61,49.4,BEARISH,MEDIUM,Last surprise: +0.7%,5.71,-1.0,1.0,64,2026-11-04,0.68,0
2026-09-01T15:24:48,2026-09-01,HRL,HOLD,0,ADX Trend Following,HIGH,5,15.77,21.85,4.09,0.0,13.56,0.0,0.0,2026-09-20,2.01,4.38,66.7,14.17,73.48,32.72,-8.41,19.3,3,2026-05-14 to 2026-08-31 (75 days),-1.0,29.6,0.3921,24.62,23.0,BULLISH,MEDIUM,RSI oversold; Strong trend (ADX=49); Last surprise: +5.7%; Earnings conf adj: +1,4.78,-1.0,1.0,-5,2026-08-27,5.71,1
2026-09-01T15:24:10,2026-09-01,CI,HOLD,0,Stochastic Oscillator,LOW,0,15.66,276.08,2.85,0.0,4.28,0.0,0.0,2026-09-21,-0.2,-0.27,50.0,0.44,-4.82,13.73,-8.19,20.5,2,2026-05-14 to 2026-08-31 (75 days),-1.0,45.6,0.2396,283.29,277.52,BULLISH,MEDIUM,Last surprise: +2.4%,7.0,-1.0,1.0,65,2026-11-05,2.37,0
2026-09-01T15:27:39,2026-09-01,NWE,HOLD,0,VWAP Trend,HIGH,4,15.64,69.16,2.18,0.0,2.05,0.0,0.0,2026-09-02,1.55,3.93,60.0,2.26,24.29,29.9,-4.4,1.8,10,2026-05-14 to 2026-08-31 (75 days),-1.0,43.2,0.1943,70.64,67.7,BULLISH,LOW,No special conditions,9.65,-1.0,1.0,57,2026-10-28,,0
2026-09-01T15:27:34,2026-09-01,SR,HOLD,0,Momentum (Rate of Change),MEDIUM,3,15.54,81.84,2.67,0.0,4.0,0.0,0.0,2026-11-03,0.33,0.52,100.0,31.29,4.09,17.02,-4.47,63.0,1,2026-05-14 to 2026-08-31 (75 days),-1.0,48.7,0.1858,81.15,84.28,BEARISH,LOW,Last surprise: +13.3%; Earnings conf adj: +1,10.0,-1.0,1.0,73,2026-11-13,13.33,1
2026-09-01T15:25:16,2026-09-01,NOC,HOLD,0,VWAP Trend,LOW,1,15.53,539.7,3.41,0.0,5.12,0.0,0.0,2026-09-09,-0.61,-0.84,50.0,0.78,-16.65,-12.63,-12.06,8.4,10,2026-05-14 to 2026-08-31 (75 days),-1.0,42.4,0.2605,542.22,600.91,BEARISH,MEDIUM,Last surprise: +12.6%; Earnings conf adj: +1,7.0,-1.0,1.0,49,2026-10-20,12.61,1
2026-09-01T15:26:12,2026-09-01,RYAN,HOLD,0,Momentum (Rate of Change),HIGH,5,15.48,42.18,5.02,0.0,7.53,0.0,0.0,2026-11-25,2.14,3.78,100.0,272.37,125.42,-56.73,-8.99,85.0,1,2026-05-14 to 2026-08-31 (75 days),-1.0,47.9,0.2946,41.57,41.72,BEARISH,MEDIUM,Last surprise: +23.3%; Earnings conf adj: +1,6.36,-1.0,1.0,58,2026-10-29,23.33,1
2026-09-01T15:25:21,2026-09-01,ORLY,HOLD,-1,VWAP Trend,LOW,0,15.42,88.8,2.55,91.06,3.82,85.41,0.0,2026-09-09,-0.74,-0.99,54.5,0.77,-21.01,-17.71,-16.31,8.2,11,2026-05-14 to 2026-08-31 (75 days),-1.0,46.2,0.1961,88.96,92.39,BEARISH,LOW,Last surprise: +0.0%,7.0,-1.0,1.0,57,2026-10-28,0.0,0
2026-09-01T15:25:19,2026-09-01,NXPI,HOLD,0,VWAP Trend,LOW,1,15.24,224.64,3.74,0.0,4.01,0.0,0.0,2026-09-03,0.12,0.16,71.4,1.11,-0.44,59.18,-12.12,2.4,7,2026-05-14 to 2026-08-31 (75 days),-1.0,38.4,0.3287,256.47,241.93,BULLISH,MEDIUM,Strong trend (ADX=34); Last surprise: +2.3%,5.7,-1.0,1.0,55,2026-10-26,2.27,0
2026-09-01T15:26:56,2026-09-01,PB,HOLD,0,ADX Trend Following,MEDIUM,3,15.12,71.56,1.92,0.0,2.85,0.0,0.0,2026-09-12,0.92,1.22,100.0,32.6,10.14,-18.51,-5.29,11.0,3,2026-05-14 to 2026-08-31 (75 days),-1.0,37.4,0.1092,73.18,69.78,BULLISH,LOW,Last surprise: +4.5%,10.0,-1.0,1.0,64,2026-11-04,4.52,0
2026-09-01T15:26:09,2026-09-01,MKSI,HOLD,0,Multi-Factor Momentum MR,MEDIUM,3,15.1,256.24,11.01,0.0,11.91,0.0,0.0,2026-09-08,0.49,0.69,100.0,24.35,7.81,57.37,-9.18,7.0,1,2026-05-14 to 2026-08-31 (75 days),-1.0,34.3,0.5718,327.72,259.79,BULLISH,HIGH,Strong trend (ADX=36); Last surprise: +11.5%; Earnings conf adj: +1,3.28,-1.0,1.0,64,2026-11-04,11.49,1
2026-09-01T15:25:04,2026-09-01,LNT,HOLD,0,VWAP Trend,HIGH,5,15.04,67.98,1.97,0.0,1.88,0.0,0.0,2026-09-03,1.41,2.53,75.0,2.37,9.72,27.11,-2.65,2.2,8,2026-05-14 to 2026-08-31 (75 days),-1.0,36.5,0.1614,72.35,69.53,BULLISH,LOW,Last surprise: +12.1%; Earnings conf adj: +1,10.0,-1.0,1.0,65,2026-11-05,12.07,1
2026-09-01T15:25:36,2026-09-01,SNA,HOLD,0,MACD Crossover,HIGH,4,15.0,386.31,1.94,0.0,4.62,0.0,0.0,2026-09-18,1.76,2.72,66.7,9.91,24.9,-0.29,-3.92,17.7,3,2026-05-14 to 2026-08-31 (75 days),-1.0,35.4,0.1394,401.43,370.92,BULLISH,LOW,Strong trend (ADX=33); Last surprise: +0.2%,10.0,-1.0,1.0,44,2026-10-15,0.2,0
2026-09-01T15:26:15,2026-09-01,NBIX,HOLD,1,VWAP Trend,LOW,1,14.99,154.03,3.93,147.98,2.78,158.31,0.0,2026-09-02,-1.33,-1.59,25.0,0.61,-13.14,-2.79,-7.85,1.8,8,2026-05-14 to 2026-08-31 (75 days),-1.0,40.4,0.2633,166.36,147.29,BULLISH,MEDIUM,Strong trend (ADX=31); Last surprise: +45.4%; Earnings conf adj: +1,7.0,-1.0,1.0,57,2026-10-28,45.41,1
2026-09-01T15:25:57,2026-09-01,WY,HOLD,0,Momentum (Rate of Change),MEDIUM,2,14.91,23.37,3.45,0.0,8.62,0.0,0.0,2026-10-02,0.22,0.36,50.0,1.68,2.53,-0.72,-8.74,31.0,2,2026-05-14 to 2026-08-31 (75 days),-1.0,38.3,0.2377,24.28,24.01,BULLISH,MEDIUM,Strong trend (ADX=32); Last surprise: +62.5%; Earnings conf adj: +1,7.89,-1.0,1.0,58,2026-10-29,62.5,1
2026-09-01T15:24:42,2026-09-01,GL,HOLD,0,VWAP Trend,LOW,1,14.8,172.67,3.03,0.0,2.5,0.0,0.0,2026-09-03,0.2,0.24,66.7,1.28,1.61,-45.43,-5.04,2.4,9,2026-05-14 to 2026-08-31 (75 days),-1.0,42.0,0.205,178.51,152.74,BULLISH,MEDIUM,Last surprise: -1.9%,7.0,-1.0,1.0,50,2026-10-21,-1.9,0
2026-09-01T15:27:37,2026-09-01,UFPI,HOLD,0,Momentum (Rate of Change),LOW,1,14.72,84.52,4.4,0.0,6.6,0.0,0.0,2026-09-23,0.2,0.35,50.0,1.88,1.89,-3.88,-10.72,22.5,2,2026-05-14 to 2026-08-31 (75 days),-1.0,40.2,0.2876,88.19,91.87,BEARISH,MEDIUM,No special conditions,6.52,-1.0,1.0,55,2026-10-26,,0
2026-09-01T15:26:58,2026-09-01,BROS,HOLD,0,PEAD Earnings Drift,HIGH,5,14.71,48.86,7.5,0.0,22.5,0.0,0.0,2026-11-05,1.17,2.12,100.0,114.13,43.96,51.51,-12.89,65.0,1,2026-05-14 to 2026-08-31 (75 days),-1.0,33.6,0.7575,60.99,57.35,BULLISH,HIGH,Last surprise: +10.0%; Earnings conf adj: +1,2.48,-1.0,1.0,64,2026-11-04,10.0,1
2026-09-01T15:27:19,2026-09-01,LSTR,HOLD,0,Stochastic Oscillator,LOW,0,14.43,180.63,4.45,0.0,6.68,0.0,0.0,2026-10-12,0.17,0.23,50.0,1.22,0.53,-29.58,-20.95,41.0,2,2026-05-14 to 2026-08-31 (75 days),-1.0,43.6,0.3496,194.36,169.85,BULLISH,MEDIUM,Last surprise: -2.7%,5.36,-1.0,1.0,56,2026-10-27,-2.7,0
2026-09-01T15:26:22,2026-09-01,SGI,HOLD,0,MACD Crossover,MEDIUM,3,14.31,64.75,4.84,0.0,7.26,0.0,0.0,2026-09-18,0.98,1.62,66.7,70.23,24.31,21.13,-7.22,17.0,3,2026-05-14 to 2026-08-31 (75 days),-1.0,45.6,0.3955,69.81,78.88,BEARISH,MEDIUM,Last surprise: +0.0%,4.74,-1.0,1.0,65,2026-11-05,0.0,0
2026-09-01T15:25:23,2026-09-01,PCG,EXIT,-1,VWAP Trend,MEDIUM,3,13.99,13.27,12.0,14.86,10.14,11.92,6.18,2026-09-03,0.94,1.54,50.0,1.72,12.12,66.98,-4.58,2.6,12,2026-05-14 to 2026-08-31 (75 days),-1.0,22.0,0.799,17.32,16.75,BULLISH,HIGH,RSI oversold; High volume; Price at statistical extreme; Strong trend (ADX=40); Last surprise: +11.1%; Earnings conf adj: +1; Size: Kelly 10.0% / VolTgt 2.4% / Blend 6.2%,2.35,-1.0,1.0,51,2026-10-22,11.11,1
2026-09-01T15:25:05,2026-09-01,LOW,HOLD,0,MACD Crossover,LOW,0,13.98,204.7,3.87,0.0,5.8,0.0,0.0,2026-09-29,-0.22,-0.31,50.0,0.23,-6.37,18.05,-10.55,28.0,2,2026-05-14 to 2026-08-31 (75 days),-1.0,38.1,0.2428,214.08,234.63,BEARISH,MEDIUM,Price at statistical extreme; Last surprise: +4.3%,7.0,-1.0,1.0,78,2026-11-18,4.27,0
2026-09-01T15:25:26,2026-09-01,PPL,HOLD,0,VWAP Trend,MEDIUM,2,13.61,34.13,2.07,0.0,1.97,0.0,0.0,2026-09-02,0.5,0.67,63.6,1.59,4.13,16.63,-3.51,1.9,11,2026-05-14 to 2026-08-31 (75 days),-1.0,36.8,0.1816,35.68,35.98,BEARISH,LOW,Last surprise: -2.9%,10.0,-1.0,1.0,64,2026-11-04,-2.94,0
2026-09-01T15:27:08,2026-09-01,SSD,HOLD,0,VWAP Trend,HIGH,5,13.57,182.61,3.53,0.0,3.13,0.0,0.0,2026-09-03,1.39,3.71,66.7,2.7,14.94,19.91,-3.56,2.2,6,2026-05-14 to 2026-08-31 (75 days),-1.0,39.1,0.2681,193.18,183.15,BULLISH,MEDIUM,Strong trend (ADX=33); Last surprise: +11.5%; Earnings conf adj: +1,6.99,-1.0,1.0,55,2026-10-26,11.52,1
2026-09-01T15:24:37,2026-09-01,FISV,HOLD,0,VWAP Trend,HIGH,4,13.55,53.31,6.3,0.0,9.45,0.0,0.0,2026-09-10,1.41,2.0,66.7,2.44,61.09,62.04,-12.6,9.8,9,2026-05-14 to 2026-08-31 (75 days),-1.0,52.9,0.4015,51.78,58.54,BEARISH,HIGH,Last surprise: -3.7%,4.67,-1.0,1.0,57,2026-10-28,-3.66,0
2026-09-01T15:26:59,2026-09-01,COLB,HOLD,0,VWAP Trend,LOW,1,13.51,29.64,2.25,0.0,2.2,0.0,0.0,2026-09-03,-0.08,-0.1,70.0,1.2,-0.85,-16.38,-2.98,2.3,10,2026-05-14 to 2026-08-31 (75 days),-1.0,34.4,0.1842,31.3,28.86,BULLISH,LOW,Strong trend (ADX=37); Last surprise: +4.1%,7.0,-1.0,1.0,58,2026-10-29,4.11,0
2026-09-01T15:25:47,2026-09-01,TXN,HOLD,0,VWAP Trend,LOW,1,13.44,260.91,4.72,0.0,3.87,0.0,0.0,2026-09-03,0.07,0.1,50.0,1.1,-0.69,41.59,-10.61,2.0,6,2026-05-14 to 2026-08-31 (75 days),-1.0,40.6,0.3479,283.81,235.52,BULLISH,MEDIUM,Strong trend (ADX=30); Last surprise: +10.3%; Earnings conf adj: +1,5.39,-1.0,1.0,56,2026-10-27,10.31,1
2026-09-01T15:27:37,2026-09-01,BCO,HOLD,0,Momentum (Rate of Change),MEDIUM,3,13.41,108.93,4.37,0.0,6.55,0.0,0.0,2026-10-27,0.57,0.92,100.0,42.98,11.52,3.27,-11.48,56.0,1,2026-05-14 to 2026-08-31 (75 days),-1.0,43.5,0.29,110.21,112.3,BEARISH,MEDIUM,No special conditions,6.47,-1.0,1.0,64,2026-11-04,,0
2026-09-01T15:24:08,2026-09-01,CCL,HOLD,0,Stochastic Oscillator,HIGH,4,13.39,23.89,4.95,0.0,7.43,0.0,0.0,2026-09-15,0.9,1.69,66.7,2.18,23.61,36.95,-9.14,14.7,3,2026-05-14 to 2026-08-31 (75 days),-1.0,30.3,0.3509,27.18,27.56,BEARISH,MEDIUM,High volume; Strong trend (ADX=39); Last surprise: +20.6%; Earnings conf adj: +1,5.34,-1.0,1.0,27,2026-09-28,20.59,1
2026-09-01T15:24:55,2026-09-01,IRM,BUY,1,VWAP Trend,MEDIUM,3,13.3,115.35,5.31,109.22,4.45,120.48,8.02,2026-09-04,0.62,0.87,66.7,1.38,8.79,36.5,-6.59,3.3,9,2026-05-14 to 2026-08-31 (75 days),0.31,35.5,0.311,123.83,108.2,BULLISH,MEDIUM,High volume; Price at statistical extreme; Last surprise: +7.1%; Earnings conf adj: +1; Size: Kelly 10.0% / VolTgt 6.0% / Blend 8.0%,6.03,-1.0,1.0,64,2026-11-04,7.14,1
2026-09-01T15:25:17,2026-09-01,NRG,HOLD,0,Stochastic Oscillator,MEDIUM,3,13.22,110.12,8.38,0.0,12.57,0.0,0.0,2026-09-26,1.18,1.85,66.7,2.93,46.65,95.71,-14.09,25.0,3,2026-05-14 to 2026-08-31 (75 days),-1.0,37.8,0.6947,129.49,146.85,BEARISH,HIGH,Last surprise: -14.4%; Earnings conf adj: -1,2.7,-1.0,1.0,65,2026-11-05,-14.37,-1
2026-09-01T15:26:53,2026-09-01,CUBE,BUY,1,VWAP Trend,HIGH,5,12.92,39.72,2.06,38.9,1.89,40.47,10.0,2026-09-04,1.33,2.61,80.0,5.96,16.95,11.55,-5.34,3.8,5,2026-05-14 to 2026-08-31 (75 days),0.103,35.6,0.1229,40.95,38.3,BULLISH,LOW,High volume; Price at statistical extreme; Last surprise: +8.3%; Earnings conf adj: +1; Size: Kelly 10.0% / VolTgt 10.0% / Blend 10.0%,10.0,-1.0,1.0,58,2026-10-29,8.33,1
2026-09-01T15:26:31,2026-09-01,IESC,HOLD,-1,VWAP Trend,LOW,1,12.84,303.0,12.0,339.36,22.24,235.61,0.0,2026-09-03,-1.75,-2.04,44.4,0.45,-41.27,52.28,-17.64,2.0,9,2026-05-13 to 2026-08-31 (75 days),-1.0,24.4,1.9975,648.76,544.35,BULLISH,HIGH,RSI oversold; High volume; Strong trend (ADX=51); Last surprise: +56.6%; Earnings conf adj: +1,0.94,-1.0,1.0,80,2026-11-20,56.61,1
2026-09-01T15:24:58,2026-09-01,KEY,BUY,1,VWAP Trend,HIGH,4,12.72,21.61,2.15,21.15,2.33,22.11,10.0,2026-09-03,1.56,3.12,71.4,4.12,17.4,4.86,-2.91,2.9,7,2026-05-14 to 2026-08-31 (75 days),0.651,34.4,0.1738,22.82,21.11,BULLISH,LOW,Last surprise: +4.8%; Size: Kelly 10.0% / VolTgt 10.0% / Blend 10.0%,10.0,-1.0,1.0,49,2026-10-20,4.76,0
2026-09-01T15:24:11,2026-09-01,CL,HOLD,1,VWAP Trend,LOW,0,12.45,89.82,2.17,87.87,3.25,92.74,0.0,2026-09-05,0.2,0.29,50.0,1.27,1.84,-4.01,-7.13,4.5,6,2026-05-14 to 2026-08-31 (75 days),-1.0,43.8,0.1973,91.72,86.69,BULLISH,LOW,Last surprise: +4.2%,7.0,-1.0,1.0,59,2026-10-30,4.21,0
2026-09-01T15:24:47,2026-09-01,HON,HOLD,0,MACD Crossover,LOW,1,12.42,213.53,3.16,0.0,6.32,0.0,0.0,2026-09-18,-0.97,-1.22,50.0,0.12,-22.02,-3.94,-10.25,17.5,2,2026-05-14 to 2026-08-31 (75 days),-1.0,34.6,0.2959,230.78,227.92,BULLISH,MEDIUM,High volume; Strong trend (ADX=50); Last surprise: +7.1%; Earnings conf adj: +1,6.34,-1.0,1.0,51,2026-10-22,7.14,1
2026-09-01T15:24:10,2026-09-01,CFG,BUY,1,VWAP Trend,HIGH,4,12.41,68.87,2.32,67.27,2.52,70.61,9.99,2026-09-03,2.83,6.29,75.0,9.49,41.22,-11.78,-2.47,2.9,8,2026-05-14 to 2026-08-31 (75 days),0.706,38.0,0.1879,71.18,62.92,BULLISH,LOW,High volume; Strong trend (ADX=35); Last surprise: +4.0%; Size: Kelly 10.0% / VolTgt 10.0% / Blend 10.0%,9.98,-1.0,1.0,45,2026-10-16,4.0,0
2026-09-01T15:27:40,2026-09-01,THO,HOLD,0,ADX Trend Following,LOW,0,12.37,76.0,4.35,0.0,6.52,0.0,0.0,2026-09-15,-0.42,-0.57,50.0,0.72,-12.93,-9.58,-11.83,14.0,4,2026-05-14 to 2026-08-31 (75 days),-1.0,43.9,0.2832,76.78,88.12,BEARISH,MEDIUM,Price at statistical extreme,6.62,-1.0,1.0,22,2026-09-23,,0
2026-09-01T15:27:42,2026-09-01,KNF,HOLD,0,VWAP Trend,LOW,0,12.33,62.7,7.59,0.0,7.93,0.0,0.0,2026-09-05,0.07,0.1,50.0,1.09,-1.86,54.47,-8.42,4.2,12,2026-05-14 to 2026-08-31 (75 days),-1.0,33.3,0.4916,75.57,78.43,BEARISH,HIGH,Price at statistical extreme; Strong trend (ADX=58),3.81,-1.0,1.0,63,2026-11-03,,0
2026-09-01T15:26:19,2026-09-01,OHI,HOLD,0,VWAP Trend,MEDIUM,2,12.19,45.72,1.83,0.0,2.06,0.0,0.0,2026-09-03,-0.31,-0.52,55.6,0.98,-4.51,6.33,-4.45,2.1,9,2026-05-14 to 2026-08-31 (75 days),-1.0,35.3,0.1801,47.89,45.19,BULLISH,LOW,Strong trend (ADX=32); Last surprise: +154.2%; Earnings conf adj: +1,10.0,-1.0,1.0,58,2026-10-29,154.17,1
2026-09-01T15:25:16,2026-09-01,NEE,HOLD,0,PEAD Earnings Drift,LOW,0,11.72,82.34,1.73,0.0,2.59,0.0,0.0,2026-11-09,-0.58,-0.73,0.0,0.0,-11.14,25.79,-10.48,69.0,1,2026-05-14 to 2026-08-31 (75 days),-1.0,33.2,0.1293,86.22,86.52,BEARISH,LOW,Strong trend (ADX=33); Last surprise: +3.6%,7.0,-1.0,1.0,56,2026-10-27,3.6,0
2026-09-01T15:25:05,2026-09-01,LUV,HOLD,0,MACD Crossover,HIGH,5,11.68,38.53,4.37,0.0,8.89,0.0,0.0,2026-09-13,2.16,4.14,75.0,6.34,69.54,74.91,-10.82,12.5,4,2026-05-14 to 2026-08-31 (75 days),-1.0,27.3,0.3195,46.35,42.72,BULLISH,MEDIUM,RSI oversold; Strong trend (ADX=49); Last surprise: +80.8%; Earnings conf adj: +1,5.87,-1.0,1.0,50,2026-10-21,80.77,1
2026-09-01T15:24:07,2026-09-01,CASY,HOLD,0,ADX Trend Following,LOW,1,11.5,752.21,4.98,0.0,6.45,0.0,0.0,2026-09-06,-4.64,-4.93,40.0,0.12,-47.48,-6.81,-19.0,5.8,5,2026-05-14 to 2026-08-31 (75 days),-1.0,31.9,0.3402,830.67,721.79,BULLISH,MEDIUM,Price at statistical extreme; Strong trend (ADX=31); Last surprise: +32.0%; Earnings conf adj: +1,5.51,-1.0,1.0,7,2026-09-08,32.02,1
2026-09-01T15:26:27,2026-09-01,ELS,HOLD,0,ADX Trend Following,LOW,1,11.49,63.45,1.66,0.0,2.49,0.0,0.0,2026-09-09,-0.75,-0.99,50.0,0.31,-8.36,-20.04,-4.81,8.0,4,2026-05-14 to 2026-08-31 (75 days),-1.0,40.9,0.1431,64.75,63.08,BULLISH,LOW,Last surprise: +9.1%; Earnings conf adj: +1,7.0,-1.0,1.0,50,2026-10-21,9.09,1
2026-09-01T15:25:26,2026-09-01,PNR,HOLD,0,MACD Crossover,LOW,0,11.41,60.46,4.77,0.0,7.15,0.0,0.0,2026-10-06,-0.92,-1.02,50.0,0.01,-32.3,18.71,-17.01,35.0,2,2026-05-14 to 2026-08-31 (75 days),-1.0,34.0,0.2881,68.06,86.07,BEARISH,MEDIUM,High volume; Last surprise: -0.9%,6.51,-1.0,1.0,49,2026-10-20,-0.87,0
2026-09-01T15:25:38,2026-09-01,SPGI,HOLD,0,SMA Crossover (10/50),LOW,0,11.32,435.84,3.37,0.0,5.05,0.0,0.0,2026-09-23,-0.77,-1.03,50.0,0.24,-12.88,-71.82,-11.4,22.5,2,2026-05-14 to 2026-08-31 (75 days),-1.0,57.6,0.2123,420.59,428.6,BEARISH,MEDIUM,Last surprise: -3.0%,7.0,-1.0,1.0,58,2026-10-29,-2.99,0
2026-09-01T15:27:00,2026-09-01,AGCO,HOLD,0,Stochastic Oscillator,LOW,0,11.18,118.31,4.32,0.0,6.48,0.0,0.0,2026-10-17,0.16,0.22,50.0,1.09,-0.7,-5.52,-20.18,46.0,2,2026-05-14 to 2026-08-31 (75 days),-1.0,66.7,0.3586,110.79,114.06,BEARISH,MEDIUM,High volume; Price at statistical extreme; Strong trend (ADX=47); Last surprise: -3.4%,5.23,-1.0,1.0,59,2026-10-30,-3.38,0
2026-09-01T15:26:11,2026-09-01,APG,HOLD,0,VWAP Trend,HIGH,4,10.46,39.25,4.45,0.0,4.09,0.0,0.0,2026-09-03,1.1,1.89,60.0,1.96,14.04,47.0,-4.35,2.6,10,2026-05-14 to 2026-08-31 (75 days),-1.0,37.4,0.3218,41.22,41.88,BEARISH,MEDIUM,Strong trend (ADX=34); Last surprise: +2.3%,5.83,-1.0,1.0,58,2026-10-29,2.33,0
2026-09-01T15:27:40,2026-09-01,FCN,HOLD,0,Stochastic Oscillator,HIGH,4,10.42,150.57,3.72,0.0,5.58,0.0,0.0,2026-09-21,2.47,5.84,66.7,61.12,74.97,66.61,-3.51,20.3,3,2026-05-14 to 2026-08-31 (75 days),-1.0,42.8,0.2022,154.76,164.98,BEARISH,MEDIUM,No special conditions,9.27,-1.0,1.0,58,2026-10-29,,0
2026-09-01T15:24:15,2026-09-01,COST,HOLD,0,Stochastic Oscillator,LOW,0,10.41,943.89,2.14,0.0,3.21,0.0,0.0,2026-11-29,-0.29,-0.41,0.0,0.0,-6.98,21.05,-7.47,89.0,1,2026-05-14 to 2026-08-31 (75 days),-1.0,47.6,0.1942,944.94,957.64,BEARISH,LOW,Last surprise: -0.8%,7.0,-1.0,1.0,23,2026-09-24,-0.8,0
2026-09-01T15:26:45,2026-09-01,CYTK,HOLD,0,VWAP Trend,HIGH,4,10.28,70.91,6.93,0.0,5.65,0.0,0.0,2026-09-03,1.83,3.56,50.0,2.58,20.91,50.61,-2.68,2.8,6,2026-05-14 to 2026-08-31 (75 days),-1.0,34.3,0.4286,79.81,69.64,BULLISH,HIGH,High volume; Price at statistical extreme; Last surprise: +6.3%; Earnings conf adj: +1,4.37,-1.0,1.0,65,2026-11-05,6.25,1
2026-09-01T15:25:52,2026-09-01,VMRK,HOLD,0,ADX Trend Following,MEDIUM,3,9.83,65.14,3.4,0.0,5.76,0.0,0.0,2026-09-10,1.57,2.6,50.0,5.91,18.44,14.21,-3.28,9.0,4,2026-05-14 to 2026-08-31 (75 days),-1.0,44.2,0.2437,67.21,62.81,BULLISH,MEDIUM,No special conditions,7.69,-1.0,1.0,50,2026-10-21,,0
2026-09-01T15:27:18,2026-09-01,CHDN,HOLD,0,Composite Multi-Indicator,LOW,0,9.74,87.48,4.7,0.0,7.05,0.0,0.0,2026-11-14,0.01,0.02,0.0,0.0,-3.68,-10.68,-9.65,74.0,1,2026-05-14 to 2026-08-31 (75 days),-1.0,48.0,0.3255,87.17,94.29,BEARISH,MEDIUM,Last surprise: +0.6%,5.76,-1.0,1.0,57,2026-10-28,0.58,0
2026-09-01T15:25:55,2026-09-01,WEC,HOLD,0,ADX Trend Following,LOW,1,9.63,106.17,2.0,0.0,3.0,0.0,0.0,2026-09-06,-1.13,-1.54,40.0,0.4,-11.42,1.78,-4.41,5.6,5,2026-05-14 to 2026-08-31 (75 days),-1.0,40.3,0.1783,111.23,110.05,BULLISH,LOW,Last surprise: +12.3%; Earnings conf adj: +1,7.0,-1.0,1.0,58,2026-10-29,12.35,1
2026-09-01T15:26:56,2026-09-01,VICR,HOLD,0,VWAP Trend,LOW,1,9.61,187.68,12.0,0.0,9.21,0.0,0.0,2026-09-03,-0.32,-0.46,50.0,0.92,-23.35,54.07,-18.72,2.2,10,2026-05-14 to 2026-08-31 (75 days),-1.0,38.4,0.7887,245.03,200.55,BULLISH,HIGH,Last surprise: +71.2%; Earnings conf adj: +1,2.38,-1.0,1.0,49,2026-10-20,71.21,1
2026-09-01T15:27:29,2026-09-01,FND,HOLD,0,Stochastic Oscillator,HIGH,4,9.47,50.27,7.95,0.0,11.93,0.0,0.0,2026-09-14,1.61,2.74,66.7,3.07,56.54,18.92,-12.67,13.3,3,2026-05-14 to 2026-08-31 (75 days),-1.0,34.1,0.5119,56.48,58.2,BEARISH,HIGH,Strong trend (ADX=34); Last surprise: +3.6%,3.66,-1.0,1.0,57,2026-10-28,3.57,0
2026-09-01T15:26:43,2026-09-01,WTFC,HOLD,0,VWAP Trend,HIGH,4,9.45,150.36,2.41,0.0,1.97,0.0,0.0,2026-09-03,1.55,2.76,66.7,2.03,17.61,7.05,-5.13,2.0,9,2026-05-14 to 2026-08-31 (75 days),-1.0,32.4,0.1772,158.94,147.37,BULLISH,LOW,Strong trend (ADX=31); Last surprise: +4.1%,10.0,-1.0,1.0,48,2026-10-19,4.13,0
2026-09-01T15:25:02,2026-09-01,LEN,HOLD,0,Stochastic Oscillator,HIGH,4,9.39,84.11,4.47,0.0,6.71,0.0,0.0,2026-10-09,1.09,1.67,50.0,4.47,30.94,33.47,-6.05,38.0,2,2026-05-14 to 2026-08-31 (75 days),-1.0,45.1,0.3613,86.12,98.15,BEARISH,MEDIUM,Last surprise: +6.5%; Earnings conf adj: +1,5.19,-1.0,1.0,16,2026-09-17,6.5,1
2026-09-01T15:27:36,2026-09-01,CHH,EXIT,-1,VWAP Trend,HIGH,4,9.32,103.36,4.47,107.98,5.05,98.14,7.89,2026-09-04,1.25,1.82,62.5,2.77,29.25,35.82,-6.32,3.9,8,2026-05-14 to 2026-08-31 (75 days),-1.0,38.4,0.3245,109.23,104.66,BULLISH,MEDIUM,Last surprise: +2.5%; Size: Kelly 10.0% / VolTgt 5.8% / Blend 7.9%,5.78,-1.0,1.0,64,2026-11-04,2.54,0
2026-09-01T15:27:49,2026-09-01,XLP,HOLD,0,52-Week High Momentum,LOW,0,9.32,84.98,1.51,0.0,2.27,0.0,0.0,2026-12-13,0.05,0.08,0.0,0.0,-0.48,-2.86,-4.41,103.0,1,2026-05-14 to 2026-08-31 (75 days),-1.0,47.6,0.1462,84.91,82.46,BULLISH,LOW,No special conditions,7.0,-1.0,1.0,-1,,,0
2026-09-01T15:24:50,2026-09-01,HWM,HOLD,0,ADX Trend Following,LOW,1,9.27,244.95,5.49,0.0,8.25,0.0,0.0,2026-09-09,-1.11,-1.52,33.3,0.0,-11.44,18.77,-6.03,8.3,3,2026-05-14 to 2026-08-31 (75 days),-1.0,27.8,0.3636,276.8,244.25,BULLISH,MEDIUM,RSI oversold; High volume; Price at statistical extreme; Strong trend (ADX=40); Last surprise: +6.4%; Earnings conf adj: +1,5.16,-1.0,1.0,65,2026-11-05,6.4,1
2026-09-01T15:23:54,2026-09-01,AMCR,HOLD,0,MACD Crossover,HIGH,4,9.15,45.89,3.73,0.0,8.73,0.0,0.0,2026-09-21,1.8,2.84,66.7,36.52,47.54,-43.3,-6.78,20.7,3,2026-05-14 to 2026-08-31 (75 days),-1.0,48.0,0.2435,44.97,42.02,BULLISH,MEDIUM,Last surprise: +4.2%,7.7,-1.0,1.0,65,2026-11-05,4.24,0
2026-09-01T15:27:46,2026-09-01,SAM,HOLD,0,Stochastic Oscillator,LOW,0,9.03,177.81,5.39,0.0,8.08,0.0,0.0,2026-09-25,-0.1,-0.12,50.0,0.17,-5.79,-15.19,-15.45,24.0,2,2026-05-14 to 2026-08-31 (75 days),-1.0,43.2,0.3219,181.55,203.98,BEARISH,MEDIUM,No special conditions,5.82,-1.0,1.0,58,2026-10-29,,0
2026-09-01T15:27:17,2026-09-01,AAON,HOLD,0,ADX Trend Following,HIGH,5,8.93,75.97,10.3,0.0,10.65,0.0,0.0,2026-09-08,2.39,14.26,100.0,100.06,36.93,124.43,-1.13,7.0,1,2026-05-14 to 2026-08-31 (75 days),-1.0,31.1,0.5111,100.14,98.83,BULLISH,HIGH,Strong trend (ADX=39); Last surprise: +40.8%; Earnings conf adj: +1,3.67,-1.0,1.0,65,2026-11-05,40.82,1
2026-09-01T15:27:31,2026-09-01,PSN,HOLD,0,MACD Crossover,LOW,1,8.88,48.64,4.93,0.0,7.39,0.0,0.0,2026-09-18,-0.71,-0.76,50.0,0.22,-55.26,-39.51,-35.0,17.5,2,2026-05-14 to 2026-08-31 (75 days),-1.0,48.3,0.3959,51.17,59.62,BEARISH,MEDIUM,Last surprise: +13.2%; Earnings conf adj: +1,4.74,-1.0,1.0,64,2026-11-04,13.16,1
2026-09-01T15:27:30,2026-09-01,KRG,BUY,1,VWAP Trend,MEDIUM,2,8.51,25.8,1.5,25.41,1.38,26.16,5.0,2026-09-02,-2.13,-2.51,63.6,0.56,-19.07,-17.05,-9.04,1.9,11,2026-05-14 to 2026-08-31 (75 days),0.25,28.6,0.1275,27.81,25.31,BULLISH,LOW,RSI oversold; High volume; Strong trend (ADX=46); Last surprise: +260.0%; Earnings conf adj: +1; Size: Kelly 0.0% / VolTgt 10.0% / Blend 5.0%,10.0,-1.0,1.0,64,2026-11-04,260.0,1
2026-09-01T15:25:44,2026-09-01,TPL,HOLD,0,Stochastic Oscillator,LOW,0,8.34,374.34,8.37,0.0,12.55,0.0,0.0,2026-12-18,0.02,0.02,0.0,0.0,-9.39,2.03,-22.16,108.0,1,2026-05-14 to 2026-08-31 (75 days),-1.0,49.5,0.5094,388.59,390.3,BEARISH,HIGH,Last surprise: +2.3%,3.68,-1.0,1.0,64,2026-11-04,2.29,0
2026-09-01T15:24:43,2026-09-01,GOOG,HOLD,0,Stochastic Oscillator,LOW,1,8.29,335.41,2.64,0.0,3.96,0.0,0.0,2026-11-24,-0.65,-0.9,0.0,0.0,-23.33,20.32,-14.22,84.0,1,2026-05-14 to 2026-08-31 (75 days),-1.0,42.4,0.2286,347.37,333.49,BULLISH,MEDIUM,Last surprise: +213.1%; Earnings conf adj: +1,7.0,-1.0,1.0,57,2026-10-28,213.06,1
2026-09-01T15:27:33,2026-09-01,MTN,EXIT,-1,VWAP Trend,HIGH,4,8.23,136.91,4.83,143.52,5.22,129.76,8.13,2026-09-05,1.98,4.07,62.5,4.81,73.86,15.23,-6.55,4.9,8,2026-05-14 to 2026-08-31 (75 days),-1.0,36.1,0.2994,146.24,135.18,BULLISH,MEDIUM,Price at statistical extreme; Strong trend (ADX=30); Last surprise: -1.7%; Size: Kelly 10.0% / VolTgt 6.3% / Blend 8.1%,6.26,-1.0,1.0,27,2026-09-28,-1.67,0
2026-09-01T15:25:14,2026-09-01,MTB,HOLD,0,ADX Trend Following,HIGH,5,8.16,233.94,2.08,0.0,6.9,0.0,0.0,2026-09-27,2.8,4.7,66.7,30.34,58.45,-0.14,-3.18,26.7,3,2026-05-14 to 2026-08-31 (75 days),-1.0,33.4,0.1695,244.49,218.11,BULLISH,LOW,High volume; Strong trend (ADX=39); Last surprise: +14.2%; Earnings conf adj: +1,10.0,-1.0,1.0,45,2026-10-16,14.16,1
2026-09-01T15:25:00,2026-09-01,KMB,HOLD,0,Composite Multi-Indicator,HIGH,5,8.14,107.95,2.82,0.0,8.46,0.0,0.0,2026-10-09,1.17,1.92,100.0,83.79,30.9,-21.65,-7.16,38.5,2,2026-05-14 to 2026-08-31 (75 days),-1.0,45.6,0.2538,109.53,101.64,BULLISH,MEDIUM,Last surprise: +5.5%; Earnings conf adj: +1,7.39,-1.0,1.0,63,2026-11-03,5.47,1
2026-09-01T15:24:33,2026-09-01,F,HOLD,0,Stochastic Oscillator,LOW,1,8.08,13.94,4.08,0.0,6.12,0.0,0.0,2026-11-10,0.03,0.04,0.0,0.0,-2.14,6.72,-9.75,70.0,1,2026-05-14 to 2026-08-31 (75 days),-1.0,48.1,0.325,13.99,13.2,BULLISH,MEDIUM,Last surprise: +20.0%; Earnings conf adj: +1,5.77,-1.0,1.0,51,2026-10-22,20.0,1
2026-09-01T15:24:34,2026-09-01,EXR,BUY,1,VWAP Trend,HIGH,5,8.06,141.1,1.91,138.4,1.73,143.54,10.0,2026-09-04,1.13,1.55,60.0,1.86,11.83,10.76,-3.29,3.2,10,2026-05-14 to 2026-08-31 (75 days),0.052,32.5,0.1227,146.98,139.28,BULLISH,LOW,Price at statistical extreme; Last surprise: +8.7%; Earnings conf adj: +1; Size: Kelly 10.0% / VolTgt 10.0% / Blend 10.0%,10.0,-1.0,1.0,57,2026-10-28,8.7,1
2026-09-01T15:25:11,2026-09-01,MO,HOLD,-1,52-Week High Momentum,LOW,0,8.05,68.48,3.11,70.61,4.67,65.28,0.0,2026-11-17,-0.84,-1.0,0.0,0.0,-22.67,-9.65,-10.78,77.0,1,2026-05-14 to 2026-08-31 (75 days),-1.0,51.3,0.2842,70.01,64.86,BULLISH,MEDIUM,Last surprise: -1.3%,6.6,-1.0,1.0,58,2026-10-29,-1.33,0
2026-09-01T15:23:53,2026-09-01,AKAM,HOLD,0,Composite Multi-Indicator,HIGH,4,7.82,108.62,8.57,0.0,16.83,0.0,0.0,2026-09-15,2.74,7.6,100.0,116.1,44.82,115.46,-3.43,14.0,1,2026-05-14 to 2026-08-31 (75 days),-1.0,42.5,0.5712,116.96,109.24,BULLISH,HIGH,Strong trend (ADX=35); Last surprise: +0.6%,3.28,-1.0,1.0,65,2026-11-05,0.63,0
2026-09-01T15:26:38,2026-09-01,OC,HOLD,0,Multi-Factor Momentum MR,HIGH,5,7.73,138.15,4.76,0.0,14.28,0.0,0.0,2026-10-11,1.6,3.26,100.0,196.88,87.11,27.4,-13.74,40.5,2,2026-05-14 to 2026-08-31 (75 days),-1.0,36.7,0.3498,144.56,123.12,BULLISH,MEDIUM,Price at statistical extreme; Last surprise: +26.8%; Earnings conf adj: +1,5.36,-1.0,1.0,64,2026-11-04,26.77,1
2026-09-01T15:24:56,2026-09-01,JBL,EXIT,-1,52-Week High Momentum,MEDIUM,2,7.68,305.26,8.44,331.02,17.16,252.88,6.72,2026-09-17,-0.13,-0.22,100.0,34.35,-5.94,33.78,-8.36,16.0,2,2026-05-14 to 2026-08-31 (75 days),-1.0,40.3,0.5447,332.7,290.72,BULLISH,HIGH,Strong trend (ADX=40); Last surprise: +1.3%; Size: Kelly 10.0% / VolTgt 3.4% / Blend 6.7%,3.44,-1.0,1.0,23,2026-09-24,1.28,0
2026-09-01T15:26:21,2026-09-01,BWXT,HOLD,0,Multi-Factor Momentum MR,HIGH,4,7.56,152.29,5.33,0.0,2.47,0.0,0.0,2026-09-02,1.78,48.96,100.0,27.53,9.32,76.02,-0.1,1.0,1,2026-05-14 to 2026-08-31 (75 days),-1.0,35.5,0.3143,174.8,192.66,BEARISH,MEDIUM,Strong trend (ADX=40); Last surprise: +2.9%,5.97,-1.0,1.0,62,2026-11-02,2.88,0
2026-09-01T15:27:29,2026-09-01,OZK,HOLD,0,ADX Trend Following,LOW,1,7.41,49.08,1.96,0.0,3.51,0.0,0.0,2026-09-10,-0.74,-0.88,60.0,0.46,-12.28,-30.95,-9.65,9.0,5,2026-05-14 to 2026-08-31 (75 days),-1.0,36.8,0.1488,50.74,47.57,BULLISH,LOW,Strong trend (ADX=34); Last surprise: +0.7%,7.0,-1.0,1.0,44,2026-10-15,0.68,0
2026-09-01T15:24:13,2026-09-01,CNP,HOLD,0,VWAP Trend,MEDIUM,2,7.37,39.6,2.21,0.0,2.58,0.0,0.0,2026-09-04,0.01,0.01,62.5,1.19,-0.28,18.26,-3.84,3.0,8,2026-05-14 to 2026-08-31 (75 days),-1.0,40.6,0.189,42.0,41.01,BULLISH,LOW,Last surprise: +8.1%; Earnings conf adj: +1,9.92,-1.0,1.0,51,2026-10-22,8.11,1
2026-09-01T15:27:36,2026-09-01,ESAB,HOLD,0,Stochastic Oscillator,MEDIUM,2,7.24,75.38,8.24,0.0,12.36,0.0,0.0,2026-09-18,0.6,0.88,50.0,2.13,14.38,61.82,-9.61,17.5,2,2026-05-14 to 2026-08-31 (75 days),-1.0,35.5,0.4599,87.97,102.62,BEARISH,HIGH,Last surprise: -3.6%,4.08,-1.0,1.0,58,2026-10-29,-3.62,0
2026-09-01T15:27:38,2026-09-01,IBOC,HOLD,0,VWAP Trend,HIGH,4,7.09,70.16,1.73,0.0,1.72,0.0,0.0,2026-09-03,2.02,4.0,70.0,2.69,15.68,19.5,-4.24,2.7,10,2026-05-14 to 2026-08-31 (75 days),-1.0,32.3,0.133,74.16,70.34,BULLISH,LOW,Strong trend (ADX=34),10.0,-1.0,1.0,65,2026-11-05,,0
2026-09-01T15:25:55,2026-09-01,WDC,HOLD,0,PEAD Earnings Drift,HIGH,4,6.87,450.55,12.0,0.0,36.0,0.0,0.0,2026-11-16,0.8,1.21,100.0,105.13,38.2,62.55,-38.08,76.0,1,2026-05-14 to 2026-08-31 (75 days),-1.0,43.8,0.8209,525.26,366.89,BULLISH,HIGH,Last surprise: +7.9%; Earnings conf adj: +1,2.28,-1.0,1.0,65,2026-11-05,7.88,1
2026-09-01T15:27:42,2026-09-01,SMG,HOLD,0,ADX Trend Following,HIGH,4,6.82,59.8,5.05,0.0,9.73,0.0,0.0,2026-09-16,1.44,2.7,75.0,10.05,56.32,43.73,-10.6,15.0,4,2026-05-14 to 2026-08-31 (75 days),-1.0,40.9,0.319,64.79,61.19,BULLISH,MEDIUM,No special conditions,5.88,-1.0,1.0,64,2026-11-04,,0
2026-09-01T15:27:40,2026-09-01,VVV,HOLD,0,MACD Crossover,HIGH,4,6.48,32.06,3.68,0.0,12.88,0.0,0.0,2026-10-12,2.45,4.5,100.0,135.34,52.96,56.29,-5.1,41.0,1,2026-05-14 to 2026-08-31 (75 days),-1.0,29.2,0.32,37.01,34.41,BULLISH,MEDIUM,RSI oversold; Strong trend (ADX=41),5.86,-1.0,1.0,78,2026-11-18,,0
2026-09-01T15:25:29,2026-09-01,RDDT,HOLD,0,Stochastic Oscillator,HIGH,5,5.97,147.81,12.0,0.0,14.47,0.0,0.0,2026-09-07,1.49,3.37,100.0,95.89,33.76,51.1,-5.48,6.0,1,2026-05-14 to 2026-08-31 (75 days),-1.0,41.7,0.7503,170.84,175.34,BEARISH,HIGH,Last surprise: +30.2%; Earnings conf adj: +1,2.5,-1.0,1.0,58,2026-10-29,30.21,1
2026-09-01T15:24:07,2026-09-01,CCI,HOLD,-1,VWAP Trend,LOW,1,5.85,76.14,3.12,78.52,4.68,72.58,0.0,2026-09-09,-0.77,-1.04,45.5,0.68,-24.63,10.1,-18.39,8.1,11,2026-05-14 to 2026-08-31 (75 days),-1.0,50.2,0.264,76.9,83.79,BEARISH,MEDIUM,Last surprise: +35.3%; Earnings conf adj: +1,7.0,-1.0,1.0,50,2026-10-21,35.29,1
2026-09-01T15:27:39,2026-09-01,TCBI,HOLD,0,VWAP Trend,LOW,1,5.76,97.18,1.88,0.0,1.51,0.0,0.0,2026-09-03,-0.94,-1.27,60.0,0.88,-5.44,-6.37,-4.45,2.6,10,2026-05-14 to 2026-08-31 (75 days),-1.0,37.5,0.1192,101.03,97.89,BULLISH,LOW,Strong trend (ADX=32),7.0,-1.0,1.0,50,2026-10-21,,0
2026-09-01T15:26:55,2026-09-01,PRI,HOLD,0,Composite Multi-Indicator,HIGH,5,5.61,287.65,3.19,0.0,9.67,0.0,0.0,2026-10-06,3.35,8.06,100.0,122.68,47.74,19.25,-1.6,35.0,1,2026-05-14 to 2026-08-31 (75 days),-1.0,33.0,0.2077,303.62,271.28,BULLISH,MEDIUM,Strong trend (ADX=45); Last surprise: +6.7%; Earnings conf adj: +1,9.03,-1.0,1.0,64,2026-11-04,6.66,1
2026-09-01T15:25:01,2026-09-01,L,HOLD,0,ADX Trend Following,HIGH,4,5.54,108.29,1.87,0.0,3.64,0.0,0.0,2026-09-20,1.77,2.87,66.7,5.44,23.59,12.8,-4.75,19.7,3,2026-05-14 to 2026-08-31 (75 days),-1.0,29.9,0.1043,113.79,108.6,BULLISH,LOW,RSI oversold; High volume; Strong trend (ADX=40); Last surprise: +52.1%,10.0,-1.0,1.0,62,2026-11-02,52.05,0
2026-09-01T15:24:19,2026-09-01,DAL,HOLD,0,PEAD Earnings Drift,HIGH,4,5.37,78.0,4.49,0.0,14.68,0.0,0.0,2026-10-25,2.45,4.91,100.0,241.92,106.86,71.56,-7.3,54.0,1,2026-05-14 to 2026-08-31 (75 days),-1.0,32.0,0.2537,87.36,73.48,BULLISH,MEDIUM,Strong trend (ADX=37); Last surprise: +4.7%,7.39,-1.0,1.0,37,2026-10-08,4.7,0
2026-09-01T15:25:32,2026-09-01,ROL,HOLD,0,MACD Crossover,LOW,0,5.37,36.07,3.36,0.0,4.99,0.0,0.0,2026-09-10,-2.67,-2.96,25.0,0.0,-47.5,25.81,-17.45,9.8,4,2026-05-14 to 2026-08-31 (75 days),-1.0,36.2,0.2026,40.03,52.29,BEARISH,MEDIUM,Last surprise: -5.9%; Earnings conf adj: -1,7.0,-1.0,1.0,57,2026-10-28,-5.88,-1
2026-09-01T15:24:48,2026-09-01,HPE,HOLD,-1,PEAD Earnings Drift,LOW,0,5.33,52.24,10.12,57.53,15.18,44.31,0.0,2026-11-25,0.08,0.12,0.0,0.0,-8.52,-338.92,-23.06,85.0,1,2026-05-14 to 2026-08-31 (75 days),-1.0,49.2,0.4846,49.68,32.53,BULLISH,HIGH,High volume; Earnings in 1d (2026-09-02); Last surprise: +49.1%; Earnings conf adj: -2,3.87,-1.0,1.0,1,2026-09-02,49.06,-2
2026-09-01T15:27:44,2026-09-01,YETI,HOLD,0,Multi-Factor Momentum MR,HIGH,4,5.32,41.05,8.85,0.0,30.97,0.0,0.0,2026-11-24,2.27,4.17,100.0,222.34,97.33,94.28,-7.56,84.0,1,2026-05-14 to 2026-08-31 (75 days),-1.0,27.1,0.4343,48.29,44.34,BULLISH,HIGH,RSI oversold; Strong trend (ADX=54),4.32,-1.0,1.0,65,2026-11-05,,0
2026-09-01T15:26:23,2026-09-01,DTM,HOLD,0,Multi-Factor Momentum MR,MEDIUM,3,5.05,131.02,4.47,0.0,8.94,0.0,0.0,2026-10-06,1.65,2.79,100.0,48.06,16.92,49.6,-4.62,35.0,1,2026-05-14 to 2026-08-31 (75 days),-1.0,44.1,0.2719,139.49,132.49,BULLISH,MEDIUM,Last surprise: -5.2%; Earnings conf adj: -1,6.9,-1.0,1.0,58,2026-10-29,-5.22,-1
2026-09-01T15:24:16,2026-09-01,CPT,HOLD,0,Composite Multi-Indicator,MEDIUM,3,4.92,105.8,1.92,0.0,4.8,0.0,0.0,2026-09-29,2.7,5.45,100.0,99.49,37.61,28.21,-5.56,28.0,1,2026-05-14 to 2026-08-31 (75 days),-1.0,37.8,0.1824,111.54,105.85,BULLISH,LOW,High volume; Strong trend (ADX=31); Last surprise: -33.3%; Earnings conf adj: -1,10.0,-1.0,1.0,65,2026-11-05,-33.33,-1
2026-09-01T15:25:26,2026-09-01,PNC,HOLD,0,MACD Crossover,HIGH,5,4.91,239.63,2.16,0.0,6.48,0.0,0.0,2026-10-20,2.96,5.12,100.0,150.04,60.36,8.01,-2.99,49.0,1,2026-05-14 to 2026-08-31 (75 days),-1.0,34.4,0.1597,248.47,220.88,BULLISH,LOW,Last surprise: +8.1%; Earnings conf adj: +1,10.0,-1.0,1.0,44,2026-10-15,8.09,1
2026-09-01T15:27:09,2026-09-01,VNO,HOLD,0,Momentum (Rate of Change),HIGH,4,4.33,37.38,4.4,0.0,13.2,0.0,0.0,2026-12-02,2.9,4.8,100.0,264.83,121.66,33.97,-7.72,92.0,1,2026-05-14 to 2026-08-31 (75 days),-1.0,41.7,0.3017,39.14,33.27,BULLISH,MEDIUM,Last surprise: +27.3%,6.22,-1.0,1.0,62,2026-11-02,27.27,0
2026-09-01T15:25:56,2026-09-01,WM,HOLD,0,Multi-Factor Momentum MR,HIGH,4,4.23,218.92,1.91,0.0,1.1,0.0,0.0,2026-09-02,1.76,40.36,100.0,22.87,7.64,6.0,-0.1,1.0,1,2026-05-14 to 2026-08-31 (75 days),-1.0,37.4,0.1402,228.31,223.84,BULLISH,LOW,Last surprise: +2.0%,10.0,-1.0,1.0,55,2026-10-26,2.02,0
2026-09-01T15:27:32,2026-09-01,MIDD,HOLD,0,PEAD Earnings Drift,HIGH,5,4.21,110.84,4.32,0.0,15.12,0.0,0.0,2026-11-23,1.82,2.62,100.0,152.83,60.03,79.91,-10.13,83.0,1,2026-05-14 to 2026-08-31 (75 days),-1.0,29.9,0.3565,129.13,120.35,BULLISH,MEDIUM,RSI oversold; Strong trend (ADX=45); Last surprise: +12.4%; Earnings conf adj: +1,5.26,-1.0,1.0,65,2026-11-05,12.44,1
2026-09-01T15:27:27,2026-09-01,SON,HOLD,0,Stochastic Oscillator,HIGH,4,4.18,55.15,3.88,0.0,5.82,0.0,0.0,2026-10-13,2.93,7.51,100.0,168.79,67.13,17.14,-4.64,42.0,1,2026-05-14 to 2026-08-31 (75 days),-1.0,41.8,0.2765,56.1,50.09,BULLISH,MEDIUM,High volume; Price at statistical extreme; Last surprise: +2.0%,6.78,-1.0,1.0,58,2026-10-29,2.03,0
2026-09-01T15:24:56,2026-09-01,JBHT,HOLD,1,VWAP Trend,LOW,1,4.15,265.47,4.91,252.44,4.2,276.62,0.0,2026-09-03,-2.35,-2.59,50.0,0.3,-19.65,-35.52,-7.99,2.5,8,2026-05-14 to 2026-08-31 (75 days),-1.0,44.5,0.3374,276.61,234.71,BULLISH,MEDIUM,Strong trend (ADX=36); Last surprise: +9.8%; Earnings conf adj: +1,5.56,-1.0,1.0,43,2026-10-14,9.77,1
2026-09-01T15:27:08,2026-09-01,VLY,HOLD,0,Composite Multi-Indicator,HIGH,4,4.1,13.64,3.05,0.0,10.67,0.0,0.0,2026-10-21,2.04,3.22,100.0,96.9,36.51,17.23,-4.2,50.0,1,2026-05-14 to 2026-08-31 (75 days),-1.0,29.4,0.2044,14.54,12.96,BULLISH,MEDIUM,RSI oversold; Strong trend (ADX=49); Last surprise: -3.2%,9.17,-1.0,1.0,58,2026-10-29,-3.23,0
2026-09-01T15:27:28,2026-09-01,NJR,HOLD,0,MACD Crossover,HIGH,5,4.07,53.34,2.5,0.0,8.75,0.0,0.0,2026-10-15,1.19,1.98,100.0,46.21,15.82,37.46,-3.69,44.0,1,2026-05-14 to 2026-08-31 (75 days),-1.0,36.6,0.2238,56.65,52.67,BULLISH,MEDIUM,Strong trend (ADX=34); Last surprise: +83.3%; Earnings conf adj: +1,8.38,-1.0,1.0,76,2026-11-16,83.33,1
2026-09-01T15:27:45,2026-09-01,BHF,HOLD,0,EMA Crossover (9/21),LOW,1,3.98,53.02,4.93,0.0,7.39,0.0,0.0,2026-11-07,0.3,0.4,100.0,7.29,2.16,41.56,-5.84,67.0,1,2026-05-14 to 2026-08-31 (75 days),-1.0,30.0,0.3005,61.0,62.46,BEARISH,MEDIUM,Strong trend (ADX=63); Last surprise: -6.7%; Earnings conf adj: -1,6.24,-1.0,1.0,65,2026-11-05,-6.71,-1
2026-09-01T15:27:45,2026-09-01,CXT,HOLD,0,ADX Trend Following,HIGH,4,3.78,48.9,4.89,0.0,14.67,0.0,0.0,2026-10-14,3.0,5.1,100.0,197.6,83.44,-21.47,-6.3,43.0,1,2026-05-14 to 2026-08-31 (75 days),-1.0,43.4,0.3665,50.82,47.92,BULLISH,MEDIUM,No special conditions,5.12,-1.0,1.0,64,2026-11-04,,0
2026-09-01T15:25:48,2026-09-01,TXT,HOLD,1,VWAP Trend,LOW,0,3.57,80.56,3.49,77.75,3.08,83.04,0.0,2026-09-03,0.07,0.09,50.0,1.26,0.0,35.23,-5.82,2.7,6,2026-05-14 to 2026-08-31 (75 days),-1.0,33.2,0.2377,88.5,90.06,BEARISH,MEDIUM,Strong trend (ADX=53); Last surprise: +4.5%,7.0,-1.0,1.0,51,2026-10-22,4.52,0
2026-09-01T15:26:13,2026-09-01,TRU,BUY,1,Momentum (Rate of Change),MEDIUM,3,3.51,84.91,4.04,81.48,10.1,93.49,8.36,2026-10-09,0.98,1.59,50.0,2.39,31.95,-104.32,-10.96,38.5,2,2026-05-14 to 2026-08-31 (75 days),0.317,61.0,0.2789,78.21,76.3,BULLISH,MEDIUM,Strong trend (ADX=40); Last surprise: +7.0%; Earnings conf adj: +1; Size: Kelly 10.0% / VolTgt 6.7% / Blend 8.4%,6.72,-1.0,1.0,51,2026-10-22,6.96,1
2026-09-01T15:24:06,2026-09-01,CARR,HOLD,0,MACD Crossover,MEDIUM,2,3.39,58.22,3.59,0.0,8.92,0.0,0.0,2026-09-29,0.4,0.65,100.0,21.32,6.7,43.09,-7.9,28.0,1,2026-05-14 to 2026-08-31 (75 days),-1.0,29.7,0.2142,65.81,60.95,BULLISH,MEDIUM,RSI oversold; Strong trend (ADX=49); Last surprise: +4.9%,8.75,-1.0,1.0,56,2026-10-27,4.88,0
2026-09-01T15:25:20,2026-09-01,ON,EXIT,-1,Momentum (Rate of Change),MEDIUM,3,3.35,74.09,7.83,79.89,18.86,60.12,7.28,2026-10-05,0.63,0.98,100.0,74.24,20.44,100.16,-17.74,34.0,1,2026-05-14 to 2026-08-31 (75 days),-1.0,39.5,0.4108,87.33,77.84,BULLISH,HIGH,Strong trend (ADX=40); Last surprise: +2.8%; Size: Kelly 10.0% / VolTgt 4.6% / Blend 7.3%,4.56,-1.0,1.0,62,2026-11-02,2.78,0
2026-09-01T15:25:58,2026-09-01,XYL,HOLD,0,ADX Trend Following,HIGH,5,3.3,110.11,3.66,0.0,5.49,0.0,0.0,2026-11-04,1.42,2.17,100.0,91.03,33.59,28.77,-7.31,64.0,1,2026-05-14 to 2026-08-31 (75 days),-1.0,35.2,0.2273,117.58,124.03,BEARISH,MEDIUM,Strong trend (ADX=40); Last surprise: +9.0%; Earnings conf adj: +1,8.25,-1.0,1.0,63,2026-11-03,8.96,1
2026-09-01T15:25:08,2026-09-01,MCHP,EXIT,-1,52-Week High Momentum,MEDIUM,3,3.18,73.45,6.84,78.47,7.47,67.96,6.4,2026-09-03,-0.56,-1.95,100.0,42.29,-6.77,53.02,-4.69,2.0,1,2026-05-14 to 2026-08-31 (75 days),-1.0,41.9,0.671,81.25,76.16,BULLISH,HIGH,Last surprise: +8.6%; Earnings conf adj: +1; Size: Kelly 10.0% / VolTgt 2.8% / Blend 6.4%,2.79,-1.0,1.0,65,2026-11-05,8.57,1
2026-09-01T15:26:36,2026-09-01,BJ,BUY,1,Stochastic Oscillator,HIGH,5,3.16,90.65,4.56,86.52,6.84,96.85,7.94,2026-09-18,1.44,2.92,100.0,56.81,17.43,35.05,-3.05,17.0,1,2026-05-14 to 2026-08-31 (75 days),0.222,42.7,0.3192,92.12,93.41,BEARISH,MEDIUM,Last surprise: +16.2%; Earnings conf adj: +1; Size: Kelly 10.0% / VolTgt 5.9% / Blend 7.9%,5.87,-1.0,1.0,80,2026-11-20,16.24,1
2026-09-01T15:26:53,2026-09-01,ADC,HOLD,0,MACD Crossover,MEDIUM,3,3.1,72.25,1.5,0.0,3.75,0.0,0.0,2026-10-22,0.95,1.62,100.0,36.17,12.46,22.36,-3.86,51.0,1,2026-05-14 to 2026-08-31 (75 days),-1.0,30.7,0.1288,76.49,74.47,BULLISH,LOW,Price at statistical extreme; Strong trend (ADX=38); Last surprise: +0.0%,10.0,-1.0,1.0,49,2026-10-20,0.0,0
2026-09-01T15:25:40,2026-09-01,SYK,HOLD,0,VWAP Trend,HIGH,4,2.98,323.8,4.13,0.0,6.2,0.0,0.0,2026-09-10,0.81,1.19,60.0,1.9,23.68,0.67,-11.04,9.3,10,2026-05-14 to 2026-08-31 (75 days),-1.0,44.9,0.263,328.88,338.25,BEARISH,MEDIUM,Last surprise: +5.7%; Earnings conf adj: +1,7.13,-1.0,1.0,58,2026-10-29,5.73,1
2026-09-01T15:24:35,2026-09-01,FE,EXIT,-1,ADX Trend Following,MEDIUM,3,2.89,45.86,2.01,46.78,3.89,44.08,10.0,2026-09-12,0.66,0.97,75.0,2.42,6.11,-8.47,-5.23,11.0,4,2026-05-14 to 2026-08-31 (75 days),-1.0,37.2,0.1491,47.51,46.68,BULLISH,LOW,Last surprise: +0.0%; Size: Kelly 10.0% / VolTgt 10.0% / Blend 10.0%,10.0,-1.0,1.0,50,2026-10-21,0.0,0
2026-09-01T15:26:33,2026-09-01,AFG,HOLD,0,VWAP Trend,HIGH,5,2.89,142.55,2.5,0.0,2.85,0.0,0.0,2026-09-04,1.15,2.41,80.0,3.69,6.45,-24.21,-1.71,3.2,5,2026-05-14 to 2026-08-31 (75 days),-1.0,47.3,0.202,142.08,132.92,BULLISH,MEDIUM,Last surprise: +19.0%; Earnings conf adj: +1,9.28,-1.0,1.0,63,2026-11-03,18.99,1
2026-09-01T15:25:00,2026-09-01,KR,HOLD,0,MACD Crossover,LOW,0,2.82,57.54,3.23,0.0,4.84,0.0,0.0,2026-09-19,-2.19,-2.59,25.0,0.12,-49.08,-11.8,-25.61,18.2,4,2026-05-14 to 2026-08-31 (75 days),-1.0,50.5,0.2167,57.32,63.47,BEARISH,MEDIUM,Last surprise: -0.6%,7.0,-1.0,1.0,10,2026-09-11,-0.63,0
2026-09-01T15:24:26,2026-09-01,DVA,HOLD,0,MACD Crossover,MEDIUM,3,2.74,176.01,4.99,0.0,12.48,0.0,0.0,2026-09-18,2.66,4.68,50.0,6.97,36.76,63.15,-2.68,17.0,2,2026-05-14 to 2026-08-31 (75 days),-1.0,31.8,0.653,210.8,162.9,BULLISH,HIGH,Strong trend (ADX=40); Last surprise: +3.6%,2.87,-1.0,1.0,57,2026-10-28,3.61,0
2026-09-01T15:26:29,2026-09-01,TTMI,HOLD,0,VWAP Trend,LOW,1,2.73,118.92,12.0,0.0,11.51,0.0,0.0,2026-09-04,0.3,0.51,33.3,1.25,4.79,76.26,-10.1,3.3,6,2026-05-14 to 2026-08-31 (75 days),-1.0,43.8,0.8047,141.79,119.12,BULLISH,HIGH,Last surprise: +10.0%; Earnings conf adj: +1,2.33,-1.0,1.0,64,2026-11-04,10.0,1
2026-09-01T15:23:50,2026-09-01,ADI,HOLD,0,PEAD Earnings Drift,MEDIUM,2,2.66,362.14,4.52,0.0,4.24,0.0,0.0,2026-09-04,-1.72,-2.2,100.0,1.61,-0.81,41.5,-0.3,3.0,1,2026-05-14 to 2026-08-31 (75 days),-1.0,39.7,0.3109,382.46,344.85,BULLISH,MEDIUM,Last surprise: +3.3%,6.03,-1.0,1.0,84,2026-11-24,3.29,0
2026-09-01T15:24:24,2026-09-01,DOV,HOLD,0,VWAP Trend,MEDIUM,3,2.65,194.23,2.39,0.0,2.16,0.0,0.0,2026-09-03,0.62,0.96,70.0,1.92,6.02,33.95,-5.11,2.6,10,2026-05-14 to 2026-08-31 (75 days),-1.0,33.1,0.1705,210.22,209.29,BULLISH,LOW,High volume; Price at statistical extreme; Last surprise: +0.7%,10.0,-1.0,1.0,51,2026-10-22,0.74,0
2026-09-01T15:25:24,2026-09-01,PG,HOLD,0,Stochastic Oscillator,HIGH,4,2.57,145.12,1.72,0.0,2.58,0.0,0.0,2026-09-25,1.49,3.03,100.0,57.81,19.84,11.26,-4.95,24.0,1,2026-05-14 to 2026-08-31 (75 days),-1.0,49.8,0.1472,146.45,145.78,BULLISH,LOW,Last surprise: +1.4%,10.0,-1.0,1.0,51,2026-10-22,1.42,0
2026-09-01T15:27:23,2026-09-01,ASB,HOLD,0,Composite Multi-Indicator,MEDIUM,3,2.54,30.61,1.86,0.0,3.72,0.0,0.0,2026-09-30,2.04,3.31,100.0,72.29,26.36,-16.43,-4.85,29.0,1,2026-05-14 to 2026-08-31 (75 days),-1.0,42.8,0.1532,30.98,27.68,BULLISH,LOW,Last surprise: -12.5%; Earnings conf adj: -1,10.0,-1.0,1.0,51,2026-10-22,-12.5,-1
2026-09-01T15:25:45,2026-09-01,TPR,BUY,1,Stochastic Oscillator,MEDIUM,2,2.49,123.39,8.94,112.36,13.41,139.94,6.41,2026-10-13,0.96,1.4,50.0,2.37,28.28,44.27,-10.35,42.5,2,2026-05-14 to 2026-08-31 (75 days),0.702,32.2,0.6638,142.88,137.51,BULLISH,HIGH,Strong trend (ADX=46); Last surprise: +3.1%; Size: Kelly 10.0% / VolTgt 2.8% / Blend 6.4%,2.82,-1.0,1.0,65,2026-11-05,3.13,0
2026-09-01T15:23:52,2026-09-01,AFL,HOLD,0,EMA Crossover (9/21),HIGH,4,2.45,115.85,2.36,0.0,8.26,0.0,0.0,2026-11-06,1.24,1.93,100.0,49.85,17.2,15.3,-6.81,66.0,1,2026-05-14 to 2026-08-31 (75 days),-1.0,37.0,0.2008,121.05,113.39,BULLISH,MEDIUM,High volume; Strong trend (ADX=42); Last surprise: -0.6%,9.34,-1.0,1.0,64,2026-11-04,-0.57,0
2026-09-01T15:27:27,2026-09-01,SIGI,HOLD,0,MACD Crossover,HIGH,5,2.45,91.29,2.6,0.0,6.43,0.0,0.0,2026-09-30,1.48,2.6,100.0,42.74,14.52,-12.34,-4.61,29.0,1,2026-05-14 to 2026-08-31 (75 days),-1.0,42.3,0.1517,94.67,85.11,BULLISH,LOW,Last surprise: +16.8%; Earnings conf adj: +1,10.0,-1.0,1.0,50,2026-10-21,16.77,1
2026-09-01T15:24:22,2026-09-01,DHI,HOLD,0,EMA Crossover (9/21),MEDIUM,2,2.36,144.56,4.09,0.0,8.18,0.0,0.0,2026-09-15,0.16,0.26,66.7,1.26,0.88,-13.56,-12.29,14.0,3,2026-05-14 to 2026-08-31 (75 days),-1.0,45.0,0.3853,150.52,149.03,BULLISH,MEDIUM,Last surprise: +7.0%; Earnings conf adj: +1,4.87,-1.0,1.0,58,2026-10-29,7.02,1
2026-09-01T15:27:46,2026-09-01,VC,BUY,1,Stochastic Oscillator,MEDIUM,2,2.3,101.82,3.83,97.92,5.75,107.67,9.24,2026-11-01,0.46,0.69,100.0,27.28,8.1,42.53,-7.18,61.0,1,2026-05-14 to 2026-08-31 (75 days),0.433,42.0,0.2212,105.22,101.98,BULLISH,MEDIUM,Size: Kelly 10.0% / VolTgt 8.5% / Blend 9.2%,8.48,-1.0,1.0,51,2026-10-22,,0
2026-09-01T15:26:15,2026-09-01,H,EXIT,-1,52-Week High Momentum,HIGH,5,2.28,166.97,4.01,173.67,12.03,146.88,7.98,2026-10-25,1.06,1.62,100.0,80.66,19.58,24.95,-8.6,54.0,1,2026-05-14 to 2026-08-31 (75 days),-1.0,33.7,0.3145,184.38,168.79,BULLISH,MEDIUM,Price at statistical extreme; Last surprise: +20.4%; Earnings conf adj: +1; Size: Kelly 10.0% / VolTgt 6.0% / Blend 8.0%,5.96,-1.0,1.0,65,2026-11-05,20.43,1
2026-09-01T15:26:57,2026-09-01,NNN,HOLD,0,ADX Trend Following,MEDIUM,3,2.28,45.2,1.67,0.0,3.34,0.0,0.0,2026-09-22,0.97,1.69,66.7,16.3,13.91,-2.97,-5.0,21.0,3,2026-05-14 to 2026-08-31 (75 days),-1.0,39.0,0.1372,46.71,43.0,BULLISH,LOW,Last surprise: +0.0%,10.0,-1.0,1.0,63,2026-11-03,0.0,0
2026-09-01T15:27:47,2026-09-01,CPRI,EXIT,-1,Momentum (Rate of Change),MEDIUM,2,2.26,13.25,6.09,14.06,9.13,12.04,7.44,2026-10-03,-0.23,-0.36,100.0,2.24,-7.79,53.51,-15.01,32.0,1,2026-05-14 to 2026-08-31 (75 days),-1.0,30.5,0.3851,16.29,20.02,BEARISH,MEDIUM,Strong trend (ADX=65); Size: Kelly 10.0% / VolTgt 4.9% / Blend 7.4%,4.87,-1.0,1.0,63,2026-11-03,,0
2026-09-01T15:24:30,2026-09-01,ES,HOLD,0,EMA Crossover (9/21),MEDIUM,3,2.16,70.14,2.0,0.0,4.0,0.0,0.0,2026-11-15,0.85,1.24,100.0,43.09,15.04,3.93,-5.04,75.0,1,2026-05-14 to 2026-08-31 (75 days),-1.0,39.3,0.1559,72.8,69.35,BULLISH,LOW,Last surprise: +0.0%,10.0,-1.0,1.0,64,2026-11-04,0.0,0
2026-09-01T15:27:25,2026-09-01,BYD,HOLD,0,EMA Crossover (9/21),MEDIUM,2,1.88,77.59,2.18,0.0,5.45,0.0,0.0,2026-11-03,0.39,0.54,100.0,17.34,5.67,12.46,-7.05,63.0,1,2026-05-14 to 2026-08-31 (75 days),-1.0,27.6,0.1953,85.44,84.09,BULLISH,LOW,RSI oversold; High volume; Price at statistical extreme; Strong trend (ADX=43); Last surprise: +2.1%,9.6,-1.0,1.0,51,2026-10-22,2.12,0
2026-09-01T15:24:16,2026-09-01,CRH,HOLD,0,Momentum (Rate of Change),MEDIUM,2,1.84,94.29,3.81,0.0,5.71,0.0,0.0,2026-09-29,-0.11,-0.17,100.0,8.01,-4.01,30.59,-6.95,28.0,1,2026-05-14 to 2026-08-31 (75 days),-1.0,41.2,0.2632,100.97,110.99,BEARISH,MEDIUM,Last surprise: -4.5%,7.12,-1.0,1.0,58,2026-10-29,-4.46,0
2026-09-01T15:24:52,2026-09-01,INCY,HOLD,0,Composite Multi-Indicator,HIGH,5,1.84,123.22,3.87,0.0,11.61,0.0,0.0,2026-11-16,2.5,5.69,100.0,234.29,103.96,-16.98,-8.89,76.0,1,2026-05-14 to 2026-08-31 (75 days),-1.0,50.8,0.2452,119.12,104.29,BULLISH,MEDIUM,Last surprise: +43.7%; Earnings conf adj: +1,7.65,-1.0,1.0,56,2026-10-27,43.72,1
2026-09-01T15:24:13,2026-09-01,CMS,HOLD,0,EMA Crossover (9/21),MEDIUM,2,1.81,68.06,1.76,0.0,2.64,0.0,0.0,2026-10-01,0.13,0.2,100.0,3.64,0.89,20.91,-6.64,30.0,1,2026-05-14 to 2026-08-31 (75 days),-1.0,34.0,0.1591,72.56,72.6,BEARISH,LOW,Last surprise: +2.8%,10.0,-1.0,1.0,58,2026-10-29,2.78,0
2026-09-01T15:24:25,2026-09-01,DTE,EXIT,-1,Momentum (Rate of Change),MEDIUM,3,1.81,135.63,1.74,137.99,3.48,130.91,10.0,2026-10-21,0.24,0.36,100.0,23.2,2.37,18.19,-6.07,50.0,1,2026-05-14 to 2026-08-31 (75 days),-1.0,35.8,0.1512,144.61,140.13,BULLISH,LOW,Last surprise: +15.8%; Earnings conf adj: +1; Size: Kelly 10.0% / VolTgt 10.0% / Blend 10.0%,10.0,-1.0,1.0,58,2026-10-29,15.79,1
2026-09-01T15:27:37,2026-09-01,EPR,HOLD,0,EMA Crossover (9/21),HIGH,4,1.81,58.71,2.11,0.0,6.33,0.0,0.0,2026-11-11,1.12,1.77,100.0,57.02,19.94,9.35,-6.61,71.0,1,2026-05-14 to 2026-08-31 (75 days),-1.0,36.7,0.1879,60.47,54.95,BULLISH,LOW,Price at statistical extreme,9.98,-1.0,1.0,57,2026-10-28,,0
2026-09-01T15:26:54,2026-09-01,BRX,HOLD,0,EMA Crossover (9/21),LOW,1,1.64,28.89,1.52,0.0,3.04,0.0,0.0,2026-11-16,0.29,0.44,100.0,10.92,3.41,6.97,-5.51,76.0,1,2026-05-14 to 2026-08-31 (75 days),-1.0,30.2,0.1402,30.91,28.68,BULLISH,LOW,Strong trend (ADX=48); Last surprise: -12.5%; Earnings conf adj: -1,7.0,-1.0,1.0,55,2026-10-26,-12.5,-1
2026-09-01T15:25:26,2026-09-01,PNW,HOLD,0,Momentum (Rate of Change),MEDIUM,2,1.58,97.64,1.84,0.0,3.68,0.0,0.0,2026-10-28,0.43,0.66,100.0,32.75,5.67,9.85,-5.49,57.0,1,2026-05-14 to 2026-08-31 (75 days),-1.0,36.1,0.1304,102.93,96.83,BULLISH,LOW,Last surprise: -2.7%,10.0,-1.0,1.0,63,2026-11-03,-2.72,0
2026-09-01T15:23:51,2026-09-01,AEE,EXIT,-1,Momentum (Rate of Change),MEDIUM,2,1.52,106.01,1.75,107.87,3.5,102.3,10.0,2026-09-29,0.3,0.47,100.0,21.36,3.15,11.71,-5.54,28.0,1,2026-05-14 to 2026-08-31 (75 days),-1.0,38.4,0.1385,110.68,106.93,BULLISH,LOW,Last surprise: +4.6%; Size: Kelly 10.0% / VolTgt 10.0% / Blend 10.0%,10.0,-1.0,1.0,64,2026-11-04,4.63,0
2026-09-01T15:25:23,2026-09-01,PFG,HOLD,0,52-Week High Momentum,HIGH,5,1.52,110.16,2.03,0.0,6.09,0.0,0.0,2026-12-18,1.72,2.47,100.0,103.53,39.34,0.18,-6.16,108.0,1,2026-05-14 to 2026-08-31 (75 days),-1.0,41.7,0.1258,111.82,97.4,BULLISH,LOW,High volume; Last surprise: +7.3%; Earnings conf adj: +1,10.0,-1.0,1.0,55,2026-10-26,7.3,1
2026-09-01T15:25:58,2026-09-01,XEL,EXIT,-1,Momentum (Rate of Change),MEDIUM,3,1.5,75.69,2.0,77.2,4.0,72.66,10.0,2026-09-25,-0.02,-0.03,100.0,12.67,-0.82,14.33,-3.9,24.0,1,2026-05-14 to 2026-08-31 (75 days),-1.0,36.6,0.1719,79.13,77.97,BULLISH,LOW,Last surprise: +17.7%; Earnings conf adj: +1; Size: Kelly 10.0% / VolTgt 10.0% / Blend 10.0%,10.0,-1.0,1.0,58,2026-10-29,17.72,1
2026-09-01T15:25:44,2026-09-01,TMUS,HOLD,0,Stochastic Oscillator,HIGH,4,1.36,180.44,3.24,0.0,4.86,0.0,0.0,2026-10-08,0.89,1.29,100.0,50.5,17.05,27.03,-11.3,37.0,1,2026-05-14 to 2026-08-31 (75 days),-1.0,50.8,0.2562,180.18,192.96,BEARISH,MEDIUM,Last surprise: +15.0%; Earnings conf adj: +1,7.32,-1.0,1.0,51,2026-10-22,15.0,1
2026-09-01T15:25:43,2026-09-01,TFC,HOLD,0,EMA Crossover (9/21),HIGH,4,1.35,49.58,2.08,0.0,6.24,0.0,0.0,2026-11-17,0.87,1.12,100.0,49.86,17.6,-5.3,-6.76,77.0,1,2026-05-14 to 2026-08-31 (75 days),-1.0,38.7,0.1728,51.05,48.63,BULLISH,LOW,Last surprise: +13.9%; Earnings conf adj: +1,10.0,-1.0,1.0,45,2026-10-16,13.89,1
2026-09-01T15:24:28,2026-09-01,EIX,EXIT,-1,52-Week High Momentum,MEDIUM,3,1.29,53.98,12.0,60.46,30.0,37.79,6.04,2026-10-27,0.16,0.2,100.0,19.73,1.19,59.72,-12.42,56.0,1,2026-05-14 to 2026-08-31 (75 days),-1.0,22.2,0.8956,73.72,67.37,BULLISH,HIGH,RSI oversold; High volume; Price at statistical extreme; Strong trend (ADX=33); Last surprise: +27.3%; Earnings conf adj: +1; Size: Kelly 10.0% / VolTgt 2.1% / Blend 6.0%,2.09,-1.0,1.0,56,2026-10-27,27.27,1
2026-09-01T15:26:17,2026-09-01,LAMR,HOLD,0,Momentum (Rate of Change),HIGH,4,1.16,149.01,2.79,0.0,8.37,0.0,0.0,2026-11-28,1.21,1.55,100.0,66.95,21.31,13.82,-7.14,88.0,1,2026-05-14 to 2026-08-31 (75 days),-1.0,36.1,0.2024,156.61,138.61,BULLISH,MEDIUM,Last surprise: -1.3%,9.27,-1.0,1.0,65,2026-11-05,-1.27,0
2026-09-01T15:27:18,2026-09-01,RYN,HOLD,0,ADX Trend Following,MEDIUM,2,1.13,20.5,3.33,0.0,7.16,0.0,0.0,2026-09-15,0.26,0.47,100.0,9.29,2.5,-6.72,-4.27,14.0,1,2026-05-14 to 2026-08-31 (75 days),-1.0,39.0,0.2429,21.45,21.19,BULLISH,MEDIUM,High volume; Strong trend (ADX=32); Last surprise: +0.0%,7.72,-1.0,1.0,64,2026-11-04,0.0,0
2026-09-01T15:27:24,2026-09-01,POR,EXIT,-1,Momentum (Rate of Change),MEDIUM,2,1.11,48.86,2.15,49.91,4.3,46.76,9.97,2026-11-01,0.19,0.28,100.0,19.27,1.74,-6.56,-4.79,61.0,1,2026-05-14 to 2026-08-31 (75 days),-1.0,39.6,0.1886,50.93,49.92,BULLISH,LOW,Last surprise: -4.5%; Size: Kelly 10.0% / VolTgt 9.9% / Blend 10.0%,9.94,-1.0,1.0,59,2026-10-30,-4.48,0
2026-09-01T15:24:58,2026-09-01,KIM,HOLD,0,EMA Crossover (9/21),HIGH,4,1.04,23.71,1.5,0.0,5.25,0.0,0.0,2026-11-17,0.53,0.85,100.0,25.92,8.35,-3.73,-7.49,77.0,1,2026-05-14 to 2026-08-31 (75 days),-1.0,32.6,0.1202,25.01,22.69,BULLISH,LOW,High volume; Strong trend (ADX=33); Last surprise: +10.0%; Earnings conf adj: +1,10.0,-1.0,1.0,58,2026-10-29,10.0,1
2026-09-01T15:25:20,2026-09-01,ODFL,HOLD,0,PEAD Earnings Drift,HIGH,5,1.04,199.96,4.07,0.0,14.25,0.0,0.0,2026-11-15,1.24,1.88,100.0,97.23,36.65,34.23,-13.36,75.0,1,2026-05-14 to 2026-08-31 (75 days),-1.0,36.8,0.2704,217.22,195.24,BULLISH,MEDIUM,Strong trend (ADX=41); Last surprise: +9.8%; Earnings conf adj: +1,6.93,-1.0,1.0,57,2026-10-28,9.8,1
2026-09-01T15:24:06,2026-09-01,C,HOLD,0,PEAD Earnings Drift,HIGH,5,0.95,131.62,2.76,0.0,8.28,0.0,0.0,2026-10-31,1.27,1.93,100.0,78.81,28.98,7.09,-8.61,60.0,1,2026-05-14 to 2026-08-31 (75 days),-1.0,44.0,0.2342,135.61,121.46,BULLISH,MEDIUM,Last surprise: +15.9%; Earnings conf adj: +1,8.01,-1.0,1.0,42,2026-10-13,15.87,1
2026-09-01T15:27:19,2026-09-01,GBCI,HOLD,0,SMA Crossover (10/50),MEDIUM,2,0.95,46.31,2.22,0.0,5.55,0.0,0.0,2026-10-22,0.38,0.54,100.0,17.86,5.49,4.44,-11.03,51.0,1,2026-05-14 to 2026-08-31 (75 days),-1.0,33.0,0.1838,49.98,47.06,BULLISH,LOW,Strong trend (ADX=39); Last surprise: +0.0%,10.0,-1.0,1.0,44,2026-10-15,0.0,0
2026-09-01T15:24:19,2026-09-01,D,HOLD,0,EMA Crossover (9/21),MEDIUM,3,0.94,66.01,1.77,0.0,4.42,0.0,0.0,2026-11-18,0.27,0.4,100.0,11.09,3.11,-18.36,-4.87,78.0,1,2026-05-14 to 2026-08-31 (75 days),-1.0,35.9,0.1469,68.95,63.32,BULLISH,LOW,High volume; Strong trend (ADX=35); Last surprise: +17.9%; Earnings conf adj: +1,10.0,-1.0,1.0,59,2026-10-30,17.91,1
2026-09-01T15:24:25,2026-09-01,DUK,HOLD,0,PEAD Earnings Drift,HIGH,4,0.94,119.91,1.69,0.0,5.07,0.0,0.0,2026-11-21,0.6,0.85,100.0,26.45,8.92,15.08,-4.88,81.0,1,2026-05-14 to 2026-08-31 (75 days),-1.0,39.3,0.1775,124.3,122.33,BULLISH,LOW,Last surprise: +10.0%; Earnings conf adj: +1,10.0,-1.0,1.0,65,2026-11-05,10.0,1
2026-09-01T15:26:22,2026-09-01,AMH,HOLD,0,Multi-Factor Momentum MR,HIGH,4,0.9,33.3,1.79,0.0,5.37,0.0,0.0,2026-11-29,0.85,1.4,100.0,42.22,14.71,-12.2,-4.52,89.0,1,2026-05-14 to 2026-08-31 (75 days),-1.0,42.2,0.1556,33.76,31.28,BULLISH,LOW,Last surprise: +113.3%; Earnings conf adj: +1,10.0,-1.0,1.0,57,2026-10-28,113.33,1
2026-09-01T15:26:17,2026-09-01,PNFP,HOLD,0,VWAP Trend,LOW,0,0.77,99.97,2.42,0.0,2.47,0.0,0.0,2026-09-03,-0.16,-0.23,50.0,1.06,-2.32,-21.32,-3.84,2.9,8,2026-05-14 to 2026-08-31 (75 days),-1.0,40.1,0.1842,101.8,95.54,BULLISH,LOW,Last surprise: +1.6%,7.0,-1.0,1.0,43,2026-10-14,1.63,0
2026-09-01T15:24:27,2026-09-01,ED,HOLD,0,Composite Multi-Indicator,MEDIUM,3,0.75,107.02,1.76,0.0,3.52,0.0,0.0,2026-11-10,0.24,0.34,100.0,8.14,2.45,-0.01,-6.75,70.0,1,2026-05-14 to 2026-08-31 (75 days),-1.0,46.0,0.1369,109.11,105.51,BULLISH,LOW,High volume; Last surprise: +7.8%; Earnings conf adj: +1,10.0,-1.0,1.0,65,2026-11-05,7.79,1
2026-09-01T15:26:37,2026-09-01,EVR,HOLD,0,Multi-Factor Momentum MR,LOW,1,0.72,286.43,4.42,0.0,6.63,0.0,0.0,2026-10-26,0.11,0.16,100.0,0.21,-0.61,43.14,-11.5,55.0,1,2026-05-14 to 2026-08-31 (75 days),-1.0,34.8,0.2795,322.79,328.36,BEARISH,MEDIUM,Strong trend (ADX=42); Last surprise: -4.0%,6.71,-1.0,1.0,57,2026-10-28,-3.96,0
2026-09-01T15:25:07,2026-09-01,MAR,HOLD,0,VWAP Trend,LOW,0,0.65,341.76,2.9,0.0,2.31,0.0,0.0,2026-09-02,-0.8,-1.43,45.5,0.73,-8.68,0.94,-4.46,1.5,11,2026-05-14 to 2026-08-31 (75 days),-1.0,34.5,0.2397,365.15,342.47,BULLISH,MEDIUM,Price at statistical extreme; Last surprise: +3.6%,7.0,-1.0,1.0,63,2026-11-03,3.57,0
2026-09-01T15:25:30,2026-09-01,REG,HOLD,0,Momentum (Rate of Change),MEDIUM,2,0.59,74.77,1.5,0.0,3.75,0.0,0.0,2026-10-17,-0.02,-0.04,100.0,12.0,-1.05,5.2,-4.24,46.0,1,2026-05-14 to 2026-08-31 (75 days),-1.0,30.7,0.1371,79.0,74.94,BULLISH,LOW,Strong trend (ADX=36); Last surprise: +3.4%,10.0,-1.0,1.0,57,2026-10-28,3.39,0
2026-09-01T15:26:16,2026-09-01,PFGC,EXIT,-1,Donchian Breakout (20/55),MEDIUM,3,0.57,99.17,4.68,103.81,11.7,87.57,8.15,2026-12-18,0.52,0.72,100.0,32.34,11.05,2.43,-15.07,108.0,1,2026-05-14 to 2026-08-31 (75 days),-1.0,30.4,0.2978,109.79,96.98,BULLISH,MEDIUM,Strong trend (ADX=44); Last surprise: -0.6%; Size: Kelly 10.0% / VolTgt 6.3% / Blend 8.2%,6.3,-1.0,1.0,64,2026-11-04,-0.63,0
2026-09-01T15:26:38,2026-09-01,EGP,HOLD,0,Momentum (Rate of Change),MEDIUM,3,0.55,199.5,1.73,0.0,3.46,0.0,0.0,2026-10-16,0.52,0.86,100.0,31.69,7.11,9.26,-7.18,45.0,1,2026-05-14 to 2026-08-31 (75 days),-1.0,36.8,0.1217,207.24,192.29,BULLISH,LOW,Last surprise: +1.6%,10.0,-1.0,1.0,51,2026-10-22,1.55,0
2026-09-01T15:24:53,2026-09-01,INVH,HOLD,0,Multi-Factor Momentum MR,MEDIUM,3,0.51,29.14,1.79,0.0,3.58,0.0,0.0,2026-11-30,0.42,0.63,100.0,18.67,6.13,-5.8,-5.43,90.0,1,2026-05-14 to 2026-08-31 (75 days),-1.0,39.1,0.1624,29.92,27.48,BULLISH,LOW,High volume; Last surprise: +7.1%; Earnings conf adj: +1,10.0,-1.0,1.0,57,2026-10-28,7.14,1
2026-09-01T15:26:50,2026-09-01,RMBS,HOLD,0,MACD Crossover,LOW,1,0.37,86.69,10.03,0.0,15.04,0.0,0.0,2026-09-12,-0.47,-0.65,50.0,0.12,-30.8,44.34,-27.56,11.2,4,2026-05-14 to 2026-08-31 (75 days),-1.0,38.6,0.6237,102.67,108.18,BEARISH,HIGH,Strong trend (ADX=32); Last surprise: +6.9%; Earnings conf adj: +1,3.01,-1.0,1.0,55,2026-10-26,6.94,1
2026-09-01T15:25:39,2026-09-01,STZ,HOLD,0,ADX Trend Following,LOW,1,0.36,130.62,3.77,0.0,5.66,0.0,0.0,2026-09-10,-0.67,-0.86,50.0,0.62,-15.54,4.55,-10.91,9.8,6,2026-05-14 to 2026-08-31 (75 days),-1.0,44.0,0.3131,133.65,143.35,BEARISH,MEDIUM,High volume; Last surprise: +7.2%; Earnings conf adj: +1,5.99,-1.0,1.0,34,2026-10-05,7.19,1
2026-09-01T15:25:20,2026-09-01,O,HOLD,0,Momentum (Rate of Change),LOW,1,0.27,61.28,1.5,0.0,2.25,0.0,0.0,2026-10-21,0.24,0.43,100.0,16.16,2.41,1.76,-4.9,50.0,1,2026-05-14 to 2026-08-31 (75 days),-1.0,37.8,0.115,63.07,60.67,BULLISH,LOW,Price at statistical extreme; Last surprise: -11.9%; Earnings conf adj: -1,7.0,-1.0,1.0,62,2026-11-02,-11.9,-1
2026-09-01T15:25:56,2026-09-01,WRB,HOLD,0,Composite Multi-Indicator,MEDIUM,3,0.15,67.56,2.05,0.0,5.12,0.0,0.0,2026-11-10,0.33,0.51,100.0,14.33,4.6,-6.87,-11.39,70.0,1,2026-05-14 to 2026-08-31 (75 days),-1.0,35.5,0.1405,71.09,68.8,BULLISH,LOW,Strong trend (ADX=36); Last surprise: +17.6%; Earnings conf adj: +1,10.0,-1.0,1.0,48,2026-10-19,17.59,1
2026-09-01T15:26:29,2026-09-01,PINS,HOLD,0,Stochastic Oscillator,HIGH,5,0.09,21.71,7.75,0.0,11.62,0.0,0.0,2026-09-15,1.45,2.37,66.7,3.25,50.71,-5.91,-8.34,14.0,3,2026-05-14 to 2026-08-31 (75 days),-1.0,39.1,0.5373,22.79,22.04,BULLISH,HIGH,High volume; Price at statistical extreme; Last surprise: +19.4%; Earnings conf adj: +1,3.49,-1.0,1.0,69,2026-11-09,19.44,1
2026-09-01T15:26:09,2026-09-01,EWBC,HOLD,0,Composite Multi-Indicator,MEDIUM,2,0.03,126.86,2.29,0.0,4.58,0.0,0.0,2026-11-14,0.18,0.26,100.0,5.54,1.54,-20.18,-7.23,74.0,1,2026-05-14 to 2026-08-31 (75 days),-1.0,36.0,0.177,130.95,118.16,BULLISH,LOW,High volume; Last surprise: +0.4%,10.0,-1.0,1.0,49,2026-10-20,0.38,0
2026-09-01T15:26:39,2026-09-01,JEF,HOLD,0,Composite Multi-Indicator,MEDIUM,3,-0.01,52.64,3.14,0.0,7.85,0.0,0.0,2026-11-03,1.2,1.93,100.0,86.1,31.09,27.92,-8.85,63.0,1,2026-05-14 to 2026-08-31 (75 days),-1.0,43.4,0.1976,54.07,52.78,BULLISH,LOW,Strong trend (ADX=45); Last surprise: -17.7%; Earnings conf adj: -1,9.49,-1.0,1.0,27,2026-09-28,-17.74,-1
2026-09-01T15:24:39,2026-09-01,FRT,BUY,1,PEAD Earnings Drift,HIGH,4,-0.02,116.03,1.5,114.29,4.5,121.25,10.0,2026-10-22,1.12,1.65,50.0,2.17,18.0,7.84,-7.32,51.5,2,2026-05-14 to 2026-08-31 (75 days),0.373,33.6,0.1455,121.24,109.29,BULLISH,LOW,Last surprise: +34.7%; Earnings conf adj: +1; Size: Kelly 10.0% / VolTgt 10.0% / Blend 10.0%,10.0,-1.0,1.0,59,2026-10-30,34.72,1
2026-09-01T15:25:48,2026-09-01,UDR,HOLD,0,Multi-Factor Momentum MR,MEDIUM,3,-0.02,36.95,1.79,0.0,3.58,0.0,0.0,2026-12-02,0.13,0.18,100.0,2.71,0.58,1.63,-9.4,92.0,1,2026-05-14 to 2026-08-31 (75 days),-1.0,39.0,0.1697,38.68,36.51,BULLISH,LOW,Last surprise: +61.5%; Earnings conf adj: +1,10.0,-1.0,1.0,57,2026-10-28,61.54,1
2026-09-01T15:25:21,2026-09-01,OTIS,HOLD,0,Composite Multi-Indicator,MEDIUM,2,-0.15,71.13,2.82,0.0,4.23,0.0,0.0,2026-11-23,0.13,0.2,100.0,3.09,0.71,5.59,-6.12,83.0,1,2026-05-14 to 2026-08-31 (75 days),-1.0,45.7,0.2017,72.14,79.44,BEARISH,MEDIUM,High volume; Last surprise: +0.0%,9.3,-1.0,1.0,57,2026-10-28,0.0,0
2026-09-01T15:27:43,2026-09-01,KBH,HOLD,0,Momentum (Rate of Change),MEDIUM,3,-0.16,53.3,6.43,0.0,12.86,0.0,0.0,2026-10-13,0.82,1.97,100.0,77.52,27.18,-29.78,-12.5,42.0,1,2026-05-14 to 2026-08-31 (75 days),-1.0,41.9,0.4083,56.77,56.16,BULLISH,HIGH,No special conditions,4.59,-1.0,1.0,23,2026-09-24,,0
2026-09-01T15:24:11,2026-09-01,CINF,HOLD,0,Composite Multi-Indicator,LOW,1,-0.29,169.9,1.9,0.0,3.8,0.0,0.0,2026-11-20,0.24,0.33,100.0,9.78,3.01,-8.83,-12.41,80.0,1,2026-05-14 to 2026-08-31 (75 days),-1.0,40.7,0.1405,177.63,165.94,BULLISH,LOW,Strong trend (ADX=31); Last surprise: -21.4%; Earnings conf adj: -1,7.0,-1.0,1.0,55,2026-10-26,-21.43,-1
2026-09-01T15:26:43,2026-09-01,WMS,HOLD,0,ADX Trend Following,LOW,1,-0.52,135.73,5.09,0.0,7.63,0.0,0.0,2026-09-16,0.19,0.29,50.0,1.21,1.59,11.36,-9.95,15.5,4,2026-05-14 to 2026-08-31 (75 days),-1.0,39.2,0.3638,145.57,147.6,BEARISH,MEDIUM,Last surprise: +17.5%; Earnings conf adj: +1,5.15,-1.0,1.0,65,2026-11-05,17.45,1
2026-09-01T15:25:07,2026-09-01,MCD,HOLD,0,ADX Trend Following,LOW,1,-0.62,263.54,2.81,0.0,4.21,0.0,0.0,2026-09-23,-0.25,-0.35,66.7,0.74,-5.31,6.14,-6.73,22.3,3,2026-05-14 to 2026-08-31 (75 days),-1.0,42.6,0.2028,270.33,294.72,BEARISH,MEDIUM,Last surprise: +1.8%,7.0,-1.0,1.0,65,2026-11-05,1.81,0
2026-09-01T15:24:23,2026-09-01,DOC,HOLD,0,52-Week High Momentum,HIGH,5,-1.09,20.82,2.53,0.0,7.59,0.0,0.0,2026-11-29,1.28,1.92,100.0,82.02,29.88,-2.38,-10.12,89.0,1,2026-05-14 to 2026-08-31 (75 days),-1.0,43.7,0.222,21.4,18.11,BULLISH,MEDIUM,Last surprise: +166.7%; Earnings conf adj: +1,8.45,-1.0,1.0,51,2026-10-22,166.67,1
2026-09-01T15:25:32,2026-09-01,ROK,EXIT,-1,52-Week High Momentum,MEDIUM,2,-1.34,424.43,3.05,437.38,7.62,392.09,7.88,2026-11-22,0.03,0.05,100.0,5.01,-3.68,16.66,-10.54,82.0,1,2026-05-14 to 2026-08-31 (75 days),-1.0,37.4,0.3249,456.08,417.13,BULLISH,MEDIUM,Strong trend (ADX=37); Last surprise: +3.3%; Size: Kelly 10.0% / VolTgt 5.8% / Blend 7.9%,5.77,-1.0,1.0,65,2026-11-05,3.25,0
2026-09-01T15:27:26,2026-09-01,CRUS,HOLD,-1,VWAP Trend,LOW,1,-1.37,109.51,4.14,114.04,3.89,105.25,0.0,2026-09-03,-1.89,-2.49,46.7,0.59,-32.3,41.8,-14.54,2.3,15,2026-05-14 to 2026-08-31 (75 days),-1.0,24.5,0.3256,133.12,140.14,BEARISH,MEDIUM,RSI oversold; Strong trend (ADX=72); Last surprise: +1.7%,5.76,-1.0,1.0,63,2026-11-03,1.66,0
2026-09-01T15:26:46,2026-09-01,ONB,HOLD,0,52-Week High Momentum,MEDIUM,2,-1.43,25.58,1.98,0.0,4.95,0.0,0.0,2026-11-20,0.32,0.46,100.0,16.5,3.94,-30.57,-6.36,80.0,1,2026-05-14 to 2026-08-31 (75 days),-1.0,37.7,0.1481,26.3,23.84,BULLISH,LOW,Strong trend (ADX=36); Last surprise: +3.2%,10.0,-1.0,1.0,50,2026-10-21,3.17,0
2026-09-01T15:25:51,2026-09-01,VMC,HOLD,0,EMA Crossover (9/21),MEDIUM,2,-1.48,269.58,3.69,0.0,5.54,0.0,0.0,2026-09-13,0.24,0.34,66.7,1.77,2.93,8.36,-8.43,12.3,3,2026-05-14 to 2026-08-31 (75 days),-1.0,40.7,0.2207,285.58,287.75,BEARISH,MEDIUM,Last surprise: +4.9%,8.49,-1.0,1.0,58,2026-10-29,4.86,0
2026-09-01T15:23:56,2026-09-01,AON,EXIT,-1,VWAP Trend,MEDIUM,2,-2.2,321.52,4.39,335.63,8.78,293.29,4.21,2026-09-10,0.73,1.27,42.9,1.59,14.55,6.97,-7.21,9.9,7,2026-05-14 to 2026-08-31 (75 days),-1.0,31.5,0.3804,352.05,336.51,BULLISH,MEDIUM,High volume; Price at statistical extreme; Last surprise: +0.3%; Size: Kelly 3.5% / VolTgt 4.9% / Blend 4.2%,4.93,-1.0,1.0,59,2026-10-30,0.26,0
2026-09-01T15:26:58,2026-09-01,WAL,HOLD,0,Stochastic Oscillator,MEDIUM,3,-2.36,78.13,2.5,0.0,3.75,0.0,0.0,2026-09-17,2.14,4.1,50.0,23.05,34.7,22.56,-3.05,16.0,2,2026-05-14 to 2026-08-31 (75 days),-1.0,40.3,0.184,80.93,80.65,BULLISH,LOW,Last surprise: -3.0%,10.0,-1.0,1.0,50,2026-10-21,-2.98,0
2026-09-01T15:24:44,2026-09-01,GS,HOLD,0,Stochastic Oscillator,MEDIUM,3,-2.4,1025.9,3.29,0.0,4.94,0.0,0.0,2026-10-31,0.07,0.12,100.0,3.8,-2.1,-25.4,-14.87,60.0,1,2026-05-14 to 2026-08-31 (75 days),-1.0,46.4,0.2498,1048.89,939.1,BULLISH,MEDIUM,Last surprise: +44.3%; Earnings conf adj: +1,7.51,-1.0,1.0,42,2026-10-13,44.29,1
2026-09-01T15:25:09,2026-09-01,META,HOLD,0,VWAP Trend,LOW,0,-2.88,572.34,4.72,0.0,5.7,0.0,0.0,2026-09-07,0.28,0.43,55.6,1.21,3.99,26.93,-11.56,6.1,9,2026-05-14 to 2026-08-31 (75 days),-1.0,47.5,0.2929,592.05,621.73,BEARISH,MEDIUM,Last surprise: -14.4%; Earnings conf adj: -1,6.4,-1.0,1.0,57,2026-10-28,-14.4,-1
2026-09-01T15:27:00,2026-09-01,CNM,HOLD,0,Stochastic Oscillator,LOW,0,-3.94,42.96,3.0,0.0,4.5,0.0,0.0,2026-09-28,-0.94,-1.2,0.0,0.0,-21.65,9.96,-13.78,27.0,2,2026-05-14 to 2026-08-31 (75 days),-1.0,36.8,0.1887,45.26,50.0,BEARISH,LOW,Strong trend (ADX=41); Last surprise: -1.8%,7.0,-1.0,1.0,8,2026-09-09,-1.75,0
2026-09-01T15:25:16,2026-09-01,NI,HOLD,0,VWAP Trend,LOW,0,-4.38,40.92,2.76,0.0,3.59,0.0,0.0,2026-09-06,-2.23,-2.64,50.0,0.19,-21.73,16.35,-8.27,5.1,8,2026-05-14 to 2026-08-31 (75 days),-1.0,34.5,0.202,44.52,44.58,BEARISH,MEDIUM,Strong trend (ADX=36); Last surprise: +0.0%,7.0,-1.0,1.0,57,2026-10-28,0.0,0
2026-09-01T15:27:38,2026-09-01,SLGN,HOLD,0,Stochastic Oscillator,MEDIUM,3,-4.61,41.54,3.84,0.0,5.76,0.0,0.0,2026-09-28,1.68,3.1,50.0,6.61,36.89,5.9,-4.66,27.5,2,2026-05-14 to 2026-08-31 (75 days),-1.0,44.9,0.2701,43.7,41.59,BULLISH,MEDIUM,No special conditions,6.94,-1.0,1.0,57,2026-10-28,,0
2026-09-01T15:25:51,2026-09-01,VICI,HOLD,0,VWAP Trend,LOW,0,-4.96,25.65,1.8,0.0,2.7,0.0,0.0,2026-09-08,-0.33,-0.52,45.5,0.92,-6.99,13.33,-6.07,7.0,11,2026-05-14 to 2026-08-31 (75 days),-1.0,39.8,0.1701,26.46,27.36,BEARISH,LOW,Last surprise: -32.4%; Earnings conf adj: -1,7.0,-1.0,1.0,58,2026-10-29,-32.39,-1
2026-09-01T15:26:04,2026-09-01,UTHR,HOLD,0,VWAP Trend,LOW,1,-5.67,510.38,3.62,0.0,2.53,0.0,0.0,2026-09-02,-1.88,-2.37,41.7,0.47,-20.88,12.8,-8.54,1.5,12,2026-05-14 to 2026-08-31 (75 days),-1.0,43.9,0.2623,529.55,522.85,BULLISH,MEDIUM,Last surprise: +6.0%; Earnings conf adj: +1,7.0,-1.0,1.0,57,2026-10-28,5.98,1
2026-09-01T15:26:31,2026-09-01,DKS,HOLD,0,VWAP Trend,LOW,0,-6.16,135.1,12.0,0.0,14.55,0.0,0.0,2026-09-03,-0.47,-0.64,40.0,0.78,-16.67,64.39,-11.7,2.5,10,2026-05-14 to 2026-08-31 (75 days),-1.0,24.0,1.1686,203.23,207.41,BEARISH,HIGH,RSI oversold; Strong trend (ADX=58); Last surprise: -6.1%; Earnings conf adj: -1,1.6,-1.0,1.0,84,2026-11-24,-6.12,-1
2026-09-01T15:26:34,2026-09-01,AMKR,HOLD,-1,52-Week High Momentum,LOW,1,-6.21,47.3,12.0,52.98,7.66,43.68,0.0,2026-09-02,-3.76,-3.82,50.0,0.23,-28.69,47.41,-9.45,1.5,2,2026-05-14 to 2026-08-31 (75 days),-1.0,38.6,0.794,62.07,55.73,BULLISH,HIGH,Last surprise: +45.8%; Earnings conf adj: +1,2.36,-1.0,1.0,55,2026-10-26,45.83,1
2026-09-01T15:26:14,2026-09-01,WPC,HOLD,0,Stochastic Oscillator,MEDIUM,3,-6.37,69.96,1.5,0.0,2.25,0.0,0.0,2026-09-24,0.71,1.3,50.0,2.37,7.76,20.22,-3.63,23.0,2,2026-05-14 to 2026-08-31 (75 days),-1.0,37.0,0.1268,72.36,69.61,BULLISH,LOW,High volume; Last surprise: +27.8%; Earnings conf adj: +1,10.0,-1.0,1.0,56,2026-10-27,27.78,1
2026-09-01T15:26:08,2026-09-01,MTZ,HOLD,0,VWAP Trend,LOW,0,-7.77,239.78,11.67,0.0,6.08,0.0,0.0,2026-09-03,-2.62,-2.72,50.0,0.2,-68.72,18.1,-32.49,2.2,8,2026-05-14 to 2026-08-31 (75 days),-1.0,32.7,0.5203,322.21,303.62,BULLISH,HIGH,Last surprise: -0.4%,3.6,-1.0,1.0,58,2026-10-29,-0.45,0
2026-09-01T15:27:13,2026-09-01,HR,HOLD,0,Stochastic Oscillator,LOW,0,-8.49,19.04,1.62,0.0,2.43,0.0,0.0,2026-10-03,0.36,0.57,50.0,1.54,4.11,21.12,-5.21,32.5,2,2026-05-14 to 2026-08-31 (75 days),-1.0,34.1,0.117,20.12,18.29,BULLISH,LOW,High volume; Strong trend (ADX=37); Last surprise: -550.0%; Earnings conf adj: -1,7.0,-1.0,1.0,58,2026-10-29,-550.0,-1
2026-09-01T15:27:50,2026-09-01,XLU,HOLD,0,Stochastic Oscillator,LOW,0,-8.65,42.23,1.68,0.0,2.52,0.0,0.0,2026-10-05,0.29,0.38,50.0,1.35,2.95,20.01,-4.96,34.5,2,2026-05-14 to 2026-08-31 (75 days),-1.0,32.1,0.1382,44.64,44.31,BULLISH,LOW,High volume; Price at statistical extreme,7.0,-1.0,1.0,-1,,,0
2026-09-01T15:27:44,2026-09-01,WING,HOLD,0,MACD Crossover,MEDIUM,2,-9.45,109.48,11.14,0.0,16.71,0.0,0.0,2026-10-02,0.51,0.77,50.0,2.0,13.98,37.21,-17.94,31.0,2,2026-05-14 to 2026-08-31 (75 days),-1.0,38.1,0.7244,136.37,191.8,BEARISH,HIGH,No special conditions,2.59,-1.0,1.0,63,2026-11-03,,0
2026-09-01T15:26:27,2026-09-01,WSO,HOLD,0,MACD Crossover,LOW,0,-9.53,309.82,4.38,0.0,6.57,0.0,0.0,2026-09-21,-0.44,-0.71,50.0,0.14,-9.63,52.65,-14.45,20.5,2,2026-05-14 to 2026-08-31 (75 days),-1.0,39.1,0.3611,352.07,370.58,BEARISH,MEDIUM,Strong trend (ADX=35); Last surprise: -8.9%; Earnings conf adj: -1,5.19,-1.0,1.0,57,2026-10-28,-8.88,-1
2026-09-01T15:27:03,2026-09-01,GME,HOLD,0,Stochastic Oscillator,LOW,0,-10.18,18.38,3.38,0.0,5.07,0.0,0.0,2026-10-08,-0.39,-0.6,50.0,0.29,-10.45,31.93,-9.45,37.0,2,2026-05-14 to 2026-08-31 (75 days),-1.0,39.9,0.2127,20.44,22.22,BEARISH,MEDIUM,High volume; Strong trend (ADX=41); Last surprise: +87.5%,7.0,-1.0,1.0,7,2026-09-08,87.5,0
2026-09-01T15:25:52,2026-09-01,VST,HOLD,0,Stochastic Oscillator,LOW,1,-10.4,137.37,4.72,0.0,7.08,0.0,0.0,2026-09-23,0.74,1.14,50.0,1.98,19.68,29.71,-13.01,22.0,2,2026-05-14 to 2026-08-31 (75 days),-1.0,40.2,0.3841,151.35,158.09,BEARISH,MEDIUM,Last surprise: -53.4%; Earnings conf adj: -1,4.88,-1.0,1.0,65,2026-11-05,-53.37,-1
2026-09-01T15:24:03,2026-09-01,BLDR,HOLD,0,Stochastic Oscillator,LOW,1,-10.63,66.4,8.9,0.0,13.35,0.0,0.0,2026-10-19,0.76,1.26,50.0,2.08,31.23,60.74,-16.07,48.0,2,2026-05-14 to 2026-08-31 (75 days),-1.0,39.8,0.5005,74.59,90.91,BEARISH,HIGH,High volume; Last surprise: -7.9%; Earnings conf adj: -1,3.75,-1.0,1.0,58,2026-10-29,-7.87,-1
2026-09-01T15:27:21,2026-09-01,STWD,HOLD,0,Stochastic Oscillator,LOW,0,-11.39,15.7,1.96,0.0,2.94,0.0,0.0,2026-10-15,-0.43,-0.66,50.0,0.4,-7.89,10.32,-6.5,44.5,2,2026-05-14 to 2026-08-31 (75 days),-1.0,35.0,0.1979,16.38,16.8,BEARISH,LOW,Price at statistical extreme; Last surprise: +0.0%,7.0,-1.0,1.0,69,2026-11-09,0.0,0
2026-09-01T15:23:58,2026-09-01,APP,HOLD,0,Composite Multi-Indicator,LOW,0,-11.55,312.06,8.12,0.0,12.18,0.0,0.0,2026-09-02,0.0,0.0,0.0,0.0,0.0,77.75,0.0,0.0,0,2026-05-14 to 2026-08-31 (75 days),-1.0,36.1,0.8061,405.23,490.91,BEARISH,HIGH,Strong trend (ADX=36); Last surprise: +0.5%,2.33,-1.0,1.0,64,2026-11-04,0.53,0
2026-09-01T15:27:43,2026-09-01,IPGP,HOLD,0,RSI Mean Reversion,LOW,0,-11.55,76.08,10.96,0.0,16.26,0.0,0.0,2026-09-02,0.0,0.0,0.0,0.0,0.0,66.73,0.0,0.0,0,2026-05-14 to 2026-08-31 (75 days),-1.0,39.7,0.653,93.47,101.46,BEARISH,HIGH,No special conditions,2.87,-1.0,1.0,63,2026-11-03,,0
2026-09-01T15:26:55,2026-09-01,DY,HOLD,0,EMA Crossover (9/21),LOW,1,-11.56,291.21,12.0,0.0,13.8,0.0,0.0,2026-09-02,-1.85,-1.85,0.0,0.0,-0.34,77.11,-0.1,0.0,0,2026-05-14 to 2026-08-31 (75 days),-1.0,22.5,0.5542,414.87,394.26,BULLISH,HIGH,RSI oversold; Price at statistical extreme; Strong trend (ADX=50); Last surprise: +13.0%; Earnings conf adj: +1,3.38,-1.0,1.0,85,2026-11-25,13.03,1
2026-09-01T15:27:27,2026-09-01,WH,HOLD,0,Stochastic Oscillator,LOW,0,-11.74,73.66,4.06,0.0,6.09,0.0,0.0,2026-10-10,0.12,0.18,50.0,1.14,-0.38,24.81,-11.45,39.5,2,2026-05-14 to 2026-08-31 (75 days),-1.0,43.2,0.2713,77.43,78.08,BEARISH,MEDIUM,Last surprise: +5.0%,6.91,-1.0,1.0,50,2026-10-21,4.96,0
2026-09-01T15:24:47,2026-09-01,HONA,HOLD,0,EMA Crossover (9/21),LOW,0,-11.75,158.11,8.22,0.0,12.33,0.0,0.0,2026-09-02,0.0,0.0,0.0,0.0,0.0,86.67,0.0,0.0,0,2026-07-14 to 2026-08-31 (35 days),-1.0,36.6,0.9724,198.71,nan,NEUTRAL,HIGH,Last surprise: -11.8%; Earnings conf adj: -1,1.93,-1.0,1.0,64,2026-11-04,-11.79,-1
2026-09-01T15:27:35,2026-09-01,GNTX,HOLD,0,MACD Crossover,LOW,1,-12.48,22.37,3.56,0.0,5.34,0.0,0.0,2026-09-27,-0.31,-0.43,50.0,0.74,-6.8,6.06,-9.89,26.0,2,2026-05-14 to 2026-08-31 (75 days),-1.0,33.3,0.2412,23.97,23.27,BULLISH,MEDIUM,Price at statistical extreme; Last surprise: +16.0%; Earnings conf adj: +1,7.0,-1.0,1.0,52,2026-10-23,16.0,1
2026-09-01T15:25:29,2026-09-01,Q,HOLD,0,RSI Mean Reversion,LOW,1,-12.52,119.43,9.55,0.0,13.61,0.0,0.0,2026-09-02,0.0,0.0,0.0,0.0,0.0,66.0,0.0,0.0,0,2026-06-02 to 2026-08-31 (63 days),-1.0,35.1,0.5464,139.41,120.91,BULLISH,HIGH,Strong trend (ADX=37); Last surprise: +11.2%; Earnings conf adj: +1,3.43,-1.0,1.0,76,2026-11-16,11.21,1
2026-09-01T15:25:16,2026-09-01,NKE,HOLD,0,VWAP Trend,LOW,1,-13.0,39.06,4.27,0.0,6.4,0.0,0.0,2026-09-07,0.46,0.72,50.0,1.42,9.86,29.48,-10.44,6.3,12,2026-05-14 to 2026-08-31 (75 days),-1.0,41.3,0.3323,41.8,51.42,BEARISH,MEDIUM,Strong trend (ADX=31); Last surprise: +453.8%; Earnings conf adj: +1,5.64,-1.0,1.0,30,2026-10-01,453.85,1
2026-09-01T15:26:29,2026-09-01,GLPI,HOLD,0,Stochastic Oscillator,LOW,0,-13.15,42.07,2.84,0.0,4.26,0.0,0.0,2026-10-10,-1.16,-1.51,50.0,0.1,-21.59,5.0,-9.19,39.0,2,2026-05-14 to 2026-08-31 (75 days),-1.0,39.2,0.2252,44.0,44.57,BEARISH,MEDIUM,High volume; Last surprise: +0.0%,7.0,-1.0,1.0,58,2026-10-29,0.0,0
2026-09-01T15:24:21,2026-09-01,DECK,HOLD,0,RSI Mean Reversion,LOW,1,-13.37,87.08,4.59,0.0,6.88,0.0,0.0,2026-09-02,0.0,0.0,0.0,0.0,0.0,25.57,0.0,0.0,0,2026-05-14 to 2026-08-31 (75 days),-1.0,36.6,0.3375,98.76,102.51,BEARISH,MEDIUM,Strong trend (ADX=45); Last surprise: +8.0%; Earnings conf adj: +1,5.56,-1.0,1.0,51,2026-10-22,8.05,1
2026-09-01T15:25:03,2026-09-01,LHX,HOLD,0,SMA Crossover (10/50),LOW,1,-14.03,266.25,3.4,0.0,5.1,0.0,0.0,2026-09-02,0.0,0.0,0.0,0.0,0.0,38.0,0.0,0.0,0,2026-05-14 to 2026-08-31 (75 days),-1.0,38.5,0.2584,284.91,313.34,BEARISH,MEDIUM,High volume; Strong trend (ADX=49); Last surprise: +27.8%; Earnings conf adj: +1,7.0,-1.0,1.0,58,2026-10-29,27.82,1
2026-09-01T15:25:44,2026-09-01,TJX,HOLD,0,RSI Mean Reversion,LOW,1,-14.08,133.91,3.61,0.0,5.42,0.0,0.0,2026-09-02,-2.63,-2.61,0.0,0.0,-0.68,26.34,-0.2,0.0,0,2026-05-14 to 2026-08-31 (75 days),-1.0,22.2,0.2285,152.09,154.09,BEARISH,MEDIUM,RSI oversold; High volume; Strong trend (ADX=60); Last surprise: +14.3%; Earnings conf adj: +1,7.0,-1.0,1.0,78,2026-11-18,14.29,1
2026-09-01T15:25:10,2026-09-01,MLM,HOLD,0,RSI Mean Reversion,LOW,1,-14.09,518.7,3.44,0.0,5.16,0.0,0.0,2026-09-02,0.0,0.0,0.0,0.0,0.0,29.35,0.0,0.0,0,2026-05-14 to 2026-08-31 (75 days),-1.0,38.6,0.2613,560.85,601.87,BEARISH,MEDIUM,Last surprise: +7.8%; Earnings conf adj: +1,7.0,-1.0,1.0,63,2026-11-03,7.76,1
2026-09-01T15:25:47,2026-09-01,TSN,HOLD,0,RSI Mean Reversion,LOW,0,-14.19,55.14,2.75,0.0,4.12,0.0,0.0,2026-09-02,0.0,0.0,0.0,0.0,0.0,46.07,0.0,0.0,0,2026-05-14 to 2026-08-31 (75 days),-1.0,35.9,0.1945,57.89,59.93,BEARISH,LOW,Last surprise: +0.0%,7.0,-1.0,1.0,69,2026-11-09,0.0,0
2026-09-01T15:27:00,2026-09-01,LEA,HOLD,0,RSI Mean Reversion,LOW,1,-14.28,124.99,3.35,0.0,5.03,0.0,0.0,2026-09-02,0.0,0.0,0.0,0.0,0.0,29.21,0.0,0.0,0,2026-05-14 to 2026-08-31 (75 days),-1.0,45.0,0.311,132.24,125.79,BULLISH,MEDIUM,High volume; Last surprise: +7.5%; Earnings conf adj: +1,6.03,-1.0,1.0,51,2026-10-22,7.54,1
2026-09-01T15:25:06,2026-09-01,LVS,HOLD,0,SMA Crossover (10/50),LOW,0,-14.48,43.81,4.01,0.0,6.01,0.0,0.0,2026-09-02,0.0,0.0,0.0,0.0,0.0,37.65,0.0,0.0,0,2026-05-14 to 2026-08-31 (75 days),-1.0,38.0,0.2708,46.16,54.03,BEARISH,MEDIUM,High volume; Price at statistical extreme; Strong trend (ADX=32); Last surprise: -22.4%; Earnings conf adj: -1,6.92,-1.0,1.0,50,2026-10-21,-22.37,-1
2026-09-01T15:24:00,2026-09-01,AZO,HOLD,0,RSI Mean Reversion,LOW,0,-14.76,2991.24,3.71,0.0,5.56,0.0,0.0,2026-09-02,0.0,0.0,0.0,0.0,0.0,34.01,0.0,0.0,0,2026-05-14 to 2026-08-31 (75 days),-1.0,46.9,0.2294,3042.15,3398.79,BEARISH,MEDIUM,High volume; Last surprise: +5.3%,7.0,-1.0,1.0,21,2026-09-22,5.25,0
2026-09-01T15:27:46,2026-09-01,EEFT,HOLD,0,PEAD Earnings Drift,LOW,0,-14.93,69.51,4.96,0.0,7.44,0.0,0.0,2026-09-02,0.0,0.0,0.0,0.0,0.0,-9.79,0.0,0.0,0,2026-05-14 to 2026-08-31 (75 days),-1.0,43.2,0.3577,73.99,72.24,BULLISH,MEDIUM,No special conditions,5.24,-1.0,1.0,50,2026-10-21,,0
