generated_at,date,ticker,signal,signal_raw,strategy,confidence,confidence_score,composite_score,current_price,stop_loss_pct,stop_loss_price,take_profit_pct,take_profit_price,suggested_position_size_pct,signal_expires,sharpe,sortino,win_rate,profit_factor,annual_return_pct,annual_excess_pct,max_drawdown_pct,avg_holding_days,total_trades,backtest_period,pbo,rsi,vol_20,sma_50,sma_200,trend,volatility,notes,vol_target_size_pct,meta_label_prob,meta_label_size_mult,days_to_earnings,earnings_date,last_surprise_pct,earnings_confidence_adj
2026-08-05T12:54:27,2026-08-05,UMBF,HOLD,0,VWAP Trend,HIGH,6,114.21,148.33,3.57,0.0,2.85,0.0,0.0,2026-08-07,4.74,14.21,100.0,153.83,62.92,-25.31,-1.86,2.1,8,2026-04-17 to 2026-08-04 (75 days),-1.0,61.0,0.2495,139.0,123.05,BULLISH,MEDIUM,Last surprise: +14.4%; Earnings conf adj: +1,7.51,-1.0,1.0,83,2026-10-27,14.42,1
2026-08-05T12:54:57,2026-08-05,PCTY,EXIT,-1,VWAP Trend,HIGH,6,113.86,143.32,9.88,157.48,12.1,125.98,6.93,2026-08-15,4.61,10.98,85.7,10.93,401.6,169.86,-11.78,10.0,7,2026-04-17 to 2026-08-04 (75 days),-1.0,69.2,0.486,116.93,124.75,BEARISH,HIGH,Strong trend (ADX=45); Last surprise: +12.0%; Earnings conf adj: +1; Size: Kelly 10.0% / VolTgt 3.9% / Blend 6.9%,3.86,-1.0,1.0,90,2026-11-03,12.02,1
2026-08-05T12:55:21,2026-08-05,CVLT,EXIT,-1,VWAP Trend,HIGH,6,104.54,132.1,11.69,147.54,19.82,105.92,6.1,2026-08-13,5.2,13.09,100.0,468.2,327.22,111.27,-5.02,8.7,6,2026-04-17 to 2026-08-04 (75 days),-1.0,48.1,0.8533,132.43,114.48,BULLISH,HIGH,Strong trend (ADX=36); Last surprise: +22.4%; Earnings conf adj: +1; Size: Kelly 10.0% / VolTgt 2.2% / Blend 6.1%,2.2,-1.0,1.0,83,2026-10-27,22.41,1
2026-08-05T12:53:05,2026-08-05,PPG,HOLD,0,VWAP Trend,HIGH,5,104.07,117.8,6.81,0.0,5.84,0.0,0.0,2026-08-08,3.23,6.92,88.9,16.42,71.38,59.92,-3.48,3.3,9,2026-04-17 to 2026-08-04 (75 days),-1.0,53.2,0.4079,116.46,108.85,BULLISH,HIGH,Last surprise: -0.9%,4.6,-1.0,1.0,83,2026-10-27,-0.89,0
2026-08-05T12:52:08,2026-08-05,FSLR,HOLD,0,VWAP Trend,HIGH,6,103.04,243.63,9.34,0.0,6.71,0.0,0.0,2026-08-07,3.85,13.46,90.0,9.3,257.22,125.86,-5.08,2.6,10,2026-04-17 to 2026-08-04 (75 days),-1.0,62.9,0.5289,244.96,234.27,BULLISH,HIGH,High volume; Price at statistical extreme; Strong trend (ADX=49); Last surprise: +36.1%; Earnings conf adj: +1,3.55,-1.0,1.0,85,2026-10-29,36.11,1
2026-08-05T12:53:21,2026-08-05,SWK,HOLD,0,VWAP Trend,HIGH,6,102.33,102.4,5.27,0.0,5.98,0.0,0.0,2026-08-08,3.39,10.09,100.0,195.76,86.52,-168.51,-3.49,3.8,8,2026-04-17 to 2026-08-04 (75 days),-1.0,71.5,0.3899,86.75,77.2,BULLISH,MEDIUM,RSI overbought; Price at statistical extreme; Last surprise: +29.8%; Earnings conf adj: +1,4.81,-1.0,1.0,-7,2026-07-29,29.75,1
2026-08-05T12:51:19,2026-08-05,APH,HOLD,0,ADX Trend Following,HIGH,6,97.57,171.33,9.26,0.0,12.01,0.0,0.0,2026-08-16,2.87,5.05,100.0,305.35,166.56,112.23,-11.53,11.0,5,2026-04-17 to 2026-08-04 (75 days),-1.0,63.5,0.4599,155.57,142.18,BULLISH,HIGH,Price at statistical extreme; Last surprise: +13.4%; Earnings conf adj: +1,4.08,-1.0,1.0,84,2026-10-28,13.45,1
2026-08-05T12:54:41,2026-08-05,VMI,HOLD,0,VWAP Trend,HIGH,6,96.04,503.5,6.13,0.0,3.79,0.0,0.0,2026-08-06,3.64,10.38,81.8,6.99,65.39,-32.47,-2.75,1.7,11,2026-04-17 to 2026-08-04 (75 days),-1.0,47.0,0.3694,532.49,458.37,BULLISH,MEDIUM,Strong trend (ADX=37); Last surprise: +5.9%; Earnings conf adj: +1,5.08,-1.0,1.0,76,2026-10-20,5.86,1
2026-08-05T12:53:16,2026-08-05,SNDK,HOLD,0,VWAP Trend,MEDIUM,2,95.64,1427.62,12.0,0.0,20.78,0.0,0.0,2026-08-07,3.61,10.96,72.7,6.91,1339.1,994.22,-7.55,2.5,11,2026-04-17 to 2026-08-04 (75 days),-1.0,47.7,1.6689,1704.83,855.31,BULLISH,HIGH,EARNINGS TODAY (2026-08-05); Last surprise: +59.7%; Earnings conf adj: -3,1.12,-1.0,1.0,0,2026-08-05,59.69,-3
2026-08-05T12:54:56,2026-08-05,FAF,HOLD,0,VWAP Trend,HIGH,6,95.48,76.05,6.41,0.0,4.78,0.0,0.0,2026-08-07,3.77,9.01,80.0,6.73,63.63,-3.02,-2.58,2.0,10,2026-04-17 to 2026-08-04 (75 days),-1.0,60.3,0.4289,69.42,64.81,BULLISH,HIGH,Last surprise: +13.0%; Earnings conf adj: +1,4.37,-1.0,1.0,77,2026-10-21,13.04,1
2026-08-05T12:55:40,2026-08-05,RH,BUY,1,VWAP Trend,HIGH,5,91.89,188.2,10.78,167.91,16.17,218.63,6.36,2026-08-14,3.49,9.51,80.0,12.29,311.34,144.27,-8.89,9.2,5,2026-04-17 to 2026-08-04 (75 days),0.321,61.7,0.6883,161.51,163.35,BEARISH,HIGH,Last surprise: +4.8%; Size: Kelly 10.0% / VolTgt 2.7% / Blend 6.4%,2.72,-1.0,1.0,36,2026-09-10,4.83,0
2026-08-05T12:51:32,2026-08-05,CAT,BUY,1,VWAP Trend,HIGH,5,89.12,876.54,10.23,786.87,6.01,929.22,7.09,2026-08-07,3.72,10.0,75.0,9.82,113.03,71.58,-3.82,2.9,8,2026-04-17 to 2026-08-04 (75 days),0.187,48.5,0.4482,918.12,738.85,BULLISH,HIGH,High volume; Strong trend (ADX=41); Last surprise: +19.4%; Size: Kelly 10.0% / VolTgt 4.2% / Blend 7.1%,4.18,-1.0,1.0,85,2026-10-29,19.4,0
2026-08-05T12:51:15,2026-08-05,AMAT,HOLD,0,VWAP Trend,HIGH,6,89.09,546.62,12.0,0.0,13.79,0.0,0.0,2026-08-08,3.09,6.32,81.8,5.6,306.96,108.38,-9.2,3.9,11,2026-04-17 to 2026-08-04 (75 days),-1.0,51.0,0.8871,547.8,376.07,BULLISH,HIGH,Last surprise: +6.3%; Earnings conf adj: +1,2.11,-1.0,1.0,8,2026-08-13,6.32,1
2026-08-05T12:55:24,2026-08-05,SAIC,HOLD,0,VWAP Trend,HIGH,6,88.47,120.37,4.76,0.0,4.56,0.0,0.0,2026-08-09,3.82,11.71,85.7,65.6,158.48,35.14,-3.82,4.4,7,2026-04-17 to 2026-08-04 (75 days),-1.0,61.1,0.2763,111.79,99.54,BULLISH,MEDIUM,Last surprise: +41.7%; Earnings conf adj: +1,6.79,-1.0,1.0,29,2026-09-03,41.67,1
2026-08-05T12:51:13,2026-08-05,AIZ,HOLD,0,VWAP Trend,HIGH,5,85.42,281.31,2.08,0.0,1.89,0.0,0.0,2026-08-07,3.65,10.75,90.0,62.28,51.08,-56.59,-1.41,2.9,10,2026-04-17 to 2026-08-04 (75 days),-1.0,61.0,0.1408,267.06,236.73,BULLISH,LOW,Last surprise: +11.6%,10.0,-1.0,1.0,90,2026-11-03,11.63,0
2026-08-05T12:53:07,2026-08-05,PWR,HOLD,0,VWAP Trend,HIGH,6,85.1,693.0,9.85,0.0,9.59,0.0,0.0,2026-08-07,3.91,14.42,90.0,11.83,466.12,404.42,-5.4,2.8,10,2026-04-17 to 2026-08-04 (75 days),-1.0,57.4,0.7279,679.96,563.71,BULLISH,HIGH,Strong trend (ADX=31); Last surprise: +28.1%; Earnings conf adj: +1,2.58,-1.0,1.0,85,2026-10-29,28.1,1
2026-08-05T12:54:17,2026-08-05,DT,HOLD,0,VWAP Trend,MEDIUM,2,84.65,45.71,5.19,0.0,8.54,0.0,0.0,2026-08-13,1.58,2.34,87.5,7.72,70.39,-63.87,-16.86,8.2,8,2026-04-17 to 2026-08-04 (75 days),-1.0,61.3,0.3788,42.88,41.27,BULLISH,MEDIUM,EARNINGS TODAY (2026-08-05); Last surprise: +5.1%; Earnings conf adj: -3,4.95,-1.0,1.0,0,2026-08-05,5.13,-3
2026-08-05T12:55:25,2026-08-05,GEF,HOLD,0,VWAP Trend,HIGH,6,84.17,89.34,4.18,0.0,4.4,0.0,0.0,2026-08-07,3.12,10.51,85.7,22.62,47.25,-90.63,-1.8,2.9,7,2026-04-17 to 2026-08-04 (75 days),-1.0,82.4,0.3278,72.21,67.62,BULLISH,MEDIUM,RSI overbought; High volume; Strong trend (ADX=51); Last surprise: +45.0%; Earnings conf adj: +1,5.72,-1.0,1.0,84,2026-10-28,45.05,1
2026-08-05T12:53:52,2026-08-05,WWD,HOLD,0,VWAP Trend,HIGH,5,83.81,373.67,9.07,0.0,5.97,0.0,0.0,2026-08-08,2.96,8.89,66.7,5.47,52.48,69.33,-3.62,3.0,9,2026-04-17 to 2026-08-04 (75 days),-1.0,41.0,0.4374,393.41,348.95,BULLISH,HIGH,Strong trend (ADX=33); Last surprise: +2.9%,4.29,-1.0,1.0,-7,2026-07-29,2.86,0
2026-08-05T12:52:07,2026-08-05,FITB,HOLD,0,VWAP Trend,HIGH,5,80.61,57.77,3.66,0.0,2.72,0.0,0.0,2026-08-07,4.07,16.69,75.0,9.89,70.15,6.44,-2.2,2.1,12,2026-04-17 to 2026-08-04 (75 days),-1.0,58.3,0.2383,54.68,48.69,BULLISH,MEDIUM,Last surprise: -1.2%,7.87,-1.0,1.0,75,2026-10-19,-1.19,0
2026-08-05T12:54:03,2026-08-05,PNFP,HOLD,0,ADX Trend Following,HIGH,5,80.06,109.03,4.19,0.0,5.7,0.0,0.0,2026-08-11,4.24,14.96,100.0,122.19,47.86,-3.32,-1.52,6.0,4,2026-04-17 to 2026-08-04 (75 days),-1.0,70.1,0.2955,99.18,94.19,BULLISH,MEDIUM,RSI overbought; Price at statistical extreme; Strong trend (ADX=43); Last surprise: +1.6%,6.35,-1.0,1.0,70,2026-10-14,1.63,0
2026-08-05T12:54:22,2026-08-05,AEIS,HOLD,0,VWAP Trend,HIGH,6,80.02,341.39,12.0,0.0,11.9,0.0,0.0,2026-08-07,2.22,4.96,80.0,3.0,142.83,170.52,-13.89,2.8,10,2026-04-17 to 2026-08-04 (75 days),-1.0,58.9,0.9028,319.5,288.0,BULLISH,HIGH,High volume; Price at statistical extreme; Last surprise: +24.0%; Earnings conf adj: +1,2.08,-1.0,1.0,90,2026-11-03,23.98,1
2026-08-05T12:51:42,2026-08-05,COR,HOLD,0,ADX Trend Following,MEDIUM,2,78.68,306.28,3.59,0.0,5.38,0.0,0.0,2026-08-17,2.1,3.98,100.0,109.58,42.37,62.19,-4.26,12.2,4,2026-04-17 to 2026-08-04 (75 days),-1.0,53.6,0.2551,290.14,323.57,BEARISH,MEDIUM,EARNINGS TODAY (2026-08-05); Last surprise: +0.4%; Earnings conf adj: -3,7.35,-1.0,1.0,0,2026-08-05,0.42,-3
2026-08-05T12:54:11,2026-08-05,CRBG,HOLD,0,VWAP Trend,HIGH,5,78.38,31.6,3.96,0.0,6.69,0.0,0.0,2026-08-15,2.89,5.04,85.7,23.42,96.05,14.49,-6.45,10.0,7,2026-04-17 to 2026-08-04 (75 days),-1.0,57.6,0.2688,29.34,28.31,BULLISH,MEDIUM,Last surprise: +1.9%,6.98,-1.0,1.0,89,2026-11-02,1.94,0
2026-08-05T12:52:22,2026-08-05,IBM,HOLD,0,Stochastic Oscillator,HIGH,5,78.04,235.15,7.33,0.0,11.0,0.0,0.0,2026-08-20,5.22,27.91,100.0,703.15,640.26,660.85,-3.63,15.3,3,2026-04-17 to 2026-08-04 (75 days),-1.0,48.4,0.9809,260.11,267.79,BEARISH,HIGH,Last surprise: +0.0%,1.91,-1.0,1.0,77,2026-10-21,0.0,0
2026-08-05T12:52:35,2026-08-05,LH,HOLD,0,VWAP Trend,HIGH,5,77.6,312.34,5.02,0.0,4.77,0.0,0.0,2026-08-08,4.04,11.2,66.7,7.3,82.25,17.9,-3.6,3.8,9,2026-04-17 to 2026-08-04 (75 days),-1.0,68.1,0.3107,276.17,267.58,BULLISH,MEDIUM,Strong trend (ADX=33); Last surprise: +4.6%,6.04,-1.0,1.0,-6,2026-07-30,4.61,0
2026-08-05T12:54:34,2026-08-05,SANM,HOLD,0,VWAP Trend,HIGH,6,77.16,207.46,12.0,0.0,13.12,0.0,0.0,2026-08-08,3.62,11.89,83.3,19.04,339.57,257.87,-5.07,3.0,6,2026-04-17 to 2026-08-04 (75 days),-1.0,50.0,0.962,230.33,177.63,BULLISH,HIGH,Last surprise: +18.6%; Earnings conf adj: +1,1.95,-1.0,1.0,-9,2026-07-27,18.64,1
2026-08-05T12:52:43,2026-08-05,MKC,HOLD,0,ADX Trend Following,HIGH,6,76.68,52.06,5.14,0.0,6.42,0.0,0.0,2026-08-11,2.32,4.6,80.0,6.82,58.34,66.43,-5.27,6.8,5,2026-04-17 to 2026-08-04 (75 days),-1.0,55.1,0.3125,49.53,57.51,BEARISH,MEDIUM,Last surprise: +14.3%; Earnings conf adj: +1,6.0,-1.0,1.0,62,2026-10-06,14.29,1
2026-08-05T12:54:32,2026-08-05,DOCU,HOLD,0,VWAP Trend,HIGH,6,75.71,57.54,10.53,0.0,11.22,0.0,0.0,2026-08-10,3.28,5.82,72.7,6.18,274.87,156.38,-11.88,5.9,11,2026-04-17 to 2026-08-04 (75 days),-1.0,64.7,0.5867,48.89,54.56,BEARISH,HIGH,Last surprise: +10.1%; Earnings conf adj: +1,3.2,-1.0,1.0,29,2026-09-03,10.1,1
2026-08-05T12:53:48,2026-08-05,ILMN,HOLD,0,MACD Crossover,HIGH,6,75.63,203.01,5.99,0.0,10.6,0.0,0.0,2026-08-17,3.37,6.4,100.0,260.99,132.05,-174.27,-7.54,12.0,5,2026-04-17 to 2026-08-04 (75 days),-1.0,62.7,0.3886,177.71,140.77,BULLISH,MEDIUM,High volume; Last surprise: +6.5%; Earnings conf adj: +1,4.82,-1.0,1.0,85,2026-10-29,6.5,1
2026-08-05T12:54:43,2026-08-05,VIAV,BUY,1,VWAP Trend,MEDIUM,2,75.52,40.32,12.0,35.48,10.92,44.72,6.07,2026-08-07,3.14,7.87,83.3,7.14,186.7,213.23,-5.9,2.5,6,2026-04-17 to 2026-08-04 (75 days),0.464,49.3,0.8768,45.12,32.17,BULLISH,HIGH,Strong trend (ADX=32); EARNINGS TODAY (2026-08-05); Last surprise: +17.4%; Earnings conf adj: -3; Size: Kelly 10.0% / VolTgt 2.1% / Blend 6.1%,2.14,-1.0,1.0,0,2026-08-05,17.39,-3
2026-08-05T12:55:14,2026-08-05,GXO,HOLD,0,ADX Trend Following,HIGH,5,75.32,52.37,6.91,0.0,10.37,0.0,0.0,2026-08-17,1.91,3.05,75.0,32.97,60.39,92.94,-5.7,12.2,4,2026-04-17 to 2026-08-04 (75 days),-1.0,52.9,0.4308,50.68,53.62,BEARISH,HIGH,Last surprise: +35.1%,4.35,-1.0,1.0,90,2026-11-03,35.14,0
2026-08-05T12:53:27,2026-08-05,TRGP,HOLD,0,VWAP Trend,HIGH,4,73.23,262.98,4.23,0.0,3.06,0.0,0.0,2026-08-07,3.05,7.68,88.9,9.45,39.21,-11.29,-2.46,2.0,9,2026-04-17 to 2026-08-04 (75 days),-1.0,43.2,0.2745,268.18,221.63,BULLISH,MEDIUM,Strong trend (ADX=37); Earnings in 1d (2026-08-06); Last surprise: +7.4%; Earnings conf adj: -1,6.83,-1.0,1.0,1,2026-08-06,7.39,-1
2026-08-05T12:53:09,2026-08-05,RCL,HOLD,0,ADX Trend Following,HIGH,6,73.22,325.74,5.43,0.0,8.8,0.0,0.0,2026-08-16,2.22,4.09,100.0,201.3,90.83,31.33,-10.22,11.0,5,2026-04-17 to 2026-08-04 (75 days),-1.0,65.9,0.3369,296.19,284.37,BULLISH,MEDIUM,Strong trend (ADX=39); Last surprise: +5.8%; Earnings conf adj: +1,5.57,-1.0,1.0,83,2026-10-27,5.78,1
2026-08-05T12:55:38,2026-08-05,OPCH,HOLD,0,EMA Crossover (9/21),HIGH,5,73.02,23.69,7.74,0.0,11.25,0.0,0.0,2026-08-16,1.37,2.24,100.0,93.04,35.04,83.74,-6.14,11.7,3,2026-04-17 to 2026-08-04 (75 days),-1.0,62.2,0.4178,21.56,27.65,BEARISH,HIGH,Strong trend (ADX=31); Last surprise: +4.7%,4.49,-1.0,1.0,85,2026-10-29,4.65,0
2026-08-05T12:53:37,2026-08-05,VRT,EXIT,-1,VWAP Trend,HIGH,6,72.59,269.93,12.0,302.32,9.33,244.75,6.09,2026-08-06,3.21,5.87,81.8,3.71,237.51,273.19,-11.35,1.9,11,2026-04-17 to 2026-08-04 (75 days),-1.0,45.0,0.86,303.6,247.12,BULLISH,HIGH,Strong trend (ADX=31); Last surprise: +6.3%; Earnings conf adj: +1; Size: Kelly 10.0% / VolTgt 2.2% / Blend 6.1%,2.18,-1.0,1.0,77,2026-10-21,6.29,1
2026-08-05T12:55:59,2026-08-05,TOL,HOLD,0,VWAP Trend,HIGH,6,71.59,153.24,4.7,0.0,4.38,0.0,0.0,2026-08-07,3.19,13.48,87.5,141.31,123.16,106.4,-3.03,2.4,8,2026-04-17 to 2026-08-04 (75 days),-1.0,53.9,0.3587,148.71,142.57,BULLISH,MEDIUM,Last surprise: +5.0%; Earnings conf adj: +1,5.23,-1.0,1.0,13,2026-08-18,5.02,1
2026-08-05T12:52:07,2026-08-05,FLEX,HOLD,0,VWAP Trend,HIGH,6,70.96,126.71,12.0,0.0,12.05,0.0,0.0,2026-08-09,3.25,6.44,100.0,355.7,213.96,-129.32,-11.55,4.0,7,2026-04-17 to 2026-08-04 (75 days),-1.0,50.5,0.7651,138.71,88.76,BULLISH,HIGH,Strong trend (ADX=31); Last surprise: +8.7%; Earnings conf adj: +1,2.45,-1.0,1.0,84,2026-10-28,8.7,1
2026-08-05T12:55:11,2026-08-05,ESNT,HOLD,0,ADX Trend Following,HIGH,4,70.44,66.67,3.23,0.0,7.17,0.0,0.0,2026-08-19,2.65,6.3,100.0,124.65,47.8,17.43,-3.43,14.3,3,2026-04-17 to 2026-08-04 (75 days),-1.0,58.7,0.241,62.23,61.32,BULLISH,MEDIUM,Earnings in 2d (2026-08-07); Last surprise: +5.8%; Earnings conf adj: -1,7.78,-1.0,1.0,2,2026-08-07,5.81,-1
2026-08-05T12:55:26,2026-08-05,CAR,EXIT,-1,VWAP Trend,MEDIUM,3,69.62,141.13,12.0,158.07,11.9,124.34,6.76,2026-08-13,0.84,1.15,83.3,2.04,23.3,121.9,-15.63,8.0,6,2026-04-17 to 2026-08-04 (75 days),-1.0,36.7,0.5341,166.4,158.05,BULLISH,HIGH,Last surprise: -47.0%; Earnings conf adj: -1; Size: Kelly 10.0% / VolTgt 3.5% / Blend 6.8%,3.51,-1.0,1.0,83,2026-10-27,-47.03,-1
2026-08-05T12:55:10,2026-08-05,FBIN,HOLD,0,VWAP Trend,HIGH,5,69.08,52.73,7.86,0.0,9.43,0.0,0.0,2026-08-13,3.12,7.73,83.3,6.62,233.62,80.42,-7.67,8.3,6,2026-04-17 to 2026-08-04 (75 days),-1.0,61.6,0.4155,46.24,47.25,BEARISH,HIGH,High volume; Last surprise: +0.0%,4.51,-1.0,1.0,-1,2026-08-04,0.0,0
2026-08-05T12:53:26,2026-08-05,TPR,HOLD,0,MACD Crossover,HIGH,6,68.62,155.97,4.2,0.0,11.13,0.0,0.0,2026-08-21,2.18,3.66,100.0,139.86,56.88,55.64,-4.96,16.0,3,2026-04-17 to 2026-08-04 (75 days),-1.0,66.2,0.3534,144.38,134.76,BULLISH,MEDIUM,Strong trend (ADX=38); Last surprise: +27.7%; Earnings conf adj: +1,5.31,-1.0,1.0,8,2026-08-13,27.69,1
2026-08-05T12:55:22,2026-08-05,PEGA,HOLD,0,VWAP Trend,MEDIUM,3,68.41,31.75,12.0,0.0,18.0,0.0,0.0,2026-08-20,0.99,1.62,80.0,1.98,32.94,98.89,-11.45,15.4,5,2026-04-17 to 2026-08-04 (75 days),-1.0,54.4,0.766,31.74,44.53,BEARISH,HIGH,Last surprise: -18.6%; Earnings conf adj: -1,2.45,-1.0,1.0,76,2026-10-20,-18.6,-1
2026-08-05T12:54:48,2026-08-05,HQY,HOLD,0,VWAP Trend,HIGH,6,68.17,104.97,4.66,0.0,10.25,0.0,0.0,2026-08-19,3.23,6.92,80.0,113.18,129.93,33.09,-5.98,14.4,5,2026-04-17 to 2026-08-04 (75 days),-1.0,67.4,0.3431,92.31,88.65,BULLISH,MEDIUM,Strong trend (ADX=46); Last surprise: +10.7%; Earnings conf adj: +1,5.47,-1.0,1.0,22,2026-08-27,10.71,1
2026-08-05T12:54:29,2026-08-05,GMED,HOLD,0,ADX Trend Following,HIGH,4,68.05,81.51,6.04,0.0,9.06,0.0,0.0,2026-08-18,1.56,2.58,100.0,119.4,46.56,87.73,-8.6,13.7,3,2026-04-17 to 2026-08-04 (75 days),-1.0,55.5,0.4069,79.6,84.18,BEARISH,HIGH,Earnings in 1d (2026-08-06); Last surprise: +21.7%; Earnings conf adj: -1,4.61,-1.0,1.0,1,2026-08-06,21.74,-1
2026-08-05T12:52:16,2026-08-05,GRMN,HOLD,0,ADX Trend Following,HIGH,6,67.77,307.36,7.54,0.0,19.53,0.0,0.0,2026-08-19,1.73,2.84,100.0,83.41,30.47,-32.61,-4.23,14.7,3,2026-04-17 to 2026-08-04 (75 days),-1.0,80.5,0.647,245.37,228.49,BULLISH,HIGH,RSI overbought; Strong trend (ADX=53); Last surprise: +22.7%; Earnings conf adj: +1,2.9,-1.0,1.0,84,2026-10-28,22.71,1
2026-08-05T12:53:14,2026-08-05,SCHW,HOLD,0,VWAP Trend,HIGH,5,67.49,106.35,2.53,0.0,3.97,0.0,0.0,2026-08-12,2.7,4.5,66.7,6.1,47.68,-16.44,-3.95,7.2,6,2026-04-17 to 2026-08-04 (75 days),-1.0,67.9,0.1878,95.8,95.28,BULLISH,LOW,Strong trend (ADX=45); Last surprise: +4.5%,9.98,-1.0,1.0,71,2026-10-15,4.52,0
2026-08-05T12:52:01,2026-08-05,EVRG,HOLD,0,VWAP Trend,HIGH,4,66.96,83.84,2.36,0.0,1.95,0.0,0.0,2026-08-07,2.31,5.81,72.7,4.37,18.91,9.64,-1.19,2.4,11,2026-04-17 to 2026-08-04 (75 days),-1.0,44.3,0.1601,84.54,79.17,BULLISH,LOW,Earnings in 1d (2026-08-06); Last surprise: +13.1%; Earnings conf adj: -1,10.0,-1.0,1.0,1,2026-08-06,13.11,-1
2026-08-05T12:52:13,2026-08-05,GM,HOLD,0,MACD Crossover,HIGH,6,66.57,88.31,5.31,0.0,8.06,0.0,0.0,2026-08-13,2.3,4.54,100.0,155.52,64.69,31.29,-5.66,8.8,4,2026-04-17 to 2026-08-04 (75 days),-1.0,65.5,0.3451,80.92,77.46,BULLISH,MEDIUM,Strong trend (ADX=42); Last surprise: +11.9%; Earnings conf adj: +1,5.43,-1.0,1.0,76,2026-10-20,11.91,1
2026-08-05T12:55:33,2026-08-05,CDP,HOLD,0,VWAP Trend,HIGH,6,66.42,37.81,2.57,0.0,1.66,0.0,0.0,2026-08-07,2.14,3.9,75.0,2.87,32.87,-39.81,-5.3,2.2,12,2026-04-17 to 2026-08-04 (75 days),-1.0,61.1,0.1421,35.26,31.23,BULLISH,LOW,Strong trend (ADX=31); Last surprise: +25.0%; Earnings conf adj: +1,10.0,-1.0,1.0,85,2026-10-29,25.0,1
2026-08-05T12:51:26,2026-08-05,BG,BUY,1,Stochastic Oscillator,HIGH,5,66.24,106.73,7.26,98.98,10.89,118.35,7.27,2026-08-17,2.13,4.71,100.0,120.37,44.98,75.04,-7.47,12.3,3,2026-04-17 to 2026-08-04 (75 days),0.099,36.7,0.4133,117.27,111.29,BULLISH,HIGH,High volume; Strong trend (ADX=44); Last surprise: +3.1%; Size: Kelly 10.0% / VolTgt 4.5% / Blend 7.3%,4.54,-1.0,1.0,-7,2026-07-29,3.09,0
2026-08-05T12:55:49,2026-08-05,DCI,HOLD,0,MACD Crossover,HIGH,5,66.08,98.14,3.8,0.0,5.7,0.0,0.0,2026-08-21,2.82,4.95,100.0,174.77,74.95,34.75,-4.04,16.5,4,2026-04-17 to 2026-08-04 (75 days),-1.0,71.2,0.2245,88.11,89.93,BEARISH,MEDIUM,RSI overbought; Price at statistical extreme; Strong trend (ADX=34); Last surprise: +1.0%,8.35,-1.0,1.0,22,2026-08-27,0.95,0
2026-08-05T12:55:00,2026-08-05,AN,EXIT,-1,VWAP Trend,HIGH,5,66.01,215.6,9.35,235.76,11.25,191.34,7.1,2026-08-15,2.58,4.16,83.3,13.14,97.2,84.18,-7.64,10.3,6,2026-04-17 to 2026-08-04 (75 days),-1.0,59.0,0.445,196.7,201.11,BEARISH,HIGH,Strong trend (ADX=31); Last surprise: +1.8%; Size: Kelly 10.0% / VolTgt 4.2% / Blend 7.1%,4.21,-1.0,1.0,85,2026-10-29,1.83,0
2026-08-05T12:51:24,2026-08-05,BAX,HOLD,0,VWAP Trend,HIGH,6,65.45,28.35,9.11,0.0,15.2,0.0,0.0,2026-08-17,3.9,7.53,83.3,8.17,273.1,-39.35,-7.14,12.0,6,2026-04-17 to 2026-08-04 (75 days),-1.0,77.0,0.5573,21.61,19.62,BULLISH,HIGH,RSI overbought; Price at statistical extreme; Strong trend (ADX=53); Last surprise: +51.4%; Earnings conf adj: +1,3.36,-1.0,1.0,85,2026-10-29,51.35,1
2026-08-05T12:52:12,2026-08-05,GEN,BUY,1,VWAP Trend,MEDIUM,3,65.43,28.27,4.41,27.02,6.44,30.09,7.99,2026-08-11,4.35,33.51,100.0,308.52,168.82,-55.43,-2.18,6.8,4,2026-04-17 to 2026-08-04 (75 days),0.548,66.3,0.3136,25.73,24.13,BULLISH,MEDIUM,Earnings in 1d (2026-08-06); Last surprise: +3.1%; Earnings conf adj: -2; Size: Kelly 10.0% / VolTgt 6.0% / Blend 8.0%,5.98,-1.0,1.0,1,2026-08-06,3.08,-2
2026-08-05T12:51:22,2026-08-05,AXON,HOLD,0,Stochastic Oscillator,MEDIUM,2,65.42,607.2,9.28,0.0,13.92,0.0,0.0,2026-08-14,4.75,23.55,100.0,609.6,464.71,160.32,-4.08,9.0,2,2026-04-17 to 2026-08-04 (75 days),-1.0,66.3,0.6356,500.34,514.01,BEARISH,HIGH,Price at statistical extreme; EARNINGS TODAY (2026-08-05); Last surprise: +0.6%; Earnings conf adj: -3,2.95,-1.0,1.0,0,2026-08-05,0.63,-3
2026-08-05T12:54:07,2026-08-05,ARMK,HOLD,0,VWAP Trend,HIGH,5,65.35,56.22,2.27,0.0,1.78,0.0,0.0,2026-08-07,2.27,5.29,80.0,15.76,35.82,-75.28,-3.1,2.5,10,2026-04-17 to 2026-08-04 (75 days),-1.0,48.6,0.1432,55.37,44.14,BULLISH,LOW,Last surprise: +2.1%,10.0,-1.0,1.0,6,2026-08-11,2.08,0
2026-08-05T12:52:01,2026-08-05,ETR,HOLD,0,VWAP Trend,HIGH,5,64.41,108.86,3.85,0.0,2.42,0.0,0.0,2026-08-07,1.53,2.75,77.8,3.49,13.62,30.4,-2.47,2.1,9,2026-04-17 to 2026-08-04 (75 days),-1.0,39.8,0.2119,112.08,103.59,BULLISH,MEDIUM,Strong trend (ADX=35); Last surprise: +2.0%,8.85,-1.0,1.0,85,2026-10-29,1.98,0
2026-08-05T12:54:48,2026-08-05,ATR,EXIT,-1,VWAP Trend,HIGH,6,63.98,136.18,4.08,141.74,6.12,127.85,8.16,2026-08-19,1.76,2.87,100.0,104.51,39.12,20.93,-5.32,14.8,5,2026-04-17 to 2026-08-04 (75 days),-1.0,64.9,0.2968,123.48,124.36,BEARISH,MEDIUM,Strong trend (ADX=53); Last surprise: +5.2%; Earnings conf adj: +1; Size: Kelly 10.0% / VolTgt 6.3% / Blend 8.2%,6.32,-1.0,1.0,85,2026-10-29,5.19,1
2026-08-05T12:51:39,2026-08-05,CNC,HOLD,0,ADX Trend Following,HIGH,6,63.82,64.07,6.66,0.0,13.46,0.0,0.0,2026-08-27,3.64,8.68,100.0,555.74,355.46,-127.97,-8.41,22.5,4,2026-04-17 to 2026-08-04 (75 days),-1.0,50.0,0.3604,63.85,46.88,BULLISH,MEDIUM,Strong trend (ADX=47); Last surprise: +132.4%; Earnings conf adj: +1,5.2,-1.0,1.0,83,2026-10-27,132.41,1
2026-08-05T12:51:43,2026-08-05,CPAY,HOLD,0,ADX Trend Following,MEDIUM,2,63.3,396.52,4.2,0.0,7.94,0.0,0.0,2026-08-17,1.82,4.14,80.0,3.5,69.56,-8.65,-7.33,12.0,5,2026-04-17 to 2026-08-04 (75 days),-1.0,66.8,0.2909,357.92,321.82,BULLISH,MEDIUM,Strong trend (ADX=34); EARNINGS TODAY (2026-08-05); Last surprise: +6.0%; Earnings conf adj: -3,6.44,-1.0,1.0,0,2026-08-05,6.03,-3
2026-08-05T12:54:21,2026-08-05,BTSG,HOLD,0,VWAP Trend,HIGH,6,63.21,62.77,12.0,0.0,10.77,0.0,0.0,2026-08-08,3.5,10.22,71.4,17.56,131.98,-30.7,-3.92,3.1,7,2026-04-17 to 2026-08-04 (75 days),-1.0,41.4,0.7766,66.13,46.95,BULLISH,HIGH,Strong trend (ADX=33); Last surprise: +12.5%; Earnings conf adj: +1,2.41,-1.0,1.0,86,2026-10-30,12.5,1
2026-08-05T12:54:22,2026-08-05,COKE,BUY,1,VWAP Trend,LOW,0,62.97,181.0,5.37,171.28,3.79,187.86,6.32,2026-08-07,0.59,0.93,66.7,1.49,9.13,23.85,-8.08,2.1,9,2026-04-17 to 2026-08-04 (75 days),0.524,46.6,0.3323,182.07,172.94,BULLISH,MEDIUM,EARNINGS TODAY (2026-08-05); Last surprise: +32.1%; Earnings conf adj: -3; Size: Kelly 7.0% / VolTgt 5.6% / Blend 6.3%,5.64,-1.0,1.0,0,2026-08-05,32.14,-3
2026-08-05T12:53:28,2026-08-05,TSCO,HOLD,0,SMA Crossover (10/50),HIGH,4,62.32,33.12,5.34,0.0,2.75,0.0,0.0,2026-08-06,2.42,60.01,100.0,47.99,16.71,80.54,-0.1,1.0,2,2026-04-17 to 2026-08-04 (75 days),-1.0,62.9,0.3494,30.63,43.73,BEARISH,MEDIUM,Price at statistical extreme; Last surprise: -15.9%; Earnings conf adj: -1,5.37,-1.0,1.0,78,2026-10-22,-15.85,-1
2026-08-05T12:54:33,2026-08-05,SSB,HOLD,0,MACD Crossover,HIGH,5,62.27,109.43,3.23,0.0,6.83,0.0,0.0,2026-08-16,2.49,4.69,80.0,15.29,49.16,10.02,-4.08,11.2,5,2026-04-17 to 2026-08-04 (75 days),-1.0,70.3,0.2591,99.6,95.7,BULLISH,MEDIUM,RSI overbought; Strong trend (ADX=41); Last surprise: +2.6%,7.24,-1.0,1.0,77,2026-10-21,2.62,0
2026-08-05T12:52:43,2026-08-05,META,BUY,1,VWAP Trend,HIGH,4,62.25,587.94,8.42,538.44,10.47,649.5,6.73,2026-08-11,1.29,2.16,66.7,2.37,44.42,85.84,-11.56,6.0,9,2026-04-17 to 2026-08-04 (75 days),0.119,46.5,0.5426,601.33,632.36,BEARISH,HIGH,Last surprise: -14.4%; Earnings conf adj: -1; Size: Kelly 10.0% / VolTgt 3.5% / Blend 6.7%,3.46,-1.0,1.0,84,2026-10-28,-14.4,-1
2026-08-05T12:52:46,2026-08-05,MRNA,HOLD,0,VWAP Trend,HIGH,5,61.99,56.99,11.39,0.0,8.3,0.0,0.0,2026-08-07,1.49,2.93,66.7,2.09,77.72,55.43,-10.06,2.4,9,2026-04-17 to 2026-08-04 (75 days),-1.0,45.0,0.6803,58.74,45.15,BULLISH,HIGH,Strong trend (ADX=34); Last surprise: +4.4%,2.76,-1.0,1.0,-5,2026-07-31,4.37,0
2026-08-05T12:54:46,2026-08-05,BIO,HOLD,0,MACD Crossover,HIGH,5,61.53,332.88,4.96,0.0,10.37,0.0,0.0,2026-08-22,2.32,4.35,100.0,163.56,68.01,23.91,-11.77,17.7,3,2026-04-17 to 2026-08-04 (75 days),-1.0,69.3,0.313,301.06,295.98,BULLISH,MEDIUM,Strong trend (ADX=31); Last surprise: -5.0%,5.99,-1.0,1.0,85,2026-10-29,-5.03,0
2026-08-05T12:53:19,2026-08-05,STX,HOLD,0,VWAP Trend,HIGH,6,60.58,845.35,12.0,0.0,15.08,0.0,0.0,2026-08-09,3.44,8.6,71.4,9.15,288.68,-50.68,-9.15,4.3,7,2026-04-17 to 2026-08-04 (75 days),-1.0,49.2,0.9236,892.39,523.79,BULLISH,HIGH,Last surprise: +12.2%; Earnings conf adj: +1,2.03,-1.0,1.0,83,2026-10-27,12.18,1
2026-08-05T12:55:35,2026-08-05,IRT,HOLD,0,Stochastic Oscillator,HIGH,4,60.28,17.06,3.35,0.0,5.03,0.0,0.0,2026-08-14,2.94,7.8,100.0,91.24,31.69,6.65,-1.54,9.5,2,2026-04-17 to 2026-08-04 (75 days),-1.0,58.2,0.2293,16.54,16.15,BULLISH,MEDIUM,High volume; Price at statistical extreme; Last surprise: -66.7%; Earnings conf adj: -1,8.18,-1.0,1.0,84,2026-10-28,-66.67,-1
2026-08-05T12:53:09,2026-08-05,REGN,HOLD,0,ADX Trend Following,HIGH,6,60.27,760.66,4.27,0.0,6.4,0.0,0.0,2026-08-20,3.58,10.31,100.0,225.13,104.72,99.53,-4.09,15.5,2,2026-04-17 to 2026-08-04 (75 days),-1.0,76.7,0.3422,648.23,710.3,BEARISH,MEDIUM,RSI overbought; Strong trend (ADX=52); Last surprise: +40.0%; Earnings conf adj: +1,5.48,-1.0,1.0,84,2026-10-28,39.96,1
2026-08-05T12:55:28,2026-08-05,BILL,HOLD,0,MACD Crossover,HIGH,6,60.12,48.57,8.94,0.0,13.41,0.0,0.0,2026-08-18,3.25,6.52,100.0,330.34,173.4,58.73,-8.68,13.0,3,2026-04-17 to 2026-08-04 (75 days),-1.0,67.7,0.558,38.82,43.86,BEARISH,HIGH,Last surprise: +23.6%; Earnings conf adj: +1,3.36,-1.0,1.0,14,2026-08-19,23.64,1
2026-08-05T12:51:24,2026-08-05,BALL,BUY,1,VWAP Trend,HIGH,5,59.95,63.75,4.35,60.98,3.48,65.97,8.22,2026-08-07,3.71,12.39,70.0,10.59,62.32,64.92,-2.49,2.3,10,2026-04-17 to 2026-08-04 (75 days),0.536,54.8,0.2916,59.81,57.14,BULLISH,MEDIUM,Strong trend (ADX=41); Last surprise: +11.9%; Size: Kelly 10.0% / VolTgt 6.4% / Blend 8.2%,6.43,-1.0,1.0,90,2026-11-03,11.9,0
2026-08-05T12:53:23,2026-08-05,TDG,HOLD,0,VWAP Trend,HIGH,5,59.62,1275.05,4.64,0.0,6.96,0.0,0.0,2026-08-15,1.98,3.29,71.4,3.3,59.33,56.84,-7.58,10.1,7,2026-04-17 to 2026-08-04 (75 days),-1.0,52.7,0.3191,1266.67,1280.87,BEARISH,MEDIUM,High volume; Last surprise: +4.0%,5.88,-1.0,1.0,-1,2026-08-04,4.01,0
2026-08-05T12:54:13,2026-08-05,EXEL,EXIT,-1,VWAP Trend,MEDIUM,2,59.57,56.0,4.51,58.53,3.53,54.02,8.1,2026-08-07,1.97,4.39,62.5,3.78,58.11,-54.24,-5.11,2.2,8,2026-04-17 to 2026-08-04 (75 days),-1.0,54.5,0.3021,53.8,45.95,BULLISH,MEDIUM,EARNINGS TODAY (2026-08-05); Last surprise: +14.5%; Earnings conf adj: -3; Size: Kelly 10.0% / VolTgt 6.2% / Blend 8.1%,6.21,-1.0,1.0,0,2026-08-05,14.47,-3
2026-08-05T12:53:47,2026-08-05,ZBRA,HOLD,0,VWAP Trend,HIGH,6,59.03,368.83,8.62,0.0,26.02,0.0,0.0,2026-08-16,2.75,7.42,62.5,6.94,388.35,20.37,-17.02,11.0,8,2026-04-17 to 2026-08-04 (75 days),-1.0,85.2,0.9962,257.7,246.8,BULLISH,HIGH,RSI overbought; High volume; Price at statistical extreme; Strong trend (ADX=35); Last surprise: +11.8%; Earnings conf adj: +1,1.88,-1.0,1.0,90,2026-11-03,11.76,1
2026-08-05T12:52:02,2026-08-05,EXC,HOLD,0,VWAP Trend,HIGH,5,58.97,45.84,3.57,0.0,2.19,0.0,0.0,2026-08-06,2.75,6.47,72.7,3.59,24.19,29.51,-1.42,1.7,11,2026-04-17 to 2026-08-04 (75 days),-1.0,45.3,0.2131,46.2,45.63,BULLISH,MEDIUM,Last surprise: -4.4%,8.8,-1.0,1.0,-6,2026-07-30,-4.44,0
2026-08-05T12:54:25,2026-08-05,RYAN,BUY,1,VWAP Trend,HIGH,6,58.97,44.6,10.02,40.13,11.85,49.89,7.0,2026-08-15,3.28,6.64,71.4,10.42,237.58,153.69,-8.62,10.3,7,2026-04-17 to 2026-08-04 (75 days),0.258,61.7,0.4691,37.97,42.84,BEARISH,HIGH,Strong trend (ADX=35); Last surprise: +23.3%; Earnings conf adj: +1; Size: Kelly 10.0% / VolTgt 4.0% / Blend 7.0%,4.0,-1.0,1.0,85,2026-10-29,23.33,1
2026-08-05T12:51:54,2026-08-05,DXCM,HOLD,0,Stochastic Oscillator,HIGH,6,58.77,86.94,7.69,0.0,11.54,0.0,0.0,2026-08-16,3.23,11.41,100.0,274.87,130.84,-53.29,-3.98,11.5,2,2026-04-17 to 2026-08-04 (75 days),-1.0,71.7,0.5944,73.75,67.96,BULLISH,HIGH,RSI overbought; Price at statistical extreme; Strong trend (ADX=34); Last surprise: +14.8%; Earnings conf adj: +1,3.15,-1.0,1.0,85,2026-10-29,14.75,1
2026-08-05T12:52:20,2026-08-05,HPQ,HOLD,0,ADX Trend Following,HIGH,6,58.33,28.82,8.99,0.0,21.27,0.0,0.0,2026-09-03,2.56,5.14,100.0,415.37,262.31,-6.76,-20.52,29.7,3,2026-04-17 to 2026-08-04 (75 days),-1.0,68.2,0.4957,24.82,22.02,BULLISH,HIGH,Strong trend (ADX=37); Last surprise: +19.4%; Earnings conf adj: +1,3.78,-1.0,1.0,21,2026-08-26,19.44,1
2026-08-05T12:51:17,2026-08-05,AMZN,EXIT,-1,Stochastic Oscillator,HIGH,6,58.25,277.42,7.19,297.37,10.79,247.49,6.46,2026-08-27,2.02,5.01,100.0,227.2,93.14,51.69,-8.74,22.0,2,2026-04-17 to 2026-08-04 (75 days),-1.0,67.0,0.6449,247.19,235.66,BULLISH,HIGH,Strong trend (ADX=41); Last surprise: +214.2%; Earnings conf adj: +1; Size: Kelly 10.0% / VolTgt 2.9% / Blend 6.5%,2.91,-1.0,1.0,85,2026-10-29,214.21,1
2026-08-05T12:53:44,2026-08-05,WST,BUY,1,PEAD Earnings Drift,HIGH,6,58.1,348.76,5.12,330.9,15.36,402.33,7.82,2026-09-24,3.0,6.88,100.0,313.24,157.32,28.05,-7.89,50.5,2,2026-04-17 to 2026-08-04 (75 days),0.468,53.3,0.3325,339.49,285.33,BULLISH,MEDIUM,Last surprise: +13.9%; Earnings conf adj: +1; Size: Kelly 10.0% / VolTgt 5.6% / Blend 7.8%,5.64,-1.0,1.0,78,2026-10-22,13.94,1
2026-08-05T12:53:33,2026-08-05,UNH,HOLD,0,MACD Crossover,HIGH,5,58.09,407.55,5.05,0.0,4.37,0.0,0.0,2026-08-10,0.95,1.62,75.0,3.68,8.91,-112.32,-3.62,5.0,4,2026-04-17 to 2026-08-04 (75 days),-1.0,43.1,0.248,410.64,342.06,BULLISH,MEDIUM,Price at statistical extreme; Last surprise: +29.7%; Earnings conf adj: +1,7.56,-1.0,1.0,83,2026-10-27,29.67,1
2026-08-05T12:54:57,2026-08-05,MORN,HOLD,0,VWAP Trend,HIGH,4,57.53,200.25,8.59,0.0,11.26,0.0,0.0,2026-08-14,0.72,1.04,55.6,1.44,25.96,-8.13,-24.16,9.9,9,2026-04-17 to 2026-08-04 (75 days),-1.0,69.5,0.4545,173.52,187.58,BEARISH,HIGH,Strong trend (ADX=34); Last surprise: +9.5%; Earnings conf adj: +1,4.13,-1.0,1.0,84,2026-10-28,9.54,1
2026-08-05T12:53:31,2026-08-05,TXN,HOLD,0,MACD Crossover,HIGH,6,57.3,283.63,8.6,0.0,3.92,0.0,0.0,2026-08-06,2.22,17.79,100.0,45.86,15.51,-96.41,-0.61,1.5,2,2026-04-17 to 2026-08-04 (75 days),-1.0,48.5,0.4066,295.71,225.26,BULLISH,HIGH,Strong trend (ADX=33); Last surprise: +10.3%; Earnings conf adj: +1,4.61,-1.0,1.0,83,2026-10-27,10.31,1
2026-08-05T12:55:23,2026-08-05,SLM,HOLD,0,SMA Crossover (10/50),HIGH,4,57.25,27.86,4.69,0.0,7.04,0.0,0.0,2026-08-21,3.64,6.92,100.0,274.56,133.91,27.01,-8.46,16.7,3,2026-04-17 to 2026-08-04 (75 days),-1.0,72.3,0.3796,24.05,24.33,BEARISH,MEDIUM,RSI overbought; Price at statistical extreme; Last surprise: -34.1%; Earnings conf adj: -1,4.94,-1.0,1.0,78,2026-10-22,-34.09,-1
2026-08-05T12:51:32,2026-08-05,CBOE,HOLD,0,MACD Crossover,HIGH,5,57.16,288.42,6.42,0.0,12.56,0.0,0.0,2026-08-22,2.92,5.71,100.0,247.65,120.89,132.75,-7.13,17.0,3,2026-04-17 to 2026-08-04 (75 days),-1.0,52.2,0.3869,281.73,278.75,BULLISH,MEDIUM,Strong trend (ADX=31); Last surprise: +2.0%,4.85,-1.0,1.0,86,2026-10-30,2.01,0
2026-08-05T12:54:06,2026-08-05,JAZZ,BUY,1,MACD Crossover,HIGH,4,57.14,261.62,4.44,250.0,9.54,286.58,8.19,2026-08-22,2.61,6.59,100.0,163.54,68.1,-67.48,-4.54,17.0,3,2026-04-17 to 2026-08-04 (75 days),0.119,64.8,0.294,240.16,192.58,BULLISH,MEDIUM,High volume; Strong trend (ADX=33); Last surprise: -7.6%; Earnings conf adj: -1; Size: Kelly 10.0% / VolTgt 6.4% / Blend 8.2%,6.38,-1.0,1.0,-2,2026-08-03,-7.61,-1
2026-08-05T12:53:15,2026-08-05,SJM,HOLD,0,VWAP Trend,HIGH,5,57.05,119.17,4.89,0.0,4.67,0.0,0.0,2026-08-08,1.06,1.98,75.0,2.37,14.5,-106.2,-4.09,3.1,8,2026-04-17 to 2026-08-04 (75 days),-1.0,55.6,0.3372,112.07,103.31,BULLISH,MEDIUM,Strong trend (ADX=33); Last surprise: +4.9%,5.56,-1.0,1.0,22,2026-08-27,4.92,0
2026-08-05T12:52:59,2026-08-05,PCAR,HOLD,0,ADX Trend Following,HIGH,6,56.93,135.96,4.54,0.0,9.07,0.0,0.0,2026-08-21,2.88,6.28,100.0,131.57,51.87,21.8,-4.45,16.0,2,2026-04-17 to 2026-08-04 (75 days),-1.0,65.3,0.2878,122.01,115.63,BULLISH,MEDIUM,High volume; Strong trend (ADX=52); Last surprise: +5.1%; Earnings conf adj: +1,6.51,-1.0,1.0,83,2026-10-27,5.15,1
2026-08-05T12:54:36,2026-08-05,AYI,HOLD,0,VWAP Trend,HIGH,5,56.91,348.58,4.9,0.0,9.33,0.0,0.0,2026-08-17,2.35,3.4,100.0,174.41,74.53,-7.28,-8.34,12.4,5,2026-04-17 to 2026-08-04 (75 days),-1.0,58.4,0.3365,323.84,320.61,BULLISH,MEDIUM,Price at statistical extreme; Last surprise: +2.3%,5.57,-1.0,1.0,56,2026-09-30,2.31,0
2026-08-05T12:53:48,2026-08-05,TWLO,HOLD,0,Stochastic Oscillator,MEDIUM,3,56.74,194.05,9.41,0.0,10.84,0.0,0.0,2026-08-16,2.52,5.6,100.0,122.02,41.64,-161.52,-3.2,11.5,2,2026-04-17 to 2026-08-04 (75 days),-1.0,46.0,0.4061,201.91,150.5,BULLISH,HIGH,High volume; Earnings in 1d (2026-08-06); Last surprise: +18.1%; Earnings conf adj: -2,4.62,-1.0,1.0,1,2026-08-06,18.11,-2
2026-08-05T12:52:25,2026-08-05,INTU,HOLD,0,VWAP Trend,HIGH,4,56.67,323.6,10.07,0.0,11.78,0.0,0.0,2026-08-13,0.98,1.61,57.1,1.62,32.2,79.93,-22.2,8.9,7,2026-04-17 to 2026-08-04 (75 days),-1.0,62.0,0.5014,290.23,460.36,BEARISH,HIGH,Strong trend (ADX=32); Last surprise: +1.8%,3.74,-1.0,1.0,20,2026-08-25,1.83,0
2026-08-05T12:55:54,2026-08-05,MMS,HOLD,0,ADX Trend Following,LOW,1,56.66,63.33,4.88,0.0,7.32,0.0,0.0,2026-08-16,-0.29,-0.38,75.0,0.88,-8.99,15.55,-14.14,11.0,4,2026-04-17 to 2026-08-04 (75 days),-1.0,63.5,0.327,58.98,73.1,BEARISH,MEDIUM,Strong trend (ADX=32); Earnings in 1d (2026-08-06); Last surprise: +5.1%; Earnings conf adj: -1,5.73,-1.0,1.0,1,2026-08-06,5.08,-1
2026-08-05T12:54:11,2026-08-05,NXT,EXIT,-1,VWAP Trend,HIGH,6,56.47,98.44,12.0,110.25,10.02,88.58,6.19,2026-08-07,1.96,3.27,90.0,4.46,104.31,138.66,-12.38,2.6,10,2026-04-17 to 2026-08-04 (75 days),-1.0,44.7,0.789,116.51,109.03,BULLISH,HIGH,Strong trend (ADX=32); Last surprise: +14.3%; Earnings conf adj: +1; Size: Kelly 10.0% / VolTgt 2.4% / Blend 6.2%,2.38,-1.0,1.0,84,2026-10-28,14.29,1
2026-08-05T12:55:03,2026-08-05,APPF,HOLD,0,Stochastic Oscillator,HIGH,5,56.4,199.53,10.27,0.0,15.4,0.0,0.0,2026-09-05,2.49,4.43,100.0,324.5,166.57,37.73,-19.48,31.0,2,2026-04-17 to 2026-08-04 (75 days),-1.0,67.2,0.5586,167.77,191.41,BEARISH,HIGH,High volume; Price at statistical extreme; Last surprise: +1.2%,3.36,-1.0,1.0,85,2026-10-29,1.18,0
2026-08-05T12:53:31,2026-08-05,TYL,HOLD,0,Stochastic Oscillator,HIGH,5,56.2,313.33,10.54,0.0,15.81,0.0,0.0,2026-09-04,1.06,1.75,100.0,93.73,34.93,61.16,-16.54,30.0,2,2026-04-17 to 2026-08-04 (75 days),-1.0,51.8,0.5421,304.9,373.73,BEARISH,HIGH,Last surprise: +0.3%,3.46,-1.0,1.0,84,2026-10-28,0.33,0
2026-08-05T12:55:29,2026-08-05,TREX,HOLD,0,VWAP Trend,HIGH,6,56.2,47.02,9.06,0.0,7.89,0.0,0.0,2026-08-09,2.62,5.24,60.0,3.48,128.19,90.12,-6.68,4.9,10,2026-04-17 to 2026-08-04 (75 days),-1.0,58.6,0.4525,44.73,40.6,BULLISH,HIGH,High volume; Last surprise: +15.7%; Earnings conf adj: +1,4.14,-1.0,1.0,91,2026-11-04,15.69,1
2026-08-05T12:54:32,2026-08-05,SPXC,HOLD,0,VWAP Trend,HIGH,6,55.97,215.97,10.35,0.0,7.38,0.0,0.0,2026-08-07,2.39,4.51,60.0,3.4,57.52,68.56,-4.15,2.3,10,2026-04-17 to 2026-08-04 (75 days),-1.0,49.6,0.6181,223.69,214.32,BULLISH,HIGH,Strong trend (ADX=34); Last surprise: +9.2%; Earnings conf adj: +1,3.03,-1.0,1.0,84,2026-10-28,9.19,1
2026-08-05T12:52:18,2026-08-05,HII,HOLD,0,VWAP Trend,MEDIUM,2,55.96,323.06,8.27,0.0,7.7,0.0,0.0,2026-08-07,0.46,0.76,50.0,1.32,10.93,59.67,-18.13,2.5,12,2026-04-17 to 2026-08-04 (75 days),-1.0,65.1,0.6189,292.38,345.66,BEARISH,HIGH,Strong trend (ADX=40); Last surprise: +38.0%; Earnings conf adj: +1,3.03,-1.0,1.0,85,2026-10-29,37.96,1
2026-08-05T12:53:36,2026-08-05,VEEV,BUY,1,VWAP Trend,HIGH,5,55.9,211.86,7.85,195.23,11.43,236.08,7.28,2026-08-17,2.16,4.15,71.4,3.38,137.6,17.05,-15.62,12.4,7,2026-04-17 to 2026-08-04 (75 days),0.397,67.0,0.4121,179.96,203.08,BEARISH,HIGH,Strong trend (ADX=34); Last surprise: +4.7%; Size: Kelly 10.0% / VolTgt 4.5% / Blend 7.3%,4.55,-1.0,1.0,28,2026-09-02,4.67,0
2026-08-05T12:53:05,2026-08-05,PRU,HOLD,0,Multi-Factor Momentum MR,HIGH,5,55.82,123.54,2.91,0.0,5.03,0.0,0.0,2026-08-15,3.05,5.73,100.0,119.85,46.67,-56.78,-2.42,10.0,3,2026-04-17 to 2026-08-04 (75 days),-1.0,70.4,0.202,111.35,104.14,BULLISH,MEDIUM,RSI overbought; Strong trend (ADX=41); Last surprise: +16.5%,9.28,-1.0,1.0,84,2026-10-28,16.45,0
2026-08-05T12:55:09,2026-08-05,HWC,HOLD,0,Composite Multi-Indicator,HIGH,5,55.6,78.52,2.83,0.0,8.49,0.0,0.0,2026-09-21,2.35,3.61,100.0,141.65,57.31,-3.93,-6.7,47.5,2,2026-04-17 to 2026-08-04 (75 days),-1.0,64.4,0.1967,73.19,66.16,BULLISH,LOW,Last surprise: +0.0%,9.53,-1.0,1.0,69,2026-10-13,0.0,0
2026-08-05T12:54:28,2026-08-05,SMTC,HOLD,0,VWAP Trend,HIGH,6,55.5,129.16,12.0,0.0,10.96,0.0,0.0,2026-08-07,2.73,5.86,72.7,4.95,234.29,148.68,-10.07,2.2,11,2026-04-17 to 2026-08-04 (75 days),-1.0,49.3,0.9383,145.26,99.94,BULLISH,HIGH,Last surprise: +13.3%; Earnings conf adj: +1,2.0,-1.0,1.0,19,2026-08-24,13.33,1
2026-08-05T12:52:39,2026-08-05,MA,HOLD,0,VWAP Trend,HIGH,6,55.43,571.1,3.27,0.0,4.91,0.0,0.0,2026-08-21,2.61,4.93,60.0,8.11,60.43,23.21,-3.86,16.0,5,2026-04-17 to 2026-08-04 (75 days),-1.0,67.8,0.2386,516.5,526.41,BEARISH,MEDIUM,Strong trend (ADX=45); Last surprise: +5.4%; Earnings conf adj: +1,7.86,-1.0,1.0,85,2026-10-29,5.44,1
2026-08-05T12:52:37,2026-08-05,LITE,BUY,1,VWAP Trend,HIGH,5,55.41,849.47,12.0,747.53,13.28,962.28,5.8,2026-08-07,2.32,5.36,75.0,3.39,188.02,204.01,-14.16,2.1,8,2026-04-17 to 2026-08-04 (75 days),0.183,56.4,1.1637,822.08,607.73,BULLISH,HIGH,Last surprise: +4.4%; Size: Kelly 10.0% / VolTgt 1.6% / Blend 5.8%,1.61,-1.0,1.0,6,2026-08-11,4.41,0
2026-08-05T12:54:10,2026-08-05,PAG,BUY,1,PEAD Earnings Drift,HIGH,6,55.25,219.05,6.12,205.64,21.42,265.97,7.08,2026-09-17,3.52,6.81,100.0,371.83,192.85,0.95,-9.98,43.5,2,2026-04-17 to 2026-08-04 (75 days),0.528,68.8,0.4523,188.23,165.82,BULLISH,HIGH,Strong trend (ADX=51); Last surprise: +6.8%; Earnings conf adj: +1; Size: Kelly 10.0% / VolTgt 4.2% / Blend 7.1%,4.15,-1.0,1.0,84,2026-10-28,6.78,1
2026-08-05T12:52:25,2026-08-05,INVH,HOLD,0,Stochastic Oscillator,HIGH,6,55.21,30.47,2.37,0.0,3.56,0.0,0.0,2026-08-12,2.08,4.98,100.0,67.41,19.3,-36.37,-2.53,7.5,2,2026-04-17 to 2026-08-04 (75 days),-1.0,58.6,0.1975,29.55,27.24,BULLISH,LOW,Last surprise: +7.1%; Earnings conf adj: +1,9.49,-1.0,1.0,84,2026-10-28,7.14,1
2026-08-05T12:51:59,2026-08-05,EQR,HOLD,0,Stochastic Oscillator,HIGH,4,55.16,67.69,2.95,0.0,4.43,0.0,0.0,2026-08-13,1.91,3.15,100.0,60.14,17.21,-17.38,-3.49,8.0,2,2026-04-17 to 2026-08-04 (75 days),-1.0,49.6,0.2165,67.18,62.16,BULLISH,MEDIUM,Last surprise: -5.6%; Earnings conf adj: -1,8.66,-1.0,1.0,77,2026-10-21,-5.56,-1
2026-08-05T12:51:58,2026-08-05,EMR,HOLD,0,MACD Crossover,HIGH,5,55.13,158.84,4.58,0.0,9.03,0.0,0.0,2026-08-18,1.76,2.53,100.0,113.1,42.81,8.82,-6.12,13.7,3,2026-04-17 to 2026-08-04 (75 days),-1.0,69.6,0.3099,142.81,139.17,BULLISH,MEDIUM,High volume; Price at statistical extreme; Strong trend (ADX=41); Last surprise: +0.7%,6.05,-1.0,1.0,91,2026-11-04,0.65,0
2026-08-05T12:55:48,2026-08-05,CRS,BUY,1,ADX Trend Following,HIGH,5,54.94,570.13,10.77,508.73,18.44,675.26,6.79,2026-08-25,3.79,8.25,100.0,367.06,208.83,77.16,-10.47,20.0,3,2026-04-17 to 2026-08-04 (75 days),0.238,52.5,0.5236,551.77,408.22,BULLISH,HIGH,Last surprise: +4.9%; Size: Kelly 10.0% / VolTgt 3.6% / Blend 6.8%,3.58,-1.0,1.0,78,2026-10-22,4.87,0
2026-08-05T12:51:52,2026-08-05,DLTR,BUY,1,MACD Crossover,HIGH,6,54.93,130.71,4.91,124.29,8.8,142.21,7.86,2026-08-16,1.33,2.93,80.0,2.83,64.78,-39.81,-10.86,11.6,5,2026-04-17 to 2026-08-04 (75 days),0.349,62.6,0.328,117.98,113.82,BULLISH,MEDIUM,Last surprise: +13.0%; Earnings conf adj: +1; Size: Kelly 10.0% / VolTgt 5.7% / Blend 7.9%,5.72,-1.0,1.0,28,2026-09-02,12.99,1
2026-08-05T12:52:33,2026-08-05,KO,HOLD,0,Stochastic Oscillator,HIGH,5,54.78,86.56,3.82,0.0,5.73,0.0,0.0,2026-08-18,4.15,13.04,100.0,220.0,100.33,39.26,-2.79,13.7,3,2026-04-17 to 2026-08-04 (75 days),-1.0,58.6,0.2978,82.08,75.56,BULLISH,MEDIUM,Last surprise: +4.3%,6.3,-1.0,1.0,76,2026-10-20,4.3,0
2026-08-05T12:51:45,2026-08-05,CSCO,HOLD,0,MACD Crossover,HIGH,5,54.74,121.74,4.25,0.0,4.54,0.0,0.0,2026-08-07,1.98,48.51,100.0,57.17,19.78,-207.73,-0.21,2.5,2,2026-04-17 to 2026-08-04 (75 days),-1.0,62.3,0.3643,117.52,89.38,BULLISH,MEDIUM,Price at statistical extreme; Last surprise: +1.9%,5.15,-1.0,1.0,7,2026-08-12,1.92,0
2026-08-05T12:55:13,2026-08-05,FLG,HOLD,0,VWAP Trend,HIGH,4,54.6,14.26,4.02,0.0,4.24,0.0,0.0,2026-08-08,2.32,4.33,66.7,2.56,27.53,36.09,-3.41,3.3,9,2026-04-17 to 2026-08-04 (75 days),-1.0,44.9,0.2966,14.55,13.3,BULLISH,MEDIUM,Last surprise: -28.6%; Earnings conf adj: -1,6.32,-1.0,1.0,79,2026-10-23,-28.57,-1
2026-08-05T12:55:43,2026-08-05,ACM,HOLD,0,VWAP Trend,MEDIUM,2,54.49,75.75,4.48,0.0,6.72,0.0,0.0,2026-08-12,0.16,0.2,55.6,1.15,-0.08,35.59,-16.28,7.7,9,2026-04-17 to 2026-08-04 (75 days),-1.0,65.1,0.311,70.03,90.78,BEARISH,MEDIUM,Price at statistical extreme; Strong trend (ADX=35); Earnings in 5d (2026-08-10); Last surprise: +3.2%,6.03,-1.0,1.0,5,2026-08-10,3.25,0
2026-08-05T12:51:25,2026-08-05,BEN,HOLD,0,EMA Crossover (9/21),HIGH,6,54.4,35.77,4.03,0.0,3.64,0.0,0.0,2026-08-07,2.85,79.78,100.0,78.49,28.53,-132.11,-0.2,2.5,2,2026-04-17 to 2026-08-04 (75 days),-1.0,68.5,0.2922,32.59,26.72,BULLISH,MEDIUM,Price at statistical extreme; Last surprise: +9.1%; Earnings conf adj: +1,6.42,-1.0,1.0,-5,2026-07-31,9.09,1
2026-08-05T12:52:09,2026-08-05,FTNT,HOLD,0,VWAP Trend,HIGH,6,54.19,168.29,6.18,0.0,4.66,0.0,0.0,2026-08-07,3.44,16.14,83.3,15.02,75.83,-988.85,-1.56,2.3,6,2026-04-17 to 2026-08-04 (75 days),-1.0,65.9,0.39,151.11,101.37,BULLISH,MEDIUM,Strong trend (ADX=32); Last surprise: +20.0%; Earnings conf adj: +1,4.81,-1.0,1.0,91,2026-11-04,20.0,1
2026-08-05T12:54:24,2026-08-05,BROS,EXIT,-1,VWAP Trend,MEDIUM,2,54.11,64.11,5.92,67.91,7.38,59.38,7.78,2026-08-12,2.81,4.56,71.4,17.01,160.84,74.96,-14.37,7.7,7,2026-04-17 to 2026-08-04 (75 days),-1.0,46.4,0.3376,64.11,57.79,BULLISH,MEDIUM,EARNINGS TODAY (2026-08-05); Last surprise: +6.7%; Earnings conf adj: -3; Size: Kelly 10.0% / VolTgt 5.5% / Blend 7.8%,5.55,-1.0,1.0,0,2026-08-05,6.67,-3
2026-08-05T12:52:17,2026-08-05,HAS,HOLD,0,ADX Trend Following,HIGH,6,54.09,91.51,6.8,0.0,7.69,0.0,0.0,2026-08-10,1.61,5.96,100.0,99.24,36.92,53.05,-5.11,5.0,2,2026-04-17 to 2026-08-04 (75 days),-1.0,59.9,0.4369,84.77,86.71,BEARISH,HIGH,Strong trend (ADX=42); Last surprise: +13.3%; Earnings conf adj: +1,4.29,-1.0,1.0,78,2026-10-22,13.27,1
2026-08-05T12:55:16,2026-08-05,ALK,HOLD,0,ADX Trend Following,HIGH,6,53.94,52.55,9.07,0.0,22.24,0.0,0.0,2026-09-01,1.96,3.58,100.0,234.31,111.95,47.4,-12.94,27.0,3,2026-04-17 to 2026-08-04 (75 days),-1.0,63.6,0.5436,47.38,45.8,BULLISH,HIGH,Price at statistical extreme; Last surprise: +7.1%; Earnings conf adj: +1,3.45,-1.0,1.0,78,2026-10-22,7.07,1
2026-08-05T12:53:33,2026-08-05,UNP,HOLD,0,Stochastic Oscillator,HIGH,6,53.85,296.35,4.22,0.0,6.33,0.0,0.0,2026-08-23,1.83,3.02,100.0,85.25,28.57,-50.27,-5.8,18.0,2,2026-04-17 to 2026-08-04 (75 days),-1.0,58.1,0.2689,278.36,249.63,BULLISH,MEDIUM,Last surprise: +5.2%; Earnings conf adj: +1,6.97,-1.0,1.0,78,2026-10-22,5.25,1
2026-08-05T12:55:04,2026-08-05,UBSI,HOLD,0,VWAP Trend,MEDIUM,3,53.69,49.37,2.06,0.0,2.74,0.0,0.0,2026-08-08,0.13,0.18,83.3,1.39,0.72,-48.26,-2.41,3.3,6,2026-04-17 to 2026-08-04 (75 days),-1.0,69.0,0.1913,45.71,41.27,BULLISH,LOW,Strong trend (ADX=35); Last surprise: +6.7%; Earnings conf adj: +1,9.8,-1.0,1.0,78,2026-10-22,6.74,1
2026-08-05T12:51:16,2026-08-05,AMGN,HOLD,0,MACD Crossover,HIGH,5,53.62,390.02,4.41,0.0,10.21,0.0,0.0,2026-08-27,1.26,2.37,100.0,77.43,27.88,-13.05,-5.24,22.3,3,2026-04-17 to 2026-08-04 (75 days),-1.0,64.9,0.2746,357.74,341.66,BULLISH,MEDIUM,Strong trend (ADX=37); Last surprise: +8.0%,6.83,-1.0,1.0,90,2026-11-03,7.97,0
2026-08-05T12:53:28,2026-08-05,TRV,HOLD,0,ADX Trend Following,HIGH,6,53.59,377.15,5.84,0.0,11.34,0.0,0.0,2026-08-17,2.42,5.17,100.0,173.06,71.54,-47.57,-5.89,12.2,4,2026-04-17 to 2026-08-04 (75 days),-1.0,63.4,0.4123,331.66,299.6,BULLISH,HIGH,Strong trend (ADX=37); Last surprise: +86.3%; Earnings conf adj: +1,4.55,-1.0,1.0,71,2026-10-15,86.27,1
2026-08-05T12:51:29,2026-08-05,BRK-B,HOLD,0,Stochastic Oscillator,MEDIUM,3,53.58,517.22,1.73,0.0,2.59,0.0,0.0,2026-08-18,3.33,8.57,100.0,98.65,35.82,1.78,-2.64,13.7,3,2026-04-17 to 2026-08-04 (75 days),-1.0,70.0,0.1547,492.77,490.58,BULLISH,LOW,Strong trend (ADX=34); Earnings in 3d (2026-08-08); Last surprise: +4.2%; Earnings conf adj: -2,10.0,-1.0,1.0,3,2026-08-08,4.16,-2
2026-08-05T12:54:50,2026-08-05,IDA,HOLD,0,VWAP Trend,HIGH,4,53.57,144.57,3.79,0.0,2.25,0.0,0.0,2026-08-07,0.69,1.17,70.0,1.65,6.2,11.88,-4.74,2.0,10,2026-04-17 to 2026-08-04 (75 days),-1.0,44.8,0.2025,145.48,137.6,BULLISH,MEDIUM,Last surprise: +0.6%,9.26,-1.0,1.0,85,2026-10-29,0.56,0
2026-08-05T12:52:02,2026-08-05,EXPE,HOLD,0,ADX Trend Following,MEDIUM,2,53.56,312.06,7.92,0.0,14.32,0.0,0.0,2026-08-20,1.92,3.04,100.0,147.34,60.27,-13.6,-6.64,15.7,3,2026-04-17 to 2026-08-04 (75 days),-1.0,72.1,0.4589,254.22,247.91,BULLISH,HIGH,RSI overbought; Price at statistical extreme; Strong trend (ADX=43); EARNINGS TODAY (2026-08-05); Last surprise: +42.0%; Earnings conf adj: -3,4.09,-1.0,1.0,0,2026-08-05,42.03,-3
2026-08-05T12:53:00,2026-08-05,PEP,HOLD,0,VWAP Trend,MEDIUM,2,53.53,139.1,3.4,0.0,4.09,0.0,0.0,2026-08-09,-0.33,-0.49,70.0,0.94,-5.21,27.16,-5.01,4.1,10,2026-04-17 to 2026-08-04 (75 days),-1.0,48.6,0.2565,140.85,147.49,BEARISH,MEDIUM,Last surprise: -0.5%,7.31,-1.0,1.0,64,2026-10-08,-0.45,0
2026-08-05T12:55:42,2026-08-05,XRAY,EXIT,-1,VWAP Trend,MEDIUM,3,53.4,14.27,9.16,15.58,13.63,12.32,6.78,2026-08-15,3.4,5.91,75.0,5.64,251.28,194.72,-9.47,10.8,8,2026-04-17 to 2026-08-04 (75 days),-1.0,64.6,0.5269,11.57,11.78,BEARISH,HIGH,Strong trend (ADX=40); Earnings in 1d (2026-08-06); Last surprise: +0.0%; Earnings conf adj: -2; Size: Kelly 10.0% / VolTgt 3.6% / Blend 6.8%,3.56,-1.0,1.0,1,2026-08-06,0.0,-2
2026-08-05T12:51:48,2026-08-05,DDOG,HOLD,0,Stochastic Oscillator,HIGH,4,53.19,288.15,8.96,0.0,11.88,0.0,0.0,2026-08-17,3.3,13.5,100.0,268.65,119.45,-1425.84,-5.98,12.0,2,2026-04-17 to 2026-08-04 (75 days),-1.0,70.5,0.4354,247.5,168.46,BULLISH,HIGH,RSI overbought; Price at statistical extreme; Earnings in 1d (2026-08-06); Last surprise: +17.6%; Earnings conf adj: -1,4.31,-1.0,1.0,1,2026-08-06,17.65,-1
2026-08-05T12:53:50,2026-08-05,ROIV,HOLD,0,ADX Trend Following,HIGH,4,53.14,34.59,5.27,0.0,12.79,0.0,0.0,2026-08-23,1.43,2.95,100.0,151.53,61.82,-3.74,-13.01,18.5,4,2026-04-17 to 2026-08-04 (75 days),-1.0,53.5,0.3775,32.66,26.6,BULLISH,MEDIUM,Earnings in 1d (2026-08-06); Last surprise: +8.6%; Earnings conf adj: -1,4.97,-1.0,1.0,1,2026-08-06,8.57,-1
2026-08-05T12:55:55,2026-08-05,NYT,HOLD,0,Stochastic Oscillator,LOW,1,53.14,75.61,4.9,0.0,7.35,0.0,0.0,2026-09-09,0.77,1.18,100.0,46.3,15.89,30.62,-10.81,35.0,2,2026-04-17 to 2026-08-04 (75 days),-1.0,54.0,0.3373,73.78,72.33,BULLISH,MEDIUM,High volume; EARNINGS TODAY (2026-08-05); Last surprise: +29.8%; Earnings conf adj: -3,5.56,-1.0,1.0,0,2026-08-05,29.79,-3
2026-08-05T12:51:33,2026-08-05,CCI,HOLD,0,ADX Trend Following,HIGH,5,53.12,77.66,5.15,0.0,7.43,0.0,0.0,2026-08-13,0.52,0.89,66.7,7.21,5.49,39.36,-5.29,8.3,3,2026-04-17 to 2026-08-04 (75 days),-1.0,47.8,0.3276,82.45,85.28,BEARISH,MEDIUM,Last surprise: +35.3%; Earnings conf adj: +1,5.72,-1.0,1.0,77,2026-10-21,35.29,1
2026-08-05T12:53:15,2026-08-05,SLB,HOLD,0,ADX Trend Following,HIGH,6,53.02,50.81,7.02,0.0,5.13,0.0,0.0,2026-08-07,1.42,3.68,75.0,3.21,35.86,45.74,-4.84,2.0,4,2026-04-17 to 2026-08-04 (75 days),-1.0,57.3,0.4608,50.52,46.6,BULLISH,HIGH,Last surprise: +5.8%; Earnings conf adj: +1,4.07,-1.0,1.0,79,2026-10-23,5.77,1
2026-08-05T12:52:07,2026-08-05,FISV,HOLD,0,VWAP Trend,MEDIUM,2,53.0,55.78,4.78,0.0,7.17,0.0,0.0,2026-08-14,0.77,1.02,62.5,1.64,23.93,61.21,-12.6,9.2,8,2026-04-17 to 2026-08-04 (75 days),-1.0,61.9,0.3756,52.16,62.64,BEARISH,MEDIUM,High volume; Earnings in 1d (2026-08-06); Last surprise: +13.3%; Earnings conf adj: -2,4.99,-1.0,1.0,1,2026-08-06,13.29,-2
2026-08-05T12:55:02,2026-08-05,KEX,BUY,1,Stochastic Oscillator,MEDIUM,3,52.98,132.42,6.65,123.61,9.98,145.64,7.04,2026-08-26,0.36,0.57,100.0,24.06,4.85,26.19,-10.33,21.5,2,2026-04-17 to 2026-08-04 (75 days),0.611,37.7,0.4579,140.5,127.78,BULLISH,HIGH,Strong trend (ADX=41); Last surprise: +2.5%; Size: Kelly 10.0% / VolTgt 4.1% / Blend 7.0%,4.09,-1.0,1.0,85,2026-10-29,2.45,0
2026-08-05T12:53:55,2026-08-05,THC,HOLD,0,VWAP Trend,HIGH,6,52.86,253.33,9.56,0.0,12.1,0.0,0.0,2026-08-08,2.24,4.03,66.7,3.01,85.54,-51.4,-7.42,3.8,9,2026-04-17 to 2026-08-04 (75 days),-1.0,70.9,0.788,194.64,200.93,BEARISH,HIGH,RSI overbought; Strong trend (ADX=46); Last surprise: +43.7%; Earnings conf adj: +1,2.38,-1.0,1.0,83,2026-10-27,43.66,1
2026-08-05T12:52:42,2026-08-05,MDT,HOLD,0,ADX Trend Following,HIGH,5,52.77,86.2,3.95,0.0,5.93,0.0,0.0,2026-08-15,1.56,2.79,100.0,62.68,22.0,18.85,-3.4,10.0,2,2026-04-17 to 2026-08-04 (75 days),-1.0,59.7,0.313,80.82,88.71,BEARISH,MEDIUM,Last surprise: +0.6%,5.99,-1.0,1.0,27,2026-09-01,0.65,0
2026-08-05T12:54:42,2026-08-05,AVTR,HOLD,0,MACD Crossover,HIGH,6,52.68,13.68,9.85,0.0,18.93,0.0,0.0,2026-08-15,1.98,4.32,83.3,3.99,134.81,-266.73,-9.97,10.3,6,2026-04-17 to 2026-08-04 (75 days),-1.0,73.0,0.7492,10.4,10.23,BULLISH,HIGH,RSI overbought; Strong trend (ADX=50); Last surprise: +10.5%; Earnings conf adj: +1,2.5,-1.0,1.0,84,2026-10-28,10.53,1
2026-08-05T12:51:47,2026-08-05,CVS,HOLD,0,VWAP Trend,MEDIUM,2,52.56,104.42,3.43,0.0,3.06,0.0,0.0,2026-08-07,2.66,7.92,77.8,8.78,36.89,-156.07,-3.16,2.9,9,2026-04-17 to 2026-08-04 (75 days),-1.0,49.9,0.2286,101.06,83.67,BULLISH,MEDIUM,EARNINGS TODAY (2026-08-05); Last surprise: +16.3%; Earnings conf adj: -3,8.2,-1.0,1.0,0,2026-08-05,16.29,-3
2026-08-05T12:53:30,2026-08-05,TTD,HOLD,0,Stochastic Oscillator,MEDIUM,2,52.43,19.34,9.98,0.0,14.97,0.0,0.0,2026-08-25,1.26,2.32,100.0,105.58,37.33,77.33,-10.79,20.5,2,2026-04-17 to 2026-08-04 (75 days),-1.0,54.6,0.5094,19.25,28.96,BEARISH,HIGH,Earnings in 1d (2026-08-06); Last surprise: -12.5%; Earnings conf adj: -3,3.68,-1.0,1.0,1,2026-08-06,-12.5,-3
2026-08-05T12:55:01,2026-08-05,NOV,HOLD,0,Stochastic Oscillator,HIGH,6,52.3,19.99,5.52,0.0,8.28,0.0,0.0,2026-08-19,1.43,2.54,100.0,66.85,21.28,0.95,-6.07,14.0,2,2026-04-17 to 2026-08-04 (75 days),-1.0,55.1,0.3079,19.62,18.07,BULLISH,MEDIUM,Last surprise: +93.8%; Earnings conf adj: +1,6.09,-1.0,1.0,82,2026-10-26,93.75,1
2026-08-05T12:53:12,2026-08-05,ROP,HOLD,0,VWAP Trend,HIGH,5,52.13,392.76,8.58,0.0,11.17,0.0,0.0,2026-08-13,1.71,2.96,55.6,2.84,61.97,29.38,-10.46,8.9,9,2026-04-17 to 2026-08-04 (75 days),-1.0,63.1,0.4757,348.03,380.85,BEARISH,HIGH,Strong trend (ADX=32); Last surprise: +1.7%,3.94,-1.0,1.0,78,2026-10-22,1.7,0
2026-08-05T12:55:51,2026-08-05,G,HOLD,0,VWAP Trend,LOW,0,52.07,35.79,7.6,0.0,11.29,0.0,0.0,2026-08-14,0.27,0.41,50.0,1.22,3.52,11.86,-20.93,9.6,8,2026-04-17 to 2026-08-04 (75 days),-1.0,68.5,0.4629,31.11,37.84,BEARISH,HIGH,Strong trend (ADX=46); Earnings in 1d (2026-08-06); Last surprise: +6.5%; Earnings conf adj: -1,4.05,-1.0,1.0,1,2026-08-06,6.52,-1
2026-08-05T12:51:28,2026-08-05,BMY,HOLD,0,VWAP Trend,HIGH,6,51.96,65.89,4.36,0.0,3.23,0.0,0.0,2026-08-07,1.66,3.93,71.4,2.65,21.41,-20.14,-3.34,2.3,7,2026-04-17 to 2026-08-04 (75 days),-1.0,72.8,0.2706,58.05,54.78,BULLISH,MEDIUM,RSI overbought; Strong trend (ADX=65); Last surprise: +27.5%; Earnings conf adj: +1,6.93,-1.0,1.0,85,2026-10-29,27.5,1
2026-08-05T12:53:37,2026-08-05,VRSN,HOLD,0,EMA Crossover (9/21),HIGH,5,51.95,299.2,5.64,0.0,7.88,0.0,0.0,2026-08-12,1.74,3.73,100.0,95.14,35.15,-0.93,-5.98,7.5,2,2026-04-17 to 2026-08-04 (75 days),-1.0,67.3,0.3653,276.01,256.29,BULLISH,MEDIUM,Strong trend (ADX=34); Last surprise: +1.3%,5.13,-1.0,1.0,78,2026-10-22,1.28,0
2026-08-05T12:55:27,2026-08-05,FHI,EXIT,-1,VWAP Trend,HIGH,6,51.9,64.96,3.38,67.16,2.78,63.15,7.78,2026-08-06,2.54,6.45,75.0,3.82,24.36,-38.48,-1.61,1.1,8,2026-04-17 to 2026-08-04 (75 days),-1.0,71.9,0.3364,58.02,54.28,BULLISH,MEDIUM,RSI overbought; Price at statistical extreme; Last surprise: +16.0%; Earnings conf adj: +1; Size: Kelly 10.0% / VolTgt 5.6% / Blend 7.8%,5.57,-1.0,1.0,85,2026-10-29,15.97,1
2026-08-05T12:54:53,2026-08-05,NFG,HOLD,0,ADX Trend Following,HIGH,6,51.89,81.59,3.26,0.0,4.89,0.0,0.0,2026-08-18,1.24,2.21,100.0,39.81,13.18,32.48,-2.56,13.5,2,2026-04-17 to 2026-08-04 (75 days),-1.0,54.3,0.2065,78.68,82.59,BEARISH,MEDIUM,Strong trend (ADX=37); Last surprise: +6.9%; Earnings conf adj: +1,9.08,-1.0,1.0,-7,2026-07-29,6.94,1
2026-08-05T12:53:41,2026-08-05,WDAY,HOLD,0,VWAP Trend,HIGH,6,51.82,171.28,12.0,0.0,16.5,0.0,0.0,2026-08-13,2.06,3.64,77.8,2.42,191.23,-10.6,-24.63,8.8,9,2026-04-17 to 2026-08-04 (75 days),-1.0,67.1,0.7065,137.99,164.9,BEARISH,HIGH,Last surprise: +5.6%; Earnings conf adj: +1,2.65,-1.0,1.0,22,2026-08-27,5.56,1
2026-08-05T12:55:01,2026-08-05,CHE,HOLD,0,MACD Crossover,HIGH,6,51.77,539.72,3.87,0.0,7.78,0.0,0.0,2026-08-24,4.0,9.17,100.0,164.48,66.8,-151.71,-2.08,19.5,2,2026-04-17 to 2026-08-04 (75 days),-1.0,74.7,0.2237,470.27,436.2,BULLISH,MEDIUM,RSI overbought; Strong trend (ADX=50); Last surprise: +8.2%; Earnings conf adj: +1,8.38,-1.0,1.0,83,2026-10-27,8.21,1
2026-08-05T12:55:44,2026-08-05,AIT,HOLD,0,VWAP Trend,HIGH,5,51.53,356.89,3.65,0.0,2.87,0.0,0.0,2026-08-07,2.71,5.59,75.0,9.65,42.07,-59.35,-3.12,2.6,8,2026-04-17 to 2026-08-04 (75 days),-1.0,66.4,0.2261,328.28,285.82,BULLISH,MEDIUM,Last surprise: +0.0%,8.29,-1.0,1.0,8,2026-08-13,0.0,0
2026-08-05T12:52:25,2026-08-05,IP,HOLD,0,VWAP Trend,HIGH,6,51.5,42.31,8.88,0.0,12.89,0.0,0.0,2026-08-13,1.78,2.96,80.0,3.44,103.5,39.42,-16.76,8.0,10,2026-04-17 to 2026-08-04 (75 days),-1.0,61.5,0.5789,37.02,37.93,BEARISH,HIGH,Strong trend (ADX=36); Last surprise: +200.0%; Earnings conf adj: +1,3.24,-1.0,1.0,84,2026-10-28,200.0,1
2026-08-05T12:52:23,2026-08-05,IDXX,HOLD,0,Stochastic Oscillator,HIGH,5,51.4,588.09,4.95,0.0,7.43,0.0,0.0,2026-09-11,1.6,2.36,100.0,121.56,48.39,49.06,-9.06,37.0,2,2026-04-17 to 2026-08-04 (75 days),-1.0,61.4,0.3359,558.09,619.9,BEARISH,MEDIUM,High volume; Price at statistical extreme; Last surprise: +1.8%,5.58,-1.0,1.0,89,2026-11-02,1.76,0
2026-08-05T12:54:17,2026-08-05,CCK,HOLD,0,VWAP Trend,HIGH,6,51.4,121.66,4.6,0.0,5.15,0.0,0.0,2026-08-09,2.74,6.51,71.4,8.76,50.67,-5.29,-5.02,4.1,7,2026-04-17 to 2026-08-04 (75 days),-1.0,66.4,0.3228,107.36,103.35,BULLISH,MEDIUM,Strong trend (ADX=33); Last surprise: +15.3%; Earnings conf adj: +1,5.81,-1.0,1.0,75,2026-10-19,15.28,1
2026-08-05T12:53:00,2026-08-05,PEG,HOLD,0,ADX Trend Following,HIGH,5,51.27,76.27,2.64,0.0,3.96,0.0,0.0,2026-08-17,1.98,2.98,80.0,5.14,30.45,48.55,-5.55,12.4,5,2026-04-17 to 2026-08-04 (75 days),-1.0,34.3,0.1463,79.42,79.88,BEARISH,LOW,High volume; Last surprise: +8.4%,10.0,-1.0,1.0,89,2026-11-02,8.39,0
2026-08-05T12:52:45,2026-08-05,MMM,HOLD,0,ADX Trend Following,HIGH,6,51.21,181.45,4.38,0.0,15.33,0.0,0.0,2026-09-08,3.27,6.54,100.0,258.85,123.66,47.89,-7.9,34.0,3,2026-04-17 to 2026-08-04 (75 days),-1.0,70.0,0.3496,161.88,158.37,BULLISH,MEDIUM,Strong trend (ADX=49); Last surprise: +6.7%; Earnings conf adj: +1,5.36,-1.0,1.0,76,2026-10-20,6.67,1
2026-08-05T12:56:05,2026-08-05,XLI,HOLD,0,VWAP Trend,HIGH,5,51.19,186.4,2.05,0.0,2.33,0.0,0.0,2026-08-07,2.5,7.39,66.7,5.55,20.26,-8.45,-2.07,2.7,9,2026-04-17 to 2026-08-04 (75 days),-1.0,62.3,0.1804,178.85,166.9,BULLISH,LOW,High volume; Price at statistical extreme,10.0,-1.0,1.0,-1,,,0
2026-08-05T12:52:24,2026-08-05,IEX,BUY,1,PEAD Earnings Drift,HIGH,6,51.1,237.89,3.19,230.3,10.34,262.49,9.71,2026-09-17,1.85,2.79,100.0,98.51,37.44,-29.87,-5.98,43.5,2,2026-04-17 to 2026-08-04 (75 days),0.492,69.0,0.1991,221.23,197.15,BULLISH,LOW,Price at statistical extreme; Strong trend (ADX=31); Last surprise: +10.0%; Earnings conf adj: +1; Size: Kelly 10.0% / VolTgt 9.4% / Blend 9.7%,9.42,-1.0,1.0,84,2026-10-28,9.95,1
2026-08-05T12:52:29,2026-08-05,JPM,HOLD,0,MACD Crossover,HIGH,6,50.96,357.52,3.07,0.0,7.34,0.0,0.0,2026-08-21,1.87,2.88,100.0,90.47,32.78,-31.73,-3.53,16.0,3,2026-04-17 to 2026-08-04 (75 days),-1.0,64.9,0.233,328.99,309.85,BULLISH,MEDIUM,Last surprise: +5.9%; Earnings conf adj: +1,8.05,-1.0,1.0,69,2026-10-13,5.86,1
2026-08-05T12:53:46,2026-08-05,XYL,HOLD,0,VWAP Trend,MEDIUM,3,50.63,122.17,4.61,0.0,6.92,0.0,0.0,2026-08-16,0.19,0.28,62.5,1.17,1.79,-2.6,-15.0,11.2,8,2026-04-17 to 2026-08-04 (75 days),-1.0,56.5,0.3459,115.41,127.43,BEARISH,MEDIUM,Last surprise: +9.0%; Earnings conf adj: +1,5.42,-1.0,1.0,-8,2026-07-28,8.96,1
2026-08-05T12:54:30,2026-08-05,BSY,EXIT,-1,VWAP Trend,HIGH,4,50.46,36.08,9.17,39.39,13.75,31.12,6.74,2026-08-17,1.17,2.02,60.0,2.4,42.27,31.48,-13.37,12.0,5,2026-04-17 to 2026-08-04 (75 days),-1.0,64.0,0.5374,32.02,36.82,BEARISH,HIGH,Strong trend (ADX=31); Earnings in 1d (2026-08-06); Last surprise: +5.6%; Earnings conf adj: -1; Size: Kelly 10.0% / VolTgt 3.5% / Blend 6.7%,3.49,-1.0,1.0,1,2026-08-06,5.56,-1
2026-08-05T12:52:39,2026-08-05,LUV,BUY,1,ADX Trend Following,HIGH,6,50.44,48.7,7.39,45.1,15.5,56.25,7.2,2026-08-26,1.94,3.4,100.0,173.47,75.73,16.91,-10.11,21.2,4,2026-04-17 to 2026-08-04 (75 days),0.456,56.3,0.4274,46.51,41.65,BULLISH,HIGH,Strong trend (ADX=34); Last surprise: +80.8%; Earnings conf adj: +1; Size: Kelly 10.0% / VolTgt 4.4% / Blend 7.2%,4.39,-1.0,1.0,77,2026-10-21,80.77,1
2026-08-05T12:51:35,2026-08-05,CFG,HOLD,0,VWAP Trend,HIGH,5,50.43,73.68,3.73,0.0,4.23,0.0,0.0,2026-08-07,2.26,4.34,75.0,4.35,33.41,-31.83,-4.83,2.9,8,2026-04-17 to 2026-08-04 (75 days),-1.0,62.4,0.3153,68.2,60.82,BULLISH,MEDIUM,Last surprise: +4.0%,5.95,-1.0,1.0,72,2026-10-16,4.0,0
2026-08-05T12:51:48,2026-08-05,DAL,HOLD,0,VWAP Trend,HIGH,5,50.38,92.77,4.47,0.0,5.11,0.0,0.0,2026-08-08,2.77,7.36,80.0,7.95,20.87,-123.57,-1.28,3.2,5,2026-04-17 to 2026-08-04 (75 days),-1.0,63.0,0.363,85.3,70.87,BULLISH,MEDIUM,Price at statistical extreme; Strong trend (ADX=36); Last surprise: +4.7%,5.16,-1.0,1.0,64,2026-10-08,4.7,0
2026-08-05T12:53:55,2026-08-05,ENTG,BUY,1,VWAP Trend,HIGH,5,50.24,144.56,12.0,127.21,11.13,160.65,6.0,2026-08-07,1.57,2.46,64.3,1.87,78.46,81.41,-14.12,2.3,14,2026-04-17 to 2026-08-04 (75 days),0.282,54.9,0.9317,143.44,119.44,BULLISH,HIGH,Strong trend (ADX=37); Last surprise: +14.7%; Size: Kelly 10.0% / VolTgt 2.0% / Blend 6.0%,2.01,-1.0,1.0,91,2026-11-04,14.67,0
2026-08-05T12:53:15,2026-08-05,SMCI,EXIT,-1,VWAP Trend,HIGH,5,50.14,31.69,12.0,35.49,18.0,25.99,5.87,2026-08-15,3.91,9.51,85.7,12.32,2282.41,2239.91,-27.1,10.3,7,2026-04-17 to 2026-08-04 (75 days),-1.0,56.9,1.0747,32.26,32.54,BEARISH,HIGH,Last surprise: +35.5%; Size: Kelly 10.0% / VolTgt 1.7% / Blend 5.9%,1.74,-1.0,1.0,6,2026-08-11,35.48,0
2026-08-05T12:51:34,2026-08-05,CDW,HOLD,0,ADX Trend Following,MEDIUM,2,50.13,154.0,7.02,0.0,11.5,0.0,0.0,2026-08-16,2.34,4.11,66.7,3.43,60.09,-3.94,-9.14,11.7,3,2026-04-17 to 2026-08-04 (75 days),-1.0,69.3,0.4271,133.9,131.85,BULLISH,HIGH,Strong trend (ADX=42); EARNINGS TODAY (2026-08-05); Last surprise: -0.4%; Earnings conf adj: -3,4.39,-1.0,1.0,0,2026-08-05,-0.44,-3
2026-08-05T12:55:57,2026-08-05,P,EXIT,-1,Stochastic Oscillator,HIGH,6,50.08,83.92,10.16,92.45,15.24,71.13,6.46,2026-08-26,2.64,5.12,100.0,317.68,164.33,48.71,-10.23,21.0,2,2026-04-17 to 2026-08-04 (75 days),-1.0,62.8,0.6454,75.6,74.17,BULLISH,HIGH,Price at statistical extreme; Last surprise: +17.5%; Earnings conf adj: +1; Size: Kelly 10.0% / VolTgt 2.9% / Blend 6.5%,2.91,-1.0,1.0,21,2026-08-26,17.5,1
2026-08-05T12:53:14,2026-08-05,SBUX,HOLD,0,EMA Crossover (9/21),HIGH,6,50.01,104.97,4.55,0.0,8.28,0.0,0.0,2026-08-27,1.27,2.08,100.0,54.44,18.69,-1.64,-4.86,22.0,2,2026-04-17 to 2026-08-04 (75 days),-1.0,53.1,0.2241,102.3,94.43,BULLISH,MEDIUM,Last surprise: +30.8%; Earnings conf adj: +1,8.37,-1.0,1.0,84,2026-10-28,30.77,1
2026-08-05T12:53:49,2026-08-05,ATI,HOLD,0,ADX Trend Following,MEDIUM,2,50.0,200.15,9.58,0.0,16.67,0.0,0.0,2026-08-27,2.32,4.53,100.0,218.39,101.18,6.79,-10.21,22.3,3,2026-04-17 to 2026-08-04 (75 days),-1.0,58.7,0.4483,188.53,144.41,BULLISH,HIGH,Earnings in 1d (2026-08-06); Last surprise: +13.6%; Earnings conf adj: -2,4.18,-1.0,1.0,1,2026-08-06,13.64,-2
2026-08-05T12:54:58,2026-08-05,AVT,HOLD,0,ADX Trend Following,LOW,1,49.78,92.53,5.27,0.0,7.9,0.0,0.0,2026-08-16,1.78,3.83,100.0,94.91,35.42,-82.89,-7.26,11.0,2,2026-04-17 to 2026-08-04 (75 days),-1.0,61.2,0.3775,87.71,66.4,BULLISH,MEDIUM,Price at statistical extreme; EARNINGS TODAY (2026-08-05); Last surprise: +12.1%; Earnings conf adj: -3,4.97,-1.0,1.0,0,2026-08-05,12.12,-3
2026-08-05T12:53:28,2026-08-05,TRMB,HOLD,0,VWAP Trend,MEDIUM,2,49.53,59.81,7.64,0.0,9.38,0.0,0.0,2026-08-12,0.55,0.79,55.6,1.31,13.28,52.69,-17.35,7.8,9,2026-04-17 to 2026-08-04 (75 days),-1.0,67.6,0.4263,53.25,67.14,BEARISH,HIGH,Strong trend (ADX=30); Last surprise: +9.7%,4.4,-1.0,1.0,7,2026-08-12,9.72,0
2026-08-05T12:54:17,2026-08-05,GGG,HOLD,0,ADX Trend Following,HIGH,5,49.49,82.31,3.86,0.0,5.79,0.0,0.0,2026-08-18,1.64,3.36,66.7,11.07,30.14,45.35,-4.32,13.7,3,2026-04-17 to 2026-08-04 (75 days),-1.0,66.8,0.3141,75.58,81.85,BEARISH,MEDIUM,Strong trend (ADX=46); Last surprise: +12.3%; Earnings conf adj: +1,5.97,-1.0,1.0,77,2026-10-21,12.35,1
2026-08-05T12:55:57,2026-08-05,PVH,HOLD,0,Stochastic Oscillator,HIGH,5,49.34,88.78,5.14,0.0,7.71,0.0,0.0,2026-08-30,4.19,9.37,100.0,368.09,205.68,223.76,-4.01,25.5,2,2026-04-17 to 2026-08-04 (75 days),-1.0,65.4,0.3447,81.65,76.67,BULLISH,MEDIUM,Strong trend (ADX=44); Last surprise: +10.4%; Earnings conf adj: +1,5.44,-1.0,1.0,20,2026-08-25,10.44,1
2026-08-05T12:51:19,2026-08-05,APO,HOLD,0,VWAP Trend,HIGH,4,49.24,133.2,5.1,0.0,7.65,0.0,0.0,2026-08-19,1.9,3.18,83.3,45.13,65.69,38.43,-8.43,14.0,6,2026-04-17 to 2026-08-04 (75 days),-1.0,65.8,0.319,125.4,126.29,BEARISH,MEDIUM,Price at statistical extreme; Last surprise: +3.2%,5.88,-1.0,1.0,90,2026-11-03,3.19,0
2026-08-05T12:55:30,2026-08-05,CBT,HOLD,0,VWAP Trend,HIGH,4,49.19,81.96,7.97,0.0,5.17,0.0,0.0,2026-08-07,1.32,2.64,81.8,13.01,25.16,-16.27,-5.54,2.2,11,2026-04-17 to 2026-08-04 (75 days),-1.0,36.7,0.4427,87.74,74.85,BULLISH,HIGH,High volume; Price at statistical extreme; Last surprise: +0.6%,4.24,-1.0,1.0,89,2026-11-02,0.6,0
2026-08-05T12:55:22,2026-08-05,CUZ,HOLD,0,MACD Crossover,HIGH,5,48.89,30.91,3.83,0.0,5.97,0.0,0.0,2026-08-16,1.11,1.78,100.0,47.47,15.78,-126.32,-5.2,11.7,3,2026-04-17 to 2026-08-04 (75 days),-1.0,50.6,0.2215,29.51,25.56,BULLISH,MEDIUM,Strong trend (ADX=38); Last surprise: +25.0%; Earnings conf adj: +1,8.46,-1.0,1.0,85,2026-10-29,25.0,1
2026-08-05T12:54:33,2026-08-05,AM,HOLD,0,Stochastic Oscillator,MEDIUM,3,48.84,21.85,3.59,0.0,5.38,0.0,0.0,2026-08-19,2.43,4.33,100.0,101.63,36.84,19.6,-4.11,14.3,3,2026-04-17 to 2026-08-04 (75 days),-1.0,47.1,0.2077,21.82,20.03,BULLISH,MEDIUM,Strong trend (ADX=31); Last surprise: -18.2%; Earnings conf adj: -1,9.03,-1.0,1.0,84,2026-10-28,-18.18,-1
2026-08-05T12:52:04,2026-08-05,FAST,HOLD,0,VWAP Trend,HIGH,4,48.73,49.71,4.11,0.0,3.1,0.0,0.0,2026-08-06,2.47,5.6,77.8,4.73,23.19,-14.14,-1.57,1.9,9,2026-04-17 to 2026-08-04 (75 days),-1.0,65.6,0.2857,46.15,43.85,BULLISH,MEDIUM,Price at statistical extreme; Last surprise: +0.0%,6.56,-1.0,1.0,70,2026-10-14,0.0,0
2026-08-05T12:52:11,2026-08-05,GD,BUY,1,PEAD Earnings Drift,HIGH,5,48.68,385.76,2.84,374.8,8.52,418.63,10.0,2026-09-17,1.6,2.64,100.0,102.84,37.93,-24.05,-5.7,43.5,2,2026-04-17 to 2026-08-04 (75 days),0.794,62.4,0.1816,360.72,347.22,BULLISH,LOW,Last surprise: +6.8%; Earnings conf adj: +1; Size: Kelly 10.0% / VolTgt 10.0% / Blend 10.0%,10.0,-1.0,1.0,84,2026-10-28,6.8,1
2026-08-05T12:52:53,2026-08-05,NVDA,HOLD,0,Stochastic Oscillator,HIGH,4,48.53,211.94,7.31,0.0,10.96,0.0,0.0,2026-08-28,0.9,1.47,100.0,61.78,20.3,1.42,-9.38,23.0,2,2026-04-17 to 2026-08-04 (75 days),-1.0,56.9,0.4421,205.65,193.22,BULLISH,HIGH,Last surprise: +5.6%; Earnings conf adj: +1,4.24,-1.0,1.0,21,2026-08-26,5.65,1
2026-08-05T12:52:47,2026-08-05,MRVL,EXIT,-1,52-Week High Momentum,HIGH,4,48.44,218.59,12.0,244.82,27.07,159.42,5.92,2026-08-16,2.64,5.62,100.0,677.45,519.28,159.45,-16.74,11.5,4,2026-04-17 to 2026-08-04 (75 days),-1.0,52.2,1.0136,240.11,136.18,BULLISH,HIGH,Strong trend (ADX=33); Last surprise: +1.3%; Size: Kelly 10.0% / VolTgt 1.9% / Blend 5.9%,1.85,-1.0,1.0,22,2026-08-27,1.27,0
2026-08-05T12:52:08,2026-08-05,FOXA,HOLD,0,Stochastic Oscillator,MEDIUM,3,48.36,59.08,3.84,0.0,5.76,0.0,0.0,2026-09-03,2.76,5.71,100.0,229.52,102.95,130.98,-5.61,29.5,2,2026-04-17 to 2026-08-04 (75 days),-1.0,58.3,0.2683,58.11,62.84,BEARISH,MEDIUM,Strong trend (ADX=32); Earnings in 1d (2026-08-06); Last surprise: +36.1%; Earnings conf adj: -1,6.99,-1.0,1.0,1,2026-08-06,36.08,-1
2026-08-05T12:52:56,2026-08-05,O,EXIT,-1,VWAP Trend,LOW,1,48.35,62.9,2.39,64.4,1.89,61.71,7.0,2026-08-06,2.28,9.3,62.5,5.71,17.41,23.04,-1.04,1.6,8,2026-04-17 to 2026-08-04 (75 days),-1.0,44.2,0.1898,62.38,60.06,BULLISH,LOW,Strong trend (ADX=31); EARNINGS TODAY (2026-08-05); Last surprise: -19.0%; Earnings conf adj: -3; Size: Kelly 7.0% / VolTgt 7.0% / Blend 7.0%,7.0,-1.0,1.0,0,2026-08-05,-19.05,-3
2026-08-05T12:54:52,2026-08-05,KNSL,HOLD,0,EMA Crossover (9/21),HIGH,5,48.24,362.82,9.14,0.0,13.71,0.0,0.0,2026-08-23,1.55,2.35,100.0,122.73,48.04,45.82,-9.93,18.5,2,2026-04-17 to 2026-08-04 (75 days),-1.0,58.6,0.4912,327.27,361.59,BEARISH,HIGH,Last surprise: +8.4%; Earnings conf adj: +1,3.82,-1.0,1.0,78,2026-10-22,8.41,1
2026-08-05T12:55:24,2026-08-05,PSN,HOLD,0,Stochastic Oscillator,HIGH,5,48.21,48.59,12.0,0.0,18.0,0.0,0.0,2026-08-29,2.45,4.93,100.0,248.74,116.46,153.84,-8.9,24.5,2,2026-04-17 to 2026-08-04 (75 days),-1.0,43.5,1.3769,54.82,63.0,BEARISH,HIGH,Strong trend (ADX=44); Last surprise: +13.2%; Earnings conf adj: +1,1.36,-1.0,1.0,-7,2026-07-29,13.16,1
2026-08-05T12:55:55,2026-08-05,OGS,HOLD,0,ADX Trend Following,MEDIUM,3,48.16,77.33,2.55,0.0,3.82,0.0,0.0,2026-08-21,0.52,0.82,100.0,20.36,5.67,41.84,-3.78,16.0,2,2026-04-17 to 2026-08-04 (75 days),-1.0,43.2,0.1968,78.33,80.98,BEARISH,LOW,Last surprise: -2.3%,9.53,-1.0,1.0,89,2026-11-02,-2.31,0
2026-08-05T12:51:55,2026-08-05,DVN,HOLD,0,VWAP Trend,HIGH,4,47.94,44.05,4.17,0.0,3.72,0.0,0.0,2026-08-07,1.35,2.13,71.4,3.24,13.16,12.13,-4.59,2.1,7,2026-04-17 to 2026-08-04 (75 days),-1.0,51.2,0.3258,43.66,41.55,BULLISH,MEDIUM,Last surprise: -4.6%,5.75,-1.0,1.0,91,2026-11-04,-4.59,0
2026-08-05T12:55:12,2026-08-05,MTDR,HOLD,0,Stochastic Oscillator,LOW,1,47.93,48.8,8.45,0.0,12.67,0.0,0.0,2026-08-27,1.48,2.42,66.7,12.3,44.47,78.84,-13.26,22.7,3,2026-04-17 to 2026-08-04 (75 days),-1.0,42.9,0.4728,51.96,49.63,BULLISH,HIGH,EARNINGS TODAY (2026-08-05); Last surprise: +21.4%; Earnings conf adj: -3,3.97,-1.0,1.0,0,2026-08-05,21.43,-3
2026-08-05T12:53:34,2026-08-05,UPS,HOLD,0,Stochastic Oscillator,HIGH,5,47.86,109.11,4.69,0.0,7.04,0.0,0.0,2026-08-14,4.89,40.81,100.0,186.13,73.01,57.83,-1.0,9.0,2,2026-04-17 to 2026-08-04 (75 days),-1.0,48.8,0.3751,109.1,101.59,BULLISH,MEDIUM,Strong trend (ADX=36); Last surprise: +6.0%; Earnings conf adj: +1,5.0,-1.0,1.0,83,2026-10-27,6.02,1
2026-08-05T12:54:53,2026-08-05,NEU,HOLD,0,MACD Crossover,HIGH,4,47.86,889.04,6.65,0.0,12.47,0.0,0.0,2026-08-17,2.95,7.1,100.0,233.8,110.57,-108.91,-8.98,12.3,3,2026-04-17 to 2026-08-04 (75 days),-1.0,73.7,0.4517,789.86,710.49,BULLISH,HIGH,RSI overbought; Price at statistical extreme; Strong trend (ADX=35); Last surprise: +2.2%,4.15,-1.0,1.0,-7,2026-07-29,2.19,0
2026-08-05T12:53:19,2026-08-05,STT,HOLD,0,MACD Crossover,HIGH,5,47.74,185.23,4.12,0.0,6.97,0.0,0.0,2026-08-16,2.91,5.81,100.0,138.35,56.01,-75.79,-3.23,11.2,4,2026-04-17 to 2026-08-04 (75 days),-1.0,60.3,0.2644,172.12,139.27,BULLISH,MEDIUM,Last surprise: +9.3%; Earnings conf adj: +1,7.09,-1.0,1.0,72,2026-10-16,9.28,1
2026-08-05T12:53:07,2026-08-05,PYPL,HOLD,0,VWAP Trend,HIGH,5,47.6,58.54,5.3,0.0,7.95,0.0,0.0,2026-08-11,1.35,1.89,58.3,1.74,39.75,-24.05,-16.82,6.7,12,2026-04-17 to 2026-08-04 (75 days),-1.0,75.0,0.645,47.58,51.79,BEARISH,HIGH,RSI overbought; Strong trend (ADX=55); Last surprise: +7.8%; Earnings conf adj: +1,2.91,-1.0,1.0,83,2026-10-27,7.81,1
2026-08-05T12:51:49,2026-08-05,DELL,HOLD,0,VWAP Trend,HIGH,5,47.59,467.27,12.0,0.0,12.71,0.0,0.0,2026-08-08,2.47,9.33,80.0,38.15,378.47,-1461.37,-15.53,3.0,5,2026-04-17 to 2026-08-04 (75 days),-1.0,60.9,0.9321,406.48,216.53,BULLISH,HIGH,Last surprise: +64.2%; Earnings conf adj: +1,2.01,-1.0,1.0,29,2026-09-03,64.19,1
2026-08-05T12:51:11,2026-08-05,ADSK,BUY,1,Momentum (Rate of Change),HIGH,5,47.58,237.21,8.55,216.93,12.83,267.64,6.94,2026-08-25,1.65,2.79,100.0,175.39,65.37,71.98,-9.24,20.0,3,2026-04-17 to 2026-08-04 (75 days),0.321,62.8,0.483,215.65,253.14,BEARISH,HIGH,Strong trend (ADX=31); Last surprise: +5.3%; Earnings conf adj: +1; Size: Kelly 10.0% / VolTgt 3.9% / Blend 6.9%,3.88,-1.0,1.0,22,2026-08-27,5.28,1
2026-08-05T12:54:06,2026-08-05,DINO,HOLD,0,ADX Trend Following,HIGH,5,47.52,88.25,6.31,0.0,12.24,0.0,0.0,2026-08-21,3.07,5.65,75.0,15.22,142.56,-207.05,-10.19,16.8,4,2026-04-17 to 2026-08-04 (75 days),-1.0,60.3,0.3791,76.63,60.38,BULLISH,MEDIUM,Strong trend (ADX=41); Last surprise: +18.3%; Earnings conf adj: +1,4.95,-1.0,1.0,85,2026-10-29,18.26,1
2026-08-05T12:54:29,2026-08-05,ARW,HOLD,0,EMA Crossover (9/21),MEDIUM,3,47.44,227.67,5.47,0.0,6.51,0.0,0.0,2026-08-10,1.33,2.92,100.0,51.99,17.68,-127.44,-3.88,5.0,2,2026-04-17 to 2026-08-04 (75 days),-1.0,63.5,0.3695,215.83,158.53,BULLISH,MEDIUM,Price at statistical extreme; Earnings in 1d (2026-08-06); Last surprise: +83.2%; Earnings conf adj: -1,5.07,-1.0,1.0,1,2026-08-06,83.16,-1
2026-08-05T12:52:19,2026-08-05,HOOD,HOLD,0,VWAP Trend,HIGH,5,47.39,93.51,12.0,0.0,13.01,0.0,0.0,2026-08-12,2.98,6.47,71.4,11.4,263.76,253.02,-12.32,7.3,7,2026-04-17 to 2026-08-04 (75 days),-1.0,45.1,0.6117,97.28,98.87,BEARISH,HIGH,Strong trend (ADX=38); Last surprise: +44.2%; Earnings conf adj: +1,3.07,-1.0,1.0,91,2026-11-04,44.19,1
2026-08-05T12:52:53,2026-08-05,NSC,HOLD,0,EMA Crossover (9/21),HIGH,5,47.16,341.27,3.73,0.0,8.9,0.0,0.0,2026-08-23,1.96,4.3,100.0,84.52,30.48,-22.74,-4.77,18.0,2,2026-04-17 to 2026-08-04 (75 days),-1.0,60.6,0.2665,320.72,300.99,BULLISH,MEDIUM,Last surprise: +6.0%; Earnings conf adj: +1,7.03,-1.0,1.0,78,2026-10-22,6.02,1
2026-08-05T12:51:20,2026-08-05,ARE,HOLD,0,Stochastic Oscillator,HIGH,5,47.09,48.87,7.57,0.0,11.36,0.0,0.0,2026-08-19,2.74,6.45,100.0,182.82,77.03,70.72,-6.58,14.0,2,2026-04-17 to 2026-08-04 (75 days),-1.0,43.8,0.4356,50.67,50.26,BULLISH,HIGH,High volume; Last surprise: +25.0%; Earnings conf adj: +1,4.3,-1.0,1.0,82,2026-10-26,25.0,1
2026-08-05T12:55:20,2026-08-05,SBRA,HOLD,0,VWAP Trend,MEDIUM,3,47.06,20.66,6.78,0.0,4.3,0.0,0.0,2026-08-06,1.37,2.47,69.2,2.69,22.31,17.68,-9.1,1.6,13,2026-04-17 to 2026-08-04 (75 days),-1.0,49.3,0.4321,19.83,19.25,BULLISH,HIGH,High volume; Strong trend (ADX=36); Last surprise: -11.8%; Earnings conf adj: -1,4.34,-1.0,1.0,-2,2026-08-03,-11.76,-1
2026-08-05T12:54:26,2026-08-05,JEF,BUY,1,Composite Multi-Indicator,MEDIUM,3,46.93,55.71,5.94,52.4,11.88,62.33,7.58,2026-09-10,3.49,6.41,100.0,281.88,142.79,73.39,-6.82,36.0,2,2026-04-17 to 2026-08-04 (75 days),0.163,52.2,0.364,55.38,53.04,BULLISH,MEDIUM,Last surprise: -17.7%; Earnings conf adj: -1; Size: Kelly 10.0% / VolTgt 5.2% / Blend 7.6%,5.15,-1.0,1.0,54,2026-09-28,-17.74,-1
2026-08-05T12:53:10,2026-08-05,RJF,HOLD,0,EMA Crossover (9/21),HIGH,5,46.9,178.57,2.59,0.0,7.57,0.0,0.0,2026-08-29,2.46,4.68,100.0,121.95,47.52,-28.66,-6.1,24.5,2,2026-04-17 to 2026-08-04 (75 days),-1.0,71.0,0.1942,159.77,157.45,BULLISH,LOW,RSI overbought; Strong trend (ADX=36); Last surprise: +7.9%; Earnings conf adj: +1,9.65,-1.0,1.0,84,2026-10-28,7.9,1
2026-08-05T12:54:18,2026-08-05,SF,HOLD,0,ADX Trend Following,HIGH,4,46.86,84.05,3.56,0.0,5.34,0.0,0.0,2026-08-16,2.59,4.35,66.7,5.3,40.93,31.8,-3.42,11.7,3,2026-04-17 to 2026-08-04 (75 days),-1.0,69.2,0.2739,74.73,77.73,BEARISH,MEDIUM,Last surprise: +4.4%,6.84,-1.0,1.0,77,2026-10-21,4.41,0
2026-08-05T12:52:46,2026-08-05,MRK,HOLD,0,Stochastic Oscillator,HIGH,4,46.83,128.0,4.01,0.0,6.01,0.0,0.0,2026-08-28,3.36,8.39,100.0,197.88,85.11,54.02,-2.53,23.0,2,2026-04-17 to 2026-08-04 (75 days),-1.0,53.2,0.2592,123.14,110.83,BULLISH,MEDIUM,Last surprise: +12.9%,7.23,-1.0,1.0,85,2026-10-29,12.93,0
2026-08-05T12:54:49,2026-08-05,BAH,HOLD,0,MACD Crossover,HIGH,5,46.59,73.59,9.07,0.0,13.61,0.0,0.0,2026-08-28,2.08,4.28,100.0,189.31,80.12,108.47,-7.64,23.0,2,2026-04-17 to 2026-08-04 (75 days),-1.0,62.1,0.483,69.91,79.59,BEARISH,HIGH,Strong trend (ADX=32); Last surprise: +22.3%; Earnings conf adj: +1,3.88,-1.0,1.0,79,2026-10-23,22.3,1
2026-08-05T12:52:14,2026-08-05,GOOG,EXIT,-1,VWAP Trend,MEDIUM,2,46.55,375.35,7.25,402.56,5.76,353.73,6.94,2026-08-07,0.45,0.7,70.0,1.47,5.05,-36.14,-4.65,2.3,10,2026-04-17 to 2026-08-04 (75 days),-1.0,62.5,0.4824,356.25,326.47,BULLISH,HIGH,Last surprise: +213.1%; Earnings conf adj: +1; Size: Kelly 10.0% / VolTgt 3.9% / Blend 6.9%,3.89,-1.0,1.0,84,2026-10-28,213.06,1
2026-08-05T12:55:46,2026-08-05,CMC,HOLD,0,Momentum (Rate of Change),HIGH,4,46.5,72.63,4.5,0.0,13.5,0.0,0.0,2026-09-08,2.64,4.86,100.0,243.17,107.03,68.17,-4.7,34.5,2,2026-04-17 to 2026-08-04 (75 days),-1.0,62.3,0.356,69.98,68.17,BULLISH,MEDIUM,Last surprise: +1.2%,5.27,-1.0,1.0,71,2026-10-15,1.17,0
2026-08-05T12:55:21,2026-08-05,NOVT,HOLD,0,ADX Trend Following,LOW,1,46.44,159.49,8.08,0.0,14.43,0.0,0.0,2026-08-22,1.75,3.56,100.0,206.56,92.99,-13.79,-9.85,17.3,3,2026-04-17 to 2026-08-04 (75 days),-1.0,61.8,0.4406,154.14,133.43,BULLISH,HIGH,Price at statistical extreme; Strong trend (ADX=36); EARNINGS TODAY (2026-08-05); Last surprise: +3.8%; Earnings conf adj: -3,4.26,-1.0,1.0,0,2026-08-05,3.85,-3
2026-08-05T12:51:45,2026-08-05,CSX,HOLD,0,ADX Trend Following,HIGH,4,46.39,51.03,4.07,0.0,6.97,0.0,0.0,2026-08-14,1.64,3.14,83.3,7.02,32.39,-44.12,-5.71,9.0,6,2026-04-17 to 2026-08-04 (75 days),-1.0,57.4,0.2951,48.3,41.28,BULLISH,MEDIUM,Last surprise: +3.8%,6.35,-1.0,1.0,78,2026-10-22,3.85,0
2026-08-05T12:53:56,2026-08-05,STRL,HOLD,0,VWAP Trend,HIGH,5,46.26,541.62,12.0,0.0,13.31,0.0,0.0,2026-08-07,1.74,3.15,55.6,2.67,111.13,41.35,-16.05,2.2,9,2026-04-17 to 2026-08-04 (75 days),-1.0,37.8,1.1395,757.24,505.93,BULLISH,HIGH,High volume; Strong trend (ADX=34); Last surprise: +12.0%; Earnings conf adj: +1,1.65,-1.0,1.0,89,2026-11-02,11.97,1
2026-08-05T12:51:06,2026-08-05,A,HOLD,0,Stochastic Oscillator,HIGH,4,46.21,139.2,4.57,0.0,6.86,0.0,0.0,2026-09-02,2.91,10.48,100.0,324.35,170.76,112.46,-4.92,28.0,2,2026-04-17 to 2026-08-04 (75 days),-1.0,59.3,0.2846,132.56,130.55,BULLISH,MEDIUM,No special conditions,6.59,-1.0,1.0,21,2026-08-26,,0
2026-08-05T12:52:56,2026-08-05,OMC,HOLD,0,VWAP Trend,HIGH,4,46.17,81.81,8.13,0.0,11.54,0.0,0.0,2026-08-16,1.57,2.51,85.7,155.91,52.25,33.78,-8.72,11.0,7,2026-04-17 to 2026-08-04 (75 days),-1.0,54.5,0.442,77.29,75.64,BULLISH,HIGH,Last surprise: -0.4%,4.24,-1.0,1.0,76,2026-10-20,-0.38,0
2026-08-05T12:51:48,2026-08-05,DASH,HOLD,0,EMA Crossover (9/21),LOW,1,46.15,202.37,8.22,0.0,12.33,0.0,0.0,2026-08-28,1.99,3.38,100.0,156.62,64.82,26.26,-13.26,23.0,2,2026-04-17 to 2026-08-04 (75 days),-1.0,63.8,0.481,176.35,190.34,BEARISH,HIGH,EARNINGS TODAY (2026-08-05); Last surprise: +7.5%; Earnings conf adj: -3,3.9,-1.0,1.0,0,2026-08-05,7.55,-3
2026-08-05T12:55:08,2026-08-05,MTG,HOLD,0,ADX Trend Following,HIGH,5,46.12,30.95,3.8,0.0,7.22,0.0,0.0,2026-08-23,1.84,3.9,66.7,3.06,25.4,-18.55,-5.14,18.0,3,2026-04-17 to 2026-08-04 (75 days),-1.0,73.9,0.216,27.56,27.22,BULLISH,MEDIUM,RSI overbought; Strong trend (ADX=48); Last surprise: +14.5%; Earnings conf adj: +1,8.68,-1.0,1.0,84,2026-10-28,14.47,1
2026-08-05T12:52:11,2026-08-05,GEHC,HOLD,0,Stochastic Oscillator,HIGH,5,46.1,70.26,7.53,0.0,11.29,0.0,0.0,2026-08-23,2.37,6.47,100.0,209.4,90.7,109.23,-5.4,18.0,2,2026-04-17 to 2026-08-04 (75 days),-1.0,61.8,0.5969,64.24,72.99,BEARISH,HIGH,Strong trend (ADX=37); Last surprise: +8.7%; Earnings conf adj: +1,3.14,-1.0,1.0,84,2026-10-28,8.65,1
2026-08-05T12:53:59,2026-08-05,WCC,HOLD,0,ADX Trend Following,HIGH,5,45.91,374.1,8.41,0.0,15.32,0.0,0.0,2026-08-16,1.85,3.76,100.0,153.77,61.4,-11.39,-8.51,11.5,2,2026-04-17 to 2026-08-04 (75 days),-1.0,64.0,0.5736,344.1,296.43,BULLISH,HIGH,Price at statistical extreme; Last surprise: +15.1%; Earnings conf adj: +1,3.27,-1.0,1.0,85,2026-10-29,15.11,1
2026-08-05T12:53:30,2026-08-05,TTWO,HOLD,0,Stochastic Oscillator,MEDIUM,3,45.87,240.22,3.93,0.0,5.9,0.0,0.0,2026-08-19,1.96,4.75,100.0,128.04,46.43,-6.52,-5.46,14.5,2,2026-04-17 to 2026-08-04 (75 days),-1.0,49.9,0.3173,234.34,229.6,BULLISH,MEDIUM,Earnings in 2d (2026-08-07); Last surprise: +42.9%; Earnings conf adj: -1,5.91,-1.0,1.0,2,2026-08-07,42.86,-1
2026-08-05T12:53:12,2026-08-05,ROST,EXIT,-1,Stochastic Oscillator,HIGH,5,45.8,251.06,3.29,259.32,4.94,238.66,9.06,2026-08-20,3.09,9.24,100.0,182.1,75.93,35.79,-4.21,15.0,2,2026-04-17 to 2026-08-04 (75 days),-1.0,67.9,0.2309,230.62,202.83,BULLISH,MEDIUM,Strong trend (ADX=51); Last surprise: +16.8%; Earnings conf adj: +1; Size: Kelly 10.0% / VolTgt 8.1% / Blend 9.1%,8.12,-1.0,1.0,15,2026-08-20,16.76,1
2026-08-05T12:51:43,2026-08-05,CPRT,HOLD,0,ADX Trend Following,HIGH,4,45.73,29.4,5.35,0.0,7.12,0.0,0.0,2026-08-10,1.66,4.33,66.7,3.18,27.96,63.52,-5.15,5.3,3,2026-04-17 to 2026-08-04 (75 days),-1.0,52.2,0.3927,29.79,35.72,BEARISH,MEDIUM,Last surprise: +4.9%,4.78,-1.0,1.0,29,2026-09-03,4.88,0
2026-08-05T12:55:27,2026-08-05,BDC,HOLD,0,MACD Crossover,HIGH,5,45.73,127.43,8.11,0.0,12.16,0.0,0.0,2026-08-28,2.48,6.36,100.0,286.97,143.38,152.18,-10.85,23.0,2,2026-04-17 to 2026-08-04 (75 days),-1.0,68.8,0.6699,110.8,118.51,BEARISH,HIGH,Price at statistical extreme; Strong trend (ADX=45); Last surprise: +15.8%; Earnings conf adj: +1,2.8,-1.0,1.0,85,2026-10-29,15.84,1
2026-08-05T12:52:08,2026-08-05,FOX,HOLD,0,VWAP Trend,MEDIUM,3,45.71,52.82,3.88,0.0,4.76,0.0,0.0,2026-08-10,1.5,2.75,66.7,2.48,40.53,70.03,-7.43,5.3,9,2026-04-17 to 2026-08-04 (75 days),-1.0,57.8,0.2624,52.2,56.47,BEARISH,MEDIUM,Earnings in 1d (2026-08-06); Last surprise: +22.2%; Earnings conf adj: -1,7.15,-1.0,1.0,1,2026-08-06,22.22,-1
2026-08-05T12:55:18,2026-08-05,FOUR,HOLD,0,ADX Trend Following,LOW,1,45.65,55.61,10.03,0.0,15.04,0.0,0.0,2026-08-26,0.74,1.17,75.0,1.73,29.48,-17.54,-20.06,21.8,4,2026-04-17 to 2026-08-04 (75 days),-1.0,63.4,0.6029,46.17,54.69,BEARISH,HIGH,Strong trend (ADX=34); Earnings in 1d (2026-08-06); Last surprise: +1.0%; Earnings conf adj: -2,3.11,-1.0,1.0,1,2026-08-06,1.04,-2
2026-08-05T12:52:13,2026-08-05,GL,BUY,1,52-Week High Momentum,HIGH,4,45.58,183.9,3.83,176.86,13.41,208.56,8.1,2026-09-23,2.28,3.03,100.0,157.27,63.84,-29.28,-7.4,49.5,2,2026-04-17 to 2026-08-04 (75 days),0.873,61.9,0.3024,171.63,148.49,BULLISH,MEDIUM,Strong trend (ADX=31); Last surprise: -1.9%; Size: Kelly 10.0% / VolTgt 6.2% / Blend 8.1%,6.2,-1.0,1.0,77,2026-10-21,-1.9,0
2026-08-05T12:55:07,2026-08-05,WEX,HOLD,0,VWAP Trend,HIGH,5,45.53,189.19,7.84,0.0,11.45,0.0,0.0,2026-08-14,1.01,1.32,60.0,1.87,40.23,5.94,-20.9,9.0,5,2026-04-17 to 2026-08-04 (75 days),-1.0,75.3,0.4848,152.32,153.16,BEARISH,HIGH,RSI overbought; Strong trend (ADX=50); Last surprise: +5.5%; Earnings conf adj: +1,3.87,-1.0,1.0,84,2026-10-28,5.52,1
2026-08-05T12:54:00,2026-08-05,OVV,HOLD,0,ADX Trend Following,MEDIUM,2,45.32,60.75,5.14,0.0,6.51,0.0,0.0,2026-08-11,0.77,1.07,80.0,2.12,15.6,-48.42,-8.32,6.2,5,2026-04-17 to 2026-08-04 (75 days),-1.0,57.4,0.332,56.76,49.26,BULLISH,MEDIUM,Strong trend (ADX=41); Last surprise: -10.3%; Earnings conf adj: -1,5.65,-1.0,1.0,-13,2026-07-23,-10.31,-1
2026-08-05T12:51:46,2026-08-05,CTSH,HOLD,0,ADX Trend Following,MEDIUM,3,45.29,56.13,9.74,0.0,13.02,0.0,0.0,2026-08-12,0.82,1.31,66.7,1.67,26.02,50.15,-20.79,7.7,3,2026-04-17 to 2026-08-04 (75 days),-1.0,70.7,0.5959,47.73,63.38,BEARISH,HIGH,RSI overbought; High volume; Strong trend (ADX=49); Last surprise: -0.7%,3.15,-1.0,1.0,84,2026-10-28,-0.72,0
2026-08-05T12:51:28,2026-08-05,BR,HOLD,0,MACD Crossover,HIGH,4,45.22,168.41,7.52,0.0,11.28,0.0,0.0,2026-08-22,1.45,2.53,66.7,5.75,41.41,26.86,-9.44,17.7,3,2026-04-17 to 2026-08-04 (75 days),-1.0,70.3,0.4193,147.39,181.05,BEARISH,HIGH,RSI overbought; High volume; Price at statistical extreme; Strong trend (ADX=34); Last surprise: +4.6%,4.47,-1.0,1.0,90,2026-11-03,4.62,0
2026-08-05T12:53:04,2026-08-05,PLTR,BUY,1,VWAP Trend,HIGH,5,45.22,162.66,10.34,145.84,15.51,187.89,5.81,2026-08-15,2.01,5.24,80.0,63.84,223.65,180.48,-16.6,10.6,5,2026-04-17 to 2026-08-04 (75 days),0.496,72.8,1.1541,130.99,152.54,BEARISH,HIGH,RSI overbought; High volume; Price at statistical extreme; Last surprise: +17.1%; Earnings conf adj: +1; Size: Kelly 10.0% / VolTgt 1.6% / Blend 5.8%,1.62,-1.0,1.0,89,2026-11-02,17.14,1
2026-08-05T12:52:19,2026-08-05,HON,HOLD,0,Stochastic Oscillator,HIGH,5,45.19,248.79,4.35,0.0,6.52,0.0,0.0,2026-09-14,2.66,4.65,100.0,228.34,104.86,97.42,-9.52,40.0,2,2026-04-17 to 2026-08-04 (75 days),-1.0,63.7,0.2782,234.47,226.35,BULLISH,MEDIUM,Strong trend (ADX=38); Last surprise: +7.1%; Earnings conf adj: +1,6.74,-1.0,1.0,78,2026-10-22,7.14,1
2026-08-05T12:53:07,2026-08-05,PSX,HOLD,0,ADX Trend Following,LOW,1,45.18,205.89,4.49,0.0,6.74,0.0,0.0,2026-08-17,2.27,3.69,60.0,4.26,71.14,-90.43,-6.63,12.4,5,2026-04-17 to 2026-08-04 (75 days),-1.0,60.2,0.3415,186.92,159.47,BULLISH,MEDIUM,EARNINGS TODAY (2026-08-05); Last surprise: +225.6%; Earnings conf adj: -3,5.49,-1.0,1.0,0,2026-08-05,225.64,-3
2026-08-05T12:52:09,2026-08-05,FTV,HOLD,0,Stochastic Oscillator,HIGH,4,45.14,60.51,4.66,0.0,6.99,0.0,0.0,2026-08-16,2.98,7.67,100.0,94.35,33.25,32.97,-3.32,11.0,2,2026-04-17 to 2026-08-04 (75 days),-1.0,48.5,0.3613,60.89,56.87,BULLISH,MEDIUM,Last surprise: +4.2%,5.19,-1.0,1.0,84,2026-10-28,4.23,0
2026-08-05T12:54:36,2026-08-05,R,HOLD,0,Stochastic Oscillator,HIGH,4,45.11,268.8,4.51,0.0,6.44,0.0,0.0,2026-08-13,3.65,13.62,100.0,128.06,45.82,-34.05,-1.44,8.5,2,2026-04-17 to 2026-08-04 (75 days),-1.0,54.3,0.2806,264.79,215.64,BULLISH,MEDIUM,Last surprise: +1.1%,6.68,-1.0,1.0,78,2026-10-22,1.08,0
2026-08-05T12:55:04,2026-08-05,PATH,BUY,1,ADX Trend Following,MEDIUM,3,45.01,14.1,11.81,12.43,17.71,16.6,6.37,2026-09-19,1.99,3.28,100.0,275.14,138.45,-42.56,-24.2,45.5,2,2026-04-17 to 2026-08-04 (75 days),0.405,71.2,0.6849,11.42,12.76,BEARISH,HIGH,RSI overbought; Price at statistical extreme; Last surprise: -6.3%; Earnings conf adj: -1; Size: Kelly 10.0% / VolTgt 2.7% / Blend 6.4%,2.74,-1.0,1.0,29,2026-09-03,-6.25,-1
2026-08-05T12:51:35,2026-08-05,CHD,HOLD,0,Multi-Factor Momentum MR,HIGH,4,44.95,103.0,3.87,0.0,11.61,0.0,0.0,2026-10-08,1.4,2.1,100.0,79.8,29.42,4.85,-4.76,64.0,1,2026-04-17 to 2026-08-04 (75 days),-1.0,63.5,0.2556,97.31,92.83,BULLISH,MEDIUM,Price at statistical extreme; Last surprise: -1.1%,7.34,-1.0,1.0,86,2026-10-30,-1.11,0
2026-08-05T12:52:50,2026-08-05,NDSN,HOLD,0,Stochastic Oscillator,HIGH,4,44.79,309.67,2.57,0.0,3.85,0.0,0.0,2026-09-09,2.94,4.96,100.0,180.85,76.53,37.47,-3.98,35.0,2,2026-04-17 to 2026-08-04 (75 days),-1.0,66.4,0.197,291.29,268.23,BULLISH,LOW,Price at statistical extreme; Last surprise: +1.4%,9.52,-1.0,1.0,14,2026-08-19,1.42,0
2026-08-05T12:54:20,2026-08-05,TTMI,BUY,1,VWAP Trend,LOW,1,44.73,132.79,12.0,116.86,18.32,157.12,4.36,2026-08-09,1.83,4.38,60.0,3.45,102.76,83.96,-9.83,4.6,5,2026-04-17 to 2026-08-04 (75 days),0.187,46.2,1.0849,165.19,113.12,BULLISH,HIGH,High volume; Strong trend (ADX=37); EARNINGS TODAY (2026-08-05); Last surprise: +11.9%; Earnings conf adj: -3; Size: Kelly 7.0% / VolTgt 1.7% / Blend 4.4%,1.73,-1.0,1.0,0,2026-08-05,11.94,-3
2026-08-05T12:55:32,2026-08-05,TCBI,HOLD,0,Stochastic Oscillator,HIGH,4,44.72,101.52,3.6,0.0,5.4,0.0,0.0,2026-08-29,2.36,4.55,100.0,97.39,36.11,45.11,-3.2,24.5,2,2026-04-17 to 2026-08-04 (75 days),-1.0,51.2,0.2793,101.33,96.39,BULLISH,MEDIUM,Last surprise: +1.1%,6.71,-1.0,1.0,77,2026-10-21,1.08,0
2026-08-05T12:54:23,2026-08-05,SCI,HOLD,0,MACD Crossover,HIGH,4,44.63,85.6,4.24,0.0,6.36,0.0,0.0,2026-08-31,1.42,2.35,100.0,74.03,26.76,13.8,-5.4,26.0,2,2026-04-17 to 2026-08-04 (75 days),-1.0,69.0,0.2578,76.82,79.02,BEARISH,MEDIUM,Strong trend (ADX=59); Last surprise: +1.1%,7.27,-1.0,1.0,84,2026-10-28,1.12,0
2026-08-05T12:54:53,2026-08-05,VLY,HOLD,0,ADX Trend Following,HIGH,4,44.57,14.88,3.22,0.0,6.88,0.0,0.0,2026-08-20,1.25,1.86,100.0,50.08,16.79,-25.42,-4.2,15.0,3,2026-04-17 to 2026-08-04 (75 days),-1.0,59.7,0.2255,14.31,12.57,BULLISH,MEDIUM,Strong trend (ADX=34); Last surprise: -3.2%,8.31,-1.0,1.0,85,2026-10-29,-3.23,0
2026-08-05T12:52:31,2026-08-05,KEY,HOLD,0,Stochastic Oscillator,HIGH,4,44.45,23.1,3.0,0.0,4.5,0.0,0.0,2026-08-21,2.83,6.39,100.0,115.09,40.83,14.87,-4.0,16.5,2,2026-04-17 to 2026-08-04 (75 days),-1.0,54.3,0.2327,22.57,20.59,BULLISH,MEDIUM,Strong trend (ADX=33); Last surprise: +4.8%,8.06,-1.0,1.0,76,2026-10-20,4.76,0
2026-08-05T12:55:33,2026-08-05,NWE,HOLD,0,VWAP Trend,HIGH,5,44.43,69.86,3.12,0.0,2.04,0.0,0.0,2026-08-06,2.32,6.47,66.7,3.56,38.68,47.57,-3.2,1.6,9,2026-04-17 to 2026-08-04 (75 days),-1.0,44.0,0.2047,70.75,67.28,BULLISH,MEDIUM,Strong trend (ADX=30); Last surprise: +16.3%; Earnings conf adj: +1,9.16,-1.0,1.0,84,2026-10-28,16.28,1
2026-08-05T12:54:01,2026-08-05,NTNX,HOLD,0,VWAP Trend,HIGH,5,44.35,61.5,4.95,0.0,7.4,0.0,0.0,2026-08-13,2.87,5.88,75.0,3.14,129.5,-201.36,-17.06,8.4,8,2026-04-17 to 2026-08-04 (75 days),-1.0,73.5,0.3241,52.65,49.16,BULLISH,MEDIUM,RSI overbought; Strong trend (ADX=43); Last surprise: +34.3%; Earnings conf adj: +1,5.79,-1.0,1.0,21,2026-08-26,34.29,1
2026-08-05T12:54:31,2026-08-05,CART,HOLD,0,ADX Trend Following,MEDIUM,2,44.35,45.65,5.15,0.0,9.87,0.0,0.0,2026-08-18,1.03,1.5,75.0,10.5,24.94,-14.66,-5.54,13.2,4,2026-04-17 to 2026-08-04 (75 days),-1.0,52.1,0.3449,44.39,41.02,BULLISH,MEDIUM,Earnings in 1d (2026-08-06); Last surprise: -6.7%; Earnings conf adj: -2,5.44,-1.0,1.0,1,2026-08-06,-6.74,-2
2026-08-05T12:54:37,2026-08-05,SARO,HOLD,0,Stochastic Oscillator,MEDIUM,3,43.91,30.68,4.88,0.0,7.32,0.0,0.0,2026-08-22,3.2,6.16,100.0,221.75,100.21,40.92,-4.74,17.5,2,2026-04-17 to 2026-08-04 (75 days),-1.0,64.8,0.3928,27.72,27.9,BEARISH,MEDIUM,Earnings in 1d (2026-08-06); Last surprise: +17.9%; Earnings conf adj: -1,4.77,-1.0,1.0,1,2026-08-06,17.86,-1
2026-08-05T12:54:19,2026-08-05,WBS,HOLD,0,ADX Trend Following,MEDIUM,2,43.85,77.95,1.5,0.0,3.0,0.0,0.0,2026-08-20,0.45,0.6,100.0,10.52,2.58,-22.64,-2.77,15.0,2,2026-04-17 to 2026-08-04 (75 days),-1.0,61.2,0.164,75.15,67.95,BULLISH,LOW,Last surprise: -0.6%,10.0,-1.0,1.0,78,2026-10-22,-0.62,0
2026-08-05T12:53:21,2026-08-05,SWKS,HOLD,0,Momentum (Rate of Change),HIGH,4,43.83,66.79,9.43,0.0,23.12,0.0,0.0,2026-09-02,2.1,3.61,100.0,337.4,168.53,111.33,-13.31,28.0,2,2026-04-17 to 2026-08-04 (75 days),-1.0,56.9,0.5548,68.18,63.6,BULLISH,HIGH,Price at statistical extreme; Last surprise: +4.9%,3.38,-1.0,1.0,-8,2026-07-28,4.85,0
2026-08-05T12:54:58,2026-08-05,MSA,HOLD,0,MACD Crossover,HIGH,5,43.79,193.23,4.76,0.0,7.14,0.0,0.0,2026-08-27,1.32,2.58,66.7,2.63,33.18,-13.49,-7.25,22.3,3,2026-04-17 to 2026-08-04 (75 days),-1.0,74.2,0.3772,169.41,170.63,BEARISH,MEDIUM,RSI overbought; Price at statistical extreme; Strong trend (ADX=50); Last surprise: +12.1%; Earnings conf adj: +1,4.97,-1.0,1.0,83,2026-10-27,12.15,1
2026-08-05T12:52:34,2026-08-05,KVUE,EXIT,-1,VWAP Trend,MEDIUM,3,43.77,19.55,3.68,20.27,4.13,18.74,8.88,2026-08-09,2.57,4.39,63.6,4.19,41.98,-6.71,-3.88,4.7,11,2026-04-17 to 2026-08-04 (75 days),-1.0,57.5,0.2417,18.6,17.31,BULLISH,MEDIUM,Earnings in 1d (2026-08-06); Last surprise: +23.1%; Earnings conf adj: -1; Size: Kelly 10.0% / VolTgt 7.8% / Blend 8.9%,7.76,-1.0,1.0,1,2026-08-06,23.08,-1
2026-08-05T12:51:56,2026-08-05,ECL,HOLD,0,Stochastic Oscillator,HIGH,4,43.71,283.14,3.66,0.0,5.49,0.0,0.0,2026-09-10,2.41,4.27,100.0,150.53,61.09,49.34,-6.72,36.0,2,2026-04-17 to 2026-08-04 (75 days),-1.0,60.1,0.2666,269.48,269.7,BEARISH,MEDIUM,Last surprise: +0.5%,7.03,-1.0,1.0,83,2026-10-27,0.48,0
2026-08-05T12:55:12,2026-08-05,ORA,HOLD,0,MACD Crossover,LOW,1,43.69,100.08,5.25,0.0,9.64,0.0,0.0,2026-08-16,3.19,7.75,75.0,259.29,120.33,154.07,-5.95,11.0,4,2026-04-17 to 2026-08-04 (75 days),-1.0,38.6,0.3691,119.1,115.47,BULLISH,MEDIUM,Strong trend (ADX=69); EARNINGS TODAY (2026-08-05); Last surprise: +44.4%; Earnings conf adj: -3,5.08,-1.0,1.0,0,2026-08-05,44.44,-3
2026-08-05T12:51:10,2026-08-05,ADP,EXIT,-1,VWAP Trend,HIGH,4,43.67,270.62,5.34,285.07,9.89,243.86,7.63,2026-08-17,3.39,7.15,57.1,5.35,189.9,4.84,-8.73,12.4,7,2026-04-17 to 2026-08-04 (75 days),-1.0,67.2,0.3566,236.99,232.94,BULLISH,MEDIUM,Strong trend (ADX=46); Last surprise: +1.5%; Size: Kelly 10.0% / VolTgt 5.3% / Blend 7.6%,5.26,-1.0,1.0,84,2026-10-28,1.54,0
2026-08-05T12:53:24,2026-08-05,TER,HOLD,0,VWAP Trend,HIGH,4,43.64,403.56,12.0,0.0,11.65,0.0,0.0,2026-08-07,1.26,1.9,50.0,1.9,76.84,54.37,-19.5,2.6,10,2026-04-17 to 2026-08-04 (75 days),-1.0,58.1,0.9173,381.88,291.73,BULLISH,HIGH,Price at statistical extreme; Last surprise: +20.5%; Earnings conf adj: +1,2.04,-1.0,1.0,77,2026-10-21,20.49,1
2026-08-05T12:51:37,2026-08-05,CLX,HOLD,0,VWAP Trend,LOW,1,43.61,104.67,6.27,0.0,9.4,0.0,0.0,2026-08-15,0.19,0.25,62.5,1.15,1.22,-3.44,-13.09,10.8,8,2026-04-17 to 2026-08-04 (75 days),-1.0,64.7,0.4052,95.71,102.77,BEARISH,HIGH,High volume; Price at statistical extreme; Last surprise: +0.6%,4.63,-1.0,1.0,90,2026-11-03,0.61,0
2026-08-05T12:55:01,2026-08-05,HIMS,HOLD,0,ADX Trend Following,MEDIUM,3,43.6,32.16,12.0,0.0,24.0,0.0,0.0,2026-08-21,2.08,3.51,100.0,267.09,133.28,88.01,-12.2,16.0,3,2026-04-17 to 2026-08-04 (75 days),-1.0,52.2,1.0703,31.04,30.07,BULLISH,HIGH,Earnings in 5d (2026-08-10); Last surprise: -246.2%; Earnings conf adj: -1,1.75,-1.0,1.0,5,2026-08-10,-246.15,-1
2026-08-05T12:52:27,2026-08-05,ITW,HOLD,0,MACD Crossover,HIGH,4,43.59,295.06,4.27,0.0,9.04,0.0,0.0,2026-08-19,2.67,4.69,75.0,17.92,59.63,25.39,-3.88,14.8,4,2026-04-17 to 2026-08-04 (75 days),-1.0,66.5,0.2984,266.34,259.86,BULLISH,MEDIUM,Strong trend (ADX=41); Last surprise: +1.4%,6.28,-1.0,1.0,79,2026-10-23,1.43,0
2026-08-05T12:53:28,2026-08-05,TSLA,HOLD,0,EMA Crossover (9/21),MEDIUM,2,43.58,327.35,9.66,0.0,14.49,0.0,0.0,2026-08-20,0.66,0.96,75.0,2.84,17.6,67.33,-12.19,15.0,4,2026-04-17 to 2026-08-04 (75 days),-1.0,39.2,0.6152,387.05,410.52,BEARISH,HIGH,Strong trend (ADX=49); Last surprise: -38.9%; Earnings conf adj: -1,3.05,-1.0,1.0,77,2026-10-21,-38.89,-1
2026-08-05T12:51:33,2026-08-05,CBRE,HOLD,0,VWAP Trend,MEDIUM,2,43.55,151.05,4.57,0.0,6.86,0.0,0.0,2026-08-13,-0.45,-0.6,57.1,0.81,-12.09,-11.06,-13.01,8.9,7,2026-04-17 to 2026-08-04 (75 days),-1.0,64.8,0.3695,136.54,147.93,BEARISH,MEDIUM,Strong trend (ADX=41); Last surprise: +6.1%; Earnings conf adj: +1,5.07,-1.0,1.0,78,2026-10-22,6.12,1
2026-08-05T12:54:30,2026-08-05,MUSA,HOLD,0,Stochastic Oscillator,LOW,1,43.5,589.54,5.09,0.0,7.63,0.0,0.0,2026-08-20,2.41,4.82,100.0,205.82,88.82,1.84,-5.93,15.5,2,2026-04-17 to 2026-08-04 (75 days),-1.0,47.8,0.364,573.41,472.03,BULLISH,MEDIUM,EARNINGS TODAY (2026-08-05); Last surprise: +32.4%; Earnings conf adj: -3,5.15,-1.0,1.0,0,2026-08-05,32.36,-3
2026-08-05T12:52:06,2026-08-05,FICO,HOLD,0,VWAP Trend,HIGH,4,43.47,1046.99,12.0,0.0,18.0,0.0,0.0,2026-08-26,2.38,3.91,75.0,3.7,138.06,146.23,-16.02,21.8,4,2026-04-17 to 2026-08-04 (75 days),-1.0,35.2,0.7575,1210.65,1369.8,BEARISH,HIGH,Price at statistical extreme; Strong trend (ADX=31); Last surprise: +3.4%,2.48,-1.0,1.0,-7,2026-07-29,3.4,0
2026-08-05T12:54:24,2026-08-05,AHR,HOLD,0,MACD Crossover,LOW,1,43.47,54.47,4.12,0.0,8.24,0.0,0.0,2026-08-24,2.81,5.54,100.0,149.79,59.14,19.2,-3.55,19.0,2,2026-04-17 to 2026-08-04 (75 days),-1.0,48.6,0.2533,51.69,49.19,BULLISH,MEDIUM,Strong trend (ADX=37); Earnings in 1d (2026-08-06); Last surprise: -6.7%; Earnings conf adj: -3,7.0,-1.0,1.0,1,2026-08-06,-6.67,-3
2026-08-05T12:54:10,2026-08-05,LECO,BUY,1,VWAP Trend,HIGH,4,43.27,277.64,5.37,262.73,5.5,292.91,7.4,2026-08-08,2.17,4.41,62.5,4.09,41.04,17.0,-4.51,3.2,8,2026-04-17 to 2026-08-04 (75 days),0.472,63.0,0.3904,259.66,254.9,BULLISH,MEDIUM,Price at statistical extreme; Last surprise: +4.3%; Size: Kelly 10.0% / VolTgt 4.8% / Blend 7.4%,4.8,-1.0,1.0,85,2026-10-29,4.27,0
2026-08-05T12:52:56,2026-08-05,ODFL,HOLD,0,Stochastic Oscillator,HIGH,5,43.25,219.32,5.53,0.0,8.29,0.0,0.0,2026-08-30,2.32,5.3,100.0,147.0,57.34,54.44,-6.08,25.0,2,2026-04-17 to 2026-08-04 (75 days),-1.0,45.7,0.3727,226.57,188.66,BULLISH,MEDIUM,Strong trend (ADX=38); Last surprise: +9.8%; Earnings conf adj: +1,5.03,-1.0,1.0,84,2026-10-28,9.8,1
2026-08-05T12:54:49,2026-08-05,TTEK,HOLD,0,ADX Trend Following,HIGH,4,43.22,35.03,5.3,0.0,7.95,0.0,0.0,2026-09-05,2.7,4.68,100.0,219.33,96.52,53.34,-4.75,31.5,2,2026-04-17 to 2026-08-04 (75 days),-1.0,71.0,0.3427,29.75,32.54,BEARISH,MEDIUM,RSI overbought; Price at statistical extreme; Strong trend (ADX=30); Last surprise: +5.0%,5.47,-1.0,1.0,-7,2026-07-29,5.0,0
2026-08-05T12:53:49,2026-08-05,NVT,EXIT,-1,VWAP Trend,HIGH,5,43.03,162.24,12.0,181.71,6.9,151.05,6.62,2026-08-07,2.38,3.95,60.0,2.7,98.41,8.14,-12.74,2.3,10,2026-04-17 to 2026-08-04 (75 days),-1.0,55.0,0.5778,161.65,129.0,BULLISH,HIGH,Last surprise: +25.0%; Earnings conf adj: +1; Size: Kelly 10.0% / VolTgt 3.2% / Blend 6.6%,3.25,-1.0,1.0,86,2026-10-30,25.0,1
2026-08-05T12:54:54,2026-08-05,AXTA,HOLD,0,Stochastic Oscillator,HIGH,5,42.97,37.61,4.69,0.0,7.04,0.0,0.0,2026-09-02,3.44,6.12,100.0,290.07,146.25,30.3,-7.96,28.5,2,2026-04-17 to 2026-08-04 (75 days),-1.0,70.7,0.3947,33.09,30.92,BULLISH,MEDIUM,RSI overbought; Price at statistical extreme; Strong trend (ADX=45); Last surprise: +10.8%; Earnings conf adj: +1,4.75,-1.0,1.0,84,2026-10-28,10.77,1
2026-08-05T12:55:10,2026-08-05,MIDD,HOLD,0,Stochastic Oscillator,HIGH,5,42.93,138.78,4.23,0.0,6.35,0.0,0.0,2026-08-18,4.08,12.49,100.0,129.99,50.37,-34.16,-2.19,13.5,2,2026-04-17 to 2026-08-04 (75 days),-1.0,59.5,0.3268,132.17,118.82,BULLISH,MEDIUM,Price at statistical extreme; Last surprise: +11.3%; Earnings conf adj: +1,5.74,-1.0,1.0,6,2026-08-11,11.34,1
2026-08-05T12:53:18,2026-08-05,STLD,HOLD,0,MACD Crossover,HIGH,4,42.91,265.1,5.05,0.0,10.44,0.0,0.0,2026-08-23,2.91,5.18,100.0,175.57,74.81,-86.85,-5.25,18.5,2,2026-04-17 to 2026-08-04 (75 days),-1.0,66.3,0.3082,249.41,198.87,BULLISH,MEDIUM,Strong trend (ADX=38); Last surprise: +0.5%,6.08,-1.0,1.0,75,2026-10-19,0.54,0
2026-08-05T12:52:18,2026-08-05,HLT,HOLD,0,EMA Crossover (9/21),HIGH,4,42.89,312.07,3.94,0.0,8.13,0.0,0.0,2026-08-24,1.37,2.24,100.0,55.76,19.27,45.23,-5.64,19.0,2,2026-04-17 to 2026-08-04 (75 days),-1.0,34.7,0.2367,332.7,306.14,BULLISH,MEDIUM,Strong trend (ADX=31); Last surprise: +0.9%,7.92,-1.0,1.0,84,2026-10-28,0.88,0
2026-08-05T12:55:43,2026-08-05,CPRI,HOLD,0,MACD Crossover,LOW,0,42.82,16.52,7.54,0.0,11.31,0.0,0.0,2026-08-20,0.58,0.94,100.0,41.22,13.67,68.78,-10.49,15.0,2,2026-04-17 to 2026-08-04 (75 days),-1.0,45.4,0.4662,18.17,20.7,BEARISH,HIGH,Strong trend (ADX=35); EARNINGS TODAY (2026-08-05); Last surprise: +83.3%; Earnings conf adj: -3,4.02,-1.0,1.0,0,2026-08-05,83.33,-3
2026-08-05T12:55:36,2026-08-05,DOCS,HOLD,0,Stochastic Oscillator,LOW,1,42.8,21.89,5.73,0.0,8.6,0.0,0.0,2026-09-05,1.92,3.22,100.0,177.75,75.29,109.1,-11.97,31.0,2,2026-04-17 to 2026-08-04 (75 days),-1.0,54.8,0.3632,21.08,33.04,BEARISH,MEDIUM,Earnings in 1d (2026-08-06); Last surprise: -7.1%; Earnings conf adj: -3,5.16,-1.0,1.0,1,2026-08-06,-7.14,-3
2026-08-05T12:54:10,2026-08-05,RPM,HOLD,0,Stochastic Oscillator,HIGH,4,42.76,115.09,7.47,0.0,11.21,0.0,0.0,2026-08-31,2.05,3.63,100.0,159.03,64.36,44.89,-7.24,26.5,2,2026-04-17 to 2026-08-04 (75 days),-1.0,63.4,0.4381,106.46,105.48,BULLISH,HIGH,Price at statistical extreme; Strong trend (ADX=33); Last surprise: +3.3%,4.28,-1.0,1.0,57,2026-10-01,3.28,0
2026-08-05T12:55:03,2026-08-05,ST,HOLD,0,Momentum (Rate of Change),HIGH,5,42.74,48.66,6.12,0.0,13.83,0.0,0.0,2026-09-02,2.35,4.46,100.0,275.22,129.38,43.49,-12.19,28.0,2,2026-04-17 to 2026-08-04 (75 days),-1.0,58.6,0.3318,47.85,38.71,BULLISH,MEDIUM,Price at statistical extreme; Strong trend (ADX=34); Last surprise: +5.4%; Earnings conf adj: +1,5.65,-1.0,1.0,83,2026-10-27,5.38,1
2026-08-05T12:52:42,2026-08-05,MET,EXIT,-1,PEAD Earnings Drift,LOW,1,42.69,96.13,2.2,98.24,4.4,91.9,7.0,2026-09-24,3.94,6.89,100.0,268.51,126.29,17.91,-4.77,50.0,2,2026-04-17 to 2026-08-04 (75 days),-1.0,65.2,0.1789,88.98,79.21,BULLISH,LOW,Strong trend (ADX=37); EARNINGS TODAY (2026-08-05); Last surprise: +6.6%; Earnings conf adj: -3; Size: Kelly 7.0% / VolTgt 7.0% / Blend 7.0%,7.0,-1.0,1.0,0,2026-08-05,6.61,-3
2026-08-05T12:55:29,2026-08-05,TNL,HOLD,0,EMA Crossover (9/21),HIGH,4,42.69,78.06,4.51,0.0,13.53,0.0,0.0,2026-09-06,2.25,3.47,100.0,148.31,60.98,59.36,-7.02,32.5,2,2026-04-17 to 2026-08-04 (75 days),-1.0,58.8,0.342,73.66,69.56,BULLISH,MEDIUM,Last surprise: +0.0%,5.48,-1.0,1.0,77,2026-10-21,0.0,0
2026-08-05T12:54:44,2026-08-05,ALV,HOLD,0,Stochastic Oscillator,HIGH,4,42.64,124.58,4.41,0.0,6.62,0.0,0.0,2026-08-21,2.9,5.84,100.0,148.2,55.97,35.76,-6.18,16.0,2,2026-04-17 to 2026-08-04 (75 days),-1.0,57.2,0.2961,122.3,117.68,BULLISH,MEDIUM,Last surprise: -1.2%,6.33,-1.0,1.0,79,2026-10-23,-1.22,0
2026-08-05T12:54:35,2026-08-05,SIRI,HOLD,0,Composite Multi-Indicator,MEDIUM,3,42.51,30.75,5.08,0.0,10.16,0.0,0.0,2026-09-22,3.4,7.05,100.0,276.0,133.06,36.79,-9.57,48.5,2,2026-04-17 to 2026-08-04 (75 days),-1.0,53.8,0.3695,29.41,23.93,BULLISH,MEDIUM,Last surprise: -10.3%; Earnings conf adj: -1,5.08,-1.0,1.0,-6,2026-07-30,-10.26,-1
2026-08-05T12:51:22,2026-08-05,AXP,HOLD,0,ADX Trend Following,HIGH,4,42.49,346.71,3.57,0.0,5.35,0.0,0.0,2026-08-20,1.21,1.89,66.7,13.33,18.28,0.91,-5.52,15.7,3,2026-04-17 to 2026-08-04 (75 days),-1.0,54.4,0.3182,334.5,337.92,BEARISH,MEDIUM,Last surprise: +3.0%,5.89,-1.0,1.0,79,2026-10-23,2.95,0
2026-08-05T12:52:26,2026-08-05,IQV,HOLD,0,Stochastic Oscillator,HIGH,4,42.49,228.2,8.32,0.0,12.48,0.0,0.0,2026-08-28,3.26,9.13,100.0,348.65,189.4,49.36,-9.35,23.0,2,2026-04-17 to 2026-08-04 (75 days),-1.0,61.6,0.5922,196.39,197.72,BEARISH,HIGH,Strong trend (ADX=44); Last surprise: +4.0%,3.17,-1.0,1.0,-8,2026-07-28,3.96,0
2026-08-05T12:54:13,2026-08-05,PINS,HOLD,0,VWAP Trend,HIGH,4,42.45,25.58,7.15,0.0,10.73,0.0,0.0,2026-08-18,1.81,3.02,66.7,3.19,96.3,-30.21,-12.18,13.0,6,2026-04-17 to 2026-08-04 (75 days),-1.0,70.7,0.4064,21.84,22.82,BEARISH,HIGH,RSI overbought; High volume; Price at statistical extreme; Strong trend (ADX=31); Last surprise: +22.7%,4.61,-1.0,1.0,-1,2026-08-04,22.73,0
2026-08-05T12:52:31,2026-08-05,KHC,HOLD,0,Stochastic Oscillator,LOW,1,42.44,26.64,4.58,0.0,6.87,0.0,0.0,2026-09-07,3.01,5.64,100.0,205.31,91.16,1.35,-8.17,33.0,2,2026-04-17 to 2026-08-04 (75 days),-1.0,58.8,0.322,24.5,23.4,BULLISH,MEDIUM,EARNINGS TODAY (2026-08-05); Last surprise: +16.0%; Earnings conf adj: -3,5.82,-1.0,1.0,0,2026-08-05,16.0,-3
2026-08-05T12:55:59,2026-08-05,TTC,HOLD,0,Stochastic Oscillator,HIGH,5,42.44,99.09,4.31,0.0,6.46,0.0,0.0,2026-08-26,2.64,5.48,100.0,138.5,55.21,28.76,-4.8,21.0,2,2026-04-17 to 2026-08-04 (75 days),-1.0,62.7,0.3171,92.87,87.79,BULLISH,MEDIUM,Price at statistical extreme; Last surprise: +6.7%; Earnings conf adj: +1,5.91,-1.0,1.0,29,2026-09-03,6.67,1
2026-08-05T12:53:31,2026-08-05,UAL,HOLD,0,Stochastic Oscillator,HIGH,5,42.43,132.62,7.5,0.0,11.25,0.0,0.0,2026-08-29,3.19,7.57,100.0,355.08,195.25,49.13,-10.92,24.5,2,2026-04-17 to 2026-08-04 (75 days),-1.0,63.7,0.4232,119.58,105.82,BULLISH,HIGH,Price at statistical extreme; Last surprise: +7.6%; Earnings conf adj: +1,4.43,-1.0,1.0,77,2026-10-21,7.57,1
2026-08-05T12:54:28,2026-08-05,EHC,HOLD,0,MACD Crossover,LOW,1,42.4,110.5,4.01,0.0,6.01,0.0,0.0,2026-08-28,2.1,4.49,100.0,108.76,40.95,26.44,-4.43,23.5,2,2026-04-17 to 2026-08-04 (75 days),-1.0,51.8,0.208,106.03,106.63,BEARISH,MEDIUM,EARNINGS TODAY (2026-08-05); Last surprise: +7.4%; Earnings conf adj: -3,7.0,-1.0,1.0,0,2026-08-05,7.38,-3
2026-08-05T12:51:58,2026-08-05,EL,HOLD,0,Stochastic Oscillator,HIGH,4,42.38,86.97,4.26,0.0,6.39,0.0,0.0,2026-08-28,2.03,4.72,100.0,188.3,78.25,19.31,-5.99,23.0,2,2026-04-17 to 2026-08-04 (75 days),-1.0,60.5,0.2868,84.11,91.72,BEARISH,MEDIUM,Price at statistical extreme; Last surprise: +40.0%,6.54,-1.0,1.0,14,2026-08-19,40.0,0
2026-08-05T12:52:01,2026-08-05,ETN,EXIT,-1,VWAP Trend,HIGH,4,42.38,444.77,9.37,486.44,7.27,412.44,6.73,2026-08-07,2.05,3.64,55.6,2.92,76.22,38.75,-8.0,2.9,9,2026-04-17 to 2026-08-04 (75 days),-1.0,61.9,0.5424,405.87,373.62,BULLISH,HIGH,Price at statistical extreme; Last surprise: +2.3%; Size: Kelly 10.0% / VolTgt 3.5% / Blend 6.7%,3.46,-1.0,1.0,90,2026-11-03,2.27,0
2026-08-05T12:52:30,2026-08-05,JCI,BUY,1,PEAD Earnings Drift,HIGH,5,42.11,153.62,4.93,146.05,5.84,162.59,8.57,2026-08-13,2.1,7.61,100.0,74.63,26.97,-8.62,-1.42,8.0,2,2026-04-17 to 2026-08-04 (75 days),0.357,67.3,0.2624,142.55,130.62,BULLISH,MEDIUM,Price at statistical extreme; Last surprise: +9.2%; Earnings conf adj: +1; Size: Kelly 10.0% / VolTgt 7.2% / Blend 8.6%,7.15,-1.0,1.0,-7,2026-07-29,9.23,1
2026-08-05T12:54:53,2026-08-05,IDCC,HOLD,0,MACD Crossover,HIGH,5,42.06,323.17,8.19,0.0,12.29,0.0,0.0,2026-08-28,1.54,2.75,100.0,115.63,45.11,83.22,-10.55,23.5,2,2026-04-17 to 2026-08-04 (75 days),-1.0,77.1,0.6342,271.24,321.14,BEARISH,HIGH,RSI overbought; Price at statistical extreme; Strong trend (ADX=49); Last surprise: +202.0%; Earnings conf adj: +1,2.96,-1.0,1.0,85,2026-10-29,201.96,1
2026-08-05T12:53:33,2026-08-05,ULTA,HOLD,0,ADX Trend Following,HIGH,4,42.04,543.86,4.14,0.0,4.89,0.0,0.0,2026-08-10,1.62,2.74,50.0,2.33,30.2,35.93,-8.67,5.8,4,2026-04-17 to 2026-08-04 (75 days),-1.0,74.3,0.2581,480.71,554.75,BEARISH,MEDIUM,RSI overbought; Price at statistical extreme; Strong trend (ADX=46); Last surprise: +12.3%; Earnings conf adj: +1,7.27,-1.0,1.0,22,2026-08-27,12.34,1
2026-08-05T12:55:05,2026-08-05,GBCI,HOLD,0,Stochastic Oscillator,HIGH,4,42.0,50.95,3.78,0.0,5.67,0.0,0.0,2026-08-29,3.32,6.36,100.0,164.92,64.76,47.58,-5.35,24.0,2,2026-04-17 to 2026-08-04 (75 days),-1.0,52.8,0.2861,49.72,46.42,BULLISH,MEDIUM,Strong trend (ADX=31); Last surprise: +0.0%,6.55,-1.0,1.0,71,2026-10-15,0.0,0
2026-08-05T12:53:13,2026-08-05,RTX,HOLD,0,ADX Trend Following,HIGH,5,41.99,217.93,4.15,0.0,11.33,0.0,0.0,2026-08-25,1.44,2.59,66.7,11.2,36.24,-8.25,-7.93,20.0,3,2026-04-17 to 2026-08-04 (75 days),-1.0,72.6,0.3217,192.12,187.51,BULLISH,MEDIUM,RSI overbought; Strong trend (ADX=40); Last surprise: +13.9%; Earnings conf adj: +1,5.83,-1.0,1.0,76,2026-10-20,13.86,1
2026-08-05T12:52:28,2026-08-05,J,HOLD,0,MACD Crossover,HIGH,4,41.98,142.68,4.02,0.0,6.03,0.0,0.0,2026-09-07,2.41,4.15,100.0,176.31,74.84,32.1,-6.54,33.0,2,2026-04-17 to 2026-08-04 (75 days),-1.0,67.6,0.3129,126.65,133.25,BEARISH,MEDIUM,High volume; Price at statistical extreme; Strong trend (ADX=37); Last surprise: +7.4%,5.99,-1.0,1.0,-1,2026-08-04,7.36,0
2026-08-05T12:51:14,2026-08-05,ALGN,HOLD,0,ADX Trend Following,LOW,1,41.9,173.27,6.27,0.0,9.4,0.0,0.0,2026-08-14,-0.25,-0.34,66.7,0.84,-7.99,19.04,-13.95,9.7,3,2026-04-17 to 2026-08-04 (75 days),-1.0,48.8,0.3851,174.15,167.15,BULLISH,MEDIUM,Last surprise: +1.5%,4.87,-1.0,1.0,84,2026-10-28,1.54,0
2026-08-05T12:55:52,2026-08-05,GAP,HOLD,0,VWAP Trend,LOW,1,41.89,20.62,4.61,0.0,6.92,0.0,0.0,2026-08-15,-0.02,-0.03,71.4,1.01,-9.92,48.98,-29.18,10.9,7,2026-04-17 to 2026-08-04 (75 days),-1.0,56.2,0.3247,20.49,23.83,BEARISH,MEDIUM,Last surprise: +0.0%,5.77,-1.0,1.0,22,2026-08-27,0.0,0
2026-08-05T12:53:23,2026-08-05,TEL,HOLD,0,Stochastic Oscillator,HIGH,4,41.84,216.82,5.87,0.0,8.8,0.0,0.0,2026-09-03,1.23,2.03,100.0,73.42,25.51,59.73,-9.3,29.0,2,2026-04-17 to 2026-08-04 (75 days),-1.0,61.6,0.3531,206.18,218.63,BEARISH,MEDIUM,Price at statistical extreme; Last surprise: +3.5%,5.31,-1.0,1.0,84,2026-10-28,3.52,0
2026-08-05T12:54:30,2026-08-05,MANH,HOLD,0,Stochastic Oscillator,HIGH,5,41.7,189.42,12.0,0.0,18.0,0.0,0.0,2026-08-22,4.33,12.39,100.0,394.98,233.7,-2.2,-4.74,17.5,2,2026-04-17 to 2026-08-04 (75 days),-1.0,65.7,0.9162,152.34,155.52,BEARISH,HIGH,Strong trend (ADX=47); Last surprise: +5.3%; Earnings conf adj: +1,2.05,-1.0,1.0,83,2026-10-27,5.3,1
2026-08-05T12:51:08,2026-08-05,ABT,HOLD,0,ADX Trend Following,HIGH,4,41.67,105.46,6.9,0.0,10.35,0.0,0.0,2026-09-02,2.38,5.57,100.0,201.05,87.92,50.81,-7.18,28.0,2,2026-04-17 to 2026-08-04 (75 days),-1.0,64.2,0.4599,93.58,106.74,BEARISH,HIGH,Strong trend (ADX=42); Last surprise: +2.3%,4.08,-1.0,1.0,70,2026-10-14,2.34,0
2026-08-05T12:52:20,2026-08-05,HRL,HOLD,0,Stochastic Oscillator,HIGH,5,41.61,25.34,3.68,0.0,5.52,0.0,0.0,2026-08-28,2.7,9.3,100.0,224.78,99.61,8.12,-3.99,23.0,2,2026-04-17 to 2026-08-04 (75 days),-1.0,54.7,0.2153,24.33,22.81,BULLISH,MEDIUM,Last surprise: +14.3%; Earnings conf adj: +1,8.71,-1.0,1.0,22,2026-08-27,14.29,1
2026-08-05T12:52:15,2026-08-05,GPN,HOLD,0,VWAP Trend,LOW,1,41.59,88.25,7.33,0.0,10.71,0.0,0.0,2026-08-12,2.39,3.88,66.7,4.48,114.69,15.6,-7.15,7.6,9,2026-04-17 to 2026-08-04 (75 days),-1.0,65.6,0.4935,74.3,74.07,BULLISH,HIGH,Strong trend (ADX=41); EARNINGS TODAY (2026-08-05); Last surprise: +5.3%; Earnings conf adj: -3,3.8,-1.0,1.0,0,2026-08-05,5.34,-3
2026-08-05T12:52:46,2026-08-05,MPC,EXIT,-1,PEAD Earnings Drift,HIGH,4,41.58,312.61,4.5,326.68,15.75,263.37,7.84,2026-09-25,4.63,8.15,100.0,458.94,301.4,31.34,-9.09,51.0,2,2026-04-17 to 2026-08-04 (75 days),-1.0,62.5,0.3307,276.31,221.99,BULLISH,MEDIUM,Strong trend (ADX=36); Last surprise: +120.0%; Size: Kelly 10.0% / VolTgt 5.7% / Blend 7.8%,5.67,-1.0,1.0,90,2026-11-03,120.0,0
2026-08-05T12:53:13,2026-08-05,RVTY,HOLD,0,VWAP Trend,HIGH,4,41.55,111.39,5.84,0.0,5.38,0.0,0.0,2026-08-08,1.12,1.81,77.8,19.27,19.86,-59.03,-3.98,3.8,9,2026-04-17 to 2026-08-04 (75 days),-1.0,52.3,0.3505,106.7,99.01,BULLISH,MEDIUM,High volume; Last surprise: +5.0%,5.35,-1.0,1.0,82,2026-10-26,4.95,0
2026-08-05T12:51:26,2026-08-05,BF-B,HOLD,0,Stochastic Oscillator,MEDIUM,3,41.51,28.47,7.41,0.0,11.12,0.0,0.0,2026-08-31,1.96,3.65,100.0,152.2,61.33,66.29,-10.55,26.5,2,2026-04-17 to 2026-08-04 (75 days),-1.0,58.9,0.4461,26.47,26.88,BEARISH,HIGH,Strong trend (ADX=32); Last surprise: -62.5%; Earnings conf adj: -1,4.2,-1.0,1.0,22,2026-08-27,-62.5,-1
2026-08-05T12:53:50,2026-08-05,BURL,HOLD,0,Stochastic Oscillator,HIGH,5,41.35,367.82,4.96,0.0,7.44,0.0,0.0,2026-08-28,1.93,3.63,100.0,150.02,55.87,34.23,-10.21,23.0,2,2026-04-17 to 2026-08-04 (75 days),-1.0,64.4,0.3185,334.67,306.96,BULLISH,MEDIUM,Strong trend (ADX=42); Last surprise: +11.7%; Earnings conf adj: +1,5.89,-1.0,1.0,22,2026-08-27,11.67,1
2026-08-05T12:52:10,2026-08-05,GDDY,BUY,1,VWAP Trend,HIGH,4,41.31,89.09,12.0,78.4,18.0,105.13,6.12,2026-08-25,1.72,2.98,50.0,2.57,94.45,80.42,-21.52,20.8,4,2026-04-17 to 2026-08-04 (75 days),0.377,48.3,0.8372,86.85,100.17,BEARISH,HIGH,Strong trend (ADX=30); Last surprise: +8.3%; Earnings conf adj: +1; Size: Kelly 10.0% / VolTgt 2.2% / Blend 6.1%,2.24,-1.0,1.0,85,2026-10-29,8.28,1
2026-08-05T12:54:20,2026-08-05,BJ,HOLD,0,VWAP Trend,HIGH,4,41.27,96.65,4.46,0.0,6.69,0.0,0.0,2026-08-17,1.89,3.38,50.0,3.33,51.01,33.03,-9.37,12.3,6,2026-04-17 to 2026-08-04 (75 days),-1.0,60.3,0.259,89.97,93.21,BEARISH,MEDIUM,Strong trend (ADX=38); Last surprise: +6.8%; Earnings conf adj: +1,7.24,-1.0,1.0,16,2026-08-21,6.8,1
2026-08-05T12:54:44,2026-08-05,OSK,HOLD,0,Stochastic Oscillator,HIGH,5,41.23,156.72,8.48,0.0,9.94,0.0,0.0,2026-08-14,2.2,5.24,100.0,129.47,49.6,25.85,-3.31,9.5,2,2026-04-17 to 2026-08-04 (75 days),-1.0,62.6,0.4094,141.28,142.02,BEARISH,HIGH,Last surprise: +10.0%; Earnings conf adj: +1,4.58,-1.0,1.0,84,2026-10-28,9.96,1
2026-08-05T12:55:25,2026-08-05,FFIN,HOLD,0,Multi-Factor Momentum MR,HIGH,4,41.23,35.53,3.05,0.0,9.15,0.0,0.0,2026-09-11,1.88,2.89,100.0,104.15,39.31,0.32,-5.64,37.0,2,2026-04-17 to 2026-08-04 (75 days),-1.0,59.0,0.2408,33.95,31.77,BULLISH,MEDIUM,Last surprise: +0.0%,7.79,-1.0,1.0,78,2026-10-22,0.0,0
2026-08-05T12:55:58,2026-08-05,SNX,HOLD,0,MACD Crossover,HIGH,5,41.18,263.79,5.21,0.0,9.07,0.0,0.0,2026-08-18,2.13,4.21,100.0,91.46,34.2,-70.01,-4.12,13.0,2,2026-04-17 to 2026-08-04 (75 days),-1.0,59.8,0.3196,259.94,192.22,BULLISH,MEDIUM,Price at statistical extreme; Last surprise: +17.1%; Earnings conf adj: +1,5.87,-1.0,1.0,50,2026-09-24,17.15,1
2026-08-05T12:52:26,2026-08-05,IR,HOLD,0,MACD Crossover,HIGH,4,41.02,89.46,7.19,0.0,10.79,0.0,0.0,2026-09-04,2.33,4.06,100.0,171.61,73.33,57.93,-8.56,30.5,2,2026-04-17 to 2026-08-04 (75 days),-1.0,68.0,0.4061,78.36,81.6,BEARISH,HIGH,Strong trend (ADX=32); Last surprise: +3.6%,4.62,-1.0,1.0,85,2026-10-29,3.61,0
2026-08-05T12:51:51,2026-08-05,DLR,HOLD,0,Stochastic Oscillator,MEDIUM,3,40.96,193.89,7.65,0.0,11.48,0.0,0.0,2026-09-08,1.53,3.15,100.0,134.23,50.66,64.08,-6.94,34.5,2,2026-04-17 to 2026-08-04 (75 days),-1.0,58.6,0.4701,184.83,174.54,BULLISH,HIGH,Strong trend (ADX=32); Last surprise: -15.1%; Earnings conf adj: -1,3.99,-1.0,1.0,78,2026-10-22,-15.07,-1
2026-08-05T12:52:46,2026-08-05,MOS,HOLD,0,Stochastic Oscillator,MEDIUM,3,40.92,22.71,5.72,0.0,8.58,0.0,0.0,2026-09-03,1.45,2.38,100.0,110.53,42.4,63.23,-9.17,29.5,2,2026-04-17 to 2026-08-04 (75 days),-1.0,53.8,0.3855,22.19,24.64,BEARISH,MEDIUM,Last surprise: -77.3%; Earnings conf adj: -1,4.86,-1.0,1.0,90,2026-11-03,-77.27,-1
2026-08-05T12:54:21,2026-08-05,FIVE,HOLD,0,EMA Crossover (9/21),HIGH,5,40.87,222.3,5.19,0.0,4.47,0.0,0.0,2026-08-10,2.45,6.84,66.7,9.99,31.64,50.37,-2.55,5.7,3,2026-04-17 to 2026-08-04 (75 days),-1.0,72.3,0.2376,199.41,198.11,BULLISH,MEDIUM,RSI overbought; Strong trend (ADX=57); Last surprise: +24.0%; Earnings conf adj: +1,7.89,-1.0,1.0,21,2026-08-26,24.02,1
2026-08-05T12:53:02,2026-08-05,PHM,HOLD,0,Stochastic Oscillator,HIGH,5,40.86,131.68,5.18,0.0,7.77,0.0,0.0,2026-09-10,2.38,4.5,100.0,210.31,93.84,78.46,-8.5,36.5,2,2026-04-17 to 2026-08-04 (75 days),-1.0,55.8,0.3689,125.66,123.84,BULLISH,MEDIUM,Last surprise: +5.1%; Earnings conf adj: +1,5.08,-1.0,1.0,76,2026-10-20,5.08,1
2026-08-05T12:54:50,2026-08-05,LAD,HOLD,0,Stochastic Oscillator,HIGH,5,40.82,370.99,10.77,0.0,16.16,0.0,0.0,2026-08-19,3.48,8.3,100.0,213.93,92.25,-60.73,-2.94,14.5,2,2026-04-17 to 2026-08-04 (75 days),-1.0,59.3,0.8097,316.54,303.14,BULLISH,HIGH,Strong trend (ADX=59); Last surprise: +15.0%; Earnings conf adj: +1,2.32,-1.0,1.0,77,2026-10-21,15.02,1
2026-08-05T12:53:55,2026-08-05,TOST,HOLD,0,EMA Crossover (9/21),HIGH,5,40.81,33.81,7.99,0.0,11.98,0.0,0.0,2026-08-25,3.31,6.56,100.0,252.51,113.67,46.6,-7.94,20.0,2,2026-04-17 to 2026-08-04 (75 days),-1.0,71.1,0.4128,27.72,30.36,BEARISH,HIGH,RSI overbought; High volume; Strong trend (ADX=31); Last surprise: +7.4%; Earnings conf adj: +1,4.54,-1.0,1.0,90,2026-11-03,7.41,1
2026-08-05T12:53:44,2026-08-05,WSM,HOLD,0,MACD Crossover,HIGH,5,40.8,248.88,4.69,0.0,13.3,0.0,0.0,2026-08-28,3.16,6.97,100.0,244.43,114.93,-2.85,-7.54,23.5,2,2026-04-17 to 2026-08-04 (75 days),-1.0,68.5,0.3484,221.04,197.7,BULLISH,MEDIUM,High volume; Price at statistical extreme; Strong trend (ADX=31); Last surprise: +7.2%; Earnings conf adj: +1,5.38,-1.0,1.0,21,2026-08-26,7.22,1
2026-08-05T12:52:17,2026-08-05,HD,HOLD,0,Stochastic Oscillator,HIGH,4,40.78,348.24,4.07,0.0,6.11,0.0,0.0,2026-08-29,1.62,2.81,100.0,87.2,31.13,29.71,-8.0,24.0,2,2026-04-17 to 2026-08-04 (75 days),-1.0,58.2,0.2876,331.87,345.01,BEARISH,MEDIUM,Last surprise: +0.6%,6.52,-1.0,1.0,13,2026-08-18,0.59,0
2026-08-05T12:51:30,2026-08-05,BXP,HOLD,0,VWAP Trend,HIGH,5,40.74,70.67,4.63,0.0,6.51,0.0,0.0,2026-08-13,2.12,4.01,85.7,13.72,46.81,-55.7,-3.91,8.6,7,2026-04-17 to 2026-08-04 (75 days),-1.0,59.0,0.2821,65.91,62.67,BULLISH,MEDIUM,Strong trend (ADX=35); Last surprise: +16.3%; Earnings conf adj: +1,6.65,-1.0,1.0,83,2026-10-27,16.28,1
2026-08-05T12:53:35,2026-08-05,V,BUY,1,MACD Crossover,HIGH,4,40.71,369.59,2.64,359.83,6.41,393.28,9.75,2026-08-22,1.09,2.05,66.7,2.96,14.94,-54.88,-4.06,17.0,3,2026-04-17 to 2026-08-04 (75 days),0.361,65.7,0.1975,341.91,329.69,BULLISH,LOW,Last surprise: +2.8%; Size: Kelly 10.0% / VolTgt 9.5% / Blend 9.8%,9.49,-1.0,1.0,83,2026-10-27,2.79,0
2026-08-05T12:51:21,2026-08-05,AVB,HOLD,0,ADX Trend Following,HIGH,4,40.7,189.25,2.89,0.0,8.67,0.0,0.0,2026-09-10,2.29,4.24,100.0,124.08,49.53,11.84,-4.16,36.0,2,2026-04-17 to 2026-08-04 (75 days),-1.0,50.3,0.2352,187.12,177.05,BULLISH,MEDIUM,Last surprise: +1.8%,7.97,-1.0,1.0,84,2026-10-28,1.83,0
2026-08-05T12:54:01,2026-08-05,JLL,HOLD,0,MACD Crossover,HIGH,5,40.68,367.86,4.4,0.0,6.6,0.0,0.0,2026-09-01,2.15,4.6,100.0,148.03,60.87,38.19,-5.47,27.5,2,2026-04-17 to 2026-08-04 (75 days),-1.0,71.2,0.3839,314.6,319.09,BEARISH,MEDIUM,RSI overbought; Price at statistical extreme; Strong trend (ADX=45); Last surprise: +15.6%; Earnings conf adj: +1,4.88,-1.0,1.0,-6,2026-07-30,15.6,1
2026-08-05T12:52:36,2026-08-05,LMT,HOLD,0,Stochastic Oscillator,HIGH,5,40.64,589.33,6.19,0.0,9.29,0.0,0.0,2026-08-26,1.52,2.82,100.0,78.39,26.39,25.81,-4.49,21.5,2,2026-04-17 to 2026-08-04 (75 days),-1.0,69.5,0.4169,530.94,541.36,BEARISH,HIGH,Strong trend (ADX=34); Last surprise: +10.3%; Earnings conf adj: +1,4.5,-1.0,1.0,76,2026-10-20,10.28,1
2026-08-05T12:53:29,2026-08-05,TT,HOLD,0,VWAP Trend,HIGH,4,40.59,472.24,5.28,0.0,3.85,0.0,0.0,2026-08-07,1.61,2.78,55.6,2.15,23.92,25.91,-6.15,2.9,9,2026-04-17 to 2026-08-04 (75 days),-1.0,51.3,0.2874,470.01,439.02,BULLISH,MEDIUM,Last surprise: +1.2%,6.52,-1.0,1.0,85,2026-10-29,1.17,0
2026-08-05T12:52:00,2026-08-05,ERIE,HOLD,0,Stochastic Oscillator,HIGH,4,40.58,244.53,10.05,0.0,15.08,0.0,0.0,2026-09-10,1.88,3.25,100.0,182.96,78.37,76.8,-8.76,36.5,2,2026-04-17 to 2026-08-04 (75 days),-1.0,55.9,0.7078,229.22,256.65,BEARISH,HIGH,Last surprise: +3.0%,2.65,-1.0,1.0,85,2026-10-29,2.99,0
2026-08-05T12:53:32,2026-08-05,UHS,HOLD,0,ADX Trend Following,HIGH,4,40.56,167.87,8.08,0.0,8.18,0.0,0.0,2026-08-11,2.36,5.17,66.7,4.69,41.43,65.71,-4.05,6.7,3,2026-04-17 to 2026-08-04 (75 days),-1.0,63.9,0.4015,151.4,191.04,BEARISH,HIGH,Last surprise: -0.5%,4.67,-1.0,1.0,82,2026-10-26,-0.5,0
2026-08-05T12:53:44,2026-08-05,WTW,HOLD,0,MACD Crossover,HIGH,5,40.5,339.63,4.4,0.0,6.6,0.0,0.0,2026-09-09,2.61,5.88,100.0,193.02,84.99,26.3,-4.15,35.0,2,2026-04-17 to 2026-08-04 (75 days),-1.0,79.3,0.3476,278.09,296.69,BEARISH,MEDIUM,RSI overbought; Strong trend (ADX=55); Last surprise: +7.7%; Earnings conf adj: +1,5.39,-1.0,1.0,85,2026-10-29,7.72,1
2026-08-05T12:55:40,2026-08-05,CXT,HOLD,0,VWAP Trend,LOW,1,40.48,54.68,4.77,0.0,6.24,0.0,0.0,2026-08-13,2.36,3.74,62.5,3.35,95.85,18.23,-9.29,8.1,8,2026-04-17 to 2026-08-04 (75 days),-1.0,66.6,0.2783,46.65,49.18,BEARISH,MEDIUM,EARNINGS TODAY (2026-08-05); Last surprise: +5.3%; Earnings conf adj: -3,6.74,-1.0,1.0,0,2026-08-05,5.26,-3
2026-08-05T12:55:51,2026-08-05,FN,BUY,1,VWAP Trend,HIGH,4,40.46,531.03,12.0,467.31,8.81,577.81,6.06,2026-08-06,2.24,4.77,55.6,3.11,131.01,190.0,-8.51,1.6,9,2026-04-17 to 2026-08-04 (75 days),0.377,55.5,0.885,553.07,531.13,BULLISH,HIGH,High volume; Strong trend (ADX=32); Last surprise: +4.5%; Size: Kelly 10.0% / VolTgt 2.1% / Blend 6.1%,2.12,-1.0,1.0,12,2026-08-17,4.49,0
2026-08-05T12:54:28,2026-08-05,WMS,HOLD,0,Stochastic Oscillator,MEDIUM,3,40.45,149.75,4.84,0.0,7.26,0.0,0.0,2026-09-04,1.78,3.15,100.0,170.82,70.94,78.3,-7.6,30.0,2,2026-04-17 to 2026-08-04 (75 days),-1.0,57.0,0.3845,142.76,147.39,BEARISH,MEDIUM,Earnings in 1d (2026-08-06); Last surprise: +10.3%; Earnings conf adj: -1,4.88,-1.0,1.0,1,2026-08-06,10.31,-1
2026-08-05T12:51:55,2026-08-05,EA,HOLD,0,MACD Crossover,HIGH,5,40.44,209.7,1.5,0.0,1.49,0.0,0.0,2026-08-28,2.94,5.59,66.7,444.27,9.19,-1.32,-0.7,23.0,3,2026-04-17 to 2026-08-04 (75 days),-1.0,75.6,0.0394,205.27,202.59,BULLISH,LOW,RSI overbought; High volume; Strong trend (ADX=44); Last surprise: +79.3%; Earnings conf adj: +1,10.0,-1.0,1.0,90,2026-11-03,79.31,1
2026-08-05T12:52:26,2026-08-05,IRM,HOLD,0,VWAP Trend,LOW,1,40.44,125.51,5.85,0.0,4.23,0.0,0.0,2026-08-08,2.72,6.11,72.7,3.24,89.66,63.64,-6.59,3.4,11,2026-04-17 to 2026-08-04 (75 days),-1.0,52.7,0.2911,124.98,106.09,BULLISH,MEDIUM,EARNINGS TODAY (2026-08-05); Last surprise: +15.4%; Earnings conf adj: -3,6.44,-1.0,1.0,0,2026-08-05,15.38,-3
2026-08-05T12:53:24,2026-08-05,TDY,BUY,1,Momentum (Rate of Change),HIGH,5,40.39,684.76,5.03,650.32,7.57,736.6,8.84,2026-08-20,1.17,2.1,100.0,53.4,17.52,-11.2,-9.23,15.5,2,2026-04-17 to 2026-08-04 (75 days),0.385,67.1,0.2443,632.73,599.85,BULLISH,MEDIUM,Price at statistical extreme; Strong trend (ADX=32); Last surprise: +8.5%; Earnings conf adj: +1; Size: Kelly 10.0% / VolTgt 7.7% / Blend 8.8%,7.68,-1.0,1.0,77,2026-10-21,8.46,1
2026-08-05T12:52:22,2026-08-05,HUM,HOLD,0,VWAP Trend,HIGH,5,40.36,362.16,9.43,0.0,5.87,0.0,0.0,2026-08-08,3.48,14.26,71.4,7.32,109.1,-489.31,-3.12,3.4,7,2026-04-17 to 2026-08-04 (75 days),-1.0,41.8,0.4041,369.85,264.96,BULLISH,HIGH,Strong trend (ADX=38); Last surprise: +8.7%; Earnings conf adj: +1,4.64,-1.0,1.0,-7,2026-07-29,8.71,1
2026-08-05T12:54:20,2026-08-05,SEIC,HOLD,0,ADX Trend Following,HIGH,5,40.31,104.72,3.68,0.0,12.25,0.0,0.0,2026-09-16,2.86,6.22,100.0,203.89,90.67,-66.81,-5.72,42.0,2,2026-04-17 to 2026-08-04 (75 days),-1.0,71.8,0.24,93.36,85.13,BULLISH,MEDIUM,RSI overbought; Strong trend (ADX=51); Last surprise: +15.3%; Earnings conf adj: +1,7.81,-1.0,1.0,77,2026-10-21,15.28,1
2026-08-05T12:55:46,2026-08-05,CG,HOLD,0,ADX Trend Following,LOW,0,40.3,50.64,4.7,0.0,7.05,0.0,0.0,2026-08-14,0.7,1.03,66.7,1.45,17.23,27.61,-12.32,9.5,6,2026-04-17 to 2026-08-04 (75 days),-1.0,69.7,0.3776,44.65,51.19,BEARISH,MEDIUM,High volume; Price at statistical extreme; EARNINGS TODAY (2026-08-05); Last surprise: -3.3%; Earnings conf adj: -3,4.97,-1.0,1.0,0,2026-08-05,-3.26,-3
2026-08-05T12:52:03,2026-08-05,F,HOLD,0,Stochastic Oscillator,HIGH,5,40.29,14.24,5.76,0.0,8.64,0.0,0.0,2026-09-06,2.89,6.35,100.0,392.58,204.69,157.41,-10.01,32.5,2,2026-04-17 to 2026-08-04 (75 days),-1.0,48.4,0.2645,14.57,13.19,BULLISH,MEDIUM,Strong trend (ADX=36); Last surprise: +20.0%; Earnings conf adj: +1,7.09,-1.0,1.0,78,2026-10-22,20.0,1
2026-08-05T12:53:45,2026-08-05,WYNN,HOLD,0,Stochastic Oscillator,HIGH,5,40.28,97.6,3.82,0.0,5.73,0.0,0.0,2026-08-30,1.96,3.91,100.0,113.52,41.78,72.93,-6.77,25.5,2,2026-04-17 to 2026-08-04 (75 days),-1.0,46.9,0.2349,100.38,109.52,BEARISH,MEDIUM,High volume; Last surprise: +5.9%; Earnings conf adj: +1,7.98,-1.0,1.0,-1,2026-08-04,5.93,1
2026-08-05T12:55:58,2026-08-05,SSD,HOLD,0,Stochastic Oscillator,HIGH,5,40.21,196.48,5.08,0.0,7.62,0.0,0.0,2026-09-09,2.68,4.78,100.0,210.05,91.68,46.23,-5.86,35.0,2,2026-04-17 to 2026-08-04 (75 days),-1.0,55.4,0.317,192.78,181.47,BULLISH,MEDIUM,Last surprise: +11.5%; Earnings conf adj: +1,5.92,-1.0,1.0,82,2026-10-26,11.52,1
2026-08-05T12:51:30,2026-08-05,CAH,HOLD,0,Stochastic Oscillator,HIGH,4,40.01,233.55,3.22,0.0,4.83,0.0,0.0,2026-08-15,2.9,9.05,100.0,121.08,40.66,4.96,-2.34,10.0,2,2026-04-17 to 2026-08-04 (75 days),-1.0,56.6,0.2448,222.83,208.68,BULLISH,MEDIUM,Last surprise: +13.6%,7.66,-1.0,1.0,6,2026-08-11,13.62,0
2026-08-05T12:52:46,2026-08-05,MPWR,HOLD,0,VWAP Trend,HIGH,5,39.96,1335.03,12.0,0.0,8.72,0.0,0.0,2026-08-08,1.3,2.23,66.7,2.35,57.37,84.68,-8.95,3.0,12,2026-04-17 to 2026-08-04 (75 days),-1.0,47.8,0.6392,1435.89,1211.17,BULLISH,HIGH,Last surprise: +10.5%; Earnings conf adj: +1,2.93,-1.0,1.0,85,2026-10-29,10.54,1
2026-08-05T12:55:41,2026-08-05,KD,EXIT,-1,VWAP Trend,LOW,1,39.93,14.69,9.13,16.03,12.38,12.87,5.28,2026-08-13,1.81,2.93,62.5,2.68,82.91,75.88,-11.6,8.9,8,2026-04-17 to 2026-08-04 (75 days),-1.0,71.8,0.527,12.06,17.8,BEARISH,HIGH,RSI overbought; Price at statistical extreme; Strong trend (ADX=38); EARNINGS TODAY (2026-08-05); Last surprise: -61.7%; Earnings conf adj: -3; Size: Kelly 7.0% / VolTgt 3.6% / Blend 5.3%,3.56,-1.0,1.0,0,2026-08-05,-61.7,-3
2026-08-05T12:55:27,2026-08-05,ANF,HOLD,0,ADX Trend Following,HIGH,5,39.89,110.2,8.55,0.0,10.34,0.0,0.0,2026-08-10,3.12,7.98,66.7,24.4,153.38,83.75,-5.68,5.3,6,2026-04-17 to 2026-08-04 (75 days),-1.0,69.5,0.5706,89.47,91.16,BEARISH,HIGH,Price at statistical extreme; Strong trend (ADX=36); Last surprise: +14.8%; Earnings conf adj: +1,3.29,-1.0,1.0,21,2026-08-26,14.84,1
2026-08-05T12:55:02,2026-08-05,M,HOLD,0,Stochastic Oscillator,HIGH,5,39.88,26.21,5.44,0.0,8.16,0.0,0.0,2026-08-23,3.31,7.72,100.0,251.62,110.05,-68.93,-4.11,18.0,2,2026-04-17 to 2026-08-04 (75 days),-1.0,66.0,0.3818,23.58,20.83,BULLISH,MEDIUM,Price at statistical extreme; Last surprise: +333.3%; Earnings conf adj: +1,4.91,-1.0,1.0,28,2026-09-02,333.33,1
2026-08-05T12:54:18,2026-08-05,PEN,HOLD,0,Stochastic Oscillator,MEDIUM,3,39.85,324.22,1.5,0.0,2.25,0.0,0.0,2026-09-18,1.11,1.76,100.0,20.46,6.07,13.95,-1.74,44.5,2,2026-04-17 to 2026-08-04 (75 days),-1.0,68.3,0.0619,318.94,316.33,BULLISH,LOW,Price at statistical extreme; Last surprise: -14.4%; Earnings conf adj: -1,10.0,-1.0,1.0,-2,2026-08-03,-14.41,-1
2026-08-05T12:52:16,2026-08-05,GWW,HOLD,0,Composite Multi-Indicator,HIGH,5,39.84,1300.45,4.75,0.0,11.44,0.0,0.0,2026-09-02,2.69,6.11,100.0,136.56,53.69,6.37,-3.89,28.0,2,2026-04-17 to 2026-08-04 (75 days),-1.0,38.6,0.2746,1335.61,1134.77,BULLISH,MEDIUM,High volume; Price at statistical extreme; Last surprise: +14.1%; Earnings conf adj: +1,6.83,-1.0,1.0,91,2026-11-04,14.1,1
2026-08-05T12:52:41,2026-08-05,MAS,EXIT,-1,ADX Trend Following,HIGH,4,39.79,77.08,7.35,82.75,18.42,62.88,6.74,2026-08-24,0.89,1.37,75.0,1.75,24.26,-43.1,-11.69,19.0,4,2026-04-17 to 2026-08-04 (75 days),-1.0,51.4,0.5368,75.24,68.2,BULLISH,HIGH,Last surprise: +25.2%; Earnings conf adj: +1; Size: Kelly 10.0% / VolTgt 3.5% / Blend 6.7%,3.49,-1.0,1.0,85,2026-10-29,25.19,1
2026-08-05T12:55:44,2026-08-05,AFG,HOLD,0,VWAP Trend,HIGH,4,39.78,140.6,2.15,0.0,2.52,0.0,0.0,2026-08-08,1.01,1.85,66.7,4.76,6.8,-21.63,-2.46,3.5,6,2026-04-17 to 2026-08-04 (75 days),-1.0,50.5,0.171,137.0,131.33,BULLISH,LOW,Last surprise: -3.5%,10.0,-1.0,1.0,90,2026-11-03,-3.52,0
2026-08-05T12:52:51,2026-08-05,NKE,HOLD,0,Stochastic Oscillator,HIGH,5,39.65,41.53,4.85,0.0,7.27,0.0,0.0,2026-09-01,2.03,3.91,100.0,140.72,55.23,82.62,-8.03,27.0,2,2026-04-17 to 2026-08-04 (75 days),-1.0,43.9,0.3285,43.41,53.65,BEARISH,MEDIUM,Last surprise: +453.8%; Earnings conf adj: +1,5.71,-1.0,1.0,55,2026-09-29,453.85,1
2026-08-05T12:51:56,2026-08-05,ECHO,HOLD,0,VWAP Trend,LOW,0,39.63,91.6,9.54,0.0,6.72,0.0,0.0,2026-08-08,0.55,0.85,54.5,1.32,12.56,84.63,-14.52,3.1,11,2026-04-17 to 2026-08-04 (75 days),-1.0,46.3,0.4849,104.35,105.84,BEARISH,HIGH,Strong trend (ADX=37); Last surprise: -94.7%; Earnings conf adj: -1,3.87,-1.0,1.0,-2,2026-08-03,-94.66,-1
2026-08-05T12:55:51,2026-08-05,FLS,HOLD,0,Stochastic Oscillator,HIGH,5,39.6,79.55,8.02,0.0,12.03,0.0,0.0,2026-09-04,1.7,2.82,100.0,163.6,66.62,82.09,-10.67,30.0,2,2026-04-17 to 2026-08-04 (75 days),-1.0,64.7,0.4495,73.65,73.67,BEARISH,HIGH,Price at statistical extreme; Strong trend (ADX=42); Last surprise: +10.5%; Earnings conf adj: +1,4.17,-1.0,1.0,83,2026-10-27,10.47,1
2026-08-05T12:54:37,2026-08-05,SOLS,HOLD,0,ADX Trend Following,HIGH,5,39.49,63.52,10.31,0.0,4.11,0.0,0.0,2026-08-06,1.89,30.22,100.0,22.5,9.2,81.49,-0.1,1.0,1,2026-05-11 to 2026-08-04 (59 days),-1.0,47.5,0.5219,73.65,nan,NEUTRAL,HIGH,Strong trend (ADX=33); Last surprise: +12.8%; Earnings conf adj: +1,3.59,-1.0,1.0,85,2026-10-29,12.82,1
2026-08-05T12:53:24,2026-08-05,TFC,HOLD,0,ADX Trend Following,MEDIUM,2,39.47,52.66,3.16,0.0,4.24,0.0,0.0,2026-08-09,0.01,0.01,66.7,1.1,-0.79,-19.76,-6.76,4.7,3,2026-04-17 to 2026-08-04 (75 days),-1.0,57.9,0.2483,50.39,48.23,BULLISH,MEDIUM,Last surprise: +13.9%; Earnings conf adj: +1,7.55,-1.0,1.0,72,2026-10-16,13.89,1
2026-08-05T12:51:29,2026-08-05,BRO,HOLD,0,ADX Trend Following,HIGH,4,39.38,71.17,8.05,0.0,12.08,0.0,0.0,2026-08-31,2.15,3.84,100.0,172.0,73.29,53.67,-6.59,26.0,2,2026-04-17 to 2026-08-04 (75 days),-1.0,58.1,0.4152,63.94,70.45,BEARISH,HIGH,Strong trend (ADX=36); Last surprise: +0.0%,4.52,-1.0,1.0,82,2026-10-26,0.0,0
2026-08-05T12:51:27,2026-08-05,BLK,HOLD,0,ADX Trend Following,HIGH,5,39.3,1131.13,3.82,0.0,5.73,0.0,0.0,2026-08-11,1.56,2.75,66.7,3.38,34.86,4.43,-6.32,6.3,6,2026-04-17 to 2026-08-04 (75 days),-1.0,65.4,0.3615,1035.13,1045.12,BEARISH,MEDIUM,Strong trend (ADX=37); Last surprise: +9.6%; Earnings conf adj: +1,5.19,-1.0,1.0,70,2026-10-14,9.61,1
2026-08-05T12:52:54,2026-08-05,NUE,HOLD,0,MACD Crossover,HIGH,5,39.2,274.04,4.94,0.0,11.85,0.0,0.0,2026-08-20,2.48,5.11,100.0,162.77,65.44,-151.0,-6.68,15.5,2,2026-04-17 to 2026-08-04 (75 days),-1.0,71.6,0.3822,244.08,191.79,BULLISH,MEDIUM,RSI overbought; Price at statistical extreme; Strong trend (ADX=45); Last surprise: +6.8%; Earnings conf adj: +1,4.91,-1.0,1.0,82,2026-10-26,6.84,1
2026-08-05T12:52:55,2026-08-05,NWS,HOLD,0,ADX Trend Following,LOW,1,39.14,32.72,4.47,0.0,6.71,0.0,0.0,2026-08-12,1.64,2.68,71.4,2.86,44.83,9.83,-8.73,7.4,7,2026-04-17 to 2026-08-04 (75 days),-1.0,60.3,0.353,30.39,29.35,BULLISH,MEDIUM,EARNINGS TODAY (2026-08-05); Last surprise: +5.0%; Earnings conf adj: -3,5.31,-1.0,1.0,0,2026-08-05,5.0,-3
2026-08-05T12:51:23,2026-08-05,BA,HOLD,0,Stochastic Oscillator,MEDIUM,3,39.1,237.16,6.85,0.0,10.27,0.0,0.0,2026-09-07,1.44,2.72,100.0,131.54,50.41,27.8,-9.58,33.0,2,2026-04-17 to 2026-08-04 (75 days),-1.0,63.8,0.449,219.48,218.59,BULLISH,HIGH,Price at statistical extreme; Strong trend (ADX=36); Last surprise: -145.2%; Earnings conf adj: -1,4.18,-1.0,1.0,84,2026-10-28,-145.16,-1
2026-08-05T12:52:10,2026-08-05,GE,HOLD,0,Stochastic Oscillator,HIGH,5,38.98,377.28,4.57,0.0,6.86,0.0,0.0,2026-08-21,2.61,4.44,100.0,127.76,46.68,-62.54,-6.36,16.0,2,2026-04-17 to 2026-08-04 (75 days),-1.0,64.5,0.3197,347.81,315.17,BULLISH,MEDIUM,Price at statistical extreme; Last surprise: +8.6%; Earnings conf adj: +1,5.86,-1.0,1.0,76,2026-10-20,8.6,1
2026-08-05T12:51:16,2026-08-05,AMD,BUY,1,VWAP Trend,HIGH,4,38.96,518.58,12.0,456.35,9.39,567.27,6.11,2026-08-07,2.11,5.81,62.5,3.55,142.44,-589.35,-11.33,2.0,8,2026-04-17 to 2026-08-04 (75 days),0.258,52.3,0.8435,514.33,314.56,BULLISH,HIGH,Last surprise: +6.2%; Size: Kelly 10.0% / VolTgt 2.2% / Blend 6.1%,2.22,-1.0,1.0,90,2026-11-03,6.2,0
2026-08-05T12:52:17,2026-08-05,HBAN,HOLD,0,Stochastic Oscillator,MEDIUM,3,38.96,17.56,3.53,0.0,5.29,0.0,0.0,2026-08-25,0.96,1.44,100.0,51.57,15.24,-3.43,-7.94,20.0,2,2026-04-17 to 2026-08-04 (75 days),-1.0,51.5,0.2918,17.21,16.55,BULLISH,MEDIUM,Strong trend (ADX=30); Last surprise: +0.0%,6.43,-1.0,1.0,78,2026-10-22,0.0,0
2026-08-05T12:54:06,2026-08-05,RGA,HOLD,0,ADX Trend Following,MEDIUM,2,38.78,236.19,3.25,0.0,6.5,0.0,0.0,2026-08-22,0.73,1.19,66.7,1.89,11.75,-37.09,-8.59,17.7,3,2026-04-17 to 2026-08-04 (75 days),-1.0,57.5,0.2179,220.09,205.95,BULLISH,MEDIUM,Earnings in 1d (2026-08-06); Last surprise: +16.0%; Earnings conf adj: -1,8.6,-1.0,1.0,1,2026-08-06,15.97,-1
2026-08-05T12:53:26,2026-08-05,TJX,HOLD,0,Stochastic Oscillator,HIGH,4,38.75,157.55,2.74,0.0,4.11,0.0,0.0,2026-09-05,0.96,1.71,100.0,53.54,16.81,22.24,-6.56,31.0,2,2026-04-17 to 2026-08-04 (75 days),-1.0,52.9,0.1838,157.53,154.0,BULLISH,LOW,Strong trend (ADX=36); Last surprise: +16.7%; Earnings conf adj: +1,10.0,-1.0,1.0,14,2026-08-19,16.67,1
2026-08-05T12:51:26,2026-08-05,BIIB,HOLD,0,VWAP Trend,HIGH,4,38.72,208.45,7.42,0.0,6.42,0.0,0.0,2026-08-07,2.05,5.94,40.0,2.88,52.37,-20.99,-4.65,2.6,10,2026-04-17 to 2026-08-04 (75 days),-1.0,54.7,0.5058,201.18,183.95,BULLISH,HIGH,Last surprise: +77.3%; Earnings conf adj: +1,3.71,-1.0,1.0,85,2026-10-29,77.34,1
2026-08-05T12:53:41,2026-08-05,WELL,HOLD,0,ADX Trend Following,MEDIUM,3,38.71,231.57,3.88,0.0,6.8,0.0,0.0,2026-08-19,2.56,4.91,75.0,9.97,51.67,11.72,-8.23,14.8,4,2026-04-17 to 2026-08-04 (75 days),-1.0,45.4,0.2243,224.58,203.93,BULLISH,MEDIUM,Strong trend (ADX=41); Last surprise: -16.9%; Earnings conf adj: -1,8.36,-1.0,1.0,82,2026-10-26,-16.92,-1
2026-08-05T12:55:57,2026-08-05,SN,HOLD,0,MACD Crossover,LOW,1,38.62,168.19,5.11,0.0,10.22,0.0,0.0,2026-08-29,3.69,9.44,100.0,351.26,184.21,-35.12,-4.22,24.5,2,2026-04-17 to 2026-08-04 (75 days),-1.0,71.7,0.3613,141.25,117.59,BULLISH,MEDIUM,RSI overbought; High volume; Price at statistical extreme; Strong trend (ADX=37); EARNINGS TODAY (2026-08-05); Last surprise: +6.9%; Earnings conf adj: -3,5.19,-1.0,1.0,0,2026-08-05,6.86,-3
2026-08-05T12:55:34,2026-08-05,BBWI,HOLD,0,Stochastic Oscillator,HIGH,5,38.59,21.06,7.57,0.0,11.36,0.0,0.0,2026-09-05,3.03,5.84,100.0,403.44,222.44,185.27,-13.43,31.0,2,2026-04-17 to 2026-08-04 (75 days),-1.0,55.6,0.4273,20.09,20.34,BEARISH,HIGH,Last surprise: +10.3%; Earnings conf adj: +1,4.39,-1.0,1.0,22,2026-08-27,10.34,1
2026-08-05T12:51:15,2026-08-05,ALLE,HOLD,0,MACD Crossover,HIGH,5,38.54,165.36,6.82,0.0,10.23,0.0,0.0,2026-09-03,1.96,3.4,100.0,116.61,45.4,-15.8,-4.53,29.5,2,2026-04-17 to 2026-08-04 (75 days),-1.0,76.2,0.4447,138.6,151.05,BEARISH,HIGH,RSI overbought; Strong trend (ADX=51); Last surprise: +8.1%; Earnings conf adj: +1,4.22,-1.0,1.0,78,2026-10-22,8.11,1
2026-08-05T12:51:29,2026-08-05,BSX,HOLD,0,EMA Crossover (9/21),HIGH,4,38.48,49.09,5.36,0.0,5.31,0.0,0.0,2026-08-10,2.86,117.88,100.0,66.17,23.94,83.91,-0.1,5.0,1,2026-04-17 to 2026-08-04 (75 days),-1.0,67.6,0.3018,46.29,72.69,BEARISH,MEDIUM,Price at statistical extreme; Last surprise: +3.6%,6.21,-1.0,1.0,77,2026-10-21,3.61,0
2026-08-05T12:52:41,2026-08-05,MCHP,EXIT,-1,52-Week High Momentum,MEDIUM,3,38.45,80.67,10.11,88.83,17.44,66.6,6.64,2026-08-20,1.71,4.23,100.0,195.17,61.37,51.0,-12.54,15.0,2,2026-04-17 to 2026-08-04 (75 days),-1.0,47.9,0.572,88.3,75.07,BULLISH,HIGH,Strong trend (ADX=36); Earnings in 1d (2026-08-06); Last surprise: +14.0%; Earnings conf adj: -1; Size: Kelly 10.0% / VolTgt 3.3% / Blend 6.6%,3.28,-1.0,1.0,1,2026-08-06,14.0,-1
2026-08-05T12:52:32,2026-08-05,KMB,HOLD,0,Composite Multi-Indicator,HIGH,4,38.42,111.57,4.36,0.0,12.18,0.0,0.0,2026-08-30,1.75,3.12,100.0,119.81,46.49,-11.76,-7.16,25.0,2,2026-04-17 to 2026-08-04 (75 days),-1.0,56.2,0.3093,105.56,101.59,BULLISH,MEDIUM,High volume; Last surprise: +2.1%,6.06,-1.0,1.0,90,2026-11-03,2.07,0
2026-08-05T12:56:00,2026-08-05,DBA,HOLD,0,MACD Crossover,HIGH,4,38.41,27.66,1.5,0.0,4.5,0.0,0.0,2026-09-03,1.49,2.28,100.0,52.37,18.41,8.74,-3.13,29.0,2,2026-04-17 to 2026-08-04 (75 days),-1.0,51.4,0.135,27.22,26.5,BULLISH,LOW,No special conditions,10.0,-1.0,1.0,-1,,,0
2026-08-05T12:55:37,2026-08-05,IPGP,HOLD,0,Stochastic Oscillator,HIGH,4,38.39,94.07,12.0,0.0,14.75,0.0,0.0,2026-08-12,1.96,4.76,100.0,118.61,45.96,108.0,-4.63,7.0,1,2026-04-17 to 2026-08-04 (75 days),-1.0,46.4,0.7078,106.55,102.0,BULLISH,HIGH,High volume; Strong trend (ADX=42); Last surprise: -6.5%,2.65,-1.0,1.0,90,2026-11-03,-6.45,0
2026-08-05T12:51:07,2026-08-05,ABBV,HOLD,0,52-Week High Momentum,MEDIUM,3,38.32,243.8,4.24,0.0,10.6,0.0,0.0,2026-09-02,0.72,1.39,100.0,75.01,15.2,-59.65,-7.5,28.0,2,2026-04-17 to 2026-08-04 (75 days),-1.0,44.7,0.2595,238.16,221.72,BULLISH,MEDIUM,Strong trend (ADX=39); Last surprise: +1.1%,7.22,-1.0,1.0,85,2026-10-29,1.11,0
2026-08-05T12:51:53,2026-08-05,DPZ,HOLD,0,Composite Multi-Indicator,HIGH,4,38.18,367.63,8.69,0.0,13.04,0.0,0.0,2026-09-16,3.71,8.44,100.0,297.91,142.01,143.97,-4.37,42.0,1,2026-04-17 to 2026-08-04 (75 days),-1.0,69.7,0.4058,316.06,368.71,BEARISH,HIGH,Strong trend (ADX=56); Last surprise: -2.4%,4.62,-1.0,1.0,69,2026-10-13,-2.4,0
2026-08-05T12:53:46,2026-08-05,XYZ,HOLD,0,Multi-Factor Momentum MR,LOW,1,38.1,84.64,4.46,0.0,6.69,0.0,0.0,2026-09-01,2.94,6.2,100.0,252.41,118.19,38.52,-6.5,27.0,2,2026-04-17 to 2026-08-04 (75 days),-1.0,64.1,0.3261,75.97,67.74,BULLISH,MEDIUM,EARNINGS TODAY (2026-08-05); Last surprise: +25.0%; Earnings conf adj: -3,5.75,-1.0,1.0,0,2026-08-05,25.0,-3
2026-08-05T12:53:17,2026-08-05,SPG,HOLD,0,Momentum (Rate of Change),MEDIUM,3,38.01,225.9,2.87,0.0,5.74,0.0,0.0,2026-09-22,1.18,1.74,100.0,70.19,24.73,-16.81,-4.66,48.0,2,2026-04-17 to 2026-08-04 (75 days),-1.0,50.8,0.23,218.81,194.26,BULLISH,MEDIUM,Earnings in 5d (2026-08-10); Last surprise: -18.1%; Earnings conf adj: -1,8.15,-1.0,1.0,5,2026-08-10,-18.12,-1
2026-08-05T12:52:59,2026-08-05,PAYX,HOLD,0,MACD Crossover,HIGH,4,37.99,118.66,5.36,0.0,14.91,0.0,0.0,2026-09-03,2.26,3.85,100.0,168.45,70.23,-87.53,-4.94,29.0,2,2026-04-17 to 2026-08-04 (75 days),-1.0,65.3,0.3516,104.12,101.05,BULLISH,MEDIUM,Strong trend (ADX=38); Last surprise: +0.8%,5.33,-1.0,1.0,55,2026-09-29,0.76,0
2026-08-05T12:51:15,2026-08-05,AMCR,HOLD,0,ADX Trend Following,HIGH,4,37.98,47.14,4.34,0.0,14.39,0.0,0.0,2026-08-27,1.31,1.93,66.7,3.07,36.23,-21.28,-6.97,22.7,3,2026-04-17 to 2026-08-04 (75 days),-1.0,65.2,0.3835,41.97,41.31,BULLISH,MEDIUM,Strong trend (ADX=33); Last surprise: +1.1%,4.89,-1.0,1.0,7,2026-08-12,1.05,0
2026-08-05T12:51:17,2026-08-05,AMT,HOLD,0,MACD Crossover,HIGH,4,37.98,175.25,4.33,0.0,6.5,0.0,0.0,2026-08-28,0.91,1.72,100.0,50.59,17.26,27.05,-7.23,23.0,2,2026-04-17 to 2026-08-04 (75 days),-1.0,55.8,0.269,175.49,175.91,BEARISH,MEDIUM,Last surprise: +20.6%; Earnings conf adj: +1,6.97,-1.0,1.0,83,2026-10-27,20.65,1
2026-08-05T12:53:51,2026-08-05,USFD,HOLD,0,Stochastic Oscillator,MEDIUM,2,37.93,99.04,4.16,0.0,6.24,0.0,0.0,2026-08-26,2.03,4.07,100.0,100.3,34.67,13.85,-5.6,21.0,2,2026-04-17 to 2026-08-04 (75 days),-1.0,52.8,0.295,94.28,86.47,BULLISH,MEDIUM,Earnings in 1d (2026-08-06); Last surprise: -3.7%; Earnings conf adj: -2,6.36,-1.0,1.0,1,2026-08-06,-3.7,-2
2026-08-05T12:51:12,2026-08-05,AIG,HOLD,0,Composite Multi-Indicator,MEDIUM,2,37.76,79.32,3.18,0.0,6.36,0.0,0.0,2026-08-28,1.28,2.38,100.0,70.02,25.36,20.22,-5.28,23.5,2,2026-04-17 to 2026-08-04 (75 days),-1.0,53.5,0.2389,76.85,76.76,BULLISH,MEDIUM,Earnings in 1d (2026-08-06); Last surprise: +12.2%; Earnings conf adj: -2,7.85,-1.0,1.0,1,2026-08-06,12.23,-2
2026-08-05T12:55:05,2026-08-05,EXP,HOLD,0,Stochastic Oscillator,HIGH,4,37.64,215.99,8.18,0.0,12.27,0.0,0.0,2026-08-26,2.28,3.71,100.0,163.11,64.56,36.91,-7.71,21.0,2,2026-04-17 to 2026-08-04 (75 days),-1.0,53.4,0.4357,214.73,212.28,BULLISH,HIGH,Last surprise: -2.7%,4.3,-1.0,1.0,85,2026-10-29,-2.66,0
2026-08-05T12:55:17,2026-08-05,DLB,HOLD,0,EMA Crossover (9/21),HIGH,4,37.64,61.22,6.37,0.0,9.37,0.0,0.0,2026-08-10,2.31,226.21,100.0,181.31,75.1,90.21,-0.2,5.0,1,2026-04-17 to 2026-08-04 (75 days),-1.0,76.9,0.5323,52.64,60.39,BEARISH,HIGH,RSI overbought; Price at statistical extreme; Strong trend (ADX=44); Last surprise: +3.0%,3.52,-1.0,1.0,-6,2026-07-30,2.99,0
2026-08-05T12:55:35,2026-08-05,PII,HOLD,0,ADX Trend Following,HIGH,5,37.6,73.76,9.37,0.0,12.62,0.0,0.0,2026-08-16,1.19,1.81,66.7,5.04,35.95,-99.62,-10.2,11.7,3,2026-04-17 to 2026-08-04 (75 days),-1.0,57.8,0.4685,69.32,64.08,BULLISH,HIGH,Last surprise: +177.5%; Earnings conf adj: +1,4.0,-1.0,1.0,82,2026-10-26,177.46,1
2026-08-05T12:55:08,2026-08-05,WFRD,HOLD,0,VWAP Trend,MEDIUM,3,37.58,89.42,8.74,0.0,6.17,0.0,0.0,2026-08-08,2.11,4.81,55.6,2.56,55.22,91.56,-10.16,3.0,9,2026-04-17 to 2026-08-04 (75 days),-1.0,55.9,0.4525,90.79,89.62,BULLISH,HIGH,Last surprise: -32.2%; Earnings conf adj: -1,4.14,-1.0,1.0,76,2026-10-20,-32.22,-1
2026-08-05T12:55:12,2026-08-05,LSTR,HOLD,0,ADX Trend Following,HIGH,4,37.51,181.62,5.96,0.0,4.38,0.0,0.0,2026-08-07,2.08,24.92,100.0,26.54,8.21,-11.01,-0.2,2.0,1,2026-04-17 to 2026-08-04 (75 days),-1.0,36.0,0.3935,206.29,164.88,BULLISH,MEDIUM,Strong trend (ADX=51); Last surprise: -2.7%,4.76,-1.0,1.0,83,2026-10-27,-2.7,0
2026-08-05T12:55:54,2026-08-05,KBH,BUY,1,VWAP Trend,MEDIUM,3,37.51,58.05,5.26,55.0,7.52,62.42,7.74,2026-08-12,1.73,3.01,66.7,2.56,44.86,16.99,-9.05,7.8,6,2026-04-17 to 2026-08-04 (75 days),0.198,55.6,0.3419,55.29,56.87,BEARISH,MEDIUM,Last surprise: -6.5%; Earnings conf adj: -1; Size: Kelly 10.0% / VolTgt 5.5% / Blend 7.7%,5.48,-1.0,1.0,50,2026-09-24,-6.52,-1
2026-08-05T12:54:57,2026-08-05,DBX,BUY,1,Momentum (Rate of Change),MEDIUM,3,37.49,34.51,5.51,32.61,11.02,38.31,7.36,2026-09-15,2.64,5.1,100.0,350.71,195.37,-36.22,-10.69,41.5,2,2026-04-17 to 2026-08-04 (75 days),0.607,72.6,0.3978,28.56,27.07,BULLISH,MEDIUM,RSI overbought; Price at statistical extreme; Earnings in 1d (2026-08-06); Last surprise: +8.6%; Earnings conf adj: -1; Size: Kelly 10.0% / VolTgt 4.7% / Blend 7.4%,4.71,-1.0,1.0,1,2026-08-06,8.57,-1
2026-08-05T12:55:31,2026-08-05,LIVN,HOLD,0,EMA Crossover (9/21),LOW,1,37.43,85.32,4.15,0.0,6.23,0.0,0.0,2026-09-15,1.95,3.17,100.0,139.77,56.51,-69.92,-8.12,41.0,2,2026-04-17 to 2026-08-04 (75 days),-1.0,64.7,0.3216,79.2,66.77,BULLISH,MEDIUM,High volume; Price at statistical extreme; EARNINGS TODAY (2026-08-05); Last surprise: +8.9%; Earnings conf adj: -3,5.83,-1.0,1.0,0,2026-08-05,8.89,-3
2026-08-05T12:53:09,2026-08-05,RF,HOLD,0,Multi-Factor Momentum MR,HIGH,5,37.42,31.95,2.95,0.0,8.85,0.0,0.0,2026-10-24,2.04,3.24,100.0,122.19,47.52,-11.84,-5.37,80.0,1,2026-04-17 to 2026-08-04 (75 days),-1.0,63.9,0.2457,29.78,27.36,BULLISH,MEDIUM,Last surprise: +7.9%; Earnings conf adj: +1,7.63,-1.0,1.0,72,2026-10-16,7.94,1
2026-08-05T12:53:43,2026-08-05,WMB,HOLD,0,Stochastic Oscillator,HIGH,4,37.41,71.51,4.39,0.0,6.58,0.0,0.0,2026-08-20,1.54,2.39,100.0,61.64,20.23,15.92,-4.52,15.5,2,2026-04-17 to 2026-08-04 (75 days),-1.0,44.7,0.2494,73.22,67.85,BULLISH,MEDIUM,High volume; Strong trend (ADX=45); Last surprise: +0.0%,7.52,-1.0,1.0,89,2026-11-02,0.0,0
2026-08-05T12:54:51,2026-08-05,SFM,HOLD,0,Stochastic Oscillator,HIGH,4,37.41,86.07,9.63,0.0,14.45,0.0,0.0,2026-09-11,1.29,2.15,100.0,134.01,53.33,-12.81,-18.5,37.5,2,2026-04-17 to 2026-08-04 (75 days),-1.0,60.4,0.5078,81.88,80.31,BULLISH,HIGH,Strong trend (ADX=33); Last surprise: +2.2%,3.69,-1.0,1.0,84,2026-10-28,2.24,0
2026-08-05T12:53:40,2026-08-05,WAT,HOLD,0,Stochastic Oscillator,HIGH,4,37.4,396.08,5.54,0.0,8.31,0.0,0.0,2026-08-28,2.18,6.25,100.0,202.73,87.23,-3.3,-5.73,23.0,2,2026-04-17 to 2026-08-04 (75 days),-1.0,63.0,0.3556,369.79,354.91,BULLISH,MEDIUM,High volume; Price at statistical extreme; Last surprise: +16.9%,5.27,-1.0,1.0,86,2026-10-30,16.88,0
2026-08-05T12:54:31,2026-08-05,AAL,HOLD,0,VWAP Trend,HIGH,5,37.35,16.56,8.77,0.0,13.62,0.0,0.0,2026-08-13,3.57,7.55,66.7,6.73,243.67,102.01,-7.26,8.0,6,2026-04-17 to 2026-08-04 (75 days),-1.0,58.2,0.6114,15.55,13.77,BULLISH,HIGH,Last surprise: +200.0%; Earnings conf adj: +1,3.07,-1.0,1.0,78,2026-10-22,200.0,1
2026-08-05T12:55:45,2026-08-05,AMH,HOLD,0,Multi-Factor Momentum MR,HIGH,4,37.35,34.53,2.83,0.0,8.49,0.0,0.0,2026-10-06,1.71,3.07,100.0,80.75,29.8,-24.76,-4.52,62.0,1,2026-04-17 to 2026-08-04 (75 days),-1.0,61.7,0.2133,33.05,31.03,BULLISH,MEDIUM,No special conditions,8.79,-1.0,1.0,84,2026-10-28,,0
2026-08-05T12:55:39,2026-08-05,AVNT,HOLD,0,Stochastic Oscillator,MEDIUM,2,37.31,38.17,6.85,0.0,10.27,0.0,0.0,2026-09-06,1.5,2.46,100.0,128.94,50.89,51.71,-13.74,32.5,2,2026-04-17 to 2026-08-04 (75 days),-1.0,56.7,0.4496,36.33,34.7,BULLISH,HIGH,Earnings in 1d (2026-08-06); Last surprise: +2.5%; Earnings conf adj: -2,4.17,-1.0,1.0,1,2026-08-06,2.47,-2
2026-08-05T12:55:36,2026-08-05,LOPE,HOLD,0,Stochastic Oscillator,MEDIUM,3,37.25,150.8,7.37,0.0,11.05,0.0,0.0,2026-09-08,0.51,0.77,50.0,1.65,10.85,50.52,-12.11,34.0,2,2026-04-17 to 2026-08-04 (75 days),-1.0,53.9,0.4705,147.52,164.23,BEARISH,HIGH,Last surprise: +8.4%; Earnings conf adj: +1,3.99,-1.0,1.0,-6,2026-07-30,8.38,1
2026-08-05T12:51:12,2026-08-05,AEP,HOLD,-1,VWAP Trend,LOW,0,37.23,128.35,2.63,131.73,2.55,125.08,0.0,2026-08-08,0.06,0.09,55.6,1.15,0.02,10.74,-9.02,3.1,9,2026-04-17 to 2026-08-04 (75 days),-1.0,39.7,0.1837,131.6,125.29,BULLISH,LOW,Last surprise: -8.1%; Earnings conf adj: -1,7.0,-1.0,1.0,85,2026-10-29,-8.11,-1
2026-08-05T12:55:56,2026-08-05,OLN,HOLD,0,ADX Trend Following,MEDIUM,2,37.21,19.05,12.0,0.0,10.12,0.0,0.0,2026-08-08,0.68,2.07,100.0,4.94,0.66,65.56,-0.3,3.0,1,2026-04-17 to 2026-08-04 (75 days),-1.0,36.0,0.7418,22.65,23.42,BEARISH,HIGH,Strong trend (ADX=34); Last surprise: -120.0%; Earnings conf adj: -1,2.53,-1.0,1.0,85,2026-10-29,-120.0,-1
2026-08-05T12:54:08,2026-08-05,CSL,HOLD,0,Stochastic Oscillator,HIGH,5,37.2,386.43,8.39,0.0,12.59,0.0,0.0,2026-09-11,1.42,2.34,100.0,155.54,63.4,36.71,-12.71,37.5,2,2026-04-17 to 2026-08-04 (75 days),-1.0,63.8,0.5811,349.07,345.46,BULLISH,HIGH,Price at statistical extreme; Last surprise: +10.7%; Earnings conf adj: +1,3.23,-1.0,1.0,84,2026-10-28,10.71,1
2026-08-05T12:51:27,2026-08-05,BKR,HOLD,0,Donchian Breakout (20/55),HIGH,5,37.13,61.73,4.89,0.0,7.39,0.0,0.0,2026-08-12,3.55,67.61,100.0,54.94,19.15,6.32,-0.2,7.0,1,2026-04-17 to 2026-08-04 (75 days),-1.0,62.3,0.3548,59.58,56.46,BULLISH,MEDIUM,Price at statistical extreme; Last surprise: +30.6%; Earnings conf adj: +1,5.28,-1.0,1.0,78,2026-10-22,30.61,1
2026-08-05T12:53:22,2026-08-05,T,HOLD,0,Composite Multi-Indicator,HIGH,5,37.1,23.38,5.17,0.0,7.75,0.0,0.0,2026-09-09,2.72,5.36,100.0,143.59,57.31,89.1,-5.88,35.0,1,2026-04-17 to 2026-08-04 (75 days),-1.0,55.9,0.3117,22.58,24.62,BEARISH,MEDIUM,Strong trend (ADX=37); Last surprise: +10.2%; Earnings conf adj: +1,6.02,-1.0,1.0,77,2026-10-21,10.17,1
2026-08-05T12:53:16,2026-08-05,SNA,HOLD,0,VWAP Trend,HIGH,4,37.03,418.34,3.75,0.0,3.29,0.0,0.0,2026-08-08,1.32,2.04,62.5,2.87,18.91,-22.72,-4.45,3.0,8,2026-04-17 to 2026-08-04 (75 days),-1.0,60.6,0.2414,394.87,366.8,BULLISH,MEDIUM,Last surprise: +0.2%,7.77,-1.0,1.0,71,2026-10-15,0.2,0
2026-08-05T12:53:05,2026-08-05,PODD,HOLD,0,ADX Trend Following,LOW,1,36.96,166.82,6.01,0.0,3.79,0.0,0.0,2026-08-07,1.24,2.51,66.7,2.78,12.15,61.52,-3.04,2.3,3,2026-04-17 to 2026-08-04 (75 days),-1.0,55.5,0.317,155.79,230.68,BEARISH,MEDIUM,EARNINGS TODAY (2026-08-05); Last surprise: +19.3%; Earnings conf adj: -3,5.91,-1.0,1.0,0,2026-08-05,19.33,-3
2026-08-05T12:51:36,2026-08-05,CHTR,HOLD,0,EMA Crossover (9/21),HIGH,5,36.92,153.07,10.04,0.0,8.94,0.0,0.0,2026-08-10,2.11,21.96,100.0,76.96,27.84,105.15,-0.61,5.0,1,2026-04-17 to 2026-08-04 (75 days),-1.0,65.4,0.5078,136.33,191.14,BEARISH,HIGH,Price at statistical extreme; Last surprise: +6.0%; Earnings conf adj: +1,3.69,-1.0,1.0,86,2026-10-30,5.96,1
2026-08-05T12:51:28,2026-08-05,BNY,HOLD,0,ADX Trend Following,HIGH,5,36.91,156.82,3.1,0.0,9.3,0.0,0.0,2026-09-11,2.23,3.86,100.0,128.12,50.91,-19.78,-5.69,37.0,2,2026-04-17 to 2026-08-04 (75 days),-1.0,57.7,0.2764,148.22,125.85,BULLISH,MEDIUM,Last surprise: +10.8%; Earnings conf adj: +1,6.78,-1.0,1.0,71,2026-10-15,10.81,1
2026-08-05T12:53:17,2026-08-05,SNPS,HOLD,0,MACD Crossover,HIGH,5,36.9,403.86,8.13,0.0,3.55,0.0,0.0,2026-08-06,1.71,35.32,100.0,29.07,9.5,40.1,-0.2,1.0,1,2026-04-17 to 2026-08-04 (75 days),-1.0,47.7,0.4508,441.95,449.05,BEARISH,HIGH,Last surprise: +6.0%; Earnings conf adj: +1,4.16,-1.0,1.0,21,2026-08-26,6.01,1
2026-08-05T12:52:11,2026-08-05,GEV,HOLD,0,Stochastic Oscillator,MEDIUM,2,36.75,1018.53,12.0,0.0,18.0,0.0,0.0,2026-09-01,0.82,1.28,100.0,88.75,30.49,24.85,-19.0,27.0,2,2026-04-17 to 2026-08-04 (75 days),-1.0,49.6,0.609,1023.8,839.65,BULLISH,HIGH,Last surprise: -22.3%; Earnings conf adj: -1,3.08,-1.0,1.0,84,2026-10-28,-22.33,-1
2026-08-05T12:53:38,2026-08-05,VTR,HOLD,0,ADX Trend Following,HIGH,5,36.72,90.85,4.43,0.0,8.46,0.0,0.0,2026-08-16,1.33,1.9,60.0,3.68,27.72,0.27,-9.72,11.2,5,2026-04-17 to 2026-08-04 (75 days),-1.0,44.2,0.321,88.88,82.25,BULLISH,MEDIUM,Strong trend (ADX=50); Last surprise: +54.5%; Earnings conf adj: +1,5.84,-1.0,1.0,84,2026-10-28,54.55,1
2026-08-05T12:51:39,2026-08-05,CMI,HOLD,0,VWAP Trend,HIGH,4,36.69,635.96,6.85,0.0,4.88,0.0,0.0,2026-08-07,2.54,5.29,62.5,6.82,73.55,67.58,-5.06,2.9,8,2026-04-17 to 2026-08-04 (75 days),-1.0,44.3,0.3638,668.26,579.48,BULLISH,MEDIUM,High volume; Strong trend (ADX=39); Last surprise: +8.8%,5.15,-1.0,1.0,-1,2026-08-04,8.85,0
2026-08-05T12:51:08,2026-08-05,ABNB,HOLD,0,ADX Trend Following,LOW,0,36.63,149.92,4.05,0.0,6.07,0.0,0.0,2026-08-15,1.99,3.58,50.0,6.26,46.17,24.56,-4.02,10.8,4,2026-04-17 to 2026-08-04 (75 days),-1.0,56.7,0.3344,141.81,132.81,BULLISH,MEDIUM,Earnings in 1d (2026-08-06); Last surprise: -13.3%; Earnings conf adj: -3,5.61,-1.0,1.0,1,2026-08-06,-13.33,-3
2026-08-05T12:52:37,2026-08-05,LULU,HOLD,0,EMA Crossover (9/21),LOW,1,36.6,123.03,4.94,0.0,5.15,0.0,0.0,2026-08-09,-1.45,-1.52,66.7,0.22,-34.05,30.83,-15.16,4.0,3,2026-04-17 to 2026-08-04 (75 days),-1.0,58.5,0.3268,118.6,158.65,BEARISH,MEDIUM,Last surprise: +0.6%,5.74,-1.0,1.0,29,2026-09-03,0.6,0
2026-08-05T12:52:40,2026-08-05,MAR,HOLD,0,Stochastic Oscillator,HIGH,4,36.53,345.2,4.16,0.0,6.24,0.0,0.0,2026-08-27,1.4,2.15,100.0,69.03,21.72,47.77,-4.7,22.5,2,2026-04-17 to 2026-08-04 (75 days),-1.0,32.1,0.3403,377.97,335.03,BULLISH,MEDIUM,High volume; Price at statistical extreme; Last surprise: +3.6%,5.51,-1.0,1.0,90,2026-11-03,3.57,0
2026-08-05T12:55:11,2026-08-05,FND,HOLD,0,Stochastic Oscillator,HIGH,4,36.49,60.7,9.14,0.0,13.71,0.0,0.0,2026-08-25,1.48,2.45,100.0,138.1,53.53,5.26,-15.93,20.5,2,2026-04-17 to 2026-08-04 (75 days),-1.0,63.1,0.5023,53.99,59.12,BEARISH,HIGH,Price at statistical extreme; Last surprise: +3.6%,3.73,-1.0,1.0,84,2026-10-28,3.57,0
2026-08-05T12:51:13,2026-08-05,AJG,HOLD,0,Composite Multi-Indicator,HIGH,4,36.42,248.06,5.49,0.0,8.23,0.0,0.0,2026-09-11,3.76,8.92,100.0,285.16,134.02,85.54,-7.28,37.0,1,2026-04-17 to 2026-08-04 (75 days),-1.0,51.4,0.3837,232.09,233.41,BEARISH,MEDIUM,Last surprise: +1.1%,4.89,-1.0,1.0,85,2026-10-29,1.07,0
2026-08-05T12:55:30,2026-08-05,VNT,HOLD,0,SMA Crossover (10/50),MEDIUM,2,36.42,33.82,4.18,0.0,6.27,0.0,0.0,2026-08-20,3.56,11.19,100.0,134.28,53.01,81.16,-2.86,15.0,1,2026-04-17 to 2026-08-04 (75 days),-1.0,72.5,0.258,29.74,35.29,BEARISH,MEDIUM,RSI overbought; Price at statistical extreme; Strong trend (ADX=45); Earnings in 1d (2026-08-06); Last surprise: +0.0%; Earnings conf adj: -2,7.27,-1.0,1.0,1,2026-08-06,0.0,-2
2026-08-05T12:53:46,2026-08-05,XOM,HOLD,0,VWAP Trend,HIGH,5,36.37,153.96,3.83,0.0,2.11,0.0,0.0,2026-08-06,1.82,6.07,75.0,3.9,13.92,-7.44,-1.99,1.2,8,2026-04-17 to 2026-08-04 (75 days),-1.0,59.3,0.244,146.34,138.48,BULLISH,MEDIUM,Strong trend (ADX=33); Last surprise: +13.2%; Earnings conf adj: +1,7.68,-1.0,1.0,86,2026-10-30,13.22,1
2026-08-05T12:51:42,2026-08-05,COP,HOLD,0,VWAP Trend,MEDIUM,2,36.33,117.94,4.0,0.0,2.61,0.0,0.0,2026-08-06,3.19,13.33,66.7,6.83,30.53,22.14,-1.18,1.3,9,2026-04-17 to 2026-08-04 (75 days),-1.0,55.9,0.291,113.5,107.1,BULLISH,MEDIUM,Earnings in 1d (2026-08-06); Last surprise: +11.8%; Earnings conf adj: -2,6.44,-1.0,1.0,1,2026-08-06,11.83,-2
2026-08-05T12:51:31,2026-08-05,CASY,HOLD,0,Stochastic Oscillator,HIGH,5,36.32,850.66,4.37,0.0,6.55,0.0,0.0,2026-08-20,1.34,4.17,100.0,166.07,63.23,12.18,-6.27,15.5,2,2026-04-17 to 2026-08-04 (75 days),-1.0,51.8,0.3833,824.63,693.86,BULLISH,MEDIUM,Last surprise: +32.0%; Earnings conf adj: +1,4.89,-1.0,1.0,35,2026-09-09,32.02,1
2026-08-05T12:51:47,2026-08-05,CVX,HOLD,0,Stochastic Oscillator,HIGH,5,36.31,190.4,3.56,0.0,5.34,0.0,0.0,2026-08-23,1.75,3.26,100.0,79.21,27.15,11.24,-6.54,18.0,2,2026-04-17 to 2026-08-04 (75 days),-1.0,55.6,0.2408,182.77,173.79,BULLISH,MEDIUM,Strong trend (ADX=31); Last surprise: +8.8%; Earnings conf adj: +1,7.79,-1.0,1.0,86,2026-10-30,8.8,1
2026-08-05T12:54:39,2026-08-05,CTRE,HOLD,0,MACD Crossover,MEDIUM,2,36.28,40.84,3.92,0.0,9.8,0.0,0.0,2026-08-26,2.15,4.33,66.7,12.99,55.16,39.37,-4.07,21.7,3,2026-04-17 to 2026-08-04 (75 days),-1.0,46.7,0.2752,40.02,37.87,BULLISH,MEDIUM,Strong trend (ADX=34); Earnings in 1d (2026-08-06); Last surprise: -2.7%; Earnings conf adj: -2,6.81,-1.0,1.0,1,2026-08-06,-2.7,-2
2026-08-05T12:52:49,2026-08-05,MU,HOLD,0,MACD Crossover,MEDIUM,3,36.23,892.67,12.0,0.0,23.33,0.0,0.0,2026-08-11,0.41,0.58,100.0,26.25,7.84,-884.57,-25.12,6.7,3,2026-04-17 to 2026-08-04 (75 days),-1.0,48.8,1.1445,969.32,524.65,BULLISH,HIGH,Last surprise: +21.2%; Earnings conf adj: +1,1.64,-1.0,1.0,49,2026-09-23,21.25,1
2026-08-05T12:52:46,2026-08-05,MRSH,HOLD,0,VWAP Trend,HIGH,4,36.19,191.45,4.38,0.0,6.57,0.0,0.0,2026-08-15,1.31,2.22,55.6,2.0,35.99,-0.3,-9.75,10.8,9,2026-04-17 to 2026-08-04 (75 days),-1.0,62.6,0.3252,171.93,175.32,BEARISH,MEDIUM,Strong trend (ADX=47); Last surprise: +2.4%,5.77,-1.0,1.0,71,2026-10-15,2.42,0
2026-08-05T12:54:26,2026-08-05,CGNX,HOLD,0,Stochastic Oscillator,LOW,1,36.18,71.52,8.8,0.0,13.2,0.0,0.0,2026-08-25,2.66,5.27,100.0,269.5,134.52,-3.73,-15.69,20.0,2,2026-04-17 to 2026-08-04 (75 days),-1.0,64.3,0.5129,64.89,51.17,BULLISH,HIGH,High volume; Price at statistical extreme; Strong trend (ADX=34); EARNINGS TODAY (2026-08-05); Last surprise: +36.0%; Earnings conf adj: -3,3.66,-1.0,1.0,0,2026-08-05,36.0,-3
2026-08-05T12:53:39,2026-08-05,VTRS,HOLD,0,SMA Crossover (10/50),MEDIUM,3,36.15,17.7,4.12,0.0,8.24,0.0,0.0,2026-09-21,2.06,3.65,100.0,187.47,81.87,-12.0,-10.97,47.5,2,2026-04-17 to 2026-08-04 (75 days),-1.0,60.8,0.293,16.52,13.89,BULLISH,MEDIUM,Earnings in 1d (2026-08-06); Last surprise: +18.0%; Earnings conf adj: -1,6.4,-1.0,1.0,1,2026-08-06,18.0,-1
2026-08-05T12:54:04,2026-08-05,MEDP,HOLD,0,Composite Multi-Indicator,HIGH,5,36.03,575.08,9.49,0.0,14.23,0.0,0.0,2026-11-16,3.42,9.06,100.0,460.75,261.83,221.49,-6.58,103.0,1,2026-04-17 to 2026-08-04 (75 days),-1.0,60.1,0.583,510.24,518.63,BEARISH,HIGH,Strong trend (ADX=44); Last surprise: +6.2%; Earnings conf adj: +1,3.22,-1.0,1.0,75,2026-10-19,6.25,1
2026-08-05T12:52:06,2026-08-05,FIS,HOLD,0,VWAP Trend,MEDIUM,3,36.02,44.26,8.66,0.0,12.99,0.0,0.0,2026-08-21,0.77,1.19,50.0,1.69,20.04,43.92,-11.25,16.8,4,2026-04-17 to 2026-08-04 (75 days),-1.0,57.0,0.4234,41.11,51.49,BEARISH,HIGH,High volume; Strong trend (ADX=35); Last surprise: +5.4%; Earnings conf adj: +1,4.43,-1.0,1.0,91,2026-11-04,5.43,1
2026-08-05T12:51:25,2026-08-05,BDX,HOLD,0,ADX Trend Following,LOW,1,36.0,170.12,3.88,0.0,5.82,0.0,0.0,2026-08-24,0.7,1.05,66.7,4.93,12.41,-17.8,-7.45,19.3,3,2026-04-17 to 2026-08-04 (75 days),-1.0,68.1,0.3321,152.37,153.77,BEARISH,MEDIUM,Strong trend (ADX=38); Earnings in 1d (2026-08-06); Last surprise: +4.7%; Earnings conf adj: -2,5.65,-1.0,1.0,1,2026-08-06,4.69,-2
2026-08-05T12:53:39,2026-08-05,VZ,HOLD,0,VWAP Trend,HIGH,4,35.92,46.88,4.68,0.0,5.06,0.0,0.0,2026-08-09,1.38,2.34,55.6,2.05,27.77,19.27,-6.16,4.9,9,2026-04-17 to 2026-08-04 (75 days),-1.0,59.1,0.2905,44.94,43.43,BULLISH,MEDIUM,Strong trend (ADX=31); Last surprise: +2.4%,6.46,-1.0,1.0,76,2026-10-20,2.36,0
2026-08-05T12:53:39,2026-08-05,WAB,HOLD,0,Stochastic Oscillator,HIGH,5,35.82,299.07,6.5,0.0,9.75,0.0,0.0,2026-08-25,2.81,15.27,100.0,179.66,74.26,19.45,-2.29,20.0,1,2026-04-17 to 2026-08-04 (75 days),-1.0,64.9,0.4312,270.74,243.38,BULLISH,HIGH,Strong trend (ADX=32); Last surprise: +5.7%; Earnings conf adj: +1,4.35,-1.0,1.0,77,2026-10-21,5.75,1
2026-08-05T12:53:06,2026-08-05,PSA,HOLD,0,ADX Trend Following,HIGH,4,35.81,326.49,4.18,0.0,5.68,0.0,0.0,2026-08-12,1.77,2.96,66.7,12.54,15.39,-8.79,-3.21,7.0,3,2026-04-17 to 2026-08-04 (75 days),-1.0,55.4,0.2727,316.88,289.96,BULLISH,MEDIUM,Last surprise: -3.2%,6.88,-1.0,1.0,84,2026-10-28,-3.16,0
2026-08-05T12:55:48,2026-08-05,CUBE,HOLD,0,Multi-Factor Momentum MR,HIGH,5,35.74,41.88,3.6,0.0,10.8,0.0,0.0,2026-10-05,1.17,1.88,100.0,60.14,21.57,-2.93,-5.06,61.0,1,2026-04-17 to 2026-08-04 (75 days),-1.0,56.1,0.2393,40.55,38.02,BULLISH,MEDIUM,Last surprise: +8.3%; Earnings conf adj: +1,7.83,-1.0,1.0,85,2026-10-29,8.33,1
2026-08-05T12:55:49,2026-08-05,DY,HOLD,0,ADX Trend Following,HIGH,5,35.71,415.08,11.79,0.0,7.42,0.0,0.0,2026-08-07,1.74,40.44,100.0,33.03,10.93,-3.03,-0.2,2.0,1,2026-04-17 to 2026-08-04 (75 days),-1.0,47.1,0.6665,449.64,385.45,BULLISH,HIGH,Last surprise: +62.5%; Earnings conf adj: +1,2.81,-1.0,1.0,21,2026-08-26,62.5,1
2026-08-05T12:52:12,2026-08-05,GIS,HOLD,0,VWAP Trend,HIGH,4,35.69,36.19,5.23,0.0,6.75,0.0,0.0,2026-08-11,1.46,2.53,54.5,2.18,43.03,29.83,-8.51,6.3,11,2026-04-17 to 2026-08-04 (75 days),-1.0,50.2,0.3414,34.94,39.59,BEARISH,MEDIUM,Last surprise: +18.7%; Earnings conf adj: +1,5.49,-1.0,1.0,49,2026-09-23,18.75,1
2026-08-05T12:53:27,2026-08-05,TROW,HOLD,0,VWAP Trend,HIGH,4,35.69,115.79,3.8,0.0,4.64,0.0,0.0,2026-08-07,1.58,3.09,55.6,2.4,14.38,-76.09,-3.58,2.6,9,2026-04-17 to 2026-08-04 (75 days),-1.0,51.2,0.3652,111.46,100.63,BULLISH,MEDIUM,Last surprise: +2.0%,5.13,-1.0,1.0,86,2026-10-30,1.98,0
2026-08-05T12:55:13,2026-08-05,ASB,HOLD,0,Multi-Factor Momentum MR,MEDIUM,3,35.67,31.75,2.98,0.0,5.96,0.0,0.0,2026-10-20,2.63,4.35,100.0,143.21,57.14,1.78,-4.85,76.0,1,2026-04-17 to 2026-08-04 (75 days),-1.0,63.0,0.2211,29.8,27.03,BULLISH,MEDIUM,Last surprise: -12.5%; Earnings conf adj: -1,8.48,-1.0,1.0,78,2026-10-22,-12.5,-1
2026-08-05T12:53:10,2026-08-05,RMD,EXIT,-1,VWAP Trend,MEDIUM,2,35.61,223.14,5.91,236.33,8.87,203.35,7.16,2026-08-16,1.4,2.1,57.1,1.9,46.27,52.57,-11.42,11.1,7,2026-04-17 to 2026-08-04 (75 days),-1.0,65.9,0.4335,199.61,230.69,BEARISH,HIGH,Price at statistical extreme; Strong trend (ADX=34); Earnings in 1d (2026-08-06); Last surprise: +2.1%; Earnings conf adj: -2; Size: Kelly 10.0% / VolTgt 4.3% / Blend 7.2%,4.33,-1.0,1.0,1,2026-08-06,2.14,-2
2026-08-05T12:54:23,2026-08-05,AA,HOLD,0,Composite Multi-Indicator,HIGH,4,35.58,46.83,7.98,0.0,13.13,0.0,0.0,2026-08-20,1.52,3.07,100.0,76.05,27.9,96.03,-7.13,15.0,1,2026-04-17 to 2026-08-04 (75 days),-1.0,44.5,0.4304,57.11,56.08,BULLISH,HIGH,Strong trend (ADX=35); Last surprise: -3.2%,4.36,-1.0,1.0,71,2026-10-15,-3.2,0
2026-08-05T12:51:08,2026-08-05,ACGL,HOLD,0,VWAP Trend,HIGH,4,35.57,99.52,4.24,0.0,6.07,0.0,0.0,2026-08-12,2.97,5.78,55.6,6.3,69.44,62.54,-4.39,7.3,9,2026-04-17 to 2026-08-04 (75 days),-1.0,48.2,0.2855,96.65,94.86,BULLISH,MEDIUM,Last surprise: +4.1%,6.57,-1.0,1.0,82,2026-10-26,4.07,0
2026-08-05T12:51:08,2026-08-05,AAPL,BUY,1,Stochastic Oscillator,HIGH,5,35.52,309.38,4.77,294.62,7.15,331.5,7.49,2026-08-14,2.71,21.04,100.0,111.34,34.24,-24.78,-1.09,9.0,1,2026-04-17 to 2026-08-04 (75 days),0.198,44.7,0.3762,309.61,278.25,BULLISH,MEDIUM,Strong trend (ADX=38); Last surprise: +6.9%; Earnings conf adj: +1; Size: Kelly 10.0% / VolTgt 5.0% / Blend 7.5%,4.98,-1.0,1.0,85,2026-10-29,6.88,1
2026-08-05T12:51:45,2026-08-05,CTAS,HOLD,0,Stochastic Oscillator,HIGH,4,35.52,203.65,4.71,0.0,7.06,0.0,0.0,2026-08-28,1.3,2.23,100.0,76.98,24.47,-31.64,-3.82,23.5,2,2026-04-17 to 2026-08-04 (75 days),-1.0,59.2,0.3829,184.22,184.5,BEARISH,MEDIUM,Strong trend (ADX=41); Last surprise: +2.4%,4.9,-1.0,1.0,49,2026-09-23,2.44,0
2026-08-05T12:52:34,2026-08-05,L,EXIT,-1,ADX Trend Following,HIGH,4,35.52,115.98,2.27,118.61,5.86,109.18,10.0,2026-08-24,1.73,2.8,66.7,4.84,23.03,7.92,-3.79,19.0,3,2026-04-17 to 2026-08-04 (75 days),-1.0,54.3,0.1708,111.78,107.51,BULLISH,LOW,Last surprise: +52.1%; Size: Kelly 10.0% / VolTgt 10.0% / Blend 10.0%,10.0,-1.0,1.0,89,2026-11-02,52.05,0
2026-08-05T12:51:46,2026-08-05,CVNA,HOLD,0,Stochastic Oscillator,HIGH,4,35.48,68.03,12.0,0.0,18.0,0.0,0.0,2026-09-09,0.61,0.86,100.0,62.84,19.76,55.62,-15.16,35.5,2,2026-04-17 to 2026-08-04 (75 days),-1.0,54.1,0.6409,66.8,72.28,BEARISH,HIGH,Last surprise: +10.5%; Earnings conf adj: +1,2.93,-1.0,1.0,84,2026-10-28,10.53,1
2026-08-05T12:52:28,2026-08-05,JBL,HOLD,0,ADX Trend Following,HIGH,4,35.46,340.0,9.82,0.0,7.2,0.0,0.0,2026-08-08,1.71,40.24,100.0,40.77,13.41,-7.43,-0.2,3.0,1,2026-04-17 to 2026-08-04 (75 days),-1.0,55.8,0.5278,346.95,279.35,BULLISH,HIGH,Last surprise: +1.3%,3.55,-1.0,1.0,50,2026-09-24,1.28,0
2026-08-05T12:53:23,2026-08-05,TECH,HOLD,0,Donchian Breakout (20/55),HIGH,4,35.46,72.09,1.5,0.0,2.43,0.0,0.0,2026-09-17,2.47,51.46,100.0,295.35,139.57,43.09,-0.72,43.0,1,2026-04-17 to 2026-08-04 (75 days),-1.0,74.1,0.0471,63.35,59.64,BULLISH,LOW,RSI overbought; Strong trend (ADX=71); Last surprise: +0.0%,10.0,-1.0,1.0,7,2026-08-12,0.0,0
2026-08-05T12:52:59,2026-08-05,PCG,HOLD,0,MACD Crossover,HIGH,4,35.44,17.45,4.15,0.0,11.36,0.0,0.0,2026-09-14,0.71,1.0,100.0,42.19,14.33,9.5,-5.71,40.5,2,2026-04-17 to 2026-08-04 (75 days),-1.0,51.5,0.2266,17.02,16.64,BULLISH,MEDIUM,High volume; Strong trend (ADX=43); Last surprise: +11.1%; Earnings conf adj: +1,8.27,-1.0,1.0,78,2026-10-22,11.11,1
2026-08-05T12:55:43,2026-08-05,EEFT,HOLD,0,VWAP Trend,HIGH,4,35.4,76.9,8.78,0.0,12.18,0.0,0.0,2026-08-13,1.56,2.35,55.6,2.33,60.6,48.69,-13.2,8.3,9,2026-04-17 to 2026-08-04 (75 days),-1.0,51.0,0.537,72.94,73.02,BEARISH,HIGH,Last surprise: -4.1%,3.49,-1.0,1.0,77,2026-10-21,-4.08,0
2026-08-05T12:55:16,2026-08-05,RLI,HOLD,0,Composite Multi-Indicator,HIGH,5,35.33,61.82,7.75,0.0,19.61,0.0,0.0,2026-09-10,3.52,6.79,100.0,233.36,103.45,67.77,-7.15,36.0,1,2026-04-17 to 2026-08-04 (75 days),-1.0,55.0,0.415,56.99,56.61,BULLISH,HIGH,Last surprise: +15.3%; Earnings conf adj: +1,4.52,-1.0,1.0,75,2026-10-19,15.28,1
2026-08-05T12:51:54,2026-08-05,DVA,HOLD,0,VWAP Trend,HIGH,4,35.22,227.99,4.23,0.0,2.44,0.0,0.0,2026-08-07,1.66,10.09,57.1,9.39,91.0,-245.45,-4.42,2.0,7,2026-04-17 to 2026-08-04 (75 days),-1.0,47.7,0.2187,218.19,157.69,BULLISH,MEDIUM,High volume; Last surprise: +23.2%,8.57,-1.0,1.0,84,2026-10-28,23.18,0
2026-08-05T12:52:27,2026-08-05,IVZ,HOLD,0,SMA Crossover (10/50),HIGH,5,35.21,32.0,6.21,0.0,18.63,0.0,0.0,2026-09-19,1.89,2.85,100.0,178.89,77.65,-66.63,-11.4,45.0,2,2026-04-17 to 2026-08-04 (75 days),-1.0,66.0,0.4551,28.38,25.97,BULLISH,HIGH,Price at statistical extreme; Last surprise: +7.6%; Earnings conf adj: +1,4.12,-1.0,1.0,83,2026-10-27,7.58,1
2026-08-05T12:55:39,2026-08-05,EXPO,HOLD,0,MACD Crossover,HIGH,4,35.16,67.84,5.16,0.0,7.74,0.0,0.0,2026-09-05,1.21,1.94,100.0,84.53,31.11,30.38,-8.87,31.5,2,2026-04-17 to 2026-08-04 (75 days),-1.0,66.2,0.3501,60.31,66.58,BEARISH,MEDIUM,Strong trend (ADX=31); Last surprise: +0.0%,5.36,-1.0,1.0,85,2026-10-29,0.0,0
2026-08-05T12:53:59,2026-08-05,APG,HOLD,0,VWAP Trend,HIGH,4,35.15,41.54,4.99,0.0,3.27,0.0,0.0,2026-08-08,1.61,2.66,70.0,3.17,24.14,57.27,-4.35,3.0,10,2026-04-17 to 2026-08-04 (75 days),-1.0,57.0,0.2401,41.25,41.26,BEARISH,MEDIUM,Last surprise: +2.3%,7.81,-1.0,1.0,85,2026-10-29,2.33,0
2026-08-05T12:51:09,2026-08-05,ACN,HOLD,0,SMA Crossover (10/50),HIGH,4,35.07,170.43,9.98,0.0,4.43,0.0,0.0,2026-08-06,1.78,48.3,100.0,27.17,9.19,46.31,-0.1,1.0,1,2026-04-17 to 2026-08-04 (75 days),-1.0,64.9,0.5623,152.8,206.76,BEARISH,HIGH,Strong trend (ADX=39); Last surprise: +2.4%,3.33,-1.0,1.0,50,2026-09-24,2.43,0
2026-08-05T12:53:51,2026-08-05,XPO,HOLD,0,Stochastic Oscillator,HIGH,4,35.07,203.29,5.73,0.0,8.6,0.0,0.0,2026-09-02,0.81,1.45,100.0,60.76,18.44,47.68,-10.16,28.5,2,2026-04-17 to 2026-08-04 (75 days),-1.0,46.1,0.3679,210.1,181.57,BULLISH,MEDIUM,Strong trend (ADX=40); Last surprise: +15.6%; Earnings conf adj: +1,5.1,-1.0,1.0,85,2026-10-29,15.65,1
2026-08-05T12:51:14,2026-08-05,ALB,HOLD,0,Composite Multi-Indicator,LOW,0,35.02,120.82,5.84,0.0,8.63,0.0,0.0,2026-08-18,0.98,1.61,100.0,27.69,9.37,90.53,-3.75,13.0,1,2026-04-17 to 2026-08-04 (75 days),-1.0,40.8,0.3039,141.6,152.15,BEARISH,MEDIUM,Strong trend (ADX=33); EARNINGS TODAY (2026-08-05); Last surprise: +125.2%; Earnings conf adj: -3,6.17,-1.0,1.0,0,2026-08-05,125.19,-3
2026-08-05T12:51:57,2026-08-05,EG,HOLD,0,ADX Trend Following,MEDIUM,3,34.96,369.21,3.82,0.0,7.64,0.0,0.0,2026-08-19,0.59,0.87,66.7,3.67,8.81,-11.85,-7.49,14.0,3,2026-04-17 to 2026-08-04 (75 days),-1.0,48.3,0.292,355.75,335.16,BULLISH,MEDIUM,Last surprise: +2.2%,6.42,-1.0,1.0,84,2026-10-28,2.2,0
2026-08-05T12:52:29,2026-08-05,JKHY,HOLD,0,Composite Multi-Indicator,HIGH,4,34.95,156.63,4.95,0.0,7.43,0.0,0.0,2026-10-05,2.56,4.0,100.0,197.12,83.81,76.39,-5.69,61.0,1,2026-04-17 to 2026-08-04 (75 days),-1.0,61.0,0.3417,140.69,158.46,BEARISH,MEDIUM,Last surprise: +9.9%,5.49,-1.0,1.0,13,2026-08-18,9.86,0
2026-08-05T12:54:50,2026-08-05,CBSH,HOLD,0,Composite Multi-Indicator,HIGH,4,34.95,59.93,2.2,0.0,7.7,0.0,0.0,2026-11-11,3.7,6.05,100.0,197.58,83.42,8.58,-4.21,98.0,1,2026-04-17 to 2026-08-04 (75 days),-1.0,63.0,0.1612,56.45,52.45,BULLISH,LOW,Strong trend (ADX=38),10.0,-1.0,1.0,71,2026-10-15,,0
2026-08-05T12:53:03,2026-08-05,PKG,HOLD,0,Multi-Factor Momentum MR,HIGH,4,34.93,255.48,4.83,0.0,16.91,0.0,0.0,2026-09-17,1.45,3.22,100.0,90.65,33.89,-54.91,-7.08,43.0,1,2026-04-17 to 2026-08-04 (75 days),-1.0,67.4,0.3976,231.63,215.86,BULLISH,MEDIUM,Strong trend (ADX=31); Last surprise: +1.7%,4.72,-1.0,1.0,77,2026-10-21,1.73,0
2026-08-05T12:52:05,2026-08-05,FCX,HOLD,0,Stochastic Oscillator,HIGH,5,34.91,67.3,8.84,0.0,13.26,0.0,0.0,2026-08-24,1.49,2.58,100.0,130.6,50.63,63.34,-12.81,19.5,2,2026-04-17 to 2026-08-04 (75 days),-1.0,60.9,0.5274,63.64,57.1,BULLISH,HIGH,Price at statistical extreme; Last surprise: +19.4%; Earnings conf adj: +1,3.55,-1.0,1.0,78,2026-10-22,19.35,1
2026-08-05T12:53:04,2026-08-05,PNC,HOLD,0,Composite Multi-Indicator,HIGH,5,34.91,254.14,1.99,0.0,5.97,0.0,0.0,2026-10-08,3.55,6.31,100.0,184.57,77.34,21.35,-2.99,64.0,1,2026-04-17 to 2026-08-04 (75 days),-1.0,63.0,0.1674,239.27,214.18,BULLISH,LOW,Last surprise: +8.1%; Earnings conf adj: +1,10.0,-1.0,1.0,71,2026-10-15,8.09,1
2026-08-05T12:54:23,2026-08-05,WTS,HOLD,0,Stochastic Oscillator,LOW,1,34.84,358.09,3.96,0.0,5.94,0.0,0.0,2026-08-27,2.0,3.06,100.0,88.68,30.67,-48.29,-5.63,22.5,2,2026-04-17 to 2026-08-04 (75 days),-1.0,59.0,0.2361,340.06,303.99,BULLISH,MEDIUM,Price at statistical extreme; EARNINGS TODAY (2026-08-05); Last surprise: +13.0%; Earnings conf adj: -3,7.0,-1.0,1.0,0,2026-08-05,13.01,-3
2026-08-05T12:55:52,2026-08-05,GPK,HOLD,0,SMA Crossover (10/50),HIGH,4,34.84,11.89,9.25,0.0,13.88,0.0,0.0,2026-09-17,1.42,2.23,100.0,154.8,64.8,-32.52,-11.24,43.5,2,2026-04-17 to 2026-08-04 (75 days),-1.0,63.5,0.4595,10.74,12.34,BEARISH,HIGH,Price at statistical extreme; Last surprise: +50.0%,4.08,-1.0,1.0,-1,2026-08-04,50.0,0
2026-08-05T12:54:47,2026-08-05,COLB,HOLD,0,Stochastic Oscillator,HIGH,4,34.69,31.78,3.5,0.0,4.83,0.0,0.0,2026-08-11,2.58,21.58,100.0,31.49,9.25,-23.24,-0.5,6.0,1,2026-04-17 to 2026-08-04 (75 days),-1.0,51.7,0.2504,31.16,28.62,BULLISH,MEDIUM,Last surprise: +4.1%,7.49,-1.0,1.0,85,2026-10-29,4.11,0
2026-08-05T12:53:03,2026-08-05,PLD,HOLD,0,Stochastic Oscillator,HIGH,5,34.68,139.05,4.16,0.0,6.24,0.0,0.0,2026-08-23,1.55,3.69,100.0,56.74,17.8,29.14,-1.91,18.0,1,2026-04-17 to 2026-08-04 (75 days),-1.0,39.3,0.286,143.48,133.99,BULLISH,MEDIUM,High volume; Last surprise: +48.0%; Earnings conf adj: +1,6.56,-1.0,1.0,70,2026-10-14,48.0,1
2026-08-05T12:52:37,2026-08-05,LNT,EXIT,-1,VWAP Trend,HIGH,4,34.65,70.66,2.64,72.53,2.54,68.87,9.95,2026-08-07,0.8,1.33,77.8,1.73,5.67,10.72,-3.3,2.9,9,2026-04-17 to 2026-08-04 (75 days),-1.0,38.0,0.1894,73.38,69.21,BULLISH,LOW,Strong trend (ADX=31); Last surprise: +8.3%; Earnings conf adj: +1; Size: Kelly 10.0% / VolTgt 9.9% / Blend 9.9%,9.9,-1.0,1.0,-6,2026-07-30,8.33,1
2026-08-05T12:54:37,2026-08-05,PRI,HOLD,0,SMA Crossover (10/50),LOW,1,34.55,318.15,3.22,0.0,6.44,0.0,0.0,2026-09-21,3.2,7.31,100.0,128.07,49.66,-21.45,-1.91,47.0,1,2026-04-17 to 2026-08-04 (75 days),-1.0,63.8,0.2022,291.86,267.67,BULLISH,MEDIUM,Strong trend (ADX=42); EARNINGS TODAY (2026-08-05); Last surprise: +8.8%; Earnings conf adj: -3,7.0,-1.0,1.0,0,2026-08-05,8.76,-3
2026-08-05T12:51:48,2026-08-05,DD,HOLD,0,Stochastic Oscillator,HIGH,4,34.54,142.93,4.27,0.0,6.4,0.0,0.0,2026-08-25,1.92,3.59,100.0,58.84,20.24,16.73,-2.68,20.0,1,2026-04-17 to 2026-08-04 (75 days),-1.0,59.2,0.2253,139.87,132.53,BULLISH,MEDIUM,Price at statistical extreme; Last surprise: +13.8%,8.32,-1.0,1.0,-1,2026-08-04,13.79,0
2026-08-05T12:53:43,2026-08-05,WRB,HOLD,0,VWAP Trend,HIGH,4,34.54,71.39,3.82,0.0,5.73,0.0,0.0,2026-08-12,0.89,1.39,66.7,1.7,14.55,-14.54,-6.67,7.6,9,2026-04-17 to 2026-08-04 (75 days),-1.0,47.2,0.2641,69.69,69.02,BULLISH,MEDIUM,Last surprise: +17.6%; Earnings conf adj: +1,7.1,-1.0,1.0,75,2026-10-19,17.59,1
2026-08-05T12:54:08,2026-08-05,MLI,HOLD,0,Donchian Breakout (20/55),HIGH,4,34.54,68.35,4.48,0.0,6.26,0.0,0.0,2026-08-11,2.2,11.2,100.0,44.11,15.04,-33.07,-0.67,6.0,1,2026-04-17 to 2026-08-04 (75 days),-1.0,67.2,0.3246,63.84,60.16,BULLISH,MEDIUM,Strong trend (ADX=56); Last surprise: +1.7%,5.78,-1.0,1.0,76,2026-10-20,1.74,0
2026-08-05T12:52:32,2026-08-05,KKR,HOLD,0,Composite Multi-Indicator,HIGH,5,34.4,108.21,5.0,0.0,5.89,0.0,0.0,2026-08-09,2.25,118.22,100.0,65.84,23.81,7.05,-0.1,4.0,1,2026-04-17 to 2026-08-04 (75 days),-1.0,67.9,0.3741,96.47,106.74,BEARISH,MEDIUM,Price at statistical extreme; Last surprise: +14.0%; Earnings conf adj: +1,5.01,-1.0,1.0,-6,2026-07-30,13.99,1
2026-08-05T12:55:09,2026-08-05,DUOL,EXIT,-1,VWAP Trend,LOW,1,34.4,137.75,10.81,152.64,15.63,116.22,4.99,2026-08-14,2.11,3.23,66.7,4.2,154.27,-38.24,-11.62,9.9,9,2026-04-17 to 2026-08-04 (75 days),-1.0,58.6,0.6311,123.78,144.6,BEARISH,HIGH,High volume; EARNINGS TODAY (2026-08-05); Last surprise: -11.0%; Earnings conf adj: -3; Size: Kelly 7.0% / VolTgt 3.0% / Blend 5.0%,2.97,-1.0,1.0,0,2026-08-05,-11.04,-3
2026-08-05T12:55:28,2026-08-05,IBOC,HOLD,0,VWAP Trend,MEDIUM,2,34.39,76.25,2.22,0.0,1.91,0.0,0.0,2026-08-06,2.55,5.32,66.7,3.81,18.27,-1.53,-1.86,1.9,9,2026-04-17 to 2026-08-04 (75 days),-1.0,51.6,0.1758,75.16,70.43,BULLISH,LOW,Earnings in 1d (2026-08-06); Last surprise: -2.4%; Earnings conf adj: -2,10.0,-1.0,1.0,1,2026-08-06,-2.38,-2
2026-08-05T12:53:22,2026-08-05,TAP,HOLD,0,SMA Crossover (10/50),MEDIUM,2,34.34,42.29,4.88,0.0,7.32,0.0,0.0,2026-08-17,1.94,3.52,100.0,55.19,19.65,32.7,-2.83,12.0,1,2026-04-17 to 2026-08-04 (75 days),-1.0,58.1,0.3377,40.3,43.8,BEARISH,MEDIUM,Earnings in 1d (2026-08-06); Last surprise: +72.2%; Earnings conf adj: -2,5.55,-1.0,1.0,1,2026-08-06,72.22,-2
2026-08-05T12:51:29,2026-08-05,BX,HOLD,0,Stochastic Oscillator,HIGH,5,34.33,137.2,5.03,0.0,7.54,0.0,0.0,2026-08-22,3.11,7.01,100.0,121.65,44.8,13.31,-3.89,17.0,1,2026-04-17 to 2026-08-04 (75 days),-1.0,67.3,0.3807,121.0,128.82,BEARISH,MEDIUM,Price at statistical extreme; Last surprise: +13.4%; Earnings conf adj: +1,4.93,-1.0,1.0,78,2026-10-22,13.43,1
2026-08-05T12:52:17,2026-08-05,HCA,HOLD,0,Composite Multi-Indicator,HIGH,4,34.25,400.73,6.74,0.0,10.11,0.0,0.0,2026-08-26,1.71,3.31,100.0,101.12,38.3,86.83,-5.36,21.0,1,2026-04-17 to 2026-08-04 (75 days),-1.0,53.3,0.5018,387.18,455.83,BEARISH,HIGH,Last surprise: +1.2%,3.74,-1.0,1.0,79,2026-10-23,1.2,0
2026-08-05T12:53:04,2026-08-05,PNR,HOLD,0,VWAP Trend,MEDIUM,2,34.25,68.48,6.53,0.0,9.79,0.0,0.0,2026-08-10,0.6,0.91,58.3,1.48,12.37,73.94,-13.93,5.9,12,2026-04-17 to 2026-08-04 (75 days),-1.0,50.7,0.6564,70.93,90.07,BEARISH,HIGH,Last surprise: +1.8%,2.86,-1.0,1.0,76,2026-10-20,1.79,0
2026-08-05T12:53:34,2026-08-05,URI,HOLD,0,ADX Trend Following,HIGH,5,34.24,1150.13,7.54,0.0,22.62,0.0,0.0,2026-09-21,1.94,3.63,100.0,195.09,87.11,-165.32,-7.58,47.0,2,2026-04-17 to 2026-08-04 (75 days),-1.0,60.8,0.4919,1069.13,902.42,BULLISH,HIGH,Last surprise: +10.1%; Earnings conf adj: +1,3.81,-1.0,1.0,77,2026-10-21,10.09,1
2026-08-05T12:51:16,2026-08-05,AME,HOLD,0,Composite Multi-Indicator,HIGH,4,34.22,254.05,3.55,0.0,3.82,0.0,0.0,2026-08-10,2.43,102.93,100.0,57.5,20.55,-8.15,-0.1,5.0,1,2026-04-17 to 2026-08-04 (75 days),-1.0,69.3,0.2169,233.95,219.38,BULLISH,MEDIUM,High volume; Price at statistical extreme; Last surprise: +3.7%,8.64,-1.0,1.0,85,2026-10-29,3.68,0
2026-08-05T12:52:24,2026-08-05,IFF,HOLD,0,Stochastic Oscillator,HIGH,4,34.22,80.89,4.31,0.0,6.46,0.0,0.0,2026-09-15,1.49,3.17,100.0,180.61,74.54,47.96,-13.19,41.0,2,2026-04-17 to 2026-08-04 (75 days),-1.0,59.7,0.3374,76.89,71.61,BULLISH,MEDIUM,Last surprise: +16.8%,5.56,-1.0,1.0,90,2026-11-03,16.82,0
2026-08-05T12:55:31,2026-08-05,PLNT,HOLD,0,SMA Crossover (10/50),MEDIUM,3,34.2,55.97,4.91,0.0,7.37,0.0,0.0,2026-08-23,1.77,5.06,100.0,67.95,24.63,83.72,-3.2,18.0,1,2026-04-17 to 2026-08-04 (75 days),-1.0,60.2,0.284,52.66,79.05,BEARISH,MEDIUM,Earnings in 1d (2026-08-06); Last surprise: +17.5%; Earnings conf adj: -1,6.6,-1.0,1.0,1,2026-08-06,17.46,-1
2026-08-05T12:53:00,2026-08-05,PFE,HOLD,0,SMA Crossover (10/50),HIGH,4,34.17,25.41,2.41,0.0,1.29,0.0,0.0,2026-08-06,1.57,15.9,100.0,14.18,4.2,19.14,-0.2,1.0,1,2026-04-17 to 2026-08-04 (75 days),-1.0,62.4,0.1638,24.7,24.95,BEARISH,LOW,High volume; Strong trend (ADX=37); Last surprise: +4.2%,10.0,-1.0,1.0,90,2026-11-03,4.17,0
2026-08-05T12:51:24,2026-08-05,BAC,BUY,1,52-Week High Momentum,HIGH,5,34.15,62.9,2.55,61.3,7.65,67.71,9.68,2026-09-29,3.21,5.52,100.0,152.28,54.43,-17.66,-2.67,55.0,1,2026-04-17 to 2026-08-04 (75 days),0.762,66.7,0.2002,57.65,53.28,BULLISH,MEDIUM,Last surprise: +8.0%; Earnings conf adj: +1; Size: Kelly 10.0% / VolTgt 9.4% / Blend 9.7%,9.37,-1.0,1.0,70,2026-10-14,8.04,1
2026-08-05T12:55:56,2026-08-05,ORI,HOLD,0,EMA Crossover (9/21),HIGH,4,34.15,43.42,3.85,0.0,11.55,0.0,0.0,2026-09-22,2.45,4.52,100.0,120.09,46.09,35.89,-4.12,48.0,1,2026-04-17 to 2026-08-04 (75 days),-1.0,60.5,0.2608,40.34,40.31,BULLISH,MEDIUM,Last surprise: -3.8%,7.19,-1.0,1.0,78,2026-10-22,-3.8,0
2026-08-05T12:53:15,2026-08-05,SHW,BUY,1,PEAD Earnings Drift,HIGH,5,34.14,361.57,6.61,337.67,7.03,386.99,7.1,2026-08-09,2.4,74.35,100.0,59.79,21.02,3.3,-0.2,4.0,1,2026-04-17 to 2026-08-04 (75 days),0.337,64.4,0.4461,325.24,331.75,BEARISH,HIGH,Price at statistical extreme; Strong trend (ADX=31); Last surprise: +5.1%; Earnings conf adj: +1; Size: Kelly 10.0% / VolTgt 4.2% / Blend 7.1%,4.2,-1.0,1.0,83,2026-10-27,5.11,1
2026-08-05T12:55:13,2026-08-05,NXST,HOLD,0,SMA Crossover (10/50),MEDIUM,3,34.14,196.25,4.64,0.0,6.96,0.0,0.0,2026-08-17,2.5,5.9,100.0,82.3,30.44,34.88,-3.25,12.0,1,2026-04-17 to 2026-08-04 (75 days),-1.0,64.9,0.2808,179.49,197.85,BEARISH,MEDIUM,Strong trend (ADX=40); Earnings in 1d (2026-08-06); Last surprise: +50.6%; Earnings conf adj: -1,6.68,-1.0,1.0,1,2026-08-06,50.57,-1
2026-08-05T12:51:22,2026-08-05,AVY,HOLD,0,Donchian Breakout (20/55),HIGH,5,34.09,173.3,5.28,0.0,5.94,0.0,0.0,2026-08-09,2.22,34.96,100.0,20.03,6.62,2.76,-0.1,4.0,1,2026-04-17 to 2026-08-04 (75 days),-1.0,62.0,0.3775,160.86,171.07,BEARISH,MEDIUM,Strong trend (ADX=39); Last surprise: +17.0%; Earnings conf adj: +1,4.97,-1.0,1.0,77,2026-10-21,17.0,1
2026-08-05T12:55:47,2026-08-05,CNO,BUY,1,52-Week High Momentum,HIGH,5,34.08,55.41,2.54,54.0,7.62,59.63,10.0,2026-11-19,4.55,8.6,100.0,264.72,121.59,-6.95,-3.91,106.0,1,2026-04-17 to 2026-08-04 (75 days),0.663,70.8,0.1738,51.09,44.14,BULLISH,LOW,RSI overbought; Price at statistical extreme; Last surprise: +29.9%; Earnings conf adj: +1; Size: Kelly 10.0% / VolTgt 10.0% / Blend 10.0%,10.0,-1.0,1.0,-6,2026-07-30,29.9,1
2026-08-05T12:54:45,2026-08-05,VOYA,BUY,1,52-Week High Momentum,HIGH,4,34.05,100.68,2.72,97.94,9.52,110.26,10.0,2026-11-18,4.86,9.42,100.0,351.08,177.44,-7.55,-4.12,105.0,1,2026-04-17 to 2026-08-04 (75 days),0.44,65.1,0.1724,92.53,77.73,BULLISH,LOW,Strong trend (ADX=40); Last surprise: +13.0%; Size: Kelly 10.0% / VolTgt 10.0% / Blend 10.0%,10.0,-1.0,1.0,90,2026-11-03,13.0,0
2026-08-05T12:54:43,2026-08-05,KTOS,HOLD,0,Stochastic Oscillator,MEDIUM,3,33.96,51.87,11.33,0.0,17.0,0.0,0.0,2026-09-09,0.98,1.55,100.0,128.9,50.72,116.37,-20.72,35.5,2,2026-04-17 to 2026-08-04 (75 days),-1.0,54.9,0.6954,52.6,74.72,BEARISH,HIGH,High volume; Last surprise: +23.1%,2.7,-1.0,1.0,90,2026-11-03,23.08,0
2026-08-05T12:54:26,2026-08-05,LFUS,HOLD,0,Stochastic Oscillator,HIGH,5,33.91,466.46,9.96,0.0,14.94,0.0,0.0,2026-09-02,2.05,4.69,100.0,152.58,56.17,-29.7,-5.83,28.0,1,2026-04-17 to 2026-08-04 (75 days),-1.0,64.8,0.4389,443.45,349.78,BULLISH,HIGH,Price at statistical extreme; Last surprise: +10.8%; Earnings conf adj: +1,4.27,-1.0,1.0,84,2026-10-28,10.85,1
2026-08-05T12:54:50,2026-08-05,GME,HOLD,0,Stochastic Oscillator,MEDIUM,3,33.9,19.21,6.5,0.0,9.75,0.0,0.0,2026-09-24,0.27,0.45,100.0,12.24,3.51,60.13,-7.23,50.0,1,2026-04-17 to 2026-08-04 (75 days),-1.0,29.0,0.4827,21.72,22.61,BEARISH,HIGH,RSI oversold; High volume; Price at statistical extreme; Strong trend (ADX=31); Last surprise: +87.5%; Earnings conf adj: +1,3.88,-1.0,1.0,34,2026-09-08,87.5,1
2026-08-05T12:53:53,2026-08-05,MTZ,HOLD,0,MACD Crossover,MEDIUM,2,33.88,271.71,12.0,0.0,30.0,0.0,0.0,2026-08-20,0.42,0.65,100.0,28.58,9.03,74.37,-16.37,15.0,2,2026-04-17 to 2026-08-04 (75 days),-1.0,35.0,1.0271,361.16,297.65,BULLISH,HIGH,Strong trend (ADX=42); Last surprise: -0.4%,1.83,-1.0,1.0,85,2026-10-29,-0.45,0
2026-08-05T12:54:33,2026-08-05,CFR,HOLD,0,Composite Multi-Indicator,HIGH,5,33.85,168.26,3.29,0.0,8.85,0.0,0.0,2026-09-02,3.85,8.79,100.0,121.61,46.78,-30.39,-2.27,28.0,1,2026-04-17 to 2026-08-04 (75 days),-1.0,68.7,0.2124,152.1,137.31,BULLISH,MEDIUM,Last surprise: +5.1%; Earnings conf adj: +1,8.83,-1.0,1.0,85,2026-10-29,5.06,1
2026-08-05T12:51:59,2026-08-05,EME,BUY,1,EMA Crossover (9/21),HIGH,5,33.8,819.88,9.41,742.73,10.64,907.12,6.2,2026-08-08,1.65,22.75,100.0,19.44,6.05,-0.1,-0.2,3.0,1,2026-04-17 to 2026-08-04 (75 days),0.369,57.3,0.7803,801.09,745.81,BULLISH,HIGH,Strong trend (ADX=34); Last surprise: +25.3%; Earnings conf adj: +1; Size: Kelly 10.0% / VolTgt 2.4% / Blend 6.2%,2.4,-1.0,1.0,85,2026-10-29,25.31,1
2026-08-05T12:52:03,2026-08-05,EXR,HOLD,0,EMA Crossover (9/21),HIGH,4,33.8,149.86,3.9,0.0,11.7,0.0,0.0,2026-09-09,0.64,0.87,100.0,30.25,9.62,-5.48,-4.92,35.5,2,2026-04-17 to 2026-08-04 (75 days),-1.0,55.5,0.2549,146.12,138.35,BULLISH,MEDIUM,Last surprise: +8.7%; Earnings conf adj: +1,7.36,-1.0,1.0,84,2026-10-28,8.7,1
2026-08-05T12:55:08,2026-08-05,HLNE,HOLD,0,EMA Crossover (9/21),HIGH,4,33.78,101.61,7.5,0.0,11.25,0.0,0.0,2026-08-25,2.62,7.76,100.0,183.4,76.18,89.57,-5.61,20.0,1,2026-04-17 to 2026-08-04 (75 days),-1.0,77.3,0.4496,83.1,107.49,BEARISH,HIGH,RSI overbought; High volume; Price at statistical extreme; Strong trend (ADX=33); Last surprise: +4.2%,4.17,-1.0,1.0,90,2026-11-03,4.2,0
2026-08-05T12:55:53,2026-08-05,HOG,HOLD,0,Stochastic Oscillator,HIGH,5,33.77,26.51,9.14,0.0,8.59,0.0,0.0,2026-08-11,1.99,12.6,100.0,66.66,22.47,-32.51,-1.66,6.0,1,2026-04-17 to 2026-08-04 (75 days),-1.0,55.9,0.4456,25.22,22.61,BULLISH,HIGH,Last surprise: +17.2%; Earnings conf adj: +1,4.21,-1.0,1.0,-13,2026-07-23,17.19,1
2026-08-05T12:52:49,2026-08-05,MTD,HOLD,0,ADX Trend Following,MEDIUM,2,33.76,1437.0,4.72,0.0,7.08,0.0,0.0,2026-08-20,0.26,0.31,75.0,1.26,2.61,-24.07,-21.29,15.5,4,2026-04-17 to 2026-08-04 (75 days),-1.0,71.7,0.3185,1245.46,1319.87,BEARISH,MEDIUM,RSI overbought; Strong trend (ADX=36); Last surprise: +6.0%; Earnings conf adj: +1,5.89,-1.0,1.0,-6,2026-07-30,6.01,1
2026-08-05T12:51:49,2026-08-05,DE,HOLD,0,Stochastic Oscillator,HIGH,5,33.75,617.37,4.61,0.0,6.92,0.0,0.0,2026-09-02,1.12,1.86,100.0,87.13,30.51,13.09,-10.57,28.5,2,2026-04-17 to 2026-08-04 (75 days),-1.0,55.0,0.3053,590.75,546.97,BULLISH,MEDIUM,Last surprise: +14.9%; Earnings conf adj: +1,6.14,-1.0,1.0,15,2026-08-20,14.91,1
2026-08-05T12:55:09,2026-08-05,HOMB,HOLD,0,Composite Multi-Indicator,HIGH,4,33.74,31.41,2.85,0.0,9.97,0.0,0.0,2026-11-19,2.73,4.66,100.0,163.94,67.05,-7.39,-4.85,106.0,1,2026-04-17 to 2026-08-04 (75 days),-1.0,70.4,0.2136,28.74,27.7,BULLISH,MEDIUM,RSI overbought; Strong trend (ADX=52); Last surprise: +4.9%,8.78,-1.0,1.0,70,2026-10-14,4.92,0
2026-08-05T12:54:10,2026-08-05,UNM,HOLD,0,Composite Multi-Indicator,HIGH,4,33.73,91.39,3.92,0.0,11.76,0.0,0.0,2026-09-17,2.01,3.25,100.0,136.29,54.2,-12.2,-8.9,43.0,2,2026-04-17 to 2026-08-04 (75 days),-1.0,60.0,0.3244,87.71,78.36,BULLISH,MEDIUM,Price at statistical extreme; Last surprise: +0.5%,5.78,-1.0,1.0,-8,2026-07-28,0.47,0
2026-08-05T12:54:45,2026-08-05,WAL,HOLD,0,VWAP Trend,LOW,1,33.72,84.33,4.34,0.0,6.51,0.0,0.0,2026-08-11,0.19,0.26,62.5,1.32,1.67,-23.52,-9.46,6.9,8,2026-04-17 to 2026-08-04 (75 days),-1.0,57.7,0.3156,81.12,80.62,BULLISH,MEDIUM,Last surprise: -3.0%,5.94,-1.0,1.0,77,2026-10-21,-2.98,0
2026-08-05T12:53:20,2026-08-05,SW,HOLD,0,Multi-Factor Momentum MR,MEDIUM,3,33.7,48.52,9.14,0.0,18.28,0.0,0.0,2026-09-03,1.41,2.51,100.0,152.19,62.78,-3.87,-10.43,29.5,2,2026-04-17 to 2026-08-04 (75 days),-1.0,58.7,0.6083,44.11,40.84,BULLISH,HIGH,Last surprise: -16.7%; Earnings conf adj: -1,3.08,-1.0,1.0,84,2026-10-28,-16.67,-1
2026-08-05T12:52:48,2026-08-05,MTB,HOLD,0,Composite Multi-Indicator,HIGH,5,33.66,253.06,2.73,0.0,8.19,0.0,0.0,2026-09-16,3.25,6.11,100.0,145.16,57.51,-10.57,-3.03,42.0,1,2026-04-17 to 2026-08-04 (75 days),-1.0,62.4,0.2329,234.74,211.72,BULLISH,MEDIUM,Last surprise: +14.2%; Earnings conf adj: +1,8.05,-1.0,1.0,72,2026-10-16,14.16,1
2026-08-05T12:51:20,2026-08-05,ARES,HOLD,0,Stochastic Oscillator,HIGH,4,33.61,142.91,7.41,0.0,11.12,0.0,0.0,2026-09-04,2.51,5.08,100.0,156.99,60.9,-39.02,-4.86,30.0,1,2026-04-17 to 2026-08-04 (75 days),-1.0,72.5,0.4362,124.07,131.84,BEARISH,HIGH,RSI overbought; Price at statistical extreme; Strong trend (ADX=31); Last surprise: +1.6%,4.3,-1.0,1.0,-5,2026-07-31,1.57,0
2026-08-05T12:53:57,2026-08-05,RBC,EXIT,-1,VWAP Trend,MEDIUM,2,33.61,565.96,5.45,596.8,3.98,543.43,8.22,2026-08-08,-0.05,-0.07,71.4,1.04,-3.14,9.95,-10.12,3.0,7,2026-04-17 to 2026-08-04 (75 days),-1.0,42.7,0.2916,595.32,531.34,BULLISH,MEDIUM,Last surprise: +13.1%; Earnings conf adj: +1; Size: Kelly 10.0% / VolTgt 6.4% / Blend 8.2%,6.43,-1.0,1.0,86,2026-10-30,13.12,1
2026-08-05T12:53:54,2026-08-05,RS,HOLD,0,Stochastic Oscillator,HIGH,5,33.59,414.91,4.84,0.0,7.26,0.0,0.0,2026-09-08,2.47,4.04,100.0,113.15,38.72,-92.4,-3.24,34.0,1,2026-04-17 to 2026-08-04 (75 days),-1.0,63.0,0.2533,392.41,330.27,BULLISH,MEDIUM,Strong trend (ADX=34); Last surprise: +14.6%; Earnings conf adj: +1,7.4,-1.0,1.0,77,2026-10-21,14.63,1
2026-08-05T12:56:05,2026-08-05,XLF,HOLD,0,ADX Trend Following,HIGH,4,33.54,57.88,1.5,0.0,4.5,0.0,0.0,2026-09-23,2.42,4.01,100.0,67.68,24.11,-17.61,-2.08,49.0,1,2026-04-17 to 2026-08-04 (75 days),-1.0,68.5,0.1365,54.36,52.54,BULLISH,LOW,Price at statistical extreme,10.0,-1.0,1.0,-1,,,0
2026-08-05T12:52:21,2026-08-05,HSIC,HOLD,0,Composite Multi-Indicator,HIGH,4,33.49,89.11,3.64,0.0,9.16,0.0,0.0,2026-08-28,2.7,4.33,100.0,106.92,40.32,-11.49,-4.17,23.0,1,2026-04-17 to 2026-08-04 (75 days),-1.0,66.6,0.2425,82.37,76.52,BULLISH,MEDIUM,High volume; Price at statistical extreme; Last surprise: +8.2%,7.73,-1.0,1.0,90,2026-11-03,8.2,0
2026-08-05T12:52:34,2026-08-05,LDOS,HOLD,0,EMA Crossover (9/21),HIGH,4,33.46,130.6,6.96,0.0,9.4,0.0,0.0,2026-08-12,1.67,5.0,100.0,102.41,38.9,82.63,-5.12,7.0,1,2026-04-17 to 2026-08-04 (75 days),-1.0,73.4,0.4514,113.9,158.42,BEARISH,HIGH,RSI overbought; High volume; Price at statistical extreme; Strong trend (ADX=34); Last surprise: +7.6%,4.15,-1.0,1.0,90,2026-11-03,7.56,0
2026-08-05T12:52:49,2026-08-05,NCLH,HOLD,0,ADX Trend Following,HIGH,4,33.42,20.07,9.28,0.0,13.92,0.0,0.0,2026-08-15,0.81,1.32,75.0,2.06,23.04,37.2,-12.31,10.0,4,2026-04-17 to 2026-08-04 (75 days),-1.0,53.1,0.6005,19.43,20.25,BEARISH,HIGH,Last surprise: +23.1%; Earnings conf adj: +1,3.12,-1.0,1.0,-6,2026-07-30,23.08,1
2026-08-05T12:55:15,2026-08-05,HRB,HOLD,0,ADX Trend Following,HIGH,4,33.35,46.07,7.92,0.0,23.36,0.0,0.0,2026-09-16,2.1,3.45,100.0,225.94,100.64,-152.36,-13.53,42.0,2,2026-04-17 to 2026-08-04 (75 days),-1.0,66.3,0.4578,39.28,37.92,BULLISH,HIGH,Strong trend (ADX=33); Last surprise: +4.3%,4.1,-1.0,1.0,6,2026-08-11,4.33,0
2026-08-05T12:52:01,2026-08-05,EW,HOLD,0,Stochastic Oscillator,HIGH,5,33.33,89.6,4.21,0.0,6.31,0.0,0.0,2026-08-18,2.01,5.17,100.0,60.99,19.03,-22.03,-2.84,13.0,1,2026-04-17 to 2026-08-04 (75 days),-1.0,57.9,0.2601,87.84,83.84,BULLISH,MEDIUM,Last surprise: +5.4%; Earnings conf adj: +1,7.21,-1.0,1.0,85,2026-10-29,5.41,1
2026-08-05T12:54:20,2026-08-05,ARWR,HOLD,0,Stochastic Oscillator,HIGH,5,33.32,89.59,10.4,0.0,15.6,0.0,0.0,2026-08-24,2.08,8.18,100.0,254.2,109.61,-27.7,-4.57,19.0,1,2026-04-17 to 2026-08-04 (75 days),-1.0,63.1,0.8541,79.23,65.69,BULLISH,HIGH,Strong trend (ADX=37); Last surprise: +16.2%; Earnings conf adj: +1,2.2,-1.0,1.0,-1,2026-08-04,16.22,1
2026-08-05T12:52:07,2026-08-05,FFIV,BUY,1,PEAD Earnings Drift,HIGH,5,33.29,412.25,6.29,386.32,6.71,439.91,7.46,2026-08-10,2.63,59.09,100.0,59.45,20.48,-141.0,-0.3,5.0,1,2026-04-17 to 2026-08-04 (75 days),0.353,54.6,0.3811,402.07,311.71,BULLISH,MEDIUM,High volume; Last surprise: +18.3%; Earnings conf adj: +1; Size: Kelly 10.0% / VolTgt 4.9% / Blend 7.5%,4.92,-1.0,1.0,82,2026-10-26,18.25,1
2026-08-05T12:51:44,2026-08-05,CRL,BUY,1,PEAD Earnings Drift,LOW,1,33.26,234.12,7.66,216.19,11.49,261.02,5.83,2026-10-11,2.83,6.38,100.0,294.56,139.89,12.25,-6.38,67.0,1,2026-04-17 to 2026-08-04 (75 days),0.861,60.5,0.4026,207.52,187.83,BULLISH,HIGH,EARNINGS TODAY (2026-08-05); Last surprise: +5.6%; Earnings conf adj: -3; Size: Kelly 7.0% / VolTgt 4.7% / Blend 5.8%,4.66,-1.0,1.0,0,2026-08-05,5.64,-3
2026-08-05T12:52:34,2026-08-05,LEN,HOLD,0,Stochastic Oscillator,MEDIUM,3,33.26,87.02,4.9,0.0,7.35,0.0,0.0,2026-09-05,0.45,0.66,100.0,29.52,8.25,24.75,-9.46,31.0,2,2026-04-17 to 2026-08-04 (75 days),-1.0,53.9,0.3391,87.37,101.58,BEARISH,MEDIUM,Last surprise: +6.5%; Earnings conf adj: +1,5.53,-1.0,1.0,43,2026-09-17,6.5,1
2026-08-05T12:56:00,2026-08-05,COPX,HOLD,0,Stochastic Oscillator,MEDIUM,3,33.23,83.99,6.67,0.0,10.0,0.0,0.0,2026-08-26,0.83,1.28,100.0,72.28,24.64,35.57,-13.42,21.0,2,2026-04-17 to 2026-08-04 (75 days),-1.0,61.1,0.4792,80.51,76.79,BULLISH,HIGH,Price at statistical extreme,3.91,-1.0,1.0,-1,,,0
2026-08-05T12:52:54,2026-08-05,NTRS,HOLD,0,Composite Multi-Indicator,MEDIUM,3,33.22,182.41,3.66,0.0,7.32,0.0,0.0,2026-09-08,1.26,1.81,100.0,58.66,20.89,-40.73,-7.05,34.5,2,2026-04-17 to 2026-08-04 (75 days),-1.0,54.1,0.2491,176.48,150.62,BULLISH,MEDIUM,Last surprise: -8.4%; Earnings conf adj: -1,7.53,-1.0,1.0,77,2026-10-21,-8.44,-1
2026-08-05T12:55:34,2026-08-05,POST,HOLD,0,Stochastic Oscillator,LOW,1,33.21,90.59,5.23,0.0,7.85,0.0,0.0,2026-10-06,0.25,0.34,100.0,11.04,3.11,35.42,-12.29,62.0,1,2026-04-17 to 2026-08-04 (75 days),-1.0,50.0,0.3481,90.41,99.24,BEARISH,MEDIUM,Strong trend (ADX=32); Earnings in 1d (2026-08-06); Last surprise: +10.9%; Earnings conf adj: -1,5.39,-1.0,1.0,1,2026-08-06,10.86,-1
2026-08-05T12:51:33,2026-08-05,CCL,HOLD,0,Stochastic Oscillator,HIGH,4,33.12,29.59,5.12,0.0,7.68,0.0,0.0,2026-08-30,0.81,1.5,100.0,71.24,23.05,16.48,-12.66,25.5,2,2026-04-17 to 2026-08-04 (75 days),-1.0,64.5,0.3816,27.74,27.78,BEARISH,MEDIUM,Price at statistical extreme; Strong trend (ADX=37); Last surprise: +20.6%; Earnings conf adj: +1,4.91,-1.0,1.0,54,2026-09-28,20.59,1
2026-08-05T12:55:45,2026-08-05,BCO,HOLD,0,EMA Crossover (9/21),LOW,1,33.08,117.98,5.98,0.0,8.97,0.0,0.0,2026-09-01,2.42,4.48,100.0,138.43,54.4,41.53,-5.96,27.0,1,2026-04-17 to 2026-08-04 (75 days),-1.0,58.8,0.3544,106.42,112.3,BEARISH,MEDIUM,Strong trend (ADX=34); EARNINGS TODAY (2026-08-05); Last surprise: +13.2%; Earnings conf adj: -3,5.29,-1.0,1.0,0,2026-08-05,13.21,-3
2026-08-05T12:55:22,2026-08-05,BC,HOLD,0,Composite Multi-Indicator,HIGH,5,33.05,83.27,5.95,0.0,6.16,0.0,0.0,2026-08-10,1.59,8.27,100.0,43.14,15.08,4.14,-1.04,5.0,1,2026-04-17 to 2026-08-04 (75 days),-1.0,57.2,0.3498,81.25,76.69,BULLISH,MEDIUM,Last surprise: +31.1%; Earnings conf adj: +1,5.36,-1.0,1.0,78,2026-10-22,31.09,1
2026-08-05T12:54:05,2026-08-05,BWXT,HOLD,0,VWAP Trend,LOW,0,33.03,172.4,8.71,0.0,5.12,0.0,0.0,2026-08-07,-0.8,-1.06,44.4,0.72,-13.44,51.97,-9.06,2.1,9,2026-04-17 to 2026-08-04 (75 days),-1.0,44.7,0.4488,187.04,196.79,BEARISH,HIGH,High volume; Strong trend (ADX=37); Last surprise: +2.9%,4.18,-1.0,1.0,89,2026-11-02,2.88,0
2026-08-05T12:53:22,2026-08-05,SYY,HOLD,0,Composite Multi-Indicator,HIGH,4,33.0,82.79,4.09,0.0,12.27,0.0,0.0,2026-10-08,2.68,4.55,100.0,129.48,50.79,15.56,-4.83,64.0,1,2026-04-17 to 2026-08-04 (75 days),-1.0,50.9,0.2226,80.27,77.67,BULLISH,MEDIUM,High volume; Last surprise: +0.0%,8.42,-1.0,1.0,90,2026-11-03,0.0,0
2026-08-05T12:51:50,2026-08-05,DHI,HOLD,0,Stochastic Oscillator,HIGH,4,32.99,150.37,4.96,0.0,7.44,0.0,0.0,2026-09-03,0.81,1.34,100.0,60.09,19.26,16.93,-7.97,29.5,2,2026-04-17 to 2026-08-04 (75 days),-1.0,51.7,0.3526,151.14,149.57,BULLISH,MEDIUM,Last surprise: +7.0%; Earnings conf adj: +1,5.32,-1.0,1.0,85,2026-10-29,7.02,1
2026-08-05T12:54:02,2026-08-05,WPC,HOLD,0,Stochastic Oscillator,HIGH,5,32.95,72.32,3.33,0.0,5.0,0.0,0.0,2026-09-02,1.41,2.99,100.0,53.01,15.22,18.51,-3.29,28.0,1,2026-04-17 to 2026-08-04 (75 days),-1.0,42.5,0.2091,73.21,68.95,BULLISH,MEDIUM,Strong trend (ADX=36); Last surprise: +27.8%; Earnings conf adj: +1,8.97,-1.0,1.0,83,2026-10-27,27.78,1
2026-08-05T12:55:17,2026-08-05,SON,HOLD,0,Composite Multi-Indicator,HIGH,4,32.93,58.62,7.06,0.0,21.18,0.0,0.0,2026-09-17,2.21,3.66,100.0,160.71,65.49,54.22,-7.35,43.0,1,2026-04-17 to 2026-08-04 (75 days),-1.0,59.7,0.4116,53.33,48.76,BULLISH,HIGH,Last surprise: +2.0%,4.56,-1.0,1.0,85,2026-10-29,2.03,0
2026-08-05T12:52:23,2026-08-05,ICE,HOLD,0,Momentum (Rate of Change),HIGH,4,32.92,149.2,4.27,0.0,6.4,0.0,0.0,2026-09-01,1.53,2.62,100.0,86.7,21.85,44.1,-4.62,27.0,1,2026-04-17 to 2026-08-04 (75 days),-1.0,58.7,0.2537,140.05,153.81,BEARISH,MEDIUM,Strong trend (ADX=58); Last surprise: +3.3%,7.39,-1.0,1.0,85,2026-10-29,3.26,0
2026-08-05T12:53:18,2026-08-05,STE,HOLD,0,SMA Crossover (10/50),LOW,1,32.92,232.85,3.8,0.0,5.7,0.0,0.0,2026-09-01,1.99,4.01,100.0,110.51,42.36,30.18,-4.78,27.0,1,2026-04-17 to 2026-08-04 (75 days),-1.0,63.8,0.3741,213.83,233.66,BEARISH,MEDIUM,Strong trend (ADX=37); EARNINGS TODAY (2026-08-05); Last surprise: -0.7%; Earnings conf adj: -3,5.01,-1.0,1.0,0,2026-08-05,-0.7,-3
2026-08-05T12:54:52,2026-08-05,THG,BUY,1,52-Week High Momentum,HIGH,5,32.92,228.04,3.5,220.06,12.25,255.97,8.3,2026-11-19,3.36,5.92,100.0,272.13,126.02,6.27,-6.64,106.0,1,2026-04-17 to 2026-08-04 (75 days),0.508,63.7,0.2844,207.38,184.24,BULLISH,MEDIUM,Strong trend (ADX=43); Last surprise: +41.2%; Earnings conf adj: +1; Size: Kelly 10.0% / VolTgt 6.6% / Blend 8.3%,6.59,-1.0,1.0,84,2026-10-28,41.22,1
2026-08-05T12:55:41,2026-08-05,ASH,BUY,1,Momentum (Rate of Change),HIGH,4,32.92,72.32,5.34,68.46,18.69,85.84,7.65,2026-10-26,2.78,5.45,100.0,296.39,138.6,27.78,-6.6,82.0,1,2026-04-17 to 2026-08-04 (75 days),0.567,66.7,0.3535,64.73,57.92,BULLISH,MEDIUM,Strong trend (ADX=41); Last surprise: +4.1%; Size: Kelly 10.0% / VolTgt 5.3% / Blend 7.7%,5.3,-1.0,1.0,-8,2026-07-28,4.08,0
2026-08-05T12:54:57,2026-08-05,CAVA,HOLD,0,SMA Crossover (10/50),HIGH,4,32.91,63.44,10.23,0.0,10.18,0.0,0.0,2026-08-13,0.66,1.14,100.0,27.49,8.93,83.45,-5.9,8.0,1,2026-04-17 to 2026-08-04 (75 days),-1.0,37.0,0.4569,74.37,70.72,BULLISH,HIGH,Last surprise: +17.6%; Earnings conf adj: +1,4.1,-1.0,1.0,6,2026-08-11,17.65,1
2026-08-05T12:55:55,2026-08-05,MSM,BUY,1,52-Week High Momentum,HIGH,5,32.89,126.74,4.01,121.66,12.03,141.99,9.62,2026-11-19,3.74,7.57,100.0,313.37,151.97,1.73,-4.96,106.0,1,2026-04-17 to 2026-08-04 (75 days),0.389,61.5,0.2032,118.65,96.45,BULLISH,MEDIUM,Last surprise: +12.6%; Earnings conf adj: +1; Size: Kelly 10.0% / VolTgt 9.2% / Blend 9.6%,9.23,-1.0,1.0,78,2026-10-22,12.6,1
2026-08-05T12:51:11,2026-08-05,ADM,BUY,1,Stochastic Oscillator,HIGH,4,32.84,79.87,4.23,76.49,6.35,84.94,8.18,2026-08-22,1.77,3.93,100.0,59.26,15.58,-70.07,-1.89,17.0,1,2026-04-17 to 2026-08-04 (75 days),0.139,45.5,0.2948,80.25,69.17,BULLISH,MEDIUM,Strong trend (ADX=40); Last surprise: +7.6%; Size: Kelly 10.0% / VolTgt 6.4% / Blend 8.2%,6.36,-1.0,1.0,90,2026-11-03,7.58,0
2026-08-05T12:54:39,2026-08-05,OGE,HOLD,0,VWAP Trend,HIGH,4,32.74,47.38,2.56,0.0,2.01,0.0,0.0,2026-08-06,2.21,5.36,70.0,4.27,24.1,26.69,-2.32,1.9,10,2026-04-17 to 2026-08-04 (75 days),-1.0,42.0,0.1852,47.94,45.67,BULLISH,LOW,Last surprise: +1.8%,10.0,-1.0,1.0,84,2026-10-28,1.82,0
2026-08-05T12:54:41,2026-08-05,CHWY,HOLD,0,EMA Crossover (9/21),HIGH,4,32.73,24.1,8.45,0.0,12.67,0.0,0.0,2026-09-02,2.18,4.09,100.0,161.57,65.35,101.71,-6.96,28.0,1,2026-04-17 to 2026-08-04 (75 days),-1.0,66.6,0.467,20.66,27.12,BEARISH,HIGH,Price at statistical extreme; Strong trend (ADX=43); Last surprise: +0.0%,4.02,-1.0,1.0,28,2026-09-02,0.0,0
2026-08-05T12:52:57,2026-08-05,ORLY,HOLD,0,Composite Multi-Indicator,HIGH,4,32.67,91.83,5.0,0.0,7.5,0.0,0.0,2026-09-03,1.57,2.67,100.0,89.1,33.25,39.92,-5.21,29.0,1,2026-04-17 to 2026-08-04 (75 days),-1.0,58.0,0.3664,88.26,93.0,BEARISH,MEDIUM,Last surprise: +0.0%,5.12,-1.0,1.0,84,2026-10-28,0.0,0
2026-08-05T12:55:32,2026-08-05,NVST,EXIT,-1,PEAD Earnings Drift,LOW,1,32.66,27.96,4.34,29.17,6.51,26.14,6.31,2026-10-29,1.91,3.21,100.0,154.37,61.88,60.4,-7.74,85.0,1,2026-04-17 to 2026-08-04 (75 days),-1.0,61.3,0.3334,25.64,24.41,BULLISH,MEDIUM,EARNINGS TODAY (2026-08-05); Last surprise: +16.1%; Earnings conf adj: -3; Size: Kelly 7.0% / VolTgt 5.6% / Blend 6.3%,5.62,-1.0,1.0,0,2026-08-05,16.13,-3
2026-08-05T12:51:17,2026-08-05,ANET,HOLD,0,EMA Crossover (9/21),MEDIUM,3,32.63,190.51,10.41,0.0,20.82,0.0,0.0,2026-09-05,0.91,1.39,100.0,100.82,38.18,-27.6,-15.51,31.5,2,2026-04-17 to 2026-08-04 (75 days),-1.0,62.4,0.6281,168.31,146.31,BULLISH,HIGH,High volume; Last surprise: +7.4%,2.99,-1.0,1.0,90,2026-11-03,7.41,0
2026-08-05T12:51:27,2026-08-05,BKNG,BUY,1,Composite Multi-Indicator,HIGH,4,32.62,194.27,7.29,180.11,10.94,215.52,7.08,2026-09-17,1.87,3.63,100.0,156.95,63.66,58.7,-6.38,43.0,1,2026-04-17 to 2026-08-04 (75 days),0.262,61.1,0.4497,176.26,184.64,BEARISH,HIGH,Strong trend (ADX=31); Last surprise: +5.6%; Size: Kelly 10.0% / VolTgt 4.2% / Blend 7.1%,4.17,-1.0,1.0,83,2026-10-27,5.56,0
2026-08-05T12:55:32,2026-08-05,OLLI,BUY,1,Momentum (Rate of Change),MEDIUM,3,32.53,77.1,7.25,71.51,10.88,85.49,7.12,2026-08-15,1.83,2.92,50.0,7.15,43.22,93.78,-9.78,10.5,2,2026-04-17 to 2026-08-04 (75 days),0.853,65.3,0.4415,73.53,98.57,BEARISH,HIGH,Price at statistical extreme; Strong trend (ADX=37); Last surprise: +4.6%; Size: Kelly 10.0% / VolTgt 4.2% / Blend 7.1%,4.25,-1.0,1.0,22,2026-08-27,4.6,0
2026-08-05T12:55:08,2026-08-05,INGR,HOLD,0,Composite Multi-Indicator,HIGH,4,32.5,104.63,3.29,0.0,4.94,0.0,0.0,2026-10-04,1.18,2.02,100.0,54.65,19.45,45.34,-7.64,60.0,1,2026-04-17 to 2026-08-04 (75 days),-1.0,62.4,0.2379,99.68,107.75,BEARISH,MEDIUM,Price at statistical extreme; Last surprise: -5.3%,7.88,-1.0,1.0,90,2026-11-03,-5.26,0
2026-08-05T12:51:44,2026-08-05,CRWD,HOLD,0,Stochastic Oscillator,HIGH,4,32.48,211.22,8.54,0.0,12.32,0.0,0.0,2026-08-11,3.22,66.71,100.0,176.5,64.09,-882.68,-1.69,6.0,1,2026-04-17 to 2026-08-04 (75 days),-1.0,66.5,0.6388,183.18,133.5,BULLISH,HIGH,Last surprise: +3.7%,2.94,-1.0,1.0,21,2026-08-26,3.7,0
2026-08-05T12:51:53,2026-08-05,DOV,HOLD,0,VWAP Trend,LOW,1,32.46,209.93,4.62,0.0,5.18,0.0,0.0,2026-08-07,0.3,0.44,72.7,1.45,2.71,15.49,-3.54,2.9,11,2026-04-17 to 2026-08-04 (75 days),-1.0,49.9,0.3862,214.31,206.52,BULLISH,MEDIUM,Strong trend (ADX=31); Last surprise: +0.7%,4.85,-1.0,1.0,78,2026-10-22,0.74,0
2026-08-05T12:53:25,2026-08-05,TMO,HOLD,0,VWAP Trend,HIGH,4,32.45,564.75,5.17,0.0,7.62,0.0,0.0,2026-08-11,0.78,1.25,55.6,1.52,23.61,-3.72,-15.05,6.7,9,2026-04-17 to 2026-08-04 (75 days),-1.0,62.4,0.3739,509.42,530.34,BEARISH,MEDIUM,Strong trend (ADX=32); Last surprise: +5.6%; Earnings conf adj: +1,5.01,-1.0,1.0,77,2026-10-21,5.6,1
2026-08-05T12:53:37,2026-08-05,VLTO,BUY,1,PEAD Earnings Drift,HIGH,5,32.45,96.45,4.79,91.83,5.0,101.27,7.95,2026-08-09,2.21,27.52,100.0,23.21,7.39,-15.22,-0.2,4.0,1,2026-04-17 to 2026-08-04 (75 days),0.179,60.6,0.3177,88.83,93.51,BEARISH,MEDIUM,Last surprise: +9.9%; Earnings conf adj: +1; Size: Kelly 10.0% / VolTgt 5.9% / Blend 8.0%,5.9,-1.0,1.0,77,2026-10-21,9.9,1
2026-08-05T12:53:35,2026-08-05,USB,BUY,1,52-Week High Momentum,HIGH,4,32.44,64.23,2.92,62.35,8.76,69.86,9.3,2026-09-27,1.91,2.94,100.0,98.08,31.97,-23.28,-3.12,53.0,1,2026-04-17 to 2026-08-04 (75 days),0.246,61.1,0.2182,59.75,54.02,BULLISH,MEDIUM,Last surprise: +4.7%; Size: Kelly 10.0% / VolTgt 8.6% / Blend 9.3%,8.59,-1.0,1.0,71,2026-10-15,4.65,0
2026-08-05T12:55:27,2026-08-05,ELF,HOLD,0,SMA Crossover (10/50),LOW,1,32.41,87.84,9.97,0.0,14.96,0.0,0.0,2026-09-16,3.26,7.27,100.0,382.52,200.09,46.28,-8.25,42.0,1,2026-04-17 to 2026-08-04 (75 days),-1.0,69.7,0.5606,68.53,77.01,BEARISH,HIGH,High volume; Price at statistical extreme; EARNINGS TODAY (2026-08-05); Last surprise: +10.3%; Earnings conf adj: -3,3.34,-1.0,1.0,0,2026-08-05,10.34,-3
2026-08-05T12:52:28,2026-08-05,JBHT,HOLD,0,Stochastic Oscillator,HIGH,4,32.36,274.48,5.0,0.0,2.99,0.0,0.0,2026-08-06,0.89,6.59,100.0,27.36,4.52,-43.5,-1.39,1.0,1,2026-04-17 to 2026-08-04 (75 days),-1.0,46.0,0.3801,279.96,225.29,BULLISH,MEDIUM,Strong trend (ADX=37); Last surprise: +9.8%; Earnings conf adj: +1,4.93,-1.0,1.0,70,2026-10-14,9.77,1
2026-08-05T12:51:16,2026-08-05,AMP,HOLD,0,Donchian Breakout (20/55),HIGH,4,32.33,553.58,3.2,0.0,10.11,0.0,0.0,2026-09-07,3.19,5.94,100.0,134.23,52.98,-44.78,-3.4,33.0,1,2026-04-17 to 2026-08-04 (75 days),-1.0,73.1,0.2235,486.1,473.52,BULLISH,MEDIUM,RSI overbought; Strong trend (ADX=39); Last surprise: +2.4%,8.39,-1.0,1.0,85,2026-10-29,2.41,0
2026-08-05T12:52:00,2026-08-05,ESS,HOLD,0,PEAD Earnings Drift,MEDIUM,3,32.3,287.21,3.07,0.0,7.67,0.0,0.0,2026-11-01,2.59,4.3,100.0,127.23,49.29,-5.27,-4.11,88.0,1,2026-04-17 to 2026-08-04 (75 days),-1.0,47.4,0.2445,285.71,259.73,BULLISH,MEDIUM,Strong trend (ADX=31); Last surprise: -36.1%; Earnings conf adj: -1,7.67,-1.0,1.0,83,2026-10-27,-36.05,-1
2026-08-05T12:51:14,2026-08-05,ALL,HOLD,0,Composite Multi-Indicator,LOW,1,32.27,262.56,3.8,0.0,7.6,0.0,0.0,2026-09-09,3.06,5.55,100.0,172.93,71.48,-25.93,-6.62,35.0,1,2026-04-17 to 2026-08-04 (75 days),-1.0,60.6,0.3269,236.9,213.07,BULLISH,MEDIUM,Strong trend (ADX=35); EARNINGS TODAY (2026-08-05); Last surprise: +47.1%; Earnings conf adj: -3,5.74,-1.0,1.0,0,2026-08-05,47.1,-3
2026-08-05T12:55:00,2026-08-05,CELH,HOLD,1,MACD Crossover,LOW,1,32.27,29.54,9.33,26.78,14.0,33.68,0.0,2026-08-20,0.39,0.59,66.7,1.53,8.04,53.26,-17.7,15.0,3,2026-04-17 to 2026-08-04 (75 days),-1.0,50.9,0.4608,29.69,40.58,BEARISH,HIGH,Earnings in 1d (2026-08-06); Last surprise: +41.4%; Earnings conf adj: -1,4.07,-1.0,1.0,1,2026-08-06,41.38,-1
2026-08-05T12:51:34,2026-08-05,CDNS,HOLD,0,ADX Trend Following,MEDIUM,3,32.22,340.62,9.42,0.0,11.2,0.0,0.0,2026-08-13,0.9,1.46,80.0,5.6,28.79,-7.48,-9.65,8.8,5,2026-04-17 to 2026-08-04 (75 days),-1.0,44.0,0.4797,370.68,327.76,BULLISH,HIGH,Last surprise: +2.4%,3.91,-1.0,1.0,82,2026-10-26,2.43,0
2026-08-05T12:52:40,2026-08-05,MAA,HOLD,0,SMA Crossover (10/50),HIGH,5,32.21,133.21,2.87,0.0,8.61,0.0,0.0,2026-09-20,1.19,1.91,100.0,61.29,21.61,2.29,-6.4,46.5,2,2026-04-17 to 2026-08-04 (75 days),-1.0,48.0,0.2201,133.97,129.31,BULLISH,MEDIUM,Last surprise: +33.3%; Earnings conf adj: +1,8.52,-1.0,1.0,84,2026-10-28,33.33,1
2026-08-05T12:54:33,2026-08-05,CYTK,HOLD,0,MACD Crossover,MEDIUM,2,32.07,78.61,5.6,0.0,11.2,0.0,0.0,2026-08-29,1.06,1.81,100.0,64.31,22.74,-52.15,-6.2,24.0,2,2026-04-17 to 2026-08-04 (75 days),-1.0,46.4,0.2992,78.55,68.09,BULLISH,MEDIUM,Earnings in 1d (2026-08-06); Last surprise: -1.2%; Earnings conf adj: -2,6.27,-1.0,1.0,1,2026-08-06,-1.21,-2
2026-08-05T12:54:15,2026-08-05,EQH,HOLD,0,Composite Multi-Indicator,HIGH,4,32.03,48.25,4.14,0.0,12.42,0.0,0.0,2026-09-14,1.94,3.43,100.0,106.57,40.65,-31.07,-4.08,40.0,1,2026-04-17 to 2026-08-04 (75 days),-1.0,56.9,0.3016,44.91,43.48,BULLISH,MEDIUM,Last surprise: +0.6%,6.22,-1.0,1.0,90,2026-11-03,0.62,0
2026-08-05T12:53:25,2026-08-05,TGT,HOLD,0,Stochastic Oscillator,HIGH,5,32.02,148.11,4.22,0.0,6.33,0.0,0.0,2026-08-17,1.87,9.29,100.0,53.15,15.27,-55.17,-0.84,12.0,1,2026-04-17 to 2026-08-04 (75 days),-1.0,66.6,0.2796,133.59,113.68,BULLISH,MEDIUM,Strong trend (ADX=34); Last surprise: +17.1%; Earnings conf adj: +1,6.71,-1.0,1.0,14,2026-08-19,17.12,1
2026-08-05T12:54:54,2026-08-05,CHRD,HOLD,0,SMA Crossover (10/50),LOW,1,31.98,136.89,7.12,0.0,9.05,0.0,0.0,2026-08-12,1.68,5.53,100.0,61.81,21.79,-24.15,-2.59,7.0,1,2026-04-17 to 2026-08-04 (75 days),-1.0,58.0,0.4345,129.06,113.63,BULLISH,HIGH,EARNINGS TODAY (2026-08-05); Last surprise: +30.7%; Earnings conf adj: -3,4.32,-1.0,1.0,0,2026-08-05,30.66,-3
2026-08-05T12:51:42,2026-08-05,COHR,BUY,1,VWAP Trend,HIGH,4,31.95,323.73,12.0,284.88,13.19,366.43,5.83,2026-08-07,3.58,9.01,75.0,5.51,571.35,590.85,-14.22,2.2,8,2026-04-17 to 2026-08-04 (75 days),0.516,54.0,1.129,344.93,256.91,BULLISH,HIGH,High volume; Strong trend (ADX=33); Last surprise: +1.4%; Size: Kelly 10.0% / VolTgt 1.7% / Blend 5.8%,1.66,-1.0,1.0,7,2026-08-12,1.44,0
2026-08-05T12:51:27,2026-08-05,BLDR,HOLD,0,Stochastic Oscillator,MEDIUM,2,31.92,75.37,10.33,0.0,15.5,0.0,0.0,2026-09-13,0.77,1.27,100.0,82.53,30.21,72.34,-17.21,39.0,2,2026-04-17 to 2026-08-04 (75 days),-1.0,52.2,0.6169,76.57,95.25,BEARISH,HIGH,Last surprise: -7.9%; Earnings conf adj: -1,3.04,-1.0,1.0,85,2026-10-29,-7.87,-1
2026-08-05T12:55:06,2026-08-05,CRUS,HOLD,0,Composite Multi-Indicator,LOW,0,31.92,133.59,5.09,0.0,6.8,0.0,0.0,2026-08-10,0.42,0.94,100.0,12.12,3.85,57.85,-3.53,5.0,1,2026-04-17 to 2026-08-04 (75 days),-1.0,39.9,0.386,152.24,141.08,BULLISH,MEDIUM,Strong trend (ADX=49); EARNINGS TODAY (2026-08-05); Last surprise: +10.8%; Earnings conf adj: -3,4.86,-1.0,1.0,0,2026-08-05,10.8,-3
2026-08-05T12:52:13,2026-08-05,GNRC,HOLD,0,Stochastic Oscillator,HIGH,4,31.89,218.63,10.9,0.0,12.64,0.0,0.0,2026-08-18,0.55,1.14,100.0,41.85,9.78,-1.1,-12.17,13.0,2,2026-04-17 to 2026-08-04 (75 days),-1.0,47.8,0.4451,248.38,204.78,BULLISH,HIGH,Strong trend (ADX=46); Last surprise: +44.8%; Earnings conf adj: +1,4.21,-1.0,1.0,84,2026-10-28,44.78,1
2026-08-05T12:51:13,2026-08-05,AFL,BUY,1,52-Week High Momentum,MEDIUM,2,31.84,125.15,1.96,122.7,4.9,131.28,10.0,2026-11-19,1.86,2.9,100.0,96.04,36.14,-1.55,-5.04,106.0,1,2026-04-17 to 2026-08-04 (75 days),0.151,55.3,0.1581,119.98,112.75,BULLISH,LOW,Strong trend (ADX=32); Earnings in 1d (2026-08-06); Last surprise: -2.8%; Earnings conf adj: -2; Size: Kelly 10.0% / VolTgt 10.0% / Blend 10.0%,10.0,-1.0,1.0,1,2026-08-06,-2.78,-2
2026-08-05T12:53:37,2026-08-05,VRSK,HOLD,0,VWAP Trend,MEDIUM,3,31.81,192.8,8.71,0.0,11.37,0.0,0.0,2026-08-16,1.75,2.99,42.9,2.52,60.23,27.93,-13.57,11.0,7,2026-04-17 to 2026-08-04 (75 days),-1.0,48.8,0.4355,186.18,197.88,BEARISH,HIGH,Last surprise: +2.6%,4.31,-1.0,1.0,84,2026-10-28,2.59,0
2026-08-05T12:51:50,2026-08-05,DG,HOLD,0,Composite Multi-Indicator,HIGH,5,31.75,127.26,5.26,0.0,7.89,0.0,0.0,2026-09-17,1.95,3.62,100.0,136.37,53.96,50.62,-9.44,43.0,1,2026-04-17 to 2026-08-04 (75 days),-1.0,60.1,0.3931,115.8,122.45,BEARISH,MEDIUM,Strong trend (ADX=31); Last surprise: +6.4%; Earnings conf adj: +1,4.77,-1.0,1.0,22,2026-08-27,6.38,1
2026-08-05T12:52:30,2026-08-05,JNJ,HOLD,0,Composite Multi-Indicator,HIGH,4,31.73,254.93,3.75,0.0,11.25,0.0,0.0,2026-10-08,2.19,3.62,100.0,139.58,55.44,19.28,-7.57,64.0,1,2026-04-17 to 2026-08-04 (75 days),-1.0,50.7,0.2419,246.14,225.46,BULLISH,MEDIUM,Last surprise: +1.8%,7.75,-1.0,1.0,69,2026-10-13,1.75,0
2026-08-05T12:55:07,2026-08-05,TXNM,HOLD,0,Stochastic Oscillator,HIGH,4,31.73,57.6,1.5,0.0,2.25,0.0,0.0,2026-09-11,1.01,1.79,100.0,23.96,4.4,7.41,-1.9,37.0,1,2026-04-17 to 2026-08-04 (75 days),-1.0,56.1,0.0614,57.34,57.54,BEARISH,LOW,Last surprise: +1.8%,10.0,-1.0,1.0,86,2026-10-30,1.75,0
2026-08-05T12:52:21,2026-08-05,HST,HOLD,0,MACD Crossover,LOW,1,31.7,24.98,3.43,0.0,5.15,0.0,0.0,2026-08-22,2.63,4.87,66.7,20.07,51.65,-49.67,-3.47,17.0,3,2026-04-17 to 2026-08-04 (75 days),-1.0,61.2,0.2238,23.7,19.42,BULLISH,MEDIUM,EARNINGS TODAY (2026-08-05); Last surprise: +118.2%; Earnings conf adj: -3,7.0,-1.0,1.0,0,2026-08-05,118.18,-3
2026-08-05T12:52:24,2026-08-05,INCY,HOLD,0,Composite Multi-Indicator,HIGH,5,31.69,120.6,7.27,0.0,21.81,0.0,0.0,2026-11-11,2.1,3.75,100.0,232.89,103.19,-0.8,-9.5,98.0,1,2026-04-17 to 2026-08-04 (75 days),-1.0,56.4,0.4196,110.02,101.58,BULLISH,HIGH,Last surprise: +43.7%; Earnings conf adj: +1,4.47,-1.0,1.0,83,2026-10-27,43.72,1
2026-08-05T12:54:52,2026-08-05,AVAV,HOLD,0,Stochastic Oscillator,HIGH,5,31.66,169.02,11.22,0.0,16.83,0.0,0.0,2026-09-08,1.76,3.37,100.0,328.42,176.0,210.55,-26.02,34.0,2,2026-04-17 to 2026-08-04 (75 days),-1.0,57.7,0.7156,164.66,233.62,BEARISH,HIGH,Price at statistical extreme; Last surprise: +25.2%; Earnings conf adj: +1,2.62,-1.0,1.0,28,2026-09-02,25.17,1
2026-08-05T12:52:48,2026-08-05,MSFT,HOLD,0,ADX Trend Following,HIGH,5,31.65,492.81,7.28,0.0,10.92,0.0,0.0,2026-08-17,1.67,4.34,66.7,2.85,68.63,-1.13,-10.95,12.3,3,2026-04-17 to 2026-08-04 (75 days),-1.0,79.0,0.6127,402.21,432.06,BEARISH,HIGH,RSI overbought; Price at statistical extreme; Strong trend (ADX=40); Last surprise: +11.8%; Earnings conf adj: +1,3.06,-1.0,1.0,84,2026-10-28,11.79,1
2026-08-05T12:51:09,2026-08-05,ADBE,HOLD,0,VWAP Trend,MEDIUM,3,31.61,257.49,10.43,0.0,14.49,0.0,0.0,2026-08-15,1.89,3.1,50.0,2.43,110.33,90.97,-18.47,10.5,8,2026-04-17 to 2026-08-04 (75 days),-1.0,62.7,0.5677,228.56,275.66,BEARISH,HIGH,Strong trend (ADX=32); Last surprise: +2.6%,3.3,-1.0,1.0,36,2026-09-10,2.58,0
2026-08-05T12:55:18,2026-08-05,QLYS,HOLD,0,EMA Crossover (9/21),HIGH,4,31.55,161.06,10.34,0.0,33.85,0.0,0.0,2026-09-17,3.42,6.66,100.0,575.82,388.23,-461.11,-18.51,43.5,2,2026-04-17 to 2026-08-04 (75 days),-1.0,66.1,0.6517,130.07,119.14,BULLISH,HIGH,Strong trend (ADX=31); Last surprise: +8.3%,2.88,-1.0,1.0,90,2026-11-03,8.33,0
2026-08-05T12:55:29,2026-08-05,KBR,HOLD,0,Composite Multi-Indicator,HIGH,4,31.44,37.83,7.59,0.0,11.38,0.0,0.0,2026-11-03,0.87,1.37,100.0,81.45,30.09,14.48,-14.47,90.0,1,2026-04-17 to 2026-08-04 (75 days),-1.0,59.7,0.403,35.12,38.57,BEARISH,HIGH,Last surprise: +10.0%; Earnings conf adj: +1,4.65,-1.0,1.0,78,2026-10-22,10.0,1
2026-08-05T12:54:11,2026-08-05,RRX,HOLD,0,Stochastic Oscillator,LOW,1,31.42,220.04,9.42,0.0,14.13,0.0,0.0,2026-08-26,1.15,1.86,100.0,100.84,37.38,10.27,-14.8,21.5,2,2026-04-17 to 2026-08-04 (75 days),-1.0,56.2,0.5265,212.69,183.86,BULLISH,HIGH,EARNINGS TODAY (2026-08-05); Last surprise: +2.8%; Earnings conf adj: -3,3.56,-1.0,1.0,0,2026-08-05,2.84,-3
2026-08-05T12:54:35,2026-08-05,ONB,BUY,1,52-Week High Momentum,HIGH,4,31.41,27.15,3.16,26.29,9.48,29.72,9.08,2026-09-27,1.78,2.86,100.0,78.95,26.89,-29.36,-4.32,53.0,1,2026-04-17 to 2026-08-04 (75 days),0.615,62.3,0.2297,25.47,23.25,BULLISH,MEDIUM,Last surprise: +3.2%; Size: Kelly 10.0% / VolTgt 8.2% / Blend 9.1%,8.16,-1.0,1.0,77,2026-10-21,3.17,0
2026-08-05T12:52:06,2026-08-05,FE,HOLD,0,Donchian Breakout (20/55),HIGH,4,31.31,48.28,2.32,0.0,6.96,0.0,0.0,2026-09-22,1.28,2.18,100.0,45.38,15.51,24.21,-3.38,48.0,1,2026-04-17 to 2026-08-04 (75 days),-1.0,48.5,0.157,47.62,46.94,BULLISH,LOW,Last surprise: +0.0%,10.0,-1.0,1.0,77,2026-10-21,0.0,0
2026-08-05T12:55:36,2026-08-05,SMG,HOLD,0,PEAD Earnings Drift,HIGH,5,31.31,66.38,10.24,0.0,30.72,0.0,0.0,2026-10-30,1.75,3.21,100.0,196.53,82.23,76.51,-10.37,86.0,1,2026-04-17 to 2026-08-04 (75 days),-1.0,47.7,0.5423,64.83,61.06,BULLISH,HIGH,Last surprise: +11.9%; Earnings conf adj: +1,3.46,-1.0,1.0,91,2026-11-04,11.9,1
2026-08-05T12:54:09,2026-08-05,IESC,HOLD,0,Donchian Breakout (20/55),HIGH,5,31.28,760.36,12.0,0.0,10.91,0.0,0.0,2026-08-06,1.77,59.75,100.0,47.79,16.43,-209.24,-0.2,1.0,1,2026-04-17 to 2026-08-04 (75 days),-1.0,60.8,1.3849,677.13,523.56,BULLISH,HIGH,Price at statistical extreme; Strong trend (ADX=34); Last surprise: +56.7%; Earnings conf adj: +1,1.35,-1.0,1.0,-5,2026-07-31,56.73,1
2026-08-05T12:52:05,2026-08-05,FDS,HOLD,0,VWAP Trend,HIGH,4,31.26,274.49,9.33,0.0,11.75,0.0,0.0,2026-08-11,1.43,2.47,63.6,1.71,82.38,4.03,-23.51,6.5,11,2026-04-17 to 2026-08-04 (75 days),-1.0,59.8,0.5852,246.96,245.87,BULLISH,HIGH,Last surprise: +1.8%,3.2,-1.0,1.0,43,2026-09-17,1.8,0
2026-08-05T12:55:19,2026-08-05,CNX,HOLD,0,SMA Crossover (10/50),HIGH,5,31.25,35.65,4.34,0.0,5.2,0.0,0.0,2026-08-11,1.27,3.9,100.0,26.38,8.89,33.08,-1.18,6.0,1,2026-04-17 to 2026-08-04 (75 days),-1.0,62.4,0.2697,33.64,36.79,BEARISH,MEDIUM,Last surprise: +29.1%; Earnings conf adj: +1,6.95,-1.0,1.0,85,2026-10-29,29.09,1
2026-08-05T12:52:52,2026-08-05,NOC,HOLD,0,Composite Multi-Indicator,MEDIUM,3,31.24,551.55,4.91,0.0,7.37,0.0,0.0,2026-10-07,0.49,0.72,100.0,26.88,9.07,55.46,-10.23,63.0,1,2026-04-17 to 2026-08-04 (75 days),-1.0,58.2,0.2426,535.23,602.34,BEARISH,MEDIUM,Last surprise: +12.6%; Earnings conf adj: +1,7.73,-1.0,1.0,76,2026-10-20,12.61,1
2026-08-05T12:52:31,2026-08-05,KEYS,HOLD,0,Stochastic Oscillator,HIGH,5,31.21,341.24,8.33,0.0,12.5,0.0,0.0,2026-09-02,1.52,3.07,100.0,102.91,35.36,28.16,-9.57,28.0,1,2026-04-17 to 2026-08-04 (75 days),-1.0,58.3,0.4149,332.89,270.52,BULLISH,HIGH,Price at statistical extreme; Last surprise: +23.7%; Earnings conf adj: +1,4.52,-1.0,1.0,13,2026-08-18,23.71,1
2026-08-05T12:53:36,2026-08-05,VLO,HOLD,0,Composite Multi-Indicator,HIGH,5,31.16,308.73,5.39,0.0,16.17,0.0,0.0,2026-11-02,2.99,5.32,100.0,316.52,154.02,-54.66,-9.62,89.0,1,2026-04-17 to 2026-08-04 (75 days),-1.0,62.7,0.3866,271.81,217.97,BULLISH,MEDIUM,Last surprise: +23.8%; Earnings conf adj: +1,4.85,-1.0,1.0,78,2026-10-22,23.79,1
2026-08-05T12:55:06,2026-08-05,CROX,HOLD,0,MACD Crossover,HIGH,4,31.16,141.19,8.89,0.0,17.56,0.0,0.0,2026-08-25,1.48,2.52,100.0,90.66,33.65,-132.9,-4.64,20.0,2,2026-04-17 to 2026-08-04 (75 days),-1.0,62.0,0.4988,126.39,98.05,BULLISH,HIGH,Last surprise: +4.6%,3.76,-1.0,1.0,85,2026-10-29,4.6,0
2026-08-05T12:51:18,2026-08-05,AOS,HOLD,0,Composite Multi-Indicator,HIGH,5,31.09,63.37,4.97,0.0,7.46,0.0,0.0,2026-10-07,1.69,2.57,100.0,122.22,47.55,51.2,-6.56,63.0,1,2026-04-17 to 2026-08-04 (75 days),-1.0,60.4,0.3524,59.27,65.0,BEARISH,MEDIUM,Price at statistical extreme; Last surprise: +12.0%; Earnings conf adj: +1,5.32,-1.0,1.0,83,2026-10-27,11.96,1
2026-08-05T12:54:14,2026-08-05,CNH,HOLD,0,Composite Multi-Indicator,HIGH,4,31.09,11.22,9.34,0.0,28.02,0.0,0.0,2026-10-27,0.61,1.01,100.0,51.82,18.36,-7.44,-10.4,83.0,1,2026-04-17 to 2026-08-04 (75 days),-1.0,57.4,0.4563,10.61,10.55,BULLISH,HIGH,Last surprise: +18.2%; Earnings conf adj: +1,4.11,-1.0,1.0,-2,2026-08-03,18.18,1
2026-08-05T12:55:41,2026-08-05,PK,HOLD,0,Momentum (Rate of Change),MEDIUM,2,31.08,15.0,4.23,0.0,8.46,0.0,0.0,2026-11-19,3.45,6.49,100.0,317.01,154.33,-14.98,-7.17,106.0,1,2026-04-17 to 2026-08-04 (75 days),-1.0,59.2,0.2439,14.09,11.37,BULLISH,MEDIUM,Earnings in 1d (2026-08-06); Last surprise: +37.5%; Earnings conf adj: -2,7.69,-1.0,1.0,1,2026-08-06,37.5,-2
2026-08-05T12:52:59,2026-08-05,PANW,HOLD,0,Stochastic Oscillator,HIGH,5,31.04,366.34,8.54,0.0,10.26,0.0,0.0,2026-08-11,3.1,58.01,100.0,165.13,57.68,-1268.93,-1.88,6.0,1,2026-04-17 to 2026-08-04 (75 days),-1.0,66.6,0.5318,309.55,215.81,BULLISH,HIGH,Last surprise: +6.2%; Earnings conf adj: +1,3.53,-1.0,1.0,27,2026-09-01,6.25,1
2026-08-05T12:54:00,2026-08-05,RGLD,HOLD,1,Momentum (Rate of Change),LOW,0,31.02,206.03,4.4,196.96,6.6,219.63,0.0,2026-08-17,0.48,0.83,100.0,31.01,4.71,63.6,-3.74,12.0,1,2026-04-17 to 2026-08-04 (75 days),-1.0,55.7,0.3362,204.82,228.37,BEARISH,MEDIUM,EARNINGS TODAY (2026-08-05); Last surprise: -1.1%; Earnings conf adj: -3,5.58,-1.0,1.0,0,2026-08-05,-1.09,-3
2026-08-05T12:53:22,2026-08-05,SYK,HOLD,0,VWAP Trend,HIGH,5,31.0,335.96,7.46,0.0,11.19,0.0,0.0,2026-08-14,1.18,1.77,66.7,2.33,39.35,45.62,-11.04,9.2,9,2026-04-17 to 2026-08-04 (75 days),-1.0,53.9,0.4962,317.63,341.27,BEARISH,HIGH,Last surprise: +5.7%; Earnings conf adj: +1,3.78,-1.0,1.0,85,2026-10-29,5.73,1
2026-08-05T12:54:46,2026-08-05,PB,BUY,1,Momentum (Rate of Change),HIGH,4,30.98,74.89,2.42,73.08,7.26,80.33,10.0,2026-10-11,2.03,2.96,100.0,94.03,35.3,6.16,-5.29,67.0,1,2026-04-17 to 2026-08-04 (75 days),0.365,61.4,0.1854,71.65,68.8,BULLISH,LOW,Last surprise: +4.5%; Size: Kelly 10.0% / VolTgt 10.0% / Blend 10.0%,10.0,-1.0,1.0,-7,2026-07-29,4.52,0
2026-08-05T12:52:02,2026-08-05,EXE,HOLD,-1,ADX Trend Following,LOW,1,30.96,93.07,4.24,97.02,6.36,87.15,0.0,2026-08-12,-0.07,-0.12,50.0,0.99,-2.39,5.17,-8.91,7.0,4,2026-04-17 to 2026-08-04 (75 days),-1.0,56.6,0.3105,90.18,101.68,BEARISH,MEDIUM,Last surprise: +18.7%; Earnings conf adj: +1,6.04,-1.0,1.0,83,2026-10-27,18.75,1
2026-08-05T12:55:21,2026-08-05,EXLS,BUY,1,PEAD Earnings Drift,HIGH,5,30.95,34.39,9.32,31.18,12.24,38.6,6.2,2026-08-09,1.97,13.72,100.0,12.56,3.63,-26.09,-0.2,4.0,1,2026-04-17 to 2026-08-04 (75 days),0.385,68.8,0.7774,28.63,33.92,BEARISH,HIGH,Strong trend (ADX=44); Last surprise: +7.3%; Earnings conf adj: +1; Size: Kelly 10.0% / VolTgt 2.4% / Blend 6.2%,2.41,-1.0,1.0,83,2026-10-27,7.27,1
2026-08-05T12:55:16,2026-08-05,OZK,HOLD,0,Composite Multi-Indicator,HIGH,4,30.89,52.22,3.26,0.0,9.78,0.0,0.0,2026-11-17,1.59,2.22,100.0,108.42,41.45,10.72,-6.58,104.0,1,2026-04-17 to 2026-08-04 (75 days),-1.0,59.4,0.2176,50.13,46.93,BULLISH,MEDIUM,Last surprise: +0.7%,8.62,-1.0,1.0,71,2026-10-15,0.68,0
2026-08-05T12:55:53,2026-08-05,ITT,HOLD,0,SMA Crossover (10/50),MEDIUM,2,30.88,204.65,4.32,0.0,6.82,0.0,0.0,2026-08-16,1.37,1.91,100.0,43.88,14.96,35.05,-4.12,11.0,1,2026-04-17 to 2026-08-04 (75 days),-1.0,62.5,0.261,193.37,191.02,BULLISH,MEDIUM,High volume; Price at statistical extreme; Earnings in 1d (2026-08-06); Last surprise: +13.8%; Earnings conf adj: -2,7.18,-1.0,1.0,1,2026-08-06,13.79,-2
2026-08-05T12:52:22,2026-08-05,IBKR,HOLD,0,Multi-Factor Momentum MR,HIGH,4,30.81,88.63,8.73,0.0,26.19,0.0,0.0,2026-10-20,0.72,1.16,100.0,57.83,20.67,-11.68,-11.45,76.0,1,2026-04-17 to 2026-08-04 (75 days),-1.0,45.5,0.4025,90.45,76.1,BULLISH,HIGH,Last surprise: +7.8%; Earnings conf adj: +1,4.66,-1.0,1.0,76,2026-10-20,7.81,1
2026-08-05T12:54:07,2026-08-05,TRU,HOLD,0,Stochastic Oscillator,HIGH,5,30.8,81.72,9.27,0.0,13.9,0.0,0.0,2026-09-19,1.63,2.35,100.0,142.57,53.69,37.06,-12.64,45.0,1,2026-04-17 to 2026-08-04 (75 days),-1.0,59.7,0.4789,73.42,76.28,BEARISH,HIGH,Last surprise: +7.0%; Earnings conf adj: +1,3.92,-1.0,1.0,78,2026-10-22,6.96,1
2026-08-05T12:52:27,2026-08-05,IT,EXIT,-1,VWAP Trend,MEDIUM,3,30.75,185.79,11.62,207.38,17.43,153.41,5.9,2026-08-18,1.56,3.4,50.0,2.02,124.97,38.07,-27.98,13.0,6,2026-04-17 to 2026-08-04 (75 days),-1.0,71.3,1.0384,146.0,183.36,BEARISH,HIGH,RSI overbought; High volume; Price at statistical extreme; Strong trend (ADX=36); Last surprise: +13.7%; Size: Kelly 10.0% / VolTgt 1.8% / Blend 5.9%,1.81,-1.0,1.0,90,2026-11-03,13.7,0
2026-08-05T12:52:55,2026-08-05,NWSA,HOLD,0,Stochastic Oscillator,LOW,1,30.69,28.59,4.28,0.0,6.42,0.0,0.0,2026-08-19,1.42,3.83,100.0,58.06,15.91,-22.09,-2.28,14.0,1,2026-04-17 to 2026-08-04 (75 days),-1.0,59.2,0.3244,26.74,25.74,BULLISH,MEDIUM,EARNINGS TODAY (2026-08-05); Last surprise: +5.0%; Earnings conf adj: -3,5.78,-1.0,1.0,0,2026-08-05,5.0,-3
2026-08-05T12:51:44,2026-08-05,CRM,HOLD,0,MACD Crossover,HIGH,4,30.66,190.99,9.42,0.0,14.13,0.0,0.0,2026-08-22,0.69,1.22,66.7,3.02,21.45,2.88,-23.12,17.3,3,2026-04-17 to 2026-08-04 (75 days),-1.0,63.9,0.5142,171.31,203.69,BEARISH,HIGH,Last surprise: +24.0%; Earnings conf adj: +1,3.65,-1.0,1.0,28,2026-09-02,23.96,1
2026-08-05T12:52:47,2026-08-05,MS,HOLD,0,PEAD Earnings Drift,HIGH,5,30.66,217.04,5.05,0.0,15.15,0.0,0.0,2026-10-30,2.71,4.55,100.0,203.92,87.39,20.65,-7.95,86.0,1,2026-04-17 to 2026-08-04 (75 days),-1.0,53.9,0.345,213.88,182.95,BULLISH,MEDIUM,Last surprise: +18.1%; Earnings conf adj: +1,5.43,-1.0,1.0,70,2026-10-14,18.09,1
2026-08-05T12:52:49,2026-08-05,MSI,BUY,1,Momentum (Rate of Change),LOW,1,30.64,442.85,3.61,426.86,5.42,466.85,7.0,2026-10-14,1.41,2.58,100.0,81.09,25.59,23.87,-5.97,70.0,1,2026-04-17 to 2026-08-04 (75 days),0.083,66.3,0.2365,413.16,414.03,BEARISH,MEDIUM,EARNINGS TODAY (2026-08-05); Last surprise: +3.7%; Earnings conf adj: -3; Size: Kelly 7.0% / VolTgt 7.0% / Blend 7.0%,7.0,-1.0,1.0,0,2026-08-05,3.69,-3
2026-08-05T12:53:49,2026-08-05,FTI,HOLD,0,Stochastic Oscillator,MEDIUM,3,30.64,70.02,5.48,0.0,8.22,0.0,0.0,2026-10-07,0.29,0.4,100.0,18.55,4.31,6.1,-12.98,63.0,1,2026-04-17 to 2026-08-04 (75 days),-1.0,46.8,0.3807,69.64,60.28,BULLISH,MEDIUM,Strong trend (ADX=33); Last surprise: +13.7%; Earnings conf adj: +1,4.93,-1.0,1.0,78,2026-10-22,13.75,1
2026-08-05T12:54:34,2026-08-05,ZION,HOLD,0,Composite Multi-Indicator,HIGH,5,30.63,71.77,3.48,0.0,10.44,0.0,0.0,2026-11-17,2.35,3.53,100.0,166.51,68.31,6.01,-6.8,104.0,1,2026-04-17 to 2026-08-04 (75 days),-1.0,60.4,0.2651,67.66,59.8,BULLISH,MEDIUM,Last surprise: +58.9%; Earnings conf adj: +1,7.07,-1.0,1.0,75,2026-10-19,58.85,1
2026-08-05T12:53:56,2026-08-05,EWBC,HOLD,0,Composite Multi-Indicator,HIGH,4,30.57,133.4,2.77,0.0,8.31,0.0,0.0,2026-09-21,1.59,2.93,100.0,57.43,20.51,-37.86,-4.59,47.0,1,2026-04-17 to 2026-08-04 (75 days),-1.0,60.3,0.2015,128.44,115.0,BULLISH,MEDIUM,Last surprise: +0.4%,9.31,-1.0,1.0,76,2026-10-20,0.38,0
2026-08-05T12:51:12,2026-08-05,AES,EXIT,-1,MACD Crossover,MEDIUM,3,30.55,14.68,1.5,14.9,1.23,14.5,10.0,2026-08-27,0.9,1.42,100.0,5.51,1.19,-12.85,-0.3,22.0,1,2026-04-17 to 2026-08-04 (75 days),-1.0,61.9,0.0333,14.55,14.17,BULLISH,LOW,Strong trend (ADX=33); Last surprise: +108.1%; Size: Kelly 10.0% / VolTgt 10.0% / Blend 10.0%,10.0,-1.0,1.0,91,2026-11-04,108.11,0
2026-08-05T12:51:40,2026-08-05,COF,BUY,1,ADX Trend Following,HIGH,5,30.54,221.91,3.91,213.23,5.87,234.94,7.6,2026-08-19,1.7,2.76,75.0,4.76,45.77,16.05,-7.05,14.2,4,2026-04-17 to 2026-08-04 (75 days),0.25,67.8,0.3602,198.37,206.33,BEARISH,MEDIUM,Price at statistical extreme; Last surprise: +23.9%; Earnings conf adj: +1; Size: Kelly 10.0% / VolTgt 5.2% / Blend 7.6%,5.21,-1.0,1.0,76,2026-10-20,23.88,1
2026-08-05T12:54:03,2026-08-05,TLN,HOLD,0,ADX Trend Following,LOW,0,30.51,340.0,12.0,0.0,17.09,0.0,0.0,2026-08-20,1.0,1.64,50.0,4.2,42.44,64.16,-23.27,15.0,4,2026-04-17 to 2026-08-04 (75 days),-1.0,42.3,0.5605,375.7,365.63,BULLISH,HIGH,Strong trend (ADX=33); EARNINGS TODAY (2026-08-05); Last surprise: +2.8%; Earnings conf adj: -3,3.35,-1.0,1.0,0,2026-08-05,2.82,-3
2026-08-05T12:55:00,2026-08-05,SLAB,HOLD,0,Stochastic Oscillator,LOW,0,30.5,218.39,1.5,0.0,0.86,0.0,0.0,2026-08-16,-0.84,-1.17,100.0,5.96,-1.04,-10.11,-1.1,11.0,1,2026-04-17 to 2026-08-04 (75 days),-1.0,56.3,0.033,218.22,183.9,BULLISH,LOW,EARNINGS TODAY (2026-08-05); Last surprise: +6.0%; Earnings conf adj: -3,7.0,-1.0,1.0,0,2026-08-05,6.0,-3
2026-08-05T12:53:58,2026-08-05,LSCC,BUY,1,VWAP Trend,HIGH,4,30.48,138.0,12.0,121.44,10.25,152.15,6.2,2026-08-07,1.19,2.06,66.7,1.99,41.59,-33.55,-10.8,2.8,9,2026-04-17 to 2026-08-04 (75 days),0.635,55.0,0.778,138.58,101.86,BULLISH,HIGH,High volume; Last surprise: +10.8%; Size: Kelly 10.0% / VolTgt 2.4% / Blend 6.2%,2.41,-1.0,1.0,89,2026-11-02,10.81,0
2026-08-05T12:54:35,2026-08-05,MOH,HOLD,0,PEAD Earnings Drift,HIGH,5,30.39,191.36,10.52,0.0,31.57,0.0,0.0,2026-10-30,2.11,3.97,100.0,236.25,105.05,-29.56,-12.07,86.0,1,2026-04-17 to 2026-08-04 (75 days),-1.0,32.9,0.4323,206.9,172.66,BULLISH,HIGH,Strong trend (ADX=41); Last surprise: +7.9%; Earnings conf adj: +1,4.34,-1.0,1.0,77,2026-10-21,7.86,1
2026-08-05T12:55:42,2026-08-05,VC,HOLD,0,Stochastic Oscillator,MEDIUM,3,30.38,105.4,5.79,0.0,8.69,0.0,0.0,2026-09-08,1.05,1.81,100.0,63.43,20.37,-6.27,-7.18,34.0,1,2026-04-17 to 2026-08-04 (75 days),-1.0,48.9,0.2984,110.19,102.27,BULLISH,MEDIUM,Last surprise: -12.8%; Earnings conf adj: -1,6.28,-1.0,1.0,78,2026-10-22,-12.79,-1
2026-08-05T12:54:56,2026-08-05,HXL,HOLD,0,PEAD Earnings Drift,HIGH,5,30.37,104.14,5.8,0.0,20.3,0.0,0.0,2026-10-30,1.8,3.1,100.0,156.41,60.62,-12.85,-12.15,86.0,1,2026-04-17 to 2026-08-04 (75 days),-1.0,53.1,0.2999,98.34,85.12,BULLISH,MEDIUM,Strong trend (ADX=36); Last surprise: +13.8%; Earnings conf adj: +1,6.25,-1.0,1.0,77,2026-10-21,13.79,1
2026-08-05T12:51:22,2026-08-05,AWK,HOLD,0,Composite Multi-Indicator,HIGH,4,30.36,134.01,4.34,0.0,6.51,0.0,0.0,2026-09-17,1.42,2.45,100.0,71.77,26.17,17.21,-5.59,43.0,1,2026-04-17 to 2026-08-04 (75 days),-1.0,52.4,0.2639,129.59,130.14,BEARISH,MEDIUM,Last surprise: +3.9%,7.1,-1.0,1.0,84,2026-10-28,3.87,0
2026-08-05T12:53:21,2026-08-05,SYF,HOLD,0,Composite Multi-Indicator,HIGH,4,30.34,79.08,5.79,0.0,8.69,0.0,0.0,2026-11-15,0.55,0.74,100.0,39.64,13.76,9.07,-13.22,102.0,1,2026-04-17 to 2026-08-04 (75 days),-1.0,61.3,0.4786,73.88,74.1,BEARISH,HIGH,Strong trend (ADX=32); Last surprise: +21.6%; Earnings conf adj: +1,3.92,-1.0,1.0,70,2026-10-14,21.6,1
2026-08-05T12:52:00,2026-08-05,EQT,HOLD,0,EMA Crossover (9/21),MEDIUM,3,30.32,52.77,4.18,0.0,6.27,0.0,0.0,2026-08-13,0.87,1.41,100.0,13.81,4.41,33.25,-1.57,8.0,1,2026-04-17 to 2026-08-04 (75 days),-1.0,53.7,0.3714,52.34,56.18,BEARISH,MEDIUM,Last surprise: -2.5%,5.05,-1.0,1.0,76,2026-10-20,-2.5,0
2026-08-05T12:52:02,2026-08-05,EXPD,HOLD,0,Stochastic Oscillator,HIGH,4,30.31,181.48,3.9,0.0,2.67,0.0,0.0,2026-08-06,1.4,22.79,100.0,62.84,16.93,-90.19,-1.49,1.0,1,2026-04-17 to 2026-08-04 (75 days),-1.0,65.0,0.3397,167.06,151.35,BULLISH,MEDIUM,High volume; Strong trend (ADX=34); Last surprise: +27.6%,5.52,-1.0,1.0,90,2026-11-03,27.61,0
2026-08-05T12:54:05,2026-08-05,LAMR,BUY,1,52-Week High Momentum,MEDIUM,2,30.29,158.91,3.3,153.67,6.6,169.4,8.95,2026-11-19,2.49,4.15,100.0,186.85,78.5,-1.85,-7.85,106.0,1,2026-04-17 to 2026-08-04 (75 days),0.48,51.3,0.2375,155.31,135.04,BULLISH,MEDIUM,Earnings in 1d (2026-08-06); Last surprise: +4.8%; Earnings conf adj: -2; Size: Kelly 10.0% / VolTgt 7.9% / Blend 8.9%,7.9,-1.0,1.0,1,2026-08-06,4.76,-2
2026-08-05T12:54:14,2026-08-05,ALLY,HOLD,0,ADX Trend Following,HIGH,4,30.26,44.99,4.13,0.0,7.64,0.0,0.0,2026-08-18,2.02,3.32,100.0,126.25,49.67,47.77,-5.86,13.0,4,2026-04-17 to 2026-08-04 (75 days),-1.0,54.4,0.2692,44.12,41.82,BULLISH,MEDIUM,Strong trend (ADX=32); Last surprise: -0.8%,6.96,-1.0,1.0,72,2026-10-16,-0.82,0
2026-08-05T12:54:34,2026-08-05,ENSG,HOLD,0,EMA Crossover (9/21),HIGH,4,30.24,176.13,4.51,0.0,6.76,0.0,0.0,2026-09-03,1.38,3.34,100.0,54.75,19.47,54.63,-3.92,29.0,1,2026-04-17 to 2026-08-04 (75 days),-1.0,56.4,0.2499,166.4,182.68,BEARISH,MEDIUM,Last surprise: +3.8%,7.5,-1.0,1.0,-9,2026-07-27,3.78,0
2026-08-05T12:55:33,2026-08-05,MAT,HOLD,0,Stochastic Oscillator,MEDIUM,3,30.17,14.86,4.57,0.0,6.86,0.0,0.0,2026-09-25,0.75,1.3,100.0,48.69,15.96,23.17,-11.16,51.0,1,2026-04-17 to 2026-08-04 (75 days),-1.0,56.9,0.3519,14.26,17.0,BEARISH,MEDIUM,Strong trend (ADX=43); Last surprise: +4.8%,5.33,-1.0,1.0,83,2026-10-27,4.76,0
2026-08-05T12:51:21,2026-08-05,ATO,HOLD,0,ADX Trend Following,LOW,0,30.06,172.65,2.32,0.0,3.48,0.0,0.0,2026-08-15,0.82,1.37,75.0,2.01,9.81,31.48,-3.85,10.2,4,2026-04-17 to 2026-08-04 (75 days),-1.0,42.7,0.1822,173.61,175.03,BEARISH,LOW,EARNINGS TODAY (2026-08-05); Last surprise: +1.8%; Earnings conf adj: -3,7.0,-1.0,1.0,0,2026-08-05,1.76,-3
2026-08-05T12:56:07,2026-08-05,XLV,HOLD,0,52-Week High Momentum,HIGH,4,30.02,162.1,2.16,0.0,6.48,0.0,0.0,2026-10-04,1.13,1.99,100.0,63.08,16.2,-19.67,-4.01,60.0,1,2026-04-17 to 2026-08-04 (75 days),-1.0,54.0,0.1806,156.66,151.59,BULLISH,LOW,High volume,10.0,-1.0,1.0,-1,,,0
2026-08-05T12:52:07,2026-08-05,FIX,EXIT,-1,52-Week High Momentum,HIGH,4,30.0,1775.86,12.0,1988.96,21.9,1386.95,6.41,2026-08-22,0.82,1.18,100.0,106.26,24.55,-3.94,-14.4,17.5,2,2026-04-17 to 2026-08-04 (75 days),-1.0,51.3,0.6649,1815.18,1406.81,BULLISH,HIGH,Last surprise: +19.8%; Earnings conf adj: +1; Size: Kelly 10.0% / VolTgt 2.8% / Blend 6.4%,2.82,-1.0,1.0,78,2026-10-22,19.79,1
2026-08-05T12:54:28,2026-08-05,KNX,HOLD,0,Stochastic Oscillator,HIGH,4,29.99,71.62,6.15,0.0,6.84,0.0,0.0,2026-08-10,0.52,1.53,100.0,25.07,4.45,-40.25,-3.15,5.0,1,2026-04-17 to 2026-08-04 (75 days),-1.0,45.8,0.3885,75.41,60.25,BULLISH,MEDIUM,Strong trend (ADX=36); Last surprise: +23.5%; Earnings conf adj: +1,4.83,-1.0,1.0,77,2026-10-21,23.53,1
2026-08-05T12:54:04,2026-08-05,CDE,HOLD,0,Stochastic Oscillator,LOW,1,29.97,16.21,11.11,0.0,16.66,0.0,0.0,2026-09-08,1.17,1.91,100.0,149.06,61.73,115.69,-24.64,34.0,2,2026-04-17 to 2026-08-04 (75 days),-1.0,53.6,0.636,16.5,18.61,BEARISH,HIGH,EARNINGS TODAY (2026-08-05); Last surprise: +0.0%; Earnings conf adj: -3,2.95,-1.0,1.0,0,2026-08-05,0.0,-3
2026-08-05T12:55:57,2026-08-05,RYN,HOLD,0,ADX Trend Following,LOW,0,29.97,21.93,4.1,0.0,6.15,0.0,0.0,2026-08-19,0.26,0.47,100.0,9.29,2.5,-12.23,-4.27,14.0,1,2026-04-17 to 2026-08-04 (75 days),-1.0,55.1,0.284,21.24,21.25,BEARISH,MEDIUM,High volume; EARNINGS TODAY (2026-08-05); Last surprise: +133.3%; Earnings conf adj: -3,6.6,-1.0,1.0,0,2026-08-05,133.33,-3
2026-08-05T12:53:01,2026-08-05,PFG,BUY,1,ADX Trend Following,HIGH,5,29.94,115.25,3.48,111.24,5.82,121.96,9.52,2026-08-17,1.22,1.65,66.7,11.4,18.05,-72.24,-6.16,12.7,3,2026-04-17 to 2026-08-04 (75 days),0.575,62.2,0.2074,109.29,94.22,BULLISH,MEDIUM,Last surprise: +7.3%; Earnings conf adj: +1; Size: Kelly 10.0% / VolTgt 9.0% / Blend 9.5%,9.04,-1.0,1.0,82,2026-10-26,7.3,1
2026-08-05T12:51:41,2026-08-05,COO,BUY,1,Momentum (Rate of Change),HIGH,5,29.92,74.69,3.39,72.16,5.08,78.48,8.02,2026-10-01,1.61,2.64,100.0,117.28,38.57,14.22,-7.67,57.0,1,2026-04-17 to 2026-08-04 (75 days),0.806,64.6,0.3106,68.54,73.13,BEARISH,MEDIUM,Price at statistical extreme; Last surprise: +11.0%; Earnings conf adj: +1; Size: Kelly 10.0% / VolTgt 6.0% / Blend 8.0%,6.04,-1.0,1.0,35,2026-09-09,11.01,1
2026-08-05T12:54:15,2026-08-05,ELS,HOLD,0,Composite Multi-Indicator,HIGH,4,29.92,64.91,3.7,0.0,11.1,0.0,0.0,2026-11-17,0.76,1.17,100.0,41.26,14.35,13.96,-4.38,104.0,1,2026-04-17 to 2026-08-04 (75 days),-1.0,49.9,0.2607,63.76,62.63,BULLISH,MEDIUM,Last surprise: +9.1%; Earnings conf adj: +1,7.19,-1.0,1.0,77,2026-10-21,9.09,1
2026-08-05T12:54:03,2026-08-05,CLH,HOLD,0,SMA Crossover (10/50),HIGH,5,29.89,310.61,4.5,0.0,13.5,0.0,0.0,2026-09-07,1.34,3.18,100.0,65.66,23.31,11.64,-4.92,33.0,1,2026-04-17 to 2026-08-04 (75 days),-1.0,55.2,0.32,296.39,271.82,BULLISH,MEDIUM,Last surprise: +14.2%; Earnings conf adj: +1,5.86,-1.0,1.0,-7,2026-07-29,14.18,1
2026-08-05T12:54:51,2026-08-05,RGEN,HOLD,0,EMA Crossover (9/21),HIGH,5,29.76,149.78,11.81,0.0,17.71,0.0,0.0,2026-08-27,1.28,2.15,66.7,2.96,58.21,1.26,-11.77,22.3,3,2026-04-17 to 2026-08-04 (75 days),-1.0,59.8,0.5665,135.11,139.75,BEARISH,HIGH,Strong trend (ADX=36); Last surprise: +20.0%; Earnings conf adj: +1,3.31,-1.0,1.0,-8,2026-07-28,20.0,1
2026-08-05T12:55:07,2026-08-05,CLF,HOLD,0,Stochastic Oscillator,HIGH,5,29.74,12.31,12.0,0.0,18.0,0.0,0.0,2026-09-07,1.23,2.74,100.0,142.72,53.18,-53.96,-10.38,33.0,1,2026-04-17 to 2026-08-04 (75 days),-1.0,62.7,0.809,11.43,11.45,BEARISH,HIGH,Strong trend (ADX=33); Last surprise: +9.1%; Earnings conf adj: +1,2.32,-1.0,1.0,75,2026-10-19,9.09,1
2026-08-05T12:53:53,2026-08-05,ROKU,BUY,1,52-Week High Momentum,LOW,1,29.72,147.33,1.5,145.12,3.0,151.75,7.0,2026-09-25,0.71,1.09,100.0,51.3,17.47,-107.01,-13.53,51.0,2,2026-04-17 to 2026-08-04 (75 days),0.413,68.9,0.1136,136.71,111.69,BULLISH,LOW,Strong trend (ADX=39); Earnings in 1d (2026-08-06); Last surprise: +62.9%; Earnings conf adj: -2; Size: Kelly 7.0% / VolTgt 7.0% / Blend 7.0%,7.0,-1.0,1.0,1,2026-08-06,62.86,-2
2026-08-05T12:54:17,2026-08-05,ELAN,EXIT,-1,PEAD Earnings Drift,LOW,1,29.67,25.6,5.11,26.91,7.67,23.64,7.0,2026-10-29,1.7,2.47,100.0,177.64,73.82,43.41,-9.17,85.0,1,2026-04-17 to 2026-08-04 (75 days),-1.0,53.9,0.2411,24.58,23.51,BULLISH,MEDIUM,EARNINGS TODAY (2026-08-05); Last surprise: +17.6%; Earnings conf adj: -3; Size: Kelly 7.0% / VolTgt 7.0% / Blend 7.0%,7.0,-1.0,1.0,0,2026-08-05,17.65,-3
2026-08-05T12:54:15,2026-08-05,GWRE,HOLD,0,Donchian Breakout (20/55),HIGH,5,29.64,160.31,11.42,0.0,11.84,0.0,0.0,2026-08-10,2.01,9.75,100.0,45.34,15.89,-41.35,-0.93,5.0,1,2026-04-17 to 2026-08-04 (75 days),-1.0,61.9,0.6725,136.09,162.92,BEARISH,HIGH,Strong trend (ADX=31); Last surprise: +10.8%; Earnings conf adj: +1,2.79,-1.0,1.0,29,2026-09-03,10.81,1
2026-08-05T12:51:32,2026-08-05,CB,HOLD,0,SMA Crossover (10/50),HIGH,5,29.6,348.3,3.56,0.0,10.68,0.0,0.0,2026-09-21,1.37,2.14,100.0,75.99,27.43,7.01,-6.57,47.0,1,2026-04-17 to 2026-08-04 (75 days),-1.0,49.9,0.2976,338.24,317.96,BULLISH,MEDIUM,Last surprise: +7.6%; Earnings conf adj: +1,6.3,-1.0,1.0,83,2026-10-27,7.56,1
2026-08-05T12:52:22,2026-08-05,HWM,HOLD,0,Composite Multi-Indicator,MEDIUM,3,29.59,288.2,4.64,0.0,9.28,0.0,0.0,2026-09-13,1.53,2.19,100.0,70.89,25.39,-25.15,-5.69,39.0,1,2026-04-17 to 2026-08-04 (75 days),-1.0,60.1,0.2806,270.4,237.12,BULLISH,MEDIUM,Earnings in 1d (2026-08-06); Last surprise: +9.9%; Earnings conf adj: -1,6.68,-1.0,1.0,1,2026-08-06,9.91,-1
2026-08-05T12:55:02,2026-08-05,FNB,HOLD,0,Composite Multi-Indicator,HIGH,4,29.49,19.38,3.07,0.0,9.21,0.0,0.0,2026-09-17,1.39,2.07,100.0,54.56,19.4,-14.02,-5.25,43.0,1,2026-04-17 to 2026-08-04 (75 days),-1.0,59.1,0.2137,18.53,17.25,BULLISH,MEDIUM,Last surprise: +0.0%,8.77,-1.0,1.0,71,2026-10-15,0.0,0
2026-08-05T12:54:30,2026-08-05,WTFC,HOLD,0,Composite Multi-Indicator,HIGH,4,29.48,162.97,3.07,0.0,9.21,0.0,0.0,2026-11-16,1.49,2.34,100.0,85.57,31.78,-8.3,-5.47,103.0,1,2026-04-17 to 2026-08-04 (75 days),-1.0,58.1,0.2077,157.75,144.98,BULLISH,MEDIUM,Last surprise: +4.1%,9.03,-1.0,1.0,75,2026-10-19,4.13,0
2026-08-05T12:52:50,2026-08-05,NDAQ,HOLD,0,EMA Crossover (9/21),HIGH,5,29.47,93.62,3.97,0.0,5.96,0.0,0.0,2026-08-27,1.22,2.3,100.0,48.43,16.66,-5.42,-4.25,22.0,1,2026-04-17 to 2026-08-04 (75 days),-1.0,58.6,0.304,88.14,88.82,BEARISH,MEDIUM,Strong trend (ADX=41); Last surprise: +9.2%; Earnings conf adj: +1,6.17,-1.0,1.0,78,2026-10-22,9.18,1
2026-08-05T12:52:40,2026-08-05,LYV,HOLD,0,Composite Multi-Indicator,HIGH,5,29.46,183.7,4.09,0.0,12.27,0.0,0.0,2026-10-19,1.69,2.6,100.0,105.76,40.31,-32.05,-6.68,75.0,1,2026-04-17 to 2026-08-04 (75 days),-1.0,56.7,0.3019,175.18,156.38,BULLISH,MEDIUM,Last surprise: +84.2%; Earnings conf adj: +1,6.21,-1.0,1.0,-6,2026-07-30,84.21,1
2026-08-05T12:55:23,2026-08-05,GHC,HOLD,0,Composite Multi-Indicator,HIGH,5,29.39,1210.26,4.89,0.0,12.13,0.0,0.0,2026-09-23,1.21,1.92,100.0,56.59,20.18,1.57,-4.9,49.0,1,2026-04-17 to 2026-08-04 (75 days),-1.0,58.7,0.2201,1154.69,1106.5,BULLISH,MEDIUM,Last surprise: +31.2%; Earnings conf adj: +1,8.52,-1.0,1.0,84,2026-10-28,31.22,1
2026-08-05T12:55:50,2026-08-05,FHN,HOLD,0,Composite Multi-Indicator,HIGH,4,29.35,26.09,2.97,0.0,8.91,0.0,0.0,2026-11-19,1.05,1.52,100.0,58.65,20.99,-9.57,-6.54,106.0,1,2026-04-17 to 2026-08-04 (75 days),-1.0,59.0,0.2135,25.1,23.58,BULLISH,MEDIUM,Last surprise: +3.8%,8.78,-1.0,1.0,70,2026-10-14,3.85,0
2026-08-05T12:54:14,2026-08-05,RNR,HOLD,0,EMA Crossover (9/21),HIGH,5,29.25,321.75,4.41,0.0,13.23,0.0,0.0,2026-09-23,1.19,1.79,100.0,69.32,24.76,17.01,-5.69,49.0,1,2026-04-17 to 2026-08-04 (75 days),-1.0,52.7,0.3256,307.97,289.52,BULLISH,MEDIUM,Last surprise: +10.0%; Earnings conf adj: +1,5.76,-1.0,1.0,-14,2026-07-22,9.96,1
2026-08-05T12:55:48,2026-08-05,DAR,HOLD,0,Stochastic Oscillator,MEDIUM,3,29.23,60.15,4.98,0.0,7.47,0.0,0.0,2026-09-17,0.42,0.72,100.0,27.14,6.25,-7.28,-14.7,43.0,1,2026-04-17 to 2026-08-04 (75 days),-1.0,50.2,0.3542,58.7,49.93,BULLISH,MEDIUM,Last surprise: +68.2%; Earnings conf adj: +1,5.29,-1.0,1.0,85,2026-10-29,68.24,1
2026-08-05T12:53:50,2026-08-05,OKTA,HOLD,0,Stochastic Oscillator,HIGH,5,29.21,147.82,9.2,0.0,12.69,0.0,0.0,2026-08-13,2.23,11.96,100.0,74.6,23.47,-1021.32,-1.87,8.0,1,2026-04-17 to 2026-08-04 (75 days),-1.0,62.3,0.5696,129.78,94.55,BULLISH,HIGH,Last surprise: +7.1%; Earnings conf adj: +1,3.29,-1.0,1.0,21,2026-08-26,7.06,1
2026-08-05T12:54:00,2026-08-05,NLY,HOLD,0,SMA Crossover (10/50),HIGH,5,29.14,22.75,2.35,0.0,7.05,0.0,0.0,2026-09-14,1.17,1.99,100.0,41.19,13.94,2.9,-4.74,40.0,1,2026-04-17 to 2026-08-04 (75 days),-1.0,53.4,0.1911,21.97,21.15,BULLISH,LOW,Last surprise: +5.3%; Earnings conf adj: +1,9.81,-1.0,1.0,77,2026-10-21,5.33,1
2026-08-05T12:55:25,2026-08-05,VVV,BUY,1,PEAD Earnings Drift,LOW,1,29.14,39.28,4.35,37.57,6.52,41.84,7.0,2026-10-12,2.2,3.53,100.0,148.21,57.87,3.23,-6.29,68.0,1,2026-04-17 to 2026-08-04 (75 days),0.913,53.9,0.2551,37.79,34.35,BULLISH,MEDIUM,EARNINGS TODAY (2026-08-05); Last surprise: +20.6%; Earnings conf adj: -3; Size: Kelly 7.0% / VolTgt 7.0% / Blend 7.0%,7.0,-1.0,1.0,0,2026-08-05,20.59,-3
2026-08-05T12:52:00,2026-08-05,ES,HOLD,0,Composite Multi-Indicator,HIGH,4,29.12,72.7,2.81,0.0,8.43,0.0,0.0,2026-10-08,1.73,2.65,100.0,90.43,33.8,10.96,-5.04,64.0,1,2026-04-17 to 2026-08-04 (75 days),-1.0,47.4,0.1908,71.85,69.3,BULLISH,LOW,Last surprise: +0.0%,9.83,-1.0,1.0,-6,2026-07-30,0.0,0
2026-08-05T12:54:52,2026-08-05,PBF,HOLD,0,Stochastic Oscillator,HIGH,5,29.12,65.89,12.0,0.0,18.0,0.0,0.0,2026-08-14,3.15,16.56,100.0,221.7,89.76,-529.76,-1.96,9.0,1,2026-04-17 to 2026-08-04 (75 days),-1.0,61.0,0.8218,50.17,39.82,BULLISH,HIGH,Strong trend (ADX=46); Last surprise: +51.0%; Earnings conf adj: +1,2.28,-1.0,1.0,85,2026-10-29,50.97,1
2026-08-05T12:53:47,2026-08-05,ZBH,HOLD,0,Composite Multi-Indicator,LOW,1,29.02,95.81,4.61,0.0,6.92,0.0,0.0,2026-09-17,1.43,2.23,100.0,102.05,38.7,34.01,-9.59,43.0,1,2026-04-17 to 2026-08-04 (75 days),-1.0,58.7,0.3644,89.05,90.67,BEARISH,MEDIUM,High volume; EARNINGS TODAY (2026-08-05); Last surprise: +12.4%; Earnings conf adj: -3,5.14,-1.0,1.0,0,2026-08-05,12.37,-3
2026-08-05T12:54:13,2026-08-05,TXRH,HOLD,0,Composite Multi-Indicator,MEDIUM,2,28.99,208.24,3.82,0.0,9.55,0.0,0.0,2026-09-10,2.31,4.18,100.0,138.12,54.78,-69.01,-7.58,36.0,1,2026-04-17 to 2026-08-04 (75 days),-1.0,65.3,0.3095,185.56,174.91,BULLISH,MEDIUM,Strong trend (ADX=43); Earnings in 1d (2026-08-06); Last surprise: +3.9%; Earnings conf adj: -2,6.06,-1.0,1.0,1,2026-08-06,3.89,-2
2026-08-05T12:54:13,2026-08-05,DTM,HOLD,0,MACD Crossover,MEDIUM,2,28.87,134.85,4.17,0.0,6.25,0.0,0.0,2026-08-17,0.76,1.4,75.0,6.57,12.11,8.39,-7.54,12.0,4,2026-04-17 to 2026-08-04 (75 days),-1.0,34.9,0.2292,143.12,130.15,BULLISH,MEDIUM,Strong trend (ADX=43); Last surprise: -5.2%; Earnings conf adj: -1,8.18,-1.0,1.0,85,2026-10-29,-5.22,-1
2026-08-05T12:55:06,2026-08-05,GATX,HOLD,0,SMA Crossover (10/50),HIGH,4,28.84,181.79,4.58,0.0,6.96,0.0,0.0,2026-08-23,0.77,1.06,100.0,17.55,5.38,30.31,-3.73,18.0,1,2026-04-17 to 2026-08-04 (75 days),-1.0,53.8,0.2084,176.27,175.04,BULLISH,MEDIUM,Last surprise: +15.4%; Earnings conf adj: +1,9.0,-1.0,1.0,76,2026-10-20,15.45,1
2026-08-05T12:52:37,2026-08-05,LOW,HOLD,0,Composite Multi-Indicator,MEDIUM,3,28.78,218.08,4.35,0.0,6.52,0.0,0.0,2026-08-31,0.67,1.05,100.0,29.18,9.91,46.23,-6.01,26.0,1,2026-04-17 to 2026-08-04 (75 days),-1.0,55.9,0.3438,213.23,236.51,BEARISH,MEDIUM,Last surprise: +2.0%,5.45,-1.0,1.0,14,2026-08-19,2.02,0
2026-08-05T12:52:12,2026-08-05,GILD,HOLD,0,SMA Crossover (10/50),HIGH,5,28.7,135.25,4.28,0.0,6.42,0.0,0.0,2026-08-30,1.1,2.08,100.0,40.75,14.18,17.85,-5.13,25.0,1,2026-04-17 to 2026-08-04 (75 days),-1.0,58.0,0.289,129.59,130.67,BEARISH,MEDIUM,High volume; Last surprise: +6.3%; Earnings conf adj: +1,6.49,-1.0,1.0,85,2026-10-29,6.28,1
2026-08-05T12:56:04,2026-08-05,USO,HOLD,0,Stochastic Oscillator,MEDIUM,3,28.69,115.78,10.73,0.0,16.09,0.0,0.0,2026-09-05,0.97,1.73,100.0,72.53,23.92,24.68,-10.92,31.0,1,2026-04-17 to 2026-08-04 (75 days),-1.0,43.7,0.693,122.32,100.71,BULLISH,HIGH,No special conditions,2.71,-1.0,1.0,-1,,,0
2026-08-05T12:51:52,2026-08-05,DOC,HOLD,0,52-Week High Momentum,HIGH,4,28.6,21.62,2.69,0.0,9.41,0.0,0.0,2026-11-02,1.69,2.74,100.0,115.05,39.04,-82.55,-5.77,89.0,1,2026-04-17 to 2026-08-04 (75 days),-1.0,48.7,0.1891,20.95,17.83,BULLISH,LOW,Strong trend (ADX=36); Last surprise: +366.7%,9.92,-1.0,1.0,78,2026-10-22,366.67,0
2026-08-05T12:54:46,2026-08-05,NNN,BUY,1,52-Week High Momentum,LOW,1,28.58,47.17,2.27,46.1,4.54,49.31,7.0,2026-11-19,1.36,2.19,100.0,73.12,26.7,-0.58,-4.59,106.0,1,2026-04-17 to 2026-08-04 (75 days),0.365,49.2,0.1887,46.12,42.36,BULLISH,LOW,Strong trend (ADX=30); EARNINGS TODAY (2026-08-05); Last surprise: -3.9%; Earnings conf adj: -3; Size: Kelly 7.0% / VolTgt 7.0% / Blend 7.0%,7.0,-1.0,1.0,0,2026-08-05,-3.92,-3
2026-08-05T12:52:53,2026-08-05,NTAP,EXIT,-1,Stochastic Oscillator,HIGH,5,28.55,190.46,7.09,203.96,10.63,170.21,6.96,2026-08-21,1.7,5.3,100.0,87.14,27.13,-652.35,-4.56,16.0,1,2026-04-17 to 2026-08-04 (75 days),-1.0,72.6,0.477,163.76,120.87,BULLISH,HIGH,RSI overbought; Price at statistical extreme; Strong trend (ADX=41); Last surprise: +7.0%; Earnings conf adj: +1; Size: Kelly 10.0% / VolTgt 3.9% / Blend 7.0%,3.93,-1.0,1.0,28,2026-09-02,7.05,1
2026-08-05T12:51:50,2026-08-05,DGX,HOLD,0,ADX Trend Following,HIGH,5,28.53,233.72,4.82,0.0,16.08,0.0,0.0,2026-09-04,1.61,2.86,66.7,3.83,35.9,-51.91,-6.22,30.7,3,2026-04-17 to 2026-08-04 (75 days),-1.0,71.4,0.3685,207.99,193.09,BULLISH,MEDIUM,RSI overbought; Strong trend (ADX=44); Last surprise: +10.6%; Earnings conf adj: +1,5.09,-1.0,1.0,76,2026-10-20,10.64,1
2026-08-05T12:52:36,2026-08-05,LLY,EXIT,-1,PEAD Earnings Drift,LOW,1,28.51,1115.68,4.89,1170.24,7.33,1033.9,6.76,2026-11-14,2.26,4.23,100.0,256.7,114.6,25.59,-7.63,101.0,1,2026-04-17 to 2026-08-04 (75 days),-1.0,40.2,0.2878,1150.85,1025.73,BULLISH,MEDIUM,EARNINGS TODAY (2026-08-05); Last surprise: +25.9%; Earnings conf adj: -3; Size: Kelly 7.0% / VolTgt 6.5% / Blend 6.8%,6.52,-1.0,1.0,0,2026-08-05,25.92,-3
2026-08-05T12:52:31,2026-08-05,KIM,HOLD,0,Composite Multi-Indicator,HIGH,4,28.47,25.01,2.96,0.0,8.88,0.0,0.0,2026-10-08,1.4,2.35,100.0,68.53,24.86,8.61,-5.91,64.0,1,2026-04-17 to 2026-08-04 (75 days),-1.0,42.5,0.2005,25.11,22.35,BULLISH,MEDIUM,High volume; Last surprise: +5.0%,9.35,-1.0,1.0,85,2026-10-29,5.0,0
2026-08-05T12:51:37,2026-08-05,CL,HOLD,0,Composite Multi-Indicator,HIGH,4,28.44,92.53,4.29,0.0,12.87,0.0,0.0,2026-09-17,1.03,1.62,100.0,48.51,17.1,-17.53,-4.98,43.0,1,2026-04-17 to 2026-08-04 (75 days),-1.0,53.5,0.2657,90.52,85.23,BULLISH,MEDIUM,Last surprise: +4.2%,7.06,-1.0,1.0,86,2026-10-30,4.21,0
2026-08-05T12:52:53,2026-08-05,NRG,HOLD,0,Stochastic Oscillator,LOW,0,28.44,117.04,12.0,0.0,18.0,0.0,0.0,2026-09-10,-0.11,-0.16,50.0,0.56,-11.76,58.21,-24.43,36.0,2,2026-04-17 to 2026-08-04 (75 days),-1.0,36.7,0.7641,134.85,151.63,BEARISH,HIGH,High volume; Price at statistical extreme; Last surprise: -13.9%,2.45,-1.0,1.0,-1,2026-08-04,-13.87,0
2026-08-05T12:52:14,2026-08-05,GOOGL,HOLD,-1,VWAP Trend,LOW,1,28.35,377.65,7.34,405.37,6.46,353.25,0.0,2026-08-07,0.26,0.44,50.0,1.3,2.9,-38.0,-7.47,2.8,8,2026-04-17 to 2026-08-04 (75 days),-1.0,62.6,0.4903,358.18,327.25,BULLISH,HIGH,Last surprise: +214.1%; Earnings conf adj: +1,3.82,-1.0,1.0,84,2026-10-28,214.14,1
2026-08-05T12:54:41,2026-08-05,RRC,HOLD,0,Donchian Breakout (20/55),HIGH,4,28.35,39.71,4.25,0.0,6.38,0.0,0.0,2026-08-17,0.63,1.09,100.0,20.61,6.45,21.1,-2.8,12.0,1,2026-04-17 to 2026-08-04 (75 days),-1.0,58.6,0.3097,38.05,38.69,BEARISH,MEDIUM,Strong trend (ADX=40); Last surprise: +21.5%; Earnings conf adj: +1,6.05,-1.0,1.0,83,2026-10-27,21.54,1
2026-08-05T12:54:57,2026-08-05,AAON,HOLD,0,VWAP Trend,HIGH,5,28.35,95.55,12.0,0.0,5.81,0.0,0.0,2026-08-06,1.87,7.71,60.0,4.86,173.08,167.02,-7.82,1.5,10,2026-04-17 to 2026-08-04 (75 days),-1.0,38.5,0.6027,119.88,100.42,BULLISH,HIGH,Strong trend (ADX=48); Earnings in 5d (2026-08-10); Last surprise: +65.5%; Earnings conf adj: +1,3.11,-1.0,1.0,5,2026-08-10,65.52,1
2026-08-05T12:53:59,2026-08-05,PFGC,BUY,1,52-Week High Momentum,MEDIUM,3,28.34,112.41,3.9,108.03,7.8,121.18,8.68,2026-09-27,0.92,1.4,100.0,79.14,14.61,-72.63,-5.35,53.0,1,2026-04-17 to 2026-08-04 (75 days),0.19,53.1,0.2546,106.94,96.24,BULLISH,MEDIUM,Last surprise: +2.6%; Size: Kelly 10.0% / VolTgt 7.4% / Blend 8.7%,7.36,-1.0,1.0,7,2026-08-12,2.56,0
2026-08-05T12:51:50,2026-08-05,DHR,HOLD,0,Composite Multi-Indicator,MEDIUM,3,28.22,194.78,9.06,0.0,13.59,0.0,0.0,2026-11-18,0.2,0.28,100.0,2.31,0.44,-0.32,-16.86,105.0,1,2026-04-17 to 2026-08-04 (75 days),-1.0,51.7,0.5298,188.46,202.91,BEARISH,HIGH,Last surprise: +5.4%; Earnings conf adj: +1,3.54,-1.0,1.0,76,2026-10-20,5.43,1
2026-08-05T12:54:29,2026-08-05,WTRG,HOLD,0,SMA Crossover (10/50),MEDIUM,3,28.2,39.56,4.18,0.0,6.27,0.0,0.0,2026-09-08,0.91,1.68,100.0,39.23,13.22,4.91,-4.74,34.0,1,2026-04-17 to 2026-08-04 (75 days),-1.0,53.4,0.2489,38.24,38.52,BEARISH,MEDIUM,Last surprise: -4.6%,7.53,-1.0,1.0,91,2026-11-04,-4.6,0
2026-08-05T12:55:29,2026-08-05,EPR,HOLD,0,52-Week High Momentum,HIGH,5,28.17,61.22,3.51,0.0,12.29,0.0,0.0,2026-10-29,1.16,1.86,100.0,57.13,20.4,-19.24,-4.56,85.0,1,2026-04-17 to 2026-08-04 (75 days),-1.0,51.7,0.2018,59.22,53.89,BULLISH,MEDIUM,Strong trend (ADX=39); Last surprise: +5.3%; Earnings conf adj: +1,9.29,-1.0,1.0,84,2026-10-28,5.26,1
2026-08-05T12:55:35,2026-08-05,THO,HOLD,0,Composite Multi-Indicator,MEDIUM,3,28.13,79.94,5.66,0.0,8.49,0.0,0.0,2026-11-04,0.81,1.11,100.0,68.87,25.02,25.24,-10.46,91.0,1,2026-04-17 to 2026-08-04 (75 days),-1.0,58.9,0.3958,75.88,90.45,BEARISH,MEDIUM,Last surprise: -3.6%,4.74,-1.0,1.0,49,2026-09-23,-3.63,0
2026-08-05T12:53:42,2026-08-05,WFC,HOLD,0,Composite Multi-Indicator,HIGH,5,28.02,88.39,3.37,0.0,5.05,0.0,0.0,2026-11-19,1.2,1.79,100.0,83.49,30.92,-4.0,-10.2,106.0,1,2026-04-17 to 2026-08-04 (75 days),-1.0,58.7,0.2559,83.93,84.3,BEARISH,MEDIUM,Last surprise: +16.3%; Earnings conf adj: +1,7.33,-1.0,1.0,69,2026-10-13,16.28,1
2026-08-05T12:52:41,2026-08-05,MCK,HOLD,0,Composite Multi-Indicator,LOW,0,27.96,830.43,4.61,0.0,6.92,0.0,0.0,2026-11-17,0.15,0.22,100.0,1.55,0.19,13.3,-13.27,104.0,1,2026-04-17 to 2026-08-04 (75 days),-1.0,51.7,0.3663,792.7,835.12,BEARISH,MEDIUM,EARNINGS TODAY (2026-08-05); Last surprise: +1.0%; Earnings conf adj: -3,5.12,-1.0,1.0,0,2026-08-05,1.04,-3
2026-08-05T12:53:29,2026-08-05,TSN,HOLD,0,Stochastic Oscillator,LOW,0,27.91,58.74,4.75,0.0,7.12,0.0,0.0,2026-08-28,0.02,0.03,50.0,0.95,-1.92,24.5,-7.21,23.5,2,2026-04-17 to 2026-08-04 (75 days),-1.0,49.9,0.3062,58.48,59.33,BEARISH,MEDIUM,Last surprise: +0.0%,6.12,-1.0,1.0,-2,2026-08-03,0.0,0
2026-08-05T12:55:14,2026-08-05,NJR,HOLD,0,52-Week High Momentum,HIGH,4,27.85,57.39,2.83,0.0,9.91,0.0,0.0,2026-11-19,0.77,1.13,100.0,40.38,14.02,-0.16,-7.78,106.0,1,2026-04-17 to 2026-08-04 (75 days),-1.0,45.5,0.1713,56.76,51.69,BULLISH,LOW,High volume; Strong trend (ADX=31); Last surprise: +83.3%; Earnings conf adj: +1,10.0,-1.0,1.0,-2,2026-08-03,83.33,1
2026-08-05T12:55:37,2026-08-05,YETI,BUY,1,PEAD Earnings Drift,HIGH,5,27.78,51.75,5.08,49.12,15.24,59.64,7.54,2026-10-21,2.39,4.44,100.0,234.38,104.03,-13.87,-7.56,77.0,1,2026-04-17 to 2026-08-04 (75 days),0.385,57.8,0.3701,49.08,43.3,BULLISH,MEDIUM,Last surprise: +36.8%; Earnings conf adj: +1; Size: Kelly 10.0% / VolTgt 5.1% / Blend 7.5%,5.07,-1.0,1.0,8,2026-08-13,36.84,1
2026-08-05T12:51:47,2026-08-05,D,HOLD,0,52-Week High Momentum,HIGH,5,27.76,69.22,2.39,0.0,7.17,0.0,0.0,2026-11-05,1.58,3.27,100.0,109.61,41.97,-5.15,-4.44,92.0,1,2026-04-17 to 2026-08-04 (75 days),-1.0,47.1,0.1378,68.72,62.46,BULLISH,LOW,Last surprise: +17.9%; Earnings conf adj: +1,10.0,-1.0,1.0,86,2026-10-30,17.91,1
2026-08-05T12:54:12,2026-08-05,FNF,HOLD,-1,ADX Trend Following,LOW,0,27.67,51.51,4.58,53.87,6.87,47.97,0.0,2026-09-02,-0.4,-0.61,66.7,0.72,-12.4,-29.62,-14.69,28.3,3,2026-04-17 to 2026-08-04 (75 days),-1.0,55.2,0.3545,48.69,50.68,BEARISH,MEDIUM,EARNINGS TODAY (2026-08-05); Last surprise: -14.7%; Earnings conf adj: -3,5.29,-1.0,1.0,0,2026-08-05,-14.68,-3
2026-08-05T12:51:59,2026-08-05,EQIX,HOLD,0,Stochastic Oscillator,HIGH,4,27.62,1051.53,5.18,0.0,7.77,0.0,0.0,2026-09-01,0.69,1.12,100.0,34.0,10.91,20.54,-7.03,27.0,1,2026-04-17 to 2026-08-04 (75 days),-1.0,52.5,0.337,1053.07,927.7,BULLISH,MEDIUM,Last surprise: +6.2%; Earnings conf adj: +1,5.56,-1.0,1.0,84,2026-10-28,6.25,1
2026-08-05T12:52:58,2026-08-05,OTIS,HOLD,0,Composite Multi-Indicator,MEDIUM,3,27.55,73.64,4.04,0.0,6.06,0.0,0.0,2026-09-30,0.68,1.06,100.0,32.25,11.03,38.55,-6.12,56.0,1,2026-04-17 to 2026-08-04 (75 days),-1.0,54.7,0.2618,72.05,81.6,BEARISH,MEDIUM,Last surprise: +0.0%,7.16,-1.0,1.0,84,2026-10-28,0.0,0
2026-08-05T12:55:45,2026-08-05,AMG,BUY,1,Momentum (Rate of Change),HIGH,4,27.54,383.42,7.97,352.86,23.91,475.1,7.34,2026-11-19,2.62,4.03,100.0,272.99,126.56,-17.71,-10.28,106.0,1,2026-04-17 to 2026-08-04 (75 days),0.087,64.0,0.4009,346.99,301.05,BULLISH,HIGH,Last surprise: +4.7%; Size: Kelly 10.0% / VolTgt 4.7% / Blend 7.3%,4.68,-1.0,1.0,-6,2026-07-30,4.67,0
2026-08-05T12:54:24,2026-08-05,OC,HOLD,0,Multi-Factor Momentum MR,LOW,1,27.52,145.53,4.73,0.0,7.1,0.0,0.0,2026-09-01,2.14,4.65,100.0,257.99,123.43,41.95,-13.74,27.0,2,2026-04-17 to 2026-08-04 (75 days),-1.0,59.0,0.3114,133.54,120.12,BULLISH,MEDIUM,EARNINGS TODAY (2026-08-05); Last surprise: +27.1%; Earnings conf adj: -3,6.02,-1.0,1.0,0,2026-08-05,27.08,-3
2026-08-05T12:51:35,2026-08-05,CF,HOLD,0,Stochastic Oscillator,LOW,0,27.5,118.11,7.39,0.0,11.08,0.0,0.0,2026-09-11,-0.02,-0.03,100.0,1.74,-2.1,-21.12,-13.06,37.0,1,2026-04-17 to 2026-08-04 (75 days),-1.0,47.9,0.4065,114.69,102.91,BULLISH,HIGH,EARNINGS TODAY (2026-08-05); Last surprise: +8.6%; Earnings conf adj: -3,4.61,-1.0,1.0,0,2026-08-05,8.65,-3
2026-08-05T12:55:04,2026-08-05,LNTH,HOLD,1,Stochastic Oscillator,LOW,1,27.48,101.11,5.53,95.52,5.93,107.11,0.0,2026-08-09,-0.14,-0.53,100.0,13.75,-0.46,-89.85,-1.49,4.0,1,2026-04-17 to 2026-08-04 (75 days),-1.0,45.4,0.3764,103.76,79.0,BULLISH,MEDIUM,High volume; Earnings in 1d (2026-08-06); Last surprise: +18.7%; Earnings conf adj: -1,4.98,-1.0,1.0,1,2026-08-06,18.7,-1
2026-08-05T12:54:19,2026-08-05,MOG-A,HOLD,0,PEAD Earnings Drift,HIGH,5,27.46,408.79,10.45,0.0,36.57,0.0,0.0,2026-11-08,2.78,5.11,100.0,289.55,132.74,8.39,-10.18,95.0,1,2026-04-17 to 2026-08-04 (75 days),-1.0,53.0,0.5218,395.01,306.21,BULLISH,HIGH,Strong trend (ADX=35); Last surprise: +39.8%; Earnings conf adj: +1,3.59,-1.0,1.0,-5,2026-07-31,39.85,1
2026-08-05T12:52:18,2026-08-05,HIG,HOLD,0,SMA Crossover (10/50),HIGH,4,27.42,142.05,3.62,0.0,9.67,0.0,0.0,2026-09-03,0.87,1.35,100.0,31.04,10.2,3.0,-4.46,29.0,1,2026-04-17 to 2026-08-04 (75 days),-1.0,56.4,0.228,134.84,134.03,BULLISH,MEDIUM,Last surprise: +8.9%; Earnings conf adj: +1,8.22,-1.0,1.0,85,2026-10-29,8.92,1
2026-08-05T12:52:05,2026-08-05,FDX,HOLD,0,Stochastic Oscillator,MEDIUM,3,27.41,313.34,3.35,0.0,5.03,0.0,0.0,2026-09-01,0.13,0.2,100.0,10.56,0.85,2.63,-4.24,27.0,1,2026-04-17 to 2026-08-04 (75 days),-1.0,49.5,0.2102,319.93,275.89,BULLISH,MEDIUM,Last surprise: +6.6%; Earnings conf adj: +1,8.92,-1.0,1.0,84,2026-10-28,6.59,1
2026-08-05T12:53:01,2026-08-05,PG,HOLD,0,Composite Multi-Indicator,HIGH,4,27.31,148.01,3.75,0.0,11.25,0.0,0.0,2026-10-08,1.2,1.95,100.0,61.98,22.29,14.41,-5.05,64.0,1,2026-04-17 to 2026-08-04 (75 days),-1.0,52.6,0.2182,146.56,145.89,BULLISH,MEDIUM,Last surprise: +1.4%,8.59,-1.0,1.0,78,2026-10-22,1.42,0
2026-08-05T12:54:46,2026-08-05,FR,HOLD,0,Composite Multi-Indicator,HIGH,4,27.06,64.15,3.92,0.0,11.76,0.0,0.0,2026-11-15,0.91,1.35,100.0,52.61,18.64,13.69,-6.94,102.0,1,2026-04-17 to 2026-08-04 (75 days),-1.0,43.8,0.2221,63.7,59.42,BULLISH,MEDIUM,Last surprise: +34.9%; Earnings conf adj: +1,8.44,-1.0,1.0,77,2026-10-21,34.88,1
2026-08-05T12:55:55,2026-08-05,MUR,HOLD,0,Donchian Breakout (20/55),LOW,0,27.05,38.38,7.66,0.0,11.49,0.0,0.0,2026-08-20,0.8,1.46,100.0,41.09,13.9,-4.17,-7.01,15.0,1,2026-04-17 to 2026-08-04 (75 days),-1.0,55.8,0.4479,36.42,34.17,BULLISH,HIGH,EARNINGS TODAY (2026-08-05); Last surprise: +3.2%; Earnings conf adj: -3,4.19,-1.0,1.0,0,2026-08-05,3.23,-3
2026-08-05T12:55:42,2026-08-05,MZTI,HOLD,0,Composite Multi-Indicator,MEDIUM,2,27.01,110.3,5.01,0.0,7.51,0.0,0.0,2026-10-07,0.4,0.57,100.0,22.12,7.36,60.22,-9.2,63.0,1,2026-04-17 to 2026-08-04 (75 days),-1.0,50.7,0.3995,110.2,141.51,BEARISH,MEDIUM,Last surprise: -15.3%,4.69,-1.0,1.0,15,2026-08-20,-15.29,0
2026-08-05T12:52:50,2026-08-05,NEE,HOLD,0,Composite Multi-Indicator,MEDIUM,2,26.98,87.2,2.52,0.0,5.04,0.0,0.0,2026-09-08,0.34,0.57,100.0,8.61,2.61,17.13,-3.61,34.0,1,2026-04-17 to 2026-08-04 (75 days),-1.0,45.1,0.1339,87.17,86.87,BULLISH,LOW,Last surprise: +3.6%,10.0,-1.0,1.0,83,2026-10-27,3.6,0
2026-08-05T12:55:23,2026-08-05,LPX,HOLD,0,Stochastic Oscillator,LOW,0,26.97,76.81,8.27,0.0,12.4,0.0,0.0,2026-08-30,0.76,1.24,100.0,48.89,16.06,15.31,-8.62,25.0,1,2026-04-17 to 2026-08-04 (75 days),-1.0,55.3,0.4698,74.81,79.13,BEARISH,HIGH,EARNINGS TODAY (2026-08-05); Last surprise: +153.3%; Earnings conf adj: -3,3.99,-1.0,1.0,0,2026-08-05,153.33,-3
2026-08-05T12:52:30,2026-08-05,KDP,HOLD,0,Stochastic Oscillator,LOW,0,26.95,31.1,3.88,0.0,5.82,0.0,0.0,2026-08-20,0.47,0.85,100.0,20.68,3.62,-72.39,-3.5,15.0,1,2026-04-17 to 2026-08-04 (75 days),-1.0,51.8,0.2888,30.96,28.3,BULLISH,MEDIUM,Earnings in 1d (2026-08-06); Last surprise: +5.4%; Earnings conf adj: -2,6.49,-1.0,1.0,1,2026-08-06,5.41,-2
2026-08-05T12:55:48,2026-08-05,CW,HOLD,0,Stochastic Oscillator,LOW,0,26.92,757.31,8.2,0.0,12.3,0.0,0.0,2026-08-19,0.87,1.24,100.0,47.78,15.63,5.11,-9.43,14.0,1,2026-04-17 to 2026-08-04 (75 days),-1.0,55.0,0.4264,744.73,667.0,BULLISH,HIGH,EARNINGS TODAY (2026-08-05); Last surprise: +5.5%; Earnings conf adj: -3,4.4,-1.0,1.0,0,2026-08-05,5.45,-3
2026-08-05T12:51:37,2026-08-05,CINF,HOLD,0,Composite Multi-Indicator,MEDIUM,3,26.84,179.42,3.89,0.0,7.78,0.0,0.0,2026-11-10,1.51,2.14,100.0,104.28,39.67,9.12,-10.21,97.0,1,2026-04-17 to 2026-08-04 (75 days),-1.0,51.2,0.3429,174.31,164.23,BULLISH,MEDIUM,Last surprise: -21.4%; Earnings conf adj: -1,5.47,-1.0,1.0,82,2026-10-26,-21.43,-1
2026-08-05T12:53:02,2026-08-05,PH,HOLD,0,SMA Crossover (10/50),LOW,1,26.76,992.65,3.96,0.0,5.94,0.0,0.0,2026-09-17,0.71,0.99,100.0,30.71,10.08,7.97,-5.13,43.0,1,2026-04-17 to 2026-08-04 (75 days),-1.0,59.4,0.2309,935.02,907.36,BULLISH,MEDIUM,Earnings in 1d (2026-08-06); Last surprise: +4.3%; Earnings conf adj: -2,7.0,-1.0,1.0,1,2026-08-06,4.34,-2
2026-08-05T12:55:19,2026-08-05,MTN,HOLD,0,Donchian Breakout (20/55),HIGH,4,26.74,149.59,5.02,0.0,15.06,0.0,0.0,2026-09-17,1.1,1.58,100.0,71.41,26.02,-30.42,-6.74,43.0,1,2026-04-17 to 2026-08-04 (75 days),-1.0,54.7,0.349,140.26,134.65,BULLISH,MEDIUM,Last surprise: -1.7%,5.37,-1.0,1.0,54,2026-09-28,-1.67,0
2026-08-05T12:52:41,2026-08-05,MCO,HOLD,0,Composite Multi-Indicator,HIGH,4,26.65,483.67,4.04,0.0,6.06,0.0,0.0,2026-10-08,0.7,1.08,100.0,40.94,14.24,-9.57,-9.16,64.0,1,2026-04-17 to 2026-08-04 (75 days),-1.0,51.6,0.2832,469.48,470.37,BEARISH,MEDIUM,Last surprise: +10.1%; Earnings conf adj: +1,6.62,-1.0,1.0,77,2026-10-21,10.12,1
2026-08-05T12:52:19,2026-08-05,HPE,HOLD,0,Stochastic Oscillator,HIGH,5,26.47,52.39,11.02,0.0,16.53,0.0,0.0,2026-09-09,1.43,2.45,100.0,160.38,59.25,-877.52,-10.33,35.0,1,2026-04-17 to 2026-08-04 (75 days),-1.0,63.5,0.6536,46.61,29.54,BULLISH,HIGH,Price at statistical extreme; Last surprise: +49.1%; Earnings conf adj: +1,2.87,-1.0,1.0,29,2026-09-03,49.06,1
2026-08-05T12:55:15,2026-08-05,SIGI,HOLD,0,52-Week High Momentum,HIGH,5,26.47,96.63,4.94,0.0,14.82,0.0,0.0,2026-10-22,1.26,1.87,100.0,77.58,26.77,-45.57,-7.36,78.0,1,2026-04-17 to 2026-08-04 (75 days),-1.0,53.7,0.2985,93.6,83.93,BULLISH,MEDIUM,Last surprise: +16.8%; Earnings conf adj: +1,6.28,-1.0,1.0,77,2026-10-21,16.77,1
2026-08-05T12:52:35,2026-08-05,LIN,HOLD,0,VWAP Trend,LOW,0,26.38,484.64,3.7,0.0,2.85,0.0,0.0,2026-08-07,0.09,0.13,50.0,1.28,0.38,4.51,-4.75,2.0,10,2026-04-17 to 2026-08-04 (75 days),-1.0,35.2,0.2559,513.12,472.22,BULLISH,MEDIUM,Strong trend (ADX=33); Last surprise: +0.7%,7.0,-1.0,1.0,86,2026-10-30,0.73,0
2026-08-05T12:54:07,2026-08-05,OHI,HOLD,0,EMA Crossover (9/21),HIGH,4,26.35,48.74,3.58,0.0,10.86,0.0,0.0,2026-09-13,0.72,1.31,100.0,26.96,8.73,-17.36,-4.57,39.0,1,2026-04-17 to 2026-08-04 (75 days),-1.0,49.3,0.2208,47.2,44.49,BULLISH,MEDIUM,Strong trend (ADX=31); Last surprise: +154.2%; Earnings conf adj: +1,8.49,-1.0,1.0,85,2026-10-29,154.17,1
2026-08-05T12:51:57,2026-08-05,ED,HOLD,0,Composite Multi-Indicator,LOW,0,26.25,108.41,2.74,0.0,4.11,0.0,0.0,2026-09-17,0.38,0.56,100.0,12.94,4.12,6.67,-5.3,43.0,1,2026-04-17 to 2026-08-04 (75 days),-1.0,42.6,0.1833,109.27,105.28,BULLISH,LOW,Earnings in 1d (2026-08-06); Last surprise: -4.0%; Earnings conf adj: -2,7.0,-1.0,1.0,1,2026-08-06,-3.96,-2
2026-08-05T12:53:57,2026-08-05,ULS,HOLD,0,Stochastic Oscillator,MEDIUM,2,26.22,78.34,9.18,0.0,13.77,0.0,0.0,2026-09-12,0.43,0.57,100.0,26.31,7.76,49.02,-16.1,38.0,1,2026-04-17 to 2026-08-04 (75 days),-1.0,29.4,0.5725,93.18,85.48,BULLISH,HIGH,RSI oversold; High volume; Price at statistical extreme; Strong trend (ADX=37); Last surprise: +22.0%,3.28,-1.0,1.0,90,2026-11-03,21.95,0
2026-08-05T12:51:59,2026-08-05,EOG,HOLD,0,VWAP Trend,HIGH,4,26.2,143.52,4.17,0.0,3.79,0.0,0.0,2026-08-07,2.46,5.92,71.4,3.84,25.02,-24.68,-2.79,2.0,7,2026-04-17 to 2026-08-04 (75 days),-1.0,55.3,0.3401,136.76,122.6,BULLISH,MEDIUM,Last surprise: +6.2%,5.51,-1.0,1.0,-1,2026-08-04,6.23,0
2026-08-05T12:53:08,2026-08-05,REG,HOLD,0,Composite Multi-Indicator,MEDIUM,2,26.15,79.43,2.2,0.0,4.4,0.0,0.0,2026-09-23,0.19,0.29,100.0,5.72,1.61,4.73,-4.03,49.0,1,2026-04-17 to 2026-08-04 (75 days),-1.0,43.4,0.1615,79.49,74.21,BULLISH,LOW,Last surprise: +3.4%,10.0,-1.0,1.0,84,2026-10-28,3.39,0
2026-08-05T12:54:49,2026-08-05,REXR,HOLD,0,Stochastic Oscillator,HIGH,4,26.11,37.0,6.52,0.0,9.78,0.0,0.0,2026-09-01,1.36,2.33,50.0,58.84,30.37,26.01,-7.47,27.0,2,2026-04-17 to 2026-08-04 (75 days),-1.0,53.6,0.4372,35.14,36.75,BEARISH,HIGH,Strong trend (ADX=34); Last surprise: +61.5%; Earnings conf adj: +1,4.29,-1.0,1.0,70,2026-10-14,61.54,1
2026-08-05T12:51:21,2026-08-05,AVGO,HOLD,0,Stochastic Oscillator,MEDIUM,3,26.0,418.16,8.33,0.0,12.5,0.0,0.0,2026-09-30,0.72,1.09,100.0,66.99,21.35,10.68,-12.24,56.0,1,2026-04-17 to 2026-08-04 (75 days),-1.0,61.8,0.4751,394.62,365.49,BULLISH,HIGH,Price at statistical extreme; Last surprise: +1.7%,3.95,-1.0,1.0,28,2026-09-02,1.67,0
2026-08-05T12:53:03,2026-08-05,PM,HOLD,0,Composite Multi-Indicator,HIGH,4,25.94,186.91,4.91,0.0,14.73,0.0,0.0,2026-09-22,0.86,1.36,100.0,49.27,17.37,-65.73,-6.72,48.0,1,2026-04-17 to 2026-08-04 (75 days),-1.0,48.8,0.3535,182.9,167.98,BULLISH,MEDIUM,Last surprise: +7.3%; Earnings conf adj: +1,5.3,-1.0,1.0,77,2026-10-21,7.32,1
2026-08-05T12:53:54,2026-08-05,RBA,HOLD,0,Composite Multi-Indicator,MEDIUM,3,25.88,111.06,3.85,0.0,7.7,0.0,0.0,2026-11-08,0.9,1.35,100.0,61.05,21.92,-3.71,-7.14,95.0,1,2026-04-17 to 2026-08-04 (75 days),-1.0,49.4,0.315,109.79,104.79,BULLISH,MEDIUM,High volume; Last surprise: +4.1%,5.95,-1.0,1.0,-1,2026-08-04,4.12,0
2026-08-05T12:51:54,2026-08-05,DRI,HOLD,0,Stochastic Oscillator,MEDIUM,2,25.86,204.57,4.21,0.0,6.31,0.0,0.0,2026-09-03,0.24,0.36,100.0,13.78,2.64,-6.36,-5.32,29.0,1,2026-04-17 to 2026-08-04 (75 days),-1.0,53.1,0.305,202.51,194.18,BULLISH,MEDIUM,Strong trend (ADX=31); Last surprise: +0.5%,6.15,-1.0,1.0,50,2026-09-24,0.55,0
2026-08-05T12:51:54,2026-08-05,DUK,HOLD,0,Composite Multi-Indicator,MEDIUM,2,25.79,124.27,2.46,0.0,4.92,0.0,0.0,2026-09-17,0.17,0.24,100.0,5.07,1.39,8.36,-4.88,43.0,1,2026-04-17 to 2026-08-04 (75 days),-1.0,42.8,0.1704,125.55,123.34,BULLISH,LOW,Last surprise: +7.2%,10.0,-1.0,1.0,-1,2026-08-04,7.22,0
2026-08-05T12:54:40,2026-08-05,ALSN,HOLD,0,Donchian Breakout (20/55),MEDIUM,3,25.78,122.62,5.07,0.0,10.14,0.0,0.0,2026-09-13,0.42,0.62,100.0,22.2,7.04,21.06,-6.94,39.0,1,2026-04-17 to 2026-08-04 (75 days),-1.0,59.2,0.3464,116.62,109.37,BULLISH,MEDIUM,High volume; Last surprise: +5.4%; Earnings conf adj: +1,5.41,-1.0,1.0,85,2026-10-29,5.41,1
2026-08-05T12:56:04,2026-08-05,XLE,HOLD,0,Donchian Breakout (20/55),MEDIUM,2,25.66,58.52,3.12,0.0,6.14,0.0,0.0,2026-08-20,0.36,0.5,100.0,9.01,2.4,-24.03,-3.44,15.0,1,2026-04-17 to 2026-08-04 (75 days),-1.0,56.4,0.2015,56.48,52.2,BULLISH,MEDIUM,No special conditions,9.31,-1.0,1.0,-1,,,0
2026-08-05T12:53:55,2026-08-05,MTSI,BUY,1,VWAP Trend,MEDIUM,2,25.62,273.31,12.0,240.51,8.84,297.47,6.32,2026-08-07,1.9,3.19,66.7,2.11,99.02,103.45,-16.29,2.5,12,2026-04-17 to 2026-08-04 (75 days),0.044,44.6,0.7104,332.52,248.68,BULLISH,HIGH,Strong trend (ADX=47); Earnings in 1d (2026-08-06); Last surprise: +1.9%; Earnings conf adj: -2; Size: Kelly 10.0% / VolTgt 2.6% / Blend 6.3%,2.64,-1.0,1.0,1,2026-08-06,1.87,-2
2026-08-05T12:53:13,2026-08-05,RSG,HOLD,0,Composite Multi-Indicator,LOW,0,25.61,207.66,3.71,0.0,5.56,0.0,0.0,2026-09-17,0.44,0.69,100.0,18.11,5.93,4.93,-7.6,43.0,1,2026-04-17 to 2026-08-04 (75 days),-1.0,38.9,0.235,212.13,213.27,BEARISH,MEDIUM,Price at statistical extreme; Earnings in 1d (2026-08-06); Last surprise: +3.7%; Earnings conf adj: -2,7.0,-1.0,1.0,1,2026-08-06,3.66,-2
2026-08-05T12:55:05,2026-08-05,SWX,HOLD,0,SMA Crossover (10/50),LOW,0,25.53,89.05,2.18,0.0,3.27,0.0,0.0,2026-09-03,0.1,0.15,100.0,3.4,0.47,5.23,-4.42,29.0,1,2026-04-17 to 2026-08-04 (75 days),-1.0,41.2,0.1387,89.63,85.27,BULLISH,LOW,Price at statistical extreme; EARNINGS TODAY (2026-08-05); Last surprise: -7.7%; Earnings conf adj: -3,7.0,-1.0,1.0,0,2026-08-05,-7.73,-3
2026-08-05T12:55:21,2026-08-05,UFPI,HOLD,0,Composite Multi-Indicator,MEDIUM,3,25.5,92.72,5.42,0.0,8.13,0.0,0.0,2026-11-09,0.54,0.81,100.0,39.72,13.78,22.81,-11.62,96.0,1,2026-04-17 to 2026-08-04 (75 days),-1.0,62.1,0.3976,85.49,92.0,BEARISH,MEDIUM,Price at statistical extreme; Strong trend (ADX=42); Last surprise: +5.0%,4.72,-1.0,1.0,82,2026-10-26,4.96,0
2026-08-05T12:51:39,2026-08-05,CMS,HOLD,0,EMA Crossover (9/21),MEDIUM,2,25.49,71.73,2.6,0.0,5.2,0.0,0.0,2026-09-04,0.1,0.16,100.0,3.64,0.55,22.52,-6.64,30.0,1,2026-04-17 to 2026-08-04 (75 days),-1.0,37.3,0.1644,74.06,73.37,BULLISH,LOW,Last surprise: +2.8%,10.0,-1.0,1.0,85,2026-10-29,2.78,0
2026-08-05T12:52:19,2026-08-05,HONA,HOLD,0,Stochastic Oscillator,LOW,0,25.47,216.48,9.9,0.0,14.85,0.0,0.0,2026-08-24,0.97,1.35,100.0,37.92,30.79,-49.04,-7.45,19.0,1,2026-06-15 to 2026-08-04 (35 days),-1.0,52.5,0.5234,nan,nan,NEUTRAL,HIGH,EARNINGS TODAY (2026-08-05); Earnings conf adj: -3,3.58,-1.0,1.0,0,2026-08-05,,-3
2026-08-05T12:51:56,2026-08-05,EFX,HOLD,0,SMA Crossover (10/50),MEDIUM,2,25.41,177.12,10.36,0.0,15.54,0.0,0.0,2026-08-27,0.46,0.68,100.0,25.13,8.45,37.06,-7.71,22.0,1,2026-04-17 to 2026-08-04 (75 days),-1.0,53.9,0.5037,168.08,190.52,BEARISH,HIGH,Last surprise: +2.3%,3.72,-1.0,1.0,76,2026-10-20,2.27,0
2026-08-05T12:55:32,2026-08-05,FCN,HOLD,0,EMA Crossover (9/21),LOW,1,25.23,157.28,5.51,0.0,8.27,0.0,0.0,2026-09-01,0.14,0.19,100.0,4.82,0.96,37.2,-7.8,27.0,1,2026-04-17 to 2026-08-04 (75 days),-1.0,47.7,0.3205,155.79,165.84,BEARISH,MEDIUM,Last surprise: -11.9%; Earnings conf adj: -1,5.85,-1.0,1.0,85,2026-10-29,-11.95,-1
2026-08-05T12:54:39,2026-08-05,HALO,BUY,1,52-Week High Momentum,MEDIUM,2,25.1,83.23,3.99,79.91,9.98,91.54,8.46,2026-09-08,0.68,1.23,100.0,79.77,9.88,-76.8,-7.99,34.0,1,2026-04-17 to 2026-08-04 (75 days),0.599,66.1,0.2712,74.87,70.02,BULLISH,MEDIUM,Strong trend (ADX=40); Earnings in 1d (2026-08-06); Last surprise: +5.3%; Earnings conf adj: -1; Size: Kelly 10.0% / VolTgt 6.9% / Blend 8.5%,6.91,-1.0,1.0,1,2026-08-06,5.26,-1
2026-08-05T12:54:42,2026-08-05,ADC,HOLD,0,ADX Trend Following,LOW,0,25.09,76.32,2.44,0.0,4.88,0.0,0.0,2026-08-15,-0.86,-1.27,50.0,0.42,-11.71,-3.13,-5.69,10.5,4,2026-04-17 to 2026-08-04 (75 days),-1.0,40.9,0.1982,76.18,74.2,BULLISH,LOW,Strong trend (ADX=37); Last surprise: +0.0%,7.0,-1.0,1.0,76,2026-10-20,0.0,0
2026-08-05T12:55:13,2026-08-05,POR,HOLD,0,Composite Multi-Indicator,MEDIUM,2,25.04,50.05,2.59,0.0,6.47,0.0,0.0,2026-09-17,0.22,0.36,100.0,6.87,2.01,13.38,-7.06,43.0,1,2026-04-17 to 2026-08-04 (75 days),-1.0,40.9,0.1622,50.91,49.48,BULLISH,LOW,Strong trend (ADX=33); Last surprise: -4.5%,10.0,-1.0,1.0,86,2026-10-30,-4.48,0
2026-08-05T12:52:45,2026-08-05,MNST,HOLD,0,52-Week High Momentum,MEDIUM,3,25.02,94.18,3.9,0.0,7.8,0.0,0.0,2026-10-29,1.36,1.99,100.0,88.92,26.53,-74.5,-6.45,85.0,1,2026-04-17 to 2026-08-04 (75 days),-1.0,46.8,0.2639,93.77,80.85,BULLISH,MEDIUM,Earnings in 1d (2026-08-06); Last surprise: +9.4%; Earnings conf adj: -1,7.1,-1.0,1.0,1,2026-08-06,9.43,-1
2026-08-05T12:51:36,2026-08-05,CIEN,HOLD,0,VWAP Trend,MEDIUM,3,24.92,411.13,12.0,0.0,12.87,0.0,0.0,2026-08-08,0.54,0.78,57.1,1.42,15.59,66.75,-30.68,3.6,7,2026-04-17 to 2026-08-04 (75 days),-1.0,50.0,0.8613,456.71,353.6,BULLISH,HIGH,Last surprise: +12.3%; Earnings conf adj: +1,2.18,-1.0,1.0,35,2026-09-09,12.33,1
2026-08-05T12:55:39,2026-08-05,HGV,EXIT,-1,VWAP Trend,MEDIUM,2,24.88,46.25,9.44,50.62,6.45,43.27,6.81,2026-08-07,1.23,2.33,54.5,1.81,23.68,41.65,-5.61,2.5,11,2026-04-17 to 2026-08-04 (75 days),-1.0,40.3,0.5178,50.57,45.82,BULLISH,HIGH,Last surprise: -11.9%; Earnings conf adj: -1; Size: Kelly 10.0% / VolTgt 3.6% / Blend 6.8%,3.62,-1.0,1.0,85,2026-10-29,-11.88,-1
2026-08-05T12:53:38,2026-08-05,VRTX,HOLD,0,Composite Multi-Indicator,HIGH,4,24.65,478.7,4.11,0.0,12.33,0.0,0.0,2026-10-19,1.53,2.47,100.0,103.18,39.2,7.17,-11.12,75.0,1,2026-04-17 to 2026-08-04 (75 days),-1.0,49.7,0.2501,470.01,453.58,BULLISH,MEDIUM,Last surprise: -0.4%,7.5,-1.0,1.0,89,2026-11-02,-0.42,0
2026-08-05T12:52:04,2026-08-05,FANG,HOLD,0,Stochastic Oscillator,MEDIUM,3,24.47,191.87,6.82,0.0,10.23,0.0,0.0,2026-09-03,0.4,0.7,100.0,24.07,5.51,-20.48,-8.49,29.0,1,2026-04-17 to 2026-08-04 (75 days),-1.0,48.0,0.4001,191.49,173.01,BULLISH,HIGH,High volume; Last surprise: +8.4%; Earnings conf adj: +1,4.69,-1.0,1.0,89,2026-11-02,8.36,1
2026-08-05T12:52:21,2026-08-05,HUBB,HOLD,0,Stochastic Oscillator,MEDIUM,2,24.41,502.24,5.62,0.0,8.43,0.0,0.0,2026-10-29,0.38,0.52,100.0,26.72,7.56,26.39,-14.54,85.0,1,2026-04-17 to 2026-08-04 (75 days),-1.0,56.2,0.3584,488.83,479.62,BULLISH,MEDIUM,Price at statistical extreme; Last surprise: +2.4%,5.23,-1.0,1.0,83,2026-10-27,2.41,0
2026-08-05T12:54:27,2026-08-05,EGP,HOLD,0,Composite Multi-Indicator,MEDIUM,3,24.26,204.17,3.9,0.0,7.8,0.0,0.0,2026-11-12,0.53,0.79,100.0,26.73,9.01,0.55,-8.69,99.0,1,2026-04-17 to 2026-08-04 (75 days),-1.0,38.8,0.2346,206.41,189.55,BULLISH,MEDIUM,Last surprise: +1.6%,7.99,-1.0,1.0,78,2026-10-22,1.55,0
2026-08-05T12:53:44,2026-08-05,WY,HOLD,0,Stochastic Oscillator,HIGH,4,24.18,25.83,4.44,0.0,6.66,0.0,0.0,2026-09-01,1.28,2.09,50.0,6.98,31.3,18.86,-7.62,27.5,2,2026-04-17 to 2026-08-04 (75 days),-1.0,63.6,0.391,24.18,23.83,BULLISH,MEDIUM,Price at statistical extreme; Last surprise: +62.5%; Earnings conf adj: +1,4.79,-1.0,1.0,85,2026-10-29,62.5,1
2026-08-05T12:55:24,2026-08-05,GNTX,HOLD,0,Stochastic Oscillator,MEDIUM,3,24.1,24.12,4.49,0.0,6.74,0.0,0.0,2026-09-02,-0.01,-0.01,100.0,7.36,-1.57,-27.96,-8.07,28.0,1,2026-04-17 to 2026-08-04 (75 days),-1.0,51.6,0.3358,24.41,23.31,BULLISH,MEDIUM,Last surprise: +16.0%; Earnings conf adj: +1,5.58,-1.0,1.0,79,2026-10-23,16.0,1
2026-08-05T12:56:07,2026-08-05,XLP,BUY,1,52-Week High Momentum,MEDIUM,2,23.95,85.37,2.39,83.33,4.78,89.45,9.7,2026-10-20,0.15,0.22,100.0,4.17,1.08,-14.14,-4.41,76.0,1,2026-04-17 to 2026-08-04 (75 days),0.587,53.0,0.1994,84.03,81.56,BULLISH,LOW,Size: Kelly 10.0% / VolTgt 9.4% / Blend 9.7%,9.4,-1.0,1.0,-1,,,0
2026-08-05T12:52:52,2026-08-05,NOW,HOLD,0,Stochastic Oscillator,HIGH,4,23.89,118.14,11.94,0.0,17.91,0.0,0.0,2026-08-26,1.12,2.11,100.0,91.77,31.64,-66.41,-11.92,21.0,1,2026-04-17 to 2026-08-04 (75 days),-1.0,62.2,0.6372,106.21,124.27,BEARISH,HIGH,Last surprise: +4.7%,2.94,-1.0,1.0,84,2026-10-28,4.65,0
2026-08-05T12:51:24,2026-08-05,BBY,HOLD,0,VWAP Trend,LOW,1,23.72,86.35,4.69,0.0,6.38,0.0,0.0,2026-08-12,-1.61,-2.03,60.0,0.33,-27.46,-192.36,-10.34,7.0,5,2026-04-17 to 2026-08-04 (75 days),-1.0,58.9,0.306,78.42,69.39,BULLISH,MEDIUM,Last surprise: +4.1%,6.13,-1.0,1.0,22,2026-08-27,4.07,0
2026-08-05T12:52:51,2026-08-05,NFLX,HOLD,0,ADX Trend Following,LOW,0,23.55,73.57,5.52,0.0,8.28,0.0,0.0,2026-08-14,-2.41,-2.77,50.0,0.31,-19.16,42.26,-8.89,9.5,2,2026-04-17 to 2026-08-04 (75 days),-1.0,50.6,0.3502,76.5,90.83,BEARISH,MEDIUM,Last surprise: +1.3%,5.35,-1.0,1.0,76,2026-10-20,1.27,0
2026-08-05T12:52:15,2026-08-05,GPC,HOLD,0,SMA Crossover (10/50),MEDIUM,3,23.49,132.55,5.76,0.0,8.64,0.0,0.0,2026-08-30,2.18,5.02,50.0,8.81,96.95,22.48,-10.15,25.0,2,2026-04-17 to 2026-08-04 (75 days),-1.0,65.4,0.3671,113.81,117.35,BEARISH,MEDIUM,Price at statistical extreme; Last surprise: +3.4%,5.11,-1.0,1.0,76,2026-10-20,3.37,0
2026-08-05T12:54:01,2026-08-05,NBIX,EXIT,-1,52-Week High Momentum,HIGH,5,23.41,166.06,7.65,178.76,26.78,121.59,7.04,2026-10-28,1.01,1.42,100.0,102.86,32.57,-79.05,-10.57,84.0,1,2026-04-17 to 2026-08-04 (75 days),-1.0,43.4,0.4599,167.8,146.2,BULLISH,HIGH,Strong trend (ADX=31); Last surprise: +45.4%; Earnings conf adj: +1; Size: Kelly 10.0% / VolTgt 4.1% / Blend 7.0%,4.08,-1.0,1.0,84,2026-10-28,45.41,1
2026-08-05T12:55:33,2026-08-05,SLGN,HOLD,0,PEAD Earnings Drift,MEDIUM,2,22.83,42.32,8.96,0.0,22.4,0.0,0.0,2026-09-16,0.34,0.43,100.0,17.63,5.72,1.04,-11.26,42.0,1,2026-04-17 to 2026-08-04 (75 days),-1.0,44.3,0.5325,42.46,41.47,BULLISH,HIGH,Strong trend (ADX=36); Last surprise: +2.1%,3.52,-1.0,1.0,84,2026-10-28,2.08,0
2026-08-05T12:53:58,2026-08-05,PR,HOLD,0,Donchian Breakout (20/55),LOW,0,22.78,20.5,4.93,0.0,7.39,0.0,0.0,2026-08-20,0.24,0.35,100.0,9.85,2.68,-21.09,-7.8,15.0,1,2026-04-17 to 2026-08-04 (75 days),-1.0,53.4,0.3665,19.54,17.28,BULLISH,MEDIUM,EARNINGS TODAY (2026-08-05); Last surprise: +2.6%; Earnings conf adj: -3,5.12,-1.0,1.0,0,2026-08-05,2.63,-3
2026-08-05T12:51:31,2026-08-05,CARR,HOLD,0,VWAP Trend,HIGH,4,22.57,65.69,7.43,0.0,5.78,0.0,0.0,2026-08-07,2.34,3.71,62.5,3.27,45.08,15.55,-5.22,2.4,8,2026-04-17 to 2026-08-04 (75 days),-1.0,47.7,0.4736,68.05,60.53,BULLISH,HIGH,Strong trend (ADX=30); Last surprise: +4.9%,3.96,-1.0,1.0,83,2026-10-27,4.88,0
2026-08-05T12:52:44,2026-08-05,MGM,HOLD,0,VWAP Trend,MEDIUM,2,22.18,45.72,2.67,0.0,2.83,0.0,0.0,2026-08-08,0.91,2.93,50.0,2.49,27.87,-50.26,-6.0,3.5,6,2026-04-17 to 2026-08-04 (75 days),-1.0,48.8,0.1918,46.38,38.34,BULLISH,LOW,Last surprise: +1.7%,9.77,-1.0,1.0,84,2026-10-28,1.72,0
2026-08-05T12:51:46,2026-08-05,CTVA,HOLD,0,VWAP Trend,HIGH,4,22.09,78.31,6.73,0.0,6.42,0.0,0.0,2026-08-07,1.15,1.72,66.7,3.41,16.33,23.95,-4.93,2.6,9,2026-04-17 to 2026-08-04 (75 days),-1.0,37.5,0.5054,81.91,75.14,BULLISH,HIGH,Strong trend (ADX=44); Last surprise: +3.1%,3.71,-1.0,1.0,-6,2026-07-30,3.14,0
2026-08-05T12:53:26,2026-08-05,TPL,EXIT,-1,VWAP Trend,LOW,1,22.09,395.52,6.24,420.2,4.94,375.98,6.09,2026-08-08,1.79,3.14,80.0,5.08,40.26,60.02,-9.67,3.0,5,2026-04-17 to 2026-08-04 (75 days),-1.0,46.5,0.3619,395.66,385.42,BULLISH,MEDIUM,EARNINGS TODAY (2026-08-05); Last surprise: +2.5%; Earnings conf adj: -3; Size: Kelly 7.0% / VolTgt 5.2% / Blend 6.1%,5.18,-1.0,1.0,0,2026-08-05,2.48,-3
2026-08-05T12:52:50,2026-08-05,NEM,HOLD,1,Momentum (Rate of Change),LOW,1,21.84,97.73,5.09,92.76,7.63,105.19,0.0,2026-08-14,-0.67,-0.8,50.0,0.61,-13.27,31.32,-9.75,9.0,2,2026-04-17 to 2026-08-04 (75 days),-1.0,54.7,0.3815,98.34,103.96,BEARISH,MEDIUM,Last surprise: +5.5%; Earnings conf adj: +1,4.91,-1.0,1.0,78,2026-10-22,5.53,1
2026-08-05T12:53:17,2026-08-05,SOLV,HOLD,0,Stochastic Oscillator,LOW,0,21.79,87.94,4.41,0.0,6.62,0.0,0.0,2026-08-30,0.16,0.27,100.0,16.07,1.33,-111.16,-5.47,25.0,1,2026-04-17 to 2026-08-04 (75 days),-1.0,66.3,0.3912,78.83,75.43,BULLISH,MEDIUM,Strong trend (ADX=37); EARNINGS TODAY (2026-08-05); Last surprise: +9.6%; Earnings conf adj: -3,4.79,-1.0,1.0,0,2026-08-05,9.63,-3
2026-08-05T12:55:15,2026-08-05,ESAB,HOLD,0,MACD Crossover,LOW,0,21.64,94.76,9.24,0.0,13.86,0.0,0.0,2026-08-15,-0.36,-0.55,50.0,0.75,-14.62,24.09,-16.51,10.8,4,2026-04-17 to 2026-08-04 (75 days),-1.0,57.9,0.5911,91.42,105.89,BEARISH,HIGH,Price at statistical extreme; Earnings in 1d (2026-08-06); Last surprise: -2.2%; Earnings conf adj: -2,3.17,-1.0,1.0,1,2026-08-06,-2.24,-2
2026-08-05T12:51:37,2026-08-05,CMCSA,HOLD,0,ADX Trend Following,LOW,1,21.36,24.93,8.06,0.0,9.73,0.0,0.0,2026-08-13,-1.06,-1.32,50.0,0.6,-10.37,31.48,-8.13,8.0,2,2026-04-17 to 2026-08-04 (75 days),-1.0,59.4,0.4369,23.6,26.35,BEARISH,HIGH,Last surprise: +7.2%; Earnings conf adj: +1,4.29,-1.0,1.0,85,2026-10-29,7.22,1
2026-08-05T12:52:42,2026-08-05,MDLZ,HOLD,0,MACD Crossover,MEDIUM,2,21.22,62.08,4.58,0.0,9.16,0.0,0.0,2026-08-19,0.12,0.19,66.7,1.27,0.71,-34.85,-5.02,14.0,3,2026-04-17 to 2026-08-04 (75 days),-1.0,54.0,0.3196,60.79,57.8,BULLISH,MEDIUM,Last surprise: +7.4%; Earnings conf adj: +1,5.87,-1.0,1.0,83,2026-10-27,7.35,1
2026-08-05T12:53:43,2026-08-05,WM,HOLD,0,Multi-Factor Momentum MR,HIGH,4,21.13,225.25,3.9,0.0,2.09,0.0,0.0,2026-08-06,1.68,27.24,100.0,22.87,7.27,3.77,-0.2,1.0,1,2026-04-17 to 2026-08-04 (75 days),-1.0,42.0,0.2655,225.45,221.94,BULLISH,MEDIUM,High volume; Strong trend (ADX=36); Last surprise: +2.0%,7.06,-1.0,1.0,82,2026-10-26,2.02,0
2026-08-05T12:55:35,2026-08-05,HAE,HOLD,1,52-Week High Momentum,LOW,0,21.13,85.38,4.36,81.66,4.96,89.61,0.0,2026-08-10,-4.42,-5.73,100.0,5.6,-18.33,-221.94,-6.3,5.0,1,2026-04-17 to 2026-08-04 (75 days),-1.0,69.7,0.2819,75.54,68.0,BULLISH,MEDIUM,High volume; Strong trend (ADX=33); Earnings in 1d (2026-08-06); Last surprise: +1.6%; Earnings conf adj: -2,6.65,-1.0,1.0,1,2026-08-06,1.57,-2
2026-08-05T12:55:31,2026-08-05,KNF,HOLD,0,MACD Crossover,MEDIUM,3,21.06,69.51,11.96,0.0,16.29,0.0,0.0,2026-08-16,0.97,1.44,66.7,3.72,26.78,83.88,-12.38,11.0,3,2026-04-17 to 2026-08-04 (75 days),-1.0,35.9,0.6237,79.88,78.33,BULLISH,HIGH,High volume; Price at statistical extreme; Last surprise: -5.3%,3.01,-1.0,1.0,90,2026-11-03,-5.3,0
2026-08-05T12:52:15,2026-08-05,GS,HOLD,0,Stochastic Oscillator,MEDIUM,3,21.04,1052.98,7.68,0.0,11.52,0.0,0.0,2026-09-07,0.33,0.57,100.0,30.32,5.55,-51.72,-14.87,33.0,1,2026-04-17 to 2026-08-04 (75 days),-1.0,50.8,0.5105,1051.14,913.5,BULLISH,HIGH,Last surprise: +44.3%; Earnings conf adj: +1,3.67,-1.0,1.0,69,2026-10-13,44.29,1
2026-08-05T12:54:26,2026-08-05,CACI,HOLD,0,Stochastic Oscillator,LOW,0,20.99,524.19,7.19,0.0,10.79,0.0,0.0,2026-09-01,0.76,1.23,50.0,13.76,17.49,19.4,-8.73,27.0,2,2026-04-17 to 2026-08-04 (75 days),-1.0,61.9,0.4294,491.65,552.24,BEARISH,HIGH,Price at statistical extreme; EARNINGS TODAY (2026-08-05); Last surprise: +4.9%; Earnings conf adj: -3,4.37,-1.0,1.0,0,2026-08-05,4.91,-3
2026-08-05T12:53:18,2026-08-05,SRE,HOLD,0,VWAP Trend,LOW,1,20.95,86.65,2.76,0.0,2.1,0.0,0.0,2026-08-07,1.28,2.04,50.0,2.19,13.54,35.95,-2.81,2.3,12,2026-04-17 to 2026-08-04 (75 days),-1.0,32.3,0.1755,91.3,90.86,BULLISH,LOW,High volume; Price at statistical extreme; Earnings in 1d (2026-08-06); Last surprise: +0.0%; Earnings conf adj: -2,7.0,-1.0,1.0,1,2026-08-06,0.0,-2
2026-08-05T12:54:58,2026-08-05,TEX,HOLD,0,Stochastic Oscillator,MEDIUM,3,20.95,66.08,9.35,0.0,14.02,0.0,0.0,2026-08-24,0.06,0.08,100.0,3.87,-0.72,-34.64,-10.9,19.0,1,2026-04-17 to 2026-08-04 (75 days),-1.0,50.5,0.444,65.16,59.25,BULLISH,HIGH,Last surprise: +11.4%; Earnings conf adj: +1,4.22,-1.0,1.0,85,2026-10-29,11.38,1
2026-08-05T12:55:30,2026-08-05,KRC,HOLD,0,VWAP Trend,HIGH,5,19.67,39.36,4.74,0.0,3.98,0.0,0.0,2026-08-10,1.46,2.6,66.7,7.74,27.68,-97.61,-3.59,5.3,6,2026-04-17 to 2026-08-04 (75 days),-1.0,55.7,0.2196,37.63,35.09,BULLISH,MEDIUM,Last surprise: +41.7%; Earnings conf adj: +1,8.54,-1.0,1.0,82,2026-10-26,41.67,1
2026-08-05T12:55:23,2026-08-05,SHC,HOLD,0,Momentum (Rate of Change),MEDIUM,2,19.44,18.11,4.08,0.0,8.16,0.0,0.0,2026-09-11,2.05,3.99,100.0,121.25,46.1,2.97,-6.13,37.0,1,2026-04-17 to 2026-08-04 (75 days),-1.0,60.0,0.322,16.91,16.5,BULLISH,MEDIUM,Earnings in 1d (2026-08-06); Last surprise: +5.9%; Earnings conf adj: -2,5.82,-1.0,1.0,1,2026-08-06,5.88,-2
2026-08-05T12:51:52,2026-08-05,DOW,HOLD,0,MACD Crossover,LOW,1,19.13,30.33,6.11,0.0,9.17,0.0,0.0,2026-08-19,-0.35,-0.49,50.0,0.73,-10.0,30.02,-8.81,14.0,2,2026-04-17 to 2026-08-04 (75 days),-1.0,50.6,0.3824,31.17,30.16,BULLISH,MEDIUM,Last surprise: +12.5%; Earnings conf adj: +1,4.9,-1.0,1.0,78,2026-10-22,12.5,1
2026-08-05T12:56:02,2026-08-05,SLV,HOLD,0,Momentum (Rate of Change),LOW,0,19.0,53.84,4.8,0.0,7.2,0.0,0.0,2026-08-14,-2.08,-2.24,50.0,0.19,-39.12,26.44,-16.62,9.5,2,2026-04-17 to 2026-08-04 (75 days),-1.0,49.4,0.3768,57.36,63.63,BEARISH,MEDIUM,No special conditions,4.98,-1.0,1.0,-1,,,0
2026-08-05T12:52:56,2026-08-05,NXPI,BUY,1,VWAP Trend,HIGH,4,18.98,237.6,10.74,212.08,7.08,254.42,6.74,2026-08-07,1.76,4.5,72.7,3.51,135.18,95.3,-12.47,2.8,11,2026-04-17 to 2026-08-04 (75 days),0.21,36.4,0.5371,287.56,240.06,BULLISH,HIGH,Strong trend (ADX=45); Last surprise: +2.3%; Size: Kelly 10.0% / VolTgt 3.5% / Blend 6.7%,3.49,-1.0,1.0,82,2026-10-26,2.27,0
2026-08-05T12:54:23,2026-08-05,BMRN,HOLD,0,Momentum (Rate of Change),MEDIUM,2,18.9,60.72,2.95,0.0,5.9,0.0,0.0,2026-10-08,1.73,2.92,100.0,102.4,36.98,-6.25,-5.56,64.0,1,2026-04-17 to 2026-08-04 (75 days),-1.0,58.4,0.1941,57.61,56.37,BULLISH,LOW,Earnings in 1d (2026-08-06); Last surprise: -16.5%; Earnings conf adj: -2,9.66,-1.0,1.0,1,2026-08-06,-16.48,-2
2026-08-05T12:54:43,2026-08-05,KRYS,HOLD,0,Momentum (Rate of Change),MEDIUM,3,18.89,324.77,11.11,0.0,27.77,0.0,0.0,2026-10-30,2.42,3.91,100.0,265.69,119.18,41.24,-10.24,86.0,1,2026-04-17 to 2026-08-04 (75 days),-1.0,42.8,0.6102,337.98,273.25,BULLISH,HIGH,Strong trend (ADX=36); Last surprise: -6.3%; Earnings conf adj: -1,3.07,-1.0,1.0,89,2026-11-02,-6.28,-1
2026-08-05T12:54:36,2026-08-05,RMBS,HOLD,0,ADX Trend Following,LOW,1,18.81,100.55,12.0,0.0,21.09,0.0,0.0,2026-08-17,-0.43,-0.59,50.0,0.2,-26.86,27.91,-23.77,12.0,2,2026-04-17 to 2026-08-04 (75 days),-1.0,46.4,0.7732,123.22,109.11,BULLISH,HIGH,Strong trend (ADX=43); Last surprise: +6.9%; Earnings conf adj: +1,2.42,-1.0,1.0,82,2026-10-26,6.94,1
2026-08-05T12:55:47,2026-08-05,CR,HOLD,0,VWAP Trend,HIGH,5,18.47,224.1,7.33,0.0,4.77,0.0,0.0,2026-08-07,1.67,3.18,58.3,2.43,23.9,-43.79,-4.72,2.2,12,2026-04-17 to 2026-08-04 (75 days),-1.0,58.1,0.4082,208.89,192.34,BULLISH,HIGH,Strong trend (ADX=31); Last surprise: +6.5%; Earnings conf adj: +1,4.59,-1.0,1.0,82,2026-10-26,6.55,1
2026-08-05T12:51:38,2026-08-05,CME,HOLD,0,EMA Crossover (9/21),LOW,0,18.04,262.63,3.96,0.0,5.94,0.0,0.0,2026-08-15,-1.86,-2.11,50.0,0.32,-19.83,5.51,-8.8,10.0,2,2026-04-17 to 2026-08-04 (75 days),-1.0,59.9,0.2668,251.5,273.88,BEARISH,MEDIUM,Strong trend (ADX=43); Last surprise: +2.7%,7.0,-1.0,1.0,77,2026-10-21,2.75,0
2026-08-05T12:51:18,2026-08-05,APA,HOLD,0,Stochastic Oscillator,LOW,0,18.03,35.8,6.93,0.0,10.39,0.0,0.0,2026-09-17,1.07,1.59,50.0,6.37,37.82,32.45,-22.1,43.0,2,2026-04-17 to 2026-08-04 (75 days),-1.0,52.4,0.4109,35.16,31.07,BULLISH,HIGH,EARNINGS TODAY (2026-08-05); Last surprise: +21.1%; Earnings conf adj: -3,4.56,-1.0,1.0,0,2026-08-05,21.05,-3
2026-08-05T12:52:27,2026-08-05,ISRG,HOLD,0,VWAP Trend,LOW,1,17.94,368.27,9.25,0.0,13.88,0.0,0.0,2026-08-12,-0.99,-1.32,40.0,0.63,-30.59,25.58,-17.26,7.5,10,2026-04-17 to 2026-08-04 (75 days),-1.0,47.0,0.7019,396.49,481.23,BEARISH,HIGH,Last surprise: +12.0%; Earnings conf adj: +1,2.67,-1.0,1.0,76,2026-10-20,12.0,1
2026-08-05T12:52:13,2026-08-05,GLW,HOLD,0,VWAP Trend,HIGH,4,17.71,159.89,12.0,0.0,18.33,0.0,0.0,2026-08-11,2.03,3.43,80.0,5.82,193.42,201.94,-23.97,6.4,5,2026-04-17 to 2026-08-04 (75 days),-1.0,48.7,0.9202,181.14,135.66,BULLISH,HIGH,Strong trend (ADX=31); Last surprise: +4.0%,2.04,-1.0,1.0,83,2026-10-27,4.0,0
2026-08-05T12:52:51,2026-08-05,NI,HOLD,0,VWAP Trend,LOW,0,17.37,44.53,2.49,0.0,2.39,0.0,0.0,2026-08-07,-0.12,-0.19,55.6,1.17,-1.47,19.35,-5.91,2.8,9,2026-04-17 to 2026-08-04 (75 days),-1.0,38.9,0.1815,46.29,44.63,BULLISH,LOW,Strong trend (ADX=36); EARNINGS TODAY (2026-08-05); Last surprise: +1.0%; Earnings conf adj: -3,7.0,-1.0,1.0,0,2026-08-05,0.95,-3
2026-08-05T12:54:12,2026-08-05,SGI,HOLD,0,EMA Crossover (9/21),LOW,0,16.68,69.69,8.46,0.0,12.69,0.0,0.0,2026-09-07,0.3,0.42,100.0,13.12,3.83,52.55,-8.69,33.0,1,2026-04-17 to 2026-08-04 (75 days),-1.0,46.8,0.427,72.12,80.85,BEARISH,HIGH,Earnings in 1d (2026-08-06); Last surprise: +3.5%; Earnings conf adj: -2,4.39,-1.0,1.0,1,2026-08-06,3.51,-2
2026-08-05T12:53:04,2026-08-05,PNW,HOLD,0,Momentum (Rate of Change),MEDIUM,3,16.66,101.45,2.81,0.0,5.62,0.0,0.0,2026-10-01,0.57,0.86,100.0,32.75,7.85,10.32,-5.58,57.0,1,2026-04-17 to 2026-08-04 (75 days),-1.0,41.4,0.1841,103.46,95.68,BULLISH,LOW,Last surprise: +550.0%,10.0,-1.0,1.0,90,2026-11-03,550.0,0
2026-08-05T12:55:38,2026-08-05,OLED,HOLD,0,MACD Crossover,LOW,0,16.66,86.22,5.41,0.0,7.53,0.0,0.0,2026-08-11,-0.13,-0.2,40.0,0.85,-7.08,30.49,-12.92,6.4,5,2026-04-17 to 2026-08-04 (75 days),-1.0,59.6,0.3782,85.25,104.71,BEARISH,MEDIUM,Price at statistical extreme; Last surprise: +2.9%,4.96,-1.0,1.0,-6,2026-07-30,2.91,0
2026-08-05T12:53:41,2026-08-05,WDC,HOLD,0,VWAP Trend,LOW,1,16.54,548.56,12.0,0.0,16.49,0.0,0.0,2026-08-09,1.48,2.45,66.7,3.6,89.04,-184.85,-21.41,4.3,6,2026-04-17 to 2026-08-04 (75 days),-1.0,51.6,1.0101,563.86,335.93,BULLISH,HIGH,EARNINGS TODAY (2026-08-05); Last surprise: +13.8%; Earnings conf adj: -3,1.86,-1.0,1.0,0,2026-08-05,13.81,-3
2026-08-05T12:53:17,2026-08-05,SO,HOLD,0,VWAP Trend,HIGH,4,16.43,93.25,2.73,0.0,3.3,0.0,0.0,2026-08-11,0.7,1.01,66.7,1.52,6.8,8.55,-5.17,6.0,6,2026-04-17 to 2026-08-04 (75 days),-1.0,42.4,0.1713,94.49,91.85,BULLISH,LOW,High volume; Last surprise: +11.9%; Earnings conf adj: +1,10.0,-1.0,1.0,85,2026-10-29,11.88,1
2026-08-05T12:55:19,2026-08-05,VAL,HOLD,0,ADX Trend Following,LOW,0,16.41,78.14,7.1,0.0,9.62,0.0,0.0,2026-08-14,-2.4,-2.63,50.0,0.09,-53.87,-19.16,-26.72,9.0,4,2026-04-17 to 2026-08-04 (75 days),-1.0,49.4,0.4074,81.81,76.23,BULLISH,HIGH,EARNINGS TODAY (2026-08-05); Last surprise: -166.7%; Earnings conf adj: -3,4.6,-1.0,1.0,0,2026-08-05,-166.67,-3
2026-08-05T12:53:45,2026-08-05,XEL,HOLD,0,Momentum (Rate of Change),MEDIUM,3,16.29,77.75,2.8,0.0,5.6,0.0,0.0,2026-08-29,0.17,0.25,100.0,12.67,1.23,12.29,-3.9,24.0,1,2026-04-17 to 2026-08-04 (75 days),-1.0,41.0,0.1622,79.28,78.09,BULLISH,LOW,Last surprise: +17.7%; Earnings conf adj: +1,10.0,-1.0,1.0,85,2026-10-29,17.72,1
2026-08-05T12:51:11,2026-08-05,AEE,HOLD,0,Momentum (Rate of Change),MEDIUM,2,16.05,109.44,2.61,0.0,5.22,0.0,0.0,2026-09-02,0.36,0.55,100.0,21.36,3.85,11.2,-5.54,28.0,1,2026-04-17 to 2026-08-04 (75 days),-1.0,44.1,0.1819,110.73,106.32,BULLISH,LOW,Last surprise: +4.6%,10.0,-1.0,1.0,-6,2026-07-30,4.63,0
2026-08-05T12:54:07,2026-08-05,DOCN,HOLD,0,VWAP Trend,MEDIUM,3,15.96,128.89,12.0,0.0,10.39,0.0,0.0,2026-08-06,0.75,1.23,70.0,1.56,21.18,-281.33,-8.63,1.7,10,2026-04-17 to 2026-08-04 (75 days),-1.0,49.3,1.0118,146.37,88.34,BULLISH,HIGH,High volume; Last surprise: +69.2%,1.85,-1.0,1.0,91,2026-11-04,69.23,0
2026-08-05T12:52:45,2026-08-05,MO,HOLD,-1,ADX Trend Following,LOW,0,15.5,68.07,6.64,72.59,9.96,61.29,0.0,2026-08-26,-0.2,-0.27,50.0,0.48,-4.23,-32.82,-8.72,21.0,2,2026-04-17 to 2026-08-04 (75 days),-1.0,38.4,0.4067,71.27,64.01,BULLISH,HIGH,Last surprise: -1.3%,4.61,-1.0,1.0,85,2026-10-29,-1.33,0
2026-08-05T12:51:13,2026-08-05,AKAM,HOLD,0,Stochastic Oscillator,MEDIUM,2,15.4,123.35,8.73,0.0,13.1,0.0,0.0,2026-08-22,2.36,5.24,66.7,5.57,134.96,-0.78,-16.15,17.3,3,2026-04-17 to 2026-08-04 (75 days),-1.0,54.1,0.6047,127.63,105.59,BULLISH,HIGH,Earnings in 1d (2026-08-06); Last surprise: +0.6%; Earnings conf adj: -2,3.1,-1.0,1.0,1,2026-08-06,0.63,-2
2026-08-05T12:53:30,2026-08-05,TXT,HOLD,0,Stochastic Oscillator,LOW,0,15.26,89.12,5.36,0.0,8.04,0.0,0.0,2026-10-19,-0.06,-0.08,0.0,0.0,-4.74,4.15,-11.31,75.0,1,2026-04-17 to 2026-08-04 (75 days),-1.0,48.0,0.378,90.82,89.59,BULLISH,MEDIUM,Strong trend (ADX=31); Last surprise: +4.5%,4.96,-1.0,1.0,78,2026-10-22,4.52,0
2026-08-05T12:53:07,2026-08-05,PTC,BUY,1,Momentum (Rate of Change),MEDIUM,2,15.19,141.68,8.1,130.2,12.15,158.89,7.06,2026-09-02,0.61,0.93,50.0,1.98,14.15,9.34,-17.77,28.0,2,2026-04-17 to 2026-08-04 (75 days),0.111,69.1,0.4557,126.72,153.49,BEARISH,HIGH,Strong trend (ADX=40); Last surprise: +1.3%; Size: Kelly 10.0% / VolTgt 4.1% / Blend 7.1%,4.11,-1.0,1.0,-7,2026-07-29,1.28,0
2026-08-05T12:52:39,2026-08-05,LYB,HOLD,0,MACD Crossover,LOW,1,14.96,61.11,5.84,0.0,7.91,0.0,0.0,2026-08-15,-0.35,-0.47,33.3,0.87,-8.77,12.62,-11.68,10.3,3,2026-04-17 to 2026-08-04 (75 days),-1.0,54.6,0.3131,60.6,57.43,BULLISH,MEDIUM,Last surprise: +25.7%; Earnings conf adj: +1,5.99,-1.0,1.0,86,2026-10-30,25.73,1
2026-08-05T12:55:58,2026-08-05,SR,HOLD,0,MACD Crossover,LOW,0,14.92,79.56,2.92,0.0,4.38,0.0,0.0,2026-08-28,-1.06,-1.55,50.0,0.16,-15.62,21.94,-7.26,23.0,2,2026-04-17 to 2026-08-04 (75 days),-1.0,43.8,0.1927,80.46,84.55,BEARISH,LOW,EARNINGS TODAY (2026-08-05); Last surprise: +0.0%; Earnings conf adj: -3,7.0,-1.0,1.0,0,2026-08-05,0.0,-3
2026-08-05T12:51:51,2026-08-05,DIS,HOLD,0,ADX Trend Following,LOW,0,14.75,98.18,3.58,0.0,5.37,0.0,0.0,2026-08-14,-0.38,-0.54,40.0,0.75,-7.67,14.0,-7.55,9.8,5,2026-04-17 to 2026-08-04 (75 days),-1.0,52.3,0.2568,98.54,103.71,BEARISH,MEDIUM,EARNINGS TODAY (2026-08-05); Last surprise: +4.7%; Earnings conf adj: -3,7.0,-1.0,1.0,0,2026-08-05,4.67,-3
2026-08-05T12:51:43,2026-08-05,CPT,HOLD,0,Multi-Factor Momentum MR,MEDIUM,3,14.71,111.03,3.02,0.0,6.04,0.0,0.0,2026-10-11,1.03,1.56,100.0,50.5,17.84,-13.62,-5.83,67.0,1,2026-04-17 to 2026-08-04 (75 days),-1.0,45.0,0.2264,111.91,104.93,BULLISH,MEDIUM,Last surprise: -33.3%; Earnings conf adj: -1,8.28,-1.0,1.0,-6,2026-07-30,-33.33,-1
2026-08-05T12:54:47,2026-08-05,CNM,HOLD,0,MACD Crossover,LOW,0,14.63,46.32,4.69,0.0,6.87,0.0,0.0,2026-08-12,-0.57,-0.69,33.3,0.3,-10.0,16.93,-9.75,7.7,3,2026-04-17 to 2026-08-04 (75 days),-1.0,55.4,0.3144,46.98,50.68,BEARISH,MEDIUM,Last surprise: -1.8%,5.96,-1.0,1.0,34,2026-09-08,-1.75,0
2026-08-05T12:54:56,2026-08-05,STAG,HOLD,0,EMA Crossover (9/21),MEDIUM,2,14.51,37.77,3.84,0.0,9.6,0.0,0.0,2026-09-23,0.25,0.36,100.0,10.32,2.85,15.92,-8.99,49.0,1,2026-04-17 to 2026-08-04 (75 days),-1.0,37.7,0.3014,38.68,37.71,BULLISH,MEDIUM,Strong trend (ADX=42); Last surprise: +3.7%,6.22,-1.0,1.0,84,2026-10-28,3.7,0
2026-08-05T12:53:35,2026-08-05,VICI,HOLD,0,VWAP Trend,LOW,0,14.26,26.59,3.23,0.0,4.74,0.0,0.0,2026-08-12,0.5,0.85,54.5,1.52,7.2,28.53,-6.13,7.5,11,2026-04-17 to 2026-08-04 (75 days),-1.0,48.4,0.2198,26.93,27.63,BEARISH,MEDIUM,High volume; Last surprise: -32.4%; Earnings conf adj: -1,7.0,-1.0,1.0,85,2026-10-29,-32.39,-1
2026-08-05T12:51:39,2026-08-05,CNP,HOLD,0,VWAP Trend,LOW,1,13.91,41.58,3.63,0.0,2.54,0.0,0.0,2026-08-07,-1.29,-1.63,45.5,0.69,-13.26,-4.13,-8.21,2.4,11,2026-04-17 to 2026-08-04 (75 days),-1.0,37.2,0.2083,43.14,41.12,BULLISH,MEDIUM,Last surprise: +8.1%; Earnings conf adj: +1,7.0,-1.0,1.0,78,2026-10-22,8.11,1
2026-08-05T12:51:55,2026-08-05,EBAY,EXIT,-1,VWAP Trend,LOW,0,13.9,109.61,4.76,114.83,4.13,105.08,6.09,2026-08-07,1.21,2.22,54.5,2.03,23.5,5.31,-3.72,2.1,11,2026-04-17 to 2026-08-04 (75 days),-1.0,45.7,0.3618,111.22,96.4,BULLISH,MEDIUM,EARNINGS TODAY (2026-08-05); Last surprise: +5.1%; Earnings conf adj: -3; Size: Kelly 7.0% / VolTgt 5.2% / Blend 6.1%,5.18,-1.0,1.0,0,2026-08-05,5.06,-3
2026-08-05T12:55:46,2026-08-05,BWA,BUY,1,VWAP Trend,LOW,1,13.52,63.04,5.16,59.79,3.96,65.54,7.0,2026-08-09,2.26,4.01,80.0,12.19,65.39,11.35,-8.49,4.6,5,2026-04-17 to 2026-08-04 (75 days),0.544,43.8,0.2346,67.77,54.84,BULLISH,MEDIUM,Strong trend (ADX=32); EARNINGS TODAY (2026-08-05); Last surprise: +6.0%; Earnings conf adj: -3; Size: Kelly 7.0% / VolTgt 7.0% / Blend 7.0%,7.0,-1.0,1.0,0,2026-08-05,5.98,-3
2026-08-05T12:51:36,2026-08-05,CHRW,BUY,1,Stochastic Oscillator,HIGH,5,13.44,154.75,12.0,136.18,18.0,182.6,6.24,2026-08-20,1.2,1.46,66.7,2.27,43.19,85.22,-15.86,15.0,3,2026-04-17 to 2026-08-04 (75 days),0.508,33.1,0.7521,184.68,171.23,BULLISH,HIGH,Strong trend (ADX=66); Last surprise: +5.9%; Earnings conf adj: +1; Size: Kelly 10.0% / VolTgt 2.5% / Blend 6.2%,2.49,-1.0,1.0,84,2026-10-28,5.92,1
2026-08-05T12:55:11,2026-08-05,STWD,HOLD,0,MACD Crossover,LOW,0,13.37,16.26,2.33,0.0,3.5,0.0,0.0,2026-08-21,-0.75,-1.05,50.0,0.07,-7.63,16.4,-4.45,16.5,2,2026-04-17 to 2026-08-04 (75 days),-1.0,45.4,0.197,16.48,16.86,BEARISH,LOW,High volume; Earnings in 1d (2026-08-06); Last surprise: -7.1%; Earnings conf adj: -3,7.0,-1.0,1.0,1,2026-08-06,-7.14,-3
2026-08-05T12:52:09,2026-08-05,FRT,BUY,1,52-Week High Momentum,HIGH,5,12.93,122.82,1.9,120.49,5.7,129.82,10.0,2026-11-19,2.01,3.44,100.0,102.49,38.89,-0.11,-4.33,106.0,1,2026-04-17 to 2026-08-04 (75 days),0.389,46.7,0.1386,122.34,107.14,BULLISH,LOW,Last surprise: +34.7%; Earnings conf adj: +1; Size: Kelly 10.0% / VolTgt 10.0% / Blend 10.0%,10.0,-1.0,1.0,86,2026-10-30,34.72,1
2026-08-05T12:51:17,2026-08-05,AON,HOLD,0,EMA Crossover (9/21),MEDIUM,2,12.91,356.65,4.38,0.0,8.76,0.0,0.0,2026-08-21,0.85,1.48,25.0,3.53,17.39,-12.65,-6.86,16.8,4,2026-04-17 to 2026-08-04 (75 days),-1.0,51.0,0.3034,341.23,335.2,BULLISH,MEDIUM,Last surprise: +0.3%,6.18,-1.0,1.0,86,2026-10-30,0.26,0
2026-08-05T12:52:57,2026-08-05,ORCL,HOLD,0,MACD Crossover,LOW,1,12.85,145.74,10.37,0.0,15.55,0.0,0.0,2026-08-16,-0.64,-0.91,33.3,0.83,-26.26,19.54,-28.34,11.3,3,2026-04-17 to 2026-08-04 (75 days),-1.0,56.0,0.7097,162.71,180.39,BEARISH,HIGH,Strong trend (ADX=45); Last surprise: +7.7%; Earnings conf adj: +1,2.64,-1.0,1.0,35,2026-09-09,7.65,1
2026-08-05T12:51:36,2026-08-05,CI,HOLD,0,Multi-Factor Momentum MR,LOW,0,12.82,274.05,5.14,0.0,7.71,0.0,0.0,2026-08-31,-1.68,-2.0,0.0,0.0,-14.44,-10.82,-7.49,26.0,1,2026-04-17 to 2026-08-04 (75 days),-1.0,40.5,0.3541,286.05,277.48,BULLISH,MEDIUM,Last surprise: +2.4%,5.3,-1.0,1.0,-6,2026-07-30,2.37,0
2026-08-05T12:54:27,2026-08-05,AR,HOLD,-1,Stochastic Oscillator,LOW,0,12.71,35.69,4.5,37.3,6.75,33.28,0.0,2026-09-19,0.17,0.23,50.0,1.15,0.72,9.62,-14.78,45.0,2,2026-04-17 to 2026-08-04 (75 days),-1.0,55.1,0.3521,34.89,35.71,BEARISH,MEDIUM,Last surprise: -10.6%; Earnings conf adj: -1,5.32,-1.0,1.0,84,2026-10-28,-10.59,-1
2026-08-05T12:55:53,2026-08-05,KRG,HOLD,0,VWAP Trend,MEDIUM,3,12.63,27.51,3.44,0.0,1.97,0.0,0.0,2026-08-06,-0.55,-0.72,66.7,1.02,-4.93,-19.25,-5.25,1.5,15,2026-04-17 to 2026-08-04 (75 days),-1.0,36.6,0.2047,28.28,24.85,BULLISH,MEDIUM,High volume; Price at statistical extreme; Last surprise: +260.0%; Earnings conf adj: +1,9.16,-1.0,1.0,-6,2026-07-30,260.0,1
2026-08-05T12:54:16,2026-08-05,GLPI,HOLD,0,VWAP Trend,LOW,0,12.31,44.41,3.13,0.0,3.59,0.0,0.0,2026-08-09,-0.93,-1.2,50.0,0.63,-11.86,5.17,-6.55,4.5,8,2026-04-17 to 2026-08-04 (75 days),-1.0,46.1,0.2151,45.24,44.51,BULLISH,MEDIUM,Last surprise: +0.0%,7.0,-1.0,1.0,85,2026-10-29,0.0,0
2026-08-05T12:55:43,2026-08-05,SAM,HOLD,0,Stochastic Oscillator,LOW,0,12.26,184.12,8.4,0.0,12.6,0.0,0.0,2026-08-31,-0.99,-1.21,50.0,0.03,-27.04,35.33,-15.45,26.0,2,2026-04-17 to 2026-08-04 (75 days),-1.0,53.5,0.4259,178.03,206.77,BEARISH,HIGH,Last surprise: -24.4%; Earnings conf adj: -1,4.4,-1.0,1.0,85,2026-10-29,-24.43,-1
2026-08-05T12:55:18,2026-08-05,ACI,HOLD,0,Stochastic Oscillator,LOW,0,11.91,12.07,12.0,0.0,18.0,0.0,0.0,2026-09-01,-0.55,-0.73,50.0,0.48,-17.03,46.92,-17.79,27.5,2,2026-04-17 to 2026-08-04 (75 days),-1.0,39.6,0.8689,14.06,16.2,BEARISH,HIGH,Strong trend (ADX=33); Last surprise: -22.2%; Earnings conf adj: -1,2.16,-1.0,1.0,69,2026-10-13,-22.22,-1
2026-08-05T12:55:00,2026-08-05,HR,HOLD,-1,VWAP Trend,LOW,0,11.77,20.27,3.33,20.94,2.53,19.76,0.0,2026-08-07,-0.01,-0.01,66.7,1.18,-0.48,-41.36,-5.49,2.4,9,2026-04-17 to 2026-08-04 (75 days),-1.0,39.5,0.2074,20.56,18.33,BULLISH,MEDIUM,Strong trend (ADX=31); Last surprise: -550.0%; Earnings conf adj: -1,7.0,-1.0,1.0,85,2026-10-29,-550.0,-1
2026-08-05T12:52:38,2026-08-05,LRCX,BUY,1,VWAP Trend,HIGH,5,11.76,317.74,12.0,279.61,14.48,363.75,5.98,2026-08-08,1.61,3.02,55.6,2.12,116.03,36.13,-16.9,3.7,9,2026-04-17 to 2026-08-04 (75 days),0.476,50.0,0.956,338.2,242.44,BULLISH,HIGH,Last surprise: +8.3%; Earnings conf adj: +1; Size: Kelly 10.0% / VolTgt 2.0% / Blend 6.0%,1.96,-1.0,1.0,77,2026-10-21,8.33,1
2026-08-05T12:56:03,2026-08-05,UNG,HOLD,0,MACD Crossover,MEDIUM,2,11.66,9.77,4.31,0.0,6.46,0.0,0.0,2026-08-17,0.98,1.57,50.0,5.46,27.33,57.14,-8.32,12.2,4,2026-04-17 to 2026-08-04 (75 days),-1.0,33.4,0.3531,11.09,12.1,BEARISH,MEDIUM,Strong trend (ADX=41),5.31,-1.0,1.0,-1,,,0
2026-08-05T12:55:02,2026-08-05,ENS,HOLD,0,VWAP Trend,MEDIUM,3,11.49,193.7,9.68,0.0,5.97,0.0,0.0,2026-08-08,0.97,1.95,54.5,1.84,28.15,36.57,-9.19,3.1,11,2026-04-17 to 2026-08-04 (75 days),-1.0,45.8,0.4308,213.71,178.7,BULLISH,HIGH,Last surprise: +6.7%; Earnings conf adj: +1,4.35,-1.0,1.0,7,2026-08-12,6.69,1
2026-08-05T12:52:58,2026-08-05,OXY,HOLD,0,VWAP Trend,LOW,1,11.48,55.09,4.34,0.0,3.33,0.0,0.0,2026-08-06,1.53,3.57,71.4,3.07,17.88,7.69,-2.0,1.4,7,2026-04-17 to 2026-08-04 (75 days),-1.0,50.9,0.3575,54.56,50.04,BULLISH,MEDIUM,EARNINGS TODAY (2026-08-05); Last surprise: +79.7%; Earnings conf adj: -3,5.24,-1.0,1.0,0,2026-08-05,79.66,-3
2026-08-05T12:51:57,2026-08-05,EIX,EXIT,-1,52-Week High Momentum,MEDIUM,3,11.24,70.69,5.09,74.29,12.72,61.7,7.94,2026-09-30,0.32,0.4,100.0,19.73,4.34,0.54,-11.28,56.0,1,2026-04-17 to 2026-08-04 (75 days),-1.0,34.0,0.3181,73.74,65.85,BULLISH,MEDIUM,High volume; Price at statistical extreme; Strong trend (ADX=45); Last surprise: +27.3%; Earnings conf adj: +1; Size: Kelly 10.0% / VolTgt 5.9% / Blend 7.9%,5.89,-1.0,1.0,83,2026-10-27,27.27,1
2026-08-05T12:51:20,2026-08-05,APTV,HOLD,0,ADX Trend Following,LOW,0,11.18,47.72,10.16,0.0,15.24,0.0,0.0,2026-08-20,-2.59,-3.04,33.3,0.05,-58.08,-4.93,-24.86,15.7,3,2026-04-17 to 2026-08-04 (75 days),-1.0,26.8,0.6615,61.73,70.45,BEARISH,HIGH,RSI oversold; High volume; Price at statistical extreme; Strong trend (ADX=32); Last surprise: +8.2%,2.83,-1.0,1.0,85,2026-10-29,8.23,0
2026-08-05T12:52:44,2026-08-05,MLM,BUY,1,VWAP Trend,HIGH,5,10.8,555.82,4.89,528.64,5.54,586.61,7.53,2026-08-08,1.53,2.41,62.5,2.11,29.1,60.6,-5.4,3.6,8,2026-04-17 to 2026-08-04 (75 days),0.052,47.1,0.3706,575.14,609.37,BEARISH,MEDIUM,Last surprise: +5.0%; Earnings conf adj: +1; Size: Kelly 10.0% / VolTgt 5.1% / Blend 7.5%,5.06,-1.0,1.0,-6,2026-07-30,5.04,1
2026-08-05T12:53:36,2026-08-05,VMC,HOLD,0,EMA Crossover (9/21),MEDIUM,2,10.24,285.1,5.03,0.0,7.54,0.0,0.0,2026-08-17,0.23,0.32,66.7,1.77,2.58,9.46,-8.43,12.3,3,2026-04-17 to 2026-08-04 (75 days),-1.0,50.0,0.3722,287.52,289.45,BEARISH,MEDIUM,Last surprise: +4.9%,5.04,-1.0,1.0,85,2026-10-29,4.86,0
2026-08-05T12:56:01,2026-08-05,GLD,HOLD,0,Momentum (Rate of Change),LOW,0,10.2,374.16,2.51,0.0,3.76,0.0,0.0,2026-08-12,-0.7,-0.89,50.0,0.89,-5.56,39.43,-4.64,7.5,2,2026-04-17 to 2026-08-04 (75 days),-1.0,48.3,0.2079,383.51,411.75,BEARISH,MEDIUM,No special conditions,7.0,-1.0,1.0,-1,,,0
2026-08-05T12:51:34,2026-08-05,CEG,HOLD,0,Stochastic Oscillator,LOW,0,9.7,267.25,5.57,0.0,8.36,0.0,0.0,2026-10-09,-0.15,-0.19,0.0,0.0,-9.37,19.81,-21.58,65.0,1,2026-04-17 to 2026-08-04 (75 days),-1.0,53.3,0.3598,262.68,306.12,BEARISH,MEDIUM,Earnings in 1d (2026-08-06); Last surprise: +5.4%; Earnings conf adj: -1,5.21,-1.0,1.0,1,2026-08-06,5.38,-1
2026-08-05T12:54:06,2026-08-05,VNOM,HOLD,0,Stochastic Oscillator,LOW,0,9.17,42.34,4.07,0.0,6.11,0.0,0.0,2026-09-27,-0.37,-0.53,0.0,0.0,-7.58,9.67,-13.65,53.0,1,2026-04-17 to 2026-08-04 (75 days),-1.0,43.3,0.3465,43.87,41.91,BULLISH,MEDIUM,High volume; Last surprise: -8.4%; Earnings conf adj: -1,5.41,-1.0,1.0,89,2026-11-02,-8.43,-1
2026-08-05T12:53:32,2026-08-05,UDR,HOLD,0,MACD Crossover,LOW,1,9.01,38.55,3.21,0.0,4.81,0.0,0.0,2026-08-17,-0.98,-1.2,50.0,0.01,-10.12,-47.02,-5.9,12.0,2,2026-04-17 to 2026-08-04 (75 days),-1.0,44.4,0.2403,38.95,36.3,BULLISH,MEDIUM,Last surprise: +61.5%; Earnings conf adj: +1,7.0,-1.0,1.0,84,2026-10-28,61.54,1
2026-08-05T12:52:41,2026-08-05,MCD,HOLD,0,Stochastic Oscillator,LOW,0,8.75,268.34,3.31,0.0,4.96,0.0,0.0,2026-11-15,-1.51,-2.04,0.0,0.0,-29.97,8.36,-11.71,102.0,1,2026-04-17 to 2026-08-04 (75 days),-1.0,47.1,0.2212,274.04,297.43,BEARISH,MEDIUM,Last surprise: +3.3%,7.0,-1.0,1.0,-1,2026-08-04,3.28,0
2026-08-05T12:53:47,2026-08-05,ZTS,HOLD,0,ADX Trend Following,LOW,0,8.7,76.04,4.51,0.0,6.76,0.0,0.0,2026-08-21,-0.67,-0.88,50.0,0.31,-10.14,69.31,-6.16,16.5,2,2026-04-17 to 2026-08-04 (75 days),-1.0,48.2,0.2234,76.64,108.54,BEARISH,MEDIUM,Earnings in 1d (2026-08-06); Last surprise: -5.6%; Earnings conf adj: -3,7.0,-1.0,1.0,1,2026-08-06,-5.56,-3
2026-08-05T12:52:56,2026-08-05,OKE,HOLD,0,Multi-Factor Momentum MR,LOW,1,8.57,87.65,4.13,0.0,6.2,0.0,0.0,2026-09-23,-0.11,-0.16,0.0,0.0,-4.26,-32.11,-10.73,49.0,1,2026-04-17 to 2026-08-04 (75 days),-1.0,45.4,0.2531,88.14,80.04,BULLISH,MEDIUM,High volume; Last surprise: +5.5%; Earnings conf adj: +1,7.0,-1.0,1.0,83,2026-10-27,5.52,1
2026-08-05T12:54:37,2026-08-05,TKR,HOLD,0,VWAP Trend,MEDIUM,3,8.13,132.03,8.73,0.0,4.71,0.0,0.0,2026-08-07,1.48,3.16,50.0,2.23,42.26,-60.28,-5.6,2.2,12,2026-04-17 to 2026-08-04 (75 days),-1.0,42.8,0.4029,136.82,105.16,BULLISH,HIGH,High volume; Price at statistical extreme; Last surprise: +11.3%,4.65,-1.0,1.0,84,2026-10-28,11.33,0
2026-08-05T12:55:10,2026-08-05,BYD,HOLD,0,Multi-Factor Momentum MR,MEDIUM,3,8.13,86.32,4.2,0.0,8.4,0.0,0.0,2026-09-08,0.94,1.42,100.0,52.94,18.62,22.47,-7.05,34.5,2,2026-04-17 to 2026-08-04 (75 days),-1.0,47.2,0.2828,86.7,83.92,BULLISH,MEDIUM,Last surprise: +2.1%,6.63,-1.0,1.0,78,2026-10-22,2.12,0
2026-08-05T12:51:38,2026-08-05,CMG,HOLD,1,Composite Multi-Indicator,LOW,0,7.9,33.82,10.04,30.42,15.06,38.91,0.0,2026-11-15,0.14,0.2,0.0,0.0,-4.52,13.33,-17.71,102.0,1,2026-04-17 to 2026-08-04 (75 days),-1.0,48.7,0.7096,32.91,34.87,BEARISH,HIGH,High volume; Last surprise: +3.1%,2.64,-1.0,1.0,-7,2026-07-29,3.13,0
2026-08-05T12:53:42,2026-08-05,WEC,HOLD,0,VWAP Trend,LOW,1,7.76,109.25,2.61,0.0,2.04,0.0,0.0,2026-08-07,-0.96,-1.37,36.4,0.76,-9.1,6.64,-6.45,2.4,11,2026-04-17 to 2026-08-04 (75 days),-1.0,36.5,0.1675,113.59,111.27,BULLISH,LOW,Last surprise: +12.3%; Earnings conf adj: +1,7.0,-1.0,1.0,85,2026-10-29,12.35,1
2026-08-05T12:51:42,2026-08-05,COST,HOLD,0,Stochastic Oscillator,LOW,0,7.64,947.85,3.13,0.0,4.7,0.0,0.0,2026-10-06,-0.29,-0.39,0.0,0.0,-5.64,10.13,-7.47,62.0,1,2026-04-17 to 2026-08-04 (75 days),-1.0,50.0,0.2398,954.11,954.98,BEARISH,MEDIUM,Last surprise: -0.8%,7.0,-1.0,1.0,50,2026-09-24,-0.8,0
2026-08-05T12:54:02,2026-08-05,SITM,HOLD,0,VWAP Trend,LOW,1,7.33,583.06,12.0,0.0,10.76,0.0,0.0,2026-08-07,1.05,1.71,75.0,1.8,31.12,-33.54,-13.08,2.5,8,2026-04-17 to 2026-08-04 (75 days),-1.0,49.8,0.8646,643.56,460.86,BULLISH,HIGH,EARNINGS TODAY (2026-08-05); Last surprise: +24.1%; Earnings conf adj: -3,2.17,-1.0,1.0,0,2026-08-05,24.14,-3
2026-08-05T12:51:45,2026-08-05,CSGP,HOLD,0,Stochastic Oscillator,LOW,1,7.12,29.82,11.26,0.0,16.89,0.0,0.0,2026-11-08,-1.03,-1.46,0.0,0.0,-40.87,21.48,-23.29,95.0,1,2026-04-17 to 2026-08-04 (75 days),-1.0,51.2,0.5021,30.54,48.34,BEARISH,HIGH,Last surprise: +10.3%; Earnings conf adj: +1,3.73,-1.0,1.0,83,2026-10-27,10.34,1
2026-08-05T12:52:48,2026-08-05,MSCI,HOLD,0,VWAP Trend,HIGH,4,6.56,571.47,7.15,0.0,6.35,0.0,0.0,2026-08-08,1.01,1.89,60.0,2.07,16.24,13.22,-5.23,3.2,10,2026-04-17 to 2026-08-04 (75 days),-1.0,44.5,0.4506,595.09,570.25,BULLISH,HIGH,Last surprise: -0.8%,4.16,-1.0,1.0,76,2026-10-20,-0.8,0
2026-08-05T12:55:26,2026-08-05,CHH,HOLD,0,Stochastic Oscillator,LOW,1,6.37,108.61,5.08,0.0,7.62,0.0,0.0,2026-08-27,2.85,8.09,100.0,127.31,47.3,73.78,-2.2,22.0,1,2026-04-17 to 2026-08-04 (75 days),-1.0,45.9,0.3049,110.4,103.61,BULLISH,MEDIUM,EARNINGS TODAY (2026-08-05); Last surprise: -18.9%; Earnings conf adj: -3,6.15,-1.0,1.0,0,2026-08-05,-18.94,-3
2026-08-05T12:51:44,2026-08-05,CRH,HOLD,0,MACD Crossover,LOW,0,6.36,98.84,4.89,0.0,7.33,0.0,0.0,2026-08-20,-0.14,-0.2,50.0,0.47,-4.42,38.66,-6.95,15.0,2,2026-04-17 to 2026-08-04 (75 days),-1.0,43.4,0.3462,104.78,113.26,BEARISH,MEDIUM,Strong trend (ADX=32); Last surprise: -4.5%,5.42,-1.0,1.0,85,2026-10-29,-4.46,0
2026-08-05T12:54:47,2026-08-05,WLK,HOLD,0,Stochastic Oscillator,LOW,0,6.05,80.63,7.05,0.0,10.57,0.0,0.0,2026-11-11,-2.27,-3.38,0.0,0.0,-65.16,2.12,-39.01,98.0,1,2026-04-17 to 2026-08-04 (75 days),-1.0,61.0,0.5897,79.34,86.58,BEARISH,HIGH,High volume; Price at statistical extreme; Strong trend (ADX=34); Last surprise: -220.8%,3.18,-1.0,1.0,85,2026-10-29,-220.83,0
2026-08-05T12:52:57,2026-08-05,ON,HOLD,0,Momentum (Rate of Change),HIGH,4,5.69,80.78,12.0,0.0,36.18,0.0,0.0,2026-10-03,2.28,3.93,100.0,420.46,218.03,226.89,-17.74,59.0,1,2026-04-17 to 2026-08-04 (75 days),-1.0,38.6,0.5982,103.97,75.32,BULLISH,HIGH,High volume; Strong trend (ADX=33); Last surprise: +2.8%,3.13,-1.0,1.0,89,2026-11-02,2.78,0
2026-08-05T12:53:05,2026-08-05,PPL,HOLD,0,VWAP Trend,LOW,0,5.46,35.18,2.5,0.0,2.17,0.0,0.0,2026-08-07,0.42,0.58,63.6,1.46,3.76,31.55,-3.08,2.9,11,2026-04-17 to 2026-08-04 (75 days),-1.0,41.9,0.1616,35.78,36.08,BEARISH,LOW,Earnings in 2d (2026-08-07); Last surprise: +1.6%; Earnings conf adj: -2,7.0,-1.0,1.0,2,2026-08-07,1.61,-2
2026-08-05T12:54:14,2026-08-05,ONTO,HOLD,0,MACD Crossover,LOW,1,5.05,287.6,12.0,0.0,18.0,0.0,0.0,2026-08-20,0.85,1.25,100.0,99.55,37.69,41.34,-26.11,15.0,2,2026-04-17 to 2026-08-04 (75 days),-1.0,51.2,1.0224,293.55,222.59,BULLISH,HIGH,Earnings in 1d (2026-08-06); Last surprise: +0.0%; Earnings conf adj: -2,1.83,-1.0,1.0,1,2026-08-06,0.0,-2
2026-08-05T12:55:04,2026-08-05,PPC,HOLD,0,VWAP Trend,LOW,0,4.97,26.96,8.6,0.0,7.62,0.0,0.0,2026-08-10,0.21,0.32,42.9,1.18,1.55,55.76,-11.78,5.6,14,2026-04-17 to 2026-08-04 (75 days),-1.0,40.0,0.4088,28.53,35.42,BEARISH,HIGH,Last surprise: -3.0%,4.59,-1.0,1.0,84,2026-10-28,-3.03,0
2026-08-05T12:55:38,2026-08-05,WING,HOLD,0,MACD Crossover,HIGH,4,4.58,121.5,12.0,0.0,18.0,0.0,0.0,2026-09-23,0.9,1.4,100.0,90.73,33.45,113.77,-13.97,49.0,1,2026-04-17 to 2026-08-04 (75 days),-1.0,30.0,0.4493,150.35,204.49,BEARISH,HIGH,RSI oversold; Last surprise: +15.7%; Earnings conf adj: +1,4.17,-1.0,1.0,-7,2026-07-29,15.69,1
2026-08-05T12:52:32,2026-08-05,KLAC,HOLD,0,VWAP Trend,MEDIUM,2,4.17,195.45,12.0,0.0,10.13,0.0,0.0,2026-08-08,0.24,0.36,60.0,1.17,-0.17,-35.29,-18.93,3.4,10,2026-04-17 to 2026-08-04 (75 days),-1.0,44.3,0.6975,221.46,163.14,BULLISH,HIGH,Strong trend (ADX=36); Last surprise: +5.0%; Earnings conf adj: +1,2.69,-1.0,1.0,84,2026-10-28,5.0,1
2026-08-05T12:51:09,2026-08-05,ADI,HOLD,0,PEAD Earnings Drift,HIGH,5,4.09,380.29,5.53,0.0,15.13,0.0,0.0,2026-09-02,1.74,3.62,100.0,97.49,35.84,26.49,-5.11,28.0,1,2026-04-17 to 2026-08-04 (75 days),-1.0,49.7,0.3631,396.65,331.35,BULLISH,MEDIUM,Strong trend (ADX=32); Last surprise: +6.2%; Earnings conf adj: +1,5.16,-1.0,1.0,14,2026-08-19,6.19,1
2026-08-05T12:53:01,2026-08-05,PGR,HOLD,0,SMA Crossover (10/50),MEDIUM,2,4.08,210.75,5.41,0.0,10.82,0.0,0.0,2026-08-29,0.86,1.12,50.0,5.78,21.32,6.73,-12.77,24.0,2,2026-04-17 to 2026-08-04 (75 days),-1.0,46.4,0.4338,211.01,206.99,BULLISH,HIGH,Last surprise: +0.2%,4.32,-1.0,1.0,70,2026-10-14,0.21,0
2026-08-05T12:54:38,2026-08-05,BRKR,HOLD,0,Stochastic Oscillator,HIGH,4,4.01,50.3,12.0,0.0,18.0,0.0,0.0,2026-08-19,2.43,6.54,100.0,232.59,95.56,-10.74,-5.53,14.0,1,2026-04-17 to 2026-08-04 (75 days),-1.0,36.3,0.9432,58.05,45.91,BULLISH,HIGH,High volume; Price at statistical extreme; Strong trend (ADX=36); Last surprise: +34.8%,1.99,-1.0,1.0,90,2026-11-03,34.78,0
2026-08-05T12:54:39,2026-08-05,HL,HOLD,0,Stochastic Oscillator,LOW,0,3.97,15.39,10.84,0.0,16.26,0.0,0.0,2026-11-15,-0.73,-1.01,0.0,0.0,-49.71,5.9,-33.24,102.0,1,2026-04-17 to 2026-08-04 (75 days),-1.0,51.6,0.6118,15.62,18.31,BEARISH,HIGH,Last surprise: +0.0%,3.06,-1.0,1.0,-1,2026-08-04,0.0,0
2026-08-05T12:51:58,2026-08-05,ELV,HOLD,0,Stochastic Oscillator,MEDIUM,2,3.96,378.0,6.59,0.0,9.88,0.0,0.0,2026-08-22,0.39,0.73,50.0,1.87,6.07,-67.04,-4.66,17.0,2,2026-04-17 to 2026-08-04 (75 days),-1.0,44.0,0.4204,395.73,349.02,BULLISH,HIGH,Last surprise: +20.0%; Earnings conf adj: +1,4.46,-1.0,1.0,77,2026-10-21,19.97,1
2026-08-05T12:53:08,2026-08-05,QCOM,HOLD,0,ADX Trend Following,HIGH,4,3.94,162.67,9.69,0.0,26.73,0.0,0.0,2026-09-24,2.08,3.36,100.0,428.93,233.38,147.98,-23.55,50.0,1,2026-04-17 to 2026-08-04 (75 days),-1.0,42.4,0.48,196.33,167.84,BULLISH,HIGH,Strong trend (ADX=40); Last surprise: -0.5%,3.91,-1.0,1.0,85,2026-10-29,-0.45,0
2026-08-05T12:53:46,2026-08-05,YUM,HOLD,0,VWAP Trend,LOW,1,3.82,147.68,5.11,0.0,3.71,0.0,0.0,2026-08-08,-1.24,-1.61,57.1,0.61,-18.24,8.79,-7.42,3.0,14,2026-04-17 to 2026-08-04 (75 days),-1.0,41.3,0.272,153.5,153.28,BULLISH,MEDIUM,Last surprise: +3.8%,6.89,-1.0,1.0,-6,2026-07-30,3.85,0
2026-08-05T12:53:40,2026-08-05,WBD,HOLD,0,Stochastic Oscillator,LOW,0,3.74,25.79,3.4,0.0,5.1,0.0,0.0,2026-08-31,0.26,0.43,33.3,2.13,2.86,22.2,-4.45,26.3,3,2026-04-17 to 2026-08-04 (75 days),-1.0,44.2,0.2444,26.55,26.55,BULLISH,MEDIUM,Earnings in 1d (2026-08-06); Last surprise: -1070.0%; Earnings conf adj: -2,7.0,-1.0,1.0,1,2026-08-06,-1070.0,-2
2026-08-05T12:52:35,2026-08-05,LII,HOLD,0,MACD Crossover,MEDIUM,3,3.71,446.74,10.32,0.0,25.8,0.0,0.0,2026-09-10,0.78,1.21,100.0,44.58,15.21,40.12,-6.28,36.0,1,2026-04-17 to 2026-08-04 (75 days),-1.0,33.8,0.8192,522.98,506.17,BULLISH,HIGH,Strong trend (ADX=44); Last surprise: +0.3%,2.29,-1.0,1.0,84,2026-10-28,0.26,0
2026-08-05T12:55:34,2026-08-05,SYNA,HOLD,0,SMA Crossover (10/50),MEDIUM,3,3.66,106.56,12.0,0.0,30.0,0.0,0.0,2026-10-21,2.1,3.71,100.0,456.24,258.08,95.1,-20.46,77.0,1,2026-04-17 to 2026-08-04 (75 days),-1.0,40.2,0.5886,126.51,92.56,BULLISH,HIGH,Strong trend (ADX=34); Earnings in 1d (2026-08-06); Last surprise: +7.9%; Earnings conf adj: -1,3.19,-1.0,1.0,1,2026-08-06,7.92,-1
2026-08-05T12:52:55,2026-08-05,NVR,HOLD,0,MACD Crossover,MEDIUM,3,3.59,6267.35,5.62,0.0,8.43,0.0,0.0,2026-09-23,1.2,2.04,100.0,69.04,24.65,56.05,-5.85,49.0,1,2026-04-17 to 2026-08-04 (75 days),-1.0,45.9,0.3454,6394.52,6926.93,BEARISH,MEDIUM,Last surprise: -6.7%; Earnings conf adj: -1,5.43,-1.0,1.0,77,2026-10-21,-6.69,-1
2026-08-05T12:53:18,2026-08-05,SPGI,HOLD,0,Stochastic Oscillator,LOW,0,3.47,412.53,4.8,0.0,7.2,0.0,0.0,2026-09-09,0.15,0.24,50.0,1.21,0.18,4.36,-10.33,35.5,2,2026-04-17 to 2026-08-04 (75 days),-1.0,45.0,0.3058,411.67,432.95,BEARISH,MEDIUM,Last surprise: -3.0%,6.13,-1.0,1.0,85,2026-10-29,-2.99,0
2026-08-05T12:54:55,2026-08-05,ALGM,HOLD,0,PEAD Earnings Drift,HIGH,5,3.42,42.85,12.0,0.0,17.83,0.0,0.0,2026-08-14,1.42,2.56,100.0,83.13,28.15,1.74,-6.82,9.0,1,2026-04-17 to 2026-08-04 (75 days),-1.0,39.9,0.7549,51.21,38.19,BULLISH,HIGH,Strong trend (ADX=36); Last surprise: +9.5%; Earnings conf adj: +1,2.48,-1.0,1.0,85,2026-10-29,9.52,1
2026-08-05T12:52:25,2026-08-05,INTC,EXIT,-1,52-Week High Momentum,HIGH,5,3.4,100.86,12.0,112.96,23.74,76.92,6.06,2026-08-16,2.28,5.48,66.7,7.55,291.16,17.73,-24.16,11.7,3,2026-04-17 to 2026-08-04 (75 days),-1.0,49.4,0.8813,111.9,67.63,BULLISH,HIGH,Last surprise: +90.9%; Earnings conf adj: +1; Size: Kelly 10.0% / VolTgt 2.1% / Blend 6.1%,2.13,-1.0,1.0,78,2026-10-22,90.91,1
2026-08-05T12:53:11,2026-08-05,RL,BUY,1,VWAP Trend,LOW,1,3.27,377.92,4.8,359.78,4.81,396.1,5.65,2026-08-07,0.88,2.36,42.9,1.88,23.8,30.7,-7.68,2.7,7,2026-04-17 to 2026-08-04 (75 days),0.472,47.2,0.3719,385.67,359.66,BULLISH,MEDIUM,Earnings in 1d (2026-08-06); Last surprise: +10.2%; Earnings conf adj: -1; Size: Kelly 6.3% / VolTgt 5.0% / Blend 5.7%,5.04,-1.0,1.0,1,2026-08-06,10.24,-1
2026-08-05T12:54:04,2026-08-05,H,EXIT,-1,Momentum (Rate of Change),HIGH,5,3.14,173.6,5.76,183.6,20.16,138.6,7.96,2026-10-21,1.52,2.66,100.0,120.36,44.23,41.72,-8.07,77.0,1,2026-04-17 to 2026-08-04 (75 days),-1.0,34.6,0.3171,189.48,165.93,BULLISH,MEDIUM,Strong trend (ADX=42); Last surprise: +20.4%; Earnings conf adj: +1; Size: Kelly 10.0% / VolTgt 5.9% / Blend 8.0%,5.91,-1.0,1.0,-6,2026-07-30,20.43,1
2026-08-05T12:54:15,2026-08-05,WSO,HOLD,0,MACD Crossover,LOW,1,3.08,335.07,9.81,0.0,19.62,0.0,0.0,2026-09-03,0.13,0.22,100.0,4.51,0.85,56.91,-9.45,29.0,1,2026-04-17 to 2026-08-04 (75 days),-1.0,38.7,0.5718,374.13,374.13,BULLISH,HIGH,Strong trend (ADX=43); Last surprise: -8.9%; Earnings conf adj: -1,3.28,-1.0,1.0,84,2026-10-28,-8.88,-1
2026-08-05T12:51:31,2026-08-05,C,BUY,1,MACD Crossover,HIGH,5,2.8,136.87,3.93,131.49,11.79,153.01,7.58,2026-09-02,1.59,2.96,100.0,65.28,23.15,6.72,-4.02,28.0,1,2026-04-17 to 2026-08-04 (75 days),0.254,55.7,0.3632,134.9,117.96,BULLISH,MEDIUM,Last surprise: +15.9%; Earnings conf adj: +1; Size: Kelly 10.0% / VolTgt 5.2% / Blend 7.6%,5.16,-1.0,1.0,69,2026-10-13,15.87,1
2026-08-05T12:54:40,2026-08-05,BRX,HOLD,0,Multi-Factor Momentum MR,MEDIUM,3,2.69,31.18,2.34,0.0,4.68,0.0,0.0,2026-10-26,1.35,2.23,100.0,66.84,24.19,17.77,-5.13,82.0,1,2026-04-17 to 2026-08-04 (75 days),-1.0,43.8,0.1869,31.33,28.35,BULLISH,LOW,Last surprise: -12.5%; Earnings conf adj: -1,10.0,-1.0,1.0,82,2026-10-26,-12.5,-1
2026-08-05T12:51:18,2026-08-05,APD,HOLD,0,ADX Trend Following,MEDIUM,2,2.64,294.71,2.99,0.0,4.9,0.0,0.0,2026-08-15,0.86,2.01,33.3,2.21,16.66,11.03,-5.01,10.0,3,2026-04-17 to 2026-08-04 (75 days),-1.0,50.7,0.1968,288.69,273.67,BULLISH,LOW,Last surprise: +3.9%,9.53,-1.0,1.0,-6,2026-07-30,3.89,0
2026-08-05T12:55:50,2026-08-05,FLR,HOLD,0,Stochastic Oscillator,LOW,1,1.95,51.54,8.21,0.0,12.32,0.0,0.0,2026-09-08,1.46,2.35,100.0,123.81,45.25,22.76,-7.08,34.0,1,2026-04-17 to 2026-08-04 (75 days),-1.0,53.5,0.4586,50.23,47.11,BULLISH,HIGH,Earnings in 2d (2026-08-07); Last surprise: -77.0%; Earnings conf adj: -3,4.09,-1.0,1.0,2,2026-08-07,-77.05,-3
2026-08-05T12:54:59,2026-08-05,AGCO,HOLD,0,VWAP Trend,HIGH,4,1.91,107.2,9.46,0.0,5.9,0.0,0.0,2026-08-07,1.33,2.42,63.6,2.25,27.33,55.83,-5.59,2.3,11,2026-04-17 to 2026-08-04 (75 days),-1.0,41.4,0.494,114.44,114.49,BEARISH,HIGH,Strong trend (ADX=33); Last surprise: -3.4%,3.8,-1.0,1.0,86,2026-10-30,-3.38,0
2026-08-05T12:53:20,2026-08-05,STZ,HOLD,0,VWAP Trend,LOW,1,1.65,131.42,3.56,0.0,4.82,0.0,0.0,2026-08-11,-0.9,-1.15,50.0,0.68,-19.3,29.47,-11.22,6.4,10,2026-04-17 to 2026-08-04 (75 days),-1.0,46.4,0.242,136.34,143.09,BEARISH,MEDIUM,Last surprise: +7.2%; Earnings conf adj: +1,7.0,-1.0,1.0,61,2026-10-05,7.19,1
2026-08-05T12:54:16,2026-08-05,WMG,HOLD,0,VWAP Trend,LOW,0,1.38,25.8,9.37,0.0,9.12,0.0,0.0,2026-08-11,0.56,0.91,44.4,1.36,13.42,54.16,-15.42,6.4,9,2026-04-17 to 2026-08-04 (75 days),-1.0,39.7,0.4578,28.65,28.94,BEARISH,HIGH,EARNINGS TODAY (2026-08-05); Last surprise: +48.3%; Earnings conf adj: -3,4.1,-1.0,1.0,0,2026-08-05,48.28,-3
2026-08-05T12:55:54,2026-08-05,LEA,HOLD,0,PEAD Earnings Drift,MEDIUM,3,0.91,125.93,8.16,0.0,20.4,0.0,0.0,2026-11-15,0.34,0.45,100.0,17.82,5.79,2.49,-12.23,102.0,1,2026-04-17 to 2026-08-04 (75 days),-1.0,34.1,0.4859,139.59,123.76,BULLISH,HIGH,Strong trend (ADX=36); Last surprise: +7.5%; Earnings conf adj: +1,3.86,-1.0,1.0,78,2026-10-22,7.54,1
2026-08-05T12:53:25,2026-08-05,TKO,HOLD,0,EMA Crossover (9/21),MEDIUM,3,0.81,184.51,4.08,0.0,6.12,0.0,0.0,2026-09-23,0.19,0.29,100.0,5.55,1.56,3.52,-10.92,49.0,1,2026-04-17 to 2026-08-04 (75 days),-1.0,45.3,0.2072,194.12,195.52,BEARISH,MEDIUM,High volume; Last surprise: +22.9%; Earnings conf adj: +1,9.05,-1.0,1.0,-2,2026-08-03,22.94,1
2026-08-05T12:55:38,2026-08-05,BHF,HOLD,0,EMA Crossover (9/21),LOW,0,0.63,62.69,2.2,0.0,4.4,0.0,0.0,2026-10-11,0.26,0.35,100.0,7.29,1.81,-0.79,-5.84,67.0,1,2026-04-17 to 2026-08-04 (75 days),-1.0,44.0,0.1695,63.52,62.09,BULLISH,LOW,Strong trend (ADX=42); Earnings in 1d (2026-08-06); Last surprise: -2.7%; Earnings conf adj: -2,7.0,-1.0,1.0,1,2026-08-06,-2.68,-2
2026-08-05T12:51:53,2026-08-05,DTE,HOLD,0,Momentum (Rate of Change),MEDIUM,3,0.54,141.72,2.72,0.0,5.44,0.0,0.0,2026-09-24,0.24,0.36,100.0,23.2,2.37,11.62,-5.51,50.0,1,2026-04-17 to 2026-08-04 (75 days),-1.0,37.3,0.1779,146.77,139.89,BULLISH,LOW,Last surprise: +15.8%; Earnings conf adj: +1,10.0,-1.0,1.0,85,2026-10-29,15.79,1
2026-08-05T12:54:44,2026-08-05,FCFS,HOLD,0,VWAP Trend,LOW,1,-0.14,214.89,8.71,0.0,5.25,0.0,0.0,2026-08-07,-0.52,-0.8,58.3,0.89,-10.12,-24.86,-9.67,2.6,12,2026-04-17 to 2026-08-04 (75 days),-1.0,53.6,0.4135,216.86,189.36,BULLISH,HIGH,Strong trend (ADX=41); Last surprise: +4.6%,4.53,-1.0,1.0,78,2026-10-22,4.6,0
2026-08-05T12:55:18,2026-08-05,BKH,HOLD,-1,VWAP Trend,LOW,0,-0.56,72.24,3.13,74.5,2.38,70.52,0.0,2026-08-07,-0.01,-0.01,50.0,1.04,-1.67,11.71,-8.03,2.2,6,2026-04-17 to 2026-08-04 (75 days),-1.0,43.2,0.2035,73.45,71.06,BULLISH,MEDIUM,Strong trend (ADX=31); EARNINGS TODAY (2026-08-05); Last surprise: -2.7%; Earnings conf adj: -3,7.0,-1.0,1.0,0,2026-08-05,-2.72,-3
2026-08-05T12:54:38,2026-08-05,VICR,HOLD,0,VWAP Trend,HIGH,4,-1.31,226.48,12.0,0.0,11.46,0.0,0.0,2026-08-07,1.23,1.99,50.0,1.76,66.7,52.91,-23.73,2.2,10,2026-04-17 to 2026-08-04 (75 days),-1.0,45.5,0.9816,282.63,188.32,BULLISH,HIGH,Strong trend (ADX=35); Last surprise: +71.2%; Earnings conf adj: +1,1.91,-1.0,1.0,76,2026-10-20,71.21,1
2026-08-05T12:53:12,2026-08-05,ROK,EXIT,-1,52-Week High Momentum,MEDIUM,3,-1.41,445.23,5.82,471.14,11.64,393.41,7.61,2026-11-19,0.86,1.28,100.0,78.53,28.86,1.23,-10.17,106.0,1,2026-04-17 to 2026-08-04 (75 days),-1.0,41.5,0.3593,464.64,410.94,BULLISH,MEDIUM,High volume; Price at statistical extreme; Last surprise: +14.6%; Size: Kelly 10.0% / VolTgt 5.2% / Blend 7.6%,5.22,-1.0,1.0,-1,2026-08-04,14.58,0
2026-08-05T12:51:23,2026-08-05,AZO,HOLD,0,ADX Trend Following,LOW,1,-1.56,3028.03,4.84,0.0,7.26,0.0,0.0,2026-08-17,-0.5,-0.66,33.3,0.07,-13.33,29.72,-10.64,12.3,3,2026-04-17 to 2026-08-04 (75 days),-1.0,48.2,0.3112,3065.51,3472.13,BEARISH,MEDIUM,Last surprise: +5.3%; Earnings conf adj: +1,6.03,-1.0,1.0,48,2026-09-22,5.25,1
2026-08-05T12:53:53,2026-08-05,MKSI,HOLD,0,Momentum (Rate of Change),LOW,1,-1.8,320.76,12.0,0.0,24.0,0.0,0.0,2026-10-22,1.53,2.34,100.0,248.72,107.86,45.84,-21.96,78.0,1,2026-04-17 to 2026-08-04 (75 days),-1.0,47.6,0.8839,346.73,246.24,BULLISH,HIGH,High volume; Strong trend (ADX=35); EARNINGS TODAY (2026-08-05); Last surprise: +12.2%; Earnings conf adj: -3,2.12,-1.0,1.0,0,2026-08-05,12.2,-3
2026-08-05T12:51:19,2026-08-05,APP,HOLD,0,Stochastic Oscillator,LOW,0,-2.13,419.7,9.73,0.0,14.6,0.0,0.0,2026-08-25,-0.07,-0.1,50.0,0.36,-9.11,26.31,-15.81,20.5,2,2026-04-17 to 2026-08-04 (75 days),-1.0,43.8,0.5997,487.77,518.45,BEARISH,HIGH,Strong trend (ADX=35); EARNINGS TODAY (2026-08-05); Last surprise: +3.3%; Earnings conf adj: -3,3.13,-1.0,1.0,0,2026-08-05,3.3,-3
2026-08-05T12:52:21,2026-08-05,HSY,HOLD,0,MACD Crossover,LOW,1,-2.27,179.04,4.06,0.0,6.09,0.0,0.0,2026-08-23,0.11,0.15,33.3,1.12,0.07,20.06,-10.45,18.3,3,2026-04-17 to 2026-08-04 (75 days),-1.0,52.7,0.2725,179.18,190.06,BEARISH,MEDIUM,Last surprise: +32.9%; Earnings conf adj: +1,6.88,-1.0,1.0,-6,2026-07-30,32.87,1
2026-08-05T12:53:50,2026-08-05,UTHR,HOLD,0,MACD Crossover,LOW,0,-2.42,518.68,2.52,0.0,3.78,0.0,0.0,2026-08-17,-0.74,-1.04,50.0,0.1,-7.34,27.57,-6.57,12.0,2,2026-04-17 to 2026-08-04 (75 days),-1.0,38.2,0.1616,542.49,515.24,BULLISH,LOW,EARNINGS TODAY (2026-08-05); Last surprise: -15.2%; Earnings conf adj: -3,7.0,-1.0,1.0,0,2026-08-05,-15.16,-3
2026-08-05T12:53:58,2026-08-05,DKS,HOLD,1,VWAP Trend,LOW,1,-2.75,200.74,5.02,190.66,3.67,208.11,0.0,2026-08-07,0.43,0.61,55.6,1.3,7.72,37.94,-7.98,2.0,9,2026-04-17 to 2026-08-04 (75 days),-1.0,39.3,0.3297,219.11,211.22,BULLISH,MEDIUM,Last surprise: -0.3%,5.69,-1.0,1.0,20,2026-08-25,-0.34,0
2026-08-05T12:54:18,2026-08-05,AMKR,HOLD,0,Momentum (Rate of Change),MEDIUM,3,-2.95,55.87,12.0,0.0,30.0,0.0,0.0,2026-10-21,0.3,0.43,100.0,6.47,-2.54,44.39,-26.34,77.0,1,2026-04-17 to 2026-08-04 (75 days),-1.0,43.1,1.2802,70.6,53.87,BULLISH,HIGH,Strong trend (ADX=32); Last surprise: +45.8%; Earnings conf adj: +1,1.46,-1.0,1.0,82,2026-10-26,45.83,1
2026-08-05T12:53:32,2026-08-05,UBER,HOLD,0,MACD Crossover,LOW,0,-3.42,71.99,4.66,0.0,6.99,0.0,0.0,2026-08-17,-0.23,-0.36,33.3,0.34,-7.6,13.3,-7.79,12.3,3,2026-04-17 to 2026-08-04 (75 days),-1.0,51.6,0.3186,71.73,78.35,BEARISH,MEDIUM,EARNINGS TODAY (2026-08-05); Last surprise: -81.7%; Earnings conf adj: -3,5.89,-1.0,1.0,0,2026-08-05,-81.69,-3
2026-08-05T12:52:32,2026-08-05,KMI,HOLD,0,Stochastic Oscillator,HIGH,4,-3.46,31.38,2.99,0.0,4.49,0.0,0.0,2026-08-18,1.63,2.82,50.0,88.46,15.92,16.49,-1.91,13.5,2,2026-04-17 to 2026-08-04 (75 days),-1.0,44.6,0.1779,31.76,29.92,BULLISH,LOW,Last surprise: +19.4%; Earnings conf adj: +1,10.0,-1.0,1.0,84,2026-10-28,19.35,1
2026-08-05T12:53:38,2026-08-05,VST,HOLD,0,Stochastic Oscillator,MEDIUM,2,-4.38,143.23,11.87,0.0,12.69,0.0,0.0,2026-08-13,1.29,2.13,50.0,4.25,37.46,73.39,-8.25,8.5,2,2026-04-17 to 2026-08-04 (75 days),-1.0,40.6,0.5526,156.19,162.83,BEARISH,HIGH,High volume; Earnings in 2d (2026-08-07); Last surprise: +53.5%; Earnings conf adj: -1,3.39,-1.0,1.0,2,2026-08-07,53.48,-1
2026-08-05T12:52:05,2026-08-05,FDXF,HOLD,0,VWAP Trend,LOW,0,-4.93,142.7,10.51,0.0,15.77,0.0,0.0,2026-08-21,-0.59,-0.89,50.0,0.36,-31.32,37.72,-12.94,16.0,2,2026-06-15 to 2026-08-04 (35 days),-1.0,43.7,0.5573,nan,nan,NEUTRAL,HIGH,No special conditions,3.36,-1.0,1.0,84,2026-10-28,,0
2026-08-05T12:52:35,2026-08-05,LHX,HOLD,0,ADX Trend Following,LOW,1,-5.0,285.3,7.5,0.0,11.25,0.0,0.0,2026-08-20,-1.18,-1.6,33.3,0.12,-23.44,26.18,-16.07,15.3,3,2026-04-17 to 2026-08-04 (75 days),-1.0,46.3,0.4188,296.66,314.31,BEARISH,HIGH,Strong trend (ADX=31); Last surprise: +28.3%; Earnings conf adj: +1,4.48,-1.0,1.0,85,2026-10-29,28.27,1
2026-08-05T12:56:07,2026-08-05,XLU,BUY,1,Stochastic Oscillator,MEDIUM,2,-5.64,44.11,2.08,43.19,3.12,45.49,10.0,2026-08-27,0.74,0.94,50.0,27.88,7.95,20.41,-4.96,22.5,2,2026-04-17 to 2026-08-04 (75 days),0.345,38.6,0.1329,44.86,44.37,BULLISH,LOW,Size: Kelly 10.0% / VolTgt 10.0% / Blend 10.0%,10.0,-1.0,1.0,-1,,,0
2026-08-05T12:53:43,2026-08-05,WMT,HOLD,0,Stochastic Oscillator,LOW,1,-5.69,111.55,3.8,0.0,5.7,0.0,0.0,2026-08-31,0.34,0.51,50.0,5.44,4.08,40.23,-5.7,26.0,2,2026-04-17 to 2026-08-04 (75 days),-1.0,45.8,0.2179,115.04,117.71,BEARISH,MEDIUM,Last surprise: +0.0%,7.0,-1.0,1.0,15,2026-08-20,0.0,0
2026-08-05T12:56:03,2026-08-05,TLT,HOLD,-1,52-Week High Momentum,LOW,0,-5.71,82.82,1.5,84.06,1.3,81.74,0.0,2026-08-08,-11.81,-9.54,50.0,0.02,-24.94,-13.79,-8.08,3.5,2,2026-04-17 to 2026-08-04 (75 days),-1.0,42.6,0.0882,84.41,85.47,BEARISH,LOW,No special conditions,7.0,-1.0,1.0,-1,,,0
2026-08-05T12:51:49,2026-08-05,DECK,HOLD,0,Stochastic Oscillator,HIGH,4,-6.05,99.87,8.33,0.0,12.5,0.0,0.0,2026-09-07,1.03,1.63,50.0,4.8,34.08,67.42,-11.91,33.5,2,2026-04-17 to 2026-08-04 (75 days),-1.0,45.5,0.4458,105.95,102.2,BULLISH,HIGH,Last surprise: +6.8%; Earnings conf adj: +1,4.21,-1.0,1.0,78,2026-10-22,6.82,1
2026-08-05T12:53:14,2026-08-05,SBAC,HOLD,0,ADX Trend Following,LOW,0,-7.09,187.9,5.35,0.0,8.02,0.0,0.0,2026-08-15,-0.75,-1.07,33.3,0.51,-11.73,31.42,-11.37,10.3,3,2026-04-17 to 2026-08-04 (75 days),-1.0,55.0,0.3811,189.34,192.63,BEARISH,MEDIUM,High volume; Last surprise: -1.1%,4.92,-1.0,1.0,89,2026-11-02,-1.06,0
2026-08-05T12:53:08,2026-08-05,Q,HOLD,0,ADX Trend Following,HIGH,4,-7.1,141.67,10.58,0.0,7.65,0.0,0.0,2026-08-10,1.01,1.55,50.0,2.54,31.73,76.94,-12.21,5.0,2,2026-05-13 to 2026-08-04 (57 days),-1.0,52.3,0.4346,147.57,nan,NEUTRAL,HIGH,Strong trend (ADX=36); Last surprise: +17.4%; Earnings conf adj: +1,4.31,-1.0,1.0,-1,2026-08-04,17.39,1
2026-08-05T12:52:38,2026-08-05,LVS,HOLD,0,MACD Crossover,LOW,0,-8.79,46.02,4.49,0.0,6.74,0.0,0.0,2026-08-19,-1.31,-1.85,33.3,0.15,-24.78,27.84,-13.88,14.0,3,2026-04-17 to 2026-08-04 (75 days),-1.0,43.6,0.2887,48.09,55.44,BEARISH,MEDIUM,Last surprise: -22.4%; Earnings conf adj: -1,6.49,-1.0,1.0,77,2026-10-21,-22.37,-1
2026-08-05T12:55:14,2026-08-05,CHDN,HOLD,0,ADX Trend Following,LOW,1,-9.05,85.35,5.52,0.0,8.28,0.0,0.0,2026-08-30,0.38,0.58,50.0,2.04,6.73,29.88,-9.01,25.0,2,2026-04-17 to 2026-08-04 (75 days),-1.0,48.9,0.3568,86.6,95.11,BEARISH,MEDIUM,Last surprise: +0.6%,5.25,-1.0,1.0,84,2026-10-28,0.58,0
2026-08-05T12:55:50,2026-08-05,EVR,HOLD,0,EMA Crossover (9/21),LOW,0,-9.37,319.73,8.48,0.0,12.72,0.0,0.0,2026-08-29,-0.02,-0.03,50.0,0.44,-3.33,31.14,-10.51,24.5,2,2026-04-17 to 2026-08-04 (75 days),-1.0,42.0,0.5022,343.56,330.22,BULLISH,HIGH,Last surprise: -4.0%,3.73,-1.0,1.0,84,2026-10-28,-3.96,0
2026-08-05T12:55:42,2026-08-05,COLM,HOLD,0,Stochastic Oscillator,MEDIUM,3,-9.4,57.59,5.85,0.0,8.77,0.0,0.0,2026-09-01,0.82,1.15,50.0,1.75,18.47,33.87,-10.82,27.0,2,2026-04-17 to 2026-08-04 (75 days),-1.0,34.1,0.3346,63.92,58.09,BULLISH,MEDIUM,High volume; Price at statistical extreme; Strong trend (ADX=33); Last surprise: +233.3%; Earnings conf adj: +1,5.6,-1.0,1.0,85,2026-10-29,233.33,1
2026-08-05T12:53:06,2026-08-05,PSKY,HOLD,0,RSI Mean Reversion,LOW,0,-12.07,8.38,5.89,0.0,8.83,0.0,0.0,2026-08-06,0.0,0.0,0.0,0.0,0.0,67.76,0.0,0.0,0,2026-04-17 to 2026-08-04 (75 days),-1.0,40.8,0.3939,9.6,11.57,BEARISH,MEDIUM,Strong trend (ADX=40); Last surprise: +53.3%,4.76,-1.0,1.0,-1,2026-08-04,53.33,0
2026-08-05T12:53:11,2026-08-05,ROL,HOLD,0,SMA Crossover (10/50),LOW,0,-12.1,37.81,8.4,0.0,10.04,0.0,0.0,2026-08-06,0.0,0.0,0.0,0.0,0.0,71.77,0.0,0.0,0,2026-04-17 to 2026-08-04 (75 days),-1.0,26.9,0.4032,44.34,54.44,BEARISH,HIGH,RSI oversold; Strong trend (ADX=46); Last surprise: -5.9%; Earnings conf adj: -1,4.65,-1.0,1.0,84,2026-10-28,-5.88,-1
2026-08-05T12:55:14,2026-08-05,VFC,HOLD,1,VWAP Trend,LOW,0,-12.31,15.23,11.41,13.49,10.93,16.89,0.0,2026-08-08,-2.03,-2.51,20.0,0.07,-18.92,46.98,-6.66,3.2,5,2026-04-17 to 2026-08-04 (75 days),-1.0,41.8,0.7757,16.73,17.52,BEARISH,HIGH,Last surprise: -22.7%; Earnings conf adj: -1,2.42,-1.0,1.0,82,2026-10-26,-22.73,-1
2026-08-05T12:54:54,2026-08-05,MP,HOLD,0,RSI Mean Reversion,LOW,0,-12.5,47.47,12.0,0.0,18.0,0.0,0.0,2026-08-06,-1.85,-1.85,0.0,0.0,-0.34,57.07,-0.1,0.0,0,2026-04-17 to 2026-08-04 (75 days),-1.0,49.8,0.8081,54.1,58.73,BEARISH,HIGH,High volume; Strong trend (ADX=52); Earnings in 1d (2026-08-06); Last surprise: +175.0%; Earnings conf adj: -1,2.32,-1.0,1.0,1,2026-08-06,175.0,-1
2026-08-05T12:54:40,2026-08-05,SAIA,HOLD,0,MACD Crossover,LOW,0,-12.55,374.33,9.74,0.0,14.32,0.0,0.0,2026-08-16,-1.79,-2.34,50.0,0.04,-27.13,12.54,-11.16,11.0,2,2026-04-17 to 2026-08-04 (75 days),-1.0,36.2,0.5482,435.3,376.92,BULLISH,HIGH,Strong trend (ADX=58); Last surprise: +3.5%,3.42,-1.0,1.0,85,2026-10-29,3.54,0
2026-08-05T12:52:16,2026-08-05,HAL,HOLD,0,EMA Crossover (9/21),LOW,0,-13.19,32.36,5.02,0.0,8.64,0.0,0.0,2026-08-06,-1.85,-1.85,0.0,0.0,-0.34,36.26,-0.1,0.0,0,2026-04-17 to 2026-08-04 (75 days),-1.0,40.6,0.3468,35.79,33.63,BULLISH,MEDIUM,Strong trend (ADX=40); Last surprise: +1.9%,5.41,-1.0,1.0,76,2026-10-20,1.85,0
2026-08-05T12:51:41,2026-08-05,COIN,HOLD,0,RSI Mean Reversion,LOW,0,-13.25,150.73,12.0,0.0,17.36,0.0,0.0,2026-08-06,0.0,0.0,0.0,0.0,0.0,65.67,0.0,0.0,0,2026-04-17 to 2026-08-04 (75 days),-1.0,43.6,0.697,162.6,210.53,BEARISH,HIGH,Last surprise: -491.3%; Earnings conf adj: -1,2.69,-1.0,1.0,85,2026-10-29,-491.3,-1
2026-08-05T12:54:48,2026-08-05,HLI,HOLD,0,Bollinger Band Mean Reversion,LOW,0,-13.7,128.25,9.0,0.0,11.28,0.0,0.0,2026-08-06,0.0,0.0,0.0,0.0,0.0,54.58,0.0,0.0,0,2026-04-17 to 2026-08-04 (75 days),-1.0,38.8,0.4532,138.76,159.37,BEARISH,HIGH,Strong trend (ADX=37); Last surprise: -17.7%; Earnings conf adj: -1,4.14,-1.0,1.0,85,2026-10-29,-17.68,-1
2026-08-05T12:52:33,2026-08-05,KR,HOLD,0,SMA Crossover (10/50),LOW,0,-13.76,57.79,4.46,0.0,6.69,0.0,0.0,2026-08-06,0.0,0.0,0.0,0.0,0.0,42.05,0.0,0.0,0,2026-04-17 to 2026-08-04 (75 days),-1.0,46.4,0.3118,59.89,64.65,BEARISH,MEDIUM,Last surprise: -0.6%,6.01,-1.0,1.0,36,2026-09-10,-0.63,0
2026-08-05T12:55:17,2026-08-05,WH,HOLD,0,PEAD Earnings Drift,LOW,0,-14.43,76.03,4.47,0.0,6.71,0.0,0.0,2026-08-06,0.0,0.0,0.0,0.0,0.0,41.06,0.0,0.0,0,2026-04-17 to 2026-08-04 (75 days),-1.0,44.5,0.3221,79.7,78.02,BULLISH,MEDIUM,Last surprise: +5.0%,5.82,-1.0,1.0,77,2026-10-21,4.96,0
2026-08-05T12:53:26,2026-08-05,TMUS,HOLD,0,RSI Mean Reversion,LOW,1,-14.55,177.21,8.95,0.0,13.42,0.0,0.0,2026-08-06,0.0,0.0,0.0,0.0,0.0,29.79,0.0,0.0,0,2026-04-17 to 2026-08-04 (75 days),-1.0,45.6,0.5415,182.96,197.12,BEARISH,HIGH,Strong trend (ADX=33); Last surprise: +15.0%; Earnings conf adj: +1,3.46,-1.0,1.0,78,2026-10-22,15.0,1
