generated_at,date,ticker,signal,signal_raw,strategy,confidence,confidence_score,composite_score,current_price,stop_loss_pct,stop_loss_price,take_profit_pct,take_profit_price,suggested_position_size_pct,signal_expires,sharpe,sortino,win_rate,profit_factor,annual_return_pct,annual_excess_pct,max_drawdown_pct,avg_holding_days,total_trades,backtest_period,pbo,rsi,vol_20,sma_50,sma_200,trend,volatility,notes,vol_target_size_pct,meta_label_prob,meta_label_size_mult,days_to_earnings,earnings_date,last_surprise_pct,earnings_confidence_adj
2026-09-24T15:47:17,2026-09-24,SYNA,HOLD,0,VWAP Trend,HIGH,4,90.94,nan,5.44,0.0,10.88,0.0,0.0,2026-09-26,0.74,1.12,66.7,1.52,19.72,77.93,-13.61,2.9,9,2026-06-05 to 2026-09-21 (74 days),-1.0,46.5,nan,nan,nan,NEUTRAL,LOW,Last surprise: +1.7%,-1.0,-1.0,1.0,42,2026-11-05,1.65,0
2026-09-24T15:46:15,2026-09-24,AEIS,EXIT,-1,VWAP Trend,HIGH,6,90.42,nan,2.12,nan,4.24,nan,10.0,2026-09-27,3.12,10.8,100.0,369.97,211.3,244.02,-5.31,3.2,5,2026-06-05 to 2026-09-21 (74 days),-1.0,43.0,nan,nan,nan,NEUTRAL,LOW,Strong trend (ADX=30); Last surprise: +24.0%; Earnings conf adj: +1,-1.0,-1.0,1.0,40,2026-11-03,23.98,1
2026-09-24T15:46:43,2026-09-24,SSD,BUY,1,VWAP Trend,HIGH,6,90.37,nan,2.0,nan,4.0,nan,10.0,2026-09-26,2.15,5.95,75.0,3.66,25.59,45.19,-3.56,2.1,8,2026-06-05 to 2026-09-21 (74 days),0.738,39.0,nan,nan,nan,NEUTRAL,LOW,Strong trend (ADX=44); Last surprise: +11.5%; Earnings conf adj: +1,-1.0,-1.0,1.0,32,2026-10-26,11.52,1
2026-09-24T15:45:10,2026-09-24,RL,HOLD,0,VWAP Trend,HIGH,6,87.67,nan,2.0,0.0,4.0,0.0,0.0,2026-09-26,2.51,7.1,66.7,5.85,33.44,55.79,-2.15,2.2,9,2026-06-05 to 2026-09-21 (74 days),-1.0,40.6,nan,nan,nan,NEUTRAL,LOW,Last surprise: +5.8%; Earnings conf adj: +1,-1.0,-1.0,1.0,42,2026-11-05,5.76,1
2026-09-24T15:46:48,2026-09-24,ENS,HOLD,0,VWAP Trend,HIGH,6,86.1,nan,2.58,0.0,5.16,0.0,0.0,2026-09-26,2.45,5.09,72.7,3.27,55.34,111.29,-6.44,2.0,11,2026-06-05 to 2026-09-21 (74 days),-1.0,44.6,nan,nan,nan,NEUTRAL,LOW,Strong trend (ADX=32); Last surprise: +29.3%; Earnings conf adj: +1,-1.0,-1.0,1.0,41,2026-11-04,29.33,1
2026-09-24T15:44:19,2026-09-24,GDDY,BUY,1,VWAP Trend,HIGH,6,86.06,nan,4.15,nan,8.3,nan,10.0,2026-10-10,3.82,7.27,100.0,579.78,479.84,368.74,-10.37,16.4,5,2026-06-05 to 2026-09-21 (74 days),0.329,59.0,nan,nan,nan,NEUTRAL,LOW,High volume; Last surprise: +8.3%; Earnings conf adj: +1,-1.0,-1.0,1.0,35,2026-10-29,8.28,1
2026-09-24T15:46:50,2026-09-24,ST,EXIT,-1,VWAP Trend,HIGH,6,85.55,nan,2.0,nan,4.0,nan,10.0,2026-09-25,1.84,3.37,77.8,6.82,28.05,72.89,-3.54,1.4,9,2026-06-05 to 2026-09-21 (74 days),-1.0,44.2,nan,nan,nan,NEUTRAL,LOW,Last surprise: +5.4%; Earnings conf adj: +1,-1.0,-1.0,1.0,33,2026-10-27,5.38,1
2026-09-24T15:45:12,2026-09-24,RSG,HOLD,0,VWAP Trend,HIGH,5,84.44,nan,2.89,0.0,5.78,0.0,0.0,2026-10-04,1.75,2.86,100.0,93.48,33.89,26.27,-7.23,10.3,6,2026-06-05 to 2026-09-21 (74 days),-1.0,39.1,nan,nan,nan,NEUTRAL,LOW,Last surprise: +1.6%,-1.0,-1.0,1.0,35,2026-10-29,1.65,0
2026-09-24T15:46:51,2026-09-24,CVLT,HOLD,0,VWAP Trend,HIGH,6,82.1,nan,2.0,0.0,4.0,0.0,0.0,2026-09-26,4.46,18.56,77.8,22.11,144.29,41.18,-1.9,2.7,9,2026-06-05 to 2026-09-21 (74 days),-1.0,58.4,nan,nan,nan,NEUTRAL,LOW,Last surprise: +22.4%; Earnings conf adj: +1,-1.0,-1.0,1.0,33,2026-10-27,22.41,1
2026-09-24T15:45:37,2026-09-24,WST,HOLD,0,VWAP Trend,HIGH,6,78.99,nan,2.0,0.0,4.0,0.0,0.0,2026-09-26,4.3,14.82,77.8,22.36,56.54,-5.99,-1.47,2.3,9,2026-06-05 to 2026-09-21 (74 days),-1.0,60.9,nan,nan,nan,NEUTRAL,LOW,High volume; Strong trend (ADX=41); Last surprise: +13.9%; Earnings conf adj: +1,-1.0,-1.0,1.0,28,2026-10-22,13.94,1
2026-09-24T15:44:26,2026-09-24,HOOD,HOLD,0,VWAP Trend,HIGH,6,78.66,nan,3.16,0.0,6.32,0.0,0.0,2026-09-27,4.24,13.37,66.7,8.25,803.83,533.61,-7.89,3.6,12,2026-06-08 to 2026-09-22 (74 days),-1.0,62.9,nan,nan,nan,NEUTRAL,LOW,Last surprise: +44.2%; Earnings conf adj: +1,-1.0,-1.0,1.0,41,2026-11-04,44.19,1
2026-09-24T15:46:21,2026-09-24,ARWR,HOLD,0,VWAP Trend,HIGH,4,78.27,nan,2.0,0.0,4.0,0.0,0.0,2026-09-27,2.13,4.49,71.4,3.59,37.01,55.9,-3.22,3.7,7,2026-06-05 to 2026-09-21 (74 days),-1.0,30.9,nan,nan,nan,NEUTRAL,LOW,Strong trend (ADX=42); Last surprise: -10.6%; Earnings conf adj: -1,-1.0,-1.0,1.0,61,2026-11-24,-10.57,-1
2026-09-24T15:43:40,2026-09-24,BBY,EXIT,-1,ADX Trend Following,HIGH,6,71.68,nan,4.5,nan,9.0,nan,10.0,2026-10-04,2.08,3.35,100.0,138.29,55.94,-114.65,-11.26,10.0,4,2026-06-05 to 2026-09-21 (74 days),-1.0,61.2,nan,nan,nan,NEUTRAL,LOW,Strong trend (ADX=34); Last surprise: +6.5%; Earnings conf adj: +1,-1.0,-1.0,1.0,61,2026-11-24,6.52,1
2026-09-24T15:47:35,2026-09-24,XLE,HOLD,0,MACD Crossover,HIGH,5,71.37,nan,2.0,0.0,4.0,0.0,0.0,2026-10-07,1.91,3.03,100.0,75.54,27.41,-0.18,-3.87,13.2,4,2026-06-08 to 2026-09-22 (74 days),-1.0,44.2,nan,nan,nan,NEUTRAL,LOW,No special conditions,-1.0,-1.0,1.0,-1,,,0
2026-09-24T15:46:19,2026-09-24,SSB,HOLD,0,VWAP Trend,HIGH,5,69.96,nan,2.0,0.0,4.0,0.0,0.0,2026-09-25,3.56,8.87,66.7,6.02,28.58,-5.36,-1.59,1.8,12,2026-06-05 to 2026-09-21 (74 days),-1.0,38.0,nan,nan,nan,NEUTRAL,LOW,Last surprise: +2.6%,-1.0,-1.0,1.0,27,2026-10-21,2.62,0
2026-09-24T15:45:35,2026-09-24,WELL,HOLD,0,MACD Crossover,HIGH,4,69.23,nan,3.27,0.0,6.54,0.0,0.0,2026-10-09,2.13,3.56,100.0,112.78,43.21,-8.84,-8.18,15.2,4,2026-06-05 to 2026-09-21 (74 days),-1.0,45.6,nan,nan,nan,NEUTRAL,LOW,Last surprise: -16.9%; Earnings conf adj: -1,-1.0,-1.0,1.0,32,2026-10-26,-16.92,-1
2026-09-24T15:45:04,2026-09-24,PLD,HOLD,0,Stochastic Oscillator,HIGH,6,69.19,nan,2.0,0.0,3.0,0.0,0.0,2026-10-09,2.3,5.09,100.0,86.85,31.79,46.79,-2.19,15.3,3,2026-06-05 to 2026-09-21 (74 days),-1.0,45.4,nan,nan,nan,NEUTRAL,LOW,Strong trend (ADX=44); Last surprise: +48.0%; Earnings conf adj: +1,-1.0,-1.0,1.0,21,2026-10-15,48.0,1
2026-09-24T15:44:34,2026-09-24,JBHT,HOLD,0,VWAP Trend,MEDIUM,3,68.78,nan,2.0,0.0,4.0,0.0,0.0,2026-09-26,-0.23,-0.28,70.0,1.08,-2.39,45.0,-4.25,2.6,10,2026-06-05 to 2026-09-21 (74 days),-1.0,31.9,nan,nan,nan,NEUTRAL,LOW,Strong trend (ADX=40); Last surprise: +9.8%; Earnings conf adj: +1,-1.0,-1.0,1.0,21,2026-10-15,9.77,1
2026-09-24T15:45:52,2026-09-24,STRL,HOLD,0,VWAP Trend,HIGH,6,68.78,nan,2.0,0.0,4.0,0.0,0.0,2026-09-26,2.92,11.59,77.8,6.2,186.96,271.62,-4.63,2.0,9,2026-06-05 to 2026-09-21 (74 days),-1.0,50.1,nan,nan,nan,NEUTRAL,LOW,Last surprise: +12.0%; Earnings conf adj: +1,-1.0,-1.0,1.0,39,2026-11-02,11.97,1
2026-09-24T15:43:50,2026-09-24,CIEN,HOLD,0,VWAP Trend,HIGH,6,68.29,nan,2.0,0.0,4.0,0.0,0.0,2026-09-27,3.31,12.26,62.5,12.74,164.14,227.17,-3.26,3.2,8,2026-06-05 to 2026-09-21 (74 days),-1.0,50.8,nan,nan,nan,NEUTRAL,LOW,Last surprise: +22.0%; Earnings conf adj: +1,-1.0,-1.0,1.0,-21,2026-09-03,21.97,1
2026-09-24T15:47:07,2026-09-24,GEF,HOLD,0,ADX Trend Following,HIGH,6,68.21,nan,2.03,0.0,4.06,0.0,0.0,2026-10-19,4.16,8.85,100.0,297.0,149.47,-19.43,-5.08,25.7,3,2026-06-05 to 2026-09-21 (74 days),-1.0,51.0,nan,nan,nan,NEUTRAL,LOW,Last surprise: +45.0%; Earnings conf adj: +1,-1.0,-1.0,1.0,34,2026-10-28,45.05,1
2026-09-24T15:45:21,2026-09-24,TEL,HOLD,0,ADX Trend Following,HIGH,5,67.96,nan,2.0,0.0,4.0,0.0,0.0,2026-10-08,2.01,3.29,80.0,10.77,63.56,66.48,-4.97,14.4,5,2026-06-05 to 2026-09-21 (74 days),-1.0,54.7,nan,nan,nan,NEUTRAL,LOW,Last surprise: +3.5%,-1.0,-1.0,1.0,34,2026-10-28,3.52,0
2026-09-24T15:44:17,2026-09-24,FSLR,HOLD,0,VWAP Trend,HIGH,6,67.11,nan,2.03,0.0,4.06,0.0,0.0,2026-09-27,2.12,4.35,83.3,4.56,71.18,139.58,-5.08,3.2,6,2026-06-05 to 2026-09-21 (74 days),-1.0,44.2,nan,nan,nan,NEUTRAL,LOW,Last surprise: +36.1%; Earnings conf adj: +1,-1.0,-1.0,1.0,35,2026-10-29,36.11,1
2026-09-24T15:46:53,2026-09-24,CROX,HOLD,0,VWAP Trend,HIGH,5,67.04,nan,2.63,0.0,5.26,0.0,0.0,2026-09-26,2.65,6.88,71.4,4.05,72.63,59.51,-6.57,2.1,7,2026-06-05 to 2026-09-21 (74 days),-1.0,55.4,nan,nan,nan,NEUTRAL,LOW,Strong trend (ADX=44); Last surprise: +4.6%,-1.0,-1.0,1.0,35,2026-10-29,4.6,0
2026-09-24T15:44:20,2026-09-24,GEV,HOLD,0,VWAP Trend,HIGH,4,66.88,nan,3.28,0.0,6.56,0.0,0.0,2026-09-26,2.59,4.51,70.0,7.22,116.85,111.92,-8.21,2.9,10,2026-06-05 to 2026-09-21 (74 days),-1.0,49.7,nan,nan,nan,NEUTRAL,LOW,Last surprise: -22.3%; Earnings conf adj: -1,-1.0,-1.0,1.0,34,2026-10-28,-22.33,-1
2026-09-24T15:44:45,2026-09-24,MCK,HOLD,0,VWAP Trend,HIGH,5,65.84,nan,2.0,0.0,4.0,0.0,0.0,2026-09-29,2.94,6.68,62.5,6.65,92.12,32.98,-3.25,5.2,8,2026-06-05 to 2026-09-21 (74 days),-1.0,51.3,nan,nan,nan,NEUTRAL,LOW,Last surprise: +4.1%,-1.0,-1.0,1.0,41,2026-11-04,4.09,0
2026-09-24T15:43:46,2026-09-24,CB,HOLD,0,VWAP Trend,HIGH,6,65.24,nan,2.0,0.0,4.0,0.0,0.0,2026-09-26,1.93,4.47,63.6,2.76,18.77,4.26,-3.84,2.0,11,2026-06-05 to 2026-09-21 (74 days),-1.0,44.0,nan,nan,nan,NEUTRAL,LOW,Last surprise: +7.6%; Earnings conf adj: +1,-1.0,-1.0,1.0,33,2026-10-27,7.56,1
2026-09-24T15:47:20,2026-09-24,PVH,HOLD,0,VWAP Trend,HIGH,5,65.13,nan,2.0,0.0,4.0,0.0,0.0,2026-09-27,2.39,5.93,66.7,14.17,28.12,46.18,-2.12,3.2,6,2026-06-05 to 2026-09-21 (74 days),-1.0,46.3,nan,nan,nan,NEUTRAL,LOW,Last surprise: +10.4%,-1.0,-1.0,1.0,69,2026-12-02,10.44,0
2026-09-24T15:43:57,2026-09-24,CTSH,HOLD,0,VWAP Trend,HIGH,5,64.67,nan,5.5,0.0,11.0,0.0,0.0,2026-10-09,2.48,4.3,80.0,4.65,189.91,140.89,-13.75,15.4,5,2026-06-05 to 2026-09-21 (74 days),-1.0,48.0,nan,nan,nan,NEUTRAL,LOW,Last surprise: -0.7%,-1.0,-1.0,1.0,34,2026-10-28,-0.72,0
2026-09-24T15:43:25,2026-09-24,AAPL,HOLD,0,VWAP Trend,HIGH,5,62.79,nan,2.0,0.0,4.0,0.0,0.0,2026-09-26,1.74,3.53,83.3,5.75,15.03,-36.38,-2.02,2.8,6,2026-06-08 to 2026-09-22 (74 days),-1.0,66.9,nan,nan,nan,NEUTRAL,LOW,Strong trend (ADX=33),-1.0,-1.0,1.0,35,2026-10-29,,0
2026-09-24T15:46:29,2026-09-24,VIAV,HOLD,0,VWAP Trend,HIGH,6,62.43,nan,3.34,0.0,6.68,0.0,0.0,2026-09-26,2.69,5.71,66.7,4.81,156.16,219.68,-8.35,2.6,9,2026-06-08 to 2026-09-22 (74 days),-1.0,48.2,nan,nan,nan,NEUTRAL,LOW,Last surprise: +13.3%; Earnings conf adj: +1,-1.0,-1.0,1.0,34,2026-10-28,13.33,1
2026-09-24T15:46:05,2026-09-24,TOL,HOLD,0,VWAP Trend,HIGH,5,61.58,nan,2.0,0.0,4.0,0.0,0.0,2026-09-26,2.95,9.49,71.4,66.82,80.83,86.16,-3.03,2.4,7,2026-06-05 to 2026-09-21 (74 days),-1.0,41.5,nan,nan,nan,NEUTRAL,LOW,Strong trend (ADX=35); Last surprise: +1.0%,-1.0,-1.0,1.0,-37,2026-08-18,1.02,0
2026-09-24T15:47:03,2026-09-24,SBRA,HOLD,0,Stochastic Oscillator,HIGH,4,61.5,nan,2.0,0.0,3.0,0.0,0.0,2026-10-09,2.16,4.16,100.0,100.56,35.33,-0.45,-4.5,15.3,3,2026-06-05 to 2026-09-21 (74 days),-1.0,38.8,nan,nan,nan,NEUTRAL,LOW,Last surprise: -11.8%; Earnings conf adj: -1,-1.0,-1.0,1.0,41,2026-11-04,-11.76,-1
2026-09-24T15:46:35,2026-09-24,NEU,HOLD,0,VWAP Trend,HIGH,5,61.16,nan,2.0,0.0,4.0,0.0,0.0,2026-09-25,3.07,18.15,66.7,9.8,86.91,35.38,-2.43,1.8,9,2026-06-05 to 2026-09-21 (74 days),-1.0,49.1,nan,nan,nan,NEUTRAL,LOW,Last surprise: +2.2%,-1.0,-1.0,1.0,42,2026-11-05,2.19,0
2026-09-24T15:46:52,2026-09-24,RYN,HOLD,0,ADX Trend Following,HIGH,5,60.58,nan,2.0,0.0,4.0,0.0,0.0,2026-09-27,1.49,3.4,100.0,17.46,4.73,11.69,-0.65,3.3,3,2026-06-05 to 2026-09-21 (74 days),-1.0,41.7,nan,nan,nan,NEUTRAL,LOW,Last surprise: +0.0%,-1.0,-1.0,1.0,41,2026-11-04,0.0,0
2026-09-24T15:43:56,2026-09-24,CRM,HOLD,0,VWAP Trend,HIGH,6,59.73,nan,3.88,0.0,7.76,0.0,0.0,2026-10-07,3.23,9.93,80.0,504.01,385.09,251.29,-9.7,13.2,5,2026-06-05 to 2026-09-21 (74 days),-1.0,52.4,nan,nan,nan,NEUTRAL,LOW,Last surprise: +80.4%; Earnings conf adj: +1,-1.0,-1.0,1.0,69,2026-12-02,80.43,1
2026-09-24T15:44:48,2026-09-24,MNST,HOLD,0,Stochastic Oscillator,HIGH,5,59.25,nan,2.0,0.0,3.0,0.0,0.0,2026-10-07,1.7,3.0,100.0,69.2,22.9,28.75,-2.78,13.0,2,2026-06-05 to 2026-09-21 (74 days),-1.0,40.7,nan,nan,nan,NEUTRAL,LOW,Last surprise: +3.4%,-1.0,-1.0,1.0,42,2026-11-05,3.45,0
2026-09-24T15:43:26,2026-09-24,ABBV,HOLD,0,Stochastic Oscillator,HIGH,5,59.18,nan,2.0,0.0,3.0,0.0,0.0,2026-10-07,3.67,11.3,100.0,121.66,44.41,-28.66,-1.56,13.0,2,2026-06-05 to 2026-09-21 (74 days),-1.0,59.6,nan,nan,nan,NEUTRAL,LOW,Last surprise: +1.1%,-1.0,-1.0,1.0,35,2026-10-29,1.11,0
2026-09-24T15:45:31,2026-09-24,VLO,EXIT,-1,VWAP Trend,HIGH,6,58.32,nan,2.0,nan,4.0,nan,10.0,2026-09-25,2.5,5.2,60.0,3.5,39.76,-307.41,-4.67,1.6,10,2026-06-05 to 2026-09-21 (74 days),-1.0,63.4,nan,nan,nan,NEUTRAL,LOW,High volume; Strong trend (ADX=46); Last surprise: +23.8%; Earnings conf adj: +1,-1.0,-1.0,1.0,28,2026-10-22,23.79,1
2026-09-24T15:44:05,2026-09-24,DXCM,HOLD,0,Stochastic Oscillator,HIGH,6,56.03,nan,2.13,0.0,3.2,0.0,0.0,2026-10-08,3.87,9.21,100.0,367.31,213.63,112.79,-5.33,14.7,3,2026-06-05 to 2026-09-21 (74 days),-1.0,57.9,nan,nan,nan,NEUTRAL,LOW,Last surprise: +14.8%; Earnings conf adj: +1,-1.0,-1.0,1.0,35,2026-10-29,14.75,1
2026-09-24T15:44:28,2026-09-24,IBKR,HOLD,0,Stochastic Oscillator,HIGH,6,55.66,nan,2.0,0.0,3.0,0.0,0.0,2026-10-05,1.97,3.99,100.0,112.63,42.91,1.59,-4.75,11.5,2,2026-06-05 to 2026-09-21 (74 days),-1.0,54.1,nan,nan,nan,NEUTRAL,LOW,Last surprise: +7.8%; Earnings conf adj: +1,-1.0,-1.0,1.0,21,2026-10-15,7.81,1
2026-09-24T15:44:10,2026-09-24,ETN,HOLD,0,VWAP Trend,HIGH,5,55.43,nan,3.2,0.0,6.4,0.0,0.0,2026-09-26,3.1,6.36,62.5,4.46,124.05,84.02,-8.0,2.5,8,2026-06-05 to 2026-09-21 (74 days),-1.0,58.4,nan,nan,nan,NEUTRAL,LOW,Last surprise: +2.3%,-1.0,-1.0,1.0,40,2026-11-03,2.27,0
2026-09-24T15:45:34,2026-09-24,WAT,EXIT,-1,VWAP Trend,HIGH,5,55.29,nan,2.0,nan,4.0,nan,10.0,2026-09-25,3.33,14.3,66.7,7.47,35.53,-31.53,-1.23,1.7,9,2026-06-05 to 2026-09-21 (74 days),-1.0,60.3,nan,nan,nan,NEUTRAL,LOW,Strong trend (ADX=31); Last surprise: +1.3%,-1.0,-1.0,1.0,36,2026-10-30,1.33,0
2026-09-24T15:46:56,2026-09-24,ELF,HOLD,0,MACD Crossover,HIGH,6,54.85,nan,4.52,0.0,9.04,0.0,0.0,2026-10-08,4.02,7.49,80.0,25.46,422.47,-521.33,-11.29,14.8,5,2026-06-05 to 2026-09-21 (74 days),-1.0,50.8,nan,nan,nan,NEUTRAL,LOW,Strong trend (ADX=38); Last surprise: +143.1%; Earnings conf adj: +1,-1.0,-1.0,1.0,41,2026-11-04,143.06,1
2026-09-24T15:45:53,2026-09-24,CRBG,HOLD,0,VWAP Trend,HIGH,5,54.58,nan,2.0,0.0,4.0,0.0,0.0,2026-09-25,2.96,15.58,77.8,16.36,47.44,-110.66,-1.17,1.9,9,2026-06-05 to 2026-09-21 (74 days),-1.0,64.5,nan,nan,nan,NEUTRAL,LOW,Strong trend (ADX=37); Last surprise: +3.7%,-1.0,-1.0,1.0,39,2026-11-02,3.7,0
2026-09-24T15:45:09,2026-09-24,QCOM,EXIT,-1,ADX Trend Following,HIGH,5,54.49,nan,2.33,nan,4.66,nan,10.0,2026-10-11,2.07,4.08,100.0,159.33,66.56,92.85,-5.82,17.5,2,2026-06-08 to 2026-09-22 (74 days),-1.0,68.0,nan,nan,nan,NEUTRAL,LOW,Strong trend (ADX=32); Last surprise: -0.5%,-1.0,-1.0,1.0,41,2026-11-04,-0.45,0
2026-09-24T15:45:02,2026-09-24,PFG,HOLD,0,VWAP Trend,HIGH,7,54.03,nan,2.0,0.0,4.0,0.0,0.0,2026-09-26,2.61,7.97,66.7,3.59,51.46,5.7,-2.99,2.1,15,2026-06-05 to 2026-09-21 (74 days),-1.0,56.3,nan,nan,nan,NEUTRAL,LOW,Last surprise: +7.3%; Earnings conf adj: +1,-1.0,-1.0,1.0,32,2026-10-26,7.3,1
2026-09-24T15:45:15,2026-09-24,SNDK,HOLD,0,VWAP Trend,HIGH,6,53.71,nan,3.68,0.0,7.36,0.0,0.0,2026-09-26,3.58,9.75,81.8,10.56,1115.34,1053.71,-9.21,2.6,11,2026-06-08 to 2026-09-22 (74 days),-1.0,64.7,nan,nan,nan,NEUTRAL,LOW,Last surprise: +13.7%; Earnings conf adj: +1,-1.0,-1.0,1.0,43,2026-11-06,13.7,1
2026-09-24T15:46:00,2026-09-24,RNR,HOLD,0,EMA Crossover (9/21),HIGH,6,53.47,nan,2.28,0.0,4.56,0.0,0.0,2026-10-25,1.44,2.16,100.0,94.17,35.66,-18.7,-5.69,31.0,3,2026-06-05 to 2026-09-21 (74 days),-1.0,50.3,nan,nan,nan,NEUTRAL,LOW,Last surprise: +10.0%; Earnings conf adj: +1,-1.0,-1.0,1.0,40,2026-11-03,9.96,1
2026-09-24T15:43:32,2026-09-24,AMD,EXIT,-1,VWAP Trend,HIGH,5,53.07,nan,2.46,nan,4.92,nan,10.0,2026-09-26,2.85,8.11,75.0,5.53,164.68,35.14,-6.14,2.0,8,2026-06-08 to 2026-09-22 (74 days),-1.0,73.9,nan,nan,nan,NEUTRAL,LOW,RSI overbought; Strong trend (ADX=41); Last surprise: +3.1%,-1.0,-1.0,1.0,40,2026-11-03,3.11,0
2026-09-24T15:46:42,2026-09-24,FLR,EXIT,-1,SMA Crossover (10/50),HIGH,6,53.05,nan,5.58,nan,11.16,nan,10.0,2026-10-27,1.59,2.97,100.0,214.46,99.26,36.78,-13.95,33.3,3,2026-06-05 to 2026-09-21 (74 days),-1.0,53.1,nan,nan,nan,NEUTRAL,LOW,Last surprise: +30.0%; Earnings conf adj: +1,-1.0,-1.0,1.0,43,2026-11-06,30.0,1
2026-09-24T15:45:03,2026-09-24,PHM,HOLD,0,VWAP Trend,HIGH,5,53.03,nan,2.0,0.0,4.0,0.0,0.0,2026-09-27,0.65,0.98,62.5,1.57,7.5,4.31,-4.7,3.1,8,2026-06-05 to 2026-09-21 (74 days),-1.0,42.2,nan,nan,nan,NEUTRAL,LOW,Strong trend (ADX=33); Last surprise: +5.1%; Earnings conf adj: +1,-1.0,-1.0,1.0,28,2026-10-22,5.08,1
2026-09-24T15:44:52,2026-09-24,MU,HOLD,0,VWAP Trend,HIGH,5,52.78,nan,2.72,0.0,5.44,0.0,0.0,2026-09-26,2.06,5.57,80.0,6.27,129.66,65.26,-6.79,2.6,5,2026-06-08 to 2026-09-22 (74 days),-1.0,66.1,nan,nan,nan,NEUTRAL,LOW,Last surprise: +21.4%,-1.0,-1.0,1.0,6,2026-09-30,21.36,0
2026-09-24T15:44:40,2026-09-24,LH,HOLD,0,VWAP Trend,HIGH,5,52.59,nan,2.0,0.0,4.0,0.0,0.0,2026-09-27,5.55,20.12,77.8,35.37,126.1,31.24,-2.57,3.2,9,2026-06-05 to 2026-09-21 (74 days),-1.0,50.1,nan,nan,nan,NEUTRAL,LOW,Last surprise: +4.6%,-1.0,-1.0,1.0,33,2026-10-27,4.61,0
2026-09-24T15:46:57,2026-09-24,SAIC,HOLD,0,PEAD Earnings Drift,HIGH,6,52.25,nan,4.99,0.0,9.98,0.0,0.0,2026-11-12,1.95,3.05,100.0,168.49,72.4,0.48,-12.47,49.5,2,2026-06-05 to 2026-09-21 (74 days),-1.0,65.4,nan,nan,nan,NEUTRAL,LOW,Strong trend (ADX=52); Last surprise: +30.3%; Earnings conf adj: +1,-1.0,-1.0,1.0,-24,2026-08-31,30.3,1
2026-09-24T15:45:42,2026-09-24,ATI,HOLD,0,VWAP Trend,HIGH,6,52.17,nan,2.0,0.0,4.0,0.0,0.0,2026-09-26,2.24,8.36,62.5,5.7,50.93,26.3,-4.64,2.2,8,2026-06-05 to 2026-09-21 (74 days),-1.0,40.0,nan,nan,nan,NEUTRAL,LOW,Strong trend (ADX=43); Last surprise: +18.3%; Earnings conf adj: +1,-1.0,-1.0,1.0,33,2026-10-27,18.27,1
2026-09-24T15:44:12,2026-09-24,FANG,HOLD,0,MACD Crossover,HIGH,5,51.95,nan,3.84,0.0,7.68,0.0,0.0,2026-10-08,0.62,0.91,100.0,37.31,12.05,16.13,-9.59,14.0,3,2026-06-05 to 2026-09-21 (74 days),-1.0,38.7,nan,nan,nan,NEUTRAL,LOW,Last surprise: +8.4%; Earnings conf adj: +1,-1.0,-1.0,1.0,39,2026-11-02,8.36,1
2026-09-24T15:44:33,2026-09-24,ISRG,HOLD,0,ADX Trend Following,HIGH,6,51.48,nan,3.26,0.0,6.52,0.0,0.0,2026-10-01,2.57,3.87,62.5,5.12,89.29,105.02,-8.16,7.0,8,2026-06-05 to 2026-09-21 (74 days),-1.0,64.9,nan,nan,nan,NEUTRAL,LOW,Last surprise: +12.0%; Earnings conf adj: +1,-1.0,-1.0,1.0,26,2026-10-20,12.0,1
2026-09-24T15:44:30,2026-09-24,ILMN,HOLD,0,VWAP Trend,HIGH,6,51.45,nan,3.38,0.0,6.76,0.0,0.0,2026-09-26,1.37,2.69,70.0,2.02,39.62,-239.61,-8.45,2.9,10,2026-06-05 to 2026-09-21 (74 days),-1.0,65.1,nan,nan,nan,NEUTRAL,LOW,Strong trend (ADX=41); Last surprise: +6.5%; Earnings conf adj: +1,-1.0,-1.0,1.0,35,2026-10-29,6.5,1
2026-09-24T15:45:34,2026-09-24,WBD,HOLD,0,Stochastic Oscillator,HIGH,6,50.96,nan,2.0,0.0,3.0,0.0,0.0,2026-10-05,2.87,11.35,100.0,197.65,87.48,13.61,-3.55,11.3,3,2026-06-05 to 2026-09-21 (74 days),-1.0,75.8,nan,nan,nan,NEUTRAL,LOW,RSI overbought; High volume; Last surprise: +154.5%; Earnings conf adj: +1,-1.0,-1.0,1.0,42,2026-11-05,154.55,1
2026-09-24T15:44:21,2026-09-24,GNRC,HOLD,0,Stochastic Oscillator,HIGH,6,50.77,nan,4.46,0.0,6.69,0.0,0.0,2026-10-18,1.28,3.16,100.0,150.08,60.85,117.74,-11.16,24.0,2,2026-06-05 to 2026-09-21 (74 days),-1.0,55.9,nan,nan,nan,NEUTRAL,LOW,Strong trend (ADX=40); Last surprise: +44.8%; Earnings conf adj: +1,-1.0,-1.0,1.0,34,2026-10-28,44.78,1
2026-09-24T15:46:45,2026-09-24,MSA,EXIT,-1,VWAP Trend,HIGH,6,50.66,nan,2.0,nan,4.0,nan,10.0,2026-09-27,2.39,4.26,75.0,8.95,27.93,-11.91,-2.66,3.8,8,2026-06-05 to 2026-09-21 (74 days),-1.0,34.6,nan,nan,nan,NEUTRAL,LOW,Strong trend (ADX=47); Last surprise: +12.1%; Earnings conf adj: +1,-1.0,-1.0,1.0,33,2026-10-27,12.15,1
2026-09-24T15:45:07,2026-09-24,PSX,EXIT,-1,ADX Trend Following,HIGH,6,50.12,nan,2.0,nan,4.0,nan,10.0,2026-10-22,4.6,8.69,100.0,380.71,231.05,-18.78,-4.64,28.0,3,2026-06-05 to 2026-09-21 (74 days),-1.0,61.8,nan,nan,nan,NEUTRAL,LOW,Strong trend (ADX=39); Last surprise: +25.5%; Earnings conf adj: +1,-1.0,-1.0,1.0,34,2026-10-28,25.47,1
2026-09-24T15:44:02,2026-09-24,DIS,HOLD,0,ADX Trend Following,HIGH,5,49.92,nan,2.76,0.0,5.52,0.0,0.0,2026-10-12,2.29,3.79,75.0,19.6,62.04,42.39,-6.9,18.5,4,2026-06-05 to 2026-09-21 (74 days),-1.0,47.2,nan,nan,nan,NEUTRAL,LOW,Last surprise: +11.4%; Earnings conf adj: +1,-1.0,-1.0,1.0,49,2026-11-12,11.35,1
2026-09-24T15:46:39,2026-09-24,MORN,HOLD,0,VWAP Trend,HIGH,5,49.86,nan,2.0,0.0,4.0,0.0,0.0,2026-10-04,4.3,10.96,66.7,12.0,284.01,250.27,-4.72,10.0,6,2026-06-05 to 2026-09-21 (74 days),-1.0,48.5,nan,nan,nan,NEUTRAL,LOW,Last surprise: +9.5%; Earnings conf adj: +1,-1.0,-1.0,1.0,34,2026-10-28,9.54,1
2026-09-24T15:46:27,2026-09-24,VOYA,HOLD,0,ADX Trend Following,MEDIUM,3,49.75,nan,2.0,0.0,4.0,0.0,0.0,2026-10-16,3.42,6.29,75.0,16.94,77.38,7.91,-3.78,22.8,4,2026-06-05 to 2026-09-21 (74 days),-1.0,48.5,nan,nan,nan,NEUTRAL,LOW,Last surprise: -23.4%; Earnings conf adj: -1,-1.0,-1.0,1.0,40,2026-11-03,-23.35,-1
2026-09-24T15:44:56,2026-09-24,NVDA,HOLD,0,Stochastic Oscillator,HIGH,5,49.44,nan,3.75,0.0,5.62,0.0,0.0,2026-10-12,2.16,3.75,100.0,164.11,67.23,29.06,-9.38,18.0,3,2026-06-08 to 2026-09-22 (74 days),-1.0,59.5,nan,nan,nan,NEUTRAL,LOW,Last surprise: +6.2%; Earnings conf adj: +1,-1.0,-1.0,1.0,54,2026-11-17,6.22,1
2026-09-24T15:46:16,2026-09-24,CGNX,HOLD,0,Stochastic Oscillator,HIGH,5,49.38,nan,6.28,0.0,9.42,0.0,0.0,2026-10-17,2.28,3.77,100.0,262.82,133.64,126.32,-15.69,23.3,3,2026-06-05 to 2026-09-21 (74 days),-1.0,50.8,nan,nan,nan,NEUTRAL,LOW,Last surprise: +7.1%; Earnings conf adj: +1,-1.0,-1.0,1.0,34,2026-10-28,7.14,1
2026-09-24T15:45:41,2026-09-24,OKTA,EXIT,-1,ADX Trend Following,HIGH,5,49.34,nan,4.79,nan,9.58,nan,10.0,2026-10-13,1.81,3.52,100.0,214.69,98.96,-320.4,-11.98,19.7,3,2026-06-05 to 2026-09-21 (74 days),-1.0,65.7,nan,nan,nan,NEUTRAL,LOW,Strong trend (ADX=46); Last surprise: +9.4%; Earnings conf adj: +1,-1.0,-1.0,1.0,68,2026-12-01,9.38,1
2026-09-24T15:47:10,2026-09-24,OGS,BUY,1,ADX Trend Following,HIGH,5,49.24,nan,2.0,nan,4.0,nan,10.0,2026-10-05,1.01,1.64,100.0,38.64,12.57,27.0,-3.78,11.7,3,2026-06-05 to 2026-09-21 (74 days),0.21,29.9,nan,nan,nan,NEUTRAL,LOW,RSI oversold; High volume; Strong trend (ADX=46); Last surprise: +28.1%; Earnings conf adj: +1,-1.0,-1.0,1.0,39,2026-11-02,28.12,1
2026-09-24T15:47:14,2026-09-24,TCBI,HOLD,0,VWAP Trend,HIGH,4,49.15,nan,2.0,0.0,4.0,0.0,0.0,2026-09-25,2.07,4.37,70.0,3.54,10.77,31.14,-1.15,1.9,10,2026-06-05 to 2026-09-21 (74 days),-1.0,37.0,nan,nan,nan,NEUTRAL,LOW,Strong trend (ADX=32); Last surprise: +1.1%,-1.0,-1.0,1.0,27,2026-10-21,1.08,0
2026-09-24T15:46:53,2026-09-24,HWC,HOLD,0,ADX Trend Following,HIGH,4,49.07,nan,2.0,0.0,4.0,0.0,0.0,2026-10-07,2.44,3.94,80.0,7.22,39.23,8.34,-4.67,13.0,5,2026-06-05 to 2026-09-21 (74 days),-1.0,46.0,nan,nan,nan,NEUTRAL,LOW,Last surprise: +0.0%,-1.0,-1.0,1.0,26,2026-10-20,0.0,0
2026-09-24T15:47:24,2026-09-24,MZTI,HOLD,0,Stochastic Oscillator,HIGH,4,48.86,nan,2.47,0.0,3.7,0.0,0.0,2026-10-09,2.06,3.57,100.0,125.54,49.9,61.83,-6.17,15.0,3,2026-06-05 to 2026-09-21 (74 days),-1.0,41.8,nan,nan,nan,NEUTRAL,LOW,Last surprise: +4.3%,-1.0,-1.0,1.0,41,2026-11-04,4.29,0
2026-09-24T15:47:17,2026-09-24,AVNT,HOLD,0,MACD Crossover,HIGH,5,48.65,nan,3.25,0.0,6.5,0.0,0.0,2026-10-11,2.02,4.03,100.0,215.48,97.46,5.22,-8.13,17.0,3,2026-06-05 to 2026-09-21 (74 days),-1.0,40.3,nan,nan,nan,NEUTRAL,LOW,Strong trend (ADX=41); Last surprise: +7.9%; Earnings conf adj: +1,-1.0,-1.0,1.0,46,2026-11-09,7.87,1
2026-09-24T15:45:10,2026-09-24,REGN,HOLD,0,VWAP Trend,HIGH,5,48.62,nan,2.0,0.0,4.0,0.0,0.0,2026-10-02,2.4,5.09,80.0,131.88,52.13,-68.44,-4.09,8.0,5,2026-06-05 to 2026-09-21 (74 days),-1.0,52.1,nan,nan,nan,NEUTRAL,LOW,Last surprise: +40.0%; Earnings conf adj: +1,-1.0,-1.0,1.0,34,2026-10-28,39.96,1
2026-09-24T15:46:50,2026-09-24,QLYS,HOLD,0,VWAP Trend,HIGH,5,48.56,nan,3.18,0.0,6.36,0.0,0.0,2026-09-27,3.98,15.54,60.0,7.82,493.4,33.33,-7.94,3.1,10,2026-06-05 to 2026-09-21 (74 days),-1.0,54.7,nan,nan,nan,NEUTRAL,LOW,Last surprise: +11.2%; Earnings conf adj: +1,-1.0,-1.0,1.0,40,2026-11-03,11.24,1
2026-09-24T15:47:34,2026-09-24,UNG,HOLD,0,MACD Crossover,HIGH,4,48.54,nan,2.46,0.0,4.92,0.0,0.0,2026-10-05,1.33,2.16,75.0,6.68,27.7,42.35,-6.14,11.2,4,2026-06-08 to 2026-09-22 (74 days),-1.0,61.2,nan,nan,nan,NEUTRAL,LOW,High volume,-1.0,-1.0,1.0,-1,,,0
2026-09-24T15:46:03,2026-09-24,DOCU,HOLD,0,PEAD Earnings Drift,HIGH,5,48.2,nan,2.97,0.0,5.94,0.0,0.0,2026-10-17,1.79,3.51,100.0,186.04,82.31,-179.09,-7.43,23.5,2,2026-06-05 to 2026-09-21 (74 days),-1.0,59.3,nan,nan,nan,NEUTRAL,LOW,Strong trend (ADX=57); Last surprise: +6.4%; Earnings conf adj: +1,-1.0,-1.0,1.0,70,2026-12-03,6.42,1
2026-09-24T15:45:28,2026-09-24,UHS,BUY,1,VWAP Trend,HIGH,4,48.16,nan,4.65,nan,9.3,nan,10.0,2026-10-04,1.47,2.24,71.4,2.25,38.68,-52.65,-11.62,10.1,7,2026-06-05 to 2026-09-21 (74 days),0.48,53.0,nan,nan,nan,NEUTRAL,LOW,Last surprise: -0.5%,-1.0,-1.0,1.0,32,2026-10-26,-0.5,0
2026-09-24T15:44:00,2026-09-24,DASH,BUY,1,VWAP Trend,HIGH,4,48.04,nan,5.3,nan,10.6,nan,10.0,2026-10-02,2.41,4.65,85.7,5.03,121.92,14.02,-13.26,8.4,7,2026-06-05 to 2026-09-21 (74 days),0.738,36.2,nan,nan,nan,NEUTRAL,LOW,High volume; Strong trend (ADX=38); Last surprise: -2.1%,-1.0,-1.0,1.0,41,2026-11-04,-2.13,0
2026-09-24T15:45:04,2026-09-24,PM,HOLD,0,Stochastic Oscillator,HIGH,4,48.02,nan,2.0,0.0,3.0,0.0,0.0,2026-10-08,0.81,1.18,100.0,31.62,9.49,-12.9,-3.88,14.5,2,2026-06-05 to 2026-09-21 (74 days),-1.0,46.9,nan,nan,nan,NEUTRAL,LOW,High volume; Last surprise: +7.3%; Earnings conf adj: +1,-1.0,-1.0,1.0,27,2026-10-21,7.32,1
2026-09-24T15:45:02,2026-09-24,PFE,HOLD,0,VWAP Trend,LOW,1,48.01,nan,3.48,0.0,5.22,0.0,0.0,2026-09-27,0.25,0.38,45.5,1.34,2.35,-29.72,-8.69,3.7,11,2026-06-05 to 2026-09-21 (74 days),-1.0,53.8,nan,nan,nan,NEUTRAL,LOW,Last surprise: +13.2%; Earnings conf adj: +1,-1.0,-1.0,1.0,40,2026-11-03,13.24,1
2026-09-24T15:46:13,2026-09-24,EGP,HOLD,0,MACD Crossover,MEDIUM,3,47.83,nan,2.55,0.0,5.1,0.0,0.0,2026-10-05,0.8,1.33,75.0,2.59,11.88,1.25,-6.38,11.0,4,2026-06-05 to 2026-09-21 (74 days),-1.0,55.0,nan,nan,nan,NEUTRAL,LOW,Last surprise: +1.6%,-1.0,-1.0,1.0,28,2026-10-22,1.55,0
2026-09-24T15:45:56,2026-09-24,NBIX,EXIT,-1,VWAP Trend,HIGH,4,47.77,nan,2.0,nan,4.0,nan,10.0,2026-09-25,2.11,6.7,44.4,3.59,14.68,50.75,-1.66,1.6,9,2026-06-05 to 2026-09-21 (74 days),-1.0,31.0,nan,nan,nan,NEUTRAL,LOW,High volume; Strong trend (ADX=30); Last surprise: +45.4%; Earnings conf adj: +1,-1.0,-1.0,1.0,34,2026-10-28,45.41,1
2026-09-24T15:43:41,2026-09-24,BG,HOLD,0,Stochastic Oscillator,HIGH,4,47.55,nan,2.39,0.0,3.58,0.0,0.0,2026-10-14,2.76,6.03,100.0,149.54,58.21,89.74,-5.97,20.0,2,2026-06-05 to 2026-09-21 (74 days),-1.0,42.0,nan,nan,nan,NEUTRAL,LOW,Strong trend (ADX=33); Last surprise: +3.1%,-1.0,-1.0,1.0,41,2026-11-04,3.09,0
2026-09-24T15:47:20,2026-09-24,EXPO,HOLD,0,VWAP Trend,HIGH,4,47.42,nan,2.86,0.0,5.72,0.0,0.0,2026-10-01,2.63,4.77,80.0,24.67,83.68,31.17,-7.16,7.6,10,2026-06-05 to 2026-09-21 (74 days),-1.0,46.0,nan,nan,nan,NEUTRAL,LOW,Last surprise: +0.0%,-1.0,-1.0,1.0,35,2026-10-29,0.0,0
2026-09-24T15:46:10,2026-09-24,CR,EXIT,-1,VWAP Trend,HIGH,5,47.22,nan,2.0,nan,4.0,nan,10.0,2026-09-25,2.45,8.38,60.0,6.34,23.46,3.25,-1.36,1.6,10,2026-06-05 to 2026-09-21 (74 days),-1.0,41.6,nan,nan,nan,NEUTRAL,LOW,Last surprise: +6.5%; Earnings conf adj: +1,-1.0,-1.0,1.0,32,2026-10-26,6.55,1
2026-09-24T15:45:00,2026-09-24,P,HOLD,0,Stochastic Oscillator,HIGH,5,47.2,nan,4.09,0.0,6.14,0.0,0.0,2026-10-14,3.69,7.45,100.0,543.79,437.34,57.69,-10.23,20.7,3,2026-06-05 to 2026-09-21 (74 days),-1.0,65.4,nan,nan,nan,NEUTRAL,LOW,Last surprise: +20.7%; Earnings conf adj: +1,-1.0,-1.0,1.0,-29,2026-08-26,20.69,1
2026-09-24T15:44:53,2026-09-24,NEM,HOLD,0,VWAP Trend,HIGH,5,47.19,nan,2.62,0.0,5.24,0.0,0.0,2026-09-26,2.89,6.8,60.0,3.27,97.45,-10.73,-6.54,2.5,10,2026-06-05 to 2026-09-21 (74 days),-1.0,51.4,nan,nan,nan,NEUTRAL,LOW,Last surprise: +5.5%; Earnings conf adj: +1,-1.0,-1.0,1.0,28,2026-10-22,5.53,1
2026-09-24T15:43:40,2026-09-24,BE,HOLD,0,VWAP Trend,HIGH,5,46.96,nan,3.74,0.0,7.48,0.0,0.0,2026-09-26,2.44,7.48,71.4,4.92,281.89,247.01,-9.35,2.7,7,2026-06-08 to 2026-09-22 (74 days),-1.0,60.6,nan,nan,nan,NEUTRAL,LOW,Last surprise: +90.2%; Earnings conf adj: +1,-1.0,-1.0,1.0,33,2026-10-27,90.24,1
2026-09-24T15:45:43,2026-09-24,MTSI,HOLD,0,ADX Trend Following,MEDIUM,3,46.84,nan,6.5,0.0,13.0,0.0,0.0,2026-10-01,0.74,0.92,100.0,58.8,20.16,72.24,-16.25,7.0,3,2026-06-05 to 2026-09-21 (74 days),-1.0,53.1,nan,nan,nan,NEUTRAL,LOW,Last surprise: +3.7%,-1.0,-1.0,1.0,42,2026-11-05,3.7,0
2026-09-24T15:46:40,2026-09-24,APPF,HOLD,0,Stochastic Oscillator,HIGH,4,46.69,nan,2.89,0.0,4.34,0.0,0.0,2026-10-07,3.76,8.05,100.0,401.92,234.05,113.82,-7.22,13.0,3,2026-06-05 to 2026-09-21 (74 days),-1.0,47.6,nan,nan,nan,NEUTRAL,LOW,Last surprise: +1.2%,-1.0,-1.0,1.0,35,2026-10-29,1.18,0
2026-09-24T15:46:45,2026-09-24,CLF,EXIT,-1,VWAP Trend,HIGH,5,46.65,nan,4.82,nan,9.64,nan,10.0,2026-09-27,1.72,3.84,62.5,2.52,91.13,95.15,-12.04,3.8,8,2026-06-08 to 2026-09-22 (74 days),-1.0,56.6,nan,nan,nan,NEUTRAL,LOW,High volume; Last surprise: +9.1%; Earnings conf adj: +1,-1.0,-1.0,1.0,25,2026-10-19,9.09,1
2026-09-24T15:46:43,2026-09-24,CELH,HOLD,0,Stochastic Oscillator,MEDIUM,3,46.59,nan,7.81,0.0,11.72,0.0,0.0,2026-10-15,2.27,3.57,100.0,382.38,231.45,213.24,-19.53,21.7,3,2026-06-08 to 2026-09-22 (74 days),-1.0,49.7,nan,nan,nan,NEUTRAL,LOW,Last surprise: -14.3%; Earnings conf adj: -1,-1.0,-1.0,1.0,46,2026-11-09,-14.29,-1
2026-09-24T15:46:42,2026-09-24,KEX,HOLD,0,Stochastic Oscillator,HIGH,4,46.49,nan,2.0,0.0,3.0,0.0,0.0,2026-10-10,2.74,5.51,100.0,136.72,54.03,66.68,-4.6,16.0,2,2026-06-05 to 2026-09-21 (74 days),-1.0,41.6,nan,nan,nan,NEUTRAL,LOW,High volume; Last surprise: +2.5%,-1.0,-1.0,1.0,35,2026-10-29,2.45,0
2026-09-24T15:46:49,2026-09-24,AAON,HOLD,0,ADX Trend Following,HIGH,5,46.42,nan,2.0,0.0,4.0,0.0,0.0,2026-10-01,2.49,9.21,100.0,110.44,42.01,127.04,-1.81,7.0,2,2026-06-05 to 2026-09-21 (74 days),-1.0,41.0,nan,nan,nan,NEUTRAL,LOW,High volume; Last surprise: +40.8%; Earnings conf adj: +1,-1.0,-1.0,1.0,42,2026-11-05,40.82,1
2026-09-24T15:46:19,2026-09-24,DAR,HOLD,0,Stochastic Oscillator,HIGH,5,46.07,nan,2.0,0.0,3.0,0.0,0.0,2026-10-08,3.5,9.94,100.0,180.87,75.45,51.53,-4.95,14.5,2,2026-06-05 to 2026-09-21 (74 days),-1.0,44.9,nan,nan,nan,NEUTRAL,LOW,Last surprise: +68.2%; Earnings conf adj: +1,-1.0,-1.0,1.0,35,2026-10-29,68.24,1
2026-09-24T15:47:00,2026-09-24,EXLS,HOLD,0,VWAP Trend,HIGH,4,46.01,nan,2.75,0.0,5.5,0.0,0.0,2026-10-04,2.73,7.53,50.0,6.21,200.84,119.38,-6.88,10.2,6,2026-06-05 to 2026-09-21 (74 days),-1.0,48.0,nan,nan,nan,NEUTRAL,LOW,Last surprise: +7.3%; Earnings conf adj: +1,-1.0,-1.0,1.0,33,2026-10-27,7.27,1
2026-09-24T15:47:08,2026-09-24,SR,HOLD,0,Stochastic Oscillator,HIGH,4,45.63,nan,2.0,0.0,3.0,0.0,0.0,2026-10-31,0.87,1.42,100.0,44.26,15.38,19.37,-4.47,37.0,2,2026-06-05 to 2026-09-21 (74 days),-1.0,44.1,nan,nan,nan,NEUTRAL,LOW,Last surprise: +13.3%; Earnings conf adj: +1,-1.0,-1.0,1.0,50,2026-11-13,13.33,1
2026-09-24T15:46:43,2026-09-24,FAF,HOLD,0,VWAP Trend,HIGH,5,45.61,nan,2.0,0.0,4.0,0.0,0.0,2026-09-26,3.36,8.99,72.7,6.71,56.65,41.4,-2.7,2.5,11,2026-06-05 to 2026-09-21 (74 days),-1.0,38.7,nan,nan,nan,NEUTRAL,LOW,Last surprise: +13.0%; Earnings conf adj: +1,-1.0,-1.0,1.0,27,2026-10-21,13.04,1
2026-09-24T15:44:50,2026-09-24,MRNA,EXIT,-1,VWAP Trend,HIGH,4,45.41,nan,4.08,nan,8.16,nan,10.0,2026-09-27,2.56,5.62,87.5,5.13,261.89,-9996.8,-10.21,3.4,8,2026-06-08 to 2026-09-22 (74 days),-1.0,72.2,nan,nan,nan,NEUTRAL,LOW,RSI overbought; Strong trend (ADX=60); Last surprise: +4.4%,-1.0,-1.0,1.0,42,2026-11-05,4.37,0
2026-09-24T15:45:46,2026-09-24,RS,HOLD,0,VWAP Trend,HIGH,5,45.36,nan,2.86,0.0,5.72,0.0,0.0,2026-09-26,1.18,1.72,66.7,2.04,17.9,25.25,-7.15,2.8,9,2026-06-05 to 2026-09-21 (74 days),-1.0,42.6,nan,nan,nan,NEUTRAL,LOW,Last surprise: +14.6%; Earnings conf adj: +1,-1.0,-1.0,1.0,27,2026-10-21,14.63,1
2026-09-24T15:44:42,2026-09-24,LNT,BUY,1,VWAP Trend,HIGH,4,45.26,nan,2.0,nan,4.0,nan,10.0,2026-09-26,0.6,0.91,75.0,1.73,3.35,34.27,-2.65,2.2,8,2026-06-05 to 2026-09-21 (74 days),0.738,28.1,nan,nan,nan,NEUTRAL,LOW,RSI oversold; Strong trend (ADX=39); Last surprise: +12.1%; Earnings conf adj: +1,-1.0,-1.0,1.0,42,2026-11-05,12.07,1
2026-09-24T15:44:13,2026-09-24,FAST,HOLD,0,Stochastic Oscillator,HIGH,4,45.17,nan,2.0,0.0,3.0,0.0,0.0,2026-10-14,4.6,11.2,100.0,192.2,81.85,56.78,-2.99,20.0,2,2026-06-05 to 2026-09-21 (74 days),-1.0,51.9,nan,nan,nan,NEUTRAL,LOW,Last surprise: +0.0%,-1.0,-1.0,1.0,20,2026-10-14,0.0,0
2026-09-24T15:44:22,2026-09-24,GPC,HOLD,0,VWAP Trend,HIGH,4,44.7,nan,2.62,0.0,5.24,0.0,0.0,2026-09-26,2.35,7.97,71.4,42.24,84.48,-61.81,-6.54,2.9,7,2026-06-05 to 2026-09-21 (74 days),-1.0,36.8,nan,nan,nan,NEUTRAL,LOW,Strong trend (ADX=30); Last surprise: +3.4%,-1.0,-1.0,1.0,26,2026-10-20,3.37,0
2026-09-24T15:45:23,2026-09-24,TMO,HOLD,0,Momentum (Rate of Change),HIGH,5,44.46,nan,2.1,0.0,4.2,0.0,0.0,2026-11-11,3.11,7.06,100.0,271.7,129.11,-87.06,-5.24,48.0,2,2026-06-05 to 2026-09-21 (74 days),-1.0,69.8,nan,nan,nan,NEUTRAL,LOW,Strong trend (ADX=41); Last surprise: +5.6%; Earnings conf adj: +1,-1.0,-1.0,1.0,27,2026-10-21,5.6,1
2026-09-24T15:47:35,2026-09-24,USO,HOLD,0,MACD Crossover,HIGH,4,44.41,nan,7.12,0.0,14.24,0.0,0.0,2026-10-14,1.1,1.66,100.0,112.52,44.73,20.01,-17.81,20.7,3,2026-06-08 to 2026-09-22 (74 days),-1.0,51.0,nan,nan,nan,NEUTRAL,LOW,Strong trend (ADX=39),-1.0,-1.0,1.0,-1,,,0
2026-09-24T15:45:19,2026-09-24,SWKS,HOLD,0,VWAP Trend,HIGH,4,44.34,nan,7.56,0.0,15.12,0.0,0.0,2026-10-01,1.39,2.47,66.7,2.57,83.21,-7.8,-18.91,7.0,9,2026-06-05 to 2026-09-21 (74 days),-1.0,64.6,nan,nan,nan,NEUTRAL,LOW,Strong trend (ADX=52); Last surprise: +4.9%,-1.0,-1.0,1.0,40,2026-11-03,4.85,0
2026-09-24T15:47:07,2026-09-24,OLLI,HOLD,0,MACD Crossover,HIGH,4,44.33,nan,3.38,0.0,6.76,0.0,0.0,2026-10-11,2.8,4.96,100.0,201.6,90.59,76.38,-8.44,17.0,2,2026-06-05 to 2026-09-21 (74 days),-1.0,59.4,nan,nan,nan,NEUTRAL,LOW,Last surprise: +4.6%,-1.0,-1.0,1.0,-22,2026-09-02,4.6,0
2026-09-24T15:44:11,2026-09-24,EW,HOLD,0,Stochastic Oscillator,HIGH,5,44.3,nan,2.0,0.0,3.0,0.0,0.0,2026-10-06,2.65,7.59,100.0,103.72,37.38,27.49,-2.45,12.5,2,2026-06-05 to 2026-09-21 (74 days),-1.0,49.3,nan,nan,nan,NEUTRAL,LOW,Last surprise: +5.4%; Earnings conf adj: +1,-1.0,-1.0,1.0,35,2026-10-29,5.41,1
2026-09-24T15:44:34,2026-09-24,IVZ,HOLD,0,Stochastic Oscillator,HIGH,5,44.18,nan,2.0,0.0,3.0,0.0,0.0,2026-10-10,2.95,7.15,100.0,181.25,73.72,9.26,-2.87,16.0,2,2026-06-05 to 2026-09-21 (74 days),-1.0,49.3,nan,nan,nan,NEUTRAL,LOW,Strong trend (ADX=34); Last surprise: +7.6%; Earnings conf adj: +1,-1.0,-1.0,1.0,33,2026-10-27,7.58,1
2026-09-24T15:45:17,2026-09-24,SRE,HOLD,0,VWAP Trend,HIGH,4,44.06,nan,2.0,0.0,4.0,0.0,0.0,2026-09-28,0.88,1.32,75.0,2.99,10.8,42.73,-4.38,4.0,8,2026-06-05 to 2026-09-21 (74 days),-1.0,38.1,nan,nan,nan,NEUTRAL,LOW,Last surprise: +9.4%; Earnings conf adj: +1,-1.0,-1.0,1.0,41,2026-11-04,9.43,1
2026-09-24T15:43:28,2026-09-24,ADM,HOLD,0,Stochastic Oscillator,HIGH,5,44.02,nan,2.0,0.0,3.0,0.0,0.0,2026-10-17,2.65,5.63,100.0,155.8,59.69,46.35,-4.6,23.5,2,2026-06-05 to 2026-09-21 (74 days),-1.0,49.1,nan,nan,nan,NEUTRAL,LOW,Strong trend (ADX=41); Last surprise: +27.8%; Earnings conf adj: +1,-1.0,-1.0,1.0,40,2026-11-03,27.78,1
2026-09-24T15:45:10,2026-09-24,RF,HOLD,0,VWAP Trend,HIGH,4,43.57,nan,2.0,0.0,4.0,0.0,0.0,2026-09-25,0.83,1.48,71.4,1.85,5.36,1.69,-2.79,1.6,7,2026-06-05 to 2026-09-21 (74 days),-1.0,31.9,nan,nan,nan,NEUTRAL,LOW,Strong trend (ADX=34); Last surprise: +7.9%; Earnings conf adj: +1,-1.0,-1.0,1.0,22,2026-10-16,7.94,1
2026-09-24T15:43:58,2026-09-24,CVNA,HOLD,0,Stochastic Oscillator,HIGH,5,43.5,nan,2.94,0.0,4.41,0.0,0.0,2026-10-02,2.6,4.36,100.0,187.82,79.26,75.74,-7.36,8.5,2,2026-06-05 to 2026-09-21 (74 days),-1.0,44.1,nan,nan,nan,NEUTRAL,LOW,Last surprise: +10.5%; Earnings conf adj: +1,-1.0,-1.0,1.0,34,2026-10-28,10.53,1
2026-09-24T15:44:36,2026-09-24,KHC,HOLD,0,Stochastic Oscillator,HIGH,5,43.43,nan,2.0,0.0,3.0,0.0,0.0,2026-10-12,2.61,5.26,100.0,154.23,63.22,25.77,-3.47,18.0,2,2026-06-05 to 2026-09-21 (74 days),-1.0,44.2,nan,nan,nan,NEUTRAL,LOW,Last surprise: +5.7%; Earnings conf adj: +1,-1.0,-1.0,1.0,34,2026-10-28,5.66,1
2026-09-24T15:46:32,2026-09-24,ALV,HOLD,0,VWAP Trend,LOW,1,43.22,nan,3.54,0.0,5.31,0.0,0.0,2026-09-25,-0.22,-0.29,62.5,0.97,-4.7,17.55,-8.84,1.6,8,2026-06-05 to 2026-09-21 (74 days),-1.0,44.4,nan,nan,nan,NEUTRAL,LOW,High volume; Strong trend (ADX=31); Last surprise: -2.0%,-1.0,-1.0,1.0,29,2026-10-23,-2.02,0
2026-09-24T15:44:05,2026-09-24,DVA,HOLD,0,MACD Crossover,HIGH,4,43.08,nan,2.42,0.0,4.84,0.0,0.0,2026-10-21,2.37,3.5,100.0,137.11,55.71,72.27,-6.04,27.5,2,2026-06-05 to 2026-09-21 (74 days),-1.0,44.7,nan,nan,nan,NEUTRAL,LOW,Last surprise: +3.6%,-1.0,-1.0,1.0,34,2026-10-28,3.61,0
2026-09-24T15:43:26,2026-09-24,A,HOLD,0,Stochastic Oscillator,HIGH,5,43.03,nan,2.0,0.0,3.0,0.0,0.0,2026-10-17,3.41,7.23,100.0,213.37,93.73,7.18,-4.92,23.0,2,2026-06-05 to 2026-09-21 (74 days),-1.0,69.0,nan,nan,nan,NEUTRAL,LOW,Strong trend (ADX=34); Last surprise: +8.7%; Earnings conf adj: +1,-1.0,-1.0,1.0,62,2026-11-25,8.72,1
2026-09-24T15:47:15,2026-09-24,KRC,HOLD,0,VWAP Trend,HIGH,5,42.87,nan,2.0,0.0,4.0,0.0,0.0,2026-09-26,1.4,2.48,75.0,3.68,11.36,28.37,-2.39,2.1,8,2026-06-05 to 2026-09-21 (74 days),-1.0,35.3,nan,nan,nan,NEUTRAL,LOW,Strong trend (ADX=44); Last surprise: +41.7%; Earnings conf adj: +1,-1.0,-1.0,1.0,32,2026-10-26,41.67,1
2026-09-24T15:45:25,2026-09-24,TSLA,HOLD,0,MACD Crossover,MEDIUM,2,42.84,nan,3.39,0.0,6.78,0.0,0.0,2026-10-12,0.75,1.14,66.7,1.97,22.82,45.98,-8.47,18.7,3,2026-06-08 to 2026-09-22 (74 days),-1.0,60.1,nan,nan,nan,NEUTRAL,LOW,Last surprise: -38.9%; Earnings conf adj: -1,-1.0,-1.0,1.0,27,2026-10-21,-38.89,-1
2026-09-24T15:45:32,2026-09-24,VRSN,HOLD,0,EMA Crossover (9/21),MEDIUM,3,42.78,nan,4.4,0.0,8.8,0.0,0.0,2026-10-13,0.99,1.57,100.0,65.08,22.98,5.4,-11.01,19.3,3,2026-06-05 to 2026-09-21 (74 days),-1.0,67.6,nan,nan,nan,NEUTRAL,LOW,Strong trend (ADX=32); Last surprise: +1.3%,-1.0,-1.0,1.0,28,2026-10-22,1.28,0
2026-09-24T15:43:52,2026-09-24,CNC,HOLD,0,ADX Trend Following,HIGH,4,42.67,nan,2.81,0.0,5.62,0.0,0.0,2026-10-01,0.88,1.3,100.0,49.49,16.4,0.88,-7.03,7.5,4,2026-06-05 to 2026-09-21 (74 days),-1.0,47.5,nan,nan,nan,NEUTRAL,LOW,Last surprise: +132.4%; Earnings conf adj: +1,-1.0,-1.0,1.0,33,2026-10-27,132.41,1
2026-09-24T15:44:14,2026-09-24,FFIV,EXIT,-1,ADX Trend Following,HIGH,5,42.58,nan,3.35,nan,6.7,nan,10.0,2026-10-04,2.33,4.05,60.0,4.71,82.45,23.21,-8.38,10.6,5,2026-06-05 to 2026-09-21 (74 days),-1.0,67.5,nan,nan,nan,NEUTRAL,LOW,Strong trend (ADX=47); Last surprise: +18.3%; Earnings conf adj: +1,-1.0,-1.0,1.0,32,2026-10-26,18.25,1
2026-09-24T15:46:20,2026-09-24,GMED,HOLD,0,VWAP Trend,HIGH,5,42.5,nan,2.46,0.0,4.92,0.0,0.0,2026-09-26,1.15,1.86,75.0,1.96,21.98,44.54,-6.16,2.4,8,2026-06-05 to 2026-09-21 (74 days),-1.0,35.9,nan,nan,nan,NEUTRAL,LOW,Strong trend (ADX=43); Last surprise: +21.8%; Earnings conf adj: +1,-1.0,-1.0,1.0,42,2026-11-05,21.82,1
2026-09-24T15:46:06,2026-09-24,HL,EXIT,-1,VWAP Trend,MEDIUM,2,42.48,nan,5.19,nan,10.38,nan,10.0,2026-09-26,0.87,1.41,71.4,2.03,21.61,-111.78,-12.97,2.9,7,2026-06-08 to 2026-09-22 (74 days),-1.0,49.7,nan,nan,nan,NEUTRAL,LOW,High volume; Strong trend (ADX=33); Last surprise: -5.6%; Earnings conf adj: -1,-1.0,-1.0,1.0,42,2026-11-05,-5.56,-1
2026-09-24T15:45:41,2026-09-24,ROIV,HOLD,0,Stochastic Oscillator,HIGH,5,42.24,nan,2.0,0.0,3.0,0.0,0.0,2026-10-04,2.59,22.62,100.0,292.23,142.65,-49.53,-2.56,10.5,2,2026-06-05 to 2026-09-21 (74 days),-1.0,55.7,nan,nan,nan,NEUTRAL,LOW,Last surprise: +5.6%; Earnings conf adj: +1,-1.0,-1.0,1.0,46,2026-11-09,5.56,1
2026-09-24T15:44:06,2026-09-24,EBAY,HOLD,0,Stochastic Oscillator,HIGH,5,42.18,nan,2.0,0.0,3.0,0.0,0.0,2026-10-25,1.87,3.25,100.0,117.5,45.22,47.48,-4.49,31.0,2,2026-06-05 to 2026-09-21 (74 days),-1.0,52.0,nan,nan,nan,NEUTRAL,LOW,Last surprise: +6.0%; Earnings conf adj: +1,-1.0,-1.0,1.0,41,2026-11-04,5.96,1
2026-09-24T15:44:53,2026-09-24,NDSN,HOLD,0,Stochastic Oscillator,HIGH,5,42.15,nan,2.0,0.0,3.0,0.0,0.0,2026-10-11,2.73,4.75,100.0,95.68,32.99,-14.13,-2.77,17.0,2,2026-06-05 to 2026-09-21 (74 days),-1.0,51.8,nan,nan,nan,NEUTRAL,LOW,Last surprise: +5.2%; Earnings conf adj: +1,-1.0,-1.0,1.0,-36,2026-08-19,5.18,1
2026-09-24T15:46:29,2026-09-24,REXR,HOLD,0,Stochastic Oscillator,HIGH,5,42.1,nan,2.99,0.0,4.49,0.0,0.0,2026-11-03,2.39,4.28,100.0,167.6,71.09,8.54,-7.47,40.0,2,2026-06-05 to 2026-09-21 (74 days),-1.0,63.2,nan,nan,nan,NEUTRAL,LOW,Strong trend (ADX=43); Last surprise: +61.5%; Earnings conf adj: +1,-1.0,-1.0,1.0,20,2026-10-14,61.54,1
2026-09-24T15:43:57,2026-09-24,CTAS,HOLD,0,Stochastic Oscillator,HIGH,4,42.04,nan,2.0,0.0,3.0,0.0,0.0,2026-10-05,1.9,4.04,100.0,80.6,26.39,-11.5,-3.15,11.0,2,2026-06-05 to 2026-09-21 (74 days),-1.0,42.1,nan,nan,nan,NEUTRAL,LOW,High volume; Last surprise: +0.0%,-1.0,-1.0,1.0,84,2026-12-17,0.0,0
2026-09-24T15:45:34,2026-09-24,WAB,HOLD,0,Stochastic Oscillator,HIGH,5,41.99,nan,2.0,0.0,3.0,0.0,0.0,2026-10-13,2.88,10.77,100.0,191.42,80.93,46.55,-2.84,19.5,2,2026-06-05 to 2026-09-21 (74 days),-1.0,48.6,nan,nan,nan,NEUTRAL,LOW,Strong trend (ADX=39); Last surprise: +5.7%; Earnings conf adj: +1,-1.0,-1.0,1.0,27,2026-10-21,5.75,1
2026-09-24T15:43:36,2026-09-24,ARE,HOLD,0,Stochastic Oscillator,HIGH,5,41.96,nan,3.05,0.0,4.57,0.0,0.0,2026-10-08,2.41,6.47,100.0,188.6,82.96,63.12,-7.63,14.0,2,2026-06-05 to 2026-09-21 (74 days),-1.0,54.8,nan,nan,nan,NEUTRAL,LOW,Strong trend (ADX=34); Last surprise: +25.0%; Earnings conf adj: +1,-1.0,-1.0,1.0,32,2026-10-26,25.0,1
2026-09-24T15:46:10,2026-09-24,GME,HOLD,-1,VWAP Trend,LOW,1,41.92,nan,7.62,nan,11.43,nan,0.0,2026-10-06,0.21,0.26,66.7,1.19,1.3,-28.93,-19.06,12.5,6,2026-06-08 to 2026-09-22 (74 days),-1.0,80.8,nan,nan,nan,NEUTRAL,LOW,RSI overbought; Strong trend (ADX=71); Last surprise: +0.0%,-1.0,-1.0,1.0,75,2026-12-08,0.0,0
2026-09-24T15:46:04,2026-09-24,COKE,HOLD,0,ADX Trend Following,HIGH,4,41.83,nan,2.92,0.0,5.84,0.0,0.0,2026-10-25,1.69,2.66,100.0,122.06,48.7,27.61,-7.3,31.5,2,2026-06-05 to 2026-09-21 (74 days),-1.0,46.7,nan,nan,nan,NEUTRAL,LOW,Last surprise: +32.1%,-1.0,-1.0,1.0,34,2026-10-28,32.14,0
2026-09-24T15:45:55,2026-09-24,UNM,HOLD,0,EMA Crossover (9/21),MEDIUM,3,41.71,nan,2.74,0.0,5.48,0.0,0.0,2026-10-16,0.57,0.86,100.0,25.0,7.8,-24.19,-6.84,22.5,2,2026-06-05 to 2026-09-21 (74 days),-1.0,52.0,nan,nan,nan,NEUTRAL,LOW,Last surprise: +0.5%,-1.0,-1.0,1.0,40,2026-11-03,0.47,0
2026-09-24T15:44:59,2026-09-24,ORCL,HOLD,0,EMA Crossover (9/21),MEDIUM,3,41.56,nan,5.46,0.0,10.92,0.0,0.0,2026-10-16,0.48,0.71,100.0,33.05,10.82,80.63,-13.64,22.5,2,2026-06-08 to 2026-09-22 (74 days),-1.0,51.1,nan,nan,nan,NEUTRAL,LOW,Last surprise: +10.3%; Earnings conf adj: +1,-1.0,-1.0,1.0,77,2026-12-10,10.34,1
2026-09-24T15:44:21,2026-09-24,GM,HOLD,0,EMA Crossover (9/21),HIGH,5,41.44,nan,2.92,0.0,5.84,0.0,0.0,2026-10-23,1.5,2.58,100.0,95.27,36.13,27.41,-7.3,29.5,2,2026-06-05 to 2026-09-21 (74 days),-1.0,46.8,nan,nan,nan,NEUTRAL,LOW,Last surprise: +11.9%; Earnings conf adj: +1,-1.0,-1.0,1.0,26,2026-10-20,11.91,1
2026-09-24T15:44:50,2026-09-24,MRK,HOLD,0,Stochastic Oscillator,HIGH,5,41.44,nan,2.0,0.0,3.0,0.0,0.0,2026-10-03,4.21,31.45,100.0,166.19,65.43,-52.97,-1.87,9.0,2,2026-06-05 to 2026-09-21 (74 days),-1.0,61.4,nan,nan,nan,NEUTRAL,LOW,Last surprise: +50.0%; Earnings conf adj: +1,-1.0,-1.0,1.0,35,2026-10-29,50.0,1
2026-09-24T15:44:42,2026-09-24,LULU,HOLD,0,Stochastic Oscillator,HIGH,5,41.42,nan,3.22,0.0,4.83,0.0,0.0,2026-10-16,1.31,2.23,100.0,88.7,31.63,66.69,-8.04,22.0,2,2026-06-08 to 2026-09-22 (74 days),-1.0,44.6,nan,nan,nan,NEUTRAL,LOW,Strong trend (ADX=36); Last surprise: +63.1%; Earnings conf adj: +1,-1.0,-1.0,1.0,-21,2026-09-03,63.13,1
2026-09-24T15:44:47,2026-09-24,MKC,HOLD,0,MACD Crossover,HIGH,4,41.21,nan,2.11,0.0,4.22,0.0,0.0,2026-10-16,1.91,3.31,100.0,131.95,53.48,37.34,-5.27,22.0,2,2026-06-05 to 2026-09-21 (74 days),-1.0,31.2,nan,nan,nan,NEUTRAL,LOW,Last surprise: +14.3%,-1.0,-1.0,1.0,7,2026-10-01,14.29,0
2026-09-24T15:46:32,2026-09-24,PBF,HOLD,0,Stochastic Oscillator,HIGH,5,41.06,nan,2.0,0.0,3.0,0.0,0.0,2026-10-02,4.18,16.12,100.0,357.35,193.84,-345.66,-3.02,8.0,2,2026-06-05 to 2026-09-21 (74 days),-1.0,49.8,nan,nan,nan,NEUTRAL,LOW,Last surprise: +51.0%; Earnings conf adj: +1,-1.0,-1.0,1.0,35,2026-10-29,50.97,1
2026-09-24T15:47:02,2026-09-24,MUR,HOLD,0,Stochastic Oscillator,HIGH,4,41.01,nan,5.01,0.0,7.52,0.0,0.0,2026-10-26,1.88,3.22,100.0,169.04,71.42,89.11,-12.52,32.0,2,2026-06-05 to 2026-09-21 (74 days),-1.0,45.8,nan,nan,nan,NEUTRAL,LOW,Last surprise: -1.9%,-1.0,-1.0,1.0,41,2026-11-04,-1.9,0
2026-09-24T15:44:26,2026-09-24,HONA,HOLD,0,Momentum (Rate of Change),MEDIUM,3,40.96,nan,2.0,0.0,4.0,0.0,0.0,2026-09-27,2.67,86.19,100.0,32.19,26.4,111.28,-0.1,3.0,1,2026-08-04 to 2026-09-21 (34 days),-1.0,52.5,nan,nan,nan,NEUTRAL,LOW,Last surprise: -11.8%; Earnings conf adj: -1,-1.0,-1.0,1.0,41,2026-11-04,-11.79,-1
2026-09-24T15:46:57,2026-09-24,VAL,HOLD,0,EMA Crossover (9/21),HIGH,4,40.92,nan,4.86,0.0,9.72,0.0,0.0,2026-10-12,0.55,1.0,100.0,33.02,11.22,35.17,-12.16,18.0,2,2026-06-05 to 2026-09-21 (74 days),-1.0,45.0,nan,nan,nan,NEUTRAL,LOW,Last surprise: +300.0%; Earnings conf adj: +1,-1.0,-1.0,1.0,34,2026-10-28,300.0,1
2026-09-24T15:47:03,2026-09-24,NOVT,HOLD,0,VWAP Trend,MEDIUM,2,40.92,nan,4.63,0.0,9.26,0.0,0.0,2026-09-26,0.07,0.09,55.6,1.08,-1.97,38.77,-11.58,2.3,9,2026-06-05 to 2026-09-21 (74 days),-1.0,36.7,nan,nan,nan,NEUTRAL,LOW,Strong trend (ADX=35); Last surprise: +7.2%; Earnings conf adj: +1,-1.0,-1.0,1.0,40,2026-11-03,7.23,1
2026-09-24T15:46:37,2026-09-24,AVT,HOLD,0,Stochastic Oscillator,HIGH,5,40.87,nan,2.93,0.0,4.4,0.0,0.0,2026-10-16,2.33,3.87,100.0,183.58,78.69,37.85,-7.32,22.0,2,2026-06-05 to 2026-09-21 (74 days),-1.0,56.9,nan,nan,nan,NEUTRAL,LOW,Last surprise: +28.8%; Earnings conf adj: +1,-1.0,-1.0,1.0,34,2026-10-28,28.81,1
2026-09-24T15:46:52,2026-09-24,TXNM,HOLD,0,Stochastic Oscillator,HIGH,4,40.87,nan,2.0,0.0,3.0,0.0,0.0,2026-10-23,1.97,3.45,100.0,33.42,9.79,11.69,-1.9,29.0,2,2026-06-05 to 2026-09-21 (74 days),-1.0,66.0,nan,nan,nan,NEUTRAL,LOW,Strong trend (ADX=43); Last surprise: +1.8%,-1.0,-1.0,1.0,36,2026-10-30,1.75,0
2026-09-24T15:44:46,2026-09-24,MDT,HOLD,0,ADX Trend Following,HIGH,4,40.76,nan,2.0,0.0,4.0,0.0,0.0,2026-10-14,1.38,2.28,100.0,73.48,26.95,-27.2,-4.42,20.3,3,2026-06-05 to 2026-09-21 (74 days),-1.0,51.8,nan,nan,nan,NEUTRAL,LOW,Last surprise: +4.3%,-1.0,-1.0,1.0,54,2026-11-17,4.32,0
2026-09-24T15:44:14,2026-09-24,FDS,HOLD,0,Stochastic Oscillator,HIGH,4,40.74,nan,2.54,0.0,3.81,0.0,0.0,2026-10-09,1.85,4.22,100.0,172.87,69.83,23.95,-6.35,15.0,2,2026-06-05 to 2026-09-21 (74 days),-1.0,50.3,nan,nan,nan,NEUTRAL,LOW,Last surprise: +1.8%,-1.0,-1.0,1.0,6,2026-09-30,1.8,0
2026-09-24T15:45:55,2026-09-24,OHI,HOLD,0,Stochastic Oscillator,HIGH,5,40.69,nan,2.0,0.0,3.0,0.0,0.0,2026-10-24,2.37,4.84,100.0,114.22,40.02,14.77,-2.9,30.0,2,2026-06-05 to 2026-09-21 (74 days),-1.0,47.8,nan,nan,nan,NEUTRAL,LOW,Last surprise: +154.2%; Earnings conf adj: +1,-1.0,-1.0,1.0,40,2026-11-03,154.17,1
2026-09-24T15:47:31,2026-09-24,DBA,HOLD,0,MACD Crossover,HIGH,4,40.62,nan,2.0,0.0,4.0,0.0,0.0,2026-10-26,1.88,3.05,100.0,62.7,22.87,-10.23,-2.85,32.0,2,2026-06-05 to 2026-09-21 (74 days),-1.0,51.2,nan,nan,nan,NEUTRAL,LOW,No special conditions,-1.0,-1.0,1.0,-1,,,0
2026-09-24T15:44:47,2026-09-24,META,HOLD,0,Stochastic Oscillator,MEDIUM,3,40.57,nan,3.82,0.0,5.73,0.0,0.0,2026-10-28,2.53,4.48,100.0,272.48,134.25,11.9,-9.55,34.5,2,2026-06-08 to 2026-09-22 (74 days),-1.0,76.1,nan,nan,nan,NEUTRAL,LOW,RSI overbought; Strong trend (ADX=63); Last surprise: -14.4%; Earnings conf adj: -1,-1.0,-1.0,1.0,34,2026-10-28,-14.4,-1
2026-09-24T15:44:31,2026-09-24,INTU,HOLD,0,ADX Trend Following,HIGH,5,40.53,nan,4.1,0.0,8.2,0.0,0.0,2026-10-28,2.09,3.68,100.0,235.58,108.04,97.54,-10.24,34.0,2,2026-06-05 to 2026-09-21 (74 days),-1.0,38.5,nan,nan,nan,NEUTRAL,LOW,Last surprise: +12.3%; Earnings conf adj: +1,-1.0,-1.0,1.0,56,2026-11-19,12.26,1
2026-09-24T15:44:51,2026-09-24,MSCI,HOLD,0,VWAP Trend,LOW,1,40.51,nan,3.3,0.0,4.95,0.0,0.0,2026-09-30,0.27,0.4,60.0,1.33,2.82,30.21,-8.26,6.4,5,2026-06-05 to 2026-09-21 (74 days),-1.0,49.4,nan,nan,nan,NEUTRAL,LOW,Last surprise: -0.8%,-1.0,-1.0,1.0,26,2026-10-20,-0.8,0
2026-09-24T15:46:26,2026-09-24,TTEK,HOLD,0,ADX Trend Following,HIGH,4,40.51,nan,2.0,0.0,4.0,0.0,0.0,2026-10-27,3.4,6.74,100.0,251.75,115.67,-26.16,-4.75,33.5,2,2026-06-05 to 2026-09-21 (74 days),-1.0,52.6,nan,nan,nan,NEUTRAL,LOW,Last surprise: +5.0%,-1.0,-1.0,1.0,48,2026-11-11,5.0,0
2026-09-24T15:44:23,2026-09-24,GRMN,HOLD,0,VWAP Trend,HIGH,5,40.4,nan,2.16,0.0,4.32,0.0,0.0,2026-09-26,1.76,6.78,55.6,4.02,69.49,-15.34,-5.41,2.6,9,2026-06-05 to 2026-09-21 (74 days),-1.0,50.5,nan,nan,nan,NEUTRAL,LOW,Last surprise: +22.7%; Earnings conf adj: +1,-1.0,-1.0,1.0,34,2026-10-28,22.71,1
2026-09-24T15:47:02,2026-09-24,OZK,HOLD,0,VWAP Trend,LOW,1,40.37,nan,2.0,0.0,3.0,0.0,0.0,2026-09-27,0.15,0.19,62.5,1.46,0.88,10.25,-2.88,3.2,8,2026-06-05 to 2026-09-21 (74 days),-1.0,34.9,nan,nan,nan,NEUTRAL,LOW,Strong trend (ADX=33); Last surprise: +0.7%,-1.0,-1.0,1.0,21,2026-10-15,0.68,0
2026-09-24T15:45:21,2026-09-24,TDY,EXIT,-1,VWAP Trend,HIGH,5,40.33,nan,2.0,nan,4.0,nan,10.0,2026-09-25,1.95,5.72,55.6,3.43,19.19,15.23,-2.0,1.4,9,2026-06-05 to 2026-09-21 (74 days),-1.0,43.0,nan,nan,nan,NEUTRAL,LOW,High volume; Strong trend (ADX=48); Last surprise: +8.5%; Earnings conf adj: +1,-1.0,-1.0,1.0,27,2026-10-21,8.46,1
2026-09-24T15:47:18,2026-09-24,OPCH,BUY,1,VWAP Trend,HIGH,4,40.3,nan,2.55,nan,5.1,nan,10.0,2026-10-08,2.23,4.08,66.7,4.54,73.91,3.12,-6.38,14.3,6,2026-06-05 to 2026-09-21 (74 days),0.325,52.3,nan,nan,nan,NEUTRAL,LOW,Last surprise: +4.7%,-1.0,-1.0,1.0,35,2026-10-29,4.65,0
2026-09-24T15:46:17,2026-09-24,AVTR,HOLD,0,PEAD Earnings Drift,HIGH,5,40.26,nan,2.23,0.0,4.46,0.0,0.0,2026-10-28,3.77,10.84,100.0,486.63,327.13,-134.41,-5.58,34.0,2,2026-06-05 to 2026-09-21 (74 days),-1.0,57.4,nan,nan,nan,NEUTRAL,LOW,Strong trend (ADX=52); Last surprise: +10.5%; Earnings conf adj: +1,-1.0,-1.0,1.0,34,2026-10-28,10.53,1
2026-09-24T15:47:21,2026-09-24,YETI,HOLD,0,Composite Multi-Indicator,HIGH,5,40.25,nan,2.0,0.0,4.0,0.0,0.0,2026-09-29,3.09,97.14,100.0,54.24,19.57,49.17,-0.1,5.0,1,2026-06-05 to 2026-09-21 (74 days),-1.0,50.7,nan,nan,nan,NEUTRAL,LOW,Strong trend (ADX=34); Last surprise: +21.8%; Earnings conf adj: +1,-1.0,-1.0,1.0,42,2026-11-05,21.82,1
2026-09-24T15:45:43,2026-09-24,ROKU,HOLD,0,MACD Crossover,HIGH,4,40.21,nan,2.0,0.0,4.0,0.0,0.0,2026-10-08,0.97,1.46,100.0,29.47,9.41,-114.07,-2.84,14.7,3,2026-06-05 to 2026-09-21 (74 days),-1.0,50.0,nan,nan,nan,NEUTRAL,LOW,Last surprise: +114.3%; Earnings conf adj: +1,-1.0,-1.0,1.0,42,2026-11-05,114.29,1
2026-09-24T15:43:28,2026-09-24,ADSK,HOLD,0,Stochastic Oscillator,HIGH,5,40.01,nan,2.75,0.0,4.12,0.0,0.0,2026-10-11,1.17,2.13,100.0,80.33,28.37,44.08,-6.88,17.0,2,2026-06-05 to 2026-09-21 (74 days),-1.0,42.2,nan,nan,nan,NEUTRAL,LOW,Last surprise: +5.8%; Earnings conf adj: +1,-1.0,-1.0,1.0,64,2026-11-27,5.77,1
2026-09-24T15:43:56,2026-09-24,CRWD,HOLD,0,Stochastic Oscillator,HIGH,5,39.92,nan,4.78,0.0,7.17,0.0,0.0,2026-10-09,2.9,8.4,100.0,479.53,320.12,27.28,-11.94,15.5,2,2026-06-05 to 2026-09-21 (74 days),-1.0,64.6,nan,nan,nan,NEUTRAL,LOW,Strong trend (ADX=34); Last surprise: +6.9%; Earnings conf adj: +1,-1.0,-1.0,1.0,68,2026-12-01,6.9,1
2026-09-24T15:45:30,2026-09-24,VLTO,HOLD,0,ADX Trend Following,HIGH,5,39.81,nan,2.0,0.0,4.0,0.0,0.0,2026-10-08,2.59,4.32,60.0,14.65,64.88,22.52,-4.83,14.8,5,2026-06-05 to 2026-09-21 (74 days),-1.0,46.6,nan,nan,nan,NEUTRAL,LOW,Last surprise: +9.9%; Earnings conf adj: +1,-1.0,-1.0,1.0,27,2026-10-21,9.9,1
2026-09-24T15:47:04,2026-09-24,MIDD,HOLD,0,Composite Multi-Indicator,HIGH,5,39.66,nan,2.0,0.0,4.0,0.0,0.0,2026-10-06,2.46,6.52,100.0,49.12,17.57,50.03,-1.04,12.0,1,2026-06-05 to 2026-09-21 (74 days),-1.0,42.7,nan,nan,nan,NEUTRAL,LOW,Last surprise: +12.4%; Earnings conf adj: +1,-1.0,-1.0,1.0,42,2026-11-05,12.44,1
2026-09-24T15:45:36,2026-09-24,WMT,HOLD,0,Stochastic Oscillator,HIGH,5,39.63,nan,2.28,0.0,3.42,0.0,0.0,2026-10-27,1.14,1.8,100.0,50.55,17.55,42.23,-5.7,33.5,2,2026-06-08 to 2026-09-22 (74 days),-1.0,56.6,nan,nan,nan,NEUTRAL,LOW,Last surprise: +9.5%; Earnings conf adj: +1,-1.0,-1.0,1.0,56,2026-11-19,9.46,1
2026-09-24T15:45:47,2026-09-24,PR,HOLD,0,Stochastic Oscillator,HIGH,5,39.59,nan,2.96,0.0,4.44,0.0,0.0,2026-10-15,1.73,3.12,100.0,101.71,36.05,-32.59,-7.41,21.5,2,2026-06-05 to 2026-09-21 (74 days),-1.0,42.8,nan,nan,nan,NEUTRAL,LOW,Last surprise: +16.9%; Earnings conf adj: +1,-1.0,-1.0,1.0,41,2026-11-04,16.95,1
2026-09-24T15:44:56,2026-09-24,NTAP,HOLD,0,Stochastic Oscillator,HIGH,4,39.54,nan,2.21,0.0,3.32,0.0,0.0,2026-10-11,2.35,4.96,100.0,182.28,76.94,-5.28,-5.52,17.5,2,2026-06-05 to 2026-09-21 (74 days),-1.0,58.8,nan,nan,nan,NEUTRAL,LOW,Last surprise: +7.0%,-1.0,-1.0,1.0,68,2026-12-01,7.05,0
2026-09-24T15:46:28,2026-09-24,AAL,HOLD,0,Composite Multi-Indicator,HIGH,5,39.39,nan,2.0,0.0,4.0,0.0,0.0,2026-09-30,2.52,127.19,100.0,70.65,26.11,25.86,-0.1,6.0,1,2026-06-08 to 2026-09-22 (74 days),-1.0,51.0,nan,nan,nan,NEUTRAL,LOW,Strong trend (ADX=45); Last surprise: +200.0%; Earnings conf adj: +1,-1.0,-1.0,1.0,28,2026-10-22,200.0,1
2026-09-24T15:43:34,2026-09-24,ANET,HOLD,0,PEAD Earnings Drift,HIGH,5,39.38,nan,6.2,0.0,12.4,0.0,0.0,2026-11-14,2.03,3.28,100.0,304.87,161.45,-7.27,-15.51,51.0,2,2026-06-05 to 2026-09-21 (74 days),-1.0,59.8,nan,nan,nan,NEUTRAL,LOW,Last surprise: +14.6%; Earnings conf adj: +1,-1.0,-1.0,1.0,40,2026-11-03,14.61,1
2026-09-24T15:46:25,2026-09-24,BAH,HOLD,0,Stochastic Oscillator,HIGH,5,39.22,nan,2.67,0.0,4.0,0.0,0.0,2026-10-28,2.32,4.52,100.0,244.07,111.06,115.03,-6.67,34.0,2,2026-06-05 to 2026-09-21 (74 days),-1.0,55.9,nan,nan,nan,NEUTRAL,LOW,Strong trend (ADX=32); Last surprise: +22.3%; Earnings conf adj: +1,-1.0,-1.0,1.0,29,2026-10-23,22.3,1
2026-09-24T15:43:43,2026-09-24,BRK-B,HOLD,0,Stochastic Oscillator,HIGH,5,39.17,nan,2.0,0.0,3.0,0.0,0.0,2026-10-09,1.97,6.65,100.0,51.73,15.13,4.97,-1.42,15.5,2,2026-06-05 to 2026-09-21 (74 days),-1.0,43.7,nan,nan,nan,NEUTRAL,LOW,Last surprise: +17.5%; Earnings conf adj: +1,-1.0,-1.0,1.0,44,2026-11-07,17.54,1
2026-09-24T15:44:48,2026-09-24,MMM,HOLD,0,VWAP Trend,LOW,1,39.1,nan,2.0,0.0,3.0,0.0,0.0,2026-09-26,0.24,0.4,50.0,1.27,1.94,-27.49,-4.13,2.0,10,2026-06-05 to 2026-09-21 (74 days),-1.0,40.7,nan,nan,nan,NEUTRAL,LOW,Strong trend (ADX=48); Last surprise: +6.7%; Earnings conf adj: +1,-1.0,-1.0,1.0,26,2026-10-20,6.67,1
2026-09-24T15:46:16,2026-09-24,LFUS,HOLD,0,Stochastic Oscillator,HIGH,5,39.07,nan,3.39,0.0,5.08,0.0,0.0,2026-10-22,1.8,2.81,100.0,166.87,67.89,99.12,-8.47,28.0,2,2026-06-05 to 2026-09-21 (74 days),-1.0,47.0,nan,nan,nan,NEUTRAL,LOW,Last surprise: +10.8%; Earnings conf adj: +1,-1.0,-1.0,1.0,34,2026-10-28,10.85,1
2026-09-24T15:46:01,2026-09-24,MLI,HOLD,0,MACD Crossover,HIGH,4,39.02,nan,2.05,0.0,4.1,0.0,0.0,2026-10-08,1.95,3.86,66.7,4.79,38.47,67.6,-5.13,14.0,3,2026-06-05 to 2026-09-21 (74 days),-1.0,38.9,nan,nan,nan,NEUTRAL,LOW,Strong trend (ADX=45); Last surprise: +1.7%,-1.0,-1.0,1.0,26,2026-10-20,1.74,0
2026-09-24T15:44:52,2026-09-24,MTD,HOLD,0,MACD Crossover,HIGH,5,38.83,nan,2.0,0.0,4.0,0.0,0.0,2026-10-03,1.8,4.85,100.0,47.48,16.36,-93.3,-2.0,9.5,2,2026-06-05 to 2026-09-21 (74 days),-1.0,62.2,nan,nan,nan,NEUTRAL,LOW,Strong trend (ADX=35); Last surprise: +6.1%; Earnings conf adj: +1,-1.0,-1.0,1.0,42,2026-11-05,6.11,1
2026-09-24T15:46:10,2026-09-24,WTRG,HOLD,0,MACD Crossover,MEDIUM,2,38.67,nan,2.0,0.0,4.0,0.0,0.0,2026-10-09,0.52,0.82,66.7,6.2,6.44,-29.68,-4.74,15.3,3,2026-06-05 to 2026-09-21 (74 days),-1.0,45.2,nan,nan,nan,NEUTRAL,LOW,Last surprise: -5.1%; Earnings conf adj: -1,-1.0,-1.0,1.0,41,2026-11-04,-5.13,-1
2026-09-24T15:43:55,2026-09-24,CRL,HOLD,0,MACD Crossover,HIGH,5,38.48,nan,2.0,0.0,4.0,0.0,0.0,2026-10-15,3.06,6.68,100.0,173.22,75.45,-267.11,-3.23,21.5,2,2026-06-05 to 2026-09-21 (74 days),-1.0,52.1,nan,nan,nan,NEUTRAL,LOW,High volume; Last surprise: +10.2%; Earnings conf adj: +1,-1.0,-1.0,1.0,41,2026-11-04,10.22,1
2026-09-24T15:43:48,2026-09-24,CF,HOLD,0,Stochastic Oscillator,MEDIUM,3,38.46,nan,2.67,0.0,4.0,0.0,0.0,2026-10-16,1.77,3.04,100.0,121.09,44.37,8.97,-6.68,22.5,2,2026-06-05 to 2026-09-21 (74 days),-1.0,42.7,nan,nan,nan,NEUTRAL,LOW,Last surprise: -15.1%; Earnings conf adj: -1,-1.0,-1.0,1.0,41,2026-11-04,-15.08,-1
2026-09-24T15:44:44,2026-09-24,MAR,HOLD,0,Stochastic Oscillator,MEDIUM,2,38.35,nan,2.0,0.0,3.0,0.0,0.0,2026-10-18,0.42,0.58,100.0,19.21,5.32,42.31,-4.7,24.5,2,2026-06-05 to 2026-09-21 (74 days),-1.0,48.9,nan,nan,nan,NEUTRAL,LOW,Last surprise: +3.6%,-1.0,-1.0,1.0,40,2026-11-03,3.57,0
2026-09-24T15:44:36,2026-09-24,KEYS,HOLD,0,Stochastic Oscillator,HIGH,5,38.32,nan,3.83,0.0,5.74,0.0,0.0,2026-10-22,1.96,3.18,100.0,163.67,68.91,55.55,-9.57,28.5,2,2026-06-05 to 2026-09-21 (74 days),-1.0,57.8,nan,nan,nan,NEUTRAL,LOW,Last surprise: +23.8%; Earnings conf adj: +1,-1.0,-1.0,1.0,61,2026-11-24,23.79,1
2026-09-24T15:47:09,2026-09-24,ALK,HOLD,0,Stochastic Oscillator,HIGH,5,38.23,nan,3.37,0.0,5.06,0.0,0.0,2026-10-20,1.2,1.91,100.0,99.34,35.82,43.04,-8.42,26.0,2,2026-06-05 to 2026-09-21 (74 days),-1.0,49.0,nan,nan,nan,NEUTRAL,LOW,High volume; Strong trend (ADX=30); Last surprise: +7.1%; Earnings conf adj: +1,-1.0,-1.0,1.0,28,2026-10-22,7.07,1
2026-09-24T15:44:49,2026-09-24,MPC,HOLD,0,Stochastic Oscillator,HIGH,5,38.08,nan,2.0,0.0,3.0,0.0,0.0,2026-10-04,4.08,20.49,100.0,242.6,106.94,-236.96,-1.46,10.0,2,2026-06-05 to 2026-09-21 (74 days),-1.0,62.7,nan,nan,nan,NEUTRAL,LOW,Strong trend (ADX=50); Last surprise: +27.1%; Earnings conf adj: +1,-1.0,-1.0,1.0,40,2026-11-03,27.1,1
2026-09-24T15:45:11,2026-09-24,ROST,HOLD,0,Stochastic Oscillator,HIGH,5,38.01,nan,2.7,0.0,4.05,0.0,0.0,2026-10-20,2.17,4.01,100.0,117.55,41.76,39.07,-6.74,26.0,2,2026-06-05 to 2026-09-21 (74 days),-1.0,49.4,nan,nan,nan,NEUTRAL,LOW,Last surprise: +36.4%; Earnings conf adj: +1,-1.0,-1.0,1.0,56,2026-11-19,36.41,1
2026-09-24T15:45:46,2026-09-24,DINO,HOLD,0,MACD Crossover,HIGH,5,37.89,nan,3.08,0.0,6.16,0.0,0.0,2026-10-28,3.83,7.45,100.0,356.24,206.52,-137.8,-7.69,34.0,2,2026-06-05 to 2026-09-21 (74 days),-1.0,60.5,nan,nan,nan,NEUTRAL,LOW,High volume; Strong trend (ADX=45); Last surprise: +18.3%; Earnings conf adj: +1,-1.0,-1.0,1.0,34,2026-10-28,18.26,1
2026-09-24T15:45:50,2026-09-24,OVV,HOLD,0,MACD Crossover,MEDIUM,3,37.86,nan,3.28,0.0,6.56,0.0,0.0,2026-10-16,1.49,2.13,100.0,91.62,34.71,7.64,-8.19,22.0,2,2026-06-05 to 2026-09-21 (74 days),-1.0,39.1,nan,nan,nan,NEUTRAL,LOW,Last surprise: -10.3%; Earnings conf adj: -1,-1.0,-1.0,1.0,41,2026-11-04,-10.31,-1
2026-09-24T15:45:47,2026-09-24,WWD,HOLD,0,Composite Multi-Indicator,HIGH,4,37.78,nan,2.0,0.0,4.0,0.0,0.0,2026-09-30,2.28,8.47,100.0,16.72,5.52,33.38,-0.43,6.0,1,2026-06-05 to 2026-09-21 (74 days),-1.0,37.7,nan,nan,nan,NEUTRAL,LOW,Strong trend (ADX=34); Last surprise: +2.9%,-1.0,-1.0,1.0,60,2026-11-23,2.86,0
2026-09-24T15:44:12,2026-09-24,F,HOLD,0,VWAP Trend,HIGH,4,37.5,nan,2.0,0.0,4.0,0.0,0.0,2026-09-26,1.13,1.81,50.0,1.71,11.03,46.0,-4.22,2.0,6,2026-06-08 to 2026-09-22 (74 days),-1.0,39.2,nan,nan,nan,NEUTRAL,LOW,Strong trend (ADX=35); Last surprise: +20.0%; Earnings conf adj: +1,-1.0,-1.0,1.0,28,2026-10-22,20.0,1
2026-09-24T15:46:06,2026-09-24,MANH,HOLD,0,VWAP Trend,HIGH,5,37.5,nan,4.44,0.0,8.88,0.0,0.0,2026-09-27,2.45,4.68,60.0,3.44,101.36,-132.5,-11.1,3.5,10,2026-06-05 to 2026-09-21 (74 days),-1.0,53.4,nan,nan,nan,NEUTRAL,LOW,Last surprise: +5.3%; Earnings conf adj: +1,-1.0,-1.0,1.0,33,2026-10-27,5.3,1
2026-09-24T15:46:58,2026-09-24,AN,HOLD,0,Stochastic Oscillator,HIGH,4,37.45,nan,2.0,0.0,3.0,0.0,0.0,2026-10-14,1.67,2.76,100.0,44.43,14.18,44.94,-2.87,20.0,1,2026-06-05 to 2026-09-21 (74 days),-1.0,22.6,nan,nan,nan,NEUTRAL,LOW,RSI oversold; Strong trend (ADX=40); Last surprise: +1.8%,-1.0,-1.0,1.0,35,2026-10-29,1.83,0
2026-09-24T15:45:53,2026-09-24,RBC,HOLD,0,VWAP Trend,HIGH,5,37.41,nan,2.0,0.0,4.0,0.0,0.0,2026-09-26,2.11,4.67,70.0,3.59,40.66,87.06,-2.2,2.5,10,2026-06-05 to 2026-09-21 (74 days),-1.0,42.7,nan,nan,nan,NEUTRAL,LOW,Strong trend (ADX=32); Last surprise: +13.1%; Earnings conf adj: +1,-1.0,-1.0,1.0,36,2026-10-30,13.12,1
2026-09-24T15:46:53,2026-09-24,ESNT,EXIT,-1,ADX Trend Following,HIGH,5,37.4,nan,2.0,nan,4.0,nan,10.0,2026-10-08,2.81,5.98,80.0,9.76,57.58,-10.89,-3.43,14.0,5,2026-06-05 to 2026-09-21 (74 days),-1.0,40.1,nan,nan,nan,NEUTRAL,LOW,Strong trend (ADX=34); Last surprise: +18.2%; Earnings conf adj: +1,-1.0,-1.0,1.0,43,2026-11-06,18.18,1
2026-09-24T15:45:24,2026-09-24,TRGP,HOLD,0,Stochastic Oscillator,HIGH,5,37.32,nan,2.0,0.0,3.0,0.0,0.0,2026-10-06,1.95,4.21,100.0,125.37,45.87,6.55,-4.99,12.0,2,2026-06-05 to 2026-09-21 (74 days),-1.0,52.7,nan,nan,nan,NEUTRAL,LOW,Last surprise: +14.4%; Earnings conf adj: +1,-1.0,-1.0,1.0,42,2026-11-05,14.44,1
2026-09-24T15:43:35,2026-09-24,APA,EXIT,-1,ADX Trend Following,HIGH,4,37.27,nan,3.08,nan,6.16,nan,10.0,2026-10-25,2.57,4.69,100.0,254.02,123.11,31.98,-7.69,31.5,2,2026-06-05 to 2026-09-21 (74 days),-1.0,52.9,nan,nan,nan,NEUTRAL,LOW,Strong trend (ADX=32); Last surprise: +1.1%,-1.0,-1.0,1.0,41,2026-11-04,1.07,0
2026-09-24T15:46:26,2026-09-24,SAIA,HOLD,0,VWAP Trend,LOW,0,37.23,nan,5.98,0.0,8.97,0.0,0.0,2026-09-26,-0.33,-0.45,50.0,0.93,-8.76,54.87,-14.95,2.2,12,2026-06-05 to 2026-09-21 (74 days),-1.0,45.2,nan,nan,nan,NEUTRAL,LOW,Last surprise: +3.5%,-1.0,-1.0,1.0,35,2026-10-29,3.54,0
2026-09-24T15:45:11,2026-09-24,ROP,HOLD,0,MACD Crossover,MEDIUM,3,37.19,nan,2.0,0.0,4.0,0.0,0.0,2026-10-07,1.0,1.47,100.0,41.26,13.95,-26.22,-4.61,13.0,2,2026-06-05 to 2026-09-21 (74 days),-1.0,31.4,nan,nan,nan,NEUTRAL,LOW,Strong trend (ADX=37); Last surprise: +1.7%,-1.0,-1.0,1.0,28,2026-10-22,1.7,0
2026-09-24T15:46:07,2026-09-24,EHC,HOLD,0,Stochastic Oscillator,HIGH,4,37.19,nan,2.0,0.0,3.0,0.0,0.0,2026-10-13,2.77,6.8,100.0,136.4,49.7,-22.72,-2.47,19.0,2,2026-06-05 to 2026-09-21 (74 days),-1.0,52.8,nan,nan,nan,NEUTRAL,LOW,Last surprise: +4.7%,-1.0,-1.0,1.0,34,2026-10-28,4.73,0
2026-09-24T15:43:51,2026-09-24,CMG,HOLD,0,Stochastic Oscillator,HIGH,4,37.06,nan,2.68,0.0,4.02,0.0,0.0,2026-10-07,3.34,5.6,66.7,17.1,125.42,79.9,-6.69,13.7,3,2026-06-08 to 2026-09-22 (74 days),-1.0,34.9,nan,nan,nan,NEUTRAL,LOW,Strong trend (ADX=40); Last surprise: +3.1%,-1.0,-1.0,1.0,34,2026-10-28,3.13,0
2026-09-24T15:45:11,2026-09-24,RMD,HOLD,0,Stochastic Oscillator,HIGH,4,37.0,nan,2.0,0.0,3.0,0.0,0.0,2026-10-02,1.99,4.07,100.0,82.1,26.5,-32.56,-2.67,8.5,2,2026-06-05 to 2026-09-21 (74 days),-1.0,48.4,nan,nan,nan,NEUTRAL,LOW,Last surprise: +2.1%,-1.0,-1.0,1.0,35,2026-10-29,2.08,0
2026-09-24T15:44:08,2026-09-24,EOG,HOLD,0,Stochastic Oscillator,HIGH,4,36.95,nan,2.0,0.0,3.0,0.0,0.0,2026-10-04,2.89,8.99,100.0,69.1,22.92,10.78,-1.39,10.0,1,2026-06-05 to 2026-09-21 (74 days),-1.0,42.8,nan,nan,nan,NEUTRAL,LOW,Last surprise: +2.0%,-1.0,-1.0,1.0,42,2026-11-05,2.01,0
2026-09-24T15:44:41,2026-09-24,LITE,HOLD,0,VWAP Trend,HIGH,5,36.87,nan,3.07,0.0,6.14,0.0,0.0,2026-09-25,2.61,6.24,66.7,3.81,215.95,195.2,-7.67,1.8,9,2026-06-08 to 2026-09-22 (74 days),-1.0,55.0,nan,nan,nan,NEUTRAL,LOW,Last surprise: +8.8%; Earnings conf adj: +1,-1.0,-1.0,1.0,42,2026-11-05,8.75,1
2026-09-24T15:47:29,2026-09-24,ITT,HOLD,0,VWAP Trend,HIGH,5,36.83,nan,2.08,0.0,4.16,0.0,0.0,2026-09-27,1.33,2.2,60.0,3.82,28.8,-1.02,-5.2,3.4,10,2026-06-05 to 2026-09-21 (74 days),-1.0,53.6,nan,nan,nan,NEUTRAL,LOW,Last surprise: +6.7%; Earnings conf adj: +1,-1.0,-1.0,1.0,33,2026-10-27,6.67,1
2026-09-24T15:44:17,2026-09-24,FOXA,HOLD,0,Stochastic Oscillator,HIGH,5,36.74,nan,2.38,0.0,3.57,0.0,0.0,2026-10-11,2.18,4.37,100.0,146.19,53.37,62.42,-5.95,17.5,2,2026-06-05 to 2026-09-21 (74 days),-1.0,48.0,nan,nan,nan,NEUTRAL,LOW,Last surprise: +29.7%; Earnings conf adj: +1,-1.0,-1.0,1.0,35,2026-10-29,29.71,1
2026-09-24T15:46:52,2026-09-24,CRUS,HOLD,0,EMA Crossover (9/21),HIGH,4,36.64,nan,2.0,0.0,4.0,0.0,0.0,2026-09-27,1.41,8.88,100.0,8.76,2.35,68.64,-0.2,3.0,1,2026-06-05 to 2026-09-21 (74 days),-1.0,52.6,nan,nan,nan,NEUTRAL,LOW,Strong trend (ADX=34); Last surprise: +1.7%,-1.0,-1.0,1.0,40,2026-11-03,1.66,0
2026-09-24T15:46:33,2026-09-24,IDCC,HOLD,0,Stochastic Oscillator,HIGH,5,36.63,nan,3.22,0.0,4.83,0.0,0.0,2026-10-16,2.77,8.23,100.0,317.08,156.42,36.39,-8.05,22.0,2,2026-06-05 to 2026-09-21 (74 days),-1.0,47.8,nan,nan,nan,NEUTRAL,LOW,Last surprise: +202.0%; Earnings conf adj: +1,-1.0,-1.0,1.0,35,2026-10-29,201.96,1
2026-09-24T15:46:17,2026-09-24,RGEN,HOLD,0,EMA Crossover (9/21),HIGH,5,36.49,nan,3.81,0.0,7.62,0.0,0.0,2026-10-20,3.33,6.12,100.0,280.31,138.7,-146.06,-9.53,26.5,2,2026-06-05 to 2026-09-21 (74 days),-1.0,63.1,nan,nan,nan,NEUTRAL,LOW,Strong trend (ADX=31); Last surprise: +20.0%; Earnings conf adj: +1,-1.0,-1.0,1.0,40,2026-11-03,20.0,1
2026-09-24T15:47:31,2026-09-24,COPX,HOLD,0,Stochastic Oscillator,MEDIUM,3,36.4,nan,2.77,0.0,4.16,0.0,0.0,2026-10-11,0.8,1.31,100.0,55.97,18.06,-16.01,-6.93,17.0,2,2026-06-05 to 2026-09-21 (74 days),-1.0,48.2,nan,nan,nan,NEUTRAL,LOW,No special conditions,-1.0,-1.0,1.0,-1,,,0
2026-09-24T15:44:26,2026-09-24,HPQ,HOLD,0,52-Week High Momentum,HIGH,4,36.38,nan,3.48,0.0,6.96,0.0,0.0,2026-10-17,0.54,0.94,100.0,77.09,14.62,-143.73,-8.71,23.0,2,2026-06-05 to 2026-09-21 (74 days),-1.0,55.7,nan,nan,nan,NEUTRAL,LOW,Strong trend (ADX=35); Last surprise: +20.3%; Earnings conf adj: +1,-1.0,-1.0,1.0,61,2026-11-24,20.29,1
2026-09-24T15:47:06,2026-09-24,DOCS,HOLD,0,EMA Crossover (9/21),HIGH,4,36.33,nan,5.92,0.0,11.84,0.0,0.0,2026-10-14,1.11,2.85,66.7,2.93,77.03,-72.67,-14.81,20.3,3,2026-06-05 to 2026-09-21 (74 days),-1.0,58.4,nan,nan,nan,NEUTRAL,LOW,Last surprise: -3.3%,-1.0,-1.0,1.0,42,2026-11-05,-3.33,0
2026-09-24T15:44:01,2026-09-24,DELL,HOLD,0,VWAP Trend,HIGH,5,36.24,nan,2.0,0.0,4.0,0.0,0.0,2026-09-26,2.84,13.05,66.7,6.45,164.22,-33.68,-3.65,2.5,6,2026-06-08 to 2026-09-22 (74 days),-1.0,57.0,nan,nan,nan,NEUTRAL,LOW,Strong trend (ADX=39); Last surprise: +43.1%; Earnings conf adj: +1,-1.0,-1.0,1.0,64,2026-11-27,43.09,1
2026-09-24T15:45:16,2026-09-24,SOLV,HOLD,0,Composite Multi-Indicator,HIGH,5,36.24,nan,2.0,0.0,4.0,0.0,0.0,2026-10-22,3.31,6.99,100.0,103.97,40.16,2.65,-2.0,28.0,1,2026-06-05 to 2026-09-21 (74 days),-1.0,51.1,nan,nan,nan,NEUTRAL,LOW,Last surprise: +33.5%; Earnings conf adj: +1,-1.0,-1.0,1.0,42,2026-11-05,33.51,1
2026-09-24T15:45:06,2026-09-24,PSA,HOLD,0,VWAP Trend,MEDIUM,3,36.18,nan,2.0,0.0,4.0,0.0,0.0,2026-09-26,0.74,1.07,58.3,1.79,8.7,16.48,-3.74,2.0,12,2026-06-05 to 2026-09-21 (74 days),-1.0,41.0,nan,nan,nan,NEUTRAL,LOW,Last surprise: -3.2%,-1.0,-1.0,1.0,34,2026-10-28,-3.16,0
2026-09-24T15:44:08,2026-09-24,EMR,HOLD,0,Stochastic Oscillator,HIGH,4,36.13,nan,2.0,0.0,3.0,0.0,0.0,2026-10-12,2.07,3.6,100.0,101.15,35.52,-4.4,-4.57,18.0,2,2026-06-05 to 2026-09-21 (74 days),-1.0,50.9,nan,nan,nan,NEUTRAL,LOW,Strong trend (ADX=34); Last surprise: +1.8%,-1.0,-1.0,1.0,41,2026-11-04,1.79,0
2026-09-24T15:44:06,2026-09-24,ECHO,EXIT,-1,SMA Crossover (10/50),MEDIUM,3,36.1,nan,2.0,nan,4.0,nan,10.0,2026-09-30,2.37,9.24,100.0,34.4,11.99,61.57,-0.66,6.0,1,2026-06-05 to 2026-09-21 (74 days),-1.0,61.2,nan,nan,nan,NEUTRAL,LOW,Strong trend (ADX=34); Last surprise: -94.7%; Earnings conf adj: -1,-1.0,-1.0,1.0,42,2026-11-05,-94.66,-1
2026-09-24T15:46:22,2026-09-24,BSY,HOLD,0,Stochastic Oscillator,HIGH,4,36.08,nan,2.8,0.0,4.2,0.0,0.0,2026-10-09,0.77,1.38,100.0,42.89,13.68,23.49,-7.0,15.0,2,2026-06-05 to 2026-09-21 (74 days),-1.0,41.2,nan,nan,nan,NEUTRAL,LOW,Last surprise: +9.4%; Earnings conf adj: +1,-1.0,-1.0,1.0,41,2026-11-04,9.37,1
2026-09-24T15:43:57,2026-09-24,CSX,HOLD,0,Stochastic Oscillator,HIGH,4,35.99,nan,2.0,0.0,3.0,0.0,0.0,2026-10-06,1.61,4.03,100.0,26.32,6.03,12.31,-0.8,12.0,1,2026-06-05 to 2026-09-21 (74 days),-1.0,25.4,nan,nan,nan,NEUTRAL,LOW,RSI oversold; Strong trend (ADX=37); Last surprise: +3.8%,-1.0,-1.0,1.0,27,2026-10-21,3.85,0
2026-09-24T15:45:33,2026-09-24,VZ,HOLD,0,Composite Multi-Indicator,HIGH,4,35.98,nan,2.0,0.0,4.0,0.0,0.0,2026-10-23,2.52,5.35,100.0,66.04,23.38,9.01,-1.63,29.0,1,2026-06-08 to 2026-09-22 (74 days),-1.0,34.1,nan,nan,nan,NEUTRAL,LOW,Strong trend (ADX=37); Last surprise: +2.4%,-1.0,-1.0,1.0,26,2026-10-20,2.36,0
2026-09-24T15:44:26,2026-09-24,HPE,HOLD,0,EMA Crossover (9/21),HIGH,4,35.95,nan,5.98,0.0,11.96,0.0,0.0,2026-10-30,1.97,3.29,100.0,296.17,156.08,51.47,-14.96,36.5,2,2026-06-08 to 2026-09-22 (74 days),-1.0,59.3,nan,nan,nan,NEUTRAL,LOW,Last surprise: +49.1%,-1.0,-1.0,1.0,-22,2026-09-02,49.06,0
2026-09-24T15:44:09,2026-09-24,EQIX,HOLD,0,Stochastic Oscillator,HIGH,5,35.91,nan,2.81,0.0,4.22,0.0,0.0,2026-10-23,1.29,2.11,100.0,81.82,30.22,36.05,-7.03,29.5,2,2026-06-05 to 2026-09-21 (74 days),-1.0,55.0,nan,nan,nan,NEUTRAL,LOW,Last surprise: +6.2%; Earnings conf adj: +1,-1.0,-1.0,1.0,34,2026-10-28,6.25,1
2026-09-24T15:46:03,2026-09-24,NXT,HOLD,0,Composite Multi-Indicator,HIGH,5,35.85,nan,2.0,0.0,4.0,0.0,0.0,2026-09-29,1.45,3.48,100.0,64.62,23.69,103.18,-3.47,5.0,1,2026-06-05 to 2026-09-21 (74 days),-1.0,44.6,nan,nan,nan,NEUTRAL,LOW,Last surprise: +14.3%; Earnings conf adj: +1,-1.0,-1.0,1.0,34,2026-10-28,14.29,1
2026-09-24T15:44:35,2026-09-24,JNJ,HOLD,0,Stochastic Oscillator,HIGH,4,35.82,nan,2.0,0.0,3.0,0.0,0.0,2026-10-13,1.79,2.66,100.0,74.6,24.02,-44.58,-4.62,19.5,2,2026-06-05 to 2026-09-21 (74 days),-1.0,54.2,nan,nan,nan,NEUTRAL,LOW,Last surprise: +1.8%,-1.0,-1.0,1.0,19,2026-10-13,1.75,0
2026-09-24T15:44:29,2026-09-24,ICE,HOLD,0,MACD Crossover,HIGH,4,35.78,nan,2.0,0.0,4.0,0.0,0.0,2026-10-13,2.93,5.04,66.7,22.29,53.17,11.68,-4.52,19.0,3,2026-06-05 to 2026-09-21 (74 days),-1.0,49.2,nan,nan,nan,NEUTRAL,LOW,Last surprise: +3.3%,-1.0,-1.0,1.0,35,2026-10-29,3.26,0
2026-09-24T15:46:06,2026-09-24,GWRE,HOLD,0,PEAD Earnings Drift,HIGH,5,35.78,nan,2.62,0.0,5.24,0.0,0.0,2026-10-28,3.05,6.31,100.0,257.14,118.63,80.58,-6.55,34.0,1,2026-06-05 to 2026-09-21 (74 days),-1.0,41.9,nan,nan,nan,NEUTRAL,LOW,Strong trend (ADX=42); Last surprise: +5.3%; Earnings conf adj: +1,-1.0,-1.0,1.0,70,2026-12-03,5.32,1
2026-09-24T15:46:26,2026-09-24,SOLS,HOLD,0,Stochastic Oscillator,HIGH,4,35.73,nan,4.86,0.0,7.29,0.0,0.0,2026-10-21,0.66,1.15,100.0,55.83,21.06,99.31,-12.15,27.5,2,2026-06-15 to 2026-09-21 (68 days),-1.0,42.5,nan,nan,nan,NEUTRAL,LOW,Last surprise: +12.8%; Earnings conf adj: +1,-1.0,-1.0,1.0,35,2026-10-29,12.82,1
2026-09-24T15:47:15,2026-09-24,CBT,HOLD,0,VWAP Trend,HIGH,4,35.73,nan,2.0,0.0,4.0,0.0,0.0,2026-09-25,2.22,4.73,81.8,5.81,42.48,58.01,-3.68,1.6,11,2026-06-05 to 2026-09-21 (74 days),-1.0,31.9,nan,nan,nan,NEUTRAL,LOW,Last surprise: +0.6%,-1.0,-1.0,1.0,39,2026-11-02,0.6,0
2026-09-24T15:46:18,2026-09-24,ENSG,HOLD,0,Stochastic Oscillator,HIGH,4,35.68,nan,2.75,0.0,4.12,0.0,0.0,2026-10-12,1.3,2.36,100.0,64.38,20.34,11.48,-6.87,18.5,2,2026-06-05 to 2026-09-21 (74 days),-1.0,48.9,nan,nan,nan,NEUTRAL,LOW,Last surprise: +3.8%,-1.0,-1.0,1.0,40,2026-11-03,3.78,0
2026-09-24T15:47:23,2026-09-24,MMS,HOLD,0,Stochastic Oscillator,MEDIUM,3,35.55,nan,2.57,0.0,3.85,0.0,0.0,2026-10-20,0.83,1.4,100.0,42.13,14.55,36.71,-6.42,26.0,2,2026-06-05 to 2026-09-21 (74 days),-1.0,43.2,nan,nan,nan,NEUTRAL,LOW,Last surprise: +0.5%,-1.0,-1.0,1.0,56,2026-11-19,0.45,0
2026-09-24T15:47:32,2026-09-24,SLV,HOLD,0,Stochastic Oscillator,MEDIUM,3,35.54,nan,8.24,0.0,12.36,0.0,0.0,2026-10-28,0.94,1.32,100.0,86.79,30.23,34.91,-20.61,34.5,2,2026-06-08 to 2026-09-22 (74 days),-1.0,56.3,nan,nan,nan,NEUTRAL,LOW,No special conditions,-1.0,-1.0,1.0,-1,,,0
2026-09-24T15:46:12,2026-09-24,SANM,EXIT,-1,SMA Crossover (10/50),HIGH,5,35.47,nan,2.0,nan,4.0,nan,10.0,2026-09-27,1.78,61.3,100.0,48.66,17.01,64.24,-0.2,3.0,1,2026-06-05 to 2026-09-21 (74 days),-1.0,55.7,nan,nan,nan,NEUTRAL,LOW,Last surprise: +18.6%; Earnings conf adj: +1,-1.0,-1.0,1.0,39,2026-11-02,18.64,1
2026-09-24T15:44:49,2026-09-24,MO,HOLD,0,ADX Trend Following,MEDIUM,3,35.44,nan,2.0,0.0,4.0,0.0,0.0,2026-09-29,0.92,1.54,75.0,3.32,8.27,15.37,-2.54,5.8,4,2026-06-05 to 2026-09-21 (74 days),-1.0,52.1,nan,nan,nan,NEUTRAL,LOW,Last surprise: -1.3%,-1.0,-1.0,1.0,35,2026-10-29,-1.33,0
2026-09-24T15:44:31,2026-09-24,INTC,EXIT,-1,SMA Crossover (10/50),HIGH,5,35.37,nan,2.0,nan,4.0,nan,10.0,2026-09-30,2.73,168.47,100.0,224.73,99.83,50.47,-0.2,6.0,1,2026-06-08 to 2026-09-22 (74 days),-1.0,72.1,nan,nan,nan,NEUTRAL,LOW,RSI overbought; Strong trend (ADX=37); Last surprise: +90.9%; Earnings conf adj: +1,-1.0,-1.0,1.0,28,2026-10-22,90.91,1
2026-09-24T15:45:49,2026-09-24,DOCN,EXIT,-1,SMA Crossover (10/50),HIGH,5,35.27,nan,2.0,nan,4.0,nan,10.0,2026-09-27,1.83,157.78,100.0,122.1,47.81,88.3,-0.2,3.0,1,2026-06-05 to 2026-09-21 (74 days),-1.0,64.3,nan,nan,nan,NEUTRAL,LOW,Last surprise: +73.1%; Earnings conf adj: +1,-1.0,-1.0,1.0,41,2026-11-04,73.08,1
2026-09-24T15:46:40,2026-09-24,NFG,BUY,1,VWAP Trend,HIGH,5,35.07,nan,2.03,nan,4.06,nan,10.0,2026-10-07,1.6,2.58,80.0,2.98,28.56,13.8,-5.07,13.8,5,2026-06-05 to 2026-09-21 (74 days),0.548,40.9,nan,nan,nan,NEUTRAL,LOW,Last surprise: +6.9%; Earnings conf adj: +1,-1.0,-1.0,1.0,41,2026-11-04,6.94,1
2026-09-24T15:44:01,2026-09-24,DGX,HOLD,0,PEAD Earnings Drift,HIGH,5,35.04,nan,2.49,0.0,4.98,0.0,0.0,2026-11-12,1.54,3.05,100.0,88.99,33.14,-69.83,-6.22,49.0,2,2026-06-05 to 2026-09-21 (74 days),-1.0,59.8,nan,nan,nan,NEUTRAL,LOW,Strong trend (ADX=35); Last surprise: +10.6%; Earnings conf adj: +1,-1.0,-1.0,1.0,28,2026-10-22,10.64,1
2026-09-24T15:44:12,2026-09-24,EXPE,HOLD,0,Composite Multi-Indicator,HIGH,5,35.03,nan,2.0,0.0,4.0,0.0,0.0,2026-11-09,2.81,5.51,100.0,246.9,112.58,8.48,-4.98,46.0,1,2026-06-05 to 2026-09-21 (74 days),-1.0,41.2,nan,nan,nan,NEUTRAL,LOW,High volume; Strong trend (ADX=36); Last surprise: +9.7%; Earnings conf adj: +1,-1.0,-1.0,1.0,42,2026-11-05,9.71,1
2026-09-24T15:44:08,2026-09-24,ELV,HOLD,0,VWAP Trend,HIGH,5,35.0,nan,2.03,0.0,4.06,0.0,0.0,2026-09-26,1.08,1.8,55.6,3.08,17.53,19.81,-5.08,2.9,9,2026-06-05 to 2026-09-21 (74 days),-1.0,53.2,nan,nan,nan,NEUTRAL,LOW,Last surprise: +20.0%; Earnings conf adj: +1,-1.0,-1.0,1.0,27,2026-10-21,19.97,1
2026-09-24T15:46:36,2026-09-24,TKR,HOLD,0,VWAP Trend,HIGH,4,34.85,nan,2.0,0.0,4.0,0.0,0.0,2026-09-25,0.64,0.93,63.6,1.75,8.21,45.52,-3.52,1.5,11,2026-06-05 to 2026-09-21 (74 days),-1.0,33.5,nan,nan,nan,NEUTRAL,LOW,Last surprise: +13.0%; Earnings conf adj: +1,-1.0,-1.0,1.0,34,2026-10-28,12.96,1
2026-09-24T15:44:43,2026-09-24,LYV,HOLD,0,MACD Crossover,HIGH,5,34.8,nan,2.0,0.0,4.0,0.0,0.0,2026-10-12,1.14,1.77,100.0,44.77,15.58,-5.48,-4.57,18.0,2,2026-06-05 to 2026-09-21 (74 days),-1.0,38.5,nan,nan,nan,NEUTRAL,LOW,Last surprise: +84.2%; Earnings conf adj: +1,-1.0,-1.0,1.0,40,2026-11-03,84.21,1
2026-09-24T15:43:34,2026-09-24,AMT,HOLD,0,ADX Trend Following,HIGH,5,34.73,nan,2.38,0.0,4.76,0.0,0.0,2026-10-09,1.62,2.89,66.7,16.93,34.05,62.38,-5.94,15.3,3,2026-06-05 to 2026-09-21 (74 days),-1.0,49.1,nan,nan,nan,NEUTRAL,LOW,Last surprise: +20.6%; Earnings conf adj: +1,-1.0,-1.0,1.0,33,2026-10-27,20.65,1
2026-09-24T15:46:41,2026-09-24,STAG,HOLD,0,MACD Crossover,MEDIUM,3,34.7,nan,3.36,0.0,6.72,0.0,0.0,2026-10-31,0.8,1.19,100.0,41.07,14.18,8.27,-8.4,37.0,2,2026-06-05 to 2026-09-21 (74 days),-1.0,51.7,nan,nan,nan,NEUTRAL,LOW,Last surprise: +3.7%,-1.0,-1.0,1.0,34,2026-10-28,3.7,0
2026-09-24T15:44:05,2026-09-24,DVN,HOLD,0,EMA Crossover (9/21),HIGH,5,34.64,nan,2.95,0.0,5.9,0.0,0.0,2026-10-25,1.2,1.82,100.0,89.12,34.12,-0.27,-7.38,31.0,2,2026-06-05 to 2026-09-21 (74 days),-1.0,48.9,nan,nan,nan,NEUTRAL,LOW,Last surprise: +11.3%; Earnings conf adj: +1,-1.0,-1.0,1.0,41,2026-11-04,11.35,1
2026-09-24T15:45:49,2026-09-24,WCC,HOLD,0,Stochastic Oscillator,HIGH,5,34.57,nan,6.76,0.0,10.14,0.0,0.0,2026-10-30,1.15,1.76,100.0,121.69,48.19,46.19,-16.91,36.5,2,2026-06-05 to 2026-09-21 (74 days),-1.0,55.1,nan,nan,nan,NEUTRAL,LOW,Last surprise: +15.1%; Earnings conf adj: +1,-1.0,-1.0,1.0,35,2026-10-29,15.11,1
2026-09-24T15:44:20,2026-09-24,GILD,HOLD,0,Momentum (Rate of Change),HIGH,5,34.36,nan,2.0,0.0,4.0,0.0,0.0,2026-10-21,1.5,2.52,100.0,97.94,34.44,-42.61,-4.96,27.0,2,2026-06-05 to 2026-09-21 (74 days),-1.0,63.3,nan,nan,nan,NEUTRAL,LOW,Strong trend (ADX=31); Last surprise: +6.9%; Earnings conf adj: +1,-1.0,-1.0,1.0,35,2026-10-29,6.9,1
2026-09-24T15:45:41,2026-09-24,NVT,HOLD,0,Stochastic Oscillator,HIGH,5,34.08,nan,6.92,0.0,10.38,0.0,0.0,2026-10-25,1.34,1.94,100.0,143.26,59.32,65.96,-17.3,31.0,2,2026-06-05 to 2026-09-21 (74 days),-1.0,53.8,nan,nan,nan,NEUTRAL,LOW,Last surprise: +25.0%; Earnings conf adj: +1,-1.0,-1.0,1.0,36,2026-10-30,25.0,1
2026-09-24T15:44:49,2026-09-24,MOS,HOLD,0,Stochastic Oscillator,MEDIUM,3,34.07,nan,3.97,0.0,5.96,0.0,0.0,2026-11-12,2.03,3.9,100.0,168.98,69.57,34.31,-9.93,49.0,1,2026-06-05 to 2026-09-21 (74 days),-1.0,48.1,nan,nan,nan,NEUTRAL,LOW,Last surprise: -7.1%; Earnings conf adj: -1,-1.0,-1.0,1.0,40,2026-11-03,-7.14,-1
2026-09-24T15:44:52,2026-09-24,NDAQ,HOLD,0,Stochastic Oscillator,HIGH,5,34.03,nan,6.24,0.0,9.36,0.0,0.0,2026-10-15,1.16,1.69,100.0,89.36,31.01,-4.69,-15.59,21.0,2,2026-06-05 to 2026-09-21 (74 days),-1.0,52.3,nan,nan,nan,NEUTRAL,LOW,Strong trend (ADX=39); Last surprise: +9.2%; Earnings conf adj: +1,-1.0,-1.0,1.0,28,2026-10-22,9.18,1
2026-09-24T15:44:09,2026-09-24,EQT,HOLD,0,VWAP Trend,LOW,1,33.78,nan,4.01,0.0,6.02,0.0,0.0,2026-10-02,0.09,0.16,62.5,1.15,-0.55,19.99,-10.02,8.1,8,2026-06-05 to 2026-09-21 (74 days),-1.0,29.7,nan,nan,nan,NEUTRAL,LOW,RSI oversold; Strong trend (ADX=42); Last surprise: -2.5%,-1.0,-1.0,1.0,26,2026-10-20,-2.5,0
2026-09-24T15:45:27,2026-09-24,UAL,HOLD,0,Stochastic Oscillator,HIGH,5,33.71,nan,4.35,0.0,6.52,0.0,0.0,2026-10-19,1.57,2.79,100.0,127.57,47.71,16.48,-10.88,25.5,2,2026-06-05 to 2026-09-21 (74 days),-1.0,53.9,nan,nan,nan,NEUTRAL,LOW,Strong trend (ADX=30); Last surprise: +7.6%; Earnings conf adj: +1,-1.0,-1.0,1.0,27,2026-10-21,7.57,1
2026-09-24T15:43:44,2026-09-24,BX,HOLD,0,VWAP Trend,HIGH,5,33.68,nan,4.46,0.0,8.92,0.0,0.0,2026-09-30,2.19,3.62,55.6,3.2,73.76,31.7,-11.14,6.8,9,2026-06-05 to 2026-09-21 (74 days),-1.0,39.4,nan,nan,nan,NEUTRAL,LOW,High volume; Strong trend (ADX=44); Last surprise: +13.4%; Earnings conf adj: +1,-1.0,-1.0,1.0,28,2026-10-22,13.43,1
2026-09-24T15:45:51,2026-09-24,DT,HOLD,0,52-Week High Momentum,MEDIUM,3,33.58,nan,3.84,0.0,7.68,0.0,0.0,2026-10-12,0.3,0.47,100.0,56.85,4.44,-167.96,-9.61,18.0,2,2026-06-05 to 2026-09-21 (74 days),-1.0,66.4,nan,nan,nan,NEUTRAL,LOW,Strong trend (ADX=33); Last surprise: +9.1%; Earnings conf adj: +1,-1.0,-1.0,1.0,41,2026-11-04,9.09,1
2026-09-24T15:46:36,2026-09-24,PCTY,HOLD,0,Stochastic Oscillator,HIGH,5,33.52,nan,2.81,0.0,4.22,0.0,0.0,2026-10-10,1.69,3.61,100.0,128.86,47.17,-82.83,-7.03,16.0,2,2026-06-05 to 2026-09-21 (74 days),-1.0,46.6,nan,nan,nan,NEUTRAL,LOW,Last surprise: +14.3%; Earnings conf adj: +1,-1.0,-1.0,1.0,40,2026-11-03,14.29,1
2026-09-24T15:45:12,2026-09-24,RVTY,EXIT,-1,ADX Trend Following,HIGH,5,33.49,nan,3.06,nan,6.12,nan,10.0,2026-10-24,1.96,3.95,100.0,169.12,69.88,-199.93,-7.64,30.5,2,2026-06-05 to 2026-09-21 (74 days),-1.0,69.3,nan,nan,nan,NEUTRAL,LOW,Strong trend (ADX=47); Last surprise: +15.6%; Earnings conf adj: +1,-1.0,-1.0,1.0,32,2026-10-26,15.57,1
2026-09-24T15:43:32,2026-09-24,AMGN,HOLD,0,Stochastic Oscillator,HIGH,5,33.45,nan,2.0,0.0,3.0,0.0,0.0,2026-09-30,1.98,12.58,100.0,45.61,9.98,-43.08,-1.69,6.0,1,2026-06-05 to 2026-09-21 (74 days),-1.0,45.1,nan,nan,nan,NEUTRAL,LOW,Strong trend (ADX=45); Last surprise: +11.9%; Earnings conf adj: +1,-1.0,-1.0,1.0,40,2026-11-03,11.92,1
2026-09-24T15:43:35,2026-09-24,APH,HOLD,0,Stochastic Oscillator,HIGH,5,33.45,nan,3.54,0.0,5.31,0.0,0.0,2026-10-19,1.29,2.19,100.0,113.17,41.55,-27.76,-8.86,25.5,2,2026-06-05 to 2026-09-21 (74 days),-1.0,51.6,nan,nan,nan,NEUTRAL,LOW,Last surprise: +13.4%; Earnings conf adj: +1,-1.0,-1.0,1.0,34,2026-10-28,13.45,1
2026-09-24T15:45:22,2026-09-24,TER,EXIT,-1,VWAP Trend,HIGH,5,33.42,nan,3.48,nan,6.96,nan,10.0,2026-09-25,2.83,7.49,55.6,4.44,194.89,170.05,-8.71,1.9,9,2026-06-05 to 2026-09-21 (74 days),-1.0,54.9,nan,nan,nan,NEUTRAL,LOW,Last surprise: +20.5%; Earnings conf adj: +1,-1.0,-1.0,1.0,27,2026-10-21,20.49,1
2026-09-24T15:46:18,2026-09-24,BIO,HOLD,0,VWAP Trend,HIGH,5,33.38,nan,2.0,0.0,4.0,0.0,0.0,2026-09-26,1.27,2.62,57.1,2.27,11.39,-124.38,-2.87,2.0,7,2026-06-05 to 2026-09-21 (74 days),-1.0,56.2,nan,nan,nan,NEUTRAL,LOW,Strong trend (ADX=30); Last surprise: +49.7%; Earnings conf adj: +1,-1.0,-1.0,1.0,35,2026-10-29,49.71,1
2026-09-24T15:45:03,2026-09-24,PGR,HOLD,0,Stochastic Oscillator,MEDIUM,3,33.37,nan,2.94,0.0,4.41,0.0,0.0,2026-10-29,0.92,1.46,100.0,54.08,15.46,0.68,-7.34,35.0,1,2026-06-05 to 2026-09-21 (74 days),-1.0,42.7,nan,nan,nan,NEUTRAL,LOW,High volume; Last surprise: +0.2%,-1.0,-1.0,1.0,20,2026-10-14,0.21,0
2026-09-24T15:44:43,2026-09-24,LYB,HOLD,0,ADX Trend Following,HIGH,5,33.22,nan,2.88,0.0,5.76,0.0,0.0,2026-10-27,1.71,2.79,100.0,92.74,35.31,53.47,-7.2,33.0,1,2026-06-05 to 2026-09-21 (74 days),-1.0,39.8,nan,nan,nan,NEUTRAL,LOW,Last surprise: +25.7%; Earnings conf adj: +1,-1.0,-1.0,1.0,36,2026-10-30,25.73,1
2026-09-24T15:43:41,2026-09-24,BEN,BUY,1,SMA Crossover (10/50),HIGH,5,33.19,nan,2.0,nan,4.0,nan,10.0,2026-09-27,1.65,21.13,100.0,18.09,5.65,-26.67,-0.2,3.0,1,2026-06-05 to 2026-09-21 (74 days),0.667,49.5,nan,nan,nan,NEUTRAL,LOW,High volume; Strong trend (ADX=34); Last surprise: +9.1%; Earnings conf adj: +1,-1.0,-1.0,1.0,43,2026-11-06,9.09,1
2026-09-24T15:44:44,2026-09-24,MA,EXIT,-1,Multi-Factor Momentum MR,MEDIUM,3,33.17,nan,2.31,nan,4.62,nan,10.0,2026-10-29,0.31,0.55,100.0,8.59,2.64,-63.22,-5.77,35.0,1,2026-06-05 to 2026-09-21 (74 days),-1.0,46.5,nan,nan,nan,NEUTRAL,LOW,Last surprise: +5.4%; Earnings conf adj: +1,-1.0,-1.0,1.0,35,2026-10-29,5.44,1
2026-09-24T15:43:31,2026-09-24,ALL,HOLD,0,MACD Crossover,HIGH,5,33.15,nan,3.71,0.0,7.42,0.0,0.0,2026-10-10,1.76,2.75,66.7,4.47,37.59,-2.87,-9.28,16.3,3,2026-06-05 to 2026-09-21 (74 days),-1.0,35.7,nan,nan,nan,NEUTRAL,LOW,High volume; Last surprise: +48.1%; Earnings conf adj: +1,-1.0,-1.0,1.0,41,2026-11-04,48.11,1
2026-09-24T15:44:33,2026-09-24,IT,HOLD,0,ADX Trend Following,HIGH,5,32.92,nan,6.03,0.0,12.06,0.0,0.0,2026-10-18,2.03,4.26,66.7,79.18,205.89,159.07,-15.07,24.3,3,2026-06-05 to 2026-09-21 (74 days),-1.0,49.6,nan,nan,nan,NEUTRAL,LOW,Last surprise: +17.2%; Earnings conf adj: +1,-1.0,-1.0,1.0,40,2026-11-03,17.16,1
2026-09-24T15:46:34,2026-09-24,AVAV,HOLD,0,Stochastic Oscillator,HIGH,5,32.91,nan,10.0,0.0,15.0,0.0,0.0,2026-10-27,1.19,2.03,100.0,179.14,76.17,115.45,-26.02,33.5,2,2026-06-05 to 2026-09-21 (74 days),-1.0,54.4,nan,nan,nan,NEUTRAL,LOW,Strong trend (ADX=33); Last surprise: +136.0%; Earnings conf adj: +1,-1.0,-1.0,1.0,69,2026-12-02,136.0,1
2026-09-24T15:46:42,2026-09-24,SLAB,HOLD,0,Stochastic Oscillator,HIGH,4,32.86,nan,2.0,0.0,3.0,0.0,0.0,2026-11-22,1.93,3.11,100.0,17.4,5.76,1.32,-0.71,59.0,1,2026-06-05 to 2026-09-21 (74 days),-1.0,61.3,nan,nan,nan,NEUTRAL,LOW,Last surprise: +2.9%,-1.0,-1.0,1.0,40,2026-11-03,2.9,0
2026-09-24T15:44:22,2026-09-24,GOOGL,EXIT,-1,ADX Trend Following,MEDIUM,3,32.85,nan,5.74,nan,11.48,nan,10.0,2026-10-31,0.42,0.61,100.0,27.84,8.45,19.33,-14.35,37.5,2,2026-06-08 to 2026-09-22 (74 days),-1.0,55.4,nan,nan,nan,NEUTRAL,LOW,Strong trend (ADX=31); Last surprise: +214.1%; Earnings conf adj: +1,-1.0,-1.0,1.0,34,2026-10-28,214.14,1
2026-09-24T15:45:21,2026-09-24,TECH,EXIT,-1,VWAP Trend,HIGH,4,32.76,nan,2.0,nan,4.0,nan,10.0,2026-09-29,2.04,4.22,85.7,184.42,39.85,-176.07,-4.02,5.6,7,2026-06-05 to 2026-09-21 (74 days),-1.0,63.4,nan,nan,nan,NEUTRAL,LOW,Last surprise: +0.0%,-1.0,-1.0,1.0,46,2026-11-09,0.0,0
2026-09-24T15:45:17,2026-09-24,STLD,HOLD,0,Stochastic Oscillator,MEDIUM,2,32.74,nan,4.15,0.0,6.22,0.0,0.0,2026-10-22,0.16,0.24,100.0,10.02,1.03,41.97,-10.38,28.0,2,2026-06-05 to 2026-09-21 (74 days),-1.0,41.6,nan,nan,nan,NEUTRAL,LOW,Last surprise: +0.5%,-1.0,-1.0,1.0,25,2026-10-19,0.54,0
2026-09-24T15:44:43,2026-09-24,LUV,HOLD,0,MACD Crossover,HIGH,5,32.66,nan,4.33,0.0,8.66,0.0,0.0,2026-10-04,2.81,5.52,75.0,7.08,83.98,78.83,-10.82,10.8,4,2026-06-05 to 2026-09-21 (74 days),-1.0,56.2,nan,nan,nan,NEUTRAL,LOW,Last surprise: +80.8%; Earnings conf adj: +1,-1.0,-1.0,1.0,27,2026-10-21,80.77,1
2026-09-24T15:45:14,2026-09-24,SHW,BUY,1,ADX Trend Following,HIGH,5,32.61,nan,3.93,nan,7.86,nan,10.0,2026-10-11,1.49,2.74,75.0,3.69,45.97,25.72,-9.83,17.5,4,2026-06-05 to 2026-09-21 (74 days),0.115,37.5,nan,nan,nan,NEUTRAL,LOW,Strong trend (ADX=35); Last surprise: +5.1%; Earnings conf adj: +1,-1.0,-1.0,1.0,33,2026-10-27,5.11,1
2026-09-24T15:44:03,2026-09-24,DLTR,HOLD,0,PEAD Earnings Drift,HIGH,5,32.55,nan,3.36,0.0,6.72,0.0,0.0,2026-12-10,2.21,3.96,100.0,197.15,84.71,73.06,-8.41,77.0,1,2026-06-05 to 2026-09-21 (74 days),-1.0,32.9,nan,nan,nan,NEUTRAL,LOW,Strong trend (ADX=55); Last surprise: +136.8%; Earnings conf adj: +1,-1.0,-1.0,1.0,-28,2026-08-27,136.84,1
2026-09-24T15:43:58,2026-09-24,CVX,HOLD,0,PEAD Earnings Drift,HIGH,5,32.53,nan,2.63,0.0,5.26,0.0,0.0,2026-11-10,2.06,3.58,100.0,101.13,38.43,0.85,-6.57,47.0,1,2026-06-05 to 2026-09-21 (74 days),-1.0,46.7,nan,nan,nan,NEUTRAL,LOW,Strong trend (ADX=32); Last surprise: +8.8%; Earnings conf adj: +1,-1.0,-1.0,1.0,36,2026-10-30,8.8,1
2026-09-24T15:45:41,2026-09-24,FTI,HOLD,0,Stochastic Oscillator,HIGH,5,32.48,nan,2.0,0.0,3.0,0.0,0.0,2026-10-04,2.79,4.81,66.7,161.32,64.66,39.22,-4.7,10.0,3,2026-06-05 to 2026-09-21 (74 days),-1.0,38.1,nan,nan,nan,NEUTRAL,LOW,Strong trend (ADX=45); Last surprise: +13.7%; Earnings conf adj: +1,-1.0,-1.0,1.0,35,2026-10-29,13.75,1
2026-09-24T15:45:33,2026-09-24,VTRS,HOLD,0,Multi-Factor Momentum MR,HIGH,5,32.37,nan,2.7,0.0,5.4,0.0,0.0,2026-11-02,1.61,2.77,100.0,84.37,31.77,-0.72,-6.74,39.0,1,2026-06-05 to 2026-09-21 (74 days),-1.0,58.2,nan,nan,nan,NEUTRAL,LOW,Last surprise: +15.0%; Earnings conf adj: +1,-1.0,-1.0,1.0,42,2026-11-05,15.0,1
2026-09-24T15:46:08,2026-09-24,AA,HOLD,0,VWAP Trend,MEDIUM,2,32.37,nan,5.64,0.0,11.28,0.0,0.0,2026-09-29,0.82,1.24,42.9,1.76,23.24,103.81,-14.1,5.7,7,2026-06-05 to 2026-09-21 (74 days),-1.0,36.3,nan,nan,nan,NEUTRAL,LOW,Strong trend (ADX=34); Last surprise: -3.2%,-1.0,-1.0,1.0,21,2026-10-15,-3.2,0
2026-09-24T15:47:29,2026-09-24,MSM,HOLD,0,MACD Crossover,HIGH,4,32.35,nan,2.0,0.0,4.0,0.0,0.0,2026-10-02,0.97,1.69,66.7,2.97,6.55,-16.0,-1.78,8.7,3,2026-06-05 to 2026-09-21 (74 days),-1.0,53.3,nan,nan,nan,NEUTRAL,LOW,Last surprise: +12.6%; Earnings conf adj: +1,-1.0,-1.0,1.0,28,2026-10-22,12.6,1
2026-09-24T15:45:35,2026-09-24,WFC,HOLD,0,Stochastic Oscillator,HIGH,5,32.33,nan,2.0,0.0,3.0,0.0,0.0,2026-10-14,1.44,2.48,100.0,45.23,14.09,-9.07,-2.23,20.0,1,2026-06-05 to 2026-09-21 (74 days),-1.0,46.6,nan,nan,nan,NEUTRAL,LOW,Last surprise: +16.3%; Earnings conf adj: +1,-1.0,-1.0,1.0,19,2026-10-13,16.28,1
2026-09-24T15:46:41,2026-09-24,GAP,HOLD,0,Stochastic Oscillator,HIGH,5,32.25,nan,5.64,0.0,8.46,0.0,0.0,2026-10-29,1.26,2.34,100.0,127.66,51.97,53.77,-14.1,35.0,2,2026-06-05 to 2026-09-21 (74 days),-1.0,51.8,nan,nan,nan,NEUTRAL,LOW,Last surprise: +181.6%; Earnings conf adj: +1,-1.0,-1.0,1.0,56,2026-11-19,181.63,1
2026-09-24T15:46:50,2026-09-24,INGR,HOLD,0,MACD Crossover,MEDIUM,2,32.16,nan,2.0,0.0,4.0,0.0,0.0,2026-10-19,0.29,0.46,100.0,11.41,2.92,9.99,-3.5,25.0,2,2026-06-05 to 2026-09-21 (74 days),-1.0,31.8,nan,nan,nan,NEUTRAL,LOW,Strong trend (ADX=58); Last surprise: +3.7%,-1.0,-1.0,1.0,40,2026-11-03,3.68,0
2026-09-24T15:44:22,2026-09-24,GOOG,EXIT,-1,ADX Trend Following,MEDIUM,3,32.07,nan,5.6,nan,11.2,nan,10.0,2026-11-01,0.31,0.45,100.0,17.77,4.81,17.16,-14.01,38.5,2,2026-06-08 to 2026-09-22 (74 days),-1.0,55.2,nan,nan,nan,NEUTRAL,LOW,Strong trend (ADX=32); Last surprise: +213.1%; Earnings conf adj: +1,-1.0,-1.0,1.0,34,2026-10-28,213.06,1
2026-09-24T15:46:03,2026-09-24,HALO,HOLD,0,52-Week High Momentum,HIGH,5,32.07,nan,3.2,0.0,6.4,0.0,0.0,2026-12-15,3.01,10.68,100.0,446.21,238.97,-123.24,-7.99,82.0,1,2026-06-05 to 2026-09-21 (74 days),-1.0,66.5,nan,nan,nan,NEUTRAL,LOW,Last surprise: +25.3%; Earnings conf adj: +1,-1.0,-1.0,1.0,39,2026-11-02,25.27,1
2026-09-24T15:44:49,2026-09-24,MPWR,EXIT,-1,VWAP Trend,HIGH,5,31.84,nan,3.58,nan,7.16,nan,10.0,2026-09-27,1.78,3.26,72.7,7.49,82.43,122.06,-8.95,3.1,11,2026-06-05 to 2026-09-21 (74 days),-1.0,53.8,nan,nan,nan,NEUTRAL,LOW,Strong trend (ADX=30); Last surprise: +10.5%; Earnings conf adj: +1,-1.0,-1.0,1.0,35,2026-10-29,10.54,1
2026-09-24T15:45:47,2026-09-24,SITM,HOLD,0,Stochastic Oscillator,HIGH,5,31.81,nan,10.0,0.0,15.0,0.0,0.0,2026-10-23,1.33,2.57,100.0,232.03,111.31,104.16,-28.7,29.0,2,2026-06-05 to 2026-09-21 (74 days),-1.0,55.9,nan,nan,nan,NEUTRAL,LOW,Last surprise: +20.0%; Earnings conf adj: +1,-1.0,-1.0,1.0,41,2026-11-04,20.0,1
2026-09-24T15:45:50,2026-09-24,SMTC,HOLD,0,Composite Multi-Indicator,HIGH,5,31.78,nan,4.83,0.0,9.66,0.0,0.0,2026-10-27,2.57,4.58,100.0,413.89,229.03,154.8,-12.07,33.0,1,2026-06-05 to 2026-09-21 (74 days),-1.0,62.6,nan,nan,nan,NEUTRAL,LOW,Strong trend (ADX=32); Last surprise: +16.4%; Earnings conf adj: +1,-1.0,-1.0,1.0,60,2026-11-23,16.39,1
2026-09-24T15:45:56,2026-09-24,EQH,HOLD,0,Composite Multi-Indicator,HIGH,4,31.78,nan,3.27,0.0,6.54,0.0,0.0,2026-12-21,2.72,4.94,100.0,235.57,106.7,-60.04,-8.17,88.0,1,2026-06-05 to 2026-09-21 (74 days),-1.0,63.9,nan,nan,nan,NEUTRAL,LOW,Last surprise: +3.7%,-1.0,-1.0,1.0,40,2026-11-03,3.66,0
2026-09-24T15:45:40,2026-09-24,ZBRA,HOLD,0,ADX Trend Following,HIGH,5,31.61,nan,4.11,0.0,8.22,0.0,0.0,2026-10-18,2.41,8.33,100.0,380.21,237.71,-78.54,-10.28,24.3,3,2026-06-05 to 2026-09-21 (74 days),-1.0,53.1,nan,nan,nan,NEUTRAL,LOW,Last surprise: +45.0%; Earnings conf adj: +1,-1.0,-1.0,1.0,40,2026-11-03,44.98,1
2026-09-24T15:46:28,2026-09-24,VMI,EXIT,-1,VWAP Trend,HIGH,5,31.61,nan,2.0,nan,4.0,nan,10.0,2026-09-25,3.3,8.98,72.7,4.72,58.51,94.18,-2.75,1.6,11,2026-06-05 to 2026-09-21 (74 days),-1.0,41.4,nan,nan,nan,NEUTRAL,LOW,Last surprise: +5.9%; Earnings conf adj: +1,-1.0,-1.0,1.0,26,2026-10-20,5.86,1
2026-09-24T15:45:48,2026-09-24,MEDP,HOLD,0,Momentum (Rate of Change),HIGH,4,31.51,nan,4.34,0.0,8.68,0.0,0.0,2026-11-05,0.94,1.47,100.0,58.47,21.13,-178.43,-10.85,42.5,2,2026-06-05 to 2026-09-21 (74 days),-1.0,63.6,nan,nan,nan,NEUTRAL,LOW,Strong trend (ADX=32); Last surprise: +6.2%; Earnings conf adj: +1,-1.0,-1.0,1.0,27,2026-10-21,6.25,1
2026-09-24T15:45:44,2026-09-24,CNH,HOLD,0,Composite Multi-Indicator,HIGH,5,31.49,nan,4.24,0.0,8.48,0.0,0.0,2026-11-16,2.59,5.13,100.0,305.2,149.73,31.32,-10.61,53.0,1,2026-06-05 to 2026-09-21 (74 days),-1.0,60.2,nan,nan,nan,NEUTRAL,LOW,Strong trend (ADX=39); Last surprise: +18.2%; Earnings conf adj: +1,-1.0,-1.0,1.0,46,2026-11-09,18.18,1
2026-09-24T15:44:15,2026-09-24,FIS,HOLD,0,ADX Trend Following,HIGH,4,31.39,nan,4.89,0.0,9.78,0.0,0.0,2026-10-10,1.3,2.26,66.7,6.52,38.86,74.74,-12.23,16.7,3,2026-06-05 to 2026-09-21 (74 days),-1.0,27.1,nan,nan,nan,NEUTRAL,LOW,RSI oversold; Last surprise: +0.7%,-1.0,-1.0,1.0,41,2026-11-04,0.68,0
2026-09-24T15:47:02,2026-09-24,VFC,HOLD,0,Composite Multi-Indicator,MEDIUM,2,31.33,nan,2.0,0.0,4.0,0.0,0.0,2026-10-06,0.54,0.95,100.0,16.94,5.61,60.05,-3.49,12.0,1,2026-06-05 to 2026-09-21 (74 days),-1.0,42.4,nan,nan,nan,NEUTRAL,LOW,Last surprise: -22.7%; Earnings conf adj: -1,-1.0,-1.0,1.0,32,2026-10-26,-22.73,-1
2026-09-24T15:45:58,2026-09-24,EXEL,HOLD,0,Stochastic Oscillator,HIGH,4,31.26,nan,2.0,0.0,3.0,0.0,0.0,2026-10-08,1.6,3.54,100.0,61.65,19.14,-13.71,-4.39,14.0,1,2026-06-05 to 2026-09-21 (74 days),-1.0,53.6,nan,nan,nan,NEUTRAL,LOW,Last surprise: +4.6%,-1.0,-1.0,1.0,33,2026-10-27,4.6,0
2026-09-24T15:44:00,2026-09-24,DE,HOLD,0,PEAD Earnings Drift,HIGH,5,31.2,nan,2.0,0.0,4.0,0.0,0.0,2026-10-21,2.02,4.36,100.0,84.74,31.47,-43.87,-4.14,27.0,1,2026-06-05 to 2026-09-21 (74 days),-1.0,60.9,nan,nan,nan,NEUTRAL,LOW,Last surprise: +8.3%; Earnings conf adj: +1,-1.0,-1.0,1.0,62,2026-11-25,8.28,1
2026-09-24T15:43:59,2026-09-24,DAL,HOLD,0,Stochastic Oscillator,HIGH,4,31.18,nan,3.5,0.0,5.25,0.0,0.0,2026-10-19,1.39,2.42,100.0,91.88,32.19,17.18,-8.75,25.5,2,2026-06-05 to 2026-09-21 (74 days),-1.0,53.5,nan,nan,nan,NEUTRAL,LOW,Strong trend (ADX=34); Last surprise: +4.7%,-1.0,-1.0,1.0,15,2026-10-09,4.7,0
2026-09-24T15:45:44,2026-09-24,RGLD,EXIT,-1,ADX Trend Following,HIGH,4,31.16,nan,3.49,nan,6.98,nan,10.0,2026-10-20,2.84,5.52,66.7,20.14,137.51,40.74,-8.72,26.3,3,2026-06-05 to 2026-09-21 (74 days),-1.0,52.0,nan,nan,nan,NEUTRAL,LOW,Strong trend (ADX=33); Last surprise: +0.8%,-1.0,-1.0,1.0,41,2026-11-04,0.79,0
2026-09-24T15:44:00,2026-09-24,DDOG,HOLD,0,ADX Trend Following,HIGH,5,31.15,nan,5.56,0.0,11.12,0.0,0.0,2026-10-02,1.86,3.4,60.0,4.66,85.81,68.73,-13.91,8.8,5,2026-06-05 to 2026-09-21 (74 days),-1.0,57.0,nan,nan,nan,NEUTRAL,LOW,Last surprise: +12.1%; Earnings conf adj: +1,-1.0,-1.0,1.0,42,2026-11-05,12.07,1
2026-09-24T15:46:49,2026-09-24,GATX,HOLD,0,ADX Trend Following,MEDIUM,3,31.06,nan,2.31,0.0,4.62,0.0,0.0,2026-11-16,0.14,0.2,100.0,3.95,1.02,-22.29,-5.78,53.0,1,2026-06-05 to 2026-09-21 (74 days),-1.0,56.6,nan,nan,nan,NEUTRAL,LOW,Last surprise: +15.4%; Earnings conf adj: +1,-1.0,-1.0,1.0,26,2026-10-20,15.45,1
2026-09-24T15:44:11,2026-09-24,EXPD,HOLD,0,52-Week High Momentum,HIGH,5,30.9,nan,3.46,0.0,6.92,0.0,0.0,2027-01-07,2.46,4.48,100.0,174.66,73.63,-12.75,-8.64,105.0,1,2026-06-05 to 2026-09-21 (74 days),-1.0,60.3,nan,nan,nan,NEUTRAL,LOW,Last surprise: +20.1%; Earnings conf adj: +1,-1.0,-1.0,1.0,40,2026-11-03,20.12,1
2026-09-24T15:44:46,2026-09-24,MCO,HOLD,0,VWAP Trend,HIGH,5,30.7,nan,3.82,0.0,7.64,0.0,0.0,2026-09-28,1.21,1.96,57.1,2.44,24.71,11.22,-9.55,4.7,7,2026-06-05 to 2026-09-21 (74 days),-1.0,41.1,nan,nan,nan,NEUTRAL,LOW,Last surprise: +10.1%; Earnings conf adj: +1,-1.0,-1.0,1.0,27,2026-10-21,10.12,1
2026-09-24T15:43:36,2026-09-24,APO,HOLD,1,ADX Trend Following,LOW,1,30.67,nan,7.0,nan,10.5,nan,0.0,2026-10-12,-0.32,-0.45,66.7,0.93,-12.79,-13.93,-17.5,18.3,3,2026-06-05 to 2026-09-21 (74 days),-1.0,46.2,nan,nan,nan,NEUTRAL,LOW,Strong trend (ADX=39); Last surprise: -2.3%,-1.0,-1.0,1.0,40,2026-11-03,-2.31,0
2026-09-24T15:46:36,2026-09-24,UGI,HOLD,0,Stochastic Oscillator,MEDIUM,3,30.63,nan,2.0,0.0,3.0,0.0,0.0,2026-11-04,1.17,3.46,100.0,68.51,23.52,-11.42,-2.59,41.0,1,2026-06-05 to 2026-09-21 (74 days),-1.0,49.1,nan,nan,nan,NEUTRAL,LOW,Last surprise: -53.8%; Earnings conf adj: -1,-1.0,-1.0,1.0,55,2026-11-18,-53.85,-1
2026-09-24T15:46:02,2026-09-24,FIVE,EXIT,-1,PEAD Earnings Drift,HIGH,4,30.59,nan,5.09,nan,10.18,nan,10.0,2026-12-18,2.82,4.62,100.0,313.17,143.83,33.83,-12.73,85.0,1,2026-06-05 to 2026-09-21 (74 days),-1.0,47.4,nan,nan,nan,NEUTRAL,LOW,Last surprise: +24.0%,-1.0,-1.0,1.0,69,2026-12-02,24.02,0
2026-09-24T15:45:51,2026-09-24,CLH,HOLD,0,Stochastic Oscillator,HIGH,4,30.45,nan,2.0,0.0,3.0,0.0,0.0,2026-10-12,0.92,1.63,100.0,23.11,5.24,-33.87,-1.58,18.0,1,2026-06-05 to 2026-09-21 (74 days),-1.0,43.7,nan,nan,nan,NEUTRAL,LOW,Last surprise: +14.2%; Earnings conf adj: +1,-1.0,-1.0,1.0,41,2026-11-04,14.18,1
2026-09-24T15:44:02,2026-09-24,DHR,HOLD,0,EMA Crossover (9/21),HIGH,5,30.37,nan,2.0,0.0,4.0,0.0,0.0,2026-09-27,1.64,21.06,100.0,18.03,5.63,-68.13,-0.2,3.0,1,2026-06-05 to 2026-09-21 (74 days),-1.0,61.1,nan,nan,nan,NEUTRAL,LOW,Strong trend (ADX=34); Last surprise: +5.4%; Earnings conf adj: +1,-1.0,-1.0,1.0,27,2026-10-21,5.43,1
2026-09-24T15:44:41,2026-09-24,LLY,HOLD,0,Stochastic Oscillator,MEDIUM,3,30.37,nan,3.44,0.0,5.16,0.0,0.0,2026-10-14,0.31,0.49,100.0,21.65,4.03,-7.11,-8.6,20.0,2,2026-06-05 to 2026-09-21 (74 days),-1.0,51.0,nan,nan,nan,NEUTRAL,LOW,Last surprise: +27.4%; Earnings conf adj: +1,-1.0,-1.0,1.0,35,2026-10-29,27.36,1
2026-09-24T15:47:32,2026-09-24,GLD,HOLD,0,VWAP Trend,HIGH,4,30.33,nan,2.29,0.0,4.58,0.0,0.0,2026-09-29,1.34,2.06,63.6,2.09,24.98,22.53,-5.73,5.3,11,2026-06-08 to 2026-09-22 (74 days),-1.0,49.9,nan,nan,nan,NEUTRAL,LOW,No special conditions,-1.0,-1.0,1.0,-1,,,0
2026-09-24T15:45:25,2026-09-24,TRV,HOLD,0,Stochastic Oscillator,HIGH,5,30.32,nan,2.0,0.0,3.0,0.0,0.0,2026-10-24,1.17,2.11,100.0,42.09,10.6,-95.56,-2.32,30.0,1,2026-06-05 to 2026-09-21 (74 days),-1.0,51.1,nan,nan,nan,NEUTRAL,LOW,Last surprise: +86.3%; Earnings conf adj: +1,-1.0,-1.0,1.0,22,2026-10-16,86.27,1
2026-09-24T15:46:48,2026-09-24,WEX,HOLD,0,VWAP Trend,HIGH,5,30.29,nan,2.1,0.0,4.2,0.0,0.0,2026-09-29,3.6,8.88,71.4,20.67,167.33,42.93,-5.25,5.7,7,2026-06-05 to 2026-09-21 (74 days),-1.0,45.2,nan,nan,nan,NEUTRAL,LOW,Last surprise: +5.5%; Earnings conf adj: +1,-1.0,-1.0,1.0,34,2026-10-28,5.52,1
2026-09-24T15:46:42,2026-09-24,NOV,HOLD,0,Stochastic Oscillator,HIGH,5,30.23,nan,2.43,0.0,3.65,0.0,0.0,2026-10-13,2.06,4.05,100.0,125.88,46.48,43.33,-6.07,19.0,2,2026-06-05 to 2026-09-21 (74 days),-1.0,43.5,nan,nan,nan,NEUTRAL,LOW,Strong trend (ADX=32); Last surprise: +93.8%; Earnings conf adj: +1,-1.0,-1.0,1.0,33,2026-10-27,93.75,1
2026-09-24T15:43:46,2026-09-24,CBRE,HOLD,0,Stochastic Oscillator,HIGH,4,30.12,nan,2.0,0.0,3.0,0.0,0.0,2026-10-04,0.85,1.99,100.0,18.22,4.61,-31.66,-1.88,10.0,1,2026-06-05 to 2026-09-21 (74 days),-1.0,49.3,nan,nan,nan,NEUTRAL,LOW,Last surprise: +6.1%; Earnings conf adj: +1,-1.0,-1.0,1.0,28,2026-10-22,6.12,1
2026-09-24T15:46:20,2026-09-24,ALSN,HOLD,0,Stochastic Oscillator,MEDIUM,3,30.09,nan,2.0,0.0,3.0,0.0,0.0,2026-09-27,0.78,3.96,100.0,14.03,2.07,-8.37,-0.8,3.0,1,2026-06-05 to 2026-09-21 (74 days),-1.0,40.9,nan,nan,nan,NEUTRAL,LOW,Strong trend (ADX=33); Last surprise: +4.6%,-1.0,-1.0,1.0,35,2026-10-29,4.6,0
2026-09-24T15:47:05,2026-09-24,HAE,HOLD,0,Composite Multi-Indicator,HIGH,5,30.05,nan,2.84,0.0,5.68,0.0,0.0,2026-11-09,2.65,12.27,100.0,277.88,132.16,-197.42,-7.11,46.0,1,2026-06-05 to 2026-09-21 (74 days),-1.0,72.4,nan,nan,nan,NEUTRAL,LOW,RSI overbought; Strong trend (ADX=41); Last surprise: +5.6%; Earnings conf adj: +1,-1.0,-1.0,1.0,42,2026-11-05,5.56,1
2026-09-24T15:47:10,2026-09-24,LPX,BUY,1,SMA Crossover (10/50),MEDIUM,2,30.0,nan,2.12,nan,4.24,nan,10.0,2026-10-03,0.61,1.31,100.0,24.66,8.04,31.6,-5.3,9.0,1,2026-06-05 to 2026-09-21 (74 days),0.171,36.2,nan,nan,nan,NEUTRAL,LOW,Strong trend (ADX=55); Last surprise: -29.8%; Earnings conf adj: -1,-1.0,-1.0,1.0,41,2026-11-04,-29.82,-1
2026-09-24T15:46:44,2026-09-24,DUOL,HOLD,0,VWAP Trend,MEDIUM,3,29.98,nan,5.2,0.0,10.4,0.0,0.0,2026-10-02,2.45,4.05,60.0,4.81,214.46,17.66,-13.01,8.2,10,2026-06-05 to 2026-09-21 (74 days),-1.0,53.5,nan,nan,nan,NEUTRAL,LOW,Last surprise: -19.5%; Earnings conf adj: -1,-1.0,-1.0,1.0,41,2026-11-04,-19.48,-1
2026-09-24T15:46:45,2026-09-24,HIMS,HOLD,0,Stochastic Oscillator,MEDIUM,2,29.86,nan,7.51,0.0,11.26,0.0,0.0,2026-11-23,0.72,1.08,100.0,82.3,29.57,-18.3,-18.77,60.0,1,2026-06-08 to 2026-09-22 (74 days),-1.0,55.5,nan,nan,nan,NEUTRAL,LOW,Last surprise: -640.0%; Earnings conf adj: -1,-1.0,-1.0,1.0,46,2026-11-09,-640.0,-1
2026-09-24T15:43:56,2026-09-24,CSCO,BUY,1,ADX Trend Following,HIGH,4,29.85,nan,2.0,nan,4.0,nan,10.0,2026-09-30,1.87,3.97,66.7,48.35,27.81,68.26,-2.68,6.0,3,2026-06-08 to 2026-09-22 (74 days),0.774,40.8,nan,nan,nan,NEUTRAL,LOW,Strong trend (ADX=31); Last surprise: +4.3%,-1.0,-1.0,1.0,49,2026-11-12,4.27,0
2026-09-24T15:44:38,2026-09-24,KR,EXIT,-1,SMA Crossover (10/50),HIGH,4,29.82,nan,2.0,nan,4.0,nan,10.0,2026-10-15,1.03,1.91,100.0,36.37,12.72,30.34,-4.21,21.0,1,2026-06-05 to 2026-09-21 (74 days),-1.0,54.7,nan,nan,nan,NEUTRAL,LOW,Strong trend (ADX=31); Last surprise: +3.8%,-1.0,-1.0,1.0,70,2026-12-03,3.81,0
2026-09-24T15:47:05,2026-09-24,GHC,HOLD,0,Stochastic Oscillator,HIGH,4,29.76,nan,2.0,0.0,3.0,0.0,0.0,2026-10-12,0.71,1.2,100.0,19.66,5.48,0.7,-2.89,18.0,1,2026-06-05 to 2026-09-21 (74 days),-1.0,49.2,nan,nan,nan,NEUTRAL,LOW,Last surprise: +31.2%; Earnings conf adj: +1,-1.0,-1.0,1.0,34,2026-10-28,31.22,1
2026-09-24T15:43:29,2026-09-24,AES,HOLD,0,Momentum (Rate of Change),MEDIUM,3,29.73,nan,2.0,0.0,4.0,0.0,0.0,2026-12-01,1.89,3.29,100.0,12.36,3.97,-4.21,-0.41,68.0,1,2026-06-05 to 2026-09-21 (74 days),-1.0,62.2,nan,nan,nan,NEUTRAL,LOW,Strong trend (ADX=49); Last surprise: -6.4%; Earnings conf adj: -1,-1.0,-1.0,1.0,41,2026-11-04,-6.38,-1
2026-09-24T15:43:53,2026-09-24,COHR,HOLD,0,Stochastic Oscillator,HIGH,5,29.73,nan,10.0,0.0,15.0,0.0,0.0,2026-10-22,1.28,2.05,100.0,210.99,96.89,155.91,-32.21,28.0,2,2026-06-08 to 2026-09-22 (74 days),-1.0,53.7,nan,nan,nan,NEUTRAL,LOW,Last surprise: +7.4%; Earnings conf adj: +1,-1.0,-1.0,1.0,41,2026-11-04,7.41,1
2026-09-24T15:45:43,2026-09-24,ENTG,HOLD,0,Stochastic Oscillator,HIGH,5,29.72,nan,10.0,0.0,15.0,0.0,0.0,2026-10-18,1.34,2.25,100.0,185.33,81.15,22.84,-26.69,24.5,2,2026-06-05 to 2026-09-21 (74 days),-1.0,54.0,nan,nan,nan,NEUTRAL,LOW,Last surprise: +13.4%; Earnings conf adj: +1,-1.0,-1.0,1.0,41,2026-11-04,13.41,1
2026-09-24T15:44:57,2026-09-24,NXPI,HOLD,0,Composite Multi-Indicator,MEDIUM,3,29.59,nan,2.82,0.0,5.64,0.0,0.0,2026-10-21,0.77,1.15,100.0,37.74,13.24,68.63,-7.04,27.0,1,2026-06-05 to 2026-09-21 (74 days),-1.0,52.3,nan,nan,nan,NEUTRAL,LOW,Last surprise: +2.3%,-1.0,-1.0,1.0,32,2026-10-26,2.27,0
2026-09-24T15:46:12,2026-09-24,ARW,HOLD,0,Composite Multi-Indicator,HIGH,5,29.58,nan,3.36,0.0,6.72,0.0,0.0,2026-11-05,1.11,1.6,100.0,80.6,28.41,28.39,-8.4,42.0,1,2026-06-05 to 2026-09-21 (74 days),-1.0,55.5,nan,nan,nan,NEUTRAL,LOW,Last surprise: +22.5%; Earnings conf adj: +1,-1.0,-1.0,1.0,35,2026-10-29,22.47,1
2026-09-24T15:43:41,2026-09-24,BIIB,HOLD,0,PEAD Earnings Drift,HIGH,5,29.54,nan,2.46,0.0,4.92,0.0,0.0,2026-11-12,1.56,2.55,100.0,84.47,31.37,-17.18,-6.14,49.0,1,2026-06-05 to 2026-09-21 (74 days),-1.0,54.9,nan,nan,nan,NEUTRAL,LOW,High volume; Last surprise: +77.3%; Earnings conf adj: +1,-1.0,-1.0,1.0,34,2026-10-28,77.34,1
2026-09-24T15:47:40,2026-09-24,XLV,HOLD,0,52-Week High Momentum,HIGH,4,29.52,nan,2.35,0.0,4.7,0.0,0.0,2027-01-07,2.12,3.65,100.0,115.31,45.2,0.18,-5.87,105.0,1,2026-06-05 to 2026-09-21 (74 days),-1.0,53.6,nan,nan,nan,NEUTRAL,LOW,No special conditions,-1.0,-1.0,1.0,-1,,,0
2026-09-24T15:45:28,2026-09-24,ULTA,HOLD,0,Composite Multi-Indicator,HIGH,5,29.41,nan,2.38,0.0,4.76,0.0,0.0,2026-11-01,1.49,2.38,100.0,91.24,34.68,-49.95,-5.96,38.0,1,2026-06-05 to 2026-09-21 (74 days),-1.0,58.2,nan,nan,nan,NEUTRAL,LOW,Last surprise: +5.6%; Earnings conf adj: +1,-1.0,-1.0,1.0,70,2026-12-03,5.65,1
2026-09-24T15:44:27,2026-09-24,HSIC,HOLD,0,Stochastic Oscillator,MEDIUM,2,29.35,nan,2.0,0.0,3.0,0.0,0.0,2026-09-27,-2.43,-3.57,100.0,3.24,-1.97,-40.96,-0.9,3.0,1,2026-06-05 to 2026-09-21 (74 days),-1.0,37.7,nan,nan,nan,NEUTRAL,LOW,Strong trend (ADX=33); Last surprise: +2.4%,-1.0,-1.0,1.0,40,2026-11-03,2.42,0
2026-09-24T15:45:10,2026-09-24,RJF,HOLD,0,Stochastic Oscillator,MEDIUM,3,29.32,nan,2.0,0.0,3.0,0.0,0.0,2026-09-28,-2.34,-4.21,100.0,7.67,-3.18,-39.8,-1.69,4.0,1,2026-06-05 to 2026-09-21 (74 days),-1.0,36.0,nan,nan,nan,NEUTRAL,LOW,Strong trend (ADX=49); Last surprise: +7.9%; Earnings conf adj: +1,-1.0,-1.0,1.0,34,2026-10-28,7.9,1
2026-09-24T15:47:04,2026-09-24,MTN,HOLD,0,Stochastic Oscillator,MEDIUM,3,29.27,nan,2.0,0.0,3.0,0.0,0.0,2026-10-12,0.8,1.57,100.0,31.12,10.0,-9.75,-4.5,18.0,1,2026-06-05 to 2026-09-21 (74 days),-1.0,49.6,nan,nan,nan,NEUTRAL,LOW,Earnings in 4d (2026-09-28); Last surprise: -1.7%,-1.0,-1.0,1.0,4,2026-09-28,-1.67,0
2026-09-24T15:45:15,2026-09-24,SMCI,HOLD,0,VWAP Trend,HIGH,5,29.18,nan,10.0,0.0,20.0,0.0,0.0,2026-10-01,1.89,3.8,75.0,4.04,212.99,230.94,-27.1,7.1,8,2026-06-08 to 2026-09-22 (74 days),-1.0,60.3,nan,nan,nan,NEUTRAL,LOW,Last surprise: +77.1%; Earnings conf adj: +1,-1.0,-1.0,1.0,40,2026-11-03,77.08,1
2026-09-24T15:43:48,2026-09-24,CHD,HOLD,0,Stochastic Oscillator,MEDIUM,2,29.17,nan,2.0,0.0,3.0,0.0,0.0,2026-10-01,0.35,0.79,100.0,8.62,0.89,4.27,-0.8,7.0,1,2026-06-05 to 2026-09-21 (74 days),-1.0,41.3,nan,nan,nan,NEUTRAL,LOW,Strong trend (ADX=38); Last surprise: -1.1%,-1.0,-1.0,1.0,36,2026-10-30,-1.11,0
2026-09-24T15:44:18,2026-09-24,FTNT,EXIT,-1,SMA Crossover (10/50),HIGH,5,29.1,nan,2.0,nan,4.0,nan,10.0,2026-10-14,1.38,2.99,100.0,81.67,30.2,-63.54,-4.71,20.0,1,2026-06-05 to 2026-09-21 (74 days),-1.0,62.3,nan,nan,nan,NEUTRAL,LOW,Strong trend (ADX=37); Last surprise: +20.0%; Earnings conf adj: +1,-1.0,-1.0,1.0,41,2026-11-04,20.0,1
2026-09-24T15:46:56,2026-09-24,PEGA,EXIT,-1,SMA Crossover (10/50),MEDIUM,3,29.07,nan,3.9,nan,7.8,nan,10.0,2026-11-03,1.48,2.85,100.0,117.34,46.11,42.23,-9.75,40.0,1,2026-06-05 to 2026-09-21 (74 days),-1.0,48.7,nan,nan,nan,NEUTRAL,LOW,Last surprise: -18.6%; Earnings conf adj: -1,-1.0,-1.0,1.0,26,2026-10-20,-18.6,-1
2026-09-24T15:45:52,2026-09-24,RGA,HOLD,0,52-Week High Momentum,HIGH,5,29.06,nan,2.0,0.0,4.0,0.0,0.0,2026-12-10,1.83,3.27,100.0,97.3,36.32,-51.73,-4.31,77.0,1,2026-06-05 to 2026-09-21 (74 days),-1.0,49.1,nan,nan,nan,NEUTRAL,LOW,Last surprise: +37.0%; Earnings conf adj: +1,-1.0,-1.0,1.0,35,2026-10-29,36.98,1
2026-09-24T15:46:24,2026-09-24,BRKR,HOLD,0,Stochastic Oscillator,HIGH,5,29.06,nan,4.85,0.0,7.28,0.0,0.0,2026-11-08,1.56,2.75,100.0,152.91,61.67,25.36,-12.12,45.0,1,2026-06-05 to 2026-09-21 (74 days),-1.0,58.1,nan,nan,nan,NEUTRAL,LOW,Strong trend (ADX=30); Last surprise: +28.9%; Earnings conf adj: +1,-1.0,-1.0,1.0,40,2026-11-03,28.95,1
2026-09-24T15:43:45,2026-09-24,CAT,HOLD,0,VWAP Trend,HIGH,5,28.88,nan,2.0,0.0,4.0,0.0,0.0,2026-09-26,3.17,7.62,71.4,10.62,75.93,105.19,-3.82,2.1,7,2026-06-05 to 2026-09-21 (74 days),-1.0,50.2,nan,nan,nan,NEUTRAL,LOW,Last surprise: +31.8%; Earnings conf adj: +1,-1.0,-1.0,1.0,35,2026-10-29,31.77,1
2026-09-24T15:44:39,2026-09-24,KVUE,HOLD,0,Stochastic Oscillator,MEDIUM,2,28.87,nan,2.0,0.0,3.0,0.0,0.0,2026-10-05,-1.01,-1.59,100.0,4.11,-2.02,-9.42,-1.05,11.0,1,2026-06-05 to 2026-09-21 (74 days),-1.0,36.8,nan,nan,nan,NEUTRAL,LOW,Strong trend (ADX=34); Last surprise: -3.1%,-1.0,-1.0,1.0,42,2026-11-05,-3.13,0
2026-09-24T15:45:05,2026-09-24,PODD,HOLD,0,Composite Multi-Indicator,HIGH,4,28.73,nan,5.16,0.0,10.32,0.0,0.0,2026-11-10,0.86,1.39,100.0,53.56,19.3,45.1,-12.9,47.0,1,2026-06-05 to 2026-09-21 (74 days),-1.0,45.1,nan,nan,nan,NEUTRAL,LOW,Last surprise: +14.5%; Earnings conf adj: +1,-1.0,-1.0,1.0,42,2026-11-05,14.48,1
2026-09-24T15:44:29,2026-09-24,IDXX,HOLD,0,VWAP Trend,HIGH,5,28.5,nan,2.23,0.0,4.46,0.0,0.0,2026-09-29,1.44,2.22,66.7,2.55,32.42,58.37,-5.58,5.9,9,2026-06-05 to 2026-09-21 (74 days),-1.0,40.6,nan,nan,nan,NEUTRAL,LOW,Strong trend (ADX=39); Last surprise: +8.7%; Earnings conf adj: +1,-1.0,-1.0,1.0,39,2026-11-02,8.65,1
2026-09-24T15:44:23,2026-09-24,HAL,HOLD,0,VWAP Trend,LOW,0,28.49,nan,4.37,0.0,6.56,0.0,0.0,2026-09-25,-1.17,-1.46,36.4,0.69,-16.68,24.81,-10.93,1.8,11,2026-06-05 to 2026-09-21 (74 days),-1.0,39.1,nan,nan,nan,NEUTRAL,LOW,Strong trend (ADX=38); Last surprise: +1.9%,-1.0,-1.0,1.0,26,2026-10-20,1.85,0
2026-09-24T15:46:04,2026-09-24,SEIC,HOLD,0,52-Week High Momentum,HIGH,5,28.48,nan,2.53,0.0,5.06,0.0,0.0,2027-01-07,3.1,5.72,100.0,193.24,83.29,3.42,-6.32,105.0,1,2026-06-05 to 2026-09-21 (74 days),-1.0,44.6,nan,nan,nan,NEUTRAL,LOW,Strong trend (ADX=35); Last surprise: +15.3%; Earnings conf adj: +1,-1.0,-1.0,1.0,27,2026-10-21,15.28,1
2026-09-24T15:47:28,2026-09-24,CMC,HOLD,0,VWAP Trend,LOW,0,28.41,nan,7.4,0.0,11.1,0.0,0.0,2026-09-27,-1.84,-2.11,42.9,0.37,-37.22,2.01,-18.51,3.1,7,2026-06-05 to 2026-09-21 (74 days),-1.0,39.3,nan,nan,nan,NEUTRAL,LOW,Last surprise: +1.2%,-1.0,-1.0,1.0,21,2026-10-15,1.17,0
2026-09-24T15:46:16,2026-09-24,MOH,HOLD,0,Stochastic Oscillator,MEDIUM,3,28.4,nan,2.14,0.0,3.21,0.0,0.0,2026-10-14,0.15,0.25,100.0,12.58,1.19,-11.93,-5.34,20.0,1,2026-06-05 to 2026-09-21 (74 days),-1.0,45.5,nan,nan,nan,NEUTRAL,LOW,Last surprise: +7.9%; Earnings conf adj: +1,-1.0,-1.0,1.0,27,2026-10-21,7.86,1
2026-09-24T15:46:31,2026-09-24,TTC,HOLD,0,PEAD Earnings Drift,HIGH,4,28.33,nan,2.49,0.0,4.98,0.0,0.0,2026-12-18,1.29,2.12,100.0,82.41,30.5,1.9,-6.23,85.0,1,2026-06-05 to 2026-09-21 (74 days),-1.0,43.7,nan,nan,nan,NEUTRAL,LOW,Strong trend (ADX=39); Last surprise: +1.5%,-1.0,-1.0,1.0,-21,2026-09-03,1.53,0
2026-09-24T15:44:25,2026-09-24,HII,HOLD,0,VWAP Trend,HIGH,4,28.17,nan,3.4,0.0,6.8,0.0,0.0,2026-09-30,1.39,3.22,50.0,3.51,50.44,67.7,-8.49,6.0,6,2026-06-05 to 2026-09-21 (74 days),-1.0,34.8,nan,nan,nan,NEUTRAL,LOW,Strong trend (ADX=50); Last surprise: +38.0%; Earnings conf adj: +1,-1.0,-1.0,1.0,35,2026-10-29,37.96,1
2026-09-24T15:45:46,2026-09-24,CDE,HOLD,0,EMA Crossover (9/21),MEDIUM,3,28.15,nan,5.82,0.0,11.64,0.0,0.0,2026-11-09,1.95,4.26,100.0,246.28,112.21,28.62,-14.54,46.0,1,2026-06-05 to 2026-09-21 (74 days),-1.0,48.0,nan,nan,nan,NEUTRAL,LOW,Last surprise: -53.8%; Earnings conf adj: -1,-1.0,-1.0,1.0,34,2026-10-28,-53.85,-1
2026-09-24T15:45:04,2026-09-24,PLTR,HOLD,0,Stochastic Oscillator,HIGH,4,28.06,nan,8.15,0.0,12.23,0.0,0.0,2026-10-11,0.85,1.32,100.0,73.6,23.6,-162.2,-20.37,17.5,2,2026-06-08 to 2026-09-22 (74 days),-1.0,62.5,nan,nan,nan,NEUTRAL,LOW,Last surprise: +17.1%; Earnings conf adj: +1,-1.0,-1.0,1.0,39,2026-11-02,17.14,1
2026-09-24T15:47:38,2026-09-24,XLP,HOLD,0,VWAP Trend,LOW,0,28.01,nan,2.0,0.0,3.0,0.0,0.0,2026-09-26,-2.32,-2.63,50.0,0.44,-12.26,-10.58,-4.98,2.2,8,2026-06-05 to 2026-09-21 (74 days),-1.0,37.6,nan,nan,nan,NEUTRAL,LOW,No special conditions,-1.0,-1.0,1.0,-1,,,0
2026-09-24T15:45:20,2026-09-24,T,HOLD,0,VWAP Trend,HIGH,5,27.97,nan,3.95,0.0,7.9,0.0,0.0,2026-10-05,1.76,2.58,57.1,2.44,45.16,-7.56,-9.87,11.0,7,2026-06-08 to 2026-09-22 (74 days),-1.0,46.9,nan,nan,nan,NEUTRAL,LOW,Last surprise: +10.2%; Earnings conf adj: +1,-1.0,-1.0,1.0,27,2026-10-21,10.17,1
2026-09-24T15:46:01,2026-09-24,WSO,HOLD,0,Composite Multi-Indicator,LOW,1,27.92,nan,2.0,0.0,3.0,0.0,0.0,2026-10-20,0.32,0.45,100.0,9.5,2.96,42.88,-4.23,26.0,1,2026-06-05 to 2026-09-21 (74 days),-1.0,51.4,nan,nan,nan,NEUTRAL,LOW,Last surprise: -8.9%; Earnings conf adj: -1,-1.0,-1.0,1.0,34,2026-10-28,-8.88,-1
2026-09-24T15:45:27,2026-09-24,TYL,HOLD,0,ADX Trend Following,HIGH,4,27.85,nan,4.62,0.0,9.24,0.0,0.0,2026-10-04,1.12,1.93,75.0,2.65,32.02,7.6,-11.55,10.8,4,2026-06-05 to 2026-09-21 (74 days),-1.0,43.6,nan,nan,nan,NEUTRAL,LOW,Last surprise: +0.3%,-1.0,-1.0,1.0,34,2026-10-28,0.33,0
2026-09-24T15:46:59,2026-09-24,BKH,HOLD,0,Composite Multi-Indicator,MEDIUM,3,27.85,nan,2.0,0.0,4.0,0.0,0.0,2026-10-04,0.46,0.79,100.0,8.26,2.53,3.16,-1.98,10.0,1,2026-06-05 to 2026-09-21 (74 days),-1.0,49.4,nan,nan,nan,NEUTRAL,LOW,Last surprise: +31.7%; Earnings conf adj: +1,-1.0,-1.0,1.0,41,2026-11-04,31.71,1
2026-09-24T15:44:17,2026-09-24,FOX,HOLD,0,Composite Multi-Indicator,HIGH,5,27.84,nan,4.49,0.0,8.98,0.0,0.0,2026-12-31,1.69,2.85,100.0,163.77,68.14,77.57,-11.23,98.0,1,2026-06-05 to 2026-09-21 (74 days),-1.0,48.1,nan,nan,nan,NEUTRAL,LOW,Last surprise: +31.6%; Earnings conf adj: +1,-1.0,-1.0,1.0,35,2026-10-29,31.62,1
2026-09-24T15:47:22,2026-09-24,PK,HOLD,0,52-Week High Momentum,HIGH,5,27.83,nan,3.19,0.0,6.38,0.0,0.0,2027-01-07,1.28,1.91,100.0,90.73,34.46,-3.27,-7.98,105.0,1,2026-06-05 to 2026-09-21 (74 days),-1.0,49.0,nan,nan,nan,NEUTRAL,LOW,Last surprise: +50.0%; Earnings conf adj: +1,-1.0,-1.0,1.0,41,2026-11-04,50.0,1
2026-09-24T15:45:45,2026-09-24,USFD,EXIT,-1,VWAP Trend,HIGH,5,27.8,nan,2.33,nan,4.66,nan,10.0,2026-09-27,2.98,8.4,71.4,6.03,66.42,21.45,-5.83,3.6,7,2026-06-05 to 2026-09-21 (74 days),-1.0,33.0,nan,nan,nan,NEUTRAL,LOW,Strong trend (ADX=65); Last surprise: +5.9%; Earnings conf adj: +1,-1.0,-1.0,1.0,42,2026-11-05,5.88,1
2026-09-24T15:43:30,2026-09-24,AKAM,HOLD,0,Stochastic Oscillator,MEDIUM,3,27.77,nan,6.4,0.0,9.6,0.0,0.0,2026-10-19,0.61,1.07,66.7,1.98,20.19,76.58,-16.0,25.3,3,2026-06-05 to 2026-09-21 (74 days),-1.0,59.6,nan,nan,nan,NEUTRAL,LOW,Strong trend (ADX=35); Last surprise: +0.6%,-1.0,-1.0,1.0,42,2026-11-05,0.63,0
2026-09-24T15:44:57,2026-09-24,NWSA,HOLD,0,MACD Crossover,MEDIUM,2,27.75,nan,3.76,0.0,7.52,0.0,0.0,2026-10-05,-0.27,-0.36,60.0,0.77,-6.83,-42.84,-9.41,11.0,5,2026-06-05 to 2026-09-21 (74 days),-1.0,49.1,nan,nan,nan,NEUTRAL,LOW,High volume; Last surprise: +52.2%; Earnings conf adj: +1,-1.0,-1.0,1.0,42,2026-11-05,52.17,1
2026-09-24T15:43:27,2026-09-24,ADI,HOLD,0,Composite Multi-Indicator,MEDIUM,3,27.74,nan,2.02,0.0,4.04,0.0,0.0,2026-10-27,0.63,0.92,100.0,28.22,9.7,23.75,-5.05,33.0,1,2026-06-05 to 2026-09-21 (74 days),-1.0,59.2,nan,nan,nan,NEUTRAL,LOW,Last surprise: +3.3%,-1.0,-1.0,1.0,61,2026-11-24,3.29,0
2026-09-24T15:44:38,2026-09-24,KO,HOLD,0,52-Week High Momentum,HIGH,4,27.7,nan,2.0,0.0,4.0,0.0,0.0,2027-01-07,1.72,3.01,100.0,107.95,41.91,-1.36,-4.83,105.0,1,2026-06-05 to 2026-09-21 (74 days),-1.0,46.5,nan,nan,nan,NEUTRAL,LOW,Last surprise: +4.3%,-1.0,-1.0,1.0,26,2026-10-20,4.3,0
2026-09-24T15:47:16,2026-09-24,LOPE,HOLD,0,Composite Multi-Indicator,HIGH,4,27.63,nan,2.8,0.0,5.6,0.0,0.0,2026-11-15,0.76,1.22,100.0,34.85,12.15,16.65,-7.01,52.0,1,2026-06-05 to 2026-09-21 (74 days),-1.0,50.6,nan,nan,nan,NEUTRAL,LOW,Last surprise: +8.4%; Earnings conf adj: +1,-1.0,-1.0,1.0,41,2026-11-04,8.38,1
2026-09-24T15:43:54,2026-09-24,COR,HOLD,0,Composite Multi-Indicator,HIGH,4,27.45,nan,3.37,0.0,6.74,0.0,0.0,2026-12-24,2.16,3.34,100.0,167.92,70.23,6.79,-8.43,91.0,1,2026-06-05 to 2026-09-21 (74 days),-1.0,47.3,nan,nan,nan,NEUTRAL,LOW,Last surprise: +3.2%,-1.0,-1.0,1.0,41,2026-11-04,3.23,0
2026-09-24T15:44:57,2026-09-24,NWS,HOLD,0,MACD Crossover,MEDIUM,2,27.36,nan,3.58,0.0,7.16,0.0,0.0,2026-10-07,0.37,0.52,75.0,1.41,5.9,-15.08,-8.95,13.8,4,2026-06-05 to 2026-09-21 (74 days),-1.0,45.3,nan,nan,nan,NEUTRAL,LOW,Last surprise: +52.2%; Earnings conf adj: +1,-1.0,-1.0,1.0,42,2026-11-05,52.17,1
2026-09-24T15:46:09,2026-09-24,WTS,HOLD,0,MACD Crossover,HIGH,4,27.36,nan,2.28,0.0,4.56,0.0,0.0,2026-10-10,0.86,1.61,100.0,31.24,10.43,-36.45,-5.69,16.0,1,2026-06-05 to 2026-09-21 (74 days),-1.0,42.1,nan,nan,nan,NEUTRAL,LOW,Strong trend (ADX=31); Last surprise: +9.6%; Earnings conf adj: +1,-1.0,-1.0,1.0,34,2026-10-28,9.58,1
2026-09-24T15:43:39,2026-09-24,BALL,HOLD,0,Stochastic Oscillator,HIGH,4,27.33,nan,2.0,0.0,3.0,0.0,0.0,2026-10-02,3.57,11.74,66.7,30.37,43.2,-10.17,-2.63,8.3,3,2026-06-05 to 2026-09-21 (74 days),-1.0,36.6,nan,nan,nan,NEUTRAL,LOW,Last surprise: +4.0%,-1.0,-1.0,1.0,40,2026-11-03,4.04,0
2026-09-24T15:46:24,2026-09-24,FCFS,HOLD,0,MACD Crossover,MEDIUM,3,27.24,nan,3.72,0.0,7.44,0.0,0.0,2026-10-09,0.73,1.3,66.7,2.86,18.33,31.3,-9.29,15.0,3,2026-06-05 to 2026-09-21 (74 days),-1.0,46.6,nan,nan,nan,NEUTRAL,LOW,Last surprise: +4.6%,-1.0,-1.0,1.0,28,2026-10-22,4.6,0
2026-09-24T15:44:46,2026-09-24,MET,HOLD,0,52-Week High Momentum,HIGH,5,27.23,nan,2.6,0.0,5.2,0.0,0.0,2027-01-07,2.27,3.76,100.0,151.39,62.05,-0.39,-6.49,105.0,1,2026-06-05 to 2026-09-21 (74 days),-1.0,51.2,nan,nan,nan,NEUTRAL,LOW,Last surprise: +6.1%; Earnings conf adj: +1,-1.0,-1.0,1.0,46,2026-11-09,6.11,1
2026-09-24T15:44:35,2026-09-24,JCI,HOLD,0,Stochastic Oscillator,HIGH,4,27.17,nan,2.35,0.0,3.53,0.0,0.0,2026-10-21,0.53,0.68,100.0,25.56,7.23,1.5,-5.88,27.0,1,2026-06-05 to 2026-09-21 (74 days),-1.0,53.9,nan,nan,nan,NEUTRAL,LOW,Last surprise: +9.2%; Earnings conf adj: +1,-1.0,-1.0,1.0,41,2026-11-04,9.23,1
2026-09-24T15:44:07,2026-09-24,EG,HOLD,0,Stochastic Oscillator,MEDIUM,2,27.15,nan,2.0,0.0,3.0,0.0,0.0,2026-10-16,0.24,0.38,100.0,18.6,1.53,-45.14,-3.07,22.0,1,2026-06-05 to 2026-09-21 (74 days),-1.0,45.9,nan,nan,nan,NEUTRAL,LOW,Last surprise: +2.2%,-1.0,-1.0,1.0,34,2026-10-28,2.2,0
2026-09-24T15:45:03,2026-09-24,PH,HOLD,0,VWAP Trend,HIGH,5,27.11,nan,2.0,0.0,4.0,0.0,0.0,2026-09-25,1.94,7.3,60.0,4.43,33.87,0.02,-2.36,1.8,10,2026-06-05 to 2026-09-21 (74 days),-1.0,47.7,nan,nan,nan,NEUTRAL,LOW,Strong trend (ADX=37); Last surprise: +12.1%; Earnings conf adj: +1,-1.0,-1.0,1.0,42,2026-11-05,12.09,1
2026-09-24T15:44:16,2026-09-24,FIX,HOLD,0,Stochastic Oscillator,MEDIUM,3,27.05,nan,2.76,0.0,4.14,0.0,0.0,2026-10-19,0.23,0.32,100.0,9.9,2.74,36.93,-6.91,25.0,1,2026-06-05 to 2026-09-21 (74 days),-1.0,50.1,nan,nan,nan,NEUTRAL,LOW,Last surprise: +19.8%; Earnings conf adj: +1,-1.0,-1.0,1.0,28,2026-10-22,19.79,1
2026-09-24T15:47:13,2026-09-24,NWE,HOLD,0,Stochastic Oscillator,MEDIUM,3,26.96,nan,2.12,0.0,3.18,0.0,0.0,2026-11-11,0.2,0.3,100.0,7.98,1.73,-1.68,-5.29,48.0,1,2026-06-05 to 2026-09-21 (74 days),-1.0,50.0,nan,nan,nan,NEUTRAL,LOW,Last surprise: +16.3%; Earnings conf adj: +1,-1.0,-1.0,1.0,34,2026-10-28,16.28,1
2026-09-24T15:46:39,2026-09-24,CHRD,HOLD,0,Composite Multi-Indicator,HIGH,4,26.94,nan,4.51,0.0,9.02,0.0,0.0,2026-11-08,1.04,1.6,100.0,69.93,25.8,9.93,-11.28,45.0,1,2026-06-05 to 2026-09-21 (74 days),-1.0,42.5,nan,nan,nan,NEUTRAL,LOW,Last surprise: -1.2%,-1.0,-1.0,1.0,40,2026-11-03,-1.23,0
2026-09-24T15:46:58,2026-09-24,ASB,HOLD,0,VWAP Trend,MEDIUM,3,26.94,nan,2.0,0.0,4.0,0.0,0.0,2026-09-27,1.36,2.36,66.7,2.9,13.32,-11.36,-2.29,3.2,9,2026-06-05 to 2026-09-21 (74 days),-1.0,36.7,nan,nan,nan,NEUTRAL,LOW,Strong trend (ADX=33); Last surprise: -12.5%; Earnings conf adj: -1,-1.0,-1.0,1.0,28,2026-10-22,-12.5,-1
2026-09-24T15:45:32,2026-09-24,VMRK,HOLD,0,VWAP Trend,LOW,1,26.9,nan,2.49,0.0,3.74,0.0,0.0,2026-09-26,-0.52,-0.65,66.7,0.89,-7.12,20.89,-6.23,2.2,12,2026-06-05 to 2026-09-21 (74 days),-1.0,32.2,nan,nan,nan,NEUTRAL,LOW,Strong trend (ADX=34),-1.0,-1.0,1.0,27,2026-10-21,,0
2026-09-24T15:44:32,2026-09-24,IQV,HOLD,0,52-Week High Momentum,MEDIUM,3,26.84,nan,4.43,0.0,8.86,0.0,0.0,2026-11-17,0.94,1.52,100.0,89.16,18.56,-260.53,-11.08,54.0,1,2026-06-05 to 2026-09-21 (74 days),-1.0,64.3,nan,nan,nan,NEUTRAL,LOW,Last surprise: +4.0%,-1.0,-1.0,1.0,40,2026-11-03,3.96,0
2026-09-24T15:46:37,2026-09-24,ATR,HOLD,0,VWAP Trend,HIGH,5,26.72,nan,2.0,0.0,4.0,0.0,0.0,2026-10-01,1.98,3.67,83.3,124.07,33.66,-2.02,-4.43,7.3,6,2026-06-05 to 2026-09-21 (74 days),-1.0,33.5,nan,nan,nan,NEUTRAL,LOW,Strong trend (ADX=33); Last surprise: +5.2%; Earnings conf adj: +1,-1.0,-1.0,1.0,35,2026-10-29,5.19,1
2026-09-24T15:47:16,2026-09-24,FCN,HOLD,0,MACD Crossover,MEDIUM,2,26.72,nan,3.96,0.0,7.92,0.0,0.0,2026-10-05,0.58,0.84,75.0,2.29,9.2,44.56,-9.9,11.0,4,2026-06-05 to 2026-09-21 (74 days),-1.0,31.3,nan,nan,nan,NEUTRAL,LOW,Strong trend (ADX=31); Last surprise: -11.9%; Earnings conf adj: -1,-1.0,-1.0,1.0,35,2026-10-29,-11.95,-1
2026-09-24T15:45:07,2026-09-24,PWR,HOLD,0,Multi-Factor Momentum MR,MEDIUM,3,26.68,nan,5.74,0.0,11.48,0.0,0.0,2026-10-08,0.34,0.77,100.0,20.47,6.49,30.2,-14.34,14.0,1,2026-06-05 to 2026-09-21 (74 days),-1.0,52.5,nan,nan,nan,NEUTRAL,LOW,Last surprise: +28.1%; Earnings conf adj: +1,-1.0,-1.0,1.0,35,2026-10-29,28.1,1
2026-09-24T15:45:29,2026-09-24,V,HOLD,0,52-Week High Momentum,HIGH,4,26.68,nan,2.0,0.0,4.0,0.0,0.0,2026-12-16,1.37,2.38,100.0,79.29,25.69,-34.12,-4.41,83.0,1,2026-06-05 to 2026-09-21 (74 days),-1.0,49.4,nan,nan,nan,NEUTRAL,LOW,Last surprise: +2.8%,-1.0,-1.0,1.0,33,2026-10-27,2.79,0
2026-09-24T15:44:30,2026-09-24,INCY,HOLD,0,Stochastic Oscillator,HIGH,4,26.67,nan,2.0,0.0,3.0,0.0,0.0,2026-09-30,0.63,1.28,100.0,22.9,4.45,-92.82,-2.43,6.0,1,2026-06-05 to 2026-09-21 (74 days),-1.0,51.1,nan,nan,nan,NEUTRAL,LOW,Last surprise: +43.7%; Earnings conf adj: +1,-1.0,-1.0,1.0,33,2026-10-27,43.72,1
2026-09-24T15:43:54,2026-09-24,CPAY,HOLD,0,PEAD Earnings Drift,HIGH,5,26.62,nan,3.84,0.0,7.68,0.0,0.0,2027-01-07,1.73,2.56,100.0,137.13,55.23,-3.51,-9.59,105.0,1,2026-06-05 to 2026-09-21 (74 days),-1.0,44.1,nan,nan,nan,NEUTRAL,LOW,Last surprise: +6.4%; Earnings conf adj: +1,-1.0,-1.0,1.0,41,2026-11-04,6.38,1
2026-09-24T15:43:27,2026-09-24,ACN,HOLD,0,MACD Crossover,HIGH,4,26.61,nan,2.28,0.0,4.56,0.0,0.0,2026-10-12,3.0,5.66,66.7,30.0,163.91,142.96,-5.71,18.3,3,2026-06-05 to 2026-09-21 (74 days),-1.0,53.4,nan,nan,nan,NEUTRAL,LOW,Last surprise: +2.4%,-1.0,-1.0,1.0,7,2026-10-01,2.43,0
2026-09-24T15:45:50,2026-09-24,ONTO,HOLD,0,MACD Crossover,HIGH,4,26.49,nan,10.0,0.0,20.0,0.0,0.0,2026-10-17,0.91,1.41,100.0,122.66,48.94,14.38,-26.19,23.0,2,2026-06-05 to 2026-09-21 (74 days),-1.0,51.0,nan,nan,nan,NEUTRAL,LOW,Last surprise: +14.2%; Earnings conf adj: +1,-1.0,-1.0,1.0,42,2026-11-05,14.2,1
2026-09-24T15:46:15,2026-09-24,CART,BUY,1,ADX Trend Following,MEDIUM,3,26.36,nan,2.24,nan,4.48,nan,10.0,2026-10-03,1.13,1.66,80.0,8.81,27.94,10.89,-5.59,9.6,5,2026-06-08 to 2026-09-22 (74 days),0.512,35.9,nan,nan,nan,NEUTRAL,LOW,High volume; Last surprise: -16.7%; Earnings conf adj: -1,-1.0,-1.0,1.0,46,2026-11-09,-16.67,-1
2026-09-24T15:46:21,2026-09-24,JEF,HOLD,0,Stochastic Oscillator,HIGH,4,26.24,nan,2.73,0.0,4.1,0.0,0.0,2026-10-06,1.66,2.98,66.7,57.29,40.18,79.43,-6.82,12.7,3,2026-06-05 to 2026-09-21 (74 days),-1.0,31.3,nan,nan,nan,NEUTRAL,LOW,Strong trend (ADX=49); Earnings in 4d (2026-09-28); Last surprise: -17.7%,-1.0,-1.0,1.0,4,2026-09-28,-17.74,0
2026-09-24T15:43:47,2026-09-24,CDW,HOLD,0,Composite Multi-Indicator,HIGH,4,26.18,nan,5.58,0.0,11.16,0.0,0.0,2026-12-30,1.12,1.71,100.0,129.83,51.82,10.33,-13.95,97.0,1,2026-06-05 to 2026-09-21 (74 days),-1.0,50.9,nan,nan,nan,NEUTRAL,LOW,Last surprise: +3.9%,-1.0,-1.0,1.0,40,2026-11-03,3.93,0
2026-09-24T15:43:51,2026-09-24,CMI,HOLD,0,VWAP Trend,MEDIUM,3,26.15,nan,2.0,0.0,4.0,0.0,0.0,2026-09-26,1.55,2.85,62.5,2.89,25.12,73.81,-3.77,2.9,8,2026-06-05 to 2026-09-21 (74 days),-1.0,33.6,nan,nan,nan,NEUTRAL,LOW,Strong trend (ADX=57); Last surprise: -6.1%; Earnings conf adj: -1,-1.0,-1.0,1.0,42,2026-11-05,-6.14,-1
2026-09-24T15:46:09,2026-09-24,BJ,HOLD,0,Stochastic Oscillator,MEDIUM,3,25.97,nan,2.01,0.0,3.01,0.0,0.0,2026-10-14,0.09,0.13,100.0,8.07,0.36,-12.16,-5.02,20.0,1,2026-06-05 to 2026-09-21 (74 days),-1.0,48.9,nan,nan,nan,NEUTRAL,LOW,Last surprise: +16.2%; Earnings conf adj: +1,-1.0,-1.0,1.0,57,2026-11-20,16.24,1
2026-09-24T15:46:38,2026-09-24,DBX,HOLD,0,Momentum (Rate of Change),HIGH,4,25.94,nan,2.86,0.0,5.72,0.0,0.0,2026-11-04,2.68,4.69,100.0,272.93,128.45,-24.55,-7.15,41.0,2,2026-06-05 to 2026-09-21 (74 days),-1.0,54.8,nan,nan,nan,NEUTRAL,LOW,Last surprise: +1.4%,-1.0,-1.0,1.0,42,2026-11-05,1.35,0
2026-09-24T15:47:00,2026-09-24,SHC,HOLD,0,Stochastic Oscillator,MEDIUM,3,25.76,nan,2.0,0.0,3.0,0.0,0.0,2026-10-04,0.45,0.77,100.0,16.96,3.08,-83.05,-3.36,10.0,1,2026-06-05 to 2026-09-21 (74 days),-1.0,49.3,nan,nan,nan,NEUTRAL,LOW,Last surprise: +8.3%; Earnings conf adj: +1,-1.0,-1.0,1.0,40,2026-11-03,8.33,1
2026-09-24T15:45:22,2026-09-24,TGT,HOLD,0,Composite Multi-Indicator,HIGH,5,25.72,nan,4.28,0.0,8.56,0.0,0.0,2026-12-24,2.42,4.11,100.0,224.01,100.11,-45.01,-10.69,91.0,1,2026-06-05 to 2026-09-21 (74 days),-1.0,51.2,nan,nan,nan,NEUTRAL,LOW,Last surprise: +75.6%; Earnings conf adj: +1,-1.0,-1.0,1.0,55,2026-11-18,75.64,1
2026-09-24T15:44:38,2026-09-24,KMI,HOLD,0,Composite Multi-Indicator,MEDIUM,2,25.18,nan,2.6,0.0,5.2,0.0,0.0,2026-12-16,0.08,0.12,100.0,0.45,-0.19,-3.9,-6.51,83.0,1,2026-06-05 to 2026-09-21 (74 days),-1.0,52.6,nan,nan,nan,NEUTRAL,LOW,Last surprise: +19.4%; Earnings conf adj: +1,-1.0,-1.0,1.0,34,2026-10-28,19.35,1
2026-09-24T15:45:22,2026-09-24,TFC,HOLD,-1,VWAP Trend,LOW,1,25.18,nan,3.34,nan,5.01,nan,0.0,2026-09-28,-0.54,-0.62,50.0,0.79,-9.09,-11.11,-8.36,4.3,6,2026-06-05 to 2026-09-21 (74 days),-1.0,40.7,nan,nan,nan,NEUTRAL,LOW,Last surprise: +13.9%; Earnings conf adj: +1,-1.0,-1.0,1.0,22,2026-10-16,13.89,1
2026-09-24T15:46:33,2026-09-24,WAL,HOLD,0,Stochastic Oscillator,MEDIUM,2,25.14,nan,2.0,0.0,3.0,0.0,0.0,2026-10-22,0.02,0.04,100.0,2.32,-0.24,4.41,-3.95,28.0,1,2026-06-05 to 2026-09-21 (74 days),-1.0,45.5,nan,nan,nan,NEUTRAL,LOW,Strong trend (ADX=32); Last surprise: -3.0%,-1.0,-1.0,1.0,27,2026-10-21,-2.98,0
2026-09-24T15:43:26,2026-09-24,ABNB,HOLD,0,52-Week High Momentum,HIGH,5,24.94,nan,5.08,0.0,10.16,0.0,0.0,2026-12-18,1.5,3.36,100.0,191.9,75.76,-39.9,-12.7,85.0,1,2026-06-05 to 2026-09-21 (74 days),-1.0,41.4,nan,nan,nan,NEUTRAL,LOW,High volume; Strong trend (ADX=33); Last surprise: +9.6%; Earnings conf adj: +1,-1.0,-1.0,1.0,42,2026-11-05,9.6,1
2026-09-24T15:47:25,2026-09-24,HOG,HOLD,0,MACD Crossover,HIGH,4,24.92,nan,5.14,0.0,10.28,0.0,0.0,2026-10-09,0.75,1.23,66.7,2.02,19.07,-13.84,-12.86,15.3,3,2026-06-05 to 2026-09-21 (74 days),-1.0,44.5,nan,nan,nan,NEUTRAL,LOW,Last surprise: +17.2%; Earnings conf adj: +1,-1.0,-1.0,1.0,41,2026-11-04,17.19,1
2026-09-24T15:45:07,2026-09-24,PSKY,HOLD,0,EMA Crossover (9/21),HIGH,4,24.77,nan,4.42,0.0,8.84,0.0,0.0,2026-11-04,1.02,1.4,100.0,68.13,25.1,31.1,-11.04,41.0,1,2026-06-08 to 2026-09-22 (74 days),-1.0,46.4,nan,nan,nan,NEUTRAL,LOW,High volume; Last surprise: +0.0%,-1.0,-1.0,1.0,46,2026-11-09,0.0,0
2026-09-24T15:46:24,2026-09-24,AMG,HOLD,0,Stochastic Oscillator,MEDIUM,2,24.75,nan,3.02,0.0,4.53,0.0,0.0,2026-10-22,0.19,0.3,100.0,14.94,1.68,-29.89,-7.56,28.0,1,2026-06-05 to 2026-09-21 (74 days),-1.0,54.4,nan,nan,nan,NEUTRAL,LOW,Strong trend (ADX=31); Last surprise: +4.7%,-1.0,-1.0,1.0,39,2026-11-02,4.67,0
2026-09-24T15:47:17,2026-09-24,NVST,HOLD,0,PEAD Earnings Drift,HIGH,5,24.68,nan,2.74,0.0,5.48,0.0,0.0,2026-11-20,2.35,3.94,100.0,163.29,67.91,62.89,-6.84,57.0,1,2026-06-05 to 2026-09-21 (74 days),-1.0,26.9,nan,nan,nan,NEUTRAL,LOW,RSI oversold; Strong trend (ADX=46); Last surprise: +20.6%; Earnings conf adj: +1,-1.0,-1.0,1.0,34,2026-10-28,20.59,1
2026-09-24T15:45:14,2026-09-24,SLB,HOLD,0,PEAD Earnings Drift,HIGH,4,24.67,nan,5.8,0.0,11.6,0.0,0.0,2026-11-17,0.88,1.37,100.0,61.67,22.08,38.85,-14.5,54.0,1,2026-06-05 to 2026-09-21 (74 days),-1.0,41.9,nan,nan,nan,NEUTRAL,LOW,Strong trend (ADX=33); Last surprise: +5.8%; Earnings conf adj: +1,-1.0,-1.0,1.0,29,2026-10-23,5.77,1
2026-09-24T15:47:03,2026-09-24,CNO,HOLD,0,Stochastic Oscillator,MEDIUM,3,24.58,nan,2.0,0.0,3.0,0.0,0.0,2026-10-22,-0.1,-0.13,100.0,5.26,-1.3,-60.13,-3.92,28.0,1,2026-06-05 to 2026-09-21 (74 days),-1.0,46.5,nan,nan,nan,NEUTRAL,LOW,Last surprise: +29.9%; Earnings conf adj: +1,-1.0,-1.0,1.0,39,2026-11-02,29.9,1
2026-09-24T15:45:24,2026-09-24,TRMB,HOLD,0,Composite Multi-Indicator,HIGH,4,24.56,nan,3.59,0.0,7.18,0.0,0.0,2027-01-07,0.92,1.44,100.0,75.82,28.22,3.66,-8.97,105.0,1,2026-06-05 to 2026-09-21 (74 days),-1.0,48.2,nan,nan,nan,NEUTRAL,LOW,Last surprise: +7.5%; Earnings conf adj: +1,-1.0,-1.0,1.0,41,2026-11-04,7.5,1
2026-09-24T15:43:40,2026-09-24,BDX,HOLD,0,Stochastic Oscillator,MEDIUM,2,24.49,nan,2.0,0.0,3.0,0.0,0.0,2026-10-05,0.31,0.56,100.0,23.26,2.08,-91.54,-2.9,11.0,1,2026-06-05 to 2026-09-21 (74 days),-1.0,50.4,nan,nan,nan,NEUTRAL,LOW,Last surprise: +2.9%,-1.0,-1.0,1.0,42,2026-11-05,2.87,0
2026-09-24T15:44:07,2026-09-24,EL,EXIT,-1,SMA Crossover (10/50),HIGH,4,24.27,nan,4.69,nan,9.38,nan,10.0,2026-11-08,0.99,2.74,100.0,93.14,35.03,-30.82,-11.73,45.0,1,2026-06-05 to 2026-09-21 (74 days),-1.0,50.8,nan,nan,nan,NEUTRAL,LOW,Last surprise: +21.9%; Earnings conf adj: +1,-1.0,-1.0,1.0,39,2026-11-02,21.88,1
2026-09-24T15:45:54,2026-09-24,VNOM,HOLD,-1,ADX Trend Following,LOW,1,24.12,nan,3.73,nan,5.6,nan,0.0,2026-11-03,0.1,0.13,100.0,2.85,0.29,21.72,-9.32,40.0,1,2026-06-05 to 2026-09-21 (74 days),-1.0,37.7,nan,nan,nan,NEUTRAL,LOW,Strong trend (ADX=33); Last surprise: -5.0%; Earnings conf adj: -1,-1.0,-1.0,1.0,39,2026-11-02,-5.0,-1
2026-09-24T15:46:50,2026-09-24,SWX,BUY,1,ADX Trend Following,HIGH,4,24.02,nan,2.0,nan,4.0,nan,10.0,2026-10-08,1.11,1.84,66.7,4.95,12.24,25.13,-3.17,14.0,3,2026-06-05 to 2026-09-21 (74 days),0.31,30.9,nan,nan,nan,NEUTRAL,LOW,Strong trend (ADX=33); Last surprise: +2.3%,-1.0,-1.0,1.0,41,2026-11-04,2.27,0
2026-09-24T15:46:25,2026-09-24,HLI,HOLD,0,VWAP Trend,MEDIUM,2,23.87,nan,3.12,0.0,6.24,0.0,0.0,2026-09-29,1.15,1.8,46.2,1.6,33.38,47.35,-7.81,5.8,13,2026-06-05 to 2026-09-21 (74 days),-1.0,49.8,nan,nan,nan,NEUTRAL,LOW,Last surprise: -17.7%; Earnings conf adj: -1,-1.0,-1.0,1.0,35,2026-10-29,-17.68,-1
2026-09-24T15:43:35,2026-09-24,APP,HOLD,1,ADX Trend Following,LOW,0,23.83,nan,7.53,nan,11.3,nan,0.0,2026-10-02,-1.07,-1.19,50.0,0.53,-28.51,55.07,-18.82,8.5,2,2026-06-05 to 2026-09-21 (74 days),-1.0,50.2,nan,nan,nan,NEUTRAL,LOW,Last surprise: +0.5%,-1.0,-1.0,1.0,41,2026-11-04,0.53,0
2026-09-24T15:43:28,2026-09-24,ADP,HOLD,0,Stochastic Oscillator,MEDIUM,2,23.8,nan,2.0,0.0,3.0,0.0,0.0,2026-10-04,-0.6,-1.39,100.0,5.26,-3.98,-81.11,-2.52,10.0,1,2026-06-05 to 2026-09-21 (74 days),-1.0,47.8,nan,nan,nan,NEUTRAL,LOW,Last surprise: +1.5%,-1.0,-1.0,1.0,34,2026-10-28,1.54,0
2026-09-24T15:44:42,2026-09-24,LRCX,HOLD,0,Stochastic Oscillator,MEDIUM,3,23.76,nan,10.0,0.0,15.0,0.0,0.0,2026-10-23,0.5,0.85,100.0,40.85,13.76,27.19,-28.55,29.0,2,2026-06-08 to 2026-09-22 (74 days),-1.0,54.6,nan,nan,nan,NEUTRAL,LOW,Last surprise: +8.3%; Earnings conf adj: +1,-1.0,-1.0,1.0,27,2026-10-21,8.33,1
2026-09-24T15:45:23,2026-09-24,TPL,HOLD,0,Stochastic Oscillator,MEDIUM,2,23.64,nan,8.86,0.0,13.29,0.0,0.0,2026-12-28,0.47,0.66,100.0,33.58,11.69,30.17,-22.16,95.0,1,2026-06-05 to 2026-09-21 (74 days),-1.0,49.7,nan,nan,nan,NEUTRAL,LOW,Last surprise: +2.3%,-1.0,-1.0,1.0,41,2026-11-04,2.29,0
2026-09-24T15:47:11,2026-09-24,UFPI,HOLD,0,VWAP Trend,LOW,1,23.53,nan,5.81,0.0,8.72,0.0,0.0,2026-10-09,-1.27,-1.76,80.0,0.37,-29.14,-31.37,-14.53,15.6,5,2026-06-05 to 2026-09-21 (74 days),-1.0,39.0,nan,nan,nan,NEUTRAL,LOW,Last surprise: +5.0%,-1.0,-1.0,1.0,32,2026-10-26,4.96,0
2026-09-24T15:46:49,2026-09-24,UBSI,HOLD,0,EMA Crossover (9/21),MEDIUM,2,23.45,nan,2.0,0.0,4.0,0.0,0.0,2026-09-25,-1.19,-1.43,100.0,0.91,-0.37,-32.02,-0.2,1.0,1,2026-06-05 to 2026-09-21 (74 days),-1.0,44.8,nan,nan,nan,NEUTRAL,LOW,Last surprise: +6.7%; Earnings conf adj: +1,-1.0,-1.0,1.0,28,2026-10-22,6.74,1
2026-09-24T15:45:32,2026-09-24,VRTX,HOLD,0,MACD Crossover,MEDIUM,2,23.31,nan,2.12,0.0,4.24,0.0,0.0,2026-10-23,0.22,0.33,100.0,8.52,2.25,-56.37,-5.31,29.0,1,2026-06-05 to 2026-09-21 (74 days),-1.0,42.9,nan,nan,nan,NEUTRAL,LOW,Strong trend (ADX=41); Last surprise: -0.4%,-1.0,-1.0,1.0,39,2026-11-02,-0.42,0
2026-09-24T15:43:54,2026-09-24,COP,HOLD,0,MACD Crossover,HIGH,5,23.3,nan,2.05,0.0,4.1,0.0,0.0,2026-10-12,2.32,3.8,66.7,8.72,51.18,13.97,-5.12,18.3,3,2026-06-05 to 2026-09-21 (74 days),-1.0,43.2,nan,nan,nan,NEUTRAL,LOW,Last surprise: +10.6%; Earnings conf adj: +1,-1.0,-1.0,1.0,42,2026-11-05,10.58,1
2026-09-24T15:43:30,2026-09-24,AIZ,HOLD,0,Stochastic Oscillator,MEDIUM,3,23.23,nan,2.0,0.0,3.0,0.0,0.0,2026-10-16,-0.49,-0.72,100.0,1.73,-3.82,-36.29,-2.43,22.0,1,2026-06-05 to 2026-09-21 (74 days),-1.0,42.2,nan,nan,nan,NEUTRAL,LOW,High volume; Last surprise: +23.7%; Earnings conf adj: +1,-1.0,-1.0,1.0,40,2026-11-03,23.75,1
2026-09-24T15:44:55,2026-09-24,NOW,HOLD,0,ADX Trend Following,HIGH,4,23.09,nan,4.56,0.0,9.12,0.0,0.0,2026-10-05,1.83,3.52,80.0,10.65,91.71,4.2,-11.41,11.4,5,2026-06-08 to 2026-09-22 (74 days),-1.0,54.2,nan,nan,nan,NEUTRAL,LOW,Last surprise: +4.7%,-1.0,-1.0,1.0,34,2026-10-28,4.65,0
2026-09-24T15:43:53,2026-09-24,COO,HOLD,0,MACD Crossover,MEDIUM,3,22.89,nan,2.0,0.0,4.0,0.0,0.0,2026-10-11,0.77,1.28,100.0,19.48,6.15,59.12,-2.24,17.0,1,2026-06-05 to 2026-09-21 (74 days),-1.0,24.1,nan,nan,nan,NEUTRAL,LOW,RSI oversold; Strong trend (ADX=74); Last surprise: +2.7%,-1.0,-1.0,1.0,-15,2026-09-09,2.68,0
2026-09-24T15:46:56,2026-09-24,G,HOLD,0,Composite Multi-Indicator,MEDIUM,2,22.85,nan,4.04,0.0,8.08,0.0,0.0,2026-11-05,0.13,0.2,100.0,2.95,0.67,-20.23,-10.11,42.0,1,2026-06-05 to 2026-09-21 (74 days),-1.0,42.1,nan,nan,nan,NEUTRAL,LOW,Last surprise: +3.1%,-1.0,-1.0,1.0,42,2026-11-05,3.09,0
2026-09-24T15:44:04,2026-09-24,DRI,HOLD,1,SMA Crossover (10/50),LOW,0,22.84,nan,3.68,nan,5.52,nan,0.0,2026-11-10,0.25,0.35,100.0,10.78,3.06,-25.38,-9.2,47.0,1,2026-06-05 to 2026-09-21 (74 days),-1.0,48.4,nan,nan,nan,NEUTRAL,LOW,High volume; EARNINGS TODAY (2026-09-24); Last surprise: +0.5%; Earnings conf adj: -3,-1.0,-1.0,1.0,0,2026-09-24,0.55,-3
2026-09-24T15:44:50,2026-09-24,MRVL,EXIT,-1,SMA Crossover (10/50),MEDIUM,3,22.82,nan,5.86,nan,11.72,nan,10.0,2026-10-20,0.98,1.35,100.0,85.6,31.84,60.03,-14.65,26.0,1,2026-06-08 to 2026-09-22 (74 days),-1.0,64.0,nan,nan,nan,NEUTRAL,LOW,Last surprise: +1.1%,-1.0,-1.0,1.0,68,2026-12-01,1.08,0
2026-09-24T15:43:38,2026-09-24,AXP,HOLD,0,VWAP Trend,MEDIUM,2,22.32,nan,2.0,0.0,4.0,0.0,0.0,2026-09-27,0.66,1.74,50.0,1.91,3.74,-0.53,-2.07,3.5,4,2026-06-05 to 2026-09-21 (74 days),-1.0,34.7,nan,nan,nan,NEUTRAL,LOW,Strong trend (ADX=34); Last surprise: +3.0%,-1.0,-1.0,1.0,29,2026-10-23,2.95,0
2026-09-24T15:43:37,2026-09-24,AVY,HOLD,0,VWAP Trend,HIGH,4,22.22,nan,3.14,0.0,6.28,0.0,0.0,2026-10-02,0.9,1.49,62.5,2.1,18.8,-19.08,-7.86,8.6,8,2026-06-05 to 2026-09-21 (74 days),-1.0,44.2,nan,nan,nan,NEUTRAL,LOW,Last surprise: +17.0%; Earnings conf adj: +1,-1.0,-1.0,1.0,27,2026-10-21,17.0,1
2026-09-24T15:45:50,2026-09-24,LSCC,EXIT,-1,VWAP Trend,MEDIUM,3,22.16,nan,4.32,nan,8.64,nan,10.0,2026-09-25,0.66,1.14,55.6,1.5,14.76,54.2,-10.8,1.4,9,2026-06-05 to 2026-09-21 (74 days),-1.0,51.1,nan,nan,nan,NEUTRAL,LOW,Last surprise: +17.8%; Earnings conf adj: +1,-1.0,-1.0,1.0,39,2026-11-02,17.78,1
2026-09-24T15:45:08,2026-09-24,PYPL,HOLD,0,Composite Multi-Indicator,MEDIUM,3,22.15,nan,3.18,0.0,6.36,0.0,0.0,2026-10-16,-0.04,-0.06,100.0,5.75,-1.8,-139.47,-7.96,22.0,1,2026-06-08 to 2026-09-22 (74 days),-1.0,41.9,nan,nan,nan,NEUTRAL,LOW,Strong trend (ADX=31); Last surprise: +7.8%; Earnings conf adj: +1,-1.0,-1.0,1.0,33,2026-10-27,7.81,1
2026-09-24T15:47:11,2026-09-24,BCO,HOLD,0,ADX Trend Following,LOW,1,22.13,nan,4.15,0.0,6.22,0.0,0.0,2026-10-06,-0.23,-0.35,66.7,0.6,-6.35,-29.52,-10.38,12.3,3,2026-06-05 to 2026-09-21 (74 days),-1.0,44.5,nan,nan,nan,NEUTRAL,LOW,Last surprise: +4.4%,-1.0,-1.0,1.0,41,2026-11-04,4.41,0
2026-09-24T15:43:57,2026-09-24,CTVA,HOLD,0,Stochastic Oscillator,HIGH,4,22.04,nan,2.0,0.0,3.0,0.0,0.0,2026-10-07,2.46,4.5,66.7,5.2,33.76,23.32,-4.66,13.3,3,2026-06-05 to 2026-09-21 (74 days),-1.0,38.7,nan,nan,nan,NEUTRAL,LOW,Strong trend (ADX=30); Last surprise: +3.1%,-1.0,-1.0,1.0,40,2026-11-03,3.14,0
2026-09-24T15:45:18,2026-09-24,SW,HOLD,0,Stochastic Oscillator,LOW,1,21.92,nan,3.17,0.0,4.76,0.0,0.0,2026-10-12,-0.11,-0.13,100.0,2.31,-2.61,-46.02,-7.92,18.0,1,2026-06-05 to 2026-09-21 (74 days),-1.0,49.5,nan,nan,nan,NEUTRAL,LOW,Last surprise: -16.7%; Earnings conf adj: -1,-1.0,-1.0,1.0,34,2026-10-28,-16.67,-1
2026-09-24T15:43:44,2026-09-24,C,HOLD,0,Stochastic Oscillator,MEDIUM,2,21.75,nan,4.1,0.0,6.15,0.0,0.0,2026-10-21,0.4,0.55,50.0,2.46,6.28,-2.49,-10.24,27.5,2,2026-06-05 to 2026-09-21 (74 days),-1.0,50.4,nan,nan,nan,NEUTRAL,LOW,Last surprise: +15.9%; Earnings conf adj: +1,-1.0,-1.0,1.0,19,2026-10-13,15.87,1
2026-09-24T15:47:38,2026-09-24,XLU,HOLD,0,VWAP Trend,LOW,0,21.61,nan,2.0,0.0,3.0,0.0,0.0,2026-09-27,-2.22,-2.57,50.0,0.46,-9.89,12.43,-4.53,3.0,6,2026-06-05 to 2026-09-21 (74 days),-1.0,30.4,nan,nan,nan,NEUTRAL,LOW,Strong trend (ADX=36),-1.0,-1.0,1.0,-1,,,0
2026-09-24T15:44:39,2026-09-24,LDOS,EXIT,-1,SMA Crossover (10/50),MEDIUM,3,21.6,nan,4.98,nan,9.96,nan,10.0,2026-11-10,0.3,0.45,100.0,13.16,4.25,-9.32,-12.44,47.0,1,2026-06-05 to 2026-09-21 (74 days),-1.0,44.7,nan,nan,nan,NEUTRAL,LOW,Last surprise: +12.0%; Earnings conf adj: +1,-1.0,-1.0,1.0,40,2026-11-03,12.03,1
2026-09-24T15:46:45,2026-09-24,BROS,HOLD,0,PEAD Earnings Drift,HIGH,4,21.42,nan,5.16,0.0,10.32,0.0,0.0,2026-11-19,0.99,1.78,100.0,88.42,33.48,103.54,-12.89,56.0,1,2026-06-05 to 2026-09-21 (74 days),-1.0,22.6,nan,nan,nan,NEUTRAL,LOW,RSI oversold; Strong trend (ADX=61); Last surprise: +10.0%; Earnings conf adj: +1,-1.0,-1.0,1.0,41,2026-11-04,10.0,1
2026-09-24T15:46:52,2026-09-24,MTG,HOLD,0,VWAP Trend,HIGH,5,21.31,nan,2.0,0.0,4.0,0.0,0.0,2026-09-27,3.53,9.55,71.4,7.81,36.19,-31.14,-1.39,3.9,7,2026-06-05 to 2026-09-21 (74 days),-1.0,36.4,nan,nan,nan,NEUTRAL,LOW,Strong trend (ADX=39); Last surprise: +14.5%; Earnings conf adj: +1,-1.0,-1.0,1.0,34,2026-10-28,14.47,1
2026-09-24T15:44:24,2026-09-24,HBAN,HOLD,0,VWAP Trend,LOW,0,21.04,nan,3.94,0.0,5.91,0.0,0.0,2026-09-26,-1.26,-1.49,44.4,0.68,-16.37,-12.76,-9.84,2.2,9,2026-06-05 to 2026-09-21 (74 days),-1.0,38.7,nan,nan,nan,NEUTRAL,LOW,Strong trend (ADX=43); Last surprise: +0.0%,-1.0,-1.0,1.0,28,2026-10-22,0.0,0
2026-09-24T15:45:06,2026-09-24,PRU,HOLD,0,VWAP Trend,LOW,1,20.82,nan,2.08,0.0,3.12,0.0,0.0,2026-09-25,-1.02,-1.39,45.5,0.8,-7.03,-67.12,-5.2,1.7,11,2026-06-05 to 2026-09-21 (74 days),-1.0,48.0,nan,nan,nan,NEUTRAL,LOW,Last surprise: +15.9%; Earnings conf adj: +1,-1.0,-1.0,1.0,34,2026-10-28,15.91,1
2026-09-24T15:46:11,2026-09-24,NYT,HOLD,0,Stochastic Oscillator,LOW,0,20.81,nan,7.28,0.0,10.92,0.0,0.0,2026-10-23,0.1,0.11,50.0,1.0,-2.47,31.43,-18.21,29.0,2,2026-06-08 to 2026-09-22 (74 days),-1.0,40.2,nan,nan,nan,NEUTRAL,LOW,High volume; Strong trend (ADX=32); Last surprise: +3.0%,-1.0,-1.0,1.0,41,2026-11-04,2.99,0
2026-09-24T15:44:13,2026-09-24,FCX,EXIT,-1,SMA Crossover (10/50),HIGH,4,20.79,nan,5.34,nan,10.68,nan,10.0,2026-11-08,0.53,0.81,100.0,35.48,12.0,-45.9,-13.35,45.0,1,2026-06-05 to 2026-09-21 (74 days),-1.0,52.0,nan,nan,nan,NEUTRAL,LOW,Last surprise: +19.4%; Earnings conf adj: +1,-1.0,-1.0,1.0,28,2026-10-22,19.35,1
2026-09-24T15:45:40,2026-09-24,TWLO,EXIT,-1,SMA Crossover (10/50),HIGH,4,20.72,nan,4.74,nan,9.48,nan,10.0,2026-11-03,0.94,1.67,100.0,77.83,28.64,-47.04,-11.84,40.0,1,2026-06-05 to 2026-09-21 (74 days),-1.0,68.4,nan,nan,nan,NEUTRAL,LOW,High volume; Strong trend (ADX=30); Last surprise: +11.4%; Earnings conf adj: +1,-1.0,-1.0,1.0,35,2026-10-29,11.36,1
2026-09-24T15:45:30,2026-09-24,VEEV,HOLD,0,VWAP Trend,HIGH,5,20.07,nan,3.91,0.0,7.82,0.0,0.0,2026-10-02,2.46,4.52,62.5,3.37,119.97,-198.52,-9.77,8.4,8,2026-06-05 to 2026-09-21 (74 days),-1.0,54.5,nan,nan,nan,NEUTRAL,LOW,Last surprise: +5.9%; Earnings conf adj: +1,-1.0,-1.0,1.0,62,2026-11-25,5.86,1
2026-09-24T15:43:42,2026-09-24,BKR,HOLD,0,VWAP Trend,HIGH,4,19.95,nan,2.0,0.0,4.0,0.0,0.0,2026-09-26,1.46,2.63,50.0,2.06,24.36,47.28,-4.73,2.7,10,2026-06-05 to 2026-09-21 (74 days),-1.0,37.9,nan,nan,nan,NEUTRAL,LOW,Strong trend (ADX=34); Last surprise: +30.6%; Earnings conf adj: +1,-1.0,-1.0,1.0,28,2026-10-22,30.61,1
2026-09-24T15:43:49,2026-09-24,CHRW,HOLD,0,MACD Crossover,LOW,1,19.91,nan,6.75,0.0,10.12,0.0,0.0,2026-10-20,0.11,0.14,50.0,1.09,-0.81,45.79,-16.87,26.0,2,2026-06-05 to 2026-09-21 (74 days),-1.0,49.7,nan,nan,nan,NEUTRAL,LOW,Last surprise: +5.9%; Earnings conf adj: +1,-1.0,-1.0,1.0,34,2026-10-28,5.92,1
2026-09-24T15:44:27,2026-09-24,HST,HOLD,0,VWAP Trend,MEDIUM,3,19.81,nan,2.0,0.0,4.0,0.0,0.0,2026-09-26,0.75,1.16,58.3,1.63,8.0,26.96,-4.86,2.3,12,2026-06-05 to 2026-09-21 (74 days),-1.0,47.7,nan,nan,nan,NEUTRAL,LOW,Last surprise: +2.9%,-1.0,-1.0,1.0,41,2026-11-04,2.94,0
2026-09-24T15:46:20,2026-09-24,KRYS,HOLD,0,MACD Crossover,MEDIUM,2,19.67,nan,5.56,0.0,11.12,0.0,0.0,2026-10-13,0.77,1.1,66.7,1.79,19.15,-23.83,-13.91,19.0,3,2026-06-05 to 2026-09-21 (74 days),-1.0,41.3,nan,nan,nan,NEUTRAL,LOW,Last surprise: -6.3%; Earnings conf adj: -1,-1.0,-1.0,1.0,39,2026-11-02,-6.28,-1
2026-09-24T15:45:12,2026-09-24,RTX,HOLD,0,VWAP Trend,HIGH,4,19.63,nan,2.0,0.0,4.0,0.0,0.0,2026-09-26,0.95,1.7,80.0,28.72,8.11,-21.21,-2.13,2.8,5,2026-06-05 to 2026-09-21 (74 days),-1.0,32.0,nan,nan,nan,NEUTRAL,LOW,Strong trend (ADX=55); Last surprise: +13.9%; Earnings conf adj: +1,-1.0,-1.0,1.0,26,2026-10-20,13.86,1
2026-09-24T15:45:23,2026-09-24,TKO,HOLD,0,MACD Crossover,MEDIUM,2,19.3,nan,3.8,0.0,7.6,0.0,0.0,2026-10-08,-1.12,-1.44,66.7,0.16,-23.36,-6.14,-9.49,14.0,3,2026-06-05 to 2026-09-21 (74 days),-1.0,52.0,nan,nan,nan,NEUTRAL,LOW,Last surprise: +22.9%; Earnings conf adj: +1,-1.0,-1.0,1.0,41,2026-11-04,22.94,1
2026-09-24T15:43:59,2026-09-24,DD,HOLD,0,PEAD Earnings Drift,MEDIUM,3,19.27,nan,3.56,0.0,7.12,0.0,0.0,2026-11-20,0.31,0.45,100.0,12.9,4.16,27.04,-8.9,57.0,1,2026-06-05 to 2026-09-21 (74 days),-1.0,43.2,nan,nan,nan,NEUTRAL,LOW,Strong trend (ADX=30); Last surprise: +6.8%; Earnings conf adj: +1,-1.0,-1.0,1.0,42,2026-11-05,6.82,1
2026-09-24T15:44:14,2026-09-24,FDXF,HOLD,0,VWAP Trend,LOW,1,19.18,nan,4.8,0.0,7.2,0.0,0.0,2026-10-02,0.1,0.16,66.7,1.1,-1.91,75.26,-12.01,8.7,3,2026-08-04 to 2026-09-21 (34 days),-1.0,31.5,nan,nan,nan,NEUTRAL,LOW,Strong trend (ADX=35),-1.0,-1.0,1.0,34,2026-10-28,,0
2026-09-24T15:47:12,2026-09-24,FHI,HOLD,0,Composite Multi-Indicator,HIGH,5,19.13,nan,2.0,0.0,4.0,0.0,0.0,2026-10-17,1.09,1.74,100.0,23.14,7.83,-1.56,-2.63,23.0,1,2026-06-05 to 2026-09-21 (74 days),-1.0,38.6,nan,nan,nan,NEUTRAL,LOW,Strong trend (ADX=54); Last surprise: +16.0%; Earnings conf adj: +1,-1.0,-1.0,1.0,35,2026-10-29,15.97,1
2026-09-24T15:43:37,2026-09-24,AVGO,HOLD,0,VWAP Trend,LOW,1,19.01,nan,2.55,0.0,3.82,0.0,0.0,2026-09-26,-1.23,-1.49,57.1,0.52,-13.01,11.35,-6.37,2.0,7,2026-06-08 to 2026-09-22 (74 days),-1.0,50.1,nan,nan,nan,NEUTRAL,LOW,Last surprise: +1.7%,-1.0,-1.0,1.0,76,2026-12-09,1.67,0
2026-09-24T15:45:20,2026-09-24,SYY,HOLD,0,ADX Trend Following,MEDIUM,3,19.01,nan,2.0,0.0,4.0,0.0,0.0,2026-10-08,1.4,2.23,50.0,5.67,21.07,8.51,-4.83,14.5,4,2026-06-05 to 2026-09-21 (74 days),-1.0,36.5,nan,nan,nan,NEUTRAL,LOW,Last surprise: +1.3%,-1.0,-1.0,1.0,40,2026-11-03,1.32,0
2026-09-24T15:44:03,2026-09-24,DOC,EXIT,-1,Multi-Factor Momentum MR,HIGH,5,18.98,nan,4.31,nan,8.62,nan,10.0,2027-01-07,1.12,1.66,100.0,67.63,24.89,-0.42,-10.77,105.0,1,2026-06-05 to 2026-09-21 (74 days),-1.0,50.9,nan,nan,nan,NEUTRAL,LOW,High volume; Last surprise: +166.7%; Earnings conf adj: +1,-1.0,-1.0,1.0,28,2026-10-22,166.67,1
2026-09-24T15:44:21,2026-09-24,GLW,HOLD,0,Stochastic Oscillator,HIGH,4,18.96,nan,10.0,0.0,15.0,0.0,0.0,2026-10-19,1.32,2.07,66.7,2.83,107.26,149.48,-35.14,25.3,3,2026-06-08 to 2026-09-22 (74 days),-1.0,53.9,nan,nan,nan,NEUTRAL,LOW,Last surprise: +4.0%,-1.0,-1.0,1.0,33,2026-10-27,4.0,0
2026-09-24T15:45:57,2026-09-24,WMG,HOLD,0,Stochastic Oscillator,MEDIUM,2,18.93,nan,4.99,0.0,7.48,0.0,0.0,2026-10-21,0.42,0.61,50.0,1.74,7.15,28.73,-12.48,27.0,2,2026-06-05 to 2026-09-21 (74 days),-1.0,48.1,nan,nan,nan,NEUTRAL,LOW,Strong trend (ADX=31); Last surprise: +30.8%; Earnings conf adj: +1,-1.0,-1.0,1.0,56,2026-11-19,30.77,1
2026-09-24T15:47:12,2026-09-24,TREX,HOLD,0,VWAP Trend,LOW,0,18.93,nan,3.76,0.0,5.64,0.0,0.0,2026-09-27,0.04,0.06,36.4,1.15,-1.11,-32.36,-9.41,3.1,11,2026-06-05 to 2026-09-21 (74 days),-1.0,39.6,nan,nan,nan,NEUTRAL,LOW,Strong trend (ADX=31); Last surprise: -1.6%,-1.0,-1.0,1.0,41,2026-11-04,-1.59,0
2026-09-24T15:45:12,2026-09-24,SBAC,HOLD,1,ADX Trend Following,LOW,0,18.92,nan,2.9,nan,4.35,nan,0.0,2026-10-22,-0.84,-1.16,50.0,0.03,-17.34,24.84,-7.25,28.0,2,2026-06-05 to 2026-09-21 (74 days),-1.0,38.5,nan,nan,nan,NEUTRAL,LOW,Last surprise: -1.1%,-1.0,-1.0,1.0,39,2026-11-02,-1.06,0
2026-09-24T15:45:25,2026-09-24,TSCO,EXIT,-1,SMA Crossover (10/50),MEDIUM,2,18.81,nan,4.39,nan,8.78,nan,10.0,2026-10-19,0.6,0.92,100.0,30.34,10.19,-25.8,-10.97,25.0,2,2026-06-05 to 2026-09-21 (74 days),-1.0,39.2,nan,nan,nan,NEUTRAL,LOW,Strong trend (ADX=41); Last surprise: -15.9%; Earnings conf adj: -1,-1.0,-1.0,1.0,28,2026-10-22,-15.85,-1
2026-09-24T15:45:02,2026-09-24,PEP,HOLD,0,EMA Crossover (9/21),LOW,0,18.7,nan,2.0,0.0,3.0,0.0,0.0,2026-10-09,0.02,0.03,50.0,1.19,-0.1,24.1,-3.85,15.0,2,2026-06-05 to 2026-09-21 (74 days),-1.0,26.2,nan,nan,nan,NEUTRAL,LOW,RSI oversold; Strong trend (ADX=35); Last surprise: -0.5%,-1.0,-1.0,1.0,14,2026-10-08,-0.45,0
2026-09-24T15:46:13,2026-09-24,BTSG,HOLD,0,VWAP Trend,HIGH,4,18.44,nan,2.77,0.0,5.54,0.0,0.0,2026-09-25,0.63,0.85,66.7,1.55,9.67,18.63,-6.92,1.4,9,2026-06-05 to 2026-09-21 (74 days),-1.0,38.6,nan,nan,nan,NEUTRAL,LOW,Last surprise: +12.5%; Earnings conf adj: +1,-1.0,-1.0,1.0,36,2026-10-30,12.5,1
2026-09-24T15:45:21,2026-09-24,TDG,HOLD,0,VWAP Trend,MEDIUM,2,18.38,nan,5.64,0.0,11.28,0.0,0.0,2026-10-02,-1.07,-1.45,85.7,0.66,-19.64,11.97,-14.11,8.6,7,2026-06-05 to 2026-09-21 (74 days),-1.0,37.9,nan,nan,nan,NEUTRAL,LOW,Strong trend (ADX=56); Last surprise: +5.7%; Earnings conf adj: +1,-1.0,-1.0,1.0,42,2026-11-05,5.74,1
2026-09-24T15:43:48,2026-09-24,CDNS,BUY,1,ADX Trend Following,MEDIUM,2,18.34,nan,3.18,nan,6.36,nan,10.0,2026-10-19,0.27,0.49,100.0,11.61,2.98,59.83,-7.94,25.0,1,2026-06-05 to 2026-09-21 (74 days),0.766,44.1,nan,nan,nan,NEUTRAL,LOW,Strong trend (ADX=35); Last surprise: +2.4%,-1.0,-1.0,1.0,32,2026-10-26,2.43,0
2026-09-24T15:46:46,2026-09-24,TEX,HOLD,0,VWAP Trend,HIGH,4,18.33,nan,3.71,0.0,7.42,0.0,0.0,2026-09-27,1.67,2.97,50.0,7.39,42.39,48.98,-9.27,3.2,6,2026-06-05 to 2026-09-21 (74 days),-1.0,39.8,nan,nan,nan,NEUTRAL,LOW,Strong trend (ADX=35); Last surprise: +11.4%; Earnings conf adj: +1,-1.0,-1.0,1.0,35,2026-10-29,11.38,1
2026-09-24T15:46:29,2026-09-24,MP,HOLD,0,MACD Crossover,HIGH,4,18.25,nan,4.31,0.0,8.62,0.0,0.0,2026-10-22,1.41,2.89,100.0,131.08,52.39,86.44,-10.78,28.0,1,2026-06-08 to 2026-09-22 (74 days),-1.0,47.1,nan,nan,nan,NEUTRAL,LOW,Last surprise: +175.0%,-1.0,-1.0,1.0,42,2026-11-05,175.0,0
2026-09-24T15:44:51,2026-09-24,MSFT,HOLD,0,Momentum (Rate of Change),HIGH,5,18.21,nan,2.06,0.0,4.12,0.0,0.0,2026-12-04,2.4,6.73,100.0,275.09,122.58,28.5,-5.15,71.0,1,2026-06-08 to 2026-09-22 (74 days),-1.0,54.9,nan,nan,nan,NEUTRAL,LOW,Last surprise: +11.8%; Earnings conf adj: +1,-1.0,-1.0,1.0,34,2026-10-28,11.79,1
2026-09-24T15:46:28,2026-09-24,SPXC,BUY,1,VWAP Trend,HIGH,4,18.21,nan,3.9,nan,7.8,nan,10.0,2026-09-28,0.68,0.95,83.3,1.58,10.69,65.32,-9.76,4.8,6,2026-06-05 to 2026-09-21 (74 days),0.321,34.8,nan,nan,nan,NEUTRAL,LOW,Strong trend (ADX=57); Last surprise: +9.2%; Earnings conf adj: +1,-1.0,-1.0,1.0,34,2026-10-28,9.19,1
2026-09-24T15:43:53,2026-09-24,COIN,EXIT,-1,SMA Crossover (10/50),MEDIUM,2,17.99,nan,5.85,nan,11.7,nan,10.0,2026-10-22,0.73,1.22,100.0,73.32,27.2,-83.13,-14.63,28.0,1,2026-06-08 to 2026-09-22 (74 days),-1.0,60.5,nan,nan,nan,NEUTRAL,LOW,Strong trend (ADX=31); Last surprise: -491.3%; Earnings conf adj: -1,-1.0,-1.0,1.0,35,2026-10-29,-491.3,-1
2026-09-24T15:47:08,2026-09-24,SLM,BUY,1,SMA Crossover (10/50),MEDIUM,3,17.99,nan,4.16,nan,8.32,nan,10.0,2026-10-25,1.86,3.05,100.0,159.69,68.47,18.2,-10.41,31.7,3,2026-06-05 to 2026-09-21 (74 days),0.04,40.9,nan,nan,nan,NEUTRAL,LOW,Last surprise: -34.1%; Earnings conf adj: -1,-1.0,-1.0,1.0,28,2026-10-22,-34.09,-1
2026-09-24T15:44:10,2026-09-24,EVRG,HOLD,0,VWAP Trend,HIGH,5,17.94,nan,2.0,0.0,4.0,0.0,0.0,2026-09-25,1.33,2.57,61.5,2.12,8.3,21.51,-2.43,1.8,13,2026-06-05 to 2026-09-21 (74 days),-1.0,36.5,nan,nan,nan,NEUTRAL,LOW,Strong trend (ADX=36); Last surprise: +10.0%; Earnings conf adj: +1,-1.0,-1.0,1.0,42,2026-11-05,10.0,1
2026-09-24T15:46:39,2026-09-24,SARO,HOLD,0,PEAD Earnings Drift,HIGH,4,17.86,nan,5.56,0.0,11.12,0.0,0.0,2026-11-08,1.42,1.93,100.0,99.51,38.21,70.44,-13.91,45.0,1,2026-06-05 to 2026-09-21 (74 days),-1.0,33.5,nan,nan,nan,NEUTRAL,LOW,Strong trend (ADX=44); Last surprise: -3.3%,-1.0,-1.0,1.0,47,2026-11-10,-3.33,0
2026-09-24T15:43:51,2026-09-24,CME,HOLD,0,Momentum (Rate of Change),HIGH,4,17.83,nan,2.0,0.0,4.0,0.0,0.0,2026-11-28,1.98,3.31,100.0,117.27,41.61,10.75,-4.99,65.0,1,2026-06-05 to 2026-09-21 (74 days),-1.0,53.0,nan,nan,nan,NEUTRAL,LOW,Last surprise: +2.7%,-1.0,-1.0,1.0,27,2026-10-21,2.75,0
2026-09-24T15:46:55,2026-09-24,M,HOLD,0,MACD Crossover,LOW,1,17.83,nan,4.05,0.0,6.07,0.0,0.0,2026-10-04,-1.02,-1.42,50.0,0.3,-13.9,-20.12,-10.12,10.0,2,2026-06-05 to 2026-09-21 (74 days),-1.0,48.5,nan,nan,nan,NEUTRAL,LOW,Last surprise: +8.1%; Earnings conf adj: +1,-1.0,-1.0,1.0,69,2026-12-02,8.11,1
2026-09-24T15:46:38,2026-09-24,THG,HOLD,0,VWAP Trend,MEDIUM,2,17.8,nan,2.0,0.0,4.0,0.0,0.0,2026-09-26,0.34,0.57,60.0,1.41,3.07,-66.83,-3.34,2.1,10,2026-06-05 to 2026-09-21 (74 days),-1.0,45.9,nan,nan,nan,NEUTRAL,LOW,Last surprise: +41.2%; Earnings conf adj: +1,-1.0,-1.0,1.0,34,2026-10-28,41.22,1
2026-09-24T15:43:31,2026-09-24,AMAT,HOLD,0,VWAP Trend,HIGH,4,17.79,nan,4.44,0.0,8.88,0.0,0.0,2026-09-27,2.74,5.66,66.7,4.15,238.69,251.53,-11.11,3.6,9,2026-06-08 to 2026-09-22 (74 days),-1.0,52.0,nan,nan,nan,NEUTRAL,LOW,Last surprise: +3.2%,-1.0,-1.0,1.0,49,2026-11-12,3.24,0
2026-09-24T15:44:02,2026-09-24,DHI,HOLD,1,VWAP Trend,LOW,1,17.79,nan,3.14,nan,4.71,nan,0.0,2026-09-26,-2.53,-3.06,33.3,0.08,-20.87,-7.49,-7.84,2.5,6,2026-06-05 to 2026-09-21 (74 days),-1.0,44.3,nan,nan,nan,NEUTRAL,LOW,Last surprise: +7.0%; Earnings conf adj: +1,-1.0,-1.0,1.0,35,2026-10-29,7.02,1
2026-09-24T15:44:35,2026-09-24,JKHY,HOLD,0,VWAP Trend,HIGH,4,17.69,nan,2.8,0.0,5.6,0.0,0.0,2026-10-04,2.76,4.66,50.0,7.57,95.2,23.72,-7.0,10.8,6,2026-06-05 to 2026-09-21 (74 days),-1.0,39.8,nan,nan,nan,NEUTRAL,LOW,Strong trend (ADX=30); Last surprise: +6.3%; Earnings conf adj: +1,-1.0,-1.0,1.0,40,2026-11-03,6.25,1
2026-09-24T15:47:15,2026-09-24,BILL,HOLD,0,VWAP Trend,HIGH,5,17.63,nan,3.47,0.0,6.94,0.0,0.0,2026-10-01,3.33,6.45,71.4,14.17,221.92,69.05,-8.68,7.4,7,2026-06-05 to 2026-09-21 (74 days),-1.0,46.5,nan,nan,nan,NEUTRAL,LOW,Last surprise: +18.3%; Earnings conf adj: +1,-1.0,-1.0,1.0,42,2026-11-05,18.31,1
2026-09-24T15:46:46,2026-09-24,MTDR,EXIT,-1,ADX Trend Following,MEDIUM,2,17.54,nan,5.78,nan,11.56,nan,10.0,2026-10-05,0.13,0.16,75.0,1.23,-0.05,-6.22,-14.46,11.0,4,2026-06-05 to 2026-09-21 (74 days),-1.0,40.1,nan,nan,nan,NEUTRAL,LOW,Strong trend (ADX=35); Last surprise: +24.9%; Earnings conf adj: +1,-1.0,-1.0,1.0,33,2026-10-27,24.88,1
2026-09-24T15:46:44,2026-09-24,PPC,HOLD,0,Stochastic Oscillator,MEDIUM,3,17.39,nan,2.76,0.0,4.14,0.0,0.0,2026-10-05,1.87,5.14,50.0,5.94,49.29,53.84,-6.89,11.0,2,2026-06-05 to 2026-09-21 (74 days),-1.0,45.5,nan,nan,nan,NEUTRAL,LOW,Last surprise: -3.0%,-1.0,-1.0,1.0,34,2026-10-28,-3.03,0
2026-09-24T15:45:19,2026-09-24,SWK,HOLD,0,VWAP Trend,HIGH,5,17.37,nan,2.0,0.0,4.0,0.0,0.0,2026-09-26,2.43,5.56,72.7,5.65,62.38,-0.59,-3.64,2.9,11,2026-06-05 to 2026-09-21 (74 days),-1.0,35.4,nan,nan,nan,NEUTRAL,LOW,Strong trend (ADX=43); Last surprise: +29.8%; Earnings conf adj: +1,-1.0,-1.0,1.0,41,2026-11-04,29.75,1
2026-09-24T15:43:37,2026-09-24,AWK,HOLD,0,Composite Multi-Indicator,HIGH,4,17.27,nan,2.24,0.0,4.48,0.0,0.0,2026-12-24,1.31,2.2,100.0,78.58,29.35,-2.54,-5.59,91.0,1,2026-06-05 to 2026-09-21 (74 days),-1.0,39.8,nan,nan,nan,NEUTRAL,LOW,Last surprise: +3.9%,-1.0,-1.0,1.0,34,2026-10-28,3.87,0
2026-09-24T15:43:47,2026-09-24,CCI,HOLD,0,VWAP Trend,LOW,1,17.23,nan,6.64,0.0,9.96,0.0,0.0,2026-09-30,-1.35,-1.7,50.0,0.47,-33.79,20.85,-16.61,6.2,12,2026-06-05 to 2026-09-21 (74 days),-1.0,45.0,nan,nan,nan,NEUTRAL,LOW,Last surprise: +35.3%; Earnings conf adj: +1,-1.0,-1.0,1.0,27,2026-10-21,35.29,1
2026-09-24T15:46:06,2026-09-24,BMRN,HOLD,0,Momentum (Rate of Change),HIGH,5,17.23,nan,2.94,0.0,5.88,0.0,0.0,2026-12-11,2.11,4.14,100.0,168.23,69.79,18.04,-7.36,78.0,1,2026-06-05 to 2026-09-21 (74 days),-1.0,46.2,nan,nan,nan,NEUTRAL,LOW,Last surprise: +26.3%; Earnings conf adj: +1,-1.0,-1.0,1.0,32,2026-10-26,26.32,1
2026-09-24T15:44:15,2026-09-24,FICO,HOLD,0,Stochastic Oscillator,HIGH,4,17.18,nan,4.79,0.0,7.18,0.0,0.0,2026-10-11,1.8,3.56,66.7,3.49,60.77,111.86,-11.97,17.0,3,2026-06-05 to 2026-09-21 (74 days),-1.0,34.1,nan,nan,nan,NEUTRAL,LOW,Last surprise: +3.4%,-1.0,-1.0,1.0,41,2026-11-04,3.4,0
2026-09-24T15:45:43,2026-09-24,SN,HOLD,0,52-Week High Momentum,HIGH,5,17.06,nan,4.02,0.0,8.04,0.0,0.0,2026-12-17,2.94,5.08,100.0,365.79,181.16,-36.69,-10.04,84.0,1,2026-06-05 to 2026-09-21 (74 days),-1.0,44.9,nan,nan,nan,NEUTRAL,LOW,Last surprise: +11.5%; Earnings conf adj: +1,-1.0,-1.0,1.0,42,2026-11-05,11.5,1
2026-09-24T15:44:29,2026-09-24,IBM,HOLD,0,Stochastic Oscillator,HIGH,4,17.02,nan,2.0,0.0,3.0,0.0,0.0,2026-10-08,3.08,8.06,100.0,188.39,79.12,128.7,-3.63,14.5,2,2026-06-05 to 2026-09-21 (74 days),-1.0,46.2,nan,nan,nan,NEUTRAL,LOW,Last surprise: +0.0%,-1.0,-1.0,1.0,27,2026-10-21,0.0,0
2026-09-24T15:46:23,2026-09-24,ZION,EXIT,-1,VWAP Trend,HIGH,5,17.01,nan,2.0,nan,4.0,nan,10.0,2026-09-26,1.55,2.68,66.7,2.9,14.22,1.77,-2.65,2.6,9,2026-06-05 to 2026-09-21 (74 days),-1.0,34.5,nan,nan,nan,NEUTRAL,LOW,Strong trend (ADX=32); Last surprise: +58.9%; Earnings conf adj: +1,-1.0,-1.0,1.0,25,2026-10-19,58.85,1
2026-09-24T15:46:17,2026-09-24,VICR,EXIT,-1,VWAP Trend,MEDIUM,2,16.97,nan,6.35,nan,12.7,nan,10.0,2026-09-26,0.32,0.47,63.6,1.17,3.84,52.13,-15.88,2.2,11,2026-06-05 to 2026-09-21 (74 days),-1.0,58.6,nan,nan,nan,NEUTRAL,LOW,High volume; Last surprise: +71.2%; Earnings conf adj: +1,-1.0,-1.0,1.0,26,2026-10-20,71.21,1
2026-09-24T15:44:51,2026-09-24,MSI,HOLD,0,Momentum (Rate of Change),HIGH,5,16.95,nan,2.55,0.0,5.1,0.0,0.0,2026-11-29,1.46,3.14,100.0,96.08,36.28,-16.5,-6.38,66.0,1,2026-06-05 to 2026-09-21 (74 days),-1.0,47.8,nan,nan,nan,NEUTRAL,LOW,Last surprise: +14.5%; Earnings conf adj: +1,-1.0,-1.0,1.0,42,2026-11-05,14.55,1
2026-09-24T15:44:28,2026-09-24,HUM,HOLD,0,Stochastic Oscillator,HIGH,4,16.78,nan,2.0,0.0,3.0,0.0,0.0,2026-10-11,1.62,3.21,50.0,88.26,29.77,-2.32,-3.34,17.0,2,2026-06-05 to 2026-09-21 (74 days),-1.0,41.5,nan,nan,nan,NEUTRAL,LOW,Strong trend (ADX=33); Last surprise: +8.7%; Earnings conf adj: +1,-1.0,-1.0,1.0,43,2026-11-06,8.71,1
2026-09-24T15:46:15,2026-09-24,RMBS,HOLD,0,MACD Crossover,MEDIUM,3,16.67,nan,7.3,0.0,14.6,0.0,0.0,2026-10-03,0.44,0.65,75.0,1.53,9.99,85.25,-18.26,9.5,4,2026-06-05 to 2026-09-21 (74 days),-1.0,59.4,nan,nan,nan,NEUTRAL,LOW,Last surprise: +6.9%; Earnings conf adj: +1,-1.0,-1.0,1.0,32,2026-10-26,6.94,1
2026-09-24T15:43:39,2026-09-24,BAC,HOLD,0,MACD Crossover,MEDIUM,2,16.66,nan,2.0,0.0,4.0,0.0,0.0,2026-09-30,-0.16,-0.22,50.0,2.31,-0.8,-20.42,-2.1,6.0,2,2026-06-08 to 2026-09-22 (74 days),-1.0,25.7,nan,nan,nan,NEUTRAL,LOW,RSI oversold; Strong trend (ADX=48); Last surprise: +8.0%; Earnings conf adj: +1,-1.0,-1.0,1.0,20,2026-10-14,8.04,1
2026-09-24T15:45:26,2026-09-24,TT,HOLD,0,VWAP Trend,HIGH,4,16.59,nan,2.0,0.0,4.0,0.0,0.0,2026-09-26,2.82,8.35,57.1,7.57,35.93,51.93,-1.77,2.9,7,2026-06-05 to 2026-09-21 (74 days),-1.0,41.6,nan,nan,nan,NEUTRAL,LOW,Strong trend (ADX=44); Last surprise: +1.2%,-1.0,-1.0,1.0,35,2026-10-29,1.17,0
2026-09-24T15:44:40,2026-09-24,LIN,HOLD,0,VWAP Trend,HIGH,4,16.46,nan,2.0,0.0,4.0,0.0,0.0,2026-09-25,1.87,3.75,66.7,2.87,11.4,40.89,-1.38,1.8,6,2026-06-05 to 2026-09-21 (74 days),-1.0,30.9,nan,nan,nan,NEUTRAL,LOW,Strong trend (ADX=45); Last surprise: +0.2%,-1.0,-1.0,1.0,36,2026-10-30,0.22,0
2026-09-24T15:45:17,2026-09-24,STT,HOLD,0,52-Week High Momentum,HIGH,5,16.46,nan,2.34,0.0,4.68,0.0,0.0,2027-01-07,2.08,3.28,100.0,144.28,58.63,-1.3,-5.86,105.0,1,2026-06-05 to 2026-09-21 (74 days),-1.0,43.4,nan,nan,nan,NEUTRAL,LOW,Strong trend (ADX=33); Last surprise: +9.3%; Earnings conf adj: +1,-1.0,-1.0,1.0,20,2026-10-14,9.28,1
2026-09-24T15:44:22,2026-09-24,GPN,HOLD,0,Momentum (Rate of Change),HIGH,4,16.43,nan,3.3,0.0,6.6,0.0,0.0,2026-12-09,2.42,4.26,100.0,267.62,118.9,-24.95,-8.24,76.0,1,2026-06-05 to 2026-09-21 (74 days),-1.0,41.7,nan,nan,nan,NEUTRAL,LOW,Last surprise: +0.6%,-1.0,-1.0,1.0,40,2026-11-03,0.58,0
2026-09-24T15:45:45,2026-09-24,THC,HOLD,0,Momentum (Rate of Change),HIGH,5,16.23,nan,4.81,0.0,9.62,0.0,0.0,2026-12-29,2.94,6.79,100.0,461.02,265.95,-151.99,-12.03,96.0,1,2026-06-05 to 2026-09-21 (74 days),-1.0,50.2,nan,nan,nan,NEUTRAL,LOW,Last surprise: +43.7%; Earnings conf adj: +1,-1.0,-1.0,1.0,33,2026-10-27,43.66,1
2026-09-24T15:43:29,2026-09-24,AFL,HOLD,0,VWAP Trend,MEDIUM,3,16.02,nan,2.0,0.0,4.0,0.0,0.0,2026-09-26,1.35,2.94,42.9,3.48,7.68,14.74,-1.76,2.0,7,2026-06-05 to 2026-09-21 (74 days),-1.0,40.6,nan,nan,nan,NEUTRAL,LOW,Last surprise: -0.6%,-1.0,-1.0,1.0,41,2026-11-04,-0.57,0
2026-09-24T15:44:28,2026-09-24,HWM,HOLD,1,ADX Trend Following,LOW,1,16.02,nan,2.24,nan,3.36,nan,0.0,2026-10-05,-0.39,-0.58,50.0,0.0,-4.12,25.55,-5.59,11.0,2,2026-06-05 to 2026-09-21 (74 days),-1.0,33.2,nan,nan,nan,NEUTRAL,LOW,Strong trend (ADX=52); Last surprise: +6.4%; Earnings conf adj: +1,-1.0,-1.0,1.0,42,2026-11-05,6.4,1
2026-09-24T15:44:36,2026-09-24,KDP,HOLD,0,PEAD Earnings Drift,MEDIUM,2,15.91,nan,5.0,0.0,10.0,0.0,0.0,2026-11-06,0.2,0.3,50.0,1.65,1.91,-1.62,-12.49,43.0,2,2026-06-05 to 2026-09-21 (74 days),-1.0,40.6,nan,nan,nan,NEUTRAL,LOW,Last surprise: +5.6%; Earnings conf adj: +1,-1.0,-1.0,1.0,32,2026-10-26,5.56,1
2026-09-24T15:45:53,2026-09-24,JAZZ,HOLD,0,MACD Crossover,MEDIUM,2,15.9,nan,2.0,0.0,4.0,0.0,0.0,2026-10-02,0.9,1.45,75.0,2.79,11.36,7.12,-4.54,8.2,4,2026-06-05 to 2026-09-21 (74 days),-1.0,44.6,nan,nan,nan,NEUTRAL,LOW,Last surprise: -7.6%; Earnings conf adj: -1,-1.0,-1.0,1.0,41,2026-11-04,-7.61,-1
2026-09-24T15:46:36,2026-09-24,LEA,HOLD,0,VWAP Trend,MEDIUM,2,15.69,nan,9.07,0.0,18.14,0.0,0.0,2026-09-26,-2.78,-2.95,57.1,0.27,-52.92,-11.12,-22.68,2.7,7,2026-06-05 to 2026-09-21 (74 days),-1.0,38.9,nan,nan,nan,NEUTRAL,LOW,Last surprise: +7.5%; Earnings conf adj: +1,-1.0,-1.0,1.0,28,2026-10-22,7.54,1
2026-09-24T15:43:43,2026-09-24,BR,HOLD,0,Momentum (Rate of Change),HIGH,4,15.6,nan,3.77,0.0,7.54,0.0,0.0,2026-11-27,1.5,2.62,100.0,137.19,46.91,7.13,-9.43,64.0,1,2026-06-05 to 2026-09-21 (74 days),-1.0,42.9,nan,nan,nan,NEUTRAL,LOW,Last surprise: +1.6%,-1.0,-1.0,1.0,40,2026-11-03,1.6,0
2026-09-24T15:45:54,2026-09-24,RBA,BUY,1,ADX Trend Following,MEDIUM,3,15.55,nan,2.0,nan,4.0,nan,10.0,2026-10-05,0.93,1.52,100.0,40.43,13.61,66.48,-3.23,11.5,2,2026-06-05 to 2026-09-21 (74 days),0.167,41.5,nan,nan,nan,NEUTRAL,LOW,Last surprise: +0.0%,-1.0,-1.0,1.0,42,2026-11-05,0.0,0
2026-09-24T15:45:00,2026-09-24,PANW,HOLD,0,Momentum (Rate of Change),HIGH,4,15.05,nan,5.86,0.0,11.72,0.0,0.0,2026-10-26,1.27,2.22,100.0,135.92,54.22,-139.64,-14.66,32.0,2,2026-06-05 to 2026-09-21 (74 days),-1.0,55.9,nan,nan,nan,NEUTRAL,LOW,Last surprise: +4.1%,-1.0,-1.0,1.0,56,2026-11-19,4.08,0
2026-09-24T15:44:36,2026-09-24,KEY,HOLD,0,VWAP Trend,LOW,1,15.03,nan,2.0,0.0,3.0,0.0,0.0,2026-09-26,0.22,0.28,62.5,1.28,1.94,12.47,-4.61,2.5,8,2026-06-05 to 2026-09-21 (74 days),-1.0,35.9,nan,nan,nan,NEUTRAL,LOW,Last surprise: +4.8%,-1.0,-1.0,1.0,26,2026-10-20,4.76,0
2026-09-24T15:44:19,2026-09-24,GEN,HOLD,0,Momentum (Rate of Change),HIGH,4,15.02,nan,3.06,0.0,6.12,0.0,0.0,2026-12-10,1.26,1.89,100.0,99.7,36.88,-8.33,-7.64,77.0,1,2026-06-05 to 2026-09-21 (74 days),-1.0,46.6,nan,nan,nan,NEUTRAL,LOW,High volume; Last surprise: +2.9%,-1.0,-1.0,1.0,42,2026-11-05,2.9,0
2026-09-24T15:43:43,2026-09-24,BSX,HOLD,0,Stochastic Oscillator,LOW,0,14.97,nan,5.17,0.0,7.76,0.0,0.0,2026-10-25,-0.57,-0.83,50.0,0.29,-15.26,15.09,-12.93,31.0,2,2026-06-05 to 2026-09-21 (74 days),-1.0,39.7,nan,nan,nan,NEUTRAL,LOW,Strong trend (ADX=31); Last surprise: +3.6%,-1.0,-1.0,1.0,34,2026-10-28,3.61,0
2026-09-24T15:43:31,2026-09-24,ALGN,BUY,1,ADX Trend Following,HIGH,4,14.95,nan,2.0,nan,4.0,nan,10.0,2026-09-30,1.55,2.63,100.0,78.35,28.9,65.67,-4.27,6.5,2,2026-06-05 to 2026-09-21 (74 days),0.341,34.7,nan,nan,nan,NEUTRAL,LOW,Strong trend (ADX=44); Last surprise: +1.5%,-1.0,-1.0,1.0,34,2026-10-28,1.54,0
2026-09-24T15:44:24,2026-09-24,HCA,HOLD,0,EMA Crossover (9/21),LOW,1,14.94,nan,5.62,0.0,8.43,0.0,0.0,2026-10-16,-0.39,-0.55,66.7,0.57,-12.95,-74.51,-14.06,22.0,3,2026-06-05 to 2026-09-21 (74 days),-1.0,57.4,nan,nan,nan,NEUTRAL,LOW,Last surprise: +1.2%,-1.0,-1.0,1.0,29,2026-10-23,1.2,0
2026-09-24T15:46:47,2026-09-24,CHE,HOLD,0,MACD Crossover,HIGH,5,14.87,nan,2.0,0.0,4.0,0.0,0.0,2026-10-17,3.83,7.57,100.0,166.91,69.97,16.13,-2.82,23.5,2,2026-06-05 to 2026-09-21 (74 days),-1.0,34.7,nan,nan,nan,NEUTRAL,LOW,Last surprise: +8.2%; Earnings conf adj: +1,-1.0,-1.0,1.0,33,2026-10-27,8.21,1
2026-09-24T15:43:27,2026-09-24,ACGL,HOLD,0,Stochastic Oscillator,MEDIUM,2,14.46,nan,2.0,0.0,3.0,0.0,0.0,2026-10-06,0.94,1.78,50.0,6.38,6.51,-11.96,-2.31,12.5,2,2026-06-05 to 2026-09-21 (74 days),-1.0,40.5,nan,nan,nan,NEUTRAL,LOW,Last surprise: +4.1%,-1.0,-1.0,1.0,32,2026-10-26,4.07,0
2026-09-24T15:44:57,2026-09-24,NVR,HOLD,0,MACD Crossover,LOW,0,14.46,nan,2.0,0.0,3.0,0.0,0.0,2026-10-02,-0.41,-0.56,66.7,0.74,-4.19,-4.55,-4.79,8.0,3,2026-06-05 to 2026-09-21 (74 days),-1.0,46.0,nan,nan,nan,NEUTRAL,LOW,Last surprise: -6.7%; Earnings conf adj: -1,-1.0,-1.0,1.0,27,2026-10-21,-6.69,-1
2026-09-24T15:47:13,2026-09-24,LIVN,HOLD,0,Multi-Factor Momentum MR,HIGH,5,14.46,nan,2.0,0.0,4.0,0.0,0.0,2026-10-18,3.57,6.85,100.0,169.09,73.3,42.75,-4.88,24.5,2,2026-06-05 to 2026-09-21 (74 days),-1.0,45.0,nan,nan,nan,NEUTRAL,LOW,Last surprise: +15.6%; Earnings conf adj: +1,-1.0,-1.0,1.0,41,2026-11-04,15.6,1
2026-09-24T15:43:47,2026-09-24,CEG,HOLD,0,VWAP Trend,MEDIUM,3,14.38,nan,5.98,0.0,11.96,0.0,0.0,2026-10-03,0.69,1.03,62.5,1.41,18.42,7.62,-14.94,9.2,8,2026-06-05 to 2026-09-21 (74 days),-1.0,42.5,nan,nan,nan,NEUTRAL,LOW,Strong trend (ADX=34); Last surprise: +11.8%; Earnings conf adj: +1,-1.0,-1.0,1.0,46,2026-11-09,11.84,1
2026-09-24T15:45:06,2026-09-24,PPG,HOLD,0,VWAP Trend,HIGH,4,14.25,nan,2.0,0.0,4.0,0.0,0.0,2026-09-26,2.23,4.78,66.7,3.33,28.41,51.21,-2.94,2.7,9,2026-06-05 to 2026-09-21 (74 days),-1.0,35.3,nan,nan,nan,NEUTRAL,LOW,Strong trend (ADX=30); Last surprise: -0.9%,-1.0,-1.0,1.0,33,2026-10-27,-0.89,0
2026-09-24T15:46:54,2026-09-24,ACI,HOLD,0,Stochastic Oscillator,LOW,0,14.19,nan,5.12,0.0,7.68,0.0,0.0,2026-11-07,-0.03,-0.04,50.0,0.81,-6.09,56.52,-12.81,44.0,2,2026-06-05 to 2026-09-21 (74 days),-1.0,45.2,nan,nan,nan,NEUTRAL,LOW,Last surprise: -22.2%; Earnings conf adj: -1,-1.0,-1.0,1.0,19,2026-10-13,-22.22,-1
2026-09-24T15:47:22,2026-09-24,PII,BUY,1,ADX Trend Following,HIGH,5,14.07,nan,4.08,nan,8.16,nan,10.0,2026-10-07,1.26,1.96,100.0,90.23,33.97,80.88,-10.2,13.0,2,2026-06-05 to 2026-09-21 (74 days),0.464,27.2,nan,nan,nan,NEUTRAL,LOW,RSI oversold; Strong trend (ADX=61); Last surprise: +177.5%; Earnings conf adj: +1,-1.0,-1.0,1.0,32,2026-10-26,177.46,1
2026-09-24T15:44:20,2026-09-24,GIS,HOLD,0,Stochastic Oscillator,MEDIUM,3,13.82,nan,2.26,0.0,3.39,0.0,0.0,2026-10-08,1.56,2.62,50.0,3.59,26.43,-7.46,-5.66,14.0,2,2026-06-08 to 2026-09-22 (74 days),-1.0,35.3,nan,nan,nan,NEUTRAL,LOW,High volume; Strong trend (ADX=44); Last surprise: +4.2%,-1.0,-1.0,1.0,90,2026-12-23,4.17,0
2026-09-24T15:45:49,2026-09-24,MKSI,HOLD,0,Multi-Factor Momentum MR,MEDIUM,3,13.78,nan,3.67,0.0,7.34,0.0,0.0,2026-10-01,0.49,0.69,100.0,24.35,7.92,50.27,-9.18,7.0,1,2026-06-05 to 2026-09-21 (74 days),-1.0,45.8,nan,nan,nan,NEUTRAL,LOW,Last surprise: +11.5%; Earnings conf adj: +1,-1.0,-1.0,1.0,41,2026-11-04,11.49,1
2026-09-24T15:43:58,2026-09-24,CVS,BUY,1,ADX Trend Following,HIGH,5,13.74,nan,2.0,nan,4.0,nan,10.0,2026-10-11,2.74,5.33,66.7,18.52,45.7,71.04,-3.57,17.3,3,2026-06-05 to 2026-09-21 (74 days),0.095,27.4,nan,nan,nan,NEUTRAL,LOW,RSI oversold; Strong trend (ADX=51); Last surprise: +39.5%; Earnings conf adj: +1,-1.0,-1.0,1.0,34,2026-10-28,39.46,1
2026-09-24T15:44:02,2026-09-24,DLR,HOLD,0,ADX Trend Following,LOW,0,13.67,nan,2.43,0.0,3.65,0.0,0.0,2026-10-01,-0.8,-1.11,75.0,0.54,-10.76,-14.64,-6.08,7.8,4,2026-06-05 to 2026-09-21 (74 days),-1.0,50.8,nan,nan,nan,NEUTRAL,LOW,Last surprise: -15.1%; Earnings conf adj: -1,-1.0,-1.0,1.0,28,2026-10-22,-15.07,-1
2026-09-24T15:45:59,2026-09-24,CACI,EXIT,-1,SMA Crossover (10/50),MEDIUM,3,13.63,nan,5.83,nan,11.66,nan,9.38,2026-10-23,0.57,1.35,50.0,1.6,18.35,-64.44,-14.58,29.5,2,2026-06-05 to 2026-09-21 (74 days),-1.0,55.6,nan,nan,nan,NEUTRAL,LOW,Last surprise: +23.2%; Earnings conf adj: +1,-1.0,-1.0,1.0,27,2026-10-21,23.24,1
2026-09-24T15:44:06,2026-09-24,ECL,HOLD,0,VWAP Trend,MEDIUM,2,13.6,nan,2.0,0.0,4.0,0.0,0.0,2026-09-25,0.9,1.57,44.4,1.82,8.37,-10.83,-2.79,1.7,9,2026-06-05 to 2026-09-21 (74 days),-1.0,38.2,nan,nan,nan,NEUTRAL,LOW,Last surprise: +0.5%,-1.0,-1.0,1.0,33,2026-10-27,0.48,0
2026-09-24T15:44:41,2026-09-24,LMT,HOLD,0,VWAP Trend,HIGH,5,13.34,nan,2.0,0.0,4.0,0.0,0.0,2026-09-27,1.95,4.02,62.5,3.86,18.17,7.97,-2.08,3.0,8,2026-06-05 to 2026-09-21 (74 days),-1.0,44.3,nan,nan,nan,NEUTRAL,LOW,Strong trend (ADX=35); Last surprise: +10.3%; Earnings conf adj: +1,-1.0,-1.0,1.0,26,2026-10-20,10.28,1
2026-09-24T15:44:53,2026-09-24,NCLH,BUY,1,ADX Trend Following,HIGH,4,13.3,nan,4.92,nan,9.84,nan,10.0,2026-10-10,0.97,1.57,100.0,72.89,26.41,86.46,-12.31,16.0,2,2026-06-08 to 2026-09-22 (74 days),0.071,28.5,nan,nan,nan,NEUTRAL,LOW,RSI oversold; Strong trend (ADX=48); Last surprise: +23.1%; Earnings conf adj: +1,-1.0,-1.0,1.0,41,2026-11-04,23.08,1
2026-09-24T15:47:23,2026-09-24,WING,HOLD,0,Composite Multi-Indicator,LOW,1,13.2,nan,10.0,0.0,15.0,0.0,0.0,2026-12-07,-2.38,-2.93,0.0,0.0,-73.43,-11.65,-35.94,74.0,1,2026-06-05 to 2026-09-21 (74 days),-1.0,43.6,nan,nan,nan,NEUTRAL,LOW,Last surprise: +15.7%; Earnings conf adj: +1,-1.0,-1.0,1.0,40,2026-11-03,15.69,1
2026-09-24T15:43:49,2026-09-24,CI,HOLD,0,Stochastic Oscillator,LOW,0,13.17,nan,3.28,0.0,4.92,0.0,0.0,2026-10-25,-0.15,-0.2,50.0,0.41,-4.98,10.2,-8.19,31.0,2,2026-06-05 to 2026-09-21 (74 days),-1.0,44.2,nan,nan,nan,NEUTRAL,LOW,Last surprise: +2.4%,-1.0,-1.0,1.0,42,2026-11-05,2.37,0
2026-09-24T15:45:57,2026-09-24,TLN,HOLD,0,Composite Multi-Indicator,LOW,0,13.16,nan,10.0,0.0,15.0,0.0,0.0,2027-01-07,-0.95,-1.21,0.0,0.0,-49.44,-0.36,-35.6,105.0,1,2026-06-05 to 2026-09-21 (74 days),-1.0,44.1,nan,nan,nan,NEUTRAL,LOW,Last surprise: -30.1%; Earnings conf adj: -1,-1.0,-1.0,1.0,41,2026-11-04,-30.09,-1
2026-09-24T15:47:13,2026-09-24,VNT,HOLD,0,Momentum (Rate of Change),MEDIUM,3,12.96,nan,3.67,0.0,7.34,0.0,0.0,2026-10-18,0.09,0.16,100.0,3.57,0.19,-43.46,-9.18,24.0,1,2026-06-05 to 2026-09-21 (74 days),-1.0,42.0,nan,nan,nan,NEUTRAL,LOW,Last surprise: +11.2%; Earnings conf adj: +1,-1.0,-1.0,1.0,35,2026-10-29,11.25,1
2026-09-24T15:45:14,2026-09-24,SJM,HOLD,0,MACD Crossover,MEDIUM,2,12.92,nan,3.41,0.0,6.82,0.0,0.0,2026-10-09,-0.54,-0.77,66.7,0.48,-11.31,-82.57,-8.52,15.0,3,2026-06-05 to 2026-09-21 (74 days),-1.0,41.3,nan,nan,nan,NEUTRAL,LOW,Last surprise: +45.9%; Earnings conf adj: +1,-1.0,-1.0,1.0,61,2026-11-24,45.95,1
2026-09-24T15:45:47,2026-09-24,NTNX,EXIT,-1,Multi-Factor Momentum MR,HIGH,5,12.92,nan,2.53,nan,5.06,nan,10.0,2026-12-10,3.62,8.48,100.0,335.13,170.05,18.89,-6.33,77.0,1,2026-06-05 to 2026-09-21 (74 days),-1.0,65.0,nan,nan,nan,NEUTRAL,LOW,Strong trend (ADX=38); Last surprise: +22.4%; Earnings conf adj: +1,-1.0,-1.0,1.0,62,2026-11-25,22.45,1
2026-09-24T15:46:43,2026-09-24,PATH,HOLD,0,VWAP Trend,MEDIUM,3,12.91,nan,2.72,0.0,5.44,0.0,0.0,2026-09-29,3.55,9.2,50.0,6.18,256.36,176.05,-6.79,5.0,8,2026-06-08 to 2026-09-22 (74 days),-1.0,38.8,nan,nan,nan,NEUTRAL,LOW,Strong trend (ADX=41); Last surprise: +0.0%,-1.0,-1.0,1.0,69,2026-12-02,0.0,0
2026-09-24T15:44:13,2026-09-24,FDX,HOLD,0,MACD Crossover,LOW,0,12.85,nan,2.52,0.0,3.78,0.0,0.0,2026-10-07,-0.91,-1.42,33.3,0.46,-12.29,18.07,-6.3,13.0,3,2026-06-05 to 2026-09-21 (74 days),-1.0,32.7,nan,nan,nan,NEUTRAL,LOW,Strong trend (ADX=55); Last surprise: +6.6%,-1.0,-1.0,1.0,34,2026-10-28,6.59,0
2026-09-24T15:44:51,2026-09-24,MTB,HOLD,0,VWAP Trend,LOW,1,12.78,nan,2.0,0.0,3.0,0.0,0.0,2026-09-25,0.11,0.17,46.2,1.29,0.55,-9.05,-3.26,1.7,13,2026-06-05 to 2026-09-21 (74 days),-1.0,32.5,nan,nan,nan,NEUTRAL,LOW,Strong trend (ADX=34); Last surprise: +14.2%; Earnings conf adj: +1,-1.0,-1.0,1.0,22,2026-10-16,14.16,1
2026-09-24T15:46:53,2026-09-24,ORA,HOLD,0,VWAP Trend,HIGH,5,12.77,nan,2.55,0.0,5.1,0.0,0.0,2026-09-26,1.13,2.29,55.6,2.24,26.06,98.26,-6.37,2.7,9,2026-06-05 to 2026-09-21 (74 days),-1.0,42.0,nan,nan,nan,NEUTRAL,LOW,Last surprise: +92.3%; Earnings conf adj: +1,-1.0,-1.0,1.0,41,2026-11-04,92.31,1
2026-09-24T15:46:11,2026-09-24,FNF,BUY,1,ADX Trend Following,HIGH,5,12.72,nan,2.58,nan,5.16,nan,10.0,2026-10-17,1.08,1.9,100.0,63.91,22.91,48.9,-6.45,23.5,2,2026-06-05 to 2026-09-21 (74 days),0.238,27.8,nan,nan,nan,NEUTRAL,LOW,RSI oversold; Strong trend (ADX=57); Last surprise: +5.3%; Earnings conf adj: +1,-1.0,-1.0,1.0,42,2026-11-05,5.3,1
2026-09-24T15:46:59,2026-09-24,HRB,HOLD,0,Momentum (Rate of Change),HIGH,5,12.64,nan,6.16,0.0,12.32,0.0,0.0,2026-11-27,1.41,2.55,100.0,179.72,70.2,-6.31,-15.39,64.0,1,2026-06-05 to 2026-09-21 (74 days),-1.0,37.3,nan,nan,nan,NEUTRAL,LOW,Strong trend (ADX=34); Last surprise: +7.7%; Earnings conf adj: +1,-1.0,-1.0,1.0,42,2026-11-05,7.69,1
2026-09-24T15:45:26,2026-09-24,TXN,HOLD,0,MACD Crossover,HIGH,4,12.58,nan,2.62,0.0,5.24,0.0,0.0,2026-09-30,0.73,1.2,75.0,1.7,11.1,25.77,-6.55,6.0,4,2026-06-05 to 2026-09-21 (74 days),-1.0,54.6,nan,nan,nan,NEUTRAL,LOW,Last surprise: +10.3%; Earnings conf adj: +1,-1.0,-1.0,1.0,33,2026-10-27,10.31,1
2026-09-24T15:44:12,2026-09-24,EXR,HOLD,0,MACD Crossover,LOW,1,12.55,nan,2.58,0.0,3.87,0.0,0.0,2026-09-28,-2.15,-2.36,40.0,0.2,-17.62,-6.84,-6.45,4.4,5,2026-06-05 to 2026-09-21 (74 days),-1.0,43.1,nan,nan,nan,NEUTRAL,LOW,High volume; Last surprise: +8.7%; Earnings conf adj: +1,-1.0,-1.0,1.0,34,2026-10-28,8.7,1
2026-09-24T15:46:29,2026-09-24,CTRE,HOLD,0,VWAP Trend,LOW,0,12.43,nan,2.0,0.0,3.0,0.0,0.0,2026-09-25,-0.13,-0.2,54.5,1.13,-1.79,-2.49,-4.25,1.8,11,2026-06-05 to 2026-09-21 (74 days),-1.0,35.6,nan,nan,nan,NEUTRAL,LOW,Last surprise: +0.0%,-1.0,-1.0,1.0,46,2026-11-09,0.0,0
2026-09-24T15:45:07,2026-09-24,PTC,HOLD,0,Stochastic Oscillator,LOW,0,12.28,nan,6.77,0.0,10.15,0.0,0.0,2026-10-13,-0.69,-0.84,50.0,0.36,-23.62,-19.35,-16.93,19.0,2,2026-06-05 to 2026-09-21 (74 days),-1.0,44.4,nan,nan,nan,NEUTRAL,LOW,Strong trend (ADX=31); Last surprise: +1.3%,-1.0,-1.0,1.0,48,2026-11-11,1.28,0
2026-09-24T15:47:28,2026-09-24,DCI,HOLD,0,MACD Crossover,HIGH,4,12.2,nan,2.0,0.0,4.0,0.0,0.0,2026-10-07,1.65,2.62,100.0,56.97,19.92,6.86,-3.0,13.5,2,2026-06-05 to 2026-09-21 (74 days),-1.0,32.7,nan,nan,nan,NEUTRAL,LOW,Strong trend (ADX=41); Last surprise: +1.8%,-1.0,-1.0,1.0,-29,2026-08-26,1.77,0
2026-09-24T15:47:21,2026-09-24,FOUR,HOLD,0,VWAP Trend,HIGH,4,12.0,nan,6.19,0.0,12.38,0.0,0.0,2026-10-01,1.29,2.15,54.5,1.8,80.47,68.28,-15.48,7.0,11,2026-06-05 to 2026-09-21 (74 days),-1.0,38.7,nan,nan,nan,NEUTRAL,LOW,Last surprise: +6.5%; Earnings conf adj: +1,-1.0,-1.0,1.0,42,2026-11-05,6.45,1
2026-09-24T15:44:45,2026-09-24,MAS,BUY,1,ADX Trend Following,HIGH,5,11.93,nan,3.39,nan,6.78,nan,10.0,2026-10-15,1.6,2.81,100.0,106.52,41.51,48.17,-8.48,21.5,2,2026-06-05 to 2026-09-21 (74 days),0.429,36.4,nan,nan,nan,NEUTRAL,LOW,Last surprise: +25.2%; Earnings conf adj: +1,-1.0,-1.0,1.0,35,2026-10-29,25.19,1
2026-09-24T15:44:58,2026-09-24,OMC,HOLD,0,MACD Crossover,LOW,0,11.9,nan,4.86,0.0,7.29,0.0,0.0,2026-10-07,-0.29,-0.4,33.3,0.72,-7.43,-16.28,-12.15,13.7,3,2026-06-05 to 2026-09-21 (74 days),-1.0,34.7,nan,nan,nan,NEUTRAL,LOW,Strong trend (ADX=53); Last surprise: -0.4%,-1.0,-1.0,1.0,26,2026-10-20,-0.38,0
2026-09-24T15:43:34,2026-09-24,AON,HOLD,0,VWAP Trend,LOW,0,11.62,nan,2.92,0.0,4.38,0.0,0.0,2026-10-06,0.22,0.37,50.0,1.26,2.44,36.28,-7.31,12.2,4,2026-06-05 to 2026-09-21 (74 days),-1.0,27.9,nan,nan,nan,NEUTRAL,LOW,RSI oversold; Strong trend (ADX=54); Last surprise: +0.3%,-1.0,-1.0,1.0,36,2026-10-30,0.26,0
2026-09-24T15:45:39,2026-09-24,YUM,HOLD,0,Stochastic Oscillator,MEDIUM,2,11.6,nan,3.12,0.0,4.68,0.0,0.0,2026-10-11,0.76,1.27,50.0,45.35,13.74,36.43,-7.8,17.5,2,2026-06-05 to 2026-09-21 (74 days),-1.0,40.1,nan,nan,nan,NEUTRAL,LOW,Strong trend (ADX=45); Last surprise: +3.8%,-1.0,-1.0,1.0,40,2026-11-03,3.85,0
2026-09-24T15:43:27,2026-09-24,ADBE,HOLD,0,MACD Crossover,HIGH,4,11.41,nan,4.23,0.0,8.46,0.0,0.0,2026-10-14,1.37,2.13,66.7,2.83,58.12,67.3,-10.57,20.0,3,2026-06-08 to 2026-09-22 (74 days),-1.0,37.4,nan,nan,nan,NEUTRAL,LOW,Strong trend (ADX=38); Last surprise: +0.7%,-1.0,-1.0,1.0,76,2026-12-09,0.66,0
2026-09-24T15:43:37,2026-09-24,ATO,HOLD,0,VWAP Trend,MEDIUM,2,11.38,nan,2.0,0.0,4.0,0.0,0.0,2026-09-27,-0.11,-0.15,66.7,1.25,-0.36,20.26,-1.5,3.0,3,2026-06-05 to 2026-09-21 (74 days),-1.0,25.9,nan,nan,nan,NEUTRAL,LOW,RSI oversold; Strong trend (ADX=43); Last surprise: +5.9%; Earnings conf adj: +1,-1.0,-1.0,1.0,41,2026-11-04,5.93,1
2026-09-24T15:46:00,2026-09-24,ULS,HOLD,0,EMA Crossover (9/21),LOW,1,11.34,nan,3.94,0.0,5.91,0.0,0.0,2026-09-27,-2.12,-2.12,50.0,0.08,-28.11,44.61,-9.84,3.5,2,2026-06-05 to 2026-09-21 (74 days),-1.0,29.7,nan,nan,nan,NEUTRAL,LOW,RSI oversold; Strong trend (ADX=65); Last surprise: +5.4%; Earnings conf adj: +1,-1.0,-1.0,1.0,40,2026-11-03,5.36,1
2026-09-24T15:44:16,2026-09-24,FLEX,HOLD,0,Multi-Factor Momentum MR,LOW,1,11.32,nan,2.0,0.0,3.0,0.0,0.0,2026-09-25,-1.86,-1.86,0.0,0.0,-0.34,65.17,-0.1,0.0,0,2026-06-05 to 2026-09-21 (74 days),-1.0,48.7,nan,nan,nan,NEUTRAL,LOW,Last surprise: +8.7%; Earnings conf adj: +1,-1.0,-1.0,1.0,34,2026-10-28,8.7,1
2026-09-24T15:44:04,2026-09-24,DTE,HOLD,1,VWAP Trend,LOW,1,10.89,nan,2.28,nan,3.42,nan,0.0,2026-09-25,-2.17,-2.55,40.0,0.45,-13.5,22.15,-5.69,1.9,10,2026-06-05 to 2026-09-21 (74 days),-1.0,22.8,nan,nan,nan,NEUTRAL,LOW,RSI oversold; Strong trend (ADX=52); Last surprise: +15.8%; Earnings conf adj: +1,-1.0,-1.0,1.0,35,2026-10-29,15.79,1
2026-09-24T15:46:34,2026-09-24,AGCO,HOLD,0,VWAP Trend,LOW,0,10.86,nan,4.68,0.0,7.02,0.0,0.0,2026-09-27,0.06,0.09,54.5,1.09,-1.51,-13.41,-11.7,3.6,11,2026-06-05 to 2026-09-21 (74 days),-1.0,53.2,nan,nan,nan,NEUTRAL,LOW,Last surprise: -3.4%,-1.0,-1.0,1.0,36,2026-10-30,-3.38,0
2026-09-24T15:43:31,2026-09-24,ALLE,HOLD,0,ADX Trend Following,LOW,1,10.78,nan,4.15,0.0,6.22,0.0,0.0,2026-10-10,-0.19,-0.27,40.0,0.68,-6.16,-79.03,-10.37,16.6,5,2026-06-05 to 2026-09-21 (74 days),-1.0,41.9,nan,nan,nan,NEUTRAL,LOW,Last surprise: +8.1%; Earnings conf adj: +1,-1.0,-1.0,1.0,28,2026-10-22,8.11,1
2026-09-24T15:45:31,2026-09-24,VMC,HOLD,0,EMA Crossover (9/21),MEDIUM,3,10.51,nan,3.37,0.0,6.74,0.0,0.0,2026-10-10,0.54,0.79,100.0,27.22,8.59,45.12,-8.43,16.0,2,2026-06-05 to 2026-09-21 (74 days),-1.0,34.8,nan,nan,nan,NEUTRAL,LOW,High volume; Strong trend (ADX=50); Last surprise: +4.9%,-1.0,-1.0,1.0,35,2026-10-29,4.86,0
2026-09-24T15:44:28,2026-09-24,HUBB,HOLD,1,VWAP Trend,LOW,1,10.43,463.7,3.93,445.48,4.03,482.39,0.0,2026-09-27,0.0,0.0,57.1,1.05,-2.29,11.0,-13.37,3.6,7,2026-06-08 to 2026-09-23 (75 days),-1.0,51.7,0.2697,474.05,484.53,BEARISH,MEDIUM,Last surprise: +2.4%,6.95,-1.0,1.0,33,2026-10-27,2.41,0
2026-09-24T15:45:04,2026-09-24,PKG,HOLD,1,ADX Trend Following,LOW,0,10.43,nan,2.72,nan,4.08,nan,0.0,2026-10-03,-1.24,-1.78,25.0,0.37,-11.81,-43.73,-6.81,9.0,4,2026-06-05 to 2026-09-21 (74 days),-1.0,51.8,nan,nan,nan,NEUTRAL,LOW,Strong trend (ADX=32); Last surprise: +1.7%,-1.0,-1.0,1.0,27,2026-10-21,1.73,0
2026-09-24T15:44:35,2026-09-24,JPM,HOLD,0,MACD Crossover,MEDIUM,3,10.39,nan,2.0,0.0,4.0,0.0,0.0,2026-09-28,0.04,0.05,75.0,1.72,-0.03,-38.03,-3.53,4.5,4,2026-06-08 to 2026-09-22 (74 days),-1.0,35.4,nan,nan,nan,NEUTRAL,LOW,Last surprise: +5.9%; Earnings conf adj: +1,-1.0,-1.0,1.0,19,2026-10-13,5.86,1
2026-09-24T15:44:16,2026-09-24,FITB,BUY,1,ADX Trend Following,HIGH,4,10.35,nan,3.11,nan,6.22,nan,10.0,2026-10-15,1.04,1.41,66.7,3.13,19.93,8.34,-7.77,21.7,3,2026-06-05 to 2026-09-21 (74 days),0.468,41.2,nan,nan,nan,NEUTRAL,LOW,Last surprise: -1.2%,-1.0,-1.0,1.0,25,2026-10-19,-1.19,0
2026-09-24T15:45:56,2026-09-24,H,HOLD,0,VWAP Trend,LOW,1,10.35,nan,5.09,0.0,7.64,0.0,0.0,2026-09-26,-1.43,-1.8,45.5,0.49,-22.28,28.65,-12.73,2.5,11,2026-06-05 to 2026-09-21 (74 days),-1.0,34.4,nan,nan,nan,NEUTRAL,LOW,Strong trend (ADX=44); Last surprise: +20.4%; Earnings conf adj: +1,-1.0,-1.0,1.0,35,2026-10-29,20.43,1
2026-09-24T15:46:35,2026-09-24,CBSH,HOLD,0,VWAP Trend,MEDIUM,3,10.35,nan,2.0,0.0,4.0,0.0,0.0,2026-09-26,2.44,6.25,54.5,3.28,16.25,-10.48,-1.71,2.1,11,2026-06-05 to 2026-09-21 (74 days),-1.0,35.7,nan,nan,nan,NEUTRAL,LOW,Strong trend (ADX=33); Last surprise: +4.8%,-1.0,-1.0,1.0,21,2026-10-15,4.76,0
2026-09-24T15:44:55,2026-09-24,NSC,HOLD,0,EMA Crossover (9/21),HIGH,5,10.19,nan,2.85,0.0,5.7,0.0,0.0,2026-10-27,1.02,1.72,100.0,51.12,17.96,21.39,-7.13,33.5,2,2026-06-05 to 2026-09-21 (74 days),-1.0,25.8,nan,nan,nan,NEUTRAL,LOW,RSI oversold; Strong trend (ADX=63); Last surprise: +6.0%; Earnings conf adj: +1,-1.0,-1.0,1.0,28,2026-10-22,6.02,1
2026-09-24T15:47:08,2026-09-24,FBIN,BUY,1,ADX Trend Following,HIGH,5,10.18,nan,4.44,nan,8.88,nan,10.0,2026-10-09,2.16,4.94,66.7,117.42,123.47,116.5,-11.11,15.7,3,2026-06-05 to 2026-09-21 (74 days),0.325,32.8,nan,nan,nan,NEUTRAL,LOW,Strong trend (ADX=53); Last surprise: +64.6%; Earnings conf adj: +1,-1.0,-1.0,1.0,49,2026-11-12,64.63,1
2026-09-24T15:47:07,2026-09-24,CUZ,HOLD,0,MACD Crossover,HIGH,4,10.1,nan,2.0,0.0,4.0,0.0,0.0,2026-10-05,0.91,1.41,100.0,27.16,8.61,-8.11,-2.56,11.0,2,2026-06-05 to 2026-09-21 (74 days),-1.0,46.6,nan,nan,nan,NEUTRAL,LOW,High volume; Strong trend (ADX=30); Last surprise: +25.0%; Earnings conf adj: +1,-1.0,-1.0,1.0,35,2026-10-29,25.0,1
2026-09-24T15:45:33,2026-09-24,VST,HOLD,0,Stochastic Oscillator,LOW,0,10.09,nan,5.2,0.0,7.8,0.0,0.0,2026-11-04,-0.06,-0.08,0.0,0.0,-4.64,8.9,-13.01,41.0,1,2026-06-08 to 2026-09-22 (74 days),-1.0,45.1,nan,nan,nan,NEUTRAL,LOW,Last surprise: -53.4%; Earnings conf adj: -1,-1.0,-1.0,1.0,42,2026-11-05,-53.37,-1
2026-09-24T15:46:47,2026-09-24,ALGM,HOLD,0,Composite Multi-Indicator,LOW,1,10.08,nan,10.0,0.0,15.0,0.0,0.0,2026-12-17,-3.17,-3.71,0.0,0.0,-88.55,-28.26,-52.57,84.0,1,2026-06-05 to 2026-09-21 (74 days),-1.0,43.9,nan,nan,nan,NEUTRAL,LOW,Last surprise: +9.5%; Earnings conf adj: +1,-1.0,-1.0,1.0,35,2026-10-29,9.52,1
2026-09-24T15:46:01,2026-09-24,SGI,BUY,1,ADX Trend Following,MEDIUM,2,10.06,nan,3.48,nan,6.96,nan,2.02,2026-10-04,0.82,1.38,33.3,2.28,16.55,37.54,-8.69,10.3,3,2026-06-05 to 2026-09-21 (74 days),0.492,41.7,nan,nan,nan,NEUTRAL,LOW,Last surprise: +0.0%,-1.0,-1.0,1.0,42,2026-11-05,0.0,0
2026-09-24T15:44:18,2026-09-24,GD,HOLD,0,MACD Crossover,LOW,1,10.04,nan,3.38,0.0,5.07,0.0,0.0,2026-10-03,-0.28,-0.41,40.0,0.86,-5.42,-14.7,-8.46,9.2,5,2026-06-05 to 2026-09-21 (74 days),-1.0,33.7,nan,nan,nan,NEUTRAL,LOW,Strong trend (ADX=63); Last surprise: +6.8%; Earnings conf adj: +1,-1.0,-1.0,1.0,34,2026-10-28,6.8,1
2026-09-24T15:43:56,2026-09-24,CSGP,HOLD,0,Momentum (Rate of Change),MEDIUM,2,10.0,nan,3.02,0.0,6.04,0.0,0.0,2026-10-14,0.34,0.64,50.0,2.8,6.09,47.41,-7.54,20.5,2,2026-06-05 to 2026-09-21 (74 days),-1.0,40.2,nan,nan,nan,NEUTRAL,LOW,Last surprise: +10.3%; Earnings conf adj: +1,-1.0,-1.0,1.0,33,2026-10-27,10.34,1
2026-09-24T15:45:29,2026-09-24,UNP,HOLD,0,Stochastic Oscillator,HIGH,5,9.59,nan,2.87,0.0,4.3,0.0,0.0,2026-10-12,1.89,3.05,66.7,2.28,27.97,29.78,-7.18,18.0,3,2026-06-05 to 2026-09-21 (74 days),-1.0,24.6,nan,nan,nan,NEUTRAL,LOW,RSI oversold; Strong trend (ADX=50); Last surprise: +5.2%; Earnings conf adj: +1,-1.0,-1.0,1.0,28,2026-10-22,5.25,1
2026-09-24T15:46:21,2026-09-24,CFR,HOLD,0,VWAP Trend,HIGH,5,9.4,nan,2.0,0.0,4.0,0.0,0.0,2026-09-25,1.71,3.11,61.5,2.27,18.37,-38.74,-2.36,1.7,13,2026-06-05 to 2026-09-21 (74 days),-1.0,39.7,nan,nan,nan,NEUTRAL,LOW,Last surprise: +5.1%; Earnings conf adj: +1,-1.0,-1.0,1.0,35,2026-10-29,5.06,1
2026-09-24T15:45:33,2026-09-24,VTR,BUY,1,ADX Trend Following,HIGH,5,9.24,nan,5.4,nan,10.8,nan,10.0,2026-10-28,1.72,2.33,100.0,116.12,45.79,20.58,-13.5,34.5,2,2026-06-05 to 2026-09-21 (74 days),0.433,34.0,nan,nan,nan,NEUTRAL,LOW,Last surprise: +54.5%; Earnings conf adj: +1,-1.0,-1.0,1.0,34,2026-10-28,54.55,1
2026-09-24T15:45:15,2026-09-24,SNPS,HOLD,0,Stochastic Oscillator,LOW,1,9.1,nan,7.94,0.0,11.91,0.0,0.0,2026-10-30,-1.08,-1.43,50.0,0.1,-31.42,8.09,-19.86,36.5,2,2026-06-05 to 2026-09-21 (74 days),-1.0,50.8,nan,nan,nan,NEUTRAL,LOW,Strong trend (ADX=32); Last surprise: +6.5%; Earnings conf adj: +1,-1.0,-1.0,1.0,-29,2026-08-26,6.54,1
2026-09-24T15:45:28,2026-09-24,UNH,HOLD,0,MACD Crossover,MEDIUM,2,9.09,nan,2.18,0.0,4.36,0.0,0.0,2026-09-30,-0.06,-0.09,66.7,1.05,-1.52,12.74,-5.45,6.0,6,2026-06-05 to 2026-09-21 (74 days),-1.0,39.4,nan,nan,nan,NEUTRAL,LOW,Strong trend (ADX=50); Last surprise: +29.7%; Earnings conf adj: +1,-1.0,-1.0,1.0,19,2026-10-13,29.67,1
2026-09-24T15:43:46,2026-09-24,CBOE,HOLD,0,Stochastic Oscillator,LOW,0,9.06,nan,9.27,0.0,13.9,0.0,0.0,2026-10-14,-0.91,-1.16,50.0,0.03,-26.53,-15.12,-23.18,20.5,2,2026-06-05 to 2026-09-21 (74 days),-1.0,38.8,nan,nan,nan,NEUTRAL,LOW,Strong trend (ADX=49); Last surprise: +2.0%,-1.0,-1.0,1.0,36,2026-10-30,2.01,0
2026-09-24T15:47:15,2026-09-24,CDP,HOLD,0,VWAP Trend,HIGH,5,9.05,nan,2.0,0.0,4.0,0.0,0.0,2026-09-25,2.02,5.67,63.6,3.47,18.61,-7.07,-2.67,1.4,11,2026-06-05 to 2026-09-21 (74 days),-1.0,34.5,nan,nan,nan,NEUTRAL,LOW,Strong trend (ADX=55); Last surprise: +25.0%; Earnings conf adj: +1,-1.0,-1.0,1.0,35,2026-10-29,25.0,1
2026-09-24T15:46:05,2026-09-24,RPM,HOLD,0,Multi-Factor Momentum MR,LOW,0,8.91,nan,3.31,0.0,4.96,0.0,0.0,2026-10-07,-3.01,-3.02,0.0,0.0,-25.78,-9.04,-8.28,13.0,1,2026-06-05 to 2026-09-21 (74 days),-1.0,35.9,nan,nan,nan,NEUTRAL,LOW,Last surprise: +3.3%,-1.0,-1.0,1.0,12,2026-10-06,3.28,0
2026-09-24T15:46:44,2026-09-24,LAD,HOLD,0,Momentum (Rate of Change),HIGH,4,8.72,nan,5.51,0.0,11.02,0.0,0.0,2026-10-18,1.14,2.6,50.0,4.14,50.97,13.49,-13.78,24.5,2,2026-06-05 to 2026-09-21 (74 days),-1.0,27.0,nan,nan,nan,NEUTRAL,LOW,RSI oversold; Strong trend (ADX=35); Last surprise: +15.0%; Earnings conf adj: +1,-1.0,-1.0,1.0,27,2026-10-21,15.02,1
2026-09-24T15:47:37,2026-09-24,XLI,HOLD,0,VWAP Trend,HIGH,4,8.63,nan,2.0,0.0,4.0,0.0,0.0,2026-09-27,1.68,3.57,66.7,2.96,14.33,20.76,-3.57,3.0,9,2026-06-05 to 2026-09-21 (74 days),-1.0,37.0,nan,nan,nan,NEUTRAL,LOW,Strong trend (ADX=42),-1.0,-1.0,1.0,-1,,,0
2026-09-24T15:46:15,2026-09-24,AR,HOLD,1,ADX Trend Following,LOW,0,8.62,nan,3.88,nan,5.82,nan,0.0,2026-10-02,-0.69,-1.06,50.0,0.52,-16.92,-2.23,-9.71,8.0,6,2026-06-05 to 2026-09-21 (74 days),-1.0,29.6,nan,nan,nan,NEUTRAL,LOW,RSI oversold; Strong trend (ADX=43); Last surprise: -10.6%; Earnings conf adj: -1,-1.0,-1.0,1.0,34,2026-10-28,-10.59,-1
2026-09-24T15:45:18,2026-09-24,STX,HOLD,0,VWAP Trend,HIGH,5,8.58,nan,3.66,0.0,7.32,0.0,0.0,2026-09-27,1.86,4.19,57.1,3.54,90.31,77.33,-9.15,3.4,7,2026-06-05 to 2026-09-21 (74 days),-1.0,55.0,nan,nan,nan,NEUTRAL,LOW,Last surprise: +12.2%; Earnings conf adj: +1,-1.0,-1.0,1.0,33,2026-10-27,12.18,1
2026-09-24T15:44:25,2026-09-24,HLT,HOLD,0,Stochastic Oscillator,LOW,0,8.57,nan,2.4,0.0,3.6,0.0,0.0,2026-10-20,0.05,0.07,50.0,1.27,-0.48,31.22,-6.0,26.0,2,2026-06-05 to 2026-09-21 (74 days),-1.0,42.0,nan,nan,nan,NEUTRAL,LOW,Strong trend (ADX=46); Last surprise: +0.9%,-1.0,-1.0,1.0,34,2026-10-28,0.88,0
2026-09-24T15:46:14,2026-09-24,SCI,HOLD,0,MACD Crossover,MEDIUM,3,8.46,nan,2.12,0.0,4.24,0.0,0.0,2026-10-23,0.92,1.47,100.0,46.7,16.4,-32.99,-5.31,29.5,2,2026-06-05 to 2026-09-21 (74 days),-1.0,35.6,nan,nan,nan,NEUTRAL,LOW,Last surprise: +1.1%,-1.0,-1.0,1.0,34,2026-10-28,1.12,0
2026-09-24T15:43:38,2026-09-24,AXON,HOLD,0,MACD Crossover,LOW,0,8.11,nan,10.0,0.0,15.0,0.0,0.0,2026-10-11,-0.02,-0.03,50.0,0.14,-11.14,11.04,-27.72,17.5,2,2026-06-05 to 2026-09-21 (74 days),-1.0,36.6,nan,nan,nan,NEUTRAL,LOW,Strong trend (ADX=49); Last surprise: +2.2%,-1.0,-1.0,1.0,40,2026-11-03,2.17,0
2026-09-24T15:43:42,2026-09-24,BMY,HOLD,0,MACD Crossover,MEDIUM,3,8.05,nan,3.67,0.0,7.34,0.0,0.0,2026-10-08,0.86,1.31,50.0,1.91,17.72,-23.77,-9.18,14.5,4,2026-06-05 to 2026-09-21 (74 days),-1.0,38.8,nan,nan,nan,NEUTRAL,LOW,High volume; Last surprise: +27.5%; Earnings conf adj: +1,-1.0,-1.0,1.0,35,2026-10-29,27.5,1
2026-09-24T15:44:20,2026-09-24,GL,HOLD,0,VWAP Trend,HIGH,4,7.91,nan,2.0,0.0,4.0,0.0,0.0,2026-09-26,2.73,11.53,62.5,7.53,16.3,-15.61,-1.1,2.4,8,2026-06-05 to 2026-09-21 (74 days),-1.0,45.3,nan,nan,nan,NEUTRAL,LOW,Last surprise: -1.9%,-1.0,-1.0,1.0,27,2026-10-21,-1.9,0
2026-09-24T15:46:28,2026-09-24,CUBE,HOLD,0,VWAP Trend,HIGH,5,7.88,nan,2.14,0.0,4.28,0.0,0.0,2026-09-28,1.4,2.57,57.1,5.99,19.49,19.95,-5.34,4.1,7,2026-06-05 to 2026-09-21 (74 days),-1.0,45.7,nan,nan,nan,NEUTRAL,LOW,Last surprise: +8.3%; Earnings conf adj: +1,-1.0,-1.0,1.0,35,2026-10-29,8.33,1
2026-09-24T15:43:55,2026-09-24,CPRT,HOLD,0,MACD Crossover,MEDIUM,3,7.86,nan,2.53,0.0,5.06,0.0,0.0,2026-10-09,1.55,3.4,66.7,3.34,51.03,72.09,-6.32,15.0,3,2026-06-05 to 2026-09-21 (74 days),-1.0,37.2,nan,nan,nan,NEUTRAL,LOW,Strong trend (ADX=42); Last surprise: -7.9%; Earnings conf adj: -1,-1.0,-1.0,1.0,56,2026-11-19,-7.89,-1
2026-09-24T15:45:29,2026-09-24,UPS,HOLD,0,VWAP Trend,LOW,1,7.83,nan,2.0,0.0,3.0,0.0,0.0,2026-09-25,-0.04,-0.07,50.0,1.23,-0.52,28.8,-2.52,1.8,8,2026-06-08 to 2026-09-22 (74 days),-1.0,35.2,nan,nan,nan,NEUTRAL,LOW,Strong trend (ADX=41); Last surprise: +6.0%; Earnings conf adj: +1,-1.0,-1.0,1.0,33,2026-10-27,6.02,1
2026-09-24T15:45:57,2026-09-24,PFGC,HOLD,0,MACD Crossover,HIGH,4,7.82,nan,2.0,0.0,4.0,0.0,0.0,2026-10-28,3.04,5.6,100.0,120.6,47.58,63.35,-3.44,34.0,1,2026-06-05 to 2026-09-21 (74 days),-1.0,32.4,nan,nan,nan,NEUTRAL,LOW,Strong trend (ADX=73); Last surprise: -0.6%,-1.0,-1.0,1.0,41,2026-11-04,-0.63,0
2026-09-24T15:45:13,2026-09-24,SBUX,HOLD,0,EMA Crossover (9/21),MEDIUM,3,7.7,nan,3.15,0.0,6.3,0.0,0.0,2026-11-03,0.25,0.39,100.0,10.95,3.12,2.56,-7.88,40.0,2,2026-06-05 to 2026-09-21 (74 days),-1.0,27.3,nan,nan,nan,NEUTRAL,LOW,RSI oversold; Strong trend (ADX=56); Last surprise: +30.8%; Earnings conf adj: +1,-1.0,-1.0,1.0,34,2026-10-28,30.77,1
2026-09-24T15:46:11,2026-09-24,SF,BUY,1,ADX Trend Following,MEDIUM,3,7.66,nan,4.02,nan,8.04,nan,10.0,2026-10-29,0.88,1.28,100.0,45.88,16.13,-12.32,-10.05,35.5,2,2026-06-05 to 2026-09-21 (74 days),0.226,33.9,nan,nan,nan,NEUTRAL,LOW,Strong trend (ADX=55); Last surprise: +4.4%,-1.0,-1.0,1.0,27,2026-10-21,4.41,0
2026-09-24T15:46:35,2026-09-24,KNSL,HOLD,0,EMA Crossover (9/21),HIGH,5,7.64,nan,3.97,0.0,7.94,0.0,0.0,2026-10-31,1.42,2.11,100.0,123.08,49.52,-22.86,-9.93,37.0,2,2026-06-05 to 2026-09-21 (74 days),-1.0,43.3,nan,nan,nan,NEUTRAL,LOW,Last surprise: +8.4%; Earnings conf adj: +1,-1.0,-1.0,1.0,28,2026-10-22,8.41,1
2026-09-24T15:46:47,2026-09-24,HXL,HOLD,0,PEAD Earnings Drift,HIGH,5,7.64,nan,2.0,0.0,4.0,0.0,0.0,2026-11-07,2.89,5.99,100.0,194.43,80.75,88.53,-4.38,44.0,1,2026-06-05 to 2026-09-21 (74 days),-1.0,29.4,nan,nan,nan,NEUTRAL,LOW,RSI oversold; Strong trend (ADX=48); Last surprise: +13.8%; Earnings conf adj: +1,-1.0,-1.0,1.0,27,2026-10-21,13.79,1
2026-09-24T15:46:36,2026-09-24,ACM,HOLD,0,VWAP Trend,LOW,1,7.6,nan,4.99,0.0,7.48,0.0,0.0,2026-10-05,0.61,0.86,57.1,1.4,15.41,48.91,-12.48,11.9,7,2026-06-05 to 2026-09-21 (74 days),-1.0,42.5,nan,nan,nan,NEUTRAL,LOW,Last surprise: -134.2%; Earnings conf adj: -1,-1.0,-1.0,1.0,54,2026-11-17,-134.25,-1
2026-09-24T15:45:01,2026-09-24,PAYX,BUY,1,ADX Trend Following,HIGH,4,7.57,nan,3.96,nan,7.92,nan,10.0,2026-11-02,1.36,2.07,100.0,100.01,38.05,-26.87,-9.89,39.0,2,2026-06-05 to 2026-09-21 (74 days),0.103,39.8,nan,nan,nan,NEUTRAL,LOW,High volume; Last surprise: +1.5%,-1.0,-1.0,1.0,85,2026-12-18,1.52,0
2026-09-24T15:46:23,2026-09-24,ORI,HOLD,0,VWAP Trend,LOW,1,7.57,nan,2.0,0.0,3.0,0.0,0.0,2026-09-25,-0.72,-1.03,55.6,0.87,-5.77,-18.54,-3.25,1.9,9,2026-06-05 to 2026-09-21 (74 days),-1.0,28.6,nan,nan,nan,NEUTRAL,LOW,RSI oversold; Last surprise: -3.8%,-1.0,-1.0,1.0,28,2026-10-22,-3.8,0
2026-09-24T15:43:39,2026-09-24,BAX,HOLD,0,MACD Crossover,HIGH,4,7.52,nan,3.48,0.0,6.96,0.0,0.0,2026-10-13,0.95,1.71,100.0,71.87,26.21,-52.75,-8.7,19.5,2,2026-06-05 to 2026-09-21 (74 days),-1.0,30.8,nan,nan,nan,NEUTRAL,LOW,High volume; Strong trend (ADX=52); Last surprise: +51.4%; Earnings conf adj: +1,-1.0,-1.0,1.0,35,2026-10-29,51.35,1
2026-09-24T15:46:12,2026-09-24,ELAN,HOLD,0,Stochastic Oscillator,MEDIUM,2,7.45,nan,2.87,0.0,4.3,0.0,0.0,2026-10-06,0.44,0.74,50.0,1.86,6.53,23.0,-7.18,12.0,2,2026-06-05 to 2026-09-21 (74 days),-1.0,36.7,nan,nan,nan,NEUTRAL,LOW,Last surprise: +25.9%; Earnings conf adj: +1,-1.0,-1.0,1.0,43,2026-11-06,25.93,1
2026-09-24T15:43:44,2026-09-24,CAH,HOLD,0,Stochastic Oscillator,MEDIUM,3,7.38,nan,2.0,0.0,3.0,0.0,0.0,2026-10-17,0.92,1.41,50.0,53.64,14.08,-24.8,-4.91,23.0,2,2026-06-05 to 2026-09-21 (74 days),-1.0,37.0,nan,nan,nan,NEUTRAL,LOW,Strong trend (ADX=37); Last surprise: +7.4%; Earnings conf adj: +1,-1.0,-1.0,1.0,42,2026-11-05,7.44,1
2026-09-24T15:44:58,2026-09-24,OKE,HOLD,0,VWAP Trend,MEDIUM,3,7.35,nan,2.0,0.0,4.0,0.0,0.0,2026-09-25,0.87,1.8,45.5,1.79,10.08,-9.29,-3.24,1.5,11,2026-06-05 to 2026-09-21 (74 days),-1.0,42.2,nan,nan,nan,NEUTRAL,LOW,Last surprise: +5.5%; Earnings conf adj: +1,-1.0,-1.0,1.0,33,2026-10-27,5.52,1
2026-09-24T15:43:36,2026-09-24,APTV,BUY,1,ADX Trend Following,HIGH,5,7.27,nan,2.0,nan,4.0,nan,10.0,2026-09-27,1.55,13.74,100.0,12.46,3.65,82.78,-0.2,3.0,1,2026-06-05 to 2026-09-21 (74 days),0.123,35.8,nan,nan,nan,NEUTRAL,LOW,Strong trend (ADX=31); Last surprise: +14.0%; Earnings conf adj: +1,-1.0,-1.0,1.0,35,2026-10-29,13.99,1
2026-09-24T15:46:01,2026-09-24,TTMI,HOLD,0,Stochastic Oscillator,LOW,1,7.21,nan,10.0,0.0,15.0,0.0,0.0,2026-12-08,-0.41,-0.56,0.0,0.0,-43.47,21.18,-32.14,75.0,1,2026-06-05 to 2026-09-21 (74 days),-1.0,51.7,nan,nan,nan,NEUTRAL,LOW,Last surprise: +10.0%; Earnings conf adj: +1,-1.0,-1.0,1.0,41,2026-11-04,10.0,1
2026-09-24T15:47:19,2026-09-24,IRT,HOLD,0,VWAP Trend,MEDIUM,2,7.21,nan,2.0,0.0,4.0,0.0,0.0,2026-09-26,0.72,1.28,62.5,2.0,5.33,38.02,-2.41,2.6,8,2026-06-05 to 2026-09-21 (74 days),-1.0,24.9,nan,nan,nan,NEUTRAL,LOW,RSI oversold; Strong trend (ADX=48); Last surprise: -66.7%; Earnings conf adj: -1,-1.0,-1.0,1.0,34,2026-10-28,-66.67,-1
2026-09-24T15:44:01,2026-09-24,DG,HOLD,0,Multi-Factor Momentum MR,LOW,1,7.11,nan,2.0,0.0,3.0,0.0,0.0,2026-09-25,0.0,0.0,0.0,0.0,0.0,-77.9,0.0,0.0,0,2026-06-05 to 2026-09-21 (74 days),-1.0,45.3,nan,nan,nan,NEUTRAL,LOW,Last surprise: +23.4%; Earnings conf adj: +1,-1.0,-1.0,1.0,-28,2026-08-27,23.38,1
2026-09-24T15:45:59,2026-09-24,BWXT,HOLD,0,Multi-Factor Momentum MR,HIGH,4,7.04,nan,2.0,0.0,4.0,0.0,0.0,2026-09-25,1.79,49.3,100.0,27.53,9.45,64.29,-0.1,1.0,1,2026-06-05 to 2026-09-21 (74 days),-1.0,38.1,nan,nan,nan,NEUTRAL,LOW,Last surprise: +2.9%,-1.0,-1.0,1.0,39,2026-11-02,2.88,0
2026-09-24T15:46:54,2026-09-24,HOMB,HOLD,0,VWAP Trend,MEDIUM,2,6.78,nan,2.0,0.0,4.0,0.0,0.0,2026-09-25,0.4,0.62,60.0,1.51,2.51,-36.44,-2.05,1.7,10,2026-06-05 to 2026-09-21 (74 days),-1.0,43.5,nan,nan,nan,NEUTRAL,LOW,Last surprise: +4.9%,-1.0,-1.0,1.0,20,2026-10-14,4.92,0
2026-09-24T15:45:38,2026-09-24,WTW,HOLD,0,Composite Multi-Indicator,HIGH,5,6.71,nan,2.18,0.0,4.36,0.0,0.0,2026-12-01,4.35,11.87,100.0,362.96,189.95,118.79,-5.44,68.0,1,2026-06-05 to 2026-09-21 (74 days),-1.0,35.9,nan,nan,nan,NEUTRAL,LOW,Strong trend (ADX=38); Last surprise: +7.7%; Earnings conf adj: +1,-1.0,-1.0,1.0,35,2026-10-29,7.72,1
2026-09-24T15:47:22,2026-09-24,SMG,HOLD,0,PEAD Earnings Drift,HIGH,5,6.66,nan,3.43,0.0,6.86,0.0,0.0,2026-11-12,1.93,3.92,100.0,183.41,78.1,108.23,-8.58,49.0,1,2026-06-05 to 2026-09-21 (74 days),-1.0,22.5,nan,nan,nan,NEUTRAL,LOW,RSI oversold; Strong trend (ADX=51); Last surprise: +11.9%; Earnings conf adj: +1,-1.0,-1.0,1.0,41,2026-11-04,11.9,1
2026-09-24T15:46:58,2026-09-24,EXP,HOLD,0,Multi-Factor Momentum MR,HIGH,4,6.53,nan,2.0,0.0,4.0,0.0,0.0,2026-09-25,1.75,30.01,100.0,17.15,5.68,49.94,-0.1,1.0,1,2026-06-05 to 2026-09-21 (74 days),-1.0,31.5,nan,nan,nan,NEUTRAL,LOW,Strong trend (ADX=54); Last surprise: -2.7%,-1.0,-1.0,1.0,35,2026-10-29,-2.66,0
2026-09-24T15:46:08,2026-09-24,CCK,HOLD,0,MACD Crossover,HIGH,5,6.49,nan,2.31,0.0,4.62,0.0,0.0,2026-10-12,2.62,4.82,66.7,18.85,53.55,-17.24,-5.78,18.0,3,2026-06-05 to 2026-09-21 (74 days),-1.0,28.4,nan,nan,nan,NEUTRAL,LOW,RSI oversold; Strong trend (ADX=36); Last surprise: +15.3%; Earnings conf adj: +1,-1.0,-1.0,1.0,25,2026-10-19,15.28,1
2026-09-24T15:47:34,2026-09-24,TLT,HOLD,0,Stochastic Oscillator,LOW,0,6.49,nan,2.0,0.0,3.0,0.0,0.0,2026-10-22,-0.39,-0.56,50.0,0.74,-3.2,4.42,-3.71,28.5,2,2026-06-08 to 2026-09-22 (74 days),-1.0,49.4,nan,nan,nan,NEUTRAL,LOW,High volume,-1.0,-1.0,1.0,-1,,,0
2026-09-24T15:45:11,2026-09-24,ROK,HOLD,0,Multi-Factor Momentum MR,LOW,1,6.47,nan,2.82,0.0,4.23,0.0,0.0,2026-10-13,0.39,0.54,50.0,1.89,6.25,21.23,-7.06,19.0,2,2026-06-05 to 2026-09-21 (74 days),-1.0,47.4,nan,nan,nan,NEUTRAL,LOW,Last surprise: +3.3%,-1.0,-1.0,1.0,42,2026-11-05,3.25,0
2026-09-24T15:47:20,2026-09-24,VVV,BUY,1,ADX Trend Following,HIGH,4,6.3,nan,2.52,nan,5.04,nan,10.0,2026-10-29,0.98,1.55,100.0,47.25,16.45,80.25,-6.29,35.0,1,2026-06-05 to 2026-09-21 (74 days),0.853,15.5,nan,nan,nan,NEUTRAL,LOW,RSI oversold; High volume; Strong trend (ADX=66); Last surprise: +14.0%; Earnings conf adj: +1,-1.0,-1.0,1.0,55,2026-11-18,14.0,1
2026-09-24T15:47:01,2026-09-24,FLG,HOLD,0,VWAP Trend,LOW,0,6.27,nan,2.0,0.0,3.0,0.0,0.0,2026-09-26,0.22,0.32,60.0,1.29,1.62,32.46,-3.51,2.5,10,2026-06-05 to 2026-09-21 (74 days),-1.0,28.5,nan,nan,nan,NEUTRAL,LOW,RSI oversold; Last surprise: -28.6%; Earnings conf adj: -1,-1.0,-1.0,1.0,29,2026-10-23,-28.57,-1
2026-09-24T15:44:51,2026-09-24,MS,HOLD,0,Composite Multi-Indicator,HIGH,5,6.11,nan,2.0,0.0,4.0,0.0,0.0,2026-09-30,3.31,120.78,100.0,67.57,24.87,32.28,-0.1,6.0,1,2026-06-05 to 2026-09-21 (74 days),-1.0,42.3,nan,nan,nan,NEUTRAL,LOW,Strong trend (ADX=41); Last surprise: +18.1%; Earnings conf adj: +1,-1.0,-1.0,1.0,20,2026-10-14,18.09,1
2026-09-24T15:46:31,2026-09-24,PRI,HOLD,0,Composite Multi-Indicator,HIGH,5,6.1,nan,2.0,0.0,4.0,0.0,0.0,2026-10-29,3.38,8.12,100.0,122.68,48.53,18.79,-1.6,35.0,1,2026-06-05 to 2026-09-21 (74 days),-1.0,36.9,nan,nan,nan,NEUTRAL,LOW,Last surprise: +6.7%; Earnings conf adj: +1,-1.0,-1.0,1.0,41,2026-11-04,6.66,1
2026-09-24T15:47:21,2026-09-24,ASH,HOLD,0,MACD Crossover,MEDIUM,3,6.03,nan,2.0,0.0,4.0,0.0,0.0,2026-10-03,0.82,1.84,100.0,30.18,9.74,-98.01,-4.05,9.5,2,2026-06-05 to 2026-09-21 (74 days),-1.0,38.3,nan,nan,nan,NEUTRAL,LOW,Strong trend (ADX=39); Last surprise: +4.1%,-1.0,-1.0,1.0,40,2026-11-03,4.08,0
2026-09-24T15:47:28,2026-09-24,CPRI,HOLD,0,MACD Crossover,LOW,1,5.98,nan,6.24,0.0,9.36,0.0,0.0,2026-10-08,-0.47,-0.67,50.0,0.75,-14.36,47.15,-15.6,14.5,2,2026-06-05 to 2026-09-21 (74 days),-1.0,50.9,nan,nan,nan,NEUTRAL,LOW,Strong trend (ADX=37); Last surprise: +67.5%; Earnings conf adj: +1,-1.0,-1.0,1.0,40,2026-11-03,67.5,1
2026-09-24T15:44:04,2026-09-24,DPZ,HOLD,0,MACD Crossover,HIGH,4,5.97,nan,2.15,0.0,4.3,0.0,0.0,2026-11-04,1.9,3.71,100.0,133.95,53.21,68.15,-5.38,41.0,1,2026-06-05 to 2026-09-21 (74 days),-1.0,33.5,nan,nan,nan,NEUTRAL,LOW,Strong trend (ADX=49); Last surprise: -2.4%,-1.0,-1.0,1.0,19,2026-10-13,-2.4,0
2026-09-24T15:43:30,2026-09-24,AJG,HOLD,0,Composite Multi-Indicator,HIGH,4,5.9,nan,2.91,0.0,5.82,0.0,0.0,2026-10-31,3.79,8.98,100.0,285.16,136.76,98.83,-7.28,37.0,1,2026-06-05 to 2026-09-21 (74 days),-1.0,37.9,nan,nan,nan,NEUTRAL,LOW,Strong trend (ADX=32); Last surprise: +1.1%,-1.0,-1.0,1.0,35,2026-10-29,1.07,0
2026-09-24T15:45:56,2026-09-24,PNFP,HOLD,0,VWAP Trend,LOW,0,5.86,nan,2.0,0.0,3.0,0.0,0.0,2026-09-26,0.13,0.18,44.4,1.28,0.8,-1.5,-3.0,2.6,9,2026-06-05 to 2026-09-21 (74 days),-1.0,36.7,nan,nan,nan,NEUTRAL,LOW,Strong trend (ADX=44); Last surprise: +1.6%,-1.0,-1.0,1.0,27,2026-10-21,1.63,0
2026-09-24T15:47:06,2026-09-24,PSN,HOLD,0,Stochastic Oscillator,HIGH,5,5.84,nan,2.0,0.0,3.0,0.0,0.0,2026-10-09,2.31,6.41,100.0,149.08,59.82,118.9,-4.54,15.0,1,2026-06-05 to 2026-09-21 (74 days),-1.0,41.9,nan,nan,nan,NEUTRAL,LOW,Last surprise: +13.2%; Earnings conf adj: +1,-1.0,-1.0,1.0,41,2026-11-04,13.16,1
2026-09-24T15:43:34,2026-09-24,AMZN,HOLD,0,Stochastic Oscillator,HIGH,5,5.82,nan,4.0,0.0,6.0,0.0,0.0,2026-10-16,1.9,4.36,66.7,9.88,93.06,78.64,-10.01,22.7,3,2026-06-08 to 2026-09-22 (74 days),-1.0,49.2,nan,nan,nan,NEUTRAL,LOW,Last surprise: +214.2%; Earnings conf adj: +1,-1.0,-1.0,1.0,35,2026-10-29,214.21,1
2026-09-24T15:45:49,2026-09-24,TOST,HOLD,0,Composite Multi-Indicator,HIGH,5,5.82,nan,3.18,0.0,6.36,0.0,0.0,2026-11-22,3.88,7.73,100.0,354.61,183.89,91.11,-7.94,59.0,1,2026-06-05 to 2026-09-21 (74 days),-1.0,32.0,nan,nan,nan,NEUTRAL,LOW,Strong trend (ADX=38); Last surprise: +12.5%; Earnings conf adj: +1,-1.0,-1.0,1.0,40,2026-11-03,12.5,1
2026-09-24T15:44:25,2026-09-24,HIG,BUY,1,ADX Trend Following,HIGH,5,5.81,nan,2.0,nan,4.0,nan,10.0,2026-11-10,2.76,5.11,100.0,122.9,48.13,50.3,-4.46,47.0,1,2026-06-05 to 2026-09-21 (74 days),0.298,33.6,nan,nan,nan,NEUTRAL,LOW,Strong trend (ADX=30); Last surprise: +8.9%; Earnings conf adj: +1,-1.0,-1.0,1.0,35,2026-10-29,8.92,1
2026-09-24T15:45:16,2026-09-24,SPGI,HOLD,0,VWAP Trend,MEDIUM,3,5.79,nan,3.59,0.0,7.18,0.0,0.0,2026-10-03,1.56,2.84,33.3,2.27,49.82,46.49,-8.97,9.7,6,2026-06-05 to 2026-09-21 (74 days),-1.0,39.9,nan,nan,nan,NEUTRAL,LOW,Last surprise: -3.0%,-1.0,-1.0,1.0,35,2026-10-29,-2.99,0
2026-09-24T15:43:44,2026-09-24,BXP,HOLD,0,VWAP Trend,MEDIUM,3,5.77,nan,2.0,0.0,4.0,0.0,0.0,2026-09-26,0.32,0.55,57.1,1.59,3.12,-11.28,-3.91,2.3,7,2026-06-05 to 2026-09-21 (74 days),-1.0,40.6,nan,nan,nan,NEUTRAL,LOW,Strong trend (ADX=34); Last surprise: +16.3%; Earnings conf adj: +1,-1.0,-1.0,1.0,33,2026-10-27,16.28,1
2026-09-24T15:45:52,2026-09-24,BURL,HOLD,0,MACD Crossover,HIGH,4,5.73,nan,2.03,0.0,4.06,0.0,0.0,2026-10-22,0.51,0.72,100.0,23.3,7.52,62.38,-5.08,28.0,1,2026-06-05 to 2026-09-21 (74 days),-1.0,38.0,nan,nan,nan,NEUTRAL,LOW,Strong trend (ADX=62); Last surprise: +35.2%; Earnings conf adj: +1,-1.0,-1.0,1.0,64,2026-11-27,35.16,1
2026-09-24T15:45:13,2026-09-24,SCHW,BUY,1,ADX Trend Following,HIGH,4,5.72,nan,3.18,nan,6.36,nan,10.0,2026-10-25,2.4,3.91,66.7,147.56,60.18,1.73,-7.94,31.3,3,2026-06-08 to 2026-09-22 (74 days),0.603,33.4,nan,nan,nan,NEUTRAL,LOW,Last surprise: +4.5%,-1.0,-1.0,1.0,21,2026-10-15,4.52,0
2026-09-24T15:44:53,2026-09-24,NEE,HOLD,0,PEAD Earnings Drift,HIGH,4,5.65,nan,2.0,0.0,4.0,0.0,0.0,2026-11-08,2.27,4.12,100.0,67.8,24.53,45.34,-2.58,45.0,1,2026-06-05 to 2026-09-21 (74 days),-1.0,30.3,nan,nan,nan,NEUTRAL,LOW,Strong trend (ADX=47); Last surprise: +3.6%,-1.0,-1.0,1.0,33,2026-10-27,3.6,0
2026-09-24T15:43:30,2026-09-24,ALB,HOLD,0,Multi-Factor Momentum MR,HIGH,5,5.62,nan,2.0,0.0,4.0,0.0,0.0,2026-09-30,1.72,5.27,100.0,107.26,41.61,107.75,-3.74,6.0,1,2026-06-05 to 2026-09-21 (74 days),-1.0,37.3,nan,nan,nan,NEUTRAL,LOW,Strong trend (ADX=49); Last surprise: +15.7%; Earnings conf adj: +1,-1.0,-1.0,1.0,41,2026-11-04,15.74,1
2026-09-24T15:47:11,2026-09-24,KBR,HOLD,0,VWAP Trend,LOW,1,5.62,nan,5.02,0.0,7.53,0.0,0.0,2026-10-06,-1.34,-1.7,50.0,0.22,-30.08,-35.09,-12.56,12.3,6,2026-06-05 to 2026-09-21 (74 days),-1.0,42.0,nan,nan,nan,NEUTRAL,LOW,Last surprise: +10.0%; Earnings conf adj: +1,-1.0,-1.0,1.0,28,2026-10-22,10.0,1
2026-09-24T15:43:29,2026-09-24,AEP,EXIT,-1,VWAP Trend,MEDIUM,2,5.4,nan,2.0,nan,4.0,nan,10.0,2026-09-26,1.38,2.58,50.0,1.97,12.37,32.63,-3.58,2.6,8,2026-06-05 to 2026-09-21 (74 days),-1.0,34.9,nan,nan,nan,NEUTRAL,LOW,Strong trend (ADX=32); Last surprise: -8.1%; Earnings conf adj: -1,-1.0,-1.0,1.0,35,2026-10-29,-8.11,-1
2026-09-24T15:45:26,2026-09-24,TTWO,HOLD,0,Stochastic Oscillator,HIGH,5,5.39,nan,3.15,0.0,4.72,0.0,0.0,2026-10-10,1.48,2.77,66.7,8.32,47.5,54.52,-7.88,16.7,3,2026-06-05 to 2026-09-21 (74 days),-1.0,38.1,nan,nan,nan,NEUTRAL,LOW,Strong trend (ADX=31); Last surprise: +14.3%; Earnings conf adj: +1,-1.0,-1.0,1.0,46,2026-11-09,14.29,1
2026-09-24T15:47:02,2026-09-24,KRG,HOLD,0,VWAP Trend,MEDIUM,2,5.38,nan,3.75,0.0,7.5,0.0,0.0,2026-09-25,-2.28,-2.7,57.1,0.56,-20.52,4.67,-9.38,1.6,14,2026-06-05 to 2026-09-21 (74 days),-1.0,27.5,nan,nan,nan,NEUTRAL,LOW,RSI oversold; Last surprise: +260.0%; Earnings conf adj: +1,-1.0,-1.0,1.0,41,2026-11-04,260.0,1
2026-09-24T15:45:46,2026-09-24,CRS,HOLD,0,Momentum (Rate of Change),HIGH,4,5.37,nan,4.62,0.0,9.24,0.0,0.0,2026-11-02,1.38,2.51,100.0,116.57,37.46,84.14,-11.54,39.0,1,2026-06-05 to 2026-09-21 (74 days),-1.0,22.8,nan,nan,nan,NEUTRAL,LOW,RSI oversold; Strong trend (ADX=79); Last surprise: +4.9%,-1.0,-1.0,1.0,28,2026-10-22,4.87,0
2026-09-24T15:46:24,2026-09-24,CYTK,HOLD,0,VWAP Trend,HIGH,4,5.26,nan,2.0,0.0,4.0,0.0,0.0,2026-09-26,1.78,3.19,50.0,2.34,21.83,39.52,-2.58,2.6,8,2026-06-05 to 2026-09-21 (74 days),-1.0,32.7,nan,nan,nan,NEUTRAL,LOW,Last surprise: +6.3%; Earnings conf adj: +1,-1.0,-1.0,1.0,42,2026-11-05,6.25,1
2026-09-24T15:45:16,2026-09-24,SPG,HOLD,0,Composite Multi-Indicator,HIGH,5,5.1,nan,2.0,0.0,4.0,0.0,0.0,2026-10-23,2.28,3.61,100.0,81.19,29.99,31.39,-3.86,29.0,1,2026-06-05 to 2026-09-21 (74 days),-1.0,36.7,nan,nan,nan,NEUTRAL,LOW,Strong trend (ADX=54); Last surprise: +10.2%; Earnings conf adj: +1,-1.0,-1.0,1.0,39,2026-11-02,10.19,1
2026-09-24T15:45:36,2026-09-24,WM,HOLD,0,Multi-Factor Momentum MR,HIGH,4,5.02,nan,2.0,0.0,4.0,0.0,0.0,2026-09-25,1.77,40.64,100.0,22.87,7.75,25.93,-0.1,1.0,1,2026-06-05 to 2026-09-21 (74 days),-1.0,29.0,nan,nan,nan,NEUTRAL,LOW,RSI oversold; Last surprise: +2.0%,-1.0,-1.0,1.0,32,2026-10-26,2.02,0
2026-09-24T15:46:59,2026-09-24,RLI,HOLD,0,Composite Multi-Indicator,HIGH,5,5.0,nan,2.86,0.0,5.72,0.0,0.0,2026-10-30,3.55,6.83,100.0,233.36,105.44,52.54,-7.15,36.0,1,2026-06-05 to 2026-09-21 (74 days),-1.0,34.1,nan,nan,nan,NEUTRAL,LOW,Strong trend (ADX=31); Last surprise: +15.3%; Earnings conf adj: +1,-1.0,-1.0,1.0,25,2026-10-19,15.28,1
2026-09-24T15:46:13,2026-09-24,PINS,HOLD,0,EMA Crossover (9/21),HIGH,5,4.86,nan,4.22,0.0,8.44,0.0,0.0,2026-11-22,1.17,1.72,100.0,101.71,38.71,68.17,-10.56,59.0,1,2026-06-05 to 2026-09-21 (74 days),-1.0,40.3,nan,nan,nan,NEUTRAL,LOW,Strong trend (ADX=43); Last surprise: +19.4%; Earnings conf adj: +1,-1.0,-1.0,1.0,46,2026-11-09,19.44,1
2026-09-24T15:45:40,2026-09-24,ZTS,HOLD,1,SMA Crossover (10/50),LOW,1,4.83,nan,2.32,nan,3.48,nan,0.0,2026-10-04,0.29,0.48,50.0,1.52,2.55,31.92,-5.79,10.5,2,2026-06-05 to 2026-09-21 (74 days),-1.0,36.5,nan,nan,nan,NEUTRAL,LOW,Last surprise: +1.1%,-1.0,-1.0,1.0,42,2026-11-05,1.08,0
2026-09-24T15:45:19,2026-09-24,STZ,BUY,1,ADX Trend Following,MEDIUM,2,4.8,nan,4.36,nan,8.72,nan,5.0,2026-10-05,-0.3,-0.39,60.0,0.8,-8.27,35.41,-10.91,11.6,5,2026-06-05 to 2026-09-21 (74 days),0.619,30.7,nan,nan,nan,NEUTRAL,LOW,Strong trend (ADX=35); Last surprise: +7.2%; Earnings conf adj: +1,-1.0,-1.0,1.0,12,2026-10-06,7.19,1
2026-09-24T15:46:38,2026-09-24,HQY,HOLD,0,Stochastic Oscillator,HIGH,4,4.8,nan,2.0,0.0,3.0,0.0,0.0,2026-10-08,2.38,8.88,100.0,117.53,40.76,16.08,-2.19,14.0,1,2026-06-05 to 2026-09-21 (74 days),-1.0,41.4,nan,nan,nan,NEUTRAL,LOW,Strong trend (ADX=32); Last surprise: +4.2%,-1.0,-1.0,1.0,-28,2026-08-27,4.2,0
2026-09-24T15:44:14,2026-09-24,FERG,HOLD,0,VWAP Trend,MEDIUM,2,4.64,nan,2.0,0.0,4.0,0.0,0.0,2026-09-25,0.58,1.04,50.0,1.61,5.24,22.99,-4.02,1.3,6,2026-06-05 to 2026-09-21 (74 days),-1.0,36.6,nan,nan,nan,NEUTRAL,LOW,Strong trend (ADX=33); Last surprise: +2.7%,-1.0,-1.0,1.0,46,2026-11-09,2.73,0
2026-09-24T15:46:31,2026-09-24,RRC,HOLD,0,MACD Crossover,HIGH,5,4.58,nan,2.5,0.0,5.0,0.0,0.0,2026-12-04,1.96,3.24,100.0,131.81,52.74,62.03,-6.24,71.0,1,2026-06-05 to 2026-09-21 (74 days),-1.0,34.2,nan,nan,nan,NEUTRAL,LOW,Strong trend (ADX=40); Last surprise: +21.5%; Earnings conf adj: +1,-1.0,-1.0,1.0,33,2026-10-27,21.54,1
2026-09-24T15:46:40,2026-09-24,VLY,HOLD,0,Composite Multi-Indicator,HIGH,4,4.56,nan,2.0,0.0,4.0,0.0,0.0,2026-10-23,1.92,3.05,100.0,60.04,21.84,26.04,-2.69,29.0,1,2026-06-05 to 2026-09-21 (74 days),-1.0,37.1,nan,nan,nan,NEUTRAL,LOW,Strong trend (ADX=41); Last surprise: -3.2%,-1.0,-1.0,1.0,35,2026-10-29,-3.23,0
2026-09-24T15:47:23,2026-09-24,COLM,HOLD,0,VWAP Trend,LOW,1,4.47,nan,3.84,0.0,5.76,0.0,0.0,2026-09-28,-0.85,-1.21,37.5,0.72,-13.1,20.59,-9.61,4.5,8,2026-06-05 to 2026-09-21 (74 days),-1.0,44.1,nan,nan,nan,NEUTRAL,LOW,Last surprise: +233.3%; Earnings conf adj: +1,-1.0,-1.0,1.0,35,2026-10-29,233.33,1
2026-09-24T15:45:15,2026-09-24,SNA,HOLD,0,Composite Multi-Indicator,HIGH,4,4.45,nan,2.0,0.0,4.0,0.0,0.0,2026-10-19,1.67,3.17,100.0,50.93,18.27,25.12,-3.29,25.0,1,2026-06-05 to 2026-09-21 (74 days),-1.0,28.2,nan,nan,nan,NEUTRAL,LOW,RSI oversold; Strong trend (ADX=35); Last surprise: +0.2%,-1.0,-1.0,1.0,21,2026-10-15,0.2,0
2026-09-24T15:45:34,2026-09-24,WDAY,HOLD,0,VWAP Trend,HIGH,5,4.44,nan,5.92,0.0,11.84,0.0,0.0,2026-10-02,2.67,6.17,66.7,10.73,277.11,109.34,-14.79,8.8,6,2026-06-05 to 2026-09-21 (74 days),-1.0,52.3,nan,nan,nan,NEUTRAL,LOW,Last surprise: +5.4%; Earnings conf adj: +1,-1.0,-1.0,1.0,-28,2026-08-27,5.36,1
2026-09-24T15:46:33,2026-09-24,COLB,HOLD,0,Stochastic Oscillator,MEDIUM,2,4.44,nan,2.07,0.0,3.1,0.0,0.0,2026-10-17,0.69,1.06,50.0,2.79,7.38,0.16,-5.18,23.0,2,2026-06-05 to 2026-09-21 (74 days),-1.0,43.7,nan,nan,nan,NEUTRAL,LOW,Strong trend (ADX=33); Last surprise: +4.1%,-1.0,-1.0,1.0,35,2026-10-29,4.11,0
2026-09-24T15:47:14,2026-09-24,CAR,HOLD,0,VWAP Trend,LOW,0,4.43,nan,6.25,0.0,9.38,0.0,0.0,2026-10-05,-0.43,-0.57,57.1,0.77,-19.95,55.81,-15.63,11.4,7,2026-06-05 to 2026-09-21 (74 days),-1.0,29.7,nan,nan,nan,NEUTRAL,LOW,RSI oversold; Strong trend (ADX=49); Last surprise: -47.0%; Earnings conf adj: -1,-1.0,-1.0,1.0,33,2026-10-27,-47.03,-1
2026-09-24T15:43:49,2026-09-24,CHTR,HOLD,0,MACD Crossover,HIGH,5,4.41,nan,3.45,0.0,6.9,0.0,0.0,2026-10-16,1.24,1.88,100.0,88.3,32.98,54.09,-8.62,22.0,1,2026-06-05 to 2026-09-21 (74 days),-1.0,34.7,nan,nan,nan,NEUTRAL,LOW,High volume; Last surprise: +6.0%; Earnings conf adj: +1,-1.0,-1.0,1.0,36,2026-10-30,5.96,1
2026-09-24T15:43:35,2026-09-24,APD,HOLD,0,Multi-Factor Momentum MR,HIGH,4,4.4,nan,2.0,0.0,4.0,0.0,0.0,2026-10-05,2.85,5.56,100.0,53.72,18.96,20.36,-1.69,11.0,1,2026-06-05 to 2026-09-21 (74 days),-1.0,29.8,nan,nan,nan,NEUTRAL,LOW,RSI oversold; Strong trend (ADX=48); Last surprise: +3.9%,-1.0,-1.0,1.0,42,2026-11-05,3.89,0
2026-09-24T15:47:26,2026-09-24,CXT,BUY,1,ADX Trend Following,HIGH,5,4.39,nan,2.52,nan,5.04,nan,10.0,2026-11-06,3.02,5.14,100.0,197.6,84.97,-44.1,-6.3,43.0,1,2026-06-05 to 2026-09-21 (74 days),0.512,36.0,nan,nan,nan,NEUTRAL,LOW,Strong trend (ADX=31); Last surprise: +5.8%; Earnings conf adj: +1,-1.0,-1.0,1.0,41,2026-11-04,5.77,1
2026-09-24T15:46:13,2026-09-24,TXRH,HOLD,0,EMA Crossover (9/21),HIGH,4,4.36,nan,3.52,0.0,7.04,0.0,0.0,2026-12-03,1.32,2.16,100.0,87.06,32.89,41.3,-8.81,70.0,1,2026-06-05 to 2026-09-21 (74 days),-1.0,19.9,nan,nan,nan,NEUTRAL,LOW,RSI oversold; High volume; Strong trend (ADX=70); Last surprise: +1.1%,-1.0,-1.0,1.0,42,2026-11-05,1.09,0
2026-09-24T15:44:34,2026-09-24,J,HOLD,0,Composite Multi-Indicator,HIGH,4,4.33,nan,2.24,0.0,4.48,0.0,0.0,2026-11-23,4.12,7.42,100.0,266.45,125.08,50.11,-5.59,60.0,1,2026-06-05 to 2026-09-21 (74 days),-1.0,49.3,nan,nan,nan,NEUTRAL,LOW,Last surprise: +0.5%,-1.0,-1.0,1.0,56,2026-11-19,0.55,0
2026-09-24T15:46:07,2026-09-24,ALLY,HOLD,0,PEAD Earnings Drift,HIGH,4,4.29,nan,2.34,0.0,4.68,0.0,0.0,2026-11-02,1.47,2.26,100.0,75.92,27.37,46.86,-5.86,39.0,1,2026-06-05 to 2026-09-21 (74 days),-1.0,31.9,nan,nan,nan,NEUTRAL,LOW,Strong trend (ADX=40); Last surprise: -0.8%,-1.0,-1.0,1.0,26,2026-10-20,-0.82,0
2026-09-24T15:46:18,2026-09-24,UMBF,HOLD,0,Composite Multi-Indicator,HIGH,5,4.29,nan,2.0,0.0,4.0,0.0,0.0,2026-10-19,1.89,2.92,100.0,65.09,23.86,11.32,-2.69,25.0,1,2026-06-05 to 2026-09-21 (74 days),-1.0,30.9,nan,nan,nan,NEUTRAL,LOW,Strong trend (ADX=53); Last surprise: +14.4%; Earnings conf adj: +1,-1.0,-1.0,1.0,33,2026-10-27,14.42,1
2026-09-24T15:45:29,2026-09-24,USB,HOLD,0,EMA Crossover (9/21),HIGH,5,4.26,nan,2.22,0.0,4.44,0.0,0.0,2026-12-10,2.55,3.8,100.0,136.38,54.88,18.27,-5.56,77.0,1,2026-06-05 to 2026-09-21 (74 days),-1.0,39.4,nan,nan,nan,NEUTRAL,LOW,Last surprise: +5.5%; Earnings conf adj: +1,-1.0,-1.0,1.0,21,2026-10-15,5.47,1
2026-09-24T15:45:59,2026-09-24,PAG,HOLD,0,Composite Multi-Indicator,HIGH,5,4.26,nan,2.0,0.0,4.0,0.0,0.0,2026-12-02,3.01,7.89,100.0,247.17,113.47,-1.85,-4.66,69.0,1,2026-06-05 to 2026-09-21 (74 days),-1.0,42.4,nan,nan,nan,NEUTRAL,LOW,Last surprise: +6.8%; Earnings conf adj: +1,-1.0,-1.0,1.0,34,2026-10-28,6.78,1
2026-09-24T15:45:38,2026-09-24,WYNN,HOLD,0,MACD Crossover,MEDIUM,3,4.25,nan,2.0,0.0,4.0,0.0,0.0,2026-10-19,0.22,0.39,100.0,7.28,1.83,55.66,-4.72,25.0,1,2026-06-05 to 2026-09-21 (74 days),-1.0,26.4,nan,nan,nan,NEUTRAL,LOW,RSI oversold; Strong trend (ADX=65); Last surprise: +26.5%; Earnings conf adj: +1,-1.0,-1.0,1.0,42,2026-11-05,26.53,1
2026-09-24T15:46:05,2026-09-24,GGG,HOLD,0,MACD Crossover,HIGH,5,4.25,nan,2.0,0.0,4.0,0.0,0.0,2026-10-26,2.13,5.54,100.0,89.38,33.42,21.05,-3.5,32.0,1,2026-06-05 to 2026-09-21 (74 days),-1.0,41.7,nan,nan,nan,NEUTRAL,LOW,Last surprise: +12.3%; Earnings conf adj: +1,-1.0,-1.0,1.0,27,2026-10-21,12.35,1
2026-09-24T15:46:55,2026-09-24,GBCI,HOLD,0,VWAP Trend,LOW,0,4.23,nan,2.0,0.0,3.0,0.0,0.0,2026-09-26,-0.17,-0.25,50.0,1.11,-2.09,12.11,-3.98,2.8,10,2026-06-05 to 2026-09-21 (74 days),-1.0,32.5,nan,nan,nan,NEUTRAL,LOW,Strong trend (ADX=45); Last surprise: +0.0%,-1.0,-1.0,1.0,21,2026-10-15,0.0,0
2026-09-24T15:45:17,2026-09-24,STE,BUY,1,VWAP Trend,MEDIUM,2,4.2,nan,2.61,nan,5.22,nan,10.0,2026-09-30,0.62,1.0,55.6,1.5,12.84,19.4,-6.52,6.9,9,2026-06-05 to 2026-09-21 (74 days),0.349,29.8,nan,nan,nan,NEUTRAL,LOW,RSI oversold; Strong trend (ADX=54); Last surprise: +4.0%,-1.0,-1.0,1.0,41,2026-11-04,4.02,0
2026-09-24T15:44:33,2026-09-24,ITW,HOLD,0,MACD Crossover,HIGH,4,4.19,nan,2.0,0.0,4.0,0.0,0.0,2026-10-01,1.3,2.51,66.7,7.17,18.2,-6.07,-3.88,7.7,3,2026-06-05 to 2026-09-21 (74 days),-1.0,39.0,nan,nan,nan,NEUTRAL,LOW,Strong trend (ADX=31); Last surprise: +1.4%,-1.0,-1.0,1.0,29,2026-10-23,1.43,0
2026-09-24T15:46:27,2026-09-24,R,HOLD,0,VWAP Trend,LOW,0,4.17,nan,2.0,0.0,3.0,0.0,0.0,2026-09-25,-0.12,-0.19,40.0,1.11,-1.77,29.32,-4.68,1.1,10,2026-06-05 to 2026-09-21 (74 days),-1.0,32.9,nan,nan,nan,NEUTRAL,LOW,Strong trend (ADX=38); Last surprise: +1.1%,-1.0,-1.0,1.0,28,2026-10-22,1.08,0
2026-09-24T15:44:30,2026-09-24,IFF,HOLD,0,Momentum (Rate of Change),MEDIUM,2,4.13,nan,4.37,0.0,8.74,0.0,0.0,2026-11-06,0.97,1.71,100.0,74.24,26.26,-38.95,-10.93,43.5,2,2026-06-05 to 2026-09-21 (74 days),-1.0,49.1,nan,nan,nan,NEUTRAL,LOW,Last surprise: -26.8%; Earnings conf adj: -1,-1.0,-1.0,1.0,40,2026-11-03,-26.79,-1
2026-09-24T15:45:39,2026-09-24,XYZ,HOLD,0,Stochastic Oscillator,HIGH,5,4.07,nan,2.0,0.0,3.0,0.0,0.0,2026-10-15,2.28,5.57,100.0,156.59,61.22,2.49,-3.22,21.0,1,2026-06-05 to 2026-09-21 (74 days),-1.0,44.8,nan,nan,nan,NEUTRAL,LOW,Last surprise: +17.2%; Earnings conf adj: +1,-1.0,-1.0,1.0,46,2026-11-09,17.24,1
2026-09-24T15:45:44,2026-09-24,CW,HOLD,0,PEAD Earnings Drift,MEDIUM,3,4.02,nan,5.72,0.0,11.44,0.0,0.0,2026-11-21,0.57,0.82,100.0,36.9,12.91,71.42,-14.3,58.0,1,2026-06-05 to 2026-09-21 (74 days),-1.0,34.2,nan,nan,nan,NEUTRAL,LOW,Strong trend (ADX=43); Last surprise: +2.8%,-1.0,-1.0,1.0,41,2026-11-04,2.76,0
2026-09-24T15:45:24,2026-09-24,TPR,HOLD,0,Multi-Factor Momentum MR,MEDIUM,2,3.99,nan,4.14,0.0,8.28,0.0,0.0,2026-11-02,0.14,0.2,100.0,2.97,0.67,52.33,-10.35,39.0,1,2026-06-05 to 2026-09-21 (74 days),-1.0,29.8,nan,nan,nan,NEUTRAL,LOW,RSI oversold; Strong trend (ADX=49); Last surprise: +3.1%,-1.0,-1.0,1.0,42,2026-11-05,3.13,0
2026-09-24T15:43:42,2026-09-24,BKNG,HOLD,0,MACD Crossover,HIGH,4,3.96,nan,2.0,0.0,4.0,0.0,0.0,2026-10-15,1.12,2.01,100.0,57.12,20.29,15.28,-4.51,21.0,1,2026-06-08 to 2026-09-22 (74 days),-1.0,25.8,nan,nan,nan,NEUTRAL,LOW,RSI oversold; High volume; Strong trend (ADX=52); Last surprise: +4.5%,-1.0,-1.0,1.0,33,2026-10-27,4.53,0
2026-09-24T15:47:16,2026-09-24,TNL,HOLD,0,EMA Crossover (9/21),MEDIUM,3,3.95,nan,2.58,0.0,5.16,0.0,0.0,2026-10-16,0.67,0.9,100.0,26.77,8.79,40.7,-6.44,22.0,1,2026-06-05 to 2026-09-21 (74 days),-1.0,30.6,nan,nan,nan,NEUTRAL,LOW,Strong trend (ADX=43); Last surprise: -1.6%,-1.0,-1.0,1.0,27,2026-10-21,-1.57,0
2026-09-24T15:44:54,2026-09-24,NFLX,HOLD,0,Momentum (Rate of Change),LOW,0,3.94,nan,3.85,0.0,5.78,0.0,0.0,2026-10-17,-0.8,-1.05,50.0,0.4,-21.01,16.37,-9.62,23.5,2,2026-06-08 to 2026-09-22 (74 days),-1.0,38.6,nan,nan,nan,NEUTRAL,LOW,Last surprise: +1.3%,-1.0,-1.0,1.0,26,2026-10-20,1.27,0
2026-09-24T15:46:40,2026-09-24,IDA,BUY,1,ADX Trend Following,HIGH,4,3.85,nan,2.26,nan,4.52,nan,10.0,2026-11-05,1.29,2.18,100.0,49.05,17.15,39.67,-5.66,42.0,1,2026-06-05 to 2026-09-21 (74 days),0.365,28.7,nan,nan,nan,NEUTRAL,LOW,RSI oversold; Strong trend (ADX=47); Last surprise: +0.6%,-1.0,-1.0,1.0,35,2026-10-29,0.56,0
2026-09-24T15:45:25,2026-09-24,TSN,HOLD,0,PEAD Earnings Drift,MEDIUM,3,3.84,nan,2.1,0.0,4.2,0.0,0.0,2026-11-19,0.85,1.45,100.0,44.97,15.99,48.06,-5.26,56.0,1,2026-06-05 to 2026-09-21 (74 days),-1.0,37.7,nan,nan,nan,NEUTRAL,LOW,Last surprise: +0.0%,-1.0,-1.0,1.0,46,2026-11-09,0.0,0
2026-09-24T15:45:01,2026-09-24,PCAR,HOLD,0,Momentum (Rate of Change),HIGH,5,3.78,nan,2.38,0.0,4.76,0.0,0.0,2026-11-28,1.38,2.27,100.0,108.48,37.32,42.11,-5.96,65.0,1,2026-06-05 to 2026-09-21 (74 days),-1.0,24.5,nan,nan,nan,NEUTRAL,LOW,RSI oversold; Strong trend (ADX=45); Last surprise: +5.1%; Earnings conf adj: +1,-1.0,-1.0,1.0,33,2026-10-27,5.15,1
2026-09-24T15:46:12,2026-09-24,FHN,HOLD,0,VWAP Trend,MEDIUM,2,3.74,nan,2.0,0.0,4.0,0.0,0.0,2026-09-26,0.49,0.71,60.0,1.63,3.54,2.1,-2.63,2.2,10,2026-06-05 to 2026-09-21 (74 days),-1.0,39.1,nan,nan,nan,NEUTRAL,LOW,Strong trend (ADX=34); Last surprise: +3.8%,-1.0,-1.0,1.0,21,2026-10-15,3.85,0
2026-09-24T15:44:10,2026-09-24,ESS,HOLD,0,PEAD Earnings Drift,MEDIUM,3,3.68,nan,2.0,0.0,4.0,0.0,0.0,2026-11-13,1.38,2.16,100.0,52.62,18.53,31.92,-3.89,50.0,1,2026-06-05 to 2026-09-21 (74 days),-1.0,37.6,nan,nan,nan,NEUTRAL,LOW,Strong trend (ADX=50); Last surprise: -36.1%; Earnings conf adj: -1,-1.0,-1.0,1.0,33,2026-10-27,-36.05,-1
2026-09-24T15:47:21,2026-09-24,KNF,HOLD,0,MACD Crossover,LOW,0,3.67,nan,9.11,0.0,13.66,0.0,0.0,2026-10-04,-0.17,-0.23,75.0,0.95,-8.94,54.5,-22.78,10.5,4,2026-06-05 to 2026-09-21 (74 days),-1.0,27.8,nan,nan,nan,NEUTRAL,LOW,RSI oversold; High volume; Strong trend (ADX=79); Last surprise: -36.0%; Earnings conf adj: -1,-1.0,-1.0,1.0,40,2026-11-03,-35.96,-1
2026-09-24T15:47:18,2026-09-24,OLED,HOLD,0,MACD Crossover,MEDIUM,3,3.66,nan,4.08,0.0,8.16,0.0,0.0,2026-10-05,0.88,1.55,66.7,8.78,22.82,48.85,-10.2,11.0,3,2026-06-05 to 2026-09-21 (74 days),-1.0,41.9,nan,nan,nan,NEUTRAL,LOW,Last surprise: +2.9%,-1.0,-1.0,1.0,42,2026-11-05,2.91,0
2026-09-24T15:47:12,2026-09-24,BDC,HOLD,0,MACD Crossover,HIGH,5,3.64,nan,4.55,0.0,9.1,0.0,0.0,2026-10-18,1.67,4.02,100.0,166.06,68.69,53.55,-11.37,24.0,1,2026-06-05 to 2026-09-21 (74 days),-1.0,40.9,nan,nan,nan,NEUTRAL,LOW,Last surprise: +15.8%; Earnings conf adj: +1,-1.0,-1.0,1.0,35,2026-10-29,15.84,1
2026-09-24T15:44:03,2026-09-24,DOW,HOLD,0,MACD Crossover,HIGH,4,3.6,nan,3.33,0.0,6.66,0.0,0.0,2026-11-12,0.91,1.44,100.0,63.21,23.11,67.91,-8.33,49.0,1,2026-06-05 to 2026-09-21 (74 days),-1.0,38.8,nan,nan,nan,NEUTRAL,LOW,Last surprise: +12.5%; Earnings conf adj: +1,-1.0,-1.0,1.0,28,2026-10-22,12.5,1
2026-09-24T15:44:11,2026-09-24,EXE,HOLD,0,Stochastic Oscillator,HIGH,5,3.59,nan,2.0,0.0,3.0,0.0,0.0,2026-11-22,1.26,2.44,100.0,82.6,29.68,43.54,-4.99,59.0,1,2026-06-05 to 2026-09-21 (74 days),-1.0,30.2,nan,nan,nan,NEUTRAL,LOW,Strong trend (ADX=54); Last surprise: +18.7%; Earnings conf adj: +1,-1.0,-1.0,1.0,33,2026-10-27,18.75,1
2026-09-24T15:46:08,2026-09-24,AIT,HOLD,0,MACD Crossover,HIGH,5,3.5,nan,2.62,0.0,5.24,0.0,0.0,2026-10-11,1.35,1.98,66.7,2.93,24.29,18.07,-6.54,17.0,3,2026-06-05 to 2026-09-21 (74 days),-1.0,42.1,nan,nan,nan,NEUTRAL,LOW,Strong trend (ADX=48); Last surprise: +8.6%; Earnings conf adj: +1,-1.0,-1.0,1.0,33,2026-10-27,8.56,1
2026-09-24T15:46:33,2026-09-24,ADC,HOLD,0,Momentum (Rate of Change),MEDIUM,3,3.5,nan,2.04,0.0,4.08,0.0,0.0,2026-11-08,0.94,1.73,100.0,47.28,11.73,33.63,-5.1,45.0,1,2026-06-05 to 2026-09-21 (74 days),-1.0,16.3,nan,nan,nan,NEUTRAL,LOW,RSI oversold; Strong trend (ADX=67); Last surprise: +0.0%,-1.0,-1.0,1.0,26,2026-10-20,0.0,0
2026-09-24T15:43:26,2026-09-24,ABT,HOLD,0,MACD Crossover,HIGH,4,3.48,nan,2.0,0.0,4.0,0.0,0.0,2026-11-04,2.53,4.22,100.0,107.36,41.16,-15.49,-4.45,41.0,1,2026-06-05 to 2026-09-21 (74 days),-1.0,39.4,nan,nan,nan,NEUTRAL,LOW,Strong trend (ADX=47); Last surprise: +2.3%,-1.0,-1.0,1.0,20,2026-10-14,2.34,0
2026-09-24T15:45:57,2026-09-24,FN,HOLD,0,VWAP Trend,MEDIUM,2,3.45,nan,3.92,0.0,7.84,0.0,0.0,2026-09-25,0.03,0.05,60.0,1.07,-1.96,75.87,-9.79,1.4,5,2026-06-05 to 2026-09-21 (74 days),-1.0,43.7,nan,nan,nan,NEUTRAL,LOW,Last surprise: +7.6%; Earnings conf adj: +1,-1.0,-1.0,1.0,39,2026-11-02,7.61,1
2026-09-24T15:47:03,2026-09-24,NXST,HOLD,0,MACD Crossover,MEDIUM,2,3.42,nan,2.52,0.0,5.04,0.0,0.0,2026-11-06,0.7,1.11,100.0,35.68,12.46,36.94,-6.29,43.0,1,2026-06-05 to 2026-09-21 (74 days),-1.0,41.7,nan,nan,nan,NEUTRAL,LOW,Strong trend (ADX=64); Last surprise: -33.3%; Earnings conf adj: -1,-1.0,-1.0,1.0,42,2026-11-05,-33.33,-1
2026-09-24T15:44:50,2026-09-24,MRSH,HOLD,0,Momentum (Rate of Change),HIGH,4,3.36,nan,2.18,0.0,4.36,0.0,0.0,2026-11-26,1.73,3.18,100.0,127.5,46.13,27.82,-5.46,63.0,1,2026-06-05 to 2026-09-21 (74 days),-1.0,32.2,nan,nan,nan,NEUTRAL,LOW,Strong trend (ADX=44); Last surprise: +2.4%,-1.0,-1.0,1.0,21,2026-10-15,2.42,0
2026-09-24T15:45:05,2026-09-24,PNW,HOLD,0,EMA Crossover (9/21),MEDIUM,3,3.32,nan,2.0,0.0,4.0,0.0,0.0,2026-11-12,0.71,1.12,100.0,25.11,8.55,35.34,-3.79,49.0,1,2026-06-05 to 2026-09-21 (74 days),-1.0,26.1,nan,nan,nan,NEUTRAL,LOW,RSI oversold; Last surprise: -2.7%,-1.0,-1.0,1.0,40,2026-11-03,-2.72,0
2026-09-24T15:43:33,2026-09-24,AMP,EXIT,-1,SMA Crossover (10/50),HIGH,4,3.27,nan,2.49,nan,4.98,nan,10.0,2026-12-22,2.49,4.14,100.0,164.84,68.66,-9.43,-6.22,89.0,1,2026-06-05 to 2026-09-21 (74 days),-1.0,40.3,nan,nan,nan,NEUTRAL,LOW,Strong trend (ADX=37); Last surprise: +2.4%,-1.0,-1.0,1.0,35,2026-10-29,2.41,0
2026-09-24T15:47:38,2026-09-24,XLF,BUY,1,ADX Trend Following,HIGH,4,3.22,nan,2.0,nan,4.0,nan,10.0,2026-11-28,1.7,2.66,100.0,50.51,17.7,-5.34,-2.44,65.0,1,2026-06-08 to 2026-09-22 (74 days),0.25,32.2,nan,nan,nan,NEUTRAL,LOW,Strong trend (ADX=36),-1.0,-1.0,1.0,-1,,,0
2026-09-24T15:46:37,2026-09-24,NNN,HOLD,0,Momentum (Rate of Change),MEDIUM,3,3.2,nan,2.0,0.0,4.0,0.0,0.0,2026-11-13,0.74,1.28,100.0,43.03,9.8,29.62,-4.37,50.0,1,2026-06-05 to 2026-09-21 (74 days),-1.0,19.0,nan,nan,nan,NEUTRAL,LOW,RSI oversold; Strong trend (ADX=52); Last surprise: +0.0%,-1.0,-1.0,1.0,41,2026-11-04,0.0,0
2026-09-24T15:44:39,2026-09-24,L,HOLD,0,EMA Crossover (9/21),HIGH,4,3.17,nan,2.14,0.0,4.28,0.0,0.0,2026-11-24,1.27,2.0,100.0,45.34,16.12,18.54,-5.35,61.0,1,2026-06-05 to 2026-09-21 (74 days),-1.0,30.5,nan,nan,nan,NEUTRAL,LOW,Last surprise: +52.1%,-1.0,-1.0,1.0,39,2026-11-02,52.05,0
2026-09-24T15:46:57,2026-09-24,CHDN,HOLD,0,MACD Crossover,LOW,0,3.09,nan,4.95,0.0,7.43,0.0,0.0,2026-10-06,-1.38,-1.68,33.3,0.0,-26.73,-8.23,-12.37,12.7,3,2026-06-05 to 2026-09-21 (74 days),-1.0,40.4,nan,nan,nan,NEUTRAL,LOW,Last surprise: +0.6%,-1.0,-1.0,1.0,34,2026-10-28,0.58,0
2026-09-24T15:43:48,2026-09-24,CFG,HOLD,0,EMA Crossover (9/21),HIGH,4,3.07,nan,2.69,0.0,5.38,0.0,0.0,2026-12-10,1.58,2.33,100.0,97.46,37.34,15.19,-6.72,77.0,1,2026-06-05 to 2026-09-21 (74 days),-1.0,38.1,nan,nan,nan,NEUTRAL,LOW,Strong trend (ADX=34); Last surprise: +4.0%,-1.0,-1.0,1.0,22,2026-10-16,4.0,0
2026-09-24T15:44:27,2026-09-24,HRL,HOLD,0,Momentum (Rate of Change),MEDIUM,3,3.05,nan,3.69,0.0,7.38,0.0,0.0,2026-12-10,0.38,0.52,100.0,30.25,5.96,42.49,-9.23,77.0,1,2026-06-05 to 2026-09-21 (74 days),-1.0,27.0,nan,nan,nan,NEUTRAL,LOW,RSI oversold; Strong trend (ADX=51); Last surprise: +5.7%; Earnings conf adj: +1,-1.0,-1.0,1.0,-28,2026-08-27,5.71,1
2026-09-24T15:45:53,2026-09-24,JLL,HOLD,0,MACD Crossover,HIGH,5,2.99,nan,2.0,0.0,4.0,0.0,0.0,2026-10-24,1.89,4.25,100.0,110.79,42.68,-19.33,-4.26,30.0,1,2026-06-05 to 2026-09-21 (74 days),-1.0,40.1,nan,nan,nan,NEUTRAL,LOW,Strong trend (ADX=45); Last surprise: +15.6%; Earnings conf adj: +1,-1.0,-1.0,1.0,34,2026-10-28,15.6,1
2026-09-24T15:44:38,2026-09-24,KMB,BUY,1,ADX Trend Following,HIGH,5,2.95,nan,3.5,nan,7.0,nan,10.0,2026-10-09,1.06,1.58,66.7,2.74,20.09,20.53,-8.74,15.0,3,2026-06-05 to 2026-09-21 (74 days),0.429,30.6,nan,nan,nan,NEUTRAL,LOW,Strong trend (ADX=42); Last surprise: +5.5%; Earnings conf adj: +1,-1.0,-1.0,1.0,40,2026-11-03,5.47,1
2026-09-24T15:45:38,2026-09-24,WY,HOLD,0,EMA Crossover (9/21),MEDIUM,3,2.94,nan,3.45,0.0,6.9,0.0,0.0,2026-10-15,0.16,0.3,100.0,5.95,1.38,40.49,-8.63,21.0,1,2026-06-05 to 2026-09-21 (74 days),-1.0,23.9,nan,nan,nan,NEUTRAL,LOW,RSI oversold; Strong trend (ADX=74); Last surprise: +62.5%; Earnings conf adj: +1,-1.0,-1.0,1.0,35,2026-10-29,62.5,1
2026-09-24T15:47:01,2026-09-24,GXO,HOLD,0,EMA Crossover (9/21),MEDIUM,3,2.92,nan,3.22,0.0,6.44,0.0,0.0,2026-11-02,0.73,1.14,100.0,42.43,15.03,36.43,-8.05,39.0,1,2026-06-05 to 2026-09-21 (74 days),-1.0,41.2,nan,nan,nan,NEUTRAL,LOW,Last surprise: +1.7%,-1.0,-1.0,1.0,40,2026-11-03,1.72,0
2026-09-24T15:46:09,2026-09-24,MOG-A,HOLD,0,PEAD Earnings Drift,HIGH,5,2.91,nan,4.07,0.0,8.14,0.0,0.0,2026-11-09,1.52,2.59,100.0,100.73,36.38,35.03,-10.18,46.0,1,2026-06-05 to 2026-09-21 (74 days),-1.0,45.2,nan,nan,nan,NEUTRAL,LOW,Strong trend (ADX=48); Last surprise: +39.8%; Earnings conf adj: +1,-1.0,-1.0,1.0,57,2026-11-20,39.85,1
2026-09-24T15:44:32,2026-09-24,IR,HOLD,0,MACD Crossover,MEDIUM,3,2.9,nan,2.37,0.0,4.74,0.0,0.0,2026-10-20,0.67,1.21,100.0,29.64,9.84,9.47,-5.92,26.0,1,2026-06-05 to 2026-09-21 (74 days),-1.0,34.2,nan,nan,nan,NEUTRAL,LOW,High volume; Strong trend (ADX=34); Last surprise: +3.6%,-1.0,-1.0,1.0,35,2026-10-29,3.61,0
2026-09-24T15:47:17,2026-09-24,MAT,HOLD,0,EMA Crossover (9/21),MEDIUM,2,2.85,nan,2.95,0.0,5.9,0.0,0.0,2026-11-09,0.54,0.83,100.0,26.58,9.1,31.56,-7.38,46.0,1,2026-06-05 to 2026-09-21 (74 days),-1.0,32.6,nan,nan,nan,NEUTRAL,LOW,Strong trend (ADX=43); Last surprise: -75.0%; Earnings conf adj: -1,-1.0,-1.0,1.0,33,2026-10-27,-75.0,-1
2026-09-24T15:46:17,2026-09-24,RYAN,BUY,1,ADX Trend Following,HIGH,5,2.84,nan,3.6,nan,7.2,nan,10.0,2026-11-21,2.02,3.68,100.0,215.8,94.85,-11.87,-8.99,58.0,1,2026-06-05 to 2026-09-21 (74 days),0.258,44.2,nan,nan,nan,NEUTRAL,LOW,Strong trend (ADX=32); Last surprise: +23.3%; Earnings conf adj: +1,-1.0,-1.0,1.0,35,2026-10-29,23.33,1
2026-09-24T15:45:24,2026-09-24,TROW,HOLD,0,VWAP Trend,HIGH,4,2.74,nan,2.0,0.0,4.0,0.0,0.0,2026-09-26,1.7,3.06,62.5,2.55,16.24,12.23,-2.63,2.2,8,2026-06-05 to 2026-09-21 (74 days),-1.0,38.1,nan,nan,nan,NEUTRAL,LOW,Strong trend (ADX=54); Last surprise: +2.0%,-1.0,-1.0,1.0,36,2026-10-30,1.98,0
2026-09-24T15:44:07,2026-09-24,EIX,HOLD,0,52-Week High Momentum,MEDIUM,3,2.73,nan,5.46,0.0,10.92,0.0,0.0,2026-11-19,-0.07,-0.09,100.0,19.73,-3.24,58.29,-13.64,56.0,1,2026-06-05 to 2026-09-21 (74 days),-1.0,33.8,nan,nan,nan,NEUTRAL,LOW,Strong trend (ADX=37); Last surprise: +27.3%; Earnings conf adj: +1,-1.0,-1.0,1.0,33,2026-10-27,27.27,1
2026-09-24T15:46:34,2026-09-24,PB,HOLD,0,EMA Crossover (9/21),HIGH,4,2.73,nan,2.12,0.0,4.24,0.0,0.0,2026-12-10,1.26,1.8,100.0,53.26,19.18,10.31,-5.29,77.0,1,2026-06-05 to 2026-09-21 (74 days),-1.0,36.0,nan,nan,nan,NEUTRAL,LOW,High volume; Last surprise: +4.5%,-1.0,-1.0,1.0,41,2026-11-04,4.52,0
2026-09-24T15:44:23,2026-09-24,GWW,HOLD,0,Momentum (Rate of Change),HIGH,4,2.7,nan,2.0,0.0,4.0,0.0,0.0,2026-11-16,0.98,1.65,100.0,58.52,15.93,21.07,-3.43,53.0,1,2026-06-05 to 2026-09-21 (74 days),-1.0,44.7,nan,nan,nan,NEUTRAL,LOW,Last surprise: +6.3%; Earnings conf adj: +1,-1.0,-1.0,1.0,41,2026-11-04,6.28,1
2026-09-24T15:45:05,2026-09-24,PNR,HOLD,0,MACD Crossover,LOW,1,2.61,nan,3.63,0.0,5.44,0.0,0.0,2026-10-13,0.05,0.07,100.0,1.29,-0.23,59.95,-9.08,19.0,1,2026-06-05 to 2026-09-21 (74 days),-1.0,26.4,nan,nan,nan,NEUTRAL,LOW,RSI oversold; Strong trend (ADX=47); Last surprise: -0.9%,-1.0,-1.0,1.0,26,2026-10-20,-0.87,0
2026-09-24T15:43:51,2026-09-24,CMCSA,HOLD,0,Momentum (Rate of Change),LOW,1,2.56,nan,4.54,0.0,6.81,0.0,0.0,2026-10-24,-0.39,-0.47,50.0,0.46,-13.13,1.11,-11.36,30.5,2,2026-06-08 to 2026-09-22 (74 days),-1.0,29.2,nan,nan,nan,NEUTRAL,LOW,RSI oversold; Strong trend (ADX=60); Last surprise: +7.2%; Earnings conf adj: +1,-1.0,-1.0,1.0,28,2026-10-22,7.22,1
2026-09-24T15:47:05,2026-09-24,SON,HOLD,0,EMA Crossover (9/21),HIGH,4,2.55,nan,3.98,0.0,7.96,0.0,0.0,2026-12-11,1.12,1.68,100.0,83.37,31.34,14.24,-9.94,78.0,1,2026-06-05 to 2026-09-21 (74 days),-1.0,33.6,nan,nan,nan,NEUTRAL,LOW,Strong trend (ADX=48); Last surprise: +2.0%,-1.0,-1.0,1.0,27,2026-10-21,2.03,0
2026-09-24T15:45:20,2026-09-24,SYK,HOLD,0,EMA Crossover (9/21),MEDIUM,3,2.54,nan,3.02,0.0,6.04,0.0,0.0,2026-10-13,0.34,0.48,66.7,2.06,6.0,36.64,-7.54,19.7,3,2026-06-05 to 2026-09-21 (74 days),-1.0,30.9,nan,nan,nan,NEUTRAL,LOW,Strong trend (ADX=41); Last surprise: +5.7%; Earnings conf adj: +1,-1.0,-1.0,1.0,35,2026-10-29,5.73,1
2026-09-24T15:47:11,2026-09-24,EPR,HOLD,0,EMA Crossover (9/21),HIGH,5,2.54,nan,2.64,0.0,5.28,0.0,0.0,2026-12-04,1.15,1.81,100.0,57.02,20.66,14.78,-6.61,71.0,1,2026-06-05 to 2026-09-21 (74 days),-1.0,36.8,nan,nan,nan,NEUTRAL,LOW,Last surprise: +5.3%; Earnings conf adj: +1,-1.0,-1.0,1.0,34,2026-10-28,5.26,1
2026-09-24T15:47:25,2026-09-24,GPK,HOLD,0,EMA Crossover (9/21),MEDIUM,3,2.54,nan,4.13,0.0,8.26,0.0,0.0,2026-11-10,0.28,0.42,100.0,13.79,4.12,35.38,-10.33,47.0,1,2026-06-05 to 2026-09-21 (74 days),-1.0,32.8,nan,nan,nan,NEUTRAL,LOW,Strong trend (ADX=51); Last surprise: +16.7%; Earnings conf adj: +1,-1.0,-1.0,1.0,46,2026-11-09,16.67,1
2026-09-24T15:45:20,2026-09-24,SYF,BUY,1,ADX Trend Following,MEDIUM,2,2.46,nan,5.29,nan,10.58,nan,10.0,2026-10-05,0.26,0.33,66.7,1.29,3.39,-20.21,-13.22,11.5,6,2026-06-05 to 2026-09-21 (74 days),0.175,41.4,nan,nan,nan,NEUTRAL,LOW,Strong trend (ADX=39); Last surprise: +21.6%; Earnings conf adj: +1,-1.0,-1.0,1.0,26,2026-10-20,21.6,1
2026-09-24T15:44:37,2026-09-24,KKR,HOLD,0,MACD Crossover,HIGH,5,2.45,nan,3.35,0.0,6.7,0.0,0.0,2026-10-13,1.06,1.7,66.7,4.31,31.5,9.97,-8.38,19.0,3,2026-06-08 to 2026-09-22 (74 days),-1.0,40.4,nan,nan,nan,NEUTRAL,LOW,Strong trend (ADX=42); Last surprise: +14.0%; Earnings conf adj: +1,-1.0,-1.0,1.0,42,2026-11-05,13.99,1
2026-09-24T15:45:39,2026-09-24,XYL,HOLD,0,EMA Crossover (9/21),HIGH,4,2.4,nan,3.63,0.0,7.26,0.0,0.0,2026-11-20,0.88,1.33,100.0,51.63,18.56,25.57,-9.07,57.0,1,2026-06-05 to 2026-09-21 (74 days),-1.0,38.6,nan,nan,nan,NEUTRAL,LOW,Last surprise: +9.0%; Earnings conf adj: +1,-1.0,-1.0,1.0,40,2026-11-03,8.96,1
2026-09-24T15:44:14,2026-09-24,FE,HOLD,0,VWAP Trend,LOW,0,2.39,nan,2.0,0.0,3.0,0.0,0.0,2026-09-26,0.02,0.03,44.4,1.25,-0.07,7.2,-4.26,2.7,9,2026-06-05 to 2026-09-21 (74 days),-1.0,34.3,nan,nan,nan,NEUTRAL,LOW,Strong trend (ADX=40); Last surprise: +0.0%,-1.0,-1.0,1.0,27,2026-10-21,0.0,0
2026-09-24T15:45:00,2026-09-24,OXY,HOLD,0,MACD Crossover,MEDIUM,3,2.36,nan,3.19,0.0,6.38,0.0,0.0,2026-10-09,0.44,0.61,66.7,1.73,8.2,2.96,-7.97,15.7,3,2026-06-05 to 2026-09-21 (74 days),-1.0,41.2,nan,nan,nan,NEUTRAL,LOW,Last surprise: +29.7%; Earnings conf adj: +1,-1.0,-1.0,1.0,46,2026-11-09,29.73,1
2026-09-24T15:44:27,2026-09-24,HSY,HOLD,0,VWAP Trend,LOW,1,2.34,nan,2.75,0.0,4.12,0.0,0.0,2026-10-03,0.2,0.28,50.0,1.39,1.99,27.9,-6.87,9.0,6,2026-06-05 to 2026-09-21 (74 days),-1.0,34.6,nan,nan,nan,NEUTRAL,LOW,Strong trend (ADX=40); Last surprise: +32.9%; Earnings conf adj: +1,-1.0,-1.0,1.0,42,2026-11-05,32.87,1
2026-09-24T15:45:35,2026-09-24,WDC,HOLD,0,Stochastic Oscillator,LOW,1,2.34,nan,10.0,0.0,15.0,0.0,0.0,2026-12-08,-0.77,-1.07,0.0,0.0,-53.87,-18.7,-29.27,75.0,1,2026-06-08 to 2026-09-22 (74 days),-1.0,51.8,nan,nan,nan,NEUTRAL,LOW,Last surprise: +7.9%; Earnings conf adj: +1,-1.0,-1.0,1.0,42,2026-11-05,7.88,1
2026-09-24T15:46:09,2026-09-24,AFG,BUY,1,SMA Crossover (10/50),HIGH,5,2.33,nan,2.0,nan,4.0,nan,10.0,2026-12-17,1.51,2.59,100.0,71.53,26.03,-1.49,-4.26,84.0,1,2026-06-05 to 2026-09-21 (74 days),0.27,43.7,nan,nan,nan,NEUTRAL,LOW,Last surprise: +19.0%; Earnings conf adj: +1,-1.0,-1.0,1.0,40,2026-11-03,18.99,1
2026-09-24T15:46:48,2026-09-24,FNB,HOLD,0,EMA Crossover (9/21),MEDIUM,3,2.31,nan,2.1,0.0,4.2,0.0,0.0,2026-12-07,0.95,1.32,100.0,45.3,16.11,9.14,-5.25,74.0,1,2026-06-05 to 2026-09-21 (74 days),-1.0,39.2,nan,nan,nan,NEUTRAL,LOW,Strong trend (ADX=32); Last surprise: +0.0%,-1.0,-1.0,1.0,21,2026-10-15,0.0,0
2026-09-24T15:46:32,2026-09-24,FR,HOLD,0,Momentum (Rate of Change),HIGH,5,2.25,nan,2.14,0.0,4.28,0.0,0.0,2026-11-08,1.04,1.66,100.0,55.58,16.01,10.8,-5.34,45.0,1,2026-06-05 to 2026-09-21 (74 days),-1.0,47.3,nan,nan,nan,NEUTRAL,LOW,Last surprise: +34.9%; Earnings conf adj: +1,-1.0,-1.0,1.0,27,2026-10-21,34.88,1
2026-09-24T15:44:29,2026-09-24,IEX,HOLD,0,Momentum (Rate of Change),HIGH,5,2.23,nan,2.0,0.0,4.0,0.0,0.0,2026-12-12,1.33,1.98,100.0,77.09,24.38,11.12,-4.26,79.0,1,2026-06-05 to 2026-09-21 (74 days),-1.0,42.5,nan,nan,nan,NEUTRAL,LOW,Strong trend (ADX=52); Last surprise: +10.0%; Earnings conf adj: +1,-1.0,-1.0,1.0,34,2026-10-28,9.95,1
2026-09-24T15:43:33,2026-09-24,AMCR,HOLD,0,EMA Crossover (9/21),HIGH,4,2.22,nan,3.01,0.0,6.02,0.0,0.0,2026-12-21,1.45,2.31,100.0,106.81,41.41,-7.07,-7.53,88.0,1,2026-06-05 to 2026-09-21 (74 days),-1.0,36.5,nan,nan,nan,NEUTRAL,LOW,Strong trend (ADX=40); Last surprise: +4.2%,-1.0,-1.0,1.0,42,2026-11-05,4.24,0
2026-09-24T15:44:05,2026-09-24,DUK,HOLD,0,PEAD Earnings Drift,MEDIUM,3,2.22,nan,2.0,0.0,4.0,0.0,0.0,2026-11-20,0.46,0.66,100.0,17.19,5.69,22.51,-4.88,57.0,1,2026-06-05 to 2026-09-21 (74 days),-1.0,33.4,nan,nan,nan,NEUTRAL,LOW,Strong trend (ADX=44); Last surprise: +10.0%; Earnings conf adj: +1,-1.0,-1.0,1.0,42,2026-11-05,10.0,1
2026-09-24T15:43:46,2026-09-24,CARR,HOLD,0,Momentum (Rate of Change),MEDIUM,2,2.21,nan,4.87,0.0,9.74,0.0,0.0,2026-10-26,0.17,0.28,100.0,28.55,1.44,51.83,-12.18,32.0,1,2026-06-05 to 2026-09-21 (74 days),-1.0,32.0,nan,nan,nan,NEUTRAL,LOW,Strong trend (ADX=39); Last surprise: +4.9%,-1.0,-1.0,1.0,33,2026-10-27,4.88,0
2026-09-24T15:46:20,2026-09-24,WTFC,HOLD,1,ADX Trend Following,LOW,0,2.21,nan,2.19,nan,3.28,nan,0.0,2026-10-06,0.22,0.31,50.0,1.39,2.12,13.62,-5.47,12.8,4,2026-06-05 to 2026-09-21 (74 days),-1.0,32.8,nan,nan,nan,NEUTRAL,LOW,Strong trend (ADX=34); Last surprise: +4.1%,-1.0,-1.0,1.0,25,2026-10-19,4.13,0
2026-09-24T15:45:52,2026-09-24,NLY,HOLD,0,EMA Crossover (9/21),HIGH,4,2.2,nan,2.0,0.0,4.0,0.0,0.0,2026-12-11,0.93,1.45,100.0,37.97,13.32,-0.37,-4.74,78.0,1,2026-06-05 to 2026-09-21 (74 days),-1.0,31.0,nan,nan,nan,NEUTRAL,LOW,Strong trend (ADX=59); Last surprise: +5.3%; Earnings conf adj: +1,-1.0,-1.0,1.0,27,2026-10-21,5.33,1
2026-09-24T15:43:52,2026-09-24,CMS,HOLD,0,EMA Crossover (9/21),MEDIUM,2,2.19,nan,2.66,0.0,5.32,0.0,0.0,2026-10-24,0.14,0.2,100.0,3.64,0.91,29.96,-6.64,30.0,1,2026-06-05 to 2026-09-21 (74 days),-1.0,23.6,nan,nan,nan,NEUTRAL,LOW,RSI oversold; Strong trend (ADX=44); Last surprise: +2.8%,-1.0,-1.0,1.0,35,2026-10-29,2.78,0
2026-09-24T15:46:22,2026-09-24,OC,HOLD,0,MACD Crossover,HIGH,5,2.16,nan,5.42,0.0,10.84,0.0,0.0,2026-10-07,1.32,2.93,66.7,7.12,58.74,49.59,-13.54,13.0,3,2026-06-05 to 2026-09-21 (74 days),-1.0,28.6,nan,nan,nan,NEUTRAL,LOW,RSI oversold; Strong trend (ADX=40); Last surprise: +26.8%; Earnings conf adj: +1,-1.0,-1.0,1.0,41,2026-11-04,26.77,1
2026-09-24T15:44:48,2026-09-24,MLM,HOLD,0,Momentum (Rate of Change),MEDIUM,3,2.11,nan,3.88,0.0,7.76,0.0,0.0,2026-10-26,0.49,0.67,100.0,41.85,8.62,47.0,-9.69,32.0,1,2026-06-05 to 2026-09-21 (74 days),-1.0,41.0,nan,nan,nan,NEUTRAL,LOW,Last surprise: +7.8%; Earnings conf adj: +1,-1.0,-1.0,1.0,40,2026-11-03,7.76,1
2026-09-24T15:46:05,2026-09-24,PEN,HOLD,0,EMA Crossover (9/21),MEDIUM,2,2.08,nan,2.0,0.0,4.0,0.0,0.0,2026-10-28,0.71,0.96,100.0,8.72,2.69,4.56,-1.89,34.0,1,2026-06-05 to 2026-09-21 (74 days),-1.0,43.6,nan,nan,nan,NEUTRAL,LOW,Strong trend (ADX=35); Last surprise: -14.4%; Earnings conf adj: -1,-1.0,-1.0,1.0,41,2026-11-04,-14.41,-1
2026-09-24T15:43:50,2026-09-24,CINF,HOLD,0,EMA Crossover (9/21),MEDIUM,3,2.05,nan,4.08,0.0,8.16,0.0,0.0,2026-11-19,1.17,1.65,100.0,68.64,25.3,20.04,-10.21,56.0,1,2026-06-05 to 2026-09-21 (74 days),-1.0,37.1,nan,nan,nan,NEUTRAL,LOW,Last surprise: -21.4%; Earnings conf adj: -1,-1.0,-1.0,1.0,32,2026-10-26,-21.43,-1
2026-09-24T15:47:23,2026-09-24,KBH,HOLD,0,Momentum (Rate of Change),HIGH,4,2.04,nan,5.0,0.0,10.0,0.0,0.0,2026-10-28,0.63,1.56,100.0,62.84,18.39,34.93,-12.5,34.0,1,2026-06-08 to 2026-09-22 (74 days),-1.0,38.1,nan,nan,nan,NEUTRAL,LOW,High volume; Strong trend (ADX=41); Last surprise: +16.7%; Earnings conf adj: +1,-1.0,-1.0,1.0,84,2026-12-17,16.67,1
2026-09-24T15:46:46,2026-09-24,AXTA,HOLD,0,MACD Crossover,MEDIUM,3,2.02,nan,2.94,0.0,5.88,0.0,0.0,2026-10-14,0.42,0.66,100.0,15.94,4.87,8.26,-7.35,20.0,1,2026-06-05 to 2026-09-21 (74 days),-1.0,27.8,nan,nan,nan,NEUTRAL,LOW,RSI oversold; Strong trend (ADX=45); Last surprise: +10.8%; Earnings conf adj: +1,-1.0,-1.0,1.0,34,2026-10-28,10.77,1
2026-09-24T15:44:06,2026-09-24,ED,HOLD,0,Momentum (Rate of Change),HIGH,4,2.0,nan,2.0,0.0,4.0,0.0,0.0,2026-10-30,0.66,1.07,100.0,33.33,7.43,12.37,-3.67,36.0,1,2026-06-05 to 2026-09-21 (74 days),-1.0,37.2,nan,nan,nan,NEUTRAL,LOW,Last surprise: +7.8%; Earnings conf adj: +1,-1.0,-1.0,1.0,42,2026-11-05,7.79,1
2026-09-24T15:45:39,2026-09-24,XOM,HOLD,0,EMA Crossover (9/21),HIGH,5,1.96,nan,2.64,0.0,5.28,0.0,0.0,2026-11-30,1.53,2.52,100.0,90.64,34.4,11.03,-6.6,67.0,1,2026-06-05 to 2026-09-21 (74 days),-1.0,44.9,nan,nan,nan,NEUTRAL,LOW,Last surprise: +13.2%; Earnings conf adj: +1,-1.0,-1.0,1.0,36,2026-10-30,13.22,1
2026-09-24T15:46:44,2026-09-24,VNO,HOLD,0,Momentum (Rate of Change),MEDIUM,3,1.96,nan,3.09,0.0,6.18,0.0,0.0,2026-12-05,0.73,1.09,100.0,59.22,17.0,13.33,-7.72,72.0,1,2026-06-05 to 2026-09-21 (74 days),-1.0,42.9,nan,nan,nan,NEUTRAL,LOW,Strong trend (ADX=40); Last surprise: +27.3%,-1.0,-1.0,1.0,39,2026-11-02,27.27,0
2026-09-24T15:47:04,2026-09-24,FND,HOLD,0,Momentum (Rate of Change),HIGH,4,1.95,nan,4.41,0.0,8.82,0.0,0.0,2026-11-21,1.12,1.85,100.0,129.76,44.14,45.3,-11.02,58.0,1,2026-06-05 to 2026-09-21 (74 days),-1.0,38.1,nan,nan,nan,NEUTRAL,LOW,Strong trend (ADX=35); Last surprise: +3.6%,-1.0,-1.0,1.0,34,2026-10-28,3.57,0
2026-09-24T15:46:58,2026-09-24,POR,HOLD,0,EMA Crossover (9/21),MEDIUM,2,1.94,nan,2.29,0.0,4.58,0.0,0.0,2026-11-15,0.36,0.54,100.0,11.92,3.81,22.6,-5.73,52.0,1,2026-06-05 to 2026-09-21 (74 days),-1.0,34.1,nan,nan,nan,NEUTRAL,LOW,High volume; Strong trend (ADX=34); Last surprise: -4.5%,-1.0,-1.0,1.0,36,2026-10-30,-4.48,0
2026-09-24T15:44:56,2026-09-24,NUE,HOLD,0,ADX Trend Following,HIGH,4,1.91,nan,4.99,0.0,9.98,0.0,0.0,2026-11-05,0.87,1.32,100.0,57.7,20.51,35.14,-12.47,42.0,1,2026-06-05 to 2026-09-21 (74 days),-1.0,39.5,nan,nan,nan,NEUTRAL,LOW,Last surprise: +6.8%; Earnings conf adj: +1,-1.0,-1.0,1.0,32,2026-10-26,6.84,1
2026-09-24T15:43:43,2026-09-24,BRO,HOLD,0,EMA Crossover (9/21),HIGH,4,1.89,nan,4.41,0.0,8.82,0.0,0.0,2026-12-23,1.26,2.09,100.0,111.33,43.4,6.63,-11.02,90.0,1,2026-06-05 to 2026-09-21 (74 days),-1.0,33.7,nan,nan,nan,NEUTRAL,LOW,Strong trend (ADX=39); Last surprise: +0.0%,-1.0,-1.0,1.0,32,2026-10-26,0.0,0
2026-09-24T15:47:27,2026-09-24,XRAY,HOLD,0,Momentum (Rate of Change),HIGH,4,1.83,nan,7.81,0.0,15.62,0.0,0.0,2026-11-09,0.56,0.84,100.0,53.5,15.22,33.26,-19.53,46.0,1,2026-06-05 to 2026-09-21 (74 days),-1.0,30.7,nan,nan,nan,NEUTRAL,LOW,Strong trend (ADX=53); Last surprise: +48.6%; Earnings conf adj: +1,-1.0,-1.0,1.0,42,2026-11-05,48.57,1
2026-09-24T15:44:09,2026-09-24,ES,HOLD,0,Momentum (Rate of Change),MEDIUM,2,1.75,nan,2.32,0.0,4.64,0.0,0.0,2026-11-11,0.47,0.71,100.0,29.95,5.85,19.43,-5.8,48.0,1,2026-06-05 to 2026-09-21 (74 days),-1.0,36.9,nan,nan,nan,NEUTRAL,LOW,Strong trend (ADX=32); Last surprise: +0.0%,-1.0,-1.0,1.0,41,2026-11-04,0.0,0
2026-09-24T15:44:46,2026-09-24,MDLZ,HOLD,0,EMA Crossover (9/21),HIGH,4,1.69,nan,2.22,0.0,4.44,0.0,0.0,2026-11-05,0.52,0.79,100.0,22.31,7.16,14.56,-5.54,42.0,1,2026-06-05 to 2026-09-21 (74 days),-1.0,36.5,nan,nan,nan,NEUTRAL,LOW,Last surprise: +7.4%; Earnings conf adj: +1,-1.0,-1.0,1.0,33,2026-10-27,7.35,1
2026-09-24T15:44:45,2026-09-24,MAA,BUY,1,SMA Crossover (10/50),MEDIUM,2,1.68,nan,2.0,nan,4.0,nan,10.0,2026-09-28,-0.31,-0.45,100.0,0.13,-0.64,36.49,-0.93,4.0,1,2026-06-05 to 2026-09-21 (74 days),0.694,22.5,nan,nan,nan,NEUTRAL,LOW,RSI oversold; Strong trend (ADX=60); Last surprise: +33.3%; Earnings conf adj: +1,-1.0,-1.0,1.0,34,2026-10-28,33.33,1
2026-09-24T15:46:48,2026-09-24,SFM,BUY,1,ADX Trend Following,MEDIUM,3,1.65,nan,2.0,nan,4.0,nan,10.0,2026-09-29,1.68,7.7,50.0,100.06,36.1,83.86,-3.21,5.0,2,2026-06-05 to 2026-09-21 (74 days),0.214,33.5,nan,nan,nan,NEUTRAL,LOW,Strong trend (ADX=30); Last surprise: +2.2%,-1.0,-1.0,1.0,34,2026-10-28,2.24,0
2026-09-24T15:46:02,2026-09-24,AMKR,HOLD,0,Stochastic Oscillator,LOW,1,1.64,nan,10.0,0.0,15.0,0.0,0.0,2026-12-08,-0.65,-0.82,0.0,0.0,-57.75,-5.05,-40.78,75.0,1,2026-06-05 to 2026-09-21 (74 days),-1.0,52.9,nan,nan,nan,NEUTRAL,LOW,Last surprise: +45.8%; Earnings conf adj: +1,-1.0,-1.0,1.0,32,2026-10-26,45.83,1
2026-09-24T15:45:38,2026-09-24,XEL,HOLD,0,Momentum (Rate of Change),MEDIUM,3,1.63,nan,2.0,0.0,4.0,0.0,0.0,2026-10-18,-0.18,-0.28,100.0,12.67,-2.53,21.56,-4.28,24.0,1,2026-06-05 to 2026-09-21 (74 days),-1.0,32.5,nan,nan,nan,NEUTRAL,LOW,Strong trend (ADX=50); Last surprise: +17.7%; Earnings conf adj: +1,-1.0,-1.0,1.0,35,2026-10-29,17.72,1
2026-09-24T15:44:58,2026-09-24,O,HOLD,0,Momentum (Rate of Change),LOW,1,1.61,nan,2.3,0.0,3.45,0.0,0.0,2026-11-13,0.07,0.12,100.0,16.16,0.0,18.27,-5.76,50.0,1,2026-06-05 to 2026-09-21 (74 days),-1.0,19.2,nan,nan,nan,NEUTRAL,LOW,RSI oversold; High volume; Strong trend (ADX=52); Last surprise: -11.9%; Earnings conf adj: -1,-1.0,-1.0,1.0,39,2026-11-02,-11.9,-1
2026-09-24T15:43:28,2026-09-24,AEE,HOLD,0,Momentum (Rate of Change),MEDIUM,2,1.57,nan,2.35,0.0,4.7,0.0,0.0,2026-10-22,0.23,0.35,100.0,21.36,2.13,19.83,-5.87,28.0,1,2026-06-05 to 2026-09-21 (74 days),-1.0,31.1,nan,nan,nan,NEUTRAL,LOW,Strong trend (ADX=35); Last surprise: +4.6%,-1.0,-1.0,1.0,41,2026-11-04,4.63,0
2026-09-24T15:46:07,2026-09-24,ELS,BUY,1,SMA Crossover (10/50),MEDIUM,3,1.51,nan,2.72,nan,5.44,nan,10.0,2026-12-10,0.31,0.49,100.0,12.52,4.02,11.88,-6.79,77.0,1,2026-06-05 to 2026-09-21 (74 days),0.444,34.3,nan,nan,nan,NEUTRAL,LOW,Strong trend (ADX=40); Last surprise: +9.1%; Earnings conf adj: +1,-1.0,-1.0,1.0,27,2026-10-21,9.09,1
2026-09-24T15:45:09,2026-09-24,REG,HOLD,0,Momentum (Rate of Change),MEDIUM,2,1.5,nan,2.0,0.0,4.0,0.0,0.0,2026-11-09,-0.02,-0.04,100.0,12.0,-1.06,13.11,-4.34,46.0,1,2026-06-05 to 2026-09-21 (74 days),-1.0,30.5,nan,nan,nan,NEUTRAL,LOW,Strong trend (ADX=36); Last surprise: +3.4%,-1.0,-1.0,1.0,34,2026-10-28,3.39,0
2026-09-24T15:46:02,2026-09-24,IESC,HOLD,0,Multi-Factor Momentum MR,LOW,1,1.48,nan,2.0,0.0,3.0,0.0,0.0,2026-09-25,-1.86,-1.86,0.0,0.0,-0.34,32.08,-0.1,0.0,0,2026-06-05 to 2026-09-21 (74 days),-1.0,47.9,nan,nan,nan,NEUTRAL,LOW,Last surprise: +56.6%; Earnings conf adj: +1,-1.0,-1.0,1.0,57,2026-11-20,56.61,1
2026-09-24T15:45:05,2026-09-24,PNC,HOLD,0,Momentum (Rate of Change),HIGH,5,1.43,nan,2.84,0.0,5.68,0.0,0.0,2026-12-06,1.28,1.79,100.0,71.23,21.63,11.07,-7.1,73.0,1,2026-06-05 to 2026-09-21 (74 days),-1.0,34.9,nan,nan,nan,NEUTRAL,LOW,Last surprise: +8.1%; Earnings conf adj: +1,-1.0,-1.0,1.0,21,2026-10-15,8.09,1
2026-09-24T15:45:36,2026-09-24,WMB,HOLD,0,Stochastic Oscillator,MEDIUM,3,1.43,nan,2.5,0.0,3.75,0.0,0.0,2026-10-29,0.89,1.5,100.0,43.28,14.53,10.92,-6.26,35.0,1,2026-06-05 to 2026-09-21 (74 days),-1.0,45.9,nan,nan,nan,NEUTRAL,LOW,Last surprise: +0.0%,-1.0,-1.0,1.0,39,2026-11-02,0.0,0
2026-09-24T15:45:56,2026-09-24,CG,HOLD,0,EMA Crossover (9/21),MEDIUM,3,1.42,nan,4.03,0.0,8.06,0.0,0.0,2026-11-18,0.15,0.24,100.0,2.66,0.56,17.86,-10.07,55.0,1,2026-06-05 to 2026-09-21 (74 days),-1.0,31.5,nan,nan,nan,NEUTRAL,LOW,Strong trend (ADX=54); Last surprise: +17.6%; Earnings conf adj: +1,-1.0,-1.0,1.0,35,2026-10-29,17.58,1
2026-09-24T15:44:09,2026-09-24,ERIE,HOLD,0,VWAP Trend,HIGH,4,1.35,nan,6.8,0.0,13.6,0.0,0.0,2026-09-30,1.71,2.53,58.3,1.96,84.03,67.86,-17.01,6.7,12,2026-06-05 to 2026-09-21 (74 days),-1.0,38.9,nan,nan,nan,NEUTRAL,LOW,Strong trend (ADX=30); Last surprise: +3.0%,-1.0,-1.0,1.0,35,2026-10-29,2.99,0
2026-09-24T15:46:54,2026-09-24,HLNE,HOLD,0,EMA Crossover (9/21),HIGH,5,1.32,nan,4.79,0.0,9.58,0.0,0.0,2026-11-21,1.34,2.39,100.0,117.78,46.31,1.28,-11.97,58.0,1,2026-06-05 to 2026-09-21 (74 days),-1.0,33.1,nan,nan,nan,NEUTRAL,LOW,Strong trend (ADX=51); Last surprise: +22.0%; Earnings conf adj: +1,-1.0,-1.0,1.0,40,2026-11-03,22.01,1
2026-09-24T15:45:59,2026-09-24,TRU,HOLD,0,EMA Crossover (9/21),MEDIUM,3,1.31,nan,4.11,0.0,8.22,0.0,0.0,2026-12-04,0.49,0.8,100.0,33.85,11.39,7.14,-10.27,71.0,1,2026-06-05 to 2026-09-21 (74 days),-1.0,30.7,nan,nan,nan,NEUTRAL,LOW,Strong trend (ADX=38); Last surprise: +7.0%; Earnings conf adj: +1,-1.0,-1.0,1.0,28,2026-10-22,6.96,1
2026-09-24T15:46:59,2026-09-24,DLB,HOLD,0,EMA Crossover (9/21),HIGH,4,1.31,nan,5.27,0.0,10.54,0.0,0.0,2026-11-12,1.33,2.93,100.0,115.36,45.21,17.99,-13.17,49.0,1,2026-06-05 to 2026-09-21 (74 days),-1.0,37.1,nan,nan,nan,NEUTRAL,LOW,Last surprise: +3.0%,-1.0,-1.0,1.0,54,2026-11-17,2.99,0
2026-09-24T15:43:35,2026-09-24,AOS,HOLD,0,Momentum (Rate of Change),LOW,1,1.3,nan,5.02,0.0,7.53,0.0,0.0,2026-10-22,-0.31,-0.46,50.0,0.09,-9.96,-10.59,-12.55,28.5,2,2026-06-05 to 2026-09-21 (74 days),-1.0,37.1,nan,nan,nan,NEUTRAL,LOW,Last surprise: +12.0%; Earnings conf adj: +1,-1.0,-1.0,1.0,33,2026-10-27,11.96,1
2026-09-24T15:47:01,2026-09-24,SIGI,HOLD,0,52-Week High Momentum,HIGH,4,1.27,nan,3.96,0.0,7.92,0.0,0.0,2026-12-06,0.63,0.89,100.0,37.19,11.1,12.68,-9.89,73.0,1,2026-06-05 to 2026-09-21 (74 days),-1.0,35.9,nan,nan,nan,NEUTRAL,LOW,High volume; Last surprise: +16.8%; Earnings conf adj: +1,-1.0,-1.0,1.0,27,2026-10-21,16.77,1
2026-09-24T15:44:32,2026-09-24,IP,BUY,1,SMA Crossover (10/50),HIGH,4,1.24,nan,6.69,nan,13.38,nan,10.0,2026-12-20,0.98,1.66,100.0,102.87,39.7,16.16,-16.73,87.0,1,2026-06-05 to 2026-09-21 (74 days),0.171,41.8,nan,nan,nan,NEUTRAL,LOW,Strong trend (ADX=38); Last surprise: +200.0%; Earnings conf adj: +1,-1.0,-1.0,1.0,34,2026-10-28,200.0,1
2026-09-24T15:46:47,2026-09-24,LNTH,HOLD,0,Momentum (Rate of Change),HIGH,4,1.21,nan,3.09,0.0,6.18,0.0,0.0,2026-10-31,0.73,1.02,100.0,42.1,13.31,15.68,-7.72,37.0,1,2026-06-05 to 2026-09-21 (74 days),-1.0,44.2,nan,nan,nan,NEUTRAL,LOW,Last surprise: +19.2%; Earnings conf adj: +1,-1.0,-1.0,1.0,42,2026-11-05,19.23,1
2026-09-24T15:46:19,2026-09-24,AM,HOLD,0,Multi-Factor Momentum MR,MEDIUM,2,1.2,nan,2.0,0.0,4.0,0.0,0.0,2026-10-18,0.62,0.99,100.0,22.79,7.33,11.44,-3.73,24.0,1,2026-06-05 to 2026-09-21 (74 days),-1.0,34.0,nan,nan,nan,NEUTRAL,LOW,Strong trend (ADX=34); Last surprise: -18.2%; Earnings conf adj: -1,-1.0,-1.0,1.0,34,2026-10-28,-18.18,-1
2026-09-24T15:45:37,2026-09-24,WRB,BUY,1,SMA Crossover (10/50),HIGH,4,1.15,nan,3.48,nan,6.96,nan,10.0,2026-11-28,0.66,1.03,100.0,31.45,10.88,6.07,-8.7,65.0,1,2026-06-05 to 2026-09-21 (74 days),0.19,43.6,nan,nan,nan,NEUTRAL,LOW,Strong trend (ADX=30); Last surprise: +17.6%; Earnings conf adj: +1,-1.0,-1.0,1.0,25,2026-10-19,17.59,1
2026-09-24T15:45:40,2026-09-24,ZBH,BUY,1,SMA Crossover (10/50),HIGH,4,1.15,nan,3.84,nan,7.68,nan,10.0,2026-12-26,1.17,1.74,100.0,95.99,36.71,5.06,-9.59,93.0,1,2026-06-05 to 2026-09-21 (74 days),0.04,44.3,nan,nan,nan,NEUTRAL,LOW,High volume; Last surprise: +3.0%,-1.0,-1.0,1.0,42,2026-11-05,2.99,0
2026-09-24T15:43:29,2026-09-24,AIG,HOLD,0,Momentum (Rate of Change),MEDIUM,2,1.1,nan,2.73,0.0,5.46,0.0,0.0,2026-11-18,0.4,0.66,100.0,27.64,5.76,5.57,-6.82,55.0,1,2026-06-05 to 2026-09-21 (74 days),-1.0,41.8,nan,nan,nan,NEUTRAL,LOW,Last surprise: +3.6%,-1.0,-1.0,1.0,41,2026-11-04,3.63,0
2026-09-24T15:45:37,2026-09-24,WSM,HOLD,0,PEAD Earnings Drift,HIGH,5,1.09,nan,3.92,0.0,7.84,0.0,0.0,2026-12-06,1.91,3.59,100.0,166.89,67.36,23.14,-9.79,73.0,1,2026-06-05 to 2026-09-21 (74 days),-1.0,48.5,nan,nan,nan,NEUTRAL,LOW,Strong trend (ADX=35); Last surprise: +37.9%; Earnings conf adj: +1,-1.0,-1.0,1.0,55,2026-11-18,37.86,1
2026-09-24T15:43:32,2026-09-24,AME,HOLD,0,EMA Crossover (9/21),HIGH,4,0.99,nan,3.01,0.0,6.02,0.0,0.0,2026-12-02,0.87,1.3,100.0,44.4,15.76,-9.71,-7.52,69.0,1,2026-06-05 to 2026-09-21 (74 days),-1.0,53.5,nan,nan,nan,NEUTRAL,LOW,Last surprise: +5.0%; Earnings conf adj: +1,-1.0,-1.0,1.0,35,2026-10-29,5.03,1
2026-09-24T15:43:58,2026-09-24,D,HOLD,0,52-Week High Momentum,MEDIUM,3,0.99,nan,3.42,0.0,6.84,0.0,0.0,2026-12-17,0.05,0.08,100.0,6.48,-0.19,16.49,-8.56,84.0,1,2026-06-05 to 2026-09-21 (74 days),-1.0,31.0,nan,nan,nan,NEUTRAL,LOW,Strong trend (ADX=49); Last surprise: +17.9%; Earnings conf adj: +1,-1.0,-1.0,1.0,36,2026-10-30,17.91,1
2026-09-24T15:46:54,2026-09-24,WFRD,HOLD,0,Stochastic Oscillator,LOW,1,0.96,nan,5.95,0.0,8.93,0.0,0.0,2026-11-15,0.18,0.29,100.0,5.65,0.91,44.17,-14.88,52.0,1,2026-06-05 to 2026-09-21 (74 days),-1.0,35.3,nan,nan,nan,NEUTRAL,LOW,Strong trend (ADX=43); Last surprise: -32.2%; Earnings conf adj: -1,-1.0,-1.0,1.0,26,2026-10-20,-32.22,-1
2026-09-24T15:46:34,2026-09-24,CHWY,HOLD,0,EMA Crossover (9/21),MEDIUM,2,0.83,nan,6.38,0.0,12.76,0.0,0.0,2026-11-28,0.33,0.43,100.0,15.88,5.23,13.38,-15.96,65.0,1,2026-06-08 to 2026-09-22 (74 days),-1.0,32.5,nan,nan,nan,NEUTRAL,LOW,High volume; Last surprise: +0.0%,-1.0,-1.0,1.0,76,2026-12-09,0.0,0
2026-09-24T15:45:35,2026-09-24,WEC,HOLD,0,EMA Crossover (9/21),MEDIUM,2,0.82,nan,2.0,0.0,4.0,0.0,0.0,2026-10-30,0.07,0.1,100.0,1.48,0.16,24.0,-4.95,36.0,1,2026-06-05 to 2026-09-21 (74 days),-1.0,37.7,nan,nan,nan,NEUTRAL,LOW,High volume; Strong trend (ADX=40); Last surprise: +12.3%; Earnings conf adj: +1,-1.0,-1.0,1.0,35,2026-10-29,12.35,1
2026-09-24T15:44:03,2026-09-24,DOV,HOLD,0,EMA Crossover (9/21),LOW,1,0.74,nan,2.95,0.0,4.43,0.0,0.0,2026-10-21,0.05,0.07,100.0,0.36,-0.22,38.24,-7.38,27.0,1,2026-06-05 to 2026-09-21 (74 days),-1.0,32.7,nan,nan,nan,NEUTRAL,LOW,Strong trend (ADX=45); Last surprise: +0.7%,-1.0,-1.0,1.0,28,2026-10-22,0.74,0
2026-09-24T15:44:45,2026-09-24,MCHP,HOLD,0,52-Week High Momentum,MEDIUM,3,0.68,nan,2.4,0.0,4.8,0.0,0.0,2026-09-26,-0.74,-2.57,100.0,42.29,-8.77,33.8,-6.01,2.0,1,2026-06-05 to 2026-09-21 (74 days),-1.0,51.3,nan,nan,nan,NEUTRAL,LOW,Last surprise: +8.6%; Earnings conf adj: +1,-1.0,-1.0,1.0,42,2026-11-05,8.57,1
2026-09-24T15:46:23,2026-09-24,FLS,HOLD,0,EMA Crossover (9/21),MEDIUM,3,0.62,nan,2.98,0.0,5.96,0.0,0.0,2026-11-02,0.3,0.46,100.0,12.03,3.49,-3.19,-7.44,39.0,1,2026-06-05 to 2026-09-21 (74 days),-1.0,46.7,nan,nan,nan,NEUTRAL,LOW,Strong trend (ADX=35); Last surprise: +10.5%; Earnings conf adj: +1,-1.0,-1.0,1.0,33,2026-10-27,10.47,1
2026-09-24T15:47:16,2026-09-24,SLGN,HOLD,0,PEAD Earnings Drift,MEDIUM,2,0.62,nan,4.5,0.0,9.0,0.0,0.0,2026-11-05,0.34,0.43,100.0,17.63,5.8,-0.44,-11.26,42.0,1,2026-06-05 to 2026-09-21 (74 days),-1.0,28.6,nan,nan,nan,NEUTRAL,LOW,RSI oversold; Last surprise: +2.1%,-1.0,-1.0,1.0,34,2026-10-28,2.08,0
2026-09-24T15:44:56,2026-09-24,NTRS,EXIT,-1,PEAD Earnings Drift,MEDIUM,3,0.58,nan,2.86,nan,5.72,nan,10.0,2026-11-06,1.18,1.99,100.0,93.32,17.66,-2.52,-7.16,43.0,1,2026-06-05 to 2026-09-21 (74 days),-1.0,42.4,nan,nan,nan,NEUTRAL,LOW,Strong trend (ADX=37); Last surprise: -8.4%; Earnings conf adj: -1,-1.0,-1.0,1.0,27,2026-10-21,-8.44,-1
2026-09-24T15:45:48,2026-09-24,EWBC,HOLD,0,Composite Multi-Indicator,MEDIUM,2,0.51,nan,3.16,0.0,6.32,0.0,0.0,2026-12-28,0.32,0.47,100.0,12.76,4.11,-3.24,-7.91,95.0,1,2026-06-05 to 2026-09-21 (74 days),-1.0,45.0,nan,nan,nan,NEUTRAL,LOW,Last surprise: +0.4%,-1.0,-1.0,1.0,26,2026-10-20,0.38,0
2026-09-24T15:43:36,2026-09-24,ARES,HOLD,0,EMA Crossover (9/21),MEDIUM,3,0.48,nan,5.04,0.0,10.08,0.0,0.0,2026-11-20,0.68,1.21,100.0,48.51,16.94,6.56,-12.59,57.0,1,2026-06-05 to 2026-09-21 (74 days),-1.0,40.1,nan,nan,nan,NEUTRAL,LOW,Strong trend (ADX=51); Last surprise: +1.6%,-1.0,-1.0,1.0,39,2026-11-02,1.57,0
2026-09-24T15:46:30,2026-09-24,OSK,HOLD,0,EMA Crossover (9/21),HIGH,4,0.47,nan,3.57,0.0,7.14,0.0,0.0,2026-12-20,0.75,1.08,100.0,59.0,21.43,-18.62,-8.92,87.0,1,2026-06-05 to 2026-09-21 (74 days),-1.0,40.2,nan,nan,nan,NEUTRAL,LOW,High volume; Last surprise: +10.0%; Earnings conf adj: +1,-1.0,-1.0,1.0,34,2026-10-28,9.96,1
2026-09-24T15:43:42,2026-09-24,BNY,HOLD,0,52-Week High Momentum,HIGH,5,0.35,nan,2.87,0.0,5.74,0.0,0.0,2027-01-07,1.41,2.16,100.0,88.73,33.61,1.05,-7.17,105.0,1,2026-06-05 to 2026-09-21 (74 days),-1.0,36.5,nan,nan,nan,NEUTRAL,LOW,Strong trend (ADX=32); Last surprise: +10.8%; Earnings conf adj: +1,-1.0,-1.0,1.0,21,2026-10-15,10.81,1
2026-09-24T15:47:19,2026-09-24,BBWI,HOLD,0,ADX Trend Following,MEDIUM,3,0.31,nan,7.0,0.0,14.0,0.0,0.0,2026-10-21,0.17,0.25,100.0,3.86,1.0,7.69,-17.49,27.0,1,2026-06-05 to 2026-09-21 (74 days),-1.0,40.3,nan,nan,nan,NEUTRAL,LOW,Last surprise: +158.3%; Earnings conf adj: +1,-1.0,-1.0,1.0,56,2026-11-19,158.33,1
2026-09-24T15:44:24,2026-09-24,HAS,HOLD,0,EMA Crossover (9/21),MEDIUM,3,0.14,nan,3.25,0.0,6.5,0.0,0.0,2026-11-12,0.18,0.3,100.0,5.71,1.63,-16.66,-8.13,49.0,1,2026-06-05 to 2026-09-21 (74 days),-1.0,36.7,nan,nan,nan,NEUTRAL,LOW,Strong trend (ADX=30); Last surprise: +13.3%; Earnings conf adj: +1,-1.0,-1.0,1.0,28,2026-10-22,13.27,1
2026-09-24T15:47:08,2026-09-24,FFIN,HOLD,0,Composite Multi-Indicator,MEDIUM,2,0.11,nan,4.27,0.0,8.54,0.0,0.0,2026-12-28,0.16,0.23,100.0,4.45,1.19,-6.42,-10.68,95.0,1,2026-06-05 to 2026-09-21 (74 days),-1.0,41.7,nan,nan,nan,NEUTRAL,LOW,Strong trend (ADX=36); Last surprise: +0.0%,-1.0,-1.0,1.0,28,2026-10-22,0.0,0
2026-09-24T15:43:53,2026-09-24,COF,HOLD,0,Momentum (Rate of Change),HIGH,5,0.03,nan,2.82,0.0,5.64,0.0,0.0,2026-12-08,1.02,1.52,100.0,70.68,23.53,-32.82,-7.05,75.0,1,2026-06-05 to 2026-09-21 (74 days),-1.0,40.8,nan,nan,nan,NEUTRAL,LOW,Strong trend (ADX=43); Last surprise: +23.9%; Earnings conf adj: +1,-1.0,-1.0,1.0,26,2026-10-20,23.88,1
2026-09-24T15:47:26,2026-09-24,KD,BUY,1,SMA Crossover (10/50),HIGH,4,-0.04,nan,7.14,nan,14.28,nan,10.0,2026-12-01,0.52,0.77,100.0,39.96,14.08,-4.23,-17.84,68.0,1,2026-06-05 to 2026-09-21 (74 days),0.357,41.9,nan,nan,nan,NEUTRAL,LOW,Last surprise: +29.4%; Earnings conf adj: +1,-1.0,-1.0,1.0,40,2026-11-03,29.41,1
2026-09-24T15:44:24,2026-09-24,HD,HOLD,1,SMA Crossover (10/50),LOW,1,-0.08,nan,3.71,nan,5.56,nan,0.0,2026-12-02,0.11,0.16,100.0,0.71,-0.11,11.98,-9.27,69.0,1,2026-06-05 to 2026-09-21 (74 days),-1.0,28.0,nan,nan,nan,NEUTRAL,LOW,RSI oversold; Strong trend (ADX=43); Last surprise: +4.0%,-1.0,-1.0,1.0,54,2026-11-17,4.02,0
2026-09-24T15:45:16,2026-09-24,SO,HOLD,0,Momentum (Rate of Change),MEDIUM,2,-0.1,nan,2.16,0.0,4.32,0.0,0.0,2026-10-28,-0.54,-0.82,100.0,0.59,-6.49,15.52,-5.41,34.0,1,2026-06-05 to 2026-09-21 (74 days),-1.0,30.0,nan,nan,nan,NEUTRAL,LOW,RSI oversold; Strong trend (ADX=52); Last surprise: +11.9%; Earnings conf adj: +1,-1.0,-1.0,1.0,35,2026-10-29,11.88,1
2026-09-24T15:43:42,2026-09-24,BLK,HOLD,0,Composite Multi-Indicator,HIGH,4,-0.5,nan,4.74,0.0,9.48,0.0,0.0,2026-12-24,0.64,1.03,100.0,40.95,14.46,-24.81,-11.86,91.0,1,2026-06-05 to 2026-09-21 (74 days),-1.0,48.7,nan,nan,nan,NEUTRAL,LOW,Strong trend (ADX=47); Last surprise: +9.6%; Earnings conf adj: +1,-1.0,-1.0,1.0,20,2026-10-14,9.61,1
2026-09-24T15:47:26,2026-09-24,EEFT,HOLD,0,Momentum (Rate of Change),MEDIUM,2,-0.53,nan,5.9,0.0,11.8,0.0,0.0,2026-10-28,0.02,0.03,100.0,2.83,-3.11,0.16,-14.75,34.0,1,2026-06-05 to 2026-09-21 (74 days),-1.0,36.5,nan,nan,nan,NEUTRAL,LOW,Last surprise: -4.1%,-1.0,-1.0,1.0,27,2026-10-21,-4.08,0
2026-09-24T15:44:40,2026-09-24,LII,HOLD,0,MACD Crossover,LOW,0,-0.55,nan,3.49,0.0,5.24,0.0,0.0,2026-10-07,-1.94,-2.48,50.0,0.15,-20.37,47.93,-8.72,13.0,2,2026-06-05 to 2026-09-21 (74 days),-1.0,30.9,nan,nan,nan,NEUTRAL,LOW,Strong trend (ADX=37); Last surprise: +0.3%,-1.0,-1.0,1.0,34,2026-10-28,0.26,0
2026-09-24T15:44:54,2026-09-24,NOC,HOLD,0,Composite Multi-Indicator,HIGH,4,-0.62,nan,4.88,0.0,9.76,0.0,0.0,2026-12-24,0.7,1.06,100.0,41.82,14.78,24.18,-12.19,91.0,1,2026-06-05 to 2026-09-21 (74 days),-1.0,44.5,nan,nan,nan,NEUTRAL,LOW,Last surprise: +12.6%; Earnings conf adj: +1,-1.0,-1.0,1.0,26,2026-10-20,12.61,1
2026-09-24T15:45:55,2026-09-24,ARMK,HOLD,0,VWAP Trend,HIGH,4,-0.85,nan,2.0,0.0,4.0,0.0,0.0,2026-09-25,0.75,1.35,66.7,1.65,4.79,-17.32,-3.19,1.9,9,2026-06-05 to 2026-09-21 (74 days),-1.0,42.3,nan,nan,nan,NEUTRAL,LOW,Last surprise: +8.3%; Earnings conf adj: +1,-1.0,-1.0,1.0,61,2026-11-24,8.33,1
2026-09-24T15:45:55,2026-09-24,LAMR,HOLD,0,52-Week High Momentum,MEDIUM,2,-0.9,nan,3.73,0.0,7.46,0.0,0.0,2026-12-18,0.3,0.37,100.0,18.85,3.75,8.53,-9.32,85.0,1,2026-06-05 to 2026-09-21 (74 days),-1.0,39.6,nan,nan,nan,NEUTRAL,LOW,Strong trend (ADX=34); Last surprise: -1.3%,-1.0,-1.0,1.0,42,2026-11-05,-1.27,0
2026-09-24T15:45:32,2026-09-24,VRT,HOLD,0,VWAP Trend,HIGH,5,-0.97,nan,4.54,0.0,9.08,0.0,0.0,2026-09-25,1.88,2.91,55.6,2.27,97.51,143.81,-11.35,1.9,9,2026-06-05 to 2026-09-21 (74 days),-1.0,45.9,nan,nan,nan,NEUTRAL,LOW,Last surprise: +6.3%; Earnings conf adj: +1,-1.0,-1.0,1.0,27,2026-10-21,6.29,1
2026-09-24T15:47:00,2026-09-24,NJR,HOLD,0,52-Week High Momentum,MEDIUM,3,-1.03,nan,4.18,0.0,8.36,0.0,0.0,2026-11-20,-0.24,-0.33,100.0,8.91,-4.76,7.32,-10.46,57.0,1,2026-06-05 to 2026-09-21 (74 days),-1.0,38.0,nan,nan,nan,NEUTRAL,LOW,Last surprise: +83.3%; Earnings conf adj: +1,-1.0,-1.0,1.0,53,2026-11-16,83.33,1
2026-09-24T15:46:26,2026-09-24,AYI,HOLD,0,Composite Multi-Indicator,MEDIUM,2,-1.05,nan,8.44,0.0,16.88,0.0,0.0,2027-01-06,0.37,0.64,100.0,21.54,7.26,1.9,-21.11,104.0,1,2026-06-05 to 2026-09-21 (74 days),-1.0,37.0,nan,nan,nan,NEUTRAL,LOW,Strong trend (ADX=53); Last surprise: +2.3%,-1.0,-1.0,1.0,7,2026-10-01,2.31,0
2026-09-24T15:46:24,2026-09-24,MUSA,HOLD,0,VWAP Trend,LOW,1,-1.08,nan,2.58,0.0,3.87,0.0,0.0,2026-09-25,-0.52,-0.73,46.2,0.86,-10.52,10.95,-6.44,1.7,13,2026-06-05 to 2026-09-21 (74 days),-1.0,39.7,nan,nan,nan,NEUTRAL,LOW,Last surprise: +12.2%; Earnings conf adj: +1,-1.0,-1.0,1.0,34,2026-10-28,12.18,1
2026-09-24T15:45:08,2026-09-24,Q,HOLD,0,VWAP Trend,LOW,1,-1.22,nan,8.02,0.0,12.03,0.0,0.0,2026-09-26,-1.64,-1.94,37.5,0.54,-40.07,17.13,-20.05,2.9,8,2026-06-16 to 2026-09-21 (67 days),-1.0,47.0,nan,nan,nan,NEUTRAL,LOW,Strong trend (ADX=31); Last surprise: +11.2%; Earnings conf adj: +1,-1.0,-1.0,1.0,53,2026-11-16,11.21,1
2026-09-24T15:46:11,2026-09-24,AHR,HOLD,0,Donchian Breakout (20/55),MEDIUM,3,-1.4,nan,3.86,0.0,7.72,0.0,0.0,2026-12-16,0.13,0.19,100.0,1.88,0.3,-41.66,-9.65,83.0,1,2026-06-05 to 2026-09-21 (74 days),-1.0,35.5,nan,nan,nan,NEUTRAL,LOW,Strong trend (ADX=42); Last surprise: +7.1%; Earnings conf adj: +1,-1.0,-1.0,1.0,42,2026-11-05,7.14,1
2026-09-24T15:44:32,2026-09-24,INVH,BUY,1,ADX Trend Following,HIGH,4,-1.49,nan,2.0,nan,4.0,nan,10.0,2026-10-08,1.58,2.68,50.0,12.98,17.38,44.98,-3.99,14.5,2,2026-06-05 to 2026-09-21 (74 days),0.413,24.9,nan,nan,nan,NEUTRAL,LOW,RSI oversold; Strong trend (ADX=69); Last surprise: +7.1%; Earnings conf adj: +1,-1.0,-1.0,1.0,34,2026-10-28,7.14,1
2026-09-24T15:46:21,2026-09-24,ONB,HOLD,0,52-Week High Momentum,MEDIUM,2,-1.67,nan,3.09,0.0,6.18,0.0,0.0,2027-01-03,0.24,0.34,100.0,9.01,2.79,-19.39,-7.73,101.0,1,2026-06-05 to 2026-09-21 (74 days),-1.0,40.9,nan,nan,nan,NEUTRAL,LOW,Last surprise: +3.2%,-1.0,-1.0,1.0,27,2026-10-21,3.17,0
2026-09-24T15:44:33,2026-09-24,IRM,HOLD,1,SMA Crossover (10/50),LOW,1,-1.97,nan,2.0,nan,3.0,nan,0.0,2026-09-28,-1.36,-1.44,50.0,0.15,-9.65,6.15,-4.22,4.0,2,2026-06-05 to 2026-09-21 (74 days),-1.0,50.7,nan,nan,nan,NEUTRAL,LOW,Last surprise: +7.1%; Earnings conf adj: +1,-1.0,-1.0,1.0,41,2026-11-04,7.14,1
2026-09-24T15:47:27,2026-09-24,RH,HOLD,0,VWAP Trend,HIGH,5,-2.09,nan,6.62,0.0,13.24,0.0,0.0,2026-09-29,1.61,3.58,55.6,2.09,85.24,124.02,-16.55,5.8,9,2026-06-05 to 2026-09-21 (74 days),-1.0,30.3,nan,nan,nan,NEUTRAL,LOW,Strong trend (ADX=43); Last surprise: +487.0%; Earnings conf adj: +1,-1.0,-1.0,1.0,77,2026-12-10,486.96,1
2026-09-24T15:45:01,2026-09-24,PCG,HOLD,0,VWAP Trend,LOW,1,-2.43,nan,4.98,0.0,7.47,0.0,0.0,2026-09-27,-1.13,-1.61,45.5,0.71,-22.07,34.79,-12.45,3.8,11,2026-06-08 to 2026-09-22 (74 days),-1.0,31.1,nan,nan,nan,NEUTRAL,LOW,Strong trend (ADX=35); Last surprise: +11.1%; Earnings conf adj: +1,-1.0,-1.0,1.0,28,2026-10-22,11.11,1
2026-09-24T15:46:55,2026-09-24,ANF,EXIT,-1,SMA Crossover (10/50),HIGH,5,-2.51,nan,5.11,nan,10.22,nan,10.0,2026-12-29,2.4,6.98,100.0,613.45,418.95,-264.21,-12.78,96.0,1,2026-06-05 to 2026-09-21 (74 days),-1.0,54.4,nan,nan,nan,NEUTRAL,LOW,Last surprise: +111.7%; Earnings conf adj: +1,-1.0,-1.0,1.0,62,2026-11-25,111.68,1
2026-09-24T15:44:55,2026-09-24,NRG,HOLD,0,Stochastic Oscillator,MEDIUM,2,-2.61,nan,7.31,0.0,10.96,0.0,0.0,2026-10-16,0.83,1.3,66.7,1.77,25.93,79.2,-18.27,22.7,3,2026-06-05 to 2026-09-21 (74 days),-1.0,35.4,nan,nan,nan,NEUTRAL,LOW,Last surprise: -14.4%; Earnings conf adj: -1,-1.0,-1.0,1.0,42,2026-11-05,-14.37,-1
2026-09-24T15:44:16,2026-09-24,FISV,HOLD,0,ADX Trend Following,MEDIUM,2,-2.63,nan,3.03,0.0,6.06,0.0,0.0,2026-10-12,0.76,1.31,50.0,5.36,16.9,58.96,-7.57,18.0,2,2026-06-05 to 2026-09-21 (74 days),-1.0,33.3,nan,nan,nan,NEUTRAL,LOW,Last surprise: -3.7%,-1.0,-1.0,1.0,34,2026-10-28,-3.66,0
2026-09-24T15:45:02,2026-09-24,PEG,BUY,1,ADX Trend Following,MEDIUM,2,-2.64,nan,2.67,nan,5.34,nan,9.56,2026-10-03,-0.74,-0.96,66.7,0.7,-6.58,27.15,-6.67,9.3,3,2026-06-05 to 2026-09-21 (74 days),0.325,27.0,nan,nan,nan,NEUTRAL,LOW,RSI oversold; Strong trend (ADX=43); Last surprise: +7.5%; Earnings conf adj: +1,-1.0,-1.0,1.0,39,2026-11-02,7.5,1
2026-09-24T15:43:50,2026-09-24,CLX,HOLD,0,Momentum (Rate of Change),LOW,1,-2.97,nan,5.28,0.0,7.92,0.0,0.0,2026-12-11,-0.02,-0.03,100.0,0.04,-4.72,22.47,-13.21,78.0,1,2026-06-05 to 2026-09-21 (74 days),-1.0,28.4,nan,nan,nan,NEUTRAL,LOW,RSI oversold; Strong trend (ADX=74); Last surprise: +0.6%,-1.0,-1.0,1.0,40,2026-11-03,0.61,0
2026-09-24T15:44:18,2026-09-24,FTV,BUY,1,ADX Trend Following,MEDIUM,2,-3.12,nan,2.0,nan,4.0,nan,10.0,2026-09-25,0.6,1.9,50.0,3.04,1.88,32.11,-0.96,1.5,2,2026-06-05 to 2026-09-21 (74 days),0.29,36.8,nan,nan,nan,NEUTRAL,LOW,Strong trend (ADX=46); Last surprise: +4.2%,-1.0,-1.0,1.0,34,2026-10-28,4.23,0
2026-09-24T15:45:06,2026-09-24,PPL,HOLD,1,ADX Trend Following,LOW,0,-3.17,nan,2.69,nan,4.04,nan,0.0,2026-10-01,-0.47,-0.72,50.0,0.76,-6.39,12.87,-6.73,7.8,4,2026-06-05 to 2026-09-21 (74 days),-1.0,33.5,nan,nan,nan,NEUTRAL,LOW,Last surprise: -2.9%,-1.0,-1.0,1.0,41,2026-11-04,-2.94,0
2026-09-24T15:47:12,2026-09-24,IBOC,HOLD,0,VWAP Trend,MEDIUM,2,-3.32,nan,2.0,0.0,4.0,0.0,0.0,2026-09-26,0.84,1.45,50.0,1.65,6.03,15.69,-4.24,2.1,12,2026-06-05 to 2026-09-21 (74 days),-1.0,39.5,nan,nan,nan,NEUTRAL,LOW,Last surprise: -4.3%,-1.0,-1.0,1.0,42,2026-11-05,-4.35,0
2026-09-24T15:45:58,2026-09-24,LECO,HOLD,0,Composite Multi-Indicator,MEDIUM,2,-3.35,nan,5.38,0.0,10.76,0.0,0.0,2027-01-05,0.38,0.52,100.0,22.2,7.5,11.44,-13.46,103.0,1,2026-06-05 to 2026-09-21 (74 days),-1.0,41.3,nan,nan,nan,NEUTRAL,LOW,Strong trend (ADX=42); Last surprise: +4.3%,-1.0,-1.0,1.0,35,2026-10-29,4.27,0
2026-09-24T15:44:07,2026-09-24,EFX,HOLD,0,Momentum (Rate of Change),LOW,1,-3.37,nan,4.98,0.0,7.47,0.0,0.0,2026-11-27,0.01,0.02,100.0,0.02,-5.38,18.45,-12.45,64.0,1,2026-06-05 to 2026-09-21 (74 days),-1.0,31.2,nan,nan,nan,NEUTRAL,LOW,Strong trend (ADX=36); Last surprise: +2.3%,-1.0,-1.0,1.0,26,2026-10-20,2.27,0
2026-09-24T15:43:47,2026-09-24,CCL,HOLD,1,ADX Trend Following,LOW,1,-3.82,nan,4.22,nan,6.33,nan,0.0,2026-10-02,0.23,0.37,60.0,1.17,2.55,50.16,-10.55,8.8,5,2026-06-08 to 2026-09-22 (74 days),-1.0,33.3,nan,nan,nan,NEUTRAL,LOW,Strong trend (ADX=51); Earnings in 5d (2026-09-29); Last surprise: +20.6%,-1.0,-1.0,1.0,5,2026-09-29,20.59,0
2026-09-24T15:47:28,2026-09-24,SAM,HOLD,0,Stochastic Oscillator,LOW,1,-4.03,nan,4.8,0.0,7.2,0.0,0.0,2026-10-08,0.19,0.25,66.7,3.85,1.81,-12.9,-12.01,14.0,3,2026-06-05 to 2026-09-21 (74 days),-1.0,44.2,nan,nan,nan,NEUTRAL,LOW,Last surprise: -24.4%; Earnings conf adj: -1,-1.0,-1.0,1.0,28,2026-10-22,-24.43,-1
2026-09-24T15:46:51,2026-09-24,CAVA,HOLD,1,SMA Crossover (10/50),LOW,1,-4.11,nan,2.54,nan,3.81,nan,0.0,2026-09-30,0.21,0.35,50.0,1.45,2.09,70.49,-6.34,6.0,2,2026-06-05 to 2026-09-21 (74 days),-1.0,32.4,nan,nan,nan,NEUTRAL,LOW,Strong trend (ADX=56); Last surprise: +5.6%; Earnings conf adj: +1,-1.0,-1.0,1.0,47,2026-11-10,5.56,1
2026-09-24T15:44:08,2026-09-24,EME,HOLD,0,VWAP Trend,LOW,1,-4.44,nan,2.0,0.0,3.0,0.0,0.0,2026-09-26,-0.34,-0.45,50.0,0.96,-4.28,18.63,-4.69,2.0,8,2026-06-05 to 2026-09-21 (74 days),-1.0,49.1,nan,nan,nan,NEUTRAL,LOW,Last surprise: +25.3%; Earnings conf adj: +1,-1.0,-1.0,1.0,35,2026-10-29,25.31,1
2026-09-24T15:43:50,2026-09-24,CL,EXIT,-1,VWAP Trend,MEDIUM,2,-4.73,nan,2.0,nan,4.0,nan,1.58,2026-09-26,0.9,2.01,37.5,1.82,8.18,15.12,-2.86,2.2,8,2026-06-05 to 2026-09-21 (74 days),-1.0,35.5,nan,nan,nan,NEUTRAL,LOW,Last surprise: +4.2%,-1.0,-1.0,1.0,36,2026-10-30,4.21,0
2026-09-24T15:45:29,2026-09-24,URI,HOLD,0,Stochastic Oscillator,HIGH,4,-5.25,nan,3.16,0.0,4.74,0.0,0.0,2026-10-16,1.13,2.01,50.0,11.78,30.92,42.11,-7.9,22.0,2,2026-06-05 to 2026-09-21 (74 days),-1.0,48.9,nan,nan,nan,NEUTRAL,LOW,Last surprise: +10.1%; Earnings conf adj: +1,-1.0,-1.0,1.0,27,2026-10-21,10.09,1
2026-09-24T15:44:34,2026-09-24,JBL,HOLD,0,ADX Trend Following,LOW,1,-5.54,nan,6.2,0.0,9.3,0.0,0.0,2026-09-28,-1.37,-1.53,66.7,0.48,-26.21,14.41,-15.49,4.7,3,2026-06-05 to 2026-09-21 (74 days),-1.0,45.6,nan,nan,nan,NEUTRAL,LOW,Last surprise: +1.3%,-1.0,-1.0,1.0,6,2026-09-30,1.28,0
2026-09-24T15:47:13,2026-09-24,BC,HOLD,1,VWAP Trend,LOW,1,-5.55,nan,2.5,nan,3.75,nan,0.0,2026-09-26,-0.39,-0.61,50.0,0.96,-7.75,40.7,-6.25,2.1,14,2026-06-05 to 2026-09-21 (74 days),-1.0,24.1,nan,nan,nan,NEUTRAL,LOW,RSI oversold; Strong trend (ADX=61); Last surprise: +31.1%; Earnings conf adj: +1,-1.0,-1.0,1.0,28,2026-10-22,31.09,1
2026-09-24T15:44:59,2026-09-24,ON,HOLD,-1,VWAP Trend,LOW,0,-5.77,nan,6.64,nan,9.96,nan,0.0,2026-09-25,-0.97,-1.16,50.0,0.57,-34.02,47.66,-16.61,1.9,10,2026-06-05 to 2026-09-21 (74 days),-1.0,45.6,nan,nan,nan,NEUTRAL,LOW,Last surprise: +2.8%,-1.0,-1.0,1.0,39,2026-11-02,2.78,0
2026-09-24T15:47:27,2026-09-24,WHR,HOLD,0,MACD Crossover,LOW,0,-5.85,nan,5.24,0.0,7.86,0.0,0.0,2026-10-17,0.34,0.59,50.0,2.02,5.92,54.02,-13.1,23.5,2,2026-06-05 to 2026-09-21 (74 days),-1.0,32.4,nan,nan,nan,NEUTRAL,LOW,Strong trend (ADX=52); Last surprise: -520.0%; Earnings conf adj: -1,-1.0,-1.0,1.0,34,2026-10-28,-520.0,-1
2026-09-24T15:47:06,2026-09-24,CNX,HOLD,0,Stochastic Oscillator,MEDIUM,3,-5.86,nan,2.29,0.0,3.44,0.0,0.0,2026-10-17,0.77,1.34,50.0,2.9,11.43,19.51,-5.72,23.5,2,2026-06-05 to 2026-09-21 (74 days),-1.0,26.1,nan,nan,nan,NEUTRAL,LOW,RSI oversold; Strong trend (ADX=48); Last surprise: +29.1%; Earnings conf adj: +1,-1.0,-1.0,1.0,35,2026-10-29,29.09,1
2026-09-24T15:45:23,2026-09-24,TMUS,HOLD,0,Stochastic Oscillator,MEDIUM,3,-5.9,nan,4.52,0.0,6.78,0.0,0.0,2026-10-12,0.86,1.24,50.0,50.5,16.49,37.69,-11.3,18.5,2,2026-06-05 to 2026-09-21 (74 days),-1.0,34.4,nan,nan,nan,NEUTRAL,LOW,High volume; Last surprise: +15.0%; Earnings conf adj: +1,-1.0,-1.0,1.0,34,2026-10-28,15.0,1
2026-09-24T15:47:20,2026-09-24,IPGP,HOLD,0,Stochastic Oscillator,LOW,1,-5.94,nan,9.92,0.0,14.88,0.0,0.0,2026-11-08,-0.28,-0.37,0.0,0.0,-16.18,51.0,-24.8,45.0,1,2026-06-05 to 2026-09-21 (74 days),-1.0,46.6,nan,nan,nan,NEUTRAL,LOW,Last surprise: +48.7%; Earnings conf adj: +1,-1.0,-1.0,1.0,40,2026-11-03,48.72,1
2026-09-24T15:44:23,2026-09-24,GS,HOLD,0,Stochastic Oscillator,LOW,1,-6.02,nan,7.27,0.0,10.9,0.0,0.0,2026-12-14,-0.5,-0.77,0.0,0.0,-19.36,3.32,-18.18,81.0,1,2026-06-05 to 2026-09-21 (74 days),-1.0,38.8,nan,nan,nan,NEUTRAL,LOW,Strong trend (ADX=37); Last surprise: +44.3%; Earnings conf adj: +1,-1.0,-1.0,1.0,19,2026-10-13,44.29,1
2026-09-24T15:43:41,2026-09-24,BF-B,HOLD,0,MACD Crossover,MEDIUM,2,-6.07,nan,3.65,0.0,7.3,0.0,0.0,2026-10-17,0.87,1.39,50.0,20.35,20.32,14.36,-9.13,23.0,2,2026-06-05 to 2026-09-21 (74 days),-1.0,44.7,nan,nan,nan,NEUTRAL,LOW,Last surprise: +2.7%,-1.0,-1.0,1.0,70,2026-12-03,2.7,0
2026-09-24T15:46:03,2026-09-24,AMH,HOLD,0,VWAP Trend,LOW,1,-6.08,nan,2.79,0.0,4.19,0.0,0.0,2026-09-26,-0.86,-1.22,50.0,0.77,-7.91,5.74,-6.98,2.9,8,2026-06-05 to 2026-09-21 (74 days),-1.0,34.2,nan,nan,nan,NEUTRAL,LOW,Strong trend (ADX=48); Last surprise: +113.3%; Earnings conf adj: +1,-1.0,-1.0,1.0,34,2026-10-28,113.33,1
2026-09-24T15:47:27,2026-09-24,OLN,HOLD,0,ADX Trend Following,LOW,0,-6.14,nan,2.0,0.0,3.0,0.0,0.0,2026-09-29,-1.21,-1.49,50.0,0.23,-6.17,67.18,-3.6,5.0,2,2026-06-05 to 2026-09-21 (74 days),-1.0,35.1,nan,nan,nan,NEUTRAL,LOW,Last surprise: -30.0%; Earnings conf adj: -1,-1.0,-1.0,1.0,35,2026-10-29,-30.0,-1
2026-09-24T15:44:19,2026-09-24,GEHC,HOLD,0,Stochastic Oscillator,HIGH,4,-6.34,nan,3.71,0.0,5.56,0.0,0.0,2026-10-12,1.42,3.65,50.0,3.21,43.17,42.22,-9.27,18.0,2,2026-06-05 to 2026-09-21 (74 days),-1.0,37.2,nan,nan,nan,NEUTRAL,LOW,Strong trend (ADX=50); Last surprise: +8.7%; Earnings conf adj: +1,-1.0,-1.0,1.0,34,2026-10-28,8.65,1
2026-09-24T15:45:45,2026-09-24,XPO,HOLD,0,Stochastic Oscillator,LOW,1,-6.42,nan,6.52,0.0,9.78,0.0,0.0,2026-11-05,-0.86,-1.29,50.0,0.18,-25.19,29.26,-16.31,42.0,2,2026-06-05 to 2026-09-21 (74 days),-1.0,31.2,nan,nan,nan,NEUTRAL,LOW,Strong trend (ADX=44); Last surprise: +15.6%; Earnings conf adj: +1,-1.0,-1.0,1.0,35,2026-10-29,15.65,1
2026-09-24T15:46:30,2026-09-24,DY,HOLD,0,VWAP Trend,LOW,1,-6.74,nan,6.08,0.0,9.12,0.0,0.0,2026-09-30,-0.96,-1.11,40.0,0.34,-29.94,50.29,-15.19,6.0,5,2026-06-05 to 2026-09-21 (74 days),-1.0,35.5,nan,nan,nan,NEUTRAL,LOW,Strong trend (ADX=45); Last surprise: +12.1%; Earnings conf adj: +1,-1.0,-1.0,1.0,62,2026-11-25,12.08,1
2026-09-24T15:47:18,2026-09-24,PLNT,HOLD,0,Stochastic Oscillator,MEDIUM,3,-6.88,nan,5.31,0.0,7.96,0.0,0.0,2026-11-05,1.07,1.7,50.0,5.87,33.25,55.88,-13.28,42.5,2,2026-06-05 to 2026-09-21 (74 days),-1.0,32.6,nan,nan,nan,NEUTRAL,LOW,High volume; Last surprise: +3.5%,-1.0,-1.0,1.0,42,2026-11-05,3.53,0
2026-09-24T15:45:31,2026-09-24,VRSK,HOLD,0,VWAP Trend,MEDIUM,2,-6.92,nan,5.0,0.0,10.0,0.0,0.0,2026-10-05,0.75,1.14,57.1,1.48,22.25,37.96,-12.5,11.4,7,2026-06-05 to 2026-09-21 (74 days),-1.0,38.8,nan,nan,nan,NEUTRAL,LOW,Last surprise: +2.6%,-1.0,-1.0,1.0,34,2026-10-28,2.59,0
2026-09-24T15:47:10,2026-09-24,CHH,HOLD,1,VWAP Trend,LOW,0,-7.07,nan,2.31,nan,3.46,nan,0.0,2026-09-26,0.3,0.43,45.5,1.31,4.11,33.43,-5.78,2.5,11,2026-06-05 to 2026-09-21 (74 days),-1.0,42.3,nan,nan,nan,NEUTRAL,LOW,Strong trend (ADX=30); Last surprise: +2.5%,-1.0,-1.0,1.0,41,2026-11-04,2.54,0
2026-09-24T15:47:14,2026-09-24,ESAB,HOLD,0,MACD Crossover,LOW,0,-7.19,nan,5.01,0.0,7.52,0.0,0.0,2026-10-12,-0.03,-0.05,50.0,0.18,-6.45,54.26,-12.52,18.5,2,2026-06-05 to 2026-09-21 (74 days),-1.0,32.5,nan,nan,nan,NEUTRAL,LOW,Strong trend (ADX=50); Last surprise: -3.6%,-1.0,-1.0,1.0,35,2026-10-29,-3.62,0
2026-09-24T15:46:25,2026-09-24,OGE,HOLD,0,VWAP Trend,MEDIUM,2,-7.34,nan,2.0,0.0,4.0,0.0,0.0,2026-09-25,0.59,1.09,50.0,1.67,3.68,19.71,-2.24,1.3,10,2026-06-05 to 2026-09-21 (74 days),-1.0,36.3,nan,nan,nan,NEUTRAL,LOW,Last surprise: +1.8%,-1.0,-1.0,1.0,34,2026-10-28,1.82,0
2026-09-24T15:45:03,2026-09-24,PG,HOLD,0,ADX Trend Following,MEDIUM,2,-7.39,nan,2.0,0.0,4.0,0.0,0.0,2026-10-07,0.53,0.83,50.0,2.04,5.37,3.88,-4.03,13.0,2,2026-06-05 to 2026-09-21 (74 days),-1.0,51.3,nan,nan,nan,NEUTRAL,LOW,Last surprise: +1.4%,-1.0,-1.0,1.0,28,2026-10-22,1.42,0
2026-09-24T15:47:19,2026-09-24,POST,HOLD,1,ADX Trend Following,LOW,0,-7.43,nan,8.25,nan,12.38,nan,0.0,2026-10-04,-2.18,-2.37,50.0,0.31,-48.98,-2.03,-20.63,10.2,4,2026-06-05 to 2026-09-21 (74 days),-1.0,32.7,nan,nan,nan,NEUTRAL,LOW,Last surprise: +4.1%,-1.0,-1.0,1.0,56,2026-11-19,4.09,0
2026-09-24T15:46:05,2026-09-24,CSL,BUY,1,ADX Trend Following,HIGH,4,-7.53,nan,4.4,nan,8.8,nan,10.0,2026-10-03,0.64,1.33,66.7,2.94,14.3,38.77,-11.0,9.7,3,2026-06-05 to 2026-09-21 (74 days),0.298,36.0,nan,nan,nan,NEUTRAL,LOW,Strong trend (ADX=48); Last surprise: +10.7%; Earnings conf adj: +1,-1.0,-1.0,1.0,34,2026-10-28,10.71,1
2026-09-24T15:44:54,2026-09-24,NI,HOLD,0,MACD Crossover,LOW,0,-8.42,nan,2.0,0.0,3.0,0.0,0.0,2026-10-16,-0.21,-0.31,50.0,0.42,-3.02,33.87,-4.57,22.5,2,2026-06-05 to 2026-09-21 (74 days),-1.0,36.6,nan,nan,nan,NEUTRAL,LOW,High volume; Last surprise: +0.0%,-1.0,-1.0,1.0,34,2026-10-28,0.0,0
2026-09-24T15:46:27,2026-09-24,KTOS,HOLD,0,Stochastic Oscillator,HIGH,4,-8.65,nan,8.29,0.0,12.43,0.0,0.0,2026-10-30,1.5,2.38,50.0,2.97,84.93,135.87,-20.72,36.0,2,2026-06-08 to 2026-09-22 (74 days),-1.0,38.0,nan,nan,nan,NEUTRAL,LOW,Last surprise: +40.0%; Earnings conf adj: +1,-1.0,-1.0,1.0,40,2026-11-03,40.0,1
2026-09-24T15:43:38,2026-09-24,BA,HOLD,0,Stochastic Oscillator,LOW,0,-8.94,nan,3.75,0.0,5.62,0.0,0.0,2026-10-19,0.34,0.57,50.0,1.44,5.73,31.94,-9.37,25.0,2,2026-06-08 to 2026-09-22 (74 days),-1.0,35.1,nan,nan,nan,NEUTRAL,LOW,High volume; Strong trend (ADX=37); Last surprise: -145.2%; Earnings conf adj: -1,-1.0,-1.0,1.0,34,2026-10-28,-145.16,-1
2026-09-24T15:45:54,2026-09-24,WPC,HOLD,0,VWAP Trend,LOW,1,-9.06,nan,2.0,0.0,3.0,0.0,0.0,2026-09-27,-2.27,-2.8,42.9,0.48,-10.3,20.13,-4.62,3.3,7,2026-06-05 to 2026-09-21 (74 days),-1.0,21.9,nan,nan,nan,NEUTRAL,LOW,RSI oversold; Strong trend (ADX=63); Last surprise: +27.8%; Earnings conf adj: +1,-1.0,-1.0,1.0,33,2026-10-27,27.78,1
2026-09-24T15:47:26,2026-09-24,VC,HOLD,0,Multi-Factor Momentum MR,LOW,0,-9.28,nan,2.79,0.0,4.19,0.0,0.0,2026-10-01,-1.08,-1.24,0.0,0.0,-12.05,44.55,-6.97,7.7,3,2026-06-05 to 2026-09-21 (74 days),-1.0,25.6,nan,nan,nan,NEUTRAL,LOW,RSI oversold; Strong trend (ADX=44); Last surprise: -12.8%; Earnings conf adj: -1,-1.0,-1.0,1.0,28,2026-10-22,-12.79,-1
2026-09-24T15:44:11,2026-09-24,EXC,HOLD,0,Momentum (Rate of Change),LOW,0,-9.58,nan,2.13,0.0,3.2,0.0,0.0,2026-10-11,-0.7,-1.02,50.0,0.29,-9.33,13.88,-5.32,17.5,2,2026-06-05 to 2026-09-21 (74 days),-1.0,32.4,nan,nan,nan,NEUTRAL,LOW,Strong trend (ADX=39); Last surprise: -4.4%,-1.0,-1.0,1.0,40,2026-11-03,-4.44,0
2026-09-24T15:43:45,2026-09-24,CASY,HOLD,0,MACD Crossover,LOW,1,-9.62,nan,6.41,0.0,9.62,0.0,0.0,2026-10-14,-1.99,-2.64,50.0,0.26,-34.24,25.41,-16.02,20.5,2,2026-06-05 to 2026-09-21 (74 days),-1.0,22.6,nan,nan,nan,NEUTRAL,LOW,RSI oversold; Strong trend (ADX=58); Last surprise: +8.1%; Earnings conf adj: +1,-1.0,-1.0,1.0,75,2026-12-08,8.06,1
2026-09-24T15:44:42,2026-09-24,LOW,HOLD,0,Stochastic Oscillator,LOW,0,-9.68,nan,2.83,0.0,4.24,0.0,0.0,2026-10-16,0.16,0.24,50.0,1.19,1.23,28.51,-7.08,22.5,2,2026-06-05 to 2026-09-21 (74 days),-1.0,29.2,nan,nan,nan,NEUTRAL,LOW,RSI oversold; Strong trend (ADX=37); Last surprise: +4.3%,-1.0,-1.0,1.0,55,2026-11-18,4.27,0
2026-09-24T15:45:09,2026-09-24,RCL,HOLD,1,ADX Trend Following,LOW,1,-10.14,nan,4.79,nan,7.18,nan,0.0,2026-10-03,-0.71,-0.95,50.0,0.59,-14.85,23.64,-11.97,9.2,4,2026-06-08 to 2026-09-22 (74 days),-1.0,22.6,nan,nan,nan,NEUTRAL,LOW,RSI oversold; High volume; Strong trend (ADX=56); Last surprise: +5.8%; Earnings conf adj: +1,-1.0,-1.0,1.0,33,2026-10-27,5.78,1
2026-09-24T15:44:10,2026-09-24,ETR,HOLD,0,EMA Crossover (9/21),LOW,0,-10.21,nan,3.3,0.0,4.95,0.0,0.0,2026-10-15,-0.93,-1.15,50.0,0.52,-12.24,11.99,-8.26,21.0,2,2026-06-05 to 2026-09-21 (74 days),-1.0,33.2,nan,nan,nan,NEUTRAL,LOW,Strong trend (ADX=38); Last surprise: +2.0%,-1.0,-1.0,1.0,35,2026-10-29,1.98,0
2026-09-24T15:44:59,2026-09-24,ORLY,HOLD,1,ADX Trend Following,LOW,0,-10.25,nan,3.65,nan,5.48,nan,0.0,2026-10-28,-0.36,-0.46,50.0,0.32,-10.57,15.14,-9.12,34.5,2,2026-06-05 to 2026-09-21 (74 days),-1.0,34.8,nan,nan,nan,NEUTRAL,LOW,Strong trend (ADX=47); Last surprise: +0.0%,-1.0,-1.0,1.0,34,2026-10-28,0.0,0
2026-09-24T15:46:37,2026-09-24,CNM,HOLD,0,VWAP Trend,LOW,1,-10.27,nan,6.39,0.0,9.58,0.0,0.0,2026-10-01,-0.72,-0.95,50.0,0.78,-21.16,26.6,-15.97,7.2,10,2026-06-05 to 2026-09-21 (74 days),-1.0,48.9,nan,nan,nan,NEUTRAL,LOW,Last surprise: +5.6%; Earnings conf adj: +1,-1.0,-1.0,1.0,75,2026-12-08,5.62,1
2026-09-24T15:46:14,2026-09-24,KNX,HOLD,0,Stochastic Oscillator,LOW,1,-10.31,nan,3.45,0.0,5.18,0.0,0.0,2026-10-12,-0.02,-0.03,50.0,1.03,-2.17,40.18,-8.63,18.0,2,2026-06-05 to 2026-09-21 (74 days),-1.0,42.5,nan,nan,nan,NEUTRAL,LOW,Last surprise: +23.5%; Earnings conf adj: +1,-1.0,-1.0,1.0,27,2026-10-21,23.53,1
2026-09-24T15:46:18,2026-09-24,RRX,HOLD,0,VWAP Trend,LOW,1,-10.35,nan,3.2,0.0,4.8,0.0,0.0,2026-09-28,0.38,0.74,50.0,1.29,7.06,71.92,-8.01,4.0,6,2026-06-05 to 2026-09-21 (74 days),-1.0,35.1,nan,nan,nan,NEUTRAL,LOW,Strong trend (ADX=38); Last surprise: +15.9%; Earnings conf adj: +1,-1.0,-1.0,1.0,34,2026-10-28,15.89,1
2026-09-24T15:47:18,2026-09-24,THO,HOLD,0,MACD Crossover,LOW,0,-10.45,nan,3.33,0.0,5.0,0.0,0.0,2026-10-16,-0.66,-0.89,50.0,0.29,-16.1,5.96,-8.33,22.5,2,2026-06-05 to 2026-09-21 (74 days),-1.0,38.0,nan,nan,nan,NEUTRAL,LOW,Strong trend (ADX=39); Last surprise: -15.2%; Earnings conf adj: -1,-1.0,-1.0,1.0,69,2026-12-02,-15.22,-1
2026-09-24T15:43:52,2026-09-24,CNP,HOLD,0,EMA Crossover (9/21),LOW,1,-10.61,nan,4.09,0.0,6.14,0.0,0.0,2026-10-17,-1.33,-1.66,50.0,0.16,-16.41,15.35,-10.22,23.0,2,2026-06-05 to 2026-09-21 (74 days),-1.0,34.1,nan,nan,nan,NEUTRAL,LOW,Last surprise: +8.1%; Earnings conf adj: +1,-1.0,-1.0,1.0,28,2026-10-22,8.11,1
2026-09-24T15:45:27,2026-09-24,UDR,HOLD,0,VWAP Trend,LOW,1,-11.01,nan,2.39,0.0,3.58,0.0,0.0,2026-09-27,-1.18,-1.42,40.0,0.34,-10.49,26.55,-5.98,3.0,5,2026-06-05 to 2026-09-21 (74 days),-1.0,21.3,nan,nan,nan,NEUTRAL,LOW,RSI oversold; Strong trend (ADX=69); Last surprise: +61.5%; Earnings conf adj: +1,-1.0,-1.0,1.0,34,2026-10-28,61.54,1
2026-09-24T15:46:02,2026-09-24,BWA,HOLD,0,MACD Crossover,LOW,1,-11.19,nan,3.53,0.0,5.3,0.0,0.0,2026-10-11,-0.08,-0.12,50.0,0.89,-4.14,33.01,-8.82,17.5,2,2026-06-05 to 2026-09-21 (74 days),-1.0,44.5,nan,nan,nan,NEUTRAL,LOW,Last surprise: +11.8%; Earnings conf adj: +1,-1.0,-1.0,1.0,35,2026-10-29,11.81,1
2026-09-24T15:46:13,2026-09-24,DKS,HOLD,0,RSI Mean Reversion,LOW,0,-11.55,nan,2.0,0.0,3.0,0.0,0.0,2026-09-25,0.0,0.0,0.0,0.0,0.0,84.36,0.0,0.0,0,2026-06-05 to 2026-09-21 (74 days),-1.0,28.4,nan,nan,nan,NEUTRAL,LOW,RSI oversold; Strong trend (ADX=55); Last surprise: -6.1%; Earnings conf adj: -1,-1.0,-1.0,1.0,61,2026-11-24,-6.12,-1
2026-09-24T15:44:45,2026-09-24,MCD,HOLD,1,ADX Trend Following,LOW,0,-11.6,nan,2.69,nan,4.04,nan,0.0,2026-10-17,-0.99,-1.34,50.0,0.07,-14.7,13.73,-6.73,23.5,2,2026-06-08 to 2026-09-22 (74 days),-1.0,37.5,nan,nan,nan,NEUTRAL,LOW,High volume; Strong trend (ADX=49); Last surprise: +1.8%,-1.0,-1.0,1.0,42,2026-11-05,1.81,0
2026-09-24T15:47:24,2026-09-24,HGV,HOLD,0,RSI Mean Reversion,LOW,0,-11.75,nan,2.0,0.0,3.0,0.0,0.0,2026-09-25,0.0,0.0,0.0,0.0,0.0,68.6,0.0,0.0,0,2026-06-05 to 2026-09-21 (74 days),-1.0,22.1,nan,nan,nan,NEUTRAL,LOW,RSI oversold; Strong trend (ADX=58); Last surprise: -11.9%; Earnings conf adj: -1,-1.0,-1.0,1.0,35,2026-10-29,-11.88,-1
2026-09-24T15:44:00,2026-09-24,DECK,HOLD,0,RSI Mean Reversion,LOW,1,-12.23,nan,2.0,0.0,3.0,0.0,0.0,2026-09-25,0.0,0.0,0.0,0.0,0.0,64.31,0.0,0.0,0,2026-06-05 to 2026-09-21 (74 days),-1.0,38.4,nan,nan,nan,NEUTRAL,LOW,Strong trend (ADX=56); Last surprise: +8.0%; Earnings conf adj: +1,-1.0,-1.0,1.0,28,2026-10-22,8.05,1
2026-09-24T15:44:58,2026-09-24,ODFL,HOLD,0,Bollinger Band Mean Reversion,LOW,1,-12.23,nan,2.0,0.0,3.0,0.0,0.0,2026-09-25,-1.86,-1.86,0.0,0.0,-0.34,66.86,-0.1,0.0,0,2026-06-05 to 2026-09-21 (74 days),-1.0,28.4,nan,nan,nan,NEUTRAL,LOW,RSI oversold; Strong trend (ADX=73); Last surprise: +9.8%; Earnings conf adj: +1,-1.0,-1.0,1.0,34,2026-10-28,9.8,1
2026-09-24T15:47:24,2026-09-24,BHF,HOLD,0,Multi-Factor Momentum MR,LOW,0,-12.37,nan,2.0,0.0,3.0,0.0,0.0,2026-09-25,0.0,0.0,0.0,0.0,0.0,54.6,0.0,0.0,0,2026-06-05 to 2026-09-21 (74 days),-1.0,30.0,nan,nan,nan,NEUTRAL,LOW,High volume; Strong trend (ADX=50); Last surprise: -6.7%; Earnings conf adj: -1,-1.0,-1.0,1.0,42,2026-11-05,-6.71,-1
2026-09-24T15:46:49,2026-09-24,HR,HOLD,0,Stochastic Oscillator,LOW,0,-12.38,nan,3.56,0.0,5.34,0.0,0.0,2026-11-03,-0.7,-1.06,50.0,0.74,-10.66,8.19,-8.89,40.5,2,2026-06-05 to 2026-09-21 (74 days),-1.0,24.4,nan,nan,nan,NEUTRAL,LOW,RSI oversold; Strong trend (ADX=34); Last surprise: -550.0%; Earnings conf adj: -1,-1.0,-1.0,1.0,35,2026-10-29,-550.0,-1
2026-09-24T15:45:48,2026-09-24,MTZ,HOLD,0,RSI Mean Reversion,LOW,0,-12.42,nan,2.0,0.0,3.0,0.0,0.0,2026-09-25,0.0,0.0,0.0,0.0,0.0,81.58,0.0,0.0,0,2026-06-05 to 2026-09-21 (74 days),-1.0,38.8,nan,nan,nan,NEUTRAL,LOW,Strong trend (ADX=36); Last surprise: -0.4%,-1.0,-1.0,1.0,35,2026-10-29,-0.45,0
2026-09-24T15:47:05,2026-09-24,WH,HOLD,0,Stochastic Oscillator,LOW,0,-12.52,nan,3.9,0.0,5.85,0.0,0.0,2026-10-25,-1.42,-1.84,0.0,0.0,-24.66,23.02,-9.76,31.5,2,2026-06-05 to 2026-09-21 (74 days),-1.0,34.3,nan,nan,nan,NEUTRAL,LOW,Strong trend (ADX=44); Last surprise: +5.0%,-1.0,-1.0,1.0,27,2026-10-21,4.96,0
2026-09-24T15:44:19,2026-09-24,GE,HOLD,0,52-Week High Momentum,MEDIUM,2,-12.54,nan,5.09,0.0,10.18,0.0,0.0,2026-10-25,-0.11,-0.14,50.0,2.2,-4.8,3.96,-12.73,31.0,2,2026-06-05 to 2026-09-21 (74 days),-1.0,38.9,nan,nan,nan,NEUTRAL,LOW,Strong trend (ADX=43); Last surprise: +8.6%; Earnings conf adj: +1,-1.0,-1.0,1.0,26,2026-10-20,8.6,1
2026-09-24T15:45:11,2026-09-24,ROL,HOLD,1,SMA Crossover (10/50),LOW,0,-12.63,nan,2.0,nan,3.0,nan,0.0,2026-09-25,0.0,0.0,0.0,0.0,0.0,72.2,0.0,0.0,0,2026-06-05 to 2026-09-21 (74 days),-1.0,23.7,nan,nan,nan,NEUTRAL,LOW,RSI oversold; High volume; Strong trend (ADX=35); Last surprise: -5.9%; Earnings conf adj: -1,-1.0,-1.0,1.0,34,2026-10-28,-5.88,-1
2026-09-24T15:46:57,2026-09-24,STWD,HOLD,0,Stochastic Oscillator,LOW,0,-12.78,nan,4.37,0.0,6.56,0.0,0.0,2026-10-31,-1.2,-1.76,50.0,0.35,-17.74,11.3,-10.93,37.0,2,2026-06-05 to 2026-09-21 (74 days),-1.0,31.3,nan,nan,nan,NEUTRAL,LOW,Strong trend (ADX=46); Last surprise: +0.0%,-1.0,-1.0,1.0,46,2026-11-09,0.0,0
2026-09-24T15:46:16,2026-09-24,EVR,HOLD,0,RSI Mean Reversion,LOW,0,-12.79,nan,2.0,0.0,3.0,0.0,0.0,2026-09-25,0.0,0.0,0.0,0.0,0.0,54.71,0.0,0.0,0,2026-06-05 to 2026-09-21 (74 days),-1.0,34.0,nan,nan,nan,NEUTRAL,LOW,Strong trend (ADX=55); Last surprise: -4.0%,-1.0,-1.0,1.0,34,2026-10-28,-3.96,0
2026-09-24T15:45:22,2026-09-24,TJX,HOLD,0,RSI Mean Reversion,LOW,1,-12.9,nan,2.0,0.0,3.0,0.0,0.0,2026-09-25,-2.65,-2.63,0.0,0.0,-0.69,49.44,-0.2,0.0,0,2026-06-05 to 2026-09-21 (74 days),-1.0,42.1,nan,nan,nan,NEUTRAL,LOW,Strong trend (ADX=58); Last surprise: +14.3%; Earnings conf adj: +1,-1.0,-1.0,1.0,55,2026-11-18,14.29,1
2026-09-24T15:46:25,2026-09-24,SIRI,HOLD,0,VWAP Trend,LOW,0,-12.9,nan,2.02,0.0,3.03,0.0,0.0,2026-09-26,-0.42,-0.54,42.9,0.83,-6.06,-15.02,-5.04,2.9,7,2026-06-05 to 2026-09-21 (74 days),-1.0,39.0,nan,nan,nan,NEUTRAL,LOW,High volume; Last surprise: -10.3%; Earnings conf adj: -1,-1.0,-1.0,1.0,42,2026-11-05,-10.26,-1
2026-09-24T15:44:43,2026-09-24,LVS,HOLD,1,SMA Crossover (10/50),LOW,0,-12.92,nan,2.0,nan,3.0,nan,0.0,2026-09-25,0.0,0.0,0.0,0.0,0.0,52.44,0.0,0.0,0,2026-06-05 to 2026-09-21 (74 days),-1.0,27.2,nan,nan,nan,NEUTRAL,LOW,RSI oversold; Strong trend (ADX=62); Last surprise: -22.4%; Earnings conf adj: -1,-1.0,-1.0,1.0,27,2026-10-21,-22.37,-1
2026-09-24T15:44:47,2026-09-24,MGM,HOLD,0,Bollinger Band Mean Reversion,LOW,0,-13.1,nan,2.0,0.0,3.0,0.0,0.0,2026-09-25,0.0,0.0,0.0,0.0,0.0,50.61,0.0,0.0,0,2026-06-05 to 2026-09-21 (74 days),-1.0,29.7,nan,nan,nan,NEUTRAL,LOW,RSI oversold; Strong trend (ADX=58); Last surprise: +1.7%,-1.0,-1.0,1.0,34,2026-10-28,1.72,0
2026-09-24T15:47:01,2026-09-24,BYD,HOLD,0,RSI Mean Reversion,LOW,0,-13.1,nan,2.0,0.0,3.0,0.0,0.0,2026-09-25,0.0,0.0,0.0,0.0,0.0,47.43,0.0,0.0,0,2026-06-05 to 2026-09-21 (74 days),-1.0,25.4,nan,nan,nan,NEUTRAL,LOW,RSI oversold; Strong trend (ADX=56); Last surprise: +2.1%,-1.0,-1.0,1.0,28,2026-10-22,2.12,0
2026-09-24T15:44:54,2026-09-24,NKE,HOLD,0,RSI Mean Reversion,LOW,1,-13.26,nan,2.0,0.0,3.0,0.0,0.0,2026-09-25,0.0,0.0,0.0,0.0,0.0,44.33,0.0,0.0,0,2026-06-08 to 2026-09-22 (74 days),-1.0,37.5,nan,nan,nan,NEUTRAL,LOW,Strong trend (ADX=32); Last surprise: +453.8%; Earnings conf adj: +1,-1.0,-1.0,1.0,7,2026-10-01,453.85,1
2026-09-24T15:45:27,2026-09-24,UBER,HOLD,1,ADX Trend Following,LOW,1,-13.26,nan,5.23,nan,7.85,nan,0.0,2026-10-22,0.1,0.14,50.0,1.06,-1.44,-0.6,-13.08,28.0,2,2026-06-08 to 2026-09-22 (74 days),-1.0,38.1,nan,nan,nan,NEUTRAL,LOW,Strong trend (ADX=37); Last surprise: +41.0%; Earnings conf adj: +1,-1.0,-1.0,1.0,40,2026-11-03,40.96,1
2026-09-24T15:44:40,2026-09-24,LHX,HOLD,1,SMA Crossover (10/50),LOW,1,-13.28,nan,2.0,nan,3.0,nan,0.0,2026-09-25,0.0,0.0,0.0,0.0,0.0,52.5,0.0,0.0,0,2026-06-05 to 2026-09-21 (74 days),-1.0,30.6,nan,nan,nan,NEUTRAL,LOW,Strong trend (ADX=52); Last surprise: +27.8%; Earnings conf adj: +1,-1.0,-1.0,1.0,35,2026-10-29,27.82,1
2026-09-24T15:44:25,2026-09-24,HON,HOLD,0,Stochastic Oscillator,LOW,1,-13.41,nan,5.74,0.0,8.61,0.0,0.0,2026-11-05,0.13,0.2,50.0,1.16,-0.18,24.02,-14.36,42.5,2,2026-06-05 to 2026-09-21 (74 days),-1.0,38.7,nan,nan,nan,NEUTRAL,LOW,Strong trend (ADX=39); Last surprise: +7.1%; Earnings conf adj: +1,-1.0,-1.0,1.0,28,2026-10-22,7.14,1
2026-09-24T15:46:31,2026-09-24,WLK,HOLD,0,RSI Mean Reversion,LOW,1,-13.62,nan,2.0,0.0,3.0,0.0,0.0,2026-09-25,0.0,0.0,0.0,0.0,0.0,52.44,0.0,0.0,0,2026-06-05 to 2026-09-21 (74 days),-1.0,31.7,nan,nan,nan,NEUTRAL,LOW,Strong trend (ADX=30); Last surprise: +6.3%; Earnings conf adj: +1,-1.0,-1.0,1.0,35,2026-10-29,6.35,1
2026-09-24T15:43:55,2026-09-24,CRH,HOLD,0,RSI Mean Reversion,LOW,0,-13.68,nan,2.0,0.0,3.0,0.0,0.0,2026-09-25,0.0,0.0,0.0,0.0,0.0,46.84,0.0,0.0,0,2026-06-05 to 2026-09-21 (74 days),-1.0,35.9,nan,nan,nan,NEUTRAL,LOW,Strong trend (ADX=46); Last surprise: -4.5%,-1.0,-1.0,1.0,35,2026-10-29,-4.46,0
2026-09-24T15:43:55,2026-09-24,CPT,HOLD,0,Composite Multi-Indicator,LOW,0,-13.9,nan,2.0,0.0,3.0,0.0,0.0,2026-09-25,-1.86,-1.86,0.0,0.0,-0.34,33.9,-0.1,0.0,0,2026-06-05 to 2026-09-21 (74 days),-1.0,24.0,nan,nan,nan,NEUTRAL,LOW,RSI oversold; Strong trend (ADX=64); Last surprise: -33.3%; Earnings conf adj: -1,-1.0,-1.0,1.0,42,2026-11-05,-33.33,-1
2026-09-24T15:46:56,2026-09-24,LSTR,HOLD,0,Bollinger Band Mean Reversion,LOW,0,-13.9,nan,2.0,0.0,3.0,0.0,0.0,2026-09-25,0.0,0.0,0.0,0.0,0.0,57.05,0.0,0.0,0,2026-06-05 to 2026-09-21 (74 days),-1.0,37.1,nan,nan,nan,NEUTRAL,LOW,Strong trend (ADX=43); Last surprise: -2.7%,-1.0,-1.0,1.0,33,2026-10-27,-2.7,0
2026-09-24T15:46:07,2026-09-24,GLPI,HOLD,0,RSI Mean Reversion,LOW,0,-13.96,nan,2.0,0.0,3.0,0.0,0.0,2026-09-25,0.0,0.0,0.0,0.0,0.0,37.4,0.0,0.0,0,2026-06-05 to 2026-09-21 (74 days),-1.0,34.6,nan,nan,nan,NEUTRAL,LOW,Strong trend (ADX=32); Last surprise: +0.0%,-1.0,-1.0,1.0,35,2026-10-29,0.0,0
2026-09-24T15:45:26,2026-09-24,TXT,HOLD,0,RSI Mean Reversion,LOW,0,-14.03,nan,2.0,0.0,3.0,0.0,0.0,2026-09-25,0.0,0.0,0.0,0.0,0.0,37.61,0.0,0.0,0,2026-06-05 to 2026-09-21 (74 days),-1.0,36.6,nan,nan,nan,NEUTRAL,LOW,Last surprise: +4.5%,-1.0,-1.0,1.0,35,2026-10-29,4.52,0
2026-09-24T15:44:17,2026-09-24,FRT,HOLD,0,PEAD Earnings Drift,LOW,1,-14.06,nan,4.65,0.0,6.98,0.0,0.0,2026-11-13,-1.65,-2.13,50.0,0.27,-22.83,4.68,-11.63,50.0,2,2026-06-05 to 2026-09-21 (74 days),-1.0,21.6,nan,nan,nan,NEUTRAL,LOW,RSI oversold; Strong trend (ADX=44); Last surprise: +34.7%; Earnings conf adj: +1,-1.0,-1.0,1.0,36,2026-10-30,34.72,1
2026-09-24T15:44:39,2026-09-24,LEN,HOLD,0,RSI Mean Reversion,LOW,0,-14.12,nan,2.0,0.0,3.0,0.0,0.0,2026-09-25,0.0,0.0,0.0,0.0,0.0,38.66,0.0,0.0,0,2026-06-05 to 2026-09-21 (74 days),-1.0,40.1,nan,nan,nan,NEUTRAL,LOW,Strong trend (ADX=44); Last surprise: -4.7%,-1.0,-1.0,1.0,82,2026-12-15,-4.65,0
2026-09-24T15:46:32,2026-09-24,BRX,HOLD,0,PEAD Earnings Drift,LOW,0,-14.15,nan,2.0,0.0,3.0,0.0,0.0,2026-09-25,-1.86,-1.86,0.0,0.0,-0.34,25.86,-0.1,0.0,0,2026-06-05 to 2026-09-21 (74 days),-1.0,27.6,nan,nan,nan,NEUTRAL,LOW,RSI oversold; Strong trend (ADX=37); Last surprise: -12.5%; Earnings conf adj: -1,-1.0,-1.0,1.0,32,2026-10-26,-12.5,-1
2026-09-24T15:46:03,2026-09-24,DTM,HOLD,0,Composite Multi-Indicator,LOW,0,-14.21,nan,2.0,0.0,3.0,0.0,0.0,2026-09-25,0.0,0.0,0.0,0.0,0.0,33.32,0.0,0.0,0,2026-06-05 to 2026-09-21 (74 days),-1.0,37.7,nan,nan,nan,NEUTRAL,LOW,Last surprise: -5.2%; Earnings conf adj: -1,-1.0,-1.0,1.0,35,2026-10-29,-5.22,-1
2026-09-24T15:45:51,2026-09-24,APG,HOLD,0,Composite Multi-Indicator,LOW,0,-14.28,nan,2.0,0.0,3.0,0.0,0.0,2026-09-25,0.0,0.0,0.0,0.0,0.0,32.51,0.0,0.0,0,2026-06-05 to 2026-09-21 (74 days),-1.0,37.2,nan,nan,nan,NEUTRAL,LOW,Strong trend (ADX=53); Last surprise: +2.3%,-1.0,-1.0,1.0,35,2026-10-29,2.33,0
2026-09-24T15:45:30,2026-09-24,VICI,HOLD,1,SMA Crossover (10/50),LOW,0,-14.3,nan,2.0,nan,3.0,nan,0.0,2026-09-25,0.0,0.0,0.0,0.0,0.0,31.94,0.0,0.0,0,2026-06-05 to 2026-09-21 (74 days),-1.0,35.2,nan,nan,nan,NEUTRAL,LOW,Strong trend (ADX=40); Last surprise: -32.4%; Earnings conf adj: -1,-1.0,-1.0,1.0,35,2026-10-29,-32.39,-1
2026-09-24T15:43:38,2026-09-24,AZO,HOLD,0,RSI Mean Reversion,LOW,0,-14.34,nan,2.0,0.0,3.0,0.0,0.0,2026-09-25,0.0,0.0,0.0,0.0,0.0,30.62,0.0,0.0,0,2026-06-05 to 2026-09-21 (74 days),-1.0,35.9,nan,nan,nan,NEUTRAL,LOW,High volume; Last surprise: +4.0%,-1.0,-1.0,1.0,75,2026-12-08,4.01,0
2026-09-24T15:44:37,2026-09-24,KIM,HOLD,0,Multi-Factor Momentum MR,LOW,1,-14.4,nan,2.0,0.0,3.0,0.0,0.0,2026-09-25,-1.86,-1.86,0.0,0.0,-0.34,18.52,-0.1,0.0,0,2026-06-05 to 2026-09-21 (74 days),-1.0,25.7,nan,nan,nan,NEUTRAL,LOW,RSI oversold; Strong trend (ADX=42); Last surprise: +10.0%; Earnings conf adj: +1,-1.0,-1.0,1.0,35,2026-10-29,10.0,1
2026-09-24T15:47:10,2026-09-24,GNTX,HOLD,0,Bollinger Band Mean Reversion,LOW,1,-14.44,nan,2.0,0.0,3.0,0.0,0.0,2026-09-25,0.0,0.0,0.0,0.0,0.0,29.69,0.0,0.0,0,2026-06-05 to 2026-09-21 (74 days),-1.0,36.5,nan,nan,nan,NEUTRAL,LOW,Last surprise: +16.0%; Earnings conf adj: +1,-1.0,-1.0,1.0,29,2026-10-23,16.0,1
2026-09-24T15:46:23,2026-09-24,WMS,HOLD,0,RSI Mean Reversion,LOW,1,-14.47,nan,2.0,0.0,3.0,0.0,0.0,2026-09-25,0.0,0.0,0.0,0.0,0.0,7.94,0.0,0.0,0,2026-06-05 to 2026-09-21 (74 days),-1.0,36.9,nan,nan,nan,NEUTRAL,LOW,Strong trend (ADX=37); Last surprise: +17.5%; Earnings conf adj: +1,-1.0,-1.0,1.0,42,2026-11-05,17.45,1
2026-09-24T15:45:58,2026-09-24,SUI,HOLD,0,RSI Mean Reversion,LOW,1,-14.53,nan,2.0,0.0,3.0,0.0,0.0,2026-09-25,0.0,0.0,0.0,0.0,0.0,22.7,0.0,0.0,0,2026-06-05 to 2026-09-21 (74 days),-1.0,34.8,nan,nan,nan,NEUTRAL,LOW,Strong trend (ADX=40); Last surprise: +43.7%; Earnings conf adj: +1,-1.0,-1.0,1.0,34,2026-10-28,43.75,1
2026-09-24T15:45:44,2026-09-24,UTHR,HOLD,1,SMA Crossover (10/50),LOW,1,-14.57,nan,2.0,nan,3.0,nan,0.0,2026-09-25,0.0,0.0,0.0,0.0,0.0,31.35,0.0,0.0,0,2026-06-05 to 2026-09-21 (74 days),-1.0,40.4,nan,nan,nan,NEUTRAL,LOW,Last surprise: +6.0%; Earnings conf adj: +1,-1.0,-1.0,1.0,34,2026-10-28,5.98,1
2026-09-24T15:44:59,2026-09-24,OTIS,HOLD,0,RSI Mean Reversion,LOW,0,-14.65,nan,2.0,0.0,3.0,0.0,0.0,2026-09-25,0.0,0.0,0.0,0.0,0.0,15.27,0.0,0.0,0,2026-06-05 to 2026-09-21 (74 days),-1.0,34.4,nan,nan,nan,NEUTRAL,LOW,Last surprise: +0.0%,-1.0,-1.0,1.0,34,2026-10-28,0.0,0
2026-09-24T15:43:54,2026-09-24,COST,HOLD,0,RSI Mean Reversion,LOW,0,-14.7,nan,2.0,0.0,3.0,0.0,0.0,2026-09-25,0.0,0.0,0.0,0.0,0.0,23.32,0.0,0.0,0,2026-06-05 to 2026-09-21 (74 days),-1.0,38.0,nan,nan,nan,NEUTRAL,LOW,Strong trend (ADX=32); EARNINGS TODAY (2026-09-24); Last surprise: -0.8%; Earnings conf adj: -3,-1.0,-1.0,1.0,0,2026-09-24,-0.8,-3
2026-09-24T15:44:37,2026-09-24,KLAC,HOLD,0,Donchian Breakout (20/55),LOW,1,-15.25,nan,2.0,0.0,3.0,0.0,0.0,2026-09-25,0.0,0.0,0.0,0.0,0.0,14.79,0.0,0.0,0,2026-06-05 to 2026-09-21 (74 days),-1.0,51.5,nan,nan,nan,NEUTRAL,LOW,Last surprise: +5.0%; Earnings conf adj: +1,-1.0,-1.0,1.0,34,2026-10-28,5.0,1
2026-09-24T15:45:09,2026-09-24,RDDT,HOLD,0,VWAP Trend,MEDIUM,3,-15.46,nan,6.0,0.0,12.0,0.0,0.0,2026-09-28,0.75,1.48,33.3,2.47,24.5,50.87,-14.99,4.0,6,2026-06-05 to 2026-09-21 (74 days),-1.0,51.4,nan,nan,nan,NEUTRAL,LOW,Last surprise: +30.2%; Earnings conf adj: +1,-1.0,-1.0,1.0,35,2026-10-29,30.21,1
