generated_at,date,ticker,signal,signal_raw,strategy,confidence,confidence_score,composite_score,current_price,stop_loss_pct,stop_loss_price,take_profit_pct,take_profit_price,suggested_position_size_pct,signal_expires,sharpe,sortino,win_rate,profit_factor,annual_return_pct,annual_excess_pct,max_drawdown_pct,avg_holding_days,total_trades,backtest_period,pbo,rsi,vol_20,sma_50,sma_200,trend,volatility,notes,vol_target_size_pct,meta_label_prob,meta_label_size_mult,days_to_earnings,earnings_date,last_surprise_pct,earnings_confidence_adj
2026-09-03T14:55:46,2026-09-03,CVLT,BUY,1,VWAP Trend,HIGH,5,106.16,131.55,8.45,120.43,7.56,141.5,6.9,2026-09-06,3.99,13.19,100.0,257.7,125.65,16.59,-2.36,3.8,6,2026-05-18 to 2026-09-02 (75 days),0.516,45.6,0.4925,139.23,113.34,BULLISH,HIGH,Size: Kelly 10.0% / VolTgt 3.8% / Blend 6.9%,3.81,-1.0,1.0,54,2026-10-27,,0
2026-09-03T14:54:04,2026-09-03,PPG,HOLD,0,VWAP Trend,HIGH,5,97.14,111.31,3.13,0.0,2.72,0.0,0.0,2026-09-05,4.39,16.31,88.9,15.98,69.77,39.61,-1.35,2.7,9,2026-05-18 to 2026-09-02 (75 days),-1.0,43.5,0.2102,115.73,109.98,BULLISH,MEDIUM,Last surprise: -0.9%,8.92,-1.0,1.0,54,2026-10-27,-0.89,0
2026-09-03T14:53:21,2026-09-03,FSLR,HOLD,0,VWAP Trend,HIGH,6,96.82,202.6,5.24,0.0,5.53,0.0,0.0,2026-09-06,2.85,7.33,85.7,7.0,149.99,188.45,-5.08,3.3,7,2026-05-18 to 2026-09-02 (75 days),-1.0,38.9,0.3867,220.76,231.07,BEARISH,MEDIUM,Last surprise: +36.1%; Earnings conf adj: +1,4.85,-1.0,1.0,56,2026-10-29,36.11,1
2026-09-03T14:56:00,2026-09-03,CBT,HOLD,0,VWAP Trend,HIGH,5,96.56,82.84,3.96,0.0,2.74,0.0,0.0,2026-09-04,2.81,6.22,90.9,27.91,57.24,49.44,-3.68,1.9,11,2026-05-18 to 2026-09-02 (75 days),-1.0,43.7,0.2524,86.81,76.51,BULLISH,MEDIUM,Strong trend (ADX=31),7.43,-1.0,1.0,60,2026-11-02,,0
2026-09-03T14:53:40,2026-09-03,LH,HOLD,0,VWAP Trend,HIGH,5,92.06,331.66,2.71,0.0,2.38,0.0,0.0,2026-09-06,5.31,19.76,100.0,240.75,113.13,-33.85,-2.57,3.6,7,2026-05-18 to 2026-09-02 (75 days),-1.0,62.6,0.1596,303.4,273.6,BULLISH,LOW,Last surprise: +4.6%,10.0,-1.0,1.0,61,2026-11-03,4.61,0
2026-09-03T14:54:15,2026-09-03,SWK,HOLD,0,VWAP Trend,HIGH,6,91.13,96.89,4.02,0.0,3.63,0.0,0.0,2026-09-06,3.14,8.45,100.0,190.04,83.01,-60.0,-3.49,3.5,8,2026-05-18 to 2026-09-02 (75 days),-1.0,48.8,0.2465,94.95,80.71,BULLISH,MEDIUM,Last surprise: +29.8%; Earnings conf adj: +1,7.61,-1.0,1.0,61,2026-11-03,29.75,1
2026-09-03T14:55:04,2026-09-03,BTSG,HOLD,0,VWAP Trend,HIGH,6,90.9,60.25,7.48,0.0,5.62,0.0,0.0,2026-09-05,4.01,30.87,83.3,29.36,77.42,50.53,-0.83,2.3,6,2026-05-18 to 2026-09-02 (75 days),-1.0,46.9,0.4704,65.41,49.82,BULLISH,HIGH,Strong trend (ADX=30); Last surprise: +12.5%; Earnings conf adj: +1,3.99,-1.0,1.0,57,2026-10-30,12.5,1
2026-09-03T14:55:05,2026-09-03,AEIS,HOLD,0,VWAP Trend,HIGH,6,90.66,268.19,12.0,0.0,7.81,0.0,0.0,2026-09-05,3.26,10.89,100.0,404.04,242.51,280.68,-5.31,2.8,6,2026-05-18 to 2026-09-02 (75 days),-1.0,39.5,0.5929,307.01,298.17,BULLISH,HIGH,Last surprise: +24.0%; Earnings conf adj: +1,3.16,-1.0,1.0,61,2026-11-03,23.98,1
2026-09-03T14:55:36,2026-09-03,WEX,HOLD,0,VWAP Trend,HIGH,5,90.02,192.84,4.18,0.0,7.08,0.0,0.0,2026-09-10,3.84,9.69,100.0,341.92,181.12,1.63,-5.25,7.8,5,2026-05-18 to 2026-09-02 (75 days),-1.0,55.3,0.3218,174.53,157.62,BULLISH,MEDIUM,Strong trend (ADX=35),5.83,-1.0,1.0,55,2026-10-28,,0
2026-09-03T14:52:53,2026-09-03,CB,HOLD,0,VWAP Trend,HIGH,6,84.06,339.42,1.8,0.0,1.54,0.0,0.0,2026-09-05,1.56,3.15,63.6,2.11,15.53,4.68,-3.84,2.3,11,2026-05-18 to 2026-09-02 (75 days),-1.0,44.0,0.1291,347.45,324.78,BULLISH,LOW,Strong trend (ADX=31); Last surprise: +7.6%; Earnings conf adj: +1,10.0,-1.0,1.0,54,2026-10-27,7.56,1
2026-09-03T14:53:22,2026-09-03,GDDY,HOLD,0,VWAP Trend,HIGH,6,83.72,101.87,7.58,0.0,11.37,0.0,0.0,2026-09-19,2.72,4.77,80.0,3.78,222.59,177.86,-15.65,16.8,5,2026-05-18 to 2026-09-02 (75 days),-1.0,59.8,0.4991,92.57,96.43,BEARISH,HIGH,Last surprise: +8.3%; Earnings conf adj: +1,3.76,-1.0,1.0,56,2026-10-29,8.28,1
2026-09-03T14:55:20,2026-09-03,VMI,BUY,1,VWAP Trend,HIGH,5,83.46,463.92,3.06,449.72,2.1,473.66,9.72,2026-09-04,3.34,9.03,81.8,4.91,59.52,82.04,-2.75,1.8,11,2026-05-18 to 2026-09-02 (75 days),0.421,34.8,0.1986,509.48,466.44,BULLISH,LOW,High volume; Size: Kelly 10.0% / VolTgt 9.4% / Blend 9.7%,9.44,-1.0,1.0,47,2026-10-20,,0
2026-09-03T14:53:16,2026-09-03,EVRG,HOLD,0,VWAP Trend,HIGH,6,81.6,80.77,1.87,0.0,1.61,0.0,0.0,2026-09-04,2.64,6.41,75.0,3.75,17.07,16.38,-1.19,1.8,12,2026-05-18 to 2026-09-02 (75 days),-1.0,40.3,0.1528,83.81,79.29,BULLISH,LOW,Last surprise: +10.0%; Earnings conf adj: +1,10.0,-1.0,1.0,63,2026-11-05,10.0,1
2026-09-03T14:54:01,2026-09-03,PH,HOLD,0,VWAP Trend,HIGH,6,81.44,949.38,3.59,0.0,4.17,0.0,0.0,2026-09-05,3.43,14.7,77.8,9.98,73.92,32.04,-1.81,2.3,9,2026-05-18 to 2026-09-02 (75 days),-1.0,35.9,0.3495,989.82,931.17,BULLISH,MEDIUM,Strong trend (ADX=31); Last surprise: +12.1%; Earnings conf adj: +1,5.36,-1.0,1.0,63,2026-11-05,12.09,1
2026-09-03T14:54:50,2026-09-03,CRBG,HOLD,0,VWAP Trend,HIGH,5,80.66,33.54,3.35,0.0,3.29,0.0,0.0,2026-09-04,2.87,15.6,85.7,17.74,44.96,-55.96,-1.17,1.9,7,2026-05-18 to 2026-09-02 (75 days),-1.0,59.4,0.3035,31.65,28.6,BULLISH,MEDIUM,Last surprise: +3.7%,6.18,-1.0,1.0,60,2026-11-02,3.7,0
2026-09-03T14:52:57,2026-09-03,CMI,HOLD,0,VWAP Trend,HIGH,4,78.59,550.9,4.25,0.0,2.51,0.0,0.0,2026-09-05,2.94,7.27,75.0,6.52,64.2,113.69,-3.77,2.4,8,2026-05-18 to 2026-09-02 (75 days),-1.0,26.3,0.2059,637.08,595.21,BULLISH,MEDIUM,RSI oversold; High volume; Strong trend (ADX=71); Last surprise: -6.1%; Earnings conf adj: -1,9.11,-1.0,1.0,63,2026-11-05,-6.14,-1
2026-09-03T14:54:20,2026-09-03,TROW,HOLD,0,VWAP Trend,HIGH,5,78.09,109.38,2.21,0.0,1.7,0.0,0.0,2026-09-05,2.59,5.61,71.4,5.31,23.7,-6.75,-2.63,2.4,7,2026-05-18 to 2026-09-02 (75 days),-1.0,38.7,0.1395,114.29,101.96,BULLISH,LOW,Strong trend (ADX=30); Last surprise: +2.0%,10.0,-1.0,1.0,57,2026-10-30,1.98,0
2026-09-03T14:54:32,2026-09-03,WST,HOLD,0,VWAP Trend,HIGH,6,77.68,342.63,2.53,0.0,1.97,0.0,0.0,2026-09-05,2.75,6.54,71.4,4.15,20.11,-29.82,-2.25,2.0,7,2026-05-18 to 2026-09-02 (75 days),-1.0,45.7,0.1765,350.09,292.6,BULLISH,LOW,Last surprise: +13.9%; Earnings conf adj: +1,10.0,-1.0,1.0,49,2026-10-22,13.94,1
2026-09-03T14:54:49,2026-09-03,ARMK,HOLD,0,VWAP Trend,HIGH,6,77.02,56.72,3.11,0.0,4.1,0.0,0.0,2026-09-05,2.85,12.93,85.7,9.33,16.56,-11.79,-0.84,2.0,7,2026-05-18 to 2026-09-02 (75 days),-1.0,41.9,0.3686,57.5,46.21,BULLISH,MEDIUM,Last surprise: +8.3%; Earnings conf adj: +1,5.09,-1.0,1.0,82,2026-11-24,8.33,1
2026-09-03T14:53:41,2026-09-03,LITE,HOLD,0,VWAP Trend,HIGH,6,74.84,870.58,12.0,0.0,11.12,0.0,0.0,2026-09-05,2.13,4.43,71.4,3.13,154.96,160.39,-12.04,2.1,7,2026-05-18 to 2026-09-02 (75 days),-1.0,50.8,0.9744,815.91,678.95,BULLISH,HIGH,Last surprise: +8.8%; Earnings conf adj: +1,1.92,-1.0,1.0,63,2026-11-05,8.75,1
2026-09-03T14:55:47,2026-09-03,FLG,BUY,1,VWAP Trend,HIGH,5,74.36,13.49,2.35,13.17,2.81,13.87,9.7,2026-09-06,3.42,7.32,77.8,4.32,41.75,37.62,-3.41,3.2,9,2026-05-18 to 2026-09-02 (75 days),0.242,42.0,0.1994,14.3,13.56,BULLISH,LOW,Strong trend (ADX=33); Size: Kelly 10.0% / VolTgt 9.4% / Blend 9.7%,9.4,-1.0,1.0,50,2026-10-23,,0
2026-09-03T14:53:53,2026-09-03,NEM,HOLD,0,VWAP Trend,HIGH,6,74.13,125.16,7.8,0.0,6.4,0.0,0.0,2026-09-05,3.12,7.34,72.7,3.49,107.85,50.66,-6.54,2.5,11,2026-05-18 to 2026-09-02 (75 days),-1.0,59.0,0.5137,105.77,107.83,BEARISH,HIGH,Strong trend (ADX=38); Last surprise: +5.5%; Earnings conf adj: +1,3.65,-1.0,1.0,49,2026-10-22,5.53,1
2026-09-03T14:54:24,2026-09-03,UNH,HOLD,0,VWAP Trend,HIGH,6,73.05,399.66,2.86,0.0,2.23,0.0,0.0,2026-09-04,2.26,6.35,71.4,4.76,21.14,11.41,-2.35,1.9,7,2026-05-18 to 2026-09-02 (75 days),-1.0,48.8,0.2056,412.2,348.3,BULLISH,MEDIUM,Last surprise: +29.7%; Earnings conf adj: +1,9.12,-1.0,1.0,54,2026-10-27,29.67,1
2026-09-03T14:56:07,2026-09-03,HGV,BUY,1,VWAP Trend,HIGH,5,72.9,42.17,7.24,39.12,5.44,44.46,7.19,2026-09-05,2.7,6.09,77.8,4.78,58.99,87.83,-3.54,2.6,9,2026-05-18 to 2026-09-02 (75 days),0.286,37.9,0.4284,47.86,46.04,BULLISH,HIGH,Size: Kelly 10.0% / VolTgt 4.4% / Blend 7.2%,4.38,-1.0,1.0,56,2026-10-29,,0
2026-09-03T14:54:09,2026-09-03,RSG,HOLD,0,ADX Trend Following,HIGH,5,72.34,222.52,1.89,0.0,5.19,0.0,0.0,2026-09-22,1.42,2.37,100.0,79.55,28.14,13.73,-4.4,19.0,4,2026-05-18 to 2026-09-02 (75 days),-1.0,58.4,0.1513,217.06,213.99,BULLISH,LOW,Strong trend (ADX=34); Last surprise: +1.6%,10.0,-1.0,1.0,56,2026-10-29,1.65,0
2026-09-03T14:52:43,2026-09-03,APH,BUY,1,ADX Trend Following,HIGH,6,71.99,160.08,10.4,143.43,31.2,210.02,5.26,2026-09-23,2.16,16.19,100.0,1190.01,1867.67,-517.89,-11.53,20.8,4,2026-05-15 to 2026-09-02 (75 days),0.694,89.7,3.6475,82.05,72.73,BULLISH,HIGH,RSI overbought; Price at statistical extreme; Last surprise: +13.4%; Earnings conf adj: +1; Size: Kelly 10.0% / VolTgt 0.5% / Blend 5.3%,0.51,-1.0,1.0,55,2026-10-28,13.45,1
2026-09-03T14:55:08,2026-09-03,SANM,EXIT,-1,VWAP Trend,HIGH,6,71.48,187.67,9.74,205.95,6.35,175.75,6.8,2026-09-05,2.77,8.05,71.4,7.07,129.93,176.13,-5.07,2.4,7,2026-05-18 to 2026-09-02 (75 days),-1.0,43.1,0.5204,206.3,183.02,BULLISH,HIGH,Last surprise: +18.6%; Earnings conf adj: +1; Size: Kelly 10.0% / VolTgt 3.6% / Blend 6.8%,3.6,-1.0,1.0,60,2026-11-02,18.64,1
2026-09-03T14:53:14,2026-09-03,ERIE,HOLD,0,VWAP Trend,HIGH,5,71.11,258.41,5.04,0.0,5.45,0.0,0.0,2026-09-07,3.28,5.15,61.5,3.86,235.28,162.97,-17.01,4.9,13,2026-05-18 to 2026-09-02 (75 days),-1.0,54.6,0.3128,245.24,252.44,BEARISH,MEDIUM,Last surprise: +3.0%,5.99,-1.0,1.0,56,2026-10-29,2.99,0
2026-09-03T14:54:26,2026-09-03,USB,BUY,1,VWAP Trend,HIGH,5,70.88,62.77,2.18,61.4,2.47,64.32,10.0,2026-09-06,3.41,8.34,83.3,16.07,39.12,-38.84,-2.15,3.0,6,2026-05-18 to 2026-09-02 (75 days),0.754,49.8,0.1814,62.9,55.87,BULLISH,LOW,Last surprise: +4.7%; Size: Kelly 10.0% / VolTgt 10.0% / Blend 10.0%,10.0,-1.0,1.0,42,2026-10-15,4.65,0
2026-09-03T14:52:46,2026-09-03,BAC,HOLD,0,VWAP Trend,HIGH,6,70.52,62.6,2.11,0.0,2.12,0.0,0.0,2026-09-05,2.53,5.21,70.0,3.58,19.58,-89.24,-2.21,2.5,10,2026-05-18 to 2026-09-02 (75 days),-1.0,52.9,0.1704,61.42,54.45,BULLISH,LOW,Last surprise: +8.0%; Earnings conf adj: +1,10.0,-1.0,1.0,41,2026-10-14,8.04,1
2026-09-03T14:54:12,2026-09-03,SNDK,HOLD,0,VWAP Trend,HIGH,6,70.02,1553.4,12.0,0.0,12.05,0.0,0.0,2026-09-06,3.24,8.73,77.8,9.59,804.11,735.73,-9.21,3.0,9,2026-05-18 to 2026-09-02 (75 days),-1.0,52.5,0.8835,1569.34,990.09,BULLISH,HIGH,Last surprise: +13.7%; Earnings conf adj: +1,2.12,-1.0,1.0,64,2026-11-06,13.7,1
2026-09-03T14:53:45,2026-09-03,MCK,HOLD,0,VWAP Trend,HIGH,5,69.7,924.78,3.59,0.0,5.38,0.0,0.0,2026-09-11,2.51,4.85,66.7,4.8,86.36,3.27,-8.29,8.2,9,2026-05-18 to 2026-09-02 (75 days),-1.0,64.3,0.2916,840.41,840.76,BEARISH,MEDIUM,Price at statistical extreme; Last surprise: +4.1%,6.43,-1.0,1.0,62,2026-11-04,4.09,0
2026-09-03T14:54:40,2026-09-03,RS,HOLD,0,VWAP Trend,HIGH,6,69.58,400.21,5.05,0.0,4.34,0.0,0.0,2026-09-05,2.22,3.5,72.7,2.96,40.75,-5.82,-7.15,2.9,11,2026-05-18 to 2026-09-02 (75 days),-1.0,51.1,0.3235,396.45,343.28,BULLISH,MEDIUM,Last surprise: +14.6%; Earnings conf adj: +1,5.8,-1.0,1.0,48,2026-10-21,14.63,1
2026-09-03T14:52:50,2026-09-03,BRK-B,HOLD,0,Stochastic Oscillator,HIGH,6,69.56,505.24,1.5,0.0,2.25,0.0,0.0,2026-09-16,2.94,8.65,100.0,83.02,28.91,16.66,-1.53,13.0,3,2026-05-18 to 2026-09-02 (75 days),-1.0,51.3,0.1553,502.52,492.4,BULLISH,LOW,Last surprise: +17.5%; Earnings conf adj: +1,10.0,-1.0,1.0,65,2026-11-07,17.54,1
2026-09-03T14:52:52,2026-09-03,CAT,HOLD,0,VWAP Trend,HIGH,6,68.71,792.28,4.78,0.0,3.32,0.0,0.0,2026-09-05,3.52,9.25,75.0,9.45,100.44,125.51,-3.82,2.1,8,2026-05-18 to 2026-09-02 (75 days),-1.0,38.8,0.2914,880.83,768.55,BULLISH,MEDIUM,Last surprise: +31.8%; Earnings conf adj: +1,6.43,-1.0,1.0,56,2026-10-29,31.77,1
2026-09-03T14:54:11,2026-09-03,SLB,HOLD,0,ADX Trend Following,HIGH,6,68.11,58.13,6.52,0.0,8.27,0.0,0.0,2026-09-09,1.96,4.05,80.0,4.89,73.66,65.8,-5.11,6.6,5,2026-05-18 to 2026-09-02 (75 days),-1.0,64.9,0.4086,50.37,48.59,BULLISH,HIGH,Strong trend (ADX=37); Last surprise: +5.8%; Earnings conf adj: +1,4.59,-1.0,1.0,50,2026-10-23,5.77,1
2026-09-03T14:52:34,2026-09-03,ABNB,HOLD,0,ADX Trend Following,HIGH,5,67.33,183.26,5.33,0.0,18.66,0.0,0.0,2026-09-23,2.9,8.09,100.0,349.0,198.61,10.41,-4.18,20.7,3,2026-05-18 to 2026-09-02 (75 days),-1.0,59.1,0.687,161.34,138.77,BULLISH,HIGH,Strong trend (ADX=38),2.73,-1.0,1.0,63,2026-11-05,,0
2026-09-03T14:53:24,2026-09-03,GEV,BUY,1,VWAP Trend,HIGH,4,67.05,921.94,6.62,860.91,5.65,974.03,7.41,2026-09-06,1.92,3.2,75.0,5.61,72.39,99.52,-8.21,3.4,8,2026-05-18 to 2026-09-02 (75 days),0.655,40.6,0.3891,1020.58,881.92,BULLISH,MEDIUM,Last surprise: -22.3%; Earnings conf adj: -1; Size: Kelly 10.0% / VolTgt 4.8% / Blend 7.4%,4.82,-1.0,1.0,55,2026-10-28,-22.33,-1
2026-09-03T14:53:41,2026-09-03,LIN,HOLD,0,VWAP Trend,HIGH,5,66.93,487.45,1.83,0.0,1.6,0.0,0.0,2026-09-05,2.51,6.36,75.0,5.68,20.63,34.47,-1.68,2.0,8,2026-05-18 to 2026-09-02 (75 days),-1.0,46.6,0.1433,503.08,478.2,BULLISH,LOW,Last surprise: +0.7%,10.0,-1.0,1.0,57,2026-10-30,0.73,0
2026-09-03T14:55:18,2026-09-03,VOYA,HOLD,0,ADX Trend Following,HIGH,5,66.25,102.39,2.34,0.0,7.02,0.0,0.0,2026-09-28,3.73,6.97,100.0,183.01,79.05,-47.34,-3.78,25.3,3,2026-05-18 to 2026-09-02 (75 days),-1.0,61.0,0.197,97.88,80.4,BULLISH,LOW,No special conditions,9.52,-1.0,1.0,61,2026-11-03,,0
2026-09-03T14:54:59,2026-09-03,NXT,BUY,1,VWAP Trend,HIGH,6,66.11,82.55,10.24,74.1,5.8,87.34,6.93,2026-09-05,2.17,3.84,85.7,4.15,90.72,171.74,-7.25,2.3,7,2026-05-18 to 2026-09-02 (75 days),0.845,35.1,0.4856,100.29,108.55,BEARISH,HIGH,Strong trend (ADX=38); Last surprise: +14.3%; Earnings conf adj: +1; Size: Kelly 10.0% / VolTgt 3.9% / Blend 6.9%,3.86,-1.0,1.0,55,2026-10-28,14.29,1
2026-09-03T14:52:40,2026-09-03,AMD,HOLD,0,VWAP Trend,HIGH,5,65.83,457.06,8.17,0.0,4.2,0.0,0.0,2026-09-04,1.42,3.48,66.7,2.49,47.74,15.43,-9.07,1.5,6,2026-05-18 to 2026-09-02 (75 days),-1.0,43.0,0.4352,501.65,338.77,BULLISH,HIGH,Last surprise: +3.1%,4.31,-1.0,1.0,61,2026-11-03,3.11,0
2026-09-03T14:55:25,2026-09-03,NEU,HOLD,0,VWAP Trend,HIGH,5,65.75,909.15,3.16,0.0,2.52,0.0,0.0,2026-09-05,2.91,11.33,75.0,10.2,85.89,-59.87,-2.43,2.9,8,2026-05-18 to 2026-09-02 (75 days),-1.0,55.3,0.1877,845.67,727.92,BULLISH,LOW,Strong trend (ADX=34),9.99,-1.0,1.0,63,2026-11-05,,0
2026-09-03T14:56:12,2026-09-03,DCI,HOLD,0,MACD Crossover,HIGH,5,65.6,89.91,3.11,0.0,6.26,0.0,0.0,2026-09-22,2.39,4.08,100.0,150.74,62.55,25.03,-4.04,19.0,4,2026-05-18 to 2026-09-02 (75 days),-1.0,39.4,0.1824,92.0,90.73,BULLISH,LOW,No special conditions,10.0,-1.0,1.0,-1,,,0
2026-09-03T14:54:31,2026-09-03,WMT,HOLD,0,Stochastic Oscillator,HIGH,6,65.53,106.09,3.73,0.0,5.59,0.0,0.0,2026-09-27,1.18,1.83,100.0,56.6,19.77,73.49,-5.7,24.0,3,2026-05-18 to 2026-09-02 (75 days),-1.0,42.6,0.3778,111.05,118.09,BEARISH,MEDIUM,Last surprise: +9.5%; Earnings conf adj: +1,4.96,-1.0,1.0,77,2026-11-19,9.46,1
2026-09-03T14:53:04,2026-09-03,DASH,HOLD,0,ADX Trend Following,HIGH,5,65.32,226.24,4.89,0.0,10.92,0.0,0.0,2026-09-26,3.59,6.46,100.0,332.17,183.89,-23.62,-9.38,23.0,3,2026-05-18 to 2026-09-02 (75 days),-1.0,59.5,0.2891,202.05,188.41,BULLISH,MEDIUM,Strong trend (ADX=47); Last surprise: -2.1%,6.49,-1.0,1.0,62,2026-11-04,-2.13,0
2026-09-03T14:55:42,2026-09-03,HWC,HOLD,0,ADX Trend Following,HIGH,5,65.3,74.84,2.35,0.0,5.88,0.0,0.0,2026-09-21,2.76,4.66,100.0,112.65,42.51,-13.62,-4.67,18.7,3,2026-05-18 to 2026-09-02 (75 days),-1.0,44.3,0.1728,76.25,68.33,BULLISH,LOW,Strong trend (ADX=31),10.0,-1.0,1.0,40,2026-10-13,,0
2026-09-03T14:55:03,2026-09-03,CART,EXIT,-1,ADX Trend Following,HIGH,4,64.99,51.53,6.02,54.63,12.97,44.85,6.84,2026-09-13,1.39,2.24,100.0,85.28,30.84,-87.15,-5.54,10.5,4,2026-05-18 to 2026-09-02 (75 days),-1.0,61.2,0.5083,47.67,42.24,BULLISH,HIGH,Last surprise: -16.7%; Earnings conf adj: -1; Size: Kelly 10.0% / VolTgt 3.7% / Blend 6.8%,3.69,-1.0,1.0,67,2026-11-09,-16.67,-1
2026-09-03T14:53:46,2026-09-03,MDT,EXIT,-1,VWAP Trend,HIGH,5,64.22,92.18,3.53,95.43,5.29,87.3,9.26,2026-09-16,2.01,3.05,80.0,5.07,53.32,-34.3,-5.72,13.6,5,2026-05-18 to 2026-09-02 (75 days),-1.0,59.3,0.2201,86.17,88.67,BEARISH,MEDIUM,Strong trend (ADX=33); Last surprise: +4.3%; Size: Kelly 10.0% / VolTgt 8.5% / Blend 9.3%,8.52,-1.0,1.0,75,2026-11-17,4.32,0
2026-09-03T14:55:19,2026-09-03,VIAV,HOLD,0,VWAP Trend,HIGH,5,63.47,34.5,12.0,0.0,9.8,0.0,0.0,2026-09-05,2.78,6.44,71.4,5.44,153.91,225.16,-8.35,2.4,7,2026-05-18 to 2026-09-02 (75 days),-1.0,38.6,0.8038,40.44,34.64,BULLISH,HIGH,No special conditions,2.33,-1.0,1.0,55,2026-10-28,,0
2026-09-03T14:55:40,2026-09-03,ESNT,EXIT,-1,ADX Trend Following,HIGH,5,63.2,68.97,2.36,70.6,7.08,64.09,9.1,2026-09-19,2.98,6.54,100.0,148.82,60.32,11.59,-3.43,16.2,4,2026-05-18 to 2026-09-02 (75 days),-1.0,58.5,0.2287,66.22,61.89,BULLISH,MEDIUM,Size: Kelly 10.0% / VolTgt 8.2% / Blend 9.1%,8.2,-1.0,1.0,64,2026-11-06,,0
2026-09-03T14:52:39,2026-09-03,ALL,HOLD,0,EMA Crossover (9/21),HIGH,6,62.77,259.34,2.76,0.0,8.28,0.0,0.0,2026-09-29,2.31,3.75,100.0,179.46,74.29,-3.17,-7.74,26.0,3,2026-05-18 to 2026-09-02 (75 days),-1.0,52.4,0.292,254.56,219.21,BULLISH,MEDIUM,Last surprise: +48.1%; Earnings conf adj: +1,6.42,-1.0,1.0,62,2026-11-04,48.11,1
2026-09-03T14:52:45,2026-09-03,AXP,HOLD,0,VWAP Trend,HIGH,5,62.1,329.98,2.06,0.0,3.87,0.0,0.0,2026-09-10,2.97,7.6,60.0,9.77,39.07,17.24,-2.03,7.4,5,2026-05-18 to 2026-09-02 (75 days),-1.0,42.9,0.1809,341.91,335.97,BULLISH,LOW,Last surprise: +3.0%,10.0,-1.0,1.0,50,2026-10-23,2.95,0
2026-09-03T14:54:53,2026-09-03,RNR,HOLD,0,EMA Crossover (9/21),HIGH,6,61.79,331.21,2.08,0.0,5.61,0.0,0.0,2026-09-27,1.74,2.65,100.0,108.13,41.57,-1.75,-5.69,24.7,3,2026-05-18 to 2026-09-02 (75 days),-1.0,59.6,0.1432,321.89,296.9,BULLISH,LOW,Last surprise: +10.0%; Earnings conf adj: +1,10.0,-1.0,1.0,61,2026-11-03,9.96,1
2026-09-03T14:56:04,2026-09-03,OLED,BUY,1,Stochastic Oscillator,HIGH,5,61.56,83.56,7.58,77.23,11.37,93.06,7.34,2026-09-19,2.35,5.01,100.0,155.12,61.47,80.55,-3.83,16.0,2,2026-05-18 to 2026-09-02 (75 days),0.325,46.0,0.4019,83.95,99.29,BEARISH,HIGH,Size: Kelly 10.0% / VolTgt 4.7% / Blend 7.3%,4.67,-1.0,1.0,63,2026-11-05,,0
2026-09-03T14:53:02,2026-09-03,CTSH,HOLD,0,VWAP Trend,HIGH,5,61.41,63.4,4.97,0.0,7.46,0.0,0.0,2026-09-15,2.79,4.87,71.4,3.37,220.52,112.09,-20.23,12.4,7,2026-05-18 to 2026-09-02 (75 days),-1.0,68.8,0.3082,51.32,62.08,BEARISH,MEDIUM,Strong trend (ADX=56); Last surprise: -0.7%,6.08,-1.0,1.0,55,2026-10-28,-0.72,0
2026-09-03T14:54:47,2026-09-03,RBC,HOLD,0,VWAP Trend,HIGH,6,61.09,490.89,4.37,0.0,3.21,0.0,0.0,2026-09-05,2.12,5.03,77.8,3.85,38.92,71.49,-2.2,2.3,9,2026-05-18 to 2026-09-02 (75 days),-1.0,29.9,0.2688,566.83,543.32,BULLISH,MEDIUM,RSI oversold; Strong trend (ADX=49); Last surprise: +13.1%; Earnings conf adj: +1,6.98,-1.0,1.0,57,2026-10-30,13.12,1
2026-09-03T14:53:39,2026-09-03,KVUE,HOLD,0,VWAP Trend,HIGH,5,60.76,19.13,2.03,0.0,2.84,0.0,0.0,2026-09-06,2.11,3.57,66.7,3.56,30.9,-18.86,-3.71,3.3,12,2026-05-18 to 2026-09-02 (75 days),-1.0,52.1,0.1982,19.04,17.57,BULLISH,LOW,Last surprise: -3.1%,9.46,-1.0,1.0,63,2026-11-05,-3.13,0
2026-09-03T14:55:14,2026-09-03,PATH,HOLD,0,ADX Trend Following,MEDIUM,2,60.63,17.99,8.47,0.0,18.04,0.0,0.0,2026-09-17,4.22,12.04,100.0,487.23,338.51,-159.54,-6.59,14.7,3,2026-05-18 to 2026-09-02 (75 days),-1.0,69.8,0.5976,13.63,12.86,BULLISH,HIGH,Strong trend (ADX=45); EARNINGS TODAY (2026-09-03); Earnings conf adj: -3,3.14,-1.0,1.0,0,2026-09-03,,-3
2026-09-03T14:54:08,2026-09-03,RMD,HOLD,0,VWAP Trend,HIGH,5,60.6,230.87,4.07,0.0,6.11,0.0,0.0,2026-09-15,2.93,5.23,83.3,5.12,123.31,69.8,-10.7,12.7,6,2026-05-18 to 2026-09-02 (75 days),-1.0,56.7,0.3559,213.55,227.31,BEARISH,MEDIUM,Strong trend (ADX=32); Last surprise: +2.1%,5.27,-1.0,1.0,56,2026-10-29,2.08,0
2026-09-03T14:55:10,2026-09-03,CGNX,HOLD,0,Stochastic Oscillator,HIGH,6,60.42,59.94,7.62,0.0,11.43,0.0,0.0,2026-09-20,2.12,3.76,100.0,227.8,105.98,115.57,-15.69,17.0,3,2026-05-18 to 2026-09-02 (75 days),-1.0,44.4,0.495,63.99,53.15,BULLISH,HIGH,Last surprise: +7.1%; Earnings conf adj: +1,3.79,-1.0,1.0,55,2026-10-28,7.14,1
2026-09-03T14:55:08,2026-09-03,LFUS,HOLD,0,Stochastic Oscillator,HIGH,6,60.41,410.52,8.05,0.0,12.08,0.0,0.0,2026-09-21,2.14,4.36,100.0,169.3,65.8,83.33,-5.83,18.5,2,2026-05-18 to 2026-09-02 (75 days),-1.0,43.4,0.4092,427.12,368.02,BULLISH,HIGH,Last surprise: +10.8%; Earnings conf adj: +1,4.58,-1.0,1.0,55,2026-10-28,10.85,1
2026-09-03T14:55:55,2026-09-03,GEF,HOLD,0,VWAP Trend,HIGH,5,60.25,85.57,3.62,0.0,2.36,0.0,0.0,2026-09-05,3.37,10.8,87.5,9.23,54.61,-139.79,-3.0,2.1,8,2026-05-18 to 2026-09-02 (75 days),-1.0,54.5,0.2066,81.14,70.69,BULLISH,MEDIUM,High volume,9.08,-1.0,1.0,55,2026-10-28,,0
2026-09-03T14:54:34,2026-09-03,ZBRA,HOLD,0,VWAP Trend,HIGH,6,60.22,351.11,4.75,0.0,7.43,0.0,0.0,2026-09-15,2.85,8.06,66.7,11.98,368.81,190.86,-17.02,12.2,6,2026-05-18 to 2026-09-02 (75 days),-1.0,54.8,0.2702,310.26,256.01,BULLISH,MEDIUM,Last surprise: +45.0%; Earnings conf adj: +1,6.94,-1.0,1.0,61,2026-11-03,44.98,1
2026-09-03T14:53:23,2026-09-03,GEN,HOLD,0,VWAP Trend,HIGH,5,60.19,30.65,4.6,0.0,5.34,0.0,0.0,2026-09-06,3.82,19.76,87.5,14.81,129.99,7.44,-2.42,3.9,8,2026-05-18 to 2026-09-02 (75 days),-1.0,64.5,0.3431,27.35,24.34,BULLISH,MEDIUM,Last surprise: +2.9%,5.46,-1.0,1.0,63,2026-11-05,2.9,0
2026-09-03T14:54:53,2026-09-03,SGI,HOLD,0,MACD Crossover,HIGH,5,59.97,67.82,6.57,0.0,9.86,0.0,0.0,2026-09-20,1.47,2.63,100.0,116.65,45.59,9.32,-7.22,17.7,3,2026-05-18 to 2026-09-02 (75 days),-1.0,55.0,0.4353,69.51,78.64,BEARISH,HIGH,Price at statistical extreme; Last surprise: +0.0%,4.31,-1.0,1.0,63,2026-11-05,0.0,0
2026-09-03T14:54:36,2026-09-03,ATI,HOLD,0,VWAP Trend,HIGH,6,59.72,201.69,7.07,0.0,5.48,0.0,0.0,2026-09-05,2.17,8.06,62.5,5.18,48.67,-127.81,-4.64,2.4,8,2026-05-18 to 2026-09-02 (75 days),-1.0,43.3,0.449,202.05,157.41,BULLISH,HIGH,Last surprise: +18.3%; Earnings conf adj: +1,4.18,-1.0,1.0,54,2026-10-27,18.27,1
2026-09-03T14:55:20,2026-09-03,AAL,HOLD,0,VWAP Trend,HIGH,5,59.57,13.11,4.52,0.0,5.79,0.0,0.0,2026-09-07,3.91,9.91,75.0,9.39,230.33,208.11,-4.76,4.8,8,2026-05-18 to 2026-09-02 (75 days),-1.0,34.6,0.3357,15.44,13.92,BULLISH,MEDIUM,Strong trend (ADX=43),5.58,-1.0,1.0,49,2026-10-22,,0
2026-09-03T14:53:24,2026-09-03,GM,HOLD,0,MACD Crossover,HIGH,6,59.24,84.87,3.5,0.0,6.74,0.0,0.0,2026-09-17,1.7,3.03,100.0,117.87,46.6,-20.89,-5.66,14.3,3,2026-05-18 to 2026-09-02 (75 days),-1.0,47.6,0.2263,82.97,79.48,BULLISH,MEDIUM,Last surprise: +11.9%; Earnings conf adj: +1,8.28,-1.0,1.0,47,2026-10-20,11.91,1
2026-09-03T14:55:49,2026-09-03,SHC,HOLD,0,VWAP Trend,HIGH,5,59.22,18.96,3.4,0.0,3.26,0.0,0.0,2026-09-05,2.25,5.4,72.7,3.49,18.56,-86.73,-2.44,2.2,11,2026-05-18 to 2026-09-02 (75 days),-1.0,53.5,0.2787,18.26,16.78,BULLISH,MEDIUM,Strong trend (ADX=37),6.73,-1.0,1.0,61,2026-11-03,,0
2026-09-03T14:56:13,2026-09-03,DBA,HOLD,0,VWAP Trend,HIGH,5,58.91,29.27,1.5,0.0,2.05,0.0,0.0,2026-09-08,2.28,4.75,70.0,3.62,21.25,7.73,-2.64,5.2,10,2026-05-18 to 2026-09-02 (75 days),-1.0,69.5,0.1139,27.84,26.78,BULLISH,LOW,High volume; Strong trend (ADX=43),10.0,-1.0,1.0,-1,,,0
2026-09-03T14:55:22,2026-09-03,IDCC,HOLD,0,Stochastic Oscillator,HIGH,5,58.57,329.79,4.73,0.0,7.1,0.0,0.0,2026-10-13,2.47,5.75,100.0,333.48,166.09,50.48,-13.81,40.5,2,2026-05-18 to 2026-09-02 (75 days),-1.0,52.8,0.3943,301.33,317.82,BEARISH,MEDIUM,Strong trend (ADX=36),4.75,-1.0,1.0,56,2026-10-29,,0
2026-09-03T14:55:41,2026-09-03,VAL,HOLD,0,ADX Trend Following,HIGH,5,58.41,92.52,7.01,0.0,14.09,0.0,0.0,2026-09-22,2.57,5.25,100.0,207.45,88.48,138.5,-6.73,19.5,2,2026-05-18 to 2026-09-02 (75 days),-1.0,68.8,0.4053,80.22,79.49,BULLISH,HIGH,Price at statistical extreme; Strong trend (ADX=37),4.63,-1.0,1.0,55,2026-10-28,,0
2026-09-03T14:52:55,2026-09-03,CF,HOLD,0,EMA Crossover (9/21),HIGH,4,58.36,139.27,7.74,0.0,12.88,0.0,0.0,2026-09-18,1.68,2.87,100.0,128.49,51.02,4.84,-10.21,15.3,3,2026-05-18 to 2026-09-02 (75 days),-1.0,72.3,0.4181,119.5,106.66,BULLISH,HIGH,RSI overbought; High volume; Price at statistical extreme; Strong trend (ADX=32); Last surprise: -15.1%; Earnings conf adj: -1,4.48,-1.0,1.0,62,2026-11-04,-15.08,-1
2026-09-03T14:55:49,2026-09-03,CNX,HOLD,0,ADX Trend Following,HIGH,4,58.24,37.58,2.69,0.0,3.58,0.0,0.0,2026-09-08,0.96,1.67,75.0,2.56,14.18,4.36,-4.83,5.8,4,2026-05-18 to 2026-09-02 (75 days),-1.0,69.2,0.1887,34.69,37.02,BEARISH,LOW,High volume; Price at statistical extreme; Strong trend (ADX=34),9.93,-1.0,1.0,56,2026-10-29,,0
2026-09-03T14:54:54,2026-09-03,TOL,HOLD,0,VWAP Trend,HIGH,5,58.02,140.7,4.5,0.0,4.53,0.0,0.0,2026-09-06,3.11,10.25,83.3,110.68,87.15,44.44,-3.03,3.0,6,2026-05-18 to 2026-09-02 (75 days),-1.0,40.5,0.3319,150.72,143.96,BULLISH,MEDIUM,Last surprise: +1.0%,5.65,-1.0,1.0,-16,2026-08-18,1.02,0
2026-09-03T14:53:56,2026-09-03,NVR,HOLD,0,MACD Crossover,HIGH,4,57.58,6326.95,3.22,0.0,4.83,0.0,0.0,2026-09-26,1.47,2.52,100.0,91.16,33.87,-7.38,-6.1,23.0,3,2026-05-18 to 2026-09-02 (75 days),-1.0,48.6,0.2128,6434.72,6817.04,BEARISH,MEDIUM,Last surprise: -6.7%; Earnings conf adj: -1,8.81,-1.0,1.0,48,2026-10-21,-6.69,-1
2026-09-03T14:52:48,2026-09-03,BG,HOLD,0,Stochastic Oscillator,HIGH,5,57.48,122.86,5.2,0.0,7.8,0.0,0.0,2026-09-20,3.47,8.36,100.0,220.7,99.32,100.03,-7.47,17.7,3,2026-05-18 to 2026-09-02 (75 days),-1.0,66.4,0.3088,112.73,112.67,BULLISH,MEDIUM,Price at statistical extreme; Last surprise: +3.1%,6.07,-1.0,1.0,62,2026-11-04,3.09,0
2026-09-03T14:56:13,2026-09-03,ITT,BUY,1,VWAP Trend,HIGH,5,56.9,201.0,4.27,192.42,4.91,210.87,7.86,2026-09-06,1.58,2.66,62.5,5.64,35.73,24.05,-5.2,3.6,8,2026-05-18 to 2026-09-02 (75 days),0.409,45.4,0.3284,200.51,194.05,BULLISH,MEDIUM,Strong trend (ADX=32); Size: Kelly 10.0% / VolTgt 5.7% / Blend 7.9%,5.71,-1.0,1.0,54,2026-10-27,,0
2026-09-03T14:56:06,2026-09-03,FOUR,HOLD,0,VWAP Trend,HIGH,5,56.44,44.23,12.0,0.0,18.0,0.0,0.0,2026-09-09,2.18,4.21,66.7,3.36,169.69,155.14,-13.22,6.9,9,2026-05-18 to 2026-09-02 (75 days),-1.0,45.7,0.9852,48.15,51.9,BEARISH,HIGH,No special conditions,1.9,-1.0,1.0,63,2026-11-05,,0
2026-09-03T14:55:52,2026-09-03,BC,HOLD,0,VWAP Trend,MEDIUM,3,56.42,74.45,4.68,0.0,2.67,0.0,0.0,2026-09-05,0.97,1.79,53.8,1.57,15.99,23.01,-6.25,2.2,13,2026-05-18 to 2026-09-02 (75 days),-1.0,34.4,0.2287,80.03,77.85,BULLISH,MEDIUM,Price at statistical extreme,8.2,-1.0,1.0,49,2026-10-22,,0
2026-09-03T14:55:32,2026-09-03,FLR,HOLD,0,SMA Crossover (10/50),HIGH,5,56.19,56.6,6.82,0.0,23.87,0.0,0.0,2026-09-30,1.83,3.54,100.0,250.21,120.46,-9.0,-13.95,27.0,3,2026-05-18 to 2026-09-02 (75 days),-1.0,61.4,0.7674,51.78,47.72,BULLISH,HIGH,Strong trend (ADX=33),2.44,-1.0,1.0,64,2026-11-06,,0
2026-09-03T14:53:49,2026-09-03,MRNA,HOLD,0,VWAP Trend,HIGH,5,56.01,150.81,12.0,0.0,42.0,0.0,0.0,2026-09-06,2.55,5.58,87.5,5.13,255.66,-4539.25,-10.21,3.4,8,2026-05-18 to 2026-09-02 (75 days),-1.0,65.8,6.3999,82.01,53.6,BULLISH,HIGH,Strong trend (ADX=66); Last surprise: +4.4%,0.29,-1.0,1.0,63,2026-11-05,4.37,0
2026-09-03T14:54:34,2026-09-03,ZTS,HOLD,0,SMA Crossover (10/50),HIGH,5,56.0,76.17,6.15,0.0,7.18,0.0,0.0,2026-09-07,1.7,5.0,100.0,43.19,14.85,19.25,-1.61,4.5,2,2026-05-18 to 2026-09-02 (75 days),-1.0,50.0,0.43,75.48,102.46,BEARISH,HIGH,Last surprise: +1.1%,4.36,-1.0,1.0,61,2026-11-03,1.08,0
2026-09-03T14:52:49,2026-09-03,BKR,HOLD,0,ADX Trend Following,HIGH,6,55.86,64.63,3.65,0.0,7.93,0.0,0.0,2026-09-20,2.01,3.93,100.0,112.26,41.86,48.6,-4.75,17.5,2,2026-05-18 to 2026-09-02 (75 days),-1.0,63.7,0.2407,59.55,57.99,BULLISH,MEDIUM,Last surprise: +30.6%; Earnings conf adj: +1,7.79,-1.0,1.0,49,2026-10-22,30.61,1
2026-09-03T14:54:49,2026-09-03,WMG,HOLD,0,ADX Trend Following,HIGH,6,55.81,28.35,3.76,0.0,5.64,0.0,0.0,2026-09-15,1.65,2.47,100.0,72.8,25.85,72.63,-6.43,12.5,2,2026-05-18 to 2026-09-02 (75 days),-1.0,60.3,0.2874,27.15,28.31,BEARISH,MEDIUM,Strong trend (ADX=48); Last surprise: +30.8%; Earnings conf adj: +1,6.52,-1.0,1.0,77,2026-11-19,30.77,1
2026-09-03T14:53:24,2026-09-03,GLW,HOLD,0,VWAP Trend,HIGH,5,55.29,144.13,10.22,0.0,10.64,0.0,0.0,2026-09-08,1.11,1.75,75.0,3.19,59.31,110.52,-23.97,5.2,4,2026-05-18 to 2026-09-02 (75 days),-1.0,41.8,0.5927,167.62,142.63,BULLISH,HIGH,Last surprise: +4.0%,3.16,-1.0,1.0,54,2026-10-27,4.0,0
2026-09-03T14:54:09,2026-09-03,ROST,HOLD,0,VWAP Trend,HIGH,6,55.26,230.85,4.41,0.0,3.78,0.0,0.0,2026-09-06,1.94,5.95,71.4,23.5,42.12,5.56,-4.54,3.0,7,2026-05-18 to 2026-09-02 (75 days),-1.0,42.0,0.2769,234.14,211.44,BULLISH,MEDIUM,Strong trend (ADX=33); Last surprise: +36.4%; Earnings conf adj: +1,6.77,-1.0,1.0,77,2026-11-19,36.41,1
2026-09-03T14:53:09,2026-09-03,DRI,HOLD,0,Stochastic Oscillator,HIGH,5,55.25,220.03,3.8,0.0,5.7,0.0,0.0,2026-09-22,2.14,3.67,100.0,127.43,47.28,-11.22,-5.32,19.5,2,2026-05-18 to 2026-09-02 (75 days),-1.0,55.4,0.3107,209.08,198.56,BULLISH,MEDIUM,Last surprise: +0.5%,6.03,-1.0,1.0,21,2026-09-24,0.55,0
2026-09-03T14:54:51,2026-09-03,PAG,BUY,1,PEAD Earnings Drift,HIGH,6,55.11,218.06,1.54,214.7,5.22,229.44,10.0,2026-10-20,3.59,7.77,100.0,348.48,176.64,-27.28,-5.35,47.0,2,2026-05-18 to 2026-09-02 (75 days),0.317,60.0,0.0966,205.7,170.97,BULLISH,LOW,Strong trend (ADX=47); Last surprise: +6.8%; Earnings conf adj: +1; Size: Kelly 10.0% / VolTgt 10.0% / Blend 10.0%,10.0,-1.0,1.0,55,2026-10-28,6.78,1
2026-09-03T14:54:53,2026-09-03,EQH,BUY,1,VWAP Trend,HIGH,5,54.82,51.52,3.44,49.75,7.83,55.55,8.1,2026-09-13,3.05,5.44,66.7,8.66,116.6,19.34,-4.81,10.8,6,2026-05-18 to 2026-09-02 (75 days),0.329,59.3,0.3024,48.45,43.98,BULLISH,MEDIUM,Last surprise: +3.7%; Size: Kelly 10.0% / VolTgt 6.2% / Blend 8.1%,6.2,-1.0,1.0,61,2026-11-03,3.66,0
2026-09-03T14:54:35,2026-09-03,OKTA,EXIT,-1,Stochastic Oscillator,HIGH,6,54.74,163.15,12.0,182.73,18.0,133.78,5.82,2026-09-15,1.92,8.68,100.0,315.52,156.85,-592.77,-5.81,12.5,2,2026-05-18 to 2026-09-02 (75 days),-1.0,59.7,1.1453,143.88,100.97,BULLISH,HIGH,Strong trend (ADX=39); Last surprise: +9.4%; Earnings conf adj: +1; Size: Kelly 10.0% / VolTgt 1.6% / Blend 5.8%,1.64,-1.0,1.0,-8,2026-08-26,9.38,1
2026-09-03T14:55:34,2026-09-03,DUOL,BUY,1,VWAP Trend,HIGH,5,54.74,157.85,9.21,143.31,16.07,183.22,6.28,2026-09-10,3.28,5.87,66.7,8.15,339.34,129.45,-10.74,7.7,9,2026-05-18 to 2026-09-02 (75 days),0.167,65.4,0.7354,133.95,131.61,BULLISH,HIGH,Size: Kelly 10.0% / VolTgt 2.5% / Blend 6.3%,2.55,-1.0,1.0,62,2026-11-04,,0
2026-09-03T14:55:11,2026-09-03,SOLS,HOLD,0,Stochastic Oscillator,HIGH,5,54.64,60.99,9.01,0.0,13.52,0.0,0.0,2026-09-21,1.28,2.53,100.0,115.52,52.05,127.66,-12.15,18.0,2,2026-06-02 to 2026-09-02 (65 days),-1.0,50.5,0.5459,63.6,67.68,BEARISH,HIGH,Strong trend (ADX=33),3.43,-1.0,1.0,56,2026-10-29,,0
2026-09-03T14:53:20,2026-09-03,FLEX,HOLD,0,VWAP Trend,HIGH,6,54.49,105.95,9.4,0.0,6.99,0.0,0.0,2026-09-06,2.65,5.17,100.0,261.85,132.23,182.05,-11.55,3.5,4,2026-05-18 to 2026-09-02 (75 days),-1.0,38.1,0.4744,124.93,94.35,BULLISH,HIGH,Last surprise: +8.7%; Earnings conf adj: +1,3.95,-1.0,1.0,55,2026-10-28,8.7,1
2026-09-03T14:52:57,2026-09-03,CME,HOLD,0,ADX Trend Following,HIGH,5,54.44,277.77,3.32,0.0,4.98,0.0,0.0,2026-09-25,1.67,2.76,100.0,79.55,29.49,55.57,-3.23,22.0,2,2026-05-18 to 2026-09-02 (75 days),-1.0,58.0,0.2121,256.31,275.08,BEARISH,MEDIUM,Strong trend (ADX=37); Last surprise: +2.7%,8.84,-1.0,1.0,48,2026-10-21,2.75,0
2026-09-03T14:54:21,2026-09-03,TSCO,HOLD,0,SMA Crossover (10/50),HIGH,4,54.33,34.86,3.96,0.0,5.94,0.0,0.0,2026-09-18,2.41,4.72,100.0,109.68,42.23,-2.9,-4.8,15.5,2,2026-05-18 to 2026-09-02 (75 days),-1.0,57.1,0.2641,32.39,41.46,BEARISH,MEDIUM,Strong trend (ADX=30); Last surprise: -15.9%; Earnings conf adj: -1,7.1,-1.0,1.0,49,2026-10-22,-15.85,-1
2026-09-03T14:55:58,2026-09-03,ALK,BUY,1,Stochastic Oscillator,HIGH,5,53.66,41.59,7.39,38.52,11.08,46.2,7.31,2026-09-19,1.17,1.86,100.0,91.67,31.43,-12.66,-7.5,16.5,2,2026-05-18 to 2026-09-02 (75 days),0.242,40.5,0.4061,46.92,45.87,BULLISH,HIGH,Size: Kelly 10.0% / VolTgt 4.6% / Blend 7.3%,4.62,-1.0,1.0,49,2026-10-22,,0
2026-09-03T14:53:20,2026-09-03,FIX,HOLD,0,VWAP Trend,HIGH,6,53.65,1560.13,10.34,0.0,6.2,0.0,0.0,2026-09-05,1.44,2.38,75.0,3.47,60.33,104.72,-12.41,2.5,8,2026-05-18 to 2026-09-02 (75 days),-1.0,41.0,0.4979,1725.92,1483.82,BULLISH,HIGH,Last surprise: +19.8%; Earnings conf adj: +1,3.77,-1.0,1.0,49,2026-10-22,19.79,1
2026-09-03T14:55:24,2026-09-03,ATR,HOLD,0,VWAP Trend,HIGH,5,53.43,130.33,2.19,0.0,2.8,0.0,0.0,2026-09-11,2.03,3.76,100.0,94.22,34.4,-16.93,-4.43,8.6,5,2026-05-18 to 2026-09-02 (75 days),-1.0,42.1,0.1213,130.9,125.63,BULLISH,LOW,No special conditions,10.0,-1.0,1.0,56,2026-10-29,,0
2026-09-03T14:54:03,2026-09-03,PODD,HOLD,0,ADX Trend Following,HIGH,6,53.35,148.14,5.42,0.0,5.48,0.0,0.0,2026-09-06,1.85,3.73,80.0,4.13,22.69,32.08,-3.36,3.8,5,2026-05-18 to 2026-09-02 (75 days),-1.0,48.8,0.3568,154.42,212.01,BEARISH,MEDIUM,Last surprise: +14.5%; Earnings conf adj: +1,5.26,-1.0,1.0,63,2026-11-05,14.48,1
2026-09-03T14:56:02,2026-09-03,PLNT,HOLD,0,Stochastic Oscillator,HIGH,5,53.34,51.68,7.65,0.0,11.48,0.0,0.0,2026-10-06,2.22,3.92,100.0,189.99,82.15,96.74,-6.88,33.0,2,2026-05-18 to 2026-09-02 (75 days),-1.0,47.6,0.5113,52.7,74.29,BEARISH,HIGH,No special conditions,3.67,-1.0,1.0,63,2026-11-05,,0
2026-09-03T14:54:28,2026-09-03,VRT,HOLD,0,VWAP Trend,HIGH,6,52.97,256.7,9.56,0.0,4.69,0.0,0.0,2026-09-04,2.54,4.31,75.0,3.05,141.72,203.19,-11.35,1.9,8,2026-05-18 to 2026-09-02 (75 days),-1.0,42.3,0.4325,284.55,256.29,BULLISH,HIGH,Last surprise: +6.3%; Earnings conf adj: +1,4.34,-1.0,1.0,48,2026-10-21,6.29,1
2026-09-03T14:53:19,2026-09-03,FICO,HOLD,0,VWAP Trend,HIGH,5,52.96,1099.45,7.44,0.0,11.16,0.0,0.0,2026-09-26,1.74,2.78,75.0,2.97,85.19,107.0,-16.02,23.5,4,2026-05-18 to 2026-09-02 (75 days),-1.0,44.5,0.4814,1172.23,1311.83,BEARISH,HIGH,Last surprise: +3.4%,3.9,-1.0,1.0,62,2026-11-04,3.4,0
2026-09-03T14:53:01,2026-09-03,CRWD,HOLD,0,Stochastic Oscillator,HIGH,6,52.92,203.42,12.0,0.0,18.0,0.0,0.0,2026-09-11,1.84,4.68,100.0,251.46,112.89,-41.12,-12.03,8.0,2,2026-05-18 to 2026-09-02 (75 days),-1.0,49.3,0.9498,199.01,141.68,BULLISH,HIGH,Strong trend (ADX=31); Last surprise: +6.9%; Earnings conf adj: +1,1.97,-1.0,1.0,89,2026-12-01,6.9,1
2026-09-03T14:55:12,2026-09-03,SPXC,HOLD,0,VWAP Trend,HIGH,5,52.62,193.27,5.25,0.0,3.29,0.0,0.0,2026-09-05,2.91,6.16,77.8,4.03,64.98,76.69,-3.82,2.1,9,2026-05-18 to 2026-09-02 (75 days),-1.0,36.2,0.2882,215.0,214.65,BULLISH,MEDIUM,Strong trend (ADX=41),6.51,-1.0,1.0,55,2026-10-28,,0
2026-09-03T14:53:37,2026-09-03,KDP,HOLD,0,ADX Trend Following,HIGH,6,52.59,32.59,3.59,0.0,5.28,0.0,0.0,2026-09-07,1.67,3.59,100.0,31.84,9.83,-35.16,-1.09,4.5,2,2026-05-18 to 2026-09-02 (75 days),-1.0,60.2,0.316,31.25,28.78,BULLISH,MEDIUM,Strong trend (ADX=34); Last surprise: +5.6%; Earnings conf adj: +1,5.93,-1.0,1.0,53,2026-10-26,5.56,1
2026-09-03T14:53:14,2026-09-03,EMR,BUY,1,VWAP Trend,MEDIUM,2,52.38,148.98,3.51,143.75,3.14,153.66,8.33,2026-09-05,0.33,0.41,77.8,1.35,3.68,-48.2,-6.4,2.0,9,2026-05-18 to 2026-09-02 (75 days),0.611,42.3,0.2817,148.75,141.51,BULLISH,MEDIUM,Strong trend (ADX=32); Last surprise: +1.8%; Size: Kelly 10.0% / VolTgt 6.7% / Blend 8.3%,6.66,-1.0,1.0,62,2026-11-04,1.79,0
2026-09-03T14:53:37,2026-09-03,KEY,HOLD,0,VWAP Trend,HIGH,5,52.15,21.8,2.35,0.0,2.44,0.0,0.0,2026-09-05,2.4,5.43,85.7,9.05,31.0,11.04,-2.21,2.4,7,2026-05-18 to 2026-09-02 (75 days),-1.0,44.9,0.1996,22.55,20.95,BULLISH,LOW,Last surprise: +4.8%,9.39,-1.0,1.0,47,2026-10-20,4.76,0
2026-09-03T14:56:14,2026-09-03,GLD,HOLD,0,VWAP Trend,LOW,1,51.56,402.78,3.0,0.0,4.5,0.0,0.0,2026-09-08,0.39,0.57,45.5,1.39,6.22,18.39,-7.53,5.9,11,2026-05-18 to 2026-09-02 (75 days),-1.0,50.2,0.2727,387.24,415.09,BEARISH,MEDIUM,Strong trend (ADX=35),6.88,-1.0,1.0,-1,,,0
2026-09-03T14:53:00,2026-09-03,CPRT,HOLD,0,ADX Trend Following,HIGH,5,51.39,32.16,7.26,0.0,9.27,0.0,0.0,2026-09-11,1.42,3.51,75.0,3.54,33.48,45.93,-6.42,8.0,4,2026-05-18 to 2026-09-02 (75 days),-1.0,55.0,0.4162,29.95,34.52,BEARISH,HIGH,Last surprise: +4.9%,4.51,-1.0,1.0,7,2026-09-10,4.88,0
2026-09-03T14:55:40,2026-09-03,ORA,EXIT,-1,VWAP Trend,HIGH,5,51.24,104.69,5.87,110.84,6.44,97.95,6.92,2026-09-05,1.58,3.39,62.5,3.82,38.2,89.06,-6.37,2.8,8,2026-05-18 to 2026-09-02 (75 days),-1.0,46.1,0.4891,107.17,115.3,BEARISH,HIGH,Size: Kelly 10.0% / VolTgt 3.8% / Blend 6.9%,3.83,-1.0,1.0,62,2026-11-04,,0
2026-09-03T14:52:42,2026-09-03,APA,HOLD,0,ADX Trend Following,HIGH,5,50.99,44.69,6.74,0.0,16.51,0.0,0.0,2026-09-25,3.23,7.13,100.0,278.13,136.29,88.73,-7.21,22.0,2,2026-05-18 to 2026-09-02 (75 days),-1.0,68.7,0.4469,37.34,33.04,BULLISH,HIGH,Last surprise: +1.1%,4.2,-1.0,1.0,62,2026-11-04,1.07,0
2026-09-03T14:55:43,2026-09-03,TXNM,HOLD,0,VWAP Trend,LOW,1,50.87,58.07,1.5,0.0,0.45,0.0,0.0,2026-09-04,-0.92,-1.4,50.0,1.11,-2.69,2.55,-1.7,1.8,10,2026-05-18 to 2026-09-02 (75 days),-1.0,64.7,0.0424,57.21,57.72,BEARISH,LOW,High volume; Price at statistical extreme,7.0,-1.0,1.0,57,2026-10-30,,0
2026-09-03T14:52:58,2026-09-03,CNC,HOLD,0,ADX Trend Following,HIGH,5,50.81,67.34,4.11,0.0,7.5,0.0,0.0,2026-09-10,0.88,1.3,100.0,49.49,16.16,-47.89,-7.03,7.5,4,2026-05-18 to 2026-09-02 (75 days),-1.0,57.7,0.3476,65.39,50.03,BULLISH,MEDIUM,Last surprise: +132.4%; Earnings conf adj: +1,5.39,-1.0,1.0,54,2026-10-27,132.41,1
2026-09-03T14:54:50,2026-09-03,STRL,EXIT,-1,VWAP Trend,HIGH,6,50.76,457.6,12.0,512.51,6.15,429.46,6.7,2026-09-05,1.45,2.74,62.5,2.26,70.83,153.89,-15.5,2.0,8,2026-05-18 to 2026-09-02 (75 days),-1.0,33.5,0.552,615.69,521.29,BULLISH,HIGH,Strong trend (ADX=39); Last surprise: +12.0%; Earnings conf adj: +1; Size: Kelly 10.0% / VolTgt 3.4% / Blend 6.7%,3.4,-1.0,1.0,60,2026-11-02,11.97,1
2026-09-03T14:54:14,2026-09-03,STX,HOLD,0,VWAP Trend,HIGH,6,50.39,808.54,12.0,0.0,10.95,0.0,0.0,2026-09-07,1.96,4.56,60.0,4.97,94.96,59.95,-9.15,4.0,5,2026-05-18 to 2026-09-02 (75 days),-1.0,44.6,0.6952,860.94,587.15,BULLISH,HIGH,Last surprise: +12.2%; Earnings conf adj: +1,2.7,-1.0,1.0,54,2026-10-27,12.18,1
2026-09-03T14:55:58,2026-09-03,TREX,BUY,1,VWAP Trend,HIGH,5,50.36,43.73,5.21,41.45,4.78,45.82,8.32,2026-09-07,2.97,6.98,66.7,5.18,125.0,66.25,-6.46,4.6,9,2026-05-18 to 2026-09-02 (75 days),0.381,37.5,0.2829,46.56,41.0,BULLISH,MEDIUM,Strong trend (ADX=37); Size: Kelly 10.0% / VolTgt 6.6% / Blend 8.3%,6.63,-1.0,1.0,62,2026-11-04,,0
2026-09-03T14:55:02,2026-09-03,ELAN,BUY,1,PEAD Earnings Drift,HIGH,6,50.33,24.68,6.1,23.17,18.3,29.2,6.68,2026-10-16,1.66,2.47,100.0,150.12,62.1,-44.99,-7.45,43.0,2,2026-05-18 to 2026-09-02 (75 days),0.567,53.2,0.5573,24.62,23.7,BULLISH,HIGH,Last surprise: +25.9%; Earnings conf adj: +1; Size: Kelly 10.0% / VolTgt 3.4% / Blend 6.7%,3.36,-1.0,1.0,63,2026-11-05,25.93,1
2026-09-03T14:54:34,2026-09-03,TWLO,HOLD,0,Stochastic Oscillator,HIGH,6,50.21,226.75,8.96,0.0,13.44,0.0,0.0,2026-09-19,2.71,14.32,100.0,411.21,238.75,179.2,-3.65,16.0,2,2026-05-18 to 2026-09-02 (75 days),-1.0,51.9,0.9967,213.67,162.1,BULLISH,HIGH,Last surprise: +11.4%; Earnings conf adj: +1,1.88,-1.0,1.0,56,2026-10-29,11.36,1
2026-09-03T14:53:59,2026-09-03,PCG,HOLD,0,VWAP Trend,HIGH,6,50.19,13.33,12.0,0.0,11.02,0.0,0.0,2026-09-05,1.92,4.07,58.3,2.65,36.55,80.55,-4.58,2.7,12,2026-05-18 to 2026-09-02 (75 days),-1.0,27.1,0.8514,17.21,16.72,BULLISH,HIGH,RSI oversold; High volume; Price at statistical extreme; Strong trend (ADX=42); Last surprise: +11.1%; Earnings conf adj: +1,2.2,-1.0,1.0,49,2026-10-22,11.11,1
2026-09-03T14:54:05,2026-09-03,PSX,HOLD,0,ADX Trend Following,HIGH,6,50.13,256.09,3.9,0.0,9.04,0.0,0.0,2026-09-17,4.44,8.61,80.0,13.31,192.42,-47.13,-4.58,14.4,5,2026-05-18 to 2026-09-02 (75 days),-1.0,77.1,0.3025,210.11,169.34,BULLISH,MEDIUM,RSI overbought; Strong trend (ADX=56); Last surprise: +25.5%; Earnings conf adj: +1,6.2,-1.0,1.0,56,2026-10-29,25.47,1
2026-09-03T14:53:09,2026-09-03,DPZ,HOLD,0,Stochastic Oscillator,HIGH,5,50.12,346.68,4.94,0.0,7.41,0.0,0.0,2026-09-29,2.87,5.44,100.0,262.39,123.37,70.59,-5.1,26.0,3,2026-05-18 to 2026-09-02 (75 days),-1.0,52.9,0.351,331.39,362.61,BEARISH,MEDIUM,Last surprise: -2.4%,5.34,-1.0,1.0,40,2026-10-13,-2.4,0
2026-09-03T14:53:15,2026-09-03,ETN,HOLD,0,VWAP Trend,HIGH,4,50.11,390.85,4.92,0.0,3.88,0.0,0.0,2026-09-05,2.34,4.66,50.0,3.61,78.59,69.44,-8.0,2.5,6,2026-05-18 to 2026-09-02 (75 days),-1.0,37.1,0.3117,415.03,378.64,BULLISH,MEDIUM,Strong trend (ADX=34); Last surprise: +2.3%,6.01,-1.0,1.0,61,2026-11-03,2.27,0
2026-09-03T14:52:51,2026-09-03,BXP,HOLD,0,VWAP Trend,HIGH,6,50.06,67.1,3.86,0.0,4.56,0.0,0.0,2026-09-07,2.26,5.18,80.0,11.6,37.8,-14.57,-3.91,4.2,5,2026-05-18 to 2026-09-02 (75 days),-1.0,44.5,0.2829,68.45,62.59,BULLISH,MEDIUM,Last surprise: +16.3%; Earnings conf adj: +1,6.63,-1.0,1.0,54,2026-10-27,16.28,1
2026-09-03T14:53:25,2026-09-03,GPC,HOLD,0,VWAP Trend,HIGH,5,50.05,137.15,3.07,0.0,3.68,0.0,0.0,2026-09-08,3.2,10.25,87.5,78.19,145.91,-141.22,-6.54,5.1,8,2026-05-18 to 2026-09-02 (75 days),-1.0,59.4,0.2068,128.25,118.35,BULLISH,MEDIUM,Last surprise: +3.4%,9.07,-1.0,1.0,47,2026-10-20,3.37,0
2026-09-03T14:53:26,2026-09-03,HAL,HOLD,0,ADX Trend Following,HIGH,4,49.74,37.63,4.46,0.0,6.69,0.0,0.0,2026-09-10,1.44,2.07,66.7,124.68,24.42,58.87,-8.73,7.7,3,2026-05-18 to 2026-09-02 (75 days),-1.0,67.4,0.3503,33.98,34.53,BEARISH,MEDIUM,Strong trend (ADX=33); Last surprise: +1.9%,5.35,-1.0,1.0,47,2026-10-20,1.85,0
2026-09-03T14:55:48,2026-09-03,SAIC,HOLD,0,ADX Trend Following,HIGH,4,49.48,127.18,5.68,0.0,8.6,0.0,0.0,2026-09-24,1.34,2.48,100.0,119.48,46.92,-116.48,-13.7,21.7,3,2026-05-18 to 2026-09-02 (75 days),-1.0,57.3,0.2345,119.25,103.07,BULLISH,MEDIUM,Strong trend (ADX=37),7.99,-1.0,1.0,-1,,,0
2026-09-03T14:55:12,2026-09-03,AVTR,HOLD,0,MACD Crossover,HIGH,4,49.38,14.65,4.24,0.0,8.09,0.0,0.0,2026-09-15,2.78,6.84,100.0,385.43,232.99,-601.6,-9.0,12.6,5,2026-05-18 to 2026-09-02 (75 days),-1.0,66.2,0.2893,12.4,10.33,BULLISH,MEDIUM,Strong trend (ADX=41),6.48,-1.0,1.0,55,2026-10-28,,0
2026-09-03T14:55:12,2026-09-03,CYTK,HOLD,0,VWAP Trend,HIGH,4,49.13,71.93,6.86,0.0,5.85,0.0,0.0,2026-09-06,2.26,4.46,66.7,2.98,26.94,40.91,-2.58,3.2,6,2026-05-18 to 2026-09-02 (75 days),-1.0,37.7,0.4155,79.49,69.7,BULLISH,HIGH,No special conditions,4.51,-1.0,1.0,63,2026-11-05,,0
2026-09-03T14:54:05,2026-09-03,PWR,HOLD,0,VWAP Trend,HIGH,5,49.11,610.78,6.11,0.0,4.23,0.0,0.0,2026-09-05,2.46,7.63,70.0,3.74,129.7,173.37,-5.4,2.0,10,2026-05-18 to 2026-09-02 (75 days),-1.0,41.1,0.3794,655.68,585.79,BULLISH,MEDIUM,Strong trend (ADX=32); Last surprise: +28.1%; Earnings conf adj: +1,4.94,-1.0,1.0,56,2026-10-29,28.1,1
2026-09-03T14:56:14,2026-09-03,SLV,HOLD,0,ADX Trend Following,HIGH,4,49.05,59.07,4.86,0.0,7.29,0.0,0.0,2026-09-16,1.4,2.23,66.7,4.46,35.25,78.99,-7.73,13.7,3,2026-05-18 to 2026-09-02 (75 days),-1.0,51.2,0.3871,55.68,65.17,BEARISH,MEDIUM,No special conditions,4.84,-1.0,1.0,-1,,,0
2026-09-03T14:52:47,2026-09-03,BBY,HOLD,0,ADX Trend Following,HIGH,5,48.99,87.0,8.84,0.0,13.29,0.0,0.0,2026-09-17,1.63,2.45,100.0,132.1,52.83,-266.23,-11.26,14.0,5,2026-05-18 to 2026-09-02 (75 days),-1.0,55.0,0.4511,83.56,70.14,BULLISH,HIGH,High volume; Last surprise: +6.5%; Earnings conf adj: +1,4.16,-1.0,1.0,82,2026-11-24,6.52,1
2026-09-03T14:54:17,2026-09-03,TDY,HOLD,0,VWAP Trend,HIGH,5,48.92,606.36,2.5,0.0,2.05,0.0,0.0,2026-09-05,1.82,3.95,62.5,4.19,25.82,31.89,-3.88,2.2,8,2026-05-18 to 2026-09-02 (75 days),-1.0,31.0,0.1756,646.96,612.76,BULLISH,LOW,Strong trend (ADX=51); Last surprise: +8.5%; Earnings conf adj: +1,10.0,-1.0,1.0,48,2026-10-21,8.46,1
2026-09-03T14:53:01,2026-09-03,CSCO,HOLD,0,ADX Trend Following,HIGH,4,48.87,109.46,3.08,0.0,6.81,0.0,0.0,2026-09-09,1.86,3.94,66.7,48.35,27.39,50.94,-2.68,6.0,3,2026-05-18 to 2026-09-02 (75 days),-1.0,40.9,0.3528,114.64,93.92,BULLISH,MEDIUM,Strong trend (ADX=39); Last surprise: +4.3%,5.31,-1.0,1.0,70,2026-11-12,4.27,0
2026-09-03T14:54:07,2026-09-03,REGN,HOLD,0,VWAP Trend,HIGH,5,48.84,852.03,3.49,0.0,5.24,0.0,0.0,2026-09-13,1.3,2.16,71.4,2.54,29.85,-152.76,-6.27,10.0,7,2026-05-18 to 2026-09-02 (75 days),-1.0,70.2,0.2789,728.69,728.99,BEARISH,MEDIUM,RSI overbought; Price at statistical extreme; Strong trend (ADX=42); Last surprise: +40.0%; Earnings conf adj: +1,6.72,-1.0,1.0,55,2026-10-28,39.96,1
2026-09-03T14:53:42,2026-09-03,LMT,BUY,1,VWAP Trend,HIGH,5,48.78,531.55,3.83,511.19,4.0,552.81,8.3,2026-09-06,2.59,7.95,66.7,7.37,21.7,15.09,-1.05,3.2,6,2026-05-18 to 2026-09-02 (75 days),0.397,36.0,0.2842,550.43,549.27,BULLISH,MEDIUM,Price at statistical extreme; Strong trend (ADX=43); Last surprise: +10.3%; Earnings conf adj: +1; Size: Kelly 10.0% / VolTgt 6.6% / Blend 8.3%,6.6,-1.0,1.0,47,2026-10-20,10.28,1
2026-09-03T14:54:10,2026-09-03,RVTY,HOLD,0,MACD Crossover,HIGH,5,48.77,130.94,4.4,0.0,6.79,0.0,0.0,2026-09-11,1.65,2.88,57.1,4.05,44.32,-149.45,-6.01,8.0,7,2026-05-18 to 2026-09-02 (75 days),-1.0,69.4,0.3048,115.54,101.87,BULLISH,MEDIUM,Strong trend (ADX=47); Last surprise: +15.6%; Earnings conf adj: +1,6.15,-1.0,1.0,53,2026-10-26,15.57,1
2026-09-03T14:53:28,2026-09-03,HOOD,EXIT,-1,VWAP Trend,HIGH,5,48.69,106.99,11.7,119.51,12.13,94.01,6.28,2026-09-07,2.88,6.51,55.6,4.18,230.42,25.92,-9.06,4.4,9,2026-05-18 to 2026-09-02 (75 days),-1.0,56.5,0.7346,101.33,95.05,BULLISH,HIGH,Last surprise: +44.2%; Earnings conf adj: +1; Size: Kelly 10.0% / VolTgt 2.5% / Blend 6.3%,2.55,-1.0,1.0,62,2026-11-04,44.19,1
2026-09-03T14:53:29,2026-09-03,HSIC,HOLD,0,ADX Trend Following,HIGH,4,48.51,90.39,2.23,0.0,6.61,0.0,0.0,2026-10-02,3.08,5.07,100.0,172.94,73.84,-36.2,-4.23,29.7,3,2026-05-18 to 2026-09-02 (75 days),-1.0,59.6,0.1539,87.15,78.89,BULLISH,LOW,Strong trend (ADX=33); Last surprise: +2.4%,10.0,-1.0,1.0,61,2026-11-03,2.42,0
2026-09-03T14:54:00,2026-09-03,PEG,HOLD,0,ADX Trend Following,HIGH,5,48.49,73.32,1.75,0.0,2.62,0.0,0.0,2026-09-14,2.36,3.8,100.0,74.35,26.04,38.25,-3.96,11.0,3,2026-05-18 to 2026-09-02 (75 days),-1.0,36.4,0.1492,77.6,79.24,BEARISH,LOW,Last surprise: +7.5%; Earnings conf adj: +1,10.0,-1.0,1.0,60,2026-11-02,7.5,1
2026-09-03T14:53:00,2026-09-03,CPAY,HOLD,0,ADX Trend Following,HIGH,5,48.29,416.4,3.13,0.0,7.71,0.0,0.0,2026-09-18,3.06,6.22,100.0,153.77,63.8,-19.54,-5.07,15.3,3,2026-05-18 to 2026-09-02 (75 days),-1.0,61.9,0.2504,381.11,335.53,BULLISH,MEDIUM,Strong trend (ADX=31); Last surprise: +6.4%; Earnings conf adj: +1,7.49,-1.0,1.0,62,2026-11-04,6.38,1
2026-09-03T14:55:53,2026-09-03,BILL,HOLD,0,MACD Crossover,HIGH,4,48.25,48.76,6.22,0.0,12.76,0.0,0.0,2026-09-20,3.1,5.93,100.0,343.28,185.06,61.89,-8.68,17.7,3,2026-05-18 to 2026-09-02 (75 days),-1.0,55.0,0.3853,44.73,43.78,BULLISH,MEDIUM,No special conditions,4.87,-1.0,1.0,63,2026-11-05,,0
2026-09-03T14:52:44,2026-09-03,ARE,HOLD,0,Stochastic Oscillator,HIGH,5,48.21,52.72,7.42,0.0,11.13,0.0,0.0,2026-09-17,2.35,6.31,100.0,188.6,79.63,21.42,-7.63,14.0,2,2026-05-18 to 2026-09-02 (75 days),-1.0,56.6,0.4877,50.69,49.15,BULLISH,HIGH,Last surprise: +25.0%; Earnings conf adj: +1,3.84,-1.0,1.0,53,2026-10-26,25.0,1
2026-09-03T14:52:45,2026-09-03,AVY,HOLD,0,VWAP Trend,HIGH,4,48.0,174.42,3.91,0.0,4.62,0.0,0.0,2026-09-10,0.96,1.62,60.0,2.22,21.98,-24.77,-7.86,7.6,10,2026-05-18 to 2026-09-02 (75 days),-1.0,48.3,0.213,169.67,171.92,BEARISH,MEDIUM,Strong trend (ADX=33); Last surprise: +17.0%; Earnings conf adj: +1,8.8,-1.0,1.0,48,2026-10-21,17.0,1
2026-09-03T14:52:54,2026-09-03,CDW,HOLD,0,ADX Trend Following,HIGH,4,47.82,148.67,8.53,0.0,13.35,0.0,0.0,2026-09-15,1.28,1.91,80.0,3.0,49.39,-200.32,-13.95,12.4,5,2026-05-18 to 2026-09-02 (75 days),-1.0,58.6,0.4815,138.43,130.32,BULLISH,HIGH,Strong trend (ADX=35); Last surprise: +3.9%,3.89,-1.0,1.0,61,2026-11-03,3.93,0
2026-09-03T14:53:18,2026-09-03,FERG,HOLD,0,VWAP Trend,HIGH,4,47.67,221.23,4.12,0.0,3.21,0.0,0.0,2026-09-05,1.17,2.21,71.4,2.13,12.44,9.14,-4.02,2.0,7,2026-05-18 to 2026-09-02 (75 days),-1.0,35.8,0.2879,235.46,237.9,BEARISH,MEDIUM,Strong trend (ADX=31); Last surprise: +2.7%,6.51,-1.0,1.0,67,2026-11-09,2.73,0
2026-09-03T14:52:41,2026-09-03,AMT,HOLD,0,ADX Trend Following,HIGH,5,47.55,172.92,2.48,0.0,3.72,0.0,0.0,2026-09-12,1.92,3.6,60.0,9.3,48.56,53.67,-5.94,9.4,5,2026-05-18 to 2026-09-02 (75 days),-1.0,48.1,0.1971,170.91,175.35,BEARISH,LOW,Last surprise: +20.6%; Earnings conf adj: +1,9.51,-1.0,1.0,54,2026-10-27,20.65,1
2026-09-03T14:53:06,2026-09-03,DELL,HOLD,0,VWAP Trend,HIGH,4,47.52,492.2,11.1,0.0,12.07,0.0,0.0,2026-09-06,2.5,9.89,80.0,23.69,403.25,-690.41,-15.53,3.2,5,2026-05-18 to 2026-09-02 (75 days),-1.0,58.9,0.8571,435.26,248.89,BULLISH,HIGH,High volume; Last surprise: +64.2%,2.19,-1.0,1.0,85,2026-11-27,64.19,0
2026-09-03T14:55:10,2026-09-03,SSB,HOLD,0,VWAP Trend,HIGH,4,47.51,106.29,2.08,0.0,1.86,0.0,0.0,2026-09-04,3.19,7.86,70.0,6.34,24.04,-37.81,-1.59,1.9,10,2026-05-18 to 2026-09-02 (75 days),-1.0,50.8,0.171,104.3,97.21,BULLISH,LOW,No special conditions,10.0,-1.0,1.0,48,2026-10-21,,0
2026-09-03T14:53:30,2026-09-03,HUM,HOLD,0,EMA Crossover (9/21),HIGH,5,47.47,400.97,4.34,0.0,6.8,0.0,0.0,2026-09-10,1.22,2.44,100.0,32.88,10.56,-142.51,-2.39,7.5,2,2026-05-18 to 2026-09-02 (75 days),-1.0,60.6,0.3152,386.9,276.98,BULLISH,MEDIUM,Price at statistical extreme; Last surprise: +8.7%; Earnings conf adj: +1,5.95,-1.0,1.0,64,2026-11-06,8.71,1
2026-09-03T14:55:11,2026-09-03,ORI,HOLD,0,VWAP Trend,HIGH,4,47.46,42.09,1.87,0.0,1.63,0.0,0.0,2026-09-06,1.76,3.41,75.0,3.09,20.82,-1.09,-2.29,3.8,8,2026-05-18 to 2026-09-02 (75 days),-1.0,49.0,0.1063,42.13,40.79,BULLISH,LOW,No special conditions,10.0,-1.0,1.0,49,2026-10-22,,0
2026-09-03T14:52:57,2026-09-03,CMG,HOLD,0,Stochastic Oscillator,HIGH,4,47.35,38.52,4.67,0.0,7.0,0.0,0.0,2026-09-25,4.23,7.48,100.0,348.87,189.9,133.04,-6.69,22.5,2,2026-05-18 to 2026-09-02 (75 days),-1.0,64.8,0.3428,34.66,34.79,BEARISH,MEDIUM,Strong trend (ADX=39); Last surprise: +3.1%,5.47,-1.0,1.0,55,2026-10-28,3.13,0
2026-09-03T14:52:52,2026-09-03,CAH,HOLD,0,ADX Trend Following,HIGH,5,47.33,245.49,3.04,0.0,9.9,0.0,0.0,2026-10-02,3.35,5.71,100.0,216.83,101.29,-1.95,-8.0,29.3,3,2026-05-18 to 2026-09-02 (75 days),-1.0,64.7,0.2322,233.61,214.66,BULLISH,MEDIUM,Price at statistical extreme; Strong trend (ADX=35); Last surprise: +7.4%; Earnings conf adj: +1,8.08,-1.0,1.0,63,2026-11-05,7.44,1
2026-09-03T14:53:34,2026-09-03,ISRG,HOLD,0,ADX Trend Following,HIGH,4,47.28,371.88,4.52,0.0,5.74,0.0,0.0,2026-09-08,1.56,2.27,50.0,2.69,42.24,85.81,-8.16,5.4,8,2026-05-18 to 2026-09-02 (75 days),-1.0,45.9,0.314,382.31,465.61,BEARISH,MEDIUM,Last surprise: +12.0%; Earnings conf adj: +1,5.97,-1.0,1.0,47,2026-10-20,12.0,1
2026-09-03T14:52:52,2026-09-03,CASY,HOLD,0,Stochastic Oscillator,HIGH,5,47.19,753.59,5.17,0.0,7.75,0.0,0.0,2026-09-14,1.4,4.25,100.0,166.9,67.64,102.64,-6.37,11.0,3,2026-05-18 to 2026-09-02 (75 days),-1.0,34.3,0.3532,827.83,724.05,BULLISH,MEDIUM,Strong trend (ADX=33); Earnings in 5d (2026-09-08); Last surprise: +32.0%; Earnings conf adj: +1,5.31,-1.0,1.0,5,2026-09-08,32.02,1
2026-09-03T14:54:29,2026-09-03,WAB,HOLD,0,VWAP Trend,HIGH,5,47.18,279.81,2.67,0.0,2.09,0.0,0.0,2026-09-05,1.2,2.14,62.5,2.21,13.61,-15.5,-4.08,2.0,8,2026-05-18 to 2026-09-02 (75 days),-1.0,38.5,0.1873,283.03,252.92,BULLISH,LOW,Price at statistical extreme; Last surprise: +5.7%; Earnings conf adj: +1,10.0,-1.0,1.0,48,2026-10-21,5.75,1
2026-09-03T14:54:33,2026-09-03,WYNN,BUY,1,Stochastic Oscillator,HIGH,5,47.07,91.52,4.23,87.65,6.35,97.33,8.68,2026-09-19,2.08,4.16,100.0,119.81,45.13,57.93,-6.77,16.0,3,2026-05-18 to 2026-09-02 (75 days),0.313,33.1,0.2543,98.22,106.88,BEARISH,MEDIUM,Strong trend (ADX=42); Last surprise: +26.5%; Earnings conf adj: +1; Size: Kelly 10.0% / VolTgt 7.4% / Blend 8.7%,7.37,-1.0,1.0,63,2026-11-05,26.53,1
2026-09-03T14:56:01,2026-09-03,CDP,HOLD,0,VWAP Trend,HIGH,4,47.02,35.46,2.5,0.0,1.49,0.0,0.0,2026-09-04,4.13,21.1,83.3,22.87,58.51,9.2,-1.28,1.7,12,2026-05-18 to 2026-09-02 (75 days),-1.0,32.3,0.1448,36.98,32.2,BULLISH,LOW,High volume; Price at statistical extreme; Strong trend (ADX=36),10.0,-1.0,1.0,56,2026-10-29,,0
2026-09-03T14:54:45,2026-09-03,LSCC,HOLD,0,VWAP Trend,HIGH,4,46.22,113.88,9.37,0.0,4.02,0.0,0.0,2026-09-04,0.79,1.38,62.5,1.59,18.73,42.12,-10.8,1.4,8,2026-05-18 to 2026-09-02 (75 days),-1.0,40.6,0.4318,128.67,107.49,BULLISH,HIGH,Last surprise: +17.8%; Earnings conf adj: +1,4.34,-1.0,1.0,60,2026-11-02,17.78,1
2026-09-03T14:55:35,2026-09-03,ENS,HOLD,0,VWAP Trend,HIGH,4,46.16,180.08,5.5,0.0,4.87,0.0,0.0,2026-09-05,1.82,4.21,60.0,3.4,67.02,119.57,-9.19,2.9,10,2026-05-18 to 2026-09-02 (75 days),-1.0,37.5,0.3634,197.22,185.48,BULLISH,MEDIUM,High volume,5.16,-1.0,1.0,62,2026-11-04,,0
2026-09-03T14:52:35,2026-09-03,ACGL,HOLD,0,Stochastic Oscillator,HIGH,4,46.11,98.21,2.08,0.0,3.12,0.0,0.0,2026-09-22,2.71,5.47,100.0,96.25,32.99,24.43,-1.73,19.0,2,2026-05-18 to 2026-09-02 (75 days),-1.0,45.4,0.1361,99.89,96.03,BULLISH,LOW,High volume; Last surprise: +4.1%,10.0,-1.0,1.0,53,2026-10-26,4.07,0
2026-09-03T14:54:30,2026-09-03,WFC,HOLD,0,VWAP Trend,HIGH,5,46.03,89.27,2.92,0.0,3.64,0.0,0.0,2026-09-08,2.24,4.73,66.7,8.36,32.29,-57.62,-3.35,5.0,6,2026-05-18 to 2026-09-02 (75 days),-1.0,62.3,0.2065,86.14,84.09,BULLISH,MEDIUM,High volume; Last surprise: +16.3%; Earnings conf adj: +1,9.08,-1.0,1.0,40,2026-10-13,16.28,1
2026-09-03T14:53:47,2026-09-03,MDLZ,BUY,1,PEAD Earnings Drift,MEDIUM,3,45.94,62.45,2.83,60.68,5.66,65.98,9.65,2026-10-24,0.49,0.75,100.0,28.21,9.21,1.65,-9.12,51.5,2,2026-05-18 to 2026-09-02 (75 days),0.774,50.0,0.2016,61.49,58.38,BULLISH,MEDIUM,Last surprise: +7.4%; Earnings conf adj: +1; Size: Kelly 10.0% / VolTgt 9.3% / Blend 9.7%,9.3,-1.0,1.0,54,2026-10-27,7.35,1
2026-09-03T14:53:11,2026-09-03,ECL,HOLD,0,Stochastic Oscillator,HIGH,4,45.86,279.9,2.32,0.0,3.48,0.0,0.0,2026-10-01,3.7,7.37,100.0,218.62,96.73,46.84,-4.61,28.5,2,2026-05-18 to 2026-09-02 (75 days),-1.0,48.0,0.1799,278.79,271.73,BULLISH,LOW,Last surprise: +0.5%,10.0,-1.0,1.0,54,2026-10-27,0.48,0
2026-09-03T14:55:02,2026-09-03,EHC,HOLD,0,VWAP Trend,HIGH,4,45.86,121.18,3.73,0.0,11.19,0.0,0.0,2026-09-14,2.5,7.85,60.0,9.04,97.54,39.3,-4.77,11.2,5,2026-05-18 to 2026-09-02 (75 days),-1.0,57.1,0.4654,114.39,106.86,BULLISH,HIGH,Last surprise: +4.7%,4.03,-1.0,1.0,55,2026-10-28,4.73,0
2026-09-03T14:53:31,2026-09-03,IBM,HOLD,0,Stochastic Oscillator,HIGH,4,45.75,231.7,3.6,0.0,5.4,0.0,0.0,2026-09-17,3.04,7.96,100.0,188.39,77.11,59.94,-3.63,14.5,2,2026-05-18 to 2026-09-02 (75 days),-1.0,47.3,0.2572,241.26,259.6,BEARISH,MEDIUM,Last surprise: +0.0%,7.29,-1.0,1.0,48,2026-10-21,0.0,0
2026-09-03T14:56:02,2026-09-03,AVNT,HOLD,0,MACD Crossover,HIGH,4,45.58,43.59,5.98,0.0,17.87,0.0,0.0,2026-09-18,1.52,2.9,75.0,4.52,65.68,-84.5,-8.13,15.5,4,2026-05-18 to 2026-09-02 (75 days),-1.0,54.4,0.5765,39.98,36.14,BULLISH,HIGH,No special conditions,3.25,-1.0,1.0,67,2026-11-09,,0
2026-09-03T14:52:47,2026-09-03,BAX,HOLD,0,VWAP Trend,HIGH,5,45.54,25.7,4.03,0.0,5.71,0.0,0.0,2026-09-12,2.97,5.86,80.0,5.94,147.04,-104.02,-7.14,9.6,5,2026-05-18 to 2026-09-02 (75 days),-1.0,49.7,0.234,24.53,20.25,BULLISH,MEDIUM,Last surprise: +51.4%; Earnings conf adj: +1,8.01,-1.0,1.0,56,2026-10-29,51.35,1
2026-09-03T14:53:53,2026-09-03,NFLX,HOLD,0,ADX Trend Following,MEDIUM,3,45.52,82.73,3.91,0.0,5.87,0.0,0.0,2026-09-17,0.87,1.46,66.7,1.6,13.64,37.57,-8.8,14.0,3,2026-05-18 to 2026-09-02 (75 days),-1.0,63.9,0.3353,75.08,87.19,BEARISH,MEDIUM,Last surprise: +1.3%,5.59,-1.0,1.0,47,2026-10-20,1.27,0
2026-09-03T14:56:05,2026-09-03,EXPO,HOLD,0,VWAP Trend,HIGH,4,45.52,70.03,3.8,0.0,5.04,0.0,0.0,2026-09-12,2.15,3.78,66.7,3.69,67.75,-33.23,-7.16,9.3,9,2026-05-18 to 2026-09-02 (75 days),-1.0,59.0,0.2098,65.07,66.61,BEARISH,MEDIUM,No special conditions,8.94,-1.0,1.0,56,2026-10-29,,0
2026-09-03T14:53:18,2026-09-03,FDS,HOLD,0,VWAP Trend,HIGH,4,45.41,306.07,5.27,0.0,6.77,0.0,0.0,2026-09-08,2.0,3.66,72.7,2.31,133.64,-62.93,-23.51,5.7,11,2026-05-18 to 2026-09-02 (75 days),-1.0,62.4,0.3603,268.04,247.17,BULLISH,MEDIUM,Strong trend (ADX=40); Last surprise: +1.8%,5.2,-1.0,1.0,27,2026-09-30,1.8,0
2026-09-03T14:55:25,2026-09-03,APPF,HOLD,0,VWAP Trend,HIGH,4,45.39,224.27,7.05,0.0,10.04,0.0,0.0,2026-09-12,1.47,2.23,62.5,1.89,69.14,-161.12,-16.98,9.8,8,2026-05-18 to 2026-09-02 (75 days),-1.0,62.9,0.4073,189.37,187.96,BULLISH,HIGH,Strong trend (ADX=49),4.6,-1.0,1.0,56,2026-10-29,,0
2026-09-03T14:53:58,2026-09-03,OMC,BUY,1,VWAP Trend,HIGH,4,45.36,81.76,3.99,78.5,8.54,88.74,8.12,2026-09-16,1.53,2.41,100.0,113.3,43.08,-8.45,-8.72,13.0,4,2026-05-18 to 2026-09-02 (75 days),0.103,40.5,0.3006,82.3,76.97,BULLISH,MEDIUM,High volume; Price at statistical extreme; Strong trend (ADX=31); Last surprise: -0.4%; Size: Kelly 10.0% / VolTgt 6.2% / Blend 8.1%,6.24,-1.0,1.0,47,2026-10-20,-0.38,0
2026-09-03T14:53:10,2026-09-03,DXCM,HOLD,0,VWAP Trend,HIGH,5,45.32,89.69,3.95,0.0,4.16,0.0,0.0,2026-09-08,2.52,6.29,71.4,11.54,113.41,-84.53,-5.52,5.0,7,2026-05-18 to 2026-09-02 (75 days),-1.0,59.2,0.2363,80.44,70.59,BULLISH,MEDIUM,Last surprise: +14.8%; Earnings conf adj: +1,7.94,-1.0,1.0,56,2026-10-29,14.75,1
2026-09-03T14:56:04,2026-09-03,SYNA,HOLD,-1,VWAP Trend,LOW,1,45.3,95.99,7.54,103.23,5.48,90.73,0.0,2026-09-05,0.21,0.28,55.6,1.16,1.94,54.05,-13.61,2.8,9,2026-05-18 to 2026-09-02 (75 days),-1.0,39.5,0.4157,110.95,95.86,BULLISH,HIGH,Strong trend (ADX=36),4.51,-1.0,1.0,63,2026-11-05,,0
2026-09-03T14:54:53,2026-09-03,CSL,BUY,1,Stochastic Oscillator,HIGH,5,45.27,341.93,4.9,325.18,7.35,367.06,8.18,2026-10-05,2.6,4.71,100.0,291.59,148.01,137.91,-8.55,32.0,2,2026-05-18 to 2026-09-02 (75 days),0.155,41.3,0.2945,357.13,348.78,BULLISH,MEDIUM,Last surprise: +10.7%; Earnings conf adj: +1; Size: Kelly 10.0% / VolTgt 6.4% / Blend 8.2%,6.37,-1.0,1.0,55,2026-10-28,10.71,1
2026-09-03T14:53:47,2026-09-03,MKC,HOLD,0,MACD Crossover,HIGH,5,45.14,53.8,3.95,0.0,5.93,0.0,0.0,2026-09-29,1.84,3.08,100.0,145.51,59.76,-7.22,-7.97,26.0,3,2026-05-18 to 2026-09-02 (75 days),-1.0,50.1,0.2529,52.62,56.47,BEARISH,MEDIUM,Last surprise: +14.3%; Earnings conf adj: +1,7.41,-1.0,1.0,28,2026-10-01,14.29,1
2026-09-03T14:52:36,2026-09-03,ADM,HOLD,0,Stochastic Oscillator,HIGH,5,45.03,85.38,4.83,0.0,7.25,0.0,0.0,2026-09-25,2.89,6.28,100.0,165.78,65.34,39.85,-4.6,22.5,2,2026-05-18 to 2026-09-02 (75 days),-1.0,63.9,0.3063,80.23,71.01,BULLISH,MEDIUM,Price at statistical extreme; Last surprise: +27.8%; Earnings conf adj: +1,6.12,-1.0,1.0,61,2026-11-03,27.78,1
2026-09-03T14:54:24,2026-09-03,UNP,HOLD,0,Stochastic Oscillator,HIGH,5,44.97,289.73,2.67,0.0,4.0,0.0,0.0,2026-10-02,2.73,4.65,100.0,134.25,51.41,28.1,-5.8,29.0,2,2026-05-18 to 2026-09-02 (75 days),-1.0,40.9,0.1934,291.29,257.06,BULLISH,LOW,Strong trend (ADX=36); Last surprise: +5.2%; Earnings conf adj: +1,9.7,-1.0,1.0,49,2026-10-22,5.25,1
2026-09-03T14:53:55,2026-09-03,NUE,HOLD,0,Stochastic Oscillator,HIGH,5,44.9,263.97,5.71,0.0,8.56,0.0,0.0,2026-09-20,4.13,13.24,100.0,267.59,121.38,51.49,-2.59,17.0,2,2026-05-18 to 2026-09-02 (75 days),-1.0,58.5,0.3504,247.83,204.17,BULLISH,MEDIUM,Last surprise: +6.8%; Earnings conf adj: +1,5.35,-1.0,1.0,53,2026-10-26,6.84,1
2026-09-03T14:54:29,2026-09-03,WBD,HOLD,0,Stochastic Oscillator,HIGH,5,44.78,28.39,1.5,0.0,2.25,0.0,0.0,2026-09-17,2.87,6.41,100.0,101.4,36.4,19.24,-3.55,14.5,2,2026-05-18 to 2026-09-02 (75 days),-1.0,59.8,0.1453,27.05,27.24,BEARISH,LOW,Strong trend (ADX=41); Last surprise: +154.5%; Earnings conf adj: +1,10.0,-1.0,1.0,63,2026-11-05,154.55,1
2026-09-03T14:54:41,2026-09-03,DINO,EXIT,-1,Stochastic Oscillator,HIGH,5,44.68,106.06,5.15,111.52,7.73,97.86,7.58,2026-09-13,4.35,12.38,100.0,268.38,126.62,-187.7,-3.5,10.7,3,2026-05-18 to 2026-09-02 (75 days),-1.0,74.0,0.3633,86.38,64.37,BULLISH,MEDIUM,RSI overbought; Strong trend (ADX=52); Last surprise: +18.3%; Earnings conf adj: +1; Size: Kelly 10.0% / VolTgt 5.2% / Blend 7.6%,5.16,-1.0,1.0,56,2026-10-29,18.26,1
2026-09-03T14:54:38,2026-09-03,USFD,HOLD,0,Stochastic Oscillator,HIGH,5,44.65,104.79,3.58,0.0,5.37,0.0,0.0,2026-09-25,4.17,12.42,100.0,256.5,118.18,-11.86,-3.23,22.5,2,2026-05-18 to 2026-09-02 (75 days),-1.0,47.5,0.2952,103.0,90.04,BULLISH,MEDIUM,Price at statistical extreme; Last surprise: +5.9%; Earnings conf adj: +1,6.35,-1.0,1.0,63,2026-11-05,5.88,1
2026-09-03T14:53:09,2026-09-03,DVA,HOLD,0,MACD Crossover,HIGH,4,44.61,179.39,3.44,0.0,9.06,0.0,0.0,2026-09-21,3.12,5.75,100.0,120.62,45.94,76.32,-2.64,18.0,2,2026-05-18 to 2026-09-02 (75 days),-1.0,37.3,0.2713,209.5,163.45,BULLISH,MEDIUM,Strong trend (ADX=35); Last surprise: +3.6%,6.91,-1.0,1.0,55,2026-10-28,3.61,0
2026-09-03T14:53:39,2026-09-03,KO,HOLD,0,Stochastic Oscillator,HIGH,4,44.55,88.24,1.93,0.0,2.9,0.0,0.0,2026-09-11,3.06,10.73,100.0,139.07,53.73,18.06,-2.79,8.5,2,2026-05-18 to 2026-09-02 (75 days),-1.0,51.4,0.1511,85.75,77.7,BULLISH,LOW,Last surprise: +4.3%,10.0,-1.0,1.0,47,2026-10-20,4.3,0
2026-09-03T14:53:17,2026-09-03,FANG,HOLD,0,Stochastic Oscillator,HIGH,5,44.5,203.42,4.12,0.0,6.18,0.0,0.0,2026-09-24,2.31,4.91,100.0,151.46,58.13,59.91,-8.49,21.0,2,2026-05-18 to 2026-09-02 (75 days),-1.0,54.6,0.2954,193.7,178.52,BULLISH,MEDIUM,Last surprise: +8.4%; Earnings conf adj: +1,6.35,-1.0,1.0,60,2026-11-02,8.36,1
2026-09-03T14:52:54,2026-09-03,CDNS,HOLD,0,ADX Trend Following,HIGH,4,44.36,306.67,7.15,0.0,12.35,0.0,0.0,2026-09-18,1.02,1.75,100.0,88.72,32.26,65.95,-13.37,15.3,3,2026-05-18 to 2026-09-02 (75 days),-1.0,36.2,0.401,344.5,327.27,BULLISH,HIGH,Strong trend (ADX=32); Last surprise: +2.4%,4.68,-1.0,1.0,53,2026-10-26,2.43,0
2026-09-03T14:54:40,2026-09-03,PR,HOLD,0,Momentum (Rate of Change),HIGH,5,44.34,23.82,4.25,0.0,12.3,0.0,0.0,2026-09-24,1.95,3.16,100.0,143.71,56.99,-3.18,-7.8,21.5,2,2026-05-18 to 2026-09-02 (75 days),-1.0,65.2,0.337,20.83,18.33,BULLISH,MEDIUM,Strong trend (ADX=33); Last surprise: +16.9%; Earnings conf adj: +1,5.56,-1.0,1.0,62,2026-11-04,16.95,1
2026-09-03T14:54:56,2026-09-03,TXRH,HOLD,0,VWAP Trend,HIGH,4,44.16,190.88,3.2,0.0,3.7,0.0,0.0,2026-09-08,2.95,7.63,75.0,25.73,37.88,5.29,-2.45,5.5,4,2026-05-18 to 2026-09-02 (75 days),-1.0,35.2,0.2001,197.95,178.03,BULLISH,MEDIUM,Price at statistical extreme; Strong trend (ADX=31); Last surprise: +1.1%,9.37,-1.0,1.0,63,2026-11-05,1.09,0
2026-09-03T14:53:01,2026-09-03,CRL,HOLD,0,MACD Crossover,HIGH,5,44.03,291.76,4.92,0.0,11.1,0.0,0.0,2026-09-25,2.8,5.0,100.0,204.82,93.58,-771.65,-4.37,22.7,3,2026-05-18 to 2026-09-02 (75 days),-1.0,64.1,0.2959,251.28,198.89,BULLISH,MEDIUM,Strong trend (ADX=40); Last surprise: +10.2%; Earnings conf adj: +1,6.34,-1.0,1.0,62,2026-11-04,10.22,1
2026-09-03T14:56:15,2026-09-03,USO,HOLD,0,Stochastic Oscillator,HIGH,4,44.0,141.15,5.4,0.0,8.1,0.0,0.0,2026-09-25,2.4,4.84,100.0,211.89,93.84,111.22,-10.65,22.0,2,2026-05-18 to 2026-09-02 (75 days),-1.0,65.6,0.4105,122.51,106.78,BULLISH,HIGH,No special conditions,4.57,-1.0,1.0,-1,,,0
2026-09-03T14:54:35,2026-09-03,FTI,HOLD,0,Stochastic Oscillator,HIGH,5,43.93,79.67,4.48,0.0,6.72,0.0,0.0,2026-09-18,2.83,4.88,100.0,161.32,65.23,32.81,-4.7,15.0,2,2026-05-18 to 2026-09-02 (75 days),-1.0,64.4,0.3092,72.74,63.95,BULLISH,MEDIUM,Last surprise: +13.7%; Earnings conf adj: +1,6.06,-1.0,1.0,49,2026-10-22,13.75,1
2026-09-03T14:56:09,2026-09-03,KD,HOLD,0,Stochastic Oscillator,HIGH,4,43.9,13.09,9.02,0.0,13.53,0.0,0.0,2026-09-21,1.56,2.66,100.0,145.14,57.81,11.67,-11.72,18.7,3,2026-05-18 to 2026-09-02 (75 days),-1.0,51.5,0.4579,12.64,16.28,BEARISH,HIGH,No special conditions,4.09,-1.0,1.0,61,2026-11-03,,0
2026-09-03T14:55:33,2026-09-03,WFRD,EXIT,-1,VWAP Trend,HIGH,4,43.86,97.71,7.5,105.04,6.11,91.74,7.16,2026-09-06,1.59,3.15,62.5,2.31,39.27,74.64,-9.27,3.2,8,2026-05-18 to 2026-09-02 (75 days),-1.0,62.1,0.4336,86.99,91.63,BEARISH,HIGH,Size: Kelly 10.0% / VolTgt 4.3% / Blend 7.2%,4.32,-1.0,1.0,47,2026-10-20,,0
2026-09-03T14:54:18,2026-09-03,TER,HOLD,0,VWAP Trend,HIGH,5,43.75,341.62,12.0,0.0,7.31,0.0,0.0,2026-09-05,2.65,6.98,57.1,4.25,170.87,147.16,-8.71,2.3,7,2026-05-18 to 2026-09-02 (75 days),-1.0,41.4,0.6124,376.0,314.4,BULLISH,HIGH,Last surprise: +20.5%; Earnings conf adj: +1,3.06,-1.0,1.0,48,2026-10-21,20.49,1
2026-09-03T14:55:12,2026-09-03,AYI,HOLD,0,VWAP Trend,HIGH,4,43.55,330.59,3.74,0.0,3.17,0.0,0.0,2026-09-06,2.12,3.01,85.7,7.01,49.31,-21.71,-7.43,3.1,7,2026-05-18 to 2026-09-02 (75 days),-1.0,42.3,0.229,342.79,319.08,BULLISH,MEDIUM,Strong trend (ADX=43),8.19,-1.0,1.0,28,2026-10-01,,0
2026-09-03T14:55:11,2026-09-03,FLS,HOLD,0,Stochastic Oscillator,HIGH,4,43.47,77.74,4.27,0.0,6.4,0.0,0.0,2026-09-28,3.07,5.86,100.0,287.55,140.93,63.9,-10.67,25.5,2,2026-05-18 to 2026-09-02 (75 days),-1.0,48.4,0.2477,75.16,75.6,BEARISH,MEDIUM,Strong trend (ADX=31),7.57,-1.0,1.0,54,2026-10-27,,0
2026-09-03T14:55:10,2026-09-03,RGEN,HOLD,0,ADX Trend Following,HIGH,4,43.42,172.94,6.54,0.0,14.59,0.0,0.0,2026-09-26,3.09,5.4,100.0,399.2,252.52,-208.89,-13.54,23.0,4,2026-05-18 to 2026-09-02 (75 days),-1.0,56.3,0.3865,154.56,141.8,BULLISH,MEDIUM,Strong trend (ADX=56),4.85,-1.0,1.0,61,2026-11-03,,0
2026-09-03T14:55:01,2026-09-03,WTS,BUY,1,VWAP Trend,HIGH,5,43.41,351.84,3.47,339.63,3.68,364.79,8.3,2026-09-05,2.35,7.56,83.3,18.58,57.26,-13.26,-2.65,2.7,6,2026-05-18 to 2026-09-02 (75 days),0.651,39.1,0.2844,361.81,314.03,BULLISH,MEDIUM,Price at statistical extreme; Strong trend (ADX=38); Last surprise: +9.6%; Earnings conf adj: +1; Size: Kelly 10.0% / VolTgt 6.6% / Blend 8.3%,6.59,-1.0,1.0,55,2026-10-28,9.58,1
2026-09-03T14:53:54,2026-09-03,NSC,HOLD,0,Stochastic Oscillator,HIGH,5,43.4,330.06,2.51,0.0,3.76,0.0,0.0,2026-09-24,2.04,3.34,100.0,86.69,28.55,16.02,-4.41,21.5,2,2026-05-18 to 2026-09-02 (75 days),-1.0,39.7,0.1984,333.53,306.28,BULLISH,LOW,Strong trend (ADX=34); Last surprise: +6.0%; Earnings conf adj: +1,9.45,-1.0,1.0,49,2026-10-22,6.02,1
2026-09-03T14:54:12,2026-09-03,SOLV,HOLD,0,Composite Multi-Indicator,HIGH,5,43.35,91.9,3.54,0.0,8.72,0.0,0.0,2026-09-19,4.27,12.06,100.0,190.83,84.62,-5.24,-2.0,16.5,2,2026-05-18 to 2026-09-02 (75 days),-1.0,66.8,0.2726,83.4,77.23,BULLISH,MEDIUM,Strong trend (ADX=32); Last surprise: +33.5%; Earnings conf adj: +1,6.88,-1.0,1.0,63,2026-11-05,33.51,1
2026-09-03T14:53:48,2026-09-03,MPC,HOLD,0,VWAP Trend,MEDIUM,2,43.34,387.0,3.72,0.0,3.56,0.0,0.0,2026-09-04,0.36,0.62,60.0,1.35,3.34,-295.31,-5.02,1.7,10,2026-05-18 to 2026-09-02 (75 days),-1.0,77.6,0.3464,315.8,238.37,BULLISH,MEDIUM,RSI overbought; Strong trend (ADX=46); Last surprise: +27.1%; Earnings conf adj: +1,5.41,-1.0,1.0,61,2026-11-03,27.1,1
2026-09-03T14:52:39,2026-09-03,ALGN,HOLD,0,ADX Trend Following,HIGH,4,43.32,159.15,5.42,0.0,7.55,0.0,0.0,2026-09-09,1.54,2.61,100.0,78.35,28.46,27.66,-4.27,6.5,2,2026-05-18 to 2026-09-02 (75 days),-1.0,42.1,0.3763,171.95,170.3,BULLISH,MEDIUM,Strong trend (ADX=38); Last surprise: +1.5%,4.98,-1.0,1.0,55,2026-10-28,1.54,0
2026-09-03T14:53:26,2026-09-03,HAS,HOLD,0,ADX Trend Following,HIGH,5,43.24,93.5,3.11,0.0,5.59,0.0,0.0,2026-09-13,2.18,6.33,66.7,320.18,61.1,56.47,-5.38,10.3,3,2026-05-18 to 2026-09-02 (75 days),-1.0,53.1,0.2211,88.36,88.13,BULLISH,MEDIUM,Last surprise: +13.3%; Earnings conf adj: +1,8.48,-1.0,1.0,49,2026-10-22,13.27,1
2026-09-03T14:54:41,2026-09-03,OVV,HOLD,0,ADX Trend Following,MEDIUM,3,43.23,66.91,3.62,0.0,7.24,0.0,0.0,2026-09-17,1.68,2.75,100.0,123.09,47.28,-0.02,-8.19,14.7,3,2026-05-18 to 2026-09-02 (75 days),-1.0,64.4,0.3193,60.05,52.13,BULLISH,MEDIUM,Last surprise: -10.3%; Earnings conf adj: -1,5.87,-1.0,1.0,62,2026-11-04,-10.31,-1
2026-09-03T14:55:16,2026-09-03,MUSA,HOLD,0,Stochastic Oscillator,HIGH,4,43.16,520.47,6.66,0.0,9.99,0.0,0.0,2026-09-22,1.99,3.55,100.0,206.73,90.68,114.93,-14.04,19.0,3,2026-05-18 to 2026-09-02 (75 days),-1.0,39.9,0.5196,570.67,490.17,BULLISH,HIGH,No special conditions,3.61,-1.0,1.0,62,2026-11-04,,0
2026-09-03T14:54:02,2026-09-03,PLD,HOLD,0,Stochastic Oscillator,HIGH,5,43.08,136.59,1.57,0.0,2.35,0.0,0.0,2026-09-22,1.99,4.44,100.0,75.21,25.8,36.67,-2.19,19.5,2,2026-05-18 to 2026-09-02 (75 days),-1.0,34.6,0.1322,142.19,135.94,BULLISH,LOW,Price at statistical extreme; Last surprise: +48.0%; Earnings conf adj: +1,10.0,-1.0,1.0,41,2026-10-14,48.0,1
2026-09-03T14:52:34,2026-09-03,AAPL,HOLD,0,Stochastic Oscillator,HIGH,4,42.93,324.96,2.48,0.0,3.72,0.0,0.0,2026-09-21,3.2,8.39,100.0,156.13,57.95,23.0,-3.6,18.5,2,2026-05-18 to 2026-09-02 (75 days),-1.0,61.0,0.1884,313.38,282.89,BULLISH,LOW,Price at statistical extreme,9.95,-1.0,1.0,56,2026-10-29,,0
2026-09-03T14:53:01,2026-09-03,CRM,HOLD,0,VWAP Trend,HIGH,5,42.88,256.93,8.78,0.0,13.17,0.0,0.0,2026-09-17,1.72,4.28,66.7,2.56,125.84,-116.43,-23.1,14.5,6,2026-05-18 to 2026-09-02 (75 days),-1.0,80.1,0.8657,187.24,199.84,BEARISH,HIGH,RSI overbought; Strong trend (ADX=53); Last surprise: +80.4%; Earnings conf adj: +1,2.17,-1.0,1.0,90,2026-12-02,80.43,1
2026-09-03T14:53:31,2026-09-03,IBKR,HOLD,0,Stochastic Oscillator,HIGH,5,42.71,89.12,7.54,0.0,11.31,0.0,0.0,2026-09-15,2.29,5.1,100.0,140.65,55.02,41.92,-4.75,12.0,2,2026-05-18 to 2026-09-02 (75 days),-1.0,43.8,0.4599,91.91,78.47,BULLISH,HIGH,Last surprise: +7.8%; Earnings conf adj: +1,4.08,-1.0,1.0,47,2026-10-20,7.81,1
2026-09-03T14:54:28,2026-09-03,VZ,HOLD,0,VWAP Trend,HIGH,4,42.46,50.22,1.79,0.0,2.69,0.0,0.0,2026-09-08,1.68,2.92,75.0,2.45,34.33,-0.74,-5.07,5.0,8,2026-05-18 to 2026-09-02 (75 days),-1.0,66.0,0.1529,46.07,44.56,BULLISH,LOW,Strong trend (ADX=34); Last surprise: +2.4%,10.0,-1.0,1.0,47,2026-10-20,2.36,0
2026-09-03T14:53:48,2026-09-03,MOS,HOLD,0,Stochastic Oscillator,MEDIUM,3,42.41,25.78,8.32,0.0,12.48,0.0,0.0,2026-10-03,2.74,5.41,100.0,246.07,117.48,22.65,-9.93,30.5,2,2026-05-18 to 2026-09-02 (75 days),-1.0,68.1,0.4211,22.55,24.25,BEARISH,HIGH,Price at statistical extreme; Strong trend (ADX=41); Last surprise: -7.1%; Earnings conf adj: -1,4.45,-1.0,1.0,61,2026-11-03,-7.14,-1
2026-09-03T14:54:23,2026-09-03,UHS,HOLD,0,MACD Crossover,HIGH,4,42.33,167.49,4.01,0.0,6.01,0.0,0.0,2026-09-19,1.47,2.29,75.0,18.39,41.18,43.87,-10.56,16.2,4,2026-05-18 to 2026-09-02 (75 days),-1.0,47.3,0.2476,162.13,186.1,BEARISH,MEDIUM,Last surprise: -0.5%,7.57,-1.0,1.0,53,2026-10-26,-0.5,0
2026-09-03T14:54:09,2026-09-03,ROP,HOLD,0,VWAP Trend,HIGH,4,42.21,415.79,3.49,0.0,5.26,0.0,0.0,2026-09-13,2.77,5.06,57.1,7.63,106.37,-12.89,-7.55,10.4,7,2026-05-18 to 2026-09-02 (75 days),-1.0,61.1,0.207,380.6,375.06,BULLISH,MEDIUM,Strong trend (ADX=40); Last surprise: +1.7%,9.06,-1.0,1.0,49,2026-10-22,1.7,0
2026-09-03T14:52:59,2026-09-03,COHR,HOLD,0,VWAP Trend,HIGH,5,42.19,268.64,12.0,0.0,12.72,0.0,0.0,2026-09-05,1.86,3.25,66.7,2.37,158.72,222.79,-18.15,2.3,9,2026-05-18 to 2026-09-02 (75 days),-1.0,41.4,1.0652,312.19,275.1,BULLISH,HIGH,Last surprise: +7.4%; Earnings conf adj: +1,1.76,-1.0,1.0,62,2026-11-04,7.41,1
2026-09-03T14:53:45,2026-09-03,MAS,HOLD,0,ADX Trend Following,HIGH,5,42.18,70.94,3.54,0.0,10.06,0.0,0.0,2026-09-24,1.59,2.79,100.0,106.52,40.85,5.69,-8.48,21.5,2,2026-05-18 to 2026-09-02 (75 days),-1.0,40.3,0.2756,76.08,68.89,BULLISH,MEDIUM,Last surprise: +25.2%; Earnings conf adj: +1,6.8,-1.0,1.0,56,2026-10-29,25.19,1
2026-09-03T14:55:07,2026-09-03,UMBF,HOLD,0,VWAP Trend,HIGH,5,42.17,141.91,3.3,0.0,1.99,0.0,0.0,2026-09-04,3.2,8.15,85.7,91.18,32.29,-16.0,-2.01,1.4,7,2026-05-18 to 2026-09-02 (75 days),-1.0,44.2,0.2138,144.89,126.99,BULLISH,MEDIUM,Strong trend (ADX=40); Last surprise: +14.4%; Earnings conf adj: +1,8.77,-1.0,1.0,54,2026-10-27,14.42,1
2026-09-03T14:53:56,2026-09-03,NVDA,HOLD,0,Stochastic Oscillator,HIGH,5,42.1,224.41,6.39,0.0,9.58,0.0,0.0,2026-09-27,1.62,2.76,100.0,121.66,44.66,41.01,-9.38,24.5,2,2026-05-18 to 2026-09-02 (75 days),-1.0,56.7,0.4574,209.28,196.11,BULLISH,HIGH,Last surprise: +6.2%; Earnings conf adj: +1,4.1,-1.0,1.0,75,2026-11-17,6.22,1
2026-09-03T14:54:37,2026-09-03,NVT,HOLD,0,VWAP Trend,HIGH,5,41.9,148.17,9.74,0.0,4.83,0.0,0.0,2026-09-05,1.33,2.09,55.6,1.9,41.81,65.6,-12.74,2.0,9,2026-05-18 to 2026-09-02 (75 days),-1.0,41.4,0.4337,157.83,134.65,BULLISH,HIGH,Last surprise: +25.0%; Earnings conf adj: +1,4.32,-1.0,1.0,57,2026-10-30,25.0,1
2026-09-03T14:55:33,2026-09-03,MSA,HOLD,0,MACD Crossover,HIGH,4,41.9,188.53,2.13,0.0,4.78,0.0,0.0,2026-09-30,2.2,5.53,100.0,137.85,55.08,10.07,-4.11,27.0,2,2026-05-18 to 2026-09-02 (75 days),-1.0,55.3,0.1168,180.21,173.26,BULLISH,LOW,No special conditions,10.0,-1.0,1.0,54,2026-10-27,,0
2026-09-03T14:55:41,2026-09-03,HLNE,HOLD,0,ADX Trend Following,MEDIUM,3,41.85,103.16,7.09,0.0,10.34,0.0,0.0,2026-09-13,0.9,1.36,71.4,1.69,31.16,-53.84,-18.25,10.3,7,2026-05-18 to 2026-09-02 (75 days),-1.0,54.7,0.4091,92.02,105.8,BEARISH,HIGH,Strong trend (ADX=34),4.58,-1.0,1.0,61,2026-11-03,,0
2026-09-03T14:53:27,2026-09-03,HCA,HOLD,0,Stochastic Oscillator,HIGH,4,41.84,402.06,3.97,0.0,5.96,0.0,0.0,2026-10-07,1.78,3.14,100.0,136.39,54.58,69.74,-9.0,34.5,2,2026-05-18 to 2026-09-02 (75 days),-1.0,44.0,0.2665,402.09,451.61,BEARISH,MEDIUM,Last surprise: +1.2%,7.04,-1.0,1.0,50,2026-10-23,1.2,0
2026-09-03T14:55:26,2026-09-03,MORN,HOLD,0,ADX Trend Following,HIGH,4,41.81,209.8,4.63,0.0,14.0,0.0,0.0,2026-10-04,3.27,6.53,100.0,298.62,145.7,65.68,-4.72,31.0,2,2026-05-18 to 2026-09-02 (75 days),-1.0,56.1,0.3192,187.38,187.1,BULLISH,MEDIUM,Strong trend (ADX=36),5.87,-1.0,1.0,55,2026-10-28,,0
2026-09-03T14:55:31,2026-09-03,KEX,EXIT,-1,Stochastic Oscillator,HIGH,4,41.81,141.62,2.88,145.7,4.32,135.5,10.0,2026-10-03,1.4,2.33,100.0,81.59,28.25,39.46,-10.33,30.0,2,2026-05-18 to 2026-09-02 (75 days),-1.0,57.0,0.1723,138.74,131.96,BULLISH,LOW,Size: Kelly 10.0% / VolTgt 10.0% / Blend 10.0%,10.0,-1.0,1.0,56,2026-10-29,,0
2026-09-03T14:52:42,2026-09-03,AOS,BUY,1,Stochastic Oscillator,HIGH,5,41.7,59.26,3.98,56.9,5.97,62.8,8.3,2026-09-25,1.9,2.87,100.0,117.03,45.46,26.82,-6.56,22.5,2,2026-05-18 to 2026-09-02 (75 days),0.44,41.8,0.2846,61.14,64.58,BEARISH,MEDIUM,Strong trend (ADX=31); Last surprise: +12.0%; Earnings conf adj: +1; Size: Kelly 10.0% / VolTgt 6.6% / Blend 8.3%,6.59,-1.0,1.0,54,2026-10-27,11.96,1
2026-09-03T14:54:22,2026-09-03,TTWO,HOLD,0,Stochastic Oscillator,HIGH,5,41.59,216.14,8.04,0.0,12.06,0.0,0.0,2026-09-21,1.86,4.14,100.0,139.83,54.9,87.0,-6.12,18.5,2,2026-05-18 to 2026-09-02 (75 days),-1.0,31.7,0.4044,240.58,228.08,BULLISH,HIGH,Price at statistical extreme; Strong trend (ADX=34); Last surprise: +14.3%; Earnings conf adj: +1,4.64,-1.0,1.0,67,2026-11-09,14.29,1
2026-09-03T14:55:30,2026-09-03,NOV,HOLD,0,Stochastic Oscillator,HIGH,4,41.49,21.71,4.87,0.0,7.3,0.0,0.0,2026-09-22,2.08,4.09,100.0,125.88,46.72,34.45,-6.07,19.0,2,2026-05-18 to 2026-09-02 (75 days),-1.0,63.4,0.3338,19.8,18.74,BULLISH,MEDIUM,Strong trend (ADX=31),5.62,-1.0,1.0,53,2026-10-26,,0
2026-09-03T14:56:05,2026-09-03,ASH,HOLD,0,MACD Crossover,MEDIUM,3,41.42,74.22,3.46,0.0,7.05,0.0,0.0,2026-09-12,0.82,1.82,100.0,30.18,9.6,-152.38,-4.05,9.5,2,2026-05-18 to 2026-09-02 (75 days),-1.0,57.7,0.2906,69.77,60.22,BULLISH,MEDIUM,Strong trend (ADX=38),6.45,-1.0,1.0,61,2026-11-03,,0
2026-09-03T14:54:46,2026-09-03,DT,HOLD,0,Stochastic Oscillator,HIGH,5,41.37,50.87,7.41,0.0,10.26,0.0,0.0,2026-09-13,2.88,10.05,100.0,245.88,114.16,-15.5,-4.2,10.5,2,2026-05-18 to 2026-09-02 (75 days),-1.0,55.2,0.4021,46.62,41.46,BULLISH,HIGH,Last surprise: +9.1%; Earnings conf adj: +1,4.66,-1.0,1.0,62,2026-11-04,9.09,1
2026-09-03T14:54:50,2026-09-03,OHI,HOLD,0,Stochastic Oscillator,HIGH,5,41.36,46.99,2.36,0.0,3.54,0.0,0.0,2026-09-25,2.16,4.61,100.0,101.15,33.46,38.24,-2.9,22.0,2,2026-05-18 to 2026-09-02 (75 days),-1.0,48.8,0.2046,47.96,45.24,BULLISH,MEDIUM,Last surprise: +154.2%; Earnings conf adj: +1,9.17,-1.0,1.0,56,2026-10-29,154.17,1
2026-09-03T14:53:37,2026-09-03,KHC,HOLD,0,Stochastic Oscillator,HIGH,5,41.34,26.26,3.51,0.0,5.26,0.0,0.0,2026-09-21,2.59,5.22,100.0,154.23,62.14,3.55,-3.47,18.0,2,2026-05-18 to 2026-09-02 (75 days),-1.0,58.2,0.2921,25.35,23.57,BULLISH,MEDIUM,Price at statistical extreme; Last surprise: +5.7%; Earnings conf adj: +1,6.42,-1.0,1.0,55,2026-10-28,5.66,1
2026-09-03T14:54:22,2026-09-03,TYL,EXIT,-1,Stochastic Oscillator,HIGH,4,41.34,374.88,5.11,394.04,7.67,346.13,7.86,2026-09-13,3.0,8.37,100.0,211.96,94.21,24.21,-3.54,10.5,2,2026-05-18 to 2026-09-02 (75 days),-1.0,68.8,0.3281,321.74,358.51,BEARISH,MEDIUM,Strong trend (ADX=49); Last surprise: +0.3%; Size: Kelly 10.0% / VolTgt 5.7% / Blend 7.9%,5.71,-1.0,1.0,55,2026-10-28,0.33,0
2026-09-03T14:52:59,2026-09-03,COP,HOLD,0,VWAP Trend,HIGH,5,41.26,137.2,3.17,0.0,2.8,0.0,0.0,2026-09-04,2.59,8.74,66.7,4.22,31.67,-10.57,-2.54,1.8,9,2026-05-18 to 2026-09-02 (75 days),-1.0,71.2,0.2648,118.48,110.89,BULLISH,MEDIUM,RSI overbought; Strong trend (ADX=36); Last surprise: +10.2%; Earnings conf adj: +1,7.08,-1.0,1.0,63,2026-11-05,10.2,1
2026-09-03T14:54:28,2026-09-03,VTRS,HOLD,0,Stochastic Oscillator,HIGH,5,41.25,17.09,3.5,0.0,5.25,0.0,0.0,2026-09-29,1.93,3.07,100.0,112.65,41.28,22.75,-6.74,26.5,2,2026-05-18 to 2026-09-02 (75 days),-1.0,59.0,0.3494,16.63,14.45,BULLISH,MEDIUM,Price at statistical extreme; Last surprise: +15.0%; Earnings conf adj: +1,5.37,-1.0,1.0,63,2026-11-05,15.0,1
2026-09-03T14:55:08,2026-09-03,AM,HOLD,0,Stochastic Oscillator,MEDIUM,3,41.25,22.51,3.6,0.0,5.4,0.0,0.0,2026-10-01,2.19,3.96,100.0,109.31,40.68,33.39,-3.73,28.0,2,2026-05-18 to 2026-09-02 (75 days),-1.0,54.9,0.2332,22.2,20.56,BULLISH,MEDIUM,Last surprise: -18.2%; Earnings conf adj: -1,8.04,-1.0,1.0,55,2026-10-28,-18.18,-1
2026-09-03T14:55:43,2026-09-03,ST,BUY,1,VWAP Trend,HIGH,4,41.24,42.04,4.68,40.07,3.28,43.42,7.85,2026-09-04,1.71,4.05,62.5,4.05,37.24,72.18,-3.54,1.6,8,2026-05-18 to 2026-09-02 (75 days),0.829,41.0,0.3293,45.06,39.94,BULLISH,MEDIUM,Strong trend (ADX=41); Size: Kelly 10.0% / VolTgt 5.7% / Blend 7.8%,5.69,-1.0,1.0,54,2026-10-27,,0
2026-09-03T14:56:00,2026-09-03,KRC,HOLD,0,VWAP Trend,HIGH,4,41.2,36.47,3.08,0.0,2.48,0.0,0.0,2026-09-04,1.46,2.7,71.4,4.24,11.19,-20.21,-2.39,1.9,7,2026-05-18 to 2026-09-02 (75 days),-1.0,43.7,0.2289,37.97,34.78,BULLISH,MEDIUM,Strong trend (ADX=32),8.19,-1.0,1.0,53,2026-10-26,,0
2026-09-03T14:53:10,2026-09-03,EBAY,HOLD,0,ADX Trend Following,MEDIUM,2,41.13,106.7,4.09,0.0,7.52,0.0,0.0,2026-09-11,0.19,0.3,66.7,1.33,1.72,21.34,-5.83,8.0,3,2026-05-18 to 2026-09-02 (75 days),-1.0,51.0,0.3378,109.19,97.86,BULLISH,MEDIUM,Last surprise: +6.0%; Earnings conf adj: +1,5.55,-1.0,1.0,62,2026-11-04,5.96,1
2026-09-03T14:54:07,2026-09-03,RCL,BUY,1,VWAP Trend,HIGH,5,41.01,265.6,4.43,253.83,3.02,273.62,8.79,2026-09-05,3.74,18.88,62.5,11.0,66.1,45.34,-1.51,2.4,8,2026-05-18 to 2026-09-02 (75 days),0.349,25.8,0.2473,299.56,286.0,BULLISH,MEDIUM,RSI oversold; Strong trend (ADX=48); Last surprise: +5.8%; Earnings conf adj: +1; Size: Kelly 10.0% / VolTgt 7.6% / Blend 8.8%,7.58,-1.0,1.0,54,2026-10-27,5.78,1
2026-09-03T14:54:31,2026-09-03,WMB,EXIT,-1,Stochastic Oscillator,HIGH,4,40.83,75.16,4.56,78.59,6.84,70.02,8.06,2026-10-03,1.92,3.18,100.0,113.12,43.9,52.3,-6.26,30.0,2,2026-05-18 to 2026-09-02 (75 days),-1.0,57.3,0.3063,73.48,69.42,BULLISH,MEDIUM,Last surprise: +0.0%; Size: Kelly 10.0% / VolTgt 6.1% / Blend 8.1%,6.12,-1.0,1.0,60,2026-11-02,0.0,0
2026-09-03T14:55:04,2026-09-03,BJ,HOLD,0,Stochastic Oscillator,HIGH,5,40.78,92.75,4.7,0.0,7.05,0.0,0.0,2026-09-12,1.75,3.62,100.0,69.69,22.25,36.49,-3.15,9.0,2,2026-05-18 to 2026-09-02 (75 days),-1.0,48.8,0.3273,92.4,93.39,BEARISH,MEDIUM,Last surprise: +16.2%; Earnings conf adj: +1,5.73,-1.0,1.0,78,2026-11-20,16.24,1
2026-09-03T14:55:18,2026-09-03,CTRE,HOLD,0,Stochastic Oscillator,HIGH,4,40.73,39.57,2.69,0.0,4.04,0.0,0.0,2026-09-23,1.92,3.28,100.0,92.38,31.1,43.36,-4.28,20.5,2,2026-05-18 to 2026-09-02 (75 days),-1.0,46.4,0.2244,40.68,38.44,BULLISH,MEDIUM,No special conditions,8.36,-1.0,1.0,67,2026-11-09,,0
2026-09-03T14:54:43,2026-09-03,JLL,HOLD,0,MACD Crossover,HIGH,5,40.69,349.93,4.78,0.0,15.78,0.0,0.0,2026-10-12,2.23,4.48,100.0,177.88,77.1,-14.96,-5.47,39.5,2,2026-05-18 to 2026-09-02 (75 days),-1.0,41.1,0.3189,347.27,326.24,BULLISH,MEDIUM,Strong trend (ADX=42); Last surprise: +15.6%; Earnings conf adj: +1,5.88,-1.0,1.0,62,2026-11-04,15.6,1
2026-09-03T14:55:59,2026-09-03,BDC,EXIT,-1,VWAP Trend,HIGH,5,40.58,115.76,8.06,125.09,6.51,108.22,7.32,2026-09-07,3.17,9.16,80.0,171.59,70.34,27.28,-4.32,4.2,5,2026-05-18 to 2026-09-02 (75 days),-1.0,43.8,0.4032,116.84,119.39,BEARISH,HIGH,Strong trend (ADX=43); Last surprise: +15.8%; Earnings conf adj: +1; Size: Kelly 10.0% / VolTgt 4.7% / Blend 7.3%,4.65,-1.0,1.0,56,2026-10-29,15.84,1
2026-09-03T14:56:05,2026-09-03,OPCH,HOLD,0,EMA Crossover (9/21),HIGH,4,40.55,23.85,2.69,0.0,4.04,0.0,0.0,2026-09-24,1.37,2.2,100.0,100.16,38.18,-53.9,-6.14,21.3,3,2026-05-18 to 2026-09-02 (75 days),-1.0,56.4,0.1985,22.69,27.23,BEARISH,LOW,No special conditions,9.45,-1.0,1.0,56,2026-10-29,,0
2026-09-03T14:52:38,2026-09-03,AIG,HOLD,0,Stochastic Oscillator,HIGH,4,40.54,76.13,1.96,0.0,2.94,0.0,0.0,2026-09-28,2.34,4.79,100.0,106.96,40.48,47.78,-2.61,25.5,2,2026-05-18 to 2026-09-02 (75 days),-1.0,44.4,0.1391,77.84,76.78,BULLISH,LOW,High volume; Last surprise: +3.6%,10.0,-1.0,1.0,62,2026-11-04,3.63,0
2026-09-03T14:54:29,2026-09-03,WAT,HOLD,0,VWAP Trend,HIGH,4,40.5,412.2,4.49,0.0,2.97,0.0,0.0,2026-09-05,1.94,4.17,62.5,3.51,20.18,-88.35,-3.13,2.4,8,2026-05-18 to 2026-09-02 (75 days),-1.0,56.2,0.2437,390.17,360.45,BULLISH,MEDIUM,Last surprise: +1.3%,7.69,-1.0,1.0,57,2026-10-30,1.33,0
2026-09-03T14:53:23,2026-09-03,GIS,HOLD,0,Stochastic Oscillator,HIGH,5,40.49,40.58,4.06,0.0,6.09,0.0,0.0,2026-09-27,2.32,4.02,100.0,132.16,49.86,-54.85,-5.08,24.5,2,2026-05-18 to 2026-09-02 (75 days),-1.0,60.1,0.2995,37.52,38.96,BEARISH,MEDIUM,Strong trend (ADX=34); Last surprise: +18.7%; Earnings conf adj: +1,6.26,-1.0,1.0,20,2026-09-23,18.75,1
2026-09-03T14:54:57,2026-09-03,DOCU,HOLD,0,VWAP Trend,LOW,1,40.49,65.39,7.55,0.0,13.7,0.0,0.0,2026-09-11,3.0,5.52,70.0,6.18,304.15,137.37,-11.88,8.6,10,2026-05-18 to 2026-09-02 (75 days),-1.0,63.3,0.5935,54.74,53.63,BULLISH,HIGH,Strong trend (ADX=38); EARNINGS TODAY (2026-09-03); Last surprise: +10.1%; Earnings conf adj: -3,3.16,-1.0,1.0,0,2026-09-03,10.1,-3
2026-09-03T14:54:05,2026-09-03,PYPL,EXIT,-1,VWAP Trend,HIGH,5,40.47,54.67,7.49,58.76,10.38,49.0,6.76,2026-09-09,4.79,11.5,66.7,15.63,162.46,56.82,-2.45,6.1,9,2026-05-18 to 2026-09-02 (75 days),-1.0,41.5,0.5339,54.49,50.91,BULLISH,HIGH,Strong trend (ADX=57); Last surprise: +7.8%; Earnings conf adj: +1; Size: Kelly 10.0% / VolTgt 3.5% / Blend 6.8%,3.51,-1.0,1.0,54,2026-10-27,7.81,1
2026-09-03T14:53:04,2026-09-03,DD,HOLD,0,VWAP Trend,HIGH,4,40.45,132.93,3.42,0.0,3.25,0.0,0.0,2026-09-06,0.51,0.8,66.7,1.64,6.12,32.23,-6.35,3.7,6,2026-05-18 to 2026-09-02 (75 days),-1.0,38.5,0.2144,137.99,135.4,BULLISH,MEDIUM,Last surprise: +6.8%; Earnings conf adj: +1,8.74,-1.0,1.0,63,2026-11-05,6.82,1
2026-09-03T14:54:21,2026-09-03,TSLA,HOLD,0,VWAP Trend,LOW,0,40.43,357.01,7.46,0.0,7.01,0.0,0.0,2026-09-07,0.45,0.67,50.0,1.32,8.87,46.44,-13.55,4.4,8,2026-05-18 to 2026-09-02 (75 days),-1.0,53.5,0.4244,358.35,399.97,BEARISH,HIGH,Strong trend (ADX=40); Last surprise: -38.9%; Earnings conf adj: -1,4.42,-1.0,1.0,48,2026-10-21,-38.89,-1
2026-09-03T14:55:32,2026-09-03,AVT,HOLD,0,Stochastic Oscillator,HIGH,4,40.38,89.99,5.91,0.0,8.87,0.0,0.0,2026-09-15,2.21,4.6,100.0,115.48,42.96,11.35,-3.16,12.5,2,2026-05-18 to 2026-09-02 (75 days),-1.0,49.1,0.3832,89.23,71.01,BULLISH,MEDIUM,No special conditions,4.89,-1.0,1.0,55,2026-10-28,,0
2026-09-03T14:54:44,2026-09-03,CLH,HOLD,0,Stochastic Oscillator,HIGH,5,40.32,315.22,2.48,0.0,3.72,0.0,0.0,2026-09-20,1.76,3.86,100.0,79.32,26.52,10.43,-2.98,17.5,2,2026-05-18 to 2026-09-02 (75 days),-1.0,52.6,0.1892,308.93,281.55,BULLISH,LOW,Last surprise: +14.2%; Earnings conf adj: +1,9.91,-1.0,1.0,62,2026-11-04,14.18,1
2026-09-03T14:53:49,2026-09-03,MPWR,EXIT,-1,VWAP Trend,HIGH,5,40.21,1219.36,8.05,1317.52,5.37,1153.88,7.34,2026-09-05,2.05,3.76,72.7,6.41,108.56,157.34,-8.95,2.9,11,2026-05-18 to 2026-09-02 (75 days),-1.0,37.2,0.4007,1337.08,1244.82,BULLISH,HIGH,Last surprise: +10.5%; Earnings conf adj: +1; Size: Kelly 10.0% / VolTgt 4.7% / Blend 7.3%,4.68,-1.0,1.0,56,2026-10-29,10.54,1
2026-09-03T14:54:24,2026-09-03,UPS,HOLD,0,Stochastic Oscillator,HIGH,5,40.2,103.01,2.67,0.0,4.0,0.0,0.0,2026-09-23,2.58,4.49,100.0,127.42,46.01,9.59,-5.42,20.0,2,2026-05-18 to 2026-09-02 (75 days),-1.0,44.7,0.2131,106.65,101.78,BULLISH,MEDIUM,Last surprise: +6.0%; Earnings conf adj: +1,8.8,-1.0,1.0,54,2026-10-27,6.02,1
2026-09-03T14:54:49,2026-09-03,UNM,HOLD,0,EMA Crossover (9/21),MEDIUM,2,40.2,92.8,3.48,0.0,6.41,0.0,0.0,2026-09-16,0.48,0.65,100.0,16.7,4.75,-45.85,-6.84,13.0,2,2026-05-18 to 2026-09-02 (75 days),-1.0,58.0,0.2259,89.27,80.08,BULLISH,MEDIUM,Last surprise: +0.5%,8.3,-1.0,1.0,61,2026-11-03,0.47,0
2026-09-03T14:55:02,2026-09-03,AR,HOLD,0,ADX Trend Following,LOW,0,40.0,39.59,3.89,0.0,5.83,0.0,0.0,2026-09-09,0.34,0.56,60.0,1.48,5.09,-6.26,-9.71,6.2,5,2026-05-18 to 2026-09-02 (75 days),-1.0,67.9,0.3185,35.81,36.22,BEARISH,MEDIUM,Strong trend (ADX=35); Last surprise: -10.6%; Earnings conf adj: -1,5.89,-1.0,1.0,55,2026-10-28,-10.59,-1
2026-09-03T14:54:45,2026-09-03,RGA,HOLD,0,ADX Trend Following,HIGH,5,39.98,252.37,2.73,0.0,6.7,0.0,0.0,2026-09-19,1.83,3.33,100.0,84.09,30.54,-46.95,-3.99,16.3,3,2026-05-18 to 2026-09-02 (75 days),-1.0,68.1,0.2106,235.81,211.38,BULLISH,MEDIUM,Price at statistical extreme; Last surprise: +37.0%; Earnings conf adj: +1,8.9,-1.0,1.0,56,2026-10-29,36.98,1
2026-09-03T14:53:35,2026-09-03,JBHT,HOLD,0,VWAP Trend,MEDIUM,2,39.96,260.22,4.91,0.0,3.95,0.0,0.0,2026-09-05,-1.07,-1.27,62.5,0.66,-9.35,-8.31,-5.86,2.1,8,2026-05-18 to 2026-09-02 (75 days),-1.0,41.8,0.3457,276.11,235.62,BULLISH,MEDIUM,Strong trend (ADX=40); Last surprise: +9.8%; Earnings conf adj: +1,5.42,-1.0,1.0,42,2026-10-15,9.77,1
2026-09-03T14:53:48,2026-09-03,MNST,HOLD,0,SMA Crossover (10/50),HIGH,4,39.93,44.42,5.16,0.0,7.74,0.0,0.0,2026-09-04,1.84,1195.64,100.0,918.29,813.01,902.91,-0.2,1.0,1,2026-05-15 to 2026-09-02 (75 days),-1.0,40.8,4.2277,74.47,78.14,BEARISH,HIGH,Last surprise: +3.4%,0.44,-1.0,1.0,63,2026-11-05,3.45,0
2026-09-03T14:55:30,2026-09-03,CAVA,BUY,1,Stochastic Oscillator,HIGH,4,39.88,61.79,9.84,55.71,14.76,70.91,6.27,2026-10-03,1.76,3.25,100.0,239.88,107.91,166.22,-16.17,30.0,2,2026-05-18 to 2026-09-02 (75 days),0.206,38.5,0.7381,69.02,71.88,BEARISH,HIGH,Size: Kelly 10.0% / VolTgt 2.5% / Blend 6.3%,2.54,-1.0,1.0,68,2026-11-10,,0
2026-09-03T14:53:56,2026-09-03,NWS,HOLD,0,MACD Crossover,MEDIUM,2,39.8,34.41,3.31,0.0,7.02,0.0,0.0,2026-09-16,0.37,0.51,75.0,1.41,5.82,-49.61,-8.95,13.8,4,2026-05-18 to 2026-09-02 (75 days),-1.0,59.2,0.2401,32.02,29.76,BULLISH,MEDIUM,Strong trend (ADX=40); Last surprise: +52.2%; Earnings conf adj: +1,7.81,-1.0,1.0,63,2026-11-05,52.17,1
2026-09-03T14:53:24,2026-09-03,GL,HOLD,0,ADX Trend Following,HIGH,4,39.7,173.34,3.02,0.0,9.06,0.0,0.0,2026-10-11,3.02,4.18,100.0,190.63,79.49,39.58,-7.4,38.5,2,2026-05-18 to 2026-09-02 (75 days),-1.0,44.0,0.2073,178.48,153.14,BULLISH,MEDIUM,Last surprise: -1.9%,9.04,-1.0,1.0,48,2026-10-21,-1.9,0
2026-09-03T14:53:16,2026-09-03,EW,HOLD,0,MACD Crossover,HIGH,4,39.63,90.82,2.32,0.0,6.28,0.0,0.0,2026-09-23,0.91,1.43,100.0,44.8,15.05,-24.29,-6.2,20.3,3,2026-05-18 to 2026-09-02 (75 days),-1.0,54.1,0.177,89.63,84.9,BULLISH,LOW,Last surprise: +5.4%; Earnings conf adj: +1,10.0,-1.0,1.0,56,2026-10-29,5.41,1
2026-09-03T14:53:18,2026-09-03,FCX,HOLD,0,EMA Crossover (9/21),HIGH,5,39.61,73.93,8.01,0.0,17.32,0.0,0.0,2026-09-24,1.54,2.39,66.7,10.62,77.81,-21.75,-15.43,21.7,3,2026-05-18 to 2026-09-02 (75 days),-1.0,56.1,0.4722,65.98,60.4,BULLISH,HIGH,Strong trend (ADX=31); Last surprise: +19.4%; Earnings conf adj: +1,3.97,-1.0,1.0,49,2026-10-22,19.35,1
2026-09-03T14:54:10,2026-09-03,SCHW,HOLD,0,VWAP Trend,HIGH,4,39.6,108.24,2.46,0.0,3.47,0.0,0.0,2026-09-08,2.68,4.95,66.7,20.18,37.32,-35.85,-2.97,5.0,6,2026-05-18 to 2026-09-02 (75 days),-1.0,51.1,0.1973,104.08,96.7,BULLISH,LOW,Strong trend (ADX=36); Last surprise: +4.5%,9.5,-1.0,1.0,42,2026-10-15,4.52,0
2026-09-03T14:56:07,2026-09-03,MZTI,HOLD,0,Stochastic Oscillator,HIGH,4,39.59,111.37,4.63,0.0,6.95,0.0,0.0,2026-09-29,1.57,2.58,100.0,94.63,35.12,36.78,-8.08,26.0,2,2026-05-18 to 2026-09-02 (75 days),-1.0,46.4,0.2954,112.23,136.3,BEARISH,MEDIUM,No special conditions,6.35,-1.0,1.0,62,2026-11-04,,0
2026-09-03T14:55:06,2026-09-03,GMED,HOLD,0,VWAP Trend,HIGH,5,39.58,80.66,4.17,0.0,3.89,0.0,0.0,2026-09-05,1.36,2.22,71.4,2.19,26.44,18.78,-6.19,2.9,7,2026-05-18 to 2026-09-02 (75 days),-1.0,43.6,0.29,81.19,85.95,BEARISH,MEDIUM,Last surprise: +21.8%; Earnings conf adj: +1,6.47,-1.0,1.0,63,2026-11-05,21.82,1
2026-09-03T14:54:44,2026-09-03,WCC,HOLD,0,ADX Trend Following,HIGH,5,39.52,332.86,5.21,0.0,12.35,0.0,0.0,2026-09-19,1.41,2.75,100.0,115.49,43.68,57.17,-8.51,16.5,2,2026-05-18 to 2026-09-02 (75 days),-1.0,43.5,0.386,341.57,308.33,BULLISH,MEDIUM,Last surprise: +15.1%; Earnings conf adj: +1,4.86,-1.0,1.0,56,2026-10-29,15.11,1
2026-09-03T14:53:03,2026-09-03,CVS,HOLD,0,Stochastic Oscillator,HIGH,5,39.49,97.23,3.08,0.0,4.62,0.0,0.0,2026-09-16,1.88,3.32,100.0,81.27,27.48,20.79,-4.38,13.5,2,2026-05-18 to 2026-09-02 (75 days),-1.0,51.3,0.2786,100.79,85.42,BULLISH,MEDIUM,Strong trend (ADX=35); Last surprise: +39.5%; Earnings conf adj: +1,6.73,-1.0,1.0,55,2026-10-28,39.46,1
2026-09-03T14:54:38,2026-09-03,RGLD,HOLD,0,ADX Trend Following,HIGH,4,39.47,258.38,6.48,0.0,9.72,0.0,0.0,2026-09-23,3.36,7.07,66.7,22.97,162.26,103.75,-5.98,20.0,3,2026-05-18 to 2026-09-02 (75 days),-1.0,64.0,0.4238,217.97,235.08,BEARISH,HIGH,Strong trend (ADX=47); Last surprise: +0.8%,4.42,-1.0,1.0,62,2026-11-04,0.79,0
2026-09-03T14:54:09,2026-09-03,RTX,HOLD,0,VWAP Trend,HIGH,4,39.46,200.78,3.33,0.0,2.86,0.0,0.0,2026-09-06,0.87,1.55,80.0,15.44,7.31,-53.49,-2.51,3.0,5,2026-05-18 to 2026-09-02 (75 days),-1.0,34.1,0.2095,206.56,191.52,BULLISH,MEDIUM,Price at statistical extreme; Strong trend (ADX=38); Last surprise: +13.9%; Earnings conf adj: +1,8.95,-1.0,1.0,47,2026-10-20,13.86,1
2026-09-03T14:55:01,2026-09-03,AHR,HOLD,0,Stochastic Oscillator,HIGH,5,39.29,56.21,2.83,0.0,4.25,0.0,0.0,2026-09-21,2.49,4.31,100.0,120.31,41.71,-8.82,-3.75,18.0,2,2026-05-18 to 2026-09-02 (75 days),-1.0,54.3,0.3014,55.05,50.29,BULLISH,MEDIUM,Last surprise: +7.1%; Earnings conf adj: +1,6.22,-1.0,1.0,63,2026-11-05,7.14,1
2026-09-03T14:54:17,2026-09-03,TEL,HOLD,0,ADX Trend Following,HIGH,4,39.27,202.21,4.17,0.0,6.25,0.0,0.0,2026-09-13,1.7,2.81,60.0,7.87,42.33,36.66,-4.89,10.6,5,2026-05-18 to 2026-09-02 (75 days),-1.0,45.1,0.2932,204.54,214.91,BEARISH,MEDIUM,Last surprise: +3.5%,6.4,-1.0,1.0,55,2026-10-28,3.52,0
2026-09-03T14:54:37,2026-09-03,ROKU,HOLD,0,MACD Crossover,HIGH,4,39.26,157.7,1.56,0.0,5.34,0.0,0.0,2026-09-17,0.96,1.45,100.0,29.47,9.28,-116.54,-2.84,14.7,3,2026-05-18 to 2026-09-02 (75 days),-1.0,62.7,0.1769,147.56,117.41,BULLISH,LOW,Strong trend (ADX=43); Last surprise: +114.3%; Earnings conf adj: +1,10.0,-1.0,1.0,63,2026-11-05,114.29,1
2026-09-03T14:54:36,2026-09-03,CRS,HOLD,0,ADX Trend Following,HIGH,4,39.2,460.97,5.63,0.0,11.78,0.0,0.0,2026-09-22,3.7,7.87,66.7,693.54,206.39,149.8,-10.47,19.7,3,2026-05-18 to 2026-09-02 (75 days),-1.0,31.4,0.337,550.66,430.57,BULLISH,MEDIUM,Strong trend (ADX=62); Last surprise: +4.9%,5.56,-1.0,1.0,49,2026-10-22,4.87,0
2026-09-03T14:55:26,2026-09-03,GME,HOLD,0,Composite Multi-Indicator,HIGH,4,39.17,18.97,3.37,0.0,2.54,0.0,0.0,2026-09-05,2.25,55.18,100.0,31.1,10.61,49.39,-0.1,2.0,1,2026-05-18 to 2026-09-02 (75 days),-1.0,48.8,0.228,20.35,22.2,BEARISH,MEDIUM,Strong trend (ADX=39); Earnings in 5d (2026-09-08),8.22,-1.0,1.0,5,2026-09-08,,0
2026-09-03T14:53:02,2026-09-03,CTAS,HOLD,0,Stochastic Oscillator,HIGH,4,39.15,198.09,1.98,0.0,2.97,0.0,0.0,2026-09-14,1.89,4.01,100.0,80.6,25.99,-29.35,-3.15,11.0,2,2026-05-18 to 2026-09-02 (75 days),-1.0,44.4,0.156,195.69,185.8,BULLISH,LOW,Last surprise: +2.4%,10.0,-1.0,1.0,20,2026-09-23,2.44,0
2026-09-03T14:54:30,2026-09-03,WELL,HOLD,0,Stochastic Oscillator,MEDIUM,3,39.14,238.59,2.58,0.0,3.87,0.0,0.0,2026-09-27,2.91,4.65,100.0,171.59,67.08,17.09,-5.5,24.0,2,2026-05-18 to 2026-09-02 (75 days),-1.0,53.2,0.2036,235.86,209.11,BULLISH,MEDIUM,Last surprise: -16.9%; Earnings conf adj: -1,9.21,-1.0,1.0,53,2026-10-26,-16.92,-1
2026-09-03T14:55:21,2026-09-03,ACM,HOLD,0,Stochastic Oscillator,HIGH,4,39.13,66.46,6.79,0.0,10.19,0.0,0.0,2026-10-18,1.08,1.75,100.0,89.27,32.3,53.11,-7.6,45.0,2,2026-05-18 to 2026-09-02 (75 days),-1.0,48.2,0.5963,68.54,84.06,BEARISH,HIGH,No special conditions,3.14,-1.0,1.0,75,2026-11-17,,0
2026-09-03T14:55:17,2026-09-03,OGE,BUY,1,VWAP Trend,HIGH,4,38.97,46.46,1.99,45.54,1.46,47.14,10.0,2026-09-04,2.54,6.33,77.8,4.02,21.44,24.62,-1.44,1.4,9,2026-05-18 to 2026-09-02 (75 days),0.147,46.9,0.1564,47.72,45.93,BULLISH,LOW,High volume; Size: Kelly 10.0% / VolTgt 10.0% / Blend 10.0%,10.0,-1.0,1.0,55,2026-10-28,,0
2026-09-03T14:54:55,2026-09-03,AA,HOLD,0,VWAP Trend,LOW,0,38.9,51.05,8.73,0.0,6.09,0.0,0.0,2026-09-05,-1.34,-1.62,50.0,0.48,-26.87,22.57,-17.28,2.2,10,2026-05-18 to 2026-09-02 (75 days),-1.0,52.7,0.5217,48.76,57.34,BEARISH,HIGH,Last surprise: -3.2%,3.59,-1.0,1.0,42,2026-10-15,-3.2,0
2026-09-03T14:54:36,2026-09-03,SN,HOLD,0,MACD Crossover,HIGH,5,38.86,175.25,4.99,0.0,17.46,0.0,0.0,2026-10-05,3.94,10.59,100.0,424.14,259.13,-187.72,-4.66,32.5,2,2026-05-18 to 2026-09-02 (75 days),-1.0,47.6,0.3949,165.53,127.28,BULLISH,MEDIUM,Strong trend (ADX=43); Last surprise: +11.5%; Earnings conf adj: +1,4.75,-1.0,1.0,63,2026-11-05,11.5,1
2026-09-03T14:55:34,2026-09-03,CHE,HOLD,0,MACD Crossover,HIGH,4,38.81,523.99,4.09,0.0,9.24,0.0,0.0,2026-09-26,3.78,7.46,100.0,166.91,68.18,-12.5,-2.82,23.5,2,2026-05-18 to 2026-09-02 (75 days),-1.0,49.0,0.2421,512.89,445.8,BULLISH,MEDIUM,Strong trend (ADX=31),7.74,-1.0,1.0,54,2026-10-27,,0
2026-09-03T14:54:13,2026-09-03,STLD,HOLD,0,Stochastic Oscillator,HIGH,4,38.66,247.64,8.48,0.0,12.72,0.0,0.0,2026-09-21,1.29,2.06,100.0,87.01,28.22,-4.15,-10.74,18.5,2,2026-05-18 to 2026-09-02 (75 days),-1.0,54.1,0.4731,242.01,208.75,BULLISH,HIGH,Last surprise: +0.5%,3.96,-1.0,1.0,46,2026-10-19,0.54,0
2026-09-03T14:56:15,2026-09-03,UNG,HOLD,0,MACD Crossover,HIGH,4,38.63,10.75,3.66,0.0,5.49,0.0,0.0,2026-09-12,1.72,2.7,66.7,6.27,24.98,46.43,-3.9,9.0,3,2026-05-18 to 2026-09-02 (75 days),-1.0,62.9,0.2446,10.51,11.77,BEARISH,MEDIUM,Price at statistical extreme,7.67,-1.0,1.0,-1,,,0
2026-09-03T14:56:04,2026-09-03,POST,HOLD,0,Stochastic Oscillator,MEDIUM,3,38.57,84.32,5.99,0.0,8.98,0.0,0.0,2026-10-14,0.78,1.12,100.0,56.45,19.93,63.24,-12.2,41.5,2,2026-05-18 to 2026-09-02 (75 days),-1.0,51.4,0.5647,86.18,96.68,BEARISH,HIGH,No special conditions,3.32,-1.0,1.0,77,2026-11-19,,0
2026-09-03T14:53:03,2026-09-03,CVNA,HOLD,0,Stochastic Oscillator,HIGH,5,38.39,74.16,9.65,0.0,14.48,0.0,0.0,2026-10-09,1.41,2.05,100.0,193.46,81.76,33.18,-15.16,36.0,2,2026-05-18 to 2026-09-02 (75 days),-1.0,56.0,0.6179,68.49,72.93,BEARISH,HIGH,Last surprise: +10.5%; Earnings conf adj: +1,3.03,-1.0,1.0,55,2026-10-28,10.53,1
2026-09-03T14:55:51,2026-09-03,SBRA,HOLD,0,Stochastic Oscillator,HIGH,4,38.38,20.86,2.69,0.0,4.04,0.0,0.0,2026-09-25,1.69,3.12,100.0,81.45,26.72,22.67,-4.5,22.0,2,2026-05-18 to 2026-09-02 (75 days),-1.0,55.4,0.2438,20.31,19.31,BULLISH,MEDIUM,No special conditions,7.69,-1.0,1.0,62,2026-11-04,,0
2026-09-03T14:54:53,2026-09-03,EXEL,HOLD,0,MACD Crossover,HIGH,4,38.33,58.53,5.15,0.0,11.33,0.0,0.0,2026-09-13,2.09,4.95,75.0,23.41,41.84,-31.02,-4.0,10.0,4,2026-05-18 to 2026-09-02 (75 days),-1.0,63.6,0.4551,54.8,47.48,BULLISH,HIGH,Price at statistical extreme; Last surprise: +4.6%,4.12,-1.0,1.0,54,2026-10-27,4.6,0
2026-09-03T14:56:02,2026-09-03,FCN,HOLD,0,MACD Crossover,LOW,1,38.33,149.99,2.84,0.0,4.26,0.0,0.0,2026-09-18,-0.55,-0.74,75.0,0.63,-13.71,-5.69,-12.01,15.5,4,2026-05-18 to 2026-09-02 (75 days),-1.0,42.1,0.1843,155.09,164.83,BEARISH,LOW,No special conditions,7.0,-1.0,1.0,56,2026-10-29,,0
2026-09-03T14:55:22,2026-09-03,PBF,EXIT,-1,Stochastic Oscillator,HIGH,4,38.25,75.48,10.9,83.71,13.78,65.08,6.52,2026-09-11,4.17,16.13,100.0,357.35,191.57,-445.51,-3.02,8.0,2,2026-05-18 to 2026-09-02 (75 days),-1.0,61.4,0.6185,62.41,43.54,BULLISH,HIGH,Size: Kelly 10.0% / VolTgt 3.0% / Blend 6.5%,3.03,-1.0,1.0,56,2026-10-29,,0
2026-09-03T14:54:28,2026-09-03,VRTX,HOLD,0,Stochastic Oscillator,HIGH,4,38.23,556.75,3.5,0.0,5.25,0.0,0.0,2026-09-18,2.29,5.13,100.0,117.95,41.63,-87.25,-4.01,15.0,2,2026-05-18 to 2026-09-02 (75 days),-1.0,67.1,0.3257,505.79,464.98,BULLISH,MEDIUM,High volume; Strong trend (ADX=43); Last surprise: -0.4%,5.76,-1.0,1.0,60,2026-11-02,-0.42,0
2026-09-03T14:53:41,2026-09-03,LLY,HOLD,0,VWAP Trend,MEDIUM,2,38.2,1160.08,4.69,0.0,5.13,0.0,0.0,2026-09-06,0.36,0.64,66.7,1.35,4.44,-69.12,-8.81,3.7,6,2026-05-18 to 2026-09-02 (75 days),-1.0,43.5,0.339,1189.0,1059.02,BULLISH,MEDIUM,Last surprise: +27.4%; Earnings conf adj: +1,5.53,-1.0,1.0,56,2026-10-29,27.36,1
2026-09-03T14:52:47,2026-09-03,BALL,HOLD,0,Stochastic Oscillator,HIGH,4,38.14,63.3,2.14,0.0,3.21,0.0,0.0,2026-09-20,1.8,3.36,100.0,80.6,25.47,-31.8,-7.04,17.5,2,2026-05-18 to 2026-09-02 (75 days),-1.0,53.3,0.1486,62.65,58.55,BULLISH,LOW,Last surprise: +4.0%,10.0,-1.0,1.0,61,2026-11-03,4.04,0
2026-09-03T14:54:45,2026-09-03,ONTO,HOLD,0,MACD Crossover,HIGH,5,38.08,254.55,12.0,0.0,29.41,0.0,0.0,2026-09-19,1.19,1.86,100.0,183.85,81.35,81.32,-26.19,16.3,3,2026-05-18 to 2026-09-02 (75 days),-1.0,38.7,0.9252,296.89,239.71,BULLISH,HIGH,Last surprise: +14.2%; Earnings conf adj: +1,2.03,-1.0,1.0,63,2026-11-05,14.2,1
2026-09-03T14:52:40,2026-09-03,AMAT,HOLD,0,VWAP Trend,HIGH,4,38.06,438.46,9.34,0.0,6.56,0.0,0.0,2026-09-06,2.81,5.83,77.8,4.67,247.48,224.5,-9.6,3.6,9,2026-05-18 to 2026-09-02 (75 days),-1.0,33.5,0.4392,540.57,404.09,BULLISH,HIGH,Strong trend (ADX=37); Last surprise: +3.2%,4.27,-1.0,1.0,70,2026-11-12,3.24,0
2026-09-03T14:55:28,2026-09-03,CELH,HOLD,0,Stochastic Oscillator,HIGH,4,37.98,31.29,10.74,0.0,16.11,0.0,0.0,2026-10-01,2.11,3.29,100.0,350.34,193.9,169.26,-19.53,28.5,2,2026-05-18 to 2026-09-02 (75 days),-1.0,50.9,1.0482,30.09,37.84,BEARISH,HIGH,No special conditions,1.79,-1.0,1.0,67,2026-11-09,,0
2026-09-03T14:55:39,2026-09-03,MTG,HOLD,0,VWAP Trend,HIGH,4,37.94,31.04,1.55,0.0,1.63,0.0,0.0,2026-09-06,2.12,4.32,71.4,5.08,18.0,-59.31,-1.39,3.4,7,2026-05-18 to 2026-09-02 (75 days),-1.0,60.3,0.1125,29.63,27.48,BULLISH,LOW,No special conditions,10.0,-1.0,1.0,55,2026-10-28,,0
2026-09-03T14:54:04,2026-09-03,PSA,HOLD,0,ADX Trend Following,HIGH,4,37.83,301.33,2.23,0.0,3.12,0.0,0.0,2026-09-10,1.77,2.96,66.7,12.54,15.39,5.91,-3.21,7.0,3,2026-05-18 to 2026-09-02 (75 days),-1.0,30.2,0.1495,321.05,294.1,BULLISH,LOW,Price at statistical extreme; Strong trend (ADX=39); Last surprise: -3.2%,10.0,-1.0,1.0,55,2026-10-28,-3.16,0
2026-09-03T14:55:23,2026-09-03,WAL,HOLD,0,Stochastic Oscillator,HIGH,4,37.78,79.12,2.65,0.0,3.97,0.0,0.0,2026-09-17,1.67,3.04,100.0,70.53,25.04,11.38,-3.05,14.5,2,2026-05-18 to 2026-09-02 (75 days),-1.0,46.4,0.1898,80.89,80.66,BULLISH,LOW,No special conditions,9.88,-1.0,1.0,48,2026-10-21,,0
2026-09-03T14:55:08,2026-09-03,DAR,HOLD,0,Stochastic Oscillator,HIGH,5,37.77,67.62,9.41,0.0,14.12,0.0,0.0,2026-09-28,1.63,3.04,100.0,103.17,35.87,2.45,-14.7,25.0,2,2026-05-18 to 2026-09-02 (75 days),-1.0,60.9,0.446,61.47,53.23,BULLISH,HIGH,Last surprise: +68.2%; Earnings conf adj: +1,4.2,-1.0,1.0,56,2026-10-29,68.24,1
2026-09-03T14:53:16,2026-09-03,EXC,HOLD,0,VWAP Trend,HIGH,4,37.71,43.97,2.18,0.0,1.67,0.0,0.0,2026-09-04,2.53,6.64,75.0,4.34,17.88,14.64,-1.42,1.6,8,2026-05-18 to 2026-09-02 (75 days),-1.0,39.2,0.1677,45.9,45.53,BULLISH,LOW,High volume; Last surprise: -4.4%,10.0,-1.0,1.0,61,2026-11-03,-4.44,0
2026-09-03T14:54:26,2026-09-03,VLO,HOLD,0,VWAP Trend,MEDIUM,2,37.66,366.09,3.84,0.0,2.38,0.0,0.0,2026-09-04,-0.2,-0.27,55.6,1.01,-3.57,-240.28,-7.31,1.0,9,2026-05-18 to 2026-09-02 (75 days),-1.0,73.6,0.3024,309.55,236.06,BULLISH,MEDIUM,RSI overbought; Strong trend (ADX=38); Last surprise: +23.8%; Earnings conf adj: +1,6.2,-1.0,1.0,49,2026-10-22,23.79,1
2026-09-03T14:54:39,2026-09-03,MTSI,HOLD,0,VWAP Trend,HIGH,4,37.65,257.56,11.52,0.0,9.56,0.0,0.0,2026-09-05,1.1,1.89,58.3,1.63,47.28,114.15,-16.29,2.2,12,2026-05-18 to 2026-09-02 (75 days),-1.0,40.9,0.8185,293.24,262.55,BULLISH,HIGH,Last surprise: +3.7%,2.29,-1.0,1.0,63,2026-11-05,3.7,0
2026-09-03T14:52:41,2026-09-03,AMGN,HOLD,0,MACD Crossover,HIGH,5,37.57,442.84,3.13,0.0,9.15,0.0,0.0,2026-09-30,2.6,6.0,100.0,158.05,63.76,-130.65,-5.24,27.5,2,2026-05-18 to 2026-09-02 (75 days),-1.0,68.7,0.2215,391.69,353.11,BULLISH,MEDIUM,Strong trend (ADX=45); Last surprise: +11.9%; Earnings conf adj: +1,8.47,-1.0,1.0,61,2026-11-03,11.92,1
2026-09-03T14:56:01,2026-09-03,TNL,HOLD,0,EMA Crossover (9/21),HIGH,4,37.54,67.22,4.54,0.0,15.11,0.0,0.0,2026-10-10,1.64,2.38,100.0,113.32,44.13,12.73,-7.02,37.5,2,2026-05-18 to 2026-09-02 (75 days),-1.0,34.2,0.3134,74.35,70.71,BULLISH,MEDIUM,Strong trend (ADX=38),5.98,-1.0,1.0,48,2026-10-21,,0
2026-09-03T14:55:30,2026-09-03,FAF,HOLD,0,Stochastic Oscillator,HIGH,4,37.47,74.05,2.26,0.0,3.39,0.0,0.0,2026-09-24,1.89,3.03,100.0,92.4,33.58,0.22,-5.8,21.0,2,2026-05-18 to 2026-09-02 (75 days),-1.0,54.2,0.1815,72.32,66.14,BULLISH,LOW,No special conditions,10.0,-1.0,1.0,48,2026-10-21,,0
2026-09-03T14:55:08,2026-09-03,KRYS,HOLD,0,ADX Trend Following,MEDIUM,2,37.41,369.23,4.44,0.0,9.68,0.0,0.0,2026-09-21,0.79,1.08,66.7,10.66,24.86,-98.15,-17.34,18.7,3,2026-05-18 to 2026-09-02 (75 days),-1.0,62.7,0.2844,349.31,288.75,BULLISH,MEDIUM,Strong trend (ADX=36); Last surprise: -6.3%; Earnings conf adj: -1,6.59,-1.0,1.0,60,2026-11-02,-6.28,-1
2026-09-03T14:53:16,2026-09-03,EXE,HOLD,0,MACD Crossover,HIGH,5,37.37,99.32,3.25,0.0,4.88,0.0,0.0,2026-10-07,1.58,3.04,100.0,106.32,40.04,34.88,-4.99,34.0,2,2026-05-18 to 2026-09-02 (75 days),-1.0,64.7,0.2443,92.06,100.09,BEARISH,MEDIUM,Last surprise: +18.7%; Earnings conf adj: +1,7.67,-1.0,1.0,54,2026-10-27,18.75,1
2026-09-03T14:54:24,2026-09-03,ULTA,HOLD,0,Momentum (Rate of Change),HIGH,5,37.25,551.74,7.4,0.0,11.1,0.0,0.0,2026-09-19,1.22,2.27,100.0,86.65,27.26,-33.58,-12.71,16.5,2,2026-05-18 to 2026-09-02 (75 days),-1.0,59.8,0.4332,502.53,555.89,BEARISH,HIGH,Last surprise: +5.6%; Earnings conf adj: +1,4.33,-1.0,1.0,-7,2026-08-27,5.65,1
2026-09-03T14:54:25,2026-09-03,VEEV,HOLD,0,MACD Crossover,HIGH,5,37.22,280.72,8.13,0.0,22.49,0.0,0.0,2026-09-22,2.11,3.77,75.0,20.86,103.94,-421.63,-14.54,19.8,4,2026-05-18 to 2026-09-02 (75 days),-1.0,72.4,0.6418,215.2,198.68,BULLISH,HIGH,RSI overbought; Strong trend (ADX=64); Last surprise: +5.9%; Earnings conf adj: +1,2.92,-1.0,1.0,83,2026-11-25,5.86,1
2026-09-03T14:53:06,2026-09-03,DG,HOLD,0,EMA Crossover (9/21),HIGH,5,37.18,130.89,4.87,0.0,7.3,0.0,0.0,2026-10-10,1.47,2.42,100.0,123.77,49.44,-57.7,-9.44,37.5,2,2026-05-18 to 2026-09-02 (75 days),-1.0,62.2,0.3197,122.16,124.91,BEARISH,MEDIUM,Price at statistical extreme; Last surprise: +23.4%; Earnings conf adj: +1,5.86,-1.0,1.0,-7,2026-08-27,23.38,1
2026-09-03T14:53:12,2026-09-03,EG,HOLD,0,Stochastic Oscillator,HIGH,4,37.17,378.28,2.22,0.0,3.33,0.0,0.0,2026-09-26,1.72,3.65,100.0,79.89,24.28,-1.42,-3.84,23.0,2,2026-05-18 to 2026-09-02 (75 days),-1.0,56.0,0.1577,371.85,340.01,BULLISH,LOW,Last surprise: +2.2%,10.0,-1.0,1.0,55,2026-10-28,2.2,0
2026-09-03T14:53:38,2026-09-03,KMI,HOLD,0,Stochastic Oscillator,HIGH,5,37.15,31.97,3.98,0.0,5.97,0.0,0.0,2026-10-01,1.44,2.37,100.0,69.51,24.36,38.79,-5.87,28.0,2,2026-05-18 to 2026-09-02 (75 days),-1.0,52.0,0.2534,31.85,30.56,BULLISH,MEDIUM,Last surprise: +19.4%; Earnings conf adj: +1,7.4,-1.0,1.0,55,2026-10-28,19.35,1
2026-09-03T14:53:34,2026-09-03,IR,HOLD,0,MACD Crossover,HIGH,4,37.14,75.0,2.99,0.0,4.49,0.0,0.0,2026-10-07,1.56,2.61,100.0,114.47,44.71,17.94,-8.56,34.5,2,2026-05-18 to 2026-09-02 (75 days),-1.0,32.1,0.1987,81.82,81.98,BEARISH,LOW,Strong trend (ADX=49); Last surprise: +3.6%,9.44,-1.0,1.0,56,2026-10-29,3.61,0
2026-09-03T14:55:52,2026-09-03,CNO,EXIT,-1,VWAP Trend,HIGH,4,37.14,55.32,2.07,56.47,1.57,54.45,10.0,2026-09-04,1.71,3.01,77.8,2.69,17.4,-48.68,-2.5,1.7,9,2026-05-18 to 2026-09-02 (75 days),-1.0,58.8,0.1533,53.67,45.71,BULLISH,LOW,Size: Kelly 10.0% / VolTgt 10.0% / Blend 10.0%,10.0,-1.0,1.0,60,2026-11-02,,0
2026-09-03T14:53:47,2026-09-03,META,HOLD,0,Stochastic Oscillator,MEDIUM,3,37.11,592.85,4.72,0.0,7.08,0.0,0.0,2026-10-04,1.7,2.83,100.0,169.4,67.72,77.3,-9.55,31.0,2,2026-05-18 to 2026-09-02 (75 days),-1.0,55.2,0.3093,592.95,621.51,BEARISH,MEDIUM,Last surprise: -14.4%; Earnings conf adj: -1,6.06,-1.0,1.0,55,2026-10-28,-14.4,-1
2026-09-03T14:53:54,2026-09-03,NOW,HOLD,0,ADX Trend Following,MEDIUM,3,37.02,136.72,9.4,0.0,14.1,0.0,0.0,2026-09-16,0.62,1.05,80.0,1.73,22.04,-136.68,-34.24,13.8,5,2026-05-18 to 2026-09-02 (75 days),-1.0,59.9,0.6081,114.95,118.84,BEARISH,HIGH,Strong trend (ADX=39); Last surprise: +4.7%,3.08,-1.0,1.0,55,2026-10-28,4.65,0
2026-09-03T14:53:35,2026-09-03,ITW,HOLD,0,MACD Crossover,HIGH,4,37.01,269.09,2.16,0.0,4.08,0.0,0.0,2026-09-20,2.38,4.14,75.0,16.27,52.75,20.63,-3.88,17.0,4,2026-05-18 to 2026-09-02 (75 days),-1.0,32.8,0.1258,279.95,264.39,BULLISH,LOW,High volume; Price at statistical extreme; Strong trend (ADX=38); Last surprise: +1.4%,10.0,-1.0,1.0,50,2026-10-23,1.43,0
2026-09-03T14:56:11,2026-09-03,OLN,HOLD,0,ADX Trend Following,HIGH,4,37.0,17.66,5.09,0.0,3.8,0.0,0.0,2026-09-06,1.05,3.84,100.0,4.94,1.0,76.72,-0.2,3.0,1,2026-05-18 to 2026-09-02 (75 days),-1.0,39.9,0.2783,19.77,22.88,BEARISH,MEDIUM,Strong trend (ADX=40),6.74,-1.0,1.0,56,2026-10-29,,0
2026-09-03T14:52:54,2026-09-03,CEG,HOLD,0,VWAP Trend,MEDIUM,2,36.99,290.04,4.64,0.0,6.96,0.0,0.0,2026-09-13,-0.14,-0.19,62.5,0.97,-10.98,-53.1,-22.93,10.9,8,2026-05-18 to 2026-09-02 (75 days),-1.0,64.0,0.3059,265.17,295.93,BEARISH,MEDIUM,Price at statistical extreme; Last surprise: +11.8%; Earnings conf adj: +1,6.13,-1.0,1.0,67,2026-11-09,11.84,1
2026-09-03T14:53:49,2026-09-03,MRSH,HOLD,0,Stochastic Oscillator,HIGH,4,36.92,187.84,2.42,0.0,3.63,0.0,0.0,2026-09-13,1.07,1.74,100.0,41.85,11.65,-43.7,-3.31,10.5,2,2026-05-18 to 2026-09-02 (75 days),-1.0,49.2,0.1737,183.62,176.37,BULLISH,LOW,High volume; Last surprise: +2.4%,10.0,-1.0,1.0,42,2026-10-15,2.42,0
2026-09-03T14:55:18,2026-09-03,TTEK,HOLD,0,MACD Crossover,HIGH,4,36.92,35.91,3.34,0.0,10.02,0.0,0.0,2026-10-15,2.36,3.87,100.0,187.0,82.41,-74.66,-8.5,42.0,2,2026-05-18 to 2026-09-02 (75 days),-1.0,57.2,0.2185,33.15,32.83,BULLISH,MEDIUM,No special conditions,8.58,-1.0,1.0,69,2026-11-11,,0
2026-09-03T14:55:35,2026-09-03,AN,HOLD,0,Stochastic Oscillator,HIGH,4,36.91,205.84,4.14,0.0,6.21,0.0,0.0,2026-10-10,1.43,2.13,100.0,98.43,36.58,-15.66,-8.03,37.0,2,2026-05-18 to 2026-09-02 (75 days),-1.0,54.4,0.2261,202.12,201.42,BULLISH,MEDIUM,No special conditions,8.29,-1.0,1.0,56,2026-10-29,,0
2026-09-03T14:53:51,2026-09-03,MTD,HOLD,0,ADX Trend Following,HIGH,5,36.88,1367.74,3.02,0.0,7.26,0.0,0.0,2026-10-11,2.88,5.14,100.0,202.03,86.7,-40.5,-4.59,38.0,2,2026-05-18 to 2026-09-02 (75 days),-1.0,44.3,0.1496,1355.5,1319.92,BULLISH,LOW,Price at statistical extreme; Last surprise: +6.1%; Earnings conf adj: +1,10.0,-1.0,1.0,63,2026-11-05,6.11,1
2026-09-03T14:53:29,2026-09-03,HST,HOLD,0,PEAD Earnings Drift,HIGH,4,36.84,22.11,2.84,0.0,9.94,0.0,0.0,2026-11-20,3.42,6.11,100.0,196.49,83.48,65.51,-5.96,78.0,1,2026-05-18 to 2026-09-02 (75 days),-1.0,37.7,0.3139,23.54,20.17,BULLISH,MEDIUM,Strong trend (ADX=39); Last surprise: +2.9%,5.97,-1.0,1.0,62,2026-11-04,2.94,0
2026-09-03T14:54:18,2026-09-03,TGT,HOLD,0,Momentum (Rate of Change),HIGH,5,36.8,163.36,4.92,0.0,17.22,0.0,0.0,2026-10-19,2.43,4.02,100.0,225.12,102.49,-64.31,-10.69,46.0,2,2026-05-18 to 2026-09-02 (75 days),-1.0,62.4,0.3268,145.36,120.01,BULLISH,MEDIUM,Strong trend (ADX=41); Last surprise: +75.6%; Earnings conf adj: +1,5.74,-1.0,1.0,76,2026-11-18,75.64,1
2026-09-03T14:55:13,2026-09-03,ZION,HOLD,0,VWAP Trend,HIGH,4,36.8,68.02,3.14,0.0,2.33,0.0,0.0,2026-09-05,2.91,5.98,77.8,6.45,32.73,-23.31,-2.05,2.1,9,2026-05-18 to 2026-09-02 (75 days),-1.0,46.3,0.2042,69.46,61.41,BULLISH,MEDIUM,No special conditions,9.18,-1.0,1.0,46,2026-10-19,,0
2026-09-03T14:52:42,2026-09-03,APD,HOLD,0,Stochastic Oscillator,HIGH,4,36.77,309.45,2.35,0.0,3.53,0.0,0.0,2026-10-13,1.27,2.47,100.0,86.55,31.98,9.41,-6.59,40.5,2,2026-05-18 to 2026-09-02 (75 days),-1.0,58.0,0.1894,299.07,279.66,BULLISH,LOW,Strong trend (ADX=38); Last surprise: +3.9%,9.9,-1.0,1.0,63,2026-11-05,3.89,0
2026-09-03T14:55:48,2026-09-03,BKH,HOLD,0,Stochastic Oscillator,HIGH,4,36.74,72.59,2.12,0.0,3.18,0.0,0.0,2026-09-28,1.18,1.78,100.0,70.02,24.5,27.67,-6.87,25.5,2,2026-05-18 to 2026-09-02 (75 days),-1.0,48.8,0.1804,73.12,71.34,BULLISH,LOW,No special conditions,10.0,-1.0,1.0,62,2026-11-04,,0
2026-09-03T14:53:03,2026-09-03,CTVA,EXIT,-1,Stochastic Oscillator,HIGH,4,36.7,89.97,3.83,93.42,5.75,84.8,8.9,2026-09-30,1.31,2.07,100.0,60.5,18.19,-26.49,-7.4,27.0,2,2026-05-18 to 2026-09-02 (75 days),-1.0,72.9,0.2404,82.89,76.8,BULLISH,MEDIUM,RSI overbought; High volume; Price at statistical extreme; Strong trend (ADX=44); Last surprise: +3.1%; Size: Kelly 10.0% / VolTgt 7.8% / Blend 8.9%,7.8,-1.0,1.0,61,2026-11-03,3.14,0
2026-09-03T14:53:38,2026-09-03,KR,HOLD,0,SMA Crossover (10/50),HIGH,4,36.68,58.22,3.3,0.0,2.27,0.0,0.0,2026-09-05,2.26,18.06,100.0,10.82,3.38,44.02,-0.1,2.0,1,2026-05-18 to 2026-09-02 (75 days),-1.0,54.1,0.2036,57.4,63.41,BEARISH,MEDIUM,Last surprise: -0.6%,9.21,-1.0,1.0,8,2026-09-11,-0.63,0
2026-09-03T14:55:39,2026-09-03,SWX,BUY,1,Stochastic Oscillator,HIGH,4,36.65,89.14,2.11,87.26,3.17,91.97,10.0,2026-10-07,1.4,2.3,100.0,59.38,20.59,17.39,-3.94,34.0,2,2026-05-18 to 2026-09-02 (75 days),0.226,45.5,0.1799,90.34,86.0,BULLISH,LOW,Size: Kelly 10.0% / VolTgt 10.0% / Blend 10.0%,10.0,-1.0,1.0,62,2026-11-04,,0
2026-09-03T14:52:43,2026-09-03,APO,HOLD,0,VWAP Trend,HIGH,4,36.64,132.29,4.31,0.0,6.46,0.0,0.0,2026-09-07,1.37,2.17,62.5,3.22,28.56,30.23,-5.46,4.6,8,2026-05-18 to 2026-09-02 (75 days),-1.0,51.4,0.398,126.09,126.68,BEARISH,MEDIUM,Last surprise: -2.3%,4.71,-1.0,1.0,61,2026-11-03,-2.31,0
2026-09-03T14:54:31,2026-09-03,WSM,HOLD,0,MACD Crossover,HIGH,5,36.57,221.72,5.72,0.0,9.11,0.0,0.0,2026-10-03,2.62,5.51,100.0,208.24,91.67,-62.48,-7.54,30.0,2,2026-05-18 to 2026-09-02 (75 days),-1.0,34.3,0.2112,233.05,202.87,BULLISH,MEDIUM,Price at statistical extreme; Last surprise: +37.9%; Earnings conf adj: +1,8.88,-1.0,1.0,76,2026-11-18,37.86,1
2026-09-03T14:53:12,2026-09-03,ELV,HOLD,0,Stochastic Oscillator,HIGH,5,36.4,405.84,3.09,0.0,4.63,0.0,0.0,2026-09-28,1.37,2.55,100.0,92.15,33.24,21.16,-4.66,25.5,2,2026-05-18 to 2026-09-02 (75 days),-1.0,57.5,0.2103,395.27,356.54,BULLISH,MEDIUM,Last surprise: +20.0%; Earnings conf adj: +1,8.92,-1.0,1.0,48,2026-10-21,19.97,1
2026-09-03T14:55:09,2026-09-03,MOH,HOLD,0,Stochastic Oscillator,HIGH,5,36.37,202.62,4.86,0.0,7.29,0.0,0.0,2026-09-19,1.59,3.0,100.0,124.48,45.13,8.51,-9.94,16.5,2,2026-05-18 to 2026-09-02 (75 days),-1.0,50.2,0.3635,211.08,176.73,BULLISH,MEDIUM,Last surprise: +7.9%; Earnings conf adj: +1,5.16,-1.0,1.0,48,2026-10-21,7.86,1
2026-09-03T14:54:02,2026-09-03,PM,HOLD,0,Stochastic Oscillator,HIGH,5,36.35,187.94,3.51,0.0,5.26,0.0,0.0,2026-09-29,1.05,1.5,100.0,60.35,19.9,23.42,-6.04,26.5,2,2026-05-18 to 2026-09-02 (75 days),-1.0,48.2,0.228,187.68,172.23,BULLISH,MEDIUM,Last surprise: +7.3%; Earnings conf adj: +1,8.22,-1.0,1.0,48,2026-10-21,7.32,1
2026-09-03T14:55:32,2026-09-03,STAG,HOLD,0,MACD Crossover,MEDIUM,3,36.34,37.43,1.5,0.0,3.0,0.0,0.0,2026-09-30,0.77,1.14,100.0,38.92,13.15,16.55,-7.91,27.5,2,2026-05-18 to 2026-09-02 (75 days),-1.0,48.5,0.1165,38.48,37.66,BULLISH,LOW,No special conditions,10.0,-1.0,1.0,55,2026-10-28,,0
2026-09-03T14:53:22,2026-09-03,GD,HOLD,0,Composite Multi-Indicator,HIGH,5,36.33,364.07,2.14,0.0,7.49,0.0,0.0,2026-11-03,2.87,5.09,100.0,165.07,67.6,43.38,-5.7,61.0,1,2026-05-18 to 2026-09-02 (75 days),-1.0,33.1,0.1678,377.02,352.06,BULLISH,LOW,High volume; Price at statistical extreme; Strong trend (ADX=54); Last surprise: +6.8%; Earnings conf adj: +1,10.0,-1.0,1.0,55,2026-10-28,6.8,1
2026-09-03T14:55:50,2026-09-03,FBIN,HOLD,0,VWAP Trend,HIGH,4,36.33,42.89,5.06,0.0,9.53,0.0,0.0,2026-09-12,2.96,7.04,83.3,8.83,217.4,80.05,-8.66,9.7,6,2026-05-18 to 2026-09-02 (75 days),-1.0,35.5,0.3885,48.71,46.72,BULLISH,MEDIUM,Strong trend (ADX=35),4.83,-1.0,1.0,70,2026-11-12,,0
2026-09-03T14:53:07,2026-09-03,DGX,HOLD,0,ADX Trend Following,HIGH,5,36.3,240.8,2.4,0.0,7.84,0.0,0.0,2026-10-14,2.04,4.11,100.0,107.88,42.01,-85.85,-6.22,41.5,2,2026-05-18 to 2026-09-02 (75 days),-1.0,59.0,0.1546,226.04,199.4,BULLISH,LOW,Strong trend (ADX=34); Last surprise: +10.6%; Earnings conf adj: +1,10.0,-1.0,1.0,47,2026-10-20,10.64,1
2026-09-03T14:54:27,2026-09-03,VRSN,HOLD,0,Multi-Factor Momentum MR,HIGH,4,36.3,289.96,4.01,0.0,7.81,0.0,0.0,2026-09-18,1.05,1.95,100.0,61.1,21.22,35.72,-8.83,15.0,2,2026-05-18 to 2026-09-02 (75 days),-1.0,55.2,0.2561,276.74,259.9,BULLISH,MEDIUM,Last surprise: +1.3%,7.32,-1.0,1.0,49,2026-10-22,1.28,0
2026-09-03T14:54:15,2026-09-03,SWKS,HOLD,0,Momentum (Rate of Change),HIGH,4,36.25,71.67,6.27,0.0,15.49,0.0,0.0,2026-09-30,1.4,2.54,100.0,178.23,65.55,55.83,-13.31,27.0,2,2026-05-18 to 2026-09-02 (75 days),-1.0,63.4,0.3785,64.79,63.21,BULLISH,MEDIUM,Price at statistical extreme; Last surprise: +4.9%,4.95,-1.0,1.0,61,2026-11-03,4.85,0
2026-09-03T14:55:54,2026-09-03,DOCS,HOLD,0,EMA Crossover (9/21),HIGH,4,36.2,26.32,7.81,0.0,11.71,0.0,0.0,2026-09-17,1.03,3.03,66.7,2.74,64.33,-109.51,-14.81,14.0,3,2026-05-18 to 2026-09-02 (75 days),-1.0,59.8,1.2937,23.04,29.08,BEARISH,HIGH,Strong trend (ADX=49),1.45,-1.0,1.0,63,2026-11-05,,0
2026-09-03T14:54:28,2026-09-03,VTR,HOLD,0,Stochastic Oscillator,HIGH,5,36.15,92.06,2.82,0.0,4.23,0.0,0.0,2026-09-27,2.25,3.42,100.0,141.9,51.98,33.68,-6.86,24.5,2,2026-05-18 to 2026-09-02 (75 days),-1.0,49.2,0.2525,92.63,84.36,BULLISH,MEDIUM,Last surprise: +54.5%; Earnings conf adj: +1,7.43,-1.0,1.0,55,2026-10-28,54.55,1
2026-09-03T14:53:48,2026-09-03,MMM,HOLD,0,EMA Crossover (9/21),HIGH,5,36.06,168.75,2.25,0.0,7.88,0.0,0.0,2026-10-22,1.79,3.32,100.0,118.45,46.92,1.19,-7.9,49.5,2,2026-05-18 to 2026-09-02 (75 days),-1.0,35.5,0.1441,170.92,159.45,BULLISH,LOW,Price at statistical extreme; Strong trend (ADX=37); Last surprise: +6.7%; Earnings conf adj: +1,10.0,-1.0,1.0,47,2026-10-20,6.67,1
2026-09-03T14:54:45,2026-09-03,JAZZ,HOLD,0,ADX Trend Following,MEDIUM,3,35.97,245.57,4.75,0.0,9.5,0.0,0.0,2026-10-03,1.82,3.13,100.0,110.26,42.09,16.26,-6.37,30.5,2,2026-05-18 to 2026-09-02 (75 days),-1.0,46.1,0.3091,248.11,204.6,BULLISH,MEDIUM,Last surprise: -7.6%; Earnings conf adj: -1,6.07,-1.0,1.0,62,2026-11-04,-7.61,-1
2026-09-03T14:54:39,2026-09-03,THC,BUY,1,VWAP Trend,HIGH,5,35.91,258.53,4.63,246.56,5.44,272.59,8.46,2026-09-09,3.42,7.4,66.7,6.6,162.53,-10.71,-5.99,6.5,6,2026-05-18 to 2026-09-02 (75 days),0.548,51.1,0.2711,234.46,207.53,BULLISH,MEDIUM,Last surprise: +43.7%; Earnings conf adj: +1; Size: Kelly 10.0% / VolTgt 6.9% / Blend 8.5%,6.92,-1.0,1.0,54,2026-10-27,43.66,1
2026-09-03T14:52:40,2026-09-03,ALLE,HOLD,0,MACD Crossover,HIGH,5,35.83,155.07,3.68,0.0,9.55,0.0,0.0,2026-10-09,1.54,2.57,100.0,95.35,36.32,-56.16,-4.53,36.0,2,2026-05-18 to 2026-09-02 (75 days),-1.0,45.1,0.2022,151.88,150.44,BULLISH,MEDIUM,Last surprise: +8.1%; Earnings conf adj: +1,9.27,-1.0,1.0,49,2026-10-22,8.11,1
2026-09-03T14:54:01,2026-09-03,PGR,HOLD,0,Stochastic Oscillator,HIGH,4,35.81,221.38,3.11,0.0,4.67,0.0,0.0,2026-09-25,1.32,2.24,100.0,85.04,27.83,-4.48,-7.34,22.5,2,2026-05-18 to 2026-09-02 (75 days),-1.0,57.0,0.2709,217.36,208.35,BULLISH,MEDIUM,Last surprise: +0.2%,6.92,-1.0,1.0,41,2026-10-14,0.21,0
2026-09-03T14:55:24,2026-09-03,TKR,EXIT,-1,VWAP Trend,HIGH,4,35.81,120.23,4.24,125.33,3.25,116.32,8.22,2026-09-05,1.73,3.28,60.0,3.04,34.3,7.25,-4.01,2.0,10,2026-05-18 to 2026-09-02 (75 days),-1.0,36.9,0.2916,133.56,110.12,BULLISH,MEDIUM,Strong trend (ADX=45); Size: Kelly 10.0% / VolTgt 6.4% / Blend 8.2%,6.43,-1.0,1.0,55,2026-10-28,,0
2026-09-03T14:54:34,2026-09-03,YUM,HOLD,0,Stochastic Oscillator,MEDIUM,3,35.8,151.27,3.48,0.0,5.22,0.0,0.0,2026-10-05,0.95,1.55,100.0,61.66,20.77,21.44,-7.8,32.0,2,2026-05-18 to 2026-09-02 (75 days),-1.0,49.2,0.3205,153.25,154.04,BEARISH,MEDIUM,Last surprise: +3.8%,5.85,-1.0,1.0,61,2026-11-03,3.85,0
2026-09-03T14:54:39,2026-09-03,ENTG,EXIT,-1,VWAP Trend,HIGH,6,35.68,131.31,10.44,145.02,6.49,122.79,6.44,2026-09-04,1.76,2.91,60.0,1.91,80.06,68.33,-9.79,1.6,15,2026-05-18 to 2026-09-02 (75 days),-1.0,42.1,0.6516,143.3,125.43,BULLISH,HIGH,Last surprise: +13.4%; Earnings conf adj: +1; Size: Kelly 10.0% / VolTgt 2.9% / Blend 6.4%,2.88,-1.0,1.0,62,2026-11-04,13.41,1
2026-09-03T14:55:04,2026-09-03,ARWR,HOLD,0,VWAP Trend,MEDIUM,3,35.65,85.37,5.19,0.0,3.77,0.0,0.0,2026-09-05,2.07,4.52,66.7,3.09,28.3,-34.77,-3.22,2.3,6,2026-05-18 to 2026-09-02 (75 days),-1.0,49.4,0.3156,83.73,70.68,BULLISH,MEDIUM,Last surprise: -10.6%; Earnings conf adj: -1,5.94,-1.0,1.0,82,2026-11-24,-10.57,-1
2026-09-03T14:54:32,2026-09-03,WTW,HOLD,0,MACD Crossover,HIGH,5,35.52,337.73,3.17,0.0,9.51,0.0,0.0,2026-10-13,2.25,4.86,100.0,167.59,71.08,-86.07,-4.15,40.0,2,2026-05-18 to 2026-09-02 (75 days),-1.0,55.9,0.214,312.8,298.61,BULLISH,MEDIUM,Last surprise: +7.7%; Earnings conf adj: +1,8.76,-1.0,1.0,56,2026-10-29,7.72,1
2026-09-03T14:53:23,2026-09-03,GILD,EXIT,-1,Stochastic Oscillator,HIGH,5,35.48,149.61,3.73,155.19,5.59,141.25,8.78,2026-10-01,1.14,2.03,100.0,77.53,26.6,-39.83,-7.89,28.5,2,2026-05-18 to 2026-09-02 (75 days),-1.0,66.2,0.2476,135.54,133.09,BULLISH,MEDIUM,Strong trend (ADX=52); Last surprise: +6.9%; Earnings conf adj: +1; Size: Kelly 10.0% / VolTgt 7.6% / Blend 8.8%,7.57,-1.0,1.0,56,2026-10-29,6.9,1
2026-09-03T14:53:47,2026-09-03,MGM,HOLD,0,VWAP Trend,HIGH,4,35.23,41.44,2.34,0.0,3.66,0.0,0.0,2026-09-09,1.31,4.22,100.0,117.62,45.09,-0.8,-5.76,6.5,2,2026-05-18 to 2026-09-02 (75 days),-1.0,32.8,0.1822,45.19,39.5,BULLISH,LOW,Strong trend (ADX=38); Last surprise: +1.7%,10.0,-1.0,1.0,55,2026-10-28,1.72,0
2026-09-03T14:52:39,2026-09-03,ALB,HOLD,0,Composite Multi-Indicator,HIGH,5,35.2,137.75,7.97,0.0,11.96,0.0,0.0,2026-10-15,2.18,4.06,100.0,171.84,70.94,126.93,-7.03,42.0,1,2026-05-18 to 2026-09-02 (75 days),-1.0,57.1,0.4592,128.59,155.96,BEARISH,HIGH,Last surprise: +15.7%; Earnings conf adj: +1,4.08,-1.0,1.0,62,2026-11-04,15.74,1
2026-09-03T14:53:11,2026-09-03,DVN,HOLD,0,EMA Crossover (9/21),MEDIUM,2,35.2,49.03,3.82,0.0,7.64,0.0,0.0,2026-09-19,0.26,0.39,66.7,1.23,3.58,5.63,-12.93,16.7,3,2026-05-18 to 2026-09-02 (75 days),-1.0,63.9,0.3187,44.58,43.06,BULLISH,MEDIUM,Last surprise: +11.3%; Earnings conf adj: +1,5.88,-1.0,1.0,62,2026-11-04,11.35,1
2026-09-03T14:53:16,2026-09-03,EXPE,HOLD,0,MACD Crossover,HIGH,5,35.2,308.06,7.7,0.0,20.46,0.0,0.0,2026-10-08,2.54,4.02,100.0,255.06,121.72,-122.83,-5.25,35.5,2,2026-05-18 to 2026-09-02 (75 days),-1.0,48.3,0.4362,292.59,257.31,BULLISH,HIGH,Strong trend (ADX=33); Last surprise: +9.7%; Earnings conf adj: +1,4.3,-1.0,1.0,63,2026-11-05,9.71,1
2026-09-03T14:55:09,2026-09-03,ALSN,HOLD,0,EMA Crossover (9/21),MEDIUM,3,35.1,126.71,4.96,0.0,11.4,0.0,0.0,2026-09-20,0.82,1.28,66.7,5.9,21.39,-22.78,-11.86,17.7,3,2026-05-18 to 2026-09-02 (75 days),-1.0,53.9,0.3441,120.29,113.78,BULLISH,MEDIUM,Strong trend (ADX=34); Last surprise: +4.6%,5.45,-1.0,1.0,56,2026-10-29,4.6,0
2026-09-03T14:54:21,2026-09-03,TT,HOLD,0,VWAP Trend,HIGH,4,34.94,439.02,2.55,0.0,2.27,0.0,0.0,2026-09-05,3.28,10.13,62.5,7.29,46.24,60.54,-1.77,2.6,8,2026-05-18 to 2026-09-02 (75 days),-1.0,35.1,0.179,470.29,443.03,BULLISH,LOW,Strong trend (ADX=36); Last surprise: +1.2%,10.0,-1.0,1.0,56,2026-10-29,1.17,0
2026-09-03T14:53:13,2026-09-03,EOG,HOLD,0,Stochastic Oscillator,HIGH,4,34.92,148.96,3.22,0.0,4.83,0.0,0.0,2026-09-13,2.82,8.76,100.0,69.1,22.16,4.28,-1.39,10.0,1,2026-05-18 to 2026-09-02 (75 days),-1.0,57.6,0.2874,140.75,126.89,BULLISH,MEDIUM,Last surprise: +2.0%,6.52,-1.0,1.0,63,2026-11-05,2.01,0
2026-09-03T14:55:40,2026-09-03,PEGA,HOLD,0,SMA Crossover (10/50),HIGH,4,34.89,37.32,6.79,0.0,10.19,0.0,0.0,2026-09-24,2.96,8.66,100.0,192.5,81.41,44.46,-4.56,21.0,1,2026-05-18 to 2026-09-02 (75 days),-1.0,69.7,0.4539,31.81,41.6,BEARISH,HIGH,High volume; Strong trend (ADX=42),4.13,-1.0,1.0,47,2026-10-20,,0
2026-09-03T14:55:21,2026-09-03,BRKR,HOLD,0,VWAP Trend,MEDIUM,3,34.87,59.02,8.47,0.0,5.85,0.0,0.0,2026-09-05,0.72,1.25,57.1,1.54,17.81,-182.98,-11.36,2.4,7,2026-05-18 to 2026-09-02 (75 days),-1.0,52.6,0.4797,58.77,47.79,BULLISH,HIGH,No special conditions,3.91,-1.0,1.0,61,2026-11-03,,0
2026-09-03T14:55:25,2026-09-03,CBSH,HOLD,0,VWAP Trend,HIGH,4,34.84,57.96,1.88,0.0,1.51,0.0,0.0,2026-09-05,3.76,13.21,71.4,6.89,28.11,-20.08,-1.71,2.6,7,2026-05-18 to 2026-09-02 (75 days),-1.0,44.9,0.1193,58.71,53.37,BULLISH,LOW,Strong trend (ADX=44),10.0,-1.0,1.0,42,2026-10-15,,0
2026-09-03T14:55:05,2026-09-03,SCI,HOLD,0,MACD Crossover,MEDIUM,3,34.75,81.09,2.2,0.0,4.4,0.0,0.0,2026-10-02,0.91,1.46,100.0,46.7,16.17,4.15,-5.31,29.5,2,2026-05-18 to 2026-09-02 (75 days),-1.0,42.4,0.184,81.13,79.35,BULLISH,LOW,Last surprise: +1.1%,10.0,-1.0,1.0,55,2026-10-28,1.12,0
2026-09-03T14:53:04,2026-09-03,CVX,BUY,1,PEAD Earnings Drift,HIGH,5,34.71,211.78,2.68,206.1,9.25,231.37,9.22,2026-10-01,3.74,10.45,100.0,145.01,57.45,19.43,-2.92,28.0,1,2026-05-18 to 2026-09-02 (75 days),0.504,72.3,0.222,188.38,177.63,BULLISH,MEDIUM,RSI overbought; Strong trend (ADX=36); Last surprise: +8.8%; Earnings conf adj: +1; Size: Kelly 10.0% / VolTgt 8.4% / Blend 9.2%,8.45,-1.0,1.0,57,2026-10-30,8.8,1
2026-09-03T14:54:52,2026-09-03,FIVE,HOLD,0,EMA Crossover (9/21),HIGH,4,34.7,243.08,7.4,0.0,14.2,0.0,0.0,2026-09-18,2.34,4.53,66.7,20.33,79.06,34.98,-7.93,15.3,3,2026-05-18 to 2026-09-02 (75 days),-1.0,55.4,0.4611,215.81,207.36,BULLISH,HIGH,High volume; Strong trend (ADX=33); Last surprise: +24.0%,4.07,-1.0,1.0,90,2026-12-02,24.02,0
2026-09-03T14:52:37,2026-09-03,ADSK,HOLD,0,ADX Trend Following,HIGH,5,34.68,241.73,8.21,0.0,12.32,0.0,0.0,2026-10-20,2.48,4.56,100.0,236.1,104.28,106.72,-6.8,47.0,1,2026-05-18 to 2026-09-02 (75 days),-1.0,47.3,0.434,229.21,247.68,BEARISH,HIGH,Last surprise: +5.8%; Earnings conf adj: +1,4.32,-1.0,1.0,85,2026-11-27,5.77,1
2026-09-03T14:54:35,2026-09-03,ILMN,HOLD,0,ADX Trend Following,HIGH,5,34.66,213.25,9.04,0.0,24.92,0.0,0.0,2026-10-14,2.56,4.69,100.0,288.06,146.33,-157.79,-9.03,41.0,2,2026-05-18 to 2026-09-02 (75 days),-1.0,56.5,0.4942,196.43,150.88,BULLISH,HIGH,Strong trend (ADX=34); Last surprise: +6.5%; Earnings conf adj: +1,3.79,-1.0,1.0,56,2026-10-29,6.5,1
2026-09-03T14:55:03,2026-09-03,MOG-A,HOLD,0,PEAD Earnings Drift,HIGH,5,34.53,365.16,7.84,0.0,27.44,0.0,0.0,2026-11-08,3.69,7.97,100.0,347.45,170.26,87.67,-10.18,66.0,1,2026-05-18 to 2026-09-02 (75 days),-1.0,36.4,0.4303,404.18,326.55,BULLISH,HIGH,Strong trend (ADX=48); Last surprise: +39.8%; Earnings conf adj: +1,4.36,-1.0,1.0,78,2026-11-20,39.85,1
2026-09-03T14:53:21,2026-09-03,FTNT,EXIT,-1,VWAP Trend,HIGH,5,34.39,154.54,9.43,169.11,6.04,145.21,6.68,2026-09-04,2.01,3.76,71.4,2.79,37.52,-60.22,-4.71,1.9,7,2026-05-18 to 2026-09-02 (75 days),-1.0,46.3,0.5569,158.43,109.31,BULLISH,HIGH,Strong trend (ADX=31); Last surprise: +20.0%; Earnings conf adj: +1; Size: Kelly 10.0% / VolTgt 3.4% / Blend 6.7%,3.37,-1.0,1.0,62,2026-11-04,20.0,1
2026-09-03T14:53:36,2026-09-03,JNJ,HOLD,0,Momentum (Rate of Change),HIGH,4,34.37,275.21,3.02,0.0,9.06,0.0,0.0,2026-10-21,1.95,3.13,100.0,136.69,55.4,-38.74,-8.53,48.0,2,2026-05-18 to 2026-09-02 (75 days),-1.0,63.3,0.2053,259.32,232.67,BULLISH,MEDIUM,Last surprise: +1.8%,9.13,-1.0,1.0,40,2026-10-13,1.75,0
2026-09-03T14:53:56,2026-09-03,NXPI,HOLD,0,Composite Multi-Indicator,MEDIUM,3,34.36,228.5,3.69,0.0,5.54,0.0,0.0,2026-09-11,0.77,1.64,100.0,15.69,4.73,60.68,-1.53,8.0,1,2026-05-18 to 2026-09-02 (75 days),-1.0,43.6,0.2489,253.07,242.19,BULLISH,MEDIUM,Strong trend (ADX=31); Last surprise: +2.3%,7.53,-1.0,1.0,53,2026-10-26,2.27,0
2026-09-03T14:54:11,2026-09-03,SJM,BUY,1,Momentum (Rate of Change),HIGH,5,34.33,131.44,4.09,126.06,14.0,149.84,8.62,2026-10-20,1.64,2.94,100.0,152.04,63.34,-68.52,-9.9,47.0,2,2026-05-18 to 2026-09-02 (75 days),0.421,69.6,0.2593,118.1,104.73,BULLISH,MEDIUM,Strong trend (ADX=48); Last surprise: +45.9%; Earnings conf adj: +1; Size: Kelly 10.0% / VolTgt 7.2% / Blend 8.6%,7.23,-1.0,1.0,82,2026-11-24,45.95,1
2026-09-03T14:54:55,2026-09-03,COKE,HOLD,0,ADX Trend Following,HIGH,4,34.29,195.26,4.66,0.0,13.98,0.0,0.0,2026-10-18,1.19,1.81,100.0,106.42,41.01,-13.05,-10.29,45.0,2,2026-05-18 to 2026-09-02 (75 days),-1.0,56.7,0.2987,186.58,178.78,BULLISH,MEDIUM,Last surprise: +32.1%,6.28,-1.0,1.0,55,2026-10-28,32.14,0
2026-09-03T14:55:32,2026-09-03,SLAB,HOLD,0,Stochastic Oscillator,HIGH,4,34.24,220.23,1.5,0.0,1.87,0.0,0.0,2026-10-13,1.76,2.81,100.0,14.45,3.93,-1.89,-0.59,40.0,1,2026-05-18 to 2026-09-02 (75 days),-1.0,65.4,0.0376,218.22,193.05,BULLISH,LOW,High volume; Price at statistical extreme,10.0,-1.0,1.0,61,2026-11-03,,0
2026-09-03T14:53:31,2026-09-03,IFF,HOLD,0,Momentum (Rate of Change),MEDIUM,3,34.23,86.94,3.43,0.0,8.58,0.0,0.0,2026-10-07,1.4,2.55,100.0,111.21,41.06,-37.65,-10.93,34.0,2,2026-05-18 to 2026-09-02 (75 days),-1.0,60.2,0.264,81.06,73.94,BULLISH,MEDIUM,Strong trend (ADX=33); Last surprise: -26.8%; Earnings conf adj: -1,7.1,-1.0,1.0,61,2026-11-03,-26.79,-1
2026-09-03T14:55:04,2026-09-03,FHN,HOLD,0,Stochastic Oscillator,HIGH,4,34.11,24.57,2.84,0.0,4.26,0.0,0.0,2026-09-19,1.49,2.62,100.0,58.98,18.69,3.47,-3.16,16.0,2,2026-05-18 to 2026-09-02 (75 days),-1.0,43.6,0.2184,25.42,24.05,BULLISH,MEDIUM,Strong trend (ADX=33); Last surprise: +3.8%,8.59,-1.0,1.0,41,2026-10-14,3.85,0
2026-09-03T14:54:00,2026-09-03,PFE,HOLD,0,SMA Crossover (10/50),HIGH,5,34.07,29.02,3.14,0.0,9.9,0.0,0.0,2026-10-03,3.91,9.41,100.0,158.41,64.37,-4.2,-2.74,30.0,1,2026-05-18 to 2026-09-02 (75 days),-1.0,72.4,0.2296,25.61,25.4,BULLISH,MEDIUM,RSI overbought; Strong trend (ADX=68); Last surprise: +13.2%; Earnings conf adj: +1,8.17,-1.0,1.0,61,2026-11-03,13.24,1
2026-09-03T14:54:55,2026-09-03,SEIC,BUY,1,52-Week High Momentum,HIGH,5,34.06,109.12,1.78,107.18,6.23,115.92,10.0,2026-12-18,3.26,6.11,100.0,204.6,87.75,5.42,-4.97,106.0,1,2026-05-18 to 2026-09-02 (75 days),0.643,63.3,0.1175,101.24,87.95,BULLISH,LOW,Strong trend (ADX=50); Last surprise: +15.3%; Earnings conf adj: +1; Size: Kelly 10.0% / VolTgt 10.0% / Blend 10.0%,10.0,-1.0,1.0,48,2026-10-21,15.28,1
2026-09-03T14:53:02,2026-09-03,CSX,HOLD,0,Stochastic Oscillator,HIGH,4,34.04,48.65,2.53,0.0,3.79,0.0,0.0,2026-09-15,1.5,3.74,100.0,26.32,5.58,-16.04,-0.9,12.0,1,2026-05-18 to 2026-09-02 (75 days),-1.0,36.1,0.1609,49.91,42.77,BULLISH,LOW,Price at statistical extreme; Strong trend (ADX=43); Last surprise: +3.8%,10.0,-1.0,1.0,49,2026-10-22,3.85,0
2026-09-03T14:52:57,2026-09-03,CMCSA,HOLD,0,ADX Trend Following,HIGH,5,34.03,26.81,3.35,0.0,5.03,0.0,0.0,2026-10-06,2.64,4.71,100.0,117.95,45.64,11.51,-3.31,33.0,1,2026-05-18 to 2026-09-02 (75 days),-1.0,59.0,0.2617,24.66,26.41,BEARISH,MEDIUM,Strong trend (ADX=31); Last surprise: +7.2%; Earnings conf adj: +1,7.17,-1.0,1.0,56,2026-10-29,7.22,1
2026-09-03T14:56:15,2026-09-03,XLE,HOLD,0,Donchian Breakout (20/55),HIGH,4,34.0,65.1,2.56,0.0,8.96,0.0,0.0,2026-10-17,2.73,5.18,100.0,122.58,47.19,16.26,-3.87,44.0,1,2026-05-18 to 2026-09-02 (75 days),-1.0,71.7,0.2155,58.78,54.18,BULLISH,MEDIUM,RSI overbought; Strong trend (ADX=33),8.7,-1.0,1.0,-1,,,0
2026-09-03T14:53:22,2026-09-03,GEHC,HOLD,0,Stochastic Oscillator,HIGH,5,33.99,70.56,2.43,0.0,3.65,0.0,0.0,2026-09-22,2.27,8.11,100.0,192.13,75.14,15.24,-5.4,19.0,1,2026-05-18 to 2026-09-02 (75 days),-1.0,48.2,0.1994,68.1,72.7,BEARISH,LOW,Strong trend (ADX=30); Last surprise: +8.7%; Earnings conf adj: +1,9.4,-1.0,1.0,55,2026-10-28,8.65,1
2026-09-03T14:55:28,2026-09-03,AXTA,HOLD,0,MACD Crossover,HIGH,4,33.98,35.79,3.7,0.0,11.1,0.0,0.0,2026-10-03,2.91,5.32,100.0,189.67,80.75,-61.23,-7.35,30.0,2,2026-05-18 to 2026-09-02 (75 days),-1.0,49.3,0.2792,35.03,31.76,BULLISH,MEDIUM,No special conditions,6.72,-1.0,1.0,55,2026-10-28,,0
2026-09-03T14:52:48,2026-09-03,BKNG,HOLD,0,VWAP Trend,HIGH,4,33.9,199.6,4.61,0.0,7.73,0.0,0.0,2026-09-13,2.51,5.24,83.3,11.65,121.57,-16.69,-7.02,10.2,6,2026-05-18 to 2026-09-02 (75 days),-1.0,47.6,0.3075,193.65,185.35,BULLISH,MEDIUM,Strong trend (ADX=32); Last surprise: +4.5%,6.1,-1.0,1.0,54,2026-10-27,4.53,0
2026-09-03T14:53:46,2026-09-03,MET,HOLD,0,PEAD Earnings Drift,HIGH,5,33.9,96.42,2.78,0.0,8.34,0.0,0.0,2026-11-20,3.15,5.41,100.0,193.73,82.04,0.32,-4.77,78.0,1,2026-05-18 to 2026-09-02 (75 days),-1.0,54.7,0.231,93.47,80.8,BULLISH,MEDIUM,Last surprise: +6.1%; Earnings conf adj: +1,8.12,-1.0,1.0,67,2026-11-09,6.11,1
2026-09-03T14:53:07,2026-09-03,DIS,HOLD,0,ADX Trend Following,HIGH,5,33.87,107.98,3.3,0.0,4.95,0.0,0.0,2026-09-23,2.22,3.68,66.7,18.3,56.14,39.16,-6.9,20.3,3,2026-05-18 to 2026-09-02 (75 days),-1.0,57.9,0.2722,100.88,103.27,BEARISH,MEDIUM,Strong trend (ADX=35); Last surprise: +11.4%; Earnings conf adj: +1,6.89,-1.0,1.0,70,2026-11-12,11.35,1
2026-09-03T14:55:56,2026-09-03,HAE,HOLD,0,MACD Crossover,HIGH,4,33.84,102.92,6.64,0.0,23.24,0.0,0.0,2026-10-07,3.6,11.55,100.0,467.33,312.96,-322.68,-11.27,34.0,2,2026-05-18 to 2026-09-02 (75 days),-1.0,65.4,0.6216,86.63,72.4,BULLISH,HIGH,Strong trend (ADX=34),3.02,-1.0,1.0,63,2026-11-05,,0
2026-09-03T14:53:44,2026-09-03,LYB,BUY,1,PEAD Earnings Drift,HIGH,5,33.78,66.57,4.63,63.49,13.89,75.82,7.52,2026-10-01,2.32,4.09,100.0,138.37,54.37,79.98,-7.2,28.0,1,2026-05-18 to 2026-09-02 (75 days),0.567,62.2,0.3716,59.81,59.02,BULLISH,MEDIUM,Last surprise: +25.7%; Earnings conf adj: +1; Size: Kelly 10.0% / VolTgt 5.0% / Blend 7.5%,5.05,-1.0,1.0,57,2026-10-30,25.73,1
2026-09-03T14:56:12,2026-09-03,CMC,HOLD,0,VWAP Trend,LOW,0,33.78,69.15,5.65,0.0,5.46,0.0,0.0,2026-09-06,-2.03,-2.32,37.5,0.35,-40.07,-36.73,-19.92,3.9,8,2026-05-18 to 2026-09-02 (75 days),-1.0,50.9,0.3509,67.94,69.36,BEARISH,MEDIUM,No special conditions,5.34,-1.0,1.0,42,2026-10-15,,0
2026-09-03T14:55:09,2026-09-03,BIO,HOLD,0,Composite Multi-Indicator,HIGH,5,33.76,388.51,4.02,0.0,12.62,0.0,0.0,2026-10-16,4.53,15.32,100.0,286.74,135.0,-63.41,-2.59,43.0,1,2026-05-18 to 2026-09-02 (75 days),-1.0,72.1,0.2445,332.29,301.22,BULLISH,MEDIUM,RSI overbought; Strong trend (ADX=68); Last surprise: +49.7%; Earnings conf adj: +1,7.67,-1.0,1.0,56,2026-10-29,49.71,1
2026-09-03T14:55:13,2026-09-03,CHWY,HOLD,0,Composite Multi-Indicator,HIGH,4,33.76,24.17,7.69,0.0,7.89,0.0,0.0,2026-09-09,2.97,29.99,100.0,59.09,21.16,-24.79,-0.34,6.0,1,2026-05-18 to 2026-09-02 (75 days),-1.0,59.0,0.409,22.04,25.93,BEARISH,HIGH,No special conditions,4.58,-1.0,1.0,6,2026-09-09,,0
2026-09-03T14:54:07,2026-09-03,RL,HOLD,0,VWAP Trend,HIGH,5,33.74,336.5,4.22,0.0,3.59,0.0,0.0,2026-09-05,2.45,13.0,57.1,7.55,91.78,79.3,-5.07,2.7,7,2026-05-18 to 2026-09-02 (75 days),-1.0,25.3,0.2771,381.49,364.79,BULLISH,MEDIUM,RSI oversold; Strong trend (ADX=48); Last surprise: +5.8%; Earnings conf adj: +1,6.77,-1.0,1.0,63,2026-11-05,5.76,1
2026-09-03T14:55:51,2026-09-03,MUR,HOLD,0,Composite Multi-Indicator,HIGH,4,33.74,37.69,7.12,0.0,21.36,0.0,0.0,2026-09-30,2.22,4.37,100.0,151.41,61.0,79.55,-9.56,27.0,1,2026-05-18 to 2026-09-02 (75 days),-1.0,57.1,0.5379,35.47,34.71,BULLISH,HIGH,No special conditions,3.49,-1.0,1.0,62,2026-11-04,,0
2026-09-03T14:53:20,2026-09-03,FITB,HOLD,0,ADX Trend Following,HIGH,4,33.73,54.4,3.04,0.0,8.83,0.0,0.0,2026-10-03,1.69,2.47,100.0,87.76,31.79,-25.76,-4.83,30.5,2,2026-05-18 to 2026-09-02 (75 days),-1.0,41.5,0.203,56.6,50.25,BULLISH,MEDIUM,Strong trend (ADX=32); Last surprise: -1.2%,9.24,-1.0,1.0,46,2026-10-19,-1.19,0
2026-09-03T14:53:07,2026-09-03,DHR,HOLD,0,Composite Multi-Indicator,HIGH,5,33.7,209.91,4.34,0.0,6.51,0.0,0.0,2026-10-16,2.49,6.29,100.0,171.62,70.83,-63.24,-5.45,43.0,1,2026-05-18 to 2026-09-02 (75 days),-1.0,53.7,0.3104,200.88,202.37,BEARISH,MEDIUM,Strong trend (ADX=31); Last surprise: +5.4%; Earnings conf adj: +1,6.04,-1.0,1.0,47,2026-10-20,5.43,1
2026-09-03T14:52:59,2026-09-03,COR,HOLD,0,VWAP Trend,HIGH,4,33.62,336.36,3.24,0.0,4.86,0.0,0.0,2026-09-08,1.9,3.26,75.0,4.24,26.89,-109.21,-3.89,5.1,8,2026-05-18 to 2026-09-02 (75 days),-1.0,65.7,0.3142,309.74,320.98,BEARISH,MEDIUM,Price at statistical extreme; Last surprise: +3.2%,5.97,-1.0,1.0,62,2026-11-04,3.23,0
2026-09-03T14:54:05,2026-09-03,PSKY,HOLD,0,Momentum (Rate of Change),HIGH,4,33.59,10.97,5.51,0.0,8.27,0.0,0.0,2026-09-29,3.38,6.89,100.0,192.69,73.07,24.86,-3.3,26.0,1,2026-05-18 to 2026-09-02 (75 days),-1.0,68.5,0.3086,9.51,10.99,BEARISH,MEDIUM,Strong trend (ADX=59); Last surprise: +0.0%,6.08,-1.0,1.0,67,2026-11-09,0.0,0
2026-09-03T14:53:52,2026-09-03,MU,HOLD,0,VWAP Trend,HIGH,5,33.58,956.08,9.74,0.0,6.57,0.0,0.0,2026-09-05,2.31,6.31,66.7,5.72,160.7,-56.13,-6.79,2.7,6,2026-05-18 to 2026-09-02 (75 days),-1.0,53.2,0.508,944.0,598.91,BULLISH,HIGH,Last surprise: +21.4%; Earnings conf adj: +1,3.69,-1.0,1.0,27,2026-09-30,21.36,1
2026-09-03T14:53:16,2026-09-03,EXPD,HOLD,0,Stochastic Oscillator,HIGH,5,33.52,186.16,2.19,0.0,3.29,0.0,0.0,2026-09-17,1.97,8.05,100.0,102.64,32.49,-50.2,-2.35,14.0,1,2026-05-18 to 2026-09-02 (75 days),-1.0,55.9,0.1951,177.22,157.69,BULLISH,LOW,Strong trend (ADX=35); Last surprise: +20.1%; Earnings conf adj: +1,9.61,-1.0,1.0,61,2026-11-03,20.12,1
2026-09-03T14:55:15,2026-09-03,OSK,HOLD,0,Stochastic Oscillator,HIGH,4,33.49,152.89,4.76,0.0,7.14,0.0,0.0,2026-09-26,1.78,3.07,100.0,133.08,50.87,-71.15,-6.22,23.5,2,2026-05-18 to 2026-09-02 (75 days),-1.0,51.4,0.309,149.56,144.29,BULLISH,MEDIUM,No special conditions,6.07,-1.0,1.0,55,2026-10-28,,0
2026-09-03T14:53:39,2026-09-03,LDOS,HOLD,0,ADX Trend Following,HIGH,5,33.45,133.78,4.34,0.0,6.51,0.0,0.0,2026-09-17,1.57,2.57,66.7,11.65,39.62,11.53,-8.66,14.0,3,2026-05-18 to 2026-09-02 (75 days),-1.0,49.9,0.3727,121.75,153.07,BEARISH,MEDIUM,Strong trend (ADX=35); Last surprise: +12.0%; Earnings conf adj: +1,5.03,-1.0,1.0,61,2026-11-03,12.03,1
2026-09-03T14:53:27,2026-09-03,HIG,HOLD,0,Stochastic Oscillator,HIGH,5,33.35,137.21,1.94,0.0,2.91,0.0,0.0,2026-09-24,1.04,1.7,100.0,52.89,14.81,9.98,-3.44,21.5,2,2026-05-18 to 2026-09-02 (75 days),-1.0,47.5,0.1665,138.21,134.93,BULLISH,LOW,Last surprise: +8.9%; Earnings conf adj: +1,10.0,-1.0,1.0,56,2026-10-29,8.92,1
2026-09-03T14:55:11,2026-09-03,CFR,HOLD,0,Stochastic Oscillator,HIGH,4,33.34,161.66,2.32,0.0,3.07,0.0,0.0,2026-09-10,1.84,3.31,100.0,64.06,16.67,-64.12,-4.36,7.0,2,2026-05-18 to 2026-09-02 (75 days),-1.0,48.7,0.1472,160.89,141.01,BULLISH,LOW,Strong trend (ADX=40),10.0,-1.0,1.0,56,2026-10-29,,0
2026-09-03T14:52:35,2026-09-03,ABBV,HOLD,0,Stochastic Oscillator,HIGH,4,33.33,261.72,3.09,0.0,4.63,0.0,0.0,2026-09-18,2.54,7.33,100.0,85.48,26.47,-92.44,-1.56,15.0,1,2026-05-18 to 2026-09-02 (75 days),-1.0,57.7,0.2116,253.21,225.5,BULLISH,MEDIUM,Last surprise: +1.1%,8.86,-1.0,1.0,56,2026-10-29,1.11,0
2026-09-03T14:54:16,2026-09-03,SYY,HOLD,0,Stochastic Oscillator,HIGH,4,33.32,81.76,1.94,0.0,2.76,0.0,0.0,2026-09-11,1.49,3.99,100.0,30.54,7.43,-39.42,-1.37,8.0,1,2026-05-18 to 2026-09-02 (75 days),-1.0,44.2,0.124,83.04,78.58,BULLISH,LOW,Last surprise: +1.3%,10.0,-1.0,1.0,61,2026-11-03,1.32,0
2026-09-03T14:53:21,2026-09-03,FOXA,HOLD,0,EMA Crossover (9/21),HIGH,5,33.3,67.52,4.0,0.0,6.0,0.0,0.0,2026-10-16,2.45,4.9,100.0,171.83,70.36,61.57,-6.26,43.0,1,2026-05-18 to 2026-09-02 (75 days),-1.0,58.0,0.395,60.02,63.3,BEARISH,MEDIUM,Strong trend (ADX=32); Last surprise: +29.7%; Earnings conf adj: +1,4.75,-1.0,1.0,56,2026-10-29,29.71,1
2026-09-03T14:56:17,2026-09-03,XLV,BUY,1,52-Week High Momentum,HIGH,4,33.28,172.95,1.85,169.75,5.55,182.55,10.0,2026-12-01,2.5,4.64,100.0,134.3,51.46,-30.46,-3.74,89.0,1,2026-05-18 to 2026-09-02 (75 days),0.393,60.6,0.186,165.01,154.32,BULLISH,LOW,Size: Kelly 10.0% / VolTgt 10.0% / Blend 10.0%,10.0,-1.0,1.0,-1,,,0
2026-09-03T14:52:45,2026-09-03,AWK,HOLD,0,Composite Multi-Indicator,HIGH,4,33.25,139.49,2.99,0.0,8.97,0.0,0.0,2026-11-14,2.03,3.58,100.0,123.06,47.92,-1.37,-5.59,72.0,1,2026-05-18 to 2026-09-02 (75 days),-1.0,59.0,0.2023,134.08,129.84,BULLISH,MEDIUM,Last surprise: +3.9%,9.27,-1.0,1.0,55,2026-10-28,3.87,0
2026-09-03T14:54:25,2026-09-03,V,HOLD,0,Multi-Factor Momentum MR,HIGH,4,33.23,378.4,2.47,0.0,7.41,0.0,0.0,2026-11-12,2.66,4.97,100.0,140.09,55.69,-0.4,-4.03,70.0,1,2026-05-18 to 2026-09-02 (75 days),-1.0,59.3,0.2069,360.94,332.42,BULLISH,MEDIUM,Last surprise: +2.8%,9.06,-1.0,1.0,54,2026-10-27,2.79,0
2026-09-03T14:54:21,2026-09-03,TRGP,BUY,1,PEAD Earnings Drift,HIGH,5,33.2,293.46,6.31,274.94,15.06,337.66,7.3,2026-09-25,1.95,4.92,100.0,104.52,39.29,12.05,-5.08,22.0,1,2026-05-18 to 2026-09-02 (75 days),0.298,57.9,0.4077,276.22,234.99,BULLISH,HIGH,Strong trend (ADX=31); Last surprise: +14.4%; Earnings conf adj: +1; Size: Kelly 10.0% / VolTgt 4.6% / Blend 7.3%,4.6,-1.0,1.0,63,2026-11-05,14.44,1
2026-09-03T14:55:16,2026-09-03,SAIA,HOLD,0,VWAP Trend,LOW,0,33.2,332.04,6.39,0.0,4.63,0.0,0.0,2026-09-05,-0.28,-0.39,53.8,0.96,-7.92,58.71,-14.95,2.2,13,2026-05-18 to 2026-09-02 (75 days),-1.0,32.4,0.396,390.88,384.13,BULLISH,MEDIUM,Strong trend (ADX=34),4.73,-1.0,1.0,56,2026-10-29,,0
2026-09-03T14:55:37,2026-09-03,ELF,HOLD,0,MACD Crossover,HIGH,4,33.04,107.36,8.2,0.0,15.86,0.0,0.0,2026-09-16,2.89,5.08,66.7,4.81,244.58,-639.37,-13.73,13.8,6,2026-05-18 to 2026-09-02 (75 days),-1.0,67.3,0.5423,85.98,75.68,BULLISH,HIGH,Strong trend (ADX=57),3.46,-1.0,1.0,62,2026-11-04,,0
2026-09-03T14:55:07,2026-09-03,NYT,HOLD,0,Composite Multi-Indicator,HIGH,4,32.98,67.68,2.42,0.0,3.63,0.0,0.0,2026-10-01,1.1,1.84,100.0,32.6,11.15,45.08,-3.06,28.0,1,2026-05-18 to 2026-09-02 (75 days),-1.0,47.6,0.1951,70.36,73.18,BEARISH,LOW,Last surprise: +3.0%,9.61,-1.0,1.0,62,2026-11-04,2.99,0
2026-09-03T14:55:33,2026-09-03,MTDR,HOLD,0,Composite Multi-Indicator,HIGH,4,32.98,59.58,4.64,0.0,16.24,0.0,0.0,2026-10-13,2.03,3.42,100.0,180.64,75.34,79.59,-9.32,40.0,1,2026-05-18 to 2026-09-02 (75 days),-1.0,66.8,0.3889,52.31,50.92,BULLISH,MEDIUM,Strong trend (ADX=33),4.82,-1.0,1.0,54,2026-10-27,,0
2026-09-03T14:55:15,2026-09-03,SIRI,HOLD,0,ADX Trend Following,MEDIUM,3,32.97,29.7,3.71,0.0,7.42,0.0,0.0,2026-09-27,0.67,1.1,100.0,43.6,14.19,-46.16,-9.21,24.0,2,2026-05-18 to 2026-09-02 (75 days),-1.0,56.2,0.3584,29.46,24.54,BULLISH,MEDIUM,High volume,5.23,-1.0,1.0,63,2026-11-05,,0
2026-09-03T14:54:20,2026-09-03,TRV,HOLD,0,Stochastic Oscillator,HIGH,5,32.89,366.18,1.96,0.0,2.94,0.0,0.0,2026-09-18,1.62,2.99,100.0,62.59,17.69,-69.27,-2.27,15.0,2,2026-05-18 to 2026-09-02 (75 days),-1.0,49.3,0.1613,361.05,310.2,BULLISH,LOW,Last surprise: +86.3%; Earnings conf adj: +1,10.0,-1.0,1.0,42,2026-10-15,86.27,1
2026-09-03T14:54:33,2026-09-03,XOM,HOLD,0,Donchian Breakout (20/55),HIGH,5,32.87,164.15,3.01,0.0,9.03,0.0,0.0,2026-10-17,2.23,4.74,100.0,112.59,42.78,32.4,-5.84,44.0,1,2026-05-18 to 2026-09-02 (75 days),-1.0,61.5,0.2663,151.31,142.63,BULLISH,MEDIUM,Last surprise: +13.2%; Earnings conf adj: +1,7.04,-1.0,1.0,57,2026-10-30,13.22,1
2026-09-03T14:53:38,2026-09-03,KLAC,HOLD,0,VWAP Trend,HIGH,5,32.79,172.26,8.41,0.0,5.14,0.0,0.0,2026-09-05,1.03,1.58,75.0,1.6,45.28,51.33,-18.93,2.6,8,2026-05-18 to 2026-09-02 (75 days),-1.0,34.9,0.4045,208.39,170.51,BULLISH,HIGH,Strong trend (ADX=37); Last surprise: +5.0%; Earnings conf adj: +1,4.64,-1.0,1.0,55,2026-10-28,5.0,1
2026-09-03T14:52:49,2026-09-03,BIIB,BUY,1,PEAD Earnings Drift,HIGH,5,32.72,222.67,3.62,214.61,11.51,248.3,8.52,2026-10-03,2.22,4.43,100.0,102.31,38.36,-27.55,-3.25,30.0,1,2026-05-18 to 2026-09-02 (75 days),0.488,61.8,0.2668,208.65,190.48,BULLISH,MEDIUM,High volume; Strong trend (ADX=31); Last surprise: +77.3%; Earnings conf adj: +1; Size: Kelly 10.0% / VolTgt 7.0% / Blend 8.5%,7.03,-1.0,1.0,56,2026-10-29,77.34,1
2026-09-03T14:56:09,2026-09-03,HOG,HOLD,0,Stochastic Oscillator,HIGH,4,32.7,27.81,4.19,0.0,6.29,0.0,0.0,2026-09-24,1.84,4.33,100.0,112.98,41.51,-19.89,-3.06,21.0,1,2026-05-18 to 2026-09-02 (75 days),-1.0,55.9,0.3752,26.29,22.77,BULLISH,MEDIUM,No special conditions,5.0,-1.0,1.0,62,2026-11-04,,0
2026-09-03T14:52:46,2026-09-03,AXON,BUY,1,VWAP Trend,HIGH,4,32.66,506.98,11.55,448.42,14.0,577.96,6.06,2026-09-07,1.46,2.89,55.6,2.14,65.95,-59.4,-17.17,4.1,9,2026-05-18 to 2026-09-02 (75 days),0.377,37.7,0.8782,563.78,505.78,BULLISH,HIGH,Price at statistical extreme; Last surprise: +2.2%; Size: Kelly 10.0% / VolTgt 2.1% / Blend 6.1%,2.13,-1.0,1.0,61,2026-11-03,2.17,0
2026-09-03T14:55:31,2026-09-03,PPC,HOLD,0,Composite Multi-Indicator,HIGH,4,32.6,31.12,8.55,0.0,12.83,0.0,0.0,2026-10-06,1.8,3.83,100.0,136.43,53.99,16.79,-5.05,33.0,1,2026-05-18 to 2026-09-02 (75 days),-1.0,57.9,0.4649,28.91,34.57,BEARISH,HIGH,Strong trend (ADX=42),4.03,-1.0,1.0,55,2026-10-28,,0
2026-09-03T14:52:37,2026-09-03,AES,HOLD,0,Multi-Factor Momentum MR,MEDIUM,3,32.58,14.8,1.5,0.0,1.82,0.0,0.0,2026-11-09,1.95,3.43,100.0,16.52,5.37,-5.51,-0.88,67.0,1,2026-05-18 to 2026-09-02 (75 days),-1.0,65.2,0.0283,14.65,14.29,BULLISH,LOW,Price at statistical extreme; Strong trend (ADX=30); Last surprise: -6.4%; Earnings conf adj: -1,10.0,-1.0,1.0,62,2026-11-04,-6.38,-1
2026-09-03T14:53:32,2026-09-03,INTU,HOLD,0,EMA Crossover (9/21),HIGH,5,32.57,342.94,8.89,0.0,13.34,0.0,0.0,2026-10-17,1.81,3.12,100.0,166.18,68.14,109.62,-7.39,44.0,1,2026-05-18 to 2026-09-02 (75 days),-1.0,51.8,0.4652,312.25,427.79,BEARISH,HIGH,Last surprise: +12.3%; Earnings conf adj: +1,4.03,-1.0,1.0,77,2026-11-19,12.26,1
2026-09-03T14:54:37,2026-09-03,VNOM,HOLD,0,ADX Trend Following,MEDIUM,2,32.57,45.12,3.03,0.0,6.49,0.0,0.0,2026-09-14,0.93,1.43,66.7,1.84,12.76,33.69,-7.64,11.7,3,2026-05-18 to 2026-09-02 (75 days),-1.0,59.5,0.2408,42.78,42.1,BULLISH,MEDIUM,Strong trend (ADX=34); Last surprise: -5.0%; Earnings conf adj: -1,7.79,-1.0,1.0,60,2026-11-02,-5.0,-1
2026-09-03T14:55:28,2026-09-03,THG,HOLD,0,VWAP Trend,HIGH,4,32.53,227.12,2.03,0.0,1.71,0.0,0.0,2026-09-04,1.48,2.97,70.0,3.34,14.62,-48.89,-2.23,1.7,10,2026-05-18 to 2026-09-02 (75 days),-1.0,56.7,0.1666,220.87,189.86,BULLISH,LOW,No special conditions,10.0,-1.0,1.0,55,2026-10-28,,0
2026-09-03T14:53:06,2026-09-03,DE,BUY,1,PEAD Earnings Drift,HIGH,5,32.49,698.37,6.44,653.39,8.98,761.08,7.32,2026-09-11,2.84,9.6,100.0,106.36,38.67,-69.58,-1.87,8.0,1,2026-05-18 to 2026-09-02 (75 days),0.532,70.2,0.4031,615.56,563.94,BULLISH,HIGH,RSI overbought; High volume; Price at statistical extreme; Last surprise: +8.3%; Earnings conf adj: +1; Size: Kelly 10.0% / VolTgt 4.7% / Blend 7.3%,4.65,-1.0,1.0,83,2026-11-25,8.28,1
2026-09-03T14:55:27,2026-09-03,CHRD,HOLD,0,SMA Crossover (10/50),HIGH,4,32.38,149.58,4.81,0.0,14.43,0.0,0.0,2026-10-09,2.28,4.3,100.0,170.64,69.76,63.55,-7.43,36.0,1,2026-05-18 to 2026-09-02 (75 days),-1.0,63.5,0.3574,131.57,118.41,BULLISH,MEDIUM,No special conditions,5.25,-1.0,1.0,61,2026-11-03,,0
2026-09-03T14:53:52,2026-09-03,MTB,BUY,1,VWAP Trend,HIGH,5,32.36,235.48,2.21,230.28,1.85,239.84,10.0,2026-09-04,1.74,3.36,63.6,2.4,16.26,-48.06,-3.26,1.9,11,2026-05-18 to 2026-09-02 (75 days),0.615,40.3,0.1703,243.15,217.23,BULLISH,LOW,Strong trend (ADX=39); Last surprise: +14.2%; Earnings conf adj: +1; Size: Kelly 10.0% / VolTgt 10.0% / Blend 10.0%,10.0,-1.0,1.0,43,2026-10-16,14.16,1
2026-09-03T14:55:37,2026-09-03,FNB,BUY,1,VWAP Trend,HIGH,4,32.36,18.28,2.13,17.89,2.35,18.71,10.0,2026-09-05,1.32,2.09,75.0,2.93,13.64,-14.42,-3.8,2.8,8,2026-05-18 to 2026-09-02 (75 days),0.714,43.7,0.1787,18.79,17.49,BULLISH,LOW,Strong trend (ADX=40); Size: Kelly 10.0% / VolTgt 10.0% / Blend 10.0%,10.0,-1.0,1.0,42,2026-10-15,,0
2026-09-03T14:53:14,2026-09-03,EQT,HOLD,0,EMA Crossover (9/21),HIGH,4,32.35,55.75,3.85,0.0,5.78,0.0,0.0,2026-10-10,1.83,3.27,100.0,74.48,27.25,36.01,-4.05,37.0,1,2026-05-18 to 2026-09-02 (75 days),-1.0,64.9,0.2215,52.42,55.89,BEARISH,MEDIUM,Strong trend (ADX=32); Last surprise: -2.5%,8.47,-1.0,1.0,47,2026-10-20,-2.5,0
2026-09-03T14:54:16,2026-09-03,T,HOLD,0,Momentum (Rate of Change),HIGH,5,32.34,25.95,2.11,0.0,3.17,0.0,0.0,2026-10-21,2.76,5.28,100.0,179.62,62.2,33.69,-6.49,48.0,1,2026-05-18 to 2026-09-02 (75 days),-1.0,67.1,0.1783,23.33,24.68,BEARISH,LOW,Strong trend (ADX=52); Last surprise: +10.2%; Earnings conf adj: +1,10.0,-1.0,1.0,48,2026-10-21,10.17,1
2026-09-03T14:54:54,2026-09-03,RPM,HOLD,0,MACD Crossover,MEDIUM,3,32.34,103.23,3.3,0.0,6.6,0.0,0.0,2026-10-05,0.51,0.78,100.0,29.53,9.68,-15.74,-8.76,32.5,2,2026-05-18 to 2026-09-02 (75 days),-1.0,38.1,0.1999,108.64,105.73,BULLISH,LOW,Last surprise: +3.3%,9.38,-1.0,1.0,28,2026-10-01,3.28,0
2026-09-03T14:53:17,2026-09-03,FAST,HOLD,0,MACD Crossover,HIGH,4,32.32,47.93,2.93,0.0,7.29,0.0,0.0,2026-09-23,1.49,2.46,66.7,5.68,28.43,-7.91,-7.67,20.0,3,2026-05-18 to 2026-09-02 (75 days),-1.0,38.7,0.207,48.45,44.88,BULLISH,MEDIUM,Price at statistical extreme; Strong trend (ADX=31); Last surprise: +0.0%,9.06,-1.0,1.0,41,2026-10-14,0.0,0
2026-09-03T14:54:06,2026-09-03,QCOM,HOLD,0,ADX Trend Following,HIGH,4,32.3,169.96,4.52,0.0,11.36,0.0,0.0,2026-09-24,1.13,1.95,100.0,41.25,13.58,58.87,-4.38,21.0,1,2026-05-18 to 2026-09-02 (75 days),-1.0,54.6,0.3147,170.61,167.0,BULLISH,MEDIUM,Last surprise: -0.5%,5.96,-1.0,1.0,56,2026-10-29,-0.45,0
2026-09-03T14:52:50,2026-09-03,BR,HOLD,0,MACD Crossover,HIGH,4,32.25,178.06,3.68,0.0,5.52,0.0,0.0,2026-09-30,1.93,3.36,66.7,8.45,71.49,-9.44,-9.44,27.3,3,2026-05-18 to 2026-09-02 (75 days),-1.0,58.7,0.2737,159.53,176.18,BEARISH,MEDIUM,Strong trend (ADX=37); Last surprise: +1.6%,6.85,-1.0,1.0,61,2026-11-03,1.6,0
2026-09-03T14:53:35,2026-09-03,IVZ,HOLD,0,Composite Multi-Indicator,HIGH,5,32.21,31.72,4.14,0.0,12.42,0.0,0.0,2026-11-08,1.86,2.92,100.0,164.14,67.15,-1.48,-10.2,66.0,1,2026-05-18 to 2026-09-02 (75 days),-1.0,51.2,0.2186,30.01,26.79,BULLISH,MEDIUM,Last surprise: +7.6%; Earnings conf adj: +1,8.58,-1.0,1.0,54,2026-10-27,7.58,1
2026-09-03T14:52:56,2026-09-03,CL,HOLD,0,VWAP Trend,LOW,1,32.06,90.1,2.17,0.0,2.55,0.0,0.0,2026-09-07,0.28,0.4,57.1,1.34,2.97,0.31,-7.13,4.0,7,2026-05-18 to 2026-09-02 (75 days),-1.0,45.3,0.1619,91.73,86.82,BULLISH,LOW,Last surprise: +4.2%,7.0,-1.0,1.0,57,2026-10-30,4.21,0
2026-09-03T14:52:35,2026-09-03,ACN,HOLD,0,VWAP Trend,HIGH,4,32.0,187.68,5.19,0.0,7.79,0.0,0.0,2026-09-14,1.13,1.48,66.7,1.68,54.07,28.25,-27.54,11.5,6,2026-05-18 to 2026-09-02 (75 days),-1.0,63.7,0.3425,158.89,200.43,BEARISH,MEDIUM,Last surprise: +2.4%,5.48,-1.0,1.0,28,2026-10-01,2.43,0
2026-09-03T14:54:40,2026-09-03,WWD,EXIT,-1,VWAP Trend,HIGH,4,31.98,335.52,4.29,349.91,3.43,324.01,8.19,2026-09-05,2.92,8.85,66.7,4.96,51.36,63.73,-2.57,2.2,9,2026-05-18 to 2026-09-02 (75 days),-1.0,34.5,0.294,382.13,358.3,BULLISH,MEDIUM,Last surprise: +2.9%; Size: Kelly 10.0% / VolTgt 6.4% / Blend 8.2%,6.38,-1.0,1.0,81,2026-11-23,2.86,0
2026-09-03T14:53:02,2026-09-03,CSGP,HOLD,0,Stochastic Oscillator,HIGH,5,31.87,31.26,8.37,0.0,12.55,0.0,0.0,2026-10-25,1.26,2.25,100.0,130.07,50.6,69.14,-10.64,52.0,1,2026-05-18 to 2026-09-02 (75 days),-1.0,49.2,0.5358,30.21,44.09,BEARISH,HIGH,Last surprise: +10.3%; Earnings conf adj: +1,3.5,-1.0,1.0,54,2026-10-27,10.34,1
2026-09-03T14:53:27,2026-09-03,HBAN,HOLD,0,Stochastic Oscillator,HIGH,4,31.87,16.88,2.52,0.0,3.78,0.0,0.0,2026-09-18,2.8,5.03,66.7,14.39,52.82,17.06,-3.73,15.3,3,2026-05-18 to 2026-09-02 (75 days),-1.0,43.6,0.1987,17.54,16.77,BULLISH,LOW,Strong trend (ADX=35); Last surprise: +0.0%,9.44,-1.0,1.0,49,2026-10-22,0.0,0
2026-09-03T14:56:11,2026-09-03,VC,BUY,1,Stochastic Oscillator,MEDIUM,2,31.77,101.72,3.85,97.8,5.78,107.6,9.2,2026-11-05,0.5,0.75,100.0,30.06,9.11,26.94,-7.18,63.0,1,2026-05-18 to 2026-09-02 (75 days),0.417,43.6,0.2233,104.18,101.57,BULLISH,MEDIUM,Size: Kelly 10.0% / VolTgt 8.4% / Blend 9.2%,8.4,-1.0,1.0,49,2026-10-22,,0
2026-09-03T14:52:52,2026-09-03,C,HOLD,0,Stochastic Oscillator,LOW,1,31.74,134.34,2.97,0.0,4.46,0.0,0.0,2026-09-27,-0.04,-0.05,50.0,1.03,-2.62,-42.27,-10.33,24.0,2,2026-05-18 to 2026-09-02 (75 days),-1.0,51.2,0.2218,135.17,121.79,BULLISH,MEDIUM,Last surprise: +15.9%; Earnings conf adj: +1,7.0,-1.0,1.0,40,2026-10-13,15.87,1
2026-09-03T14:55:40,2026-09-03,GATX,HOLD,0,ADX Trend Following,MEDIUM,2,31.68,175.78,2.37,0.0,4.74,0.0,0.0,2026-10-26,0.12,0.17,100.0,3.95,0.66,-9.97,-5.78,53.0,1,2026-05-18 to 2026-09-02 (75 days),-1.0,44.3,0.1281,178.67,177.12,BULLISH,LOW,No special conditions,10.0,-1.0,1.0,47,2026-10-20,,0
2026-09-03T14:54:41,2026-09-03,CNH,HOLD,0,Composite Multi-Indicator,HIGH,5,31.53,13.65,8.09,0.0,26.71,0.0,0.0,2026-10-07,2.96,7.28,100.0,321.67,157.49,5.01,-10.61,34.0,1,2026-05-18 to 2026-09-02 (75 days),-1.0,75.6,0.5817,10.9,10.64,BULLISH,HIGH,RSI overbought; High volume; Price at statistical extreme; Strong trend (ADX=44); Last surprise: +18.2%; Earnings conf adj: +1,3.22,-1.0,1.0,67,2026-11-09,18.18,1
2026-09-03T14:55:45,2026-09-03,DLB,HOLD,0,EMA Crossover (9/21),HIGH,4,31.52,61.79,4.08,0.0,6.12,0.0,0.0,2026-10-07,2.3,7.16,100.0,199.28,84.94,27.25,-7.09,34.0,1,2026-05-18 to 2026-09-02 (75 days),-1.0,55.7,0.2476,56.06,59.76,BEARISH,MEDIUM,Strong trend (ADX=38),7.57,-1.0,1.0,75,2026-11-17,,0
2026-09-03T14:54:44,2026-09-03,MEDP,HOLD,0,Composite Multi-Indicator,HIGH,5,31.45,593.02,4.53,0.0,13.59,0.0,0.0,2026-10-23,2.85,8.48,100.0,327.84,161.53,-60.46,-6.58,50.0,1,2026-05-18 to 2026-09-02 (75 days),-1.0,51.4,0.2595,571.02,520.72,BULLISH,MEDIUM,Last surprise: +6.2%; Earnings conf adj: +1,7.22,-1.0,1.0,46,2026-10-19,6.25,1
2026-09-03T14:55:54,2026-09-03,CUZ,HOLD,0,MACD Crossover,HIGH,4,31.42,28.84,2.55,0.0,5.22,0.0,0.0,2026-09-14,1.14,1.82,100.0,47.47,16.17,-25.26,-5.2,11.7,3,2026-05-18 to 2026-09-02 (75 days),-1.0,39.0,0.1938,30.33,26.01,BULLISH,LOW,No special conditions,9.67,-1.0,1.0,56,2026-10-29,,0
2026-09-03T14:55:38,2026-09-03,G,HOLD,0,EMA Crossover (9/21),HIGH,4,31.41,37.49,4.24,0.0,6.36,0.0,0.0,2026-10-20,2.54,5.17,100.0,212.66,92.05,4.52,-8.2,47.0,1,2026-05-18 to 2026-09-02 (75 days),-1.0,63.8,0.3263,32.99,37.42,BEARISH,MEDIUM,Strong trend (ADX=48),5.75,-1.0,1.0,63,2026-11-05,,0
2026-09-03T14:54:41,2026-09-03,NTNX,HOLD,0,Momentum (Rate of Change),HIGH,5,31.37,66.85,7.58,0.0,20.77,0.0,0.0,2026-10-16,2.18,4.12,100.0,274.31,123.51,-97.82,-14.03,43.0,2,2026-05-18 to 2026-09-02 (75 days),-1.0,59.0,0.4022,59.28,48.82,BULLISH,HIGH,Strong trend (ADX=48); Last surprise: +22.4%; Earnings conf adj: +1,4.66,-1.0,1.0,83,2026-11-25,22.45,1
2026-09-03T14:55:14,2026-09-03,WLK,HOLD,0,Stochastic Oscillator,LOW,0,31.37,76.27,4.23,0.0,6.35,0.0,0.0,2026-10-19,-0.49,-0.99,50.0,0.34,-21.27,22.42,-21.03,46.0,2,2026-05-18 to 2026-09-02 (75 days),-1.0,49.9,0.2742,75.57,86.81,BEARISH,MEDIUM,No special conditions,6.84,-1.0,1.0,56,2026-10-29,,0
2026-09-03T14:53:51,2026-09-03,MSFT,HOLD,0,Composite Multi-Indicator,HIGH,5,31.31,496.82,2.88,0.0,9.25,0.0,0.0,2026-10-02,2.96,6.03,100.0,139.54,54.38,-20.2,-5.08,29.0,1,2026-05-18 to 2026-09-02 (75 days),-1.0,61.1,0.2183,437.7,429.37,BULLISH,MEDIUM,Strong trend (ADX=41); Last surprise: +11.8%; Earnings conf adj: +1,8.59,-1.0,1.0,55,2026-10-28,11.79,1
2026-09-03T14:53:50,2026-09-03,MRK,BUY,1,52-Week High Momentum,HIGH,5,31.29,151.64,6.35,142.01,22.22,185.33,6.84,2026-12-11,2.49,5.47,100.0,274.73,127.62,-55.1,-6.78,99.0,1,2026-05-18 to 2026-09-02 (75 days),0.25,65.7,0.5089,133.46,116.84,BULLISH,HIGH,Strong trend (ADX=53); Last surprise: +50.0%; Earnings conf adj: +1; Size: Kelly 10.0% / VolTgt 3.7% / Blend 6.8%,3.68,-1.0,1.0,56,2026-10-29,50.0,1
2026-09-03T14:55:06,2026-09-03,KNX,BUY,1,Stochastic Oscillator,HIGH,4,31.26,67.42,4.96,64.08,7.44,72.44,7.74,2026-09-21,0.75,1.58,100.0,41.98,10.41,18.42,-4.31,18.0,1,2026-05-18 to 2026-09-02 (75 days),0.77,42.0,0.3417,72.41,62.87,BULLISH,MEDIUM,Strong trend (ADX=36); Last surprise: +23.5%; Earnings conf adj: +1; Size: Kelly 10.0% / VolTgt 5.5% / Blend 7.7%,5.49,-1.0,1.0,48,2026-10-21,23.53,1
2026-09-03T14:55:23,2026-09-03,KNSL,HOLD,0,VWAP Trend,HIGH,4,31.23,376.78,3.82,0.0,5.73,0.0,0.0,2026-09-14,1.7,2.58,83.3,4.11,56.67,-10.0,-8.35,11.7,6,2026-05-18 to 2026-09-02 (75 days),-1.0,53.9,0.2427,357.51,357.61,BEARISH,MEDIUM,No special conditions,7.73,-1.0,1.0,49,2026-10-22,,0
2026-09-03T14:55:26,2026-09-03,UGI,HOLD,0,Stochastic Oscillator,HIGH,4,31.21,37.9,5.55,0.0,8.32,0.0,0.0,2026-09-25,1.32,4.93,100.0,76.93,25.64,-16.66,-2.49,22.0,1,2026-05-18 to 2026-09-02 (75 days),-1.0,57.4,0.4027,36.33,36.2,BULLISH,HIGH,No special conditions,4.66,-1.0,1.0,76,2026-11-18,,0
2026-09-03T14:53:31,2026-09-03,ICE,HOLD,0,SMA Crossover (10/50),HIGH,4,31.18,157.85,2.38,0.0,3.57,0.0,0.0,2026-10-10,1.8,3.06,100.0,60.32,21.63,16.19,-4.52,37.0,1,2026-05-18 to 2026-09-02 (75 days),-1.0,57.0,0.1472,146.52,154.43,BEARISH,LOW,Strong trend (ADX=47); Last surprise: +3.3%,10.0,-1.0,1.0,56,2026-10-29,3.26,0
2026-09-03T14:53:35,2026-09-03,J,HOLD,0,ADX Trend Following,HIGH,4,31.1,147.08,3.01,0.0,6.93,0.0,0.0,2026-09-22,2.16,3.58,66.7,7.02,48.53,-97.03,-5.59,19.3,3,2026-05-18 to 2026-09-02 (75 days),-1.0,55.9,0.2005,137.24,132.06,BULLISH,MEDIUM,Strong trend (ADX=46); Last surprise: +0.5%,9.35,-1.0,1.0,77,2026-11-19,0.55,0
2026-09-03T14:54:58,2026-09-03,BMRN,HOLD,0,VWAP Trend,HIGH,5,31.07,66.97,5.09,0.0,7.79,0.0,0.0,2026-09-08,1.81,4.0,62.5,9.32,59.34,-117.34,-5.56,5.6,8,2026-05-18 to 2026-09-02 (75 days),-1.0,58.2,0.4181,62.21,57.73,BULLISH,HIGH,Last surprise: +26.3%; Earnings conf adj: +1,4.48,-1.0,1.0,53,2026-10-26,26.32,1
2026-09-03T14:53:52,2026-09-03,NDSN,HOLD,0,Stochastic Oscillator,HIGH,5,30.99,316.63,3.88,0.0,5.82,0.0,0.0,2026-10-07,3.09,5.34,100.0,191.59,80.54,20.87,-3.98,34.0,2,2026-05-18 to 2026-09-02 (75 days),-1.0,51.6,0.3348,304.16,277.31,BULLISH,MEDIUM,Strong trend (ADX=41); Last surprise: +5.2%; Earnings conf adj: +1,5.6,-1.0,1.0,-15,2026-08-19,5.18,1
2026-09-03T14:55:53,2026-09-03,SLM,HOLD,0,Stochastic Oscillator,HIGH,4,30.98,26.51,3.73,0.0,5.59,0.0,0.0,2026-09-25,2.08,3.13,100.0,162.27,59.1,-38.07,-7.59,22.5,2,2026-05-18 to 2026-09-02 (75 days),-1.0,51.5,0.2566,26.0,24.36,BULLISH,MEDIUM,No special conditions,7.31,-1.0,1.0,49,2026-10-22,,0
2026-09-03T14:53:51,2026-09-03,MSI,HOLD,0,Momentum (Rate of Change),HIGH,5,30.94,478.92,3.09,0.0,10.81,0.0,0.0,2026-12-11,2.15,4.44,100.0,169.23,67.33,-3.77,-5.97,99.0,1,2026-05-18 to 2026-09-02 (75 days),-1.0,58.7,0.3625,441.77,420.26,BULLISH,MEDIUM,Strong trend (ADX=50); Last surprise: +14.5%; Earnings conf adj: +1,5.17,-1.0,1.0,63,2026-11-05,14.55,1
2026-09-03T14:55:36,2026-09-03,CLF,HOLD,0,VWAP Trend,HIGH,4,30.88,12.42,11.39,0.0,8.05,0.0,0.0,2026-09-07,1.98,4.18,55.6,2.51,128.66,60.39,-17.61,4.1,9,2026-05-18 to 2026-09-02 (75 days),-1.0,60.1,0.5051,10.94,11.4,BEARISH,HIGH,No special conditions,3.71,-1.0,1.0,46,2026-10-19,,0
2026-09-03T14:52:37,2026-09-03,AEP,HOLD,0,VWAP Trend,MEDIUM,3,30.8,123.57,2.01,0.0,2.0,0.0,0.0,2026-09-05,2.22,4.49,62.5,2.9,21.3,29.5,-1.69,2.2,8,2026-05-18 to 2026-09-02 (75 days),-1.0,43.4,0.1715,129.09,125.2,BULLISH,LOW,Last surprise: -8.1%; Earnings conf adj: -1,10.0,-1.0,1.0,56,2026-10-29,-8.11,-1
2026-09-03T14:55:59,2026-09-03,NVST,HOLD,0,Stochastic Oscillator,HIGH,4,30.8,27.39,4.34,0.0,6.51,0.0,0.0,2026-09-25,1.68,3.3,100.0,95.33,34.07,-43.24,-5.86,22.0,2,2026-05-18 to 2026-09-02 (75 days),-1.0,50.6,0.2799,27.17,25.22,BULLISH,MEDIUM,No special conditions,6.7,-1.0,1.0,55,2026-10-28,,0
2026-09-03T14:55:55,2026-09-03,FHI,HOLD,0,Composite Multi-Indicator,HIGH,4,30.78,60.73,2.58,0.0,9.03,0.0,0.0,2026-11-28,2.37,4.03,100.0,170.65,70.34,22.03,-8.03,86.0,1,2026-05-18 to 2026-09-02 (75 days),-1.0,39.9,0.1701,60.47,55.55,BULLISH,LOW,Price at statistical extreme; Strong trend (ADX=39),10.0,-1.0,1.0,56,2026-10-29,,0
2026-09-03T14:56:03,2026-09-03,IRT,HOLD,0,VWAP Trend,HIGH,4,30.76,16.32,3.09,0.0,2.43,0.0,0.0,2026-09-05,1.82,3.78,66.7,3.75,15.61,10.55,-2.41,2.3,9,2026-05-18 to 2026-09-02 (75 days),-1.0,43.6,0.2037,16.71,16.26,BULLISH,MEDIUM,No special conditions,9.2,-1.0,1.0,55,2026-10-28,,0
2026-09-03T14:55:15,2026-09-03,RRC,BUY,1,Momentum (Rate of Change),HIGH,5,30.73,42.48,3.7,40.91,5.55,44.84,8.75,2026-10-14,1.38,2.34,100.0,91.87,27.27,25.39,-5.5,41.0,1,2026-05-18 to 2026-09-02 (75 days),0.357,66.6,0.2501,38.85,39.1,BEARISH,MEDIUM,Strong trend (ADX=42); Last surprise: +21.5%; Earnings conf adj: +1; Size: Kelly 10.0% / VolTgt 7.5% / Blend 8.8%,7.5,-1.0,1.0,54,2026-10-27,21.54,1
2026-09-03T14:55:01,2026-09-03,HALO,HOLD,0,Momentum (Rate of Change),HIGH,5,30.66,109.66,5.13,0.0,17.95,0.0,0.0,2026-12-11,3.66,11.25,100.0,594.75,387.8,-35.78,-7.99,99.0,1,2026-05-18 to 2026-09-02 (75 days),-1.0,73.0,0.7532,89.12,73.81,BULLISH,HIGH,RSI overbought; Strong trend (ADX=42); Last surprise: +25.3%; Earnings conf adj: +1,2.49,-1.0,1.0,60,2026-11-02,25.27,1
2026-09-03T14:55:44,2026-09-03,CROX,HOLD,0,VWAP Trend,HIGH,4,30.65,115.79,5.1,0.0,3.54,0.0,0.0,2026-09-05,2.04,4.72,71.4,3.13,44.23,-38.53,-6.57,2.1,7,2026-05-18 to 2026-09-02 (75 days),-1.0,34.3,0.3105,128.86,102.89,BULLISH,MEDIUM,Strong trend (ADX=44),6.04,-1.0,1.0,56,2026-10-29,,0
2026-09-03T14:55:04,2026-09-03,WTRG,HOLD,0,Momentum (Rate of Change),MEDIUM,3,30.62,41.55,2.37,0.0,4.74,0.0,0.0,2026-11-20,1.8,3.21,100.0,105.05,39.05,-10.73,-4.74,78.0,1,2026-05-18 to 2026-09-02 (75 days),-1.0,62.4,0.1932,39.43,38.35,BULLISH,LOW,Last surprise: -5.1%; Earnings conf adj: -1,9.7,-1.0,1.0,62,2026-11-04,-5.13,-1
2026-09-03T14:52:35,2026-09-03,ABT,HOLD,0,MACD Crossover,HIGH,4,30.57,110.47,3.46,0.0,5.19,0.0,0.0,2026-10-14,2.51,4.2,100.0,107.36,40.5,-82.52,-4.45,41.0,1,2026-05-18 to 2026-09-02 (75 days),-1.0,53.2,0.2142,103.52,105.41,BEARISH,MEDIUM,Last surprise: +2.3%,8.76,-1.0,1.0,41,2026-10-14,2.34,0
2026-09-03T14:53:20,2026-09-03,FOX,HOLD,0,Composite Multi-Indicator,HIGH,5,30.49,60.27,4.01,0.0,6.01,0.0,0.0,2026-11-21,2.18,3.78,100.0,205.49,88.23,80.65,-11.23,79.0,1,2026-05-18 to 2026-09-02 (75 days),-1.0,58.2,0.3948,53.71,56.83,BEARISH,MEDIUM,Strong trend (ADX=37); Last surprise: +31.6%; Earnings conf adj: +1,4.75,-1.0,1.0,56,2026-10-29,31.62,1
2026-09-03T14:54:19,2026-09-03,TMO,HOLD,0,Donchian Breakout (20/55),HIGH,5,30.45,608.54,4.02,0.0,13.19,0.0,0.0,2026-10-20,2.13,5.62,100.0,141.84,56.5,-141.61,-5.24,47.0,1,2026-05-18 to 2026-09-02 (75 days),-1.0,56.0,0.2444,566.05,534.99,BULLISH,MEDIUM,Strong trend (ADX=36); Last surprise: +5.6%; Earnings conf adj: +1,7.67,-1.0,1.0,48,2026-10-21,5.6,1
2026-09-03T14:54:43,2026-09-03,GWRE,HOLD,0,Donchian Breakout (20/55),LOW,1,30.45,192.76,8.19,0.0,16.38,0.0,0.0,2026-10-07,3.04,6.29,100.0,257.14,117.07,-102.11,-6.46,34.0,1,2026-05-18 to 2026-09-02 (75 days),-1.0,60.9,0.485,157.89,157.44,BULLISH,HIGH,High volume; Strong trend (ADX=46); EARNINGS TODAY (2026-09-03); Last surprise: +10.8%; Earnings conf adj: -3,3.87,-1.0,1.0,0,2026-09-03,10.81,-3
2026-09-03T14:53:15,2026-09-03,ESS,HOLD,0,PEAD Earnings Drift,MEDIUM,3,30.44,277.29,2.08,0.0,5.2,0.0,0.0,2026-11-12,2.02,3.29,100.0,88.83,32.68,22.99,-4.11,70.0,1,2026-05-18 to 2026-09-02 (75 days),-1.0,38.8,0.195,289.3,263.38,BULLISH,LOW,High volume; Strong trend (ADX=30); Last surprise: -36.1%; Earnings conf adj: -1,9.62,-1.0,1.0,54,2026-10-27,-36.05,-1
2026-09-03T14:54:57,2026-09-03,CCK,HOLD,0,Composite Multi-Indicator,HIGH,5,30.42,117.0,2.36,0.0,4.63,0.0,0.0,2026-09-15,1.69,3.67,100.0,35.14,12.09,-78.04,-2.76,12.0,1,2026-05-18 to 2026-09-02 (75 days),-1.0,48.6,0.1697,116.02,105.4,BULLISH,LOW,Last surprise: +15.3%; Earnings conf adj: +1,10.0,-1.0,1.0,46,2026-10-19,15.28,1
2026-09-03T14:54:23,2026-09-03,UBER,HOLD,0,Stochastic Oscillator,MEDIUM,3,30.32,76.45,6.79,0.0,10.19,0.0,0.0,2026-11-25,0.37,0.58,100.0,22.77,7.21,0.86,-13.46,83.0,1,2026-05-18 to 2026-09-02 (75 days),-1.0,51.9,0.428,73.98,76.48,BEARISH,HIGH,Last surprise: +41.0%; Earnings conf adj: +1,4.38,-1.0,1.0,61,2026-11-03,40.96,1
2026-09-03T14:56:10,2026-09-03,RH,BUY,1,Stochastic Oscillator,MEDIUM,3,30.32,147.68,10.3,132.47,12.32,165.87,6.7,2026-09-11,0.77,1.46,100.0,44.15,10.45,-88.21,-3.35,8.0,1,2026-05-18 to 2026-09-02 (75 days),0.175,39.4,0.553,169.18,162.61,BULLISH,HIGH,Strong trend (ADX=36); Size: Kelly 10.0% / VolTgt 3.4% / Blend 6.7%,3.39,-1.0,1.0,7,2026-09-10,,0
2026-09-03T14:53:56,2026-09-03,NWSA,HOLD,0,Momentum (Rate of Change),HIGH,5,30.3,30.65,3.08,0.0,8.73,0.0,0.0,2026-09-27,1.63,2.46,66.7,7.36,42.04,-27.03,-8.23,24.3,3,2026-05-18 to 2026-09-02 (75 days),-1.0,63.6,0.2249,28.24,26.12,BULLISH,MEDIUM,Strong trend (ADX=54); Last surprise: +52.2%; Earnings conf adj: +1,8.34,-1.0,1.0,63,2026-11-05,52.17,1
2026-09-03T14:53:14,2026-09-03,EQIX,BUY,1,Stochastic Oscillator,HIGH,5,30.24,1019.24,4.83,970.01,7.25,1093.13,8.92,2026-10-14,1.2,2.08,100.0,67.03,23.85,34.17,-7.03,41.0,1,2026-05-18 to 2026-09-02 (75 days),0.579,40.2,0.2392,1043.92,949.92,BULLISH,MEDIUM,Last surprise: +6.2%; Earnings conf adj: +1; Size: Kelly 10.0% / VolTgt 7.8% / Blend 8.9%,7.84,-1.0,1.0,55,2026-10-28,6.25,1
2026-09-03T14:53:52,2026-09-03,NDAQ,HOLD,0,SMA Crossover (10/50),HIGH,5,30.22,95.72,2.32,0.0,7.55,0.0,0.0,2026-10-20,1.33,2.28,100.0,43.52,14.8,1.48,-3.87,47.0,1,2026-05-18 to 2026-09-02 (75 days),-1.0,48.3,0.1399,92.04,89.91,BULLISH,LOW,High volume; Strong trend (ADX=31); Last surprise: +9.2%; Earnings conf adj: +1,10.0,-1.0,1.0,49,2026-10-22,9.18,1
2026-09-03T14:55:38,2026-09-03,HRB,HOLD,0,MACD Crossover,HIGH,4,30.18,50.96,6.38,0.0,19.14,0.0,0.0,2026-09-29,1.5,2.92,100.0,159.44,66.33,-98.41,-11.58,26.5,2,2026-05-18 to 2026-09-02 (75 days),-1.0,56.7,0.6588,45.1,38.17,BULLISH,HIGH,No special conditions,2.85,-1.0,1.0,63,2026-11-05,,0
2026-09-03T14:53:25,2026-09-03,GPN,HOLD,0,Composite Multi-Indicator,HIGH,4,30.14,92.81,3.92,0.0,13.72,0.0,0.0,2026-12-02,3.01,5.45,100.0,372.93,193.03,10.42,-7.97,90.0,1,2026-05-18 to 2026-09-02 (75 days),-1.0,60.2,0.3491,83.66,75.16,BULLISH,MEDIUM,Strong trend (ADX=35); Last surprise: +0.6%,5.37,-1.0,1.0,61,2026-11-03,0.58,0
2026-09-03T14:55:55,2026-09-03,KBR,HOLD,0,Composite Multi-Indicator,HIGH,4,30.03,36.93,3.32,0.0,4.98,0.0,0.0,2026-10-07,1.36,2.39,100.0,73.48,26.85,-34.47,-4.37,34.0,1,2026-05-18 to 2026-09-02 (75 days),-1.0,46.9,0.2263,36.5,38.09,BEARISH,MEDIUM,Price at statistical extreme,8.28,-1.0,1.0,49,2026-10-22,,0
2026-09-03T14:54:07,2026-09-03,RF,HOLD,0,VWAP Trend,HIGH,5,29.97,29.93,2.31,0.0,1.85,0.0,0.0,2026-09-04,1.93,4.23,85.7,3.05,16.21,-36.2,-2.79,1.6,7,2026-05-18 to 2026-09-02 (75 days),-1.0,43.9,0.1853,30.56,27.84,BULLISH,LOW,Last surprise: +7.9%; Earnings conf adj: +1,10.0,-1.0,1.0,43,2026-10-16,7.94,1
2026-09-03T14:54:15,2026-09-03,STT,BUY,1,52-Week High Momentum,HIGH,5,29.9,190.04,3.28,183.81,9.84,208.74,9.35,2026-12-18,3.44,6.02,100.0,264.81,121.65,12.32,-5.65,106.0,1,2026-05-18 to 2026-09-02 (75 days),0.69,54.3,0.2156,183.38,147.15,BULLISH,MEDIUM,Last surprise: +9.3%; Earnings conf adj: +1; Size: Kelly 10.0% / VolTgt 8.7% / Blend 9.3%,8.7,-1.0,1.0,41,2026-10-14,9.28,1
2026-09-03T14:53:08,2026-09-03,DLTR,HOLD,0,Composite Multi-Indicator,HIGH,5,29.82,131.91,5.89,0.0,6.05,0.0,0.0,2026-09-09,1.56,5.21,100.0,37.66,13.02,-238.01,-1.3,6.0,1,2026-05-18 to 2026-09-02 (75 days),-1.0,55.2,0.3134,126.81,116.84,BULLISH,MEDIUM,Last surprise: +136.8%; Earnings conf adj: +1,5.98,-1.0,1.0,-7,2026-08-27,136.84,1
2026-09-03T14:53:22,2026-09-03,FTV,HOLD,0,VWAP Trend,MEDIUM,3,29.81,56.6,2.5,0.0,2.41,0.0,0.0,2026-09-05,1.24,1.98,50.0,2.2,11.01,23.96,-3.99,2.5,6,2026-05-18 to 2026-09-02 (75 days),-1.0,32.7,0.1932,60.8,57.93,BULLISH,LOW,Price at statistical extreme; Strong trend (ADX=36); Last surprise: +4.2%,9.71,-1.0,1.0,55,2026-10-28,4.23,0
2026-09-03T14:53:08,2026-09-03,DLR,BUY,1,Stochastic Oscillator,MEDIUM,3,29.72,183.76,4.17,176.1,6.25,195.25,8.88,2026-10-12,1.76,3.59,100.0,154.31,63.42,69.63,-6.94,39.5,2,2026-05-18 to 2026-09-02 (75 days),0.373,41.3,0.2413,186.94,177.17,BULLISH,MEDIUM,Last surprise: -15.1%; Earnings conf adj: -1; Size: Kelly 10.0% / VolTgt 7.8% / Blend 8.9%,7.77,-1.0,1.0,49,2026-10-22,-15.07,-1
2026-09-03T14:56:08,2026-09-03,PK,BUY,1,52-Week High Momentum,HIGH,4,29.68,15.56,3.75,14.98,13.12,17.6,7.83,2026-12-15,3.89,7.28,100.0,374.54,194.19,-41.96,-6.4,103.0,1,2026-05-18 to 2026-09-02 (75 days),0.488,54.9,0.3311,14.89,11.92,BULLISH,MEDIUM,Strong trend (ADX=31); Size: Kelly 10.0% / VolTgt 5.7% / Blend 7.8%,5.66,-1.0,1.0,63,2026-11-05,,0
2026-09-03T14:52:41,2026-09-03,AMZN,HOLD,0,Stochastic Oscillator,HIGH,5,29.54,254.98,3.47,0.0,5.21,0.0,0.0,2026-09-20,1.61,3.73,66.7,8.49,70.33,82.47,-7.92,17.7,3,2026-05-18 to 2026-09-02 (75 days),-1.0,46.4,0.2608,252.83,238.87,BULLISH,MEDIUM,Last surprise: +214.2%; Earnings conf adj: +1,7.19,-1.0,1.0,56,2026-10-29,214.21,1
2026-09-03T14:53:36,2026-09-03,JPM,HOLD,0,52-Week High Momentum,HIGH,5,29.54,356.22,1.81,0.0,5.43,0.0,0.0,2026-11-21,2.07,3.16,100.0,119.3,41.34,-39.41,-3.73,79.0,1,2026-05-18 to 2026-09-02 (75 days),-1.0,53.2,0.1272,348.52,315.7,BULLISH,LOW,Last surprise: +5.9%; Earnings conf adj: +1,10.0,-1.0,1.0,40,2026-10-13,5.86,1
2026-09-03T14:54:13,2026-09-03,SRE,HOLD,0,ADX Trend Following,HIGH,5,29.54,83.79,4.17,0.0,6.25,0.0,0.0,2026-09-15,1.45,2.44,66.7,44.78,14.3,34.68,-3.08,12.7,3,2026-05-18 to 2026-09-02 (75 days),-1.0,43.1,0.2978,89.11,90.27,BEARISH,MEDIUM,Last surprise: +9.4%; Earnings conf adj: +1,6.3,-1.0,1.0,62,2026-11-04,9.43,1
2026-09-03T14:52:55,2026-09-03,CFG,HOLD,0,VWAP Trend,HIGH,4,29.5,69.78,3.18,0.0,2.65,0.0,0.0,2026-09-05,3.26,7.6,77.8,11.23,51.95,-8.22,-2.47,2.7,9,2026-05-18 to 2026-09-02 (75 days),-1.0,45.0,0.2045,71.22,63.1,BULLISH,MEDIUM,Strong trend (ADX=34); Last surprise: +4.0%,9.17,-1.0,1.0,43,2026-10-16,4.0,0
2026-09-03T14:52:36,2026-09-03,ADBE,HOLD,0,ADX Trend Following,MEDIUM,3,29.4,279.79,6.96,0.0,10.44,0.0,0.0,2026-09-26,2.51,4.58,50.0,7.08,116.41,80.42,-6.93,23.0,2,2026-05-18 to 2026-09-02 (75 days),-1.0,58.4,0.4245,245.6,268.45,BEARISH,HIGH,Strong trend (ADX=31); Last surprise: +2.6%,4.42,-1.0,1.0,7,2026-09-10,2.58,0
2026-09-03T14:52:53,2026-09-03,CBOE,HOLD,0,EMA Crossover (9/21),HIGH,4,29.37,294.12,5.49,0.0,8.23,0.0,0.0,2026-10-20,1.08,1.61,100.0,77.74,28.11,79.95,-9.5,47.0,1,2026-05-18 to 2026-09-02 (75 days),-1.0,49.0,0.3622,281.46,283.48,BEARISH,MEDIUM,Last surprise: +2.0%,5.18,-1.0,1.0,57,2026-10-30,2.01,0
2026-09-03T14:53:36,2026-09-03,JKHY,HOLD,0,Donchian Breakout (20/55),HIGH,5,29.34,167.03,4.59,0.0,6.88,0.0,0.0,2026-10-07,1.62,3.67,100.0,81.92,30.27,-59.03,-4.5,34.0,1,2026-05-18 to 2026-09-02 (75 days),-1.0,60.0,0.3224,153.61,159.15,BEARISH,MEDIUM,Strong trend (ADX=34); Last surprise: +6.3%; Earnings conf adj: +1,5.82,-1.0,1.0,61,2026-11-03,6.25,1
2026-09-03T14:56:15,2026-09-03,XLF,HOLD,0,52-Week High Momentum,HIGH,4,29.34,57.66,1.5,0.0,4.5,0.0,0.0,2026-11-20,1.52,2.4,100.0,63.62,16.81,-29.54,-3.0,78.0,1,2026-05-18 to 2026-09-02 (75 days),-1.0,52.8,0.1044,56.67,53.15,BULLISH,LOW,No special conditions,10.0,-1.0,1.0,-1,,,0
2026-09-03T14:54:34,2026-09-03,ZBH,HOLD,0,Momentum (Rate of Change),HIGH,4,29.3,99.5,3.68,0.0,12.88,0.0,0.0,2026-11-25,1.74,2.7,100.0,143.87,57.45,-14.12,-9.59,83.0,1,2026-05-18 to 2026-09-02 (75 days),-1.0,54.7,0.2093,94.61,90.94,BULLISH,MEDIUM,Strong trend (ADX=33); Last surprise: +3.0%,8.96,-1.0,1.0,63,2026-11-05,2.99,0
2026-09-03T14:54:51,2026-09-03,MLI,HOLD,0,MACD Crossover,MEDIUM,3,29.3,62.07,4.8,0.0,10.64,0.0,0.0,2026-09-23,1.87,3.7,50.0,4.64,36.32,62.62,-5.13,20.5,2,2026-05-18 to 2026-09-02 (75 days),-1.0,43.4,0.2983,62.99,61.52,BULLISH,MEDIUM,Strong trend (ADX=49); Last surprise: +1.7%,6.29,-1.0,1.0,47,2026-10-20,1.74,0
2026-09-03T14:52:47,2026-09-03,BDX,HOLD,0,ADX Trend Following,HIGH,4,29.26,187.52,3.13,0.0,9.75,0.0,0.0,2026-10-02,2.1,3.55,66.7,15.26,57.15,-104.66,-7.45,29.0,3,2026-05-18 to 2026-09-02 (75 days),-1.0,64.7,0.2299,168.54,158.23,BULLISH,MEDIUM,Strong trend (ADX=57); Last surprise: +2.9%,8.16,-1.0,1.0,63,2026-11-05,2.87,0
2026-09-03T14:53:50,2026-09-03,MS,HOLD,0,Stochastic Oscillator,MEDIUM,3,29.24,211.82,3.16,0.0,4.74,0.0,0.0,2026-10-19,0.33,0.47,100.0,24.62,4.63,-36.01,-11.12,46.0,1,2026-05-18 to 2026-09-02 (75 days),-1.0,46.1,0.217,215.09,188.7,BULLISH,MEDIUM,Last surprise: +18.1%; Earnings conf adj: +1,8.64,-1.0,1.0,41,2026-10-14,18.09,1
2026-09-03T14:52:38,2026-09-03,AJG,HOLD,0,Multi-Factor Momentum MR,HIGH,4,29.2,264.46,4.13,0.0,10.91,0.0,0.0,2026-09-30,1.24,2.31,100.0,49.53,17.48,-114.87,-4.35,27.0,1,2026-05-18 to 2026-09-02 (75 days),-1.0,57.0,0.2668,251.87,233.03,BULLISH,MEDIUM,Last surprise: +1.1%,7.03,-1.0,1.0,56,2026-10-29,1.07,0
2026-09-03T14:54:05,2026-09-03,PTC,HOLD,0,ADX Trend Following,MEDIUM,3,29.15,149.13,6.05,0.0,9.07,0.0,0.0,2026-09-13,0.93,1.51,75.0,2.11,25.3,12.8,-11.41,10.2,4,2026-05-18 to 2026-09-02 (75 days),-1.0,53.0,0.4095,135.2,149.03,BEARISH,HIGH,Strong trend (ADX=35); Last surprise: +1.3%,4.58,-1.0,1.0,69,2026-11-11,1.28,0
2026-09-03T14:55:24,2026-09-03,REXR,HOLD,0,Stochastic Oscillator,HIGH,4,29.13,36.63,2.12,0.0,3.18,0.0,0.0,2026-09-27,1.46,2.54,66.7,65.3,35.8,16.98,-7.47,24.3,3,2026-05-18 to 2026-09-02 (75 days),-1.0,47.2,0.1784,36.27,36.36,BEARISH,LOW,No special conditions,10.0,-1.0,1.0,41,2026-10-14,,0
2026-09-03T14:55:05,2026-09-03,BSY,HOLD,0,ADX Trend Following,HIGH,5,29.11,35.12,5.28,0.0,7.92,0.0,0.0,2026-09-26,1.39,2.45,100.0,103.48,38.84,18.28,-8.25,23.0,1,2026-05-18 to 2026-09-02 (75 days),-1.0,47.1,0.3248,33.88,35.47,BEARISH,MEDIUM,Last surprise: +9.4%; Earnings conf adj: +1,5.77,-1.0,1.0,62,2026-11-04,9.37,1
2026-09-03T14:52:44,2026-09-03,ARES,HOLD,0,Composite Multi-Indicator,HIGH,4,29.1,138.06,4.45,0.0,6.68,0.0,0.0,2026-10-07,1.57,3.36,100.0,111.31,42.71,-7.69,-7.71,34.0,1,2026-05-18 to 2026-09-02 (75 days),-1.0,50.1,0.3317,129.93,131.38,BEARISH,MEDIUM,Last surprise: +1.6%,5.65,-1.0,1.0,60,2026-11-02,1.57,0
2026-09-03T14:55:20,2026-09-03,ALV,HOLD,0,Composite Multi-Indicator,MEDIUM,3,29.0,121.17,2.73,0.0,5.46,0.0,0.0,2026-10-17,0.91,1.47,100.0,39.98,13.88,-8.71,-4.24,44.0,1,2026-05-18 to 2026-09-02 (75 days),-1.0,50.0,0.2135,120.03,117.36,BULLISH,MEDIUM,No special conditions,8.78,-1.0,1.0,50,2026-10-23,,0
2026-09-03T14:55:59,2026-09-03,LIVN,HOLD,0,Stochastic Oscillator,HIGH,4,28.98,82.4,3.87,0.0,5.8,0.0,0.0,2026-09-25,1.07,1.67,100.0,47.61,12.46,-44.15,-4.88,22.0,1,2026-05-18 to 2026-09-02 (75 days),-1.0,58.1,0.2711,80.64,69.52,BULLISH,MEDIUM,No special conditions,6.92,-1.0,1.0,62,2026-11-04,,0
2026-09-03T14:54:39,2026-09-03,CDE,HOLD,0,Composite Multi-Indicator,MEDIUM,3,28.87,21.42,10.85,0.0,16.27,0.0,0.0,2026-09-29,2.28,5.48,100.0,230.74,102.01,2.21,-9.05,26.0,1,2026-05-18 to 2026-09-02 (75 days),-1.0,62.0,0.8355,17.35,18.86,BEARISH,HIGH,Strong trend (ADX=30); Last surprise: -53.8%; Earnings conf adj: -1,2.24,-1.0,1.0,55,2026-10-28,-53.85,-1
2026-09-03T14:55:34,2026-09-03,HIMS,HOLD,0,Stochastic Oscillator,MEDIUM,3,28.81,28.68,12.0,0.0,18.0,0.0,0.0,2026-09-30,1.2,1.83,100.0,185.6,76.54,-59.39,-17.33,27.0,2,2026-05-18 to 2026-09-02 (75 days),-1.0,45.6,0.899,31.81,28.46,BULLISH,HIGH,Last surprise: -640.0%; Earnings conf adj: -1,2.09,-1.0,1.0,67,2026-11-09,-640.0,-1
2026-09-03T14:55:09,2026-09-03,ARW,HOLD,0,PEAD Earnings Drift,HIGH,4,28.71,208.13,6.86,0.0,20.58,0.0,0.0,2026-11-21,0.91,1.38,100.0,76.67,28.12,27.79,-17.44,79.0,1,2026-05-18 to 2026-09-02 (75 days),-1.0,49.1,0.4517,209.96,168.36,BULLISH,HIGH,Last surprise: +22.5%; Earnings conf adj: +1,4.15,-1.0,1.0,56,2026-10-29,22.47,1
2026-09-03T14:54:59,2026-09-03,SMTC,HOLD,0,Composite Multi-Indicator,HIGH,4,28.6,133.85,12.0,0.0,29.74,0.0,0.0,2026-09-17,0.93,1.63,100.0,66.72,24.16,20.35,-7.91,14.0,1,2026-05-18 to 2026-09-02 (75 days),-1.0,50.8,1.0095,133.59,106.68,BULLISH,HIGH,Last surprise: +16.4%; Earnings conf adj: +1,1.86,-1.0,1.0,81,2026-11-23,16.39,1
2026-09-03T14:55:36,2026-09-03,LNTH,HOLD,0,Stochastic Oscillator,MEDIUM,3,28.59,100.81,1.5,0.0,2.24,0.0,0.0,2026-10-06,0.25,0.52,100.0,10.74,0.91,-30.07,-1.51,33.0,1,2026-05-18 to 2026-09-02 (75 days),-1.0,46.8,0.0496,103.35,83.73,BULLISH,LOW,Last surprise: +19.2%; Earnings conf adj: +1,10.0,-1.0,1.0,63,2026-11-05,19.23,1
2026-09-03T14:53:57,2026-09-03,OKE,HOLD,0,Composite Multi-Indicator,HIGH,4,28.58,96.01,3.91,0.0,2.1,0.0,0.0,2026-09-04,0.97,2.48,100.0,2.34,0.46,-12.42,-0.1,1.0,1,2026-05-18 to 2026-09-02 (75 days),-1.0,60.9,0.2663,90.82,83.01,BULLISH,MEDIUM,Last surprise: +5.5%; Earnings conf adj: +1,7.04,-1.0,1.0,54,2026-10-27,5.52,1
2026-09-03T14:52:50,2026-09-03,BMY,HOLD,0,Multi-Factor Momentum MR,HIGH,5,28.54,67.66,3.27,0.0,3.07,0.0,0.0,2026-09-06,1.49,5.8,100.0,29.03,9.86,-73.01,-0.99,3.0,1,2026-05-18 to 2026-09-02 (75 days),-1.0,62.5,0.2254,62.33,57.08,BULLISH,MEDIUM,Strong trend (ADX=34); Last surprise: +27.5%; Earnings conf adj: +1,8.32,-1.0,1.0,56,2026-10-29,27.5,1
2026-09-03T14:56:00,2026-09-03,VNT,HOLD,0,ADX Trend Following,HIGH,4,28.53,32.48,3.37,0.0,5.05,0.0,0.0,2026-11-05,1.43,2.48,100.0,90.27,33.73,-32.74,-9.18,63.0,1,2026-05-18 to 2026-09-02 (75 days),-1.0,49.5,0.2858,31.5,34.58,BEARISH,MEDIUM,No special conditions,6.56,-1.0,1.0,56,2026-10-29,,0
2026-09-03T14:53:52,2026-09-03,NEE,HOLD,0,PEAD Earnings Drift,MEDIUM,2,28.51,83.1,1.76,0.0,2.64,0.0,0.0,2026-11-07,0.1,0.14,100.0,3.3,0.44,17.31,-7.2,65.0,1,2026-05-18 to 2026-09-02 (75 days),-1.0,39.7,0.1206,86.11,86.53,BEARISH,LOW,Strong trend (ADX=35); Last surprise: +3.6%,10.0,-1.0,1.0,54,2026-10-27,3.6,0
2026-09-03T14:55:18,2026-09-03,BAH,HOLD,-1,ADX Trend Following,LOW,1,28.45,73.17,4.8,76.68,7.2,67.9,0.0,2026-09-24,-0.54,-0.81,66.7,0.76,-22.69,-19.85,-24.24,21.7,3,2026-05-18 to 2026-09-02 (75 days),-1.0,47.8,0.327,69.45,77.78,BEARISH,MEDIUM,No special conditions,5.73,-1.0,1.0,50,2026-10-23,,0
2026-09-03T14:53:53,2026-09-03,NI,HOLD,0,MACD Crossover,LOW,1,28.42,41.15,2.2,0.0,3.3,0.0,0.0,2026-09-12,-0.87,-1.17,66.7,0.25,-9.43,23.35,-4.5,9.7,3,2026-05-18 to 2026-09-02 (75 days),-1.0,37.5,0.1643,44.28,44.57,BEARISH,LOW,Strong trend (ADX=33); Last surprise: +0.0%,7.0,-1.0,1.0,55,2026-10-28,0.0,0
2026-09-03T14:52:49,2026-09-03,BLK,HOLD,0,SMA Crossover (10/50),HIGH,5,28.32,1107.08,2.99,0.0,10.46,0.0,0.0,2026-10-17,1.07,1.72,100.0,49.25,16.96,8.09,-6.5,44.0,1,2026-05-18 to 2026-09-02 (75 days),-1.0,42.6,0.2023,1086.19,1051.79,BULLISH,MEDIUM,Price at statistical extreme; Strong trend (ADX=31); Last surprise: +9.6%; Earnings conf adj: +1,9.27,-1.0,1.0,41,2026-10-14,9.61,1
2026-09-03T14:54:12,2026-09-03,SNPS,HOLD,0,MACD Crossover,HIGH,4,28.29,415.97,7.82,0.0,11.73,0.0,0.0,2026-10-03,0.77,1.59,100.0,59.96,21.49,67.47,-10.77,30.0,1,2026-05-18 to 2026-09-02 (75 days),-1.0,50.2,0.6,414.79,447.04,BEARISH,HIGH,Last surprise: +6.5%; Earnings conf adj: +1,3.12,-1.0,1.0,-8,2026-08-26,6.54,1
2026-09-03T14:52:51,2026-09-03,BRO,HOLD,0,Composite Multi-Indicator,HIGH,4,28.28,72.04,3.72,0.0,11.16,0.0,0.0,2026-11-14,2.54,4.69,100.0,238.81,106.52,3.97,-7.81,72.0,1,2026-05-18 to 2026-09-02 (75 days),-1.0,53.6,0.2387,69.5,69.21,BULLISH,MEDIUM,Last surprise: +0.0%,7.86,-1.0,1.0,53,2026-10-26,0.0,0
2026-09-03T14:54:10,2026-09-03,SBUX,HOLD,0,Momentum (Rate of Change),HIGH,5,28.28,106.72,3.39,0.0,10.17,0.0,0.0,2026-11-19,1.3,2.16,100.0,74.27,24.59,22.23,-4.86,77.0,1,2026-05-18 to 2026-09-02 (75 days),-1.0,52.7,0.2169,104.94,96.41,BULLISH,MEDIUM,Last surprise: +30.8%; Earnings conf adj: +1,8.64,-1.0,1.0,55,2026-10-28,30.77,1
2026-09-03T14:55:01,2026-09-03,AIT,EXIT,-1,52-Week High Momentum,HIGH,5,28.27,319.45,3.88,331.84,13.58,276.07,8.88,2026-12-11,1.86,2.75,100.0,132.13,50.48,33.12,-8.21,99.0,1,2026-05-18 to 2026-09-02 (75 days),-1.0,33.4,0.2412,339.48,294.93,BULLISH,MEDIUM,Strong trend (ADX=45); Last surprise: +8.6%; Earnings conf adj: +1; Size: Kelly 10.0% / VolTgt 7.8% / Blend 8.9%,7.77,-1.0,1.0,54,2026-10-27,8.56,1
2026-09-03T14:54:42,2026-09-03,CG,HOLD,0,SMA Crossover (10/50),HIGH,5,28.25,47.14,4.47,0.0,6.71,0.0,0.0,2026-10-15,1.07,1.79,100.0,76.07,27.46,20.9,-8.83,42.0,1,2026-05-18 to 2026-09-02 (75 days),-1.0,46.9,0.381,46.06,50.27,BEARISH,MEDIUM,Strong trend (ADX=30); Last surprise: +17.6%; Earnings conf adj: +1,4.92,-1.0,1.0,56,2026-10-29,17.58,1
2026-09-03T14:54:47,2026-09-03,NBIX,HOLD,0,VWAP Trend,LOW,1,28.22,157.79,3.51,0.0,2.66,0.0,0.0,2026-09-04,-1.14,-1.37,33.3,0.68,-11.48,-12.74,-7.76,1.7,9,2026-05-18 to 2026-09-02 (75 days),-1.0,47.6,0.2595,166.19,147.41,BULLISH,MEDIUM,Last surprise: +45.4%; Earnings conf adj: +1,7.0,-1.0,1.0,55,2026-10-28,45.41,1
2026-09-03T14:54:17,2026-09-03,TECH,HOLD,0,VWAP Trend,HIGH,4,28.21,72.3,1.5,0.0,0.76,0.0,0.0,2026-09-10,3.07,6.8,83.3,373.22,99.24,-327.69,-4.02,7.8,6,2026-05-18 to 2026-09-02 (75 days),-1.0,63.9,0.0346,71.47,60.71,BULLISH,LOW,Strong trend (ADX=36); Last surprise: +0.0%,10.0,-1.0,1.0,67,2026-11-09,0.0,0
2026-09-03T14:54:27,2026-09-03,VLTO,BUY,1,PEAD Earnings Drift,HIGH,4,28.17,97.21,2.3,94.97,6.9,103.92,9.78,2026-10-06,0.97,1.93,100.0,31.28,10.29,-38.04,-3.05,33.0,1,2026-05-18 to 2026-09-02 (75 days),0.075,51.3,0.1961,94.75,93.25,BULLISH,LOW,Last surprise: +9.9%; Earnings conf adj: +1; Size: Kelly 10.0% / VolTgt 9.6% / Blend 9.8%,9.56,-1.0,1.0,48,2026-10-21,9.9,1
2026-09-03T14:52:59,2026-09-03,COO,HOLD,0,MACD Crossover,MEDIUM,3,28.16,69.73,3.13,0.0,4.7,0.0,0.0,2026-09-20,0.76,1.27,100.0,19.48,6.06,-52.16,-2.24,17.0,1,2026-05-18 to 2026-09-02 (75 days),-1.0,35.9,0.2318,72.63,73.4,BEARISH,MEDIUM,Strong trend (ADX=42); Last surprise: +11.0%,8.09,-1.0,1.0,6,2026-09-09,11.01,0
2026-09-03T14:53:25,2026-09-03,GRMN,HOLD,0,VWAP Trend,HIGH,4,28.16,276.04,3.75,0.0,2.54,0.0,0.0,2026-09-05,1.57,5.86,50.0,3.32,58.71,-39.23,-5.41,2.2,10,2026-05-18 to 2026-09-02 (75 days),-1.0,40.2,0.2176,270.93,236.4,BULLISH,MEDIUM,Strong trend (ADX=40); Last surprise: +22.7%; Earnings conf adj: +1,8.62,-1.0,1.0,55,2026-10-28,22.71,1
2026-09-03T14:54:56,2026-09-03,MANH,BUY,1,PEAD Earnings Drift,HIGH,5,28.08,216.77,4.76,206.45,14.0,247.12,8.03,2026-10-06,2.39,4.92,100.0,131.79,48.79,-331.78,-3.37,33.0,1,2026-05-18 to 2026-09-02 (75 days),0.52,66.6,0.3094,178.89,157.72,BULLISH,MEDIUM,Strong trend (ADX=42); Last surprise: +5.3%; Earnings conf adj: +1; Size: Kelly 10.0% / VolTgt 6.1% / Blend 8.0%,6.06,-1.0,1.0,54,2026-10-27,5.3,1
2026-09-03T14:54:54,2026-09-03,HL,HOLD,0,EMA Crossover (9/21),MEDIUM,3,28.04,20.77,11.21,0.0,16.82,0.0,0.0,2026-09-29,2.04,4.85,100.0,231.88,101.97,13.86,-10.83,26.0,1,2026-05-18 to 2026-09-02 (75 days),-1.0,61.4,0.7678,16.83,18.9,BEARISH,HIGH,Strong trend (ADX=36); Last surprise: -5.6%; Earnings conf adj: -1,2.44,-1.0,1.0,63,2026-11-05,-5.56,-1
2026-09-03T14:53:11,2026-09-03,EFX,HOLD,0,Composite Multi-Indicator,HIGH,4,28.0,185.48,4.74,0.0,7.11,0.0,0.0,2026-10-15,1.27,2.13,100.0,90.32,33.75,-20.89,-7.71,42.0,1,2026-05-18 to 2026-09-02 (75 days),-1.0,51.9,0.3488,176.57,186.83,BEARISH,MEDIUM,Last surprise: +2.3%,5.38,-1.0,1.0,47,2026-10-20,2.27,0
2026-09-03T14:56:01,2026-09-03,NWE,HOLD,0,Stochastic Oscillator,MEDIUM,2,27.94,70.19,2.13,0.0,3.19,0.0,0.0,2026-10-02,0.4,0.63,100.0,13.19,3.5,3.28,-3.25,29.0,1,2026-05-18 to 2026-09-02 (75 days),-1.0,49.2,0.1877,70.65,67.76,BULLISH,LOW,No special conditions,9.99,-1.0,1.0,55,2026-10-28,,0
2026-09-03T14:55:48,2026-09-03,SIGI,HOLD,0,Stochastic Oscillator,MEDIUM,2,27.87,92.23,2.57,0.0,3.85,0.0,0.0,2026-09-15,-0.35,-0.53,100.0,7.31,-1.59,-13.72,-1.55,12.0,1,2026-05-18 to 2026-09-02 (75 days),-1.0,47.1,0.1496,94.62,85.25,BULLISH,LOW,No special conditions,10.0,-1.0,1.0,48,2026-10-21,,0
2026-09-03T14:52:51,2026-09-03,BNY,BUY,1,PEAD Earnings Drift,HIGH,5,27.84,162.04,2.13,158.59,6.39,172.39,10.0,2026-12-18,2.81,4.73,100.0,192.4,81.36,-0.06,-5.69,106.0,1,2026-05-18 to 2026-09-02 (75 days),0.238,56.1,0.1766,156.31,131.54,BULLISH,LOW,Last surprise: +10.8%; Earnings conf adj: +1; Size: Kelly 10.0% / VolTgt 10.0% / Blend 10.0%,10.0,-1.0,1.0,42,2026-10-15,10.81,1
2026-09-03T14:53:58,2026-09-03,OXY,HOLD,0,SMA Crossover (10/50),HIGH,5,27.72,60.91,3.26,0.0,9.78,0.0,0.0,2026-10-13,1.07,1.72,100.0,62.0,22.29,13.52,-6.18,40.0,1,2026-05-18 to 2026-09-02 (75 days),-1.0,61.9,0.2927,55.75,51.96,BULLISH,MEDIUM,Last surprise: +29.7%; Earnings conf adj: +1,6.41,-1.0,1.0,67,2026-11-09,29.73,1
2026-09-03T14:53:12,2026-09-03,EL,HOLD,0,SMA Crossover (10/50),HIGH,5,27.71,101.15,7.96,0.0,11.94,0.0,0.0,2026-09-29,1.52,5.66,100.0,147.77,58.74,-69.01,-5.53,26.0,1,2026-05-18 to 2026-09-02 (75 days),-1.0,63.8,0.6656,87.42,91.44,BEARISH,HIGH,Strong trend (ADX=49); Last surprise: +21.9%; Earnings conf adj: +1,2.82,-1.0,1.0,60,2026-11-02,21.88,1
2026-09-03T14:55:51,2026-09-03,CAR,HOLD,0,VWAP Trend,HIGH,4,27.71,137.84,8.23,0.0,10.0,0.0,0.0,2026-09-12,1.17,1.71,62.5,2.61,42.94,61.26,-15.63,9.2,8,2026-05-18 to 2026-09-02 (75 days),-1.0,42.4,0.4187,150.38,157.68,BEARISH,HIGH,No special conditions,4.48,-1.0,1.0,54,2026-10-27,,0
2026-09-03T14:52:38,2026-09-03,AIZ,HOLD,0,52-Week High Momentum,HIGH,5,27.69,284.07,2.16,0.0,6.48,0.0,0.0,2026-12-18,1.81,3.53,100.0,113.85,43.83,2.24,-7.71,106.0,1,2026-05-18 to 2026-09-02 (75 days),-1.0,53.5,0.1728,278.88,243.6,BULLISH,LOW,Last surprise: +23.7%; Earnings conf adj: +1,10.0,-1.0,1.0,61,2026-11-03,23.75,1
2026-09-03T14:55:15,2026-09-03,KTOS,BUY,1,Stochastic Oscillator,HIGH,4,27.62,47.78,11.93,42.08,17.89,56.33,6.74,2026-09-25,2.52,4.6,66.7,5.01,241.3,276.29,-20.72,22.0,3,2026-05-18 to 2026-09-02 (75 days),0.512,35.2,0.5391,52.3,71.85,BEARISH,HIGH,Strong trend (ADX=42); Size: Kelly 10.0% / VolTgt 3.5% / Blend 6.7%,3.48,-1.0,1.0,61,2026-11-03,,0
2026-09-03T14:55:40,2026-09-03,CHDN,HOLD,0,Composite Multi-Indicator,MEDIUM,2,27.61,89.18,4.73,0.0,7.1,0.0,0.0,2026-11-18,0.24,0.35,100.0,9.31,2.86,-2.06,-9.65,76.0,1,2026-05-18 to 2026-09-02 (75 days),-1.0,52.0,0.3325,87.24,94.18,BEARISH,MEDIUM,No special conditions,5.64,-1.0,1.0,55,2026-10-28,,0
2026-09-03T14:53:28,2026-09-03,HLT,HOLD,0,Stochastic Oscillator,MEDIUM,2,27.53,311.51,3.18,0.0,4.77,0.0,0.0,2026-10-08,0.4,0.65,100.0,18.03,4.84,11.47,-6.0,35.0,1,2026-05-18 to 2026-09-02 (75 days),-1.0,38.4,0.2262,325.94,312.1,BULLISH,MEDIUM,Last surprise: +0.9%,8.29,-1.0,1.0,55,2026-10-28,0.88,0
2026-09-03T14:55:27,2026-09-03,NFG,HOLD,0,Composite Multi-Indicator,HIGH,4,27.44,83.21,1.91,0.0,2.86,0.0,0.0,2026-12-09,1.37,2.21,100.0,71.73,26.14,22.56,-4.78,97.0,1,2026-05-18 to 2026-09-02 (75 days),-1.0,55.5,0.1578,81.02,82.89,BEARISH,LOW,No special conditions,10.0,-1.0,1.0,62,2026-11-04,,0
2026-09-03T14:54:55,2026-09-03,BWA,HOLD,0,MACD Crossover,HIGH,4,27.42,65.18,4.6,0.0,13.8,0.0,0.0,2026-10-01,0.91,1.81,100.0,51.65,17.9,-3.92,-7.3,28.0,1,2026-05-18 to 2026-09-02 (75 days),-1.0,49.1,0.3704,65.16,57.1,BULLISH,MEDIUM,Last surprise: +11.8%; Earnings conf adj: +1,5.06,-1.0,1.0,56,2026-10-29,11.81,1
2026-09-03T14:56:03,2026-09-03,LOPE,HOLD,0,Composite Multi-Indicator,MEDIUM,3,27.37,149.59,3.91,0.0,5.87,0.0,0.0,2026-10-06,0.66,1.03,100.0,28.24,9.56,31.85,-7.01,33.0,1,2026-05-18 to 2026-09-02 (75 days),-1.0,53.3,0.277,146.98,159.28,BEARISH,MEDIUM,No special conditions,6.77,-1.0,1.0,62,2026-11-04,,0
2026-09-03T14:52:40,2026-09-03,AMCR,HOLD,0,Composite Multi-Indicator,HIGH,4,27.36,46.68,3.28,0.0,9.84,0.0,0.0,2026-12-05,2.71,4.65,100.0,236.21,105.06,-18.13,-6.78,93.0,1,2026-05-18 to 2026-09-02 (75 days),-1.0,52.9,0.2316,45.2,42.07,BULLISH,MEDIUM,Last surprise: +4.2%,8.09,-1.0,1.0,63,2026-11-05,4.24,0
2026-09-03T14:54:04,2026-09-03,PRU,HOLD,0,52-Week High Momentum,HIGH,5,27.36,119.84,2.2,0.0,6.6,0.0,0.0,2026-11-04,1.28,1.95,100.0,72.25,19.66,-62.83,-5.3,62.0,1,2026-05-18 to 2026-09-02 (75 days),-1.0,51.9,0.1699,117.29,105.27,BULLISH,LOW,Last surprise: +15.9%; Earnings conf adj: +1,10.0,-1.0,1.0,55,2026-10-28,15.91,1
2026-09-03T14:55:53,2026-09-03,SR,HOLD,0,Momentum (Rate of Change),MEDIUM,3,27.3,82.77,2.59,0.0,3.88,0.0,0.0,2026-11-07,0.61,0.96,100.0,43.02,8.91,18.78,-4.47,65.0,1,2026-05-18 to 2026-09-02 (75 days),-1.0,53.0,0.1802,81.38,84.23,BEARISH,LOW,No special conditions,10.0,-1.0,1.0,71,2026-11-13,,0
2026-09-03T14:55:17,2026-09-03,FCFS,HOLD,0,MACD Crossover,MEDIUM,3,27.21,220.1,8.51,0.0,12.78,0.0,0.0,2026-09-13,0.77,1.48,66.7,2.92,18.8,25.34,-9.29,10.3,3,2026-05-18 to 2026-09-02 (75 days),-1.0,53.1,0.5058,213.42,195.22,BULLISH,HIGH,No special conditions,3.71,-1.0,1.0,49,2026-10-22,,0
2026-09-03T14:53:37,2026-09-03,KEYS,HOLD,0,Composite Multi-Indicator,MEDIUM,3,27.18,321.58,5.66,0.0,11.32,0.0,0.0,2026-09-17,0.23,0.36,100.0,5.67,1.6,19.27,-2.85,14.0,1,2026-05-18 to 2026-09-02 (75 days),-1.0,46.5,0.3874,327.35,287.04,BULLISH,MEDIUM,Last surprise: +23.8%; Earnings conf adj: +1,4.84,-1.0,1.0,82,2026-11-24,23.79,1
2026-09-03T14:56:00,2026-09-03,MAT,HOLD,0,EMA Crossover (9/21),MEDIUM,3,27.12,14.64,4.11,0.0,6.17,0.0,0.0,2026-10-17,0.67,1.05,100.0,34.36,11.42,18.09,-6.35,44.0,1,2026-05-18 to 2026-09-02 (75 days),-1.0,48.3,0.2782,14.4,16.58,BEARISH,MEDIUM,No special conditions,6.74,-1.0,1.0,54,2026-10-27,,0
2026-09-03T14:56:15,2026-09-03,XLP,HOLD,0,52-Week High Momentum,MEDIUM,2,27.09,85.53,1.5,0.0,3.0,0.0,0.0,2026-12-17,0.18,0.27,100.0,6.06,1.73,0.84,-4.41,105.0,1,2026-05-18 to 2026-09-02 (75 days),-1.0,50.6,0.1455,85.0,82.55,BULLISH,LOW,No special conditions,10.0,-1.0,1.0,-1,,,0
2026-09-03T14:54:29,2026-09-03,WDAY,HOLD,0,Donchian Breakout (20/55),HIGH,5,27.04,200.87,8.69,0.0,30.41,0.0,0.0,2026-10-07,2.16,5.99,100.0,269.44,124.42,-228.81,-7.66,34.0,1,2026-05-18 to 2026-09-02 (75 days),-1.0,62.1,0.7774,162.37,160.45,BULLISH,HIGH,Strong trend (ADX=46); Last surprise: +5.4%; Earnings conf adj: +1,2.41,-1.0,1.0,-7,2026-08-27,5.36,1
2026-09-03T14:54:08,2026-09-03,RJF,BUY,1,52-Week High Momentum,HIGH,4,27.0,175.95,3.36,170.04,11.76,196.64,9.34,2026-10-29,0.8,1.23,100.0,63.11,11.56,-46.17,-4.87,56.0,1,2026-05-18 to 2026-09-02 (75 days),0.496,51.1,0.2157,171.19,159.33,BULLISH,MEDIUM,Strong trend (ADX=36); Last surprise: +7.9%; Earnings conf adj: +1; Size: Kelly 10.0% / VolTgt 8.7% / Blend 9.3%,8.69,-1.0,1.0,55,2026-10-28,7.9,1
2026-09-03T14:54:20,2026-09-03,TRMB,HOLD,0,ADX Trend Following,HIGH,5,26.92,59.11,4.38,0.0,6.57,0.0,0.0,2026-10-24,1.65,2.98,100.0,129.43,50.78,23.12,-6.89,51.0,1,2026-05-18 to 2026-09-02 (75 days),-1.0,53.5,0.3126,55.68,64.98,BEARISH,MEDIUM,Last surprise: +7.5%; Earnings conf adj: +1,6.0,-1.0,1.0,62,2026-11-04,7.5,1
2026-09-03T14:53:44,2026-09-03,MA,BUY,1,PEAD Earnings Drift,HIGH,4,26.9,588.14,2.48,573.55,8.68,639.19,9.54,2026-10-02,0.9,1.55,100.0,28.84,9.41,-58.69,-3.13,29.0,1,2026-05-18 to 2026-09-02 (75 days),0.516,59.6,0.2064,553.91,528.64,BULLISH,MEDIUM,Strong trend (ADX=32); Last surprise: +5.4%; Earnings conf adj: +1; Size: Kelly 10.0% / VolTgt 9.1% / Blend 9.5%,9.08,-1.0,1.0,56,2026-10-29,5.44,1
2026-09-03T14:53:38,2026-09-03,KKR,HOLD,0,MACD Crossover,HIGH,5,26.89,106.43,6.31,0.0,9.46,0.0,0.0,2026-09-22,1.06,1.69,66.7,4.31,31.01,-12.15,-8.38,19.0,3,2026-05-18 to 2026-09-02 (75 days),-1.0,50.2,0.4108,101.81,105.38,BEARISH,HIGH,Last surprise: +14.0%; Earnings conf adj: +1,4.56,-1.0,1.0,63,2026-11-05,13.99,1
2026-09-03T14:53:59,2026-09-03,PAYX,HOLD,0,Momentum (Rate of Change),HIGH,4,26.86,124.0,3.45,0.0,12.08,0.0,0.0,2026-10-18,2.58,4.29,100.0,226.51,101.61,-59.77,-6.35,45.5,2,2026-05-18 to 2026-09-02 (75 days),-1.0,57.1,0.2597,114.79,101.96,BULLISH,MEDIUM,Strong trend (ADX=33); Last surprise: +0.8%,7.22,-1.0,1.0,26,2026-09-29,0.76,0
2026-09-03T14:53:21,2026-09-03,FRT,HOLD,0,Stochastic Oscillator,MEDIUM,3,26.85,117.94,1.5,0.0,2.25,0.0,0.0,2026-09-26,-0.37,-0.68,100.0,5.92,-1.72,-14.4,-2.41,23.0,1,2026-05-18 to 2026-09-02 (75 days),-1.0,45.7,0.1531,121.08,109.52,BULLISH,LOW,Last surprise: +34.7%; Earnings conf adj: +1,10.0,-1.0,1.0,57,2026-10-30,34.72,1
2026-09-03T14:55:29,2026-09-03,DBX,HOLD,0,Multi-Factor Momentum MR,MEDIUM,3,26.75,34.5,4.33,0.0,8.66,0.0,0.0,2026-10-03,0.77,1.34,100.0,42.87,14.96,-89.12,-7.1,30.0,1,2026-05-18 to 2026-09-02 (75 days),-1.0,55.0,0.3737,31.74,27.61,BULLISH,MEDIUM,No special conditions,5.02,-1.0,1.0,63,2026-11-05,,0
2026-09-03T14:55:20,2026-09-03,PCTY,HOLD,0,Donchian Breakout (20/55),HIGH,4,26.69,154.6,4.5,0.0,15.75,0.0,0.0,2026-10-09,1.69,2.68,100.0,113.8,43.8,-147.25,-5.58,36.0,1,2026-05-18 to 2026-09-02 (75 days),-1.0,61.0,0.337,134.43,125.24,BULLISH,MEDIUM,Strong trend (ADX=42),5.56,-1.0,1.0,61,2026-11-03,,0
2026-09-03T14:55:52,2026-09-03,OGS,HOLD,0,ADX Trend Following,HIGH,4,26.66,79.95,2.21,0.0,3.31,0.0,0.0,2026-09-14,1.03,1.68,100.0,38.64,12.78,23.07,-3.78,11.7,3,2026-05-18 to 2026-09-02 (75 days),-1.0,51.6,0.1926,78.84,80.38,BEARISH,LOW,No special conditions,9.73,-1.0,1.0,60,2026-11-02,,0
2026-09-03T14:52:41,2026-09-03,AMP,EXIT,-1,VWAP Trend,MEDIUM,3,26.64,551.85,2.47,565.48,5.44,521.83,10.0,2026-09-17,3.62,6.62,50.0,6.36,111.17,38.05,-4.13,14.7,6,2026-05-18 to 2026-09-02 (75 days),-1.0,52.1,0.1801,530.34,483.72,BULLISH,LOW,Strong trend (ADX=36); Last surprise: +2.4%; Size: Kelly 10.0% / VolTgt 10.0% / Blend 10.0%,10.0,-1.0,1.0,56,2026-10-29,2.41,0
2026-09-03T14:52:55,2026-09-03,CHTR,HOLD,0,EMA Crossover (9/21),HIGH,5,26.54,158.97,9.73,0.0,14.6,0.0,0.0,2026-10-07,1.32,2.14,100.0,118.51,45.92,-3.77,-8.62,34.0,1,2026-05-18 to 2026-09-02 (75 days),-1.0,58.3,0.5978,142.42,182.67,BEARISH,HIGH,Last surprise: +6.0%; Earnings conf adj: +1,3.14,-1.0,1.0,57,2026-10-30,5.96,1
2026-09-03T14:53:57,2026-09-03,ORCL,HOLD,0,SMA Crossover (10/50),HIGH,4,26.5,145.75,8.13,0.0,12.2,0.0,0.0,2026-09-16,0.57,0.8,100.0,24.9,8.0,64.38,-6.99,13.0,1,2026-05-18 to 2026-09-02 (75 days),-1.0,50.7,0.4604,139.67,168.55,BEARISH,HIGH,Last surprise: +7.7%; Earnings conf adj: +1,4.07,-1.0,1.0,7,2026-09-10,7.65,1
2026-09-03T14:52:56,2026-09-03,CIEN,HOLD,1,VWAP Trend,LOW,0,26.48,354.16,12.0,311.66,11.19,393.79,0.0,2026-09-06,-0.39,-0.54,42.9,0.86,-25.37,48.38,-30.68,3.6,7,2026-05-18 to 2026-09-02 (75 days),-1.0,39.1,0.7491,410.93,375.89,BULLISH,HIGH,EARNINGS TODAY (2026-09-03); Last surprise: +12.3%; Earnings conf adj: -3,2.5,-1.0,1.0,0,2026-09-03,12.33,-3
2026-09-03T14:52:51,2026-09-03,BSX,HOLD,0,EMA Crossover (9/21),MEDIUM,3,26.47,48.37,5.69,0.0,8.54,0.0,0.0,2026-10-05,0.86,1.21,100.0,49.0,17.29,56.27,-10.27,32.0,1,2026-05-18 to 2026-09-02 (75 days),-1.0,49.5,0.371,46.76,67.31,BEARISH,MEDIUM,Last surprise: +3.6%,5.05,-1.0,1.0,55,2026-10-28,3.61,0
2026-09-03T14:54:40,2026-09-03,TOST,HOLD,0,PEAD Earnings Drift,HIGH,5,26.28,34.04,5.13,0.0,17.95,0.0,0.0,2026-10-16,1.56,2.61,100.0,119.84,46.48,-254.52,-9.14,43.0,1,2026-05-18 to 2026-09-02 (75 days),-1.0,49.9,0.3517,32.04,30.13,BULLISH,MEDIUM,Strong trend (ADX=32); Last surprise: +12.5%; Earnings conf adj: +1,5.33,-1.0,1.0,61,2026-11-03,12.5,1
2026-09-03T14:52:51,2026-09-03,BX,HOLD,0,Composite Multi-Indicator,HIGH,5,26.27,136.82,4.31,0.0,12.93,0.0,0.0,2026-11-14,1.38,2.1,100.0,120.33,46.69,-29.49,-8.48,72.0,1,2026-05-18 to 2026-09-02 (75 days),-1.0,47.4,0.3664,130.99,128.51,BULLISH,MEDIUM,Last surprise: +13.4%; Earnings conf adj: +1,5.12,-1.0,1.0,49,2026-10-22,13.43,1
2026-09-03T14:53:06,2026-09-03,DDOG,BUY,1,VWAP Trend,MEDIUM,2,26.25,209.23,11.61,184.94,11.82,233.96,5.22,2026-09-05,0.05,0.08,57.1,1.07,-3.19,-3.86,-12.97,2.4,7,2026-05-18 to 2026-09-02 (75 days),0.52,36.3,0.9687,249.55,176.06,BULLISH,HIGH,Price at statistical extreme; Last surprise: +12.1%; Earnings conf adj: +1; Size: Kelly 8.5% / VolTgt 1.9% / Blend 5.2%,1.94,-1.0,1.0,63,2026-11-05,12.07,1
2026-09-03T14:52:58,2026-09-03,COF,HOLD,0,Donchian Breakout (20/55),HIGH,4,26.23,216.6,3.53,0.0,10.59,0.0,0.0,2026-10-20,0.91,1.47,100.0,43.87,15.34,-53.52,-6.71,47.0,1,2026-05-18 to 2026-09-02 (75 days),-1.0,52.7,0.2366,210.58,205.92,BULLISH,MEDIUM,Last surprise: +23.9%; Earnings conf adj: +1,7.92,-1.0,1.0,47,2026-10-20,23.88,1
2026-09-03T14:53:09,2026-09-03,DOW,HOLD,0,Donchian Breakout (20/55),MEDIUM,3,26.16,31.28,4.6,0.0,6.9,0.0,0.0,2026-10-14,0.41,0.62,100.0,23.05,7.33,54.54,-8.33,41.0,1,2026-05-18 to 2026-09-02 (75 days),-1.0,55.8,0.3637,29.66,30.72,BEARISH,MEDIUM,Last surprise: +12.5%; Earnings conf adj: +1,5.16,-1.0,1.0,49,2026-10-22,12.5,1
2026-09-03T14:55:50,2026-09-03,OZK,BUY,1,VWAP Trend,MEDIUM,3,26.1,49.32,2.16,48.25,2.47,50.54,10.0,2026-09-06,0.98,1.38,71.4,2.4,8.74,-10.19,-2.78,3.6,7,2026-05-18 to 2026-09-02 (75 days),0.556,42.7,0.1653,50.7,47.62,BULLISH,LOW,Strong trend (ADX=34); Size: Kelly 10.0% / VolTgt 10.0% / Blend 10.0%,10.0,-1.0,1.0,42,2026-10-15,,0
2026-09-03T14:55:44,2026-09-03,EXLS,HOLD,0,SMA Crossover (10/50),HIGH,4,26.07,36.91,3.87,0.0,5.8,0.0,0.0,2026-10-07,1.62,3.19,100.0,73.21,26.74,-100.61,-3.98,34.0,1,2026-05-18 to 2026-09-02 (75 days),-1.0,60.8,0.2752,31.8,33.51,BEARISH,MEDIUM,Strong trend (ADX=50),6.81,-1.0,1.0,54,2026-10-27,,0
2026-09-03T14:54:36,2026-09-03,ROIV,HOLD,0,ADX Trend Following,HIGH,5,25.98,34.18,5.36,0.0,12.81,0.0,0.0,2026-09-22,1.22,1.99,66.7,2.51,29.68,-54.9,-9.14,19.0,3,2026-05-18 to 2026-09-02 (75 days),-1.0,41.4,0.3733,35.25,28.35,BULLISH,MEDIUM,Last surprise: +5.6%; Earnings conf adj: +1,5.02,-1.0,1.0,67,2026-11-09,5.56,1
2026-09-03T14:55:34,2026-09-03,ALGM,HOLD,0,VWAP Trend,MEDIUM,3,25.98,35.47,11.43,0.0,9.54,0.0,0.0,2026-09-07,0.72,1.06,60.0,1.7,27.94,68.63,-27.78,4.6,5,2026-05-18 to 2026-09-02 (75 days),-1.0,34.0,0.5648,46.4,39.3,BULLISH,HIGH,Strong trend (ADX=37),3.32,-1.0,1.0,56,2026-10-29,,0
2026-09-03T14:54:04,2026-09-03,PPL,HOLD,0,ADX Trend Following,MEDIUM,3,25.86,34.54,2.1,0.0,3.15,0.0,0.0,2026-09-10,0.59,0.99,66.7,2.25,6.21,7.3,-3.19,7.3,3,2026-05-18 to 2026-09-02 (75 days),-1.0,42.8,0.1851,35.62,35.97,BEARISH,LOW,Last surprise: -2.9%,10.0,-1.0,1.0,62,2026-11-04,-2.94,0
2026-09-03T14:53:25,2026-09-03,GOOGL,HOLD,0,SMA Crossover (10/50),MEDIUM,2,25.8,337.12,2.85,0.0,3.98,0.0,0.0,2026-09-09,-0.19,-0.33,100.0,0.92,-0.37,42.18,-0.72,6.0,1,2026-05-18 to 2026-09-02 (75 days),-1.0,43.1,0.2065,348.73,335.11,BULLISH,MEDIUM,Last surprise: +214.1%; Earnings conf adj: +1,9.08,-1.0,1.0,55,2026-10-28,214.14,1
2026-09-03T14:54:17,2026-09-03,TAP,HOLD,0,SMA Crossover (10/50),MEDIUM,2,25.8,40.54,4.31,0.0,6.46,0.0,0.0,2026-10-14,0.49,0.65,100.0,23.29,7.79,9.22,-7.26,41.0,1,2026-05-18 to 2026-09-02 (75 days),-1.0,46.6,0.325,40.62,43.07,BEARISH,MEDIUM,Last surprise: +4.6%,5.77,-1.0,1.0,61,2026-11-03,4.64,0
2026-09-03T14:54:11,2026-09-03,SMCI,HOLD,0,EMA Crossover (9/21),HIGH,5,25.79,37.0,11.48,0.0,34.44,0.0,0.0,2026-10-01,1.68,4.39,100.0,219.32,95.01,9.3,-11.72,28.0,1,2026-05-18 to 2026-09-02 (75 days),-1.0,56.3,0.8789,31.44,31.33,BULLISH,HIGH,Last surprise: +77.1%; Earnings conf adj: +1,2.13,-1.0,1.0,61,2026-11-03,77.08,1
2026-09-03T14:52:55,2026-09-03,CHD,HOLD,0,Composite Multi-Indicator,MEDIUM,3,25.72,99.32,3.22,0.0,6.44,0.0,0.0,2026-12-05,0.74,1.09,100.0,44.36,15.52,5.16,-5.72,93.0,1,2026-05-18 to 2026-09-02 (75 days),-1.0,47.0,0.2208,99.06,94.23,BULLISH,MEDIUM,Last surprise: -1.1%,8.49,-1.0,1.0,57,2026-10-30,-1.11,0
2026-09-03T14:53:31,2026-09-03,IEX,HOLD,0,52-Week High Momentum,HIGH,4,25.53,224.61,2.74,0.0,9.59,0.0,0.0,2026-12-02,0.8,1.15,100.0,40.87,14.21,-17.39,-7.34,90.0,1,2026-05-18 to 2026-09-02 (75 days),-1.0,40.1,0.1987,228.72,204.22,BULLISH,LOW,Strong trend (ADX=45); Last surprise: +10.0%; Earnings conf adj: +1,9.44,-1.0,1.0,55,2026-10-28,9.95,1
2026-09-03T14:52:48,2026-09-03,BEN,HOLD,0,Stochastic Oscillator,MEDIUM,3,25.46,33.01,2.53,0.0,3.79,0.0,0.0,2026-10-14,0.44,0.65,100.0,21.3,5.98,-9.4,-7.81,41.0,1,2026-05-18 to 2026-09-02 (75 days),-1.0,40.4,0.1801,33.63,28.0,BULLISH,LOW,Strong trend (ADX=35); Last surprise: +9.1%; Earnings conf adj: +1,10.0,-1.0,1.0,64,2026-11-06,9.09,1
2026-09-03T14:54:33,2026-09-03,XYZ,HOLD,0,PEAD Earnings Drift,HIGH,5,25.43,82.46,7.06,0.0,21.18,0.0,0.0,2026-12-18,1.6,2.53,100.0,191.14,80.74,11.3,-12.44,106.0,1,2026-05-18 to 2026-09-02 (75 days),-1.0,53.1,0.4796,80.01,68.55,BULLISH,HIGH,Last surprise: +17.2%; Earnings conf adj: +1,3.91,-1.0,1.0,67,2026-11-09,17.24,1
2026-09-03T14:54:00,2026-09-03,PFG,EXIT,-1,VWAP Trend,HIGH,5,25.41,111.31,2.21,113.77,1.58,109.55,10.0,2026-09-04,2.44,4.94,75.0,3.55,23.06,-13.44,-2.99,1.9,12,2026-05-18 to 2026-09-02 (75 days),-1.0,47.9,0.1457,111.76,97.68,BULLISH,LOW,Strong trend (ADX=32); Last surprise: +7.3%; Earnings conf adj: +1; Size: Kelly 10.0% / VolTgt 10.0% / Blend 10.0%,10.0,-1.0,1.0,53,2026-10-26,7.3,1
2026-09-03T14:56:13,2026-09-03,COPX,HOLD,0,Composite Multi-Indicator,HIGH,4,25.34,89.9,4.47,0.0,12.18,0.0,0.0,2026-09-22,1.05,1.76,100.0,48.01,16.9,-22.34,-7.48,19.0,1,2026-05-18 to 2026-09-02 (75 days),-1.0,53.1,0.3548,82.45,80.01,BULLISH,MEDIUM,Strong trend (ADX=33),5.28,-1.0,1.0,-1,,,0
2026-09-03T14:53:42,2026-09-03,LRCX,HOLD,0,VWAP Trend,HIGH,5,25.23,288.32,9.59,0.0,7.33,0.0,0.0,2026-09-06,1.87,3.62,57.1,2.68,145.01,131.47,-16.9,3.9,7,2026-05-18 to 2026-09-02 (75 days),-1.0,39.9,0.4715,325.41,259.15,BULLISH,HIGH,Last surprise: +8.3%; Earnings conf adj: +1,3.98,-1.0,1.0,48,2026-10-21,8.33,1
2026-09-03T14:54:58,2026-09-03,GGG,HOLD,0,MACD Crossover,HIGH,4,25.22,77.66,2.61,0.0,3.92,0.0,0.0,2026-10-11,1.03,1.71,50.0,2.84,19.18,10.91,-4.87,38.5,2,2026-05-18 to 2026-09-02 (75 days),-1.0,41.5,0.1684,78.21,81.85,BEARISH,LOW,Strong trend (ADX=42); Last surprise: +12.3%; Earnings conf adj: +1,10.0,-1.0,1.0,48,2026-10-21,12.35,1
2026-09-03T14:55:37,2026-09-03,QLYS,HOLD,0,VWAP Trend,HIGH,4,25.22,170.83,9.7,0.0,7.79,0.0,0.0,2026-09-07,4.23,13.42,60.0,7.38,422.26,-141.72,-7.94,4.8,10,2026-05-18 to 2026-09-02 (75 days),-1.0,47.5,0.4516,161.2,124.37,BULLISH,HIGH,Price at statistical extreme,4.15,-1.0,1.0,61,2026-11-03,,0
2026-09-03T14:53:48,2026-09-03,MO,HOLD,0,Stochastic Oscillator,MEDIUM,2,25.21,69.56,3.29,0.0,4.94,0.0,0.0,2026-12-03,0.16,0.2,100.0,3.27,0.43,14.12,-14.63,91.0,1,2026-05-18 to 2026-09-02 (75 days),-1.0,55.0,0.2888,69.97,65.0,BULLISH,MEDIUM,Last surprise: -1.3%,6.49,-1.0,1.0,56,2026-10-29,-1.33,0
2026-09-03T14:53:31,2026-09-03,IDXX,EXIT,-1,VWAP Trend,HIGH,5,25.05,538.99,4.21,561.68,5.9,507.19,8.6,2026-09-11,1.25,1.8,57.1,2.77,32.8,36.98,-7.04,8.3,7,2026-05-18 to 2026-09-02 (75 days),-1.0,41.5,0.2601,558.93,608.61,BEARISH,MEDIUM,Last surprise: +8.7%; Earnings conf adj: +1; Size: Kelly 10.0% / VolTgt 7.2% / Blend 8.6%,7.21,-1.0,1.0,60,2026-11-02,8.65,1
2026-09-03T14:54:36,2026-09-03,P,BUY,1,Stochastic Oscillator,HIGH,5,25.03,92.43,12.0,81.34,18.0,109.07,6.15,2026-09-17,2.59,5.03,66.7,315.11,159.7,74.01,-10.23,14.3,3,2026-05-18 to 2026-09-02 (75 days),0.294,45.5,0.8168,86.69,75.23,BULLISH,HIGH,Strong trend (ADX=37); Last surprise: +20.7%; Earnings conf adj: +1; Size: Kelly 10.0% / VolTgt 2.3% / Blend 6.2%,2.3,-1.0,1.0,-8,2026-08-26,20.69,1
2026-09-03T14:53:28,2026-09-03,HII,HOLD,0,EMA Crossover (9/21),HIGH,4,24.92,288.72,3.92,0.0,5.88,0.0,0.0,2026-09-30,0.55,1.54,100.0,37.34,12.89,47.04,-12.08,27.0,1,2026-05-18 to 2026-09-02 (75 days),-1.0,38.9,0.2205,295.68,345.05,BEARISH,MEDIUM,Strong trend (ADX=46); Last surprise: +38.0%; Earnings conf adj: +1,8.5,-1.0,1.0,56,2026-10-29,37.96,1
2026-09-03T14:55:46,2026-09-03,NOVT,HOLD,0,Stochastic Oscillator,MEDIUM,3,24.92,144.52,8.64,0.0,12.96,0.0,0.0,2026-09-17,2.07,4.72,50.0,85.21,61.04,75.44,-4.41,14.0,2,2026-05-18 to 2026-09-02 (75 days),-1.0,44.1,0.508,151.55,137.16,BULLISH,HIGH,Strong trend (ADX=30),3.69,-1.0,1.0,61,2026-11-03,,0
2026-09-03T14:54:16,2026-09-03,SYF,BUY,1,PEAD Earnings Drift,MEDIUM,3,24.73,78.39,4.07,75.2,8.14,84.77,8.72,2026-10-09,0.45,0.67,100.0,19.86,6.2,-35.63,-5.41,36.0,1,2026-05-18 to 2026-09-02 (75 days),0.655,51.3,0.252,76.54,74.47,BULLISH,MEDIUM,Last surprise: +21.6%; Earnings conf adj: +1; Size: Kelly 10.0% / VolTgt 7.4% / Blend 8.7%,7.44,-1.0,1.0,41,2026-10-14,21.6,1
2026-09-03T14:53:17,2026-09-03,F,HOLD,0,Stochastic Oscillator,MEDIUM,3,24.69,14.14,4.26,0.0,6.39,0.0,0.0,2026-11-14,0.23,0.35,100.0,11.98,2.73,-34.31,-9.75,72.0,1,2026-05-18 to 2026-09-02 (75 days),-1.0,51.8,0.331,13.99,13.21,BULLISH,MEDIUM,Last surprise: +20.0%; Earnings conf adj: +1,5.67,-1.0,1.0,49,2026-10-22,20.0,1
2026-09-03T14:52:47,2026-09-03,BA,BUY,1,Stochastic Oscillator,MEDIUM,3,24.66,208.87,2.93,202.75,4.4,218.06,9.59,2026-09-28,1.16,2.1,66.7,10.35,39.01,56.0,-9.58,25.7,3,2026-05-18 to 2026-09-02 (75 days),0.25,38.9,0.2042,219.72,220.06,BEARISH,MEDIUM,Strong trend (ADX=55); Last surprise: -145.2%; Earnings conf adj: -1; Size: Kelly 10.0% / VolTgt 9.2% / Blend 9.6%,9.18,-1.0,1.0,55,2026-10-28,-145.16,-1
2026-09-03T14:55:52,2026-09-03,LPX,HOLD,0,ADX Trend Following,MEDIUM,2,24.61,68.31,5.06,0.0,6.22,0.0,0.0,2026-09-07,0.63,1.13,50.0,1.99,9.38,18.06,-7.44,4.0,4,2026-05-18 to 2026-09-02 (75 days),-1.0,37.9,0.3947,74.16,77.62,BEARISH,MEDIUM,No special conditions,4.75,-1.0,1.0,62,2026-11-04,,0
2026-09-03T14:55:44,2026-09-03,ASB,HOLD,0,VWAP Trend,MEDIUM,3,24.58,30.58,2.05,0.0,2.41,0.0,0.0,2026-09-06,0.72,1.19,62.5,2.1,6.45,-45.61,-2.29,3.0,8,2026-05-18 to 2026-09-02 (75 days),-1.0,48.1,0.177,30.77,27.52,BULLISH,LOW,No special conditions,10.0,-1.0,1.0,49,2026-10-22,,0
2026-09-03T14:55:28,2026-09-03,IDA,HOLD,0,VWAP Trend,HIGH,4,24.48,135.13,2.09,0.0,1.94,0.0,0.0,2026-09-05,1.95,4.23,88.9,4.59,17.92,28.96,-1.9,2.7,9,2026-05-18 to 2026-09-02 (75 days),-1.0,33.4,0.1501,144.32,137.83,BULLISH,LOW,Strong trend (ADX=35),10.0,-1.0,1.0,56,2026-10-29,,0
2026-09-03T14:55:17,2026-09-03,HLI,HOLD,0,VWAP Trend,LOW,1,24.33,133.21,4.38,0.0,6.57,0.0,0.0,2026-09-09,0.55,0.85,50.0,1.29,12.69,46.73,-9.66,6.9,12,2026-05-18 to 2026-09-02 (75 days),-1.0,55.2,0.3725,132.93,152.54,BEARISH,MEDIUM,No special conditions,5.03,-1.0,1.0,56,2026-10-29,,0
2026-09-03T14:54:47,2026-09-03,SUI,HOLD,0,Stochastic Oscillator,MEDIUM,3,24.21,121.24,2.57,0.0,3.85,0.0,0.0,2026-12-18,0.13,0.2,100.0,2.53,0.52,-1.91,-7.5,106.0,1,2026-05-18 to 2026-09-02 (75 days),-1.0,47.6,0.1954,121.28,124.01,BEARISH,LOW,Last surprise: +43.7%; Earnings conf adj: +1,9.6,-1.0,1.0,55,2026-10-28,43.75,1
2026-09-03T14:54:10,2026-09-03,SBAC,HOLD,0,SMA Crossover (10/50),LOW,1,24.15,186.42,2.71,0.0,3.98,0.0,0.0,2026-09-10,-0.02,-0.03,100.0,1.37,-0.22,22.05,-2.47,7.0,1,2026-05-18 to 2026-09-02 (75 days),-1.0,53.2,0.1909,181.89,190.51,BEARISH,LOW,Last surprise: -1.1%,7.0,-1.0,1.0,60,2026-11-02,-1.06,0
2026-09-03T14:53:46,2026-09-03,MCO,HOLD,0,Composite Multi-Indicator,HIGH,4,24.03,490.0,3.42,0.0,11.97,0.0,0.0,2026-12-05,0.85,1.3,100.0,56.81,20.27,-21.27,-9.16,93.0,1,2026-05-18 to 2026-09-02 (75 days),-1.0,47.6,0.2227,486.32,470.81,BULLISH,MEDIUM,Strong trend (ADX=33); Last surprise: +10.1%; Earnings conf adj: +1,8.42,-1.0,1.0,48,2026-10-21,10.12,1
2026-09-03T14:52:56,2026-09-03,CI,HOLD,0,Composite Multi-Indicator,MEDIUM,2,23.71,282.84,2.93,0.0,5.86,0.0,0.0,2026-10-20,0.14,0.2,100.0,3.94,1.0,3.6,-10.15,47.0,1,2026-05-18 to 2026-09-02 (75 days),-1.0,52.6,0.2276,283.3,277.69,BULLISH,MEDIUM,Last surprise: +2.4%,8.24,-1.0,1.0,63,2026-11-05,2.37,0
2026-09-03T14:53:42,2026-09-03,LULU,HOLD,0,Composite Multi-Indicator,LOW,0,23.62,120.07,7.59,0.0,11.38,0.0,0.0,2026-11-28,0.36,0.54,100.0,20.44,6.77,7.31,-13.47,86.0,1,2026-05-18 to 2026-09-02 (75 days),-1.0,50.9,0.4159,118.46,153.33,BEARISH,HIGH,EARNINGS TODAY (2026-09-03); Last surprise: +0.6%; Earnings conf adj: -3,4.51,-1.0,1.0,0,2026-09-03,0.6,-3
2026-09-03T14:53:20,2026-09-03,FFIV,BUY,1,PEAD Earnings Drift,MEDIUM,3,23.61,391.08,4.97,371.64,9.94,429.95,7.42,2026-10-07,0.17,0.25,100.0,4.99,1.36,-9.18,-10.68,34.0,1,2026-05-18 to 2026-09-02 (75 days),0.361,46.8,0.3883,404.42,325.6,BULLISH,MEDIUM,Last surprise: +18.3%; Earnings conf adj: +1; Size: Kelly 10.0% / VolTgt 4.8% / Blend 7.4%,4.83,-1.0,1.0,53,2026-10-26,18.25,1
2026-09-03T14:53:38,2026-09-03,KMB,HOLD,0,Stochastic Oscillator,MEDIUM,3,23.6,109.29,2.82,0.0,4.23,0.0,0.0,2026-10-17,0.07,0.1,100.0,6.47,-0.19,-60.01,-5.41,44.0,1,2026-05-18 to 2026-09-02 (75 days),-1.0,50.3,0.2267,109.76,101.72,BULLISH,MEDIUM,Last surprise: +5.5%; Earnings conf adj: +1,8.27,-1.0,1.0,61,2026-11-03,5.47,1
2026-09-03T14:52:40,2026-09-03,AME,HOLD,0,MACD Crossover,MEDIUM,3,23.57,233.19,3.27,0.0,7.04,0.0,0.0,2026-09-21,0.18,0.26,66.7,4.19,1.69,-10.71,-6.9,18.7,3,2026-05-18 to 2026-09-02 (75 days),-1.0,37.9,0.2068,241.44,225.15,BULLISH,MEDIUM,Strong trend (ADX=34); Last surprise: +5.0%; Earnings conf adj: +1,9.06,-1.0,1.0,56,2026-10-29,5.03,1
2026-09-03T14:52:41,2026-09-03,ANET,HOLD,0,EMA Crossover (9/21),HIGH,4,23.47,186.1,7.55,0.0,22.65,0.0,0.0,2026-10-19,0.72,1.11,100.0,76.97,28.01,-124.93,-15.51,46.0,2,2026-05-18 to 2026-09-02 (75 days),-1.0,47.4,0.489,181.77,151.31,BULLISH,HIGH,Last surprise: +14.6%; Earnings conf adj: +1,3.83,-1.0,1.0,61,2026-11-03,14.61,1
2026-09-03T14:54:19,2026-09-03,TKO,HOLD,0,VWAP Trend,MEDIUM,2,23.45,189.79,4.21,0.0,5.17,0.0,0.0,2026-09-06,-0.83,-1.06,71.4,0.59,-12.47,-6.39,-5.59,3.3,7,2026-05-18 to 2026-09-02 (75 days),-1.0,50.3,0.3615,190.3,196.33,BEARISH,MEDIUM,Last surprise: +22.9%; Earnings conf adj: +1,5.19,-1.0,1.0,62,2026-11-04,22.94,1
2026-09-03T14:54:43,2026-09-03,SITM,HOLD,0,MACD Crossover,HIGH,4,23.34,568.82,12.0,0.0,36.0,0.0,0.0,2026-09-22,0.64,1.32,100.0,68.69,24.48,80.83,-22.56,19.0,1,2026-05-18 to 2026-09-02 (75 days),-1.0,44.3,1.2062,613.37,496.83,BULLISH,HIGH,Last surprise: +20.0%; Earnings conf adj: +1,1.55,-1.0,1.0,62,2026-11-04,20.0,1
2026-09-03T14:54:10,2026-09-03,SHW,HOLD,0,MACD Crossover,HIGH,4,23.24,331.25,3.38,0.0,7.58,0.0,0.0,2026-09-22,0.87,1.38,66.7,2.1,18.78,-19.31,-6.71,19.3,3,2026-05-18 to 2026-09-02 (75 days),-1.0,39.3,0.2192,342.48,332.57,BULLISH,MEDIUM,Last surprise: +5.1%; Earnings conf adj: +1,8.55,-1.0,1.0,54,2026-10-27,5.11,1
2026-09-03T14:53:33,2026-09-03,INCY,BUY,1,52-Week High Momentum,MEDIUM,2,23.21,128.83,3.86,123.86,7.72,138.78,8.6,2026-09-22,0.24,0.41,66.7,1.43,3.0,-177.26,-10.78,19.0,3,2026-05-18 to 2026-09-02 (75 days),0.147,61.4,0.2601,120.03,104.49,BULLISH,MEDIUM,High volume; Last surprise: +43.7%; Earnings conf adj: +1; Size: Kelly 10.0% / VolTgt 7.2% / Blend 8.6%,7.21,-1.0,1.0,54,2026-10-27,43.72,1
2026-09-03T14:53:30,2026-09-03,HUBB,HOLD,0,VWAP Trend,MEDIUM,2,23.2,450.08,3.92,0.0,3.53,0.0,0.0,2026-09-06,0.63,0.88,60.0,1.47,11.57,24.03,-13.37,3.0,5,2026-05-18 to 2026-09-02 (75 days),-1.0,37.0,0.2586,486.32,482.26,BULLISH,MEDIUM,Strong trend (ADX=37); Last surprise: +2.4%,7.25,-1.0,1.0,54,2026-10-27,2.41,0
2026-09-03T14:55:27,2026-09-03,GAP,HOLD,0,SMA Crossover (10/50),MEDIUM,2,23.19,22.06,9.03,0.0,13.54,0.0,0.0,2026-09-26,0.4,0.86,100.0,24.57,8.24,-19.29,-8.74,23.0,1,2026-05-18 to 2026-09-02 (75 days),-1.0,58.8,0.6125,20.15,23.65,BEARISH,HIGH,Strong trend (ADX=36),3.06,-1.0,1.0,77,2026-11-19,,0
2026-09-03T14:54:30,2026-09-03,WDC,HOLD,0,PEAD Earnings Drift,HIGH,5,23.17,448.9,12.0,0.0,36.0,0.0,0.0,2026-11-14,1.02,1.56,100.0,168.77,67.19,74.18,-38.08,72.0,1,2026-05-18 to 2026-09-02 (75 days),-1.0,43.5,0.7848,515.18,369.77,BULLISH,HIGH,Last surprise: +7.9%; Earnings conf adj: +1,2.39,-1.0,1.0,63,2026-11-05,7.88,1
2026-09-03T14:54:46,2026-09-03,RBA,HOLD,0,ADX Trend Following,MEDIUM,2,23.06,82.9,4.5,0.0,6.75,0.0,0.0,2026-09-11,0.28,0.42,66.7,1.53,3.17,54.03,-5.56,8.0,3,2026-05-18 to 2026-09-02 (75 days),-1.0,30.9,0.357,101.33,103.07,BEARISH,MEDIUM,Strong trend (ADX=45); Last surprise: +0.0%,5.25,-1.0,1.0,63,2026-11-05,0.0,0
2026-09-03T14:52:55,2026-09-03,CHRW,HOLD,0,MACD Crossover,MEDIUM,2,22.97,145.2,4.05,0.0,6.07,0.0,0.0,2026-09-25,-0.4,-0.5,66.7,0.4,-16.12,24.41,-16.87,22.0,3,2026-05-18 to 2026-09-02 (75 days),-1.0,37.7,0.3244,169.46,172.11,BEARISH,MEDIUM,Strong trend (ADX=31); Last surprise: +5.9%; Earnings conf adj: +1,5.78,-1.0,1.0,55,2026-10-28,5.92,1
2026-09-03T14:54:49,2026-09-03,LECO,BUY,1,ADX Trend Following,MEDIUM,3,22.96,272.59,4.34,260.76,6.41,290.06,8.36,2026-09-11,1.11,1.92,50.0,2.79,22.85,5.56,-6.75,8.5,4,2026-05-18 to 2026-09-02 (75 days),0.663,46.7,0.2792,267.71,260.08,BULLISH,MEDIUM,Last surprise: +4.3%; Size: Kelly 10.0% / VolTgt 6.7% / Blend 8.4%,6.72,-1.0,1.0,56,2026-10-29,4.27,0
2026-09-03T14:55:46,2026-09-03,NXST,HOLD,0,VWAP Trend,LOW,0,22.96,177.19,4.87,0.0,6.18,0.0,0.0,2026-09-09,-0.47,-0.67,50.0,0.6,-11.44,15.89,-11.05,6.5,8,2026-05-18 to 2026-09-02 (75 days),-1.0,41.2,0.3077,181.79,195.88,BEARISH,MEDIUM,Strong trend (ADX=38),6.09,-1.0,1.0,63,2026-11-05,,0
2026-09-03T14:54:03,2026-09-03,PLTR,BUY,1,PEAD Earnings Drift,HIGH,5,22.73,169.46,8.47,155.11,12.71,191.0,6.64,2026-09-30,1.08,2.04,100.0,85.84,31.41,-84.71,-9.17,27.0,1,2026-05-18 to 2026-09-02 (75 days),0.274,52.2,0.5712,147.17,151.31,BEARISH,HIGH,Strong trend (ADX=42); Last surprise: +17.1%; Earnings conf adj: +1; Size: Kelly 10.0% / VolTgt 3.3% / Blend 6.6%,3.28,-1.0,1.0,60,2026-11-02,17.14,1
2026-09-03T14:53:44,2026-09-03,MAA,HOLD,0,SMA Crossover (10/50),MEDIUM,2,22.6,128.61,1.88,0.0,2.6,0.0,0.0,2026-09-07,-0.31,-0.45,100.0,0.13,-0.63,-5.63,-0.93,4.0,1,2026-05-18 to 2026-09-02 (75 days),-1.0,40.3,0.165,133.63,129.88,BULLISH,LOW,Last surprise: +33.3%; Earnings conf adj: +1,10.0,-1.0,1.0,55,2026-10-28,33.33,1
2026-09-03T14:55:10,2026-09-03,WTFC,HOLD,0,Stochastic Oscillator,LOW,1,22.5,152.22,2.51,0.0,3.76,0.0,0.0,2026-09-12,-0.38,-0.6,100.0,0.51,-2.51,-16.73,-2.92,9.0,1,2026-05-18 to 2026-09-02 (75 days),-1.0,41.4,0.1986,158.72,147.6,BULLISH,LOW,Strong trend (ADX=31),7.0,-1.0,1.0,46,2026-10-19,,0
2026-09-03T14:55:55,2026-09-03,FFIN,BUY,1,VWAP Trend,HIGH,4,22.46,33.22,2.13,32.51,3.08,34.24,10.0,2026-09-08,2.71,4.5,80.0,4.75,24.95,5.62,-2.25,5.6,5,2026-05-18 to 2026-09-02 (75 days),0.635,40.2,0.1654,34.6,32.13,BULLISH,LOW,Strong trend (ADX=45); Size: Kelly 10.0% / VolTgt 10.0% / Blend 10.0%,10.0,-1.0,1.0,49,2026-10-22,,0
2026-09-03T14:54:48,2026-09-03,ULS,HOLD,0,EMA Crossover (9/21),LOW,1,22.4,74.12,2.74,0.0,2.64,0.0,0.0,2026-09-06,-2.1,-2.11,50.0,0.08,-27.79,34.47,-9.84,3.5,2,2026-05-18 to 2026-09-02 (75 days),-1.0,33.8,0.1793,84.12,84.79,BEARISH,LOW,Strong trend (ADX=42); Last surprise: +5.4%; Earnings conf adj: +1,7.0,-1.0,1.0,61,2026-11-03,5.36,1
2026-09-03T14:55:39,2026-09-03,ANF,HOLD,0,ADX Trend Following,HIGH,4,22.17,136.6,12.0,0.0,31.2,0.0,0.0,2026-09-11,2.58,9.54,57.1,9.0,450.05,-337.38,-12.78,8.6,7,2026-05-18 to 2026-09-02 (75 days),-1.0,64.8,1.3511,105.14,96.29,BULLISH,HIGH,Strong trend (ADX=43),1.39,-1.0,1.0,83,2026-11-25,,0
2026-09-03T14:54:01,2026-09-03,PKG,HOLD,0,VWAP Trend,HIGH,4,22.15,233.54,2.88,0.0,2.79,0.0,0.0,2026-09-06,1.96,8.36,66.7,15.7,38.94,-6.28,-3.65,3.2,6,2026-05-18 to 2026-09-02 (75 days),-1.0,37.2,0.1981,242.44,221.16,BULLISH,LOW,Strong trend (ADX=33); Last surprise: +1.7%,9.46,-1.0,1.0,48,2026-10-21,1.73,0
2026-09-03T14:56:06,2026-09-03,GPK,HOLD,0,SMA Crossover (10/50),MEDIUM,2,21.83,10.98,5.54,0.0,8.31,0.0,0.0,2026-10-20,0.28,0.42,100.0,13.79,4.06,-57.29,-10.33,47.0,1,2026-05-18 to 2026-09-02 (75 days),-1.0,44.7,0.3794,11.12,11.84,BEARISH,MEDIUM,No special conditions,4.94,-1.0,1.0,67,2026-11-09,,0
2026-09-03T14:53:15,2026-09-03,ETR,HOLD,1,VWAP Trend,LOW,1,21.6,106.75,2.22,104.38,1.83,108.7,0.0,2026-09-05,-0.19,-0.25,60.0,1.16,-1.28,5.37,-2.57,2.4,5,2026-05-18 to 2026-09-02 (75 days),-1.0,46.2,0.15,110.15,104.32,BULLISH,LOW,High volume; Last surprise: +2.0%,7.0,-1.0,1.0,56,2026-10-29,1.98,0
2026-09-03T14:53:30,2026-09-03,HSY,HOLD,0,MACD Crossover,MEDIUM,3,21.06,177.43,3.31,0.0,4.96,0.0,0.0,2026-09-28,0.55,0.78,50.0,2.62,8.87,29.99,-5.83,25.5,2,2026-05-18 to 2026-09-02 (75 days),-1.0,44.2,0.2212,178.11,189.77,BEARISH,MEDIUM,Strong trend (ADX=30); Last surprise: +32.9%; Earnings conf adj: +1,8.48,-1.0,1.0,63,2026-11-05,32.87,1
2026-09-03T14:55:31,2026-09-03,AVAV,BUY,1,Stochastic Oscillator,HIGH,4,20.99,145.39,11.93,128.04,17.89,171.4,6.49,2026-09-24,1.81,3.54,66.7,8.7,184.04,214.15,-26.02,21.3,3,2026-05-18 to 2026-09-02 (75 days),0.56,38.8,0.6289,158.7,213.88,BEARISH,HIGH,Strong trend (ADX=35); Size: Kelly 10.0% / VolTgt 3.0% / Blend 6.5%,2.98,-1.0,1.0,6,2026-09-09,,0
2026-09-03T14:55:36,2026-09-03,INGR,HOLD,0,SMA Crossover (10/50),LOW,1,20.83,102.6,2.03,0.0,3.04,0.0,0.0,2026-10-15,0.05,0.09,100.0,0.46,-0.19,-7.33,-4.34,42.0,1,2026-05-18 to 2026-09-02 (75 days),-1.0,45.8,0.1747,101.62,107.01,BEARISH,LOW,Strong trend (ADX=34),7.0,-1.0,1.0,61,2026-11-03,,0
2026-09-03T14:55:55,2026-09-03,GNTX,HOLD,0,Stochastic Oscillator,LOW,0,20.77,22.86,3.48,0.0,5.22,0.0,0.0,2026-09-21,0.07,0.11,50.0,1.41,-0.52,-5.01,-8.07,18.5,2,2026-05-18 to 2026-09-02 (75 days),-1.0,42.9,0.2508,23.86,23.26,BULLISH,MEDIUM,No special conditions,7.0,-1.0,1.0,50,2026-10-23,,0
2026-09-03T14:55:54,2026-09-03,GHC,HOLD,-1,ADX Trend Following,LOW,0,20.72,1113.13,4.85,1167.12,4.41,1064.04,0.0,2026-09-09,-0.13,-0.15,50.0,0.82,-1.55,-0.32,-4.35,6.0,2,2026-05-18 to 2026-09-02 (75 days),-1.0,38.3,0.2289,1171.06,1120.71,BULLISH,MEDIUM,No special conditions,7.0,-1.0,1.0,55,2026-10-28,,0
2026-09-03T14:53:27,2026-09-03,HD,HOLD,0,Stochastic Oscillator,HIGH,4,20.61,318.51,3.5,0.0,5.25,0.0,0.0,2026-09-18,2.11,3.99,66.7,3.07,42.23,16.18,-6.11,15.3,3,2026-05-18 to 2026-09-02 (75 days),-1.0,34.4,0.2202,340.1,341.44,BEARISH,MEDIUM,Last surprise: +4.0%,8.52,-1.0,1.0,75,2026-11-17,4.02,0
2026-09-03T14:55:02,2026-09-03,CR,EXIT,-1,VWAP Trend,HIGH,5,20.6,199.1,3.63,206.33,1.91,195.3,9.9,2026-09-04,2.26,7.25,60.0,4.6,20.23,-49.95,-1.36,1.6,10,2026-05-18 to 2026-09-02 (75 days),-1.0,32.5,0.1915,215.84,194.62,BULLISH,LOW,Last surprise: +6.5%; Earnings conf adj: +1; Size: Kelly 10.0% / VolTgt 9.8% / Blend 9.9%,9.79,-1.0,1.0,53,2026-10-26,6.55,1
2026-09-03T14:55:41,2026-09-03,ACI,HOLD,0,Stochastic Oscillator,LOW,0,20.57,12.48,3.85,0.0,5.78,0.0,0.0,2026-10-15,-0.09,-0.12,50.0,0.89,-7.05,54.79,-17.79,42.0,2,2026-05-18 to 2026-09-02 (75 days),-1.0,50.0,0.2645,12.87,15.63,BEARISH,MEDIUM,High volume,7.0,-1.0,1.0,40,2026-10-13,,0
2026-09-03T14:55:57,2026-09-03,OLLI,HOLD,0,MACD Crossover,MEDIUM,2,20.44,73.87,8.95,0.0,13.42,0.0,0.0,2026-10-06,0.63,0.91,50.0,1.73,17.53,45.59,-15.52,33.0,2,2026-05-18 to 2026-09-02 (75 days),-1.0,48.9,0.4516,72.23,93.62,BEARISH,HIGH,High volume,4.15,-1.0,1.0,-1,,,0
2026-09-03T14:53:34,2026-09-03,IQV,BUY,1,52-Week High Momentum,MEDIUM,2,20.37,263.84,4.16,252.86,10.4,291.28,8.82,2026-10-08,0.35,0.59,100.0,64.76,4.77,-317.72,-12.23,35.0,1,2026-05-18 to 2026-09-02 (75 days),0.206,70.8,0.2457,226.78,201.37,BULLISH,MEDIUM,RSI overbought; Strong trend (ADX=38); Last surprise: +4.0%; Size: Kelly 10.0% / VolTgt 7.6% / Blend 8.8%,7.63,-1.0,1.0,61,2026-11-03,3.96,0
2026-09-03T14:54:50,2026-09-03,TLN,HOLD,0,VWAP Trend,MEDIUM,3,20.22,302.03,9.88,0.0,6.81,0.0,0.0,2026-09-05,1.21,2.0,61.5,1.78,34.95,56.39,-12.83,2.9,13,2026-05-18 to 2026-09-02 (75 days),-1.0,37.2,0.508,351.58,358.59,BEARISH,HIGH,Strong trend (ADX=47); Last surprise: -30.1%; Earnings conf adj: -1,3.69,-1.0,1.0,62,2026-11-04,-30.09,-1
2026-09-03T14:56:09,2026-09-03,COLM,HOLD,0,Stochastic Oscillator,MEDIUM,2,20.21,56.86,4.05,0.0,6.07,0.0,0.0,2026-10-07,0.64,0.92,50.0,1.72,14.16,23.83,-12.73,34.5,2,2026-05-18 to 2026-09-02 (75 days),-1.0,41.3,0.2562,60.44,58.48,BULLISH,MEDIUM,Strong trend (ADX=30),7.32,-1.0,1.0,56,2026-10-29,,0
2026-09-03T14:53:34,2026-09-03,IT,HOLD,0,Composite Multi-Indicator,HIGH,4,20.15,186.75,8.22,0.0,12.33,0.0,0.0,2026-09-18,0.54,0.87,100.0,24.7,8.28,-78.57,-8.0,15.0,1,2026-05-18 to 2026-09-02 (75 days),-1.0,54.0,0.4323,161.41,177.97,BEARISH,HIGH,Last surprise: +17.2%; Earnings conf adj: +1,4.34,-1.0,1.0,61,2026-11-03,17.16,1
2026-09-03T14:55:29,2026-09-03,SFM,HOLD,0,ADX Trend Following,MEDIUM,3,20.13,78.76,8.73,0.0,7.71,0.0,0.0,2026-09-08,1.68,7.73,50.0,100.06,36.0,68.49,-3.21,5.0,2,2026-05-18 to 2026-09-02 (75 days),-1.0,42.9,0.4377,81.55,79.19,BULLISH,HIGH,High volume,4.28,-1.0,1.0,55,2026-10-28,,0
2026-09-03T14:55:50,2026-09-03,VFC,HOLD,0,ADX Trend Following,LOW,1,19.97,13.22,4.79,0.0,7.19,0.0,0.0,2026-09-23,-0.41,-0.49,66.7,0.49,-24.89,30.9,-21.53,20.0,3,2026-05-18 to 2026-09-02 (75 days),-1.0,32.5,0.2784,15.59,17.49,BEARISH,MEDIUM,Strong trend (ADX=40),6.74,-1.0,1.0,53,2026-10-26,,0
2026-09-03T14:53:51,2026-09-03,NCLH,HOLD,0,ADX Trend Following,HIGH,5,19.9,15.57,6.12,0.0,9.18,0.0,0.0,2026-09-14,1.64,2.86,100.0,140.9,57.09,50.0,-12.31,11.3,3,2026-05-18 to 2026-09-02 (75 days),-1.0,30.0,0.3831,18.97,19.87,BEARISH,MEDIUM,RSI oversold; Strong trend (ADX=41); Last surprise: +23.1%; Earnings conf adj: +1,4.89,-1.0,1.0,62,2026-11-04,23.08,1
2026-09-03T14:55:08,2026-09-03,RRX,HOLD,0,VWAP Trend,MEDIUM,3,19.87,160.77,5.29,0.0,4.25,0.0,0.0,2026-09-07,0.67,1.3,66.7,1.45,15.43,56.65,-8.01,4.0,6,2026-05-18 to 2026-09-02 (75 days),-1.0,35.3,0.27,194.49,186.83,BULLISH,MEDIUM,Strong trend (ADX=49); Last surprise: +15.9%; Earnings conf adj: +1,6.94,-1.0,1.0,55,2026-10-28,15.89,1
2026-09-03T14:55:33,2026-09-03,HXL,HOLD,0,MACD Crossover,HIGH,4,19.7,91.75,4.44,0.0,7.36,0.0,0.0,2026-09-17,1.38,2.28,66.7,22.04,31.38,20.99,-6.74,14.3,3,2026-05-18 to 2026-09-02 (75 days),-1.0,31.7,0.247,100.47,88.09,BULLISH,MEDIUM,Strong trend (ADX=49),7.59,-1.0,1.0,48,2026-10-21,,0
2026-09-03T14:53:36,2026-09-03,JCI,HOLD,0,VWAP Trend,HIGH,5,19.53,139.25,3.62,0.0,3.12,0.0,0.0,2026-09-05,1.55,2.44,60.0,2.26,39.54,33.65,-8.71,2.9,10,2026-05-18 to 2026-09-02 (75 days),-1.0,38.8,0.2324,144.59,134.04,BULLISH,MEDIUM,Strong trend (ADX=36); Last surprise: +9.2%; Earnings conf adj: +1,8.07,-1.0,1.0,62,2026-11-04,9.23,1
2026-09-03T14:52:48,2026-09-03,BF-B,HOLD,0,MACD Crossover,MEDIUM,2,19.51,27.38,4.52,0.0,9.04,0.0,0.0,2026-09-26,0.87,1.38,50.0,20.35,20.02,1.12,-9.13,23.0,2,2026-05-18 to 2026-09-02 (75 days),-1.0,48.4,0.3096,27.25,26.97,BULLISH,MEDIUM,High volume; Last surprise: -62.5%,6.06,-1.0,1.0,91,2026-12-03,-62.5,0
2026-09-03T14:53:25,2026-09-03,GNRC,HOLD,0,Stochastic Oscillator,HIGH,4,19.44,180.76,9.22,0.0,11.88,0.0,0.0,2026-09-15,0.63,1.18,66.7,44.96,13.58,81.78,-12.17,12.0,3,2026-05-18 to 2026-09-02 (75 days),-1.0,30.5,0.4355,220.72,208.11,BULLISH,HIGH,Strong trend (ADX=40); Last surprise: +44.8%; Earnings conf adj: +1,4.31,-1.0,1.0,55,2026-10-28,44.78,1
2026-09-03T14:55:24,2026-09-03,LEA,HOLD,0,Stochastic Oscillator,LOW,1,19.42,129.6,3.44,0.0,5.16,0.0,0.0,2026-10-01,0.38,0.54,50.0,6.84,6.35,6.56,-7.81,28.0,2,2026-05-18 to 2026-09-02 (75 days),-1.0,54.2,0.3338,131.78,126.0,BULLISH,MEDIUM,Price at statistical extreme,5.62,-1.0,1.0,49,2026-10-22,,0
2026-09-03T14:53:44,2026-09-03,LYV,BUY,1,Stochastic Oscillator,MEDIUM,2,19.4,179.59,3.33,173.61,5.0,188.57,8.94,2026-10-10,-0.06,-0.08,100.0,0.06,-2.67,-29.48,-5.97,37.0,1,2026-05-18 to 2026-09-02 (75 days),0.405,46.9,0.2377,181.48,160.03,BULLISH,MEDIUM,Last surprise: +84.2%; Earnings conf adj: +1; Size: Kelly 10.0% / VolTgt 7.9% / Blend 8.9%,7.89,-1.0,1.0,61,2026-11-03,84.21,1
2026-09-03T14:55:25,2026-09-03,AGCO,HOLD,0,Composite Multi-Indicator,MEDIUM,3,19.12,126.69,4.74,0.0,7.11,0.0,0.0,2026-11-07,0.79,1.09,100.0,64.34,23.22,-25.16,-20.18,65.0,1,2026-05-18 to 2026-09-02 (75 days),-1.0,74.3,0.3443,111.28,114.24,BEARISH,MEDIUM,RSI overbought; High volume; Price at statistical extreme; Strong trend (ADX=55),5.45,-1.0,1.0,57,2026-10-30,,0
2026-09-03T14:53:18,2026-09-03,FDXF,HOLD,0,VWAP Trend,LOW,1,19.03,126.6,8.7,0.0,10.15,0.0,0.0,2026-09-11,-0.1,-0.16,66.7,1.0,-7.89,66.86,-10.36,8.3,3,2026-07-16 to 2026-09-02 (35 days),-1.0,34.8,0.4473,144.63,nan,NEUTRAL,HIGH,No special conditions,4.19,-1.0,1.0,55,2026-10-28,,0
2026-09-03T14:53:33,2026-09-03,IP,HOLD,0,Stochastic Oscillator,HIGH,5,19.02,36.3,4.9,0.0,7.35,0.0,0.0,2026-09-16,1.55,4.3,100.0,124.96,43.76,-56.21,-5.14,13.0,1,2026-05-18 to 2026-09-02 (75 days),-1.0,33.9,0.3297,39.24,37.49,BULLISH,MEDIUM,Price at statistical extreme; Last surprise: +200.0%; Earnings conf adj: +1,5.69,-1.0,1.0,55,2026-10-28,200.0,1
2026-09-03T14:53:55,2026-09-03,NTAP,BUY,1,VWAP Trend,HIGH,4,19.02,180.77,5.73,170.41,4.6,189.09,7.64,2026-09-05,2.51,13.63,55.6,6.61,181.64,-119.3,-3.22,2.7,9,2026-05-18 to 2026-09-02 (75 days),0.365,43.3,0.3555,177.38,129.22,BULLISH,MEDIUM,High volume; Last surprise: +7.0%; Size: Kelly 10.0% / VolTgt 5.3% / Blend 7.6%,5.27,-1.0,1.0,89,2026-12-01,7.05,0
2026-09-03T14:54:57,2026-09-03,PEN,HOLD,0,EMA Crossover (9/21),LOW,0,18.92,322.8,1.5,0.0,2.25,0.0,0.0,2026-09-20,0.13,0.18,50.0,1.63,0.45,4.3,-1.89,17.5,2,2026-05-18 to 2026-09-02 (75 days),-1.0,49.1,0.0688,320.96,324.1,BEARISH,LOW,Last surprise: -14.4%; Earnings conf adj: -1,7.0,-1.0,1.0,62,2026-11-04,-14.41,-1
2026-09-03T14:54:49,2026-09-03,FN,HOLD,0,VWAP Trend,HIGH,5,18.82,395.35,12.0,0.0,8.06,0.0,0.0,2026-09-04,1.05,2.15,57.1,1.64,34.62,120.35,-9.7,1.3,7,2026-05-18 to 2026-09-02 (75 days),-1.0,34.7,0.8983,489.3,536.25,BEARISH,HIGH,Strong trend (ADX=33); Last surprise: +7.6%; Earnings conf adj: +1,2.09,-1.0,1.0,60,2026-11-02,7.61,1
2026-09-03T14:55:06,2026-09-03,OC,EXIT,-1,VWAP Trend,HIGH,4,18.82,134.25,4.62,140.45,5.89,126.34,8.06,2026-09-09,1.73,3.55,50.0,3.35,82.91,-4.8,-9.65,6.0,8,2026-05-18 to 2026-09-02 (75 days),-1.0,33.1,0.3056,144.97,123.45,BULLISH,MEDIUM,Strong trend (ADX=38); Last surprise: +26.8%; Earnings conf adj: +1; Size: Kelly 10.0% / VolTgt 6.1% / Blend 8.1%,6.13,-1.0,1.0,62,2026-11-04,26.77,1
2026-09-03T14:53:55,2026-09-03,NTRS,HOLD,0,VWAP Trend,MEDIUM,3,18.72,183.98,2.21,0.0,1.8,0.0,0.0,2026-09-04,1.6,2.45,77.8,2.63,17.62,-28.75,-4.55,1.7,9,2026-05-18 to 2026-09-02 (75 days),-1.0,47.5,0.1756,183.34,157.04,BULLISH,LOW,Last surprise: -8.4%; Earnings conf adj: -1,10.0,-1.0,1.0,48,2026-10-21,-8.44,-1
2026-09-03T14:53:59,2026-09-03,PCAR,HOLD,0,Momentum (Rate of Change),HIGH,5,18.65,122.13,2.56,0.0,8.96,0.0,0.0,2026-11-07,1.44,2.37,100.0,108.48,39.09,2.25,-5.49,65.0,1,2026-05-18 to 2026-09-02 (75 days),-1.0,34.1,0.1613,127.36,118.78,BULLISH,LOW,Price at statistical extreme; Strong trend (ADX=38); Last surprise: +5.1%; Earnings conf adj: +1,10.0,-1.0,1.0,54,2026-10-27,5.15,1
2026-09-03T14:53:32,2026-09-03,INTC,HOLD,0,VWAP Trend,LOW,1,18.45,90.05,9.45,0.0,5.19,0.0,0.0,2026-09-05,-0.08,-0.13,50.0,0.99,-5.88,40.56,-12.71,2.2,6,2026-05-18 to 2026-09-02 (75 days),-1.0,42.8,0.4441,102.15,73.57,BULLISH,HIGH,Last surprise: +90.9%; Earnings conf adj: +1,4.22,-1.0,1.0,49,2026-10-22,90.91,1
2026-09-03T14:54:51,2026-09-03,CACI,HOLD,0,MACD Crossover,HIGH,4,18.15,614.27,5.76,0.0,8.64,0.0,0.0,2026-09-24,1.21,3.33,50.0,2.93,57.63,-51.06,-10.77,21.5,2,2026-05-18 to 2026-09-02 (75 days),-1.0,53.1,0.8224,545.65,559.75,BEARISH,HIGH,Last surprise: +23.2%; Earnings conf adj: +1,2.28,-1.0,1.0,48,2026-10-21,23.24,1
2026-09-03T14:55:27,2026-09-03,LAD,EXIT,-1,52-Week High Momentum,MEDIUM,2,18.1,372.22,4.15,387.67,4.6,355.1,8.94,2026-09-09,0.09,0.24,100.0,53.7,-3.28,-223.8,-13.61,6.0,1,2026-05-18 to 2026-09-02 (75 days),-1.0,55.6,0.2382,348.0,309.53,BULLISH,MEDIUM,Size: Kelly 10.0% / VolTgt 7.9% / Blend 8.9%,7.87,-1.0,1.0,48,2026-10-21,,0
2026-09-03T14:55:27,2026-09-03,HQY,HOLD,0,VWAP Trend,HIGH,4,17.71,98.54,7.35,0.0,13.94,0.0,0.0,2026-09-19,2.17,4.29,80.0,75.85,73.65,-5.45,-5.98,16.8,5,2026-05-18 to 2026-09-02 (75 days),-1.0,45.4,0.4318,98.7,89.42,BULLISH,HIGH,Strong trend (ADX=40),4.34,-1.0,1.0,-1,,,0
2026-09-03T14:52:34,2026-09-03,A,HOLD,0,MACD Crossover,HIGH,4,17.32,151.39,4.69,0.0,10.69,0.0,0.0,2026-09-23,1.94,5.56,66.7,21.2,91.0,-88.95,-7.32,20.7,3,2026-05-18 to 2026-09-02 (75 days),-1.0,55.3,0.2984,141.63,131.17,BULLISH,MEDIUM,Strong trend (ADX=40),6.28,-1.0,1.0,83,2026-11-25,,0
2026-09-03T14:53:10,2026-09-03,ECHO,HOLD,0,VWAP Trend,LOW,0,17.29,86.69,4.27,0.0,4.49,0.0,0.0,2026-09-06,0.25,0.39,50.0,1.19,3.15,81.81,-14.52,3.8,8,2026-05-18 to 2026-09-02 (75 days),-1.0,43.7,0.2925,91.33,107.44,BEARISH,MEDIUM,Last surprise: -94.7%; Earnings conf adj: -1,6.41,-1.0,1.0,63,2026-11-05,-94.66,-1
2026-09-03T14:52:36,2026-09-03,ADP,HOLD,0,Multi-Factor Momentum MR,HIGH,4,17.2,281.16,2.91,0.0,6.66,0.0,0.0,2026-09-19,2.5,6.73,100.0,55.75,19.86,-106.25,-2.3,16.0,1,2026-05-18 to 2026-09-02 (75 days),-1.0,59.7,0.2115,259.5,234.57,BULLISH,MEDIUM,Strong trend (ADX=37); Last surprise: +1.5%,8.87,-1.0,1.0,55,2026-10-28,1.54,0
2026-09-03T14:52:44,2026-09-03,ATO,HOLD,0,VWAP Trend,HIGH,4,17.0,167.68,1.74,0.0,1.7,0.0,0.0,2026-09-05,0.69,1.05,75.0,1.92,2.24,18.18,-1.5,2.5,4,2026-05-18 to 2026-09-02 (75 days),-1.0,44.2,0.1369,172.18,173.65,BEARISH,LOW,Last surprise: +5.9%; Earnings conf adj: +1,10.0,-1.0,1.0,62,2026-11-04,5.93,1
2026-09-03T14:53:13,2026-09-03,EME,HOLD,0,VWAP Trend,LOW,1,16.94,734.26,5.49,0.0,3.8,0.0,0.0,2026-09-04,-0.21,-0.29,44.4,1.02,-2.99,42.34,-4.69,1.9,9,2026-05-18 to 2026-09-02 (75 days),-1.0,39.3,0.3497,783.39,757.28,BULLISH,MEDIUM,Strong trend (ADX=44); Last surprise: +25.3%; Earnings conf adj: +1,5.36,-1.0,1.0,56,2026-10-29,25.31,1
2026-09-03T14:53:29,2026-09-03,HPQ,HOLD,0,SMA Crossover (10/50),HIGH,5,16.89,31.99,8.88,0.0,26.64,0.0,0.0,2026-10-21,2.82,5.51,100.0,324.19,158.22,-184.4,-8.69,48.0,1,2026-05-18 to 2026-09-02 (75 days),-1.0,64.3,0.5144,26.84,22.44,BULLISH,HIGH,Price at statistical extreme; Last surprise: +20.3%; Earnings conf adj: +1,3.64,-1.0,1.0,82,2026-11-24,20.29,1
2026-09-03T14:52:43,2026-09-03,APTV,HOLD,0,ADX Trend Following,LOW,1,16.59,45.03,4.55,0.0,6.82,0.0,0.0,2026-09-21,-2.51,-2.97,50.0,0.06,-49.87,-7.24,-23.34,18.5,2,2026-05-18 to 2026-09-02 (75 days),-1.0,32.4,0.375,53.84,66.68,BEARISH,MEDIUM,Strong trend (ADX=42); Last surprise: +14.0%; Earnings conf adj: +1,5.0,-1.0,1.0,56,2026-10-29,13.99,1
2026-09-03T14:55:47,2026-09-03,GXO,HOLD,0,ADX Trend Following,MEDIUM,3,16.53,46.37,4.02,0.0,6.03,0.0,0.0,2026-09-18,0.83,1.13,66.7,2.49,23.94,29.39,-10.23,15.7,3,2026-05-18 to 2026-09-02 (75 days),-1.0,41.5,0.2823,49.78,52.95,BEARISH,MEDIUM,No special conditions,6.64,-1.0,1.0,61,2026-11-03,,0
2026-09-03T14:55:11,2026-09-03,ENSG,HOLD,0,SMA Crossover (10/50),MEDIUM,3,16.5,172.7,2.75,0.0,4.12,0.0,0.0,2026-10-22,0.7,1.12,100.0,30.78,10.49,17.79,-6.35,49.0,1,2026-05-18 to 2026-09-02 (75 days),-1.0,40.4,0.1901,174.08,182.31,BEARISH,LOW,No special conditions,9.86,-1.0,1.0,61,2026-11-03,,0
2026-09-03T14:53:29,2026-09-03,HRL,HOLD,0,ADX Trend Following,HIGH,5,16.33,22.05,3.98,0.0,13.64,0.0,0.0,2026-09-22,2.01,4.38,66.7,14.17,73.48,37.3,-8.41,19.3,3,2026-05-18 to 2026-09-02 (75 days),-1.0,32.4,0.3943,24.53,23.0,BULLISH,MEDIUM,Strong trend (ADX=48); Last surprise: +5.7%; Earnings conf adj: +1,4.75,-1.0,1.0,-7,2026-08-27,5.71,1
2026-09-03T14:54:17,2026-09-03,TDG,HOLD,0,VWAP Trend,HIGH,5,16.19,1153.75,3.24,0.0,4.86,0.0,0.0,2026-09-15,1.17,1.78,83.3,2.19,27.81,35.81,-8.58,12.0,6,2026-05-18 to 2026-09-02 (75 days),-1.0,33.8,0.2177,1248.67,1271.14,BEARISH,MEDIUM,Last surprise: +5.2%; Earnings conf adj: +1,8.61,-1.0,1.0,63,2026-11-05,5.23,1
2026-09-03T14:55:38,2026-09-03,UBSI,BUY,1,52-Week High Momentum,HIGH,4,16.11,47.3,1.81,46.44,6.33,50.29,10.0,2026-12-11,1.69,2.71,100.0,89.11,33.25,-14.46,-5.81,99.0,1,2026-05-18 to 2026-09-02 (75 days),0.829,45.9,0.14,47.49,42.64,BULLISH,LOW,Strong trend (ADX=34); Size: Kelly 10.0% / VolTgt 10.0% / Blend 10.0%,10.0,-1.0,1.0,49,2026-10-22,,0
2026-09-03T14:54:56,2026-09-03,DOCN,HOLD,0,VWAP Trend,MEDIUM,2,16.0,104.87,12.0,0.0,7.6,0.0,0.0,2026-09-04,0.06,0.09,66.7,1.07,-1.81,66.84,-7.99,1.6,9,2026-05-18 to 2026-09-02 (75 days),-1.0,38.1,0.7634,126.14,96.45,BULLISH,HIGH,Last surprise: +73.1%; Earnings conf adj: +1,2.46,-1.0,1.0,62,2026-11-04,73.08,1
2026-09-03T14:54:11,2026-09-03,SNA,HOLD,0,MACD Crossover,HIGH,4,15.86,380.59,1.83,0.0,3.62,0.0,0.0,2026-09-20,1.76,2.72,66.7,9.91,24.9,2.73,-3.92,17.7,3,2026-05-18 to 2026-09-02 (75 days),-1.0,31.1,0.1092,401.23,371.43,BULLISH,LOW,Strong trend (ADX=40); Last surprise: +0.2%,10.0,-1.0,1.0,42,2026-10-15,0.2,0
2026-09-03T14:56:12,2026-09-03,XRAY,BUY,1,MACD Crossover,HIGH,4,15.71,11.29,7.5,10.44,15.92,13.09,7.14,2026-09-24,1.98,3.21,66.7,5.96,94.06,33.25,-10.01,21.3,3,2026-05-18 to 2026-09-02 (75 days),0.401,45.7,0.4381,12.12,11.7,BULLISH,HIGH,Size: Kelly 10.0% / VolTgt 4.3% / Blend 7.1%,4.28,-1.0,1.0,63,2026-11-05,,0
2026-09-03T14:55:17,2026-09-03,R,HOLD,0,ADX Trend Following,HIGH,4,15.56,243.13,2.81,0.0,6.26,0.0,0.0,2026-09-21,1.31,2.04,66.7,6.4,23.8,4.08,-7.0,18.7,3,2026-05-18 to 2026-09-02 (75 days),-1.0,34.7,0.1839,259.97,223.67,BULLISH,LOW,Strong trend (ADX=53),10.0,-1.0,1.0,49,2026-10-22,,0
2026-09-03T14:55:22,2026-09-03,PB,EXIT,-1,ADX Trend Following,MEDIUM,3,15.44,72.09,2.0,73.53,3.64,69.47,10.0,2026-09-14,0.92,1.22,100.0,32.6,10.14,-14.42,-5.29,11.0,3,2026-05-18 to 2026-09-02 (75 days),-1.0,44.5,0.1392,73.16,69.84,BULLISH,LOW,Size: Kelly 10.0% / VolTgt 10.0% / Blend 10.0%,10.0,-1.0,1.0,62,2026-11-04,,0
2026-09-03T14:54:56,2026-09-03,ALLY,HOLD,0,ADX Trend Following,HIGH,4,15.24,42.66,2.48,0.0,5.34,0.0,0.0,2026-09-15,1.32,2.0,75.0,3.6,27.74,20.73,-7.92,12.8,4,2026-05-18 to 2026-09-02 (75 days),-1.0,45.3,0.1896,44.17,42.27,BULLISH,LOW,Strong trend (ADX=35); Last surprise: -0.8%,9.89,-1.0,1.0,43,2026-10-16,-0.82,0
2026-09-03T14:56:08,2026-09-03,MMS,HOLD,0,Stochastic Oscillator,LOW,0,15.21,57.59,5.18,0.0,7.77,0.0,0.0,2026-10-11,0.07,0.1,50.0,0.97,-1.33,8.15,-14.5,38.5,2,2026-05-18 to 2026-09-02 (75 days),-1.0,48.2,0.4565,57.57,70.0,BEARISH,HIGH,No special conditions,4.11,-1.0,1.0,77,2026-11-19,,0
2026-09-03T14:53:22,2026-09-03,GE,HOLD,0,Stochastic Oscillator,HIGH,5,15.1,329.5,4.08,0.0,6.12,0.0,0.0,2026-09-17,1.33,1.99,66.7,3.23,25.38,-37.28,-7.12,14.3,3,2026-05-18 to 2026-09-02 (75 days),-1.0,35.6,0.3029,358.48,320.47,BULLISH,MEDIUM,Strong trend (ADX=38); Last surprise: +8.6%; Earnings conf adj: +1,6.19,-1.0,1.0,47,2026-10-20,8.6,1
2026-09-03T14:53:40,2026-09-03,LII,HOLD,0,MACD Crossover,LOW,1,14.95,374.0,4.26,0.0,6.39,0.0,0.0,2026-09-17,0.2,0.29,66.7,1.24,1.94,64.79,-9.68,14.3,3,2026-05-18 to 2026-09-02 (75 days),-1.0,25.8,0.2659,479.73,497.08,BEARISH,MEDIUM,RSI oversold; Strong trend (ADX=59); Last surprise: +0.3%,7.0,-1.0,1.0,55,2026-10-28,0.26,0
2026-09-03T14:55:53,2026-09-03,MTN,EXIT,-1,Momentum (Rate of Change),HIGH,4,14.91,136.3,4.87,142.94,17.05,113.06,7.8,2026-11-18,1.22,1.99,100.0,123.3,46.02,-0.59,-8.59,76.0,1,2026-05-18 to 2026-09-02 (75 days),-1.0,38.5,0.3344,146.02,135.1,BULLISH,MEDIUM,Strong trend (ADX=41); Size: Kelly 10.0% / VolTgt 5.6% / Blend 7.8%,5.61,-1.0,1.0,25,2026-09-28,,0
2026-09-03T14:54:38,2026-09-03,CW,HOLD,0,PEAD Earnings Drift,MEDIUM,3,14.81,561.53,5.44,0.0,13.6,0.0,0.0,2026-11-20,0.8,1.16,100.0,61.01,21.9,76.94,-14.3,78.0,1,2026-05-18 to 2026-09-02 (75 days),-1.0,23.6,0.345,706.74,675.74,BULLISH,MEDIUM,RSI oversold; Strong trend (ADX=67); Last surprise: +2.8%,5.44,-1.0,1.0,62,2026-11-04,2.76,0
2026-09-03T14:53:18,2026-09-03,FE,HOLD,-1,VWAP Trend,LOW,1,14.74,46.29,2.0,47.22,2.04,45.35,0.0,2026-09-06,-0.02,-0.03,71.4,1.21,-0.39,-20.31,-4.26,3.0,7,2026-05-18 to 2026-09-02 (75 days),-1.0,42.9,0.1496,47.5,46.7,BULLISH,LOW,Last surprise: +0.0%,7.0,-1.0,1.0,48,2026-10-21,0.0,0
2026-09-03T14:54:42,2026-09-03,MKSI,HOLD,0,Multi-Factor Momentum MR,MEDIUM,3,14.73,251.38,10.44,0.0,11.8,0.0,0.0,2026-09-10,0.49,0.69,100.0,24.35,7.81,49.96,-9.18,7.0,1,2026-05-18 to 2026-09-02 (75 days),-1.0,34.4,0.5663,321.5,260.8,BULLISH,HIGH,Strong trend (ADX=40); Last surprise: +11.5%; Earnings conf adj: +1,3.31,-1.0,1.0,62,2026-11-04,11.49,1
2026-09-03T14:54:32,2026-09-03,WY,HOLD,0,MACD Crossover,MEDIUM,2,14.52,23.19,3.41,0.0,7.69,0.0,0.0,2026-09-23,-0.72,-1.09,66.7,0.41,-17.98,-25.92,-14.03,20.7,3,2026-05-18 to 2026-09-02 (75 days),-1.0,36.6,0.2146,24.24,24.03,BULLISH,MEDIUM,Strong trend (ADX=37); Last surprise: +62.5%; Earnings conf adj: +1,8.74,-1.0,1.0,56,2026-10-29,62.5,1
2026-09-03T14:53:42,2026-09-03,LOW,HOLD,0,MACD Crossover,LOW,0,14.37,199.84,3.84,0.0,5.76,0.0,0.0,2026-10-01,-0.22,-0.31,50.0,0.23,-6.37,17.71,-10.55,28.0,2,2026-05-18 to 2026-09-02 (75 days),-1.0,33.7,0.2215,213.57,234.34,BEARISH,MEDIUM,Price at statistical extreme; Strong trend (ADX=31); Last surprise: +4.3%,7.0,-1.0,1.0,76,2026-11-18,4.27,0
2026-09-03T14:55:03,2026-09-03,AFG,HOLD,0,52-Week High Momentum,LOW,1,13.73,142.6,1.93,0.0,2.9,0.0,0.0,2026-10-14,-0.62,-0.94,50.0,0.62,-10.46,-27.89,-8.76,41.5,2,2026-05-18 to 2026-09-02 (75 days),-1.0,47.5,0.1182,142.38,132.98,BULLISH,LOW,Last surprise: +19.0%; Earnings conf adj: +1,7.0,-1.0,1.0,61,2026-11-03,18.99,1
2026-09-03T14:54:23,2026-09-03,UAL,HOLD,0,VWAP Trend,HIGH,5,13.71,108.35,5.16,0.0,4.37,0.0,0.0,2026-09-05,1.11,2.43,55.6,2.07,15.28,-55.76,-2.97,2.3,9,2026-05-18 to 2026-09-02 (75 days),-1.0,38.0,0.3659,122.5,108.11,BULLISH,MEDIUM,Strong trend (ADX=36); Last surprise: +7.6%; Earnings conf adj: +1,5.12,-1.0,1.0,48,2026-10-21,7.57,1
2026-09-03T14:54:13,2026-09-03,STE,HOLD,0,ADX Trend Following,LOW,0,13.66,230.35,2.54,0.0,3.43,0.0,0.0,2026-09-09,-0.25,-0.35,50.0,0.75,-3.92,-36.08,-6.85,6.5,4,2026-05-18 to 2026-09-02 (75 days),-1.0,48.6,0.1711,224.65,232.51,BEARISH,LOW,Last surprise: +4.0%,7.0,-1.0,1.0,62,2026-11-04,4.02,0
2026-09-03T14:53:54,2026-09-03,NOC,HOLD,0,MACD Crossover,LOW,1,13.56,523.82,3.72,0.0,5.58,0.0,0.0,2026-09-26,-0.59,-0.77,50.0,0.29,-10.92,1.77,-6.86,23.5,2,2026-05-18 to 2026-09-02 (75 days),-1.0,36.8,0.2626,540.63,597.99,BEARISH,MEDIUM,Last surprise: +12.6%; Earnings conf adj: +1,7.0,-1.0,1.0,47,2026-10-20,12.61,1
2026-09-03T14:55:43,2026-09-03,HOMB,HOLD,0,52-Week High Momentum,MEDIUM,3,13.48,29.69,1.84,0.0,4.6,0.0,0.0,2026-11-07,0.57,1.08,100.0,38.69,7.39,-51.9,-7.3,65.0,1,2026-05-18 to 2026-09-02 (75 days),-1.0,43.9,0.1409,29.93,27.92,BULLISH,LOW,Strong trend (ADX=41),10.0,-1.0,1.0,41,2026-10-14,,0
2026-09-03T14:53:28,2026-09-03,HON,HOLD,0,MACD Crossover,LOW,1,13.44,206.07,3.28,0.0,6.56,0.0,0.0,2026-09-20,-0.97,-1.22,50.0,0.12,-22.02,6.2,-10.25,17.5,2,2026-05-18 to 2026-09-02 (75 days),-1.0,29.3,0.2937,229.68,227.94,BULLISH,MEDIUM,RSI oversold; Strong trend (ADX=54); Last surprise: +7.1%; Earnings conf adj: +1,6.38,-1.0,1.0,49,2026-10-22,7.14,1
2026-09-03T14:55:06,2026-09-03,EVR,HOLD,0,Composite Multi-Indicator,LOW,0,13.21,288.69,4.41,0.0,6.62,0.0,0.0,2026-12-05,-1.49,-1.88,0.0,0.0,-46.35,-9.73,-23.25,93.0,1,2026-05-18 to 2026-09-02 (75 days),-1.0,37.5,0.2821,319.52,328.13,BEARISH,MEDIUM,Strong trend (ADX=45); Last surprise: -4.0%,6.65,-1.0,1.0,55,2026-10-28,-3.96,0
2026-09-03T14:54:01,2026-09-03,PHM,EXIT,-1,VWAP Trend,MEDIUM,2,13.05,123.7,3.85,128.46,4.77,117.8,8.06,2026-09-06,0.36,0.56,57.1,1.37,3.55,-38.68,-4.7,3.9,7,2026-05-18 to 2026-09-02 (75 days),-1.0,42.1,0.3069,129.24,124.81,BULLISH,MEDIUM,Last surprise: +5.1%; Earnings conf adj: +1; Size: Kelly 10.0% / VolTgt 6.1% / Blend 8.1%,6.11,-1.0,1.0,49,2026-10-22,5.08,1
2026-09-03T14:55:13,2026-09-03,MP,HOLD,0,MACD Crossover,LOW,0,13.05,54.7,12.0,0.0,18.0,0.0,0.0,2026-09-22,0.24,0.38,50.0,1.18,1.17,12.52,-20.46,19.0,2,2026-05-18 to 2026-09-02 (75 days),-1.0,50.8,0.6541,51.46,57.69,BEARISH,HIGH,No special conditions,2.87,-1.0,1.0,63,2026-11-05,,0
2026-09-03T14:55:49,2026-09-03,KRG,HOLD,0,VWAP Trend,LOW,1,12.86,26.26,1.5,0.0,1.39,0.0,0.0,2026-09-04,-2.0,-2.37,66.7,0.6,-18.14,-24.81,-9.13,1.8,12,2026-05-18 to 2026-09-02 (75 days),-1.0,40.1,0.1318,27.74,25.35,BULLISH,LOW,Strong trend (ADX=42),7.0,-1.0,1.0,62,2026-11-04,,0
2026-09-03T14:55:58,2026-09-03,EPR,HOLD,0,52-Week High Momentum,MEDIUM,3,12.83,59.61,1.91,0.0,3.82,0.0,0.0,2026-12-18,0.92,1.42,100.0,49.36,17.41,1.94,-7.8,106.0,1,2026-05-18 to 2026-09-02 (75 days),-1.0,46.1,0.1908,60.23,54.78,BULLISH,LOW,No special conditions,9.83,-1.0,1.0,55,2026-10-28,,0
2026-09-03T14:54:12,2026-09-03,SO,HOLD,0,VWAP Trend,HIGH,5,12.71,88.31,1.81,0.0,2.26,0.0,0.0,2026-09-07,2.19,3.95,66.7,3.73,18.94,34.92,-2.03,4.5,6,2026-05-18 to 2026-09-02 (75 days),-1.0,33.3,0.1352,93.11,91.04,BULLISH,LOW,Strong trend (ADX=43); Last surprise: +11.9%; Earnings conf adj: +1,10.0,-1.0,1.0,56,2026-10-29,11.88,1
2026-09-03T14:55:24,2026-09-03,COLB,HOLD,0,Stochastic Oscillator,MEDIUM,3,12.5,30.08,3.18,0.0,4.77,0.0,0.0,2026-09-16,1.03,1.77,50.0,4.52,9.5,-13.55,-5.18,13.5,2,2026-05-18 to 2026-09-02 (75 days),-1.0,43.0,0.2047,31.26,28.9,BULLISH,MEDIUM,Strong trend (ADX=40),9.16,-1.0,1.0,56,2026-10-29,,0
2026-09-03T14:54:00,2026-09-03,PEP,HOLD,0,Stochastic Oscillator,LOW,0,12.35,140.52,1.91,0.0,2.86,0.0,0.0,2026-12-10,-0.6,-0.82,0.0,0.0,-14.77,0.46,-9.43,98.0,1,2026-05-18 to 2026-09-02 (75 days),-1.0,49.9,0.1653,139.73,147.17,BEARISH,LOW,Last surprise: -0.5%,7.0,-1.0,1.0,35,2026-10-08,-0.45,0
2026-09-03T14:54:57,2026-09-03,ELS,HOLD,-1,ADX Trend Following,LOW,1,12.07,63.12,1.7,64.19,2.55,61.51,0.0,2026-09-11,-0.75,-0.99,50.0,0.31,-8.36,-17.11,-4.81,8.0,4,2026-05-18 to 2026-09-02 (75 days),-1.0,39.1,0.1384,64.8,63.11,BULLISH,LOW,Last surprise: +9.1%; Earnings conf adj: +1,7.0,-1.0,1.0,48,2026-10-21,9.09,1
2026-09-03T14:55:00,2026-09-03,DKS,HOLD,0,VWAP Trend,LOW,0,11.97,137.34,12.0,0.0,15.26,0.0,0.0,2026-09-05,0.07,0.1,55.6,1.07,-2.29,73.88,-11.7,2.7,9,2026-05-18 to 2026-09-02 (75 days),-1.0,27.3,1.1797,199.13,206.58,BEARISH,HIGH,RSI oversold; Strong trend (ADX=58); Last surprise: -6.1%; Earnings conf adj: -1,1.59,-1.0,1.0,82,2026-11-24,-6.12,-1
2026-09-03T14:52:54,2026-09-03,CCL,BUY,1,Stochastic Oscillator,HIGH,5,11.92,23.74,4.99,22.56,7.49,25.52,7.72,2026-09-17,1.14,2.29,66.7,2.38,31.67,45.26,-11.56,14.0,3,2026-05-18 to 2026-09-02 (75 days),0.734,32.6,0.3439,26.95,27.53,BEARISH,MEDIUM,Strong trend (ADX=47); Last surprise: +20.6%; Earnings conf adj: +1; Size: Kelly 10.0% / VolTgt 5.5% / Blend 7.7%,5.45,-1.0,1.0,25,2026-09-28,20.59,1
2026-09-03T14:56:02,2026-09-03,THO,HOLD,-1,ADX Trend Following,LOW,0,11.86,75.71,4.24,78.92,6.36,70.89,0.0,2026-09-17,-0.42,-0.57,50.0,0.72,-12.93,-24.58,-11.83,14.0,4,2026-05-18 to 2026-09-02 (75 days),-1.0,44.4,0.2751,76.89,87.88,BEARISH,MEDIUM,No special conditions,6.82,-1.0,1.0,20,2026-09-23,,0
2026-09-03T14:53:58,2026-09-03,ORLY,HOLD,0,MACD Crossover,LOW,0,11.68,86.97,2.61,0.0,3.92,0.0,0.0,2026-09-19,-0.51,-0.64,33.3,0.59,-12.58,4.05,-10.32,16.7,3,2026-05-18 to 2026-09-02 (75 days),-1.0,40.4,0.1642,89.0,92.29,BEARISH,LOW,High volume; Last surprise: +0.0%,7.0,-1.0,1.0,55,2026-10-28,0.0,0
2026-09-03T14:55:01,2026-09-03,IESC,HOLD,0,VWAP Trend,LOW,1,11.65,302.64,12.0,0.0,22.62,0.0,0.0,2026-09-05,-1.85,-2.15,44.4,0.43,-42.85,50.87,-18.29,2.1,9,2026-05-15 to 2026-09-02 (75 days),-1.0,24.6,1.9824,631.48,543.44,BULLISH,HIGH,RSI oversold; Strong trend (ADX=57); Last surprise: +56.6%; Earnings conf adj: +1,0.95,-1.0,1.0,78,2026-11-20,56.61,1
2026-09-03T14:54:14,2026-09-03,SPGI,BUY,1,VWAP Trend,MEDIUM,3,11.63,431.71,3.81,415.26,5.71,456.36,8.74,2026-09-15,1.45,2.44,42.9,2.3,47.5,9.92,-8.97,12.0,7,2026-05-18 to 2026-09-02 (75 days),0.409,53.5,0.2223,422.78,428.27,BEARISH,MEDIUM,Strong trend (ADX=36); Last surprise: -3.0%; Size: Kelly 9.0% / VolTgt 8.4% / Blend 8.7%,8.44,-1.0,1.0,56,2026-10-29,-2.99,0
2026-09-03T14:54:59,2026-09-03,FNF,HOLD,0,ADX Trend Following,HIGH,5,11.45,46.18,2.83,0.0,4.25,0.0,0.0,2026-09-26,1.05,1.86,100.0,63.91,22.16,40.29,-6.45,23.5,2,2026-05-18 to 2026-09-02 (75 days),-1.0,35.4,0.2935,49.21,50.21,BEARISH,MEDIUM,Strong trend (ADX=35); Last surprise: +5.3%; Earnings conf adj: +1,6.39,-1.0,1.0,63,2026-11-05,5.3,1
2026-09-03T14:52:58,2026-09-03,CNP,HOLD,0,VWAP Trend,MEDIUM,2,11.18,39.51,2.29,0.0,2.43,0.0,0.0,2026-09-06,-0.04,-0.05,62.5,1.15,-0.71,12.91,-3.84,3.2,8,2026-05-18 to 2026-09-02 (75 days),-1.0,40.1,0.1724,41.86,41.01,BULLISH,LOW,Last surprise: +8.1%; Earnings conf adj: +1,10.0,-1.0,1.0,49,2026-10-22,8.11,1
2026-09-03T14:53:29,2026-09-03,HPE,HOLD,0,Multi-Factor Momentum MR,LOW,0,11.1,51.83,9.22,0.0,11.74,0.0,0.0,2026-09-04,0.0,0.0,0.0,0.0,0.0,-369.9,0.0,0.0,0,2026-05-18 to 2026-09-02 (75 days),-1.0,48.5,0.4715,49.79,32.81,BULLISH,HIGH,High volume; Last surprise: +49.1%,3.98,-1.0,1.0,-1,2026-09-02,49.06,0
2026-09-03T14:53:43,2026-09-03,LUV,HOLD,0,MACD Crossover,HIGH,5,11.1,38.61,4.33,0.0,8.4,0.0,0.0,2026-09-15,2.16,4.14,75.0,6.34,69.54,65.77,-10.82,12.5,4,2026-05-18 to 2026-09-02 (75 days),-1.0,31.5,0.3019,45.91,42.78,BULLISH,MEDIUM,Strong trend (ADX=51); Last surprise: +80.8%; Earnings conf adj: +1,6.21,-1.0,1.0,48,2026-10-21,80.77,1
2026-09-03T14:55:32,2026-09-03,TEX,EXIT,-1,VWAP Trend,MEDIUM,3,11.0,61.81,7.89,66.69,6.03,58.08,7.19,2026-09-06,1.46,2.58,50.0,6.61,35.31,8.45,-9.27,3.2,6,2026-05-18 to 2026-09-02 (75 days),-1.0,41.8,0.4281,66.33,60.7,BULLISH,HIGH,Strong trend (ADX=36); Size: Kelly 10.0% / VolTgt 4.4% / Blend 7.2%,4.38,-1.0,1.0,56,2026-10-29,,0
2026-09-03T14:53:50,2026-09-03,MRVL,EXIT,-1,52-Week High Momentum,HIGH,4,10.84,206.48,12.0,231.26,18.94,167.37,6.2,2026-09-12,2.15,4.95,100.0,551.77,282.07,183.82,-16.74,9.5,2,2026-05-18 to 2026-09-02 (75 days),-1.0,43.8,0.7802,223.16,150.4,BULLISH,HIGH,Last surprise: +1.1%; Size: Kelly 10.0% / VolTgt 2.4% / Blend 6.2%,2.4,-1.0,1.0,89,2026-12-01,1.08,0
2026-09-03T14:54:03,2026-09-03,PNR,HOLD,0,MACD Crossover,LOW,0,10.68,59.84,4.66,0.0,6.99,0.0,0.0,2026-10-08,-0.92,-1.02,50.0,0.01,-32.3,17.1,-17.01,35.0,2,2026-05-18 to 2026-09-02 (75 days),-1.0,32.5,0.2673,67.53,85.6,BEARISH,MEDIUM,Last surprise: -0.9%,7.0,-1.0,1.0,47,2026-10-20,-0.87,0
2026-09-03T14:54:45,2026-09-03,BURL,HOLD,0,MACD Crossover,MEDIUM,2,10.55,257.07,7.37,0.0,17.41,0.0,0.0,2026-10-04,0.25,0.36,50.0,1.86,2.9,36.86,-8.06,31.5,2,2026-05-18 to 2026-09-02 (75 days),-1.0,16.9,0.3939,334.82,312.47,BULLISH,MEDIUM,RSI oversold; Strong trend (ADX=72); Last surprise: +35.2%; Earnings conf adj: +1,4.76,-1.0,1.0,85,2026-11-27,35.16,1
2026-09-03T14:55:57,2026-09-03,CHH,BUY,1,VWAP Trend,HIGH,4,10.39,100.4,4.84,95.54,5.6,106.02,7.6,2026-09-06,1.24,1.8,62.5,2.77,28.81,46.67,-6.42,3.9,8,2026-05-18 to 2026-09-02 (75 days),0.155,36.6,0.3599,108.78,104.69,BULLISH,MEDIUM,Strong trend (ADX=33); Size: Kelly 10.0% / VolTgt 5.2% / Blend 7.6%,5.21,-1.0,1.0,62,2026-11-04,,0
2026-09-03T14:53:55,2026-09-03,NRG,BUY,1,Stochastic Oscillator,MEDIUM,2,9.82,111.09,8.3,101.87,12.45,124.92,7.21,2026-09-27,0.89,1.29,66.7,2.45,28.7,61.89,-14.09,24.0,3,2026-05-18 to 2026-09-02 (75 days),0.155,39.6,0.424,128.39,146.29,BEARISH,HIGH,Last surprise: -14.4%; Earnings conf adj: -1; Size: Kelly 10.0% / VolTgt 4.4% / Blend 7.2%,4.42,-1.0,1.0,63,2026-11-05,-14.37,-1
2026-09-03T14:53:11,2026-09-03,ED,HOLD,0,ADX Trend Following,LOW,1,9.76,107.67,1.77,0.0,2.66,0.0,0.0,2026-09-23,-0.81,-1.12,50.0,0.41,-13.65,-20.33,-7.94,20.8,4,2026-05-18 to 2026-09-02 (75 days),-1.0,49.0,0.1379,109.14,105.61,BULLISH,LOW,Last surprise: +7.8%; Earnings conf adj: +1,7.0,-1.0,1.0,63,2026-11-05,7.79,1
2026-09-03T14:56:04,2026-09-03,KNF,HOLD,-1,VWAP Trend,LOW,0,9.75,61.24,5.73,64.75,4.58,58.44,0.0,2026-09-07,0.17,0.27,54.5,1.15,1.29,50.01,-8.42,4.4,11,2026-05-18 to 2026-09-02 (75 days),-1.0,30.8,0.2771,74.55,78.34,BEARISH,MEDIUM,High volume; Price at statistical extreme; Strong trend (ADX=63),6.77,-1.0,1.0,61,2026-11-03,,0
2026-09-03T14:54:44,2026-09-03,APG,BUY,1,VWAP Trend,HIGH,4,9.53,39.36,4.35,37.65,3.54,40.75,8.36,2026-09-05,1.1,1.89,60.0,1.96,14.04,35.35,-4.35,2.6,10,2026-05-18 to 2026-09-02 (75 days),0.183,38.7,0.2785,41.1,41.9,BEARISH,MEDIUM,High volume; Strong trend (ADX=38); Last surprise: +2.3%; Size: Kelly 10.0% / VolTgt 6.7% / Blend 8.4%,6.73,-1.0,1.0,56,2026-10-29,2.33,0
2026-09-03T14:54:30,2026-09-03,WEC,HOLD,0,ADX Trend Following,LOW,1,9.34,105.73,1.85,0.0,3.29,0.0,0.0,2026-09-08,-1.13,-1.54,40.0,0.4,-11.42,-2.69,-4.41,5.6,5,2026-05-18 to 2026-09-02 (75 days),-1.0,38.9,0.1763,110.96,110.03,BULLISH,LOW,Strong trend (ADX=30); Last surprise: +12.3%; Earnings conf adj: +1,7.0,-1.0,1.0,56,2026-10-29,12.35,1
2026-09-03T14:55:00,2026-09-03,SF,HOLD,0,ADX Trend Following,HIGH,4,9.33,80.01,3.33,0.0,8.86,0.0,0.0,2026-10-02,1.76,2.57,100.0,88.48,32.68,-1.63,-7.59,29.0,2,2026-05-18 to 2026-09-02 (75 days),-1.0,47.0,0.2089,78.94,77.91,BULLISH,MEDIUM,Strong trend (ADX=42); Last surprise: +4.4%,8.97,-1.0,1.0,48,2026-10-21,4.41,0
2026-09-03T14:55:42,2026-09-03,EXP,HOLD,0,Multi-Factor Momentum MR,HIGH,4,9.27,194.66,4.26,0.0,2.14,0.0,0.0,2026-09-04,1.73,29.81,100.0,17.15,5.6,8.59,-0.1,1.0,1,2026-05-18 to 2026-09-02 (75 days),-1.0,39.5,0.2723,210.0,210.68,BEARISH,MEDIUM,Strong trend (ADX=30),6.89,-1.0,1.0,56,2026-10-29,,0
2026-09-03T14:54:27,2026-09-03,VMRK,HOLD,0,ADX Trend Following,MEDIUM,3,9.19,64.91,3.23,0.0,5.92,0.0,0.0,2026-09-12,1.46,2.4,50.0,4.55,17.02,16.21,-3.62,9.5,4,2026-05-18 to 2026-09-02 (75 days),-1.0,43.2,0.244,67.23,62.88,BULLISH,MEDIUM,No special conditions,7.68,-1.0,1.0,48,2026-10-21,,0
2026-09-03T14:56:10,2026-09-03,WHR,HOLD,0,Stochastic Oscillator,LOW,1,9.15,38.92,9.04,0.0,13.56,0.0,0.0,2026-10-15,0.32,0.51,50.0,1.59,3.51,8.18,-19.54,42.0,2,2026-05-18 to 2026-09-02 (75 days),-1.0,45.0,0.441,39.54,57.41,BEARISH,HIGH,No special conditions,4.25,-1.0,1.0,55,2026-10-28,,0
2026-09-03T14:53:18,2026-09-03,FDX,HOLD,0,Multi-Factor Momentum MR,LOW,1,9.1,316.54,3.84,0.0,6.24,0.0,0.0,2026-09-04,0.0,0.0,0.0,0.0,0.0,-24.51,0.0,0.0,0,2026-05-18 to 2026-09-02 (75 days),-1.0,41.6,0.2504,319.43,289.28,BULLISH,MEDIUM,Strong trend (ADX=37); Last surprise: +6.6%; Earnings conf adj: +1,7.0,-1.0,1.0,55,2026-10-28,6.59,1
2026-09-03T14:55:39,2026-09-03,AAON,HOLD,0,ADX Trend Following,HIGH,4,8.93,74.62,9.14,0.0,10.09,0.0,0.0,2026-09-10,2.39,14.26,100.0,100.06,36.93,123.26,-1.13,7.0,1,2026-05-18 to 2026-09-02 (75 days),-1.0,29.7,0.4842,97.83,98.6,BEARISH,HIGH,RSI oversold; Strong trend (ADX=39),3.87,-1.0,1.0,63,2026-11-05,,0
2026-09-03T14:53:42,2026-09-03,LNT,EXIT,-1,VWAP Trend,HIGH,5,8.89,67.74,1.91,69.03,1.77,66.54,10.0,2026-09-05,1.31,2.34,66.7,2.28,8.98,25.97,-2.65,2.0,9,2026-05-18 to 2026-09-02 (75 days),-1.0,35.3,0.1588,72.13,69.54,BULLISH,LOW,Last surprise: +12.1%; Earnings conf adj: +1; Size: Kelly 10.0% / VolTgt 10.0% / Blend 10.0%,10.0,-1.0,1.0,63,2026-11-05,12.07,1
2026-09-03T14:56:04,2026-09-03,PII,HOLD,0,ADX Trend Following,HIGH,4,8.54,61.72,5.3,0.0,7.78,0.0,0.0,2026-09-16,1.25,1.94,100.0,90.23,33.44,38.64,-10.2,13.0,2,2026-05-18 to 2026-09-02 (75 days),-1.0,35.2,0.2741,67.73,63.62,BULLISH,MEDIUM,Strong trend (ADX=46),6.84,-1.0,1.0,53,2026-10-26,,0
2026-09-03T14:52:38,2026-09-03,AFL,EXIT,-1,VWAP Trend,HIGH,4,8.41,117.24,2.38,120.03,2.49,114.32,9.59,2026-09-05,1.62,3.86,55.6,3.18,12.68,13.34,-1.76,2.4,9,2026-05-18 to 2026-09-02 (75 days),-1.0,43.0,0.2042,121.03,113.43,BULLISH,MEDIUM,Strong trend (ADX=45); Last surprise: -0.6%; Size: Kelly 10.0% / VolTgt 9.2% / Blend 9.6%,9.18,-1.0,1.0,62,2026-11-04,-0.57,0
2026-09-03T14:55:40,2026-09-03,LSTR,HOLD,0,Stochastic Oscillator,LOW,0,8.33,174.7,4.49,0.0,6.74,0.0,0.0,2026-11-13,-2.06,-2.56,0.0,0.0,-45.42,-38.7,-20.95,71.0,1,2026-05-18 to 2026-09-02 (75 days),-1.0,38.0,0.3488,193.05,170.34,BULLISH,MEDIUM,No special conditions,5.38,-1.0,1.0,54,2026-10-27,,0
2026-09-03T14:55:44,2026-09-03,M,HOLD,0,ADX Trend Following,HIGH,4,8.31,22.42,4.38,0.0,9.25,0.0,0.0,2026-09-23,1.5,2.59,66.7,7.31,60.51,-36.22,-12.79,20.7,3,2026-05-18 to 2026-09-02 (75 days),-1.0,41.6,0.2581,23.8,21.3,BULLISH,MEDIUM,Strong trend (ADX=33),7.26,-1.0,1.0,7,2026-09-10,,0
2026-09-03T14:54:22,2026-09-03,TTD,HOLD,0,EMA Crossover (9/21),MEDIUM,3,8.19,14.55,7.48,0.0,7.37,0.0,0.0,2026-09-04,1.76,38.21,100.0,21.7,7.22,83.75,-0.1,1.0,1,2026-05-18 to 2026-09-02 (75 days),-1.0,47.2,0.9359,16.69,25.3,BEARISH,HIGH,Last surprise: -15.0%; Earnings conf adj: -1,2.0,-1.0,1.0,63,2026-11-05,-15.0,-1
2026-09-03T14:52:39,2026-09-03,AKAM,HOLD,0,Composite Multi-Indicator,HIGH,4,7.89,105.09,8.07,0.0,15.99,0.0,0.0,2026-09-17,2.74,7.6,100.0,116.1,44.82,115.57,-3.43,14.0,1,2026-05-18 to 2026-09-02 (75 days),-1.0,38.8,0.5426,116.38,109.4,BULLISH,HIGH,Strong trend (ADX=37); Last surprise: +0.6%,3.46,-1.0,1.0,63,2026-11-05,0.63,0
2026-09-03T14:55:21,2026-09-03,VICR,HOLD,1,VWAP Trend,LOW,0,7.88,181.59,12.0,159.8,9.15,198.21,0.0,2026-09-05,-0.32,-0.46,50.0,0.92,-23.35,42.53,-18.72,2.2,10,2026-05-18 to 2026-09-02 (75 days),-1.0,37.9,0.7834,238.15,201.43,BULLISH,HIGH,No special conditions,2.39,-1.0,1.0,47,2026-10-20,,0
2026-09-03T14:53:25,2026-09-03,GOOG,HOLD,1,Stochastic Oscillator,LOW,1,7.78,333.78,2.22,326.37,3.33,344.89,0.0,2026-11-28,-0.69,-0.95,0.0,0.0,-24.33,18.27,-14.22,86.0,1,2026-05-18 to 2026-09-02 (75 days),-1.0,41.9,0.1861,346.79,333.99,BULLISH,LOW,Last surprise: +213.1%; Earnings conf adj: +1,7.0,-1.0,1.0,55,2026-10-28,213.06,1
2026-09-03T14:52:53,2026-09-03,CBRE,EXIT,-1,VWAP Trend,HIGH,5,7.76,142.06,4.61,148.61,6.92,132.23,7.61,2026-09-10,1.48,2.41,66.7,4.15,27.78,-5.94,-4.71,7.8,6,2026-05-18 to 2026-09-02 (75 days),-1.0,42.1,0.359,144.22,147.21,BEARISH,MEDIUM,High volume; Price at statistical extreme; Last surprise: +6.1%; Earnings conf adj: +1; Size: Kelly 10.0% / VolTgt 5.2% / Blend 7.6%,5.22,-1.0,1.0,49,2026-10-22,6.12,1
2026-09-03T14:53:20,2026-09-03,FISV,HOLD,0,ADX Trend Following,LOW,0,7.58,51.98,4.16,0.0,6.24,0.0,0.0,2026-09-20,0.11,0.17,33.3,1.06,-0.92,24.52,-14.28,17.3,3,2026-05-18 to 2026-09-02 (75 days),-1.0,47.3,0.3905,51.96,58.41,BEARISH,MEDIUM,Last surprise: -3.7%,4.8,-1.0,1.0,55,2026-10-28,-3.66,0
2026-09-03T14:53:30,2026-09-03,HWM,HOLD,0,ADX Trend Following,LOW,1,7.57,252.96,5.57,0.0,8.94,0.0,0.0,2026-09-11,-1.11,-1.52,33.3,0.0,-11.44,-6.36,-6.03,8.3,3,2026-05-18 to 2026-09-02 (75 days),-1.0,36.3,0.3943,275.85,244.76,BULLISH,MEDIUM,Strong trend (ADX=43); Last surprise: +6.4%; Earnings conf adj: +1,4.76,-1.0,1.0,63,2026-11-05,6.4,1
2026-09-03T14:54:19,2026-09-03,TPL,HOLD,0,Stochastic Oscillator,LOW,0,7.46,367.32,7.74,0.0,11.61,0.0,0.0,2026-12-17,-0.44,-0.62,0.0,0.0,-26.5,-11.41,-22.16,105.0,1,2026-05-18 to 2026-09-02 (75 days),-1.0,46.5,0.4894,388.11,390.06,BEARISH,HIGH,Last surprise: +2.3%,3.83,-1.0,1.0,62,2026-11-04,2.29,0
2026-09-03T14:55:51,2026-09-03,PSN,HOLD,0,Stochastic Oscillator,HIGH,4,7.39,45.37,7.08,0.0,10.62,0.0,0.0,2026-09-18,2.23,6.18,100.0,149.08,56.66,91.63,-4.92,15.0,1,2026-05-18 to 2026-09-02 (75 days),-1.0,40.0,0.4262,51.05,59.22,BEARISH,HIGH,No special conditions,4.4,-1.0,1.0,62,2026-11-04,,0
2026-09-03T14:56:16,2026-09-03,XLI,HOLD,0,VWAP Trend,HIGH,4,7.38,172.78,1.59,0.0,1.32,0.0,0.0,2026-09-05,1.36,2.91,66.7,2.19,10.93,5.95,-3.63,2.2,9,2026-05-18 to 2026-09-02 (75 days),-1.0,30.2,0.1128,181.48,169.95,BULLISH,LOW,High volume; Strong trend (ADX=51),10.0,-1.0,1.0,-1,,,0
2026-09-03T14:56:00,2026-09-03,IBOC,BUY,1,VWAP Trend,HIGH,4,7.24,70.62,1.86,69.31,1.91,71.97,10.0,2026-09-05,2.02,4.0,70.0,2.69,15.68,19.73,-4.24,2.7,10,2026-05-18 to 2026-09-02 (75 days),0.548,38.9,0.1474,73.97,70.41,BULLISH,LOW,Strong trend (ADX=37); Size: Kelly 10.0% / VolTgt 10.0% / Blend 10.0%,10.0,-1.0,1.0,63,2026-11-05,,0
2026-09-03T14:54:51,2026-09-03,BWXT,HOLD,0,Multi-Factor Momentum MR,HIGH,4,7.08,155.67,7.48,0.0,3.19,0.0,0.0,2026-09-04,1.78,48.96,100.0,27.53,9.32,67.69,-0.1,1.0,1,2026-05-18 to 2026-09-02 (75 days),-1.0,42.2,0.4051,172.76,192.39,BEARISH,HIGH,Strong trend (ADX=32); Last surprise: +2.9%,4.63,-1.0,1.0,60,2026-11-02,2.88,0
2026-09-03T14:56:02,2026-09-03,VVV,HOLD,0,MACD Crossover,HIGH,4,7.04,31.83,3.72,0.0,12.75,0.0,0.0,2026-10-14,2.47,4.53,100.0,135.34,53.48,67.2,-5.1,41.0,1,2026-05-18 to 2026-09-02 (75 days),-1.0,28.2,0.2529,36.77,34.41,BULLISH,MEDIUM,RSI oversold; Strong trend (ADX=43),7.41,-1.0,1.0,76,2026-11-18,,0
2026-09-03T14:54:03,2026-09-03,PNC,BUY,1,ADX Trend Following,HIGH,5,6.94,242.46,2.38,236.69,6.06,257.15,10.0,2026-09-22,1.19,1.65,66.7,2.39,18.77,-39.12,-6.98,19.3,3,2026-05-18 to 2026-09-02 (75 days),0.647,43.2,0.1751,248.67,221.47,BULLISH,LOW,Last surprise: +8.1%; Earnings conf adj: +1; Size: Kelly 10.0% / VolTgt 10.0% / Blend 10.0%,10.0,-1.0,1.0,42,2026-10-15,8.09,1
2026-09-03T14:56:05,2026-09-03,SMG,HOLD,0,ADX Trend Following,HIGH,4,6.49,59.97,4.88,0.0,9.88,0.0,0.0,2026-09-18,1.47,2.74,75.0,12.24,57.86,33.69,-10.6,15.5,4,2026-05-18 to 2026-09-02 (75 days),-1.0,42.6,0.3187,64.68,61.23,BULLISH,MEDIUM,No special conditions,5.88,-1.0,1.0,62,2026-11-04,,0
2026-09-03T14:53:35,2026-09-03,JBL,HOLD,0,VWAP Trend,LOW,0,6.42,299.39,8.37,0.0,5.37,0.0,0.0,2026-09-05,0.33,0.48,42.9,1.3,3.73,38.0,-6.05,2.0,7,2026-05-18 to 2026-09-02 (75 days),-1.0,38.2,0.4825,329.66,291.64,BULLISH,HIGH,Strong trend (ADX=44); Last surprise: +1.3%,3.89,-1.0,1.0,21,2026-09-24,1.28,0
2026-09-03T14:53:04,2026-09-03,DAL,HOLD,0,PEAD Earnings Drift,HIGH,4,6.06,78.14,4.47,0.0,14.89,0.0,0.0,2026-10-23,2.91,6.22,100.0,287.22,133.68,88.71,-7.3,50.0,1,2026-05-18 to 2026-09-02 (75 days),-1.0,35.3,0.2675,87.01,73.66,BULLISH,MEDIUM,Strong trend (ADX=42); Last surprise: +4.7%,7.01,-1.0,1.0,35,2026-10-08,4.7,0
2026-09-03T14:54:14,2026-09-03,SW,HOLD,0,Multi-Factor Momentum MR,MEDIUM,3,5.99,45.36,4.56,0.0,9.12,0.0,0.0,2026-09-26,1.43,2.52,66.7,166.2,67.43,-32.46,-10.43,23.3,3,2026-05-18 to 2026-09-02 (75 days),-1.0,41.5,0.3514,46.45,41.56,BULLISH,MEDIUM,Price at statistical extreme; Last surprise: -16.7%; Earnings conf adj: -1,5.34,-1.0,1.0,55,2026-10-28,-16.67,-1
2026-09-03T14:53:39,2026-09-03,L,HOLD,0,ADX Trend Following,HIGH,4,5.9,108.94,1.79,0.0,3.81,0.0,0.0,2026-09-22,1.77,2.87,66.7,5.44,23.59,20.23,-4.75,19.7,3,2026-05-18 to 2026-09-02 (75 days),-1.0,34.4,0.109,113.77,108.65,BULLISH,LOW,Strong trend (ADX=42); Last surprise: +52.1%,10.0,-1.0,1.0,60,2026-11-02,52.05,0
2026-09-03T14:54:42,2026-09-03,EWBC,HOLD,0,VWAP Trend,LOW,0,5.88,128.97,2.35,0.0,2.17,0.0,0.0,2026-09-05,0.01,0.02,33.3,1.45,-0.18,-26.88,-3.53,2.2,6,2026-05-18 to 2026-09-02 (75 days),-1.0,44.9,0.1859,130.9,118.41,BULLISH,LOW,Last surprise: +0.4%,7.0,-1.0,1.0,47,2026-10-20,0.38,0
2026-09-03T14:55:22,2026-09-03,BROS,HOLD,0,ADX Trend Following,HIGH,4,5.86,48.13,8.16,0.0,28.56,0.0,0.0,2026-11-05,1.64,2.96,100.0,177.55,73.18,99.94,-12.89,63.0,1,2026-05-18 to 2026-09-02 (75 days),-1.0,35.7,0.782,60.19,57.26,BULLISH,HIGH,Strong trend (ADX=35),2.4,-1.0,1.0,62,2026-11-04,,0
2026-09-03T14:55:20,2026-09-03,PRI,HOLD,0,Composite Multi-Indicator,HIGH,4,5.75,293.51,3.07,0.0,10.0,0.0,0.0,2026-10-08,3.35,8.06,100.0,122.68,47.74,27.91,-1.6,35.0,1,2026-05-18 to 2026-09-02 (75 days),-1.0,41.2,0.2147,304.07,271.68,BULLISH,MEDIUM,Strong trend (ADX=44),8.73,-1.0,1.0,62,2026-11-04,,0
2026-09-03T14:55:15,2026-09-03,AMG,HOLD,1,VWAP Trend,LOW,1,5.67,356.47,4.57,340.18,2.38,364.95,0.0,2026-09-05,0.18,0.3,60.0,1.28,1.53,-84.6,-5.87,2.0,10,2026-05-18 to 2026-09-02 (75 days),-1.0,44.5,0.2136,361.07,313.43,BULLISH,MEDIUM,High volume,7.0,-1.0,1.0,60,2026-11-02,,0
2026-09-03T14:54:53,2026-09-03,DTM,HOLD,0,Multi-Factor Momentum MR,MEDIUM,3,5.45,128.89,4.57,0.0,9.14,0.0,0.0,2026-10-08,1.65,2.79,100.0,48.06,16.92,54.35,-4.62,35.0,1,2026-05-18 to 2026-09-02 (75 days),-1.0,40.5,0.2707,138.83,132.66,BULLISH,MEDIUM,Last surprise: -5.2%; Earnings conf adj: -1,6.93,-1.0,1.0,56,2026-10-29,-5.22,-1
2026-09-03T14:54:13,2026-09-03,SPG,HOLD,0,Composite Multi-Indicator,HIGH,5,5.35,210.2,1.76,0.0,6.16,0.0,0.0,2026-10-19,2.87,4.71,100.0,139.65,54.95,32.88,-4.19,46.0,1,2026-05-18 to 2026-09-02 (75 days),-1.0,31.3,0.1306,223.1,199.04,BULLISH,LOW,Price at statistical extreme; Strong trend (ADX=46); Last surprise: +10.2%; Earnings conf adj: +1,10.0,-1.0,1.0,60,2026-11-02,10.19,1
2026-09-03T14:55:32,2026-09-03,VNO,EXIT,-1,Momentum (Rate of Change),HIGH,4,5.26,36.57,4.49,38.21,13.47,31.64,8.36,2026-12-04,2.9,4.8,100.0,264.83,121.66,58.09,-7.72,92.0,1,2026-05-18 to 2026-09-02 (75 days),-1.0,38.1,0.2794,39.1,33.3,BULLISH,MEDIUM,Price at statistical extreme; Size: Kelly 10.0% / VolTgt 6.7% / Blend 8.4%,6.71,-1.0,1.0,60,2026-11-02,,0
2026-09-03T14:56:08,2026-09-03,YETI,HOLD,0,ADX Trend Following,HIGH,4,5.19,41.45,6.61,0.0,20.81,0.0,0.0,2026-10-09,1.86,3.32,100.0,118.54,45.4,53.27,-6.79,36.0,1,2026-05-18 to 2026-09-02 (75 days),-1.0,33.3,0.4404,48.01,44.37,BULLISH,HIGH,Strong trend (ADX=54),4.26,-1.0,1.0,63,2026-11-05,,0
2026-09-03T14:53:00,2026-09-03,CPT,HOLD,0,Composite Multi-Indicator,MEDIUM,3,5.08,105.54,1.77,0.0,4.42,0.0,0.0,2026-10-01,2.7,5.45,100.0,99.49,37.61,31.3,-5.56,28.0,1,2026-05-18 to 2026-09-02 (75 days),-1.0,37.3,0.178,111.42,105.92,BULLISH,LOW,Strong trend (ADX=35); Last surprise: -33.3%; Earnings conf adj: -1,10.0,-1.0,1.0,63,2026-11-05,-33.33,-1
2026-09-03T14:55:56,2026-09-03,ESAB,HOLD,1,Stochastic Oscillator,LOW,0,5.03,73.97,7.88,68.14,11.82,82.71,0.0,2026-09-21,0.38,0.56,50.0,1.49,7.26,51.73,-10.14,18.5,2,2026-05-18 to 2026-09-02 (75 days),-1.0,33.8,0.4202,86.95,102.24,BEARISH,HIGH,No special conditions,4.46,-1.0,1.0,56,2026-10-29,,0
2026-09-03T14:54:06,2026-09-03,RDDT,HOLD,0,Stochastic Oscillator,HIGH,5,4.97,158.1,12.0,0.0,15.63,0.0,0.0,2026-09-09,1.49,3.37,100.0,95.89,33.76,35.91,-5.48,6.0,1,2026-05-18 to 2026-09-02 (75 days),-1.0,49.3,0.8101,170.18,174.9,BEARISH,HIGH,Last surprise: +30.2%; Earnings conf adj: +1,2.31,-1.0,1.0,56,2026-10-29,30.21,1
2026-09-03T14:53:40,2026-09-03,LEN,BUY,1,Stochastic Oscillator,HIGH,4,4.74,83.58,4.15,80.11,6.23,88.79,7.64,2026-10-12,1.01,1.54,50.0,3.6,28.17,27.12,-6.16,39.0,2,2026-05-18 to 2026-09-02 (75 days),0.155,44.6,0.3559,85.98,97.77,BEARISH,MEDIUM,Last surprise: +6.5%; Earnings conf adj: +1; Size: Kelly 10.0% / VolTgt 5.3% / Blend 7.6%,5.27,-1.0,1.0,13,2026-09-16,6.5,1
2026-09-03T14:54:30,2026-09-03,WM,HOLD,0,Multi-Factor Momentum MR,HIGH,4,4.56,219.04,1.87,0.0,1.11,0.0,0.0,2026-09-04,1.76,40.36,100.0,22.87,7.64,11.77,-0.1,1.0,1,2026-05-18 to 2026-09-02 (75 days),-1.0,38.3,0.1407,228.45,224.02,BULLISH,LOW,Last surprise: +2.0%,10.0,-1.0,1.0,53,2026-10-26,2.02,0
2026-09-03T14:55:56,2026-09-03,UFPI,HOLD,-1,Momentum (Rate of Change),LOW,1,4.43,82.91,4.18,86.38,6.27,77.71,0.0,2026-09-25,0.2,0.35,50.0,1.88,1.89,-8.98,-10.72,22.5,2,2026-05-18 to 2026-09-02 (75 days),-1.0,38.3,0.2891,87.74,91.42,BEARISH,MEDIUM,No special conditions,6.48,-1.0,1.0,53,2026-10-26,,0
2026-09-03T14:54:25,2026-09-03,URI,HOLD,0,Stochastic Oscillator,MEDIUM,2,4.25,979.82,4.81,0.0,7.21,0.0,0.0,2026-09-15,0.48,0.9,50.0,1.73,9.31,-4.65,-7.99,12.5,2,2026-05-18 to 2026-09-02 (75 days),-1.0,30.2,0.2845,1090.77,922.5,BULLISH,MEDIUM,Strong trend (ADX=49); Last surprise: +10.1%; Earnings conf adj: +1,6.59,-1.0,1.0,48,2026-10-21,10.09,1
2026-09-03T14:54:42,2026-09-03,NLY,HOLD,1,Multi-Factor Momentum MR,LOW,1,4.15,22.71,1.64,22.34,2.46,23.27,0.0,2026-09-04,-1.85,-1.85,0.0,0.0,-0.34,-34.08,-0.1,0.0,0,2026-05-18 to 2026-09-02 (75 days),-1.0,44.7,0.1471,22.83,21.55,BULLISH,LOW,Last surprise: +5.3%; Earnings conf adj: +1,7.0,-1.0,1.0,48,2026-10-21,5.33,1
2026-09-03T14:53:08,2026-09-03,DOV,HOLD,0,VWAP Trend,LOW,1,4.13,188.9,2.48,0.0,2.03,0.0,0.0,2026-09-05,-0.27,-0.38,70.0,1.01,-3.57,26.43,-7.71,2.8,10,2026-05-18 to 2026-09-02 (75 days),-1.0,28.6,0.1543,208.22,208.83,BEARISH,LOW,RSI oversold; Price at statistical extreme; Strong trend (ADX=35); Last surprise: +0.7%,7.0,-1.0,1.0,49,2026-10-22,0.74,0
2026-09-03T14:53:26,2026-09-03,GWW,HOLD,0,Momentum (Rate of Change),HIGH,5,4.13,1284.85,2.22,0.0,6.66,0.0,0.0,2026-11-15,1.98,3.41,100.0,109.73,38.21,32.07,-3.43,73.0,1,2026-05-18 to 2026-09-02 (75 days),-1.0,40.5,0.1715,1339.34,1169.7,BULLISH,LOW,Last surprise: +6.3%; Earnings conf adj: +1,10.0,-1.0,1.0,62,2026-11-04,6.28,1
2026-09-03T14:56:13,2026-09-03,MSM,HOLD,0,MACD Crossover,HIGH,4,4.12,116.47,3.85,0.0,6.25,0.0,0.0,2026-09-13,1.55,2.89,66.7,5.73,18.72,-28.81,-2.55,10.0,3,2026-05-18 to 2026-09-02 (75 days),-1.0,39.7,0.2509,121.83,100.36,BULLISH,MEDIUM,No special conditions,7.47,-1.0,1.0,49,2026-10-22,,0
2026-09-03T14:55:31,2026-09-03,VLY,HOLD,0,Composite Multi-Indicator,HIGH,4,4.01,13.81,3.44,0.0,12.04,0.0,0.0,2026-10-23,2.04,3.22,100.0,96.9,36.51,12.74,-4.2,50.0,1,2026-05-18 to 2026-09-02 (75 days),-1.0,39.6,0.2236,14.52,12.99,BULLISH,MEDIUM,Strong trend (ADX=51),8.39,-1.0,1.0,56,2026-10-29,,0
2026-09-03T14:55:48,2026-09-03,NJR,HOLD,0,MACD Crossover,HIGH,4,4.0,53.64,2.06,0.0,6.18,0.0,0.0,2026-10-17,1.19,1.98,100.0,46.21,15.82,35.1,-3.69,44.0,1,2026-05-18 to 2026-09-02 (75 days),-1.0,40.1,0.1997,56.58,52.75,BULLISH,LOW,No special conditions,9.39,-1.0,1.0,74,2026-11-16,,0
2026-09-03T14:54:33,2026-09-03,XYL,HOLD,0,ADX Trend Following,HIGH,5,3.9,106.74,3.62,0.0,5.43,0.0,0.0,2026-11-06,1.42,2.17,100.0,91.03,33.59,35.88,-7.31,64.0,1,2026-05-18 to 2026-09-02 (75 days),-1.0,29.8,0.2154,117.43,123.63,BEARISH,MEDIUM,RSI oversold; Strong trend (ADX=47); Last surprise: +9.0%; Earnings conf adj: +1,8.7,-1.0,1.0,61,2026-11-03,8.96,1
2026-09-03T14:52:57,2026-09-03,CLX,HOLD,0,Stochastic Oscillator,HIGH,4,3.66,94.27,4.67,0.0,6.04,0.0,0.0,2026-09-12,2.15,7.39,100.0,92.64,29.31,19.64,-3.49,9.0,1,2026-05-18 to 2026-09-02 (75 days),-1.0,32.4,0.2558,99.15,101.17,BEARISH,MEDIUM,Price at statistical extreme; Strong trend (ADX=41); Last surprise: +0.6%,7.33,-1.0,1.0,61,2026-11-03,0.61,0
2026-09-03T14:52:52,2026-09-03,CARR,HOLD,0,MACD Crossover,MEDIUM,2,3.33,57.58,2.82,0.0,6.22,0.0,0.0,2026-10-01,0.42,0.67,100.0,21.32,7.07,38.33,-7.9,28.0,1,2026-05-18 to 2026-09-02 (75 days),-1.0,29.4,0.1492,65.27,60.98,BULLISH,LOW,RSI oversold; Strong trend (ADX=56); Last surprise: +4.9%,10.0,-1.0,1.0,54,2026-10-27,4.88,0
2026-09-03T14:54:22,2026-09-03,TXN,HOLD,-1,VWAP Trend,LOW,1,3.25,254.8,4.7,266.78,2.97,247.23,0.0,2026-09-04,0.04,0.05,42.9,1.09,-1.36,40.69,-10.61,1.7,7,2026-05-18 to 2026-09-02 (75 days),-1.0,37.6,0.2895,281.31,236.46,BULLISH,MEDIUM,Strong trend (ADX=36); Last surprise: +10.3%; Earnings conf adj: +1,6.48,-1.0,1.0,54,2026-10-27,10.31,1
2026-09-03T14:55:31,2026-09-03,SSD,EXIT,-1,VWAP Trend,HIGH,4,3.24,177.56,3.67,184.08,2.93,172.36,8.47,2026-09-04,1.33,3.52,57.1,2.61,14.16,21.76,-3.56,1.9,7,2026-05-18 to 2026-09-02 (75 days),-1.0,34.6,0.27,192.36,183.25,BULLISH,MEDIUM,Strong trend (ADX=41); Size: Kelly 10.0% / VolTgt 6.9% / Blend 8.5%,6.94,-1.0,1.0,53,2026-10-26,,0
2026-09-03T14:54:44,2026-09-03,RYAN,HOLD,0,ADX Trend Following,HIGH,5,3.18,42.34,4.66,0.0,13.98,0.0,0.0,2026-11-20,2.53,4.55,100.0,329.09,162.38,41.88,-8.99,78.0,1,2026-05-18 to 2026-09-02 (75 days),-1.0,48.7,0.2789,41.91,41.58,BULLISH,MEDIUM,Last surprise: +23.3%; Earnings conf adj: +1,6.72,-1.0,1.0,56,2026-10-29,23.33,1
2026-09-03T14:55:19,2026-09-03,ADC,HOLD,0,MACD Crossover,MEDIUM,3,3.13,72.63,1.5,0.0,3.75,0.0,0.0,2026-10-24,0.95,1.62,100.0,36.17,12.46,21.61,-3.86,51.0,1,2026-05-18 to 2026-09-02 (75 days),-1.0,35.5,0.1271,76.2,74.21,BULLISH,LOW,Strong trend (ADX=43),10.0,-1.0,1.0,47,2026-10-20,,0
2026-09-03T14:55:43,2026-09-03,RLI,HOLD,0,EMA Crossover (9/21),HIGH,4,3.04,63.35,3.07,0.0,9.21,0.0,0.0,2026-12-03,2.88,4.48,100.0,267.53,123.26,8.37,-7.15,91.0,1,2026-05-18 to 2026-09-02 (75 days),-1.0,50.8,0.2313,61.93,57.31,BULLISH,MEDIUM,No special conditions,8.11,-1.0,1.0,46,2026-10-19,,0
2026-09-03T14:53:07,2026-09-03,DHI,HOLD,0,EMA Crossover (9/21),MEDIUM,2,2.92,142.26,3.8,0.0,7.6,0.0,0.0,2026-09-17,0.16,0.26,66.7,1.26,0.88,-12.58,-12.29,14.0,3,2026-05-18 to 2026-09-02 (75 days),-1.0,42.8,0.3799,149.97,149.01,BULLISH,MEDIUM,Last surprise: +7.0%; Earnings conf adj: +1,4.94,-1.0,1.0,56,2026-10-29,7.02,1
2026-09-03T14:55:22,2026-09-03,NNN,HOLD,0,ADX Trend Following,MEDIUM,3,2.91,45.07,1.7,0.0,3.4,0.0,0.0,2026-09-24,0.97,1.69,66.7,16.3,13.91,3.34,-5.0,21.0,3,2026-05-18 to 2026-09-02 (75 days),-1.0,38.1,0.1349,46.71,43.05,BULLISH,LOW,High volume,10.0,-1.0,1.0,61,2026-11-03,,0
2026-09-03T14:56:10,2026-09-03,CXT,HOLD,0,ADX Trend Following,HIGH,4,2.83,50.07,4.69,0.0,14.07,0.0,0.0,2026-10-16,3.02,5.13,100.0,197.6,84.07,-71.05,-6.3,43.0,1,2026-05-18 to 2026-09-02 (75 days),-1.0,49.5,0.3357,50.81,47.65,BULLISH,MEDIUM,No special conditions,5.59,-1.0,1.0,62,2026-11-04,,0
2026-09-03T14:55:00,2026-09-03,PINS,HOLD,0,Stochastic Oscillator,HIGH,5,2.73,21.22,5.61,0.0,8.42,0.0,0.0,2026-09-17,1.88,3.36,66.7,3.18,68.91,45.1,-10.4,14.3,3,2026-05-18 to 2026-09-02 (75 days),-1.0,36.3,0.3868,22.86,21.98,BULLISH,MEDIUM,Price at statistical extreme; Strong trend (ADX=34); Last surprise: +19.4%; Earnings conf adj: +1,4.85,-1.0,1.0,67,2026-11-09,19.44,1
2026-09-03T14:53:45,2026-09-03,MCHP,EXIT,-1,52-Week High Momentum,MEDIUM,3,2.63,72.76,6.57,77.54,6.84,67.78,6.52,2026-09-05,-0.59,-2.05,100.0,42.29,-7.09,47.5,-4.88,2.0,1,2026-05-18 to 2026-09-02 (75 days),-1.0,41.9,0.6142,80.24,76.35,BULLISH,HIGH,Last surprise: +8.6%; Earnings conf adj: +1; Size: Kelly 10.0% / VolTgt 3.0% / Blend 6.5%,3.05,-1.0,1.0,63,2026-11-05,8.57,1
2026-09-03T14:53:45,2026-09-03,MCD,HOLD,1,Stochastic Oscillator,LOW,0,2.61,260.95,2.02,255.68,3.03,268.86,0.0,2026-10-02,0.21,0.35,50.0,1.38,2.18,22.15,-6.88,29.5,2,2026-05-18 to 2026-09-02 (75 days),-1.0,41.8,0.18,268.1,292.25,BEARISH,LOW,Strong trend (ADX=33); Last surprise: +1.8%,7.0,-1.0,1.0,63,2026-11-05,1.81,0
2026-09-03T14:53:57,2026-09-03,ODFL,HOLD,0,PEAD Earnings Drift,HIGH,5,2.52,187.61,4.96,0.0,17.36,0.0,0.0,2026-11-13,1.16,1.76,100.0,90.03,33.62,58.27,-13.36,71.0,1,2026-05-18 to 2026-09-02 (75 days),-1.0,28.1,0.3109,215.97,195.74,BULLISH,MEDIUM,RSI oversold; Price at statistical extreme; Strong trend (ADX=47); Last surprise: +9.8%; Earnings conf adj: +1,6.03,-1.0,1.0,55,2026-10-28,9.8,1
2026-09-03T14:54:59,2026-09-03,TTMI,HOLD,0,VWAP Trend,LOW,1,2.52,115.6,12.0,0.0,10.41,0.0,0.0,2026-09-06,0.3,0.51,33.3,1.25,4.79,70.92,-10.1,3.3,6,2026-05-18 to 2026-09-02 (75 days),-1.0,41.8,0.7276,137.71,119.61,BULLISH,HIGH,Last surprise: +10.0%; Earnings conf adj: +1,2.58,-1.0,1.0,62,2026-11-04,10.0,1
2026-09-03T14:56:12,2026-09-03,CPRI,EXIT,-1,Momentum (Rate of Change),MEDIUM,2,2.5,12.71,6.12,13.49,9.18,11.54,7.46,2026-10-05,-0.23,-0.36,100.0,2.24,-7.79,58.82,-15.18,32.0,1,2026-05-18 to 2026-09-02 (75 days),-1.0,26.8,0.382,16.03,19.92,BEARISH,MEDIUM,RSI oversold; Strong trend (ADX=69); Size: Kelly 10.0% / VolTgt 4.9% / Blend 7.5%,4.91,-1.0,1.0,61,2026-11-03,,0
2026-09-03T14:54:01,2026-09-03,PG,HOLD,0,Stochastic Oscillator,HIGH,4,2.31,147.64,1.84,0.0,2.76,0.0,0.0,2026-09-27,1.49,3.03,100.0,57.81,19.84,3.82,-4.95,24.0,1,2026-05-18 to 2026-09-02 (75 days),-1.0,56.9,0.1302,146.4,145.8,BULLISH,LOW,Last surprise: +1.4%,10.0,-1.0,1.0,49,2026-10-22,1.42,0
2026-09-03T14:53:58,2026-09-03,ON,HOLD,0,VWAP Trend,LOW,0,2.3,72.34,5.75,0.0,3.67,0.0,0.0,2026-09-04,-0.83,-1.04,50.0,0.6,-26.22,49.35,-13.55,1.5,8,2026-05-18 to 2026-09-02 (75 days),-1.0,37.1,0.3808,85.26,78.07,BULLISH,MEDIUM,Strong trend (ADX=40); Last surprise: +2.8%,4.92,-1.0,1.0,60,2026-11-02,2.78,0
2026-09-03T14:54:19,2026-09-03,TMUS,HOLD,0,MACD Crossover,LOW,1,2.3,187.3,3.1,0.0,4.65,0.0,0.0,2026-09-20,-1.81,-2.15,25.0,0.16,-45.87,-43.66,-23.18,17.2,4,2026-05-18 to 2026-09-02 (75 days),-1.0,59.8,0.2591,180.32,192.71,BEARISH,MEDIUM,Price at statistical extreme; Last surprise: +15.0%; Earnings conf adj: +1,7.0,-1.0,1.0,49,2026-10-22,15.0,1
2026-09-03T14:54:46,2026-09-03,H,EXIT,-1,52-Week High Momentum,HIGH,5,2.29,165.02,4.13,171.84,14.46,141.16,8.06,2026-10-27,1.02,1.57,100.0,80.66,18.77,26.79,-8.63,54.0,1,2026-05-18 to 2026-09-02 (75 days),-1.0,34.3,0.3058,183.05,168.89,BULLISH,MEDIUM,High volume; Strong trend (ADX=36); Last surprise: +20.4%; Earnings conf adj: +1; Size: Kelly 10.0% / VolTgt 6.1% / Blend 8.1%,6.13,-1.0,1.0,63,2026-11-05,20.43,1
2026-09-03T14:55:45,2026-09-03,BYD,HOLD,0,EMA Crossover (9/21),MEDIUM,2,2.2,76.7,2.34,0.0,5.85,0.0,0.0,2026-11-05,0.39,0.54,100.0,17.34,5.67,14.89,-7.05,63.0,1,2026-05-18 to 2026-09-02 (75 days),-1.0,26.9,0.1721,85.05,84.05,BULLISH,LOW,RSI oversold; Strong trend (ADX=51),10.0,-1.0,1.0,49,2026-10-22,,0
2026-09-03T14:55:52,2026-09-03,MIDD,EXIT,-1,52-Week High Momentum,MEDIUM,3,2.17,112.44,4.09,117.04,10.22,100.95,7.72,2026-10-02,0.78,1.17,100.0,76.59,14.48,25.02,-10.1,29.0,1,2026-05-18 to 2026-09-02 (75 days),-1.0,34.3,0.3439,128.29,120.49,BULLISH,MEDIUM,Strong trend (ADX=46); Size: Kelly 10.0% / VolTgt 5.5% / Blend 7.7%,5.45,-1.0,1.0,63,2026-11-05,,0
2026-09-03T14:53:14,2026-09-03,ES,HOLD,0,Composite Multi-Indicator,HIGH,4,2.13,70.44,2.02,0.0,6.06,0.0,0.0,2026-12-05,1.04,1.52,100.0,56.5,20.15,7.84,-6.96,93.0,1,2026-05-18 to 2026-09-02 (75 days),-1.0,41.6,0.1516,72.8,69.35,BULLISH,LOW,Last surprise: +0.0%,10.0,-1.0,1.0,62,2026-11-04,0.0,0
2026-09-03T14:55:23,2026-09-03,FR,HOLD,0,Momentum (Rate of Change),HIGH,4,2.01,61.65,1.77,0.0,5.31,0.0,0.0,2026-10-18,1.04,1.64,100.0,55.58,15.78,12.3,-5.34,45.0,1,2026-05-18 to 2026-09-02 (75 days),-1.0,36.5,0.1096,64.19,60.32,BULLISH,LOW,Price at statistical extreme,10.0,-1.0,1.0,48,2026-10-21,,0
2026-09-03T14:53:45,2026-09-03,MAR,HOLD,0,VWAP Trend,LOW,0,1.97,333.14,2.38,0.0,1.68,0.0,0.0,2026-09-04,-0.8,-1.43,45.5,0.73,-8.68,12.87,-4.46,1.5,11,2026-05-18 to 2026-09-02 (75 days),-1.0,29.6,0.1745,363.11,342.93,BULLISH,LOW,RSI oversold; Price at statistical extreme; Last surprise: +3.6%,7.0,-1.0,1.0,61,2026-11-03,3.57,0
2026-09-03T14:53:00,2026-09-03,CRH,HOLD,0,Momentum (Rate of Change),MEDIUM,2,1.9,92.67,3.89,0.0,5.83,0.0,0.0,2026-10-01,-0.08,-0.12,100.0,8.01,-3.35,26.82,-6.95,28.0,1,2026-05-18 to 2026-09-02 (75 days),-1.0,39.7,0.2879,100.24,110.8,BEARISH,MEDIUM,Strong trend (ADX=31); Last surprise: -4.5%,6.51,-1.0,1.0,56,2026-10-29,-4.46,0
2026-09-03T14:56:07,2026-09-03,BHF,HOLD,0,Momentum (Rate of Change),MEDIUM,2,1.88,53.62,4.81,0.0,7.21,0.0,0.0,2026-11-03,-0.7,-0.92,100.0,8.76,-5.72,35.58,-7.73,61.0,1,2026-05-18 to 2026-09-02 (75 days),-1.0,34.4,0.299,60.6,62.34,BEARISH,MEDIUM,Strong trend (ADX=52),6.27,-1.0,1.0,63,2026-11-05,,0
2026-09-03T14:54:03,2026-09-03,PNW,HOLD,0,Momentum (Rate of Change),MEDIUM,2,1.8,97.38,1.88,0.0,3.76,0.0,0.0,2026-10-30,0.48,0.72,100.0,32.75,6.39,11.4,-5.3,57.0,1,2026-05-18 to 2026-09-02 (75 days),-1.0,35.1,0.127,102.74,96.94,BULLISH,LOW,Last surprise: -2.7%,10.0,-1.0,1.0,61,2026-11-03,-2.72,0
2026-09-03T14:53:04,2026-09-03,D,HOLD,0,EMA Crossover (9/21),MEDIUM,3,1.78,66.05,1.86,0.0,4.65,0.0,0.0,2026-11-20,0.3,0.43,100.0,11.09,3.46,7.67,-4.87,78.0,1,2026-05-18 to 2026-09-02 (75 days),-1.0,37.5,0.1399,68.87,63.39,BULLISH,LOW,High volume; Strong trend (ADX=36); Last surprise: +17.9%; Earnings conf adj: +1,10.0,-1.0,1.0,57,2026-10-30,17.91,1
2026-09-03T14:54:46,2026-09-03,TRU,HOLD,0,Stochastic Oscillator,HIGH,5,1.71,82.39,4.11,0.0,6.17,0.0,0.0,2026-09-20,2.38,4.06,100.0,162.42,61.31,-27.38,-6.51,17.0,1,2026-05-18 to 2026-09-02 (75 days),-1.0,52.2,0.2708,78.93,76.32,BULLISH,MEDIUM,Strong trend (ADX=33); Last surprise: +7.0%; Earnings conf adj: +1,6.92,-1.0,1.0,49,2026-10-22,6.96,1
2026-09-03T14:55:20,2026-09-03,BRX,HOLD,0,EMA Crossover (9/21),MEDIUM,2,1.68,29.4,1.6,0.0,4.0,0.0,0.0,2026-11-18,0.29,0.44,100.0,10.92,3.41,7.07,-5.51,76.0,1,2026-05-18 to 2026-09-02 (75 days),-1.0,40.8,0.1514,30.83,28.72,BULLISH,LOW,Strong trend (ADX=41),10.0,-1.0,1.0,53,2026-10-26,,0
2026-09-03T14:52:58,2026-09-03,CMS,HOLD,0,EMA Crossover (9/21),MEDIUM,2,1.61,68.06,1.87,0.0,2.81,0.0,0.0,2026-10-03,0.13,0.2,100.0,3.64,0.89,16.56,-6.64,30.0,1,2026-05-18 to 2026-09-02 (75 days),-1.0,34.5,0.1595,72.32,72.55,BEARISH,LOW,Last surprise: +2.8%,10.0,-1.0,1.0,56,2026-10-29,2.78,0
2026-09-03T14:52:56,2026-09-03,CINF,HOLD,0,EMA Crossover (9/21),MEDIUM,3,1.6,171.69,1.79,0.0,3.58,0.0,0.0,2026-10-29,1.15,1.61,100.0,68.64,24.49,14.01,-10.21,56.0,1,2026-05-18 to 2026-09-02 (75 days),-1.0,46.1,0.1391,177.52,166.01,BULLISH,LOW,Last surprise: -21.4%; Earnings conf adj: -1,10.0,-1.0,1.0,53,2026-10-26,-21.43,-1
2026-09-03T14:53:09,2026-09-03,DTE,HOLD,0,Momentum (Rate of Change),MEDIUM,3,1.53,136.05,1.82,0.0,3.64,0.0,0.0,2026-10-23,0.26,0.39,100.0,23.2,2.72,12.52,-6.17,50.0,1,2026-05-18 to 2026-09-02 (75 days),-1.0,37.6,0.1449,144.13,140.13,BULLISH,LOW,Last surprise: +15.8%; Earnings conf adj: +1,10.0,-1.0,1.0,56,2026-10-29,15.79,1
2026-09-03T14:53:17,2026-09-03,EXR,HOLD,0,Multi-Factor Momentum MR,HIGH,4,1.53,139.93,1.98,0.0,6.93,0.0,0.0,2026-11-20,0.8,1.21,100.0,39.7,13.77,8.33,-4.46,78.0,1,2026-05-18 to 2026-09-02 (75 days),-1.0,30.0,0.1217,146.71,139.4,BULLISH,LOW,Strong trend (ADX=34); Last surprise: +8.7%; Earnings conf adj: +1,10.0,-1.0,1.0,55,2026-10-28,8.7,1
2026-09-03T14:55:40,2026-09-03,RYN,HOLD,0,ADX Trend Following,MEDIUM,2,1.4,20.23,3.72,0.0,7.5,0.0,0.0,2026-09-17,0.26,0.47,100.0,9.29,2.5,-8.67,-4.27,14.0,1,2026-05-18 to 2026-09-02 (75 days),-1.0,37.7,0.2545,21.43,21.18,BULLISH,MEDIUM,High volume; Strong trend (ADX=31),7.37,-1.0,1.0,62,2026-11-04,,0
2026-09-03T14:54:52,2026-09-03,AMH,HOLD,0,VWAP Trend,MEDIUM,2,1.36,32.99,1.75,0.0,3.26,0.0,0.0,2026-09-09,0.27,0.43,57.1,1.46,2.46,-13.65,-4.84,6.6,7,2026-05-18 to 2026-09-02 (75 days),-1.0,39.3,0.1611,33.8,31.3,BULLISH,LOW,Last surprise: +113.3%; Earnings conf adj: +1,10.0,-1.0,1.0,55,2026-10-28,113.33,1
2026-09-03T14:52:37,2026-09-03,AEE,EXIT,-1,Momentum (Rate of Change),MEDIUM,2,1.32,105.89,1.83,107.83,3.66,102.01,10.0,2026-10-01,0.3,0.47,100.0,21.36,3.15,5.49,-5.54,28.0,1,2026-05-18 to 2026-09-02 (75 days),-1.0,38.1,0.1383,110.49,106.96,BULLISH,LOW,Last surprise: +4.6%; Size: Kelly 10.0% / VolTgt 10.0% / Blend 10.0%,10.0,-1.0,1.0,62,2026-11-04,4.63,0
2026-09-03T14:54:32,2026-09-03,XEL,EXIT,-1,Momentum (Rate of Change),MEDIUM,3,1.26,75.51,2.06,77.07,5.15,71.62,10.0,2026-09-27,-0.02,-0.03,100.0,12.67,-0.82,7.72,-3.9,24.0,1,2026-05-18 to 2026-09-02 (75 days),-1.0,36.4,0.1716,78.97,77.94,BULLISH,LOW,Strong trend (ADX=35); Last surprise: +17.7%; Earnings conf adj: +1; Size: Kelly 10.0% / VolTgt 10.0% / Blend 10.0%,10.0,-1.0,1.0,56,2026-10-29,17.72,1
2026-09-03T14:55:41,2026-09-03,GBCI,HOLD,0,SMA Crossover (10/50),MEDIUM,2,1.2,46.4,2.99,0.0,7.48,0.0,0.0,2026-10-24,0.38,0.54,100.0,17.86,5.49,6.19,-11.03,51.0,1,2026-05-18 to 2026-09-02 (75 days),-1.0,38.2,0.2059,49.85,47.1,BULLISH,MEDIUM,Strong trend (ADX=43),9.11,-1.0,1.0,42,2026-10-15,,0
2026-09-03T14:55:45,2026-09-03,POR,HOLD,0,Momentum (Rate of Change),MEDIUM,2,1.19,48.69,1.94,0.0,3.88,0.0,0.0,2026-11-03,0.21,0.31,100.0,19.27,2.08,-4.56,-4.88,61.0,1,2026-05-18 to 2026-09-02 (75 days),-1.0,39.0,0.1829,50.88,49.92,BULLISH,LOW,No special conditions,10.0,-1.0,1.0,57,2026-10-30,,0
2026-09-03T14:53:37,2026-09-03,KIM,HOLD,0,EMA Crossover (9/21),HIGH,4,1.1,24.08,1.5,0.0,4.5,0.0,0.0,2026-11-19,0.55,0.88,100.0,25.92,8.72,-4.53,-7.49,77.0,1,2026-05-18 to 2026-09-02 (75 days),-1.0,42.9,0.1312,24.98,22.74,BULLISH,LOW,Last surprise: +10.0%; Earnings conf adj: +1,10.0,-1.0,1.0,56,2026-10-29,10.0,1
2026-09-03T14:55:58,2026-09-03,BCO,HOLD,0,EMA Crossover (9/21),MEDIUM,3,1.05,107.47,4.55,0.0,6.82,0.0,0.0,2026-10-14,0.9,1.45,100.0,53.05,18.81,9.73,-11.31,41.0,1,2026-05-18 to 2026-09-02 (75 days),-1.0,41.4,0.2848,110.68,112.25,BEARISH,MEDIUM,No special conditions,6.58,-1.0,1.0,62,2026-11-04,,0
2026-09-03T14:54:18,2026-09-03,TFC,HOLD,0,EMA Crossover (9/21),HIGH,4,0.97,50.81,2.34,0.0,7.02,0.0,0.0,2026-11-19,0.87,1.12,100.0,49.86,17.6,-16.77,-6.76,77.0,1,2026-05-18 to 2026-09-02 (75 days),-1.0,49.3,0.1938,51.11,48.7,BULLISH,LOW,Last surprise: +13.9%; Earnings conf adj: +1,9.67,-1.0,1.0,43,2026-10-16,13.89,1
2026-09-03T14:55:07,2026-09-03,EGP,HOLD,0,EMA Crossover (9/21),MEDIUM,2,0.94,197.49,1.63,0.0,3.26,0.0,0.0,2026-10-23,0.12,0.19,100.0,4.18,0.73,5.99,-8.69,50.0,1,2026-05-18 to 2026-09-02 (75 days),-1.0,33.3,0.1076,207.09,192.54,BULLISH,LOW,Price at statistical extreme; Last surprise: +1.6%,10.0,-1.0,1.0,49,2026-10-22,1.55,0
2026-09-03T14:56:12,2026-09-03,SAM,HOLD,0,Composite Multi-Indicator,MEDIUM,3,0.83,175.43,5.37,0.0,8.05,0.0,0.0,2026-12-04,0.88,1.35,100.0,78.97,29.07,26.3,-12.05,92.0,1,2026-05-18 to 2026-09-02 (75 days),-1.0,41.1,0.3233,181.4,203.73,BEARISH,MEDIUM,No special conditions,5.8,-1.0,1.0,56,2026-10-29,,0
2026-09-03T14:55:50,2026-09-03,FND,BUY,1,Stochastic Oscillator,MEDIUM,3,0.68,47.95,8.0,44.11,12.0,53.7,7.14,2026-09-15,0.89,1.4,66.7,1.8,25.96,1.63,-16.98,12.7,3,2026-05-18 to 2026-09-02 (75 days),0.77,30.4,0.4392,56.35,58.06,BEARISH,HIGH,Strong trend (ADX=43); Size: Kelly 10.0% / VolTgt 4.3% / Blend 7.1%,4.27,-1.0,1.0,55,2026-10-28,,0
2026-09-03T14:53:12,2026-09-03,EIX,EXIT,-1,52-Week High Momentum,MEDIUM,3,0.6,55.19,12.0,61.81,30.0,38.63,5.96,2026-10-29,0.12,0.16,100.0,19.73,0.5,50.47,-12.6,56.0,1,2026-05-18 to 2026-09-02 (75 days),-1.0,29.3,0.9804,73.13,67.37,BULLISH,HIGH,RSI oversold; High volume; Price at statistical extreme; Strong trend (ADX=40); Last surprise: +27.3%; Earnings conf adj: +1; Size: Kelly 10.0% / VolTgt 1.9% / Blend 6.0%,1.91,-1.0,1.0,54,2026-10-27,27.27,1
2026-09-03T14:54:06,2026-09-03,REG,HOLD,0,Momentum (Rate of Change),MEDIUM,2,0.56,75.81,1.5,0.0,3.75,0.0,0.0,2026-10-19,0.0,0.0,100.0,12.0,-0.71,2.79,-4.24,46.0,1,2026-05-18 to 2026-09-02 (75 days),-1.0,40.9,0.1524,78.92,75.02,BULLISH,LOW,Strong trend (ADX=33); Last surprise: +3.4%,10.0,-1.0,1.0,55,2026-10-28,3.39,0
2026-09-03T14:54:31,2026-09-03,WRB,HOLD,0,Composite Multi-Indicator,MEDIUM,3,0.53,68.12,1.94,0.0,4.85,0.0,0.0,2026-11-14,0.48,0.75,100.0,22.75,7.59,7.72,-11.3,72.0,1,2026-05-18 to 2026-09-02 (75 days),-1.0,39.7,0.1358,71.09,68.73,BULLISH,LOW,Strong trend (ADX=36); Last surprise: +17.6%; Earnings conf adj: +1,10.0,-1.0,1.0,46,2026-10-19,17.59,1
2026-09-03T14:53:33,2026-09-03,INVH,HOLD,0,Multi-Factor Momentum MR,MEDIUM,3,0.42,28.84,1.74,0.0,3.48,0.0,0.0,2026-12-04,0.22,0.33,100.0,8.18,2.46,-2.17,-5.82,92.0,1,2026-05-18 to 2026-09-02 (75 days),-1.0,35.6,0.1643,29.94,27.49,BULLISH,LOW,Price at statistical extreme; Last surprise: +7.1%; Earnings conf adj: +1,10.0,-1.0,1.0,55,2026-10-28,7.14,1
2026-09-03T14:54:23,2026-09-03,UDR,HOLD,0,Multi-Factor Momentum MR,MEDIUM,3,0.29,36.59,1.81,0.0,3.62,0.0,0.0,2026-12-04,0.13,0.18,100.0,2.71,0.58,5.91,-9.4,92.0,1,2026-05-18 to 2026-09-02 (75 days),-1.0,35.9,0.1707,38.64,36.54,BULLISH,LOW,Last surprise: +61.5%; Earnings conf adj: +1,10.0,-1.0,1.0,55,2026-10-28,61.54,1
2026-09-03T14:53:57,2026-09-03,O,HOLD,0,Momentum (Rate of Change),LOW,1,0.28,61.5,1.5,0.0,2.25,0.0,0.0,2026-10-23,0.26,0.47,100.0,16.16,2.76,-2.09,-4.9,50.0,1,2026-05-18 to 2026-09-02 (75 days),-1.0,41.9,0.1081,62.85,60.47,BULLISH,LOW,Last surprise: -11.9%; Earnings conf adj: -1,7.0,-1.0,1.0,60,2026-11-02,-11.9,-1
2026-09-03T14:55:07,2026-09-03,JEF,HOLD,0,Composite Multi-Indicator,MEDIUM,3,0.27,52.9,4.01,0.0,10.02,0.0,0.0,2026-11-07,1.26,2.02,100.0,91.47,33.32,23.54,-8.85,65.0,1,2026-05-18 to 2026-09-02 (75 days),-1.0,46.1,0.2099,53.72,52.75,BULLISH,MEDIUM,Strong trend (ADX=47); Last surprise: -17.7%; Earnings conf adj: -1,8.93,-1.0,1.0,25,2026-09-28,-17.74,-1
2026-09-03T14:54:48,2026-09-03,PNFP,HOLD,0,Composite Multi-Indicator,MEDIUM,3,0.26,100.09,3.54,0.0,8.85,0.0,0.0,2026-11-14,0.75,1.13,100.0,41.42,14.43,-7.83,-10.59,72.0,1,2026-05-18 to 2026-09-02 (75 days),-1.0,44.2,0.2307,101.91,95.66,BULLISH,MEDIUM,Strong trend (ADX=33); Last surprise: +1.6%,8.13,-1.0,1.0,41,2026-10-14,1.63,0
2026-09-03T14:54:48,2026-09-03,LAMR,HOLD,0,Momentum (Rate of Change),MEDIUM,3,0.19,151.5,2.72,0.0,5.44,0.0,0.0,2026-11-26,0.7,0.88,100.0,39.29,10.94,-2.58,-7.14,84.0,1,2026-05-18 to 2026-09-02 (75 days),-1.0,44.0,0.208,156.58,138.89,BULLISH,MEDIUM,Last surprise: -1.3%,9.01,-1.0,1.0,63,2026-11-05,-1.27,0
2026-09-03T14:56:01,2026-09-03,TCBI,HOLD,0,EMA Crossover (9/21),MEDIUM,2,0.18,96.68,2.08,0.0,5.2,0.0,0.0,2026-10-24,0.11,0.15,100.0,2.13,0.39,1.7,-8.42,51.0,1,2026-05-18 to 2026-09-02 (75 days),-1.0,39.2,0.1244,100.66,97.79,BULLISH,LOW,Strong trend (ADX=37),10.0,-1.0,1.0,48,2026-10-21,,0
2026-09-03T14:56:06,2026-09-03,KBH,HOLD,0,Momentum (Rate of Change),MEDIUM,3,0.14,52.08,4.71,0.0,9.42,0.0,0.0,2026-10-15,0.83,2.02,100.0,77.52,28.05,-30.99,-12.5,42.0,1,2026-05-18 to 2026-09-02 (75 days),-1.0,38.8,0.3854,56.76,56.09,BULLISH,MEDIUM,Price at statistical extreme,4.86,-1.0,1.0,21,2026-09-24,,0
2026-09-03T14:55:48,2026-09-03,SON,HOLD,0,Composite Multi-Indicator,HIGH,4,0.1,54.74,3.98,0.0,11.94,0.0,0.0,2026-11-14,1.24,1.86,100.0,94.01,35.3,-38.95,-9.84,72.0,1,2026-05-18 to 2026-09-02 (75 days),-1.0,41.5,0.2473,56.27,50.23,BULLISH,MEDIUM,No special conditions,7.58,-1.0,1.0,56,2026-10-29,,0
2026-09-03T14:53:59,2026-09-03,PANW,HOLD,0,Momentum (Rate of Change),HIGH,4,0.09,328.48,12.0,0.0,36.0,0.0,0.0,2026-12-11,2.55,4.71,100.0,412.03,221.28,59.26,-14.49,99.0,1,2026-05-18 to 2026-09-02 (75 days),-1.0,41.8,0.7193,347.57,231.78,BULLISH,HIGH,High volume; Price at statistical extreme; Last surprise: +4.1%,2.61,-1.0,1.0,77,2026-11-19,4.08,0
2026-09-03T14:55:10,2026-09-03,WMS,HOLD,-1,ADX Trend Following,LOW,1,-0.28,132.64,4.75,138.94,7.12,123.2,0.0,2026-09-18,0.19,0.29,50.0,1.21,1.59,7.15,-9.95,15.5,4,2026-05-18 to 2026-09-02 (75 days),-1.0,37.6,0.3637,145.0,147.21,BEARISH,MEDIUM,High volume; Last surprise: +17.5%; Earnings conf adj: +1,5.15,-1.0,1.0,63,2026-11-05,17.45,1
2026-09-03T14:53:34,2026-09-03,IRM,HOLD,0,SMA Crossover (10/50),LOW,1,-0.38,111.84,5.78,0.0,4.8,0.0,0.0,2026-09-07,-1.35,-1.43,50.0,0.15,-9.53,18.37,-4.22,4.0,2,2026-05-18 to 2026-09-02 (75 days),-1.0,31.0,0.3045,123.05,108.4,BULLISH,MEDIUM,High volume; Price at statistical extreme; Last surprise: +7.1%; Earnings conf adj: +1,6.16,-1.0,1.0,62,2026-11-04,7.14,1
2026-09-03T14:53:19,2026-09-03,FIS,HOLD,0,Momentum (Rate of Change),MEDIUM,3,-0.62,41.87,4.27,0.0,6.4,0.0,0.0,2026-10-11,0.75,1.27,100.0,68.3,17.38,25.18,-10.45,38.0,1,2026-05-18 to 2026-09-02 (75 days),-1.0,51.2,0.3256,41.75,49.17,BEARISH,MEDIUM,Last surprise: +0.7%,5.76,-1.0,1.0,62,2026-11-04,0.68,0
2026-09-03T14:52:59,2026-09-03,COIN,HOLD,0,MACD Crossover,LOW,0,-0.68,174.96,12.0,0.0,18.0,0.0,0.0,2026-09-20,-1.59,-2.12,33.3,0.06,-58.72,-35.0,-23.96,17.7,3,2026-05-18 to 2026-09-02 (75 days),-1.0,53.3,0.7768,161.45,193.61,BEARISH,HIGH,Strong trend (ADX=42); Last surprise: -491.3%; Earnings conf adj: -1,2.41,-1.0,1.0,56,2026-10-29,-491.3,-1
2026-09-03T14:55:19,2026-09-03,CUBE,HOLD,0,Multi-Factor Momentum MR,MEDIUM,2,-0.74,39.46,2.0,0.0,5.0,0.0,0.0,2026-12-03,0.43,0.69,100.0,21.84,6.89,-2.72,-7.25,91.0,1,2026-05-18 to 2026-09-02 (75 days),-1.0,33.4,0.1224,40.93,38.35,BULLISH,LOW,Strong trend (ADX=30),10.0,-1.0,1.0,56,2026-10-29,,0
2026-09-03T14:55:35,2026-09-03,HR,HOLD,0,Momentum (Rate of Change),MEDIUM,2,-0.77,19.3,1.65,0.0,3.3,0.0,0.0,2026-11-19,-0.1,-0.14,100.0,2.47,-3.2,10.46,-8.42,77.0,1,2026-05-18 to 2026-09-02 (75 days),-1.0,42.7,0.1275,20.1,18.31,BULLISH,LOW,High volume,10.0,-1.0,1.0,56,2026-10-29,,0
2026-09-03T14:55:16,2026-09-03,RMBS,HOLD,0,MACD Crossover,LOW,0,-0.84,84.72,9.65,0.0,13.61,0.0,0.0,2026-09-14,-0.47,-0.64,50.0,0.12,-30.56,41.93,-27.56,11.2,4,2026-05-18 to 2026-09-02 (75 days),-1.0,36.9,0.5165,100.68,108.05,BEARISH,HIGH,Strong trend (ADX=37),3.63,-1.0,1.0,53,2026-10-26,,0
2026-09-03T14:53:00,2026-09-03,COST,HOLD,0,Stochastic Oscillator,LOW,0,-1.14,928.48,2.24,0.0,3.36,0.0,0.0,2026-12-03,-0.57,-0.78,0.0,0.0,-11.75,27.49,-7.47,91.0,1,2026-05-18 to 2026-09-02 (75 days),-1.0,42.3,0.1969,944.19,957.83,BEARISH,LOW,Last surprise: -0.8%,7.0,-1.0,1.0,21,2026-09-24,-0.8,0
2026-09-03T14:53:08,2026-09-03,DOC,HOLD,0,Multi-Factor Momentum MR,HIGH,5,-1.25,21.03,2.64,0.0,7.92,0.0,0.0,2026-11-28,1.31,1.95,100.0,78.16,28.75,-7.32,-10.12,86.0,1,2026-05-18 to 2026-09-02 (75 days),-1.0,47.7,0.2234,21.44,18.15,BULLISH,MEDIUM,Last surprise: +166.7%; Earnings conf adj: +1,8.39,-1.0,1.0,49,2026-10-22,166.67,1
2026-09-03T14:54:27,2026-09-03,VRSK,HOLD,0,Composite Multi-Indicator,MEDIUM,3,-1.25,188.16,4.65,0.0,6.98,0.0,0.0,2026-11-20,0.62,0.91,100.0,46.6,16.35,-22.0,-17.61,78.0,1,2026-05-18 to 2026-09-02 (75 days),-1.0,48.7,0.3568,190.18,194.22,BEARISH,MEDIUM,Last surprise: +2.6%,5.25,-1.0,1.0,55,2026-10-28,2.59,0
2026-09-03T14:54:26,2026-09-03,VMC,HOLD,0,EMA Crossover (9/21),MEDIUM,2,-1.57,263.93,3.97,0.0,5.96,0.0,0.0,2026-09-15,0.24,0.34,66.7,1.77,2.93,4.69,-8.43,12.3,3,2026-05-18 to 2026-09-02 (75 days),-1.0,38.5,0.2582,284.0,287.49,BEARISH,MEDIUM,Last surprise: +4.9%,7.26,-1.0,1.0,56,2026-10-29,4.86,0
2026-09-03T14:55:13,2026-09-03,ONB,HOLD,0,52-Week High Momentum,MEDIUM,2,-1.76,25.65,2.17,0.0,5.42,0.0,0.0,2026-11-24,0.39,0.57,100.0,19.29,5.28,-32.86,-7.73,82.0,1,2026-05-18 to 2026-09-02 (75 days),-1.0,42.6,0.166,26.31,23.89,BULLISH,LOW,Strong trend (ADX=37),10.0,-1.0,1.0,48,2026-10-21,,0
2026-09-03T14:54:47,2026-09-03,PFGC,EXIT,-1,52-Week High Momentum,MEDIUM,2,-1.83,99.32,3.66,102.96,9.15,90.23,8.15,2026-11-05,0.16,0.21,100.0,29.56,1.07,-10.65,-10.43,63.0,1,2026-05-18 to 2026-09-02 (75 days),-1.0,31.0,0.2973,109.62,97.01,BULLISH,MEDIUM,Strong trend (ADX=47); Last surprise: -0.6%; Size: Kelly 10.0% / VolTgt 6.3% / Blend 8.2%,6.31,-1.0,1.0,62,2026-11-04,-0.63,0
2026-09-03T14:54:08,2026-09-03,ROK,HOLD,0,Multi-Factor Momentum MR,LOW,0,-2.16,425.36,3.2,0.0,5.36,0.0,0.0,2026-09-04,-1.85,-1.85,0.0,0.0,-0.34,7.02,-0.1,0.0,0,2026-05-18 to 2026-09-02 (75 days),-1.0,40.5,0.2152,454.31,417.53,BULLISH,MEDIUM,Strong trend (ADX=41); Last surprise: +3.3%,7.0,-1.0,1.0,63,2026-11-05,3.25,0
2026-09-03T14:56:03,2026-09-03,BBWI,HOLD,0,Momentum (Rate of Change),MEDIUM,2,-2.31,18.53,11.3,0.0,22.6,0.0,0.0,2026-10-19,0.21,0.32,100.0,11.28,1.09,-68.56,-17.49,46.0,1,2026-05-18 to 2026-09-02 (75 days),-1.0,44.8,0.6142,20.01,19.66,BULLISH,HIGH,No special conditions,3.05,-1.0,1.0,77,2026-11-19,,0
2026-09-03T14:56:18,2026-09-03,XLU,HOLD,0,Multi-Factor Momentum MR,LOW,0,-2.4,42.67,1.77,0.0,3.54,0.0,0.0,2026-09-17,-0.85,-1.27,0.0,0.0,-4.98,2.54,-4.27,14.0,1,2026-05-18 to 2026-09-02 (75 days),-1.0,38.4,0.1394,44.55,44.3,BULLISH,LOW,Strong trend (ADX=30),7.0,-1.0,1.0,-1,,,0
2026-09-03T14:52:42,2026-09-03,AON,HOLD,0,VWAP Trend,MEDIUM,2,-2.5,330.88,4.49,0.0,8.98,0.0,0.0,2026-09-12,0.72,1.24,42.9,1.59,14.16,8.78,-7.21,9.9,7,2026-05-18 to 2026-09-02 (75 days),-1.0,38.8,0.3894,352.53,336.31,BULLISH,MEDIUM,High volume; Last surprise: +0.3%,4.81,-1.0,1.0,57,2026-10-30,0.26,0
2026-09-03T14:55:47,2026-09-03,CRUS,HOLD,0,VWAP Trend,LOW,1,-2.6,113.06,4.13,0.0,3.49,0.0,0.0,2026-09-05,-1.96,-2.58,46.7,0.58,-33.22,36.31,-14.54,2.4,15,2026-05-18 to 2026-09-02 (75 days),-1.0,35.6,0.2858,131.09,140.04,BEARISH,MEDIUM,Strong trend (ADX=66),6.56,-1.0,1.0,61,2026-11-03,,0
2026-09-03T14:54:37,2026-09-03,XPO,HOLD,0,Stochastic Oscillator,LOW,1,-2.61,185.98,5.23,0.0,7.85,0.0,0.0,2026-10-05,-0.17,-0.27,50.0,0.51,-7.67,14.86,-11.06,32.5,2,2026-05-18 to 2026-09-02 (75 days),-1.0,35.9,0.3383,203.1,188.3,BULLISH,MEDIUM,Strong trend (ADX=48); Last surprise: +15.6%; Earnings conf adj: +1,5.54,-1.0,1.0,56,2026-10-29,15.65,1
2026-09-03T14:54:16,2026-09-03,SYK,HOLD,0,EMA Crossover (9/21),MEDIUM,3,-2.79,312.19,4.57,0.0,6.86,0.0,0.0,2026-09-22,0.34,0.48,66.7,2.06,5.92,6.13,-7.54,19.7,3,2026-05-18 to 2026-09-02 (75 days),-1.0,38.5,0.2696,329.21,337.72,BEARISH,MEDIUM,Price at statistical extreme; Last surprise: +5.7%; Earnings conf adj: +1,6.96,-1.0,1.0,56,2026-10-29,5.73,1
2026-09-03T14:56:11,2026-09-03,EEFT,EXIT,-1,VWAP Trend,HIGH,4,-2.81,72.96,4.92,76.55,9.3,66.17,7.37,2026-09-11,1.47,2.37,62.5,2.12,56.38,35.48,-16.6,8.9,8,2026-05-18 to 2026-09-02 (75 days),-1.0,52.9,0.3959,74.25,72.24,BULLISH,MEDIUM,Size: Kelly 10.0% / VolTgt 4.7% / Blend 7.4%,4.74,-1.0,1.0,48,2026-10-21,,0
2026-09-03T14:53:58,2026-09-03,OTIS,HOLD,0,VWAP Trend,LOW,0,-3.0,70.83,2.16,0.0,3.24,0.0,0.0,2026-09-17,-0.27,-0.4,50.0,0.84,-7.29,-7.91,-5.66,14.3,6,2026-05-18 to 2026-09-02 (75 days),-1.0,44.6,0.1875,72.1,79.26,BEARISH,LOW,Last surprise: +0.0%,7.0,-1.0,1.0,55,2026-10-28,0.0,0
2026-09-03T14:55:24,2026-09-03,CNM,HOLD,0,Stochastic Oscillator,LOW,0,-3.4,43.77,4.1,0.0,6.15,0.0,0.0,2026-10-01,-0.61,-0.81,0.0,0.0,-16.5,-0.12,-13.78,28.0,2,2026-05-18 to 2026-09-02 (75 days),-1.0,45.5,0.2466,45.1,49.94,BEARISH,MEDIUM,High volume; Strong trend (ADX=40),7.0,-1.0,1.0,6,2026-09-09,,0
2026-09-03T14:52:36,2026-09-03,ADI,HOLD,0,VWAP Trend,LOW,1,-3.51,355.71,4.56,0.0,3.28,0.0,0.0,2026-09-05,-0.02,-0.03,60.0,1.04,-4.07,37.34,-8.97,2.7,10,2026-05-18 to 2026-09-02 (75 days),-1.0,37.3,0.2534,378.5,344.99,BULLISH,MEDIUM,Strong trend (ADX=35); Last surprise: +3.3%,7.0,-1.0,1.0,82,2026-11-24,3.29,0
2026-09-03T14:54:26,2026-09-03,VICI,HOLD,1,VWAP Trend,LOW,0,-4.11,25.61,1.85,25.14,2.78,26.32,0.0,2026-09-10,-0.36,-0.56,45.5,0.9,-7.48,18.98,-6.07,7.2,11,2026-05-18 to 2026-09-02 (75 days),-1.0,39.8,0.1695,26.43,27.32,BEARISH,LOW,Last surprise: -32.4%; Earnings conf adj: -1,7.0,-1.0,1.0,56,2026-10-29,-32.39,-1
2026-09-03T14:54:38,2026-09-03,UTHR,HOLD,1,VWAP Trend,LOW,1,-4.73,492.02,4.0,472.34,2.87,506.14,0.0,2026-09-04,-1.88,-2.37,41.7,0.47,-20.88,17.42,-8.54,1.5,12,2026-05-18 to 2026-09-02 (75 days),-1.0,36.3,0.298,527.99,523.26,BULLISH,MEDIUM,High volume; Price at statistical extreme; Last surprise: +6.0%; Earnings conf adj: +1,6.29,-1.0,1.0,55,2026-10-28,5.98,1
2026-09-03T14:54:46,2026-09-03,WPC,HOLD,0,Stochastic Oscillator,MEDIUM,3,-4.92,70.58,1.5,0.0,2.25,0.0,0.0,2026-09-27,0.97,1.79,50.0,3.86,11.05,21.71,-3.53,24.0,2,2026-05-18 to 2026-09-02 (75 days),-1.0,42.5,0.1286,72.34,69.67,BULLISH,LOW,Strong trend (ADX=32); Last surprise: +27.8%; Earnings conf adj: +1,10.0,-1.0,1.0,54,2026-10-27,27.78,1
2026-09-03T14:55:59,2026-09-03,SLGN,HOLD,0,Stochastic Oscillator,MEDIUM,3,-4.93,41.33,3.65,0.0,5.47,0.0,0.0,2026-10-01,1.68,3.11,50.0,6.61,36.89,-7.66,-4.66,28.5,2,2026-05-18 to 2026-09-02 (75 days),-1.0,45.0,0.2547,43.47,41.42,BULLISH,MEDIUM,High volume,7.36,-1.0,1.0,55,2026-10-28,,0
2026-09-03T14:54:14,2026-09-03,STZ,HOLD,0,ADX Trend Following,LOW,1,-5.19,129.35,3.76,0.0,5.64,0.0,0.0,2026-09-12,-0.67,-0.86,50.0,0.62,-15.54,18.9,-10.91,9.8,6,2026-05-18 to 2026-09-02 (75 days),-1.0,41.5,0.3144,133.2,143.38,BEARISH,MEDIUM,Last surprise: +7.2%; Earnings conf adj: +1,5.96,-1.0,1.0,32,2026-10-05,7.19,1
2026-09-03T14:56:14,2026-09-03,TLT,HOLD,0,VWAP Trend,LOW,0,-5.31,81.95,1.5,0.0,2.16,0.0,0.0,2026-09-09,-0.46,-0.68,44.4,0.97,-3.73,-2.38,-4.85,6.7,9,2026-05-18 to 2026-09-02 (75 days),-1.0,45.4,0.106,83.1,84.63,BEARISH,LOW,No special conditions,7.0,-1.0,1.0,-1,,,0
2026-09-03T14:52:44,2026-09-03,AVGO,HOLD,0,Stochastic Oscillator,MEDIUM,2,-6.04,367.24,4.89,0.0,7.33,0.0,0.0,2026-10-08,0.74,1.13,50.0,17.07,22.76,59.47,-12.24,35.0,2,2026-05-18 to 2026-09-02 (75 days),-1.0,42.1,0.3575,384.58,368.86,BULLISH,MEDIUM,High volume; Strong trend (ADX=30); Last surprise: +1.7%,5.24,-1.0,1.0,-1,2026-09-02,1.67,0
2026-09-03T14:56:08,2026-09-03,WING,HOLD,0,MACD Crossover,MEDIUM,2,-6.85,113.15,11.71,0.0,17.57,0.0,0.0,2026-10-05,0.76,1.15,50.0,6.88,27.57,62.93,-17.86,32.0,2,2026-05-18 to 2026-09-02 (75 days),-1.0,42.7,0.6958,134.7,190.55,BEARISH,HIGH,No special conditions,2.69,-1.0,1.0,61,2026-11-03,,0
2026-09-03T14:54:19,2026-09-03,TPR,HOLD,0,ADX Trend Following,LOW,1,-7.2,123.14,5.65,0.0,11.3,0.0,0.0,2026-09-13,-0.09,-0.1,75.0,0.9,-9.96,8.61,-22.08,10.8,4,2026-05-18 to 2026-09-02 (75 days),-1.0,33.0,0.6557,141.79,137.72,BULLISH,HIGH,Strong trend (ADX=49); Last surprise: +3.1%,2.86,-1.0,1.0,63,2026-11-05,3.13,0
2026-09-03T14:55:03,2026-09-03,AMKR,HOLD,-1,52-Week High Momentum,LOW,1,-7.35,47.17,12.0,52.83,6.85,43.94,0.0,2026-09-04,-3.8,-3.86,50.0,0.23,-28.93,39.16,-9.63,1.5,2,2026-05-18 to 2026-09-02 (75 days),-1.0,39.6,0.7102,60.32,55.87,BULLISH,HIGH,Last surprise: +45.8%; Earnings conf adj: +1,2.64,-1.0,1.0,53,2026-10-26,45.83,1
2026-09-03T14:54:23,2026-09-03,TXT,HOLD,-1,VWAP Trend,LOW,0,-7.48,79.24,2.6,81.3,2.43,77.31,0.0,2026-09-05,-0.13,-0.17,42.9,1.01,-2.66,33.9,-5.82,2.4,7,2026-05-18 to 2026-09-02 (75 days),-1.0,30.7,0.1993,88.21,90.03,BEARISH,LOW,Strong trend (ADX=57); Last surprise: +4.5%,7.0,-1.0,1.0,49,2026-10-22,4.52,0
2026-09-03T14:53:50,2026-09-03,MSCI,HOLD,0,MACD Crossover,LOW,0,-7.57,560.63,2.39,0.0,3.58,0.0,0.0,2026-09-13,-1.23,-1.38,25.0,0.2,-27.1,-15.11,-12.86,10.5,4,2026-05-18 to 2026-09-02 (75 days),-1.0,44.3,0.198,576.53,569.13,BULLISH,LOW,Last surprise: -0.8%,7.0,-1.0,1.0,47,2026-10-20,-0.8,0
2026-09-03T14:54:28,2026-09-03,VST,HOLD,0,Stochastic Oscillator,MEDIUM,2,-7.67,143.46,4.83,0.0,7.25,0.0,0.0,2026-09-24,1.61,2.59,50.0,5.74,56.96,38.68,-13.01,21.0,2,2026-05-18 to 2026-09-02 (75 days),-1.0,49.9,0.2909,150.38,157.75,BEARISH,MEDIUM,Last surprise: -53.4%; Earnings conf adj: -1,6.44,-1.0,1.0,63,2026-11-05,-53.37,-1
2026-09-03T14:54:41,2026-09-03,MTZ,HOLD,0,VWAP Trend,LOW,0,-10.15,235.33,11.1,0.0,5.75,0.0,0.0,2026-09-05,-2.62,-2.72,50.0,0.2,-68.72,12.67,-32.49,2.2,8,2026-05-18 to 2026-09-02 (75 days),-1.0,31.5,0.492,315.74,304.03,BULLISH,HIGH,Strong trend (ADX=32); Last surprise: -0.4%,3.81,-1.0,1.0,56,2026-10-29,-0.45,0
2026-09-03T14:54:56,2026-09-03,WSO,HOLD,0,MACD Crossover,LOW,0,-10.22,308.92,4.43,0.0,6.64,0.0,0.0,2026-09-24,-0.47,-0.75,50.0,0.13,-10.52,43.61,-14.45,21.5,2,2026-05-18 to 2026-09-02 (75 days),-1.0,39.8,0.3118,348.99,370.3,BEARISH,MEDIUM,Last surprise: -8.9%; Earnings conf adj: -1,6.01,-1.0,1.0,55,2026-10-28,-8.88,-1
2026-09-03T14:53:09,2026-09-03,DUK,HOLD,0,VWAP Trend,MEDIUM,2,-10.46,120.56,1.75,0.0,2.02,0.0,0.0,2026-09-05,-0.6,-0.74,55.6,0.89,-5.7,-2.36,-5.17,2.1,9,2026-05-18 to 2026-09-02 (75 days),-1.0,42.2,0.177,124.19,122.34,BULLISH,LOW,Last surprise: +10.0%; Earnings conf adj: +1,10.0,-1.0,1.0,63,2026-11-05,10.0,1
2026-09-03T14:52:53,2026-09-03,CCI,HOLD,-1,VWAP Trend,LOW,1,-10.6,75.38,2.53,77.29,3.79,72.52,0.0,2026-09-09,-1.44,-1.89,36.4,0.42,-37.32,5.62,-18.39,6.6,11,2026-05-18 to 2026-09-02 (75 days),-1.0,47.0,0.1899,76.58,83.66,BEARISH,LOW,Last surprise: +35.3%; Earnings conf adj: +1,7.0,-1.0,1.0,48,2026-10-21,35.29,1
2026-09-03T14:52:49,2026-09-03,BLDR,HOLD,-1,Momentum (Rate of Change),LOW,0,-10.68,63.09,9.08,68.82,13.62,54.5,0.0,2026-09-23,0.14,0.24,50.0,18.89,-2.01,28.41,-22.94,20.5,2,2026-05-18 to 2026-09-02 (75 days),-1.0,35.1,0.5023,74.03,90.48,BEARISH,HIGH,Price at statistical extreme; Last surprise: -7.9%; Earnings conf adj: -1,3.73,-1.0,1.0,56,2026-10-29,-7.87,-1
2026-09-03T14:53:05,2026-09-03,DECK,HOLD,0,MACD Crossover,LOW,1,-10.72,83.76,4.65,0.0,6.98,0.0,0.0,2026-09-21,-1.13,-1.47,50.0,0.22,-24.82,9.13,-14.14,18.0,2,2026-05-18 to 2026-09-02 (75 days),-1.0,32.1,0.3441,97.95,102.52,BEARISH,MEDIUM,Strong trend (ADX=50); Last surprise: +8.0%; Earnings conf adj: +1,5.45,-1.0,1.0,49,2026-10-22,8.05,1
2026-09-03T14:55:47,2026-09-03,WH,HOLD,0,Stochastic Oscillator,LOW,0,-11.19,71.28,4.35,0.0,6.52,0.0,0.0,2026-10-12,0.12,0.18,50.0,1.14,-0.38,25.12,-11.45,39.5,2,2026-05-18 to 2026-09-02 (75 days),-1.0,37.2,0.2954,76.94,78.08,BEARISH,MEDIUM,No special conditions,6.35,-1.0,1.0,48,2026-10-21,,0
2026-09-03T14:52:43,2026-09-03,APP,HOLD,0,Composite Multi-Indicator,LOW,0,-11.55,319.05,7.87,0.0,11.8,0.0,0.0,2026-09-04,0.0,0.0,0.0,0.0,0.0,77.18,0.0,0.0,0,2026-05-18 to 2026-09-02 (75 days),-1.0,39.8,0.8,399.12,488.36,BEARISH,HIGH,Last surprise: +0.5%,2.34,-1.0,1.0,62,2026-11-04,0.53,0
2026-09-03T14:53:28,2026-09-03,HONA,HOLD,0,EMA Crossover (9/21),LOW,0,-11.55,152.55,8.08,0.0,12.12,0.0,0.0,2026-09-04,0.0,0.0,0.0,0.0,0.0,90.09,0.0,0.0,0,2026-07-16 to 2026-09-02 (35 days),-1.0,33.7,0.9397,194.73,nan,NEUTRAL,HIGH,Price at statistical extreme; Last surprise: -11.8%; Earnings conf adj: -1,2.0,-1.0,1.0,62,2026-11-04,-11.79,-1
2026-09-03T14:55:21,2026-09-03,DY,HOLD,0,PEAD Earnings Drift,LOW,0,-11.55,296.98,12.0,0.0,14.45,0.0,0.0,2026-09-04,0.0,0.0,0.0,0.0,0.0,69.2,0.0,0.0,0,2026-05-18 to 2026-09-02 (75 days),-1.0,26.6,0.5801,407.91,394.29,BULLISH,HIGH,RSI oversold; Strong trend (ADX=56),3.23,-1.0,1.0,83,2026-11-25,,0
2026-09-03T14:56:06,2026-09-03,IPGP,HOLD,0,RSI Mean Reversion,LOW,0,-11.55,76.48,10.38,0.0,14.36,0.0,0.0,2026-09-04,0.0,0.0,0.0,0.0,0.0,67.46,0.0,0.0,0,2026-05-18 to 2026-09-02 (75 days),-1.0,41.0,0.5765,91.99,101.39,BEARISH,HIGH,No special conditions,3.25,-1.0,1.0,61,2026-11-03,,0
2026-09-03T14:55:42,2026-09-03,STWD,HOLD,0,Stochastic Oscillator,LOW,0,-11.74,15.82,2.4,0.0,3.6,0.0,0.0,2026-10-18,-0.25,-0.4,50.0,0.5,-5.46,8.4,-7.42,45.5,2,2026-05-18 to 2026-09-02 (75 days),-1.0,41.3,0.2016,16.35,16.79,BEARISH,MEDIUM,No special conditions,7.0,-1.0,1.0,67,2026-11-09,,0
2026-09-03T14:54:08,2026-09-03,ROL,HOLD,0,SMA Crossover (10/50),LOW,0,-12.07,35.71,3.32,0.0,4.98,0.0,0.0,2026-09-04,0.0,0.0,0.0,0.0,0.0,76.07,0.0,0.0,0,2026-05-18 to 2026-09-02 (75 days),-1.0,34.5,0.2052,39.7,52.08,BEARISH,MEDIUM,Last surprise: -5.9%; Earnings conf adj: -1,7.0,-1.0,1.0,55,2026-10-28,-5.88,-1
2026-09-03T14:53:26,2026-09-03,GS,HOLD,0,ADX Trend Following,LOW,1,-12.38,1004.42,3.47,0.0,5.21,0.0,0.0,2026-10-07,0.22,0.33,50.0,1.28,2.57,-23.84,-10.14,34.0,2,2026-05-18 to 2026-09-02 (75 days),-1.0,42.8,0.2369,1040.12,936.5,BULLISH,MEDIUM,Last surprise: +44.3%; Earnings conf adj: +1,7.0,-1.0,1.0,40,2026-10-13,44.29,1
2026-09-03T14:54:58,2026-09-03,GLPI,HOLD,0,Stochastic Oscillator,LOW,0,-12.43,42.34,3.0,0.0,4.5,0.0,0.0,2026-10-13,-1.04,-1.36,50.0,0.11,-19.86,6.99,-9.68,40.0,2,2026-05-18 to 2026-09-02 (75 days),-1.0,42.7,0.2275,43.9,44.57,BEARISH,MEDIUM,Last surprise: +0.0%,7.0,-1.0,1.0,56,2026-10-29,0.0,0
2026-09-03T14:54:05,2026-09-03,Q,HOLD,0,RSI Mean Reversion,LOW,1,-12.59,117.69,9.65,0.0,12.1,0.0,0.0,2026-09-04,0.0,0.0,0.0,0.0,0.0,66.67,0.0,0.0,0,2026-06-03 to 2026-09-02 (64 days),-1.0,35.5,0.4861,137.25,121.11,BULLISH,HIGH,Strong trend (ADX=43); Last surprise: +11.2%; Earnings conf adj: +1,3.86,-1.0,1.0,74,2026-11-16,11.21,1
2026-09-03T14:55:26,2026-09-03,SARO,HOLD,0,SMA Crossover (10/50),LOW,0,-13.35,24.07,4.77,0.0,7.15,0.0,0.0,2026-10-13,-0.27,-0.34,50.0,0.39,-16.01,4.41,-18.72,40.5,2,2026-05-18 to 2026-09-02 (75 days),-1.0,30.0,0.2747,27.72,27.77,BEARISH,MEDIUM,Strong trend (ADX=44),6.83,-1.0,1.0,68,2026-11-10,,0
2026-09-03T14:54:18,2026-09-03,TJX,HOLD,0,RSI Mean Reversion,LOW,1,-13.61,131.31,3.5,0.0,5.24,0.0,0.0,2026-09-04,-2.63,-2.61,0.0,0.0,-0.68,35.44,-0.2,0.0,0,2026-05-18 to 2026-09-02 (75 days),-1.0,19.9,0.2106,150.83,153.96,BEARISH,MEDIUM,RSI oversold; Strong trend (ADX=64); Last surprise: +14.3%; Earnings conf adj: +1,7.0,-1.0,1.0,76,2026-11-18,14.29,1
2026-09-03T14:53:40,2026-09-03,LHX,HOLD,0,SMA Crossover (10/50),LOW,1,-13.77,261.31,3.44,0.0,5.16,0.0,0.0,2026-09-04,0.0,0.0,0.0,0.0,0.0,44.06,0.0,0.0,0,2026-05-18 to 2026-09-02 (75 days),-1.0,34.7,0.2353,283.82,313.05,BEARISH,MEDIUM,Strong trend (ADX=45); Last surprise: +27.8%; Earnings conf adj: +1,7.0,-1.0,1.0,56,2026-10-29,27.82,1
2026-09-03T14:53:53,2026-09-03,NKE,HOLD,0,RSI Mean Reversion,LOW,1,-14.05,38.24,4.19,0.0,6.29,0.0,0.0,2026-09-04,0.0,0.0,0.0,0.0,0.0,25.85,0.0,0.0,0,2026-05-18 to 2026-09-02 (75 days),-1.0,39.9,0.3111,41.2,50.63,BEARISH,MEDIUM,Strong trend (ADX=30); Last surprise: +453.8%; Earnings conf adj: +1,6.03,-1.0,1.0,28,2026-10-01,453.85,1
2026-09-03T14:52:46,2026-09-03,AZO,HOLD,0,VWAP Trend,LOW,0,-14.16,2934.52,3.83,0.0,5.27,0.0,0.0,2026-09-12,-1.63,-1.9,28.6,0.19,-40.14,-2.83,-17.96,9.0,7,2026-05-18 to 2026-09-02 (75 days),-1.0,41.9,0.223,3040.24,3390.25,BEARISH,MEDIUM,Last surprise: +5.3%,7.0,-1.0,1.0,19,2026-09-22,5.25,0
2026-09-03T14:53:47,2026-09-03,MLM,HOLD,0,RSI Mean Reversion,LOW,1,-14.3,517.07,3.6,0.0,5.4,0.0,0.0,2026-09-04,0.0,0.0,0.0,0.0,0.0,20.98,0.0,0.0,0,2026-05-18 to 2026-09-02 (75 days),-1.0,41.0,0.2724,556.14,599.95,BEARISH,MEDIUM,High volume; Last surprise: +7.8%; Earnings conf adj: +1,6.88,-1.0,1.0,61,2026-11-03,7.76,1
2026-09-03T14:54:22,2026-09-03,TSN,HOLD,0,RSI Mean Reversion,LOW,0,-14.52,55.81,3.37,0.0,5.0,0.0,0.0,2026-09-04,0.0,0.0,0.0,0.0,0.0,42.06,0.0,0.0,0,2026-05-18 to 2026-09-02 (75 days),-1.0,44.4,0.2009,57.34,59.41,BEARISH,MEDIUM,Last surprise: +0.0%,7.0,-1.0,1.0,67,2026-11-09,0.0,0
2026-09-03T14:53:43,2026-09-03,LVS,HOLD,0,SMA Crossover (10/50),LOW,0,-14.96,44.54,4.21,0.0,6.31,0.0,0.0,2026-09-04,0.0,0.0,0.0,0.0,0.0,31.96,0.0,0.0,0,2026-05-18 to 2026-09-02 (75 days),-1.0,42.8,0.2712,46.03,53.82,BEARISH,MEDIUM,Strong trend (ADX=36); Last surprise: -22.4%; Earnings conf adj: -1,6.91,-1.0,1.0,48,2026-10-21,-22.37,-1
