generated_at,date,ticker,signal,signal_raw,strategy,confidence,confidence_score,composite_score,current_price,stop_loss_pct,stop_loss_price,take_profit_pct,take_profit_price,suggested_position_size_pct,signal_expires,sharpe,sortino,win_rate,profit_factor,annual_return_pct,annual_excess_pct,max_drawdown_pct,avg_holding_days,total_trades,backtest_period,pbo,rsi,vol_20,sma_50,sma_200,trend,volatility,notes,vol_target_size_pct,meta_label_prob,meta_label_size_mult,days_to_earnings,earnings_date,last_surprise_pct,earnings_confidence_adj
2026-07-27T13:43:03,2026-07-27,UMBF,HOLD,0,VWAP Trend,MEDIUM,3,109.71,141.2,3.42,0.0,2.85,0.0,0.0,2026-07-29,5.38,43.34,87.5,57.3,55.56,-20.11,-0.58,2.4,8,2026-04-08 to 2026-07-24 (75 days),-1.0,50.3,0.2334,136.38,122.0,BULLISH,MEDIUM,Earnings in 1d (2026-07-28); Earnings conf adj: -2,8.03,-1.0,1.0,1,2026-07-28,,-2
2026-07-27T13:41:09,2026-07-27,LH,EXIT,-1,VWAP Trend,MEDIUM,3,102.69,296.77,4.18,309.17,3.2,287.27,8.72,2026-07-29,4.03,12.05,70.0,5.82,58.44,27.15,-3.6,2.6,10,2026-04-08 to 2026-07-24 (75 days),-1.0,71.2,0.2516,268.35,266.43,BULLISH,MEDIUM,RSI overbought; Price at statistical extreme; Strong trend (ADX=32); Earnings in 3d (2026-07-30); Last surprise: +3.2%; Earnings conf adj: -2; Size: Kelly 10.0% / VolTgt 7.5% / Blend 8.7%,7.45,-1.0,1.0,3,2026-07-30,3.16,-2
2026-07-27T13:39:39,2026-07-27,AMAT,HOLD,0,VWAP Trend,HIGH,6,95.68,536.25,12.0,0.0,12.82,0.0,0.0,2026-07-30,2.98,6.09,81.8,5.44,284.92,76.51,-9.11,3.7,11,2026-04-08 to 2026-07-24 (75 days),-1.0,45.5,0.8466,537.42,366.14,BULLISH,HIGH,Last surprise: +6.3%; Earnings conf adj: +1,2.21,-1.0,1.0,17,2026-08-13,6.32,1
2026-07-27T13:43:28,2026-07-27,PCTY,HOLD,0,VWAP Trend,HIGH,5,92.44,125.27,8.41,0.0,12.62,0.0,0.0,2026-08-08,3.75,7.58,85.7,9.52,311.39,212.85,-11.78,12.1,7,2026-04-08 to 2026-07-24 (75 days),-1.0,61.6,0.4666,112.83,125.21,BEARISH,HIGH,Strong trend (ADX=31),4.02,-1.0,1.0,8,2026-08-04,,0
2026-07-27T13:40:15,2026-07-27,CTVA,HOLD,0,VWAP Trend,HIGH,4,92.21,89.25,3.26,0.0,2.61,0.0,0.0,2026-07-29,2.18,3.68,87.5,32.6,25.94,1.84,-3.4,2.4,8,2026-04-08 to 2026-07-24 (75 days),-1.0,69.8,0.2143,81.43,74.38,BULLISH,MEDIUM,Strong trend (ADX=37); Earnings in 3d (2026-07-30); Last surprise: +27.1%; Earnings conf adj: -1,8.75,-1.0,1.0,3,2026-07-30,27.12,-1
2026-07-27T13:42:43,2026-07-27,AMKR,BUY,1,VWAP Trend,MEDIUM,2,86.07,64.96,12.0,57.16,10.68,71.9,6.05,2026-07-29,2.76,6.75,72.7,3.11,118.32,9.93,-8.21,2.3,11,2026-04-08 to 2026-07-24 (75 days),0.452,42.7,0.8945,73.17,53.15,BULLISH,HIGH,High volume; EARNINGS TODAY (2026-07-27); Last surprise: +37.5%; Earnings conf adj: -3; Size: Kelly 10.0% / VolTgt 2.1% / Blend 6.0%,2.1,-1.0,1.0,0,2026-07-27,37.5,-3
2026-07-27T13:39:58,2026-07-27,CAT,HOLD,0,VWAP Trend,HIGH,6,85.68,888.73,8.5,0.0,5.84,0.0,0.0,2026-07-29,3.25,8.41,75.0,8.46,88.68,24.77,-3.82,2.8,8,2026-04-08 to 2026-07-24 (75 days),-1.0,43.3,0.443,924.81,727.29,BULLISH,HIGH,Last surprise: +19.4%; Earnings conf adj: +1,4.23,-1.0,1.0,8,2026-08-04,19.4,1
2026-07-27T13:43:48,2026-07-27,CDP,HOLD,0,VWAP Trend,MEDIUM,2,85.49,38.03,2.13,0.0,2.38,0.0,0.0,2026-07-29,2.23,4.15,75.0,2.94,33.92,-57.2,-5.57,2.3,12,2026-04-08 to 2026-07-24 (75 days),-1.0,71.4,0.1991,34.35,30.85,BULLISH,LOW,RSI overbought; Strong trend (ADX=35); EARNINGS TODAY (2026-07-27); Earnings conf adj: -3,9.42,-1.0,1.0,0,2026-07-27,,-3
2026-07-27T13:40:13,2026-07-27,CSX,HOLD,0,ADX Trend Following,HIGH,5,83.75,53.23,3.0,0.0,6.66,0.0,0.0,2026-08-07,2.87,6.69,85.7,14.18,88.33,-35.57,-5.47,11.4,7,2026-04-08 to 2026-07-24 (75 days),-1.0,76.1,0.2507,47.59,40.75,BULLISH,MEDIUM,RSI overbought; Price at statistical extreme; Strong trend (ADX=34); Last surprise: +3.8%,7.48,-1.0,1.0,87,2026-10-22,3.85,0
2026-07-27T13:39:38,2026-07-27,AIZ,HOLD,0,VWAP Trend,HIGH,6,83.11,276.94,2.07,0.0,2.02,0.0,0.0,2026-07-30,3.46,10.27,87.5,57.29,46.65,-62.7,-1.41,3.0,8,2026-04-08 to 2026-07-24 (75 days),-1.0,61.4,0.148,263.15,234.44,BULLISH,LOW,Last surprise: +11.6%; Earnings conf adj: +1,10.0,-1.0,1.0,8,2026-08-04,11.63,1
2026-07-27T13:43:25,2026-07-27,AN,HOLD,0,VWAP Trend,HIGH,5,82.51,208.18,4.78,0.0,7.01,0.0,0.0,2026-08-03,2.8,5.19,85.7,11.6,81.47,60.6,-6.1,7.4,7,2026-04-08 to 2026-07-24 (75 days),-1.0,62.0,0.3272,192.28,201.09,BEARISH,MEDIUM,Earnings in 4d (2026-07-31),5.73,-1.0,1.0,4,2026-07-31,,0
2026-07-27T13:41:51,2026-07-27,SNDK,HOLD,0,VWAP Trend,HIGH,6,82.43,1436.56,12.0,0.0,15.07,0.0,0.0,2026-07-29,3.13,9.0,70.0,4.87,488.97,-208.12,-7.55,2.0,10,2026-04-08 to 2026-07-24 (75 days),-1.0,42.1,1.3529,1730.59,816.83,BULLISH,HIGH,Last surprise: +59.7%; Earnings conf adj: +1,1.39,-1.0,1.0,9,2026-08-05,59.69,1
2026-07-27T13:43:07,2026-07-27,OGE,HOLD,0,VWAP Trend,MEDIUM,3,81.02,49.95,2.2,0.0,1.93,0.0,0.0,2026-07-28,2.64,7.21,77.8,7.49,28.77,21.24,-2.32,1.6,9,2026-04-08 to 2026-07-24 (75 days),-1.0,60.9,0.1938,47.82,45.56,BULLISH,LOW,Price at statistical extreme; Strong trend (ADX=37); Earnings in 2d (2026-07-29); Earnings conf adj: -2,9.67,-1.0,1.0,2,2026-07-29,,-2
2026-07-27T13:39:50,2026-07-27,BALL,HOLD,0,VWAP Trend,HIGH,6,80.99,63.84,3.65,0.0,3.25,0.0,0.0,2026-07-29,3.77,12.84,70.0,11.32,63.47,52.22,-2.49,2.5,10,2026-04-08 to 2026-07-24 (75 days),-1.0,64.3,0.2614,58.49,56.51,BULLISH,MEDIUM,Strong trend (ADX=36); Last surprise: +11.9%; Earnings conf adj: +1,7.17,-1.0,1.0,8,2026-08-04,11.9,1
2026-07-27T13:40:10,2026-07-27,COR,HOLD,0,ADX Trend Following,HIGH,5,80.7,309.89,3.68,0.0,5.52,0.0,0.0,2026-08-05,2.52,4.99,100.0,121.67,48.18,62.41,-4.2,9.5,4,2026-04-08 to 2026-07-24 (75 days),-1.0,62.9,0.2616,283.02,323.6,BEARISH,MEDIUM,Strong trend (ADX=33); Last surprise: +0.4%,7.17,-1.0,1.0,9,2026-08-05,0.42,0
2026-07-27T13:42:43,2026-07-27,PNFP,HOLD,0,ADX Trend Following,HIGH,5,79.68,102.6,4.18,0.0,9.0,0.0,0.0,2026-08-11,2.42,4.38,100.0,135.95,54.62,2.05,-5.67,15.2,4,2026-04-08 to 2026-07-24 (75 days),-1.0,58.5,0.2931,97.73,93.61,BULLISH,MEDIUM,Last surprise: +1.6%,6.4,-1.0,1.0,79,2026-10-14,1.63,0
2026-07-27T13:40:58,2026-07-27,IBM,BUY,1,Stochastic Oscillator,HIGH,5,78.04,214.19,12.0,188.49,18.0,252.74,5.94,2026-08-07,4.58,27.69,100.0,604.59,438.65,470.75,-3.63,11.7,3,2026-04-08 to 2026-07-24 (75 days),0.563,34.9,0.9935,260.07,269.64,BEARISH,HIGH,Strong trend (ADX=54); Last surprise: +0.0%; Size: Kelly 10.0% / VolTgt 1.9% / Blend 5.9%,1.89,-1.0,1.0,86,2026-10-21,0.0,0
2026-07-27T13:43:12,2026-07-27,CUBE,HOLD,0,VWAP Trend,MEDIUM,3,77.96,42.09,3.17,0.0,3.31,0.0,0.0,2026-07-29,2.61,8.28,85.7,450.83,37.76,-4.42,-2.86,2.3,7,2026-04-08 to 2026-07-24 (75 days),-1.0,60.5,0.2768,40.11,37.9,BULLISH,MEDIUM,Earnings in 3d (2026-07-30); Earnings conf adj: -2,6.77,-1.0,1.0,3,2026-07-30,,-2
2026-07-27T13:42:48,2026-07-27,TOL,HOLD,0,VWAP Trend,HIGH,6,77.93,149.87,4.71,0.0,4.1,0.0,0.0,2026-07-29,3.19,13.48,87.5,141.31,123.16,92.84,-3.03,2.4,8,2026-04-08 to 2026-07-24 (75 days),-1.0,49.8,0.3364,145.82,141.84,BULLISH,MEDIUM,Last surprise: +5.0%; Earnings conf adj: +1,5.57,-1.0,1.0,22,2026-08-18,5.02,1
2026-07-27T13:41:19,2026-07-27,MKC,HOLD,0,ADX Trend Following,HIGH,6,76.82,49.96,6.77,0.0,8.73,0.0,0.0,2026-08-02,2.32,4.6,80.0,6.82,58.34,55.95,-5.27,6.8,5,2026-04-08 to 2026-07-24 (75 days),-1.0,46.8,0.4253,48.8,57.94,BEARISH,HIGH,Last surprise: +14.3%; Earnings conf adj: +1,4.41,-1.0,1.0,71,2026-10-06,14.29,1
2026-07-27T13:43:35,2026-07-27,CVLT,HOLD,0,VWAP Trend,MEDIUM,3,76.65,142.31,6.27,0.0,10.77,0.0,0.0,2026-08-08,3.78,7.25,100.0,430.9,281.86,-357.98,-7.81,12.2,5,2026-04-08 to 2026-07-24 (75 days),-1.0,53.1,0.3917,129.29,116.15,BULLISH,MEDIUM,Strong trend (ADX=34); Earnings in 1d (2026-07-28); Earnings conf adj: -2,4.79,-1.0,1.0,1,2026-07-28,,-2
2026-07-27T13:41:04,2026-07-27,JPM,HOLD,0,MACD Crossover,HIGH,6,75.34,353.21,3.21,0.0,6.04,0.0,0.0,2026-08-09,2.2,3.85,100.0,94.53,34.62,-27.32,-2.54,13.7,3,2026-04-08 to 2026-07-24 (75 days),-1.0,68.6,0.2074,321.37,308.02,BULLISH,MEDIUM,Last surprise: +5.9%; Earnings conf adj: +1,9.04,-1.0,1.0,78,2026-10-13,5.86,1
2026-07-27T13:39:47,2026-07-27,ATO,HOLD,0,ADX Trend Following,HIGH,5,74.53,179.22,2.74,0.0,4.11,0.0,0.0,2026-08-02,2.0,3.83,100.0,71.86,24.78,40.72,-2.41,6.2,5,2026-04-08 to 2026-07-24 (75 days),-1.0,57.4,0.2137,173.85,174.96,BEARISH,MEDIUM,Strong trend (ADX=30); Last surprise: +1.8%,8.77,-1.0,1.0,9,2026-08-05,1.76,0
2026-07-27T13:43:02,2026-07-27,SPXC,HOLD,0,VWAP Trend,MEDIUM,3,73.79,220.07,6.74,0.0,4.7,0.0,0.0,2026-07-29,3.28,7.04,70.0,5.56,90.22,77.05,-4.15,2.0,10,2026-04-08 to 2026-07-24 (75 days),-1.0,48.2,0.4218,222.79,213.52,BULLISH,HIGH,Strong trend (ADX=31); Earnings in 3d (2026-07-30); Earnings conf adj: -2,4.45,-1.0,1.0,3,2026-07-30,,-2
2026-07-27T13:41:55,2026-07-27,SWK,HOLD,0,VWAP Trend,HIGH,4,73.78,91.26,5.27,0.0,5.05,0.0,0.0,2026-07-30,1.92,4.58,87.5,6.96,32.85,-105.28,-3.49,3.2,8,2026-04-08 to 2026-07-24 (75 days),-1.0,57.8,0.3586,83.8,76.16,BULLISH,MEDIUM,Earnings in 2d (2026-07-29); Last surprise: +35.6%; Earnings conf adj: -1,5.23,-1.0,1.0,2,2026-07-29,35.59,-1
2026-07-27T13:42:24,2026-07-27,CRS,HOLD,0,VWAP Trend,MEDIUM,3,73.03,603.69,7.36,0.0,4.38,0.0,0.0,2026-07-28,2.82,11.72,88.9,106.0,58.8,-164.73,-1.74,1.9,9,2026-04-08 to 2026-07-24 (75 days),-1.0,61.9,0.4037,534.52,397.84,BULLISH,HIGH,Earnings in 3d (2026-07-30); Last surprise: +4.9%; Earnings conf adj: -2,4.64,-1.0,1.0,3,2026-07-30,4.92,-2
2026-07-27T13:42:56,2026-07-27,DT,HOLD,0,VWAP Trend,HIGH,5,72.95,41.62,8.68,0.0,11.1,0.0,0.0,2026-08-05,1.86,2.87,85.7,9.21,94.03,41.96,-16.86,9.7,7,2026-04-08 to 2026-07-24 (75 days),-1.0,44.0,0.4525,42.06,41.41,BULLISH,HIGH,No special conditions,4.14,-1.0,1.0,9,2026-08-05,,0
2026-07-27T13:40:34,2026-07-27,EXC,HOLD,0,VWAP Trend,MEDIUM,3,72.73,47.53,3.09,0.0,2.55,0.0,0.0,2026-07-28,2.19,4.44,72.7,2.56,19.65,27.67,-1.89,1.8,11,2026-04-08 to 2026-07-24 (75 days),-1.0,57.3,0.2415,45.88,45.61,BULLISH,MEDIUM,Earnings in 3d (2026-07-30); Last surprise: +2.2%; Earnings conf adj: -2,7.76,-1.0,1.0,3,2026-07-30,2.25,-2
2026-07-27T13:41:39,2026-07-27,PM,HOLD,0,ADX Trend Following,HIGH,6,72.2,193.0,4.48,0.0,8.36,0.0,0.0,2026-08-05,2.0,3.72,100.0,118.7,46.1,-44.83,-10.01,9.8,4,2026-04-08 to 2026-07-24 (75 days),-1.0,59.7,0.3393,182.24,166.6,BULLISH,MEDIUM,Last surprise: +7.3%; Earnings conf adj: +1,5.53,-1.0,1.0,86,2026-10-21,7.32,1
2026-07-27T13:43:03,2026-07-27,DCI,HOLD,0,MACD Crossover,HIGH,5,71.71,92.79,3.19,0.0,4.79,0.0,0.0,2026-08-09,2.09,3.72,100.0,116.07,44.54,29.28,-4.04,13.8,4,2026-04-08 to 2026-07-24 (75 days),-1.0,64.9,0.2037,86.41,89.45,BEARISH,MEDIUM,Price at statistical extreme,9.2,-1.0,1.0,31,2026-08-27,,0
2026-07-27T13:40:44,2026-07-27,GEN,HOLD,0,VWAP Trend,HIGH,5,71.5,25.84,4.94,0.0,7.41,0.0,0.0,2026-08-02,4.35,33.51,100.0,308.52,168.82,-27.15,-2.18,6.8,4,2026-04-08 to 2026-07-24 (75 days),-1.0,52.1,0.3611,25.23,24.09,BULLISH,MEDIUM,Last surprise: +3.1%,5.19,-1.0,1.0,10,2026-08-06,3.08,0
2026-07-27T13:43:24,2026-07-27,PBF,HOLD,0,VWAP Trend,MEDIUM,3,71.32,61.63,11.11,0.0,5.75,0.0,0.0,2026-07-28,4.13,24.79,80.0,47.39,165.57,-82.19,-2.06,1.4,10,2026-04-08 to 2026-07-24 (75 days),-1.0,67.2,0.6173,46.63,38.49,BULLISH,HIGH,Strong trend (ADX=67); Earnings in 3d (2026-07-30); Earnings conf adj: -2,3.04,-1.0,1.0,3,2026-07-30,,-2
2026-07-27T13:43:50,2026-07-27,IRT,HOLD,0,VWAP Trend,HIGH,5,71.21,16.61,3.41,0.0,3.85,0.0,0.0,2026-07-31,2.86,5.55,66.7,7.72,49.3,9.28,-4.38,4.0,12,2026-04-08 to 2026-07-24 (75 days),-1.0,50.6,0.2447,16.47,16.12,BULLISH,MEDIUM,No special conditions,7.66,-1.0,1.0,7,2026-08-03,,0
2026-07-27T13:41:43,2026-07-27,PWR,HOLD,0,VWAP Trend,HIGH,4,70.82,625.84,5.37,0.0,4.56,0.0,0.0,2026-07-29,3.06,8.48,88.9,7.34,177.78,145.24,-5.4,2.4,9,2026-04-08 to 2026-07-24 (75 days),-1.0,38.9,0.3741,694.33,556.42,BULLISH,MEDIUM,Strong trend (ADX=34); Earnings in 3d (2026-07-30); Last surprise: +32.0%; Earnings conf adj: -1,5.01,-1.0,1.0,3,2026-07-30,32.02,-1
2026-07-27T13:40:32,2026-07-27,ES,HOLD,0,VWAP Trend,HIGH,4,70.06,74.91,2.89,0.0,2.9,0.0,0.0,2026-07-29,2.42,4.66,83.3,3.91,23.57,-7.88,-2.59,2.7,6,2026-04-08 to 2026-07-24 (75 days),-1.0,59.1,0.224,71.1,69.16,BULLISH,MEDIUM,Earnings in 3d (2026-07-30); Last surprise: +6.1%; Earnings conf adj: -1,8.37,-1.0,1.0,3,2026-07-30,6.13,-1
2026-07-27T13:43:09,2026-07-27,AYI,HOLD,0,VWAP Trend,HIGH,5,68.44,330.14,4.78,0.0,7.17,0.0,0.0,2026-08-11,1.87,2.59,100.0,133.29,52.15,-19.0,-8.44,15.2,4,2026-04-08 to 2026-07-24 (75 days),-1.0,50.7,0.3123,315.94,321.29,BEARISH,MEDIUM,No special conditions,6.0,-1.0,1.0,65,2026-09-30,,0
2026-07-27T13:42:57,2026-07-27,WBS,HOLD,0,VWAP Trend,HIGH,5,68.09,76.07,1.5,0.0,1.97,0.0,0.0,2026-07-30,1.95,3.87,70.0,2.43,15.19,-9.8,-1.84,3.3,10,2026-04-08 to 2026-07-24 (75 days),-1.0,53.2,0.1377,74.41,67.26,BULLISH,LOW,No special conditions,10.0,-1.0,1.0,87,2026-10-22,,0
2026-07-27T13:40:46,2026-07-27,GL,EXIT,-1,VWAP Trend,MEDIUM,2,67.65,173.48,3.86,180.18,3.55,167.32,8.22,2026-07-29,0.05,0.06,63.6,1.2,-0.04,-73.48,-6.64,2.4,11,2026-04-08 to 2026-07-24 (75 days),-1.0,45.4,0.2913,167.88,146.92,BULLISH,MEDIUM,Strong trend (ADX=51); Last surprise: -1.9%; Size: Kelly 10.0% / VolTgt 6.4% / Blend 8.2%,6.44,-1.0,1.0,86,2026-10-21,-1.9,0
2026-07-27T13:40:02,2026-07-27,CFG,HOLD,0,VWAP Trend,HIGH,5,66.87,71.88,3.82,0.0,3.95,0.0,0.0,2026-07-29,2.07,3.91,70.0,3.26,32.36,-21.61,-5.49,2.8,10,2026-04-08 to 2026-07-24 (75 days),-1.0,57.4,0.2998,67.12,60.44,BULLISH,MEDIUM,Last surprise: +4.0%,6.25,-1.0,1.0,81,2026-10-16,4.0,0
2026-07-27T13:40:53,2026-07-27,HOOD,HOLD,0,VWAP Trend,HIGH,4,66.79,94.91,12.0,0.0,15.27,0.0,0.0,2026-08-03,3.77,8.67,62.5,14.73,578.66,420.39,-12.32,7.2,8,2026-04-08 to 2026-07-24 (75 days),-1.0,42.4,0.7228,95.33,100.67,BEARISH,HIGH,Earnings in 2d (2026-07-29); Last surprise: +9.3%; Earnings conf adj: -1,2.59,-1.0,1.0,2,2026-07-29,9.3,-1
2026-07-27T13:43:24,2026-07-27,AVT,HOLD,0,ADX Trend Following,HIGH,5,66.77,89.42,6.34,0.0,16.19,0.0,0.0,2026-08-20,3.58,7.63,100.0,414.36,239.35,54.43,-8.11,24.7,3,2026-04-08 to 2026-07-24 (75 days),-1.0,56.4,0.4137,87.17,65.09,BULLISH,HIGH,No special conditions,4.53,-1.0,1.0,9,2026-08-05,,0
2026-07-27T13:42:42,2026-07-27,JAZZ,HOLD,0,ADX Trend Following,HIGH,6,66.47,253.87,4.43,0.0,13.1,0.0,0.0,2026-08-28,3.27,6.55,100.0,294.11,154.45,12.82,-5.72,32.7,3,2026-04-08 to 2026-07-24 (75 days),-1.0,62.7,0.2908,237.06,188.38,BULLISH,MEDIUM,Strong trend (ADX=37); Last surprise: +36.1%; Earnings conf adj: +1,6.45,-1.0,1.0,7,2026-08-03,36.05,1
2026-07-27T13:42:17,2026-07-27,WELL,HOLD,0,ADX Trend Following,MEDIUM,2,66.18,252.07,2.93,0.0,6.26,0.0,0.0,2026-08-09,4.09,8.28,80.0,17.97,117.08,11.54,-6.9,13.4,5,2026-04-08 to 2026-07-24 (75 days),-1.0,74.1,0.2171,221.56,201.45,BULLISH,MEDIUM,RSI overbought; Price at statistical extreme; Strong trend (ADX=54); EARNINGS TODAY (2026-07-27); Last surprise: +10.0%; Earnings conf adj: -3,8.64,-1.0,1.0,0,2026-07-27,10.0,-3
2026-07-27T13:43:10,2026-07-27,AAL,HOLD,0,VWAP Trend,HIGH,5,65.91,14.48,10.47,0.0,11.5,0.0,0.0,2026-08-04,3.81,8.14,71.4,7.54,331.68,206.83,-11.09,8.1,7,2026-04-08 to 2026-07-24 (75 days),-1.0,40.5,0.5132,15.15,13.64,BULLISH,HIGH,Strong trend (ADX=46),3.65,-1.0,1.0,87,2026-10-22,,0
2026-07-27T13:43:19,2026-07-27,IDA,HOLD,0,VWAP Trend,MEDIUM,2,65.83,148.57,3.01,0.0,2.54,0.0,0.0,2026-07-29,0.69,1.17,70.0,1.65,6.2,-1.34,-4.74,2.0,10,2026-04-08 to 2026-07-24 (75 days),-1.0,51.3,0.2278,145.01,137.15,BULLISH,MEDIUM,Earnings in 3d (2026-07-30); Earnings conf adj: -2,8.23,-1.0,1.0,3,2026-07-30,,-2
2026-07-27T13:42:01,2026-07-27,TPR,HOLD,0,ADX Trend Following,HIGH,6,65.77,142.6,5.03,0.0,6.6,0.0,0.0,2026-08-03,1.28,2.16,75.0,2.51,23.5,39.6,-5.04,7.0,4,2026-04-08 to 2026-07-24 (75 days),-1.0,50.5,0.3168,141.63,133.4,BULLISH,MEDIUM,Last surprise: +27.7%; Earnings conf adj: +1,5.92,-1.0,1.0,17,2026-08-13,27.69,1
2026-07-27T13:43:00,2026-07-27,BROS,HOLD,0,VWAP Trend,HIGH,5,65.11,64.0,9.11,0.0,11.05,0.0,0.0,2026-08-04,2.45,3.89,71.4,4.51,142.58,80.12,-14.37,8.3,7,2026-04-08 to 2026-07-24 (75 days),-1.0,46.4,0.487,62.27,57.28,BULLISH,HIGH,No special conditions,3.85,-1.0,1.0,9,2026-08-05,,0
2026-07-27T13:40:07,2026-07-27,CMS,EXIT,-1,VWAP Trend,MEDIUM,3,64.74,74.7,2.97,76.92,2.48,72.85,9.42,2026-07-29,1.43,2.89,66.7,2.55,14.22,28.7,-3.49,2.2,12,2026-04-08 to 2026-07-24 (75 days),-1.0,50.5,0.2122,74.04,73.35,BULLISH,MEDIUM,Earnings in 1d (2026-07-28); Last surprise: +2.7%; Earnings conf adj: -2; Size: Kelly 10.0% / VolTgt 8.8% / Blend 9.4%,8.84,-1.0,1.0,1,2026-07-28,2.73,-2
2026-07-27T13:40:26,2026-07-27,DVN,HOLD,0,VWAP Trend,HIGH,5,64.64,45.04,4.15,0.0,3.5,0.0,0.0,2026-07-29,1.35,2.13,71.4,3.24,13.16,30.15,-4.59,2.1,7,2026-04-08 to 2026-07-24 (75 days),-1.0,58.8,0.3071,44.21,41.17,BULLISH,MEDIUM,Strong trend (ADX=34); Last surprise: -4.6%,6.11,-1.0,1.0,8,2026-08-04,-4.59,0
2026-07-27T13:43:54,2026-07-27,EEFT,HOLD,0,VWAP Trend,MEDIUM,3,64.57,79.31,4.83,0.0,7.25,0.0,0.0,2026-08-06,2.1,3.43,71.4,4.47,80.26,12.74,-13.2,10.0,7,2026-04-08 to 2026-07-24 (75 days),-1.0,61.0,0.3285,71.54,73.29,BEARISH,MEDIUM,Earnings in 3d (2026-07-30); Earnings conf adj: -2,5.71,-1.0,1.0,3,2026-07-30,,-2
2026-07-27T13:43:21,2026-07-27,UGI,HOLD,0,ADX Trend Following,HIGH,5,64.35,37.33,2.29,0.0,3.44,0.0,0.0,2026-08-05,1.9,3.51,80.0,6.07,23.22,23.72,-3.53,9.6,5,2026-04-08 to 2026-07-24 (75 days),-1.0,68.4,0.1622,34.97,35.57,BEARISH,LOW,Strong trend (ADX=59),10.0,-1.0,1.0,9,2026-08-05,,0
2026-07-27T13:39:40,2026-07-27,ALL,HOLD,0,ADX Trend Following,HIGH,6,64.31,259.97,3.58,0.0,9.39,0.0,0.0,2026-08-10,3.82,6.69,100.0,257.69,122.56,18.88,-6.62,14.4,5,2026-04-08 to 2026-07-24 (75 days),-1.0,66.9,0.3143,230.11,210.92,BULLISH,MEDIUM,Strong trend (ADX=38); Last surprise: +47.1%; Earnings conf adj: +1,5.97,-1.0,1.0,9,2026-08-05,47.1,1
2026-07-27T13:43:46,2026-07-27,GEF,HOLD,0,VWAP Trend,MEDIUM,3,64.13,78.62,3.98,0.0,3.53,0.0,0.0,2026-07-29,2.18,5.06,80.0,10.73,18.33,-36.2,-1.8,2.8,5,2026-04-08 to 2026-07-24 (75 days),-1.0,70.3,0.2681,69.01,66.62,BULLISH,MEDIUM,RSI overbought; Price at statistical extreme; Earnings in 1d (2026-07-28); Earnings conf adj: -2,6.99,-1.0,1.0,1,2026-07-28,,-2
2026-07-27T13:43:03,2026-07-27,CYTK,HOLD,0,Stochastic Oscillator,HIGH,5,63.36,80.74,5.65,0.0,8.21,0.0,0.0,2026-08-05,2.63,8.17,100.0,298.26,148.81,47.77,-9.94,9.7,3,2026-04-08 to 2026-07-24 (75 days),-1.0,49.9,0.3348,78.33,67.46,BULLISH,MEDIUM,No special conditions,5.6,-1.0,1.0,10,2026-08-06,,0
2026-07-27T13:41:52,2026-07-27,SO,HOLD,0,Stochastic Oscillator,HIGH,4,63.08,97.25,2.8,0.0,4.2,0.0,0.0,2026-08-09,2.73,5.25,100.0,98.16,36.79,33.65,-1.89,13.0,3,2026-04-08 to 2026-07-24 (75 days),-1.0,57.3,0.2116,94.26,91.86,BULLISH,MEDIUM,Earnings in 3d (2026-07-30); Last surprise: +9.1%; Earnings conf adj: -1,8.86,-1.0,1.0,3,2026-07-30,9.09,-1
2026-07-27T13:43:07,2026-07-27,CART,HOLD,0,VWAP Trend,MEDIUM,3,63.06,42.21,5.54,0.0,5.26,0.0,0.0,2026-07-30,0.66,0.93,72.7,1.44,16.93,-7.35,-13.32,3.5,11,2026-04-08 to 2026-07-24 (75 days),-1.0,36.3,0.3571,43.71,40.81,BULLISH,MEDIUM,Price at statistical extreme,5.25,-1.0,1.0,10,2026-08-06,,0
2026-07-27T13:41:42,2026-07-27,PRU,HOLD,0,MACD Crossover,HIGH,6,62.53,119.96,2.99,0.0,7.95,0.0,0.0,2026-08-17,2.9,4.93,100.0,135.64,54.82,-63.74,-2.66,21.3,3,2026-04-08 to 2026-07-24 (75 days),-1.0,69.2,0.2187,108.34,103.28,BULLISH,MEDIUM,Strong trend (ADX=35); Last surprise: +16.5%; Earnings conf adj: +1,8.57,-1.0,1.0,8,2026-08-04,16.45,1
2026-07-27T13:43:21,2026-07-27,FAF,HOLD,0,VWAP Trend,HIGH,5,62.31,75.13,5.77,0.0,4.05,0.0,0.0,2026-07-28,2.83,5.75,70.0,4.65,36.94,-46.49,-2.58,1.6,10,2026-04-08 to 2026-07-24 (75 days),-1.0,64.7,0.407,68.09,64.18,BULLISH,HIGH,High volume; Price at statistical extreme,4.61,-1.0,1.0,86,2026-10-21,,0
2026-07-27T13:43:54,2026-07-27,ASH,HOLD,0,VWAP Trend,MEDIUM,3,62.25,66.4,4.3,0.0,3.32,0.0,0.0,2026-07-29,2.62,8.95,85.7,20.52,68.11,-12.46,-3.91,2.6,7,2026-04-08 to 2026-07-24 (75 days),-1.0,52.9,0.2617,62.56,57.1,BULLISH,MEDIUM,Earnings in 1d (2026-07-28); Earnings conf adj: -2,7.16,-1.0,1.0,1,2026-07-28,,-2
2026-07-27T13:43:35,2026-07-27,ESNT,EXIT,-1,ADX Trend Following,HIGH,5,62.19,65.75,2.97,67.7,8.91,59.89,8.82,2026-08-19,2.03,3.25,100.0,131.74,51.42,20.73,-7.14,23.0,3,2026-04-08 to 2026-07-24 (75 days),-1.0,60.2,0.245,61.37,61.04,BULLISH,MEDIUM,Size: Kelly 10.0% / VolTgt 7.7% / Blend 8.8%,7.65,-1.0,1.0,11,2026-08-07,,0
2026-07-27T13:43:08,2026-07-27,ZION,HOLD,0,VWAP Trend,HIGH,5,61.87,69.29,3.68,0.0,3.11,0.0,0.0,2026-07-29,2.09,3.66,70.0,2.89,24.68,-33.68,-2.81,2.1,10,2026-04-08 to 2026-07-24 (75 days),-1.0,50.7,0.273,66.34,59.23,BULLISH,MEDIUM,Strong trend (ADX=32),6.87,-1.0,1.0,84,2026-10-19,,0
2026-07-27T13:42:41,2026-07-27,OHI,HOLD,0,MACD Crossover,MEDIUM,3,61.79,51.72,2.69,0.0,6.72,0.0,0.0,2026-08-21,2.38,4.58,100.0,121.79,48.53,-15.03,-4.17,25.7,3,2026-04-08 to 2026-07-24 (75 days),-1.0,69.9,0.2186,47.51,44.66,BULLISH,MEDIUM,Price at statistical extreme; Strong trend (ADX=36); Earnings in 2d (2026-07-29); Last surprise: -2.0%; Earnings conf adj: -2,8.58,-1.0,1.0,2,2026-07-29,-2.04,-2
2026-07-27T13:43:50,2026-07-27,BDC,HOLD,0,VWAP Trend,MEDIUM,2,61.75,102.76,6.08,0.0,7.74,0.0,0.0,2026-08-03,0.63,0.84,71.4,1.53,16.52,63.18,-19.14,7.4,7,2026-04-08 to 2026-07-24 (75 days),-1.0,41.3,0.3613,109.54,118.45,BEARISH,MEDIUM,Strong trend (ADX=42); Earnings in 3d (2026-07-30); Earnings conf adj: -2,5.19,-1.0,1.0,3,2026-07-30,,-2
2026-07-27T13:40:16,2026-07-27,CVS,HOLD,0,ADX Trend Following,HIGH,6,61.71,107.74,3.47,0.0,9.6,0.0,0.0,2026-08-28,3.69,7.78,100.0,333.39,180.53,-24.87,-8.78,32.0,3,2026-04-08 to 2026-07-24 (75 days),-1.0,63.7,0.2156,99.5,82.61,BULLISH,MEDIUM,Last surprise: +16.3%; Earnings conf adj: +1,8.7,-1.0,1.0,9,2026-08-05,16.29,1
2026-07-27T13:40:38,2026-07-27,FE,HOLD,0,ADX Trend Following,MEDIUM,3,61.33,49.92,2.69,0.0,4.07,0.0,0.0,2026-08-02,1.34,1.99,80.0,2.89,12.28,18.53,-3.95,6.4,5,2026-04-08 to 2026-07-24 (75 days),-1.0,63.6,0.2044,47.04,46.83,BULLISH,MEDIUM,Price at statistical extreme; Strong trend (ADX=45); Earnings in 1d (2026-07-28); Last surprise: +0.0%; Earnings conf adj: -2,9.17,-1.0,1.0,1,2026-07-28,0.0,-2
2026-07-27T13:42:36,2026-07-27,OVV,HOLD,0,ADX Trend Following,HIGH,4,61.29,63.13,4.06,0.0,3.91,0.0,0.0,2026-07-31,1.62,2.41,80.0,2.98,31.33,-14.73,-8.32,4.0,5,2026-04-08 to 2026-07-24 (75 days),-1.0,74.4,0.248,56.48,48.44,BULLISH,MEDIUM,RSI overbought; High volume; Price at statistical extreme; Strong trend (ADX=49); Last surprise: -10.3%; Earnings conf adj: -1,7.56,-1.0,1.0,-4,2026-07-23,-10.31,-1
2026-07-27T13:41:29,2026-07-27,NSC,HOLD,0,EMA Crossover (9/21),HIGH,6,61.02,350.66,3.16,0.0,9.48,0.0,0.0,2026-08-20,2.0,3.76,100.0,144.0,58.06,-26.67,-6.36,24.7,3,2026-04-08 to 2026-07-24 (75 days),-1.0,73.2,0.2421,317.53,299.25,BULLISH,MEDIUM,RSI overbought; Price at statistical extreme; Strong trend (ADX=40); Last surprise: +6.0%; Earnings conf adj: +1,7.74,-1.0,1.0,87,2026-10-22,6.02,1
2026-07-27T13:40:46,2026-07-27,GM,HOLD,0,MACD Crossover,HIGH,6,60.99,82.64,4.4,0.0,5.89,0.0,0.0,2026-08-02,1.52,2.66,100.0,86.48,31.39,1.75,-5.66,6.0,4,2026-04-08 to 2026-07-24 (75 days),-1.0,61.6,0.3055,79.05,76.32,BULLISH,MEDIUM,Price at statistical extreme; Last surprise: +11.9%; Earnings conf adj: +1,6.14,-1.0,1.0,85,2026-10-20,11.91,1
2026-07-27T13:43:44,2026-07-27,IBOC,HOLD,0,VWAP Trend,HIGH,5,60.48,76.79,1.94,0.0,2.24,0.0,0.0,2026-07-29,2.66,5.57,75.0,4.0,19.08,-15.35,-1.86,2.1,8,2026-04-08 to 2026-07-24 (75 days),-1.0,56.3,0.1965,74.47,70.08,BULLISH,LOW,No special conditions,9.54,-1.0,1.0,10,2026-08-06,,0
2026-07-27T13:42:03,2026-07-27,TRV,HOLD,0,ADX Trend Following,HIGH,6,60.46,387.26,3.97,0.0,9.37,0.0,0.0,2026-08-05,3.0,8.0,100.0,203.95,87.72,-49.94,-4.23,9.5,4,2026-04-08 to 2026-07-24 (75 days),-1.0,80.9,0.3862,320.3,295.74,BULLISH,MEDIUM,RSI overbought; Price at statistical extreme; Strong trend (ADX=54); Last surprise: +86.3%; Earnings conf adj: +1,4.86,-1.0,1.0,80,2026-10-15,86.27,1
2026-07-27T13:41:26,2026-07-27,NEE,BUY,1,ADX Trend Following,HIGH,5,60.4,89.78,2.05,87.94,4.59,93.9,10.0,2026-08-08,1.16,2.06,100.0,47.06,15.23,28.1,-2.54,12.3,3,2026-04-08 to 2026-07-24 (75 days),0.484,58.0,0.1662,87.6,86.68,BULLISH,LOW,Last surprise: +3.6%; Size: Kelly 10.0% / VolTgt 10.0% / Blend 10.0%,10.0,-1.0,1.0,92,2026-10-27,3.6,0
2026-07-27T13:43:39,2026-07-27,CUZ,HOLD,0,ADX Trend Following,MEDIUM,3,60.4,32.15,3.27,0.0,8.18,0.0,0.0,2026-08-26,3.94,7.03,100.0,264.85,132.91,-112.67,-5.2,30.3,3,2026-04-08 to 2026-07-24 (75 days),-1.0,68.8,0.2149,28.71,25.36,BULLISH,MEDIUM,Strong trend (ADX=50); Earnings in 3d (2026-07-30); Earnings conf adj: -2,8.73,-1.0,1.0,3,2026-07-30,,-2
2026-07-27T13:43:33,2026-07-27,FBIN,HOLD,0,VWAP Trend,HIGH,5,60.34,51.27,8.26,0.0,12.39,0.0,0.0,2026-08-05,2.65,6.36,80.0,5.61,167.3,34.66,-7.67,9.2,5,2026-04-08 to 2026-07-24 (75 days),-1.0,58.8,0.595,44.0,47.19,BEARISH,HIGH,No special conditions,3.15,-1.0,1.0,8,2026-08-04,,0
2026-07-27T13:43:30,2026-07-27,MORN,HOLD,0,ADX Trend Following,MEDIUM,3,60.31,172.61,7.87,0.0,11.8,0.0,0.0,2026-08-13,1.99,3.25,100.0,195.42,86.18,85.48,-7.71,17.2,4,2026-04-08 to 2026-07-24 (75 days),-1.0,55.0,0.4617,170.19,188.6,BEARISH,HIGH,Earnings in 2d (2026-07-29); Earnings conf adj: -2,4.06,-1.0,1.0,2,2026-07-29,,-2
2026-07-27T13:42:40,2026-07-27,WCC,HOLD,0,ADX Trend Following,HIGH,4,60.27,332.48,7.11,0.0,15.86,0.0,0.0,2026-08-15,1.95,4.26,100.0,211.74,91.71,36.28,-9.4,19.3,3,2026-04-08 to 2026-07-24 (75 days),-1.0,49.0,0.4584,345.64,291.99,BULLISH,HIGH,Earnings in 3d (2026-07-30); Last surprise: +19.1%; Earnings conf adj: -1,4.09,-1.0,1.0,3,2026-07-30,19.08,-1
2026-07-27T13:39:55,2026-07-27,BRK-B,HOLD,0,Stochastic Oscillator,HIGH,5,60.04,494.93,1.61,0.0,2.42,0.0,0.0,2026-08-07,2.72,5.83,100.0,64.84,21.8,10.61,-2.64,11.3,3,2026-04-08 to 2026-07-24 (75 days),-1.0,53.4,0.1475,489.0,490.09,BEARISH,LOW,Earnings in 5d (2026-08-01); Last surprise: +4.2%,10.0,-1.0,1.0,5,2026-08-01,4.16,0
2026-07-27T13:41:54,2026-07-27,STT,HOLD,0,MACD Crossover,HIGH,6,59.9,185.4,4.04,0.0,5.74,0.0,0.0,2026-08-07,2.91,5.81,100.0,138.35,56.01,-135.19,-3.23,11.2,4,2026-04-08 to 2026-07-24 (75 days),-1.0,67.3,0.2178,167.84,136.84,BULLISH,MEDIUM,Strong trend (ADX=43); Last surprise: +9.3%; Earnings conf adj: +1,8.61,-1.0,1.0,81,2026-10-16,9.28,1
2026-07-27T13:39:59,2026-07-27,CBOE,HOLD,0,MACD Crossover,HIGH,6,59.85,285.07,5.6,0.0,10.73,0.0,0.0,2026-08-09,3.4,8.89,100.0,234.7,112.3,124.66,-4.03,13.3,3,2026-04-08 to 2026-07-24 (75 days),-1.0,57.8,0.3736,290.49,276.73,BULLISH,MEDIUM,Strong trend (ADX=35); Earnings in 4d (2026-07-31); Last surprise: +9.5%; Earnings conf adj: +1,5.02,-1.0,1.0,4,2026-07-31,9.47,1
2026-07-27T13:41:53,2026-07-27,SRE,HOLD,0,VWAP Trend,HIGH,5,59.62,92.98,2.49,0.0,2.31,0.0,0.0,2026-07-29,1.75,2.86,60.0,2.98,18.81,35.72,-2.81,2.5,10,2026-04-08 to 2026-07-24 (75 days),-1.0,51.9,0.1857,91.53,90.9,BULLISH,LOW,Last surprise: +0.0%,10.0,-1.0,1.0,10,2026-08-06,0.0,0
2026-07-27T13:43:43,2026-07-27,SAIC,BUY,1,VWAP Trend,HIGH,5,59.09,118.99,4.41,113.74,7.05,127.38,7.52,2026-08-01,3.54,10.73,80.0,60.1,138.18,39.62,-3.82,5.8,5,2026-04-08 to 2026-07-24 (75 days),0.556,63.7,0.3715,108.34,98.79,BULLISH,MEDIUM,Size: Kelly 10.0% / VolTgt 5.0% / Blend 7.5%,5.05,-1.0,1.0,38,2026-09-03,,0
2026-07-27T13:42:55,2026-07-27,AIT,HOLD,0,VWAP Trend,HIGH,5,59.02,347.06,3.64,0.0,2.99,0.0,0.0,2026-07-29,2.88,5.97,77.8,10.27,45.52,-61.51,-3.12,2.4,9,2026-04-08 to 2026-07-24 (75 days),-1.0,66.6,0.2447,322.82,282.41,BULLISH,MEDIUM,Strong trend (ADX=32),7.66,-1.0,1.0,17,2026-08-13,,0
2026-07-27T13:41:19,2026-07-27,MLM,HOLD,0,VWAP Trend,HIGH,4,58.92,559.6,4.09,0.0,5.33,0.0,0.0,2026-07-31,2.69,6.05,62.5,4.12,49.12,79.91,-3.05,4.0,8,2026-04-08 to 2026-07-24 (75 days),-1.0,44.5,0.3381,574.84,612.17,BEARISH,MEDIUM,Earnings in 3d (2026-07-30); Last surprise: +5.5%; Earnings conf adj: -1,5.55,-1.0,1.0,3,2026-07-30,5.46,-1
2026-07-27T13:40:40,2026-07-27,FLEX,HOLD,0,VWAP Trend,HIGH,4,58.87,118.51,12.0,0.0,12.11,0.0,0.0,2026-07-30,3.67,10.77,100.0,281.14,148.18,-267.95,-3.71,3.6,7,2026-04-08 to 2026-07-24 (75 days),-1.0,38.5,0.8103,141.54,86.83,BULLISH,HIGH,Strong trend (ADX=31); Earnings in 2d (2026-07-29); Last surprise: +5.7%; Earnings conf adj: -1,2.31,-1.0,1.0,2,2026-07-29,5.68,-1
2026-07-27T13:43:45,2026-07-27,SLM,HOLD,0,SMA Crossover (10/50),HIGH,5,58.43,24.29,5.01,0.0,7.51,0.0,0.0,2026-08-16,1.39,2.13,75.0,8.19,39.5,-11.78,-11.16,20.0,4,2026-04-08 to 2026-07-24 (75 days),-1.0,47.7,0.3358,23.4,24.32,BEARISH,MEDIUM,High volume,5.58,-1.0,1.0,87,2026-10-22,,0
2026-07-27T13:39:45,2026-07-27,APO,HOLD,0,VWAP Trend,HIGH,5,58.29,122.61,4.56,0.0,7.76,0.0,0.0,2026-08-06,1.26,2.07,85.7,26.62,33.56,-27.48,-8.43,10.9,7,2026-04-08 to 2026-07-24 (75 days),-1.0,50.9,0.2986,126.43,126.2,BULLISH,MEDIUM,Last surprise: +3.2%,6.28,-1.0,1.0,8,2026-08-04,3.19,0
2026-07-27T13:43:07,2026-07-27,SSB,BUY,1,MACD Crossover,HIGH,5,58.11,106.0,2.94,102.88,6.91,113.32,8.7,2026-08-08,1.83,3.27,75.0,10.79,31.13,-6.25,-4.08,12.0,4,2026-04-08 to 2026-07-24 (75 days),0.242,67.1,0.2534,97.71,95.34,BULLISH,MEDIUM,High volume; Price at statistical extreme; Size: Kelly 10.0% / VolTgt 7.4% / Blend 8.7%,7.4,-1.0,1.0,86,2026-10-21,,0
2026-07-27T13:40:46,2026-07-27,GIS,BUY,1,VWAP Trend,HIGH,6,57.99,36.03,6.65,33.63,9.35,39.4,6.95,2026-08-02,1.73,3.27,60.0,2.47,49.78,43.38,-7.37,6.1,10,2026-04-08 to 2026-07-24 (75 days),0.563,50.8,0.4807,34.41,39.94,BEARISH,HIGH,Last surprise: +18.7%; Earnings conf adj: +1; Size: Kelly 10.0% / VolTgt 3.9% / Blend 7.0%,3.9,-1.0,1.0,58,2026-09-23,18.75,1
2026-07-27T13:40:22,2026-07-27,DLTR,HOLD,0,MACD Crossover,HIGH,6,57.88,120.45,5.23,0.0,9.42,0.0,0.0,2026-08-07,1.33,2.91,80.0,2.83,64.22,7.79,-10.95,11.6,5,2026-04-08 to 2026-07-24 (75 days),-1.0,50.3,0.3513,112.78,112.5,BULLISH,MEDIUM,Strong trend (ADX=31); Last surprise: +13.0%; Earnings conf adj: +1,5.34,-1.0,1.0,37,2026-09-02,12.99,1
2026-07-27T13:39:58,2026-07-27,CARR,HOLD,0,VWAP Trend,HIGH,4,57.75,68.88,4.57,0.0,4.39,0.0,0.0,2026-07-31,3.41,11.85,71.4,9.23,92.1,11.19,-2.51,4.1,7,2026-04-08 to 2026-07-24 (75 days),-1.0,50.4,0.2756,68.1,60.31,BULLISH,MEDIUM,Earnings in 1d (2026-07-28); Last surprise: +11.8%; Earnings conf adj: -1,6.8,-1.0,1.0,1,2026-07-28,11.76,-1
2026-07-27T13:42:24,2026-07-27,ILMN,HOLD,0,MACD Crossover,HIGH,4,57.59,194.09,5.51,0.0,11.58,0.0,0.0,2026-08-10,3.11,5.84,100.0,237.51,115.15,-197.59,-7.54,14.8,4,2026-04-08 to 2026-07-24 (75 days),-1.0,61.4,0.3823,169.95,137.15,BULLISH,MEDIUM,Earnings in 3d (2026-07-30); Last surprise: +8.5%; Earnings conf adj: -1,4.91,-1.0,1.0,3,2026-07-30,8.49,-1
2026-07-27T13:43:18,2026-07-27,BIO,HOLD,0,MACD Crossover,HIGH,5,57.55,314.46,4.26,0.0,6.39,0.0,0.0,2026-08-10,1.63,2.82,100.0,101.66,38.4,-8.02,-11.77,14.0,3,2026-04-08 to 2026-07-24 (75 days),-1.0,64.2,0.2742,292.67,295.07,BEARISH,MEDIUM,Price at statistical extreme,6.84,-1.0,1.0,8,2026-08-04,,0
2026-07-27T13:40:06,2026-07-27,CINF,HOLD,0,Stochastic Oscillator,MEDIUM,2,57.36,182.81,3.94,0.0,5.91,0.0,0.0,2026-08-10,3.66,8.6,100.0,126.59,44.88,-4.9,-2.56,14.3,3,2026-04-08 to 2026-07-24 (75 days),-1.0,56.8,0.3541,172.37,163.47,BULLISH,MEDIUM,EARNINGS TODAY (2026-07-27); Last surprise: +8.2%; Earnings conf adj: -3,5.29,-1.0,1.0,0,2026-07-27,8.25,-3
2026-07-27T13:41:38,2026-07-27,PKG,HOLD,0,VWAP Trend,HIGH,5,57.29,254.39,4.8,0.0,5.0,0.0,0.0,2026-07-29,2.81,16.23,71.4,9.53,67.45,-25.74,-1.5,2.6,7,2026-04-08 to 2026-07-24 (75 days),-1.0,72.2,0.3934,226.14,214.3,BULLISH,MEDIUM,RSI overbought; High volume; Price at statistical extreme; Last surprise: +1.7%,4.77,-1.0,1.0,86,2026-10-21,1.73,0
2026-07-27T13:43:38,2026-07-27,SBRA,HOLD,0,VWAP Trend,HIGH,5,57.27,22.36,5.22,0.0,4.31,0.0,0.0,2026-07-28,1.42,2.55,75.0,2.75,23.15,-28.25,-9.1,1.8,12,2026-04-08 to 2026-07-24 (75 days),-1.0,75.3,0.4079,19.74,19.09,BULLISH,HIGH,RSI overbought; Price at statistical extreme; Strong trend (ADX=41),4.6,-1.0,1.0,7,2026-08-03,,0
2026-07-27T13:42:06,2026-07-27,TXN,HOLD,0,MACD Crossover,HIGH,6,57.23,279.58,9.78,0.0,4.84,0.0,0.0,2026-07-28,2.22,17.79,100.0,45.86,15.51,-158.97,-0.61,1.5,2,2026-04-08 to 2026-07-24 (75 days),-1.0,42.0,0.5019,300.91,222.76,BULLISH,HIGH,Last surprise: +10.3%; Earnings conf adj: +1,3.74,-1.0,1.0,-5,2026-07-22,10.31,1
2026-07-27T13:40:40,2026-07-27,FITB,HOLD,0,VWAP Trend,HIGH,5,56.86,57.41,3.57,0.0,2.66,0.0,0.0,2026-07-29,3.78,15.32,72.7,9.15,62.67,-8.92,-2.2,2.2,11,2026-04-08 to 2026-07-24 (75 days),-1.0,57.8,0.2281,53.37,48.16,BULLISH,MEDIUM,Strong trend (ADX=30); Last surprise: -1.2%,8.22,-1.0,1.0,84,2026-10-19,-1.19,0
2026-07-27T13:42:44,2026-07-27,NXT,HOLD,0,VWAP Trend,MEDIUM,3,56.84,100.03,12.0,0.0,8.11,0.0,0.0,2026-07-29,2.05,3.49,90.0,4.17,91.74,132.07,-12.38,2.1,10,2026-04-08 to 2026-07-24 (75 days),-1.0,39.6,0.7104,121.78,108.64,BULLISH,HIGH,Earnings in 3d (2026-07-30); Last surprise: +17.0%; Earnings conf adj: -2,2.64,-1.0,1.0,3,2026-07-30,17.02,-2
2026-07-27T13:40:53,2026-07-27,HPQ,HOLD,0,ADX Trend Following,HIGH,6,56.41,25.75,5.74,0.0,14.95,0.0,0.0,2026-08-22,1.97,3.97,100.0,288.14,146.88,-52.4,-20.52,26.0,3,2026-04-08 to 2026-07-24 (75 days),-1.0,61.9,0.3723,23.87,21.97,BULLISH,MEDIUM,Strong trend (ADX=30); Last surprise: +19.4%; Earnings conf adj: +1,5.04,-1.0,1.0,30,2026-08-26,19.44,1
2026-07-27T13:41:38,2026-07-27,PLD,HOLD,0,VWAP Trend,HIGH,6,56.21,147.63,3.78,0.0,3.14,0.0,0.0,2026-07-28,2.87,5.77,75.0,3.25,38.33,7.47,-3.56,1.9,12,2026-04-08 to 2026-07-24 (75 days),-1.0,56.7,0.2892,143.05,132.87,BULLISH,MEDIUM,Last surprise: +48.0%; Earnings conf adj: +1,6.48,-1.0,1.0,79,2026-10-14,48.0,1
2026-07-27T13:39:33,2026-07-27,ACGL,BUY,1,VWAP Trend,MEDIUM,3,55.98,103.36,3.42,99.83,6.32,109.89,8.22,2026-08-03,2.65,5.03,62.5,6.72,57.38,39.96,-4.39,7.6,8,2026-04-08 to 2026-07-24 (75 days),0.071,61.8,0.2912,95.63,94.51,BULLISH,MEDIUM,Earnings in 1d (2026-07-28); Last surprise: +1.6%; Earnings conf adj: -2; Size: Kelly 10.0% / VolTgt 6.4% / Blend 8.2%,6.44,-1.0,1.0,1,2026-07-28,1.63,-2
2026-07-27T13:41:55,2026-07-27,SW,HOLD,0,Multi-Factor Momentum MR,MEDIUM,2,55.96,48.56,8.26,0.0,16.52,0.0,0.0,2026-08-20,1.5,2.87,100.0,153.12,63.27,-3.31,-10.43,24.0,2,2026-04-08 to 2026-07-24 (75 days),-1.0,65.0,0.542,42.65,40.59,BULLISH,HIGH,High volume; Price at statistical extreme; Earnings in 2d (2026-07-29); Last surprise: -17.5%; Earnings conf adj: -3,3.46,-1.0,1.0,2,2026-07-29,-17.5,-3
2026-07-27T13:41:07,2026-07-27,KMB,HOLD,0,ADX Trend Following,HIGH,5,55.87,109.7,3.96,0.0,11.88,0.0,0.0,2026-08-25,1.55,2.47,100.0,114.96,44.39,-14.88,-7.16,29.7,3,2026-04-08 to 2026-07-24 (75 days),-1.0,55.5,0.2834,103.43,101.75,BULLISH,MEDIUM,Last surprise: +2.1%,6.62,-1.0,1.0,8,2026-08-04,2.07,0
2026-07-27T13:40:09,2026-07-27,COP,HOLD,0,VWAP Trend,HIGH,6,55.86,120.26,3.7,0.0,2.43,0.0,0.0,2026-07-28,3.19,13.33,66.7,6.83,30.53,41.16,-1.18,1.3,9,2026-04-08 to 2026-07-24 (75 days),-1.0,66.8,0.2711,114.04,106.07,BULLISH,MEDIUM,Strong trend (ADX=47); Last surprise: +11.8%; Earnings conf adj: +1,6.92,-1.0,1.0,10,2026-08-06,11.83,1
2026-07-27T13:43:37,2026-07-27,BKH,HOLD,0,ADX Trend Following,HIGH,5,55.36,75.29,3.09,0.0,6.97,0.0,0.0,2026-08-12,1.32,2.58,100.0,71.11,25.2,14.74,-5.6,16.7,3,2026-04-08 to 2026-07-24 (75 days),-1.0,55.2,0.2165,73.56,70.59,BULLISH,MEDIUM,No special conditions,8.66,-1.0,1.0,9,2026-08-05,,0
2026-07-27T13:42:27,2026-07-27,P,HOLD,0,Stochastic Oscillator,HIGH,6,55.02,74.56,10.87,0.0,16.3,0.0,0.0,2026-08-11,1.86,3.47,100.0,183.83,76.67,-8.2,-10.23,15.5,2,2026-04-08 to 2026-07-24 (75 days),-1.0,50.3,0.7009,76.14,74.72,BULLISH,HIGH,Last surprise: +17.5%; Earnings conf adj: +1,2.68,-1.0,1.0,30,2026-08-26,17.5,1
2026-07-27T13:42:35,2026-07-27,NBIX,HOLD,0,MACD Crossover,HIGH,4,55.0,175.77,4.27,0.0,7.47,0.0,0.0,2026-08-06,2.95,8.27,80.0,8.92,96.79,-60.67,-4.8,10.8,5,2026-04-08 to 2026-07-24 (75 days),-1.0,58.3,0.2888,165.31,144.89,BULLISH,MEDIUM,Earnings in 3d (2026-07-30); Last surprise: +14.1%; Earnings conf adj: -1,6.49,-1.0,1.0,3,2026-07-30,14.12,-1
2026-07-27T13:41:28,2026-07-27,NRG,HOLD,0,VWAP Trend,MEDIUM,2,54.81,141.03,5.55,0.0,7.83,0.0,0.0,2026-08-02,0.73,1.12,55.6,1.45,19.89,54.56,-16.85,6.3,9,2026-04-08 to 2026-07-24 (75 days),-1.0,54.6,0.3962,135.34,153.38,BEARISH,MEDIUM,Last surprise: -13.9%; Earnings conf adj: -1,4.73,-1.0,1.0,8,2026-08-04,-13.87,-1
2026-07-27T13:42:23,2026-07-27,FTI,HOLD,0,ADX Trend Following,HIGH,4,54.61,76.75,3.97,0.0,4.74,0.0,0.0,2026-07-31,2.9,16.64,66.7,11.99,31.35,5.69,-1.19,4.0,3,2026-04-08 to 2026-07-24 (75 days),-1.0,68.5,0.3009,69.82,59.06,BULLISH,MEDIUM,Strong trend (ADX=40); Earnings in 3d (2026-07-30); Last surprise: +14.3%; Earnings conf adj: -1,6.23,-1.0,1.0,3,2026-07-30,14.29,-1
2026-07-27T13:43:41,2026-07-27,OGS,HOLD,0,ADX Trend Following,HIGH,5,54.55,80.53,3.19,0.0,4.79,0.0,0.0,2026-08-07,1.43,2.56,100.0,47.58,15.77,44.87,-2.9,11.0,2,2026-04-08 to 2026-07-24 (75 days),-1.0,56.5,0.2352,78.89,80.97,BEARISH,MEDIUM,No special conditions,7.97,-1.0,1.0,8,2026-08-04,,0
2026-07-27T13:41:31,2026-07-27,NXPI,HOLD,0,VWAP Trend,MEDIUM,3,54.51,269.24,9.0,0.0,6.51,0.0,0.0,2026-07-30,2.41,7.17,80.0,4.84,224.83,65.75,-9.0,3.5,10,2026-04-08 to 2026-07-24 (75 days),-1.0,42.7,0.4421,294.93,239.05,BULLISH,HIGH,Earnings in 1d (2026-07-28); Last surprise: +2.3%; Earnings conf adj: -2,4.24,-1.0,1.0,1,2026-07-28,2.35,-2
2026-07-27T13:40:37,2026-07-27,FAST,HOLD,0,VWAP Trend,HIGH,5,53.99,47.02,4.75,0.0,2.77,0.0,0.0,2026-07-28,2.44,5.46,80.0,4.8,23.29,29.57,-1.57,1.9,10,2026-04-08 to 2026-07-24 (75 days),-1.0,55.2,0.255,45.77,43.95,BULLISH,MEDIUM,Last surprise: +0.0%,7.35,-1.0,1.0,79,2026-10-14,0.0,0
2026-07-27T13:42:21,2026-07-27,XEL,HOLD,0,Stochastic Oscillator,MEDIUM,3,53.67,81.67,2.87,0.0,4.3,0.0,0.0,2026-08-08,2.96,5.28,100.0,81.78,29.35,25.85,-2.44,12.0,2,2026-04-08 to 2026-07-24 (75 days),-1.0,58.8,0.2037,79.28,78.11,BULLISH,MEDIUM,Earnings in 3d (2026-07-30); Last surprise: +0.0%; Earnings conf adj: -2,9.21,-1.0,1.0,3,2026-07-30,0.0,-2
2026-07-27T13:41:18,2026-07-27,MET,HOLD,0,MACD Crossover,HIGH,6,53.66,94.83,2.81,0.0,6.73,0.0,0.0,2026-08-10,1.81,3.25,100.0,69.66,24.68,-110.46,-3.67,14.3,3,2026-04-08 to 2026-07-24 (75 days),-1.0,67.2,0.2259,86.8,78.63,BULLISH,MEDIUM,Strong trend (ADX=34); Last surprise: +6.6%; Earnings conf adj: +1,8.3,-1.0,1.0,9,2026-08-05,6.61,1
2026-07-27T13:41:48,2026-07-27,RVTY,HOLD,0,VWAP Trend,HIGH,4,53.49,110.47,4.84,0.0,4.63,0.0,0.0,2026-07-31,0.89,1.41,85.7,20.86,14.59,-84.3,-3.98,4.1,7,2026-04-08 to 2026-07-24 (75 days),-1.0,53.8,0.2906,104.32,98.26,BULLISH,MEDIUM,Last surprise: +5.0%,6.45,-1.0,1.0,8,2026-08-04,4.95,0
2026-07-27T13:42:53,2026-07-27,ALLY,HOLD,0,MACD Crossover,HIGH,5,53.46,42.92,4.41,0.0,7.53,0.0,0.0,2026-08-09,1.58,2.8,100.0,59.66,20.88,8.08,-4.08,13.0,2,2026-04-08 to 2026-07-24 (75 days),-1.0,38.4,0.2652,44.16,41.9,BULLISH,MEDIUM,High volume; Price at statistical extreme; Strong trend (ADX=31),7.07,-1.0,1.0,81,2026-10-16,,0
2026-07-27T13:40:08,2026-07-27,CNP,HOLD,0,Stochastic Oscillator,MEDIUM,3,53.29,44.56,2.91,0.0,4.37,0.0,0.0,2026-08-20,2.72,4.07,100.0,108.68,41.74,32.7,-4.13,24.0,2,2026-04-08 to 2026-07-24 (75 days),-1.0,58.2,0.2193,43.04,40.98,BULLISH,MEDIUM,Earnings in 1d (2026-07-28); Last surprise: +1.8%; Earnings conf adj: -2,8.55,-1.0,1.0,1,2026-07-28,1.82,-2
2026-07-27T13:40:54,2026-07-27,HST,HOLD,0,VWAP Trend,HIGH,6,53.21,24.5,3.3,0.0,2.77,0.0,0.0,2026-07-29,2.07,4.17,70.0,6.63,25.9,-112.54,-2.95,2.8,10,2026-04-08 to 2026-07-24 (75 days),-1.0,62.3,0.2106,23.12,19.07,BULLISH,MEDIUM,Last surprise: +118.2%; Earnings conf adj: +1,8.9,-1.0,1.0,9,2026-08-05,118.18,1
2026-07-27T13:41:32,2026-07-27,O,HOLD,0,VWAP Trend,HIGH,4,53.15,65.6,2.56,0.0,2.4,0.0,0.0,2026-07-28,2.65,11.17,75.0,6.95,20.93,-0.4,-1.04,1.8,8,2026-04-08 to 2026-07-24 (75 days),-1.0,62.9,0.2273,62.18,60.04,BULLISH,MEDIUM,Strong trend (ADX=39); Last surprise: -19.0%; Earnings conf adj: -1,8.25,-1.0,1.0,9,2026-08-05,-19.05,-1
2026-07-27T13:39:31,2026-07-27,ABBV,HOLD,0,ADX Trend Following,HIGH,5,53.08,259.36,3.26,0.0,8.86,0.0,0.0,2026-08-10,2.24,4.19,100.0,139.63,56.49,-54.26,-6.24,14.6,5,2026-04-08 to 2026-07-24 (75 days),-1.0,67.2,0.2943,231.93,220.64,BULLISH,MEDIUM,Strong trend (ADX=43); Earnings in 4d (2026-07-31); Last surprise: -0.7%,6.37,-1.0,1.0,4,2026-07-31,-0.75,0
2026-07-27T13:41:35,2026-07-27,PEG,HOLD,0,ADX Trend Following,HIGH,6,53.06,79.81,2.32,0.0,3.48,0.0,0.0,2026-08-07,1.67,2.45,66.7,4.41,28.48,37.24,-5.55,11.8,6,2026-04-08 to 2026-07-24 (75 days),-1.0,49.9,0.1843,79.31,79.96,BEARISH,LOW,Last surprise: +8.4%; Earnings conf adj: +1,10.0,-1.0,1.0,8,2026-08-04,8.39,1
2026-07-27T13:43:48,2026-07-27,ANF,HOLD,0,ADX Trend Following,HIGH,5,52.99,93.81,9.12,0.0,8.24,0.0,0.0,2026-08-01,2.45,5.29,60.0,16.81,84.26,108.99,-5.68,5.4,5,2026-04-08 to 2026-07-24 (75 days),-1.0,54.8,0.4505,85.2,90.13,BEARISH,HIGH,No special conditions,4.16,-1.0,1.0,30,2026-08-26,,0
2026-07-27T13:43:19,2026-07-27,ATR,BUY,1,MACD Crossover,MEDIUM,3,52.93,132.36,3.78,127.36,5.67,139.86,8.54,2026-08-12,2.45,4.65,66.7,5.7,53.11,50.87,-4.33,16.7,3,2026-04-08 to 2026-07-24 (75 days),0.877,64.1,0.2651,121.12,124.55,BEARISH,MEDIUM,Strong trend (ADX=40); Earnings in 3d (2026-07-30); Earnings conf adj: -2; Size: Kelly 10.0% / VolTgt 7.1% / Blend 8.5%,7.07,-1.0,1.0,3,2026-07-30,,-2
2026-07-27T13:42:47,2026-07-27,CRBG,HOLD,0,VWAP Trend,HIGH,5,52.88,31.29,3.71,0.0,8.4,0.0,0.0,2026-08-09,2.73,4.75,80.0,21.96,88.31,-35.79,-6.45,13.6,5,2026-04-08 to 2026-07-24 (75 days),-1.0,60.1,0.2892,28.7,28.29,BULLISH,MEDIUM,Last surprise: +1.9%,6.48,-1.0,1.0,8,2026-08-04,1.94,0
2026-07-27T13:43:54,2026-07-27,GPK,BUY,1,VWAP Trend,HIGH,5,52.88,11.02,5.83,10.38,6.96,11.79,7.7,2026-08-02,2.63,5.18,72.7,3.25,163.98,91.66,-14.3,6.5,11,2026-04-08 to 2026-07-24 (75 days),0.183,57.1,0.3469,10.52,12.55,BEARISH,MEDIUM,Size: Kelly 10.0% / VolTgt 5.4% / Blend 7.7%,5.41,-1.0,1.0,8,2026-08-04,,0
2026-07-27T13:40:13,2026-07-27,CRWD,HOLD,0,VWAP Trend,HIGH,5,52.72,183.28,11.39,0.0,13.24,0.0,0.0,2026-08-03,2.61,4.44,83.3,2.77,119.63,-412.94,-17.79,7.2,6,2026-04-08 to 2026-07-24 (75 days),-1.0,47.2,0.6265,177.91,131.2,BULLISH,HIGH,Last surprise: +3.7%,2.99,-1.0,1.0,36,2026-09-01,3.7,0
2026-07-27T13:41:12,2026-07-27,LNT,HOLD,0,VWAP Trend,MEDIUM,2,52.57,74.94,3.0,0.0,2.8,0.0,0.0,2026-07-29,0.73,1.25,75.0,1.63,4.84,-7.37,-3.3,2.6,8,2026-04-08 to 2026-07-24 (75 days),-1.0,50.4,0.2207,73.97,69.54,BULLISH,MEDIUM,Earnings in 3d (2026-07-30); Last surprise: +2.5%; Earnings conf adj: -2,8.49,-1.0,1.0,3,2026-07-30,2.5,-2
2026-07-27T13:42:57,2026-07-27,AFG,HOLD,0,VWAP Trend,HIGH,5,52.44,143.76,2.19,0.0,2.7,0.0,0.0,2026-07-30,1.01,1.85,66.7,4.76,6.8,-33.42,-2.46,3.5,6,2026-04-08 to 2026-07-24 (75 days),-1.0,62.8,0.1831,135.86,131.05,BULLISH,LOW,Price at statistical extreme,10.0,-1.0,1.0,8,2026-08-04,,0
2026-07-27T13:39:50,2026-07-27,BAC,HOLD,0,ADX Trend Following,HIGH,6,52.24,62.05,2.97,0.0,8.36,0.0,0.0,2026-08-21,3.91,7.0,100.0,191.79,82.16,-5.08,-4.18,25.7,3,2026-04-08 to 2026-07-24 (75 days),-1.0,68.6,0.2093,55.99,52.82,BULLISH,MEDIUM,Last surprise: +8.0%; Earnings conf adj: +1,8.96,-1.0,1.0,79,2026-10-14,8.04,1
2026-07-27T13:41:30,2026-07-27,NVDA,HOLD,0,ADX Trend Following,HIGH,6,52.1,206.84,5.51,0.0,10.2,0.0,0.0,2026-08-09,2.57,4.73,80.0,79.93,113.64,58.66,-10.44,13.2,5,2026-04-08 to 2026-07-24 (75 days),-1.0,51.1,0.3564,209.11,192.72,BULLISH,MEDIUM,Last surprise: +5.6%; Earnings conf adj: +1,5.26,-1.0,1.0,30,2026-08-26,5.65,1
2026-07-27T13:41:58,2026-07-27,TDG,HOLD,0,VWAP Trend,HIGH,5,51.83,1236.71,4.0,0.0,6.0,0.0,0.0,2026-08-04,1.6,2.63,71.4,2.72,39.63,34.85,-7.58,8.7,7,2026-04-08 to 2026-07-24 (75 days),-1.0,46.3,0.2599,1254.16,1281.09,BEARISH,MEDIUM,Strong trend (ADX=36); Last surprise: +4.0%,7.21,-1.0,1.0,8,2026-08-04,4.01,0
2026-07-27T13:39:36,2026-07-27,AEE,HOLD,0,Stochastic Oscillator,HIGH,4,51.8,113.78,2.76,0.0,4.14,0.0,0.0,2026-08-20,2.14,3.28,100.0,97.12,35.74,30.45,-5.57,24.0,2,2026-04-08 to 2026-07-24 (75 days),-1.0,55.3,0.2601,110.39,106.02,BULLISH,MEDIUM,Earnings in 3d (2026-07-30); Last surprise: +8.5%; Earnings conf adj: -1,7.21,-1.0,1.0,3,2026-07-30,8.47,-1
2026-07-27T13:40:10,2026-07-27,CPAY,HOLD,0,ADX Trend Following,HIGH,6,51.74,370.58,4.32,0.0,8.15,0.0,0.0,2026-08-09,1.68,3.9,75.0,3.28,60.95,-35.51,-7.33,13.8,4,2026-04-08 to 2026-07-24 (75 days),-1.0,59.3,0.2785,351.26,318.32,BULLISH,MEDIUM,Last surprise: +6.0%; Earnings conf adj: +1,6.73,-1.0,1.0,9,2026-08-05,6.03,1
2026-07-27T13:42:37,2026-07-27,NLY,HOLD,0,VWAP Trend,MEDIUM,3,51.73,22.45,2.33,0.0,2.21,0.0,0.0,2026-07-29,-0.24,-0.36,62.5,1.03,-2.55,-26.19,-5.56,2.1,8,2026-04-08 to 2026-07-24 (75 days),-1.0,51.6,0.1939,21.7,21.01,BULLISH,LOW,Strong trend (ADX=30); Last surprise: +5.3%; Earnings conf adj: +1,9.67,-1.0,1.0,86,2026-10-21,5.33,1
2026-07-27T13:41:51,2026-07-27,SMCI,BUY,1,VWAP Trend,HIGH,6,51.72,30.1,12.0,26.49,18.0,35.52,5.94,2026-08-06,3.85,10.39,83.3,11.68,1847.08,1710.34,-27.1,10.7,6,2026-04-08 to 2026-07-24 (75 days),0.294,52.4,0.9914,32.74,33.47,BEARISH,HIGH,Strong trend (ADX=37); Last surprise: +35.5%; Earnings conf adj: +1; Size: Kelly 10.0% / VolTgt 1.9% / Blend 5.9%,1.89,-1.0,1.0,15,2026-08-11,35.48,1
2026-07-27T13:41:41,2026-07-27,PNW,BUY,1,Stochastic Oscillator,HIGH,5,51.68,106.06,2.94,102.94,4.41,110.74,9.41,2026-08-06,1.21,1.91,100.0,43.28,12.55,-0.85,-2.23,10.3,3,2026-04-08 to 2026-07-24 (75 days),0.567,49.8,0.2125,104.06,96.1,BULLISH,MEDIUM,Last surprise: +550.0%; Size: Kelly 10.0% / VolTgt 8.8% / Blend 9.4%,8.82,-1.0,1.0,8,2026-08-04,550.0,0
2026-07-27T13:43:21,2026-07-27,AVTR,HOLD,0,VWAP Trend,MEDIUM,3,51.62,11.44,9.08,0.0,11.22,0.0,0.0,2026-08-04,2.64,4.86,55.6,4.67,178.44,-59.61,-12.23,8.2,9,2026-04-08 to 2026-07-24 (75 days),-1.0,65.8,0.4975,9.62,10.24,BEARISH,HIGH,Strong trend (ADX=30); Earnings in 2d (2026-07-29); Earnings conf adj: -2,3.77,-1.0,1.0,2,2026-07-29,,-2
2026-07-27T13:39:49,2026-07-27,AXON,BUY,1,Stochastic Oscillator,HIGH,5,51.58,502.34,11.53,444.42,17.29,589.19,6.28,2026-08-11,4.82,19.78,100.0,597.63,446.8,313.14,-3.03,15.5,2,2026-04-08 to 2026-07-24 (75 days),0.21,47.1,0.736,478.26,519.5,BEARISH,HIGH,Strong trend (ADX=30); Last surprise: +0.6%; Size: Kelly 10.0% / VolTgt 2.5% / Blend 6.3%,2.55,-1.0,1.0,9,2026-08-05,0.63,0
2026-07-27T13:40:49,2026-07-27,GPN,HOLD,0,VWAP Trend,HIGH,6,51.47,80.92,7.79,0.0,10.32,0.0,0.0,2026-08-03,2.39,3.88,66.7,4.48,114.69,1.84,-7.15,7.6,9,2026-04-08 to 2026-07-24 (75 days),-1.0,60.8,0.4752,71.8,74.04,BEARISH,HIGH,Strong trend (ADX=30); Last surprise: +5.3%; Earnings conf adj: +1,3.95,-1.0,1.0,9,2026-08-05,5.34,1
2026-07-27T13:43:35,2026-07-27,GXO,HOLD,0,ADX Trend Following,HIGH,5,51.33,52.71,5.63,0.0,8.45,0.0,0.0,2026-08-12,1.53,2.38,66.7,25.77,43.82,65.73,-5.7,16.0,3,2026-04-08 to 2026-07-24 (75 days),-1.0,53.9,0.3978,50.14,53.68,BEARISH,MEDIUM,No special conditions,4.71,-1.0,1.0,8,2026-08-04,,0
2026-07-27T13:43:55,2026-07-27,XRAY,HOLD,0,VWAP Trend,HIGH,5,51.29,12.93,9.58,0.0,12.56,0.0,0.0,2026-08-05,2.78,4.64,75.0,4.29,151.09,121.78,-9.47,9.4,8,2026-04-08 to 2026-07-24 (75 days),-1.0,58.3,0.5203,11.05,11.72,BEARISH,HIGH,Strong trend (ADX=41),3.6,-1.0,1.0,10,2026-08-06,,0
2026-07-27T13:43:07,2026-07-27,CFR,BUY,1,MACD Crossover,MEDIUM,3,51.22,164.23,2.1,160.78,5.25,172.85,10.0,2026-08-12,3.32,5.74,66.7,6.48,45.75,-18.59,-2.55,16.7,3,2026-04-08 to 2026-07-24 (75 days),0.675,71.7,0.1788,147.85,135.82,BULLISH,LOW,RSI overbought; Strong trend (ADX=39); Earnings in 3d (2026-07-30); Earnings conf adj: -2; Size: Kelly 10.0% / VolTgt 10.0% / Blend 10.0%,10.0,-1.0,1.0,3,2026-07-30,,-2
2026-07-27T13:40:28,2026-07-27,EG,HOLD,0,ADX Trend Following,HIGH,4,51.05,385.12,2.99,0.0,8.22,0.0,0.0,2026-08-11,2.56,4.99,75.0,13.35,53.84,-13.16,-3.64,15.5,4,2026-04-08 to 2026-07-24 (75 days),-1.0,66.1,0.265,351.51,334.05,BULLISH,MEDIUM,Earnings in 2d (2026-07-29); Last surprise: +15.2%; Earnings conf adj: -1,7.07,-1.0,1.0,2,2026-07-29,15.19,-1
2026-07-27T13:43:52,2026-07-27,RH,HOLD,0,VWAP Trend,HIGH,5,51.02,174.51,11.68,0.0,15.35,0.0,0.0,2026-08-07,3.03,7.79,75.0,10.25,216.44,-41.53,-8.89,11.2,4,2026-04-08 to 2026-07-24 (75 days),-1.0,55.1,0.5826,154.87,163.69,BEARISH,HIGH,No special conditions,3.22,-1.0,1.0,45,2026-09-10,,0
2026-07-27T13:43:02,2026-07-27,WTRG,HOLD,0,ADX Trend Following,HIGH,5,50.96,39.61,3.46,0.0,5.19,0.0,0.0,2026-08-08,1.16,2.0,75.0,2.66,20.49,23.37,-7.1,12.2,4,2026-04-08 to 2026-07-24 (75 days),-1.0,59.5,0.2447,37.85,38.5,BEARISH,MEDIUM,No special conditions,7.66,-1.0,1.0,8,2026-08-04,,0
2026-07-27T13:43:39,2026-07-27,ALK,HOLD,0,ADX Trend Following,HIGH,5,50.95,46.13,10.9,0.0,15.39,0.0,0.0,2026-08-18,1.71,3.17,100.0,227.25,108.21,44.45,-19.1,22.0,4,2026-04-08 to 2026-07-24 (75 days),-1.0,46.7,0.4168,45.95,45.81,BULLISH,HIGH,No special conditions,4.5,-1.0,1.0,87,2026-10-22,,0
2026-07-27T13:43:23,2026-07-27,CMC,BUY,1,Momentum (Rate of Change),HIGH,5,50.9,68.95,5.61,65.08,16.83,80.55,6.95,2026-08-29,2.34,4.39,100.0,209.83,85.0,56.82,-4.7,33.0,2,2026-04-08 to 2026-07-24 (75 days),0.516,54.8,0.4812,70.13,67.78,BULLISH,HIGH,Size: Kelly 10.0% / VolTgt 3.9% / Blend 7.0%,3.9,-1.0,1.0,80,2026-10-15,,0
2026-07-27T13:42:10,2026-07-27,USB,HOLD,0,ADX Trend Following,HIGH,5,50.85,63.97,2.88,0.0,8.16,0.0,0.0,2026-08-19,2.71,4.51,100.0,137.93,54.7,-13.72,-3.01,23.7,3,2026-04-08 to 2026-07-24 (75 days),-1.0,63.7,0.2129,58.29,53.39,BULLISH,MEDIUM,Strong trend (ADX=38); Last surprise: +4.7%,8.81,-1.0,1.0,80,2026-10-15,4.65,0
2026-07-27T13:42:08,2026-07-27,UNH,HOLD,0,VWAP Trend,HIGH,6,50.84,420.74,4.6,0.0,4.56,0.0,0.0,2026-07-31,3.7,18.07,66.7,12.68,85.62,-116.0,-2.35,4.3,6,2026-04-08 to 2026-07-24 (75 days),-1.0,51.6,0.2795,406.62,339.86,BULLISH,MEDIUM,Strong trend (ADX=37); Last surprise: +29.7%; Earnings conf adj: +1,6.71,-1.0,1.0,92,2026-10-27,29.67,1
2026-07-27T13:41:22,2026-07-27,MRNA,HOLD,0,VWAP Trend,HIGH,6,50.79,54.07,12.0,0.0,11.32,0.0,0.0,2026-07-29,1.26,2.46,62.5,1.92,59.9,46.43,-9.97,2.6,8,2026-04-08 to 2026-07-24 (75 days),-1.0,36.7,0.8918,57.7,44.14,BULLISH,HIGH,Strong trend (ADX=37); Earnings in 4d (2026-07-31); Last surprise: +70.2%; Earnings conf adj: +1,2.1,-1.0,1.0,4,2026-07-31,70.2,1
2026-07-27T13:43:14,2026-07-27,MANH,HOLD,0,Stochastic Oscillator,MEDIUM,3,50.71,151.67,9.5,0.0,14.25,0.0,0.0,2026-08-13,4.33,12.39,100.0,394.98,233.7,179.27,-4.74,17.5,2,2026-04-08 to 2026-07-24 (75 days),-1.0,50.8,0.5025,145.12,156.11,BEARISH,HIGH,Earnings in 1d (2026-07-28); Earnings conf adj: -2,3.73,-1.0,1.0,1,2026-07-28,,-2
2026-07-27T13:40:30,2026-07-27,EMR,HOLD,0,MACD Crossover,HIGH,4,50.65,147.94,4.19,0.0,6.96,0.0,0.0,2026-08-06,0.72,1.0,100.0,37.88,12.1,-2.64,-6.12,10.0,3,2026-04-08 to 2026-07-24 (75 days),-1.0,62.6,0.2795,140.4,138.37,BULLISH,MEDIUM,Price at statistical extreme; Last surprise: +0.7%,6.71,-1.0,1.0,8,2026-08-04,0.65,0
2026-07-27T13:40:43,2026-07-27,FTNT,HOLD,0,VWAP Trend,HIGH,4,50.61,152.37,6.44,0.0,7.9,0.0,0.0,2026-08-02,3.58,14.21,80.0,41.09,317.64,-357.46,-4.97,6.4,5,2026-04-08 to 2026-07-24 (75 days),-1.0,48.6,0.3967,146.57,98.81,BULLISH,MEDIUM,Strong trend (ADX=36); Earnings in 2d (2026-07-29); Last surprise: +32.3%; Earnings conf adj: -1,4.73,-1.0,1.0,2,2026-07-29,32.26,-1
2026-07-27T13:42:02,2026-07-27,TRGP,HOLD,0,VWAP Trend,HIGH,6,50.41,281.33,3.44,0.0,2.97,0.0,0.0,2026-07-29,2.43,5.78,77.8,5.26,29.78,-35.4,-2.46,2.0,9,2026-04-08 to 2026-07-24 (75 days),-1.0,57.4,0.2668,270.05,218.76,BULLISH,MEDIUM,Last surprise: +7.4%; Earnings conf adj: +1,7.03,-1.0,1.0,10,2026-08-06,7.39,1
2026-07-27T13:43:53,2026-07-27,OPCH,HOLD,0,EMA Crossover (9/21),MEDIUM,2,50.38,21.66,4.33,0.0,6.5,0.0,0.0,2026-08-10,0.88,1.52,100.0,40.21,13.73,77.4,-4.73,14.0,2,2026-04-08 to 2026-07-24 (75 days),-1.0,51.1,0.2976,21.21,27.79,BEARISH,MEDIUM,Earnings in 2d (2026-07-29); Earnings conf adj: -2,6.3,-1.0,1.0,2,2026-07-29,,-2
2026-07-27T13:43:40,2026-07-27,NOVT,HOLD,0,ADX Trend Following,HIGH,5,50.36,141.54,11.19,0.0,15.95,0.0,0.0,2026-08-13,1.75,3.56,100.0,206.56,92.99,29.16,-9.85,17.3,3,2026-04-08 to 2026-07-24 (75 days),-1.0,39.3,0.487,155.38,132.0,BULLISH,HIGH,Strong trend (ADX=34),3.85,-1.0,1.0,9,2026-08-05,,0
2026-07-27T13:42:58,2026-07-27,AHR,HOLD,0,MACD Crossover,HIGH,5,50.24,57.44,3.52,0.0,10.4,0.0,0.0,2026-08-19,2.57,4.65,100.0,201.56,86.51,4.38,-5.58,23.3,3,2026-04-08 to 2026-07-24 (75 days),-1.0,67.4,0.2735,50.88,48.64,BULLISH,MEDIUM,Strong trend (ADX=51),6.86,-1.0,1.0,10,2026-08-06,,0
2026-07-27T13:43:56,2026-07-27,OLN,HOLD,0,VWAP Trend,MEDIUM,3,50.17,23.2,8.54,0.0,6.26,0.0,0.0,2026-07-30,1.65,2.84,66.7,2.25,38.26,90.07,-9.19,3.0,9,2026-04-08 to 2026-07-24 (75 days),-1.0,55.5,0.4594,23.53,23.53,BULLISH,HIGH,Strong trend (ADX=37); Earnings in 3d (2026-07-30); Earnings conf adj: -2,4.08,-1.0,1.0,3,2026-07-30,,-2
2026-07-27T13:43:51,2026-07-27,PVH,HOLD,0,Stochastic Oscillator,HIGH,5,50.14,80.41,5.5,0.0,8.25,0.0,0.0,2026-08-18,3.41,7.27,100.0,276.44,131.33,156.24,-4.01,22.5,2,2026-04-08 to 2026-07-24 (75 days),-1.0,53.9,0.3153,80.87,76.47,BULLISH,MEDIUM,No special conditions,5.95,-1.0,1.0,29,2026-08-25,,0
2026-07-27T13:39:58,2026-07-27,CASY,EXIT,-1,Stochastic Oscillator,HIGH,6,50.05,861.63,5.07,905.31,7.61,796.06,7.42,2026-08-11,1.34,4.17,100.0,166.07,63.23,8.41,-6.18,15.5,2,2026-04-08 to 2026-07-24 (75 days),-1.0,56.3,0.3872,824.75,683.73,BULLISH,MEDIUM,Last surprise: +32.0%; Earnings conf adj: +1; Size: Kelly 10.0% / VolTgt 4.8% / Blend 7.4%,4.84,-1.0,1.0,44,2026-09-09,32.02,1
2026-07-27T13:41:49,2026-07-27,SBUX,HOLD,0,EMA Crossover (9/21),MEDIUM,3,50.02,103.25,4.08,0.0,8.16,0.0,0.0,2026-08-24,0.65,1.21,100.0,41.19,13.68,-11.57,-9.83,28.3,3,2026-04-08 to 2026-07-24 (75 days),-1.0,48.2,0.2357,102.52,93.54,BULLISH,MEDIUM,Earnings in 2d (2026-07-29); Last surprise: +13.6%; Earnings conf adj: -1,7.95,-1.0,1.0,2,2026-07-29,13.64,-1
2026-07-27T13:40:25,2026-07-27,DVA,HOLD,0,VWAP Trend,HIGH,6,50.01,235.44,3.88,0.0,2.64,0.0,0.0,2026-07-29,1.67,10.19,66.7,9.76,92.3,-288.76,-4.42,2.3,6,2026-04-08 to 2026-07-24 (75 days),-1.0,64.3,0.221,212.64,153.84,BULLISH,MEDIUM,Last surprise: +23.2%; Earnings conf adj: +1,8.48,-1.0,1.0,8,2026-08-04,23.18,1
2026-07-27T13:42:57,2026-07-27,FHN,HOLD,0,MACD Crossover,HIGH,4,49.62,25.53,3.46,0.0,5.18,0.0,0.0,2026-08-06,2.26,3.64,100.0,64.32,22.34,-2.21,-3.07,10.7,3,2026-04-08 to 2026-07-24 (75 days),-1.0,52.9,0.201,24.8,23.45,BULLISH,MEDIUM,No special conditions,9.33,-1.0,1.0,79,2026-10-14,,0
2026-07-27T13:40:41,2026-07-27,FOXA,HOLD,0,Stochastic Oscillator,HIGH,5,49.58,55.31,4.31,0.0,6.46,0.0,0.0,2026-08-25,2.77,5.74,100.0,229.52,103.64,128.79,-5.61,29.5,2,2026-04-08 to 2026-07-24 (75 days),-1.0,46.6,0.3437,59.05,62.85,BEARISH,MEDIUM,Last surprise: +36.1%; Earnings conf adj: +1,5.46,-1.0,1.0,10,2026-08-06,36.08,1
2026-07-27T13:41:44,2026-07-27,RCL,HOLD,0,ADX Trend Following,MEDIUM,3,49.42,293.54,4.81,0.0,9.0,0.0,0.0,2026-08-08,2.13,3.92,100.0,190.5,84.6,63.98,-10.22,12.5,4,2026-04-08 to 2026-07-24 (75 days),-1.0,51.8,0.3233,287.26,283.84,BULLISH,MEDIUM,Earnings in 1d (2026-07-28); Last surprise: +12.5%; Earnings conf adj: -1,5.8,-1.0,1.0,1,2026-07-28,12.5,-1
2026-07-27T13:42:15,2026-07-27,WAT,EXIT,-1,VWAP Trend,HIGH,5,49.24,374.68,4.7,392.29,3.21,362.65,8.41,2026-07-29,2.38,11.6,62.5,13.63,83.3,9.47,-4.02,2.2,8,2026-04-08 to 2026-07-24 (75 days),-1.0,53.2,0.2749,363.43,353.14,BULLISH,MEDIUM,Last surprise: +16.9%; Earnings conf adj: +1; Size: Kelly 10.0% / VolTgt 6.8% / Blend 8.4%,6.82,-1.0,1.0,8,2026-08-04,16.88,1
2026-07-27T13:40:33,2026-07-27,ETR,HOLD,0,EMA Crossover (9/21),MEDIUM,2,49.05,115.95,2.24,0.0,4.48,0.0,0.0,2026-08-14,1.17,1.85,100.0,35.56,11.49,5.51,-3.8,18.0,2,2026-04-08 to 2026-07-24 (75 days),-1.0,57.8,0.1806,112.32,103.07,BULLISH,LOW,Earnings in 2d (2026-07-29); Last surprise: +2.4%; Earnings conf adj: -2,10.0,-1.0,1.0,2,2026-07-29,2.38,-2
2026-07-27T13:42:29,2026-07-27,USFD,HOLD,0,VWAP Trend,LOW,1,48.9,97.17,4.63,0.0,3.79,0.0,0.0,2026-07-29,0.35,0.59,60.0,1.27,4.03,-17.87,-9.07,2.1,10,2026-04-08 to 2026-07-24 (75 days),-1.0,51.7,0.3318,91.77,85.62,BULLISH,MEDIUM,Strong trend (ADX=30); Last surprise: -3.7%,5.65,-1.0,1.0,10,2026-08-06,-3.7,0
2026-07-27T13:41:53,2026-07-27,SPG,BUY,1,Momentum (Rate of Change),MEDIUM,3,48.86,229.78,2.98,222.93,5.96,243.47,9.44,2026-09-13,2.22,3.41,100.0,133.57,52.66,-31.91,-4.19,48.0,2,2026-04-08 to 2026-07-24 (75 days),0.329,64.2,0.211,214.4,192.16,BULLISH,MEDIUM,Last surprise: -18.1%; Earnings conf adj: -1; Size: Kelly 10.0% / VolTgt 8.9% / Blend 9.4%,8.89,-1.0,1.0,14,2026-08-10,-18.12,-1
2026-07-27T13:41:23,2026-07-27,MRVL,EXIT,-1,52-Week High Momentum,HIGH,4,48.84,194.23,12.0,217.54,26.66,142.45,6.04,2026-08-10,3.52,7.61,100.0,924.56,1195.43,688.23,-16.74,14.2,4,2026-04-08 to 2026-07-24 (75 days),-1.0,39.1,0.8984,239.1,132.72,BULLISH,HIGH,Strong trend (ADX=35); Last surprise: +1.3%; Size: Kelly 10.0% / VolTgt 2.1% / Blend 6.0%,2.09,-1.0,1.0,31,2026-08-27,1.27,0
2026-07-27T13:43:22,2026-07-27,THG,EXIT,-1,ADX Trend Following,MEDIUM,2,48.76,218.11,3.43,225.59,6.86,203.15,8.6,2026-08-26,2.95,4.71,100.0,182.58,79.44,-21.24,-6.64,30.7,3,2026-04-08 to 2026-07-24 (75 days),-1.0,61.8,0.2606,202.41,182.41,BULLISH,MEDIUM,Earnings in 1d (2026-07-28); Earnings conf adj: -2; Size: Kelly 10.0% / VolTgt 7.2% / Blend 8.6%,7.19,-1.0,1.0,1,2026-07-28,,-2
2026-07-27T13:43:29,2026-07-27,CHE,HOLD,0,ADX Trend Following,MEDIUM,2,48.74,511.13,3.56,0.0,8.46,0.0,0.0,2026-08-19,2.87,6.78,100.0,212.25,97.63,-43.51,-5.4,23.0,3,2026-04-08 to 2026-07-24 (75 days),-1.0,71.0,0.224,456.9,432.75,BULLISH,MEDIUM,RSI overbought; Strong trend (ADX=44); Earnings in 1d (2026-07-28); Earnings conf adj: -2,8.37,-1.0,1.0,1,2026-07-28,,-2
2026-07-27T13:43:47,2026-07-27,KNF,HOLD,0,MACD Crossover,HIGH,4,48.69,78.06,8.08,0.0,13.55,0.0,0.0,2026-08-11,1.5,2.33,75.0,6.36,62.04,81.23,-12.38,15.2,4,2026-04-08 to 2026-07-24 (75 days),-1.0,43.7,0.4413,79.88,78.09,BULLISH,HIGH,No special conditions,4.25,-1.0,1.0,8,2026-08-04,,0
2026-07-27T13:40:33,2026-07-27,EVRG,HOLD,0,EMA Crossover (9/21),HIGH,5,48.55,87.18,2.08,0.0,6.24,0.0,0.0,2026-08-22,1.6,2.45,100.0,75.39,26.58,7.13,-4.49,26.3,3,2026-04-08 to 2026-07-24 (75 days),-1.0,58.4,0.1777,84.21,78.88,BULLISH,LOW,Last surprise: +13.1%; Earnings conf adj: +1,10.0,-1.0,1.0,10,2026-08-06,13.11,1
2026-07-27T13:43:18,2026-07-27,BAH,HOLD,0,MACD Crossover,HIGH,4,48.4,72.53,7.99,0.0,11.98,0.0,0.0,2026-08-13,2.1,5.01,100.0,172.42,71.47,102.79,-7.64,17.5,2,2026-04-08 to 2026-07-24 (75 days),-1.0,65.1,0.4613,70.35,80.5,BEARISH,HIGH,High volume; Price at statistical extreme,4.06,-1.0,1.0,88,2026-10-23,,0
2026-07-27T13:43:17,2026-07-27,AGCO,EXIT,-1,VWAP Trend,MEDIUM,2,48.33,121.21,4.49,126.65,3.46,117.02,8.02,2026-07-29,2.78,7.81,80.0,5.23,61.05,56.4,-2.6,2.0,10,2026-04-08 to 2026-07-24 (75 days),-1.0,63.0,0.3104,114.78,114.31,BULLISH,MEDIUM,Price at statistical extreme; Earnings in 3d (2026-07-30); Earnings conf adj: -2; Size: Kelly 10.0% / VolTgt 6.0% / Blend 8.0%,6.04,-1.0,1.0,3,2026-07-30,,-2
2026-07-27T13:40:03,2026-07-27,CHRW,HOLD,0,Stochastic Oscillator,MEDIUM,3,48.26,186.51,6.17,0.0,9.25,0.0,0.0,2026-08-15,4.37,12.78,100.0,250.16,113.83,81.64,-3.55,19.5,2,2026-04-08 to 2026-07-24 (75 days),-1.0,42.5,0.4268,186.08,170.13,BULLISH,HIGH,High volume; Strong trend (ADX=56); Earnings in 2d (2026-07-29); Last surprise: +9.8%; Earnings conf adj: -1,4.39,-1.0,1.0,2,2026-07-29,9.76,-1
2026-07-27T13:43:50,2026-07-27,HGV,HOLD,0,VWAP Trend,MEDIUM,2,48.23,48.89,5.11,0.0,4.22,0.0,0.0,2026-07-29,1.78,3.66,63.6,2.18,37.75,-16.35,-5.61,2.4,11,2026-04-08 to 2026-07-24 (75 days),-1.0,44.4,0.3456,50.3,45.61,BULLISH,MEDIUM,Earnings in 3d (2026-07-30); Earnings conf adj: -2,5.43,-1.0,1.0,3,2026-07-30,,-2
2026-07-27T13:43:10,2026-07-27,DOCU,HOLD,0,VWAP Trend,HIGH,4,48.22,50.44,9.61,0.0,9.55,0.0,0.0,2026-08-01,2.65,4.81,70.0,4.66,154.05,114.21,-11.88,5.8,10,2026-04-08 to 2026-07-24 (75 days),-1.0,55.7,0.5037,47.82,55.05,BEARISH,HIGH,No special conditions,3.72,-1.0,1.0,38,2026-09-03,,0
2026-07-27T13:40:14,2026-07-27,CTAS,HOLD,0,ADX Trend Following,HIGH,4,47.9,205.91,4.2,0.0,6.3,0.0,0.0,2026-08-09,1.97,4.12,66.7,4.38,49.19,-27.84,-5.31,13.3,3,2026-04-08 to 2026-07-24 (75 days),-1.0,72.1,0.3662,178.73,183.85,BEARISH,MEDIUM,RSI overbought; Strong trend (ADX=52); Last surprise: +2.4%,5.12,-1.0,1.0,58,2026-09-23,2.44,0
2026-07-27T13:42:15,2026-07-27,WDAY,HOLD,0,Stochastic Oscillator,HIGH,5,47.89,135.34,12.0,0.0,18.0,0.0,0.0,2026-08-29,2.65,4.83,100.0,420.59,257.61,203.38,-11.22,33.0,2,2026-04-08 to 2026-07-24 (75 days),-1.0,50.0,0.6351,132.73,167.51,BEARISH,HIGH,Last surprise: +5.6%; Earnings conf adj: +1,2.95,-1.0,1.0,24,2026-08-20,5.56,1
2026-07-27T13:40:01,2026-07-27,CDW,HOLD,0,Stochastic Oscillator,HIGH,4,47.88,133.82,7.73,0.0,11.6,0.0,0.0,2026-08-07,3.86,22.37,100.0,401.6,213.46,190.64,-3.19,11.0,2,2026-04-08 to 2026-07-24 (75 days),-1.0,51.3,0.4525,127.83,131.92,BEARISH,HIGH,Strong trend (ADX=31); Last surprise: -0.4%,4.14,-1.0,1.0,9,2026-08-05,-0.44,0
2026-07-27T13:42:31,2026-07-27,MTSI,HOLD,0,ADX Trend Following,HIGH,4,47.64,266.99,12.0,0.0,27.79,0.0,0.0,2026-08-26,2.6,4.32,100.0,385.41,206.97,176.62,-15.69,30.5,2,2026-04-08 to 2026-07-24 (75 days),-1.0,33.4,0.639,349.35,244.4,BULLISH,HIGH,Strong trend (ADX=45); Last surprise: +1.9%,2.93,-1.0,1.0,10,2026-08-06,1.87,0
2026-07-27T13:42:26,2026-07-27,WWD,HOLD,0,Stochastic Oscillator,MEDIUM,3,47.5,419.0,4.73,0.0,7.1,0.0,0.0,2026-08-30,2.19,4.23,100.0,202.74,85.05,62.4,-10.55,34.5,2,2026-04-08 to 2026-07-24 (75 days),-1.0,59.5,0.2928,389.79,344.41,BULLISH,MEDIUM,Earnings in 2d (2026-07-29); Last surprise: +8.6%; Earnings conf adj: -1,6.4,-1.0,1.0,2,2026-07-29,8.61,-1
2026-07-27T13:42:32,2026-07-27,RBC,HOLD,0,VWAP Trend,MEDIUM,2,47.23,595.07,4.02,0.0,3.45,0.0,0.0,2026-07-29,-0.12,-0.16,71.4,0.99,-4.31,-13.09,-10.95,2.9,7,2026-04-08 to 2026-07-24 (75 days),-1.0,49.0,0.2575,597.18,524.79,BULLISH,MEDIUM,Strong trend (ADX=30); Earnings in 4d (2026-07-31); Last surprise: +9.0%; Earnings conf adj: +1,7.28,-1.0,1.0,4,2026-07-31,9.04,1
2026-07-27T13:42:42,2026-07-27,DINO,HOLD,0,Stochastic Oscillator,MEDIUM,3,47.07,88.3,4.98,0.0,7.47,0.0,0.0,2026-08-09,4.36,8.93,100.0,321.34,167.12,-156.78,-4.92,13.0,3,2026-04-08 to 2026-07-24 (75 days),-1.0,70.8,0.3661,73.8,59.0,BULLISH,MEDIUM,RSI overbought; Strong trend (ADX=68); Earnings in 1d (2026-07-28); Last surprise: +1480.0%; Earnings conf adj: -1,5.12,-1.0,1.0,1,2026-07-28,1480.0,-1
2026-07-27T13:42:48,2026-07-27,BTSG,HOLD,0,VWAP Trend,HIGH,5,47.04,72.91,5.67,0.0,4.72,0.0,0.0,2026-07-30,3.11,8.78,66.7,15.24,105.6,-263.48,-3.92,3.5,6,2026-04-08 to 2026-07-24 (75 days),-1.0,64.8,0.3207,64.79,45.63,BULLISH,MEDIUM,Price at statistical extreme; Earnings in 4d (2026-07-31); Last surprise: +25.8%; Earnings conf adj: +1,5.85,-1.0,1.0,4,2026-07-31,25.81,1
2026-07-27T13:41:45,2026-07-27,RJF,EXIT,-1,ADX Trend Following,MEDIUM,2,47.01,169.3,3.55,175.31,5.32,160.29,8.82,2026-08-09,0.44,0.58,60.0,1.45,6.63,-54.04,-9.72,13.0,5,2026-04-08 to 2026-07-24 (75 days),-1.0,63.7,0.2452,156.48,156.94,BEARISH,MEDIUM,Last surprise: +7.9%; Earnings conf adj: +1; Size: Kelly 10.0% / VolTgt 7.7% / Blend 8.8%,7.65,-1.0,1.0,-5,2026-07-22,7.9,1
2026-07-27T13:41:05,2026-07-27,KEY,HOLD,0,VWAP Trend,HIGH,4,47.0,22.65,3.19,0.0,2.8,0.0,0.0,2026-07-29,2.18,4.54,71.4,5.37,26.49,-1.2,-2.91,2.7,7,2026-04-08 to 2026-07-24 (75 days),-1.0,45.8,0.2162,22.33,20.41,BULLISH,MEDIUM,Last surprise: +4.8%,8.67,-1.0,1.0,85,2026-10-20,4.76,0
2026-07-27T13:43:32,2026-07-27,PSN,HOLD,0,Stochastic Oscillator,MEDIUM,2,46.96,58.73,7.54,0.0,11.31,0.0,0.0,2026-08-20,2.44,4.91,100.0,248.74,115.73,111.38,-8.99,24.5,2,2026-04-08 to 2026-07-24 (75 days),-1.0,60.3,0.4571,55.06,64.31,BEARISH,HIGH,Strong trend (ADX=40); Earnings in 2d (2026-07-29); Earnings conf adj: -2,4.1,-1.0,1.0,2,2026-07-29,,-2
2026-07-27T13:43:01,2026-07-27,RYAN,HOLD,0,VWAP Trend,MEDIUM,2,46.75,41.75,7.57,0.0,11.36,0.0,0.0,2026-08-05,2.55,4.9,71.4,7.74,142.47,55.93,-8.62,9.7,7,2026-04-08 to 2026-07-24 (75 days),-1.0,59.8,0.5309,36.27,43.22,BEARISH,HIGH,Strong trend (ADX=32); Earnings in 3d (2026-07-30); Earnings conf adj: -2,3.53,-1.0,1.0,3,2026-07-30,,-2
2026-07-27T13:41:21,2026-07-27,MRK,HOLD,0,Stochastic Oscillator,HIGH,5,46.61,131.07,3.87,0.0,5.8,0.0,0.0,2026-08-19,3.4,8.48,100.0,197.88,86.38,59.78,-2.53,23.0,2,2026-04-08 to 2026-07-24 (75 days),-1.0,62.2,0.3165,120.73,109.23,BULLISH,MEDIUM,Last surprise: +12.9%; Earnings conf adj: +1,5.92,-1.0,1.0,8,2026-08-04,12.93,1
2026-07-27T13:41:48,2026-07-27,ROST,HOLD,0,Stochastic Oscillator,HIGH,5,46.55,238.89,3.6,0.0,5.4,0.0,0.0,2026-08-11,3.14,9.41,100.0,182.1,77.73,53.28,-4.21,15.0,2,2026-04-08 to 2026-07-24 (75 days),-1.0,62.9,0.2441,225.41,199.36,BULLISH,MEDIUM,Strong trend (ADX=34); Last surprise: +16.8%; Earnings conf adj: +1,7.68,-1.0,1.0,24,2026-08-20,16.76,1
2026-07-27T13:43:45,2026-07-27,CBT,HOLD,0,VWAP Trend,HIGH,4,46.42,90.15,4.28,0.0,4.12,0.0,0.0,2026-07-29,1.08,2.13,88.9,12.33,19.51,-59.85,-5.54,2.3,9,2026-04-08 to 2026-07-24 (75 days),-1.0,55.6,0.345,86.55,74.17,BULLISH,MEDIUM,No special conditions,5.43,-1.0,1.0,7,2026-08-03,,0
2026-07-27T13:39:57,2026-07-27,BXP,HOLD,0,ADX Trend Following,MEDIUM,3,46.11,69.11,3.73,0.0,7.46,0.0,0.0,2026-08-27,3.23,5.4,100.0,245.3,118.54,-45.05,-5.33,31.3,3,2026-04-08 to 2026-07-24 (75 days),-1.0,59.4,0.2642,64.22,62.61,BULLISH,MEDIUM,Earnings in 1d (2026-07-28); Last surprise: +96.4%; Earnings conf adj: -1,7.1,-1.0,1.0,1,2026-07-28,96.43,-1
2026-07-27T13:43:21,2026-07-27,NFG,HOLD,0,ADX Trend Following,LOW,0,46.04,82.49,2.92,0.0,4.38,0.0,0.0,2026-08-03,0.36,0.65,66.7,1.38,2.97,40.93,-3.99,7.3,3,2026-04-08 to 2026-07-24 (75 days),-1.0,62.4,0.2247,78.65,82.69,BEARISH,MEDIUM,Strong trend (ADX=67); Earnings in 2d (2026-07-29); Earnings conf adj: -2,7.0,-1.0,1.0,2,2026-07-29,,-2
2026-07-27T13:43:16,2026-07-27,PB,HOLD,0,ADX Trend Following,MEDIUM,2,45.95,73.15,2.97,0.0,5.94,0.0,0.0,2026-08-07,1.38,2.0,80.0,5.05,19.42,-8.91,-5.29,11.2,5,2026-04-08 to 2026-07-24 (75 days),-1.0,55.4,0.2273,70.65,68.41,BULLISH,MEDIUM,Earnings in 2d (2026-07-29); Earnings conf adj: -2,8.25,-1.0,1.0,2,2026-07-29,,-2
2026-07-27T13:41:14,2026-07-27,LUV,HOLD,0,MACD Crossover,HIGH,5,45.86,45.08,5.43,0.0,9.49,0.0,0.0,2026-08-10,1.17,2.2,75.0,1.96,31.47,-15.95,-10.36,14.5,4,2026-04-08 to 2026-07-24 (75 days),-1.0,39.7,0.3165,45.5,41.16,BULLISH,MEDIUM,Price at statistical extreme; Strong trend (ADX=32); Last surprise: +80.8%; Earnings conf adj: +1,5.93,-1.0,1.0,86,2026-10-21,80.77,1
2026-07-27T13:43:15,2026-07-27,VOYA,HOLD,0,MACD Crossover,HIGH,4,45.8,98.59,2.96,0.0,6.27,0.0,0.0,2026-08-12,1.62,3.09,100.0,50.05,17.11,-216.49,-3.1,16.5,2,2026-04-08 to 2026-07-24 (75 days),-1.0,63.8,0.1961,89.92,76.79,BULLISH,LOW,Strong trend (ADX=39),9.56,-1.0,1.0,8,2026-08-04,,0
2026-07-27T13:41:00,2026-07-27,IQV,HOLD,0,Stochastic Oscillator,MEDIUM,2,45.76,208.05,4.59,0.0,6.88,0.0,0.0,2026-08-19,3.26,9.13,100.0,348.65,189.4,100.26,-9.35,23.0,2,2026-04-08 to 2026-07-24 (75 days),-1.0,61.3,0.3182,187.58,196.6,BEARISH,MEDIUM,Strong trend (ADX=30); Earnings in 1d (2026-07-28); Last surprise: +2.8%; Earnings conf adj: -2,5.89,-1.0,1.0,1,2026-07-28,2.84,-2
2026-07-27T13:43:42,2026-07-27,FFIN,HOLD,0,Multi-Factor Momentum MR,HIGH,4,45.73,34.68,3.12,0.0,9.36,0.0,0.0,2026-08-27,1.48,2.23,100.0,77.81,28.29,-18.17,-5.48,31.5,2,2026-04-08 to 2026-07-24 (75 days),-1.0,52.7,0.26,33.44,31.68,BULLISH,MEDIUM,No special conditions,7.21,-1.0,1.0,87,2026-10-22,,0
2026-07-27T13:39:50,2026-07-27,BAX,HOLD,0,ADX Trend Following,MEDIUM,3,45.64,22.4,7.26,0.0,12.07,0.0,0.0,2026-08-09,2.21,3.36,80.0,4.43,88.73,-55.61,-8.8,13.2,5,2026-04-08 to 2026-07-24 (75 days),-1.0,56.2,0.422,20.5,19.5,BULLISH,HIGH,Earnings in 3d (2026-07-30); Last surprise: +16.1%; Earnings conf adj: -1,4.44,-1.0,1.0,3,2026-07-30,16.13,-1
2026-07-27T13:43:20,2026-07-27,HQY,HOLD,0,VWAP Trend,HIGH,4,45.59,94.64,4.17,0.0,10.31,0.0,0.0,2026-08-10,1.37,2.21,66.7,4.91,45.77,-17.48,-9.94,14.7,6,2026-04-08 to 2026-07-24 (75 days),-1.0,53.9,0.3414,89.77,88.3,BULLISH,MEDIUM,No special conditions,5.49,-1.0,1.0,36,2026-09-01,,0
2026-07-27T13:40:17,2026-07-27,DAL,HOLD,0,VWAP Trend,HIGH,4,45.34,85.06,4.64,0.0,3.5,0.0,0.0,2026-07-29,2.66,7.04,66.7,7.04,19.99,-97.22,-1.28,2.8,6,2026-04-08 to 2026-07-24 (75 days),-1.0,49.5,0.2656,82.83,69.8,BULLISH,MEDIUM,Last surprise: +4.7%,7.06,-1.0,1.0,73,2026-10-08,4.7,0
2026-07-27T13:41:11,2026-07-27,LIN,BUY,1,Stochastic Oscillator,MEDIUM,3,45.3,512.28,2.91,497.37,4.37,534.67,9.24,2026-08-03,0.99,2.05,100.0,29.3,7.43,-2.0,-1.87,7.5,2,2026-04-08 to 2026-07-24 (75 days),0.671,46.8,0.2211,514.65,470.74,BULLISH,MEDIUM,Earnings in 4d (2026-07-31); Last surprise: +1.4%; Size: Kelly 10.0% / VolTgt 8.5% / Blend 9.2%,8.48,-1.0,1.0,4,2026-07-31,1.41,0
2026-07-27T13:40:56,2026-07-27,IBKR,HOLD,0,52-Week High Momentum,HIGH,5,45.28,91.74,7.59,0.0,22.77,0.0,0.0,2026-09-14,1.68,2.81,100.0,173.83,71.67,-54.0,-10.1,49.5,2,2026-04-08 to 2026-07-24 (75 days),-1.0,49.3,0.4569,89.91,75.44,BULLISH,HIGH,Last surprise: +7.8%; Earnings conf adj: +1,4.1,-1.0,1.0,85,2026-10-20,7.81,1
2026-07-27T13:42:56,2026-07-27,GGG,BUY,1,ADX Trend Following,HIGH,4,45.26,79.5,3.44,76.77,5.16,83.6,8.25,2026-08-06,1.04,2.14,66.7,6.62,15.62,42.79,-4.32,10.0,3,2026-04-08 to 2026-07-24 (75 days),0.504,66.2,0.2879,74.84,81.85,BEARISH,MEDIUM,Price at statistical extreme; Size: Kelly 10.0% / VolTgt 6.5% / Blend 8.2%,6.51,-1.0,1.0,86,2026-10-21,,0
2026-07-27T13:40:27,2026-07-27,EA,HOLD,0,ADX Trend Following,LOW,1,45.24,209.06,1.5,0.0,1.73,0.0,0.0,2026-08-27,3.51,7.07,100.0,36.38,11.48,2.41,-0.79,31.5,2,2026-04-08 to 2026-07-24 (75 days),-1.0,77.3,0.0392,204.08,202.25,BULLISH,LOW,RSI overbought; Strong trend (ADX=55); Earnings in 1d (2026-07-28); Last surprise: -32.6%; Earnings conf adj: -3,7.0,-1.0,1.0,1,2026-07-28,-32.63,-3
2026-07-27T13:43:47,2026-07-27,FHI,HOLD,0,VWAP Trend,MEDIUM,2,45.23,57.92,3.57,0.0,2.28,0.0,0.0,2026-07-28,2.06,4.97,71.4,3.25,18.24,12.0,-1.61,1.1,7,2026-04-08 to 2026-07-24 (75 days),-1.0,50.5,0.2756,57.08,53.94,BULLISH,MEDIUM,Earnings in 3d (2026-07-30); Earnings conf adj: -2,6.8,-1.0,1.0,3,2026-07-30,,-2
2026-07-27T13:41:03,2026-07-27,JBL,HOLD,0,ADX Trend Following,HIGH,4,45.15,312.59,8.81,0.0,21.57,0.0,0.0,2026-08-22,2.27,4.1,100.0,218.84,98.05,64.41,-10.58,26.0,2,2026-04-08 to 2026-07-24 (75 days),-1.0,39.7,0.5373,351.73,275.5,BULLISH,HIGH,Last surprise: +1.3%,3.49,-1.0,1.0,59,2026-09-24,1.28,0
2026-07-27T13:41:42,2026-07-27,PSX,EXIT,-1,Stochastic Oscillator,HIGH,5,45.15,206.77,4.6,216.28,6.9,192.5,7.7,2026-08-16,4.21,9.15,100.0,299.57,151.15,43.28,-4.64,20.5,2,2026-04-08 to 2026-07-24 (75 days),-1.0,67.3,0.3482,182.45,156.65,BULLISH,MEDIUM,Strong trend (ADX=50); Last surprise: +225.6%; Earnings conf adj: +1; Size: Kelly 10.0% / VolTgt 5.4% / Blend 7.7%,5.39,-1.0,1.0,9,2026-08-05,225.64,1
2026-07-27T13:39:31,2026-07-27,A,HOLD,0,Stochastic Oscillator,HIGH,5,45.0,138.57,4.55,0.0,6.82,0.0,0.0,2026-08-22,2.8,10.05,100.0,308.75,158.91,79.4,-4.92,26.0,2,2026-04-08 to 2026-07-24 (75 days),-1.0,61.4,0.2963,128.82,130.51,BEARISH,MEDIUM,Last surprise: +5.7%; Earnings conf adj: +1,6.33,-1.0,1.0,30,2026-08-26,5.67,1
2026-07-27T13:42:49,2026-07-27,EXEL,HOLD,0,MACD Crossover,HIGH,5,44.93,55.37,3.86,0.0,6.74,0.0,0.0,2026-08-08,2.41,5.55,75.0,29.68,56.21,-59.18,-5.11,12.2,4,2026-04-08 to 2026-07-24 (75 days),-1.0,54.3,0.2451,53.05,45.37,BULLISH,MEDIUM,Last surprise: +14.5%; Earnings conf adj: +1,7.65,-1.0,1.0,9,2026-08-05,14.47,1
2026-07-27T13:39:35,2026-07-27,ADP,HOLD,0,VWAP Trend,MEDIUM,2,44.92,250.09,4.33,0.0,6.5,0.0,0.0,2026-08-08,2.78,6.03,66.7,4.32,125.5,8.74,-8.73,12.8,6,2026-04-08 to 2026-07-24 (75 days),-1.0,60.3,0.3662,229.81,233.45,BEARISH,MEDIUM,Strong trend (ADX=34); Earnings in 2d (2026-07-29); Last surprise: +2.1%; Earnings conf adj: -2,5.12,-1.0,1.0,2,2026-07-29,2.12,-2
2026-07-27T13:43:36,2026-07-27,ASB,EXIT,-1,ADX Trend Following,HIGH,4,44.59,30.81,3.29,31.82,7.71,28.43,9.12,2026-08-14,2.0,3.31,100.0,107.17,41.18,-15.87,-4.85,18.5,4,2026-04-08 to 2026-07-24 (75 days),-1.0,55.0,0.2276,29.29,26.82,BULLISH,MEDIUM,Size: Kelly 10.0% / VolTgt 8.2% / Blend 9.1%,8.24,-1.0,1.0,87,2026-10-22,,0
2026-07-27T13:42:10,2026-07-27,VEEV,HOLD,0,Stochastic Oscillator,HIGH,4,44.52,186.24,7.93,0.0,11.89,0.0,0.0,2026-08-29,2.42,4.94,100.0,305.63,155.67,109.43,-11.37,33.5,2,2026-04-08 to 2026-07-24 (75 days),-1.0,52.8,0.477,173.84,206.22,BEARISH,HIGH,Strong trend (ADX=30); Last surprise: +4.7%,3.93,-1.0,1.0,37,2026-09-02,4.67,0
2026-07-27T13:43:02,2026-07-27,EHC,HOLD,0,MACD Crossover,HIGH,5,44.44,112.89,4.18,0.0,6.27,0.0,0.0,2026-08-16,2.66,7.7,100.0,126.83,48.98,27.46,-3.07,20.0,2,2026-04-08 to 2026-07-24 (75 days),-1.0,65.7,0.2458,105.09,106.97,BEARISH,MEDIUM,Last surprise: +7.4%; Earnings conf adj: +1,7.63,-1.0,1.0,9,2026-08-05,7.38,1
2026-07-27T13:43:37,2026-07-27,PATH,HOLD,0,Stochastic Oscillator,HIGH,4,44.41,10.84,12.0,0.0,18.0,0.0,0.0,2026-08-14,3.03,6.54,100.0,218.89,99.46,83.93,-8.06,18.0,2,2026-04-08 to 2026-07-24 (75 days),-1.0,44.5,0.617,11.08,12.9,BEARISH,HIGH,No special conditions,3.04,-1.0,1.0,38,2026-09-03,,0
2026-07-27T13:43:54,2026-07-27,CXT,HOLD,0,VWAP Trend,HIGH,4,44.31,52.86,4.83,0.0,6.1,0.0,0.0,2026-08-04,2.14,3.55,66.7,3.26,90.54,-10.24,-11.42,8.4,9,2026-04-08 to 2026-07-24 (75 days),-1.0,68.9,0.2671,44.67,49.65,BEARISH,MEDIUM,Strong trend (ADX=31),7.02,-1.0,1.0,9,2026-08-05,,0
2026-07-27T13:42:28,2026-07-27,BURL,HOLD,0,SMA Crossover (10/50),HIGH,4,44.29,349.97,4.98,0.0,11.99,0.0,0.0,2026-08-19,0.96,1.42,100.0,55.28,19.17,2.48,-8.2,23.0,2,2026-04-08 to 2026-07-24 (75 days),-1.0,59.0,0.3175,324.65,303.45,BULLISH,MEDIUM,Strong trend (ADX=36); Last surprise: +11.7%; Earnings conf adj: +1,5.91,-1.0,1.0,31,2026-08-27,11.67,1
2026-07-27T13:43:37,2026-07-27,CAR,HOLD,0,ADX Trend Following,MEDIUM,2,44.28,159.48,9.55,0.0,18.29,0.0,0.0,2026-08-11,2.43,4.32,100.0,139.7,55.67,137.07,-3.69,15.0,2,2026-04-08 to 2026-07-24 (75 days),-1.0,45.9,0.5996,166.42,158.01,BULLISH,HIGH,Earnings in 1d (2026-07-28); Earnings conf adj: -2,3.13,-1.0,1.0,1,2026-07-28,,-2
2026-07-27T13:41:08,2026-07-27,KO,HOLD,0,ADX Trend Following,MEDIUM,3,43.99,82.25,3.14,0.0,6.28,0.0,0.0,2026-08-15,1.56,2.91,100.0,77.52,27.89,1.56,-6.23,19.3,3,2026-04-08 to 2026-07-24 (75 days),-1.0,51.0,0.2831,81.13,74.79,BULLISH,MEDIUM,Earnings in 1d (2026-07-28); Last surprise: +6.2%; Earnings conf adj: -1,6.62,-1.0,1.0,1,2026-07-28,6.17,-1
2026-07-27T13:43:56,2026-07-27,DBA,HOLD,0,MACD Crossover,HIGH,4,43.86,28.24,1.5,0.0,5.25,0.0,0.0,2026-08-22,2.51,4.38,100.0,80.51,29.78,11.33,-3.13,26.5,2,2026-04-08 to 2026-07-24 (75 days),-1.0,66.8,0.1441,27.29,26.43,BULLISH,LOW,Strong trend (ADX=44),10.0,-1.0,1.0,-1,,,0
2026-07-27T13:39:54,2026-07-27,BIIB,HOLD,0,VWAP Trend,MEDIUM,2,43.78,202.19,8.89,0.0,6.95,0.0,0.0,2026-07-29,2.3,6.67,45.5,3.28,61.29,12.44,-6.21,2.4,11,2026-04-08 to 2026-07-24 (75 days),-1.0,50.4,0.5701,199.43,181.94,BULLISH,HIGH,Earnings in 2d (2026-07-29); Last surprise: +23.5%; Earnings conf adj: -1,3.29,-1.0,1.0,2,2026-07-29,23.53,-1
2026-07-27T13:42:57,2026-07-27,AEIS,HOLD,0,VWAP Trend,LOW,1,43.77,303.99,11.79,0.0,9.93,0.0,0.0,2026-07-29,-0.33,-0.47,77.8,0.88,-12.52,34.75,-13.89,2.4,9,2026-04-08 to 2026-07-24 (75 days),-1.0,46.1,0.8137,324.22,284.15,BULLISH,HIGH,No special conditions,2.3,-1.0,1.0,7,2026-08-03,,0
2026-07-27T13:40:29,2026-07-27,EL,HOLD,0,Stochastic Oscillator,HIGH,5,43.66,80.29,4.79,0.0,7.19,0.0,0.0,2026-08-10,1.57,3.54,100.0,142.4,53.97,3.16,-5.99,14.3,3,2026-04-08 to 2026-07-24 (75 days),-1.0,43.5,0.2896,83.35,91.98,BEARISH,MEDIUM,Last surprise: +40.0%; Earnings conf adj: +1,6.47,-1.0,1.0,23,2026-08-19,40.0,1
2026-07-27T13:42:59,2026-07-27,JEF,HOLD,0,Composite Multi-Indicator,HIGH,4,43.66,55.86,6.88,0.0,20.64,0.0,0.0,2026-08-26,3.72,7.4,100.0,284.95,145.03,8.74,-6.82,30.5,2,2026-04-08 to 2026-07-24 (75 days),-1.0,53.4,0.4802,54.87,52.95,BULLISH,HIGH,No special conditions,3.9,-1.0,1.0,63,2026-09-28,,0
2026-07-27T13:43:11,2026-07-27,SARO,HOLD,0,Stochastic Oscillator,HIGH,4,43.63,28.7,5.33,0.0,8.0,0.0,0.0,2026-08-08,2.56,6.2,100.0,147.46,58.97,32.54,-4.27,12.0,2,2026-04-08 to 2026-07-24 (75 days),-1.0,57.8,0.3782,27.21,27.82,BEARISH,MEDIUM,No special conditions,4.96,-1.0,1.0,10,2026-08-06,,0
2026-07-27T13:43:34,2026-07-27,HOMB,HOLD,0,SMA Crossover (10/50),HIGH,4,43.45,30.98,2.73,0.0,8.9,0.0,0.0,2026-08-19,3.04,6.05,100.0,134.32,52.75,10.34,-3.72,23.0,2,2026-04-08 to 2026-07-24 (75 days),-1.0,71.8,0.2358,28.02,27.55,BULLISH,MEDIUM,RSI overbought; Strong trend (ADX=52); Last surprise: +4.9%,7.95,-1.0,1.0,79,2026-10-14,4.92,0
2026-07-27T13:41:08,2026-07-27,KVUE,HOLD,0,ADX Trend Following,HIGH,5,43.43,19.28,3.33,0.0,9.99,0.0,0.0,2026-09-10,1.32,2.07,100.0,79.49,28.85,-20.62,-5.7,45.0,2,2026-04-08 to 2026-07-24 (75 days),-1.0,57.6,0.2229,18.29,17.18,BULLISH,MEDIUM,Last surprise: +23.1%; Earnings conf adj: +1,8.41,-1.0,1.0,10,2026-08-06,23.08,1
2026-07-27T13:39:46,2026-07-27,ARE,HOLD,0,Stochastic Oscillator,HIGH,4,43.32,50.94,4.44,0.0,6.66,0.0,0.0,2026-08-07,2.56,6.12,100.0,150.58,59.87,-1.54,-6.58,11.0,2,2026-04-08 to 2026-07-24 (75 days),-1.0,54.3,0.3468,49.82,50.96,BEARISH,MEDIUM,Last surprise: +1400.0%,5.41,-1.0,1.0,7,2026-08-03,1400.0,0
2026-07-27T13:43:17,2026-07-27,ALV,HOLD,0,Stochastic Oscillator,HIGH,4,43.31,117.49,4.16,0.0,6.24,0.0,0.0,2026-08-12,2.9,5.84,100.0,148.2,55.97,29.57,-6.18,16.0,2,2026-04-08 to 2026-07-24 (75 days),-1.0,46.3,0.3202,121.46,117.48,BULLISH,MEDIUM,No special conditions,5.85,-1.0,1.0,88,2026-10-23,,0
2026-07-27T13:41:57,2026-07-27,SYK,BUY,1,EMA Crossover (9/21),LOW,0,43.16,330.25,6.24,309.64,9.36,361.16,5.47,2026-08-11,0.65,0.96,100.0,39.69,13.55,22.17,-6.81,15.0,2,2026-04-08 to 2026-07-24 (75 days),0.079,56.4,0.4755,313.39,342.16,BEARISH,HIGH,Earnings in 3d (2026-07-30); Last surprise: -12.8%; Earnings conf adj: -3; Size: Kelly 7.0% / VolTgt 3.9% / Blend 5.5%,3.94,-1.0,1.0,3,2026-07-30,-12.75,-3
2026-07-27T13:42:58,2026-07-27,BJ,HOLD,0,VWAP Trend,HIGH,4,43.13,92.94,4.16,0.0,6.24,0.0,0.0,2026-08-07,1.64,2.82,57.1,3.06,44.13,51.85,-9.37,11.4,7,2026-04-08 to 2026-07-24 (75 days),-1.0,58.2,0.2782,89.77,93.0,BEARISH,MEDIUM,No special conditions,6.74,-1.0,1.0,25,2026-08-21,,0
2026-07-27T13:43:49,2026-07-27,PII,HOLD,0,ADX Trend Following,LOW,1,43.13,73.04,7.22,0.0,8.99,0.0,0.0,2026-08-04,1.35,2.22,66.7,4.6,31.47,-133.79,-5.74,8.0,3,2026-04-08 to 2026-07-24 (75 days),-1.0,59.5,0.4038,68.33,63.77,BULLISH,HIGH,Strong trend (ADX=33); EARNINGS TODAY (2026-07-27); Earnings conf adj: -3,4.64,-1.0,1.0,0,2026-07-27,,-3
2026-07-27T13:40:52,2026-07-27,HON,EXIT,-1,Stochastic Oscillator,HIGH,5,43.12,243.15,4.55,254.21,6.82,226.57,7.36,2026-09-03,2.5,4.36,100.0,216.3,95.55,94.6,-9.52,38.5,2,2026-04-08 to 2026-07-24 (75 days),-1.0,61.6,0.3983,232.1,224.77,BULLISH,MEDIUM,Strong trend (ADX=31); Last surprise: +7.1%; Earnings conf adj: +1; Size: Kelly 10.0% / VolTgt 4.7% / Blend 7.4%,4.71,-1.0,1.0,87,2026-10-22,7.14,1
2026-07-27T13:41:06,2026-07-27,KHC,HOLD,0,Stochastic Oscillator,HIGH,5,43.0,25.67,4.08,0.0,6.12,0.0,0.0,2026-08-29,2.99,5.61,100.0,205.31,90.51,34.84,-8.17,33.0,2,2026-04-08 to 2026-07-24 (75 days),-1.0,58.5,0.3229,23.98,23.3,BULLISH,MEDIUM,Strong trend (ADX=30); Last surprise: +16.0%; Earnings conf adj: +1,5.81,-1.0,1.0,9,2026-08-05,16.0,1
2026-07-27T13:41:20,2026-07-27,MOS,HOLD,0,Stochastic Oscillator,MEDIUM,3,42.96,22.3,5.8,0.0,8.7,0.0,0.0,2026-08-20,1.33,2.16,100.0,90.67,33.81,77.18,-9.17,24.0,2,2026-04-08 to 2026-07-24 (75 days),-1.0,51.7,0.3873,22.09,24.95,BEARISH,MEDIUM,Last surprise: -77.3%; Earnings conf adj: -1,4.84,-1.0,1.0,8,2026-08-04,-77.27,-1
2026-07-27T13:41:34,2026-07-27,PAYX,HOLD,0,MACD Crossover,HIGH,4,42.94,113.55,4.48,0.0,6.72,0.0,0.0,2026-08-21,1.57,2.72,100.0,115.47,44.5,-86.96,-4.94,25.0,3,2026-04-08 to 2026-07-24 (75 days),-1.0,64.7,0.3415,101.51,102.23,BEARISH,MEDIUM,Strong trend (ADX=35); Last surprise: +0.8%,5.49,-1.0,1.0,64,2026-09-29,0.76,0
2026-07-27T13:41:43,2026-07-27,PYPL,HOLD,0,VWAP Trend,LOW,1,42.93,56.15,7.29,0.0,10.94,0.0,0.0,2026-08-01,0.86,1.16,58.3,1.48,21.25,-80.39,-16.82,5.8,12,2026-04-08 to 2026-07-24 (75 days),-1.0,75.4,0.6591,45.71,52.26,BEARISH,HIGH,RSI overbought; Strong trend (ADX=54); Earnings in 1d (2026-07-28); Last surprise: +5.5%; Earnings conf adj: -1,2.84,-1.0,1.0,1,2026-07-28,5.51,-1
2026-07-27T13:40:16,2026-07-27,DASH,HOLD,0,ADX Trend Following,HIGH,5,42.87,172.91,9.66,0.0,11.01,0.0,0.0,2026-08-08,1.81,3.43,75.0,3.45,69.62,41.27,-11.23,12.0,4,2026-04-08 to 2026-07-24 (75 days),-1.0,43.3,0.4036,170.94,193.07,BEARISH,HIGH,Price at statistical extreme; Strong trend (ADX=33); Last surprise: +7.5%; Earnings conf adj: +1,4.65,-1.0,1.0,9,2026-08-05,7.55,1
2026-07-27T13:41:24,2026-07-27,MU,HOLD,0,MACD Crossover,HIGH,5,42.76,920.95,12.0,0.0,26.63,0.0,0.0,2026-08-11,3.13,5.51,100.0,833.27,707.67,-810.07,-25.12,15.5,4,2026-04-08 to 2026-07-24 (75 days),-1.0,47.1,0.8591,955.28,501.89,BULLISH,HIGH,Last surprise: +21.2%; Earnings conf adj: +1,2.18,-1.0,1.0,58,2026-09-23,21.25,1
2026-07-27T13:41:58,2026-07-27,TEL,HOLD,0,Stochastic Oscillator,HIGH,4,42.54,202.94,5.33,0.0,8.0,0.0,0.0,2026-08-25,1.2,1.97,100.0,73.42,24.66,51.19,-9.3,29.0,2,2026-04-08 to 2026-07-24 (75 days),-1.0,49.9,0.2542,205.21,219.0,BEARISH,MEDIUM,Last surprise: +3.5%,7.38,-1.0,1.0,-1,,3.52,0
2026-07-27T13:39:35,2026-07-27,ADSK,HOLD,0,Momentum (Rate of Change),MEDIUM,3,42.4,209.75,5.61,0.0,8.42,0.0,0.0,2026-08-12,0.43,0.64,100.0,43.08,8.4,45.77,-9.24,16.3,3,2026-04-08 to 2026-07-24 (75 days),-1.0,49.9,0.3691,216.11,255.69,BEARISH,MEDIUM,Last surprise: +5.3%; Earnings conf adj: +1,5.08,-1.0,1.0,31,2026-08-27,5.28,1
2026-07-27T13:40:22,2026-07-27,DLR,HOLD,0,Stochastic Oscillator,MEDIUM,3,42.39,199.08,5.78,0.0,8.67,0.0,0.0,2026-08-25,1.92,4.36,100.0,163.9,63.77,33.97,-6.94,29.0,2,2026-04-08 to 2026-07-24 (75 days),-1.0,68.7,0.4959,184.46,173.75,BULLISH,HIGH,High volume; Price at statistical extreme; Strong trend (ADX=34); Last surprise: -15.1%; Earnings conf adj: -1,3.78,-1.0,1.0,87,2026-10-22,-15.07,-1
2026-07-27T13:42:45,2026-07-27,NTNX,HOLD,0,ADX Trend Following,HIGH,5,42.38,55.04,6.56,0.0,12.31,0.0,0.0,2026-08-16,2.08,3.47,75.0,4.52,108.43,-103.48,-13.69,20.5,4,2026-04-08 to 2026-07-24 (75 days),-1.0,59.7,0.3452,50.76,49.5,BULLISH,MEDIUM,Last surprise: +34.3%; Earnings conf adj: +1,5.43,-1.0,1.0,30,2026-08-26,34.29,1
2026-07-27T13:42:55,2026-07-27,PINS,HOLD,0,Stochastic Oscillator,HIGH,4,42.37,22.13,7.34,0.0,11.01,0.0,0.0,2026-08-11,2.39,4.67,100.0,215.73,90.45,-7.84,-6.09,15.5,2,2026-04-08 to 2026-07-24 (75 days),-1.0,51.1,0.4343,21.12,23.09,BEARISH,HIGH,No special conditions,4.32,-1.0,1.0,8,2026-08-04,,0
2026-07-27T13:39:47,2026-07-27,AVB,EXIT,-1,ADX Trend Following,HIGH,4,42.32,189.61,2.91,195.13,8.73,173.06,9.12,2026-08-30,2.51,4.72,100.0,135.58,55.17,0.9,-3.43,34.5,2,2026-04-08 to 2026-07-24 (75 days),-1.0,50.7,0.2278,186.28,176.74,BULLISH,MEDIUM,Last surprise: +1.8%; Size: Kelly 10.0% / VolTgt 8.2% / Blend 9.1%,8.23,-1.0,1.0,-1,,1.83,0
2026-07-27T13:42:30,2026-07-27,RS,HOLD,0,SMA Crossover (10/50),HIGH,5,42.29,407.83,3.89,0.0,11.67,0.0,0.0,2026-09-09,3.02,4.96,100.0,231.26,107.59,-22.68,-10.02,44.0,2,2026-04-08 to 2026-07-24 (75 days),-1.0,63.9,0.3051,386.01,325.57,BULLISH,MEDIUM,Price at statistical extreme; Last surprise: +14.6%; Earnings conf adj: +1,6.15,-1.0,1.0,86,2026-10-21,14.63,1
2026-07-27T13:42:01,2026-07-27,TPL,HOLD,0,VWAP Trend,HIGH,4,42.27,419.44,7.28,0.0,5.82,0.0,0.0,2026-07-30,2.09,3.88,80.0,11.53,47.36,67.21,-7.05,3.0,5,2026-04-08 to 2026-07-24 (75 days),-1.0,55.8,0.4267,394.92,382.23,BULLISH,HIGH,Strong trend (ADX=30); Last surprise: +2.5%,4.39,-1.0,1.0,9,2026-08-05,2.48,0
2026-07-27T13:43:57,2026-07-27,XLI,EXIT,-1,VWAP Trend,HIGH,4,42.2,182.66,1.92,186.17,1.96,179.08,10.0,2026-07-29,2.21,6.47,57.1,4.91,17.4,-10.26,-2.07,2.9,7,2026-04-08 to 2026-07-24 (75 days),-1.0,57.8,0.1462,177.39,165.86,BULLISH,LOW,Size: Kelly 10.0% / VolTgt 10.0% / Blend 10.0%,10.0,-1.0,1.0,-1,,,0
2026-07-27T13:42:52,2026-07-27,RPM,BUY,1,VWAP Trend,MEDIUM,3,42.06,107.0,5.27,101.36,7.9,115.45,7.52,2026-08-04,0.98,1.61,66.7,1.68,24.08,25.95,-11.26,8.2,9,2026-04-08 to 2026-07-24 (75 days),0.183,53.1,0.3717,104.61,105.49,BEARISH,MEDIUM,Size: Kelly 10.0% / VolTgt 5.0% / Blend 7.5%,5.04,-1.0,1.0,66,2026-10-01,,0
2026-07-27T13:41:21,2026-07-27,MPWR,HOLD,0,VWAP Trend,MEDIUM,2,42.0,1333.81,11.97,0.0,8.57,0.0,0.0,2026-07-29,1.41,2.42,66.7,2.36,57.59,51.52,-8.95,2.7,12,2026-04-08 to 2026-07-24 (75 days),-1.0,45.6,0.6623,1467.39,1198.38,BULLISH,HIGH,Earnings in 3d (2026-07-30); Last surprise: +4.1%; Earnings conf adj: -2,2.83,-1.0,1.0,3,2026-07-30,4.08,-2
2026-07-27T13:42:03,2026-07-27,TSLA,HOLD,0,EMA Crossover (9/21),MEDIUM,2,41.99,313.03,10.72,0.0,16.08,0.0,0.0,2026-08-11,0.66,0.96,75.0,2.84,17.6,44.54,-12.19,15.0,4,2026-04-08 to 2026-07-24 (75 days),-1.0,28.0,0.7714,402.56,414.71,BEARISH,HIGH,RSI oversold; Price at statistical extreme; Strong trend (ADX=36); Last surprise: -38.9%; Earnings conf adj: -1,2.43,-1.0,1.0,86,2026-10-21,-38.89,-1
2026-07-27T13:39:41,2026-07-27,AMD,HOLD,0,ADX Trend Following,HIGH,5,41.98,521.95,12.0,0.0,35.31,0.0,0.0,2026-09-01,4.38,9.41,100.0,1257.09,1679.42,193.32,-16.61,36.5,2,2026-04-08 to 2026-07-24 (75 days),-1.0,50.0,0.7422,508.48,305.68,BULLISH,HIGH,Last surprise: +6.2%; Earnings conf adj: +1,2.53,-1.0,1.0,8,2026-08-04,6.2,1
2026-07-27T13:43:47,2026-07-27,BILL,EXIT,-1,MACD Crossover,HIGH,4,41.96,43.51,9.37,47.59,14.05,37.4,6.61,2026-08-17,1.73,2.91,66.7,9.52,92.52,35.07,-9.75,21.3,3,2026-04-08 to 2026-07-24 (75 days),-1.0,60.5,0.5826,37.73,44.01,BEARISH,HIGH,Size: Kelly 10.0% / VolTgt 3.2% / Blend 6.6%,3.22,-1.0,1.0,23,2026-08-19,,0
2026-07-27T13:43:58,2026-07-27,XLU,HOLD,0,Multi-Factor Momentum MR,HIGH,4,41.91,46.29,1.79,0.0,3.76,0.0,0.0,2026-08-04,2.3,7.15,100.0,59.63,21.3,22.71,-1.27,8.5,2,2026-04-08 to 2026-07-24 (75 days),-1.0,60.5,0.164,44.77,44.36,BULLISH,LOW,No special conditions,10.0,-1.0,1.0,-1,,,0
2026-07-27T13:40:59,2026-07-27,INVH,HOLD,0,ADX Trend Following,LOW,1,41.89,29.78,2.21,0.0,3.31,0.0,0.0,2026-09-10,2.6,4.67,100.0,150.97,62.77,-5.75,-3.99,45.5,2,2026-04-08 to 2026-07-24 (75 days),-1.0,51.5,0.1896,29.31,27.15,BULLISH,LOW,Earnings in 2d (2026-07-29); Last surprise: -13.3%; Earnings conf adj: -3,7.0,-1.0,1.0,2,2026-07-29,-13.33,-3
2026-07-27T13:41:12,2026-07-27,LMT,HOLD,0,Stochastic Oscillator,HIGH,5,41.86,582.6,5.75,0.0,8.62,0.0,0.0,2026-08-17,1.6,2.98,100.0,78.39,28.12,49.14,-4.49,21.5,2,2026-04-08 to 2026-07-24 (75 days),-1.0,71.6,0.4457,522.34,538.43,BEARISH,HIGH,RSI overbought; Price at statistical extreme; Last surprise: +10.3%; Earnings conf adj: +1,4.21,-1.0,1.0,85,2026-10-20,10.28,1
2026-07-27T13:41:22,2026-07-27,MPC,BUY,1,PEAD Earnings Drift,HIGH,5,41.79,309.24,4.48,295.39,15.68,357.73,7.97,2026-09-16,3.91,6.5,100.0,395.53,234.17,64.53,-9.09,51.0,2,2026-04-08 to 2026-07-24 (75 days),0.635,68.2,0.3155,268.31,217.51,BULLISH,MEDIUM,Strong trend (ADX=62); Last surprise: +120.0%; Earnings conf adj: +1; Size: Kelly 10.0% / VolTgt 5.9% / Blend 8.0%,5.94,-1.0,1.0,8,2026-08-04,120.0,1
2026-07-27T13:42:58,2026-07-27,SEIC,HOLD,0,ADX Trend Following,HIGH,4,41.75,99.22,4.0,0.0,14.0,0.0,0.0,2026-09-08,3.36,7.36,100.0,249.97,119.63,-13.37,-5.72,43.0,2,2026-04-08 to 2026-07-24 (75 days),-1.0,62.6,0.28,91.6,84.4,BULLISH,MEDIUM,Strong trend (ADX=35),6.7,-1.0,1.0,86,2026-10-21,,0
2026-07-27T13:43:37,2026-07-27,SON,EXIT,-1,VWAP Trend,HIGH,4,41.75,58.23,5.11,61.21,3.75,56.05,7.71,2026-07-28,2.63,9.32,75.0,20.63,47.41,27.29,-2.19,1.9,8,2026-04-08 to 2026-07-24 (75 days),-1.0,64.8,0.3457,51.91,48.1,BULLISH,MEDIUM,Price at statistical extreme; Size: Kelly 10.0% / VolTgt 5.4% / Blend 7.7%,5.42,-1.0,1.0,-1,,,0
2026-07-27T13:40:35,2026-07-27,F,HOLD,0,Stochastic Oscillator,MEDIUM,3,41.68,14.37,4.09,0.0,6.13,0.0,0.0,2026-08-23,3.01,6.91,100.0,401.79,211.1,127.84,-10.01,27.0,2,2026-04-08 to 2026-07-24 (75 days),-1.0,54.7,0.2642,14.39,13.06,BULLISH,MEDIUM,Strong trend (ADX=31); Earnings in 1d (2026-07-28); Last surprise: +247.4%; Earnings conf adj: -1,7.1,-1.0,1.0,1,2026-07-28,247.37,-1
2026-07-27T13:43:57,2026-07-27,XLP,HOLD,0,ADX Trend Following,HIGH,4,41.67,84.13,2.0,0.0,4.34,0.0,0.0,2026-08-04,1.53,2.64,100.0,45.15,14.89,6.71,-3.58,8.2,4,2026-04-08 to 2026-07-24 (75 days),-1.0,50.3,0.1925,83.87,81.24,BULLISH,LOW,No special conditions,9.74,-1.0,1.0,-1,,,0
2026-07-27T13:43:08,2026-07-27,ONB,HOLD,0,ADX Trend Following,HIGH,4,41.66,26.49,3.13,0.0,7.95,0.0,0.0,2026-08-16,1.32,1.94,100.0,63.15,22.3,-36.89,-4.42,20.3,3,2026-04-08 to 2026-07-24 (75 days),-1.0,57.4,0.2241,25.0,23.06,BULLISH,MEDIUM,No special conditions,8.37,-1.0,1.0,86,2026-10-21,,0
2026-07-27T13:41:19,2026-07-27,MMM,HOLD,0,Stochastic Oscillator,HIGH,5,41.64,172.62,4.19,0.0,6.29,0.0,0.0,2026-08-18,2.24,5.08,100.0,147.85,56.82,-10.51,-3.39,22.5,2,2026-04-08 to 2026-07-24 (75 days),-1.0,69.2,0.3292,157.61,157.4,BULLISH,MEDIUM,Price at statistical extreme; Strong trend (ADX=41); Last surprise: +6.7%; Earnings conf adj: +1,5.7,-1.0,1.0,85,2026-10-20,6.67,1
2026-07-27T13:39:33,2026-07-27,ABT,HOLD,0,ADX Trend Following,HIGH,4,41.63,103.06,5.92,0.0,8.88,0.0,0.0,2026-08-18,2.18,5.4,100.0,174.37,73.78,70.84,-7.18,22.5,2,2026-04-08 to 2026-07-24 (75 days),-1.0,68.3,0.4648,90.75,107.56,BEARISH,HIGH,Strong trend (ADX=39); Last surprise: +2.3%,4.03,-1.0,1.0,79,2026-10-14,2.34,0
2026-07-27T13:43:17,2026-07-27,REXR,BUY,1,Momentum (Rate of Change),HIGH,4,41.61,39.0,6.01,36.66,9.02,42.52,7.21,2026-08-17,2.47,6.52,100.0,183.17,77.46,14.58,-6.46,21.5,2,2026-04-08 to 2026-07-24 (75 days),0.413,70.1,0.4238,34.69,36.8,BEARISH,HIGH,RSI overbought; High volume; Price at statistical extreme; Strong trend (ADX=44); Size: Kelly 10.0% / VolTgt 4.4% / Blend 7.2%,4.42,-1.0,1.0,79,2026-10-14,,0
2026-07-27T13:41:28,2026-07-27,NOW,HOLD,0,Stochastic Oscillator,HIGH,4,41.54,98.78,12.0,0.0,18.0,0.0,0.0,2026-08-31,2.64,4.27,100.0,524.07,346.91,342.26,-17.75,35.5,2,2026-04-08 to 2026-07-24 (75 days),-1.0,45.7,0.651,104.12,126.7,BEARISH,HIGH,Strong trend (ADX=35); Last surprise: +4.7%,2.88,-1.0,1.0,-5,2026-07-22,4.65,0
2026-07-27T13:41:50,2026-07-27,SLB,EXIT,-1,ADX Trend Following,HIGH,5,41.52,52.42,5.43,55.27,3.97,50.34,7.12,2026-07-28,1.32,3.49,66.7,2.98,30.97,25.52,-4.84,1.3,3,2026-04-08 to 2026-07-24 (75 days),-1.0,65.7,0.4419,51.4,45.98,BULLISH,HIGH,High volume; Price at statistical extreme; Last surprise: +5.8%; Earnings conf adj: +1; Size: Kelly 10.0% / VolTgt 4.2% / Blend 7.1%,4.24,-1.0,1.0,88,2026-10-23,5.77,1
2026-07-27T13:43:33,2026-07-27,MIDD,HOLD,0,Stochastic Oscillator,HIGH,4,41.49,133.88,5.44,0.0,7.67,0.0,0.0,2026-08-04,3.58,23.06,100.0,92.58,32.14,-33.12,-1.06,8.0,2,2026-04-08 to 2026-07-24 (75 days),-1.0,51.5,0.3442,129.55,117.85,BULLISH,MEDIUM,No special conditions,5.45,-1.0,1.0,9,2026-08-05,,0
2026-07-27T13:43:21,2026-07-27,LAD,HOLD,0,Stochastic Oscillator,MEDIUM,2,41.45,340.95,5.02,0.0,7.53,0.0,0.0,2026-08-10,3.46,8.26,100.0,213.93,91.59,-51.2,-2.94,14.5,2,2026-04-08 to 2026-07-24 (75 days),-1.0,65.8,0.3482,300.68,300.37,BULLISH,MEDIUM,Strong trend (ADX=44); Earnings in 2d (2026-07-29); Earnings conf adj: -2,5.38,-1.0,1.0,2,2026-07-29,,-2
2026-07-27T13:43:14,2026-07-27,NNN,HOLD,0,EMA Crossover (9/21),HIGH,4,41.26,49.38,2.69,0.0,9.41,0.0,0.0,2026-09-14,2.36,3.91,100.0,129.31,51.68,-9.14,-4.59,49.0,2,2026-04-08 to 2026-07-24 (75 days),-1.0,65.5,0.2206,46.15,42.63,BULLISH,MEDIUM,Strong trend (ADX=44),8.5,-1.0,1.0,9,2026-08-05,,0
2026-07-27T13:42:26,2026-07-27,ROIV,HOLD,0,VWAP Trend,HIGH,5,41.23,35.01,4.91,0.0,4.53,0.0,0.0,2026-07-31,2.5,9.86,71.4,5.65,109.21,-0.44,-4.77,4.0,7,2026-04-08 to 2026-07-24 (75 days),-1.0,57.9,0.2878,32.07,25.98,BULLISH,MEDIUM,Last surprise: +8.6%; Earnings conf adj: +1,6.51,-1.0,1.0,10,2026-08-06,8.57,1
2026-07-27T13:42:51,2026-07-27,UNM,HOLD,0,MACD Crossover,MEDIUM,2,41.21,86.22,2.9,0.0,6.0,0.0,0.0,2026-08-09,1.02,1.52,100.0,37.46,11.95,-34.44,-4.4,13.7,3,2026-04-08 to 2026-07-24 (75 days),-1.0,41.0,0.2057,87.42,78.38,BULLISH,MEDIUM,Strong trend (ADX=33); Earnings in 1d (2026-07-28); Last surprise: +4.4%; Earnings conf adj: -2,9.11,-1.0,1.0,1,2026-07-28,4.39,-2
2026-07-27T13:43:18,2026-07-27,CBSH,HOLD,0,ADX Trend Following,HIGH,4,41.15,59.09,2.09,0.0,6.0,0.0,0.0,2026-08-17,3.0,4.89,75.0,179.79,58.04,-12.31,-4.21,21.8,4,2026-04-08 to 2026-07-24 (75 days),-1.0,62.9,0.1633,55.27,52.27,BULLISH,LOW,No special conditions,10.0,-1.0,1.0,80,2026-10-15,,0
2026-07-27T13:43:20,2026-07-27,VLY,HOLD,0,ADX Trend Following,HIGH,4,41.14,14.34,3.37,0.0,8.5,0.0,0.0,2026-08-24,1.26,1.98,100.0,72.93,25.87,-18.94,-6.1,28.0,3,2026-04-08 to 2026-07-24 (75 days),-1.0,46.3,0.204,14.11,12.43,BULLISH,MEDIUM,High volume,9.19,-1.0,1.0,-1,,,0
2026-07-27T13:41:25,2026-07-27,NDSN,HOLD,0,Stochastic Oscillator,HIGH,4,41.11,295.77,2.5,0.0,3.75,0.0,0.0,2026-08-25,2.26,3.84,100.0,132.35,49.43,19.36,-3.98,29.5,2,2026-04-08 to 2026-07-24 (75 days),-1.0,56.9,0.199,288.08,265.77,BULLISH,LOW,Last surprise: +1.4%,9.42,-1.0,1.0,23,2026-08-19,1.42,0
2026-07-27T13:42:27,2026-07-27,XPO,HOLD,0,Stochastic Oscillator,MEDIUM,3,41.05,213.01,4.82,0.0,7.23,0.0,0.0,2026-08-19,1.54,3.08,100.0,109.55,37.43,35.31,-3.96,23.0,2,2026-04-08 to 2026-07-24 (75 days),-1.0,52.9,0.3298,210.34,179.12,BULLISH,MEDIUM,Earnings in 3d (2026-07-30); Last surprise: +14.8%; Earnings conf adj: -1,5.68,-1.0,1.0,3,2026-07-30,14.77,-1
2026-07-27T13:39:31,2026-07-27,AAPL,HOLD,0,EMA Crossover (9/21),MEDIUM,2,41.04,333.02,3.54,0.0,8.85,0.0,0.0,2026-09-06,3.11,5.51,100.0,209.0,94.75,-41.68,-7.82,41.5,2,2026-04-08 to 2026-07-24 (75 days),-1.0,65.2,0.3009,306.23,275.66,BULLISH,MEDIUM,Strong trend (ADX=35); Earnings in 3d (2026-07-30); Last surprise: +3.6%; Earnings conf adj: -2,6.23,-1.0,1.0,3,2026-07-30,3.61,-2
2026-07-27T13:41:02,2026-07-27,J,HOLD,0,MACD Crossover,HIGH,5,40.9,134.56,3.51,0.0,5.26,0.0,0.0,2026-08-23,1.84,3.16,100.0,111.71,43.21,32.87,-6.54,27.5,2,2026-04-08 to 2026-07-24 (75 days),-1.0,65.5,0.2301,123.08,133.86,BEARISH,MEDIUM,Price at statistical extreme; Strong trend (ADX=31); Last surprise: +7.4%; Earnings conf adj: +1,8.15,-1.0,1.0,8,2026-08-04,7.36,1
2026-07-27T13:40:18,2026-07-27,DDOG,BUY,1,Stochastic Oscillator,HIGH,5,40.6,246.86,10.66,220.54,15.16,284.28,6.86,2026-08-10,3.49,12.01,100.0,337.08,168.35,-1021.64,-5.89,14.5,2,2026-04-08 to 2026-07-24 (75 days),0.369,49.1,0.5056,239.61,164.77,BULLISH,HIGH,Last surprise: +17.6%; Earnings conf adj: +1; Size: Kelly 10.0% / VolTgt 3.7% / Blend 6.9%,3.71,-1.0,1.0,10,2026-08-06,17.65,1
2026-07-27T13:43:37,2026-07-27,FLG,HOLD,0,VWAP Trend,MEDIUM,3,40.57,13.85,4.12,0.0,4.13,0.0,0.0,2026-07-29,1.56,2.78,50.0,2.01,16.25,18.2,-3.41,2.8,8,2026-04-08 to 2026-07-24 (75 days),-1.0,34.9,0.3136,14.46,13.22,BULLISH,MEDIUM,High volume; Price at statistical extreme,5.98,-1.0,1.0,88,2026-10-23,,0
2026-07-27T13:43:12,2026-07-27,VMI,EXIT,-1,VWAP Trend,HIGH,4,40.5,486.16,5.81,514.41,3.04,471.38,8.35,2026-07-28,2.42,7.2,58.3,3.92,88.51,33.25,-5.33,1.9,12,2026-04-08 to 2026-07-24 (75 days),-1.0,29.3,0.2796,535.5,455.42,BULLISH,MEDIUM,RSI oversold; Strong trend (ADX=37); Size: Kelly 10.0% / VolTgt 6.7% / Blend 8.3%,6.7,-1.0,1.0,85,2026-10-20,,0
2026-07-27T13:43:33,2026-07-27,MTG,HOLD,0,ADX Trend Following,LOW,1,40.47,29.65,2.3,0.0,3.45,0.0,0.0,2026-08-10,0.78,1.59,66.7,1.81,8.36,-24.56,-5.14,14.3,3,2026-04-08 to 2026-07-24 (75 days),-1.0,71.6,0.1988,26.95,27.09,BEARISH,LOW,RSI overbought; Earnings in 2d (2026-07-29); Earnings conf adj: -2,7.0,-1.0,1.0,2,2026-07-29,,-2
2026-07-27T13:41:24,2026-07-27,MTB,HOLD,0,ADX Trend Following,HIGH,5,40.46,249.6,3.0,0.0,6.91,0.0,0.0,2026-08-11,2.55,4.13,75.0,7.63,49.28,-10.48,-3.18,15.8,4,2026-04-08 to 2026-07-24 (75 days),-1.0,62.7,0.2208,228.61,209.35,BULLISH,MEDIUM,Strong trend (ADX=35); Last surprise: +14.2%; Earnings conf adj: +1,8.49,-1.0,1.0,81,2026-10-16,14.16,1
2026-07-27T13:43:03,2026-07-27,MUSA,HOLD,0,Stochastic Oscillator,HIGH,4,40.43,613.15,5.06,0.0,7.59,0.0,0.0,2026-08-11,2.41,4.82,100.0,205.82,88.82,-13.56,-5.93,15.5,2,2026-04-08 to 2026-07-24 (75 days),-1.0,58.8,0.3518,567.91,463.97,BULLISH,MEDIUM,Strong trend (ADX=42),5.33,-1.0,1.0,9,2026-08-05,,0
2026-07-27T13:41:16,2026-07-27,MCHP,HOLD,0,ADX Trend Following,HIGH,5,40.41,78.86,10.65,0.0,16.36,0.0,0.0,2026-08-11,1.97,3.43,75.0,4.89,107.63,60.29,-13.74,15.0,4,2026-04-08 to 2026-07-24 (75 days),-1.0,38.9,0.5364,90.78,74.63,BULLISH,HIGH,Last surprise: +14.0%; Earnings conf adj: +1,3.5,-1.0,1.0,10,2026-08-06,14.0,1
2026-07-27T13:43:19,2026-07-27,SSD,HOLD,0,Stochastic Oscillator,LOW,1,40.4,193.88,3.92,0.0,5.88,0.0,0.0,2026-08-25,2.74,5.49,100.0,196.28,81.93,39.96,-4.33,29.5,2,2026-04-08 to 2026-07-24 (75 days),-1.0,52.8,0.2662,191.43,180.64,BULLISH,MEDIUM,EARNINGS TODAY (2026-07-27); Earnings conf adj: -3,7.0,-1.0,1.0,0,2026-07-27,,-3
2026-07-27T13:43:09,2026-07-27,KRYS,HOLD,0,MACD Crossover,HIGH,4,40.37,343.73,9.82,0.0,15.68,0.0,0.0,2026-08-19,3.03,5.55,100.0,210.09,94.57,-69.94,-7.76,23.5,2,2026-04-09 to 2026-07-27 (75 days),-1.0,49.8,0.4108,332.64,268.46,BULLISH,HIGH,Strong trend (ADX=35),4.56,-1.0,1.0,7,2026-08-03,,0
2026-07-27T13:40:49,2026-07-27,GWW,HOLD,0,MACD Crossover,HIGH,5,40.35,1382.6,2.61,0.0,4.62,0.0,0.0,2026-08-05,1.74,3.88,75.0,450.73,21.82,-68.57,-3.5,9.5,4,2026-04-08 to 2026-07-24 (75 days),-1.0,58.0,0.1904,1320.34,1120.21,BULLISH,LOW,Last surprise: +14.1%; Earnings conf adj: +1,9.85,-1.0,1.0,8,2026-08-04,14.1,1
2026-07-27T13:43:44,2026-07-27,EPR,HOLD,0,EMA Crossover (9/21),MEDIUM,2,40.32,63.53,2.06,0.0,5.15,0.0,0.0,2026-09-13,2.44,4.3,100.0,134.52,53.96,-41.63,-4.56,48.5,2,2026-04-08 to 2026-07-24 (75 days),-1.0,75.3,0.1926,58.74,53.76,BULLISH,LOW,RSI overbought; Strong trend (ADX=47); Earnings in 2d (2026-07-29); Earnings conf adj: -2,9.74,-1.0,1.0,2,2026-07-29,,-2
2026-07-27T13:40:52,2026-07-27,HLT,HOLD,0,EMA Crossover (9/21),MEDIUM,2,40.23,324.97,3.47,0.0,7.92,0.0,0.0,2026-08-15,1.37,2.24,100.0,55.76,19.27,10.51,-5.64,19.0,2,2026-04-08 to 2026-07-24 (75 days),-1.0,44.6,0.2309,332.29,304.08,BULLISH,MEDIUM,Strong trend (ADX=31); Earnings in 1d (2026-07-28); Last surprise: +2.0%; Earnings conf adj: -2,8.12,-1.0,1.0,1,2026-07-28,2.03,-2
2026-07-27T13:40:28,2026-07-27,ECL,HOLD,0,Stochastic Oscillator,MEDIUM,2,40.06,268.75,3.37,0.0,5.05,0.0,0.0,2026-08-26,1.66,2.75,100.0,95.85,33.96,38.89,-6.72,30.5,2,2026-04-08 to 2026-07-24 (75 days),-1.0,48.4,0.2182,265.04,269.44,BEARISH,MEDIUM,Earnings in 1d (2026-07-28); Last surprise: +0.0%; Earnings conf adj: -2,8.59,-1.0,1.0,1,2026-07-28,0.0,-2
2026-07-27T13:42:55,2026-07-27,IESC,HOLD,0,ADX Trend Following,HIGH,4,40.06,640.4,10.77,0.0,18.7,0.0,0.0,2026-08-11,1.43,2.5,75.0,12.73,72.55,-11.09,-8.62,15.0,4,2026-04-09 to 2026-07-27 (75 days),-1.0,47.4,0.613,680.59,516.2,BULLISH,HIGH,Earnings in 4d (2026-07-31),3.06,-1.0,1.0,4,2026-07-31,,0
2026-07-27T13:39:52,2026-07-27,BG,EXIT,-1,Stochastic Oscillator,MEDIUM,3,40.04,121.53,3.99,126.38,5.99,114.25,8.36,2026-08-14,1.96,4.31,100.0,108.75,40.34,52.84,-7.47,18.0,2,2026-04-08 to 2026-07-24 (75 days),-1.0,58.5,0.2794,119.02,110.33,BULLISH,MEDIUM,Strong trend (ADX=47); Earnings in 2d (2026-07-29); Last surprise: +110.3%; Earnings conf adj: -1; Size: Kelly 10.0% / VolTgt 6.7% / Blend 8.4%,6.71,-1.0,1.0,2,2026-07-29,110.34,-1
2026-07-27T13:41:56,2026-07-27,T,HOLD,0,Composite Multi-Indicator,HIGH,5,40.04,24.13,4.44,0.0,6.66,0.0,0.0,2026-08-20,3.97,16.38,100.0,180.31,75.2,104.44,-1.25,24.0,1,2026-04-08 to 2026-07-24 (75 days),-1.0,69.3,0.3721,22.67,24.66,BEARISH,MEDIUM,Price at statistical extreme; Strong trend (ADX=49); Last surprise: +10.2%; Earnings conf adj: +1,5.04,-1.0,1.0,86,2026-10-21,10.17,1
2026-07-27T13:42:45,2026-07-27,WSO,HOLD,0,VWAP Trend,MEDIUM,3,39.94,362.01,5.25,0.0,4.24,0.0,0.0,2026-07-31,1.55,2.68,57.1,3.3,28.11,46.66,-3.94,4.4,7,2026-04-08 to 2026-07-24 (75 days),-1.0,37.3,0.2567,382.77,375.24,BULLISH,MEDIUM,Earnings in 2d (2026-07-29); Last surprise: +11.3%; Earnings conf adj: -1,7.3,-1.0,1.0,2,2026-07-29,11.31,-1
2026-07-27T13:42:05,2026-07-27,TTD,BUY,1,Stochastic Oscillator,MEDIUM,3,39.85,17.29,10.41,15.49,15.62,19.99,6.92,2026-08-18,2.06,4.35,100.0,196.64,81.44,123.06,-12.6,22.5,2,2026-04-08 to 2026-07-24 (75 days),0.325,37.7,0.4892,19.61,30.15,BEARISH,HIGH,Last surprise: -12.5%; Earnings conf adj: -1; Size: Kelly 10.0% / VolTgt 3.8% / Blend 6.9%,3.83,-1.0,1.0,10,2026-08-06,-12.5,-1
2026-07-27T13:41:32,2026-07-27,ODFL,HOLD,0,Stochastic Oscillator,MEDIUM,3,39.81,232.99,4.49,0.0,6.74,0.0,0.0,2026-08-21,2.28,5.22,100.0,147.0,56.27,7.33,-6.27,25.0,2,2026-04-08 to 2026-07-24 (75 days),-1.0,56.2,0.2865,224.26,185.82,BULLISH,MEDIUM,Earnings in 2d (2026-07-29); Last surprise: +8.6%; Earnings conf adj: -1,6.54,-1.0,1.0,2,2026-07-29,8.57,-1
2026-07-27T13:41:54,2026-07-27,STLD,HOLD,0,MACD Crossover,HIGH,4,39.69,247.11,4.54,0.0,10.06,0.0,0.0,2026-08-09,2.03,3.39,100.0,99.18,37.6,-120.12,-5.25,13.0,2,2026-04-08 to 2026-07-24 (75 days),-1.0,57.7,0.3543,245.81,194.96,BULLISH,MEDIUM,Price at statistical extreme; Last surprise: +0.5%,5.29,-1.0,1.0,84,2026-10-19,0.54,0
2026-07-27T13:42:16,2026-07-27,WEC,HOLD,0,Stochastic Oscillator,MEDIUM,2,39.64,115.77,2.33,0.0,3.5,0.0,0.0,2026-08-29,0.97,1.47,100.0,41.38,14.17,15.67,-7.13,33.0,2,2026-04-08 to 2026-07-24 (75 days),-1.0,54.1,0.1963,113.58,111.33,BULLISH,LOW,Earnings in 2d (2026-07-29); Last surprise: +6.5%; Earnings conf adj: -1,9.55,-1.0,1.0,2,2026-07-29,6.52,-1
2026-07-27T13:43:12,2026-07-27,SOLS,HOLD,0,ADX Trend Following,MEDIUM,2,39.64,60.54,10.78,0.0,6.4,0.0,0.0,2026-07-28,1.93,30.75,100.0,22.5,9.54,82.56,-0.1,1.0,1,2026-05-04 to 2026-07-24 (57 days),-1.0,36.2,0.8134,77.03,nan,NEUTRAL,HIGH,Strong trend (ADX=42); Earnings in 3d (2026-07-30); Earnings conf adj: -2,2.31,-1.0,1.0,3,2026-07-30,,-2
2026-07-27T13:40:53,2026-07-27,HRL,HOLD,0,ADX Trend Following,HIGH,5,39.62,25.31,3.32,0.0,9.79,0.0,0.0,2026-08-14,2.21,4.93,100.0,198.0,83.14,-3.16,-8.41,18.0,3,2026-04-08 to 2026-07-24 (75 days),-1.0,58.9,0.2929,23.57,22.71,BULLISH,MEDIUM,Last surprise: +14.3%; Earnings conf adj: +1,6.4,-1.0,1.0,31,2026-08-27,14.29,1
2026-07-27T13:42:56,2026-07-27,SF,HOLD,0,VWAP Trend,HIGH,4,39.62,80.82,3.43,0.0,5.15,0.0,0.0,2026-08-02,1.42,2.39,57.1,2.3,25.17,4.85,-6.52,6.9,7,2026-04-08 to 2026-07-24 (75 days),-1.0,69.4,0.307,73.36,77.37,BEARISH,MEDIUM,Strong trend (ADX=35),6.11,-1.0,1.0,86,2026-10-21,,0
2026-07-27T13:41:50,2026-07-27,SJM,HOLD,0,EMA Crossover (9/21),HIGH,4,39.51,118.32,3.98,0.0,13.93,0.0,0.0,2026-09-06,2.56,5.11,100.0,242.69,114.02,-15.03,-8.42,41.5,2,2026-04-08 to 2026-07-24 (75 days),-1.0,61.2,0.3451,109.26,102.62,BULLISH,MEDIUM,Strong trend (ADX=31); Last surprise: +4.9%,5.43,-1.0,1.0,31,2026-08-27,4.92,0
2026-07-27T13:43:18,2026-07-27,HXL,HOLD,0,ADX Trend Following,LOW,1,39.44,110.28,4.33,0.0,8.66,0.0,0.0,2026-08-15,0.93,1.56,100.0,74.03,26.39,-135.23,-12.95,19.8,4,2026-04-08 to 2026-07-24 (75 days),-1.0,71.1,0.2591,96.02,83.64,BULLISH,MEDIUM,RSI overbought; Strong trend (ADX=39); Earnings in 2d (2026-07-29); Earnings conf adj: -2,7.0,-1.0,1.0,2,2026-07-29,,-2
2026-07-27T13:41:49,2026-07-27,SCHW,HOLD,0,VWAP Trend,LOW,0,39.41,101.97,3.41,0.0,4.67,0.0,0.0,2026-08-01,-0.16,-0.19,50.0,1.02,-5.08,-26.36,-11.4,5.9,8,2026-04-08 to 2026-07-24 (75 days),-1.0,61.7,0.2439,93.79,94.84,BEARISH,MEDIUM,Strong trend (ADX=31); Last surprise: +4.5%,7.0,-1.0,1.0,80,2026-10-15,4.52,0
2026-07-27T13:43:46,2026-07-27,PEGA,HOLD,0,VWAP Trend,LOW,1,39.41,26.82,12.0,0.0,18.0,0.0,0.0,2026-08-11,-0.85,-1.14,60.0,0.63,-34.36,42.38,-24.01,15.4,5,2026-04-08 to 2026-07-24 (75 days),-1.0,34.5,0.7486,32.2,45.4,BEARISH,HIGH,No special conditions,2.5,-1.0,1.0,85,2026-10-20,,0
2026-07-27T13:43:18,2026-07-27,AAON,HOLD,0,VWAP Trend,HIGH,4,39.4,102.67,12.0,0.0,5.39,0.0,0.0,2026-07-28,2.02,8.34,70.0,5.2,200.39,126.74,-7.82,1.6,10,2026-04-08 to 2026-07-24 (75 days),-1.0,34.0,0.5414,125.8,100.77,BULLISH,HIGH,Strong trend (ADX=35),3.46,-1.0,1.0,14,2026-08-10,,0
2026-07-27T13:39:54,2026-07-27,BLK,HOLD,0,ADX Trend Following,HIGH,5,39.39,1055.67,4.32,0.0,6.48,0.0,0.0,2026-08-03,1.69,3.03,71.4,3.69,40.9,18.96,-6.23,7.1,7,2026-04-08 to 2026-07-24 (75 days),-1.0,54.9,0.3371,1030.93,1046.96,BEARISH,MEDIUM,Last surprise: +9.6%; Earnings conf adj: +1,5.56,-1.0,1.0,79,2026-10-14,9.61,1
2026-07-27T13:43:43,2026-07-27,SLGN,BUY,1,VWAP Trend,MEDIUM,2,39.38,46.43,4.64,44.28,5.52,48.99,8.56,2026-08-03,1.46,2.54,55.6,2.18,39.91,-11.83,-9.56,7.1,9,2026-04-08 to 2026-07-24 (75 days),0.766,62.5,0.2629,41.69,41.44,BULLISH,MEDIUM,High volume; Earnings in 2d (2026-07-29); Earnings conf adj: -2; Size: Kelly 10.0% / VolTgt 7.1% / Blend 8.6%,7.13,-1.0,1.0,2,2026-07-29,,-2
2026-07-27T13:40:18,2026-07-27,DE,HOLD,0,Stochastic Oscillator,HIGH,5,39.36,628.16,4.15,0.0,6.23,0.0,0.0,2026-08-19,1.44,2.61,100.0,105.44,37.51,25.6,-10.57,23.0,2,2026-04-08 to 2026-07-24 (75 days),-1.0,62.7,0.321,583.37,541.18,BULLISH,MEDIUM,Last surprise: +14.9%; Earnings conf adj: +1,5.84,-1.0,1.0,24,2026-08-20,14.91,1
2026-07-27T13:39:49,2026-07-27,AWK,BUY,1,MACD Crossover,LOW,1,39.35,134.66,3.5,129.95,5.25,141.73,6.81,2026-08-09,1.23,1.96,75.0,27.55,21.48,23.31,-5.58,13.2,4,2026-04-08 to 2026-07-24 (75 days),0.214,57.7,0.2834,128.1,130.26,BEARISH,MEDIUM,Earnings in 2d (2026-07-29); Last surprise: -7.3%; Earnings conf adj: -3; Size: Kelly 7.0% / VolTgt 6.6% / Blend 6.8%,6.62,-1.0,1.0,2,2026-07-29,-7.34,-3
2026-07-27T13:42:53,2026-07-27,DY,HOLD,0,ADX Trend Following,HIGH,4,39.24,429.81,8.13,0.0,21.21,0.0,0.0,2026-08-23,1.18,2.94,100.0,168.07,70.68,19.92,-15.38,27.5,2,2026-04-08 to 2026-07-24 (75 days),-1.0,47.0,0.5138,452.59,381.4,BULLISH,HIGH,No special conditions,3.65,-1.0,1.0,30,2026-08-26,,0
2026-07-27T13:42:51,2026-07-27,RNR,EXIT,-1,VWAP Trend,HIGH,4,39.19,329.1,4.37,343.48,3.58,317.32,7.76,2026-07-28,1.87,3.19,58.3,2.66,21.82,-5.37,-2.51,1.8,12,2026-04-08 to 2026-07-24 (75 days),-1.0,61.6,0.3388,303.9,287.28,BULLISH,MEDIUM,Size: Kelly 10.0% / VolTgt 5.5% / Blend 7.8%,5.53,-1.0,1.0,-1,,,0
2026-07-27T13:39:34,2026-07-27,ADM,HOLD,0,ADX Trend Following,HIGH,5,39.14,85.92,2.61,0.0,9.13,0.0,0.0,2026-09-02,2.17,3.79,100.0,142.22,57.67,-31.51,-10.74,37.0,2,2026-04-08 to 2026-07-24 (75 days),-1.0,67.5,0.1991,80.1,68.47,BULLISH,LOW,Strong trend (ADX=57); Last surprise: +7.6%; Earnings conf adj: +1,9.42,-1.0,1.0,8,2026-08-04,7.58,1
2026-07-27T13:42:43,2026-07-27,RGA,HOLD,0,ADX Trend Following,HIGH,4,39.12,238.92,3.43,0.0,7.42,0.0,0.0,2026-08-10,1.0,1.7,66.7,2.17,16.22,-37.99,-8.59,14.0,3,2026-04-08 to 2026-07-24 (75 days),-1.0,65.5,0.2517,216.37,204.35,BULLISH,MEDIUM,Strong trend (ADX=49); Last surprise: +16.0%; Earnings conf adj: +1,7.45,-1.0,1.0,10,2026-08-06,15.97,1
2026-07-27T13:43:10,2026-07-27,PRI,HOLD,0,Momentum (Rate of Change),HIGH,4,39.12,314.59,2.87,0.0,10.04,0.0,0.0,2026-09-01,2.53,4.54,100.0,132.83,50.35,-33.78,-6.06,36.5,2,2026-04-08 to 2026-07-24 (75 days),-1.0,67.0,0.2117,285.58,265.78,BULLISH,MEDIUM,Strong trend (ADX=49),8.86,-1.0,1.0,9,2026-08-05,,0
2026-07-27T13:41:10,2026-07-27,LII,HOLD,0,Stochastic Oscillator,MEDIUM,3,39.07,541.13,4.52,0.0,6.78,0.0,0.0,2026-08-16,2.69,5.09,100.0,187.83,77.05,23.32,-4.58,20.0,2,2026-04-08 to 2026-07-24 (75 days),-1.0,50.0,0.262,527.68,508.53,BULLISH,MEDIUM,Earnings in 2d (2026-07-29); Last surprise: +5.3%; Earnings conf adj: -1,7.16,-1.0,1.0,2,2026-07-29,5.35,-1
2026-07-27T13:43:04,2026-07-27,GMED,HOLD,0,Stochastic Oscillator,MEDIUM,2,39.06,76.49,7.78,0.0,11.67,0.0,0.0,2026-08-20,0.48,0.74,100.0,34.43,10.01,56.6,-11.37,24.5,2,2026-04-08 to 2026-07-24 (75 days),-1.0,45.7,0.4939,79.5,83.42,BEARISH,HIGH,No special conditions,3.8,-1.0,1.0,10,2026-08-06,,0
2026-07-27T13:43:40,2026-07-27,HRB,HOLD,0,Stochastic Oscillator,HIGH,4,39.06,40.83,5.12,0.0,7.68,0.0,0.0,2026-08-18,1.98,6.92,100.0,290.81,139.16,-2.42,-9.23,22.0,2,2026-04-08 to 2026-07-24 (75 days),-1.0,58.3,0.3256,38.23,38.07,BULLISH,MEDIUM,No special conditions,5.76,-1.0,1.0,15,2026-08-11,,0
2026-07-27T13:40:41,2026-07-27,FOX,HOLD,0,Stochastic Oscillator,HIGH,5,39.05,49.41,4.2,0.0,6.3,0.0,0.0,2026-08-25,2.64,5.76,100.0,144.56,54.58,82.88,-5.16,29.0,1,2026-04-08 to 2026-07-24 (75 days),-1.0,45.2,0.3315,53.06,56.48,BEARISH,MEDIUM,Last surprise: +22.2%; Earnings conf adj: +1,5.66,-1.0,1.0,10,2026-08-06,22.22,1
2026-07-27T13:39:55,2026-07-27,BNY,HOLD,0,ADX Trend Following,HIGH,5,38.92,158.91,3.52,0.0,11.73,0.0,0.0,2026-08-27,2.55,4.6,100.0,137.88,55.74,-56.32,-3.34,31.5,2,2026-04-08 to 2026-07-24 (75 days),-1.0,63.5,0.2655,145.98,124.55,BULLISH,MEDIUM,Strong trend (ADX=46); Last surprise: +10.8%; Earnings conf adj: +1,7.06,-1.0,1.0,80,2026-10-15,10.81,1
2026-07-27T13:41:38,2026-07-27,PHM,HOLD,0,Stochastic Oscillator,HIGH,5,38.89,128.75,4.81,0.0,7.21,0.0,0.0,2026-08-27,2.25,4.42,100.0,186.63,79.55,53.13,-8.5,31.0,2,2026-04-08 to 2026-07-24 (75 days),-1.0,54.3,0.3369,123.2,123.59,BEARISH,MEDIUM,Last surprise: +5.1%; Earnings conf adj: +1,5.56,-1.0,1.0,85,2026-10-20,5.08,1
2026-07-27T13:43:29,2026-07-27,EXP,HOLD,0,Stochastic Oscillator,MEDIUM,2,38.73,213.55,5.39,0.0,8.08,0.0,0.0,2026-08-11,2.71,5.19,100.0,151.48,57.79,22.69,-5.71,15.5,2,2026-04-08 to 2026-07-24 (75 days),-1.0,52.0,0.3546,212.74,213.02,BEARISH,MEDIUM,Earnings in 2d (2026-07-29); Earnings conf adj: -2,5.29,-1.0,1.0,2,2026-07-29,,-2
2026-07-27T13:43:55,2026-07-27,KD,HOLD,0,Stochastic Oscillator,HIGH,4,38.69,12.05,10.42,0.0,15.63,0.0,0.0,2026-08-20,1.84,3.2,100.0,165.32,69.12,91.69,-11.72,24.0,2,2026-04-08 to 2026-07-24 (75 days),-1.0,52.4,0.454,11.77,18.32,BEARISH,HIGH,No special conditions,4.13,-1.0,1.0,9,2026-08-05,,0
2026-07-27T13:40:12,2026-07-27,CRL,HOLD,0,VWAP Trend,HIGH,5,38.68,226.58,6.06,0.0,6.31,0.0,0.0,2026-08-01,1.11,1.73,83.3,1.93,20.67,-120.01,-7.68,5.7,6,2026-04-08 to 2026-07-24 (75 days),-1.0,60.0,0.3357,196.69,185.64,BULLISH,MEDIUM,Strong trend (ADX=30); Last surprise: +5.6%; Earnings conf adj: +1,5.59,-1.0,1.0,9,2026-08-05,5.64,1
2026-07-27T13:40:49,2026-07-27,GS,HOLD,0,EMA Crossover (9/21),MEDIUM,3,38.67,1061.23,7.13,0.0,10.63,0.0,0.0,2026-08-04,0.31,0.57,100.0,16.19,4.56,-69.54,-8.42,8.0,2,2026-04-08 to 2026-07-24 (75 days),-1.0,49.8,0.4774,1041.2,904.36,BULLISH,HIGH,Last surprise: +44.3%; Earnings conf adj: +1,3.93,-1.0,1.0,78,2026-10-13,44.29,1
2026-07-27T13:42:09,2026-07-27,UNP,HOLD,0,EMA Crossover (9/21),HIGH,5,38.57,307.32,3.22,0.0,11.27,0.0,0.0,2026-09-11,1.96,3.68,100.0,158.61,65.75,-42.33,-7.76,46.5,2,2026-04-08 to 2026-07-24 (75 days),-1.0,73.0,0.2326,274.72,247.23,BULLISH,MEDIUM,RSI overbought; Strong trend (ADX=56); Last surprise: +5.2%; Earnings conf adj: +1,8.06,-1.0,1.0,87,2026-10-22,5.25,1
2026-07-27T13:42:14,2026-07-27,VTR,HOLD,0,ADX Trend Following,LOW,1,38.48,100.53,2.98,0.0,5.27,0.0,0.0,2026-08-05,2.39,4.23,50.0,2.49,47.03,-40.66,-9.6,9.5,6,2026-04-08 to 2026-07-24 (75 days),-1.0,77.6,0.2172,87.96,81.27,BULLISH,MEDIUM,RSI overbought; Price at statistical extreme; Strong trend (ADX=59); Earnings in 2d (2026-07-29); Last surprise: +0.0%; Earnings conf adj: -2,7.0,-1.0,1.0,2,2026-07-29,0.0,-2
2026-07-27T13:43:34,2026-07-27,HWC,HOLD,0,ADX Trend Following,HIGH,4,38.46,76.2,2.38,0.0,5.71,0.0,0.0,2026-08-11,2.28,3.71,75.0,4.98,43.19,-15.59,-4.4,15.5,4,2026-04-08 to 2026-07-24 (75 days),-1.0,57.3,0.1841,71.54,65.56,BULLISH,LOW,No special conditions,10.0,-1.0,1.0,78,2026-10-13,,0
2026-07-27T13:39:58,2026-07-27,CAH,HOLD,0,ADX Trend Following,HIGH,5,38.43,228.03,3.44,0.0,8.76,0.0,0.0,2026-08-22,2.77,5.01,100.0,144.3,58.91,36.07,-8.0,26.0,2,2026-04-08 to 2026-07-24 (75 days),-1.0,51.9,0.2181,217.95,206.02,BULLISH,MEDIUM,Strong trend (ADX=36); Last surprise: +13.6%; Earnings conf adj: +1,8.6,-1.0,1.0,15,2026-08-11,13.62,1
2026-07-27T13:43:04,2026-07-27,WMS,BUY,1,Stochastic Oscillator,HIGH,4,38.4,141.84,4.73,135.13,7.1,151.91,8.07,2026-08-20,1.29,2.33,100.0,114.5,41.12,53.0,-7.69,24.5,2,2026-04-08 to 2026-07-24 (75 days),0.528,45.3,0.305,141.83,147.23,BEARISH,MEDIUM,Size: Kelly 10.0% / VolTgt 6.2% / Blend 8.1%,6.15,-1.0,1.0,10,2026-08-06,,0
2026-07-27T13:42:53,2026-07-27,EQH,HOLD,0,MACD Crossover,MEDIUM,3,38.37,48.0,4.15,0.0,8.3,0.0,0.0,2026-08-13,0.7,1.04,100.0,32.32,10.39,-100.44,-5.76,17.5,2,2026-04-08 to 2026-07-24 (75 days),-1.0,58.3,0.321,44.26,43.76,BULLISH,MEDIUM,No special conditions,5.84,-1.0,1.0,8,2026-08-04,,0
2026-07-27T13:40:49,2026-07-27,GRMN,HOLD,0,ADX Trend Following,LOW,0,38.34,243.03,3.84,0.0,5.76,0.0,0.0,2026-08-17,-0.43,-0.59,66.7,0.68,-10.18,1.04,-12.29,21.0,3,2026-04-08 to 2026-07-24 (75 days),-1.0,52.2,0.26,237.83,227.26,BULLISH,MEDIUM,Earnings in 2d (2026-07-29); Last surprise: +13.0%; Earnings conf adj: -1,7.0,-1.0,1.0,2,2026-07-29,13.04,-1
2026-07-27T13:41:33,2026-07-27,OMC,HOLD,0,VWAP Trend,MEDIUM,2,38.26,79.66,4.66,0.0,9.07,0.0,0.0,2026-08-05,1.46,2.36,85.7,124.48,39.05,21.98,-7.45,9.4,7,2026-04-08 to 2026-07-24 (75 days),-1.0,52.8,0.3759,75.91,75.45,BULLISH,MEDIUM,Earnings in 1d (2026-07-28); Last surprise: +3.3%; Earnings conf adj: -2,4.99,-1.0,1.0,1,2026-07-28,3.26,-2
2026-07-27T13:39:36,2026-07-27,AES,HOLD,0,EMA Crossover (9/21),MEDIUM,3,38.23,14.84,1.5,0.0,2.15,0.0,0.0,2026-09-12,2.01,3.72,100.0,24.88,8.01,-7.5,-1.09,47.5,2,2026-04-08 to 2026-07-24 (75 days),-1.0,64.1,0.0397,14.68,14.31,BULLISH,LOW,Strong trend (ADX=45); Earnings in 3d (2026-07-30); Last surprise: +108.1%; Earnings conf adj: -1,10.0,-1.0,1.0,3,2026-07-30,108.11,-1
2026-07-27T13:40:57,2026-07-27,IEX,HOLD,0,ADX Trend Following,MEDIUM,2,38.19,223.27,2.52,0.0,5.04,0.0,0.0,2026-08-15,0.76,1.29,100.0,37.92,12.5,-41.97,-6.56,19.7,3,2026-04-08 to 2026-07-24 (75 days),-1.0,53.0,0.1653,217.95,194.75,BULLISH,LOW,Earnings in 2d (2026-07-29); Last surprise: +13.0%; Earnings conf adj: -1,10.0,-1.0,1.0,2,2026-07-29,12.99,-1
2026-07-27T13:41:35,2026-07-27,PCAR,EXIT,-1,VWAP Trend,MEDIUM,2,38.19,132.24,3.54,136.92,3.42,127.72,8.2,2026-07-29,2.05,3.43,80.0,3.55,21.57,-3.59,-2.98,2.2,10,2026-04-08 to 2026-07-24 (75 days),-1.0,67.9,0.2926,118.74,114.18,BULLISH,MEDIUM,Price at statistical extreme; Strong trend (ADX=46); Earnings in 1d (2026-07-28); Last surprise: -0.9%; Earnings conf adj: -2; Size: Kelly 10.0% / VolTgt 6.4% / Blend 8.2%,6.41,-1.0,1.0,1,2026-07-28,-0.86,-2
2026-07-27T13:42:20,2026-07-27,XOM,HOLD,0,VWAP Trend,HIGH,5,38.16,156.94,3.4,0.0,2.11,0.0,0.0,2026-07-28,1.82,6.07,75.0,3.9,13.92,9.97,-1.99,1.2,8,2026-04-08 to 2026-07-24 (75 days),-1.0,72.2,0.2452,146.52,136.91,BULLISH,MEDIUM,RSI overbought; Strong trend (ADX=47); Earnings in 4d (2026-07-31); Last surprise: +14.9%; Earnings conf adj: +1,7.65,-1.0,1.0,4,2026-07-31,14.85,1
2026-07-27T13:42:10,2026-07-27,URI,HOLD,0,ADX Trend Following,HIGH,5,38.08,1141.59,7.33,0.0,23.82,0.0,0.0,2026-09-07,2.26,4.53,100.0,220.42,102.16,-199.11,-7.33,42.0,2,2026-04-08 to 2026-07-24 (75 days),-1.0,62.1,0.4667,1047.57,898.3,BULLISH,HIGH,Strong trend (ADX=35); Last surprise: +10.1%; Earnings conf adj: +1,4.02,-1.0,1.0,86,2026-10-21,10.09,1
2026-07-27T13:43:08,2026-07-27,CTRE,HOLD,0,MACD Crossover,HIGH,4,38.07,43.25,3.41,0.0,9.76,0.0,0.0,2026-08-15,2.7,5.68,66.7,15.89,72.3,22.32,-4.07,19.3,3,2026-04-08 to 2026-07-24 (75 days),-1.0,64.1,0.2822,39.91,37.54,BULLISH,MEDIUM,Strong trend (ADX=44),6.64,-1.0,1.0,10,2026-08-06,,0
2026-07-27T13:40:48,2026-07-27,GPC,HOLD,0,VWAP Trend,MEDIUM,3,38.06,124.21,7.03,0.0,10.54,0.0,0.0,2026-08-02,1.0,2.05,55.6,1.67,32.47,-37.73,-15.54,6.3,9,2026-04-08 to 2026-07-24 (75 days),-1.0,59.7,0.557,109.05,117.38,BEARISH,HIGH,Strong trend (ADX=32); Last surprise: +3.4%,3.37,-1.0,1.0,85,2026-10-20,3.37,0
2026-07-27T13:39:37,2026-07-27,AEP,HOLD,0,Stochastic Oscillator,MEDIUM,2,38.02,135.54,2.87,0.0,4.3,0.0,0.0,2026-08-24,1.21,1.81,100.0,60.64,19.63,14.97,-6.55,28.0,2,2026-04-08 to 2026-07-24 (75 days),-1.0,55.8,0.2049,131.37,124.78,BULLISH,MEDIUM,Earnings in 3d (2026-07-30); Last surprise: +4.5%; Earnings conf adj: -2,9.15,-1.0,1.0,3,2026-07-30,4.46,-2
2026-07-27T13:40:56,2026-07-27,HWM,HOLD,0,Multi-Factor Momentum MR,HIGH,5,37.98,289.26,4.19,0.0,6.07,0.0,0.0,2026-08-07,2.3,4.05,100.0,65.28,23.58,-41.0,-2.88,11.0,1,2026-04-08 to 2026-07-24 (75 days),-1.0,66.1,0.2325,267.53,233.86,BULLISH,MEDIUM,Price at statistical extreme; Last surprise: +9.9%; Earnings conf adj: +1,8.07,-1.0,1.0,10,2026-08-06,9.91,1
2026-07-27T13:43:36,2026-07-27,SIGI,HOLD,0,ADX Trend Following,HIGH,4,37.96,96.33,4.1,0.0,8.81,0.0,0.0,2026-08-13,1.34,2.39,75.0,5.73,37.91,-42.59,-6.49,17.5,4,2026-04-08 to 2026-07-24 (75 days),-1.0,52.9,0.2676,92.62,83.47,BULLISH,MEDIUM,High volume,7.01,-1.0,1.0,86,2026-10-21,,0
2026-07-27T13:42:35,2026-07-27,TOST,HOLD,0,ADX Trend Following,HIGH,5,37.92,30.11,5.8,0.0,8.7,0.0,0.0,2026-08-15,2.9,5.0,66.7,36.67,128.79,63.09,-7.94,19.7,3,2026-04-09 to 2026-07-27 (75 days),-1.0,59.7,0.3642,26.54,30.47,BEARISH,MEDIUM,Last surprise: +7.4%; Earnings conf adj: +1,5.15,-1.0,1.0,8,2026-08-04,7.41,1
2026-07-27T13:43:47,2026-07-27,NWE,HOLD,0,VWAP Trend,LOW,1,37.85,72.86,3.17,0.0,2.24,0.0,0.0,2026-07-28,1.99,5.48,50.0,3.12,31.82,16.45,-3.2,1.6,8,2026-04-08 to 2026-07-24 (75 days),-1.0,56.3,0.2245,70.79,66.8,BULLISH,MEDIUM,Earnings in 2d (2026-07-29); Earnings conf adj: -2,7.0,-1.0,1.0,2,2026-07-29,,-2
2026-07-27T13:43:43,2026-07-27,QLYS,HOLD,0,VWAP Trend,HIGH,4,37.82,137.48,12.0,0.0,13.93,0.0,0.0,2026-08-02,3.65,7.75,60.0,4.69,304.45,-63.95,-7.9,6.1,10,2026-04-08 to 2026-07-24 (75 days),-1.0,48.5,0.7163,123.16,118.59,BULLISH,HIGH,Strong trend (ADX=41),2.62,-1.0,1.0,8,2026-08-04,,0
2026-07-27T13:42:49,2026-07-27,PAG,BUY,1,Momentum (Rate of Change),MEDIUM,3,37.79,217.35,6.42,203.4,16.05,252.23,7.08,2026-09-08,2.66,5.19,100.0,283.84,135.45,-103.01,-9.98,43.5,2,2026-04-08 to 2026-07-24 (75 days),0.762,75.1,0.4523,180.06,163.92,BULLISH,HIGH,RSI overbought; Strong trend (ADX=47); Earnings in 2d (2026-07-29); Last surprise: +5.9%; Earnings conf adj: -1; Size: Kelly 10.0% / VolTgt 4.2% / Blend 7.1%,4.15,-1.0,1.0,2,2026-07-29,5.9,-1
2026-07-27T13:43:27,2026-07-27,DBX,HOLD,0,Momentum (Rate of Change),HIGH,4,37.75,29.19,4.94,0.0,14.82,0.0,0.0,2026-09-01,1.44,2.68,100.0,164.11,67.01,-68.44,-10.69,36.0,2,2026-04-08 to 2026-07-24 (75 days),-1.0,54.5,0.3371,27.79,26.94,BULLISH,MEDIUM,No special conditions,5.56,-1.0,1.0,10,2026-08-06,,0
2026-07-27T13:40:50,2026-07-27,HAL,HOLD,0,Composite Multi-Indicator,HIGH,4,37.65,33.36,5.06,0.0,2.49,0.0,0.0,2026-07-28,1.74,32.98,100.0,18.87,6.21,39.91,-0.1,1.0,1,2026-04-08 to 2026-07-24 (75 days),-1.0,38.8,0.3167,37.19,33.31,BULLISH,MEDIUM,Strong trend (ADX=34); Last surprise: +1.9%,5.92,-1.0,1.0,85,2026-10-20,1.85,0
2026-07-27T13:43:01,2026-07-27,EGP,HOLD,0,SMA Crossover (10/50),HIGH,4,37.57,213.1,3.42,0.0,10.26,0.0,0.0,2026-09-14,1.95,3.06,100.0,115.02,45.29,1.68,-5.87,49.0,2,2026-04-08 to 2026-07-24 (75 days),-1.0,53.3,0.2579,205.41,188.08,BULLISH,MEDIUM,No special conditions,7.27,-1.0,1.0,87,2026-10-22,,0
2026-07-27T13:42:51,2026-07-27,CNH,HOLD,0,VWAP Trend,HIGH,4,37.55,11.15,4.8,0.0,10.63,0.0,0.0,2026-08-10,1.4,2.54,80.0,4.24,56.67,61.71,-10.19,14.4,5,2026-04-08 to 2026-07-24 (75 days),-1.0,60.5,0.3557,10.54,10.53,BULLISH,MEDIUM,High volume; Last surprise: +72.7%,5.27,-1.0,1.0,7,2026-08-03,72.73,0
2026-07-27T13:42:58,2026-07-27,NYT,HOLD,0,VWAP Trend,LOW,1,37.53,71.65,4.24,0.0,3.31,0.0,0.0,2026-07-28,-1.04,-1.24,55.6,0.72,-14.29,28.56,-7.23,1.7,9,2026-04-08 to 2026-07-24 (75 days),-1.0,44.0,0.3221,73.76,71.6,BULLISH,MEDIUM,No special conditions,5.82,-1.0,1.0,9,2026-08-05,,0
2026-07-27T13:42:22,2026-07-27,ZBRA,HOLD,0,VWAP Trend,HIGH,5,37.46,259.92,5.67,0.0,7.99,0.0,0.0,2026-08-06,1.14,1.95,62.5,2.5,46.94,-26.43,-17.02,10.1,8,2026-04-08 to 2026-07-24 (75 days),-1.0,51.9,0.3194,251.35,246.64,BULLISH,MEDIUM,Last surprise: +11.8%; Earnings conf adj: +1,5.87,-1.0,1.0,8,2026-08-04,11.76,1
2026-07-27T13:43:09,2026-07-27,TKR,HOLD,0,52-Week High Momentum,HIGH,4,37.4,141.3,4.82,0.0,14.46,0.0,0.0,2026-09-17,2.59,5.21,100.0,285.75,145.23,-24.87,-8.35,52.5,2,2026-04-08 to 2026-07-24 (75 days),-1.0,56.9,0.2765,133.68,102.93,BULLISH,MEDIUM,No special conditions,6.78,-1.0,1.0,8,2026-08-04,,0
2026-07-27T13:40:23,2026-07-27,DPZ,HOLD,0,Composite Multi-Indicator,HIGH,4,37.28,332.97,6.09,0.0,9.13,0.0,0.0,2026-08-27,2.69,5.82,100.0,175.45,72.75,105.39,-4.37,31.0,1,2026-04-08 to 2026-07-24 (75 days),-1.0,61.5,0.3947,309.43,370.5,BEARISH,MEDIUM,Strong trend (ADX=38); Last surprise: -2.4%,4.75,-1.0,1.0,78,2026-10-13,-2.4,0
2026-07-27T13:42:12,2026-07-27,VRSK,HOLD,0,VWAP Trend,MEDIUM,2,37.28,201.34,5.04,0.0,7.56,0.0,0.0,2026-08-08,2.08,3.75,57.1,2.92,85.29,23.94,-13.49,12.3,7,2026-04-08 to 2026-07-24 (75 days),-1.0,62.7,0.371,181.16,199.26,BEARISH,MEDIUM,Strong trend (ADX=34); Earnings in 2d (2026-07-29); Last surprise: +4.6%; Earnings conf adj: -2,5.05,-1.0,1.0,2,2026-07-29,4.6,-2
2026-07-27T13:42:40,2026-07-27,VNOM,HOLD,0,EMA Crossover (9/21),MEDIUM,2,37.25,45.13,3.29,0.0,8.22,0.0,0.0,2026-08-18,0.37,0.5,100.0,17.33,4.94,3.79,-10.9,22.0,2,2026-04-08 to 2026-07-24 (75 days),-1.0,60.1,0.2754,44.56,41.66,BULLISH,MEDIUM,Strong trend (ADX=50); Last surprise: +3.8%,6.81,-1.0,1.0,7,2026-08-03,3.77,0
2026-07-27T13:42:10,2026-07-27,V,HOLD,0,EMA Crossover (9/21),MEDIUM,3,37.2,355.74,3.02,0.0,7.55,0.0,0.0,2026-09-08,1.36,2.92,100.0,90.38,33.79,-28.98,-6.51,43.5,2,2026-04-08 to 2026-07-24 (75 days),-1.0,57.7,0.2465,336.46,328.95,BULLISH,MEDIUM,Strong trend (ADX=31); Earnings in 1d (2026-07-28); Last surprise: +6.8%; Earnings conf adj: -1,7.61,-1.0,1.0,1,2026-07-28,6.77,-1
2026-07-27T13:42:57,2026-07-27,GWRE,HOLD,0,Stochastic Oscillator,HIGH,4,37.07,138.23,10.58,0.0,15.87,0.0,0.0,2026-09-03,2.12,3.9,100.0,353.81,193.16,189.74,-24.39,38.5,2,2026-04-08 to 2026-07-24 (75 days),-1.0,53.0,0.5915,132.75,165.7,BEARISH,HIGH,No special conditions,3.17,-1.0,1.0,38,2026-09-03,,0
2026-07-27T13:43:15,2026-07-27,FR,HOLD,0,Momentum (Rate of Change),HIGH,4,37.03,66.99,3.37,0.0,10.42,0.0,0.0,2026-08-28,1.77,2.69,100.0,93.87,34.94,-12.73,-7.64,32.0,2,2026-04-08 to 2026-07-24 (75 days),-1.0,59.9,0.2339,63.08,58.89,BULLISH,MEDIUM,Strong trend (ADX=34),8.02,-1.0,1.0,86,2026-10-21,,0
2026-07-27T13:43:21,2026-07-27,STAG,HOLD,0,EMA Crossover (9/21),MEDIUM,2,37.03,41.11,2.98,0.0,7.45,0.0,0.0,2026-09-03,1.35,2.1,100.0,76.97,27.83,-7.76,-7.55,38.5,2,2026-04-08 to 2026-07-24 (75 days),-1.0,61.9,0.2554,38.49,37.59,BULLISH,MEDIUM,Strong trend (ADX=39); Earnings in 1d (2026-07-28); Earnings conf adj: -2,7.34,-1.0,1.0,1,2026-07-28,,-2
2026-07-27T13:43:02,2026-07-27,SANM,HOLD,0,VWAP Trend,LOW,1,36.96,208.43,11.34,0.0,9.03,0.0,0.0,2026-07-29,2.82,9.86,83.3,11.77,144.74,-144.44,-3.21,2.7,6,2026-04-08 to 2026-07-24 (75 days),-1.0,43.3,0.6979,236.66,175.53,BULLISH,HIGH,EARNINGS TODAY (2026-07-27); Earnings conf adj: -3,2.69,-1.0,1.0,0,2026-07-27,,-3
2026-07-27T13:41:40,2026-07-27,PODD,HOLD,0,ADX Trend Following,HIGH,5,36.93,163.26,5.44,0.0,4.61,0.0,0.0,2026-07-29,1.24,2.51,66.7,2.78,12.15,64.93,-3.04,2.3,3,2026-04-08 to 2026-07-24 (75 days),-1.0,54.9,0.3859,153.68,235.87,BEARISH,MEDIUM,Last surprise: +19.3%; Earnings conf adj: +1,4.86,-1.0,1.0,9,2026-08-05,19.33,1
2026-07-27T13:41:01,2026-07-27,ITW,HOLD,0,ADX Trend Following,MEDIUM,2,36.78,283.02,3.22,0.0,8.05,0.0,0.0,2026-08-14,1.01,1.56,66.7,1.87,17.83,-2.75,-7.1,18.0,3,2026-04-08 to 2026-07-24 (75 days),-1.0,65.0,0.2511,260.52,258.27,BULLISH,MEDIUM,Price at statistical extreme; Strong trend (ADX=37); Earnings in 1d (2026-07-28); Last surprise: +3.9%; Earnings conf adj: -2,7.47,-1.0,1.0,1,2026-07-28,3.91,-2
2026-07-27T13:42:59,2026-07-27,WTS,HOLD,0,VWAP Trend,MEDIUM,3,36.77,344.45,5.4,0.0,5.48,0.0,0.0,2026-07-29,1.22,2.7,54.5,2.28,25.84,-33.27,-5.31,2.5,11,2026-04-08 to 2026-07-24 (75 days),-1.0,49.4,0.4404,333.35,301.42,BULLISH,HIGH,No special conditions,4.26,-1.0,1.0,9,2026-08-05,,0
2026-07-27T13:40:51,2026-07-27,HD,HOLD,0,Stochastic Oscillator,MEDIUM,3,36.71,332.98,4.06,0.0,6.09,0.0,0.0,2026-08-14,0.79,1.29,100.0,40.2,11.43,12.12,-8.27,18.5,2,2026-04-08 to 2026-07-24 (75 days),-1.0,48.2,0.258,326.73,346.27,BEARISH,MEDIUM,Last surprise: +0.6%,7.27,-1.0,1.0,22,2026-08-18,0.59,0
2026-07-27T13:40:39,2026-07-27,FICO,HOLD,0,Stochastic Oscillator,MEDIUM,3,36.68,1237.37,6.27,0.0,9.4,0.0,0.0,2026-08-11,3.1,9.06,100.0,150.6,57.35,4.32,-2.83,15.0,1,2026-04-08 to 2026-07-24 (75 days),-1.0,52.8,0.392,1205.08,1387.5,BEARISH,MEDIUM,Earnings in 2d (2026-07-29); Last surprise: +13.9%; Earnings conf adj: -1,4.78,-1.0,1.0,2,2026-07-29,13.95,-1
2026-07-27T13:41:30,2026-07-27,NUE,HOLD,0,MACD Crossover,LOW,1,36.63,247.56,3.79,0.0,5.69,0.0,0.0,2026-08-06,1.35,2.1,100.0,50.41,17.03,-169.6,-6.68,10.0,2,2026-04-08 to 2026-07-24 (75 days),-1.0,61.3,0.3385,239.47,187.44,BULLISH,MEDIUM,Price at statistical extreme; EARNINGS TODAY (2026-07-27); Last surprise: +14.5%; Earnings conf adj: -3,5.54,-1.0,1.0,0,2026-07-27,14.54,-3
2026-07-27T13:43:48,2026-07-27,VNT,HOLD,0,SMA Crossover (10/50),HIGH,4,36.59,30.78,3.68,0.0,4.05,0.0,0.0,2026-07-31,2.63,34.43,100.0,32.23,11.02,56.83,-0.13,4.0,1,2026-04-08 to 2026-07-24 (75 days),-1.0,60.7,0.2575,29.17,35.53,BEARISH,MEDIUM,No special conditions,7.28,-1.0,1.0,10,2026-08-06,,0
2026-07-27T13:39:55,2026-07-27,BRO,HOLD,0,ADX Trend Following,LOW,1,36.55,67.66,5.68,0.0,8.52,0.0,0.0,2026-08-16,1.83,3.49,100.0,117.34,45.89,45.39,-6.59,20.5,2,2026-04-08 to 2026-07-24 (75 days),-1.0,56.5,0.4071,61.87,71.24,BEARISH,HIGH,EARNINGS TODAY (2026-07-27); Last surprise: +2.2%; Earnings conf adj: -3,4.61,-1.0,1.0,0,2026-07-27,2.21,-3
2026-07-27T13:43:32,2026-07-27,INGR,HOLD,0,VWAP Trend,LOW,1,36.36,101.12,3.29,0.0,4.94,0.0,0.0,2026-08-09,-0.37,-0.51,60.0,0.82,-6.7,23.91,-8.93,13.4,5,2026-04-08 to 2026-07-24 (75 days),-1.0,54.3,0.2193,99.65,108.31,BEARISH,MEDIUM,No special conditions,7.0,-1.0,1.0,8,2026-08-04,,0
2026-07-27T13:43:25,2026-07-27,LEA,HOLD,0,EMA Crossover (9/21),HIGH,4,36.3,143.6,3.82,0.0,11.46,0.0,0.0,2026-09-06,1.5,2.53,100.0,126.4,49.55,-14.84,-7.81,41.5,2,2026-04-08 to 2026-07-24 (75 days),-1.0,59.1,0.2749,138.91,122.32,BULLISH,MEDIUM,Earnings in 4d (2026-07-31),6.82,-1.0,1.0,4,2026-07-31,,0
2026-07-27T13:42:52,2026-07-27,AMH,HOLD,0,Multi-Factor Momentum MR,MEDIUM,2,36.25,33.37,2.71,0.0,5.42,0.0,0.0,2026-09-16,1.08,1.83,100.0,44.41,15.54,-43.7,-4.52,51.0,1,2026-04-08 to 2026-07-24 (75 days),-1.0,51.3,0.2021,32.7,30.95,BULLISH,MEDIUM,Earnings in 3d (2026-07-30); Earnings conf adj: -2,9.28,-1.0,1.0,3,2026-07-30,,-2
2026-07-27T13:42:07,2026-07-27,UAL,HOLD,0,Stochastic Oscillator,HIGH,5,36.21,118.27,6.07,0.0,9.11,0.0,0.0,2026-08-15,2.31,5.59,100.0,230.74,99.9,-1.44,-10.92,19.0,2,2026-04-08 to 2026-07-24 (75 days),-1.0,47.0,0.2806,115.46,104.97,BULLISH,MEDIUM,Strong trend (ADX=34); Last surprise: +7.6%; Earnings conf adj: +1,6.68,-1.0,1.0,86,2026-10-21,7.57,1
2026-07-27T13:42:38,2026-07-27,WPC,HOLD,0,SMA Crossover (10/50),MEDIUM,3,36.15,76.69,2.53,0.0,6.32,0.0,0.0,2026-09-02,1.01,1.33,100.0,46.56,16.14,-17.01,-7.16,37.0,2,2026-04-08 to 2026-07-24 (75 days),-1.0,66.5,0.2082,73.06,68.62,BULLISH,MEDIUM,Strong trend (ADX=41); Earnings in 1d (2026-07-28); Last surprise: +12.7%; Earnings conf adj: -1,9.0,-1.0,1.0,1,2026-07-28,12.7,-1
2026-07-27T13:40:37,2026-07-27,FCX,HOLD,0,Stochastic Oscillator,HIGH,5,36.12,62.6,9.25,0.0,13.88,0.0,0.0,2026-08-15,1.44,2.48,100.0,130.6,48.09,59.19,-12.81,19.5,2,2026-04-08 to 2026-07-24 (75 days),-1.0,51.2,0.471,63.56,56.35,BULLISH,HIGH,Last surprise: +19.4%; Earnings conf adj: +1,3.98,-1.0,1.0,87,2026-10-22,19.35,1
2026-07-27T13:43:28,2026-07-27,PPC,HOLD,0,SMA Crossover (10/50),MEDIUM,2,36.11,28.68,5.12,0.0,3.03,0.0,0.0,2026-07-28,1.77,46.54,100.0,26.22,8.84,62.47,-0.1,1.0,1,2026-04-08 to 2026-07-24 (75 days),-1.0,51.0,0.3849,28.47,35.75,BEARISH,MEDIUM,Earnings in 2d (2026-07-29); Earnings conf adj: -2,4.87,-1.0,1.0,2,2026-07-29,,-2
2026-07-27T13:40:15,2026-07-27,CVX,HOLD,0,Donchian Breakout (20/55),HIGH,5,36.07,194.79,2.91,0.0,4.73,0.0,0.0,2026-08-03,3.54,46.93,100.0,38.55,12.96,6.31,-0.2,7.0,1,2026-04-08 to 2026-07-24 (75 days),-1.0,71.4,0.2268,182.58,172.25,BULLISH,MEDIUM,RSI overbought; Strong trend (ADX=53); Earnings in 4d (2026-07-31); Last surprise: +45.4%; Earnings conf adj: +1,8.27,-1.0,1.0,4,2026-07-31,45.36,1
2026-07-27T13:41:53,2026-07-27,STE,HOLD,0,Stochastic Oscillator,MEDIUM,3,36.06,214.07,4.04,0.0,6.06,0.0,0.0,2026-08-14,0.76,1.15,100.0,39.47,12.29,27.07,-5.88,18.5,2,2026-04-08 to 2026-07-24 (75 days),-1.0,51.7,0.3392,211.61,233.91,BEARISH,MEDIUM,Last surprise: -0.7%,5.53,-1.0,1.0,9,2026-08-05,-0.7,0
2026-07-27T13:42:19,2026-07-27,WST,HOLD,0,PEAD Earnings Drift,HIGH,5,36.06,328.2,5.18,0.0,15.54,0.0,0.0,2026-11-09,3.36,7.77,100.0,374.99,194.49,89.25,-7.89,105.0,1,2026-04-08 to 2026-07-24 (75 days),-1.0,36.5,0.337,334.74,282.81,BULLISH,MEDIUM,High volume; Price at statistical extreme; Last surprise: +13.9%; Earnings conf adj: +1,5.56,-1.0,1.0,87,2026-10-22,13.94,1
2026-07-27T13:40:30,2026-07-27,EME,HOLD,0,EMA Crossover (9/21),MEDIUM,3,35.98,744.85,7.05,0.0,5.47,0.0,0.0,2026-07-30,1.65,22.75,100.0,19.44,6.05,23.64,-0.2,3.0,1,2026-04-08 to 2026-07-24 (75 days),-1.0,39.4,0.4014,817.86,742.74,BULLISH,HIGH,Strong trend (ADX=41); Earnings in 3d (2026-07-30); Last surprise: +15.9%; Earnings conf adj: -1,4.67,-1.0,1.0,3,2026-07-30,15.93,-1
2026-07-27T13:41:04,2026-07-27,JNJ,HOLD,0,Stochastic Oscillator,MEDIUM,3,35.94,263.4,3.53,0.0,5.29,0.0,0.0,2026-08-11,0.82,1.37,100.0,33.08,8.01,-29.42,-4.14,15.0,2,2026-04-08 to 2026-07-24 (75 days),-1.0,62.7,0.3096,241.72,222.92,BULLISH,MEDIUM,Last surprise: +1.8%,6.06,-1.0,1.0,78,2026-10-13,1.75,0
2026-07-27T13:42:08,2026-07-27,UHS,HOLD,0,Stochastic Oscillator,LOW,1,35.86,155.75,5.26,0.0,7.89,0.0,0.0,2026-08-30,2.21,3.97,100.0,109.26,41.34,87.2,-3.9,34.0,1,2026-04-08 to 2026-07-24 (75 days),-1.0,56.2,0.3822,151.58,192.3,BEARISH,MEDIUM,EARNINGS TODAY (2026-07-27); Last surprise: +2.9%; Earnings conf adj: -3,4.91,-1.0,1.0,0,2026-07-27,2.93,-3
2026-07-27T13:41:15,2026-07-27,MA,HOLD,0,MACD Crossover,MEDIUM,2,35.83,539.66,3.15,0.0,4.72,0.0,0.0,2026-08-14,1.96,3.56,66.7,11.12,34.98,9.96,-3.85,18.7,3,2026-04-08 to 2026-07-24 (75 days),-1.0,59.0,0.2547,506.54,526.3,BEARISH,MEDIUM,Strong trend (ADX=32); Earnings in 3d (2026-07-30); Last surprise: +4.3%; Earnings conf adj: -2,7.36,-1.0,1.0,3,2026-07-30,4.31,-2
2026-07-27T13:39:46,2026-07-27,ARES,HOLD,0,Stochastic Oscillator,MEDIUM,3,35.81,126.51,5.29,0.0,7.94,0.0,0.0,2026-08-21,2.87,6.46,100.0,174.74,68.91,-27.35,-4.86,25.0,1,2026-04-08 to 2026-07-24 (75 days),-1.0,57.7,0.383,122.94,132.27,BEARISH,MEDIUM,Earnings in 4d (2026-07-31); Last surprise: -6.8%; Earnings conf adj: -1,4.9,-1.0,1.0,4,2026-07-31,-6.77,-1
2026-07-27T13:40:50,2026-07-27,HBAN,HOLD,0,EMA Crossover (9/21),MEDIUM,3,35.8,17.36,3.67,0.0,9.18,0.0,0.0,2026-08-23,0.88,1.25,66.7,2.46,18.91,-7.55,-6.64,27.3,3,2026-04-08 to 2026-07-24 (75 days),-1.0,45.5,0.2718,16.97,16.5,BULLISH,MEDIUM,High volume; Strong trend (ADX=30); Last surprise: +0.0%,6.9,-1.0,1.0,87,2026-10-22,0.0,0
2026-07-27T13:41:00,2026-07-27,IRM,HOLD,0,Stochastic Oscillator,HIGH,5,35.8,128.31,4.68,0.0,7.02,0.0,0.0,2026-08-13,3.15,10.01,100.0,107.51,37.75,-52.4,-1.51,17.0,1,2026-04-08 to 2026-07-24 (75 days),-1.0,59.5,0.3112,125.05,105.3,BULLISH,MEDIUM,Last surprise: +15.4%; Earnings conf adj: +1,6.03,-1.0,1.0,9,2026-08-05,15.38,1
2026-07-27T13:40:51,2026-07-27,HAS,BUY,1,ADX Trend Following,HIGH,5,35.78,88.79,6.23,83.26,4.56,92.84,7.29,2026-07-29,1.84,114.9,100.0,90.31,33.29,48.16,-0.2,2.0,1,2026-04-08 to 2026-07-24 (75 days),0.492,63.5,0.4098,84.68,85.95,BEARISH,HIGH,Strong trend (ADX=39); Last surprise: +13.3%; Earnings conf adj: +1; Size: Kelly 10.0% / VolTgt 4.6% / Blend 7.3%,4.58,-1.0,1.0,87,2026-10-22,13.27,1
2026-07-27T13:43:57,2026-07-27,XLE,HOLD,0,Donchian Breakout (20/55),HIGH,4,35.75,59.62,2.27,0.0,2.9,0.0,0.0,2026-07-31,2.99,33.55,100.0,28.0,9.1,-3.13,-0.2,4.0,1,2026-04-08 to 2026-07-24 (75 days),-1.0,69.7,0.1839,56.53,51.64,BULLISH,LOW,Strong trend (ADX=49),10.0,-1.0,1.0,-1,,,0
2026-07-27T13:42:12,2026-07-27,VRSN,HOLD,0,Momentum (Rate of Change),HIGH,4,35.67,280.0,4.56,0.0,13.68,0.0,0.0,2026-09-03,1.12,1.79,100.0,99.13,32.53,19.6,-11.72,38.5,2,2026-04-08 to 2026-07-24 (75 days),-1.0,59.2,0.3367,277.57,255.38,BULLISH,MEDIUM,High volume; Last surprise: +1.3%,5.57,-1.0,1.0,87,2026-10-22,1.28,0
2026-07-27T13:42:19,2026-07-27,WTW,HOLD,0,Composite Multi-Indicator,MEDIUM,2,35.67,295.11,3.48,0.0,5.22,0.0,0.0,2026-09-01,2.84,7.16,100.0,159.6,64.95,58.53,-3.53,36.0,1,2026-04-08 to 2026-07-24 (75 days),-1.0,63.0,0.3267,267.43,297.07,BEARISH,MEDIUM,Earnings in 3d (2026-07-30); Last surprise: +1.9%; Earnings conf adj: -2,5.74,-1.0,1.0,3,2026-07-30,1.92,-2
2026-07-27T13:43:38,2026-07-27,MUR,HOLD,0,Donchian Breakout (20/55),HIGH,4,35.64,38.95,6.54,0.0,6.64,0.0,0.0,2026-07-31,2.17,7.97,100.0,56.56,19.76,18.11,-1.24,4.0,1,2026-04-08 to 2026-07-24 (75 days),-1.0,64.0,0.4216,36.56,33.8,BULLISH,HIGH,Strong trend (ADX=52),4.45,-1.0,1.0,9,2026-08-05,,0
2026-07-27T13:43:43,2026-07-27,FOUR,HOLD,0,Stochastic Oscillator,HIGH,4,35.63,48.35,10.55,0.0,15.83,0.0,0.0,2026-08-29,1.42,2.42,100.0,199.24,84.36,24.79,-25.78,33.5,2,2026-04-08 to 2026-07-24 (75 days),-1.0,52.2,0.5544,44.51,55.52,BEARISH,HIGH,No special conditions,3.38,-1.0,1.0,10,2026-08-06,,0
2026-07-27T13:43:57,2026-07-27,XLF,HOLD,0,EMA Crossover (9/21),HIGH,4,35.51,56.31,1.5,0.0,4.5,0.0,0.0,2026-08-28,2.15,3.76,66.7,46.79,29.29,-10.63,-4.74,32.3,3,2026-04-08 to 2026-07-24 (75 days),-1.0,63.7,0.1387,53.52,52.38,BULLISH,LOW,No special conditions,10.0,-1.0,1.0,-1,,,0
2026-07-27T13:42:00,2026-07-27,TMO,HOLD,0,ADX Trend Following,HIGH,5,35.5,568.26,4.55,0.0,6.82,0.0,0.0,2026-08-06,1.56,2.42,75.0,2.6,49.57,-1.98,-9.8,10.5,4,2026-04-08 to 2026-07-24 (75 days),-1.0,70.8,0.371,491.78,528.84,BEARISH,MEDIUM,RSI overbought; Price at statistical extreme; Strong trend (ADX=41); Last surprise: +5.6%; Earnings conf adj: +1,5.05,-1.0,1.0,86,2026-10-21,5.6,1
2026-07-27T13:41:06,2026-07-27,KKR,HOLD,0,VWAP Trend,LOW,1,35.49,99.36,4.9,0.0,7.35,0.0,0.0,2026-08-06,0.93,1.45,50.0,1.73,22.19,0.42,-11.69,10.1,8,2026-04-08 to 2026-07-24 (75 days),-1.0,56.4,0.3483,95.49,107.43,BEARISH,MEDIUM,Earnings in 3d (2026-07-30); Last surprise: +10.3%; Earnings conf adj: -1,5.38,-1.0,1.0,3,2026-07-30,10.32,-1
2026-07-27T13:43:53,2026-07-27,AVNT,HOLD,0,Stochastic Oscillator,HIGH,4,35.47,37.6,7.02,0.0,10.53,0.0,0.0,2026-08-23,1.39,2.36,100.0,112.92,41.9,34.04,-13.74,27.0,2,2026-04-08 to 2026-07-24 (75 days),-1.0,54.8,0.4427,35.87,34.48,BULLISH,HIGH,No special conditions,4.24,-1.0,1.0,10,2026-08-06,,0
2026-07-27T13:43:53,2026-07-27,MMS,HOLD,0,ADX Trend Following,LOW,1,35.47,59.67,4.67,0.0,7.0,0.0,0.0,2026-08-07,-1.32,-1.64,66.7,0.36,-24.29,0.0,-14.14,11.3,3,2026-04-08 to 2026-07-24 (75 days),-1.0,57.6,0.2709,58.69,73.94,BEARISH,MEDIUM,No special conditions,6.92,-1.0,1.0,10,2026-08-06,,0
2026-07-27T13:41:23,2026-07-27,MS,HOLD,0,Composite Multi-Indicator,HIGH,5,35.46,214.48,4.97,0.0,6.56,0.0,0.0,2026-08-02,3.18,67.13,100.0,67.57,23.65,-75.97,-0.3,6.0,1,2026-04-08 to 2026-07-24 (75 days),-1.0,47.8,0.3403,212.65,181.92,BULLISH,MEDIUM,Last surprise: +18.1%; Earnings conf adj: +1,5.51,-1.0,1.0,79,2026-10-14,18.09,1
2026-07-27T13:41:28,2026-07-27,NKE,BUY,1,Stochastic Oscillator,HIGH,5,35.43,41.7,4.84,39.68,7.26,44.73,7.64,2026-09-04,1.27,2.12,100.0,94.15,34.58,42.68,-9.9,39.0,2,2026-04-08 to 2026-07-24 (75 days),0.389,43.4,0.3543,43.42,54.49,BEARISH,MEDIUM,Last surprise: +453.8%; Earnings conf adj: +1; Size: Kelly 10.0% / VolTgt 5.3% / Blend 7.6%,5.29,-1.0,1.0,64,2026-09-29,453.85,1
2026-07-27T13:41:59,2026-07-27,TJX,HOLD,0,Stochastic Oscillator,HIGH,4,35.39,154.22,2.5,0.0,3.75,0.0,0.0,2026-08-21,0.58,1.02,100.0,31.53,8.61,22.44,-6.56,25.5,2,2026-04-08 to 2026-07-24 (75 days),-1.0,47.9,0.1997,156.5,153.37,BULLISH,LOW,Last surprise: +16.7%; Earnings conf adj: +1,9.39,-1.0,1.0,23,2026-08-19,16.67,1
2026-07-27T13:41:45,2026-07-27,RF,EXIT,-1,Multi-Factor Momentum MR,HIGH,5,35.37,30.86,3.32,31.88,9.96,27.79,8.86,2026-10-12,2.11,3.35,100.0,126.57,49.49,-4.03,-5.37,77.0,1,2026-04-08 to 2026-07-24 (75 days),-1.0,55.4,0.2429,29.16,27.11,BULLISH,MEDIUM,Last surprise: +7.9%; Earnings conf adj: +1; Size: Kelly 10.0% / VolTgt 7.7% / Blend 8.9%,7.72,-1.0,1.0,81,2026-10-16,7.94,1
2026-07-27T13:43:12,2026-07-27,ADC,HOLD,0,ADX Trend Following,LOW,0,35.33,80.63,2.05,0.0,4.1,0.0,0.0,2026-08-04,0.7,1.18,50.0,1.63,8.12,-14.45,-5.57,8.8,4,2026-04-08 to 2026-07-24 (75 days),-1.0,65.0,0.1968,75.87,74.13,BULLISH,LOW,Strong trend (ADX=37); Earnings in 3d (2026-07-30); Earnings conf adj: -2,7.0,-1.0,1.0,3,2026-07-30,,-2
2026-07-27T13:40:02,2026-07-27,CF,HOLD,0,Donchian Breakout (20/55),HIGH,5,35.32,125.07,5.14,0.0,8.65,0.0,0.0,2026-08-11,2.52,7.01,100.0,95.91,35.63,37.19,-2.56,15.0,1,2026-04-08 to 2026-07-24 (75 days),-1.0,64.6,0.2838,114.96,101.67,BULLISH,MEDIUM,Strong trend (ADX=43); Last surprise: +8.6%; Earnings conf adj: +1,6.61,-1.0,1.0,9,2026-08-05,8.65,1
2026-07-27T13:43:45,2026-07-27,TNL,HOLD,0,ADX Trend Following,HIGH,4,35.32,74.05,4.57,0.0,9.76,0.0,0.0,2026-08-12,1.45,2.22,75.0,7.8,36.06,32.28,-7.02,16.2,4,2026-04-08 to 2026-07-24 (75 days),-1.0,50.8,0.308,71.7,68.91,BULLISH,MEDIUM,No special conditions,6.09,-1.0,1.0,86,2026-10-21,,0
2026-07-27T13:43:56,2026-07-27,COPX,HOLD,0,Stochastic Oscillator,MEDIUM,3,35.29,77.72,7.41,0.0,11.12,0.0,0.0,2026-08-17,0.81,1.25,100.0,72.28,23.79,39.61,-13.42,21.0,2,2026-04-08 to 2026-07-24 (75 days),-1.0,49.3,0.4656,81.24,76.17,BULLISH,HIGH,No special conditions,4.03,-1.0,1.0,-1,,,0
2026-07-27T13:43:32,2026-07-27,TXNM,BUY,1,Momentum (Rate of Change),MEDIUM,2,35.28,58.4,1.5,57.52,2.8,60.04,10.0,2026-08-25,0.17,0.28,100.0,14.31,0.42,2.41,-1.62,29.5,2,2026-04-08 to 2026-07-24 (75 days),0.599,65.9,0.0654,57.96,57.88,BULLISH,LOW,Strong trend (ADX=34); Earnings in 4d (2026-07-31); Size: Kelly 10.0% / VolTgt 10.0% / Blend 10.0%,10.0,-1.0,1.0,4,2026-07-31,,0
2026-07-27T13:41:18,2026-07-27,META,HOLD,0,VWAP Trend,MEDIUM,2,35.26,595.19,9.01,0.0,12.42,0.0,0.0,2026-08-04,0.89,1.32,66.7,1.82,30.88,39.85,-17.26,8.2,9,2026-04-08 to 2026-07-24 (75 days),-1.0,43.8,0.551,605.83,637.12,BEARISH,HIGH,Earnings in 2d (2026-07-29); Last surprise: +7.2%; Earnings conf adj: -1,3.4,-1.0,1.0,2,2026-07-29,7.18,-1
2026-07-27T13:43:23,2026-07-27,NOV,HOLD,0,EMA Crossover (9/21),MEDIUM,2,35.26,20.76,3.99,0.0,4.26,0.0,0.0,2026-07-31,2.33,10.79,100.0,60.89,21.46,-14.42,-0.98,4.0,1,2026-04-08 to 2026-07-24 (75 days),-1.0,66.0,0.2703,19.76,17.83,BULLISH,MEDIUM,Price at statistical extreme; Earnings in 1d (2026-07-28); Earnings conf adj: -2,6.94,-1.0,1.0,1,2026-07-28,,-2
2026-07-27T13:43:57,2026-07-27,USO,HOLD,0,EMA Crossover (9/21),HIGH,4,35.26,136.69,7.56,0.0,7.68,0.0,0.0,2026-07-31,2.19,7.41,100.0,88.08,32.35,-4.8,-2.11,4.0,1,2026-04-08 to 2026-07-24 (75 days),-1.0,67.2,0.488,125.38,98.85,BULLISH,HIGH,Strong trend (ADX=50),3.84,-1.0,1.0,-1,,,0
2026-07-27T13:42:47,2026-07-27,MLI,HOLD,0,Stochastic Oscillator,HIGH,4,35.22,63.91,5.89,0.0,8.83,0.0,0.0,2026-08-19,2.03,5.12,100.0,112.03,37.77,7.04,-4.2,23.0,1,2026-04-08 to 2026-07-24 (75 days),-1.0,58.5,0.4623,64.04,59.56,BULLISH,HIGH,Strong trend (ADX=38); Last surprise: +1.7%,4.06,-1.0,1.0,85,2026-10-20,1.74,0
2026-07-27T13:42:39,2026-07-27,MEDP,HOLD,0,Composite Multi-Indicator,HIGH,5,35.2,601.38,8.78,0.0,13.17,0.0,0.0,2026-10-27,3.91,11.46,100.0,527.6,321.33,257.95,-6.58,92.0,1,2026-04-08 to 2026-07-24 (75 days),-1.0,73.4,0.5823,488.27,516.59,BEARISH,HIGH,RSI overbought; Price at statistical extreme; Strong trend (ADX=40); Last surprise: +6.2%; Earnings conf adj: +1,3.22,-1.0,1.0,84,2026-10-19,6.25,1
2026-07-27T13:43:32,2026-07-27,M,HOLD,0,Stochastic Oscillator,HIGH,4,35.18,23.38,5.5,0.0,8.25,0.0,0.0,2026-08-11,2.77,5.69,100.0,184.61,68.8,-65.8,-4.11,15.0,2,2026-04-08 to 2026-07-24 (75 days),-1.0,50.0,0.3667,22.69,20.55,BULLISH,MEDIUM,No special conditions,5.11,-1.0,1.0,37,2026-09-02,,0
2026-07-27T13:40:29,2026-07-27,EIX,HOLD,0,Composite Multi-Indicator,MEDIUM,3,35.15,79.75,3.35,0.0,8.38,0.0,0.0,2026-09-18,3.37,6.04,100.0,166.99,68.54,36.37,-3.4,53.0,1,2026-04-08 to 2026-07-24 (75 days),-1.0,69.1,0.2168,72.79,65.02,BULLISH,MEDIUM,Strong trend (ADX=56); Earnings in 3d (2026-07-30); Last surprise: +7.6%; Earnings conf adj: -1,8.65,-1.0,1.0,3,2026-07-30,7.58,-1
2026-07-27T13:40:25,2026-07-27,DTE,HOLD,0,Stochastic Oscillator,MEDIUM,2,35.12,149.46,2.92,0.0,4.38,0.0,0.0,2026-08-19,1.25,1.9,100.0,53.44,17.09,12.75,-3.76,23.5,2,2026-04-08 to 2026-07-24 (75 days),-1.0,52.4,0.2131,146.47,139.69,BULLISH,MEDIUM,Earnings in 1d (2026-07-28); Last surprise: -3.9%; Earnings conf adj: -2,8.8,-1.0,1.0,1,2026-07-28,-3.94,-2
2026-07-27T13:42:14,2026-07-27,WAB,HOLD,0,Stochastic Oscillator,HIGH,5,35.1,302.5,5.47,0.0,8.21,0.0,0.0,2026-08-12,2.6,14.45,100.0,166.95,66.25,17.74,-2.29,16.0,1,2026-04-08 to 2026-07-24 (75 days),-1.0,75.1,0.4412,265.71,239.82,BULLISH,HIGH,RSI overbought; Price at statistical extreme; Strong trend (ADX=35); Last surprise: +5.7%; Earnings conf adj: +1,4.25,-1.0,1.0,86,2026-10-21,5.75,1
2026-07-27T13:40:08,2026-07-27,COF,HOLD,0,ADX Trend Following,MEDIUM,2,35.03,202.84,4.47,0.0,6.71,0.0,0.0,2026-08-10,0.46,0.71,60.0,1.39,8.93,-12.42,-12.31,14.8,5,2026-04-08 to 2026-07-24 (75 days),-1.0,52.1,0.3175,194.52,206.19,BEARISH,MEDIUM,Last surprise: +23.9%; Earnings conf adj: +1,5.91,-1.0,1.0,85,2026-10-20,23.88,1
2026-07-27T13:41:03,2026-07-27,JKHY,HOLD,0,Composite Multi-Indicator,HIGH,5,35.03,150.58,4.8,0.0,7.2,0.0,0.0,2026-09-15,2.23,3.59,100.0,150.84,60.74,74.51,-5.69,50.0,1,2026-04-08 to 2026-07-24 (75 days),-1.0,59.4,0.3403,138.17,158.23,BEARISH,MEDIUM,Strong trend (ADX=31); Last surprise: +9.9%; Earnings conf adj: +1,5.51,-1.0,1.0,22,2026-08-18,9.86,1
2026-07-27T13:42:47,2026-07-27,RRX,HOLD,0,Stochastic Oscillator,HIGH,4,34.95,212.74,8.49,0.0,12.73,0.0,0.0,2026-08-12,1.02,1.79,100.0,65.81,21.62,5.93,-6.64,16.0,2,2026-04-08 to 2026-07-24 (75 days),-1.0,49.3,0.4788,211.36,181.62,BULLISH,HIGH,Last surprise: +2.8%,3.92,-1.0,1.0,9,2026-08-05,2.84,0
2026-07-27T13:43:30,2026-07-27,LSTR,HOLD,0,ADX Trend Following,MEDIUM,2,34.89,200.28,4.48,0.0,2.58,0.0,0.0,2026-07-29,2.17,31.82,100.0,26.54,8.58,-62.49,-0.2,2.0,1,2026-04-08 to 2026-07-24 (75 days),-1.0,39.2,0.2314,206.33,162.93,BULLISH,MEDIUM,Price at statistical extreme; Earnings in 1d (2026-07-28); Earnings conf adj: -2,8.1,-1.0,1.0,1,2026-07-28,,-2
2026-07-27T13:39:59,2026-07-27,CBRE,HOLD,0,VWAP Trend,LOW,0,34.88,139.46,4.82,0.0,7.23,0.0,0.0,2026-08-05,-0.58,-0.76,50.0,0.75,-14.27,-7.21,-13.01,9.3,6,2026-04-08 to 2026-07-24 (75 days),-1.0,52.9,0.3723,134.33,148.11,BEARISH,MEDIUM,Earnings in 2d (2026-07-29); Last surprise: +42.5%; Earnings conf adj: -2,5.04,-1.0,1.0,2,2026-07-29,42.48,-2
2026-07-27T13:43:14,2026-07-27,WAL,HOLD,-1,VWAP Trend,LOW,1,34.88,83.11,4.3,86.68,5.7,78.37,0.0,2026-08-02,0.25,0.34,62.5,1.45,3.15,-41.45,-9.46,6.5,8,2026-04-08 to 2026-07-24 (75 days),-1.0,55.4,0.2839,80.27,80.51,BEARISH,MEDIUM,No special conditions,6.6,-1.0,1.0,86,2026-10-21,,0
2026-07-27T13:40:04,2026-07-27,CL,HOLD,0,MACD Crossover,HIGH,4,34.84,90.75,3.55,0.0,10.65,0.0,0.0,2026-09-05,1.08,1.66,100.0,58.42,20.82,-6.5,-6.0,40.5,2,2026-04-08 to 2026-07-24 (75 days),-1.0,49.1,0.2606,90.09,84.67,BULLISH,MEDIUM,Earnings in 4d (2026-07-31); Last surprise: +3.2%,7.19,-1.0,1.0,4,2026-07-31,3.19,0
2026-07-27T13:40:36,2026-07-27,FANG,HOLD,0,ADX Trend Following,HIGH,5,34.84,204.68,4.27,0.0,3.23,0.0,0.0,2026-07-28,1.87,3.77,80.0,3.43,18.77,-21.16,-2.67,1.6,5,2026-04-08 to 2026-07-24 (75 days),-1.0,66.9,0.3239,192.37,171.07,BULLISH,MEDIUM,Strong trend (ADX=52); Last surprise: +12.8%; Earnings conf adj: +1,5.79,-1.0,1.0,7,2026-08-03,12.8,1
2026-07-27T13:41:48,2026-07-27,RTX,HOLD,0,Composite Multi-Indicator,HIGH,5,34.79,212.79,3.86,0.0,13.51,0.0,0.0,2026-08-28,3.01,8.27,100.0,169.27,69.67,51.55,-3.96,32.0,1,2026-04-08 to 2026-07-24 (75 days),-1.0,74.0,0.3296,186.21,185.53,BULLISH,MEDIUM,RSI overbought; Price at statistical extreme; Strong trend (ADX=33); Last surprise: +13.9%; Earnings conf adj: +1,5.69,-1.0,1.0,85,2026-10-20,13.86,1
2026-07-27T13:43:32,2026-07-27,WFRD,HOLD,0,VWAP Trend,MEDIUM,3,34.77,88.68,7.94,0.0,5.69,0.0,0.0,2026-07-29,2.0,4.53,50.0,2.41,51.53,89.32,-10.16,2.8,10,2026-04-08 to 2026-07-24 (75 days),-1.0,54.0,0.4321,94.13,88.82,BULLISH,HIGH,Price at statistical extreme; Strong trend (ADX=41),4.34,-1.0,1.0,85,2026-10-20,,0
2026-07-27T13:43:01,2026-07-27,FIVE,HOLD,0,Stochastic Oscillator,HIGH,4,34.72,203.19,4.89,0.0,7.33,0.0,0.0,2026-08-24,1.2,1.7,100.0,83.48,29.83,62.46,-12.73,28.5,2,2026-04-08 to 2026-07-24 (75 days),-1.0,59.1,0.3196,199.63,195.83,BULLISH,MEDIUM,Strong trend (ADX=42),5.87,-1.0,1.0,30,2026-08-26,,0
2026-07-27T13:42:09,2026-07-27,UPS,EXIT,-1,MACD Crossover,MEDIUM,2,34.71,114.79,3.9,119.27,7.8,105.84,8.46,2026-08-16,1.13,1.69,100.0,69.7,24.94,-41.82,-6.31,20.5,2,2026-04-08 to 2026-07-24 (75 days),-1.0,57.4,0.2714,107.74,100.67,BULLISH,MEDIUM,Earnings in 1d (2026-07-28); Last surprise: +4.9%; Earnings conf adj: -2; Size: Kelly 10.0% / VolTgt 6.9% / Blend 8.5%,6.91,-1.0,1.0,1,2026-07-28,4.9,-2
2026-07-27T13:40:31,2026-07-27,EQR,HOLD,0,Stochastic Oscillator,MEDIUM,3,34.7,67.86,2.87,0.0,4.3,0.0,0.0,2026-08-04,2.61,10.65,100.0,54.45,14.58,-36.0,-1.09,8.0,1,2026-04-08 to 2026-07-24 (75 days),-1.0,49.7,0.2015,66.78,61.9,BULLISH,MEDIUM,Last surprise: -5.6%; Earnings conf adj: -1,9.3,-1.0,1.0,86,2026-10-21,-5.56,-1
2026-07-27T13:43:50,2026-07-27,SMG,HOLD,0,ADX Trend Following,MEDIUM,2,34.64,69.31,8.12,0.0,11.46,0.0,0.0,2026-08-06,1.02,1.91,60.0,2.19,31.75,-5.84,-8.58,10.0,5,2026-04-08 to 2026-07-24 (75 days),-1.0,57.0,0.4602,63.23,60.57,BULLISH,HIGH,Earnings in 2d (2026-07-29); Earnings conf adj: -2,4.07,-1.0,1.0,2,2026-07-29,,-2
2026-07-27T13:40:26,2026-07-27,DXCM,BUY,1,Stochastic Oscillator,MEDIUM,3,34.62,71.54,7.58,66.12,11.37,79.67,7.12,2026-08-11,2.1,3.68,100.0,90.92,30.4,-2.55,-3.98,15.0,1,2026-04-08 to 2026-07-24 (75 days),0.472,47.3,0.4413,71.71,67.5,BULLISH,HIGH,Earnings in 3d (2026-07-30); Last surprise: +19.1%; Earnings conf adj: -1; Size: Kelly 10.0% / VolTgt 4.2% / Blend 7.1%,4.25,-1.0,1.0,3,2026-07-30,19.15,-1
2026-07-27T13:42:24,2026-07-27,CW,HOLD,0,Stochastic Oscillator,HIGH,5,34.6,750.19,5.48,0.0,4.67,0.0,0.0,2026-07-30,1.94,18.58,100.0,37.91,10.44,0.04,-0.8,3.0,1,2026-04-08 to 2026-07-24 (75 days),-1.0,52.3,0.3427,744.41,660.76,BULLISH,MEDIUM,Last surprise: +5.5%; Earnings conf adj: +1,5.47,-1.0,1.0,9,2026-08-05,5.45,1
2026-07-27T13:43:36,2026-07-27,WEX,HOLD,0,VWAP Trend,LOW,1,34.58,176.15,8.25,0.0,12.38,0.0,0.0,2026-08-07,-0.01,-0.01,57.1,1.03,-11.83,-55.65,-27.38,11.7,7,2026-04-08 to 2026-07-24 (75 days),-1.0,70.6,0.4921,146.1,152.04,BEARISH,HIGH,RSI overbought; High volume; Price at statistical extreme; Strong trend (ADX=39),3.81,-1.0,1.0,-1,,,0
2026-07-27T13:41:39,2026-07-27,PNC,HOLD,0,ADX Trend Following,HIGH,5,34.57,250.99,2.32,0.0,6.96,0.0,0.0,2026-08-20,2.21,3.35,66.7,16.19,40.43,-22.82,-4.1,24.0,3,2026-04-08 to 2026-07-24 (75 days),-1.0,60.5,0.1818,233.92,211.8,BULLISH,LOW,Last surprise: +8.1%; Earnings conf adj: +1,10.0,-1.0,1.0,80,2026-10-15,8.09,1
2026-07-27T13:42:32,2026-07-27,PR,HOLD,0,Donchian Breakout (20/55),HIGH,4,34.55,21.35,3.94,0.0,4.49,0.0,0.0,2026-07-31,2.28,32.69,100.0,51.76,17.92,0.88,-0.33,4.0,1,2026-04-08 to 2026-07-24 (75 days),-1.0,72.0,0.285,19.52,16.99,BULLISH,MEDIUM,RSI overbought; Strong trend (ADX=54); Last surprise: +2.6%,6.58,-1.0,1.0,9,2026-08-05,2.63,0
2026-07-27T13:43:22,2026-07-27,CHRD,HOLD,0,Donchian Breakout (20/55),HIGH,4,34.54,138.36,4.94,0.0,5.3,0.0,0.0,2026-07-30,1.93,10.28,100.0,30.08,9.85,-2.36,-0.48,3.0,1,2026-04-08 to 2026-07-24 (75 days),-1.0,67.1,0.3889,130.3,112.05,BULLISH,MEDIUM,Strong trend (ADX=48),4.82,-1.0,1.0,9,2026-08-05,,0
2026-07-27T13:42:59,2026-07-27,OC,HOLD,0,MACD Crossover,HIGH,4,34.53,142.34,6.13,0.0,17.86,0.0,0.0,2026-08-08,1.45,3.29,66.7,14.4,64.51,-59.73,-13.54,12.3,3,2026-04-08 to 2026-07-24 (75 days),-1.0,56.3,0.6468,129.73,119.58,BULLISH,HIGH,No special conditions,2.9,-1.0,1.0,9,2026-08-05,,0
2026-07-27T13:41:25,2026-07-27,NDAQ,HOLD,0,VWAP Trend,HIGH,5,34.46,92.09,4.34,0.0,5.88,0.0,0.0,2026-07-31,1.87,2.87,60.0,2.39,52.49,34.74,-9.38,4.4,10,2026-04-08 to 2026-07-24 (75 days),-1.0,59.5,0.3558,87.58,88.61,BEARISH,MEDIUM,Strong trend (ADX=44); Last surprise: +9.2%; Earnings conf adj: +1,5.27,-1.0,1.0,87,2026-10-22,9.18,1
2026-07-27T13:42:50,2026-07-27,FNF,HOLD,0,ADX Trend Following,LOW,0,34.36,51.62,3.92,0.0,5.88,0.0,0.0,2026-08-16,0.39,0.61,75.0,1.32,6.93,-29.84,-14.69,20.0,4,2026-04-08 to 2026-07-24 (75 days),-1.0,61.2,0.3204,48.09,50.68,BEARISH,MEDIUM,Last surprise: -14.7%; Earnings conf adj: -1,5.85,-1.0,1.0,9,2026-08-05,-14.68,-1
2026-07-27T13:40:50,2026-07-27,HCA,HOLD,0,Stochastic Oscillator,LOW,0,34.33,382.19,7.88,0.0,11.82,0.0,0.0,2026-08-30,-0.48,-0.66,50.0,0.28,-12.83,48.22,-16.97,34.5,2,2026-04-08 to 2026-07-24 (75 days),-1.0,47.4,0.4292,388.63,456.39,BEARISH,HIGH,High volume; Last surprise: +1.2%,4.37,-1.0,1.0,88,2026-10-23,1.2,0
2026-07-27T13:43:42,2026-07-27,CNO,BUY,1,52-Week High Momentum,MEDIUM,2,34.33,53.23,2.27,52.02,4.54,55.65,10.0,2026-11-05,4.43,8.19,100.0,245.56,110.38,-2.95,-3.91,101.0,1,2026-04-08 to 2026-07-24 (75 days),0.77,61.3,0.1784,50.07,43.62,BULLISH,LOW,Earnings in 3d (2026-07-30); Earnings conf adj: -2; Size: Kelly 10.0% / VolTgt 10.0% / Blend 10.0%,10.0,-1.0,1.0,3,2026-07-30,,-2
2026-07-27T13:39:56,2026-07-27,BX,HOLD,0,Stochastic Oscillator,HIGH,5,34.23,130.0,4.93,0.0,7.39,0.0,0.0,2026-08-13,3.06,6.88,100.0,121.65,43.82,-1.06,-3.89,17.0,1,2026-04-08 to 2026-07-24 (75 days),-1.0,61.8,0.3024,120.24,130.97,BEARISH,MEDIUM,Last surprise: +13.4%; Earnings conf adj: +1,6.2,-1.0,1.0,87,2026-10-22,13.43,1
2026-07-27T13:42:46,2026-07-27,ARMK,BUY,1,52-Week High Momentum,HIGH,4,34.21,57.18,2.45,55.78,7.35,61.38,10.0,2026-11-10,3.74,9.15,100.0,318.07,155.04,-4.58,-3.72,106.0,1,2026-04-08 to 2026-07-24 (75 days),0.46,61.7,0.1629,54.65,43.51,BULLISH,LOW,Last surprise: +2.1%; Size: Kelly 10.0% / VolTgt 10.0% / Blend 10.0%,10.0,-1.0,1.0,15,2026-08-11,2.08,0
2026-07-27T13:43:29,2026-07-27,SWX,HOLD,0,SMA Crossover (10/50),HIGH,4,34.19,93.07,2.18,0.0,6.16,0.0,0.0,2026-08-14,2.2,5.34,100.0,48.74,16.78,5.8,-1.31,18.0,1,2026-04-08 to 2026-07-24 (75 days),-1.0,61.8,0.1843,89.36,84.78,BULLISH,LOW,No special conditions,10.0,-1.0,1.0,9,2026-08-05,,0
2026-07-27T13:43:31,2026-07-27,GBCI,HOLD,0,ADX Trend Following,HIGH,4,34.12,50.27,3.92,0.0,10.18,0.0,0.0,2026-08-16,1.57,2.45,75.0,6.16,38.13,12.96,-7.87,20.2,4,2026-04-08 to 2026-07-24 (75 days),-1.0,46.1,0.2878,49.29,46.32,BULLISH,MEDIUM,Strong trend (ADX=30),6.52,-1.0,1.0,80,2026-10-15,,0
2026-07-27T13:39:37,2026-07-27,AFL,HOLD,0,EMA Crossover (9/21),HIGH,4,34.06,125.6,1.89,0.0,6.61,0.0,0.0,2026-09-11,2.67,4.74,100.0,88.9,32.71,-13.17,-2.41,46.0,1,2026-04-08 to 2026-07-24 (75 days),-1.0,66.7,0.1711,118.5,112.12,BULLISH,LOW,Strong trend (ADX=33); Last surprise: -2.8%,10.0,-1.0,1.0,10,2026-08-06,-2.78,0
2026-07-27T13:43:47,2026-07-27,TREX,BUY,1,Stochastic Oscillator,MEDIUM,3,34.04,43.43,7.37,40.23,10.22,47.87,7.65,2026-08-09,0.92,1.42,100.0,64.12,18.97,-50.31,-9.85,13.5,2,2026-04-08 to 2026-07-24 (75 days),0.103,44.4,0.3531,43.85,40.88,BULLISH,MEDIUM,Strong trend (ADX=34); Size: Kelly 10.0% / VolTgt 5.3% / Blend 7.7%,5.31,-1.0,1.0,8,2026-08-04,,0
2026-07-27T13:39:40,2026-07-27,ALLE,BUY,1,Momentum (Rate of Change),HIGH,5,33.86,153.36,6.23,143.81,9.35,167.7,7.23,2026-09-17,2.08,4.86,100.0,184.92,68.67,44.45,-4.53,52.0,1,2026-04-08 to 2026-07-24 (75 days),0.417,72.7,0.4206,134.19,151.56,BEARISH,HIGH,RSI overbought; Price at statistical extreme; Strong trend (ADX=36); Last surprise: +8.1%; Earnings conf adj: +1; Size: Kelly 10.0% / VolTgt 4.5% / Blend 7.2%,4.46,-1.0,1.0,87,2026-10-22,8.11,1
2026-07-27T13:41:57,2026-07-27,TAP,HOLD,0,SMA Crossover (10/50),HIGH,5,33.86,40.95,4.99,0.0,2.93,0.0,0.0,2026-07-28,1.76,38.25,100.0,21.73,7.23,25.06,-0.1,1.0,1,2026-04-08 to 2026-07-24 (75 days),-1.0,53.7,0.3722,40.19,43.89,BEARISH,MEDIUM,Last surprise: +72.2%; Earnings conf adj: +1,5.04,-1.0,1.0,10,2026-08-06,72.22,1
2026-07-27T13:43:27,2026-07-27,MSM,BUY,1,52-Week High Momentum,HIGH,4,33.79,125.64,3.58,121.14,10.74,139.13,9.3,2026-11-10,3.79,8.48,100.0,315.52,153.36,-6.77,-3.28,106.0,1,2026-04-08 to 2026-07-24 (75 days),0.361,63.7,0.2179,115.94,95.06,BULLISH,MEDIUM,Size: Kelly 10.0% / VolTgt 8.6% / Blend 9.3%,8.6,-1.0,1.0,87,2026-10-22,,0
2026-07-27T13:42:18,2026-07-27,WSM,HOLD,0,Stochastic Oscillator,HIGH,5,33.66,226.74,4.45,0.0,6.68,0.0,0.0,2026-08-14,2.16,4.33,100.0,164.43,61.69,-34.02,-9.56,18.5,2,2026-04-08 to 2026-07-24 (75 days),-1.0,56.1,0.279,212.41,195.94,BULLISH,MEDIUM,Last surprise: +7.2%; Earnings conf adj: +1,6.72,-1.0,1.0,30,2026-08-26,7.22,1
2026-07-27T13:43:48,2026-07-27,LIVN,HOLD,0,Composite Multi-Indicator,HIGH,4,33.64,78.19,4.46,0.0,15.61,0.0,0.0,2026-09-30,2.35,5.57,100.0,278.99,130.23,39.25,-11.73,65.0,1,2026-04-08 to 2026-07-24 (75 days),-1.0,44.6,0.2692,77.87,65.73,BULLISH,MEDIUM,Strong trend (ADX=30),6.96,-1.0,1.0,9,2026-08-05,,0
2026-07-27T13:42:17,2026-07-27,WM,HOLD,0,Composite Multi-Indicator,MEDIUM,2,33.62,238.75,3.4,0.0,8.5,0.0,0.0,2026-09-04,2.14,4.57,100.0,99.53,37.63,24.79,-3.74,39.0,1,2026-04-08 to 2026-07-24 (75 days),-1.0,60.1,0.2689,223.7,221.38,BULLISH,MEDIUM,Strong trend (ADX=40); Earnings in 1d (2026-07-28); Last surprise: +4.0%; Earnings conf adj: -2,6.97,-1.0,1.0,1,2026-07-28,4.02,-2
2026-07-27T13:41:09,2026-07-27,L,EXIT,-1,Composite Multi-Indicator,HIGH,4,33.56,117.9,2.2,120.49,6.6,110.12,10.0,2026-10-16,2.64,4.36,100.0,120.9,46.96,19.24,-5.1,81.0,1,2026-04-08 to 2026-07-24 (75 days),-1.0,67.1,0.1801,110.32,106.96,BULLISH,LOW,Price at statistical extreme; Last surprise: +52.1%; Size: Kelly 10.0% / VolTgt 10.0% / Blend 10.0%,10.0,-1.0,1.0,7,2026-08-03,52.05,0
2026-07-27T13:42:14,2026-07-27,VZ,HOLD,0,VWAP Trend,MEDIUM,2,33.55,46.38,3.74,0.0,5.53,0.0,0.0,2026-07-30,0.83,1.39,50.0,1.52,14.04,15.17,-8.4,3.8,10,2026-04-08 to 2026-07-24 (75 days),-1.0,64.2,0.3606,44.86,43.12,BULLISH,MEDIUM,Price at statistical extreme; Strong trend (ADX=34); Last surprise: +2.4%,5.2,-1.0,1.0,85,2026-10-20,2.36,0
2026-07-27T13:43:43,2026-07-27,SR,HOLD,0,SMA Crossover (10/50),HIGH,4,33.55,83.28,3.3,0.0,2.0,0.0,0.0,2026-07-28,1.39,8.42,100.0,8.45,2.21,33.38,-0.2,1.0,1,2026-04-08 to 2026-07-24 (75 days),-1.0,58.8,0.2537,81.09,84.56,BEARISH,MEDIUM,Strong trend (ADX=33),7.39,-1.0,1.0,9,2026-08-05,,0
2026-07-27T13:43:14,2026-07-27,KTOS,HOLD,0,Stochastic Oscillator,MEDIUM,2,33.45,47.35,12.0,0.0,18.0,0.0,0.0,2026-08-26,0.44,0.72,100.0,32.63,10.46,89.06,-17.38,30.0,2,2026-04-08 to 2026-07-24 (75 days),-1.0,42.9,0.6378,53.44,76.47,BEARISH,HIGH,No special conditions,2.94,-1.0,1.0,8,2026-08-04,,0
2026-07-27T13:41:02,2026-07-27,IVZ,EXIT,-1,Stochastic Oscillator,MEDIUM,2,33.39,29.93,4.67,31.33,7.0,27.83,7.68,2026-08-21,2.2,5.16,100.0,137.02,48.08,-63.36,-2.87,25.0,1,2026-04-08 to 2026-07-24 (75 days),-1.0,59.6,0.3499,27.99,25.73,BULLISH,MEDIUM,Strong trend (ADX=37); Earnings in 1d (2026-07-28); Last surprise: -1.7%; Earnings conf adj: -2; Size: Kelly 10.0% / VolTgt 5.4% / Blend 7.7%,5.36,-1.0,1.0,1,2026-07-28,-1.72,-2
2026-07-27T13:43:36,2026-07-27,KRG,BUY,1,52-Week High Momentum,MEDIUM,2,33.36,29.31,2.02,28.72,4.04,30.49,9.76,2026-11-10,3.07,5.11,100.0,172.59,71.31,-10.31,-4.48,106.0,1,2026-04-08 to 2026-07-24 (75 days),0.218,58.7,0.1967,27.91,24.58,BULLISH,LOW,Earnings in 3d (2026-07-30); Earnings conf adj: -2; Size: Kelly 10.0% / VolTgt 9.5% / Blend 9.8%,9.53,-1.0,1.0,3,2026-07-30,,-2
2026-07-27T13:41:23,2026-07-27,MSCI,HOLD,0,VWAP Trend,HIGH,4,33.32,550.79,7.56,0.0,6.31,0.0,0.0,2026-07-29,1.36,2.65,66.7,2.83,22.65,25.17,-3.72,2.8,9,2026-04-08 to 2026-07-24 (75 days),-1.0,36.9,0.4788,595.03,569.37,BULLISH,HIGH,Strong trend (ADX=37); Last surprise: -0.8%,3.92,-1.0,1.0,85,2026-10-20,-0.8,0
2026-07-27T13:40:30,2026-07-27,EQIX,HOLD,0,Stochastic Oscillator,MEDIUM,2,33.3,1084.24,3.69,0.0,5.54,0.0,0.0,2026-08-12,1.82,4.72,100.0,66.2,21.87,-4.32,-4.0,16.0,1,2026-04-08 to 2026-07-24 (75 days),-1.0,61.7,0.3029,1057.17,919.27,BULLISH,MEDIUM,Earnings in 2d (2026-07-29); Last surprise: -3.7%; Earnings conf adj: -2,6.19,-1.0,1.0,2,2026-07-29,-3.7,-2
2026-07-27T13:43:37,2026-07-27,NXST,HOLD,0,SMA Crossover (10/50),HIGH,4,33.29,183.31,5.3,0.0,2.8,0.0,0.0,2026-07-28,1.67,18.21,100.0,10.87,3.4,0.64,-0.1,1.0,1,2026-04-08 to 2026-07-24 (75 days),-1.0,55.9,0.3555,179.5,197.85,BEARISH,MEDIUM,Strong trend (ADX=33),5.27,-1.0,1.0,10,2026-08-06,,0
2026-07-27T13:43:31,2026-07-27,UBSI,HOLD,0,Composite Multi-Indicator,HIGH,4,33.28,47.8,2.61,0.0,9.13,0.0,0.0,2026-09-17,2.43,4.23,100.0,107.21,40.93,-0.08,-3.49,52.0,1,2026-04-08 to 2026-07-24 (75 days),-1.0,63.5,0.2009,44.79,40.81,BULLISH,MEDIUM,Strong trend (ADX=31),9.33,-1.0,1.0,87,2026-10-22,,0
2026-07-27T13:40:54,2026-07-27,HSIC,HOLD,0,Composite Multi-Indicator,HIGH,5,33.25,85.47,3.42,0.0,8.83,0.0,0.0,2026-08-19,2.7,4.33,100.0,106.92,40.32,-12.03,-4.17,23.0,1,2026-04-08 to 2026-07-24 (75 days),-1.0,55.8,0.2338,80.46,75.74,BULLISH,MEDIUM,Last surprise: +8.2%; Earnings conf adj: +1,8.02,-1.0,1.0,8,2026-08-04,8.2,1
2026-07-27T13:42:29,2026-07-27,RBA,HOLD,0,Stochastic Oscillator,HIGH,4,33.24,111.59,3.52,0.0,5.28,0.0,0.0,2026-08-21,1.89,3.35,100.0,111.73,39.6,-8.09,-3.92,25.5,2,2026-04-08 to 2026-07-24 (75 days),-1.0,53.3,0.2436,108.3,104.5,BULLISH,MEDIUM,Last surprise: +4.1%,7.7,-1.0,1.0,8,2026-08-04,4.12,0
2026-07-27T13:42:40,2026-07-27,CLH,HOLD,0,SMA Crossover (10/50),MEDIUM,2,33.24,303.74,2.28,0.0,4.56,0.0,0.0,2026-08-18,1.94,3.66,100.0,42.06,14.26,12.95,-2.3,22.0,1,2026-04-08 to 2026-07-24 (75 days),-1.0,54.5,0.1721,294.37,269.1,BULLISH,LOW,Earnings in 2d (2026-07-29); Last surprise: +3.5%; Earnings conf adj: -2,10.0,-1.0,1.0,2,2026-07-29,3.48,-2
2026-07-27T13:43:01,2026-07-27,AA,BUY,1,Composite Multi-Indicator,MEDIUM,3,33.2,44.24,9.34,40.11,7.6,47.6,6.94,2026-07-31,0.56,1.01,100.0,16.48,5.35,85.99,-4.28,4.0,1,2026-04-08 to 2026-07-24 (75 days),0.321,30.7,0.4826,59.91,55.77,BULLISH,HIGH,Strong trend (ADX=43); Last surprise: -3.2%; Size: Kelly 10.0% / VolTgt 3.9% / Blend 6.9%,3.89,-1.0,1.0,80,2026-10-15,-3.2,0
2026-07-27T13:41:35,2026-07-27,PCG,HOLD,0,Donchian Breakout (20/55),HIGH,5,33.18,17.85,3.39,0.0,11.87,0.0,0.0,2026-09-11,1.81,2.84,100.0,85.28,31.22,39.97,-4.38,46.0,1,2026-04-08 to 2026-07-24 (75 days),-1.0,60.1,0.2689,16.84,16.59,BULLISH,MEDIUM,High volume; Strong trend (ADX=58); Last surprise: +11.1%; Earnings conf adj: +1,6.97,-1.0,1.0,87,2026-10-22,11.11,1
2026-07-27T13:40:43,2026-07-27,GD,HOLD,0,Composite Multi-Indicator,MEDIUM,3,33.08,386.75,2.37,0.0,4.74,0.0,0.0,2026-09-09,2.63,5.16,100.0,137.92,54.68,9.83,-5.7,44.0,1,2026-04-08 to 2026-07-24 (75 days),-1.0,70.3,0.1929,354.13,345.4,BULLISH,LOW,RSI overbought; Earnings in 2d (2026-07-29); Last surprise: +11.1%; Earnings conf adj: -1,9.72,-1.0,1.0,2,2026-07-29,11.11,-1
2026-07-27T13:43:03,2026-07-27,ARW,HOLD,0,Stochastic Oscillator,HIGH,4,33.06,212.27,6.77,0.0,10.15,0.0,0.0,2026-08-13,1.84,4.39,100.0,93.85,29.8,-162.09,-3.08,17.0,1,2026-04-08 to 2026-07-24 (75 days),-1.0,51.4,0.4295,215.27,155.11,BULLISH,HIGH,No special conditions,4.37,-1.0,1.0,10,2026-08-06,,0
2026-07-27T13:43:24,2026-07-27,HR,BUY,1,52-Week High Momentum,MEDIUM,2,33.06,21.4,2.02,20.97,4.04,22.26,10.0,2026-11-02,2.84,4.88,100.0,166.55,68.33,-33.97,-5.69,98.0,1,2026-04-08 to 2026-07-24 (75 days),0.857,62.8,0.1853,20.43,18.19,BULLISH,LOW,Earnings in 3d (2026-07-30); Earnings conf adj: -2; Size: Kelly 10.0% / VolTgt 10.0% / Blend 10.0%,10.0,-1.0,1.0,3,2026-07-30,,-2
2026-07-27T13:39:33,2026-07-27,ADBE,HOLD,0,Stochastic Oscillator,HIGH,4,33.05,225.11,9.34,0.0,14.01,0.0,0.0,2026-08-19,1.3,2.15,100.0,69.65,23.62,42.42,-6.71,23.0,1,2026-04-08 to 2026-07-24 (75 days),-1.0,51.4,0.4747,227.99,278.81,BEARISH,HIGH,Last surprise: +2.6%,3.95,-1.0,1.0,45,2026-09-10,2.58,0
2026-07-27T13:41:54,2026-07-27,STX,HOLD,0,VWAP Trend,MEDIUM,3,33.03,851.69,12.0,0.0,15.57,0.0,0.0,2026-07-30,3.19,7.28,71.4,7.62,197.17,-333.42,-9.15,3.7,7,2026-04-08 to 2026-07-24 (75 days),-1.0,47.8,1.0277,887.12,502.87,BULLISH,HIGH,Earnings in 1d (2026-07-28); Last surprise: +16.8%; Earnings conf adj: -1,1.82,-1.0,1.0,1,2026-07-28,16.81,-1
2026-07-27T13:43:00,2026-07-27,SCI,HOLD,0,EMA Crossover (9/21),MEDIUM,2,33.01,82.33,3.48,0.0,5.22,0.0,0.0,2026-08-20,2.06,4.51,100.0,82.86,30.23,33.23,-3.1,24.0,1,2026-04-08 to 2026-07-24 (75 days),-1.0,65.5,0.2916,75.73,78.86,BEARISH,MEDIUM,Price at statistical extreme; Strong trend (ADX=36); Earnings in 2d (2026-07-29); Earnings conf adj: -2,6.43,-1.0,1.0,2,2026-07-29,,-2
2026-07-27T13:42:53,2026-07-27,ONTO,HOLD,0,MACD Crossover,MEDIUM,3,32.99,272.62,12.0,0.0,24.0,0.0,0.0,2026-08-11,0.85,1.25,100.0,99.55,37.69,-15.58,-26.11,15.0,2,2026-04-08 to 2026-07-24 (75 days),-1.0,42.6,0.9935,294.86,218.28,BULLISH,HIGH,No special conditions,1.89,-1.0,1.0,10,2026-08-06,,0
2026-07-27T13:43:07,2026-07-27,R,HOLD,0,52-Week High Momentum,HIGH,4,32.98,267.68,4.35,0.0,13.05,0.0,0.0,2026-09-07,1.65,2.64,100.0,154.03,60.67,-36.18,-8.2,42.0,2,2026-04-08 to 2026-07-24 (75 days),-1.0,51.3,0.2637,260.53,212.78,BULLISH,MEDIUM,No special conditions,7.11,-1.0,1.0,87,2026-10-22,,0
2026-07-27T13:42:22,2026-07-27,XYZ,HOLD,0,Momentum (Rate of Change),HIGH,4,32.96,77.15,5.58,0.0,13.35,0.0,0.0,2026-08-24,0.95,1.49,100.0,86.79,32.23,-68.98,-17.13,28.0,3,2026-04-08 to 2026-07-24 (75 days),-1.0,50.4,0.3205,74.25,67.57,BULLISH,MEDIUM,Last surprise: +25.0%; Earnings conf adj: +1,5.85,-1.0,1.0,9,2026-08-05,25.0,1
2026-07-27T13:39:42,2026-07-27,AMGN,HOLD,0,SMA Crossover (10/50),HIGH,5,32.93,376.04,3.4,0.0,10.2,0.0,0.0,2026-09-09,2.24,4.8,100.0,112.43,43.21,11.97,-5.05,44.0,1,2026-04-08 to 2026-07-24 (75 days),-1.0,64.2,0.2386,350.12,338.24,BULLISH,MEDIUM,Price at statistical extreme; Last surprise: +8.0%; Earnings conf adj: +1,7.86,-1.0,1.0,8,2026-08-04,7.97,1
2026-07-27T13:41:56,2026-07-27,SYY,HOLD,0,Composite Multi-Indicator,HIGH,4,32.91,83.11,3.62,0.0,10.86,0.0,0.0,2026-09-18,3.01,5.61,100.0,133.85,52.81,8.71,-4.83,53.0,1,2026-04-08 to 2026-07-24 (75 days),-1.0,58.0,0.2253,78.76,77.42,BULLISH,MEDIUM,Last surprise: +0.0%,8.32,-1.0,1.0,8,2026-08-04,0.0,0
2026-07-27T13:41:29,2026-07-27,NTRS,EXIT,-1,PEAD Earnings Drift,MEDIUM,3,32.9,180.52,3.69,187.18,7.38,167.2,8.88,2026-10-23,2.32,3.75,100.0,132.59,51.71,-31.82,-4.64,88.0,1,2026-04-08 to 2026-07-24 (75 days),-1.0,52.0,0.2417,174.05,148.72,BULLISH,MEDIUM,Last surprise: -8.4%; Earnings conf adj: -1; Size: Kelly 10.0% / VolTgt 7.8% / Blend 8.9%,7.76,-1.0,1.0,86,2026-10-21,-8.44,-1
2026-07-27T13:39:56,2026-07-27,BSX,HOLD,0,ADX Trend Following,LOW,0,32.82,44.25,4.67,0.0,5.23,0.0,0.0,2026-07-31,-2.08,-2.18,50.0,0.25,-43.53,25.72,-19.38,4.2,4,2026-04-08 to 2026-07-24 (75 days),-1.0,45.6,0.3243,47.45,74.42,BEARISH,MEDIUM,Earnings in 2d (2026-07-29); Last surprise: +1.3%; Earnings conf adj: -2,5.78,-1.0,1.0,2,2026-07-29,1.27,-2
2026-07-27T13:41:59,2026-07-27,TGT,HOLD,0,Stochastic Oscillator,HIGH,5,32.72,136.78,4.27,0.0,6.4,0.0,0.0,2026-08-08,1.92,9.58,100.0,53.15,15.66,-32.09,-0.91,12.0,1,2026-04-08 to 2026-07-24 (75 days),-1.0,54.8,0.3276,130.55,111.6,BULLISH,MEDIUM,Last surprise: +17.1%; Earnings conf adj: +1,5.72,-1.0,1.0,23,2026-08-19,17.12,1
2026-07-27T13:40:27,2026-07-27,EBAY,HOLD,0,MACD Crossover,HIGH,5,32.68,109.39,3.93,0.0,8.59,0.0,0.0,2026-08-15,1.29,2.07,100.0,70.28,24.88,-28.26,-7.23,19.5,2,2026-04-08 to 2026-07-24 (75 days),-1.0,44.0,0.2469,111.51,95.59,BULLISH,MEDIUM,Last surprise: +5.1%; Earnings conf adj: +1,7.59,-1.0,1.0,9,2026-08-05,5.06,1
2026-07-27T13:40:45,2026-07-27,GEV,HOLD,0,ADX Trend Following,MEDIUM,3,32.68,1014.75,12.0,0.0,21.52,0.0,0.0,2026-08-15,1.11,2.0,100.0,112.68,43.45,11.59,-9.52,19.0,2,2026-04-08 to 2026-07-24 (75 days),-1.0,45.7,0.6268,1032.86,827.31,BULLISH,HIGH,Last surprise: -22.3%; Earnings conf adj: -1,2.99,-1.0,1.0,86,2026-10-21,-22.33,-1
2026-07-27T13:40:59,2026-07-27,INCY,HOLD,0,Momentum (Rate of Change),MEDIUM,3,32.66,117.67,4.03,0.0,8.06,0.0,0.0,2026-09-17,1.71,2.82,100.0,157.87,64.25,-36.53,-9.5,52.0,2,2026-04-08 to 2026-07-24 (75 days),-1.0,61.8,0.287,106.42,100.3,BULLISH,MEDIUM,Earnings in 1d (2026-07-28); Last surprise: +35.1%; Earnings conf adj: -1,6.53,-1.0,1.0,1,2026-07-28,35.07,-1
2026-07-27T13:43:21,2026-07-27,KEX,HOLD,0,Composite Multi-Indicator,MEDIUM,2,32.66,148.65,3.86,0.0,4.87,0.0,0.0,2026-07-31,1.67,11.64,100.0,27.51,9.3,-11.31,-0.48,4.0,1,2026-04-08 to 2026-07-24 (75 days),-1.0,63.4,0.309,142.09,125.91,BULLISH,MEDIUM,Strong trend (ADX=42); Earnings in 2d (2026-07-29); Earnings conf adj: -2,6.07,-1.0,1.0,2,2026-07-29,,-2
2026-07-27T13:39:41,2026-07-27,AMCR,HOLD,0,Momentum (Rate of Change),HIGH,4,32.59,44.54,4.61,0.0,6.92,0.0,0.0,2026-09-15,2.55,4.36,100.0,182.32,73.83,48.43,-6.78,50.0,1,2026-04-08 to 2026-07-24 (75 days),-1.0,59.7,0.3515,40.77,41.06,BEARISH,MEDIUM,Last surprise: +1.1%,5.33,-1.0,1.0,17,2026-08-13,1.05,0
2026-07-27T13:42:11,2026-07-27,VLO,HOLD,0,Composite Multi-Indicator,MEDIUM,3,32.59,302.5,5.61,0.0,14.03,0.0,0.0,2026-10-13,2.82,5.03,100.0,284.96,133.88,9.22,-9.62,78.0,1,2026-04-08 to 2026-07-24 (75 days),-1.0,63.1,0.3975,264.84,213.62,BULLISH,MEDIUM,Strong trend (ADX=49); Earnings in 3d (2026-07-30); Last surprise: +33.5%; Earnings conf adj: -1,4.72,-1.0,1.0,3,2026-07-30,33.54,-1
2026-07-27T13:43:31,2026-07-27,GATX,HOLD,0,MACD Crossover,MEDIUM,2,32.58,184.63,3.59,0.0,7.18,0.0,0.0,2026-08-09,1.21,1.74,66.7,13.0,17.93,17.69,-5.78,13.3,3,2026-04-08 to 2026-07-24 (75 days),-1.0,61.1,0.2545,174.98,174.65,BULLISH,MEDIUM,Earnings in 3d (2026-07-30); Earnings conf adj: -2,7.37,-1.0,1.0,3,2026-07-30,,-2
2026-07-27T13:43:54,2026-07-27,PK,HOLD,0,Momentum (Rate of Change),HIGH,4,32.54,14.74,4.03,0.0,12.09,0.0,0.0,2026-11-10,3.62,6.89,100.0,340.51,170.12,-29.17,-7.08,106.0,1,2026-04-08 to 2026-07-24 (75 days),-1.0,60.0,0.2491,13.5,11.2,BULLISH,MEDIUM,No special conditions,7.53,-1.0,1.0,10,2026-08-06,,0
2026-07-27T13:43:37,2026-07-27,RLI,HOLD,0,Composite Multi-Indicator,HIGH,4,32.53,61.92,4.55,0.0,6.82,0.0,0.0,2026-08-28,2.83,5.18,100.0,173.06,71.55,32.09,-7.15,32.0,1,2026-04-08 to 2026-07-24 (75 days),-1.0,61.1,0.3685,55.06,56.47,BEARISH,MEDIUM,No special conditions,5.09,-1.0,1.0,84,2026-10-19,,0
2026-07-27T13:40:43,2026-07-27,FRT,BUY,1,52-Week High Momentum,HIGH,5,32.52,126.08,1.75,123.87,6.12,133.8,10.0,2026-11-10,3.4,6.23,100.0,183.89,76.99,-1.21,-4.33,106.0,1,2026-04-08 to 2026-07-24 (75 days),0.357,64.1,0.1599,120.83,106.07,BULLISH,LOW,Strong trend (ADX=31); Earnings in 4d (2026-07-31); Last surprise: +166.2%; Earnings conf adj: +1; Size: Kelly 10.0% / VolTgt 10.0% / Blend 10.0%,10.0,-1.0,1.0,4,2026-07-31,166.18,1
2026-07-27T13:42:54,2026-07-27,CCK,HOLD,0,MACD Crossover,MEDIUM,3,32.52,117.88,4.55,0.0,8.59,0.0,0.0,2026-08-08,1.08,1.67,50.0,2.05,19.1,-20.92,-6.36,12.8,4,2026-04-08 to 2026-07-24 (75 days),-1.0,64.8,0.3049,104.24,102.32,BULLISH,MEDIUM,Strong trend (ADX=38),6.15,-1.0,1.0,84,2026-10-19,,0
2026-07-27T13:40:36,2026-07-27,EXPD,BUY,1,PEAD Earnings Drift,HIGH,5,32.47,175.3,3.28,169.55,11.48,195.42,8.9,2026-10-12,2.37,3.91,100.0,123.53,48.12,-38.87,-4.2,77.0,1,2026-04-08 to 2026-07-24 (75 days),0.571,58.4,0.2407,164.85,149.42,BULLISH,MEDIUM,Strong trend (ADX=32); Last surprise: +27.6%; Earnings conf adj: +1; Size: Kelly 10.0% / VolTgt 7.8% / Blend 8.9%,7.79,-1.0,1.0,8,2026-08-04,27.61,1
2026-07-27T13:43:51,2026-07-27,LOPE,HOLD,0,Stochastic Oscillator,LOW,0,32.46,139.94,4.63,0.0,6.95,0.0,0.0,2026-08-24,-0.74,-1.01,50.0,0.36,-14.06,36.17,-12.11,28.5,2,2026-04-08 to 2026-07-24 (75 days),-1.0,40.1,0.3221,148.78,166.3,BEARISH,MEDIUM,Strong trend (ADX=43); Earnings in 3d (2026-07-30); Earnings conf adj: -2,5.82,-1.0,1.0,3,2026-07-30,,-2
2026-07-27T13:43:41,2026-07-27,BCO,HOLD,0,SMA Crossover (10/50),HIGH,4,32.43,122.0,4.28,0.0,6.42,0.0,0.0,2026-08-05,2.44,10.96,100.0,89.45,33.39,-27.86,-1.7,9.0,1,2026-04-08 to 2026-07-24 (75 days),-1.0,75.8,0.3276,104.73,112.29,BEARISH,MEDIUM,RSI overbought; Strong trend (ADX=61),5.72,-1.0,1.0,9,2026-08-05,,0
2026-07-27T13:41:00,2026-07-27,IP,HOLD,0,SMA Crossover (10/50),MEDIUM,3,32.38,42.16,7.67,0.0,11.5,0.0,0.0,2026-09-10,2.16,4.62,100.0,234.64,104.23,41.23,-7.1,45.0,1,2026-04-08 to 2026-07-24 (75 days),-1.0,70.2,0.515,35.34,38.01,BEARISH,HIGH,RSI overbought; High volume; Price at statistical extreme; Earnings in 3d (2026-07-30); Last surprise: +7.1%; Earnings conf adj: -1,3.64,-1.0,1.0,3,2026-07-30,7.14,-1
2026-07-27T13:41:11,2026-07-27,LLY,HOLD,0,Stochastic Oscillator,HIGH,5,32.38,1196.03,4.57,0.0,6.66,0.0,0.0,2026-08-01,1.77,6.27,100.0,120.8,40.41,-77.37,-5.52,5.0,2,2026-04-08 to 2026-07-24 (75 days),-1.0,57.0,0.3784,1129.35,1013.93,BULLISH,MEDIUM,Last surprise: +25.9%; Earnings conf adj: +1,4.95,-1.0,1.0,9,2026-08-05,25.92,1
2026-07-27T13:40:16,2026-07-27,D,BUY,1,52-Week High Momentum,HIGH,4,32.37,71.1,1.95,69.71,6.83,75.96,10.0,2026-11-09,1.56,3.09,100.0,117.04,45.23,-9.27,-5.2,105.0,1,2026-04-08 to 2026-07-24 (75 days),0.198,59.3,0.1687,68.05,62.09,BULLISH,LOW,Strong trend (ADX=37); Earnings in 4d (2026-07-31); Last surprise: +4.4%; Size: Kelly 10.0% / VolTgt 10.0% / Blend 10.0%,10.0,-1.0,1.0,4,2026-07-31,4.4,0
2026-07-27T13:43:35,2026-07-27,POR,HOLD,0,Composite Multi-Indicator,HIGH,4,32.33,52.05,2.25,0.0,7.88,0.0,0.0,2026-08-28,1.53,2.85,100.0,47.15,16.57,23.51,-2.04,32.0,1,2026-04-08 to 2026-07-24 (75 days),-1.0,51.5,0.179,50.6,49.2,BULLISH,LOW,Strong trend (ADX=33); Earnings in 4d (2026-07-31),10.0,-1.0,1.0,4,2026-07-31,,0
2026-07-27T13:42:46,2026-07-27,TRU,HOLD,0,Stochastic Oscillator,MEDIUM,3,32.32,76.51,7.55,0.0,11.32,0.0,0.0,2026-09-10,1.63,2.35,100.0,142.57,53.69,25.16,-12.64,45.0,1,2026-04-08 to 2026-07-24 (75 days),-1.0,54.5,0.416,71.54,76.18,BEARISH,HIGH,Earnings in 1d (2026-07-28); Last surprise: +6.3%; Earnings conf adj: -1,4.51,-1.0,1.0,1,2026-07-28,6.31,-1
2026-07-27T13:40:38,2026-07-27,FDS,HOLD,0,Stochastic Oscillator,HIGH,4,32.27,254.36,8.72,0.0,13.08,0.0,0.0,2026-08-19,1.56,3.55,100.0,147.98,54.56,-4.66,-6.35,23.0,1,2026-04-08 to 2026-07-24 (75 days),-1.0,55.2,0.6259,238.95,246.12,BEARISH,HIGH,Last surprise: +1.8%,3.0,-1.0,1.0,52,2026-09-17,1.8,0
2026-07-27T13:41:58,2026-07-27,TECH,HOLD,0,VWAP Trend,LOW,1,32.25,71.6,1.5,0.0,1.04,0.0,0.0,2026-08-01,0.21,0.26,55.6,1.13,-0.74,-144.63,-21.41,5.9,9,2026-04-08 to 2026-07-24 (75 days),-1.0,73.2,0.0543,59.6,59.19,BULLISH,LOW,RSI overbought; Strong trend (ADX=76); Last surprise: +0.0%,7.0,-1.0,1.0,9,2026-08-05,0.0,0
2026-07-27T13:40:40,2026-07-27,FIX,EXIT,-1,52-Week High Momentum,HIGH,5,32.22,1733.6,11.45,1932.1,24.63,1306.61,6.44,2026-08-19,1.52,2.2,100.0,179.2,59.13,4.24,-14.4,23.0,2,2026-04-08 to 2026-07-24 (75 days),-1.0,45.9,0.6523,1846.54,1376.64,BULLISH,HIGH,Last surprise: +19.8%; Earnings conf adj: +1; Size: Kelly 10.0% / VolTgt 2.9% / Blend 6.4%,2.87,-1.0,1.0,87,2026-10-22,19.79,1
2026-07-27T13:41:54,2026-07-27,SPGI,BUY,1,Stochastic Oscillator,LOW,1,32.16,426.4,5.51,402.91,8.27,461.66,5.63,2026-09-28,0.95,1.62,100.0,76.52,25.47,13.46,-8.8,63.0,1,2026-04-08 to 2026-07-24 (75 days),0.405,51.5,0.4398,407.14,434.16,BEARISH,HIGH,Earnings in 1d (2026-07-28); Last surprise: +3.1%; Earnings conf adj: -2; Size: Kelly 7.0% / VolTgt 4.3% / Blend 5.6%,4.26,-1.0,1.0,1,2026-07-28,3.11,-2
2026-07-27T13:42:14,2026-07-27,VTRS,HOLD,0,SMA Crossover (10/50),HIGH,5,32.09,17.24,4.49,0.0,13.47,0.0,0.0,2026-09-07,1.79,3.16,100.0,160.09,66.27,-65.38,-10.97,42.0,2,2026-04-08 to 2026-07-24 (75 days),-1.0,58.2,0.3199,16.36,13.61,BULLISH,MEDIUM,Last surprise: +18.0%; Earnings conf adj: +1,5.86,-1.0,1.0,10,2026-08-06,18.0,1
2026-07-27T13:42:41,2026-07-27,LAMR,BUY,1,52-Week High Momentum,HIGH,4,32.09,159.46,2.93,154.79,8.79,173.48,9.39,2026-11-10,2.86,4.9,100.0,211.68,91.53,-5.06,-7.85,106.0,1,2026-04-08 to 2026-07-24 (75 days),0.54,56.7,0.2136,153.42,133.45,BULLISH,MEDIUM,Last surprise: +4.8%; Size: Kelly 10.0% / VolTgt 8.8% / Blend 9.4%,8.78,-1.0,1.0,10,2026-08-06,4.76,0
2026-07-27T13:39:54,2026-07-27,BMY,HOLD,0,SMA Crossover (10/50),MEDIUM,3,32.08,62.09,3.73,0.0,9.32,0.0,0.0,2026-08-12,1.97,3.32,100.0,78.08,28.27,6.06,-4.03,16.0,1,2026-04-08 to 2026-07-24 (75 days),-1.0,64.5,0.3564,57.02,54.02,BULLISH,MEDIUM,Strong trend (ADX=43); Earnings in 3d (2026-07-30); Last surprise: +11.3%; Earnings conf adj: -1,5.26,-1.0,1.0,3,2026-07-30,11.27,-1
2026-07-27T13:42:36,2026-07-27,TLN,HOLD,0,ADX Trend Following,MEDIUM,3,32.06,359.9,10.54,0.0,16.4,0.0,0.0,2026-08-11,1.01,1.65,50.0,4.2,42.93,6.68,-23.27,15.0,4,2026-04-08 to 2026-07-24 (75 days),-1.0,43.2,0.5376,376.53,368.95,BULLISH,HIGH,Last surprise: +2.8%,3.49,-1.0,1.0,9,2026-08-05,2.82,0
2026-07-27T13:41:39,2026-07-27,PLTR,HOLD,0,Stochastic Oscillator,HIGH,5,32.05,122.92,10.52,0.0,15.78,0.0,0.0,2026-09-03,1.26,1.96,100.0,155.78,63.01,99.98,-20.78,38.5,2,2026-04-08 to 2026-07-24 (75 days),-1.0,42.1,0.4797,131.61,154.29,BEARISH,HIGH,Last surprise: +17.9%; Earnings conf adj: +1,3.91,-1.0,1.0,7,2026-08-03,17.86,1
2026-07-27T13:41:31,2026-07-27,NWSA,HOLD,0,Stochastic Oscillator,HIGH,4,32.03,26.76,3.73,0.0,5.59,0.0,0.0,2026-08-10,1.42,3.83,100.0,58.06,15.91,-12.07,-2.28,14.0,1,2026-04-08 to 2026-07-24 (75 days),-1.0,48.6,0.314,26.47,25.68,BULLISH,MEDIUM,Strong trend (ADX=34); Last surprise: +5.0%,5.97,-1.0,1.0,9,2026-08-05,5.0,0
2026-07-27T13:41:29,2026-07-27,NTAP,HOLD,0,Stochastic Oscillator,HIGH,5,32.0,167.74,8.86,0.0,13.29,0.0,0.0,2026-08-12,1.73,5.37,100.0,87.14,27.57,-471.29,-4.56,16.0,1,2026-04-08 to 2026-07-24 (75 days),-1.0,56.7,0.496,155.69,118.77,BULLISH,HIGH,Last surprise: +7.0%; Earnings conf adj: +1,3.78,-1.0,1.0,37,2026-09-02,7.05,1
2026-07-27T13:43:19,2026-07-27,VNO,HOLD,0,Momentum (Rate of Change),HIGH,4,32.0,39.72,4.88,0.0,14.64,0.0,0.0,2026-11-10,4.29,7.13,100.0,481.64,279.77,13.04,-6.49,106.0,1,2026-04-08 to 2026-07-24 (75 days),-1.0,57.1,0.306,36.71,33.07,BULLISH,MEDIUM,No special conditions,6.13,-1.0,1.0,7,2026-08-03,,0
2026-07-27T13:40:17,2026-07-27,DD,HOLD,0,Stochastic Oscillator,HIGH,4,31.98,137.7,2.97,0.0,4.46,0.0,0.0,2026-08-05,0.94,1.68,100.0,20.06,5.18,17.21,-1.6,9.0,1,2026-04-08 to 2026-07-24 (75 days),-1.0,49.3,0.1902,140.71,130.98,BULLISH,LOW,Last surprise: +13.8%; Earnings conf adj: +1,9.86,-1.0,1.0,8,2026-08-04,13.79,1
2026-07-27T13:42:18,2026-07-27,WRB,HOLD,0,Composite Multi-Indicator,HIGH,5,31.98,75.46,3.59,0.0,5.38,0.0,0.0,2026-10-19,2.24,3.74,100.0,146.04,58.48,5.62,-7.59,84.0,1,2026-04-08 to 2026-07-24 (75 days),-1.0,67.4,0.2634,68.68,69.08,BEARISH,MEDIUM,Price at statistical extreme; Strong trend (ADX=37); Last surprise: +17.6%; Earnings conf adj: +1,7.12,-1.0,1.0,84,2026-10-19,17.59,1
2026-07-27T13:43:41,2026-07-27,GHC,HOLD,0,EMA Crossover (9/21),LOW,1,31.97,1154.88,4.28,0.0,6.42,0.0,0.0,2026-09-05,0.51,0.72,100.0,27.7,9.06,-18.17,-6.7,40.5,2,2026-04-08 to 2026-07-24 (75 days),-1.0,49.7,0.2188,1139.57,1099.09,BULLISH,MEDIUM,Earnings in 2d (2026-07-29); Earnings conf adj: -2,7.0,-1.0,1.0,2,2026-07-29,,-2
2026-07-27T13:39:37,2026-07-27,AIG,HOLD,0,Stochastic Oscillator,HIGH,5,31.94,79.06,3.25,0.0,4.88,0.0,0.0,2026-10-05,1.36,2.54,100.0,85.18,29.82,20.02,-7.9,70.0,1,2026-04-08 to 2026-07-24 (75 days),-1.0,54.1,0.28,76.47,76.82,BEARISH,MEDIUM,Last surprise: +12.2%; Earnings conf adj: +1,6.7,-1.0,1.0,10,2026-08-06,12.23,1
2026-07-27T13:41:07,2026-07-27,KMI,HOLD,0,SMA Crossover (10/50),MEDIUM,2,31.92,32.86,2.6,0.0,5.1,0.0,0.0,2026-08-08,-1.63,-2.03,66.7,0.31,-18.64,-20.76,-10.26,12.7,3,2026-04-08 to 2026-07-24 (75 days),-1.0,57.2,0.1818,32.3,30.03,BULLISH,LOW,Last surprise: +19.4%; Earnings conf adj: +1,10.0,-1.0,1.0,-1,,19.35,1
2026-07-27T13:43:35,2026-07-27,NJR,HOLD,0,EMA Crossover (9/21),HIGH,4,31.87,60.05,3.16,0.0,9.25,0.0,0.0,2026-08-26,1.8,3.06,100.0,60.7,21.38,-1.04,-2.73,30.0,1,2026-04-08 to 2026-07-24 (75 days),-1.0,64.9,0.2146,56.53,51.2,BULLISH,MEDIUM,Strong trend (ADX=37),8.74,-1.0,1.0,7,2026-08-03,,0
2026-07-27T13:40:19,2026-07-27,DELL,HOLD,0,VWAP Trend,HIGH,5,31.85,437.5,12.0,0.0,11.41,0.0,0.0,2026-07-30,2.26,8.36,80.0,34.1,301.43,-1487.52,-15.53,3.4,5,2026-04-08 to 2026-07-24 (75 days),-1.0,56.7,0.786,382.58,207.37,BULLISH,HIGH,Last surprise: +64.2%; Earnings conf adj: +1,2.39,-1.0,1.0,38,2026-09-03,64.19,1
2026-07-27T13:41:07,2026-07-27,KIM,BUY,1,52-Week High Momentum,HIGH,4,31.84,26.1,2.42,25.47,7.26,27.99,9.6,2026-11-10,2.4,4.11,100.0,142.72,56.92,-10.76,-5.91,106.0,1,2026-04-08 to 2026-07-24 (75 days),0.468,61.1,0.2038,24.75,22.17,BULLISH,MEDIUM,Last surprise: +5.0%; Size: Kelly 10.0% / VolTgt 9.2% / Blend 9.6%,9.2,-1.0,1.0,8,2026-08-04,5.0,0
2026-07-27T13:42:53,2026-07-27,MOG-A,HOLD,0,Stochastic Oscillator,HIGH,4,31.79,410.13,5.45,0.0,6.53,0.0,0.0,2026-08-04,2.43,13.97,100.0,71.29,20.1,-131.06,-1.49,8.0,1,2026-04-08 to 2026-07-24 (75 days),-1.0,57.8,0.2931,381.64,299.29,BULLISH,MEDIUM,Strong trend (ADX=35); Earnings in 4d (2026-07-31),6.4,-1.0,1.0,4,2026-07-31,,0
2026-07-27T13:43:25,2026-07-27,CAVA,HOLD,0,SMA Crossover (10/50),MEDIUM,3,31.72,62.01,11.59,0.0,10.91,0.0,0.0,2026-08-04,0.66,1.14,100.0,27.49,8.93,76.37,-5.9,8.0,1,2026-04-08 to 2026-07-24 (75 days),-1.0,31.5,0.4897,76.19,70.67,BULLISH,HIGH,Strong trend (ADX=41),3.83,-1.0,1.0,15,2026-08-11,,0
2026-07-27T13:40:39,2026-07-27,FIS,HOLD,0,Stochastic Oscillator,MEDIUM,3,31.7,41.51,5.52,0.0,8.28,0.0,0.0,2026-09-20,0.18,0.26,100.0,10.42,1.5,33.46,-12.54,55.0,1,2026-04-08 to 2026-07-24 (75 days),-1.0,52.4,0.3922,40.74,52.22,BEARISH,MEDIUM,Last surprise: +5.4%; Earnings conf adj: +1,4.78,-1.0,1.0,8,2026-08-04,5.43,1
2026-07-27T13:40:44,2026-07-27,GE,HOLD,0,Stochastic Oscillator,HIGH,5,31.7,353.73,4.55,0.0,6.82,0.0,0.0,2026-08-06,1.48,2.73,100.0,60.25,16.97,-43.83,-6.36,10.5,2,2026-04-08 to 2026-07-24 (75 days),-1.0,53.1,0.273,337.84,312.91,BULLISH,MEDIUM,Strong trend (ADX=34); Last surprise: +8.6%; Earnings conf adj: +1,6.87,-1.0,1.0,85,2026-10-20,8.6,1
2026-07-27T13:43:05,2026-07-27,ENSG,HOLD,0,SMA Crossover (10/50),LOW,1,31.7,172.99,3.73,0.0,5.59,0.0,0.0,2026-08-05,1.2,3.28,100.0,32.52,11.13,54.76,-3.11,9.0,1,2026-04-08 to 2026-07-24 (75 days),-1.0,58.4,0.2771,166.07,182.59,BEARISH,MEDIUM,EARNINGS TODAY (2026-07-27); Earnings conf adj: -3,6.77,-1.0,1.0,0,2026-07-27,,-3
2026-07-27T13:40:25,2026-07-27,DUK,BUY,1,PEAD Earnings Drift,HIGH,5,31.68,130.52,2.71,126.98,9.48,142.89,9.19,2026-10-12,1.27,1.85,100.0,59.22,21.21,21.09,-4.6,77.0,1,2026-04-08 to 2026-07-24 (75 days),0.405,61.9,0.2237,125.06,123.22,BULLISH,MEDIUM,Price at statistical extreme; Strong trend (ADX=30); Last surprise: +7.2%; Earnings conf adj: +1; Size: Kelly 10.0% / VolTgt 8.4% / Blend 9.2%,8.38,-1.0,1.0,8,2026-08-04,7.22,1
2026-07-27T13:43:11,2026-07-27,BSY,HOLD,0,VWAP Trend,LOW,1,31.68,31.4,8.39,0.0,12.59,0.0,0.0,2026-08-11,-0.03,-0.04,60.0,0.88,-7.38,23.25,-13.72,15.2,5,2026-04-08 to 2026-07-24 (75 days),-1.0,50.3,0.4394,31.59,37.34,BEARISH,HIGH,No special conditions,4.27,-1.0,1.0,10,2026-08-06,,0
2026-07-27T13:40:57,2026-07-27,ICE,HOLD,0,EMA Crossover (9/21),MEDIUM,2,31.65,145.79,3.82,0.0,5.73,0.0,0.0,2026-08-04,1.09,1.89,100.0,27.43,8.9,46.15,-2.38,8.0,1,2026-04-08 to 2026-07-24 (75 days),-1.0,63.1,0.2678,140.22,153.99,BEARISH,MEDIUM,Strong trend (ADX=41); Earnings in 3d (2026-07-30); Last surprise: +4.0%; Earnings conf adj: -2,7.0,-1.0,1.0,3,2026-07-30,3.98,-2
2026-07-27T13:41:37,2026-07-27,PFG,BUY,1,52-Week High Momentum,LOW,1,31.54,109.4,3.36,105.72,5.04,114.91,7.0,2026-11-10,3.0,4.48,100.0,193.46,81.92,10.92,-6.16,106.0,1,2026-04-08 to 2026-07-24 (75 days),0.647,48.9,0.2071,107.49,93.01,BULLISH,MEDIUM,EARNINGS TODAY (2026-07-27); Last surprise: +3.0%; Earnings conf adj: -3; Size: Kelly 7.0% / VolTgt 7.0% / Blend 7.0%,7.0,-1.0,1.0,0,2026-07-27,2.99,-3
2026-07-27T13:40:44,2026-07-27,GDDY,HOLD,0,ADX Trend Following,MEDIUM,2,31.5,93.16,8.7,0.0,13.05,0.0,0.0,2026-08-19,1.03,1.87,100.0,76.67,27.43,-34.81,-8.93,23.5,2,2026-04-08 to 2026-07-24 (75 days),-1.0,58.1,0.4849,86.03,101.5,BEARISH,HIGH,Earnings in 3d (2026-07-30); Last surprise: +3.0%; Earnings conf adj: -2,3.87,-1.0,1.0,3,2026-07-30,3.02,-2
2026-07-27T13:40:20,2026-07-27,DGX,HOLD,0,SMA Crossover (10/50),HIGH,5,31.48,227.86,4.79,0.0,16.77,0.0,0.0,2026-09-14,2.1,5.82,100.0,141.28,56.23,-5.1,-6.22,49.0,1,2026-04-08 to 2026-07-24 (75 days),-1.0,72.7,0.3721,201.83,191.25,BULLISH,MEDIUM,RSI overbought; Price at statistical extreme; Strong trend (ADX=32); Last surprise: +10.6%; Earnings conf adj: +1,5.04,-1.0,1.0,85,2026-10-20,10.64,1
2026-07-27T13:41:31,2026-07-27,NWS,HOLD,0,Stochastic Oscillator,HIGH,4,31.48,30.19,4.16,0.0,6.24,0.0,0.0,2026-08-10,1.18,2.97,100.0,54.03,13.64,-5.17,-2.53,14.0,1,2026-04-08 to 2026-07-24 (75 days),-1.0,47.5,0.3428,30.14,29.28,BULLISH,MEDIUM,Strong trend (ADX=34); Last surprise: +5.0%,5.47,-1.0,1.0,9,2026-08-05,5.0,0
2026-07-27T13:42:18,2026-07-27,WMB,HOLD,0,Stochastic Oscillator,HIGH,5,31.46,74.0,3.98,0.0,5.97,0.0,0.0,2026-08-22,1.45,2.26,100.0,54.18,17.63,10.28,-3.77,26.0,1,2026-04-08 to 2026-07-24 (75 days),-1.0,49.0,0.2569,74.1,67.54,BULLISH,MEDIUM,Last surprise: +15.9%; Earnings conf adj: +1,7.3,-1.0,1.0,7,2026-08-03,15.87,1
2026-07-27T13:42:54,2026-07-27,ELS,HOLD,0,Composite Multi-Indicator,HIGH,4,31.41,66.05,3.16,0.0,9.48,0.0,0.0,2026-10-28,1.14,1.87,100.0,59.57,21.34,5.32,-4.38,93.0,1,2026-04-08 to 2026-07-24 (75 days),-1.0,59.3,0.2422,63.23,62.47,BULLISH,MEDIUM,No special conditions,7.74,-1.0,1.0,86,2026-10-21,,0
2026-07-27T13:39:38,2026-07-27,AJG,HOLD,0,ADX Trend Following,MEDIUM,2,31.33,247.77,4.1,0.0,6.15,0.0,0.0,2026-08-15,1.82,3.53,66.7,6.22,54.28,4.53,-7.28,19.0,3,2026-04-08 to 2026-07-24 (75 days),-1.0,56.6,0.3849,224.43,234.96,BEARISH,MEDIUM,Strong trend (ADX=32); Earnings in 3d (2026-07-30); Last surprise: +0.9%; Earnings conf adj: -2,4.87,-1.0,1.0,3,2026-07-30,0.9,-2
2026-07-27T13:41:22,2026-07-27,MRSH,HOLD,0,ADX Trend Following,HIGH,4,31.3,180.74,3.56,0.0,5.34,0.0,0.0,2026-09-10,1.69,3.05,100.0,97.13,36.16,22.18,-5.07,45.0,1,2026-04-08 to 2026-07-24 (75 days),-1.0,59.8,0.3282,167.85,175.7,BEARISH,MEDIUM,Strong trend (ADX=34); Last surprise: +2.4%,5.71,-1.0,1.0,80,2026-10-15,2.42,0
2026-07-27T13:41:58,2026-07-27,TDY,HOLD,0,Composite Multi-Indicator,MEDIUM,3,31.3,655.35,5.2,0.0,13.0,0.0,0.0,2026-11-03,0.5,0.77,100.0,29.81,10.14,12.67,-8.43,99.0,1,2026-04-08 to 2026-07-24 (75 days),-1.0,60.3,0.2568,627.6,597.01,BULLISH,MEDIUM,Strong trend (ADX=32); Last surprise: +8.5%; Earnings conf adj: +1,7.3,-1.0,1.0,86,2026-10-21,8.46,1
2026-07-27T13:43:27,2026-07-27,CLF,HOLD,0,Stochastic Oscillator,HIGH,4,31.27,11.93,9.79,0.0,14.68,0.0,0.0,2026-08-24,1.68,4.29,100.0,198.0,79.36,-77.83,-10.56,28.0,1,2026-04-08 to 2026-07-24 (75 days),-1.0,64.7,0.813,11.27,11.52,BEARISH,HIGH,High volume; Price at statistical extreme; Strong trend (ADX=39),2.31,-1.0,1.0,84,2026-10-19,,0
2026-07-27T13:41:48,2026-07-27,RSG,HOLD,0,Composite Multi-Indicator,HIGH,4,31.25,216.91,3.52,0.0,5.28,0.0,0.0,2026-08-28,1.5,2.85,100.0,63.51,22.88,21.25,-4.4,32.0,1,2026-04-08 to 2026-07-24 (75 days),-1.0,51.3,0.2583,211.62,213.56,BEARISH,MEDIUM,Last surprise: +3.7%,7.26,-1.0,1.0,10,2026-08-06,3.66,0
2026-07-27T13:40:33,2026-07-27,ESS,BUY,1,PEAD Earnings Drift,MEDIUM,3,31.19,293.46,2.09,287.33,4.18,305.73,9.7,2026-10-19,2.57,4.27,100.0,123.17,47.96,-25.36,-4.11,84.0,1,2026-04-08 to 2026-07-24 (75 days),0.365,56.1,0.1993,282.98,258.43,BULLISH,LOW,Earnings in 2d (2026-07-29); Last surprise: +15.4%; Earnings conf adj: -1; Size: Kelly 10.0% / VolTgt 9.4% / Blend 9.7%,9.41,-1.0,1.0,2,2026-07-29,15.38,-1
2026-07-27T13:39:42,2026-07-27,AMP,HOLD,0,Donchian Breakout (20/55),HIGH,4,31.14,528.9,3.97,0.0,11.04,0.0,0.0,2026-08-18,2.14,3.82,100.0,80.24,29.59,-41.87,-3.4,22.0,1,2026-04-08 to 2026-07-24 (75 days),-1.0,66.8,0.2988,476.22,472.75,BULLISH,MEDIUM,Strong trend (ADX=39); Last surprise: +2.4%,6.27,-1.0,1.0,-4,2026-07-23,2.41,0
2026-07-27T13:43:20,2026-07-27,KNSL,HOLD,0,EMA Crossover (9/21),LOW,1,31.13,349.1,7.46,0.0,11.19,0.0,0.0,2026-08-09,0.24,0.35,66.7,1.23,2.94,9.5,-10.12,13.0,3,2026-04-08 to 2026-07-24 (75 days),-1.0,57.5,0.5131,319.91,365.37,BEARISH,HIGH,High volume,3.65,-1.0,1.0,87,2026-10-22,,0
2026-07-27T13:43:10,2026-07-27,BRX,BUY,1,52-Week High Momentum,LOW,1,31.07,32.44,2.69,31.57,4.04,33.75,7.0,2026-11-10,1.9,3.05,100.0,106.99,40.84,-4.27,-5.59,106.0,1,2026-04-08 to 2026-07-24 (75 days),0.222,59.3,0.2032,31.04,28.15,BULLISH,MEDIUM,EARNINGS TODAY (2026-07-27); Earnings conf adj: -3; Size: Kelly 7.0% / VolTgt 7.0% / Blend 7.0%,7.0,-1.0,1.0,0,2026-07-27,,-3
2026-07-27T13:43:30,2026-07-27,CROX,EXIT,-1,MACD Crossover,MEDIUM,2,31.04,134.72,7.03,144.19,14.06,115.78,7.1,2026-08-14,1.5,2.56,100.0,92.03,34.27,-170.94,-4.64,18.5,2,2026-04-08 to 2026-07-24 (75 days),-1.0,59.4,0.4459,121.69,96.22,BULLISH,HIGH,Earnings in 3d (2026-07-30); Earnings conf adj: -2; Size: Kelly 10.0% / VolTgt 4.2% / Blend 7.1%,4.21,-1.0,1.0,3,2026-07-30,,-2
2026-07-27T13:42:57,2026-07-27,ARWR,HOLD,0,Stochastic Oscillator,HIGH,4,30.92,85.6,11.78,0.0,17.67,0.0,0.0,2026-08-04,1.72,7.89,100.0,198.3,78.85,-85.26,-3.59,8.0,1,2026-04-08 to 2026-07-24 (75 days),-1.0,59.5,0.8555,77.81,63.95,BULLISH,HIGH,Strong trend (ADX=44),2.19,-1.0,1.0,8,2026-08-04,,0
2026-07-27T13:43:28,2026-07-27,FNB,HOLD,0,EMA Crossover (9/21),HIGH,4,30.91,19.05,3.18,0.0,9.54,0.0,0.0,2026-09-11,1.73,2.56,100.0,74.66,26.9,-6.38,-5.25,46.0,1,2026-04-08 to 2026-07-24 (75 days),-1.0,54.7,0.2258,18.27,17.12,BULLISH,MEDIUM,No special conditions,8.3,-1.0,1.0,80,2026-10-15,,0
2026-07-27T13:41:17,2026-07-27,MDT,HOLD,0,Composite Multi-Indicator,HIGH,4,30.9,83.21,3.96,0.0,5.94,0.0,0.0,2026-09-18,1.81,3.05,100.0,133.91,52.84,69.74,-5.45,53.0,1,2026-04-08 to 2026-07-24 (75 days),-1.0,55.9,0.3555,79.5,88.99,BEARISH,MEDIUM,Last surprise: +0.6%,5.27,-1.0,1.0,36,2026-09-01,0.65,0
2026-07-27T13:43:13,2026-07-27,GME,HOLD,0,Stochastic Oscillator,MEDIUM,2,30.88,21.17,3.41,0.0,5.12,0.0,0.0,2026-09-15,0.25,0.42,100.0,12.24,3.16,26.74,-7.23,50.0,1,2026-04-08 to 2026-07-24 (75 days),-1.0,39.4,0.2507,21.86,22.71,BEARISH,MEDIUM,No special conditions,7.48,-1.0,1.0,43,2026-09-08,,0
2026-07-27T13:43:49,2026-07-27,POST,EXIT,-1,ADX Trend Following,HIGH,4,30.85,90.91,4.6,95.09,6.68,84.84,7.88,2026-08-02,1.63,3.05,60.0,3.51,25.16,56.54,-5.32,6.8,5,2026-04-08 to 2026-07-24 (75 days),-1.0,54.5,0.3256,91.44,99.74,BEARISH,MEDIUM,Size: Kelly 10.0% / VolTgt 5.8% / Blend 7.9%,5.76,-1.0,1.0,10,2026-08-06,,0
2026-07-27T13:42:34,2026-07-27,EWBC,BUY,1,52-Week High Momentum,HIGH,4,30.84,131.0,2.96,127.12,8.88,142.63,9.54,2026-11-04,2.06,3.5,100.0,122.56,47.69,-13.46,-5.27,100.0,1,2026-04-08 to 2026-07-24 (75 days),0.71,51.3,0.2066,127.76,114.65,BULLISH,MEDIUM,Last surprise: +0.4%; Size: Kelly 10.0% / VolTgt 9.1% / Blend 9.5%,9.08,-1.0,1.0,85,2026-10-20,0.38,0
2026-07-27T13:40:03,2026-07-27,CHD,HOLD,0,Multi-Factor Momentum MR,MEDIUM,2,30.82,97.64,3.48,0.0,6.96,0.0,0.0,2026-09-18,0.49,0.7,100.0,23.55,7.51,-6.74,-4.76,53.0,1,2026-04-08 to 2026-07-24 (75 days),-1.0,51.8,0.2384,96.7,92.38,BULLISH,MEDIUM,Earnings in 4d (2026-07-31); Last surprise: +2.2%,7.87,-1.0,1.0,4,2026-07-31,2.15,0
2026-07-27T13:41:37,2026-07-27,PGR,HOLD,0,Stochastic Oscillator,MEDIUM,3,30.81,213.83,6.47,0.0,9.71,0.0,0.0,2026-08-15,0.91,1.53,100.0,52.5,14.76,-15.18,-6.67,19.5,2,2026-04-08 to 2026-07-24 (75 days),-1.0,49.8,0.4813,209.0,207.34,BULLISH,HIGH,Strong trend (ADX=39); Last surprise: +0.2%,3.9,-1.0,1.0,79,2026-10-14,0.21,0
2026-07-27T13:43:11,2026-07-27,OSK,HOLD,0,Composite Multi-Indicator,MEDIUM,2,30.76,155.14,4.9,0.0,7.35,0.0,0.0,2026-10-12,1.41,2.11,100.0,128.46,50.35,51.99,-13.76,77.0,1,2026-04-08 to 2026-07-24 (75 days),-1.0,65.9,0.3253,137.7,141.36,BEARISH,MEDIUM,Earnings in 1d (2026-07-28); Earnings conf adj: -2,5.76,-1.0,1.0,1,2026-07-28,,-2
2026-07-27T13:43:00,2026-07-27,BMRN,HOLD,0,Donchian Breakout (20/55),HIGH,4,30.69,59.33,3.6,0.0,10.8,0.0,0.0,2026-09-09,1.42,2.54,100.0,55.26,19.27,6.01,-3.23,44.0,1,2026-04-08 to 2026-07-24 (75 days),-1.0,56.5,0.2229,56.35,56.11,BULLISH,MEDIUM,No special conditions,8.41,-1.0,1.0,7,2026-08-03,,0
2026-07-27T13:41:03,2026-07-27,JCI,HOLD,0,Multi-Factor Momentum MR,MEDIUM,2,30.67,143.37,4.38,0.0,8.76,0.0,0.0,2026-08-25,0.62,1.04,100.0,30.6,10.41,-1.76,-7.67,29.0,1,2026-04-08 to 2026-07-24 (75 days),-1.0,52.3,0.2988,141.78,129.31,BULLISH,MEDIUM,Earnings in 2d (2026-07-29); Last surprise: +6.2%; Earnings conf adj: -1,6.28,-1.0,1.0,2,2026-07-29,6.25,-1
2026-07-27T13:43:28,2026-07-27,MSA,HOLD,0,Stochastic Oscillator,MEDIUM,2,30.61,174.64,3.24,0.0,4.86,0.0,0.0,2026-09-22,1.11,1.69,100.0,58.67,20.18,12.32,-10.26,57.0,1,2026-04-08 to 2026-07-24 (75 days),-1.0,60.4,0.2084,167.57,170.13,BEARISH,MEDIUM,Earnings in 3d (2026-07-30); Earnings conf adj: -2,9.0,-1.0,1.0,3,2026-07-30,,-2
2026-07-27T13:43:13,2026-07-27,DAR,HOLD,0,EMA Crossover (9/21),MEDIUM,2,30.59,62.5,4.41,0.0,9.23,0.0,0.0,2026-08-11,1.23,2.03,100.0,37.38,12.52,15.46,-3.62,15.0,1,2026-04-08 to 2026-07-24 (75 days),-1.0,59.6,0.3027,58.85,48.92,BULLISH,MEDIUM,Strong trend (ADX=40); Earnings in 3d (2026-07-30); Earnings conf adj: -2,6.2,-1.0,1.0,3,2026-07-30,,-2
2026-07-27T13:41:14,2026-07-27,LYV,HOLD,0,VWAP Trend,LOW,0,30.37,177.24,3.35,0.0,2.46,0.0,0.0,2026-07-29,-3.16,-3.62,40.0,0.32,-27.44,-58.9,-12.18,2.4,10,2026-04-08 to 2026-07-24 (75 days),-1.0,49.6,0.2015,173.19,155.41,BULLISH,MEDIUM,Earnings in 3d (2026-07-30); Last surprise: -478.1%; Earnings conf adj: -3,7.0,-1.0,1.0,3,2026-07-30,-478.12,-3
2026-07-27T13:41:36,2026-07-27,PG,HOLD,0,Stochastic Oscillator,MEDIUM,2,30.37,147.41,3.21,0.0,4.81,0.0,0.0,2026-08-20,1.49,3.03,100.0,57.81,19.84,11.07,-4.95,24.0,1,2026-04-08 to 2026-07-24 (75 days),-1.0,48.1,0.2323,146.9,146.94,BEARISH,MEDIUM,Earnings in 2d (2026-07-29); Last surprise: +1.9%; Earnings conf adj: -2,8.07,-1.0,1.0,2,2026-07-29,1.92,-2
2026-07-27T13:41:45,2026-07-27,REG,BUY,1,52-Week High Momentum,MEDIUM,3,30.37,82.15,1.95,80.55,3.9,85.35,9.71,2026-11-10,1.17,1.83,100.0,57.4,20.51,-3.43,-6.27,106.0,1,2026-04-08 to 2026-07-24 (75 days),0.266,59.1,0.199,78.9,73.81,BULLISH,LOW,Earnings in 2d (2026-07-29); Last surprise: +9.7%; Earnings conf adj: -1; Size: Kelly 10.0% / VolTgt 9.4% / Blend 9.7%,9.42,-1.0,1.0,2,2026-07-29,9.68,-1
2026-07-27T13:43:48,2026-07-27,PLNT,HOLD,0,SMA Crossover (10/50),MEDIUM,3,30.34,53.48,4.87,0.0,6.13,0.0,0.0,2026-08-03,0.64,1.6,100.0,20.39,6.74,73.6,-3.3,7.0,1,2026-04-08 to 2026-07-24 (75 days),-1.0,52.4,0.2943,52.07,80.41,BEARISH,MEDIUM,No special conditions,6.37,-1.0,1.0,10,2026-08-06,,0
2026-07-27T13:42:29,2026-07-27,ROKU,HOLD,0,MACD Crossover,MEDIUM,2,30.33,141.97,1.5,0.0,3.59,0.0,0.0,2026-08-07,-0.08,-0.11,100.0,0.66,-0.79,-219.74,-2.53,11.5,2,2026-04-08 to 2026-07-24 (75 days),-1.0,57.8,0.1345,133.79,110.01,BULLISH,LOW,Strong trend (ADX=36); Last surprise: +62.9%; Earnings conf adj: +1,10.0,-1.0,1.0,10,2026-08-06,62.86,1
2026-07-27T13:43:05,2026-07-27,ORI,HOLD,0,Composite Multi-Indicator,HIGH,4,30.31,42.29,3.27,0.0,4.91,0.0,0.0,2026-10-27,1.21,1.96,100.0,67.95,24.65,13.43,-9.23,92.0,1,2026-04-08 to 2026-07-24 (75 days),-1.0,60.1,0.2481,39.71,40.17,BEARISH,MEDIUM,No special conditions,7.56,-1.0,1.0,87,2026-10-22,,0
2026-07-27T13:43:58,2026-07-27,XLV,HOLD,0,52-Week High Momentum,HIGH,4,30.31,162.57,2.44,0.0,7.32,0.0,0.0,2026-09-14,1.29,2.32,100.0,66.17,17.36,-17.16,-4.01,49.0,1,2026-04-08 to 2026-07-24 (75 days),-1.0,60.2,0.2185,154.16,150.8,BULLISH,MEDIUM,No special conditions,8.58,-1.0,1.0,-1,,,0
2026-07-27T13:39:59,2026-07-27,CB,HOLD,0,Composite Multi-Indicator,HIGH,5,30.28,359.75,3.65,0.0,10.95,0.0,0.0,2026-10-30,1.42,2.32,100.0,92.59,34.7,2.73,-6.94,95.0,1,2026-04-08 to 2026-07-24 (75 days),-1.0,60.1,0.3284,334.05,315.44,BULLISH,MEDIUM,Last surprise: +7.6%; Earnings conf adj: +1,5.71,-1.0,1.0,-6,2026-07-21,7.56,1
2026-07-27T13:40:23,2026-07-27,DOC,BUY,1,52-Week High Momentum,HIGH,5,30.28,22.27,2.3,21.76,8.05,24.06,9.89,2026-10-13,2.19,3.67,100.0,148.61,51.21,-135.94,-5.77,78.0,1,2026-04-08 to 2026-07-24 (75 days),0.536,63.3,0.1918,20.55,17.66,BULLISH,LOW,Strong trend (ADX=49); Last surprise: +366.7%; Earnings conf adj: +1; Size: Kelly 10.0% / VolTgt 9.8% / Blend 9.9%,9.78,-1.0,1.0,8,2026-08-04,366.67,1
2026-07-27T13:40:56,2026-07-27,HUM,HOLD,0,52-Week High Momentum,MEDIUM,2,30.28,389.32,5.3,0.0,13.25,0.0,0.0,2026-10-06,2.78,5.32,100.0,293.97,120.7,-780.55,-5.6,71.0,1,2026-04-08 to 2026-07-24 (75 days),-1.0,53.3,0.3511,360.42,261.64,BULLISH,MEDIUM,Strong trend (ADX=47); Earnings in 2d (2026-07-29); Last surprise: +1.1%; Earnings conf adj: -2,5.34,-1.0,1.0,2,2026-07-29,1.08,-2
2026-07-27T13:40:05,2026-07-27,CLX,HOLD,0,Composite Multi-Indicator,HIGH,5,30.26,95.55,4.77,0.0,7.15,0.0,0.0,2026-08-28,1.15,1.86,100.0,53.64,19.05,44.98,-4.97,32.0,1,2026-04-08 to 2026-07-24 (75 days),-1.0,49.8,0.2903,94.82,103.36,BEARISH,MEDIUM,Last surprise: +6.5%; Earnings conf adj: +1,6.46,-1.0,1.0,7,2026-08-03,6.49,1
2026-07-27T13:42:12,2026-07-27,VLTO,HOLD,0,VWAP Trend,LOW,0,30.21,92.02,3.44,0.0,5.16,0.0,0.0,2026-08-05,-0.25,-0.36,57.1,0.88,-6.87,-13.36,-8.2,9.9,7,2026-04-08 to 2026-07-24 (75 days),-1.0,56.1,0.2452,87.41,93.73,BEARISH,MEDIUM,Earnings in 1d (2026-07-28); Last surprise: +5.9%; Earnings conf adj: -1,7.0,-1.0,1.0,1,2026-07-28,5.94,-1
2026-07-27T13:43:47,2026-07-27,KRC,BUY,1,VWAP Trend,LOW,1,30.09,39.42,3.85,37.9,4.47,41.18,7.0,2026-08-01,1.78,3.29,66.7,9.04,34.07,-188.78,-3.58,5.0,6,2026-04-08 to 2026-07-24 (75 days),0.258,58.3,0.2539,36.87,35.08,BULLISH,MEDIUM,EARNINGS TODAY (2026-07-27); Earnings conf adj: -3; Size: Kelly 7.0% / VolTgt 7.0% / Blend 7.0%,7.0,-1.0,1.0,0,2026-07-27,,-3
2026-07-27T13:43:39,2026-07-27,G,HOLD,0,EMA Crossover (9/21),MEDIUM,3,30.06,31.26,5.3,0.0,7.32,0.0,0.0,2026-08-03,0.54,1.08,100.0,10.98,3.44,45.63,-2.95,7.0,1,2026-04-08 to 2026-07-24 (75 days),-1.0,57.0,0.3515,30.48,38.0,BEARISH,MEDIUM,No special conditions,5.33,-1.0,1.0,10,2026-08-06,,0
2026-07-27T13:40:08,2026-07-27,CNC,HOLD,0,ADX Trend Following,MEDIUM,3,30.03,63.41,7.71,0.0,14.49,0.0,0.0,2026-08-16,3.66,9.17,75.0,551.22,346.96,-163.37,-8.41,20.0,4,2026-04-08 to 2026-07-24 (75 days),-1.0,45.9,0.4115,63.22,45.97,BULLISH,HIGH,Earnings in 1d (2026-07-28); Last surprise: +58.2%; Earnings conf adj: -1,4.56,-1.0,1.0,1,2026-07-28,58.22,-1
2026-07-27T13:39:51,2026-07-27,BEN,HOLD,0,52-Week High Momentum,HIGH,5,30.02,32.49,3.97,0.0,11.91,0.0,0.0,2026-11-03,2.64,4.46,100.0,235.01,102.29,-54.43,-6.42,99.0,1,2026-04-08 to 2026-07-24 (75 days),-1.0,47.9,0.2113,32.23,26.31,BULLISH,MEDIUM,Earnings in 4d (2026-07-31); Last surprise: +29.1%; Earnings conf adj: +1,8.88,-1.0,1.0,4,2026-07-31,29.09,1
2026-07-27T13:41:17,2026-07-27,MCK,HOLD,0,Composite Multi-Indicator,MEDIUM,2,29.92,840.9,3.99,0.0,5.99,0.0,0.0,2026-10-28,0.3,0.41,100.0,14.19,4.56,15.58,-13.27,93.0,1,2026-04-08 to 2026-07-24 (75 days),-1.0,62.2,0.3197,778.52,831.86,BEARISH,MEDIUM,Last surprise: +1.0%,5.86,-1.0,1.0,9,2026-08-05,1.04,0
2026-07-27T13:41:20,2026-07-27,MO,HOLD,0,Stochastic Oscillator,MEDIUM,3,29.78,72.99,3.61,0.0,5.42,0.0,0.0,2026-08-26,2.93,5.68,100.0,204.92,88.99,46.75,-5.25,30.5,2,2026-04-08 to 2026-07-24 (75 days),-1.0,54.1,0.2516,71.45,63.72,BULLISH,MEDIUM,Earnings in 3d (2026-07-30); Last surprise: +5.6%; Earnings conf adj: -1,7.45,-1.0,1.0,3,2026-07-30,5.6,-1
2026-07-27T13:41:32,2026-07-27,OKE,HOLD,0,SMA Crossover (10/50),LOW,1,29.77,93.16,3.69,0.0,5.54,0.0,0.0,2026-08-14,0.12,0.15,66.7,1.36,0.25,-32.4,-11.86,18.7,3,2026-04-08 to 2026-07-24 (75 days),-1.0,59.0,0.2515,89.59,80.23,BULLISH,MEDIUM,Last surprise: +0.0%,7.0,-1.0,1.0,7,2026-08-03,0.0,0
2026-07-27T13:42:28,2026-07-27,OKTA,HOLD,0,MACD Crossover,HIGH,5,29.72,138.5,12.0,0.0,29.7,0.0,0.0,2026-08-31,2.42,6.37,100.0,552.41,369.36,-301.18,-18.06,35.5,2,2026-04-08 to 2026-07-24 (75 days),-1.0,53.0,0.6329,122.0,92.8,BULLISH,HIGH,Strong trend (ADX=32); Last surprise: +7.1%; Earnings conf adj: +1,2.96,-1.0,1.0,29,2026-08-25,7.06,1
2026-07-27T13:41:51,2026-07-27,SNA,HOLD,0,Composite Multi-Indicator,HIGH,4,29.7,404.12,3.49,0.0,10.47,0.0,0.0,2026-10-20,1.03,1.44,100.0,57.98,20.72,-4.79,-8.05,85.0,1,2026-04-08 to 2026-07-24 (75 days),-1.0,53.8,0.2168,387.68,363.8,BULLISH,MEDIUM,Last surprise: +0.2%,8.65,-1.0,1.0,80,2026-10-15,0.2,0
2026-07-27T13:41:05,2026-07-27,KEYS,HOLD,0,Stochastic Oscillator,HIGH,4,29.67,318.67,7.38,0.0,11.07,0.0,0.0,2026-08-13,0.55,0.96,100.0,29.89,6.47,6.11,-3.98,17.0,1,2026-04-08 to 2026-07-24 (75 days),-1.0,44.8,0.5302,337.4,265.29,BULLISH,HIGH,Last surprise: +23.7%; Earnings conf adj: +1,3.54,-1.0,1.0,22,2026-08-18,23.71,1
2026-07-27T13:43:54,2026-07-27,EXPO,HOLD,0,Composite Multi-Indicator,LOW,1,29.67,61.44,5.25,0.0,4.81,0.0,0.0,2026-07-30,0.78,1.68,100.0,11.86,3.75,26.99,-1.22,3.0,1,2026-04-08 to 2026-07-24 (75 days),-1.0,52.4,0.3524,58.88,66.56,BEARISH,MEDIUM,Earnings in 3d (2026-07-30); Earnings conf adj: -2,5.32,-1.0,1.0,3,2026-07-30,,-2
2026-07-27T13:41:59,2026-07-27,TFC,HOLD,0,Composite Multi-Indicator,HIGH,5,29.65,51.76,3.4,0.0,10.2,0.0,0.0,2026-09-03,1.28,1.85,100.0,52.53,18.63,-3.79,-4.23,38.0,1,2026-04-08 to 2026-07-24 (75 days),-1.0,54.6,0.2497,49.68,47.88,BULLISH,MEDIUM,Last surprise: +13.9%; Earnings conf adj: +1,7.51,-1.0,1.0,81,2026-10-16,13.89,1
2026-07-27T13:43:55,2026-07-27,VC,HOLD,0,Stochastic Oscillator,MEDIUM,3,29.61,103.75,7.75,0.0,11.62,0.0,0.0,2026-08-19,0.8,1.37,100.0,46.77,14.08,-12.94,-7.18,23.0,1,2026-04-08 to 2026-07-24 (75 days),-1.0,46.4,0.5645,110.83,102.53,BULLISH,HIGH,No special conditions,3.32,-1.0,1.0,87,2026-10-22,,0
2026-07-27T13:41:42,2026-07-27,PSA,HOLD,0,Stochastic Oscillator,LOW,1,29.6,322.48,3.28,0.0,2.03,0.0,0.0,2026-07-28,0.94,6.52,100.0,22.71,3.98,-44.16,-1.09,1.0,1,2026-04-08 to 2026-07-24 (75 days),-1.0,54.7,0.2575,312.95,288.65,BULLISH,MEDIUM,Earnings in 2d (2026-07-29); Last surprise: +2.1%; Earnings conf adj: -2,7.0,-1.0,1.0,2,2026-07-29,2.07,-2
2026-07-27T13:40:28,2026-07-27,ED,HOLD,0,EMA Crossover (9/21),HIGH,4,29.56,113.01,2.93,0.0,10.07,0.0,0.0,2026-09-03,1.17,1.93,100.0,41.82,14.17,13.01,-3.67,38.0,1,2026-04-08 to 2026-07-24 (75 days),-1.0,57.6,0.2074,108.8,104.89,BULLISH,MEDIUM,Strong trend (ADX=33); Last surprise: -4.0%,9.04,-1.0,1.0,10,2026-08-06,-3.96,0
2026-07-27T13:43:30,2026-07-27,ST,HOLD,0,Stochastic Oscillator,LOW,0,29.29,45.71,5.07,0.0,7.61,0.0,0.0,2026-08-13,0.44,0.91,100.0,31.06,4.37,-95.86,-2.63,17.0,1,2026-04-08 to 2026-07-24 (75 days),-1.0,47.8,0.3449,47.98,38.14,BULLISH,MEDIUM,Earnings in 2d (2026-07-29); Earnings conf adj: -2,5.44,-1.0,1.0,2,2026-07-29,,-2
2026-07-27T13:40:03,2026-07-27,CI,HOLD,0,Composite Multi-Indicator,LOW,1,29.26,289.57,4.57,0.0,6.86,0.0,0.0,2026-10-28,0.84,1.26,100.0,59.24,21.22,3.41,-9.97,93.0,1,2026-04-08 to 2026-07-24 (75 days),-1.0,51.8,0.323,286.07,277.81,BULLISH,MEDIUM,Earnings in 3d (2026-07-30); Last surprise: +2.4%; Earnings conf adj: -2,5.81,-1.0,1.0,3,2026-07-30,2.37,-2
2026-07-27T13:42:50,2026-07-27,LECO,HOLD,0,VWAP Trend,LOW,1,29.23,251.47,4.21,0.0,3.82,0.0,0.0,2026-07-29,0.97,1.74,57.1,2.05,10.2,13.08,-2.42,2.9,7,2026-04-08 to 2026-07-24 (75 days),-1.0,45.5,0.2846,259.32,253.87,BULLISH,MEDIUM,Earnings in 3d (2026-07-30); Last surprise: +2.9%; Earnings conf adj: -2,6.59,-1.0,1.0,3,2026-07-30,2.88,-2
2026-07-27T13:43:33,2026-07-27,STWD,HOLD,0,Stochastic Oscillator,MEDIUM,2,29.2,16.52,2.04,0.0,3.06,0.0,0.0,2026-09-27,0.22,0.33,100.0,14.06,2.04,12.82,-4.38,62.0,1,2026-04-08 to 2026-07-24 (75 days),-1.0,48.9,0.1828,16.53,16.89,BEARISH,LOW,No special conditions,10.0,-1.0,1.0,10,2026-08-06,,0
2026-07-27T13:40:59,2026-07-27,INTU,HOLD,0,EMA Crossover (9/21),MEDIUM,2,29.19,296.33,9.64,0.0,7.18,0.0,0.0,2026-07-31,0.26,0.6,100.0,7.54,2.26,61.83,-4.28,4.0,1,2026-04-08 to 2026-07-24 (75 days),-1.0,55.1,0.4557,298.26,471.86,BEARISH,HIGH,Last surprise: +1.8%,4.11,-1.0,1.0,24,2026-08-20,1.83,0
2026-07-27T13:41:33,2026-07-27,ORLY,HOLD,0,Composite Multi-Indicator,LOW,1,29.18,87.4,5.97,0.0,8.96,0.0,0.0,2026-08-14,0.82,1.41,100.0,36.51,12.6,31.84,-5.21,18.0,1,2026-04-08 to 2026-07-24 (75 days),-1.0,50.4,0.4302,88.37,93.41,BEARISH,HIGH,Earnings in 2d (2026-07-29); Last surprise: +2.9%; Earnings conf adj: -2,4.36,-1.0,1.0,2,2026-07-29,2.86,-2
2026-07-27T13:43:51,2026-07-27,YETI,HOLD,0,Momentum (Rate of Change),HIGH,4,29.15,50.38,5.69,0.0,17.07,0.0,0.0,2026-11-04,2.34,4.42,100.0,304.86,146.45,-24.15,-9.73,100.0,1,2026-04-08 to 2026-07-24 (75 days),-1.0,55.1,0.3458,47.88,42.69,BULLISH,MEDIUM,No special conditions,5.42,-1.0,1.0,17,2026-08-13,,0
2026-07-27T13:43:35,2026-07-27,CHDN,HOLD,0,ADX Trend Following,LOW,0,29.07,86.5,4.77,0.0,7.15,0.0,0.0,2026-08-18,-0.01,-0.02,66.7,0.83,-6.17,1.25,-18.49,22.3,3,2026-04-08 to 2026-07-24 (75 days),-1.0,51.7,0.358,86.65,95.23,BEARISH,MEDIUM,Earnings in 2d (2026-07-29); Earnings conf adj: -2,5.24,-1.0,1.0,2,2026-07-29,,-2
2026-07-27T13:43:19,2026-07-27,TTEK,HOLD,0,Momentum (Rate of Change),MEDIUM,2,29.02,31.71,4.17,0.0,6.25,0.0,0.0,2026-09-17,2.48,4.68,100.0,167.82,63.31,53.59,-4.75,52.0,1,2026-04-08 to 2026-07-24 (75 days),-1.0,61.7,0.2867,28.85,32.55,BEARISH,MEDIUM,Earnings in 2d (2026-07-29); Earnings conf adj: -2,6.54,-1.0,1.0,2,2026-07-29,,-2
2026-07-27T13:42:28,2026-07-27,SN,HOLD,0,52-Week High Momentum,HIGH,5,28.98,148.6,5.16,0.0,15.8,0.0,0.0,2026-09-09,1.64,3.25,100.0,157.95,44.7,-117.95,-5.63,44.0,1,2026-04-08 to 2026-07-24 (75 days),-1.0,56.1,0.3025,133.59,115.14,BULLISH,MEDIUM,Strong trend (ADX=33); Last surprise: +6.9%; Earnings conf adj: +1,6.2,-1.0,1.0,9,2026-08-05,6.86,1
2026-07-27T13:43:20,2026-07-27,TEX,HOLD,0,Stochastic Oscillator,MEDIUM,2,28.9,69.83,8.6,0.0,10.08,0.0,0.0,2026-08-04,1.48,2.57,100.0,60.89,18.99,-23.05,-5.08,8.0,1,2026-04-08 to 2026-07-24 (75 days),-1.0,58.5,0.4524,64.28,58.8,BULLISH,HIGH,Earnings in 3d (2026-07-30); Earnings conf adj: -2,4.14,-1.0,1.0,3,2026-07-30,,-2
2026-07-27T13:43:04,2026-07-27,AM,HOLD,0,Stochastic Oscillator,MEDIUM,2,28.82,22.75,3.36,0.0,5.04,0.0,0.0,2026-08-18,1.67,2.73,100.0,70.88,23.81,15.76,-4.11,22.0,2,2026-04-08 to 2026-07-24 (75 days),-1.0,55.0,0.2205,22.05,20.1,BULLISH,MEDIUM,Earnings in 2d (2026-07-29); Earnings conf adj: -2,8.5,-1.0,1.0,2,2026-07-29,,-2
2026-07-27T13:43:13,2026-07-27,AMG,HOLD,0,ADX Trend Following,LOW,1,28.78,358.29,5.52,0.0,11.04,0.0,0.0,2026-08-30,0.86,1.16,100.0,63.04,21.88,-92.34,-10.28,34.5,2,2026-04-08 to 2026-07-24 (75 days),-1.0,53.9,0.3846,337.09,296.44,BULLISH,MEDIUM,Strong trend (ADX=36); Earnings in 3d (2026-07-30); Earnings conf adj: -2,4.87,-1.0,1.0,3,2026-07-30,,-2
2026-07-27T13:42:27,2026-07-27,NVT,EXIT,-1,MACD Crossover,HIGH,5,28.76,151.79,9.52,166.24,14.22,130.21,6.94,2026-08-10,2.64,5.54,66.7,250.95,113.99,30.08,-9.67,14.0,3,2026-04-08 to 2026-07-24 (75 days),-1.0,42.1,0.4828,164.14,127.36,BULLISH,HIGH,Earnings in 4d (2026-07-31); Last surprise: +16.0%; Earnings conf adj: +1; Size: Kelly 10.0% / VolTgt 3.9% / Blend 6.9%,3.88,-1.0,1.0,4,2026-07-31,15.96,1
2026-07-27T13:43:44,2026-07-27,ELF,HOLD,0,VWAP Trend,LOW,0,28.69,77.36,10.23,0.0,14.54,0.0,0.0,2026-08-07,0.34,0.49,50.0,1.21,4.69,-110.51,-34.92,11.0,8,2026-04-08 to 2026-07-24 (75 days),-1.0,60.0,0.5568,64.38,78.88,BEARISH,HIGH,No special conditions,3.37,-1.0,1.0,9,2026-08-05,,0
2026-07-27T13:41:15,2026-07-27,MAS,HOLD,0,Momentum (Rate of Change),MEDIUM,2,28.67,79.27,4.31,0.0,8.62,0.0,0.0,2026-11-04,2.23,4.01,100.0,259.88,118.73,-13.01,-14.5,100.0,1,2026-04-08 to 2026-07-24 (75 days),-1.0,56.6,0.303,73.87,67.87,BULLISH,MEDIUM,Earnings in 2d (2026-07-29); Last surprise: +18.2%; Earnings conf adj: -2,6.19,-1.0,1.0,2,2026-07-29,18.18,-2
2026-07-27T13:39:44,2026-07-27,AOS,HOLD,0,Composite Multi-Indicator,LOW,1,28.59,60.78,4.11,0.0,6.17,0.0,0.0,2026-09-17,1.2,1.79,100.0,69.82,25.39,51.37,-6.31,52.0,1,2026-04-08 to 2026-07-24 (75 days),-1.0,54.4,0.2476,58.9,65.62,BEARISH,MEDIUM,Earnings in 3d (2026-07-30); Last surprise: -9.6%; Earnings conf adj: -3,7.0,-1.0,1.0,3,2026-07-30,-9.57,-3
2026-07-27T13:42:26,2026-07-27,MTZ,HOLD,0,MACD Crossover,LOW,1,28.51,337.84,11.69,0.0,17.54,0.0,0.0,2026-08-11,0.42,0.65,100.0,28.58,9.03,18.73,-16.37,15.0,2,2026-04-08 to 2026-07-24 (75 days),-1.0,40.9,0.6595,376.35,294.62,BULLISH,HIGH,Earnings in 3d (2026-07-30); Last surprise: +40.4%; Earnings conf adj: -1,2.84,-1.0,1.0,3,2026-07-30,40.4,-1
2026-07-27T13:42:34,2026-07-27,PFGC,HOLD,0,MACD Crossover,HIGH,4,28.43,111.49,3.86,0.0,9.09,0.0,0.0,2026-08-15,1.7,2.54,66.7,2.99,29.64,-96.37,-7.56,19.7,3,2026-04-08 to 2026-07-24 (75 days),-1.0,56.5,0.26,104.26,95.78,BULLISH,MEDIUM,Last surprise: +2.6%,7.21,-1.0,1.0,16,2026-08-12,2.56,0
2026-07-27T13:42:54,2026-07-27,CR,BUY,1,52-Week High Momentum,MEDIUM,2,28.37,226.14,4.56,215.83,11.25,251.58,9.25,2026-09-07,1.21,2.47,100.0,93.74,18.78,-84.02,-4.23,42.0,1,2026-04-08 to 2026-07-24 (75 days),0.687,67.4,0.2205,202.6,190.92,BULLISH,MEDIUM,High volume; Price at statistical extreme; Strong trend (ADX=34); Earnings in 1d (2026-07-28); Earnings conf adj: -2; Size: Kelly 10.0% / VolTgt 8.5% / Blend 9.2%,8.5,-1.0,1.0,1,2026-07-28,,-2
2026-07-27T13:40:30,2026-07-27,EOG,HOLD,0,VWAP Trend,HIGH,5,28.35,146.39,3.83,0.0,3.15,0.0,0.0,2026-07-29,2.46,5.92,71.4,3.84,25.02,-0.42,-2.79,2.0,7,2026-04-08 to 2026-07-24 (75 days),-1.0,68.2,0.2825,136.03,121.27,BULLISH,MEDIUM,Strong trend (ADX=44); Last surprise: +6.2%; Earnings conf adj: +1,6.64,-1.0,1.0,8,2026-08-04,6.23,1
2026-07-27T13:43:15,2026-07-27,ACM,HOLD,0,Composite Multi-Indicator,MEDIUM,2,28.35,70.56,3.98,0.0,5.97,0.0,0.0,2026-09-08,0.4,0.57,100.0,17.46,5.72,53.74,-5.5,43.0,1,2026-04-08 to 2026-07-24 (75 days),-1.0,55.0,0.3064,69.66,92.75,BEARISH,MEDIUM,No special conditions,6.12,-1.0,1.0,14,2026-08-10,,0
2026-07-27T13:43:39,2026-07-27,BC,HOLD,0,Stochastic Oscillator,LOW,1,28.33,79.92,5.18,0.0,7.77,0.0,0.0,2026-08-10,0.53,0.83,100.0,24.93,5.82,-9.81,-3.46,14.0,1,2026-04-08 to 2026-07-24 (75 days),-1.0,49.0,0.3453,80.76,76.0,BULLISH,MEDIUM,Earnings in 3d (2026-07-30); Earnings conf adj: -2,5.43,-1.0,1.0,3,2026-07-30,,-2
2026-07-27T13:41:34,2026-07-27,PANW,HOLD,0,Momentum (Rate of Change),HIGH,5,28.32,323.79,10.81,0.0,32.43,0.0,0.0,2026-11-10,4.5,8.37,100.0,937.98,846.97,114.52,-13.3,106.0,1,2026-04-08 to 2026-07-24 (75 days),-1.0,50.4,0.6233,297.04,211.6,BULLISH,HIGH,Last surprise: +6.2%; Earnings conf adj: +1,3.01,-1.0,1.0,22,2026-08-18,6.25,1
2026-07-27T13:42:02,2026-07-27,TRMB,HOLD,0,ADX Trend Following,MEDIUM,3,28.28,52.91,5.47,0.0,8.21,0.0,0.0,2026-08-07,0.28,0.45,100.0,10.86,3.05,57.7,-6.79,11.0,1,2026-04-08 to 2026-07-24 (75 days),-1.0,52.1,0.3375,52.92,67.86,BEARISH,MEDIUM,Last surprise: +9.7%; Earnings conf adj: +1,5.56,-1.0,1.0,9,2026-08-05,9.72,1
2026-07-27T13:39:53,2026-07-27,BKNG,HOLD,0,Composite Multi-Indicator,MEDIUM,3,28.26,177.46,5.13,0.0,7.7,0.0,0.0,2026-08-28,0.93,1.65,100.0,56.76,20.26,25.96,-6.38,32.0,1,2026-04-08 to 2026-07-24 (75 days),-1.0,51.1,0.341,170.79,185.06,BEARISH,MEDIUM,No special conditions,5.5,-1.0,1.0,8,2026-08-04,,0
2026-07-27T13:41:41,2026-07-27,PPL,HOLD,0,Donchian Breakout (20/55),MEDIUM,3,28.15,36.22,2.8,0.0,4.2,0.0,0.0,2026-09-02,0.65,1.08,100.0,24.19,7.73,28.88,-4.35,37.0,1,2026-04-08 to 2026-07-24 (75 days),-1.0,52.3,0.2254,35.72,36.12,BEARISH,MEDIUM,Last surprise: +1.6%,8.32,-1.0,1.0,11,2026-08-07,1.61,0
2026-07-27T13:41:47,2026-07-27,ROP,HOLD,0,Momentum (Rate of Change),HIGH,4,28.15,367.34,7.25,0.0,10.88,0.0,0.0,2026-09-17,1.25,2.08,100.0,93.39,30.52,18.14,-7.55,52.0,1,2026-04-08 to 2026-07-24 (75 days),-1.0,59.5,0.4322,338.35,384.94,BEARISH,HIGH,Last surprise: +1.7%,4.34,-1.0,1.0,87,2026-10-22,1.7,0
2026-07-27T13:43:40,2026-07-27,MTN,HOLD,0,Multi-Factor Momentum MR,HIGH,4,28.15,145.72,5.1,0.0,9.04,0.0,0.0,2026-08-16,2.27,4.35,100.0,71.93,26.22,-31.35,-3.66,20.0,1,2026-04-08 to 2026-07-24 (75 days),-1.0,55.8,0.2568,135.95,134.34,BULLISH,MEDIUM,No special conditions,7.3,-1.0,1.0,63,2026-09-28,,0
2026-07-27T13:39:48,2026-07-27,AXP,HOLD,0,EMA Crossover (9/21),MEDIUM,2,28.1,326.17,4.49,0.0,6.74,0.0,0.0,2026-09-02,0.16,0.23,100.0,5.57,1.2,-10.82,-9.88,37.0,2,2026-04-08 to 2026-07-24 (75 days),-1.0,37.5,0.3065,330.55,337.37,BEARISH,MEDIUM,High volume; Price at statistical extreme; Strong trend (ADX=30); Last surprise: +3.0%,6.12,-1.0,1.0,88,2026-10-23,2.95,0
2026-07-27T13:41:28,2026-07-27,NOC,HOLD,0,Composite Multi-Indicator,MEDIUM,3,28.1,542.24,4.5,0.0,6.75,0.0,0.0,2026-09-17,0.24,0.36,100.0,9.53,2.93,57.69,-10.23,52.0,1,2026-04-08 to 2026-07-24 (75 days),-1.0,55.2,0.3111,535.73,604.91,BEARISH,MEDIUM,Last surprise: +12.6%; Earnings conf adj: +1,6.03,-1.0,1.0,85,2026-10-20,12.61,1
2026-07-27T13:42:03,2026-07-27,TSCO,HOLD,0,Composite Multi-Indicator,LOW,1,28.06,31.02,5.21,0.0,7.81,0.0,0.0,2026-09-23,0.25,0.33,100.0,10.41,3.24,74.89,-8.99,58.0,1,2026-04-08 to 2026-07-24 (75 days),-1.0,53.0,0.3301,30.53,44.51,BEARISH,MEDIUM,Last surprise: -15.9%; Earnings conf adj: -1,5.68,-1.0,1.0,87,2026-10-22,-15.85,-1
2026-07-27T13:43:44,2026-07-27,FCN,HOLD,0,EMA Crossover (9/21),LOW,1,28.05,159.79,4.31,0.0,6.46,0.0,0.0,2026-08-12,0.62,0.93,100.0,20.87,6.56,41.43,-5.57,16.0,1,2026-04-08 to 2026-07-24 (75 days),-1.0,54.6,0.3678,154.05,165.72,BEARISH,MEDIUM,Earnings in 3d (2026-07-30); Earnings conf adj: -2,5.1,-1.0,1.0,3,2026-07-30,,-2
2026-07-27T13:40:58,2026-07-27,IDXX,BUY,1,Stochastic Oscillator,MEDIUM,3,27.96,544.32,4.82,518.08,7.23,583.67,7.73,2026-10-01,0.96,1.36,100.0,65.23,23.56,48.36,-9.06,66.0,1,2026-04-08 to 2026-07-24 (75 days),0.655,45.7,0.3432,554.49,622.11,BEARISH,MEDIUM,Last surprise: +1.8%; Size: Kelly 10.0% / VolTgt 5.5% / Blend 7.7%,5.46,-1.0,1.0,8,2026-08-04,1.76,0
2026-07-27T13:39:45,2026-07-27,APH,HOLD,0,ADX Trend Following,MEDIUM,3,27.93,152.67,7.97,0.0,13.91,0.0,0.0,2026-08-12,1.03,1.58,75.0,3.96,35.44,-16.14,-11.53,16.2,4,2026-04-08 to 2026-07-24 (75 days),-1.0,45.6,0.4388,150.92,141.02,BULLISH,HIGH,Earnings in 2d (2026-07-29); Last surprise: +11.6%; Earnings conf adj: -1,4.27,-1.0,1.0,2,2026-07-29,11.58,-1
2026-07-27T13:40:14,2026-07-27,CTSH,HOLD,0,MACD Crossover,LOW,1,27.74,45.45,8.49,0.0,12.73,0.0,0.0,2026-08-17,0.92,1.54,50.0,6.78,20.34,82.74,-11.27,21.0,2,2026-04-08 to 2026-07-24 (75 days),-1.0,53.2,0.4825,47.13,63.83,BEARISH,HIGH,Earnings in 2d (2026-07-29); Last surprise: +5.3%; Earnings conf adj: -1,3.89,-1.0,1.0,2,2026-07-29,5.26,-1
2026-07-27T13:40:38,2026-07-27,FDXF,HOLD,0,Stochastic Oscillator,HIGH,4,27.71,158.0,9.45,0.0,14.17,0.0,0.0,2026-08-21,1.17,2.17,100.0,54.51,47.07,45.7,-8.97,25.0,1,2026-06-04 to 2026-07-24 (35 days),-1.0,54.5,0.5419,nan,nan,NEUTRAL,HIGH,No special conditions,3.46,-1.0,1.0,43,2026-09-08,,0
2026-07-27T13:42:17,2026-07-27,WFC,HOLD,0,Composite Multi-Indicator,HIGH,5,27.67,86.31,3.77,0.0,5.66,0.0,0.0,2026-11-04,1.21,1.84,100.0,80.12,29.54,20.65,-10.2,100.0,1,2026-04-08 to 2026-07-24 (75 days),-1.0,53.6,0.2619,82.23,84.06,BEARISH,MEDIUM,Last surprise: +16.3%; Earnings conf adj: +1,7.16,-1.0,1.0,78,2026-10-13,16.28,1
2026-07-27T13:42:54,2026-07-27,TXRH,HOLD,0,VWAP Trend,MEDIUM,3,27.67,193.27,4.0,0.0,5.92,0.0,0.0,2026-08-01,1.41,3.92,50.0,2.47,41.87,-25.76,-5.5,5.5,8,2026-04-08 to 2026-07-24 (75 days),-1.0,57.4,0.3207,181.33,173.49,BULLISH,MEDIUM,No special conditions,5.85,-1.0,1.0,10,2026-08-06,,0
2026-07-27T13:42:06,2026-07-27,TYL,HOLD,0,ADX Trend Following,LOW,0,27.6,297.15,8.72,0.0,11.49,0.0,0.0,2026-08-05,-1.24,-1.71,50.0,0.51,-33.98,-5.5,-19.97,9.0,6,2026-04-08 to 2026-07-24 (75 days),-1.0,46.7,0.4863,303.79,380.2,BEARISH,HIGH,Earnings in 2d (2026-07-29); Last surprise: +2.7%; Earnings conf adj: -2,3.86,-1.0,1.0,2,2026-07-29,2.66,-2
2026-07-27T13:42:33,2026-07-27,ITT,HOLD,0,Composite Multi-Indicator,HIGH,4,27.56,195.86,4.19,0.0,12.57,0.0,0.0,2026-08-21,0.65,0.97,100.0,27.68,9.36,30.05,-6.64,25.0,1,2026-04-08 to 2026-07-24 (75 days),-1.0,53.9,0.3367,193.18,190.18,BULLISH,MEDIUM,Last surprise: +13.8%; Earnings conf adj: +1,5.57,-1.0,1.0,10,2026-08-06,13.79,1
2026-07-27T13:43:30,2026-07-27,RYN,HOLD,0,Composite Multi-Indicator,MEDIUM,3,27.56,21.58,3.7,0.0,5.55,0.0,0.0,2026-10-19,0.73,1.03,100.0,41.66,14.51,5.02,-6.47,84.0,1,2026-04-08 to 2026-07-24 (75 days),-1.0,53.2,0.2387,20.97,21.3,BEARISH,MEDIUM,No special conditions,7.85,-1.0,1.0,9,2026-08-05,,0
2026-07-27T13:40:35,2026-07-27,EXR,HOLD,0,Composite Multi-Indicator,MEDIUM,2,27.55,147.71,3.14,0.0,6.28,0.0,0.0,2026-10-21,1.08,1.57,100.0,61.52,22.11,-9.55,-5.45,86.0,1,2026-04-08 to 2026-07-24 (75 days),-1.0,54.1,0.2499,144.67,137.99,BULLISH,MEDIUM,Earnings in 1d (2026-07-28); Last surprise: +3.6%; Earnings conf adj: -2,7.5,-1.0,1.0,1,2026-07-28,3.64,-2
2026-07-27T13:43:15,2026-07-27,RRC,HOLD,0,Donchian Breakout (20/55),MEDIUM,2,27.53,38.97,3.98,0.0,2.48,0.0,0.0,2026-07-28,-0.37,-0.56,100.0,1.57,-0.15,29.53,-0.2,1.0,1,2026-04-08 to 2026-07-24 (75 days),-1.0,59.7,0.3152,38.4,38.63,BEARISH,MEDIUM,Strong trend (ADX=37),5.95,-1.0,1.0,-1,,,0
2026-07-27T13:42:30,2026-07-27,THC,HOLD,0,SMA Crossover (10/50),HIGH,5,27.49,233.2,9.18,0.0,13.77,0.0,0.0,2026-08-20,2.1,5.61,100.0,245.53,110.45,39.83,-12.03,24.0,1,2026-04-08 to 2026-07-24 (75 days),-1.0,73.5,0.7486,185.96,198.94,BEARISH,HIGH,RSI overbought; High volume; Price at statistical extreme; Last surprise: +43.7%; Earnings conf adj: +1,2.5,-1.0,1.0,-4,2026-07-23,43.66,1
2026-07-27T13:41:03,2026-07-27,JBHT,BUY,1,52-Week High Momentum,HIGH,5,27.39,288.3,4.55,275.18,13.65,327.65,7.52,2026-11-10,2.55,4.73,100.0,281.46,131.73,-3.68,-7.64,106.0,1,2026-04-08 to 2026-07-24 (75 days),0.278,54.7,0.3712,277.52,220.58,BULLISH,MEDIUM,Last surprise: +9.8%; Earnings conf adj: +1; Size: Kelly 10.0% / VolTgt 5.0% / Blend 7.5%,5.05,-1.0,1.0,79,2026-10-14,9.77,1
2026-07-27T13:40:38,2026-07-27,FDX,HOLD,0,Stochastic Oscillator,MEDIUM,3,27.29,314.96,3.66,0.0,5.49,0.0,0.0,2026-08-12,0.28,0.45,100.0,15.79,2.29,-16.02,-3.76,16.0,1,2026-04-08 to 2026-07-24 (75 days),-1.0,48.8,0.278,319.0,271.57,BULLISH,MEDIUM,Last surprise: +6.6%; Earnings conf adj: +1,6.74,-1.0,1.0,-1,,6.59,1
2026-07-27T13:40:07,2026-07-27,CMI,HOLD,0,ADX Trend Following,HIGH,5,27.25,664.65,4.96,0.0,11.77,0.0,0.0,2026-08-11,1.05,1.67,75.0,95.87,33.57,-12.4,-10.84,15.0,4,2026-04-08 to 2026-07-24 (75 days),-1.0,48.6,0.3858,674.1,571.81,BULLISH,MEDIUM,Last surprise: +8.8%; Earnings conf adj: +1,4.86,-1.0,1.0,8,2026-08-04,8.85,1
2026-07-27T13:43:38,2026-07-27,OZK,HOLD,0,Composite Multi-Indicator,HIGH,4,27.23,50.33,3.34,0.0,10.02,0.0,0.0,2026-10-28,1.08,1.48,100.0,68.26,24.76,-5.42,-6.58,93.0,1,2026-04-08 to 2026-07-24 (75 days),-1.0,49.5,0.2961,49.5,46.85,BULLISH,MEDIUM,No special conditions,6.33,-1.0,1.0,80,2026-10-15,,0
2026-07-27T13:42:37,2026-07-27,RGLD,HOLD,0,ADX Trend Following,LOW,0,27.14,200.96,4.57,0.0,6.46,0.0,0.0,2026-08-02,0.24,0.42,50.0,1.34,2.67,64.93,-6.47,6.2,4,2026-04-08 to 2026-07-24 (75 days),-1.0,50.2,0.3293,208.79,228.28,BEARISH,MEDIUM,Last surprise: -1.1%,5.69,-1.0,1.0,9,2026-08-05,-1.09,0
2026-07-27T13:42:02,2026-07-27,TROW,BUY,1,52-Week High Momentum,HIGH,5,26.93,116.5,3.56,112.35,10.68,128.94,8.02,2026-09-07,1.1,1.81,100.0,74.32,18.81,-115.55,-5.42,42.0,1,2026-04-08 to 2026-07-24 (75 days),0.571,56.3,0.3109,109.19,100.07,BULLISH,MEDIUM,Earnings in 4d (2026-07-31); Last surprise: +7.2%; Earnings conf adj: +1; Size: Kelly 10.0% / VolTgt 6.0% / Blend 8.0%,6.03,-1.0,1.0,4,2026-07-31,7.23,1
2026-07-27T13:42:13,2026-07-27,VRTX,HOLD,0,SMA Crossover (10/50),HIGH,4,26.86,477.36,4.46,0.0,13.38,0.0,0.0,2026-09-11,1.35,2.22,100.0,76.66,28.13,0.07,-10.77,46.0,1,2026-04-08 to 2026-07-24 (75 days),-1.0,49.1,0.3342,464.3,451.18,BULLISH,MEDIUM,Last surprise: +3.7%,5.61,-1.0,1.0,7,2026-08-03,3.71,0
2026-07-27T13:43:16,2026-07-27,CHWY,HOLD,0,EMA Crossover (9/21),MEDIUM,2,26.84,20.86,8.98,0.0,13.47,0.0,0.0,2026-08-13,0.15,0.22,100.0,5.27,1.12,56.63,-6.96,17.0,1,2026-04-08 to 2026-07-24 (75 days),-1.0,51.2,0.4452,20.37,27.66,BEARISH,HIGH,Strong trend (ADX=30),4.21,-1.0,1.0,37,2026-09-02,,0
2026-07-27T13:41:45,2026-07-27,REGN,HOLD,0,EMA Crossover (9/21),LOW,1,26.8,656.01,3.8,0.0,5.7,0.0,0.0,2026-08-14,0.24,0.37,100.0,8.54,2.24,45.4,-4.09,18.0,1,2026-04-08 to 2026-07-24 (75 days),-1.0,51.1,0.304,640.23,704.77,BEARISH,MEDIUM,Strong trend (ADX=39); Earnings in 3d (2026-07-30); Last surprise: +6.4%; Earnings conf adj: -1,6.17,-1.0,1.0,3,2026-07-30,6.4,-1
2026-07-27T13:43:33,2026-07-27,MTDR,HOLD,0,Stochastic Oscillator,MEDIUM,3,26.73,50.81,5.44,0.0,8.16,0.0,0.0,2026-08-28,1.7,2.79,50.0,13.72,51.59,94.6,-13.26,32.5,2,2026-04-08 to 2026-07-24 (75 days),-1.0,43.0,0.3587,53.48,49.43,BULLISH,MEDIUM,No special conditions,5.23,-1.0,1.0,9,2026-08-05,,0
2026-07-27T13:42:06,2026-07-27,TXT,BUY,1,PEAD Earnings Drift,MEDIUM,2,26.63,95.53,3.56,92.13,7.12,102.33,9.04,2026-10-15,0.69,0.98,100.0,41.78,13.4,-3.06,-7.84,80.0,1,2026-04-08 to 2026-07-24 (75 days),0.508,63.8,0.2317,91.03,89.42,BULLISH,MEDIUM,Price at statistical extreme; Earnings in 1d (2026-07-28); Last surprise: +11.5%; Earnings conf adj: -1; Size: Kelly 10.0% / VolTgt 8.1% / Blend 9.0%,8.09,-1.0,1.0,1,2026-07-28,11.54,-1
2026-07-27T13:41:20,2026-07-27,MNST,HOLD,0,52-Week High Momentum,HIGH,5,26.53,93.49,3.39,0.0,11.87,0.0,0.0,2026-10-09,1.21,1.79,100.0,80.93,20.49,-89.96,-6.55,74.0,1,2026-04-08 to 2026-07-24 (75 days),-1.0,45.6,0.2232,92.46,79.88,BULLISH,MEDIUM,Strong trend (ADX=31); Last surprise: +9.4%; Earnings conf adj: +1,8.4,-1.0,1.0,10,2026-08-06,9.43,1
2026-07-27T13:43:04,2026-07-27,WTFC,HOLD,0,Composite Multi-Indicator,HIGH,4,26.51,158.66,3.28,0.0,9.84,0.0,0.0,2026-10-27,1.05,1.63,100.0,56.84,20.28,-15.87,-5.47,92.0,1,2026-04-08 to 2026-07-24 (75 days),-1.0,48.0,0.2039,155.88,143.86,BULLISH,MEDIUM,No special conditions,9.2,-1.0,1.0,84,2026-10-19,,0
2026-07-27T13:42:36,2026-07-27,LSCC,HOLD,0,Stochastic Oscillator,MEDIUM,3,26.5,128.42,12.0,0.0,15.52,0.0,0.0,2026-08-04,0.37,0.57,100.0,30.49,5.57,-83.22,-7.13,8.0,1,2026-04-08 to 2026-07-24 (75 days),-1.0,44.1,0.6969,139.1,100.02,BULLISH,HIGH,Last surprise: +10.8%; Earnings conf adj: +1,2.69,-1.0,1.0,8,2026-08-04,10.81,1
2026-07-27T13:40:51,2026-07-27,HIG,HOLD,0,Donchian Breakout (20/55),HIGH,4,26.34,140.53,3.56,0.0,8.02,0.0,0.0,2026-08-14,0.65,0.98,100.0,20.0,6.24,0.5,-4.46,18.0,1,2026-04-08 to 2026-07-24 (75 days),-1.0,58.2,0.2401,133.67,133.55,BULLISH,MEDIUM,Last surprise: +8.9%; Earnings conf adj: +1,7.81,-1.0,1.0,-4,2026-07-23,8.92,1
2026-07-27T13:39:52,2026-07-27,BDX,HOLD,0,SMA Crossover (10/50),MEDIUM,3,26.3,156.36,3.96,0.0,5.94,0.0,0.0,2026-08-19,0.54,0.83,100.0,21.63,7.19,6.38,-4.76,23.0,1,2026-04-08 to 2026-07-24 (75 days),-1.0,56.0,0.3266,149.21,153.05,BEARISH,MEDIUM,Last surprise: +4.7%,5.74,-1.0,1.0,10,2026-08-06,4.69,0
2026-07-27T13:40:42,2026-07-27,FTV,HOLD,0,52-Week High Momentum,MEDIUM,2,26.29,62.31,3.53,0.0,7.06,0.0,0.0,2026-11-10,0.6,0.86,100.0,34.55,11.88,-6.34,-6.14,106.0,1,2026-04-08 to 2026-07-24 (75 days),-1.0,55.4,0.2485,60.65,56.46,BULLISH,MEDIUM,Earnings in 2d (2026-07-29); Last surprise: +9.4%; Earnings conf adj: -1,7.55,-1.0,1.0,2,2026-07-29,9.37,-1
2026-07-27T13:39:47,2026-07-27,AVY,HOLD,0,Composite Multi-Indicator,LOW,0,26.28,160.9,4.17,0.0,6.25,0.0,0.0,2026-08-28,0.48,0.78,100.0,20.72,6.87,30.56,-7.05,32.0,1,2026-04-08 to 2026-07-24 (75 days),-1.0,51.9,0.3042,158.98,170.63,BEARISH,MEDIUM,Earnings in 3d (2026-07-30); Last surprise: +1.6%; Earnings conf adj: -2,6.16,-1.0,1.0,3,2026-07-30,1.65,-2
2026-07-27T13:43:45,2026-07-27,HLNE,HOLD,0,SMA Crossover (10/50),MEDIUM,2,26.26,83.16,5.74,0.0,4.21,0.0,0.0,2026-07-29,0.59,0.89,50.0,2.3,3.87,43.39,-2.54,2.0,2,2026-04-08 to 2026-07-24 (75 days),-1.0,52.3,0.3782,82.28,108.46,BEARISH,MEDIUM,No special conditions,4.96,-1.0,1.0,9,2026-08-05,,0
2026-07-27T13:40:09,2026-07-27,COO,HOLD,0,ADX Trend Following,HIGH,4,26.17,70.31,4.02,0.0,6.03,0.0,0.0,2026-09-05,0.94,1.44,100.0,50.84,17.97,24.55,-7.67,40.0,1,2026-04-08 to 2026-07-24 (75 days),-1.0,51.8,0.3127,66.88,73.02,BEARISH,MEDIUM,Last surprise: +11.0%; Earnings conf adj: +1,6.0,-1.0,1.0,38,2026-09-03,11.01,1
2026-07-27T13:42:22,2026-07-27,ZBH,HOLD,0,Composite Multi-Indicator,HIGH,4,26.11,91.35,6.48,0.0,9.72,0.0,0.0,2026-08-28,0.85,1.25,100.0,50.7,17.93,23.02,-9.59,32.0,1,2026-04-08 to 2026-07-24 (75 days),-1.0,54.4,0.4225,87.5,90.72,BEARISH,HIGH,Last surprise: +12.4%; Earnings conf adj: +1,4.44,-1.0,1.0,9,2026-08-05,12.37,1
2026-07-27T13:42:56,2026-07-27,ELAN,HOLD,0,Composite Multi-Indicator,MEDIUM,3,26.07,24.91,5.29,0.0,10.58,0.0,0.0,2026-10-12,0.63,0.85,100.0,52.28,18.53,-1.67,-16.36,77.0,1,2026-04-08 to 2026-07-24 (75 days),-1.0,51.5,0.2477,23.86,23.31,BULLISH,MEDIUM,No special conditions,7.57,-1.0,1.0,9,2026-08-05,,0
2026-07-27T13:43:23,2026-07-27,RGEN,EXIT,-1,ADX Trend Following,LOW,1,25.92,131.96,10.72,146.11,11.68,116.55,5.64,2026-08-07,0.84,1.28,60.0,1.87,29.63,-9.48,-11.26,11.4,5,2026-04-08 to 2026-07-24 (75 days),-1.0,42.1,0.4394,130.15,139.95,BEARISH,HIGH,Price at statistical extreme; Earnings in 1d (2026-07-28); Earnings conf adj: -2; Size: Kelly 7.0% / VolTgt 4.3% / Blend 5.6%,4.27,-1.0,1.0,1,2026-07-28,,-2
2026-07-27T13:43:41,2026-07-27,VVV,HOLD,0,Multi-Factor Momentum MR,HIGH,4,25.91,38.96,4.23,0.0,12.69,0.0,0.0,2026-09-11,1.39,2.26,100.0,75.84,27.81,-17.94,-6.29,46.0,1,2026-04-08 to 2026-07-24 (75 days),-1.0,53.5,0.2656,36.88,34.19,BULLISH,MEDIUM,No special conditions,7.06,-1.0,1.0,9,2026-08-05,,0
2026-07-27T13:42:04,2026-07-27,TT,HOLD,0,MACD Crossover,LOW,1,25.84,480.99,4.27,0.0,6.4,0.0,0.0,2026-08-29,0.59,0.81,100.0,32.82,10.85,-16.09,-6.29,33.0,1,2026-04-08 to 2026-07-24 (75 days),-1.0,53.7,0.263,469.83,437.55,BULLISH,MEDIUM,Earnings in 3d (2026-07-30); Last surprise: +4.0%; Earnings conf adj: -2,7.0,-1.0,1.0,3,2026-07-30,3.95,-2
2026-07-27T13:41:34,2026-07-27,OTIS,HOLD,0,Composite Multi-Indicator,MEDIUM,2,25.8,71.93,3.69,0.0,5.54,0.0,0.0,2026-09-10,0.23,0.36,100.0,8.26,2.49,30.04,-6.12,45.0,1,2026-04-08 to 2026-07-24 (75 days),-1.0,48.1,0.2746,71.89,82.16,BEARISH,MEDIUM,Last surprise: +0.0%,6.83,-1.0,1.0,-5,2026-07-22,0.0,0
2026-07-27T13:41:15,2026-07-27,MAA,HOLD,0,VWAP Trend,MEDIUM,3,25.73,133.88,2.79,0.0,4.59,0.0,0.0,2026-08-03,2.15,4.08,66.7,7.88,43.95,11.0,-4.9,7.8,9,2026-04-08 to 2026-07-24 (75 days),-1.0,49.9,0.2085,132.98,129.12,BULLISH,MEDIUM,Earnings in 2d (2026-07-29); Last surprise: +26.2%; Earnings conf adj: -1,8.99,-1.0,1.0,2,2026-07-29,26.19,-1
2026-07-27T13:42:07,2026-07-27,UBER,HOLD,0,MACD Crossover,LOW,1,25.72,65.94,5.39,0.0,8.08,0.0,0.0,2026-08-15,0.42,0.68,66.7,1.99,8.1,35.29,-10.61,19.7,3,2026-04-08 to 2026-07-24 (75 days),-1.0,33.2,0.3878,72.28,79.22,BEARISH,MEDIUM,Price at statistical extreme; Last surprise: -81.7%; Earnings conf adj: -1,4.84,-1.0,1.0,9,2026-08-05,-81.69,-1
2026-07-27T13:40:19,2026-07-27,DG,HOLD,0,Composite Multi-Indicator,HIGH,4,25.67,117.23,5.46,0.0,8.19,0.0,0.0,2026-08-28,0.83,1.38,100.0,46.73,16.42,30.15,-9.44,32.0,1,2026-04-08 to 2026-07-24 (75 days),-1.0,49.0,0.371,112.55,121.48,BEARISH,MEDIUM,Strong trend (ADX=32); Last surprise: +6.4%; Earnings conf adj: +1,5.05,-1.0,1.0,31,2026-08-27,6.38,1
2026-07-27T13:43:08,2026-07-27,ALSN,HOLD,0,Donchian Breakout (20/55),MEDIUM,2,25.67,122.34,4.18,0.0,8.36,0.0,0.0,2026-08-24,0.46,0.69,100.0,19.86,6.2,12.47,-6.94,28.0,1,2026-04-08 to 2026-07-24 (75 days),-1.0,60.9,0.3406,116.09,108.08,BULLISH,MEDIUM,Price at statistical extreme,5.5,-1.0,1.0,7,2026-08-03,,0
2026-07-27T13:43:31,2026-07-27,BYD,HOLD,0,SMA Crossover (10/50),MEDIUM,2,25.64,87.04,3.05,0.0,6.1,0.0,0.0,2026-09-11,0.18,0.26,100.0,6.62,1.58,-2.55,-4.4,46.0,1,2026-04-08 to 2026-07-24 (75 days),-1.0,50.1,0.1911,85.49,83.74,BULLISH,LOW,High volume,9.81,-1.0,1.0,87,2026-10-22,,0
2026-07-27T13:39:51,2026-07-27,BBY,EXIT,-1,MACD Crossover,HIGH,4,25.5,85.43,4.45,89.23,8.29,78.35,8.53,2026-08-11,1.71,3.74,66.7,3.52,79.08,-93.59,-9.88,15.7,3,2026-04-08 to 2026-07-24 (75 days),-1.0,65.6,0.2657,74.19,68.86,BULLISH,MEDIUM,Last surprise: +4.1%; Size: Kelly 10.0% / VolTgt 7.1% / Blend 8.5%,7.06,-1.0,1.0,31,2026-08-27,4.07,0
2026-07-27T13:40:53,2026-07-27,HPE,HOLD,0,Stochastic Oscillator,HIGH,4,25.35,47.69,11.3,0.0,16.95,0.0,0.0,2026-08-20,0.61,1.03,100.0,56.19,15.62,-797.81,-10.09,24.0,1,2026-04-08 to 2026-07-24 (75 days),-1.0,54.8,0.6691,44.54,28.73,BULLISH,HIGH,Last surprise: +49.1%; Earnings conf adj: +1,2.8,-1.0,1.0,38,2026-09-03,49.06,1
2026-07-27T13:41:00,2026-07-27,IR,HOLD,0,SMA Crossover (10/50),LOW,1,25.19,84.4,4.88,0.0,7.32,0.0,0.0,2026-08-24,0.72,1.34,100.0,36.24,12.49,13.48,-6.44,28.0,1,2026-04-08 to 2026-07-24 (75 days),-1.0,62.5,0.364,76.2,81.33,BEARISH,MEDIUM,Strong trend (ADX=31); Earnings in 3d (2026-07-30); Last surprise: +4.1%; Earnings conf adj: -2,5.15,-1.0,1.0,3,2026-07-30,4.05,-2
2026-07-27T13:42:37,2026-07-27,FN,HOLD,0,VWAP Trend,HIGH,4,25.18,476.04,12.0,0.0,8.12,0.0,0.0,2026-07-29,2.5,5.45,55.6,3.43,164.18,221.24,-8.51,2.0,9,2026-04-08 to 2026-07-24 (75 days),-1.0,40.6,0.729,587.29,528.42,BULLISH,HIGH,Last surprise: +4.5%,2.57,-1.0,1.0,21,2026-08-17,4.49,0
2026-07-27T13:42:57,2026-07-27,COKE,HOLD,0,Composite Multi-Indicator,MEDIUM,3,25.16,184.7,5.92,0.0,11.84,0.0,0.0,2026-08-28,0.58,0.82,100.0,31.42,10.73,37.13,-10.29,32.0,1,2026-04-08 to 2026-07-24 (75 days),-1.0,53.1,0.3964,179.95,170.92,BULLISH,MEDIUM,No special conditions,4.73,-1.0,1.0,9,2026-08-05,,0
2026-07-27T13:41:17,2026-07-27,MCO,HOLD,0,Composite Multi-Indicator,MEDIUM,3,25.09,471.5,4.33,0.0,6.5,0.0,0.0,2026-09-18,0.32,0.48,100.0,14.73,4.74,-15.6,-9.25,53.0,1,2026-04-08 to 2026-07-24 (75 days),-1.0,45.7,0.3464,463.17,470.3,BEARISH,MEDIUM,Last surprise: +10.1%; Earnings conf adj: +1,5.41,-1.0,1.0,86,2026-10-21,10.12,1
2026-07-27T13:39:44,2026-07-27,APD,HOLD,0,SMA Crossover (10/50),LOW,0,24.8,297.87,4.39,0.0,6.58,0.0,0.0,2026-08-12,0.07,0.1,100.0,2.77,0.27,-3.35,-2.74,16.0,1,2026-04-08 to 2026-07-24 (75 days),-1.0,54.5,0.4051,288.51,272.37,BULLISH,HIGH,Earnings in 3d (2026-07-30); Last surprise: +4.6%; Earnings conf adj: -2,4.63,-1.0,1.0,3,2026-07-30,4.58,-2
2026-07-27T13:42:46,2026-07-27,DTM,HOLD,0,MACD Crossover,MEDIUM,2,24.74,145.69,2.67,0.0,5.34,0.0,0.0,2026-08-08,0.76,1.4,75.0,6.57,12.11,-22.34,-7.54,12.0,4,2026-04-08 to 2026-07-24 (75 days),-1.0,52.0,0.1989,144.59,129.18,BULLISH,LOW,Earnings in 3d (2026-07-30); Last surprise: +12.4%; Earnings conf adj: -1,9.43,-1.0,1.0,3,2026-07-30,12.39,-1
2026-07-27T13:41:31,2026-07-27,NVR,HOLD,0,SMA Crossover (10/50),LOW,1,24.58,6414.67,5.08,0.0,7.62,0.0,0.0,2026-09-02,0.42,0.68,100.0,21.11,7.01,23.17,-9.86,37.0,1,2026-04-08 to 2026-07-24 (75 days),-1.0,48.9,0.3253,6322.94,6974.74,BEARISH,MEDIUM,Last surprise: -6.7%; Earnings conf adj: -1,5.76,-1.0,1.0,86,2026-10-21,-6.69,-1
2026-07-27T13:42:22,2026-07-27,YUM,HOLD,0,MACD Crossover,LOW,0,24.58,148.92,4.84,0.0,7.26,0.0,0.0,2026-08-12,-0.71,-0.96,50.0,0.5,-13.51,7.58,-9.0,16.2,4,2026-04-08 to 2026-07-24 (75 days),-1.0,39.3,0.2669,153.5,152.96,BULLISH,MEDIUM,Earnings in 3d (2026-07-30); Last surprise: +7.9%; Earnings conf adj: -1,7.0,-1.0,1.0,3,2026-07-30,7.91,-1
2026-07-27T13:40:11,2026-07-27,CPT,HOLD,0,52-Week High Momentum,LOW,0,24.51,113.73,2.7,0.0,4.05,0.0,0.0,2026-09-15,0.18,0.26,100.0,23.66,1.5,-46.61,-5.56,50.0,1,2026-04-08 to 2026-07-24 (75 days),-1.0,54.0,0.2082,110.65,104.46,BULLISH,MEDIUM,Earnings in 3d (2026-07-30); Last surprise: -196.0%; Earnings conf adj: -3,7.0,-1.0,1.0,3,2026-07-30,-196.0,-3
2026-07-27T13:43:39,2026-07-27,LPX,HOLD,0,Stochastic Oscillator,MEDIUM,2,24.49,74.48,8.4,0.0,12.6,0.0,0.0,2026-08-10,0.31,0.5,100.0,17.04,4.14,6.21,-8.62,14.0,1,2026-04-08 to 2026-07-24 (75 days),-1.0,50.3,0.4347,74.24,79.67,BEARISH,HIGH,No special conditions,4.31,-1.0,1.0,9,2026-08-05,,0
2026-07-27T13:42:25,2026-07-27,ATI,HOLD,0,EMA Crossover (9/21),MEDIUM,2,24.46,197.8,6.19,0.0,12.38,0.0,0.0,2026-08-13,0.39,0.62,60.0,1.39,8.07,-114.47,-14.6,17.4,5,2026-04-08 to 2026-07-24 (75 days),-1.0,58.1,0.3954,184.04,140.71,BULLISH,MEDIUM,Last surprise: +13.6%; Earnings conf adj: +1,4.74,-1.0,1.0,10,2026-08-06,13.64,1
2026-07-27T13:39:42,2026-07-27,AMZN,HOLD,0,Stochastic Oscillator,LOW,1,24.44,232.11,4.39,0.0,6.58,0.0,0.0,2026-09-03,-0.09,-0.12,100.0,4.2,-3.29,-21.01,-9.01,38.0,1,2026-04-08 to 2026-07-24 (75 days),-1.0,37.5,0.2885,249.22,234.59,BULLISH,MEDIUM,Strong trend (ADX=32); Earnings in 3d (2026-07-30); Last surprise: +69.5%; Earnings conf adj: -1,6.5,-1.0,1.0,3,2026-07-30,69.51,-1
2026-07-27T13:41:59,2026-07-27,TER,HOLD,0,VWAP Trend,LOW,0,24.34,349.92,12.0,0.0,12.84,0.0,0.0,2026-07-29,0.58,0.79,50.0,1.35,17.73,25.35,-19.5,2.5,10,2026-04-08 to 2026-07-24 (75 days),-1.0,45.6,1.0314,380.28,284.23,BULLISH,HIGH,Earnings in 1d (2026-07-28); Last surprise: +20.8%; Earnings conf adj: -1,1.82,-1.0,1.0,1,2026-07-28,20.75,-1
2026-07-27T13:41:52,2026-07-27,SOLV,HOLD,0,Stochastic Oscillator,MEDIUM,3,24.3,78.01,4.25,0.0,6.38,0.0,0.0,2026-08-21,0.16,0.27,100.0,16.07,1.33,-82.39,-5.47,25.0,1,2026-04-08 to 2026-07-24 (75 days),-1.0,51.2,0.2792,77.3,74.91,BULLISH,MEDIUM,Last surprise: +9.6%; Earnings conf adj: +1,6.72,-1.0,1.0,9,2026-08-05,9.63,1
2026-07-27T13:41:50,2026-07-27,SHW,HOLD,0,MACD Crossover,LOW,0,24.17,317.51,4.44,0.0,6.66,0.0,0.0,2026-08-15,0.95,1.51,50.0,2.04,17.57,34.09,-6.22,19.0,2,2026-04-08 to 2026-07-24 (75 days),-1.0,43.5,0.2662,319.28,331.24,BEARISH,MEDIUM,Earnings in 1d (2026-07-28); Last surprise: +3.5%; Earnings conf adj: -2,7.0,-1.0,1.0,1,2026-07-28,3.52,-2
2026-07-27T13:43:15,2026-07-27,COLB,HOLD,0,Composite Multi-Indicator,MEDIUM,2,24.16,31.15,3.62,0.0,7.24,0.0,0.0,2026-09-01,0.49,0.68,100.0,18.64,6.11,-28.94,-7.42,36.0,1,2026-04-08 to 2026-07-24 (75 days),-1.0,43.8,0.2573,30.8,28.4,BULLISH,MEDIUM,High volume,7.29,-1.0,1.0,-1,,,0
2026-07-27T13:43:04,2026-07-27,CACI,HOLD,0,Stochastic Oscillator,MEDIUM,2,24.02,486.77,7.22,0.0,10.83,0.0,0.0,2026-08-27,0.62,1.01,50.0,4.0,13.63,58.07,-9.62,31.0,2,2026-04-08 to 2026-07-24 (75 days),-1.0,53.4,0.429,490.86,552.78,BEARISH,HIGH,No special conditions,4.37,-1.0,1.0,9,2026-08-05,,0
2026-07-27T13:40:20,2026-07-27,DHR,HOLD,0,SMA Crossover (10/50),MEDIUM,3,24.0,191.5,7.94,0.0,11.91,0.0,0.0,2026-09-09,0.63,0.86,100.0,44.02,15.39,22.65,-12.68,44.0,1,2026-04-08 to 2026-07-24 (75 days),-1.0,50.3,0.5371,184.26,203.18,BEARISH,HIGH,Strong trend (ADX=38); Last surprise: +4.9%,3.49,-1.0,1.0,85,2026-10-20,4.86,0
2026-07-27T13:40:42,2026-07-27,FSLR,HOLD,0,VWAP Trend,MEDIUM,3,23.97,202.82,6.89,0.0,4.92,0.0,0.0,2026-07-30,1.97,4.72,77.8,2.86,69.35,65.85,-5.08,3.0,9,2026-04-08 to 2026-07-24 (75 days),-1.0,31.9,0.3606,247.78,234.84,BULLISH,MEDIUM,Strong trend (ADX=50); Earnings in 3d (2026-07-30); Last surprise: +8.8%; Earnings conf adj: -1,5.2,-1.0,1.0,3,2026-07-30,8.78,-1
2026-07-27T13:43:11,2026-07-27,VIAV,HOLD,0,VWAP Trend,HIGH,4,23.96,39.52,12.0,0.0,7.95,0.0,0.0,2026-07-28,1.87,4.05,83.3,4.01,69.67,84.38,-5.9,1.7,6,2026-04-08 to 2026-07-24 (75 days),-1.0,41.6,0.7744,47.09,31.34,BULLISH,HIGH,No special conditions,2.42,-1.0,1.0,9,2026-08-05,,0
2026-07-27T13:41:46,2026-07-27,RMD,HOLD,0,ADX Trend Following,LOW,0,23.94,195.27,6.78,0.0,10.17,0.0,0.0,2026-08-07,-0.7,-0.89,50.0,0.58,-19.98,22.77,-17.24,11.8,4,2026-04-08 to 2026-07-24 (75 days),-1.0,46.2,0.4242,198.67,232.83,BEARISH,HIGH,Last surprise: +2.1%,4.42,-1.0,1.0,10,2026-08-06,2.14,0
2026-07-27T13:39:57,2026-07-27,C,HOLD,0,PEAD Earnings Drift,MEDIUM,3,23.93,132.19,4.34,0.0,10.85,0.0,0.0,2026-10-23,0.27,0.4,100.0,12.02,3.77,-24.36,-9.4,88.0,1,2026-04-08 to 2026-07-24 (75 days),-1.0,43.6,0.3151,134.29,117.26,BULLISH,MEDIUM,Strong trend (ADX=42); Last surprise: +15.9%; Earnings conf adj: +1,5.95,-1.0,1.0,78,2026-10-13,15.87,1
2026-07-27T13:41:09,2026-07-27,LDOS,HOLD,0,Momentum (Rate of Change),LOW,1,23.92,112.14,4.67,0.0,7.0,0.0,0.0,2026-08-08,-0.89,-1.34,50.0,1.12,-9.69,60.55,-9.11,12.0,2,2026-04-08 to 2026-07-24 (75 days),-1.0,55.2,0.2889,114.77,160.92,BEARISH,MEDIUM,Last surprise: +7.6%; Earnings conf adj: +1,6.49,-1.0,1.0,8,2026-08-04,7.56,1
2026-07-27T13:42:24,2026-07-27,TWLO,BUY,1,Stochastic Oscillator,HIGH,4,23.89,191.46,11.51,169.42,8.1,206.97,7.24,2026-08-02,2.95,39.09,50.0,109.49,35.31,-242.27,-1.09,6.0,2,2026-04-08 to 2026-07-24 (75 days),0.333,41.8,0.4199,201.89,147.56,BULLISH,HIGH,Strong trend (ADX=30); Last surprise: +18.1%; Earnings conf adj: +1; Size: Kelly 10.0% / VolTgt 4.5% / Blend 7.2%,4.47,-1.0,1.0,10,2026-08-06,18.11,1
2026-07-27T13:43:49,2026-07-27,NVST,HOLD,0,ADX Trend Following,MEDIUM,3,23.83,26.33,4.5,0.0,8.21,0.0,0.0,2026-08-08,0.58,0.81,66.7,4.01,8.93,13.08,-6.94,12.7,3,2026-04-08 to 2026-07-24 (75 days),-1.0,52.0,0.2927,25.08,24.14,BULLISH,MEDIUM,No special conditions,6.41,-1.0,1.0,9,2026-08-05,,0
2026-07-27T13:43:27,2026-07-27,LNTH,HOLD,0,52-Week High Momentum,HIGH,4,23.69,104.82,5.48,0.0,16.44,0.0,0.0,2026-10-12,1.17,1.97,100.0,125.37,38.67,-111.99,-7.72,77.0,1,2026-04-08 to 2026-07-24 (75 days),-1.0,50.5,0.3785,102.76,77.32,BULLISH,MEDIUM,No special conditions,4.95,-1.0,1.0,10,2026-08-06,,0
2026-07-27T13:39:43,2026-07-27,AON,HOLD,0,Donchian Breakout (20/55),LOW,0,23.68,361.7,3.33,0.0,5.0,0.0,0.0,2026-08-18,0.34,0.59,100.0,10.86,3.4,-34.84,-4.42,22.0,1,2026-04-08 to 2026-07-24 (75 days),-1.0,59.0,0.3223,335.42,335.7,BEARISH,MEDIUM,Earnings in 2d (2026-07-29); Last surprise: +2.0%; Earnings conf adj: -2,5.82,-1.0,1.0,2,2026-07-29,2.05,-2
2026-07-27T13:40:55,2026-07-27,HUBB,HOLD,0,MACD Crossover,LOW,1,23.59,486.09,4.5,0.0,6.75,0.0,0.0,2026-08-13,0.88,1.15,100.0,57.91,20.2,43.58,-9.69,17.0,2,2026-04-08 to 2026-07-24 (75 days),-1.0,48.4,0.3444,487.34,477.35,BULLISH,MEDIUM,Earnings in 1d (2026-07-28); Last surprise: +1.8%; Earnings conf adj: -2,5.44,-1.0,1.0,1,2026-07-28,1.81,-2
2026-07-27T13:43:53,2026-07-27,KBH,HOLD,0,ADX Trend Following,MEDIUM,3,23.57,56.76,5.21,0.0,7.81,0.0,0.0,2026-09-08,0.78,1.79,100.0,71.73,26.15,-16.37,-12.53,43.0,1,2026-04-08 to 2026-07-24 (75 days),-1.0,52.1,0.3354,53.82,56.94,BEARISH,MEDIUM,No special conditions,5.59,-1.0,1.0,59,2026-09-24,,0
2026-07-27T13:41:46,2026-07-27,ROK,HOLD,0,Multi-Factor Momentum MR,MEDIUM,3,23.5,462.16,4.44,0.0,8.88,0.0,0.0,2026-09-11,0.43,0.6,100.0,22.25,7.41,-72.78,-7.45,46.0,1,2026-04-08 to 2026-07-24 (75 days),-1.0,49.0,0.2781,460.98,406.46,BULLISH,MEDIUM,Last surprise: +14.6%; Earnings conf adj: +1,6.74,-1.0,1.0,8,2026-08-04,14.58,1
2026-07-27T13:39:33,2026-07-27,ACN,HOLD,0,Momentum (Rate of Change),LOW,1,23.39,146.99,9.17,0.0,13.75,0.0,0.0,2026-08-11,0.18,0.29,50.0,1.79,1.17,59.39,-15.39,15.5,2,2026-04-08 to 2026-07-24 (75 days),-1.0,53.8,0.4975,153.44,209.42,BEARISH,HIGH,Last surprise: +2.4%,3.77,-1.0,1.0,59,2026-09-24,2.43,0
2026-07-27T13:42:07,2026-07-27,UDR,HOLD,0,52-Week High Momentum,LOW,0,23.34,39.59,2.99,0.0,4.49,0.0,0.0,2026-09-14,-0.18,-0.27,100.0,12.57,-3.52,-63.89,-6.36,49.0,1,2026-04-08 to 2026-07-24 (75 days),-1.0,52.0,0.2192,38.74,36.17,BULLISH,MEDIUM,EARNINGS TODAY (2026-07-27); Last surprise: +269.2%; Earnings conf adj: -3,7.0,-1.0,1.0,0,2026-07-27,269.23,-3
2026-07-27T13:43:55,2026-07-27,HOG,HOLD,0,Multi-Factor Momentum MR,MEDIUM,3,22.67,25.49,9.0,0.0,22.4,0.0,0.0,2026-09-09,0.65,1.01,100.0,42.82,14.92,-73.4,-10.5,44.0,1,2026-04-08 to 2026-07-24 (75 days),-1.0,48.0,0.4289,25.1,22.64,BULLISH,HIGH,Strong trend (ADX=34),4.37,-1.0,1.0,-1,,,0
2026-07-27T13:41:27,2026-07-27,NEM,HOLD,0,VWAP Trend,LOW,1,22.3,93.19,5.13,0.0,4.46,0.0,0.0,2026-07-29,0.17,0.26,50.0,1.16,1.43,56.51,-9.89,2.4,8,2026-04-08 to 2026-07-24 (75 days),-1.0,44.9,0.366,100.62,103.74,BEARISH,MEDIUM,Last surprise: +5.5%; Earnings conf adj: +1,5.12,-1.0,1.0,87,2026-10-22,5.53,1
2026-07-27T13:40:01,2026-07-27,CDNS,HOLD,0,MACD Crossover,LOW,1,22.22,326.24,9.35,0.0,14.34,0.0,0.0,2026-08-13,2.08,3.53,100.0,235.61,109.31,59.1,-9.65,17.3,3,2026-04-08 to 2026-07-24 (75 days),-1.0,32.1,0.4378,372.32,327.7,BULLISH,HIGH,Strong trend (ADX=38); EARNINGS TODAY (2026-07-27); Last surprise: +3.7%; Earnings conf adj: -3,4.28,-1.0,1.0,0,2026-07-27,3.7,-3
2026-07-27T13:39:41,2026-07-27,AME,HOLD,0,52-Week High Momentum,MEDIUM,3,22.13,241.97,2.52,0.0,5.04,0.0,0.0,2026-11-10,0.63,0.93,100.0,36.87,12.73,-5.87,-8.33,106.0,1,2026-04-08 to 2026-07-24 (75 days),-1.0,61.0,0.1864,231.64,217.26,BULLISH,LOW,Last surprise: +3.7%,10.0,-1.0,1.0,8,2026-08-04,3.68,0
2026-07-27T13:43:07,2026-07-27,LFUS,HOLD,0,Stochastic Oscillator,LOW,0,22.1,404.86,6.25,0.0,9.38,0.0,0.0,2026-08-13,-0.31,-0.45,100.0,0.24,-4.59,-43.72,-4.46,17.0,1,2026-04-08 to 2026-07-24 (75 days),-1.0,40.8,0.3915,446.11,343.71,BULLISH,MEDIUM,Earnings in 2d (2026-07-29); Earnings conf adj: -2,4.79,-1.0,1.0,2,2026-07-29,,-2
2026-07-27T13:41:24,2026-07-27,MTD,HOLD,0,ADX Trend Following,LOW,0,22.05,1327.18,4.26,0.0,6.39,0.0,0.0,2026-08-09,-0.31,-0.37,75.0,0.89,-16.61,-17.75,-21.29,13.5,4,2026-04-08 to 2026-07-24 (75 days),-1.0,60.9,0.2878,1197.58,1316.47,BEARISH,MEDIUM,Earnings in 3d (2026-07-30); Last surprise: +2.3%; Earnings conf adj: -2,6.51,-1.0,1.0,3,2026-07-30,2.3,-2
2026-07-27T13:43:48,2026-07-27,TCBI,HOLD,-1,VWAP Trend,LOW,0,22.05,99.25,4.13,103.35,3.41,95.87,0.0,2026-07-29,-2.36,-2.59,46.2,0.42,-24.29,-21.04,-10.2,2.5,13,2026-04-08 to 2026-07-24 (75 days),-1.0,41.6,0.274,101.01,95.86,BULLISH,MEDIUM,No special conditions,6.84,-1.0,1.0,86,2026-10-21,,0
2026-07-27T13:41:11,2026-07-27,LITE,HOLD,0,VWAP Trend,MEDIUM,3,21.99,762.99,12.0,0.0,9.64,0.0,0.0,2026-07-28,0.66,1.17,71.4,1.53,20.29,62.44,-14.16,1.7,7,2026-04-08 to 2026-07-24 (75 days),-1.0,45.9,0.9386,854.24,588.23,BULLISH,HIGH,Last surprise: +4.4%,2.0,-1.0,1.0,15,2026-08-11,4.41,0
2026-07-27T13:40:35,2026-07-27,EXPE,HOLD,0,ADX Trend Following,HIGH,4,21.97,259.94,5.52,0.0,8.28,0.0,0.0,2026-08-14,0.73,1.06,66.7,3.35,19.41,-18.76,-12.53,18.7,3,2026-04-08 to 2026-07-24 (75 days),-1.0,51.8,0.3377,243.0,245.05,BEARISH,MEDIUM,Last surprise: +42.0%; Earnings conf adj: +1,5.55,-1.0,1.0,9,2026-08-05,42.03,1
2026-07-27T13:42:08,2026-07-27,ULTA,HOLD,0,VWAP Trend,LOW,1,21.95,475.36,4.08,0.0,6.12,0.0,0.0,2026-08-04,-0.71,-0.94,50.0,0.47,-18.93,13.27,-13.57,8.2,8,2026-04-08 to 2026-07-24 (75 days),-1.0,50.2,0.2978,477.61,556.04,BEARISH,MEDIUM,Last surprise: +12.3%; Earnings conf adj: +1,6.3,-1.0,1.0,31,2026-08-27,12.34,1
2026-07-27T13:43:12,2026-07-27,HALO,BUY,1,52-Week High Momentum,MEDIUM,2,21.92,81.93,4.67,78.1,11.68,91.5,7.94,2026-08-19,0.19,0.32,100.0,62.89,1.69,-113.39,-7.99,23.0,1,2026-04-08 to 2026-07-24 (75 days),0.313,66.8,0.3192,72.88,69.41,BULLISH,MEDIUM,Strong trend (ADX=34); Size: Kelly 10.0% / VolTgt 5.9% / Blend 7.9%,5.87,-1.0,1.0,10,2026-08-06,,0
2026-07-27T13:40:22,2026-07-27,DOV,HOLD,0,VWAP Trend,LOW,1,21.87,202.2,4.84,0.0,4.47,0.0,0.0,2026-07-29,0.17,0.24,63.6,1.34,1.21,21.55,-3.64,2.5,11,2026-04-08 to 2026-07-24 (75 days),-1.0,38.5,0.3591,215.15,205.02,BULLISH,MEDIUM,High volume; Strong trend (ADX=35); Last surprise: +0.7%,5.22,-1.0,1.0,87,2026-10-22,0.74,0
2026-07-27T13:43:45,2026-07-27,KBR,HOLD,0,Stochastic Oscillator,LOW,0,21.52,36.93,4.37,0.0,6.55,0.0,0.0,2026-08-24,1.0,1.55,50.0,28.0,31.83,42.1,-22.27,28.5,2,2026-04-08 to 2026-07-24 (75 days),-1.0,60.0,0.335,34.37,38.85,BEARISH,MEDIUM,Earnings in 3d (2026-07-30); Earnings conf adj: -2,5.6,-1.0,1.0,3,2026-07-30,,-2
2026-07-27T13:40:24,2026-07-27,DOW,HOLD,0,MACD Crossover,LOW,1,21.4,29.84,5.94,0.0,8.91,0.0,0.0,2026-08-04,-0.8,-1.02,50.0,0.53,-15.16,44.25,-8.9,8.5,2,2026-04-08 to 2026-07-24 (75 days),-1.0,45.8,0.39,32.24,29.86,BULLISH,MEDIUM,Last surprise: +12.5%; Earnings conf adj: +1,4.81,-1.0,1.0,87,2026-10-22,12.5,1
2026-07-27T13:43:36,2026-07-27,FND,HOLD,0,SMA Crossover (10/50),LOW,0,21.4,53.75,9.35,0.0,14.02,0.0,0.0,2026-09-07,0.22,0.35,100.0,6.69,1.95,-16.6,-11.02,42.0,1,2026-04-08 to 2026-07-24 (75 days),-1.0,47.4,0.4267,52.41,59.56,BEARISH,HIGH,Earnings in 3d (2026-07-30); Earnings conf adj: -2,4.39,-1.0,1.0,3,2026-07-30,,-2
2026-07-27T13:39:44,2026-07-27,APA,HOLD,0,ADX Trend Following,MEDIUM,2,21.33,36.15,4.94,0.0,9.88,0.0,0.0,2026-08-11,-1.19,-1.51,66.7,0.47,-29.14,-11.84,-19.43,15.3,3,2026-04-08 to 2026-07-24 (75 days),-1.0,58.6,0.3611,35.5,30.6,BULLISH,MEDIUM,Last surprise: +21.1%; Earnings conf adj: +1,5.19,-1.0,1.0,9,2026-08-05,21.05,1
2026-07-27T13:42:13,2026-07-27,VRT,HOLD,0,VWAP Trend,MEDIUM,2,21.29,290.36,11.88,0.0,6.4,0.0,0.0,2026-07-28,1.8,2.87,80.0,2.31,77.42,65.58,-11.35,1.5,10,2026-04-08 to 2026-07-24 (75 days),-1.0,43.2,0.6631,316.32,244.2,BULLISH,HIGH,Earnings in 2d (2026-07-29); Last surprise: +15.8%; Earnings conf adj: -2,2.83,-1.0,1.0,2,2026-07-29,15.84,-2
2026-07-27T13:40:00,2026-07-27,CCI,HOLD,0,ADX Trend Following,MEDIUM,2,21.27,74.9,4.31,0.0,6.46,0.0,0.0,2026-08-07,0.2,0.31,33.3,3.56,1.91,35.68,-7.57,11.3,3,2026-04-08 to 2026-07-24 (75 days),-1.0,36.7,0.3804,84.19,85.86,BEARISH,MEDIUM,Strong trend (ADX=34); Last surprise: +35.3%; Earnings conf adj: +1,4.93,-1.0,1.0,86,2026-10-21,35.29,1
2026-07-27T13:41:25,2026-07-27,NCLH,HOLD,0,SMA Crossover (10/50),LOW,1,21.27,19.37,7.87,0.0,11.8,0.0,0.0,2026-09-10,0.33,0.51,100.0,16.87,5.51,18.24,-15.74,45.0,1,2026-04-08 to 2026-07-24 (75 days),-1.0,49.1,0.4269,18.85,20.37,BEARISH,HIGH,Earnings in 3d (2026-07-30); Last surprise: +64.3%; Earnings conf adj: -1,4.39,-1.0,1.0,3,2026-07-30,64.29,-1
2026-07-27T13:40:06,2026-07-27,CME,HOLD,-1,ADX Trend Following,LOW,0,21.22,255.31,4.22,266.08,5.96,240.09,0.0,2026-08-01,0.22,0.36,50.0,1.34,2.05,45.13,-6.37,5.5,2,2026-04-08 to 2026-07-24 (75 days),-1.0,58.0,0.3226,256.01,273.72,BEARISH,MEDIUM,Last surprise: +2.7%,5.81,-1.0,1.0,86,2026-10-21,2.75,0
2026-07-27T13:43:17,2026-07-27,FCFS,HOLD,0,MACD Crossover,HIGH,4,20.98,195.06,7.4,0.0,9.61,0.0,0.0,2026-08-10,2.61,4.92,66.7,5.42,48.89,54.63,-6.37,14.0,3,2026-04-08 to 2026-07-24 (75 days),-1.0,31.9,0.3262,219.56,187.53,BULLISH,MEDIUM,Price at statistical extreme; Strong trend (ADX=45),5.75,-1.0,1.0,87,2026-10-22,,0
2026-07-27T13:42:21,2026-07-27,XYL,HOLD,0,ADX Trend Following,LOW,0,20.86,119.75,3.59,0.0,5.38,0.0,0.0,2026-08-22,0.91,1.35,50.0,2.56,16.62,35.78,-7.31,26.0,2,2026-04-08 to 2026-07-24 (75 days),-1.0,54.9,0.2446,113.67,128.3,BEARISH,MEDIUM,Strong trend (ADX=35); Earnings in 1d (2026-07-28); Last surprise: +3.7%; Earnings conf adj: -2,7.0,-1.0,1.0,1,2026-07-28,3.7,-2
2026-07-27T13:40:33,2026-07-27,EW,HOLD,0,MACD Crossover,MEDIUM,2,20.73,82.63,4.57,0.0,8.29,0.0,0.0,2026-08-16,0.09,0.14,66.7,1.09,-0.43,-4.32,-8.48,20.3,3,2026-04-08 to 2026-07-24 (75 days),-1.0,32.7,0.2336,87.25,83.43,BULLISH,MEDIUM,High volume; Strong trend (ADX=35); Last surprise: +5.4%; Earnings conf adj: +1,8.03,-1.0,1.0,-4,2026-07-23,5.41,1
2026-07-27T13:43:29,2026-07-27,VFC,HOLD,0,Momentum (Rate of Change),LOW,0,20.68,17.03,5.33,0.0,8.0,0.0,0.0,2026-08-07,0.32,0.45,50.0,3.9,4.99,18.73,-15.58,11.5,2,2026-04-08 to 2026-07-24 (75 days),-1.0,51.2,0.3672,16.86,17.46,BEARISH,MEDIUM,Earnings in 2d (2026-07-29); Earnings conf adj: -2,5.11,-1.0,1.0,2,2026-07-29,,-2
2026-07-27T13:40:20,2026-07-27,DHI,HOLD,0,Momentum (Rate of Change),HIGH,4,20.52,146.76,5.19,0.0,13.54,0.0,0.0,2026-08-26,0.55,0.92,100.0,49.8,13.49,2.27,-12.6,30.0,2,2026-04-08 to 2026-07-24 (75 days),-1.0,44.7,0.314,149.98,149.8,BULLISH,MEDIUM,Strong trend (ADX=33); Last surprise: +7.0%; Earnings conf adj: +1,5.97,-1.0,1.0,-1,,7.02,1
2026-07-27T13:40:31,2026-07-27,ERIE,HOLD,0,Composite Multi-Indicator,LOW,0,20.49,223.55,9.72,0.0,14.58,0.0,0.0,2026-09-01,0.32,0.43,100.0,15.68,5.09,38.53,-18.46,36.0,1,2026-04-08 to 2026-07-24 (75 days),-1.0,46.7,0.6445,226.13,259.34,BEARISH,HIGH,Strong trend (ADX=43); Earnings in 3d (2026-07-30); Last surprise: -5.2%; Earnings conf adj: -2,2.91,-1.0,1.0,3,2026-07-30,-5.23,-2
2026-07-27T13:41:24,2026-07-27,MSI,HOLD,0,VWAP Trend,LOW,1,20.23,417.83,2.77,0.0,4.03,0.0,0.0,2026-08-02,-1.03,-1.19,60.0,0.59,-27.15,-6.99,-13.1,6.8,10,2026-04-08 to 2026-07-24 (75 days),-1.0,55.3,0.1963,408.01,414.62,BEARISH,LOW,Last surprise: +3.7%,7.0,-1.0,1.0,9,2026-08-05,3.69,0
2026-07-27T13:43:50,2026-07-27,OLLI,HOLD,0,Momentum (Rate of Change),LOW,0,20.19,66.31,8.47,0.0,9.24,0.0,0.0,2026-08-01,-0.81,-1.07,50.0,0.61,-14.3,58.61,-9.78,5.0,2,2026-04-08 to 2026-07-24 (75 days),-1.0,41.3,0.525,74.58,100.49,BEARISH,HIGH,No special conditions,3.57,-1.0,1.0,31,2026-08-27,,0
2026-07-27T13:41:17,2026-07-27,MDLZ,HOLD,0,EMA Crossover (9/21),LOW,0,20.1,60.52,3.72,0.0,5.58,0.0,0.0,2026-08-24,0.15,0.22,50.0,10.15,1.08,-12.22,-7.28,28.0,2,2026-04-08 to 2026-07-24 (75 days),-1.0,51.7,0.3195,60.55,57.72,BULLISH,MEDIUM,Earnings in 1d (2026-07-28); Last surprise: +9.8%; Earnings conf adj: -1,5.87,-1.0,1.0,1,2026-07-28,9.84,-1
2026-07-27T13:41:38,2026-07-27,PH,BUY,1,MACD Crossover,MEDIUM,2,19.71,987.54,2.91,958.8,5.82,1045.01,9.86,2026-08-15,0.68,1.01,50.0,1.87,10.1,1.49,-5.13,19.5,2,2026-04-08 to 2026-07-24 (75 days),0.766,62.9,0.1931,919.05,898.72,BULLISH,LOW,Price at statistical extreme; Last surprise: +4.3%; Size: Kelly 10.0% / VolTgt 9.7% / Blend 9.9%,9.71,-1.0,1.0,10,2026-08-06,4.34,0
2026-07-27T13:43:25,2026-07-27,NEU,HOLD,0,ADX Trend Following,LOW,0,19.26,779.33,4.37,0.0,6.55,0.0,0.0,2026-08-13,0.03,0.04,66.7,1.03,-0.9,-93.26,-8.79,17.0,3,2026-04-08 to 2026-07-24 (75 days),-1.0,52.6,0.2305,771.29,709.38,BULLISH,MEDIUM,Earnings in 2d (2026-07-29); Earnings conf adj: -2,7.0,-1.0,1.0,2,2026-07-29,,-2
2026-07-27T13:40:28,2026-07-27,EFX,HOLD,0,MACD Crossover,MEDIUM,3,19.08,172.54,9.72,0.0,14.16,0.0,0.0,2026-08-10,0.92,1.45,66.7,11.08,24.04,43.33,-9.39,14.7,3,2026-04-08 to 2026-07-24 (75 days),-1.0,53.4,0.4691,165.56,192.32,BEARISH,HIGH,Last surprise: +2.3%,4.0,-1.0,1.0,85,2026-10-20,2.27,0
2026-07-27T13:43:15,2026-07-27,TTC,HOLD,0,ADX Trend Following,LOW,0,18.95,93.76,3.95,0.0,5.93,0.0,0.0,2026-08-12,-1.4,-1.83,50.0,0.16,-26.53,-15.47,-13.0,16.8,4,2026-04-08 to 2026-07-24 (75 days),-1.0,50.4,0.236,92.15,87.07,BULLISH,MEDIUM,No special conditions,7.0,-1.0,1.0,38,2026-09-03,,0
2026-07-27T13:41:41,2026-07-27,PPG,EXIT,-1,VWAP Trend,MEDIUM,2,18.82,116.0,4.83,121.6,4.24,111.08,7.86,2026-07-29,1.08,1.73,66.7,2.26,17.23,-3.51,-6.88,2.7,9,2026-04-08 to 2026-07-24 (75 days),-1.0,48.6,0.328,114.99,108.27,BULLISH,MEDIUM,Earnings in 1d (2026-07-28); Last surprise: +3.4%; Earnings conf adj: -2; Size: Kelly 10.0% / VolTgt 5.7% / Blend 7.9%,5.72,-1.0,1.0,1,2026-07-28,3.39,-2
2026-07-27T13:43:05,2026-07-27,RMBS,HOLD,0,ADX Trend Following,LOW,0,18.59,96.01,12.0,0.0,24.0,0.0,0.0,2026-08-16,0.32,0.44,66.7,0.95,-5.76,11.3,-36.38,20.0,3,2026-04-08 to 2026-07-24 (75 days),-1.0,34.9,0.8075,128.69,109.28,BULLISH,HIGH,Strong trend (ADX=38); EARNINGS TODAY (2026-07-27); Earnings conf adj: -3,2.32,-1.0,1.0,0,2026-07-27,,-3
2026-07-27T13:42:34,2026-07-27,H,HOLD,0,Momentum (Rate of Change),MEDIUM,3,18.49,187.13,4.26,0.0,10.65,0.0,0.0,2026-10-19,2.46,4.6,100.0,215.31,92.18,-12.85,-7.97,84.0,1,2026-04-08 to 2026-07-24 (75 days),-1.0,46.6,0.2496,187.99,164.7,BULLISH,MEDIUM,Strong trend (ADX=34); Earnings in 3d (2026-07-30); Last surprise: +10.5%; Earnings conf adj: -1,7.51,-1.0,1.0,3,2026-07-30,10.53,-1
2026-07-27T13:42:30,2026-07-27,STRL,EXIT,-1,52-Week High Momentum,HIGH,5,18.33,660.93,12.0,740.24,28.63,471.71,6.18,2026-08-17,1.87,5.6,100.0,620.73,380.77,24.94,-18.74,21.0,2,2026-04-08 to 2026-07-24 (75 days),-1.0,41.8,0.7935,788.83,498.39,BULLISH,HIGH,Last surprise: +63.9%; Earnings conf adj: +1; Size: Kelly 10.0% / VolTgt 2.4% / Blend 6.2%,2.36,-1.0,1.0,7,2026-08-03,63.93,1
2026-07-27T13:41:33,2026-07-27,ON,HOLD,0,ADX Trend Following,HIGH,4,18.3,86.81,12.0,0.0,36.0,0.0,0.0,2026-08-20,2.54,4.42,66.7,14.92,300.01,174.62,-19.36,24.0,3,2026-04-08 to 2026-07-24 (75 days),-1.0,40.0,1.0091,108.05,74.15,BULLISH,HIGH,Last surprise: +3.2%,1.86,-1.0,1.0,7,2026-08-03,3.23,0
2026-07-27T13:43:36,2026-07-27,DUOL,HOLD,0,VWAP Trend,HIGH,4,18.23,122.24,11.06,0.0,13.66,0.0,0.0,2026-08-05,1.7,2.55,66.7,3.41,105.42,-67.17,-11.62,9.3,9,2026-04-08 to 2026-07-24 (75 days),-1.0,47.6,0.569,119.99,151.48,BEARISH,HIGH,No special conditions,3.3,-1.0,1.0,9,2026-08-05,,0
2026-07-27T13:43:49,2026-07-27,MAT,HOLD,0,EMA Crossover (9/21),LOW,0,18.14,14.34,5.05,0.0,7.57,0.0,0.0,2026-08-08,-0.65,-0.81,50.0,0.43,-6.46,-3.89,-3.8,12.5,2,2026-04-08 to 2026-07-24 (75 days),-1.0,55.1,0.3555,14.25,17.09,BEARISH,MEDIUM,Strong trend (ADX=36),5.27,-1.0,1.0,8,2026-08-04,,0
2026-07-27T13:39:55,2026-07-27,BR,HOLD,0,Stochastic Oscillator,LOW,1,18.05,148.92,4.6,0.0,6.9,0.0,0.0,2026-09-02,0.41,0.62,50.0,4.13,7.47,28.96,-14.76,37.5,2,2026-04-08 to 2026-07-24 (75 days),-1.0,54.3,0.3284,145.8,183.59,BEARISH,MEDIUM,Last surprise: +4.6%,5.71,-1.0,1.0,8,2026-08-04,4.62,0
2026-07-27T13:41:14,2026-07-27,LYB,HOLD,0,MACD Crossover,LOW,1,17.94,60.32,5.34,0.0,6.22,0.0,0.0,2026-08-02,-0.71,-0.9,33.3,0.75,-12.74,36.13,-11.68,6.7,3,2026-04-08 to 2026-07-24 (75 days),-1.0,53.1,0.3051,62.28,56.89,BULLISH,MEDIUM,Strong trend (ADX=43); Earnings in 4d (2026-07-31); Last surprise: +75.0%; Earnings conf adj: +1,6.15,-1.0,1.0,4,2026-07-31,75.0,1
2026-07-27T13:43:04,2026-07-27,AR,HOLD,-1,Stochastic Oscillator,LOW,0,17.79,35.28,4.42,36.84,6.63,32.94,0.0,2026-09-14,0.14,0.2,50.0,1.12,-0.12,29.85,-14.78,49.0,2,2026-04-08 to 2026-07-24 (75 days),-1.0,54.8,0.3102,35.25,35.62,BEARISH,MEDIUM,Strong trend (ADX=35); Earnings in 2d (2026-07-29); Earnings conf adj: -2,6.04,-1.0,1.0,2,2026-07-29,,-2
2026-07-27T13:43:34,2026-07-27,APPF,HOLD,0,Stochastic Oscillator,MEDIUM,3,17.7,165.05,9.03,0.0,13.54,0.0,0.0,2026-08-21,1.09,1.84,50.0,116.6,39.69,14.91,-19.48,25.5,2,2026-04-08 to 2026-07-24 (75 days),-1.0,46.7,0.4758,164.06,193.06,BEARISH,HIGH,High volume; Strong trend (ADX=32),3.94,-1.0,1.0,-1,,,0
2026-07-27T13:42:39,2026-07-27,CG,HOLD,0,SMA Crossover (10/50),LOW,0,17.67,45.4,4.76,0.0,7.14,0.0,0.0,2026-08-11,-1.46,-1.91,50.0,0.25,-27.62,-11.36,-11.61,15.5,2,2026-04-08 to 2026-07-24 (75 days),-1.0,54.2,0.3068,44.66,51.58,BEARISH,MEDIUM,Last surprise: -3.3%,6.11,-1.0,1.0,8,2026-08-04,-3.26,0
2026-07-27T13:43:42,2026-07-27,SHC,EXIT,-1,Momentum (Rate of Change),HIGH,4,17.67,17.35,4.63,18.15,16.2,14.54,8.09,2026-11-10,1.61,2.62,100.0,134.47,53.08,-2.44,-7.85,106.0,1,2026-04-08 to 2026-07-24 (75 days),-1.0,50.5,0.3038,16.59,16.43,BULLISH,MEDIUM,Strong trend (ADX=32); Size: Kelly 10.0% / VolTgt 6.2% / Blend 8.1%,6.17,-1.0,1.0,10,2026-08-06,,0
2026-07-27T13:42:45,2026-07-27,JLL,HOLD,0,MACD Crossover,MEDIUM,3,17.52,325.45,4.73,0.0,7.1,0.0,0.0,2026-09-14,1.21,2.24,100.0,67.09,23.87,16.28,-5.47,49.0,1,2026-04-08 to 2026-07-24 (75 days),-1.0,55.5,0.319,306.25,316.91,BEARISH,MEDIUM,Earnings in 3d (2026-07-30); Last surprise: +14.0%; Earnings conf adj: -1,5.88,-1.0,1.0,3,2026-07-30,13.95,-1
2026-07-27T13:40:45,2026-07-27,GILD,HOLD,0,MACD Crossover,LOW,1,17.48,129.31,4.59,0.0,6.88,0.0,0.0,2026-08-25,-0.11,-0.17,50.0,0.84,-4.69,20.14,-6.6,29.0,2,2026-04-08 to 2026-07-24 (75 days),-1.0,47.6,0.3597,129.28,130.09,BEARISH,MEDIUM,Last surprise: +6.3%; Earnings conf adj: +1,5.21,-1.0,1.0,8,2026-08-04,6.28,1
2026-07-27T13:42:20,2026-07-27,WY,HOLD,0,Stochastic Oscillator,LOW,0,17.06,23.94,3.8,0.0,5.7,0.0,0.0,2026-08-18,0.12,0.18,50.0,1.5,0.67,10.62,-7.62,22.0,2,2026-04-08 to 2026-07-24 (75 days),-1.0,50.4,0.3059,23.93,23.79,BULLISH,MEDIUM,Earnings in 3d (2026-07-30); Last surprise: +120.0%; Earnings conf adj: -1,6.13,-1.0,1.0,3,2026-07-30,120.0,-1
2026-07-27T13:39:53,2026-07-27,BKR,HOLD,0,Momentum (Rate of Change),LOW,0,17.04,57.25,4.39,0.0,6.58,0.0,0.0,2026-08-24,-1.67,-2.09,50.0,0.26,-36.18,-8.56,-16.97,28.0,2,2026-04-08 to 2026-07-24 (75 days),-1.0,48.6,0.3065,60.34,55.96,BULLISH,MEDIUM,Last surprise: +18.4%,6.12,-1.0,1.0,87,2026-10-22,18.37,0
2026-07-27T13:40:09,2026-07-27,COHR,HOLD,0,VWAP Trend,HIGH,4,16.93,282.39,12.0,0.0,8.95,0.0,0.0,2026-07-28,2.27,4.98,71.4,3.46,178.26,177.53,-14.14,1.9,7,2026-04-08 to 2026-07-24 (75 days),-1.0,38.0,0.825,360.6,251.6,BULLISH,HIGH,Strong trend (ADX=34); Last surprise: +1.4%,2.27,-1.0,1.0,16,2026-08-12,1.44,0
2026-07-27T13:41:34,2026-07-27,OXY,HOLD,1,Momentum (Rate of Change),LOW,1,16.85,57.3,4.44,54.76,8.88,62.39,0.0,2026-08-22,-0.8,-1.06,50.0,0.53,-21.75,-9.73,-13.89,26.0,2,2026-04-08 to 2026-07-24 (75 days),-1.0,63.2,0.3538,54.96,49.59,BULLISH,MEDIUM,Strong trend (ADX=49); Last surprise: +79.7%; Earnings conf adj: +1,5.3,-1.0,1.0,9,2026-08-05,79.66,1
2026-07-27T13:43:40,2026-07-27,CHH,HOLD,0,VWAP Trend,HIGH,4,16.66,110.52,5.35,0.0,6.12,0.0,0.0,2026-08-01,1.33,2.01,63.6,3.13,38.09,27.53,-8.76,5.5,11,2026-04-08 to 2026-07-24 (75 days),-1.0,51.9,0.3313,109.81,103.17,BULLISH,MEDIUM,No special conditions,5.66,-1.0,1.0,9,2026-08-05,,0
2026-07-27T13:40:52,2026-07-27,HII,HOLD,-1,VWAP Trend,LOW,0,16.63,287.59,3.97,299.01,3.35,277.96,0.0,2026-07-29,-1.67,-1.84,36.4,0.5,-35.09,34.92,-18.13,2.2,11,2026-04-08 to 2026-07-24 (75 days),-1.0,52.2,0.2865,294.72,344.78,BEARISH,MEDIUM,Strong trend (ADX=35); Earnings in 3d (2026-07-30); Last surprise: +1.6%; Earnings conf adj: -2,6.54,-1.0,1.0,3,2026-07-30,1.61,-2
2026-07-27T13:42:35,2026-07-27,APG,EXIT,-1,VWAP Trend,MEDIUM,3,16.33,39.57,4.34,41.29,2.99,38.39,8.98,2026-07-29,1.06,1.72,55.6,2.42,14.68,43.97,-4.35,2.6,9,2026-04-08 to 2026-07-24 (75 days),-1.0,38.7,0.2355,41.64,41.08,BULLISH,MEDIUM,Earnings in 3d (2026-07-30); Last surprise: +6.7%; Earnings conf adj: -1; Size: Kelly 10.0% / VolTgt 8.0% / Blend 9.0%,7.96,-1.0,1.0,3,2026-07-30,6.67,-1
2026-07-27T13:41:13,2026-07-27,LULU,HOLD,0,EMA Crossover (9/21),LOW,0,16.28,114.28,5.63,0.0,5.23,0.0,0.0,2026-07-30,-1.9,-1.91,50.0,0.01,-39.9,27.53,-15.16,3.5,2,2026-04-08 to 2026-07-24 (75 days),-1.0,45.5,0.3551,118.81,160.41,BEARISH,MEDIUM,Last surprise: +0.6%,5.28,-1.0,1.0,38,2026-09-03,0.6,0
2026-07-27T13:40:47,2026-07-27,GOOG,EXIT,-1,VWAP Trend,MEDIUM,2,16.23,319.09,7.22,342.13,4.81,303.74,4.19,2026-07-29,-0.35,-0.51,55.6,0.93,-4.8,-9.8,-4.65,2.1,9,2026-04-08 to 2026-07-24 (75 days),-1.0,32.8,0.4219,362.27,322.86,BULLISH,HIGH,Price at statistical extreme; Last surprise: +213.1%; Earnings conf adj: +1; Size: Kelly 3.9% / VolTgt 4.4% / Blend 4.2%,4.44,-1.0,1.0,-5,2026-07-22,213.06,1
2026-07-27T13:40:06,2026-07-27,CMG,HOLD,0,ADX Trend Following,LOW,0,16.2,31.79,8.57,0.0,11.78,0.0,0.0,2026-08-08,-0.55,-0.73,50.0,0.81,-18.97,-0.21,-18.27,12.0,6,2026-04-08 to 2026-07-24 (75 days),-1.0,41.8,0.4319,32.54,35.07,BEARISH,HIGH,Earnings in 2d (2026-07-29); Last surprise: +0.0%; Earnings conf adj: -2,4.34,-1.0,1.0,2,2026-07-29,0.0,-2
2026-07-27T13:43:43,2026-07-27,GNTX,HOLD,0,ADX Trend Following,HIGH,4,16.04,22.9,4.63,0.0,7.8,0.0,0.0,2026-08-09,1.53,2.61,80.0,6.82,36.75,24.21,-5.42,13.0,5,2026-04-08 to 2026-07-24 (75 days),-1.0,36.7,0.2746,24.3,23.38,BULLISH,MEDIUM,High volume; Price at statistical extreme; Strong trend (ADX=35),6.83,-1.0,1.0,88,2026-10-23,,0
2026-07-27T13:40:11,2026-07-27,CRH,HOLD,0,MACD Crossover,LOW,0,16.03,99.87,4.6,0.0,6.9,0.0,0.0,2026-08-11,-0.14,-0.2,50.0,0.47,-4.42,30.72,-6.95,15.0,2,2026-04-08 to 2026-07-24 (75 days),-1.0,40.0,0.2735,105.36,113.88,BEARISH,MEDIUM,Strong trend (ADX=40); Earnings in 3d (2026-07-30); Last surprise: +8.7%; Earnings conf adj: -1,6.85,-1.0,1.0,3,2026-07-30,8.7,-1
2026-07-27T13:40:34,2026-07-27,EXE,HOLD,0,MACD Crossover,LOW,0,15.64,91.52,3.88,0.0,5.82,0.0,0.0,2026-08-25,-0.59,-0.88,50.0,0.47,-13.22,11.78,-9.72,29.5,2,2026-04-08 to 2026-07-24 (75 days),-1.0,55.9,0.3017,90.95,102.06,BEARISH,MEDIUM,Earnings in 1d (2026-07-28); Last surprise: +5.5%; Earnings conf adj: -1,6.21,-1.0,1.0,1,2026-07-28,5.51,-1
2026-07-27T13:39:39,2026-07-27,ALGN,HOLD,0,ADX Trend Following,LOW,0,15.6,167.01,7.79,0.0,11.69,0.0,0.0,2026-08-09,-0.55,-0.75,50.0,0.61,-14.0,3.67,-13.95,13.0,2,2026-04-08 to 2026-07-24 (75 days),-1.0,41.1,0.4411,172.3,165.63,BULLISH,HIGH,Earnings in 2d (2026-07-29); Last surprise: +12.7%; Earnings conf adj: -1,4.25,-1.0,1.0,2,2026-07-29,12.66,-1
2026-07-27T13:42:31,2026-07-27,ENTG,HOLD,0,VWAP Trend,MEDIUM,3,15.6,129.15,12.0,0.0,8.86,0.0,0.0,2026-07-28,0.43,0.6,60.0,1.23,9.47,10.41,-14.12,1.9,15,2026-04-08 to 2026-07-24 (75 days),-1.0,40.8,0.8161,144.96,118.46,BULLISH,HIGH,Last surprise: +14.7%; Earnings conf adj: +1,2.3,-1.0,1.0,8,2026-08-04,14.67,1
2026-07-27T13:43:34,2026-07-27,ORA,EXIT,-1,MACD Crossover,HIGH,4,15.42,99.4,4.88,104.25,10.1,89.36,7.7,2026-08-09,2.89,6.94,66.7,232.93,102.34,138.45,-5.95,13.7,3,2026-04-08 to 2026-07-24 (75 days),-1.0,26.9,0.3465,123.86,115.76,BULLISH,MEDIUM,RSI oversold; Price at statistical extreme; Strong trend (ADX=61); Size: Kelly 10.0% / VolTgt 5.4% / Blend 7.7%,5.41,-1.0,1.0,9,2026-08-05,,0
2026-07-27T13:43:49,2026-07-27,EXLS,HOLD,0,Momentum (Rate of Change),LOW,0,15.3,27.67,5.66,0.0,8.49,0.0,0.0,2026-08-13,-0.21,-0.33,50.0,1.04,-6.5,22.12,-8.87,17.0,2,2026-04-08 to 2026-07-24 (75 days),-1.0,50.4,0.3846,27.96,34.21,BEARISH,MEDIUM,Earnings in 1d (2026-07-28); Earnings conf adj: -2,4.87,-1.0,1.0,1,2026-07-28,,-2
2026-07-27T13:41:26,2026-07-27,NI,HOLD,0,Stochastic Oscillator,MEDIUM,2,14.83,46.68,2.98,0.0,4.47,0.0,0.0,2026-09-15,0.39,0.57,100.0,17.1,4.5,12.26,-7.56,50.0,1,2026-04-08 to 2026-07-24 (75 days),-1.0,49.9,0.2289,46.87,44.83,BULLISH,MEDIUM,Last surprise: +1.0%,8.19,-1.0,1.0,9,2026-08-05,0.95,0
2026-07-27T13:41:27,2026-07-27,NFLX,HOLD,0,Composite Multi-Indicator,LOW,0,14.52,70.09,7.4,0.0,11.1,0.0,0.0,2026-10-30,-3.27,-3.9,0.0,0.0,-64.52,5.04,-28.79,95.0,1,2026-04-08 to 2026-07-24 (75 days),-1.0,38.3,0.4324,78.69,92.53,BEARISH,HIGH,Strong trend (ADX=37); Last surprise: +1.3%,4.34,-1.0,1.0,85,2026-10-20,1.27,0
2026-07-27T13:42:32,2026-07-27,SNX,EXIT,-1,52-Week High Momentum,HIGH,5,14.44,242.92,7.02,259.97,21.06,191.76,7.28,2026-10-16,3.7,7.23,100.0,356.09,166.05,70.03,-8.49,81.0,1,2026-04-08 to 2026-07-24 (75 days),-1.0,42.4,0.4112,256.79,188.81,BULLISH,HIGH,Last surprise: +17.1%; Earnings conf adj: +1; Size: Kelly 10.0% / VolTgt 4.6% / Blend 7.3%,4.56,-1.0,1.0,59,2026-09-24,17.15,1
2026-07-27T13:43:27,2026-07-27,GAP,HOLD,0,VWAP Trend,LOW,1,14.43,19.01,5.6,0.0,8.4,0.0,0.0,2026-08-05,-0.7,-0.83,71.4,0.67,-31.71,29.98,-29.18,9.3,7,2026-04-08 to 2026-07-24 (75 days),-1.0,40.4,0.3968,20.63,23.82,BEARISH,MEDIUM,No special conditions,4.73,-1.0,1.0,31,2026-08-27,,0
2026-07-27T13:40:39,2026-07-27,FISV,HOLD,0,MACD Crossover,LOW,1,14.4,51.02,5.58,0.0,8.37,0.0,0.0,2026-08-14,-0.3,-0.4,50.0,0.16,-9.12,20.78,-10.82,18.5,2,2026-04-08 to 2026-07-24 (75 days),-1.0,49.7,0.3778,52.28,65.1,BEARISH,MEDIUM,Last surprise: +13.3%; Earnings conf adj: +1,4.96,-1.0,1.0,10,2026-08-06,13.29,1
2026-07-27T13:43:49,2026-07-27,BBWI,HOLD,0,Momentum (Rate of Change),MEDIUM,2,14.29,19.9,10.15,0.0,15.23,0.0,0.0,2026-08-29,0.27,0.42,100.0,15.75,1.93,-45.96,-23.18,33.5,2,2026-04-08 to 2026-07-24 (75 days),-1.0,46.7,0.4784,19.62,20.49,BEARISH,HIGH,No special conditions,3.92,-1.0,1.0,31,2026-08-27,,0
2026-07-27T13:42:06,2026-07-27,TTWO,BUY,1,Stochastic Oscillator,HIGH,4,13.82,231.65,4.2,221.92,6.3,246.24,8.37,2026-08-05,1.58,4.03,50.0,5.79,28.97,-30.11,-5.46,9.0,2,2026-04-08 to 2026-07-24 (75 days),0.214,43.7,0.2783,233.41,230.05,BULLISH,MEDIUM,Last surprise: +42.9%; Earnings conf adj: +1; Size: Kelly 10.0% / VolTgt 6.7% / Blend 8.4%,6.74,-1.0,1.0,11,2026-08-07,42.86,1
2026-07-27T13:43:00,2026-07-27,SMTC,HOLD,0,VWAP Trend,HIGH,4,13.79,125.92,12.0,0.0,11.02,0.0,0.0,2026-07-29,2.16,4.28,70.0,3.87,138.15,-114.77,-10.07,2.3,10,2026-04-08 to 2026-07-24 (75 days),-1.0,42.3,0.9228,148.4,98.27,BULLISH,HIGH,No special conditions,2.03,-1.0,1.0,28,2026-08-24,,0
2026-07-27T13:43:06,2026-07-27,CGNX,HOLD,0,Stochastic Oscillator,MEDIUM,3,13.33,62.05,9.74,0.0,14.61,0.0,0.0,2026-08-10,1.5,2.58,50.0,4.74,42.59,-20.92,-9.61,14.5,2,2026-04-08 to 2026-07-24 (75 days),-1.0,43.5,0.4895,64.84,50.5,BULLISH,HIGH,No special conditions,3.83,-1.0,1.0,9,2026-08-05,,0
2026-07-27T13:42:12,2026-07-27,VMC,HOLD,0,EMA Crossover (9/21),LOW,0,13.02,279.7,4.55,0.0,6.82,0.0,0.0,2026-08-13,-0.46,-0.62,50.0,0.43,-13.15,0.48,-11.88,17.5,4,2026-04-08 to 2026-07-24 (75 days),-1.0,42.8,0.2933,285.51,290.19,BEARISH,MEDIUM,Earnings in 2d (2026-07-29); Last surprise: +22.7%; Earnings conf adj: -1,6.39,-1.0,1.0,2,2026-07-29,22.73,-1
2026-07-27T13:41:07,2026-07-27,KLAC,HOLD,0,ADX Trend Following,MEDIUM,2,12.96,210.52,12.0,0.0,24.0,0.0,0.0,2026-08-28,1.1,1.66,100.0,163.38,69.48,-50.47,-28.25,32.5,2,2026-04-08 to 2026-07-24 (75 days),-1.0,44.1,0.9329,220.77,160.26,BULLISH,HIGH,Earnings in 1d (2026-07-28); Last surprise: +2.2%; Earnings conf adj: -2,2.01,-1.0,1.0,1,2026-07-28,2.17,-2
2026-07-27T13:41:05,2026-07-27,KDP,EXIT,-1,Momentum (Rate of Change),MEDIUM,3,12.9,29.68,4.27,30.95,8.54,27.15,7.77,2026-10-16,0.63,0.87,100.0,41.97,12.67,-51.54,-10.22,81.0,1,2026-04-08 to 2026-07-24 (75 days),-1.0,40.4,0.3384,30.65,28.1,BULLISH,MEDIUM,Last surprise: +5.4%; Size: Kelly 10.0% / VolTgt 5.5% / Blend 7.8%,5.54,-1.0,1.0,10,2026-08-06,5.41,0
2026-07-27T13:43:26,2026-07-27,ENS,HOLD,0,VWAP Trend,MEDIUM,2,12.83,190.75,9.19,0.0,7.43,0.0,0.0,2026-07-29,0.81,1.63,54.5,1.7,22.08,16.21,-9.19,2.8,11,2026-04-08 to 2026-07-24 (75 days),-1.0,37.5,0.5642,219.7,176.2,BULLISH,HIGH,No special conditions,3.32,-1.0,1.0,16,2026-08-12,,0
2026-07-27T13:42:53,2026-07-27,BWA,HOLD,0,VWAP Trend,HIGH,4,12.5,64.39,4.54,0.0,5.09,0.0,0.0,2026-07-31,2.26,4.01,80.0,12.19,65.39,-7.47,-8.49,4.6,5,2026-04-08 to 2026-07-24 (75 days),-1.0,46.4,0.3014,67.81,54.08,BULLISH,MEDIUM,Strong trend (ADX=38),6.22,-1.0,1.0,9,2026-08-05,,0
2026-07-27T13:42:32,2026-07-27,DKS,HOLD,0,VWAP Trend,HIGH,4,12.22,206.04,5.77,0.0,3.72,0.0,0.0,2026-07-29,1.26,1.89,66.7,2.0,31.06,26.93,-7.98,2.0,9,2026-04-08 to 2026-07-24 (75 days),-1.0,38.8,0.3341,220.85,211.88,BULLISH,MEDIUM,Last surprise: -0.3%,5.61,-1.0,1.0,29,2026-08-25,-0.34,0
2026-07-27T13:43:44,2026-07-27,CNX,HOLD,0,VWAP Trend,LOW,0,12.14,34.29,3.81,0.0,5.38,0.0,0.0,2026-08-03,0.41,0.66,50.0,1.84,5.49,38.55,-6.41,7.5,6,2026-04-08 to 2026-07-24 (75 days),-1.0,56.2,0.2496,33.83,36.71,BEARISH,MEDIUM,Earnings in 3d (2026-07-30); Earnings conf adj: -2,7.0,-1.0,1.0,3,2026-07-30,,-2
2026-07-27T13:43:10,2026-07-27,HLI,HOLD,0,EMA Crossover (9/21),LOW,0,11.98,140.23,4.47,0.0,6.71,0.0,0.0,2026-08-09,-0.95,-1.5,50.0,0.04,-11.87,3.18,-9.4,13.5,2,2026-04-08 to 2026-07-24 (75 days),-1.0,51.4,0.3598,141.03,161.32,BEARISH,MEDIUM,Earnings in 2d (2026-07-29); Earnings conf adj: -2,5.21,-1.0,1.0,2,2026-07-29,,-2
2026-07-27T13:43:39,2026-07-27,VAL,HOLD,0,ADX Trend Following,LOW,0,11.9,79.53,5.04,0.0,7.56,0.0,0.0,2026-08-05,-2.89,-3.01,33.3,0.04,-55.69,-1.58,-23.28,9.3,3,2026-04-08 to 2026-07-24 (75 days),-1.0,50.1,0.3597,85.94,75.29,BULLISH,MEDIUM,No special conditions,5.21,-1.0,1.0,9,2026-08-05,,0
2026-07-27T13:42:28,2026-07-27,MKSI,HOLD,0,Momentum (Rate of Change),HIGH,5,11.89,329.18,12.0,0.0,36.0,0.0,0.0,2026-10-20,1.68,2.57,100.0,279.6,127.42,-8.58,-21.81,85.0,1,2026-04-08 to 2026-07-24 (75 days),-1.0,43.0,0.7941,348.06,240.42,BULLISH,HIGH,Last surprise: +12.2%; Earnings conf adj: +1,2.36,-1.0,1.0,9,2026-08-05,12.2,1
2026-07-27T13:43:05,2026-07-27,SIRI,HOLD,0,MACD Crossover,LOW,0,11.83,29.8,3.7,0.0,5.55,0.0,0.0,2026-08-13,-0.48,-0.67,50.0,0.62,-6.19,-139.51,-7.15,17.0,2,2026-04-08 to 2026-07-24 (75 days),-1.0,51.6,0.2214,28.8,23.59,BULLISH,MEDIUM,Earnings in 3d (2026-07-30); Earnings conf adj: -2,7.0,-1.0,1.0,3,2026-07-30,,-2
2026-07-27T13:43:56,2026-07-27,SLV,HOLD,0,Composite Multi-Indicator,LOW,0,11.74,52.59,5.36,0.0,8.04,0.0,0.0,2026-10-02,-2.49,-2.91,0.0,0.0,-62.38,-5.19,-28.02,67.0,1,2026-04-08 to 2026-07-24 (75 days),-1.0,42.8,0.3731,59.97,63.39,BEARISH,MEDIUM,No special conditions,5.03,-1.0,1.0,-1,,,0
2026-07-27T13:43:55,2026-07-27,MZTI,HOLD,0,Stochastic Oscillator,LOW,0,11.62,107.19,5.33,0.0,8.0,0.0,0.0,2026-09-29,-0.85,-1.09,0.0,0.0,-21.63,40.92,-18.86,64.0,1,2026-04-08 to 2026-07-24 (75 days),-1.0,43.9,0.3863,110.65,143.33,BEARISH,MEDIUM,No special conditions,4.85,-1.0,1.0,24,2026-08-20,,0
2026-07-27T13:41:44,2026-07-27,QCOM,HOLD,0,ADX Trend Following,MEDIUM,2,11.46,166.97,8.89,0.0,17.78,0.0,0.0,2026-08-24,2.31,3.73,100.0,475.78,290.92,137.29,-23.55,28.5,2,2026-04-08 to 2026-07-24 (75 days),-1.0,36.9,0.4553,202.79,167.94,BULLISH,HIGH,Earnings in 2d (2026-07-29); Last surprise: +3.5%; Earnings conf adj: -2,4.12,-1.0,1.0,2,2026-07-29,3.52,-2
2026-07-27T13:43:52,2026-07-27,HAE,HOLD,0,VWAP Trend,MEDIUM,3,11.46,78.78,4.51,0.0,3.99,0.0,0.0,2026-07-31,2.95,5.78,54.5,3.26,125.77,-33.87,-10.74,4.2,11,2026-04-08 to 2026-07-24 (75 days),-1.0,62.3,0.2471,71.85,66.79,BULLISH,MEDIUM,No special conditions,7.59,-1.0,1.0,10,2026-08-06,,0
2026-07-27T13:42:44,2026-07-27,SGI,HOLD,0,EMA Crossover (9/21),LOW,0,11.39,71.56,6.25,0.0,9.38,0.0,0.0,2026-08-20,-0.55,-0.82,50.0,0.22,-15.5,7.16,-11.56,24.0,2,2026-04-08 to 2026-07-24 (75 days),-1.0,46.9,0.3529,71.42,81.4,BEARISH,MEDIUM,Last surprise: +3.5%,5.31,-1.0,1.0,10,2026-08-06,3.51,0
2026-07-27T13:39:43,2026-07-27,ANET,BUY,1,PEAD Earnings Drift,HIGH,5,11.32,173.99,11.07,154.73,33.21,231.77,6.5,2026-10-12,1.65,2.62,100.0,226.27,99.48,13.77,-13.44,77.0,1,2026-04-08 to 2026-07-24 (75 days),0.401,52.8,0.6279,163.86,145.41,BULLISH,HIGH,Last surprise: +7.4%; Earnings conf adj: +1; Size: Kelly 10.0% / VolTgt 3.0% / Blend 6.5%,2.99,-1.0,1.0,8,2026-08-04,7.41,1
2026-07-27T13:43:30,2026-07-27,HIMS,EXIT,-1,Momentum (Rate of Change),MEDIUM,3,11.1,28.09,12.0,31.46,18.0,23.03,6.14,2026-10-30,0.94,1.4,100.0,134.67,53.18,-200.15,-28.12,95.0,1,2026-04-08 to 2026-07-24 (75 days),-1.0,37.0,0.8243,30.3,31.05,BEARISH,HIGH,High volume; Price at statistical extreme; Size: Kelly 10.0% / VolTgt 2.3% / Blend 6.1%,2.27,-1.0,1.0,14,2026-08-10,,0
2026-07-27T13:43:25,2026-07-27,SLAB,HOLD,0,Multi-Factor Momentum MR,MEDIUM,2,10.71,216.88,1.5,0.0,1.94,0.0,0.0,2026-09-29,0.26,0.38,100.0,3.55,0.87,-10.08,-1.26,64.0,1,2026-04-08 to 2026-07-24 (75 days),-1.0,40.3,0.0308,218.15,180.89,BULLISH,LOW,Strong trend (ADX=32),10.0,-1.0,1.0,8,2026-08-04,,0
2026-07-27T13:41:44,2026-07-27,Q,HOLD,0,ADX Trend Following,HIGH,4,10.28,135.06,10.61,0.0,8.64,0.0,0.0,2026-08-01,1.03,1.57,50.0,2.54,33.08,70.57,-12.21,5.0,2,2026-05-06 to 2026-07-24 (55 days),-1.0,40.1,0.4908,150.81,nan,NEUTRAL,HIGH,Strong trend (ADX=37); Last surprise: +17.4%; Earnings conf adj: +1,3.82,-1.0,1.0,8,2026-08-04,17.39,1
2026-07-27T13:41:01,2026-07-27,IT,HOLD,0,VWAP Trend,MEDIUM,2,10.09,140.5,9.74,0.0,14.61,0.0,0.0,2026-08-15,-0.47,-0.72,60.0,0.92,-30.11,-11.24,-27.98,19.4,5,2026-04-08 to 2026-07-24 (75 days),-1.0,51.9,0.6005,144.93,186.32,BEARISH,HIGH,Last surprise: +13.7%; Earnings conf adj: +1,3.12,-1.0,1.0,8,2026-08-04,13.7,1
2026-07-27T13:42:52,2026-07-27,TTMI,HOLD,0,VWAP Trend,HIGH,4,10.09,131.41,12.0,0.0,11.97,0.0,0.0,2026-07-30,1.77,4.24,57.1,2.94,101.01,-7.87,-9.83,3.0,7,2026-04-08 to 2026-07-24 (75 days),-1.0,36.1,0.8773,172.25,111.0,BULLISH,HIGH,Strong trend (ADX=37),2.14,-1.0,1.0,9,2026-08-05,,0
2026-07-27T13:40:01,2026-07-27,CEG,HOLD,-1,Stochastic Oscillator,LOW,1,9.96,274.35,5.97,290.73,8.96,249.77,0.0,2026-09-30,-0.13,-0.16,0.0,0.0,-8.75,2.17,-21.58,65.0,1,2026-04-08 to 2026-07-24 (75 days),-1.0,60.7,0.4003,263.71,310.07,BEARISH,HIGH,Last surprise: +5.4%; Earnings conf adj: +1,4.68,-1.0,1.0,10,2026-08-06,5.38,1
2026-07-27T13:41:10,2026-07-27,LHX,HOLD,0,Stochastic Oscillator,LOW,0,9.96,300.21,3.8,0.0,5.7,0.0,0.0,2026-10-26,-0.58,-0.84,0.0,0.0,-16.79,29.59,-14.17,91.0,1,2026-04-08 to 2026-07-24 (75 days),-1.0,56.5,0.2722,299.14,314.5,BEARISH,MEDIUM,Earnings in 2d (2026-07-29); Last surprise: +13.2%; Earnings conf adj: -1,6.89,-1.0,1.0,2,2026-07-29,13.23,-1
2026-07-27T13:43:57,2026-07-27,UNG,HOLD,0,MACD Crossover,MEDIUM,2,9.55,10.55,4.55,0.0,6.82,0.0,0.0,2026-08-08,0.98,1.57,50.0,5.46,27.33,42.7,-8.32,12.2,4,2026-04-08 to 2026-07-24 (75 days),-1.0,41.2,0.3449,11.29,12.19,BEARISH,MEDIUM,Strong trend (ADX=30),5.44,-1.0,1.0,-1,,,0
2026-07-27T13:41:15,2026-07-27,MAR,HOLD,0,ADX Trend Following,LOW,1,9.48,374.43,3.3,0.0,4.95,0.0,0.0,2026-08-22,-0.18,-0.26,33.3,0.52,-6.42,-34.86,-10.86,26.7,3,2026-04-08 to 2026-07-24 (75 days),-1.0,51.4,0.235,376.41,331.32,BULLISH,MEDIUM,Last surprise: +6.7%; Earnings conf adj: +1,7.0,-1.0,1.0,7,2026-08-03,6.67,1
2026-07-27T13:41:36,2026-07-27,PEP,HOLD,0,VWAP Trend,LOW,0,9.46,136.64,3.87,0.0,4.22,0.0,0.0,2026-07-30,-1.26,-1.75,54.5,0.52,-13.73,18.52,-5.94,3.1,11,2026-04-08 to 2026-07-24 (75 days),-1.0,44.6,0.3045,141.83,147.55,BEARISH,MEDIUM,Last surprise: -0.5%,6.16,-1.0,1.0,73,2026-10-08,-0.45,0
2026-07-27T13:39:31,2026-07-27,ABNB,HOLD,0,EMA Crossover (9/21),LOW,0,9.37,141.1,4.39,0.0,6.58,0.0,0.0,2026-08-29,-0.33,-0.46,50.0,0.1,-9.19,-36.64,-9.43,33.0,2,2026-04-08 to 2026-07-24 (75 days),-1.0,46.9,0.3161,139.36,131.75,BULLISH,MEDIUM,Last surprise: -13.3%; Earnings conf adj: -1,5.93,-1.0,1.0,10,2026-08-06,-13.33,-1
2026-07-27T13:41:36,2026-07-27,PFE,HOLD,0,Stochastic Oscillator,LOW,0,9.36,24.54,2.82,0.0,4.23,0.0,0.0,2026-10-14,-1.18,-1.56,0.0,0.0,-19.48,8.51,-9.69,79.0,1,2026-04-08 to 2026-07-24 (75 days),-1.0,46.6,0.2216,25.15,25.33,BEARISH,MEDIUM,Last surprise: +4.2%,7.0,-1.0,1.0,8,2026-08-04,4.17,0
2026-07-27T13:42:59,2026-07-27,KNX,HOLD,0,ADX Trend Following,HIGH,4,9.31,72.5,5.97,0.0,16.71,0.0,0.0,2026-09-03,1.85,3.07,100.0,150.9,62.44,-5.05,-11.45,38.5,2,2026-04-08 to 2026-07-24 (75 days),-1.0,42.7,0.342,75.07,59.32,BULLISH,MEDIUM,No special conditions,5.48,-1.0,1.0,86,2026-10-21,,0
2026-07-27T13:43:53,2026-07-27,DOCS,BUY,1,Stochastic Oscillator,HIGH,4,9.19,20.42,8.93,18.6,13.39,23.15,7.21,2026-08-16,2.35,4.48,66.7,253.03,120.1,140.81,-11.97,20.7,3,2026-04-08 to 2026-07-24 (75 days),0.476,41.8,0.4239,20.86,34.72,BEARISH,HIGH,Size: Kelly 10.0% / VolTgt 4.4% / Blend 7.2%,4.42,-1.0,1.0,10,2026-08-06,,0
2026-07-27T13:43:50,2026-07-27,THO,HOLD,0,Composite Multi-Indicator,MEDIUM,2,9.17,76.66,5.76,0.0,8.64,0.0,0.0,2026-10-15,0.41,0.54,100.0,24.97,8.39,16.2,-10.46,80.0,1,2026-04-08 to 2026-07-24 (75 days),-1.0,53.4,0.3693,75.41,91.26,BEARISH,MEDIUM,No special conditions,5.08,-1.0,1.0,58,2026-09-23,,0
2026-07-27T13:41:56,2026-07-27,SYF,HOLD,0,Composite Multi-Indicator,LOW,1,9.11,72.9,6.98,0.0,10.47,0.0,0.0,2026-10-26,-0.32,-0.41,0.0,0.0,-13.77,-19.69,-13.22,91.0,1,2026-04-08 to 2026-07-24 (75 days),-1.0,47.8,0.4321,73.07,73.86,BEARISH,HIGH,Strong trend (ADX=32); Last surprise: +21.6%; Earnings conf adj: +1,4.34,-1.0,1.0,79,2026-10-14,21.6,1
2026-07-27T13:41:39,2026-07-27,PNR,HOLD,0,VWAP Trend,LOW,0,8.86,62.88,11.11,0.0,11.72,0.0,0.0,2026-08-02,-0.49,-0.65,50.0,0.8,-11.83,58.96,-13.93,6.2,10,2026-04-08 to 2026-07-24 (75 days),-1.0,32.4,0.5979,72.23,91.95,BEARISH,HIGH,Strong trend (ADX=50); Earnings in 1d (2026-07-28); Last surprise: +4.3%; Earnings conf adj: -2,3.14,-1.0,1.0,1,2026-07-28,4.27,-2
2026-07-27T13:42:00,2026-07-27,TMUS,HOLD,0,Stochastic Oscillator,LOW,1,8.73,180.09,8.02,0.0,12.03,0.0,0.0,2026-10-26,0.01,0.01,0.0,0.0,-4.07,21.71,-14.98,91.0,1,2026-04-08 to 2026-07-24 (75 days),-1.0,46.1,0.5694,184.56,198.74,BEARISH,HIGH,Strong trend (ADX=32); Last surprise: +15.0%; Earnings conf adj: +1,3.29,-1.0,1.0,87,2026-10-22,15.0,1
2026-07-27T13:41:51,2026-07-27,SNPS,HOLD,0,MACD Crossover,HIGH,5,8.69,373.47,6.35,0.0,18.42,0.0,0.0,2026-09-04,2.68,6.23,100.0,229.93,101.52,128.84,-4.28,39.0,1,2026-04-08 to 2026-07-24 (75 days),-1.0,25.8,0.3745,458.22,451.63,BULLISH,MEDIUM,RSI oversold; Strong trend (ADX=37); Last surprise: +6.0%; Earnings conf adj: +1,5.01,-1.0,1.0,30,2026-08-26,6.01,1
2026-07-27T13:43:25,2026-07-27,AXTA,HOLD,0,ADX Trend Following,MEDIUM,2,8.5,32.76,4.71,0.0,9.42,0.0,0.0,2026-09-07,1.71,2.54,100.0,148.53,59.33,1.66,-9.77,42.0,2,2026-04-08 to 2026-07-24 (75 days),-1.0,50.6,0.3068,32.02,30.62,BULLISH,MEDIUM,Earnings in 1d (2026-07-28); Earnings conf adj: -2,6.11,-1.0,1.0,1,2026-07-28,,-2
2026-07-27T13:40:12,2026-07-27,CRM,HOLD,0,ADX Trend Following,MEDIUM,2,8.46,163.66,9.27,0.0,13.9,0.0,0.0,2026-08-12,0.04,0.07,66.7,0.79,-5.14,15.99,-15.14,16.0,3,2026-04-08 to 2026-07-24 (75 days),-1.0,47.4,0.46,169.99,205.67,BEARISH,HIGH,Last surprise: +24.0%; Earnings conf adj: +1,4.08,-1.0,1.0,37,2026-09-02,23.96,1
2026-07-27T13:39:34,2026-07-27,ADI,HOLD,0,VWAP Trend,LOW,1,8.21,371.86,7.5,0.0,5.16,0.0,0.0,2026-07-29,-0.28,-0.36,54.5,0.91,-10.2,-38.95,-10.37,2.6,11,2026-04-08 to 2026-07-24 (75 days),-1.0,41.5,0.4068,402.99,326.65,BULLISH,HIGH,Last surprise: +6.2%; Earnings conf adj: +1,4.61,-1.0,1.0,23,2026-08-19,6.19,1
2026-07-27T13:43:26,2026-07-27,SFM,HOLD,0,ADX Trend Following,LOW,1,8.19,74.89,9.96,0.0,15.61,0.0,0.0,2026-08-19,0.95,1.56,100.0,71.04,25.25,29.06,-13.3,23.5,2,2026-04-08 to 2026-07-24 (75 days),-1.0,40.4,0.409,82.49,81.13,BULLISH,HIGH,Strong trend (ADX=31); Earnings in 2d (2026-07-29); Earnings conf adj: -2,4.58,-1.0,1.0,2,2026-07-29,,-2
2026-07-27T13:42:39,2026-07-27,SITM,EXIT,-1,52-Week High Momentum,HIGH,5,8.15,554.46,12.0,621.0,26.07,409.91,6.14,2026-08-12,2.29,6.2,100.0,478.83,260.55,42.99,-23.21,16.0,2,2026-04-08 to 2026-07-24 (75 days),-1.0,39.1,0.8276,675.27,452.87,BULLISH,HIGH,Strong trend (ADX=31); Last surprise: +24.1%; Earnings conf adj: +1; Size: Kelly 10.0% / VolTgt 2.3% / Blend 6.1%,2.27,-1.0,1.0,9,2026-08-05,24.14,1
2026-07-27T13:40:39,2026-07-27,FFIV,HOLD,0,MACD Crossover,LOW,0,7.83,392.21,5.02,0.0,10.04,0.0,0.0,2026-08-11,1.95,2.99,50.0,3.28,53.88,-82.22,-6.46,15.5,4,2026-04-08 to 2026-07-24 (75 days),-1.0,43.6,0.3785,398.18,309.47,BULLISH,MEDIUM,Strong trend (ADX=38); EARNINGS TODAY (2026-07-27); Last surprise: +12.7%; Earnings conf adj: -3,4.95,-1.0,1.0,0,2026-07-27,12.72,-3
2026-07-27T13:39:38,2026-07-27,AKAM,HOLD,0,Composite Multi-Indicator,HIGH,4,7.68,115.37,10.54,0.0,16.39,0.0,0.0,2026-08-10,2.74,7.6,100.0,116.1,44.82,46.66,-3.43,14.0,1,2026-04-08 to 2026-07-24 (75 days),-1.0,40.3,0.5562,132.58,104.2,BULLISH,HIGH,Last surprise: +0.6%,3.37,-1.0,1.0,10,2026-08-06,0.63,0
2026-07-27T13:39:38,2026-07-27,ALB,HOLD,0,Multi-Factor Momentum MR,HIGH,5,7.65,114.85,6.76,0.0,6.86,0.0,0.0,2026-08-02,1.71,5.23,100.0,107.26,40.95,118.02,-3.74,6.0,1,2026-04-08 to 2026-07-24 (75 days),-1.0,25.1,0.3559,150.32,151.33,BEARISH,MEDIUM,RSI oversold; Strong trend (ADX=48); Last surprise: +125.2%; Earnings conf adj: +1,5.27,-1.0,1.0,9,2026-08-05,125.19,1
2026-07-27T13:40:46,2026-07-27,GLW,HOLD,0,VWAP Trend,MEDIUM,2,7.37,146.65,12.0,0.0,19.07,0.0,0.0,2026-08-01,1.19,1.92,80.0,3.43,70.8,103.66,-23.89,5.6,5,2026-04-08 to 2026-07-24 (75 days),-1.0,36.4,1.0232,188.3,133.77,BULLISH,HIGH,Strong trend (ADX=30); Earnings in 1d (2026-07-28); Last surprise: +1.4%; Earnings conf adj: -2,1.83,-1.0,1.0,1,2026-07-28,1.45,-2
2026-07-27T13:42:56,2026-07-27,PEN,HOLD,0,Multi-Factor Momentum MR,LOW,0,7.37,318.73,1.5,0.0,1.32,0.0,0.0,2026-08-03,-2.22,-2.42,0.0,0.0,-3.1,9.04,-0.95,7.0,1,2026-04-08 to 2026-07-24 (75 days),-1.0,51.8,0.0634,319.5,314.04,BULLISH,LOW,Earnings in 1d (2026-07-28); Earnings conf adj: -2,7.0,-1.0,1.0,1,2026-07-28,,-2
2026-07-27T13:40:09,2026-07-27,COIN,HOLD,0,Momentum (Rate of Change),LOW,0,7.1,158.29,11.09,0.0,16.63,0.0,0.0,2026-08-20,-1.26,-1.76,50.0,0.03,-50.13,-21.06,-20.78,24.0,2,2026-04-08 to 2026-07-24 (75 days),-1.0,46.8,0.6581,168.09,217.73,BEARISH,HIGH,Earnings in 3d (2026-07-30); Last surprise: -3825.0%; Earnings conf adj: -3,2.85,-1.0,1.0,3,2026-07-30,-3825.0,-3
2026-07-27T13:43:08,2026-07-27,HL,HOLD,0,Stochastic Oscillator,LOW,0,7.1,15.14,11.0,0.0,16.5,0.0,0.0,2026-10-26,-0.9,-1.23,0.0,0.0,-52.45,5.57,-33.24,91.0,1,2026-04-08 to 2026-07-24 (75 days),-1.0,46.7,0.5271,16.09,18.26,BEARISH,HIGH,No special conditions,3.56,-1.0,1.0,8,2026-08-04,,0
2026-07-27T13:42:39,2026-07-27,BWXT,HOLD,0,VWAP Trend,LOW,1,7.07,174.52,5.83,0.0,4.13,0.0,0.0,2026-07-28,-1.39,-1.74,33.3,0.5,-20.18,41.6,-9.52,1.8,9,2026-04-08 to 2026-07-24 (75 days),-1.0,38.9,0.3906,191.87,197.73,BEARISH,MEDIUM,Strong trend (ADX=54); Last surprise: +20.4%; Earnings conf adj: +1,4.8,-1.0,1.0,7,2026-08-03,20.43,1
2026-07-27T13:41:46,2026-07-27,RL,HOLD,1,PEAD Earnings Drift,LOW,1,7.0,373.58,5.32,353.71,10.64,413.33,0.0,2026-09-23,-0.11,-0.15,0.0,0.0,-6.15,-5.33,-10.71,58.0,1,2026-04-08 to 2026-07-24 (75 days),-1.0,44.5,0.3661,379.27,357.49,BULLISH,MEDIUM,Strong trend (ADX=33); Last surprise: +10.2%; Earnings conf adj: +1,5.12,-1.0,1.0,10,2026-08-06,10.24,1
2026-07-27T13:42:04,2026-07-27,TSN,HOLD,0,PEAD Earnings Drift,LOW,1,6.81,57.45,2.14,0.0,3.21,0.0,0.0,2026-10-13,-2.42,-2.93,0.0,0.0,-42.66,-11.49,-18.21,78.0,1,2026-04-08 to 2026-07-24 (75 days),-1.0,45.5,0.1623,59.31,59.03,BULLISH,LOW,Last surprise: +11.5%; Earnings conf adj: +1,7.0,-1.0,1.0,7,2026-08-03,11.54,1
2026-07-27T13:42:23,2026-07-27,ZTS,HOLD,0,Stochastic Oscillator,LOW,0,6.81,75.35,4.22,0.0,6.33,0.0,0.0,2026-08-28,-2.5,-2.63,50.0,0.04,-72.93,5.61,-37.16,32.5,2,2026-04-08 to 2026-07-24 (75 days),-1.0,46.6,0.2754,76.6,110.74,BEARISH,MEDIUM,Last surprise: -5.6%; Earnings conf adj: -1,6.81,-1.0,1.0,10,2026-08-06,-5.56,-1
2026-07-27T13:43:52,2026-07-27,BHF,HOLD,0,EMA Crossover (9/21),MEDIUM,2,6.68,63.22,1.86,0.0,4.65,0.0,0.0,2026-09-14,0.27,0.37,100.0,8.25,2.14,-10.68,-5.84,49.0,2,2026-04-08 to 2026-07-24 (75 days),-1.0,42.8,0.1427,63.44,61.58,BULLISH,LOW,Strong trend (ADX=38),10.0,-1.0,1.0,10,2026-08-06,,0
2026-07-27T13:43:06,2026-07-27,MOH,HOLD,0,EMA Crossover (9/21),HIGH,4,6.49,198.26,11.51,0.0,25.31,0.0,0.0,2026-09-17,2.28,4.19,100.0,322.13,171.97,-17.88,-18.66,52.0,2,2026-04-09 to 2026-07-27 (75 days),-1.0,36.1,0.4457,205.45,172.67,BULLISH,HIGH,Price at statistical extreme; Strong trend (ADX=43),4.21,-1.0,1.0,86,2026-10-21,,0
2026-07-27T13:42:15,2026-07-27,WBD,HOLD,0,Stochastic Oscillator,LOW,0,6.15,25.77,3.5,0.0,5.25,0.0,0.0,2026-08-18,0.27,0.42,33.3,2.0,2.59,22.93,-4.45,22.7,3,2026-04-08 to 2026-07-24 (75 days),-1.0,38.4,0.2166,26.75,26.27,BULLISH,MEDIUM,High volume; Last surprise: -1070.0%; Earnings conf adj: -1,7.0,-1.0,1.0,10,2026-08-06,-1070.0,-1
2026-07-27T13:40:47,2026-07-27,GNRC,HOLD,0,ADX Trend Following,MEDIUM,3,6.04,202.01,10.23,0.0,25.58,0.0,0.0,2026-09-28,2.27,4.45,100.0,344.88,172.23,173.77,-16.19,63.0,1,2026-04-08 to 2026-07-24 (75 days),-1.0,29.5,0.5323,256.38,203.94,BULLISH,HIGH,RSI oversold; Strong trend (ADX=60); Earnings in 2d (2026-07-29); Last surprise: +35.3%; Earnings conf adj: -1,3.52,-1.0,1.0,2,2026-07-29,35.34,-1
2026-07-27T13:43:41,2026-07-27,UFPI,HOLD,0,Composite Multi-Indicator,LOW,0,5.68,87.94,4.8,0.0,7.2,0.0,0.0,2026-10-20,-0.0,-0.0,0.0,0.0,-4.98,16.6,-11.62,85.0,1,2026-04-08 to 2026-07-24 (75 days),-1.0,55.2,0.3155,84.28,92.01,BEARISH,MEDIUM,Earnings in 2d (2026-07-29); Earnings conf adj: -2,5.94,-1.0,1.0,2,2026-07-29,,-2
2026-07-27T13:43:24,2026-07-27,FLR,HOLD,0,SMA Crossover (10/50),LOW,0,5.49,52.19,6.56,0.0,9.84,0.0,0.0,2026-09-05,-0.48,-0.6,50.0,0.39,-28.34,-51.02,-25.87,40.0,2,2026-04-08 to 2026-07-24 (75 days),-1.0,55.2,0.4143,49.43,46.97,BULLISH,HIGH,No special conditions,4.53,-1.0,1.0,11,2026-08-07,,0
2026-07-27T13:41:55,2026-07-27,STZ,HOLD,0,Multi-Factor Momentum MR,HIGH,5,5.33,130.16,4.3,0.0,2.65,0.0,0.0,2026-07-28,1.72,38.05,100.0,31.16,10.26,47.53,-0.2,1.0,1,2026-04-08 to 2026-07-24 (75 days),-1.0,40.7,0.3363,139.39,144.46,BEARISH,MEDIUM,Last surprise: +7.2%; Earnings conf adj: +1,5.58,-1.0,1.0,70,2026-10-05,7.19,1
2026-07-27T13:43:27,2026-07-27,CELH,BUY,1,VWAP Trend,MEDIUM,2,5.31,27.12,9.9,24.44,14.12,30.95,5.04,2026-08-06,0.8,1.22,42.9,1.93,28.8,90.76,-16.59,10.7,7,2026-04-08 to 2026-07-24 (75 days),0.548,36.6,0.5482,29.7,41.74,BEARISH,HIGH,Strong trend (ADX=31); Size: Kelly 6.7% / VolTgt 3.4% / Blend 5.0%,3.42,-1.0,1.0,14,2026-08-10,,0
2026-07-27T13:41:13,2026-07-27,LRCX,HOLD,0,VWAP Trend,LOW,0,5.23,305.21,12.0,0.0,12.36,0.0,0.0,2026-07-30,0.76,1.17,50.0,1.48,28.37,-79.15,-16.82,3.5,8,2026-04-08 to 2026-07-24 (75 days),-1.0,41.2,0.8392,338.34,237.22,BULLISH,HIGH,Earnings in 2d (2026-07-29); Last surprise: +8.1%; Earnings conf adj: -2,2.23,-1.0,1.0,2,2026-07-29,8.09,-2
2026-07-27T13:43:39,2026-07-27,ESAB,HOLD,0,MACD Crossover,LOW,0,5.05,84.44,9.92,0.0,14.88,0.0,0.0,2026-08-08,-1.51,-2.11,33.3,0.03,-37.17,11.69,-16.51,12.3,3,2026-04-08 to 2026-07-24 (75 days),-1.0,41.8,0.5658,91.46,106.91,BEARISH,HIGH,No special conditions,3.31,-1.0,1.0,10,2026-08-06,,0
2026-07-27T13:40:59,2026-07-27,INTC,EXIT,-1,52-Week High Momentum,HIGH,5,4.74,92.32,12.0,103.4,24.64,69.57,6.17,2026-08-11,2.57,6.08,66.7,8.72,395.61,34.91,-23.63,15.3,3,2026-04-08 to 2026-07-24 (75 days),-1.0,37.1,0.8001,115.27,65.76,BULLISH,HIGH,High volume; Strong trend (ADX=30); Last surprise: +90.9%; Earnings conf adj: +1; Size: Kelly 10.0% / VolTgt 2.3% / Blend 6.2%,2.34,-1.0,1.0,87,2026-10-22,90.91,1
2026-07-27T13:40:10,2026-07-27,CPRT,HOLD,0,ADX Trend Following,LOW,0,4.62,27.94,5.77,0.0,8.65,0.0,0.0,2026-08-14,-1.88,-2.44,50.0,0.13,-34.71,9.54,-16.63,18.8,4,2026-04-08 to 2026-07-24 (75 days),-1.0,44.0,0.4276,30.25,36.23,BEARISH,HIGH,Last surprise: +4.9%,4.39,-1.0,1.0,38,2026-09-03,4.88,0
2026-07-27T13:42:54,2026-07-27,GLPI,HOLD,0,VWAP Trend,LOW,0,4.48,45.17,2.88,0.0,3.24,0.0,0.0,2026-07-30,-0.61,-0.81,50.0,0.86,-6.92,-5.5,-6.64,3.1,8,2026-04-08 to 2026-07-24 (75 days),-1.0,53.5,0.234,45.41,44.43,BULLISH,MEDIUM,Earnings in 3d (2026-07-30); Earnings conf adj: -2,7.0,-1.0,1.0,3,2026-07-30,,-2
2026-07-27T13:42:13,2026-07-27,VST,HOLD,0,Stochastic Oscillator,MEDIUM,3,3.58,163.38,6.12,0.0,9.18,0.0,0.0,2026-08-09,2.23,6.67,100.0,146.48,54.93,37.04,-3.85,13.0,1,2026-04-08 to 2026-07-24 (75 days),-1.0,55.1,0.3762,155.05,164.78,BEARISH,MEDIUM,Last surprise: -10.0%; Earnings conf adj: -1,4.98,-1.0,1.0,11,2026-08-07,-10.0,-1
2026-07-27T13:41:55,2026-07-27,SWKS,HOLD,0,Momentum (Rate of Change),MEDIUM,3,3.49,60.21,8.39,0.0,16.78,0.0,0.0,2026-09-20,1.79,2.93,100.0,279.84,119.22,91.63,-13.22,55.0,1,2026-04-08 to 2026-07-24 (75 days),-1.0,42.2,0.4231,69.09,63.88,BULLISH,HIGH,Earnings in 1d (2026-07-28); Last surprise: +10.6%; Earnings conf adj: -1,4.43,-1.0,1.0,1,2026-07-28,10.58,-1
2026-07-27T13:40:29,2026-07-27,ELV,HOLD,0,Stochastic Oscillator,MEDIUM,2,3.45,377.68,8.18,0.0,12.27,0.0,0.0,2026-08-07,0.35,0.7,50.0,1.83,5.05,-76.63,-4.29,11.5,2,2026-04-08 to 2026-07-24 (75 days),-1.0,41.9,0.5156,397.87,347.98,BULLISH,HIGH,Last surprise: +20.0%; Earnings conf adj: +1,3.64,-1.0,1.0,86,2026-10-21,19.97,1
2026-07-27T13:39:46,2026-07-27,APP,BUY,1,Stochastic Oscillator,MEDIUM,2,3.34,391.98,12.0,344.94,18.0,462.54,6.22,2026-08-07,0.5,0.82,66.7,1.57,12.8,12.12,-15.89,11.3,3,2026-04-08 to 2026-07-24 (75 days),0.357,31.4,0.7731,498.2,525.24,BEARISH,HIGH,Strong trend (ADX=43); Last surprise: +3.3%; Size: Kelly 10.0% / VolTgt 2.4% / Blend 6.2%,2.43,-1.0,1.0,9,2026-08-05,3.3,0
2026-07-27T13:43:51,2026-07-27,WING,HOLD,0,ADX Trend Following,LOW,0,3.26,135.2,12.0,0.0,9.67,0.0,0.0,2026-08-04,-0.49,-0.7,50.0,0.75,-18.76,33.61,-19.29,8.0,4,2026-04-08 to 2026-07-24 (75 days),-1.0,35.5,0.434,149.5,208.53,BEARISH,HIGH,Strong trend (ADX=32); Earnings in 2d (2026-07-29); Earnings conf adj: -2,4.32,-1.0,1.0,2,2026-07-29,,-2
2026-07-27T13:40:47,2026-07-27,GOOGL,HOLD,0,SMA Crossover (10/50),HIGH,5,3.15,319.74,7.24,0.0,21.72,0.0,0.0,2026-09-27,1.4,2.82,100.0,106.83,40.77,37.94,-11.43,62.0,1,2026-04-08 to 2026-07-24 (75 days),-1.0,32.5,0.4164,364.63,323.59,BULLISH,HIGH,Price at statistical extreme; Last surprise: +214.1%; Earnings conf adj: +1,4.5,-1.0,1.0,-5,2026-07-22,214.14,1
2026-07-27T13:42:26,2026-07-27,UTHR,HOLD,1,ADX Trend Following,LOW,0,3.04,528.47,3.8,508.39,5.7,558.59,0.0,2026-08-08,-0.82,-1.21,66.7,0.16,-9.18,18.69,-6.57,12.0,3,2026-04-08 to 2026-07-24 (75 days),-1.0,42.2,0.2148,549.14,512.45,BULLISH,MEDIUM,Last surprise: -15.2%; Earnings conf adj: -1,7.0,-1.0,1.0,9,2026-08-05,-15.16,-1
2026-07-27T13:41:01,2026-07-27,ISRG,HOLD,0,ADX Trend Following,LOW,1,2.96,337.5,10.33,0.0,15.5,0.0,0.0,2026-08-06,-0.6,-0.82,33.3,0.6,-21.46,44.29,-16.45,10.2,6,2026-04-08 to 2026-07-24 (75 days),-1.0,31.7,0.6627,407.09,483.98,BEARISH,HIGH,Strong trend (ADX=41); Last surprise: +12.0%; Earnings conf adj: +1,2.83,-1.0,1.0,85,2026-10-20,12.0,1
2026-07-27T13:43:14,2026-07-27,BRKR,HOLD,0,Composite Multi-Indicator,HIGH,4,2.88,60.45,9.61,0.0,28.83,0.0,0.0,2026-09-28,3.64,8.54,100.0,666.94,465.17,88.56,-13.51,63.0,1,2026-04-08 to 2026-07-24 (75 days),-1.0,55.2,0.4891,55.62,45.02,BULLISH,HIGH,No special conditions,3.83,-1.0,1.0,8,2026-08-04,,0
2026-07-27T13:41:33,2026-07-27,ORCL,HOLD,0,EMA Crossover (9/21),HIGH,4,2.71,114.99,11.76,0.0,17.64,0.0,0.0,2026-09-27,0.92,1.45,100.0,108.06,41.29,93.31,-25.81,62.0,1,2026-04-08 to 2026-07-24 (75 days),-1.0,27.5,0.4945,171.05,186.14,BEARISH,HIGH,RSI oversold; Strong trend (ADX=56); Last surprise: +7.7%; Earnings conf adj: +1,3.79,-1.0,1.0,44,2026-09-09,7.65,1
2026-07-27T13:41:18,2026-07-27,MGM,HOLD,0,Composite Multi-Indicator,MEDIUM,2,2.67,45.54,3.16,0.0,6.32,0.0,0.0,2026-09-26,1.9,4.81,100.0,226.79,99.75,-1.23,-8.13,61.0,1,2026-04-08 to 2026-07-24 (75 days),-1.0,45.2,0.245,45.18,37.87,BULLISH,MEDIUM,Earnings in 2d (2026-07-29); Last surprise: +2.1%; Earnings conf adj: -2,7.65,-1.0,1.0,2,2026-07-29,2.08,-2
2026-07-27T13:42:38,2026-07-27,ULS,HOLD,0,Multi-Factor Momentum MR,HIGH,5,2.37,85.46,4.15,0.0,12.45,0.0,0.0,2026-08-18,1.14,2.0,100.0,48.89,16.84,15.42,-9.0,22.0,1,2026-04-08 to 2026-07-24 (75 days),-1.0,36.8,0.3918,94.64,84.94,BULLISH,MEDIUM,Last surprise: +22.0%; Earnings conf adj: +1,4.79,-1.0,1.0,8,2026-08-04,21.95,1
2026-07-27T13:43:46,2026-07-27,SYNA,HOLD,0,EMA Crossover (9/21),HIGH,4,2.32,113.0,12.0,0.0,36.0,0.0,0.0,2026-10-09,2.2,3.97,100.0,479.02,277.42,-9.66,-20.54,74.0,1,2026-04-08 to 2026-07-24 (75 days),-1.0,41.6,0.6099,129.21,91.09,BULLISH,HIGH,No special conditions,3.07,-1.0,1.0,10,2026-08-06,,0
2026-07-27T13:43:10,2026-07-27,VICR,HOLD,0,EMA Crossover (9/21),HIGH,4,2.29,211.01,12.0,0.0,42.0,0.0,0.0,2026-10-21,1.63,2.68,100.0,412.17,222.51,150.66,-32.24,86.0,1,2026-04-08 to 2026-07-24 (75 days),-1.0,36.1,1.1802,291.89,182.96,BULLISH,HIGH,Strong trend (ADX=39),1.59,-1.0,1.0,85,2026-10-20,,0
2026-07-27T13:40:13,2026-07-27,CSCO,EXIT,-1,52-Week High Momentum,HIGH,4,2.23,114.17,4.75,119.59,14.25,97.9,7.4,2026-09-27,3.08,6.63,100.0,384.97,188.78,-2.74,-9.75,62.0,1,2026-04-08 to 2026-07-24 (75 days),-1.0,49.4,0.3908,117.31,87.71,BULLISH,MEDIUM,Last surprise: +1.9%; Size: Kelly 10.0% / VolTgt 4.8% / Blend 7.4%,4.8,-1.0,1.0,16,2026-08-12,1.92,0
2026-07-27T13:40:32,2026-07-27,ETN,HOLD,0,ADX Trend Following,MEDIUM,3,2.11,404.07,7.66,0.0,14.18,0.0,0.0,2026-08-14,0.73,1.02,75.0,7.61,21.93,3.53,-9.2,18.0,4,2026-04-08 to 2026-07-24 (75 days),-1.0,49.1,0.4245,403.82,372.47,BULLISH,HIGH,Earnings in 4d (2026-07-31); Last surprise: +2.9%,4.42,-1.0,1.0,4,2026-07-31,2.93,0
2026-07-27T13:42:50,2026-07-27,WMG,HOLD,0,EMA Crossover (9/21),HIGH,4,2.08,26.55,5.06,0.0,17.71,0.0,0.0,2026-09-21,0.97,1.63,100.0,71.73,26.15,36.09,-14.87,56.0,1,2026-04-08 to 2026-07-24 (75 days),-1.0,36.6,0.3413,29.55,29.1,BULLISH,MEDIUM,Strong trend (ADX=41); Last surprise: +48.3%; Earnings conf adj: +1,5.49,-1.0,1.0,10,2026-08-06,48.28,1
2026-07-27T13:39:50,2026-07-27,BA,HOLD,0,ADX Trend Following,LOW,1,1.94,209.52,4.1,0.0,6.26,0.0,0.0,2026-08-03,0.61,1.12,66.7,4.07,8.39,20.75,-7.08,7.3,3,2026-04-08 to 2026-07-24 (75 days),-1.0,41.3,0.294,219.74,218.4,BULLISH,MEDIUM,Strong trend (ADX=31); Earnings in 1d (2026-07-28); Last surprise: +70.1%; Earnings conf adj: -2,6.38,-1.0,1.0,1,2026-07-28,70.15,-2
2026-07-27T13:42:00,2026-07-27,TKO,HOLD,0,EMA Crossover (9/21),LOW,1,1.5,180.62,3.95,0.0,5.93,0.0,0.0,2026-09-14,0.19,0.29,100.0,5.55,1.56,26.23,-10.92,49.0,1,2026-04-08 to 2026-07-24 (75 days),-1.0,36.8,0.3565,194.99,195.67,BEARISH,MEDIUM,Strong trend (ADX=39); Last surprise: -32.9%; Earnings conf adj: -1,5.26,-1.0,1.0,7,2026-08-03,-32.94,-1
2026-07-27T13:43:01,2026-07-27,SAIA,HOLD,0,Momentum (Rate of Change),LOW,1,1.07,423.68,5.15,0.0,10.3,0.0,0.0,2026-10-05,0.8,1.23,100.0,82.28,27.36,6.05,-12.58,70.0,1,2026-04-08 to 2026-07-24 (75 days),-1.0,45.1,0.285,445.82,374.28,BULLISH,MEDIUM,Strong trend (ADX=40); Earnings in 3d (2026-07-30); Earnings conf adj: -2,6.58,-1.0,1.0,3,2026-07-30,,-2
2026-07-27T13:42:16,2026-07-27,WDC,BUY,1,PEAD Earnings Drift,HIGH,5,0.98,519.8,12.0,457.42,36.0,706.93,5.82,2026-09-15,1.65,2.47,100.0,337.13,183.75,-146.29,-37.44,50.0,2,2026-04-08 to 2026-07-24 (75 days),0.183,45.6,1.1335,558.82,322.18,BULLISH,HIGH,Last surprise: +13.8%; Earnings conf adj: +1; Size: Kelly 10.0% / VolTgt 1.6% / Blend 5.8%,1.65,-1.0,1.0,9,2026-08-05,13.81,1
2026-07-27T13:43:53,2026-07-27,COLM,HOLD,0,Composite Multi-Indicator,LOW,0,0.11,62.32,5.01,0.0,7.51,0.0,0.0,2026-10-22,0.4,0.57,100.0,24.39,8.18,-22.64,-9.44,87.0,1,2026-04-08 to 2026-07-24 (75 days),-1.0,46.6,0.3205,63.55,57.71,BULLISH,MEDIUM,Earnings in 3d (2026-07-30); Earnings conf adj: -2,5.85,-1.0,1.0,3,2026-07-30,,-2
2026-07-27T13:40:52,2026-07-27,HONA,ERROR,0,N/A,N/A,0,0.0,0.0,0.0,0.0,0.0,0.0,0.0,2026-07-27,0.0,0.0,0.0,0.0,0.0,0.0,0.0,0.0,0,N/A,-1.0,0.0,0.0,0.0,0.0,N/A,N/A,All strategies failed for HONA,-1.0,-1.0,1.0,-1,,,0
2026-07-27T13:42:48,2026-07-27,DOCN,HOLD,0,Momentum (Rate of Change),HIGH,5,-0.06,123.54,12.0,0.0,36.0,0.0,0.0,2026-10-05,1.42,3.35,100.0,326.64,160.73,-40.35,-28.22,70.0,1,2026-04-08 to 2026-07-24 (75 days),-1.0,42.0,0.9882,151.48,85.56,BULLISH,HIGH,Last surprise: +69.2%; Earnings conf adj: +1,1.9,-1.0,1.0,8,2026-08-04,69.23,1
2026-07-27T13:43:16,2026-07-27,ALGM,HOLD,0,EMA Crossover (9/21),MEDIUM,2,-0.1,46.03,12.0,0.0,24.0,0.0,0.0,2026-11-01,1.61,2.45,100.0,350.43,176.94,43.14,-28.21,97.0,1,2026-04-08 to 2026-07-24 (75 days),-1.0,41.9,1.1051,51.32,37.65,BULLISH,HIGH,Earnings in 3d (2026-07-30); Earnings conf adj: -2,1.7,-1.0,1.0,3,2026-07-30,,-2
2026-07-27T13:40:15,2026-07-27,CVNA,HOLD,1,Stochastic Oscillator,LOW,1,-0.32,60.46,12.0,53.2,18.0,71.34,0.0,2026-09-28,0.17,0.24,100.0,1.53,-3.19,28.99,-15.16,63.0,1,2026-04-08 to 2026-07-24 (75 days),-1.0,39.0,0.5693,67.02,72.47,BEARISH,HIGH,Earnings in 2d (2026-07-29); Last surprise: +13.3%; Earnings conf adj: -1,3.29,-1.0,1.0,2,2026-07-29,13.33,-1
2026-07-27T13:40:58,2026-07-27,IFF,HOLD,0,Momentum (Rate of Change),LOW,1,-0.32,75.94,4.85,0.0,7.27,0.0,0.0,2026-08-19,-0.28,-0.4,50.0,0.52,-8.17,-20.55,-11.18,23.5,2,2026-04-08 to 2026-07-24 (75 days),-1.0,47.7,0.3701,76.17,70.92,BULLISH,MEDIUM,Last surprise: +16.8%; Earnings conf adj: +1,5.07,-1.0,1.0,8,2026-08-04,16.82,1
2026-07-27T13:43:28,2026-07-27,IDCC,HOLD,0,Composite Multi-Indicator,LOW,0,-0.6,258.3,5.45,0.0,8.18,0.0,0.0,2026-09-21,0.45,0.73,100.0,26.24,8.84,71.18,-13.81,56.0,1,2026-04-08 to 2026-07-24 (75 days),-1.0,40.9,0.2456,267.96,323.25,BEARISH,MEDIUM,Strong trend (ADX=32); Earnings in 3d (2026-07-30); Earnings conf adj: -2,7.0,-1.0,1.0,3,2026-07-30,,-2
2026-07-27T13:39:47,2026-07-27,AVGO,HOLD,0,SMA Crossover (10/50),MEDIUM,2,-1.24,381.92,8.04,0.0,16.08,0.0,0.0,2026-09-29,0.45,0.59,100.0,30.83,10.52,-23.99,-22.73,64.0,1,2026-04-08 to 2026-07-24 (75 days),-1.0,47.9,0.4436,399.01,363.83,BULLISH,HIGH,Last surprise: +1.7%,4.23,-1.0,1.0,38,2026-09-03,1.67,0
2026-07-27T13:39:45,2026-07-27,APTV,HOLD,0,Momentum (Rate of Change),MEDIUM,3,-1.48,56.55,4.82,0.0,7.23,0.0,0.0,2026-08-18,0.3,0.46,100.0,27.76,4.65,26.21,-18.16,22.0,1,2026-04-08 to 2026-07-24 (75 days),-1.0,39.6,0.3151,61.49,71.39,BEARISH,MEDIUM,Strong trend (ADX=33); Last surprise: +8.2%; Earnings conf adj: +1,5.95,-1.0,1.0,8,2026-08-04,8.23,1
2026-07-27T13:41:43,2026-07-27,PTC,HOLD,0,ADX Trend Following,LOW,0,-1.84,118.52,7.41,0.0,10.71,0.0,0.0,2026-08-05,0.25,0.4,66.7,1.26,3.12,51.98,-11.41,9.0,3,2026-04-08 to 2026-07-24 (75 days),-1.0,44.5,0.4535,128.03,155.85,BEARISH,HIGH,Earnings in 2d (2026-07-29); Last surprise: +28.1%; Earnings conf adj: -1,4.13,-1.0,1.0,2,2026-07-29,28.1,-1
2026-07-27T13:40:44,2026-07-27,GEHC,HOLD,0,Stochastic Oscillator,LOW,0,-1.93,60.58,4.99,0.0,7.49,0.0,0.0,2026-08-08,1.05,1.82,50.0,50.61,14.33,63.15,-4.27,12.5,2,2026-04-08 to 2026-07-24 (75 days),-1.0,39.7,0.3384,63.51,73.21,BEARISH,MEDIUM,High volume; Price at statistical extreme; Earnings in 2d (2026-07-29); Last surprise: -5.7%; Earnings conf adj: -3,5.54,-1.0,1.0,2,2026-07-29,-5.71,-3
2026-07-27T13:42:52,2026-07-27,EVR,HOLD,0,Donchian Breakout (20/55),LOW,0,-1.94,339.63,5.21,0.0,7.81,0.0,0.0,2026-11-10,0.31,0.46,100.0,15.55,5.04,-10.91,-12.71,106.0,1,2026-04-08 to 2026-07-24 (75 days),-1.0,48.1,0.3627,345.31,329.93,BULLISH,MEDIUM,Earnings in 2d (2026-07-29); Earnings conf adj: -2,5.17,-1.0,1.0,2,2026-07-29,,-2
2026-07-27T13:42:20,2026-07-27,WYNN,BUY,1,VWAP Trend,LOW,1,-2.57,96.92,3.54,93.49,3.74,100.54,3.5,2026-07-31,0.5,0.88,33.3,1.45,7.94,31.72,-6.18,4.8,9,2026-04-08 to 2026-07-24 (75 days),0.123,45.9,0.2166,99.97,110.19,BEARISH,MEDIUM,Last surprise: +5.9%; Earnings conf adj: +1; Size: Kelly 0.0% / VolTgt 7.0% / Blend 3.5%,7.0,-1.0,1.0,8,2026-08-04,5.93,1
2026-07-27T13:40:21,2026-07-27,DIS,HOLD,1,VWAP Trend,LOW,0,-3.78,94.85,3.33,91.69,5.0,99.59,0.0,2026-08-05,0.19,0.35,40.0,1.28,1.92,13.76,-7.37,9.6,5,2026-04-08 to 2026-07-24 (75 days),-1.0,42.7,0.2688,99.31,104.13,BEARISH,MEDIUM,Last surprise: +4.7%,6.97,-1.0,1.0,9,2026-08-05,4.67,0
2026-07-27T13:39:54,2026-07-27,BLDR,HOLD,0,Momentum (Rate of Change),LOW,0,-4.1,72.86,9.9,0.0,14.85,0.0,0.0,2026-08-24,-1.28,-1.93,50.0,0.05,-46.86,-10.79,-22.19,28.0,2,2026-04-08 to 2026-07-24 (75 days),-1.0,43.6,0.46,76.64,97.18,BEARISH,HIGH,Strong trend (ADX=32); Earnings in 3d (2026-07-30); Last surprise: -27.0%; Earnings conf adj: -3,4.08,-1.0,1.0,3,2026-07-30,-27.03,-3
2026-07-27T13:41:13,2026-07-27,LOW,HOLD,0,Stochastic Oscillator,LOW,0,-4.65,207.64,4.05,0.0,6.07,0.0,0.0,2026-10-14,-1.46,-2.02,0.0,0.0,-32.55,7.25,-13.29,79.0,1,2026-04-08 to 2026-07-24 (75 days),-1.0,45.6,0.2943,213.92,237.18,BEARISH,MEDIUM,Last surprise: +2.0%,6.37,-1.0,1.0,23,2026-08-19,2.02,0
2026-07-27T13:40:04,2026-07-27,CIEN,HOLD,0,VWAP Trend,MEDIUM,2,-4.93,390.96,12.0,0.0,9.64,0.0,0.0,2026-07-30,-0.68,-0.84,57.1,0.69,-30.72,24.2,-30.68,3.0,7,2026-04-08 to 2026-07-24 (75 days),-1.0,39.7,0.7071,483.17,346.2,BULLISH,HIGH,Last surprise: +12.3%; Earnings conf adj: +1,2.65,-1.0,1.0,44,2026-09-09,12.33,1
2026-07-27T13:43:13,2026-07-27,WLK,HOLD,0,VWAP Trend,LOW,0,-5.19,73.82,4.49,0.0,3.62,0.0,0.0,2026-07-30,-1.72,-2.1,44.4,0.41,-29.44,51.49,-14.47,3.8,9,2026-04-08 to 2026-07-24 (75 days),-1.0,33.5,0.236,81.66,86.74,BEARISH,MEDIUM,No special conditions,7.0,-1.0,1.0,8,2026-08-04,,0
2026-07-27T13:40:01,2026-07-27,CCL,HOLD,0,MACD Crossover,MEDIUM,3,-5.84,26.33,5.59,0.0,8.38,0.0,0.0,2026-08-13,0.99,1.58,50.0,17.06,27.12,44.61,-7.9,17.0,2,2026-04-08 to 2026-07-24 (75 days),-1.0,45.3,0.3459,27.31,27.78,BEARISH,MEDIUM,Last surprise: +20.6%; Earnings conf adj: +1,5.42,-1.0,1.0,63,2026-09-28,20.59,1
2026-07-27T13:40:55,2026-07-27,HSY,HOLD,0,MACD Crossover,LOW,0,-6.22,174.3,3.68,0.0,5.52,0.0,0.0,2026-08-10,-0.39,-0.53,33.3,0.33,-8.67,36.01,-10.45,14.7,3,2026-04-08 to 2026-07-24 (75 days),-1.0,47.8,0.2664,180.76,190.35,BEARISH,MEDIUM,Earnings in 3d (2026-07-30); Last surprise: +14.6%; Earnings conf adj: -1,7.0,-1.0,1.0,3,2026-07-30,14.63,-1
2026-07-27T13:41:23,2026-07-27,MSFT,HOLD,0,ADX Trend Following,LOW,0,-6.52,381.7,4.38,0.0,6.57,0.0,0.0,2026-08-07,-1.88,-2.26,25.0,0.17,-33.86,-41.52,-14.61,11.8,4,2026-04-08 to 2026-07-24 (75 days),-1.0,44.8,0.324,399.07,434.71,BEARISH,MEDIUM,Earnings in 2d (2026-07-29); Last surprise: +4.9%; Earnings conf adj: -2,5.79,-1.0,1.0,2,2026-07-29,4.91,-2
2026-07-27T13:43:23,2026-07-27,MP,HOLD,0,MACD Crossover,MEDIUM,2,-6.83,41.3,12.0,0.0,18.0,0.0,0.0,2026-08-18,0.57,0.85,50.0,1.63,17.31,78.27,-22.17,22.0,2,2026-04-08 to 2026-07-24 (75 days),-1.0,27.1,0.5356,56.46,60.13,BEARISH,HIGH,RSI oversold; Price at statistical extreme; Strong trend (ADX=54),3.5,-1.0,1.0,10,2026-08-06,,0
2026-07-27T13:43:13,2026-07-27,FLS,HOLD,0,Stochastic Oscillator,LOW,0,-6.85,72.4,5.36,0.0,8.04,0.0,0.0,2026-08-20,0.8,1.22,50.0,90.57,20.07,55.86,-10.67,24.5,2,2026-04-08 to 2026-07-24 (75 days),-1.0,52.5,0.3761,72.49,72.82,BEARISH,MEDIUM,Strong trend (ADX=50); Earnings in 2d (2026-07-29); Earnings conf adj: -2,4.99,-1.0,1.0,2,2026-07-29,,-2
2026-07-27T13:42:18,2026-07-27,WMT,HOLD,1,Stochastic Oscillator,LOW,0,-7.04,109.47,3.33,105.82,5.0,114.94,0.0,2026-08-16,-0.12,-0.19,50.0,0.88,-2.38,37.35,-5.7,20.5,2,2026-04-08 to 2026-07-24 (75 days),-1.0,38.2,0.2483,117.67,117.41,BULLISH,MEDIUM,Last surprise: +0.0%,7.0,-1.0,1.0,24,2026-08-20,0.0,0
2026-07-27T13:40:05,2026-07-27,CMCSA,HOLD,0,ADX Trend Following,LOW,1,-7.53,22.3,5.51,0.0,8.27,0.0,0.0,2026-08-05,-0.44,-0.61,50.0,0.85,-5.26,46.3,-8.04,9.0,2,2026-04-08 to 2026-07-24 (75 days),-1.0,39.0,0.3828,23.67,26.45,BEARISH,MEDIUM,Price at statistical extreme; Strong trend (ADX=31); Last surprise: +7.2%; Earnings conf adj: +1,4.9,-1.0,1.0,-4,2026-07-23,7.22,1
2026-07-27T13:41:14,2026-07-27,LVS,HOLD,0,MACD Crossover,LOW,0,-7.68,46.08,3.14,0.0,4.71,0.0,0.0,2026-08-06,-1.68,-2.36,33.3,0.16,-24.43,18.33,-13.88,10.3,3,2026-04-08 to 2026-07-24 (75 days),-1.0,44.7,0.1977,48.41,55.48,BEARISH,LOW,Last surprise: -22.4%; Earnings conf adj: -1,7.0,-1.0,1.0,86,2026-10-21,-22.37,-1
2026-07-27T13:43:56,2026-07-27,TLT,HOLD,1,Stochastic Oscillator,LOW,1,-8.01,83.25,1.5,82.0,2.22,85.1,0.0,2026-08-13,0.19,0.29,50.0,1.6,0.65,10.93,-2.33,17.5,2,2026-04-08 to 2026-07-24 (75 days),-1.0,33.2,0.0674,84.79,85.96,BEARISH,LOW,Strong trend (ADX=34),7.0,-1.0,1.0,-1,,,0
2026-07-27T13:39:52,2026-07-27,BF-B,HOLD,0,Stochastic Oscillator,LOW,1,-8.34,26.08,4.76,0.0,7.14,0.0,0.0,2026-08-19,0.76,1.24,50.0,4.84,15.26,21.98,-10.55,23.0,2,2026-04-08 to 2026-07-24 (75 days),-1.0,49.7,0.3691,26.1,26.82,BEARISH,MEDIUM,Last surprise: -62.5%; Earnings conf adj: -1,5.08,-1.0,1.0,31,2026-08-27,-62.5,-1
2026-07-27T13:43:29,2026-07-27,CRUS,HOLD,0,ADX Trend Following,LOW,0,-8.46,133.61,5.79,0.0,7.36,0.0,0.0,2026-08-02,-1.17,-1.44,50.0,0.07,-18.84,20.61,-8.47,6.5,2,2026-04-08 to 2026-07-24 (75 days),-1.0,31.5,0.3666,156.53,140.71,BULLISH,MEDIUM,Strong trend (ADX=42),5.11,-1.0,1.0,9,2026-08-05,,0
2026-07-27T13:40:27,2026-07-27,ECHO,HOLD,-1,Momentum (Rate of Change),LOW,0,-8.87,87.88,9.53,96.25,14.58,75.07,0.0,2026-08-16,-0.56,-0.75,50.0,0.18,-23.07,44.95,-17.62,20.5,2,2026-04-08 to 2026-07-24 (75 days),-1.0,33.5,0.4091,111.25,105.46,BULLISH,HIGH,Strong trend (ADX=43); Earnings in 3d (2026-07-30); Last surprise: +41.8%; Earnings conf adj: -1,4.58,-1.0,1.0,3,2026-07-30,41.8,-1
2026-07-27T13:41:09,2026-07-27,LEN,HOLD,1,VWAP Trend,LOW,1,-8.9,84.64,4.77,80.6,7.15,90.69,0.0,2026-08-08,-0.19,-0.28,40.0,0.78,-9.0,2.18,-12.29,12.8,5,2026-04-08 to 2026-07-24 (75 days),-1.0,47.4,0.296,87.29,102.74,BEARISH,MEDIUM,Last surprise: +6.5%; Earnings conf adj: +1,6.33,-1.0,1.0,52,2026-09-17,6.5,1
2026-07-27T13:40:19,2026-07-27,DECK,BUY,1,Stochastic Oscillator,MEDIUM,3,-9.17,96.04,6.01,90.27,9.02,104.7,7.4,2026-08-24,0.63,0.97,50.0,2.04,15.77,45.11,-12.0,28.0,2,2026-04-08 to 2026-07-24 (75 days),0.23,35.0,0.3909,105.37,102.13,BULLISH,MEDIUM,High volume; Price at statistical extreme; Last surprise: +6.8%; Earnings conf adj: +1; Size: Kelly 10.0% / VolTgt 4.8% / Blend 7.4%,4.8,-1.0,1.0,87,2026-10-22,6.82,1
2026-07-27T13:42:11,2026-07-27,VICI,HOLD,0,VWAP Trend,LOW,0,-9.22,26.73,2.75,0.0,4.12,0.0,0.0,2026-08-04,0.21,0.35,44.4,1.27,2.13,8.73,-6.13,8.3,9,2026-04-08 to 2026-07-24 (75 days),-1.0,50.0,0.2666,27.08,27.74,BEARISH,MEDIUM,Earnings in 2d (2026-07-29); Last surprise: +15.5%; Earnings conf adj: -1,7.0,-1.0,1.0,2,2026-07-29,15.49,-1
2026-07-27T13:39:42,2026-07-27,AMT,HOLD,0,MACD Crossover,LOW,0,-9.91,166.67,3.16,0.0,4.74,0.0,0.0,2026-08-13,0.0,0.0,50.0,0.98,-1.16,10.39,-7.23,17.5,2,2026-04-08 to 2026-07-24 (75 days),-1.0,44.3,0.3078,175.84,176.18,BEARISH,MEDIUM,Earnings in 1d (2026-07-28); Last surprise: +17.2%; Earnings conf adj: -1,6.09,-1.0,1.0,1,2026-07-28,17.2,-1
2026-07-27T13:43:22,2026-07-27,AVAV,HOLD,0,Stochastic Oscillator,MEDIUM,3,-9.96,149.51,12.0,0.0,18.0,0.0,0.0,2026-08-24,1.2,2.42,50.0,16.31,81.69,134.96,-26.02,28.5,2,2026-04-08 to 2026-07-24 (75 days),-1.0,46.4,1.0284,165.78,242.18,BEARISH,HIGH,No special conditions,1.82,-1.0,1.0,37,2026-09-02,,0
2026-07-27T13:43:44,2026-07-27,DLB,HOLD,1,ADX Trend Following,LOW,0,-11.01,49.86,4.5,47.62,5.71,52.71,0.0,2026-08-03,-1.54,-1.66,50.0,0.4,-32.78,17.03,-15.62,7.2,6,2026-04-08 to 2026-07-24 (75 days),-1.0,44.4,0.2702,52.46,60.84,BEARISH,MEDIUM,Earnings in 3d (2026-07-30); Earnings conf adj: -2,6.94,-1.0,1.0,3,2026-07-30,,-2
2026-07-27T13:42:42,2026-07-27,CDE,HOLD,0,Stochastic Oscillator,MEDIUM,2,-11.12,15.13,12.0,0.0,18.0,0.0,0.0,2026-08-24,0.74,1.18,50.0,5.12,27.86,87.14,-24.64,28.5,2,2026-04-08 to 2026-07-24 (75 days),-1.0,43.9,0.6061,16.89,18.79,BEARISH,HIGH,Last surprise: +0.0%,3.09,-1.0,1.0,9,2026-08-05,0.0,0
2026-07-27T13:42:50,2026-07-27,CSL,HOLD,0,ADX Trend Following,LOW,0,-11.29,336.04,7.4,0.0,11.1,0.0,0.0,2026-08-14,-1.46,-1.91,0.0,0.0,-41.55,-35.08,-15.72,18.3,3,2026-04-08 to 2026-07-24 (75 days),-1.0,46.0,0.4058,345.69,344.24,BULLISH,HIGH,Earnings in 2d (2026-07-29); Last surprise: +8.7%; Earnings conf adj: -2,4.62,-1.0,1.0,2,2026-07-29,8.68,-2
2026-07-27T13:43:39,2026-07-27,ACI,HOLD,0,SMA Crossover (10/50),LOW,0,-11.55,11.03,12.0,0.0,18.0,0.0,0.0,2026-07-28,0.0,0.0,0.0,0.0,0.0,79.36,0.0,0.0,0,2026-04-08 to 2026-07-24 (75 days),-1.0,21.6,0.821,14.94,16.63,BEARISH,HIGH,RSI oversold; High volume; Price at statistical extreme; Strong trend (ADX=36),2.28,-1.0,1.0,78,2026-10-13,,0
2026-07-27T13:43:18,2026-07-27,CNM,HOLD,0,VWAP Trend,LOW,0,-11.59,43.62,4.74,0.0,7.11,0.0,0.0,2026-08-05,-0.92,-1.21,50.0,0.57,-26.34,16.44,-14.32,9.0,8,2026-04-08 to 2026-07-24 (75 days),-1.0,39.5,0.3257,47.34,50.92,BEARISH,MEDIUM,No special conditions,5.76,-1.0,1.0,43,2026-09-08,,0
2026-07-27T13:43:51,2026-07-27,IPGP,HOLD,0,RSI Mean Reversion,LOW,0,-11.64,91.7,12.0,0.0,17.67,0.0,0.0,2026-07-28,0.0,0.0,0.0,0.0,0.0,60.31,0.0,0.0,0,2026-04-08 to 2026-07-24 (75 days),-1.0,36.7,0.7095,109.96,101.94,BULLISH,HIGH,Price at statistical extreme; Strong trend (ADX=34),2.64,-1.0,1.0,8,2026-08-04,,0
2026-07-27T13:41:42,2026-07-27,PSKY,HOLD,0,RSI Mean Reversion,LOW,1,-11.82,8.21,9.4,0.0,10.22,0.0,0.0,2026-07-28,0.0,0.0,0.0,0.0,0.0,60.3,0.0,0.0,0,2026-04-08 to 2026-07-24 (75 days),-1.0,29.4,0.4104,9.87,11.9,BEARISH,HIGH,RSI oversold; Strong trend (ADX=39); Last surprise: +53.3%; Earnings conf adj: +1,4.57,-1.0,1.0,8,2026-08-04,53.33,1
2026-07-27T13:40:13,2026-07-27,CSGP,HOLD,0,SMA Crossover (10/50),LOW,0,-12.27,27.66,10.08,0.0,13.47,0.0,0.0,2026-07-28,0.0,0.0,0.0,0.0,0.0,68.47,0.0,0.0,0,2026-04-08 to 2026-07-24 (75 days),-1.0,40.7,0.5409,31.03,49.99,BEARISH,HIGH,Earnings in 1d (2026-07-28); Last surprise: +27.8%; Earnings conf adj: -1,3.47,-1.0,1.0,1,2026-07-28,27.78,-1
2026-07-27T13:41:46,2026-07-27,ROL,HOLD,0,SMA Crossover (10/50),LOW,0,-12.51,38.56,8.54,0.0,10.95,0.0,0.0,2026-07-28,0.0,0.0,0.0,0.0,0.0,69.24,0.0,0.0,0,2026-04-08 to 2026-07-24 (75 days),-1.0,26.3,0.4398,46.45,55.07,BEARISH,HIGH,RSI oversold; High volume; Price at statistical extreme; Strong trend (ADX=31); Last surprise: -5.9%; Earnings conf adj: -1,4.26,-1.0,1.0,-1,,-5.88,-1
2026-07-27T13:41:48,2026-07-27,SBAC,HOLD,0,Composite Multi-Indicator,LOW,0,-13.02,173.57,4.64,0.0,6.96,0.0,0.0,2026-07-28,0.0,0.0,0.0,0.0,0.0,53.55,0.0,0.0,0,2026-04-08 to 2026-07-24 (75 days),-1.0,34.0,0.2929,192.59,192.82,BEARISH,MEDIUM,Last surprise: +0.0%,6.4,-1.0,1.0,7,2026-08-03,0.0,0
2026-07-27T13:40:03,2026-07-27,CHTR,HOLD,0,RSI Mean Reversion,LOW,1,-13.17,123.31,10.18,0.0,11.76,0.0,0.0,2026-07-28,0.0,0.0,0.0,0.0,0.0,86.42,0.0,0.0,0,2026-04-08 to 2026-07-24 (75 days),-1.0,36.5,0.4724,136.48,195.46,BEARISH,HIGH,High volume; Last surprise: +6.0%; Earnings conf adj: +1,3.97,-1.0,1.0,-3,2026-07-24,5.96,1
2026-07-27T13:43:52,2026-07-27,OLED,HOLD,0,SMA Crossover (10/50),LOW,0,-13.39,79.27,4.46,0.0,6.69,0.0,0.0,2026-07-28,0.0,0.0,0.0,0.0,0.0,41.91,0.0,0.0,0,2026-04-08 to 2026-07-24 (75 days),-1.0,40.3,0.3201,86.48,106.75,BEARISH,MEDIUM,Earnings in 3d (2026-07-30); Earnings conf adj: -2,5.86,-1.0,1.0,3,2026-07-30,,-2
2026-07-27T13:41:08,2026-07-27,KR,HOLD,0,RSI Mean Reversion,LOW,0,-13.64,56.87,4.48,0.0,6.72,0.0,0.0,2026-07-28,0.0,0.0,0.0,0.0,0.0,52.09,0.0,0.0,0,2026-04-08 to 2026-07-24 (75 days),-1.0,42.1,0.3173,61.18,64.95,BEARISH,MEDIUM,Last surprise: -0.6%,5.91,-1.0,1.0,45,2026-09-10,-0.63,0
2026-07-27T13:43:56,2026-07-27,GLD,HOLD,0,SMA Crossover (10/50),LOW,0,-13.81,371.9,2.72,0.0,4.08,0.0,0.0,2026-07-28,0.0,0.0,0.0,0.0,0.0,41.14,0.0,0.0,0,2026-04-08 to 2026-07-24 (75 days),-1.0,44.8,0.2146,390.11,411.8,BEARISH,MEDIUM,No special conditions,7.0,-1.0,1.0,-1,,,0
2026-07-27T13:43:38,2026-07-27,WH,HOLD,0,PEAD Earnings Drift,LOW,0,-14.16,73.53,5.41,0.0,7.74,0.0,0.0,2026-07-28,0.0,0.0,0.0,0.0,0.0,32.82,0.0,0.0,0,2026-04-08 to 2026-07-24 (75 days),-1.0,33.5,0.3108,80.24,78.06,BULLISH,MEDIUM,Strong trend (ADX=35),6.03,-1.0,1.0,86,2026-10-21,,0
2026-07-27T13:40:24,2026-07-27,DRI,HOLD,0,MACD Crossover,LOW,0,-14.18,196.31,4.21,0.0,6.31,0.0,0.0,2026-08-09,-0.76,-1.02,50.0,0.25,-13.57,-20.29,-6.32,13.8,4,2026-04-08 to 2026-07-24 (75 days),-1.0,44.9,0.2643,200.7,193.32,BULLISH,MEDIUM,Last surprise: +0.5%,7.0,-1.0,1.0,59,2026-09-24,0.55,0
2026-07-27T13:39:49,2026-07-27,AZO,HOLD,0,RSI Mean Reversion,LOW,1,-14.46,2957.41,4.61,0.0,6.92,0.0,0.0,2026-07-28,0.0,0.0,0.0,0.0,0.0,41.69,0.0,0.0,0,2026-04-08 to 2026-07-24 (75 days),-1.0,42.5,0.366,3110.73,3506.93,BEARISH,MEDIUM,Last surprise: +5.3%; Earnings conf adj: +1,5.12,-1.0,1.0,57,2026-09-22,5.25,1
2026-07-27T13:41:16,2026-07-27,MCD,HOLD,0,SMA Crossover (10/50),LOW,0,-14.5,264.76,3.14,0.0,4.71,0.0,0.0,2026-07-28,0.0,0.0,0.0,0.0,0.0,38.19,0.0,0.0,0,2026-04-08 to 2026-07-24 (75 days),-1.0,41.5,0.2559,275.12,298.25,BEARISH,MEDIUM,Last surprise: +3.3%,7.0,-1.0,1.0,8,2026-08-04,3.28,0
2026-07-27T13:40:31,2026-07-27,EQT,HOLD,1,EMA Crossover (9/21),LOW,0,-14.62,53.03,4.11,50.85,6.17,56.3,0.0,2026-07-28,0.0,0.0,0.0,0.0,0.0,34.37,0.0,0.0,0,2026-04-08 to 2026-07-24 (75 days),-1.0,56.5,0.3792,53.0,56.24,BEARISH,MEDIUM,Strong trend (ADX=39); Last surprise: -2.5%,4.94,-1.0,1.0,85,2026-10-20,-2.5,0
2026-07-27T13:40:10,2026-07-27,COST,HOLD,0,PEAD Earnings Drift,LOW,0,-14.86,935.03,3.04,0.0,4.56,0.0,0.0,2026-07-28,0.0,0.0,0.0,0.0,0.0,27.77,0.0,0.0,0,2026-04-08 to 2026-07-24 (75 days),-1.0,46.6,0.2444,969.75,955.49,BULLISH,MEDIUM,Last surprise: -0.8%,7.0,-1.0,1.0,59,2026-09-24,-0.8,0
