generated_at,date,ticker,signal,signal_raw,strategy,confidence,confidence_score,composite_score,current_price,stop_loss_pct,stop_loss_price,take_profit_pct,take_profit_price,suggested_position_size_pct,signal_expires,sharpe,sortino,win_rate,profit_factor,annual_return_pct,annual_excess_pct,max_drawdown_pct,avg_holding_days,total_trades,backtest_period,pbo,rsi,vol_20,sma_50,sma_200,trend,volatility,notes,vol_target_size_pct,meta_label_prob,meta_label_size_mult,days_to_earnings,earnings_date,last_surprise_pct,earnings_confidence_adj
2026-10-09T17:21:12,2026-10-09,SANM,HOLD,0,VWAP Trend,HIGH,6,122.38,210.48,10.0,0.0,6.94,0.0,0.0,2026-10-11,4.12,13.44,88.9,22.67,255.45,298.88,-5.07,2.3,9,2026-06-24 to 2026-10-08 (75 days),-1.0,48.3,0.581,204.57,189.96,BULLISH,HIGH,Last surprise: +18.6%; Earnings conf adj: +1,3.23,-1.0,1.0,24,2026-11-02,18.64,1
2026-10-09T17:20:58,2026-10-09,RBC,HOLD,0,VWAP Trend,HIGH,6,105.6,490.99,3.61,0.0,3.42,0.0,0.0,2026-10-11,2.53,5.28,88.9,6.94,39.59,98.81,-2.12,2.8,9,2026-06-24 to 2026-10-08 (75 days),-1.0,41.2,0.2595,515.69,550.24,BEARISH,MEDIUM,Last surprise: +13.1%; Earnings conf adj: +1,7.23,-1.0,1.0,21,2026-10-30,13.12,1
2026-10-09T17:21:14,2026-10-09,VIAV,HOLD,0,VWAP Trend,HIGH,6,104.29,44.09,11.33,0.0,9.09,0.0,0.0,2026-10-11,4.21,11.73,81.8,20.77,382.61,414.76,-8.35,2.6,11,2026-06-24 to 2026-10-08 (75 days),-1.0,58.7,0.7156,39.11,37.36,BULLISH,HIGH,Strong trend (ADX=40); Last surprise: +13.3%; Earnings conf adj: +1,2.62,-1.0,1.0,19,2026-10-28,13.33,1
2026-10-09T17:19:50,2026-10-09,JBHT,HOLD,0,VWAP Trend,HIGH,6,100.99,228.42,5.37,0.0,6.39,0.0,0.0,2026-10-11,1.5,2.14,88.9,3.14,10.61,53.02,-2.71,2.3,9,2026-06-24 to 2026-10-08 (75 days),-1.0,39.4,0.5352,256.34,243.46,BULLISH,HIGH,Strong trend (ADX=41); Last surprise: +9.8%; Earnings conf adj: +1,3.5,-1.0,1.0,6,2026-10-15,9.77,1
2026-10-09T17:20:45,2026-10-09,WST,HOLD,0,VWAP Trend,HIGH,6,96.28,363.27,3.74,0.0,3.33,0.0,0.0,2026-10-11,3.99,12.51,87.5,9.91,54.23,29.18,-1.64,2.8,8,2026-06-24 to 2026-10-08 (75 days),-1.0,50.3,0.2526,354.74,304.08,BULLISH,MEDIUM,Strong trend (ADX=41); Last surprise: +13.9%; Earnings conf adj: +1,7.42,-1.0,1.0,20,2026-10-29,13.94,1
2026-10-09T17:20:22,2026-10-09,RSG,HOLD,0,VWAP Trend,HIGH,5,95.95,216.84,1.88,0.0,3.32,0.0,0.0,2026-10-15,3.05,6.17,100.0,97.0,34.97,27.44,-3.42,6.8,6,2026-06-24 to 2026-10-08 (75 days),-1.0,54.0,0.1616,215.99,213.88,BULLISH,LOW,Strong trend (ADX=32); Last surprise: +1.6%,10.0,-1.0,1.0,20,2026-10-29,1.65,0
2026-10-09T17:20:20,2026-10-09,RL,HOLD,0,VWAP Trend,HIGH,6,93.22,367.39,3.96,0.0,3.38,0.0,0.0,2026-10-11,3.57,12.63,87.5,158.9,50.82,83.17,-1.37,2.8,8,2026-06-24 to 2026-10-08 (75 days),-1.0,59.2,0.2564,361.31,363.34,BEARISH,MEDIUM,Strong trend (ADX=42); Last surprise: +6.2%; Earnings conf adj: +1,7.31,-1.0,1.0,27,2026-11-05,6.25,1
2026-10-09T17:19:20,2026-10-09,DASH,HOLD,0,VWAP Trend,HIGH,5,90.57,191.71,7.79,0.0,9.19,0.0,0.0,2026-10-16,2.63,4.35,85.7,4.56,100.58,71.66,-13.26,7.9,7,2026-06-24 to 2026-10-08 (75 days),-1.0,46.0,0.4153,206.26,186.0,BULLISH,HIGH,Last surprise: -2.1%,4.52,-1.0,1.0,26,2026-11-04,-2.13,0
2026-10-09T17:21:13,2026-10-09,AEIS,HOLD,0,VWAP Trend,HIGH,6,90.3,284.24,8.79,0.0,8.16,0.0,0.0,2026-10-12,3.13,10.69,100.0,349.52,205.91,260.97,-5.31,3.2,5,2026-06-24 to 2026-10-08 (75 days),-1.0,49.7,0.579,290.27,306.73,BEARISH,HIGH,Last surprise: +24.0%; Earnings conf adj: +1,3.24,-1.0,1.0,25,2026-11-03,23.98,1
2026-10-09T17:19:59,2026-10-09,MCK,HOLD,0,VWAP Trend,HIGH,5,89.71,930.25,4.0,0.0,5.02,0.0,0.0,2026-10-14,3.66,8.92,87.5,26.87,121.98,27.97,-3.25,5.1,8,2026-06-24 to 2026-10-08 (75 days),-1.0,62.3,0.2824,881.83,848.12,BULLISH,MEDIUM,Strong trend (ADX=34); Last surprise: +4.1%,6.64,-1.0,1.0,26,2026-11-04,4.09,0
2026-10-09T17:19:28,2026-10-09,EMR,HOLD,0,VWAP Trend,HIGH,5,88.55,159.06,3.62,0.0,2.69,0.0,0.0,2026-10-11,2.99,5.09,88.9,9.04,40.58,-10.3,-3.42,2.3,9,2026-06-24 to 2026-10-08 (75 days),-1.0,56.6,0.2254,155.47,144.41,BULLISH,MEDIUM,Last surprise: +1.8%,8.32,-1.0,1.0,26,2026-11-04,1.79,0
2026-10-09T17:21:53,2026-10-09,CROX,HOLD,0,VWAP Trend,HIGH,5,88.37,116.84,6.99,0.0,4.68,0.0,0.0,2026-10-11,2.8,7.28,71.4,4.17,75.12,87.34,-5.61,2.1,7,2026-06-24 to 2026-10-08 (75 days),-1.0,44.6,0.4099,123.09,107.02,BULLISH,HIGH,Last surprise: +4.6%,4.57,-1.0,1.0,20,2026-10-29,4.6,0
2026-10-09T17:20:25,2026-10-09,SNDK,HOLD,0,VWAP Trend,HIGH,6,87.54,1609.46,11.03,0.0,8.93,0.0,0.0,2026-10-11,2.83,7.22,77.8,8.09,506.66,551.28,-9.21,2.8,9,2026-06-24 to 2026-10-08 (75 days),-1.0,45.5,0.6776,1576.46,1174.82,BULLISH,HIGH,Last surprise: +13.7%; Earnings conf adj: +1,2.77,-1.0,1.0,20,2026-10-29,13.7,1
2026-10-09T17:19:38,2026-10-09,GEV,HOLD,0,VWAP Trend,HIGH,4,86.75,999.35,7.08,0.0,5.66,0.0,0.0,2026-10-11,2.26,5.53,87.5,182.4,65.64,83.2,-7.96,2.5,8,2026-06-24 to 2026-10-08 (75 days),-1.0,57.1,0.4543,968.26,924.17,BULLISH,HIGH,Strong trend (ADX=30); Last surprise: -22.3%; Earnings conf adj: -1,4.13,-1.0,1.0,19,2026-10-28,-22.33,-1
2026-10-09T17:21:09,2026-10-09,TOL,HOLD,0,VWAP Trend,HIGH,5,86.18,134.83,4.07,0.0,2.3,0.0,0.0,2026-10-10,2.37,5.34,75.0,6.34,28.98,74.03,-2.33,1.9,8,2026-06-24 to 2026-10-08 (75 days),-1.0,44.3,0.2121,141.92,144.01,BEARISH,MEDIUM,Last surprise: +1.0%,8.84,-1.0,1.0,-52,2026-08-18,1.02,0
2026-10-09T17:22:08,2026-10-09,LIVN,HOLD,0,VWAP Trend,MEDIUM,3,82.19,75.91,4.28,0.0,2.51,0.0,0.0,2026-10-10,-0.82,-0.89,62.5,0.75,-5.32,10.87,-3.99,1.9,8,2026-06-24 to 2026-10-08 (75 days),-1.0,43.9,0.2309,78.84,71.61,BULLISH,MEDIUM,Strong trend (ADX=46); Last surprise: +15.6%; Earnings conf adj: +1,8.12,-1.0,1.0,26,2026-11-04,15.6,1
2026-10-09T17:19:00,2026-10-09,APH,HOLD,0,VWAP Trend,HIGH,6,81.28,85.32,4.77,0.0,4.21,0.0,0.0,2026-10-11,2.73,6.02,80.0,4.51,62.8,44.76,-4.72,2.0,5,2026-06-24 to 2026-10-08 (75 days),-1.0,55.7,0.3782,82.07,74.37,BULLISH,MEDIUM,Last surprise: +13.3%; Earnings conf adj: +1,4.96,-1.0,1.0,19,2026-10-28,13.33,1
2026-10-09T17:21:31,2026-10-09,NEU,HOLD,0,VWAP Trend,HIGH,5,81.15,903.63,2.64,0.0,1.78,0.0,0.0,2026-10-11,2.94,17.37,75.0,9.86,80.65,21.35,-2.53,2.0,8,2026-06-24 to 2026-10-08 (75 days),-1.0,51.4,0.1598,902.55,744.74,BULLISH,LOW,Last surprise: +2.2%,10.0,-1.0,1.0,19,2026-10-28,2.19,0
2026-10-09T17:19:40,2026-10-09,GRMN,HOLD,0,VWAP Trend,HIGH,6,81.04,268.44,4.43,0.0,3.07,0.0,0.0,2026-10-11,2.43,11.51,75.0,7.51,108.18,59.85,-3.62,2.0,8,2026-06-24 to 2026-10-08 (75 days),-1.0,36.0,0.2759,288.72,246.13,BULLISH,MEDIUM,Last surprise: +22.7%; Earnings conf adj: +1,6.8,-1.0,1.0,19,2026-10-28,22.71,1
2026-10-09T17:18:50,2026-10-09,AAPL,HOLD,0,VWAP Trend,HIGH,5,79.59,340.42,2.2,0.0,2.36,0.0,0.0,2026-10-12,2.3,5.13,100.0,58.2,19.67,-47.33,-1.88,3.2,5,2026-06-24 to 2026-10-08 (75 days),-1.0,61.2,0.1676,322.29,290.07,BULLISH,LOW,No special conditions,10.0,-1.0,1.0,24,2026-11-02,,0
2026-10-09T17:19:29,2026-10-09,ETN,HOLD,0,VWAP Trend,HIGH,5,77.76,424.51,6.18,0.0,5.96,0.0,0.0,2026-10-12,5.0,248.07,83.3,570.4,209.89,191.12,-0.26,3.2,6,2026-06-24 to 2026-10-08 (75 days),-1.0,48.8,0.4234,425.46,389.9,BULLISH,HIGH,Last surprise: +2.3%,4.43,-1.0,1.0,25,2026-11-03,2.27,0
2026-10-09T17:21:30,2026-10-09,ARWR,HOLD,0,VWAP Trend,HIGH,4,75.09,60.74,8.62,0.0,8.23,0.0,0.0,2026-10-12,2.79,7.46,62.5,4.68,57.35,117.89,-2.72,3.0,8,2026-06-24 to 2026-10-08 (75 days),-1.0,25.8,0.6036,78.87,72.4,BULLISH,HIGH,RSI oversold; Strong trend (ADX=51); Last surprise: -10.6%; Earnings conf adj: -1,3.11,-1.0,1.0,46,2026-11-24,-10.57,-1
2026-10-09T17:19:36,2026-10-09,GDDY,HOLD,0,VWAP Trend,HIGH,6,74.78,103.19,9.89,0.0,15.37,0.0,0.0,2026-10-20,2.6,4.64,100.0,299.87,161.86,36.92,-10.37,11.2,5,2026-06-24 to 2026-10-08 (75 days),-1.0,57.6,0.5834,96.68,92.89,BULLISH,HIGH,Strong trend (ADX=32); Last surprise: +8.3%; Earnings conf adj: +1,3.21,-1.0,1.0,20,2026-10-29,8.28,1
2026-10-09T17:22:13,2026-10-09,OPCH,HOLD,0,VWAP Trend,HIGH,5,74.5,31.05,6.76,0.0,10.14,0.0,0.0,2026-10-26,2.68,14.21,100.0,516.02,372.83,150.05,-4.62,17.0,5,2026-06-24 to 2026-10-08 (75 days),-1.0,83.8,1.1885,24.06,26.43,BEARISH,HIGH,RSI overbought; Price at statistical extreme; Strong trend (ADX=45); Last surprise: +4.7%,1.58,-1.0,1.0,26,2026-11-04,4.65,0
2026-10-09T17:20:54,2026-10-09,LSCC,HOLD,0,VWAP Trend,HIGH,6,73.14,124.98,8.62,0.0,6.73,0.0,0.0,2026-10-10,3.21,14.25,77.8,11.33,108.56,146.73,-2.69,1.9,9,2026-06-24 to 2026-10-08 (75 days),-1.0,51.6,0.6204,121.74,113.57,BULLISH,HIGH,Strong trend (ADX=34); Last surprise: +17.8%; Earnings conf adj: +1,3.02,-1.0,1.0,24,2026-11-02,17.78,1
2026-10-09T17:21:30,2026-10-09,AVT,HOLD,0,VWAP Trend,MEDIUM,3,72.85,99.56,7.63,0.0,5.49,0.0,0.0,2026-10-10,0.37,0.48,63.6,1.33,4.24,-48.67,-8.72,1.9,11,2026-06-24 to 2026-10-08 (75 days),-1.0,51.6,0.5057,94.84,77.09,BULLISH,HIGH,Strong trend (ADX=36); Last surprise: +28.8%; Earnings conf adj: +1,3.71,-1.0,1.0,19,2026-10-28,28.81,1
2026-10-09T17:21:49,2026-10-09,ST,BUY,1,VWAP Trend,HIGH,6,72.14,42.23,4.14,40.48,3.38,43.66,7.85,2026-10-10,1.59,2.79,77.8,4.36,24.22,59.91,-3.54,1.7,9,2026-06-24 to 2026-10-08 (75 days),0.683,48.1,0.329,43.32,41.2,BULLISH,MEDIUM,Last surprise: +5.4%; Earnings conf adj: +1; Size: Kelly 10.0% / VolTgt 5.7% / Blend 7.8%,5.7,-1.0,1.0,18,2026-10-27,5.38,1
2026-10-09T17:21:34,2026-10-09,BAH,HOLD,0,Stochastic Oscillator,HIGH,6,71.36,72.87,5.26,0.0,7.89,0.0,0.0,2026-10-31,3.41,7.67,100.0,361.64,200.0,128.62,-6.67,22.7,3,2026-06-24 to 2026-10-08 (75 days),-1.0,51.1,0.3939,74.15,76.52,BEARISH,MEDIUM,Strong trend (ADX=33); Last surprise: +22.3%; Earnings conf adj: +1,4.76,-1.0,1.0,14,2026-10-23,22.3,1
2026-10-09T17:21:34,2026-10-09,ALV,HOLD,0,VWAP Trend,HIGH,4,71.36,111.03,3.92,0.0,2.48,0.0,0.0,2026-10-10,0.72,1.09,75.0,1.65,8.23,27.09,-4.49,1.6,8,2026-06-24 to 2026-10-08 (75 days),-1.0,38.3,0.2494,119.02,117.44,BULLISH,MEDIUM,Strong trend (ADX=38); Last surprise: -2.0%,7.52,-1.0,1.0,14,2026-10-23,-2.02,0
2026-10-09T17:22:10,2026-10-09,CBT,HOLD,0,VWAP Trend,HIGH,5,71.15,75.61,3.63,0.0,2.33,0.0,0.0,2026-10-11,3.64,15.9,88.9,7.13,55.49,103.02,-2.52,2.0,9,2026-06-24 to 2026-10-08 (75 days),-1.0,34.9,0.2093,81.64,78.42,BULLISH,MEDIUM,Last surprise: +0.6%,8.96,-1.0,1.0,24,2026-11-02,0.6,0
2026-10-09T17:20:28,2026-10-09,SWKS,HOLD,0,VWAP Trend,HIGH,5,70.57,80.75,10.5,0.0,16.87,0.0,0.0,2026-10-16,2.23,4.12,87.5,13.95,180.66,128.61,-10.38,7.6,8,2026-06-24 to 2026-10-08 (75 days),-1.0,47.6,0.7771,75.86,65.72,BULLISH,HIGH,Strong trend (ADX=35); Last surprise: +4.9%,2.41,-1.0,1.0,25,2026-11-03,4.85,0
2026-10-09T17:21:41,2026-10-09,MORN,BUY,1,VWAP Trend,HIGH,6,70.36,202.74,5.21,192.18,10.74,224.51,7.43,2026-10-21,4.52,10.09,83.3,26.92,363.61,199.11,-8.13,12.5,6,2026-06-24 to 2026-10-08 (75 days),0.393,55.6,0.3858,201.79,184.88,BULLISH,MEDIUM,Last surprise: +9.5%; Earnings conf adj: +1; Size: Kelly 10.0% / VolTgt 4.9% / Blend 7.4%,4.86,-1.0,1.0,19,2026-10-28,9.54,1
2026-10-09T17:20:44,2026-10-09,WELL,HOLD,0,MACD Crossover,MEDIUM,3,70.22,223.04,2.61,0.0,2.81,0.0,0.0,2026-10-13,0.77,1.44,100.0,13.89,3.41,-0.41,-2.2,4.3,3,2026-06-24 to 2026-10-08 (75 days),-1.0,37.3,0.1721,233.68,213.69,BULLISH,LOW,Strong trend (ADX=33); Last surprise: -16.9%; Earnings conf adj: -1,10.0,-1.0,1.0,17,2026-10-26,-16.92,-1
2026-10-09T17:20:45,2026-10-09,WMT,HOLD,0,Stochastic Oscillator,HIGH,6,69.27,110.56,3.13,0.0,4.7,0.0,0.0,2026-11-01,2.14,3.59,100.0,101.8,39.04,60.56,-5.7,23.3,3,2026-06-24 to 2026-10-08 (75 days),-1.0,59.2,0.2331,108.41,117.75,BEARISH,MEDIUM,Last surprise: +9.5%; Earnings conf adj: +1,8.04,-1.0,1.0,41,2026-11-19,9.46,1
2026-10-09T17:20:41,2026-10-09,VRSN,HOLD,0,Stochastic Oscillator,HIGH,5,68.94,297.79,3.55,0.0,5.32,0.0,0.0,2026-10-28,5.07,9.95,100.0,235.45,108.43,30.28,-4.25,19.7,3,2026-06-24 to 2026-10-08 (75 days),-1.0,57.9,0.2196,290.06,265.76,BULLISH,MEDIUM,High volume; Last surprise: +1.3%,8.54,-1.0,1.0,13,2026-10-22,1.28,0
2026-10-09T17:19:10,2026-10-09,CDNS,HOLD,0,VWAP Trend,HIGH,5,67.95,348.84,5.36,0.0,5.86,0.0,0.0,2026-10-13,2.62,5.03,70.0,4.51,84.61,104.56,-7.68,4.1,10,2026-06-24 to 2026-10-08 (75 days),-1.0,64.4,0.3677,320.11,326.47,BEARISH,MEDIUM,Strong trend (ADX=52); Last surprise: +2.4%,5.1,-1.0,1.0,17,2026-10-26,2.43,0
2026-10-09T17:20:30,2026-10-09,TDY,BUY,1,VWAP Trend,HIGH,6,67.87,604.82,2.14,591.88,1.96,616.67,10.0,2026-10-11,2.17,5.3,75.0,5.17,23.43,27.46,-2.0,2.4,8,2026-06-24 to 2026-10-08 (75 days),0.528,42.8,0.1611,631.07,625.63,BULLISH,LOW,Last surprise: +8.5%; Earnings conf adj: +1; Size: Kelly 10.0% / VolTgt 10.0% / Blend 10.0%,10.0,-1.0,1.0,12,2026-10-21,8.46,1
2026-10-09T17:21:22,2026-10-09,PBF,HOLD,0,ADX Trend Following,HIGH,6,67.28,89.34,10.8,0.0,20.87,0.0,0.0,2026-10-26,3.93,8.03,100.0,783.73,741.77,-676.68,-16.32,17.0,4,2026-06-24 to 2026-10-08 (75 days),-1.0,70.9,0.6429,73.45,49.12,BULLISH,HIGH,RSI overbought; Price at statistical extreme; Strong trend (ADX=37); Last surprise: +51.0%; Earnings conf adj: +1,2.92,-1.0,1.0,20,2026-10-29,50.97,1
2026-10-09T17:22:02,2026-10-09,SYNA,HOLD,0,VWAP Trend,HIGH,5,66.45,119.08,7.06,0.0,11.4,0.0,0.0,2026-10-12,2.06,3.82,71.4,6.0,65.67,91.71,-5.96,3.7,7,2026-06-24 to 2026-10-08 (75 days),-1.0,68.6,0.7529,101.9,99.72,BULLISH,HIGH,Strong trend (ADX=53); Last surprise: +1.7%,2.49,-1.0,1.0,27,2026-11-05,1.65,0
2026-10-09T17:19:06,2026-10-09,BRK-B,HOLD,0,Stochastic Oscillator,HIGH,6,66.42,511.05,1.5,0.0,2.25,0.0,0.0,2026-10-21,2.63,9.09,100.0,67.44,21.18,9.56,-1.42,12.3,3,2026-06-24 to 2026-10-08 (75 days),-1.0,57.8,0.1235,507.65,492.89,BULLISH,LOW,Last surprise: +17.5%; Earnings conf adj: +1,10.0,-1.0,1.0,29,2026-11-07,17.54,1
2026-10-09T17:19:58,2026-10-09,MAS,HOLD,0,VWAP Trend,MEDIUM,3,65.48,69.5,3.84,0.0,3.27,0.0,0.0,2026-10-12,-0.36,-0.41,83.3,0.73,-10.74,20.89,-12.5,3.2,6,2026-06-24 to 2026-10-08 (75 days),-1.0,49.8,0.2324,71.32,69.73,BULLISH,MEDIUM,Last surprise: +25.2%; Earnings conf adj: +1,8.07,-1.0,1.0,19,2026-10-28,25.19,1
2026-10-09T17:18:57,2026-10-09,AMD,HOLD,0,VWAP Trend,HIGH,5,65.4,620.68,7.96,0.0,6.46,0.0,0.0,2026-10-11,3.64,17.52,85.7,37.22,232.87,149.85,-4.72,2.4,7,2026-06-24 to 2026-10-08 (75 days),-1.0,61.3,0.5293,526.47,383.35,BULLISH,HIGH,Strong trend (ADX=35); Last surprise: +3.1%,3.54,-1.0,1.0,25,2026-11-03,3.11,0
2026-10-09T17:19:59,2026-10-09,MCO,HOLD,0,VWAP Trend,HIGH,6,65.15,458.69,3.29,0.0,3.46,0.0,0.0,2026-10-13,1.47,2.46,83.3,3.29,29.1,21.43,-9.55,4.8,6,2026-06-24 to 2026-10-08 (75 days),-1.0,45.3,0.2006,478.43,468.74,BULLISH,MEDIUM,Strong trend (ADX=41); Last surprise: +10.1%; Earnings conf adj: +1,9.35,-1.0,1.0,12,2026-10-21,10.12,1
2026-10-09T17:21:47,2026-10-09,CVLT,HOLD,0,VWAP Trend,HIGH,6,64.55,151.0,5.37,0.0,4.5,0.0,0.0,2026-10-11,3.52,16.78,75.0,8.83,78.96,15.71,-2.0,2.1,8,2026-06-24 to 2026-10-08 (75 days),-1.0,57.5,0.3945,139.7,116.09,BULLISH,MEDIUM,Last surprise: +22.4%; Earnings conf adj: +1,4.75,-1.0,1.0,18,2026-10-27,22.41,1
2026-10-09T17:19:49,2026-10-09,ITW,HOLD,0,VWAP Trend,HIGH,5,64.54,264.71,3.06,0.0,2.25,0.0,0.0,2026-10-10,1.97,2.92,66.7,2.45,19.86,14.12,-3.98,1.9,12,2026-06-24 to 2026-10-08 (75 days),-1.0,46.0,0.207,275.25,265.65,BULLISH,MEDIUM,Strong trend (ADX=33); Last surprise: +1.4%,9.06,-1.0,1.0,14,2026-10-23,1.43,0
2026-10-09T17:20:20,2026-10-09,REGN,HOLD,0,VWAP Trend,HIGH,6,64.27,739.57,4.43,0.0,3.04,0.0,0.0,2026-10-11,2.63,9.9,85.7,7.32,28.27,-51.36,-1.39,2.1,7,2026-06-24 to 2026-10-08 (75 days),-1.0,39.0,0.2662,789.29,734.27,BULLISH,MEDIUM,Last surprise: +40.0%; Earnings conf adj: +1,7.04,-1.0,1.0,21,2026-10-30,39.96,1
2026-10-09T17:19:45,2026-10-09,IBKR,HOLD,0,VWAP Trend,HIGH,6,64.19,86.47,4.58,0.0,3.58,0.0,0.0,2026-10-11,2.16,5.3,63.6,3.05,48.29,69.4,-4.86,2.2,11,2026-06-24 to 2026-10-08 (75 days),-1.0,43.0,0.3069,90.46,81.67,BULLISH,MEDIUM,Last surprise: +7.8%; Earnings conf adj: +1,6.11,-1.0,1.0,6,2026-10-15,7.81,1
2026-10-09T17:19:40,2026-10-09,GPC,HOLD,0,VWAP Trend,HIGH,5,63.8,128.17,2.8,0.0,2.63,0.0,0.0,2026-10-11,1.25,3.98,80.0,26.48,33.68,-35.28,-6.54,2.8,5,2026-06-24 to 2026-10-08 (75 days),-1.0,47.9,0.1997,131.37,118.11,BULLISH,LOW,Strong trend (ADX=32); Last surprise: +3.4%,9.39,-1.0,1.0,11,2026-10-20,3.37,0
2026-10-09T17:20:04,2026-10-09,MRNA,BUY,1,VWAP Trend,HIGH,5,63.62,197.0,12.0,173.36,9.43,215.58,6.22,2026-10-11,2.87,6.8,90.0,5.37,283.98,-5212.89,-10.3,2.4,10,2026-06-24 to 2026-10-08 (75 days),0.421,63.9,0.7728,134.92,71.68,BULLISH,HIGH,High volume; Strong trend (ADX=62); Last surprise: +4.4%; Size: Kelly 10.0% / VolTgt 2.4% / Blend 6.2%,2.43,-1.0,1.0,27,2026-11-05,4.37,0
2026-10-09T17:22:04,2026-10-09,FBIN,HOLD,0,MACD Crossover,HIGH,6,63.15,39.31,5.33,0.0,5.39,0.0,0.0,2026-10-14,1.97,4.38,100.0,57.49,20.04,53.94,-2.11,5.5,2,2026-06-24 to 2026-10-08 (75 days),-1.0,44.0,0.2916,43.46,45.58,BEARISH,MEDIUM,Last surprise: +64.6%; Earnings conf adj: +1,6.43,-1.0,1.0,34,2026-11-12,64.63,1
2026-10-09T17:22:23,2026-10-09,UNG,HOLD,0,VWAP Trend,MEDIUM,2,62.27,10.81,7.82,0.0,6.6,0.0,0.0,2026-10-12,-1.58,-1.87,57.1,0.59,-32.32,-8.04,-21.27,3.5,14,2026-06-24 to 2026-10-08 (75 days),-1.0,54.2,0.4478,10.33,11.33,BEARISH,HIGH,No special conditions,4.19,-1.0,1.0,-1,,,0
2026-10-09T17:20:06,2026-10-09,NEM,HOLD,0,VWAP Trend,HIGH,6,62.23,115.55,4.61,0.0,3.53,0.0,0.0,2026-10-11,3.18,9.4,85.7,6.41,77.75,-25.35,-3.55,2.1,7,2026-06-24 to 2026-10-08 (75 days),-1.0,43.3,0.3091,119.55,111.42,BULLISH,MEDIUM,Strong trend (ADX=30); Last surprise: +5.5%; Earnings conf adj: +1,6.07,-1.0,1.0,13,2026-10-22,5.53,1
2026-10-09T17:20:21,2026-10-09,ROP,HOLD,0,MACD Crossover,HIGH,5,62.13,364.23,3.79,0.0,6.19,0.0,0.0,2026-10-18,1.3,1.96,100.0,56.05,19.17,-20.86,-4.61,9.0,3,2026-06-24 to 2026-10-08 (75 days),-1.0,44.9,0.2622,388.12,365.57,BULLISH,MEDIUM,Last surprise: +1.7%,7.15,-1.0,1.0,13,2026-10-22,1.7,0
2026-10-09T17:20:14,2026-10-09,PFE,BUY,1,VWAP Trend,HIGH,6,61.94,27.82,2.31,27.18,2.37,28.48,10.0,2026-10-14,2.01,3.43,85.7,6.64,23.73,-50.7,-4.11,5.1,7,2026-06-24 to 2026-10-08 (75 days),0.337,49.3,0.1333,27.55,25.88,BULLISH,LOW,Last surprise: +13.2%; Earnings conf adj: +1; Size: Kelly 10.0% / VolTgt 10.0% / Blend 10.0%,10.0,-1.0,1.0,25,2026-11-03,13.24,1
2026-10-09T17:22:14,2026-10-09,PVH,BUY,1,VWAP Trend,HIGH,6,60.7,81.14,4.66,77.36,5.82,85.86,8.1,2026-10-15,3.54,9.58,66.7,31.67,80.29,34.74,-2.55,6.0,6,2026-06-24 to 2026-10-08 (75 days),0.115,65.6,0.3019,77.53,76.19,BULLISH,MEDIUM,Price at statistical extreme; Last surprise: +20.1%; Earnings conf adj: +1; Size: Kelly 10.0% / VolTgt 6.2% / Blend 8.1%,6.21,-1.0,1.0,54,2026-12-02,20.13,1
2026-10-09T17:20:58,2026-10-09,STRL,EXIT,-1,VWAP Trend,HIGH,6,60.06,518.41,10.74,574.09,7.06,481.81,6.48,2026-10-11,3.46,25.75,77.8,18.34,237.82,320.48,-2.37,2.0,9,2026-06-24 to 2026-10-08 (75 days),-1.0,50.3,0.6338,517.61,543.75,BEARISH,HIGH,Last surprise: +10.5%; Earnings conf adj: +1; Size: Kelly 10.0% / VolTgt 3.0% / Blend 6.5%,2.96,-1.0,1.0,24,2026-11-02,10.48,1
2026-10-09T17:21:32,2026-10-09,TKR,HOLD,0,VWAP Trend,HIGH,6,59.89,114.34,3.99,0.0,2.48,0.0,0.0,2026-10-10,2.43,5.02,70.0,5.02,21.78,68.58,-2.66,1.6,10,2026-06-24 to 2026-10-08 (75 days),-1.0,38.4,0.2491,123.0,114.78,BULLISH,MEDIUM,Last surprise: +13.0%; Earnings conf adj: +1,7.53,-1.0,1.0,19,2026-10-28,12.96,1
2026-10-09T17:21:21,2026-10-09,BIO,HOLD,0,VWAP Trend,HIGH,6,59.49,360.4,5.47,0.0,3.93,0.0,0.0,2026-10-11,1.71,3.66,66.7,2.45,17.79,-118.29,-2.87,2.1,9,2026-06-24 to 2026-10-08 (75 days),-1.0,42.8,0.3445,369.4,309.08,BULLISH,MEDIUM,Last surprise: +49.7%; Earnings conf adj: +1,5.44,-1.0,1.0,20,2026-10-29,49.71,1
2026-10-09T17:20:45,2026-10-09,WSM,HOLD,0,EMA Crossover (9/21),HIGH,6,58.98,239.0,4.08,0.0,3.9,0.0,0.0,2026-10-12,2.21,8.52,100.0,50.75,17.39,11.28,-1.44,3.5,2,2026-06-24 to 2026-10-08 (75 days),-1.0,58.7,0.2651,234.24,209.07,BULLISH,MEDIUM,Last surprise: +37.9%; Earnings conf adj: +1,7.07,-1.0,1.0,40,2026-11-18,37.86,1
2026-10-09T17:20:30,2026-10-09,TEL,HOLD,0,ADX Trend Following,HIGH,5,58.38,214.31,3.81,0.0,5.71,0.0,0.0,2026-11-03,2.36,4.04,100.0,180.1,78.19,46.75,-4.97,25.7,3,2026-06-24 to 2026-10-08 (75 days),-1.0,52.8,0.2989,209.74,212.9,BEARISH,MEDIUM,Strong trend (ADX=31); Last surprise: +3.5%,6.27,-1.0,1.0,19,2026-10-28,3.52,0
2026-10-09T17:19:04,2026-10-09,BE,HOLD,0,VWAP Trend,HIGH,6,58.25,272.82,12.0,0.0,11.04,0.0,0.0,2026-10-11,2.34,8.93,83.3,9.71,239.18,284.76,-9.35,2.8,6,2026-06-24 to 2026-10-08 (75 days),-1.0,51.5,0.8375,245.01,211.49,BULLISH,HIGH,Last surprise: +90.2%; Earnings conf adj: +1,2.24,-1.0,1.0,18,2026-10-27,90.24,1
2026-10-09T17:19:23,2026-10-09,DLTR,HOLD,0,ADX Trend Following,HIGH,6,58.24,118.62,4.34,0.0,2.42,0.0,0.0,2026-10-10,1.67,18.36,100.0,20.23,5.98,8.05,-0.2,1.0,2,2026-06-24 to 2026-10-08 (75 days),-1.0,52.2,0.307,123.31,117.03,BULLISH,MEDIUM,Last surprise: +136.8%; Earnings conf adj: +1,6.11,-1.0,1.0,-43,2026-08-27,136.84,1
2026-10-09T17:21:39,2026-10-09,KEX,HOLD,0,Stochastic Oscillator,HIGH,5,58.22,138.11,4.08,0.0,6.12,0.0,0.0,2026-10-23,3.61,7.73,100.0,201.52,88.94,86.49,-4.6,14.7,3,2026-06-24 to 2026-10-08 (75 days),-1.0,54.4,0.2319,136.47,135.16,BULLISH,MEDIUM,Strong trend (ADX=34); Last surprise: +2.5%,8.09,-1.0,1.0,19,2026-10-28,2.45,0
2026-10-09T17:22:03,2026-10-09,GEF,HOLD,0,ADX Trend Following,HIGH,6,57.27,81.88,2.65,0.0,3.4,0.0,0.0,2026-10-14,1.98,7.47,100.0,43.94,14.36,-39.59,-1.23,5.5,2,2026-06-24 to 2026-10-08 (75 days),-1.0,47.1,0.1842,84.3,72.56,BULLISH,LOW,Last surprise: +45.0%; Earnings conf adj: +1,10.0,-1.0,1.0,25,2026-11-03,45.05,1
2026-10-09T17:21:01,2026-10-09,EXEL,BUY,1,VWAP Trend,HIGH,4,57.24,59.02,4.38,56.43,2.46,60.47,9.24,2026-10-11,0.66,0.98,83.3,1.77,7.17,-38.29,-7.01,2.0,6,2026-06-24 to 2026-10-08 (75 days),0.083,58.5,0.2211,56.07,49.4,BULLISH,MEDIUM,Last surprise: +4.6%; Size: Kelly 10.0% / VolTgt 8.5% / Blend 9.2%,8.48,-1.0,1.0,18,2026-10-27,4.6,0
2026-10-09T17:21:06,2026-10-09,GWRE,BUY,1,PEAD Earnings Drift,HIGH,6,57.18,164.78,8.4,150.94,19.91,197.59,6.66,2026-10-29,3.65,8.38,100.0,339.15,181.91,-110.07,-6.64,20.0,2,2026-06-24 to 2026-10-08 (75 days),0.365,56.1,0.5655,165.86,150.54,BULLISH,HIGH,Last surprise: +5.3%; Earnings conf adj: +1; Size: Kelly 10.0% / VolTgt 3.3% / Blend 6.7%,3.32,-1.0,1.0,55,2026-12-03,5.32,1
2026-10-09T17:19:28,2026-10-09,EL,BUY,1,VWAP Trend,HIGH,6,57.06,94.32,4.93,89.67,7.19,101.1,8.03,2026-10-17,2.84,5.82,66.7,8.24,84.96,30.33,-5.87,8.7,6,2026-06-24 to 2026-10-08 (75 days),0.627,48.7,0.3096,94.48,91.33,BULLISH,MEDIUM,Last surprise: +21.9%; Earnings conf adj: +1; Size: Kelly 10.0% / VolTgt 6.1% / Blend 8.0%,6.06,-1.0,1.0,24,2026-11-02,21.88,1
2026-10-09T17:20:05,2026-10-09,MTD,HOLD,0,VWAP Trend,HIGH,6,56.74,1529.46,4.73,0.0,4.43,0.0,0.0,2026-10-12,2.46,7.47,85.7,13.67,31.14,-95.26,-3.57,3.3,7,2026-06-24 to 2026-10-08 (75 days),-1.0,63.7,0.3095,1422.42,1321.48,BULLISH,MEDIUM,Strong trend (ADX=47); Last surprise: +6.1%; Earnings conf adj: +1,6.06,-1.0,1.0,27,2026-11-05,6.11,1
2026-10-09T17:18:57,2026-10-09,AME,HOLD,0,VWAP Trend,MEDIUM,3,56.23,247.52,2.99,0.0,3.03,0.0,0.0,2026-10-11,-0.14,-0.19,62.5,1.06,-1.98,-21.25,-7.78,2.8,8,2026-06-24 to 2026-10-08 (75 days),-1.0,53.3,0.2296,244.41,230.64,BULLISH,MEDIUM,Last surprise: +5.0%; Earnings conf adj: +1,8.17,-1.0,1.0,20,2026-10-29,5.03,1
2026-10-09T17:20:08,2026-10-09,NVDA,HOLD,0,Stochastic Oscillator,HIGH,6,55.86,230.48,3.48,0.0,5.22,0.0,0.0,2026-10-27,3.97,8.08,100.0,269.6,133.1,67.58,-4.56,18.3,3,2026-06-24 to 2026-10-08 (75 days),-1.0,54.5,0.2505,221.25,201.6,BULLISH,MEDIUM,Strong trend (ADX=30); Last surprise: +6.2%; Earnings conf adj: +1,7.48,-1.0,1.0,39,2026-11-17,6.22,1
2026-10-09T17:21:42,2026-10-09,QLYS,HOLD,0,VWAP Trend,HIGH,6,55.07,193.86,9.04,0.0,9.52,0.0,0.0,2026-10-11,3.18,11.99,70.0,6.23,285.62,-200.45,-7.94,2.6,10,2026-06-24 to 2026-10-08 (75 days),-1.0,59.1,0.7499,179.22,128.83,BULLISH,HIGH,Last surprise: +11.2%; Earnings conf adj: +1,2.5,-1.0,1.0,25,2026-11-03,11.24,1
2026-10-09T17:20:34,2026-10-09,TRV,HOLD,0,Stochastic Oscillator,HIGH,6,54.89,370.27,2.15,0.0,3.22,0.0,0.0,2026-10-30,1.57,2.87,100.0,61.0,18.13,-46.85,-2.32,21.5,2,2026-06-24 to 2026-10-08 (75 days),-1.0,56.5,0.1886,368.65,319.61,BULLISH,LOW,Strong trend (ADX=34); Last surprise: +86.3%; Earnings conf adj: +1,9.94,-1.0,1.0,7,2026-10-16,86.27,1
2026-10-09T17:19:25,2026-10-09,EBAY,HOLD,0,Stochastic Oscillator,HIGH,6,54.84,111.98,4.16,0.0,6.24,0.0,0.0,2026-10-27,2.01,3.75,100.0,104.86,38.24,29.02,-4.49,18.0,2,2026-06-24 to 2026-10-08 (75 days),-1.0,62.3,0.2696,106.75,101.08,BULLISH,MEDIUM,Last surprise: +6.0%; Earnings conf adj: +1,6.95,-1.0,1.0,26,2026-11-04,5.96,1
2026-10-09T17:19:31,2026-10-09,FANG,HOLD,0,Stochastic Oscillator,HIGH,6,54.41,191.68,3.5,0.0,5.25,0.0,0.0,2026-10-21,3.76,12.5,100.0,233.91,105.89,87.64,-3.04,12.3,3,2026-06-24 to 2026-10-08 (75 days),-1.0,50.8,0.3818,196.53,183.87,BULLISH,MEDIUM,Last surprise: +8.4%; Earnings conf adj: +1,4.91,-1.0,1.0,24,2026-11-02,8.36,1
2026-10-09T17:19:39,2026-10-09,GOOG,HOLD,0,ADX Trend Following,HIGH,4,54.28,344.86,3.78,0.0,8.8,0.0,0.0,2026-10-31,0.6,0.88,100.0,44.61,14.3,14.26,-14.01,22.0,4,2026-06-24 to 2026-10-08 (75 days),-1.0,53.3,0.2382,342.99,337.84,BULLISH,MEDIUM,Last surprise: -2.1%,7.87,-1.0,1.0,19,2026-10-28,-2.06,0
2026-10-09T17:21:02,2026-10-09,WMG,HOLD,0,Stochastic Oscillator,HIGH,6,54.28,28.91,4.51,0.0,6.76,0.0,0.0,2026-10-24,3.43,5.9,100.0,219.05,99.08,68.51,-6.24,15.3,3,2026-06-24 to 2026-10-08 (75 days),-1.0,61.6,0.2664,27.29,28.28,BEARISH,MEDIUM,Last surprise: +30.8%; Earnings conf adj: +1,7.04,-1.0,1.0,41,2026-11-19,30.77,1
2026-10-09T17:19:08,2026-10-09,CAH,HOLD,0,Stochastic Oscillator,HIGH,6,54.01,238.96,3.8,0.0,5.7,0.0,0.0,2026-11-09,1.96,3.37,100.0,113.62,42.2,31.55,-5.83,31.5,2,2026-06-24 to 2026-10-08 (75 days),-1.0,62.2,0.2395,232.57,217.75,BULLISH,MEDIUM,Strong trend (ADX=33); Last surprise: +7.4%; Earnings conf adj: +1,7.83,-1.0,1.0,27,2026-11-05,7.44,1
2026-10-09T17:19:42,2026-10-09,HOOD,HOLD,0,VWAP Trend,HIGH,5,53.81,107.01,9.5,0.0,7.73,0.0,0.0,2026-10-12,3.0,8.81,50.0,5.77,311.53,272.74,-7.89,3.6,10,2026-06-24 to 2026-10-08 (75 days),-1.0,42.8,0.5177,106.79,94.17,BULLISH,HIGH,Last surprise: +44.2%; Earnings conf adj: +1,3.62,-1.0,1.0,18,2026-10-27,44.19,1
2026-10-09T17:21:46,2026-10-09,MTDR,HOLD,0,Stochastic Oscillator,HIGH,6,53.2,54.48,6.67,0.0,10.0,0.0,0.0,2026-10-27,3.33,7.43,100.0,284.85,137.49,100.84,-5.73,18.7,3,2026-06-24 to 2026-10-08 (75 days),-1.0,50.2,0.4537,54.83,52.68,BULLISH,HIGH,Last surprise: +24.9%; Earnings conf adj: +1,4.13,-1.0,1.0,18,2026-10-27,24.88,1
2026-10-09T17:19:27,2026-10-09,ELV,HOLD,0,Stochastic Oscillator,HIGH,6,53.18,400.94,2.75,0.0,4.12,0.0,0.0,2026-10-27,2.14,4.27,100.0,141.42,57.45,39.89,-4.66,18.3,3,2026-06-24 to 2026-10-08 (75 days),-1.0,51.5,0.1811,397.87,364.13,BULLISH,LOW,Last surprise: +20.0%; Earnings conf adj: +1,10.0,-1.0,1.0,12,2026-10-21,19.97,1
2026-10-09T17:21:57,2026-10-09,BKH,BUY,1,ADX Trend Following,HIGH,6,52.7,76.52,4.13,73.36,3.41,79.13,8.06,2026-10-11,1.96,71.02,100.0,81.62,28.86,16.03,-0.31,2.0,2,2026-06-24 to 2026-10-08 (75 days),0.492,69.6,0.3063,72.04,71.69,BULLISH,MEDIUM,High volume; Price at statistical extreme; Last surprise: +31.7%; Earnings conf adj: +1; Size: Kelly 10.0% / VolTgt 6.1% / Blend 8.1%,6.12,-1.0,1.0,26,2026-11-04,31.71,1
2026-10-09T17:19:49,2026-10-09,ISRG,HOLD,0,ADX Trend Following,HIGH,6,52.39,415.41,3.93,0.0,5.9,0.0,0.0,2026-10-17,3.25,5.21,71.4,13.59,132.45,120.47,-8.16,8.6,7,2026-06-24 to 2026-10-08 (75 days),-1.0,63.0,0.2619,384.68,444.19,BEARISH,MEDIUM,Last surprise: +12.0%; Earnings conf adj: +1,7.16,-1.0,1.0,11,2026-10-20,12.0,1
2026-10-09T17:20:43,2026-10-09,WBD,EXIT,-1,Stochastic Oscillator,HIGH,6,52.34,30.95,1.69,31.47,2.54,30.16,7.38,2026-10-21,2.8,11.12,100.0,199.08,84.76,24.56,-3.55,12.3,3,2026-06-22 to 2026-10-06 (75 days),-1.0,75.2,0.393,28.44,27.7,BULLISH,MEDIUM,RSI overbought; Strong trend (ADX=59); Last surprise: +154.5%; Earnings conf adj: +1; Size: Kelly 10.0% / VolTgt 4.8% / Blend 7.4%,4.77,-1.0,1.0,27,2026-11-05,154.55,1
2026-10-09T17:20:52,2026-10-09,DINO,BUY,1,52-Week High Momentum,HIGH,6,52.13,120.72,6.07,113.39,16.49,140.63,7.37,2026-11-06,3.6,6.36,100.0,381.84,225.99,-482.26,-11.56,28.0,3,2026-06-24 to 2026-10-08 (75 days),0.492,73.8,0.3958,101.44,71.89,BULLISH,MEDIUM,RSI overbought; Price at statistical extreme; Strong trend (ADX=33); Last surprise: +18.3%; Earnings conf adj: +1; Size: Kelly 10.0% / VolTgt 4.7% / Blend 7.4%,4.74,-1.0,1.0,19,2026-10-28,18.26,1
2026-10-09T17:22:06,2026-10-09,KBR,EXIT,-1,VWAP Trend,MEDIUM,3,52.07,35.18,4.83,36.88,6.14,33.02,3.57,2026-10-17,-1.02,-1.32,66.7,0.43,-24.33,-48.14,-12.56,8.8,9,2026-06-24 to 2026-10-08 (75 days),-1.0,47.4,0.2627,36.5,37.18,BEARISH,MEDIUM,Last surprise: +10.0%; Earnings conf adj: +1; Size: Kelly 0.0% / VolTgt 7.1% / Blend 3.6%,7.14,-1.0,1.0,20,2026-10-29,10.0,1
2026-10-09T17:21:38,2026-10-09,SLAB,HOLD,0,MACD Crossover,MEDIUM,3,51.84,221.75,1.5,0.0,1.28,0.0,0.0,2026-10-23,-0.04,-0.06,75.0,2.47,-0.16,-6.14,-0.75,14.0,4,2026-06-24 to 2026-10-08 (75 days),-1.0,57.1,0.0434,219.77,204.37,BULLISH,LOW,High volume; Strong trend (ADX=42); Last surprise: +2.9%,10.0,-1.0,1.0,25,2026-11-03,2.9,0
2026-10-09T17:22:24,2026-10-09,XLE,BUY,1,MACD Crossover,HIGH,5,51.71,65.24,2.95,63.32,6.41,69.42,9.18,2026-10-22,1.9,3.0,100.0,75.54,26.99,-72.65,-3.87,13.2,4,2026-06-24 to 2026-10-08 (75 days),0.103,63.7,0.2241,62.28,56.3,BULLISH,MEDIUM,Size: Kelly 10.0% / VolTgt 8.4% / Blend 9.2%,8.37,-1.0,1.0,-1,,,0
2026-10-09T17:20:04,2026-10-09,MSCI,HOLD,0,VWAP Trend,HIGH,4,51.49,561.67,2.99,0.0,4.49,0.0,0.0,2026-10-16,0.66,1.02,66.7,1.72,9.74,17.54,-8.26,7.7,6,2026-06-24 to 2026-10-08 (75 days),-1.0,55.1,0.2078,558.91,569.63,BEARISH,MEDIUM,Last surprise: -0.8%,9.02,-1.0,1.0,11,2026-10-20,-0.8,0
2026-10-09T17:19:43,2026-10-09,HPE,HOLD,0,VWAP Trend,HIGH,6,51.16,71.0,9.76,0.0,10.95,0.0,0.0,2026-10-12,2.05,4.59,60.0,5.05,91.01,-171.89,-6.25,3.6,5,2026-06-24 to 2026-10-08 (75 days),-1.0,68.4,0.733,57.55,37.66,BULLISH,HIGH,Strong trend (ADX=46); Last surprise: +18.1%; Earnings conf adj: +1,2.56,-1.0,1.0,-37,2026-09-02,18.09,1
2026-10-09T17:20:31,2026-10-09,TECH,BUY,1,VWAP Trend,MEDIUM,3,51.12,72.45,1.5,71.36,0.36,72.71,10.0,2026-10-14,0.06,0.1,83.3,11.7,0.08,-103.33,-0.52,5.0,6,2026-06-24 to 2026-10-08 (75 days),0.377,55.0,0.0203,72.3,62.22,BULLISH,LOW,High volume; Last surprise: +0.0%; Size: Kelly 10.0% / VolTgt 10.0% / Blend 10.0%,10.0,-1.0,1.0,31,2026-11-09,0.0,0
2026-10-09T17:22:06,2026-10-09,BILL,HOLD,0,VWAP Trend,HIGH,6,50.96,44.98,5.3,0.0,7.67,0.0,0.0,2026-10-15,3.28,6.49,71.4,9.51,189.78,15.89,-8.68,6.7,7,2026-06-24 to 2026-10-08 (75 days),-1.0,47.6,0.3762,47.23,43.07,BULLISH,MEDIUM,Last surprise: +18.3%; Earnings conf adj: +1,4.98,-1.0,1.0,27,2026-11-05,18.31,1
2026-10-09T17:22:05,2026-10-09,OGS,HOLD,0,ADX Trend Following,HIGH,5,50.9,72.36,2.03,0.0,3.04,0.0,0.0,2026-10-20,1.0,1.63,100.0,38.64,12.39,32.93,-3.78,11.7,3,2026-06-24 to 2026-10-08 (75 days),-1.0,34.4,0.1199,77.17,79.99,BEARISH,LOW,High volume; Strong trend (ADX=50); Last surprise: +28.1%; Earnings conf adj: +1,10.0,-1.0,1.0,24,2026-11-02,28.12,1
2026-10-09T17:21:55,2026-10-09,MUR,HOLD,0,Stochastic Oscillator,HIGH,5,50.86,38.6,6.95,0.0,10.43,0.0,0.0,2026-10-30,3.26,6.12,100.0,292.92,149.06,107.07,-9.56,21.3,3,2026-06-24 to 2026-10-08 (75 days),-1.0,56.5,0.4345,36.75,35.55,BULLISH,HIGH,Last surprise: -1.9%,4.32,-1.0,1.0,26,2026-11-04,-1.9,0
2026-10-09T17:21:06,2026-10-09,CORT,HOLD,0,EMA Crossover (9/21),HIGH,6,50.82,118.54,9.47,0.0,9.74,0.0,0.0,2026-10-18,1.68,4.33,100.0,79.05,28.83,-228.44,-3.78,9.0,2,2026-06-24 to 2026-10-08 (75 days),-1.0,55.5,0.4123,115.12,70.68,BULLISH,HIGH,Strong trend (ADX=36); Last surprise: +500.0%; Earnings conf adj: +1,4.55,-1.0,1.0,26,2026-11-04,500.0,1
2026-10-09T17:20:48,2026-10-09,OKTA,HOLD,0,ADX Trend Following,HIGH,6,50.79,220.21,8.52,0.0,23.03,0.0,0.0,2026-11-03,2.75,5.21,100.0,388.42,218.12,-504.99,-11.98,25.3,3,2026-06-24 to 2026-10-08 (75 days),-1.0,71.7,0.5814,171.28,114.71,BULLISH,HIGH,RSI overbought; Strong trend (ADX=53); Last surprise: +9.4%; Earnings conf adj: +1,3.23,-1.0,1.0,53,2026-12-01,9.38,1
2026-10-09T17:21:54,2026-10-09,VFC,HOLD,0,ADX Trend Following,MEDIUM,3,50.76,14.53,5.24,0.0,3.04,0.0,0.0,2026-10-10,0.58,1.25,100.0,6.42,1.17,43.74,-0.6,1.5,2,2026-06-24 to 2026-10-08 (75 days),-1.0,59.8,0.3149,13.92,16.91,BEARISH,MEDIUM,Strong trend (ADX=46); Last surprise: -22.7%; Earnings conf adj: -1,5.95,-1.0,1.0,19,2026-10-28,-22.73,-1
2026-10-09T17:20:54,2026-10-09,PR,HOLD,0,Stochastic Oscillator,HIGH,6,50.7,22.84,4.32,0.0,6.48,0.0,0.0,2026-10-20,3.88,10.84,100.0,210.74,93.0,-9.05,-3.82,11.0,3,2026-06-24 to 2026-10-08 (75 days),-1.0,56.7,0.3697,22.24,19.3,BULLISH,MEDIUM,Last surprise: +16.9%; Earnings conf adj: +1,5.07,-1.0,1.0,26,2026-11-04,16.95,1
2026-10-09T17:21:13,2026-10-09,RMBS,HOLD,0,MACD Crossover,HIGH,6,50.46,108.47,10.99,0.0,16.48,0.0,0.0,2026-10-22,1.32,2.15,75.0,3.22,61.43,98.92,-18.26,13.8,4,2026-06-24 to 2026-10-08 (75 days),-1.0,60.2,0.6679,95.15,108.24,BEARISH,HIGH,Strong trend (ADX=44); Last surprise: +6.9%; Earnings conf adj: +1,2.81,-1.0,1.0,17,2026-10-26,6.94,1
2026-10-09T17:19:19,2026-10-09,CVS,HOLD,0,Stochastic Oscillator,HIGH,4,50.09,87.8,3.48,0.0,5.22,0.0,0.0,2026-10-28,0.4,0.7,100.0,18.71,5.43,43.87,-4.41,19.5,2,2026-06-24 to 2026-10-08 (75 days),-1.0,43.0,0.2655,93.28,87.15,BULLISH,MEDIUM,Strong trend (ADX=32); Last surprise: +39.5%; Earnings conf adj: +1,7.06,-1.0,1.0,26,2026-11-04,39.46,1
2026-10-09T17:19:25,2026-10-09,DXCM,HOLD,0,VWAP Trend,HIGH,6,50.07,84.41,3.55,0.0,2.52,0.0,0.0,2026-10-10,1.22,2.76,66.7,2.83,34.49,-57.0,-5.52,1.8,9,2026-06-24 to 2026-10-08 (75 days),-1.0,43.1,0.2381,87.26,73.42,BULLISH,MEDIUM,Last surprise: +14.8%; Earnings conf adj: +1,7.87,-1.0,1.0,20,2026-10-29,14.75,1
2026-10-09T17:21:23,2026-10-09,DAR,HOLD,0,Stochastic Oscillator,HIGH,5,49.52,62.25,5.65,0.0,7.79,0.0,0.0,2026-10-20,3.93,10.69,100.0,231.88,103.0,26.11,-4.64,11.3,3,2026-06-24 to 2026-10-08 (75 days),-1.0,48.2,0.2944,63.59,56.74,BULLISH,MEDIUM,Last surprise: +68.2%; Earnings conf adj: +1,6.37,-1.0,1.0,20,2026-10-29,68.24,1
2026-10-09T17:21:44,2026-10-09,ENS,BUY,1,VWAP Trend,HIGH,5,49.42,179.31,4.86,170.6,4.48,187.34,7.5,2026-10-11,1.82,3.25,80.0,2.59,41.16,90.21,-7.07,2.3,10,2026-06-24 to 2026-10-08 (75 days),0.302,44.6,0.3748,185.22,189.95,BEARISH,MEDIUM,Last surprise: +29.3%; Earnings conf adj: +1; Size: Kelly 10.0% / VolTgt 5.0% / Blend 7.5%,5.0,-1.0,1.0,26,2026-11-04,29.33,1
2026-10-09T17:20:02,2026-10-09,MO,HOLD,0,Stochastic Oscillator,HIGH,4,49.05,71.42,2.21,0.0,3.31,0.0,0.0,2026-10-25,1.5,2.26,100.0,72.04,25.42,23.08,-6.55,16.0,2,2026-06-24 to 2026-10-08 (75 days),-1.0,66.3,0.1791,67.38,65.7,BULLISH,LOW,Price at statistical extreme; Last surprise: -1.3%,10.0,-1.0,1.0,20,2026-10-29,-1.33,0
2026-10-09T17:19:08,2026-10-09,CASY,HOLD,0,MACD Crossover,HIGH,5,48.77,642.28,3.92,0.0,5.88,0.0,0.0,2026-10-27,1.82,3.14,100.0,95.77,36.03,88.84,-5.89,18.5,2,2026-06-24 to 2026-10-08 (75 days),-1.0,47.2,0.307,726.96,733.15,BEARISH,MEDIUM,Price at statistical extreme; Last surprise: +8.1%; Earnings conf adj: +1,6.11,-1.0,1.0,60,2026-12-08,8.06,1
2026-10-09T17:22:16,2026-10-09,WING,HOLD,0,VWAP Trend,LOW,1,48.77,118.5,8.72,0.0,12.97,0.0,0.0,2026-10-14,0.17,0.24,53.8,1.1,-2.75,57.47,-22.27,5.8,13,2026-06-24 to 2026-10-08 (75 days),-1.0,61.2,0.6842,112.12,173.06,BEARISH,HIGH,Strong trend (ADX=34); Last surprise: +15.7%; Earnings conf adj: +1,2.74,-1.0,1.0,19,2026-10-28,15.69,1
2026-10-09T17:22:23,2026-10-09,USO,HOLD,0,Stochastic Oscillator,HIGH,4,48.64,147.58,7.81,0.0,11.05,0.0,0.0,2026-10-20,4.02,11.79,100.0,338.06,178.76,-27.01,-3.56,11.7,3,2026-06-24 to 2026-10-08 (75 days),-1.0,52.6,0.4101,138.75,116.73,BULLISH,HIGH,No special conditions,4.57,-1.0,1.0,-1,,,0
2026-10-09T17:20:50,2026-10-09,MTSI,HOLD,0,ADX Trend Following,HIGH,4,48.5,322.21,9.41,0.0,23.76,0.0,0.0,2026-10-26,1.67,2.38,100.0,189.93,80.47,119.77,-16.25,17.0,2,2026-06-24 to 2026-10-08 (75 days),-1.0,60.4,0.7317,282.05,276.51,BULLISH,HIGH,Strong trend (ADX=41); Last surprise: +3.7%,2.56,-1.0,1.0,27,2026-11-05,3.7,0
2026-10-09T17:20:57,2026-10-09,CLH,HOLD,0,Stochastic Oscillator,HIGH,4,48.45,317.34,2.16,0.0,3.24,0.0,0.0,2026-10-25,0.74,1.25,100.0,26.12,5.89,-16.89,-3.5,16.0,2,2026-06-24 to 2026-10-08 (75 days),-1.0,52.6,0.1481,315.6,292.48,BULLISH,LOW,Last surprise: +14.2%; Earnings conf adj: +1,10.0,-1.0,1.0,19,2026-10-28,14.18,1
2026-10-09T17:20:28,2026-10-09,SW,HOLD,1,Stochastic Oscillator,LOW,1,48.42,41.45,4.56,39.56,6.84,44.29,0.0,2026-10-20,0.49,0.65,100.0,27.28,6.67,37.25,-7.92,11.5,2,2026-06-24 to 2026-10-08 (75 days),-1.0,33.6,0.2817,45.99,42.73,BULLISH,MEDIUM,Strong trend (ADX=44); Last surprise: -16.7%; Earnings conf adj: -1,6.66,-1.0,1.0,19,2026-10-28,-16.67,-1
2026-10-09T17:20:57,2026-10-09,BURL,HOLD,0,MACD Crossover,HIGH,5,48.28,276.84,4.86,0.0,7.29,0.0,0.0,2026-10-31,1.64,2.69,100.0,100.13,37.71,86.93,-5.98,22.0,2,2026-06-24 to 2026-10-08 (75 days),-1.0,54.5,0.3717,294.72,311.01,BEARISH,MEDIUM,Strong trend (ADX=37); Last surprise: +35.2%; Earnings conf adj: +1,5.04,-1.0,1.0,49,2026-11-27,35.16,1
2026-10-09T17:21:43,2026-10-09,CLF,HOLD,0,VWAP Trend,HIGH,5,48.17,12.19,10.55,0.0,9.33,0.0,0.0,2026-10-13,2.4,6.2,75.0,4.95,153.11,90.6,-8.92,4.2,8,2026-06-24 to 2026-10-08 (75 days),-1.0,53.4,0.5782,11.93,11.36,BULLISH,HIGH,Last surprise: +9.1%; Earnings conf adj: +1,3.24,-1.0,1.0,10,2026-10-19,9.09,1
2026-10-09T17:21:59,2026-10-09,DOCS,EXIT,-1,VWAP Trend,HIGH,4,48.11,29.38,8.0,31.73,12.0,25.85,7.18,2026-10-23,2.17,5.76,66.7,18.87,282.82,60.24,-12.28,14.5,6,2026-06-24 to 2026-10-08 (75 days),-1.0,65.4,0.4286,25.66,26.48,BEARISH,HIGH,High volume; Price at statistical extreme; Strong trend (ADX=31); Last surprise: -3.3%; Size: Kelly 10.0% / VolTgt 4.4% / Blend 7.2%,4.37,-1.0,1.0,27,2026-11-05,-3.33,0
2026-10-09T17:21:08,2026-10-09,DOCU,BUY,1,PEAD Earnings Drift,HIGH,5,48.1,71.43,6.98,66.44,17.98,84.27,7.32,2026-11-10,2.03,3.92,100.0,230.42,107.87,-303.28,-7.43,32.0,2,2026-06-24 to 2026-10-08 (75 days),0.639,61.5,0.4036,64.38,53.68,BULLISH,HIGH,Last surprise: +6.4%; Earnings conf adj: +1; Size: Kelly 10.0% / VolTgt 4.7% / Blend 7.3%,4.65,-1.0,1.0,55,2026-12-03,6.42,1
2026-10-09T17:19:21,2026-10-09,DELL,HOLD,0,VWAP Trend,HIGH,5,48.07,574.55,8.7,0.0,8.08,0.0,0.0,2026-10-11,2.82,12.96,66.7,6.45,160.78,-0.52,-3.65,2.5,6,2026-06-24 to 2026-10-08 (75 days),-1.0,59.4,0.6487,502.03,301.5,BULLISH,HIGH,Last surprise: +43.1%; Earnings conf adj: +1,2.89,-1.0,1.0,49,2026-11-27,43.09,1
2026-10-09T17:20:09,2026-10-09,NWS,HOLD,0,ADX Trend Following,HIGH,5,48.06,31.92,3.48,0.0,10.44,0.0,0.0,2026-11-05,1.87,2.99,100.0,142.84,58.31,10.23,-8.57,27.7,3,2026-06-24 to 2026-10-08 (75 days),-1.0,45.8,0.2541,32.96,30.11,BULLISH,MEDIUM,Last surprise: +52.2%; Earnings conf adj: +1,7.38,-1.0,1.0,27,2026-11-05,52.17,1
2026-10-09T17:21:38,2026-10-09,HQY,HOLD,0,Stochastic Oscillator,HIGH,4,48.05,93.05,3.88,0.0,4.79,0.0,0.0,2026-10-17,3.87,19.09,100.0,192.52,77.79,41.7,-2.52,8.5,2,2026-06-24 to 2026-10-08 (75 days),-1.0,50.1,0.2087,97.64,88.62,BULLISH,MEDIUM,Last surprise: +4.2%,8.99,-1.0,1.0,-43,2026-08-27,4.2,0
2026-10-09T17:19:47,2026-10-09,INTU,HOLD,0,MACD Crossover,HIGH,5,47.74,303.88,7.15,0.0,10.73,0.0,0.0,2026-11-08,2.99,5.62,100.0,337.2,172.52,102.16,-6.5,30.0,2,2026-06-24 to 2026-10-08 (75 days),-1.0,52.4,0.4309,320.49,382.59,BEARISH,HIGH,Last surprise: +12.3%; Earnings conf adj: +1,4.35,-1.0,1.0,41,2026-11-19,12.26,1
2026-10-09T17:20:40,2026-10-09,VLO,BUY,1,52-Week High Momentum,HIGH,5,47.63,443.8,8.0,408.3,22.12,541.97,7.32,2026-11-26,5.0,9.8,100.0,572.12,408.59,-285.68,-9.06,48.0,2,2026-06-24 to 2026-10-08 (75 days),0.254,77.1,0.4054,365.04,264.21,BULLISH,HIGH,RSI overbought; Price at statistical extreme; Strong trend (ADX=35); Last surprise: +23.8%; Earnings conf adj: +1; Size: Kelly 10.0% / VolTgt 4.6% / Blend 7.3%,4.63,-1.0,1.0,13,2026-10-22,23.79,1
2026-10-09T17:20:41,2026-10-09,VRT,HOLD,0,VWAP Trend,HIGH,5,47.62,243.73,7.71,0.0,5.85,0.0,0.0,2026-10-11,3.24,7.08,80.0,8.26,161.71,220.57,-7.82,2.8,5,2026-06-24 to 2026-10-08 (75 days),-1.0,44.2,0.4438,259.26,266.37,BEARISH,HIGH,Last surprise: +6.3%; Earnings conf adj: +1,4.23,-1.0,1.0,12,2026-10-21,6.29,1
2026-10-09T17:21:58,2026-10-09,HRB,HOLD,0,MACD Crossover,HIGH,5,47.34,44.59,4.79,0.0,10.38,0.0,0.0,2026-10-27,1.76,3.47,100.0,191.58,85.24,-21.96,-11.58,18.0,3,2026-06-24 to 2026-10-08 (75 days),-1.0,52.5,0.3108,46.76,38.17,BULLISH,MEDIUM,Strong trend (ADX=31); Last surprise: +7.7%; Earnings conf adj: +1,6.03,-1.0,1.0,27,2026-11-05,7.69,1
2026-10-09T17:21:53,2026-10-09,NOVT,BUY,1,VWAP Trend,HIGH,5,47.2,136.33,8.42,124.85,6.21,144.8,7.02,2026-10-11,1.47,2.16,71.4,2.22,47.12,78.08,-10.52,2.9,7,2026-06-24 to 2026-10-08 (75 days),0.786,40.6,0.4628,147.54,140.86,BULLISH,HIGH,High volume; Last surprise: +7.2%; Earnings conf adj: +1; Size: Kelly 10.0% / VolTgt 4.0% / Blend 7.0%,4.05,-1.0,1.0,25,2026-11-03,7.23,1
2026-10-09T17:19:19,2026-10-09,CTVA,HOLD,0,Stochastic Oscillator,HIGH,4,47.12,13.75,11.22,0.0,16.83,0.0,0.0,2026-10-30,1.78,3.97,100.0,182.78,72.68,13.29,-5.17,21.5,2,2026-06-24 to 2026-10-08 (75 days),-1.0,62.2,0.644,12.26,11.86,BULLISH,HIGH,Strong trend (ADX=56); Last surprise: +3.1%,2.91,-1.0,1.0,33,2026-11-11,3.14,0
2026-10-09T17:19:13,2026-10-09,CIEN,BUY,1,VWAP Trend,HIGH,5,47.03,425.93,10.04,383.17,11.29,474.02,6.24,2026-10-12,2.85,7.94,71.4,5.25,134.46,159.48,-4.79,3.6,7,2026-06-24 to 2026-10-08 (75 days),0.401,62.7,0.7555,379.1,395.58,BEARISH,HIGH,Strong trend (ADX=35); Last surprise: +22.0%; Earnings conf adj: +1; Size: Kelly 10.0% / VolTgt 2.5% / Blend 6.2%,2.48,-1.0,1.0,-36,2026-09-03,21.97,1
2026-10-09T17:19:37,2026-10-09,FTV,BUY,1,ADX Trend Following,HIGH,4,47.03,56.42,2.86,54.81,3.68,58.5,9.26,2026-10-13,2.49,8.97,100.0,57.94,20.14,40.48,-1.28,4.5,2,2026-06-24 to 2026-10-08 (75 days),0.401,48.2,0.2201,57.96,58.21,BEARISH,MEDIUM,Last surprise: +4.2%; Size: Kelly 10.0% / VolTgt 8.5% / Blend 9.3%,8.52,-1.0,1.0,19,2026-10-28,4.23,0
2026-10-09T17:19:32,2026-10-09,FAST,HOLD,0,Stochastic Oscillator,HIGH,4,46.92,50.49,2.27,0.0,3.41,0.0,0.0,2026-10-31,4.81,11.7,100.0,208.48,90.86,53.61,-2.99,22.0,2,2026-06-24 to 2026-10-08 (75 days),-1.0,53.9,0.1529,50.11,46.08,BULLISH,LOW,Earnings in 5d (2026-10-14); Last surprise: +0.0%,10.0,-1.0,1.0,5,2026-10-14,0.0,0
2026-10-09T17:19:00,2026-10-09,APO,HOLD,0,ADX Trend Following,HIGH,4,46.79,115.3,4.59,0.0,8.07,0.0,0.0,2026-10-30,2.18,3.85,100.0,160.41,65.91,83.6,-9.09,21.0,2,2026-06-24 to 2026-10-08 (75 days),-1.0,32.1,0.2236,127.95,125.2,BULLISH,MEDIUM,Strong trend (ADX=63); Last surprise: -2.3%,8.39,-1.0,1.0,25,2026-11-03,-2.31,0
2026-10-09T17:19:10,2026-10-09,CDW,HOLD,0,Stochastic Oscillator,HIGH,4,46.79,139.88,7.65,0.0,10.87,0.0,0.0,2026-10-17,3.84,13.47,100.0,211.83,94.61,64.93,-1.87,8.5,2,2026-06-24 to 2026-10-08 (75 days),-1.0,50.3,0.4734,141.83,130.46,BULLISH,HIGH,High volume; Last surprise: +3.9%,3.96,-1.0,1.0,25,2026-11-03,3.93,0
2026-10-09T17:20:57,2026-10-09,OVV,HOLD,0,MACD Crossover,MEDIUM,3,46.73,63.37,4.27,0.0,8.54,0.0,0.0,2026-10-24,1.91,2.81,100.0,122.03,48.58,-41.0,-8.19,15.0,3,2026-06-24 to 2026-10-08 (75 days),-1.0,56.9,0.3809,62.64,54.75,BULLISH,MEDIUM,Last surprise: -10.3%; Earnings conf adj: -1,4.92,-1.0,1.0,26,2026-11-04,-10.31,-1
2026-10-09T17:18:51,2026-10-09,ABNB,HOLD,0,MACD Crossover,HIGH,5,46.53,163.23,5.04,0.0,11.62,0.0,0.0,2026-10-24,2.4,10.02,100.0,261.3,120.51,68.71,-3.2,15.5,2,2026-06-24 to 2026-10-08 (75 days),-1.0,48.2,0.3748,170.76,144.06,BULLISH,MEDIUM,Last surprise: +9.6%; Earnings conf adj: +1,5.0,-1.0,1.0,27,2026-11-05,9.6,1
2026-10-09T17:18:57,2026-10-09,ALLE,BUY,1,VWAP Trend,HIGH,5,46.5,149.99,3.76,144.35,3.62,155.42,9.12,2026-10-13,1.76,4.89,57.1,2.9,46.37,-2.21,-4.65,4.1,7,2026-06-24 to 2026-10-08 (75 days),0.512,41.6,0.2272,157.44,149.1,BULLISH,MEDIUM,Last surprise: +8.1%; Earnings conf adj: +1; Size: Kelly 10.0% / VolTgt 8.2% / Blend 9.1%,8.25,-1.0,1.0,13,2026-10-22,8.11,1
2026-10-09T17:20:47,2026-10-09,YUM,HOLD,0,Stochastic Oscillator,HIGH,4,46.4,143.0,2.66,0.0,3.99,0.0,0.0,2026-11-04,1.16,1.92,100.0,70.69,24.48,43.7,-7.8,26.0,2,2026-06-24 to 2026-10-08 (75 days),-1.0,53.5,0.2842,145.47,152.47,BEARISH,MEDIUM,Strong trend (ADX=35); Last surprise: +3.8%,6.6,-1.0,1.0,25,2026-11-03,3.85,0
2026-10-09T17:20:50,2026-10-09,ENTG,HOLD,0,MACD Crossover,HIGH,4,46.05,162.19,7.87,0.0,14.15,0.0,0.0,2026-10-21,0.97,1.53,66.7,2.98,31.15,48.16,-15.6,12.7,3,2026-06-24 to 2026-10-08 (75 days),-1.0,62.4,0.5044,145.16,133.61,BULLISH,HIGH,Strong trend (ADX=36); Last surprise: +13.4%; Earnings conf adj: +1,3.72,-1.0,1.0,20,2026-10-29,13.41,1
2026-10-09T17:19:41,2026-10-09,HAS,HOLD,0,VWAP Trend,HIGH,4,46.03,92.5,3.89,0.0,3.08,0.0,0.0,2026-10-12,2.29,6.38,50.0,3.64,57.38,10.71,-4.24,3.1,8,2026-06-24 to 2026-10-08 (75 days),-1.0,58.1,0.2225,91.71,89.5,BULLISH,MEDIUM,Strong trend (ADX=38); Last surprise: +13.3%; Earnings conf adj: +1,8.43,-1.0,1.0,11,2026-10-20,13.27,1
2026-10-09T17:22:08,2026-10-09,BCO,HOLD,0,Stochastic Oscillator,HIGH,4,46.0,102.36,4.71,0.0,4.99,0.0,0.0,2026-10-17,3.48,15.78,100.0,147.78,56.32,32.08,-1.65,8.0,2,2026-06-24 to 2026-10-08 (75 days),-1.0,41.1,0.2242,109.13,111.23,BEARISH,MEDIUM,Last surprise: +4.4%,8.36,-1.0,1.0,26,2026-11-04,4.41,0
2026-10-09T17:19:24,2026-10-09,DPZ,HOLD,0,MACD Crossover,HIGH,4,45.7,308.65,3.71,0.0,5.56,0.0,0.0,2026-11-01,2.36,4.69,100.0,170.02,71.84,41.98,-5.38,23.5,2,2026-06-24 to 2026-10-08 (75 days),-1.0,50.3,0.2944,326.19,347.28,BEARISH,MEDIUM,Earnings in 4d (2026-10-13); Last surprise: -2.4%,6.37,-1.0,1.0,4,2026-10-13,-2.4,0
2026-10-09T17:20:42,2026-10-09,WAB,HOLD,0,Stochastic Oscillator,HIGH,5,45.67,280.8,2.69,0.0,4.04,0.0,0.0,2026-10-30,3.07,11.07,100.0,207.93,90.29,79.11,-2.84,21.5,2,2026-06-24 to 2026-10-08 (75 days),-1.0,42.2,0.198,289.41,262.52,BULLISH,LOW,Last surprise: +5.7%; Earnings conf adj: +1,9.47,-1.0,1.0,12,2026-10-21,5.75,1
2026-10-09T17:21:05,2026-10-09,AMKR,HOLD,0,VWAP Trend,MEDIUM,2,45.17,51.0,9.47,0.0,10.24,0.0,0.0,2026-10-14,-0.32,-0.35,75.0,0.95,-27.69,52.96,-29.83,5.0,4,2026-06-24 to 2026-10-08 (75 days),-1.0,46.7,0.5813,51.61,57.38,BEARISH,HIGH,Last surprise: +45.8%; Earnings conf adj: +1,3.23,-1.0,1.0,17,2026-10-26,45.83,1
2026-10-09T17:19:46,2026-10-09,ICE,HOLD,0,Stochastic Oscillator,HIGH,4,45.16,155.35,2.68,0.0,4.02,0.0,0.0,2026-10-20,4.33,18.46,100.0,184.12,73.69,-11.73,-1.5,11.0,2,2026-06-24 to 2026-10-08 (75 days),-1.0,53.1,0.1795,155.21,153.9,BULLISH,LOW,Last surprise: +3.3%,10.0,-1.0,1.0,20,2026-10-29,3.26,0
2026-10-09T17:20:06,2026-10-09,NDSN,HOLD,0,Stochastic Oscillator,HIGH,5,45.06,326.87,2.24,0.0,3.36,0.0,0.0,2026-10-28,3.6,6.55,100.0,132.72,48.07,6.62,-2.77,19.0,2,2026-06-24 to 2026-10-08 (75 days),-1.0,55.7,0.1719,317.52,287.53,BULLISH,LOW,Strong trend (ADX=36); Last surprise: +5.2%; Earnings conf adj: +1,10.0,-1.0,1.0,-51,2026-08-19,5.18,1
2026-10-09T17:21:48,2026-10-09,ELF,HOLD,0,MACD Crossover,HIGH,5,45.04,105.96,5.15,0.0,6.56,0.0,0.0,2026-10-17,2.4,4.91,80.0,10.74,97.53,-343.51,-7.16,8.6,5,2026-06-24 to 2026-10-08 (75 days),-1.0,61.6,0.2843,98.75,78.79,BULLISH,MEDIUM,Strong trend (ADX=35); Last surprise: +143.1%; Earnings conf adj: +1,6.6,-1.0,1.0,26,2026-11-04,143.06,1
2026-10-09T17:19:26,2026-10-09,ECL,HOLD,0,VWAP Trend,HIGH,4,44.65,281.69,2.31,0.0,1.99,0.0,0.0,2026-10-11,1.76,3.12,62.5,2.51,17.5,9.72,-2.35,2.2,8,2026-06-24 to 2026-10-08 (75 days),-1.0,56.9,0.1703,278.64,272.86,BULLISH,LOW,Last surprise: +0.5%,10.0,-1.0,1.0,18,2026-10-27,0.48,0
2026-10-09T17:20:44,2026-10-09,WMB,HOLD,0,Stochastic Oscillator,HIGH,4,44.65,72.34,2.76,0.0,4.14,0.0,0.0,2026-10-30,1.97,3.49,100.0,106.57,40.4,53.26,-6.26,21.5,2,2026-06-24 to 2026-10-08 (75 days),-1.0,54.8,0.1894,71.83,70.53,BULLISH,LOW,Last surprise: +0.0%,9.9,-1.0,1.0,24,2026-11-02,0.0,0
2026-10-09T17:21:58,2026-10-09,OLLI,HOLD,0,MACD Crossover,HIGH,5,44.65,86.71,4.54,0.0,6.81,0.0,0.0,2026-11-03,3.67,6.69,100.0,293.9,152.48,81.63,-8.44,25.5,2,2026-06-24 to 2026-10-08 (75 days),-1.0,62.8,0.3828,78.28,88.95,BEARISH,MEDIUM,Strong trend (ADX=51); Last surprise: +26.8%; Earnings conf adj: +1,4.9,-1.0,1.0,-37,2026-09-02,26.79,1
2026-10-09T17:22:01,2026-10-09,GHC,HOLD,0,ADX Trend Following,HIGH,5,44.65,1184.62,2.52,0.0,4.53,0.0,0.0,2026-10-21,2.73,5.07,100.0,50.64,17.22,13.2,-2.34,12.0,2,2026-06-24 to 2026-10-08 (75 days),-1.0,62.2,0.166,1159.52,1128.3,BULLISH,LOW,Price at statistical extreme; Last surprise: +31.2%; Earnings conf adj: +1,10.0,-1.0,1.0,19,2026-10-28,31.22,1
2026-10-09T17:20:49,2026-10-09,NVT,BUY,1,VWAP Trend,HIGH,5,44.6,164.2,7.59,151.74,5.47,173.18,6.81,2026-10-10,3.22,10.85,66.7,4.86,105.17,111.39,-2.66,1.8,9,2026-06-24 to 2026-10-08 (75 days),0.421,52.7,0.5178,159.36,141.66,BULLISH,HIGH,Last surprise: +25.0%; Earnings conf adj: +1; Size: Kelly 10.0% / VolTgt 3.6% / Blend 6.8%,3.62,-1.0,1.0,21,2026-10-30,25.0,1
2026-10-09T17:20:31,2026-10-09,TER,BUY,1,VWAP Trend,HIGH,5,44.52,398.72,9.76,359.8,9.08,434.92,6.31,2026-10-11,2.68,11.15,80.0,8.91,125.37,146.21,-5.8,2.6,5,2026-06-24 to 2026-10-08 (75 days),0.524,51.4,0.7151,382.07,339.48,BULLISH,HIGH,Strong trend (ADX=33); Last surprise: +20.5%; Earnings conf adj: +1; Size: Kelly 10.0% / VolTgt 2.6% / Blend 6.3%,2.62,-1.0,1.0,12,2026-10-21,20.49,1
2026-10-09T17:20:14,2026-10-09,PGR,HOLD,0,Stochastic Oscillator,HIGH,4,44.19,218.73,3.21,0.0,4.81,0.0,0.0,2026-11-03,2.23,3.76,100.0,130.4,49.52,51.92,-7.34,25.0,2,2026-06-24 to 2026-10-08 (75 days),-1.0,58.9,0.224,214.04,208.25,BULLISH,MEDIUM,Earnings in 5d (2026-10-14); Last surprise: +0.2%,8.37,-1.0,1.0,5,2026-10-14,0.21,0
2026-10-09T17:20:20,2026-10-09,RJF,HOLD,0,MACD Crossover,HIGH,5,44.17,158.6,3.46,0.0,5.01,0.0,0.0,2026-10-18,2.71,5.41,75.0,43.47,30.47,19.22,-2.44,9.5,4,2026-06-24 to 2026-10-08 (75 days),-1.0,39.3,0.2065,170.81,159.73,BULLISH,MEDIUM,Strong trend (ADX=42); Last surprise: +7.9%; Earnings conf adj: +1,9.08,-1.0,1.0,19,2026-10-28,7.9,1
2026-10-09T17:19:48,2026-10-09,IRM,HOLD,0,VWAP Trend,HIGH,5,44.12,112.97,3.97,0.0,3.7,0.0,0.0,2026-10-11,1.36,2.18,66.7,1.93,22.63,59.96,-6.65,2.8,9,2026-06-24 to 2026-10-08 (75 days),-1.0,46.3,0.2806,117.54,111.52,BULLISH,MEDIUM,Last surprise: +7.1%; Earnings conf adj: +1,6.68,-1.0,1.0,26,2026-11-04,7.14,1
2026-10-09T17:19:39,2026-10-09,GNRC,HOLD,0,Stochastic Oscillator,HIGH,5,44.01,224.4,7.54,0.0,11.31,0.0,0.0,2026-11-10,1.86,4.49,100.0,257.63,117.61,172.85,-11.16,32.5,2,2026-06-24 to 2026-10-08 (75 days),-1.0,63.6,0.7672,202.69,214.13,BEARISH,HIGH,Strong trend (ADX=50); Last surprise: +44.8%; Earnings conf adj: +1,2.44,-1.0,1.0,19,2026-10-28,44.78,1
2026-10-09T17:21:07,2026-10-09,COKE,HOLD,0,VWAP Trend,HIGH,4,43.98,191.86,4.32,0.0,3.34,0.0,0.0,2026-10-10,1.87,3.45,70.0,4.65,29.55,-1.31,-4.77,1.9,10,2026-06-24 to 2026-10-08 (75 days),-1.0,50.5,0.308,190.88,182.46,BULLISH,MEDIUM,Last surprise: +32.1%,6.09,-1.0,1.0,19,2026-10-28,32.14,0
2026-10-09T17:20:27,2026-10-09,STLD,HOLD,0,VWAP Trend,MEDIUM,3,43.96,234.17,4.25,0.0,3.86,0.0,0.0,2026-10-11,2.24,5.31,50.0,3.26,28.53,36.96,-2.2,2.0,6,2026-06-24 to 2026-10-08 (75 days),-1.0,49.2,0.3469,241.14,217.15,BULLISH,MEDIUM,Last surprise: +0.5%,5.4,-1.0,1.0,10,2026-10-19,0.54,0
2026-10-09T17:20:08,2026-10-09,NTAP,HOLD,0,ADX Trend Following,HIGH,5,43.92,231.05,7.18,0.0,14.41,0.0,0.0,2026-10-24,1.93,3.19,75.0,7.82,93.05,-195.6,-11.73,15.8,4,2026-06-24 to 2026-10-08 (75 days),-1.0,71.8,0.4603,197.0,140.68,BULLISH,HIGH,RSI overbought; Strong trend (ADX=55); Last surprise: +21.7%; Earnings conf adj: +1,4.07,-1.0,1.0,53,2026-12-01,21.7,1
2026-10-09T17:20:05,2026-10-09,MU,HOLD,0,MACD Crossover,HIGH,5,43.85,1035.84,8.65,0.0,16.8,0.0,0.0,2026-10-28,1.22,1.81,100.0,115.59,44.96,48.97,-10.09,19.7,3,2026-06-24 to 2026-10-08 (75 days),-1.0,51.2,0.4807,973.1,697.81,BULLISH,HIGH,Last surprise: +5.0%; Earnings conf adj: +1,3.9,-1.0,1.0,75,2026-12-23,5.03,1
2026-10-09T17:20:54,2026-10-09,WCC,HOLD,0,Stochastic Oscillator,HIGH,5,43.85,355.93,7.23,0.0,10.85,0.0,0.0,2026-11-04,2.75,5.02,100.0,295.64,147.93,143.53,-9.05,26.0,2,2026-06-24 to 2026-10-08 (75 days),-1.0,48.2,0.4035,354.71,320.17,BULLISH,HIGH,High volume; Strong trend (ADX=36); Last surprise: +15.1%; Earnings conf adj: +1,4.65,-1.0,1.0,20,2026-10-29,15.11,1
2026-10-09T17:18:51,2026-10-09,ABBV,HOLD,0,Stochastic Oscillator,HIGH,4,43.81,272.42,2.48,0.0,3.43,0.0,0.0,2026-10-22,3.54,10.86,100.0,121.66,42.23,-27.48,-1.56,13.0,2,2026-06-24 to 2026-10-08 (75 days),-1.0,67.1,0.1208,258.51,230.48,BULLISH,LOW,Price at statistical extreme; Last surprise: +1.1%,10.0,-1.0,1.0,21,2026-10-30,1.11,0
2026-10-09T17:21:34,2026-10-09,GAP,HOLD,0,MACD Crossover,HIGH,4,43.75,23.36,5.23,0.0,7.85,0.0,0.0,2026-10-29,0.82,1.5,100.0,72.19,26.14,-27.93,-10.95,20.7,3,2026-06-24 to 2026-10-08 (75 days),-1.0,61.9,0.3798,21.23,23.04,BEARISH,MEDIUM,Strong trend (ADX=40); Last surprise: +181.6%; Earnings conf adj: +1,4.94,-1.0,1.0,41,2026-11-19,181.63,1
2026-10-09T17:19:05,2026-10-09,BKR,HOLD,0,MACD Crossover,HIGH,5,43.54,56.3,3.88,0.0,9.89,0.0,0.0,2026-11-01,1.66,3.11,100.0,94.99,35.75,34.98,-4.68,23.0,2,2026-06-24 to 2026-10-08 (75 days),-1.0,42.4,0.262,60.42,59.29,BULLISH,MEDIUM,Last surprise: +30.6%; Earnings conf adj: +1,7.16,-1.0,1.0,18,2026-10-27,30.61,1
2026-10-09T17:22:01,2026-10-09,MTN,BUY,1,Momentum (Rate of Change),HIGH,4,43.53,146.09,4.93,138.89,14.48,167.24,7.84,2026-11-09,2.39,4.02,100.0,187.17,76.3,60.25,-9.52,31.0,2,2026-06-24 to 2026-10-08 (75 days),0.234,61.1,0.3303,140.74,133.09,BULLISH,MEDIUM,Price at statistical extreme; Strong trend (ADX=40); Last surprise: +0.2%; Size: Kelly 10.0% / VolTgt 5.7% / Blend 7.8%,5.68,-1.0,1.0,61,2026-12-09,0.19,0
2026-10-09T17:19:08,2026-10-09,C,HOLD,0,ADX Trend Following,LOW,1,43.52,128.08,3.45,0.0,4.86,0.0,0.0,2026-10-18,0.09,0.11,66.7,1.25,0.33,31.39,-6.93,9.0,3,2026-06-24 to 2026-10-08 (75 days),-1.0,39.6,0.2059,133.66,125.38,BULLISH,MEDIUM,Strong trend (ADX=35); Earnings in 4d (2026-10-13); Last surprise: +15.9%,7.0,-1.0,1.0,4,2026-10-13,15.87,0
2026-10-09T17:19:13,2026-10-09,CME,HOLD,0,Stochastic Oscillator,HIGH,4,43.52,276.44,3.44,0.0,5.16,0.0,0.0,2026-10-23,3.09,9.03,100.0,109.23,38.78,-46.64,-1.93,14.5,2,2026-06-24 to 2026-10-08 (75 days),-1.0,58.7,0.2306,270.82,274.67,BEARISH,MEDIUM,High volume; Last surprise: +2.7%,8.13,-1.0,1.0,12,2026-10-21,2.75,0
2026-10-09T17:19:55,2026-10-09,LITE,HOLD,0,VWAP Trend,HIGH,5,43.4,1048.6,11.87,0.0,7.9,0.0,0.0,2026-10-11,3.47,11.2,77.8,8.79,359.87,249.2,-6.41,2.0,9,2026-06-24 to 2026-10-08 (75 days),-1.0,58.1,0.709,912.14,760.63,BULLISH,HIGH,Strong trend (ADX=36); Last surprise: +8.8%; Earnings conf adj: +1,2.64,-1.0,1.0,27,2026-11-05,8.75,1
2026-10-09T17:20:51,2026-10-09,RS,HOLD,0,Stochastic Oscillator,HIGH,5,43.33,396.91,3.43,0.0,5.15,0.0,0.0,2026-11-19,2.82,4.5,100.0,173.94,72.14,71.09,-4.06,41.0,2,2026-06-24 to 2026-10-08 (75 days),-1.0,51.9,0.2374,399.37,357.56,BULLISH,MEDIUM,Last surprise: +14.6%; Earnings conf adj: +1,7.9,-1.0,1.0,12,2026-10-21,14.63,1
2026-10-09T17:18:52,2026-10-09,ADI,HOLD,0,VWAP Trend,MEDIUM,3,43.29,405.93,4.03,0.0,4.15,0.0,0.0,2026-10-11,0.86,1.35,57.1,3.3,9.46,14.31,-3.5,2.3,7,2026-06-24 to 2026-10-08 (75 days),-1.0,60.4,0.3476,378.81,360.63,BULLISH,MEDIUM,Strong trend (ADX=43); Last surprise: +3.3%,5.39,-1.0,1.0,46,2026-11-24,3.29,0
2026-10-09T17:19:32,2026-10-09,F,BUY,1,VWAP Trend,HIGH,5,43.22,12.25,3.61,11.81,2.81,12.59,8.9,2026-10-11,1.5,2.45,60.0,2.03,14.65,46.19,-4.22,2.2,5,2026-06-24 to 2026-10-08 (75 days),0.337,37.2,0.2404,13.55,13.25,BULLISH,MEDIUM,Strong trend (ADX=61); Last surprise: +20.0%; Earnings conf adj: +1; Size: Kelly 10.0% / VolTgt 7.8% / Blend 8.9%,7.8,-1.0,1.0,19,2026-10-28,20.0,1
2026-10-09T17:21:35,2026-10-09,AGCO,HOLD,0,VWAP Trend,LOW,1,43.21,108.13,5.7,0.0,5.33,0.0,0.0,2026-10-12,0.01,0.02,66.7,1.06,-2.33,14.73,-11.7,3.9,9,2026-06-24 to 2026-10-08 (75 days),-1.0,37.1,0.3431,112.94,116.05,BEARISH,MEDIUM,Price at statistical extreme; Strong trend (ADX=32); Last surprise: -3.4%,5.47,-1.0,1.0,20,2026-10-29,-3.38,0
2026-10-09T17:20:36,2026-10-09,TXN,BUY,1,Momentum (Rate of Change),HIGH,5,43.01,288.2,3.83,277.16,8.88,313.79,8.16,2026-10-23,2.02,4.0,100.0,117.65,40.67,54.98,-3.36,14.5,2,2026-06-24 to 2026-10-08 (75 days),0.321,60.8,0.2963,271.75,249.55,BULLISH,MEDIUM,Strong trend (ADX=39); Last surprise: +10.3%; Earnings conf adj: +1; Size: Kelly 10.0% / VolTgt 6.3% / Blend 8.2%,6.33,-1.0,1.0,12,2026-10-21,10.31,1
2026-10-09T17:21:03,2026-10-09,UNM,HOLD,0,ADX Trend Following,MEDIUM,3,43.0,92.64,4.23,0.0,5.94,0.0,0.0,2026-10-19,0.85,1.34,75.0,2.86,11.61,-6.91,-6.93,10.0,4,2026-06-24 to 2026-10-08 (75 days),-1.0,53.1,0.2384,91.62,82.36,BULLISH,MEDIUM,Last surprise: +0.5%,7.86,-1.0,1.0,25,2026-11-03,0.47,0
2026-10-09T17:21:15,2026-10-09,LFUS,HOLD,0,VWAP Trend,HIGH,5,42.93,425.3,6.6,0.0,5.64,0.0,0.0,2026-10-11,1.43,2.7,62.5,2.26,28.81,53.81,-6.53,2.4,8,2026-06-24 to 2026-10-08 (75 days),-1.0,48.9,0.4625,428.64,389.47,BULLISH,HIGH,Strong trend (ADX=31); Last surprise: +10.8%; Earnings conf adj: +1,4.05,-1.0,1.0,19,2026-10-28,10.85,1
2026-10-09T17:20:32,2026-10-09,TKO,HOLD,0,Stochastic Oscillator,HIGH,4,42.77,181.63,4.53,0.0,6.79,0.0,0.0,2026-11-01,0.92,1.36,100.0,41.31,14.1,45.26,-7.08,23.5,2,2026-06-24 to 2026-10-08 (75 days),-1.0,46.7,0.2106,187.2,194.52,BEARISH,MEDIUM,Strong trend (ADX=45); Last surprise: +22.9%; Earnings conf adj: +1,8.9,-1.0,1.0,26,2026-11-04,22.94,1
2026-10-09T17:21:17,2026-10-09,HUBS,HOLD,0,ADX Trend Following,HIGH,5,42.65,231.84,10.75,0.0,16.12,0.0,0.0,2026-10-20,1.55,2.05,100.0,227.79,106.64,-26.88,-19.39,11.8,4,2026-06-24 to 2026-10-08 (75 days),-1.0,54.5,0.6767,230.14,243.13,BEARISH,HIGH,Last surprise: +7.9%; Earnings conf adj: +1,2.77,-1.0,1.0,26,2026-11-04,7.95,1
2026-10-09T17:19:26,2026-10-09,ECHO,HOLD,0,Stochastic Oscillator,MEDIUM,2,42.63,93.36,6.97,0.0,10.46,0.0,0.0,2026-11-05,0.71,1.15,66.7,1.87,21.77,42.25,-17.35,27.7,3,2026-06-24 to 2026-10-08 (75 days),-1.0,51.3,0.405,90.41,108.62,BEARISH,HIGH,Strong trend (ADX=30); Last surprise: -94.7%; Earnings conf adj: -1,4.63,-1.0,1.0,27,2026-11-05,-94.66,-1
2026-10-09T17:19:05,2026-10-09,BKNG,HOLD,0,MACD Crossover,HIGH,4,42.56,159.97,5.3,0.0,8.23,0.0,0.0,2026-10-21,1.23,2.24,100.0,66.48,23.44,57.54,-4.51,12.0,2,2026-06-24 to 2026-10-08 (75 days),-1.0,35.9,0.3018,186.64,180.73,BULLISH,MEDIUM,Strong trend (ADX=33); Last surprise: +4.5%,6.21,-1.0,1.0,25,2026-11-03,4.53,0
2026-10-09T17:21:17,2026-10-09,CGNX,HOLD,0,Stochastic Oscillator,HIGH,5,42.43,60.91,7.65,0.0,11.48,0.0,0.0,2026-11-09,1.8,2.89,100.0,183.08,78.77,92.23,-10.15,31.5,2,2026-06-24 to 2026-10-08 (75 days),-1.0,48.3,0.5158,62.2,56.19,BULLISH,HIGH,Last surprise: +7.1%; Earnings conf adj: +1,3.64,-1.0,1.0,19,2026-10-28,7.14,1
2026-10-09T17:21:13,2026-10-09,FIVE,HOLD,0,ADX Trend Following,HIGH,5,42.39,209.73,6.38,0.0,13.72,0.0,0.0,2026-11-05,1.91,3.27,100.0,170.71,71.57,25.78,-10.14,27.5,2,2026-06-24 to 2026-10-08 (75 days),-1.0,35.5,0.3323,234.88,215.36,BULLISH,MEDIUM,Strong trend (ADX=48); Last surprise: +19.1%; Earnings conf adj: +1,5.64,-1.0,1.0,54,2026-12-02,19.15,1
2026-10-09T17:20:17,2026-10-09,PTC,HOLD,0,Stochastic Oscillator,HIGH,4,42.3,193.73,7.67,0.0,11.5,0.0,0.0,2026-10-28,2.56,17.58,100.0,538.88,341.02,-187.31,-4.02,19.5,2,2026-06-24 to 2026-10-08 (75 days),-1.0,80.8,1.2094,147.65,145.46,BULLISH,HIGH,RSI overbought; High volume; Strong trend (ADX=51); Last surprise: +1.3%,1.55,-1.0,1.0,33,2026-11-11,1.28,0
2026-10-09T17:19:28,2026-10-09,EOG,HOLD,0,MACD Crossover,MEDIUM,2,42.19,148.51,3.45,0.0,6.9,0.0,0.0,2026-10-19,0.35,0.48,75.0,1.57,5.46,-38.43,-12.05,10.0,4,2026-06-24 to 2026-10-08 (75 days),-1.0,59.6,0.326,144.52,131.75,BULLISH,MEDIUM,Last surprise: +2.0%,5.75,-1.0,1.0,27,2026-11-05,2.01,0
2026-10-09T17:19:09,2026-10-09,CBOE,HOLD,0,Stochastic Oscillator,HIGH,4,42.08,294.08,8.04,0.0,12.06,0.0,0.0,2026-10-28,3.23,7.32,100.0,227.33,102.06,25.58,-7.18,19.0,2,2026-06-24 to 2026-10-08 (75 days),-1.0,60.6,0.4113,286.37,286.6,BEARISH,HIGH,High volume; Price at statistical extreme; Last surprise: +2.0%,4.56,-1.0,1.0,21,2026-10-30,2.01,0
2026-10-09T17:19:52,2026-10-09,KEYS,HOLD,0,Stochastic Oscillator,HIGH,5,42.04,374.67,4.07,0.0,6.11,0.0,0.0,2026-11-08,2.54,4.17,100.0,226.18,100.31,75.79,-9.57,30.5,2,2026-06-24 to 2026-10-08 (75 days),-1.0,63.0,0.3796,339.99,306.15,BULLISH,MEDIUM,High volume; Strong trend (ADX=48); Last surprise: +23.8%; Earnings conf adj: +1,4.94,-1.0,1.0,46,2026-11-24,23.79,1
2026-10-09T17:21:20,2026-10-09,BSY,EXIT,-1,Stochastic Oscillator,HIGH,5,42.04,34.82,7.46,37.42,11.19,30.92,7.22,2026-10-27,2.59,6.13,100.0,201.24,88.74,-6.77,-5.23,18.5,2,2026-06-24 to 2026-10-08 (75 days),-1.0,57.6,0.4218,34.28,34.33,BEARISH,HIGH,Strong trend (ADX=33); Last surprise: +9.4%; Earnings conf adj: +1; Size: Kelly 10.0% / VolTgt 4.5% / Blend 7.2%,4.45,-1.0,1.0,27,2026-11-05,9.37,1
2026-10-09T17:19:24,2026-10-09,DOW,HOLD,0,MACD Crossover,HIGH,5,42.0,28.59,4.22,0.0,6.33,0.0,0.0,2026-11-03,1.23,1.98,100.0,91.74,34.65,39.86,-8.33,25.0,2,2026-06-24 to 2026-10-08 (75 days),-1.0,48.7,0.2669,29.57,31.53,BEARISH,MEDIUM,High volume; Last surprise: +12.5%; Earnings conf adj: +1,7.03,-1.0,1.0,13,2026-10-22,12.5,1
2026-10-09T17:21:36,2026-10-09,PCTY,HOLD,0,MACD Crossover,HIGH,5,41.96,153.02,4.09,0.0,10.36,0.0,0.0,2026-11-02,3.31,6.27,100.0,324.87,167.3,-107.78,-5.58,24.5,2,2026-06-24 to 2026-10-08 (75 days),-1.0,62.8,0.2658,147.59,125.02,BULLISH,MEDIUM,Price at statistical extreme; Last surprise: +14.3%; Earnings conf adj: +1,7.06,-1.0,1.0,25,2026-11-03,14.29,1
2026-10-09T17:20:46,2026-10-09,XOM,HOLD,0,EMA Crossover (9/21),HIGH,5,41.87,168.5,3.16,0.0,9.48,0.0,0.0,2026-11-19,2.55,4.35,100.0,163.06,68.6,-38.75,-6.51,41.5,2,2026-06-24 to 2026-10-08 (75 days),-1.0,63.5,0.2422,161.09,148.67,BULLISH,MEDIUM,Last surprise: +13.2%; Earnings conf adj: +1,7.74,-1.0,1.0,21,2026-10-30,13.22,1
2026-10-09T17:21:53,2026-10-09,ACI,HOLD,0,Stochastic Oscillator,MEDIUM,3,41.86,12.34,4.2,0.0,6.3,0.0,0.0,2026-11-21,1.39,2.43,100.0,117.94,45.19,78.84,-10.59,43.0,2,2026-06-24 to 2026-10-08 (75 days),-1.0,56.4,0.3732,12.1,15.0,BEARISH,MEDIUM,High volume; Strong trend (ADX=33); Earnings in 4d (2026-10-13); Last surprise: -22.2%; Earnings conf adj: -1,5.02,-1.0,1.0,4,2026-10-13,-22.22,-1
2026-10-09T17:22:07,2026-10-09,VNT,HOLD,0,VWAP Trend,HIGH,5,41.86,32.2,3.78,0.0,5.67,0.0,0.0,2026-10-21,2.64,4.92,57.1,4.68,84.71,60.68,-7.54,12.9,7,2026-06-24 to 2026-10-08 (75 days),-1.0,52.6,0.2331,32.47,34.04,BEARISH,MEDIUM,Last surprise: +11.2%; Earnings conf adj: +1,8.05,-1.0,1.0,20,2026-10-29,11.25,1
2026-10-09T17:18:59,2026-10-09,APA,HOLD,0,Stochastic Oscillator,HIGH,4,41.83,45.47,6.88,0.0,10.32,0.0,0.0,2026-10-22,3.32,6.88,100.0,214.12,93.01,-101.93,-5.05,13.0,2,2026-06-24 to 2026-10-08 (75 days),-1.0,60.2,0.4212,42.27,35.46,BULLISH,HIGH,Last surprise: +1.1%,4.45,-1.0,1.0,26,2026-11-04,1.07,0
2026-10-09T17:20:15,2026-10-09,PM,HOLD,0,Stochastic Oscillator,HIGH,5,41.81,200.5,3.38,0.0,5.07,0.0,0.0,2026-11-01,2.33,3.93,100.0,110.98,41.52,-14.94,-3.79,23.0,2,2026-06-24 to 2026-10-08 (75 days),-1.0,68.0,0.2163,188.25,175.78,BULLISH,MEDIUM,Price at statistical extreme; Last surprise: +7.3%; Earnings conf adj: +1,8.67,-1.0,1.0,12,2026-10-21,7.32,1
2026-10-09T17:19:16,2026-10-09,COP,BUY,1,ADX Trend Following,HIGH,5,41.69,134.19,3.59,129.37,10.6,148.41,7.72,2026-10-24,1.22,1.76,75.0,4.98,27.83,-93.89,-8.98,15.2,4,2026-06-24 to 2026-10-08 (75 days),0.456,60.1,0.3452,128.88,116.14,BULLISH,MEDIUM,Last surprise: +10.6%; Earnings conf adj: +1; Size: Kelly 10.0% / VolTgt 5.4% / Blend 7.7%,5.43,-1.0,1.0,27,2026-11-05,10.58,1
2026-10-09T17:21:28,2026-10-09,RRC,HOLD,0,MACD Crossover,HIGH,5,41.66,40.77,4.0,0.0,14.0,0.0,0.0,2026-11-14,2.24,3.75,100.0,154.41,63.32,13.88,-6.24,36.0,2,2026-06-24 to 2026-10-08 (75 days),-1.0,58.9,0.3794,39.95,39.29,BULLISH,MEDIUM,Strong trend (ADX=32); Last surprise: +21.5%; Earnings conf adj: +1,4.94,-1.0,1.0,18,2026-10-27,21.54,1
2026-10-09T17:19:17,2026-10-09,CRM,HOLD,0,VWAP Trend,HIGH,5,41.57,227.8,5.17,0.0,7.5,0.0,0.0,2026-10-17,2.28,9.72,75.0,22.55,157.68,-134.59,-5.16,8.0,4,2026-06-24 to 2026-10-08 (75 days),-1.0,46.9,0.337,223.8,199.08,BULLISH,MEDIUM,Strong trend (ADX=32); Last surprise: +80.4%; Earnings conf adj: +1,5.56,-1.0,1.0,54,2026-12-02,80.43,1
2026-10-09T17:20:41,2026-10-09,VST,HOLD,0,ADX Trend Following,MEDIUM,2,41.42,156.14,8.92,0.0,13.38,0.0,0.0,2026-10-22,1.22,2.2,50.0,3.03,39.39,52.29,-8.42,13.2,4,2026-06-24 to 2026-10-08 (75 days),-1.0,60.7,0.5523,143.47,154.3,BEARISH,HIGH,High volume; Strong trend (ADX=32); Last surprise: -54.2%; Earnings conf adj: -1,3.39,-1.0,1.0,28,2026-11-06,-54.22,-1
2026-10-09T17:18:53,2026-10-09,ADSK,EXIT,-1,Stochastic Oscillator,HIGH,5,41.25,233.6,6.32,248.36,9.48,211.45,7.24,2026-10-30,2.76,6.5,100.0,214.54,95.7,2.79,-11.25,21.0,2,2026-06-24 to 2026-10-08 (75 days),-1.0,58.6,0.4185,233.47,237.64,BEARISH,HIGH,Strong trend (ADX=33); Last surprise: +5.8%; Earnings conf adj: +1; Size: Kelly 10.0% / VolTgt 4.5% / Blend 7.2%,4.48,-1.0,1.0,49,2026-11-27,5.77,1
2026-10-09T17:19:27,2026-10-09,EIX,HOLD,0,Composite Multi-Indicator,HIGH,5,41.24,54.3,3.71,0.0,5.56,0.0,0.0,2026-10-18,2.48,16.38,100.0,29.49,10.02,72.05,-0.3,9.0,1,2026-06-24 to 2026-10-08 (75 days),-1.0,43.2,0.2542,61.4,66.14,BEARISH,MEDIUM,High volume; Last surprise: +27.3%; Earnings conf adj: +1,7.38,-1.0,1.0,20,2026-10-29,27.27,1
2026-10-09T17:21:00,2026-10-09,VNOM,HOLD,0,Stochastic Oscillator,MEDIUM,3,41.23,42.63,3.72,0.0,5.58,0.0,0.0,2026-10-29,1.85,3.28,100.0,97.42,34.51,34.53,-5.0,20.5,2,2026-06-24 to 2026-10-08 (75 days),-1.0,53.4,0.337,42.84,42.82,BULLISH,MEDIUM,Strong trend (ADX=30); Last surprise: -5.0%; Earnings conf adj: -1,5.56,-1.0,1.0,24,2026-11-02,-5.0,-1
2026-10-09T17:19:03,2026-10-09,BAX,HOLD,0,MACD Crossover,HIGH,5,41.2,23.9,4.2,0.0,7.22,0.0,0.0,2026-10-24,1.04,1.89,100.0,81.86,30.15,-24.4,-9.37,15.3,3,2026-06-24 to 2026-10-08 (75 days),-1.0,47.4,0.2344,25.28,20.92,BULLISH,MEDIUM,Last surprise: +51.4%; Earnings conf adj: +1,8.0,-1.0,1.0,20,2026-10-29,51.35,1
2026-10-09T17:19:24,2026-10-09,DTE,HOLD,0,VWAP Trend,LOW,1,41.08,127.1,2.05,0.0,2.33,0.0,0.0,2026-10-11,-0.62,-0.9,50.0,0.92,-5.41,37.36,-5.69,2.8,10,2026-06-24 to 2026-10-08 (75 days),-1.0,47.1,0.1767,132.41,138.73,BEARISH,LOW,Strong trend (ADX=39); Last surprise: +15.8%; Earnings conf adj: +1,7.0,-1.0,1.0,20,2026-10-29,15.79,1
2026-10-09T17:19:10,2026-10-09,CEG,HOLD,0,Stochastic Oscillator,HIGH,5,40.83,285.07,10.16,0.0,15.24,0.0,0.0,2026-10-28,2.12,4.54,100.0,198.57,87.05,62.95,-5.2,19.5,2,2026-06-24 to 2026-10-08 (75 days),-1.0,56.8,0.6171,273.18,285.74,BEARISH,HIGH,High volume; Strong trend (ADX=33); Last surprise: +11.8%; Earnings conf adj: +1,3.04,-1.0,1.0,31,2026-11-09,11.84,1
2026-10-09T17:19:39,2026-10-09,GM,HOLD,0,EMA Crossover (9/21),HIGH,5,40.7,82.25,4.46,0.0,15.61,0.0,0.0,2026-11-07,1.49,2.56,100.0,95.27,35.56,19.78,-7.3,29.5,2,2026-06-24 to 2026-10-08 (75 days),-1.0,49.4,0.3969,84.85,80.38,BULLISH,MEDIUM,Strong trend (ADX=35); Last surprise: +11.9%; Earnings conf adj: +1,4.72,-1.0,1.0,11,2026-10-20,11.91,1
2026-10-09T17:20:04,2026-10-09,MSFT,HOLD,0,ADX Trend Following,HIGH,5,40.65,522.61,3.57,0.0,11.29,0.0,0.0,2026-11-22,3.05,8.43,100.0,349.5,184.64,-55.59,-5.15,44.5,2,2026-06-24 to 2026-10-08 (75 days),-1.0,61.8,0.215,498.49,432.44,BULLISH,MEDIUM,Strong trend (ADX=49); Last surprise: +11.8%; Earnings conf adj: +1,8.72,-1.0,1.0,19,2026-10-28,11.79,1
2026-10-09T17:20:29,2026-10-09,T,EXIT,-1,VWAP Trend,HIGH,5,40.56,24.87,2.68,25.54,6.21,23.33,9.41,2026-10-22,2.36,3.54,60.0,4.48,57.92,7.83,-6.49,13.8,5,2026-06-24 to 2026-10-08 (75 days),-1.0,48.9,0.2124,24.98,24.81,BULLISH,MEDIUM,Strong trend (ADX=31); Last surprise: +10.2%; Earnings conf adj: +1; Size: Kelly 10.0% / VolTgt 8.8% / Blend 9.4%,8.83,-1.0,1.0,12,2026-10-21,10.17,1
2026-10-09T17:19:58,2026-10-09,MAR,HOLD,0,Stochastic Oscillator,MEDIUM,3,40.33,361.08,2.29,0.0,3.44,0.0,0.0,2026-11-04,0.94,1.35,100.0,45.54,14.4,32.43,-4.7,26.0,2,2026-06-24 to 2026-10-08 (75 days),-1.0,59.4,0.1806,349.93,349.32,BULLISH,LOW,Strong trend (ADX=38); Last surprise: +3.6%,10.0,-1.0,1.0,24,2026-11-02,3.57,0
2026-10-09T17:19:00,2026-10-09,APTV,HOLD,0,ADX Trend Following,HIGH,4,40.16,44.21,4.45,0.0,6.22,0.0,0.0,2026-10-17,0.83,1.42,100.0,25.91,8.05,73.53,-3.95,8.5,2,2026-06-24 to 2026-10-08 (75 days),-1.0,45.7,0.271,46.59,62.65,BEARISH,MEDIUM,Last surprise: +14.0%; Earnings conf adj: +1,6.92,-1.0,1.0,25,2026-11-03,13.99,1
2026-10-09T17:19:05,2026-10-09,BF-B,HOLD,0,MACD Crossover,HIGH,4,40.15,26.54,3.53,0.0,6.73,0.0,0.0,2026-10-25,1.43,2.74,100.0,78.93,28.64,40.75,-5.79,16.0,2,2026-06-24 to 2026-10-08 (75 days),-1.0,51.6,0.2138,27.01,26.49,BULLISH,MEDIUM,High volume; Last surprise: +2.7%,8.77,-1.0,1.0,55,2026-12-03,2.7,0
2026-10-09T17:19:54,2026-10-09,LH,HOLD,0,VWAP Trend,HIGH,4,40.14,314.2,3.14,0.0,2.78,0.0,0.0,2026-10-11,3.85,8.39,77.8,6.01,76.85,-2.63,-3.96,2.8,9,2026-06-24 to 2026-10-08 (75 days),-1.0,50.4,0.2107,319.61,280.44,BULLISH,MEDIUM,Last surprise: +4.6%,8.9,-1.0,1.0,19,2026-10-28,4.61,0
2026-10-09T17:19:25,2026-10-09,DVN,HOLD,0,Stochastic Oscillator,HIGH,5,40.1,48.92,4.61,0.0,6.92,0.0,0.0,2026-10-18,3.01,6.99,66.7,7.89,59.87,-2.04,-3.55,9.7,3,2026-06-24 to 2026-10-08 (75 days),-1.0,56.9,0.3493,47.08,44.34,BULLISH,MEDIUM,Last surprise: +11.3%; Earnings conf adj: +1,5.37,-1.0,1.0,27,2026-11-05,11.35,1
2026-10-09T17:19:21,2026-10-09,DDOG,HOLD,0,ADX Trend Following,HIGH,5,40.03,273.8,6.16,0.0,8.89,0.0,0.0,2026-10-20,2.27,4.13,80.0,6.04,117.96,15.73,-13.91,11.0,5,2026-06-24 to 2026-10-08 (75 days),-1.0,64.8,0.3405,246.38,187.56,BULLISH,MEDIUM,Strong trend (ADX=54); Last surprise: +12.1%; Earnings conf adj: +1,5.51,-1.0,1.0,27,2026-11-05,12.07,1
2026-10-09T17:19:22,2026-10-09,DG,HOLD,0,VWAP Trend,HIGH,5,39.98,124.27,4.18,0.0,3.93,0.0,0.0,2026-10-11,1.24,2.59,60.0,3.97,12.73,-6.62,-4.02,2.6,5,2026-06-24 to 2026-10-08 (75 days),-1.0,53.7,0.3092,123.58,125.26,BEARISH,MEDIUM,Last surprise: +23.4%; Earnings conf adj: +1,6.06,-1.0,1.0,-43,2026-08-27,23.38,1
2026-10-09T17:19:16,2026-10-09,CPAY,HOLD,0,Stochastic Oscillator,HIGH,5,39.86,402.08,2.36,0.0,3.54,0.0,0.0,2026-10-26,2.76,5.19,100.0,130.15,46.38,-23.29,-3.15,17.5,2,2026-06-24 to 2026-10-08 (75 days),-1.0,52.1,0.164,403.4,348.61,BULLISH,LOW,Last surprise: +6.4%; Earnings conf adj: +1,10.0,-1.0,1.0,26,2026-11-04,6.38,1
2026-10-09T17:20:03,2026-10-09,MRSH,HOLD,0,Stochastic Oscillator,MEDIUM,3,39.85,176.67,2.4,0.0,3.6,0.0,0.0,2026-10-26,0.61,0.91,100.0,23.93,5.49,-23.17,-6.32,17.0,2,2026-06-24 to 2026-10-08 (75 days),-1.0,53.8,0.1747,181.69,174.74,BULLISH,LOW,Strong trend (ADX=38); Last surprise: +2.4%,10.0,-1.0,1.0,6,2026-10-15,2.42,0
2026-10-09T17:19:17,2026-10-09,CRL,HOLD,0,MACD Crossover,HIGH,5,39.82,298.0,8.62,0.0,13.79,0.0,0.0,2026-10-26,2.57,5.57,100.0,183.8,80.47,-194.78,-5.13,17.7,3,2026-06-24 to 2026-10-08 (75 days),-1.0,56.7,0.4163,281.83,212.13,BULLISH,HIGH,Strong trend (ADX=40); Last surprise: +10.2%; Earnings conf adj: +1,4.5,-1.0,1.0,26,2026-11-04,10.22,1
2026-10-09T17:19:29,2026-10-09,EQT,HOLD,0,Stochastic Oscillator,HIGH,4,39.79,52.94,3.81,0.0,5.71,0.0,0.0,2026-11-01,1.91,4.36,100.0,131.02,51.13,39.96,-6.38,23.5,2,2026-06-24 to 2026-10-08 (75 days),-1.0,56.7,0.3043,52.8,55.23,BEARISH,MEDIUM,Strong trend (ADX=30); Last surprise: -2.5%,6.16,-1.0,1.0,18,2026-10-27,-2.5,0
2026-10-09T17:19:20,2026-10-09,CVX,BUY,1,EMA Crossover (9/21),HIGH,5,39.75,211.55,3.03,205.14,9.09,230.78,8.91,2026-11-16,2.41,4.05,100.0,149.57,61.31,-49.4,-7.05,38.5,2,2026-06-24 to 2026-10-08 (75 days),0.381,59.2,0.2398,203.41,185.41,BULLISH,MEDIUM,Last surprise: +8.8%; Earnings conf adj: +1; Size: Kelly 10.0% / VolTgt 7.8% / Blend 8.9%,7.82,-1.0,1.0,21,2026-10-30,8.8,1
2026-10-09T17:20:00,2026-10-09,META,HOLD,0,Stochastic Oscillator,MEDIUM,3,39.68,720.89,7.61,0.0,11.42,0.0,0.0,2026-11-04,2.83,5.56,100.0,280.47,135.41,-4.94,-9.38,26.0,2,2026-06-24 to 2026-10-08 (75 days),-1.0,57.6,0.5379,635.8,628.89,BULLISH,HIGH,Strong trend (ADX=39); Last surprise: -14.4%; Earnings conf adj: -1,3.49,-1.0,1.0,19,2026-10-28,-14.4,-1
2026-10-09T17:20:06,2026-10-09,NI,HOLD,0,VWAP Trend,LOW,1,39.64,40.53,1.98,0.0,2.97,0.0,0.0,2026-10-17,-1.4,-1.88,62.5,0.47,-17.64,23.32,-8.99,8.5,8,2026-06-24 to 2026-10-08 (75 days),-1.0,51.1,0.1634,41.24,44.43,BEARISH,LOW,Strong trend (ADX=39); Last surprise: +0.0%,7.0,-1.0,1.0,19,2026-10-28,0.0,0
2026-10-09T17:19:09,2026-10-09,CCL,HOLD,0,Composite Multi-Indicator,HIGH,5,39.63,26.13,7.5,0.0,11.25,0.0,0.0,2026-10-23,2.37,11.91,100.0,198.17,84.36,112.22,-2.27,14.0,1,2026-06-24 to 2026-10-08 (75 days),-1.0,62.9,0.5494,25.15,27.2,BEARISH,HIGH,Strong trend (ADX=53); Last surprise: +5.9%; Earnings conf adj: +1,3.41,-1.0,1.0,70,2026-12-18,5.93,1
2026-10-09T17:20:38,2026-10-09,URI,HOLD,0,Stochastic Oscillator,HIGH,5,39.44,1050.15,4.9,0.0,7.35,0.0,0.0,2026-11-07,1.6,2.91,100.0,138.54,54.15,63.78,-7.9,29.5,2,2026-06-24 to 2026-10-08 (75 days),-1.0,51.9,0.3154,1061.06,950.45,BULLISH,MEDIUM,Last surprise: +10.1%; Earnings conf adj: +1,5.95,-1.0,1.0,12,2026-10-21,10.09,1
2026-10-09T17:20:47,2026-10-09,ZBRA,HOLD,0,ADX Trend Following,HIGH,5,39.43,382.14,3.99,0.0,8.89,0.0,0.0,2026-11-01,1.5,5.38,100.0,217.51,96.98,-240.29,-10.28,23.3,3,2026-06-24 to 2026-10-08 (75 days),-1.0,64.8,0.2338,359.63,269.73,BULLISH,MEDIUM,Strong trend (ADX=47); Last surprise: +45.0%; Earnings conf adj: +1,8.02,-1.0,1.0,25,2026-11-03,44.98,1
2026-10-09T17:19:34,2026-10-09,FFIV,HOLD,0,ADX Trend Following,HIGH,4,39.2,461.66,4.02,0.0,8.6,0.0,0.0,2026-10-21,1.84,3.26,50.0,3.67,51.88,-34.07,-6.25,12.0,4,2026-06-24 to 2026-10-08 (75 days),-1.0,63.9,0.3154,416.73,349.21,BULLISH,MEDIUM,Strong trend (ADX=40); Last surprise: +18.3%; Earnings conf adj: +1,5.94,-1.0,1.0,18,2026-10-27,18.25,1
2026-10-09T17:20:05,2026-10-09,NDAQ,HOLD,0,Stochastic Oscillator,HIGH,5,39.19,92.37,3.27,0.0,4.91,0.0,0.0,2026-10-29,3.1,7.19,100.0,195.55,78.83,24.6,-5.35,20.0,2,2026-06-24 to 2026-10-08 (75 days),-1.0,47.3,0.2142,94.55,90.07,BULLISH,MEDIUM,Last surprise: +9.2%; Earnings conf adj: +1,8.75,-1.0,1.0,13,2026-10-22,9.18,1
2026-10-09T17:21:38,2026-10-09,CHRD,HOLD,0,Stochastic Oscillator,HIGH,4,39.17,142.34,4.35,0.0,6.52,0.0,0.0,2026-10-23,3.13,7.99,100.0,217.1,90.94,6.26,-5.01,14.5,2,2026-06-24 to 2026-10-08 (75 days),-1.0,53.3,0.3944,141.53,124.81,BULLISH,MEDIUM,Last surprise: -1.2%,4.75,-1.0,1.0,25,2026-11-03,-1.23,0
2026-10-09T17:22:13,2026-10-09,EXPO,HOLD,0,EMA Crossover (9/21),HIGH,4,39.15,69.78,4.31,0.0,15.08,0.0,0.0,2026-11-18,2.16,3.7,100.0,154.3,62.6,-28.63,-6.88,40.0,2,2026-06-24 to 2026-10-08 (75 days),-1.0,58.8,0.3532,67.83,65.88,BULLISH,MEDIUM,Strong trend (ADX=32); Last surprise: +0.0%,5.31,-1.0,1.0,20,2026-10-29,0.0,0
2026-10-09T17:19:27,2026-10-09,EME,HOLD,0,Stochastic Oscillator,HIGH,5,39.14,778.24,4.76,0.0,7.14,0.0,0.0,2026-11-14,1.2,2.65,100.0,141.49,56.53,81.5,-14.12,36.0,2,2026-06-24 to 2026-10-08 (75 days),-1.0,52.2,0.3984,777.93,775.87,BULLISH,MEDIUM,Last surprise: +25.3%; Earnings conf adj: +1,4.71,-1.0,1.0,20,2026-10-29,25.31,1
2026-10-09T17:22:04,2026-10-09,MAT,HOLD,0,Stochastic Oscillator,MEDIUM,3,39.14,16.58,10.4,0.0,15.6,0.0,0.0,2026-11-09,2.22,5.96,100.0,282.82,141.56,58.38,-11.34,31.0,2,2026-06-24 to 2026-10-08 (75 days),-1.0,72.3,0.7473,14.45,15.81,BEARISH,HIGH,RSI overbought; Strong trend (ADX=57); Last surprise: -75.0%; Earnings conf adj: -1,2.51,-1.0,1.0,20,2026-10-29,-75.0,-1
2026-10-09T17:20:35,2026-10-09,TT,EXIT,-1,VWAP Trend,HIGH,4,39.07,469.94,3.49,486.34,3.13,455.23,8.94,2026-10-11,3.29,8.48,55.6,7.0,40.68,48.95,-1.92,2.8,9,2026-06-24 to 2026-10-08 (75 days),-1.0,62.1,0.2377,453.92,447.61,BULLISH,MEDIUM,Last surprise: +1.2%; Size: Kelly 10.0% / VolTgt 7.9% / Blend 8.9%,7.89,-1.0,1.0,20,2026-10-29,1.17,0
2026-10-09T17:21:19,2026-10-09,AVTR,BUY,1,PEAD Earnings Drift,HIGH,5,38.95,15.39,4.88,14.64,14.64,17.64,8.15,2026-11-20,3.77,10.38,100.0,507.85,346.9,-36.38,-6.94,42.5,2,2026-06-24 to 2026-10-08 (75 days),0.524,56.2,0.2974,14.61,10.82,BULLISH,MEDIUM,Last surprise: +10.5%; Earnings conf adj: +1; Size: Kelly 10.0% / VolTgt 6.3% / Blend 8.2%,6.31,-1.0,1.0,19,2026-10-28,10.53,1
2026-10-09T17:21:30,2026-10-09,IDCC,HOLD,0,Stochastic Oscillator,HIGH,5,38.89,328.3,4.69,0.0,7.04,0.0,0.0,2026-11-08,2.66,6.98,100.0,322.08,157.41,70.82,-8.05,30.5,2,2026-06-24 to 2026-10-08 (75 days),-1.0,47.8,0.3218,333.95,316.53,BULLISH,MEDIUM,Last surprise: +202.0%; Earnings conf adj: +1,5.83,-1.0,1.0,20,2026-10-29,201.96,1
2026-10-09T17:19:10,2026-10-09,CF,HOLD,0,MACD Crossover,MEDIUM,3,38.75,113.58,4.86,0.0,12.15,0.0,0.0,2026-11-08,2.04,3.29,100.0,164.42,69.35,27.8,-10.23,30.5,2,2026-06-24 to 2026-10-08 (75 days),-1.0,34.5,0.2934,123.58,112.47,BULLISH,MEDIUM,Strong trend (ADX=48); Last surprise: -15.1%; Earnings conf adj: -1,6.39,-1.0,1.0,26,2026-11-04,-15.08,-1
2026-10-09T17:19:50,2026-10-09,IT,BUY,1,MACD Crossover,HIGH,5,38.74,195.41,7.99,179.8,22.03,238.46,6.76,2026-11-05,2.36,5.39,100.0,423.04,234.77,-60.99,-8.83,27.5,2,2026-06-24 to 2026-10-08 (75 days),0.472,58.5,0.5334,185.14,171.86,BULLISH,HIGH,Last surprise: +17.2%; Earnings conf adj: +1; Size: Kelly 10.0% / VolTgt 3.5% / Blend 6.8%,3.52,-1.0,1.0,25,2026-11-03,17.16,1
2026-10-09T17:20:02,2026-10-09,MPC,HOLD,0,Stochastic Oscillator,HIGH,5,38.65,463.34,5.7,0.0,8.55,0.0,0.0,2026-10-17,4.4,38.44,100.0,285.0,131.38,-634.28,-2.58,8.5,2,2026-06-24 to 2026-10-08 (75 days),-1.0,79.6,0.3982,375.9,266.03,BULLISH,MEDIUM,RSI overbought; Price at statistical extreme; Strong trend (ADX=40); Last surprise: +27.1%; Earnings conf adj: +1,4.71,-1.0,1.0,25,2026-11-03,27.1,1
2026-10-09T17:22:09,2026-10-09,LOPE,HOLD,0,VWAP Trend,HIGH,4,38.56,160.3,4.26,0.0,5.46,0.0,0.0,2026-10-17,1.34,2.04,45.5,3.05,43.54,1.66,-11.59,8.3,11,2026-06-24 to 2026-10-08 (75 days),-1.0,67.4,0.2406,149.96,158.41,BEARISH,MEDIUM,Price at statistical extreme; Last surprise: +8.4%; Earnings conf adj: +1,7.79,-1.0,1.0,26,2026-11-04,8.38,1
2026-10-09T17:22:17,2026-10-09,MZTI,HOLD,0,Stochastic Oscillator,HIGH,4,38.52,102.19,3.8,0.0,5.7,0.0,0.0,2026-10-31,1.24,2.08,100.0,59.6,19.89,45.56,-4.67,22.0,2,2026-06-24 to 2026-10-08 (75 days),-1.0,48.1,0.2132,106.87,127.38,BEARISH,MEDIUM,Last surprise: +4.3%,8.79,-1.0,1.0,26,2026-11-04,4.29,0
2026-10-09T17:20:15,2026-10-09,PLTR,EXIT,-1,Stochastic Oscillator,HIGH,5,38.49,198.78,4.4,207.53,6.41,186.04,9.07,2026-10-21,4.12,14.32,100.0,295.34,141.51,-432.7,-5.34,12.5,2,2026-06-24 to 2026-10-08 (75 days),-1.0,70.0,0.2303,175.24,152.26,BULLISH,MEDIUM,High volume; Strong trend (ADX=45); Last surprise: +17.1%; Earnings conf adj: +1; Size: Kelly 10.0% / VolTgt 8.1% / Blend 9.1%,8.14,-1.0,1.0,24,2026-11-02,17.14,1
2026-10-09T17:20:35,2026-10-09,TTWO,HOLD,0,ADX Trend Following,HIGH,5,38.49,209.37,3.84,0.0,3.45,0.0,0.0,2026-10-11,2.07,31.52,100.0,32.77,10.47,43.73,-0.3,2.0,1,2026-06-24 to 2026-10-08 (75 days),-1.0,47.8,0.3094,223.2,223.77,BEARISH,MEDIUM,Last surprise: +14.3%; Earnings conf adj: +1,6.06,-1.0,1.0,31,2026-11-09,14.29,1
2026-10-09T17:20:49,2026-10-09,ATI,HOLD,0,VWAP Trend,HIGH,5,38.49,188.13,5.25,0.0,4.14,0.0,0.0,2026-10-11,2.41,7.7,66.7,4.8,24.13,39.52,-1.57,2.0,6,2026-06-24 to 2026-10-08 (75 days),-1.0,43.6,0.3715,202.59,168.68,BULLISH,MEDIUM,Strong trend (ADX=31); Last surprise: +18.3%; Earnings conf adj: +1,5.05,-1.0,1.0,18,2026-10-27,18.27,1
2026-10-09T17:18:55,2026-10-09,AIZ,HOLD,0,Stochastic Oscillator,HIGH,4,38.46,272.86,2.68,0.0,4.02,0.0,0.0,2026-10-26,0.71,1.17,100.0,30.39,6.67,-6.67,-3.08,17.5,2,2026-06-24 to 2026-10-08 (75 days),-1.0,50.1,0.1992,279.04,249.8,BULLISH,LOW,Strong trend (ADX=35); Last surprise: +23.7%; Earnings conf adj: +1,9.41,-1.0,1.0,25,2026-11-03,23.75,1
2026-10-09T17:19:50,2026-10-09,JCI,HOLD,0,VWAP Trend,HIGH,4,38.37,154.0,3.42,0.0,3.98,0.0,0.0,2026-10-11,0.79,1.12,57.1,1.57,11.74,-18.79,-5.16,2.6,7,2026-06-24 to 2026-10-08 (75 days),-1.0,59.7,0.3136,146.88,137.71,BULLISH,MEDIUM,Strong trend (ADX=38); Last surprise: +9.2%; Earnings conf adj: +1,5.98,-1.0,1.0,18,2026-10-27,9.23,1
2026-10-09T17:20:59,2026-10-09,JAZZ,HOLD,0,MACD Crossover,MEDIUM,2,38.31,222.45,4.54,0.0,5.33,0.0,0.0,2026-10-17,0.89,1.44,75.0,2.79,11.2,21.75,-4.54,8.2,4,2026-06-24 to 2026-10-08 (75 days),-1.0,29.8,0.2363,245.19,213.18,BULLISH,MEDIUM,RSI oversold; High volume; Price at statistical extreme; Strong trend (ADX=41); Last surprise: -7.6%; Earnings conf adj: -1,7.93,-1.0,1.0,26,2026-11-04,-7.61,-1
2026-10-09T17:19:38,2026-10-09,GLW,HOLD,0,VWAP Trend,HIGH,4,38.29,152.83,10.31,0.0,7.81,0.0,0.0,2026-10-10,2.28,8.0,80.0,5.8,58.76,122.25,-3.46,1.8,5,2026-06-24 to 2026-10-08 (75 days),-1.0,47.1,0.7395,154.91,151.59,BULLISH,HIGH,Last surprise: +4.0%,2.54,-1.0,1.0,18,2026-10-27,4.0,0
2026-10-09T17:21:01,2026-10-09,WPC,HOLD,0,VWAP Trend,MEDIUM,2,38.23,63.13,1.97,0.0,1.85,0.0,0.0,2026-10-11,-2.6,-3.04,57.1,0.33,-10.76,21.14,-4.52,2.6,7,2026-06-24 to 2026-10-08 (75 days),-1.0,28.4,0.1455,68.21,69.08,BEARISH,LOW,RSI oversold; Strong trend (ADX=60); Last surprise: +27.8%; Earnings conf adj: +1,10.0,-1.0,1.0,18,2026-10-27,27.78,1
2026-10-09T17:21:12,2026-10-09,EHC,HOLD,0,VWAP Trend,MEDIUM,3,38.15,122.54,3.1,0.0,3.75,0.0,0.0,2026-10-15,2.98,10.64,50.0,12.68,123.53,36.01,-4.77,6.1,8,2026-06-24 to 2026-10-08 (75 days),-1.0,53.1,0.1928,120.91,108.1,BULLISH,LOW,Last surprise: +4.7%,9.72,-1.0,1.0,19,2026-10-28,4.73,0
2026-10-09T17:21:01,2026-10-09,PFGC,HOLD,0,MACD Crossover,HIGH,4,38.14,94.72,3.1,0.0,7.26,0.0,0.0,2026-10-23,2.38,5.59,100.0,47.72,16.39,49.15,-1.35,14.0,1,2026-06-24 to 2026-10-08 (75 days),-1.0,49.7,0.2463,100.13,96.88,BULLISH,MEDIUM,Last surprise: -0.6%,7.61,-1.0,1.0,26,2026-11-04,-0.63,0
2026-10-09T17:20:02,2026-10-09,MPWR,HOLD,0,VWAP Trend,HIGH,5,38.13,1369.8,8.49,0.0,7.72,0.0,0.0,2026-10-11,2.02,4.5,75.0,9.42,75.05,88.81,-6.53,2.9,8,2026-06-24 to 2026-10-08 (75 days),-1.0,53.7,0.5759,1313.8,1289.55,BULLISH,HIGH,Strong trend (ADX=44); Last surprise: +10.5%; Earnings conf adj: +1,3.26,-1.0,1.0,20,2026-10-29,10.54,1
2026-10-09T17:21:03,2026-10-09,VICR,HOLD,0,VWAP Trend,HIGH,5,38.11,262.32,12.0,0.0,14.12,0.0,0.0,2026-10-11,2.17,4.43,63.6,2.5,204.74,255.13,-12.85,2.5,11,2026-06-24 to 2026-10-08 (75 days),-1.0,52.3,1.134,226.76,220.22,BULLISH,HIGH,Strong trend (ADX=49); Last surprise: +71.2%; Earnings conf adj: +1,1.65,-1.0,1.0,11,2026-10-20,71.21,1
2026-10-09T17:20:49,2026-10-09,ROIV,HOLD,0,Multi-Factor Momentum MR,HIGH,5,38.08,34.21,5.31,0.0,6.71,0.0,0.0,2026-10-19,1.76,13.82,100.0,180.87,75.44,73.42,-2.18,10.0,1,2026-06-24 to 2026-10-08 (75 days),-1.0,35.4,0.2694,36.66,30.43,BULLISH,MEDIUM,Strong trend (ADX=30); Last surprise: +5.6%; Earnings conf adj: +1,6.96,-1.0,1.0,31,2026-11-09,5.56,1
2026-10-09T17:19:49,2026-10-09,IVZ,HOLD,0,ADX Trend Following,HIGH,5,38.05,30.09,3.91,0.0,9.43,0.0,0.0,2026-11-08,2.01,3.49,100.0,151.47,60.99,-7.91,-7.97,30.5,2,2026-06-24 to 2026-10-08 (75 days),-1.0,41.0,0.2168,31.43,27.62,BULLISH,MEDIUM,Strong trend (ADX=35); Last surprise: +7.6%; Earnings conf adj: +1,8.65,-1.0,1.0,18,2026-10-27,7.58,1
2026-10-09T17:19:23,2026-10-09,DIS,HOLD,0,Stochastic Oscillator,HIGH,5,37.99,107.02,2.84,0.0,4.26,0.0,0.0,2026-11-06,1.74,2.9,100.0,108.05,39.03,14.53,-6.9,28.5,2,2026-06-24 to 2026-10-08 (75 days),-1.0,56.7,0.2423,104.91,103.21,BULLISH,MEDIUM,High volume; Last surprise: +11.4%; Earnings conf adj: +1,7.74,-1.0,1.0,34,2026-11-12,11.35,1
2026-10-09T17:20:21,2026-10-09,RMD,HOLD,0,Stochastic Oscillator,HIGH,4,37.86,226.73,2.55,0.0,3.82,0.0,0.0,2026-10-26,2.1,4.28,100.0,96.39,32.2,-32.19,-4.6,17.0,2,2026-06-24 to 2026-10-08 (75 days),-1.0,55.9,0.1934,224.57,224.3,BULLISH,LOW,Last surprise: +2.1%,9.7,-1.0,1.0,20,2026-10-29,2.08,0
2026-10-09T17:19:18,2026-10-09,CRWD,HOLD,0,Stochastic Oscillator,HIGH,5,37.85,263.01,8.16,0.0,12.24,0.0,0.0,2026-10-24,2.85,8.26,100.0,479.53,306.47,-51.32,-11.94,15.5,2,2026-06-24 to 2026-10-08 (75 days),-1.0,59.6,0.6177,226.91,156.55,BULLISH,HIGH,Last surprise: +6.9%; Earnings conf adj: +1,3.04,-1.0,1.0,53,2026-12-01,6.9,1
2026-10-09T17:20:07,2026-10-09,NKE,HOLD,0,Composite Multi-Indicator,HIGH,5,37.82,34.74,5.02,0.0,4.63,0.0,0.0,2026-10-15,1.9,5.98,100.0,24.69,8.28,53.16,-0.72,6.0,1,2026-06-24 to 2026-10-08 (75 days),-1.0,38.3,0.2402,38.1,47.31,BEARISH,MEDIUM,Strong trend (ADX=34); Last surprise: +9.1%; Earnings conf adj: +1,7.81,-1.0,1.0,69,2026-12-17,9.09,1
2026-10-09T17:22:17,2026-10-09,HOG,EXIT,-1,Stochastic Oscillator,HIGH,5,37.8,26.75,5.69,28.27,8.54,24.47,7.57,2026-10-27,1.87,4.17,100.0,141.61,55.77,36.1,-6.89,18.0,2,2026-06-24 to 2026-10-08 (75 days),-1.0,54.9,0.365,26.51,23.11,BULLISH,MEDIUM,Last surprise: +17.2%; Earnings conf adj: +1; Size: Kelly 10.0% / VolTgt 5.1% / Blend 7.6%,5.14,-1.0,1.0,20,2026-10-29,17.19,1
2026-10-09T17:21:19,2026-10-09,RGEN,BUY,1,Stochastic Oscillator,HIGH,5,37.72,163.84,11.73,144.62,15.81,189.74,6.68,2026-10-22,3.21,13.48,100.0,153.2,54.33,-23.32,-1.19,13.0,1,2026-06-24 to 2026-10-08 (75 days),0.44,39.9,0.557,172.58,143.81,BULLISH,HIGH,Strong trend (ADX=37); Last surprise: +20.0%; Earnings conf adj: +1; Size: Kelly 10.0% / VolTgt 3.4% / Blend 6.7%,3.37,-1.0,1.0,25,2026-11-03,20.0,1
2026-10-09T17:21:40,2026-10-09,MSM,BUY,1,Momentum (Rate of Change),HIGH,4,37.59,128.92,3.73,124.11,10.46,142.41,9.3,2026-11-15,1.3,2.12,100.0,78.53,26.8,-17.72,-7.26,37.0,2,2026-06-24 to 2026-10-08 (75 days),0.341,63.3,0.2184,122.33,105.36,BULLISH,MEDIUM,Last surprise: +12.6%; Size: Kelly 10.0% / VolTgt 8.6% / Blend 9.3%,8.59,-1.0,1.0,13,2026-10-22,12.6,0
2026-10-09T17:20:58,2026-10-09,TLN,HOLD,0,ADX Trend Following,MEDIUM,3,37.48,359.22,9.79,0.0,14.68,0.0,0.0,2026-10-18,1.59,2.53,66.7,2.87,68.05,102.08,-11.18,9.3,3,2026-06-24 to 2026-10-08 (75 days),-1.0,64.5,0.6352,320.9,351.7,BEARISH,HIGH,Strong trend (ADX=40); Last surprise: -30.1%; Earnings conf adj: -1,2.95,-1.0,1.0,26,2026-11-04,-30.09,-1
2026-10-09T17:18:58,2026-10-09,AMT,HOLD,0,Multi-Factor Momentum MR,HIGH,4,37.42,166.73,2.61,0.0,2.22,0.0,0.0,2026-10-11,0.73,1.61,100.0,12.79,4.07,15.17,-1.5,2.0,1,2026-06-24 to 2026-10-08 (75 days),-1.0,46.3,0.1993,170.81,173.15,BEARISH,LOW,High volume; Last surprise: +20.6%; Earnings conf adj: +1,9.41,-1.0,1.0,18,2026-10-27,20.65,1
2026-10-09T17:20:19,2026-10-09,RDDT,HOLD,0,Stochastic Oscillator,HIGH,5,37.32,156.47,8.64,0.0,9.46,0.0,0.0,2026-10-17,2.55,10.92,100.0,97.5,34.47,43.19,-1.12,8.0,1,2026-06-24 to 2026-10-08 (75 days),-1.0,53.8,0.4247,154.41,167.01,BEARISH,HIGH,Last surprise: +30.2%; Earnings conf adj: +1,4.42,-1.0,1.0,20,2026-10-29,30.21,1
2026-10-09T17:19:17,2026-10-09,CSCO,EXIT,-1,Stochastic Oscillator,HIGH,4,37.28,114.89,3.47,118.88,5.21,108.9,7.66,2026-11-17,1.05,1.65,100.0,75.59,26.85,37.68,-9.6,39.0,2,2026-06-24 to 2026-10-08 (75 days),-1.0,59.5,0.3523,111.83,97.74,BULLISH,MEDIUM,Strong trend (ADX=39); Last surprise: +4.3%; Size: Kelly 10.0% / VolTgt 5.3% / Blend 7.7%,5.32,-1.0,1.0,34,2026-11-12,4.27,0
2026-10-09T17:19:53,2026-10-09,KVUE,HOLD,0,Composite Multi-Indicator,HIGH,4,37.26,17.73,1.9,0.0,2.9,0.0,0.0,2026-10-15,2.74,14.82,100.0,29.81,10.14,21.57,-0.34,6.0,1,2026-06-24 to 2026-10-08 (75 days),-1.0,47.7,0.1502,18.28,17.56,BULLISH,LOW,Last surprise: -3.1%,10.0,-1.0,1.0,27,2026-11-05,-3.13,0
2026-10-09T17:19:42,2026-10-09,HLT,HOLD,0,Stochastic Oscillator,MEDIUM,3,37.18,323.29,2.32,0.0,3.48,0.0,0.0,2026-11-08,0.81,1.29,100.0,39.33,13.01,31.48,-6.0,30.5,2,2026-06-24 to 2026-10-08 (75 days),-1.0,57.8,0.1777,317.21,316.49,BULLISH,LOW,Strong trend (ADX=40); Last surprise: +0.9%,10.0,-1.0,1.0,18,2026-10-27,0.88,0
2026-10-09T17:19:57,2026-10-09,LYB,HOLD,0,ADX Trend Following,HIGH,5,37.12,60.34,4.29,0.0,10.13,0.0,0.0,2026-10-26,1.72,2.81,100.0,95.24,35.45,2.89,-7.2,17.0,2,2026-06-24 to 2026-10-08 (75 days),-1.0,49.1,0.3119,62.09,61.33,BULLISH,MEDIUM,High volume; Strong trend (ADX=33); Last surprise: +25.7%; Earnings conf adj: +1,6.01,-1.0,1.0,21,2026-10-30,25.73,1
2026-10-09T17:19:22,2026-10-09,DHR,HOLD,0,VWAP Trend,HIGH,5,37.04,217.46,4.69,0.0,7.11,0.0,0.0,2026-10-18,1.45,1.92,57.1,2.58,46.81,-16.93,-13.2,9.0,7,2026-06-24 to 2026-10-08 (75 days),-1.0,53.0,0.3009,210.26,200.73,BULLISH,MEDIUM,Strong trend (ADX=36); Last surprise: +5.4%; Earnings conf adj: +1,6.23,-1.0,1.0,12,2026-10-21,5.43,1
2026-10-09T17:20:01,2026-10-09,MNST,HOLD,0,Stochastic Oscillator,HIGH,4,37.04,43.65,3.55,0.0,5.32,0.0,0.0,2026-10-30,1.22,1.86,100.0,61.07,20.09,44.29,-6.91,21.5,2,2026-06-24 to 2026-10-08 (75 days),-1.0,49.2,0.2227,45.11,42.51,BULLISH,MEDIUM,Last surprise: +3.4%,8.42,-1.0,1.0,27,2026-11-05,3.45,0
2026-10-09T17:19:45,2026-10-09,HUM,HOLD,0,Stochastic Oscillator,HIGH,5,36.86,387.12,5.88,0.0,8.82,0.0,0.0,2026-11-03,1.66,3.17,100.0,109.82,41.9,14.79,-4.59,25.5,2,2026-06-24 to 2026-10-08 (75 days),-1.0,48.3,0.3452,386.71,295.29,BULLISH,MEDIUM,High volume; Last surprise: +8.7%; Earnings conf adj: +1,5.43,-1.0,1.0,28,2026-11-06,8.71,1
2026-10-09T17:19:35,2026-10-09,FOX,HOLD,0,Stochastic Oscillator,HIGH,5,36.81,56.97,3.78,0.0,5.67,0.0,0.0,2026-10-28,2.76,5.54,100.0,165.1,62.5,-58.3,-5.16,19.5,2,2026-06-24 to 2026-10-08 (75 days),-1.0,49.4,0.2678,57.7,56.26,BULLISH,MEDIUM,Last surprise: +31.6%; Earnings conf adj: +1,7.0,-1.0,1.0,20,2026-10-29,31.62,1
2026-10-09T17:18:53,2026-10-09,ADBE,BUY,1,ADX Trend Following,HIGH,4,36.73,241.05,5.1,228.76,15.3,277.93,7.49,2026-11-09,1.46,2.3,100.0,156.49,64.9,-35.4,-18.79,31.0,2,2026-06-24 to 2026-10-08 (75 days),0.647,45.7,0.3763,257.99,257.55,BULLISH,MEDIUM,Last surprise: +0.7%; Size: Kelly 10.0% / VolTgt 5.0% / Blend 7.5%,4.98,-1.0,1.0,61,2026-12-09,0.66,0
2026-10-09T17:21:47,2026-10-09,TXNM,HOLD,0,ADX Trend Following,MEDIUM,3,36.73,58.58,1.5,0.0,2.1,0.0,0.0,2026-10-29,0.97,1.71,100.0,11.35,3.22,-6.21,-0.91,20.0,2,2026-06-24 to 2026-10-08 (75 days),-1.0,58.4,0.0596,57.9,57.88,BULLISH,LOW,Strong trend (ADX=32); Last surprise: +1.8%,10.0,-1.0,1.0,21,2026-10-30,1.75,0
2026-10-09T17:18:53,2026-10-09,ADM,HOLD,0,Stochastic Oscillator,HIGH,5,36.69,82.45,3.46,0.0,5.19,0.0,0.0,2026-10-30,1.88,3.9,100.0,111.93,36.95,-3.6,-4.6,21.5,2,2026-06-24 to 2026-10-08 (75 days),-1.0,51.2,0.2488,81.66,74.19,BULLISH,MEDIUM,Last surprise: +27.8%; Earnings conf adj: +1,7.54,-1.0,1.0,25,2026-11-03,27.78,1
2026-10-09T17:19:48,2026-10-09,IR,HOLD,0,MACD Crossover,MEDIUM,3,36.66,78.0,4.06,0.0,6.09,0.0,0.0,2026-10-29,0.97,1.66,100.0,52.0,17.87,19.18,-7.79,20.5,2,2026-06-24 to 2026-10-08 (75 days),-1.0,55.6,0.2539,78.66,81.52,BEARISH,MEDIUM,Strong trend (ADX=35); Last surprise: +3.6%,7.39,-1.0,1.0,20,2026-10-29,3.61,0
2026-10-09T17:21:40,2026-10-09,ALGM,HOLD,0,ADX Trend Following,HIGH,5,36.62,36.27,9.39,0.0,13.94,0.0,0.0,2026-10-20,1.64,5.57,100.0,93.79,34.27,110.67,-2.81,11.0,1,2026-06-24 to 2026-10-08 (75 days),-1.0,46.7,0.5336,37.92,40.5,BEARISH,HIGH,Last surprise: +9.5%; Earnings conf adj: +1,3.51,-1.0,1.0,20,2026-10-29,9.52,1
2026-10-09T17:21:45,2026-10-09,FLR,HOLD,0,Stochastic Oscillator,HIGH,5,36.56,51.01,5.62,0.0,7.78,0.0,0.0,2026-10-17,2.26,6.32,100.0,64.37,21.55,34.72,-2.0,8.0,1,2026-06-24 to 2026-10-08 (75 days),-1.0,46.6,0.3492,52.66,49.0,BULLISH,MEDIUM,Last surprise: +30.0%; Earnings conf adj: +1,5.37,-1.0,1.0,28,2026-11-06,30.0,1
2026-10-09T17:21:52,2026-10-09,VAL,HOLD,0,Stochastic Oscillator,HIGH,5,36.44,83.96,6.51,0.0,9.77,0.0,0.0,2026-11-10,1.47,2.79,100.0,139.38,53.55,10.11,-6.77,32.5,2,2026-06-24 to 2026-10-08 (75 days),-1.0,53.5,0.5183,83.48,82.9,BULLISH,HIGH,Last surprise: +300.0%; Earnings conf adj: +1,3.62,-1.0,1.0,19,2026-10-28,300.0,1
2026-10-09T17:20:43,2026-10-09,VTRS,BUY,1,PEAD Earnings Drift,HIGH,5,36.34,17.44,4.32,16.69,11.18,19.39,9.67,2026-11-28,1.21,1.66,100.0,90.98,33.94,-5.69,-10.32,50.0,2,2026-06-24 to 2026-10-08 (75 days),0.583,53.9,0.2008,16.9,15.26,BULLISH,MEDIUM,Strong trend (ADX=33); Last surprise: +15.0%; Earnings conf adj: +1; Size: Kelly 10.0% / VolTgt 9.3% / Blend 9.7%,9.34,-1.0,1.0,27,2026-11-05,15.0,1
2026-10-09T17:20:59,2026-10-09,LECO,HOLD,0,Stochastic Oscillator,HIGH,4,36.27,258.78,4.1,0.0,6.15,0.0,0.0,2026-11-07,1.67,2.3,100.0,129.64,48.28,58.75,-9.38,29.0,2,2026-06-24 to 2026-10-08 (75 days),-1.0,41.5,0.2431,271.28,263.06,BULLISH,MEDIUM,Last surprise: +4.3%,7.71,-1.0,1.0,18,2026-10-27,4.27,0
2026-10-09T17:19:39,2026-10-09,GOOGL,HOLD,0,SMA Crossover (10/50),HIGH,4,36.15,348.29,3.8,0.0,5.6,0.0,0.0,2026-10-17,0.65,1.0,100.0,11.93,3.41,0.19,-2.02,8.5,2,2026-06-24 to 2026-10-08 (75 days),-1.0,53.5,0.2439,345.77,339.46,BULLISH,MEDIUM,Last surprise: +214.1%; Earnings conf adj: +1,7.69,-1.0,1.0,19,2026-10-28,214.14,1
2026-10-09T17:21:27,2026-10-09,SOLS,EXIT,-1,Stochastic Oscillator,HIGH,4,36.13,60.23,4.86,63.16,7.29,55.84,7.46,2026-11-14,0.98,1.7,100.0,101.77,38.9,105.77,-13.2,36.0,2,2026-06-26 to 2026-10-08 (73 days),-1.0,54.5,0.3812,59.58,69.24,BEARISH,MEDIUM,Last surprise: +14.3%; Earnings conf adj: +1; Size: Kelly 10.0% / VolTgt 4.9% / Blend 7.5%,4.92,-1.0,1.0,26,2026-11-04,14.29,1
2026-10-09T17:20:22,2026-10-09,RVTY,HOLD,0,ADX Trend Following,HIGH,5,35.9,152.16,8.12,0.0,22.97,0.0,0.0,2026-11-17,2.37,4.85,100.0,238.8,106.17,-141.15,-7.64,39.0,2,2026-06-24 to 2026-10-08 (75 days),-1.0,63.7,0.4671,131.28,107.33,BULLISH,HIGH,Strong trend (ADX=48); Last surprise: +15.6%; Earnings conf adj: +1,4.01,-1.0,1.0,25,2026-11-03,15.57,1
2026-10-09T17:21:11,2026-10-09,RPM,HOLD,0,Composite Multi-Indicator,HIGH,4,35.9,99.43,4.13,0.0,2.63,0.0,0.0,2026-10-11,1.69,17.33,100.0,10.39,3.23,30.38,-0.1,2.0,1,2026-06-24 to 2026-10-08 (75 days),-1.0,46.2,0.2361,105.16,105.24,BEARISH,MEDIUM,High volume; Last surprise: +1.5%,7.94,-1.0,1.0,90,2027-01-07,1.54,0
2026-10-09T17:20:49,2026-10-09,SN,HOLD,0,MACD Crossover,HIGH,5,35.78,184.87,4.34,0.0,9.62,0.0,0.0,2026-10-24,2.1,7.16,100.0,126.39,49.13,-107.41,-5.91,15.0,2,2026-06-24 to 2026-10-08 (75 days),-1.0,62.4,0.3153,177.71,136.34,BULLISH,MEDIUM,Strong trend (ADX=33); Last surprise: +11.5%; Earnings conf adj: +1,5.95,-1.0,1.0,27,2026-11-05,11.5,1
2026-10-09T17:20:51,2026-10-09,THC,HOLD,0,VWAP Trend,HIGH,5,35.75,260.57,4.04,0.0,2.75,0.0,0.0,2026-10-11,2.33,8.41,83.3,31.66,51.97,-181.43,-4.48,2.2,6,2026-06-24 to 2026-10-08 (75 days),-1.0,52.0,0.2358,262.56,214.75,BULLISH,MEDIUM,Last surprise: +43.7%; Earnings conf adj: +1,7.95,-1.0,1.0,20,2026-10-29,43.66,1
2026-10-09T17:20:04,2026-10-09,MRVL,BUY,1,Composite Multi-Indicator,HIGH,4,35.6,274.66,10.0,247.19,26.67,347.91,6.77,2026-11-19,2.6,4.55,100.0,266.93,122.88,125.29,-7.32,41.0,1,2026-06-24 to 2026-10-08 (75 days),0.714,61.2,0.5289,234.65,170.79,BULLISH,HIGH,Strong trend (ADX=38); Last surprise: +1.1%; Size: Kelly 10.0% / VolTgt 3.5% / Blend 6.8%,3.54,-1.0,1.0,53,2026-12-01,1.08,0
2026-10-09T17:20:12,2026-10-09,P,HOLD,0,ADX Trend Following,HIGH,5,35.36,150.57,9.61,0.0,26.54,0.0,0.0,2026-11-10,3.84,7.24,100.0,676.95,618.17,-469.7,-21.78,32.5,2,2026-06-24 to 2026-10-08 (75 days),-1.0,79.6,0.5912,108.11,80.22,BULLISH,HIGH,RSI overbought; Strong trend (ADX=76); Last surprise: +20.7%; Earnings conf adj: +1,3.17,-1.0,1.0,-44,2026-08-26,20.69,1
2026-10-09T17:21:16,2026-10-09,PINS,BUY,1,Momentum (Rate of Change),HIGH,4,35.32,20.53,6.96,19.1,15.12,23.63,7.32,2026-10-31,0.6,0.87,100.0,60.07,14.89,2.93,-10.48,22.5,2,2026-06-24 to 2026-10-08 (75 days),0.448,56.0,0.4049,21.29,21.11,BULLISH,HIGH,Price at statistical extreme; Strong trend (ADX=34); Last surprise: +19.4%; Earnings conf adj: +1; Size: Kelly 10.0% / VolTgt 4.6% / Blend 7.3%,4.63,-1.0,1.0,31,2026-11-09,19.44,1
2026-10-09T17:18:59,2026-10-09,ANET,BUY,1,PEAD Earnings Drift,HIGH,5,35.29,210.97,4.39,201.71,13.17,238.75,7.44,2026-11-29,1.91,3.17,100.0,267.66,133.29,-13.88,-15.51,51.0,2,2026-06-24 to 2026-10-08 (75 days),0.639,60.0,0.3833,196.95,160.64,BULLISH,MEDIUM,Last surprise: +14.6%; Earnings conf adj: +1; Size: Kelly 10.0% / VolTgt 4.9% / Blend 7.4%,4.89,-1.0,1.0,25,2026-11-03,14.61,1
2026-10-09T17:19:18,2026-10-09,CSX,HOLD,0,Stochastic Oscillator,HIGH,4,35.19,47.34,2.02,0.0,3.03,0.0,0.0,2026-10-22,1.04,1.84,100.0,28.5,6.73,-4.08,-1.89,13.5,2,2026-06-24 to 2026-10-08 (75 days),-1.0,45.7,0.1718,49.03,44.31,BULLISH,LOW,Last surprise: +3.8%,10.0,-1.0,1.0,12,2026-10-21,3.85,0
2026-10-09T17:20:33,2026-10-09,TRMB,HOLD,0,Stochastic Oscillator,HIGH,5,35.19,59.85,4.07,0.0,6.11,0.0,0.0,2026-10-27,1.89,3.42,100.0,86.36,29.49,-53.24,-3.73,18.0,2,2026-06-24 to 2026-10-08 (75 days),-1.0,57.3,0.2503,58.53,62.27,BEARISH,MEDIUM,Last surprise: +7.5%; Earnings conf adj: +1,7.49,-1.0,1.0,26,2026-11-04,7.5,1
2026-10-09T17:20:33,2026-10-09,TRGP,HOLD,0,Stochastic Oscillator,HIGH,5,35.1,288.49,3.84,0.0,5.76,0.0,0.0,2026-10-29,1.7,3.34,100.0,122.32,43.66,10.26,-7.49,20.5,2,2026-06-24 to 2026-10-08 (75 days),-1.0,55.2,0.234,282.65,248.91,BULLISH,MEDIUM,Last surprise: +14.4%; Earnings conf adj: +1,8.01,-1.0,1.0,27,2026-11-05,14.44,1
2026-10-09T17:20:11,2026-10-09,OXY,HOLD,0,Stochastic Oscillator,HIGH,5,35.03,60.28,3.95,0.0,5.93,0.0,0.0,2026-10-26,1.67,3.77,100.0,109.63,38.38,-40.02,-8.37,17.0,2,2026-06-24 to 2026-10-08 (75 days),-1.0,58.7,0.3842,58.49,53.99,BULLISH,MEDIUM,Last surprise: +29.0%; Earnings conf adj: +1,4.88,-1.0,1.0,31,2026-11-09,29.03,1
2026-10-09T17:20:51,2026-10-09,SITM,HOLD,0,Stochastic Oscillator,HIGH,5,35.01,645.06,11.14,0.0,16.71,0.0,0.0,2026-11-11,1.38,2.68,100.0,255.53,121.87,143.33,-28.7,33.0,2,2026-06-24 to 2026-10-08 (75 days),-1.0,50.6,0.7522,624.37,535.3,BULLISH,HIGH,Last surprise: +20.0%; Earnings conf adj: +1,2.49,-1.0,1.0,26,2026-11-04,20.0,1
2026-10-09T17:18:52,2026-10-09,ACN,HOLD,0,Stochastic Oscillator,HIGH,4,34.98,208.36,10.08,0.0,15.12,0.0,0.0,2026-10-26,2.73,6.62,100.0,338.5,182.03,-248.91,-8.9,17.0,2,2026-06-24 to 2026-10-08 (75 days),-1.0,63.1,0.7519,183.18,192.09,BEARISH,HIGH,High volume; Last surprise: +3.5%,2.49,-1.0,1.0,69,2026-12-17,3.46,0
2026-10-09T17:19:30,2026-10-09,EXPD,HOLD,0,ADX Trend Following,HIGH,5,34.92,193.71,3.22,0.0,9.66,0.0,0.0,2026-11-16,1.57,2.83,100.0,96.58,36.24,-54.87,-8.64,38.0,2,2026-06-24 to 2026-10-08 (75 days),-1.0,58.2,0.2414,186.52,163.13,BULLISH,MEDIUM,Last surprise: +20.1%; Earnings conf adj: +1,7.77,-1.0,1.0,25,2026-11-03,20.12,1
2026-10-09T17:21:27,2026-10-09,VMI,HOLD,0,EMA Crossover (9/21),HIGH,5,34.92,468.7,3.97,0.0,1.92,0.0,0.0,2026-10-10,1.35,7.63,100.0,7.85,2.0,48.02,-0.2,1.0,1,2026-06-24 to 2026-10-08 (75 days),-1.0,46.5,0.2442,478.69,474.27,BULLISH,MEDIUM,Last surprise: +5.9%; Earnings conf adj: +1,7.68,-1.0,1.0,11,2026-10-20,5.86,1
2026-10-09T17:21:11,2026-10-09,CR,HOLD,0,VWAP Trend,HIGH,5,34.82,202.12,3.61,0.0,2.25,0.0,0.0,2026-10-11,1.88,3.7,62.5,3.3,20.15,37.31,-2.77,2.0,8,2026-06-24 to 2026-10-08 (75 days),-1.0,44.6,0.202,208.0,197.04,BULLISH,MEDIUM,Last surprise: +6.5%; Earnings conf adj: +1,9.28,-1.0,1.0,18,2026-10-27,6.55,1
2026-10-09T17:20:13,2026-10-09,PG,HOLD,0,Stochastic Oscillator,HIGH,4,34.59,150.59,1.97,0.0,2.38,0.0,0.0,2026-10-12,2.06,11.78,100.0,30.86,9.77,10.5,-0.4,3.0,1,2026-06-24 to 2026-10-08 (75 days),-1.0,60.8,0.1742,145.77,146.32,BEARISH,LOW,Price at statistical extreme; Last surprise: +1.4%,10.0,-1.0,1.0,13,2026-10-22,1.42,0
2026-10-09T17:21:14,2026-10-09,CCK,HOLD,0,MACD Crossover,HIGH,4,34.59,108.88,2.5,0.0,4.21,0.0,0.0,2026-10-16,0.79,1.41,66.7,4.96,9.04,8.31,-2.97,7.3,3,2026-06-24 to 2026-10-08 (75 days),-1.0,46.4,0.1981,114.23,107.01,BULLISH,LOW,Strong trend (ADX=44); Last surprise: +15.3%; Earnings conf adj: +1,9.46,-1.0,1.0,10,2026-10-19,15.28,1
2026-10-09T17:20:19,2026-10-09,QCOM,HOLD,0,ADX Trend Following,MEDIUM,3,34.5,176.01,8.85,0.0,17.7,0.0,0.0,2026-10-30,0.98,1.55,100.0,78.88,28.79,59.87,-8.97,21.5,2,2026-06-24 to 2026-10-08 (75 days),-1.0,45.0,0.5702,172.2,167.98,BULLISH,HIGH,Last surprise: -0.9%,3.29,-1.0,1.0,26,2026-11-04,-0.9,0
2026-10-09T17:18:51,2026-10-09,A,HOLD,0,Stochastic Oscillator,HIGH,5,34.47,168.17,5.2,0.0,7.8,0.0,0.0,2026-10-20,3.67,58.35,100.0,137.37,48.25,-84.75,-1.08,11.0,1,2026-06-24 to 2026-10-08 (75 days),-1.0,59.6,0.3114,154.73,133.01,BULLISH,MEDIUM,Strong trend (ADX=42); Last surprise: +8.7%; Earnings conf adj: +1,6.02,-1.0,1.0,47,2026-11-25,8.72,1
2026-10-09T17:21:08,2026-10-09,GME,HOLD,0,Composite Multi-Indicator,HIGH,4,34.46,25.28,8.38,0.0,12.57,0.0,0.0,2026-11-16,4.21,8.13,100.0,374.41,194.1,118.85,-6.51,38.0,1,2026-06-24 to 2026-10-08 (75 days),-1.0,67.3,0.4437,20.79,22.31,BEARISH,HIGH,Strong trend (ADX=63); Last surprise: +0.0%,4.23,-1.0,1.0,60,2026-12-08,0.0,0
2026-10-09T17:22:12,2026-10-09,BBWI,HOLD,0,ADX Trend Following,HIGH,5,34.42,17.71,7.56,0.0,6.09,0.0,0.0,2026-10-11,1.06,3.8,100.0,19.05,5.54,54.59,-0.77,2.0,1,2026-06-24 to 2026-10-08 (75 days),-1.0,52.2,0.5471,18.3,19.53,BEARISH,HIGH,Last surprise: +158.3%; Earnings conf adj: +1,3.43,-1.0,1.0,41,2026-11-19,158.33,1
2026-10-09T17:22:15,2026-10-09,YETI,HOLD,0,VWAP Trend,MEDIUM,2,34.42,39.6,5.31,0.0,5.34,0.0,0.0,2026-10-13,-1.56,-1.67,66.7,0.29,-33.86,19.82,-16.13,4.0,6,2026-06-24 to 2026-10-08 (75 days),-1.0,38.0,0.3389,43.65,44.33,BEARISH,MEDIUM,Last surprise: +21.8%; Earnings conf adj: +1,5.53,-1.0,1.0,27,2026-11-05,21.82,1
2026-10-09T17:18:54,2026-10-09,AES,HOLD,0,Composite Multi-Indicator,MEDIUM,3,34.32,14.93,1.5,0.0,0.83,0.0,0.0,2026-11-05,1.94,4.47,100.0,8.47,2.21,-8.1,-0.27,27.0,1,2026-06-24 to 2026-10-08 (75 days),-1.0,70.0,0.0203,14.79,14.48,BULLISH,LOW,RSI overbought; Strong trend (ADX=51); Last surprise: -6.4%; Earnings conf adj: -1,10.0,-1.0,1.0,26,2026-11-04,-6.38,-1
2026-10-09T17:19:23,2026-10-09,DLR,HOLD,0,ADX Trend Following,LOW,0,34.31,176.07,3.85,0.0,5.78,0.0,0.0,2026-10-15,-0.87,-1.21,60.0,0.53,-11.53,13.62,-6.08,6.2,5,2026-06-24 to 2026-10-08 (75 days),-1.0,41.6,0.2983,186.23,179.54,BULLISH,MEDIUM,Last surprise: -15.1%; Earnings conf adj: -1,6.29,-1.0,1.0,20,2026-10-29,-15.07,-1
2026-10-09T17:19:35,2026-10-09,FIX,HOLD,0,Stochastic Oscillator,HIGH,5,34.2,1706.39,7.92,0.0,11.88,0.0,0.0,2026-11-18,1.6,2.53,100.0,124.69,48.67,85.57,-6.91,40.0,1,2026-06-24 to 2026-10-08 (75 days),-1.0,53.5,0.4843,1664.07,1571.2,BULLISH,HIGH,Last surprise: +19.8%; Earnings conf adj: +1,3.87,-1.0,1.0,13,2026-10-22,19.79,1
2026-10-09T17:19:46,2026-10-09,IEX,HOLD,0,Momentum (Rate of Change),HIGH,4,34.16,231.75,2.46,0.0,6.97,0.0,0.0,2026-11-13,0.79,1.2,100.0,44.21,11.32,-6.72,-4.53,35.0,2,2026-06-24 to 2026-10-08 (75 days),-1.0,55.2,0.1497,229.86,210.52,BULLISH,LOW,Last surprise: +10.0%; Earnings conf adj: +1,10.0,-1.0,1.0,19,2026-10-28,9.95,1
2026-10-09T17:20:11,2026-10-09,ORLY,HOLD,0,ADX Trend Following,MEDIUM,2,34.13,86.01,3.2,0.0,4.8,0.0,0.0,2026-11-03,0.44,0.65,100.0,19.77,5.84,12.69,-8.41,25.0,2,2026-06-24 to 2026-10-08 (75 days),-1.0,50.0,0.2271,87.98,90.81,BEARISH,MEDIUM,Last surprise: +0.0%,8.25,-1.0,1.0,19,2026-10-28,0.0,0
2026-10-09T17:22:02,2026-10-09,CNX,HOLD,0,Stochastic Oscillator,HIGH,5,34.13,33.83,3.82,0.0,5.73,0.0,0.0,2026-10-24,1.26,2.15,100.0,66.56,20.52,19.4,-8.84,15.5,2,2026-06-24 to 2026-10-08 (75 days),-1.0,51.9,0.302,34.9,36.45,BEARISH,MEDIUM,Strong trend (ADX=42); Last surprise: +29.1%; Earnings conf adj: +1,6.21,-1.0,1.0,20,2026-10-29,29.09,1
2026-10-09T17:19:43,2026-10-09,HPQ,HOLD,0,Stochastic Oscillator,HIGH,5,34.0,32.44,7.03,0.0,10.54,0.0,0.0,2026-10-16,3.11,8.22,100.0,103.04,35.72,-183.71,-2.9,7.0,2,2026-06-24 to 2026-10-08 (75 days),-1.0,54.7,0.5065,30.8,23.37,BULLISH,HIGH,Last surprise: +20.3%; Earnings conf adj: +1,3.7,-1.0,1.0,46,2026-11-24,20.29,1
2026-10-09T17:19:04,2026-10-09,BEN,HOLD,0,SMA Crossover (10/50),HIGH,5,33.87,32.4,2.75,0.0,2.22,0.0,0.0,2026-10-12,1.63,20.99,100.0,18.09,5.57,-0.74,-0.2,3.0,1,2026-06-24 to 2026-10-08 (75 days),-1.0,44.4,0.1626,33.34,29.11,BULLISH,LOW,Strong trend (ADX=32); Last surprise: +9.1%; Earnings conf adj: +1,10.0,-1.0,1.0,28,2026-11-06,9.09,1
2026-10-09T17:20:57,2026-10-09,FN,EXIT,-1,Stochastic Oscillator,HIGH,5,33.86,487.33,8.64,529.44,12.96,424.17,6.6,2026-11-24,1.56,2.53,100.0,255.92,125.37,166.08,-26.26,46.5,2,2026-06-24 to 2026-10-08 (75 days),-1.0,63.5,0.5843,450.32,532.45,BEARISH,HIGH,Strong trend (ADX=46); Last surprise: +7.6%; Earnings conf adj: +1; Size: Kelly 10.0% / VolTgt 3.2% / Blend 6.6%,3.21,-1.0,1.0,24,2026-11-02,7.61,1
2026-10-09T17:19:46,2026-10-09,ILMN,HOLD,0,VWAP Trend,HIGH,5,33.85,264.57,11.59,0.0,8.6,0.0,0.0,2026-10-12,2.01,4.36,66.7,3.03,64.36,-243.51,-8.45,3.2,9,2026-06-24 to 2026-10-08 (75 days),-1.0,57.7,0.6103,225.45,165.57,BULLISH,HIGH,Strong trend (ADX=50); Last surprise: +6.5%; Earnings conf adj: +1,3.07,-1.0,1.0,20,2026-10-29,6.5,1
2026-10-09T17:18:58,2026-10-09,AMGN,HOLD,0,Stochastic Oscillator,HIGH,5,33.6,407.44,4.0,0.0,6.0,0.0,0.0,2026-10-25,1.82,3.37,100.0,83.17,24.68,-44.1,-3.96,16.0,1,2026-06-24 to 2026-10-08 (75 days),-1.0,50.5,0.2783,410.58,362.72,BULLISH,MEDIUM,Last surprise: +11.9%; Earnings conf adj: +1,6.74,-1.0,1.0,25,2026-11-03,11.92,1
2026-10-09T17:21:25,2026-10-09,BRKR,HOLD,0,Stochastic Oscillator,HIGH,5,33.58,57.92,11.25,0.0,16.88,0.0,0.0,2026-11-23,1.51,2.66,100.0,152.91,58.45,61.18,-12.12,45.0,1,2026-06-24 to 2026-10-08 (75 days),-1.0,43.9,0.5879,58.8,49.53,BULLISH,HIGH,Strong trend (ADX=30); Last surprise: +28.9%; Earnings conf adj: +1,3.19,-1.0,1.0,25,2026-11-03,28.95,1
2026-10-09T17:20:16,2026-10-09,PODD,HOLD,0,Stochastic Oscillator,HIGH,5,33.56,134.47,4.19,0.0,4.97,0.0,0.0,2026-10-15,1.1,4.67,100.0,20.11,6.28,35.58,-0.95,6.0,1,2026-06-24 to 2026-10-08 (75 days),-1.0,42.7,0.2576,142.69,190.27,BEARISH,MEDIUM,Last surprise: +14.5%; Earnings conf adj: +1,7.28,-1.0,1.0,26,2026-11-04,14.48,1
2026-10-09T17:21:08,2026-10-09,NXT,HOLD,0,Composite Multi-Indicator,HIGH,5,33.55,85.26,8.36,0.0,12.54,0.0,0.0,2026-10-31,1.33,2.97,100.0,91.66,34.3,99.93,-6.51,22.0,1,2026-06-24 to 2026-10-08 (75 days),-1.0,52.0,0.5036,87.72,107.71,BEARISH,HIGH,Last surprise: +14.3%; Earnings conf adj: +1,3.72,-1.0,1.0,19,2026-10-28,14.29,1
2026-10-09T17:19:14,2026-10-09,COHR,HOLD,0,Stochastic Oscillator,HIGH,5,33.43,302.35,12.0,0.0,18.0,0.0,0.0,2026-11-13,1.61,2.65,100.0,306.01,160.89,219.77,-32.21,35.0,2,2026-06-24 to 2026-10-08 (75 days),-1.0,48.7,0.8955,302.82,292.03,BULLISH,HIGH,Last surprise: +7.4%; Earnings conf adj: +1,2.09,-1.0,1.0,26,2026-11-04,7.41,1
2026-10-09T17:20:58,2026-10-09,ONTO,HOLD,0,MACD Crossover,HIGH,4,33.42,292.67,9.68,0.0,21.14,0.0,0.0,2026-10-26,1.0,1.75,100.0,114.52,44.25,72.2,-19.44,17.5,2,2026-06-24 to 2026-10-08 (75 days),-1.0,50.3,0.6418,287.47,256.74,BULLISH,HIGH,Strong trend (ADX=33); Last surprise: +14.2%; Earnings conf adj: +1,2.92,-1.0,1.0,27,2026-11-05,14.2,1
2026-10-09T17:19:11,2026-10-09,CHD,HOLD,0,Stochastic Oscillator,HIGH,4,33.36,97.73,1.8,0.0,2.7,0.0,0.0,2026-11-02,1.6,3.1,100.0,32.31,9.54,11.74,-2.36,24.0,1,2026-06-24 to 2026-10-08 (75 days),-1.0,57.4,0.1118,98.19,95.79,BULLISH,LOW,Price at statistical extreme; Last surprise: -1.1%,10.0,-1.0,1.0,21,2026-10-30,-1.11,0
2026-10-09T17:21:13,2026-10-09,BJ,HOLD,0,Composite Multi-Indicator,HIGH,5,33.28,99.04,4.3,0.0,6.95,0.0,0.0,2026-10-16,2.2,7.11,100.0,48.6,17.13,-35.29,-1.22,7.0,1,2026-06-24 to 2026-10-08 (75 days),-1.0,62.1,0.3338,93.81,93.6,BULLISH,MEDIUM,Price at statistical extreme; Last surprise: +16.2%; Earnings conf adj: +1,5.62,-1.0,1.0,42,2026-11-20,16.24,1
2026-10-09T17:19:56,2026-10-09,LRCX,HOLD,0,Stochastic Oscillator,HIGH,5,33.19,320.59,7.83,0.0,11.75,0.0,0.0,2026-11-13,1.12,1.93,100.0,155.29,63.05,104.1,-28.55,35.5,2,2026-06-24 to 2026-10-08 (75 days),-1.0,52.1,0.5215,310.02,278.0,BULLISH,HIGH,Strong trend (ADX=31); Last surprise: +8.3%; Earnings conf adj: +1,3.6,-1.0,1.0,12,2026-10-21,8.33,1
2026-10-09T17:19:38,2026-10-09,GILD,HOLD,0,VWAP Trend,HIGH,5,33.14,147.1,2.79,0.0,2.65,0.0,0.0,2026-10-12,1.65,5.25,66.7,27.06,7.35,-69.33,-0.97,3.3,3,2026-06-24 to 2026-10-08 (75 days),-1.0,50.8,0.1853,143.81,135.75,BULLISH,LOW,Last surprise: +6.9%; Earnings conf adj: +1,10.0,-1.0,1.0,20,2026-10-29,6.9,1
2026-10-09T17:20:24,2026-10-09,SMCI,HOLD,0,Stochastic Oscillator,HIGH,5,33.02,42.77,10.27,0.0,15.4,0.0,0.0,2026-11-02,1.94,4.41,100.0,386.97,203.63,47.54,-17.63,24.5,2,2026-06-24 to 2026-10-08 (75 days),-1.0,57.0,0.6846,37.72,32.26,BULLISH,HIGH,Strong trend (ADX=36); Last surprise: +77.1%; Earnings conf adj: +1,2.74,-1.0,1.0,25,2026-11-03,77.08,1
2026-10-09T17:20:32,2026-10-09,TMUS,HOLD,0,Stochastic Oscillator,HIGH,5,33.02,171.31,3.19,0.0,4.79,0.0,0.0,2026-10-26,1.3,2.07,100.0,35.55,11.1,26.21,-2.84,17.0,1,2026-06-24 to 2026-10-08 (75 days),-1.0,52.0,0.3071,174.91,188.87,BEARISH,MEDIUM,Strong trend (ADX=35); Last surprise: +15.0%; Earnings conf adj: +1,6.11,-1.0,1.0,19,2026-10-28,15.0,1
2026-10-09T17:19:18,2026-10-09,CTSH,HOLD,0,Stochastic Oscillator,HIGH,4,32.91,60.01,8.48,0.0,12.72,0.0,0.0,2026-10-26,1.75,3.55,100.0,150.61,55.96,-204.0,-6.26,17.0,2,2026-06-24 to 2026-10-08 (75 days),-1.0,53.6,0.4724,59.47,59.85,BEARISH,HIGH,Last surprise: -0.7%,3.97,-1.0,1.0,20,2026-10-29,-0.72,0
2026-10-09T17:21:10,2026-10-09,BTSG,EXIT,-1,Stochastic Oscillator,HIGH,4,32.86,63.66,4.39,66.45,6.58,59.47,7.81,2026-12-03,0.7,1.06,100.0,58.27,17.59,36.13,-10.98,55.0,1,2026-06-24 to 2026-10-08 (75 days),-1.0,64.0,0.3338,59.83,52.82,BULLISH,MEDIUM,Strong trend (ADX=43); Last surprise: +12.5%; Earnings conf adj: +1; Size: Kelly 10.0% / VolTgt 5.6% / Blend 7.8%,5.62,-1.0,1.0,21,2026-10-30,12.5,1
2026-10-09T17:22:20,2026-10-09,DBA,HOLD,0,Stochastic Oscillator,MEDIUM,2,32.73,28.34,1.5,0.0,2.25,0.0,0.0,2026-10-20,0.38,0.62,100.0,20.6,2.21,-22.51,-2.08,11.0,2,2026-06-24 to 2026-10-08 (75 days),-1.0,47.0,0.1347,28.39,27.19,BULLISH,LOW,No special conditions,10.0,-1.0,1.0,-1,,,0
2026-10-09T17:18:58,2026-10-09,AON,HOLD,0,MACD Crossover,LOW,1,32.69,277.12,3.6,0.0,5.4,0.0,0.0,2026-10-18,0.13,0.22,66.7,1.15,0.81,42.54,-8.64,9.3,3,2026-06-24 to 2026-10-08 (75 days),-1.0,36.1,0.2533,321.22,329.28,BEARISH,MEDIUM,Strong trend (ADX=64); Last surprise: +0.3%,7.0,-1.0,1.0,21,2026-10-30,0.26,0
2026-10-09T17:22:08,2026-10-09,NWE,HOLD,0,Stochastic Oscillator,HIGH,5,32.68,74.63,4.1,0.0,6.15,0.0,0.0,2026-12-13,1.36,2.84,100.0,77.34,27.54,9.49,-5.29,65.0,1,2026-06-24 to 2026-10-08 (75 days),-1.0,69.9,0.3079,69.84,68.48,BULLISH,MEDIUM,Price at statistical extreme; Last surprise: +16.3%; Earnings conf adj: +1,6.09,-1.0,1.0,19,2026-10-28,16.28,1
2026-10-09T17:20:12,2026-10-09,PANW,HOLD,0,Momentum (Rate of Change),HIGH,4,32.52,398.5,8.01,0.0,24.03,0.0,0.0,2026-11-18,1.73,3.01,100.0,209.46,94.21,-117.98,-14.66,40.5,2,2026-06-24 to 2026-10-08 (75 days),-1.0,56.8,0.6026,368.99,254.78,BULLISH,HIGH,Last surprise: +4.1%,3.11,-1.0,1.0,41,2026-11-19,4.08,0
2026-10-09T17:19:25,2026-10-09,DVA,HOLD,0,EMA Crossover (9/21),MEDIUM,3,32.48,177.02,3.76,0.0,2.72,0.0,0.0,2026-10-10,0.63,1.57,100.0,3.21,0.41,47.19,-0.2,1.0,1,2026-06-24 to 2026-10-08 (75 days),-1.0,43.2,0.3451,184.68,171.3,BULLISH,MEDIUM,Last surprise: +3.6%,5.43,-1.0,1.0,19,2026-10-28,3.61,0
2026-10-09T17:20:50,2026-10-09,XPO,HOLD,0,Composite Multi-Indicator,HIGH,5,32.37,181.95,4.72,0.0,6.34,0.0,0.0,2026-10-19,1.07,2.07,100.0,28.94,9.82,33.31,-3.08,10.0,1,2026-06-24 to 2026-10-08 (75 days),-1.0,48.9,0.2548,189.34,193.39,BEARISH,MEDIUM,Last surprise: +15.6%; Earnings conf adj: +1,7.36,-1.0,1.0,20,2026-10-29,15.65,1
2026-10-09T17:20:56,2026-10-09,DT,BUY,1,52-Week High Momentum,HIGH,5,32.35,61.12,3.93,58.72,10.84,67.75,8.5,2026-11-04,1.58,2.55,100.0,144.79,42.97,-259.4,-9.23,26.5,2,2026-06-24 to 2026-10-08 (75 days),0.635,70.4,0.2675,52.87,42.89,BULLISH,MEDIUM,RSI overbought; Strong trend (ADX=42); Last surprise: +9.1%; Earnings conf adj: +1; Size: Kelly 10.0% / VolTgt 7.0% / Blend 8.5%,7.01,-1.0,1.0,26,2026-11-04,9.09,1
2026-10-09T17:22:16,2026-10-09,MMS,HOLD,0,Stochastic Oscillator,HIGH,4,32.34,58.77,4.57,0.0,6.86,0.0,0.0,2026-11-12,1.39,2.49,100.0,92.37,35.04,20.31,-12.8,34.5,2,2026-06-24 to 2026-10-08 (75 days),-1.0,63.0,0.3522,56.8,66.54,BEARISH,MEDIUM,Last surprise: +0.5%,5.32,-1.0,1.0,41,2026-11-19,0.45,0
2026-10-09T17:20:39,2026-10-09,VLTO,HOLD,0,ADX Trend Following,HIGH,5,32.24,96.48,2.14,0.0,6.26,0.0,0.0,2026-11-01,1.34,2.11,66.7,8.08,26.45,-21.03,-4.83,23.0,3,2026-06-24 to 2026-10-08 (75 days),-1.0,53.1,0.1657,96.48,92.65,BULLISH,LOW,Last surprise: +9.9%; Earnings conf adj: +1,10.0,-1.0,1.0,12,2026-10-21,9.9,1
2026-10-09T17:21:23,2026-10-09,AMG,HOLD,0,SMA Crossover (10/50),HIGH,4,32.22,386.99,4.38,0.0,4.99,0.0,0.0,2026-10-16,1.9,9.0,100.0,39.44,13.3,-43.52,-0.95,7.0,1,2026-06-24 to 2026-10-08 (75 days),-1.0,64.6,0.2395,365.6,325.57,BULLISH,MEDIUM,Last surprise: +4.7%,7.83,-1.0,1.0,24,2026-11-02,4.67,0
2026-10-09T17:20:52,2026-10-09,USFD,HOLD,0,MACD Crossover,MEDIUM,3,32.19,97.12,3.63,0.0,5.76,0.0,0.0,2026-10-19,0.2,0.28,100.0,6.86,1.32,-5.14,-3.72,10.0,2,2026-06-24 to 2026-10-08 (75 days),-1.0,51.1,0.2312,101.08,92.56,BULLISH,MEDIUM,Last surprise: +5.9%; Earnings conf adj: +1,8.11,-1.0,1.0,27,2026-11-05,5.88,1
2026-10-09T17:19:55,2026-10-09,LLY,HOLD,0,Stochastic Oscillator,MEDIUM,3,32.17,1169.6,4.76,0.0,7.14,0.0,0.0,2026-11-06,0.39,0.62,100.0,25.71,6.13,-11.31,-8.6,28.5,2,2026-06-24 to 2026-10-08 (75 days),-1.0,51.6,0.2128,1173.11,1073.61,BULLISH,MEDIUM,Strong trend (ADX=38); Last surprise: +27.4%; Earnings conf adj: +1,8.81,-1.0,1.0,20,2026-10-29,27.36,1
2026-10-09T17:20:34,2026-10-09,TSLA,HOLD,0,VWAP Trend,MEDIUM,3,32.12,375.0,4.43,0.0,6.64,0.0,0.0,2026-10-17,1.64,2.85,71.4,3.81,56.69,57.17,-8.32,8.0,7,2026-06-24 to 2026-10-08 (75 days),-1.0,55.8,0.2985,353.27,391.13,BEARISH,MEDIUM,Last surprise: -38.9%; Earnings conf adj: -1,6.28,-1.0,1.0,12,2026-10-21,-38.89,-1
2026-10-09T17:19:58,2026-10-09,LYV,HOLD,0,MACD Crossover,MEDIUM,3,32.01,171.34,2.61,0.0,3.61,0.0,0.0,2026-10-19,0.13,0.18,100.0,5.44,0.84,1.1,-4.75,10.5,2,2026-06-24 to 2026-10-08 (75 days),-1.0,48.1,0.1416,176.49,164.45,BULLISH,LOW,Last surprise: +84.2%; Earnings conf adj: +1,10.0,-1.0,1.0,25,2026-11-03,84.21,1
2026-10-09T17:19:04,2026-10-09,BBY,HOLD,0,MACD Crossover,HIGH,4,31.94,88.4,4.86,0.0,9.19,0.0,0.0,2026-10-19,0.81,1.28,75.0,2.06,15.56,-45.72,-7.03,10.2,4,2026-06-24 to 2026-10-08 (75 days),-1.0,50.6,0.3653,86.84,71.73,BULLISH,MEDIUM,Last surprise: +6.5%; Earnings conf adj: +1,5.13,-1.0,1.0,46,2026-11-24,6.52,1
2026-10-09T17:20:57,2026-10-09,RGA,HOLD,0,52-Week High Momentum,HIGH,5,31.63,255.93,2.57,0.0,7.71,0.0,0.0,2027-01-11,2.47,4.3,100.0,145.69,58.31,-47.78,-4.41,94.0,1,2026-06-24 to 2026-10-08 (75 days),-1.0,63.6,0.166,246.02,218.58,BULLISH,LOW,High volume; Price at statistical extreme; Last surprise: +37.0%; Earnings conf adj: +1,10.0,-1.0,1.0,27,2026-11-05,36.98,1
2026-10-09T17:19:41,2026-10-09,HCA,HOLD,0,Composite Multi-Indicator,HIGH,4,31.46,445.01,3.98,0.0,5.97,0.0,0.0,2027-01-03,2.52,4.99,100.0,225.16,98.88,38.04,-6.34,86.0,1,2026-06-24 to 2026-10-08 (75 days),-1.0,63.0,0.2322,419.11,443.78,BEARISH,MEDIUM,Price at statistical extreme; Last surprise: +1.2%,8.07,-1.0,1.0,18,2026-10-27,1.2,0
2026-10-09T17:19:52,2026-10-09,KLAC,HOLD,0,EMA Crossover (9/21),HIGH,5,31.45,196.72,7.58,0.0,12.2,0.0,0.0,2026-10-22,1.12,1.82,100.0,45.83,15.68,65.03,-5.01,13.0,1,2026-06-24 to 2026-10-08 (75 days),-1.0,55.9,0.4298,187.63,179.07,BULLISH,HIGH,Last surprise: +5.0%; Earnings conf adj: +1,4.36,-1.0,1.0,19,2026-10-28,5.0,1
2026-10-09T17:19:33,2026-10-09,FDX,HOLD,0,MACD Crossover,MEDIUM,2,31.35,291.73,3.09,0.0,6.4,0.0,0.0,2026-10-20,0.3,0.57,66.7,1.53,3.02,26.51,-4.46,11.3,3,2026-06-24 to 2026-10-08 (75 days),-1.0,42.0,0.2419,310.81,298.23,BULLISH,MEDIUM,Strong trend (ADX=56); Last surprise: +6.6%,7.75,-1.0,1.0,19,2026-10-28,6.59,0
2026-10-09T17:22:27,2026-10-09,XLV,HOLD,0,Composite Multi-Indicator,HIGH,4,31.27,168.16,1.92,0.0,2.37,0.0,0.0,2026-10-16,1.33,3.46,100.0,10.79,3.37,-35.3,-0.49,7.0,1,2026-06-24 to 2026-10-08 (75 days),-1.0,49.7,0.114,168.31,155.82,BULLISH,LOW,No special conditions,10.0,-1.0,1.0,-1,,,0
2026-10-09T17:20:14,2026-10-09,PH,HOLD,0,VWAP Trend,HIGH,5,31.24,946.96,3.12,0.0,2.4,0.0,0.0,2026-10-11,2.07,10.68,75.0,9.55,33.88,38.15,-2.26,2.1,8,2026-06-24 to 2026-10-08 (75 days),-1.0,43.0,0.2103,986.17,943.91,BULLISH,MEDIUM,Last surprise: +12.1%; Earnings conf adj: +1,8.92,-1.0,1.0,27,2026-11-05,12.09,1
2026-10-09T17:20:40,2026-10-09,VMC,HOLD,0,ADX Trend Following,MEDIUM,2,31.16,246.26,3.27,0.0,4.04,0.0,0.0,2026-10-16,0.39,0.54,100.0,8.35,1.82,54.47,-1.9,7.0,1,2026-06-24 to 2026-10-08 (75 days),-1.0,43.9,0.1941,262.04,282.33,BEARISH,LOW,Last surprise: +4.9%,9.66,-1.0,1.0,20,2026-10-29,4.86,0
2026-10-09T17:21:42,2026-10-09,SSD,BUY,1,VWAP Trend,MEDIUM,2,31.08,171.95,2.58,167.51,2.5,176.25,10.0,2026-10-12,-0.13,-0.19,62.5,1.1,-1.77,44.1,-3.23,3.0,8,2026-06-24 to 2026-10-08 (75 days),0.627,42.8,0.1836,181.73,184.05,BEARISH,LOW,Last surprise: +11.5%; Earnings conf adj: +1; Size: Kelly 10.0% / VolTgt 10.0% / Blend 10.0%,10.0,-1.0,1.0,17,2026-10-26,11.52,1
2026-10-09T17:19:36,2026-10-09,FTNT,HOLD,0,SMA Crossover (10/50),HIGH,5,30.95,189.1,5.94,0.0,19.46,0.0,0.0,2026-11-15,2.32,4.93,100.0,167.37,68.15,-77.25,-4.71,37.0,1,2026-06-24 to 2026-10-08 (75 days),-1.0,68.6,0.4064,166.56,120.73,BULLISH,HIGH,Strong trend (ADX=46); Last surprise: +20.0%; Earnings conf adj: +1,4.61,-1.0,1.0,19,2026-10-28,20.0,1
2026-10-09T17:20:53,2026-10-09,WWD,HOLD,0,Composite Multi-Indicator,MEDIUM,2,30.84,323.45,3.92,0.0,5.88,0.0,0.0,2026-11-01,0.46,0.65,100.0,11.36,3.56,66.36,-3.89,23.0,1,2026-06-24 to 2026-10-08 (75 days),-1.0,39.9,0.2265,341.91,363.79,BEARISH,MEDIUM,Last surprise: +2.9%,8.28,-1.0,1.0,45,2026-11-23,2.86,0
2026-10-09T17:21:24,2026-10-09,SSB,HOLD,0,EMA Crossover (9/21),MEDIUM,3,30.76,100.57,2.13,0.0,1.19,0.0,0.0,2026-10-10,0.77,2.15,100.0,3.65,0.56,-4.43,-0.2,1.0,1,2026-06-24 to 2026-10-08 (75 days),-1.0,41.3,0.1514,105.34,98.86,BULLISH,LOW,Strong trend (ADX=43); Last surprise: +2.6%,10.0,-1.0,1.0,12,2026-10-21,2.62,0
2026-10-09T17:18:57,2026-10-09,AMAT,HOLD,0,Donchian Breakout (20/55),HIGH,4,30.71,509.57,6.87,0.0,11.89,0.0,0.0,2026-10-19,1.11,2.31,100.0,45.86,15.68,54.39,-6.13,10.0,1,2026-06-24 to 2026-10-08 (75 days),-1.0,55.6,0.4775,489.67,432.4,BULLISH,HIGH,Strong trend (ADX=37); Last surprise: +3.2%,3.93,-1.0,1.0,34,2026-11-12,3.24,0
2026-10-09T17:21:21,2026-10-09,NYT,HOLD,0,Stochastic Oscillator,LOW,0,30.68,66.6,7.92,0.0,11.88,0.0,0.0,2026-10-31,-0.07,-0.08,50.0,0.78,-6.85,11.73,-18.21,22.5,2,2026-06-24 to 2026-10-08 (75 days),-1.0,53.0,0.4608,66.68,73.06,BEARISH,HIGH,Strong trend (ADX=35); Last surprise: +3.0%,4.07,-1.0,1.0,26,2026-11-04,2.99,0
2026-10-09T17:19:46,2026-10-09,IDXX,HOLD,0,VWAP Trend,HIGH,5,30.6,513.14,3.59,0.0,3.8,0.0,0.0,2026-10-14,1.63,2.52,72.7,3.01,39.05,59.68,-5.58,5.5,11,2026-06-24 to 2026-10-08 (75 days),-1.0,44.0,0.2058,540.25,584.33,BEARISH,MEDIUM,Last surprise: +8.7%; Earnings conf adj: +1,9.11,-1.0,1.0,24,2026-11-02,8.65,1
2026-10-09T17:21:36,2026-10-09,NNN,HOLD,1,MACD Crossover,LOW,1,30.55,40.27,2.1,39.42,4.2,41.96,0.0,2026-10-18,-0.54,-0.81,66.7,0.58,-5.42,30.59,-4.86,9.7,3,2026-06-24 to 2026-10-08 (75 days),-1.0,30.6,0.1871,44.12,43.45,BULLISH,LOW,Strong trend (ADX=60); Last surprise: +0.0%,7.0,-1.0,1.0,26,2026-11-04,0.0,0
2026-10-09T17:20:18,2026-10-09,PSX,BUY,1,52-Week High Momentum,HIGH,5,30.47,281.6,4.99,267.55,17.46,330.77,8.01,2027-01-08,4.92,10.28,100.0,490.38,284.84,-198.76,-8.01,91.0,1,2026-06-24 to 2026-10-08 (75 days),0.48,74.8,0.3114,245.66,185.33,BULLISH,MEDIUM,RSI overbought; Price at statistical extreme; Strong trend (ADX=32); Last surprise: +25.5%; Earnings conf adj: +1; Size: Kelly 10.0% / VolTgt 6.0% / Blend 8.0%,6.02,-1.0,1.0,19,2026-10-28,25.47,1
2026-10-09T17:19:35,2026-10-09,FOXA,HOLD,0,VWAP Trend,HIGH,5,30.4,63.57,3.83,0.0,5.69,0.0,0.0,2026-10-17,2.52,4.97,66.7,7.0,68.75,-64.37,-5.57,8.3,6,2026-06-24 to 2026-10-08 (75 days),-1.0,48.9,0.2507,64.64,62.67,BULLISH,MEDIUM,Last surprise: +29.7%; Earnings conf adj: +1,7.48,-1.0,1.0,20,2026-10-29,29.71,1
2026-10-09T17:19:20,2026-10-09,DD,HOLD,0,VWAP Trend,HIGH,4,30.38,132.48,2.03,0.0,2.84,0.0,0.0,2026-10-12,0.89,1.48,83.3,2.29,10.72,21.99,-4.97,3.5,6,2026-06-24 to 2026-10-08 (75 days),-1.0,52.8,0.1926,134.63,136.92,BEARISH,LOW,Last surprise: +6.8%; Earnings conf adj: +1,9.73,-1.0,1.0,25,2026-11-03,6.82,1
2026-10-09T17:20:48,2026-10-09,ZTS,HOLD,0,Stochastic Oscillator,MEDIUM,2,30.36,73.08,3.82,0.0,5.73,0.0,0.0,2026-11-01,0.34,0.52,100.0,13.88,3.74,22.33,-6.86,23.0,2,2026-06-24 to 2026-10-08 (75 days),-1.0,53.3,0.2137,73.99,96.55,BEARISH,MEDIUM,Last surprise: +1.1%,8.78,-1.0,1.0,27,2026-11-05,1.08,0
2026-10-09T17:20:24,2026-10-09,SHW,BUY,1,MACD Crossover,MEDIUM,3,30.3,321.03,3.77,308.93,7.03,343.6,9.33,2026-10-26,0.1,0.15,100.0,4.01,0.34,11.48,-8.37,17.0,2,2026-06-24 to 2026-10-08 (75 days),0.234,44.9,0.2164,337.39,331.85,BULLISH,MEDIUM,Last surprise: +5.1%; Earnings conf adj: +1; Size: Kelly 10.0% / VolTgt 8.7% / Blend 9.3%,8.66,-1.0,1.0,18,2026-10-27,5.11,1
2026-10-09T17:20:08,2026-10-09,NUE,HOLD,0,VWAP Trend,LOW,1,30.29,246.14,4.07,0.0,4.48,0.0,0.0,2026-10-11,0.13,0.19,42.9,1.17,0.84,-9.14,-6.27,2.4,7,2026-06-24 to 2026-10-08 (75 days),-1.0,48.0,0.3674,254.84,215.42,BULLISH,MEDIUM,Last surprise: +6.8%; Earnings conf adj: +1,5.1,-1.0,1.0,17,2026-10-26,6.84,1
2026-10-09T17:20:39,2026-10-09,VEEV,HOLD,0,Stochastic Oscillator,HIGH,5,30.2,284.84,4.55,0.0,5.54,0.0,0.0,2026-10-16,1.88,9.81,100.0,53.29,13.0,-579.73,-1.59,7.0,1,2026-06-24 to 2026-10-08 (75 days),-1.0,62.9,0.2658,257.62,202.52,BULLISH,MEDIUM,Strong trend (ADX=31); Last surprise: +5.9%; Earnings conf adj: +1,7.05,-1.0,1.0,47,2026-11-25,5.86,1
2026-10-09T17:21:55,2026-10-09,EXLS,HOLD,0,MACD Crossover,HIGH,5,30.2,36.87,4.2,0.0,11.23,0.0,0.0,2026-10-28,2.87,7.84,66.7,84.49,219.93,5.6,-6.48,19.7,3,2026-06-24 to 2026-10-08 (75 days),-1.0,59.9,0.3214,35.72,32.91,BULLISH,MEDIUM,Price at statistical extreme; Strong trend (ADX=37); Last surprise: +7.3%; Earnings conf adj: +1,5.83,-1.0,1.0,18,2026-10-27,7.27,1
2026-10-09T17:19:56,2026-10-09,LULU,EXIT,-1,Momentum (Rate of Change),HIGH,4,30.17,92.68,5.23,97.53,7.85,85.4,8.04,2026-10-31,0.99,1.56,100.0,71.08,20.89,70.12,-9.99,22.5,2,2026-06-24 to 2026-10-08 (75 days),-1.0,33.6,0.3091,109.93,142.62,BEARISH,MEDIUM,Strong trend (ADX=42); Last surprise: +63.1%; Earnings conf adj: +1; Size: Kelly 10.0% / VolTgt 6.1% / Blend 8.0%,6.07,-1.0,1.0,-36,2026-09-03,63.13,1
2026-10-09T17:20:37,2026-10-09,ULTA,HOLD,0,Composite Multi-Indicator,HIGH,5,30.15,564.21,3.88,0.0,5.82,0.0,0.0,2026-12-03,1.55,2.52,100.0,103.67,39.42,-35.31,-5.96,55.0,1,2026-06-24 to 2026-10-08 (75 days),-1.0,60.9,0.2529,539.24,554.83,BEARISH,MEDIUM,Price at statistical extreme; Last surprise: +5.6%; Earnings conf adj: +1,7.42,-1.0,1.0,55,2026-12-03,5.65,1
2026-10-09T17:19:34,2026-10-09,FIS,HOLD,0,ADX Trend Following,HIGH,4,30.11,34.34,4.16,0.0,6.24,0.0,0.0,2026-10-25,1.28,2.23,66.7,6.52,37.78,68.32,-12.28,16.7,3,2026-06-24 to 2026-10-08 (75 days),-1.0,40.2,0.2643,38.8,45.19,BEARISH,MEDIUM,Strong trend (ADX=34); Last surprise: +0.7%,7.09,-1.0,1.0,26,2026-11-04,0.68,0
2026-10-09T17:20:23,2026-10-09,SJM,HOLD,0,MACD Crossover,HIGH,4,30.04,119.41,3.43,0.0,6.49,0.0,0.0,2026-10-25,0.61,0.97,100.0,27.44,8.91,-20.94,-7.0,16.0,2,2026-06-24 to 2026-10-08 (75 days),-1.0,47.5,0.2062,121.86,107.46,BULLISH,MEDIUM,Last surprise: +45.9%; Earnings conf adj: +1,9.09,-1.0,1.0,46,2026-11-24,45.95,1
2026-10-09T17:20:18,2026-10-09,PYPL,HOLD,0,VWAP Trend,HIGH,5,29.91,55.02,4.08,0.0,3.56,0.0,0.0,2026-10-12,2.68,5.3,63.6,4.28,64.43,-78.9,-4.51,3.2,11,2026-06-24 to 2026-10-08 (75 days),-1.0,53.7,0.253,56.23,49.91,BULLISH,MEDIUM,Strong trend (ADX=30); Last surprise: +7.8%; Earnings conf adj: +1,7.41,-1.0,1.0,18,2026-10-27,7.81,1
2026-10-09T17:22:11,2026-10-09,FCN,HOLD,0,MACD Crossover,MEDIUM,2,29.88,140.5,5.3,0.0,7.95,0.0,0.0,2026-10-18,0.88,1.31,80.0,2.97,15.51,24.3,-10.25,9.4,5,2026-06-24 to 2026-10-08 (75 days),-1.0,48.6,0.3775,147.44,161.66,BEARISH,MEDIUM,Strong trend (ADX=31); Last surprise: -11.9%; Earnings conf adj: -1,4.97,-1.0,1.0,20,2026-10-29,-11.95,-1
2026-10-09T17:20:31,2026-10-09,TJX,HOLD,0,MACD Crossover,HIGH,4,29.75,138.75,3.11,0.0,4.67,0.0,0.0,2026-10-29,1.2,1.96,50.0,5.84,16.06,60.23,-5.83,20.5,2,2026-06-24 to 2026-10-08 (75 days),-1.0,61.6,0.218,139.22,151.48,BEARISH,MEDIUM,Strong trend (ADX=38); Last surprise: +14.3%; Earnings conf adj: +1,8.6,-1.0,1.0,40,2026-11-18,14.29,1
2026-10-09T17:18:54,2026-10-09,AEP,HOLD,0,Composite Multi-Indicator,MEDIUM,2,29.59,122.32,1.87,0.0,2.81,0.0,0.0,2026-10-31,0.67,0.98,100.0,12.51,3.96,30.55,-3.33,22.0,1,2026-06-24 to 2026-10-08 (75 days),-1.0,55.1,0.1322,122.8,125.84,BEARISH,LOW,Last surprise: -8.1%; Earnings conf adj: -1,10.0,-1.0,1.0,19,2026-10-28,-8.11,-1
2026-10-09T17:20:56,2026-10-09,MEDP,HOLD,0,Stochastic Oscillator,HIGH,4,29.36,602.7,4.86,0.0,4.76,0.0,0.0,2026-10-13,0.98,4.63,100.0,27.42,7.78,-65.57,-1.41,4.0,1,2026-06-24 to 2026-10-08 (75 days),-1.0,48.1,0.3021,601.82,524.74,BULLISH,MEDIUM,Last surprise: +6.2%; Earnings conf adj: +1,6.21,-1.0,1.0,12,2026-10-21,6.25,1
2026-10-09T17:20:29,2026-10-09,SWK,BUY,1,VWAP Trend,HIGH,5,29.31,89.17,4.7,84.98,3.05,91.89,8.9,2026-10-11,2.73,6.31,77.8,5.4,55.51,54.42,-3.54,2.6,9,2026-06-24 to 2026-10-08 (75 days),0.226,44.1,0.2403,94.58,82.81,BULLISH,MEDIUM,High volume; Last surprise: +29.8%; Earnings conf adj: +1; Size: Kelly 10.0% / VolTgt 7.8% / Blend 8.9%,7.8,-1.0,1.0,26,2026-11-04,29.75,1
2026-10-09T17:21:44,2026-10-09,AAON,HOLD,0,Composite Multi-Indicator,HIGH,4,29.3,85.95,10.03,0.0,15.04,0.0,0.0,2026-11-28,0.81,1.29,100.0,61.6,22.13,98.59,-8.21,50.0,1,2026-06-24 to 2026-10-08 (75 days),-1.0,55.7,0.468,82.48,97.85,BEARISH,HIGH,Last surprise: +40.8%; Earnings conf adj: +1,4.01,-1.0,1.0,27,2026-11-05,40.82,1
2026-10-09T17:20:10,2026-10-09,ODFL,HOLD,0,Momentum (Rate of Change),MEDIUM,3,29.21,181.65,3.87,0.0,3.65,0.0,0.0,2026-10-12,-0.48,-1.1,100.0,11.71,-3.46,43.39,-4.23,3.0,1,2026-06-24 to 2026-10-08 (75 days),-1.0,48.9,0.2678,192.54,199.76,BEARISH,MEDIUM,Strong trend (ADX=34); Last surprise: +9.8%; Earnings conf adj: +1,7.0,-1.0,1.0,19,2026-10-28,9.8,1
2026-10-09T17:20:01,2026-10-09,MET,BUY,1,52-Week High Momentum,HIGH,5,29.07,98.47,2.52,95.99,7.56,105.91,10.0,2027-01-18,2.34,4.25,100.0,151.23,60.93,-10.33,-6.49,101.0,1,2026-06-24 to 2026-10-08 (75 days),0.611,58.4,0.1876,96.47,83.32,BULLISH,LOW,Last surprise: +6.1%; Earnings conf adj: +1; Size: Kelly 10.0% / VolTgt 10.0% / Blend 10.0%,10.0,-1.0,1.0,26,2026-11-04,6.11,1
2026-10-09T17:21:37,2026-10-09,THG,HOLD,0,Stochastic Oscillator,MEDIUM,3,28.87,221.93,2.41,0.0,3.62,0.0,0.0,2026-10-22,0.44,0.7,100.0,19.65,2.57,-19.1,-2.7,13.0,1,2026-06-24 to 2026-10-08 (75 days),-1.0,51.3,0.1977,224.01,194.48,BULLISH,LOW,Last surprise: +41.2%; Earnings conf adj: +1,9.49,-1.0,1.0,19,2026-10-28,41.22,1
2026-10-09T17:20:59,2026-10-09,CRBG,HOLD,0,VWAP Trend,HIGH,4,28.85,34.45,3.9,0.0,2.77,0.0,0.0,2026-10-11,1.89,4.12,87.5,4.13,30.45,-77.64,-4.84,2.1,8,2026-06-24 to 2026-10-08 (75 days),-1.0,54.4,0.2429,33.42,29.07,BULLISH,MEDIUM,Last surprise: +3.7%,7.72,-1.0,1.0,24,2026-11-02,3.7,0
2026-10-09T17:20:45,2026-10-09,WRB,HOLD,0,Composite Multi-Indicator,HIGH,5,28.81,72.05,2.3,0.0,7.17,0.0,0.0,2026-10-30,1.06,2.17,100.0,28.29,9.59,-1.01,-4.64,21.0,1,2026-06-24 to 2026-10-08 (75 days),-1.0,65.9,0.1987,69.59,68.43,BULLISH,LOW,Price at statistical extreme; Strong trend (ADX=37); Last surprise: +17.6%; Earnings conf adj: +1,9.44,-1.0,1.0,10,2026-10-19,17.59,1
2026-10-09T17:21:39,2026-10-09,NFG,HOLD,0,Stochastic Oscillator,MEDIUM,3,28.8,78.21,2.32,0.0,3.48,0.0,0.0,2026-10-19,0.38,0.78,100.0,12.08,2.06,-10.49,-2.32,10.0,1,2026-06-24 to 2026-10-08 (75 days),-1.0,46.5,0.182,80.46,82.27,BEARISH,LOW,Strong trend (ADX=31); Last surprise: +6.9%; Earnings conf adj: +1,10.0,-1.0,1.0,26,2026-11-04,6.94,1
2026-10-09T17:21:46,2026-10-09,LNTH,HOLD,0,Stochastic Oscillator,MEDIUM,3,28.64,100.12,1.5,0.0,2.25,0.0,0.0,2026-12-17,0.01,0.01,100.0,3.82,-0.07,14.48,-1.96,69.0,1,2026-06-24 to 2026-10-08 (75 days),-1.0,47.7,0.0345,100.48,88.77,BULLISH,LOW,Last surprise: +19.2%; Earnings conf adj: +1,10.0,-1.0,1.0,27,2026-11-05,19.23,1
2026-10-09T17:21:32,2026-10-09,REXR,HOLD,0,Stochastic Oscillator,HIGH,4,28.63,37.23,3.13,0.0,4.7,0.0,0.0,2026-12-03,0.85,1.52,100.0,38.69,11.88,-41.34,-6.17,55.0,1,2026-06-24 to 2026-10-08 (75 days),-1.0,52.9,0.2158,36.87,35.71,BULLISH,MEDIUM,Last surprise: +61.5%; Earnings conf adj: +1,8.69,-1.0,1.0,13,2026-10-22,61.54,1
2026-10-09T17:20:17,2026-10-09,PRU,HOLD,0,Stochastic Oscillator,MEDIUM,3,28.61,113.53,2.41,0.0,3.09,0.0,0.0,2026-10-15,-0.3,-0.45,100.0,7.26,-0.94,-31.21,-1.21,6.0,1,2026-06-24 to 2026-10-08 (75 days),-1.0,39.5,0.1602,118.89,106.65,BULLISH,LOW,Strong trend (ADX=44); Last surprise: +15.9%; Earnings conf adj: +1,10.0,-1.0,1.0,25,2026-11-03,15.91,1
2026-10-09T17:21:19,2026-10-09,AR,HOLD,0,Stochastic Oscillator,MEDIUM,2,28.61,36.06,6.31,0.0,9.46,0.0,0.0,2026-10-25,0.99,1.64,100.0,46.65,12.87,-1.01,-7.48,16.0,1,2026-06-24 to 2026-10-08 (75 days),-1.0,51.8,0.4212,36.68,36.35,BULLISH,HIGH,Last surprise: -10.6%; Earnings conf adj: -1,4.45,-1.0,1.0,19,2026-10-28,-10.59,-1
2026-10-09T17:20:16,2026-10-09,PNW,HOLD,0,Composite Multi-Indicator,MEDIUM,3,28.59,97.98,2.18,0.0,3.27,0.0,0.0,2026-11-05,0.71,1.29,100.0,18.56,6.1,25.59,-5.32,27.0,1,2026-06-24 to 2026-10-08 (75 days),-1.0,60.2,0.1743,97.29,98.06,BEARISH,LOW,Last surprise: -2.7%,10.0,-1.0,1.0,25,2026-11-03,-2.72,0
2026-10-09T17:21:36,2026-10-09,UGI,HOLD,0,Stochastic Oscillator,MEDIUM,2,28.43,36.94,2.32,0.0,3.48,0.0,0.0,2026-12-06,0.97,2.47,100.0,60.18,19.94,-6.22,-6.57,58.0,1,2026-06-24 to 2026-10-08 (75 days),-1.0,50.6,0.1788,36.73,35.96,BULLISH,LOW,Last surprise: -53.8%; Earnings conf adj: -1,10.0,-1.0,1.0,40,2026-11-18,-53.85,-1
2026-10-09T17:19:30,2026-10-09,EXE,HOLD,0,Stochastic Oscillator,HIGH,4,28.41,88.86,3.43,0.0,5.15,0.0,0.0,2026-10-25,0.6,0.97,100.0,20.03,5.17,2.09,-5.11,16.0,1,2026-06-24 to 2026-10-08 (75 days),-1.0,48.0,0.2896,92.68,97.08,BEARISH,MEDIUM,Strong trend (ADX=45); Last surprise: +18.7%; Earnings conf adj: +1,6.47,-1.0,1.0,18,2026-10-27,18.75,1
2026-10-09T17:20:09,2026-10-09,NXPI,HOLD,0,Composite Multi-Indicator,MEDIUM,3,28.38,231.07,6.35,0.0,9.52,0.0,0.0,2026-11-22,0.57,0.84,100.0,31.75,10.83,66.15,-7.04,44.0,1,2026-06-24 to 2026-10-08 (75 days),-1.0,46.6,0.4029,230.28,244.07,BEARISH,HIGH,Last surprise: +2.3%,4.65,-1.0,1.0,18,2026-10-27,2.27,0
2026-10-09T17:20:11,2026-10-09,ON,HOLD,0,EMA Crossover (9/21),MEDIUM,3,28.37,79.41,8.27,0.0,12.4,0.0,0.0,2026-10-17,0.66,1.07,100.0,32.04,10.56,82.84,-8.09,8.0,1,2026-06-24 to 2026-10-08 (75 days),-1.0,52.8,0.6675,76.55,81.04,BEARISH,HIGH,Strong trend (ADX=41); Last surprise: +2.8%,2.81,-1.0,1.0,24,2026-11-02,2.78,0
2026-10-09T17:19:57,2026-10-09,LUV,HOLD,0,EMA Crossover (9/21),MEDIUM,3,28.36,41.36,4.28,0.0,6.42,0.0,0.0,2026-10-24,0.23,0.38,100.0,6.8,1.63,51.65,-3.19,15.0,1,2026-06-24 to 2026-10-08 (75 days),-1.0,49.2,0.2423,41.85,43.19,BEARISH,MEDIUM,High volume; Last surprise: +80.8%; Earnings conf adj: +1,7.74,-1.0,1.0,12,2026-10-21,80.77,1
2026-10-09T17:19:53,2026-10-09,L,HOLD,0,Composite Multi-Indicator,MEDIUM,2,28.35,107.6,1.79,0.0,3.58,0.0,0.0,2026-10-26,0.32,0.5,100.0,6.96,1.7,14.08,-2.37,17.0,1,2026-06-24 to 2026-10-08 (75 days),-1.0,51.5,0.1243,109.78,108.91,BULLISH,LOW,Last surprise: +52.1%,10.0,-1.0,1.0,24,2026-11-02,52.05,0
2026-10-09T17:19:53,2026-10-09,KR,HOLD,0,SMA Crossover (10/50),HIGH,4,28.33,61.41,3.84,0.0,5.76,0.0,0.0,2026-11-16,1.3,2.18,100.0,66.26,23.98,3.08,-7.41,38.0,1,2026-06-24 to 2026-10-08 (75 days),-1.0,59.8,0.3257,58.17,62.86,BEARISH,MEDIUM,Last surprise: +3.8%,5.76,-1.0,1.0,55,2026-12-03,3.81,0
2026-10-09T17:20:50,2026-10-09,ROKU,HOLD,0,VWAP Trend,HIGH,5,28.27,153.81,1.5,0.0,1.34,0.0,0.0,2026-10-11,2.35,6.58,80.0,7.45,16.18,-36.14,-1.03,2.6,5,2026-06-24 to 2026-10-08 (75 days),-1.0,51.8,0.1052,153.94,124.12,BULLISH,LOW,Last surprise: +114.3%; Earnings conf adj: +1,10.0,-1.0,1.0,27,2026-11-05,114.29,1
2026-10-09T17:19:01,2026-10-09,AVGO,HOLD,0,ADX Trend Following,MEDIUM,3,28.12,360.14,4.41,0.0,8.82,0.0,0.0,2026-10-25,0.73,1.1,66.7,2.75,17.63,35.35,-8.69,16.0,3,2026-06-24 to 2026-10-08 (75 days),-1.0,49.4,0.3792,371.9,367.0,BULLISH,MEDIUM,Last surprise: +2.5%,4.95,-1.0,1.0,61,2026-12-09,2.47,0
2026-10-09T17:21:00,2026-10-09,EQH,HOLD,0,Composite Multi-Indicator,HIGH,4,28.08,53.48,4.09,0.0,12.27,0.0,0.0,2027-01-22,2.42,4.09,100.0,226.62,99.69,-9.86,-8.17,105.0,1,2026-06-24 to 2026-10-08 (75 days),-1.0,55.1,0.2473,51.68,44.96,BULLISH,MEDIUM,Last surprise: +3.7%,7.58,-1.0,1.0,24,2026-11-02,3.66,0
2026-10-09T17:21:17,2026-10-09,WTRG,HOLD,0,MACD Crossover,MEDIUM,2,28.06,38.72,2.36,0.0,5.0,0.0,0.0,2026-10-24,0.52,0.82,66.7,6.2,6.35,-5.81,-4.74,15.3,3,2026-06-24 to 2026-10-08 (75 days),-1.0,38.2,0.1625,40.28,38.68,BULLISH,LOW,Strong trend (ADX=53); Last surprise: -5.1%; Earnings conf adj: -1,10.0,-1.0,1.0,26,2026-11-04,-5.13,-1
2026-10-09T17:19:14,2026-10-09,CNC,HOLD,0,Stochastic Oscillator,MEDIUM,3,28.0,64.54,4.31,0.0,6.46,0.0,0.0,2026-12-20,0.23,0.34,100.0,8.86,2.69,-6.06,-12.13,72.0,1,2026-06-24 to 2026-10-08 (75 days),-1.0,51.4,0.3219,64.81,53.3,BULLISH,MEDIUM,Last surprise: +132.4%; Earnings conf adj: +1,5.82,-1.0,1.0,18,2026-10-27,132.41,1
2026-10-09T17:21:38,2026-10-09,DBX,HOLD,0,Stochastic Oscillator,MEDIUM,3,27.96,34.14,7.8,0.0,9.99,0.0,0.0,2026-10-18,0.93,1.92,100.0,43.04,9.67,-132.53,-3.75,9.0,1,2026-06-24 to 2026-10-08 (75 days),-1.0,49.8,0.4229,34.52,28.3,BULLISH,HIGH,Last surprise: +1.4%,4.43,-1.0,1.0,27,2026-11-05,1.35,0
2026-10-09T17:20:37,2026-10-09,UHS,HOLD,0,Composite Multi-Indicator,HIGH,4,27.93,175.72,3.97,0.0,5.96,0.0,0.0,2027-01-02,2.53,4.39,100.0,187.53,78.85,-12.47,-6.16,85.0,1,2026-06-24 to 2026-10-08 (75 days),-1.0,51.3,0.2284,173.59,179.45,BEARISH,MEDIUM,Last surprise: -0.5%,8.21,-1.0,1.0,17,2026-10-26,-0.5,0
2026-10-09T17:20:58,2026-10-09,DOCN,HOLD,0,VWAP Trend,HIGH,5,27.9,123.9,12.0,0.0,7.96,0.0,0.0,2026-10-11,1.32,2.58,77.8,2.09,51.91,98.05,-12.47,2.1,9,2026-06-24 to 2026-10-08 (75 days),-1.0,43.5,0.6976,125.87,107.1,BULLISH,HIGH,Last surprise: +73.1%; Earnings conf adj: +1,2.69,-1.0,1.0,26,2026-11-04,73.08,1
2026-10-09T17:21:31,2026-10-09,AAL,HOLD,0,Composite Multi-Indicator,MEDIUM,3,27.82,12.8,5.32,0.0,10.64,0.0,0.0,2026-10-31,0.21,0.36,100.0,6.87,2.01,67.13,-7.81,22.0,1,2026-06-24 to 2026-10-08 (75 days),-1.0,40.2,0.3102,13.86,13.79,BULLISH,MEDIUM,Last surprise: +200.0%; Earnings conf adj: +1,6.05,-1.0,1.0,13,2026-10-22,200.0,1
2026-10-09T17:22:10,2026-10-09,CDP,HOLD,0,MACD Crossover,MEDIUM,3,27.63,33.47,2.23,0.0,1.92,0.0,0.0,2026-10-12,0.05,0.08,100.0,2.3,0.1,8.48,-0.86,3.0,1,2026-06-24 to 2026-10-08 (75 days),-1.0,39.1,0.141,35.37,32.61,BULLISH,LOW,Strong trend (ADX=45); Last surprise: +25.0%; Earnings conf adj: +1,10.0,-1.0,1.0,20,2026-10-29,25.0,1
2026-10-09T17:18:58,2026-10-09,AMP,HOLD,0,Stochastic Oscillator,MEDIUM,2,27.61,499.08,4.28,0.0,6.42,0.0,0.0,2026-10-19,-0.47,-0.7,100.0,4.89,-2.4,-34.88,-2.31,10.0,1,2026-06-24 to 2026-10-08 (75 days),-1.0,39.2,0.2698,539.95,491.12,BULLISH,MEDIUM,Strong trend (ADX=60); Last surprise: +2.4%,6.95,-1.0,1.0,20,2026-10-29,2.41,0
2026-10-09T17:19:53,2026-10-09,KMI,HOLD,0,Composite Multi-Indicator,MEDIUM,3,27.55,32.25,2.57,0.0,5.14,0.0,0.0,2027-01-17,0.37,0.56,100.0,17.19,5.61,6.01,-8.28,100.0,1,2026-06-24 to 2026-10-08 (75 days),-1.0,59.7,0.1896,31.45,31.18,BULLISH,LOW,Last surprise: +19.4%; Earnings conf adj: +1,9.89,-1.0,1.0,19,2026-10-28,19.35,1
2026-10-09T17:20:33,2026-10-09,TMO,BUY,1,PEAD Earnings Drift,HIGH,5,27.45,651.98,4.44,623.03,15.54,753.3,8.18,2026-12-20,2.06,3.53,100.0,130.97,50.96,-110.2,-5.24,72.0,1,2026-06-24 to 2026-10-08 (75 days),0.865,52.1,0.2952,624.49,543.7,BULLISH,MEDIUM,Strong trend (ADX=41); Last surprise: +5.6%; Earnings conf adj: +1; Size: Kelly 10.0% / VolTgt 6.3% / Blend 8.2%,6.35,-1.0,1.0,12,2026-10-21,5.6,1
2026-10-09T17:22:09,2026-10-09,VVV,HOLD,0,VWAP Trend,LOW,1,27.39,30.84,6.47,0.0,8.82,0.0,0.0,2026-10-14,-3.12,-3.63,50.0,0.27,-46.12,11.24,-21.63,5.8,10,2026-06-24 to 2026-10-08 (75 days),-1.0,53.4,0.4653,31.95,34.26,BEARISH,HIGH,Strong trend (ADX=32); Last surprise: +14.0%; Earnings conf adj: +1,4.03,-1.0,1.0,40,2026-11-18,14.0,1
2026-10-09T17:22:25,2026-10-09,XLP,HOLD,0,Stochastic Oscillator,MEDIUM,2,27.35,83.42,1.5,0.0,2.25,0.0,0.0,2026-11-06,0.46,0.73,100.0,9.57,2.95,4.84,-4.22,28.0,1,2026-06-24 to 2026-10-08 (75 days),-1.0,56.0,0.1366,83.67,82.78,BULLISH,LOW,No special conditions,10.0,-1.0,1.0,-1,,,0
2026-10-09T17:21:55,2026-10-09,ASB,HOLD,0,MACD Crossover,LOW,0,27.12,28.76,2.32,0.0,2.36,0.0,0.0,2026-10-12,-1.86,-2.01,66.7,0.32,-11.08,4.26,-5.05,3.3,3,2026-06-24 to 2026-10-08 (75 days),-1.0,40.6,0.1652,30.23,28.05,BULLISH,LOW,Strong trend (ADX=41); Last surprise: -12.5%; Earnings conf adj: -1,7.0,-1.0,1.0,13,2026-10-22,-12.5,-1
2026-10-09T17:19:23,2026-10-09,DGX,BUY,1,Stochastic Oscillator,MEDIUM,3,27.11,230.81,3.64,222.41,2.94,237.6,8.55,2026-10-11,-0.25,-0.63,100.0,9.6,-0.83,-59.53,-1.77,2.0,1,2026-06-24 to 2026-10-08 (75 days),0.575,44.9,0.2642,236.71,205.49,BULLISH,MEDIUM,Strong trend (ADX=47); Last surprise: +10.6%; Earnings conf adj: +1; Size: Kelly 10.0% / VolTgt 7.1% / Blend 8.6%,7.1,-1.0,1.0,13,2026-10-22,10.64,1
2026-10-09T17:20:09,2026-10-09,NWSA,HOLD,0,Stochastic Oscillator,MEDIUM,3,27.03,28.97,3.74,0.0,5.61,0.0,0.0,2026-10-22,0.27,0.4,100.0,15.85,1.62,-60.34,-1.99,13.0,1,2026-06-24 to 2026-10-08 (75 days),-1.0,48.2,0.2544,29.37,26.51,BULLISH,MEDIUM,Last surprise: +52.2%; Earnings conf adj: +1,7.37,-1.0,1.0,27,2026-11-05,52.17,1
2026-10-09T17:20:43,2026-10-09,WAT,HOLD,0,52-Week High Momentum,HIGH,4,27.02,429.13,4.63,0.0,16.2,0.0,0.0,2026-12-11,1.19,1.89,100.0,72.63,23.1,-43.83,-4.66,63.0,1,2026-06-24 to 2026-10-08 (75 days),-1.0,53.2,0.2652,414.83,364.7,BULLISH,MEDIUM,Strong trend (ADX=33); Last surprise: +1.3%,7.07,-1.0,1.0,25,2026-11-03,1.33,0
2026-10-09T17:21:48,2026-10-09,CAVA,HOLD,0,MACD Crossover,MEDIUM,2,26.97,54.31,7.64,0.0,11.46,0.0,0.0,2026-10-31,0.5,0.95,50.0,4.56,13.1,88.76,-11.83,22.5,2,2026-06-24 to 2026-10-08 (75 days),-1.0,45.5,0.4616,60.54,72.28,BEARISH,HIGH,Last surprise: +5.6%; Earnings conf adj: +1,4.06,-1.0,1.0,32,2026-11-10,5.56,1
2026-10-09T17:22:03,2026-10-09,HAE,BUY,1,52-Week High Momentum,HIGH,5,26.85,119.47,5.99,112.31,17.97,140.94,6.45,2026-12-18,2.53,11.51,100.0,407.51,197.01,-241.48,-7.11,70.0,1,2026-06-24 to 2026-10-08 (75 days),0.103,76.6,0.6461,100.94,75.56,BULLISH,HIGH,RSI overbought; High volume; Price at statistical extreme; Last surprise: +5.6%; Earnings conf adj: +1; Size: Kelly 10.0% / VolTgt 2.9% / Blend 6.5%,2.9,-1.0,1.0,27,2026-11-05,5.56,1
2026-10-09T17:18:55,2026-10-09,AIG,HOLD,0,Stochastic Oscillator,MEDIUM,3,26.69,77.05,2.37,0.0,3.56,0.0,0.0,2026-11-30,0.62,0.99,100.0,22.09,6.99,0.49,-5.32,52.0,1,2026-06-24 to 2026-10-08 (75 days),-1.0,58.8,0.1964,75.92,76.02,BEARISH,LOW,Price at statistical extreme; Last surprise: +3.6%,9.55,-1.0,1.0,25,2026-11-03,3.63,0
2026-10-09T17:21:20,2026-10-09,EGP,HOLD,0,Stochastic Oscillator,LOW,0,26.62,195.12,1.93,0.0,2.9,0.0,0.0,2026-11-06,-0.96,-1.36,50.0,0.34,-9.55,-1.04,-6.55,28.0,2,2026-06-24 to 2026-10-08 (75 days),-1.0,44.0,0.1628,199.18,193.77,BULLISH,LOW,Strong trend (ADX=32); Last surprise: +1.6%,7.0,-1.0,1.0,12,2026-10-21,1.55,0
2026-10-09T17:21:08,2026-10-09,AIT,HOLD,0,MACD Crossover,HIGH,4,26.61,332.12,3.48,0.0,6.46,0.0,0.0,2026-10-22,0.63,0.83,66.7,1.85,8.54,9.74,-4.28,13.7,3,2026-06-24 to 2026-10-08 (75 days),-1.0,48.5,0.2218,337.09,304.32,BULLISH,MEDIUM,Strong trend (ADX=41); Last surprise: +8.6%; Earnings conf adj: +1,8.45,-1.0,1.0,18,2026-10-27,8.56,1
2026-10-09T17:21:10,2026-10-09,HALO,HOLD,0,52-Week High Momentum,HIGH,5,26.54,109.84,4.55,0.0,13.65,0.0,0.0,2027-01-16,2.86,8.61,100.0,425.31,230.54,-108.2,-7.99,99.0,1,2026-06-24 to 2026-10-08 (75 days),-1.0,52.6,0.2935,105.1,79.21,BULLISH,MEDIUM,Last surprise: +25.3%; Earnings conf adj: +1,6.39,-1.0,1.0,24,2026-11-02,25.27,1
2026-10-09T17:21:29,2026-10-09,VOYA,HOLD,0,Stochastic Oscillator,LOW,1,26.38,96.64,3.11,0.0,4.67,0.0,0.0,2026-10-19,-0.18,-0.31,100.0,5.88,-1.07,-29.82,-2.45,10.0,1,2026-06-24 to 2026-10-08 (75 days),-1.0,43.7,0.1939,99.63,84.05,BULLISH,LOW,Strong trend (ADX=34); Last surprise: -23.4%; Earnings conf adj: -1,7.0,-1.0,1.0,24,2026-11-02,-23.35,-1
2026-10-09T17:22:16,2026-10-09,CXT,HOLD,0,ADX Trend Following,MEDIUM,3,26.26,48.18,7.14,0.0,11.79,0.0,0.0,2026-10-22,0.27,0.36,100.0,8.64,1.92,-20.45,-3.29,13.0,1,2026-06-24 to 2026-10-08 (75 days),-1.0,48.3,0.4152,49.6,46.99,BULLISH,HIGH,Last surprise: +5.8%; Earnings conf adj: +1,4.52,-1.0,1.0,26,2026-11-04,5.77,1
2026-10-09T17:19:54,2026-10-09,LDOS,HOLD,0,VWAP Trend,HIGH,5,26.08,119.22,4.68,0.0,7.02,0.0,0.0,2026-10-23,1.58,2.88,66.7,2.27,61.54,2.23,-16.27,14.7,6,2026-06-24 to 2026-10-08 (75 days),-1.0,41.5,0.3492,130.38,145.03,BEARISH,MEDIUM,Strong trend (ADX=41); Last surprise: +12.0%; Earnings conf adj: +1,5.37,-1.0,1.0,25,2026-11-03,12.03,1
2026-10-09T17:19:21,2026-10-09,DE,HOLD,0,VWAP Trend,MEDIUM,3,26.05,652.58,4.27,0.0,3.48,0.0,0.0,2026-10-11,0.52,0.95,50.0,1.64,7.27,-27.55,-4.93,2.9,10,2026-06-24 to 2026-10-08 (75 days),-1.0,42.4,0.2598,651.1,588.81,BULLISH,MEDIUM,Price at statistical extreme; Last surprise: +8.3%; Earnings conf adj: +1,7.22,-1.0,1.0,47,2026-11-25,8.28,1
2026-10-09T17:20:50,2026-10-09,SNX,HOLD,0,Composite Multi-Indicator,HIGH,4,26.04,267.46,9.73,0.0,29.19,0.0,0.0,2026-11-28,0.8,1.13,100.0,61.28,22.0,39.16,-10.82,50.0,1,2026-06-24 to 2026-10-08 (75 days),-1.0,50.8,0.5442,260.91,217.55,BULLISH,HIGH,Last surprise: +20.9%; Earnings conf adj: +1,3.45,-1.0,1.0,-15,2026-09-24,20.85,1
2026-10-09T17:19:04,2026-10-09,BDX,HOLD,0,Stochastic Oscillator,MEDIUM,3,26.02,182.75,3.15,0.0,4.72,0.0,0.0,2026-11-06,0.56,0.99,100.0,34.88,6.05,-104.29,-4.91,28.0,1,2026-06-24 to 2026-10-08 (75 days),-1.0,54.2,0.2262,180.97,161.31,BULLISH,MEDIUM,Last surprise: +2.9%,8.29,-1.0,1.0,27,2026-11-05,2.87,0
2026-10-09T17:20:19,2026-10-09,RCL,HOLD,0,MACD Crossover,MEDIUM,3,26.0,281.41,8.49,0.0,12.73,0.0,0.0,2026-10-21,0.64,1.04,50.0,1.71,9.09,43.88,-6.19,12.0,2,2026-06-24 to 2026-10-08 (75 days),-1.0,60.0,0.4805,278.58,284.01,BEARISH,HIGH,Strong trend (ADX=42); Last surprise: +5.8%; Earnings conf adj: +1,3.9,-1.0,1.0,18,2026-10-27,5.78,1
2026-10-09T17:19:36,2026-10-09,FSLR,HOLD,0,VWAP Trend,HIGH,5,25.98,178.85,8.07,0.0,8.97,0.0,0.0,2026-10-13,1.09,1.6,85.7,2.01,36.63,103.94,-14.34,4.3,7,2026-06-24 to 2026-10-08 (75 days),-1.0,40.5,0.5496,205.6,222.6,BEARISH,HIGH,Strong trend (ADX=42); Last surprise: +36.1%; Earnings conf adj: +1,3.41,-1.0,1.0,20,2026-10-29,36.11,1
2026-10-09T17:21:06,2026-10-09,RNR,BUY,1,52-Week High Momentum,HIGH,5,25.81,331.34,2.47,323.16,7.41,355.89,10.0,2027-01-22,1.2,1.78,100.0,79.13,29.15,3.28,-5.72,105.0,1,2026-06-24 to 2026-10-08 (75 days),0.091,57.6,0.1662,324.8,304.22,BULLISH,LOW,Last surprise: +10.0%; Earnings conf adj: +1; Size: Kelly 10.0% / VolTgt 10.0% / Blend 10.0%,10.0,-1.0,1.0,18,2026-10-27,9.96,1
2026-10-09T17:19:35,2026-10-09,FLEX,HOLD,0,VWAP Trend,HIGH,5,25.8,114.74,9.12,0.0,7.69,0.0,0.0,2026-10-13,1.12,1.74,75.0,2.6,36.38,96.88,-9.15,4.0,4,2026-06-24 to 2026-10-08 (75 days),-1.0,50.7,0.4883,114.53,100.7,BULLISH,HIGH,Last surprise: +8.7%; Earnings conf adj: +1,3.84,-1.0,1.0,19,2026-10-28,8.7,1
2026-10-09T17:19:18,2026-10-09,CTAS,HOLD,0,Stochastic Oscillator,HIGH,4,25.79,201.12,2.93,0.0,4.4,0.0,0.0,2026-10-20,1.92,4.07,100.0,80.6,26.42,-49.12,-3.15,11.0,2,2026-06-24 to 2026-10-08 (75 days),-1.0,55.6,0.2264,200.39,187.56,BULLISH,MEDIUM,Strong trend (ADX=33); Last surprise: +0.0%,8.28,-1.0,1.0,69,2026-12-17,0.0,0
2026-10-09T17:21:53,2026-10-09,PEGA,HOLD,0,Stochastic Oscillator,MEDIUM,2,25.38,35.49,5.41,0.0,8.12,0.0,0.0,2026-11-09,0.89,1.18,100.0,100.39,35.07,-46.53,-21.05,31.5,2,2026-06-24 to 2026-10-08 (75 days),-1.0,55.2,0.3958,34.26,38.89,BEARISH,MEDIUM,Last surprise: -18.6%; Earnings conf adj: -1,4.74,-1.0,1.0,11,2026-10-20,-18.6,-1
2026-10-09T17:21:50,2026-10-09,ANF,HOLD,0,Stochastic Oscillator,HIGH,5,25.22,141.41,5.11,0.0,7.67,0.0,0.0,2026-10-22,1.26,3.26,100.0,41.0,11.57,-375.53,-2.35,13.0,1,2026-06-24 to 2026-10-08 (75 days),-1.0,58.8,0.3289,128.34,101.86,BULLISH,MEDIUM,Last surprise: +111.7%; Earnings conf adj: +1,5.7,-1.0,1.0,47,2026-11-25,111.68,1
2026-10-09T17:19:09,2026-10-09,CB,HOLD,0,Stochastic Oscillator,MEDIUM,3,25.13,343.78,1.79,0.0,2.69,0.0,0.0,2026-11-28,0.19,0.29,100.0,10.44,1.51,-8.66,-6.32,50.0,1,2026-06-24 to 2026-10-08 (75 days),-1.0,60.2,0.1601,340.16,328.69,BULLISH,LOW,Last surprise: +7.6%; Earnings conf adj: +1,10.0,-1.0,1.0,11,2026-10-20,7.56,1
2026-10-09T17:21:56,2026-10-09,SAIC,HOLD,0,MACD Crossover,HIGH,4,25.04,129.71,4.48,0.0,8.98,0.0,0.0,2026-10-21,0.94,1.39,75.0,4.47,15.89,-70.01,-6.04,12.8,4,2026-06-24 to 2026-10-08 (75 days),-1.0,53.4,0.3187,127.21,107.71,BULLISH,MEDIUM,Strong trend (ADX=35); Last surprise: +30.3%; Earnings conf adj: +1,5.88,-1.0,1.0,-39,2026-08-31,30.3,1
2026-10-09T17:19:15,2026-10-09,COR,HOLD,0,Stochastic Oscillator,MEDIUM,2,24.87,321.35,3.8,0.0,5.7,0.0,0.0,2026-10-26,0.31,0.52,100.0,14.36,2.5,-49.96,-5.79,17.0,1,2026-06-24 to 2026-10-08 (75 days),-1.0,56.5,0.2469,317.77,316.73,BULLISH,MEDIUM,Last surprise: +3.0%,7.59,-1.0,1.0,26,2026-11-04,2.99,0
2026-10-09T17:21:48,2026-10-09,FAF,HOLD,0,VWAP Trend,HIGH,5,24.64,62.81,4.38,0.0,4.06,0.0,0.0,2026-10-11,1.82,2.88,70.0,2.64,33.36,51.58,-5.94,2.6,10,2026-06-24 to 2026-10-08 (75 days),-1.0,36.9,0.3198,70.18,66.18,BULLISH,MEDIUM,Strong trend (ADX=59); Last surprise: +13.0%; Earnings conf adj: +1,5.86,-1.0,1.0,12,2026-10-21,13.04,1
2026-10-09T17:20:43,2026-10-09,WDAY,HOLD,0,ADX Trend Following,HIGH,5,24.5,187.81,5.08,0.0,11.18,0.0,0.0,2026-10-24,1.87,3.92,75.0,20.3,120.39,-265.13,-10.55,15.8,4,2026-06-24 to 2026-10-08 (75 days),-1.0,49.4,0.3571,188.63,156.64,BULLISH,MEDIUM,Last surprise: +5.4%; Earnings conf adj: +1,5.25,-1.0,1.0,-43,2026-08-27,5.36,1
2026-10-09T17:21:50,2026-10-09,LEA,HOLD,0,VWAP Trend,MEDIUM,2,24.49,118.53,4.05,0.0,4.2,0.0,0.0,2026-10-12,-2.02,-2.17,60.0,0.34,-42.05,-6.67,-19.52,3.4,5,2026-06-24 to 2026-10-08 (75 days),-1.0,41.5,0.2892,124.04,127.36,BEARISH,MEDIUM,Last surprise: +7.5%; Earnings conf adj: +1,6.48,-1.0,1.0,21,2026-10-30,7.54,1
2026-10-09T17:21:26,2026-10-09,OC,HOLD,0,MACD Crossover,LOW,1,24.41,117.2,5.84,0.0,7.9,0.0,0.0,2026-10-16,-0.09,-0.15,50.0,0.88,-2.15,33.56,-7.59,7.5,2,2026-06-24 to 2026-10-08 (75 days),-1.0,37.8,0.3663,135.81,125.47,BULLISH,MEDIUM,Strong trend (ADX=33); Last surprise: +26.8%; Earnings conf adj: +1,5.12,-1.0,1.0,26,2026-11-04,26.77,1
2026-10-09T17:20:22,2026-10-09,ROST,BUY,1,Stochastic Oscillator,HIGH,5,24.38,225.2,2.57,219.41,3.85,233.87,9.75,2026-10-29,2.37,4.33,66.7,131.33,47.23,51.56,-6.74,20.0,3,2026-06-24 to 2026-10-08 (75 days),0.417,39.9,0.1976,235.84,218.01,BULLISH,LOW,Strong trend (ADX=33); Last surprise: +36.4%; Earnings conf adj: +1; Size: Kelly 10.0% / VolTgt 9.5% / Blend 9.8%,9.49,-1.0,1.0,41,2026-11-19,36.41,1
2026-10-09T17:21:48,2026-10-09,UBSI,HOLD,0,EMA Crossover (9/21),MEDIUM,2,24.34,45.7,2.11,0.0,1.11,0.0,0.0,2026-10-10,-1.19,-1.42,100.0,0.91,-0.37,-3.31,-0.2,1.0,1,2026-06-24 to 2026-10-08 (75 days),-1.0,41.2,0.1415,47.25,43.55,BULLISH,LOW,Strong trend (ADX=36); Last surprise: +6.7%; Earnings conf adj: +1,10.0,-1.0,1.0,13,2026-10-22,6.74,1
2026-10-09T17:20:26,2026-10-09,STE,HOLD,0,Stochastic Oscillator,LOW,1,24.16,210.76,2.09,0.0,3.13,0.0,0.0,2026-11-01,-0.48,-0.68,100.0,1.28,-2.93,-10.06,-3.46,23.0,1,2026-06-24 to 2026-10-08 (75 days),-1.0,43.8,0.1404,222.46,226.2,BEARISH,LOW,Last surprise: +4.0%,7.0,-1.0,1.0,26,2026-11-04,4.02,0
2026-10-09T17:21:18,2026-10-09,RRX,HOLD,1,ADX Trend Following,LOW,1,24.02,160.01,4.97,152.06,6.0,169.61,0.0,2026-10-14,-0.4,-0.56,50.0,0.8,-3.75,61.32,-3.61,5.0,2,2026-06-24 to 2026-10-08 (75 days),-1.0,49.9,0.3409,165.63,188.34,BEARISH,MEDIUM,Last surprise: +15.9%; Earnings conf adj: +1,5.5,-1.0,1.0,25,2026-11-03,15.89,1
2026-10-09T17:20:25,2026-10-09,SNPS,HOLD,0,MACD Crossover,HIGH,4,24.0,497.75,8.36,0.0,12.54,0.0,0.0,2026-11-03,1.67,3.78,50.0,185.14,86.1,59.02,-15.84,25.5,2,2026-06-24 to 2026-10-08 (75 days),-1.0,72.3,0.5709,417.09,445.68,BEARISH,HIGH,RSI overbought; Strong trend (ADX=49); Last surprise: +6.5%; Earnings conf adj: +1,3.28,-1.0,1.0,-44,2026-08-26,6.54,1
2026-10-09T17:19:47,2026-10-09,INTC,HOLD,0,SMA Crossover (10/50),HIGH,4,23.81,107.08,11.9,0.0,26.22,0.0,0.0,2026-10-31,0.72,1.36,100.0,58.67,20.56,71.07,-16.03,22.0,1,2026-06-24 to 2026-10-08 (75 days),-1.0,45.8,0.7099,102.81,82.69,BULLISH,HIGH,Last surprise: +90.9%; Earnings conf adj: +1,2.64,-1.0,1.0,20,2026-10-29,90.91,1
2026-10-09T17:19:32,2026-10-09,FDS,HOLD,0,Stochastic Oscillator,MEDIUM,3,23.53,286.52,7.98,0.0,11.97,0.0,0.0,2026-11-02,0.51,0.79,100.0,33.63,8.55,-154.68,-8.49,24.0,1,2026-06-24 to 2026-10-08 (75 days),-1.0,55.2,0.4585,282.57,247.18,BULLISH,HIGH,Last surprise: +3.9%,4.09,-1.0,1.0,69,2026-12-17,3.91,0
2026-10-09T17:21:02,2026-10-09,SGI,HOLD,0,ADX Trend Following,MEDIUM,3,23.49,62.34,4.8,0.0,5.19,0.0,0.0,2026-10-14,1.84,4.74,50.0,8.96,30.17,79.97,-3.17,5.0,2,2026-06-24 to 2026-10-08 (75 days),-1.0,43.8,0.295,64.89,75.55,BEARISH,MEDIUM,Strong trend (ADX=33); Last surprise: +0.0%,6.36,-1.0,1.0,27,2026-11-05,0.0,0
2026-10-09T17:19:02,2026-10-09,AXP,HOLD,0,MACD Crossover,LOW,0,23.48,308.1,2.62,0.0,3.41,0.0,0.0,2026-10-13,-0.16,-0.22,50.0,1.03,-0.93,28.72,-3.18,4.5,2,2026-06-24 to 2026-10-08 (75 days),-1.0,42.5,0.2039,325.28,329.81,BEARISH,MEDIUM,Strong trend (ADX=41); Last surprise: +3.0%,7.0,-1.0,1.0,14,2026-10-23,2.95,0
2026-10-09T17:21:15,2026-10-09,HL,HOLD,0,VWAP Trend,MEDIUM,3,23.34,16.73,9.1,0.0,6.17,0.0,0.0,2026-10-11,1.41,2.79,80.0,3.35,32.43,-29.68,-5.73,2.8,5,2026-06-24 to 2026-10-08 (75 days),-1.0,39.6,0.4685,18.42,19.13,BEARISH,HIGH,Strong trend (ADX=47); Last surprise: -5.6%; Earnings conf adj: -1,4.0,-1.0,1.0,27,2026-11-05,-5.56,-1
2026-10-09T17:19:02,2026-10-09,AXON,HOLD,0,MACD Crossover,LOW,1,23.09,417.31,7.67,0.0,13.62,0.0,0.0,2026-10-21,0.18,0.24,66.7,0.9,-2.59,23.87,-27.72,12.0,3,2026-06-24 to 2026-10-08 (75 days),-1.0,36.2,0.4994,520.73,493.92,BULLISH,HIGH,Strong trend (ADX=53); Last surprise: +2.2%,3.75,-1.0,1.0,25,2026-11-03,2.17,0
2026-10-09T17:21:51,2026-10-09,M,HOLD,0,Stochastic Oscillator,HIGH,4,23.09,22.79,5.02,0.0,7.53,0.0,0.0,2026-11-14,1.12,1.82,100.0,93.78,34.37,62.63,-11.56,36.0,2,2026-06-24 to 2026-10-08 (75 days),-1.0,52.7,0.3481,22.92,21.25,BULLISH,MEDIUM,Last surprise: +333.3%,5.39,-1.0,1.0,54,2026-12-02,333.33,0
2026-10-09T17:20:55,2026-10-09,SMTC,HOLD,0,SMA Crossover (10/50),HIGH,5,22.88,187.49,11.34,0.0,34.02,0.0,0.0,2026-11-08,1.34,2.07,100.0,151.93,60.69,-16.57,-12.07,30.0,1,2026-06-24 to 2026-10-08 (75 days),-1.0,59.2,0.8002,152.14,119.34,BULLISH,HIGH,Last surprise: +16.4%; Earnings conf adj: +1,2.34,-1.0,1.0,45,2026-11-23,16.39,1
2026-10-09T17:19:58,2026-10-09,MAA,HOLD,1,MACD Crossover,LOW,1,22.7,116.19,2.22,113.61,2.76,119.4,0.0,2026-10-13,-1.34,-1.66,50.0,0.37,-10.74,25.95,-5.77,4.2,4,2026-06-24 to 2026-10-08 (75 days),-1.0,34.7,0.171,126.25,128.89,BEARISH,LOW,Strong trend (ADX=55); Last surprise: +33.3%; Earnings conf adj: +1,7.0,-1.0,1.0,19,2026-10-28,33.33,1
2026-10-09T17:20:26,2026-10-09,SRE,HOLD,0,VWAP Trend,MEDIUM,2,22.65,80.08,1.89,0.0,2.83,0.0,0.0,2026-10-13,-0.9,-1.25,63.6,0.71,-13.52,22.51,-9.22,4.8,11,2026-06-24 to 2026-10-08 (75 days),-1.0,47.8,0.1782,82.57,88.59,BEARISH,LOW,Strong trend (ADX=32); Last surprise: +9.4%; Earnings conf adj: +1,10.0,-1.0,1.0,26,2026-11-04,9.43,1
2026-10-09T17:19:15,2026-10-09,COIN,HOLD,0,ADX Trend Following,MEDIUM,3,22.54,172.0,11.25,0.0,16.88,0.0,0.0,2027-01-02,1.17,1.94,100.0,186.81,77.88,18.91,-17.31,85.0,1,2026-06-24 to 2026-10-08 (75 days),-1.0,42.9,0.7783,174.25,184.13,BEARISH,HIGH,Last surprise: -491.3%; Earnings conf adj: -1,2.41,-1.0,1.0,20,2026-10-29,-491.3,-1
2026-10-09T17:21:05,2026-10-09,DKS,HOLD,0,VWAP Trend,LOW,0,22.54,134.63,7.08,0.0,9.48,0.0,0.0,2026-10-15,0.09,0.13,57.1,1.05,-2.38,82.55,-18.49,6.9,7,2026-06-24 to 2026-10-08 (75 days),-1.0,44.9,0.4584,154.71,195.2,BEARISH,HIGH,Last surprise: -6.1%; Earnings conf adj: -1,4.09,-1.0,1.0,46,2026-11-24,-6.12,-1
2026-10-09T17:21:44,2026-10-09,DUOL,HOLD,0,VWAP Trend,MEDIUM,3,22.38,151.22,8.3,0.0,11.85,0.0,0.0,2026-10-17,2.28,3.7,60.0,3.76,198.57,140.31,-13.01,8.6,10,2026-06-24 to 2026-10-08 (75 days),-1.0,55.7,0.5131,143.7,126.67,BULLISH,HIGH,Last surprise: -19.5%; Earnings conf adj: -1,3.65,-1.0,1.0,25,2026-11-03,-19.48,-1
2026-10-09T17:20:27,2026-10-09,STZ,HOLD,0,MACD Crossover,MEDIUM,3,22.3,123.63,3.76,0.0,5.64,0.0,0.0,2026-10-21,0.68,0.91,33.3,6.56,11.42,48.88,-6.34,12.3,3,2026-06-24 to 2026-10-08 (75 days),-1.0,59.2,0.2606,125.98,141.4,BEARISH,MEDIUM,High volume; Strong trend (ADX=45); Last surprise: +5.4%; Earnings conf adj: +1,7.2,-1.0,1.0,-3,2026-10-06,5.35,1
2026-10-09T17:21:45,2026-10-09,PATH,HOLD,0,VWAP Trend,HIGH,4,22.21,13.25,8.03,0.0,7.38,0.0,0.0,2026-10-13,3.91,11.39,57.1,9.31,290.37,155.38,-6.79,4.6,7,2026-06-24 to 2026-10-08 (75 days),-1.0,45.2,0.4371,14.7,12.62,BULLISH,HIGH,Last surprise: +0.0%,4.29,-1.0,1.0,54,2026-12-02,0.0,0
2026-10-09T17:19:27,2026-10-09,EG,HOLD,0,Multi-Factor Momentum MR,MEDIUM,3,22.09,373.1,2.22,0.0,5.55,0.0,0.0,2026-11-30,0.73,1.14,100.0,26.33,8.88,-23.14,-5.69,52.0,1,2026-06-24 to 2026-10-08 (75 days),-1.0,53.3,0.1715,370.93,345.64,BULLISH,LOW,Strong trend (ADX=30); Last surprise: +2.2%,10.0,-1.0,1.0,19,2026-10-28,2.2,0
2026-10-09T17:18:53,2026-10-09,ADP,HOLD,0,Stochastic Oscillator,MEDIUM,2,21.94,270.73,3.28,0.0,4.92,0.0,0.0,2026-11-05,-0.18,-0.28,100.0,8.21,-2.63,-110.24,-6.85,27.0,1,2026-06-24 to 2026-10-08 (75 days),-1.0,55.3,0.2286,270.59,235.17,BULLISH,MEDIUM,Last surprise: +1.5%,8.2,-1.0,1.0,19,2026-10-28,1.54,0
2026-10-09T17:20:13,2026-10-09,PFG,HOLD,0,VWAP Trend,HIGH,5,21.93,109.77,2.49,0.0,2.12,0.0,0.0,2026-10-11,1.36,3.18,58.3,2.01,23.81,10.79,-3.44,2.5,12,2026-06-24 to 2026-10-08 (75 days),-1.0,39.3,0.17,113.14,100.74,BULLISH,LOW,Strong trend (ADX=44); Last surprise: +7.3%; Earnings conf adj: +1,10.0,-1.0,1.0,17,2026-10-26,7.3,1
2026-10-09T17:21:31,2026-10-09,TTEK,HOLD,0,ADX Trend Following,HIGH,4,21.69,33.41,4.58,0.0,9.59,0.0,0.0,2026-11-01,3.25,6.42,66.7,35.0,107.55,36.18,-4.75,23.7,3,2026-06-24 to 2026-10-08 (75 days),-1.0,41.4,0.2503,35.22,32.9,BULLISH,MEDIUM,Strong trend (ADX=52); Last surprise: +5.0%,7.49,-1.0,1.0,33,2026-11-11,5.0,0
2026-10-09T17:20:18,2026-10-09,Q,HOLD,0,Stochastic Oscillator,MEDIUM,3,21.64,126.68,4.93,0.0,7.39,0.0,0.0,2026-11-18,0.61,0.85,50.0,5.37,16.7,76.53,-14.19,40.5,2,2026-06-30 to 2026-10-08 (71 days),-1.0,50.4,0.3924,127.59,126.62,BULLISH,MEDIUM,Last surprise: +11.2%; Earnings conf adj: +1,4.78,-1.0,1.0,26,2026-11-04,11.21,1
2026-10-09T17:19:44,2026-10-09,HUBB,HOLD,0,VWAP Trend,LOW,1,21.59,nan,3.28,0.0,4.92,0.0,0.0,2026-10-12,-0.18,-0.24,66.7,0.95,-4.73,20.2,-8.19,3.0,6,2026-06-24 to 2026-10-07 (74 days),-1.0,55.7,nan,nan,nan,NEUTRAL,LOW,High volume; Last surprise: +2.4%,-1.0,-1.0,1.0,18,2026-10-27,2.41,0
2026-10-09T17:21:50,2026-10-09,SWX,HOLD,0,MACD Crossover,LOW,0,21.39,83.51,2.06,0.0,2.66,0.0,0.0,2026-10-14,-1.07,-1.2,50.0,0.43,-6.22,10.6,-3.55,5.5,2,2026-06-24 to 2026-10-08 (75 days),-1.0,43.8,0.144,87.4,86.7,BULLISH,LOW,Strong trend (ADX=33); Last surprise: +2.3%,7.0,-1.0,1.0,26,2026-11-04,2.27,0
2026-10-09T17:19:13,2026-10-09,CMI,HOLD,0,VWAP Trend,MEDIUM,3,21.23,520.4,3.7,0.0,2.98,0.0,0.0,2026-10-11,1.83,4.26,66.7,3.1,27.47,89.64,-3.62,2.4,9,2026-06-24 to 2026-10-08 (75 days),-1.0,39.7,0.2439,570.43,600.5,BEARISH,MEDIUM,Strong trend (ADX=41); Last surprise: -6.1%; Earnings conf adj: -1,7.69,-1.0,1.0,27,2026-11-05,-6.14,-1
2026-10-09T17:19:40,2026-10-09,HAL,HOLD,0,VWAP Trend,LOW,0,21.12,32.57,3.93,0.0,2.95,0.0,0.0,2026-10-10,0.02,0.03,44.4,1.12,-0.49,10.86,-4.4,1.9,9,2026-06-24 to 2026-10-08 (75 days),-1.0,44.0,0.2714,33.94,35.26,BEARISH,MEDIUM,Strong trend (ADX=40); Last surprise: +1.9%,6.91,-1.0,1.0,11,2026-10-20,1.85,0
2026-10-09T17:19:08,2026-10-09,CARR,HOLD,0,ADX Trend Following,LOW,0,21.11,55.83,3.41,0.0,5.12,0.0,0.0,2026-10-19,-2.21,-2.54,50.0,0.27,-15.85,45.48,-6.5,10.5,2,2026-06-24 to 2026-10-08 (75 days),-1.0,45.8,0.2277,58.72,61.4,BEARISH,MEDIUM,Last surprise: +4.9%,7.0,-1.0,1.0,20,2026-10-29,4.88,0
2026-10-09T17:21:17,2026-10-09,CART,HOLD,0,MACD Crossover,LOW,0,20.99,46.3,4.72,0.0,7.08,0.0,0.0,2026-10-21,0.14,0.24,50.0,1.56,1.01,3.19,-4.36,12.0,2,2026-06-24 to 2026-10-08 (75 days),-1.0,52.5,0.3478,47.45,42.6,BULLISH,MEDIUM,Last surprise: -16.7%; Earnings conf adj: -1,5.39,-1.0,1.0,31,2026-11-09,-16.67,-1
2026-10-09T17:20:18,2026-10-09,PWR,HOLD,0,Multi-Factor Momentum MR,LOW,1,20.91,685.33,4.9,0.0,9.8,0.0,0.0,2026-10-10,-1.85,-1.85,0.0,0.0,-0.34,7.36,-0.1,0.0,0,2026-06-24 to 2026-10-08 (75 days),-1.0,58.3,0.3946,650.82,610.9,BULLISH,MEDIUM,Strong trend (ADX=37); Last surprise: +28.1%; Earnings conf adj: +1,4.75,-1.0,1.0,20,2026-10-29,28.1,1
2026-10-09T17:21:00,2026-10-09,H,HOLD,0,VWAP Trend,MEDIUM,2,20.18,159.43,4.11,0.0,2.58,0.0,0.0,2026-10-11,-1.49,-1.74,55.6,0.41,-18.9,32.58,-10.11,2.3,9,2026-06-24 to 2026-10-08 (75 days),-1.0,45.6,0.216,167.59,169.07,BEARISH,MEDIUM,Last surprise: +20.4%; Earnings conf adj: +1,8.68,-1.0,1.0,20,2026-10-29,20.43,1
2026-10-09T17:19:12,2026-10-09,CI,HOLD,0,Stochastic Oscillator,LOW,1,20.16,281.03,3.96,0.0,5.94,0.0,0.0,2026-11-17,0.31,0.43,50.0,2.05,4.46,0.59,-9.38,39.5,2,2026-06-24 to 2026-10-08 (75 days),-1.0,56.5,0.2417,276.68,277.36,BEARISH,MEDIUM,Last surprise: +2.4%,7.0,-1.0,1.0,27,2026-11-05,2.37,0
2026-10-09T17:19:16,2026-10-09,COST,HOLD,0,ADX Trend Following,LOW,0,19.99,947.92,2.02,0.0,3.03,0.0,0.0,2026-10-30,-0.91,-1.24,50.0,0.52,-10.11,-6.04,-7.27,21.5,2,2026-06-24 to 2026-10-08 (75 days),-1.0,63.1,0.168,931.57,961.07,BEARISH,LOW,Price at statistical extreme; Last surprise: +3.4%,7.0,-1.0,1.0,62,2026-12-10,3.37,0
2026-10-09T17:21:10,2026-10-09,ARW,HOLD,0,SMA Crossover (10/50),MEDIUM,3,19.82,226.75,6.58,0.0,13.81,0.0,0.0,2026-10-24,0.87,1.37,50.0,10.92,18.9,15.87,-7.23,15.5,2,2026-06-24 to 2026-10-08 (75 days),-1.0,51.6,0.4454,217.42,182.64,BULLISH,HIGH,Strong trend (ADX=39); Last surprise: +22.2%; Earnings conf adj: +1,4.21,-1.0,1.0,20,2026-10-29,22.2,1
2026-10-09T17:19:03,2026-10-09,BALL,HOLD,0,VWAP Trend,LOW,1,19.7,58.37,2.64,0.0,2.02,0.0,0.0,2026-10-10,-1.42,-1.62,58.3,0.72,-9.13,3.77,-4.58,1.7,12,2026-06-24 to 2026-10-08 (75 days),-1.0,46.1,0.1965,61.04,59.84,BULLISH,LOW,Strong trend (ADX=38); Last surprise: +4.0%,7.0,-1.0,1.0,25,2026-11-03,4.04,0
2026-10-09T17:20:38,2026-10-09,UNP,HOLD,0,VWAP Trend,LOW,1,19.64,278.2,1.95,0.0,2.22,0.0,0.0,2026-10-11,-1.54,-1.97,33.3,0.57,-12.97,-40.95,-6.93,2.3,9,2026-06-24 to 2026-10-08 (75 days),-1.0,46.4,0.186,288.22,263.57,BULLISH,LOW,Last surprise: +5.2%; Earnings conf adj: +1,7.0,-1.0,1.0,13,2026-10-22,5.25,1
2026-10-09T17:21:41,2026-10-09,AVAV,HOLD,0,Stochastic Oscillator,HIGH,5,19.61,137.6,7.22,0.0,10.83,0.0,0.0,2026-10-30,1.64,2.87,66.7,28.67,129.92,140.47,-26.02,21.3,3,2026-06-24 to 2026-10-08 (75 days),-1.0,37.2,0.3974,157.24,199.35,BEARISH,MEDIUM,Last surprise: +136.0%; Earnings conf adj: +1,4.72,-1.0,1.0,54,2026-12-02,136.0,1
2026-10-09T17:19:45,2026-10-09,HST,BUY,1,ADX Trend Following,MEDIUM,3,19.52,22.54,2.34,22.01,2.62,23.13,10.0,2026-10-14,1.68,3.08,50.0,5.32,6.42,19.18,-0.97,5.0,2,2026-06-24 to 2026-10-08 (75 days),0.69,55.0,0.1489,22.54,20.71,BULLISH,LOW,Last surprise: +2.9%; Size: Kelly 10.0% / VolTgt 10.0% / Blend 10.0%,10.0,-1.0,1.0,26,2026-11-04,2.94,0
2026-10-09T17:21:04,2026-10-09,MLI,HOLD,0,MACD Crossover,HIGH,4,19.28,60.49,3.56,0.0,5.82,0.0,0.0,2026-10-22,2.15,3.78,66.7,15.01,46.71,73.91,-5.13,13.0,3,2026-06-24 to 2026-10-08 (75 days),-1.0,44.3,0.2048,63.19,62.16,BULLISH,MEDIUM,Last surprise: +1.7%,9.15,-1.0,1.0,11,2026-10-20,1.74,0
2026-10-09T17:20:27,2026-10-09,STX,HOLD,-1,ADX Trend Following,LOW,1,19.16,774.83,12.0,867.81,18.0,635.36,0.0,2026-11-11,-0.02,-0.02,50.0,0.75,-12.07,44.89,-22.41,33.0,2,2026-06-24 to 2026-10-08 (75 days),-1.0,39.2,0.691,856.08,660.37,BULLISH,HIGH,Last surprise: +12.2%; Earnings conf adj: +1,2.71,-1.0,1.0,18,2026-10-27,12.18,1
2026-10-09T17:20:05,2026-10-09,NCLH,HOLD,0,MACD Crossover,LOW,1,19.09,15.49,6.18,0.0,6.84,0.0,0.0,2026-10-15,-0.4,-0.5,33.3,0.79,-12.14,52.44,-11.78,6.0,3,2026-06-24 to 2026-10-08 (75 days),-1.0,52.9,0.3546,16.37,19.31,BEARISH,MEDIUM,Price at statistical extreme; Last surprise: +23.1%; Earnings conf adj: +1,5.29,-1.0,1.0,26,2026-11-04,23.08,1
2026-10-09T17:20:52,2026-10-09,CNH,BUY,1,PEAD Earnings Drift,HIGH,4,18.91,12.13,6.1,11.39,18.3,14.35,7.52,2026-12-11,0.9,1.54,100.0,116.97,32.43,-41.52,-15.85,63.0,1,2026-06-24 to 2026-10-08 (75 days),0.353,39.7,0.3719,12.25,11.13,BULLISH,MEDIUM,Price at statistical extreme; Last surprise: +18.2%; Earnings conf adj: +1; Size: Kelly 10.0% / VolTgt 5.0% / Blend 7.5%,5.04,-1.0,1.0,31,2026-11-09,18.18,1
2026-10-09T17:20:37,2026-10-09,UAL,HOLD,0,EMA Crossover (9/21),LOW,1,18.89,107.44,5.8,0.0,7.76,0.0,0.0,2026-10-17,-2.96,-3.15,50.0,0.13,-34.43,14.05,-13.05,8.0,2,2026-06-24 to 2026-10-08 (75 days),-1.0,42.2,0.3486,115.0,109.07,BULLISH,MEDIUM,Last surprise: +7.6%; Earnings conf adj: +1,5.38,-1.0,1.0,11,2026-10-20,7.57,1
2026-10-09T17:19:48,2026-10-09,IQV,HOLD,0,MACD Crossover,MEDIUM,3,18.78,258.88,4.46,0.0,8.28,0.0,0.0,2026-10-26,0.54,0.88,66.7,2.13,9.17,-201.28,-11.88,17.7,3,2026-06-24 to 2026-10-08 (75 days),-1.0,46.8,0.25,256.42,206.62,BULLISH,MEDIUM,Last surprise: +4.0%,7.5,-1.0,1.0,18,2026-10-27,3.96,0
2026-10-09T17:19:21,2026-10-09,DECK,HOLD,0,MACD Crossover,LOW,1,18.77,82.56,3.74,0.0,5.61,0.0,0.0,2026-10-21,-1.44,-1.69,50.0,0.34,-21.95,34.94,-14.29,12.5,2,2026-06-24 to 2026-10-08 (75 days),-1.0,52.2,0.2655,86.26,100.87,BEARISH,MEDIUM,Price at statistical extreme; Strong trend (ADX=31); Last surprise: +8.0%; Earnings conf adj: +1,7.0,-1.0,1.0,13,2026-10-22,8.05,1
2026-10-09T17:19:33,2026-10-09,FDXF,HOLD,0,VWAP Trend,LOW,1,18.71,115.65,5.15,0.0,6.44,0.0,0.0,2026-10-15,-0.61,-0.78,66.7,0.71,-14.4,56.17,-8.25,6.3,3,2026-08-20 to 2026-10-08 (35 days),-1.0,42.1,0.3259,128.71,nan,NEUTRAL,MEDIUM,Strong trend (ADX=44),5.75,-1.0,1.0,20,2026-10-29,,0
2026-10-09T17:19:20,2026-10-09,DAL,HOLD,0,MACD Crossover,LOW,0,18.59,82.14,4.5,0.0,6.75,0.0,0.0,2026-10-27,-0.42,-0.61,50.0,0.71,-7.26,20.65,-7.36,18.0,2,2026-06-24 to 2026-10-08 (75 days),-1.0,48.2,0.2592,83.77,75.8,BULLISH,MEDIUM,EARNINGS TODAY (2026-10-09); Last surprise: +4.7%; Earnings conf adj: -3,7.0,-1.0,1.0,0,2026-10-09,4.7,-3
2026-10-09T17:20:45,2026-10-09,WTW,HOLD,0,VWAP Trend,HIGH,4,18.59,297.86,3.29,0.0,4.28,0.0,0.0,2026-10-15,2.43,6.11,50.0,5.56,58.58,-0.95,-5.11,6.5,6,2026-06-24 to 2026-10-08 (75 days),-1.0,44.0,0.2132,321.34,296.02,BULLISH,MEDIUM,Strong trend (ADX=44); Last surprise: +7.7%; Earnings conf adj: +1,8.8,-1.0,1.0,20,2026-10-29,7.72,1
2026-10-09T17:22:12,2026-10-09,OLED,HOLD,0,ADX Trend Following,MEDIUM,2,18.53,72.9,7.5,0.0,10.49,0.0,0.0,2026-10-15,0.69,1.51,50.0,1.58,14.44,59.67,-11.02,6.8,4,2026-06-24 to 2026-10-08 (75 days),-1.0,37.2,0.5109,81.91,94.03,BEARISH,HIGH,Last surprise: +2.9%,3.67,-1.0,1.0,19,2026-10-28,2.91,0
2026-10-09T17:22:04,2026-10-09,TREX,HOLD,0,VWAP Trend,LOW,0,18.5,44.44,5.19,0.0,4.08,0.0,0.0,2026-10-12,0.38,0.64,45.5,1.46,5.78,33.48,-5.74,3.4,11,2026-06-24 to 2026-10-08 (75 days),-1.0,50.5,0.281,45.57,42.27,BULLISH,MEDIUM,Last surprise: -1.6%,6.67,-1.0,1.0,26,2026-11-04,-1.59,0
2026-10-09T17:19:29,2026-10-09,ETR,HOLD,0,MACD Crossover,LOW,0,18.45,102.49,2.19,0.0,3.29,0.0,0.0,2026-10-17,-1.64,-2.12,50.0,0.32,-15.3,15.12,-6.45,8.2,4,2026-06-24 to 2026-10-08 (75 days),-1.0,49.5,0.1706,104.64,105.6,BEARISH,LOW,Last surprise: +2.0%,7.0,-1.0,1.0,24,2026-11-02,1.98,0
2026-10-09T17:21:51,2026-10-09,HWC,HOLD,0,ADX Trend Following,LOW,1,18.34,72.71,2.35,0.0,2.83,0.0,0.0,2026-10-13,-0.75,-0.92,75.0,0.74,-4.9,-5.81,-4.66,4.5,4,2026-06-24 to 2026-10-08 (75 days),-1.0,44.9,0.1697,75.02,69.53,BULLISH,LOW,Last surprise: +0.0%,7.0,-1.0,1.0,11,2026-10-20,0.0,0
2026-10-09T17:19:01,2026-10-09,ATO,HOLD,0,VWAP Trend,MEDIUM,3,18.22,160.66,1.54,0.0,1.98,0.0,0.0,2026-10-14,0.73,1.09,50.0,2.0,3.14,23.16,-1.68,5.2,4,2026-06-24 to 2026-10-08 (75 days),-1.0,48.9,0.1104,164.86,172.71,BEARISH,LOW,High volume; Strong trend (ADX=39); Last surprise: +5.9%; Earnings conf adj: +1,10.0,-1.0,1.0,26,2026-11-04,5.93,1
2026-10-09T17:20:23,2026-10-09,SBAC,HOLD,0,ADX Trend Following,LOW,0,18.09,170.01,4.44,0.0,6.66,0.0,0.0,2026-11-06,-0.83,-1.15,50.0,0.03,-17.13,6.75,-7.25,28.0,2,2026-06-24 to 2026-10-08 (75 days),-1.0,46.2,0.2896,178.87,188.76,BEARISH,MEDIUM,Strong trend (ADX=42); Last surprise: -1.1%,6.47,-1.0,1.0,24,2026-11-02,-1.06,0
2026-10-09T17:21:40,2026-10-09,CMC,HOLD,0,VWAP Trend,HIGH,4,18.06,63.1,4.26,0.0,3.37,0.0,0.0,2026-10-10,1.56,2.67,66.7,3.12,17.79,51.03,-2.87,1.8,6,2026-06-24 to 2026-10-08 (75 days),-1.0,42.4,0.3188,67.7,69.5,BEARISH,MEDIUM,Last surprise: +1.2%,5.88,-1.0,1.0,6,2026-10-15,1.17,0
2026-10-09T17:20:10,2026-10-09,OMC,HOLD,0,MACD Crossover,LOW,0,17.71,76.45,3.54,0.0,5.33,0.0,0.0,2026-10-19,0.06,0.08,50.0,1.07,-0.83,-18.35,-12.15,10.5,4,2026-06-24 to 2026-10-08 (75 days),-1.0,46.8,0.2088,80.65,76.78,BULLISH,MEDIUM,Strong trend (ADX=37); Last surprise: -0.4%,7.0,-1.0,1.0,11,2026-10-20,-0.38,0
2026-10-09T17:20:42,2026-10-09,VZ,HOLD,0,VWAP Trend,MEDIUM,3,17.48,46.35,2.58,0.0,4.02,0.0,0.0,2026-10-14,0.93,1.52,66.7,1.68,16.66,5.35,-6.06,5.5,6,2026-06-24 to 2026-10-08 (75 days),-1.0,40.9,0.2179,48.21,45.71,BULLISH,MEDIUM,Strong trend (ADX=42); Last surprise: +2.4%,8.61,-1.0,1.0,17,2026-10-26,2.36,0
2026-10-09T17:21:32,2026-10-09,MP,HOLD,0,ADX Trend Following,LOW,0,17.23,46.14,9.86,0.0,13.59,0.0,0.0,2026-10-22,-0.42,-0.68,50.0,0.21,-14.97,34.89,-12.1,13.0,2,2026-06-24 to 2026-10-08 (75 days),-1.0,40.9,0.4787,51.5,56.6,BEARISH,HIGH,Strong trend (ADX=31); Last surprise: +175.0%,3.92,-1.0,1.0,27,2026-11-05,175.0,0
2026-10-09T17:21:57,2026-10-09,WH,HOLD,0,MACD Crossover,LOW,0,17.07,73.36,4.27,0.0,5.85,0.0,0.0,2026-10-22,-0.54,-0.72,33.3,0.72,-9.62,30.49,-8.44,13.3,3,2026-06-24 to 2026-10-08 (75 days),-1.0,59.4,0.2036,72.01,77.31,BEARISH,MEDIUM,Strong trend (ADX=36); Last surprise: +5.0%,7.0,-1.0,1.0,12,2026-10-21,4.96,0
2026-10-09T17:20:46,2026-10-09,XEL,HOLD,0,MACD Crossover,LOW,1,16.88,73.36,1.98,0.0,2.97,0.0,0.0,2026-10-14,-1.39,-1.66,33.3,0.45,-11.5,16.59,-6.96,5.3,3,2026-06-24 to 2026-10-08 (75 days),-1.0,53.3,0.1899,74.78,76.97,BEARISH,LOW,Strong trend (ADX=32); Last surprise: +17.7%; Earnings conf adj: +1,7.0,-1.0,1.0,20,2026-10-29,17.72,1
2026-10-09T17:21:20,2026-10-09,TXRH,HOLD,0,MACD Crossover,LOW,0,16.88,162.76,3.75,0.0,5.06,0.0,0.0,2026-10-14,-1.68,-2.43,50.0,0.09,-11.39,25.49,-5.23,5.2,4,2026-06-24 to 2026-10-08 (75 days),-1.0,36.0,0.2818,185.99,178.15,BULLISH,MEDIUM,Strong trend (ADX=50); Last surprise: +1.1%,6.65,-1.0,1.0,27,2026-11-05,1.09,0
2026-10-09T17:19:30,2026-10-09,EVRG,HOLD,0,VWAP Trend,HIGH,4,16.79,80.52,1.66,0.0,1.4,0.0,0.0,2026-10-11,0.81,1.33,66.7,1.78,4.21,21.41,-2.88,2.2,12,2026-06-24 to 2026-10-08 (75 days),-1.0,53.9,0.1195,81.04,80.17,BULLISH,LOW,Last surprise: +10.0%; Earnings conf adj: +1,10.0,-1.0,1.0,27,2026-11-05,10.0,1
2026-10-09T17:21:26,2026-10-09,TTC,HOLD,0,PEAD Earnings Drift,MEDIUM,2,16.59,96.81,2.43,0.0,4.86,0.0,0.0,2026-12-17,0.42,0.65,100.0,20.64,6.47,-2.47,-6.23,69.0,1,2026-06-24 to 2026-10-08 (75 days),-1.0,52.8,0.1618,96.21,93.16,BULLISH,LOW,Last surprise: +1.5%,10.0,-1.0,1.0,-36,2026-09-03,1.53,0
2026-10-09T17:19:06,2026-10-09,BMY,HOLD,0,MACD Crossover,HIGH,5,16.52,59.58,3.51,0.0,7.04,0.0,0.0,2026-10-26,1.86,2.96,66.7,15.22,43.29,1.99,-4.03,17.3,3,2026-06-24 to 2026-10-08 (75 days),-1.0,37.5,0.215,63.64,58.27,BULLISH,MEDIUM,Last surprise: +27.5%; Earnings conf adj: +1,8.72,-1.0,1.0,20,2026-10-29,27.5,1
2026-10-09T17:19:09,2026-10-09,CCI,EXIT,-1,VWAP Trend,MEDIUM,2,16.49,68.89,3.9,71.58,4.78,65.6,4.03,2026-10-15,-0.71,-0.92,58.3,0.71,-20.33,21.97,-10.13,6.8,12,2026-06-24 to 2026-10-08 (75 days),-1.0,42.4,0.2328,72.61,80.64,BEARISH,MEDIUM,Strong trend (ADX=36); Last surprise: +35.3%; Earnings conf adj: +1; Size: Kelly 0.0% / VolTgt 8.1% / Blend 4.0%,8.06,-1.0,1.0,12,2026-10-21,35.29,1
2026-10-09T17:21:02,2026-10-09,OHI,HOLD,0,EMA Crossover (9/21),LOW,1,16.47,44.14,2.16,0.0,4.32,0.0,0.0,2026-11-02,-0.82,-1.15,50.0,0.07,-12.76,4.97,-10.87,24.5,2,2026-06-24 to 2026-10-08 (75 days),-1.0,32.9,0.1613,46.76,45.64,BULLISH,LOW,Strong trend (ADX=41); Last surprise: +154.2%; Earnings conf adj: +1,7.0,-1.0,1.0,25,2026-11-03,154.17,1
2026-10-09T17:20:55,2026-10-09,APG,HOLD,0,MACD Crossover,LOW,0,16.33,39.98,3.85,0.0,5.78,0.0,0.0,2026-10-25,0.19,0.25,33.3,1.26,1.82,16.93,-9.13,16.3,3,2026-06-24 to 2026-10-08 (75 days),-1.0,54.7,0.2206,40.04,41.91,BEARISH,MEDIUM,Last surprise: +2.3%,7.0,-1.0,1.0,20,2026-10-29,2.33,0
2026-10-09T17:20:48,2026-10-09,TWLO,HOLD,0,Multi-Factor Momentum MR,HIGH,5,16.23,275.77,12.0,0.0,42.0,0.0,0.0,2027-01-15,1.71,3.44,100.0,316.52,154.03,-112.37,-16.11,98.0,1,2026-06-24 to 2026-10-08 (75 days),-1.0,54.2,0.6518,244.41,178.97,BULLISH,HIGH,Strong trend (ADX=31); Last surprise: +11.4%; Earnings conf adj: +1,2.88,-1.0,1.0,20,2026-10-29,11.36,1
2026-10-09T17:20:21,2026-10-09,ROK,HOLD,1,VWAP Trend,LOW,1,15.93,434.14,3.55,418.73,2.87,446.6,0.0,2026-10-11,-0.5,-0.59,57.1,0.79,-9.56,7.69,-9.6,2.7,7,2026-06-24 to 2026-10-08 (75 days),-1.0,48.8,0.2218,435.93,422.87,BULLISH,MEDIUM,Strong trend (ADX=32); Last surprise: +3.3%,7.0,-1.0,1.0,27,2026-11-05,3.25,0
2026-10-09T17:19:02,2026-10-09,AZO,HOLD,0,ADX Trend Following,LOW,0,15.92,2910.54,4.89,0.0,7.33,0.0,0.0,2026-11-12,-0.3,-0.43,50.0,0.55,-7.44,10.79,-10.36,34.0,2,2026-06-24 to 2026-10-08 (75 days),-1.0,52.1,0.297,2947.04,3285.85,BEARISH,MEDIUM,Last surprise: +4.0%,6.31,-1.0,1.0,60,2026-12-08,4.01,0
2026-10-09T17:19:12,2026-10-09,CL,HOLD,0,MACD Crossover,LOW,0,15.83,88.1,1.9,0.0,2.41,0.0,0.0,2026-10-12,-1.45,-1.62,33.3,0.37,-6.46,5.17,-2.84,3.3,3,2026-06-24 to 2026-10-08 (75 days),-1.0,53.8,0.1684,89.23,88.02,BULLISH,LOW,Last surprise: +4.2%,7.0,-1.0,1.0,21,2026-10-30,4.21,0
2026-10-09T17:20:36,2026-10-09,UBER,HOLD,0,MACD Crossover,LOW,1,15.75,70.24,3.28,0.0,4.61,0.0,0.0,2026-10-17,-0.55,-0.72,33.3,0.43,-12.4,3.29,-6.71,8.3,3,2026-06-24 to 2026-10-08 (75 days),-1.0,48.0,0.2033,73.06,74.52,BEARISH,MEDIUM,Strong trend (ADX=36); Last surprise: +41.0%; Earnings conf adj: +1,7.0,-1.0,1.0,26,2026-11-04,40.96,1
2026-10-09T17:21:26,2026-10-09,MUSA,HOLD,0,Multi-Factor Momentum MR,LOW,1,15.57,518.22,3.68,0.0,5.52,0.0,0.0,2026-10-10,0.0,0.0,0.0,0.0,0.0,7.66,0.0,0.0,0,2026-06-24 to 2026-10-08 (75 days),-1.0,48.7,0.2425,536.12,506.37,BULLISH,MEDIUM,Last surprise: +12.2%; Earnings conf adj: +1,7.0,-1.0,1.0,19,2026-10-28,12.18,1
2026-10-09T17:21:11,2026-10-09,WTS,HOLD,0,VWAP Trend,HIGH,5,15.24,347.14,2.67,0.0,2.19,0.0,0.0,2026-10-11,2.01,7.98,57.1,7.73,44.36,51.18,-2.27,2.1,7,2026-06-24 to 2026-10-08 (75 days),-1.0,39.1,0.1916,362.75,324.42,BULLISH,LOW,Last surprise: +9.6%; Earnings conf adj: +1,9.78,-1.0,1.0,26,2026-11-04,9.58,1
2026-10-09T17:21:40,2026-10-09,APPF,HOLD,0,Momentum (Rate of Change),HIGH,4,15.13,197.45,5.87,0.0,17.61,0.0,0.0,2026-12-18,2.12,3.39,100.0,259.2,115.4,-46.58,-12.3,70.0,1,2026-06-24 to 2026-10-08 (75 days),-1.0,40.9,0.373,208.52,185.08,BULLISH,MEDIUM,Last surprise: +1.2%,5.03,-1.0,1.0,13,2026-10-22,1.18,0
2026-10-09T17:20:00,2026-10-09,MKC,HOLD,0,MACD Crossover,HIGH,5,15.01,45.94,4.58,0.0,6.87,0.0,0.0,2026-10-31,1.91,3.31,100.0,131.95,53.11,61.73,-5.27,22.0,2,2026-06-24 to 2026-10-08 (75 days),-1.0,35.5,0.287,51.24,54.48,BEARISH,MEDIUM,Strong trend (ADX=45); Last surprise: +13.2%; Earnings conf adj: +1,6.53,-1.0,1.0,-8,2026-10-01,13.16,1
2026-10-09T17:22:12,2026-10-09,IPGP,HOLD,0,Stochastic Oscillator,LOW,1,14.9,77.74,7.6,0.0,11.4,0.0,0.0,2026-11-23,-0.29,-0.39,0.0,0.0,-16.55,50.52,-24.8,45.0,1,2026-06-24 to 2026-10-08 (75 days),-1.0,44.8,0.425,80.16,101.39,BEARISH,HIGH,Last surprise: +48.7%; Earnings conf adj: +1,4.41,-1.0,1.0,25,2026-11-03,48.72,1
2026-10-09T17:21:03,2026-10-09,TTMI,HOLD,0,VWAP Trend,HIGH,5,14.87,117.5,12.0,0.0,7.14,0.0,0.0,2026-10-11,1.57,3.21,55.6,2.28,61.31,147.41,-10.19,2.1,9,2026-06-24 to 2026-10-08 (75 days),-1.0,42.5,0.6261,123.98,126.46,BEARISH,HIGH,Last surprise: +10.0%; Earnings conf adj: +1,2.99,-1.0,1.0,26,2026-11-04,10.0,1
2026-10-09T17:19:58,2026-10-09,MA,HOLD,0,Multi-Factor Momentum MR,HIGH,4,14.7,574.76,2.08,0.0,6.24,0.0,0.0,2026-11-30,0.6,0.95,100.0,21.23,7.05,-60.9,-8.31,52.0,1,2026-06-24 to 2026-10-08 (75 days),-1.0,56.8,0.1639,571.87,531.23,BULLISH,LOW,Last surprise: +5.4%; Earnings conf adj: +1,10.0,-1.0,1.0,20,2026-10-29,5.44,1
2026-10-09T17:19:55,2026-10-09,LIN,HOLD,0,VWAP Trend,HIGH,4,14.51,481.7,2.08,0.0,2.15,0.0,0.0,2026-10-12,1.97,3.71,66.7,2.71,15.59,35.44,-1.88,3.5,6,2026-06-24 to 2026-10-08 (75 days),-1.0,55.4,0.1462,477.68,484.83,BEARISH,LOW,Strong trend (ADX=31); Last surprise: +0.2%,10.0,-1.0,1.0,20,2026-10-29,0.22,0
2026-10-09T17:20:54,2026-10-09,ITT,HOLD,0,VWAP Trend,HIGH,4,14.46,198.7,4.55,0.0,3.95,0.0,0.0,2026-10-11,0.81,1.36,60.0,2.3,11.99,3.94,-5.2,2.3,10,2026-06-24 to 2026-10-08 (75 days),-1.0,43.1,0.3307,205.56,196.96,BULLISH,MEDIUM,Last surprise: +6.7%; Earnings conf adj: +1,5.67,-1.0,1.0,18,2026-10-27,6.67,1
2026-10-09T17:20:16,2026-10-09,PNR,HOLD,0,MACD Crossover,LOW,1,14.42,52.3,2.92,0.0,4.08,0.0,0.0,2026-10-17,-0.09,-0.13,66.7,0.82,-2.26,67.74,-9.08,8.7,3,2026-06-24 to 2026-10-08 (75 days),-1.0,25.4,0.1755,60.03,79.59,BEARISH,LOW,RSI oversold; Strong trend (ADX=55); Last surprise: -0.9%,7.0,-1.0,1.0,11,2026-10-20,-0.87,0
2026-10-09T17:21:00,2026-10-09,NBIX,HOLD,0,VWAP Trend,MEDIUM,2,14.41,141.25,3.84,0.0,3.39,0.0,0.0,2026-10-11,0.58,0.94,50.0,1.49,5.15,47.52,-4.73,2.3,10,2026-06-24 to 2026-10-08 (75 days),-1.0,39.2,0.2837,152.83,147.26,BULLISH,MEDIUM,Last surprise: +45.4%; Earnings conf adj: +1,6.61,-1.0,1.0,19,2026-10-28,45.41,1
2026-10-09T17:22:10,2026-10-09,CAR,HOLD,0,VWAP Trend,MEDIUM,2,13.96,110.0,10.3,0.0,11.16,0.0,0.0,2026-10-17,0.93,1.5,66.7,1.7,28.81,108.35,-14.23,8.2,9,2026-06-24 to 2026-10-08 (75 days),-1.0,40.0,0.4949,128.63,155.64,BEARISH,HIGH,Last surprise: -47.0%; Earnings conf adj: -1,3.79,-1.0,1.0,18,2026-10-27,-47.03,-1
2026-10-09T17:22:14,2026-10-09,PII,HOLD,0,ADX Trend Following,HIGH,5,13.92,52.81,4.71,0.0,7.06,0.0,0.0,2026-10-22,1.25,1.94,100.0,90.23,33.44,95.46,-10.2,13.0,2,2026-06-24 to 2026-10-08 (75 days),-1.0,33.5,0.2589,60.91,62.54,BEARISH,MEDIUM,Strong trend (ADX=48); Last surprise: +177.5%; Earnings conf adj: +1,7.24,-1.0,1.0,17,2026-10-26,177.46,1
2026-10-09T17:22:06,2026-10-09,CHH,HOLD,0,Composite Multi-Indicator,LOW,0,13.79,104.82,4.7,0.0,7.05,0.0,0.0,2027-01-18,-0.55,-0.71,0.0,0.0,-19.18,-0.37,-16.52,101.0,1,2026-06-24 to 2026-10-08 (75 days),-1.0,57.6,0.2378,103.55,105.76,BEARISH,MEDIUM,Last surprise: +2.5%,7.0,-1.0,1.0,24,2026-11-02,2.54,0
2026-10-09T17:20:26,2026-10-09,SPG,HOLD,0,VWAP Trend,LOW,1,13.78,199.61,1.59,0.0,1.4,0.0,0.0,2026-10-11,-2.31,-2.39,50.0,0.24,-10.27,17.69,-3.69,2.3,6,2026-06-24 to 2026-10-08 (75 days),-1.0,34.5,0.1174,211.0,200.48,BULLISH,LOW,Strong trend (ADX=51); Last surprise: +10.2%; Earnings conf adj: +1,7.0,-1.0,1.0,27,2026-11-05,10.19,1
2026-10-09T17:22:09,2026-10-09,TCBI,HOLD,-1,VWAP Trend,LOW,1,13.71,nan,2.0,nan,3.0,nan,0.0,2026-10-10,-0.48,-0.64,55.6,1.07,-2.35,33.17,-2.71,1.9,9,2026-06-24 to 2026-10-07 (74 days),-1.0,27.9,nan,nan,nan,NEUTRAL,LOW,RSI oversold; Strong trend (ADX=38); Last surprise: +1.1%,-1.0,-1.0,1.0,12,2026-10-21,1.08,0
2026-10-09T17:21:27,2026-10-09,ZION,HOLD,0,VWAP Trend,MEDIUM,2,13.61,62.73,3.06,0.0,2.43,0.0,0.0,2026-10-11,-3.15,-3.4,57.1,0.09,-19.77,3.65,-6.33,2.3,7,2026-06-24 to 2026-10-08 (75 days),-1.0,37.3,0.2031,67.26,62.82,BULLISH,MEDIUM,Strong trend (ADX=43); Last surprise: +58.9%; Earnings conf adj: +1,9.23,-1.0,1.0,10,2026-10-19,58.85,1
2026-10-09T17:21:03,2026-10-09,CG,HOLD,1,Composite Multi-Indicator,LOW,1,13.58,38.39,4.79,36.55,7.19,41.15,0.0,2026-12-18,-1.76,-2.53,0.0,0.0,-42.34,-23.83,-25.95,70.0,1,2026-06-24 to 2026-10-08 (75 days),-1.0,32.0,0.2344,44.74,48.62,BEARISH,MEDIUM,Strong trend (ADX=39); Last surprise: +17.6%; Earnings conf adj: +1,7.0,-1.0,1.0,26,2026-11-04,17.58,1
2026-10-09T17:20:17,2026-10-09,PPL,HOLD,1,Momentum (Rate of Change),LOW,0,13.5,34.1,1.87,33.46,2.81,35.06,0.0,2026-10-30,-2.24,-3.14,50.0,0.05,-24.9,-3.38,-8.38,21.5,2,2026-06-24 to 2026-10-08 (75 days),-1.0,59.1,0.1618,34.08,35.59,BEARISH,LOW,Last surprise: -2.9%,7.0,-1.0,1.0,26,2026-11-04,-2.94,0
2026-10-09T17:21:42,2026-10-09,MSA,EXIT,-1,VWAP Trend,MEDIUM,2,13.36,178.1,2.62,182.77,1.79,174.91,10.0,2026-10-10,0.15,0.2,55.6,1.31,0.9,-29.3,-2.66,1.9,9,2026-06-24 to 2026-10-08 (75 days),-1.0,41.4,0.1645,185.57,176.18,BULLISH,LOW,Last surprise: +12.1%; Earnings conf adj: +1; Size: Kelly 10.0% / VolTgt 10.0% / Blend 10.0%,10.0,-1.0,1.0,18,2026-10-27,12.15,1
2026-10-09T17:20:28,2026-10-09,SYF,HOLD,0,ADX Trend Following,HIGH,4,13.19,73.72,3.6,0.0,5.91,0.0,0.0,2026-10-20,0.72,1.1,66.7,2.54,10.62,20.44,-5.3,11.0,3,2026-06-24 to 2026-10-08 (75 days),-1.0,49.3,0.2263,76.47,74.01,BULLISH,MEDIUM,Strong trend (ADX=31); Last surprise: +21.6%; Earnings conf adj: +1,8.29,-1.0,1.0,11,2026-10-20,21.6,1
2026-10-09T17:20:38,2026-10-09,USB,HOLD,0,Multi-Factor Momentum MR,HIGH,5,13.05,57.03,2.77,0.0,4.45,0.0,0.0,2026-10-16,1.64,3.54,100.0,34.58,11.61,22.77,-2.53,7.5,2,2026-06-24 to 2026-10-08 (75 days),-1.0,36.1,0.2065,61.09,56.71,BULLISH,MEDIUM,Strong trend (ADX=55); Last surprise: +5.5%; Earnings conf adj: +1,9.08,-1.0,1.0,6,2026-10-15,5.47,1
2026-10-09T17:22:21,2026-10-09,SLV,HOLD,0,ADX Trend Following,HIGH,4,12.96,53.45,4.11,0.0,6.17,0.0,0.0,2026-10-28,2.03,3.32,100.0,142.36,57.14,45.72,-7.73,19.0,2,2026-06-24 to 2026-10-08 (75 days),-1.0,37.3,0.3421,57.92,65.81,BEARISH,MEDIUM,Strong trend (ADX=34),5.48,-1.0,1.0,-1,,,0
2026-10-09T17:19:52,2026-10-09,KKR,HOLD,0,MACD Crossover,HIGH,5,12.95,89.56,4.37,0.0,8.99,0.0,0.0,2026-10-30,1.42,2.41,100.0,111.79,43.26,49.73,-7.18,21.0,2,2026-06-24 to 2026-10-08 (75 days),-1.0,29.9,0.2491,102.44,101.84,BULLISH,MEDIUM,RSI oversold; High volume; Strong trend (ADX=60); Last surprise: +14.0%; Earnings conf adj: +1,7.53,-1.0,1.0,31,2026-11-09,13.99,1
2026-10-09T17:20:12,2026-10-09,PEG,HOLD,1,Momentum (Rate of Change),LOW,1,12.7,71.84,2.73,69.88,4.09,74.78,0.0,2026-10-19,-2.65,-3.38,50.0,0.01,-17.57,16.56,-6.53,10.0,2,2026-06-24 to 2026-10-08 (75 days),-1.0,58.8,0.2334,72.12,77.49,BEARISH,MEDIUM,Strong trend (ADX=43); Last surprise: +7.5%; Earnings conf adj: +1,7.0,-1.0,1.0,24,2026-11-02,7.5,1
2026-10-09T17:21:19,2026-10-09,KNX,HOLD,0,ADX Trend Following,MEDIUM,2,12.54,65.05,4.69,0.0,5.49,0.0,0.0,2026-10-15,0.15,0.22,50.0,1.54,1.1,37.53,-6.09,6.0,2,2026-06-24 to 2026-10-08 (75 days),-1.0,45.2,0.2848,68.1,65.05,BULLISH,MEDIUM,Last surprise: +23.5%; Earnings conf adj: +1,6.58,-1.0,1.0,12,2026-10-21,23.53,1
2026-10-09T17:21:59,2026-10-09,OZK,HOLD,0,VWAP Trend,LOW,0,12.51,44.86,3.59,0.0,3.15,0.0,0.0,2026-10-11,-1.17,-1.51,50.0,0.71,-7.68,25.41,-2.71,2.6,8,2026-06-24 to 2026-10-08 (75 days),-1.0,35.4,0.2481,48.98,47.92,BULLISH,MEDIUM,High volume; Strong trend (ADX=48); Last surprise: +0.7%,7.0,-1.0,1.0,11,2026-10-20,0.68,0
2026-10-09T17:20:53,2026-10-09,RGLD,HOLD,0,VWAP Trend,HIGH,4,12.39,231.18,4.13,0.0,2.65,0.0,0.0,2026-10-10,2.86,19.52,57.1,8.38,49.0,-11.09,-1.81,1.3,7,2026-06-24 to 2026-10-08 (75 days),-1.0,39.3,0.2956,242.32,240.33,BULLISH,MEDIUM,Strong trend (ADX=42); Last surprise: +0.8%,6.34,-1.0,1.0,26,2026-11-04,0.79,0
2026-10-09T17:19:28,2026-10-09,EQIX,HOLD,1,VWAP Trend,LOW,1,12.38,1011.16,3.88,971.93,2.95,1040.99,0.0,2026-10-10,-0.16,-0.26,45.5,1.14,-2.16,20.35,-5.78,1.9,11,2026-06-24 to 2026-10-08 (75 days),-1.0,44.3,0.2719,1041.22,985.91,BULLISH,MEDIUM,Last surprise: +6.2%; Earnings conf adj: +1,6.9,-1.0,1.0,19,2026-10-28,6.25,1
2026-10-09T17:19:59,2026-10-09,MCHP,HOLD,0,ADX Trend Following,LOW,1,12.37,75.52,7.44,0.0,11.16,0.0,0.0,2026-10-22,-0.72,-0.99,50.0,0.51,-21.1,27.7,-16.56,13.2,4,2026-06-24 to 2026-10-08 (75 days),-1.0,46.9,0.4105,75.89,78.49,BEARISH,HIGH,Last surprise: +8.6%; Earnings conf adj: +1,4.57,-1.0,1.0,27,2026-11-05,8.57,1
2026-10-09T17:19:06,2026-10-09,BR,HOLD,0,MACD Crossover,HIGH,4,12.36,165.21,3.17,0.0,9.51,0.0,0.0,2026-11-07,2.47,4.67,100.0,197.99,86.54,7.52,-5.84,29.5,2,2026-06-24 to 2026-10-08 (75 days),-1.0,51.5,0.2628,168.41,167.87,BULLISH,MEDIUM,Last surprise: +1.6%,7.14,-1.0,1.0,25,2026-11-03,1.6,0
2026-10-09T17:21:15,2026-10-09,ELAN,HOLD,0,VWAP Trend,MEDIUM,2,12.15,22.54,3.68,0.0,2.82,0.0,0.0,2026-10-12,-2.62,-2.72,57.1,0.17,-48.05,-29.27,-20.11,3.3,7,2026-06-24 to 2026-10-08 (75 days),-1.0,45.7,0.1974,23.51,23.81,BEARISH,LOW,Last surprise: +25.9%; Earnings conf adj: +1,9.5,-1.0,1.0,28,2026-11-06,25.93,1
2026-10-09T17:21:20,2026-10-09,FNF,HOLD,0,ADX Trend Following,HIGH,4,11.91,39.77,4.22,0.0,6.33,0.0,0.0,2026-10-20,0.58,1.13,100.0,29.57,9.35,47.46,-6.45,11.5,2,2026-06-24 to 2026-10-08 (75 days),-1.0,33.3,0.2711,45.04,48.14,BEARISH,MEDIUM,Strong trend (ADX=69); Last surprise: +5.3%; Earnings conf adj: +1,6.92,-1.0,1.0,27,2026-11-05,5.3,1
2026-10-09T17:21:14,2026-10-09,AFG,HOLD,0,MACD Crossover,LOW,1,11.85,141.98,1.85,0.0,1.6,0.0,0.0,2026-10-11,-1.61,-2.08,25.0,0.46,-9.39,-21.29,-4.79,2.5,4,2026-06-24 to 2026-10-08 (75 days),-1.0,55.5,0.1285,142.33,134.07,BULLISH,LOW,Last surprise: +19.0%; Earnings conf adj: +1,7.0,-1.0,1.0,25,2026-11-03,18.99,1
2026-10-09T17:19:52,2026-10-09,KHC,HOLD,-1,VWAP Trend,LOW,1,11.76,22.48,2.86,23.12,3.39,21.72,0.0,2026-10-13,-2.06,-2.36,33.3,0.38,-26.28,-24.79,-10.88,4.7,6,2026-06-24 to 2026-10-08 (75 days),-1.0,35.4,0.1987,24.41,23.23,BULLISH,LOW,Strong trend (ADX=64); Last surprise: +5.7%; Earnings conf adj: +1,7.0,-1.0,1.0,19,2026-10-28,5.66,1
2026-10-09T17:20:41,2026-10-09,VRTX,HOLD,0,Stochastic Oscillator,HIGH,4,11.72,503.25,2.76,0.0,4.14,0.0,0.0,2026-10-20,1.26,2.41,66.7,3.81,20.61,-0.96,-4.16,11.7,3,2026-06-24 to 2026-10-08 (75 days),-1.0,39.3,0.1548,519.9,474.65,BULLISH,LOW,Strong trend (ADX=34); Last surprise: -0.4%,10.0,-1.0,1.0,24,2026-11-02,-0.42,0
2026-10-09T17:20:44,2026-10-09,WFC,HOLD,0,Stochastic Oscillator,MEDIUM,2,11.67,82.03,3.23,0.0,4.84,0.0,0.0,2026-10-25,0.85,1.29,50.0,3.67,9.93,17.01,-5.4,16.5,2,2026-06-24 to 2026-10-08 (75 days),-1.0,43.7,0.248,85.73,83.86,BULLISH,MEDIUM,Strong trend (ADX=39); Earnings in 4d (2026-10-13); Last surprise: +16.3%,7.56,-1.0,1.0,4,2026-10-13,16.28,0
2026-10-09T17:20:33,2026-10-09,TPR,HOLD,0,VWAP Trend,LOW,0,11.58,115.82,4.03,0.0,2.93,0.0,0.0,2026-10-11,-1.45,-1.5,30.0,0.29,-40.24,17.53,-17.49,2.1,10,2026-06-24 to 2026-10-08 (75 days),-1.0,44.2,0.2567,127.7,137.67,BEARISH,MEDIUM,Last surprise: +3.1%,7.0,-1.0,1.0,27,2026-11-05,3.13,0
2026-10-09T17:19:12,2026-10-09,CINF,HOLD,0,VWAP Trend,LOW,0,11.5,165.25,1.83,0.0,1.77,0.0,0.0,2026-10-11,-1.48,-1.79,50.0,0.49,-14.76,6.76,-6.87,2.2,8,2026-06-24 to 2026-10-08 (75 days),-1.0,49.5,0.1514,168.93,165.65,BULLISH,LOW,Strong trend (ADX=33); Last surprise: -21.4%; Earnings conf adj: -1,7.0,-1.0,1.0,17,2026-10-26,-21.43,-1
2026-10-09T17:20:14,2026-10-09,PKG,HOLD,0,Stochastic Oscillator,MEDIUM,3,11.37,229.94,2.5,0.0,3.75,0.0,0.0,2026-10-23,0.83,1.72,66.7,8.35,17.13,26.03,-7.76,14.7,3,2026-06-24 to 2026-10-08 (75 days),-1.0,43.6,0.1697,240.08,224.46,BULLISH,LOW,Strong trend (ADX=38); Last surprise: +1.7%,10.0,-1.0,1.0,12,2026-10-21,1.73,0
2026-10-09T17:21:11,2026-10-09,MOG-A,HOLD,0,VWAP Trend,HIGH,4,11.18,362.92,5.17,0.0,3.4,0.0,0.0,2026-10-11,0.72,1.13,57.1,2.71,14.2,45.15,-7.01,2.3,7,2026-06-24 to 2026-10-08 (75 days),-1.0,40.6,0.2843,386.77,344.71,BULLISH,MEDIUM,Strong trend (ADX=36); Last surprise: +39.8%; Earnings conf adj: +1,6.59,-1.0,1.0,42,2026-11-20,39.85,1
2026-10-09T17:19:42,2026-10-09,HIG,HOLD,0,VWAP Trend,HIGH,5,11.15,129.48,2.85,0.0,1.9,0.0,0.0,2026-10-10,1.81,3.79,60.0,2.35,18.25,23.98,-4.74,1.3,10,2026-06-24 to 2026-10-08 (75 days),-1.0,48.1,0.2113,134.82,134.68,BULLISH,MEDIUM,Strong trend (ADX=52); Last surprise: +8.9%; Earnings conf adj: +1,8.87,-1.0,1.0,17,2026-10-26,8.92,1
2026-10-09T17:19:55,2026-10-09,LMT,HOLD,0,MACD Crossover,LOW,1,11.05,507.89,2.38,0.0,3.57,0.0,0.0,2026-10-23,-1.94,-2.39,33.3,0.04,-26.72,-40.8,-9.22,14.3,3,2026-06-24 to 2026-10-08 (75 days),-1.0,38.6,0.1652,548.72,557.74,BEARISH,LOW,Strong trend (ADX=65); Last surprise: +10.3%; Earnings conf adj: +1,7.0,-1.0,1.0,13,2026-10-22,10.28,1
2026-10-09T17:22:20,2026-10-09,COPX,HOLD,0,MACD Crossover,HIGH,4,10.97,82.22,4.31,0.0,11.47,0.0,0.0,2026-11-02,1.7,3.19,100.0,134.57,53.3,19.27,-7.48,24.0,2,2026-06-24 to 2026-10-08 (75 days),-1.0,38.9,0.2974,87.86,83.01,BULLISH,MEDIUM,Price at statistical extreme,6.3,-1.0,1.0,-1,,,0
2026-10-09T17:19:06,2026-10-09,BIIB,BUY,1,PEAD Earnings Drift,HIGH,5,10.95,218.43,3.24,211.35,9.72,239.66,9.84,2026-12-14,1.38,2.25,100.0,81.3,29.57,-6.39,-6.14,66.0,1,2026-06-24 to 2026-10-08 (75 days),0.325,46.6,0.194,216.69,196.19,BULLISH,LOW,Last surprise: +77.3%; Earnings conf adj: +1; Size: Kelly 10.0% / VolTgt 9.7% / Blend 9.8%,9.67,-1.0,1.0,19,2026-10-28,77.34,1
2026-10-09T17:19:50,2026-10-09,J,HOLD,0,ADX Trend Following,HIGH,4,10.84,138.59,4.29,0.0,11.68,0.0,0.0,2026-11-10,2.2,3.67,100.0,126.95,49.27,-6.21,-7.53,32.0,2,2026-06-24 to 2026-10-08 (75 days),-1.0,46.1,0.2622,143.24,132.66,BULLISH,MEDIUM,Strong trend (ADX=33); Last surprise: +0.5%,7.15,-1.0,1.0,41,2026-11-19,0.55,0
2026-10-09T17:20:01,2026-10-09,MMM,HOLD,0,VWAP Trend,LOW,1,10.57,163.58,3.07,0.0,2.22,0.0,0.0,2026-10-10,0.2,0.31,50.0,1.2,1.68,4.95,-4.13,1.8,10,2026-06-24 to 2026-10-08 (75 days),-1.0,42.8,0.2097,171.93,159.53,BULLISH,MEDIUM,Strong trend (ADX=42); Last surprise: +6.7%; Earnings conf adj: +1,7.0,-1.0,1.0,11,2026-10-20,6.67,1
2026-10-09T17:20:47,2026-10-09,XYZ,HOLD,1,VWAP Trend,LOW,1,10.45,75.23,4.38,71.93,2.79,77.33,0.0,2026-10-10,-0.03,-0.05,33.3,1.12,-1.17,0.84,-5.2,1.6,9,2026-06-24 to 2026-10-08 (75 days),-1.0,44.1,0.2799,79.27,70.37,BULLISH,MEDIUM,High volume; Last surprise: +17.2%; Earnings conf adj: +1,6.7,-1.0,1.0,25,2026-11-03,17.24,1
2026-10-09T17:20:00,2026-10-09,MDLZ,HOLD,0,VWAP Trend,LOW,1,10.4,60.67,2.21,0.0,2.23,0.0,0.0,2026-10-11,-1.82,-2.18,37.5,0.55,-18.29,-18.18,-10.61,2.5,8,2026-06-24 to 2026-10-08 (75 days),-1.0,53.5,0.1792,61.24,58.71,BULLISH,LOW,Last surprise: +7.4%; Earnings conf adj: +1,7.0,-1.0,1.0,18,2026-10-27,7.35,1
2026-10-09T17:19:35,2026-10-09,FITB,HOLD,0,VWAP Trend,LOW,1,10.38,50.7,2.93,0.0,2.5,0.0,0.0,2026-10-11,-0.73,-0.88,60.0,0.79,-7.6,12.35,-5.3,2.2,10,2026-06-24 to 2026-10-08 (75 days),-1.0,38.9,0.2144,53.94,50.95,BULLISH,MEDIUM,Strong trend (ADX=47); Last surprise: -1.2%,7.0,-1.0,1.0,10,2026-10-19,-1.19,0
2026-10-09T17:20:52,2026-10-09,NTNX,HOLD,0,Multi-Factor Momentum MR,HIGH,5,10.3,73.11,2.83,0.0,9.91,0.0,0.0,2027-01-11,4.01,9.17,100.0,393.7,208.35,-125.94,-6.33,94.0,1,2026-06-24 to 2026-10-08 (75 days),-1.0,69.1,0.1732,67.22,50.97,BULLISH,LOW,Strong trend (ADX=35); Last surprise: +22.4%; Earnings conf adj: +1,10.0,-1.0,1.0,47,2026-11-25,22.45,1
2026-10-09T17:21:01,2026-10-09,ARMK,HOLD,0,VWAP Trend,HIGH,4,10.28,55.54,2.8,0.0,2.41,0.0,0.0,2026-10-11,0.85,1.53,77.8,1.72,5.42,-5.87,-3.09,2.0,9,2026-06-24 to 2026-10-08 (75 days),-1.0,46.4,0.2162,57.29,48.59,BULLISH,MEDIUM,Last surprise: +8.3%; Earnings conf adj: +1,8.67,-1.0,1.0,46,2026-11-24,8.33,1
2026-10-09T17:21:13,2026-10-09,MANH,BUY,1,PEAD Earnings Drift,HIGH,5,10.26,206.78,4.1,198.3,12.3,232.21,8.44,2026-12-17,1.09,1.86,100.0,79.58,26.71,-348.13,-11.2,69.0,1,2026-06-24 to 2026-10-08 (75 days),0.27,52.4,0.273,205.44,161.78,BULLISH,MEDIUM,Last surprise: +5.3%; Earnings conf adj: +1; Size: Kelly 10.0% / VolTgt 6.9% / Blend 8.4%,6.87,-1.0,1.0,18,2026-10-27,5.3,1
2026-10-09T17:20:54,2026-10-09,MKSI,HOLD,0,Composite Multi-Indicator,LOW,1,10.18,260.38,7.65,0.0,11.48,0.0,0.0,2027-01-22,-1.86,-2.36,0.0,0.0,-78.83,-6.12,-47.91,105.0,1,2026-06-24 to 2026-10-08 (75 days),-1.0,45.6,0.5414,273.95,274.06,BEARISH,HIGH,Last surprise: +11.5%; Earnings conf adj: +1,3.46,-1.0,1.0,26,2026-11-04,11.49,1
2026-10-09T17:21:22,2026-10-09,GMED,BUY,1,VWAP Trend,HIGH,4,10.16,73.33,3.46,70.79,2.66,75.28,9.38,2026-10-11,0.7,1.1,62.5,1.55,12.11,44.1,-6.16,2.5,8,2026-06-24 to 2026-10-08 (75 days),0.567,38.4,0.214,79.22,84.41,BEARISH,MEDIUM,Last surprise: +21.8%; Earnings conf adj: +1; Size: Kelly 10.0% / VolTgt 8.8% / Blend 9.4%,8.76,-1.0,1.0,27,2026-11-05,21.82,1
2026-10-09T17:19:16,2026-10-09,CPRT,HOLD,0,MACD Crossover,MEDIUM,3,9.98,27.48,3.66,0.0,5.49,0.0,0.0,2026-10-24,1.54,3.38,66.7,3.34,50.19,79.29,-6.32,15.0,3,2026-06-24 to 2026-10-08 (75 days),-1.0,39.2,0.3544,30.28,33.26,BEARISH,MEDIUM,Strong trend (ADX=56); Last surprise: -7.9%; Earnings conf adj: -1,5.29,-1.0,1.0,41,2026-11-19,-7.89,-1
2026-10-09T17:18:57,2026-10-09,AMCR,HOLD,1,VWAP Trend,LOW,0,9.75,41.88,2.5,40.83,1.74,42.61,0.0,2026-10-10,-0.04,-0.07,50.0,1.14,-0.59,-7.03,-3.32,1.5,8,2026-06-24 to 2026-10-08 (75 days),-1.0,41.9,0.1805,44.33,41.79,BULLISH,LOW,Strong trend (ADX=41); Last surprise: +4.2%,7.0,-1.0,1.0,27,2026-11-05,4.24,0
2026-10-09T17:20:12,2026-10-09,PAYX,HOLD,0,ADX Trend Following,HIGH,4,9.71,104.46,4.49,0.0,15.71,0.0,0.0,2026-11-17,1.36,2.08,100.0,100.01,37.92,1.27,-9.89,39.0,2,2026-06-24 to 2026-10-08 (75 days),-1.0,41.5,0.3889,115.79,102.06,BULLISH,MEDIUM,Strong trend (ADX=44); Last surprise: +1.5%,4.82,-1.0,1.0,70,2026-12-18,1.52,0
2026-10-09T17:21:28,2026-10-09,FCFS,HOLD,0,MACD Crossover,HIGH,4,9.65,211.49,3.92,0.0,8.45,0.0,0.0,2026-10-30,1.09,1.99,100.0,83.26,30.56,40.99,-9.29,21.5,2,2026-06-24 to 2026-10-08 (75 days),-1.0,44.7,0.2314,215.9,202.78,BULLISH,MEDIUM,Last surprise: +4.6%,8.1,-1.0,1.0,13,2026-10-22,4.6,0
2026-10-09T17:22:05,2026-10-09,LPX,HOLD,0,ADX Trend Following,MEDIUM,3,9.52,65.06,5.53,0.0,4.28,0.0,0.0,2026-10-12,1.1,2.22,66.7,3.94,15.51,64.69,-3.11,3.3,3,2026-06-24 to 2026-10-08 (75 days),-1.0,42.7,0.299,69.62,75.82,BEARISH,MEDIUM,Strong trend (ADX=33); Last surprise: -29.8%; Earnings conf adj: -1,6.27,-1.0,1.0,25,2026-11-03,-29.82,-1
2026-10-09T17:20:11,2026-10-09,OTIS,HOLD,0,Stochastic Oscillator,LOW,0,9.44,66.11,3.58,0.0,5.37,0.0,0.0,2026-12-24,-1.4,-1.83,0.0,0.0,-23.93,1.97,-12.91,76.0,1,2026-06-24 to 2026-10-08 (75 days),-1.0,43.5,0.2539,69.76,76.93,BEARISH,MEDIUM,Strong trend (ADX=33); Last surprise: +0.0%,7.0,-1.0,1.0,19,2026-10-28,0.0,0
2026-10-09T17:21:26,2026-10-09,JEF,HOLD,0,Stochastic Oscillator,HIGH,4,9.41,44.4,5.22,0.0,7.83,0.0,0.0,2026-10-27,0.53,0.88,66.7,1.58,10.39,68.97,-10.99,18.3,3,2026-06-24 to 2026-10-08 (75 days),-1.0,29.7,0.2716,51.25,51.71,BEARISH,MEDIUM,RSI oversold; Strong trend (ADX=53); Last surprise: +8.0%; Earnings conf adj: +1,6.9,-1.0,1.0,-11,2026-09-28,8.0,1
2026-10-09T17:19:08,2026-10-09,CAT,EXIT,-1,VWAP Trend,HIGH,4,9.24,796.18,4.91,835.27,3.29,769.99,7.74,2026-10-10,2.44,7.34,50.0,4.09,31.79,84.6,-1.94,1.5,6,2026-06-24 to 2026-10-08 (75 days),-1.0,43.3,0.3415,822.17,798.55,BULLISH,MEDIUM,Last surprise: +31.8%; Earnings conf adj: +1; Size: Kelly 10.0% / VolTgt 5.5% / Blend 7.7%,5.49,-1.0,1.0,20,2026-10-29,31.77,1
2026-10-09T17:20:18,2026-10-09,PSA,BUY,1,VWAP Trend,MEDIUM,3,9.11,285.52,2.19,279.27,2.04,291.34,10.0,2026-10-10,0.54,0.78,60.0,1.53,6.04,34.24,-3.74,1.9,10,2026-06-24 to 2026-10-08 (75 days),0.603,41.5,0.1877,304.05,294.89,BULLISH,LOW,Last surprise: -3.2%; Size: Kelly 10.0% / VolTgt 10.0% / Blend 10.0%,9.99,-1.0,1.0,17,2026-10-26,-3.16,0
2026-10-09T17:21:25,2026-10-09,ALSN,HOLD,0,EMA Crossover (9/21),MEDIUM,2,8.83,109.11,5.51,0.0,11.06,0.0,0.0,2026-11-05,0.3,0.48,100.0,16.37,4.63,31.08,-10.95,27.0,2,2026-06-24 to 2026-10-08 (75 days),-1.0,32.7,0.2704,121.52,117.38,BULLISH,MEDIUM,Strong trend (ADX=33); Last surprise: +4.6%,6.94,-1.0,1.0,20,2026-10-29,4.6,0
2026-10-09T17:19:02,2026-10-09,AWK,HOLD,0,MACD Crossover,LOW,0,8.75,128.18,2.35,0.0,2.86,0.0,0.0,2026-10-14,-0.06,-0.1,50.0,1.12,-1.57,0.02,-4.92,5.3,6,2026-06-24 to 2026-10-08 (75 days),-1.0,36.2,0.1578,134.99,130.59,BULLISH,LOW,Strong trend (ADX=58); Last surprise: +3.9%,7.0,-1.0,1.0,19,2026-10-28,3.87,0
2026-10-09T17:22:12,2026-10-09,IRT,HOLD,0,MACD Crossover,LOW,0,8.71,14.64,2.35,0.0,3.53,0.0,0.0,2026-10-18,-1.36,-1.69,25.0,0.11,-17.73,10.45,-9.69,9.0,4,2026-06-24 to 2026-10-08 (75 days),-1.0,41.3,0.1635,15.66,15.9,BEARISH,LOW,Last surprise: -66.7%; Earnings conf adj: -1,7.0,-1.0,1.0,19,2026-10-28,-66.67,-1
2026-10-09T17:21:54,2026-10-09,MTG,HOLD,0,VWAP Trend,HIGH,4,8.69,27.87,4.19,0.0,4.48,0.0,0.0,2026-10-11,0.78,1.37,57.1,1.9,4.02,-8.78,-1.64,2.3,7,2026-06-24 to 2026-10-08 (75 days),-1.0,42.7,0.3755,29.89,27.6,BULLISH,MEDIUM,Strong trend (ADX=53); Last surprise: +14.5%; Earnings conf adj: +1,4.99,-1.0,1.0,26,2026-11-04,14.47,1
2026-10-09T17:20:02,2026-10-09,MOS,HOLD,0,MACD Crossover,LOW,0,8.53,19.73,7.84,0.0,9.81,0.0,0.0,2026-10-23,-1.1,-1.51,25.0,0.44,-27.51,-12.64,-16.06,14.2,4,2026-06-24 to 2026-10-08 (75 days),-1.0,26.8,0.3307,23.27,24.05,BEARISH,MEDIUM,RSI oversold; Strong trend (ADX=58); Last surprise: -7.1%; Earnings conf adj: -1,5.67,-1.0,1.0,25,2026-11-03,-7.14,-1
2026-10-09T17:18:56,2026-10-09,ALL,HOLD,0,VWAP Trend,MEDIUM,2,8.38,230.63,3.69,0.0,3.34,0.0,0.0,2026-10-11,0.09,0.12,58.3,1.12,-0.16,2.66,-7.27,2.3,12,2026-06-24 to 2026-10-08 (75 days),-1.0,41.4,0.2794,249.89,223.49,BULLISH,MEDIUM,Strong trend (ADX=61); Last surprise: +48.1%; Earnings conf adj: +1,6.71,-1.0,1.0,26,2026-11-04,48.11,1
2026-10-09T17:20:25,2026-10-09,SO,HOLD,0,MACD Crossover,LOW,1,8.36,86.15,1.76,0.0,1.77,0.0,0.0,2026-10-11,-0.55,-0.78,33.3,0.86,-3.11,25.2,-3.54,2.3,3,2026-06-24 to 2026-10-08 (75 days),-1.0,52.2,0.1484,88.23,91.02,BEARISH,LOW,Strong trend (ADX=38); Last surprise: +11.9%; Earnings conf adj: +1,7.0,-1.0,1.0,27,2026-11-05,11.88,1
2026-10-09T17:19:13,2026-10-09,CMG,EXIT,-1,VWAP Trend,MEDIUM,3,8.32,32.68,7.52,35.14,9.75,29.49,7.31,2026-10-18,0.68,1.04,55.6,1.72,23.16,12.12,-15.78,9.3,9,2026-06-24 to 2026-10-08 (75 days),-1.0,47.0,0.4061,34.53,34.76,BEARISH,HIGH,High volume; Strong trend (ADX=32); Last surprise: +3.1%; Size: Kelly 10.0% / VolTgt 4.6% / Blend 7.3%,4.62,-1.0,1.0,19,2026-10-28,3.13,0
2026-10-09T17:21:49,2026-10-09,GATX,HOLD,0,VWAP Trend,LOW,1,8.26,162.78,4.52,0.0,4.83,0.0,0.0,2026-10-13,-2.28,-2.54,50.0,0.38,-24.26,3.07,-8.72,4.8,6,2026-06-24 to 2026-10-08 (75 days),-1.0,30.6,0.2801,176.86,178.39,BEARISH,MEDIUM,Price at statistical extreme; Strong trend (ADX=36); Last surprise: +15.4%; Earnings conf adj: +1,6.69,-1.0,1.0,20,2026-10-29,15.45,1
2026-10-09T17:19:47,2026-10-09,INVH,HOLD,0,Composite Multi-Indicator,LOW,1,8.21,26.48,2.0,0.0,4.0,0.0,0.0,2026-12-10,-3.42,-4.06,0.0,0.0,-35.3,-8.56,-14.15,62.0,1,2026-06-24 to 2026-10-08 (75 days),-1.0,41.0,0.1573,28.22,27.26,BULLISH,LOW,Strong trend (ADX=66); Last surprise: +7.1%; Earnings conf adj: +1,7.0,-1.0,1.0,19,2026-10-28,7.14,1
2026-10-09T17:19:55,2026-10-09,LII,HOLD,0,ADX Trend Following,LOW,0,8.21,361.54,4.23,0.0,5.25,0.0,0.0,2026-10-18,-1.89,-1.92,33.3,0.03,-57.7,18.09,-23.65,9.7,3,2026-06-24 to 2026-10-08 (75 days),-1.0,41.7,0.214,388.48,480.81,BEARISH,MEDIUM,Last surprise: +0.3%,7.0,-1.0,1.0,19,2026-10-28,0.26,0
2026-10-09T17:21:28,2026-10-09,SAIA,HOLD,0,VWAP Trend,MEDIUM,2,7.96,341.26,5.31,0.0,3.45,0.0,0.0,2026-10-11,0.82,1.38,50.0,1.62,12.19,66.11,-5.95,2.2,10,2026-06-24 to 2026-10-08 (75 days),-1.0,47.3,0.2956,351.04,388.95,BEARISH,MEDIUM,Last surprise: +3.5%,6.34,-1.0,1.0,20,2026-10-29,3.54,0
2026-10-09T17:19:45,2026-10-09,IBM,EXIT,-1,VWAP Trend,HIGH,4,7.9,226.61,3.81,235.24,5.71,213.67,7.86,2026-10-20,1.16,2.06,66.7,2.83,28.66,66.92,-8.56,11.3,6,2026-06-24 to 2026-10-08 (75 days),-1.0,47.7,0.3283,231.75,251.28,BEARISH,MEDIUM,Last surprise: +0.0%; Size: Kelly 10.0% / VolTgt 5.7% / Blend 7.9%,5.71,-1.0,1.0,12,2026-10-21,0.0,0
2026-10-09T17:22:10,2026-10-09,AVNT,HOLD,0,EMA Crossover (9/21),HIGH,5,7.89,40.98,2.86,0.0,5.99,0.0,0.0,2026-11-05,1.11,2.31,100.0,101.44,37.92,-9.34,-10.14,27.5,2,2026-06-24 to 2026-10-08 (75 days),-1.0,47.1,0.1451,42.03,37.39,BULLISH,LOW,Last surprise: +7.9%; Earnings conf adj: +1,10.0,-1.0,1.0,26,2026-11-04,7.87,1
2026-10-09T17:21:51,2026-10-09,WFRD,HOLD,0,VWAP Trend,MEDIUM,3,7.88,76.9,5.71,0.0,4.91,0.0,0.0,2026-10-12,1.18,2.11,62.5,1.81,28.84,55.48,-8.98,3.0,8,2026-06-24 to 2026-10-08 (75 days),-1.0,34.9,0.3599,87.77,92.79,BEARISH,MEDIUM,Strong trend (ADX=35); Last surprise: -32.2%; Earnings conf adj: -1,5.21,-1.0,1.0,11,2026-10-20,-32.22,-1
2026-10-09T17:19:01,2026-10-09,ARE,BUY,1,Stochastic Oscillator,HIGH,5,7.87,45.6,4.97,43.33,7.46,49.0,7.38,2026-10-20,1.82,4.22,66.7,4.92,58.32,84.37,-7.63,11.3,3,2026-06-24 to 2026-10-08 (75 days),0.171,35.0,0.3933,49.76,48.83,BULLISH,MEDIUM,Strong trend (ADX=40); Last surprise: +25.0%; Earnings conf adj: +1; Size: Kelly 10.0% / VolTgt 4.8% / Blend 7.4%,4.77,-1.0,1.0,17,2026-10-26,25.0,1
2026-10-09T17:19:56,2026-10-09,LNT,HOLD,0,VWAP Trend,LOW,1,7.64,65.5,1.97,0.0,1.91,0.0,0.0,2026-10-11,-1.26,-1.71,50.0,0.66,-7.11,29.89,-3.59,2.2,8,2026-06-24 to 2026-10-08 (75 days),-1.0,48.5,0.1638,67.42,69.6,BEARISH,LOW,Strong trend (ADX=32); Last surprise: +12.1%; Earnings conf adj: +1,7.0,-1.0,1.0,20,2026-10-29,12.07,1
2026-10-09T17:21:44,2026-10-09,HIMS,HOLD,0,Stochastic Oscillator,LOW,0,7.61,28.06,12.0,0.0,18.0,0.0,0.0,2026-12-24,0.31,0.45,0.0,0.0,-1.39,39.23,-18.77,76.0,1,2026-06-24 to 2026-10-08 (75 days),-1.0,44.6,0.4882,29.37,27.41,BULLISH,HIGH,High volume; Last surprise: -640.0%; Earnings conf adj: -1,3.84,-1.0,1.0,31,2026-11-09,-640.0,-1
2026-10-09T17:19:05,2026-10-09,BG,HOLD,0,Stochastic Oscillator,HIGH,4,7.55,107.82,4.25,0.0,6.38,0.0,0.0,2026-10-26,2.21,4.53,66.7,6.54,44.36,45.88,-6.06,17.0,3,2026-06-24 to 2026-10-08 (75 days),-1.0,40.8,0.2527,112.86,115.38,BEARISH,MEDIUM,Strong trend (ADX=57); Last surprise: +3.1%,7.42,-1.0,1.0,20,2026-10-29,3.09,0
2026-10-09T17:19:31,2026-10-09,EXPE,HOLD,0,Composite Multi-Indicator,HIGH,5,7.4,270.13,6.38,0.0,20.11,0.0,0.0,2026-11-24,2.79,5.47,100.0,246.9,110.42,99.12,-4.98,46.0,1,2026-06-24 to 2026-10-08 (75 days),-1.0,45.4,0.3765,296.06,258.88,BULLISH,MEDIUM,Strong trend (ADX=51); Last surprise: +9.7%; Earnings conf adj: +1,4.98,-1.0,1.0,26,2026-11-04,9.71,1
2026-10-09T17:21:33,2026-10-09,DY,HOLD,0,Composite Multi-Indicator,LOW,1,7.36,277.21,7.75,0.0,11.62,0.0,0.0,2027-01-18,-3.45,-4.15,0.0,0.0,-87.27,-2.31,-47.41,101.0,1,2026-06-24 to 2026-10-08 (75 days),-1.0,39.8,0.4329,331.4,387.22,BEARISH,HIGH,Strong trend (ADX=36); Last surprise: +12.1%; Earnings conf adj: +1,4.33,-1.0,1.0,47,2026-11-25,12.08,1
2026-10-09T17:21:49,2026-10-09,CRUS,HOLD,0,MACD Crossover,LOW,0,7.27,113.2,4.22,0.0,6.33,0.0,0.0,2026-10-23,-1.26,-1.67,33.3,0.0,-26.83,40.81,-10.68,14.3,3,2026-06-24 to 2026-10-08 (75 days),-1.0,38.3,0.343,118.51,139.73,BEARISH,MEDIUM,Price at statistical extreme; Last surprise: +1.7%,5.47,-1.0,1.0,25,2026-11-03,1.66,0
2026-10-09T17:21:47,2026-10-09,HXL,HOLD,0,PEAD Earnings Drift,HIGH,5,7.24,85.13,4.02,0.0,10.75,0.0,0.0,2026-11-05,2.55,5.0,100.0,107.2,38.53,70.47,-2.73,27.0,1,2026-06-24 to 2026-10-08 (75 days),-1.0,38.0,0.2627,93.28,89.88,BULLISH,MEDIUM,Strong trend (ADX=31); Last surprise: +13.8%; Earnings conf adj: +1,7.14,-1.0,1.0,12,2026-10-21,13.79,1
2026-10-09T17:19:36,2026-10-09,GD,HOLD,0,Composite Multi-Indicator,HIGH,5,7.12,329.9,2.23,0.0,4.05,0.0,0.0,2026-10-20,3.05,12.02,100.0,35.03,12.05,24.3,-0.44,11.0,1,2026-06-24 to 2026-10-08 (75 days),-1.0,27.9,0.155,364.9,353.34,BULLISH,LOW,RSI oversold; Strong trend (ADX=85); Last surprise: +6.8%; Earnings conf adj: +1,10.0,-1.0,1.0,19,2026-10-28,6.8,1
2026-10-09T17:20:59,2026-10-09,RBA,HOLD,0,Composite Multi-Indicator,LOW,0,7.08,84.03,3.87,0.0,5.8,0.0,0.0,2027-01-11,-2.5,-2.87,0.0,0.0,-64.47,-1.94,-30.77,94.0,1,2026-06-24 to 2026-10-08 (75 days),-1.0,51.1,0.2708,86.62,100.99,BEARISH,MEDIUM,High volume; Last surprise: +0.0%,6.92,-1.0,1.0,31,2026-11-09,0.0,0
2026-10-09T17:21:30,2026-10-09,CTRE,HOLD,-1,VWAP Trend,LOW,1,7.05,35.79,1.97,36.5,1.31,35.32,0.0,2026-10-10,-0.96,-1.22,60.0,0.78,-5.94,16.83,-3.35,1.3,10,2026-06-24 to 2026-10-08 (75 days),-1.0,31.9,0.146,38.42,38.27,BULLISH,LOW,Strong trend (ADX=43); Last surprise: +0.0%,7.0,-1.0,1.0,31,2026-11-09,0.0,0
2026-10-09T17:21:46,2026-10-09,LAD,HOLD,0,ADX Trend Following,HIGH,5,6.91,288.87,6.78,0.0,12.65,0.0,0.0,2026-10-25,1.7,4.26,66.7,24.11,93.26,109.9,-16.44,16.3,3,2026-06-24 to 2026-10-08 (75 days),-1.0,31.2,0.3978,349.78,310.16,BULLISH,MEDIUM,Strong trend (ADX=44); Last surprise: +15.0%; Earnings conf adj: +1,4.71,-1.0,1.0,12,2026-10-21,15.02,1
2026-10-09T17:21:19,2026-10-09,SF,BUY,1,MACD Crossover,HIGH,4,6.9,70.11,3.14,67.91,9.0,76.42,9.92,2026-11-14,2.68,4.73,100.0,122.98,47.38,58.47,-3.21,36.0,1,2026-06-24 to 2026-10-08 (75 days),0.115,29.6,0.1905,78.26,77.09,BULLISH,LOW,RSI oversold; Strong trend (ADX=64); Last surprise: +4.4%; Size: Kelly 10.0% / VolTgt 9.8% / Blend 9.9%,9.84,-1.0,1.0,12,2026-10-21,4.41,0
2026-10-09T17:22:05,2026-10-09,CUZ,HOLD,0,MACD Crossover,MEDIUM,2,6.88,27.72,2.73,0.0,3.97,0.0,0.0,2026-10-17,-0.44,-0.58,75.0,0.74,-5.67,-1.49,-6.29,8.0,4,2026-06-24 to 2026-10-08 (75 days),-1.0,45.7,0.1784,28.68,26.2,BULLISH,LOW,Last surprise: +25.0%; Earnings conf adj: +1,10.0,-1.0,1.0,20,2026-10-29,25.0,1
2026-10-09T17:18:58,2026-10-09,AMZN,HOLD,0,Stochastic Oscillator,HIGH,5,6.78,254.06,3.2,0.0,4.8,0.0,0.0,2026-11-01,2.4,6.74,66.7,10.44,122.02,90.21,-10.01,23.0,3,2026-06-24 to 2026-10-08 (75 days),-1.0,50.8,0.2361,258.56,241.98,BULLISH,MEDIUM,Last surprise: +214.2%; Earnings conf adj: +1,7.94,-1.0,1.0,20,2026-10-29,214.21,1
2026-10-09T17:21:51,2026-10-09,WEX,HOLD,0,VWAP Trend,HIGH,5,6.73,174.41,5.3,0.0,6.34,0.0,0.0,2026-10-14,2.66,5.51,62.5,4.18,109.24,-33.15,-8.34,5.5,8,2026-06-24 to 2026-10-08 (75 days),-1.0,42.0,0.3436,188.06,162.09,BULLISH,MEDIUM,Strong trend (ADX=41); Last surprise: +5.5%; Earnings conf adj: +1,5.46,-1.0,1.0,19,2026-10-28,5.52,1
2026-10-09T17:20:23,2026-10-09,SCHW,HOLD,0,Composite Multi-Indicator,HIGH,4,6.66,96.87,3.49,0.0,12.21,0.0,0.0,2026-11-13,3.72,8.35,100.0,168.19,68.56,45.41,-3.06,35.0,1,2026-06-24 to 2026-10-08 (75 days),-1.0,35.6,0.271,105.67,97.88,BULLISH,MEDIUM,Strong trend (ADX=45); Last surprise: +4.5%,6.92,-1.0,1.0,6,2026-10-15,4.52,0
2026-10-09T17:18:56,2026-10-09,ALGN,HOLD,0,ADX Trend Following,HIGH,4,6.57,141.03,4.26,0.0,4.1,0.0,0.0,2026-10-12,1.66,24.86,100.0,21.05,6.62,54.63,-0.1,3.0,1,2026-06-24 to 2026-10-08 (75 days),-1.0,35.8,0.3006,157.61,169.91,BEARISH,MEDIUM,Strong trend (ADX=35); Last surprise: +1.5%,6.24,-1.0,1.0,19,2026-10-28,1.54,0
2026-10-09T17:20:56,2026-10-09,TOST,HOLD,0,Composite Multi-Indicator,HIGH,5,6.53,30.53,4.8,0.0,14.4,0.0,0.0,2026-12-07,3.85,7.68,100.0,354.61,179.91,107.56,-7.94,59.0,1,2026-06-24 to 2026-10-08 (75 days),-1.0,45.4,0.331,32.87,29.67,BULLISH,MEDIUM,Last surprise: +12.5%; Earnings conf adj: +1,5.67,-1.0,1.0,25,2026-11-03,12.5,1
2026-10-09T17:18:59,2026-10-09,APD,HOLD,0,VWAP Trend,LOW,1,6.5,278.38,2.25,0.0,2.97,0.0,0.0,2026-10-13,0.26,0.46,50.0,2.09,2.07,-1.91,-3.79,4.2,6,2026-06-24 to 2026-10-08 (75 days),-1.0,40.9,0.1838,292.85,282.85,BULLISH,LOW,Strong trend (ADX=34); Last surprise: +3.9%,7.0,-1.0,1.0,27,2026-11-05,3.89,0
2026-10-09T17:19:07,2026-10-09,BX,HOLD,0,MACD Crossover,HIGH,5,6.45,112.68,4.59,0.0,14.26,0.0,0.0,2026-11-24,2.17,3.95,100.0,172.57,70.72,68.17,-5.86,46.0,1,2026-06-24 to 2026-10-08 (75 days),-1.0,31.3,0.267,130.87,125.82,BULLISH,MEDIUM,Strong trend (ADX=64); Last surprise: +13.4%; Earnings conf adj: +1,7.02,-1.0,1.0,13,2026-10-22,13.43,1
2026-10-09T17:19:03,2026-10-09,BAC,HOLD,1,VWAP Trend,LOW,0,6.42,53.61,2.81,52.1,2.68,55.05,0.0,2026-10-11,-1.8,-2.0,54.5,0.52,-16.06,4.87,-6.56,2.0,11,2026-06-24 to 2026-10-08 (75 days),-1.0,24.7,0.2406,60.05,54.81,BULLISH,MEDIUM,RSI oversold; Strong trend (ADX=69); Earnings in 5d (2026-10-14); Last surprise: +8.0%,7.0,-1.0,1.0,5,2026-10-14,8.04,0
2026-10-09T17:19:11,2026-10-09,CHTR,HOLD,0,MACD Crossover,HIGH,5,6.18,109.67,7.1,0.0,10.65,0.0,0.0,2026-10-31,1.23,1.87,100.0,88.3,32.47,78.47,-8.62,22.0,1,2026-06-24 to 2026-10-08 (75 days),-1.0,32.5,0.3603,138.12,172.89,BEARISH,MEDIUM,Strong trend (ADX=59); Last surprise: +6.0%; Earnings conf adj: +1,5.2,-1.0,1.0,28,2026-11-06,5.96,1
2026-10-09T17:22:11,2026-10-09,SLGN,HOLD,-1,VWAP Trend,LOW,1,6.16,35.8,4.32,37.35,4.93,34.04,0.0,2026-10-15,-1.33,-1.55,55.6,0.48,-35.32,16.8,-20.91,6.7,9,2026-06-24 to 2026-10-08 (75 days),-1.0,37.9,0.2419,39.31,41.24,BEARISH,MEDIUM,Strong trend (ADX=43); Last surprise: +2.1%,7.0,-1.0,1.0,20,2026-10-29,2.08,0
2026-10-09T17:19:45,2026-10-09,HWM,HOLD,0,Multi-Factor Momentum MR,HIGH,5,6.13,222.56,3.83,0.0,13.41,0.0,0.0,2026-12-02,1.05,1.42,100.0,53.85,19.11,71.01,-5.69,54.0,1,2026-06-24 to 2026-10-08 (75 days),-1.0,36.4,0.2346,253.58,248.91,BULLISH,MEDIUM,Strong trend (ADX=34); Last surprise: +6.4%; Earnings conf adj: +1,7.99,-1.0,1.0,20,2026-10-29,6.4,1
2026-10-09T17:21:45,2026-10-09,VNO,HOLD,0,VWAP Trend,LOW,0,5.87,33.81,4.05,0.0,2.45,0.0,0.0,2026-10-10,-2.76,-3.03,40.0,0.27,-20.65,12.05,-8.13,1.9,10,2026-06-24 to 2026-10-08 (75 days),-1.0,39.2,0.2257,36.69,33.35,BULLISH,MEDIUM,Strong trend (ADX=36); Last surprise: +27.3%,7.0,-1.0,1.0,24,2026-11-02,27.27,0
2026-10-09T17:21:34,2026-10-09,COLB,HOLD,1,VWAP Trend,LOW,1,5.86,28.53,2.62,27.78,2.02,29.11,0.0,2026-10-11,-0.43,-0.56,57.1,0.99,-2.67,23.19,-2.07,2.1,7,2026-06-24 to 2026-10-08 (75 days),-1.0,38.3,0.1766,30.15,29.23,BULLISH,LOW,Strong trend (ADX=41); Last surprise: +4.1%,7.0,-1.0,1.0,13,2026-10-22,4.11,0
2026-10-09T17:19:51,2026-10-09,JPM,HOLD,0,Composite Multi-Indicator,HIGH,4,5.82,331.42,2.12,0.0,7.42,0.0,0.0,2026-11-22,2.8,4.24,100.0,112.65,43.3,42.15,-3.53,44.0,1,2026-06-24 to 2026-10-08 (75 days),-1.0,37.2,0.1796,348.86,319.0,BULLISH,LOW,Strong trend (ADX=41); Earnings in 4d (2026-10-13); Last surprise: +5.9%,10.0,-1.0,1.0,4,2026-10-13,5.86,0
2026-10-09T17:19:38,2026-10-09,GL,HOLD,-1,VWAP Trend,LOW,1,5.78,166.08,2.08,169.53,1.51,163.57,0.0,2026-10-11,-0.18,-0.28,55.6,1.18,-1.14,15.13,-3.77,2.4,9,2026-06-24 to 2026-10-08 (75 days),-1.0,41.1,0.1235,173.35,157.3,BULLISH,LOW,Strong trend (ADX=36); Last surprise: -1.9%,7.0,-1.0,1.0,12,2026-10-21,-1.9,0
2026-10-09T17:19:51,2026-10-09,KDP,HOLD,1,VWAP Trend,LOW,1,5.72,31.26,4.15,29.96,3.08,32.22,0.0,2026-10-11,-1.99,-2.47,37.5,0.5,-19.36,-22.77,-10.13,2.0,8,2026-06-24 to 2026-10-08 (75 days),-1.0,51.5,0.2764,31.09,29.07,BULLISH,MEDIUM,Last surprise: +5.6%; Earnings conf adj: +1,6.78,-1.0,1.0,25,2026-11-03,5.56,1
2026-10-09T17:21:04,2026-10-09,JLL,HOLD,0,MACD Crossover,HIGH,5,5.71,303.14,4.7,0.0,9.37,0.0,0.0,2026-11-08,1.88,4.22,100.0,110.79,42.0,38.13,-4.26,30.0,1,2026-06-24 to 2026-10-08 (75 days),-1.0,30.9,0.2173,349.63,326.95,BULLISH,MEDIUM,Strong trend (ADX=53); Last surprise: +15.6%; Earnings conf adj: +1,8.63,-1.0,1.0,19,2026-10-28,15.6,1
2026-10-09T17:19:09,2026-10-09,CBRE,HOLD,0,VWAP Trend,MEDIUM,2,5.68,131.08,4.77,0.0,3.87,0.0,0.0,2026-10-12,0.47,0.69,58.3,1.41,7.22,14.31,-5.57,3.2,12,2026-06-24 to 2026-10-08 (75 days),-1.0,41.1,0.2746,142.81,144.53,BEARISH,MEDIUM,Strong trend (ADX=35); Last surprise: +6.1%; Earnings conf adj: +1,6.83,-1.0,1.0,13,2026-10-22,6.12,1
2026-10-09T17:20:46,2026-10-09,WYNN,HOLD,0,MACD Crossover,MEDIUM,3,5.67,75.29,5.34,0.0,8.01,0.0,0.0,2026-11-03,0.25,0.44,100.0,7.28,2.15,68.31,-4.72,25.0,1,2026-06-24 to 2026-10-08 (75 days),-1.0,25.8,0.2377,90.89,101.71,BEARISH,MEDIUM,RSI oversold; Strong trend (ADX=64); Last surprise: +26.5%; Earnings conf adj: +1,7.89,-1.0,1.0,27,2026-11-05,26.53,1
2026-10-09T17:20:22,2026-10-09,RTX,HOLD,0,MACD Crossover,HIGH,5,5.6,184.32,2.25,0.0,5.74,0.0,0.0,2026-10-30,2.08,4.53,100.0,50.32,17.38,17.61,-1.92,21.0,1,2026-06-24 to 2026-10-08 (75 days),-1.0,32.8,0.159,203.71,193.93,BULLISH,LOW,Strong trend (ADX=74); Last surprise: +13.9%; Earnings conf adj: +1,10.0,-1.0,1.0,11,2026-10-20,13.86,1
2026-10-09T17:22:21,2026-10-09,GLD,HOLD,0,VWAP Trend,HIGH,4,5.45,378.62,2.31,0.0,3.46,0.0,0.0,2026-10-15,1.43,2.18,66.7,2.6,25.51,13.19,-5.64,6.4,9,2026-06-24 to 2026-10-08 (75 days),-1.0,39.9,0.2052,396.88,415.77,BEARISH,MEDIUM,Strong trend (ADX=35),9.14,-1.0,1.0,-1,,,0
2026-10-09T17:19:01,2026-10-09,ARES,HOLD,0,MACD Crossover,HIGH,4,5.41,116.26,5.07,0.0,12.61,0.0,0.0,2026-11-20,1.96,4.09,100.0,158.59,64.45,53.21,-6.17,42.0,1,2026-06-24 to 2026-10-08 (75 days),-1.0,33.7,0.247,131.48,126.29,BULLISH,MEDIUM,Strong trend (ADX=47); Last surprise: +1.6%,7.59,-1.0,1.0,20,2026-10-29,1.57,0
2026-10-09T17:20:27,2026-10-09,STT,HOLD,0,Composite Multi-Indicator,HIGH,5,5.36,175.09,2.46,0.0,4.74,0.0,0.0,2026-10-21,2.81,12.76,100.0,65.81,23.38,6.25,-0.93,12.0,1,2026-06-24 to 2026-10-08 (75 days),-1.0,36.8,0.1738,184.78,154.32,BULLISH,LOW,Strong trend (ADX=49); Earnings in 5d (2026-10-14); Last surprise: +9.3%; Earnings conf adj: +1,10.0,-1.0,1.0,5,2026-10-14,9.28,1
2026-10-09T17:22:11,2026-10-09,NVST,HOLD,0,PEAD Earnings Drift,HIGH,5,5.35,22.72,4.05,0.0,14.17,0.0,0.0,2026-11-19,1.31,2.03,100.0,73.7,26.95,64.1,-6.84,41.0,1,2026-06-24 to 2026-10-08 (75 days),-1.0,30.0,0.2943,26.05,25.68,BULLISH,MEDIUM,Strong trend (ADX=47); Last surprise: +20.6%; Earnings conf adj: +1,6.37,-1.0,1.0,26,2026-11-04,20.59,1
2026-10-09T17:20:34,2026-10-09,TSCO,HOLD,0,SMA Crossover (10/50),MEDIUM,2,5.19,33.48,4.47,0.0,6.71,0.0,0.0,2026-11-04,0.57,0.86,100.0,29.09,9.57,-38.19,-10.97,26.0,2,2026-06-24 to 2026-10-08 (75 days),-1.0,56.1,0.2946,33.53,39.03,BEARISH,MEDIUM,Strong trend (ADX=39); Last surprise: -15.9%; Earnings conf adj: -1,6.36,-1.0,1.0,13,2026-10-22,-15.85,-1
2026-10-09T17:18:56,2026-10-09,ALB,HOLD,0,MACD Crossover,HIGH,4,5.08,102.1,6.86,0.0,10.29,0.0,0.0,2026-11-22,0.98,1.56,100.0,74.18,27.11,98.44,-11.94,44.0,1,2026-06-24 to 2026-10-08 (75 days),-1.0,32.3,0.4074,121.73,153.81,BEARISH,HIGH,High volume; Strong trend (ADX=49); Last surprise: +15.7%; Earnings conf adj: +1,4.6,-1.0,1.0,26,2026-11-04,15.74,1
2026-10-09T17:20:20,2026-10-09,RF,HOLD,0,PEAD Earnings Drift,HIGH,5,5.07,27.07,2.9,0.0,7.55,0.0,0.0,2026-10-31,1.56,2.56,100.0,54.7,19.45,42.13,-3.18,22.0,1,2026-06-24 to 2026-10-08 (75 days),-1.0,33.5,0.2045,29.5,28.23,BULLISH,MEDIUM,Strong trend (ADX=57); Last surprise: +7.9%; Earnings conf adj: +1,9.17,-1.0,1.0,7,2026-10-16,7.94,1
2026-10-09T17:18:52,2026-10-09,ABT,HOLD,0,MACD Crossover,HIGH,4,4.93,98.49,3.31,0.0,10.17,0.0,0.0,2026-11-19,2.51,4.2,100.0,107.36,40.5,3.79,-4.45,41.0,1,2026-06-24 to 2026-10-08 (75 days),-1.0,37.9,0.2016,106.29,102.65,BULLISH,MEDIUM,Strong trend (ADX=42); Last surprise: +2.3%,9.3,-1.0,1.0,12,2026-10-21,2.34,0
2026-10-09T17:20:07,2026-10-09,NOW,HOLD,0,Multi-Factor Momentum MR,LOW,0,4.91,139.75,5.79,0.0,8.69,0.0,0.0,2026-11-13,-0.51,-0.77,0.0,0.0,-13.6,-302.32,-10.84,35.0,1,2026-06-24 to 2026-10-08 (75 days),-1.0,56.4,0.3969,131.61,115.41,BULLISH,MEDIUM,Last surprise: +4.7%,4.72,-1.0,1.0,19,2026-10-28,4.65,0
2026-10-09T17:22:10,2026-10-09,KRC,BUY,1,VWAP Trend,MEDIUM,3,4.91,34.19,2.36,33.38,2.19,34.94,10.0,2026-10-13,0.29,0.43,57.1,1.89,2.33,17.0,-3.73,4.1,7,2026-06-24 to 2026-10-08 (75 days),0.151,48.8,0.1373,35.34,33.7,BULLISH,LOW,Last surprise: +41.7%; Earnings conf adj: +1; Size: Kelly 10.0% / VolTgt 10.0% / Blend 10.0%,10.0,-1.0,1.0,13,2026-10-22,41.67,1
2026-10-09T17:21:04,2026-10-09,NLY,HOLD,0,SMA Crossover (10/50),HIGH,4,4.87,18.27,3.79,0.0,13.27,0.0,0.0,2026-12-24,0.87,1.41,100.0,34.77,11.95,47.55,-4.86,76.0,1,2026-06-24 to 2026-10-08 (75 days),-1.0,24.5,0.2134,21.14,20.83,BULLISH,MEDIUM,RSI oversold; Strong trend (ADX=76); Last surprise: +5.3%; Earnings conf adj: +1,8.79,-1.0,1.0,11,2026-10-20,5.33,1
2026-10-09T17:21:20,2026-10-09,DCI,HOLD,0,MACD Crossover,HIGH,4,4.83,87.16,2.28,0.0,4.51,0.0,0.0,2026-10-21,1.33,1.9,66.7,20.96,18.12,12.55,-3.37,12.0,3,2026-06-24 to 2026-10-08 (75 days),-1.0,43.0,0.1654,91.09,90.65,BULLISH,LOW,Last surprise: +1.8%,10.0,-1.0,1.0,-44,2026-08-26,1.77,0
2026-10-09T17:21:22,2026-10-09,MOH,HOLD,0,VWAP Trend,LOW,1,4.82,195.76,5.16,0.0,4.94,0.0,0.0,2026-10-11,-1.46,-1.65,37.5,0.5,-30.4,-21.15,-14.78,2.5,8,2026-06-24 to 2026-10-08 (75 days),-1.0,50.2,0.3967,197.9,182.35,BULLISH,MEDIUM,Last surprise: +7.9%; Earnings conf adj: +1,4.73,-1.0,1.0,12,2026-10-21,7.86,1
2026-10-09T17:20:53,2026-10-09,CRS,HOLD,0,ADX Trend Following,MEDIUM,3,4.8,387.1,4.64,0.0,3.69,0.0,0.0,2026-10-12,2.81,9.69,50.0,248.49,49.66,124.53,-2.4,3.5,2,2026-06-24 to 2026-10-08 (75 days),-1.0,30.5,0.2506,464.82,442.56,BULLISH,MEDIUM,Strong trend (ADX=65); Last surprise: +4.9%,7.48,-1.0,1.0,13,2026-10-22,4.87,0
2026-10-09T17:21:55,2026-10-09,ESNT,HOLD,0,PEAD Earnings Drift,HIGH,5,4.72,63.59,3.99,0.0,13.96,0.0,0.0,2026-11-21,2.16,4.65,100.0,110.08,42.2,29.44,-3.83,43.0,1,2026-06-24 to 2026-10-08 (75 days),-1.0,46.9,0.3594,66.51,62.3,BULLISH,MEDIUM,Strong trend (ADX=44); Last surprise: +18.2%; Earnings conf adj: +1,5.22,-1.0,1.0,28,2026-11-06,18.18,1
2026-10-09T17:21:16,2026-10-09,BMRN,EXIT,-1,Momentum (Rate of Change),HIGH,5,4.65,54.89,4.23,57.21,12.04,48.28,9.63,2026-12-05,1.88,4.0,100.0,145.52,52.41,66.18,-7.36,57.0,1,2026-06-24 to 2026-10-08 (75 days),-1.0,23.1,0.2025,63.6,58.71,BULLISH,MEDIUM,RSI oversold; Strong trend (ADX=62); Last surprise: +26.3%; Earnings conf adj: +1; Size: Kelly 10.0% / VolTgt 9.3% / Blend 9.6%,9.26,-1.0,1.0,17,2026-10-26,26.32,1
2026-10-09T17:21:28,2026-10-09,ORI,HOLD,0,ADX Trend Following,HIGH,4,4.62,38.55,2.18,0.0,7.63,0.0,0.0,2026-11-17,1.78,3.18,100.0,81.98,29.86,41.69,-4.12,39.0,1,2026-06-24 to 2026-10-08 (75 days),-1.0,43.5,0.1761,40.77,40.25,BULLISH,LOW,Strong trend (ADX=41); Last surprise: -3.8%,10.0,-1.0,1.0,13,2026-10-22,-3.8,0
2026-10-09T17:18:54,2026-10-09,AFL,HOLD,0,VWAP Trend,MEDIUM,2,4.6,114.94,1.89,0.0,1.29,0.0,0.0,2026-10-10,0.57,1.13,33.3,1.71,1.88,8.19,-0.86,1.3,6,2026-06-24 to 2026-10-08 (75 days),-1.0,50.5,0.1436,117.49,114.23,BULLISH,LOW,Strong trend (ADX=30); Last surprise: -0.6%,10.0,-1.0,1.0,26,2026-11-04,-0.57,0
2026-10-09T17:21:35,2026-10-09,CBSH,HOLD,0,Composite Multi-Indicator,HIGH,4,4.56,54.61,2.18,0.0,5.24,0.0,0.0,2026-10-29,1.81,4.13,100.0,34.35,11.42,21.57,-1.73,20.0,1,2026-06-24 to 2026-10-08 (75 days),-1.0,36.3,0.1489,57.59,53.81,BULLISH,LOW,Strong trend (ADX=48); Last surprise: +4.8%,10.0,-1.0,1.0,6,2026-10-15,4.76,0
2026-10-09T17:19:42,2026-10-09,HII,HOLD,0,VWAP Trend,LOW,1,4.54,265.02,4.23,0.0,4.03,0.0,0.0,2026-10-13,-0.07,-0.09,44.4,1.04,-3.74,11.62,-10.72,4.6,9,2026-06-24 to 2026-10-08 (75 days),-1.0,40.7,0.2387,291.69,340.25,BEARISH,MEDIUM,Strong trend (ADX=35); Last surprise: +38.0%; Earnings conf adj: +1,7.0,-1.0,1.0,20,2026-10-29,37.96,1
2026-10-09T17:20:44,2026-10-09,WM,HOLD,0,MACD Crossover,LOW,0,4.46,210.1,1.8,0.0,1.26,0.0,0.0,2026-10-10,-0.74,-1.06,50.0,1.1,-0.88,16.58,-0.71,1.0,2,2026-06-24 to 2026-10-08 (75 days),-1.0,47.7,0.1605,216.86,222.95,BEARISH,LOW,Last surprise: +2.0%,7.0,-1.0,1.0,18,2026-10-27,2.02,0
2026-10-09T17:19:53,2026-10-09,KO,HOLD,0,VWAP Trend,LOW,0,4.45,87.77,1.76,0.0,1.53,0.0,0.0,2026-10-10,-1.81,-2.31,44.4,0.46,-10.94,-47.35,-4.99,1.8,9,2026-06-24 to 2026-10-08 (75 days),-1.0,53.6,0.1453,87.65,79.48,BULLISH,LOW,Last surprise: +4.3%,7.0,-1.0,1.0,18,2026-10-27,4.3,0
2026-10-09T17:21:24,2026-10-09,AM,HOLD,0,VWAP Trend,LOW,0,4.44,21.19,3.73,0.0,1.96,0.0,0.0,2026-10-10,-2.11,-2.59,46.2,0.49,-17.59,-6.68,-8.3,1.5,13,2026-06-24 to 2026-10-08 (75 days),-1.0,49.7,0.2032,21.71,21.05,BULLISH,MEDIUM,Last surprise: -18.2%; Earnings conf adj: -1,7.0,-1.0,1.0,19,2026-10-28,-18.18,-1
2026-10-09T17:20:25,2026-10-09,SOLV,HOLD,0,Composite Multi-Indicator,HIGH,5,4.35,86.41,2.13,0.0,6.85,0.0,0.0,2026-11-06,3.29,6.94,100.0,103.97,39.52,-18.19,-2.0,28.0,1,2026-06-24 to 2026-10-08 (75 days),-1.0,40.6,0.1644,88.41,78.07,BULLISH,LOW,Strong trend (ADX=31); Last surprise: +33.5%; Earnings conf adj: +1,10.0,-1.0,1.0,27,2026-11-05,33.51,1
2026-10-09T17:19:26,2026-10-09,ED,HOLD,0,VWAP Trend,LOW,1,4.34,105.99,1.85,0.0,1.84,0.0,0.0,2026-10-11,-1.08,-1.44,33.3,0.78,-6.17,5.21,-4.42,2.4,9,2026-06-24 to 2026-10-08 (75 days),-1.0,54.9,0.1509,106.22,106.7,BEARISH,LOW,Last surprise: +7.8%; Earnings conf adj: +1,7.0,-1.0,1.0,27,2026-11-05,7.79,1
2026-10-09T17:20:24,2026-10-09,SLB,HOLD,0,MACD Crossover,HIGH,5,4.31,48.98,4.69,0.0,16.42,0.0,0.0,2026-12-11,1.88,4.07,100.0,178.88,74.45,53.94,-6.7,63.0,1,2026-06-24 to 2026-10-08 (75 days),-1.0,39.3,0.3336,52.67,50.3,BULLISH,MEDIUM,Strong trend (ADX=31); Last surprise: +5.8%; Earnings conf adj: +1,5.62,-1.0,1.0,14,2026-10-23,5.77,1
2026-10-09T17:20:03,2026-10-09,MS,HOLD,0,PEAD Earnings Drift,HIGH,4,4.3,187.44,3.39,0.0,7.59,0.0,0.0,2026-10-29,0.87,1.35,100.0,32.98,11.29,52.11,-5.52,20.0,1,2026-06-24 to 2026-10-08 (75 days),-1.0,28.0,0.2155,207.71,192.84,BULLISH,MEDIUM,RSI oversold; Strong trend (ADX=51); Earnings in 5d (2026-10-14); Last surprise: +18.1%; Earnings conf adj: +1,8.7,-1.0,1.0,5,2026-10-14,18.09,1
2026-10-09T17:20:46,2026-10-09,WY,HOLD,0,EMA Crossover (9/21),MEDIUM,3,4.23,19.17,4.22,0.0,6.33,0.0,0.0,2026-10-30,0.16,0.29,100.0,5.95,1.36,61.26,-8.63,21.0,1,2026-06-24 to 2026-10-08 (75 days),-1.0,31.1,0.2866,22.51,23.69,BEARISH,MEDIUM,High volume; Strong trend (ADX=76); Last surprise: +62.5%; Earnings conf adj: +1,6.54,-1.0,1.0,20,2026-10-29,62.5,1
2026-10-09T17:21:09,2026-10-09,SEIC,HOLD,0,Composite Multi-Indicator,HIGH,5,4.18,103.25,2.77,0.0,5.15,0.0,0.0,2026-10-29,3.53,29.81,100.0,71.26,23.41,-43.11,-0.6,20.0,1,2026-06-24 to 2026-10-08 (75 days),-1.0,44.1,0.1463,106.18,91.09,BULLISH,LOW,Strong trend (ADX=56); Last surprise: +15.3%; Earnings conf adj: +1,10.0,-1.0,1.0,12,2026-10-21,15.28,1
2026-10-09T17:22:18,2026-10-09,GPK,EXIT,-1,Momentum (Rate of Change),MEDIUM,3,4.18,8.58,6.03,9.1,9.04,7.8,7.92,2026-11-05,0.4,0.67,100.0,36.31,6.92,58.95,-9.34,27.0,1,2026-06-24 to 2026-10-08 (75 days),-1.0,29.1,0.3218,10.34,10.99,BEARISH,MEDIUM,RSI oversold; Strong trend (ADX=53); Last surprise: +16.7%; Earnings conf adj: +1; Size: Kelly 10.0% / VolTgt 5.8% / Blend 7.9%,5.83,-1.0,1.0,25,2026-11-03,16.67,1
2026-10-09T17:22:11,2026-10-09,TNL,HOLD,0,EMA Crossover (9/21),MEDIUM,3,4.11,62.61,4.02,0.0,6.03,0.0,0.0,2026-10-31,0.67,0.9,100.0,26.77,8.67,56.93,-6.44,22.0,1,2026-06-24 to 2026-10-08 (75 days),-1.0,39.2,0.2049,68.28,69.84,BEARISH,MEDIUM,Last surprise: -1.6%,9.15,-1.0,1.0,18,2026-10-27,-1.57,0
2026-10-09T17:22:16,2026-10-09,SMG,HOLD,0,PEAD Earnings Drift,MEDIUM,3,4.1,50.43,5.26,0.0,7.89,0.0,0.0,2026-11-12,0.29,0.5,100.0,13.42,4.27,67.77,-8.58,34.0,1,2026-06-24 to 2026-10-08 (75 days),-1.0,38.8,0.3327,57.38,61.13,BEARISH,MEDIUM,Strong trend (ADX=43); Last surprise: +11.9%; Earnings conf adj: +1,5.64,-1.0,1.0,26,2026-11-04,11.9,1
2026-10-09T17:20:06,2026-10-09,NEE,HOLD,0,PEAD Earnings Drift,MEDIUM,3,4.09,77.37,2.14,0.0,3.21,0.0,0.0,2026-11-06,0.86,1.45,100.0,22.83,7.25,40.09,-2.58,28.0,1,2026-06-24 to 2026-10-08 (75 days),-1.0,40.7,0.1761,81.84,86.28,BEARISH,LOW,Strong trend (ADX=50); Last surprise: +3.6%,10.0,-1.0,1.0,12,2026-10-21,3.6,0
2026-10-09T17:22:02,2026-10-09,FLG,HOLD,-1,VWAP Trend,LOW,0,3.99,11.35,2.85,11.67,1.72,11.15,0.0,2026-10-10,-0.76,-0.98,54.5,0.93,-5.82,56.09,-5.32,1.8,11,2026-06-24 to 2026-10-08 (75 days),-1.0,18.1,0.1633,13.13,13.58,BEARISH,LOW,RSI oversold; Strong trend (ADX=52); Last surprise: -28.6%; Earnings conf adj: -1,7.0,-1.0,1.0,14,2026-10-23,-28.57,-1
2026-10-09T17:19:24,2026-10-09,DRI,HOLD,0,MACD Crossover,HIGH,4,3.85,200.52,3.75,0.0,11.25,0.0,0.0,2026-11-07,1.2,1.88,100.0,56.16,19.61,36.53,-4.27,29.0,1,2026-06-24 to 2026-10-08 (75 days),-1.0,43.5,0.3206,211.51,202.53,BULLISH,MEDIUM,Last surprise: +0.0%,5.85,-1.0,1.0,70,2026-12-18,0.0,0
2026-10-09T17:21:35,2026-10-09,EAT,HOLD,0,Composite Multi-Indicator,HIGH,4,3.85,190.2,9.17,0.0,12.09,0.0,0.0,2026-10-21,1.73,3.59,100.0,67.85,23.76,-23.2,-5.13,12.0,1,2026-06-24 to 2026-10-08 (75 days),-1.0,38.8,0.4431,218.77,170.73,BULLISH,HIGH,Strong trend (ADX=39); Last surprise: -0.6%,4.23,-1.0,1.0,19,2026-10-28,-0.65,0
2026-10-09T17:20:56,2026-10-09,EWBC,HOLD,0,Multi-Factor Momentum MR,HIGH,4,3.72,126.25,2.34,0.0,3.59,0.0,0.0,2026-10-17,1.44,2.12,100.0,17.72,5.8,15.03,-1.46,8.0,1,2026-06-24 to 2026-10-08 (75 days),-1.0,46.9,0.161,129.3,121.0,BULLISH,LOW,Last surprise: +0.4%,10.0,-1.0,1.0,11,2026-10-20,0.38,0
2026-10-09T17:20:12,2026-10-09,PCAR,HOLD,0,Momentum (Rate of Change),HIGH,5,3.69,109.66,2.76,0.0,9.66,0.0,0.0,2026-11-25,1.18,2.35,100.0,87.89,23.57,42.71,-6.99,47.0,1,2026-06-24 to 2026-10-08 (75 days),-1.0,31.9,0.198,122.56,120.21,BULLISH,LOW,Strong trend (ADX=74); Last surprise: +5.1%; Earnings conf adj: +1,9.47,-1.0,1.0,18,2026-10-27,5.15,1
2026-10-09T17:20:35,2026-10-09,TSN,HOLD,0,PEAD Earnings Drift,MEDIUM,3,3.61,52.34,2.03,0.0,3.04,0.0,0.0,2026-11-12,0.9,1.53,100.0,40.22,13.98,40.4,-5.26,34.0,1,2026-06-24 to 2026-10-08 (75 days),-1.0,48.9,0.1559,54.38,59.0,BEARISH,LOW,Last surprise: +0.0%,10.0,-1.0,1.0,38,2026-11-16,0.0,0
2026-10-09T17:21:06,2026-10-09,CSL,HOLD,0,ADX Trend Following,HIGH,4,3.58,321.25,5.29,0.0,7.37,0.0,0.0,2026-10-18,0.63,1.32,66.7,2.94,14.09,56.21,-11.0,9.7,3,2026-06-24 to 2026-10-08 (75 days),-1.0,43.3,0.3006,347.01,350.21,BEARISH,MEDIUM,Strong trend (ADX=32); Last surprise: +10.7%; Earnings conf adj: +1,6.24,-1.0,1.0,19,2026-10-28,10.71,1
2026-10-09T17:22:08,2026-10-09,FHI,HOLD,0,Composite Multi-Indicator,HIGH,5,3.58,55.95,3.53,0.0,7.58,0.0,0.0,2026-11-01,1.08,1.73,100.0,23.14,7.72,8.27,-2.63,23.0,1,2026-06-24 to 2026-10-08 (75 days),-1.0,34.6,0.2008,60.7,56.63,BULLISH,MEDIUM,High volume; Strong trend (ADX=57); Last surprise: +16.0%; Earnings conf adj: +1,9.34,-1.0,1.0,20,2026-10-29,15.97,1
2026-10-09T17:19:29,2026-10-09,ESS,HOLD,0,PEAD Earnings Drift,MEDIUM,3,3.49,268.58,1.88,0.0,3.76,0.0,0.0,2026-11-11,1.22,2.04,100.0,39.45,13.3,22.77,-2.56,33.0,1,2026-06-24 to 2026-10-08 (75 days),-1.0,42.3,0.1267,276.65,263.75,BULLISH,LOW,Last surprise: -36.1%; Earnings conf adj: -1,10.0,-1.0,1.0,18,2026-10-27,-36.05,-1
2026-10-09T17:19:57,2026-10-09,LOW,BUY,1,MACD Crossover,MEDIUM,2,3.47,188.85,3.68,181.9,5.52,199.27,8.7,2026-11-04,0.14,0.21,100.0,5.03,1.03,41.66,-3.84,26.0,1,2026-06-24 to 2026-10-08 (75 days),0.361,45.5,0.2533,202.67,228.69,BEARISH,MEDIUM,Strong trend (ADX=39); Last surprise: +4.3%; Size: Kelly 10.0% / VolTgt 7.4% / Blend 8.7%,7.4,-1.0,1.0,40,2026-11-18,4.27,0
2026-10-09T17:20:14,2026-10-09,PHM,HOLD,0,Multi-Factor Momentum MR,MEDIUM,3,3.36,113.53,4.17,0.0,6.25,0.0,0.0,2026-10-29,0.35,0.5,100.0,12.98,4.13,49.26,-6.14,20.0,1,2026-06-24 to 2026-10-08 (75 days),-1.0,38.6,0.2626,123.4,124.03,BEARISH,MEDIUM,Last surprise: +5.1%; Earnings conf adj: +1,7.14,-1.0,1.0,13,2026-10-22,5.08,1
2026-10-09T17:21:45,2026-10-09,CHE,HOLD,0,Momentum (Rate of Change),HIGH,5,3.31,498.25,2.8,0.0,8.4,0.0,0.0,2026-12-22,2.1,3.22,100.0,122.39,47.61,2.56,-6.81,74.0,1,2026-06-24 to 2026-10-08 (75 days),-1.0,40.1,0.1739,522.07,455.71,BULLISH,LOW,Last surprise: +8.2%; Earnings conf adj: +1,10.0,-1.0,1.0,18,2026-10-27,8.21,1
2026-10-09T17:20:39,2026-10-09,UPS,BUY,1,MACD Crossover,MEDIUM,2,3.29,94.13,3.18,91.14,4.77,98.62,6.65,2026-10-21,-0.57,-0.8,66.7,0.63,-9.23,20.66,-10.25,12.0,3,2026-06-24 to 2026-10-08 (75 days),0.655,40.9,0.294,100.24,102.36,BEARISH,MEDIUM,Strong trend (ADX=58); Last surprise: +6.0%; Earnings conf adj: +1; Size: Kelly 6.9% / VolTgt 6.4% / Blend 6.7%,6.38,-1.0,1.0,18,2026-10-27,6.02,1
2026-10-09T17:19:19,2026-10-09,CVNA,HOLD,0,Multi-Factor Momentum MR,LOW,1,3.27,63.2,9.55,0.0,11.16,0.0,0.0,2026-10-10,0.0,0.0,0.0,0.0,0.0,21.71,0.0,0.0,0,2026-06-24 to 2026-10-08 (75 days),-1.0,42.4,0.4481,68.68,71.4,BEARISH,HIGH,Strong trend (ADX=33); Last surprise: +10.5%; Earnings conf adj: +1,4.18,-1.0,1.0,19,2026-10-28,10.53,1
2026-10-09T17:19:40,2026-10-09,GPN,HOLD,0,ADX Trend Following,HIGH,4,3.18,82.77,4.38,0.0,12.35,0.0,0.0,2026-11-05,1.95,3.32,66.7,12.9,83.2,-23.35,-8.24,27.3,3,2026-06-24 to 2026-10-08 (75 days),-1.0,45.0,0.3002,87.62,76.07,BULLISH,MEDIUM,Strong trend (ADX=36); Last surprise: +0.6%,6.24,-1.0,1.0,25,2026-11-03,0.58,0
2026-10-09T17:19:07,2026-10-09,BSX,HOLD,0,EMA Crossover (9/21),MEDIUM,3,3.09,42.04,3.9,0.0,5.85,0.0,0.0,2026-11-10,0.86,1.21,100.0,49.0,17.29,34.64,-10.27,32.0,1,2026-06-24 to 2026-10-08 (75 days),-1.0,35.7,0.2576,46.6,60.68,BEARISH,MEDIUM,Strong trend (ADX=35); Last surprise: +3.6%,7.28,-1.0,1.0,19,2026-10-28,3.61,0
2026-10-09T17:18:55,2026-10-09,AKAM,HOLD,0,MACD Crossover,LOW,0,3.06,100.9,12.0,0.0,18.0,0.0,0.0,2026-10-28,-1.74,-2.45,33.3,0.07,-55.62,-11.86,-24.36,19.0,3,2026-06-24 to 2026-10-08 (75 days),-1.0,38.3,0.6049,111.36,112.02,BEARISH,HIGH,Last surprise: +0.6%,3.1,-1.0,1.0,27,2026-11-05,0.63,0
2026-10-09T17:20:31,2026-10-09,TGT,HOLD,0,Composite Multi-Indicator,HIGH,5,3.01,154.76,3.48,0.0,10.44,0.0,0.0,2027-01-16,2.33,3.93,100.0,195.93,83.2,42.94,-11.17,99.0,1,2026-06-24 to 2026-10-08 (75 days),-1.0,47.5,0.2455,156.39,128.47,BULLISH,MEDIUM,Last surprise: +75.6%; Earnings conf adj: +1,7.64,-1.0,1.0,40,2026-11-18,75.64,1
2026-10-09T17:21:10,2026-10-09,TRU,HOLD,0,EMA Crossover (9/21),MEDIUM,3,2.95,64.59,6.47,0.0,16.18,0.0,0.0,2026-12-19,0.49,0.81,100.0,33.85,11.61,27.25,-10.27,71.0,1,2026-06-24 to 2026-10-08 (75 days),-1.0,35.4,0.381,76.37,74.81,BULLISH,MEDIUM,Strong trend (ADX=53); Last surprise: +7.0%; Earnings conf adj: +1,4.92,-1.0,1.0,18,2026-10-27,6.96,1
2026-10-09T17:19:14,2026-10-09,CMS,HOLD,0,VWAP Trend,LOW,0,2.85,65.34,1.8,0.0,2.7,0.0,0.0,2026-10-15,-4.21,-4.42,40.0,0.16,-39.53,0.37,-15.27,6.0,10,2026-06-24 to 2026-10-08 (75 days),-1.0,48.4,0.1414,67.59,71.9,BEARISH,LOW,Strong trend (ADX=33); Last surprise: +2.8%,7.0,-1.0,1.0,18,2026-10-27,2.78,0
2026-10-09T17:20:17,2026-10-09,PSKY,HOLD,0,EMA Crossover (9/21),HIGH,4,2.79,9.28,12.0,0.0,18.0,0.0,0.0,2026-11-21,1.09,1.51,100.0,75.53,27.68,41.83,-11.04,43.0,1,2026-06-24 to 2026-10-08 (75 days),-1.0,42.0,0.6056,9.98,10.39,BEARISH,HIGH,High volume; Strong trend (ADX=31); Last surprise: +0.0%,3.1,-1.0,1.0,31,2026-11-09,0.0,0
2026-10-09T17:21:20,2026-10-09,SCI,HOLD,0,EMA Crossover (9/21),HIGH,4,2.74,76.77,2.14,0.0,6.42,0.0,0.0,2026-12-12,1.32,2.24,100.0,66.54,24.08,9.23,-6.01,64.0,1,2026-06-24 to 2026-10-08 (75 days),-1.0,40.4,0.19,81.04,79.21,BULLISH,LOW,Last surprise: +1.1%,9.87,-1.0,1.0,19,2026-10-28,1.12,0
2026-10-09T17:20:05,2026-10-09,MTB,HOLD,1,VWAP Trend,LOW,1,2.71,217.56,2.0,213.21,1.95,221.8,0.0,2026-10-10,-1.48,-1.79,40.0,0.7,-9.01,10.37,-3.43,1.9,10,2026-06-24 to 2026-10-08 (75 days),-1.0,32.2,0.18,235.32,221.78,BULLISH,LOW,Strong trend (ADX=52); Last surprise: +14.2%; Earnings conf adj: +1,7.0,-1.0,1.0,7,2026-10-16,14.16,1
2026-10-09T17:21:07,2026-10-09,PAG,HOLD,0,ADX Trend Following,HIGH,5,2.66,198.05,2.4,0.0,8.4,0.0,0.0,2026-12-23,1.28,2.97,100.0,85.37,31.25,-1.52,-5.64,75.0,1,2026-06-24 to 2026-10-08 (75 days),-1.0,34.1,0.1819,213.26,177.26,BULLISH,LOW,Strong trend (ADX=64); Last surprise: +6.8%; Earnings conf adj: +1,10.0,-1.0,1.0,19,2026-10-28,6.78,1
2026-10-09T17:19:37,2026-10-09,GEN,HOLD,0,Momentum (Rate of Change),HIGH,4,2.6,22.75,12.0,0.0,42.0,0.0,0.0,2026-12-25,1.13,1.69,100.0,99.7,31.74,41.63,-8.49,77.0,1,2026-06-24 to 2026-10-08 (75 days),-1.0,35.2,0.635,27.61,24.33,BULLISH,HIGH,Strong trend (ADX=53); Last surprise: +2.9%,2.95,-1.0,1.0,19,2026-10-28,2.9,0
2026-10-09T17:19:40,2026-10-09,GWW,HOLD,0,Composite Multi-Indicator,HIGH,4,2.58,1268.67,2.32,0.0,5.39,0.0,0.0,2026-10-24,0.52,0.78,100.0,12.14,3.48,20.47,-1.68,15.0,1,2026-06-24 to 2026-10-08 (75 days),-1.0,46.9,0.1769,1293.27,1208.4,BULLISH,LOW,Last surprise: +6.3%; Earnings conf adj: +1,10.0,-1.0,1.0,26,2026-11-04,6.28,1
2026-10-09T17:21:37,2026-10-09,ATR,HOLD,0,Momentum (Rate of Change),HIGH,4,2.5,121.81,2.2,0.0,7.7,0.0,0.0,2026-12-02,0.78,1.43,100.0,44.6,12.12,17.6,-5.03,54.0,1,2026-06-24 to 2026-10-08 (75 days),-1.0,40.4,0.1405,128.61,126.11,BULLISH,LOW,Strong trend (ADX=44); Last surprise: +5.2%; Earnings conf adj: +1,10.0,-1.0,1.0,20,2026-10-29,5.19,1
2026-10-09T17:21:28,2026-10-09,R,HOLD,0,VWAP Trend,LOW,0,2.41,235.18,2.81,0.0,1.47,0.0,0.0,2026-10-10,-0.36,-0.59,44.4,1.05,-2.53,26.37,-2.75,1.2,9,2026-06-24 to 2026-10-08 (75 days),-1.0,43.9,0.1709,246.36,231.3,BULLISH,LOW,Strong trend (ADX=43); Last surprise: +1.1%,7.0,-1.0,1.0,13,2026-10-22,1.08,0
2026-10-09T17:21:57,2026-10-09,GXO,HOLD,0,VWAP Trend,LOW,1,2.4,46.36,4.24,0.0,6.04,0.0,0.0,2026-10-19,-0.0,-0.01,57.1,1.01,-4.8,17.79,-15.76,10.3,7,2026-06-24 to 2026-10-08 (75 days),-1.0,51.1,0.2392,46.87,52.33,BEARISH,MEDIUM,Last surprise: +1.7%,7.0,-1.0,1.0,25,2026-11-03,1.72,0
2026-10-09T17:21:35,2026-10-09,FR,EXIT,-1,Momentum (Rate of Change),HIGH,4,2.39,59.3,2.2,60.6,6.3,55.56,10.0,2026-11-03,0.88,1.78,100.0,43.42,9.8,25.71,-5.81,25.0,1,2026-06-24 to 2026-10-08 (75 days),-1.0,40.6,0.16,61.61,60.47,BULLISH,LOW,Strong trend (ADX=44); Last surprise: +34.9%; Earnings conf adj: +1; Size: Kelly 10.0% / VolTgt 10.0% / Blend 10.0%,10.0,-1.0,1.0,12,2026-10-21,34.88,1
2026-10-09T17:22:01,2026-10-09,NXST,HOLD,0,EMA Crossover (9/21),MEDIUM,2,2.35,162.11,5.01,0.0,7.51,0.0,0.0,2026-11-30,0.56,0.86,100.0,30.91,10.54,18.89,-7.76,52.0,1,2026-06-24 to 2026-10-08 (75 days),-1.0,44.8,0.3353,175.15,192.78,BEARISH,MEDIUM,Strong trend (ADX=44); Last surprise: -33.3%; Earnings conf adj: -1,5.59,-1.0,1.0,27,2026-11-05,-33.33,-1
2026-10-09T17:22:25,2026-10-09,XLF,HOLD,0,Momentum (Rate of Change),HIGH,4,2.35,54.23,1.54,0.0,5.39,0.0,0.0,2026-12-25,1.43,2.26,100.0,62.99,16.56,12.04,-4.43,77.0,1,2026-06-24 to 2026-10-08 (75 days),-1.0,40.2,0.123,56.43,53.33,BULLISH,LOW,Strong trend (ADX=46),10.0,-1.0,1.0,-1,,,0
2026-10-09T17:21:04,2026-10-09,CACI,HOLD,0,Stochastic Oscillator,HIGH,5,2.32,599.4,4.77,0.0,7.15,0.0,0.0,2026-10-22,2.22,10.46,100.0,112.97,39.58,-103.05,-3.15,13.0,1,2026-06-24 to 2026-10-08 (75 days),-1.0,45.3,0.304,617.6,563.25,BULLISH,MEDIUM,Last surprise: +23.2%; Earnings conf adj: +1,6.17,-1.0,1.0,12,2026-10-21,23.24,1
2026-10-09T17:19:13,2026-10-09,CLX,HOLD,0,Momentum (Rate of Change),MEDIUM,2,2.17,83.44,4.2,0.0,6.3,0.0,0.0,2026-12-03,0.2,0.32,100.0,22.1,2.0,36.02,-13.38,55.0,1,2026-06-24 to 2026-10-08 (75 days),-1.0,41.5,0.3243,94.18,99.4,BEARISH,MEDIUM,Strong trend (ADX=39); Last surprise: +0.6%,5.78,-1.0,1.0,25,2026-11-03,0.61,0
2026-10-09T17:21:33,2026-10-09,OSK,HOLD,0,Multi-Factor Momentum MR,MEDIUM,3,2.13,127.35,5.4,0.0,7.07,0.0,0.0,2026-10-19,0.39,0.56,100.0,17.1,5.58,37.91,-6.71,10.0,1,2026-06-24 to 2026-10-08 (75 days),-1.0,31.4,0.284,146.17,146.06,BULLISH,MEDIUM,Strong trend (ADX=57); Last surprise: +10.0%; Earnings conf adj: +1,6.6,-1.0,1.0,19,2026-10-28,9.96,1
2026-10-09T17:21:24,2026-10-09,RYAN,HOLD,0,Momentum (Rate of Change),HIGH,5,2.11,37.79,7.66,0.0,20.93,0.0,0.0,2026-11-22,1.12,1.94,100.0,97.94,34.19,6.49,-8.99,44.0,1,2026-06-24 to 2026-10-08 (75 days),-1.0,43.3,0.4008,40.96,39.57,BULLISH,HIGH,Last surprise: +23.3%; Earnings conf adj: +1,4.68,-1.0,1.0,20,2026-10-29,23.33,1
2026-10-09T17:21:09,2026-10-09,PEN,HOLD,0,EMA Crossover (9/21),MEDIUM,2,2.08,317.52,1.5,0.0,1.95,0.0,0.0,2026-11-12,0.7,0.96,100.0,8.72,2.65,1.4,-1.89,34.0,1,2026-06-24 to 2026-10-08 (75 days),-1.0,42.2,0.0425,321.41,326.93,BEARISH,LOW,Strong trend (ADX=34); Last surprise: -14.4%; Earnings conf adj: -1,10.0,-1.0,1.0,26,2026-11-04,-14.41,-1
2026-10-09T17:21:34,2026-10-09,ADC,HOLD,0,Momentum (Rate of Change),MEDIUM,2,2.08,65.82,1.82,0.0,2.73,0.0,0.0,2026-11-10,-0.12,-0.22,100.0,17.3,-1.98,31.64,-5.95,32.0,1,2026-06-24 to 2026-10-08 (75 days),-1.0,31.8,0.1494,71.18,73.62,BEARISH,LOW,Strong trend (ADX=78); Last surprise: +0.0%,10.0,-1.0,1.0,11,2026-10-20,0.0,0
2026-10-09T17:20:08,2026-10-09,NSC,HOLD,0,EMA Crossover (9/21),HIGH,5,2.02,316.99,1.9,0.0,6.65,0.0,0.0,2026-12-14,1.02,1.72,100.0,50.41,17.81,0.7,-7.13,66.0,1,2026-06-24 to 2026-10-08 (75 days),-1.0,46.4,0.1618,328.97,310.13,BULLISH,LOW,Strong trend (ADX=38); Last surprise: +6.0%; Earnings conf adj: +1,10.0,-1.0,1.0,13,2026-10-22,6.02,1
2026-10-09T17:21:14,2026-10-09,AA,HOLD,0,VWAP Trend,HIGH,4,1.94,42.83,4.49,0.0,5.67,0.0,0.0,2026-10-15,1.62,2.83,57.1,3.47,51.44,100.46,-8.37,6.0,7,2026-06-24 to 2026-10-08 (75 days),-1.0,38.6,0.2939,47.5,57.73,BEARISH,MEDIUM,Last surprise: -3.2%,6.38,-1.0,1.0,6,2026-10-15,-3.2,0
2026-10-09T17:21:25,2026-10-09,FLS,HOLD,0,EMA Crossover (9/21),MEDIUM,3,1.93,69.65,5.01,0.0,10.02,0.0,0.0,2026-11-17,0.3,0.46,100.0,12.03,3.45,16.24,-7.44,39.0,1,2026-06-24 to 2026-10-08 (75 days),-1.0,34.1,0.298,76.47,75.97,BULLISH,MEDIUM,Price at statistical extreme; Last surprise: +10.5%; Earnings conf adj: +1,6.29,-1.0,1.0,18,2026-10-27,10.47,1
2026-10-09T17:21:30,2026-10-09,CYTK,EXIT,-1,52-Week High Momentum,MEDIUM,3,1.91,62.01,5.36,65.33,10.98,55.2,8.43,2026-11-04,-0.88,-1.48,100.0,2.84,-14.84,45.23,-11.58,26.0,1,2026-06-24 to 2026-10-08 (75 days),-1.0,28.9,0.2736,72.18,70.15,BULLISH,MEDIUM,RSI oversold; Strong trend (ADX=50); Last surprise: +6.3%; Earnings conf adj: +1; Size: Kelly 10.0% / VolTgt 6.8% / Blend 8.4%,6.85,-1.0,1.0,26,2026-11-04,6.25,1
2026-10-09T17:21:25,2026-10-09,CFR,HOLD,0,Momentum (Rate of Change),HIGH,4,1.89,152.36,2.52,0.0,8.82,0.0,0.0,2026-12-11,0.94,1.5,100.0,50.4,12.31,6.7,-6.52,63.0,1,2026-06-24 to 2026-10-08 (75 days),-1.0,37.9,0.1565,160.93,145.41,BULLISH,LOW,Strong trend (ADX=54); Last surprise: +5.1%; Earnings conf adj: +1,10.0,-1.0,1.0,20,2026-10-29,5.06,1
2026-10-09T17:21:51,2026-10-09,HLNE,HOLD,0,EMA Crossover (9/21),HIGH,5,1.84,85.66,5.67,0.0,8.5,0.0,0.0,2026-12-06,1.33,2.37,100.0,117.78,45.56,-24.56,-11.97,58.0,1,2026-06-24 to 2026-10-08 (75 days),-1.0,36.8,0.2435,95.92,100.89,BEARISH,MEDIUM,Strong trend (ADX=32); Last surprise: +22.0%; Earnings conf adj: +1,7.7,-1.0,1.0,25,2026-11-03,22.01,1
2026-10-09T17:20:23,2026-10-09,SBUX,HOLD,0,ADX Trend Following,MEDIUM,2,1.83,93.21,2.96,0.0,2.46,0.0,0.0,2026-10-12,-0.06,-0.07,100.0,1.02,-0.33,28.36,-1.9,3.0,1,2026-06-24 to 2026-10-08 (75 days),-1.0,34.4,0.1804,101.43,98.07,BULLISH,LOW,High volume; Strong trend (ADX=42); Last surprise: +30.8%; Earnings conf adj: +1,10.0,-1.0,1.0,20,2026-10-29,30.77,1
2026-10-09T17:19:38,2026-10-09,GIS,HOLD,0,SMA Crossover (10/50),MEDIUM,2,1.82,32.59,4.78,0.0,7.17,0.0,0.0,2026-12-31,0.5,0.78,100.0,34.67,11.91,27.12,-13.72,83.0,1,2026-06-24 to 2026-10-08 (75 days),-1.0,35.9,0.2973,36.79,37.73,BEARISH,MEDIUM,Strong trend (ADX=66); Last surprise: +4.2%,6.31,-1.0,1.0,75,2026-12-23,4.17,0
2026-10-09T17:21:23,2026-10-09,KRYS,HOLD,0,MACD Crossover,LOW,0,1.81,327.3,5.32,0.0,7.98,0.0,0.0,2026-10-22,-1.19,-1.4,50.0,0.11,-24.34,-5.79,-10.42,13.0,2,2026-06-24 to 2026-10-08 (75 days),-1.0,42.9,0.3137,340.41,303.2,BULLISH,MEDIUM,Last surprise: -6.3%; Earnings conf adj: -1,5.98,-1.0,1.0,24,2026-11-02,-6.28,-1
2026-10-09T17:21:52,2026-10-09,HOMB,HOLD,0,Momentum (Rate of Change),MEDIUM,3,1.81,28.48,2.13,0.0,5.32,0.0,0.0,2026-12-11,0.74,1.36,100.0,40.16,10.13,10.57,-6.51,63.0,1,2026-06-24 to 2026-10-08 (75 days),-1.0,39.5,0.1478,29.85,28.14,BULLISH,LOW,Strong trend (ADX=45); Earnings in 5d (2026-10-14); Last surprise: +4.9%,10.0,-1.0,1.0,5,2026-10-14,4.92,0
2026-10-09T17:21:38,2026-10-09,KNSL,HOLD,0,EMA Crossover (9/21),HIGH,5,1.79,339.65,4.3,0.0,12.9,0.0,0.0,2026-12-21,1.1,1.62,100.0,92.12,34.5,-1.71,-9.93,73.0,1,2026-06-24 to 2026-10-08 (75 days),-1.0,45.5,0.2897,361.51,353.67,BULLISH,MEDIUM,Last surprise: +8.4%; Earnings conf adj: +1,6.47,-1.0,1.0,13,2026-10-22,8.41,1
2026-10-09T17:19:02,2026-10-09,AVY,HOLD,0,Composite Multi-Indicator,HIGH,4,1.78,167.62,2.69,0.0,8.07,0.0,0.0,2027-01-08,0.93,1.55,100.0,58.87,21.07,9.24,-8.58,91.0,1,2026-06-24 to 2026-10-08 (75 days),-1.0,42.0,0.1579,173.59,170.77,BULLISH,LOW,Last surprise: +17.0%; Earnings conf adj: +1,10.0,-1.0,1.0,20,2026-10-29,17.0,1
2026-10-09T17:21:43,2026-10-09,AXTA,HOLD,0,EMA Crossover (9/21),MEDIUM,3,1.78,32.81,3.88,0.0,7.76,0.0,0.0,2026-11-19,0.41,0.61,100.0,19.1,5.92,22.96,-8.14,41.0,1,2026-06-24 to 2026-10-08 (75 days),-1.0,45.3,0.2472,34.92,32.19,BULLISH,MEDIUM,Last surprise: +10.8%; Earnings conf adj: +1,7.59,-1.0,1.0,20,2026-10-29,10.77,1
2026-10-09T17:19:14,2026-10-09,COF,HOLD,0,Momentum (Rate of Change),HIGH,4,1.77,199.4,2.59,0.0,9.06,0.0,0.0,2026-12-15,0.65,0.95,100.0,49.6,12.79,13.43,-7.05,67.0,1,2026-06-24 to 2026-10-08 (75 days),-1.0,45.4,0.1945,210.01,203.55,BULLISH,LOW,Strong trend (ADX=32); Last surprise: +23.9%; Earnings conf adj: +1,9.64,-1.0,1.0,11,2026-10-20,23.88,1
2026-10-09T17:20:19,2026-10-09,REG,EXIT,-1,Momentum (Rate of Change),MEDIUM,2,1.74,71.48,1.58,72.61,2.37,69.79,10.0,2026-11-03,-0.51,-0.82,100.0,4.64,-4.46,24.62,-4.62,25.0,1,2026-06-24 to 2026-10-08 (75 days),-1.0,34.5,0.0954,74.65,75.09,BEARISH,LOW,Strong trend (ADX=46); Last surprise: +3.4%; Size: Kelly 10.0% / VolTgt 10.0% / Blend 10.0%,10.0,-1.0,1.0,27,2026-11-05,3.39,0
2026-10-09T17:21:23,2026-10-09,UMBF,EXIT,-1,Momentum (Rate of Change),MEDIUM,3,1.74,130.39,2.61,133.79,6.52,121.89,10.0,2026-12-11,-0.07,-0.1,100.0,6.88,-2.41,20.92,-6.25,63.0,1,2026-06-24 to 2026-10-08 (75 days),-1.0,37.2,0.1688,140.26,129.46,BULLISH,LOW,Strong trend (ADX=48); Last surprise: +14.4%; Earnings conf adj: +1; Size: Kelly 10.0% / VolTgt 10.0% / Blend 10.0%,10.0,-1.0,1.0,18,2026-10-27,14.42,1
2026-10-09T17:20:15,2026-10-09,PLD,HOLD,0,Stochastic Oscillator,HIGH,4,1.72,129.29,1.93,0.0,2.9,0.0,0.0,2026-10-30,0.86,1.5,66.7,2.03,11.78,35.07,-6.31,21.0,3,2026-06-24 to 2026-10-08 (75 days),-1.0,37.6,0.1475,136.48,136.05,BULLISH,LOW,Strong trend (ADX=51); Last surprise: +48.0%; Earnings conf adj: +1,10.0,-1.0,1.0,6,2026-10-15,48.0,1
2026-10-09T17:20:47,2026-10-09,ZBH,HOLD,0,Composite Multi-Indicator,MEDIUM,3,1.65,88.88,3.91,0.0,9.78,0.0,0.0,2027-01-16,0.78,1.2,100.0,57.74,20.63,25.1,-12.91,99.0,1,2026-06-24 to 2026-10-08 (75 days),-1.0,40.4,0.3043,95.51,90.85,BULLISH,MEDIUM,Strong trend (ADX=35); Last surprise: +3.0%,6.16,-1.0,1.0,26,2026-11-04,2.99,0
2026-10-09T17:19:50,2026-10-09,JBL,HOLD,0,VWAP Trend,MEDIUM,2,1.64,299.16,9.22,0.0,6.81,0.0,0.0,2026-10-11,0.09,0.11,60.0,1.1,-0.6,51.67,-10.12,2.6,5,2026-06-24 to 2026-10-08 (75 days),-1.0,45.3,0.5362,316.73,303.24,BULLISH,HIGH,Last surprise: +7.8%; Earnings conf adj: +1,3.5,-1.0,1.0,68,2026-12-16,7.84,1
2026-10-09T17:21:00,2026-10-09,LAMR,HOLD,0,ADX Trend Following,MEDIUM,3,1.61,145.7,2.16,0.0,3.29,0.0,0.0,2026-10-20,0.53,0.68,66.7,2.04,5.58,19.01,-4.36,11.0,3,2026-06-24 to 2026-10-08 (75 days),-1.0,48.6,0.1259,149.13,140.03,BULLISH,LOW,Last surprise: -1.3%,10.0,-1.0,1.0,27,2026-11-05,-1.27,0
2026-10-09T17:21:02,2026-10-09,PNFP,HOLD,0,Multi-Factor Momentum MR,MEDIUM,2,1.61,94.67,3.74,0.0,4.99,0.0,0.0,2026-10-17,0.26,0.39,100.0,6.4,1.85,8.37,-3.04,8.0,1,2026-06-24 to 2026-10-08 (75 days),-1.0,42.9,0.2241,100.18,96.11,BULLISH,MEDIUM,Strong trend (ADX=33); Last surprise: +1.6%,8.37,-1.0,1.0,12,2026-10-21,1.63,0
2026-10-09T17:21:27,2026-10-09,OGE,HOLD,0,VWAP Trend,MEDIUM,2,1.59,46.11,2.02,0.0,1.5,0.0,0.0,2026-10-10,0.52,0.97,50.0,1.65,3.48,14.55,-2.68,1.6,10,2026-06-24 to 2026-10-08 (75 days),-1.0,57.6,0.1503,45.8,45.88,BEARISH,LOW,Last surprise: +1.8%,10.0,-1.0,1.0,19,2026-10-28,1.82,0
2026-10-09T17:19:07,2026-10-09,BRO,HOLD,0,SMA Crossover (10/50),MEDIUM,3,1.56,63.75,3.83,0.0,9.57,0.0,0.0,2026-12-28,0.86,1.35,100.0,65.46,23.67,11.63,-11.39,80.0,1,2026-06-24 to 2026-10-08 (75 days),-1.0,48.7,0.2873,67.84,67.3,BULLISH,MEDIUM,High volume; Strong trend (ADX=43); Last surprise: +0.0%,6.53,-1.0,1.0,17,2026-10-26,0.0,0
2026-10-09T17:20:26,2026-10-09,SPGI,HOLD,0,VWAP Trend,MEDIUM,3,1.54,402.73,2.47,0.0,3.71,0.0,0.0,2026-10-18,1.68,3.08,42.9,2.37,55.56,33.46,-8.97,9.6,7,2026-06-24 to 2026-10-08 (75 days),-1.0,48.1,0.1787,414.29,420.86,BEARISH,LOW,Strong trend (ADX=31); Last surprise: -3.0%,10.0,-1.0,1.0,18,2026-10-27,-2.99,0
2026-10-09T17:21:50,2026-10-09,SFM,HOLD,0,ADX Trend Following,MEDIUM,3,1.54,66.01,5.4,0.0,6.31,0.0,0.0,2026-10-14,1.68,7.73,50.0,100.06,36.0,94.38,-3.21,5.0,2,2026-06-24 to 2026-10-08 (75 days),-1.0,39.4,0.3581,76.4,77.58,BEARISH,MEDIUM,Strong trend (ADX=42); Last surprise: +2.2%,5.24,-1.0,1.0,19,2026-10-28,2.24,0
2026-10-09T17:20:29,2026-10-09,SYK,HOLD,0,Momentum (Rate of Change),MEDIUM,3,1.51,276.97,3.57,0.0,5.35,0.0,0.0,2026-12-05,-0.02,-0.03,100.0,1.88,-5.02,28.22,-7.73,57.0,1,2026-06-24 to 2026-10-08 (75 days),-1.0,42.8,0.2435,305.37,326.78,BEARISH,MEDIUM,Last surprise: +5.7%; Earnings conf adj: +1,7.7,-1.0,1.0,20,2026-10-29,5.73,1
2026-10-09T17:19:50,2026-10-09,JKHY,HOLD,0,Momentum (Rate of Change),HIGH,5,1.41,149.05,3.55,0.0,12.42,0.0,0.0,2026-12-21,2.11,3.55,100.0,183.87,70.48,0.72,-8.39,73.0,1,2026-06-24 to 2026-10-08 (75 days),-1.0,46.2,0.3251,156.32,155.81,BULLISH,MEDIUM,Strong trend (ADX=42); Last surprise: +6.3%; Earnings conf adj: +1,5.77,-1.0,1.0,25,2026-11-03,6.25,1
2026-10-09T17:21:22,2026-10-09,ENSG,HOLD,0,Momentum (Rate of Change),MEDIUM,3,1.34,171.49,3.2,0.0,4.8,0.0,0.0,2026-12-12,0.71,1.14,100.0,43.11,12.72,-3.85,-6.62,64.0,1,2026-06-24 to 2026-10-08 (75 days),-1.0,45.6,0.2045,176.03,181.52,BEARISH,MEDIUM,Last surprise: +3.8%,9.17,-1.0,1.0,25,2026-11-03,3.78,0
2026-10-09T17:18:52,2026-10-09,ACGL,HOLD,0,ADX Trend Following,MEDIUM,3,1.29,96.08,2.24,0.0,4.48,0.0,0.0,2026-11-10,0.52,0.8,100.0,24.19,7.37,3.15,-5.78,32.0,1,2026-06-24 to 2026-10-08 (75 days),-1.0,51.2,0.1817,97.43,96.35,BULLISH,LOW,Last surprise: +4.1%,10.0,-1.0,1.0,18,2026-10-27,4.07,0
2026-10-09T17:22:08,2026-10-09,EPR,EXIT,-1,Momentum (Rate of Change),MEDIUM,3,1.29,54.41,2.2,55.61,5.5,51.42,10.0,2026-11-14,0.07,0.11,100.0,13.54,0.14,18.4,-7.81,36.0,1,2026-06-24 to 2026-10-08 (75 days),-1.0,31.9,0.1811,58.63,55.58,BULLISH,LOW,Strong trend (ADX=34); Last surprise: +5.3%; Earnings conf adj: +1; Size: Kelly 10.0% / VolTgt 10.0% / Blend 10.0%,10.0,-1.0,1.0,19,2026-10-28,5.26,1
2026-10-09T17:20:04,2026-10-09,MSI,HOLD,0,Momentum (Rate of Change),HIGH,5,1.26,447.12,2.02,0.0,6.06,0.0,0.0,2026-12-14,1.45,3.12,100.0,96.08,35.71,-10.95,-6.38,66.0,1,2026-06-24 to 2026-10-08 (75 days),-1.0,41.3,0.1602,462.25,430.49,BULLISH,LOW,Last surprise: +14.5%; Earnings conf adj: +1,10.0,-1.0,1.0,27,2026-11-05,14.55,1
2026-10-09T17:22:01,2026-10-09,SBRA,HOLD,0,MACD Crossover,LOW,0,1.25,18.84,2.24,0.0,3.39,0.0,0.0,2026-10-17,-0.57,-0.94,50.0,0.58,-3.63,-4.25,-2.15,8.5,2,2026-06-24 to 2026-10-08 (75 days),-1.0,27.9,0.1478,20.21,19.53,BULLISH,LOW,RSI oversold; Strong trend (ADX=55); Last surprise: -11.8%; Earnings conf adj: -1,7.0,-1.0,1.0,26,2026-11-04,-11.76,-1
2026-10-09T17:19:37,2026-10-09,GEHC,HOLD,0,ADX Trend Following,LOW,1,1.22,64.22,2.72,0.0,4.08,0.0,0.0,2026-10-25,-2.14,-2.78,33.3,0.22,-30.27,-27.03,-14.73,16.7,3,2026-06-24 to 2026-10-08 (75 days),-1.0,39.6,0.1857,68.75,70.88,BEARISH,LOW,Last surprise: +8.7%; Earnings conf adj: +1,7.0,-1.0,1.0,19,2026-10-28,8.65,1
2026-10-09T17:19:43,2026-10-09,HSIC,HOLD,-1,ADX Trend Following,LOW,0,1.2,84.63,3.79,87.84,5.69,79.81,0.0,2026-10-23,-0.11,-0.16,33.3,1.06,-1.52,-9.16,-5.1,14.3,3,2026-06-24 to 2026-10-08 (75 days),-1.0,43.9,0.2097,87.63,80.41,BULLISH,MEDIUM,High volume; Last surprise: +2.4%,7.0,-1.0,1.0,25,2026-11-03,2.42,0
2026-10-09T17:21:44,2026-10-09,NOV,HOLD,0,EMA Crossover (9/21),HIGH,4,1.2,18.99,4.73,0.0,16.55,0.0,0.0,2026-12-11,0.57,0.85,100.0,34.06,11.69,-2.32,-8.52,63.0,1,2026-06-24 to 2026-10-08 (75 days),-1.0,40.6,0.2854,20.23,19.26,BULLISH,MEDIUM,Strong trend (ADX=35); Last surprise: +93.8%; Earnings conf adj: +1,6.57,-1.0,1.0,18,2026-10-27,93.75,1
2026-10-09T17:21:37,2026-10-09,IDA,HOLD,0,MACD Crossover,LOW,0,1.16,134.08,2.18,0.0,3.26,0.0,0.0,2026-10-16,-1.03,-1.42,50.0,0.58,-4.9,20.92,-3.1,7.0,2,2026-06-24 to 2026-10-08 (75 days),-1.0,52.7,0.1565,136.24,138.77,BEARISH,LOW,Last surprise: +0.6%,7.0,-1.0,1.0,20,2026-10-29,0.56,0
2026-10-09T17:21:54,2026-10-09,DLB,HOLD,0,EMA Crossover (9/21),HIGH,4,1.14,58.45,3.73,0.0,11.19,0.0,0.0,2026-11-27,1.32,2.91,100.0,115.36,44.48,-1.21,-13.17,49.0,1,2026-06-24 to 2026-10-08 (75 days),-1.0,45.3,0.2693,60.63,59.04,BULLISH,MEDIUM,Last surprise: +3.0%,6.96,-1.0,1.0,39,2026-11-17,2.99,0
2026-10-09T17:22:12,2026-10-09,THO,HOLD,-1,VWAP Trend,LOW,0,1.08,66.11,5.56,69.79,8.34,60.6,0.0,2026-10-19,-1.08,-1.49,50.0,0.6,-29.64,5.19,-15.83,10.2,8,2026-06-24 to 2026-10-08 (75 days),-1.0,34.6,0.3518,74.45,84.13,BEARISH,MEDIUM,Strong trend (ADX=38); Last surprise: -15.2%; Earnings conf adj: -1,5.33,-1.0,1.0,54,2026-12-02,-15.22,-1
2026-10-09T17:21:58,2026-10-09,RLI,HOLD,0,Momentum (Rate of Change),MEDIUM,3,1.06,56.3,2.7,0.0,6.75,0.0,0.0,2026-12-19,0.43,0.6,100.0,37.97,8.23,-2.8,-9.16,71.0,1,2026-06-24 to 2026-10-08 (75 days),-1.0,37.3,0.1824,61.01,57.14,BULLISH,LOW,High volume; Strong trend (ADX=45); Last surprise: +15.3%; Earnings conf adj: +1,10.0,-1.0,1.0,10,2026-10-19,15.28,1
2026-10-09T17:19:18,2026-10-09,CSGP,BUY,1,Momentum (Rate of Change),HIGH,4,1.02,29.81,6.64,27.83,9.96,32.78,7.16,2026-11-14,0.61,1.18,100.0,61.02,14.66,14.66,-7.32,36.0,1,2026-06-24 to 2026-10-08 (75 days),0.111,55.9,0.4341,30.19,39.34,BEARISH,HIGH,High volume; Strong trend (ADX=32); Last surprise: +10.3%; Earnings conf adj: +1; Size: Kelly 10.0% / VolTgt 4.3% / Blend 7.2%,4.32,-1.0,1.0,18,2026-10-27,10.34,1
2026-10-09T17:22:14,2026-10-09,ASH,HOLD,0,Momentum (Rate of Change),HIGH,4,1.01,70.69,2.74,0.0,9.59,0.0,0.0,2026-11-28,1.1,2.61,100.0,70.49,23.53,-23.88,-7.27,50.0,1,2026-06-24 to 2026-10-08 (75 days),-1.0,53.2,0.1815,71.64,62.19,BULLISH,LOW,Strong trend (ADX=30); Last surprise: +4.1%,10.0,-1.0,1.0,25,2026-11-03,4.08,0
2026-10-09T17:19:06,2026-10-09,BLK,HOLD,0,EMA Crossover (9/21),HIGH,4,0.99,1065.35,3.17,0.0,9.51,0.0,0.0,2026-12-05,0.84,1.52,100.0,49.8,17.17,-16.84,-9.0,57.0,1,2026-06-24 to 2026-10-08 (75 days),-1.0,45.5,0.2041,1106.22,1051.38,BULLISH,MEDIUM,Earnings in 5d (2026-10-14); Last surprise: +9.6%; Earnings conf adj: +1,9.19,-1.0,1.0,5,2026-10-14,9.61,1
2026-10-09T17:21:32,2026-10-09,CUBE,HOLD,0,Momentum (Rate of Change),MEDIUM,3,0.97,37.51,2.37,0.0,5.93,0.0,0.0,2026-11-14,-0.19,-0.3,100.0,14.16,-3.34,12.69,-6.0,36.0,1,2026-06-24 to 2026-10-08 (75 days),-1.0,43.0,0.1963,39.3,38.28,BULLISH,LOW,Strong trend (ADX=36); Last surprise: +8.3%; Earnings conf adj: +1,9.55,-1.0,1.0,20,2026-10-29,8.33,1
2026-10-09T17:21:39,2026-10-09,CHWY,HOLD,0,EMA Crossover (9/21),MEDIUM,2,0.95,18.91,6.17,0.0,9.25,0.0,0.0,2026-12-13,0.32,0.43,100.0,15.88,5.15,6.93,-15.96,65.0,1,2026-06-24 to 2026-10-08 (75 days),-1.0,41.4,0.3891,21.61,24.2,BEARISH,MEDIUM,Strong trend (ADX=48); Last surprise: +0.0%,4.82,-1.0,1.0,61,2026-12-09,0.0,0
2026-10-09T17:21:56,2026-10-09,AN,HOLD,1,Stochastic Oscillator,LOW,0,0.94,157.07,7.78,144.85,11.67,175.4,0.0,2026-10-27,-0.71,-1.0,50.0,0.59,-12.85,39.15,-9.55,18.0,2,2026-06-24 to 2026-10-08 (75 days),-1.0,29.6,0.4847,192.08,197.66,BEARISH,HIGH,RSI oversold; Strong trend (ADX=45); Last surprise: +1.8%,3.87,-1.0,1.0,20,2026-10-29,1.83,0
2026-10-09T17:22:18,2026-10-09,KD,EXIT,-1,VWAP Trend,MEDIUM,2,0.88,11.88,9.34,12.99,12.94,10.34,6.8,2026-10-19,0.47,0.71,66.7,1.33,12.1,-13.92,-23.62,10.0,9,2026-06-24 to 2026-10-08 (75 days),-1.0,46.8,0.5197,12.76,14.59,BEARISH,HIGH,Last surprise: +29.4%; Earnings conf adj: +1; Size: Kelly 10.0% / VolTgt 3.6% / Blend 6.8%,3.61,-1.0,1.0,26,2026-11-04,29.41,1
2026-10-09T17:20:02,2026-10-09,MRK,HOLD,0,VWAP Trend,LOW,1,0.67,142.38,3.86,0.0,2.91,0.0,0.0,2026-10-12,-0.54,-0.82,50.0,0.39,-6.65,-86.22,-4.61,3.0,4,2026-06-24 to 2026-10-08 (75 days),-1.0,45.0,0.2134,142.61,122.33,BULLISH,MEDIUM,Last surprise: +50.0%; Earnings conf adj: +1,7.0,-1.0,1.0,20,2026-10-29,50.0,1
2026-10-09T17:22:04,2026-10-09,SR,HOLD,0,Momentum (Rate of Change),MEDIUM,3,0.66,77.99,2.29,0.0,3.44,0.0,0.0,2026-12-22,0.24,0.36,100.0,20.95,2.66,5.59,-4.47,74.0,1,2026-06-24 to 2026-10-08 (75 days),-1.0,45.4,0.1483,80.08,83.06,BEARISH,LOW,Strong trend (ADX=33); Last surprise: +13.3%; Earnings conf adj: +1,10.0,-1.0,1.0,35,2026-11-13,13.33,1
2026-10-09T17:20:39,2026-10-09,V,HOLD,0,Momentum (Rate of Change),HIGH,4,0.57,375.1,2.03,0.0,6.09,0.0,0.0,2026-12-20,1.46,2.54,100.0,76.34,26.7,-25.44,-4.74,72.0,1,2026-06-24 to 2026-10-08 (75 days),-1.0,58.9,0.1738,369.24,337.07,BULLISH,LOW,Last surprise: +2.8%,10.0,-1.0,1.0,18,2026-10-27,2.79,0
2026-10-09T17:20:00,2026-10-09,MDT,HOLD,0,Momentum (Rate of Change),HIGH,4,0.53,87.75,3.69,0.0,12.91,0.0,0.0,2026-12-29,1.14,1.71,100.0,74.93,25.28,-19.17,-6.01,81.0,1,2026-06-24 to 2026-10-08 (75 days),-1.0,46.9,0.2332,89.46,86.98,BULLISH,MEDIUM,High volume; Strong trend (ADX=32); Last surprise: +4.3%,8.04,-1.0,1.0,39,2026-11-17,4.32,0
2026-10-09T17:21:05,2026-10-09,IESC,HOLD,0,Multi-Factor Momentum MR,LOW,1,0.52,300.43,9.44,0.0,14.16,0.0,0.0,2026-10-10,-1.85,-1.85,0.0,0.0,-0.34,52.12,-0.1,0.0,0,2026-06-24 to 2026-10-08 (75 days),-1.0,39.2,0.6069,337.55,292.59,BULLISH,HIGH,Price at statistical extreme; Last surprise: +56.6%; Earnings conf adj: +1,3.09,-1.0,1.0,42,2026-11-20,56.61,1
2026-10-09T17:19:32,2026-10-09,FCX,HOLD,0,MACD Crossover,HIGH,5,0.47,71.14,5.28,0.0,13.58,0.0,0.0,2026-11-21,1.35,2.5,100.0,115.31,44.46,-18.01,-9.31,43.0,1,2026-06-24 to 2026-10-08 (75 days),-1.0,48.4,0.263,71.36,63.93,BULLISH,MEDIUM,Last surprise: +19.4%; Earnings conf adj: +1,7.13,-1.0,1.0,18,2026-10-27,19.35,1
2026-10-09T17:19:46,2026-10-09,IFF,HOLD,0,Composite Multi-Indicator,MEDIUM,3,0.43,84.65,2.39,0.0,4.78,0.0,0.0,2027-01-08,1.08,1.85,100.0,82.03,30.32,-17.49,-8.03,91.0,1,2026-06-24 to 2026-10-08 (75 days),-1.0,52.9,0.1633,84.15,76.03,BULLISH,LOW,Last surprise: -26.8%; Earnings conf adj: -1,10.0,-1.0,1.0,25,2026-11-03,-26.79,-1
2026-10-09T17:20:06,2026-10-09,NFLX,HOLD,0,Composite Multi-Indicator,MEDIUM,3,0.39,71.57,3.24,0.0,4.86,0.0,0.0,2026-12-28,0.79,1.17,100.0,57.73,20.64,21.91,-18.94,80.0,1,2026-06-24 to 2026-10-08 (75 days),-1.0,47.2,0.352,75.38,83.57,BEARISH,MEDIUM,Strong trend (ADX=39); Last surprise: +1.3%,5.33,-1.0,1.0,11,2026-10-20,1.27,0
2026-10-09T17:20:42,2026-10-09,VTR,EXIT,-1,52-Week High Momentum,MEDIUM,3,0.39,81.76,2.49,83.8,6.23,76.67,10.0,2026-11-18,0.32,0.43,100.0,44.2,4.24,18.54,-12.39,40.0,1,2026-06-24 to 2026-10-08 (75 days),-1.0,32.1,0.1804,88.81,84.96,BULLISH,LOW,Strong trend (ADX=46); Last surprise: +54.5%; Earnings conf adj: +1; Size: Kelly 10.0% / VolTgt 10.0% / Blend 10.0%,10.0,-1.0,1.0,18,2026-10-27,54.55,1
2026-10-09T17:21:49,2026-10-09,INGR,HOLD,0,Momentum (Rate of Change),MEDIUM,2,0.26,95.11,2.24,0.0,3.36,0.0,0.0,2026-11-30,0.1,0.18,100.0,22.56,0.43,4.97,-6.52,52.0,1,2026-06-24 to 2026-10-08 (75 days),-1.0,39.0,0.1602,100.17,105.08,BEARISH,LOW,Last surprise: +3.7%,10.0,-1.0,1.0,25,2026-11-03,3.68,0
2026-10-09T17:21:53,2026-10-09,G,HOLD,0,EMA Crossover (9/21),HIGH,4,0.18,34.67,4.68,0.0,7.02,0.0,0.0,2026-12-11,1.28,2.19,100.0,110.2,42.22,-55.6,-9.95,63.0,1,2026-06-24 to 2026-10-08 (75 days),-1.0,53.0,0.3779,35.04,35.91,BEARISH,MEDIUM,Strong trend (ADX=31); Last surprise: +3.1%,4.96,-1.0,1.0,27,2026-11-05,3.09,0
2026-10-09T17:20:24,2026-10-09,SNA,HOLD,0,Multi-Factor Momentum MR,MEDIUM,2,0.08,358.88,1.93,0.0,4.83,0.0,0.0,2026-11-10,0.11,0.19,100.0,2.86,0.63,25.11,-6.11,32.0,1,2026-06-24 to 2026-10-08 (75 days),-1.0,28.8,0.1202,385.66,376.04,BULLISH,LOW,RSI oversold; Price at statistical extreme; Strong trend (ADX=32); Last surprise: +0.2%,10.0,-1.0,1.0,13,2026-10-22,0.2,0
2026-10-09T17:20:08,2026-10-09,NTRS,HOLD,-1,PEAD Earnings Drift,LOW,1,0.01,168.5,3.05,173.64,6.1,158.22,0.0,2026-11-04,-0.14,-0.24,100.0,50.66,-1.91,6.88,-8.36,26.0,1,2026-06-24 to 2026-10-08 (75 days),-1.0,33.0,0.2157,181.05,162.15,BULLISH,MEDIUM,Strong trend (ADX=53); Last surprise: -8.4%; Earnings conf adj: -1,7.0,-1.0,1.0,12,2026-10-21,-8.44,-1
2026-10-09T17:21:31,2026-10-09,PRI,EXIT,-1,52-Week High Momentum,MEDIUM,3,-0.18,275.39,2.43,282.08,6.08,258.65,10.0,2026-12-12,0.28,0.42,100.0,35.23,3.31,9.25,-12.88,64.0,1,2026-06-24 to 2026-10-08 (75 days),-1.0,38.4,0.1852,294.71,275.42,BULLISH,LOW,Strong trend (ADX=33); Last surprise: +6.7%; Earnings conf adj: +1; Size: Kelly 10.0% / VolTgt 10.0% / Blend 10.0%,10.0,-1.0,1.0,26,2026-11-04,6.66,1
2026-10-09T17:20:16,2026-10-09,PPG,HOLD,0,VWAP Trend,HIGH,4,-0.23,105.46,2.53,0.0,2.55,0.0,0.0,2026-10-13,1.71,3.19,66.7,2.54,23.13,59.14,-5.86,4.3,9,2026-06-24 to 2026-10-08 (75 days),-1.0,43.4,0.156,110.16,111.01,BEARISH,LOW,Last surprise: -0.9%,10.0,-1.0,1.0,18,2026-10-27,-0.89,0
2026-10-09T17:19:29,2026-10-09,ERIE,HOLD,0,Composite Multi-Indicator,MEDIUM,2,-0.4,226.54,4.72,0.0,7.08,0.0,0.0,2027-01-01,0.24,0.35,100.0,8.33,2.53,2.79,-18.49,84.0,1,2026-06-24 to 2026-10-08 (75 days),-1.0,45.4,0.33,242.85,244.52,BEARISH,MEDIUM,High volume; Strong trend (ADX=44); Last surprise: +3.0%,5.68,-1.0,1.0,20,2026-10-29,2.99,0
2026-10-09T17:21:59,2026-10-09,CNO,HOLD,0,52-Week High Momentum,HIGH,4,-0.4,53.55,2.57,0.0,7.71,0.0,0.0,2027-01-22,0.74,1.07,100.0,34.19,11.74,0.99,-6.46,105.0,1,2026-06-24 to 2026-10-08 (75 days),-1.0,45.6,0.1385,54.49,47.31,BULLISH,LOW,Last surprise: +29.9%; Earnings conf adj: +1,10.0,-1.0,1.0,24,2026-11-02,29.9,1
2026-10-09T17:22:18,2026-10-09,EEFT,HOLD,0,Momentum (Rate of Change),MEDIUM,2,-0.5,63.66,4.46,0.0,6.69,0.0,0.0,2026-11-12,-0.06,-0.07,100.0,2.83,-5.03,13.05,-14.75,34.0,1,2026-06-24 to 2026-10-08 (75 days),-1.0,39.2,0.2277,69.25,71.34,BEARISH,MEDIUM,High volume; Last surprise: -4.1%,8.23,-1.0,1.0,12,2026-10-21,-4.08,0
2026-10-09T17:21:13,2026-10-09,ELS,HOLD,0,MACD Crossover,LOW,1,-0.57,58.5,1.85,0.0,2.78,0.0,0.0,2026-10-17,-0.57,-0.77,50.0,0.37,-7.85,10.92,-6.01,8.8,4,2026-06-24 to 2026-10-08 (75 days),-1.0,38.4,0.1451,61.87,62.51,BEARISH,LOW,Strong trend (ADX=45); Last surprise: +9.1%; Earnings conf adj: +1,7.0,-1.0,1.0,12,2026-10-21,9.09,1
2026-10-09T17:22:15,2026-10-09,PK,BUY,1,52-Week High Momentum,HIGH,5,-0.57,15.21,3.0,14.75,9.0,16.58,10.0,2027-01-22,1.16,1.68,100.0,78.54,28.89,-8.11,-7.98,105.0,1,2026-06-24 to 2026-10-08 (75 days),0.337,52.0,0.1648,15.05,12.39,BULLISH,LOW,Last surprise: +50.0%; Earnings conf adj: +1; Size: Kelly 10.0% / VolTgt 10.0% / Blend 10.0%,10.0,-1.0,1.0,26,2026-11-04,50.0,1
2026-10-09T17:21:43,2026-10-09,CELH,HOLD,0,MACD Crossover,MEDIUM,2,-0.65,27.4,5.97,0.0,7.78,0.0,0.0,2026-10-16,0.74,1.05,66.7,2.71,28.28,41.03,-18.54,7.7,3,2026-06-24 to 2026-10-08 (75 days),-1.0,43.8,0.3559,29.28,36.13,BEARISH,MEDIUM,Strong trend (ADX=33); Last surprise: -14.3%; Earnings conf adj: -1,5.27,-1.0,1.0,31,2026-11-09,-14.29,-1
2026-10-09T17:20:36,2026-10-09,TYL,HOLD,0,Composite Multi-Indicator,MEDIUM,3,-1.2,331.15,4.68,0.0,7.02,0.0,0.0,2026-12-17,0.9,1.51,100.0,68.61,24.9,-39.78,-16.61,69.0,1,2026-06-24 to 2026-10-08 (75 days),-1.0,48.0,0.3467,336.99,343.02,BEARISH,MEDIUM,Last surprise: +0.3%,5.41,-1.0,1.0,19,2026-10-28,0.33,0
2026-10-09T17:19:29,2026-10-09,ES,HOLD,0,MACD Crossover,LOW,0,-1.5,65.69,1.98,0.0,1.86,0.0,0.0,2026-10-11,-2.75,-2.8,50.0,0.14,-12.9,9.9,-4.54,2.0,2,2026-06-24 to 2026-10-08 (75 days),-1.0,44.7,0.1673,68.59,68.75,BEARISH,LOW,Last surprise: +0.0%,7.0,-1.0,1.0,26,2026-11-04,0.0,0
2026-10-09T17:20:11,2026-10-09,ORCL,HOLD,0,Composite Multi-Indicator,HIGH,5,-1.51,135.69,8.64,0.0,12.96,0.0,0.0,2026-12-24,1.47,2.45,100.0,179.02,74.49,113.62,-18.41,76.0,1,2026-06-24 to 2026-10-08 (75 days),-1.0,41.6,0.4446,145.47,161.38,BEARISH,HIGH,Last surprise: +10.3%; Earnings conf adj: +1,4.22,-1.0,1.0,62,2026-12-10,10.34,1
2026-10-09T17:19:51,2026-10-09,JNJ,HOLD,0,52-Week High Momentum,MEDIUM,3,-1.55,256.48,2.38,0.0,4.76,0.0,0.0,2027-01-20,0.75,1.14,100.0,44.56,15.6,-10.1,-9.16,103.0,1,2026-06-24 to 2026-10-08 (75 days),-1.0,38.4,0.1455,264.76,240.73,BULLISH,LOW,Earnings in 4d (2026-10-13); Last surprise: +1.8%,10.0,-1.0,1.0,4,2026-10-13,1.75,0
2026-10-09T17:19:13,2026-10-09,CMCSA,HOLD,0,EMA Crossover (9/21),MEDIUM,2,-1.57,21.21,3.05,0.0,4.57,0.0,0.0,2026-10-26,0.19,0.23,66.7,1.19,1.66,13.28,-9.6,17.0,3,2026-06-24 to 2026-10-08 (75 days),-1.0,30.3,0.1986,24.16,25.79,BEARISH,LOW,Strong trend (ADX=67); Last surprise: +7.2%; Earnings conf adj: +1,9.44,-1.0,1.0,13,2026-10-22,7.22,1
2026-10-09T17:21:07,2026-10-09,GGG,HOLD,0,Momentum (Rate of Change),MEDIUM,2,-1.57,78.37,2.12,0.0,3.18,0.0,0.0,2026-11-11,-0.16,-0.25,100.0,0.26,-2.27,-19.99,-5.79,33.0,1,2026-06-24 to 2026-10-08 (75 days),-1.0,52.4,0.1549,79.12,81.37,BEARISH,LOW,Last surprise: +12.3%; Earnings conf adj: +1,10.0,-1.0,1.0,12,2026-10-21,12.35,1
2026-10-09T17:21:46,2026-10-09,PPC,HOLD,0,Composite Multi-Indicator,MEDIUM,3,-1.6,28.5,8.24,0.0,12.36,0.0,0.0,2026-12-17,0.54,0.91,100.0,40.67,14.14,2.04,-22.29,69.0,1,2026-06-24 to 2026-10-08 (75 days),-1.0,49.8,0.4893,29.04,33.35,BEARISH,HIGH,Strong trend (ADX=33); Last surprise: -3.0%,3.83,-1.0,1.0,19,2026-10-28,-3.03,0
2026-10-09T17:21:41,2026-10-09,STAG,HOLD,0,Stochastic Oscillator,LOW,0,-1.64,35.88,2.13,0.0,3.19,0.0,0.0,2026-10-27,-0.71,-0.93,0.0,0.0,-6.13,13.91,-4.38,18.0,2,2026-06-24 to 2026-10-08 (75 days),-1.0,42.8,0.1663,36.67,37.2,BEARISH,LOW,Strong trend (ADX=33); Last surprise: +3.7%,7.0,-1.0,1.0,18,2026-10-27,3.7,0
2026-10-09T17:18:55,2026-10-09,AJG,HOLD,0,Momentum (Rate of Change),MEDIUM,2,-2.08,234.05,3.94,0.0,9.85,0.0,0.0,2026-12-18,0.21,0.32,100.0,20.96,1.95,-21.19,-11.29,70.0,1,2026-06-24 to 2026-10-08 (75 days),-1.0,46.6,0.3126,247.01,231.35,BULLISH,MEDIUM,Strong trend (ADX=31); Last surprise: +1.1%,6.0,-1.0,1.0,20,2026-10-29,1.07,0
2026-10-09T17:21:37,2026-10-09,ACM,HOLD,1,MACD Crossover,LOW,0,-2.34,59.46,5.38,56.26,6.28,63.19,0.0,2026-10-15,-1.73,-1.97,50.0,0.33,-14.06,27.24,-6.92,6.0,2,2026-06-24 to 2026-10-08 (75 days),-1.0,41.5,0.3256,64.86,78.77,BEARISH,MEDIUM,Last surprise: -134.2%; Earnings conf adj: -1,5.76,-1.0,1.0,39,2026-11-17,-134.25,-1
2026-10-09T17:22:07,2026-10-09,SLM,EXIT,-1,VWAP Trend,MEDIUM,2,-2.34,22.67,4.38,23.66,4.45,21.66,6.5,2026-10-13,1.01,1.64,44.4,1.72,18.95,33.28,-5.55,4.4,9,2026-06-24 to 2026-10-08 (75 days),-1.0,31.8,0.2691,25.55,23.84,BULLISH,MEDIUM,Strong trend (ADX=64); Last surprise: -34.1%; Earnings conf adj: -1; Size: Kelly 6.0% / VolTgt 7.0% / Blend 6.5%,6.97,-1.0,1.0,13,2026-10-22,-34.09,-1
2026-10-09T17:19:22,2026-10-09,DHI,HOLD,0,EMA Crossover (9/21),LOW,1,-2.42,135.82,4.34,0.0,3.13,0.0,0.0,2026-10-11,-1.16,-1.31,50.0,0.25,-6.89,42.63,-3.77,2.0,2,2026-06-24 to 2026-10-08 (75 days),-1.0,44.1,0.2812,143.03,147.57,BEARISH,MEDIUM,Last surprise: +7.0%; Earnings conf adj: +1,6.67,-1.0,1.0,20,2026-10-29,7.02,1
2026-10-09T17:19:06,2026-10-09,BNY,EXIT,-1,52-Week High Momentum,MEDIUM,3,-2.53,143.61,2.29,146.9,5.72,135.4,10.0,2027-01-13,0.19,0.29,100.0,13.68,1.91,0.43,-11.55,96.0,1,2026-06-24 to 2026-10-08 (75 days),-1.0,28.3,0.1669,156.39,136.7,BULLISH,LOW,RSI oversold; Strong trend (ADX=51); Last surprise: +10.8%; Earnings conf adj: +1; Size: Kelly 10.0% / VolTgt 10.0% / Blend 10.0%,10.0,-1.0,1.0,6,2026-10-15,10.81,1
2026-10-09T17:19:26,2026-10-09,EFX,HOLD,0,Momentum (Rate of Change),LOW,1,-2.58,145.54,5.09,0.0,7.63,0.0,0.0,2026-12-12,-0.07,-0.1,100.0,0.02,-7.85,15.16,-13.5,64.0,1,2026-06-24 to 2026-10-08 (75 days),-1.0,35.1,0.3052,170.11,180.09,BEARISH,MEDIUM,Strong trend (ADX=48); Last surprise: +2.3%,6.14,-1.0,1.0,11,2026-10-20,2.27,0
2026-10-09T17:19:41,2026-10-09,HBAN,HOLD,0,VWAP Trend,LOW,0,-2.64,15.37,3.12,0.0,4.01,0.0,0.0,2026-10-12,-2.31,-2.58,37.5,0.25,-26.34,8.22,-10.66,3.6,8,2026-06-24 to 2026-10-08 (75 days),-1.0,39.5,0.2685,16.48,16.58,BEARISH,MEDIUM,Strong trend (ADX=48); Last surprise: +0.0%,6.98,-1.0,1.0,13,2026-10-22,0.0,0
2026-10-09T17:19:33,2026-10-09,FERG,HOLD,0,VWAP Trend,MEDIUM,2,-2.75,216.73,3.91,0.0,3.17,0.0,0.0,2026-10-12,0.44,0.66,60.0,1.69,4.54,29.5,-5.97,3.0,5,2026-06-24 to 2026-10-08 (75 days),-1.0,40.7,0.2324,230.78,236.2,BEARISH,MEDIUM,Last surprise: +2.7%,8.07,-1.0,1.0,31,2026-11-09,2.73,0
2026-10-09T17:21:59,2026-10-09,NJR,HOLD,0,MACD Crossover,LOW,1,-2.84,51.01,2.21,0.0,3.41,0.0,0.0,2026-10-21,-2.72,-3.28,50.0,0.03,-14.7,12.61,-5.56,12.0,2,2026-06-24 to 2026-10-08 (75 days),-1.0,40.4,0.125,53.24,53.12,BULLISH,LOW,Strong trend (ADX=31); Last surprise: +83.3%; Earnings conf adj: +1,7.0,-1.0,1.0,38,2026-11-16,83.33,1
2026-10-09T17:20:55,2026-10-09,CDE,HOLD,0,EMA Crossover (9/21),MEDIUM,2,-2.86,16.87,9.61,0.0,14.41,0.0,0.0,2026-11-02,2.12,4.65,50.0,14.91,130.82,96.5,-14.54,24.0,2,2026-06-24 to 2026-10-08 (75 days),-1.0,36.9,0.5116,19.07,19.25,BEARISH,HIGH,Strong trend (ADX=39); Last surprise: -53.8%; Earnings conf adj: -1,3.67,-1.0,1.0,19,2026-10-28,-53.85,-1
2026-10-09T17:21:56,2026-10-09,RYN,HOLD,0,ADX Trend Following,LOW,0,-3.0,18.6,3.68,0.0,4.97,0.0,0.0,2026-10-17,-2.26,-2.37,50.0,0.1,-18.63,19.38,-7.26,8.0,2,2026-06-24 to 2026-10-08 (75 days),-1.0,38.4,0.223,20.18,20.73,BEARISH,MEDIUM,High volume; Strong trend (ADX=51); Last surprise: +0.0%,7.0,-1.0,1.0,26,2026-11-04,0.0,0
2026-10-09T17:20:12,2026-10-09,PCG,HOLD,0,MACD Crossover,LOW,1,-3.56,12.67,4.3,0.0,6.45,0.0,0.0,2026-10-18,-1.85,-1.89,50.0,0.16,-57.35,5.9,-27.89,9.5,2,2026-06-24 to 2026-10-08 (75 days),-1.0,40.1,0.2769,15.01,16.35,BEARISH,MEDIUM,Strong trend (ADX=33); Last surprise: +11.1%; Earnings conf adj: +1,6.77,-1.0,1.0,13,2026-10-22,11.11,1
2026-10-09T17:21:21,2026-10-09,EVR,HOLD,0,VWAP Trend,LOW,0,-3.56,266.75,4.37,0.0,3.64,0.0,0.0,2026-10-12,-1.88,-2.38,41.7,0.6,-31.05,30.1,-15.4,3.8,12,2026-06-24 to 2026-10-08 (75 days),-1.0,43.6,0.2372,285.12,321.87,BEARISH,MEDIUM,Last surprise: -4.0%,7.0,-1.0,1.0,19,2026-10-28,-3.96,0
2026-10-09T17:19:20,2026-10-09,D,HOLD,0,MACD Crossover,LOW,1,-3.6,61.75,2.08,0.0,2.13,0.0,0.0,2026-10-12,-2.9,-3.23,33.3,0.08,-11.37,18.63,-4.06,3.3,3,2026-06-24 to 2026-10-08 (75 days),-1.0,41.9,0.1489,64.87,63.35,BULLISH,LOW,Strong trend (ADX=51); Last surprise: +17.9%; Earnings conf adj: +1,7.0,-1.0,1.0,21,2026-10-30,17.91,1
2026-10-09T17:21:52,2026-10-09,LSTR,HOLD,0,MACD Crossover,LOW,0,-3.91,169.47,2.8,0.0,4.1,0.0,0.0,2026-10-16,-2.01,-2.4,25.0,0.04,-26.16,23.41,-10.83,7.8,4,2026-06-24 to 2026-10-08 (75 days),-1.0,45.4,0.1866,175.73,174.93,BULLISH,LOW,Last surprise: -2.7%,7.0,-1.0,1.0,18,2026-10-27,-2.7,0
2026-10-09T17:19:33,2026-10-09,FE,HOLD,0,VWAP Trend,LOW,0,-4.04,44.85,1.83,0.0,1.91,0.0,0.0,2026-10-11,-0.9,-1.26,37.5,0.86,-5.55,11.32,-4.26,2.6,8,2026-06-24 to 2026-10-08 (75 days),-1.0,51.1,0.1502,45.88,46.77,BEARISH,LOW,Strong trend (ADX=37); Last surprise: +0.0%,7.0,-1.0,1.0,18,2026-10-27,0.0,0
2026-10-09T17:19:45,2026-10-09,HSY,BUY,1,MACD Crossover,MEDIUM,3,-4.14,162.54,2.25,158.88,3.38,168.03,10.0,2026-11-03,0.56,0.81,50.0,2.62,9.24,40.7,-5.83,25.5,2,2026-06-24 to 2026-10-08 (75 days),0.599,38.4,0.1656,174.37,188.18,BEARISH,LOW,Strong trend (ADX=51); Last surprise: +32.9%; Earnings conf adj: +1; Size: Kelly 10.0% / VolTgt 10.0% / Blend 10.0%,10.0,-1.0,1.0,20,2026-10-29,32.87,1
2026-10-09T17:21:24,2026-10-09,WTFC,HOLD,0,ADX Trend Following,LOW,0,-4.23,144.2,2.58,0.0,4.5,0.0,0.0,2026-10-21,-0.68,-0.91,33.3,0.32,-8.12,20.59,-5.47,12.3,3,2026-06-24 to 2026-10-08 (75 days),-1.0,41.0,0.1631,152.05,149.24,BULLISH,LOW,Strong trend (ADX=44); Last surprise: +4.1%,7.0,-1.0,1.0,10,2026-10-19,4.13,0
2026-10-09T17:21:29,2026-10-09,HLI,HOLD,0,MACD Crossover,LOW,0,-4.29,125.53,4.95,0.0,7.43,0.0,0.0,2026-10-26,-2.0,-2.29,33.3,0.15,-40.39,-14.13,-16.09,17.7,3,2026-06-24 to 2026-10-08 (75 days),-1.0,40.7,0.2378,129.53,147.23,BEARISH,MEDIUM,Last surprise: -17.7%; Earnings conf adj: -1,7.0,-1.0,1.0,19,2026-10-28,-17.68,-1
2026-10-09T17:20:48,2026-10-09,FTI,HOLD,0,ADX Trend Following,HIGH,4,-4.6,69.63,4.1,0.0,9.31,0.0,0.0,2026-10-26,0.51,0.8,66.7,1.68,9.89,-21.61,-10.2,17.3,3,2026-06-24 to 2026-10-08 (75 days),-1.0,41.8,0.2844,73.69,67.4,BULLISH,MEDIUM,Strong trend (ADX=38); Last surprise: +13.7%; Earnings conf adj: +1,6.59,-1.0,1.0,20,2026-10-29,13.75,1
2026-10-09T17:19:34,2026-10-09,FISV,HOLD,0,ADX Trend Following,MEDIUM,2,-4.64,45.94,4.48,0.0,6.72,0.0,0.0,2026-10-27,0.76,1.31,50.0,5.36,16.65,31.68,-7.57,18.0,2,2026-06-24 to 2026-10-08 (75 days),-1.0,41.3,0.3361,50.37,56.31,BEARISH,MEDIUM,Strong trend (ADX=33); Last surprise: -3.7%,5.58,-1.0,1.0,25,2026-11-03,-3.66,0
2026-10-09T17:20:40,2026-10-09,VMRK,HOLD,0,VWAP Trend,LOW,1,-4.74,59.98,2.89,0.0,3.69,0.0,0.0,2026-10-13,-1.05,-1.33,60.0,0.58,-13.47,9.55,-7.06,4.0,10,2026-06-24 to 2026-10-08 (75 days),-1.0,40.2,0.2344,63.55,62.62,BULLISH,MEDIUM,Strong trend (ADX=39),7.0,-1.0,1.0,26,2026-11-04,,0
2026-10-09T17:19:30,2026-10-09,EW,HOLD,0,Stochastic Oscillator,HIGH,4,-4.8,84.24,3.67,0.0,5.5,0.0,0.0,2026-10-30,1.05,1.87,50.0,22.7,16.34,35.47,-5.74,21.0,2,2026-06-24 to 2026-10-08 (75 days),-1.0,39.4,0.2663,88.65,85.14,BULLISH,MEDIUM,High volume; Last surprise: +5.4%; Earnings conf adj: +1,7.04,-1.0,1.0,26,2026-11-04,5.41,1
2026-10-09T17:19:43,2026-10-09,HRL,HOLD,0,ADX Trend Following,LOW,1,-4.94,19.42,2.8,0.0,2.95,0.0,0.0,2026-10-14,-1.09,-1.32,50.0,0.01,-5.88,53.2,-3.06,5.0,2,2026-06-24 to 2026-10-08 (75 days),-1.0,27.1,0.1676,22.2,22.75,BEARISH,LOW,RSI oversold; High volume; Strong trend (ADX=41); Last surprise: +5.7%; Earnings conf adj: +1,7.0,-1.0,1.0,-43,2026-08-27,5.71,1
2026-10-09T17:20:10,2026-10-09,OKE,HOLD,1,VWAP Trend,LOW,1,-5.27,90.29,3.98,86.7,2.41,92.47,0.0,2026-10-10,0.03,0.06,40.0,1.16,-0.25,-16.98,-2.77,1.5,10,2026-06-24 to 2026-10-08 (75 days),-1.0,48.9,0.2503,92.05,85.75,BULLISH,MEDIUM,Last surprise: +5.5%; Earnings conf adj: +1,7.0,-1.0,1.0,18,2026-10-27,5.52,1
2026-10-09T17:22:09,2026-10-09,BC,HOLD,0,VWAP Trend,LOW,1,-5.3,62.35,4.73,0.0,2.94,0.0,0.0,2026-10-12,-2.02,-2.67,50.0,0.5,-29.64,34.69,-9.81,3.4,12,2026-06-24 to 2026-10-08 (75 days),-1.0,25.5,0.2023,73.58,77.81,BEARISH,MEDIUM,RSI oversold; Strong trend (ADX=46); Last surprise: +31.1%; Earnings conf adj: +1,7.0,-1.0,1.0,20,2026-10-29,31.09,1
2026-10-09T17:21:50,2026-10-09,HR,HOLD,-1,VWAP Trend,LOW,0,-5.31,17.19,2.37,17.6,1.67,16.9,0.0,2026-10-11,-2.19,-2.8,45.5,0.47,-14.84,27.15,-7.45,2.0,11,2026-06-24 to 2026-10-08 (75 days),-1.0,27.8,0.1504,18.85,18.46,BULLISH,LOW,RSI oversold; High volume; Strong trend (ADX=61); Last surprise: -550.0%; Earnings conf adj: -1,7.0,-1.0,1.0,20,2026-10-29,-550.0,-1
2026-10-09T17:22:18,2026-10-09,RH,HOLD,0,ADX Trend Following,LOW,1,-5.36,113.67,6.36,0.0,9.54,0.0,0.0,2026-10-28,0.34,0.59,50.0,1.36,6.12,72.49,-14.85,19.0,2,2026-06-24 to 2026-10-08 (75 days),-1.0,25.1,0.3553,147.16,158.87,BEARISH,MEDIUM,RSI oversold; Strong trend (ADX=52); Last surprise: +487.0%; Earnings conf adj: +1,5.28,-1.0,1.0,62,2026-12-10,486.96,1
2026-10-09T17:21:45,2026-10-09,BROS,HOLD,0,MACD Crossover,LOW,1,-5.51,39.78,4.99,0.0,7.49,0.0,0.0,2026-10-20,-2.15,-2.63,50.0,0.21,-35.46,47.73,-15.52,11.0,2,2026-06-24 to 2026-10-08 (75 days),-1.0,39.9,0.3067,47.04,55.08,BEARISH,MEDIUM,Strong trend (ADX=46); Last surprise: +10.0%; Earnings conf adj: +1,6.11,-1.0,1.0,26,2026-11-04,10.0,1
2026-10-09T17:22:07,2026-10-09,BDC,HOLD,0,MACD Crossover,HIGH,4,-5.64,107.94,6.97,0.0,12.68,0.0,0.0,2026-10-22,1.15,2.56,50.0,3.49,41.43,68.53,-15.67,13.0,2,2026-06-24 to 2026-10-08 (75 days),-1.0,41.4,0.4466,119.21,118.97,BULLISH,HIGH,Last surprise: +15.8%; Earnings conf adj: +1,4.2,-1.0,1.0,20,2026-10-29,15.84,1
2026-10-09T17:22:04,2026-10-09,FFIN,HOLD,0,ADX Trend Following,LOW,1,-5.98,31.43,2.38,0.0,4.73,0.0,0.0,2026-10-26,0.11,0.16,50.0,3.13,0.53,22.57,-5.64,17.0,2,2026-06-24 to 2026-10-08 (75 days),-1.0,34.8,0.1457,33.29,32.18,BULLISH,LOW,Strong trend (ADX=47); Last surprise: +0.0%,7.0,-1.0,1.0,13,2026-10-22,0.0,0
2026-10-09T17:19:42,2026-10-09,HON,HOLD,0,MACD Crossover,MEDIUM,2,-6.04,206.6,2.27,0.0,3.41,0.0,0.0,2026-10-29,0.2,0.28,50.0,28.23,1.97,40.02,-7.5,20.5,2,2026-06-24 to 2026-10-08 (75 days),-1.0,39.0,0.1682,218.67,229.02,BEARISH,LOW,Last surprise: +7.1%; Earnings conf adj: +1,10.0,-1.0,1.0,13,2026-10-22,7.14,1
2026-10-09T17:22:06,2026-10-09,ALK,HOLD,0,ADX Trend Following,MEDIUM,2,-6.06,39.52,5.7,0.0,5.08,0.0,0.0,2026-10-12,0.49,0.69,40.0,1.51,7.13,66.7,-6.86,3.6,5,2026-06-24 to 2026-10-08 (75 days),-1.0,43.5,0.3402,42.75,45.18,BEARISH,MEDIUM,Last surprise: +7.1%; Earnings conf adj: +1,5.51,-1.0,1.0,11,2026-10-20,7.07,1
2026-10-09T17:20:29,2026-10-09,TDG,HOLD,0,VWAP Trend,MEDIUM,2,-6.09,1089.3,2.6,0.0,3.9,0.0,0.0,2026-10-19,-1.57,-2.1,57.1,0.5,-27.51,20.86,-14.94,10.4,7,2026-06-24 to 2026-10-08 (75 days),-1.0,38.8,0.1925,1164.89,1244.0,BEARISH,LOW,Last surprise: +5.7%; Earnings conf adj: +1,9.74,-1.0,1.0,27,2026-11-05,5.74,1
2026-10-09T17:20:44,2026-10-09,WEC,HOLD,0,ADX Trend Following,LOW,1,-6.21,103.61,1.8,0.0,2.7,0.0,0.0,2026-10-16,-2.01,-2.58,33.3,0.02,-16.31,12.77,-5.31,7.3,3,2026-06-24 to 2026-10-08 (75 days),-1.0,49.7,0.1577,105.56,109.83,BEARISH,LOW,Last surprise: +12.3%; Earnings conf adj: +1,7.0,-1.0,1.0,20,2026-10-29,12.35,1
2026-10-09T17:21:29,2026-10-09,SPXC,HOLD,0,VWAP Trend,MEDIUM,2,-6.21,168.58,4.82,0.0,4.51,0.0,0.0,2026-10-12,-0.2,-0.26,55.6,1.02,-4.57,64.18,-10.82,3.7,9,2026-06-24 to 2026-10-08 (75 days),-1.0,32.7,0.2975,193.89,210.71,BEARISH,MEDIUM,Strong trend (ADX=39); Last surprise: +9.2%; Earnings conf adj: +1,6.3,-1.0,1.0,20,2026-10-29,9.19,1
2026-10-09T17:19:15,2026-10-09,COO,HOLD,0,MACD Crossover,LOW,0,-6.27,54.3,3.84,0.0,5.76,0.0,0.0,2026-10-22,-0.77,-1.05,50.0,0.47,-8.38,47.02,-5.51,13.5,2,2026-06-24 to 2026-10-08 (75 days),-1.0,30.7,0.259,65.7,70.85,BEARISH,MEDIUM,Strong trend (ADX=44); Last surprise: +2.7%,7.0,-1.0,1.0,-30,2026-09-09,2.68,0
2026-10-09T17:18:54,2026-10-09,AEE,HOLD,0,MACD Crossover,LOW,0,-6.52,101.84,1.66,0.0,2.27,0.0,0.0,2026-10-13,-3.18,-3.29,33.3,0.07,-17.33,11.47,-5.83,4.3,3,2026-06-24 to 2026-10-08 (75 days),-1.0,47.4,0.1392,104.76,106.61,BEARISH,LOW,Last surprise: +4.6%,7.0,-1.0,1.0,27,2026-11-05,4.63,0
2026-10-09T17:19:17,2026-10-09,CRH,HOLD,0,MACD Crossover,LOW,0,-6.56,81.88,4.13,0.0,4.19,0.0,0.0,2026-10-14,-2.95,-3.12,33.3,0.04,-29.83,35.31,-11.93,5.7,3,2026-06-24 to 2026-10-08 (75 days),-1.0,35.1,0.2227,91.2,106.81,BEARISH,MEDIUM,High volume; Strong trend (ADX=43); Last surprise: -4.5%,7.0,-1.0,1.0,20,2026-10-29,-4.46,0
2026-10-09T17:22:25,2026-10-09,XLI,HOLD,1,VWAP Trend,LOW,0,-6.64,168.4,1.7,165.54,1.8,171.43,0.0,2026-10-11,-1.27,-1.54,50.0,0.63,-5.78,14.1,-3.57,2.6,8,2026-06-24 to 2026-10-08 (75 days),-1.0,42.0,0.142,175.55,171.8,BULLISH,LOW,No special conditions,7.0,-1.0,1.0,-1,,,0
2026-10-09T17:21:33,2026-10-09,WLK,HOLD,0,VWAP Trend,LOW,1,-6.8,62.31,5.71,0.0,7.29,0.0,0.0,2026-10-18,-2.58,-3.15,50.0,0.28,-46.61,1.01,-23.75,9.0,8,2026-06-24 to 2026-10-08 (75 days),-1.0,32.7,0.3084,72.14,87.1,BEARISH,MEDIUM,Strong trend (ADX=46); Last surprise: +6.3%; Earnings conf adj: +1,6.08,-1.0,1.0,20,2026-10-29,6.35,1
2026-10-09T17:19:14,2026-10-09,CNP,HOLD,0,MACD Crossover,LOW,1,-7.02,38.42,1.85,0.0,2.78,0.0,0.0,2026-10-16,-2.14,-2.54,33.3,0.23,-19.01,15.98,-8.22,7.0,3,2026-06-24 to 2026-10-08 (75 days),-1.0,51.3,0.165,39.16,41.02,BEARISH,LOW,Strong trend (ADX=32); Last surprise: +8.1%; Earnings conf adj: +1,7.0,-1.0,1.0,18,2026-10-27,8.11,1
2026-10-09T17:21:10,2026-10-09,BWA,HOLD,0,EMA Crossover (9/21),LOW,1,-7.13,61.72,4.63,0.0,6.95,0.0,0.0,2026-10-15,-1.8,-2.21,33.3,0.06,-26.92,1.22,-9.43,6.0,3,2026-06-24 to 2026-10-08 (75 days),-1.0,47.1,0.3807,64.34,59.55,BULLISH,MEDIUM,Last surprise: +11.8%; Earnings conf adj: +1,4.93,-1.0,1.0,20,2026-10-29,11.81,1
2026-10-09T17:20:15,2026-10-09,PNC,HOLD,0,ADX Trend Following,LOW,1,-7.17,219.68,2.27,0.0,4.54,0.0,0.0,2026-10-19,-2.27,-2.48,33.3,0.22,-23.4,0.5,-8.59,10.7,3,2026-06-24 to 2026-10-08 (75 days),-1.0,30.0,0.1825,239.59,226.26,BULLISH,LOW,Strong trend (ADX=58); Last surprise: +8.1%; Earnings conf adj: +1,7.0,-1.0,1.0,6,2026-10-15,8.09,1
2026-10-09T17:22:15,2026-10-09,KNF,HOLD,0,MACD Crossover,LOW,0,-7.18,52.27,9.71,0.0,9.82,0.0,0.0,2026-10-15,-1.59,-1.96,50.0,0.42,-32.44,52.31,-16.65,6.8,4,2026-06-24 to 2026-10-08 (75 days),-1.0,40.2,0.4783,60.93,76.01,BEARISH,HIGH,Strong trend (ADX=49); Last surprise: -36.0%; Earnings conf adj: -1,3.92,-1.0,1.0,25,2026-11-03,-35.96,-1
2026-10-09T17:20:13,2026-10-09,PEP,HOLD,0,EMA Crossover (9/21),LOW,0,-7.19,128.34,2.92,0.0,4.38,0.0,0.0,2026-10-24,0.02,0.03,50.0,1.19,-0.1,26.9,-3.85,15.0,2,2026-06-24 to 2026-10-08 (75 days),-1.0,42.9,0.2074,135.03,144.17,BEARISH,MEDIUM,High volume; Strong trend (ADX=43); Last surprise: +1.7%,7.0,-1.0,1.0,-1,2026-10-08,1.74,0
2026-10-09T17:20:10,2026-10-09,O,HOLD,0,ADX Trend Following,LOW,0,-7.28,54.17,1.73,0.0,2.59,0.0,0.0,2026-10-31,-0.06,-0.12,50.0,0.92,-1.42,31.44,-5.66,22.5,2,2026-06-24 to 2026-10-08 (75 days),-1.0,31.9,0.1605,59.29,60.42,BEARISH,LOW,Strong trend (ADX=77); Last surprise: -11.9%; Earnings conf adj: -1,7.0,-1.0,1.0,24,2026-11-02,-11.9,-1
2026-10-09T17:21:57,2026-10-09,SHC,HOLD,0,MACD Crossover,MEDIUM,2,-7.44,17.83,4.23,0.0,6.88,0.0,0.0,2026-10-24,-0.2,-0.29,66.7,0.68,-4.95,-30.18,-8.45,15.7,3,2026-06-24 to 2026-10-08 (75 days),-1.0,38.8,0.2206,18.68,17.01,BULLISH,MEDIUM,Last surprise: +8.3%; Earnings conf adj: +1,8.5,-1.0,1.0,25,2026-11-03,8.33,1
2026-10-09T17:20:34,2026-10-09,TROW,BUY,1,VWAP Trend,HIGH,4,-7.46,104.23,2.27,101.86,1.81,106.12,10.0,2026-10-11,1.09,2.07,57.1,1.84,9.23,8.17,-4.36,2.4,7,2026-06-24 to 2026-10-08 (75 days),0.841,43.7,0.1488,108.01,101.64,BULLISH,LOW,High volume; Strong trend (ADX=31); Last surprise: +2.0%; Size: Kelly 10.0% / VolTgt 10.0% / Blend 10.0%,10.0,-1.0,1.0,20,2026-10-29,1.98,0
2026-10-09T17:22:26,2026-10-09,XLU,HOLD,1,VWAP Trend,LOW,0,-7.6,41.07,1.79,40.33,2.44,42.07,0.0,2026-10-12,-4.28,-4.32,33.3,0.08,-16.79,11.09,-5.25,3.2,6,2026-06-24 to 2026-10-08 (75 days),-1.0,51.0,0.1733,42.07,43.77,BEARISH,LOW,Strong trend (ADX=37),7.0,-1.0,1.0,-1,,,0
2026-10-09T17:22:17,2026-10-09,HGV,HOLD,0,VWAP Trend,LOW,0,-7.65,34.56,5.13,0.0,4.07,0.0,0.0,2026-10-13,-2.12,-2.53,50.0,0.46,-27.6,51.42,-12.18,4.1,8,2026-06-24 to 2026-10-08 (75 days),-1.0,29.3,0.255,40.76,45.42,BEARISH,MEDIUM,RSI oversold; Strong trend (ADX=39); Last surprise: -11.9%; Earnings conf adj: -1,7.0,-1.0,1.0,20,2026-10-29,-11.88,-1
2026-10-09T17:21:33,2026-10-09,BRX,HOLD,0,ADX Trend Following,LOW,0,-7.98,27.08,2.0,0.0,1.81,0.0,0.0,2026-10-11,-1.56,-1.77,50.0,0.36,-9.05,29.76,-4.47,2.5,2,2026-06-24 to 2026-10-08 (75 days),-1.0,36.6,0.1451,28.7,28.79,BEARISH,LOW,Strong trend (ADX=35); Last surprise: -12.5%; Earnings conf adj: -1,7.0,-1.0,1.0,17,2026-10-26,-12.5,-1
2026-10-09T17:19:30,2026-10-09,EXC,HOLD,0,MACD Crossover,LOW,0,-8.24,41.73,1.91,0.0,2.65,0.0,0.0,2026-10-13,-3.67,-3.67,33.3,0.0,-22.55,8.06,-7.8,4.3,3,2026-06-24 to 2026-10-08 (75 days),-1.0,47.6,0.162,43.2,44.88,BEARISH,LOW,Strong trend (ADX=35); Last surprise: -4.4%,7.0,-1.0,1.0,21,2026-10-30,-4.44,0
2026-10-09T17:21:09,2026-10-09,AMH,HOLD,1,MACD Crossover,LOW,1,-8.27,30.49,1.88,29.92,2.53,31.26,0.0,2026-10-14,-2.07,-2.43,25.0,0.23,-17.29,1.56,-7.0,5.5,4,2026-06-24 to 2026-10-08 (75 days),-1.0,40.2,0.1368,32.34,31.06,BULLISH,LOW,Strong trend (ADX=41); Last surprise: +113.3%; Earnings conf adj: +1,7.0,-1.0,1.0,26,2026-11-04,113.33,1
2026-10-09T17:19:54,2026-10-09,LHX,HOLD,0,ADX Trend Following,LOW,1,-8.41,236.92,2.36,0.0,3.54,0.0,0.0,2026-10-26,-0.95,-1.35,50.0,0.17,-15.58,31.69,-8.16,17.5,2,2026-06-24 to 2026-10-08 (75 days),-1.0,33.7,0.1598,259.24,307.28,BEARISH,LOW,Strong trend (ADX=70); Last surprise: +27.8%; Earnings conf adj: +1,7.0,-1.0,1.0,20,2026-10-29,27.82,1
2026-10-09T17:19:52,2026-10-09,KIM,HOLD,0,MACD Crossover,LOW,1,-8.57,22.09,1.63,0.0,2.66,0.0,0.0,2026-10-16,-2.64,-3.05,25.0,0.03,-20.35,15.12,-7.39,7.8,4,2026-06-24 to 2026-10-08 (75 days),-1.0,34.4,0.1209,23.37,22.87,BULLISH,LOW,Strong trend (ADX=43); Last surprise: +10.0%; Earnings conf adj: +1,7.0,-1.0,1.0,20,2026-10-29,10.0,1
2026-10-09T17:20:29,2026-10-09,SYY,HOLD,0,ADX Trend Following,LOW,0,-8.68,78.2,2.6,0.0,3.9,0.0,0.0,2026-10-14,-0.32,-0.41,25.0,0.83,-3.05,2.38,-3.16,5.2,4,2026-06-24 to 2026-10-08 (75 days),-1.0,47.4,0.2288,80.71,78.77,BULLISH,MEDIUM,Last surprise: +1.3%,7.0,-1.0,1.0,25,2026-11-03,1.32,0
2026-10-09T17:19:11,2026-10-09,CHRW,HOLD,0,MACD Crossover,LOW,1,-8.84,141.34,9.01,0.0,13.52,0.0,0.0,2026-10-25,-1.29,-1.48,50.0,0.38,-41.35,11.74,-22.94,16.0,4,2026-06-24 to 2026-10-08 (75 days),-1.0,42.4,0.5185,147.98,170.66,BEARISH,HIGH,Strong trend (ADX=31); Last surprise: +5.9%; Earnings conf adj: +1,3.62,-1.0,1.0,19,2026-10-28,5.92,1
2026-10-09T17:21:04,2026-10-09,ULS,HOLD,0,ADX Trend Following,LOW,1,-8.9,70.65,6.24,0.0,6.31,0.0,0.0,2026-10-13,-1.66,-1.71,50.0,0.26,-23.37,36.6,-9.75,4.0,2,2026-06-24 to 2026-10-08 (75 days),-1.0,55.5,0.4005,72.82,83.0,BEARISH,HIGH,High volume; Strong trend (ADX=34); Last surprise: +5.4%; Earnings conf adj: +1,4.68,-1.0,1.0,25,2026-11-03,5.36,1
2026-10-09T17:22:13,2026-10-09,POST,HOLD,0,Stochastic Oscillator,MEDIUM,2,-8.96,74.23,3.64,0.0,5.46,0.0,0.0,2026-11-14,0.58,0.96,50.0,1.55,11.39,61.11,-15.01,36.5,2,2026-06-24 to 2026-10-08 (75 days),-1.0,41.7,0.2303,79.93,93.67,BEARISH,MEDIUM,Strong trend (ADX=35); Last surprise: +4.1%,8.14,-1.0,1.0,41,2026-11-19,4.09,0
2026-10-09T17:19:59,2026-10-09,MCD,HOLD,0,ADX Trend Following,LOW,0,-8.97,236.9,3.05,0.0,4.57,0.0,0.0,2026-11-01,-0.96,-1.3,50.0,0.07,-14.22,23.27,-6.73,23.5,2,2026-06-24 to 2026-10-08 (75 days),-1.0,39.1,0.2399,255.44,284.8,BEARISH,MEDIUM,High volume; Strong trend (ADX=65); Last surprise: +1.8%,7.0,-1.0,1.0,26,2026-11-04,1.81,0
2026-10-09T17:21:16,2026-10-09,AHR,HOLD,0,ADX Trend Following,MEDIUM,2,-9.6,50.44,2.36,0.0,5.9,0.0,0.0,2026-11-04,0.34,0.51,50.0,1.81,5.19,-0.55,-8.89,26.5,2,2026-06-24 to 2026-10-08 (75 days),-1.0,37.1,0.1565,53.61,50.58,BULLISH,LOW,Strong trend (ADX=53); Last surprise: +7.1%; Earnings conf adj: +1,10.0,-1.0,1.0,27,2026-11-05,7.14,1
2026-10-09T17:19:07,2026-10-09,BXP,EXIT,-1,VWAP Trend,MEDIUM,2,-9.75,59.32,2.77,60.96,3.6,57.18,4.85,2026-10-14,-1.62,-2.22,60.0,0.3,-20.27,-2.85,-10.07,5.6,5,2026-06-24 to 2026-10-08 (75 days),-1.0,32.1,0.1933,65.27,61.28,BULLISH,LOW,Strong trend (ADX=37); Last surprise: +16.3%; Earnings conf adj: +1; Size: Kelly 0.0% / VolTgt 9.7% / Blend 4.8%,9.7,-1.0,1.0,18,2026-10-27,16.28,1
2026-10-09T17:20:47,2026-10-09,XYL,HOLD,0,MACD Crossover,LOW,1,-9.79,101.99,3.48,0.0,4.24,0.0,0.0,2026-10-13,-2.65,-2.66,33.3,0.01,-25.94,0.5,-8.5,4.7,3,2026-06-24 to 2026-10-08 (75 days),-1.0,38.1,0.2485,110.5,119.55,BEARISH,MEDIUM,Strong trend (ADX=31); Last surprise: +9.0%; Earnings conf adj: +1,7.0,-1.0,1.0,18,2026-10-27,8.96,1
2026-10-09T17:22:00,2026-10-09,BYD,HOLD,0,MACD Crossover,LOW,0,-9.84,70.0,4.24,0.0,4.25,0.0,0.0,2026-10-14,-4.37,-4.32,25.0,0.01,-38.31,13.38,-13.32,5.5,4,2026-06-24 to 2026-10-08 (75 days),-1.0,39.0,0.2303,77.13,82.72,BEARISH,MEDIUM,Strong trend (ADX=40); Last surprise: +2.1%,7.0,-1.0,1.0,13,2026-10-22,2.12,0
2026-10-09T17:22:00,2026-10-09,KRG,HOLD,0,MACD Crossover,LOW,1,-9.86,24.08,2.28,0.0,2.88,0.0,0.0,2026-10-18,-3.9,-4.31,25.0,0.04,-27.36,16.7,-8.96,9.5,4,2026-06-24 to 2026-10-08 (75 days),-1.0,27.9,0.1188,25.88,25.74,BULLISH,LOW,RSI oversold; Strong trend (ADX=51); Last surprise: +260.0%; Earnings conf adj: +1,7.0,-1.0,1.0,21,2026-10-30,260.0,1
2026-10-09T17:21:25,2026-10-09,ONB,HOLD,0,VWAP Trend,LOW,0,-10.0,24.73,2.48,0.0,1.85,0.0,0.0,2026-10-10,-1.97,-2.48,41.7,0.6,-13.4,-3.4,-6.47,1.9,12,2026-06-24 to 2026-10-08 (75 days),-1.0,42.3,0.1709,25.71,24.22,BULLISH,LOW,Strong trend (ADX=37); Last surprise: +3.2%,7.0,-1.0,1.0,12,2026-10-21,3.17,0
2026-10-09T17:22:07,2026-10-09,UFPI,HOLD,0,Momentum (Rate of Change),LOW,0,-10.04,76.45,4.51,0.0,6.76,0.0,0.0,2026-10-27,-1.11,-1.66,50.0,0.37,-21.09,20.26,-10.72,18.0,2,2026-06-24 to 2026-10-08 (75 days),-1.0,36.3,0.286,84.25,90.15,BEARISH,MEDIUM,Last surprise: +5.0%,6.56,-1.0,1.0,19,2026-10-28,4.96,0
2026-10-09T17:20:44,2026-10-09,WDC,HOLD,0,VWAP Trend,LOW,1,-10.29,393.31,12.0,0.0,8.55,0.0,0.0,2026-10-11,0.49,0.84,42.9,1.29,12.8,94.11,-15.68,2.9,7,2026-06-24 to 2026-10-08 (75 days),-1.0,37.2,0.6373,460.24,404.61,BULLISH,HIGH,Last surprise: +7.9%; Earnings conf adj: +1,2.94,-1.0,1.0,13,2026-10-22,7.88,1
2026-10-09T17:21:37,2026-10-09,CNM,HOLD,0,VWAP Trend,LOW,1,-10.36,40.37,4.36,0.0,5.86,0.0,0.0,2026-10-17,-1.85,-2.35,40.0,0.5,-42.99,-2.01,-15.21,8.2,10,2026-06-24 to 2026-10-08 (75 days),-1.0,36.5,0.26,43.48,48.95,BEARISH,MEDIUM,Last surprise: +5.6%; Earnings conf adj: +1,7.0,-1.0,1.0,60,2026-12-08,5.62,1
2026-10-09T17:19:52,2026-10-09,KMB,HOLD,0,ADX Trend Following,LOW,1,-10.41,97.74,2.28,0.0,3.42,0.0,0.0,2026-10-23,-0.7,-0.92,50.0,0.18,-10.59,12.23,-8.74,14.5,2,2026-06-24 to 2026-10-08 (75 days),-1.0,44.5,0.179,103.31,100.36,BULLISH,LOW,Last surprise: +5.5%; Earnings conf adj: +1,7.0,-1.0,1.0,25,2026-11-03,5.47,1
2026-10-09T17:19:37,2026-10-09,GE,HOLD,1,VWAP Trend,LOW,1,-10.45,305.62,3.88,293.76,3.24,315.52,0.0,2026-10-12,-2.7,-2.91,37.5,0.28,-32.32,12.99,-14.21,3.1,8,2026-06-24 to 2026-10-08 (75 days),-1.0,35.5,0.2338,337.16,323.11,BULLISH,MEDIUM,Last surprise: +8.6%; Earnings conf adj: +1,7.0,-1.0,1.0,11,2026-10-20,8.6,1
2026-10-09T17:22:22,2026-10-09,TLT,HOLD,0,VWAP Trend,LOW,0,-10.6,77.87,1.5,0.0,1.88,0.0,0.0,2026-10-14,-2.32,-2.89,33.3,0.27,-17.6,11.18,-6.31,5.0,9,2026-06-24 to 2026-10-08 (75 days),-1.0,36.1,0.107,80.73,83.58,BEARISH,LOW,Strong trend (ADX=48),7.0,-1.0,1.0,-1,,,0
2026-10-09T17:19:40,2026-10-09,GS,HOLD,0,EMA Crossover (9/21),LOW,0,-10.62,882.59,3.33,0.0,6.39,0.0,0.0,2026-10-19,-0.81,-1.25,50.0,0.16,-20.08,28.29,-14.96,10.5,2,2026-06-24 to 2026-10-08 (75 days),-1.0,29.2,0.2503,990.2,952.59,BULLISH,MEDIUM,RSI oversold; Strong trend (ADX=58); Earnings in 4d (2026-10-13); Last surprise: +44.3%,7.0,-1.0,1.0,4,2026-10-13,44.29,0
2026-10-09T17:20:07,2026-10-09,NRG,HOLD,0,VWAP Trend,LOW,0,-10.63,106.32,8.23,0.0,9.64,0.0,0.0,2026-10-16,-0.44,-0.65,36.4,0.85,-22.49,39.92,-19.48,7.4,11,2026-06-24 to 2026-10-08 (75 days),-1.0,51.4,0.4499,111.92,139.15,BEARISH,HIGH,High volume; Strong trend (ADX=44); Last surprise: -14.4%; Earnings conf adj: -1,4.17,-1.0,1.0,27,2026-11-05,-14.37,-1
2026-10-09T17:18:59,2026-10-09,AOS,HOLD,0,Stochastic Oscillator,LOW,1,-10.82,56.56,3.6,0.0,5.4,0.0,0.0,2026-11-03,0.24,0.35,50.0,1.25,2.89,20.25,-8.67,25.5,2,2026-06-24 to 2026-10-08 (75 days),-1.0,42.5,0.2029,59.67,63.61,BEARISH,MEDIUM,Strong trend (ADX=34); Last surprise: +12.0%; Earnings conf adj: +1,7.0,-1.0,1.0,20,2026-10-29,11.96,1
2026-10-09T17:22:03,2026-10-09,MIDD,HOLD,0,EMA Crossover (9/21),LOW,1,-11.48,105.4,3.78,0.0,3.43,0.0,0.0,2026-10-13,-2.94,-2.93,50.0,0.01,-39.65,18.25,-13.78,4.0,2,2026-06-24 to 2026-10-08 (75 days),-1.0,38.6,0.218,114.58,121.18,BEARISH,MEDIUM,Strong trend (ADX=38); Last surprise: +12.4%; Earnings conf adj: +1,7.0,-1.0,1.0,27,2026-11-05,12.44,1
2026-10-09T17:19:03,2026-10-09,BA,HOLD,-1,VWAP Trend,LOW,0,-11.49,187.75,4.92,196.99,5.37,177.67,0.0,2026-10-12,-0.79,-1.08,50.0,0.64,-15.67,26.27,-11.83,3.5,8,2026-06-24 to 2026-10-08 (75 days),-1.0,36.1,0.3643,210.37,220.37,BEARISH,MEDIUM,Strong trend (ADX=36); Last surprise: -145.2%; Earnings conf adj: -1,5.15,-1.0,1.0,18,2026-10-27,-145.16,-1
2026-10-09T17:19:34,2026-10-09,FICO,HOLD,0,RSI Mean Reversion,LOW,0,-11.55,707.43,12.0,0.0,18.0,0.0,0.0,2026-10-10,0.0,0.0,0.0,0.0,0.0,80.33,0.0,0.0,0,2026-06-24 to 2026-10-08 (75 days),-1.0,33.9,1.1052,979.37,1197.24,BEARISH,HIGH,Strong trend (ADX=48); Last surprise: +3.4%,1.7,-1.0,1.0,26,2026-11-04,3.4,0
2026-10-09T17:20:01,2026-10-09,MGM,HOLD,0,Bollinger Band Mean Reversion,LOW,0,-11.55,30.01,8.76,0.0,10.4,0.0,0.0,2026-10-10,0.0,0.0,0.0,0.0,0.0,78.44,0.0,0.0,0,2026-06-24 to 2026-10-08 (75 days),-1.0,14.3,0.4175,39.72,39.62,BULLISH,HIGH,RSI oversold; Strong trend (ADX=72); Last surprise: +1.7%,4.49,-1.0,1.0,19,2026-10-28,1.72,0
2026-10-09T17:19:25,2026-10-09,DUK,HOLD,0,VWAP Trend,LOW,1,-11.62,116.84,1.52,0.0,1.9,0.0,0.0,2026-10-12,-1.15,-1.43,44.4,0.69,-10.98,10.48,-8.58,3.8,9,2026-06-24 to 2026-10-08 (75 days),-1.0,50.3,0.1236,119.51,122.4,BEARISH,LOW,Strong trend (ADX=37); Last surprise: +10.0%; Earnings conf adj: +1,7.0,-1.0,1.0,27,2026-11-05,10.0,1
2026-10-09T17:21:16,2026-10-09,FHN,HOLD,0,Momentum (Rate of Change),LOW,0,-11.62,23.31,2.21,0.0,4.42,0.0,0.0,2026-11-04,-1.55,-1.92,50.0,0.18,-21.71,0.63,-8.94,26.5,2,2026-06-24 to 2026-10-08 (75 days),-1.0,42.7,0.1748,24.4,24.1,BULLISH,LOW,Strong trend (ADX=41); Last surprise: +3.8%,7.0,-1.0,1.0,6,2026-10-15,3.85,0
2026-10-09T17:20:52,2026-10-09,CW,HOLD,0,RSI Mean Reversion,LOW,0,-11.69,507.29,4.81,0.0,7.21,0.0,0.0,2026-10-10,0.0,0.0,0.0,0.0,0.0,75.04,0.0,0.0,0,2026-06-24 to 2026-10-08 (75 days),-1.0,27.3,0.3473,609.73,675.92,BEARISH,MEDIUM,RSI oversold; Price at statistical extreme; Strong trend (ADX=33); Last surprise: +2.8%,5.4,-1.0,1.0,26,2026-11-04,2.76,0
2026-10-09T17:21:43,2026-10-09,SARO,HOLD,0,RSI Mean Reversion,LOW,0,-11.82,20.33,4.88,0.0,6.26,0.0,0.0,2026-10-10,-1.85,-1.85,0.0,0.0,-0.34,62.18,-0.1,0.0,0,2026-06-24 to 2026-10-08 (75 days),-1.0,23.7,0.2513,24.81,27.31,BEARISH,MEDIUM,RSI oversold; Strong trend (ADX=52); Last surprise: -3.3%,7.0,-1.0,1.0,32,2026-11-10,-3.33,0
2026-10-09T17:20:55,2026-10-09,MTZ,HOLD,0,RSI Mean Reversion,LOW,0,-11.88,216.66,9.43,0.0,13.05,0.0,0.0,2026-10-10,0.0,0.0,0.0,0.0,0.0,86.85,0.0,0.0,0,2026-06-24 to 2026-10-08 (75 days),-1.0,42.5,0.524,244.64,305.41,BEARISH,HIGH,Last surprise: -0.4%,3.58,-1.0,1.0,20,2026-10-29,-0.45,0
2026-10-09T17:19:57,2026-10-09,LVS,HOLD,0,SMA Crossover (10/50),LOW,0,-12.03,36.1,3.01,0.0,4.44,0.0,0.0,2026-10-10,0.0,0.0,0.0,0.0,0.0,60.6,0.0,0.0,0,2026-06-24 to 2026-10-08 (75 days),-1.0,22.4,0.1782,42.93,50.64,BEARISH,LOW,RSI oversold; Strong trend (ADX=78); Last surprise: -22.4%; Earnings conf adj: -1,7.0,-1.0,1.0,12,2026-10-21,-22.37,-1
2026-10-09T17:20:07,2026-10-09,NOC,HOLD,0,ADX Trend Following,LOW,1,-12.14,484.48,3.67,0.0,5.5,0.0,0.0,2026-11-06,-0.28,-0.37,50.0,0.14,-6.49,4.14,-12.62,28.5,2,2026-06-24 to 2026-10-08 (75 days),-1.0,36.5,0.2475,531.87,592.26,BEARISH,MEDIUM,Strong trend (ADX=61); Last surprise: +12.6%; Earnings conf adj: +1,7.0,-1.0,1.0,11,2026-10-20,12.61,1
2026-10-09T17:22:02,2026-10-09,SON,HOLD,0,VWAP Trend,LOW,0,-12.15,48.4,2.83,0.0,2.02,0.0,0.0,2026-10-11,-1.77,-2.05,44.4,0.5,-20.5,6.29,-10.81,2.3,9,2026-06-24 to 2026-10-08 (75 days),-1.0,37.0,0.1695,53.17,51.34,BULLISH,LOW,Strong trend (ADX=35); Last surprise: +2.0%,7.0,-1.0,1.0,12,2026-10-21,2.03,0
2026-10-09T17:21:54,2026-10-09,ORA,HOLD,0,RSI Mean Reversion,LOW,1,-12.18,88.64,4.86,0.0,7.29,0.0,0.0,2026-10-10,0.0,0.0,0.0,0.0,0.0,68.16,0.0,0.0,0,2026-06-24 to 2026-10-08 (75 days),-1.0,37.2,0.3864,100.64,113.33,BEARISH,MEDIUM,Strong trend (ADX=32); Last surprise: +92.3%; Earnings conf adj: +1,4.85,-1.0,1.0,26,2026-11-04,92.31,1
2026-10-09T17:21:47,2026-10-09,TEX,HOLD,0,Composite Multi-Indicator,LOW,1,-12.19,52.35,6.7,0.0,9.76,0.0,0.0,2026-10-10,0.0,0.0,0.0,0.0,0.0,62.68,0.0,0.0,0,2026-06-24 to 2026-10-08 (75 days),-1.0,33.1,0.3922,61.47,61.95,BEARISH,MEDIUM,Strong trend (ADX=37); Last surprise: +11.4%; Earnings conf adj: +1,4.78,-1.0,1.0,20,2026-10-29,11.38,1
2026-10-09T17:21:42,2026-10-09,VLY,HOLD,0,ADX Trend Following,LOW,0,-12.23,12.75,2.86,0.0,4.01,0.0,0.0,2026-10-15,-0.49,-0.65,33.3,0.74,-5.11,30.26,-4.14,6.7,3,2026-06-24 to 2026-10-08 (75 days),-1.0,38.7,0.1968,13.75,13.16,BULLISH,LOW,Strong trend (ADX=49); Last surprise: -3.2%,7.0,-1.0,1.0,13,2026-10-22,-3.23,0
2026-10-09T17:22:18,2026-10-09,VC,HOLD,0,RSI Mean Reversion,LOW,0,-12.25,86.15,4.65,0.0,6.78,0.0,0.0,2026-10-10,0.0,0.0,0.0,0.0,0.0,65.47,0.0,0.0,0,2026-06-24 to 2026-10-08 (75 days),-1.0,27.7,0.2723,98.89,100.72,BEARISH,MEDIUM,RSI oversold; Strong trend (ADX=54); Last surprise: -12.8%; Earnings conf adj: -1,6.89,-1.0,1.0,13,2026-10-22,-12.79,-1
2026-10-09T17:19:00,2026-10-09,APP,HOLD,0,ADX Trend Following,LOW,0,-12.26,280.12,10.34,0.0,12.13,0.0,0.0,2026-10-18,-1.97,-2.21,33.3,0.33,-49.55,32.64,-24.44,9.3,3,2026-06-24 to 2026-10-08 (75 days),-1.0,36.5,0.505,320.71,448.08,BEARISH,HIGH,Strong trend (ADX=33); Last surprise: +0.5%,3.71,-1.0,1.0,26,2026-11-04,0.53,0
2026-10-09T17:22:17,2026-10-09,KBH,HOLD,0,SMA Crossover (10/50),LOW,1,-12.28,44.37,4.91,0.0,6.74,0.0,0.0,2026-10-10,-1.85,-1.85,0.0,0.0,-0.34,66.3,-0.1,0.0,0,2026-06-24 to 2026-10-08 (75 days),-1.0,30.3,0.2709,51.8,54.37,BEARISH,MEDIUM,Strong trend (ADX=37); Last surprise: +16.7%; Earnings conf adj: +1,6.92,-1.0,1.0,69,2026-12-17,16.67,1
2026-10-09T17:22:06,2026-10-09,ESAB,HOLD,0,RSI Mean Reversion,LOW,0,-12.31,64.88,10.51,0.0,13.29,0.0,0.0,2026-10-10,0.0,0.0,0.0,0.0,0.0,74.18,0.0,0.0,0,2026-06-24 to 2026-10-08 (75 days),-1.0,38.8,0.5336,76.13,96.87,BEARISH,HIGH,High volume; Last surprise: -2.9%,3.51,-1.0,1.0,26,2026-11-04,-2.92,0
2026-10-09T17:19:23,2026-10-09,DOC,HOLD,-1,Momentum (Rate of Change),LOW,1,-12.35,18.52,2.67,19.01,5.34,17.53,0.0,2026-10-31,-1.98,-2.62,50.0,0.1,-20.77,8.71,-11.3,22.0,2,2026-06-24 to 2026-10-08 (75 days),-1.0,24.5,0.1995,20.52,18.53,BULLISH,LOW,RSI oversold; High volume; Price at statistical extreme; Strong trend (ADX=54); Last surprise: +166.7%; Earnings conf adj: +1,7.0,-1.0,1.0,24,2026-11-02,166.67,1
2026-10-09T17:21:57,2026-10-09,EXP,HOLD,0,RSI Mean Reversion,LOW,0,-12.37,167.3,4.06,0.0,5.1,0.0,0.0,2026-10-10,0.0,0.0,0.0,0.0,0.0,67.79,0.0,0.0,0,2026-06-24 to 2026-10-08 (75 days),-1.0,29.1,0.2049,192.05,205.75,BEARISH,MEDIUM,RSI oversold; Strong trend (ADX=48); Last surprise: -2.7%,7.0,-1.0,1.0,20,2026-10-29,-2.66,0
2026-10-09T17:21:36,2026-10-09,KTOS,HOLD,0,Composite Multi-Indicator,LOW,1,-12.39,41.93,7.34,0.0,8.45,0.0,0.0,2026-10-10,0.0,0.0,0.0,0.0,0.0,36.67,0.0,0.0,0,2026-06-24 to 2026-10-08 (75 days),-1.0,32.9,0.3395,50.77,68.35,BEARISH,MEDIUM,Strong trend (ADX=48); Last surprise: +40.0%; Earnings conf adj: +1,5.52,-1.0,1.0,25,2026-11-03,40.0,1
2026-10-09T17:22:00,2026-10-09,STWD,HOLD,0,RSI Mean Reversion,LOW,0,-12.59,12.75,3.12,0.0,4.6,0.0,0.0,2026-10-10,0.0,0.0,0.0,0.0,0.0,49.7,0.0,0.0,0,2026-06-24 to 2026-10-08 (75 days),-1.0,17.9,0.1847,14.91,15.98,BEARISH,LOW,RSI oversold; Strong trend (ADX=72); Last surprise: +0.0%,7.0,-1.0,1.0,31,2026-11-09,0.0,0
2026-10-09T17:19:48,2026-10-09,IP,HOLD,0,SMA Crossover (10/50),LOW,1,-12.65,31.88,4.68,0.0,6.92,0.0,0.0,2026-10-10,-1.85,-1.85,0.0,0.0,-0.34,44.02,-0.1,0.0,0,2026-06-24 to 2026-10-08 (75 days),-1.0,29.4,0.2779,37.3,37.16,BULLISH,MEDIUM,RSI oversold; Strong trend (ADX=50); Last surprise: +200.0%; Earnings conf adj: +1,6.75,-1.0,1.0,19,2026-10-28,200.0,1
2026-10-09T17:22:13,2026-10-09,PLNT,HOLD,0,RSI Mean Reversion,LOW,0,-12.78,44.03,9.65,0.0,12.93,0.0,0.0,2026-10-10,0.0,0.0,0.0,0.0,0.0,49.65,0.0,0.0,0,2026-06-24 to 2026-10-08 (75 days),-1.0,44.0,0.5191,49.15,66.46,BEARISH,HIGH,Last surprise: +3.5%,3.61,-1.0,1.0,27,2026-11-05,3.53,0
2026-10-09T17:21:29,2026-10-09,SIRI,HOLD,0,ADX Trend Following,LOW,0,-12.84,26.33,3.84,0.0,7.68,0.0,0.0,2026-11-12,-0.78,-1.13,50.0,0.09,-22.02,-6.69,-12.89,34.0,2,2026-06-24 to 2026-10-08 (75 days),-1.0,42.1,0.2646,28.15,25.38,BULLISH,MEDIUM,Strong trend (ADX=35); Last surprise: -10.3%; Earnings conf adj: -1,7.0,-1.0,1.0,20,2026-10-29,-10.26,-1
2026-10-09T17:21:09,2026-10-09,BWXT,HOLD,0,SMA Crossover (10/50),LOW,0,-12.88,142.22,5.89,0.0,8.83,0.0,0.0,2026-10-10,0.0,0.0,0.0,0.0,0.0,71.37,0.0,0.0,0,2026-06-24 to 2026-10-08 (75 days),-1.0,45.4,0.3688,154.17,188.63,BEARISH,MEDIUM,Last surprise: +2.9%,5.08,-1.0,1.0,24,2026-11-02,2.88,0
2026-10-09T17:22:00,2026-10-09,FND,HOLD,0,RSI Mean Reversion,LOW,0,-12.89,46.5,5.93,0.0,8.71,0.0,0.0,2026-10-10,0.0,0.0,0.0,0.0,0.0,49.83,0.0,0.0,0,2026-06-24 to 2026-10-08 (75 days),-1.0,43.7,0.3498,51.71,56.23,BEARISH,MEDIUM,Last surprise: +3.6%,5.36,-1.0,1.0,20,2026-10-29,3.57,0
2026-10-09T17:20:21,2026-10-09,ROL,HOLD,0,SMA Crossover (10/50),LOW,0,-12.94,32.26,4.6,0.0,6.9,0.0,0.0,2026-10-10,0.0,0.0,0.0,0.0,0.0,66.1,0.0,0.0,0,2026-06-24 to 2026-10-08 (75 days),-1.0,48.0,0.3862,34.61,48.72,BEARISH,MEDIUM,High volume; Strong trend (ADX=41); Last surprise: -5.9%; Earnings conf adj: -1,4.85,-1.0,1.0,12,2026-10-21,-5.88,-1
2026-10-09T17:20:38,2026-10-09,UNH,HOLD,0,MACD Crossover,MEDIUM,2,-13.01,370.95,2.6,0.0,3.33,0.0,0.0,2026-10-13,-0.94,-1.31,57.1,0.63,-11.76,13.03,-8.05,4.6,7,2026-06-24 to 2026-10-08 (75 days),-1.0,41.5,0.1971,388.51,353.59,BULLISH,LOW,Earnings in 4d (2026-10-13); Last surprise: +29.7%; Earnings conf adj: +1,9.51,-1.0,1.0,4,2026-10-13,29.67,1
2026-10-09T17:21:21,2026-10-09,AGNC,HOLD,0,RSI Mean Reversion,LOW,1,-13.02,8.68,4.11,0.0,5.7,0.0,0.0,2026-10-10,-2.63,-2.61,0.0,0.0,-0.68,37.98,-0.2,0.0,0,2026-06-24 to 2026-10-08 (75 days),-1.0,25.7,0.2289,10.08,10.09,BEARISH,MEDIUM,RSI oversold; Strong trend (ADX=76); Last surprise: +5.3%; Earnings conf adj: +1,7.0,-1.0,1.0,10,2026-10-19,5.26,1
2026-10-09T17:21:12,2026-10-09,WSO,HOLD,0,RSI Mean Reversion,LOW,0,-13.05,282.23,4.75,0.0,6.69,0.0,0.0,2026-10-10,0.0,0.0,0.0,0.0,0.0,68.86,0.0,0.0,0,2026-06-24 to 2026-10-08 (75 days),-1.0,28.4,0.2687,311.6,366.8,BEARISH,MEDIUM,RSI oversold; Strong trend (ADX=49); Last surprise: -8.9%; Earnings conf adj: -1,6.98,-1.0,1.0,18,2026-10-27,-8.88,-1
2026-10-09T17:20:36,2026-10-09,TXT,HOLD,0,RSI Mean Reversion,LOW,0,-13.22,73.22,3.45,0.0,5.18,0.0,0.0,2026-10-10,0.0,0.0,0.0,0.0,0.0,43.35,0.0,0.0,0,2026-06-24 to 2026-10-08 (75 days),-1.0,27.6,0.2106,81.75,89.3,BEARISH,MEDIUM,RSI oversold; Strong trend (ADX=38); Last surprise: +4.5%,7.0,-1.0,1.0,20,2026-10-29,4.52,0
2026-10-09T17:21:52,2026-10-09,GBCI,HOLD,-1,VWAP Trend,LOW,0,-13.24,42.98,2.35,43.99,1.89,42.17,0.0,2026-10-12,-0.87,-1.29,33.3,0.75,-8.21,30.45,-6.27,3.2,9,2026-06-24 to 2026-10-08 (75 days),-1.0,34.9,0.1341,46.13,47.04,BEARISH,LOW,Strong trend (ADX=44); Last surprise: +0.0%,7.0,-1.0,1.0,13,2026-10-22,0.0,0
2026-10-09T17:22:14,2026-10-09,FOUR,HOLD,0,Multi-Factor Momentum MR,LOW,1,-13.4,39.52,8.58,0.0,11.23,0.0,0.0,2026-10-10,0.0,0.0,0.0,0.0,0.0,31.8,0.0,0.0,0,2026-06-24 to 2026-10-08 (75 days),-1.0,47.8,0.4511,43.39,48.38,BEARISH,HIGH,Strong trend (ADX=30); Last surprise: +6.5%; Earnings conf adj: +1,4.16,-1.0,1.0,27,2026-11-05,6.45,1
2026-10-09T17:22:16,2026-10-09,BHF,HOLD,0,Multi-Factor Momentum MR,LOW,0,-13.4,48.99,4.89,0.0,6.91,0.0,0.0,2026-10-10,0.0,0.0,0.0,0.0,0.0,57.74,0.0,0.0,0,2026-06-24 to 2026-10-08 (75 days),-1.0,33.7,0.2774,53.89,60.52,BEARISH,MEDIUM,Strong trend (ADX=34); Last surprise: -6.7%; Earnings conf adj: -1,6.76,-1.0,1.0,27,2026-11-05,-6.71,-1
2026-10-09T17:21:15,2026-10-09,ALLY,HOLD,0,RSI Mean Reversion,LOW,0,-13.43,37.83,2.44,0.0,3.66,0.0,0.0,2026-10-10,0.0,0.0,0.0,0.0,0.0,45.64,0.0,0.0,0,2026-06-24 to 2026-10-08 (75 days),-1.0,31.6,0.1622,41.58,42.12,BEARISH,LOW,Strong trend (ADX=52); Last surprise: -0.8%,7.0,-1.0,1.0,11,2026-10-20,-0.82,0
2026-10-09T17:21:55,2026-10-09,CHDN,HOLD,0,RSI Mean Reversion,LOW,0,-13.48,76.16,5.81,0.0,8.71,0.0,0.0,2026-10-10,0.0,0.0,0.0,0.0,0.0,30.11,0.0,0.0,0,2026-06-24 to 2026-10-08 (75 days),-1.0,40.2,0.3725,84.28,90.43,BEARISH,MEDIUM,Strong trend (ADX=40); Last surprise: +0.6%,5.03,-1.0,1.0,19,2026-10-28,0.58,0
2026-10-09T17:20:01,2026-10-09,MLM,HOLD,0,RSI Mean Reversion,LOW,1,-13.49,481.57,4.09,0.0,5.43,0.0,0.0,2026-10-10,0.0,0.0,0.0,0.0,0.0,56.67,0.0,0.0,0,2026-06-24 to 2026-10-08 (75 days),-1.0,40.1,0.2179,514.37,585.08,BEARISH,MEDIUM,Last surprise: +7.8%; Earnings conf adj: +1,7.0,-1.0,1.0,25,2026-11-03,7.76,1
2026-10-09T17:21:24,2026-10-09,WMS,HOLD,0,RSI Mean Reversion,LOW,1,-13.54,126.21,4.71,0.0,6.42,0.0,0.0,2026-10-10,0.0,0.0,0.0,0.0,0.0,42.96,0.0,0.0,0,2026-06-24 to 2026-10-08 (75 days),-1.0,41.1,0.2578,135.61,144.91,BEARISH,MEDIUM,Last surprise: +17.5%; Earnings conf adj: +1,7.0,-1.0,1.0,27,2026-11-05,17.45,1
2026-10-09T17:19:41,2026-10-09,HD,HOLD,0,Composite Multi-Indicator,LOW,0,-13.71,295.47,3.39,0.0,5.08,0.0,0.0,2026-10-10,0.0,0.0,0.0,0.0,0.0,38.22,0.0,0.0,0,2026-06-24 to 2026-10-08 (75 days),-1.0,45.8,0.2418,317.29,333.46,BEARISH,MEDIUM,High volume; Strong trend (ADX=42); Last surprise: +4.0%,7.0,-1.0,1.0,39,2026-11-17,4.02,0
2026-10-09T17:20:40,2026-10-09,VRSK,HOLD,1,MACD Crossover,LOW,0,-13.72,175.49,3.78,168.86,5.67,185.44,0.0,2026-11-03,0.3,0.42,50.0,1.35,4.66,12.2,-15.82,25.0,2,2026-06-24 to 2026-10-08 (75 days),-1.0,52.3,0.363,180.59,188.11,BEARISH,MEDIUM,Last surprise: +2.6%,5.17,-1.0,1.0,27,2026-11-05,2.59,0
2026-10-09T17:20:39,2026-10-09,VICI,HOLD,0,SMA Crossover (10/50),LOW,0,-13.73,22.79,1.89,0.0,2.83,0.0,0.0,2026-10-10,0.0,0.0,0.0,0.0,0.0,37.95,0.0,0.0,0,2026-06-24 to 2026-10-08 (75 days),-1.0,31.9,0.151,24.72,26.43,BEARISH,LOW,High volume; Strong trend (ADX=65); Last surprise: -32.4%; Earnings conf adj: -1,7.0,-1.0,1.0,19,2026-10-28,-32.39,-1
2026-10-09T17:22:03,2026-10-09,GNTX,HOLD,0,RSI Mean Reversion,LOW,1,-13.76,21.15,2.46,0.0,3.69,0.0,0.0,2026-10-10,0.0,0.0,0.0,0.0,0.0,41.66,0.0,0.0,0,2026-06-24 to 2026-10-08 (75 days),-1.0,33.6,0.168,22.75,23.08,BEARISH,LOW,Price at statistical extreme; Strong trend (ADX=48); Last surprise: +16.0%; Earnings conf adj: +1,7.0,-1.0,1.0,14,2026-10-23,16.0,1
2026-10-09T17:19:54,2026-10-09,LEN,HOLD,0,RSI Mean Reversion,LOW,0,-13.88,77.6,8.26,0.0,11.37,0.0,0.0,2026-10-10,0.0,0.0,0.0,0.0,0.0,43.58,0.0,0.0,0,2026-06-24 to 2026-10-08 (75 days),-1.0,44.4,0.4568,82.48,92.28,BEARISH,HIGH,Strong trend (ADX=30); Last surprise: -4.7%,4.1,-1.0,1.0,67,2026-12-15,-4.65,0
2026-10-09T17:19:36,2026-10-09,FRT,HOLD,0,RSI Mean Reversion,LOW,1,-13.9,105.46,1.86,0.0,2.52,0.0,0.0,2026-10-10,0.0,0.0,0.0,0.0,0.0,39.38,0.0,0.0,0,2026-06-24 to 2026-10-08 (75 days),-1.0,25.5,0.1011,113.74,110.34,BULLISH,LOW,RSI oversold; Strong trend (ADX=70); Last surprise: +34.7%; Earnings conf adj: +1,7.0,-1.0,1.0,21,2026-10-30,34.72,1
2026-10-09T17:21:15,2026-10-09,GLPI,HOLD,0,SMA Crossover (10/50),LOW,0,-13.94,38.26,2.06,0.0,3.09,0.0,0.0,2026-10-10,0.0,0.0,0.0,0.0,0.0,40.05,0.0,0.0,0,2026-06-24 to 2026-10-08 (75 days),-1.0,37.7,0.1593,40.89,43.51,BEARISH,LOW,Strong trend (ADX=52); Last surprise: +0.0%,7.0,-1.0,1.0,20,2026-10-29,0.0,0
2026-10-09T17:19:47,2026-10-09,INCY,HOLD,-1,Momentum (Rate of Change),LOW,1,-13.95,112.75,4.46,117.78,8.92,102.69,0.0,2026-11-23,0.26,0.45,50.0,1.29,3.36,-10.76,-16.35,45.5,2,2026-06-24 to 2026-10-08 (75 days),-1.0,31.3,0.2387,122.81,107.15,BULLISH,MEDIUM,Strong trend (ADX=42); Last surprise: +43.7%; Earnings conf adj: +1,7.0,-1.0,1.0,20,2026-10-29,43.72,1
2026-10-09T17:19:51,2026-10-09,KEY,HOLD,0,Composite Multi-Indicator,LOW,0,-13.99,20.1,2.85,0.0,5.47,0.0,0.0,2026-10-10,0.0,0.0,0.0,0.0,0.0,35.87,0.0,0.0,0,2026-06-24 to 2026-10-08 (75 days),-1.0,37.1,0.2196,21.52,21.25,BULLISH,MEDIUM,Strong trend (ADX=44); Last surprise: +4.8%,7.0,-1.0,1.0,11,2026-10-20,4.76,0
2026-10-09T17:20:37,2026-10-09,UDR,HOLD,0,PEAD Earnings Drift,LOW,1,-14.0,33.57,2.06,0.0,3.09,0.0,0.0,2026-10-10,0.0,0.0,0.0,0.0,0.0,34.14,0.0,0.0,0,2026-06-24 to 2026-10-08 (75 days),-1.0,36.9,0.1453,35.92,36.41,BEARISH,LOW,Strong trend (ADX=37); Last surprise: +61.5%; Earnings conf adj: +1,7.0,-1.0,1.0,19,2026-10-28,61.54,1
2026-10-09T17:21:09,2026-10-09,DTM,HOLD,0,Composite Multi-Indicator,LOW,0,-14.07,123.76,2.68,0.0,4.02,0.0,0.0,2026-10-10,0.0,0.0,0.0,0.0,0.0,43.12,0.0,0.0,0,2026-06-24 to 2026-10-08 (75 days),-1.0,46.2,0.1705,128.18,132.88,BEARISH,LOW,Last surprise: -5.2%; Earnings conf adj: -1,7.0,-1.0,1.0,20,2026-10-29,-5.22,-1
2026-10-09T17:19:17,2026-10-09,CPT,HOLD,0,RSI Mean Reversion,LOW,0,-14.08,96.76,2.15,0.0,3.22,0.0,0.0,2026-10-10,0.0,0.0,0.0,0.0,0.0,33.48,0.0,0.0,0,2026-06-24 to 2026-10-08 (75 days),-1.0,37.1,0.1538,103.42,104.6,BEARISH,LOW,Strong trend (ADX=43); Last surprise: -33.3%; Earnings conf adj: -1,7.0,-1.0,1.0,27,2026-11-05,-33.33,-1
2026-10-09T17:19:24,2026-10-09,DOV,HOLD,0,RSI Mean Reversion,LOW,0,-14.09,188.96,2.5,0.0,3.75,0.0,0.0,2026-10-10,0.0,0.0,0.0,0.0,0.0,43.73,0.0,0.0,0,2026-06-24 to 2026-10-08 (75 days),-1.0,44.6,0.1527,196.4,209.05,BEARISH,LOW,Last surprise: +0.7%,7.0,-1.0,1.0,13,2026-10-22,0.74,0
2026-10-09T17:21:58,2026-10-09,POR,HOLD,0,RSI Mean Reversion,LOW,0,-14.11,45.35,3.52,0.0,5.28,0.0,0.0,2026-10-10,0.0,0.0,0.0,0.0,0.0,32.6,0.0,0.0,0,2026-06-24 to 2026-10-08 (75 days),-1.0,42.4,0.2485,47.69,49.26,BEARISH,MEDIUM,Strong trend (ADX=30); Last surprise: -4.5%,7.0,-1.0,1.0,20,2026-10-29,-4.48,0
2026-10-09T17:19:11,2026-10-09,CFG,HOLD,0,Composite Multi-Indicator,LOW,0,-14.18,64.09,2.99,0.0,5.98,0.0,0.0,2026-10-10,0.0,0.0,0.0,0.0,0.0,22.27,0.0,0.0,0,2026-06-24 to 2026-10-08 (75 days),-1.0,37.3,0.2405,69.18,64.69,BULLISH,MEDIUM,Strong trend (ADX=46); Last surprise: +4.0%,7.0,-1.0,1.0,7,2026-10-16,4.0,0
2026-10-09T17:22:05,2026-10-09,PSN,HOLD,0,RSI Mean Reversion,LOW,1,-14.24,43.02,5.59,0.0,7.36,0.0,0.0,2026-10-10,0.0,0.0,0.0,0.0,0.0,35.09,0.0,0.0,0,2026-06-24 to 2026-10-08 (75 days),-1.0,44.4,0.2956,45.76,55.44,BEARISH,MEDIUM,Strong trend (ADX=41); Last surprise: +13.2%; Earnings conf adj: +1,6.34,-1.0,1.0,19,2026-10-28,13.16,1
2026-10-09T17:20:31,2026-10-09,TFC,HOLD,0,RSI Mean Reversion,LOW,1,-14.29,46.18,2.88,0.0,4.32,0.0,0.0,2026-10-10,0.0,0.0,0.0,0.0,0.0,19.97,0.0,0.0,0,2026-06-24 to 2026-10-08 (75 days),-1.0,34.7,0.2043,49.78,49.0,BULLISH,MEDIUM,Strong trend (ADX=48); Last surprise: +13.9%; Earnings conf adj: +1,7.0,-1.0,1.0,7,2026-10-16,13.89,1
2026-10-09T17:21:49,2026-10-09,FNB,HOLD,0,Composite Multi-Indicator,LOW,0,-14.38,17.28,2.25,0.0,3.96,0.0,0.0,2026-10-10,0.0,0.0,0.0,0.0,0.0,25.56,0.0,0.0,0,2026-06-24 to 2026-10-08 (75 days),-1.0,39.4,0.1589,18.23,17.66,BULLISH,LOW,Strong trend (ADX=44); Last surprise: +0.0%,7.0,-1.0,1.0,10,2026-10-19,0.0,0
2026-10-09T17:19:31,2026-10-09,EXR,HOLD,0,RSI Mean Reversion,LOW,1,-14.39,133.12,2.35,0.0,3.53,0.0,0.0,2026-10-10,0.0,0.0,0.0,0.0,0.0,23.77,0.0,0.0,0,2026-06-24 to 2026-10-08 (75 days),-1.0,43.1,0.1901,139.82,138.95,BULLISH,LOW,High volume; Strong trend (ADX=31); Last surprise: +8.7%; Earnings conf adj: +1,7.0,-1.0,1.0,18,2026-10-27,8.7,1
2026-10-09T17:21:59,2026-10-09,SIGI,HOLD,0,Bollinger Band Mean Reversion,LOW,1,-14.39,85.13,2.34,0.0,3.51,0.0,0.0,2026-10-10,0.0,0.0,0.0,0.0,0.0,31.06,0.0,0.0,0,2026-06-24 to 2026-10-08 (75 days),-1.0,39.8,0.1544,90.28,86.37,BULLISH,LOW,Strong trend (ADX=32); Last surprise: +16.8%; Earnings conf adj: +1,7.0,-1.0,1.0,12,2026-10-21,16.77,1
2026-10-09T17:21:28,2026-10-09,AYI,HOLD,0,SMA Crossover (10/50),LOW,0,-14.41,300.43,5.18,0.0,8.19,0.0,0.0,2026-10-10,-1.85,-1.85,0.0,0.0,-0.34,5.02,-0.1,0.0,0,2026-06-24 to 2026-10-08 (75 days),-1.0,40.6,0.3288,327.65,312.8,BULLISH,MEDIUM,Strong trend (ADX=40); Last surprise: +3.8%,5.7,-1.0,1.0,-8,2026-10-01,3.78,0
2026-10-09T17:21:35,2026-10-09,PB,HOLD,0,RSI Mean Reversion,LOW,0,-14.41,66.69,2.34,0.0,3.51,0.0,0.0,2026-10-10,-1.85,-1.85,0.0,0.0,-0.34,22.59,-0.1,0.0,0,2026-06-24 to 2026-10-08 (75 days),-1.0,35.4,0.1415,70.92,69.44,BULLISH,LOW,Strong trend (ADX=46); Last surprise: +4.5%,7.0,-1.0,1.0,19,2026-10-28,4.52,0
2026-10-09T17:19:42,2026-10-09,HONA,HOLD,0,EMA Crossover (9/21),LOW,0,-14.55,154.01,4.82,0.0,7.23,0.0,0.0,2026-10-10,0.0,0.0,0.0,0.0,0.0,42.35,0.0,0.0,0,2026-08-20 to 2026-10-08 (35 days),-1.0,42.7,0.3849,165.11,nan,NEUTRAL,MEDIUM,Last surprise: -11.8%; Earnings conf adj: -1,4.87,-1.0,1.0,19,2026-10-28,-11.79,-1
2026-10-09T17:20:09,2026-10-09,NVR,HOLD,0,RSI Mean Reversion,LOW,0,-14.57,6002.55,3.71,0.0,5.34,0.0,0.0,2026-10-10,0.0,0.0,0.0,0.0,0.0,33.44,0.0,0.0,0,2026-06-24 to 2026-10-08 (75 days),-1.0,41.2,0.2143,6251.27,6660.1,BEARISH,MEDIUM,Last surprise: -6.7%; Earnings conf adj: -1,7.0,-1.0,1.0,13,2026-10-22,-6.69,-1
2026-10-09T17:22:07,2026-10-09,IBOC,HOLD,0,RSI Mean Reversion,LOW,0,-14.57,68.4,1.82,0.0,2.73,0.0,0.0,2026-10-10,0.0,0.0,0.0,0.0,0.0,29.2,0.0,0.0,0,2026-06-24 to 2026-10-08 (75 days),-1.0,37.9,0.1139,71.26,70.8,BULLISH,LOW,Strong trend (ADX=34); Last surprise: -4.3%,7.0,-1.0,1.0,27,2026-11-05,-4.35,0
2026-10-09T17:22:15,2026-10-09,COLM,HOLD,0,RSI Mean Reversion,LOW,1,-14.7,56.76,4.03,0.0,5.55,0.0,0.0,2026-10-10,0.0,0.0,0.0,0.0,0.0,34.22,0.0,0.0,0,2026-06-24 to 2026-10-08 (75 days),-1.0,45.6,0.2228,57.61,58.95,BEARISH,MEDIUM,Last surprise: +233.3%; Earnings conf adj: +1,7.0,-1.0,1.0,20,2026-10-29,233.33,1
2026-10-09T17:21:03,2026-10-09,SUI,HOLD,0,RSI Mean Reversion,LOW,1,-14.74,111.8,1.87,0.0,2.81,0.0,0.0,2026-10-10,0.0,0.0,0.0,0.0,0.0,15.9,0.0,0.0,0,2026-06-24 to 2026-10-08 (75 days),-1.0,42.9,0.1748,116.81,121.75,BEARISH,LOW,Strong trend (ADX=35); Last surprise: +43.7%; Earnings conf adj: +1,7.0,-1.0,1.0,19,2026-10-28,43.75,1
2026-10-09T17:21:33,2026-10-09,WAL,HOLD,0,RSI Mean Reversion,LOW,0,-14.81,75.5,4.1,0.0,5.2,0.0,0.0,2026-10-10,0.0,0.0,0.0,0.0,0.0,17.48,0.0,0.0,0,2026-06-24 to 2026-10-08 (75 days),-1.0,41.9,0.2088,79.03,80.22,BEARISH,MEDIUM,Strong trend (ADX=39); Last surprise: -3.0%,7.0,-1.0,1.0,10,2026-10-19,-2.98,0
2026-10-09T17:20:32,2026-10-09,TPL,HOLD,0,RSI Mean Reversion,LOW,0,-15.17,357.78,7.41,0.0,11.12,0.0,0.0,2026-10-10,0.0,0.0,0.0,0.0,0.0,16.29,0.0,0.0,0,2026-06-24 to 2026-10-08 (75 days),-1.0,52.7,0.4524,361.12,397.19,BEARISH,HIGH,Last surprise: +2.3%,4.14,-1.0,1.0,26,2026-11-04,2.29,0
2026-10-09T17:20:50,2026-10-09,UTHR,HOLD,1,Composite Multi-Indicator,LOW,1,-15.8,532.78,8.65,486.69,12.98,601.93,0.0,2026-10-10,0.0,0.0,0.0,0.0,0.0,10.21,0.0,0.0,0,2026-06-24 to 2026-10-08 (75 days),-1.0,55.7,0.5695,512.13,525.94,BEARISH,HIGH,Strong trend (ADX=38); Last surprise: +6.0%; Earnings conf adj: +1,3.29,-1.0,1.0,19,2026-10-28,5.98,1
