generated_at,date,ticker,signal,signal_raw,strategy,confidence,confidence_score,composite_score,current_price,stop_loss_pct,stop_loss_price,take_profit_pct,take_profit_price,suggested_position_size_pct,signal_expires,sharpe,sortino,win_rate,profit_factor,annual_return_pct,annual_excess_pct,max_drawdown_pct,avg_holding_days,total_trades,backtest_period,pbo,rsi,vol_20,sma_50,sma_200,trend,volatility,notes,vol_target_size_pct,meta_label_prob,meta_label_size_mult,days_to_earnings,earnings_date,last_surprise_pct,earnings_confidence_adj
2026-08-03T13:41:28,2026-08-03,CAT,HOLD,0,VWAP Trend,MEDIUM,3,92.7,814.81,7.62,0.0,5.25,0.0,0.0,2026-08-05,3.72,10.0,75.0,9.82,113.03,90.32,-3.82,2.9,8,2026-04-15 to 2026-07-31 (75 days),-1.0,36.3,0.3916,918.69,735.58,BULLISH,MEDIUM,Strong trend (ADX=43); Earnings in 1d (2026-08-04); Last surprise: +19.4%; Earnings conf adj: -2,4.79,-1.0,1.0,1,2026-08-04,19.4,-2
2026-08-03T13:41:38,2026-08-03,COR,HOLD,0,ADX Trend Following,MEDIUM,3,80.94,311.34,3.53,0.0,5.29,0.0,0.0,2026-08-14,2.45,4.72,100.0,126.52,50.54,56.34,-4.2,11.2,4,2026-04-15 to 2026-07-31 (75 days),-1.0,59.2,0.2597,288.45,323.67,BEARISH,MEDIUM,Strong trend (ADX=35); Earnings in 2d (2026-08-05); Last surprise: +0.4%; Earnings conf adj: -2,7.22,-1.0,1.0,2,2026-08-05,0.42,-2
2026-08-03T13:42:19,2026-08-03,IBM,HOLD,0,Stochastic Oscillator,HIGH,5,78.04,223.65,12.0,0.0,18.0,0.0,0.0,2026-08-17,4.82,25.58,100.0,649.08,524.0,548.63,-3.63,14.0,3,2026-04-15 to 2026-07-31 (75 days),-1.0,41.4,0.9818,260.44,268.22,BEARISH,HIGH,Strong trend (ADX=35); Last surprise: +0.0%,1.91,-1.0,1.0,79,2026-10-21,0.0,0
2026-08-03T13:41:14,2026-08-03,AMAT,EXIT,-1,VWAP Trend,HIGH,6,71.96,507.67,12.0,568.59,13.26,440.35,6.06,2026-08-06,2.95,6.03,72.7,5.35,279.43,141.88,-9.29,3.6,11,2026-04-15 to 2026-07-31 (75 days),-1.0,45.3,0.8872,543.57,372.96,BULLISH,HIGH,Last surprise: +6.3%; Earnings conf adj: +1; Size: Kelly 10.0% / VolTgt 2.1% / Blend 6.1%,2.11,-1.0,1.0,10,2026-08-13,6.32,1
2026-08-03T13:42:05,2026-08-03,FSLR,HOLD,0,VWAP Trend,HIGH,6,70.93,211.03,6.43,0.0,4.34,0.0,0.0,2026-08-05,2.91,8.31,80.0,6.04,118.99,88.58,-5.08,2.2,10,2026-04-15 to 2026-07-31 (75 days),-1.0,43.0,0.3717,245.17,234.23,BULLISH,MEDIUM,High volume; Strong trend (ADX=45); Last surprise: +36.1%; Earnings conf adj: +1,5.04,-1.0,1.0,87,2026-10-29,36.11,1
2026-08-03T13:41:32,2026-08-03,CFG,HOLD,0,VWAP Trend,HIGH,5,69.19,71.65,3.81,0.0,4.28,0.0,0.0,2026-08-06,2.47,4.84,77.8,4.77,39.02,-5.5,-5.49,3.0,9,2026-04-15 to 2026-07-31 (75 days),-1.0,55.8,0.3137,67.77,60.59,BULLISH,MEDIUM,Last surprise: +4.0%,5.98,-1.0,1.0,74,2026-10-16,4.0,0
2026-08-03T13:42:06,2026-08-03,GEN,HOLD,0,VWAP Trend,MEDIUM,3,66.91,27.45,4.78,0.0,6.2,0.0,0.0,2026-08-09,4.35,33.51,100.0,308.52,168.82,-47.99,-2.18,6.8,4,2026-04-15 to 2026-07-31 (75 days),-1.0,61.4,0.3021,25.6,24.11,BULLISH,MEDIUM,Earnings in 3d (2026-08-06); Last surprise: +3.1%; Earnings conf adj: -2,6.21,-1.0,1.0,3,2026-08-06,3.08,-2
2026-08-03T13:42:08,2026-08-03,GM,HOLD,0,MACD Crossover,HIGH,6,66.24,88.86,4.94,0.0,7.92,0.0,0.0,2026-08-10,2.41,4.83,100.0,162.22,68.21,9.66,-5.66,7.8,4,2026-04-15 to 2026-07-31 (75 days),-1.0,68.3,0.3601,80.46,77.15,BULLISH,MEDIUM,Strong trend (ADX=43); Last surprise: +11.9%; Earnings conf adj: +1,5.21,-1.0,1.0,78,2026-10-20,11.91,1
2026-08-03T13:41:21,2026-08-03,AXON,HOLD,0,Stochastic Oscillator,MEDIUM,3,65.06,527.76,10.03,0.0,11.07,0.0,0.0,2026-08-10,3.91,17.08,100.0,458.43,250.25,97.96,-4.08,7.0,2,2026-04-15 to 2026-07-31 (75 days),-1.0,52.1,0.5312,492.44,514.84,BEARISH,HIGH,Earnings in 2d (2026-08-05); Last surprise: +0.6%; Earnings conf adj: -2,3.53,-1.0,1.0,2,2026-08-05,0.63,-2
2026-08-03T13:41:29,2026-08-03,CBOE,HOLD,0,MACD Crossover,HIGH,5,60.1,310.23,5.46,0.0,11.42,0.0,0.0,2026-08-18,4.07,9.72,100.0,331.98,183.21,176.48,-4.03,15.7,3,2026-04-15 to 2026-07-31 (75 days),-1.0,66.2,0.366,284.23,278.21,BULLISH,MEDIUM,Strong trend (ADX=38); Last surprise: +2.0%,5.12,-1.0,1.0,88,2026-10-30,2.01,0
2026-08-03T13:41:11,2026-08-03,AIZ,EXIT,-1,VWAP Trend,HIGH,4,60.09,279.19,2.15,285.19,1.67,274.53,10.0,2026-08-05,3.49,10.32,80.0,40.52,47.24,-66.92,-1.41,2.5,10,2026-04-15 to 2026-07-31 (75 days),-1.0,59.1,0.1342,265.99,236.07,BULLISH,LOW,Earnings in 1d (2026-08-04); Last surprise: +11.6%; Earnings conf adj: -1; Size: Kelly 10.0% / VolTgt 10.0% / Blend 10.0%,10.0,-1.0,1.0,1,2026-08-04,11.63,-1
2026-08-03T13:42:02,2026-08-03,FITB,HOLD,0,VWAP Trend,HIGH,5,59.81,56.5,3.69,0.0,2.74,0.0,0.0,2026-08-05,3.78,15.32,72.7,9.15,62.67,5.65,-2.2,2.2,11,2026-04-15 to 2026-07-31 (75 days),-1.0,50.9,0.2348,54.33,48.54,BULLISH,MEDIUM,Last surprise: -1.2%,7.99,-1.0,1.0,77,2026-10-19,-1.19,0
2026-08-03T13:42:11,2026-08-03,HAS,HOLD,0,ADX Trend Following,HIGH,6,58.34,93.94,6.35,0.0,6.08,0.0,0.0,2026-08-06,2.09,14.55,100.0,126.06,49.69,46.84,-2.59,3.0,2,2026-04-15 to 2026-07-31 (75 days),-1.0,67.0,0.4459,84.65,86.51,BEARISH,HIGH,Strong trend (ADX=51); Last surprise: +13.3%; Earnings conf adj: +1,4.2,-1.0,1.0,80,2026-10-22,13.27,1
2026-08-03T13:41:50,2026-08-03,DXCM,HOLD,0,Stochastic Oscillator,HIGH,6,58.32,83.45,8.09,0.0,12.13,0.0,0.0,2026-08-12,2.85,9.61,100.0,227.3,100.85,-81.27,-3.98,9.5,2,2026-04-15 to 2026-07-31 (75 days),-1.0,68.6,0.5779,73.13,67.75,BULLISH,HIGH,High volume; Price at statistical extreme; Last surprise: +14.8%; Earnings conf adj: +1,3.24,-1.0,1.0,87,2026-10-29,14.75,1
2026-08-03T13:42:04,2026-08-03,FTNT,EXIT,-1,VWAP Trend,HIGH,6,57.38,161.95,9.0,176.53,4.32,154.95,7.3,2026-08-04,3.3,15.4,83.3,14.37,71.27,-950.01,-1.56,1.8,6,2026-04-15 to 2026-07-31 (75 days),-1.0,60.1,0.4087,149.67,100.54,BULLISH,HIGH,Strong trend (ADX=30); Last surprise: +20.0%; Earnings conf adj: +1; Size: Kelly 10.0% / VolTgt 4.6% / Blend 7.3%,4.59,-1.0,1.0,-5,2026-07-29,20.0,1
2026-08-03T13:41:36,2026-08-03,CMI,HOLD,0,VWAP Trend,HIGH,4,57.31,634.2,6.15,0.0,5.38,0.0,0.0,2026-08-06,2.83,5.91,75.0,7.66,85.57,64.5,-5.06,3.4,8,2026-04-15 to 2026-07-31 (75 days),-1.0,43.1,0.3709,668.65,577.21,BULLISH,MEDIUM,Strong trend (ADX=36); Earnings in 1d (2026-08-04); Last surprise: +8.8%; Earnings conf adj: -1,5.06,-1.0,1.0,1,2026-08-04,8.85,-1
2026-08-03T13:42:03,2026-08-03,FLEX,EXIT,-1,VWAP Trend,HIGH,6,57.17,113.75,12.0,127.4,10.35,101.98,6.32,2026-08-06,2.43,4.43,100.0,241.29,117.37,-137.34,-11.55,3.4,7,2026-04-15 to 2026-07-31 (75 days),-1.0,40.3,0.713,139.08,88.16,BULLISH,HIGH,Strong trend (ADX=36); Last surprise: +8.7%; Earnings conf adj: +1; Size: Kelly 10.0% / VolTgt 2.6% / Blend 6.3%,2.63,-1.0,1.0,86,2026-10-28,8.7,1
2026-08-03T13:41:09,2026-08-03,ADP,EXIT,-1,VWAP Trend,HIGH,5,56.88,266.46,5.29,280.56,10.85,237.55,7.54,2026-08-17,3.29,6.92,66.7,5.23,179.83,-7.55,-8.73,14.0,6,2026-04-15 to 2026-07-31 (75 days),-1.0,65.0,0.3682,234.94,233.03,BULLISH,MEDIUM,Strong trend (ADX=45); Last surprise: +1.5%; Size: Kelly 10.0% / VolTgt 5.1% / Blend 7.5%,5.09,-1.0,1.0,86,2026-10-28,1.54,0
2026-08-03T13:42:12,2026-08-03,HII,HOLD,0,VWAP Trend,MEDIUM,3,56.85,326.45,7.93,0.0,7.25,0.0,0.0,2026-08-05,0.56,0.93,50.0,1.38,14.95,63.33,-18.13,2.2,12,2026-04-15 to 2026-07-31 (75 days),-1.0,67.5,0.621,292.13,345.27,BEARISH,HIGH,High volume; Price at statistical extreme; Strong trend (ADX=38); Last surprise: +38.0%; Earnings conf adj: +1,3.02,-1.0,1.0,87,2026-10-29,37.96,1
2026-08-03T13:42:14,2026-08-03,HPQ,HOLD,0,ADX Trend Following,HIGH,6,56.39,27.27,9.14,0.0,19.3,0.0,0.0,2026-08-31,2.26,4.45,100.0,351.13,200.09,-42.3,-20.52,28.3,3,2026-04-15 to 2026-07-31 (75 days),-1.0,62.6,0.4607,24.55,22.01,BULLISH,HIGH,Strong trend (ADX=36); Last surprise: +19.4%; Earnings conf adj: +1,4.07,-1.0,1.0,23,2026-08-26,19.44,1
2026-08-03T13:41:22,2026-08-03,BALL,HOLD,0,VWAP Trend,HIGH,4,56.31,64.9,3.77,0.0,3.44,0.0,0.0,2026-08-05,3.47,10.98,63.6,7.16,57.95,44.45,-2.49,2.4,11,2026-04-15 to 2026-07-31 (75 days),-1.0,61.6,0.2819,59.48,56.97,BULLISH,MEDIUM,Strong trend (ADX=44); Earnings in 1d (2026-08-04); Last surprise: +11.9%; Earnings conf adj: -1,6.65,-1.0,1.0,1,2026-08-04,11.9,-1
2026-08-03T13:41:15,2026-08-03,AMZN,HOLD,0,Stochastic Oscillator,HIGH,6,56.02,271.58,6.82,0.0,10.23,0.0,0.0,2026-08-23,1.86,4.69,100.0,201.44,79.12,43.8,-8.83,20.0,2,2026-04-15 to 2026-07-31 (75 days),-1.0,67.9,0.6195,246.63,235.01,BULLISH,HIGH,High volume; Price at statistical extreme; Strong trend (ADX=34); Last surprise: +214.2%; Earnings conf adj: +1,3.03,-1.0,1.0,87,2026-10-29,214.21,1
2026-08-03T13:41:50,2026-08-03,DVN,HOLD,0,VWAP Trend,MEDIUM,3,56.0,45.13,4.09,0.0,4.1,0.0,0.0,2026-08-05,1.35,2.13,71.4,3.24,13.16,11.49,-4.59,2.1,7,2026-04-15 to 2026-07-31 (75 days),-1.0,57.1,0.3594,43.78,41.43,BULLISH,MEDIUM,Earnings in 1d (2026-08-04); Last surprise: -4.6%; Earnings conf adj: -2,5.22,-1.0,1.0,1,2026-08-04,-4.59,-2
2026-08-03T13:41:47,2026-08-03,DLTR,HOLD,0,MACD Crossover,HIGH,6,55.37,127.21,4.92,0.0,8.97,0.0,0.0,2026-08-14,1.33,2.93,80.0,2.83,64.78,-52.19,-10.86,11.6,5,2026-04-15 to 2026-07-31 (75 days),-1.0,58.0,0.3345,116.56,113.48,BULLISH,MEDIUM,Last surprise: +13.0%; Earnings conf adj: +1,5.61,-1.0,1.0,30,2026-09-02,12.99,1
2026-08-03T13:41:17,2026-08-03,APH,HOLD,0,ADX Trend Following,HIGH,6,55.09,160.7,9.23,0.0,11.67,0.0,0.0,2026-08-13,2.32,3.98,80.0,240.2,114.29,78.08,-11.53,10.2,5,2026-04-15 to 2026-07-31 (75 days),-1.0,55.3,0.464,153.83,141.74,BULLISH,HIGH,Last surprise: +13.4%; Earnings conf adj: +1,4.04,-1.0,1.0,86,2026-10-28,13.45,1
2026-08-03T13:41:43,2026-08-03,DAL,HOLD,0,VWAP Trend,HIGH,5,54.3,87.44,4.3,0.0,4.8,0.0,0.0,2026-08-06,2.77,7.36,80.0,7.95,20.87,-76.42,-1.28,3.2,5,2026-04-15 to 2026-07-31 (75 days),-1.0,53.4,0.3409,84.6,70.56,BULLISH,MEDIUM,Last surprise: +4.7%,5.5,-1.0,1.0,66,2026-10-08,4.7,0
2026-08-03T13:41:57,2026-08-03,EXC,EXIT,-1,VWAP Trend,HIGH,5,54.06,45.82,3.54,47.44,2.3,44.77,9.18,2026-08-04,2.1,4.25,66.7,2.5,18.84,29.96,-1.89,1.7,12,2026-04-15 to 2026-07-31 (75 days),-1.0,44.8,0.224,46.16,45.64,BULLISH,MEDIUM,Last surprise: -4.4%; Size: Kelly 10.0% / VolTgt 8.4% / Blend 9.2%,8.37,-1.0,1.0,-4,2026-07-30,-4.44,0
2026-08-03T13:41:26,2026-08-03,BRK-B,HOLD,0,Stochastic Oscillator,HIGH,5,54.05,511.54,1.62,0.0,2.43,0.0,0.0,2026-08-16,3.37,8.68,100.0,98.65,36.29,6.74,-2.64,13.7,3,2026-04-15 to 2026-07-31 (75 days),-1.0,66.0,0.1543,491.38,490.39,BULLISH,LOW,Earnings in 5d (2026-08-08); Last surprise: +4.2%,10.0,-1.0,1.0,5,2026-08-08,4.16,0
2026-08-03T13:41:45,2026-08-03,DELL,HOLD,0,VWAP Trend,HIGH,6,53.38,405.37,12.0,0.0,11.88,0.0,0.0,2026-08-06,2.64,10.0,83.3,40.9,443.49,-1155.55,-15.53,3.0,6,2026-04-15 to 2026-07-31 (75 days),-1.0,49.8,0.8712,398.45,213.54,BULLISH,HIGH,Last surprise: +64.2%; Earnings conf adj: +1,2.15,-1.0,1.0,31,2026-09-03,64.19,1
2026-08-03T13:41:07,2026-08-03,ABBV,HOLD,0,VWAP Trend,HIGH,5,53.13,250.94,3.83,0.0,4.1,0.0,0.0,2026-08-07,2.89,7.38,83.3,8.15,53.86,-38.92,-2.76,4.0,6,2026-04-15 to 2026-07-31 (75 days),-1.0,51.8,0.2602,236.86,221.49,BULLISH,MEDIUM,Strong trend (ADX=42); Last surprise: +1.1%,7.21,-1.0,1.0,87,2026-10-29,1.11,0
2026-08-03T13:41:44,2026-08-03,DDOG,HOLD,0,Stochastic Oscillator,HIGH,4,51.64,267.97,9.91,0.0,9.98,0.0,0.0,2026-08-13,2.48,9.3,100.0,188.53,71.35,-1325.42,-5.98,10.0,2,2026-04-15 to 2026-07-31 (75 days),-1.0,61.4,0.4008,244.87,167.26,BULLISH,HIGH,Earnings in 3d (2026-08-06); Last surprise: +17.6%; Earnings conf adj: -1,4.68,-1.0,1.0,3,2026-08-06,17.65,-1
2026-08-03T13:41:53,2026-08-03,EMR,HOLD,0,MACD Crossover,MEDIUM,2,51.61,149.82,4.38,0.0,8.53,0.0,0.0,2026-08-15,0.88,1.18,100.0,50.85,17.03,-9.45,-6.12,12.3,3,2026-04-15 to 2026-07-31 (75 days),-1.0,60.5,0.3089,141.89,138.88,BULLISH,MEDIUM,Strong trend (ADX=33); Earnings in 1d (2026-08-04); Last surprise: +0.7%; Earnings conf adj: -2,6.07,-1.0,1.0,1,2026-08-04,0.65,-2
2026-08-03T13:41:49,2026-08-03,DVA,HOLD,0,VWAP Trend,HIGH,4,51.49,240.09,2.75,0.0,2.11,0.0,0.0,2026-08-05,1.67,10.19,66.7,9.76,92.3,-370.3,-4.42,2.3,6,2026-04-15 to 2026-07-31 (75 days),-1.0,66.6,0.1767,216.86,156.65,BULLISH,LOW,Earnings in 1d (2026-08-04); Last surprise: +23.2%; Earnings conf adj: -1,10.0,-1.0,1.0,1,2026-08-04,23.18,-1
2026-08-03T13:41:15,2026-08-03,AMGN,HOLD,0,MACD Crossover,MEDIUM,3,51.36,385.16,3.96,0.0,9.41,0.0,0.0,2026-08-24,1.1,2.05,100.0,64.52,22.52,-22.1,-5.24,21.0,3,2026-04-15 to 2026-07-31 (75 days),-1.0,64.7,0.2609,355.74,340.71,BULLISH,MEDIUM,Strong trend (ADX=37); Earnings in 1d (2026-08-04); Last surprise: +8.0%; Earnings conf adj: -2,7.19,-1.0,1.0,1,2026-08-04,7.97,-2
2026-08-03T13:41:22,2026-08-03,BAX,EXIT,-1,VWAP Trend,HIGH,6,51.36,26.16,9.34,28.6,13.43,22.65,6.85,2026-08-14,3.32,5.98,83.3,6.66,183.71,-102.59,-7.14,11.3,6,2026-04-15 to 2026-07-31 (75 days),-1.0,70.8,0.5074,21.24,19.56,BULLISH,HIGH,RSI overbought; Price at statistical extreme; Strong trend (ADX=43); Last surprise: +51.4%; Earnings conf adj: +1; Size: Kelly 10.0% / VolTgt 3.7% / Blend 6.8%,3.7,-1.0,1.0,87,2026-10-29,51.35,1
2026-08-03T13:42:08,2026-08-03,GL,BUY,1,VWAP Trend,MEDIUM,2,50.66,182.25,3.86,175.22,3.84,189.25,8.04,2026-08-05,0.03,0.03,58.3,1.19,-0.34,-99.78,-6.64,2.5,12,2026-04-15 to 2026-07-31 (75 days),0.885,59.7,0.3088,170.48,148.03,BULLISH,MEDIUM,Strong trend (ADX=31); Last surprise: -1.9%; Size: Kelly 10.0% / VolTgt 6.1% / Blend 8.0%,6.07,-1.0,1.0,79,2026-10-21,-1.9,0
2026-08-03T13:42:02,2026-08-03,FISV,HOLD,0,VWAP Trend,LOW,1,50.52,53.94,4.89,0.0,7.33,0.0,0.0,2026-08-11,0.46,0.6,62.5,1.36,10.54,45.81,-12.6,8.8,8,2026-04-15 to 2026-07-31 (75 days),-1.0,56.7,0.3722,52.21,63.32,BEARISH,MEDIUM,Earnings in 3d (2026-08-06); Last surprise: +13.3%; Earnings conf adj: -1,5.04,-1.0,1.0,3,2026-08-06,13.29,-1
2026-08-03T13:41:42,2026-08-03,CVS,HOLD,0,MACD Crossover,MEDIUM,2,50.22,104.43,3.7,0.0,5.92,0.0,0.0,2026-08-11,0.34,0.56,100.0,13.21,3.17,-221.79,-3.57,8.7,3,2026-04-15 to 2026-07-31 (75 days),-1.0,50.2,0.2549,100.58,83.4,BULLISH,MEDIUM,Earnings in 2d (2026-08-05); Last surprise: +16.3%; Earnings conf adj: -1,7.35,-1.0,1.0,2,2026-08-05,16.29,-1
2026-08-03T13:41:59,2026-08-03,FAST,HOLD,0,VWAP Trend,HIGH,4,49.63,47.71,4.83,0.0,3.02,0.0,0.0,2026-08-04,2.43,5.5,77.8,4.73,22.77,-9.75,-1.57,1.9,9,2026-04-15 to 2026-07-31 (75 days),-1.0,57.4,0.2778,45.93,43.77,BULLISH,MEDIUM,Last surprise: +0.0%,6.75,-1.0,1.0,72,2026-10-14,0.0,0
2026-08-03T13:42:03,2026-08-03,FOXA,EXIT,-1,Stochastic Oscillator,MEDIUM,3,49.58,58.23,3.78,60.43,5.67,54.93,8.34,2026-09-01,2.77,5.74,100.0,229.52,103.64,129.83,-5.61,29.5,2,2026-04-15 to 2026-07-31 (75 days),-1.0,55.5,0.2811,58.32,62.83,BEARISH,MEDIUM,Earnings in 3d (2026-08-06); Last surprise: +36.1%; Earnings conf adj: -1; Size: Kelly 10.0% / VolTgt 6.7% / Blend 8.3%,6.67,-1.0,1.0,3,2026-08-06,36.08,-1
2026-08-03T13:41:51,2026-08-03,EBAY,HOLD,0,MACD Crossover,MEDIUM,2,49.2,114.01,4.08,0.0,8.07,0.0,0.0,2026-08-16,1.34,2.14,100.0,73.59,25.86,-31.85,-7.23,13.3,3,2026-04-15 to 2026-07-31 (75 days),-1.0,53.3,0.2811,111.59,96.21,BULLISH,MEDIUM,Earnings in 2d (2026-08-05); Last surprise: +5.1%; Earnings conf adj: -2,6.67,-1.0,1.0,2,2026-08-05,5.06,-2
2026-08-03T13:41:30,2026-08-03,CDW,HOLD,0,Stochastic Oscillator,MEDIUM,2,48.34,147.81,7.74,0.0,11.61,0.0,0.0,2026-08-17,4.74,25.32,100.0,509.07,341.27,281.45,-3.19,14.5,2,2026-04-15 to 2026-07-31 (75 days),-1.0,64.2,0.421,132.1,131.81,BULLISH,HIGH,Strong trend (ADX=36); Earnings in 2d (2026-08-05); Last surprise: -0.4%; Earnings conf adj: -2,4.45,-1.0,1.0,2,2026-08-05,-0.44,-2
2026-08-03T13:41:10,2026-08-03,ADSK,HOLD,0,Momentum (Rate of Change),HIGH,5,47.41,234.2,8.58,0.0,12.87,0.0,0.0,2026-08-21,1.52,2.57,100.0,160.89,58.32,65.42,-9.24,18.7,3,2026-04-15 to 2026-07-31 (75 days),-1.0,61.2,0.487,215.89,253.84,BEARISH,HIGH,Strong trend (ADX=30); Last surprise: +5.3%; Earnings conf adj: +1,3.85,-1.0,1.0,24,2026-08-27,5.28,1
2026-08-03T13:41:44,2026-08-03,DASH,HOLD,0,Stochastic Oscillator,MEDIUM,3,47.33,196.16,8.56,0.0,12.84,0.0,0.0,2026-08-24,1.37,2.6,100.0,139.33,52.81,18.63,-8.62,21.5,2,2026-04-15 to 2026-07-31 (75 days),-1.0,59.9,0.4985,174.69,191.04,BEARISH,HIGH,Earnings in 2d (2026-08-05); Last surprise: +7.5%; Earnings conf adj: -1,3.76,-1.0,1.0,2,2026-08-05,7.55,-1
2026-08-03T13:41:39,2026-08-03,CPRT,HOLD,0,ADX Trend Following,HIGH,4,46.65,29.12,7.15,0.0,7.29,0.0,0.0,2026-08-08,1.66,4.33,66.7,3.18,27.96,65.01,-5.15,5.3,3,2026-04-15 to 2026-07-31 (75 days),-1.0,50.4,0.4022,29.96,35.87,BEARISH,HIGH,Last surprise: +4.9%,4.66,-1.0,1.0,31,2026-09-03,4.88,0
2026-08-03T13:41:07,2026-08-03,A,EXIT,-1,Stochastic Oscillator,HIGH,5,46.47,138.37,4.47,144.56,6.71,129.09,8.32,2026-08-31,2.91,10.48,100.0,324.35,170.76,106.19,-4.92,28.0,2,2026-04-15 to 2026-07-31 (75 days),-1.0,58.4,0.2825,131.55,130.54,BULLISH,MEDIUM,Last surprise: +5.7%; Earnings conf adj: +1; Size: Kelly 10.0% / VolTgt 6.6% / Blend 8.3%,6.64,-1.0,1.0,23,2026-08-26,5.67,1
2026-08-03T13:41:38,2026-08-03,COP,HOLD,0,VWAP Trend,MEDIUM,2,46.05,120.48,3.93,0.0,2.89,0.0,0.0,2026-08-04,3.19,13.33,66.7,6.83,30.53,23.32,-1.18,1.3,9,2026-04-15 to 2026-07-31 (75 days),-1.0,62.1,0.3221,113.61,106.78,BULLISH,MEDIUM,Earnings in 3d (2026-08-06); Last surprise: +11.8%; Earnings conf adj: -2,5.82,-1.0,1.0,3,2026-08-06,11.83,-2
2026-08-03T13:41:18,2026-08-03,ARE,HOLD,0,Stochastic Oscillator,LOW,1,45.22,51.45,4.7,0.0,7.05,0.0,0.0,2026-08-17,2.74,6.45,100.0,182.82,77.03,40.89,-6.58,14.0,2,2026-04-15 to 2026-07-31 (75 days),-1.0,52.7,0.3631,50.52,50.48,BULLISH,MEDIUM,EARNINGS TODAY (2026-08-03); Last surprise: +1400.0%; Earnings conf adj: -3,5.16,-1.0,1.0,0,2026-08-03,1400.0,-3
2026-08-03T13:41:41,2026-08-03,CSX,HOLD,0,ADX Trend Following,HIGH,4,45.19,50.4,3.89,0.0,6.66,0.0,0.0,2026-08-12,1.64,3.14,83.3,7.02,32.39,-54.1,-5.71,9.0,6,2026-04-15 to 2026-07-31 (75 days),-1.0,54.5,0.2818,48.12,41.13,BULLISH,MEDIUM,Last surprise: +3.8%,6.65,-1.0,1.0,80,2026-10-22,3.85,0
2026-08-03T13:41:42,2026-08-03,CTSH,HOLD,0,ADX Trend Following,MEDIUM,3,44.97,55.35,9.41,0.0,12.39,0.0,0.0,2026-08-09,0.69,1.09,66.7,1.59,20.16,44.04,-20.79,6.3,3,2026-04-15 to 2026-07-31 (75 days),-1.0,69.9,0.6268,47.57,63.49,BEARISH,HIGH,Price at statistical extreme; Strong trend (ADX=43); Last surprise: -0.7%,2.99,-1.0,1.0,86,2026-10-28,-0.72,0
2026-08-03T13:42:17,2026-08-03,HST,BUY,1,Momentum (Rate of Change),MEDIUM,3,44.43,25.13,3.42,24.27,6.84,26.85,9.2,2026-09-17,3.19,5.93,100.0,202.38,86.34,-34.03,-6.12,45.5,2,2026-04-15 to 2026-07-31 (75 days),0.627,63.8,0.223,23.56,19.32,BULLISH,MEDIUM,Earnings in 2d (2026-08-05); Last surprise: +118.2%; Earnings conf adj: -1; Size: Kelly 10.0% / VolTgt 8.4% / Blend 9.2%,8.41,-1.0,1.0,2,2026-08-05,118.18,-1
2026-08-03T13:42:13,2026-08-03,HON,HOLD,0,Stochastic Oscillator,HIGH,5,44.33,243.05,4.29,0.0,6.44,0.0,0.0,2026-09-12,2.66,4.65,100.0,228.34,104.86,103.63,-9.52,40.0,2,2026-04-15 to 2026-07-31 (75 days),-1.0,59.0,0.2965,233.81,225.87,BULLISH,MEDIUM,Strong trend (ADX=37); Last surprise: +7.1%; Earnings conf adj: +1,6.32,-1.0,1.0,80,2026-10-22,7.14,1
2026-08-03T13:42:06,2026-08-03,GEHC,HOLD,0,Stochastic Oscillator,HIGH,5,44.23,68.02,8.45,0.0,12.67,0.0,0.0,2026-08-19,1.99,5.34,100.0,172.43,70.18,93.26,-5.49,16.0,2,2026-04-15 to 2026-07-31 (75 days),-1.0,57.9,0.594,64.01,73.01,BEARISH,HIGH,Strong trend (ADX=33); Last surprise: +8.7%; Earnings conf adj: +1,3.16,-1.0,1.0,86,2026-10-28,8.65,1
2026-08-03T13:41:08,2026-08-03,ACGL,HOLD,0,VWAP Trend,HIGH,4,43.84,100.53,4.34,0.0,6.01,0.0,0.0,2026-08-10,2.97,5.78,55.6,6.3,69.44,58.34,-4.39,7.3,9,2026-04-15 to 2026-07-31 (75 days),-1.0,50.7,0.2825,96.5,94.77,BULLISH,MEDIUM,Last surprise: +4.1%,6.64,-1.0,1.0,84,2026-10-26,4.07,0
2026-08-03T13:41:08,2026-08-03,ABT,HOLD,0,ADX Trend Following,HIGH,4,42.86,105.7,6.87,0.0,10.3,0.0,0.0,2026-08-29,2.43,5.82,100.0,203.71,89.4,72.02,-7.18,26.0,2,2026-04-15 to 2026-07-31 (75 days),-1.0,67.2,0.4529,92.83,106.97,BEARISH,HIGH,Strong trend (ADX=45); Last surprise: +2.3%,4.14,-1.0,1.0,72,2026-10-14,2.34,0
2026-08-03T13:41:59,2026-08-03,F,HOLD,0,Stochastic Oscillator,HIGH,5,42.65,14.68,5.28,0.0,7.92,0.0,0.0,2026-09-02,3.15,7.04,100.0,423.76,236.81,166.34,-10.01,30.5,2,2026-04-15 to 2026-07-31 (75 days),-1.0,55.3,0.2842,14.53,13.16,BULLISH,MEDIUM,Strong trend (ADX=41); Last surprise: +20.0%; Earnings conf adj: +1,6.6,-1.0,1.0,80,2026-10-22,20.0,1
2026-08-03T13:41:23,2026-08-03,BG,BUY,1,Stochastic Oscillator,HIGH,4,42.5,106.23,7.12,98.67,10.68,117.58,7.21,2026-08-21,1.94,4.27,100.0,108.75,39.86,72.47,-7.47,18.0,2,2026-04-15 to 2026-07-31 (75 days),0.103,34.7,0.4242,117.8,111.09,BULLISH,HIGH,Strong trend (ADX=42); Last surprise: +3.1%; Size: Kelly 10.0% / VolTgt 4.4% / Blend 7.2%,4.42,-1.0,1.0,-5,2026-07-29,3.09,0
2026-08-03T13:42:01,2026-08-03,FICO,HOLD,0,VWAP Trend,HIGH,4,42.37,1122.97,12.0,0.0,18.0,0.0,0.0,2026-08-24,2.38,3.91,75.0,3.7,138.06,104.2,-16.02,21.8,4,2026-04-15 to 2026-07-31 (75 days),-1.0,40.2,0.7293,1217.97,1375.77,BEARISH,HIGH,High volume; Price at statistical extreme; Last surprise: +3.4%,2.57,-1.0,1.0,-5,2026-07-29,3.4,0
2026-08-03T13:41:51,2026-08-03,ECL,HOLD,0,Stochastic Oscillator,HIGH,4,41.85,277.63,3.53,0.0,5.29,0.0,0.0,2026-09-06,2.1,3.69,100.0,129.59,50.65,40.19,-6.72,34.0,2,2026-04-15 to 2026-07-31 (75 days),-1.0,55.1,0.2609,268.18,269.59,BEARISH,MEDIUM,Last surprise: +0.5%,7.19,-1.0,1.0,85,2026-10-27,0.48,0
2026-08-03T13:41:39,2026-08-03,CPAY,HOLD,0,Stochastic Oscillator,MEDIUM,3,41.84,382.11,4.34,0.0,6.51,0.0,0.0,2026-08-17,2.07,6.11,100.0,178.33,69.03,-6.42,-4.28,14.5,2,2026-04-15 to 2026-07-31 (75 days),-1.0,60.5,0.2794,356.23,320.8,BULLISH,MEDIUM,Strong trend (ADX=30); Earnings in 2d (2026-08-05); Last surprise: +6.0%; Earnings conf adj: -1,6.71,-1.0,1.0,2,2026-08-05,6.03,-1
2026-08-03T13:41:17,2026-08-03,APO,HOLD,0,Stochastic Oscillator,MEDIUM,2,41.72,125.59,5.04,0.0,7.56,0.0,0.0,2026-08-25,2.0,3.35,100.0,133.86,48.67,32.01,-4.39,22.0,2,2026-04-15 to 2026-07-31 (75 days),-1.0,55.9,0.3216,125.41,126.24,BEARISH,MEDIUM,Price at statistical extreme; Earnings in 1d (2026-08-04); Last surprise: +3.2%; Earnings conf adj: -2,5.83,-1.0,1.0,1,2026-08-04,3.19,-2
2026-08-03T13:42:13,2026-08-03,HLT,HOLD,0,EMA Crossover (9/21),HIGH,4,41.52,320.49,3.68,0.0,7.99,0.0,0.0,2026-08-22,1.37,2.24,100.0,55.76,19.27,27.58,-5.64,19.0,2,2026-04-15 to 2026-07-31 (75 days),-1.0,41.6,0.2329,333.1,305.67,BULLISH,MEDIUM,Last surprise: +0.9%,8.05,-1.0,1.0,86,2026-10-28,0.88,0
2026-08-03T13:41:23,2026-08-03,BF-B,EXIT,-1,Stochastic Oscillator,MEDIUM,3,41.4,28.73,6.71,30.66,10.06,25.84,7.2,2026-08-29,1.97,3.68,100.0,152.2,61.88,68.51,-10.55,26.5,2,2026-04-15 to 2026-07-31 (75 days),-1.0,62.3,0.4264,26.37,26.87,BEARISH,HIGH,Strong trend (ADX=35); Last surprise: -62.5%; Earnings conf adj: -1; Size: Kelly 10.0% / VolTgt 4.4% / Blend 7.2%,4.4,-1.0,1.0,24,2026-08-27,-62.5,-1
2026-08-03T13:41:20,2026-08-03,AVB,HOLD,0,ADX Trend Following,HIGH,4,41.18,185.61,2.9,0.0,8.7,0.0,0.0,2026-09-08,2.29,4.24,100.0,124.08,49.53,13.86,-4.16,36.0,2,2026-04-15 to 2026-07-31 (75 days),-1.0,44.0,0.2263,186.91,176.95,BULLISH,MEDIUM,Price at statistical extreme; Last surprise: +1.8%,8.29,-1.0,1.0,86,2026-10-28,1.83,0
2026-08-03T13:41:42,2026-08-03,CTVA,HOLD,0,VWAP Trend,HIGH,4,40.85,78.71,6.37,0.0,5.48,0.0,0.0,2026-08-05,1.56,2.52,66.7,4.41,18.35,28.16,-3.4,2.1,9,2026-04-15 to 2026-07-31 (75 days),-1.0,35.2,0.4805,81.97,74.99,BULLISH,HIGH,High volume; Price at statistical extreme; Strong trend (ADX=38); Last surprise: +3.1%,3.9,-1.0,1.0,-4,2026-07-30,3.14,0
2026-08-03T13:41:24,2026-08-03,BIIB,HOLD,0,VWAP Trend,HIGH,4,40.71,202.95,8.9,0.0,6.46,0.0,0.0,2026-08-05,2.03,5.89,40.0,2.88,51.85,2.9,-4.65,2.6,10,2026-04-15 to 2026-07-31 (75 days),-1.0,50.1,0.5085,200.52,183.35,BULLISH,HIGH,Last surprise: +77.3%; Earnings conf adj: +1,3.69,-1.0,1.0,87,2026-10-29,77.34,1
2026-08-03T13:41:50,2026-08-03,EA,HOLD,0,MACD Crossover,LOW,1,40.32,209.86,1.5,0.0,1.46,0.0,0.0,2026-08-26,2.94,5.59,66.7,444.27,9.19,-2.7,-0.7,23.0,3,2026-04-15 to 2026-07-31 (75 days),-1.0,79.2,0.0388,204.94,202.5,BULLISH,LOW,RSI overbought; High volume; Strong trend (ADX=46); Earnings in 1d (2026-08-04); Last surprise: -32.6%; Earnings conf adj: -3,7.0,-1.0,1.0,1,2026-08-04,-32.63,-3
2026-08-03T13:41:55,2026-08-03,ERIE,HOLD,0,Stochastic Oscillator,HIGH,4,40.32,242.04,10.84,0.0,16.26,0.0,0.0,2026-09-06,1.81,3.12,100.0,171.82,72.26,73.79,-8.76,34.5,2,2026-04-15 to 2026-07-31 (75 days),-1.0,55.1,0.6937,228.47,257.39,BEARISH,HIGH,High volume; Strong trend (ADX=30); Last surprise: +3.0%,2.7,-1.0,1.0,87,2026-10-29,2.99,0
2026-08-03T13:41:35,2026-08-03,CME,HOLD,0,ADX Trend Following,LOW,1,40.19,267.79,3.81,0.0,4.74,0.0,0.0,2026-08-08,0.26,0.42,66.7,1.38,2.51,30.89,-6.28,5.0,3,2026-04-15 to 2026-07-31 (75 days),-1.0,67.0,0.2691,252.45,273.82,BEARISH,MEDIUM,Strong trend (ADX=42); Last surprise: +2.7%,6.97,-1.0,1.0,79,2026-10-21,2.75,0
2026-08-03T13:41:52,2026-08-03,EL,HOLD,0,Stochastic Oscillator,HIGH,4,39.55,83.9,4.29,0.0,6.44,0.0,0.0,2026-08-24,1.63,3.74,100.0,149.42,57.16,19.02,-5.99,21.0,2,2026-04-15 to 2026-07-31 (75 days),-1.0,52.7,0.2741,83.81,91.8,BEARISH,MEDIUM,Last surprise: +40.0%,6.84,-1.0,1.0,16,2026-08-19,40.0,0
2026-08-03T13:41:25,2026-08-03,BLK,HOLD,0,ADX Trend Following,HIGH,5,39.31,1090.39,4.31,0.0,6.46,0.0,0.0,2026-08-09,1.13,1.94,71.4,2.75,23.87,7.43,-6.23,6.7,7,2026-04-15 to 2026-07-31 (75 days),-1.0,59.0,0.3499,1032.05,1045.63,BEARISH,MEDIUM,Strong trend (ADX=30); Last surprise: +9.6%; Earnings conf adj: +1,5.36,-1.0,1.0,72,2026-10-14,9.61,1
2026-08-03T13:42:07,2026-08-03,GEV,HOLD,0,VWAP Trend,MEDIUM,2,39.1,990.29,12.0,0.0,11.1,0.0,0.0,2026-08-07,0.86,1.35,62.5,1.81,25.28,23.59,-8.56,4.6,8,2026-04-15 to 2026-07-31 (75 days),-1.0,46.4,0.6575,1024.64,835.81,BULLISH,HIGH,Strong trend (ADX=31); Last surprise: -22.3%; Earnings conf adj: -1,2.85,-1.0,1.0,86,2026-10-28,-22.33,-1
2026-08-03T13:42:03,2026-08-03,FOX,EXIT,-1,Stochastic Oscillator,MEDIUM,3,39.02,51.94,3.93,53.98,5.9,48.88,8.44,2026-09-01,2.64,5.76,100.0,144.56,54.58,81.93,-5.16,29.0,1,2026-04-15 to 2026-07-31 (75 days),-1.0,54.4,0.2725,52.39,56.46,BEARISH,MEDIUM,Earnings in 3d (2026-08-06); Last surprise: +22.2%; Earnings conf adj: -1; Size: Kelly 10.0% / VolTgt 6.9% / Blend 8.4%,6.88,-1.0,1.0,3,2026-08-06,22.22,-1
2026-08-03T13:41:57,2026-08-03,EVRG,BUY,1,VWAP Trend,MEDIUM,3,39.01,83.01,2.31,81.09,2.18,84.82,10.0,2026-08-05,2.09,5.22,70.0,4.03,16.78,7.44,-1.19,2.5,10,2026-04-15 to 2026-07-31 (75 days),0.433,39.5,0.1751,84.5,79.1,BULLISH,LOW,Price at statistical extreme; Earnings in 3d (2026-08-06); Last surprise: +13.1%; Earnings conf adj: -1; Size: Kelly 10.0% / VolTgt 10.0% / Blend 10.0%,10.0,-1.0,1.0,3,2026-08-06,13.11,-1
2026-08-03T13:42:09,2026-08-03,GOOG,BUY,1,VWAP Trend,MEDIUM,2,38.97,356.65,7.42,330.19,5.66,376.84,7.02,2026-08-05,0.3,0.46,66.7,1.35,3.03,-21.67,-4.65,2.4,9,2026-04-15 to 2026-07-31 (75 days),0.29,55.2,0.4637,356.65,325.21,BULLISH,HIGH,High volume; Last surprise: +213.1%; Earnings conf adj: +1; Size: Kelly 10.0% / VolTgt 4.0% / Blend 7.0%,4.04,-1.0,1.0,86,2026-10-28,213.06,1
2026-08-03T13:41:27,2026-08-03,BRO,HOLD,0,ADX Trend Following,HIGH,4,38.6,70.4,7.92,0.0,11.88,0.0,0.0,2026-08-27,2.03,3.61,100.0,160.01,66.99,49.84,-6.59,24.0,2,2026-04-15 to 2026-07-31 (75 days),-1.0,57.1,0.4191,63.4,70.67,BEARISH,HIGH,Strong trend (ADX=35); Last surprise: +0.0%,4.47,-1.0,1.0,84,2026-10-26,0.0,0
2026-08-03T13:41:47,2026-08-03,DLR,HOLD,0,Stochastic Oscillator,MEDIUM,3,38.56,188.52,7.78,0.0,11.67,0.0,0.0,2026-09-04,1.2,2.44,100.0,103.53,36.44,46.36,-6.94,32.5,2,2026-04-15 to 2026-07-31 (75 days),-1.0,53.9,0.4679,184.77,174.32,BULLISH,HIGH,Strong trend (ADX=38); Last surprise: -15.1%; Earnings conf adj: -1,4.01,-1.0,1.0,80,2026-10-22,-15.07,-1
2026-08-03T13:42:10,2026-08-03,GPN,HOLD,0,VWAP Trend,MEDIUM,3,38.4,84.08,7.72,0.0,10.63,0.0,0.0,2026-08-10,2.39,3.88,66.7,4.48,114.69,27.14,-7.15,7.6,9,2026-04-15 to 2026-07-31 (75 days),-1.0,60.0,0.4896,73.67,74.06,BEARISH,HIGH,Strong trend (ADX=40); Earnings in 2d (2026-08-05); Last surprise: +5.3%; Earnings conf adj: -1,3.83,-1.0,1.0,2,2026-08-05,5.34,-1
2026-08-03T13:42:06,2026-08-03,GE,HOLD,0,52-Week High Momentum,MEDIUM,3,38.2,360.07,4.59,0.0,9.18,0.0,0.0,2026-08-23,0.31,0.41,100.0,42.29,3.74,-56.45,-10.39,20.5,2,2026-04-15 to 2026-07-31 (75 days),-1.0,55.5,0.3159,344.91,314.43,BULLISH,MEDIUM,Last surprise: +8.6%; Earnings conf adj: +1,5.94,-1.0,1.0,78,2026-10-20,8.6,1
2026-08-03T13:41:48,2026-08-03,DPZ,HOLD,0,Composite Multi-Indicator,HIGH,4,38.12,347.44,6.48,0.0,9.72,0.0,0.0,2026-09-10,3.1,6.6,100.0,226.57,99.65,115.74,-4.37,38.0,1,2026-04-15 to 2026-07-31 (75 days),-1.0,62.5,0.3921,313.99,369.2,BEARISH,MEDIUM,Strong trend (ADX=51); Last surprise: -2.4%,4.78,-1.0,1.0,71,2026-10-13,-2.4,0
2026-08-03T13:42:10,2026-08-03,GWW,HOLD,0,Composite Multi-Indicator,MEDIUM,3,37.6,1382.22,3.69,0.0,7.38,0.0,0.0,2026-08-31,2.69,6.11,100.0,136.56,53.69,-38.44,-3.89,28.0,2,2026-04-15 to 2026-07-31 (75 days),-1.0,55.4,0.2154,1331.85,1130.94,BULLISH,MEDIUM,Earnings in 1d (2026-08-04); Last surprise: +14.1%; Earnings conf adj: -1,8.71,-1.0,1.0,1,2026-08-04,14.1,-1
2026-08-03T13:41:52,2026-08-03,EG,HOLD,0,ADX Trend Following,MEDIUM,3,37.26,374.15,3.79,0.0,8.15,0.0,0.0,2026-08-15,0.87,1.29,66.7,4.91,13.85,-19.86,-6.25,12.7,3,2026-04-15 to 2026-07-31 (75 days),-1.0,51.7,0.2903,355.14,334.94,BULLISH,MEDIUM,Strong trend (ADX=31); Last surprise: +2.2%,6.46,-1.0,1.0,86,2026-10-28,2.2,0
2026-08-03T13:41:28,2026-08-03,CAH,HOLD,0,Stochastic Oscillator,HIGH,4,37.24,230.03,3.29,0.0,4.94,0.0,0.0,2026-08-11,2.69,8.67,100.0,105.64,33.58,0.19,-2.34,8.0,2,2026-04-15 to 2026-07-31 (75 days),-1.0,53.4,0.2286,221.43,207.87,BULLISH,MEDIUM,Last surprise: +13.6%,8.2,-1.0,1.0,8,2026-08-11,13.62,0
2026-08-03T13:41:55,2026-08-03,EQR,HOLD,0,ADX Trend Following,MEDIUM,3,36.97,66.45,2.96,0.0,5.92,0.0,0.0,2026-08-25,2.03,3.65,66.7,22.71,38.53,2.2,-3.58,22.7,3,2026-04-15 to 2026-07-31 (75 days),-1.0,42.9,0.2061,67.09,62.08,BULLISH,MEDIUM,Price at statistical extreme; Last surprise: -5.6%; Earnings conf adj: -1,9.1,-1.0,1.0,79,2026-10-21,-5.56,-1
2026-08-03T13:41:17,2026-08-03,APA,HOLD,0,ADX Trend Following,LOW,0,36.87,37.32,6.51,0.0,9.77,0.0,0.0,2026-08-15,-0.97,-1.25,75.0,0.57,-25.48,-37.44,-19.43,12.0,4,2026-04-15 to 2026-07-31 (75 days),-1.0,61.5,0.4151,35.25,30.93,BULLISH,HIGH,Earnings in 2d (2026-08-05); Last surprise: +21.1%; Earnings conf adj: -1,4.52,-1.0,1.0,2,2026-08-05,21.05,-1
2026-08-03T13:41:25,2026-08-03,BKR,HOLD,0,Donchian Breakout (20/55),HIGH,5,36.78,60.49,5.06,0.0,4.89,0.0,0.0,2026-08-06,2.6,40.96,100.0,33.72,11.19,7.62,-0.2,3.0,1,2026-04-15 to 2026-07-31 (75 days),-1.0,58.6,0.3584,59.78,56.29,BULLISH,MEDIUM,Last surprise: +30.6%; Earnings conf adj: +1,5.23,-1.0,1.0,80,2026-10-22,30.61,1
2026-08-03T13:41:57,2026-08-03,EW,HOLD,0,Stochastic Oscillator,HIGH,5,36.58,86.07,4.66,0.0,6.64,0.0,0.0,2026-08-17,1.28,2.64,100.0,66.98,21.67,-16.95,-4.28,14.0,2,2026-04-15 to 2026-07-31 (75 days),-1.0,47.2,0.2255,87.59,83.68,BULLISH,MEDIUM,Last surprise: +5.4%; Earnings conf adj: +1,8.32,-1.0,1.0,87,2026-10-29,5.41,1
2026-08-03T13:41:15,2026-08-03,AMT,HOLD,0,MACD Crossover,HIGH,4,36.54,173.36,4.15,0.0,6.23,0.0,0.0,2026-08-24,0.73,1.36,100.0,39.39,13.0,16.75,-7.23,21.0,2,2026-04-15 to 2026-07-31 (75 days),-1.0,53.3,0.289,175.81,176.0,BEARISH,MEDIUM,Strong trend (ADX=32); Last surprise: +20.6%; Earnings conf adj: +1,6.49,-1.0,1.0,85,2026-10-27,20.65,1
2026-08-03T13:41:27,2026-08-03,BSX,HOLD,0,EMA Crossover (9/21),HIGH,4,36.53,46.73,5.72,0.0,2.23,0.0,0.0,2026-08-04,1.72,25.59,100.0,14.87,4.8,71.62,-0.1,1.0,1,2026-04-15 to 2026-07-31 (75 days),-1.0,58.2,0.2828,46.61,73.17,BEARISH,MEDIUM,Last surprise: +3.6%,6.63,-1.0,1.0,79,2026-10-21,3.61,0
2026-08-03T13:41:12,2026-08-03,AJG,HOLD,0,Composite Multi-Indicator,HIGH,4,36.34,249.42,5.41,0.0,8.12,0.0,0.0,2026-09-09,3.76,8.92,100.0,285.16,134.02,86.32,-7.28,37.0,1,2026-04-15 to 2026-07-31 (75 days),-1.0,52.4,0.3918,230.36,233.9,BEARISH,MEDIUM,Strong trend (ADX=32); Last surprise: +1.1%,4.79,-1.0,1.0,87,2026-10-29,1.07,0
2026-08-03T13:41:56,2026-08-03,ETR,EXIT,-1,VWAP Trend,HIGH,4,36.3,107.62,3.76,111.67,2.28,105.17,9.34,2026-08-04,1.36,2.44,66.7,3.0,12.05,30.65,-2.47,1.8,9,2026-04-15 to 2026-07-31 (75 days),-1.0,35.0,0.2159,112.22,103.46,BULLISH,MEDIUM,Price at statistical extreme; Strong trend (ADX=30); Last surprise: +2.0%; Size: Kelly 10.0% / VolTgt 8.7% / Blend 9.3%,8.68,-1.0,1.0,87,2026-10-29,1.98,0
2026-08-03T13:41:19,2026-08-03,ARES,HOLD,0,Stochastic Oscillator,HIGH,4,36.29,128.09,5.69,0.0,8.54,0.0,0.0,2026-09-02,2.49,5.05,100.0,156.99,60.35,28.46,-4.86,30.0,1,2026-04-15 to 2026-07-31 (75 days),-1.0,58.4,0.3573,123.32,131.89,BEARISH,MEDIUM,Last surprise: +1.6%,5.25,-1.0,1.0,-3,2026-07-31,1.57,0
2026-08-03T13:41:27,2026-08-03,BX,HOLD,0,Stochastic Oscillator,HIGH,5,36.25,127.75,5.26,0.0,7.89,0.0,0.0,2026-08-20,3.06,6.88,100.0,121.65,43.82,47.07,-3.89,17.0,1,2026-04-15 to 2026-07-31 (75 days),-1.0,54.6,0.32,121.45,130.35,BEARISH,MEDIUM,Last surprise: +13.4%; Earnings conf adj: +1,5.86,-1.0,1.0,80,2026-10-22,13.43,1
2026-08-03T13:41:26,2026-08-03,BNY,HOLD,0,ADX Trend Following,HIGH,5,36.23,156.33,3.6,0.0,12.6,0.0,0.0,2026-09-07,2.18,3.77,100.0,124.84,49.31,-33.66,-5.69,35.0,2,2026-04-15 to 2026-07-31 (75 days),-1.0,56.9,0.2924,147.46,125.34,BULLISH,MEDIUM,Strong trend (ADX=32); Last surprise: +10.8%; Earnings conf adj: +1,6.41,-1.0,1.0,73,2026-10-15,10.81,1
2026-08-03T13:41:59,2026-08-03,FCX,HOLD,0,Stochastic Oscillator,HIGH,5,36.01,62.63,9.4,0.0,14.1,0.0,0.0,2026-08-22,1.47,2.54,100.0,130.6,49.61,76.03,-12.81,19.5,2,2026-04-15 to 2026-07-31 (75 days),-1.0,51.3,0.5027,63.47,56.86,BULLISH,HIGH,Last surprise: +19.4%; Earnings conf adj: +1,3.73,-1.0,1.0,80,2026-10-22,19.35,1
2026-08-03T13:41:40,2026-08-03,CRWD,HOLD,0,VWAP Trend,LOW,1,35.79,190.86,10.43,0.0,8.43,0.0,0.0,2026-08-06,-0.69,-0.9,83.3,0.87,-15.64,-738.36,-17.79,3.2,6,2026-04-15 to 2026-07-31 (75 days),-1.0,54.3,0.5984,181.4,132.65,BULLISH,HIGH,Last surprise: +3.7%,3.13,-1.0,1.0,29,2026-09-01,3.7,0
2026-08-03T13:42:02,2026-08-03,FIS,BUY,1,VWAP Trend,LOW,1,35.69,44.77,7.29,41.51,10.94,49.67,5.64,2026-08-19,0.77,1.19,50.0,1.69,20.04,39.88,-11.25,16.8,4,2026-04-15 to 2026-07-31 (75 days),0.508,59.4,0.4369,41.04,51.69,BEARISH,HIGH,Strong trend (ADX=34); Earnings in 1d (2026-08-04); Last surprise: +5.4%; Earnings conf adj: -1; Size: Kelly 7.0% / VolTgt 4.3% / Blend 5.6%,4.29,-1.0,1.0,1,2026-08-04,5.43,-1
2026-08-03T13:41:07,2026-08-03,ABNB,HOLD,0,ADX Trend Following,LOW,0,35.62,151.52,4.04,0.0,6.06,0.0,0.0,2026-08-12,2.18,3.94,50.0,11.49,51.55,12.4,-4.02,9.8,4,2026-04-15 to 2026-07-31 (75 days),-1.0,59.7,0.3357,141.19,132.55,BULLISH,MEDIUM,Earnings in 3d (2026-08-06); Last surprise: -13.3%; Earnings conf adj: -3,5.59,-1.0,1.0,3,2026-08-06,-13.33,-3
2026-08-03T13:42:14,2026-08-03,HRL,HOLD,0,Stochastic Oscillator,HIGH,5,35.47,25.01,3.91,0.0,5.87,0.0,0.0,2026-09-06,1.77,4.38,100.0,155.5,61.81,-37.82,-9.28,34.5,2,2026-04-15 to 2026-07-31 (75 days),-1.0,51.3,0.2469,24.14,22.78,BULLISH,MEDIUM,Last surprise: +14.3%; Earnings conf adj: +1,7.6,-1.0,1.0,24,2026-08-27,14.29,1
2026-08-03T13:41:43,2026-08-03,CVX,HOLD,0,Stochastic Oscillator,HIGH,5,35.45,196.83,3.16,0.0,4.74,0.0,0.0,2026-08-22,1.68,3.11,100.0,74.99,25.85,-1.76,-6.54,19.5,2,2026-04-15 to 2026-07-31 (75 days),-1.0,67.2,0.2399,182.75,173.35,BULLISH,MEDIUM,Strong trend (ADX=36); Last surprise: +8.6%; Earnings conf adj: +1,7.81,-1.0,1.0,88,2026-10-30,8.6,1
2026-08-03T13:41:58,2026-08-03,EXE,HOLD,0,Stochastic Oscillator,HIGH,4,35.42,94.03,4.25,0.0,6.38,0.0,0.0,2026-09-13,0.57,1.04,100.0,33.94,11.36,16.41,-8.86,41.0,2,2026-04-15 to 2026-07-31 (75 days),-1.0,60.6,0.3136,90.36,101.75,BEARISH,MEDIUM,Last surprise: +18.7%; Earnings conf adj: +1,5.98,-1.0,1.0,85,2026-10-27,18.75,1
2026-08-03T13:41:32,2026-08-03,CHTR,HOLD,0,EMA Crossover (9/21),HIGH,5,35.31,144.98,10.0,0.0,3.68,0.0,0.0,2026-08-04,1.65,23.47,100.0,19.99,6.24,82.18,-0.2,1.0,1,2026-04-15 to 2026-07-31 (75 days),-1.0,59.6,0.4677,136.25,192.31,BEARISH,HIGH,Last surprise: +6.0%; Earnings conf adj: +1,4.01,-1.0,1.0,88,2026-10-30,5.96,1
2026-08-03T13:41:41,2026-08-03,CTAS,HOLD,0,Stochastic Oscillator,HIGH,4,35.24,204.63,5.07,0.0,7.61,0.0,0.0,2026-08-26,1.3,2.23,100.0,76.98,24.47,-42.66,-3.82,23.5,2,2026-04-15 to 2026-07-31 (75 days),-1.0,60.5,0.3931,182.94,184.33,BEARISH,MEDIUM,Strong trend (ADX=49); Last surprise: +2.4%,4.77,-1.0,1.0,51,2026-09-23,2.44,0
2026-08-03T13:42:12,2026-08-03,HD,HOLD,0,ADX Trend Following,HIGH,4,35.22,331.96,3.98,0.0,5.97,0.0,0.0,2026-08-19,1.33,2.35,100.0,71.22,25.37,29.78,-6.06,16.5,2,2026-04-15 to 2026-07-31 (75 days),-1.0,47.1,0.269,330.5,345.37,BEARISH,MEDIUM,Last surprise: +0.6%,6.97,-1.0,1.0,15,2026-08-18,0.59,0
2026-08-03T13:41:07,2026-08-03,AAPL,HOLD,0,Stochastic Oscillator,HIGH,5,35.16,308.91,4.81,0.0,7.21,0.0,0.0,2026-08-12,2.68,20.63,100.0,111.34,33.78,-32.24,-1.19,9.0,1,2026-04-15 to 2026-07-31 (75 days),-1.0,43.2,0.3674,309.5,277.66,BULLISH,MEDIUM,High volume; Strong trend (ADX=38); Last surprise: +6.9%; Earnings conf adj: +1,5.1,-1.0,1.0,87,2026-10-29,6.88,1
2026-08-03T13:42:19,2026-08-03,ICE,BUY,1,Momentum (Rate of Change),HIGH,4,35.07,152.48,4.13,146.18,6.2,161.93,8.91,2026-08-26,2.15,3.88,100.0,110.61,31.21,53.92,-3.93,23.0,1,2026-04-15 to 2026-07-31 (75 days),0.25,65.5,0.2396,140.07,153.87,BEARISH,MEDIUM,Strong trend (ADX=60); Last surprise: +3.3%; Size: Kelly 10.0% / VolTgt 7.8% / Blend 8.9%,7.83,-1.0,1.0,87,2026-10-29,3.26,0
2026-08-03T13:41:25,2026-08-03,BR,HOLD,0,MACD Crossover,LOW,0,34.93,153.95,5.13,0.0,7.7,0.0,0.0,2026-08-19,0.29,0.43,66.7,1.71,4.14,15.97,-9.44,16.3,3,2026-04-15 to 2026-07-31 (75 days),-1.0,57.0,0.3487,146.82,181.71,BEARISH,MEDIUM,Earnings in 1d (2026-08-04); Last surprise: +4.6%; Earnings conf adj: -2,5.38,-1.0,1.0,1,2026-08-04,4.62,-2
2026-08-03T13:41:55,2026-08-03,EQT,HOLD,0,EMA Crossover (9/21),HIGH,4,34.9,53.29,4.11,0.0,5.87,0.0,0.0,2026-08-07,1.96,6.35,100.0,23.81,7.97,26.52,-0.75,4.0,1,2026-04-15 to 2026-07-31 (75 days),-1.0,57.1,0.3725,52.53,56.19,BEARISH,MEDIUM,Last surprise: -2.5%,5.03,-1.0,1.0,78,2026-10-20,-2.5,0
2026-08-03T13:42:11,2026-08-03,HCA,HOLD,0,Composite Multi-Indicator,HIGH,4,34.39,402.59,7.77,0.0,11.65,0.0,0.0,2026-08-20,1.82,3.59,100.0,106.23,40.51,88.43,-5.36,17.0,1,2026-04-15 to 2026-07-31 (75 days),-1.0,54.6,0.5051,386.79,455.97,BEARISH,HIGH,Last surprise: +1.2%,3.71,-1.0,1.0,81,2026-10-23,1.2,0
2026-08-03T13:41:53,2026-08-03,EME,HOLD,0,EMA Crossover (9/21),HIGH,5,34.37,797.43,9.36,0.0,10.7,0.0,0.0,2026-08-06,1.65,22.75,100.0,19.44,6.05,8.32,-0.2,3.0,1,2026-04-15 to 2026-07-31 (75 days),-1.0,54.1,0.7842,802.37,744.43,BULLISH,HIGH,Strong trend (ADX=40); Last surprise: +25.3%; Earnings conf adj: +1,2.39,-1.0,1.0,87,2026-10-29,25.31,1
2026-08-03T13:41:30,2026-08-03,CCL,HOLD,0,Stochastic Oscillator,HIGH,4,34.27,27.81,5.08,0.0,7.62,0.0,0.0,2026-08-28,0.81,1.5,100.0,71.24,23.05,32.63,-12.66,25.5,2,2026-04-15 to 2026-07-31 (75 days),-1.0,54.5,0.3767,27.62,27.78,BEARISH,MEDIUM,Last surprise: +20.6%; Earnings conf adj: +1,4.98,-1.0,1.0,56,2026-09-28,20.59,1
2026-08-03T13:42:15,2026-08-03,HSIC,HOLD,0,Composite Multi-Indicator,MEDIUM,3,34.23,85.75,3.36,0.0,6.72,0.0,0.0,2026-08-26,2.7,4.33,100.0,106.92,40.32,-1.3,-4.17,23.0,1,2026-04-15 to 2026-07-31 (75 days),-1.0,55.8,0.2154,81.79,76.27,BULLISH,MEDIUM,Earnings in 1d (2026-08-04); Last surprise: +8.2%; Earnings conf adj: -1,8.7,-1.0,1.0,1,2026-08-04,8.2,-1
2026-08-03T13:41:22,2026-08-03,BAC,BUY,1,52-Week High Momentum,HIGH,5,34.2,61.95,2.92,60.14,8.76,67.38,9.5,2026-09-23,2.85,4.87,100.0,134.86,46.63,-12.61,-2.67,51.0,1,2026-04-15 to 2026-07-31 (75 days),0.782,62.5,0.2086,57.19,53.15,BULLISH,MEDIUM,Last surprise: +8.0%; Earnings conf adj: +1; Size: Kelly 10.0% / VolTgt 9.0% / Blend 9.5%,8.99,-1.0,1.0,72,2026-10-14,8.04,1
2026-08-03T13:41:27,2026-08-03,BXP,EXIT,-1,VWAP Trend,HIGH,5,34.15,70.12,4.61,73.35,6.53,65.54,8.2,2026-08-11,1.98,3.72,85.7,12.92,42.95,-80.88,-4.0,8.0,7,2026-04-15 to 2026-07-31 (75 days),-1.0,57.3,0.2934,65.47,62.65,BULLISH,MEDIUM,Strong trend (ADX=34); Last surprise: +16.3%; Earnings conf adj: +1; Size: Kelly 10.0% / VolTgt 6.4% / Blend 8.2%,6.39,-1.0,1.0,85,2026-10-27,16.28,1
2026-08-03T13:42:13,2026-08-03,HOOD,HOLD,0,MACD Crossover,HIGH,4,34.03,86.56,12.0,0.0,18.0,0.0,0.0,2026-08-25,1.0,1.6,100.0,102.78,38.9,41.83,-13.57,22.0,2,2026-04-15 to 2026-07-31 (75 days),-1.0,36.0,0.597,96.64,99.29,BEARISH,HIGH,Strong trend (ADX=41); Last surprise: +44.2%; Earnings conf adj: +1,3.14,-1.0,1.0,-5,2026-07-29,44.19,1
2026-08-03T13:41:13,2026-08-03,ALLE,HOLD,0,MACD Crossover,HIGH,5,33.88,157.4,6.74,0.0,10.11,0.0,0.0,2026-08-30,1.17,1.93,100.0,64.71,22.91,-22.34,-4.53,27.5,2,2026-04-15 to 2026-07-31 (75 days),-1.0,69.9,0.4399,137.25,151.17,BEARISH,HIGH,Strong trend (ADX=49); Last surprise: +8.1%; Earnings conf adj: +1,4.26,-1.0,1.0,80,2026-10-22,8.11,1
2026-08-03T13:42:10,2026-08-03,GRMN,HOLD,0,Multi-Factor Momentum MR,HIGH,5,33.85,293.78,7.37,0.0,25.8,0.0,0.0,2026-09-30,2.2,6.48,100.0,239.15,106.7,64.03,-5.71,58.0,1,2026-04-15 to 2026-07-31 (75 days),-1.0,77.0,0.6411,242.63,227.89,BULLISH,HIGH,RSI overbought; Price at statistical extreme; Strong trend (ADX=43); Last surprise: +22.7%; Earnings conf adj: +1,2.92,-1.0,1.0,86,2026-10-28,22.71,1
2026-08-03T13:42:22,2026-08-03,IFF,EXIT,-1,Stochastic Oscillator,MEDIUM,3,33.72,79.22,4.25,82.59,6.38,74.17,7.8,2026-09-13,1.5,3.19,100.0,180.61,75.14,30.99,-13.19,41.0,2,2026-04-15 to 2026-07-31 (75 days),-1.0,55.4,0.3344,76.64,71.41,BULLISH,MEDIUM,Earnings in 1d (2026-08-04); Last surprise: +16.8%; Earnings conf adj: -1; Size: Kelly 10.0% / VolTgt 5.6% / Blend 7.8%,5.61,-1.0,1.0,1,2026-08-04,16.82,-1
2026-08-03T13:41:48,2026-08-03,DOC,HOLD,0,VWAP Trend,MEDIUM,3,33.64,21.83,2.52,0.0,2.37,0.0,0.0,2026-08-05,2.02,21.07,66.7,9.53,88.5,-53.15,-1.69,2.5,6,2026-04-15 to 2026-07-31 (75 days),-1.0,51.8,0.1903,20.86,17.79,BULLISH,LOW,Strong trend (ADX=40); Earnings in 1d (2026-08-04); Last surprise: +366.7%; Earnings conf adj: -1,9.85,-1.0,1.0,1,2026-08-04,366.67,-1
2026-08-03T13:41:26,2026-08-03,BMY,HOLD,0,SMA Crossover (10/50),HIGH,5,33.63,65.31,4.14,0.0,11.27,0.0,0.0,2026-08-26,3.01,5.52,100.0,134.04,52.89,-3.77,-4.03,23.0,1,2026-04-15 to 2026-07-31 (75 days),-1.0,71.4,0.2985,57.76,54.55,BULLISH,MEDIUM,RSI overbought; Strong trend (ADX=59); Last surprise: +27.5%; Earnings conf adj: +1,6.28,-1.0,1.0,87,2026-10-29,27.5,1
2026-08-03T13:41:20,2026-08-03,AVY,HOLD,0,Stochastic Oscillator,HIGH,5,33.46,169.73,5.16,0.0,7.74,0.0,0.0,2026-11-03,1.11,1.93,100.0,78.72,28.99,23.23,-7.61,92.0,1,2026-04-15 to 2026-07-31 (75 days),-1.0,58.6,0.3779,160.25,170.92,BEARISH,MEDIUM,Strong trend (ADX=36); Last surprise: +17.0%; Earnings conf adj: +1,4.96,-1.0,1.0,79,2026-10-21,17.0,1
2026-08-03T13:41:40,2026-08-03,CSCO,HOLD,0,ADX Trend Following,HIGH,4,33.46,115.99,4.67,0.0,14.01,0.0,0.0,2026-09-18,2.27,4.1,100.0,291.42,139.13,-85.9,-15.33,46.0,2,2026-04-15 to 2026-07-31 (75 days),-1.0,53.0,0.3332,117.4,88.87,BULLISH,MEDIUM,Last surprise: +1.9%,5.63,-1.0,1.0,9,2026-08-12,1.92,0
2026-08-03T13:41:11,2026-08-03,AFL,BUY,1,52-Week High Momentum,MEDIUM,2,33.41,127.48,1.89,125.07,4.72,133.5,10.0,2026-11-17,2.41,3.83,100.0,125.9,49.19,-4.35,-5.04,106.0,1,2026-04-15 to 2026-07-31 (75 days),0.115,65.1,0.1493,119.64,112.58,BULLISH,LOW,Strong trend (ADX=38); Earnings in 3d (2026-08-06); Last surprise: -2.8%; Earnings conf adj: -2; Size: Kelly 10.0% / VolTgt 10.0% / Blend 10.0%,10.0,-1.0,1.0,3,2026-08-06,-2.78,-2
2026-08-03T13:42:12,2026-08-03,HBAN,BUY,1,Stochastic Oscillator,MEDIUM,2,33.24,17.04,3.63,16.42,5.45,17.97,8.35,2026-08-21,0.29,0.42,100.0,20.69,3.31,-7.8,-8.12,18.0,2,2026-04-15 to 2026-07-31 (75 days),0.69,42.9,0.28,17.14,16.54,BULLISH,MEDIUM,Strong trend (ADX=36); Last surprise: +0.0%; Size: Kelly 10.0% / VolTgt 6.7% / Blend 8.3%,6.7,-1.0,1.0,80,2026-10-22,0.0,0
2026-08-03T13:42:05,2026-08-03,GD,HOLD,0,Composite Multi-Indicator,HIGH,5,33.19,383.42,2.83,0.0,8.49,0.0,0.0,2026-09-23,2.31,4.05,100.0,128.12,50.19,-4.38,-5.7,51.0,1,2026-04-15 to 2026-07-31 (75 days),-1.0,61.0,0.1831,358.86,346.68,BULLISH,LOW,Last surprise: +6.8%; Earnings conf adj: +1,10.0,-1.0,1.0,86,2026-10-28,6.8,1
2026-08-03T13:41:09,2026-08-03,ADM,HOLD,0,Stochastic Oscillator,MEDIUM,3,33.13,79.27,4.02,0.0,6.03,0.0,0.0,2026-08-20,1.77,3.93,100.0,59.26,15.58,-66.19,-1.89,17.0,1,2026-04-15 to 2026-07-31 (75 days),-1.0,41.8,0.2817,80.19,68.99,BULLISH,MEDIUM,Strong trend (ADX=40); Earnings in 1d (2026-08-04); Last surprise: +7.6%; Earnings conf adj: -1,6.66,-1.0,1.0,1,2026-08-04,7.58,-1
2026-08-03T13:41:37,2026-08-03,COHR,EXIT,-1,VWAP Trend,HIGH,4,32.99,262.89,12.0,294.44,10.76,234.6,5.94,2026-08-04,3.14,7.58,75.0,4.73,391.2,433.01,-14.22,1.9,8,2026-04-15 to 2026-07-31 (75 days),-1.0,40.4,0.9915,347.42,254.95,BULLISH,HIGH,Strong trend (ADX=39); Last surprise: +1.4%; Size: Kelly 10.0% / VolTgt 1.9% / Blend 5.9%,1.89,-1.0,1.0,9,2026-08-12,1.44,0
2026-08-03T13:41:40,2026-08-03,CRL,BUY,1,PEAD Earnings Drift,MEDIUM,3,32.99,232.51,7.87,214.21,19.68,278.27,7.34,2026-10-05,2.76,6.23,100.0,285.65,134.3,-2.28,-6.38,63.0,1,2026-04-15 to 2026-07-31 (75 days),0.734,59.8,0.4016,204.52,187.21,BULLISH,HIGH,Strong trend (ADX=32); Earnings in 2d (2026-08-05); Last surprise: +5.6%; Earnings conf adj: -1; Size: Kelly 10.0% / VolTgt 4.7% / Blend 7.3%,4.67,-1.0,1.0,2,2026-08-05,5.64,-1
2026-08-03T13:41:21,2026-08-03,BA,HOLD,0,Stochastic Oscillator,LOW,1,32.59,216.14,4.96,0.0,7.44,0.0,0.0,2026-09-03,0.44,0.73,100.0,33.47,8.89,20.25,-9.58,31.0,2,2026-04-15 to 2026-07-31 (75 days),-1.0,49.4,0.3621,218.9,218.38,BULLISH,MEDIUM,Last surprise: -145.2%; Earnings conf adj: -1,5.18,-1.0,1.0,86,2026-10-28,-145.16,-1
2026-08-03T13:41:14,2026-08-03,AMD,HOLD,0,ADX Trend Following,MEDIUM,3,32.37,476.15,12.0,0.0,13.68,0.0,0.0,2026-08-07,1.79,82.34,100.0,65.1,23.12,-681.47,-0.2,4.0,1,2026-04-15 to 2026-07-31 (75 days),-1.0,45.2,0.8689,512.21,311.82,BULLISH,HIGH,Earnings in 1d (2026-08-04); Last surprise: +6.2%; Earnings conf adj: -1,2.16,-1.0,1.0,1,2026-08-04,6.2,-1
2026-08-03T13:41:13,2026-08-03,ALL,HOLD,0,SMA Crossover (10/50),MEDIUM,2,32.33,264.08,4.04,0.0,10.1,0.0,0.0,2026-09-21,2.91,5.14,100.0,190.54,79.77,-15.13,-6.62,49.0,1,2026-04-15 to 2026-07-31 (75 days),-1.0,62.4,0.3296,235.08,212.46,BULLISH,MEDIUM,Strong trend (ADX=43); Earnings in 2d (2026-08-05); Last surprise: +47.1%; Earnings conf adj: -2,5.69,-1.0,1.0,2,2026-08-05,47.1,-2
2026-08-03T13:41:14,2026-08-03,AMP,HOLD,0,Donchian Breakout (20/55),HIGH,4,32.24,545.84,3.57,0.0,10.63,0.0,0.0,2026-09-01,2.8,5.14,100.0,114.87,44.27,-26.52,-3.4,29.0,1,2026-04-15 to 2026-07-31 (75 days),-1.0,69.9,0.2508,483.59,474.24,BULLISH,MEDIUM,Strong trend (ADX=37); Last surprise: +2.4%,7.48,-1.0,1.0,87,2026-10-29,2.41,0
2026-08-03T13:41:58,2026-08-03,EXPE,HOLD,0,EMA Crossover (9/21),MEDIUM,3,32.24,294.74,8.02,0.0,20.05,0.0,0.0,2026-09-17,2.23,4.38,100.0,209.13,89.52,29.84,-4.92,45.0,1,2026-04-15 to 2026-07-31 (75 days),-1.0,65.8,0.4371,250.72,247.06,BULLISH,HIGH,Strong trend (ADX=35); Earnings in 2d (2026-08-05); Last surprise: +42.0%; Earnings conf adj: -1,4.29,-1.0,1.0,2,2026-08-05,42.03,-1
2026-08-03T13:42:03,2026-08-03,FIX,EXIT,-1,52-Week High Momentum,HIGH,5,32.22,1729.69,12.0,1937.25,24.56,1304.88,6.32,2026-08-22,1.29,1.87,100.0,156.43,46.23,28.4,-14.4,19.5,2,2026-04-15 to 2026-07-31 (75 days),-1.0,48.7,0.7063,1817.66,1397.41,BULLISH,HIGH,Last surprise: +19.8%; Earnings conf adj: +1; Size: Kelly 10.0% / VolTgt 2.6% / Blend 6.3%,2.65,-1.0,1.0,80,2026-10-22,19.79,1
2026-08-03T13:41:25,2026-08-03,BKNG,EXIT,-1,VWAP Trend,MEDIUM,2,32.13,192.9,7.41,207.19,10.96,171.76,7.06,2026-08-12,1.6,2.77,66.7,2.52,63.86,49.03,-8.59,9.3,9,2026-04-15 to 2026-07-31 (75 days),-1.0,60.1,0.4564,174.83,184.77,BEARISH,HIGH,Earnings in 1d (2026-08-04); Last surprise: +5.6%; Earnings conf adj: -2; Size: Kelly 10.0% / VolTgt 4.1% / Blend 7.1%,4.11,-1.0,1.0,1,2026-08-04,5.56,-2
2026-08-03T13:42:21,2026-08-03,IEX,HOLD,0,52-Week High Momentum,HIGH,5,31.98,230.45,3.2,0.0,9.6,0.0,0.0,2026-11-12,2.03,3.44,100.0,132.0,51.95,-15.25,-5.98,101.0,1,2026-04-15 to 2026-07-31 (75 days),-1.0,61.0,0.1956,220.04,196.41,BULLISH,LOW,High volume; Last surprise: +10.0%; Earnings conf adj: +1,9.59,-1.0,1.0,86,2026-10-28,9.95,1
2026-08-03T13:42:07,2026-08-03,GIS,HOLD,0,VWAP Trend,HIGH,4,31.96,35.75,5.4,0.0,7.27,0.0,0.0,2026-08-08,1.3,2.26,54.5,1.96,37.19,17.39,-8.6,5.9,11,2026-04-15 to 2026-07-31 (75 days),-1.0,47.8,0.3803,34.81,39.69,BEARISH,MEDIUM,Last surprise: +18.7%; Earnings conf adj: +1,4.93,-1.0,1.0,51,2026-09-23,18.75,1
2026-08-03T13:41:56,2026-08-03,ESS,HOLD,0,PEAD Earnings Drift,MEDIUM,3,31.72,284.14,3.14,0.0,6.28,0.0,0.0,2026-10-30,2.59,4.3,100.0,127.23,49.29,-6.39,-4.11,88.0,1,2026-04-15 to 2026-07-31 (75 days),-1.0,43.3,0.2417,285.13,259.37,BULLISH,MEDIUM,Price at statistical extreme; Last surprise: -36.1%; Earnings conf adj: -1,7.76,-1.0,1.0,85,2026-10-27,-36.05,-1
2026-08-03T13:41:24,2026-08-03,BEN,BUY,1,52-Week High Momentum,HIGH,5,31.71,33.86,4.15,32.45,12.45,38.08,8.74,2026-11-17,3.06,5.15,100.0,287.13,135.25,0.82,-6.42,106.0,1,2026-04-15 to 2026-07-31 (75 days),0.389,58.3,0.2508,32.4,26.58,BULLISH,MEDIUM,Last surprise: +9.1%; Earnings conf adj: +1; Size: Kelly 10.0% / VolTgt 7.5% / Blend 8.7%,7.48,-1.0,1.0,-3,2026-07-31,9.09,1
2026-08-03T13:42:23,2026-08-03,INCY,HOLD,0,Composite Multi-Indicator,HIGH,5,31.68,119.52,7.39,0.0,25.86,0.0,0.0,2026-11-05,2.03,3.6,100.0,221.84,97.03,-5.85,-9.5,94.0,1,2026-04-15 to 2026-07-31 (75 days),-1.0,55.2,0.4217,109.13,101.26,BULLISH,HIGH,Strong trend (ADX=32); Last surprise: +43.7%; Earnings conf adj: +1,4.45,-1.0,1.0,85,2026-10-27,43.72,1
2026-08-03T13:41:14,2026-08-03,AME,HOLD,0,Composite Multi-Indicator,MEDIUM,2,31.48,241.71,2.64,0.0,1.5,0.0,0.0,2026-08-04,1.52,9.38,100.0,6.08,1.74,-17.11,-0.1,1.0,1,2026-04-15 to 2026-07-31 (75 days),-1.0,57.3,0.1904,232.94,218.74,BULLISH,LOW,Earnings in 1d (2026-08-04); Last surprise: +3.7%; Earnings conf adj: -2,9.85,-1.0,1.0,1,2026-08-04,3.68,-2
2026-08-03T13:42:02,2026-08-03,FFIV,BUY,1,PEAD Earnings Drift,HIGH,5,31.4,402.57,6.55,376.2,3.06,414.89,7.42,2026-08-04,1.68,33.61,100.0,34.55,11.12,-163.94,-0.3,1.0,1,2026-04-15 to 2026-07-31 (75 days),0.226,50.2,0.3886,401.02,310.98,BULLISH,MEDIUM,Strong trend (ADX=34); Last surprise: +18.3%; Earnings conf adj: +1; Size: Kelly 10.0% / VolTgt 4.8% / Blend 7.4%,4.83,-1.0,1.0,84,2026-10-26,18.25,1
2026-08-03T13:42:01,2026-08-03,FE,HOLD,0,Donchian Breakout (20/55),HIGH,4,31.26,48.31,2.39,0.0,8.37,0.0,0.0,2026-09-16,1.3,2.21,100.0,46.03,15.75,27.01,-3.32,44.0,1,2026-04-15 to 2026-07-31 (75 days),-1.0,48.8,0.1759,47.5,46.92,BULLISH,LOW,Strong trend (ADX=36); Last surprise: +0.0%,10.0,-1.0,1.0,79,2026-10-21,0.0,0
2026-08-03T13:41:31,2026-08-03,CF,HOLD,0,Donchian Breakout (20/55),MEDIUM,3,31.13,125.19,5.08,0.0,12.7,0.0,0.0,2026-08-25,1.89,3.47,100.0,96.97,36.07,21.6,-5.94,22.0,1,2026-04-15 to 2026-07-31 (75 days),-1.0,59.5,0.3543,114.86,102.57,BULLISH,MEDIUM,Strong trend (ADX=33); Earnings in 2d (2026-08-05); Last surprise: +8.6%; Earnings conf adj: -1,5.29,-1.0,1.0,2,2026-08-05,8.65,-1
2026-08-03T13:42:00,2026-08-03,FDS,HOLD,0,Stochastic Oscillator,HIGH,4,30.97,263.2,9.69,0.0,14.54,0.0,0.0,2026-08-26,1.56,3.55,100.0,147.98,54.56,-4.59,-6.35,23.0,1,2026-04-15 to 2026-07-31 (75 days),-1.0,55.0,0.5829,245.01,245.95,BEARISH,HIGH,Last surprise: +1.8%,3.22,-1.0,1.0,45,2026-09-17,1.8,0
2026-08-03T13:41:35,2026-08-03,CLX,BUY,1,Composite Multi-Indicator,LOW,1,30.9,95.53,4.73,91.01,7.1,102.31,6.45,2026-09-11,1.02,1.62,100.0,53.42,18.96,37.99,-4.97,39.0,1,2026-04-15 to 2026-07-31 (75 days),0.595,48.2,0.3176,95.44,102.9,BEARISH,MEDIUM,EARNINGS TODAY (2026-08-03); Last surprise: +6.5%; Earnings conf adj: -3; Size: Kelly 7.0% / VolTgt 5.9% / Blend 6.5%,5.9,-1.0,1.0,0,2026-08-03,6.49,-3
2026-08-03T13:41:29,2026-08-03,CBRE,HOLD,0,EMA Crossover (9/21),MEDIUM,2,30.72,146.81,5.24,0.0,7.86,0.0,0.0,2026-08-17,-0.38,-0.55,66.7,0.75,-11.15,-9.61,-12.32,14.0,3,2026-04-15 to 2026-07-31 (75 days),-1.0,59.8,0.373,135.8,147.99,BEARISH,MEDIUM,Strong trend (ADX=35); Last surprise: +6.1%; Earnings conf adj: +1,5.03,-1.0,1.0,80,2026-10-22,6.12,1
2026-08-03T13:41:45,2026-08-03,DG,HOLD,0,Composite Multi-Indicator,HIGH,5,30.72,127.05,5.17,0.0,7.75,0.0,0.0,2026-09-11,1.93,3.58,100.0,134.5,53.1,34.84,-9.44,39.0,1,2026-04-15 to 2026-07-31 (75 days),-1.0,60.2,0.4,114.87,122.21,BEARISH,MEDIUM,Strong trend (ADX=31); Last surprise: +6.4%; Earnings conf adj: +1,4.69,-1.0,1.0,24,2026-08-27,6.38,1
2026-08-03T13:41:23,2026-08-03,BDX,HOLD,0,SMA Crossover (10/50),MEDIUM,2,30.59,165.62,4.14,0.0,6.21,0.0,0.0,2026-09-02,1.57,2.76,100.0,82.19,30.39,3.49,-4.76,30.0,1,2026-04-15 to 2026-07-31 (75 days),-1.0,63.8,0.3277,151.38,153.52,BEARISH,MEDIUM,Strong trend (ADX=34); Earnings in 3d (2026-08-06); Last surprise: +4.7%; Earnings conf adj: -2,5.72,-1.0,1.0,3,2026-08-06,4.69,-2
2026-08-03T13:41:20,2026-08-03,AWK,HOLD,0,Composite Multi-Indicator,HIGH,4,30.54,134.17,3.88,0.0,5.82,0.0,0.0,2026-09-11,1.51,2.67,100.0,73.05,26.67,13.5,-5.59,39.0,1,2026-04-15 to 2026-07-31 (75 days),-1.0,53.0,0.2647,129.2,130.2,BEARISH,MEDIUM,Last surprise: +3.9%,7.08,-1.0,1.0,86,2026-10-28,3.87,0
2026-08-03T13:42:18,2026-08-03,HWM,BUY,1,PEAD Earnings Drift,MEDIUM,3,30.44,282.26,4.73,268.91,9.46,308.96,8.18,2026-11-17,1.46,2.47,100.0,139.49,55.41,12.05,-9.88,106.0,1,2026-04-15 to 2026-07-31 (75 days),0.552,55.6,0.2946,269.33,236.17,BULLISH,MEDIUM,Earnings in 3d (2026-08-06); Last surprise: +9.9%; Earnings conf adj: -1; Size: Kelly 10.0% / VolTgt 6.4% / Blend 8.2%,6.36,-1.0,1.0,3,2026-08-06,9.91,-1
2026-08-03T13:41:48,2026-08-03,DOV,HOLD,0,VWAP Trend,LOW,1,30.41,204.62,4.8,0.0,5.07,0.0,0.0,2026-08-05,0.3,0.44,72.7,1.45,2.71,18.13,-3.54,2.9,11,2026-04-15 to 2026-07-31 (75 days),-1.0,44.1,0.378,214.35,206.05,BULLISH,MEDIUM,Strong trend (ADX=38); Last surprise: +0.7%,4.96,-1.0,1.0,80,2026-10-22,0.74,0
2026-08-03T13:41:19,2026-08-03,ATO,HOLD,0,ADX Trend Following,LOW,1,30.22,172.78,2.91,0.0,4.37,0.0,0.0,2026-08-12,0.84,1.4,75.0,2.06,10.09,31.16,-3.78,9.2,4,2026-04-15 to 2026-07-31 (75 days),-1.0,42.9,0.2084,173.73,175.06,BEARISH,MEDIUM,Price at statistical extreme; Earnings in 2d (2026-08-05); Last surprise: +1.8%; Earnings conf adj: -2,7.0,-1.0,1.0,2,2026-08-05,1.76,-2
2026-08-03T13:41:32,2026-08-03,CHD,HOLD,0,Composite Multi-Indicator,HIGH,4,30.06,98.81,3.78,0.0,11.34,0.0,0.0,2026-10-30,1.07,1.58,100.0,66.2,23.95,6.8,-5.22,88.0,1,2026-04-15 to 2026-07-31 (75 days),-1.0,53.6,0.2401,97.09,92.68,BULLISH,MEDIUM,Last surprise: -1.1%,7.81,-1.0,1.0,88,2026-10-30,-1.11,0
2026-08-03T13:42:06,2026-08-03,GDDY,HOLD,0,Stochastic Oscillator,HIGH,5,30.03,82.74,12.0,0.0,18.0,0.0,0.0,2026-08-26,1.01,1.63,100.0,75.95,24.42,22.71,-8.07,23.0,1,2026-04-15 to 2026-07-31 (75 days),-1.0,41.7,0.8219,86.97,100.59,BEARISH,HIGH,High volume; Strong trend (ADX=32); Last surprise: +8.3%; Earnings conf adj: +1,2.28,-1.0,1.0,87,2026-10-29,8.28,1
2026-08-03T13:41:44,2026-08-03,DE,HOLD,0,Stochastic Oscillator,HIGH,4,29.97,592.67,4.59,0.0,6.88,0.0,0.0,2026-08-29,0.61,0.99,100.0,45.23,13.56,2.8,-10.57,26.5,2,2026-04-15 to 2026-07-31 (75 days),-1.0,46.4,0.3475,588.08,545.3,BULLISH,MEDIUM,Last surprise: +14.9%; Earnings conf adj: +1,5.4,-1.0,1.0,17,2026-08-20,14.91,1
2026-08-03T13:41:29,2026-08-03,CB,HOLD,0,SMA Crossover (10/50),HIGH,5,29.9,350.68,3.75,0.0,11.25,0.0,0.0,2026-09-15,1.5,2.34,100.0,83.35,30.42,2.54,-6.57,43.0,1,2026-04-15 to 2026-07-31 (75 days),-1.0,51.6,0.3016,337.44,317.28,BULLISH,MEDIUM,Last surprise: +7.6%; Earnings conf adj: +1,6.22,-1.0,1.0,85,2026-10-27,7.56,1
2026-08-03T13:41:46,2026-08-03,DHR,HOLD,0,Composite Multi-Indicator,MEDIUM,2,29.38,194.98,8.8,0.0,13.2,0.0,0.0,2026-11-12,0.21,0.29,100.0,3.34,0.79,5.45,-16.86,101.0,1,2026-04-15 to 2026-07-31 (75 days),-1.0,52.3,0.5314,187.49,203.0,BEARISH,HIGH,Last surprise: +4.9%,3.53,-1.0,1.0,78,2026-10-20,4.86,0
2026-08-03T13:41:08,2026-08-03,ADBE,HOLD,0,Stochastic Oscillator,HIGH,4,28.99,250.41,10.64,0.0,15.96,0.0,0.0,2026-08-26,1.3,2.15,100.0,69.65,23.62,15.39,-6.71,23.0,1,2026-04-15 to 2026-07-31 (75 days),-1.0,59.8,0.5677,228.34,276.45,BEARISH,HIGH,Strong trend (ADX=30); Last surprise: +2.6%,3.3,-1.0,1.0,38,2026-09-10,2.58,0
2026-08-03T13:41:44,2026-08-03,DD,HOLD,0,Stochastic Oscillator,MEDIUM,2,28.82,137.0,2.79,0.0,4.19,0.0,0.0,2026-08-19,0.55,0.8,100.0,14.87,4.07,5.63,-2.78,16.0,1,2026-04-15 to 2026-07-31 (75 days),-1.0,47.0,0.196,139.85,132.07,BULLISH,LOW,High volume; Earnings in 1d (2026-08-04); Last surprise: +13.8%; Earnings conf adj: -1,9.57,-1.0,1.0,1,2026-08-04,13.79,-1
2026-08-03T13:42:18,2026-08-03,IBKR,HOLD,0,Multi-Factor Momentum MR,HIGH,4,28.82,87.99,8.81,0.0,26.43,0.0,0.0,2026-10-14,0.65,1.04,100.0,50.19,17.71,-22.9,-11.45,72.0,1,2026-04-15 to 2026-07-31 (75 days),-1.0,44.0,0.4468,90.28,75.91,BULLISH,HIGH,Last surprise: +7.8%; Earnings conf adj: +1,4.2,-1.0,1.0,78,2026-10-20,7.81,1
2026-08-03T13:41:55,2026-08-03,ES,HOLD,0,Composite Multi-Indicator,HIGH,4,28.77,71.59,3.45,0.0,10.35,0.0,0.0,2026-10-02,1.43,2.18,100.0,73.76,26.95,7.58,-5.14,60.0,1,2026-04-15 to 2026-07-31 (75 days),-1.0,41.7,0.2083,71.73,69.26,BULLISH,MEDIUM,Price at statistical extreme; Last surprise: +0.0%,9.0,-1.0,1.0,-4,2026-07-30,0.0,0
2026-08-03T13:42:09,2026-08-03,GPC,HOLD,0,VWAP Trend,MEDIUM,3,28.5,124.37,5.54,0.0,6.76,0.0,0.0,2026-08-09,1.0,2.05,55.6,1.67,32.47,-23.02,-15.54,6.3,9,2026-04-15 to 2026-07-31 (75 days),-1.0,55.5,0.342,112.4,117.34,BEARISH,MEDIUM,Last surprise: +3.4%,5.48,-1.0,1.0,78,2026-10-20,3.37,0
2026-08-03T13:41:37,2026-08-03,COO,HOLD,0,SMA Crossover (10/50),HIGH,5,28.34,72.32,3.79,0.0,5.69,0.0,0.0,2026-09-18,1.15,1.81,100.0,66.3,23.98,13.8,-7.67,46.0,1,2026-04-15 to 2026-07-31 (75 days),-1.0,57.5,0.3082,68.05,73.08,BEARISH,MEDIUM,Last surprise: +11.0%; Earnings conf adj: +1,6.08,-1.0,1.0,37,2026-09-09,11.01,1
2026-08-03T13:41:19,2026-08-03,AVGO,HOLD,0,EMA Crossover (9/21),MEDIUM,2,27.99,389.28,8.13,0.0,5.99,0.0,0.0,2026-08-06,0.27,0.53,100.0,2.4,0.14,5.88,-0.2,3.0,1,2026-04-15 to 2026-07-31 (75 days),-1.0,51.5,0.439,395.03,364.89,BULLISH,HIGH,Last surprise: +1.7%,4.27,-1.0,1.0,31,2026-09-03,1.67,0
2026-08-03T13:41:40,2026-08-03,CRM,HOLD,0,ADX Trend Following,HIGH,5,27.99,184.02,9.64,0.0,14.46,0.0,0.0,2026-08-21,1.04,1.85,66.7,3.66,41.89,28.04,-15.14,18.3,3,2026-04-15 to 2026-07-31 (75 days),-1.0,59.8,0.5131,170.88,204.17,BEARISH,HIGH,Last surprise: +24.0%; Earnings conf adj: +1,3.65,-1.0,1.0,30,2026-09-02,23.96,1
2026-08-03T13:41:43,2026-08-03,D,HOLD,0,52-Week High Momentum,HIGH,5,27.84,69.17,2.29,0.0,6.87,0.0,0.0,2026-10-30,1.57,3.26,100.0,108.81,41.62,-5.46,-4.44,88.0,1,2026-04-15 to 2026-07-31 (75 days),-1.0,46.2,0.1395,68.66,62.36,BULLISH,LOW,Last surprise: +17.9%; Earnings conf adj: +1,10.0,-1.0,1.0,88,2026-10-30,17.91,1
2026-08-03T13:41:13,2026-08-03,AMCR,HOLD,0,SMA Crossover (10/50),HIGH,4,27.78,44.88,4.22,0.0,12.66,0.0,0.0,2026-09-17,1.35,2.13,100.0,82.53,30.52,-18.3,-6.78,45.0,1,2026-04-15 to 2026-07-31 (75 days),-1.0,56.8,0.3668,41.62,41.24,BULLISH,MEDIUM,High volume; Last surprise: +1.1%,5.11,-1.0,1.0,9,2026-08-12,1.05,0
2026-08-03T13:41:12,2026-08-03,ALB,HOLD,0,Composite Multi-Indicator,LOW,0,27.66,117.64,6.33,0.0,7.33,0.0,0.0,2026-08-12,0.03,0.05,100.0,0.62,-0.13,78.43,-3.75,9.0,1,2026-04-15 to 2026-07-31 (75 days),-1.0,34.6,0.3102,143.6,151.91,BEARISH,MEDIUM,Strong trend (ADX=41); Earnings in 2d (2026-08-05); Last surprise: +125.2%; Earnings conf adj: -1,6.05,-1.0,1.0,2,2026-08-05,125.19,-1
2026-08-03T13:41:45,2026-08-03,DGX,HOLD,0,ADX Trend Following,HIGH,5,27.64,233.01,5.06,0.0,15.88,0.0,0.0,2026-09-01,1.56,2.78,66.7,3.74,34.5,-63.55,-6.22,29.3,3,2026-04-15 to 2026-07-31 (75 days),-1.0,71.9,0.3727,206.4,192.6,BULLISH,MEDIUM,RSI overbought; Strong trend (ADX=46); Last surprise: +10.6%; Earnings conf adj: +1,5.03,-1.0,1.0,78,2026-10-20,10.64,1
2026-08-03T13:41:16,2026-08-03,AOS,HOLD,0,Composite Multi-Indicator,HIGH,4,27.44,60.13,5.03,0.0,7.54,0.0,0.0,2026-10-01,0.92,1.33,100.0,58.37,20.88,35.62,-6.56,59.0,1,2026-04-15 to 2026-07-31 (75 days),-1.0,49.0,0.3184,59.4,65.45,BEARISH,MEDIUM,Last surprise: +12.0%; Earnings conf adj: +1,5.89,-1.0,1.0,85,2026-10-27,11.96,1
2026-08-03T13:41:59,2026-08-03,EXR,HOLD,0,Composite Multi-Indicator,HIGH,5,27.44,148.04,3.85,0.0,11.55,0.0,0.0,2026-11-04,1.06,1.53,100.0,63.9,23.04,0.74,-5.45,93.0,1,2026-04-15 to 2026-07-31 (75 days),-1.0,51.9,0.2665,145.79,138.28,BULLISH,MEDIUM,Last surprise: +8.7%; Earnings conf adj: +1,7.04,-1.0,1.0,86,2026-10-28,8.7,1
2026-08-03T13:42:12,2026-08-03,HIG,HOLD,0,Donchian Breakout (20/55),HIGH,4,27.24,141.91,3.9,0.0,9.09,0.0,0.0,2026-08-28,0.85,1.32,100.0,30.02,9.83,0.11,-4.46,25.0,1,2026-04-15 to 2026-07-31 (75 days),-1.0,56.8,0.2308,134.57,133.89,BULLISH,MEDIUM,Last surprise: +8.9%; Earnings conf adj: +1,8.12,-1.0,1.0,87,2026-10-29,8.92,1
2026-08-03T13:41:34,2026-08-03,CL,HOLD,0,Composite Multi-Indicator,MEDIUM,3,27.13,91.3,3.96,0.0,7.92,0.0,0.0,2026-09-11,0.8,1.21,100.0,34.56,11.87,-29.34,-4.77,39.0,1,2026-04-15 to 2026-07-31 (75 days),-1.0,49.7,0.2528,90.47,85.08,BULLISH,MEDIUM,Last surprise: +4.2%,7.42,-1.0,1.0,88,2026-10-30,4.21,0
2026-08-03T13:41:34,2026-08-03,CMG,HOLD,0,SMA Crossover (10/50),MEDIUM,3,27.13,37.22,8.27,0.0,12.4,0.0,0.0,2026-08-21,0.66,1.22,100.0,52.36,18.18,-2.16,-13.21,18.0,2,2026-04-15 to 2026-07-31 (75 days),-1.0,62.4,0.6306,32.8,34.94,BEARISH,HIGH,Strong trend (ADX=30); Last surprise: +3.1%,2.97,-1.0,1.0,-5,2026-07-29,3.13,0
2026-08-03T13:41:49,2026-08-03,DUK,HOLD,0,Composite Multi-Indicator,LOW,1,27.01,125.43,2.95,0.0,4.43,0.0,0.0,2026-09-11,0.42,0.6,100.0,14.46,4.65,8.5,-4.06,39.0,1,2026-04-15 to 2026-07-31 (75 days),-1.0,45.8,0.2062,125.55,123.35,BULLISH,MEDIUM,Earnings in 1d (2026-08-04); Last surprise: +7.2%; Earnings conf adj: -1,7.0,-1.0,1.0,1,2026-08-04,7.22,-1
2026-08-03T13:41:51,2026-08-03,ED,HOLD,0,Composite Multi-Indicator,LOW,0,26.89,108.85,2.65,0.0,3.97,0.0,0.0,2026-09-11,0.49,0.73,100.0,17.05,5.56,7.15,-4.61,39.0,1,2026-04-15 to 2026-07-31 (75 days),-1.0,43.3,0.194,109.22,105.2,BULLISH,LOW,Price at statistical extreme; Earnings in 3d (2026-08-06); Last surprise: -4.0%; Earnings conf adj: -2,7.0,-1.0,1.0,3,2026-08-06,-3.96,-2
2026-08-03T13:41:56,2026-08-03,ETN,HOLD,0,VWAP Trend,HIGH,4,26.76,415.2,9.51,0.0,6.71,0.0,0.0,2026-08-05,1.33,2.21,55.6,2.15,39.44,19.87,-8.0,2.4,9,2026-04-15 to 2026-07-31 (75 days),-1.0,54.5,0.55,403.43,372.95,BULLISH,HIGH,High volume; Last surprise: +2.3%,3.41,-1.0,1.0,92,2026-11-03,2.27,0
2026-08-03T13:41:31,2026-08-03,CCI,BUY,1,ADX Trend Following,MEDIUM,2,26.63,76.3,4.96,72.52,7.44,81.98,7.66,2026-08-15,0.23,0.38,50.0,3.77,1.98,31.75,-5.29,12.0,2,2026-04-15 to 2026-07-31 (75 days),0.429,43.9,0.3521,83.01,85.45,BEARISH,MEDIUM,Last surprise: +35.3%; Earnings conf adj: +1; Size: Kelly 10.0% / VolTgt 5.3% / Blend 7.7%,5.33,-1.0,1.0,79,2026-10-21,35.29,1
2026-08-03T13:41:37,2026-08-03,COF,HOLD,0,ADX Trend Following,MEDIUM,2,26.62,209.01,3.87,0.0,5.8,0.0,0.0,2026-08-17,0.48,0.73,60.0,1.39,9.3,-2.81,-12.22,14.8,5,2026-04-15 to 2026-07-31 (75 days),-1.0,56.8,0.3349,197.06,206.26,BEARISH,MEDIUM,Last surprise: +23.9%; Earnings conf adj: +1,5.6,-1.0,1.0,78,2026-10-20,23.88,1
2026-08-03T13:41:53,2026-08-03,EOG,HOLD,0,Multi-Factor Momentum MR,MEDIUM,2,26.29,148.69,3.86,0.0,7.72,0.0,0.0,2026-08-12,0.87,1.38,100.0,31.57,10.41,-45.94,-4.61,9.0,1,2026-04-15 to 2026-07-31 (75 days),-1.0,65.1,0.3472,136.57,122.21,BULLISH,MEDIUM,Earnings in 1d (2026-08-04); Last surprise: +6.2%; Earnings conf adj: -1,5.4,-1.0,1.0,1,2026-08-04,6.23,-1
2026-08-03T13:41:34,2026-08-03,CINF,HOLD,0,Composite Multi-Indicator,MEDIUM,3,26.24,177.68,4.12,0.0,8.24,0.0,0.0,2026-11-04,1.38,1.95,100.0,93.56,35.11,-1.54,-10.21,93.0,1,2026-04-15 to 2026-07-31 (75 days),-1.0,48.7,0.342,173.86,163.99,BULLISH,MEDIUM,Last surprise: -21.4%; Earnings conf adj: -1,5.48,-1.0,1.0,84,2026-10-26,-21.43,-1
2026-08-03T13:41:16,2026-08-03,ANET,BUY,1,PEAD Earnings Drift,MEDIUM,3,26.22,180.35,11.56,159.5,23.12,222.05,6.34,2026-10-26,1.78,2.85,100.0,271.13,125.47,55.48,-15.51,84.0,1,2026-04-15 to 2026-07-31 (75 days),0.361,56.8,0.6987,166.58,145.85,BULLISH,HIGH,Earnings in 1d (2026-08-04); Last surprise: +7.4%; Earnings conf adj: -1; Size: Kelly 10.0% / VolTgt 2.7% / Blend 6.3%,2.68,-1.0,1.0,1,2026-08-04,7.41,-1
2026-08-03T13:41:52,2026-08-03,EIX,HOLD,0,Composite Multi-Indicator,HIGH,5,26.17,73.37,4.69,0.0,16.42,0.0,0.0,2026-10-02,1.23,1.63,100.0,73.55,26.85,12.37,-8.82,60.0,1,2026-04-15 to 2026-07-31 (75 days),-1.0,40.2,0.3202,73.67,65.69,BULLISH,MEDIUM,High volume; Strong trend (ADX=45); Last surprise: +27.3%; Earnings conf adj: +1,5.86,-1.0,1.0,85,2026-10-27,27.27,1
2026-08-03T13:41:36,2026-08-03,CNC,EXIT,-1,ADX Trend Following,HIGH,5,25.8,62.22,7.37,66.81,13.1,54.07,7.63,2026-08-24,3.46,8.22,75.0,27.89,319.07,-136.71,-8.41,21.8,4,2026-04-15 to 2026-07-31 (75 days),-1.0,44.2,0.3562,63.62,46.6,BULLISH,MEDIUM,Strong trend (ADX=50); Last surprise: +132.4%; Earnings conf adj: +1; Size: Kelly 10.0% / VolTgt 5.3% / Blend 7.6%,5.26,-1.0,1.0,85,2026-10-27,132.41,1
2026-08-03T13:41:36,2026-08-03,CMS,HOLD,0,EMA Crossover (9/21),MEDIUM,2,25.29,71.99,2.62,0.0,5.24,0.0,0.0,2026-09-02,0.1,0.16,100.0,3.64,0.55,20.61,-6.64,30.0,1,2026-04-15 to 2026-07-31 (75 days),-1.0,38.3,0.1792,74.12,73.39,BULLISH,LOW,Last surprise: +2.8%,10.0,-1.0,1.0,87,2026-10-29,2.78,0
2026-08-03T13:41:21,2026-08-03,AXP,HOLD,0,EMA Crossover (9/21),MEDIUM,3,25.14,336.25,3.77,0.0,5.66,0.0,0.0,2026-09-18,0.72,1.03,100.0,36.22,12.1,3.45,-9.79,46.0,1,2026-04-15 to 2026-07-31 (75 days),-1.0,46.7,0.3121,333.03,337.76,BEARISH,MEDIUM,Strong trend (ADX=32); Last surprise: +3.0%,6.01,-1.0,1.0,81,2026-10-23,2.95,0
2026-08-03T13:41:49,2026-08-03,DRI,HOLD,0,Stochastic Oscillator,MEDIUM,2,25.06,203.58,4.18,0.0,6.27,0.0,0.0,2026-08-28,0.14,0.2,100.0,8.87,0.96,-8.82,-5.32,25.0,1,2026-04-15 to 2026-07-31 (75 days),-1.0,52.3,0.3014,202.12,193.96,BULLISH,MEDIUM,Last surprise: +0.5%,6.22,-1.0,1.0,52,2026-09-24,0.55,0
2026-08-03T13:41:58,2026-08-03,EXPD,BUY,1,PEAD Earnings Drift,MEDIUM,3,24.85,167.89,3.39,162.2,8.47,182.11,8.66,2026-10-26,1.44,2.22,100.0,76.0,27.87,-43.69,-8.64,84.0,1,2026-04-15 to 2026-07-31 (75 days),0.532,44.7,0.256,166.3,150.75,BULLISH,MEDIUM,Strong trend (ADX=35); Earnings in 1d (2026-08-04); Last surprise: +27.6%; Earnings conf adj: -1; Size: Kelly 10.0% / VolTgt 7.3% / Blend 8.7%,7.32,-1.0,1.0,1,2026-08-04,27.61,-1
2026-08-03T13:41:34,2026-08-03,CIEN,EXIT,-1,VWAP Trend,MEDIUM,2,23.92,377.05,12.0,422.3,11.67,333.05,6.12,2026-08-06,0.28,0.41,57.1,1.24,2.34,57.04,-30.68,3.1,7,2026-04-15 to 2026-07-31 (75 days),-1.0,42.4,0.8417,463.51,351.26,BULLISH,HIGH,Strong trend (ADX=32); Last surprise: +12.3%; Earnings conf adj: +1; Size: Kelly 10.0% / VolTgt 2.2% / Blend 6.1%,2.23,-1.0,1.0,37,2026-09-09,12.33,1
2026-08-03T13:41:54,2026-08-03,EQIX,HOLD,0,Stochastic Oscillator,MEDIUM,3,23.78,1019.28,5.12,0.0,7.68,0.0,0.0,2026-08-26,0.05,0.07,100.0,2.26,-0.6,8.37,-7.03,23.0,1,2026-04-15 to 2026-07-31 (75 days),-1.0,45.8,0.339,1054.28,925.35,BULLISH,MEDIUM,Last surprise: +6.2%; Earnings conf adj: +1,5.53,-1.0,1.0,86,2026-10-28,6.25,1
2026-08-03T13:41:59,2026-08-03,FANG,HOLD,0,Stochastic Oscillator,LOW,0,23.55,202.95,4.51,0.0,6.76,0.0,0.0,2026-09-01,0.4,0.7,100.0,24.07,5.51,-31.94,-8.49,29.0,1,2026-04-15 to 2026-07-31 (75 days),-1.0,59.8,0.3792,191.79,172.45,BULLISH,MEDIUM,EARNINGS TODAY (2026-08-03); Last surprise: +12.8%; Earnings conf adj: -3,4.95,-1.0,1.0,0,2026-08-03,12.8,-3
2026-08-03T13:42:07,2026-08-03,GILD,HOLD,0,SMA Crossover (10/50),LOW,1,23.4,130.21,4.19,0.0,6.29,0.0,0.0,2026-08-24,0.08,0.14,100.0,1.93,0.31,19.97,-5.13,21.0,1,2026-04-15 to 2026-07-31 (75 days),-1.0,48.6,0.3286,129.45,130.5,BEARISH,MEDIUM,Earnings in 1d (2026-08-04); Last surprise: +6.3%; Earnings conf adj: -1,5.71,-1.0,1.0,1,2026-08-04,6.28,-1
2026-08-03T13:41:16,2026-08-03,AON,HOLD,0,Donchian Breakout (20/55),MEDIUM,2,23.33,360.55,4.38,0.0,8.76,0.0,0.0,2026-09-01,0.22,0.37,100.0,7.64,2.27,-36.88,-5.53,29.0,1,2026-04-15 to 2026-07-31 (75 days),-1.0,53.0,0.3038,340.6,335.96,BULLISH,MEDIUM,Last surprise: +0.3%,6.17,-1.0,1.0,88,2026-10-30,0.26,0
2026-08-03T13:42:14,2026-08-03,HPE,HOLD,0,Stochastic Oscillator,HIGH,4,23.33,47.9,12.0,0.0,18.0,0.0,0.0,2026-09-03,0.62,1.02,100.0,60.85,17.37,-856.82,-10.33,31.0,1,2026-04-15 to 2026-07-31 (75 days),-1.0,54.6,0.6403,45.91,29.28,BULLISH,HIGH,Last surprise: +49.1%; Earnings conf adj: +1,2.93,-1.0,1.0,31,2026-09-03,49.06,1
2026-08-03T13:41:22,2026-08-03,BBY,HOLD,0,VWAP Trend,LOW,1,23.28,86.26,4.54,0.0,6.24,0.0,0.0,2026-08-10,-1.61,-2.03,60.0,0.33,-27.46,-226.11,-10.34,7.0,5,2026-04-15 to 2026-07-31 (75 days),-1.0,59.5,0.2994,77.39,69.27,BULLISH,MEDIUM,Last surprise: +4.1%,6.26,-1.0,1.0,24,2026-08-27,4.07,0
2026-08-03T13:42:09,2026-08-03,GOOGL,HOLD,1,VWAP Trend,LOW,1,22.2,356.13,7.44,329.63,6.29,378.53,0.0,2026-08-06,0.06,0.1,42.9,1.13,-0.22,-21.01,-7.47,3.0,7,2026-04-15 to 2026-07-31 (75 days),-1.0,54.3,0.461,358.68,325.98,BULLISH,HIGH,High volume; Last surprise: +214.1%; Earnings conf adj: +1,4.07,-1.0,1.0,86,2026-10-28,214.14,1
2026-08-03T13:41:28,2026-08-03,CASY,HOLD,0,Stochastic Oscillator,HIGH,5,22.0,871.0,4.56,0.0,6.84,0.0,0.0,2026-08-18,1.34,4.17,100.0,166.07,63.23,-13.96,-6.27,15.5,2,2026-04-15 to 2026-07-31 (75 days),-1.0,58.1,0.3778,824.53,691.43,BULLISH,MEDIUM,Last surprise: +32.0%; Earnings conf adj: +1,4.96,-1.0,1.0,37,2026-09-09,32.02,1
2026-08-03T13:41:11,2026-08-03,AIG,HOLD,0,ADX Trend Following,LOW,0,20.84,78.58,3.21,0.0,4.81,0.0,0.0,2026-08-15,-0.37,-0.58,50.0,0.78,-7.48,-16.65,-8.4,12.8,4,2026-04-15 to 2026-07-31 (75 days),-1.0,50.6,0.2463,76.8,76.77,BULLISH,MEDIUM,Earnings in 3d (2026-08-06); Last surprise: +12.2%; Earnings conf adj: -2,7.0,-1.0,1.0,3,2026-08-06,12.23,-2
2026-08-03T13:41:29,2026-08-03,CARR,BUY,1,VWAP Trend,HIGH,4,20.56,61.81,7.93,56.91,6.86,66.05,7.12,2026-08-06,2.56,5.2,62.5,4.29,73.21,49.98,-5.22,3.9,8,2026-04-15 to 2026-07-31 (75 days),0.29,36.3,0.4409,67.98,60.45,BULLISH,HIGH,Strong trend (ADX=34); Last surprise: +4.9%; Size: Kelly 10.0% / VolTgt 4.2% / Blend 7.1%,4.25,-1.0,1.0,85,2026-10-27,4.88,0
2026-08-03T13:41:48,2026-08-03,DOW,HOLD,0,MACD Crossover,LOW,1,20.22,30.29,7.97,0.0,11.27,0.0,0.0,2026-08-15,-0.38,-0.53,50.0,0.72,-10.41,45.2,-8.81,12.0,2,2026-04-15 to 2026-07-31 (75 days),-1.0,50.2,0.413,31.39,30.08,BULLISH,HIGH,Last surprise: +12.5%; Earnings conf adj: +1,4.54,-1.0,1.0,80,2026-10-22,12.5,1
2026-08-03T13:42:08,2026-08-03,GLW,EXIT,-1,VWAP Trend,HIGH,4,19.98,138.25,12.0,154.84,15.42,116.93,6.16,2026-08-08,1.72,2.87,80.0,4.89,140.05,188.57,-23.97,5.8,5,2026-04-15 to 2026-07-31 (75 days),-1.0,38.1,0.813,182.45,134.98,BULLISH,HIGH,Strong trend (ADX=38); Last surprise: +4.0%; Size: Kelly 10.0% / VolTgt 2.3% / Blend 6.2%,2.31,-1.0,1.0,85,2026-10-27,4.0,0
2026-08-03T13:42:04,2026-08-03,FRT,BUY,1,52-Week High Momentum,HIGH,5,18.17,124.09,1.82,121.83,5.46,130.87,10.0,2026-11-17,2.58,4.56,100.0,137.1,54.3,-0.52,-4.33,106.0,1,2026-04-15 to 2026-07-31 (75 days),0.357,52.2,0.1467,122.06,106.85,BULLISH,LOW,Last surprise: +34.7%; Earnings conf adj: +1; Size: Kelly 10.0% / VolTgt 10.0% / Blend 10.0%,10.0,-1.0,1.0,88,2026-10-30,34.72,1
2026-08-03T13:42:05,2026-08-03,FTV,HOLD,0,ADX Trend Following,MEDIUM,2,18.07,59.21,4.91,0.0,3.5,0.0,0.0,2026-08-04,0.71,2.26,50.0,3.04,2.21,2.79,-0.96,1.5,2,2026-04-15 to 2026-07-31 (75 days),-1.0,43.3,0.3628,60.85,56.76,BULLISH,MEDIUM,Last surprise: +4.2%,5.17,-1.0,1.0,86,2026-10-28,4.23,0
2026-08-03T13:41:39,2026-08-03,CRH,HOLD,0,MACD Crossover,LOW,0,17.39,95.01,5.18,0.0,7.77,0.0,0.0,2026-08-18,-0.14,-0.2,50.0,0.47,-4.42,44.59,-6.95,15.0,2,2026-04-15 to 2026-07-31 (75 days),-1.0,34.4,0.3108,104.88,113.46,BEARISH,MEDIUM,High volume; Price at statistical extreme; Strong trend (ADX=36); Last surprise: -4.5%,6.03,-1.0,1.0,87,2026-10-29,-4.46,0
2026-08-03T13:41:52,2026-08-03,EFX,HOLD,0,MACD Crossover,MEDIUM,3,17.12,172.62,10.86,0.0,16.29,0.0,0.0,2026-08-20,0.84,1.28,66.7,11.15,24.22,46.96,-9.39,17.0,3,2026-04-15 to 2026-07-31 (75 days),-1.0,50.2,0.5022,167.59,191.04,BEARISH,HIGH,Last surprise: +2.3%,3.73,-1.0,1.0,78,2026-10-20,2.27,0
2026-08-03T13:41:10,2026-08-03,AEP,HOLD,0,VWAP Trend,LOW,0,16.75,127.85,2.61,0.0,2.54,0.0,0.0,2026-08-05,-0.04,-0.06,44.4,1.1,-1.31,12.21,-9.02,2.7,9,2026-04-15 to 2026-07-31 (75 days),-1.0,38.1,0.1966,131.63,125.17,BULLISH,LOW,Last surprise: -8.1%; Earnings conf adj: -1,7.0,-1.0,1.0,87,2026-10-29,-8.11,-1
2026-08-03T13:41:27,2026-08-03,C,HOLD,0,Momentum (Rate of Change),HIGH,5,16.41,132.45,4.77,0.0,16.7,0.0,0.0,2026-10-26,1.26,2.1,100.0,83.2,28.6,24.97,-9.4,84.0,1,2026-04-15 to 2026-07-31 (75 days),-1.0,46.9,0.3692,135.15,118.18,BULLISH,MEDIUM,Strong trend (ADX=32); Last surprise: +15.9%; Earnings conf adj: +1,5.08,-1.0,1.0,71,2026-10-13,15.87,1
2026-08-03T13:41:08,2026-08-03,ACN,HOLD,0,MACD Crossover,LOW,0,16.08,165.92,9.97,0.0,14.96,0.0,0.0,2026-08-20,0.2,0.3,33.3,1.18,0.32,39.16,-18.75,17.0,3,2026-04-15 to 2026-07-31 (75 days),-1.0,62.4,0.568,153.13,207.45,BEARISH,HIGH,Strong trend (ADX=37); Last surprise: +2.4%,3.3,-1.0,1.0,52,2026-09-24,2.43,0
2026-08-03T13:41:10,2026-08-03,AEE,HOLD,0,Momentum (Rate of Change),MEDIUM,2,15.77,109.61,2.63,0.0,5.26,0.0,0.0,2026-08-31,0.36,0.55,100.0,21.36,3.85,4.94,-5.54,28.0,1,2026-04-15 to 2026-07-31 (75 days),-1.0,44.6,0.1979,110.69,106.25,BULLISH,LOW,High volume; Last surprise: +4.6%,9.48,-1.0,1.0,-4,2026-07-30,4.63,0
2026-08-03T13:41:11,2026-08-03,AES,HOLD,0,VWAP Trend,LOW,0,14.88,14.68,1.5,0.0,0.58,0.0,0.0,2026-08-04,-0.19,-0.35,44.4,2.54,-0.32,-10.34,-0.53,1.8,9,2026-04-15 to 2026-07-31 (75 days),-1.0,42.3,0.0551,14.71,14.33,BULLISH,LOW,Strong trend (ADX=43); EARNINGS TODAY (2026-08-03); Last surprise: +108.1%; Earnings conf adj: -3,7.0,-1.0,1.0,0,2026-08-03,108.11,-3
2026-08-03T13:41:39,2026-08-03,CPT,HOLD,0,Multi-Factor Momentum MR,MEDIUM,2,14.57,110.81,3.01,0.0,6.02,0.0,0.0,2026-10-05,0.99,1.49,100.0,48.41,17.04,-22.61,-5.85,63.0,1,2026-04-15 to 2026-07-31 (75 days),-1.0,44.2,0.2273,111.68,104.81,BULLISH,MEDIUM,Last surprise: -33.3%; Earnings conf adj: -1,8.25,-1.0,1.0,-4,2026-07-30,-33.33,-1
2026-08-03T13:41:09,2026-08-03,ADI,EXIT,-1,VWAP Trend,MEDIUM,2,14.07,367.41,5.64,388.13,4.48,350.95,7.76,2026-08-05,-0.15,-0.2,63.6,0.96,-7.79,-29.29,-9.88,2.8,11,2026-04-15 to 2026-07-31 (75 days),-1.0,42.6,0.3397,397.41,329.98,BULLISH,MEDIUM,Strong trend (ADX=36); Last surprise: +6.2%; Earnings conf adj: +1; Size: Kelly 10.0% / VolTgt 5.5% / Blend 7.8%,5.52,-1.0,1.0,16,2026-08-19,6.19,1
2026-08-03T13:41:36,2026-08-03,CNP,HOLD,0,VWAP Trend,LOW,1,12.79,42.04,3.7,0.0,2.65,0.0,0.0,2026-08-05,-1.29,-1.63,45.5,0.69,-13.26,-11.59,-8.21,2.4,11,2026-04-15 to 2026-07-31 (75 days),-1.0,39.9,0.2171,43.16,41.09,BULLISH,MEDIUM,Last surprise: +8.1%; Earnings conf adj: +1,7.0,-1.0,1.0,80,2026-10-22,8.11,1
2026-08-03T13:41:46,2026-08-03,DIS,HOLD,0,ADX Trend Following,LOW,0,10.38,96.19,3.6,0.0,5.4,0.0,0.0,2026-08-12,-0.8,-1.13,40.0,0.43,-13.89,4.91,-7.55,9.0,5,2026-04-15 to 2026-07-31 (75 days),-1.0,46.7,0.2565,98.74,103.82,BEARISH,MEDIUM,Earnings in 2d (2026-08-05); Last surprise: +4.7%; Earnings conf adj: -2,7.0,-1.0,1.0,2,2026-08-05,4.67,-2
2026-08-03T13:41:31,2026-08-03,CEG,HOLD,0,Stochastic Oscillator,LOW,0,8.82,262.75,5.38,0.0,8.07,0.0,0.0,2026-10-07,-0.15,-0.19,0.0,0.0,-9.37,22.64,-21.58,65.0,1,2026-04-15 to 2026-07-31 (75 days),-1.0,51.0,0.3459,263.2,307.37,BEARISH,MEDIUM,Earnings in 3d (2026-08-06); Last surprise: +5.4%; Earnings conf adj: -1,5.42,-1.0,1.0,3,2026-08-06,5.38,-1
2026-08-03T13:41:38,2026-08-03,COST,HOLD,0,Stochastic Oscillator,LOW,0,8.78,951.89,3.02,0.0,4.53,0.0,0.0,2026-09-30,-0.2,-0.27,0.0,0.0,-4.27,5.72,-7.47,58.0,1,2026-04-15 to 2026-07-31 (75 days),-1.0,51.7,0.2387,958.49,954.92,BULLISH,MEDIUM,Last surprise: -0.8%,7.0,-1.0,1.0,52,2026-09-24,-0.8,0
2026-08-03T13:41:35,2026-08-03,CMCSA,HOLD,0,Stochastic Oscillator,LOW,1,8.55,23.96,8.29,0.0,12.43,0.0,0.0,2026-11-04,-0.97,-1.26,0.0,0.0,-28.86,11.74,-18.28,93.0,1,2026-04-15 to 2026-07-31 (75 days),-1.0,53.0,0.4321,23.6,26.37,BEARISH,HIGH,Last surprise: +7.2%; Earnings conf adj: +1,4.34,-1.0,1.0,87,2026-10-29,7.22,1
2026-08-03T13:41:32,2026-08-03,CHRW,HOLD,0,Stochastic Oscillator,HIGH,4,7.81,147.73,12.0,0.0,18.0,0.0,0.0,2026-08-16,0.77,0.9,66.7,1.66,22.23,57.04,-15.86,13.7,3,2026-04-15 to 2026-07-31 (75 days),-1.0,26.0,0.7208,185.79,170.99,BULLISH,HIGH,RSI oversold; High volume; Price at statistical extreme; Strong trend (ADX=65); Last surprise: +5.9%; Earnings conf adj: +1,2.6,-1.0,1.0,86,2026-10-28,5.92,1
2026-08-03T13:41:12,2026-08-03,ALGN,HOLD,0,MACD Crossover,MEDIUM,2,7.3,169.16,6.65,0.0,11.91,0.0,0.0,2026-08-18,0.22,0.33,66.7,1.57,2.2,30.51,-8.96,15.3,3,2026-04-15 to 2026-07-31 (75 days),-1.0,44.7,0.3866,173.75,166.71,BULLISH,MEDIUM,High volume; Last surprise: +1.5%,4.85,-1.0,1.0,86,2026-10-28,1.54,0
2026-08-03T13:41:12,2026-08-03,AKAM,HOLD,0,Stochastic Oscillator,MEDIUM,2,6.59,115.18,9.72,0.0,14.58,0.0,0.0,2026-08-19,1.8,3.9,66.7,4.37,86.04,-42.31,-16.15,16.0,3,2026-04-15 to 2026-07-31 (75 days),-1.0,44.4,0.5809,128.6,105.12,BULLISH,HIGH,Strong trend (ADX=31); Earnings in 3d (2026-08-06); Last surprise: +0.6%; Earnings conf adj: -2,3.23,-1.0,1.0,3,2026-08-06,0.63,-2
2026-08-03T13:42:09,2026-08-03,GNRC,HOLD,0,ADX Trend Following,HIGH,5,5.92,197.11,8.46,0.0,24.99,0.0,0.0,2026-10-05,2.27,4.45,100.0,344.88,172.23,183.86,-16.19,63.0,1,2026-04-15 to 2026-07-31 (75 days),-1.0,31.1,0.3998,249.84,204.56,BULLISH,MEDIUM,Strong trend (ADX=55); Last surprise: +44.8%; Earnings conf adj: +1,4.69,-1.0,1.0,86,2026-10-28,44.78,1
2026-08-03T13:42:24,2026-08-03,INTC,EXIT,-1,52-Week High Momentum,HIGH,5,4.07,90.2,12.0,101.02,23.83,68.71,6.12,2026-08-16,2.07,4.86,66.7,6.8,241.66,35.51,-24.01,13.0,3,2026-04-15 to 2026-07-31 (75 days),-1.0,39.9,0.8394,112.81,67.04,BULLISH,HIGH,Strong trend (ADX=34); Last surprise: +90.9%; Earnings conf adj: +1; Size: Kelly 10.0% / VolTgt 2.2% / Blend 6.1%,2.23,-1.0,1.0,80,2026-10-22,90.91,1
2026-08-03T13:41:31,2026-08-03,CDNS,BUY,1,ADX Trend Following,MEDIUM,3,3.41,340.02,9.55,307.55,12.36,382.05,6.96,2026-08-13,0.79,1.28,75.0,4.91,23.97,-22.29,-9.65,10.8,4,2026-04-15 to 2026-07-31 (75 days),0.683,43.0,0.4775,371.33,327.63,BULLISH,HIGH,Last surprise: +2.4%; Size: Kelly 10.0% / VolTgt 3.9% / Blend 7.0%,3.93,-1.0,1.0,84,2026-10-26,2.43,0
2026-08-03T13:41:41,2026-08-03,CSGP,HOLD,0,ADX Trend Following,LOW,1,3.29,28.76,12.0,0.0,18.0,0.0,0.0,2026-08-24,-1.91,-2.63,33.3,0.01,-51.25,14.25,-23.5,21.7,3,2026-04-15 to 2026-07-31 (75 days),-1.0,46.3,0.5214,30.71,48.79,BEARISH,HIGH,Last surprise: +10.3%; Earnings conf adj: +1,3.6,-1.0,1.0,85,2026-10-27,10.34,1
2026-08-03T13:41:17,2026-08-03,APD,HOLD,0,ADX Trend Following,MEDIUM,2,2.87,294.89,3.78,0.0,5.08,0.0,0.0,2026-08-13,0.86,2.01,33.3,2.21,16.66,14.91,-5.01,10.0,3,2026-04-15 to 2026-07-31 (75 days),-1.0,50.8,0.2042,288.46,273.27,BULLISH,MEDIUM,Last surprise: +3.9%,9.18,-1.0,1.0,-4,2026-07-30,3.89,0
2026-08-03T13:41:53,2026-08-03,ELV,HOLD,0,Stochastic Oscillator,MEDIUM,2,2.7,375.84,8.47,0.0,12.71,0.0,0.0,2026-08-18,0.3,0.55,50.0,1.64,4.03,-88.82,-4.76,15.0,2,2026-04-15 to 2026-07-31 (75 days),-1.0,42.1,0.4313,396.17,348.67,BULLISH,HIGH,Strong trend (ADX=32); Last surprise: +20.0%; Earnings conf adj: +1,4.35,-1.0,1.0,79,2026-10-21,19.97,1
2026-08-03T13:41:46,2026-08-03,DHI,HOLD,0,MACD Crossover,HIGH,4,2.6,143.06,5.12,0.0,15.36,0.0,0.0,2026-09-12,0.96,1.88,100.0,60.36,21.23,22.89,-6.13,40.0,1,2026-04-15 to 2026-07-31 (75 days),-1.0,40.8,0.3222,150.92,149.63,BULLISH,MEDIUM,Last surprise: +7.0%; Earnings conf adj: +1,5.82,-1.0,1.0,87,2026-10-29,7.02,1
2026-08-03T13:41:33,2026-08-03,CI,HOLD,0,Multi-Factor Momentum MR,LOW,0,1.37,279.05,5.16,0.0,7.74,0.0,0.0,2026-08-29,-1.68,-2.0,0.0,0.0,-14.44,-30.54,-7.49,26.0,1,2026-04-15 to 2026-07-31 (75 days),-1.0,43.1,0.3503,286.16,277.64,BULLISH,MEDIUM,Last surprise: +2.4%,5.35,-1.0,1.0,-4,2026-07-30,2.37,0
2026-08-03T13:42:10,2026-08-03,GS,HOLD,0,Multi-Factor Momentum MR,HIGH,5,0.92,1018.38,8.96,0.0,26.88,0.0,0.0,2026-10-06,1.18,1.99,100.0,103.19,39.18,-15.74,-8.59,64.0,1,2026-04-15 to 2026-07-31 (75 days),-1.0,44.9,0.5179,1048.77,910.68,BULLISH,HIGH,Last surprise: +44.3%; Earnings conf adj: +1,3.62,-1.0,1.0,71,2026-10-13,44.29,1
2026-08-03T13:42:00,2026-08-03,FDX,HOLD,0,EMA Crossover (9/21),MEDIUM,3,0.53,307.4,3.52,0.0,7.04,0.0,0.0,2026-09-13,0.15,0.21,100.0,4.37,0.81,-17.0,-7.22,41.0,1,2026-04-15 to 2026-07-31 (75 days),-1.0,43.0,0.209,319.94,274.65,BULLISH,MEDIUM,Last surprise: +6.6%; Earnings conf adj: +1,8.97,-1.0,1.0,86,2026-10-28,6.59,1
2026-08-03T13:41:49,2026-08-03,DTE,EXIT,-1,Momentum (Rate of Change),MEDIUM,3,0.5,141.87,2.71,145.71,5.42,134.18,9.73,2026-09-22,0.26,0.39,100.0,23.2,2.72,11.16,-5.41,50.0,1,2026-04-15 to 2026-07-31 (75 days),-1.0,37.6,0.1982,146.79,139.85,BULLISH,LOW,Last surprise: +15.8%; Earnings conf adj: +1; Size: Kelly 10.0% / VolTgt 9.5% / Blend 9.7%,9.46,-1.0,1.0,87,2026-10-29,15.79,1
2026-08-03T13:42:29,2026-08-03,HSY,ERROR,0,N/A,N/A,0,0.0,0.0,0.0,0.0,0.0,0.0,0.0,2026-08-03,0.0,0.0,0.0,0.0,0.0,0.0,0.0,0.0,0,N/A,-1.0,0.0,0.0,0.0,0.0,N/A,N/A,A process in the process pool was terminated abruptly while the future was running or pending.,-1.0,-1.0,1.0,-1,,,0
2026-08-03T13:42:29,2026-08-03,HUM,ERROR,0,N/A,N/A,0,0.0,0.0,0.0,0.0,0.0,0.0,0.0,2026-08-03,0.0,0.0,0.0,0.0,0.0,0.0,0.0,0.0,0,N/A,-1.0,0.0,0.0,0.0,0.0,N/A,N/A,A process in the process pool was terminated abruptly while the future was running or pending.,-1.0,-1.0,1.0,-1,,,0
2026-08-03T13:42:29,2026-08-03,IDXX,ERROR,0,N/A,N/A,0,0.0,0.0,0.0,0.0,0.0,0.0,0.0,2026-08-03,0.0,0.0,0.0,0.0,0.0,0.0,0.0,0.0,0,N/A,-1.0,0.0,0.0,0.0,0.0,N/A,N/A,A process in the process pool was terminated abruptly while the future was running or pending.,-1.0,-1.0,1.0,-1,,,0
2026-08-03T13:42:29,2026-08-03,INTU,ERROR,0,N/A,N/A,0,0.0,0.0,0.0,0.0,0.0,0.0,0.0,2026-08-03,0.0,0.0,0.0,0.0,0.0,0.0,0.0,0.0,0,N/A,-1.0,0.0,0.0,0.0,0.0,N/A,N/A,A process in the process pool was terminated abruptly while the future was running or pending.,-1.0,-1.0,1.0,-1,,,0
2026-08-03T13:42:29,2026-08-03,INVH,ERROR,0,N/A,N/A,0,0.0,0.0,0.0,0.0,0.0,0.0,0.0,2026-08-03,0.0,0.0,0.0,0.0,0.0,0.0,0.0,0.0,0,N/A,-1.0,0.0,0.0,0.0,0.0,N/A,N/A,A process in the process pool was terminated abruptly while the future was running or pending.,-1.0,-1.0,1.0,-1,,,0
2026-08-03T13:42:29,2026-08-03,IP,ERROR,0,N/A,N/A,0,0.0,0.0,0.0,0.0,0.0,0.0,0.0,2026-08-03,0.0,0.0,0.0,0.0,0.0,0.0,0.0,0.0,0,N/A,-1.0,0.0,0.0,0.0,0.0,N/A,N/A,A process in the process pool was terminated abruptly while the future was running or pending.,-1.0,-1.0,1.0,-1,,,0
2026-08-03T13:42:29,2026-08-03,IQV,ERROR,0,N/A,N/A,0,0.0,0.0,0.0,0.0,0.0,0.0,0.0,2026-08-03,0.0,0.0,0.0,0.0,0.0,0.0,0.0,0.0,0,N/A,-1.0,0.0,0.0,0.0,0.0,N/A,N/A,A process in the process pool was terminated abruptly while the future was running or pending.,-1.0,-1.0,1.0,-1,,,0
2026-08-03T13:42:29,2026-08-03,IR,ERROR,0,N/A,N/A,0,0.0,0.0,0.0,0.0,0.0,0.0,0.0,2026-08-03,0.0,0.0,0.0,0.0,0.0,0.0,0.0,0.0,0,N/A,-1.0,0.0,0.0,0.0,0.0,N/A,N/A,A process in the process pool was terminated abruptly while the future was running or pending.,-1.0,-1.0,1.0,-1,,,0
2026-08-03T13:42:29,2026-08-03,IRM,ERROR,0,N/A,N/A,0,0.0,0.0,0.0,0.0,0.0,0.0,0.0,2026-08-03,0.0,0.0,0.0,0.0,0.0,0.0,0.0,0.0,0,N/A,-1.0,0.0,0.0,0.0,0.0,N/A,N/A,A process in the process pool was terminated abruptly while the future was running or pending.,-1.0,-1.0,1.0,-1,,,0
2026-08-03T13:42:29,2026-08-03,ISRG,ERROR,0,N/A,N/A,0,0.0,0.0,0.0,0.0,0.0,0.0,0.0,2026-08-03,0.0,0.0,0.0,0.0,0.0,0.0,0.0,0.0,0,N/A,-1.0,0.0,0.0,0.0,0.0,N/A,N/A,A process in the process pool was terminated abruptly while the future was running or pending.,-1.0,-1.0,1.0,-1,,,0
2026-08-03T13:42:29,2026-08-03,IT,ERROR,0,N/A,N/A,0,0.0,0.0,0.0,0.0,0.0,0.0,0.0,2026-08-03,0.0,0.0,0.0,0.0,0.0,0.0,0.0,0.0,0,N/A,-1.0,0.0,0.0,0.0,0.0,N/A,N/A,A process in the process pool was terminated abruptly while the future was running or pending.,-1.0,-1.0,1.0,-1,,,0
2026-08-03T13:42:29,2026-08-03,ITW,ERROR,0,N/A,N/A,0,0.0,0.0,0.0,0.0,0.0,0.0,0.0,2026-08-03,0.0,0.0,0.0,0.0,0.0,0.0,0.0,0.0,0,N/A,-1.0,0.0,0.0,0.0,0.0,N/A,N/A,A process in the process pool was terminated abruptly while the future was running or pending.,-1.0,-1.0,1.0,-1,,,0
2026-08-03T13:42:29,2026-08-03,IVZ,ERROR,0,N/A,N/A,0,0.0,0.0,0.0,0.0,0.0,0.0,0.0,2026-08-03,0.0,0.0,0.0,0.0,0.0,0.0,0.0,0.0,0,N/A,-1.0,0.0,0.0,0.0,0.0,N/A,N/A,A process in the process pool was terminated abruptly while the future was running or pending.,-1.0,-1.0,1.0,-1,,,0
2026-08-03T13:42:29,2026-08-03,J,ERROR,0,N/A,N/A,0,0.0,0.0,0.0,0.0,0.0,0.0,0.0,2026-08-03,0.0,0.0,0.0,0.0,0.0,0.0,0.0,0.0,0,N/A,-1.0,0.0,0.0,0.0,0.0,N/A,N/A,A process in the process pool was terminated abruptly while the future was running or pending.,-1.0,-1.0,1.0,-1,,,0
2026-08-03T13:42:29,2026-08-03,JBHT,ERROR,0,N/A,N/A,0,0.0,0.0,0.0,0.0,0.0,0.0,0.0,2026-08-03,0.0,0.0,0.0,0.0,0.0,0.0,0.0,0.0,0,N/A,-1.0,0.0,0.0,0.0,0.0,N/A,N/A,A process in the process pool was terminated abruptly while the future was running or pending.,-1.0,-1.0,1.0,-1,,,0
2026-08-03T13:42:29,2026-08-03,JBL,ERROR,0,N/A,N/A,0,0.0,0.0,0.0,0.0,0.0,0.0,0.0,2026-08-03,0.0,0.0,0.0,0.0,0.0,0.0,0.0,0.0,0,N/A,-1.0,0.0,0.0,0.0,0.0,N/A,N/A,A process in the process pool was terminated abruptly while the future was running or pending.,-1.0,-1.0,1.0,-1,,,0
2026-08-03T13:42:29,2026-08-03,JCI,ERROR,0,N/A,N/A,0,0.0,0.0,0.0,0.0,0.0,0.0,0.0,2026-08-03,0.0,0.0,0.0,0.0,0.0,0.0,0.0,0.0,0,N/A,-1.0,0.0,0.0,0.0,0.0,N/A,N/A,A process in the process pool was terminated abruptly while the future was running or pending.,-1.0,-1.0,1.0,-1,,,0
2026-08-03T13:42:29,2026-08-03,JKHY,ERROR,0,N/A,N/A,0,0.0,0.0,0.0,0.0,0.0,0.0,0.0,2026-08-03,0.0,0.0,0.0,0.0,0.0,0.0,0.0,0.0,0,N/A,-1.0,0.0,0.0,0.0,0.0,N/A,N/A,A process in the process pool was terminated abruptly while the future was running or pending.,-1.0,-1.0,1.0,-1,,,0
2026-08-03T13:42:29,2026-08-03,JNJ,ERROR,0,N/A,N/A,0,0.0,0.0,0.0,0.0,0.0,0.0,0.0,2026-08-03,0.0,0.0,0.0,0.0,0.0,0.0,0.0,0.0,0,N/A,-1.0,0.0,0.0,0.0,0.0,N/A,N/A,A process in the process pool was terminated abruptly while the future was running or pending.,-1.0,-1.0,1.0,-1,,,0
2026-08-03T13:42:29,2026-08-03,JPM,ERROR,0,N/A,N/A,0,0.0,0.0,0.0,0.0,0.0,0.0,0.0,2026-08-03,0.0,0.0,0.0,0.0,0.0,0.0,0.0,0.0,0,N/A,-1.0,0.0,0.0,0.0,0.0,N/A,N/A,A process in the process pool was terminated abruptly while the future was running or pending.,-1.0,-1.0,1.0,-1,,,0
2026-08-03T13:42:29,2026-08-03,KDP,ERROR,0,N/A,N/A,0,0.0,0.0,0.0,0.0,0.0,0.0,0.0,2026-08-03,0.0,0.0,0.0,0.0,0.0,0.0,0.0,0.0,0,N/A,-1.0,0.0,0.0,0.0,0.0,N/A,N/A,A process in the process pool was terminated abruptly while the future was running or pending.,-1.0,-1.0,1.0,-1,,,0
2026-08-03T13:42:29,2026-08-03,KEY,ERROR,0,N/A,N/A,0,0.0,0.0,0.0,0.0,0.0,0.0,0.0,2026-08-03,0.0,0.0,0.0,0.0,0.0,0.0,0.0,0.0,0,N/A,-1.0,0.0,0.0,0.0,0.0,N/A,N/A,A process in the process pool was terminated abruptly while the future was running or pending.,-1.0,-1.0,1.0,-1,,,0
2026-08-03T13:42:29,2026-08-03,KEYS,ERROR,0,N/A,N/A,0,0.0,0.0,0.0,0.0,0.0,0.0,0.0,2026-08-03,0.0,0.0,0.0,0.0,0.0,0.0,0.0,0.0,0,N/A,-1.0,0.0,0.0,0.0,0.0,N/A,N/A,A process in the process pool was terminated abruptly while the future was running or pending.,-1.0,-1.0,1.0,-1,,,0
2026-08-03T13:42:29,2026-08-03,KHC,ERROR,0,N/A,N/A,0,0.0,0.0,0.0,0.0,0.0,0.0,0.0,2026-08-03,0.0,0.0,0.0,0.0,0.0,0.0,0.0,0.0,0,N/A,-1.0,0.0,0.0,0.0,0.0,N/A,N/A,A process in the process pool was terminated abruptly while the future was running or pending.,-1.0,-1.0,1.0,-1,,,0
2026-08-03T13:42:29,2026-08-03,KIM,ERROR,0,N/A,N/A,0,0.0,0.0,0.0,0.0,0.0,0.0,0.0,2026-08-03,0.0,0.0,0.0,0.0,0.0,0.0,0.0,0.0,0,N/A,-1.0,0.0,0.0,0.0,0.0,N/A,N/A,A process in the process pool was terminated abruptly while the future was running or pending.,-1.0,-1.0,1.0,-1,,,0
2026-08-03T13:42:29,2026-08-03,KKR,ERROR,0,N/A,N/A,0,0.0,0.0,0.0,0.0,0.0,0.0,0.0,2026-08-03,0.0,0.0,0.0,0.0,0.0,0.0,0.0,0.0,0,N/A,-1.0,0.0,0.0,0.0,0.0,N/A,N/A,A process in the process pool was terminated abruptly while the future was running or pending.,-1.0,-1.0,1.0,-1,,,0
2026-08-03T13:42:29,2026-08-03,KLAC,ERROR,0,N/A,N/A,0,0.0,0.0,0.0,0.0,0.0,0.0,0.0,2026-08-03,0.0,0.0,0.0,0.0,0.0,0.0,0.0,0.0,0,N/A,-1.0,0.0,0.0,0.0,0.0,N/A,N/A,A process in the process pool was terminated abruptly while the future was running or pending.,-1.0,-1.0,1.0,-1,,,0
2026-08-03T13:42:29,2026-08-03,KMB,ERROR,0,N/A,N/A,0,0.0,0.0,0.0,0.0,0.0,0.0,0.0,2026-08-03,0.0,0.0,0.0,0.0,0.0,0.0,0.0,0.0,0,N/A,-1.0,0.0,0.0,0.0,0.0,N/A,N/A,A process in the process pool was terminated abruptly while the future was running or pending.,-1.0,-1.0,1.0,-1,,,0
2026-08-03T13:42:29,2026-08-03,KMI,ERROR,0,N/A,N/A,0,0.0,0.0,0.0,0.0,0.0,0.0,0.0,2026-08-03,0.0,0.0,0.0,0.0,0.0,0.0,0.0,0.0,0,N/A,-1.0,0.0,0.0,0.0,0.0,N/A,N/A,A process in the process pool was terminated abruptly while the future was running or pending.,-1.0,-1.0,1.0,-1,,,0
2026-08-03T13:42:29,2026-08-03,KO,ERROR,0,N/A,N/A,0,0.0,0.0,0.0,0.0,0.0,0.0,0.0,2026-08-03,0.0,0.0,0.0,0.0,0.0,0.0,0.0,0.0,0,N/A,-1.0,0.0,0.0,0.0,0.0,N/A,N/A,A process in the process pool was terminated abruptly while the future was running or pending.,-1.0,-1.0,1.0,-1,,,0
2026-08-03T13:42:29,2026-08-03,KR,ERROR,0,N/A,N/A,0,0.0,0.0,0.0,0.0,0.0,0.0,0.0,2026-08-03,0.0,0.0,0.0,0.0,0.0,0.0,0.0,0.0,0,N/A,-1.0,0.0,0.0,0.0,0.0,N/A,N/A,A process in the process pool was terminated abruptly while the future was running or pending.,-1.0,-1.0,1.0,-1,,,0
2026-08-03T13:42:29,2026-08-03,KVUE,ERROR,0,N/A,N/A,0,0.0,0.0,0.0,0.0,0.0,0.0,0.0,2026-08-03,0.0,0.0,0.0,0.0,0.0,0.0,0.0,0.0,0,N/A,-1.0,0.0,0.0,0.0,0.0,N/A,N/A,A process in the process pool was terminated abruptly while the future was running or pending.,-1.0,-1.0,1.0,-1,,,0
2026-08-03T13:42:29,2026-08-03,L,ERROR,0,N/A,N/A,0,0.0,0.0,0.0,0.0,0.0,0.0,0.0,2026-08-03,0.0,0.0,0.0,0.0,0.0,0.0,0.0,0.0,0,N/A,-1.0,0.0,0.0,0.0,0.0,N/A,N/A,A process in the process pool was terminated abruptly while the future was running or pending.,-1.0,-1.0,1.0,-1,,,0
2026-08-03T13:42:29,2026-08-03,LDOS,ERROR,0,N/A,N/A,0,0.0,0.0,0.0,0.0,0.0,0.0,0.0,2026-08-03,0.0,0.0,0.0,0.0,0.0,0.0,0.0,0.0,0,N/A,-1.0,0.0,0.0,0.0,0.0,N/A,N/A,A process in the process pool was terminated abruptly while the future was running or pending.,-1.0,-1.0,1.0,-1,,,0
2026-08-03T13:42:29,2026-08-03,LEN,ERROR,0,N/A,N/A,0,0.0,0.0,0.0,0.0,0.0,0.0,0.0,2026-08-03,0.0,0.0,0.0,0.0,0.0,0.0,0.0,0.0,0,N/A,-1.0,0.0,0.0,0.0,0.0,N/A,N/A,A process in the process pool was terminated abruptly while the future was running or pending.,-1.0,-1.0,1.0,-1,,,0
2026-08-03T13:42:29,2026-08-03,LH,ERROR,0,N/A,N/A,0,0.0,0.0,0.0,0.0,0.0,0.0,0.0,2026-08-03,0.0,0.0,0.0,0.0,0.0,0.0,0.0,0.0,0,N/A,-1.0,0.0,0.0,0.0,0.0,N/A,N/A,A process in the process pool was terminated abruptly while the future was running or pending.,-1.0,-1.0,1.0,-1,,,0
2026-08-03T13:42:29,2026-08-03,LHX,ERROR,0,N/A,N/A,0,0.0,0.0,0.0,0.0,0.0,0.0,0.0,2026-08-03,0.0,0.0,0.0,0.0,0.0,0.0,0.0,0.0,0,N/A,-1.0,0.0,0.0,0.0,0.0,N/A,N/A,A process in the process pool was terminated abruptly while the future was running or pending.,-1.0,-1.0,1.0,-1,,,0
2026-08-03T13:42:29,2026-08-03,LII,ERROR,0,N/A,N/A,0,0.0,0.0,0.0,0.0,0.0,0.0,0.0,2026-08-03,0.0,0.0,0.0,0.0,0.0,0.0,0.0,0.0,0,N/A,-1.0,0.0,0.0,0.0,0.0,N/A,N/A,A process in the process pool was terminated abruptly while the future was running or pending.,-1.0,-1.0,1.0,-1,,,0
2026-08-03T13:42:29,2026-08-03,LIN,ERROR,0,N/A,N/A,0,0.0,0.0,0.0,0.0,0.0,0.0,0.0,2026-08-03,0.0,0.0,0.0,0.0,0.0,0.0,0.0,0.0,0,N/A,-1.0,0.0,0.0,0.0,0.0,N/A,N/A,A process in the process pool was terminated abruptly while the future was running or pending.,-1.0,-1.0,1.0,-1,,,0
2026-08-03T13:42:29,2026-08-03,LITE,ERROR,0,N/A,N/A,0,0.0,0.0,0.0,0.0,0.0,0.0,0.0,2026-08-03,0.0,0.0,0.0,0.0,0.0,0.0,0.0,0.0,0,N/A,-1.0,0.0,0.0,0.0,0.0,N/A,N/A,A process in the process pool was terminated abruptly while the future was running or pending.,-1.0,-1.0,1.0,-1,,,0
2026-08-03T13:42:29,2026-08-03,LLY,ERROR,0,N/A,N/A,0,0.0,0.0,0.0,0.0,0.0,0.0,0.0,2026-08-03,0.0,0.0,0.0,0.0,0.0,0.0,0.0,0.0,0,N/A,-1.0,0.0,0.0,0.0,0.0,N/A,N/A,A process in the process pool was terminated abruptly while the future was running or pending.,-1.0,-1.0,1.0,-1,,,0
2026-08-03T13:42:29,2026-08-03,LMT,ERROR,0,N/A,N/A,0,0.0,0.0,0.0,0.0,0.0,0.0,0.0,2026-08-03,0.0,0.0,0.0,0.0,0.0,0.0,0.0,0.0,0,N/A,-1.0,0.0,0.0,0.0,0.0,N/A,N/A,A process in the process pool was terminated abruptly while the future was running or pending.,-1.0,-1.0,1.0,-1,,,0
2026-08-03T13:42:29,2026-08-03,LNT,ERROR,0,N/A,N/A,0,0.0,0.0,0.0,0.0,0.0,0.0,0.0,2026-08-03,0.0,0.0,0.0,0.0,0.0,0.0,0.0,0.0,0,N/A,-1.0,0.0,0.0,0.0,0.0,N/A,N/A,A process in the process pool was terminated abruptly while the future was running or pending.,-1.0,-1.0,1.0,-1,,,0
2026-08-03T13:42:29,2026-08-03,LOW,ERROR,0,N/A,N/A,0,0.0,0.0,0.0,0.0,0.0,0.0,0.0,2026-08-03,0.0,0.0,0.0,0.0,0.0,0.0,0.0,0.0,0,N/A,-1.0,0.0,0.0,0.0,0.0,N/A,N/A,A process in the process pool was terminated abruptly while the future was running or pending.,-1.0,-1.0,1.0,-1,,,0
2026-08-03T13:42:29,2026-08-03,LRCX,ERROR,0,N/A,N/A,0,0.0,0.0,0.0,0.0,0.0,0.0,0.0,2026-08-03,0.0,0.0,0.0,0.0,0.0,0.0,0.0,0.0,0,N/A,-1.0,0.0,0.0,0.0,0.0,N/A,N/A,A process in the process pool was terminated abruptly while the future was running or pending.,-1.0,-1.0,1.0,-1,,,0
2026-08-03T13:42:29,2026-08-03,LULU,ERROR,0,N/A,N/A,0,0.0,0.0,0.0,0.0,0.0,0.0,0.0,2026-08-03,0.0,0.0,0.0,0.0,0.0,0.0,0.0,0.0,0,N/A,-1.0,0.0,0.0,0.0,0.0,N/A,N/A,A process in the process pool was terminated abruptly while the future was running or pending.,-1.0,-1.0,1.0,-1,,,0
2026-08-03T13:42:29,2026-08-03,LUV,ERROR,0,N/A,N/A,0,0.0,0.0,0.0,0.0,0.0,0.0,0.0,2026-08-03,0.0,0.0,0.0,0.0,0.0,0.0,0.0,0.0,0,N/A,-1.0,0.0,0.0,0.0,0.0,N/A,N/A,A process in the process pool was terminated abruptly while the future was running or pending.,-1.0,-1.0,1.0,-1,,,0
2026-08-03T13:42:29,2026-08-03,LVS,ERROR,0,N/A,N/A,0,0.0,0.0,0.0,0.0,0.0,0.0,0.0,2026-08-03,0.0,0.0,0.0,0.0,0.0,0.0,0.0,0.0,0,N/A,-1.0,0.0,0.0,0.0,0.0,N/A,N/A,A process in the process pool was terminated abruptly while the future was running or pending.,-1.0,-1.0,1.0,-1,,,0
2026-08-03T13:42:29,2026-08-03,LYB,ERROR,0,N/A,N/A,0,0.0,0.0,0.0,0.0,0.0,0.0,0.0,2026-08-03,0.0,0.0,0.0,0.0,0.0,0.0,0.0,0.0,0,N/A,-1.0,0.0,0.0,0.0,0.0,N/A,N/A,A process in the process pool was terminated abruptly while the future was running or pending.,-1.0,-1.0,1.0,-1,,,0
2026-08-03T13:42:29,2026-08-03,LYV,ERROR,0,N/A,N/A,0,0.0,0.0,0.0,0.0,0.0,0.0,0.0,2026-08-03,0.0,0.0,0.0,0.0,0.0,0.0,0.0,0.0,0,N/A,-1.0,0.0,0.0,0.0,0.0,N/A,N/A,A process in the process pool was terminated abruptly while the future was running or pending.,-1.0,-1.0,1.0,-1,,,0
2026-08-03T13:42:29,2026-08-03,MA,ERROR,0,N/A,N/A,0,0.0,0.0,0.0,0.0,0.0,0.0,0.0,2026-08-03,0.0,0.0,0.0,0.0,0.0,0.0,0.0,0.0,0,N/A,-1.0,0.0,0.0,0.0,0.0,N/A,N/A,A process in the process pool was terminated abruptly while the future was running or pending.,-1.0,-1.0,1.0,-1,,,0
2026-08-03T13:42:29,2026-08-03,MAA,ERROR,0,N/A,N/A,0,0.0,0.0,0.0,0.0,0.0,0.0,0.0,2026-08-03,0.0,0.0,0.0,0.0,0.0,0.0,0.0,0.0,0,N/A,-1.0,0.0,0.0,0.0,0.0,N/A,N/A,A process in the process pool was terminated abruptly while the future was running or pending.,-1.0,-1.0,1.0,-1,,,0
2026-08-03T13:42:29,2026-08-03,MAR,ERROR,0,N/A,N/A,0,0.0,0.0,0.0,0.0,0.0,0.0,0.0,2026-08-03,0.0,0.0,0.0,0.0,0.0,0.0,0.0,0.0,0,N/A,-1.0,0.0,0.0,0.0,0.0,N/A,N/A,A process in the process pool was terminated abruptly while the future was running or pending.,-1.0,-1.0,1.0,-1,,,0
2026-08-03T13:42:29,2026-08-03,MAS,ERROR,0,N/A,N/A,0,0.0,0.0,0.0,0.0,0.0,0.0,0.0,2026-08-03,0.0,0.0,0.0,0.0,0.0,0.0,0.0,0.0,0,N/A,-1.0,0.0,0.0,0.0,0.0,N/A,N/A,A process in the process pool was terminated abruptly while the future was running or pending.,-1.0,-1.0,1.0,-1,,,0
2026-08-03T13:42:29,2026-08-03,MCD,ERROR,0,N/A,N/A,0,0.0,0.0,0.0,0.0,0.0,0.0,0.0,2026-08-03,0.0,0.0,0.0,0.0,0.0,0.0,0.0,0.0,0,N/A,-1.0,0.0,0.0,0.0,0.0,N/A,N/A,A process in the process pool was terminated abruptly while the future was running or pending.,-1.0,-1.0,1.0,-1,,,0
2026-08-03T13:42:29,2026-08-03,MCHP,ERROR,0,N/A,N/A,0,0.0,0.0,0.0,0.0,0.0,0.0,0.0,2026-08-03,0.0,0.0,0.0,0.0,0.0,0.0,0.0,0.0,0,N/A,-1.0,0.0,0.0,0.0,0.0,N/A,N/A,A process in the process pool was terminated abruptly while the future was running or pending.,-1.0,-1.0,1.0,-1,,,0
2026-08-03T13:42:29,2026-08-03,MCK,ERROR,0,N/A,N/A,0,0.0,0.0,0.0,0.0,0.0,0.0,0.0,2026-08-03,0.0,0.0,0.0,0.0,0.0,0.0,0.0,0.0,0,N/A,-1.0,0.0,0.0,0.0,0.0,N/A,N/A,A process in the process pool was terminated abruptly while the future was running or pending.,-1.0,-1.0,1.0,-1,,,0
2026-08-03T13:42:29,2026-08-03,MCO,ERROR,0,N/A,N/A,0,0.0,0.0,0.0,0.0,0.0,0.0,0.0,2026-08-03,0.0,0.0,0.0,0.0,0.0,0.0,0.0,0.0,0,N/A,-1.0,0.0,0.0,0.0,0.0,N/A,N/A,A process in the process pool was terminated abruptly while the future was running or pending.,-1.0,-1.0,1.0,-1,,,0
2026-08-03T13:42:29,2026-08-03,MDLZ,ERROR,0,N/A,N/A,0,0.0,0.0,0.0,0.0,0.0,0.0,0.0,2026-08-03,0.0,0.0,0.0,0.0,0.0,0.0,0.0,0.0,0,N/A,-1.0,0.0,0.0,0.0,0.0,N/A,N/A,A process in the process pool was terminated abruptly while the future was running or pending.,-1.0,-1.0,1.0,-1,,,0
2026-08-03T13:42:29,2026-08-03,MDT,ERROR,0,N/A,N/A,0,0.0,0.0,0.0,0.0,0.0,0.0,0.0,2026-08-03,0.0,0.0,0.0,0.0,0.0,0.0,0.0,0.0,0,N/A,-1.0,0.0,0.0,0.0,0.0,N/A,N/A,A process in the process pool was terminated abruptly while the future was running or pending.,-1.0,-1.0,1.0,-1,,,0
2026-08-03T13:42:29,2026-08-03,MET,ERROR,0,N/A,N/A,0,0.0,0.0,0.0,0.0,0.0,0.0,0.0,2026-08-03,0.0,0.0,0.0,0.0,0.0,0.0,0.0,0.0,0,N/A,-1.0,0.0,0.0,0.0,0.0,N/A,N/A,A process in the process pool was terminated abruptly while the future was running or pending.,-1.0,-1.0,1.0,-1,,,0
2026-08-03T13:42:29,2026-08-03,META,ERROR,0,N/A,N/A,0,0.0,0.0,0.0,0.0,0.0,0.0,0.0,2026-08-03,0.0,0.0,0.0,0.0,0.0,0.0,0.0,0.0,0,N/A,-1.0,0.0,0.0,0.0,0.0,N/A,N/A,A process in the process pool was terminated abruptly while the future was running or pending.,-1.0,-1.0,1.0,-1,,,0
2026-08-03T13:42:29,2026-08-03,MGM,ERROR,0,N/A,N/A,0,0.0,0.0,0.0,0.0,0.0,0.0,0.0,2026-08-03,0.0,0.0,0.0,0.0,0.0,0.0,0.0,0.0,0,N/A,-1.0,0.0,0.0,0.0,0.0,N/A,N/A,A process in the process pool was terminated abruptly while the future was running or pending.,-1.0,-1.0,1.0,-1,,,0
2026-08-03T13:42:29,2026-08-03,MKC,ERROR,0,N/A,N/A,0,0.0,0.0,0.0,0.0,0.0,0.0,0.0,2026-08-03,0.0,0.0,0.0,0.0,0.0,0.0,0.0,0.0,0,N/A,-1.0,0.0,0.0,0.0,0.0,N/A,N/A,A process in the process pool was terminated abruptly while the future was running or pending.,-1.0,-1.0,1.0,-1,,,0
2026-08-03T13:42:29,2026-08-03,MLM,ERROR,0,N/A,N/A,0,0.0,0.0,0.0,0.0,0.0,0.0,0.0,2026-08-03,0.0,0.0,0.0,0.0,0.0,0.0,0.0,0.0,0,N/A,-1.0,0.0,0.0,0.0,0.0,N/A,N/A,A process in the process pool was terminated abruptly while the future was running or pending.,-1.0,-1.0,1.0,-1,,,0
2026-08-03T13:42:29,2026-08-03,MMM,ERROR,0,N/A,N/A,0,0.0,0.0,0.0,0.0,0.0,0.0,0.0,2026-08-03,0.0,0.0,0.0,0.0,0.0,0.0,0.0,0.0,0,N/A,-1.0,0.0,0.0,0.0,0.0,N/A,N/A,A process in the process pool was terminated abruptly while the future was running or pending.,-1.0,-1.0,1.0,-1,,,0
2026-08-03T13:42:29,2026-08-03,MNST,ERROR,0,N/A,N/A,0,0.0,0.0,0.0,0.0,0.0,0.0,0.0,2026-08-03,0.0,0.0,0.0,0.0,0.0,0.0,0.0,0.0,0,N/A,-1.0,0.0,0.0,0.0,0.0,N/A,N/A,A process in the process pool was terminated abruptly while the future was running or pending.,-1.0,-1.0,1.0,-1,,,0
2026-08-03T13:42:29,2026-08-03,MO,ERROR,0,N/A,N/A,0,0.0,0.0,0.0,0.0,0.0,0.0,0.0,2026-08-03,0.0,0.0,0.0,0.0,0.0,0.0,0.0,0.0,0,N/A,-1.0,0.0,0.0,0.0,0.0,N/A,N/A,A process in the process pool was terminated abruptly while the future was running or pending.,-1.0,-1.0,1.0,-1,,,0
2026-08-03T13:42:29,2026-08-03,MOS,ERROR,0,N/A,N/A,0,0.0,0.0,0.0,0.0,0.0,0.0,0.0,2026-08-03,0.0,0.0,0.0,0.0,0.0,0.0,0.0,0.0,0,N/A,-1.0,0.0,0.0,0.0,0.0,N/A,N/A,A process in the process pool was terminated abruptly while the future was running or pending.,-1.0,-1.0,1.0,-1,,,0
2026-08-03T13:42:29,2026-08-03,MPC,ERROR,0,N/A,N/A,0,0.0,0.0,0.0,0.0,0.0,0.0,0.0,2026-08-03,0.0,0.0,0.0,0.0,0.0,0.0,0.0,0.0,0,N/A,-1.0,0.0,0.0,0.0,0.0,N/A,N/A,A process in the process pool was terminated abruptly while the future was running or pending.,-1.0,-1.0,1.0,-1,,,0
2026-08-03T13:42:29,2026-08-03,MPWR,ERROR,0,N/A,N/A,0,0.0,0.0,0.0,0.0,0.0,0.0,0.0,2026-08-03,0.0,0.0,0.0,0.0,0.0,0.0,0.0,0.0,0,N/A,-1.0,0.0,0.0,0.0,0.0,N/A,N/A,A process in the process pool was terminated abruptly while the future was running or pending.,-1.0,-1.0,1.0,-1,,,0
2026-08-03T13:42:29,2026-08-03,MRK,ERROR,0,N/A,N/A,0,0.0,0.0,0.0,0.0,0.0,0.0,0.0,2026-08-03,0.0,0.0,0.0,0.0,0.0,0.0,0.0,0.0,0,N/A,-1.0,0.0,0.0,0.0,0.0,N/A,N/A,A process in the process pool was terminated abruptly while the future was running or pending.,-1.0,-1.0,1.0,-1,,,0
2026-08-03T13:42:29,2026-08-03,MRNA,ERROR,0,N/A,N/A,0,0.0,0.0,0.0,0.0,0.0,0.0,0.0,2026-08-03,0.0,0.0,0.0,0.0,0.0,0.0,0.0,0.0,0,N/A,-1.0,0.0,0.0,0.0,0.0,N/A,N/A,A process in the process pool was terminated abruptly while the future was running or pending.,-1.0,-1.0,1.0,-1,,,0
2026-08-03T13:42:29,2026-08-03,MRSH,ERROR,0,N/A,N/A,0,0.0,0.0,0.0,0.0,0.0,0.0,0.0,2026-08-03,0.0,0.0,0.0,0.0,0.0,0.0,0.0,0.0,0,N/A,-1.0,0.0,0.0,0.0,0.0,N/A,N/A,A process in the process pool was terminated abruptly while the future was running or pending.,-1.0,-1.0,1.0,-1,,,0
2026-08-03T13:42:29,2026-08-03,MRVL,ERROR,0,N/A,N/A,0,0.0,0.0,0.0,0.0,0.0,0.0,0.0,2026-08-03,0.0,0.0,0.0,0.0,0.0,0.0,0.0,0.0,0,N/A,-1.0,0.0,0.0,0.0,0.0,N/A,N/A,A process in the process pool was terminated abruptly while the future was running or pending.,-1.0,-1.0,1.0,-1,,,0
2026-08-03T13:42:29,2026-08-03,MS,ERROR,0,N/A,N/A,0,0.0,0.0,0.0,0.0,0.0,0.0,0.0,2026-08-03,0.0,0.0,0.0,0.0,0.0,0.0,0.0,0.0,0,N/A,-1.0,0.0,0.0,0.0,0.0,N/A,N/A,A process in the process pool was terminated abruptly while the future was running or pending.,-1.0,-1.0,1.0,-1,,,0
2026-08-03T13:42:29,2026-08-03,MSCI,ERROR,0,N/A,N/A,0,0.0,0.0,0.0,0.0,0.0,0.0,0.0,2026-08-03,0.0,0.0,0.0,0.0,0.0,0.0,0.0,0.0,0,N/A,-1.0,0.0,0.0,0.0,0.0,N/A,N/A,A process in the process pool was terminated abruptly while the future was running or pending.,-1.0,-1.0,1.0,-1,,,0
2026-08-03T13:42:29,2026-08-03,MSFT,ERROR,0,N/A,N/A,0,0.0,0.0,0.0,0.0,0.0,0.0,0.0,2026-08-03,0.0,0.0,0.0,0.0,0.0,0.0,0.0,0.0,0,N/A,-1.0,0.0,0.0,0.0,0.0,N/A,N/A,A process in the process pool was terminated abruptly while the future was running or pending.,-1.0,-1.0,1.0,-1,,,0
2026-08-03T13:42:29,2026-08-03,MSI,ERROR,0,N/A,N/A,0,0.0,0.0,0.0,0.0,0.0,0.0,0.0,2026-08-03,0.0,0.0,0.0,0.0,0.0,0.0,0.0,0.0,0,N/A,-1.0,0.0,0.0,0.0,0.0,N/A,N/A,A process in the process pool was terminated abruptly while the future was running or pending.,-1.0,-1.0,1.0,-1,,,0
2026-08-03T13:42:29,2026-08-03,MTB,ERROR,0,N/A,N/A,0,0.0,0.0,0.0,0.0,0.0,0.0,0.0,2026-08-03,0.0,0.0,0.0,0.0,0.0,0.0,0.0,0.0,0,N/A,-1.0,0.0,0.0,0.0,0.0,N/A,N/A,A process in the process pool was terminated abruptly while the future was running or pending.,-1.0,-1.0,1.0,-1,,,0
2026-08-03T13:42:29,2026-08-03,MTD,ERROR,0,N/A,N/A,0,0.0,0.0,0.0,0.0,0.0,0.0,0.0,2026-08-03,0.0,0.0,0.0,0.0,0.0,0.0,0.0,0.0,0,N/A,-1.0,0.0,0.0,0.0,0.0,N/A,N/A,A process in the process pool was terminated abruptly while the future was running or pending.,-1.0,-1.0,1.0,-1,,,0
2026-08-03T13:42:29,2026-08-03,MU,ERROR,0,N/A,N/A,0,0.0,0.0,0.0,0.0,0.0,0.0,0.0,2026-08-03,0.0,0.0,0.0,0.0,0.0,0.0,0.0,0.0,0,N/A,-1.0,0.0,0.0,0.0,0.0,N/A,N/A,A process in the process pool was terminated abruptly while the future was running or pending.,-1.0,-1.0,1.0,-1,,,0
2026-08-03T13:42:29,2026-08-03,NCLH,ERROR,0,N/A,N/A,0,0.0,0.0,0.0,0.0,0.0,0.0,0.0,2026-08-03,0.0,0.0,0.0,0.0,0.0,0.0,0.0,0.0,0,N/A,-1.0,0.0,0.0,0.0,0.0,N/A,N/A,A process in the process pool was terminated abruptly while the future was running or pending.,-1.0,-1.0,1.0,-1,,,0
2026-08-03T13:42:29,2026-08-03,NDAQ,ERROR,0,N/A,N/A,0,0.0,0.0,0.0,0.0,0.0,0.0,0.0,2026-08-03,0.0,0.0,0.0,0.0,0.0,0.0,0.0,0.0,0,N/A,-1.0,0.0,0.0,0.0,0.0,N/A,N/A,A process in the process pool was terminated abruptly while the future was running or pending.,-1.0,-1.0,1.0,-1,,,0
2026-08-03T13:42:29,2026-08-03,NDSN,ERROR,0,N/A,N/A,0,0.0,0.0,0.0,0.0,0.0,0.0,0.0,2026-08-03,0.0,0.0,0.0,0.0,0.0,0.0,0.0,0.0,0,N/A,-1.0,0.0,0.0,0.0,0.0,N/A,N/A,A process in the process pool was terminated abruptly while the future was running or pending.,-1.0,-1.0,1.0,-1,,,0
2026-08-03T13:42:29,2026-08-03,NEE,ERROR,0,N/A,N/A,0,0.0,0.0,0.0,0.0,0.0,0.0,0.0,2026-08-03,0.0,0.0,0.0,0.0,0.0,0.0,0.0,0.0,0,N/A,-1.0,0.0,0.0,0.0,0.0,N/A,N/A,A process in the process pool was terminated abruptly while the future was running or pending.,-1.0,-1.0,1.0,-1,,,0
2026-08-03T13:42:29,2026-08-03,NEM,ERROR,0,N/A,N/A,0,0.0,0.0,0.0,0.0,0.0,0.0,0.0,2026-08-03,0.0,0.0,0.0,0.0,0.0,0.0,0.0,0.0,0,N/A,-1.0,0.0,0.0,0.0,0.0,N/A,N/A,A process in the process pool was terminated abruptly while the future was running or pending.,-1.0,-1.0,1.0,-1,,,0
2026-08-03T13:42:29,2026-08-03,NFLX,ERROR,0,N/A,N/A,0,0.0,0.0,0.0,0.0,0.0,0.0,0.0,2026-08-03,0.0,0.0,0.0,0.0,0.0,0.0,0.0,0.0,0,N/A,-1.0,0.0,0.0,0.0,0.0,N/A,N/A,A process in the process pool was terminated abruptly while the future was running or pending.,-1.0,-1.0,1.0,-1,,,0
2026-08-03T13:42:29,2026-08-03,NI,ERROR,0,N/A,N/A,0,0.0,0.0,0.0,0.0,0.0,0.0,0.0,2026-08-03,0.0,0.0,0.0,0.0,0.0,0.0,0.0,0.0,0,N/A,-1.0,0.0,0.0,0.0,0.0,N/A,N/A,A process in the process pool was terminated abruptly while the future was running or pending.,-1.0,-1.0,1.0,-1,,,0
2026-08-03T13:42:29,2026-08-03,NKE,ERROR,0,N/A,N/A,0,0.0,0.0,0.0,0.0,0.0,0.0,0.0,2026-08-03,0.0,0.0,0.0,0.0,0.0,0.0,0.0,0.0,0,N/A,-1.0,0.0,0.0,0.0,0.0,N/A,N/A,A process in the process pool was terminated abruptly while the future was running or pending.,-1.0,-1.0,1.0,-1,,,0
2026-08-03T13:42:29,2026-08-03,NOC,ERROR,0,N/A,N/A,0,0.0,0.0,0.0,0.0,0.0,0.0,0.0,2026-08-03,0.0,0.0,0.0,0.0,0.0,0.0,0.0,0.0,0,N/A,-1.0,0.0,0.0,0.0,0.0,N/A,N/A,A process in the process pool was terminated abruptly while the future was running or pending.,-1.0,-1.0,1.0,-1,,,0
2026-08-03T13:42:29,2026-08-03,NOW,ERROR,0,N/A,N/A,0,0.0,0.0,0.0,0.0,0.0,0.0,0.0,2026-08-03,0.0,0.0,0.0,0.0,0.0,0.0,0.0,0.0,0,N/A,-1.0,0.0,0.0,0.0,0.0,N/A,N/A,A process in the process pool was terminated abruptly while the future was running or pending.,-1.0,-1.0,1.0,-1,,,0
2026-08-03T13:42:29,2026-08-03,NRG,ERROR,0,N/A,N/A,0,0.0,0.0,0.0,0.0,0.0,0.0,0.0,2026-08-03,0.0,0.0,0.0,0.0,0.0,0.0,0.0,0.0,0,N/A,-1.0,0.0,0.0,0.0,0.0,N/A,N/A,A process in the process pool was terminated abruptly while the future was running or pending.,-1.0,-1.0,1.0,-1,,,0
2026-08-03T13:42:29,2026-08-03,NSC,ERROR,0,N/A,N/A,0,0.0,0.0,0.0,0.0,0.0,0.0,0.0,2026-08-03,0.0,0.0,0.0,0.0,0.0,0.0,0.0,0.0,0,N/A,-1.0,0.0,0.0,0.0,0.0,N/A,N/A,A process in the process pool was terminated abruptly while the future was running or pending.,-1.0,-1.0,1.0,-1,,,0
2026-08-03T13:42:29,2026-08-03,NTAP,ERROR,0,N/A,N/A,0,0.0,0.0,0.0,0.0,0.0,0.0,0.0,2026-08-03,0.0,0.0,0.0,0.0,0.0,0.0,0.0,0.0,0,N/A,-1.0,0.0,0.0,0.0,0.0,N/A,N/A,A process in the process pool was terminated abruptly while the future was running or pending.,-1.0,-1.0,1.0,-1,,,0
2026-08-03T13:42:29,2026-08-03,NTRS,ERROR,0,N/A,N/A,0,0.0,0.0,0.0,0.0,0.0,0.0,0.0,2026-08-03,0.0,0.0,0.0,0.0,0.0,0.0,0.0,0.0,0,N/A,-1.0,0.0,0.0,0.0,0.0,N/A,N/A,A process in the process pool was terminated abruptly while the future was running or pending.,-1.0,-1.0,1.0,-1,,,0
2026-08-03T13:42:29,2026-08-03,NUE,ERROR,0,N/A,N/A,0,0.0,0.0,0.0,0.0,0.0,0.0,0.0,2026-08-03,0.0,0.0,0.0,0.0,0.0,0.0,0.0,0.0,0,N/A,-1.0,0.0,0.0,0.0,0.0,N/A,N/A,A process in the process pool was terminated abruptly while the future was running or pending.,-1.0,-1.0,1.0,-1,,,0
2026-08-03T13:42:29,2026-08-03,NVDA,ERROR,0,N/A,N/A,0,0.0,0.0,0.0,0.0,0.0,0.0,0.0,2026-08-03,0.0,0.0,0.0,0.0,0.0,0.0,0.0,0.0,0,N/A,-1.0,0.0,0.0,0.0,0.0,N/A,N/A,A process in the process pool was terminated abruptly while the future was running or pending.,-1.0,-1.0,1.0,-1,,,0
2026-08-03T13:42:29,2026-08-03,NVR,ERROR,0,N/A,N/A,0,0.0,0.0,0.0,0.0,0.0,0.0,0.0,2026-08-03,0.0,0.0,0.0,0.0,0.0,0.0,0.0,0.0,0,N/A,-1.0,0.0,0.0,0.0,0.0,N/A,N/A,A process in the process pool was terminated abruptly while the future was running or pending.,-1.0,-1.0,1.0,-1,,,0
2026-08-03T13:42:29,2026-08-03,NWS,ERROR,0,N/A,N/A,0,0.0,0.0,0.0,0.0,0.0,0.0,0.0,2026-08-03,0.0,0.0,0.0,0.0,0.0,0.0,0.0,0.0,0,N/A,-1.0,0.0,0.0,0.0,0.0,N/A,N/A,A process in the process pool was terminated abruptly while the future was running or pending.,-1.0,-1.0,1.0,-1,,,0
2026-08-03T13:42:29,2026-08-03,NWSA,ERROR,0,N/A,N/A,0,0.0,0.0,0.0,0.0,0.0,0.0,0.0,2026-08-03,0.0,0.0,0.0,0.0,0.0,0.0,0.0,0.0,0,N/A,-1.0,0.0,0.0,0.0,0.0,N/A,N/A,A process in the process pool was terminated abruptly while the future was running or pending.,-1.0,-1.0,1.0,-1,,,0
2026-08-03T13:42:29,2026-08-03,NXPI,ERROR,0,N/A,N/A,0,0.0,0.0,0.0,0.0,0.0,0.0,0.0,2026-08-03,0.0,0.0,0.0,0.0,0.0,0.0,0.0,0.0,0,N/A,-1.0,0.0,0.0,0.0,0.0,N/A,N/A,A process in the process pool was terminated abruptly while the future was running or pending.,-1.0,-1.0,1.0,-1,,,0
2026-08-03T13:42:29,2026-08-03,O,ERROR,0,N/A,N/A,0,0.0,0.0,0.0,0.0,0.0,0.0,0.0,2026-08-03,0.0,0.0,0.0,0.0,0.0,0.0,0.0,0.0,0,N/A,-1.0,0.0,0.0,0.0,0.0,N/A,N/A,A process in the process pool was terminated abruptly while the future was running or pending.,-1.0,-1.0,1.0,-1,,,0
2026-08-03T13:42:29,2026-08-03,ODFL,ERROR,0,N/A,N/A,0,0.0,0.0,0.0,0.0,0.0,0.0,0.0,2026-08-03,0.0,0.0,0.0,0.0,0.0,0.0,0.0,0.0,0,N/A,-1.0,0.0,0.0,0.0,0.0,N/A,N/A,A process in the process pool was terminated abruptly while the future was running or pending.,-1.0,-1.0,1.0,-1,,,0
2026-08-03T13:42:29,2026-08-03,OKE,ERROR,0,N/A,N/A,0,0.0,0.0,0.0,0.0,0.0,0.0,0.0,2026-08-03,0.0,0.0,0.0,0.0,0.0,0.0,0.0,0.0,0,N/A,-1.0,0.0,0.0,0.0,0.0,N/A,N/A,A process in the process pool was terminated abruptly while the future was running or pending.,-1.0,-1.0,1.0,-1,,,0
2026-08-03T13:42:29,2026-08-03,OMC,ERROR,0,N/A,N/A,0,0.0,0.0,0.0,0.0,0.0,0.0,0.0,2026-08-03,0.0,0.0,0.0,0.0,0.0,0.0,0.0,0.0,0,N/A,-1.0,0.0,0.0,0.0,0.0,N/A,N/A,A process in the process pool was terminated abruptly while the future was running or pending.,-1.0,-1.0,1.0,-1,,,0
2026-08-03T13:42:29,2026-08-03,ON,ERROR,0,N/A,N/A,0,0.0,0.0,0.0,0.0,0.0,0.0,0.0,2026-08-03,0.0,0.0,0.0,0.0,0.0,0.0,0.0,0.0,0,N/A,-1.0,0.0,0.0,0.0,0.0,N/A,N/A,A process in the process pool was terminated abruptly while the future was running or pending.,-1.0,-1.0,1.0,-1,,,0
2026-08-03T13:42:29,2026-08-03,ORCL,ERROR,0,N/A,N/A,0,0.0,0.0,0.0,0.0,0.0,0.0,0.0,2026-08-03,0.0,0.0,0.0,0.0,0.0,0.0,0.0,0.0,0,N/A,-1.0,0.0,0.0,0.0,0.0,N/A,N/A,A process in the process pool was terminated abruptly while the future was running or pending.,-1.0,-1.0,1.0,-1,,,0
2026-08-03T13:42:29,2026-08-03,ORLY,ERROR,0,N/A,N/A,0,0.0,0.0,0.0,0.0,0.0,0.0,0.0,2026-08-03,0.0,0.0,0.0,0.0,0.0,0.0,0.0,0.0,0,N/A,-1.0,0.0,0.0,0.0,0.0,N/A,N/A,A process in the process pool was terminated abruptly while the future was running or pending.,-1.0,-1.0,1.0,-1,,,0
2026-08-03T13:42:29,2026-08-03,OTIS,ERROR,0,N/A,N/A,0,0.0,0.0,0.0,0.0,0.0,0.0,0.0,2026-08-03,0.0,0.0,0.0,0.0,0.0,0.0,0.0,0.0,0,N/A,-1.0,0.0,0.0,0.0,0.0,N/A,N/A,A process in the process pool was terminated abruptly while the future was running or pending.,-1.0,-1.0,1.0,-1,,,0
2026-08-03T13:42:29,2026-08-03,OXY,ERROR,0,N/A,N/A,0,0.0,0.0,0.0,0.0,0.0,0.0,0.0,2026-08-03,0.0,0.0,0.0,0.0,0.0,0.0,0.0,0.0,0,N/A,-1.0,0.0,0.0,0.0,0.0,N/A,N/A,A process in the process pool was terminated abruptly while the future was running or pending.,-1.0,-1.0,1.0,-1,,,0
2026-08-03T13:42:29,2026-08-03,PANW,ERROR,0,N/A,N/A,0,0.0,0.0,0.0,0.0,0.0,0.0,0.0,2026-08-03,0.0,0.0,0.0,0.0,0.0,0.0,0.0,0.0,0,N/A,-1.0,0.0,0.0,0.0,0.0,N/A,N/A,A process in the process pool was terminated abruptly while the future was running or pending.,-1.0,-1.0,1.0,-1,,,0
2026-08-03T13:42:29,2026-08-03,PAYX,ERROR,0,N/A,N/A,0,0.0,0.0,0.0,0.0,0.0,0.0,0.0,2026-08-03,0.0,0.0,0.0,0.0,0.0,0.0,0.0,0.0,0,N/A,-1.0,0.0,0.0,0.0,0.0,N/A,N/A,A process in the process pool was terminated abruptly while the future was running or pending.,-1.0,-1.0,1.0,-1,,,0
2026-08-03T13:42:29,2026-08-03,PCAR,ERROR,0,N/A,N/A,0,0.0,0.0,0.0,0.0,0.0,0.0,0.0,2026-08-03,0.0,0.0,0.0,0.0,0.0,0.0,0.0,0.0,0,N/A,-1.0,0.0,0.0,0.0,0.0,N/A,N/A,A process in the process pool was terminated abruptly while the future was running or pending.,-1.0,-1.0,1.0,-1,,,0
2026-08-03T13:42:29,2026-08-03,PCG,ERROR,0,N/A,N/A,0,0.0,0.0,0.0,0.0,0.0,0.0,0.0,2026-08-03,0.0,0.0,0.0,0.0,0.0,0.0,0.0,0.0,0,N/A,-1.0,0.0,0.0,0.0,0.0,N/A,N/A,A process in the process pool was terminated abruptly while the future was running or pending.,-1.0,-1.0,1.0,-1,,,0
2026-08-03T13:42:29,2026-08-03,PEG,ERROR,0,N/A,N/A,0,0.0,0.0,0.0,0.0,0.0,0.0,0.0,2026-08-03,0.0,0.0,0.0,0.0,0.0,0.0,0.0,0.0,0,N/A,-1.0,0.0,0.0,0.0,0.0,N/A,N/A,A process in the process pool was terminated abruptly while the future was running or pending.,-1.0,-1.0,1.0,-1,,,0
2026-08-03T13:42:29,2026-08-03,PEP,ERROR,0,N/A,N/A,0,0.0,0.0,0.0,0.0,0.0,0.0,0.0,2026-08-03,0.0,0.0,0.0,0.0,0.0,0.0,0.0,0.0,0,N/A,-1.0,0.0,0.0,0.0,0.0,N/A,N/A,A process in the process pool was terminated abruptly while the future was running or pending.,-1.0,-1.0,1.0,-1,,,0
2026-08-03T13:42:29,2026-08-03,PFE,ERROR,0,N/A,N/A,0,0.0,0.0,0.0,0.0,0.0,0.0,0.0,2026-08-03,0.0,0.0,0.0,0.0,0.0,0.0,0.0,0.0,0,N/A,-1.0,0.0,0.0,0.0,0.0,N/A,N/A,A process in the process pool was terminated abruptly while the future was running or pending.,-1.0,-1.0,1.0,-1,,,0
2026-08-03T13:42:29,2026-08-03,PFG,ERROR,0,N/A,N/A,0,0.0,0.0,0.0,0.0,0.0,0.0,0.0,2026-08-03,0.0,0.0,0.0,0.0,0.0,0.0,0.0,0.0,0,N/A,-1.0,0.0,0.0,0.0,0.0,N/A,N/A,A process in the process pool was terminated abruptly while the future was running or pending.,-1.0,-1.0,1.0,-1,,,0
2026-08-03T13:42:29,2026-08-03,PG,ERROR,0,N/A,N/A,0,0.0,0.0,0.0,0.0,0.0,0.0,0.0,2026-08-03,0.0,0.0,0.0,0.0,0.0,0.0,0.0,0.0,0,N/A,-1.0,0.0,0.0,0.0,0.0,N/A,N/A,A process in the process pool was terminated abruptly while the future was running or pending.,-1.0,-1.0,1.0,-1,,,0
2026-08-03T13:42:29,2026-08-03,PGR,ERROR,0,N/A,N/A,0,0.0,0.0,0.0,0.0,0.0,0.0,0.0,2026-08-03,0.0,0.0,0.0,0.0,0.0,0.0,0.0,0.0,0,N/A,-1.0,0.0,0.0,0.0,0.0,N/A,N/A,A process in the process pool was terminated abruptly while the future was running or pending.,-1.0,-1.0,1.0,-1,,,0
2026-08-03T13:42:29,2026-08-03,PH,ERROR,0,N/A,N/A,0,0.0,0.0,0.0,0.0,0.0,0.0,0.0,2026-08-03,0.0,0.0,0.0,0.0,0.0,0.0,0.0,0.0,0,N/A,-1.0,0.0,0.0,0.0,0.0,N/A,N/A,A process in the process pool was terminated abruptly while the future was running or pending.,-1.0,-1.0,1.0,-1,,,0
2026-08-03T13:42:29,2026-08-03,PHM,ERROR,0,N/A,N/A,0,0.0,0.0,0.0,0.0,0.0,0.0,0.0,2026-08-03,0.0,0.0,0.0,0.0,0.0,0.0,0.0,0.0,0,N/A,-1.0,0.0,0.0,0.0,0.0,N/A,N/A,A process in the process pool was terminated abruptly while the future was running or pending.,-1.0,-1.0,1.0,-1,,,0
2026-08-03T13:42:29,2026-08-03,PKG,ERROR,0,N/A,N/A,0,0.0,0.0,0.0,0.0,0.0,0.0,0.0,2026-08-03,0.0,0.0,0.0,0.0,0.0,0.0,0.0,0.0,0,N/A,-1.0,0.0,0.0,0.0,0.0,N/A,N/A,A process in the process pool was terminated abruptly while the future was running or pending.,-1.0,-1.0,1.0,-1,,,0
2026-08-03T13:42:29,2026-08-03,PLD,ERROR,0,N/A,N/A,0,0.0,0.0,0.0,0.0,0.0,0.0,0.0,2026-08-03,0.0,0.0,0.0,0.0,0.0,0.0,0.0,0.0,0,N/A,-1.0,0.0,0.0,0.0,0.0,N/A,N/A,A process in the process pool was terminated abruptly while the future was running or pending.,-1.0,-1.0,1.0,-1,,,0
2026-08-03T13:42:29,2026-08-03,PLTR,ERROR,0,N/A,N/A,0,0.0,0.0,0.0,0.0,0.0,0.0,0.0,2026-08-03,0.0,0.0,0.0,0.0,0.0,0.0,0.0,0.0,0,N/A,-1.0,0.0,0.0,0.0,0.0,N/A,N/A,A process in the process pool was terminated abruptly while the future was running or pending.,-1.0,-1.0,1.0,-1,,,0
2026-08-03T13:42:29,2026-08-03,PM,ERROR,0,N/A,N/A,0,0.0,0.0,0.0,0.0,0.0,0.0,0.0,2026-08-03,0.0,0.0,0.0,0.0,0.0,0.0,0.0,0.0,0,N/A,-1.0,0.0,0.0,0.0,0.0,N/A,N/A,A process in the process pool was terminated abruptly while the future was running or pending.,-1.0,-1.0,1.0,-1,,,0
2026-08-03T13:42:29,2026-08-03,PNC,ERROR,0,N/A,N/A,0,0.0,0.0,0.0,0.0,0.0,0.0,0.0,2026-08-03,0.0,0.0,0.0,0.0,0.0,0.0,0.0,0.0,0,N/A,-1.0,0.0,0.0,0.0,0.0,N/A,N/A,A process in the process pool was terminated abruptly while the future was running or pending.,-1.0,-1.0,1.0,-1,,,0
2026-08-03T13:42:29,2026-08-03,PNR,ERROR,0,N/A,N/A,0,0.0,0.0,0.0,0.0,0.0,0.0,0.0,2026-08-03,0.0,0.0,0.0,0.0,0.0,0.0,0.0,0.0,0,N/A,-1.0,0.0,0.0,0.0,0.0,N/A,N/A,A process in the process pool was terminated abruptly while the future was running or pending.,-1.0,-1.0,1.0,-1,,,0
2026-08-03T13:42:29,2026-08-03,PNW,ERROR,0,N/A,N/A,0,0.0,0.0,0.0,0.0,0.0,0.0,0.0,2026-08-03,0.0,0.0,0.0,0.0,0.0,0.0,0.0,0.0,0,N/A,-1.0,0.0,0.0,0.0,0.0,N/A,N/A,A process in the process pool was terminated abruptly while the future was running or pending.,-1.0,-1.0,1.0,-1,,,0
2026-08-03T13:42:29,2026-08-03,PODD,ERROR,0,N/A,N/A,0,0.0,0.0,0.0,0.0,0.0,0.0,0.0,2026-08-03,0.0,0.0,0.0,0.0,0.0,0.0,0.0,0.0,0,N/A,-1.0,0.0,0.0,0.0,0.0,N/A,N/A,A process in the process pool was terminated abruptly while the future was running or pending.,-1.0,-1.0,1.0,-1,,,0
2026-08-03T13:42:29,2026-08-03,PPG,ERROR,0,N/A,N/A,0,0.0,0.0,0.0,0.0,0.0,0.0,0.0,2026-08-03,0.0,0.0,0.0,0.0,0.0,0.0,0.0,0.0,0,N/A,-1.0,0.0,0.0,0.0,0.0,N/A,N/A,A process in the process pool was terminated abruptly while the future was running or pending.,-1.0,-1.0,1.0,-1,,,0
2026-08-03T13:42:29,2026-08-03,PPL,ERROR,0,N/A,N/A,0,0.0,0.0,0.0,0.0,0.0,0.0,0.0,2026-08-03,0.0,0.0,0.0,0.0,0.0,0.0,0.0,0.0,0,N/A,-1.0,0.0,0.0,0.0,0.0,N/A,N/A,A process in the process pool was terminated abruptly while the future was running or pending.,-1.0,-1.0,1.0,-1,,,0
2026-08-03T13:42:29,2026-08-03,PRU,ERROR,0,N/A,N/A,0,0.0,0.0,0.0,0.0,0.0,0.0,0.0,2026-08-03,0.0,0.0,0.0,0.0,0.0,0.0,0.0,0.0,0,N/A,-1.0,0.0,0.0,0.0,0.0,N/A,N/A,A process in the process pool was terminated abruptly while the future was running or pending.,-1.0,-1.0,1.0,-1,,,0
2026-08-03T13:42:29,2026-08-03,PSA,ERROR,0,N/A,N/A,0,0.0,0.0,0.0,0.0,0.0,0.0,0.0,2026-08-03,0.0,0.0,0.0,0.0,0.0,0.0,0.0,0.0,0,N/A,-1.0,0.0,0.0,0.0,0.0,N/A,N/A,A process in the process pool was terminated abruptly while the future was running or pending.,-1.0,-1.0,1.0,-1,,,0
2026-08-03T13:42:29,2026-08-03,PSKY,ERROR,0,N/A,N/A,0,0.0,0.0,0.0,0.0,0.0,0.0,0.0,2026-08-03,0.0,0.0,0.0,0.0,0.0,0.0,0.0,0.0,0,N/A,-1.0,0.0,0.0,0.0,0.0,N/A,N/A,A process in the process pool was terminated abruptly while the future was running or pending.,-1.0,-1.0,1.0,-1,,,0
2026-08-03T13:42:29,2026-08-03,PSX,ERROR,0,N/A,N/A,0,0.0,0.0,0.0,0.0,0.0,0.0,0.0,2026-08-03,0.0,0.0,0.0,0.0,0.0,0.0,0.0,0.0,0,N/A,-1.0,0.0,0.0,0.0,0.0,N/A,N/A,A process in the process pool was terminated abruptly while the future was running or pending.,-1.0,-1.0,1.0,-1,,,0
2026-08-03T13:42:29,2026-08-03,PTC,ERROR,0,N/A,N/A,0,0.0,0.0,0.0,0.0,0.0,0.0,0.0,2026-08-03,0.0,0.0,0.0,0.0,0.0,0.0,0.0,0.0,0,N/A,-1.0,0.0,0.0,0.0,0.0,N/A,N/A,A process in the process pool was terminated abruptly while the future was running or pending.,-1.0,-1.0,1.0,-1,,,0
2026-08-03T13:42:29,2026-08-03,PWR,ERROR,0,N/A,N/A,0,0.0,0.0,0.0,0.0,0.0,0.0,0.0,2026-08-03,0.0,0.0,0.0,0.0,0.0,0.0,0.0,0.0,0,N/A,-1.0,0.0,0.0,0.0,0.0,N/A,N/A,A process in the process pool was terminated abruptly while the future was running or pending.,-1.0,-1.0,1.0,-1,,,0
2026-08-03T13:42:29,2026-08-03,PYPL,ERROR,0,N/A,N/A,0,0.0,0.0,0.0,0.0,0.0,0.0,0.0,2026-08-03,0.0,0.0,0.0,0.0,0.0,0.0,0.0,0.0,0,N/A,-1.0,0.0,0.0,0.0,0.0,N/A,N/A,A process in the process pool was terminated abruptly while the future was running or pending.,-1.0,-1.0,1.0,-1,,,0
2026-08-03T13:42:29,2026-08-03,Q,ERROR,0,N/A,N/A,0,0.0,0.0,0.0,0.0,0.0,0.0,0.0,2026-08-03,0.0,0.0,0.0,0.0,0.0,0.0,0.0,0.0,0,N/A,-1.0,0.0,0.0,0.0,0.0,N/A,N/A,A process in the process pool was terminated abruptly while the future was running or pending.,-1.0,-1.0,1.0,-1,,,0
2026-08-03T13:42:29,2026-08-03,QCOM,ERROR,0,N/A,N/A,0,0.0,0.0,0.0,0.0,0.0,0.0,0.0,2026-08-03,0.0,0.0,0.0,0.0,0.0,0.0,0.0,0.0,0,N/A,-1.0,0.0,0.0,0.0,0.0,N/A,N/A,A process in the process pool was terminated abruptly while the future was running or pending.,-1.0,-1.0,1.0,-1,,,0
2026-08-03T13:42:29,2026-08-03,RCL,ERROR,0,N/A,N/A,0,0.0,0.0,0.0,0.0,0.0,0.0,0.0,2026-08-03,0.0,0.0,0.0,0.0,0.0,0.0,0.0,0.0,0,N/A,-1.0,0.0,0.0,0.0,0.0,N/A,N/A,A process in the process pool was terminated abruptly while the future was running or pending.,-1.0,-1.0,1.0,-1,,,0
2026-08-03T13:42:29,2026-08-03,REG,ERROR,0,N/A,N/A,0,0.0,0.0,0.0,0.0,0.0,0.0,0.0,2026-08-03,0.0,0.0,0.0,0.0,0.0,0.0,0.0,0.0,0,N/A,-1.0,0.0,0.0,0.0,0.0,N/A,N/A,A process in the process pool was terminated abruptly while the future was running or pending.,-1.0,-1.0,1.0,-1,,,0
2026-08-03T13:42:29,2026-08-03,REGN,ERROR,0,N/A,N/A,0,0.0,0.0,0.0,0.0,0.0,0.0,0.0,2026-08-03,0.0,0.0,0.0,0.0,0.0,0.0,0.0,0.0,0,N/A,-1.0,0.0,0.0,0.0,0.0,N/A,N/A,A process in the process pool was terminated abruptly while the future was running or pending.,-1.0,-1.0,1.0,-1,,,0
2026-08-03T13:42:29,2026-08-03,RF,ERROR,0,N/A,N/A,0,0.0,0.0,0.0,0.0,0.0,0.0,0.0,2026-08-03,0.0,0.0,0.0,0.0,0.0,0.0,0.0,0.0,0,N/A,-1.0,0.0,0.0,0.0,0.0,N/A,N/A,A process in the process pool was terminated abruptly while the future was running or pending.,-1.0,-1.0,1.0,-1,,,0
2026-08-03T13:42:29,2026-08-03,RJF,ERROR,0,N/A,N/A,0,0.0,0.0,0.0,0.0,0.0,0.0,0.0,2026-08-03,0.0,0.0,0.0,0.0,0.0,0.0,0.0,0.0,0,N/A,-1.0,0.0,0.0,0.0,0.0,N/A,N/A,A process in the process pool was terminated abruptly while the future was running or pending.,-1.0,-1.0,1.0,-1,,,0
2026-08-03T13:42:29,2026-08-03,RL,ERROR,0,N/A,N/A,0,0.0,0.0,0.0,0.0,0.0,0.0,0.0,2026-08-03,0.0,0.0,0.0,0.0,0.0,0.0,0.0,0.0,0,N/A,-1.0,0.0,0.0,0.0,0.0,N/A,N/A,A process in the process pool was terminated abruptly while the future was running or pending.,-1.0,-1.0,1.0,-1,,,0
2026-08-03T13:42:29,2026-08-03,RMD,ERROR,0,N/A,N/A,0,0.0,0.0,0.0,0.0,0.0,0.0,0.0,2026-08-03,0.0,0.0,0.0,0.0,0.0,0.0,0.0,0.0,0,N/A,-1.0,0.0,0.0,0.0,0.0,N/A,N/A,A process in the process pool was terminated abruptly while the future was running or pending.,-1.0,-1.0,1.0,-1,,,0
2026-08-03T13:42:29,2026-08-03,ROK,ERROR,0,N/A,N/A,0,0.0,0.0,0.0,0.0,0.0,0.0,0.0,2026-08-03,0.0,0.0,0.0,0.0,0.0,0.0,0.0,0.0,0,N/A,-1.0,0.0,0.0,0.0,0.0,N/A,N/A,A process in the process pool was terminated abruptly while the future was running or pending.,-1.0,-1.0,1.0,-1,,,0
2026-08-03T13:42:29,2026-08-03,ROL,ERROR,0,N/A,N/A,0,0.0,0.0,0.0,0.0,0.0,0.0,0.0,2026-08-03,0.0,0.0,0.0,0.0,0.0,0.0,0.0,0.0,0,N/A,-1.0,0.0,0.0,0.0,0.0,N/A,N/A,A process in the process pool was terminated abruptly while the future was running or pending.,-1.0,-1.0,1.0,-1,,,0
2026-08-03T13:42:29,2026-08-03,ROP,ERROR,0,N/A,N/A,0,0.0,0.0,0.0,0.0,0.0,0.0,0.0,2026-08-03,0.0,0.0,0.0,0.0,0.0,0.0,0.0,0.0,0,N/A,-1.0,0.0,0.0,0.0,0.0,N/A,N/A,A process in the process pool was terminated abruptly while the future was running or pending.,-1.0,-1.0,1.0,-1,,,0
2026-08-03T13:42:29,2026-08-03,ROST,ERROR,0,N/A,N/A,0,0.0,0.0,0.0,0.0,0.0,0.0,0.0,2026-08-03,0.0,0.0,0.0,0.0,0.0,0.0,0.0,0.0,0,N/A,-1.0,0.0,0.0,0.0,0.0,N/A,N/A,A process in the process pool was terminated abruptly while the future was running or pending.,-1.0,-1.0,1.0,-1,,,0
2026-08-03T13:42:29,2026-08-03,RSG,ERROR,0,N/A,N/A,0,0.0,0.0,0.0,0.0,0.0,0.0,0.0,2026-08-03,0.0,0.0,0.0,0.0,0.0,0.0,0.0,0.0,0,N/A,-1.0,0.0,0.0,0.0,0.0,N/A,N/A,A process in the process pool was terminated abruptly while the future was running or pending.,-1.0,-1.0,1.0,-1,,,0
2026-08-03T13:42:29,2026-08-03,RTX,ERROR,0,N/A,N/A,0,0.0,0.0,0.0,0.0,0.0,0.0,0.0,2026-08-03,0.0,0.0,0.0,0.0,0.0,0.0,0.0,0.0,0,N/A,-1.0,0.0,0.0,0.0,0.0,N/A,N/A,A process in the process pool was terminated abruptly while the future was running or pending.,-1.0,-1.0,1.0,-1,,,0
2026-08-03T13:42:29,2026-08-03,RVTY,ERROR,0,N/A,N/A,0,0.0,0.0,0.0,0.0,0.0,0.0,0.0,2026-08-03,0.0,0.0,0.0,0.0,0.0,0.0,0.0,0.0,0,N/A,-1.0,0.0,0.0,0.0,0.0,N/A,N/A,A process in the process pool was terminated abruptly while the future was running or pending.,-1.0,-1.0,1.0,-1,,,0
2026-08-03T13:42:29,2026-08-03,SBAC,ERROR,0,N/A,N/A,0,0.0,0.0,0.0,0.0,0.0,0.0,0.0,2026-08-03,0.0,0.0,0.0,0.0,0.0,0.0,0.0,0.0,0,N/A,-1.0,0.0,0.0,0.0,0.0,N/A,N/A,A process in the process pool was terminated abruptly while the future was running or pending.,-1.0,-1.0,1.0,-1,,,0
2026-08-03T13:42:29,2026-08-03,SBUX,ERROR,0,N/A,N/A,0,0.0,0.0,0.0,0.0,0.0,0.0,0.0,2026-08-03,0.0,0.0,0.0,0.0,0.0,0.0,0.0,0.0,0,N/A,-1.0,0.0,0.0,0.0,0.0,N/A,N/A,A process in the process pool was terminated abruptly while the future was running or pending.,-1.0,-1.0,1.0,-1,,,0
2026-08-03T13:42:29,2026-08-03,SCHW,ERROR,0,N/A,N/A,0,0.0,0.0,0.0,0.0,0.0,0.0,0.0,2026-08-03,0.0,0.0,0.0,0.0,0.0,0.0,0.0,0.0,0,N/A,-1.0,0.0,0.0,0.0,0.0,N/A,N/A,A process in the process pool was terminated abruptly while the future was running or pending.,-1.0,-1.0,1.0,-1,,,0
2026-08-03T13:42:29,2026-08-03,SHW,ERROR,0,N/A,N/A,0,0.0,0.0,0.0,0.0,0.0,0.0,0.0,2026-08-03,0.0,0.0,0.0,0.0,0.0,0.0,0.0,0.0,0,N/A,-1.0,0.0,0.0,0.0,0.0,N/A,N/A,A process in the process pool was terminated abruptly while the future was running or pending.,-1.0,-1.0,1.0,-1,,,0
2026-08-03T13:42:29,2026-08-03,SJM,ERROR,0,N/A,N/A,0,0.0,0.0,0.0,0.0,0.0,0.0,0.0,2026-08-03,0.0,0.0,0.0,0.0,0.0,0.0,0.0,0.0,0,N/A,-1.0,0.0,0.0,0.0,0.0,N/A,N/A,A process in the process pool was terminated abruptly while the future was running or pending.,-1.0,-1.0,1.0,-1,,,0
2026-08-03T13:42:29,2026-08-03,SLB,ERROR,0,N/A,N/A,0,0.0,0.0,0.0,0.0,0.0,0.0,0.0,2026-08-03,0.0,0.0,0.0,0.0,0.0,0.0,0.0,0.0,0,N/A,-1.0,0.0,0.0,0.0,0.0,N/A,N/A,A process in the process pool was terminated abruptly while the future was running or pending.,-1.0,-1.0,1.0,-1,,,0
2026-08-03T13:42:29,2026-08-03,SMCI,ERROR,0,N/A,N/A,0,0.0,0.0,0.0,0.0,0.0,0.0,0.0,2026-08-03,0.0,0.0,0.0,0.0,0.0,0.0,0.0,0.0,0,N/A,-1.0,0.0,0.0,0.0,0.0,N/A,N/A,A process in the process pool was terminated abruptly while the future was running or pending.,-1.0,-1.0,1.0,-1,,,0
2026-08-03T13:42:29,2026-08-03,SNA,ERROR,0,N/A,N/A,0,0.0,0.0,0.0,0.0,0.0,0.0,0.0,2026-08-03,0.0,0.0,0.0,0.0,0.0,0.0,0.0,0.0,0,N/A,-1.0,0.0,0.0,0.0,0.0,N/A,N/A,A process in the process pool was terminated abruptly while the future was running or pending.,-1.0,-1.0,1.0,-1,,,0
2026-08-03T13:42:29,2026-08-03,SNDK,ERROR,0,N/A,N/A,0,0.0,0.0,0.0,0.0,0.0,0.0,0.0,2026-08-03,0.0,0.0,0.0,0.0,0.0,0.0,0.0,0.0,0,N/A,-1.0,0.0,0.0,0.0,0.0,N/A,N/A,A process in the process pool was terminated abruptly while the future was running or pending.,-1.0,-1.0,1.0,-1,,,0
2026-08-03T13:42:29,2026-08-03,SNPS,ERROR,0,N/A,N/A,0,0.0,0.0,0.0,0.0,0.0,0.0,0.0,2026-08-03,0.0,0.0,0.0,0.0,0.0,0.0,0.0,0.0,0,N/A,-1.0,0.0,0.0,0.0,0.0,N/A,N/A,A process in the process pool was terminated abruptly while the future was running or pending.,-1.0,-1.0,1.0,-1,,,0
2026-08-03T13:42:29,2026-08-03,SO,ERROR,0,N/A,N/A,0,0.0,0.0,0.0,0.0,0.0,0.0,0.0,2026-08-03,0.0,0.0,0.0,0.0,0.0,0.0,0.0,0.0,0,N/A,-1.0,0.0,0.0,0.0,0.0,N/A,N/A,A process in the process pool was terminated abruptly while the future was running or pending.,-1.0,-1.0,1.0,-1,,,0
2026-08-03T13:42:29,2026-08-03,SOLV,ERROR,0,N/A,N/A,0,0.0,0.0,0.0,0.0,0.0,0.0,0.0,2026-08-03,0.0,0.0,0.0,0.0,0.0,0.0,0.0,0.0,0,N/A,-1.0,0.0,0.0,0.0,0.0,N/A,N/A,A process in the process pool was terminated abruptly while the future was running or pending.,-1.0,-1.0,1.0,-1,,,0
2026-08-03T13:42:29,2026-08-03,SPG,ERROR,0,N/A,N/A,0,0.0,0.0,0.0,0.0,0.0,0.0,0.0,2026-08-03,0.0,0.0,0.0,0.0,0.0,0.0,0.0,0.0,0,N/A,-1.0,0.0,0.0,0.0,0.0,N/A,N/A,A process in the process pool was terminated abruptly while the future was running or pending.,-1.0,-1.0,1.0,-1,,,0
2026-08-03T13:42:29,2026-08-03,SPGI,ERROR,0,N/A,N/A,0,0.0,0.0,0.0,0.0,0.0,0.0,0.0,2026-08-03,0.0,0.0,0.0,0.0,0.0,0.0,0.0,0.0,0,N/A,-1.0,0.0,0.0,0.0,0.0,N/A,N/A,A process in the process pool was terminated abruptly while the future was running or pending.,-1.0,-1.0,1.0,-1,,,0
2026-08-03T13:42:29,2026-08-03,SRE,ERROR,0,N/A,N/A,0,0.0,0.0,0.0,0.0,0.0,0.0,0.0,2026-08-03,0.0,0.0,0.0,0.0,0.0,0.0,0.0,0.0,0,N/A,-1.0,0.0,0.0,0.0,0.0,N/A,N/A,A process in the process pool was terminated abruptly while the future was running or pending.,-1.0,-1.0,1.0,-1,,,0
2026-08-03T13:42:29,2026-08-03,STE,ERROR,0,N/A,N/A,0,0.0,0.0,0.0,0.0,0.0,0.0,0.0,2026-08-03,0.0,0.0,0.0,0.0,0.0,0.0,0.0,0.0,0,N/A,-1.0,0.0,0.0,0.0,0.0,N/A,N/A,A process in the process pool was terminated abruptly while the future was running or pending.,-1.0,-1.0,1.0,-1,,,0
2026-08-03T13:42:29,2026-08-03,STLD,ERROR,0,N/A,N/A,0,0.0,0.0,0.0,0.0,0.0,0.0,0.0,2026-08-03,0.0,0.0,0.0,0.0,0.0,0.0,0.0,0.0,0,N/A,-1.0,0.0,0.0,0.0,0.0,N/A,N/A,A process in the process pool was terminated abruptly while the future was running or pending.,-1.0,-1.0,1.0,-1,,,0
2026-08-03T13:42:29,2026-08-03,STT,ERROR,0,N/A,N/A,0,0.0,0.0,0.0,0.0,0.0,0.0,0.0,2026-08-03,0.0,0.0,0.0,0.0,0.0,0.0,0.0,0.0,0,N/A,-1.0,0.0,0.0,0.0,0.0,N/A,N/A,A process in the process pool was terminated abruptly while the future was running or pending.,-1.0,-1.0,1.0,-1,,,0
2026-08-03T13:42:29,2026-08-03,STX,ERROR,0,N/A,N/A,0,0.0,0.0,0.0,0.0,0.0,0.0,0.0,2026-08-03,0.0,0.0,0.0,0.0,0.0,0.0,0.0,0.0,0,N/A,-1.0,0.0,0.0,0.0,0.0,N/A,N/A,A process in the process pool was terminated abruptly while the future was running or pending.,-1.0,-1.0,1.0,-1,,,0
2026-08-03T13:42:29,2026-08-03,STZ,ERROR,0,N/A,N/A,0,0.0,0.0,0.0,0.0,0.0,0.0,0.0,2026-08-03,0.0,0.0,0.0,0.0,0.0,0.0,0.0,0.0,0,N/A,-1.0,0.0,0.0,0.0,0.0,N/A,N/A,A process in the process pool was terminated abruptly while the future was running or pending.,-1.0,-1.0,1.0,-1,,,0
2026-08-03T13:42:29,2026-08-03,SW,ERROR,0,N/A,N/A,0,0.0,0.0,0.0,0.0,0.0,0.0,0.0,2026-08-03,0.0,0.0,0.0,0.0,0.0,0.0,0.0,0.0,0,N/A,-1.0,0.0,0.0,0.0,0.0,N/A,N/A,A process in the process pool was terminated abruptly while the future was running or pending.,-1.0,-1.0,1.0,-1,,,0
2026-08-03T13:42:29,2026-08-03,SWK,ERROR,0,N/A,N/A,0,0.0,0.0,0.0,0.0,0.0,0.0,0.0,2026-08-03,0.0,0.0,0.0,0.0,0.0,0.0,0.0,0.0,0,N/A,-1.0,0.0,0.0,0.0,0.0,N/A,N/A,A process in the process pool was terminated abruptly while the future was running or pending.,-1.0,-1.0,1.0,-1,,,0
2026-08-03T13:42:29,2026-08-03,SWKS,ERROR,0,N/A,N/A,0,0.0,0.0,0.0,0.0,0.0,0.0,0.0,2026-08-03,0.0,0.0,0.0,0.0,0.0,0.0,0.0,0.0,0,N/A,-1.0,0.0,0.0,0.0,0.0,N/A,N/A,A process in the process pool was terminated abruptly while the future was running or pending.,-1.0,-1.0,1.0,-1,,,0
2026-08-03T13:42:29,2026-08-03,SYF,ERROR,0,N/A,N/A,0,0.0,0.0,0.0,0.0,0.0,0.0,0.0,2026-08-03,0.0,0.0,0.0,0.0,0.0,0.0,0.0,0.0,0,N/A,-1.0,0.0,0.0,0.0,0.0,N/A,N/A,A process in the process pool was terminated abruptly while the future was running or pending.,-1.0,-1.0,1.0,-1,,,0
2026-08-03T13:42:29,2026-08-03,SYK,ERROR,0,N/A,N/A,0,0.0,0.0,0.0,0.0,0.0,0.0,0.0,2026-08-03,0.0,0.0,0.0,0.0,0.0,0.0,0.0,0.0,0,N/A,-1.0,0.0,0.0,0.0,0.0,N/A,N/A,A process in the process pool was terminated abruptly while the future was running or pending.,-1.0,-1.0,1.0,-1,,,0
2026-08-03T13:42:29,2026-08-03,SYY,ERROR,0,N/A,N/A,0,0.0,0.0,0.0,0.0,0.0,0.0,0.0,2026-08-03,0.0,0.0,0.0,0.0,0.0,0.0,0.0,0.0,0,N/A,-1.0,0.0,0.0,0.0,0.0,N/A,N/A,A process in the process pool was terminated abruptly while the future was running or pending.,-1.0,-1.0,1.0,-1,,,0
2026-08-03T13:42:29,2026-08-03,T,ERROR,0,N/A,N/A,0,0.0,0.0,0.0,0.0,0.0,0.0,0.0,2026-08-03,0.0,0.0,0.0,0.0,0.0,0.0,0.0,0.0,0,N/A,-1.0,0.0,0.0,0.0,0.0,N/A,N/A,A process in the process pool was terminated abruptly while the future was running or pending.,-1.0,-1.0,1.0,-1,,,0
2026-08-03T13:42:29,2026-08-03,TAP,ERROR,0,N/A,N/A,0,0.0,0.0,0.0,0.0,0.0,0.0,0.0,2026-08-03,0.0,0.0,0.0,0.0,0.0,0.0,0.0,0.0,0,N/A,-1.0,0.0,0.0,0.0,0.0,N/A,N/A,A process in the process pool was terminated abruptly while the future was running or pending.,-1.0,-1.0,1.0,-1,,,0
2026-08-03T13:42:29,2026-08-03,TDG,ERROR,0,N/A,N/A,0,0.0,0.0,0.0,0.0,0.0,0.0,0.0,2026-08-03,0.0,0.0,0.0,0.0,0.0,0.0,0.0,0.0,0,N/A,-1.0,0.0,0.0,0.0,0.0,N/A,N/A,A process in the process pool was terminated abruptly while the future was running or pending.,-1.0,-1.0,1.0,-1,,,0
2026-08-03T13:42:29,2026-08-03,TDY,ERROR,0,N/A,N/A,0,0.0,0.0,0.0,0.0,0.0,0.0,0.0,2026-08-03,0.0,0.0,0.0,0.0,0.0,0.0,0.0,0.0,0,N/A,-1.0,0.0,0.0,0.0,0.0,N/A,N/A,A process in the process pool was terminated abruptly while the future was running or pending.,-1.0,-1.0,1.0,-1,,,0
2026-08-03T13:42:29,2026-08-03,TECH,ERROR,0,N/A,N/A,0,0.0,0.0,0.0,0.0,0.0,0.0,0.0,2026-08-03,0.0,0.0,0.0,0.0,0.0,0.0,0.0,0.0,0,N/A,-1.0,0.0,0.0,0.0,0.0,N/A,N/A,A process in the process pool was terminated abruptly while the future was running or pending.,-1.0,-1.0,1.0,-1,,,0
2026-08-03T13:42:29,2026-08-03,TEL,ERROR,0,N/A,N/A,0,0.0,0.0,0.0,0.0,0.0,0.0,0.0,2026-08-03,0.0,0.0,0.0,0.0,0.0,0.0,0.0,0.0,0,N/A,-1.0,0.0,0.0,0.0,0.0,N/A,N/A,A process in the process pool was terminated abruptly while the future was running or pending.,-1.0,-1.0,1.0,-1,,,0
2026-08-03T13:42:29,2026-08-03,TER,ERROR,0,N/A,N/A,0,0.0,0.0,0.0,0.0,0.0,0.0,0.0,2026-08-03,0.0,0.0,0.0,0.0,0.0,0.0,0.0,0.0,0,N/A,-1.0,0.0,0.0,0.0,0.0,N/A,N/A,A process in the process pool was terminated abruptly while the future was running or pending.,-1.0,-1.0,1.0,-1,,,0
2026-08-03T13:42:29,2026-08-03,TFC,ERROR,0,N/A,N/A,0,0.0,0.0,0.0,0.0,0.0,0.0,0.0,2026-08-03,0.0,0.0,0.0,0.0,0.0,0.0,0.0,0.0,0,N/A,-1.0,0.0,0.0,0.0,0.0,N/A,N/A,A process in the process pool was terminated abruptly while the future was running or pending.,-1.0,-1.0,1.0,-1,,,0
2026-08-03T13:42:29,2026-08-03,TGT,ERROR,0,N/A,N/A,0,0.0,0.0,0.0,0.0,0.0,0.0,0.0,2026-08-03,0.0,0.0,0.0,0.0,0.0,0.0,0.0,0.0,0,N/A,-1.0,0.0,0.0,0.0,0.0,N/A,N/A,A process in the process pool was terminated abruptly while the future was running or pending.,-1.0,-1.0,1.0,-1,,,0
2026-08-03T13:42:29,2026-08-03,TJX,ERROR,0,N/A,N/A,0,0.0,0.0,0.0,0.0,0.0,0.0,0.0,2026-08-03,0.0,0.0,0.0,0.0,0.0,0.0,0.0,0.0,0,N/A,-1.0,0.0,0.0,0.0,0.0,N/A,N/A,A process in the process pool was terminated abruptly while the future was running or pending.,-1.0,-1.0,1.0,-1,,,0
2026-08-03T13:42:29,2026-08-03,TKO,ERROR,0,N/A,N/A,0,0.0,0.0,0.0,0.0,0.0,0.0,0.0,2026-08-03,0.0,0.0,0.0,0.0,0.0,0.0,0.0,0.0,0,N/A,-1.0,0.0,0.0,0.0,0.0,N/A,N/A,A process in the process pool was terminated abruptly while the future was running or pending.,-1.0,-1.0,1.0,-1,,,0
2026-08-03T13:42:29,2026-08-03,TMO,ERROR,0,N/A,N/A,0,0.0,0.0,0.0,0.0,0.0,0.0,0.0,2026-08-03,0.0,0.0,0.0,0.0,0.0,0.0,0.0,0.0,0,N/A,-1.0,0.0,0.0,0.0,0.0,N/A,N/A,A process in the process pool was terminated abruptly while the future was running or pending.,-1.0,-1.0,1.0,-1,,,0
2026-08-03T13:42:29,2026-08-03,TMUS,ERROR,0,N/A,N/A,0,0.0,0.0,0.0,0.0,0.0,0.0,0.0,2026-08-03,0.0,0.0,0.0,0.0,0.0,0.0,0.0,0.0,0,N/A,-1.0,0.0,0.0,0.0,0.0,N/A,N/A,A process in the process pool was terminated abruptly while the future was running or pending.,-1.0,-1.0,1.0,-1,,,0
2026-08-03T13:42:29,2026-08-03,TPL,ERROR,0,N/A,N/A,0,0.0,0.0,0.0,0.0,0.0,0.0,0.0,2026-08-03,0.0,0.0,0.0,0.0,0.0,0.0,0.0,0.0,0,N/A,-1.0,0.0,0.0,0.0,0.0,N/A,N/A,A process in the process pool was terminated abruptly while the future was running or pending.,-1.0,-1.0,1.0,-1,,,0
2026-08-03T13:42:29,2026-08-03,TPR,ERROR,0,N/A,N/A,0,0.0,0.0,0.0,0.0,0.0,0.0,0.0,2026-08-03,0.0,0.0,0.0,0.0,0.0,0.0,0.0,0.0,0,N/A,-1.0,0.0,0.0,0.0,0.0,N/A,N/A,A process in the process pool was terminated abruptly while the future was running or pending.,-1.0,-1.0,1.0,-1,,,0
2026-08-03T13:42:29,2026-08-03,TRGP,ERROR,0,N/A,N/A,0,0.0,0.0,0.0,0.0,0.0,0.0,0.0,2026-08-03,0.0,0.0,0.0,0.0,0.0,0.0,0.0,0.0,0,N/A,-1.0,0.0,0.0,0.0,0.0,N/A,N/A,A process in the process pool was terminated abruptly while the future was running or pending.,-1.0,-1.0,1.0,-1,,,0
2026-08-03T13:42:29,2026-08-03,TRMB,ERROR,0,N/A,N/A,0,0.0,0.0,0.0,0.0,0.0,0.0,0.0,2026-08-03,0.0,0.0,0.0,0.0,0.0,0.0,0.0,0.0,0,N/A,-1.0,0.0,0.0,0.0,0.0,N/A,N/A,A process in the process pool was terminated abruptly while the future was running or pending.,-1.0,-1.0,1.0,-1,,,0
2026-08-03T13:42:29,2026-08-03,TROW,ERROR,0,N/A,N/A,0,0.0,0.0,0.0,0.0,0.0,0.0,0.0,2026-08-03,0.0,0.0,0.0,0.0,0.0,0.0,0.0,0.0,0,N/A,-1.0,0.0,0.0,0.0,0.0,N/A,N/A,A process in the process pool was terminated abruptly while the future was running or pending.,-1.0,-1.0,1.0,-1,,,0
2026-08-03T13:42:29,2026-08-03,TRV,ERROR,0,N/A,N/A,0,0.0,0.0,0.0,0.0,0.0,0.0,0.0,2026-08-03,0.0,0.0,0.0,0.0,0.0,0.0,0.0,0.0,0,N/A,-1.0,0.0,0.0,0.0,0.0,N/A,N/A,A process in the process pool was terminated abruptly while the future was running or pending.,-1.0,-1.0,1.0,-1,,,0
2026-08-03T13:42:29,2026-08-03,TSCO,ERROR,0,N/A,N/A,0,0.0,0.0,0.0,0.0,0.0,0.0,0.0,2026-08-03,0.0,0.0,0.0,0.0,0.0,0.0,0.0,0.0,0,N/A,-1.0,0.0,0.0,0.0,0.0,N/A,N/A,A process in the process pool was terminated abruptly while the future was running or pending.,-1.0,-1.0,1.0,-1,,,0
2026-08-03T13:42:29,2026-08-03,TSLA,ERROR,0,N/A,N/A,0,0.0,0.0,0.0,0.0,0.0,0.0,0.0,2026-08-03,0.0,0.0,0.0,0.0,0.0,0.0,0.0,0.0,0,N/A,-1.0,0.0,0.0,0.0,0.0,N/A,N/A,A process in the process pool was terminated abruptly while the future was running or pending.,-1.0,-1.0,1.0,-1,,,0
2026-08-03T13:42:29,2026-08-03,TSN,ERROR,0,N/A,N/A,0,0.0,0.0,0.0,0.0,0.0,0.0,0.0,2026-08-03,0.0,0.0,0.0,0.0,0.0,0.0,0.0,0.0,0,N/A,-1.0,0.0,0.0,0.0,0.0,N/A,N/A,A process in the process pool was terminated abruptly while the future was running or pending.,-1.0,-1.0,1.0,-1,,,0
2026-08-03T13:42:29,2026-08-03,TT,ERROR,0,N/A,N/A,0,0.0,0.0,0.0,0.0,0.0,0.0,0.0,2026-08-03,0.0,0.0,0.0,0.0,0.0,0.0,0.0,0.0,0,N/A,-1.0,0.0,0.0,0.0,0.0,N/A,N/A,A process in the process pool was terminated abruptly while the future was running or pending.,-1.0,-1.0,1.0,-1,,,0
2026-08-03T13:42:29,2026-08-03,TTD,ERROR,0,N/A,N/A,0,0.0,0.0,0.0,0.0,0.0,0.0,0.0,2026-08-03,0.0,0.0,0.0,0.0,0.0,0.0,0.0,0.0,0,N/A,-1.0,0.0,0.0,0.0,0.0,N/A,N/A,A process in the process pool was terminated abruptly while the future was running or pending.,-1.0,-1.0,1.0,-1,,,0
2026-08-03T13:42:29,2026-08-03,TTWO,ERROR,0,N/A,N/A,0,0.0,0.0,0.0,0.0,0.0,0.0,0.0,2026-08-03,0.0,0.0,0.0,0.0,0.0,0.0,0.0,0.0,0,N/A,-1.0,0.0,0.0,0.0,0.0,N/A,N/A,A process in the process pool was terminated abruptly while the future was running or pending.,-1.0,-1.0,1.0,-1,,,0
2026-08-03T13:42:29,2026-08-03,TXN,ERROR,0,N/A,N/A,0,0.0,0.0,0.0,0.0,0.0,0.0,0.0,2026-08-03,0.0,0.0,0.0,0.0,0.0,0.0,0.0,0.0,0,N/A,-1.0,0.0,0.0,0.0,0.0,N/A,N/A,A process in the process pool was terminated abruptly while the future was running or pending.,-1.0,-1.0,1.0,-1,,,0
2026-08-03T13:42:29,2026-08-03,TXT,ERROR,0,N/A,N/A,0,0.0,0.0,0.0,0.0,0.0,0.0,0.0,2026-08-03,0.0,0.0,0.0,0.0,0.0,0.0,0.0,0.0,0,N/A,-1.0,0.0,0.0,0.0,0.0,N/A,N/A,A process in the process pool was terminated abruptly while the future was running or pending.,-1.0,-1.0,1.0,-1,,,0
2026-08-03T13:42:29,2026-08-03,TYL,ERROR,0,N/A,N/A,0,0.0,0.0,0.0,0.0,0.0,0.0,0.0,2026-08-03,0.0,0.0,0.0,0.0,0.0,0.0,0.0,0.0,0,N/A,-1.0,0.0,0.0,0.0,0.0,N/A,N/A,A process in the process pool was terminated abruptly while the future was running or pending.,-1.0,-1.0,1.0,-1,,,0
2026-08-03T13:42:29,2026-08-03,UAL,ERROR,0,N/A,N/A,0,0.0,0.0,0.0,0.0,0.0,0.0,0.0,2026-08-03,0.0,0.0,0.0,0.0,0.0,0.0,0.0,0.0,0,N/A,-1.0,0.0,0.0,0.0,0.0,N/A,N/A,A process in the process pool was terminated abruptly while the future was running or pending.,-1.0,-1.0,1.0,-1,,,0
2026-08-03T13:42:29,2026-08-03,UBER,ERROR,0,N/A,N/A,0,0.0,0.0,0.0,0.0,0.0,0.0,0.0,2026-08-03,0.0,0.0,0.0,0.0,0.0,0.0,0.0,0.0,0,N/A,-1.0,0.0,0.0,0.0,0.0,N/A,N/A,A process in the process pool was terminated abruptly while the future was running or pending.,-1.0,-1.0,1.0,-1,,,0
2026-08-03T13:42:29,2026-08-03,UDR,ERROR,0,N/A,N/A,0,0.0,0.0,0.0,0.0,0.0,0.0,0.0,2026-08-03,0.0,0.0,0.0,0.0,0.0,0.0,0.0,0.0,0,N/A,-1.0,0.0,0.0,0.0,0.0,N/A,N/A,A process in the process pool was terminated abruptly while the future was running or pending.,-1.0,-1.0,1.0,-1,,,0
2026-08-03T13:42:29,2026-08-03,UHS,ERROR,0,N/A,N/A,0,0.0,0.0,0.0,0.0,0.0,0.0,0.0,2026-08-03,0.0,0.0,0.0,0.0,0.0,0.0,0.0,0.0,0,N/A,-1.0,0.0,0.0,0.0,0.0,N/A,N/A,A process in the process pool was terminated abruptly while the future was running or pending.,-1.0,-1.0,1.0,-1,,,0
2026-08-03T13:42:29,2026-08-03,ULTA,ERROR,0,N/A,N/A,0,0.0,0.0,0.0,0.0,0.0,0.0,0.0,2026-08-03,0.0,0.0,0.0,0.0,0.0,0.0,0.0,0.0,0,N/A,-1.0,0.0,0.0,0.0,0.0,N/A,N/A,A process in the process pool was terminated abruptly while the future was running or pending.,-1.0,-1.0,1.0,-1,,,0
2026-08-03T13:42:29,2026-08-03,UNH,ERROR,0,N/A,N/A,0,0.0,0.0,0.0,0.0,0.0,0.0,0.0,2026-08-03,0.0,0.0,0.0,0.0,0.0,0.0,0.0,0.0,0,N/A,-1.0,0.0,0.0,0.0,0.0,N/A,N/A,A process in the process pool was terminated abruptly while the future was running or pending.,-1.0,-1.0,1.0,-1,,,0
2026-08-03T13:42:29,2026-08-03,UNP,ERROR,0,N/A,N/A,0,0.0,0.0,0.0,0.0,0.0,0.0,0.0,2026-08-03,0.0,0.0,0.0,0.0,0.0,0.0,0.0,0.0,0,N/A,-1.0,0.0,0.0,0.0,0.0,N/A,N/A,A process in the process pool was terminated abruptly while the future was running or pending.,-1.0,-1.0,1.0,-1,,,0
2026-08-03T13:42:29,2026-08-03,UPS,ERROR,0,N/A,N/A,0,0.0,0.0,0.0,0.0,0.0,0.0,0.0,2026-08-03,0.0,0.0,0.0,0.0,0.0,0.0,0.0,0.0,0,N/A,-1.0,0.0,0.0,0.0,0.0,N/A,N/A,A process in the process pool was terminated abruptly while the future was running or pending.,-1.0,-1.0,1.0,-1,,,0
2026-08-03T13:42:29,2026-08-03,URI,ERROR,0,N/A,N/A,0,0.0,0.0,0.0,0.0,0.0,0.0,0.0,2026-08-03,0.0,0.0,0.0,0.0,0.0,0.0,0.0,0.0,0,N/A,-1.0,0.0,0.0,0.0,0.0,N/A,N/A,A process in the process pool was terminated abruptly while the future was running or pending.,-1.0,-1.0,1.0,-1,,,0
2026-08-03T13:42:29,2026-08-03,USB,ERROR,0,N/A,N/A,0,0.0,0.0,0.0,0.0,0.0,0.0,0.0,2026-08-03,0.0,0.0,0.0,0.0,0.0,0.0,0.0,0.0,0,N/A,-1.0,0.0,0.0,0.0,0.0,N/A,N/A,A process in the process pool was terminated abruptly while the future was running or pending.,-1.0,-1.0,1.0,-1,,,0
2026-08-03T13:42:29,2026-08-03,V,ERROR,0,N/A,N/A,0,0.0,0.0,0.0,0.0,0.0,0.0,0.0,2026-08-03,0.0,0.0,0.0,0.0,0.0,0.0,0.0,0.0,0,N/A,-1.0,0.0,0.0,0.0,0.0,N/A,N/A,A process in the process pool was terminated abruptly while the future was running or pending.,-1.0,-1.0,1.0,-1,,,0
2026-08-03T13:42:29,2026-08-03,VEEV,ERROR,0,N/A,N/A,0,0.0,0.0,0.0,0.0,0.0,0.0,0.0,2026-08-03,0.0,0.0,0.0,0.0,0.0,0.0,0.0,0.0,0,N/A,-1.0,0.0,0.0,0.0,0.0,N/A,N/A,A process in the process pool was terminated abruptly while the future was running or pending.,-1.0,-1.0,1.0,-1,,,0
2026-08-03T13:42:29,2026-08-03,VICI,ERROR,0,N/A,N/A,0,0.0,0.0,0.0,0.0,0.0,0.0,0.0,2026-08-03,0.0,0.0,0.0,0.0,0.0,0.0,0.0,0.0,0,N/A,-1.0,0.0,0.0,0.0,0.0,N/A,N/A,A process in the process pool was terminated abruptly while the future was running or pending.,-1.0,-1.0,1.0,-1,,,0
2026-08-03T13:42:29,2026-08-03,VLO,ERROR,0,N/A,N/A,0,0.0,0.0,0.0,0.0,0.0,0.0,0.0,2026-08-03,0.0,0.0,0.0,0.0,0.0,0.0,0.0,0.0,0,N/A,-1.0,0.0,0.0,0.0,0.0,N/A,N/A,A process in the process pool was terminated abruptly while the future was running or pending.,-1.0,-1.0,1.0,-1,,,0
2026-08-03T13:42:29,2026-08-03,VLTO,ERROR,0,N/A,N/A,0,0.0,0.0,0.0,0.0,0.0,0.0,0.0,2026-08-03,0.0,0.0,0.0,0.0,0.0,0.0,0.0,0.0,0,N/A,-1.0,0.0,0.0,0.0,0.0,N/A,N/A,A process in the process pool was terminated abruptly while the future was running or pending.,-1.0,-1.0,1.0,-1,,,0
2026-08-03T13:42:29,2026-08-03,VMC,ERROR,0,N/A,N/A,0,0.0,0.0,0.0,0.0,0.0,0.0,0.0,2026-08-03,0.0,0.0,0.0,0.0,0.0,0.0,0.0,0.0,0,N/A,-1.0,0.0,0.0,0.0,0.0,N/A,N/A,A process in the process pool was terminated abruptly while the future was running or pending.,-1.0,-1.0,1.0,-1,,,0
2026-08-03T13:42:29,2026-08-03,VRSK,ERROR,0,N/A,N/A,0,0.0,0.0,0.0,0.0,0.0,0.0,0.0,2026-08-03,0.0,0.0,0.0,0.0,0.0,0.0,0.0,0.0,0,N/A,-1.0,0.0,0.0,0.0,0.0,N/A,N/A,A process in the process pool was terminated abruptly while the future was running or pending.,-1.0,-1.0,1.0,-1,,,0
2026-08-03T13:42:29,2026-08-03,VRSN,ERROR,0,N/A,N/A,0,0.0,0.0,0.0,0.0,0.0,0.0,0.0,2026-08-03,0.0,0.0,0.0,0.0,0.0,0.0,0.0,0.0,0,N/A,-1.0,0.0,0.0,0.0,0.0,N/A,N/A,A process in the process pool was terminated abruptly while the future was running or pending.,-1.0,-1.0,1.0,-1,,,0
2026-08-03T13:42:29,2026-08-03,VRT,ERROR,0,N/A,N/A,0,0.0,0.0,0.0,0.0,0.0,0.0,0.0,2026-08-03,0.0,0.0,0.0,0.0,0.0,0.0,0.0,0.0,0,N/A,-1.0,0.0,0.0,0.0,0.0,N/A,N/A,A process in the process pool was terminated abruptly while the future was running or pending.,-1.0,-1.0,1.0,-1,,,0
2026-08-03T13:42:29,2026-08-03,VRTX,ERROR,0,N/A,N/A,0,0.0,0.0,0.0,0.0,0.0,0.0,0.0,2026-08-03,0.0,0.0,0.0,0.0,0.0,0.0,0.0,0.0,0,N/A,-1.0,0.0,0.0,0.0,0.0,N/A,N/A,A process in the process pool was terminated abruptly while the future was running or pending.,-1.0,-1.0,1.0,-1,,,0
2026-08-03T13:42:29,2026-08-03,VST,ERROR,0,N/A,N/A,0,0.0,0.0,0.0,0.0,0.0,0.0,0.0,2026-08-03,0.0,0.0,0.0,0.0,0.0,0.0,0.0,0.0,0,N/A,-1.0,0.0,0.0,0.0,0.0,N/A,N/A,A process in the process pool was terminated abruptly while the future was running or pending.,-1.0,-1.0,1.0,-1,,,0
2026-08-03T13:42:29,2026-08-03,VTR,ERROR,0,N/A,N/A,0,0.0,0.0,0.0,0.0,0.0,0.0,0.0,2026-08-03,0.0,0.0,0.0,0.0,0.0,0.0,0.0,0.0,0,N/A,-1.0,0.0,0.0,0.0,0.0,N/A,N/A,A process in the process pool was terminated abruptly while the future was running or pending.,-1.0,-1.0,1.0,-1,,,0
2026-08-03T13:42:29,2026-08-03,VTRS,ERROR,0,N/A,N/A,0,0.0,0.0,0.0,0.0,0.0,0.0,0.0,2026-08-03,0.0,0.0,0.0,0.0,0.0,0.0,0.0,0.0,0,N/A,-1.0,0.0,0.0,0.0,0.0,N/A,N/A,A process in the process pool was terminated abruptly while the future was running or pending.,-1.0,-1.0,1.0,-1,,,0
2026-08-03T13:42:29,2026-08-03,VZ,ERROR,0,N/A,N/A,0,0.0,0.0,0.0,0.0,0.0,0.0,0.0,2026-08-03,0.0,0.0,0.0,0.0,0.0,0.0,0.0,0.0,0,N/A,-1.0,0.0,0.0,0.0,0.0,N/A,N/A,A process in the process pool was terminated abruptly while the future was running or pending.,-1.0,-1.0,1.0,-1,,,0
2026-08-03T13:42:29,2026-08-03,WAB,ERROR,0,N/A,N/A,0,0.0,0.0,0.0,0.0,0.0,0.0,0.0,2026-08-03,0.0,0.0,0.0,0.0,0.0,0.0,0.0,0.0,0,N/A,-1.0,0.0,0.0,0.0,0.0,N/A,N/A,A process in the process pool was terminated abruptly while the future was running or pending.,-1.0,-1.0,1.0,-1,,,0
2026-08-03T13:42:29,2026-08-03,WAT,ERROR,0,N/A,N/A,0,0.0,0.0,0.0,0.0,0.0,0.0,0.0,2026-08-03,0.0,0.0,0.0,0.0,0.0,0.0,0.0,0.0,0,N/A,-1.0,0.0,0.0,0.0,0.0,N/A,N/A,A process in the process pool was terminated abruptly while the future was running or pending.,-1.0,-1.0,1.0,-1,,,0
2026-08-03T13:42:29,2026-08-03,WBD,ERROR,0,N/A,N/A,0,0.0,0.0,0.0,0.0,0.0,0.0,0.0,2026-08-03,0.0,0.0,0.0,0.0,0.0,0.0,0.0,0.0,0,N/A,-1.0,0.0,0.0,0.0,0.0,N/A,N/A,A process in the process pool was terminated abruptly while the future was running or pending.,-1.0,-1.0,1.0,-1,,,0
2026-08-03T13:42:29,2026-08-03,WDAY,ERROR,0,N/A,N/A,0,0.0,0.0,0.0,0.0,0.0,0.0,0.0,2026-08-03,0.0,0.0,0.0,0.0,0.0,0.0,0.0,0.0,0,N/A,-1.0,0.0,0.0,0.0,0.0,N/A,N/A,A process in the process pool was terminated abruptly while the future was running or pending.,-1.0,-1.0,1.0,-1,,,0
2026-08-03T13:42:29,2026-08-03,WDC,ERROR,0,N/A,N/A,0,0.0,0.0,0.0,0.0,0.0,0.0,0.0,2026-08-03,0.0,0.0,0.0,0.0,0.0,0.0,0.0,0.0,0,N/A,-1.0,0.0,0.0,0.0,0.0,N/A,N/A,A process in the process pool was terminated abruptly while the future was running or pending.,-1.0,-1.0,1.0,-1,,,0
2026-08-03T13:42:29,2026-08-03,WEC,ERROR,0,N/A,N/A,0,0.0,0.0,0.0,0.0,0.0,0.0,0.0,2026-08-03,0.0,0.0,0.0,0.0,0.0,0.0,0.0,0.0,0,N/A,-1.0,0.0,0.0,0.0,0.0,N/A,N/A,A process in the process pool was terminated abruptly while the future was running or pending.,-1.0,-1.0,1.0,-1,,,0
2026-08-03T13:42:29,2026-08-03,WELL,ERROR,0,N/A,N/A,0,0.0,0.0,0.0,0.0,0.0,0.0,0.0,2026-08-03,0.0,0.0,0.0,0.0,0.0,0.0,0.0,0.0,0,N/A,-1.0,0.0,0.0,0.0,0.0,N/A,N/A,A process in the process pool was terminated abruptly while the future was running or pending.,-1.0,-1.0,1.0,-1,,,0
2026-08-03T13:42:29,2026-08-03,WFC,ERROR,0,N/A,N/A,0,0.0,0.0,0.0,0.0,0.0,0.0,0.0,2026-08-03,0.0,0.0,0.0,0.0,0.0,0.0,0.0,0.0,0,N/A,-1.0,0.0,0.0,0.0,0.0,N/A,N/A,A process in the process pool was terminated abruptly while the future was running or pending.,-1.0,-1.0,1.0,-1,,,0
2026-08-03T13:42:29,2026-08-03,WM,ERROR,0,N/A,N/A,0,0.0,0.0,0.0,0.0,0.0,0.0,0.0,2026-08-03,0.0,0.0,0.0,0.0,0.0,0.0,0.0,0.0,0,N/A,-1.0,0.0,0.0,0.0,0.0,N/A,N/A,A process in the process pool was terminated abruptly while the future was running or pending.,-1.0,-1.0,1.0,-1,,,0
2026-08-03T13:42:29,2026-08-03,WMB,ERROR,0,N/A,N/A,0,0.0,0.0,0.0,0.0,0.0,0.0,0.0,2026-08-03,0.0,0.0,0.0,0.0,0.0,0.0,0.0,0.0,0,N/A,-1.0,0.0,0.0,0.0,0.0,N/A,N/A,A process in the process pool was terminated abruptly while the future was running or pending.,-1.0,-1.0,1.0,-1,,,0
2026-08-03T13:42:29,2026-08-03,WMT,ERROR,0,N/A,N/A,0,0.0,0.0,0.0,0.0,0.0,0.0,0.0,2026-08-03,0.0,0.0,0.0,0.0,0.0,0.0,0.0,0.0,0,N/A,-1.0,0.0,0.0,0.0,0.0,N/A,N/A,A process in the process pool was terminated abruptly while the future was running or pending.,-1.0,-1.0,1.0,-1,,,0
2026-08-03T13:42:29,2026-08-03,WRB,ERROR,0,N/A,N/A,0,0.0,0.0,0.0,0.0,0.0,0.0,0.0,2026-08-03,0.0,0.0,0.0,0.0,0.0,0.0,0.0,0.0,0,N/A,-1.0,0.0,0.0,0.0,0.0,N/A,N/A,A process in the process pool was terminated abruptly while the future was running or pending.,-1.0,-1.0,1.0,-1,,,0
2026-08-03T13:42:29,2026-08-03,WSM,ERROR,0,N/A,N/A,0,0.0,0.0,0.0,0.0,0.0,0.0,0.0,2026-08-03,0.0,0.0,0.0,0.0,0.0,0.0,0.0,0.0,0,N/A,-1.0,0.0,0.0,0.0,0.0,N/A,N/A,A process in the process pool was terminated abruptly while the future was running or pending.,-1.0,-1.0,1.0,-1,,,0
2026-08-03T13:42:29,2026-08-03,WST,ERROR,0,N/A,N/A,0,0.0,0.0,0.0,0.0,0.0,0.0,0.0,2026-08-03,0.0,0.0,0.0,0.0,0.0,0.0,0.0,0.0,0,N/A,-1.0,0.0,0.0,0.0,0.0,N/A,N/A,A process in the process pool was terminated abruptly while the future was running or pending.,-1.0,-1.0,1.0,-1,,,0
2026-08-03T13:42:29,2026-08-03,WTW,ERROR,0,N/A,N/A,0,0.0,0.0,0.0,0.0,0.0,0.0,0.0,2026-08-03,0.0,0.0,0.0,0.0,0.0,0.0,0.0,0.0,0,N/A,-1.0,0.0,0.0,0.0,0.0,N/A,N/A,A process in the process pool was terminated abruptly while the future was running or pending.,-1.0,-1.0,1.0,-1,,,0
2026-08-03T13:42:29,2026-08-03,WY,ERROR,0,N/A,N/A,0,0.0,0.0,0.0,0.0,0.0,0.0,0.0,2026-08-03,0.0,0.0,0.0,0.0,0.0,0.0,0.0,0.0,0,N/A,-1.0,0.0,0.0,0.0,0.0,N/A,N/A,A process in the process pool was terminated abruptly while the future was running or pending.,-1.0,-1.0,1.0,-1,,,0
2026-08-03T13:42:29,2026-08-03,WYNN,ERROR,0,N/A,N/A,0,0.0,0.0,0.0,0.0,0.0,0.0,0.0,2026-08-03,0.0,0.0,0.0,0.0,0.0,0.0,0.0,0.0,0,N/A,-1.0,0.0,0.0,0.0,0.0,N/A,N/A,A process in the process pool was terminated abruptly while the future was running or pending.,-1.0,-1.0,1.0,-1,,,0
2026-08-03T13:42:29,2026-08-03,XEL,ERROR,0,N/A,N/A,0,0.0,0.0,0.0,0.0,0.0,0.0,0.0,2026-08-03,0.0,0.0,0.0,0.0,0.0,0.0,0.0,0.0,0,N/A,-1.0,0.0,0.0,0.0,0.0,N/A,N/A,A process in the process pool was terminated abruptly while the future was running or pending.,-1.0,-1.0,1.0,-1,,,0
2026-08-03T13:42:29,2026-08-03,XOM,ERROR,0,N/A,N/A,0,0.0,0.0,0.0,0.0,0.0,0.0,0.0,2026-08-03,0.0,0.0,0.0,0.0,0.0,0.0,0.0,0.0,0,N/A,-1.0,0.0,0.0,0.0,0.0,N/A,N/A,A process in the process pool was terminated abruptly while the future was running or pending.,-1.0,-1.0,1.0,-1,,,0
2026-08-03T13:42:29,2026-08-03,XYL,ERROR,0,N/A,N/A,0,0.0,0.0,0.0,0.0,0.0,0.0,0.0,2026-08-03,0.0,0.0,0.0,0.0,0.0,0.0,0.0,0.0,0,N/A,-1.0,0.0,0.0,0.0,0.0,N/A,N/A,A process in the process pool was terminated abruptly while the future was running or pending.,-1.0,-1.0,1.0,-1,,,0
2026-08-03T13:42:29,2026-08-03,XYZ,ERROR,0,N/A,N/A,0,0.0,0.0,0.0,0.0,0.0,0.0,0.0,2026-08-03,0.0,0.0,0.0,0.0,0.0,0.0,0.0,0.0,0,N/A,-1.0,0.0,0.0,0.0,0.0,N/A,N/A,A process in the process pool was terminated abruptly while the future was running or pending.,-1.0,-1.0,1.0,-1,,,0
2026-08-03T13:42:29,2026-08-03,YUM,ERROR,0,N/A,N/A,0,0.0,0.0,0.0,0.0,0.0,0.0,0.0,2026-08-03,0.0,0.0,0.0,0.0,0.0,0.0,0.0,0.0,0,N/A,-1.0,0.0,0.0,0.0,0.0,N/A,N/A,A process in the process pool was terminated abruptly while the future was running or pending.,-1.0,-1.0,1.0,-1,,,0
2026-08-03T13:42:29,2026-08-03,ZBH,ERROR,0,N/A,N/A,0,0.0,0.0,0.0,0.0,0.0,0.0,0.0,2026-08-03,0.0,0.0,0.0,0.0,0.0,0.0,0.0,0.0,0,N/A,-1.0,0.0,0.0,0.0,0.0,N/A,N/A,A process in the process pool was terminated abruptly while the future was running or pending.,-1.0,-1.0,1.0,-1,,,0
2026-08-03T13:42:29,2026-08-03,ZBRA,ERROR,0,N/A,N/A,0,0.0,0.0,0.0,0.0,0.0,0.0,0.0,2026-08-03,0.0,0.0,0.0,0.0,0.0,0.0,0.0,0.0,0,N/A,-1.0,0.0,0.0,0.0,0.0,N/A,N/A,A process in the process pool was terminated abruptly while the future was running or pending.,-1.0,-1.0,1.0,-1,,,0
2026-08-03T13:42:29,2026-08-03,ZTS,ERROR,0,N/A,N/A,0,0.0,0.0,0.0,0.0,0.0,0.0,0.0,2026-08-03,0.0,0.0,0.0,0.0,0.0,0.0,0.0,0.0,0,N/A,-1.0,0.0,0.0,0.0,0.0,N/A,N/A,A process in the process pool was terminated abruptly while the future was running or pending.,-1.0,-1.0,1.0,-1,,,0
2026-08-03T13:42:29,2026-08-03,ILMN,ERROR,0,N/A,N/A,0,0.0,0.0,0.0,0.0,0.0,0.0,0.0,2026-08-03,0.0,0.0,0.0,0.0,0.0,0.0,0.0,0.0,0,N/A,-1.0,0.0,0.0,0.0,0.0,N/A,N/A,A process in the process pool was terminated abruptly while the future was running or pending.,-1.0,-1.0,1.0,-1,,,0
2026-08-03T13:42:29,2026-08-03,TWLO,ERROR,0,N/A,N/A,0,0.0,0.0,0.0,0.0,0.0,0.0,0.0,2026-08-03,0.0,0.0,0.0,0.0,0.0,0.0,0.0,0.0,0,N/A,-1.0,0.0,0.0,0.0,0.0,N/A,N/A,A process in the process pool was terminated abruptly while the future was running or pending.,-1.0,-1.0,1.0,-1,,,0
2026-08-03T13:42:29,2026-08-03,FTI,ERROR,0,N/A,N/A,0,0.0,0.0,0.0,0.0,0.0,0.0,0.0,2026-08-03,0.0,0.0,0.0,0.0,0.0,0.0,0.0,0.0,0,N/A,-1.0,0.0,0.0,0.0,0.0,N/A,N/A,A process in the process pool was terminated abruptly while the future was running or pending.,-1.0,-1.0,1.0,-1,,,0
2026-08-03T13:42:29,2026-08-03,UTHR,ERROR,0,N/A,N/A,0,0.0,0.0,0.0,0.0,0.0,0.0,0.0,2026-08-03,0.0,0.0,0.0,0.0,0.0,0.0,0.0,0.0,0,N/A,-1.0,0.0,0.0,0.0,0.0,N/A,N/A,A process in the process pool was terminated abruptly while the future was running or pending.,-1.0,-1.0,1.0,-1,,,0
2026-08-03T13:42:29,2026-08-03,ATI,ERROR,0,N/A,N/A,0,0.0,0.0,0.0,0.0,0.0,0.0,0.0,2026-08-03,0.0,0.0,0.0,0.0,0.0,0.0,0.0,0.0,0,N/A,-1.0,0.0,0.0,0.0,0.0,N/A,N/A,A process in the process pool was terminated abruptly while the future was running or pending.,-1.0,-1.0,1.0,-1,,,0
2026-08-03T13:42:29,2026-08-03,OKTA,ERROR,0,N/A,N/A,0,0.0,0.0,0.0,0.0,0.0,0.0,0.0,2026-08-03,0.0,0.0,0.0,0.0,0.0,0.0,0.0,0.0,0,N/A,-1.0,0.0,0.0,0.0,0.0,N/A,N/A,A process in the process pool was terminated abruptly while the future was running or pending.,-1.0,-1.0,1.0,-1,,,0
2026-08-03T13:42:29,2026-08-03,NVT,ERROR,0,N/A,N/A,0,0.0,0.0,0.0,0.0,0.0,0.0,0.0,2026-08-03,0.0,0.0,0.0,0.0,0.0,0.0,0.0,0.0,0,N/A,-1.0,0.0,0.0,0.0,0.0,N/A,N/A,A process in the process pool was terminated abruptly while the future was running or pending.,-1.0,-1.0,1.0,-1,,,0
2026-08-03T13:42:29,2026-08-03,ROIV,ERROR,0,N/A,N/A,0,0.0,0.0,0.0,0.0,0.0,0.0,0.0,2026-08-03,0.0,0.0,0.0,0.0,0.0,0.0,0.0,0.0,0,N/A,-1.0,0.0,0.0,0.0,0.0,N/A,N/A,A process in the process pool was terminated abruptly while the future was running or pending.,-1.0,-1.0,1.0,-1,,,0
2026-08-03T13:42:29,2026-08-03,XPO,ERROR,0,N/A,N/A,0,0.0,0.0,0.0,0.0,0.0,0.0,0.0,2026-08-03,0.0,0.0,0.0,0.0,0.0,0.0,0.0,0.0,0,N/A,-1.0,0.0,0.0,0.0,0.0,N/A,N/A,A process in the process pool was terminated abruptly while the future was running or pending.,-1.0,-1.0,1.0,-1,,,0
2026-08-03T13:42:29,2026-08-03,BURL,ERROR,0,N/A,N/A,0,0.0,0.0,0.0,0.0,0.0,0.0,0.0,2026-08-03,0.0,0.0,0.0,0.0,0.0,0.0,0.0,0.0,0,N/A,-1.0,0.0,0.0,0.0,0.0,N/A,N/A,A process in the process pool was terminated abruptly while the future was running or pending.,-1.0,-1.0,1.0,-1,,,0
2026-08-03T13:42:29,2026-08-03,USFD,ERROR,0,N/A,N/A,0,0.0,0.0,0.0,0.0,0.0,0.0,0.0,2026-08-03,0.0,0.0,0.0,0.0,0.0,0.0,0.0,0.0,0,N/A,-1.0,0.0,0.0,0.0,0.0,N/A,N/A,A process in the process pool was terminated abruptly while the future was running or pending.,-1.0,-1.0,1.0,-1,,,0
2026-08-03T13:42:29,2026-08-03,ROKU,ERROR,0,N/A,N/A,0,0.0,0.0,0.0,0.0,0.0,0.0,0.0,2026-08-03,0.0,0.0,0.0,0.0,0.0,0.0,0.0,0.0,0,N/A,-1.0,0.0,0.0,0.0,0.0,N/A,N/A,A process in the process pool was terminated abruptly while the future was running or pending.,-1.0,-1.0,1.0,-1,,,0
2026-08-03T13:42:29,2026-08-03,WWD,ERROR,0,N/A,N/A,0,0.0,0.0,0.0,0.0,0.0,0.0,0.0,2026-08-03,0.0,0.0,0.0,0.0,0.0,0.0,0.0,0.0,0,N/A,-1.0,0.0,0.0,0.0,0.0,N/A,N/A,A process in the process pool was terminated abruptly while the future was running or pending.,-1.0,-1.0,1.0,-1,,,0
2026-08-03T13:42:29,2026-08-03,RBA,ERROR,0,N/A,N/A,0,0.0,0.0,0.0,0.0,0.0,0.0,0.0,2026-08-03,0.0,0.0,0.0,0.0,0.0,0.0,0.0,0.0,0,N/A,-1.0,0.0,0.0,0.0,0.0,N/A,N/A,A process in the process pool was terminated abruptly while the future was running or pending.,-1.0,-1.0,1.0,-1,,,0
2026-08-03T13:42:29,2026-08-03,MTZ,ERROR,0,N/A,N/A,0,0.0,0.0,0.0,0.0,0.0,0.0,0.0,2026-08-03,0.0,0.0,0.0,0.0,0.0,0.0,0.0,0.0,0,N/A,-1.0,0.0,0.0,0.0,0.0,N/A,N/A,A process in the process pool was terminated abruptly while the future was running or pending.,-1.0,-1.0,1.0,-1,,,0
2026-08-03T13:42:29,2026-08-03,THC,ERROR,0,N/A,N/A,0,0.0,0.0,0.0,0.0,0.0,0.0,0.0,2026-08-03,0.0,0.0,0.0,0.0,0.0,0.0,0.0,0.0,0,N/A,-1.0,0.0,0.0,0.0,0.0,N/A,N/A,A process in the process pool was terminated abruptly while the future was running or pending.,-1.0,-1.0,1.0,-1,,,0
2026-08-03T13:42:29,2026-08-03,RS,ERROR,0,N/A,N/A,0,0.0,0.0,0.0,0.0,0.0,0.0,0.0,2026-08-03,0.0,0.0,0.0,0.0,0.0,0.0,0.0,0.0,0,N/A,-1.0,0.0,0.0,0.0,0.0,N/A,N/A,A process in the process pool was terminated abruptly while the future was running or pending.,-1.0,-1.0,1.0,-1,,,0
2026-08-03T13:42:29,2026-08-03,MKSI,ERROR,0,N/A,N/A,0,0.0,0.0,0.0,0.0,0.0,0.0,0.0,2026-08-03,0.0,0.0,0.0,0.0,0.0,0.0,0.0,0.0,0,N/A,-1.0,0.0,0.0,0.0,0.0,N/A,N/A,A process in the process pool was terminated abruptly while the future was running or pending.,-1.0,-1.0,1.0,-1,,,0
2026-08-03T13:42:29,2026-08-03,TOST,ERROR,0,N/A,N/A,0,0.0,0.0,0.0,0.0,0.0,0.0,0.0,2026-08-03,0.0,0.0,0.0,0.0,0.0,0.0,0.0,0.0,0,N/A,-1.0,0.0,0.0,0.0,0.0,N/A,N/A,A process in the process pool was terminated abruptly while the future was running or pending.,-1.0,-1.0,1.0,-1,,,0
2026-08-03T13:42:29,2026-08-03,ULS,ERROR,0,N/A,N/A,0,0.0,0.0,0.0,0.0,0.0,0.0,0.0,2026-08-03,0.0,0.0,0.0,0.0,0.0,0.0,0.0,0.0,0,N/A,-1.0,0.0,0.0,0.0,0.0,N/A,N/A,A process in the process pool was terminated abruptly while the future was running or pending.,-1.0,-1.0,1.0,-1,,,0
2026-08-03T13:42:29,2026-08-03,MTSI,ERROR,0,N/A,N/A,0,0.0,0.0,0.0,0.0,0.0,0.0,0.0,2026-08-03,0.0,0.0,0.0,0.0,0.0,0.0,0.0,0.0,0,N/A,-1.0,0.0,0.0,0.0,0.0,N/A,N/A,A process in the process pool was terminated abruptly while the future was running or pending.,-1.0,-1.0,1.0,-1,,,0
2026-08-03T13:42:29,2026-08-03,ENTG,ERROR,0,N/A,N/A,0,0.0,0.0,0.0,0.0,0.0,0.0,0.0,2026-08-03,0.0,0.0,0.0,0.0,0.0,0.0,0.0,0.0,0,N/A,-1.0,0.0,0.0,0.0,0.0,N/A,N/A,A process in the process pool was terminated abruptly while the future was running or pending.,-1.0,-1.0,1.0,-1,,,0
2026-08-03T13:42:29,2026-08-03,EWBC,ERROR,0,N/A,N/A,0,0.0,0.0,0.0,0.0,0.0,0.0,0.0,2026-08-03,0.0,0.0,0.0,0.0,0.0,0.0,0.0,0.0,0,N/A,-1.0,0.0,0.0,0.0,0.0,N/A,N/A,A process in the process pool was terminated abruptly while the future was running or pending.,-1.0,-1.0,1.0,-1,,,0
2026-08-03T13:42:29,2026-08-03,PFGC,ERROR,0,N/A,N/A,0,0.0,0.0,0.0,0.0,0.0,0.0,0.0,2026-08-03,0.0,0.0,0.0,0.0,0.0,0.0,0.0,0.0,0,N/A,-1.0,0.0,0.0,0.0,0.0,N/A,N/A,A process in the process pool was terminated abruptly while the future was running or pending.,-1.0,-1.0,1.0,-1,,,0
2026-08-03T13:42:29,2026-08-03,DKS,ERROR,0,N/A,N/A,0,0.0,0.0,0.0,0.0,0.0,0.0,0.0,2026-08-03,0.0,0.0,0.0,0.0,0.0,0.0,0.0,0.0,0,N/A,-1.0,0.0,0.0,0.0,0.0,N/A,N/A,A process in the process pool was terminated abruptly while the future was running or pending.,-1.0,-1.0,1.0,-1,,,0
2026-08-03T13:42:29,2026-08-03,PR,ERROR,0,N/A,N/A,0,0.0,0.0,0.0,0.0,0.0,0.0,0.0,2026-08-03,0.0,0.0,0.0,0.0,0.0,0.0,0.0,0.0,0,N/A,-1.0,0.0,0.0,0.0,0.0,N/A,N/A,A process in the process pool was terminated abruptly while the future was running or pending.,-1.0,-1.0,1.0,-1,,,0
2026-08-03T13:42:29,2026-08-03,STRL,ERROR,0,N/A,N/A,0,0.0,0.0,0.0,0.0,0.0,0.0,0.0,2026-08-03,0.0,0.0,0.0,0.0,0.0,0.0,0.0,0.0,0,N/A,-1.0,0.0,0.0,0.0,0.0,N/A,N/A,A process in the process pool was terminated abruptly while the future was running or pending.,-1.0,-1.0,1.0,-1,,,0
2026-08-03T13:42:29,2026-08-03,RBC,ERROR,0,N/A,N/A,0,0.0,0.0,0.0,0.0,0.0,0.0,0.0,2026-08-03,0.0,0.0,0.0,0.0,0.0,0.0,0.0,0.0,0,N/A,-1.0,0.0,0.0,0.0,0.0,N/A,N/A,A process in the process pool was terminated abruptly while the future was running or pending.,-1.0,-1.0,1.0,-1,,,0
2026-08-03T13:42:29,2026-08-03,NLY,ERROR,0,N/A,N/A,0,0.0,0.0,0.0,0.0,0.0,0.0,0.0,2026-08-03,0.0,0.0,0.0,0.0,0.0,0.0,0.0,0.0,0,N/A,-1.0,0.0,0.0,0.0,0.0,N/A,N/A,A process in the process pool was terminated abruptly while the future was running or pending.,-1.0,-1.0,1.0,-1,,,0
2026-08-03T13:42:29,2026-08-03,LSCC,ERROR,0,N/A,N/A,0,0.0,0.0,0.0,0.0,0.0,0.0,0.0,2026-08-03,0.0,0.0,0.0,0.0,0.0,0.0,0.0,0.0,0,N/A,-1.0,0.0,0.0,0.0,0.0,N/A,N/A,A process in the process pool was terminated abruptly while the future was running or pending.,-1.0,-1.0,1.0,-1,,,0
2026-08-03T13:42:29,2026-08-03,APG,ERROR,0,N/A,N/A,0,0.0,0.0,0.0,0.0,0.0,0.0,0.0,2026-08-03,0.0,0.0,0.0,0.0,0.0,0.0,0.0,0.0,0,N/A,-1.0,0.0,0.0,0.0,0.0,N/A,N/A,A process in the process pool was terminated abruptly while the future was running or pending.,-1.0,-1.0,1.0,-1,,,0
2026-08-03T13:42:29,2026-08-03,WCC,ERROR,0,N/A,N/A,0,0.0,0.0,0.0,0.0,0.0,0.0,0.0,2026-08-03,0.0,0.0,0.0,0.0,0.0,0.0,0.0,0.0,0,N/A,-1.0,0.0,0.0,0.0,0.0,N/A,N/A,A process in the process pool was terminated abruptly while the future was running or pending.,-1.0,-1.0,1.0,-1,,,0
2026-08-03T13:42:29,2026-08-03,RGLD,ERROR,0,N/A,N/A,0,0.0,0.0,0.0,0.0,0.0,0.0,0.0,2026-08-03,0.0,0.0,0.0,0.0,0.0,0.0,0.0,0.0,0,N/A,-1.0,0.0,0.0,0.0,0.0,N/A,N/A,A process in the process pool was terminated abruptly while the future was running or pending.,-1.0,-1.0,1.0,-1,,,0
2026-08-03T13:42:29,2026-08-03,WPC,ERROR,0,N/A,N/A,0,0.0,0.0,0.0,0.0,0.0,0.0,0.0,2026-08-03,0.0,0.0,0.0,0.0,0.0,0.0,0.0,0.0,0,N/A,-1.0,0.0,0.0,0.0,0.0,N/A,N/A,A process in the process pool was terminated abruptly while the future was running or pending.,-1.0,-1.0,1.0,-1,,,0
2026-08-03T13:42:29,2026-08-03,OVV,ERROR,0,N/A,N/A,0,0.0,0.0,0.0,0.0,0.0,0.0,0.0,2026-08-03,0.0,0.0,0.0,0.0,0.0,0.0,0.0,0.0,0,N/A,-1.0,0.0,0.0,0.0,0.0,N/A,N/A,A process in the process pool was terminated abruptly while the future was running or pending.,-1.0,-1.0,1.0,-1,,,0
2026-08-03T13:42:29,2026-08-03,JLL,ERROR,0,N/A,N/A,0,0.0,0.0,0.0,0.0,0.0,0.0,0.0,2026-08-03,0.0,0.0,0.0,0.0,0.0,0.0,0.0,0.0,0,N/A,-1.0,0.0,0.0,0.0,0.0,N/A,N/A,A process in the process pool was terminated abruptly while the future was running or pending.,-1.0,-1.0,1.0,-1,,,0
2026-08-03T13:42:29,2026-08-03,CLH,ERROR,0,N/A,N/A,0,0.0,0.0,0.0,0.0,0.0,0.0,0.0,2026-08-03,0.0,0.0,0.0,0.0,0.0,0.0,0.0,0.0,0,N/A,-1.0,0.0,0.0,0.0,0.0,N/A,N/A,A process in the process pool was terminated abruptly while the future was running or pending.,-1.0,-1.0,1.0,-1,,,0
2026-08-03T13:42:29,2026-08-03,NBIX,ERROR,0,N/A,N/A,0,0.0,0.0,0.0,0.0,0.0,0.0,0.0,2026-08-03,0.0,0.0,0.0,0.0,0.0,0.0,0.0,0.0,0,N/A,-1.0,0.0,0.0,0.0,0.0,N/A,N/A,A process in the process pool was terminated abruptly while the future was running or pending.,-1.0,-1.0,1.0,-1,,,0
2026-08-03T13:42:29,2026-08-03,NTNX,ERROR,0,N/A,N/A,0,0.0,0.0,0.0,0.0,0.0,0.0,0.0,2026-08-03,0.0,0.0,0.0,0.0,0.0,0.0,0.0,0.0,0,N/A,-1.0,0.0,0.0,0.0,0.0,N/A,N/A,A process in the process pool was terminated abruptly while the future was running or pending.,-1.0,-1.0,1.0,-1,,,0
2026-08-03T13:42:29,2026-08-03,H,ERROR,0,N/A,N/A,0,0.0,0.0,0.0,0.0,0.0,0.0,0.0,2026-08-03,0.0,0.0,0.0,0.0,0.0,0.0,0.0,0.0,0,N/A,-1.0,0.0,0.0,0.0,0.0,N/A,N/A,A process in the process pool was terminated abruptly while the future was running or pending.,-1.0,-1.0,1.0,-1,,,0
2026-08-03T13:42:29,2026-08-03,LAMR,ERROR,0,N/A,N/A,0,0.0,0.0,0.0,0.0,0.0,0.0,0.0,2026-08-03,0.0,0.0,0.0,0.0,0.0,0.0,0.0,0.0,0,N/A,-1.0,0.0,0.0,0.0,0.0,N/A,N/A,A process in the process pool was terminated abruptly while the future was running or pending.,-1.0,-1.0,1.0,-1,,,0
2026-08-03T13:42:29,2026-08-03,PNFP,ERROR,0,N/A,N/A,0,0.0,0.0,0.0,0.0,0.0,0.0,0.0,2026-08-03,0.0,0.0,0.0,0.0,0.0,0.0,0.0,0.0,0,N/A,-1.0,0.0,0.0,0.0,0.0,N/A,N/A,A process in the process pool was terminated abruptly while the future was running or pending.,-1.0,-1.0,1.0,-1,,,0
2026-08-03T13:42:29,2026-08-03,MEDP,ERROR,0,N/A,N/A,0,0.0,0.0,0.0,0.0,0.0,0.0,0.0,2026-08-03,0.0,0.0,0.0,0.0,0.0,0.0,0.0,0.0,0,N/A,-1.0,0.0,0.0,0.0,0.0,N/A,N/A,A process in the process pool was terminated abruptly while the future was running or pending.,-1.0,-1.0,1.0,-1,,,0
2026-08-03T13:42:29,2026-08-03,DINO,ERROR,0,N/A,N/A,0,0.0,0.0,0.0,0.0,0.0,0.0,0.0,2026-08-03,0.0,0.0,0.0,0.0,0.0,0.0,0.0,0.0,0,N/A,-1.0,0.0,0.0,0.0,0.0,N/A,N/A,A process in the process pool was terminated abruptly while the future was running or pending.,-1.0,-1.0,1.0,-1,,,0
2026-08-03T13:42:29,2026-08-03,SITM,ERROR,0,N/A,N/A,0,0.0,0.0,0.0,0.0,0.0,0.0,0.0,2026-08-03,0.0,0.0,0.0,0.0,0.0,0.0,0.0,0.0,0,N/A,-1.0,0.0,0.0,0.0,0.0,N/A,N/A,A process in the process pool was terminated abruptly while the future was running or pending.,-1.0,-1.0,1.0,-1,,,0
2026-08-03T13:42:29,2026-08-03,TLN,ERROR,0,N/A,N/A,0,0.0,0.0,0.0,0.0,0.0,0.0,0.0,2026-08-03,0.0,0.0,0.0,0.0,0.0,0.0,0.0,0.0,0,N/A,-1.0,0.0,0.0,0.0,0.0,N/A,N/A,A process in the process pool was terminated abruptly while the future was running or pending.,-1.0,-1.0,1.0,-1,,,0
2026-08-03T13:42:29,2026-08-03,JAZZ,ERROR,0,N/A,N/A,0,0.0,0.0,0.0,0.0,0.0,0.0,0.0,2026-08-03,0.0,0.0,0.0,0.0,0.0,0.0,0.0,0.0,0,N/A,-1.0,0.0,0.0,0.0,0.0,N/A,N/A,A process in the process pool was terminated abruptly while the future was running or pending.,-1.0,-1.0,1.0,-1,,,0
2026-08-03T13:42:29,2026-08-03,RGA,ERROR,0,N/A,N/A,0,0.0,0.0,0.0,0.0,0.0,0.0,0.0,2026-08-03,0.0,0.0,0.0,0.0,0.0,0.0,0.0,0.0,0,N/A,-1.0,0.0,0.0,0.0,0.0,N/A,N/A,A process in the process pool was terminated abruptly while the future was running or pending.,-1.0,-1.0,1.0,-1,,,0
2026-08-03T13:42:29,2026-08-03,OHI,ERROR,0,N/A,N/A,0,0.0,0.0,0.0,0.0,0.0,0.0,0.0,2026-08-03,0.0,0.0,0.0,0.0,0.0,0.0,0.0,0.0,0,N/A,-1.0,0.0,0.0,0.0,0.0,N/A,N/A,A process in the process pool was terminated abruptly while the future was running or pending.,-1.0,-1.0,1.0,-1,,,0
2026-08-03T13:42:29,2026-08-03,BWXT,ERROR,0,N/A,N/A,0,0.0,0.0,0.0,0.0,0.0,0.0,0.0,2026-08-03,0.0,0.0,0.0,0.0,0.0,0.0,0.0,0.0,0,N/A,-1.0,0.0,0.0,0.0,0.0,N/A,N/A,A process in the process pool was terminated abruptly while the future was running or pending.,-1.0,-1.0,1.0,-1,,,0
2026-08-03T13:42:29,2026-08-03,TRU,ERROR,0,N/A,N/A,0,0.0,0.0,0.0,0.0,0.0,0.0,0.0,2026-08-03,0.0,0.0,0.0,0.0,0.0,0.0,0.0,0.0,0,N/A,-1.0,0.0,0.0,0.0,0.0,N/A,N/A,A process in the process pool was terminated abruptly while the future was running or pending.,-1.0,-1.0,1.0,-1,,,0
2026-08-03T13:42:29,2026-08-03,VNOM,ERROR,0,N/A,N/A,0,0.0,0.0,0.0,0.0,0.0,0.0,0.0,2026-08-03,0.0,0.0,0.0,0.0,0.0,0.0,0.0,0.0,0,N/A,-1.0,0.0,0.0,0.0,0.0,N/A,N/A,A process in the process pool was terminated abruptly while the future was running or pending.,-1.0,-1.0,1.0,-1,,,0
2026-08-03T13:42:29,2026-08-03,CDE,ERROR,0,N/A,N/A,0,0.0,0.0,0.0,0.0,0.0,0.0,0.0,2026-08-03,0.0,0.0,0.0,0.0,0.0,0.0,0.0,0.0,0,N/A,-1.0,0.0,0.0,0.0,0.0,N/A,N/A,A process in the process pool was terminated abruptly while the future was running or pending.,-1.0,-1.0,1.0,-1,,,0
2026-08-03T13:42:29,2026-08-03,ARMK,ERROR,0,N/A,N/A,0,0.0,0.0,0.0,0.0,0.0,0.0,0.0,2026-08-03,0.0,0.0,0.0,0.0,0.0,0.0,0.0,0.0,0,N/A,-1.0,0.0,0.0,0.0,0.0,N/A,N/A,A process in the process pool was terminated abruptly while the future was running or pending.,-1.0,-1.0,1.0,-1,,,0
2026-08-03T13:42:29,2026-08-03,MLI,ERROR,0,N/A,N/A,0,0.0,0.0,0.0,0.0,0.0,0.0,0.0,2026-08-03,0.0,0.0,0.0,0.0,0.0,0.0,0.0,0.0,0,N/A,-1.0,0.0,0.0,0.0,0.0,N/A,N/A,A process in the process pool was terminated abruptly while the future was running or pending.,-1.0,-1.0,1.0,-1,,,0
2026-08-03T13:42:29,2026-08-03,CNH,ERROR,0,N/A,N/A,0,0.0,0.0,0.0,0.0,0.0,0.0,0.0,2026-08-03,0.0,0.0,0.0,0.0,0.0,0.0,0.0,0.0,0,N/A,-1.0,0.0,0.0,0.0,0.0,N/A,N/A,A process in the process pool was terminated abruptly while the future was running or pending.,-1.0,-1.0,1.0,-1,,,0
2026-08-03T13:42:29,2026-08-03,CSL,ERROR,0,N/A,N/A,0,0.0,0.0,0.0,0.0,0.0,0.0,0.0,2026-08-03,0.0,0.0,0.0,0.0,0.0,0.0,0.0,0.0,0,N/A,-1.0,0.0,0.0,0.0,0.0,N/A,N/A,A process in the process pool was terminated abruptly while the future was running or pending.,-1.0,-1.0,1.0,-1,,,0
2026-08-03T13:42:29,2026-08-03,LECO,ERROR,0,N/A,N/A,0,0.0,0.0,0.0,0.0,0.0,0.0,0.0,2026-08-03,0.0,0.0,0.0,0.0,0.0,0.0,0.0,0.0,0,N/A,-1.0,0.0,0.0,0.0,0.0,N/A,N/A,A process in the process pool was terminated abruptly while the future was running or pending.,-1.0,-1.0,1.0,-1,,,0
2026-08-03T13:42:29,2026-08-03,PAG,ERROR,0,N/A,N/A,0,0.0,0.0,0.0,0.0,0.0,0.0,0.0,2026-08-03,0.0,0.0,0.0,0.0,0.0,0.0,0.0,0.0,0,N/A,-1.0,0.0,0.0,0.0,0.0,N/A,N/A,A process in the process pool was terminated abruptly while the future was running or pending.,-1.0,-1.0,1.0,-1,,,0
2026-08-03T13:42:29,2026-08-03,SGI,ERROR,0,N/A,N/A,0,0.0,0.0,0.0,0.0,0.0,0.0,0.0,2026-08-03,0.0,0.0,0.0,0.0,0.0,0.0,0.0,0.0,0,N/A,-1.0,0.0,0.0,0.0,0.0,N/A,N/A,A process in the process pool was terminated abruptly while the future was running or pending.,-1.0,-1.0,1.0,-1,,,0
2026-08-03T13:42:29,2026-08-03,CRBG,ERROR,0,N/A,N/A,0,0.0,0.0,0.0,0.0,0.0,0.0,0.0,2026-08-03,0.0,0.0,0.0,0.0,0.0,0.0,0.0,0.0,0,N/A,-1.0,0.0,0.0,0.0,0.0,N/A,N/A,A process in the process pool was terminated abruptly while the future was running or pending.,-1.0,-1.0,1.0,-1,,,0
2026-08-03T13:42:29,2026-08-03,FNF,ERROR,0,N/A,N/A,0,0.0,0.0,0.0,0.0,0.0,0.0,0.0,2026-08-03,0.0,0.0,0.0,0.0,0.0,0.0,0.0,0.0,0,N/A,-1.0,0.0,0.0,0.0,0.0,N/A,N/A,A process in the process pool was terminated abruptly while the future was running or pending.,-1.0,-1.0,1.0,-1,,,0
2026-08-03T13:42:29,2026-08-03,RPM,ERROR,0,N/A,N/A,0,0.0,0.0,0.0,0.0,0.0,0.0,0.0,2026-08-03,0.0,0.0,0.0,0.0,0.0,0.0,0.0,0.0,0,N/A,-1.0,0.0,0.0,0.0,0.0,N/A,N/A,A process in the process pool was terminated abruptly while the future was running or pending.,-1.0,-1.0,1.0,-1,,,0
2026-08-03T13:42:29,2026-08-03,DOCN,ERROR,0,N/A,N/A,0,0.0,0.0,0.0,0.0,0.0,0.0,0.0,2026-08-03,0.0,0.0,0.0,0.0,0.0,0.0,0.0,0.0,0,N/A,-1.0,0.0,0.0,0.0,0.0,N/A,N/A,A process in the process pool was terminated abruptly while the future was running or pending.,-1.0,-1.0,1.0,-1,,,0
2026-08-03T13:42:29,2026-08-03,TXRH,ERROR,0,N/A,N/A,0,0.0,0.0,0.0,0.0,0.0,0.0,0.0,2026-08-03,0.0,0.0,0.0,0.0,0.0,0.0,0.0,0.0,0,N/A,-1.0,0.0,0.0,0.0,0.0,N/A,N/A,A process in the process pool was terminated abruptly while the future was running or pending.,-1.0,-1.0,1.0,-1,,,0
2026-08-03T13:42:29,2026-08-03,RRX,ERROR,0,N/A,N/A,0,0.0,0.0,0.0,0.0,0.0,0.0,0.0,2026-08-03,0.0,0.0,0.0,0.0,0.0,0.0,0.0,0.0,0,N/A,-1.0,0.0,0.0,0.0,0.0,N/A,N/A,A process in the process pool was terminated abruptly while the future was running or pending.,-1.0,-1.0,1.0,-1,,,0
2026-08-03T13:42:29,2026-08-03,DTM,ERROR,0,N/A,N/A,0,0.0,0.0,0.0,0.0,0.0,0.0,0.0,2026-08-03,0.0,0.0,0.0,0.0,0.0,0.0,0.0,0.0,0,N/A,-1.0,0.0,0.0,0.0,0.0,N/A,N/A,A process in the process pool was terminated abruptly while the future was running or pending.,-1.0,-1.0,1.0,-1,,,0
2026-08-03T13:42:29,2026-08-03,IESC,ERROR,0,N/A,N/A,0,0.0,0.0,0.0,0.0,0.0,0.0,0.0,2026-08-03,0.0,0.0,0.0,0.0,0.0,0.0,0.0,0.0,0,N/A,-1.0,0.0,0.0,0.0,0.0,N/A,N/A,A process in the process pool was terminated abruptly while the future was running or pending.,-1.0,-1.0,1.0,-1,,,0
2026-08-03T13:42:29,2026-08-03,NXT,ERROR,0,N/A,N/A,0,0.0,0.0,0.0,0.0,0.0,0.0,0.0,2026-08-03,0.0,0.0,0.0,0.0,0.0,0.0,0.0,0.0,0,N/A,-1.0,0.0,0.0,0.0,0.0,N/A,N/A,A process in the process pool was terminated abruptly while the future was running or pending.,-1.0,-1.0,1.0,-1,,,0
2026-08-03T13:42:29,2026-08-03,UNM,ERROR,0,N/A,N/A,0,0.0,0.0,0.0,0.0,0.0,0.0,0.0,2026-08-03,0.0,0.0,0.0,0.0,0.0,0.0,0.0,0.0,0,N/A,-1.0,0.0,0.0,0.0,0.0,N/A,N/A,A process in the process pool was terminated abruptly while the future was running or pending.,-1.0,-1.0,1.0,-1,,,0
2026-08-03T13:42:29,2026-08-03,WMG,ERROR,0,N/A,N/A,0,0.0,0.0,0.0,0.0,0.0,0.0,0.0,2026-08-03,0.0,0.0,0.0,0.0,0.0,0.0,0.0,0.0,0,N/A,-1.0,0.0,0.0,0.0,0.0,N/A,N/A,A process in the process pool was terminated abruptly while the future was running or pending.,-1.0,-1.0,1.0,-1,,,0
2026-08-03T13:42:29,2026-08-03,PINS,ERROR,0,N/A,N/A,0,0.0,0.0,0.0,0.0,0.0,0.0,0.0,2026-08-03,0.0,0.0,0.0,0.0,0.0,0.0,0.0,0.0,0,N/A,-1.0,0.0,0.0,0.0,0.0,N/A,N/A,A process in the process pool was terminated abruptly while the future was running or pending.,-1.0,-1.0,1.0,-1,,,0
2026-08-03T13:42:29,2026-08-03,ALLY,ERROR,0,N/A,N/A,0,0.0,0.0,0.0,0.0,0.0,0.0,0.0,2026-08-03,0.0,0.0,0.0,0.0,0.0,0.0,0.0,0.0,0,N/A,-1.0,0.0,0.0,0.0,0.0,N/A,N/A,A process in the process pool was terminated abruptly while the future was running or pending.,-1.0,-1.0,1.0,-1,,,0
2026-08-03T13:42:29,2026-08-03,RNR,ERROR,0,N/A,N/A,0,0.0,0.0,0.0,0.0,0.0,0.0,0.0,2026-08-03,0.0,0.0,0.0,0.0,0.0,0.0,0.0,0.0,0,N/A,-1.0,0.0,0.0,0.0,0.0,N/A,N/A,A process in the process pool was terminated abruptly while the future was running or pending.,-1.0,-1.0,1.0,-1,,,0
2026-08-03T13:42:29,2026-08-03,GWRE,ERROR,0,N/A,N/A,0,0.0,0.0,0.0,0.0,0.0,0.0,0.0,2026-08-03,0.0,0.0,0.0,0.0,0.0,0.0,0.0,0.0,0,N/A,-1.0,0.0,0.0,0.0,0.0,N/A,N/A,A process in the process pool was terminated abruptly while the future was running or pending.,-1.0,-1.0,1.0,-1,,,0
2026-08-03T13:42:29,2026-08-03,EXEL,ERROR,0,N/A,N/A,0,0.0,0.0,0.0,0.0,0.0,0.0,0.0,2026-08-03,0.0,0.0,0.0,0.0,0.0,0.0,0.0,0.0,0,N/A,-1.0,0.0,0.0,0.0,0.0,N/A,N/A,A process in the process pool was terminated abruptly while the future was running or pending.,-1.0,-1.0,1.0,-1,,,0
2026-08-03T13:42:29,2026-08-03,WSO,ERROR,0,N/A,N/A,0,0.0,0.0,0.0,0.0,0.0,0.0,0.0,2026-08-03,0.0,0.0,0.0,0.0,0.0,0.0,0.0,0.0,0,N/A,-1.0,0.0,0.0,0.0,0.0,N/A,N/A,A process in the process pool was terminated abruptly while the future was running or pending.,-1.0,-1.0,1.0,-1,,,0
2026-08-03T13:42:29,2026-08-03,DT,ERROR,0,N/A,N/A,0,0.0,0.0,0.0,0.0,0.0,0.0,0.0,2026-08-03,0.0,0.0,0.0,0.0,0.0,0.0,0.0,0.0,0,N/A,-1.0,0.0,0.0,0.0,0.0,N/A,N/A,A process in the process pool was terminated abruptly while the future was running or pending.,-1.0,-1.0,1.0,-1,,,0
2026-08-03T13:42:29,2026-08-03,GGG,ERROR,0,N/A,N/A,0,0.0,0.0,0.0,0.0,0.0,0.0,0.0,2026-08-03,0.0,0.0,0.0,0.0,0.0,0.0,0.0,0.0,0,N/A,-1.0,0.0,0.0,0.0,0.0,N/A,N/A,A process in the process pool was terminated abruptly while the future was running or pending.,-1.0,-1.0,1.0,-1,,,0
2026-08-03T13:42:29,2026-08-03,ELS,ERROR,0,N/A,N/A,0,0.0,0.0,0.0,0.0,0.0,0.0,0.0,2026-08-03,0.0,0.0,0.0,0.0,0.0,0.0,0.0,0.0,0,N/A,-1.0,0.0,0.0,0.0,0.0,N/A,N/A,A process in the process pool was terminated abruptly while the future was running or pending.,-1.0,-1.0,1.0,-1,,,0
2026-08-03T13:42:29,2026-08-03,ELAN,ERROR,0,N/A,N/A,0,0.0,0.0,0.0,0.0,0.0,0.0,0.0,2026-08-03,0.0,0.0,0.0,0.0,0.0,0.0,0.0,0.0,0,N/A,-1.0,0.0,0.0,0.0,0.0,N/A,N/A,A process in the process pool was terminated abruptly while the future was running or pending.,-1.0,-1.0,1.0,-1,,,0
2026-08-03T13:42:29,2026-08-03,GLPI,ERROR,0,N/A,N/A,0,0.0,0.0,0.0,0.0,0.0,0.0,0.0,2026-08-03,0.0,0.0,0.0,0.0,0.0,0.0,0.0,0.0,0,N/A,-1.0,0.0,0.0,0.0,0.0,N/A,N/A,A process in the process pool was terminated abruptly while the future was running or pending.,-1.0,-1.0,1.0,-1,,,0
2026-08-03T13:42:29,2026-08-03,EQH,ERROR,0,N/A,N/A,0,0.0,0.0,0.0,0.0,0.0,0.0,0.0,2026-08-03,0.0,0.0,0.0,0.0,0.0,0.0,0.0,0.0,0,N/A,-1.0,0.0,0.0,0.0,0.0,N/A,N/A,A process in the process pool was terminated abruptly while the future was running or pending.,-1.0,-1.0,1.0,-1,,,0
2026-08-03T13:42:29,2026-08-03,CCK,ERROR,0,N/A,N/A,0,0.0,0.0,0.0,0.0,0.0,0.0,0.0,2026-08-03,0.0,0.0,0.0,0.0,0.0,0.0,0.0,0.0,0,N/A,-1.0,0.0,0.0,0.0,0.0,N/A,N/A,A process in the process pool was terminated abruptly while the future was running or pending.,-1.0,-1.0,1.0,-1,,,0
2026-08-03T13:42:29,2026-08-03,PEN,ERROR,0,N/A,N/A,0,0.0,0.0,0.0,0.0,0.0,0.0,0.0,2026-08-03,0.0,0.0,0.0,0.0,0.0,0.0,0.0,0.0,0,N/A,-1.0,0.0,0.0,0.0,0.0,N/A,N/A,A process in the process pool was terminated abruptly while the future was running or pending.,-1.0,-1.0,1.0,-1,,,0
2026-08-03T13:42:29,2026-08-03,SF,ERROR,0,N/A,N/A,0,0.0,0.0,0.0,0.0,0.0,0.0,0.0,2026-08-03,0.0,0.0,0.0,0.0,0.0,0.0,0.0,0.0,0,N/A,-1.0,0.0,0.0,0.0,0.0,N/A,N/A,A process in the process pool was terminated abruptly while the future was running or pending.,-1.0,-1.0,1.0,-1,,,0
2026-08-03T13:42:29,2026-08-03,BJ,ERROR,0,N/A,N/A,0,0.0,0.0,0.0,0.0,0.0,0.0,0.0,2026-08-03,0.0,0.0,0.0,0.0,0.0,0.0,0.0,0.0,0,N/A,-1.0,0.0,0.0,0.0,0.0,N/A,N/A,A process in the process pool was terminated abruptly while the future was running or pending.,-1.0,-1.0,1.0,-1,,,0
2026-08-03T13:42:29,2026-08-03,WBS,ERROR,0,N/A,N/A,0,0.0,0.0,0.0,0.0,0.0,0.0,0.0,2026-08-03,0.0,0.0,0.0,0.0,0.0,0.0,0.0,0.0,0,N/A,-1.0,0.0,0.0,0.0,0.0,N/A,N/A,A process in the process pool was terminated abruptly while the future was running or pending.,-1.0,-1.0,1.0,-1,,,0
2026-08-03T13:42:29,2026-08-03,ONTO,ERROR,0,N/A,N/A,0,0.0,0.0,0.0,0.0,0.0,0.0,0.0,2026-08-03,0.0,0.0,0.0,0.0,0.0,0.0,0.0,0.0,0,N/A,-1.0,0.0,0.0,0.0,0.0,N/A,N/A,A process in the process pool was terminated abruptly while the future was running or pending.,-1.0,-1.0,1.0,-1,,,0
2026-08-03T13:42:29,2026-08-03,COKE,ERROR,0,N/A,N/A,0,0.0,0.0,0.0,0.0,0.0,0.0,0.0,2026-08-03,0.0,0.0,0.0,0.0,0.0,0.0,0.0,0.0,0,N/A,-1.0,0.0,0.0,0.0,0.0,N/A,N/A,A process in the process pool was terminated abruptly while the future was running or pending.,-1.0,-1.0,1.0,-1,,,0
2026-08-03T13:42:29,2026-08-03,SEIC,ERROR,0,N/A,N/A,0,0.0,0.0,0.0,0.0,0.0,0.0,0.0,2026-08-03,0.0,0.0,0.0,0.0,0.0,0.0,0.0,0.0,0,N/A,-1.0,0.0,0.0,0.0,0.0,N/A,N/A,A process in the process pool was terminated abruptly while the future was running or pending.,-1.0,-1.0,1.0,-1,,,0
2026-08-03T13:42:29,2026-08-03,MOG-A,ERROR,0,N/A,N/A,0,0.0,0.0,0.0,0.0,0.0,0.0,0.0,2026-08-03,0.0,0.0,0.0,0.0,0.0,0.0,0.0,0.0,0,N/A,-1.0,0.0,0.0,0.0,0.0,N/A,N/A,A process in the process pool was terminated abruptly while the future was running or pending.,-1.0,-1.0,1.0,-1,,,0
2026-08-03T13:42:29,2026-08-03,FIVE,ERROR,0,N/A,N/A,0,0.0,0.0,0.0,0.0,0.0,0.0,0.0,2026-08-03,0.0,0.0,0.0,0.0,0.0,0.0,0.0,0.0,0,N/A,-1.0,0.0,0.0,0.0,0.0,N/A,N/A,A process in the process pool was terminated abruptly while the future was running or pending.,-1.0,-1.0,1.0,-1,,,0
2026-08-03T13:42:29,2026-08-03,AMKR,ERROR,0,N/A,N/A,0,0.0,0.0,0.0,0.0,0.0,0.0,0.0,2026-08-03,0.0,0.0,0.0,0.0,0.0,0.0,0.0,0.0,0,N/A,-1.0,0.0,0.0,0.0,0.0,N/A,N/A,A process in the process pool was terminated abruptly while the future was running or pending.,-1.0,-1.0,1.0,-1,,,0
2026-08-03T13:42:29,2026-08-03,SCI,ERROR,0,N/A,N/A,0,0.0,0.0,0.0,0.0,0.0,0.0,0.0,2026-08-03,0.0,0.0,0.0,0.0,0.0,0.0,0.0,0.0,0,N/A,-1.0,0.0,0.0,0.0,0.0,N/A,N/A,A process in the process pool was terminated abruptly while the future was running or pending.,-1.0,-1.0,1.0,-1,,,0
2026-08-03T13:42:29,2026-08-03,RYAN,ERROR,0,N/A,N/A,0,0.0,0.0,0.0,0.0,0.0,0.0,0.0,2026-08-03,0.0,0.0,0.0,0.0,0.0,0.0,0.0,0.0,0,N/A,-1.0,0.0,0.0,0.0,0.0,N/A,N/A,A process in the process pool was terminated abruptly while the future was running or pending.,-1.0,-1.0,1.0,-1,,,0
2026-08-03T13:42:29,2026-08-03,BTSG,ERROR,0,N/A,N/A,0,0.0,0.0,0.0,0.0,0.0,0.0,0.0,2026-08-03,0.0,0.0,0.0,0.0,0.0,0.0,0.0,0.0,0,N/A,-1.0,0.0,0.0,0.0,0.0,N/A,N/A,A process in the process pool was terminated abruptly while the future was running or pending.,-1.0,-1.0,1.0,-1,,,0
2026-08-03T13:42:29,2026-08-03,BROS,ERROR,0,N/A,N/A,0,0.0,0.0,0.0,0.0,0.0,0.0,0.0,2026-08-03,0.0,0.0,0.0,0.0,0.0,0.0,0.0,0.0,0,N/A,-1.0,0.0,0.0,0.0,0.0,N/A,N/A,A process in the process pool was terminated abruptly while the future was running or pending.,-1.0,-1.0,1.0,-1,,,0
2026-08-03T13:42:29,2026-08-03,WTS,ERROR,0,N/A,N/A,0,0.0,0.0,0.0,0.0,0.0,0.0,0.0,2026-08-03,0.0,0.0,0.0,0.0,0.0,0.0,0.0,0.0,0,N/A,-1.0,0.0,0.0,0.0,0.0,N/A,N/A,A process in the process pool was terminated abruptly while the future was running or pending.,-1.0,-1.0,1.0,-1,,,0
2026-08-03T13:42:29,2026-08-03,ARWR,ERROR,0,N/A,N/A,0,0.0,0.0,0.0,0.0,0.0,0.0,0.0,2026-08-03,0.0,0.0,0.0,0.0,0.0,0.0,0.0,0.0,0,N/A,-1.0,0.0,0.0,0.0,0.0,N/A,N/A,A process in the process pool was terminated abruptly while the future was running or pending.,-1.0,-1.0,1.0,-1,,,0
2026-08-03T13:42:29,2026-08-03,AA,ERROR,0,N/A,N/A,0,0.0,0.0,0.0,0.0,0.0,0.0,0.0,2026-08-03,0.0,0.0,0.0,0.0,0.0,0.0,0.0,0.0,0,N/A,-1.0,0.0,0.0,0.0,0.0,N/A,N/A,A process in the process pool was terminated abruptly while the future was running or pending.,-1.0,-1.0,1.0,-1,,,0
2026-08-03T13:42:29,2026-08-03,BMRN,ERROR,0,N/A,N/A,0,0.0,0.0,0.0,0.0,0.0,0.0,0.0,2026-08-03,0.0,0.0,0.0,0.0,0.0,0.0,0.0,0.0,0,N/A,-1.0,0.0,0.0,0.0,0.0,N/A,N/A,A process in the process pool was terminated abruptly while the future was running or pending.,-1.0,-1.0,1.0,-1,,,0
2026-08-03T13:42:29,2026-08-03,TTMI,ERROR,0,N/A,N/A,0,0.0,0.0,0.0,0.0,0.0,0.0,0.0,2026-08-03,0.0,0.0,0.0,0.0,0.0,0.0,0.0,0.0,0,N/A,-1.0,0.0,0.0,0.0,0.0,N/A,N/A,A process in the process pool was terminated abruptly while the future was running or pending.,-1.0,-1.0,1.0,-1,,,0
2026-08-03T13:42:29,2026-08-03,OC,ERROR,0,N/A,N/A,0,0.0,0.0,0.0,0.0,0.0,0.0,0.0,2026-08-03,0.0,0.0,0.0,0.0,0.0,0.0,0.0,0.0,0,N/A,-1.0,0.0,0.0,0.0,0.0,N/A,N/A,A process in the process pool was terminated abruptly while the future was running or pending.,-1.0,-1.0,1.0,-1,,,0
2026-08-03T13:42:29,2026-08-03,AEIS,ERROR,0,N/A,N/A,0,0.0,0.0,0.0,0.0,0.0,0.0,0.0,2026-08-03,0.0,0.0,0.0,0.0,0.0,0.0,0.0,0.0,0,N/A,-1.0,0.0,0.0,0.0,0.0,N/A,N/A,A process in the process pool was terminated abruptly while the future was running or pending.,-1.0,-1.0,1.0,-1,,,0
2026-08-03T13:42:29,2026-08-03,MANH,ERROR,0,N/A,N/A,0,0.0,0.0,0.0,0.0,0.0,0.0,0.0,2026-08-03,0.0,0.0,0.0,0.0,0.0,0.0,0.0,0.0,0,N/A,-1.0,0.0,0.0,0.0,0.0,N/A,N/A,A process in the process pool was terminated abruptly while the future was running or pending.,-1.0,-1.0,1.0,-1,,,0
2026-08-03T13:42:29,2026-08-03,KNX,ERROR,0,N/A,N/A,0,0.0,0.0,0.0,0.0,0.0,0.0,0.0,2026-08-03,0.0,0.0,0.0,0.0,0.0,0.0,0.0,0.0,0,N/A,-1.0,0.0,0.0,0.0,0.0,N/A,N/A,A process in the process pool was terminated abruptly while the future was running or pending.,-1.0,-1.0,1.0,-1,,,0
2026-08-03T13:42:29,2026-08-03,AHR,ERROR,0,N/A,N/A,0,0.0,0.0,0.0,0.0,0.0,0.0,0.0,2026-08-03,0.0,0.0,0.0,0.0,0.0,0.0,0.0,0.0,0,N/A,-1.0,0.0,0.0,0.0,0.0,N/A,N/A,A process in the process pool was terminated abruptly while the future was running or pending.,-1.0,-1.0,1.0,-1,,,0
2026-08-03T13:42:29,2026-08-03,WTRG,ERROR,0,N/A,N/A,0,0.0,0.0,0.0,0.0,0.0,0.0,0.0,2026-08-03,0.0,0.0,0.0,0.0,0.0,0.0,0.0,0.0,0,N/A,-1.0,0.0,0.0,0.0,0.0,N/A,N/A,A process in the process pool was terminated abruptly while the future was running or pending.,-1.0,-1.0,1.0,-1,,,0
2026-08-03T13:42:29,2026-08-03,UMBF,ERROR,0,N/A,N/A,0,0.0,0.0,0.0,0.0,0.0,0.0,0.0,2026-08-03,0.0,0.0,0.0,0.0,0.0,0.0,0.0,0.0,0,N/A,-1.0,0.0,0.0,0.0,0.0,N/A,N/A,A process in the process pool was terminated abruptly while the future was running or pending.,-1.0,-1.0,1.0,-1,,,0
2026-08-03T13:42:29,2026-08-03,EGP,ERROR,0,N/A,N/A,0,0.0,0.0,0.0,0.0,0.0,0.0,0.0,2026-08-03,0.0,0.0,0.0,0.0,0.0,0.0,0.0,0.0,0,N/A,-1.0,0.0,0.0,0.0,0.0,N/A,N/A,A process in the process pool was terminated abruptly while the future was running or pending.,-1.0,-1.0,1.0,-1,,,0
2026-08-03T13:42:29,2026-08-03,JEF,ERROR,0,N/A,N/A,0,0.0,0.0,0.0,0.0,0.0,0.0,0.0,2026-08-03,0.0,0.0,0.0,0.0,0.0,0.0,0.0,0.0,0,N/A,-1.0,0.0,0.0,0.0,0.0,N/A,N/A,A process in the process pool was terminated abruptly while the future was running or pending.,-1.0,-1.0,1.0,-1,,,0
2026-08-03T13:42:29,2026-08-03,CACI,ERROR,0,N/A,N/A,0,0.0,0.0,0.0,0.0,0.0,0.0,0.0,2026-08-03,0.0,0.0,0.0,0.0,0.0,0.0,0.0,0.0,0,N/A,-1.0,0.0,0.0,0.0,0.0,N/A,N/A,A process in the process pool was terminated abruptly while the future was running or pending.,-1.0,-1.0,1.0,-1,,,0
2026-08-03T13:42:29,2026-08-03,EHC,ERROR,0,N/A,N/A,0,0.0,0.0,0.0,0.0,0.0,0.0,0.0,2026-08-03,0.0,0.0,0.0,0.0,0.0,0.0,0.0,0.0,0,N/A,-1.0,0.0,0.0,0.0,0.0,N/A,N/A,A process in the process pool was terminated abruptly while the future was running or pending.,-1.0,-1.0,1.0,-1,,,0
2026-08-03T13:42:29,2026-08-03,LFUS,ERROR,0,N/A,N/A,0,0.0,0.0,0.0,0.0,0.0,0.0,0.0,2026-08-03,0.0,0.0,0.0,0.0,0.0,0.0,0.0,0.0,0,N/A,-1.0,0.0,0.0,0.0,0.0,N/A,N/A,A process in the process pool was terminated abruptly while the future was running or pending.,-1.0,-1.0,1.0,-1,,,0
2026-08-03T13:42:29,2026-08-03,BSY,ERROR,0,N/A,N/A,0,0.0,0.0,0.0,0.0,0.0,0.0,0.0,2026-08-03,0.0,0.0,0.0,0.0,0.0,0.0,0.0,0.0,0,N/A,-1.0,0.0,0.0,0.0,0.0,N/A,N/A,A process in the process pool was terminated abruptly while the future was running or pending.,-1.0,-1.0,1.0,-1,,,0
2026-08-03T13:42:29,2026-08-03,GMED,ERROR,0,N/A,N/A,0,0.0,0.0,0.0,0.0,0.0,0.0,0.0,2026-08-03,0.0,0.0,0.0,0.0,0.0,0.0,0.0,0.0,0,N/A,-1.0,0.0,0.0,0.0,0.0,N/A,N/A,A process in the process pool was terminated abruptly while the future was running or pending.,-1.0,-1.0,1.0,-1,,,0
2026-08-03T13:42:29,2026-08-03,ARW,ERROR,0,N/A,N/A,0,0.0,0.0,0.0,0.0,0.0,0.0,0.0,2026-08-03,0.0,0.0,0.0,0.0,0.0,0.0,0.0,0.0,0,N/A,-1.0,0.0,0.0,0.0,0.0,N/A,N/A,A process in the process pool was terminated abruptly while the future was running or pending.,-1.0,-1.0,1.0,-1,,,0
2026-08-03T13:42:29,2026-08-03,MUSA,ERROR,0,N/A,N/A,0,0.0,0.0,0.0,0.0,0.0,0.0,0.0,2026-08-03,0.0,0.0,0.0,0.0,0.0,0.0,0.0,0.0,0,N/A,-1.0,0.0,0.0,0.0,0.0,N/A,N/A,A process in the process pool was terminated abruptly while the future was running or pending.,-1.0,-1.0,1.0,-1,,,0
2026-08-03T13:42:29,2026-08-03,CGNX,ERROR,0,N/A,N/A,0,0.0,0.0,0.0,0.0,0.0,0.0,0.0,2026-08-03,0.0,0.0,0.0,0.0,0.0,0.0,0.0,0.0,0,N/A,-1.0,0.0,0.0,0.0,0.0,N/A,N/A,A process in the process pool was terminated abruptly while the future was running or pending.,-1.0,-1.0,1.0,-1,,,0
2026-08-03T13:42:29,2026-08-03,WMS,ERROR,0,N/A,N/A,0,0.0,0.0,0.0,0.0,0.0,0.0,0.0,2026-08-03,0.0,0.0,0.0,0.0,0.0,0.0,0.0,0.0,0,N/A,-1.0,0.0,0.0,0.0,0.0,N/A,N/A,A process in the process pool was terminated abruptly while the future was running or pending.,-1.0,-1.0,1.0,-1,,,0
2026-08-03T13:42:29,2026-08-03,AR,ERROR,0,N/A,N/A,0,0.0,0.0,0.0,0.0,0.0,0.0,0.0,2026-08-03,0.0,0.0,0.0,0.0,0.0,0.0,0.0,0.0,0,N/A,-1.0,0.0,0.0,0.0,0.0,N/A,N/A,A process in the process pool was terminated abruptly while the future was running or pending.,-1.0,-1.0,1.0,-1,,,0
2026-08-03T13:42:29,2026-08-03,WTFC,ERROR,0,N/A,N/A,0,0.0,0.0,0.0,0.0,0.0,0.0,0.0,2026-08-03,0.0,0.0,0.0,0.0,0.0,0.0,0.0,0.0,0,N/A,-1.0,0.0,0.0,0.0,0.0,N/A,N/A,A process in the process pool was terminated abruptly while the future was running or pending.,-1.0,-1.0,1.0,-1,,,0
2026-08-03T13:42:29,2026-08-03,SPXC,ERROR,0,N/A,N/A,0,0.0,0.0,0.0,0.0,0.0,0.0,0.0,2026-08-03,0.0,0.0,0.0,0.0,0.0,0.0,0.0,0.0,0,N/A,-1.0,0.0,0.0,0.0,0.0,N/A,N/A,A process in the process pool was terminated abruptly while the future was running or pending.,-1.0,-1.0,1.0,-1,,,0
2026-08-03T13:42:29,2026-08-03,SMTC,ERROR,0,N/A,N/A,0,0.0,0.0,0.0,0.0,0.0,0.0,0.0,2026-08-03,0.0,0.0,0.0,0.0,0.0,0.0,0.0,0.0,0,N/A,-1.0,0.0,0.0,0.0,0.0,N/A,N/A,A process in the process pool was terminated abruptly while the future was running or pending.,-1.0,-1.0,1.0,-1,,,0
2026-08-03T13:42:29,2026-08-03,DOCU,ERROR,0,N/A,N/A,0,0.0,0.0,0.0,0.0,0.0,0.0,0.0,2026-08-03,0.0,0.0,0.0,0.0,0.0,0.0,0.0,0.0,0,N/A,-1.0,0.0,0.0,0.0,0.0,N/A,N/A,A process in the process pool was terminated abruptly while the future was running or pending.,-1.0,-1.0,1.0,-1,,,0
2026-08-03T13:42:29,2026-08-03,AAL,ERROR,0,N/A,N/A,0,0.0,0.0,0.0,0.0,0.0,0.0,0.0,2026-08-03,0.0,0.0,0.0,0.0,0.0,0.0,0.0,0.0,0,N/A,-1.0,0.0,0.0,0.0,0.0,N/A,N/A,A process in the process pool was terminated abruptly while the future was running or pending.,-1.0,-1.0,1.0,-1,,,0
2026-08-03T13:42:29,2026-08-03,CART,ERROR,0,N/A,N/A,0,0.0,0.0,0.0,0.0,0.0,0.0,0.0,2026-08-03,0.0,0.0,0.0,0.0,0.0,0.0,0.0,0.0,0,N/A,-1.0,0.0,0.0,0.0,0.0,N/A,N/A,A process in the process pool was terminated abruptly while the future was running or pending.,-1.0,-1.0,1.0,-1,,,0
2026-08-03T13:42:29,2026-08-03,ENSG,ERROR,0,N/A,N/A,0,0.0,0.0,0.0,0.0,0.0,0.0,0.0,2026-08-03,0.0,0.0,0.0,0.0,0.0,0.0,0.0,0.0,0,N/A,-1.0,0.0,0.0,0.0,0.0,N/A,N/A,A process in the process pool was terminated abruptly while the future was running or pending.,-1.0,-1.0,1.0,-1,,,0
2026-08-03T13:42:29,2026-08-03,AM,ERROR,0,N/A,N/A,0,0.0,0.0,0.0,0.0,0.0,0.0,0.0,2026-08-03,0.0,0.0,0.0,0.0,0.0,0.0,0.0,0.0,0,N/A,-1.0,0.0,0.0,0.0,0.0,N/A,N/A,A process in the process pool was terminated abruptly while the future was running or pending.,-1.0,-1.0,1.0,-1,,,0
2026-08-03T13:42:29,2026-08-03,CFR,ERROR,0,N/A,N/A,0,0.0,0.0,0.0,0.0,0.0,0.0,0.0,2026-08-03,0.0,0.0,0.0,0.0,0.0,0.0,0.0,0.0,0,N/A,-1.0,0.0,0.0,0.0,0.0,N/A,N/A,A process in the process pool was terminated abruptly while the future was running or pending.,-1.0,-1.0,1.0,-1,,,0
2026-08-03T13:42:29,2026-08-03,SIRI,ERROR,0,N/A,N/A,0,0.0,0.0,0.0,0.0,0.0,0.0,0.0,2026-08-03,0.0,0.0,0.0,0.0,0.0,0.0,0.0,0.0,0,N/A,-1.0,0.0,0.0,0.0,0.0,N/A,N/A,A process in the process pool was terminated abruptly while the future was running or pending.,-1.0,-1.0,1.0,-1,,,0
2026-08-03T13:42:29,2026-08-03,CYTK,ERROR,0,N/A,N/A,0,0.0,0.0,0.0,0.0,0.0,0.0,0.0,2026-08-03,0.0,0.0,0.0,0.0,0.0,0.0,0.0,0.0,0,N/A,-1.0,0.0,0.0,0.0,0.0,N/A,N/A,A process in the process pool was terminated abruptly while the future was running or pending.,-1.0,-1.0,1.0,-1,,,0
2026-08-03T13:42:29,2026-08-03,SSB,ERROR,0,N/A,N/A,0,0.0,0.0,0.0,0.0,0.0,0.0,0.0,2026-08-03,0.0,0.0,0.0,0.0,0.0,0.0,0.0,0.0,0,N/A,-1.0,0.0,0.0,0.0,0.0,N/A,N/A,A process in the process pool was terminated abruptly while the future was running or pending.,-1.0,-1.0,1.0,-1,,,0
2026-08-03T13:42:29,2026-08-03,ONB,ERROR,0,N/A,N/A,0,0.0,0.0,0.0,0.0,0.0,0.0,0.0,2026-08-03,0.0,0.0,0.0,0.0,0.0,0.0,0.0,0.0,0,N/A,-1.0,0.0,0.0,0.0,0.0,N/A,N/A,A process in the process pool was terminated abruptly while the future was running or pending.,-1.0,-1.0,1.0,-1,,,0
2026-08-03T13:42:29,2026-08-03,MOH,ERROR,0,N/A,N/A,0,0.0,0.0,0.0,0.0,0.0,0.0,0.0,2026-08-03,0.0,0.0,0.0,0.0,0.0,0.0,0.0,0.0,0,N/A,-1.0,0.0,0.0,0.0,0.0,N/A,N/A,A process in the process pool was terminated abruptly while the future was running or pending.,-1.0,-1.0,1.0,-1,,,0
2026-08-03T13:42:29,2026-08-03,ZION,ERROR,0,N/A,N/A,0,0.0,0.0,0.0,0.0,0.0,0.0,0.0,2026-08-03,0.0,0.0,0.0,0.0,0.0,0.0,0.0,0.0,0,N/A,-1.0,0.0,0.0,0.0,0.0,N/A,N/A,A process in the process pool was terminated abruptly while the future was running or pending.,-1.0,-1.0,1.0,-1,,,0
2026-08-03T13:42:29,2026-08-03,PRI,ERROR,0,N/A,N/A,0,0.0,0.0,0.0,0.0,0.0,0.0,0.0,2026-08-03,0.0,0.0,0.0,0.0,0.0,0.0,0.0,0.0,0,N/A,-1.0,0.0,0.0,0.0,0.0,N/A,N/A,A process in the process pool was terminated abruptly while the future was running or pending.,-1.0,-1.0,1.0,-1,,,0
2026-08-03T13:42:29,2026-08-03,AYI,ERROR,0,N/A,N/A,0,0.0,0.0,0.0,0.0,0.0,0.0,0.0,2026-08-03,0.0,0.0,0.0,0.0,0.0,0.0,0.0,0.0,0,N/A,-1.0,0.0,0.0,0.0,0.0,N/A,N/A,A process in the process pool was terminated abruptly while the future was running or pending.,-1.0,-1.0,1.0,-1,,,0
2026-08-03T13:42:29,2026-08-03,SARO,ERROR,0,N/A,N/A,0,0.0,0.0,0.0,0.0,0.0,0.0,0.0,2026-08-03,0.0,0.0,0.0,0.0,0.0,0.0,0.0,0.0,0,N/A,-1.0,0.0,0.0,0.0,0.0,N/A,N/A,A process in the process pool was terminated abruptly while the future was running or pending.,-1.0,-1.0,1.0,-1,,,0
2026-08-03T13:42:29,2026-08-03,CTRE,ERROR,0,N/A,N/A,0,0.0,0.0,0.0,0.0,0.0,0.0,0.0,2026-08-03,0.0,0.0,0.0,0.0,0.0,0.0,0.0,0.0,0,N/A,-1.0,0.0,0.0,0.0,0.0,N/A,N/A,A process in the process pool was terminated abruptly while the future was running or pending.,-1.0,-1.0,1.0,-1,,,0
2026-08-03T13:42:29,2026-08-03,R,ERROR,0,N/A,N/A,0,0.0,0.0,0.0,0.0,0.0,0.0,0.0,2026-08-03,0.0,0.0,0.0,0.0,0.0,0.0,0.0,0.0,0,N/A,-1.0,0.0,0.0,0.0,0.0,N/A,N/A,A process in the process pool was terminated abruptly while the future was running or pending.,-1.0,-1.0,1.0,-1,,,0
2026-08-03T13:42:29,2026-08-03,HALO,ERROR,0,N/A,N/A,0,0.0,0.0,0.0,0.0,0.0,0.0,0.0,2026-08-03,0.0,0.0,0.0,0.0,0.0,0.0,0.0,0.0,0,N/A,-1.0,0.0,0.0,0.0,0.0,N/A,N/A,A process in the process pool was terminated abruptly while the future was running or pending.,-1.0,-1.0,1.0,-1,,,0
2026-08-03T13:42:29,2026-08-03,SANM,ERROR,0,N/A,N/A,0,0.0,0.0,0.0,0.0,0.0,0.0,0.0,2026-08-03,0.0,0.0,0.0,0.0,0.0,0.0,0.0,0.0,0,N/A,-1.0,0.0,0.0,0.0,0.0,N/A,N/A,A process in the process pool was terminated abruptly while the future was running or pending.,-1.0,-1.0,1.0,-1,,,0
2026-08-03T13:42:29,2026-08-03,OGE,ERROR,0,N/A,N/A,0,0.0,0.0,0.0,0.0,0.0,0.0,0.0,2026-08-03,0.0,0.0,0.0,0.0,0.0,0.0,0.0,0.0,0,N/A,-1.0,0.0,0.0,0.0,0.0,N/A,N/A,A process in the process pool was terminated abruptly while the future was running or pending.,-1.0,-1.0,1.0,-1,,,0
2026-08-03T13:42:29,2026-08-03,TKR,ERROR,0,N/A,N/A,0,0.0,0.0,0.0,0.0,0.0,0.0,0.0,2026-08-03,0.0,0.0,0.0,0.0,0.0,0.0,0.0,0.0,0,N/A,-1.0,0.0,0.0,0.0,0.0,N/A,N/A,A process in the process pool was terminated abruptly while the future was running or pending.,-1.0,-1.0,1.0,-1,,,0
2026-08-03T13:42:29,2026-08-03,BRX,ERROR,0,N/A,N/A,0,0.0,0.0,0.0,0.0,0.0,0.0,0.0,2026-08-03,0.0,0.0,0.0,0.0,0.0,0.0,0.0,0.0,0,N/A,-1.0,0.0,0.0,0.0,0.0,N/A,N/A,A process in the process pool was terminated abruptly while the future was running or pending.,-1.0,-1.0,1.0,-1,,,0
2026-08-03T13:42:29,2026-08-03,BRKR,ERROR,0,N/A,N/A,0,0.0,0.0,0.0,0.0,0.0,0.0,0.0,2026-08-03,0.0,0.0,0.0,0.0,0.0,0.0,0.0,0.0,0,N/A,-1.0,0.0,0.0,0.0,0.0,N/A,N/A,A process in the process pool was terminated abruptly while the future was running or pending.,-1.0,-1.0,1.0,-1,,,0
2026-08-03T13:42:29,2026-08-03,ALSN,ERROR,0,N/A,N/A,0,0.0,0.0,0.0,0.0,0.0,0.0,0.0,2026-08-03,0.0,0.0,0.0,0.0,0.0,0.0,0.0,0.0,0,N/A,-1.0,0.0,0.0,0.0,0.0,N/A,N/A,A process in the process pool was terminated abruptly while the future was running or pending.,-1.0,-1.0,1.0,-1,,,0
2026-08-03T13:42:29,2026-08-03,SOLS,ERROR,0,N/A,N/A,0,0.0,0.0,0.0,0.0,0.0,0.0,0.0,2026-08-03,0.0,0.0,0.0,0.0,0.0,0.0,0.0,0.0,0,N/A,-1.0,0.0,0.0,0.0,0.0,N/A,N/A,A process in the process pool was terminated abruptly while the future was running or pending.,-1.0,-1.0,1.0,-1,,,0
2026-08-03T13:42:29,2026-08-03,CHWY,ERROR,0,N/A,N/A,0,0.0,0.0,0.0,0.0,0.0,0.0,0.0,2026-08-03,0.0,0.0,0.0,0.0,0.0,0.0,0.0,0.0,0,N/A,-1.0,0.0,0.0,0.0,0.0,N/A,N/A,A process in the process pool was terminated abruptly while the future was running or pending.,-1.0,-1.0,1.0,-1,,,0
2026-08-03T13:42:29,2026-08-03,RMBS,ERROR,0,N/A,N/A,0,0.0,0.0,0.0,0.0,0.0,0.0,0.0,2026-08-03,0.0,0.0,0.0,0.0,0.0,0.0,0.0,0.0,0,N/A,-1.0,0.0,0.0,0.0,0.0,N/A,N/A,A process in the process pool was terminated abruptly while the future was running or pending.,-1.0,-1.0,1.0,-1,,,0
2026-08-03T13:42:29,2026-08-03,AVTR,ERROR,0,N/A,N/A,0,0.0,0.0,0.0,0.0,0.0,0.0,0.0,2026-08-03,0.0,0.0,0.0,0.0,0.0,0.0,0.0,0.0,0,N/A,-1.0,0.0,0.0,0.0,0.0,N/A,N/A,A process in the process pool was terminated abruptly while the future was running or pending.,-1.0,-1.0,1.0,-1,,,0
2026-08-03T13:42:29,2026-08-03,ADC,ERROR,0,N/A,N/A,0,0.0,0.0,0.0,0.0,0.0,0.0,0.0,2026-08-03,0.0,0.0,0.0,0.0,0.0,0.0,0.0,0.0,0,N/A,-1.0,0.0,0.0,0.0,0.0,N/A,N/A,A process in the process pool was terminated abruptly while the future was running or pending.,-1.0,-1.0,1.0,-1,,,0
2026-08-03T13:42:29,2026-08-03,HL,ERROR,0,N/A,N/A,0,0.0,0.0,0.0,0.0,0.0,0.0,0.0,2026-08-03,0.0,0.0,0.0,0.0,0.0,0.0,0.0,0.0,0,N/A,-1.0,0.0,0.0,0.0,0.0,N/A,N/A,A process in the process pool was terminated abruptly while the future was running or pending.,-1.0,-1.0,1.0,-1,,,0
2026-08-03T13:42:29,2026-08-03,SAIA,ERROR,0,N/A,N/A,0,0.0,0.0,0.0,0.0,0.0,0.0,0.0,2026-08-03,0.0,0.0,0.0,0.0,0.0,0.0,0.0,0.0,0,N/A,-1.0,0.0,0.0,0.0,0.0,N/A,N/A,A process in the process pool was terminated abruptly while the future was running or pending.,-1.0,-1.0,1.0,-1,,,0
2026-08-03T13:42:29,2026-08-03,VICR,ERROR,0,N/A,N/A,0,0.0,0.0,0.0,0.0,0.0,0.0,0.0,2026-08-03,0.0,0.0,0.0,0.0,0.0,0.0,0.0,0.0,0,N/A,-1.0,0.0,0.0,0.0,0.0,N/A,N/A,A process in the process pool was terminated abruptly while the future was running or pending.,-1.0,-1.0,1.0,-1,,,0
2026-08-03T13:42:29,2026-08-03,KRYS,ERROR,0,N/A,N/A,0,0.0,0.0,0.0,0.0,0.0,0.0,0.0,2026-08-03,0.0,0.0,0.0,0.0,0.0,0.0,0.0,0.0,0,N/A,-1.0,0.0,0.0,0.0,0.0,N/A,N/A,A process in the process pool was terminated abruptly while the future was running or pending.,-1.0,-1.0,1.0,-1,,,0
2026-08-03T13:42:29,2026-08-03,VMI,ERROR,0,N/A,N/A,0,0.0,0.0,0.0,0.0,0.0,0.0,0.0,2026-08-03,0.0,0.0,0.0,0.0,0.0,0.0,0.0,0.0,0,N/A,-1.0,0.0,0.0,0.0,0.0,N/A,N/A,A process in the process pool was terminated abruptly while the future was running or pending.,-1.0,-1.0,1.0,-1,,,0
2026-08-03T13:42:29,2026-08-03,RRC,ERROR,0,N/A,N/A,0,0.0,0.0,0.0,0.0,0.0,0.0,0.0,2026-08-03,0.0,0.0,0.0,0.0,0.0,0.0,0.0,0.0,0,N/A,-1.0,0.0,0.0,0.0,0.0,N/A,N/A,A process in the process pool was terminated abruptly while the future was running or pending.,-1.0,-1.0,1.0,-1,,,0
2026-08-03T13:42:29,2026-08-03,ALV,ERROR,0,N/A,N/A,0,0.0,0.0,0.0,0.0,0.0,0.0,0.0,2026-08-03,0.0,0.0,0.0,0.0,0.0,0.0,0.0,0.0,0,N/A,-1.0,0.0,0.0,0.0,0.0,N/A,N/A,A process in the process pool was terminated abruptly while the future was running or pending.,-1.0,-1.0,1.0,-1,,,0
2026-08-03T13:42:29,2026-08-03,VOYA,ERROR,0,N/A,N/A,0,0.0,0.0,0.0,0.0,0.0,0.0,0.0,2026-08-03,0.0,0.0,0.0,0.0,0.0,0.0,0.0,0.0,0,N/A,-1.0,0.0,0.0,0.0,0.0,N/A,N/A,A process in the process pool was terminated abruptly while the future was running or pending.,-1.0,-1.0,1.0,-1,,,0
2026-08-03T13:42:29,2026-08-03,NNN,ERROR,0,N/A,N/A,0,0.0,0.0,0.0,0.0,0.0,0.0,0.0,2026-08-03,0.0,0.0,0.0,0.0,0.0,0.0,0.0,0.0,0,N/A,-1.0,0.0,0.0,0.0,0.0,N/A,N/A,A process in the process pool was terminated abruptly while the future was running or pending.,-1.0,-1.0,1.0,-1,,,0
2026-08-03T13:42:29,2026-08-03,FCFS,ERROR,0,N/A,N/A,0,0.0,0.0,0.0,0.0,0.0,0.0,0.0,2026-08-03,0.0,0.0,0.0,0.0,0.0,0.0,0.0,0.0,0,N/A,-1.0,0.0,0.0,0.0,0.0,N/A,N/A,A process in the process pool was terminated abruptly while the future was running or pending.,-1.0,-1.0,1.0,-1,,,0
2026-08-03T13:42:29,2026-08-03,PB,ERROR,0,N/A,N/A,0,0.0,0.0,0.0,0.0,0.0,0.0,0.0,2026-08-03,0.0,0.0,0.0,0.0,0.0,0.0,0.0,0.0,0,N/A,-1.0,0.0,0.0,0.0,0.0,N/A,N/A,A process in the process pool was terminated abruptly while the future was running or pending.,-1.0,-1.0,1.0,-1,,,0
2026-08-03T13:42:29,2026-08-03,FR,ERROR,0,N/A,N/A,0,0.0,0.0,0.0,0.0,0.0,0.0,0.0,2026-08-03,0.0,0.0,0.0,0.0,0.0,0.0,0.0,0.0,0,N/A,-1.0,0.0,0.0,0.0,0.0,N/A,N/A,A process in the process pool was terminated abruptly while the future was running or pending.,-1.0,-1.0,1.0,-1,,,0
2026-08-03T13:42:29,2026-08-03,HLI,ERROR,0,N/A,N/A,0,0.0,0.0,0.0,0.0,0.0,0.0,0.0,2026-08-03,0.0,0.0,0.0,0.0,0.0,0.0,0.0,0.0,0,N/A,-1.0,0.0,0.0,0.0,0.0,N/A,N/A,A process in the process pool was terminated abruptly while the future was running or pending.,-1.0,-1.0,1.0,-1,,,0
2026-08-03T13:42:29,2026-08-03,OSK,ERROR,0,N/A,N/A,0,0.0,0.0,0.0,0.0,0.0,0.0,0.0,2026-08-03,0.0,0.0,0.0,0.0,0.0,0.0,0.0,0.0,0,N/A,-1.0,0.0,0.0,0.0,0.0,N/A,N/A,A process in the process pool was terminated abruptly while the future was running or pending.,-1.0,-1.0,1.0,-1,,,0
2026-08-03T13:42:29,2026-08-03,COLB,ERROR,0,N/A,N/A,0,0.0,0.0,0.0,0.0,0.0,0.0,0.0,2026-08-03,0.0,0.0,0.0,0.0,0.0,0.0,0.0,0.0,0,N/A,-1.0,0.0,0.0,0.0,0.0,N/A,N/A,A process in the process pool was terminated abruptly while the future was running or pending.,-1.0,-1.0,1.0,-1,,,0
2026-08-03T13:42:29,2026-08-03,WAL,ERROR,0,N/A,N/A,0,0.0,0.0,0.0,0.0,0.0,0.0,0.0,2026-08-03,0.0,0.0,0.0,0.0,0.0,0.0,0.0,0.0,0,N/A,-1.0,0.0,0.0,0.0,0.0,N/A,N/A,A process in the process pool was terminated abruptly while the future was running or pending.,-1.0,-1.0,1.0,-1,,,0
2026-08-03T13:42:29,2026-08-03,VIAV,ERROR,0,N/A,N/A,0,0.0,0.0,0.0,0.0,0.0,0.0,0.0,2026-08-03,0.0,0.0,0.0,0.0,0.0,0.0,0.0,0.0,0,N/A,-1.0,0.0,0.0,0.0,0.0,N/A,N/A,A process in the process pool was terminated abruptly while the future was running or pending.,-1.0,-1.0,1.0,-1,,,0
2026-08-03T13:42:29,2026-08-03,KTOS,ERROR,0,N/A,N/A,0,0.0,0.0,0.0,0.0,0.0,0.0,0.0,2026-08-03,0.0,0.0,0.0,0.0,0.0,0.0,0.0,0.0,0,N/A,-1.0,0.0,0.0,0.0,0.0,N/A,N/A,A process in the process pool was terminated abruptly while the future was running or pending.,-1.0,-1.0,1.0,-1,,,0
2026-08-03T13:42:29,2026-08-03,CNM,ERROR,0,N/A,N/A,0,0.0,0.0,0.0,0.0,0.0,0.0,0.0,2026-08-03,0.0,0.0,0.0,0.0,0.0,0.0,0.0,0.0,0,N/A,-1.0,0.0,0.0,0.0,0.0,N/A,N/A,A process in the process pool was terminated abruptly while the future was running or pending.,-1.0,-1.0,1.0,-1,,,0
2026-08-03T13:42:29,2026-08-03,GME,ERROR,0,N/A,N/A,0,0.0,0.0,0.0,0.0,0.0,0.0,0.0,2026-08-03,0.0,0.0,0.0,0.0,0.0,0.0,0.0,0.0,0,N/A,-1.0,0.0,0.0,0.0,0.0,N/A,N/A,A process in the process pool was terminated abruptly while the future was running or pending.,-1.0,-1.0,1.0,-1,,,0
2026-08-03T13:42:29,2026-08-03,WLK,ERROR,0,N/A,N/A,0,0.0,0.0,0.0,0.0,0.0,0.0,0.0,2026-08-03,0.0,0.0,0.0,0.0,0.0,0.0,0.0,0.0,0,N/A,-1.0,0.0,0.0,0.0,0.0,N/A,N/A,A process in the process pool was terminated abruptly while the future was running or pending.,-1.0,-1.0,1.0,-1,,,0
2026-08-03T13:42:29,2026-08-03,BIO,ERROR,0,N/A,N/A,0,0.0,0.0,0.0,0.0,0.0,0.0,0.0,2026-08-03,0.0,0.0,0.0,0.0,0.0,0.0,0.0,0.0,0,N/A,-1.0,0.0,0.0,0.0,0.0,N/A,N/A,A process in the process pool was terminated abruptly while the future was running or pending.,-1.0,-1.0,1.0,-1,,,0
2026-08-03T13:42:29,2026-08-03,ATR,ERROR,0,N/A,N/A,0,0.0,0.0,0.0,0.0,0.0,0.0,0.0,2026-08-03,0.0,0.0,0.0,0.0,0.0,0.0,0.0,0.0,0,N/A,-1.0,0.0,0.0,0.0,0.0,N/A,N/A,A process in the process pool was terminated abruptly while the future was running or pending.,-1.0,-1.0,1.0,-1,,,0
2026-08-03T13:42:29,2026-08-03,TTEK,ERROR,0,N/A,N/A,0,0.0,0.0,0.0,0.0,0.0,0.0,0.0,2026-08-03,0.0,0.0,0.0,0.0,0.0,0.0,0.0,0.0,0,N/A,-1.0,0.0,0.0,0.0,0.0,N/A,N/A,A process in the process pool was terminated abruptly while the future was running or pending.,-1.0,-1.0,1.0,-1,,,0
2026-08-03T13:42:29,2026-08-03,REXR,ERROR,0,N/A,N/A,0,0.0,0.0,0.0,0.0,0.0,0.0,0.0,2026-08-03,0.0,0.0,0.0,0.0,0.0,0.0,0.0,0.0,0,N/A,-1.0,0.0,0.0,0.0,0.0,N/A,N/A,A process in the process pool was terminated abruptly while the future was running or pending.,-1.0,-1.0,1.0,-1,,,0
2026-08-03T13:42:29,2026-08-03,LAD,ERROR,0,N/A,N/A,0,0.0,0.0,0.0,0.0,0.0,0.0,0.0,2026-08-03,0.0,0.0,0.0,0.0,0.0,0.0,0.0,0.0,0,N/A,-1.0,0.0,0.0,0.0,0.0,N/A,N/A,A process in the process pool was terminated abruptly while the future was running or pending.,-1.0,-1.0,1.0,-1,,,0
2026-08-03T13:42:29,2026-08-03,CBSH,ERROR,0,N/A,N/A,0,0.0,0.0,0.0,0.0,0.0,0.0,0.0,2026-08-03,0.0,0.0,0.0,0.0,0.0,0.0,0.0,0.0,0,N/A,-1.0,0.0,0.0,0.0,0.0,N/A,N/A,A process in the process pool was terminated abruptly while the future was running or pending.,-1.0,-1.0,1.0,-1,,,0
2026-08-03T13:42:29,2026-08-03,HQY,ERROR,0,N/A,N/A,0,0.0,0.0,0.0,0.0,0.0,0.0,0.0,2026-08-03,0.0,0.0,0.0,0.0,0.0,0.0,0.0,0.0,0,N/A,-1.0,0.0,0.0,0.0,0.0,N/A,N/A,A process in the process pool was terminated abruptly while the future was running or pending.,-1.0,-1.0,1.0,-1,,,0
2026-08-03T13:42:29,2026-08-03,BAH,ERROR,0,N/A,N/A,0,0.0,0.0,0.0,0.0,0.0,0.0,0.0,2026-08-03,0.0,0.0,0.0,0.0,0.0,0.0,0.0,0.0,0,N/A,-1.0,0.0,0.0,0.0,0.0,N/A,N/A,A process in the process pool was terminated abruptly while the future was running or pending.,-1.0,-1.0,1.0,-1,,,0
2026-08-03T13:42:29,2026-08-03,SFM,ERROR,0,N/A,N/A,0,0.0,0.0,0.0,0.0,0.0,0.0,0.0,2026-08-03,0.0,0.0,0.0,0.0,0.0,0.0,0.0,0.0,0,N/A,-1.0,0.0,0.0,0.0,0.0,N/A,N/A,A process in the process pool was terminated abruptly while the future was running or pending.,-1.0,-1.0,1.0,-1,,,0
2026-08-03T13:42:29,2026-08-03,KNSL,ERROR,0,N/A,N/A,0,0.0,0.0,0.0,0.0,0.0,0.0,0.0,2026-08-03,0.0,0.0,0.0,0.0,0.0,0.0,0.0,0.0,0,N/A,-1.0,0.0,0.0,0.0,0.0,N/A,N/A,A process in the process pool was terminated abruptly while the future was running or pending.,-1.0,-1.0,1.0,-1,,,0
2026-08-03T13:42:29,2026-08-03,IDA,ERROR,0,N/A,N/A,0,0.0,0.0,0.0,0.0,0.0,0.0,0.0,2026-08-03,0.0,0.0,0.0,0.0,0.0,0.0,0.0,0.0,0,N/A,-1.0,0.0,0.0,0.0,0.0,N/A,N/A,A process in the process pool was terminated abruptly while the future was running or pending.,-1.0,-1.0,1.0,-1,,,0
2026-08-03T13:42:29,2026-08-03,THG,ERROR,0,N/A,N/A,0,0.0,0.0,0.0,0.0,0.0,0.0,0.0,2026-08-03,0.0,0.0,0.0,0.0,0.0,0.0,0.0,0.0,0,N/A,-1.0,0.0,0.0,0.0,0.0,N/A,N/A,A process in the process pool was terminated abruptly while the future was running or pending.,-1.0,-1.0,1.0,-1,,,0
2026-08-03T13:42:29,2026-08-03,PBF,ERROR,0,N/A,N/A,0,0.0,0.0,0.0,0.0,0.0,0.0,0.0,2026-08-03,0.0,0.0,0.0,0.0,0.0,0.0,0.0,0.0,0,N/A,-1.0,0.0,0.0,0.0,0.0,N/A,N/A,A process in the process pool was terminated abruptly while the future was running or pending.,-1.0,-1.0,1.0,-1,,,0
2026-08-03T13:42:29,2026-08-03,RGEN,ERROR,0,N/A,N/A,0,0.0,0.0,0.0,0.0,0.0,0.0,0.0,2026-08-03,0.0,0.0,0.0,0.0,0.0,0.0,0.0,0.0,0,N/A,-1.0,0.0,0.0,0.0,0.0,N/A,N/A,A process in the process pool was terminated abruptly while the future was running or pending.,-1.0,-1.0,1.0,-1,,,0
2026-08-03T13:42:29,2026-08-03,VLY,ERROR,0,N/A,N/A,0,0.0,0.0,0.0,0.0,0.0,0.0,0.0,2026-08-03,0.0,0.0,0.0,0.0,0.0,0.0,0.0,0.0,0,N/A,-1.0,0.0,0.0,0.0,0.0,N/A,N/A,A process in the process pool was terminated abruptly while the future was running or pending.,-1.0,-1.0,1.0,-1,,,0
2026-08-03T13:42:29,2026-08-03,IDCC,ERROR,0,N/A,N/A,0,0.0,0.0,0.0,0.0,0.0,0.0,0.0,2026-08-03,0.0,0.0,0.0,0.0,0.0,0.0,0.0,0.0,0,N/A,-1.0,0.0,0.0,0.0,0.0,N/A,N/A,A process in the process pool was terminated abruptly while the future was running or pending.,-1.0,-1.0,1.0,-1,,,0
2026-08-03T13:42:29,2026-08-03,AXTA,ERROR,0,N/A,N/A,0,0.0,0.0,0.0,0.0,0.0,0.0,0.0,2026-08-03,0.0,0.0,0.0,0.0,0.0,0.0,0.0,0.0,0,N/A,-1.0,0.0,0.0,0.0,0.0,N/A,N/A,A process in the process pool was terminated abruptly while the future was running or pending.,-1.0,-1.0,1.0,-1,,,0
2026-08-03T13:42:29,2026-08-03,AVAV,ERROR,0,N/A,N/A,0,0.0,0.0,0.0,0.0,0.0,0.0,0.0,2026-08-03,0.0,0.0,0.0,0.0,0.0,0.0,0.0,0.0,0,N/A,-1.0,0.0,0.0,0.0,0.0,N/A,N/A,A process in the process pool was terminated abruptly while the future was running or pending.,-1.0,-1.0,1.0,-1,,,0
2026-08-03T13:42:29,2026-08-03,NEU,ERROR,0,N/A,N/A,0,0.0,0.0,0.0,0.0,0.0,0.0,0.0,2026-08-03,0.0,0.0,0.0,0.0,0.0,0.0,0.0,0.0,0,N/A,-1.0,0.0,0.0,0.0,0.0,N/A,N/A,A process in the process pool was terminated abruptly while the future was running or pending.,-1.0,-1.0,1.0,-1,,,0
2026-08-03T13:42:29,2026-08-03,DBX,ERROR,0,N/A,N/A,0,0.0,0.0,0.0,0.0,0.0,0.0,0.0,2026-08-03,0.0,0.0,0.0,0.0,0.0,0.0,0.0,0.0,0,N/A,-1.0,0.0,0.0,0.0,0.0,N/A,N/A,A process in the process pool was terminated abruptly while the future was running or pending.,-1.0,-1.0,1.0,-1,,,0
2026-08-03T13:42:29,2026-08-03,FAF,ERROR,0,N/A,N/A,0,0.0,0.0,0.0,0.0,0.0,0.0,0.0,2026-08-03,0.0,0.0,0.0,0.0,0.0,0.0,0.0,0.0,0,N/A,-1.0,0.0,0.0,0.0,0.0,N/A,N/A,A process in the process pool was terminated abruptly while the future was running or pending.,-1.0,-1.0,1.0,-1,,,0
2026-08-03T13:42:29,2026-08-03,NFG,ERROR,0,N/A,N/A,0,0.0,0.0,0.0,0.0,0.0,0.0,0.0,2026-08-03,0.0,0.0,0.0,0.0,0.0,0.0,0.0,0.0,0,N/A,-1.0,0.0,0.0,0.0,0.0,N/A,N/A,A process in the process pool was terminated abruptly while the future was running or pending.,-1.0,-1.0,1.0,-1,,,0
2026-08-03T13:42:29,2026-08-03,HXL,ERROR,0,N/A,N/A,0,0.0,0.0,0.0,0.0,0.0,0.0,0.0,2026-08-03,0.0,0.0,0.0,0.0,0.0,0.0,0.0,0.0,0,N/A,-1.0,0.0,0.0,0.0,0.0,N/A,N/A,A process in the process pool was terminated abruptly while the future was running or pending.,-1.0,-1.0,1.0,-1,,,0
2026-08-03T13:42:29,2026-08-03,CAVA,ERROR,0,N/A,N/A,0,0.0,0.0,0.0,0.0,0.0,0.0,0.0,2026-08-03,0.0,0.0,0.0,0.0,0.0,0.0,0.0,0.0,0,N/A,-1.0,0.0,0.0,0.0,0.0,N/A,N/A,A process in the process pool was terminated abruptly while the future was running or pending.,-1.0,-1.0,1.0,-1,,,0
2026-08-03T13:42:29,2026-08-03,CHRD,ERROR,0,N/A,N/A,0,0.0,0.0,0.0,0.0,0.0,0.0,0.0,2026-08-03,0.0,0.0,0.0,0.0,0.0,0.0,0.0,0.0,0,N/A,-1.0,0.0,0.0,0.0,0.0,N/A,N/A,A process in the process pool was terminated abruptly while the future was running or pending.,-1.0,-1.0,1.0,-1,,,0
2026-08-03T13:42:29,2026-08-03,PCTY,ERROR,0,N/A,N/A,0,0.0,0.0,0.0,0.0,0.0,0.0,0.0,2026-08-03,0.0,0.0,0.0,0.0,0.0,0.0,0.0,0.0,0,N/A,-1.0,0.0,0.0,0.0,0.0,N/A,N/A,A process in the process pool was terminated abruptly while the future was running or pending.,-1.0,-1.0,1.0,-1,,,0
2026-08-03T13:42:29,2026-08-03,CELH,ERROR,0,N/A,N/A,0,0.0,0.0,0.0,0.0,0.0,0.0,0.0,2026-08-03,0.0,0.0,0.0,0.0,0.0,0.0,0.0,0.0,0,N/A,-1.0,0.0,0.0,0.0,0.0,N/A,N/A,A process in the process pool was terminated abruptly while the future was running or pending.,-1.0,-1.0,1.0,-1,,,0
2026-08-03T13:42:29,2026-08-03,STAG,ERROR,0,N/A,N/A,0,0.0,0.0,0.0,0.0,0.0,0.0,0.0,2026-08-03,0.0,0.0,0.0,0.0,0.0,0.0,0.0,0.0,0,N/A,-1.0,0.0,0.0,0.0,0.0,N/A,N/A,A process in the process pool was terminated abruptly while the future was running or pending.,-1.0,-1.0,1.0,-1,,,0
2026-08-03T13:42:29,2026-08-03,AGCO,ERROR,0,N/A,N/A,0,0.0,0.0,0.0,0.0,0.0,0.0,0.0,2026-08-03,0.0,0.0,0.0,0.0,0.0,0.0,0.0,0.0,0,N/A,-1.0,0.0,0.0,0.0,0.0,N/A,N/A,A process in the process pool was terminated abruptly while the future was running or pending.,-1.0,-1.0,1.0,-1,,,0
2026-08-03T13:42:29,2026-08-03,MORN,ERROR,0,N/A,N/A,0,0.0,0.0,0.0,0.0,0.0,0.0,0.0,2026-08-03,0.0,0.0,0.0,0.0,0.0,0.0,0.0,0.0,0,N/A,-1.0,0.0,0.0,0.0,0.0,N/A,N/A,A process in the process pool was terminated abruptly while the future was running or pending.,-1.0,-1.0,1.0,-1,,,0
2026-08-03T13:42:29,2026-08-03,ALGM,ERROR,0,N/A,N/A,0,0.0,0.0,0.0,0.0,0.0,0.0,0.0,2026-08-03,0.0,0.0,0.0,0.0,0.0,0.0,0.0,0.0,0,N/A,-1.0,0.0,0.0,0.0,0.0,N/A,N/A,A process in the process pool was terminated abruptly while the future was running or pending.,-1.0,-1.0,1.0,-1,,,0
2026-08-03T13:42:29,2026-08-03,AAON,ERROR,0,N/A,N/A,0,0.0,0.0,0.0,0.0,0.0,0.0,0.0,2026-08-03,0.0,0.0,0.0,0.0,0.0,0.0,0.0,0.0,0,N/A,-1.0,0.0,0.0,0.0,0.0,N/A,N/A,A process in the process pool was terminated abruptly while the future was running or pending.,-1.0,-1.0,1.0,-1,,,0
2026-08-03T13:42:29,2026-08-03,MP,ERROR,0,N/A,N/A,0,0.0,0.0,0.0,0.0,0.0,0.0,0.0,2026-08-03,0.0,0.0,0.0,0.0,0.0,0.0,0.0,0.0,0,N/A,-1.0,0.0,0.0,0.0,0.0,N/A,N/A,A process in the process pool was terminated abruptly while the future was running or pending.,-1.0,-1.0,1.0,-1,,,0
2026-08-03T13:42:29,2026-08-03,TEX,ERROR,0,N/A,N/A,0,0.0,0.0,0.0,0.0,0.0,0.0,0.0,2026-08-03,0.0,0.0,0.0,0.0,0.0,0.0,0.0,0.0,0,N/A,-1.0,0.0,0.0,0.0,0.0,N/A,N/A,A process in the process pool was terminated abruptly while the future was running or pending.,-1.0,-1.0,1.0,-1,,,0
2026-08-03T13:42:29,2026-08-03,MSA,ERROR,0,N/A,N/A,0,0.0,0.0,0.0,0.0,0.0,0.0,0.0,2026-08-03,0.0,0.0,0.0,0.0,0.0,0.0,0.0,0.0,0,N/A,-1.0,0.0,0.0,0.0,0.0,N/A,N/A,A process in the process pool was terminated abruptly while the future was running or pending.,-1.0,-1.0,1.0,-1,,,0
2026-08-03T13:42:29,2026-08-03,HR,ERROR,0,N/A,N/A,0,0.0,0.0,0.0,0.0,0.0,0.0,0.0,2026-08-03,0.0,0.0,0.0,0.0,0.0,0.0,0.0,0.0,0,N/A,-1.0,0.0,0.0,0.0,0.0,N/A,N/A,A process in the process pool was terminated abruptly while the future was running or pending.,-1.0,-1.0,1.0,-1,,,0
2026-08-03T13:42:29,2026-08-03,AN,ERROR,0,N/A,N/A,0,0.0,0.0,0.0,0.0,0.0,0.0,0.0,2026-08-03,0.0,0.0,0.0,0.0,0.0,0.0,0.0,0.0,0,N/A,-1.0,0.0,0.0,0.0,0.0,N/A,N/A,A process in the process pool was terminated abruptly while the future was running or pending.,-1.0,-1.0,1.0,-1,,,0
2026-08-03T13:42:29,2026-08-03,AVT,ERROR,0,N/A,N/A,0,0.0,0.0,0.0,0.0,0.0,0.0,0.0,2026-08-03,0.0,0.0,0.0,0.0,0.0,0.0,0.0,0.0,0,N/A,-1.0,0.0,0.0,0.0,0.0,N/A,N/A,A process in the process pool was terminated abruptly while the future was running or pending.,-1.0,-1.0,1.0,-1,,,0
2026-08-03T13:42:29,2026-08-03,CHE,ERROR,0,N/A,N/A,0,0.0,0.0,0.0,0.0,0.0,0.0,0.0,2026-08-03,0.0,0.0,0.0,0.0,0.0,0.0,0.0,0.0,0,N/A,-1.0,0.0,0.0,0.0,0.0,N/A,N/A,A process in the process pool was terminated abruptly while the future was running or pending.,-1.0,-1.0,1.0,-1,,,0
2026-08-03T13:42:29,2026-08-03,SLAB,ERROR,0,N/A,N/A,0,0.0,0.0,0.0,0.0,0.0,0.0,0.0,2026-08-03,0.0,0.0,0.0,0.0,0.0,0.0,0.0,0.0,0,N/A,-1.0,0.0,0.0,0.0,0.0,N/A,N/A,A process in the process pool was terminated abruptly while the future was running or pending.,-1.0,-1.0,1.0,-1,,,0
2026-08-03T13:42:29,2026-08-03,KEX,ERROR,0,N/A,N/A,0,0.0,0.0,0.0,0.0,0.0,0.0,0.0,2026-08-03,0.0,0.0,0.0,0.0,0.0,0.0,0.0,0.0,0,N/A,-1.0,0.0,0.0,0.0,0.0,N/A,N/A,A process in the process pool was terminated abruptly while the future was running or pending.,-1.0,-1.0,1.0,-1,,,0
2026-08-03T13:42:29,2026-08-03,NOV,ERROR,0,N/A,N/A,0,0.0,0.0,0.0,0.0,0.0,0.0,0.0,2026-08-03,0.0,0.0,0.0,0.0,0.0,0.0,0.0,0.0,0,N/A,-1.0,0.0,0.0,0.0,0.0,N/A,N/A,A process in the process pool was terminated abruptly while the future was running or pending.,-1.0,-1.0,1.0,-1,,,0
2026-08-03T13:42:29,2026-08-03,ST,ERROR,0,N/A,N/A,0,0.0,0.0,0.0,0.0,0.0,0.0,0.0,2026-08-03,0.0,0.0,0.0,0.0,0.0,0.0,0.0,0.0,0,N/A,-1.0,0.0,0.0,0.0,0.0,N/A,N/A,A process in the process pool was terminated abruptly while the future was running or pending.,-1.0,-1.0,1.0,-1,,,0
2026-08-03T13:42:29,2026-08-03,FNB,ERROR,0,N/A,N/A,0,0.0,0.0,0.0,0.0,0.0,0.0,0.0,2026-08-03,0.0,0.0,0.0,0.0,0.0,0.0,0.0,0.0,0,N/A,-1.0,0.0,0.0,0.0,0.0,N/A,N/A,A process in the process pool was terminated abruptly while the future was running or pending.,-1.0,-1.0,1.0,-1,,,0
2026-08-03T13:42:29,2026-08-03,PATH,ERROR,0,N/A,N/A,0,0.0,0.0,0.0,0.0,0.0,0.0,0.0,2026-08-03,0.0,0.0,0.0,0.0,0.0,0.0,0.0,0.0,0,N/A,-1.0,0.0,0.0,0.0,0.0,N/A,N/A,A process in the process pool was terminated abruptly while the future was running or pending.,-1.0,-1.0,1.0,-1,,,0
2026-08-03T13:42:29,2026-08-03,ENS,ERROR,0,N/A,N/A,0,0.0,0.0,0.0,0.0,0.0,0.0,0.0,2026-08-03,0.0,0.0,0.0,0.0,0.0,0.0,0.0,0.0,0,N/A,-1.0,0.0,0.0,0.0,0.0,N/A,N/A,A process in the process pool was terminated abruptly while the future was running or pending.,-1.0,-1.0,1.0,-1,,,0
2026-08-03T13:42:29,2026-08-03,HIMS,ERROR,0,N/A,N/A,0,0.0,0.0,0.0,0.0,0.0,0.0,0.0,2026-08-03,0.0,0.0,0.0,0.0,0.0,0.0,0.0,0.0,0,N/A,-1.0,0.0,0.0,0.0,0.0,N/A,N/A,A process in the process pool was terminated abruptly while the future was running or pending.,-1.0,-1.0,1.0,-1,,,0
2026-08-03T13:42:29,2026-08-03,M,ERROR,0,N/A,N/A,0,0.0,0.0,0.0,0.0,0.0,0.0,0.0,2026-08-03,0.0,0.0,0.0,0.0,0.0,0.0,0.0,0.0,0,N/A,-1.0,0.0,0.0,0.0,0.0,N/A,N/A,A process in the process pool was terminated abruptly while the future was running or pending.,-1.0,-1.0,1.0,-1,,,0
2026-08-03T13:42:29,2026-08-03,UBSI,ERROR,0,N/A,N/A,0,0.0,0.0,0.0,0.0,0.0,0.0,0.0,2026-08-03,0.0,0.0,0.0,0.0,0.0,0.0,0.0,0.0,0,N/A,-1.0,0.0,0.0,0.0,0.0,N/A,N/A,A process in the process pool was terminated abruptly while the future was running or pending.,-1.0,-1.0,1.0,-1,,,0
2026-08-03T13:42:29,2026-08-03,APPF,ERROR,0,N/A,N/A,0,0.0,0.0,0.0,0.0,0.0,0.0,0.0,2026-08-03,0.0,0.0,0.0,0.0,0.0,0.0,0.0,0.0,0,N/A,-1.0,0.0,0.0,0.0,0.0,N/A,N/A,A process in the process pool was terminated abruptly while the future was running or pending.,-1.0,-1.0,1.0,-1,,,0
2026-08-03T13:42:29,2026-08-03,LNTH,ERROR,0,N/A,N/A,0,0.0,0.0,0.0,0.0,0.0,0.0,0.0,2026-08-03,0.0,0.0,0.0,0.0,0.0,0.0,0.0,0.0,0,N/A,-1.0,0.0,0.0,0.0,0.0,N/A,N/A,A process in the process pool was terminated abruptly while the future was running or pending.,-1.0,-1.0,1.0,-1,,,0
2026-08-03T13:42:29,2026-08-03,PPC,ERROR,0,N/A,N/A,0,0.0,0.0,0.0,0.0,0.0,0.0,0.0,2026-08-03,0.0,0.0,0.0,0.0,0.0,0.0,0.0,0.0,0,N/A,-1.0,0.0,0.0,0.0,0.0,N/A,N/A,A process in the process pool was terminated abruptly while the future was running or pending.,-1.0,-1.0,1.0,-1,,,0
2026-08-03T13:42:29,2026-08-03,GBCI,ERROR,0,N/A,N/A,0,0.0,0.0,0.0,0.0,0.0,0.0,0.0,2026-08-03,0.0,0.0,0.0,0.0,0.0,0.0,0.0,0.0,0,N/A,-1.0,0.0,0.0,0.0,0.0,N/A,N/A,A process in the process pool was terminated abruptly while the future was running or pending.,-1.0,-1.0,1.0,-1,,,0
2026-08-03T13:42:29,2026-08-03,CRUS,ERROR,0,N/A,N/A,0,0.0,0.0,0.0,0.0,0.0,0.0,0.0,2026-08-03,0.0,0.0,0.0,0.0,0.0,0.0,0.0,0.0,0,N/A,-1.0,0.0,0.0,0.0,0.0,N/A,N/A,A process in the process pool was terminated abruptly while the future was running or pending.,-1.0,-1.0,1.0,-1,,,0
2026-08-03T13:42:29,2026-08-03,EXP,ERROR,0,N/A,N/A,0,0.0,0.0,0.0,0.0,0.0,0.0,0.0,2026-08-03,0.0,0.0,0.0,0.0,0.0,0.0,0.0,0.0,0,N/A,-1.0,0.0,0.0,0.0,0.0,N/A,N/A,A process in the process pool was terminated abruptly while the future was running or pending.,-1.0,-1.0,1.0,-1,,,0
2026-08-03T13:42:29,2026-08-03,WEX,ERROR,0,N/A,N/A,0,0.0,0.0,0.0,0.0,0.0,0.0,0.0,2026-08-03,0.0,0.0,0.0,0.0,0.0,0.0,0.0,0.0,0,N/A,-1.0,0.0,0.0,0.0,0.0,N/A,N/A,A process in the process pool was terminated abruptly while the future was running or pending.,-1.0,-1.0,1.0,-1,,,0
2026-08-03T13:42:29,2026-08-03,CROX,ERROR,0,N/A,N/A,0,0.0,0.0,0.0,0.0,0.0,0.0,0.0,2026-08-03,0.0,0.0,0.0,0.0,0.0,0.0,0.0,0.0,0,N/A,-1.0,0.0,0.0,0.0,0.0,N/A,N/A,A process in the process pool was terminated abruptly while the future was running or pending.,-1.0,-1.0,1.0,-1,,,0
2026-08-03T13:42:29,2026-08-03,SWX,ERROR,0,N/A,N/A,0,0.0,0.0,0.0,0.0,0.0,0.0,0.0,2026-08-03,0.0,0.0,0.0,0.0,0.0,0.0,0.0,0.0,0,N/A,-1.0,0.0,0.0,0.0,0.0,N/A,N/A,A process in the process pool was terminated abruptly while the future was running or pending.,-1.0,-1.0,1.0,-1,,,0
2026-08-03T13:42:29,2026-08-03,GATX,ERROR,0,N/A,N/A,0,0.0,0.0,0.0,0.0,0.0,0.0,0.0,2026-08-03,0.0,0.0,0.0,0.0,0.0,0.0,0.0,0.0,0,N/A,-1.0,0.0,0.0,0.0,0.0,N/A,N/A,A process in the process pool was terminated abruptly while the future was running or pending.,-1.0,-1.0,1.0,-1,,,0
2026-08-03T13:42:29,2026-08-03,DUOL,ERROR,0,N/A,N/A,0,0.0,0.0,0.0,0.0,0.0,0.0,0.0,2026-08-03,0.0,0.0,0.0,0.0,0.0,0.0,0.0,0.0,0,N/A,-1.0,0.0,0.0,0.0,0.0,N/A,N/A,A process in the process pool was terminated abruptly while the future was running or pending.,-1.0,-1.0,1.0,-1,,,0
2026-08-03T13:42:29,2026-08-03,TXNM,ERROR,0,N/A,N/A,0,0.0,0.0,0.0,0.0,0.0,0.0,0.0,2026-08-03,0.0,0.0,0.0,0.0,0.0,0.0,0.0,0.0,0,N/A,-1.0,0.0,0.0,0.0,0.0,N/A,N/A,A process in the process pool was terminated abruptly while the future was running or pending.,-1.0,-1.0,1.0,-1,,,0
2026-08-03T13:42:29,2026-08-03,INGR,ERROR,0,N/A,N/A,0,0.0,0.0,0.0,0.0,0.0,0.0,0.0,2026-08-03,0.0,0.0,0.0,0.0,0.0,0.0,0.0,0.0,0,N/A,-1.0,0.0,0.0,0.0,0.0,N/A,N/A,A process in the process pool was terminated abruptly while the future was running or pending.,-1.0,-1.0,1.0,-1,,,0
2026-08-03T13:42:29,2026-08-03,CLF,ERROR,0,N/A,N/A,0,0.0,0.0,0.0,0.0,0.0,0.0,0.0,2026-08-03,0.0,0.0,0.0,0.0,0.0,0.0,0.0,0.0,0,N/A,-1.0,0.0,0.0,0.0,0.0,N/A,N/A,A process in the process pool was terminated abruptly while the future was running or pending.,-1.0,-1.0,1.0,-1,,,0
2026-08-03T13:42:29,2026-08-03,MTG,ERROR,0,N/A,N/A,0,0.0,0.0,0.0,0.0,0.0,0.0,0.0,2026-08-03,0.0,0.0,0.0,0.0,0.0,0.0,0.0,0.0,0,N/A,-1.0,0.0,0.0,0.0,0.0,N/A,N/A,A process in the process pool was terminated abruptly while the future was running or pending.,-1.0,-1.0,1.0,-1,,,0
2026-08-03T13:42:29,2026-08-03,FND,ERROR,0,N/A,N/A,0,0.0,0.0,0.0,0.0,0.0,0.0,0.0,2026-08-03,0.0,0.0,0.0,0.0,0.0,0.0,0.0,0.0,0,N/A,-1.0,0.0,0.0,0.0,0.0,N/A,N/A,A process in the process pool was terminated abruptly while the future was running or pending.,-1.0,-1.0,1.0,-1,,,0
2026-08-03T13:42:29,2026-08-03,HOMB,ERROR,0,N/A,N/A,0,0.0,0.0,0.0,0.0,0.0,0.0,0.0,2026-08-03,0.0,0.0,0.0,0.0,0.0,0.0,0.0,0.0,0,N/A,-1.0,0.0,0.0,0.0,0.0,N/A,N/A,A process in the process pool was terminated abruptly while the future was running or pending.,-1.0,-1.0,1.0,-1,,,0
2026-08-03T13:42:29,2026-08-03,HWC,ERROR,0,N/A,N/A,0,0.0,0.0,0.0,0.0,0.0,0.0,0.0,2026-08-03,0.0,0.0,0.0,0.0,0.0,0.0,0.0,0.0,0,N/A,-1.0,0.0,0.0,0.0,0.0,N/A,N/A,A process in the process pool was terminated abruptly while the future was running or pending.,-1.0,-1.0,1.0,-1,,,0
2026-08-03T13:42:29,2026-08-03,MIDD,ERROR,0,N/A,N/A,0,0.0,0.0,0.0,0.0,0.0,0.0,0.0,2026-08-03,0.0,0.0,0.0,0.0,0.0,0.0,0.0,0.0,0,N/A,-1.0,0.0,0.0,0.0,0.0,N/A,N/A,A process in the process pool was terminated abruptly while the future was running or pending.,-1.0,-1.0,1.0,-1,,,0
2026-08-03T13:42:29,2026-08-03,ESNT,ERROR,0,N/A,N/A,0,0.0,0.0,0.0,0.0,0.0,0.0,0.0,2026-08-03,0.0,0.0,0.0,0.0,0.0,0.0,0.0,0.0,0,N/A,-1.0,0.0,0.0,0.0,0.0,N/A,N/A,A process in the process pool was terminated abruptly while the future was running or pending.,-1.0,-1.0,1.0,-1,,,0
2026-08-03T13:42:29,2026-08-03,HLNE,ERROR,0,N/A,N/A,0,0.0,0.0,0.0,0.0,0.0,0.0,0.0,2026-08-03,0.0,0.0,0.0,0.0,0.0,0.0,0.0,0.0,0,N/A,-1.0,0.0,0.0,0.0,0.0,N/A,N/A,A process in the process pool was terminated abruptly while the future was running or pending.,-1.0,-1.0,1.0,-1,,,0
2026-08-03T13:42:29,2026-08-03,WFRD,ERROR,0,N/A,N/A,0,0.0,0.0,0.0,0.0,0.0,0.0,0.0,2026-08-03,0.0,0.0,0.0,0.0,0.0,0.0,0.0,0.0,0,N/A,-1.0,0.0,0.0,0.0,0.0,N/A,N/A,A process in the process pool was terminated abruptly while the future was running or pending.,-1.0,-1.0,1.0,-1,,,0
2026-08-03T13:42:29,2026-08-03,BYD,ERROR,0,N/A,N/A,0,0.0,0.0,0.0,0.0,0.0,0.0,0.0,2026-08-03,0.0,0.0,0.0,0.0,0.0,0.0,0.0,0.0,0,N/A,-1.0,0.0,0.0,0.0,0.0,N/A,N/A,A process in the process pool was terminated abruptly while the future was running or pending.,-1.0,-1.0,1.0,-1,,,0
2026-08-03T13:42:29,2026-08-03,STWD,ERROR,0,N/A,N/A,0,0.0,0.0,0.0,0.0,0.0,0.0,0.0,2026-08-03,0.0,0.0,0.0,0.0,0.0,0.0,0.0,0.0,0,N/A,-1.0,0.0,0.0,0.0,0.0,N/A,N/A,A process in the process pool was terminated abruptly while the future was running or pending.,-1.0,-1.0,1.0,-1,,,0
2026-08-03T13:42:29,2026-08-03,FBIN,ERROR,0,N/A,N/A,0,0.0,0.0,0.0,0.0,0.0,0.0,0.0,2026-08-03,0.0,0.0,0.0,0.0,0.0,0.0,0.0,0.0,0,N/A,-1.0,0.0,0.0,0.0,0.0,N/A,N/A,A process in the process pool was terminated abruptly while the future was running or pending.,-1.0,-1.0,1.0,-1,,,0
2026-08-03T13:42:29,2026-08-03,FLG,ERROR,0,N/A,N/A,0,0.0,0.0,0.0,0.0,0.0,0.0,0.0,2026-08-03,0.0,0.0,0.0,0.0,0.0,0.0,0.0,0.0,0,N/A,-1.0,0.0,0.0,0.0,0.0,N/A,N/A,A process in the process pool was terminated abruptly while the future was running or pending.,-1.0,-1.0,1.0,-1,,,0
2026-08-03T13:42:29,2026-08-03,MTDR,ERROR,0,N/A,N/A,0,0.0,0.0,0.0,0.0,0.0,0.0,0.0,2026-08-03,0.0,0.0,0.0,0.0,0.0,0.0,0.0,0.0,0,N/A,-1.0,0.0,0.0,0.0,0.0,N/A,N/A,A process in the process pool was terminated abruptly while the future was running or pending.,-1.0,-1.0,1.0,-1,,,0
2026-08-03T13:42:29,2026-08-03,VFC,ERROR,0,N/A,N/A,0,0.0,0.0,0.0,0.0,0.0,0.0,0.0,2026-08-03,0.0,0.0,0.0,0.0,0.0,0.0,0.0,0.0,0,N/A,-1.0,0.0,0.0,0.0,0.0,N/A,N/A,A process in the process pool was terminated abruptly while the future was running or pending.,-1.0,-1.0,1.0,-1,,,0
2026-08-03T13:42:29,2026-08-03,LSTR,ERROR,0,N/A,N/A,0,0.0,0.0,0.0,0.0,0.0,0.0,0.0,2026-08-03,0.0,0.0,0.0,0.0,0.0,0.0,0.0,0.0,0,N/A,-1.0,0.0,0.0,0.0,0.0,N/A,N/A,A process in the process pool was terminated abruptly while the future was running or pending.,-1.0,-1.0,1.0,-1,,,0
2026-08-03T13:42:29,2026-08-03,NXST,ERROR,0,N/A,N/A,0,0.0,0.0,0.0,0.0,0.0,0.0,0.0,2026-08-03,0.0,0.0,0.0,0.0,0.0,0.0,0.0,0.0,0,N/A,-1.0,0.0,0.0,0.0,0.0,N/A,N/A,A process in the process pool was terminated abruptly while the future was running or pending.,-1.0,-1.0,1.0,-1,,,0
2026-08-03T13:42:29,2026-08-03,ORA,ERROR,0,N/A,N/A,0,0.0,0.0,0.0,0.0,0.0,0.0,0.0,2026-08-03,0.0,0.0,0.0,0.0,0.0,0.0,0.0,0.0,0,N/A,-1.0,0.0,0.0,0.0,0.0,N/A,N/A,A process in the process pool was terminated abruptly while the future was running or pending.,-1.0,-1.0,1.0,-1,,,0
2026-08-03T13:42:29,2026-08-03,CHDN,ERROR,0,N/A,N/A,0,0.0,0.0,0.0,0.0,0.0,0.0,0.0,2026-08-03,0.0,0.0,0.0,0.0,0.0,0.0,0.0,0.0,0,N/A,-1.0,0.0,0.0,0.0,0.0,N/A,N/A,A process in the process pool was terminated abruptly while the future was running or pending.,-1.0,-1.0,1.0,-1,,,0
2026-08-03T13:42:29,2026-08-03,ASB,ERROR,0,N/A,N/A,0,0.0,0.0,0.0,0.0,0.0,0.0,0.0,2026-08-03,0.0,0.0,0.0,0.0,0.0,0.0,0.0,0.0,0,N/A,-1.0,0.0,0.0,0.0,0.0,N/A,N/A,A process in the process pool was terminated abruptly while the future was running or pending.,-1.0,-1.0,1.0,-1,,,0
2026-08-03T13:42:29,2026-08-03,GXO,ERROR,0,N/A,N/A,0,0.0,0.0,0.0,0.0,0.0,0.0,0.0,2026-08-03,0.0,0.0,0.0,0.0,0.0,0.0,0.0,0.0,0,N/A,-1.0,0.0,0.0,0.0,0.0,N/A,N/A,A process in the process pool was terminated abruptly while the future was running or pending.,-1.0,-1.0,1.0,-1,,,0
2026-08-03T13:42:29,2026-08-03,NJR,ERROR,0,N/A,N/A,0,0.0,0.0,0.0,0.0,0.0,0.0,0.0,2026-08-03,0.0,0.0,0.0,0.0,0.0,0.0,0.0,0.0,0,N/A,-1.0,0.0,0.0,0.0,0.0,N/A,N/A,A process in the process pool was terminated abruptly while the future was running or pending.,-1.0,-1.0,1.0,-1,,,0
2026-08-03T13:42:29,2026-08-03,POR,ERROR,0,N/A,N/A,0,0.0,0.0,0.0,0.0,0.0,0.0,0.0,2026-08-03,0.0,0.0,0.0,0.0,0.0,0.0,0.0,0.0,0,N/A,-1.0,0.0,0.0,0.0,0.0,N/A,N/A,A process in the process pool was terminated abruptly while the future was running or pending.,-1.0,-1.0,1.0,-1,,,0
2026-08-03T13:42:29,2026-08-03,HRB,ERROR,0,N/A,N/A,0,0.0,0.0,0.0,0.0,0.0,0.0,0.0,2026-08-03,0.0,0.0,0.0,0.0,0.0,0.0,0.0,0.0,0,N/A,-1.0,0.0,0.0,0.0,0.0,N/A,N/A,A process in the process pool was terminated abruptly while the future was running or pending.,-1.0,-1.0,1.0,-1,,,0
2026-08-03T13:42:29,2026-08-03,RLI,ERROR,0,N/A,N/A,0,0.0,0.0,0.0,0.0,0.0,0.0,0.0,2026-08-03,0.0,0.0,0.0,0.0,0.0,0.0,0.0,0.0,0,N/A,-1.0,0.0,0.0,0.0,0.0,N/A,N/A,A process in the process pool was terminated abruptly while the future was running or pending.,-1.0,-1.0,1.0,-1,,,0
2026-08-03T13:42:29,2026-08-03,SIGI,ERROR,0,N/A,N/A,0,0.0,0.0,0.0,0.0,0.0,0.0,0.0,2026-08-03,0.0,0.0,0.0,0.0,0.0,0.0,0.0,0.0,0,N/A,-1.0,0.0,0.0,0.0,0.0,N/A,N/A,A process in the process pool was terminated abruptly while the future was running or pending.,-1.0,-1.0,1.0,-1,,,0
2026-08-03T13:42:29,2026-08-03,ACI,ERROR,0,N/A,N/A,0,0.0,0.0,0.0,0.0,0.0,0.0,0.0,2026-08-03,0.0,0.0,0.0,0.0,0.0,0.0,0.0,0.0,0,N/A,-1.0,0.0,0.0,0.0,0.0,N/A,N/A,A process in the process pool was terminated abruptly while the future was running or pending.,-1.0,-1.0,1.0,-1,,,0
2026-08-03T13:42:29,2026-08-03,DLB,ERROR,0,N/A,N/A,0,0.0,0.0,0.0,0.0,0.0,0.0,0.0,2026-08-03,0.0,0.0,0.0,0.0,0.0,0.0,0.0,0.0,0,N/A,-1.0,0.0,0.0,0.0,0.0,N/A,N/A,A process in the process pool was terminated abruptly while the future was running or pending.,-1.0,-1.0,1.0,-1,,,0
2026-08-03T13:42:29,2026-08-03,OZK,ERROR,0,N/A,N/A,0,0.0,0.0,0.0,0.0,0.0,0.0,0.0,2026-08-03,0.0,0.0,0.0,0.0,0.0,0.0,0.0,0.0,0,N/A,-1.0,0.0,0.0,0.0,0.0,N/A,N/A,A process in the process pool was terminated abruptly while the future was running or pending.,-1.0,-1.0,1.0,-1,,,0
2026-08-03T13:42:29,2026-08-03,SON,ERROR,0,N/A,N/A,0,0.0,0.0,0.0,0.0,0.0,0.0,0.0,2026-08-03,0.0,0.0,0.0,0.0,0.0,0.0,0.0,0.0,0,N/A,-1.0,0.0,0.0,0.0,0.0,N/A,N/A,A process in the process pool was terminated abruptly while the future was running or pending.,-1.0,-1.0,1.0,-1,,,0
2026-08-03T13:42:29,2026-08-03,WH,ERROR,0,N/A,N/A,0,0.0,0.0,0.0,0.0,0.0,0.0,0.0,2026-08-03,0.0,0.0,0.0,0.0,0.0,0.0,0.0,0.0,0,N/A,-1.0,0.0,0.0,0.0,0.0,N/A,N/A,A process in the process pool was terminated abruptly while the future was running or pending.,-1.0,-1.0,1.0,-1,,,0
2026-08-03T13:42:29,2026-08-03,ALK,ERROR,0,N/A,N/A,0,0.0,0.0,0.0,0.0,0.0,0.0,0.0,2026-08-03,0.0,0.0,0.0,0.0,0.0,0.0,0.0,0.0,0,N/A,-1.0,0.0,0.0,0.0,0.0,N/A,N/A,A process in the process pool was terminated abruptly while the future was running or pending.,-1.0,-1.0,1.0,-1,,,0
2026-08-03T13:42:29,2026-08-03,ESAB,ERROR,0,N/A,N/A,0,0.0,0.0,0.0,0.0,0.0,0.0,0.0,2026-08-03,0.0,0.0,0.0,0.0,0.0,0.0,0.0,0.0,0,N/A,-1.0,0.0,0.0,0.0,0.0,N/A,N/A,A process in the process pool was terminated abruptly while the future was running or pending.,-1.0,-1.0,1.0,-1,,,0
2026-08-03T13:42:29,2026-08-03,FOUR,ERROR,0,N/A,N/A,0,0.0,0.0,0.0,0.0,0.0,0.0,0.0,2026-08-03,0.0,0.0,0.0,0.0,0.0,0.0,0.0,0.0,0,N/A,-1.0,0.0,0.0,0.0,0.0,N/A,N/A,A process in the process pool was terminated abruptly while the future was running or pending.,-1.0,-1.0,1.0,-1,,,0
2026-08-03T13:42:29,2026-08-03,BKH,ERROR,0,N/A,N/A,0,0.0,0.0,0.0,0.0,0.0,0.0,0.0,2026-08-03,0.0,0.0,0.0,0.0,0.0,0.0,0.0,0.0,0,N/A,-1.0,0.0,0.0,0.0,0.0,N/A,N/A,A process in the process pool was terminated abruptly while the future was running or pending.,-1.0,-1.0,1.0,-1,,,0
2026-08-03T13:42:29,2026-08-03,MTN,ERROR,0,N/A,N/A,0,0.0,0.0,0.0,0.0,0.0,0.0,0.0,2026-08-03,0.0,0.0,0.0,0.0,0.0,0.0,0.0,0.0,0,N/A,-1.0,0.0,0.0,0.0,0.0,N/A,N/A,A process in the process pool was terminated abruptly while the future was running or pending.,-1.0,-1.0,1.0,-1,,,0
2026-08-03T13:42:29,2026-08-03,VAL,ERROR,0,N/A,N/A,0,0.0,0.0,0.0,0.0,0.0,0.0,0.0,2026-08-03,0.0,0.0,0.0,0.0,0.0,0.0,0.0,0.0,0,N/A,-1.0,0.0,0.0,0.0,0.0,N/A,N/A,A process in the process pool was terminated abruptly while the future was running or pending.,-1.0,-1.0,1.0,-1,,,0
2026-08-03T13:42:29,2026-08-03,SBRA,ERROR,0,N/A,N/A,0,0.0,0.0,0.0,0.0,0.0,0.0,0.0,2026-08-03,0.0,0.0,0.0,0.0,0.0,0.0,0.0,0.0,0,N/A,-1.0,0.0,0.0,0.0,0.0,N/A,N/A,A process in the process pool was terminated abruptly while the future was running or pending.,-1.0,-1.0,1.0,-1,,,0
2026-08-03T13:42:29,2026-08-03,QLYS,ERROR,0,N/A,N/A,0,0.0,0.0,0.0,0.0,0.0,0.0,0.0,2026-08-03,0.0,0.0,0.0,0.0,0.0,0.0,0.0,0.0,0,N/A,-1.0,0.0,0.0,0.0,0.0,N/A,N/A,A process in the process pool was terminated abruptly while the future was running or pending.,-1.0,-1.0,1.0,-1,,,0
2026-08-03T13:42:29,2026-08-03,EXLS,ERROR,0,N/A,N/A,0,0.0,0.0,0.0,0.0,0.0,0.0,0.0,2026-08-03,0.0,0.0,0.0,0.0,0.0,0.0,0.0,0.0,0,N/A,-1.0,0.0,0.0,0.0,0.0,N/A,N/A,A process in the process pool was terminated abruptly while the future was running or pending.,-1.0,-1.0,1.0,-1,,,0
2026-08-03T13:42:29,2026-08-03,CNX,ERROR,0,N/A,N/A,0,0.0,0.0,0.0,0.0,0.0,0.0,0.0,2026-08-03,0.0,0.0,0.0,0.0,0.0,0.0,0.0,0.0,0,N/A,-1.0,0.0,0.0,0.0,0.0,N/A,N/A,A process in the process pool was terminated abruptly while the future was running or pending.,-1.0,-1.0,1.0,-1,,,0
2026-08-03T13:42:29,2026-08-03,GHC,ERROR,0,N/A,N/A,0,0.0,0.0,0.0,0.0,0.0,0.0,0.0,2026-08-03,0.0,0.0,0.0,0.0,0.0,0.0,0.0,0.0,0,N/A,-1.0,0.0,0.0,0.0,0.0,N/A,N/A,A process in the process pool was terminated abruptly while the future was running or pending.,-1.0,-1.0,1.0,-1,,,0
2026-08-03T13:42:29,2026-08-03,PEGA,ERROR,0,N/A,N/A,0,0.0,0.0,0.0,0.0,0.0,0.0,0.0,2026-08-03,0.0,0.0,0.0,0.0,0.0,0.0,0.0,0.0,0,N/A,-1.0,0.0,0.0,0.0,0.0,N/A,N/A,A process in the process pool was terminated abruptly while the future was running or pending.,-1.0,-1.0,1.0,-1,,,0
2026-08-03T13:42:29,2026-08-03,BC,ERROR,0,N/A,N/A,0,0.0,0.0,0.0,0.0,0.0,0.0,0.0,2026-08-03,0.0,0.0,0.0,0.0,0.0,0.0,0.0,0.0,0,N/A,-1.0,0.0,0.0,0.0,0.0,N/A,N/A,A process in the process pool was terminated abruptly while the future was running or pending.,-1.0,-1.0,1.0,-1,,,0
2026-08-03T13:42:29,2026-08-03,CUZ,ERROR,0,N/A,N/A,0,0.0,0.0,0.0,0.0,0.0,0.0,0.0,2026-08-03,0.0,0.0,0.0,0.0,0.0,0.0,0.0,0.0,0,N/A,-1.0,0.0,0.0,0.0,0.0,N/A,N/A,A process in the process pool was terminated abruptly while the future was running or pending.,-1.0,-1.0,1.0,-1,,,0
2026-08-03T13:42:29,2026-08-03,NOVT,ERROR,0,N/A,N/A,0,0.0,0.0,0.0,0.0,0.0,0.0,0.0,2026-08-03,0.0,0.0,0.0,0.0,0.0,0.0,0.0,0.0,0,N/A,-1.0,0.0,0.0,0.0,0.0,N/A,N/A,A process in the process pool was terminated abruptly while the future was running or pending.,-1.0,-1.0,1.0,-1,,,0
2026-08-03T13:42:29,2026-08-03,LPX,ERROR,0,N/A,N/A,0,0.0,0.0,0.0,0.0,0.0,0.0,0.0,2026-08-03,0.0,0.0,0.0,0.0,0.0,0.0,0.0,0.0,0,N/A,-1.0,0.0,0.0,0.0,0.0,N/A,N/A,A process in the process pool was terminated abruptly while the future was running or pending.,-1.0,-1.0,1.0,-1,,,0
2026-08-03T13:42:29,2026-08-03,SHC,ERROR,0,N/A,N/A,0,0.0,0.0,0.0,0.0,0.0,0.0,0.0,2026-08-03,0.0,0.0,0.0,0.0,0.0,0.0,0.0,0.0,0,N/A,-1.0,0.0,0.0,0.0,0.0,N/A,N/A,A process in the process pool was terminated abruptly while the future was running or pending.,-1.0,-1.0,1.0,-1,,,0
2026-08-03T13:42:29,2026-08-03,FFIN,ERROR,0,N/A,N/A,0,0.0,0.0,0.0,0.0,0.0,0.0,0.0,2026-08-03,0.0,0.0,0.0,0.0,0.0,0.0,0.0,0.0,0,N/A,-1.0,0.0,0.0,0.0,0.0,N/A,N/A,A process in the process pool was terminated abruptly while the future was running or pending.,-1.0,-1.0,1.0,-1,,,0
2026-08-03T13:42:29,2026-08-03,CHH,ERROR,0,N/A,N/A,0,0.0,0.0,0.0,0.0,0.0,0.0,0.0,2026-08-03,0.0,0.0,0.0,0.0,0.0,0.0,0.0,0.0,0,N/A,-1.0,0.0,0.0,0.0,0.0,N/A,N/A,A process in the process pool was terminated abruptly while the future was running or pending.,-1.0,-1.0,1.0,-1,,,0
2026-08-03T13:42:29,2026-08-03,UFPI,ERROR,0,N/A,N/A,0,0.0,0.0,0.0,0.0,0.0,0.0,0.0,2026-08-03,0.0,0.0,0.0,0.0,0.0,0.0,0.0,0.0,0,N/A,-1.0,0.0,0.0,0.0,0.0,N/A,N/A,A process in the process pool was terminated abruptly while the future was running or pending.,-1.0,-1.0,1.0,-1,,,0
2026-08-03T13:42:29,2026-08-03,PSN,ERROR,0,N/A,N/A,0,0.0,0.0,0.0,0.0,0.0,0.0,0.0,2026-08-03,0.0,0.0,0.0,0.0,0.0,0.0,0.0,0.0,0,N/A,-1.0,0.0,0.0,0.0,0.0,N/A,N/A,A process in the process pool was terminated abruptly while the future was running or pending.,-1.0,-1.0,1.0,-1,,,0
2026-08-03T13:42:29,2026-08-03,GNTX,ERROR,0,N/A,N/A,0,0.0,0.0,0.0,0.0,0.0,0.0,0.0,2026-08-03,0.0,0.0,0.0,0.0,0.0,0.0,0.0,0.0,0,N/A,-1.0,0.0,0.0,0.0,0.0,N/A,N/A,A process in the process pool was terminated abruptly while the future was running or pending.,-1.0,-1.0,1.0,-1,,,0
2026-08-03T13:42:29,2026-08-03,ELF,ERROR,0,N/A,N/A,0,0.0,0.0,0.0,0.0,0.0,0.0,0.0,2026-08-03,0.0,0.0,0.0,0.0,0.0,0.0,0.0,0.0,0,N/A,-1.0,0.0,0.0,0.0,0.0,N/A,N/A,A process in the process pool was terminated abruptly while the future was running or pending.,-1.0,-1.0,1.0,-1,,,0
2026-08-03T13:42:29,2026-08-03,SAIC,ERROR,0,N/A,N/A,0,0.0,0.0,0.0,0.0,0.0,0.0,0.0,2026-08-03,0.0,0.0,0.0,0.0,0.0,0.0,0.0,0.0,0,N/A,-1.0,0.0,0.0,0.0,0.0,N/A,N/A,A process in the process pool was terminated abruptly while the future was running or pending.,-1.0,-1.0,1.0,-1,,,0
2026-08-03T13:42:29,2026-08-03,CVLT,ERROR,0,N/A,N/A,0,0.0,0.0,0.0,0.0,0.0,0.0,0.0,2026-08-03,0.0,0.0,0.0,0.0,0.0,0.0,0.0,0.0,0,N/A,-1.0,0.0,0.0,0.0,0.0,N/A,N/A,A process in the process pool was terminated abruptly while the future was running or pending.,-1.0,-1.0,1.0,-1,,,0
2026-08-03T13:42:29,2026-08-03,SLM,ERROR,0,N/A,N/A,0,0.0,0.0,0.0,0.0,0.0,0.0,0.0,2026-08-03,0.0,0.0,0.0,0.0,0.0,0.0,0.0,0.0,0,N/A,-1.0,0.0,0.0,0.0,0.0,N/A,N/A,A process in the process pool was terminated abruptly while the future was running or pending.,-1.0,-1.0,1.0,-1,,,0
2026-08-03T13:42:29,2026-08-03,VVV,ERROR,0,N/A,N/A,0,0.0,0.0,0.0,0.0,0.0,0.0,0.0,2026-08-03,0.0,0.0,0.0,0.0,0.0,0.0,0.0,0.0,0,N/A,-1.0,0.0,0.0,0.0,0.0,N/A,N/A,A process in the process pool was terminated abruptly while the future was running or pending.,-1.0,-1.0,1.0,-1,,,0
2026-08-03T13:42:29,2026-08-03,GEF,ERROR,0,N/A,N/A,0,0.0,0.0,0.0,0.0,0.0,0.0,0.0,2026-08-03,0.0,0.0,0.0,0.0,0.0,0.0,0.0,0.0,0,N/A,-1.0,0.0,0.0,0.0,0.0,N/A,N/A,A process in the process pool was terminated abruptly while the future was running or pending.,-1.0,-1.0,1.0,-1,,,0
2026-08-03T13:42:29,2026-08-03,CAR,ERROR,0,N/A,N/A,0,0.0,0.0,0.0,0.0,0.0,0.0,0.0,2026-08-03,0.0,0.0,0.0,0.0,0.0,0.0,0.0,0.0,0,N/A,-1.0,0.0,0.0,0.0,0.0,N/A,N/A,A process in the process pool was terminated abruptly while the future was running or pending.,-1.0,-1.0,1.0,-1,,,0
2026-08-03T13:42:29,2026-08-03,BDC,ERROR,0,N/A,N/A,0,0.0,0.0,0.0,0.0,0.0,0.0,0.0,2026-08-03,0.0,0.0,0.0,0.0,0.0,0.0,0.0,0.0,0,N/A,-1.0,0.0,0.0,0.0,0.0,N/A,N/A,A process in the process pool was terminated abruptly while the future was running or pending.,-1.0,-1.0,1.0,-1,,,0
2026-08-03T13:42:29,2026-08-03,IBOC,ERROR,0,N/A,N/A,0,0.0,0.0,0.0,0.0,0.0,0.0,0.0,2026-08-03,0.0,0.0,0.0,0.0,0.0,0.0,0.0,0.0,0,N/A,-1.0,0.0,0.0,0.0,0.0,N/A,N/A,A process in the process pool was terminated abruptly while the future was running or pending.,-1.0,-1.0,1.0,-1,,,0
2026-08-03T13:42:29,2026-08-03,TNL,ERROR,0,N/A,N/A,0,0.0,0.0,0.0,0.0,0.0,0.0,0.0,2026-08-03,0.0,0.0,0.0,0.0,0.0,0.0,0.0,0.0,0,N/A,-1.0,0.0,0.0,0.0,0.0,N/A,N/A,A process in the process pool was terminated abruptly while the future was running or pending.,-1.0,-1.0,1.0,-1,,,0
2026-08-03T13:42:29,2026-08-03,EPR,ERROR,0,N/A,N/A,0,0.0,0.0,0.0,0.0,0.0,0.0,0.0,2026-08-03,0.0,0.0,0.0,0.0,0.0,0.0,0.0,0.0,0,N/A,-1.0,0.0,0.0,0.0,0.0,N/A,N/A,A process in the process pool was terminated abruptly while the future was running or pending.,-1.0,-1.0,1.0,-1,,,0
2026-08-03T13:42:29,2026-08-03,BILL,ERROR,0,N/A,N/A,0,0.0,0.0,0.0,0.0,0.0,0.0,0.0,2026-08-03,0.0,0.0,0.0,0.0,0.0,0.0,0.0,0.0,0,N/A,-1.0,0.0,0.0,0.0,0.0,N/A,N/A,A process in the process pool was terminated abruptly while the future was running or pending.,-1.0,-1.0,1.0,-1,,,0
2026-08-03T13:42:29,2026-08-03,KBR,ERROR,0,N/A,N/A,0,0.0,0.0,0.0,0.0,0.0,0.0,0.0,2026-08-03,0.0,0.0,0.0,0.0,0.0,0.0,0.0,0.0,0,N/A,-1.0,0.0,0.0,0.0,0.0,N/A,N/A,A process in the process pool was terminated abruptly while the future was running or pending.,-1.0,-1.0,1.0,-1,,,0
2026-08-03T13:42:29,2026-08-03,FHI,ERROR,0,N/A,N/A,0,0.0,0.0,0.0,0.0,0.0,0.0,0.0,2026-08-03,0.0,0.0,0.0,0.0,0.0,0.0,0.0,0.0,0,N/A,-1.0,0.0,0.0,0.0,0.0,N/A,N/A,A process in the process pool was terminated abruptly while the future was running or pending.,-1.0,-1.0,1.0,-1,,,0
2026-08-03T13:42:29,2026-08-03,VNT,ERROR,0,N/A,N/A,0,0.0,0.0,0.0,0.0,0.0,0.0,0.0,2026-08-03,0.0,0.0,0.0,0.0,0.0,0.0,0.0,0.0,0,N/A,-1.0,0.0,0.0,0.0,0.0,N/A,N/A,A process in the process pool was terminated abruptly while the future was running or pending.,-1.0,-1.0,1.0,-1,,,0
2026-08-03T13:42:29,2026-08-03,TREX,ERROR,0,N/A,N/A,0,0.0,0.0,0.0,0.0,0.0,0.0,0.0,2026-08-03,0.0,0.0,0.0,0.0,0.0,0.0,0.0,0.0,0,N/A,-1.0,0.0,0.0,0.0,0.0,N/A,N/A,A process in the process pool was terminated abruptly while the future was running or pending.,-1.0,-1.0,1.0,-1,,,0
2026-08-03T13:42:29,2026-08-03,ANF,ERROR,0,N/A,N/A,0,0.0,0.0,0.0,0.0,0.0,0.0,0.0,2026-08-03,0.0,0.0,0.0,0.0,0.0,0.0,0.0,0.0,0,N/A,-1.0,0.0,0.0,0.0,0.0,N/A,N/A,A process in the process pool was terminated abruptly while the future was running or pending.,-1.0,-1.0,1.0,-1,,,0
2026-08-03T13:42:29,2026-08-03,CBT,ERROR,0,N/A,N/A,0,0.0,0.0,0.0,0.0,0.0,0.0,0.0,2026-08-03,0.0,0.0,0.0,0.0,0.0,0.0,0.0,0.0,0,N/A,-1.0,0.0,0.0,0.0,0.0,N/A,N/A,A process in the process pool was terminated abruptly while the future was running or pending.,-1.0,-1.0,1.0,-1,,,0
2026-08-03T13:42:29,2026-08-03,KRC,ERROR,0,N/A,N/A,0,0.0,0.0,0.0,0.0,0.0,0.0,0.0,2026-08-03,0.0,0.0,0.0,0.0,0.0,0.0,0.0,0.0,0,N/A,-1.0,0.0,0.0,0.0,0.0,N/A,N/A,A process in the process pool was terminated abruptly while the future was running or pending.,-1.0,-1.0,1.0,-1,,,0
2026-08-03T13:42:29,2026-08-03,OLLI,ERROR,0,N/A,N/A,0,0.0,0.0,0.0,0.0,0.0,0.0,0.0,2026-08-03,0.0,0.0,0.0,0.0,0.0,0.0,0.0,0.0,0,N/A,-1.0,0.0,0.0,0.0,0.0,N/A,N/A,A process in the process pool was terminated abruptly while the future was running or pending.,-1.0,-1.0,1.0,-1,,,0
2026-08-03T13:42:29,2026-08-03,FCN,ERROR,0,N/A,N/A,0,0.0,0.0,0.0,0.0,0.0,0.0,0.0,2026-08-03,0.0,0.0,0.0,0.0,0.0,0.0,0.0,0.0,0,N/A,-1.0,0.0,0.0,0.0,0.0,N/A,N/A,A process in the process pool was terminated abruptly while the future was running or pending.,-1.0,-1.0,1.0,-1,,,0
2026-08-03T13:42:29,2026-08-03,NVST,ERROR,0,N/A,N/A,0,0.0,0.0,0.0,0.0,0.0,0.0,0.0,2026-08-03,0.0,0.0,0.0,0.0,0.0,0.0,0.0,0.0,0,N/A,-1.0,0.0,0.0,0.0,0.0,N/A,N/A,A process in the process pool was terminated abruptly while the future was running or pending.,-1.0,-1.0,1.0,-1,,,0
2026-08-03T13:42:29,2026-08-03,PLNT,ERROR,0,N/A,N/A,0,0.0,0.0,0.0,0.0,0.0,0.0,0.0,2026-08-03,0.0,0.0,0.0,0.0,0.0,0.0,0.0,0.0,0,N/A,-1.0,0.0,0.0,0.0,0.0,N/A,N/A,A process in the process pool was terminated abruptly while the future was running or pending.,-1.0,-1.0,1.0,-1,,,0
2026-08-03T13:42:29,2026-08-03,LIVN,ERROR,0,N/A,N/A,0,0.0,0.0,0.0,0.0,0.0,0.0,0.0,2026-08-03,0.0,0.0,0.0,0.0,0.0,0.0,0.0,0.0,0,N/A,-1.0,0.0,0.0,0.0,0.0,N/A,N/A,A process in the process pool was terminated abruptly while the future was running or pending.,-1.0,-1.0,1.0,-1,,,0
2026-08-03T13:42:29,2026-08-03,MAT,ERROR,0,N/A,N/A,0,0.0,0.0,0.0,0.0,0.0,0.0,0.0,2026-08-03,0.0,0.0,0.0,0.0,0.0,0.0,0.0,0.0,0,N/A,-1.0,0.0,0.0,0.0,0.0,N/A,N/A,A process in the process pool was terminated abruptly while the future was running or pending.,-1.0,-1.0,1.0,-1,,,0
2026-08-03T13:42:29,2026-08-03,CDP,ERROR,0,N/A,N/A,0,0.0,0.0,0.0,0.0,0.0,0.0,0.0,2026-08-03,0.0,0.0,0.0,0.0,0.0,0.0,0.0,0.0,0,N/A,-1.0,0.0,0.0,0.0,0.0,N/A,N/A,A process in the process pool was terminated abruptly while the future was running or pending.,-1.0,-1.0,1.0,-1,,,0
2026-08-03T13:42:29,2026-08-03,TCBI,ERROR,0,N/A,N/A,0,0.0,0.0,0.0,0.0,0.0,0.0,0.0,2026-08-03,0.0,0.0,0.0,0.0,0.0,0.0,0.0,0.0,0,N/A,-1.0,0.0,0.0,0.0,0.0,N/A,N/A,A process in the process pool was terminated abruptly while the future was running or pending.,-1.0,-1.0,1.0,-1,,,0
2026-08-03T13:42:29,2026-08-03,SLGN,ERROR,0,N/A,N/A,0,0.0,0.0,0.0,0.0,0.0,0.0,0.0,2026-08-03,0.0,0.0,0.0,0.0,0.0,0.0,0.0,0.0,0,N/A,-1.0,0.0,0.0,0.0,0.0,N/A,N/A,A process in the process pool was terminated abruptly while the future was running or pending.,-1.0,-1.0,1.0,-1,,,0
2026-08-03T13:42:29,2026-08-03,KNF,ERROR,0,N/A,N/A,0,0.0,0.0,0.0,0.0,0.0,0.0,0.0,2026-08-03,0.0,0.0,0.0,0.0,0.0,0.0,0.0,0.0,0,N/A,-1.0,0.0,0.0,0.0,0.0,N/A,N/A,A process in the process pool was terminated abruptly while the future was running or pending.,-1.0,-1.0,1.0,-1,,,0
2026-08-03T13:42:29,2026-08-03,NWE,ERROR,0,N/A,N/A,0,0.0,0.0,0.0,0.0,0.0,0.0,0.0,2026-08-03,0.0,0.0,0.0,0.0,0.0,0.0,0.0,0.0,0,N/A,-1.0,0.0,0.0,0.0,0.0,N/A,N/A,A process in the process pool was terminated abruptly while the future was running or pending.,-1.0,-1.0,1.0,-1,,,0
2026-08-03T13:42:29,2026-08-03,POST,ERROR,0,N/A,N/A,0,0.0,0.0,0.0,0.0,0.0,0.0,0.0,2026-08-03,0.0,0.0,0.0,0.0,0.0,0.0,0.0,0.0,0,N/A,-1.0,0.0,0.0,0.0,0.0,N/A,N/A,A process in the process pool was terminated abruptly while the future was running or pending.,-1.0,-1.0,1.0,-1,,,0
2026-08-03T13:42:29,2026-08-03,BBWI,ERROR,0,N/A,N/A,0,0.0,0.0,0.0,0.0,0.0,0.0,0.0,2026-08-03,0.0,0.0,0.0,0.0,0.0,0.0,0.0,0.0,0,N/A,-1.0,0.0,0.0,0.0,0.0,N/A,N/A,A process in the process pool was terminated abruptly while the future was running or pending.,-1.0,-1.0,1.0,-1,,,0
2026-08-03T13:42:29,2026-08-03,THO,ERROR,0,N/A,N/A,0,0.0,0.0,0.0,0.0,0.0,0.0,0.0,2026-08-03,0.0,0.0,0.0,0.0,0.0,0.0,0.0,0.0,0,N/A,-1.0,0.0,0.0,0.0,0.0,N/A,N/A,A process in the process pool was terminated abruptly while the future was running or pending.,-1.0,-1.0,1.0,-1,,,0
2026-08-03T13:42:29,2026-08-03,SYNA,ERROR,0,N/A,N/A,0,0.0,0.0,0.0,0.0,0.0,0.0,0.0,2026-08-03,0.0,0.0,0.0,0.0,0.0,0.0,0.0,0.0,0,N/A,-1.0,0.0,0.0,0.0,0.0,N/A,N/A,A process in the process pool was terminated abruptly while the future was running or pending.,-1.0,-1.0,1.0,-1,,,0
2026-08-03T13:42:29,2026-08-03,IRT,ERROR,0,N/A,N/A,0,0.0,0.0,0.0,0.0,0.0,0.0,0.0,2026-08-03,0.0,0.0,0.0,0.0,0.0,0.0,0.0,0.0,0,N/A,-1.0,0.0,0.0,0.0,0.0,N/A,N/A,A process in the process pool was terminated abruptly while the future was running or pending.,-1.0,-1.0,1.0,-1,,,0
2026-08-03T13:42:29,2026-08-03,PII,ERROR,0,N/A,N/A,0,0.0,0.0,0.0,0.0,0.0,0.0,0.0,2026-08-03,0.0,0.0,0.0,0.0,0.0,0.0,0.0,0.0,0,N/A,-1.0,0.0,0.0,0.0,0.0,N/A,N/A,A process in the process pool was terminated abruptly while the future was running or pending.,-1.0,-1.0,1.0,-1,,,0
2026-08-03T13:42:29,2026-08-03,HAE,ERROR,0,N/A,N/A,0,0.0,0.0,0.0,0.0,0.0,0.0,0.0,2026-08-03,0.0,0.0,0.0,0.0,0.0,0.0,0.0,0.0,0,N/A,-1.0,0.0,0.0,0.0,0.0,N/A,N/A,A process in the process pool was terminated abruptly while the future was running or pending.,-1.0,-1.0,1.0,-1,,,0
2026-08-03T13:42:29,2026-08-03,SMG,ERROR,0,N/A,N/A,0,0.0,0.0,0.0,0.0,0.0,0.0,0.0,2026-08-03,0.0,0.0,0.0,0.0,0.0,0.0,0.0,0.0,0,N/A,-1.0,0.0,0.0,0.0,0.0,N/A,N/A,A process in the process pool was terminated abruptly while the future was running or pending.,-1.0,-1.0,1.0,-1,,,0
2026-08-03T13:42:29,2026-08-03,DOCS,ERROR,0,N/A,N/A,0,0.0,0.0,0.0,0.0,0.0,0.0,0.0,2026-08-03,0.0,0.0,0.0,0.0,0.0,0.0,0.0,0.0,0,N/A,-1.0,0.0,0.0,0.0,0.0,N/A,N/A,A process in the process pool was terminated abruptly while the future was running or pending.,-1.0,-1.0,1.0,-1,,,0
2026-08-03T13:42:29,2026-08-03,LOPE,ERROR,0,N/A,N/A,0,0.0,0.0,0.0,0.0,0.0,0.0,0.0,2026-08-03,0.0,0.0,0.0,0.0,0.0,0.0,0.0,0.0,0,N/A,-1.0,0.0,0.0,0.0,0.0,N/A,N/A,A process in the process pool was terminated abruptly while the future was running or pending.,-1.0,-1.0,1.0,-1,,,0
2026-08-03T13:42:29,2026-08-03,YETI,ERROR,0,N/A,N/A,0,0.0,0.0,0.0,0.0,0.0,0.0,0.0,2026-08-03,0.0,0.0,0.0,0.0,0.0,0.0,0.0,0.0,0,N/A,-1.0,0.0,0.0,0.0,0.0,N/A,N/A,A process in the process pool was terminated abruptly while the future was running or pending.,-1.0,-1.0,1.0,-1,,,0
2026-08-03T13:42:29,2026-08-03,OLED,ERROR,0,N/A,N/A,0,0.0,0.0,0.0,0.0,0.0,0.0,0.0,2026-08-03,0.0,0.0,0.0,0.0,0.0,0.0,0.0,0.0,0,N/A,-1.0,0.0,0.0,0.0,0.0,N/A,N/A,A process in the process pool was terminated abruptly while the future was running or pending.,-1.0,-1.0,1.0,-1,,,0
2026-08-03T13:42:29,2026-08-03,HGV,ERROR,0,N/A,N/A,0,0.0,0.0,0.0,0.0,0.0,0.0,0.0,2026-08-03,0.0,0.0,0.0,0.0,0.0,0.0,0.0,0.0,0,N/A,-1.0,0.0,0.0,0.0,0.0,N/A,N/A,A process in the process pool was terminated abruptly while the future was running or pending.,-1.0,-1.0,1.0,-1,,,0
2026-08-03T13:42:29,2026-08-03,IPGP,ERROR,0,N/A,N/A,0,0.0,0.0,0.0,0.0,0.0,0.0,0.0,2026-08-03,0.0,0.0,0.0,0.0,0.0,0.0,0.0,0.0,0,N/A,-1.0,0.0,0.0,0.0,0.0,N/A,N/A,A process in the process pool was terminated abruptly while the future was running or pending.,-1.0,-1.0,1.0,-1,,,0
2026-08-03T13:42:29,2026-08-03,OPCH,ERROR,0,N/A,N/A,0,0.0,0.0,0.0,0.0,0.0,0.0,0.0,2026-08-03,0.0,0.0,0.0,0.0,0.0,0.0,0.0,0.0,0,N/A,-1.0,0.0,0.0,0.0,0.0,N/A,N/A,A process in the process pool was terminated abruptly while the future was running or pending.,-1.0,-1.0,1.0,-1,,,0
2026-08-03T13:42:29,2026-08-03,WING,ERROR,0,N/A,N/A,0,0.0,0.0,0.0,0.0,0.0,0.0,0.0,2026-08-03,0.0,0.0,0.0,0.0,0.0,0.0,0.0,0.0,0,N/A,-1.0,0.0,0.0,0.0,0.0,N/A,N/A,A process in the process pool was terminated abruptly while the future was running or pending.,-1.0,-1.0,1.0,-1,,,0
2026-08-03T13:42:29,2026-08-03,BHF,ERROR,0,N/A,N/A,0,0.0,0.0,0.0,0.0,0.0,0.0,0.0,2026-08-03,0.0,0.0,0.0,0.0,0.0,0.0,0.0,0.0,0,N/A,-1.0,0.0,0.0,0.0,0.0,N/A,N/A,A process in the process pool was terminated abruptly while the future was running or pending.,-1.0,-1.0,1.0,-1,,,0
2026-08-03T13:42:29,2026-08-03,AVNT,ERROR,0,N/A,N/A,0,0.0,0.0,0.0,0.0,0.0,0.0,0.0,2026-08-03,0.0,0.0,0.0,0.0,0.0,0.0,0.0,0.0,0,N/A,-1.0,0.0,0.0,0.0,0.0,N/A,N/A,A process in the process pool was terminated abruptly while the future was running or pending.,-1.0,-1.0,1.0,-1,,,0
2026-08-03T13:42:29,2026-08-03,ASH,ERROR,0,N/A,N/A,0,0.0,0.0,0.0,0.0,0.0,0.0,0.0,2026-08-03,0.0,0.0,0.0,0.0,0.0,0.0,0.0,0.0,0,N/A,-1.0,0.0,0.0,0.0,0.0,N/A,N/A,A process in the process pool was terminated abruptly while the future was running or pending.,-1.0,-1.0,1.0,-1,,,0
2026-08-03T13:42:29,2026-08-03,EXPO,ERROR,0,N/A,N/A,0,0.0,0.0,0.0,0.0,0.0,0.0,0.0,2026-08-03,0.0,0.0,0.0,0.0,0.0,0.0,0.0,0.0,0,N/A,-1.0,0.0,0.0,0.0,0.0,N/A,N/A,A process in the process pool was terminated abruptly while the future was running or pending.,-1.0,-1.0,1.0,-1,,,0
2026-08-03T13:42:29,2026-08-03,RH,ERROR,0,N/A,N/A,0,0.0,0.0,0.0,0.0,0.0,0.0,0.0,2026-08-03,0.0,0.0,0.0,0.0,0.0,0.0,0.0,0.0,0,N/A,-1.0,0.0,0.0,0.0,0.0,N/A,N/A,A process in the process pool was terminated abruptly while the future was running or pending.,-1.0,-1.0,1.0,-1,,,0
2026-08-03T13:42:29,2026-08-03,KD,ERROR,0,N/A,N/A,0,0.0,0.0,0.0,0.0,0.0,0.0,0.0,2026-08-03,0.0,0.0,0.0,0.0,0.0,0.0,0.0,0.0,0,N/A,-1.0,0.0,0.0,0.0,0.0,N/A,N/A,A process in the process pool was terminated abruptly while the future was running or pending.,-1.0,-1.0,1.0,-1,,,0
2026-08-03T13:42:29,2026-08-03,COLM,ERROR,0,N/A,N/A,0,0.0,0.0,0.0,0.0,0.0,0.0,0.0,2026-08-03,0.0,0.0,0.0,0.0,0.0,0.0,0.0,0.0,0,N/A,-1.0,0.0,0.0,0.0,0.0,N/A,N/A,A process in the process pool was terminated abruptly while the future was running or pending.,-1.0,-1.0,1.0,-1,,,0
2026-08-03T13:42:29,2026-08-03,PK,ERROR,0,N/A,N/A,0,0.0,0.0,0.0,0.0,0.0,0.0,0.0,2026-08-03,0.0,0.0,0.0,0.0,0.0,0.0,0.0,0.0,0,N/A,-1.0,0.0,0.0,0.0,0.0,N/A,N/A,A process in the process pool was terminated abruptly while the future was running or pending.,-1.0,-1.0,1.0,-1,,,0
2026-08-03T13:42:29,2026-08-03,CXT,ERROR,0,N/A,N/A,0,0.0,0.0,0.0,0.0,0.0,0.0,0.0,2026-08-03,0.0,0.0,0.0,0.0,0.0,0.0,0.0,0.0,0,N/A,-1.0,0.0,0.0,0.0,0.0,N/A,N/A,A process in the process pool was terminated abruptly while the future was running or pending.,-1.0,-1.0,1.0,-1,,,0
2026-08-03T13:42:29,2026-08-03,MZTI,ERROR,0,N/A,N/A,0,0.0,0.0,0.0,0.0,0.0,0.0,0.0,2026-08-03,0.0,0.0,0.0,0.0,0.0,0.0,0.0,0.0,0,N/A,-1.0,0.0,0.0,0.0,0.0,N/A,N/A,A process in the process pool was terminated abruptly while the future was running or pending.,-1.0,-1.0,1.0,-1,,,0
2026-08-03T13:42:29,2026-08-03,XRAY,ERROR,0,N/A,N/A,0,0.0,0.0,0.0,0.0,0.0,0.0,0.0,2026-08-03,0.0,0.0,0.0,0.0,0.0,0.0,0.0,0.0,0,N/A,-1.0,0.0,0.0,0.0,0.0,N/A,N/A,A process in the process pool was terminated abruptly while the future was running or pending.,-1.0,-1.0,1.0,-1,,,0
2026-08-03T13:42:29,2026-08-03,EEFT,ERROR,0,N/A,N/A,0,0.0,0.0,0.0,0.0,0.0,0.0,0.0,2026-08-03,0.0,0.0,0.0,0.0,0.0,0.0,0.0,0.0,0,N/A,-1.0,0.0,0.0,0.0,0.0,N/A,N/A,A process in the process pool was terminated abruptly while the future was running or pending.,-1.0,-1.0,1.0,-1,,,0
2026-08-03T13:42:29,2026-08-03,VC,ERROR,0,N/A,N/A,0,0.0,0.0,0.0,0.0,0.0,0.0,0.0,2026-08-03,0.0,0.0,0.0,0.0,0.0,0.0,0.0,0.0,0,N/A,-1.0,0.0,0.0,0.0,0.0,N/A,N/A,A process in the process pool was terminated abruptly while the future was running or pending.,-1.0,-1.0,1.0,-1,,,0
2026-08-03T13:42:29,2026-08-03,SAM,ERROR,0,N/A,N/A,0,0.0,0.0,0.0,0.0,0.0,0.0,0.0,2026-08-03,0.0,0.0,0.0,0.0,0.0,0.0,0.0,0.0,0,N/A,-1.0,0.0,0.0,0.0,0.0,N/A,N/A,A process in the process pool was terminated abruptly while the future was running or pending.,-1.0,-1.0,1.0,-1,,,0
2026-08-03T13:42:29,2026-08-03,CPRI,ERROR,0,N/A,N/A,0,0.0,0.0,0.0,0.0,0.0,0.0,0.0,2026-08-03,0.0,0.0,0.0,0.0,0.0,0.0,0.0,0.0,0,N/A,-1.0,0.0,0.0,0.0,0.0,N/A,N/A,A process in the process pool was terminated abruptly while the future was running or pending.,-1.0,-1.0,1.0,-1,,,0
2026-08-03T13:42:29,2026-08-03,ACM,ERROR,0,N/A,N/A,0,0.0,0.0,0.0,0.0,0.0,0.0,0.0,2026-08-03,0.0,0.0,0.0,0.0,0.0,0.0,0.0,0.0,0,N/A,-1.0,0.0,0.0,0.0,0.0,N/A,N/A,A process in the process pool was terminated abruptly while the future was running or pending.,-1.0,-1.0,1.0,-1,,,0
2026-08-03T13:42:29,2026-08-03,AFG,ERROR,0,N/A,N/A,0,0.0,0.0,0.0,0.0,0.0,0.0,0.0,2026-08-03,0.0,0.0,0.0,0.0,0.0,0.0,0.0,0.0,0,N/A,-1.0,0.0,0.0,0.0,0.0,N/A,N/A,A process in the process pool was terminated abruptly while the future was running or pending.,-1.0,-1.0,1.0,-1,,,0
2026-08-03T13:42:29,2026-08-03,AIT,ERROR,0,N/A,N/A,0,0.0,0.0,0.0,0.0,0.0,0.0,0.0,2026-08-03,0.0,0.0,0.0,0.0,0.0,0.0,0.0,0.0,0,N/A,-1.0,0.0,0.0,0.0,0.0,N/A,N/A,A process in the process pool was terminated abruptly while the future was running or pending.,-1.0,-1.0,1.0,-1,,,0
2026-08-03T13:42:29,2026-08-03,AMG,ERROR,0,N/A,N/A,0,0.0,0.0,0.0,0.0,0.0,0.0,0.0,2026-08-03,0.0,0.0,0.0,0.0,0.0,0.0,0.0,0.0,0,N/A,-1.0,0.0,0.0,0.0,0.0,N/A,N/A,A process in the process pool was terminated abruptly while the future was running or pending.,-1.0,-1.0,1.0,-1,,,0
2026-08-03T13:42:29,2026-08-03,AMH,ERROR,0,N/A,N/A,0,0.0,0.0,0.0,0.0,0.0,0.0,0.0,2026-08-03,0.0,0.0,0.0,0.0,0.0,0.0,0.0,0.0,0,N/A,-1.0,0.0,0.0,0.0,0.0,N/A,N/A,A process in the process pool was terminated abruptly while the future was running or pending.,-1.0,-1.0,1.0,-1,,,0
2026-08-03T13:42:29,2026-08-03,BCO,ERROR,0,N/A,N/A,0,0.0,0.0,0.0,0.0,0.0,0.0,0.0,2026-08-03,0.0,0.0,0.0,0.0,0.0,0.0,0.0,0.0,0,N/A,-1.0,0.0,0.0,0.0,0.0,N/A,N/A,A process in the process pool was terminated abruptly while the future was running or pending.,-1.0,-1.0,1.0,-1,,,0
2026-08-03T13:42:29,2026-08-03,BWA,ERROR,0,N/A,N/A,0,0.0,0.0,0.0,0.0,0.0,0.0,0.0,2026-08-03,0.0,0.0,0.0,0.0,0.0,0.0,0.0,0.0,0,N/A,-1.0,0.0,0.0,0.0,0.0,N/A,N/A,A process in the process pool was terminated abruptly while the future was running or pending.,-1.0,-1.0,1.0,-1,,,0
2026-08-03T13:42:29,2026-08-03,CG,ERROR,0,N/A,N/A,0,0.0,0.0,0.0,0.0,0.0,0.0,0.0,2026-08-03,0.0,0.0,0.0,0.0,0.0,0.0,0.0,0.0,0,N/A,-1.0,0.0,0.0,0.0,0.0,N/A,N/A,A process in the process pool was terminated abruptly while the future was running or pending.,-1.0,-1.0,1.0,-1,,,0
2026-08-03T13:42:29,2026-08-03,CMC,ERROR,0,N/A,N/A,0,0.0,0.0,0.0,0.0,0.0,0.0,0.0,2026-08-03,0.0,0.0,0.0,0.0,0.0,0.0,0.0,0.0,0,N/A,-1.0,0.0,0.0,0.0,0.0,N/A,N/A,A process in the process pool was terminated abruptly while the future was running or pending.,-1.0,-1.0,1.0,-1,,,0
2026-08-03T13:42:29,2026-08-03,CNO,ERROR,0,N/A,N/A,0,0.0,0.0,0.0,0.0,0.0,0.0,0.0,2026-08-03,0.0,0.0,0.0,0.0,0.0,0.0,0.0,0.0,0,N/A,-1.0,0.0,0.0,0.0,0.0,N/A,N/A,A process in the process pool was terminated abruptly while the future was running or pending.,-1.0,-1.0,1.0,-1,,,0
2026-08-03T13:42:29,2026-08-03,CR,ERROR,0,N/A,N/A,0,0.0,0.0,0.0,0.0,0.0,0.0,0.0,2026-08-03,0.0,0.0,0.0,0.0,0.0,0.0,0.0,0.0,0,N/A,-1.0,0.0,0.0,0.0,0.0,N/A,N/A,A process in the process pool was terminated abruptly while the future was running or pending.,-1.0,-1.0,1.0,-1,,,0
2026-08-03T13:42:29,2026-08-03,CRS,ERROR,0,N/A,N/A,0,0.0,0.0,0.0,0.0,0.0,0.0,0.0,2026-08-03,0.0,0.0,0.0,0.0,0.0,0.0,0.0,0.0,0,N/A,-1.0,0.0,0.0,0.0,0.0,N/A,N/A,A process in the process pool was terminated abruptly while the future was running or pending.,-1.0,-1.0,1.0,-1,,,0
2026-08-03T13:42:29,2026-08-03,CUBE,ERROR,0,N/A,N/A,0,0.0,0.0,0.0,0.0,0.0,0.0,0.0,2026-08-03,0.0,0.0,0.0,0.0,0.0,0.0,0.0,0.0,0,N/A,-1.0,0.0,0.0,0.0,0.0,N/A,N/A,A process in the process pool was terminated abruptly while the future was running or pending.,-1.0,-1.0,1.0,-1,,,0
2026-08-03T13:42:29,2026-08-03,CW,ERROR,0,N/A,N/A,0,0.0,0.0,0.0,0.0,0.0,0.0,0.0,2026-08-03,0.0,0.0,0.0,0.0,0.0,0.0,0.0,0.0,0,N/A,-1.0,0.0,0.0,0.0,0.0,N/A,N/A,A process in the process pool was terminated abruptly while the future was running or pending.,-1.0,-1.0,1.0,-1,,,0
2026-08-03T13:42:29,2026-08-03,DAR,ERROR,0,N/A,N/A,0,0.0,0.0,0.0,0.0,0.0,0.0,0.0,2026-08-03,0.0,0.0,0.0,0.0,0.0,0.0,0.0,0.0,0,N/A,-1.0,0.0,0.0,0.0,0.0,N/A,N/A,A process in the process pool was terminated abruptly while the future was running or pending.,-1.0,-1.0,1.0,-1,,,0
2026-08-03T13:42:29,2026-08-03,DCI,ERROR,0,N/A,N/A,0,0.0,0.0,0.0,0.0,0.0,0.0,0.0,2026-08-03,0.0,0.0,0.0,0.0,0.0,0.0,0.0,0.0,0,N/A,-1.0,0.0,0.0,0.0,0.0,N/A,N/A,A process in the process pool was terminated abruptly while the future was running or pending.,-1.0,-1.0,1.0,-1,,,0
2026-08-03T13:42:29,2026-08-03,DY,ERROR,0,N/A,N/A,0,0.0,0.0,0.0,0.0,0.0,0.0,0.0,2026-08-03,0.0,0.0,0.0,0.0,0.0,0.0,0.0,0.0,0,N/A,-1.0,0.0,0.0,0.0,0.0,N/A,N/A,A process in the process pool was terminated abruptly while the future was running or pending.,-1.0,-1.0,1.0,-1,,,0
2026-08-03T13:42:29,2026-08-03,EVR,ERROR,0,N/A,N/A,0,0.0,0.0,0.0,0.0,0.0,0.0,0.0,2026-08-03,0.0,0.0,0.0,0.0,0.0,0.0,0.0,0.0,0,N/A,-1.0,0.0,0.0,0.0,0.0,N/A,N/A,A process in the process pool was terminated abruptly while the future was running or pending.,-1.0,-1.0,1.0,-1,,,0
2026-08-03T13:42:29,2026-08-03,FHN,ERROR,0,N/A,N/A,0,0.0,0.0,0.0,0.0,0.0,0.0,0.0,2026-08-03,0.0,0.0,0.0,0.0,0.0,0.0,0.0,0.0,0,N/A,-1.0,0.0,0.0,0.0,0.0,N/A,N/A,A process in the process pool was terminated abruptly while the future was running or pending.,-1.0,-1.0,1.0,-1,,,0
2026-08-03T13:42:29,2026-08-03,FLR,ERROR,0,N/A,N/A,0,0.0,0.0,0.0,0.0,0.0,0.0,0.0,2026-08-03,0.0,0.0,0.0,0.0,0.0,0.0,0.0,0.0,0,N/A,-1.0,0.0,0.0,0.0,0.0,N/A,N/A,A process in the process pool was terminated abruptly while the future was running or pending.,-1.0,-1.0,1.0,-1,,,0
2026-08-03T13:42:29,2026-08-03,FLS,ERROR,0,N/A,N/A,0,0.0,0.0,0.0,0.0,0.0,0.0,0.0,2026-08-03,0.0,0.0,0.0,0.0,0.0,0.0,0.0,0.0,0,N/A,-1.0,0.0,0.0,0.0,0.0,N/A,N/A,A process in the process pool was terminated abruptly while the future was running or pending.,-1.0,-1.0,1.0,-1,,,0
2026-08-03T13:42:29,2026-08-03,FN,ERROR,0,N/A,N/A,0,0.0,0.0,0.0,0.0,0.0,0.0,0.0,2026-08-03,0.0,0.0,0.0,0.0,0.0,0.0,0.0,0.0,0,N/A,-1.0,0.0,0.0,0.0,0.0,N/A,N/A,A process in the process pool was terminated abruptly while the future was running or pending.,-1.0,-1.0,1.0,-1,,,0
2026-08-03T13:42:29,2026-08-03,G,ERROR,0,N/A,N/A,0,0.0,0.0,0.0,0.0,0.0,0.0,0.0,2026-08-03,0.0,0.0,0.0,0.0,0.0,0.0,0.0,0.0,0,N/A,-1.0,0.0,0.0,0.0,0.0,N/A,N/A,A process in the process pool was terminated abruptly while the future was running or pending.,-1.0,-1.0,1.0,-1,,,0
2026-08-03T13:42:29,2026-08-03,GAP,ERROR,0,N/A,N/A,0,0.0,0.0,0.0,0.0,0.0,0.0,0.0,2026-08-03,0.0,0.0,0.0,0.0,0.0,0.0,0.0,0.0,0,N/A,-1.0,0.0,0.0,0.0,0.0,N/A,N/A,A process in the process pool was terminated abruptly while the future was running or pending.,-1.0,-1.0,1.0,-1,,,0
2026-08-03T13:42:29,2026-08-03,GPK,ERROR,0,N/A,N/A,0,0.0,0.0,0.0,0.0,0.0,0.0,0.0,2026-08-03,0.0,0.0,0.0,0.0,0.0,0.0,0.0,0.0,0,N/A,-1.0,0.0,0.0,0.0,0.0,N/A,N/A,A process in the process pool was terminated abruptly while the future was running or pending.,-1.0,-1.0,1.0,-1,,,0
2026-08-03T13:42:29,2026-08-03,HOG,ERROR,0,N/A,N/A,0,0.0,0.0,0.0,0.0,0.0,0.0,0.0,2026-08-03,0.0,0.0,0.0,0.0,0.0,0.0,0.0,0.0,0,N/A,-1.0,0.0,0.0,0.0,0.0,N/A,N/A,A process in the process pool was terminated abruptly while the future was running or pending.,-1.0,-1.0,1.0,-1,,,0
2026-08-03T13:42:29,2026-08-03,ITT,ERROR,0,N/A,N/A,0,0.0,0.0,0.0,0.0,0.0,0.0,0.0,2026-08-03,0.0,0.0,0.0,0.0,0.0,0.0,0.0,0.0,0,N/A,-1.0,0.0,0.0,0.0,0.0,N/A,N/A,A process in the process pool was terminated abruptly while the future was running or pending.,-1.0,-1.0,1.0,-1,,,0
2026-08-03T13:42:29,2026-08-03,KBH,ERROR,0,N/A,N/A,0,0.0,0.0,0.0,0.0,0.0,0.0,0.0,2026-08-03,0.0,0.0,0.0,0.0,0.0,0.0,0.0,0.0,0,N/A,-1.0,0.0,0.0,0.0,0.0,N/A,N/A,A process in the process pool was terminated abruptly while the future was running or pending.,-1.0,-1.0,1.0,-1,,,0
2026-08-03T13:42:29,2026-08-03,KRG,ERROR,0,N/A,N/A,0,0.0,0.0,0.0,0.0,0.0,0.0,0.0,2026-08-03,0.0,0.0,0.0,0.0,0.0,0.0,0.0,0.0,0,N/A,-1.0,0.0,0.0,0.0,0.0,N/A,N/A,A process in the process pool was terminated abruptly while the future was running or pending.,-1.0,-1.0,1.0,-1,,,0
2026-08-03T13:42:29,2026-08-03,LEA,ERROR,0,N/A,N/A,0,0.0,0.0,0.0,0.0,0.0,0.0,0.0,2026-08-03,0.0,0.0,0.0,0.0,0.0,0.0,0.0,0.0,0,N/A,-1.0,0.0,0.0,0.0,0.0,N/A,N/A,A process in the process pool was terminated abruptly while the future was running or pending.,-1.0,-1.0,1.0,-1,,,0
2026-08-03T13:42:29,2026-08-03,MMS,ERROR,0,N/A,N/A,0,0.0,0.0,0.0,0.0,0.0,0.0,0.0,2026-08-03,0.0,0.0,0.0,0.0,0.0,0.0,0.0,0.0,0,N/A,-1.0,0.0,0.0,0.0,0.0,N/A,N/A,A process in the process pool was terminated abruptly while the future was running or pending.,-1.0,-1.0,1.0,-1,,,0
2026-08-03T13:42:29,2026-08-03,MSM,ERROR,0,N/A,N/A,0,0.0,0.0,0.0,0.0,0.0,0.0,0.0,2026-08-03,0.0,0.0,0.0,0.0,0.0,0.0,0.0,0.0,0,N/A,-1.0,0.0,0.0,0.0,0.0,N/A,N/A,A process in the process pool was terminated abruptly while the future was running or pending.,-1.0,-1.0,1.0,-1,,,0
2026-08-03T13:42:29,2026-08-03,MUR,ERROR,0,N/A,N/A,0,0.0,0.0,0.0,0.0,0.0,0.0,0.0,2026-08-03,0.0,0.0,0.0,0.0,0.0,0.0,0.0,0.0,0,N/A,-1.0,0.0,0.0,0.0,0.0,N/A,N/A,A process in the process pool was terminated abruptly while the future was running or pending.,-1.0,-1.0,1.0,-1,,,0
2026-08-03T13:42:29,2026-08-03,NYT,ERROR,0,N/A,N/A,0,0.0,0.0,0.0,0.0,0.0,0.0,0.0,2026-08-03,0.0,0.0,0.0,0.0,0.0,0.0,0.0,0.0,0,N/A,-1.0,0.0,0.0,0.0,0.0,N/A,N/A,A process in the process pool was terminated abruptly while the future was running or pending.,-1.0,-1.0,1.0,-1,,,0
2026-08-03T13:42:29,2026-08-03,OGS,ERROR,0,N/A,N/A,0,0.0,0.0,0.0,0.0,0.0,0.0,0.0,2026-08-03,0.0,0.0,0.0,0.0,0.0,0.0,0.0,0.0,0,N/A,-1.0,0.0,0.0,0.0,0.0,N/A,N/A,A process in the process pool was terminated abruptly while the future was running or pending.,-1.0,-1.0,1.0,-1,,,0
2026-08-03T13:42:29,2026-08-03,OLN,ERROR,0,N/A,N/A,0,0.0,0.0,0.0,0.0,0.0,0.0,0.0,2026-08-03,0.0,0.0,0.0,0.0,0.0,0.0,0.0,0.0,0,N/A,-1.0,0.0,0.0,0.0,0.0,N/A,N/A,A process in the process pool was terminated abruptly while the future was running or pending.,-1.0,-1.0,1.0,-1,,,0
2026-08-03T13:42:29,2026-08-03,ORI,ERROR,0,N/A,N/A,0,0.0,0.0,0.0,0.0,0.0,0.0,0.0,2026-08-03,0.0,0.0,0.0,0.0,0.0,0.0,0.0,0.0,0,N/A,-1.0,0.0,0.0,0.0,0.0,N/A,N/A,A process in the process pool was terminated abruptly while the future was running or pending.,-1.0,-1.0,1.0,-1,,,0
2026-08-03T13:42:29,2026-08-03,P,ERROR,0,N/A,N/A,0,0.0,0.0,0.0,0.0,0.0,0.0,0.0,2026-08-03,0.0,0.0,0.0,0.0,0.0,0.0,0.0,0.0,0,N/A,-1.0,0.0,0.0,0.0,0.0,N/A,N/A,A process in the process pool was terminated abruptly while the future was running or pending.,-1.0,-1.0,1.0,-1,,,0
2026-08-03T13:42:29,2026-08-03,PVH,ERROR,0,N/A,N/A,0,0.0,0.0,0.0,0.0,0.0,0.0,0.0,2026-08-03,0.0,0.0,0.0,0.0,0.0,0.0,0.0,0.0,0,N/A,-1.0,0.0,0.0,0.0,0.0,N/A,N/A,A process in the process pool was terminated abruptly while the future was running or pending.,-1.0,-1.0,1.0,-1,,,0
2026-08-03T13:42:29,2026-08-03,RYN,ERROR,0,N/A,N/A,0,0.0,0.0,0.0,0.0,0.0,0.0,0.0,2026-08-03,0.0,0.0,0.0,0.0,0.0,0.0,0.0,0.0,0,N/A,-1.0,0.0,0.0,0.0,0.0,N/A,N/A,A process in the process pool was terminated abruptly while the future was running or pending.,-1.0,-1.0,1.0,-1,,,0
2026-08-03T13:42:29,2026-08-03,SN,ERROR,0,N/A,N/A,0,0.0,0.0,0.0,0.0,0.0,0.0,0.0,2026-08-03,0.0,0.0,0.0,0.0,0.0,0.0,0.0,0.0,0,N/A,-1.0,0.0,0.0,0.0,0.0,N/A,N/A,A process in the process pool was terminated abruptly while the future was running or pending.,-1.0,-1.0,1.0,-1,,,0
2026-08-03T13:42:29,2026-08-03,SNX,ERROR,0,N/A,N/A,0,0.0,0.0,0.0,0.0,0.0,0.0,0.0,2026-08-03,0.0,0.0,0.0,0.0,0.0,0.0,0.0,0.0,0,N/A,-1.0,0.0,0.0,0.0,0.0,N/A,N/A,A process in the process pool was terminated abruptly while the future was running or pending.,-1.0,-1.0,1.0,-1,,,0
2026-08-03T13:42:29,2026-08-03,SR,ERROR,0,N/A,N/A,0,0.0,0.0,0.0,0.0,0.0,0.0,0.0,2026-08-03,0.0,0.0,0.0,0.0,0.0,0.0,0.0,0.0,0,N/A,-1.0,0.0,0.0,0.0,0.0,N/A,N/A,A process in the process pool was terminated abruptly while the future was running or pending.,-1.0,-1.0,1.0,-1,,,0
2026-08-03T13:42:29,2026-08-03,SSD,ERROR,0,N/A,N/A,0,0.0,0.0,0.0,0.0,0.0,0.0,0.0,2026-08-03,0.0,0.0,0.0,0.0,0.0,0.0,0.0,0.0,0,N/A,-1.0,0.0,0.0,0.0,0.0,N/A,N/A,A process in the process pool was terminated abruptly while the future was running or pending.,-1.0,-1.0,1.0,-1,,,0
2026-08-03T13:42:29,2026-08-03,TOL,ERROR,0,N/A,N/A,0,0.0,0.0,0.0,0.0,0.0,0.0,0.0,2026-08-03,0.0,0.0,0.0,0.0,0.0,0.0,0.0,0.0,0,N/A,-1.0,0.0,0.0,0.0,0.0,N/A,N/A,A process in the process pool was terminated abruptly while the future was running or pending.,-1.0,-1.0,1.0,-1,,,0
2026-08-03T13:42:29,2026-08-03,TTC,ERROR,0,N/A,N/A,0,0.0,0.0,0.0,0.0,0.0,0.0,0.0,2026-08-03,0.0,0.0,0.0,0.0,0.0,0.0,0.0,0.0,0,N/A,-1.0,0.0,0.0,0.0,0.0,N/A,N/A,A process in the process pool was terminated abruptly while the future was running or pending.,-1.0,-1.0,1.0,-1,,,0
2026-08-03T13:42:29,2026-08-03,COPX,ERROR,0,N/A,N/A,0,0.0,0.0,0.0,0.0,0.0,0.0,0.0,2026-08-03,0.0,0.0,0.0,0.0,0.0,0.0,0.0,0.0,0,N/A,-1.0,0.0,0.0,0.0,0.0,N/A,N/A,A process in the process pool was terminated abruptly while the future was running or pending.,-1.0,-1.0,1.0,-1,,,0
2026-08-03T13:42:29,2026-08-03,DBA,ERROR,0,N/A,N/A,0,0.0,0.0,0.0,0.0,0.0,0.0,0.0,2026-08-03,0.0,0.0,0.0,0.0,0.0,0.0,0.0,0.0,0,N/A,-1.0,0.0,0.0,0.0,0.0,N/A,N/A,A process in the process pool was terminated abruptly while the future was running or pending.,-1.0,-1.0,1.0,-1,,,0
2026-08-03T13:42:29,2026-08-03,GLD,ERROR,0,N/A,N/A,0,0.0,0.0,0.0,0.0,0.0,0.0,0.0,2026-08-03,0.0,0.0,0.0,0.0,0.0,0.0,0.0,0.0,0,N/A,-1.0,0.0,0.0,0.0,0.0,N/A,N/A,A process in the process pool was terminated abruptly while the future was running or pending.,-1.0,-1.0,1.0,-1,,,0
2026-08-03T13:42:29,2026-08-03,SLV,ERROR,0,N/A,N/A,0,0.0,0.0,0.0,0.0,0.0,0.0,0.0,2026-08-03,0.0,0.0,0.0,0.0,0.0,0.0,0.0,0.0,0,N/A,-1.0,0.0,0.0,0.0,0.0,N/A,N/A,A process in the process pool was terminated abruptly while the future was running or pending.,-1.0,-1.0,1.0,-1,,,0
2026-08-03T13:42:29,2026-08-03,TLT,ERROR,0,N/A,N/A,0,0.0,0.0,0.0,0.0,0.0,0.0,0.0,2026-08-03,0.0,0.0,0.0,0.0,0.0,0.0,0.0,0.0,0,N/A,-1.0,0.0,0.0,0.0,0.0,N/A,N/A,A process in the process pool was terminated abruptly while the future was running or pending.,-1.0,-1.0,1.0,-1,,,0
2026-08-03T13:42:29,2026-08-03,UNG,ERROR,0,N/A,N/A,0,0.0,0.0,0.0,0.0,0.0,0.0,0.0,2026-08-03,0.0,0.0,0.0,0.0,0.0,0.0,0.0,0.0,0,N/A,-1.0,0.0,0.0,0.0,0.0,N/A,N/A,A process in the process pool was terminated abruptly while the future was running or pending.,-1.0,-1.0,1.0,-1,,,0
2026-08-03T13:42:29,2026-08-03,USO,ERROR,0,N/A,N/A,0,0.0,0.0,0.0,0.0,0.0,0.0,0.0,2026-08-03,0.0,0.0,0.0,0.0,0.0,0.0,0.0,0.0,0,N/A,-1.0,0.0,0.0,0.0,0.0,N/A,N/A,A process in the process pool was terminated abruptly while the future was running or pending.,-1.0,-1.0,1.0,-1,,,0
2026-08-03T13:42:29,2026-08-03,XLE,ERROR,0,N/A,N/A,0,0.0,0.0,0.0,0.0,0.0,0.0,0.0,2026-08-03,0.0,0.0,0.0,0.0,0.0,0.0,0.0,0.0,0,N/A,-1.0,0.0,0.0,0.0,0.0,N/A,N/A,A process in the process pool was terminated abruptly while the future was running or pending.,-1.0,-1.0,1.0,-1,,,0
2026-08-03T13:42:29,2026-08-03,XLF,ERROR,0,N/A,N/A,0,0.0,0.0,0.0,0.0,0.0,0.0,0.0,2026-08-03,0.0,0.0,0.0,0.0,0.0,0.0,0.0,0.0,0,N/A,-1.0,0.0,0.0,0.0,0.0,N/A,N/A,A process in the process pool was terminated abruptly while the future was running or pending.,-1.0,-1.0,1.0,-1,,,0
2026-08-03T13:42:29,2026-08-03,XLI,ERROR,0,N/A,N/A,0,0.0,0.0,0.0,0.0,0.0,0.0,0.0,2026-08-03,0.0,0.0,0.0,0.0,0.0,0.0,0.0,0.0,0,N/A,-1.0,0.0,0.0,0.0,0.0,N/A,N/A,A process in the process pool was terminated abruptly while the future was running or pending.,-1.0,-1.0,1.0,-1,,,0
2026-08-03T13:42:29,2026-08-03,XLP,ERROR,0,N/A,N/A,0,0.0,0.0,0.0,0.0,0.0,0.0,0.0,2026-08-03,0.0,0.0,0.0,0.0,0.0,0.0,0.0,0.0,0,N/A,-1.0,0.0,0.0,0.0,0.0,N/A,N/A,A process in the process pool was terminated abruptly while the future was running or pending.,-1.0,-1.0,1.0,-1,,,0
2026-08-03T13:42:29,2026-08-03,XLU,ERROR,0,N/A,N/A,0,0.0,0.0,0.0,0.0,0.0,0.0,0.0,2026-08-03,0.0,0.0,0.0,0.0,0.0,0.0,0.0,0.0,0,N/A,-1.0,0.0,0.0,0.0,0.0,N/A,N/A,A process in the process pool was terminated abruptly while the future was running or pending.,-1.0,-1.0,1.0,-1,,,0
2026-08-03T13:42:29,2026-08-03,XLV,ERROR,0,N/A,N/A,0,0.0,0.0,0.0,0.0,0.0,0.0,0.0,2026-08-03,0.0,0.0,0.0,0.0,0.0,0.0,0.0,0.0,0,N/A,-1.0,0.0,0.0,0.0,0.0,N/A,N/A,A process in the process pool was terminated abruptly while the future was running or pending.,-1.0,-1.0,1.0,-1,,,0
2026-08-03T13:41:18,2026-08-03,APTV,HOLD,0,Momentum (Rate of Change),LOW,1,-0.23,56.47,4.75,0.0,7.12,0.0,0.0,2026-08-25,0.36,0.55,100.0,27.76,6.45,17.58,-18.16,22.0,1,2026-04-15 to 2026-07-31 (75 days),-1.0,41.3,0.3124,61.84,70.76,BEARISH,MEDIUM,High volume; Earnings in 1d (2026-08-04); Last surprise: +8.2%; Earnings conf adj: -1,6.0,-1.0,1.0,1,2026-08-04,8.23,-1
2026-08-03T13:42:16,2026-08-03,HUBB,HOLD,0,MACD Crossover,MEDIUM,3,-0.55,472.55,5.66,0.0,8.97,0.0,0.0,2026-08-15,0.53,0.69,66.7,2.68,11.22,41.51,-12.6,12.0,3,2026-04-15 to 2026-07-31 (75 days),-1.0,44.6,0.3287,487.7,479.0,BULLISH,MEDIUM,Last surprise: +2.4%,5.7,-1.0,1.0,85,2026-10-27,2.41,0
2026-08-03T13:41:51,2026-08-03,ECHO,HOLD,0,VWAP Trend,LOW,0,-1.83,84.09,9.81,0.0,5.18,0.0,0.0,2026-08-05,-0.54,-0.75,45.5,0.83,-15.9,62.22,-14.52,2.7,11,2026-04-15 to 2026-07-31 (75 days),-1.0,32.3,0.4001,106.21,105.71,BULLISH,HIGH,Strong trend (ADX=44); EARNINGS TODAY (2026-08-03); Last surprise: +41.8%; Earnings conf adj: -3,4.69,-1.0,1.0,0,2026-08-03,41.8,-3
2026-08-03T13:41:21,2026-08-03,AZO,HOLD,0,Momentum (Rate of Change),LOW,1,-3.61,3016.25,6.58,0.0,9.87,0.0,0.0,2026-08-23,-0.92,-1.24,33.3,0.03,-23.64,18.19,-16.04,20.3,3,2026-04-15 to 2026-07-31 (75 days),-1.0,47.0,0.4093,3082.3,3482.45,BEARISH,HIGH,Last surprise: +5.3%; Earnings conf adj: +1,4.58,-1.0,1.0,50,2026-09-22,5.25,1
2026-08-03T13:41:18,2026-08-03,APP,HOLD,1,Stochastic Oscillator,LOW,0,-7.32,395.9,10.57,354.05,15.86,458.69,0.0,2026-08-21,-0.63,-0.93,50.0,0.14,-25.76,16.26,-15.81,18.5,2,2026-04-15 to 2026-07-31 (75 days),-1.0,36.0,0.5851,490.62,520.28,BEARISH,HIGH,High volume; Strong trend (ADX=42); Earnings in 2d (2026-08-05); Last surprise: +3.3%; Earnings conf adj: -2,3.2,-1.0,1.0,2,2026-08-05,3.3,-2
2026-08-03T13:41:45,2026-08-03,DECK,HOLD,0,Stochastic Oscillator,MEDIUM,3,-7.98,96.88,8.45,0.0,12.67,0.0,0.0,2026-09-03,0.72,1.12,50.0,2.33,20.47,53.26,-11.91,31.5,2,2026-04-15 to 2026-07-31 (75 days),-1.0,40.1,0.4345,105.98,102.18,BULLISH,HIGH,Last surprise: +6.8%; Earnings conf adj: +1,4.32,-1.0,1.0,80,2026-10-22,6.82,1
2026-08-03T13:42:00,2026-08-03,FDXF,HOLD,0,SMA Crossover (10/50),LOW,0,-12.07,140.53,10.62,0.0,14.43,0.0,0.0,2026-08-04,0.0,0.0,0.0,0.0,0.0,84.03,0.0,0.0,0,2026-06-11 to 2026-07-31 (35 days),-1.0,40.9,0.5793,nan,nan,NEUTRAL,HIGH,No special conditions,3.24,-1.0,1.0,86,2026-10-28,,0
2026-08-03T13:41:42,2026-08-03,CVNA,HOLD,0,Stochastic Oscillator,LOW,1,-12.68,62.36,12.0,0.0,18.0,0.0,0.0,2026-09-05,0.0,0.01,50.0,0.06,-11.57,33.15,-15.16,33.5,2,2026-04-15 to 2026-07-31 (75 days),-1.0,44.3,0.6153,66.7,72.31,BEARISH,HIGH,Last surprise: +10.5%; Earnings conf adj: +1,3.05,-1.0,1.0,86,2026-10-28,10.53,1
2026-08-03T13:41:25,2026-08-03,BLDR,HOLD,0,RSI Mean Reversion,LOW,0,-12.78,66.44,10.65,0.0,12.57,0.0,0.0,2026-08-04,0.0,0.0,0.0,0.0,0.0,57.01,0.0,0.0,0,2026-04-15 to 2026-07-31 (75 days),-1.0,35.4,0.5049,76.51,95.78,BEARISH,HIGH,Strong trend (ADX=30); Last surprise: -7.9%; Earnings conf adj: -1,3.71,-1.0,1.0,87,2026-10-29,-7.87,-1
2026-08-03T13:42:11,2026-08-03,HAL,HOLD,0,EMA Crossover (9/21),LOW,0,-12.96,32.25,5.21,0.0,8.77,0.0,0.0,2026-08-04,-1.85,-1.85,0.0,0.0,-0.34,39.18,-0.1,0.0,0,2026-04-15 to 2026-07-31 (75 days),-1.0,38.6,0.3523,36.18,33.53,BULLISH,MEDIUM,Strong trend (ADX=43); Last surprise: +1.9%,5.32,-1.0,1.0,78,2026-10-20,1.85,0
2026-08-03T13:41:37,2026-08-03,COIN,HOLD,0,RSI Mean Reversion,LOW,0,-13.35,146.26,12.0,0.0,17.41,0.0,0.0,2026-08-04,0.0,0.0,0.0,0.0,0.0,63.03,0.0,0.0,0,2026-04-15 to 2026-07-31 (75 days),-1.0,40.3,0.6993,164.35,212.43,BEARISH,HIGH,High volume; Price at statistical extreme; Last surprise: -491.3%; Earnings conf adj: -1,2.68,-1.0,1.0,87,2026-10-29,-491.3,-1
2026-08-03T13:42:13,2026-08-03,HONA,HOLD,0,SMA Crossover (10/50),LOW,0,-15.75,206.74,10.47,0.0,12.65,0.0,0.0,2026-08-04,0.0,0.0,0.0,0.0,0.0,0.0,0.0,0.0,0, to  (0 days),-1.0,46.1,0.5081,nan,nan,NEUTRAL,HIGH,Earnings in 2d (2026-08-05); Earnings conf adj: -2,3.69,-1.0,1.0,2,2026-08-05,,-2
