generated_at,date,ticker,signal,signal_raw,strategy,confidence,confidence_score,composite_score,current_price,stop_loss_pct,stop_loss_price,take_profit_pct,take_profit_price,suggested_position_size_pct,signal_expires,sharpe,sortino,win_rate,profit_factor,annual_return_pct,annual_excess_pct,max_drawdown_pct,avg_holding_days,total_trades,backtest_period,pbo,rsi,vol_20,sma_50,sma_200,trend,volatility,notes,vol_target_size_pct,meta_label_prob,meta_label_size_mult,days_to_earnings,earnings_date,last_surprise_pct,earnings_confidence_adj
2026-08-24T11:28:19,2026-08-24,FSLR,HOLD,0,VWAP Trend,HIGH,6,102.04,214.28,12.0,0.0,7.97,0.0,0.0,2026-08-27,3.51,9.49,88.9,8.78,230.69,236.38,-5.08,3.0,9,2026-05-06 to 2026-08-21 (75 days),-1.0,42.9,0.5842,229.99,233.58,BEARISH,HIGH,Last surprise: +36.1%; Earnings conf adj: +1,3.21,-1.0,1.0,66,2026-10-29,36.11,1
2026-08-24T11:28:10,2026-08-24,EVRG,EXIT,-1,VWAP Trend,HIGH,6,82.45,80.92,2.15,82.66,1.55,79.67,10.0,2026-08-25,2.63,8.65,70.0,5.34,15.13,9.6,-1.19,1.5,10,2026-05-06 to 2026-08-21 (75 days),-1.0,36.7,0.1609,84.04,79.0,BULLISH,LOW,Last surprise: +10.0%; Earnings conf adj: +1; Size: Kelly 10.0% / VolTgt 10.0% / Blend 10.0%,10.0,-1.0,1.0,73,2026-11-05,10.0,1
2026-08-24T11:27:45,2026-08-24,CMI,HOLD,0,VWAP Trend,HIGH,4,80.68,587.68,5.3,0.0,4.7,0.0,0.0,2026-08-26,2.83,6.98,83.3,6.55,60.85,109.2,-3.77,2.8,6,2026-05-06 to 2026-08-21 (75 days),-1.0,32.6,0.3566,659.59,593.05,BULLISH,MEDIUM,Price at statistical extreme; Strong trend (ADX=50); Last surprise: -6.1%; Earnings conf adj: -1,5.26,-1.0,1.0,73,2026-11-05,-6.14,-1
2026-08-24T11:28:20,2026-08-24,GDDY,HOLD,0,VWAP Trend,HIGH,6,75.26,97.07,8.21,0.0,12.32,0.0,0.0,2026-09-07,2.43,4.32,80.0,3.45,173.68,117.76,-15.65,14.4,5,2026-05-06 to 2026-08-21 (75 days),-1.0,55.2,0.8748,88.99,97.77,BEARISH,HIGH,Last surprise: +8.3%; Earnings conf adj: +1,2.14,-1.0,1.0,66,2026-10-29,8.28,1
2026-08-24T11:27:30,2026-08-24,BG,HOLD,0,Stochastic Oscillator,HIGH,5,73.36,113.11,5.8,0.0,8.7,0.0,0.0,2026-09-10,3.47,8.36,100.0,220.7,99.32,127.21,-7.47,17.7,3,2026-05-06 to 2026-08-21 (75 days),-1.0,50.7,0.4058,113.08,111.78,BULLISH,HIGH,Strong trend (ADX=30); Last surprise: +3.1%,4.62,-1.0,1.0,-26,2026-07-29,3.09,0
2026-08-24T11:27:37,2026-08-24,CAT,HOLD,0,VWAP Trend,HIGH,6,71.56,827.9,8.01,0.0,5.49,0.0,0.0,2026-08-26,3.93,10.68,77.8,10.76,123.64,155.15,-3.82,2.3,9,2026-05-06 to 2026-08-21 (75 days),-1.0,42.9,0.4597,904.66,758.83,BULLISH,HIGH,Last surprise: +31.8%; Earnings conf adj: +1,4.08,-1.0,1.0,66,2026-10-29,31.77,1
2026-08-24T11:27:10,2026-08-24,ABNB,HOLD,0,ADX Trend Following,HIGH,6,69.5,187.3,7.45,0.0,21.71,0.0,0.0,2026-09-09,3.17,10.01,100.0,375.56,221.64,51.4,-4.02,16.7,3,2026-05-06 to 2026-08-21 (75 days),-1.0,71.8,0.6747,153.6,136.17,BULLISH,HIGH,RSI overbought; Strong trend (ADX=56); Last surprise: +9.6%; Earnings conf adj: +1,2.78,-1.0,1.0,73,2026-11-05,9.6,1
2026-08-24T11:27:53,2026-08-24,CTSH,HOLD,0,VWAP Trend,HIGH,5,67.78,61.87,7.91,0.0,11.87,0.0,0.0,2026-09-02,3.14,5.87,75.0,3.76,301.88,204.53,-20.23,9.8,8,2026-05-06 to 2026-08-21 (75 days),-1.0,72.9,0.5436,48.75,62.42,BEARISH,HIGH,RSI overbought; Strong trend (ADX=45); Last surprise: -0.7%,3.45,-1.0,1.0,65,2026-10-28,-0.72,0
2026-08-24T11:27:55,2026-08-24,DASH,HOLD,0,ADX Trend Following,HIGH,5,67.31,223.49,5.34,0.0,12.38,0.0,0.0,2026-09-12,3.65,6.87,100.0,318.58,172.31,7.85,-9.38,19.0,3,2026-05-06 to 2026-08-21 (75 days),-1.0,69.9,0.3606,191.54,187.52,BULLISH,MEDIUM,Strong trend (ADX=50); Last surprise: -2.1%,5.2,-1.0,1.0,72,2026-11-04,-2.13,0
2026-08-24T11:28:09,2026-08-24,ETN,HOLD,0,VWAP Trend,HIGH,5,64.56,419.2,6.54,0.0,6.95,0.0,0.0,2026-08-26,2.49,4.98,66.7,3.8,86.06,86.06,-8.0,2.5,6,2026-05-06 to 2026-08-21 (75 days),-1.0,46.7,0.5582,415.52,377.23,BULLISH,HIGH,Last surprise: +2.3%,3.36,-1.0,1.0,71,2026-11-03,2.27,0
2026-08-24T11:28:06,2026-08-24,EMR,HOLD,0,ADX Trend Following,HIGH,5,64.28,157.26,4.25,0.0,12.34,0.0,0.0,2026-09-15,2.04,3.04,100.0,157.79,64.28,38.15,-6.12,22.0,3,2026-05-06 to 2026-08-21 (75 days),-1.0,55.6,0.334,147.48,140.53,BULLISH,MEDIUM,Strong trend (ADX=38); Last surprise: +1.8%,5.61,-1.0,1.0,72,2026-11-04,1.79,0
2026-08-24T11:27:31,2026-08-24,BKNG,HOLD,0,VWAP Trend,HIGH,5,62.6,209.62,6.57,0.0,11.16,0.0,0.0,2026-09-02,2.74,5.26,75.0,5.01,151.18,38.25,-7.02,9.9,8,2026-05-06 to 2026-08-21 (75 days),-1.0,60.8,0.4504,188.06,185.11,BULLISH,HIGH,Strong trend (ADX=37); Last surprise: +4.5%,4.16,-1.0,1.0,64,2026-10-27,4.53,0
2026-08-24T11:27:45,2026-08-24,CNC,HOLD,0,ADX Trend Following,HIGH,5,62.41,65.02,7.34,0.0,8.65,0.0,0.0,2026-08-31,0.88,1.3,100.0,49.49,16.16,-57.09,-7.03,7.5,4,2026-05-06 to 2026-08-21 (75 days),-1.0,50.3,0.4011,64.96,48.86,BULLISH,HIGH,Last surprise: +132.4%; Earnings conf adj: +1,4.67,-1.0,1.0,64,2026-10-27,132.41,1
2026-08-24T11:27:12,2026-08-24,ABT,HOLD,0,VWAP Trend,HIGH,5,62.39,116.64,3.02,0.0,4.53,0.0,0.0,2026-09-09,2.93,6.22,83.3,27.47,139.41,-46.39,-7.18,16.0,6,2026-05-06 to 2026-08-21 (75 days),-1.0,77.9,0.2009,99.65,105.88,BEARISH,MEDIUM,RSI overbought; Price at statistical extreme; Strong trend (ADX=46); Last surprise: +2.3%,9.33,-1.0,1.0,51,2026-10-14,2.34,0
2026-08-24T11:28:21,2026-08-24,GEV,HOLD,0,VWAP Trend,HIGH,4,61.42,956.85,8.74,0.0,8.1,0.0,0.0,2026-08-27,1.67,2.76,71.4,4.96,59.0,100.21,-8.21,3.7,7,2026-05-06 to 2026-08-21 (75 days),-1.0,41.0,0.5349,1035.02,867.46,BULLISH,HIGH,Last surprise: -22.3%; Earnings conf adj: -1,3.51,-1.0,1.0,65,2026-10-28,-22.33,-1
2026-08-24T11:28:33,2026-08-24,IBM,HOLD,0,Stochastic Oscillator,HIGH,5,61.39,235.68,4.15,0.0,6.23,0.0,0.0,2026-09-09,5.11,26.36,100.0,695.06,614.52,592.86,-3.63,16.0,3,2026-05-06 to 2026-08-21 (75 days),-1.0,50.3,0.2976,245.93,262.34,BEARISH,MEDIUM,Last surprise: +0.0%,6.3,-1.0,1.0,58,2026-10-21,0.0,0
2026-08-24T11:28:23,2026-08-24,GM,HOLD,0,Stochastic Oscillator,HIGH,6,61.09,87.93,3.54,0.0,5.31,0.0,0.0,2026-09-08,3.2,7.88,100.0,230.61,103.51,56.54,-6.26,15.7,3,2026-05-06 to 2026-08-21 (75 days),-1.0,58.4,0.3274,82.14,78.83,BULLISH,MEDIUM,Last surprise: +11.9%; Earnings conf adj: +1,5.73,-1.0,1.0,57,2026-10-20,11.91,1
2026-08-24T11:27:23,2026-08-24,APH,HOLD,0,VWAP Trend,HIGH,6,60.23,157.01,7.71,0.0,6.21,0.0,0.0,2026-08-26,3.19,7.6,80.0,5.97,101.77,47.58,-4.72,2.6,5,2026-05-06 to 2026-08-21 (75 days),-1.0,45.6,0.4893,160.89,144.28,BULLISH,HIGH,Last surprise: +13.4%; Earnings conf adj: +1,3.83,-1.0,1.0,65,2026-10-28,13.45,1
2026-08-24T11:27:19,2026-08-24,AMD,HOLD,0,VWAP Trend,HIGH,5,60.19,473.25,9.89,0.0,7.51,0.0,0.0,2026-08-25,1.12,2.61,57.1,1.96,35.14,-13.34,-11.42,1.4,7,2026-05-06 to 2026-08-21 (75 days),-1.0,45.8,0.8056,510.23,329.86,BULLISH,HIGH,Last surprise: +3.1%,2.33,-1.0,1.0,71,2026-11-03,3.11,0
2026-08-24T11:27:40,2026-08-24,CFG,HOLD,0,VWAP Trend,HIGH,5,60.07,69.86,3.13,0.0,3.22,0.0,0.0,2026-08-27,3.06,6.93,85.7,19.43,44.98,18.46,-2.47,3.1,7,2026-05-06 to 2026-08-21 (75 days),-1.0,40.9,0.2326,70.78,62.34,BULLISH,MEDIUM,Last surprise: +4.0%,8.06,-1.0,1.0,53,2026-10-16,4.0,0
2026-08-24T11:28:16,2026-08-24,FICO,HOLD,0,VWAP Trend,HIGH,5,58.68,1172.67,8.2,0.0,12.3,0.0,0.0,2026-09-13,2.35,3.88,75.0,3.57,130.68,92.75,-16.02,20.5,4,2026-05-06 to 2026-08-21 (75 days),-1.0,54.1,0.8498,1173.19,1334.94,BEARISH,HIGH,Last surprise: +3.4%,2.21,-1.0,1.0,-26,2026-07-29,3.4,0
2026-08-24T11:27:24,2026-08-24,APO,EXIT,-1,VWAP Trend,HIGH,5,58.43,132.69,7.64,142.83,9.22,120.46,7.02,2026-08-30,2.21,3.74,85.7,151.01,59.33,47.62,-7.28,6.4,7,2026-05-06 to 2026-08-21 (75 days),-1.0,53.9,0.463,126.32,126.51,BEARISH,HIGH,Last surprise: -2.3%; Size: Kelly 10.0% / VolTgt 4.0% / Blend 7.0%,4.05,-1.0,1.0,71,2026-11-03,-2.31,0
2026-08-24T11:28:20,2026-08-24,GD,HOLD,0,VWAP Trend,HIGH,6,57.92,384.29,2.02,0.0,2.01,0.0,0.0,2026-08-26,1.51,3.2,63.6,2.58,19.86,-23.46,-2.92,2.2,11,2026-05-06 to 2026-08-21 (75 days),-1.0,50.2,0.1718,373.62,350.69,BULLISH,LOW,Last surprise: +6.8%; Earnings conf adj: +1,10.0,-1.0,1.0,65,2026-10-28,6.8,1
2026-08-24T11:27:24,2026-08-24,ARE,HOLD,0,Stochastic Oscillator,HIGH,6,57.84,53.49,8.38,0.0,12.57,0.0,0.0,2026-09-05,2.55,7.39,100.0,200.86,87.2,10.25,-7.63,12.0,2,2026-05-06 to 2026-08-21 (75 days),-1.0,60.5,0.6078,50.44,49.12,BULLISH,HIGH,Strong trend (ADX=34); Last surprise: +25.0%; Earnings conf adj: +1,3.08,-1.0,1.0,63,2026-10-26,25.0,1
2026-08-24T11:27:49,2026-08-24,CPAY,HOLD,0,ADX Trend Following,HIGH,6,57.79,417.13,4.15,0.0,8.33,0.0,0.0,2026-09-08,2.69,5.23,100.0,176.39,76.7,-112.34,-4.58,15.5,4,2026-05-06 to 2026-08-21 (75 days),-1.0,65.6,0.2686,371.82,330.27,BULLISH,MEDIUM,Strong trend (ADX=48); Last surprise: +6.4%; Earnings conf adj: +1,6.98,-1.0,1.0,72,2026-11-04,6.38,1
2026-08-24T11:27:46,2026-08-24,COHR,HOLD,0,VWAP Trend,HIGH,6,57.65,289.52,12.0,0.0,17.64,0.0,0.0,2026-08-26,2.94,5.64,70.0,3.39,472.01,516.79,-18.15,2.7,10,2026-05-06 to 2026-08-21 (75 days),-1.0,45.0,1.3633,329.57,269.83,BULLISH,HIGH,Last surprise: +7.4%; Earnings conf adj: +1,1.38,-1.0,1.0,72,2026-11-04,7.41,1
2026-08-24T11:28:13,2026-08-24,FANG,EXIT,-1,Stochastic Oscillator,HIGH,6,55.27,210.72,5.62,222.56,8.43,192.96,7.3,2026-09-14,2.32,4.94,100.0,151.46,58.67,23.68,-8.49,21.0,2,2026-05-06 to 2026-08-21 (75 days),-1.0,64.1,0.4089,191.46,176.06,BULLISH,HIGH,Strong trend (ADX=37); Last surprise: +8.4%; Earnings conf adj: +1; Size: Kelly 10.0% / VolTgt 4.6% / Blend 7.3%,4.59,-1.0,1.0,70,2026-11-02,8.36,1
2026-08-24T11:28:23,2026-08-24,GLW,HOLD,0,VWAP Trend,HIGH,5,55.24,149.84,12.0,0.0,16.52,0.0,0.0,2026-08-29,1.8,3.0,80.0,5.13,148.62,196.36,-23.97,5.6,5,2026-05-06 to 2026-08-21 (75 days),-1.0,44.2,0.8865,174.11,140.41,BULLISH,HIGH,Last surprise: +4.0%,2.12,-1.0,1.0,64,2026-10-27,4.0,0
2026-08-24T11:27:28,2026-08-24,BAX,HOLD,0,VWAP Trend,HIGH,6,54.95,26.34,6.68,0.0,12.37,0.0,0.0,2026-09-02,2.97,5.86,80.0,5.94,147.04,-199.75,-7.14,9.6,5,2026-05-06 to 2026-08-21 (75 days),-1.0,56.5,0.5068,23.6,19.94,BULLISH,HIGH,Last surprise: +51.4%; Earnings conf adj: +1,3.7,-1.0,1.0,66,2026-10-29,51.35,1
2026-08-24T11:28:26,2026-08-24,HAS,EXIT,-1,ADX Trend Following,HIGH,6,54.62,93.54,3.56,96.87,5.34,88.54,7.94,2026-09-06,1.93,5.54,100.0,129.39,51.34,59.7,-5.38,13.5,2,2026-05-06 to 2026-08-21 (75 days),-1.0,57.9,0.3196,86.57,87.35,BEARISH,MEDIUM,Last surprise: +13.3%; Earnings conf adj: +1; Size: Kelly 10.0% / VolTgt 5.9% / Blend 7.9%,5.87,-1.0,1.0,59,2026-10-22,13.27,1
2026-08-24T11:28:17,2026-08-24,FLEX,HOLD,0,VWAP Trend,HIGH,6,54.51,110.45,11.99,0.0,10.41,0.0,0.0,2026-08-27,2.64,5.15,100.0,261.85,131.44,180.61,-11.55,3.5,4,2026-05-06 to 2026-08-21 (75 days),-1.0,38.8,0.7065,131.34,92.47,BULLISH,HIGH,Last surprise: +8.7%; Earnings conf adj: +1,2.65,-1.0,1.0,65,2026-10-28,8.7,1
2026-08-24T11:27:21,2026-08-24,AMT,HOLD,0,ADX Trend Following,HIGH,6,52.98,175.8,3.92,0.0,5.88,0.0,0.0,2026-08-31,2.25,4.43,60.0,10.42,56.63,61.61,-5.94,7.0,5,2026-05-06 to 2026-08-21 (75 days),-1.0,56.1,0.3105,171.91,175.33,BEARISH,MEDIUM,Last surprise: +20.6%; Earnings conf adj: +1,6.04,-1.0,1.0,64,2026-10-27,20.65,1
2026-08-24T11:27:12,2026-08-24,ACGL,HOLD,0,VWAP Trend,HIGH,5,52.74,99.39,2.12,0.0,4.3,0.0,0.0,2026-08-31,3.08,6.0,62.5,8.61,71.95,54.06,-4.39,7.8,8,2026-05-06 to 2026-08-21 (75 days),-1.0,50.7,0.1954,98.72,95.64,BULLISH,LOW,Last surprise: +4.1%,9.59,-1.0,1.0,63,2026-10-26,4.07,0
2026-08-24T11:27:44,2026-08-24,CME,HOLD,0,ADX Trend Following,HIGH,5,51.98,274.98,2.62,0.0,3.93,0.0,0.0,2026-09-09,1.64,2.97,100.0,69.11,25.14,38.55,-3.23,16.0,2,2026-05-06 to 2026-08-21 (75 days),-1.0,65.2,0.1873,252.15,274.46,BEARISH,LOW,Price at statistical extreme; Last surprise: +2.7%,10.0,-1.0,1.0,58,2026-10-21,2.75,0
2026-08-24T11:27:26,2026-08-24,AVY,HOLD,0,VWAP Trend,HIGH,5,51.9,183.71,3.99,0.0,5.99,0.0,0.0,2026-08-31,1.07,1.81,54.5,1.84,25.64,-16.7,-7.86,7.7,11,2026-05-06 to 2026-08-21 (75 days),-1.0,67.1,0.2823,166.67,171.65,BEARISH,MEDIUM,Strong trend (ADX=48); Last surprise: +17.0%; Earnings conf adj: +1,6.64,-1.0,1.0,58,2026-10-21,17.0,1
2026-08-24T11:28:12,2026-08-24,EXPD,BUY,1,Momentum (Rate of Change),HIGH,6,51.68,187.81,4.02,180.26,12.75,211.76,7.96,2026-09-19,2.21,3.73,100.0,128.32,49.6,-63.16,-7.4,26.0,3,2026-05-06 to 2026-08-21 (75 days),0.492,65.8,0.3175,173.11,155.59,BULLISH,MEDIUM,Strong trend (ADX=49); Last surprise: +20.1%; Earnings conf adj: +1; Size: Kelly 10.0% / VolTgt 5.9% / Blend 8.0%,5.91,-1.0,1.0,71,2026-11-03,20.12,1
2026-08-24T11:28:19,2026-08-24,FTNT,HOLD,0,VWAP Trend,HIGH,6,51.48,153.51,5.71,0.0,4.54,0.0,0.0,2026-08-26,3.44,16.14,83.3,15.02,75.83,-441.5,-1.56,2.3,6,2026-05-06 to 2026-08-21 (75 days),-1.0,45.8,0.3801,156.05,106.18,BULLISH,MEDIUM,Last surprise: +20.0%; Earnings conf adj: +1,4.93,-1.0,1.0,72,2026-11-04,20.0,1
2026-08-24T11:27:40,2026-08-24,CDW,HOLD,0,Stochastic Oscillator,HIGH,5,50.06,137.25,11.71,0.0,15.74,0.0,0.0,2026-09-07,4.76,25.46,100.0,509.07,344.29,220.64,-3.19,14.5,2,2026-05-06 to 2026-08-21 (75 days),-1.0,49.5,0.5248,136.36,130.77,BULLISH,HIGH,Strong trend (ADX=31); Last surprise: +3.9%,3.57,-1.0,1.0,71,2026-11-03,3.93,0
2026-08-24T11:27:43,2026-08-24,CLX,HOLD,0,VWAP Trend,LOW,1,49.86,106.69,4.16,0.0,6.24,0.0,0.0,2026-09-03,0.44,0.6,66.7,1.36,8.86,-76.75,-13.09,10.0,9,2026-05-06 to 2026-08-21 (75 days),-1.0,62.3,0.3349,98.04,101.24,BEARISH,MEDIUM,Strong trend (ADX=45); Last surprise: +0.6%,5.6,-1.0,1.0,71,2026-11-03,0.61,0
2026-08-24T11:27:35,2026-08-24,BXP,HOLD,0,VWAP Trend,HIGH,5,49.5,67.67,3.7,0.0,4.38,0.0,0.0,2026-08-28,2.26,5.18,80.0,11.6,37.8,-19.74,-3.91,4.2,5,2026-05-06 to 2026-08-21 (75 days),-1.0,48.1,0.2713,67.69,62.57,BULLISH,MEDIUM,Last surprise: +16.3%; Earnings conf adj: +1,6.91,-1.0,1.0,64,2026-10-27,16.28,1
2026-08-24T11:28:14,2026-08-24,FDXF,HOLD,0,VWAP Trend,HIGH,4,49.3,137.32,8.3,0.0,7.89,0.0,0.0,2026-08-28,2.2,6.08,66.7,6.25,68.26,122.69,-3.66,4.3,3,2026-07-06 to 2026-08-21 (35 days),-1.0,41.6,0.4833,150.48,nan,NEUTRAL,HIGH,No special conditions,3.88,-1.0,1.0,65,2026-10-28,,0
2026-08-24T11:28:08,2026-08-24,ERIE,HOLD,0,VWAP Trend,HIGH,4,48.03,264.85,6.8,0.0,9.18,0.0,0.0,2026-08-30,2.95,4.63,66.7,3.37,204.93,92.71,-17.01,6.6,12,2026-05-06 to 2026-08-21 (75 days),-1.0,61.3,0.4536,239.12,253.25,BEARISH,HIGH,Strong trend (ADX=35); Last surprise: +3.0%,4.13,-1.0,1.0,66,2026-10-29,2.99,0
2026-08-24T11:27:20,2026-08-24,AMGN,HOLD,0,MACD Crossover,HIGH,5,47.91,439.33,4.1,0.0,12.94,0.0,0.0,2026-09-21,2.76,5.69,100.0,208.49,92.46,-76.31,-5.24,28.0,3,2026-05-06 to 2026-08-21 (75 days),-1.0,73.4,0.3106,378.96,350.18,BULLISH,MEDIUM,RSI overbought; Strong trend (ADX=59); Last surprise: +11.9%; Earnings conf adj: +1,6.04,-1.0,1.0,71,2026-11-03,11.92,1
2026-08-24T11:28:26,2026-08-24,HD,HOLD,0,Stochastic Oscillator,HIGH,4,47.43,335.61,3.97,0.0,5.96,0.0,0.0,2026-09-14,3.31,6.9,100.0,172.4,71.38,54.57,-3.63,21.5,2,2026-05-06 to 2026-08-21 (75 days),-1.0,46.0,0.2735,340.08,342.87,BEARISH,MEDIUM,Last surprise: +4.0%,6.86,-1.0,1.0,85,2026-11-17,4.02,0
2026-08-24T11:27:50,2026-08-24,CPRT,HOLD,0,ADX Trend Following,HIGH,4,47.29,33.8,6.98,0.0,8.65,0.0,0.0,2026-08-29,2.28,7.07,75.0,4.88,58.11,53.87,-5.15,5.0,4,2026-05-06 to 2026-08-21 (75 days),-1.0,70.1,0.4911,29.53,34.87,BEARISH,HIGH,RSI overbought; Strong trend (ADX=52); Last surprise: +4.9%,3.82,-1.0,1.0,10,2026-09-03,4.88,0
2026-08-24T11:28:04,2026-08-24,ECL,HOLD,0,Stochastic Oscillator,HIGH,4,46.78,281.63,2.92,0.0,4.38,0.0,0.0,2026-09-24,3.38,6.57,100.0,200.9,87.12,60.39,-4.61,31.5,2,2026-05-06 to 2026-08-21 (75 days),-1.0,54.4,0.225,276.04,270.58,BULLISH,MEDIUM,High volume; Last surprise: +0.5%,8.33,-1.0,1.0,64,2026-10-27,0.48,0
2026-08-24T11:28:09,2026-08-24,ETR,HOLD,0,VWAP Trend,MEDIUM,3,46.64,104.62,3.18,0.0,2.6,0.0,0.0,2026-08-26,0.99,1.39,85.7,3.33,6.29,27.7,-2.47,2.4,7,2026-05-06 to 2026-08-21 (75 days),-1.0,35.5,0.2128,110.86,103.83,BULLISH,MEDIUM,Last surprise: +2.0%,8.81,-1.0,1.0,66,2026-10-29,1.98,0
2026-08-24T11:28:27,2026-08-24,HBAN,BUY,1,Stochastic Oscillator,HIGH,4,46.34,17.03,3.03,16.51,4.54,17.8,9.52,2026-09-15,2.52,4.11,100.0,123.41,46.26,34.69,-3.24,22.0,2,2026-05-06 to 2026-08-21 (75 days),0.746,40.5,0.2071,17.58,16.71,BULLISH,MEDIUM,Last surprise: +0.0%; Size: Kelly 10.0% / VolTgt 9.1% / Blend 9.5%,9.05,-1.0,1.0,59,2026-10-22,0.0,0
2026-08-24T11:28:10,2026-08-24,EXC,HOLD,0,VWAP Trend,HIGH,4,46.1,43.78,2.47,0.0,1.87,0.0,0.0,2026-08-25,1.79,3.7,66.7,2.54,13.03,19.16,-1.42,1.6,9,2026-05-06 to 2026-08-21 (75 days),-1.0,34.0,0.1882,46.21,45.56,BULLISH,LOW,Price at statistical extreme; Last surprise: -4.4%,9.96,-1.0,1.0,71,2026-11-03,-4.44,0
2026-08-24T11:28:29,2026-08-24,HOOD,HOLD,0,MACD Crossover,HIGH,5,45.79,108.13,9.76,0.0,22.0,0.0,0.0,2026-09-10,1.46,2.61,100.0,189.93,84.65,-105.94,-13.57,17.3,3,2026-05-06 to 2026-08-21 (75 days),-1.0,62.5,0.6716,100.31,96.08,BULLISH,HIGH,High volume; Price at statistical extreme; Last surprise: +44.2%; Earnings conf adj: +1,2.79,-1.0,1.0,72,2026-11-04,44.19,1
2026-08-24T11:28:03,2026-08-24,DXCM,HOLD,0,Stochastic Oscillator,HIGH,5,45.69,92.34,5.58,0.0,8.37,0.0,0.0,2026-09-09,3.26,7.85,100.0,313.17,153.75,-171.63,-5.33,16.5,2,2026-05-06 to 2026-08-21 (75 days),-1.0,70.1,0.5143,77.63,69.32,BULLISH,HIGH,RSI overbought; Strong trend (ADX=44); Last surprise: +14.8%; Earnings conf adj: +1,3.65,-1.0,1.0,66,2026-10-29,14.75,1
2026-08-24T11:28:16,2026-08-24,FERG,HOLD,0,VWAP Trend,HIGH,4,45.66,242.24,4.28,0.0,4.35,0.0,0.0,2026-08-26,1.13,2.15,71.4,2.13,12.06,23.75,-4.02,2.0,7,2026-05-06 to 2026-08-21 (75 days),-1.0,50.2,0.3907,236.91,239.44,BEARISH,MEDIUM,Last surprise: +2.7%,4.8,-1.0,1.0,77,2026-11-09,2.73,0
2026-08-24T11:27:21,2026-08-24,AMZN,HOLD,0,Stochastic Oscillator,HIGH,5,45.62,258.63,4.94,0.0,7.41,0.0,0.0,2026-09-15,1.88,4.6,100.0,206.16,84.56,103.41,-8.1,22.5,2,2026-05-06 to 2026-08-21 (75 days),-1.0,49.7,0.6295,249.73,238.33,BULLISH,HIGH,Last surprise: +214.2%; Earnings conf adj: +1,2.98,-1.0,1.0,66,2026-10-29,214.21,1
2026-08-24T11:27:30,2026-08-24,BEN,HOLD,0,EMA Crossover (9/21),HIGH,4,45.55,34.31,3.2,0.0,7.22,0.0,0.0,2026-09-04,0.97,1.67,100.0,35.37,11.52,-32.09,-6.74,11.0,2,2026-05-06 to 2026-08-21 (75 days),-1.0,56.8,0.2766,33.37,27.5,BULLISH,MEDIUM,Last surprise: +9.1%; Earnings conf adj: +1,6.78,-1.0,1.0,-24,2026-07-31,9.09,1
2026-08-24T11:27:52,2026-08-24,CTAS,HOLD,0,Stochastic Oscillator,HIGH,4,45.37,203.79,2.9,0.0,4.35,0.0,0.0,2026-09-07,2.41,4.53,100.0,134.26,50.85,-40.38,-3.71,14.3,3,2026-05-06 to 2026-08-21 (75 days),-1.0,57.9,0.2367,190.85,185.01,BULLISH,MEDIUM,Last surprise: +2.4%,7.92,-1.0,1.0,30,2026-09-23,2.44,0
2026-08-24T11:28:30,2026-08-24,HSIC,HOLD,0,ADX Trend Following,HIGH,4,44.95,88.5,2.89,0.0,6.8,0.0,0.0,2026-09-18,2.79,4.59,100.0,151.49,61.76,-36.01,-4.23,25.7,3,2026-05-06 to 2026-08-21 (75 days),-1.0,55.4,0.1702,85.64,78.19,BULLISH,LOW,Strong trend (ADX=39); Last surprise: +2.4%,10.0,-1.0,1.0,71,2026-11-03,2.42,0
2026-08-24T11:27:18,2026-08-24,ALGN,HOLD,0,ADX Trend Following,HIGH,4,44.86,162.55,7.68,0.0,8.67,0.0,0.0,2026-08-30,1.56,2.65,100.0,78.35,28.9,49.5,-4.27,6.5,2,2026-05-06 to 2026-08-21 (75 days),-1.0,41.3,0.4318,174.72,169.49,BULLISH,HIGH,Last surprise: +1.5%,4.34,-1.0,1.0,65,2026-10-28,1.54,0
2026-08-24T11:27:38,2026-08-24,CBRE,HOLD,0,VWAP Trend,HIGH,5,44.8,152.1,4.37,0.0,6.55,0.0,0.0,2026-09-02,1.86,3.1,80.0,13.53,35.75,18.51,-4.71,9.2,5,2026-05-06 to 2026-08-21 (75 days),-1.0,57.6,0.3506,141.74,147.38,BEARISH,MEDIUM,Last surprise: +6.1%; Earnings conf adj: +1,5.35,-1.0,1.0,59,2026-10-22,6.12,1
2026-08-24T11:28:11,2026-08-24,EXPE,HOLD,0,ADX Trend Following,HIGH,5,43.92,321.63,7.78,0.0,17.16,0.0,0.0,2026-09-14,2.08,3.11,100.0,180.01,78.2,-70.48,-6.64,21.3,3,2026-05-06 to 2026-08-21 (75 days),-1.0,62.0,0.4722,279.07,254.56,BULLISH,HIGH,Strong trend (ADX=42); Last surprise: +9.7%; Earnings conf adj: +1,3.97,-1.0,1.0,73,2026-11-05,9.71,1
2026-08-24T11:27:26,2026-08-24,AXON,HOLD,0,VWAP Trend,HIGH,4,43.9,627.75,12.0,0.0,16.77,0.0,0.0,2026-08-29,2.41,5.19,66.7,3.49,180.4,-244.11,-17.17,5.9,9,2026-05-06 to 2026-08-21 (75 days),-1.0,58.3,0.8768,540.46,506.76,BULLISH,HIGH,Last surprise: +2.2%,2.14,-1.0,1.0,71,2026-11-03,2.17,0
2026-08-24T11:27:31,2026-08-24,BKR,HOLD,0,VWAP Trend,HIGH,5,43.69,62.34,3.71,0.0,3.72,0.0,0.0,2026-08-25,2.27,6.48,55.6,2.99,35.24,54.68,-4.46,1.9,9,2026-05-06 to 2026-08-21 (75 days),-1.0,53.2,0.3425,59.21,57.36,BULLISH,MEDIUM,Last surprise: +30.6%; Earnings conf adj: +1,5.47,-1.0,1.0,59,2026-10-22,30.61,1
2026-08-24T11:27:12,2026-08-24,ACN,HOLD,0,VWAP Trend,HIGH,4,42.82,185.28,8.61,0.0,11.73,0.0,0.0,2026-09-02,1.34,1.77,62.5,1.71,73.8,46.23,-27.47,9.2,8,2026-05-06 to 2026-08-21 (75 days),-1.0,67.1,0.4912,152.75,202.54,BEARISH,HIGH,Last surprise: +2.4%,3.82,-1.0,1.0,38,2026-10-01,2.43,0
2026-08-24T11:28:04,2026-08-24,ECHO,HOLD,0,VWAP Trend,MEDIUM,2,42.58,86.81,8.73,0.0,6.32,0.0,0.0,2026-08-27,0.89,1.42,60.0,1.54,23.54,95.23,-14.52,3.3,10,2026-05-06 to 2026-08-21 (75 days),-1.0,41.3,0.4417,95.77,106.86,BEARISH,HIGH,Last surprise: -94.7%; Earnings conf adj: -1,4.24,-1.0,1.0,-21,2026-08-03,-94.66,-1
2026-08-24T11:28:21,2026-08-24,GE,BUY,1,Stochastic Oscillator,HIGH,5,42.47,348.37,4.13,333.98,6.2,369.97,7.78,2026-09-10,2.36,3.9,100.0,119.94,43.08,-13.4,-6.36,17.0,2,2026-05-06 to 2026-08-21 (75 days),0.187,42.7,0.3367,359.63,319.08,BULLISH,MEDIUM,Last surprise: +8.6%; Earnings conf adj: +1; Size: Kelly 10.0% / VolTgt 5.6% / Blend 7.8%,5.57,-1.0,1.0,57,2026-10-20,8.6,1
2026-08-24T11:28:21,2026-08-24,GEHC,HOLD,0,Stochastic Oscillator,HIGH,5,42.44,74.82,4.26,0.0,6.39,0.0,0.0,2026-09-12,2.58,7.11,100.0,237.43,104.33,11.52,-5.4,19.0,2,2026-05-06 to 2026-08-21 (75 days),-1.0,66.3,0.5073,66.63,72.77,BEARISH,HIGH,Strong trend (ADX=41); Last surprise: +8.7%; Earnings conf adj: +1,3.7,-1.0,1.0,65,2026-10-28,8.65,1
2026-08-24T11:27:51,2026-08-24,CSCO,HOLD,0,ADX Trend Following,HIGH,4,42.32,111.04,7.66,0.0,8.03,0.0,0.0,2026-08-30,1.86,3.94,66.7,48.35,27.39,-67.38,-2.68,6.0,3,2026-05-06 to 2026-08-21 (75 days),-1.0,42.5,0.4165,116.1,92.36,BULLISH,HIGH,Strong trend (ADX=37); Last surprise: +4.3%,4.5,-1.0,1.0,80,2026-11-12,4.27,0
2026-08-24T11:27:59,2026-08-24,DLTR,HOLD,0,MACD Crossover,MEDIUM,3,42.27,131.48,3.93,0.0,5.44,0.0,0.0,2026-09-01,2.15,5.83,83.3,24.85,127.14,-59.48,-8.61,8.3,6,2026-05-06 to 2026-08-21 (75 days),-1.0,59.0,0.2399,123.79,115.78,BULLISH,MEDIUM,Earnings in 3d (2026-08-27); Last surprise: +13.0%; Earnings conf adj: -1,7.81,-1.0,1.0,3,2026-08-27,12.99,-1
2026-08-24T11:28:22,2026-08-24,GIS,HOLD,0,Stochastic Oscillator,HIGH,5,41.9,39.97,3.8,0.0,5.7,0.0,0.0,2026-09-15,2.5,4.59,100.0,129.1,49.99,-15.51,-5.08,22.0,2,2026-05-06 to 2026-08-21 (75 days),-1.0,64.6,0.3186,36.34,39.11,BEARISH,MEDIUM,Strong trend (ADX=32); Last surprise: +18.7%; Earnings conf adj: +1,5.89,-1.0,1.0,30,2026-09-23,18.75,1
2026-08-24T11:28:13,2026-08-24,FAST,HOLD,0,VWAP Trend,HIGH,4,41.44,51.26,3.21,0.0,2.42,0.0,0.0,2026-08-25,2.47,5.6,77.8,4.73,23.19,-39.1,-1.57,1.9,9,2026-05-06 to 2026-08-21 (75 days),-1.0,61.7,0.2227,47.77,44.5,BULLISH,MEDIUM,Strong trend (ADX=30); Last surprise: +0.0%,8.42,-1.0,1.0,51,2026-10-14,0.0,0
2026-08-24T11:27:53,2026-08-24,CVNA,HOLD,0,Stochastic Oscillator,HIGH,5,41.42,69.91,10.65,0.0,15.98,0.0,0.0,2026-10-01,1.19,1.71,100.0,158.56,62.87,93.62,-15.16,38.5,2,2026-05-06 to 2026-08-21 (75 days),-1.0,51.5,0.707,67.33,72.49,BEARISH,HIGH,Last surprise: +10.5%; Earnings conf adj: +1,2.65,-1.0,1.0,65,2026-10-28,10.53,1
2026-08-24T11:28:28,2026-08-24,HII,HOLD,0,VWAP Trend,HIGH,4,41.37,298.2,5.8,0.0,8.7,0.0,0.0,2026-08-28,1.63,5.77,50.0,2.82,56.3,76.1,-8.49,4.6,8,2026-05-06 to 2026-08-21 (75 days),-1.0,42.3,0.6254,296.85,347.31,BEARISH,HIGH,Strong trend (ADX=33); Last surprise: +38.0%; Earnings conf adj: +1,3.0,-1.0,1.0,66,2026-10-29,37.96,1
2026-08-24T11:27:59,2026-08-24,DLR,HOLD,0,Stochastic Oscillator,MEDIUM,3,41.2,190.62,3.54,0.0,5.31,0.0,0.0,2026-10-04,1.62,3.28,100.0,142.01,56.93,69.6,-6.94,41.5,2,2026-05-06 to 2026-08-21 (75 days),-1.0,49.3,0.2666,186.96,176.17,BULLISH,MEDIUM,Last surprise: -15.1%; Earnings conf adj: -1,7.03,-1.0,1.0,59,2026-10-22,-15.07,-1
2026-08-24T11:27:27,2026-08-24,BA,HOLD,0,Stochastic Oscillator,MEDIUM,3,41.14,214.2,4.8,0.0,7.2,0.0,0.0,2026-09-27,1.29,2.35,100.0,118.76,44.57,66.01,-9.58,34.5,2,2026-05-06 to 2026-08-21 (75 days),-1.0,40.1,0.4465,221.87,219.52,BULLISH,HIGH,Strong trend (ADX=35); Last surprise: -145.2%; Earnings conf adj: -1,4.2,-1.0,1.0,65,2026-10-28,-145.16,-1
2026-08-24T11:27:16,2026-08-24,AIG,BUY,1,Stochastic Oscillator,HIGH,4,41.13,76.12,2.24,74.41,3.36,78.68,10.0,2026-09-12,2.45,5.26,100.0,106.83,40.42,45.01,-2.61,19.5,2,2026-05-06 to 2026-08-21 (75 days),0.151,42.4,0.1554,77.63,76.76,BULLISH,LOW,Last surprise: +3.6%; Size: Kelly 10.0% / VolTgt 10.0% / Blend 10.0%,10.0,-1.0,1.0,72,2026-11-04,3.63,0
2026-08-24T11:28:28,2026-08-24,HLT,HOLD,0,MACD Crossover,HIGH,4,40.76,326.63,3.3,0.0,9.8,0.0,0.0,2026-09-13,2.09,3.71,100.0,85.69,31.85,26.16,-2.93,20.5,2,2026-05-06 to 2026-08-21 (75 days),-1.0,51.5,0.2749,329.88,310.1,BULLISH,MEDIUM,Last surprise: +0.9%,6.82,-1.0,1.0,65,2026-10-28,0.88,0
2026-08-24T11:27:58,2026-08-24,DGX,HOLD,0,ADX Trend Following,HIGH,5,40.48,244.39,2.3,0.0,7.82,0.0,0.0,2026-10-10,3.2,6.55,100.0,183.46,79.64,-63.08,-6.22,47.5,2,2026-05-06 to 2026-08-21 (75 days),-1.0,74.9,0.1441,219.02,196.91,BULLISH,LOW,RSI overbought; Price at statistical extreme; Strong trend (ADX=37); Last surprise: +10.6%; Earnings conf adj: +1,10.0,-1.0,1.0,57,2026-10-20,10.64,1
2026-08-24T11:27:34,2026-08-24,BSX,HOLD,0,ADX Trend Following,LOW,1,40.35,50.37,5.03,0.0,7.54,0.0,0.0,2026-09-07,0.29,0.34,66.7,1.25,4.03,34.32,-15.26,14.3,3,2026-05-06 to 2026-08-21 (75 days),-1.0,56.9,0.3411,46.42,69.43,BEARISH,MEDIUM,High volume; Last surprise: +3.6%,5.5,-1.0,1.0,65,2026-10-28,3.61,0
2026-08-24T11:27:13,2026-08-24,ADM,HOLD,0,Stochastic Oscillator,HIGH,5,40.23,80.3,4.76,0.0,7.14,0.0,0.0,2026-09-09,2.07,4.64,100.0,99.89,32.8,17.54,-2.09,16.5,2,2026-05-06 to 2026-08-21 (75 days),-1.0,50.3,0.3187,79.57,70.0,BULLISH,MEDIUM,Strong trend (ADX=32); Last surprise: +27.8%; Earnings conf adj: +1,5.88,-1.0,1.0,71,2026-11-03,27.78,1
2026-08-24T11:27:56,2026-08-24,DE,HOLD,0,Stochastic Oscillator,HIGH,5,40.21,647.47,6.13,0.0,9.2,0.0,0.0,2026-09-19,2.44,5.18,100.0,194.41,83.57,46.42,-9.25,26.0,2,2026-05-06 to 2026-08-21 (75 days),-1.0,62.4,0.4025,604.89,556.75,BULLISH,HIGH,High volume; Price at statistical extreme; Last surprise: +8.3%; Earnings conf adj: +1,4.66,-1.0,1.0,-4,2026-08-20,8.28,1
2026-08-24T11:27:23,2026-08-24,AOS,HOLD,0,Stochastic Oscillator,HIGH,5,40.2,63.08,3.71,0.0,5.56,0.0,0.0,2026-09-18,1.51,2.2,100.0,98.33,36.7,22.66,-6.56,25.5,2,2026-05-06 to 2026-08-21 (75 days),-1.0,54.9,0.3704,60.76,64.74,BEARISH,MEDIUM,Last surprise: +12.0%; Earnings conf adj: +1,5.06,-1.0,1.0,64,2026-10-27,11.96,1
2026-08-24T11:28:17,2026-08-24,FIX,HOLD,0,VWAP Trend,HIGH,5,40.2,1655.61,10.35,0.0,8.86,0.0,0.0,2026-08-26,1.65,2.75,66.7,3.46,74.9,123.21,-12.41,2.7,9,2026-05-06 to 2026-08-21 (75 days),-1.0,44.0,0.6851,1783.35,1459.12,BULLISH,HIGH,Last surprise: +19.8%; Earnings conf adj: +1,2.74,-1.0,1.0,59,2026-10-22,19.79,1
2026-08-24T11:27:33,2026-08-24,BR,HOLD,0,MACD Crossover,HIGH,4,40.19,182.18,5.39,0.0,8.08,0.0,0.0,2026-09-16,2.22,3.93,66.7,9.6,84.78,-1.34,-9.44,23.3,3,2026-05-06 to 2026-08-21 (75 days),-1.0,71.5,0.3974,152.84,177.62,BEARISH,MEDIUM,RSI overbought; Strong trend (ADX=42); Last surprise: +1.6%,4.72,-1.0,1.0,71,2026-11-03,1.6,0
2026-08-24T11:27:53,2026-08-24,CVS,HOLD,0,MACD Crossover,MEDIUM,3,39.95,93.02,4.83,0.0,6.95,0.0,0.0,2026-09-01,0.34,0.56,100.0,13.21,3.17,-25.79,-3.57,8.7,3,2026-05-06 to 2026-08-21 (75 days),-1.0,34.3,0.2992,101.65,84.72,BULLISH,MEDIUM,Strong trend (ADX=43); Last surprise: +39.5%; Earnings conf adj: +1,6.27,-1.0,1.0,65,2026-10-28,39.46,1
2026-08-24T11:27:50,2026-08-24,CRM,HOLD,0,ADX Trend Following,MEDIUM,3,39.94,209.17,7.43,0.0,11.14,0.0,0.0,2026-09-23,2.44,4.69,100.0,313.17,155.35,90.84,-15.14,30.0,2,2026-05-06 to 2026-08-21 (75 days),-1.0,66.2,0.4713,174.59,200.06,BEARISH,HIGH,Strong trend (ADX=34); Earnings in 2d (2026-08-26); Last surprise: +24.0%; Earnings conf adj: -1,3.98,-1.0,1.0,2,2026-08-26,23.96,-1
2026-08-24T11:27:50,2026-08-24,CRL,HOLD,0,Stochastic Oscillator,HIGH,5,39.81,295.19,8.21,0.0,12.32,0.0,0.0,2026-09-12,3.71,12.1,100.0,433.12,259.06,-162.66,-4.0,19.5,2,2026-05-06 to 2026-08-21 (75 days),-1.0,76.3,0.5196,234.14,194.02,BULLISH,HIGH,RSI overbought; Strong trend (ADX=66); Last surprise: +10.2%; Earnings conf adj: +1,3.61,-1.0,1.0,72,2026-11-04,10.22,1
2026-08-24T11:27:39,2026-08-24,CCL,BUY,1,Stochastic Oscillator,HIGH,5,39.67,25.73,6.73,24.0,10.1,28.33,7.35,2026-09-12,1.62,3.45,100.0,131.39,48.05,65.39,-8.4,19.0,2,2026-05-06 to 2026-08-21 (75 days),0.702,38.5,0.4001,27.72,27.59,BULLISH,HIGH,Last surprise: +20.6%; Earnings conf adj: +1; Size: Kelly 10.0% / VolTgt 4.7% / Blend 7.3%,4.69,-1.0,1.0,35,2026-09-28,20.59,1
2026-08-24T11:28:28,2026-08-24,HIG,BUY,1,VWAP Trend,HIGH,4,39.52,136.1,2.07,133.28,2.8,139.91,10.0,2026-08-27,1.68,3.01,42.9,2.55,15.0,6.45,-2.17,3.7,7,2026-05-06 to 2026-08-21 (75 days),0.159,42.0,0.1849,137.44,135.13,BULLISH,LOW,High volume; Last surprise: +8.9%; Earnings conf adj: +1; Size: Kelly 10.0% / VolTgt 10.0% / Blend 10.0%,10.0,-1.0,1.0,66,2026-10-29,8.92,1
2026-08-24T11:28:19,2026-08-24,FTV,HOLD,0,Stochastic Oscillator,HIGH,4,39.49,60.08,2.91,0.0,4.37,0.0,0.0,2026-09-12,2.39,4.46,100.0,87.12,32.28,33.74,-4.71,19.5,2,2026-05-06 to 2026-08-21 (75 days),-1.0,46.5,0.3181,61.06,57.61,BULLISH,MEDIUM,Last surprise: +4.2%,5.89,-1.0,1.0,65,2026-10-28,4.23,0
2026-08-24T11:28:06,2026-08-24,EL,HOLD,0,ADX Trend Following,HIGH,4,39.17,101.94,7.25,0.0,10.88,0.0,0.0,2026-08-31,0.84,1.56,80.0,3.35,26.45,-49.63,-12.45,7.4,5,2026-05-06 to 2026-08-21 (75 days),-1.0,74.1,0.6547,84.97,91.18,BEARISH,HIGH,RSI overbought; High volume; Price at statistical extreme; Strong trend (ADX=37); Last surprise: +21.9%; Earnings conf adj: +1,2.86,-1.0,1.0,70,2026-11-02,21.88,1
2026-08-24T11:28:32,2026-08-24,IBKR,HOLD,0,Stochastic Oscillator,HIGH,5,39.01,93.87,6.01,0.0,9.02,0.0,0.0,2026-09-02,2.07,4.12,100.0,111.09,39.91,10.13,-4.75,9.0,2,2026-05-06 to 2026-08-21 (75 days),-1.0,56.3,0.4209,91.8,77.56,BULLISH,HIGH,Last surprise: +7.8%; Earnings conf adj: +1,4.45,-1.0,1.0,57,2026-10-20,7.81,1
2026-08-24T11:27:17,2026-08-24,ALB,HOLD,0,Composite Multi-Indicator,HIGH,5,38.97,143.25,7.83,0.0,11.75,0.0,0.0,2026-09-23,3.06,8.68,100.0,218.67,95.35,158.55,-3.75,30.0,1,2026-05-06 to 2026-08-21 (75 days),-1.0,67.8,0.4099,132.73,154.48,BEARISH,HIGH,Strong trend (ADX=49); Last surprise: +15.7%; Earnings conf adj: +1,4.57,-1.0,1.0,72,2026-11-04,15.74,1
2026-08-24T11:27:44,2026-08-24,CMG,HOLD,0,Stochastic Oscillator,HIGH,4,38.81,36.9,7.33,0.0,11.0,0.0,0.0,2026-09-27,1.66,2.5,100.0,150.9,59.83,9.55,-16.5,34.0,2,2026-05-06 to 2026-08-21 (75 days),-1.0,62.4,0.6789,33.71,34.52,BEARISH,HIGH,Last surprise: +3.1%,2.76,-1.0,1.0,-26,2026-07-29,3.13,0
2026-08-24T11:28:33,2026-08-24,ICE,HOLD,0,MACD Crossover,MEDIUM,3,38.81,161.25,3.12,0.0,4.68,0.0,0.0,2026-09-04,3.06,5.24,50.0,7.04,54.11,34.08,-4.52,11.5,4,2026-05-06 to 2026-08-21 (75 days),-1.0,75.1,0.2015,142.6,153.91,BEARISH,MEDIUM,RSI overbought; Price at statistical extreme; Strong trend (ADX=65); Last surprise: +3.3%,9.3,-1.0,1.0,66,2026-10-29,3.26,0
2026-08-24T11:27:47,2026-08-24,COO,HOLD,0,MACD Crossover,HIGH,5,38.05,76.22,2.97,0.0,4.46,0.0,0.0,2026-10-01,2.69,5.53,100.0,214.93,94.69,-17.4,-6.19,38.0,2,2026-05-06 to 2026-08-21 (75 days),-1.0,60.8,0.2064,71.84,73.35,BEARISH,MEDIUM,Last surprise: +11.0%; Earnings conf adj: +1,9.09,-1.0,1.0,16,2026-09-09,11.01,1
2026-08-24T11:27:53,2026-08-24,CTVA,HOLD,0,Stochastic Oscillator,HIGH,4,37.59,81.79,4.95,0.0,7.43,0.0,0.0,2026-09-17,1.04,1.62,100.0,46.64,13.76,12.89,-7.4,24.5,2,2026-05-06 to 2026-08-21 (75 days),-1.0,54.8,0.5092,81.86,76.14,BULLISH,HIGH,Strong trend (ADX=35); Last surprise: +3.1%,3.68,-1.0,1.0,-25,2026-07-30,3.14,0
2026-08-24T11:28:03,2026-08-24,DVN,HOLD,0,MACD Crossover,HIGH,4,37.59,49.1,5.45,0.0,12.12,0.0,0.0,2026-09-06,0.82,1.26,66.7,2.08,16.95,-5.45,-7.11,13.7,3,2026-05-06 to 2026-08-21 (75 days),-1.0,67.8,0.416,43.86,42.47,BULLISH,HIGH,Strong trend (ADX=33); Last surprise: +11.3%; Earnings conf adj: +1,4.51,-1.0,1.0,72,2026-11-04,11.35,1
2026-08-24T11:28:10,2026-08-24,EW,EXIT,-1,MACD Crossover,HIGH,4,37.51,89.79,3.21,92.67,7.91,82.69,9.1,2026-09-12,0.73,1.15,100.0,36.87,11.62,-18.02,-6.2,19.3,3,2026-05-06 to 2026-08-21 (75 days),-1.0,50.6,0.2286,88.99,84.65,BULLISH,MEDIUM,Strong trend (ADX=32); Last surprise: +5.4%; Earnings conf adj: +1; Size: Kelly 10.0% / VolTgt 8.2% / Blend 9.1%,8.2,-1.0,1.0,66,2026-10-29,5.41,1
2026-08-24T11:27:10,2026-08-24,ABBV,HOLD,0,EMA Crossover (9/21),HIGH,4,37.3,264.96,3.15,0.0,11.03,0.0,0.0,2026-10-06,2.46,4.75,100.0,199.1,86.3,-59.02,-7.41,43.5,2,2026-05-06 to 2026-08-21 (75 days),-1.0,64.3,0.2627,247.24,223.77,BULLISH,MEDIUM,Strong trend (ADX=35); Last surprise: +1.1%,7.14,-1.0,1.0,66,2026-10-29,1.11,0
2026-08-24T11:28:03,2026-08-24,EBAY,BUY,1,Stochastic Oscillator,HIGH,5,37.29,104.13,7.0,96.84,10.5,115.06,7.3,2026-09-12,1.07,1.86,100.0,56.62,17.12,28.39,-4.51,19.5,2,2026-05-06 to 2026-08-21 (75 days),0.627,43.0,0.4069,110.02,97.28,BULLISH,HIGH,Last surprise: +6.0%; Earnings conf adj: +1; Size: Kelly 10.0% / VolTgt 4.6% / Blend 7.3%,4.61,-1.0,1.0,72,2026-11-04,5.96,1
2026-08-24T11:28:30,2026-08-24,HPQ,HOLD,0,ADX Trend Following,MEDIUM,3,37.23,29.71,8.95,0.0,21.79,0.0,0.0,2026-09-17,2.49,4.86,100.0,255.59,118.16,-99.85,-6.07,24.0,2,2026-05-06 to 2026-08-21 (75 days),-1.0,59.4,0.5648,25.85,22.22,BULLISH,HIGH,Strong trend (ADX=38); Earnings in 2d (2026-08-26); Last surprise: +19.4%; Earnings conf adj: -1,3.32,-1.0,1.0,2,2026-08-26,19.44,-1
2026-08-24T11:27:16,2026-08-24,AIZ,HOLD,0,VWAP Trend,HIGH,5,37.22,284.04,4.16,0.0,4.04,0.0,0.0,2026-08-26,1.3,3.1,87.5,32.58,22.2,-66.28,-6.78,2.6,8,2026-05-06 to 2026-08-21 (75 days),-1.0,54.8,0.3183,275.87,241.74,BULLISH,MEDIUM,Last surprise: +23.7%; Earnings conf adj: +1,5.89,-1.0,1.0,71,2026-11-03,23.75,1
2026-08-24T11:28:00,2026-08-24,DPZ,HOLD,0,Stochastic Oscillator,HIGH,4,37.12,341.85,4.48,0.0,6.72,0.0,0.0,2026-09-18,2.47,4.59,66.7,10.25,89.84,68.1,-6.64,25.7,3,2026-05-06 to 2026-08-21 (75 days),-1.0,51.3,0.3427,325.78,364.83,BEARISH,MEDIUM,Last surprise: -2.4%,5.47,-1.0,1.0,50,2026-10-13,-2.4,0
2026-08-24T11:28:23,2026-08-24,GNRC,HOLD,0,Stochastic Oscillator,HIGH,4,37.05,205.98,9.08,0.0,13.62,0.0,0.0,2026-09-11,0.59,1.11,100.0,44.96,12.43,71.32,-12.17,18.0,2,2026-05-06 to 2026-08-21 (75 days),-1.0,41.7,0.4795,233.36,206.69,BULLISH,HIGH,Last surprise: +44.8%; Earnings conf adj: +1,3.91,-1.0,1.0,65,2026-10-28,44.78,1
2026-08-24T11:28:22,2026-08-24,GILD,HOLD,0,Stochastic Oscillator,HIGH,5,36.85,146.12,4.53,0.0,6.79,0.0,0.0,2026-09-21,1.18,2.11,100.0,77.53,27.9,-1.69,-7.89,28.5,2,2026-05-06 to 2026-08-21 (75 days),-1.0,67.0,0.2889,131.87,131.96,BEARISH,MEDIUM,Strong trend (ADX=54); Last surprise: +6.9%; Earnings conf adj: +1,6.49,-1.0,1.0,66,2026-10-29,6.9,1
2026-08-24T11:27:32,2026-08-24,BLK,HOLD,0,ADX Trend Following,HIGH,5,36.52,1156.55,2.68,0.0,5.76,0.0,0.0,2026-09-02,1.83,3.13,66.7,3.94,45.97,14.62,-6.23,9.2,6,2026-05-06 to 2026-08-21 (75 days),-1.0,60.4,0.241,1067.65,1047.97,BULLISH,MEDIUM,Strong trend (ADX=37); Last surprise: +9.6%; Earnings conf adj: +1,7.78,-1.0,1.0,51,2026-10-14,9.61,1
2026-08-24T11:28:24,2026-08-24,GOOGL,HOLD,0,ADX Trend Following,MEDIUM,3,36.45,344.82,3.61,0.0,7.22,0.0,0.0,2026-09-14,0.19,0.27,100.0,8.73,1.6,40.14,-14.35,21.5,2,2026-05-06 to 2026-08-21 (75 days),-1.0,47.2,0.3928,351.77,332.77,BULLISH,MEDIUM,Last surprise: +214.1%; Earnings conf adj: +1,4.77,-1.0,1.0,65,2026-10-28,214.14,1
2026-08-24T11:28:27,2026-08-24,HCA,HOLD,0,Composite Multi-Indicator,HIGH,4,36.29,429.19,4.06,0.0,6.09,0.0,0.0,2026-10-01,2.49,5.24,100.0,179.39,74.74,74.26,-5.36,38.0,1,2026-05-06 to 2026-08-21 (75 days),-1.0,64.0,0.395,396.59,453.57,BEARISH,MEDIUM,High volume; Price at statistical extreme; Last surprise: +1.2%,4.75,-1.0,1.0,60,2026-10-23,1.2,0
2026-08-24T11:28:30,2026-08-24,HST,HOLD,0,PEAD Earnings Drift,HIGH,4,36.16,23.21,3.69,0.0,11.07,0.0,0.0,2026-11-18,3.32,5.99,100.0,197.04,83.77,40.39,-5.96,86.0,1,2026-05-06 to 2026-08-21 (75 days),-1.0,45.6,0.3179,23.78,19.93,BULLISH,MEDIUM,Last surprise: +2.9%,5.9,-1.0,1.0,72,2026-11-04,2.94,0
2026-08-24T11:27:58,2026-08-24,DHI,HOLD,0,EMA Crossover (9/21),MEDIUM,3,36.12,148.35,4.58,0.0,9.16,0.0,0.0,2026-09-12,0.49,0.83,100.0,29.74,9.42,9.25,-11.05,19.5,2,2026-05-06 to 2026-08-21 (75 days),-1.0,49.7,0.3981,151.35,148.91,BULLISH,MEDIUM,Last surprise: +7.0%; Earnings conf adj: +1,4.71,-1.0,1.0,66,2026-10-29,7.02,1
2026-08-24T11:28:07,2026-08-24,ELV,HOLD,0,Stochastic Oscillator,HIGH,5,35.98,400.54,3.65,0.0,5.47,0.0,0.0,2026-09-18,1.31,2.44,100.0,92.15,31.43,4.2,-4.66,25.5,2,2026-05-06 to 2026-08-21 (75 days),-1.0,55.1,0.2515,394.74,353.07,BULLISH,MEDIUM,Last surprise: +20.0%; Earnings conf adj: +1,7.45,-1.0,1.0,58,2026-10-21,19.97,1
2026-08-24T11:27:23,2026-08-24,APD,HOLD,0,Stochastic Oscillator,HIGH,4,35.93,305.1,3.19,0.0,4.79,0.0,0.0,2026-09-27,1.09,2.13,100.0,72.06,25.77,17.86,-6.59,34.5,2,2026-05-06 to 2026-08-21 (75 days),-1.0,55.8,0.2093,294.71,277.4,BULLISH,MEDIUM,Last surprise: +3.9%,8.96,-1.0,1.0,-25,2026-07-30,3.89,0
2026-08-24T11:27:43,2026-08-24,CMCSA,HOLD,0,ADX Trend Following,HIGH,5,35.51,26.85,3.41,0.0,5.12,0.0,0.0,2026-09-14,3.31,7.73,100.0,119.62,45.88,35.53,-2.33,21.0,1,2026-05-06 to 2026-08-21 (75 days),-1.0,66.2,0.3343,24.04,26.33,BEARISH,MEDIUM,Strong trend (ADX=40); Last surprise: +7.2%; Earnings conf adj: +1,5.61,-1.0,1.0,66,2026-10-29,7.22,1
2026-08-24T11:27:18,2026-08-24,ALLE,HOLD,0,MACD Crossover,HIGH,5,35.38,162.31,3.55,0.0,5.32,0.0,0.0,2026-09-29,1.54,2.57,100.0,95.35,36.32,-52.02,-4.53,36.0,2,2026-05-06 to 2026-08-21 (75 days),-1.0,58.0,0.2587,147.8,150.73,BEARISH,MEDIUM,Strong trend (ADX=36); Last surprise: +8.1%; Earnings conf adj: +1,7.25,-1.0,1.0,59,2026-10-22,8.11,1
2026-08-24T11:27:22,2026-08-24,APA,HOLD,0,ADX Trend Following,MEDIUM,3,35.37,43.39,7.47,0.0,16.93,0.0,0.0,2026-09-10,0.79,1.25,75.0,1.65,24.9,-31.74,-19.43,17.2,4,2026-05-06 to 2026-08-21 (75 days),-1.0,69.0,0.5184,36.01,32.25,BULLISH,HIGH,Strong trend (ADX=45); Last surprise: +1.1%,3.62,-1.0,1.0,72,2026-11-04,1.07,0
2026-08-24T11:27:29,2026-08-24,BBY,HOLD,0,ADX Trend Following,MEDIUM,2,35.24,85.89,4.99,0.0,9.98,0.0,0.0,2026-09-08,1.07,1.53,100.0,83.73,30.2,-252.39,-11.26,15.2,5,2026-05-06 to 2026-08-21 (75 days),-1.0,53.7,0.3701,82.09,69.77,BULLISH,MEDIUM,Earnings in 3d (2026-08-27); Last surprise: +4.1%; Earnings conf adj: -2,5.07,-1.0,1.0,3,2026-08-27,4.07,-2
2026-08-24T11:28:13,2026-08-24,FCX,HOLD,0,VWAP Trend,HIGH,5,35.23,76.66,7.61,0.0,4.93,0.0,0.0,2026-08-25,1.73,3.32,63.6,2.35,53.37,-67.53,-8.16,1.5,11,2026-05-06 to 2026-08-21 (75 days),-1.0,69.3,0.511,64.61,58.93,BULLISH,HIGH,High volume; Price at statistical extreme; Last surprise: +19.4%; Earnings conf adj: +1,3.67,-1.0,1.0,59,2026-10-22,19.35,1
2026-08-24T11:28:07,2026-08-24,EOG,HOLD,0,VWAP Trend,HIGH,4,35.22,153.05,5.02,0.0,5.25,0.0,0.0,2026-08-26,2.25,6.8,71.4,4.56,33.05,-25.41,-3.93,2.4,7,2026-05-06 to 2026-08-21 (75 days),-1.0,65.8,0.4304,138.52,125.2,BULLISH,HIGH,Strong trend (ADX=32); Last surprise: +2.0%,4.36,-1.0,1.0,-20,2026-08-04,2.01,0
2026-08-24T11:27:58,2026-08-24,DHR,HOLD,0,Composite Multi-Indicator,HIGH,5,34.87,218.85,4.54,0.0,6.81,0.0,0.0,2026-09-24,3.33,12.41,100.0,221.56,96.9,-19.09,-4.68,31.0,1,2026-05-06 to 2026-08-21 (75 days),-1.0,68.3,0.302,195.36,202.35,BEARISH,MEDIUM,Price at statistical extreme; Last surprise: +5.4%; Earnings conf adj: +1,6.21,-1.0,1.0,57,2026-10-20,5.43,1
2026-08-24T11:27:51,2026-08-24,CRWD,HOLD,0,Stochastic Oscillator,MEDIUM,2,34.75,191.95,9.52,0.0,11.47,0.0,0.0,2026-09-01,2.78,16.38,100.0,155.15,54.67,-384.78,-2.21,8.0,1,2026-05-06 to 2026-08-21 (75 days),-1.0,42.8,0.5149,193.14,138.79,BULLISH,HIGH,Strong trend (ADX=35); Earnings in 2d (2026-08-26); Last surprise: +3.7%; Earnings conf adj: -2,3.64,-1.0,1.0,2,2026-08-26,3.7,-2
2026-08-24T11:27:35,2026-08-24,BX,HOLD,0,VWAP Trend,HIGH,5,34.65,143.38,6.54,0.0,8.79,0.0,0.0,2026-08-30,2.43,4.31,62.5,4.33,98.8,32.24,-11.14,6.9,8,2026-05-06 to 2026-08-21 (75 days),-1.0,59.8,0.4249,127.89,128.42,BEARISH,HIGH,Strong trend (ADX=36); Last surprise: +13.4%; Earnings conf adj: +1,4.41,-1.0,1.0,59,2026-10-22,13.43,1
2026-08-24T11:27:13,2026-08-24,ADP,HOLD,0,Momentum (Rate of Change),HIGH,4,34.64,280.81,3.43,0.0,12.01,0.0,0.0,2026-10-10,2.01,3.5,100.0,172.23,70.48,-118.43,-8.92,47.5,2,2026-05-06 to 2026-08-21 (75 days),-1.0,65.6,0.2962,249.45,233.21,BULLISH,MEDIUM,Strong trend (ADX=37); Last surprise: +1.5%,6.33,-1.0,1.0,65,2026-10-28,1.54,0
2026-08-24T11:27:42,2026-08-24,CIEN,HOLD,0,VWAP Trend,MEDIUM,2,34.37,395.79,12.0,0.0,12.62,0.0,0.0,2026-08-27,0.43,0.61,55.6,1.33,9.36,81.62,-30.68,3.3,9,2026-05-06 to 2026-08-21 (75 days),-1.0,46.3,0.8821,421.55,368.69,BULLISH,HIGH,Last surprise: +12.3%; Earnings conf adj: +1,2.13,-1.0,1.0,10,2026-09-03,12.33,1
2026-08-24T11:27:36,2026-08-24,CAH,HOLD,0,Stochastic Oscillator,HIGH,5,34.22,229.51,4.46,0.0,6.69,0.0,0.0,2026-09-11,1.9,3.53,100.0,103.36,32.55,-54.12,-4.91,18.5,2,2026-05-06 to 2026-08-21 (75 days),-1.0,46.4,0.2318,231.56,213.19,BULLISH,MEDIUM,Strong trend (ADX=32); Last surprise: +7.4%; Earnings conf adj: +1,8.09,-1.0,1.0,73,2026-11-05,7.44,1
2026-08-24T11:28:25,2026-08-24,GRMN,HOLD,0,Stochastic Oscillator,HIGH,5,34.07,294.85,4.88,0.0,7.32,0.0,0.0,2026-11-20,2.19,5.45,100.0,264.44,116.97,20.33,-6.86,88.0,1,2026-05-06 to 2026-08-21 (75 days),-1.0,57.3,0.6383,263.08,232.96,BULLISH,HIGH,Strong trend (ADX=42); Last surprise: +22.7%; Earnings conf adj: +1,2.94,-1.0,1.0,65,2026-10-28,22.71,1
2026-08-24T11:27:41,2026-08-24,CHD,HOLD,0,Multi-Factor Momentum MR,MEDIUM,3,34.05,98.8,3.46,0.0,6.92,0.0,0.0,2026-11-13,0.69,0.99,100.0,38.89,13.48,-3.46,-5.72,81.0,1,2026-05-06 to 2026-08-21 (75 days),-1.0,48.1,0.2273,98.3,93.57,BULLISH,MEDIUM,Last surprise: -1.1%,8.25,-1.0,1.0,67,2026-10-30,-1.11,0
2026-08-24T11:28:07,2026-08-24,EME,HOLD,0,Stochastic Oscillator,HIGH,4,34.04,776.62,6.66,0.0,9.99,0.0,0.0,2026-09-23,0.61,1.24,100.0,63.15,19.87,68.29,-14.12,30.5,2,2026-05-06 to 2026-08-21 (75 days),-1.0,44.4,0.7951,797.23,753.27,BULLISH,HIGH,Last surprise: +25.3%; Earnings conf adj: +1,2.36,-1.0,1.0,66,2026-10-29,25.31,1
2026-08-24T11:28:18,2026-08-24,FOXA,HOLD,0,EMA Crossover (9/21),HIGH,5,33.92,68.54,4.64,0.0,6.96,0.0,0.0,2026-09-24,2.99,7.6,100.0,189.55,79.28,40.18,-4.5,31.0,1,2026-05-06 to 2026-08-21 (75 days),-1.0,71.2,0.3426,57.97,63.19,BEARISH,MEDIUM,RSI overbought; Strong trend (ADX=52); Last surprise: +29.7%; Earnings conf adj: +1,5.47,-1.0,1.0,66,2026-10-29,29.71,1
2026-08-24T11:27:14,2026-08-24,ADSK,HOLD,0,Momentum (Rate of Change),MEDIUM,3,33.49,253.82,7.32,0.0,10.98,0.0,0.0,2026-09-15,1.87,3.13,66.7,15.05,82.03,66.16,-9.24,22.0,3,2026-05-06 to 2026-08-21 (75 days),-1.0,62.0,0.4592,219.77,249.45,BEARISH,HIGH,Strong trend (ADX=33); Earnings in 3d (2026-08-27); Last surprise: +5.3%; Earnings conf adj: -1,4.08,-1.0,1.0,3,2026-08-27,5.28,-1
2026-08-24T11:27:55,2026-08-24,CVX,BUY,1,PEAD Earnings Drift,HIGH,5,33.22,205.27,3.05,199.01,8.74,223.21,8.38,2026-09-09,3.45,13.1,100.0,109.79,41.56,-9.39,-1.41,16.0,1,2026-05-06 to 2026-08-21 (75 days),0.377,70.2,0.2774,184.17,175.4,BULLISH,MEDIUM,RSI overbought; Strong trend (ADX=47); Last surprise: +8.8%; Earnings conf adj: +1; Size: Kelly 10.0% / VolTgt 6.8% / Blend 8.4%,6.76,-1.0,1.0,67,2026-10-30,8.8,1
2026-08-24T11:27:32,2026-08-24,BMY,HOLD,0,SMA Crossover (10/50),HIGH,5,33.11,67.01,3.88,0.0,13.58,0.0,0.0,2026-10-07,2.75,4.28,100.0,163.58,66.88,-17.86,-4.03,44.0,1,2026-05-06 to 2026-08-21 (75 days),-1.0,62.8,0.2768,60.39,56.23,BULLISH,MEDIUM,Strong trend (ADX=47); Last surprise: +27.5%; Earnings conf adj: +1,6.77,-1.0,1.0,66,2026-10-29,27.5,1
2026-08-24T11:27:40,2026-08-24,CF,HOLD,0,Stochastic Oscillator,MEDIUM,3,32.76,129.6,7.89,0.0,11.83,0.0,0.0,2026-09-17,1.01,1.56,100.0,73.08,23.77,-11.25,-13.06,24.0,2,2026-05-06 to 2026-08-21 (75 days),-1.0,64.4,0.4868,115.5,104.74,BULLISH,HIGH,Price at statistical extreme; Last surprise: -15.1%; Earnings conf adj: -1,3.85,-1.0,1.0,72,2026-11-04,-15.08,-1
2026-08-24T11:27:52,2026-08-24,CSX,HOLD,0,Stochastic Oscillator,HIGH,4,32.4,51.59,2.06,0.0,3.09,0.0,0.0,2026-09-01,1.82,4.69,100.0,27.92,6.51,-47.33,-0.9,8.0,1,2026-05-06 to 2026-08-21 (75 days),-1.0,61.8,0.1789,49.39,42.25,BULLISH,LOW,Last surprise: +3.8%,10.0,-1.0,1.0,59,2026-10-22,3.85,0
2026-08-24T11:27:30,2026-08-24,BF-B,HOLD,0,Stochastic Oscillator,MEDIUM,3,32.31,28.44,4.12,0.0,6.18,0.0,0.0,2026-09-04,1.71,4.12,100.0,86.85,30.07,6.82,-3.17,11.0,1,2026-05-06 to 2026-08-21 (75 days),-1.0,56.2,0.3918,27.14,26.94,BULLISH,MEDIUM,Last surprise: -62.5%; Earnings conf adj: -1,4.79,-1.0,1.0,9,2026-09-02,-62.5,-1
2026-08-24T11:27:19,2026-08-24,AMCR,HOLD,0,Composite Multi-Indicator,HIGH,4,32.23,48.59,3.74,0.0,11.22,0.0,0.0,2026-11-13,3.3,5.8,100.0,286.83,135.06,33.5,-6.78,81.0,1,2026-05-06 to 2026-08-21 (75 days),-1.0,65.0,0.2757,44.24,41.82,BULLISH,MEDIUM,Last surprise: +4.2%,6.8,-1.0,1.0,73,2026-11-05,4.24,0
2026-08-24T11:27:31,2026-08-24,BIIB,BUY,1,PEAD Earnings Drift,HIGH,5,32.21,216.78,4.07,207.96,10.15,238.78,8.09,2026-09-11,1.79,3.48,100.0,73.13,26.28,-28.51,-3.25,18.0,1,2026-05-06 to 2026-08-21 (75 days),0.25,58.8,0.3039,205.27,187.99,BULLISH,MEDIUM,Strong trend (ADX=31); Last surprise: +77.3%; Earnings conf adj: +1; Size: Kelly 10.0% / VolTgt 6.2% / Blend 8.1%,6.17,-1.0,1.0,66,2026-10-29,77.34,1
2026-08-24T11:27:15,2026-08-24,AES,HOLD,0,EMA Crossover (9/21),MEDIUM,3,32.18,14.77,1.5,0.0,1.43,0.0,0.0,2026-10-05,1.55,2.71,100.0,10.31,2.85,-12.32,-0.41,42.0,1,2026-05-06 to 2026-08-21 (75 days),-1.0,64.2,0.0281,14.6,14.24,BULLISH,LOW,High volume; Strong trend (ADX=44); Last surprise: -6.4%; Earnings conf adj: -1,10.0,-1.0,1.0,72,2026-11-04,-6.38,-1
2026-08-24T11:27:48,2026-08-24,COP,BUY,1,Momentum (Rate of Change),HIGH,5,32.16,134.87,3.84,129.69,13.44,153.0,7.78,2026-10-01,3.37,6.18,100.0,212.64,83.72,22.59,-5.12,38.0,1,2026-05-06 to 2026-08-21 (75 days),0.73,74.6,0.3377,115.02,109.0,BULLISH,MEDIUM,RSI overbought; Strong trend (ADX=49); Last surprise: +11.0%; Earnings conf adj: +1; Size: Kelly 10.0% / VolTgt 5.5% / Blend 7.8%,5.55,-1.0,1.0,73,2026-11-05,10.96,1
2026-08-24T11:27:27,2026-08-24,AXP,EXIT,-1,VWAP Trend,MEDIUM,3,32.08,336.0,2.69,345.04,4.29,321.59,9.14,2026-08-29,2.97,7.61,50.0,9.22,39.26,22.46,-2.03,5.8,6,2026-05-06 to 2026-08-21 (75 days),-1.0,46.1,0.2263,342.03,337.23,BULLISH,MEDIUM,Last surprise: +3.0%; Size: Kelly 10.0% / VolTgt 8.3% / Blend 9.1%,8.29,-1.0,1.0,60,2026-10-23,2.95,0
2026-08-24T11:28:25,2026-08-24,HAL,HOLD,0,EMA Crossover (9/21),HIGH,4,32.07,35.34,3.9,0.0,5.06,0.0,0.0,2026-08-27,1.26,2.83,100.0,18.62,5.75,41.43,-1.08,3.0,1,2026-05-06 to 2026-08-21 (75 days),-1.0,59.2,0.3713,34.18,34.18,BULLISH,MEDIUM,Strong trend (ADX=35); Last surprise: +1.9%,5.05,-1.0,1.0,57,2026-10-20,1.85,0
2026-08-24T11:28:00,2026-08-24,DOW,HOLD,0,MACD Crossover,HIGH,5,31.93,32.35,5.03,0.0,7.54,0.0,0.0,2026-10-06,1.82,3.19,100.0,134.09,52.38,95.16,-8.0,43.0,1,2026-05-06 to 2026-08-21 (75 days),-1.0,59.4,0.3977,30.26,30.71,BEARISH,MEDIUM,Strong trend (ADX=35); Last surprise: +12.5%; Earnings conf adj: +1,4.72,-1.0,1.0,59,2026-10-22,12.5,1
2026-08-24T11:28:05,2026-08-24,EIX,HOLD,0,Stochastic Oscillator,HIGH,5,31.81,71.59,5.03,0.0,7.54,0.0,0.0,2026-09-08,1.39,2.26,100.0,63.85,19.29,0.1,-4.21,15.0,1,2026-05-06 to 2026-08-21 (75 days),-1.0,46.2,0.3989,73.84,66.9,BULLISH,MEDIUM,Strong trend (ADX=32); Last surprise: +27.3%; Earnings conf adj: +1,4.7,-1.0,1.0,64,2026-10-27,27.27,1
2026-08-24T11:28:18,2026-08-24,FOX,HOLD,0,Composite Multi-Indicator,HIGH,5,31.7,61.05,4.21,0.0,6.31,0.0,0.0,2026-10-30,2.43,4.39,100.0,221.1,96.65,64.25,-11.23,67.0,1,2026-05-06 to 2026-08-21 (75 days),-1.0,70.7,0.3599,51.98,56.75,BEARISH,MEDIUM,RSI overbought; Strong trend (ADX=58); Last surprise: +31.6%; Earnings conf adj: +1,5.21,-1.0,1.0,66,2026-10-29,31.62,1
2026-08-24T11:27:33,2026-08-24,BNY,BUY,1,52-Week High Momentum,HIGH,5,31.59,158.49,2.08,155.19,6.24,168.38,9.7,2026-12-08,3.14,5.28,100.0,216.54,94.16,12.99,-5.69,106.0,1,2026-05-06 to 2026-08-21 (75 days),0.155,51.5,0.1992,153.4,129.4,BULLISH,LOW,Last surprise: +10.8%; Earnings conf adj: +1; Size: Kelly 10.0% / VolTgt 9.4% / Blend 9.7%,9.41,-1.0,1.0,52,2026-10-15,10.81,1
2026-08-24T11:27:57,2026-08-24,DELL,HOLD,0,VWAP Trend,HIGH,5,31.48,442.08,12.0,0.0,11.4,0.0,0.0,2026-08-27,2.35,8.7,66.7,14.17,341.39,-377.59,-15.53,3.0,6,2026-05-06 to 2026-08-21 (75 days),-1.0,50.2,0.8359,427.66,236.38,BULLISH,HIGH,Last surprise: +64.2%; Earnings conf adj: +1,2.24,-1.0,1.0,8,2026-09-01,64.19,1
2026-08-24T11:27:26,2026-08-24,AWK,HOLD,0,Composite Multi-Indicator,HIGH,4,31.41,135.39,3.17,0.0,9.51,0.0,0.0,2026-10-23,1.64,2.79,100.0,90.02,33.62,-1.4,-5.59,60.0,1,2026-05-06 to 2026-08-21 (75 days),-1.0,52.7,0.2115,132.01,129.38,BULLISH,MEDIUM,Last surprise: +3.9%,8.86,-1.0,1.0,65,2026-10-28,3.87,0
2026-08-24T11:27:18,2026-08-24,AMAT,HOLD,0,VWAP Trend,HIGH,4,31.4,492.32,11.01,0.0,13.91,0.0,0.0,2026-08-28,2.62,5.14,70.0,4.28,235.68,174.12,-9.6,4.4,10,2026-05-06 to 2026-08-21 (75 days),-1.0,43.2,0.8422,560.13,394.67,BULLISH,HIGH,Last surprise: +3.2%,2.23,-1.0,1.0,80,2026-11-12,3.24,0
2026-08-24T11:28:01,2026-08-24,DRI,HOLD,0,Stochastic Oscillator,HIGH,4,31.24,221.6,3.77,0.0,5.66,0.0,0.0,2026-10-01,1.83,3.09,100.0,107.69,38.27,-18.67,-5.32,38.0,1,2026-05-06 to 2026-08-21 (75 days),-1.0,59.4,0.3162,207.74,196.75,BULLISH,MEDIUM,Strong trend (ADX=47); Last surprise: +0.5%,5.93,-1.0,1.0,31,2026-09-24,0.55,0
2026-08-24T11:27:28,2026-08-24,BAC,HOLD,0,PEAD Earnings Drift,HIGH,5,31.04,61.69,2.05,0.0,7.17,0.0,0.0,2026-12-08,2.87,4.48,100.0,174.55,72.28,8.01,-5.74,106.0,1,2026-05-06 to 2026-08-21 (75 days),-1.0,46.4,0.1727,60.52,54.06,BULLISH,LOW,Strong trend (ADX=38); Last surprise: +8.0%; Earnings conf adj: +1,10.0,-1.0,1.0,51,2026-10-14,8.04,1
2026-08-24T11:27:59,2026-08-24,DIS,HOLD,0,SMA Crossover (10/50),HIGH,5,30.84,107.78,3.16,0.0,4.74,0.0,0.0,2026-09-04,1.55,2.45,100.0,43.58,14.84,13.11,-3.14,11.0,1,2026-05-06 to 2026-08-21 (75 days),-1.0,65.3,0.2808,99.68,103.35,BEARISH,MEDIUM,Strong trend (ADX=39); Last surprise: +11.4%; Earnings conf adj: +1,6.68,-1.0,1.0,80,2026-11-12,11.35,1
2026-08-24T11:27:29,2026-08-24,BDX,HOLD,0,ADX Trend Following,HIGH,4,30.82,192.0,3.61,0.0,10.74,0.0,0.0,2026-09-18,2.49,4.25,66.7,17.93,70.32,-97.64,-7.45,25.0,3,2026-05-06 to 2026-08-21 (75 days),-1.0,78.5,0.2729,161.4,156.33,BULLISH,MEDIUM,RSI overbought; Strong trend (ADX=74); Last surprise: +2.9%,6.87,-1.0,1.0,73,2026-11-05,2.87,0
2026-08-24T11:27:48,2026-08-24,COR,HOLD,0,ADX Trend Following,HIGH,4,30.76,318.04,4.84,0.0,7.26,0.0,0.0,2026-09-08,2.12,3.36,100.0,144.62,59.63,-62.27,-7.15,15.8,4,2026-05-06 to 2026-08-21 (75 days),-1.0,55.4,0.3351,301.93,322.19,BEARISH,MEDIUM,Last surprise: +3.0%,5.6,-1.0,1.0,72,2026-11-04,2.99,0
2026-08-24T11:28:31,2026-08-24,HSY,HOLD,0,SMA Crossover (10/50),HIGH,5,30.73,186.46,2.86,0.0,4.29,0.0,0.0,2026-09-07,1.28,2.54,100.0,29.58,10.05,4.54,-1.95,14.0,1,2026-05-06 to 2026-08-21 (75 days),-1.0,59.8,0.2578,177.32,189.17,BEARISH,MEDIUM,Last surprise: +32.9%; Earnings conf adj: +1,7.27,-1.0,1.0,73,2026-11-05,32.87,1
2026-08-24T11:28:14,2026-08-24,FDX,HOLD,0,EMA Crossover (9/21),MEDIUM,3,30.55,325.08,3.62,0.0,8.62,0.0,0.0,2026-09-18,0.24,0.36,100.0,11.59,2.95,-24.4,-7.22,25.5,2,2026-05-06 to 2026-08-21 (75 days),-1.0,53.6,0.2167,319.56,284.41,BULLISH,MEDIUM,Strong trend (ADX=43); Last surprise: +6.6%; Earnings conf adj: +1,8.65,-1.0,1.0,65,2026-10-28,6.59,1
2026-08-24T11:27:25,2026-08-24,ARES,HOLD,0,Composite Multi-Indicator,HIGH,4,30.53,141.25,7.18,0.0,10.77,0.0,0.0,2026-09-15,1.97,4.67,100.0,137.01,54.26,-7.6,-6.17,22.0,1,2026-05-06 to 2026-08-21 (75 days),-1.0,57.9,0.4631,128.1,131.65,BEARISH,HIGH,Strong trend (ADX=42); Last surprise: +1.6%,4.05,-1.0,1.0,-24,2026-07-31,1.57,0
2026-08-24T11:28:08,2026-08-24,EQT,HOLD,0,VWAP Trend,LOW,1,30.34,53.72,3.62,0.0,4.77,0.0,0.0,2026-08-29,-0.1,-0.19,60.0,1.01,-4.75,14.4,-10.33,5.7,10,2026-05-06 to 2026-08-21 (75 days),-1.0,55.5,0.2539,51.86,56.01,BEARISH,MEDIUM,Last surprise: -2.5%,7.0,-1.0,1.0,57,2026-10-20,-2.5,0
2026-08-24T11:27:38,2026-08-24,CBOE,HOLD,0,MACD Crossover,HIGH,4,30.11,300.74,6.19,0.0,9.29,0.0,0.0,2026-09-27,1.66,2.69,100.0,100.99,37.78,75.3,-8.22,34.0,1,2026-05-06 to 2026-08-21 (75 days),-1.0,57.9,0.4304,276.41,282.18,BEARISH,HIGH,Last surprise: +2.0%,4.36,-1.0,1.0,67,2026-10-30,2.01,0
2026-08-24T11:28:11,2026-08-24,EXE,BUY,1,Momentum (Rate of Change),HIGH,4,30.08,96.09,3.76,92.48,5.64,101.51,8.02,2026-09-22,0.96,1.84,100.0,52.82,15.15,14.01,-4.46,29.0,1,2026-05-06 to 2026-08-21 (75 days),0.067,59.9,0.3109,90.43,100.66,BEARISH,MEDIUM,High volume; Last surprise: +18.7%; Earnings conf adj: +1; Size: Kelly 10.0% / VolTgt 6.0% / Blend 8.0%,6.03,-1.0,1.0,64,2026-10-27,18.75,1
2026-08-24T11:28:05,2026-08-24,EFX,HOLD,0,Composite Multi-Indicator,HIGH,4,30.07,192.62,6.52,0.0,9.78,0.0,0.0,2026-09-23,1.81,3.16,100.0,129.07,50.62,5.32,-7.71,30.0,1,2026-05-06 to 2026-08-21 (75 days),-1.0,63.1,0.445,172.0,188.0,BEARISH,HIGH,Last surprise: +2.3%,4.21,-1.0,1.0,57,2026-10-20,2.27,0
2026-08-24T11:28:35,2026-08-24,IDXX,BUY,1,Stochastic Oscillator,HIGH,4,30.0,556.93,5.68,525.3,8.52,604.38,8.1,2026-10-08,0.86,1.22,100.0,65.54,23.28,35.79,-9.06,45.5,2,2026-05-06 to 2026-08-21 (75 days),0.508,47.5,0.302,560.0,615.1,BEARISH,MEDIUM,Last surprise: +8.7%; Earnings conf adj: +1; Size: Kelly 10.0% / VolTgt 6.2% / Blend 8.1%,6.21,-1.0,1.0,70,2026-11-02,8.65,1
2026-08-24T11:28:17,2026-08-24,FISV,HOLD,0,VWAP Trend,MEDIUM,3,29.97,52.58,8.94,0.0,10.28,0.0,0.0,2026-09-01,0.94,1.3,60.0,1.67,34.56,54.41,-12.6,8.4,10,2026-05-06 to 2026-08-21 (75 days),-1.0,49.9,0.4504,51.46,58.87,BEARISH,HIGH,Last surprise: -3.7%,4.16,-1.0,1.0,65,2026-10-28,-3.66,0
2026-08-24T11:28:21,2026-08-24,GEN,HOLD,0,Momentum (Rate of Change),HIGH,4,29.59,28.93,5.23,0.0,15.69,0.0,0.0,2026-10-05,1.86,3.37,100.0,179.53,77.07,-214.91,-16.91,42.5,2,2026-05-06 to 2026-08-21 (75 days),-1.0,60.3,0.347,26.34,24.16,BULLISH,MEDIUM,Last surprise: +2.9%,5.4,-1.0,1.0,73,2026-11-05,2.9,0
2026-08-24T11:28:07,2026-08-24,EQIX,HOLD,0,Stochastic Oscillator,HIGH,5,29.15,1065.39,3.89,0.0,5.83,0.0,0.0,2026-10-04,1.2,2.08,100.0,67.03,23.85,27.61,-7.03,41.0,1,2026-05-06 to 2026-08-21 (75 days),-1.0,52.9,0.3139,1048.06,939.85,BULLISH,MEDIUM,Last surprise: +6.2%; Earnings conf adj: +1,5.97,-1.0,1.0,65,2026-10-28,6.25,1
2026-08-24T11:27:34,2026-08-24,BRO,HOLD,0,VWAP Trend,HIGH,4,29.03,72.92,3.69,0.0,5.54,0.0,0.0,2026-09-02,2.09,4.09,66.7,2.89,69.87,-71.95,-6.41,9.1,9,2026-05-06 to 2026-08-21 (75 days),-1.0,61.3,0.3551,67.36,69.43,BEARISH,MEDIUM,Last surprise: +0.0%,5.28,-1.0,1.0,63,2026-10-26,0.0,0
2026-08-24T11:27:56,2026-08-24,DDOG,HOLD,0,VWAP Trend,HIGH,4,28.96,235.62,12.0,0.0,12.37,0.0,0.0,2026-08-26,0.63,1.12,62.5,1.51,17.03,-421.52,-14.08,2.8,8,2026-05-06 to 2026-08-21 (75 days),-1.0,43.9,0.9392,249.42,174.27,BULLISH,HIGH,Last surprise: +12.1%; Earnings conf adj: +1,2.0,-1.0,1.0,73,2026-11-05,12.07,1
2026-08-24T11:28:36,2026-08-24,IFF,HOLD,0,Composite Multi-Indicator,MEDIUM,3,28.93,84.28,6.14,0.0,15.35,0.0,0.0,2026-11-13,1.54,2.74,100.0,139.93,55.61,48.04,-12.0,81.0,1,2026-05-06 to 2026-08-21 (75 days),-1.0,57.9,0.4151,79.44,72.98,BULLISH,HIGH,Strong trend (ADX=31); Last surprise: -26.8%; Earnings conf adj: -1,4.52,-1.0,1.0,71,2026-11-03,-26.79,-1
2026-08-24T11:27:51,2026-08-24,CSGP,HOLD,0,EMA Crossover (9/21),HIGH,4,28.88,32.26,9.1,0.0,13.65,0.0,0.0,2026-09-09,0.97,2.05,100.0,66.86,24.21,41.17,-5.14,16.0,1,2026-05-06 to 2026-08-21 (75 days),-1.0,55.9,0.5803,30.07,45.55,BEARISH,HIGH,Strong trend (ADX=30); Last surprise: +10.3%; Earnings conf adj: +1,3.23,-1.0,1.0,64,2026-10-27,10.34,1
2026-08-24T11:28:14,2026-08-24,FDS,HOLD,0,Composite Multi-Indicator,HIGH,4,28.64,299.91,6.75,0.0,21.59,0.0,0.0,2026-09-25,2.08,3.69,100.0,171.49,70.76,-161.67,-7.34,32.0,1,2026-05-06 to 2026-08-21 (75 days),-1.0,65.6,0.4846,257.03,246.4,BULLISH,HIGH,Strong trend (ADX=33); Last surprise: +1.8%,3.87,-1.0,1.0,24,2026-09-17,1.8,0
2026-08-24T11:28:16,2026-08-24,FIS,HOLD,0,Momentum (Rate of Change),MEDIUM,3,28.34,41.34,8.57,0.0,12.86,0.0,0.0,2026-10-01,0.69,1.16,100.0,68.3,15.39,42.98,-10.45,38.0,1,2026-05-06 to 2026-08-21 (75 days),-1.0,46.0,0.4196,41.37,50.07,BEARISH,HIGH,Last surprise: +0.7%,4.47,-1.0,1.0,72,2026-11-04,0.68,0
2026-08-24T11:28:32,2026-08-24,HWM,HOLD,0,VWAP Trend,MEDIUM,3,28.09,271.68,4.84,0.0,3.66,0.0,0.0,2026-08-26,0.68,1.48,37.5,1.56,8.7,-13.42,-3.64,2.4,8,2026-05-06 to 2026-08-21 (75 days),-1.0,41.1,0.2997,278.06,242.58,BULLISH,MEDIUM,Last surprise: +6.4%; Earnings conf adj: +1,6.26,-1.0,1.0,73,2026-11-05,6.4,1
2026-08-24T11:28:24,2026-08-24,GPN,HOLD,0,Composite Multi-Indicator,HIGH,4,28.05,93.49,6.91,0.0,24.19,0.0,0.0,2026-12-08,2.53,4.04,100.0,337.21,167.87,-8.47,-17.27,106.0,1,2026-05-06 to 2026-08-21 (75 days),-1.0,65.8,0.409,79.5,74.52,BULLISH,HIGH,Strong trend (ADX=53); Last surprise: +0.6%,4.58,-1.0,1.0,71,2026-11-03,0.58,0
2026-08-24T11:27:39,2026-08-24,CEG,HOLD,0,SMA Crossover (10/50),HIGH,4,27.94,272.88,5.56,0.0,8.34,0.0,0.0,2026-09-15,0.79,1.32,100.0,35.95,12.0,54.96,-5.4,22.0,1,2026-05-06 to 2026-08-21 (75 days),-1.0,53.3,0.3559,262.75,298.86,BEARISH,MEDIUM,Last surprise: +11.8%; Earnings conf adj: +1,5.27,-1.0,1.0,77,2026-11-09,11.84,1
2026-08-24T11:27:12,2026-08-24,ADBE,HOLD,0,ADX Trend Following,MEDIUM,3,27.9,275.3,7.68,0.0,11.52,0.0,0.0,2026-09-10,2.5,4.51,50.0,6.6,104.84,66.3,-6.93,17.0,2,2026-05-06 to 2026-08-21 (75 days),-1.0,62.5,0.5174,232.75,270.43,BEARISH,HIGH,Last surprise: +2.6%,3.62,-1.0,1.0,17,2026-09-10,2.58,0
2026-08-24T11:27:56,2026-08-24,DD,HOLD,0,Stochastic Oscillator,HIGH,4,27.83,138.33,4.66,0.0,6.99,0.0,0.0,2026-09-30,0.56,0.84,100.0,24.73,7.56,31.0,-6.23,37.0,1,2026-05-06 to 2026-08-21 (75 days),-1.0,44.8,0.2762,139.77,135.27,BULLISH,MEDIUM,Last surprise: +6.8%; Earnings conf adj: +1,6.79,-1.0,1.0,73,2026-11-05,6.82,1
2026-08-24T11:27:34,2026-08-24,BRK-B,HOLD,0,Stochastic Oscillator,HIGH,5,27.69,495.82,1.96,0.0,2.94,0.0,0.0,2026-09-02,2.24,6.29,66.7,8.46,19.68,-0.44,-1.53,9.0,3,2026-05-06 to 2026-08-21 (75 days),-1.0,42.0,0.1852,500.39,492.12,BULLISH,LOW,Last surprise: +17.5%; Earnings conf adj: +1,10.0,-1.0,1.0,75,2026-11-07,17.54,1
2026-08-24T11:28:24,2026-08-24,GPC,HOLD,0,Momentum (Rate of Change),HIGH,4,27.64,133.96,3.54,0.0,10.62,0.0,0.0,2026-11-11,3.18,7.18,100.0,376.89,189.91,55.82,-10.15,79.0,1,2026-05-06 to 2026-08-21 (75 days),-1.0,59.4,0.2893,123.23,117.77,BULLISH,MEDIUM,Last surprise: +3.4%,6.48,-1.0,1.0,57,2026-10-20,3.37,0
2026-08-24T11:27:46,2026-08-24,COF,HOLD,0,Donchian Breakout (20/55),HIGH,5,27.3,217.91,3.35,0.0,10.05,0.0,0.0,2026-09-28,1.09,1.73,100.0,50.19,17.74,-36.44,-6.21,35.0,1,2026-05-06 to 2026-08-21 (75 days),-1.0,54.5,0.2944,207.24,205.94,BULLISH,MEDIUM,Last surprise: +23.9%; Earnings conf adj: +1,6.37,-1.0,1.0,57,2026-10-20,23.88,1
2026-08-24T11:27:42,2026-08-24,CHTR,HOLD,0,EMA Crossover (9/21),HIGH,4,26.82,150.17,9.99,0.0,14.98,0.0,0.0,2026-09-15,0.86,1.25,100.0,56.54,20.17,33.32,-8.62,22.0,1,2026-05-06 to 2026-08-21 (75 days),-1.0,53.6,0.5937,139.77,185.19,BEARISH,HIGH,Last surprise: +6.0%; Earnings conf adj: +1,3.16,-1.0,1.0,67,2026-10-30,5.96,1
2026-08-24T11:27:18,2026-08-24,ALL,HOLD,0,52-Week High Momentum,HIGH,5,26.61,253.83,4.05,0.0,12.15,0.0,0.0,2026-12-07,2.2,3.51,100.0,196.13,83.29,12.14,-8.23,105.0,1,2026-05-06 to 2026-08-21 (75 days),-1.0,46.3,0.3268,249.76,217.73,BULLISH,MEDIUM,Last surprise: +48.1%; Earnings conf adj: +1,5.74,-1.0,1.0,72,2026-11-04,48.11,1
2026-08-24T11:28:11,2026-08-24,EXR,HOLD,0,52-Week High Momentum,HIGH,4,26.41,146.81,1.98,0.0,5.94,0.0,0.0,2026-11-16,0.54,0.79,100.0,27.39,8.88,-2.32,-4.46,84.0,1,2026-05-06 to 2026-08-21 (75 days),-1.0,47.3,0.1898,147.34,138.8,BULLISH,LOW,Last surprise: +8.7%; Earnings conf adj: +1,9.88,-1.0,1.0,65,2026-10-28,8.7,1
2026-08-24T11:27:19,2026-08-24,AME,HOLD,0,52-Week High Momentum,MEDIUM,3,26.21,239.55,3.55,0.0,8.88,0.0,0.0,2026-12-08,0.41,0.59,100.0,21.06,6.98,9.04,-7.52,106.0,1,2026-05-06 to 2026-08-21 (75 days),-1.0,41.9,0.257,240.45,223.45,BULLISH,MEDIUM,Strong trend (ADX=35); Last surprise: +5.0%; Earnings conf adj: +1,7.29,-1.0,1.0,66,2026-10-29,5.03,1
2026-08-24T11:27:28,2026-08-24,BALL,HOLD,0,PEAD Earnings Drift,HIGH,4,26.2,63.59,3.3,0.0,9.9,0.0,0.0,2026-11-20,1.41,2.33,100.0,92.37,34.59,3.91,-9.84,88.0,1,2026-05-06 to 2026-08-21 (75 days),-1.0,56.2,0.2085,61.93,58.08,BULLISH,MEDIUM,Last surprise: +4.0%,8.99,-1.0,1.0,71,2026-11-03,4.04,0
2026-08-24T11:28:00,2026-08-24,DOV,HOLD,0,VWAP Trend,HIGH,4,26.11,201.92,2.75,0.0,2.87,0.0,0.0,2026-08-27,1.34,2.21,87.5,4.61,13.37,45.87,-3.54,3.1,8,2026-05-06 to 2026-08-21 (75 days),-1.0,40.5,0.207,212.59,208.64,BULLISH,MEDIUM,Last surprise: +0.7%,9.06,-1.0,1.0,59,2026-10-22,0.74,0
2026-08-24T11:27:37,2026-08-24,CB,EXIT,-1,VWAP Trend,HIGH,4,26.03,340.99,1.92,347.54,1.84,334.72,10.0,2026-08-26,1.45,2.9,54.5,2.02,14.19,-8.78,-3.84,2.0,11,2026-05-06 to 2026-08-21 (75 days),-1.0,44.1,0.1657,345.29,322.63,BULLISH,LOW,Strong trend (ADX=30); Last surprise: +7.6%; Earnings conf adj: +1; Size: Kelly 10.0% / VolTgt 10.0% / Blend 10.0%,10.0,-1.0,1.0,64,2026-10-27,7.56,1
2026-08-24T11:27:21,2026-08-24,AMP,BUY,1,52-Week High Momentum,MEDIUM,2,25.36,555.59,2.27,542.98,5.67,587.09,10.0,2026-09-29,0.09,0.14,100.0,44.23,0.42,-71.56,-6.47,36.0,1,2026-05-06 to 2026-08-21 (75 days),0.71,57.9,0.1817,515.58,479.71,BULLISH,LOW,Strong trend (ADX=34); Last surprise: +2.4%; Size: Kelly 10.0% / VolTgt 10.0% / Blend 10.0%,10.0,-1.0,1.0,66,2026-10-29,2.41,0
2026-08-24T11:28:13,2026-08-24,F,HOLD,0,Stochastic Oscillator,HIGH,4,25.17,14.41,4.19,0.0,6.29,0.0,0.0,2026-10-23,0.51,0.81,100.0,31.32,9.57,-82.88,-9.75,60.0,1,2026-05-06 to 2026-08-21 (75 days),-1.0,54.2,0.3505,14.03,13.16,BULLISH,MEDIUM,Last surprise: +20.0%; Earnings conf adj: +1,5.35,-1.0,1.0,59,2026-10-22,20.0,1
2026-08-24T11:27:10,2026-08-24,AAPL,HOLD,0,VWAP Trend,HIGH,5,25.1,309.35,3.1,0.0,4.2,0.0,0.0,2026-08-26,1.15,1.77,66.7,2.49,14.09,-15.01,-4.03,2.7,6,2026-05-06 to 2026-08-21 (75 days),-1.0,47.4,0.3248,309.99,281.03,BULLISH,MEDIUM,Last surprise: +6.9%; Earnings conf adj: +1,5.77,-1.0,1.0,66,2026-10-29,6.88,1
2026-08-24T11:27:11,2026-08-24,A,HOLD,0,Multi-Factor Momentum MR,LOW,0,24.94,159.0,3.59,0.0,5.74,0.0,0.0,2026-08-25,0.0,0.0,0.0,0.0,0.0,-180.4,0.0,0.0,0,2026-05-06 to 2026-08-21 (75 days),-1.0,80.5,0.2305,137.46,130.89,BULLISH,MEDIUM,RSI overbought; High volume; Price at statistical extreme; Strong trend (ADX=53); Earnings in 2d (2026-08-26); Last surprise: +5.7%; Earnings conf adj: -1,7.0,-1.0,1.0,2,2026-08-26,5.67,-1
2026-08-24T11:27:36,2026-08-24,CASY,HOLD,0,Stochastic Oscillator,HIGH,5,24.33,835.74,4.59,0.0,6.88,0.0,0.0,2026-09-08,1.37,4.27,100.0,166.07,65.47,73.85,-6.27,15.5,2,2026-05-06 to 2026-08-21 (75 days),-1.0,47.6,0.2512,840.29,713.86,BULLISH,MEDIUM,Last surprise: +32.0%; Earnings conf adj: +1,7.46,-1.0,1.0,15,2026-09-08,32.02,1
2026-08-24T11:27:21,2026-08-24,ANET,HOLD,0,EMA Crossover (9/21),HIGH,4,24.2,188.65,10.24,0.0,30.72,0.0,0.0,2026-10-03,0.81,1.24,100.0,90.76,33.64,-99.89,-15.51,40.0,2,2026-05-06 to 2026-08-21 (75 days),-1.0,51.7,0.6261,177.36,149.06,BULLISH,HIGH,Last surprise: +14.6%; Earnings conf adj: +1,2.99,-1.0,1.0,71,2026-11-03,14.61,1
2026-08-24T11:27:58,2026-08-24,DG,HOLD,0,Donchian Breakout (20/55),MEDIUM,2,23.6,123.41,4.25,0.0,6.38,0.0,0.0,2026-10-01,0.51,0.8,100.0,26.22,8.84,-15.44,-9.44,38.0,1,2026-05-06 to 2026-08-21 (75 days),-1.0,52.7,0.3097,120.08,123.86,BEARISH,MEDIUM,Earnings in 3d (2026-08-27); Last surprise: +6.4%; Earnings conf adj: -1,6.05,-1.0,1.0,3,2026-08-27,6.38,-1
2026-08-24T11:28:17,2026-08-24,FITB,EXIT,-1,VWAP Trend,HIGH,4,22.39,54.82,2.36,56.11,2.17,53.63,9.7,2026-08-25,2.49,4.64,61.5,3.05,45.52,13.11,-4.45,1.9,13,2026-05-06 to 2026-08-21 (75 days),-1.0,37.3,0.1995,56.4,49.74,BULLISH,LOW,Price at statistical extreme; Strong trend (ADX=30); Last surprise: -1.2%; Size: Kelly 10.0% / VolTgt 9.4% / Blend 9.7%,9.4,-1.0,1.0,56,2026-10-19,-1.19,0
2026-08-24T11:28:29,2026-08-24,HPE,HOLD,0,EMA Crossover (9/21),HIGH,5,21.67,53.45,11.34,0.0,28.46,0.0,0.0,2026-10-05,1.08,1.76,100.0,100.15,37.43,-554.97,-11.58,42.0,1,2026-05-06 to 2026-08-21 (75 days),-1.0,53.8,0.5577,49.03,31.62,BULLISH,HIGH,Last surprise: +49.1%; Earnings conf adj: +1,3.36,-1.0,1.0,9,2026-09-02,49.06,1
2026-08-24T11:28:25,2026-08-24,GS,HOLD,0,Stochastic Oscillator,MEDIUM,3,21.59,1039.28,3.57,0.0,5.35,0.0,0.0,2026-10-13,0.22,0.37,100.0,16.9,2.33,-41.94,-14.87,50.0,1,2026-05-06 to 2026-08-21 (75 days),-1.0,49.9,0.3431,1053.38,931.4,BULLISH,MEDIUM,Last surprise: +44.3%; Earnings conf adj: +1,5.46,-1.0,1.0,50,2026-10-13,44.29,1
2026-08-24T11:27:15,2026-08-24,AEP,BUY,1,VWAP Trend,MEDIUM,3,20.88,120.94,2.54,117.87,2.59,124.07,9.86,2026-08-26,1.68,2.78,62.5,2.78,19.51,42.55,-2.88,2.9,8,2026-05-06 to 2026-08-21 (75 days),0.583,30.7,0.1931,130.03,125.01,BULLISH,LOW,Last surprise: -8.1%; Earnings conf adj: -1; Size: Kelly 10.0% / VolTgt 9.7% / Blend 9.9%,9.71,-1.0,1.0,66,2026-10-29,-8.11,-1
2026-08-24T11:27:55,2026-08-24,DAL,BUY,1,Stochastic Oscillator,MEDIUM,3,19.64,82.41,4.09,79.04,6.13,87.46,7.56,2026-09-03,1.62,3.17,50.0,91.79,28.97,-22.39,-3.58,10.0,2,2026-05-06 to 2026-08-21 (75 days),0.413,39.0,0.3668,87.54,72.76,BULLISH,MEDIUM,Strong trend (ADX=35); Last surprise: +4.7%; Size: Kelly 10.0% / VolTgt 5.1% / Blend 7.6%,5.11,-1.0,1.0,45,2026-10-08,4.7,0
2026-08-24T11:27:39,2026-08-24,CDNS,HOLD,0,VWAP Trend,LOW,0,19.47,319.02,4.39,0.0,3.5,0.0,0.0,2026-08-26,-0.78,-0.96,50.0,0.51,-18.67,11.77,-9.65,2.7,6,2026-05-06 to 2026-08-21 (75 days),-1.0,37.2,0.2703,353.85,327.08,BULLISH,MEDIUM,Last surprise: +2.4%,6.94,-1.0,1.0,63,2026-10-26,2.43,0
2026-08-24T11:27:16,2026-08-24,AJG,HOLD,0,Momentum (Rate of Change),HIGH,4,17.31,263.81,4.09,0.0,12.27,0.0,0.0,2026-11-16,3.15,5.88,100.0,315.14,148.0,-25.83,-7.85,84.0,1,2026-05-06 to 2026-08-21 (75 days),-1.0,62.9,0.3328,243.96,232.4,BULLISH,MEDIUM,Last surprise: +1.1%,5.63,-1.0,1.0,66,2026-10-29,1.07,0
2026-08-24T11:28:00,2026-08-24,DOC,HOLD,0,Momentum (Rate of Change),HIGH,5,16.6,21.4,3.37,0.0,10.11,0.0,0.0,2026-11-22,1.89,3.05,100.0,123.83,44.77,-1.99,-5.77,90.0,1,2026-05-06 to 2026-08-21 (75 days),-1.0,53.8,0.2351,21.23,17.97,BULLISH,MEDIUM,Last surprise: +166.7%; Earnings conf adj: +1,7.98,-1.0,1.0,59,2026-10-22,166.67,1
2026-08-24T11:27:24,2026-08-24,APTV,HOLD,0,ADX Trend Following,LOW,1,15.82,48.28,9.86,0.0,14.79,0.0,0.0,2026-09-11,-2.52,-2.99,50.0,0.06,-50.05,-7.55,-23.34,18.5,2,2026-05-06 to 2026-08-21 (75 days),-1.0,37.9,0.7193,56.91,68.14,BEARISH,HIGH,Strong trend (ADX=36); Last surprise: +14.0%; Earnings conf adj: +1,2.61,-1.0,1.0,66,2026-10-29,13.99,1
2026-08-24T11:27:47,2026-08-24,COIN,BUY,1,ADX Trend Following,LOW,1,15.27,186.49,9.33,169.09,14.0,212.6,4.7,2026-09-19,0.66,1.04,50.0,1.92,23.23,41.62,-17.65,26.0,2,2026-05-06 to 2026-08-21 (75 days),0.524,67.0,0.7843,158.51,198.53,BEARISH,HIGH,High volume; Price at statistical extreme; Strong trend (ADX=31); Last surprise: -491.3%; Earnings conf adj: -1; Size: Kelly 7.0% / VolTgt 2.4% / Blend 4.7%,2.39,-1.0,1.0,66,2026-10-29,-491.3,-1
2026-08-24T11:27:25,2026-08-24,ATO,HOLD,0,VWAP Trend,MEDIUM,2,14.25,166.85,2.05,0.0,2.09,0.0,0.0,2026-08-28,-0.1,-0.12,66.7,1.15,-0.86,27.1,-2.99,4.3,6,2026-05-06 to 2026-08-21 (75 days),-1.0,33.8,0.1282,173.41,174.89,BEARISH,LOW,Last surprise: +5.9%; Earnings conf adj: +1,10.0,-1.0,1.0,72,2026-11-04,5.93,1
2026-08-24T11:27:26,2026-08-24,AVGO,BUY,1,Stochastic Oscillator,MEDIUM,2,12.25,368.45,8.15,338.42,12.23,413.51,7.1,2026-09-22,0.79,1.19,50.0,73.14,24.15,62.54,-12.24,29.0,2,2026-05-06 to 2026-08-21 (75 days),0.508,38.7,0.4462,388.43,368.3,BULLISH,HIGH,Strong trend (ADX=38); Last surprise: +1.7%; Size: Kelly 10.0% / VolTgt 4.2% / Blend 7.1%,4.2,-1.0,1.0,9,2026-09-02,1.67,0
2026-08-24T11:28:30,2026-08-24,HRL,HOLD,0,ADX Trend Following,MEDIUM,3,12.15,23.88,2.86,0.0,5.72,0.0,0.0,2026-09-12,2.01,4.38,66.7,14.17,73.48,4.05,-8.41,19.3,3,2026-05-06 to 2026-08-21 (75 days),-1.0,39.1,0.2033,24.8,22.95,BULLISH,MEDIUM,Earnings in 3d (2026-08-27); Last surprise: +14.3%; Earnings conf adj: -1,9.22,-1.0,1.0,3,2026-08-27,14.29,-1
2026-08-24T11:27:43,2026-08-24,CL,HOLD,0,VWAP Trend,LOW,0,12.1,91.08,3.24,0.0,3.42,0.0,0.0,2026-08-28,0.2,0.29,50.0,1.27,1.84,-12.09,-7.13,4.5,6,2026-05-06 to 2026-08-21 (75 days),-1.0,48.2,0.2048,91.51,86.25,BULLISH,MEDIUM,Last surprise: +4.2%,7.0,-1.0,1.0,67,2026-10-30,4.21,0
2026-08-24T11:28:22,2026-08-24,GL,HOLD,0,VWAP Trend,LOW,1,12.05,171.08,3.19,0.0,2.67,0.0,0.0,2026-08-26,-0.24,-0.29,60.0,1.03,-3.28,-46.01,-6.41,2.3,10,2026-05-06 to 2026-08-21 (75 days),-1.0,36.3,0.2237,177.84,151.48,BULLISH,MEDIUM,Strong trend (ADX=31); Last surprise: -1.9%,7.0,-1.0,1.0,58,2026-10-21,-1.9,0
2026-08-24T11:28:14,2026-08-24,FE,HOLD,0,ADX Trend Following,MEDIUM,3,11.64,45.96,2.34,0.0,3.81,0.0,0.0,2026-09-04,0.66,0.97,75.0,2.42,6.11,-4.3,-5.23,11.0,4,2026-05-06 to 2026-08-21 (75 days),-1.0,35.7,0.1459,47.53,46.63,BULLISH,LOW,Last surprise: +0.0%,10.0,-1.0,1.0,58,2026-10-21,0.0,0
2026-08-24T11:27:48,2026-08-24,COST,HOLD,0,Stochastic Oscillator,LOW,0,11.05,947.74,2.19,0.0,3.29,0.0,0.0,2026-11-11,-0.25,-0.34,0.0,0.0,-5.67,9.36,-7.47,79.0,1,2026-05-06 to 2026-08-21 (75 days),-1.0,49.1,0.1809,947.35,956.72,BEARISH,LOW,Last surprise: +0.2%,7.0,-1.0,1.0,31,2026-09-24,0.2,0
2026-08-24T11:27:54,2026-08-24,D,HOLD,0,EMA Crossover (9/21),HIGH,5,9.64,66.6,2.15,0.0,6.45,0.0,0.0,2026-10-04,1.24,2.6,100.0,82.98,30.18,-4.47,-4.87,41.0,2,2026-05-06 to 2026-08-21 (75 days),-1.0,35.9,0.1449,69.13,63.08,BULLISH,LOW,Last surprise: +17.9%; Earnings conf adj: +1,10.0,-1.0,1.0,67,2026-10-30,17.91,1
2026-08-24T11:28:23,2026-08-24,GOOG,HOLD,1,Stochastic Oscillator,LOW,1,9.58,341.75,3.41,330.1,5.12,359.25,0.0,2026-11-06,-0.49,-0.68,0.0,0.0,-18.83,20.05,-14.22,74.0,1,2026-05-06 to 2026-08-21 (75 days),-1.0,46.0,0.3812,350.16,331.81,BULLISH,MEDIUM,Last surprise: +213.1%; Earnings conf adj: +1,4.92,-1.0,1.0,65,2026-10-28,213.06,1
2026-08-24T11:28:02,2026-08-24,DVA,HOLD,0,MACD Crossover,HIGH,4,9.01,173.82,9.46,0.0,27.83,0.0,0.0,2026-09-23,3.54,8.07,100.0,118.77,45.51,76.57,-2.64,30.0,1,2026-05-06 to 2026-08-21 (75 days),-1.0,24.2,0.6452,214.4,161.2,BULLISH,HIGH,RSI oversold; Strong trend (ADX=56); Last surprise: +3.6%,2.91,-1.0,1.0,65,2026-10-28,3.61,0
2026-08-24T11:27:13,2026-08-24,ADI,HOLD,0,Stochastic Oscillator,LOW,0,7.86,373.09,4.97,0.0,7.46,0.0,0.0,2026-10-04,-0.17,-0.26,0.0,0.0,-5.79,24.33,-10.69,41.0,1,2026-05-06 to 2026-08-21 (75 days),-1.0,45.4,0.3464,388.61,340.67,BULLISH,MEDIUM,Last surprise: +3.3%,5.41,-1.0,1.0,-5,2026-08-19,3.29,0
2026-08-24T11:28:25,2026-08-24,GWW,HOLD,0,MACD Crossover,HIGH,5,7.54,1312.24,3.08,0.0,6.11,0.0,0.0,2026-09-02,1.77,3.95,75.0,450.55,22.23,-27.65,-3.5,9.5,4,2026-05-06 to 2026-08-21 (75 days),-1.0,46.2,0.2516,1341.17,1154.99,BULLISH,MEDIUM,Last surprise: +6.3%; Earnings conf adj: +1,7.45,-1.0,1.0,72,2026-11-04,6.28,1
2026-08-24T11:27:42,2026-08-24,CHRW,HOLD,0,Multi-Factor Momentum MR,HIGH,5,7.09,141.63,6.62,0.0,23.17,0.0,0.0,2026-09-13,2.94,7.78,100.0,127.37,49.86,93.97,-3.55,20.0,1,2026-05-06 to 2026-08-21 (75 days),-1.0,30.0,0.6662,175.82,172.19,BULLISH,HIGH,RSI oversold; Strong trend (ADX=57); Last surprise: +5.9%; Earnings conf adj: +1,2.81,-1.0,1.0,65,2026-10-28,5.92,1
2026-08-24T11:28:05,2026-08-24,ED,HOLD,0,Stochastic Oscillator,HIGH,5,6.46,106.35,2.13,0.0,3.19,0.0,0.0,2026-09-11,1.76,2.66,66.7,5.35,24.7,20.66,-2.72,18.3,3,2026-05-06 to 2026-08-21 (75 days),-1.0,41.1,0.1469,109.01,105.13,BULLISH,LOW,Last surprise: +7.8%; Earnings conf adj: +1,10.0,-1.0,1.0,73,2026-11-05,7.79,1
2026-08-24T11:27:17,2026-08-24,AKAM,HOLD,0,Composite Multi-Indicator,HIGH,4,6.25,110.42,11.24,0.0,17.51,0.0,0.0,2026-09-07,2.74,7.6,100.0,116.1,44.82,73.6,-3.43,14.0,1,2026-05-06 to 2026-08-21 (75 days),-1.0,40.9,0.5941,119.73,108.4,BULLISH,HIGH,Last surprise: +0.6%,3.16,-1.0,1.0,73,2026-11-05,0.63,0
2026-08-24T11:27:49,2026-08-24,CPT,HOLD,0,Composite Multi-Indicator,MEDIUM,3,5.3,107.59,2.72,0.0,5.44,0.0,0.0,2026-10-16,2.84,5.32,100.0,120.74,46.88,34.11,-5.56,53.0,1,2026-05-06 to 2026-08-21 (75 days),-1.0,40.3,0.2174,112.03,105.6,BULLISH,MEDIUM,Last surprise: -33.3%; Earnings conf adj: -1,8.62,-1.0,1.0,-25,2026-07-30,-33.33,-1
2026-08-24T11:28:28,2026-08-24,HON,HOLD,0,MACD Crossover,LOW,1,4.22,215.9,4.07,0.0,8.14,0.0,0.0,2026-09-14,-1.14,-1.44,33.3,0.09,-29.46,-15.67,-18.99,21.0,3,2026-05-06 to 2026-08-21 (75 days),-1.0,33.5,0.3009,233.05,227.48,BULLISH,MEDIUM,Price at statistical extreme; Strong trend (ADX=48); Last surprise: +7.1%; Earnings conf adj: +1,6.23,-1.0,1.0,59,2026-10-22,7.14,1
2026-08-24T11:27:42,2026-08-24,CI,HOLD,0,Stochastic Oscillator,LOW,0,3.75,277.51,3.94,0.0,5.91,0.0,0.0,2026-09-08,-0.11,-0.14,50.0,0.79,-3.12,0.29,-8.19,15.5,2,2026-05-06 to 2026-08-21 (75 days),-1.0,47.0,0.3092,284.68,276.88,BULLISH,MEDIUM,Last surprise: +2.4%,6.06,-1.0,1.0,-25,2026-07-30,2.37,0
2026-08-24T11:27:36,2026-08-24,CARR,HOLD,0,MACD Crossover,MEDIUM,2,3.12,60.37,5.07,0.0,10.14,0.0,0.0,2026-09-21,0.4,0.65,100.0,21.32,6.7,38.86,-7.9,28.0,1,2026-05-06 to 2026-08-21 (75 days),-1.0,34.7,0.4308,67.19,60.88,BULLISH,HIGH,Last surprise: +4.9%,4.35,-1.0,1.0,64,2026-10-27,4.88,0
2026-08-24T11:28:09,2026-08-24,ESS,HOLD,0,PEAD Earnings Drift,MEDIUM,3,3.09,289.0,2.49,0.0,4.98,0.0,0.0,2026-11-14,2.27,3.76,100.0,110.27,41.78,7.3,-4.11,82.0,1,2026-05-06 to 2026-08-21 (75 days),-1.0,52.8,0.242,287.96,262.01,BULLISH,MEDIUM,Last surprise: -36.1%; Earnings conf adj: -1,7.75,-1.0,1.0,64,2026-10-27,-36.05,-1
2026-08-24T11:27:50,2026-08-24,CRH,EXIT,-1,Momentum (Rate of Change),MEDIUM,2,2.38,95.07,4.04,98.91,6.06,89.31,7.62,2026-09-21,-0.1,-0.14,100.0,8.01,-3.68,42.5,-6.95,28.0,1,2026-05-06 to 2026-08-21 (75 days),-1.0,42.1,0.358,102.51,111.51,BEARISH,MEDIUM,Strong trend (ADX=35); Last surprise: -4.5%; Size: Kelly 10.0% / VolTgt 5.2% / Blend 7.6%,5.24,-1.0,1.0,66,2026-10-29,-4.46,0
2026-08-24T11:27:15,2026-08-24,AFL,HOLD,0,EMA Crossover (9/21),HIGH,4,1.94,116.07,2.73,0.0,9.55,0.0,0.0,2026-10-29,1.24,1.93,100.0,49.85,17.2,5.13,-6.81,66.0,1,2026-05-06 to 2026-08-21 (75 days),-1.0,32.2,0.2025,120.97,113.19,BULLISH,MEDIUM,Strong trend (ADX=40); Last surprise: -0.6%,9.26,-1.0,1.0,72,2026-11-04,-0.57,0
2026-08-24T11:27:45,2026-08-24,CMS,HOLD,0,EMA Crossover (9/21),MEDIUM,2,1.88,68.27,2.29,0.0,4.58,0.0,0.0,2026-09-23,0.13,0.2,100.0,3.64,0.89,20.88,-6.64,30.0,1,2026-05-06 to 2026-08-21 (75 days),-1.0,31.8,0.1742,73.08,72.69,BULLISH,LOW,Last surprise: +2.8%,10.0,-1.0,1.0,66,2026-10-29,2.78,0
2026-08-24T11:28:08,2026-08-24,ES,HOLD,0,EMA Crossover (9/21),MEDIUM,3,1.78,70.21,2.29,0.0,5.72,0.0,0.0,2026-11-07,0.83,1.21,100.0,43.09,14.65,1.54,-5.04,75.0,1,2026-05-06 to 2026-08-21 (75 days),-1.0,37.2,0.1789,72.58,69.34,BULLISH,LOW,Strong trend (ADX=30); Last surprise: +0.0%,10.0,-1.0,1.0,72,2026-11-04,0.0,0
2026-08-24T11:27:14,2026-08-24,AEE,HOLD,0,Momentum (Rate of Change),MEDIUM,2,1.22,106.13,2.1,0.0,4.2,0.0,0.0,2026-09-21,0.28,0.43,100.0,21.36,2.8,10.98,-5.54,28.0,1,2026-05-06 to 2026-08-21 (75 days),-1.0,36.1,0.1582,110.96,106.76,BULLISH,LOW,Price at statistical extreme; Last surprise: +4.6%,10.0,-1.0,1.0,-25,2026-07-30,4.63,0
2026-08-24T11:28:01,2026-08-24,DTE,HOLD,0,Momentum (Rate of Change),MEDIUM,3,1.0,135.22,2.19,0.0,4.38,0.0,0.0,2026-10-13,0.14,0.21,100.0,23.2,0.99,14.93,-5.98,50.0,1,2026-05-06 to 2026-08-21 (75 days),-1.0,31.0,0.1545,145.82,140.03,BULLISH,LOW,Last surprise: +15.8%; Earnings conf adj: +1,10.0,-1.0,1.0,66,2026-10-29,15.79,1
2026-08-24T11:28:05,2026-08-24,EG,HOLD,0,EMA Crossover (9/21),MEDIUM,3,0.66,370.06,2.87,0.0,5.74,0.0,0.0,2026-10-12,0.97,1.54,100.0,50.86,17.58,-3.55,-8.88,49.0,1,2026-05-06 to 2026-08-21 (75 days),-1.0,50.7,0.2417,365.59,337.71,BULLISH,MEDIUM,Last surprise: +2.2%,7.76,-1.0,1.0,65,2026-10-28,2.2,0
2026-08-24T11:27:22,2026-08-24,AON,HOLD,0,ADX Trend Following,LOW,0,0.34,355.11,3.08,0.0,4.62,0.0,0.0,2026-09-16,-0.17,-0.27,50.0,0.42,-5.34,-68.48,-6.84,23.0,2,2026-05-06 to 2026-08-21 (75 days),-1.0,51.0,0.2448,349.59,336.32,BULLISH,MEDIUM,Last surprise: +0.3%,7.0,-1.0,1.0,67,2026-10-30,0.26,0
2026-08-24T11:28:01,2026-08-24,DUK,HOLD,0,PEAD Earnings Drift,MEDIUM,3,0.18,119.85,2.23,0.0,4.46,0.0,0.0,2026-11-20,0.23,0.32,100.0,8.45,2.55,11.96,-4.88,88.0,1,2026-05-06 to 2026-08-21 (75 days),-1.0,37.1,0.1811,124.6,122.28,BULLISH,LOW,Last surprise: +10.0%; Earnings conf adj: +1,10.0,-1.0,1.0,73,2026-11-05,10.0,1
2026-08-24T11:28:45,2026-08-24,HUBB,ERROR,0,N/A,N/A,0,0.0,0.0,0.0,0.0,0.0,0.0,0.0,2026-08-24,0.0,0.0,0.0,0.0,0.0,0.0,0.0,0.0,0,N/A,-1.0,0.0,0.0,0.0,0.0,N/A,N/A,A process in the process pool was terminated abruptly while the future was running or pending.,-1.0,-1.0,1.0,-1,,,0
2026-08-24T11:28:45,2026-08-24,HUM,ERROR,0,N/A,N/A,0,0.0,0.0,0.0,0.0,0.0,0.0,0.0,2026-08-24,0.0,0.0,0.0,0.0,0.0,0.0,0.0,0.0,0,N/A,-1.0,0.0,0.0,0.0,0.0,N/A,N/A,A process in the process pool was terminated abruptly while the future was running or pending.,-1.0,-1.0,1.0,-1,,,0
2026-08-24T11:28:45,2026-08-24,IEX,ERROR,0,N/A,N/A,0,0.0,0.0,0.0,0.0,0.0,0.0,0.0,2026-08-24,0.0,0.0,0.0,0.0,0.0,0.0,0.0,0.0,0,N/A,-1.0,0.0,0.0,0.0,0.0,N/A,N/A,A process in the process pool was terminated abruptly while the future was running or pending.,-1.0,-1.0,1.0,-1,,,0
2026-08-24T11:28:45,2026-08-24,INCY,ERROR,0,N/A,N/A,0,0.0,0.0,0.0,0.0,0.0,0.0,0.0,2026-08-24,0.0,0.0,0.0,0.0,0.0,0.0,0.0,0.0,0,N/A,-1.0,0.0,0.0,0.0,0.0,N/A,N/A,A process in the process pool was terminated abruptly while the future was running or pending.,-1.0,-1.0,1.0,-1,,,0
2026-08-24T11:28:45,2026-08-24,INTC,ERROR,0,N/A,N/A,0,0.0,0.0,0.0,0.0,0.0,0.0,0.0,2026-08-24,0.0,0.0,0.0,0.0,0.0,0.0,0.0,0.0,0,N/A,-1.0,0.0,0.0,0.0,0.0,N/A,N/A,A process in the process pool was terminated abruptly while the future was running or pending.,-1.0,-1.0,1.0,-1,,,0
2026-08-24T11:28:45,2026-08-24,INTU,ERROR,0,N/A,N/A,0,0.0,0.0,0.0,0.0,0.0,0.0,0.0,2026-08-24,0.0,0.0,0.0,0.0,0.0,0.0,0.0,0.0,0,N/A,-1.0,0.0,0.0,0.0,0.0,N/A,N/A,A process in the process pool was terminated abruptly while the future was running or pending.,-1.0,-1.0,1.0,-1,,,0
2026-08-24T11:28:45,2026-08-24,INVH,ERROR,0,N/A,N/A,0,0.0,0.0,0.0,0.0,0.0,0.0,0.0,2026-08-24,0.0,0.0,0.0,0.0,0.0,0.0,0.0,0.0,0,N/A,-1.0,0.0,0.0,0.0,0.0,N/A,N/A,A process in the process pool was terminated abruptly while the future was running or pending.,-1.0,-1.0,1.0,-1,,,0
2026-08-24T11:28:45,2026-08-24,IP,ERROR,0,N/A,N/A,0,0.0,0.0,0.0,0.0,0.0,0.0,0.0,2026-08-24,0.0,0.0,0.0,0.0,0.0,0.0,0.0,0.0,0,N/A,-1.0,0.0,0.0,0.0,0.0,N/A,N/A,A process in the process pool was terminated abruptly while the future was running or pending.,-1.0,-1.0,1.0,-1,,,0
2026-08-24T11:28:45,2026-08-24,IQV,ERROR,0,N/A,N/A,0,0.0,0.0,0.0,0.0,0.0,0.0,0.0,2026-08-24,0.0,0.0,0.0,0.0,0.0,0.0,0.0,0.0,0,N/A,-1.0,0.0,0.0,0.0,0.0,N/A,N/A,A process in the process pool was terminated abruptly while the future was running or pending.,-1.0,-1.0,1.0,-1,,,0
2026-08-24T11:28:45,2026-08-24,IR,ERROR,0,N/A,N/A,0,0.0,0.0,0.0,0.0,0.0,0.0,0.0,2026-08-24,0.0,0.0,0.0,0.0,0.0,0.0,0.0,0.0,0,N/A,-1.0,0.0,0.0,0.0,0.0,N/A,N/A,A process in the process pool was terminated abruptly while the future was running or pending.,-1.0,-1.0,1.0,-1,,,0
2026-08-24T11:28:45,2026-08-24,IRM,ERROR,0,N/A,N/A,0,0.0,0.0,0.0,0.0,0.0,0.0,0.0,2026-08-24,0.0,0.0,0.0,0.0,0.0,0.0,0.0,0.0,0,N/A,-1.0,0.0,0.0,0.0,0.0,N/A,N/A,A process in the process pool was terminated abruptly while the future was running or pending.,-1.0,-1.0,1.0,-1,,,0
2026-08-24T11:28:45,2026-08-24,ISRG,ERROR,0,N/A,N/A,0,0.0,0.0,0.0,0.0,0.0,0.0,0.0,2026-08-24,0.0,0.0,0.0,0.0,0.0,0.0,0.0,0.0,0,N/A,-1.0,0.0,0.0,0.0,0.0,N/A,N/A,A process in the process pool was terminated abruptly while the future was running or pending.,-1.0,-1.0,1.0,-1,,,0
2026-08-24T11:28:45,2026-08-24,IT,ERROR,0,N/A,N/A,0,0.0,0.0,0.0,0.0,0.0,0.0,0.0,2026-08-24,0.0,0.0,0.0,0.0,0.0,0.0,0.0,0.0,0,N/A,-1.0,0.0,0.0,0.0,0.0,N/A,N/A,A process in the process pool was terminated abruptly while the future was running or pending.,-1.0,-1.0,1.0,-1,,,0
2026-08-24T11:28:45,2026-08-24,ITW,ERROR,0,N/A,N/A,0,0.0,0.0,0.0,0.0,0.0,0.0,0.0,2026-08-24,0.0,0.0,0.0,0.0,0.0,0.0,0.0,0.0,0,N/A,-1.0,0.0,0.0,0.0,0.0,N/A,N/A,A process in the process pool was terminated abruptly while the future was running or pending.,-1.0,-1.0,1.0,-1,,,0
2026-08-24T11:28:45,2026-08-24,IVZ,ERROR,0,N/A,N/A,0,0.0,0.0,0.0,0.0,0.0,0.0,0.0,2026-08-24,0.0,0.0,0.0,0.0,0.0,0.0,0.0,0.0,0,N/A,-1.0,0.0,0.0,0.0,0.0,N/A,N/A,A process in the process pool was terminated abruptly while the future was running or pending.,-1.0,-1.0,1.0,-1,,,0
2026-08-24T11:28:45,2026-08-24,J,ERROR,0,N/A,N/A,0,0.0,0.0,0.0,0.0,0.0,0.0,0.0,2026-08-24,0.0,0.0,0.0,0.0,0.0,0.0,0.0,0.0,0,N/A,-1.0,0.0,0.0,0.0,0.0,N/A,N/A,A process in the process pool was terminated abruptly while the future was running or pending.,-1.0,-1.0,1.0,-1,,,0
2026-08-24T11:28:45,2026-08-24,JBHT,ERROR,0,N/A,N/A,0,0.0,0.0,0.0,0.0,0.0,0.0,0.0,2026-08-24,0.0,0.0,0.0,0.0,0.0,0.0,0.0,0.0,0,N/A,-1.0,0.0,0.0,0.0,0.0,N/A,N/A,A process in the process pool was terminated abruptly while the future was running or pending.,-1.0,-1.0,1.0,-1,,,0
2026-08-24T11:28:45,2026-08-24,JBL,ERROR,0,N/A,N/A,0,0.0,0.0,0.0,0.0,0.0,0.0,0.0,2026-08-24,0.0,0.0,0.0,0.0,0.0,0.0,0.0,0.0,0,N/A,-1.0,0.0,0.0,0.0,0.0,N/A,N/A,A process in the process pool was terminated abruptly while the future was running or pending.,-1.0,-1.0,1.0,-1,,,0
2026-08-24T11:28:45,2026-08-24,JCI,ERROR,0,N/A,N/A,0,0.0,0.0,0.0,0.0,0.0,0.0,0.0,2026-08-24,0.0,0.0,0.0,0.0,0.0,0.0,0.0,0.0,0,N/A,-1.0,0.0,0.0,0.0,0.0,N/A,N/A,A process in the process pool was terminated abruptly while the future was running or pending.,-1.0,-1.0,1.0,-1,,,0
2026-08-24T11:28:45,2026-08-24,JKHY,ERROR,0,N/A,N/A,0,0.0,0.0,0.0,0.0,0.0,0.0,0.0,2026-08-24,0.0,0.0,0.0,0.0,0.0,0.0,0.0,0.0,0,N/A,-1.0,0.0,0.0,0.0,0.0,N/A,N/A,A process in the process pool was terminated abruptly while the future was running or pending.,-1.0,-1.0,1.0,-1,,,0
2026-08-24T11:28:45,2026-08-24,JNJ,ERROR,0,N/A,N/A,0,0.0,0.0,0.0,0.0,0.0,0.0,0.0,2026-08-24,0.0,0.0,0.0,0.0,0.0,0.0,0.0,0.0,0,N/A,-1.0,0.0,0.0,0.0,0.0,N/A,N/A,A process in the process pool was terminated abruptly while the future was running or pending.,-1.0,-1.0,1.0,-1,,,0
2026-08-24T11:28:45,2026-08-24,JPM,ERROR,0,N/A,N/A,0,0.0,0.0,0.0,0.0,0.0,0.0,0.0,2026-08-24,0.0,0.0,0.0,0.0,0.0,0.0,0.0,0.0,0,N/A,-1.0,0.0,0.0,0.0,0.0,N/A,N/A,A process in the process pool was terminated abruptly while the future was running or pending.,-1.0,-1.0,1.0,-1,,,0
2026-08-24T11:28:45,2026-08-24,KDP,ERROR,0,N/A,N/A,0,0.0,0.0,0.0,0.0,0.0,0.0,0.0,2026-08-24,0.0,0.0,0.0,0.0,0.0,0.0,0.0,0.0,0,N/A,-1.0,0.0,0.0,0.0,0.0,N/A,N/A,A process in the process pool was terminated abruptly while the future was running or pending.,-1.0,-1.0,1.0,-1,,,0
2026-08-24T11:28:45,2026-08-24,KEY,ERROR,0,N/A,N/A,0,0.0,0.0,0.0,0.0,0.0,0.0,0.0,2026-08-24,0.0,0.0,0.0,0.0,0.0,0.0,0.0,0.0,0,N/A,-1.0,0.0,0.0,0.0,0.0,N/A,N/A,A process in the process pool was terminated abruptly while the future was running or pending.,-1.0,-1.0,1.0,-1,,,0
2026-08-24T11:28:45,2026-08-24,KEYS,ERROR,0,N/A,N/A,0,0.0,0.0,0.0,0.0,0.0,0.0,0.0,2026-08-24,0.0,0.0,0.0,0.0,0.0,0.0,0.0,0.0,0,N/A,-1.0,0.0,0.0,0.0,0.0,N/A,N/A,A process in the process pool was terminated abruptly while the future was running or pending.,-1.0,-1.0,1.0,-1,,,0
2026-08-24T11:28:45,2026-08-24,KHC,ERROR,0,N/A,N/A,0,0.0,0.0,0.0,0.0,0.0,0.0,0.0,2026-08-24,0.0,0.0,0.0,0.0,0.0,0.0,0.0,0.0,0,N/A,-1.0,0.0,0.0,0.0,0.0,N/A,N/A,A process in the process pool was terminated abruptly while the future was running or pending.,-1.0,-1.0,1.0,-1,,,0
2026-08-24T11:28:45,2026-08-24,KIM,ERROR,0,N/A,N/A,0,0.0,0.0,0.0,0.0,0.0,0.0,0.0,2026-08-24,0.0,0.0,0.0,0.0,0.0,0.0,0.0,0.0,0,N/A,-1.0,0.0,0.0,0.0,0.0,N/A,N/A,A process in the process pool was terminated abruptly while the future was running or pending.,-1.0,-1.0,1.0,-1,,,0
2026-08-24T11:28:45,2026-08-24,KKR,ERROR,0,N/A,N/A,0,0.0,0.0,0.0,0.0,0.0,0.0,0.0,2026-08-24,0.0,0.0,0.0,0.0,0.0,0.0,0.0,0.0,0,N/A,-1.0,0.0,0.0,0.0,0.0,N/A,N/A,A process in the process pool was terminated abruptly while the future was running or pending.,-1.0,-1.0,1.0,-1,,,0
2026-08-24T11:28:45,2026-08-24,KLAC,ERROR,0,N/A,N/A,0,0.0,0.0,0.0,0.0,0.0,0.0,0.0,2026-08-24,0.0,0.0,0.0,0.0,0.0,0.0,0.0,0.0,0,N/A,-1.0,0.0,0.0,0.0,0.0,N/A,N/A,A process in the process pool was terminated abruptly while the future was running or pending.,-1.0,-1.0,1.0,-1,,,0
2026-08-24T11:28:45,2026-08-24,KMB,ERROR,0,N/A,N/A,0,0.0,0.0,0.0,0.0,0.0,0.0,0.0,2026-08-24,0.0,0.0,0.0,0.0,0.0,0.0,0.0,0.0,0,N/A,-1.0,0.0,0.0,0.0,0.0,N/A,N/A,A process in the process pool was terminated abruptly while the future was running or pending.,-1.0,-1.0,1.0,-1,,,0
2026-08-24T11:28:45,2026-08-24,KMI,ERROR,0,N/A,N/A,0,0.0,0.0,0.0,0.0,0.0,0.0,0.0,2026-08-24,0.0,0.0,0.0,0.0,0.0,0.0,0.0,0.0,0,N/A,-1.0,0.0,0.0,0.0,0.0,N/A,N/A,A process in the process pool was terminated abruptly while the future was running or pending.,-1.0,-1.0,1.0,-1,,,0
2026-08-24T11:28:45,2026-08-24,KO,ERROR,0,N/A,N/A,0,0.0,0.0,0.0,0.0,0.0,0.0,0.0,2026-08-24,0.0,0.0,0.0,0.0,0.0,0.0,0.0,0.0,0,N/A,-1.0,0.0,0.0,0.0,0.0,N/A,N/A,A process in the process pool was terminated abruptly while the future was running or pending.,-1.0,-1.0,1.0,-1,,,0
2026-08-24T11:28:45,2026-08-24,KR,ERROR,0,N/A,N/A,0,0.0,0.0,0.0,0.0,0.0,0.0,0.0,2026-08-24,0.0,0.0,0.0,0.0,0.0,0.0,0.0,0.0,0,N/A,-1.0,0.0,0.0,0.0,0.0,N/A,N/A,A process in the process pool was terminated abruptly while the future was running or pending.,-1.0,-1.0,1.0,-1,,,0
2026-08-24T11:28:45,2026-08-24,KVUE,ERROR,0,N/A,N/A,0,0.0,0.0,0.0,0.0,0.0,0.0,0.0,2026-08-24,0.0,0.0,0.0,0.0,0.0,0.0,0.0,0.0,0,N/A,-1.0,0.0,0.0,0.0,0.0,N/A,N/A,A process in the process pool was terminated abruptly while the future was running or pending.,-1.0,-1.0,1.0,-1,,,0
2026-08-24T11:28:45,2026-08-24,L,ERROR,0,N/A,N/A,0,0.0,0.0,0.0,0.0,0.0,0.0,0.0,2026-08-24,0.0,0.0,0.0,0.0,0.0,0.0,0.0,0.0,0,N/A,-1.0,0.0,0.0,0.0,0.0,N/A,N/A,A process in the process pool was terminated abruptly while the future was running or pending.,-1.0,-1.0,1.0,-1,,,0
2026-08-24T11:28:45,2026-08-24,LDOS,ERROR,0,N/A,N/A,0,0.0,0.0,0.0,0.0,0.0,0.0,0.0,2026-08-24,0.0,0.0,0.0,0.0,0.0,0.0,0.0,0.0,0,N/A,-1.0,0.0,0.0,0.0,0.0,N/A,N/A,A process in the process pool was terminated abruptly while the future was running or pending.,-1.0,-1.0,1.0,-1,,,0
2026-08-24T11:28:45,2026-08-24,LEN,ERROR,0,N/A,N/A,0,0.0,0.0,0.0,0.0,0.0,0.0,0.0,2026-08-24,0.0,0.0,0.0,0.0,0.0,0.0,0.0,0.0,0,N/A,-1.0,0.0,0.0,0.0,0.0,N/A,N/A,A process in the process pool was terminated abruptly while the future was running or pending.,-1.0,-1.0,1.0,-1,,,0
2026-08-24T11:28:45,2026-08-24,LH,ERROR,0,N/A,N/A,0,0.0,0.0,0.0,0.0,0.0,0.0,0.0,2026-08-24,0.0,0.0,0.0,0.0,0.0,0.0,0.0,0.0,0,N/A,-1.0,0.0,0.0,0.0,0.0,N/A,N/A,A process in the process pool was terminated abruptly while the future was running or pending.,-1.0,-1.0,1.0,-1,,,0
2026-08-24T11:28:45,2026-08-24,LHX,ERROR,0,N/A,N/A,0,0.0,0.0,0.0,0.0,0.0,0.0,0.0,2026-08-24,0.0,0.0,0.0,0.0,0.0,0.0,0.0,0.0,0,N/A,-1.0,0.0,0.0,0.0,0.0,N/A,N/A,A process in the process pool was terminated abruptly while the future was running or pending.,-1.0,-1.0,1.0,-1,,,0
2026-08-24T11:28:45,2026-08-24,LII,ERROR,0,N/A,N/A,0,0.0,0.0,0.0,0.0,0.0,0.0,0.0,2026-08-24,0.0,0.0,0.0,0.0,0.0,0.0,0.0,0.0,0,N/A,-1.0,0.0,0.0,0.0,0.0,N/A,N/A,A process in the process pool was terminated abruptly while the future was running or pending.,-1.0,-1.0,1.0,-1,,,0
2026-08-24T11:28:45,2026-08-24,LIN,ERROR,0,N/A,N/A,0,0.0,0.0,0.0,0.0,0.0,0.0,0.0,2026-08-24,0.0,0.0,0.0,0.0,0.0,0.0,0.0,0.0,0,N/A,-1.0,0.0,0.0,0.0,0.0,N/A,N/A,A process in the process pool was terminated abruptly while the future was running or pending.,-1.0,-1.0,1.0,-1,,,0
2026-08-24T11:28:45,2026-08-24,LITE,ERROR,0,N/A,N/A,0,0.0,0.0,0.0,0.0,0.0,0.0,0.0,2026-08-24,0.0,0.0,0.0,0.0,0.0,0.0,0.0,0.0,0,N/A,-1.0,0.0,0.0,0.0,0.0,N/A,N/A,A process in the process pool was terminated abruptly while the future was running or pending.,-1.0,-1.0,1.0,-1,,,0
2026-08-24T11:28:45,2026-08-24,LLY,ERROR,0,N/A,N/A,0,0.0,0.0,0.0,0.0,0.0,0.0,0.0,2026-08-24,0.0,0.0,0.0,0.0,0.0,0.0,0.0,0.0,0,N/A,-1.0,0.0,0.0,0.0,0.0,N/A,N/A,A process in the process pool was terminated abruptly while the future was running or pending.,-1.0,-1.0,1.0,-1,,,0
2026-08-24T11:28:45,2026-08-24,LMT,ERROR,0,N/A,N/A,0,0.0,0.0,0.0,0.0,0.0,0.0,0.0,2026-08-24,0.0,0.0,0.0,0.0,0.0,0.0,0.0,0.0,0,N/A,-1.0,0.0,0.0,0.0,0.0,N/A,N/A,A process in the process pool was terminated abruptly while the future was running or pending.,-1.0,-1.0,1.0,-1,,,0
2026-08-24T11:28:45,2026-08-24,LNT,ERROR,0,N/A,N/A,0,0.0,0.0,0.0,0.0,0.0,0.0,0.0,2026-08-24,0.0,0.0,0.0,0.0,0.0,0.0,0.0,0.0,0,N/A,-1.0,0.0,0.0,0.0,0.0,N/A,N/A,A process in the process pool was terminated abruptly while the future was running or pending.,-1.0,-1.0,1.0,-1,,,0
2026-08-24T11:28:45,2026-08-24,LOW,ERROR,0,N/A,N/A,0,0.0,0.0,0.0,0.0,0.0,0.0,0.0,2026-08-24,0.0,0.0,0.0,0.0,0.0,0.0,0.0,0.0,0,N/A,-1.0,0.0,0.0,0.0,0.0,N/A,N/A,A process in the process pool was terminated abruptly while the future was running or pending.,-1.0,-1.0,1.0,-1,,,0
2026-08-24T11:28:45,2026-08-24,LRCX,ERROR,0,N/A,N/A,0,0.0,0.0,0.0,0.0,0.0,0.0,0.0,2026-08-24,0.0,0.0,0.0,0.0,0.0,0.0,0.0,0.0,0,N/A,-1.0,0.0,0.0,0.0,0.0,N/A,N/A,A process in the process pool was terminated abruptly while the future was running or pending.,-1.0,-1.0,1.0,-1,,,0
2026-08-24T11:28:45,2026-08-24,LULU,ERROR,0,N/A,N/A,0,0.0,0.0,0.0,0.0,0.0,0.0,0.0,2026-08-24,0.0,0.0,0.0,0.0,0.0,0.0,0.0,0.0,0,N/A,-1.0,0.0,0.0,0.0,0.0,N/A,N/A,A process in the process pool was terminated abruptly while the future was running or pending.,-1.0,-1.0,1.0,-1,,,0
2026-08-24T11:28:45,2026-08-24,LUV,ERROR,0,N/A,N/A,0,0.0,0.0,0.0,0.0,0.0,0.0,0.0,2026-08-24,0.0,0.0,0.0,0.0,0.0,0.0,0.0,0.0,0,N/A,-1.0,0.0,0.0,0.0,0.0,N/A,N/A,A process in the process pool was terminated abruptly while the future was running or pending.,-1.0,-1.0,1.0,-1,,,0
2026-08-24T11:28:45,2026-08-24,LVS,ERROR,0,N/A,N/A,0,0.0,0.0,0.0,0.0,0.0,0.0,0.0,2026-08-24,0.0,0.0,0.0,0.0,0.0,0.0,0.0,0.0,0,N/A,-1.0,0.0,0.0,0.0,0.0,N/A,N/A,A process in the process pool was terminated abruptly while the future was running or pending.,-1.0,-1.0,1.0,-1,,,0
2026-08-24T11:28:45,2026-08-24,LYB,ERROR,0,N/A,N/A,0,0.0,0.0,0.0,0.0,0.0,0.0,0.0,2026-08-24,0.0,0.0,0.0,0.0,0.0,0.0,0.0,0.0,0,N/A,-1.0,0.0,0.0,0.0,0.0,N/A,N/A,A process in the process pool was terminated abruptly while the future was running or pending.,-1.0,-1.0,1.0,-1,,,0
2026-08-24T11:28:45,2026-08-24,LYV,ERROR,0,N/A,N/A,0,0.0,0.0,0.0,0.0,0.0,0.0,0.0,2026-08-24,0.0,0.0,0.0,0.0,0.0,0.0,0.0,0.0,0,N/A,-1.0,0.0,0.0,0.0,0.0,N/A,N/A,A process in the process pool was terminated abruptly while the future was running or pending.,-1.0,-1.0,1.0,-1,,,0
2026-08-24T11:28:45,2026-08-24,MA,ERROR,0,N/A,N/A,0,0.0,0.0,0.0,0.0,0.0,0.0,0.0,2026-08-24,0.0,0.0,0.0,0.0,0.0,0.0,0.0,0.0,0,N/A,-1.0,0.0,0.0,0.0,0.0,N/A,N/A,A process in the process pool was terminated abruptly while the future was running or pending.,-1.0,-1.0,1.0,-1,,,0
2026-08-24T11:28:45,2026-08-24,MAA,ERROR,0,N/A,N/A,0,0.0,0.0,0.0,0.0,0.0,0.0,0.0,2026-08-24,0.0,0.0,0.0,0.0,0.0,0.0,0.0,0.0,0,N/A,-1.0,0.0,0.0,0.0,0.0,N/A,N/A,A process in the process pool was terminated abruptly while the future was running or pending.,-1.0,-1.0,1.0,-1,,,0
2026-08-24T11:28:45,2026-08-24,MAR,ERROR,0,N/A,N/A,0,0.0,0.0,0.0,0.0,0.0,0.0,0.0,2026-08-24,0.0,0.0,0.0,0.0,0.0,0.0,0.0,0.0,0,N/A,-1.0,0.0,0.0,0.0,0.0,N/A,N/A,A process in the process pool was terminated abruptly while the future was running or pending.,-1.0,-1.0,1.0,-1,,,0
2026-08-24T11:28:45,2026-08-24,MAS,ERROR,0,N/A,N/A,0,0.0,0.0,0.0,0.0,0.0,0.0,0.0,2026-08-24,0.0,0.0,0.0,0.0,0.0,0.0,0.0,0.0,0,N/A,-1.0,0.0,0.0,0.0,0.0,N/A,N/A,A process in the process pool was terminated abruptly while the future was running or pending.,-1.0,-1.0,1.0,-1,,,0
2026-08-24T11:28:45,2026-08-24,MCD,ERROR,0,N/A,N/A,0,0.0,0.0,0.0,0.0,0.0,0.0,0.0,2026-08-24,0.0,0.0,0.0,0.0,0.0,0.0,0.0,0.0,0,N/A,-1.0,0.0,0.0,0.0,0.0,N/A,N/A,A process in the process pool was terminated abruptly while the future was running or pending.,-1.0,-1.0,1.0,-1,,,0
2026-08-24T11:28:45,2026-08-24,MCHP,ERROR,0,N/A,N/A,0,0.0,0.0,0.0,0.0,0.0,0.0,0.0,2026-08-24,0.0,0.0,0.0,0.0,0.0,0.0,0.0,0.0,0,N/A,-1.0,0.0,0.0,0.0,0.0,N/A,N/A,A process in the process pool was terminated abruptly while the future was running or pending.,-1.0,-1.0,1.0,-1,,,0
2026-08-24T11:28:45,2026-08-24,MCK,ERROR,0,N/A,N/A,0,0.0,0.0,0.0,0.0,0.0,0.0,0.0,2026-08-24,0.0,0.0,0.0,0.0,0.0,0.0,0.0,0.0,0,N/A,-1.0,0.0,0.0,0.0,0.0,N/A,N/A,A process in the process pool was terminated abruptly while the future was running or pending.,-1.0,-1.0,1.0,-1,,,0
2026-08-24T11:28:45,2026-08-24,MCO,ERROR,0,N/A,N/A,0,0.0,0.0,0.0,0.0,0.0,0.0,0.0,2026-08-24,0.0,0.0,0.0,0.0,0.0,0.0,0.0,0.0,0,N/A,-1.0,0.0,0.0,0.0,0.0,N/A,N/A,A process in the process pool was terminated abruptly while the future was running or pending.,-1.0,-1.0,1.0,-1,,,0
2026-08-24T11:28:45,2026-08-24,MDLZ,ERROR,0,N/A,N/A,0,0.0,0.0,0.0,0.0,0.0,0.0,0.0,2026-08-24,0.0,0.0,0.0,0.0,0.0,0.0,0.0,0.0,0,N/A,-1.0,0.0,0.0,0.0,0.0,N/A,N/A,A process in the process pool was terminated abruptly while the future was running or pending.,-1.0,-1.0,1.0,-1,,,0
2026-08-24T11:28:45,2026-08-24,MDT,ERROR,0,N/A,N/A,0,0.0,0.0,0.0,0.0,0.0,0.0,0.0,2026-08-24,0.0,0.0,0.0,0.0,0.0,0.0,0.0,0.0,0,N/A,-1.0,0.0,0.0,0.0,0.0,N/A,N/A,A process in the process pool was terminated abruptly while the future was running or pending.,-1.0,-1.0,1.0,-1,,,0
2026-08-24T11:28:45,2026-08-24,MET,ERROR,0,N/A,N/A,0,0.0,0.0,0.0,0.0,0.0,0.0,0.0,2026-08-24,0.0,0.0,0.0,0.0,0.0,0.0,0.0,0.0,0,N/A,-1.0,0.0,0.0,0.0,0.0,N/A,N/A,A process in the process pool was terminated abruptly while the future was running or pending.,-1.0,-1.0,1.0,-1,,,0
2026-08-24T11:28:45,2026-08-24,META,ERROR,0,N/A,N/A,0,0.0,0.0,0.0,0.0,0.0,0.0,0.0,2026-08-24,0.0,0.0,0.0,0.0,0.0,0.0,0.0,0.0,0,N/A,-1.0,0.0,0.0,0.0,0.0,N/A,N/A,A process in the process pool was terminated abruptly while the future was running or pending.,-1.0,-1.0,1.0,-1,,,0
2026-08-24T11:28:45,2026-08-24,MGM,ERROR,0,N/A,N/A,0,0.0,0.0,0.0,0.0,0.0,0.0,0.0,2026-08-24,0.0,0.0,0.0,0.0,0.0,0.0,0.0,0.0,0,N/A,-1.0,0.0,0.0,0.0,0.0,N/A,N/A,A process in the process pool was terminated abruptly while the future was running or pending.,-1.0,-1.0,1.0,-1,,,0
2026-08-24T11:28:45,2026-08-24,MKC,ERROR,0,N/A,N/A,0,0.0,0.0,0.0,0.0,0.0,0.0,0.0,2026-08-24,0.0,0.0,0.0,0.0,0.0,0.0,0.0,0.0,0,N/A,-1.0,0.0,0.0,0.0,0.0,N/A,N/A,A process in the process pool was terminated abruptly while the future was running or pending.,-1.0,-1.0,1.0,-1,,,0
2026-08-24T11:28:45,2026-08-24,MLM,ERROR,0,N/A,N/A,0,0.0,0.0,0.0,0.0,0.0,0.0,0.0,2026-08-24,0.0,0.0,0.0,0.0,0.0,0.0,0.0,0.0,0,N/A,-1.0,0.0,0.0,0.0,0.0,N/A,N/A,A process in the process pool was terminated abruptly while the future was running or pending.,-1.0,-1.0,1.0,-1,,,0
2026-08-24T11:28:45,2026-08-24,MMM,ERROR,0,N/A,N/A,0,0.0,0.0,0.0,0.0,0.0,0.0,0.0,2026-08-24,0.0,0.0,0.0,0.0,0.0,0.0,0.0,0.0,0,N/A,-1.0,0.0,0.0,0.0,0.0,N/A,N/A,A process in the process pool was terminated abruptly while the future was running or pending.,-1.0,-1.0,1.0,-1,,,0
2026-08-24T11:28:45,2026-08-24,MNST,ERROR,0,N/A,N/A,0,0.0,0.0,0.0,0.0,0.0,0.0,0.0,2026-08-24,0.0,0.0,0.0,0.0,0.0,0.0,0.0,0.0,0,N/A,-1.0,0.0,0.0,0.0,0.0,N/A,N/A,A process in the process pool was terminated abruptly while the future was running or pending.,-1.0,-1.0,1.0,-1,,,0
2026-08-24T11:28:45,2026-08-24,MO,ERROR,0,N/A,N/A,0,0.0,0.0,0.0,0.0,0.0,0.0,0.0,2026-08-24,0.0,0.0,0.0,0.0,0.0,0.0,0.0,0.0,0,N/A,-1.0,0.0,0.0,0.0,0.0,N/A,N/A,A process in the process pool was terminated abruptly while the future was running or pending.,-1.0,-1.0,1.0,-1,,,0
2026-08-24T11:28:45,2026-08-24,MOS,ERROR,0,N/A,N/A,0,0.0,0.0,0.0,0.0,0.0,0.0,0.0,2026-08-24,0.0,0.0,0.0,0.0,0.0,0.0,0.0,0.0,0,N/A,-1.0,0.0,0.0,0.0,0.0,N/A,N/A,A process in the process pool was terminated abruptly while the future was running or pending.,-1.0,-1.0,1.0,-1,,,0
2026-08-24T11:28:45,2026-08-24,MPC,ERROR,0,N/A,N/A,0,0.0,0.0,0.0,0.0,0.0,0.0,0.0,2026-08-24,0.0,0.0,0.0,0.0,0.0,0.0,0.0,0.0,0,N/A,-1.0,0.0,0.0,0.0,0.0,N/A,N/A,A process in the process pool was terminated abruptly while the future was running or pending.,-1.0,-1.0,1.0,-1,,,0
2026-08-24T11:28:45,2026-08-24,MPWR,ERROR,0,N/A,N/A,0,0.0,0.0,0.0,0.0,0.0,0.0,0.0,2026-08-24,0.0,0.0,0.0,0.0,0.0,0.0,0.0,0.0,0,N/A,-1.0,0.0,0.0,0.0,0.0,N/A,N/A,A process in the process pool was terminated abruptly while the future was running or pending.,-1.0,-1.0,1.0,-1,,,0
2026-08-24T11:28:45,2026-08-24,MRK,ERROR,0,N/A,N/A,0,0.0,0.0,0.0,0.0,0.0,0.0,0.0,2026-08-24,0.0,0.0,0.0,0.0,0.0,0.0,0.0,0.0,0,N/A,-1.0,0.0,0.0,0.0,0.0,N/A,N/A,A process in the process pool was terminated abruptly while the future was running or pending.,-1.0,-1.0,1.0,-1,,,0
2026-08-24T11:28:45,2026-08-24,MRNA,ERROR,0,N/A,N/A,0,0.0,0.0,0.0,0.0,0.0,0.0,0.0,2026-08-24,0.0,0.0,0.0,0.0,0.0,0.0,0.0,0.0,0,N/A,-1.0,0.0,0.0,0.0,0.0,N/A,N/A,A process in the process pool was terminated abruptly while the future was running or pending.,-1.0,-1.0,1.0,-1,,,0
2026-08-24T11:28:45,2026-08-24,MRSH,ERROR,0,N/A,N/A,0,0.0,0.0,0.0,0.0,0.0,0.0,0.0,2026-08-24,0.0,0.0,0.0,0.0,0.0,0.0,0.0,0.0,0,N/A,-1.0,0.0,0.0,0.0,0.0,N/A,N/A,A process in the process pool was terminated abruptly while the future was running or pending.,-1.0,-1.0,1.0,-1,,,0
2026-08-24T11:28:45,2026-08-24,MRVL,ERROR,0,N/A,N/A,0,0.0,0.0,0.0,0.0,0.0,0.0,0.0,2026-08-24,0.0,0.0,0.0,0.0,0.0,0.0,0.0,0.0,0,N/A,-1.0,0.0,0.0,0.0,0.0,N/A,N/A,A process in the process pool was terminated abruptly while the future was running or pending.,-1.0,-1.0,1.0,-1,,,0
2026-08-24T11:28:45,2026-08-24,MS,ERROR,0,N/A,N/A,0,0.0,0.0,0.0,0.0,0.0,0.0,0.0,2026-08-24,0.0,0.0,0.0,0.0,0.0,0.0,0.0,0.0,0,N/A,-1.0,0.0,0.0,0.0,0.0,N/A,N/A,A process in the process pool was terminated abruptly while the future was running or pending.,-1.0,-1.0,1.0,-1,,,0
2026-08-24T11:28:45,2026-08-24,MSCI,ERROR,0,N/A,N/A,0,0.0,0.0,0.0,0.0,0.0,0.0,0.0,2026-08-24,0.0,0.0,0.0,0.0,0.0,0.0,0.0,0.0,0,N/A,-1.0,0.0,0.0,0.0,0.0,N/A,N/A,A process in the process pool was terminated abruptly while the future was running or pending.,-1.0,-1.0,1.0,-1,,,0
2026-08-24T11:28:45,2026-08-24,MSFT,ERROR,0,N/A,N/A,0,0.0,0.0,0.0,0.0,0.0,0.0,0.0,2026-08-24,0.0,0.0,0.0,0.0,0.0,0.0,0.0,0.0,0,N/A,-1.0,0.0,0.0,0.0,0.0,N/A,N/A,A process in the process pool was terminated abruptly while the future was running or pending.,-1.0,-1.0,1.0,-1,,,0
2026-08-24T11:28:45,2026-08-24,MSI,ERROR,0,N/A,N/A,0,0.0,0.0,0.0,0.0,0.0,0.0,0.0,2026-08-24,0.0,0.0,0.0,0.0,0.0,0.0,0.0,0.0,0,N/A,-1.0,0.0,0.0,0.0,0.0,N/A,N/A,A process in the process pool was terminated abruptly while the future was running or pending.,-1.0,-1.0,1.0,-1,,,0
2026-08-24T11:28:45,2026-08-24,MTB,ERROR,0,N/A,N/A,0,0.0,0.0,0.0,0.0,0.0,0.0,0.0,2026-08-24,0.0,0.0,0.0,0.0,0.0,0.0,0.0,0.0,0,N/A,-1.0,0.0,0.0,0.0,0.0,N/A,N/A,A process in the process pool was terminated abruptly while the future was running or pending.,-1.0,-1.0,1.0,-1,,,0
2026-08-24T11:28:45,2026-08-24,MTD,ERROR,0,N/A,N/A,0,0.0,0.0,0.0,0.0,0.0,0.0,0.0,2026-08-24,0.0,0.0,0.0,0.0,0.0,0.0,0.0,0.0,0,N/A,-1.0,0.0,0.0,0.0,0.0,N/A,N/A,A process in the process pool was terminated abruptly while the future was running or pending.,-1.0,-1.0,1.0,-1,,,0
2026-08-24T11:28:45,2026-08-24,MU,ERROR,0,N/A,N/A,0,0.0,0.0,0.0,0.0,0.0,0.0,0.0,2026-08-24,0.0,0.0,0.0,0.0,0.0,0.0,0.0,0.0,0,N/A,-1.0,0.0,0.0,0.0,0.0,N/A,N/A,A process in the process pool was terminated abruptly while the future was running or pending.,-1.0,-1.0,1.0,-1,,,0
2026-08-24T11:28:45,2026-08-24,NCLH,ERROR,0,N/A,N/A,0,0.0,0.0,0.0,0.0,0.0,0.0,0.0,2026-08-24,0.0,0.0,0.0,0.0,0.0,0.0,0.0,0.0,0,N/A,-1.0,0.0,0.0,0.0,0.0,N/A,N/A,A process in the process pool was terminated abruptly while the future was running or pending.,-1.0,-1.0,1.0,-1,,,0
2026-08-24T11:28:45,2026-08-24,NDAQ,ERROR,0,N/A,N/A,0,0.0,0.0,0.0,0.0,0.0,0.0,0.0,2026-08-24,0.0,0.0,0.0,0.0,0.0,0.0,0.0,0.0,0,N/A,-1.0,0.0,0.0,0.0,0.0,N/A,N/A,A process in the process pool was terminated abruptly while the future was running or pending.,-1.0,-1.0,1.0,-1,,,0
2026-08-24T11:28:45,2026-08-24,NDSN,ERROR,0,N/A,N/A,0,0.0,0.0,0.0,0.0,0.0,0.0,0.0,2026-08-24,0.0,0.0,0.0,0.0,0.0,0.0,0.0,0.0,0,N/A,-1.0,0.0,0.0,0.0,0.0,N/A,N/A,A process in the process pool was terminated abruptly while the future was running or pending.,-1.0,-1.0,1.0,-1,,,0
2026-08-24T11:28:45,2026-08-24,NEE,ERROR,0,N/A,N/A,0,0.0,0.0,0.0,0.0,0.0,0.0,0.0,2026-08-24,0.0,0.0,0.0,0.0,0.0,0.0,0.0,0.0,0,N/A,-1.0,0.0,0.0,0.0,0.0,N/A,N/A,A process in the process pool was terminated abruptly while the future was running or pending.,-1.0,-1.0,1.0,-1,,,0
2026-08-24T11:28:45,2026-08-24,NEM,ERROR,0,N/A,N/A,0,0.0,0.0,0.0,0.0,0.0,0.0,0.0,2026-08-24,0.0,0.0,0.0,0.0,0.0,0.0,0.0,0.0,0,N/A,-1.0,0.0,0.0,0.0,0.0,N/A,N/A,A process in the process pool was terminated abruptly while the future was running or pending.,-1.0,-1.0,1.0,-1,,,0
2026-08-24T11:28:45,2026-08-24,NFLX,ERROR,0,N/A,N/A,0,0.0,0.0,0.0,0.0,0.0,0.0,0.0,2026-08-24,0.0,0.0,0.0,0.0,0.0,0.0,0.0,0.0,0,N/A,-1.0,0.0,0.0,0.0,0.0,N/A,N/A,A process in the process pool was terminated abruptly while the future was running or pending.,-1.0,-1.0,1.0,-1,,,0
2026-08-24T11:28:45,2026-08-24,NI,ERROR,0,N/A,N/A,0,0.0,0.0,0.0,0.0,0.0,0.0,0.0,2026-08-24,0.0,0.0,0.0,0.0,0.0,0.0,0.0,0.0,0,N/A,-1.0,0.0,0.0,0.0,0.0,N/A,N/A,A process in the process pool was terminated abruptly while the future was running or pending.,-1.0,-1.0,1.0,-1,,,0
2026-08-24T11:28:45,2026-08-24,NKE,ERROR,0,N/A,N/A,0,0.0,0.0,0.0,0.0,0.0,0.0,0.0,2026-08-24,0.0,0.0,0.0,0.0,0.0,0.0,0.0,0.0,0,N/A,-1.0,0.0,0.0,0.0,0.0,N/A,N/A,A process in the process pool was terminated abruptly while the future was running or pending.,-1.0,-1.0,1.0,-1,,,0
2026-08-24T11:28:45,2026-08-24,NOC,ERROR,0,N/A,N/A,0,0.0,0.0,0.0,0.0,0.0,0.0,0.0,2026-08-24,0.0,0.0,0.0,0.0,0.0,0.0,0.0,0.0,0,N/A,-1.0,0.0,0.0,0.0,0.0,N/A,N/A,A process in the process pool was terminated abruptly while the future was running or pending.,-1.0,-1.0,1.0,-1,,,0
2026-08-24T11:28:45,2026-08-24,NOW,ERROR,0,N/A,N/A,0,0.0,0.0,0.0,0.0,0.0,0.0,0.0,2026-08-24,0.0,0.0,0.0,0.0,0.0,0.0,0.0,0.0,0,N/A,-1.0,0.0,0.0,0.0,0.0,N/A,N/A,A process in the process pool was terminated abruptly while the future was running or pending.,-1.0,-1.0,1.0,-1,,,0
2026-08-24T11:28:45,2026-08-24,NRG,ERROR,0,N/A,N/A,0,0.0,0.0,0.0,0.0,0.0,0.0,0.0,2026-08-24,0.0,0.0,0.0,0.0,0.0,0.0,0.0,0.0,0,N/A,-1.0,0.0,0.0,0.0,0.0,N/A,N/A,A process in the process pool was terminated abruptly while the future was running or pending.,-1.0,-1.0,1.0,-1,,,0
2026-08-24T11:28:45,2026-08-24,NSC,ERROR,0,N/A,N/A,0,0.0,0.0,0.0,0.0,0.0,0.0,0.0,2026-08-24,0.0,0.0,0.0,0.0,0.0,0.0,0.0,0.0,0,N/A,-1.0,0.0,0.0,0.0,0.0,N/A,N/A,A process in the process pool was terminated abruptly while the future was running or pending.,-1.0,-1.0,1.0,-1,,,0
2026-08-24T11:28:45,2026-08-24,NTAP,ERROR,0,N/A,N/A,0,0.0,0.0,0.0,0.0,0.0,0.0,0.0,2026-08-24,0.0,0.0,0.0,0.0,0.0,0.0,0.0,0.0,0,N/A,-1.0,0.0,0.0,0.0,0.0,N/A,N/A,A process in the process pool was terminated abruptly while the future was running or pending.,-1.0,-1.0,1.0,-1,,,0
2026-08-24T11:28:45,2026-08-24,NTRS,ERROR,0,N/A,N/A,0,0.0,0.0,0.0,0.0,0.0,0.0,0.0,2026-08-24,0.0,0.0,0.0,0.0,0.0,0.0,0.0,0.0,0,N/A,-1.0,0.0,0.0,0.0,0.0,N/A,N/A,A process in the process pool was terminated abruptly while the future was running or pending.,-1.0,-1.0,1.0,-1,,,0
2026-08-24T11:28:45,2026-08-24,NUE,ERROR,0,N/A,N/A,0,0.0,0.0,0.0,0.0,0.0,0.0,0.0,2026-08-24,0.0,0.0,0.0,0.0,0.0,0.0,0.0,0.0,0,N/A,-1.0,0.0,0.0,0.0,0.0,N/A,N/A,A process in the process pool was terminated abruptly while the future was running or pending.,-1.0,-1.0,1.0,-1,,,0
2026-08-24T11:28:45,2026-08-24,NVDA,ERROR,0,N/A,N/A,0,0.0,0.0,0.0,0.0,0.0,0.0,0.0,2026-08-24,0.0,0.0,0.0,0.0,0.0,0.0,0.0,0.0,0,N/A,-1.0,0.0,0.0,0.0,0.0,N/A,N/A,A process in the process pool was terminated abruptly while the future was running or pending.,-1.0,-1.0,1.0,-1,,,0
2026-08-24T11:28:45,2026-08-24,NVR,ERROR,0,N/A,N/A,0,0.0,0.0,0.0,0.0,0.0,0.0,0.0,2026-08-24,0.0,0.0,0.0,0.0,0.0,0.0,0.0,0.0,0,N/A,-1.0,0.0,0.0,0.0,0.0,N/A,N/A,A process in the process pool was terminated abruptly while the future was running or pending.,-1.0,-1.0,1.0,-1,,,0
2026-08-24T11:28:45,2026-08-24,NWS,ERROR,0,N/A,N/A,0,0.0,0.0,0.0,0.0,0.0,0.0,0.0,2026-08-24,0.0,0.0,0.0,0.0,0.0,0.0,0.0,0.0,0,N/A,-1.0,0.0,0.0,0.0,0.0,N/A,N/A,A process in the process pool was terminated abruptly while the future was running or pending.,-1.0,-1.0,1.0,-1,,,0
2026-08-24T11:28:45,2026-08-24,NWSA,ERROR,0,N/A,N/A,0,0.0,0.0,0.0,0.0,0.0,0.0,0.0,2026-08-24,0.0,0.0,0.0,0.0,0.0,0.0,0.0,0.0,0,N/A,-1.0,0.0,0.0,0.0,0.0,N/A,N/A,A process in the process pool was terminated abruptly while the future was running or pending.,-1.0,-1.0,1.0,-1,,,0
2026-08-24T11:28:45,2026-08-24,NXPI,ERROR,0,N/A,N/A,0,0.0,0.0,0.0,0.0,0.0,0.0,0.0,2026-08-24,0.0,0.0,0.0,0.0,0.0,0.0,0.0,0.0,0,N/A,-1.0,0.0,0.0,0.0,0.0,N/A,N/A,A process in the process pool was terminated abruptly while the future was running or pending.,-1.0,-1.0,1.0,-1,,,0
2026-08-24T11:28:45,2026-08-24,O,ERROR,0,N/A,N/A,0,0.0,0.0,0.0,0.0,0.0,0.0,0.0,2026-08-24,0.0,0.0,0.0,0.0,0.0,0.0,0.0,0.0,0,N/A,-1.0,0.0,0.0,0.0,0.0,N/A,N/A,A process in the process pool was terminated abruptly while the future was running or pending.,-1.0,-1.0,1.0,-1,,,0
2026-08-24T11:28:45,2026-08-24,ODFL,ERROR,0,N/A,N/A,0,0.0,0.0,0.0,0.0,0.0,0.0,0.0,2026-08-24,0.0,0.0,0.0,0.0,0.0,0.0,0.0,0.0,0,N/A,-1.0,0.0,0.0,0.0,0.0,N/A,N/A,A process in the process pool was terminated abruptly while the future was running or pending.,-1.0,-1.0,1.0,-1,,,0
2026-08-24T11:28:45,2026-08-24,OKE,ERROR,0,N/A,N/A,0,0.0,0.0,0.0,0.0,0.0,0.0,0.0,2026-08-24,0.0,0.0,0.0,0.0,0.0,0.0,0.0,0.0,0,N/A,-1.0,0.0,0.0,0.0,0.0,N/A,N/A,A process in the process pool was terminated abruptly while the future was running or pending.,-1.0,-1.0,1.0,-1,,,0
2026-08-24T11:28:45,2026-08-24,OMC,ERROR,0,N/A,N/A,0,0.0,0.0,0.0,0.0,0.0,0.0,0.0,2026-08-24,0.0,0.0,0.0,0.0,0.0,0.0,0.0,0.0,0,N/A,-1.0,0.0,0.0,0.0,0.0,N/A,N/A,A process in the process pool was terminated abruptly while the future was running or pending.,-1.0,-1.0,1.0,-1,,,0
2026-08-24T11:28:45,2026-08-24,ON,ERROR,0,N/A,N/A,0,0.0,0.0,0.0,0.0,0.0,0.0,0.0,2026-08-24,0.0,0.0,0.0,0.0,0.0,0.0,0.0,0.0,0,N/A,-1.0,0.0,0.0,0.0,0.0,N/A,N/A,A process in the process pool was terminated abruptly while the future was running or pending.,-1.0,-1.0,1.0,-1,,,0
2026-08-24T11:28:45,2026-08-24,ORCL,ERROR,0,N/A,N/A,0,0.0,0.0,0.0,0.0,0.0,0.0,0.0,2026-08-24,0.0,0.0,0.0,0.0,0.0,0.0,0.0,0.0,0,N/A,-1.0,0.0,0.0,0.0,0.0,N/A,N/A,A process in the process pool was terminated abruptly while the future was running or pending.,-1.0,-1.0,1.0,-1,,,0
2026-08-24T11:28:45,2026-08-24,ORLY,ERROR,0,N/A,N/A,0,0.0,0.0,0.0,0.0,0.0,0.0,0.0,2026-08-24,0.0,0.0,0.0,0.0,0.0,0.0,0.0,0.0,0,N/A,-1.0,0.0,0.0,0.0,0.0,N/A,N/A,A process in the process pool was terminated abruptly while the future was running or pending.,-1.0,-1.0,1.0,-1,,,0
2026-08-24T11:28:45,2026-08-24,OTIS,ERROR,0,N/A,N/A,0,0.0,0.0,0.0,0.0,0.0,0.0,0.0,2026-08-24,0.0,0.0,0.0,0.0,0.0,0.0,0.0,0.0,0,N/A,-1.0,0.0,0.0,0.0,0.0,N/A,N/A,A process in the process pool was terminated abruptly while the future was running or pending.,-1.0,-1.0,1.0,-1,,,0
2026-08-24T11:28:45,2026-08-24,OXY,ERROR,0,N/A,N/A,0,0.0,0.0,0.0,0.0,0.0,0.0,0.0,2026-08-24,0.0,0.0,0.0,0.0,0.0,0.0,0.0,0.0,0,N/A,-1.0,0.0,0.0,0.0,0.0,N/A,N/A,A process in the process pool was terminated abruptly while the future was running or pending.,-1.0,-1.0,1.0,-1,,,0
2026-08-24T11:28:45,2026-08-24,PANW,ERROR,0,N/A,N/A,0,0.0,0.0,0.0,0.0,0.0,0.0,0.0,2026-08-24,0.0,0.0,0.0,0.0,0.0,0.0,0.0,0.0,0,N/A,-1.0,0.0,0.0,0.0,0.0,N/A,N/A,A process in the process pool was terminated abruptly while the future was running or pending.,-1.0,-1.0,1.0,-1,,,0
2026-08-24T11:28:45,2026-08-24,PAYX,ERROR,0,N/A,N/A,0,0.0,0.0,0.0,0.0,0.0,0.0,0.0,2026-08-24,0.0,0.0,0.0,0.0,0.0,0.0,0.0,0.0,0,N/A,-1.0,0.0,0.0,0.0,0.0,N/A,N/A,A process in the process pool was terminated abruptly while the future was running or pending.,-1.0,-1.0,1.0,-1,,,0
2026-08-24T11:28:45,2026-08-24,PCAR,ERROR,0,N/A,N/A,0,0.0,0.0,0.0,0.0,0.0,0.0,0.0,2026-08-24,0.0,0.0,0.0,0.0,0.0,0.0,0.0,0.0,0,N/A,-1.0,0.0,0.0,0.0,0.0,N/A,N/A,A process in the process pool was terminated abruptly while the future was running or pending.,-1.0,-1.0,1.0,-1,,,0
2026-08-24T11:28:45,2026-08-24,PCG,ERROR,0,N/A,N/A,0,0.0,0.0,0.0,0.0,0.0,0.0,0.0,2026-08-24,0.0,0.0,0.0,0.0,0.0,0.0,0.0,0.0,0,N/A,-1.0,0.0,0.0,0.0,0.0,N/A,N/A,A process in the process pool was terminated abruptly while the future was running or pending.,-1.0,-1.0,1.0,-1,,,0
2026-08-24T11:28:45,2026-08-24,PEG,ERROR,0,N/A,N/A,0,0.0,0.0,0.0,0.0,0.0,0.0,0.0,2026-08-24,0.0,0.0,0.0,0.0,0.0,0.0,0.0,0.0,0,N/A,-1.0,0.0,0.0,0.0,0.0,N/A,N/A,A process in the process pool was terminated abruptly while the future was running or pending.,-1.0,-1.0,1.0,-1,,,0
2026-08-24T11:28:45,2026-08-24,PEP,ERROR,0,N/A,N/A,0,0.0,0.0,0.0,0.0,0.0,0.0,0.0,2026-08-24,0.0,0.0,0.0,0.0,0.0,0.0,0.0,0.0,0,N/A,-1.0,0.0,0.0,0.0,0.0,N/A,N/A,A process in the process pool was terminated abruptly while the future was running or pending.,-1.0,-1.0,1.0,-1,,,0
2026-08-24T11:28:45,2026-08-24,PFE,ERROR,0,N/A,N/A,0,0.0,0.0,0.0,0.0,0.0,0.0,0.0,2026-08-24,0.0,0.0,0.0,0.0,0.0,0.0,0.0,0.0,0,N/A,-1.0,0.0,0.0,0.0,0.0,N/A,N/A,A process in the process pool was terminated abruptly while the future was running or pending.,-1.0,-1.0,1.0,-1,,,0
2026-08-24T11:28:45,2026-08-24,PFG,ERROR,0,N/A,N/A,0,0.0,0.0,0.0,0.0,0.0,0.0,0.0,2026-08-24,0.0,0.0,0.0,0.0,0.0,0.0,0.0,0.0,0,N/A,-1.0,0.0,0.0,0.0,0.0,N/A,N/A,A process in the process pool was terminated abruptly while the future was running or pending.,-1.0,-1.0,1.0,-1,,,0
2026-08-24T11:28:45,2026-08-24,PG,ERROR,0,N/A,N/A,0,0.0,0.0,0.0,0.0,0.0,0.0,0.0,2026-08-24,0.0,0.0,0.0,0.0,0.0,0.0,0.0,0.0,0,N/A,-1.0,0.0,0.0,0.0,0.0,N/A,N/A,A process in the process pool was terminated abruptly while the future was running or pending.,-1.0,-1.0,1.0,-1,,,0
2026-08-24T11:28:45,2026-08-24,PGR,ERROR,0,N/A,N/A,0,0.0,0.0,0.0,0.0,0.0,0.0,0.0,2026-08-24,0.0,0.0,0.0,0.0,0.0,0.0,0.0,0.0,0,N/A,-1.0,0.0,0.0,0.0,0.0,N/A,N/A,A process in the process pool was terminated abruptly while the future was running or pending.,-1.0,-1.0,1.0,-1,,,0
2026-08-24T11:28:45,2026-08-24,PH,ERROR,0,N/A,N/A,0,0.0,0.0,0.0,0.0,0.0,0.0,0.0,2026-08-24,0.0,0.0,0.0,0.0,0.0,0.0,0.0,0.0,0,N/A,-1.0,0.0,0.0,0.0,0.0,N/A,N/A,A process in the process pool was terminated abruptly while the future was running or pending.,-1.0,-1.0,1.0,-1,,,0
2026-08-24T11:28:45,2026-08-24,PHM,ERROR,0,N/A,N/A,0,0.0,0.0,0.0,0.0,0.0,0.0,0.0,2026-08-24,0.0,0.0,0.0,0.0,0.0,0.0,0.0,0.0,0,N/A,-1.0,0.0,0.0,0.0,0.0,N/A,N/A,A process in the process pool was terminated abruptly while the future was running or pending.,-1.0,-1.0,1.0,-1,,,0
2026-08-24T11:28:45,2026-08-24,PKG,ERROR,0,N/A,N/A,0,0.0,0.0,0.0,0.0,0.0,0.0,0.0,2026-08-24,0.0,0.0,0.0,0.0,0.0,0.0,0.0,0.0,0,N/A,-1.0,0.0,0.0,0.0,0.0,N/A,N/A,A process in the process pool was terminated abruptly while the future was running or pending.,-1.0,-1.0,1.0,-1,,,0
2026-08-24T11:28:45,2026-08-24,PLD,ERROR,0,N/A,N/A,0,0.0,0.0,0.0,0.0,0.0,0.0,0.0,2026-08-24,0.0,0.0,0.0,0.0,0.0,0.0,0.0,0.0,0,N/A,-1.0,0.0,0.0,0.0,0.0,N/A,N/A,A process in the process pool was terminated abruptly while the future was running or pending.,-1.0,-1.0,1.0,-1,,,0
2026-08-24T11:28:45,2026-08-24,PLTR,ERROR,0,N/A,N/A,0,0.0,0.0,0.0,0.0,0.0,0.0,0.0,2026-08-24,0.0,0.0,0.0,0.0,0.0,0.0,0.0,0.0,0,N/A,-1.0,0.0,0.0,0.0,0.0,N/A,N/A,A process in the process pool was terminated abruptly while the future was running or pending.,-1.0,-1.0,1.0,-1,,,0
2026-08-24T11:28:45,2026-08-24,PM,ERROR,0,N/A,N/A,0,0.0,0.0,0.0,0.0,0.0,0.0,0.0,2026-08-24,0.0,0.0,0.0,0.0,0.0,0.0,0.0,0.0,0,N/A,-1.0,0.0,0.0,0.0,0.0,N/A,N/A,A process in the process pool was terminated abruptly while the future was running or pending.,-1.0,-1.0,1.0,-1,,,0
2026-08-24T11:28:45,2026-08-24,PNC,ERROR,0,N/A,N/A,0,0.0,0.0,0.0,0.0,0.0,0.0,0.0,2026-08-24,0.0,0.0,0.0,0.0,0.0,0.0,0.0,0.0,0,N/A,-1.0,0.0,0.0,0.0,0.0,N/A,N/A,A process in the process pool was terminated abruptly while the future was running or pending.,-1.0,-1.0,1.0,-1,,,0
2026-08-24T11:28:45,2026-08-24,PNR,ERROR,0,N/A,N/A,0,0.0,0.0,0.0,0.0,0.0,0.0,0.0,2026-08-24,0.0,0.0,0.0,0.0,0.0,0.0,0.0,0.0,0,N/A,-1.0,0.0,0.0,0.0,0.0,N/A,N/A,A process in the process pool was terminated abruptly while the future was running or pending.,-1.0,-1.0,1.0,-1,,,0
2026-08-24T11:28:45,2026-08-24,PNW,ERROR,0,N/A,N/A,0,0.0,0.0,0.0,0.0,0.0,0.0,0.0,2026-08-24,0.0,0.0,0.0,0.0,0.0,0.0,0.0,0.0,0,N/A,-1.0,0.0,0.0,0.0,0.0,N/A,N/A,A process in the process pool was terminated abruptly while the future was running or pending.,-1.0,-1.0,1.0,-1,,,0
2026-08-24T11:28:45,2026-08-24,PODD,ERROR,0,N/A,N/A,0,0.0,0.0,0.0,0.0,0.0,0.0,0.0,2026-08-24,0.0,0.0,0.0,0.0,0.0,0.0,0.0,0.0,0,N/A,-1.0,0.0,0.0,0.0,0.0,N/A,N/A,A process in the process pool was terminated abruptly while the future was running or pending.,-1.0,-1.0,1.0,-1,,,0
2026-08-24T11:28:45,2026-08-24,PPG,ERROR,0,N/A,N/A,0,0.0,0.0,0.0,0.0,0.0,0.0,0.0,2026-08-24,0.0,0.0,0.0,0.0,0.0,0.0,0.0,0.0,0,N/A,-1.0,0.0,0.0,0.0,0.0,N/A,N/A,A process in the process pool was terminated abruptly while the future was running or pending.,-1.0,-1.0,1.0,-1,,,0
2026-08-24T11:28:45,2026-08-24,PPL,ERROR,0,N/A,N/A,0,0.0,0.0,0.0,0.0,0.0,0.0,0.0,2026-08-24,0.0,0.0,0.0,0.0,0.0,0.0,0.0,0.0,0,N/A,-1.0,0.0,0.0,0.0,0.0,N/A,N/A,A process in the process pool was terminated abruptly while the future was running or pending.,-1.0,-1.0,1.0,-1,,,0
2026-08-24T11:28:45,2026-08-24,PRU,ERROR,0,N/A,N/A,0,0.0,0.0,0.0,0.0,0.0,0.0,0.0,2026-08-24,0.0,0.0,0.0,0.0,0.0,0.0,0.0,0.0,0,N/A,-1.0,0.0,0.0,0.0,0.0,N/A,N/A,A process in the process pool was terminated abruptly while the future was running or pending.,-1.0,-1.0,1.0,-1,,,0
2026-08-24T11:28:45,2026-08-24,PSA,ERROR,0,N/A,N/A,0,0.0,0.0,0.0,0.0,0.0,0.0,0.0,2026-08-24,0.0,0.0,0.0,0.0,0.0,0.0,0.0,0.0,0,N/A,-1.0,0.0,0.0,0.0,0.0,N/A,N/A,A process in the process pool was terminated abruptly while the future was running or pending.,-1.0,-1.0,1.0,-1,,,0
2026-08-24T11:28:45,2026-08-24,PSKY,ERROR,0,N/A,N/A,0,0.0,0.0,0.0,0.0,0.0,0.0,0.0,2026-08-24,0.0,0.0,0.0,0.0,0.0,0.0,0.0,0.0,0,N/A,-1.0,0.0,0.0,0.0,0.0,N/A,N/A,A process in the process pool was terminated abruptly while the future was running or pending.,-1.0,-1.0,1.0,-1,,,0
2026-08-24T11:28:45,2026-08-24,PSX,ERROR,0,N/A,N/A,0,0.0,0.0,0.0,0.0,0.0,0.0,0.0,2026-08-24,0.0,0.0,0.0,0.0,0.0,0.0,0.0,0.0,0,N/A,-1.0,0.0,0.0,0.0,0.0,N/A,N/A,A process in the process pool was terminated abruptly while the future was running or pending.,-1.0,-1.0,1.0,-1,,,0
2026-08-24T11:28:45,2026-08-24,PTC,ERROR,0,N/A,N/A,0,0.0,0.0,0.0,0.0,0.0,0.0,0.0,2026-08-24,0.0,0.0,0.0,0.0,0.0,0.0,0.0,0.0,0,N/A,-1.0,0.0,0.0,0.0,0.0,N/A,N/A,A process in the process pool was terminated abruptly while the future was running or pending.,-1.0,-1.0,1.0,-1,,,0
2026-08-24T11:28:45,2026-08-24,PWR,ERROR,0,N/A,N/A,0,0.0,0.0,0.0,0.0,0.0,0.0,0.0,2026-08-24,0.0,0.0,0.0,0.0,0.0,0.0,0.0,0.0,0,N/A,-1.0,0.0,0.0,0.0,0.0,N/A,N/A,A process in the process pool was terminated abruptly while the future was running or pending.,-1.0,-1.0,1.0,-1,,,0
2026-08-24T11:28:45,2026-08-24,PYPL,ERROR,0,N/A,N/A,0,0.0,0.0,0.0,0.0,0.0,0.0,0.0,2026-08-24,0.0,0.0,0.0,0.0,0.0,0.0,0.0,0.0,0,N/A,-1.0,0.0,0.0,0.0,0.0,N/A,N/A,A process in the process pool was terminated abruptly while the future was running or pending.,-1.0,-1.0,1.0,-1,,,0
2026-08-24T11:28:45,2026-08-24,Q,ERROR,0,N/A,N/A,0,0.0,0.0,0.0,0.0,0.0,0.0,0.0,2026-08-24,0.0,0.0,0.0,0.0,0.0,0.0,0.0,0.0,0,N/A,-1.0,0.0,0.0,0.0,0.0,N/A,N/A,A process in the process pool was terminated abruptly while the future was running or pending.,-1.0,-1.0,1.0,-1,,,0
2026-08-24T11:28:45,2026-08-24,QCOM,ERROR,0,N/A,N/A,0,0.0,0.0,0.0,0.0,0.0,0.0,0.0,2026-08-24,0.0,0.0,0.0,0.0,0.0,0.0,0.0,0.0,0,N/A,-1.0,0.0,0.0,0.0,0.0,N/A,N/A,A process in the process pool was terminated abruptly while the future was running or pending.,-1.0,-1.0,1.0,-1,,,0
2026-08-24T11:28:45,2026-08-24,RCL,ERROR,0,N/A,N/A,0,0.0,0.0,0.0,0.0,0.0,0.0,0.0,2026-08-24,0.0,0.0,0.0,0.0,0.0,0.0,0.0,0.0,0,N/A,-1.0,0.0,0.0,0.0,0.0,N/A,N/A,A process in the process pool was terminated abruptly while the future was running or pending.,-1.0,-1.0,1.0,-1,,,0
2026-08-24T11:28:45,2026-08-24,RDDT,ERROR,0,N/A,N/A,0,0.0,0.0,0.0,0.0,0.0,0.0,0.0,2026-08-24,0.0,0.0,0.0,0.0,0.0,0.0,0.0,0.0,0,N/A,-1.0,0.0,0.0,0.0,0.0,N/A,N/A,A process in the process pool was terminated abruptly while the future was running or pending.,-1.0,-1.0,1.0,-1,,,0
2026-08-24T11:28:45,2026-08-24,REG,ERROR,0,N/A,N/A,0,0.0,0.0,0.0,0.0,0.0,0.0,0.0,2026-08-24,0.0,0.0,0.0,0.0,0.0,0.0,0.0,0.0,0,N/A,-1.0,0.0,0.0,0.0,0.0,N/A,N/A,A process in the process pool was terminated abruptly while the future was running or pending.,-1.0,-1.0,1.0,-1,,,0
2026-08-24T11:28:45,2026-08-24,REGN,ERROR,0,N/A,N/A,0,0.0,0.0,0.0,0.0,0.0,0.0,0.0,2026-08-24,0.0,0.0,0.0,0.0,0.0,0.0,0.0,0.0,0,N/A,-1.0,0.0,0.0,0.0,0.0,N/A,N/A,A process in the process pool was terminated abruptly while the future was running or pending.,-1.0,-1.0,1.0,-1,,,0
2026-08-24T11:28:45,2026-08-24,RF,ERROR,0,N/A,N/A,0,0.0,0.0,0.0,0.0,0.0,0.0,0.0,2026-08-24,0.0,0.0,0.0,0.0,0.0,0.0,0.0,0.0,0,N/A,-1.0,0.0,0.0,0.0,0.0,N/A,N/A,A process in the process pool was terminated abruptly while the future was running or pending.,-1.0,-1.0,1.0,-1,,,0
2026-08-24T11:28:45,2026-08-24,RJF,ERROR,0,N/A,N/A,0,0.0,0.0,0.0,0.0,0.0,0.0,0.0,2026-08-24,0.0,0.0,0.0,0.0,0.0,0.0,0.0,0.0,0,N/A,-1.0,0.0,0.0,0.0,0.0,N/A,N/A,A process in the process pool was terminated abruptly while the future was running or pending.,-1.0,-1.0,1.0,-1,,,0
2026-08-24T11:28:45,2026-08-24,RL,ERROR,0,N/A,N/A,0,0.0,0.0,0.0,0.0,0.0,0.0,0.0,2026-08-24,0.0,0.0,0.0,0.0,0.0,0.0,0.0,0.0,0,N/A,-1.0,0.0,0.0,0.0,0.0,N/A,N/A,A process in the process pool was terminated abruptly while the future was running or pending.,-1.0,-1.0,1.0,-1,,,0
2026-08-24T11:28:45,2026-08-24,RMD,ERROR,0,N/A,N/A,0,0.0,0.0,0.0,0.0,0.0,0.0,0.0,2026-08-24,0.0,0.0,0.0,0.0,0.0,0.0,0.0,0.0,0,N/A,-1.0,0.0,0.0,0.0,0.0,N/A,N/A,A process in the process pool was terminated abruptly while the future was running or pending.,-1.0,-1.0,1.0,-1,,,0
2026-08-24T11:28:45,2026-08-24,ROK,ERROR,0,N/A,N/A,0,0.0,0.0,0.0,0.0,0.0,0.0,0.0,2026-08-24,0.0,0.0,0.0,0.0,0.0,0.0,0.0,0.0,0,N/A,-1.0,0.0,0.0,0.0,0.0,N/A,N/A,A process in the process pool was terminated abruptly while the future was running or pending.,-1.0,-1.0,1.0,-1,,,0
2026-08-24T11:28:45,2026-08-24,ROL,ERROR,0,N/A,N/A,0,0.0,0.0,0.0,0.0,0.0,0.0,0.0,2026-08-24,0.0,0.0,0.0,0.0,0.0,0.0,0.0,0.0,0,N/A,-1.0,0.0,0.0,0.0,0.0,N/A,N/A,A process in the process pool was terminated abruptly while the future was running or pending.,-1.0,-1.0,1.0,-1,,,0
2026-08-24T11:28:45,2026-08-24,ROP,ERROR,0,N/A,N/A,0,0.0,0.0,0.0,0.0,0.0,0.0,0.0,2026-08-24,0.0,0.0,0.0,0.0,0.0,0.0,0.0,0.0,0,N/A,-1.0,0.0,0.0,0.0,0.0,N/A,N/A,A process in the process pool was terminated abruptly while the future was running or pending.,-1.0,-1.0,1.0,-1,,,0
2026-08-24T11:28:45,2026-08-24,ROST,ERROR,0,N/A,N/A,0,0.0,0.0,0.0,0.0,0.0,0.0,0.0,2026-08-24,0.0,0.0,0.0,0.0,0.0,0.0,0.0,0.0,0,N/A,-1.0,0.0,0.0,0.0,0.0,N/A,N/A,A process in the process pool was terminated abruptly while the future was running or pending.,-1.0,-1.0,1.0,-1,,,0
2026-08-24T11:28:45,2026-08-24,RSG,ERROR,0,N/A,N/A,0,0.0,0.0,0.0,0.0,0.0,0.0,0.0,2026-08-24,0.0,0.0,0.0,0.0,0.0,0.0,0.0,0.0,0,N/A,-1.0,0.0,0.0,0.0,0.0,N/A,N/A,A process in the process pool was terminated abruptly while the future was running or pending.,-1.0,-1.0,1.0,-1,,,0
2026-08-24T11:28:45,2026-08-24,RTX,ERROR,0,N/A,N/A,0,0.0,0.0,0.0,0.0,0.0,0.0,0.0,2026-08-24,0.0,0.0,0.0,0.0,0.0,0.0,0.0,0.0,0,N/A,-1.0,0.0,0.0,0.0,0.0,N/A,N/A,A process in the process pool was terminated abruptly while the future was running or pending.,-1.0,-1.0,1.0,-1,,,0
2026-08-24T11:28:45,2026-08-24,RVTY,ERROR,0,N/A,N/A,0,0.0,0.0,0.0,0.0,0.0,0.0,0.0,2026-08-24,0.0,0.0,0.0,0.0,0.0,0.0,0.0,0.0,0,N/A,-1.0,0.0,0.0,0.0,0.0,N/A,N/A,A process in the process pool was terminated abruptly while the future was running or pending.,-1.0,-1.0,1.0,-1,,,0
2026-08-24T11:28:45,2026-08-24,SBAC,ERROR,0,N/A,N/A,0,0.0,0.0,0.0,0.0,0.0,0.0,0.0,2026-08-24,0.0,0.0,0.0,0.0,0.0,0.0,0.0,0.0,0,N/A,-1.0,0.0,0.0,0.0,0.0,N/A,N/A,A process in the process pool was terminated abruptly while the future was running or pending.,-1.0,-1.0,1.0,-1,,,0
2026-08-24T11:28:45,2026-08-24,SBUX,ERROR,0,N/A,N/A,0,0.0,0.0,0.0,0.0,0.0,0.0,0.0,2026-08-24,0.0,0.0,0.0,0.0,0.0,0.0,0.0,0.0,0,N/A,-1.0,0.0,0.0,0.0,0.0,N/A,N/A,A process in the process pool was terminated abruptly while the future was running or pending.,-1.0,-1.0,1.0,-1,,,0
2026-08-24T11:28:45,2026-08-24,SCHW,ERROR,0,N/A,N/A,0,0.0,0.0,0.0,0.0,0.0,0.0,0.0,2026-08-24,0.0,0.0,0.0,0.0,0.0,0.0,0.0,0.0,0,N/A,-1.0,0.0,0.0,0.0,0.0,N/A,N/A,A process in the process pool was terminated abruptly while the future was running or pending.,-1.0,-1.0,1.0,-1,,,0
2026-08-24T11:28:45,2026-08-24,SHW,ERROR,0,N/A,N/A,0,0.0,0.0,0.0,0.0,0.0,0.0,0.0,2026-08-24,0.0,0.0,0.0,0.0,0.0,0.0,0.0,0.0,0,N/A,-1.0,0.0,0.0,0.0,0.0,N/A,N/A,A process in the process pool was terminated abruptly while the future was running or pending.,-1.0,-1.0,1.0,-1,,,0
2026-08-24T11:28:45,2026-08-24,SJM,ERROR,0,N/A,N/A,0,0.0,0.0,0.0,0.0,0.0,0.0,0.0,2026-08-24,0.0,0.0,0.0,0.0,0.0,0.0,0.0,0.0,0,N/A,-1.0,0.0,0.0,0.0,0.0,N/A,N/A,A process in the process pool was terminated abruptly while the future was running or pending.,-1.0,-1.0,1.0,-1,,,0
2026-08-24T11:28:45,2026-08-24,SLB,ERROR,0,N/A,N/A,0,0.0,0.0,0.0,0.0,0.0,0.0,0.0,2026-08-24,0.0,0.0,0.0,0.0,0.0,0.0,0.0,0.0,0,N/A,-1.0,0.0,0.0,0.0,0.0,N/A,N/A,A process in the process pool was terminated abruptly while the future was running or pending.,-1.0,-1.0,1.0,-1,,,0
2026-08-24T11:28:45,2026-08-24,SMCI,ERROR,0,N/A,N/A,0,0.0,0.0,0.0,0.0,0.0,0.0,0.0,2026-08-24,0.0,0.0,0.0,0.0,0.0,0.0,0.0,0.0,0,N/A,-1.0,0.0,0.0,0.0,0.0,N/A,N/A,A process in the process pool was terminated abruptly while the future was running or pending.,-1.0,-1.0,1.0,-1,,,0
2026-08-24T11:28:45,2026-08-24,SNA,ERROR,0,N/A,N/A,0,0.0,0.0,0.0,0.0,0.0,0.0,0.0,2026-08-24,0.0,0.0,0.0,0.0,0.0,0.0,0.0,0.0,0,N/A,-1.0,0.0,0.0,0.0,0.0,N/A,N/A,A process in the process pool was terminated abruptly while the future was running or pending.,-1.0,-1.0,1.0,-1,,,0
2026-08-24T11:28:45,2026-08-24,SNDK,ERROR,0,N/A,N/A,0,0.0,0.0,0.0,0.0,0.0,0.0,0.0,2026-08-24,0.0,0.0,0.0,0.0,0.0,0.0,0.0,0.0,0,N/A,-1.0,0.0,0.0,0.0,0.0,N/A,N/A,A process in the process pool was terminated abruptly while the future was running or pending.,-1.0,-1.0,1.0,-1,,,0
2026-08-24T11:28:45,2026-08-24,SNPS,ERROR,0,N/A,N/A,0,0.0,0.0,0.0,0.0,0.0,0.0,0.0,2026-08-24,0.0,0.0,0.0,0.0,0.0,0.0,0.0,0.0,0,N/A,-1.0,0.0,0.0,0.0,0.0,N/A,N/A,A process in the process pool was terminated abruptly while the future was running or pending.,-1.0,-1.0,1.0,-1,,,0
2026-08-24T11:28:45,2026-08-24,SO,ERROR,0,N/A,N/A,0,0.0,0.0,0.0,0.0,0.0,0.0,0.0,2026-08-24,0.0,0.0,0.0,0.0,0.0,0.0,0.0,0.0,0,N/A,-1.0,0.0,0.0,0.0,0.0,N/A,N/A,A process in the process pool was terminated abruptly while the future was running or pending.,-1.0,-1.0,1.0,-1,,,0
2026-08-24T11:28:45,2026-08-24,SOLV,ERROR,0,N/A,N/A,0,0.0,0.0,0.0,0.0,0.0,0.0,0.0,2026-08-24,0.0,0.0,0.0,0.0,0.0,0.0,0.0,0.0,0,N/A,-1.0,0.0,0.0,0.0,0.0,N/A,N/A,A process in the process pool was terminated abruptly while the future was running or pending.,-1.0,-1.0,1.0,-1,,,0
2026-08-24T11:28:45,2026-08-24,SPG,ERROR,0,N/A,N/A,0,0.0,0.0,0.0,0.0,0.0,0.0,0.0,2026-08-24,0.0,0.0,0.0,0.0,0.0,0.0,0.0,0.0,0,N/A,-1.0,0.0,0.0,0.0,0.0,N/A,N/A,A process in the process pool was terminated abruptly while the future was running or pending.,-1.0,-1.0,1.0,-1,,,0
2026-08-24T11:28:45,2026-08-24,SPGI,ERROR,0,N/A,N/A,0,0.0,0.0,0.0,0.0,0.0,0.0,0.0,2026-08-24,0.0,0.0,0.0,0.0,0.0,0.0,0.0,0.0,0,N/A,-1.0,0.0,0.0,0.0,0.0,N/A,N/A,A process in the process pool was terminated abruptly while the future was running or pending.,-1.0,-1.0,1.0,-1,,,0
2026-08-24T11:28:45,2026-08-24,SRE,ERROR,0,N/A,N/A,0,0.0,0.0,0.0,0.0,0.0,0.0,0.0,2026-08-24,0.0,0.0,0.0,0.0,0.0,0.0,0.0,0.0,0,N/A,-1.0,0.0,0.0,0.0,0.0,N/A,N/A,A process in the process pool was terminated abruptly while the future was running or pending.,-1.0,-1.0,1.0,-1,,,0
2026-08-24T11:28:45,2026-08-24,STE,ERROR,0,N/A,N/A,0,0.0,0.0,0.0,0.0,0.0,0.0,0.0,2026-08-24,0.0,0.0,0.0,0.0,0.0,0.0,0.0,0.0,0,N/A,-1.0,0.0,0.0,0.0,0.0,N/A,N/A,A process in the process pool was terminated abruptly while the future was running or pending.,-1.0,-1.0,1.0,-1,,,0
2026-08-24T11:28:45,2026-08-24,STLD,ERROR,0,N/A,N/A,0,0.0,0.0,0.0,0.0,0.0,0.0,0.0,2026-08-24,0.0,0.0,0.0,0.0,0.0,0.0,0.0,0.0,0,N/A,-1.0,0.0,0.0,0.0,0.0,N/A,N/A,A process in the process pool was terminated abruptly while the future was running or pending.,-1.0,-1.0,1.0,-1,,,0
2026-08-24T11:28:45,2026-08-24,STT,ERROR,0,N/A,N/A,0,0.0,0.0,0.0,0.0,0.0,0.0,0.0,2026-08-24,0.0,0.0,0.0,0.0,0.0,0.0,0.0,0.0,0,N/A,-1.0,0.0,0.0,0.0,0.0,N/A,N/A,A process in the process pool was terminated abruptly while the future was running or pending.,-1.0,-1.0,1.0,-1,,,0
2026-08-24T11:28:45,2026-08-24,STX,ERROR,0,N/A,N/A,0,0.0,0.0,0.0,0.0,0.0,0.0,0.0,2026-08-24,0.0,0.0,0.0,0.0,0.0,0.0,0.0,0.0,0,N/A,-1.0,0.0,0.0,0.0,0.0,N/A,N/A,A process in the process pool was terminated abruptly while the future was running or pending.,-1.0,-1.0,1.0,-1,,,0
2026-08-24T11:28:45,2026-08-24,STZ,ERROR,0,N/A,N/A,0,0.0,0.0,0.0,0.0,0.0,0.0,0.0,2026-08-24,0.0,0.0,0.0,0.0,0.0,0.0,0.0,0.0,0,N/A,-1.0,0.0,0.0,0.0,0.0,N/A,N/A,A process in the process pool was terminated abruptly while the future was running or pending.,-1.0,-1.0,1.0,-1,,,0
2026-08-24T11:28:45,2026-08-24,SW,ERROR,0,N/A,N/A,0,0.0,0.0,0.0,0.0,0.0,0.0,0.0,2026-08-24,0.0,0.0,0.0,0.0,0.0,0.0,0.0,0.0,0,N/A,-1.0,0.0,0.0,0.0,0.0,N/A,N/A,A process in the process pool was terminated abruptly while the future was running or pending.,-1.0,-1.0,1.0,-1,,,0
2026-08-24T11:28:45,2026-08-24,SWK,ERROR,0,N/A,N/A,0,0.0,0.0,0.0,0.0,0.0,0.0,0.0,2026-08-24,0.0,0.0,0.0,0.0,0.0,0.0,0.0,0.0,0,N/A,-1.0,0.0,0.0,0.0,0.0,N/A,N/A,A process in the process pool was terminated abruptly while the future was running or pending.,-1.0,-1.0,1.0,-1,,,0
2026-08-24T11:28:45,2026-08-24,SWKS,ERROR,0,N/A,N/A,0,0.0,0.0,0.0,0.0,0.0,0.0,0.0,2026-08-24,0.0,0.0,0.0,0.0,0.0,0.0,0.0,0.0,0,N/A,-1.0,0.0,0.0,0.0,0.0,N/A,N/A,A process in the process pool was terminated abruptly while the future was running or pending.,-1.0,-1.0,1.0,-1,,,0
2026-08-24T11:28:45,2026-08-24,SYF,ERROR,0,N/A,N/A,0,0.0,0.0,0.0,0.0,0.0,0.0,0.0,2026-08-24,0.0,0.0,0.0,0.0,0.0,0.0,0.0,0.0,0,N/A,-1.0,0.0,0.0,0.0,0.0,N/A,N/A,A process in the process pool was terminated abruptly while the future was running or pending.,-1.0,-1.0,1.0,-1,,,0
2026-08-24T11:28:45,2026-08-24,SYK,ERROR,0,N/A,N/A,0,0.0,0.0,0.0,0.0,0.0,0.0,0.0,2026-08-24,0.0,0.0,0.0,0.0,0.0,0.0,0.0,0.0,0,N/A,-1.0,0.0,0.0,0.0,0.0,N/A,N/A,A process in the process pool was terminated abruptly while the future was running or pending.,-1.0,-1.0,1.0,-1,,,0
2026-08-24T11:28:45,2026-08-24,SYY,ERROR,0,N/A,N/A,0,0.0,0.0,0.0,0.0,0.0,0.0,0.0,2026-08-24,0.0,0.0,0.0,0.0,0.0,0.0,0.0,0.0,0,N/A,-1.0,0.0,0.0,0.0,0.0,N/A,N/A,A process in the process pool was terminated abruptly while the future was running or pending.,-1.0,-1.0,1.0,-1,,,0
2026-08-24T11:28:45,2026-08-24,T,ERROR,0,N/A,N/A,0,0.0,0.0,0.0,0.0,0.0,0.0,0.0,2026-08-24,0.0,0.0,0.0,0.0,0.0,0.0,0.0,0.0,0,N/A,-1.0,0.0,0.0,0.0,0.0,N/A,N/A,A process in the process pool was terminated abruptly while the future was running or pending.,-1.0,-1.0,1.0,-1,,,0
2026-08-24T11:28:45,2026-08-24,TAP,ERROR,0,N/A,N/A,0,0.0,0.0,0.0,0.0,0.0,0.0,0.0,2026-08-24,0.0,0.0,0.0,0.0,0.0,0.0,0.0,0.0,0,N/A,-1.0,0.0,0.0,0.0,0.0,N/A,N/A,A process in the process pool was terminated abruptly while the future was running or pending.,-1.0,-1.0,1.0,-1,,,0
2026-08-24T11:28:45,2026-08-24,TDG,ERROR,0,N/A,N/A,0,0.0,0.0,0.0,0.0,0.0,0.0,0.0,2026-08-24,0.0,0.0,0.0,0.0,0.0,0.0,0.0,0.0,0,N/A,-1.0,0.0,0.0,0.0,0.0,N/A,N/A,A process in the process pool was terminated abruptly while the future was running or pending.,-1.0,-1.0,1.0,-1,,,0
2026-08-24T11:28:45,2026-08-24,TDY,ERROR,0,N/A,N/A,0,0.0,0.0,0.0,0.0,0.0,0.0,0.0,2026-08-24,0.0,0.0,0.0,0.0,0.0,0.0,0.0,0.0,0,N/A,-1.0,0.0,0.0,0.0,0.0,N/A,N/A,A process in the process pool was terminated abruptly while the future was running or pending.,-1.0,-1.0,1.0,-1,,,0
2026-08-24T11:28:45,2026-08-24,TECH,ERROR,0,N/A,N/A,0,0.0,0.0,0.0,0.0,0.0,0.0,0.0,2026-08-24,0.0,0.0,0.0,0.0,0.0,0.0,0.0,0.0,0,N/A,-1.0,0.0,0.0,0.0,0.0,N/A,N/A,A process in the process pool was terminated abruptly while the future was running or pending.,-1.0,-1.0,1.0,-1,,,0
2026-08-24T11:28:45,2026-08-24,TEL,ERROR,0,N/A,N/A,0,0.0,0.0,0.0,0.0,0.0,0.0,0.0,2026-08-24,0.0,0.0,0.0,0.0,0.0,0.0,0.0,0.0,0,N/A,-1.0,0.0,0.0,0.0,0.0,N/A,N/A,A process in the process pool was terminated abruptly while the future was running or pending.,-1.0,-1.0,1.0,-1,,,0
2026-08-24T11:28:45,2026-08-24,TER,ERROR,0,N/A,N/A,0,0.0,0.0,0.0,0.0,0.0,0.0,0.0,2026-08-24,0.0,0.0,0.0,0.0,0.0,0.0,0.0,0.0,0,N/A,-1.0,0.0,0.0,0.0,0.0,N/A,N/A,A process in the process pool was terminated abruptly while the future was running or pending.,-1.0,-1.0,1.0,-1,,,0
2026-08-24T11:28:45,2026-08-24,TFC,ERROR,0,N/A,N/A,0,0.0,0.0,0.0,0.0,0.0,0.0,0.0,2026-08-24,0.0,0.0,0.0,0.0,0.0,0.0,0.0,0.0,0,N/A,-1.0,0.0,0.0,0.0,0.0,N/A,N/A,A process in the process pool was terminated abruptly while the future was running or pending.,-1.0,-1.0,1.0,-1,,,0
2026-08-24T11:28:45,2026-08-24,TGT,ERROR,0,N/A,N/A,0,0.0,0.0,0.0,0.0,0.0,0.0,0.0,2026-08-24,0.0,0.0,0.0,0.0,0.0,0.0,0.0,0.0,0,N/A,-1.0,0.0,0.0,0.0,0.0,N/A,N/A,A process in the process pool was terminated abruptly while the future was running or pending.,-1.0,-1.0,1.0,-1,,,0
2026-08-24T11:28:45,2026-08-24,TJX,ERROR,0,N/A,N/A,0,0.0,0.0,0.0,0.0,0.0,0.0,0.0,2026-08-24,0.0,0.0,0.0,0.0,0.0,0.0,0.0,0.0,0,N/A,-1.0,0.0,0.0,0.0,0.0,N/A,N/A,A process in the process pool was terminated abruptly while the future was running or pending.,-1.0,-1.0,1.0,-1,,,0
2026-08-24T11:28:45,2026-08-24,TKO,ERROR,0,N/A,N/A,0,0.0,0.0,0.0,0.0,0.0,0.0,0.0,2026-08-24,0.0,0.0,0.0,0.0,0.0,0.0,0.0,0.0,0,N/A,-1.0,0.0,0.0,0.0,0.0,N/A,N/A,A process in the process pool was terminated abruptly while the future was running or pending.,-1.0,-1.0,1.0,-1,,,0
2026-08-24T11:28:45,2026-08-24,TMO,ERROR,0,N/A,N/A,0,0.0,0.0,0.0,0.0,0.0,0.0,0.0,2026-08-24,0.0,0.0,0.0,0.0,0.0,0.0,0.0,0.0,0,N/A,-1.0,0.0,0.0,0.0,0.0,N/A,N/A,A process in the process pool was terminated abruptly while the future was running or pending.,-1.0,-1.0,1.0,-1,,,0
2026-08-24T11:28:45,2026-08-24,TMUS,ERROR,0,N/A,N/A,0,0.0,0.0,0.0,0.0,0.0,0.0,0.0,2026-08-24,0.0,0.0,0.0,0.0,0.0,0.0,0.0,0.0,0,N/A,-1.0,0.0,0.0,0.0,0.0,N/A,N/A,A process in the process pool was terminated abruptly while the future was running or pending.,-1.0,-1.0,1.0,-1,,,0
2026-08-24T11:28:45,2026-08-24,TPL,ERROR,0,N/A,N/A,0,0.0,0.0,0.0,0.0,0.0,0.0,0.0,2026-08-24,0.0,0.0,0.0,0.0,0.0,0.0,0.0,0.0,0,N/A,-1.0,0.0,0.0,0.0,0.0,N/A,N/A,A process in the process pool was terminated abruptly while the future was running or pending.,-1.0,-1.0,1.0,-1,,,0
2026-08-24T11:28:45,2026-08-24,TPR,ERROR,0,N/A,N/A,0,0.0,0.0,0.0,0.0,0.0,0.0,0.0,2026-08-24,0.0,0.0,0.0,0.0,0.0,0.0,0.0,0.0,0,N/A,-1.0,0.0,0.0,0.0,0.0,N/A,N/A,A process in the process pool was terminated abruptly while the future was running or pending.,-1.0,-1.0,1.0,-1,,,0
2026-08-24T11:28:45,2026-08-24,TRGP,ERROR,0,N/A,N/A,0,0.0,0.0,0.0,0.0,0.0,0.0,0.0,2026-08-24,0.0,0.0,0.0,0.0,0.0,0.0,0.0,0.0,0,N/A,-1.0,0.0,0.0,0.0,0.0,N/A,N/A,A process in the process pool was terminated abruptly while the future was running or pending.,-1.0,-1.0,1.0,-1,,,0
2026-08-24T11:28:45,2026-08-24,TRMB,ERROR,0,N/A,N/A,0,0.0,0.0,0.0,0.0,0.0,0.0,0.0,2026-08-24,0.0,0.0,0.0,0.0,0.0,0.0,0.0,0.0,0,N/A,-1.0,0.0,0.0,0.0,0.0,N/A,N/A,A process in the process pool was terminated abruptly while the future was running or pending.,-1.0,-1.0,1.0,-1,,,0
2026-08-24T11:28:45,2026-08-24,TROW,ERROR,0,N/A,N/A,0,0.0,0.0,0.0,0.0,0.0,0.0,0.0,2026-08-24,0.0,0.0,0.0,0.0,0.0,0.0,0.0,0.0,0,N/A,-1.0,0.0,0.0,0.0,0.0,N/A,N/A,A process in the process pool was terminated abruptly while the future was running or pending.,-1.0,-1.0,1.0,-1,,,0
2026-08-24T11:28:45,2026-08-24,TRV,ERROR,0,N/A,N/A,0,0.0,0.0,0.0,0.0,0.0,0.0,0.0,2026-08-24,0.0,0.0,0.0,0.0,0.0,0.0,0.0,0.0,0,N/A,-1.0,0.0,0.0,0.0,0.0,N/A,N/A,A process in the process pool was terminated abruptly while the future was running or pending.,-1.0,-1.0,1.0,-1,,,0
2026-08-24T11:28:45,2026-08-24,TSCO,ERROR,0,N/A,N/A,0,0.0,0.0,0.0,0.0,0.0,0.0,0.0,2026-08-24,0.0,0.0,0.0,0.0,0.0,0.0,0.0,0.0,0,N/A,-1.0,0.0,0.0,0.0,0.0,N/A,N/A,A process in the process pool was terminated abruptly while the future was running or pending.,-1.0,-1.0,1.0,-1,,,0
2026-08-24T11:28:45,2026-08-24,TSLA,ERROR,0,N/A,N/A,0,0.0,0.0,0.0,0.0,0.0,0.0,0.0,2026-08-24,0.0,0.0,0.0,0.0,0.0,0.0,0.0,0.0,0,N/A,-1.0,0.0,0.0,0.0,0.0,N/A,N/A,A process in the process pool was terminated abruptly while the future was running or pending.,-1.0,-1.0,1.0,-1,,,0
2026-08-24T11:28:45,2026-08-24,TSN,ERROR,0,N/A,N/A,0,0.0,0.0,0.0,0.0,0.0,0.0,0.0,2026-08-24,0.0,0.0,0.0,0.0,0.0,0.0,0.0,0.0,0,N/A,-1.0,0.0,0.0,0.0,0.0,N/A,N/A,A process in the process pool was terminated abruptly while the future was running or pending.,-1.0,-1.0,1.0,-1,,,0
2026-08-24T11:28:45,2026-08-24,TT,ERROR,0,N/A,N/A,0,0.0,0.0,0.0,0.0,0.0,0.0,0.0,2026-08-24,0.0,0.0,0.0,0.0,0.0,0.0,0.0,0.0,0,N/A,-1.0,0.0,0.0,0.0,0.0,N/A,N/A,A process in the process pool was terminated abruptly while the future was running or pending.,-1.0,-1.0,1.0,-1,,,0
2026-08-24T11:28:45,2026-08-24,TTD,ERROR,0,N/A,N/A,0,0.0,0.0,0.0,0.0,0.0,0.0,0.0,2026-08-24,0.0,0.0,0.0,0.0,0.0,0.0,0.0,0.0,0,N/A,-1.0,0.0,0.0,0.0,0.0,N/A,N/A,A process in the process pool was terminated abruptly while the future was running or pending.,-1.0,-1.0,1.0,-1,,,0
2026-08-24T11:28:45,2026-08-24,TTWO,ERROR,0,N/A,N/A,0,0.0,0.0,0.0,0.0,0.0,0.0,0.0,2026-08-24,0.0,0.0,0.0,0.0,0.0,0.0,0.0,0.0,0,N/A,-1.0,0.0,0.0,0.0,0.0,N/A,N/A,A process in the process pool was terminated abruptly while the future was running or pending.,-1.0,-1.0,1.0,-1,,,0
2026-08-24T11:28:45,2026-08-24,TXN,ERROR,0,N/A,N/A,0,0.0,0.0,0.0,0.0,0.0,0.0,0.0,2026-08-24,0.0,0.0,0.0,0.0,0.0,0.0,0.0,0.0,0,N/A,-1.0,0.0,0.0,0.0,0.0,N/A,N/A,A process in the process pool was terminated abruptly while the future was running or pending.,-1.0,-1.0,1.0,-1,,,0
2026-08-24T11:28:45,2026-08-24,TXT,ERROR,0,N/A,N/A,0,0.0,0.0,0.0,0.0,0.0,0.0,0.0,2026-08-24,0.0,0.0,0.0,0.0,0.0,0.0,0.0,0.0,0,N/A,-1.0,0.0,0.0,0.0,0.0,N/A,N/A,A process in the process pool was terminated abruptly while the future was running or pending.,-1.0,-1.0,1.0,-1,,,0
2026-08-24T11:28:45,2026-08-24,TYL,ERROR,0,N/A,N/A,0,0.0,0.0,0.0,0.0,0.0,0.0,0.0,2026-08-24,0.0,0.0,0.0,0.0,0.0,0.0,0.0,0.0,0,N/A,-1.0,0.0,0.0,0.0,0.0,N/A,N/A,A process in the process pool was terminated abruptly while the future was running or pending.,-1.0,-1.0,1.0,-1,,,0
2026-08-24T11:28:45,2026-08-24,UAL,ERROR,0,N/A,N/A,0,0.0,0.0,0.0,0.0,0.0,0.0,0.0,2026-08-24,0.0,0.0,0.0,0.0,0.0,0.0,0.0,0.0,0,N/A,-1.0,0.0,0.0,0.0,0.0,N/A,N/A,A process in the process pool was terminated abruptly while the future was running or pending.,-1.0,-1.0,1.0,-1,,,0
2026-08-24T11:28:45,2026-08-24,UBER,ERROR,0,N/A,N/A,0,0.0,0.0,0.0,0.0,0.0,0.0,0.0,2026-08-24,0.0,0.0,0.0,0.0,0.0,0.0,0.0,0.0,0,N/A,-1.0,0.0,0.0,0.0,0.0,N/A,N/A,A process in the process pool was terminated abruptly while the future was running or pending.,-1.0,-1.0,1.0,-1,,,0
2026-08-24T11:28:45,2026-08-24,UDR,ERROR,0,N/A,N/A,0,0.0,0.0,0.0,0.0,0.0,0.0,0.0,2026-08-24,0.0,0.0,0.0,0.0,0.0,0.0,0.0,0.0,0,N/A,-1.0,0.0,0.0,0.0,0.0,N/A,N/A,A process in the process pool was terminated abruptly while the future was running or pending.,-1.0,-1.0,1.0,-1,,,0
2026-08-24T11:28:45,2026-08-24,UHS,ERROR,0,N/A,N/A,0,0.0,0.0,0.0,0.0,0.0,0.0,0.0,2026-08-24,0.0,0.0,0.0,0.0,0.0,0.0,0.0,0.0,0,N/A,-1.0,0.0,0.0,0.0,0.0,N/A,N/A,A process in the process pool was terminated abruptly while the future was running or pending.,-1.0,-1.0,1.0,-1,,,0
2026-08-24T11:28:45,2026-08-24,ULTA,ERROR,0,N/A,N/A,0,0.0,0.0,0.0,0.0,0.0,0.0,0.0,2026-08-24,0.0,0.0,0.0,0.0,0.0,0.0,0.0,0.0,0,N/A,-1.0,0.0,0.0,0.0,0.0,N/A,N/A,A process in the process pool was terminated abruptly while the future was running or pending.,-1.0,-1.0,1.0,-1,,,0
2026-08-24T11:28:45,2026-08-24,UNH,ERROR,0,N/A,N/A,0,0.0,0.0,0.0,0.0,0.0,0.0,0.0,2026-08-24,0.0,0.0,0.0,0.0,0.0,0.0,0.0,0.0,0,N/A,-1.0,0.0,0.0,0.0,0.0,N/A,N/A,A process in the process pool was terminated abruptly while the future was running or pending.,-1.0,-1.0,1.0,-1,,,0
2026-08-24T11:28:45,2026-08-24,UNP,ERROR,0,N/A,N/A,0,0.0,0.0,0.0,0.0,0.0,0.0,0.0,2026-08-24,0.0,0.0,0.0,0.0,0.0,0.0,0.0,0.0,0,N/A,-1.0,0.0,0.0,0.0,0.0,N/A,N/A,A process in the process pool was terminated abruptly while the future was running or pending.,-1.0,-1.0,1.0,-1,,,0
2026-08-24T11:28:45,2026-08-24,UPS,ERROR,0,N/A,N/A,0,0.0,0.0,0.0,0.0,0.0,0.0,0.0,2026-08-24,0.0,0.0,0.0,0.0,0.0,0.0,0.0,0.0,0,N/A,-1.0,0.0,0.0,0.0,0.0,N/A,N/A,A process in the process pool was terminated abruptly while the future was running or pending.,-1.0,-1.0,1.0,-1,,,0
2026-08-24T11:28:45,2026-08-24,URI,ERROR,0,N/A,N/A,0,0.0,0.0,0.0,0.0,0.0,0.0,0.0,2026-08-24,0.0,0.0,0.0,0.0,0.0,0.0,0.0,0.0,0,N/A,-1.0,0.0,0.0,0.0,0.0,N/A,N/A,A process in the process pool was terminated abruptly while the future was running or pending.,-1.0,-1.0,1.0,-1,,,0
2026-08-24T11:28:45,2026-08-24,USB,ERROR,0,N/A,N/A,0,0.0,0.0,0.0,0.0,0.0,0.0,0.0,2026-08-24,0.0,0.0,0.0,0.0,0.0,0.0,0.0,0.0,0,N/A,-1.0,0.0,0.0,0.0,0.0,N/A,N/A,A process in the process pool was terminated abruptly while the future was running or pending.,-1.0,-1.0,1.0,-1,,,0
2026-08-24T11:28:45,2026-08-24,V,ERROR,0,N/A,N/A,0,0.0,0.0,0.0,0.0,0.0,0.0,0.0,2026-08-24,0.0,0.0,0.0,0.0,0.0,0.0,0.0,0.0,0,N/A,-1.0,0.0,0.0,0.0,0.0,N/A,N/A,A process in the process pool was terminated abruptly while the future was running or pending.,-1.0,-1.0,1.0,-1,,,0
2026-08-24T11:28:45,2026-08-24,VEEV,ERROR,0,N/A,N/A,0,0.0,0.0,0.0,0.0,0.0,0.0,0.0,2026-08-24,0.0,0.0,0.0,0.0,0.0,0.0,0.0,0.0,0,N/A,-1.0,0.0,0.0,0.0,0.0,N/A,N/A,A process in the process pool was terminated abruptly while the future was running or pending.,-1.0,-1.0,1.0,-1,,,0
2026-08-24T11:28:45,2026-08-24,VICI,ERROR,0,N/A,N/A,0,0.0,0.0,0.0,0.0,0.0,0.0,0.0,2026-08-24,0.0,0.0,0.0,0.0,0.0,0.0,0.0,0.0,0,N/A,-1.0,0.0,0.0,0.0,0.0,N/A,N/A,A process in the process pool was terminated abruptly while the future was running or pending.,-1.0,-1.0,1.0,-1,,,0
2026-08-24T11:28:45,2026-08-24,VLO,ERROR,0,N/A,N/A,0,0.0,0.0,0.0,0.0,0.0,0.0,0.0,2026-08-24,0.0,0.0,0.0,0.0,0.0,0.0,0.0,0.0,0,N/A,-1.0,0.0,0.0,0.0,0.0,N/A,N/A,A process in the process pool was terminated abruptly while the future was running or pending.,-1.0,-1.0,1.0,-1,,,0
2026-08-24T11:28:45,2026-08-24,VLTO,ERROR,0,N/A,N/A,0,0.0,0.0,0.0,0.0,0.0,0.0,0.0,2026-08-24,0.0,0.0,0.0,0.0,0.0,0.0,0.0,0.0,0,N/A,-1.0,0.0,0.0,0.0,0.0,N/A,N/A,A process in the process pool was terminated abruptly while the future was running or pending.,-1.0,-1.0,1.0,-1,,,0
2026-08-24T11:28:45,2026-08-24,VMC,ERROR,0,N/A,N/A,0,0.0,0.0,0.0,0.0,0.0,0.0,0.0,2026-08-24,0.0,0.0,0.0,0.0,0.0,0.0,0.0,0.0,0,N/A,-1.0,0.0,0.0,0.0,0.0,N/A,N/A,A process in the process pool was terminated abruptly while the future was running or pending.,-1.0,-1.0,1.0,-1,,,0
2026-08-24T11:28:45,2026-08-24,VMRK,ERROR,0,N/A,N/A,0,0.0,0.0,0.0,0.0,0.0,0.0,0.0,2026-08-24,0.0,0.0,0.0,0.0,0.0,0.0,0.0,0.0,0,N/A,-1.0,0.0,0.0,0.0,0.0,N/A,N/A,A process in the process pool was terminated abruptly while the future was running or pending.,-1.0,-1.0,1.0,-1,,,0
2026-08-24T11:28:45,2026-08-24,VRSK,ERROR,0,N/A,N/A,0,0.0,0.0,0.0,0.0,0.0,0.0,0.0,2026-08-24,0.0,0.0,0.0,0.0,0.0,0.0,0.0,0.0,0,N/A,-1.0,0.0,0.0,0.0,0.0,N/A,N/A,A process in the process pool was terminated abruptly while the future was running or pending.,-1.0,-1.0,1.0,-1,,,0
2026-08-24T11:28:45,2026-08-24,VRSN,ERROR,0,N/A,N/A,0,0.0,0.0,0.0,0.0,0.0,0.0,0.0,2026-08-24,0.0,0.0,0.0,0.0,0.0,0.0,0.0,0.0,0,N/A,-1.0,0.0,0.0,0.0,0.0,N/A,N/A,A process in the process pool was terminated abruptly while the future was running or pending.,-1.0,-1.0,1.0,-1,,,0
2026-08-24T11:28:45,2026-08-24,VRT,ERROR,0,N/A,N/A,0,0.0,0.0,0.0,0.0,0.0,0.0,0.0,2026-08-24,0.0,0.0,0.0,0.0,0.0,0.0,0.0,0.0,0,N/A,-1.0,0.0,0.0,0.0,0.0,N/A,N/A,A process in the process pool was terminated abruptly while the future was running or pending.,-1.0,-1.0,1.0,-1,,,0
2026-08-24T11:28:45,2026-08-24,VRTX,ERROR,0,N/A,N/A,0,0.0,0.0,0.0,0.0,0.0,0.0,0.0,2026-08-24,0.0,0.0,0.0,0.0,0.0,0.0,0.0,0.0,0,N/A,-1.0,0.0,0.0,0.0,0.0,N/A,N/A,A process in the process pool was terminated abruptly while the future was running or pending.,-1.0,-1.0,1.0,-1,,,0
2026-08-24T11:28:45,2026-08-24,VST,ERROR,0,N/A,N/A,0,0.0,0.0,0.0,0.0,0.0,0.0,0.0,2026-08-24,0.0,0.0,0.0,0.0,0.0,0.0,0.0,0.0,0,N/A,-1.0,0.0,0.0,0.0,0.0,N/A,N/A,A process in the process pool was terminated abruptly while the future was running or pending.,-1.0,-1.0,1.0,-1,,,0
2026-08-24T11:28:45,2026-08-24,VTR,ERROR,0,N/A,N/A,0,0.0,0.0,0.0,0.0,0.0,0.0,0.0,2026-08-24,0.0,0.0,0.0,0.0,0.0,0.0,0.0,0.0,0,N/A,-1.0,0.0,0.0,0.0,0.0,N/A,N/A,A process in the process pool was terminated abruptly while the future was running or pending.,-1.0,-1.0,1.0,-1,,,0
2026-08-24T11:28:45,2026-08-24,VTRS,ERROR,0,N/A,N/A,0,0.0,0.0,0.0,0.0,0.0,0.0,0.0,2026-08-24,0.0,0.0,0.0,0.0,0.0,0.0,0.0,0.0,0,N/A,-1.0,0.0,0.0,0.0,0.0,N/A,N/A,A process in the process pool was terminated abruptly while the future was running or pending.,-1.0,-1.0,1.0,-1,,,0
2026-08-24T11:28:45,2026-08-24,VZ,ERROR,0,N/A,N/A,0,0.0,0.0,0.0,0.0,0.0,0.0,0.0,2026-08-24,0.0,0.0,0.0,0.0,0.0,0.0,0.0,0.0,0,N/A,-1.0,0.0,0.0,0.0,0.0,N/A,N/A,A process in the process pool was terminated abruptly while the future was running or pending.,-1.0,-1.0,1.0,-1,,,0
2026-08-24T11:28:45,2026-08-24,WAB,ERROR,0,N/A,N/A,0,0.0,0.0,0.0,0.0,0.0,0.0,0.0,2026-08-24,0.0,0.0,0.0,0.0,0.0,0.0,0.0,0.0,0,N/A,-1.0,0.0,0.0,0.0,0.0,N/A,N/A,A process in the process pool was terminated abruptly while the future was running or pending.,-1.0,-1.0,1.0,-1,,,0
2026-08-24T11:28:45,2026-08-24,WAT,ERROR,0,N/A,N/A,0,0.0,0.0,0.0,0.0,0.0,0.0,0.0,2026-08-24,0.0,0.0,0.0,0.0,0.0,0.0,0.0,0.0,0,N/A,-1.0,0.0,0.0,0.0,0.0,N/A,N/A,A process in the process pool was terminated abruptly while the future was running or pending.,-1.0,-1.0,1.0,-1,,,0
2026-08-24T11:28:45,2026-08-24,WBD,ERROR,0,N/A,N/A,0,0.0,0.0,0.0,0.0,0.0,0.0,0.0,2026-08-24,0.0,0.0,0.0,0.0,0.0,0.0,0.0,0.0,0,N/A,-1.0,0.0,0.0,0.0,0.0,N/A,N/A,A process in the process pool was terminated abruptly while the future was running or pending.,-1.0,-1.0,1.0,-1,,,0
2026-08-24T11:28:45,2026-08-24,WDAY,ERROR,0,N/A,N/A,0,0.0,0.0,0.0,0.0,0.0,0.0,0.0,2026-08-24,0.0,0.0,0.0,0.0,0.0,0.0,0.0,0.0,0,N/A,-1.0,0.0,0.0,0.0,0.0,N/A,N/A,A process in the process pool was terminated abruptly while the future was running or pending.,-1.0,-1.0,1.0,-1,,,0
2026-08-24T11:28:45,2026-08-24,WDC,ERROR,0,N/A,N/A,0,0.0,0.0,0.0,0.0,0.0,0.0,0.0,2026-08-24,0.0,0.0,0.0,0.0,0.0,0.0,0.0,0.0,0,N/A,-1.0,0.0,0.0,0.0,0.0,N/A,N/A,A process in the process pool was terminated abruptly while the future was running or pending.,-1.0,-1.0,1.0,-1,,,0
2026-08-24T11:28:45,2026-08-24,WEC,ERROR,0,N/A,N/A,0,0.0,0.0,0.0,0.0,0.0,0.0,0.0,2026-08-24,0.0,0.0,0.0,0.0,0.0,0.0,0.0,0.0,0,N/A,-1.0,0.0,0.0,0.0,0.0,N/A,N/A,A process in the process pool was terminated abruptly while the future was running or pending.,-1.0,-1.0,1.0,-1,,,0
2026-08-24T11:28:45,2026-08-24,WELL,ERROR,0,N/A,N/A,0,0.0,0.0,0.0,0.0,0.0,0.0,0.0,2026-08-24,0.0,0.0,0.0,0.0,0.0,0.0,0.0,0.0,0,N/A,-1.0,0.0,0.0,0.0,0.0,N/A,N/A,A process in the process pool was terminated abruptly while the future was running or pending.,-1.0,-1.0,1.0,-1,,,0
2026-08-24T11:28:45,2026-08-24,WFC,ERROR,0,N/A,N/A,0,0.0,0.0,0.0,0.0,0.0,0.0,0.0,2026-08-24,0.0,0.0,0.0,0.0,0.0,0.0,0.0,0.0,0,N/A,-1.0,0.0,0.0,0.0,0.0,N/A,N/A,A process in the process pool was terminated abruptly while the future was running or pending.,-1.0,-1.0,1.0,-1,,,0
2026-08-24T11:28:45,2026-08-24,WM,ERROR,0,N/A,N/A,0,0.0,0.0,0.0,0.0,0.0,0.0,0.0,2026-08-24,0.0,0.0,0.0,0.0,0.0,0.0,0.0,0.0,0,N/A,-1.0,0.0,0.0,0.0,0.0,N/A,N/A,A process in the process pool was terminated abruptly while the future was running or pending.,-1.0,-1.0,1.0,-1,,,0
2026-08-24T11:28:45,2026-08-24,WMB,ERROR,0,N/A,N/A,0,0.0,0.0,0.0,0.0,0.0,0.0,0.0,2026-08-24,0.0,0.0,0.0,0.0,0.0,0.0,0.0,0.0,0,N/A,-1.0,0.0,0.0,0.0,0.0,N/A,N/A,A process in the process pool was terminated abruptly while the future was running or pending.,-1.0,-1.0,1.0,-1,,,0
2026-08-24T11:28:45,2026-08-24,WMT,ERROR,0,N/A,N/A,0,0.0,0.0,0.0,0.0,0.0,0.0,0.0,2026-08-24,0.0,0.0,0.0,0.0,0.0,0.0,0.0,0.0,0,N/A,-1.0,0.0,0.0,0.0,0.0,N/A,N/A,A process in the process pool was terminated abruptly while the future was running or pending.,-1.0,-1.0,1.0,-1,,,0
2026-08-24T11:28:45,2026-08-24,WRB,ERROR,0,N/A,N/A,0,0.0,0.0,0.0,0.0,0.0,0.0,0.0,2026-08-24,0.0,0.0,0.0,0.0,0.0,0.0,0.0,0.0,0,N/A,-1.0,0.0,0.0,0.0,0.0,N/A,N/A,A process in the process pool was terminated abruptly while the future was running or pending.,-1.0,-1.0,1.0,-1,,,0
2026-08-24T11:28:45,2026-08-24,WSM,ERROR,0,N/A,N/A,0,0.0,0.0,0.0,0.0,0.0,0.0,0.0,2026-08-24,0.0,0.0,0.0,0.0,0.0,0.0,0.0,0.0,0,N/A,-1.0,0.0,0.0,0.0,0.0,N/A,N/A,A process in the process pool was terminated abruptly while the future was running or pending.,-1.0,-1.0,1.0,-1,,,0
2026-08-24T11:28:45,2026-08-24,WST,ERROR,0,N/A,N/A,0,0.0,0.0,0.0,0.0,0.0,0.0,0.0,2026-08-24,0.0,0.0,0.0,0.0,0.0,0.0,0.0,0.0,0,N/A,-1.0,0.0,0.0,0.0,0.0,N/A,N/A,A process in the process pool was terminated abruptly while the future was running or pending.,-1.0,-1.0,1.0,-1,,,0
2026-08-24T11:28:45,2026-08-24,WTW,ERROR,0,N/A,N/A,0,0.0,0.0,0.0,0.0,0.0,0.0,0.0,2026-08-24,0.0,0.0,0.0,0.0,0.0,0.0,0.0,0.0,0,N/A,-1.0,0.0,0.0,0.0,0.0,N/A,N/A,A process in the process pool was terminated abruptly while the future was running or pending.,-1.0,-1.0,1.0,-1,,,0
2026-08-24T11:28:45,2026-08-24,WY,ERROR,0,N/A,N/A,0,0.0,0.0,0.0,0.0,0.0,0.0,0.0,2026-08-24,0.0,0.0,0.0,0.0,0.0,0.0,0.0,0.0,0,N/A,-1.0,0.0,0.0,0.0,0.0,N/A,N/A,A process in the process pool was terminated abruptly while the future was running or pending.,-1.0,-1.0,1.0,-1,,,0
2026-08-24T11:28:45,2026-08-24,WYNN,ERROR,0,N/A,N/A,0,0.0,0.0,0.0,0.0,0.0,0.0,0.0,2026-08-24,0.0,0.0,0.0,0.0,0.0,0.0,0.0,0.0,0,N/A,-1.0,0.0,0.0,0.0,0.0,N/A,N/A,A process in the process pool was terminated abruptly while the future was running or pending.,-1.0,-1.0,1.0,-1,,,0
2026-08-24T11:28:45,2026-08-24,XEL,ERROR,0,N/A,N/A,0,0.0,0.0,0.0,0.0,0.0,0.0,0.0,2026-08-24,0.0,0.0,0.0,0.0,0.0,0.0,0.0,0.0,0,N/A,-1.0,0.0,0.0,0.0,0.0,N/A,N/A,A process in the process pool was terminated abruptly while the future was running or pending.,-1.0,-1.0,1.0,-1,,,0
2026-08-24T11:28:45,2026-08-24,XOM,ERROR,0,N/A,N/A,0,0.0,0.0,0.0,0.0,0.0,0.0,0.0,2026-08-24,0.0,0.0,0.0,0.0,0.0,0.0,0.0,0.0,0,N/A,-1.0,0.0,0.0,0.0,0.0,N/A,N/A,A process in the process pool was terminated abruptly while the future was running or pending.,-1.0,-1.0,1.0,-1,,,0
2026-08-24T11:28:45,2026-08-24,XYL,ERROR,0,N/A,N/A,0,0.0,0.0,0.0,0.0,0.0,0.0,0.0,2026-08-24,0.0,0.0,0.0,0.0,0.0,0.0,0.0,0.0,0,N/A,-1.0,0.0,0.0,0.0,0.0,N/A,N/A,A process in the process pool was terminated abruptly while the future was running or pending.,-1.0,-1.0,1.0,-1,,,0
2026-08-24T11:28:45,2026-08-24,XYZ,ERROR,0,N/A,N/A,0,0.0,0.0,0.0,0.0,0.0,0.0,0.0,2026-08-24,0.0,0.0,0.0,0.0,0.0,0.0,0.0,0.0,0,N/A,-1.0,0.0,0.0,0.0,0.0,N/A,N/A,A process in the process pool was terminated abruptly while the future was running or pending.,-1.0,-1.0,1.0,-1,,,0
2026-08-24T11:28:45,2026-08-24,YUM,ERROR,0,N/A,N/A,0,0.0,0.0,0.0,0.0,0.0,0.0,0.0,2026-08-24,0.0,0.0,0.0,0.0,0.0,0.0,0.0,0.0,0,N/A,-1.0,0.0,0.0,0.0,0.0,N/A,N/A,A process in the process pool was terminated abruptly while the future was running or pending.,-1.0,-1.0,1.0,-1,,,0
2026-08-24T11:28:45,2026-08-24,ZBH,ERROR,0,N/A,N/A,0,0.0,0.0,0.0,0.0,0.0,0.0,0.0,2026-08-24,0.0,0.0,0.0,0.0,0.0,0.0,0.0,0.0,0,N/A,-1.0,0.0,0.0,0.0,0.0,N/A,N/A,A process in the process pool was terminated abruptly while the future was running or pending.,-1.0,-1.0,1.0,-1,,,0
2026-08-24T11:28:45,2026-08-24,ZBRA,ERROR,0,N/A,N/A,0,0.0,0.0,0.0,0.0,0.0,0.0,0.0,2026-08-24,0.0,0.0,0.0,0.0,0.0,0.0,0.0,0.0,0,N/A,-1.0,0.0,0.0,0.0,0.0,N/A,N/A,A process in the process pool was terminated abruptly while the future was running or pending.,-1.0,-1.0,1.0,-1,,,0
2026-08-24T11:28:46,2026-08-24,ZTS,ERROR,0,N/A,N/A,0,0.0,0.0,0.0,0.0,0.0,0.0,0.0,2026-08-24,0.0,0.0,0.0,0.0,0.0,0.0,0.0,0.0,0,N/A,-1.0,0.0,0.0,0.0,0.0,N/A,N/A,A process in the process pool was terminated abruptly while the future was running or pending.,-1.0,-1.0,1.0,-1,,,0
2026-08-24T11:28:46,2026-08-24,P,ERROR,0,N/A,N/A,0,0.0,0.0,0.0,0.0,0.0,0.0,0.0,2026-08-24,0.0,0.0,0.0,0.0,0.0,0.0,0.0,0.0,0,N/A,-1.0,0.0,0.0,0.0,0.0,N/A,N/A,A process in the process pool was terminated abruptly while the future was running or pending.,-1.0,-1.0,1.0,-1,,,0
2026-08-24T11:28:46,2026-08-24,TWLO,ERROR,0,N/A,N/A,0,0.0,0.0,0.0,0.0,0.0,0.0,0.0,2026-08-24,0.0,0.0,0.0,0.0,0.0,0.0,0.0,0.0,0,N/A,-1.0,0.0,0.0,0.0,0.0,N/A,N/A,A process in the process pool was terminated abruptly while the future was running or pending.,-1.0,-1.0,1.0,-1,,,0
2026-08-24T11:28:46,2026-08-24,ILMN,ERROR,0,N/A,N/A,0,0.0,0.0,0.0,0.0,0.0,0.0,0.0,2026-08-24,0.0,0.0,0.0,0.0,0.0,0.0,0.0,0.0,0,N/A,-1.0,0.0,0.0,0.0,0.0,N/A,N/A,A process in the process pool was terminated abruptly while the future was running or pending.,-1.0,-1.0,1.0,-1,,,0
2026-08-24T11:28:46,2026-08-24,FTI,ERROR,0,N/A,N/A,0,0.0,0.0,0.0,0.0,0.0,0.0,0.0,2026-08-24,0.0,0.0,0.0,0.0,0.0,0.0,0.0,0.0,0,N/A,-1.0,0.0,0.0,0.0,0.0,N/A,N/A,A process in the process pool was terminated abruptly while the future was running or pending.,-1.0,-1.0,1.0,-1,,,0
2026-08-24T11:28:46,2026-08-24,ATI,ERROR,0,N/A,N/A,0,0.0,0.0,0.0,0.0,0.0,0.0,0.0,2026-08-24,0.0,0.0,0.0,0.0,0.0,0.0,0.0,0.0,0,N/A,-1.0,0.0,0.0,0.0,0.0,N/A,N/A,A process in the process pool was terminated abruptly while the future was running or pending.,-1.0,-1.0,1.0,-1,,,0
2026-08-24T11:28:46,2026-08-24,ROIV,ERROR,0,N/A,N/A,0,0.0,0.0,0.0,0.0,0.0,0.0,0.0,2026-08-24,0.0,0.0,0.0,0.0,0.0,0.0,0.0,0.0,0,N/A,-1.0,0.0,0.0,0.0,0.0,N/A,N/A,A process in the process pool was terminated abruptly while the future was running or pending.,-1.0,-1.0,1.0,-1,,,0
2026-08-24T11:28:46,2026-08-24,SN,ERROR,0,N/A,N/A,0,0.0,0.0,0.0,0.0,0.0,0.0,0.0,2026-08-24,0.0,0.0,0.0,0.0,0.0,0.0,0.0,0.0,0,N/A,-1.0,0.0,0.0,0.0,0.0,N/A,N/A,A process in the process pool was terminated abruptly while the future was running or pending.,-1.0,-1.0,1.0,-1,,,0
2026-08-24T11:28:46,2026-08-24,NVT,ERROR,0,N/A,N/A,0,0.0,0.0,0.0,0.0,0.0,0.0,0.0,2026-08-24,0.0,0.0,0.0,0.0,0.0,0.0,0.0,0.0,0,N/A,-1.0,0.0,0.0,0.0,0.0,N/A,N/A,A process in the process pool was terminated abruptly while the future was running or pending.,-1.0,-1.0,1.0,-1,,,0
2026-08-24T11:28:46,2026-08-24,CRS,ERROR,0,N/A,N/A,0,0.0,0.0,0.0,0.0,0.0,0.0,0.0,2026-08-24,0.0,0.0,0.0,0.0,0.0,0.0,0.0,0.0,0,N/A,-1.0,0.0,0.0,0.0,0.0,N/A,N/A,A process in the process pool was terminated abruptly while the future was running or pending.,-1.0,-1.0,1.0,-1,,,0
2026-08-24T11:28:46,2026-08-24,VNOM,ERROR,0,N/A,N/A,0,0.0,0.0,0.0,0.0,0.0,0.0,0.0,2026-08-24,0.0,0.0,0.0,0.0,0.0,0.0,0.0,0.0,0,N/A,-1.0,0.0,0.0,0.0,0.0,N/A,N/A,A process in the process pool was terminated abruptly while the future was running or pending.,-1.0,-1.0,1.0,-1,,,0
2026-08-24T11:28:46,2026-08-24,USFD,ERROR,0,N/A,N/A,0,0.0,0.0,0.0,0.0,0.0,0.0,0.0,2026-08-24,0.0,0.0,0.0,0.0,0.0,0.0,0.0,0.0,0,N/A,-1.0,0.0,0.0,0.0,0.0,N/A,N/A,A process in the process pool was terminated abruptly while the future was running or pending.,-1.0,-1.0,1.0,-1,,,0
2026-08-24T11:28:46,2026-08-24,OKTA,ERROR,0,N/A,N/A,0,0.0,0.0,0.0,0.0,0.0,0.0,0.0,2026-08-24,0.0,0.0,0.0,0.0,0.0,0.0,0.0,0.0,0,N/A,-1.0,0.0,0.0,0.0,0.0,N/A,N/A,A process in the process pool was terminated abruptly while the future was running or pending.,-1.0,-1.0,1.0,-1,,,0
2026-08-24T11:28:46,2026-08-24,CW,ERROR,0,N/A,N/A,0,0.0,0.0,0.0,0.0,0.0,0.0,0.0,2026-08-24,0.0,0.0,0.0,0.0,0.0,0.0,0.0,0.0,0,N/A,-1.0,0.0,0.0,0.0,0.0,N/A,N/A,A process in the process pool was terminated abruptly while the future was running or pending.,-1.0,-1.0,1.0,-1,,,0
2026-08-24T11:28:46,2026-08-24,ROKU,ERROR,0,N/A,N/A,0,0.0,0.0,0.0,0.0,0.0,0.0,0.0,2026-08-24,0.0,0.0,0.0,0.0,0.0,0.0,0.0,0.0,0,N/A,-1.0,0.0,0.0,0.0,0.0,N/A,N/A,A process in the process pool was terminated abruptly while the future was running or pending.,-1.0,-1.0,1.0,-1,,,0
2026-08-24T11:28:46,2026-08-24,XPO,ERROR,0,N/A,N/A,0,0.0,0.0,0.0,0.0,0.0,0.0,0.0,2026-08-24,0.0,0.0,0.0,0.0,0.0,0.0,0.0,0.0,0,N/A,-1.0,0.0,0.0,0.0,0.0,N/A,N/A,A process in the process pool was terminated abruptly while the future was running or pending.,-1.0,-1.0,1.0,-1,,,0
2026-08-24T11:28:46,2026-08-24,THC,ERROR,0,N/A,N/A,0,0.0,0.0,0.0,0.0,0.0,0.0,0.0,2026-08-24,0.0,0.0,0.0,0.0,0.0,0.0,0.0,0.0,0,N/A,-1.0,0.0,0.0,0.0,0.0,N/A,N/A,A process in the process pool was terminated abruptly while the future was running or pending.,-1.0,-1.0,1.0,-1,,,0
2026-08-24T11:28:46,2026-08-24,UTHR,ERROR,0,N/A,N/A,0,0.0,0.0,0.0,0.0,0.0,0.0,0.0,2026-08-24,0.0,0.0,0.0,0.0,0.0,0.0,0.0,0.0,0,N/A,-1.0,0.0,0.0,0.0,0.0,N/A,N/A,A process in the process pool was terminated abruptly while the future was running or pending.,-1.0,-1.0,1.0,-1,,,0
2026-08-24T11:28:46,2026-08-24,RGLD,ERROR,0,N/A,N/A,0,0.0,0.0,0.0,0.0,0.0,0.0,0.0,2026-08-24,0.0,0.0,0.0,0.0,0.0,0.0,0.0,0.0,0,N/A,-1.0,0.0,0.0,0.0,0.0,N/A,N/A,A process in the process pool was terminated abruptly while the future was running or pending.,-1.0,-1.0,1.0,-1,,,0
2026-08-24T11:28:46,2026-08-24,ENTG,ERROR,0,N/A,N/A,0,0.0,0.0,0.0,0.0,0.0,0.0,0.0,2026-08-24,0.0,0.0,0.0,0.0,0.0,0.0,0.0,0.0,0,N/A,-1.0,0.0,0.0,0.0,0.0,N/A,N/A,A process in the process pool was terminated abruptly while the future was running or pending.,-1.0,-1.0,1.0,-1,,,0
2026-08-24T11:28:46,2026-08-24,CDE,ERROR,0,N/A,N/A,0,0.0,0.0,0.0,0.0,0.0,0.0,0.0,2026-08-24,0.0,0.0,0.0,0.0,0.0,0.0,0.0,0.0,0,N/A,-1.0,0.0,0.0,0.0,0.0,N/A,N/A,A process in the process pool was terminated abruptly while the future was running or pending.,-1.0,-1.0,1.0,-1,,,0
2026-08-24T11:28:46,2026-08-24,MTZ,ERROR,0,N/A,N/A,0,0.0,0.0,0.0,0.0,0.0,0.0,0.0,2026-08-24,0.0,0.0,0.0,0.0,0.0,0.0,0.0,0.0,0,N/A,-1.0,0.0,0.0,0.0,0.0,N/A,N/A,A process in the process pool was terminated abruptly while the future was running or pending.,-1.0,-1.0,1.0,-1,,,0
2026-08-24T11:28:46,2026-08-24,TOST,ERROR,0,N/A,N/A,0,0.0,0.0,0.0,0.0,0.0,0.0,0.0,2026-08-24,0.0,0.0,0.0,0.0,0.0,0.0,0.0,0.0,0,N/A,-1.0,0.0,0.0,0.0,0.0,N/A,N/A,A process in the process pool was terminated abruptly while the future was running or pending.,-1.0,-1.0,1.0,-1,,,0
2026-08-24T11:28:46,2026-08-24,BURL,ERROR,0,N/A,N/A,0,0.0,0.0,0.0,0.0,0.0,0.0,0.0,2026-08-24,0.0,0.0,0.0,0.0,0.0,0.0,0.0,0.0,0,N/A,-1.0,0.0,0.0,0.0,0.0,N/A,N/A,A process in the process pool was terminated abruptly while the future was running or pending.,-1.0,-1.0,1.0,-1,,,0
2026-08-24T11:28:46,2026-08-24,MTSI,ERROR,0,N/A,N/A,0,0.0,0.0,0.0,0.0,0.0,0.0,0.0,2026-08-24,0.0,0.0,0.0,0.0,0.0,0.0,0.0,0.0,0,N/A,-1.0,0.0,0.0,0.0,0.0,N/A,N/A,A process in the process pool was terminated abruptly while the future was running or pending.,-1.0,-1.0,1.0,-1,,,0
2026-08-24T11:28:46,2026-08-24,WWD,ERROR,0,N/A,N/A,0,0.0,0.0,0.0,0.0,0.0,0.0,0.0,2026-08-24,0.0,0.0,0.0,0.0,0.0,0.0,0.0,0.0,0,N/A,-1.0,0.0,0.0,0.0,0.0,N/A,N/A,A process in the process pool was terminated abruptly while the future was running or pending.,-1.0,-1.0,1.0,-1,,,0
2026-08-24T11:28:46,2026-08-24,SNX,ERROR,0,N/A,N/A,0,0.0,0.0,0.0,0.0,0.0,0.0,0.0,2026-08-24,0.0,0.0,0.0,0.0,0.0,0.0,0.0,0.0,0,N/A,-1.0,0.0,0.0,0.0,0.0,N/A,N/A,A process in the process pool was terminated abruptly while the future was running or pending.,-1.0,-1.0,1.0,-1,,,0
2026-08-24T11:28:46,2026-08-24,PR,ERROR,0,N/A,N/A,0,0.0,0.0,0.0,0.0,0.0,0.0,0.0,2026-08-24,0.0,0.0,0.0,0.0,0.0,0.0,0.0,0.0,0,N/A,-1.0,0.0,0.0,0.0,0.0,N/A,N/A,A process in the process pool was terminated abruptly while the future was running or pending.,-1.0,-1.0,1.0,-1,,,0
2026-08-24T11:28:46,2026-08-24,RS,ERROR,0,N/A,N/A,0,0.0,0.0,0.0,0.0,0.0,0.0,0.0,2026-08-24,0.0,0.0,0.0,0.0,0.0,0.0,0.0,0.0,0,N/A,-1.0,0.0,0.0,0.0,0.0,N/A,N/A,A process in the process pool was terminated abruptly while the future was running or pending.,-1.0,-1.0,1.0,-1,,,0
2026-08-24T11:28:46,2026-08-24,CNH,ERROR,0,N/A,N/A,0,0.0,0.0,0.0,0.0,0.0,0.0,0.0,2026-08-24,0.0,0.0,0.0,0.0,0.0,0.0,0.0,0.0,0,N/A,-1.0,0.0,0.0,0.0,0.0,N/A,N/A,A process in the process pool was terminated abruptly while the future was running or pending.,-1.0,-1.0,1.0,-1,,,0
2026-08-24T11:28:46,2026-08-24,MKSI,ERROR,0,N/A,N/A,0,0.0,0.0,0.0,0.0,0.0,0.0,0.0,2026-08-24,0.0,0.0,0.0,0.0,0.0,0.0,0.0,0.0,0,N/A,-1.0,0.0,0.0,0.0,0.0,N/A,N/A,A process in the process pool was terminated abruptly while the future was running or pending.,-1.0,-1.0,1.0,-1,,,0
2026-08-24T11:28:46,2026-08-24,ITT,ERROR,0,N/A,N/A,0,0.0,0.0,0.0,0.0,0.0,0.0,0.0,2026-08-24,0.0,0.0,0.0,0.0,0.0,0.0,0.0,0.0,0,N/A,-1.0,0.0,0.0,0.0,0.0,N/A,N/A,A process in the process pool was terminated abruptly while the future was running or pending.,-1.0,-1.0,1.0,-1,,,0
2026-08-24T11:28:46,2026-08-24,SITM,ERROR,0,N/A,N/A,0,0.0,0.0,0.0,0.0,0.0,0.0,0.0,2026-08-24,0.0,0.0,0.0,0.0,0.0,0.0,0.0,0.0,0,N/A,-1.0,0.0,0.0,0.0,0.0,N/A,N/A,A process in the process pool was terminated abruptly while the future was running or pending.,-1.0,-1.0,1.0,-1,,,0
2026-08-24T11:28:46,2026-08-24,OVV,ERROR,0,N/A,N/A,0,0.0,0.0,0.0,0.0,0.0,0.0,0.0,2026-08-24,0.0,0.0,0.0,0.0,0.0,0.0,0.0,0.0,0,N/A,-1.0,0.0,0.0,0.0,0.0,N/A,N/A,A process in the process pool was terminated abruptly while the future was running or pending.,-1.0,-1.0,1.0,-1,,,0
2026-08-24T11:28:46,2026-08-24,NTNX,ERROR,0,N/A,N/A,0,0.0,0.0,0.0,0.0,0.0,0.0,0.0,2026-08-24,0.0,0.0,0.0,0.0,0.0,0.0,0.0,0.0,0,N/A,-1.0,0.0,0.0,0.0,0.0,N/A,N/A,A process in the process pool was terminated abruptly while the future was running or pending.,-1.0,-1.0,1.0,-1,,,0
2026-08-24T11:28:46,2026-08-24,ONTO,ERROR,0,N/A,N/A,0,0.0,0.0,0.0,0.0,0.0,0.0,0.0,2026-08-24,0.0,0.0,0.0,0.0,0.0,0.0,0.0,0.0,0,N/A,-1.0,0.0,0.0,0.0,0.0,N/A,N/A,A process in the process pool was terminated abruptly while the future was running or pending.,-1.0,-1.0,1.0,-1,,,0
2026-08-24T11:28:46,2026-08-24,JLL,ERROR,0,N/A,N/A,0,0.0,0.0,0.0,0.0,0.0,0.0,0.0,2026-08-24,0.0,0.0,0.0,0.0,0.0,0.0,0.0,0.0,0,N/A,-1.0,0.0,0.0,0.0,0.0,N/A,N/A,A process in the process pool was terminated abruptly while the future was running or pending.,-1.0,-1.0,1.0,-1,,,0
2026-08-24T11:28:46,2026-08-24,EWBC,ERROR,0,N/A,N/A,0,0.0,0.0,0.0,0.0,0.0,0.0,0.0,2026-08-24,0.0,0.0,0.0,0.0,0.0,0.0,0.0,0.0,0,N/A,-1.0,0.0,0.0,0.0,0.0,N/A,N/A,A process in the process pool was terminated abruptly while the future was running or pending.,-1.0,-1.0,1.0,-1,,,0
2026-08-24T11:28:46,2026-08-24,APG,ERROR,0,N/A,N/A,0,0.0,0.0,0.0,0.0,0.0,0.0,0.0,2026-08-24,0.0,0.0,0.0,0.0,0.0,0.0,0.0,0.0,0,N/A,-1.0,0.0,0.0,0.0,0.0,N/A,N/A,A process in the process pool was terminated abruptly while the future was running or pending.,-1.0,-1.0,1.0,-1,,,0
2026-08-24T11:28:46,2026-08-24,CG,ERROR,0,N/A,N/A,0,0.0,0.0,0.0,0.0,0.0,0.0,0.0,2026-08-24,0.0,0.0,0.0,0.0,0.0,0.0,0.0,0.0,0,N/A,-1.0,0.0,0.0,0.0,0.0,N/A,N/A,A process in the process pool was terminated abruptly while the future was running or pending.,-1.0,-1.0,1.0,-1,,,0
2026-08-24T11:28:46,2026-08-24,NLY,ERROR,0,N/A,N/A,0,0.0,0.0,0.0,0.0,0.0,0.0,0.0,2026-08-24,0.0,0.0,0.0,0.0,0.0,0.0,0.0,0.0,0,N/A,-1.0,0.0,0.0,0.0,0.0,N/A,N/A,A process in the process pool was terminated abruptly while the future was running or pending.,-1.0,-1.0,1.0,-1,,,0
2026-08-24T11:28:46,2026-08-24,MEDP,ERROR,0,N/A,N/A,0,0.0,0.0,0.0,0.0,0.0,0.0,0.0,2026-08-24,0.0,0.0,0.0,0.0,0.0,0.0,0.0,0.0,0,N/A,-1.0,0.0,0.0,0.0,0.0,N/A,N/A,A process in the process pool was terminated abruptly while the future was running or pending.,-1.0,-1.0,1.0,-1,,,0
2026-08-24T11:28:46,2026-08-24,DINO,ERROR,0,N/A,N/A,0,0.0,0.0,0.0,0.0,0.0,0.0,0.0,2026-08-24,0.0,0.0,0.0,0.0,0.0,0.0,0.0,0.0,0,N/A,-1.0,0.0,0.0,0.0,0.0,N/A,N/A,A process in the process pool was terminated abruptly while the future was running or pending.,-1.0,-1.0,1.0,-1,,,0
2026-08-24T11:28:46,2026-08-24,H,ERROR,0,N/A,N/A,0,0.0,0.0,0.0,0.0,0.0,0.0,0.0,2026-08-24,0.0,0.0,0.0,0.0,0.0,0.0,0.0,0.0,0,N/A,-1.0,0.0,0.0,0.0,0.0,N/A,N/A,A process in the process pool was terminated abruptly while the future was running or pending.,-1.0,-1.0,1.0,-1,,,0
2026-08-24T11:28:46,2026-08-24,WCC,ERROR,0,N/A,N/A,0,0.0,0.0,0.0,0.0,0.0,0.0,0.0,2026-08-24,0.0,0.0,0.0,0.0,0.0,0.0,0.0,0.0,0,N/A,-1.0,0.0,0.0,0.0,0.0,N/A,N/A,A process in the process pool was terminated abruptly while the future was running or pending.,-1.0,-1.0,1.0,-1,,,0
2026-08-24T11:28:46,2026-08-24,RYAN,ERROR,0,N/A,N/A,0,0.0,0.0,0.0,0.0,0.0,0.0,0.0,2026-08-24,0.0,0.0,0.0,0.0,0.0,0.0,0.0,0.0,0,N/A,-1.0,0.0,0.0,0.0,0.0,N/A,N/A,A process in the process pool was terminated abruptly while the future was running or pending.,-1.0,-1.0,1.0,-1,,,0
2026-08-24T11:28:46,2026-08-24,LSCC,ERROR,0,N/A,N/A,0,0.0,0.0,0.0,0.0,0.0,0.0,0.0,2026-08-24,0.0,0.0,0.0,0.0,0.0,0.0,0.0,0.0,0,N/A,-1.0,0.0,0.0,0.0,0.0,N/A,N/A,A process in the process pool was terminated abruptly while the future was running or pending.,-1.0,-1.0,1.0,-1,,,0
2026-08-24T11:28:46,2026-08-24,CLH,ERROR,0,N/A,N/A,0,0.0,0.0,0.0,0.0,0.0,0.0,0.0,2026-08-24,0.0,0.0,0.0,0.0,0.0,0.0,0.0,0.0,0,N/A,-1.0,0.0,0.0,0.0,0.0,N/A,N/A,A process in the process pool was terminated abruptly while the future was running or pending.,-1.0,-1.0,1.0,-1,,,0
2026-08-24T11:28:46,2026-08-24,JAZZ,ERROR,0,N/A,N/A,0,0.0,0.0,0.0,0.0,0.0,0.0,0.0,2026-08-24,0.0,0.0,0.0,0.0,0.0,0.0,0.0,0.0,0,N/A,-1.0,0.0,0.0,0.0,0.0,N/A,N/A,A process in the process pool was terminated abruptly while the future was running or pending.,-1.0,-1.0,1.0,-1,,,0
2026-08-24T11:28:46,2026-08-24,PFGC,ERROR,0,N/A,N/A,0,0.0,0.0,0.0,0.0,0.0,0.0,0.0,2026-08-24,0.0,0.0,0.0,0.0,0.0,0.0,0.0,0.0,0,N/A,-1.0,0.0,0.0,0.0,0.0,N/A,N/A,A process in the process pool was terminated abruptly while the future was running or pending.,-1.0,-1.0,1.0,-1,,,0
2026-08-24T11:28:46,2026-08-24,DKS,ERROR,0,N/A,N/A,0,0.0,0.0,0.0,0.0,0.0,0.0,0.0,2026-08-24,0.0,0.0,0.0,0.0,0.0,0.0,0.0,0.0,0,N/A,-1.0,0.0,0.0,0.0,0.0,N/A,N/A,A process in the process pool was terminated abruptly while the future was running or pending.,-1.0,-1.0,1.0,-1,,,0
2026-08-24T11:28:46,2026-08-24,WPC,ERROR,0,N/A,N/A,0,0.0,0.0,0.0,0.0,0.0,0.0,0.0,2026-08-24,0.0,0.0,0.0,0.0,0.0,0.0,0.0,0.0,0,N/A,-1.0,0.0,0.0,0.0,0.0,N/A,N/A,A process in the process pool was terminated abruptly while the future was running or pending.,-1.0,-1.0,1.0,-1,,,0
2026-08-24T11:28:46,2026-08-24,RBA,ERROR,0,N/A,N/A,0,0.0,0.0,0.0,0.0,0.0,0.0,0.0,2026-08-24,0.0,0.0,0.0,0.0,0.0,0.0,0.0,0.0,0,N/A,-1.0,0.0,0.0,0.0,0.0,N/A,N/A,A process in the process pool was terminated abruptly while the future was running or pending.,-1.0,-1.0,1.0,-1,,,0
2026-08-24T11:28:46,2026-08-24,TRU,ERROR,0,N/A,N/A,0,0.0,0.0,0.0,0.0,0.0,0.0,0.0,2026-08-24,0.0,0.0,0.0,0.0,0.0,0.0,0.0,0.0,0,N/A,-1.0,0.0,0.0,0.0,0.0,N/A,N/A,A process in the process pool was terminated abruptly while the future was running or pending.,-1.0,-1.0,1.0,-1,,,0
2026-08-24T11:28:46,2026-08-24,RBC,ERROR,0,N/A,N/A,0,0.0,0.0,0.0,0.0,0.0,0.0,0.0,2026-08-24,0.0,0.0,0.0,0.0,0.0,0.0,0.0,0.0,0,N/A,-1.0,0.0,0.0,0.0,0.0,N/A,N/A,A process in the process pool was terminated abruptly while the future was running or pending.,-1.0,-1.0,1.0,-1,,,0
2026-08-24T11:28:46,2026-08-24,RGA,ERROR,0,N/A,N/A,0,0.0,0.0,0.0,0.0,0.0,0.0,0.0,2026-08-24,0.0,0.0,0.0,0.0,0.0,0.0,0.0,0.0,0,N/A,-1.0,0.0,0.0,0.0,0.0,N/A,N/A,A process in the process pool was terminated abruptly while the future was running or pending.,-1.0,-1.0,1.0,-1,,,0
2026-08-24T11:28:46,2026-08-24,STRL,ERROR,0,N/A,N/A,0,0.0,0.0,0.0,0.0,0.0,0.0,0.0,2026-08-24,0.0,0.0,0.0,0.0,0.0,0.0,0.0,0.0,0,N/A,-1.0,0.0,0.0,0.0,0.0,N/A,N/A,A process in the process pool was terminated abruptly while the future was running or pending.,-1.0,-1.0,1.0,-1,,,0
2026-08-24T11:28:46,2026-08-24,ARMK,ERROR,0,N/A,N/A,0,0.0,0.0,0.0,0.0,0.0,0.0,0.0,2026-08-24,0.0,0.0,0.0,0.0,0.0,0.0,0.0,0.0,0,N/A,-1.0,0.0,0.0,0.0,0.0,N/A,N/A,A process in the process pool was terminated abruptly while the future was running or pending.,-1.0,-1.0,1.0,-1,,,0
2026-08-24T11:28:46,2026-08-24,GWRE,ERROR,0,N/A,N/A,0,0.0,0.0,0.0,0.0,0.0,0.0,0.0,2026-08-24,0.0,0.0,0.0,0.0,0.0,0.0,0.0,0.0,0,N/A,-1.0,0.0,0.0,0.0,0.0,N/A,N/A,A process in the process pool was terminated abruptly while the future was running or pending.,-1.0,-1.0,1.0,-1,,,0
2026-08-24T11:28:46,2026-08-24,FN,ERROR,0,N/A,N/A,0,0.0,0.0,0.0,0.0,0.0,0.0,0.0,2026-08-24,0.0,0.0,0.0,0.0,0.0,0.0,0.0,0.0,0,N/A,-1.0,0.0,0.0,0.0,0.0,N/A,N/A,A process in the process pool was terminated abruptly while the future was running or pending.,-1.0,-1.0,1.0,-1,,,0
2026-08-24T11:28:46,2026-08-24,SUI,ERROR,0,N/A,N/A,0,0.0,0.0,0.0,0.0,0.0,0.0,0.0,2026-08-24,0.0,0.0,0.0,0.0,0.0,0.0,0.0,0.0,0,N/A,-1.0,0.0,0.0,0.0,0.0,N/A,N/A,A process in the process pool was terminated abruptly while the future was running or pending.,-1.0,-1.0,1.0,-1,,,0
2026-08-24T11:28:46,2026-08-24,NBIX,ERROR,0,N/A,N/A,0,0.0,0.0,0.0,0.0,0.0,0.0,0.0,2026-08-24,0.0,0.0,0.0,0.0,0.0,0.0,0.0,0.0,0,N/A,-1.0,0.0,0.0,0.0,0.0,N/A,N/A,A process in the process pool was terminated abruptly while the future was running or pending.,-1.0,-1.0,1.0,-1,,,0
2026-08-24T11:28:46,2026-08-24,PNFP,ERROR,0,N/A,N/A,0,0.0,0.0,0.0,0.0,0.0,0.0,0.0,2026-08-24,0.0,0.0,0.0,0.0,0.0,0.0,0.0,0.0,0,N/A,-1.0,0.0,0.0,0.0,0.0,N/A,N/A,A process in the process pool was terminated abruptly while the future was running or pending.,-1.0,-1.0,1.0,-1,,,0
2026-08-24T11:28:46,2026-08-24,LECO,ERROR,0,N/A,N/A,0,0.0,0.0,0.0,0.0,0.0,0.0,0.0,2026-08-24,0.0,0.0,0.0,0.0,0.0,0.0,0.0,0.0,0,N/A,-1.0,0.0,0.0,0.0,0.0,N/A,N/A,A process in the process pool was terminated abruptly while the future was running or pending.,-1.0,-1.0,1.0,-1,,,0
2026-08-24T11:28:46,2026-08-24,LAMR,ERROR,0,N/A,N/A,0,0.0,0.0,0.0,0.0,0.0,0.0,0.0,2026-08-24,0.0,0.0,0.0,0.0,0.0,0.0,0.0,0.0,0,N/A,-1.0,0.0,0.0,0.0,0.0,N/A,N/A,A process in the process pool was terminated abruptly while the future was running or pending.,-1.0,-1.0,1.0,-1,,,0
2026-08-24T11:28:46,2026-08-24,ULS,ERROR,0,N/A,N/A,0,0.0,0.0,0.0,0.0,0.0,0.0,0.0,2026-08-24,0.0,0.0,0.0,0.0,0.0,0.0,0.0,0.0,0,N/A,-1.0,0.0,0.0,0.0,0.0,N/A,N/A,A process in the process pool was terminated abruptly while the future was running or pending.,-1.0,-1.0,1.0,-1,,,0
2026-08-24T11:28:46,2026-08-24,TLN,ERROR,0,N/A,N/A,0,0.0,0.0,0.0,0.0,0.0,0.0,0.0,2026-08-24,0.0,0.0,0.0,0.0,0.0,0.0,0.0,0.0,0,N/A,-1.0,0.0,0.0,0.0,0.0,N/A,N/A,A process in the process pool was terminated abruptly while the future was running or pending.,-1.0,-1.0,1.0,-1,,,0
2026-08-24T11:28:46,2026-08-24,OHI,ERROR,0,N/A,N/A,0,0.0,0.0,0.0,0.0,0.0,0.0,0.0,2026-08-24,0.0,0.0,0.0,0.0,0.0,0.0,0.0,0.0,0,N/A,-1.0,0.0,0.0,0.0,0.0,N/A,N/A,A process in the process pool was terminated abruptly while the future was running or pending.,-1.0,-1.0,1.0,-1,,,0
2026-08-24T11:28:46,2026-08-24,CSL,ERROR,0,N/A,N/A,0,0.0,0.0,0.0,0.0,0.0,0.0,0.0,2026-08-24,0.0,0.0,0.0,0.0,0.0,0.0,0.0,0.0,0,N/A,-1.0,0.0,0.0,0.0,0.0,N/A,N/A,A process in the process pool was terminated abruptly while the future was running or pending.,-1.0,-1.0,1.0,-1,,,0
2026-08-24T11:28:46,2026-08-24,BWXT,ERROR,0,N/A,N/A,0,0.0,0.0,0.0,0.0,0.0,0.0,0.0,2026-08-24,0.0,0.0,0.0,0.0,0.0,0.0,0.0,0.0,0,N/A,-1.0,0.0,0.0,0.0,0.0,N/A,N/A,A process in the process pool was terminated abruptly while the future was running or pending.,-1.0,-1.0,1.0,-1,,,0
2026-08-24T11:28:46,2026-08-24,CACI,ERROR,0,N/A,N/A,0,0.0,0.0,0.0,0.0,0.0,0.0,0.0,2026-08-24,0.0,0.0,0.0,0.0,0.0,0.0,0.0,0.0,0,N/A,-1.0,0.0,0.0,0.0,0.0,N/A,N/A,A process in the process pool was terminated abruptly while the future was running or pending.,-1.0,-1.0,1.0,-1,,,0
2026-08-24T11:28:46,2026-08-24,DT,ERROR,0,N/A,N/A,0,0.0,0.0,0.0,0.0,0.0,0.0,0.0,2026-08-24,0.0,0.0,0.0,0.0,0.0,0.0,0.0,0.0,0,N/A,-1.0,0.0,0.0,0.0,0.0,N/A,N/A,A process in the process pool was terminated abruptly while the future was running or pending.,-1.0,-1.0,1.0,-1,,,0
2026-08-24T11:28:46,2026-08-24,CRBG,ERROR,0,N/A,N/A,0,0.0,0.0,0.0,0.0,0.0,0.0,0.0,2026-08-24,0.0,0.0,0.0,0.0,0.0,0.0,0.0,0.0,0,N/A,-1.0,0.0,0.0,0.0,0.0,N/A,N/A,A process in the process pool was terminated abruptly while the future was running or pending.,-1.0,-1.0,1.0,-1,,,0
2026-08-24T11:28:46,2026-08-24,PAG,ERROR,0,N/A,N/A,0,0.0,0.0,0.0,0.0,0.0,0.0,0.0,2026-08-24,0.0,0.0,0.0,0.0,0.0,0.0,0.0,0.0,0,N/A,-1.0,0.0,0.0,0.0,0.0,N/A,N/A,A process in the process pool was terminated abruptly while the future was running or pending.,-1.0,-1.0,1.0,-1,,,0
2026-08-24T11:28:46,2026-08-24,WMG,ERROR,0,N/A,N/A,0,0.0,0.0,0.0,0.0,0.0,0.0,0.0,2026-08-24,0.0,0.0,0.0,0.0,0.0,0.0,0.0,0.0,0,N/A,-1.0,0.0,0.0,0.0,0.0,N/A,N/A,A process in the process pool was terminated abruptly while the future was running or pending.,-1.0,-1.0,1.0,-1,,,0
2026-08-24T11:28:46,2026-08-24,AMH,ERROR,0,N/A,N/A,0,0.0,0.0,0.0,0.0,0.0,0.0,0.0,2026-08-24,0.0,0.0,0.0,0.0,0.0,0.0,0.0,0.0,0,N/A,-1.0,0.0,0.0,0.0,0.0,N/A,N/A,A process in the process pool was terminated abruptly while the future was running or pending.,-1.0,-1.0,1.0,-1,,,0
2026-08-24T11:28:46,2026-08-24,MLI,ERROR,0,N/A,N/A,0,0.0,0.0,0.0,0.0,0.0,0.0,0.0,2026-08-24,0.0,0.0,0.0,0.0,0.0,0.0,0.0,0.0,0,N/A,-1.0,0.0,0.0,0.0,0.0,N/A,N/A,A process in the process pool was terminated abruptly while the future was running or pending.,-1.0,-1.0,1.0,-1,,,0
2026-08-24T11:28:46,2026-08-24,HL,ERROR,0,N/A,N/A,0,0.0,0.0,0.0,0.0,0.0,0.0,0.0,2026-08-24,0.0,0.0,0.0,0.0,0.0,0.0,0.0,0.0,0,N/A,-1.0,0.0,0.0,0.0,0.0,N/A,N/A,A process in the process pool was terminated abruptly while the future was running or pending.,-1.0,-1.0,1.0,-1,,,0
2026-08-24T11:28:46,2026-08-24,UNM,ERROR,0,N/A,N/A,0,0.0,0.0,0.0,0.0,0.0,0.0,0.0,2026-08-24,0.0,0.0,0.0,0.0,0.0,0.0,0.0,0.0,0,N/A,-1.0,0.0,0.0,0.0,0.0,N/A,N/A,A process in the process pool was terminated abruptly while the future was running or pending.,-1.0,-1.0,1.0,-1,,,0
2026-08-24T11:28:46,2026-08-24,RPM,ERROR,0,N/A,N/A,0,0.0,0.0,0.0,0.0,0.0,0.0,0.0,2026-08-24,0.0,0.0,0.0,0.0,0.0,0.0,0.0,0.0,0,N/A,-1.0,0.0,0.0,0.0,0.0,N/A,N/A,A process in the process pool was terminated abruptly while the future was running or pending.,-1.0,-1.0,1.0,-1,,,0
2026-08-24T11:28:46,2026-08-24,FIVE,ERROR,0,N/A,N/A,0,0.0,0.0,0.0,0.0,0.0,0.0,0.0,2026-08-24,0.0,0.0,0.0,0.0,0.0,0.0,0.0,0.0,0,N/A,-1.0,0.0,0.0,0.0,0.0,N/A,N/A,A process in the process pool was terminated abruptly while the future was running or pending.,-1.0,-1.0,1.0,-1,,,0
2026-08-24T11:28:46,2026-08-24,BWA,ERROR,0,N/A,N/A,0,0.0,0.0,0.0,0.0,0.0,0.0,0.0,2026-08-24,0.0,0.0,0.0,0.0,0.0,0.0,0.0,0.0,0,N/A,-1.0,0.0,0.0,0.0,0.0,N/A,N/A,A process in the process pool was terminated abruptly while the future was running or pending.,-1.0,-1.0,1.0,-1,,,0
2026-08-24T11:28:46,2026-08-24,TOL,ERROR,0,N/A,N/A,0,0.0,0.0,0.0,0.0,0.0,0.0,0.0,2026-08-24,0.0,0.0,0.0,0.0,0.0,0.0,0.0,0.0,0,N/A,-1.0,0.0,0.0,0.0,0.0,N/A,N/A,A process in the process pool was terminated abruptly while the future was running or pending.,-1.0,-1.0,1.0,-1,,,0
2026-08-24T11:28:46,2026-08-24,AA,ERROR,0,N/A,N/A,0,0.0,0.0,0.0,0.0,0.0,0.0,0.0,2026-08-24,0.0,0.0,0.0,0.0,0.0,0.0,0.0,0.0,0,N/A,-1.0,0.0,0.0,0.0,0.0,N/A,N/A,A process in the process pool was terminated abruptly while the future was running or pending.,-1.0,-1.0,1.0,-1,,,0
2026-08-24T11:28:46,2026-08-24,IESC,ERROR,0,N/A,N/A,0,0.0,0.0,0.0,0.0,0.0,0.0,0.0,2026-08-24,0.0,0.0,0.0,0.0,0.0,0.0,0.0,0.0,0,N/A,-1.0,0.0,0.0,0.0,0.0,N/A,N/A,A process in the process pool was terminated abruptly while the future was running or pending.,-1.0,-1.0,1.0,-1,,,0
2026-08-24T11:28:46,2026-08-24,SGI,ERROR,0,N/A,N/A,0,0.0,0.0,0.0,0.0,0.0,0.0,0.0,2026-08-24,0.0,0.0,0.0,0.0,0.0,0.0,0.0,0.0,0,N/A,-1.0,0.0,0.0,0.0,0.0,N/A,N/A,A process in the process pool was terminated abruptly while the future was running or pending.,-1.0,-1.0,1.0,-1,,,0
2026-08-24T11:28:46,2026-08-24,DOCN,ERROR,0,N/A,N/A,0,0.0,0.0,0.0,0.0,0.0,0.0,0.0,2026-08-24,0.0,0.0,0.0,0.0,0.0,0.0,0.0,0.0,0,N/A,-1.0,0.0,0.0,0.0,0.0,N/A,N/A,A process in the process pool was terminated abruptly while the future was running or pending.,-1.0,-1.0,1.0,-1,,,0
2026-08-24T11:28:46,2026-08-24,RNR,ERROR,0,N/A,N/A,0,0.0,0.0,0.0,0.0,0.0,0.0,0.0,2026-08-24,0.0,0.0,0.0,0.0,0.0,0.0,0.0,0.0,0,N/A,-1.0,0.0,0.0,0.0,0.0,N/A,N/A,A process in the process pool was terminated abruptly while the future was running or pending.,-1.0,-1.0,1.0,-1,,,0
2026-08-24T11:28:46,2026-08-24,TXRH,ERROR,0,N/A,N/A,0,0.0,0.0,0.0,0.0,0.0,0.0,0.0,2026-08-24,0.0,0.0,0.0,0.0,0.0,0.0,0.0,0.0,0,N/A,-1.0,0.0,0.0,0.0,0.0,N/A,N/A,A process in the process pool was terminated abruptly while the future was running or pending.,-1.0,-1.0,1.0,-1,,,0
2026-08-24T11:28:46,2026-08-24,EXEL,ERROR,0,N/A,N/A,0,0.0,0.0,0.0,0.0,0.0,0.0,0.0,2026-08-24,0.0,0.0,0.0,0.0,0.0,0.0,0.0,0.0,0,N/A,-1.0,0.0,0.0,0.0,0.0,N/A,N/A,A process in the process pool was terminated abruptly while the future was running or pending.,-1.0,-1.0,1.0,-1,,,0
2026-08-24T11:28:46,2026-08-24,EQH,ERROR,0,N/A,N/A,0,0.0,0.0,0.0,0.0,0.0,0.0,0.0,2026-08-24,0.0,0.0,0.0,0.0,0.0,0.0,0.0,0.0,0,N/A,-1.0,0.0,0.0,0.0,0.0,N/A,N/A,A process in the process pool was terminated abruptly while the future was running or pending.,-1.0,-1.0,1.0,-1,,,0
2026-08-24T11:28:46,2026-08-24,NXT,ERROR,0,N/A,N/A,0,0.0,0.0,0.0,0.0,0.0,0.0,0.0,2026-08-24,0.0,0.0,0.0,0.0,0.0,0.0,0.0,0.0,0,N/A,-1.0,0.0,0.0,0.0,0.0,N/A,N/A,A process in the process pool was terminated abruptly while the future was running or pending.,-1.0,-1.0,1.0,-1,,,0
2026-08-24T11:28:46,2026-08-24,SEIC,ERROR,0,N/A,N/A,0,0.0,0.0,0.0,0.0,0.0,0.0,0.0,2026-08-24,0.0,0.0,0.0,0.0,0.0,0.0,0.0,0.0,0,N/A,-1.0,0.0,0.0,0.0,0.0,N/A,N/A,A process in the process pool was terminated abruptly while the future was running or pending.,-1.0,-1.0,1.0,-1,,,0
2026-08-24T11:28:46,2026-08-24,ELS,ERROR,0,N/A,N/A,0,0.0,0.0,0.0,0.0,0.0,0.0,0.0,2026-08-24,0.0,0.0,0.0,0.0,0.0,0.0,0.0,0.0,0,N/A,-1.0,0.0,0.0,0.0,0.0,N/A,N/A,A process in the process pool was terminated abruptly while the future was running or pending.,-1.0,-1.0,1.0,-1,,,0
2026-08-24T11:28:46,2026-08-24,PINS,ERROR,0,N/A,N/A,0,0.0,0.0,0.0,0.0,0.0,0.0,0.0,2026-08-24,0.0,0.0,0.0,0.0,0.0,0.0,0.0,0.0,0,N/A,-1.0,0.0,0.0,0.0,0.0,N/A,N/A,A process in the process pool was terminated abruptly while the future was running or pending.,-1.0,-1.0,1.0,-1,,,0
2026-08-24T11:28:46,2026-08-24,GGG,ERROR,0,N/A,N/A,0,0.0,0.0,0.0,0.0,0.0,0.0,0.0,2026-08-24,0.0,0.0,0.0,0.0,0.0,0.0,0.0,0.0,0,N/A,-1.0,0.0,0.0,0.0,0.0,N/A,N/A,A process in the process pool was terminated abruptly while the future was running or pending.,-1.0,-1.0,1.0,-1,,,0
2026-08-24T11:28:46,2026-08-24,ALLY,ERROR,0,N/A,N/A,0,0.0,0.0,0.0,0.0,0.0,0.0,0.0,2026-08-24,0.0,0.0,0.0,0.0,0.0,0.0,0.0,0.0,0,N/A,-1.0,0.0,0.0,0.0,0.0,N/A,N/A,A process in the process pool was terminated abruptly while the future was running or pending.,-1.0,-1.0,1.0,-1,,,0
2026-08-24T11:28:46,2026-08-24,GLPI,ERROR,0,N/A,N/A,0,0.0,0.0,0.0,0.0,0.0,0.0,0.0,2026-08-24,0.0,0.0,0.0,0.0,0.0,0.0,0.0,0.0,0,N/A,-1.0,0.0,0.0,0.0,0.0,N/A,N/A,A process in the process pool was terminated abruptly while the future was running or pending.,-1.0,-1.0,1.0,-1,,,0
2026-08-24T11:28:46,2026-08-24,CCK,ERROR,0,N/A,N/A,0,0.0,0.0,0.0,0.0,0.0,0.0,0.0,2026-08-24,0.0,0.0,0.0,0.0,0.0,0.0,0.0,0.0,0,N/A,-1.0,0.0,0.0,0.0,0.0,N/A,N/A,A process in the process pool was terminated abruptly while the future was running or pending.,-1.0,-1.0,1.0,-1,,,0
2026-08-24T11:28:46,2026-08-24,DTM,ERROR,0,N/A,N/A,0,0.0,0.0,0.0,0.0,0.0,0.0,0.0,2026-08-24,0.0,0.0,0.0,0.0,0.0,0.0,0.0,0.0,0,N/A,-1.0,0.0,0.0,0.0,0.0,N/A,N/A,A process in the process pool was terminated abruptly while the future was running or pending.,-1.0,-1.0,1.0,-1,,,0
2026-08-24T11:28:46,2026-08-24,BMRN,ERROR,0,N/A,N/A,0,0.0,0.0,0.0,0.0,0.0,0.0,0.0,2026-08-24,0.0,0.0,0.0,0.0,0.0,0.0,0.0,0.0,0,N/A,-1.0,0.0,0.0,0.0,0.0,N/A,N/A,A process in the process pool was terminated abruptly while the future was running or pending.,-1.0,-1.0,1.0,-1,,,0
2026-08-24T11:28:46,2026-08-24,WSO,ERROR,0,N/A,N/A,0,0.0,0.0,0.0,0.0,0.0,0.0,0.0,2026-08-24,0.0,0.0,0.0,0.0,0.0,0.0,0.0,0.0,0,N/A,-1.0,0.0,0.0,0.0,0.0,N/A,N/A,A process in the process pool was terminated abruptly while the future was running or pending.,-1.0,-1.0,1.0,-1,,,0
2026-08-24T11:28:46,2026-08-24,PEN,ERROR,0,N/A,N/A,0,0.0,0.0,0.0,0.0,0.0,0.0,0.0,2026-08-24,0.0,0.0,0.0,0.0,0.0,0.0,0.0,0.0,0,N/A,-1.0,0.0,0.0,0.0,0.0,N/A,N/A,A process in the process pool was terminated abruptly while the future was running or pending.,-1.0,-1.0,1.0,-1,,,0
2026-08-24T11:28:46,2026-08-24,FNF,ERROR,0,N/A,N/A,0,0.0,0.0,0.0,0.0,0.0,0.0,0.0,2026-08-24,0.0,0.0,0.0,0.0,0.0,0.0,0.0,0.0,0,N/A,-1.0,0.0,0.0,0.0,0.0,N/A,N/A,A process in the process pool was terminated abruptly while the future was running or pending.,-1.0,-1.0,1.0,-1,,,0
2026-08-24T11:28:46,2026-08-24,COKE,ERROR,0,N/A,N/A,0,0.0,0.0,0.0,0.0,0.0,0.0,0.0,2026-08-24,0.0,0.0,0.0,0.0,0.0,0.0,0.0,0.0,0,N/A,-1.0,0.0,0.0,0.0,0.0,N/A,N/A,A process in the process pool was terminated abruptly while the future was running or pending.,-1.0,-1.0,1.0,-1,,,0
2026-08-24T11:28:46,2026-08-24,WTS,ERROR,0,N/A,N/A,0,0.0,0.0,0.0,0.0,0.0,0.0,0.0,2026-08-24,0.0,0.0,0.0,0.0,0.0,0.0,0.0,0.0,0,N/A,-1.0,0.0,0.0,0.0,0.0,N/A,N/A,A process in the process pool was terminated abruptly while the future was running or pending.,-1.0,-1.0,1.0,-1,,,0
2026-08-24T11:28:46,2026-08-24,AIT,ERROR,0,N/A,N/A,0,0.0,0.0,0.0,0.0,0.0,0.0,0.0,2026-08-24,0.0,0.0,0.0,0.0,0.0,0.0,0.0,0.0,0,N/A,-1.0,0.0,0.0,0.0,0.0,N/A,N/A,A process in the process pool was terminated abruptly while the future was running or pending.,-1.0,-1.0,1.0,-1,,,0
2026-08-24T11:28:46,2026-08-24,MANH,ERROR,0,N/A,N/A,0,0.0,0.0,0.0,0.0,0.0,0.0,0.0,2026-08-24,0.0,0.0,0.0,0.0,0.0,0.0,0.0,0.0,0,N/A,-1.0,0.0,0.0,0.0,0.0,N/A,N/A,A process in the process pool was terminated abruptly while the future was running or pending.,-1.0,-1.0,1.0,-1,,,0
2026-08-24T11:28:46,2026-08-24,AMKR,ERROR,0,N/A,N/A,0,0.0,0.0,0.0,0.0,0.0,0.0,0.0,2026-08-24,0.0,0.0,0.0,0.0,0.0,0.0,0.0,0.0,0,N/A,-1.0,0.0,0.0,0.0,0.0,N/A,N/A,A process in the process pool was terminated abruptly while the future was running or pending.,-1.0,-1.0,1.0,-1,,,0
2026-08-24T11:28:46,2026-08-24,MOG-A,ERROR,0,N/A,N/A,0,0.0,0.0,0.0,0.0,0.0,0.0,0.0,2026-08-24,0.0,0.0,0.0,0.0,0.0,0.0,0.0,0.0,0,N/A,-1.0,0.0,0.0,0.0,0.0,N/A,N/A,A process in the process pool was terminated abruptly while the future was running or pending.,-1.0,-1.0,1.0,-1,,,0
2026-08-24T11:28:46,2026-08-24,BJ,ERROR,0,N/A,N/A,0,0.0,0.0,0.0,0.0,0.0,0.0,0.0,2026-08-24,0.0,0.0,0.0,0.0,0.0,0.0,0.0,0.0,0,N/A,-1.0,0.0,0.0,0.0,0.0,N/A,N/A,A process in the process pool was terminated abruptly while the future was running or pending.,-1.0,-1.0,1.0,-1,,,0
2026-08-24T11:28:46,2026-08-24,HALO,ERROR,0,N/A,N/A,0,0.0,0.0,0.0,0.0,0.0,0.0,0.0,2026-08-24,0.0,0.0,0.0,0.0,0.0,0.0,0.0,0.0,0,N/A,-1.0,0.0,0.0,0.0,0.0,N/A,N/A,A process in the process pool was terminated abruptly while the future was running or pending.,-1.0,-1.0,1.0,-1,,,0
2026-08-24T11:28:46,2026-08-24,ARWR,ERROR,0,N/A,N/A,0,0.0,0.0,0.0,0.0,0.0,0.0,0.0,2026-08-24,0.0,0.0,0.0,0.0,0.0,0.0,0.0,0.0,0,N/A,-1.0,0.0,0.0,0.0,0.0,N/A,N/A,A process in the process pool was terminated abruptly while the future was running or pending.,-1.0,-1.0,1.0,-1,,,0
2026-08-24T11:28:46,2026-08-24,SF,ERROR,0,N/A,N/A,0,0.0,0.0,0.0,0.0,0.0,0.0,0.0,2026-08-24,0.0,0.0,0.0,0.0,0.0,0.0,0.0,0.0,0,N/A,-1.0,0.0,0.0,0.0,0.0,N/A,N/A,A process in the process pool was terminated abruptly while the future was running or pending.,-1.0,-1.0,1.0,-1,,,0
2026-08-24T11:28:46,2026-08-24,AHR,ERROR,0,N/A,N/A,0,0.0,0.0,0.0,0.0,0.0,0.0,0.0,2026-08-24,0.0,0.0,0.0,0.0,0.0,0.0,0.0,0.0,0,N/A,-1.0,0.0,0.0,0.0,0.0,N/A,N/A,A process in the process pool was terminated abruptly while the future was running or pending.,-1.0,-1.0,1.0,-1,,,0
2026-08-24T11:28:46,2026-08-24,CR,ERROR,0,N/A,N/A,0,0.0,0.0,0.0,0.0,0.0,0.0,0.0,2026-08-24,0.0,0.0,0.0,0.0,0.0,0.0,0.0,0.0,0,N/A,-1.0,0.0,0.0,0.0,0.0,N/A,N/A,A process in the process pool was terminated abruptly while the future was running or pending.,-1.0,-1.0,1.0,-1,,,0
2026-08-24T11:28:46,2026-08-24,ELAN,ERROR,0,N/A,N/A,0,0.0,0.0,0.0,0.0,0.0,0.0,0.0,2026-08-24,0.0,0.0,0.0,0.0,0.0,0.0,0.0,0.0,0,N/A,-1.0,0.0,0.0,0.0,0.0,N/A,N/A,A process in the process pool was terminated abruptly while the future was running or pending.,-1.0,-1.0,1.0,-1,,,0
2026-08-24T11:28:46,2026-08-24,AFG,ERROR,0,N/A,N/A,0,0.0,0.0,0.0,0.0,0.0,0.0,0.0,2026-08-24,0.0,0.0,0.0,0.0,0.0,0.0,0.0,0.0,0,N/A,-1.0,0.0,0.0,0.0,0.0,N/A,N/A,A process in the process pool was terminated abruptly while the future was running or pending.,-1.0,-1.0,1.0,-1,,,0
2026-08-24T11:28:46,2026-08-24,EHC,ERROR,0,N/A,N/A,0,0.0,0.0,0.0,0.0,0.0,0.0,0.0,2026-08-24,0.0,0.0,0.0,0.0,0.0,0.0,0.0,0.0,0,N/A,-1.0,0.0,0.0,0.0,0.0,N/A,N/A,A process in the process pool was terminated abruptly while the future was running or pending.,-1.0,-1.0,1.0,-1,,,0
2026-08-24T11:28:46,2026-08-24,DOCU,ERROR,0,N/A,N/A,0,0.0,0.0,0.0,0.0,0.0,0.0,0.0,2026-08-24,0.0,0.0,0.0,0.0,0.0,0.0,0.0,0.0,0,N/A,-1.0,0.0,0.0,0.0,0.0,N/A,N/A,A process in the process pool was terminated abruptly while the future was running or pending.,-1.0,-1.0,1.0,-1,,,0
2026-08-24T11:28:46,2026-08-24,DY,ERROR,0,N/A,N/A,0,0.0,0.0,0.0,0.0,0.0,0.0,0.0,2026-08-24,0.0,0.0,0.0,0.0,0.0,0.0,0.0,0.0,0,N/A,-1.0,0.0,0.0,0.0,0.0,N/A,N/A,A process in the process pool was terminated abruptly while the future was running or pending.,-1.0,-1.0,1.0,-1,,,0
2026-08-24T11:28:46,2026-08-24,OC,ERROR,0,N/A,N/A,0,0.0,0.0,0.0,0.0,0.0,0.0,0.0,2026-08-24,0.0,0.0,0.0,0.0,0.0,0.0,0.0,0.0,0,N/A,-1.0,0.0,0.0,0.0,0.0,N/A,N/A,A process in the process pool was terminated abruptly while the future was running or pending.,-1.0,-1.0,1.0,-1,,,0
2026-08-24T11:28:46,2026-08-24,FHN,ERROR,0,N/A,N/A,0,0.0,0.0,0.0,0.0,0.0,0.0,0.0,2026-08-24,0.0,0.0,0.0,0.0,0.0,0.0,0.0,0.0,0,N/A,-1.0,0.0,0.0,0.0,0.0,N/A,N/A,A process in the process pool was terminated abruptly while the future was running or pending.,-1.0,-1.0,1.0,-1,,,0
2026-08-24T11:28:46,2026-08-24,GMED,ERROR,0,N/A,N/A,0,0.0,0.0,0.0,0.0,0.0,0.0,0.0,2026-08-24,0.0,0.0,0.0,0.0,0.0,0.0,0.0,0.0,0,N/A,-1.0,0.0,0.0,0.0,0.0,N/A,N/A,A process in the process pool was terminated abruptly while the future was running or pending.,-1.0,-1.0,1.0,-1,,,0
2026-08-24T11:28:46,2026-08-24,AR,ERROR,0,N/A,N/A,0,0.0,0.0,0.0,0.0,0.0,0.0,0.0,2026-08-24,0.0,0.0,0.0,0.0,0.0,0.0,0.0,0.0,0,N/A,-1.0,0.0,0.0,0.0,0.0,N/A,N/A,A process in the process pool was terminated abruptly while the future was running or pending.,-1.0,-1.0,1.0,-1,,,0
2026-08-24T11:28:46,2026-08-24,KNX,ERROR,0,N/A,N/A,0,0.0,0.0,0.0,0.0,0.0,0.0,0.0,2026-08-24,0.0,0.0,0.0,0.0,0.0,0.0,0.0,0.0,0,N/A,-1.0,0.0,0.0,0.0,0.0,N/A,N/A,A process in the process pool was terminated abruptly while the future was running or pending.,-1.0,-1.0,1.0,-1,,,0
2026-08-24T11:28:46,2026-08-24,BTSG,ERROR,0,N/A,N/A,0,0.0,0.0,0.0,0.0,0.0,0.0,0.0,2026-08-24,0.0,0.0,0.0,0.0,0.0,0.0,0.0,0.0,0,N/A,-1.0,0.0,0.0,0.0,0.0,N/A,N/A,A process in the process pool was terminated abruptly while the future was running or pending.,-1.0,-1.0,1.0,-1,,,0
2026-08-24T11:28:46,2026-08-24,TTMI,ERROR,0,N/A,N/A,0,0.0,0.0,0.0,0.0,0.0,0.0,0.0,2026-08-24,0.0,0.0,0.0,0.0,0.0,0.0,0.0,0.0,0,N/A,-1.0,0.0,0.0,0.0,0.0,N/A,N/A,A process in the process pool was terminated abruptly while the future was running or pending.,-1.0,-1.0,1.0,-1,,,0
2026-08-24T11:28:46,2026-08-24,SMTC,ERROR,0,N/A,N/A,0,0.0,0.0,0.0,0.0,0.0,0.0,0.0,2026-08-24,0.0,0.0,0.0,0.0,0.0,0.0,0.0,0.0,0,N/A,-1.0,0.0,0.0,0.0,0.0,N/A,N/A,A process in the process pool was terminated abruptly while the future was running or pending.,-1.0,-1.0,1.0,-1,,,0
2026-08-24T11:28:46,2026-08-24,CART,ERROR,0,N/A,N/A,0,0.0,0.0,0.0,0.0,0.0,0.0,0.0,2026-08-24,0.0,0.0,0.0,0.0,0.0,0.0,0.0,0.0,0,N/A,-1.0,0.0,0.0,0.0,0.0,N/A,N/A,A process in the process pool was terminated abruptly while the future was running or pending.,-1.0,-1.0,1.0,-1,,,0
2026-08-24T11:28:46,2026-08-24,AEIS,ERROR,0,N/A,N/A,0,0.0,0.0,0.0,0.0,0.0,0.0,0.0,2026-08-24,0.0,0.0,0.0,0.0,0.0,0.0,0.0,0.0,0,N/A,-1.0,0.0,0.0,0.0,0.0,N/A,N/A,A process in the process pool was terminated abruptly while the future was running or pending.,-1.0,-1.0,1.0,-1,,,0
2026-08-24T11:28:46,2026-08-24,WTRG,ERROR,0,N/A,N/A,0,0.0,0.0,0.0,0.0,0.0,0.0,0.0,2026-08-24,0.0,0.0,0.0,0.0,0.0,0.0,0.0,0.0,0,N/A,-1.0,0.0,0.0,0.0,0.0,N/A,N/A,A process in the process pool was terminated abruptly while the future was running or pending.,-1.0,-1.0,1.0,-1,,,0
2026-08-24T11:28:46,2026-08-24,SCI,ERROR,0,N/A,N/A,0,0.0,0.0,0.0,0.0,0.0,0.0,0.0,2026-08-24,0.0,0.0,0.0,0.0,0.0,0.0,0.0,0.0,0,N/A,-1.0,0.0,0.0,0.0,0.0,N/A,N/A,A process in the process pool was terminated abruptly while the future was running or pending.,-1.0,-1.0,1.0,-1,,,0
2026-08-24T11:28:46,2026-08-24,EVR,ERROR,0,N/A,N/A,0,0.0,0.0,0.0,0.0,0.0,0.0,0.0,2026-08-24,0.0,0.0,0.0,0.0,0.0,0.0,0.0,0.0,0,N/A,-1.0,0.0,0.0,0.0,0.0,N/A,N/A,A process in the process pool was terminated abruptly while the future was running or pending.,-1.0,-1.0,1.0,-1,,,0
2026-08-24T11:28:46,2026-08-24,BSY,ERROR,0,N/A,N/A,0,0.0,0.0,0.0,0.0,0.0,0.0,0.0,2026-08-24,0.0,0.0,0.0,0.0,0.0,0.0,0.0,0.0,0,N/A,-1.0,0.0,0.0,0.0,0.0,N/A,N/A,A process in the process pool was terminated abruptly while the future was running or pending.,-1.0,-1.0,1.0,-1,,,0
2026-08-24T11:28:46,2026-08-24,RRX,ERROR,0,N/A,N/A,0,0.0,0.0,0.0,0.0,0.0,0.0,0.0,2026-08-24,0.0,0.0,0.0,0.0,0.0,0.0,0.0,0.0,0,N/A,-1.0,0.0,0.0,0.0,0.0,N/A,N/A,A process in the process pool was terminated abruptly while the future was running or pending.,-1.0,-1.0,1.0,-1,,,0
2026-08-24T11:28:46,2026-08-24,UMBF,ERROR,0,N/A,N/A,0,0.0,0.0,0.0,0.0,0.0,0.0,0.0,2026-08-24,0.0,0.0,0.0,0.0,0.0,0.0,0.0,0.0,0,N/A,-1.0,0.0,0.0,0.0,0.0,N/A,N/A,A process in the process pool was terminated abruptly while the future was running or pending.,-1.0,-1.0,1.0,-1,,,0
2026-08-24T11:28:46,2026-08-24,ALSN,ERROR,0,N/A,N/A,0,0.0,0.0,0.0,0.0,0.0,0.0,0.0,2026-08-24,0.0,0.0,0.0,0.0,0.0,0.0,0.0,0.0,0,N/A,-1.0,0.0,0.0,0.0,0.0,N/A,N/A,A process in the process pool was terminated abruptly while the future was running or pending.,-1.0,-1.0,1.0,-1,,,0
2026-08-24T11:28:46,2026-08-24,WMS,ERROR,0,N/A,N/A,0,0.0,0.0,0.0,0.0,0.0,0.0,0.0,2026-08-24,0.0,0.0,0.0,0.0,0.0,0.0,0.0,0.0,0,N/A,-1.0,0.0,0.0,0.0,0.0,N/A,N/A,A process in the process pool was terminated abruptly while the future was running or pending.,-1.0,-1.0,1.0,-1,,,0
2026-08-24T11:28:46,2026-08-24,DCI,ERROR,0,N/A,N/A,0,0.0,0.0,0.0,0.0,0.0,0.0,0.0,2026-08-24,0.0,0.0,0.0,0.0,0.0,0.0,0.0,0.0,0,N/A,-1.0,0.0,0.0,0.0,0.0,N/A,N/A,A process in the process pool was terminated abruptly while the future was running or pending.,-1.0,-1.0,1.0,-1,,,0
2026-08-24T11:28:46,2026-08-24,EGP,ERROR,0,N/A,N/A,0,0.0,0.0,0.0,0.0,0.0,0.0,0.0,2026-08-24,0.0,0.0,0.0,0.0,0.0,0.0,0.0,0.0,0,N/A,-1.0,0.0,0.0,0.0,0.0,N/A,N/A,A process in the process pool was terminated abruptly while the future was running or pending.,-1.0,-1.0,1.0,-1,,,0
2026-08-24T11:28:46,2026-08-24,ARW,ERROR,0,N/A,N/A,0,0.0,0.0,0.0,0.0,0.0,0.0,0.0,2026-08-24,0.0,0.0,0.0,0.0,0.0,0.0,0.0,0.0,0,N/A,-1.0,0.0,0.0,0.0,0.0,N/A,N/A,A process in the process pool was terminated abruptly while the future was running or pending.,-1.0,-1.0,1.0,-1,,,0
2026-08-24T11:28:46,2026-08-24,KTOS,ERROR,0,N/A,N/A,0,0.0,0.0,0.0,0.0,0.0,0.0,0.0,2026-08-24,0.0,0.0,0.0,0.0,0.0,0.0,0.0,0.0,0,N/A,-1.0,0.0,0.0,0.0,0.0,N/A,N/A,A process in the process pool was terminated abruptly while the future was running or pending.,-1.0,-1.0,1.0,-1,,,0
2026-08-24T11:28:46,2026-08-24,MP,ERROR,0,N/A,N/A,0,0.0,0.0,0.0,0.0,0.0,0.0,0.0,2026-08-24,0.0,0.0,0.0,0.0,0.0,0.0,0.0,0.0,0,N/A,-1.0,0.0,0.0,0.0,0.0,N/A,N/A,A process in the process pool was terminated abruptly while the future was running or pending.,-1.0,-1.0,1.0,-1,,,0
2026-08-24T11:28:46,2026-08-24,CYTK,ERROR,0,N/A,N/A,0,0.0,0.0,0.0,0.0,0.0,0.0,0.0,2026-08-24,0.0,0.0,0.0,0.0,0.0,0.0,0.0,0.0,0,N/A,-1.0,0.0,0.0,0.0,0.0,N/A,N/A,A process in the process pool was terminated abruptly while the future was running or pending.,-1.0,-1.0,1.0,-1,,,0
2026-08-24T11:28:46,2026-08-24,JEF,ERROR,0,N/A,N/A,0,0.0,0.0,0.0,0.0,0.0,0.0,0.0,2026-08-24,0.0,0.0,0.0,0.0,0.0,0.0,0.0,0.0,0,N/A,-1.0,0.0,0.0,0.0,0.0,N/A,N/A,A process in the process pool was terminated abruptly while the future was running or pending.,-1.0,-1.0,1.0,-1,,,0
2026-08-24T11:28:46,2026-08-24,NYT,ERROR,0,N/A,N/A,0,0.0,0.0,0.0,0.0,0.0,0.0,0.0,2026-08-24,0.0,0.0,0.0,0.0,0.0,0.0,0.0,0.0,0,N/A,-1.0,0.0,0.0,0.0,0.0,N/A,N/A,A process in the process pool was terminated abruptly while the future was running or pending.,-1.0,-1.0,1.0,-1,,,0
2026-08-24T11:28:46,2026-08-24,AM,ERROR,0,N/A,N/A,0,0.0,0.0,0.0,0.0,0.0,0.0,0.0,2026-08-24,0.0,0.0,0.0,0.0,0.0,0.0,0.0,0.0,0,N/A,-1.0,0.0,0.0,0.0,0.0,N/A,N/A,A process in the process pool was terminated abruptly while the future was running or pending.,-1.0,-1.0,1.0,-1,,,0
2026-08-24T11:28:46,2026-08-24,MUSA,ERROR,0,N/A,N/A,0,0.0,0.0,0.0,0.0,0.0,0.0,0.0,2026-08-24,0.0,0.0,0.0,0.0,0.0,0.0,0.0,0.0,0,N/A,-1.0,0.0,0.0,0.0,0.0,N/A,N/A,A process in the process pool was terminated abruptly while the future was running or pending.,-1.0,-1.0,1.0,-1,,,0
2026-08-24T11:28:46,2026-08-24,LFUS,ERROR,0,N/A,N/A,0,0.0,0.0,0.0,0.0,0.0,0.0,0.0,2026-08-24,0.0,0.0,0.0,0.0,0.0,0.0,0.0,0.0,0,N/A,-1.0,0.0,0.0,0.0,0.0,N/A,N/A,A process in the process pool was terminated abruptly while the future was running or pending.,-1.0,-1.0,1.0,-1,,,0
2026-08-24T11:28:46,2026-08-24,ENSG,ERROR,0,N/A,N/A,0,0.0,0.0,0.0,0.0,0.0,0.0,0.0,2026-08-24,0.0,0.0,0.0,0.0,0.0,0.0,0.0,0.0,0,N/A,-1.0,0.0,0.0,0.0,0.0,N/A,N/A,A process in the process pool was terminated abruptly while the future was running or pending.,-1.0,-1.0,1.0,-1,,,0
2026-08-24T11:28:46,2026-08-24,MOH,ERROR,0,N/A,N/A,0,0.0,0.0,0.0,0.0,0.0,0.0,0.0,2026-08-24,0.0,0.0,0.0,0.0,0.0,0.0,0.0,0.0,0,N/A,-1.0,0.0,0.0,0.0,0.0,N/A,N/A,A process in the process pool was terminated abruptly while the future was running or pending.,-1.0,-1.0,1.0,-1,,,0
2026-08-24T11:28:46,2026-08-24,SPXC,ERROR,0,N/A,N/A,0,0.0,0.0,0.0,0.0,0.0,0.0,0.0,2026-08-24,0.0,0.0,0.0,0.0,0.0,0.0,0.0,0.0,0,N/A,-1.0,0.0,0.0,0.0,0.0,N/A,N/A,A process in the process pool was terminated abruptly while the future was running or pending.,-1.0,-1.0,1.0,-1,,,0
2026-08-24T11:28:46,2026-08-24,DAR,ERROR,0,N/A,N/A,0,0.0,0.0,0.0,0.0,0.0,0.0,0.0,2026-08-24,0.0,0.0,0.0,0.0,0.0,0.0,0.0,0.0,0,N/A,-1.0,0.0,0.0,0.0,0.0,N/A,N/A,A process in the process pool was terminated abruptly while the future was running or pending.,-1.0,-1.0,1.0,-1,,,0
2026-08-24T11:28:46,2026-08-24,SSB,ERROR,0,N/A,N/A,0,0.0,0.0,0.0,0.0,0.0,0.0,0.0,2026-08-24,0.0,0.0,0.0,0.0,0.0,0.0,0.0,0.0,0,N/A,-1.0,0.0,0.0,0.0,0.0,N/A,N/A,A process in the process pool was terminated abruptly while the future was running or pending.,-1.0,-1.0,1.0,-1,,,0
2026-08-24T11:28:46,2026-08-24,WTFC,ERROR,0,N/A,N/A,0,0.0,0.0,0.0,0.0,0.0,0.0,0.0,2026-08-24,0.0,0.0,0.0,0.0,0.0,0.0,0.0,0.0,0,N/A,-1.0,0.0,0.0,0.0,0.0,N/A,N/A,A process in the process pool was terminated abruptly while the future was running or pending.,-1.0,-1.0,1.0,-1,,,0
2026-08-24T11:28:46,2026-08-24,AYI,ERROR,0,N/A,N/A,0,0.0,0.0,0.0,0.0,0.0,0.0,0.0,2026-08-24,0.0,0.0,0.0,0.0,0.0,0.0,0.0,0.0,0,N/A,-1.0,0.0,0.0,0.0,0.0,N/A,N/A,A process in the process pool was terminated abruptly while the future was running or pending.,-1.0,-1.0,1.0,-1,,,0
2026-08-24T11:28:46,2026-08-24,KRYS,ERROR,0,N/A,N/A,0,0.0,0.0,0.0,0.0,0.0,0.0,0.0,2026-08-24,0.0,0.0,0.0,0.0,0.0,0.0,0.0,0.0,0,N/A,-1.0,0.0,0.0,0.0,0.0,N/A,N/A,A process in the process pool was terminated abruptly while the future was running or pending.,-1.0,-1.0,1.0,-1,,,0
2026-08-24T11:28:46,2026-08-24,RGEN,ERROR,0,N/A,N/A,0,0.0,0.0,0.0,0.0,0.0,0.0,0.0,2026-08-24,0.0,0.0,0.0,0.0,0.0,0.0,0.0,0.0,0,N/A,-1.0,0.0,0.0,0.0,0.0,N/A,N/A,A process in the process pool was terminated abruptly while the future was running or pending.,-1.0,-1.0,1.0,-1,,,0
2026-08-24T11:28:46,2026-08-24,CFR,ERROR,0,N/A,N/A,0,0.0,0.0,0.0,0.0,0.0,0.0,0.0,2026-08-24,0.0,0.0,0.0,0.0,0.0,0.0,0.0,0.0,0,N/A,-1.0,0.0,0.0,0.0,0.0,N/A,N/A,A process in the process pool was terminated abruptly while the future was running or pending.,-1.0,-1.0,1.0,-1,,,0
2026-08-24T11:28:46,2026-08-24,CGNX,ERROR,0,N/A,N/A,0,0.0,0.0,0.0,0.0,0.0,0.0,0.0,2026-08-24,0.0,0.0,0.0,0.0,0.0,0.0,0.0,0.0,0,N/A,-1.0,0.0,0.0,0.0,0.0,N/A,N/A,A process in the process pool was terminated abruptly while the future was running or pending.,-1.0,-1.0,1.0,-1,,,0
2026-08-24T11:28:46,2026-08-24,BIO,ERROR,0,N/A,N/A,0,0.0,0.0,0.0,0.0,0.0,0.0,0.0,2026-08-24,0.0,0.0,0.0,0.0,0.0,0.0,0.0,0.0,0,N/A,-1.0,0.0,0.0,0.0,0.0,N/A,N/A,A process in the process pool was terminated abruptly while the future was running or pending.,-1.0,-1.0,1.0,-1,,,0
2026-08-24T11:28:46,2026-08-24,FLS,ERROR,0,N/A,N/A,0,0.0,0.0,0.0,0.0,0.0,0.0,0.0,2026-08-24,0.0,0.0,0.0,0.0,0.0,0.0,0.0,0.0,0,N/A,-1.0,0.0,0.0,0.0,0.0,N/A,N/A,A process in the process pool was terminated abruptly while the future was running or pending.,-1.0,-1.0,1.0,-1,,,0
2026-08-24T11:28:46,2026-08-24,SANM,ERROR,0,N/A,N/A,0,0.0,0.0,0.0,0.0,0.0,0.0,0.0,2026-08-24,0.0,0.0,0.0,0.0,0.0,0.0,0.0,0.0,0,N/A,-1.0,0.0,0.0,0.0,0.0,N/A,N/A,A process in the process pool was terminated abruptly while the future was running or pending.,-1.0,-1.0,1.0,-1,,,0
2026-08-24T11:28:46,2026-08-24,WLK,ERROR,0,N/A,N/A,0,0.0,0.0,0.0,0.0,0.0,0.0,0.0,2026-08-24,0.0,0.0,0.0,0.0,0.0,0.0,0.0,0.0,0,N/A,-1.0,0.0,0.0,0.0,0.0,N/A,N/A,A process in the process pool was terminated abruptly while the future was running or pending.,-1.0,-1.0,1.0,-1,,,0
2026-08-24T11:28:46,2026-08-24,ORI,ERROR,0,N/A,N/A,0,0.0,0.0,0.0,0.0,0.0,0.0,0.0,2026-08-24,0.0,0.0,0.0,0.0,0.0,0.0,0.0,0.0,0,N/A,-1.0,0.0,0.0,0.0,0.0,N/A,N/A,A process in the process pool was terminated abruptly while the future was running or pending.,-1.0,-1.0,1.0,-1,,,0
2026-08-24T11:28:46,2026-08-24,ZION,ERROR,0,N/A,N/A,0,0.0,0.0,0.0,0.0,0.0,0.0,0.0,2026-08-24,0.0,0.0,0.0,0.0,0.0,0.0,0.0,0.0,0,N/A,-1.0,0.0,0.0,0.0,0.0,N/A,N/A,A process in the process pool was terminated abruptly while the future was running or pending.,-1.0,-1.0,1.0,-1,,,0
2026-08-24T11:28:46,2026-08-24,ONB,ERROR,0,N/A,N/A,0,0.0,0.0,0.0,0.0,0.0,0.0,0.0,2026-08-24,0.0,0.0,0.0,0.0,0.0,0.0,0.0,0.0,0,N/A,-1.0,0.0,0.0,0.0,0.0,N/A,N/A,A process in the process pool was terminated abruptly while the future was running or pending.,-1.0,-1.0,1.0,-1,,,0
2026-08-24T11:28:46,2026-08-24,RMBS,ERROR,0,N/A,N/A,0,0.0,0.0,0.0,0.0,0.0,0.0,0.0,2026-08-24,0.0,0.0,0.0,0.0,0.0,0.0,0.0,0.0,0,N/A,-1.0,0.0,0.0,0.0,0.0,N/A,N/A,A process in the process pool was terminated abruptly while the future was running or pending.,-1.0,-1.0,1.0,-1,,,0
2026-08-24T11:28:46,2026-08-24,CHWY,ERROR,0,N/A,N/A,0,0.0,0.0,0.0,0.0,0.0,0.0,0.0,2026-08-24,0.0,0.0,0.0,0.0,0.0,0.0,0.0,0.0,0,N/A,-1.0,0.0,0.0,0.0,0.0,N/A,N/A,A process in the process pool was terminated abruptly while the future was running or pending.,-1.0,-1.0,1.0,-1,,,0
2026-08-24T11:28:46,2026-08-24,OSK,ERROR,0,N/A,N/A,0,0.0,0.0,0.0,0.0,0.0,0.0,0.0,2026-08-24,0.0,0.0,0.0,0.0,0.0,0.0,0.0,0.0,0,N/A,-1.0,0.0,0.0,0.0,0.0,N/A,N/A,A process in the process pool was terminated abruptly while the future was running or pending.,-1.0,-1.0,1.0,-1,,,0
2026-08-24T11:28:46,2026-08-24,AVTR,ERROR,0,N/A,N/A,0,0.0,0.0,0.0,0.0,0.0,0.0,0.0,2026-08-24,0.0,0.0,0.0,0.0,0.0,0.0,0.0,0.0,0,N/A,-1.0,0.0,0.0,0.0,0.0,N/A,N/A,A process in the process pool was terminated abruptly while the future was running or pending.,-1.0,-1.0,1.0,-1,,,0
2026-08-24T11:28:46,2026-08-24,FCFS,ERROR,0,N/A,N/A,0,0.0,0.0,0.0,0.0,0.0,0.0,0.0,2026-08-24,0.0,0.0,0.0,0.0,0.0,0.0,0.0,0.0,0,N/A,-1.0,0.0,0.0,0.0,0.0,N/A,N/A,A process in the process pool was terminated abruptly while the future was running or pending.,-1.0,-1.0,1.0,-1,,,0
2026-08-24T11:28:46,2026-08-24,SIRI,ERROR,0,N/A,N/A,0,0.0,0.0,0.0,0.0,0.0,0.0,0.0,2026-08-24,0.0,0.0,0.0,0.0,0.0,0.0,0.0,0.0,0,N/A,-1.0,0.0,0.0,0.0,0.0,N/A,N/A,A process in the process pool was terminated abruptly while the future was running or pending.,-1.0,-1.0,1.0,-1,,,0
2026-08-24T11:28:46,2026-08-24,SAIA,ERROR,0,N/A,N/A,0,0.0,0.0,0.0,0.0,0.0,0.0,0.0,2026-08-24,0.0,0.0,0.0,0.0,0.0,0.0,0.0,0.0,0,N/A,-1.0,0.0,0.0,0.0,0.0,N/A,N/A,A process in the process pool was terminated abruptly while the future was running or pending.,-1.0,-1.0,1.0,-1,,,0
2026-08-24T11:28:46,2026-08-24,VIAV,ERROR,0,N/A,N/A,0,0.0,0.0,0.0,0.0,0.0,0.0,0.0,2026-08-24,0.0,0.0,0.0,0.0,0.0,0.0,0.0,0.0,0,N/A,-1.0,0.0,0.0,0.0,0.0,N/A,N/A,A process in the process pool was terminated abruptly while the future was running or pending.,-1.0,-1.0,1.0,-1,,,0
2026-08-24T11:28:46,2026-08-24,RRC,ERROR,0,N/A,N/A,0,0.0,0.0,0.0,0.0,0.0,0.0,0.0,2026-08-24,0.0,0.0,0.0,0.0,0.0,0.0,0.0,0.0,0,N/A,-1.0,0.0,0.0,0.0,0.0,N/A,N/A,A process in the process pool was terminated abruptly while the future was running or pending.,-1.0,-1.0,1.0,-1,,,0
2026-08-24T11:28:46,2026-08-24,R,ERROR,0,N/A,N/A,0,0.0,0.0,0.0,0.0,0.0,0.0,0.0,2026-08-24,0.0,0.0,0.0,0.0,0.0,0.0,0.0,0.0,0,N/A,-1.0,0.0,0.0,0.0,0.0,N/A,N/A,A process in the process pool was terminated abruptly while the future was running or pending.,-1.0,-1.0,1.0,-1,,,0
2026-08-24T11:28:46,2026-08-24,TTEK,ERROR,0,N/A,N/A,0,0.0,0.0,0.0,0.0,0.0,0.0,0.0,2026-08-24,0.0,0.0,0.0,0.0,0.0,0.0,0.0,0.0,0,N/A,-1.0,0.0,0.0,0.0,0.0,N/A,N/A,A process in the process pool was terminated abruptly while the future was running or pending.,-1.0,-1.0,1.0,-1,,,0
2026-08-24T11:28:46,2026-08-24,TTC,ERROR,0,N/A,N/A,0,0.0,0.0,0.0,0.0,0.0,0.0,0.0,2026-08-24,0.0,0.0,0.0,0.0,0.0,0.0,0.0,0.0,0,N/A,-1.0,0.0,0.0,0.0,0.0,N/A,N/A,A process in the process pool was terminated abruptly while the future was running or pending.,-1.0,-1.0,1.0,-1,,,0
2026-08-24T11:28:46,2026-08-24,VMI,ERROR,0,N/A,N/A,0,0.0,0.0,0.0,0.0,0.0,0.0,0.0,2026-08-24,0.0,0.0,0.0,0.0,0.0,0.0,0.0,0.0,0,N/A,-1.0,0.0,0.0,0.0,0.0,N/A,N/A,A process in the process pool was terminated abruptly while the future was running or pending.,-1.0,-1.0,1.0,-1,,,0
2026-08-24T11:28:46,2026-08-24,OGE,ERROR,0,N/A,N/A,0,0.0,0.0,0.0,0.0,0.0,0.0,0.0,2026-08-24,0.0,0.0,0.0,0.0,0.0,0.0,0.0,0.0,0,N/A,-1.0,0.0,0.0,0.0,0.0,N/A,N/A,A process in the process pool was terminated abruptly while the future was running or pending.,-1.0,-1.0,1.0,-1,,,0
2026-08-24T11:28:46,2026-08-24,CTRE,ERROR,0,N/A,N/A,0,0.0,0.0,0.0,0.0,0.0,0.0,0.0,2026-08-24,0.0,0.0,0.0,0.0,0.0,0.0,0.0,0.0,0,N/A,-1.0,0.0,0.0,0.0,0.0,N/A,N/A,A process in the process pool was terminated abruptly while the future was running or pending.,-1.0,-1.0,1.0,-1,,,0
2026-08-24T11:28:46,2026-08-24,CUBE,ERROR,0,N/A,N/A,0,0.0,0.0,0.0,0.0,0.0,0.0,0.0,2026-08-24,0.0,0.0,0.0,0.0,0.0,0.0,0.0,0.0,0,N/A,-1.0,0.0,0.0,0.0,0.0,N/A,N/A,A process in the process pool was terminated abruptly while the future was running or pending.,-1.0,-1.0,1.0,-1,,,0
2026-08-24T11:28:46,2026-08-24,BAH,ERROR,0,N/A,N/A,0,0.0,0.0,0.0,0.0,0.0,0.0,0.0,2026-08-24,0.0,0.0,0.0,0.0,0.0,0.0,0.0,0.0,0,N/A,-1.0,0.0,0.0,0.0,0.0,N/A,N/A,A process in the process pool was terminated abruptly while the future was running or pending.,-1.0,-1.0,1.0,-1,,,0
2026-08-24T11:28:46,2026-08-24,VICR,ERROR,0,N/A,N/A,0,0.0,0.0,0.0,0.0,0.0,0.0,0.0,2026-08-24,0.0,0.0,0.0,0.0,0.0,0.0,0.0,0.0,0,N/A,-1.0,0.0,0.0,0.0,0.0,N/A,N/A,A process in the process pool was terminated abruptly while the future was running or pending.,-1.0,-1.0,1.0,-1,,,0
2026-08-24T11:28:46,2026-08-24,ADC,ERROR,0,N/A,N/A,0,0.0,0.0,0.0,0.0,0.0,0.0,0.0,2026-08-24,0.0,0.0,0.0,0.0,0.0,0.0,0.0,0.0,0,N/A,-1.0,0.0,0.0,0.0,0.0,N/A,N/A,A process in the process pool was terminated abruptly while the future was running or pending.,-1.0,-1.0,1.0,-1,,,0
2026-08-24T11:28:46,2026-08-24,AMG,ERROR,0,N/A,N/A,0,0.0,0.0,0.0,0.0,0.0,0.0,0.0,2026-08-24,0.0,0.0,0.0,0.0,0.0,0.0,0.0,0.0,0,N/A,-1.0,0.0,0.0,0.0,0.0,N/A,N/A,A process in the process pool was terminated abruptly while the future was running or pending.,-1.0,-1.0,1.0,-1,,,0
2026-08-24T11:28:46,2026-08-24,ALV,ERROR,0,N/A,N/A,0,0.0,0.0,0.0,0.0,0.0,0.0,0.0,2026-08-24,0.0,0.0,0.0,0.0,0.0,0.0,0.0,0.0,0,N/A,-1.0,0.0,0.0,0.0,0.0,N/A,N/A,A process in the process pool was terminated abruptly while the future was running or pending.,-1.0,-1.0,1.0,-1,,,0
2026-08-24T11:28:46,2026-08-24,AAL,ERROR,0,N/A,N/A,0,0.0,0.0,0.0,0.0,0.0,0.0,0.0,2026-08-24,0.0,0.0,0.0,0.0,0.0,0.0,0.0,0.0,0,N/A,-1.0,0.0,0.0,0.0,0.0,N/A,N/A,A process in the process pool was terminated abruptly while the future was running or pending.,-1.0,-1.0,1.0,-1,,,0
2026-08-24T11:28:46,2026-08-24,PRI,ERROR,0,N/A,N/A,0,0.0,0.0,0.0,0.0,0.0,0.0,0.0,2026-08-24,0.0,0.0,0.0,0.0,0.0,0.0,0.0,0.0,0,N/A,-1.0,0.0,0.0,0.0,0.0,N/A,N/A,A process in the process pool was terminated abruptly while the future was running or pending.,-1.0,-1.0,1.0,-1,,,0
2026-08-24T11:28:46,2026-08-24,BRKR,ERROR,0,N/A,N/A,0,0.0,0.0,0.0,0.0,0.0,0.0,0.0,2026-08-24,0.0,0.0,0.0,0.0,0.0,0.0,0.0,0.0,0,N/A,-1.0,0.0,0.0,0.0,0.0,N/A,N/A,A process in the process pool was terminated abruptly while the future was running or pending.,-1.0,-1.0,1.0,-1,,,0
2026-08-24T11:28:46,2026-08-24,HLI,ERROR,0,N/A,N/A,0,0.0,0.0,0.0,0.0,0.0,0.0,0.0,2026-08-24,0.0,0.0,0.0,0.0,0.0,0.0,0.0,0.0,0,N/A,-1.0,0.0,0.0,0.0,0.0,N/A,N/A,A process in the process pool was terminated abruptly while the future was running or pending.,-1.0,-1.0,1.0,-1,,,0
2026-08-24T11:28:46,2026-08-24,BRX,ERROR,0,N/A,N/A,0,0.0,0.0,0.0,0.0,0.0,0.0,0.0,2026-08-24,0.0,0.0,0.0,0.0,0.0,0.0,0.0,0.0,0,N/A,-1.0,0.0,0.0,0.0,0.0,N/A,N/A,A process in the process pool was terminated abruptly while the future was running or pending.,-1.0,-1.0,1.0,-1,,,0
2026-08-24T11:28:46,2026-08-24,SOLS,ERROR,0,N/A,N/A,0,0.0,0.0,0.0,0.0,0.0,0.0,0.0,2026-08-24,0.0,0.0,0.0,0.0,0.0,0.0,0.0,0.0,0,N/A,-1.0,0.0,0.0,0.0,0.0,N/A,N/A,A process in the process pool was terminated abruptly while the future was running or pending.,-1.0,-1.0,1.0,-1,,,0
2026-08-24T11:28:46,2026-08-24,VOYA,ERROR,0,N/A,N/A,0,0.0,0.0,0.0,0.0,0.0,0.0,0.0,2026-08-24,0.0,0.0,0.0,0.0,0.0,0.0,0.0,0.0,0,N/A,-1.0,0.0,0.0,0.0,0.0,N/A,N/A,A process in the process pool was terminated abruptly while the future was running or pending.,-1.0,-1.0,1.0,-1,,,0
2026-08-24T11:28:46,2026-08-24,HQY,ERROR,0,N/A,N/A,0,0.0,0.0,0.0,0.0,0.0,0.0,0.0,2026-08-24,0.0,0.0,0.0,0.0,0.0,0.0,0.0,0.0,0,N/A,-1.0,0.0,0.0,0.0,0.0,N/A,N/A,A process in the process pool was terminated abruptly while the future was running or pending.,-1.0,-1.0,1.0,-1,,,0
2026-08-24T11:28:46,2026-08-24,IDCC,ERROR,0,N/A,N/A,0,0.0,0.0,0.0,0.0,0.0,0.0,0.0,2026-08-24,0.0,0.0,0.0,0.0,0.0,0.0,0.0,0.0,0,N/A,-1.0,0.0,0.0,0.0,0.0,N/A,N/A,A process in the process pool was terminated abruptly while the future was running or pending.,-1.0,-1.0,1.0,-1,,,0
2026-08-24T11:28:46,2026-08-24,NNN,ERROR,0,N/A,N/A,0,0.0,0.0,0.0,0.0,0.0,0.0,0.0,2026-08-24,0.0,0.0,0.0,0.0,0.0,0.0,0.0,0.0,0,N/A,-1.0,0.0,0.0,0.0,0.0,N/A,N/A,A process in the process pool was terminated abruptly while the future was running or pending.,-1.0,-1.0,1.0,-1,,,0
2026-08-24T11:28:46,2026-08-24,BROS,ERROR,0,N/A,N/A,0,0.0,0.0,0.0,0.0,0.0,0.0,0.0,2026-08-24,0.0,0.0,0.0,0.0,0.0,0.0,0.0,0.0,0,N/A,-1.0,0.0,0.0,0.0,0.0,N/A,N/A,A process in the process pool was terminated abruptly while the future was running or pending.,-1.0,-1.0,1.0,-1,,,0
2026-08-24T11:28:46,2026-08-24,PB,ERROR,0,N/A,N/A,0,0.0,0.0,0.0,0.0,0.0,0.0,0.0,2026-08-24,0.0,0.0,0.0,0.0,0.0,0.0,0.0,0.0,0,N/A,-1.0,0.0,0.0,0.0,0.0,N/A,N/A,A process in the process pool was terminated abruptly while the future was running or pending.,-1.0,-1.0,1.0,-1,,,0
2026-08-24T11:28:46,2026-08-24,KNSL,ERROR,0,N/A,N/A,0,0.0,0.0,0.0,0.0,0.0,0.0,0.0,2026-08-24,0.0,0.0,0.0,0.0,0.0,0.0,0.0,0.0,0,N/A,-1.0,0.0,0.0,0.0,0.0,N/A,N/A,A process in the process pool was terminated abruptly while the future was running or pending.,-1.0,-1.0,1.0,-1,,,0
2026-08-24T11:28:46,2026-08-24,PBF,ERROR,0,N/A,N/A,0,0.0,0.0,0.0,0.0,0.0,0.0,0.0,2026-08-24,0.0,0.0,0.0,0.0,0.0,0.0,0.0,0.0,0,N/A,-1.0,0.0,0.0,0.0,0.0,N/A,N/A,A process in the process pool was terminated abruptly while the future was running or pending.,-1.0,-1.0,1.0,-1,,,0
2026-08-24T11:28:46,2026-08-24,COLB,ERROR,0,N/A,N/A,0,0.0,0.0,0.0,0.0,0.0,0.0,0.0,2026-08-24,0.0,0.0,0.0,0.0,0.0,0.0,0.0,0.0,0,N/A,-1.0,0.0,0.0,0.0,0.0,N/A,N/A,A process in the process pool was terminated abruptly while the future was running or pending.,-1.0,-1.0,1.0,-1,,,0
2026-08-24T11:28:46,2026-08-24,TKR,ERROR,0,N/A,N/A,0,0.0,0.0,0.0,0.0,0.0,0.0,0.0,2026-08-24,0.0,0.0,0.0,0.0,0.0,0.0,0.0,0.0,0,N/A,-1.0,0.0,0.0,0.0,0.0,N/A,N/A,A process in the process pool was terminated abruptly while the future was running or pending.,-1.0,-1.0,1.0,-1,,,0
2026-08-24T11:28:46,2026-08-24,WAL,ERROR,0,N/A,N/A,0,0.0,0.0,0.0,0.0,0.0,0.0,0.0,2026-08-24,0.0,0.0,0.0,0.0,0.0,0.0,0.0,0.0,0,N/A,-1.0,0.0,0.0,0.0,0.0,N/A,N/A,A process in the process pool was terminated abruptly while the future was running or pending.,-1.0,-1.0,1.0,-1,,,0
2026-08-24T11:28:46,2026-08-24,CNM,ERROR,0,N/A,N/A,0,0.0,0.0,0.0,0.0,0.0,0.0,0.0,2026-08-24,0.0,0.0,0.0,0.0,0.0,0.0,0.0,0.0,0,N/A,-1.0,0.0,0.0,0.0,0.0,N/A,N/A,A process in the process pool was terminated abruptly while the future was running or pending.,-1.0,-1.0,1.0,-1,,,0
2026-08-24T11:28:46,2026-08-24,FR,ERROR,0,N/A,N/A,0,0.0,0.0,0.0,0.0,0.0,0.0,0.0,2026-08-24,0.0,0.0,0.0,0.0,0.0,0.0,0.0,0.0,0,N/A,-1.0,0.0,0.0,0.0,0.0,N/A,N/A,A process in the process pool was terminated abruptly while the future was running or pending.,-1.0,-1.0,1.0,-1,,,0
2026-08-24T11:28:46,2026-08-24,NEU,ERROR,0,N/A,N/A,0,0.0,0.0,0.0,0.0,0.0,0.0,0.0,2026-08-24,0.0,0.0,0.0,0.0,0.0,0.0,0.0,0.0,0,N/A,-1.0,0.0,0.0,0.0,0.0,N/A,N/A,A process in the process pool was terminated abruptly while the future was running or pending.,-1.0,-1.0,1.0,-1,,,0
2026-08-24T11:28:46,2026-08-24,CAVA,ERROR,0,N/A,N/A,0,0.0,0.0,0.0,0.0,0.0,0.0,0.0,2026-08-24,0.0,0.0,0.0,0.0,0.0,0.0,0.0,0.0,0,N/A,-1.0,0.0,0.0,0.0,0.0,N/A,N/A,A process in the process pool was terminated abruptly while the future was running or pending.,-1.0,-1.0,1.0,-1,,,0
2026-08-24T11:28:46,2026-08-24,ATR,ERROR,0,N/A,N/A,0,0.0,0.0,0.0,0.0,0.0,0.0,0.0,2026-08-24,0.0,0.0,0.0,0.0,0.0,0.0,0.0,0.0,0,N/A,-1.0,0.0,0.0,0.0,0.0,N/A,N/A,A process in the process pool was terminated abruptly while the future was running or pending.,-1.0,-1.0,1.0,-1,,,0
2026-08-24T11:28:46,2026-08-24,LEA,ERROR,0,N/A,N/A,0,0.0,0.0,0.0,0.0,0.0,0.0,0.0,2026-08-24,0.0,0.0,0.0,0.0,0.0,0.0,0.0,0.0,0,N/A,-1.0,0.0,0.0,0.0,0.0,N/A,N/A,A process in the process pool was terminated abruptly while the future was running or pending.,-1.0,-1.0,1.0,-1,,,0
2026-08-24T11:28:46,2026-08-24,REXR,ERROR,0,N/A,N/A,0,0.0,0.0,0.0,0.0,0.0,0.0,0.0,2026-08-24,0.0,0.0,0.0,0.0,0.0,0.0,0.0,0.0,0,N/A,-1.0,0.0,0.0,0.0,0.0,N/A,N/A,A process in the process pool was terminated abruptly while the future was running or pending.,-1.0,-1.0,1.0,-1,,,0
2026-08-24T11:28:46,2026-08-24,PATH,ERROR,0,N/A,N/A,0,0.0,0.0,0.0,0.0,0.0,0.0,0.0,2026-08-24,0.0,0.0,0.0,0.0,0.0,0.0,0.0,0.0,0,N/A,-1.0,0.0,0.0,0.0,0.0,N/A,N/A,A process in the process pool was terminated abruptly while the future was running or pending.,-1.0,-1.0,1.0,-1,,,0
2026-08-24T11:28:46,2026-08-24,CELH,ERROR,0,N/A,N/A,0,0.0,0.0,0.0,0.0,0.0,0.0,0.0,2026-08-24,0.0,0.0,0.0,0.0,0.0,0.0,0.0,0.0,0,N/A,-1.0,0.0,0.0,0.0,0.0,N/A,N/A,A process in the process pool was terminated abruptly while the future was running or pending.,-1.0,-1.0,1.0,-1,,,0
2026-08-24T11:28:46,2026-08-24,CBSH,ERROR,0,N/A,N/A,0,0.0,0.0,0.0,0.0,0.0,0.0,0.0,2026-08-24,0.0,0.0,0.0,0.0,0.0,0.0,0.0,0.0,0,N/A,-1.0,0.0,0.0,0.0,0.0,N/A,N/A,A process in the process pool was terminated abruptly while the future was running or pending.,-1.0,-1.0,1.0,-1,,,0
2026-08-24T11:28:46,2026-08-24,ACM,ERROR,0,N/A,N/A,0,0.0,0.0,0.0,0.0,0.0,0.0,0.0,2026-08-24,0.0,0.0,0.0,0.0,0.0,0.0,0.0,0.0,0,N/A,-1.0,0.0,0.0,0.0,0.0,N/A,N/A,A process in the process pool was terminated abruptly while the future was running or pending.,-1.0,-1.0,1.0,-1,,,0
2026-08-24T11:28:46,2026-08-24,SARO,ERROR,0,N/A,N/A,0,0.0,0.0,0.0,0.0,0.0,0.0,0.0,2026-08-24,0.0,0.0,0.0,0.0,0.0,0.0,0.0,0.0,0,N/A,-1.0,0.0,0.0,0.0,0.0,N/A,N/A,A process in the process pool was terminated abruptly while the future was running or pending.,-1.0,-1.0,1.0,-1,,,0
2026-08-24T11:28:46,2026-08-24,GME,ERROR,0,N/A,N/A,0,0.0,0.0,0.0,0.0,0.0,0.0,0.0,2026-08-24,0.0,0.0,0.0,0.0,0.0,0.0,0.0,0.0,0,N/A,-1.0,0.0,0.0,0.0,0.0,N/A,N/A,A process in the process pool was terminated abruptly while the future was running or pending.,-1.0,-1.0,1.0,-1,,,0
2026-08-24T11:28:46,2026-08-24,LAD,ERROR,0,N/A,N/A,0,0.0,0.0,0.0,0.0,0.0,0.0,0.0,2026-08-24,0.0,0.0,0.0,0.0,0.0,0.0,0.0,0.0,0,N/A,-1.0,0.0,0.0,0.0,0.0,N/A,N/A,A process in the process pool was terminated abruptly while the future was running or pending.,-1.0,-1.0,1.0,-1,,,0
2026-08-24T11:28:46,2026-08-24,AVAV,ERROR,0,N/A,N/A,0,0.0,0.0,0.0,0.0,0.0,0.0,0.0,2026-08-24,0.0,0.0,0.0,0.0,0.0,0.0,0.0,0.0,0,N/A,-1.0,0.0,0.0,0.0,0.0,N/A,N/A,A process in the process pool was terminated abruptly while the future was running or pending.,-1.0,-1.0,1.0,-1,,,0
2026-08-24T11:28:46,2026-08-24,PCTY,ERROR,0,N/A,N/A,0,0.0,0.0,0.0,0.0,0.0,0.0,0.0,2026-08-24,0.0,0.0,0.0,0.0,0.0,0.0,0.0,0.0,0,N/A,-1.0,0.0,0.0,0.0,0.0,N/A,N/A,A process in the process pool was terminated abruptly while the future was running or pending.,-1.0,-1.0,1.0,-1,,,0
2026-08-24T11:28:46,2026-08-24,MORN,ERROR,0,N/A,N/A,0,0.0,0.0,0.0,0.0,0.0,0.0,0.0,2026-08-24,0.0,0.0,0.0,0.0,0.0,0.0,0.0,0.0,0,N/A,-1.0,0.0,0.0,0.0,0.0,N/A,N/A,A process in the process pool was terminated abruptly while the future was running or pending.,-1.0,-1.0,1.0,-1,,,0
2026-08-24T11:28:46,2026-08-24,CHRD,ERROR,0,N/A,N/A,0,0.0,0.0,0.0,0.0,0.0,0.0,0.0,2026-08-24,0.0,0.0,0.0,0.0,0.0,0.0,0.0,0.0,0,N/A,-1.0,0.0,0.0,0.0,0.0,N/A,N/A,A process in the process pool was terminated abruptly while the future was running or pending.,-1.0,-1.0,1.0,-1,,,0
2026-08-24T11:28:46,2026-08-24,UGI,ERROR,0,N/A,N/A,0,0.0,0.0,0.0,0.0,0.0,0.0,0.0,2026-08-24,0.0,0.0,0.0,0.0,0.0,0.0,0.0,0.0,0,N/A,-1.0,0.0,0.0,0.0,0.0,N/A,N/A,A process in the process pool was terminated abruptly while the future was running or pending.,-1.0,-1.0,1.0,-1,,,0
2026-08-24T11:28:46,2026-08-24,APPF,ERROR,0,N/A,N/A,0,0.0,0.0,0.0,0.0,0.0,0.0,0.0,2026-08-24,0.0,0.0,0.0,0.0,0.0,0.0,0.0,0.0,0,N/A,-1.0,0.0,0.0,0.0,0.0,N/A,N/A,A process in the process pool was terminated abruptly while the future was running or pending.,-1.0,-1.0,1.0,-1,,,0
2026-08-24T11:28:46,2026-08-24,IDA,ERROR,0,N/A,N/A,0,0.0,0.0,0.0,0.0,0.0,0.0,0.0,2026-08-24,0.0,0.0,0.0,0.0,0.0,0.0,0.0,0.0,0,N/A,-1.0,0.0,0.0,0.0,0.0,N/A,N/A,A process in the process pool was terminated abruptly while the future was running or pending.,-1.0,-1.0,1.0,-1,,,0
2026-08-24T11:28:46,2026-08-24,HIMS,ERROR,0,N/A,N/A,0,0.0,0.0,0.0,0.0,0.0,0.0,0.0,2026-08-24,0.0,0.0,0.0,0.0,0.0,0.0,0.0,0.0,0,N/A,-1.0,0.0,0.0,0.0,0.0,N/A,N/A,A process in the process pool was terminated abruptly while the future was running or pending.,-1.0,-1.0,1.0,-1,,,0
2026-08-24T11:28:46,2026-08-24,NFG,ERROR,0,N/A,N/A,0,0.0,0.0,0.0,0.0,0.0,0.0,0.0,2026-08-24,0.0,0.0,0.0,0.0,0.0,0.0,0.0,0.0,0,N/A,-1.0,0.0,0.0,0.0,0.0,N/A,N/A,A process in the process pool was terminated abruptly while the future was running or pending.,-1.0,-1.0,1.0,-1,,,0
2026-08-24T11:28:46,2026-08-24,VLY,ERROR,0,N/A,N/A,0,0.0,0.0,0.0,0.0,0.0,0.0,0.0,2026-08-24,0.0,0.0,0.0,0.0,0.0,0.0,0.0,0.0,0,N/A,-1.0,0.0,0.0,0.0,0.0,N/A,N/A,A process in the process pool was terminated abruptly while the future was running or pending.,-1.0,-1.0,1.0,-1,,,0
2026-08-24T11:28:46,2026-08-24,THG,ERROR,0,N/A,N/A,0,0.0,0.0,0.0,0.0,0.0,0.0,0.0,2026-08-24,0.0,0.0,0.0,0.0,0.0,0.0,0.0,0.0,0,N/A,-1.0,0.0,0.0,0.0,0.0,N/A,N/A,A process in the process pool was terminated abruptly while the future was running or pending.,-1.0,-1.0,1.0,-1,,,0
2026-08-24T11:28:46,2026-08-24,VNO,ERROR,0,N/A,N/A,0,0.0,0.0,0.0,0.0,0.0,0.0,0.0,2026-08-24,0.0,0.0,0.0,0.0,0.0,0.0,0.0,0.0,0,N/A,-1.0,0.0,0.0,0.0,0.0,N/A,N/A,A process in the process pool was terminated abruptly while the future was running or pending.,-1.0,-1.0,1.0,-1,,,0
2026-08-24T11:28:46,2026-08-24,AXTA,ERROR,0,N/A,N/A,0,0.0,0.0,0.0,0.0,0.0,0.0,0.0,2026-08-24,0.0,0.0,0.0,0.0,0.0,0.0,0.0,0.0,0,N/A,-1.0,0.0,0.0,0.0,0.0,N/A,N/A,A process in the process pool was terminated abruptly while the future was running or pending.,-1.0,-1.0,1.0,-1,,,0
2026-08-24T11:28:46,2026-08-24,SSD,ERROR,0,N/A,N/A,0,0.0,0.0,0.0,0.0,0.0,0.0,0.0,2026-08-24,0.0,0.0,0.0,0.0,0.0,0.0,0.0,0.0,0,N/A,-1.0,0.0,0.0,0.0,0.0,N/A,N/A,A process in the process pool was terminated abruptly while the future was running or pending.,-1.0,-1.0,1.0,-1,,,0
2026-08-24T11:28:46,2026-08-24,PPC,ERROR,0,N/A,N/A,0,0.0,0.0,0.0,0.0,0.0,0.0,0.0,2026-08-24,0.0,0.0,0.0,0.0,0.0,0.0,0.0,0.0,0,N/A,-1.0,0.0,0.0,0.0,0.0,N/A,N/A,A process in the process pool was terminated abruptly while the future was running or pending.,-1.0,-1.0,1.0,-1,,,0
2026-08-24T11:28:46,2026-08-24,TEX,ERROR,0,N/A,N/A,0,0.0,0.0,0.0,0.0,0.0,0.0,0.0,2026-08-24,0.0,0.0,0.0,0.0,0.0,0.0,0.0,0.0,0,N/A,-1.0,0.0,0.0,0.0,0.0,N/A,N/A,A process in the process pool was terminated abruptly while the future was running or pending.,-1.0,-1.0,1.0,-1,,,0
2026-08-24T11:28:46,2026-08-24,SFM,ERROR,0,N/A,N/A,0,0.0,0.0,0.0,0.0,0.0,0.0,0.0,2026-08-24,0.0,0.0,0.0,0.0,0.0,0.0,0.0,0.0,0,N/A,-1.0,0.0,0.0,0.0,0.0,N/A,N/A,A process in the process pool was terminated abruptly while the future was running or pending.,-1.0,-1.0,1.0,-1,,,0
2026-08-24T11:28:46,2026-08-24,DBX,ERROR,0,N/A,N/A,0,0.0,0.0,0.0,0.0,0.0,0.0,0.0,2026-08-24,0.0,0.0,0.0,0.0,0.0,0.0,0.0,0.0,0,N/A,-1.0,0.0,0.0,0.0,0.0,N/A,N/A,A process in the process pool was terminated abruptly while the future was running or pending.,-1.0,-1.0,1.0,-1,,,0
2026-08-24T11:28:46,2026-08-24,AGCO,ERROR,0,N/A,N/A,0,0.0,0.0,0.0,0.0,0.0,0.0,0.0,2026-08-24,0.0,0.0,0.0,0.0,0.0,0.0,0.0,0.0,0,N/A,-1.0,0.0,0.0,0.0,0.0,N/A,N/A,A process in the process pool was terminated abruptly while the future was running or pending.,-1.0,-1.0,1.0,-1,,,0
2026-08-24T11:28:46,2026-08-24,KEX,ERROR,0,N/A,N/A,0,0.0,0.0,0.0,0.0,0.0,0.0,0.0,2026-08-24,0.0,0.0,0.0,0.0,0.0,0.0,0.0,0.0,0,N/A,-1.0,0.0,0.0,0.0,0.0,N/A,N/A,A process in the process pool was terminated abruptly while the future was running or pending.,-1.0,-1.0,1.0,-1,,,0
2026-08-24T11:28:46,2026-08-24,CMC,ERROR,0,N/A,N/A,0,0.0,0.0,0.0,0.0,0.0,0.0,0.0,2026-08-24,0.0,0.0,0.0,0.0,0.0,0.0,0.0,0.0,0,N/A,-1.0,0.0,0.0,0.0,0.0,N/A,N/A,A process in the process pool was terminated abruptly while the future was running or pending.,-1.0,-1.0,1.0,-1,,,0
2026-08-24T11:28:46,2026-08-24,FAF,ERROR,0,N/A,N/A,0,0.0,0.0,0.0,0.0,0.0,0.0,0.0,2026-08-24,0.0,0.0,0.0,0.0,0.0,0.0,0.0,0.0,0,N/A,-1.0,0.0,0.0,0.0,0.0,N/A,N/A,A process in the process pool was terminated abruptly while the future was running or pending.,-1.0,-1.0,1.0,-1,,,0
2026-08-24T11:28:46,2026-08-24,MSA,ERROR,0,N/A,N/A,0,0.0,0.0,0.0,0.0,0.0,0.0,0.0,2026-08-24,0.0,0.0,0.0,0.0,0.0,0.0,0.0,0.0,0,N/A,-1.0,0.0,0.0,0.0,0.0,N/A,N/A,A process in the process pool was terminated abruptly while the future was running or pending.,-1.0,-1.0,1.0,-1,,,0
2026-08-24T11:28:46,2026-08-24,NOV,ERROR,0,N/A,N/A,0,0.0,0.0,0.0,0.0,0.0,0.0,0.0,2026-08-24,0.0,0.0,0.0,0.0,0.0,0.0,0.0,0.0,0,N/A,-1.0,0.0,0.0,0.0,0.0,N/A,N/A,A process in the process pool was terminated abruptly while the future was running or pending.,-1.0,-1.0,1.0,-1,,,0
2026-08-24T11:28:46,2026-08-24,AVT,ERROR,0,N/A,N/A,0,0.0,0.0,0.0,0.0,0.0,0.0,0.0,2026-08-24,0.0,0.0,0.0,0.0,0.0,0.0,0.0,0.0,0,N/A,-1.0,0.0,0.0,0.0,0.0,N/A,N/A,A process in the process pool was terminated abruptly while the future was running or pending.,-1.0,-1.0,1.0,-1,,,0
2026-08-24T11:28:46,2026-08-24,SLAB,ERROR,0,N/A,N/A,0,0.0,0.0,0.0,0.0,0.0,0.0,0.0,2026-08-24,0.0,0.0,0.0,0.0,0.0,0.0,0.0,0.0,0,N/A,-1.0,0.0,0.0,0.0,0.0,N/A,N/A,A process in the process pool was terminated abruptly while the future was running or pending.,-1.0,-1.0,1.0,-1,,,0
2026-08-24T11:28:46,2026-08-24,MTDR,ERROR,0,N/A,N/A,0,0.0,0.0,0.0,0.0,0.0,0.0,0.0,2026-08-24,0.0,0.0,0.0,0.0,0.0,0.0,0.0,0.0,0,N/A,-1.0,0.0,0.0,0.0,0.0,N/A,N/A,A process in the process pool was terminated abruptly while the future was running or pending.,-1.0,-1.0,1.0,-1,,,0
2026-08-24T11:28:46,2026-08-24,STAG,ERROR,0,N/A,N/A,0,0.0,0.0,0.0,0.0,0.0,0.0,0.0,2026-08-24,0.0,0.0,0.0,0.0,0.0,0.0,0.0,0.0,0,N/A,-1.0,0.0,0.0,0.0,0.0,N/A,N/A,A process in the process pool was terminated abruptly while the future was running or pending.,-1.0,-1.0,1.0,-1,,,0
2026-08-24T11:28:46,2026-08-24,GAP,ERROR,0,N/A,N/A,0,0.0,0.0,0.0,0.0,0.0,0.0,0.0,2026-08-24,0.0,0.0,0.0,0.0,0.0,0.0,0.0,0.0,0,N/A,-1.0,0.0,0.0,0.0,0.0,N/A,N/A,A process in the process pool was terminated abruptly while the future was running or pending.,-1.0,-1.0,1.0,-1,,,0
2026-08-24T11:28:46,2026-08-24,HXL,ERROR,0,N/A,N/A,0,0.0,0.0,0.0,0.0,0.0,0.0,0.0,2026-08-24,0.0,0.0,0.0,0.0,0.0,0.0,0.0,0.0,0,N/A,-1.0,0.0,0.0,0.0,0.0,N/A,N/A,A process in the process pool was terminated abruptly while the future was running or pending.,-1.0,-1.0,1.0,-1,,,0
2026-08-24T11:28:46,2026-08-24,CHE,ERROR,0,N/A,N/A,0,0.0,0.0,0.0,0.0,0.0,0.0,0.0,2026-08-24,0.0,0.0,0.0,0.0,0.0,0.0,0.0,0.0,0,N/A,-1.0,0.0,0.0,0.0,0.0,N/A,N/A,A process in the process pool was terminated abruptly while the future was running or pending.,-1.0,-1.0,1.0,-1,,,0
2026-08-24T11:28:46,2026-08-24,FLR,ERROR,0,N/A,N/A,0,0.0,0.0,0.0,0.0,0.0,0.0,0.0,2026-08-24,0.0,0.0,0.0,0.0,0.0,0.0,0.0,0.0,0,N/A,-1.0,0.0,0.0,0.0,0.0,N/A,N/A,A process in the process pool was terminated abruptly while the future was running or pending.,-1.0,-1.0,1.0,-1,,,0
2026-08-24T11:28:46,2026-08-24,ALGM,ERROR,0,N/A,N/A,0,0.0,0.0,0.0,0.0,0.0,0.0,0.0,2026-08-24,0.0,0.0,0.0,0.0,0.0,0.0,0.0,0.0,0,N/A,-1.0,0.0,0.0,0.0,0.0,N/A,N/A,A process in the process pool was terminated abruptly while the future was running or pending.,-1.0,-1.0,1.0,-1,,,0
2026-08-24T11:28:46,2026-08-24,ENS,ERROR,0,N/A,N/A,0,0.0,0.0,0.0,0.0,0.0,0.0,0.0,2026-08-24,0.0,0.0,0.0,0.0,0.0,0.0,0.0,0.0,0,N/A,-1.0,0.0,0.0,0.0,0.0,N/A,N/A,A process in the process pool was terminated abruptly while the future was running or pending.,-1.0,-1.0,1.0,-1,,,0
2026-08-24T11:28:46,2026-08-24,DUOL,ERROR,0,N/A,N/A,0,0.0,0.0,0.0,0.0,0.0,0.0,0.0,2026-08-24,0.0,0.0,0.0,0.0,0.0,0.0,0.0,0.0,0,N/A,-1.0,0.0,0.0,0.0,0.0,N/A,N/A,A process in the process pool was terminated abruptly while the future was running or pending.,-1.0,-1.0,1.0,-1,,,0
2026-08-24T11:28:46,2026-08-24,WEX,ERROR,0,N/A,N/A,0,0.0,0.0,0.0,0.0,0.0,0.0,0.0,2026-08-24,0.0,0.0,0.0,0.0,0.0,0.0,0.0,0.0,0,N/A,-1.0,0.0,0.0,0.0,0.0,N/A,N/A,A process in the process pool was terminated abruptly while the future was running or pending.,-1.0,-1.0,1.0,-1,,,0
2026-08-24T11:28:46,2026-08-24,HR,ERROR,0,N/A,N/A,0,0.0,0.0,0.0,0.0,0.0,0.0,0.0,2026-08-24,0.0,0.0,0.0,0.0,0.0,0.0,0.0,0.0,0,N/A,-1.0,0.0,0.0,0.0,0.0,N/A,N/A,A process in the process pool was terminated abruptly while the future was running or pending.,-1.0,-1.0,1.0,-1,,,0
2026-08-24T11:28:46,2026-08-24,INGR,ERROR,0,N/A,N/A,0,0.0,0.0,0.0,0.0,0.0,0.0,0.0,2026-08-24,0.0,0.0,0.0,0.0,0.0,0.0,0.0,0.0,0,N/A,-1.0,0.0,0.0,0.0,0.0,N/A,N/A,A process in the process pool was terminated abruptly while the future was running or pending.,-1.0,-1.0,1.0,-1,,,0
2026-08-24T11:28:46,2026-08-24,MSM,ERROR,0,N/A,N/A,0,0.0,0.0,0.0,0.0,0.0,0.0,0.0,2026-08-24,0.0,0.0,0.0,0.0,0.0,0.0,0.0,0.0,0,N/A,-1.0,0.0,0.0,0.0,0.0,N/A,N/A,A process in the process pool was terminated abruptly while the future was running or pending.,-1.0,-1.0,1.0,-1,,,0
2026-08-24T11:28:46,2026-08-24,ORA,ERROR,0,N/A,N/A,0,0.0,0.0,0.0,0.0,0.0,0.0,0.0,2026-08-24,0.0,0.0,0.0,0.0,0.0,0.0,0.0,0.0,0,N/A,-1.0,0.0,0.0,0.0,0.0,N/A,N/A,A process in the process pool was terminated abruptly while the future was running or pending.,-1.0,-1.0,1.0,-1,,,0
2026-08-24T11:28:46,2026-08-24,HRB,ERROR,0,N/A,N/A,0,0.0,0.0,0.0,0.0,0.0,0.0,0.0,2026-08-24,0.0,0.0,0.0,0.0,0.0,0.0,0.0,0.0,0,N/A,-1.0,0.0,0.0,0.0,0.0,N/A,N/A,A process in the process pool was terminated abruptly while the future was running or pending.,-1.0,-1.0,1.0,-1,,,0
2026-08-24T11:28:46,2026-08-24,FNB,ERROR,0,N/A,N/A,0,0.0,0.0,0.0,0.0,0.0,0.0,0.0,2026-08-24,0.0,0.0,0.0,0.0,0.0,0.0,0.0,0.0,0,N/A,-1.0,0.0,0.0,0.0,0.0,N/A,N/A,A process in the process pool was terminated abruptly while the future was running or pending.,-1.0,-1.0,1.0,-1,,,0
2026-08-24T11:28:46,2026-08-24,AN,ERROR,0,N/A,N/A,0,0.0,0.0,0.0,0.0,0.0,0.0,0.0,2026-08-24,0.0,0.0,0.0,0.0,0.0,0.0,0.0,0.0,0,N/A,-1.0,0.0,0.0,0.0,0.0,N/A,N/A,A process in the process pool was terminated abruptly while the future was running or pending.,-1.0,-1.0,1.0,-1,,,0
2026-08-24T11:28:46,2026-08-24,AAON,ERROR,0,N/A,N/A,0,0.0,0.0,0.0,0.0,0.0,0.0,0.0,2026-08-24,0.0,0.0,0.0,0.0,0.0,0.0,0.0,0.0,0,N/A,-1.0,0.0,0.0,0.0,0.0,N/A,N/A,A process in the process pool was terminated abruptly while the future was running or pending.,-1.0,-1.0,1.0,-1,,,0
2026-08-24T11:28:46,2026-08-24,CHDN,ERROR,0,N/A,N/A,0,0.0,0.0,0.0,0.0,0.0,0.0,0.0,2026-08-24,0.0,0.0,0.0,0.0,0.0,0.0,0.0,0.0,0,N/A,-1.0,0.0,0.0,0.0,0.0,N/A,N/A,A process in the process pool was terminated abruptly while the future was running or pending.,-1.0,-1.0,1.0,-1,,,0
2026-08-24T11:28:46,2026-08-24,LNTH,ERROR,0,N/A,N/A,0,0.0,0.0,0.0,0.0,0.0,0.0,0.0,2026-08-24,0.0,0.0,0.0,0.0,0.0,0.0,0.0,0.0,0,N/A,-1.0,0.0,0.0,0.0,0.0,N/A,N/A,A process in the process pool was terminated abruptly while the future was running or pending.,-1.0,-1.0,1.0,-1,,,0
2026-08-24T11:28:46,2026-08-24,UBSI,ERROR,0,N/A,N/A,0,0.0,0.0,0.0,0.0,0.0,0.0,0.0,2026-08-24,0.0,0.0,0.0,0.0,0.0,0.0,0.0,0.0,0,N/A,-1.0,0.0,0.0,0.0,0.0,N/A,N/A,A process in the process pool was terminated abruptly while the future was running or pending.,-1.0,-1.0,1.0,-1,,,0
2026-08-24T11:28:46,2026-08-24,WFRD,ERROR,0,N/A,N/A,0,0.0,0.0,0.0,0.0,0.0,0.0,0.0,2026-08-24,0.0,0.0,0.0,0.0,0.0,0.0,0.0,0.0,0,N/A,-1.0,0.0,0.0,0.0,0.0,N/A,N/A,A process in the process pool was terminated abruptly while the future was running or pending.,-1.0,-1.0,1.0,-1,,,0
2026-08-24T11:28:46,2026-08-24,SWX,ERROR,0,N/A,N/A,0,0.0,0.0,0.0,0.0,0.0,0.0,0.0,2026-08-24,0.0,0.0,0.0,0.0,0.0,0.0,0.0,0.0,0,N/A,-1.0,0.0,0.0,0.0,0.0,N/A,N/A,A process in the process pool was terminated abruptly while the future was running or pending.,-1.0,-1.0,1.0,-1,,,0
2026-08-24T11:28:46,2026-08-24,CLF,ERROR,0,N/A,N/A,0,0.0,0.0,0.0,0.0,0.0,0.0,0.0,2026-08-24,0.0,0.0,0.0,0.0,0.0,0.0,0.0,0.0,0,N/A,-1.0,0.0,0.0,0.0,0.0,N/A,N/A,A process in the process pool was terminated abruptly while the future was running or pending.,-1.0,-1.0,1.0,-1,,,0
2026-08-24T11:28:46,2026-08-24,QLYS,ERROR,0,N/A,N/A,0,0.0,0.0,0.0,0.0,0.0,0.0,0.0,2026-08-24,0.0,0.0,0.0,0.0,0.0,0.0,0.0,0.0,0,N/A,-1.0,0.0,0.0,0.0,0.0,N/A,N/A,A process in the process pool was terminated abruptly while the future was running or pending.,-1.0,-1.0,1.0,-1,,,0
2026-08-24T11:28:46,2026-08-24,EXP,ERROR,0,N/A,N/A,0,0.0,0.0,0.0,0.0,0.0,0.0,0.0,2026-08-24,0.0,0.0,0.0,0.0,0.0,0.0,0.0,0.0,0,N/A,-1.0,0.0,0.0,0.0,0.0,N/A,N/A,A process in the process pool was terminated abruptly while the future was running or pending.,-1.0,-1.0,1.0,-1,,,0
2026-08-24T11:28:46,2026-08-24,RYN,ERROR,0,N/A,N/A,0,0.0,0.0,0.0,0.0,0.0,0.0,0.0,2026-08-24,0.0,0.0,0.0,0.0,0.0,0.0,0.0,0.0,0,N/A,-1.0,0.0,0.0,0.0,0.0,N/A,N/A,A process in the process pool was terminated abruptly while the future was running or pending.,-1.0,-1.0,1.0,-1,,,0
2026-08-24T11:28:46,2026-08-24,MTG,ERROR,0,N/A,N/A,0,0.0,0.0,0.0,0.0,0.0,0.0,0.0,2026-08-24,0.0,0.0,0.0,0.0,0.0,0.0,0.0,0.0,0,N/A,-1.0,0.0,0.0,0.0,0.0,N/A,N/A,A process in the process pool was terminated abruptly while the future was running or pending.,-1.0,-1.0,1.0,-1,,,0
2026-08-24T11:28:46,2026-08-24,LSTR,ERROR,0,N/A,N/A,0,0.0,0.0,0.0,0.0,0.0,0.0,0.0,2026-08-24,0.0,0.0,0.0,0.0,0.0,0.0,0.0,0.0,0,N/A,-1.0,0.0,0.0,0.0,0.0,N/A,N/A,A process in the process pool was terminated abruptly while the future was running or pending.,-1.0,-1.0,1.0,-1,,,0
2026-08-24T11:28:46,2026-08-24,GATX,ERROR,0,N/A,N/A,0,0.0,0.0,0.0,0.0,0.0,0.0,0.0,2026-08-24,0.0,0.0,0.0,0.0,0.0,0.0,0.0,0.0,0,N/A,-1.0,0.0,0.0,0.0,0.0,N/A,N/A,A process in the process pool was terminated abruptly while the future was running or pending.,-1.0,-1.0,1.0,-1,,,0
2026-08-24T11:28:46,2026-08-24,G,ERROR,0,N/A,N/A,0,0.0,0.0,0.0,0.0,0.0,0.0,0.0,2026-08-24,0.0,0.0,0.0,0.0,0.0,0.0,0.0,0.0,0,N/A,-1.0,0.0,0.0,0.0,0.0,N/A,N/A,A process in the process pool was terminated abruptly while the future was running or pending.,-1.0,-1.0,1.0,-1,,,0
2026-08-24T11:28:46,2026-08-24,ST,ERROR,0,N/A,N/A,0,0.0,0.0,0.0,0.0,0.0,0.0,0.0,2026-08-24,0.0,0.0,0.0,0.0,0.0,0.0,0.0,0.0,0,N/A,-1.0,0.0,0.0,0.0,0.0,N/A,N/A,A process in the process pool was terminated abruptly while the future was running or pending.,-1.0,-1.0,1.0,-1,,,0
2026-08-24T11:28:46,2026-08-24,STWD,ERROR,0,N/A,N/A,0,0.0,0.0,0.0,0.0,0.0,0.0,0.0,2026-08-24,0.0,0.0,0.0,0.0,0.0,0.0,0.0,0.0,0,N/A,-1.0,0.0,0.0,0.0,0.0,N/A,N/A,A process in the process pool was terminated abruptly while the future was running or pending.,-1.0,-1.0,1.0,-1,,,0
2026-08-24T11:28:46,2026-08-24,GBCI,ERROR,0,N/A,N/A,0,0.0,0.0,0.0,0.0,0.0,0.0,0.0,2026-08-24,0.0,0.0,0.0,0.0,0.0,0.0,0.0,0.0,0,N/A,-1.0,0.0,0.0,0.0,0.0,N/A,N/A,A process in the process pool was terminated abruptly while the future was running or pending.,-1.0,-1.0,1.0,-1,,,0
2026-08-24T11:28:46,2026-08-24,ESNT,ERROR,0,N/A,N/A,0,0.0,0.0,0.0,0.0,0.0,0.0,0.0,2026-08-24,0.0,0.0,0.0,0.0,0.0,0.0,0.0,0.0,0,N/A,-1.0,0.0,0.0,0.0,0.0,N/A,N/A,A process in the process pool was terminated abruptly while the future was running or pending.,-1.0,-1.0,1.0,-1,,,0
2026-08-24T11:28:46,2026-08-24,DLB,ERROR,0,N/A,N/A,0,0.0,0.0,0.0,0.0,0.0,0.0,0.0,2026-08-24,0.0,0.0,0.0,0.0,0.0,0.0,0.0,0.0,0,N/A,-1.0,0.0,0.0,0.0,0.0,N/A,N/A,A process in the process pool was terminated abruptly while the future was running or pending.,-1.0,-1.0,1.0,-1,,,0
2026-08-24T11:28:46,2026-08-24,VAL,ERROR,0,N/A,N/A,0,0.0,0.0,0.0,0.0,0.0,0.0,0.0,2026-08-24,0.0,0.0,0.0,0.0,0.0,0.0,0.0,0.0,0,N/A,-1.0,0.0,0.0,0.0,0.0,N/A,N/A,A process in the process pool was terminated abruptly while the future was running or pending.,-1.0,-1.0,1.0,-1,,,0
2026-08-24T11:28:46,2026-08-24,ACI,ERROR,0,N/A,N/A,0,0.0,0.0,0.0,0.0,0.0,0.0,0.0,2026-08-24,0.0,0.0,0.0,0.0,0.0,0.0,0.0,0.0,0,N/A,-1.0,0.0,0.0,0.0,0.0,N/A,N/A,A process in the process pool was terminated abruptly while the future was running or pending.,-1.0,-1.0,1.0,-1,,,0
2026-08-24T11:28:46,2026-08-24,HOMB,ERROR,0,N/A,N/A,0,0.0,0.0,0.0,0.0,0.0,0.0,0.0,2026-08-24,0.0,0.0,0.0,0.0,0.0,0.0,0.0,0.0,0,N/A,-1.0,0.0,0.0,0.0,0.0,N/A,N/A,A process in the process pool was terminated abruptly while the future was running or pending.,-1.0,-1.0,1.0,-1,,,0
2026-08-24T11:28:46,2026-08-24,HWC,ERROR,0,N/A,N/A,0,0.0,0.0,0.0,0.0,0.0,0.0,0.0,2026-08-24,0.0,0.0,0.0,0.0,0.0,0.0,0.0,0.0,0,N/A,-1.0,0.0,0.0,0.0,0.0,N/A,N/A,A process in the process pool was terminated abruptly while the future was running or pending.,-1.0,-1.0,1.0,-1,,,0
2026-08-24T11:28:46,2026-08-24,ELF,ERROR,0,N/A,N/A,0,0.0,0.0,0.0,0.0,0.0,0.0,0.0,2026-08-24,0.0,0.0,0.0,0.0,0.0,0.0,0.0,0.0,0,N/A,-1.0,0.0,0.0,0.0,0.0,N/A,N/A,A process in the process pool was terminated abruptly while the future was running or pending.,-1.0,-1.0,1.0,-1,,,0
2026-08-24T11:28:46,2026-08-24,M,ERROR,0,N/A,N/A,0,0.0,0.0,0.0,0.0,0.0,0.0,0.0,2026-08-24,0.0,0.0,0.0,0.0,0.0,0.0,0.0,0.0,0,N/A,-1.0,0.0,0.0,0.0,0.0,N/A,N/A,A process in the process pool was terminated abruptly while the future was running or pending.,-1.0,-1.0,1.0,-1,,,0
2026-08-24T11:28:46,2026-08-24,RLI,ERROR,0,N/A,N/A,0,0.0,0.0,0.0,0.0,0.0,0.0,0.0,2026-08-24,0.0,0.0,0.0,0.0,0.0,0.0,0.0,0.0,0,N/A,-1.0,0.0,0.0,0.0,0.0,N/A,N/A,A process in the process pool was terminated abruptly while the future was running or pending.,-1.0,-1.0,1.0,-1,,,0
2026-08-24T11:28:46,2026-08-24,TXNM,ERROR,0,N/A,N/A,0,0.0,0.0,0.0,0.0,0.0,0.0,0.0,2026-08-24,0.0,0.0,0.0,0.0,0.0,0.0,0.0,0.0,0,N/A,-1.0,0.0,0.0,0.0,0.0,N/A,N/A,A process in the process pool was terminated abruptly while the future was running or pending.,-1.0,-1.0,1.0,-1,,,0
2026-08-24T11:28:46,2026-08-24,SON,ERROR,0,N/A,N/A,0,0.0,0.0,0.0,0.0,0.0,0.0,0.0,2026-08-24,0.0,0.0,0.0,0.0,0.0,0.0,0.0,0.0,0,N/A,-1.0,0.0,0.0,0.0,0.0,N/A,N/A,A process in the process pool was terminated abruptly while the future was running or pending.,-1.0,-1.0,1.0,-1,,,0
2026-08-24T11:28:46,2026-08-24,BYD,ERROR,0,N/A,N/A,0,0.0,0.0,0.0,0.0,0.0,0.0,0.0,2026-08-24,0.0,0.0,0.0,0.0,0.0,0.0,0.0,0.0,0,N/A,-1.0,0.0,0.0,0.0,0.0,N/A,N/A,A process in the process pool was terminated abruptly while the future was running or pending.,-1.0,-1.0,1.0,-1,,,0
2026-08-24T11:28:46,2026-08-24,CROX,ERROR,0,N/A,N/A,0,0.0,0.0,0.0,0.0,0.0,0.0,0.0,2026-08-24,0.0,0.0,0.0,0.0,0.0,0.0,0.0,0.0,0,N/A,-1.0,0.0,0.0,0.0,0.0,N/A,N/A,A process in the process pool was terminated abruptly while the future was running or pending.,-1.0,-1.0,1.0,-1,,,0
2026-08-24T11:28:46,2026-08-24,POR,ERROR,0,N/A,N/A,0,0.0,0.0,0.0,0.0,0.0,0.0,0.0,2026-08-24,0.0,0.0,0.0,0.0,0.0,0.0,0.0,0.0,0,N/A,-1.0,0.0,0.0,0.0,0.0,N/A,N/A,A process in the process pool was terminated abruptly while the future was running or pending.,-1.0,-1.0,1.0,-1,,,0
2026-08-24T11:28:46,2026-08-24,ASB,ERROR,0,N/A,N/A,0,0.0,0.0,0.0,0.0,0.0,0.0,0.0,2026-08-24,0.0,0.0,0.0,0.0,0.0,0.0,0.0,0.0,0,N/A,-1.0,0.0,0.0,0.0,0.0,N/A,N/A,A process in the process pool was terminated abruptly while the future was running or pending.,-1.0,-1.0,1.0,-1,,,0
2026-08-24T11:28:46,2026-08-24,HLNE,ERROR,0,N/A,N/A,0,0.0,0.0,0.0,0.0,0.0,0.0,0.0,2026-08-24,0.0,0.0,0.0,0.0,0.0,0.0,0.0,0.0,0,N/A,-1.0,0.0,0.0,0.0,0.0,N/A,N/A,A process in the process pool was terminated abruptly while the future was running or pending.,-1.0,-1.0,1.0,-1,,,0
2026-08-24T11:28:46,2026-08-24,CRUS,ERROR,0,N/A,N/A,0,0.0,0.0,0.0,0.0,0.0,0.0,0.0,2026-08-24,0.0,0.0,0.0,0.0,0.0,0.0,0.0,0.0,0,N/A,-1.0,0.0,0.0,0.0,0.0,N/A,N/A,A process in the process pool was terminated abruptly while the future was running or pending.,-1.0,-1.0,1.0,-1,,,0
2026-08-24T11:28:46,2026-08-24,FND,ERROR,0,N/A,N/A,0,0.0,0.0,0.0,0.0,0.0,0.0,0.0,2026-08-24,0.0,0.0,0.0,0.0,0.0,0.0,0.0,0.0,0,N/A,-1.0,0.0,0.0,0.0,0.0,N/A,N/A,A process in the process pool was terminated abruptly while the future was running or pending.,-1.0,-1.0,1.0,-1,,,0
2026-08-24T11:28:46,2026-08-24,NXST,ERROR,0,N/A,N/A,0,0.0,0.0,0.0,0.0,0.0,0.0,0.0,2026-08-24,0.0,0.0,0.0,0.0,0.0,0.0,0.0,0.0,0,N/A,-1.0,0.0,0.0,0.0,0.0,N/A,N/A,A process in the process pool was terminated abruptly while the future was running or pending.,-1.0,-1.0,1.0,-1,,,0
2026-08-24T11:28:46,2026-08-24,EXLS,ERROR,0,N/A,N/A,0,0.0,0.0,0.0,0.0,0.0,0.0,0.0,2026-08-24,0.0,0.0,0.0,0.0,0.0,0.0,0.0,0.0,0,N/A,-1.0,0.0,0.0,0.0,0.0,N/A,N/A,A process in the process pool was terminated abruptly while the future was running or pending.,-1.0,-1.0,1.0,-1,,,0
2026-08-24T11:28:46,2026-08-24,VFC,ERROR,0,N/A,N/A,0,0.0,0.0,0.0,0.0,0.0,0.0,0.0,2026-08-24,0.0,0.0,0.0,0.0,0.0,0.0,0.0,0.0,0,N/A,-1.0,0.0,0.0,0.0,0.0,N/A,N/A,A process in the process pool was terminated abruptly while the future was running or pending.,-1.0,-1.0,1.0,-1,,,0
2026-08-24T11:28:46,2026-08-24,FLG,ERROR,0,N/A,N/A,0,0.0,0.0,0.0,0.0,0.0,0.0,0.0,2026-08-24,0.0,0.0,0.0,0.0,0.0,0.0,0.0,0.0,0,N/A,-1.0,0.0,0.0,0.0,0.0,N/A,N/A,A process in the process pool was terminated abruptly while the future was running or pending.,-1.0,-1.0,1.0,-1,,,0
2026-08-24T11:28:46,2026-08-24,SHC,ERROR,0,N/A,N/A,0,0.0,0.0,0.0,0.0,0.0,0.0,0.0,2026-08-24,0.0,0.0,0.0,0.0,0.0,0.0,0.0,0.0,0,N/A,-1.0,0.0,0.0,0.0,0.0,N/A,N/A,A process in the process pool was terminated abruptly while the future was running or pending.,-1.0,-1.0,1.0,-1,,,0
2026-08-24T11:28:46,2026-08-24,CVLT,ERROR,0,N/A,N/A,0,0.0,0.0,0.0,0.0,0.0,0.0,0.0,2026-08-24,0.0,0.0,0.0,0.0,0.0,0.0,0.0,0.0,0,N/A,-1.0,0.0,0.0,0.0,0.0,N/A,N/A,A process in the process pool was terminated abruptly while the future was running or pending.,-1.0,-1.0,1.0,-1,,,0
2026-08-24T11:28:46,2026-08-24,WH,ERROR,0,N/A,N/A,0,0.0,0.0,0.0,0.0,0.0,0.0,0.0,2026-08-24,0.0,0.0,0.0,0.0,0.0,0.0,0.0,0.0,0,N/A,-1.0,0.0,0.0,0.0,0.0,N/A,N/A,A process in the process pool was terminated abruptly while the future was running or pending.,-1.0,-1.0,1.0,-1,,,0
2026-08-24T11:28:46,2026-08-24,PEGA,ERROR,0,N/A,N/A,0,0.0,0.0,0.0,0.0,0.0,0.0,0.0,2026-08-24,0.0,0.0,0.0,0.0,0.0,0.0,0.0,0.0,0,N/A,-1.0,0.0,0.0,0.0,0.0,N/A,N/A,A process in the process pool was terminated abruptly while the future was running or pending.,-1.0,-1.0,1.0,-1,,,0
2026-08-24T11:28:46,2026-08-24,NOVT,ERROR,0,N/A,N/A,0,0.0,0.0,0.0,0.0,0.0,0.0,0.0,2026-08-24,0.0,0.0,0.0,0.0,0.0,0.0,0.0,0.0,0,N/A,-1.0,0.0,0.0,0.0,0.0,N/A,N/A,A process in the process pool was terminated abruptly while the future was running or pending.,-1.0,-1.0,1.0,-1,,,0
2026-08-24T11:28:46,2026-08-24,BKH,ERROR,0,N/A,N/A,0,0.0,0.0,0.0,0.0,0.0,0.0,0.0,2026-08-24,0.0,0.0,0.0,0.0,0.0,0.0,0.0,0.0,0,N/A,-1.0,0.0,0.0,0.0,0.0,N/A,N/A,A process in the process pool was terminated abruptly while the future was running or pending.,-1.0,-1.0,1.0,-1,,,0
2026-08-24T11:28:46,2026-08-24,SIGI,ERROR,0,N/A,N/A,0,0.0,0.0,0.0,0.0,0.0,0.0,0.0,2026-08-24,0.0,0.0,0.0,0.0,0.0,0.0,0.0,0.0,0,N/A,-1.0,0.0,0.0,0.0,0.0,N/A,N/A,A process in the process pool was terminated abruptly while the future was running or pending.,-1.0,-1.0,1.0,-1,,,0
2026-08-24T11:28:46,2026-08-24,MTN,ERROR,0,N/A,N/A,0,0.0,0.0,0.0,0.0,0.0,0.0,0.0,2026-08-24,0.0,0.0,0.0,0.0,0.0,0.0,0.0,0.0,0,N/A,-1.0,0.0,0.0,0.0,0.0,N/A,N/A,A process in the process pool was terminated abruptly while the future was running or pending.,-1.0,-1.0,1.0,-1,,,0
2026-08-24T11:28:46,2026-08-24,KRG,ERROR,0,N/A,N/A,0,0.0,0.0,0.0,0.0,0.0,0.0,0.0,2026-08-24,0.0,0.0,0.0,0.0,0.0,0.0,0.0,0.0,0,N/A,-1.0,0.0,0.0,0.0,0.0,N/A,N/A,A process in the process pool was terminated abruptly while the future was running or pending.,-1.0,-1.0,1.0,-1,,,0
2026-08-24T11:28:46,2026-08-24,SAIC,ERROR,0,N/A,N/A,0,0.0,0.0,0.0,0.0,0.0,0.0,0.0,2026-08-24,0.0,0.0,0.0,0.0,0.0,0.0,0.0,0.0,0,N/A,-1.0,0.0,0.0,0.0,0.0,N/A,N/A,A process in the process pool was terminated abruptly while the future was running or pending.,-1.0,-1.0,1.0,-1,,,0
2026-08-24T11:28:46,2026-08-24,NJR,ERROR,0,N/A,N/A,0,0.0,0.0,0.0,0.0,0.0,0.0,0.0,2026-08-24,0.0,0.0,0.0,0.0,0.0,0.0,0.0,0.0,0,N/A,-1.0,0.0,0.0,0.0,0.0,N/A,N/A,A process in the process pool was terminated abruptly while the future was running or pending.,-1.0,-1.0,1.0,-1,,,0
2026-08-24T11:28:46,2026-08-24,OZK,ERROR,0,N/A,N/A,0,0.0,0.0,0.0,0.0,0.0,0.0,0.0,2026-08-24,0.0,0.0,0.0,0.0,0.0,0.0,0.0,0.0,0,N/A,-1.0,0.0,0.0,0.0,0.0,N/A,N/A,A process in the process pool was terminated abruptly while the future was running or pending.,-1.0,-1.0,1.0,-1,,,0
2026-08-24T11:28:46,2026-08-24,CNX,ERROR,0,N/A,N/A,0,0.0,0.0,0.0,0.0,0.0,0.0,0.0,2026-08-24,0.0,0.0,0.0,0.0,0.0,0.0,0.0,0.0,0,N/A,-1.0,0.0,0.0,0.0,0.0,N/A,N/A,A process in the process pool was terminated abruptly while the future was running or pending.,-1.0,-1.0,1.0,-1,,,0
2026-08-24T11:28:46,2026-08-24,MUR,ERROR,0,N/A,N/A,0,0.0,0.0,0.0,0.0,0.0,0.0,0.0,2026-08-24,0.0,0.0,0.0,0.0,0.0,0.0,0.0,0.0,0,N/A,-1.0,0.0,0.0,0.0,0.0,N/A,N/A,A process in the process pool was terminated abruptly while the future was running or pending.,-1.0,-1.0,1.0,-1,,,0
2026-08-24T11:28:46,2026-08-24,FBIN,ERROR,0,N/A,N/A,0,0.0,0.0,0.0,0.0,0.0,0.0,0.0,2026-08-24,0.0,0.0,0.0,0.0,0.0,0.0,0.0,0.0,0,N/A,-1.0,0.0,0.0,0.0,0.0,N/A,N/A,A process in the process pool was terminated abruptly while the future was running or pending.,-1.0,-1.0,1.0,-1,,,0
2026-08-24T11:28:46,2026-08-24,GXO,ERROR,0,N/A,N/A,0,0.0,0.0,0.0,0.0,0.0,0.0,0.0,2026-08-24,0.0,0.0,0.0,0.0,0.0,0.0,0.0,0.0,0,N/A,-1.0,0.0,0.0,0.0,0.0,N/A,N/A,A process in the process pool was terminated abruptly while the future was running or pending.,-1.0,-1.0,1.0,-1,,,0
2026-08-24T11:28:46,2026-08-24,PSN,ERROR,0,N/A,N/A,0,0.0,0.0,0.0,0.0,0.0,0.0,0.0,2026-08-24,0.0,0.0,0.0,0.0,0.0,0.0,0.0,0.0,0,N/A,-1.0,0.0,0.0,0.0,0.0,N/A,N/A,A process in the process pool was terminated abruptly while the future was running or pending.,-1.0,-1.0,1.0,-1,,,0
2026-08-24T11:28:46,2026-08-24,BC,ERROR,0,N/A,N/A,0,0.0,0.0,0.0,0.0,0.0,0.0,0.0,2026-08-24,0.0,0.0,0.0,0.0,0.0,0.0,0.0,0.0,0,N/A,-1.0,0.0,0.0,0.0,0.0,N/A,N/A,A process in the process pool was terminated abruptly while the future was running or pending.,-1.0,-1.0,1.0,-1,,,0
2026-08-24T11:28:46,2026-08-24,MIDD,ERROR,0,N/A,N/A,0,0.0,0.0,0.0,0.0,0.0,0.0,0.0,2026-08-24,0.0,0.0,0.0,0.0,0.0,0.0,0.0,0.0,0,N/A,-1.0,0.0,0.0,0.0,0.0,N/A,N/A,A process in the process pool was terminated abruptly while the future was running or pending.,-1.0,-1.0,1.0,-1,,,0
2026-08-24T11:28:46,2026-08-24,SBRA,ERROR,0,N/A,N/A,0,0.0,0.0,0.0,0.0,0.0,0.0,0.0,2026-08-24,0.0,0.0,0.0,0.0,0.0,0.0,0.0,0.0,0,N/A,-1.0,0.0,0.0,0.0,0.0,N/A,N/A,A process in the process pool was terminated abruptly while the future was running or pending.,-1.0,-1.0,1.0,-1,,,0
2026-08-24T11:28:46,2026-08-24,CAR,ERROR,0,N/A,N/A,0,0.0,0.0,0.0,0.0,0.0,0.0,0.0,2026-08-24,0.0,0.0,0.0,0.0,0.0,0.0,0.0,0.0,0,N/A,-1.0,0.0,0.0,0.0,0.0,N/A,N/A,A process in the process pool was terminated abruptly while the future was running or pending.,-1.0,-1.0,1.0,-1,,,0
2026-08-24T11:28:46,2026-08-24,LPX,ERROR,0,N/A,N/A,0,0.0,0.0,0.0,0.0,0.0,0.0,0.0,2026-08-24,0.0,0.0,0.0,0.0,0.0,0.0,0.0,0.0,0,N/A,-1.0,0.0,0.0,0.0,0.0,N/A,N/A,A process in the process pool was terminated abruptly while the future was running or pending.,-1.0,-1.0,1.0,-1,,,0
2026-08-24T11:28:46,2026-08-24,ESAB,ERROR,0,N/A,N/A,0,0.0,0.0,0.0,0.0,0.0,0.0,0.0,2026-08-24,0.0,0.0,0.0,0.0,0.0,0.0,0.0,0.0,0,N/A,-1.0,0.0,0.0,0.0,0.0,N/A,N/A,A process in the process pool was terminated abruptly while the future was running or pending.,-1.0,-1.0,1.0,-1,,,0
2026-08-24T11:28:46,2026-08-24,GNTX,ERROR,0,N/A,N/A,0,0.0,0.0,0.0,0.0,0.0,0.0,0.0,2026-08-24,0.0,0.0,0.0,0.0,0.0,0.0,0.0,0.0,0,N/A,-1.0,0.0,0.0,0.0,0.0,N/A,N/A,A process in the process pool was terminated abruptly while the future was running or pending.,-1.0,-1.0,1.0,-1,,,0
2026-08-24T11:28:46,2026-08-24,GEF,ERROR,0,N/A,N/A,0,0.0,0.0,0.0,0.0,0.0,0.0,0.0,2026-08-24,0.0,0.0,0.0,0.0,0.0,0.0,0.0,0.0,0,N/A,-1.0,0.0,0.0,0.0,0.0,N/A,N/A,A process in the process pool was terminated abruptly while the future was running or pending.,-1.0,-1.0,1.0,-1,,,0
2026-08-24T11:28:46,2026-08-24,SLM,ERROR,0,N/A,N/A,0,0.0,0.0,0.0,0.0,0.0,0.0,0.0,2026-08-24,0.0,0.0,0.0,0.0,0.0,0.0,0.0,0.0,0,N/A,-1.0,0.0,0.0,0.0,0.0,N/A,N/A,A process in the process pool was terminated abruptly while the future was running or pending.,-1.0,-1.0,1.0,-1,,,0
2026-08-24T11:28:46,2026-08-24,OGS,ERROR,0,N/A,N/A,0,0.0,0.0,0.0,0.0,0.0,0.0,0.0,2026-08-24,0.0,0.0,0.0,0.0,0.0,0.0,0.0,0.0,0,N/A,-1.0,0.0,0.0,0.0,0.0,N/A,N/A,A process in the process pool was terminated abruptly while the future was running or pending.,-1.0,-1.0,1.0,-1,,,0
2026-08-24T11:28:46,2026-08-24,CNO,ERROR,0,N/A,N/A,0,0.0,0.0,0.0,0.0,0.0,0.0,0.0,2026-08-24,0.0,0.0,0.0,0.0,0.0,0.0,0.0,0.0,0,N/A,-1.0,0.0,0.0,0.0,0.0,N/A,N/A,A process in the process pool was terminated abruptly while the future was running or pending.,-1.0,-1.0,1.0,-1,,,0
2026-08-24T11:28:46,2026-08-24,HAE,ERROR,0,N/A,N/A,0,0.0,0.0,0.0,0.0,0.0,0.0,0.0,2026-08-24,0.0,0.0,0.0,0.0,0.0,0.0,0.0,0.0,0,N/A,-1.0,0.0,0.0,0.0,0.0,N/A,N/A,A process in the process pool was terminated abruptly while the future was running or pending.,-1.0,-1.0,1.0,-1,,,0
2026-08-24T11:28:46,2026-08-24,GHC,ERROR,0,N/A,N/A,0,0.0,0.0,0.0,0.0,0.0,0.0,0.0,2026-08-24,0.0,0.0,0.0,0.0,0.0,0.0,0.0,0.0,0,N/A,-1.0,0.0,0.0,0.0,0.0,N/A,N/A,A process in the process pool was terminated abruptly while the future was running or pending.,-1.0,-1.0,1.0,-1,,,0
2026-08-24T11:28:46,2026-08-24,CHH,ERROR,0,N/A,N/A,0,0.0,0.0,0.0,0.0,0.0,0.0,0.0,2026-08-24,0.0,0.0,0.0,0.0,0.0,0.0,0.0,0.0,0,N/A,-1.0,0.0,0.0,0.0,0.0,N/A,N/A,A process in the process pool was terminated abruptly while the future was running or pending.,-1.0,-1.0,1.0,-1,,,0
2026-08-24T11:28:46,2026-08-24,UFPI,ERROR,0,N/A,N/A,0,0.0,0.0,0.0,0.0,0.0,0.0,0.0,2026-08-24,0.0,0.0,0.0,0.0,0.0,0.0,0.0,0.0,0,N/A,-1.0,0.0,0.0,0.0,0.0,N/A,N/A,A process in the process pool was terminated abruptly while the future was running or pending.,-1.0,-1.0,1.0,-1,,,0
2026-08-24T11:28:46,2026-08-24,FFIN,ERROR,0,N/A,N/A,0,0.0,0.0,0.0,0.0,0.0,0.0,0.0,2026-08-24,0.0,0.0,0.0,0.0,0.0,0.0,0.0,0.0,0,N/A,-1.0,0.0,0.0,0.0,0.0,N/A,N/A,A process in the process pool was terminated abruptly while the future was running or pending.,-1.0,-1.0,1.0,-1,,,0
2026-08-24T11:28:46,2026-08-24,CUZ,ERROR,0,N/A,N/A,0,0.0,0.0,0.0,0.0,0.0,0.0,0.0,2026-08-24,0.0,0.0,0.0,0.0,0.0,0.0,0.0,0.0,0,N/A,-1.0,0.0,0.0,0.0,0.0,N/A,N/A,A process in the process pool was terminated abruptly while the future was running or pending.,-1.0,-1.0,1.0,-1,,,0
2026-08-24T11:28:46,2026-08-24,TREX,ERROR,0,N/A,N/A,0,0.0,0.0,0.0,0.0,0.0,0.0,0.0,2026-08-24,0.0,0.0,0.0,0.0,0.0,0.0,0.0,0.0,0,N/A,-1.0,0.0,0.0,0.0,0.0,N/A,N/A,A process in the process pool was terminated abruptly while the future was running or pending.,-1.0,-1.0,1.0,-1,,,0
2026-08-24T11:28:46,2026-08-24,KBR,ERROR,0,N/A,N/A,0,0.0,0.0,0.0,0.0,0.0,0.0,0.0,2026-08-24,0.0,0.0,0.0,0.0,0.0,0.0,0.0,0.0,0,N/A,-1.0,0.0,0.0,0.0,0.0,N/A,N/A,A process in the process pool was terminated abruptly while the future was running or pending.,-1.0,-1.0,1.0,-1,,,0
2026-08-24T11:28:46,2026-08-24,ANF,ERROR,0,N/A,N/A,0,0.0,0.0,0.0,0.0,0.0,0.0,0.0,2026-08-24,0.0,0.0,0.0,0.0,0.0,0.0,0.0,0.0,0,N/A,-1.0,0.0,0.0,0.0,0.0,N/A,N/A,A process in the process pool was terminated abruptly while the future was running or pending.,-1.0,-1.0,1.0,-1,,,0
2026-08-24T11:28:46,2026-08-24,BDC,ERROR,0,N/A,N/A,0,0.0,0.0,0.0,0.0,0.0,0.0,0.0,2026-08-24,0.0,0.0,0.0,0.0,0.0,0.0,0.0,0.0,0,N/A,-1.0,0.0,0.0,0.0,0.0,N/A,N/A,A process in the process pool was terminated abruptly while the future was running or pending.,-1.0,-1.0,1.0,-1,,,0
2026-08-24T11:28:46,2026-08-24,SR,ERROR,0,N/A,N/A,0,0.0,0.0,0.0,0.0,0.0,0.0,0.0,2026-08-24,0.0,0.0,0.0,0.0,0.0,0.0,0.0,0.0,0,N/A,-1.0,0.0,0.0,0.0,0.0,N/A,N/A,A process in the process pool was terminated abruptly while the future was running or pending.,-1.0,-1.0,1.0,-1,,,0
2026-08-24T11:28:46,2026-08-24,BILL,ERROR,0,N/A,N/A,0,0.0,0.0,0.0,0.0,0.0,0.0,0.0,2026-08-24,0.0,0.0,0.0,0.0,0.0,0.0,0.0,0.0,0,N/A,-1.0,0.0,0.0,0.0,0.0,N/A,N/A,A process in the process pool was terminated abruptly while the future was running or pending.,-1.0,-1.0,1.0,-1,,,0
2026-08-24T11:28:46,2026-08-24,FHI,ERROR,0,N/A,N/A,0,0.0,0.0,0.0,0.0,0.0,0.0,0.0,2026-08-24,0.0,0.0,0.0,0.0,0.0,0.0,0.0,0.0,0,N/A,-1.0,0.0,0.0,0.0,0.0,N/A,N/A,A process in the process pool was terminated abruptly while the future was running or pending.,-1.0,-1.0,1.0,-1,,,0
2026-08-24T11:28:46,2026-08-24,EPR,ERROR,0,N/A,N/A,0,0.0,0.0,0.0,0.0,0.0,0.0,0.0,2026-08-24,0.0,0.0,0.0,0.0,0.0,0.0,0.0,0.0,0,N/A,-1.0,0.0,0.0,0.0,0.0,N/A,N/A,A process in the process pool was terminated abruptly while the future was running or pending.,-1.0,-1.0,1.0,-1,,,0
2026-08-24T11:28:46,2026-08-24,OLLI,ERROR,0,N/A,N/A,0,0.0,0.0,0.0,0.0,0.0,0.0,0.0,2026-08-24,0.0,0.0,0.0,0.0,0.0,0.0,0.0,0.0,0,N/A,-1.0,0.0,0.0,0.0,0.0,N/A,N/A,A process in the process pool was terminated abruptly while the future was running or pending.,-1.0,-1.0,1.0,-1,,,0
2026-08-24T11:28:46,2026-08-24,BCO,ERROR,0,N/A,N/A,0,0.0,0.0,0.0,0.0,0.0,0.0,0.0,2026-08-24,0.0,0.0,0.0,0.0,0.0,0.0,0.0,0.0,0,N/A,-1.0,0.0,0.0,0.0,0.0,N/A,N/A,A process in the process pool was terminated abruptly while the future was running or pending.,-1.0,-1.0,1.0,-1,,,0
2026-08-24T11:28:46,2026-08-24,DOCS,ERROR,0,N/A,N/A,0,0.0,0.0,0.0,0.0,0.0,0.0,0.0,2026-08-24,0.0,0.0,0.0,0.0,0.0,0.0,0.0,0.0,0,N/A,-1.0,0.0,0.0,0.0,0.0,N/A,N/A,A process in the process pool was terminated abruptly while the future was running or pending.,-1.0,-1.0,1.0,-1,,,0
2026-08-24T11:28:46,2026-08-24,ALK,ERROR,0,N/A,N/A,0,0.0,0.0,0.0,0.0,0.0,0.0,0.0,2026-08-24,0.0,0.0,0.0,0.0,0.0,0.0,0.0,0.0,0,N/A,-1.0,0.0,0.0,0.0,0.0,N/A,N/A,A process in the process pool was terminated abruptly while the future was running or pending.,-1.0,-1.0,1.0,-1,,,0
2026-08-24T11:28:46,2026-08-24,SLGN,ERROR,0,N/A,N/A,0,0.0,0.0,0.0,0.0,0.0,0.0,0.0,2026-08-24,0.0,0.0,0.0,0.0,0.0,0.0,0.0,0.0,0,N/A,-1.0,0.0,0.0,0.0,0.0,N/A,N/A,A process in the process pool was terminated abruptly while the future was running or pending.,-1.0,-1.0,1.0,-1,,,0
2026-08-24T11:28:46,2026-08-24,VNT,ERROR,0,N/A,N/A,0,0.0,0.0,0.0,0.0,0.0,0.0,0.0,2026-08-24,0.0,0.0,0.0,0.0,0.0,0.0,0.0,0.0,0,N/A,-1.0,0.0,0.0,0.0,0.0,N/A,N/A,A process in the process pool was terminated abruptly while the future was running or pending.,-1.0,-1.0,1.0,-1,,,0
2026-08-24T11:28:46,2026-08-24,IBOC,ERROR,0,N/A,N/A,0,0.0,0.0,0.0,0.0,0.0,0.0,0.0,2026-08-24,0.0,0.0,0.0,0.0,0.0,0.0,0.0,0.0,0,N/A,-1.0,0.0,0.0,0.0,0.0,N/A,N/A,A process in the process pool was terminated abruptly while the future was running or pending.,-1.0,-1.0,1.0,-1,,,0
2026-08-24T11:28:46,2026-08-24,CBT,ERROR,0,N/A,N/A,0,0.0,0.0,0.0,0.0,0.0,0.0,0.0,2026-08-24,0.0,0.0,0.0,0.0,0.0,0.0,0.0,0.0,0,N/A,-1.0,0.0,0.0,0.0,0.0,N/A,N/A,A process in the process pool was terminated abruptly while the future was running or pending.,-1.0,-1.0,1.0,-1,,,0
2026-08-24T11:28:46,2026-08-24,TNL,ERROR,0,N/A,N/A,0,0.0,0.0,0.0,0.0,0.0,0.0,0.0,2026-08-24,0.0,0.0,0.0,0.0,0.0,0.0,0.0,0.0,0,N/A,-1.0,0.0,0.0,0.0,0.0,N/A,N/A,A process in the process pool was terminated abruptly while the future was running or pending.,-1.0,-1.0,1.0,-1,,,0
2026-08-24T11:28:46,2026-08-24,NVST,ERROR,0,N/A,N/A,0,0.0,0.0,0.0,0.0,0.0,0.0,0.0,2026-08-24,0.0,0.0,0.0,0.0,0.0,0.0,0.0,0.0,0,N/A,-1.0,0.0,0.0,0.0,0.0,N/A,N/A,A process in the process pool was terminated abruptly while the future was running or pending.,-1.0,-1.0,1.0,-1,,,0
2026-08-24T11:28:46,2026-08-24,LIVN,ERROR,0,N/A,N/A,0,0.0,0.0,0.0,0.0,0.0,0.0,0.0,2026-08-24,0.0,0.0,0.0,0.0,0.0,0.0,0.0,0.0,0,N/A,-1.0,0.0,0.0,0.0,0.0,N/A,N/A,A process in the process pool was terminated abruptly while the future was running or pending.,-1.0,-1.0,1.0,-1,,,0
2026-08-24T11:28:46,2026-08-24,VVV,ERROR,0,N/A,N/A,0,0.0,0.0,0.0,0.0,0.0,0.0,0.0,2026-08-24,0.0,0.0,0.0,0.0,0.0,0.0,0.0,0.0,0,N/A,-1.0,0.0,0.0,0.0,0.0,N/A,N/A,A process in the process pool was terminated abruptly while the future was running or pending.,-1.0,-1.0,1.0,-1,,,0
2026-08-24T11:28:46,2026-08-24,CDP,ERROR,0,N/A,N/A,0,0.0,0.0,0.0,0.0,0.0,0.0,0.0,2026-08-24,0.0,0.0,0.0,0.0,0.0,0.0,0.0,0.0,0,N/A,-1.0,0.0,0.0,0.0,0.0,N/A,N/A,A process in the process pool was terminated abruptly while the future was running or pending.,-1.0,-1.0,1.0,-1,,,0
2026-08-24T11:28:46,2026-08-24,FCN,ERROR,0,N/A,N/A,0,0.0,0.0,0.0,0.0,0.0,0.0,0.0,2026-08-24,0.0,0.0,0.0,0.0,0.0,0.0,0.0,0.0,0,N/A,-1.0,0.0,0.0,0.0,0.0,N/A,N/A,A process in the process pool was terminated abruptly while the future was running or pending.,-1.0,-1.0,1.0,-1,,,0
2026-08-24T11:28:46,2026-08-24,KRC,ERROR,0,N/A,N/A,0,0.0,0.0,0.0,0.0,0.0,0.0,0.0,2026-08-24,0.0,0.0,0.0,0.0,0.0,0.0,0.0,0.0,0,N/A,-1.0,0.0,0.0,0.0,0.0,N/A,N/A,A process in the process pool was terminated abruptly while the future was running or pending.,-1.0,-1.0,1.0,-1,,,0
2026-08-24T11:28:46,2026-08-24,TCBI,ERROR,0,N/A,N/A,0,0.0,0.0,0.0,0.0,0.0,0.0,0.0,2026-08-24,0.0,0.0,0.0,0.0,0.0,0.0,0.0,0.0,0,N/A,-1.0,0.0,0.0,0.0,0.0,N/A,N/A,A process in the process pool was terminated abruptly while the future was running or pending.,-1.0,-1.0,1.0,-1,,,0
2026-08-24T11:28:46,2026-08-24,NWE,ERROR,0,N/A,N/A,0,0.0,0.0,0.0,0.0,0.0,0.0,0.0,2026-08-24,0.0,0.0,0.0,0.0,0.0,0.0,0.0,0.0,0,N/A,-1.0,0.0,0.0,0.0,0.0,N/A,N/A,A process in the process pool was terminated abruptly while the future was running or pending.,-1.0,-1.0,1.0,-1,,,0
2026-08-24T11:28:46,2026-08-24,MAT,ERROR,0,N/A,N/A,0,0.0,0.0,0.0,0.0,0.0,0.0,0.0,2026-08-24,0.0,0.0,0.0,0.0,0.0,0.0,0.0,0.0,0,N/A,-1.0,0.0,0.0,0.0,0.0,N/A,N/A,A process in the process pool was terminated abruptly while the future was running or pending.,-1.0,-1.0,1.0,-1,,,0
2026-08-24T11:28:46,2026-08-24,THO,ERROR,0,N/A,N/A,0,0.0,0.0,0.0,0.0,0.0,0.0,0.0,2026-08-24,0.0,0.0,0.0,0.0,0.0,0.0,0.0,0.0,0,N/A,-1.0,0.0,0.0,0.0,0.0,N/A,N/A,A process in the process pool was terminated abruptly while the future was running or pending.,-1.0,-1.0,1.0,-1,,,0
2026-08-24T11:28:46,2026-08-24,PLNT,ERROR,0,N/A,N/A,0,0.0,0.0,0.0,0.0,0.0,0.0,0.0,2026-08-24,0.0,0.0,0.0,0.0,0.0,0.0,0.0,0.0,0,N/A,-1.0,0.0,0.0,0.0,0.0,N/A,N/A,A process in the process pool was terminated abruptly while the future was running or pending.,-1.0,-1.0,1.0,-1,,,0
2026-08-24T11:28:46,2026-08-24,AVNT,ERROR,0,N/A,N/A,0,0.0,0.0,0.0,0.0,0.0,0.0,0.0,2026-08-24,0.0,0.0,0.0,0.0,0.0,0.0,0.0,0.0,0,N/A,-1.0,0.0,0.0,0.0,0.0,N/A,N/A,A process in the process pool was terminated abruptly while the future was running or pending.,-1.0,-1.0,1.0,-1,,,0
2026-08-24T11:28:46,2026-08-24,IRT,ERROR,0,N/A,N/A,0,0.0,0.0,0.0,0.0,0.0,0.0,0.0,2026-08-24,0.0,0.0,0.0,0.0,0.0,0.0,0.0,0.0,0,N/A,-1.0,0.0,0.0,0.0,0.0,N/A,N/A,A process in the process pool was terminated abruptly while the future was running or pending.,-1.0,-1.0,1.0,-1,,,0
2026-08-24T11:28:46,2026-08-24,OLED,ERROR,0,N/A,N/A,0,0.0,0.0,0.0,0.0,0.0,0.0,0.0,2026-08-24,0.0,0.0,0.0,0.0,0.0,0.0,0.0,0.0,0,N/A,-1.0,0.0,0.0,0.0,0.0,N/A,N/A,A process in the process pool was terminated abruptly while the future was running or pending.,-1.0,-1.0,1.0,-1,,,0
2026-08-24T11:28:46,2026-08-24,BBWI,ERROR,0,N/A,N/A,0,0.0,0.0,0.0,0.0,0.0,0.0,0.0,2026-08-24,0.0,0.0,0.0,0.0,0.0,0.0,0.0,0.0,0,N/A,-1.0,0.0,0.0,0.0,0.0,N/A,N/A,A process in the process pool was terminated abruptly while the future was running or pending.,-1.0,-1.0,1.0,-1,,,0
2026-08-24T11:28:46,2026-08-24,LOPE,ERROR,0,N/A,N/A,0,0.0,0.0,0.0,0.0,0.0,0.0,0.0,2026-08-24,0.0,0.0,0.0,0.0,0.0,0.0,0.0,0.0,0,N/A,-1.0,0.0,0.0,0.0,0.0,N/A,N/A,A process in the process pool was terminated abruptly while the future was running or pending.,-1.0,-1.0,1.0,-1,,,0
2026-08-24T11:28:46,2026-08-24,SYNA,ERROR,0,N/A,N/A,0,0.0,0.0,0.0,0.0,0.0,0.0,0.0,2026-08-24,0.0,0.0,0.0,0.0,0.0,0.0,0.0,0.0,0,N/A,-1.0,0.0,0.0,0.0,0.0,N/A,N/A,A process in the process pool was terminated abruptly while the future was running or pending.,-1.0,-1.0,1.0,-1,,,0
2026-08-24T11:28:46,2026-08-24,FOUR,ERROR,0,N/A,N/A,0,0.0,0.0,0.0,0.0,0.0,0.0,0.0,2026-08-24,0.0,0.0,0.0,0.0,0.0,0.0,0.0,0.0,0,N/A,-1.0,0.0,0.0,0.0,0.0,N/A,N/A,A process in the process pool was terminated abruptly while the future was running or pending.,-1.0,-1.0,1.0,-1,,,0
2026-08-24T11:28:46,2026-08-24,KNF,ERROR,0,N/A,N/A,0,0.0,0.0,0.0,0.0,0.0,0.0,0.0,2026-08-24,0.0,0.0,0.0,0.0,0.0,0.0,0.0,0.0,0,N/A,-1.0,0.0,0.0,0.0,0.0,N/A,N/A,A process in the process pool was terminated abruptly while the future was running or pending.,-1.0,-1.0,1.0,-1,,,0
2026-08-24T11:28:46,2026-08-24,PII,ERROR,0,N/A,N/A,0,0.0,0.0,0.0,0.0,0.0,0.0,0.0,2026-08-24,0.0,0.0,0.0,0.0,0.0,0.0,0.0,0.0,0,N/A,-1.0,0.0,0.0,0.0,0.0,N/A,N/A,A process in the process pool was terminated abruptly while the future was running or pending.,-1.0,-1.0,1.0,-1,,,0
2026-08-24T11:28:46,2026-08-24,POST,ERROR,0,N/A,N/A,0,0.0,0.0,0.0,0.0,0.0,0.0,0.0,2026-08-24,0.0,0.0,0.0,0.0,0.0,0.0,0.0,0.0,0,N/A,-1.0,0.0,0.0,0.0,0.0,N/A,N/A,A process in the process pool was terminated abruptly while the future was running or pending.,-1.0,-1.0,1.0,-1,,,0
2026-08-24T11:28:46,2026-08-24,PVH,ERROR,0,N/A,N/A,0,0.0,0.0,0.0,0.0,0.0,0.0,0.0,2026-08-24,0.0,0.0,0.0,0.0,0.0,0.0,0.0,0.0,0,N/A,-1.0,0.0,0.0,0.0,0.0,N/A,N/A,A process in the process pool was terminated abruptly while the future was running or pending.,-1.0,-1.0,1.0,-1,,,0
2026-08-24T11:28:46,2026-08-24,SMG,ERROR,0,N/A,N/A,0,0.0,0.0,0.0,0.0,0.0,0.0,0.0,2026-08-24,0.0,0.0,0.0,0.0,0.0,0.0,0.0,0.0,0,N/A,-1.0,0.0,0.0,0.0,0.0,N/A,N/A,A process in the process pool was terminated abruptly while the future was running or pending.,-1.0,-1.0,1.0,-1,,,0
2026-08-24T11:28:46,2026-08-24,OPCH,ERROR,0,N/A,N/A,0,0.0,0.0,0.0,0.0,0.0,0.0,0.0,2026-08-24,0.0,0.0,0.0,0.0,0.0,0.0,0.0,0.0,0,N/A,-1.0,0.0,0.0,0.0,0.0,N/A,N/A,A process in the process pool was terminated abruptly while the future was running or pending.,-1.0,-1.0,1.0,-1,,,0
2026-08-24T11:28:46,2026-08-24,GPK,ERROR,0,N/A,N/A,0,0.0,0.0,0.0,0.0,0.0,0.0,0.0,2026-08-24,0.0,0.0,0.0,0.0,0.0,0.0,0.0,0.0,0,N/A,-1.0,0.0,0.0,0.0,0.0,N/A,N/A,A process in the process pool was terminated abruptly while the future was running or pending.,-1.0,-1.0,1.0,-1,,,0
2026-08-24T11:28:46,2026-08-24,HGV,ERROR,0,N/A,N/A,0,0.0,0.0,0.0,0.0,0.0,0.0,0.0,2026-08-24,0.0,0.0,0.0,0.0,0.0,0.0,0.0,0.0,0,N/A,-1.0,0.0,0.0,0.0,0.0,N/A,N/A,A process in the process pool was terminated abruptly while the future was running or pending.,-1.0,-1.0,1.0,-1,,,0
2026-08-24T11:28:46,2026-08-24,KBH,ERROR,0,N/A,N/A,0,0.0,0.0,0.0,0.0,0.0,0.0,0.0,2026-08-24,0.0,0.0,0.0,0.0,0.0,0.0,0.0,0.0,0,N/A,-1.0,0.0,0.0,0.0,0.0,N/A,N/A,A process in the process pool was terminated abruptly while the future was running or pending.,-1.0,-1.0,1.0,-1,,,0
2026-08-24T11:28:46,2026-08-24,EXPO,ERROR,0,N/A,N/A,0,0.0,0.0,0.0,0.0,0.0,0.0,0.0,2026-08-24,0.0,0.0,0.0,0.0,0.0,0.0,0.0,0.0,0,N/A,-1.0,0.0,0.0,0.0,0.0,N/A,N/A,A process in the process pool was terminated abruptly while the future was running or pending.,-1.0,-1.0,1.0,-1,,,0
2026-08-24T11:28:46,2026-08-24,ASH,ERROR,0,N/A,N/A,0,0.0,0.0,0.0,0.0,0.0,0.0,0.0,2026-08-24,0.0,0.0,0.0,0.0,0.0,0.0,0.0,0.0,0,N/A,-1.0,0.0,0.0,0.0,0.0,N/A,N/A,A process in the process pool was terminated abruptly while the future was running or pending.,-1.0,-1.0,1.0,-1,,,0
2026-08-24T11:28:46,2026-08-24,YETI,ERROR,0,N/A,N/A,0,0.0,0.0,0.0,0.0,0.0,0.0,0.0,2026-08-24,0.0,0.0,0.0,0.0,0.0,0.0,0.0,0.0,0,N/A,-1.0,0.0,0.0,0.0,0.0,N/A,N/A,A process in the process pool was terminated abruptly while the future was running or pending.,-1.0,-1.0,1.0,-1,,,0
2026-08-24T11:28:46,2026-08-24,PK,ERROR,0,N/A,N/A,0,0.0,0.0,0.0,0.0,0.0,0.0,0.0,2026-08-24,0.0,0.0,0.0,0.0,0.0,0.0,0.0,0.0,0,N/A,-1.0,0.0,0.0,0.0,0.0,N/A,N/A,A process in the process pool was terminated abruptly while the future was running or pending.,-1.0,-1.0,1.0,-1,,,0
2026-08-24T11:28:46,2026-08-24,WING,ERROR,0,N/A,N/A,0,0.0,0.0,0.0,0.0,0.0,0.0,0.0,2026-08-24,0.0,0.0,0.0,0.0,0.0,0.0,0.0,0.0,0,N/A,-1.0,0.0,0.0,0.0,0.0,N/A,N/A,A process in the process pool was terminated abruptly while the future was running or pending.,-1.0,-1.0,1.0,-1,,,0
2026-08-24T11:28:46,2026-08-24,IPGP,ERROR,0,N/A,N/A,0,0.0,0.0,0.0,0.0,0.0,0.0,0.0,2026-08-24,0.0,0.0,0.0,0.0,0.0,0.0,0.0,0.0,0,N/A,-1.0,0.0,0.0,0.0,0.0,N/A,N/A,A process in the process pool was terminated abruptly while the future was running or pending.,-1.0,-1.0,1.0,-1,,,0
2026-08-24T11:28:46,2026-08-24,COLM,ERROR,0,N/A,N/A,0,0.0,0.0,0.0,0.0,0.0,0.0,0.0,2026-08-24,0.0,0.0,0.0,0.0,0.0,0.0,0.0,0.0,0,N/A,-1.0,0.0,0.0,0.0,0.0,N/A,N/A,A process in the process pool was terminated abruptly while the future was running or pending.,-1.0,-1.0,1.0,-1,,,0
2026-08-24T11:28:46,2026-08-24,MZTI,ERROR,0,N/A,N/A,0,0.0,0.0,0.0,0.0,0.0,0.0,0.0,2026-08-24,0.0,0.0,0.0,0.0,0.0,0.0,0.0,0.0,0,N/A,-1.0,0.0,0.0,0.0,0.0,N/A,N/A,A process in the process pool was terminated abruptly while the future was running or pending.,-1.0,-1.0,1.0,-1,,,0
2026-08-24T11:28:46,2026-08-24,MMS,ERROR,0,N/A,N/A,0,0.0,0.0,0.0,0.0,0.0,0.0,0.0,2026-08-24,0.0,0.0,0.0,0.0,0.0,0.0,0.0,0.0,0,N/A,-1.0,0.0,0.0,0.0,0.0,N/A,N/A,A process in the process pool was terminated abruptly while the future was running or pending.,-1.0,-1.0,1.0,-1,,,0
2026-08-24T11:28:46,2026-08-24,BHF,ERROR,0,N/A,N/A,0,0.0,0.0,0.0,0.0,0.0,0.0,0.0,2026-08-24,0.0,0.0,0.0,0.0,0.0,0.0,0.0,0.0,0,N/A,-1.0,0.0,0.0,0.0,0.0,N/A,N/A,A process in the process pool was terminated abruptly while the future was running or pending.,-1.0,-1.0,1.0,-1,,,0
2026-08-24T11:28:46,2026-08-24,HOG,ERROR,0,N/A,N/A,0,0.0,0.0,0.0,0.0,0.0,0.0,0.0,2026-08-24,0.0,0.0,0.0,0.0,0.0,0.0,0.0,0.0,0,N/A,-1.0,0.0,0.0,0.0,0.0,N/A,N/A,A process in the process pool was terminated abruptly while the future was running or pending.,-1.0,-1.0,1.0,-1,,,0
2026-08-24T11:28:46,2026-08-24,RH,ERROR,0,N/A,N/A,0,0.0,0.0,0.0,0.0,0.0,0.0,0.0,2026-08-24,0.0,0.0,0.0,0.0,0.0,0.0,0.0,0.0,0,N/A,-1.0,0.0,0.0,0.0,0.0,N/A,N/A,A process in the process pool was terminated abruptly while the future was running or pending.,-1.0,-1.0,1.0,-1,,,0
2026-08-24T11:28:46,2026-08-24,CXT,ERROR,0,N/A,N/A,0,0.0,0.0,0.0,0.0,0.0,0.0,0.0,2026-08-24,0.0,0.0,0.0,0.0,0.0,0.0,0.0,0.0,0,N/A,-1.0,0.0,0.0,0.0,0.0,N/A,N/A,A process in the process pool was terminated abruptly while the future was running or pending.,-1.0,-1.0,1.0,-1,,,0
2026-08-24T11:28:46,2026-08-24,VC,ERROR,0,N/A,N/A,0,0.0,0.0,0.0,0.0,0.0,0.0,0.0,2026-08-24,0.0,0.0,0.0,0.0,0.0,0.0,0.0,0.0,0,N/A,-1.0,0.0,0.0,0.0,0.0,N/A,N/A,A process in the process pool was terminated abruptly while the future was running or pending.,-1.0,-1.0,1.0,-1,,,0
2026-08-24T11:28:46,2026-08-24,KD,ERROR,0,N/A,N/A,0,0.0,0.0,0.0,0.0,0.0,0.0,0.0,2026-08-24,0.0,0.0,0.0,0.0,0.0,0.0,0.0,0.0,0,N/A,-1.0,0.0,0.0,0.0,0.0,N/A,N/A,A process in the process pool was terminated abruptly while the future was running or pending.,-1.0,-1.0,1.0,-1,,,0
2026-08-24T11:28:46,2026-08-24,EEFT,ERROR,0,N/A,N/A,0,0.0,0.0,0.0,0.0,0.0,0.0,0.0,2026-08-24,0.0,0.0,0.0,0.0,0.0,0.0,0.0,0.0,0,N/A,-1.0,0.0,0.0,0.0,0.0,N/A,N/A,A process in the process pool was terminated abruptly while the future was running or pending.,-1.0,-1.0,1.0,-1,,,0
2026-08-24T11:28:46,2026-08-24,WHR,ERROR,0,N/A,N/A,0,0.0,0.0,0.0,0.0,0.0,0.0,0.0,2026-08-24,0.0,0.0,0.0,0.0,0.0,0.0,0.0,0.0,0,N/A,-1.0,0.0,0.0,0.0,0.0,N/A,N/A,A process in the process pool was terminated abruptly while the future was running or pending.,-1.0,-1.0,1.0,-1,,,0
2026-08-24T11:28:46,2026-08-24,XRAY,ERROR,0,N/A,N/A,0,0.0,0.0,0.0,0.0,0.0,0.0,0.0,2026-08-24,0.0,0.0,0.0,0.0,0.0,0.0,0.0,0.0,0,N/A,-1.0,0.0,0.0,0.0,0.0,N/A,N/A,A process in the process pool was terminated abruptly while the future was running or pending.,-1.0,-1.0,1.0,-1,,,0
2026-08-24T11:28:46,2026-08-24,COPX,ERROR,0,N/A,N/A,0,0.0,0.0,0.0,0.0,0.0,0.0,0.0,2026-08-24,0.0,0.0,0.0,0.0,0.0,0.0,0.0,0.0,0,N/A,-1.0,0.0,0.0,0.0,0.0,N/A,N/A,A process in the process pool was terminated abruptly while the future was running or pending.,-1.0,-1.0,1.0,-1,,,0
2026-08-24T11:28:46,2026-08-24,DBA,ERROR,0,N/A,N/A,0,0.0,0.0,0.0,0.0,0.0,0.0,0.0,2026-08-24,0.0,0.0,0.0,0.0,0.0,0.0,0.0,0.0,0,N/A,-1.0,0.0,0.0,0.0,0.0,N/A,N/A,A process in the process pool was terminated abruptly while the future was running or pending.,-1.0,-1.0,1.0,-1,,,0
2026-08-24T11:28:46,2026-08-24,GLD,ERROR,0,N/A,N/A,0,0.0,0.0,0.0,0.0,0.0,0.0,0.0,2026-08-24,0.0,0.0,0.0,0.0,0.0,0.0,0.0,0.0,0,N/A,-1.0,0.0,0.0,0.0,0.0,N/A,N/A,A process in the process pool was terminated abruptly while the future was running or pending.,-1.0,-1.0,1.0,-1,,,0
2026-08-24T11:28:46,2026-08-24,SLV,ERROR,0,N/A,N/A,0,0.0,0.0,0.0,0.0,0.0,0.0,0.0,2026-08-24,0.0,0.0,0.0,0.0,0.0,0.0,0.0,0.0,0,N/A,-1.0,0.0,0.0,0.0,0.0,N/A,N/A,A process in the process pool was terminated abruptly while the future was running or pending.,-1.0,-1.0,1.0,-1,,,0
2026-08-24T11:28:46,2026-08-24,TLT,ERROR,0,N/A,N/A,0,0.0,0.0,0.0,0.0,0.0,0.0,0.0,2026-08-24,0.0,0.0,0.0,0.0,0.0,0.0,0.0,0.0,0,N/A,-1.0,0.0,0.0,0.0,0.0,N/A,N/A,A process in the process pool was terminated abruptly while the future was running or pending.,-1.0,-1.0,1.0,-1,,,0
2026-08-24T11:28:46,2026-08-24,UNG,ERROR,0,N/A,N/A,0,0.0,0.0,0.0,0.0,0.0,0.0,0.0,2026-08-24,0.0,0.0,0.0,0.0,0.0,0.0,0.0,0.0,0,N/A,-1.0,0.0,0.0,0.0,0.0,N/A,N/A,A process in the process pool was terminated abruptly while the future was running or pending.,-1.0,-1.0,1.0,-1,,,0
2026-08-24T11:28:46,2026-08-24,USO,ERROR,0,N/A,N/A,0,0.0,0.0,0.0,0.0,0.0,0.0,0.0,2026-08-24,0.0,0.0,0.0,0.0,0.0,0.0,0.0,0.0,0,N/A,-1.0,0.0,0.0,0.0,0.0,N/A,N/A,A process in the process pool was terminated abruptly while the future was running or pending.,-1.0,-1.0,1.0,-1,,,0
2026-08-24T11:28:46,2026-08-24,XLE,ERROR,0,N/A,N/A,0,0.0,0.0,0.0,0.0,0.0,0.0,0.0,2026-08-24,0.0,0.0,0.0,0.0,0.0,0.0,0.0,0.0,0,N/A,-1.0,0.0,0.0,0.0,0.0,N/A,N/A,A process in the process pool was terminated abruptly while the future was running or pending.,-1.0,-1.0,1.0,-1,,,0
2026-08-24T11:28:46,2026-08-24,XLF,ERROR,0,N/A,N/A,0,0.0,0.0,0.0,0.0,0.0,0.0,0.0,2026-08-24,0.0,0.0,0.0,0.0,0.0,0.0,0.0,0.0,0,N/A,-1.0,0.0,0.0,0.0,0.0,N/A,N/A,A process in the process pool was terminated abruptly while the future was running or pending.,-1.0,-1.0,1.0,-1,,,0
2026-08-24T11:28:46,2026-08-24,XLI,ERROR,0,N/A,N/A,0,0.0,0.0,0.0,0.0,0.0,0.0,0.0,2026-08-24,0.0,0.0,0.0,0.0,0.0,0.0,0.0,0.0,0,N/A,-1.0,0.0,0.0,0.0,0.0,N/A,N/A,A process in the process pool was terminated abruptly while the future was running or pending.,-1.0,-1.0,1.0,-1,,,0
2026-08-24T11:28:46,2026-08-24,XLP,ERROR,0,N/A,N/A,0,0.0,0.0,0.0,0.0,0.0,0.0,0.0,2026-08-24,0.0,0.0,0.0,0.0,0.0,0.0,0.0,0.0,0,N/A,-1.0,0.0,0.0,0.0,0.0,N/A,N/A,A process in the process pool was terminated abruptly while the future was running or pending.,-1.0,-1.0,1.0,-1,,,0
2026-08-24T11:28:46,2026-08-24,XLU,ERROR,0,N/A,N/A,0,0.0,0.0,0.0,0.0,0.0,0.0,0.0,2026-08-24,0.0,0.0,0.0,0.0,0.0,0.0,0.0,0.0,0,N/A,-1.0,0.0,0.0,0.0,0.0,N/A,N/A,A process in the process pool was terminated abruptly while the future was running or pending.,-1.0,-1.0,1.0,-1,,,0
2026-08-24T11:28:46,2026-08-24,XLV,ERROR,0,N/A,N/A,0,0.0,0.0,0.0,0.0,0.0,0.0,0.0,2026-08-24,0.0,0.0,0.0,0.0,0.0,0.0,0.0,0.0,0,N/A,-1.0,0.0,0.0,0.0,0.0,N/A,N/A,A process in the process pool was terminated abruptly while the future was running or pending.,-1.0,-1.0,1.0,-1,,,0
2026-08-24T11:28:19,2026-08-24,FRT,HOLD,0,Multi-Factor Momentum MR,HIGH,4,-0.42,116.74,1.96,0.0,6.86,0.0,0.0,2026-11-22,0.73,1.05,100.0,31.32,10.68,7.59,-8.26,90.0,1,2026-05-06 to 2026-08-21 (75 days),-1.0,34.4,0.1508,121.85,108.6,BULLISH,LOW,Strong trend (ADX=30); Last surprise: +34.7%; Earnings conf adj: +1,10.0,-1.0,1.0,67,2026-10-30,34.72,1
2026-08-24T11:28:16,2026-08-24,FFIV,HOLD,0,VWAP Trend,HIGH,4,-0.56,384.63,4.81,0.0,4.62,0.0,0.0,2026-08-26,1.04,1.55,40.0,4.31,16.27,-34.38,-7.91,2.6,5,2026-05-06 to 2026-08-21 (75 days),-1.0,41.7,0.3642,403.76,319.5,BULLISH,MEDIUM,Strong trend (ADX=31); Last surprise: +18.3%; Earnings conf adj: +1,5.15,-1.0,1.0,63,2026-10-26,18.25,1
2026-08-24T11:27:35,2026-08-24,C,HOLD,0,PEAD Earnings Drift,HIGH,4,-0.71,131.65,3.43,0.0,10.29,0.0,0.0,2026-10-31,0.56,0.81,100.0,31.38,10.68,-2.49,-8.61,68.0,1,2026-05-06 to 2026-08-21 (75 days),-1.0,43.9,0.3135,136.59,120.47,BULLISH,MEDIUM,Last surprise: +15.9%; Earnings conf adj: +1,5.98,-1.0,1.0,50,2026-10-13,15.87,1
2026-08-24T11:27:43,2026-08-24,CINF,HOLD,0,Composite Multi-Indicator,LOW,0,-1.91,168.29,2.29,0.0,4.58,0.0,0.0,2026-11-02,0.1,0.13,100.0,0.2,-0.27,-20.17,-12.45,70.0,1,2026-05-06 to 2026-08-21 (75 days),-1.0,35.5,0.1848,177.33,165.59,BULLISH,LOW,Strong trend (ADX=46); Last surprise: -21.4%; Earnings conf adj: -1,7.0,-1.0,1.0,63,2026-10-26,-21.43,-1
2026-08-24T11:27:45,2026-08-24,CNP,HOLD,1,VWAP Trend,LOW,1,-3.38,38.77,2.84,37.67,2.28,39.65,0.0,2026-08-26,-1.53,-1.75,50.0,0.62,-13.01,9.91,-4.26,2.4,8,2026-05-06 to 2026-08-21 (75 days),-1.0,26.9,0.187,42.4,40.98,BULLISH,LOW,RSI oversold; Last surprise: +8.1%; Earnings conf adj: +1,7.0,-1.0,1.0,59,2026-10-22,8.11,1
2026-08-24T11:27:31,2026-08-24,BLDR,HOLD,0,Stochastic Oscillator,LOW,1,-7.88,70.21,9.51,0.0,14.27,0.0,0.0,2026-10-06,0.84,1.37,50.0,3.29,36.6,72.57,-16.07,43.5,2,2026-05-06 to 2026-08-21 (75 days),-1.0,45.8,0.6679,75.79,92.13,BEARISH,HIGH,Last surprise: -7.9%; Earnings conf adj: -1,2.81,-1.0,1.0,66,2026-10-29,-7.87,-1
2026-08-24T11:27:56,2026-08-24,DECK,HOLD,0,Stochastic Oscillator,MEDIUM,3,-10.99,91.68,5.94,0.0,8.91,0.0,0.0,2026-09-28,0.95,1.46,50.0,2.06,30.38,65.12,-18.5,35.0,2,2026-05-06 to 2026-08-21 (75 days),-1.0,40.8,0.4249,101.45,102.28,BEARISH,HIGH,Strong trend (ADX=45); Last surprise: +8.0%; Earnings conf adj: +1,4.41,-1.0,1.0,59,2026-10-22,8.05,1
2026-08-24T11:27:24,2026-08-24,APP,HOLD,0,Multi-Factor Momentum MR,LOW,0,-11.55,305.77,12.0,0.0,18.0,0.0,0.0,2026-08-25,0.0,0.0,0.0,0.0,0.0,76.67,0.0,0.0,0,2026-05-06 to 2026-08-21 (75 days),-1.0,29.6,0.8346,427.25,500.17,BEARISH,HIGH,RSI oversold; Strong trend (ADX=50); Last surprise: +0.5%,2.25,-1.0,1.0,72,2026-11-04,0.53,0
2026-08-24T11:28:29,2026-08-24,HONA,HOLD,0,SMA Crossover (10/50),LOW,0,-11.55,164.73,12.0,0.0,18.0,0.0,0.0,2026-08-25,0.0,0.0,0.0,0.0,0.0,93.4,0.0,0.0,0,2026-07-06 to 2026-08-21 (35 days),-1.0,38.2,0.9955,nan,nan,NEUTRAL,HIGH,Last surprise: -11.8%; Earnings conf adj: -1,1.88,-1.0,1.0,72,2026-11-04,-11.79,-1
2026-08-24T11:27:27,2026-08-24,AZO,HOLD,0,RSI Mean Reversion,LOW,0,-14.17,2957.95,4.05,0.0,6.07,0.0,0.0,2026-08-25,0.0,0.0,0.0,0.0,0.0,45.85,0.0,0.0,0,2026-05-06 to 2026-08-21 (75 days),-1.0,41.6,0.2968,3054.83,3420.26,BEARISH,MEDIUM,Last surprise: +5.3%,6.32,-1.0,1.0,29,2026-09-22,5.25,0
2026-08-24T11:27:38,2026-08-24,CCI,HOLD,0,RSI Mean Reversion,LOW,1,-14.67,75.51,4.6,0.0,6.9,0.0,0.0,2026-08-25,0.0,0.0,0.0,0.0,0.0,43.3,0.0,0.0,0,2026-05-06 to 2026-08-21 (75 days),-1.0,47.6,0.3333,78.33,84.14,BEARISH,MEDIUM,Last surprise: +35.3%; Earnings conf adj: +1,5.63,-1.0,1.0,58,2026-10-21,35.29,1
