generated_at,date,ticker,signal,signal_raw,strategy,confidence,confidence_score,composite_score,current_price,stop_loss_pct,stop_loss_price,take_profit_pct,take_profit_price,suggested_position_size_pct,signal_expires,sharpe,sortino,win_rate,profit_factor,annual_return_pct,annual_excess_pct,max_drawdown_pct,avg_holding_days,total_trades,backtest_period,pbo,rsi,vol_20,sma_50,sma_200,trend,volatility,notes,vol_target_size_pct,meta_label_prob,meta_label_size_mult,days_to_earnings,earnings_date,last_surprise_pct,earnings_confidence_adj
2026-08-04T13:04:02,2026-08-04,PCTY,HOLD,0,VWAP Trend,MEDIUM,2,114.98,139.77,9.64,0.0,12.36,0.0,0.0,2026-08-13,4.39,10.42,85.7,10.45,360.51,154.69,-11.78,9.9,7,2026-04-16 to 2026-08-03 (75 days),-1.0,66.7,0.4988,116.3,124.78,BEARISH,HIGH,Strong trend (ADX=46); EARNINGS TODAY (2026-08-04); Last surprise: +12.0%; Earnings conf adj: -3,3.76,-1.0,1.0,0,2026-08-04,12.02,-3
2026-08-04T13:03:32,2026-08-04,UMBF,HOLD,0,VWAP Trend,HIGH,6,114.06,147.04,3.65,0.0,2.86,0.0,0.0,2026-08-06,4.74,14.21,100.0,153.83,62.92,-35.97,-1.86,2.1,8,2026-04-16 to 2026-08-03 (75 days),-1.0,59.0,0.2506,138.64,122.88,BULLISH,MEDIUM,Last surprise: +14.4%; Earnings conf adj: +1,7.48,-1.0,1.0,84,2026-10-27,14.42,1
2026-08-04T13:04:26,2026-08-04,CVLT,HOLD,0,VWAP Trend,HIGH,6,104.39,124.93,12.0,0.0,19.02,0.0,0.0,2026-08-12,4.79,11.38,100.0,407.34,253.29,97.88,-5.02,8.5,6,2026-04-16 to 2026-08-03 (75 days),-1.0,41.6,0.8285,131.91,114.68,BULLISH,HIGH,Strong trend (ADX=42); Last surprise: +22.4%; Earnings conf adj: +1,2.26,-1.0,1.0,84,2026-10-27,22.41,1
2026-08-04T13:03:44,2026-08-04,VMI,EXIT,-1,VWAP Trend,HIGH,6,101.92,488.59,6.12,518.49,4.46,466.8,7.51,2026-08-06,3.9,21.0,83.3,13.41,182.27,86.67,-2.75,2.3,12,2026-04-16 to 2026-08-03 (75 days),-1.0,40.9,0.3733,532.53,457.89,BULLISH,MEDIUM,Strong trend (ADX=42); Last surprise: +5.9%; Earnings conf adj: +1; Size: Kelly 10.0% / VolTgt 5.0% / Blend 7.5%,5.02,-1.0,1.0,77,2026-10-20,5.86,1
2026-08-04T13:01:30,2026-08-04,FSLR,HOLD,0,VWAP Trend,HIGH,6,101.72,232.73,9.11,0.0,6.37,0.0,0.0,2026-08-06,3.49,11.85,90.0,8.24,205.72,111.98,-5.08,2.5,10,2026-04-16 to 2026-08-03 (75 days),-1.0,57.7,0.5114,245.07,234.27,BULLISH,HIGH,High volume; Strong trend (ADX=46); Last surprise: +36.1%; Earnings conf adj: +1,3.67,-1.0,1.0,86,2026-10-29,36.11,1
2026-08-04T13:04:00,2026-08-04,FAF,HOLD,0,VWAP Trend,HIGH,6,95.33,75.4,6.49,0.0,4.79,0.0,0.0,2026-08-06,3.77,9.01,80.0,6.73,63.63,-17.83,-2.58,2.0,10,2026-04-16 to 2026-08-03 (75 days),-1.0,58.8,0.4301,69.25,64.72,BULLISH,HIGH,Last surprise: +13.0%; Earnings conf adj: +1,4.36,-1.0,1.0,78,2026-10-21,13.04,1
2026-08-04T13:02:34,2026-08-04,SWK,EXIT,-1,VWAP Trend,HIGH,6,95.31,98.11,5.23,103.24,5.85,92.37,7.4,2026-08-07,2.84,7.75,100.0,150.2,61.22,-191.71,-3.49,3.6,8,2026-04-16 to 2026-08-03 (75 days),-1.0,66.4,0.3913,86.2,77.01,BULLISH,MEDIUM,Price at statistical extreme; Last surprise: +29.8%; Earnings conf adj: +1; Size: Kelly 10.0% / VolTgt 4.8% / Blend 7.4%,4.79,-1.0,1.0,-6,2026-07-29,29.75,1
2026-08-04T13:02:23,2026-08-04,PWR,EXIT,-1,VWAP Trend,HIGH,6,94.65,680.2,10.12,749.04,9.48,615.72,6.28,2026-08-06,3.77,13.92,90.0,11.39,431.3,366.44,-5.4,2.7,10,2026-04-16 to 2026-08-03 (75 days),-1.0,55.3,0.7327,680.43,562.43,BULLISH,HIGH,Strong trend (ADX=32); Last surprise: +28.1%; Earnings conf adj: +1; Size: Kelly 10.0% / VolTgt 2.6% / Blend 6.3%,2.56,-1.0,1.0,86,2026-10-29,28.1,1
2026-08-04T13:02:31,2026-08-04,SNDK,EXIT,-1,VWAP Trend,MEDIUM,3,94.01,1288.03,12.0,1442.59,19.94,1031.2,5.58,2026-08-06,3.25,9.61,72.7,6.05,913.57,698.42,-7.55,2.4,11,2026-04-16 to 2026-08-03 (75 days),-1.0,43.2,1.6347,1707.12,848.89,BULLISH,HIGH,Earnings in 1d (2026-08-05); Last surprise: +59.7%; Earnings conf adj: -2; Size: Kelly 10.0% / VolTgt 1.1% / Blend 5.6%,1.15,-1.0,1.0,1,2026-08-05,59.69,-2
2026-08-04T13:00:54,2026-08-04,CAT,HOLD,0,VWAP Trend,MEDIUM,2,91.44,830.03,7.37,0.0,5.36,0.0,0.0,2026-08-06,3.72,10.0,75.0,9.82,113.03,83.77,-3.82,2.9,8,2026-04-16 to 2026-08-03 (75 days),-1.0,39.7,0.3998,917.87,737.11,BULLISH,MEDIUM,Strong trend (ADX=43); EARNINGS TODAY (2026-08-04); Last surprise: +19.4%; Earnings conf adj: -3,4.69,-1.0,1.0,0,2026-08-04,19.4,-3
2026-08-04T13:00:41,2026-08-04,APH,HOLD,0,ADX Trend Following,HIGH,6,90.42,163.34,9.45,0.0,12.04,0.0,0.0,2026-08-14,2.48,4.25,100.0,255.63,126.53,88.96,-11.53,10.8,5,2026-04-16 to 2026-08-03 (75 days),-1.0,57.5,0.4653,154.64,141.95,BULLISH,HIGH,Last surprise: +13.4%; Earnings conf adj: +1,4.03,-1.0,1.0,85,2026-10-28,13.45,1
2026-08-04T13:00:37,2026-08-04,AMAT,HOLD,0,VWAP Trend,HIGH,6,89.17,518.21,12.0,0.0,13.87,0.0,0.0,2026-08-07,3.09,6.32,81.8,5.6,306.96,142.36,-9.2,3.9,11,2026-04-16 to 2026-08-03 (75 days),-1.0,46.9,0.8918,545.41,374.47,BULLISH,HIGH,Last surprise: +6.3%; Earnings conf adj: +1,2.1,-1.0,1.0,9,2026-08-13,6.32,1
2026-08-04T13:00:35,2026-08-04,AIZ,EXIT,-1,VWAP Trend,MEDIUM,2,85.12,282.39,2.1,288.32,1.85,277.17,10.0,2026-08-06,3.8,11.38,90.0,64.06,53.07,-67.41,-1.41,2.8,10,2026-04-16 to 2026-08-03 (75 days),-1.0,63.2,0.1402,266.53,236.39,BULLISH,LOW,EARNINGS TODAY (2026-08-04); Last surprise: +11.6%; Earnings conf adj: -3; Size: Kelly 10.0% / VolTgt 10.0% / Blend 10.0%,10.0,-1.0,1.0,0,2026-08-04,11.63,-3
2026-08-04T13:03:23,2026-08-04,DT,HOLD,0,VWAP Trend,HIGH,4,82.9,44.54,5.29,0.0,8.25,0.0,0.0,2026-08-12,1.35,2.0,87.5,6.69,55.98,-58.07,-16.86,8.1,8,2026-04-16 to 2026-08-03 (75 days),-1.0,56.4,0.3681,42.75,41.28,BULLISH,MEDIUM,Earnings in 1d (2026-08-05); Last surprise: +5.1%; Earnings conf adj: -1,5.09,-1.0,1.0,1,2026-08-05,5.13,-1
2026-08-04T13:01:03,2026-08-04,COR,HOLD,0,ADX Trend Following,MEDIUM,3,79.63,308.37,3.61,0.0,5.42,0.0,0.0,2026-08-16,2.24,4.26,100.0,116.58,45.7,59.06,-4.2,12.0,4,2026-04-16 to 2026-08-03 (75 days),-1.0,55.9,0.2626,289.33,323.63,BEARISH,MEDIUM,Strong trend (ADX=32); Earnings in 1d (2026-08-05); Last surprise: +0.4%; Earnings conf adj: -2,7.14,-1.0,1.0,1,2026-08-05,0.42,-2
2026-08-04T13:04:14,2026-08-04,ESNT,HOLD,0,ADX Trend Following,HIGH,4,79.36,66.73,3.41,0.0,7.17,0.0,0.0,2026-08-18,2.65,6.3,100.0,124.65,47.8,8.27,-3.43,14.3,3,2026-04-16 to 2026-08-03 (75 days),-1.0,59.0,0.2408,62.13,61.28,BULLISH,MEDIUM,Earnings in 3d (2026-08-07); Last surprise: +5.8%; Earnings conf adj: -1,7.79,-1.0,1.0,3,2026-08-07,5.81,-1
2026-08-04T13:03:10,2026-08-04,PNFP,HOLD,0,ADX Trend Following,HIGH,5,78.93,107.54,4.14,0.0,5.56,0.0,0.0,2026-08-09,3.86,13.18,100.0,107.96,41.09,-24.91,-1.52,5.8,4,2026-04-16 to 2026-08-03 (75 days),-1.0,67.6,0.2933,98.95,94.09,BULLISH,MEDIUM,Price at statistical extreme; Strong trend (ADX=39); Last surprise: +1.6%,6.39,-1.0,1.0,71,2026-10-14,1.63,0
2026-08-04T13:01:42,2026-08-04,IBM,HOLD,0,Stochastic Oscillator,HIGH,5,78.04,226.31,7.67,0.0,11.5,0.0,0.0,2026-08-19,4.93,26.13,100.0,661.58,549.64,577.58,-3.63,15.0,3,2026-04-16 to 2026-08-03 (75 days),-1.0,43.1,0.9712,260.46,267.99,BEARISH,HIGH,Strong trend (ADX=32); Last surprise: +0.0%,1.93,-1.0,1.0,78,2026-10-21,0.0,0
2026-08-04T13:02:01,2026-08-04,MKC,HOLD,0,ADX Trend Following,HIGH,6,77.26,51.52,5.31,0.0,6.4,0.0,0.0,2026-08-10,2.32,4.6,80.0,6.82,58.34,63.48,-5.27,6.8,5,2026-04-16 to 2026-08-03 (75 days),-1.0,52.8,0.3117,49.42,57.56,BEARISH,MEDIUM,Last surprise: +14.3%; Earnings conf adj: +1,6.01,-1.0,1.0,63,2026-10-06,14.29,1
2026-08-04T13:03:29,2026-08-04,BROS,HOLD,0,VWAP Trend,HIGH,4,76.54,64.98,6.12,0.0,8.19,0.0,0.0,2026-08-13,2.82,4.57,83.3,17.89,161.73,27.35,-14.37,9.0,6,2026-04-16 to 2026-08-03 (75 days),-1.0,49.1,0.3469,63.9,57.74,BULLISH,MEDIUM,Earnings in 1d (2026-08-05); Last surprise: +6.7%; Earnings conf adj: -1,5.41,-1.0,1.0,1,2026-08-05,6.67,-1
2026-08-04T13:03:38,2026-08-04,SANM,EXIT,-1,VWAP Trend,HIGH,6,76.06,193.23,12.0,216.42,13.08,167.96,6.0,2026-08-07,3.26,10.22,85.7,16.32,258.3,200.39,-5.07,3.1,7,2026-04-16 to 2026-08-03 (75 days),-1.0,43.7,0.9431,230.87,177.25,BULLISH,HIGH,Last surprise: +18.6%; Earnings conf adj: +1; Size: Kelly 10.0% / VolTgt 2.0% / Blend 6.0%,1.99,-1.0,1.0,-8,2026-07-27,18.64,1
2026-08-04T13:04:13,2026-08-04,FBIN,HOLD,0,VWAP Trend,MEDIUM,2,74.54,52.17,8.02,0.0,9.39,0.0,0.0,2026-08-12,3.03,7.51,83.3,6.45,221.76,27.67,-7.67,8.2,6,2026-04-16 to 2026-08-03 (75 days),-1.0,60.1,0.4163,45.91,47.23,BEARISH,HIGH,EARNINGS TODAY (2026-08-04); Last surprise: +0.0%; Earnings conf adj: -3,4.5,-1.0,1.0,0,2026-08-04,0.0,-3
2026-08-04T13:02:40,2026-08-04,TRGP,HOLD,0,VWAP Trend,HIGH,4,74.19,264.6,4.19,0.0,3.44,0.0,0.0,2026-08-06,3.05,7.68,88.9,9.45,39.21,-5.27,-2.46,2.0,9,2026-04-16 to 2026-08-03 (75 days),-1.0,44.5,0.3093,268.3,221.05,BULLISH,MEDIUM,Strong trend (ADX=34); Earnings in 2d (2026-08-06); Last surprise: +7.4%; Earnings conf adj: -1,6.06,-1.0,1.0,2,2026-08-06,7.39,-1
2026-08-04T13:02:21,2026-08-04,PPG,EXIT,-1,VWAP Trend,HIGH,5,73.59,114.01,6.78,121.74,5.73,107.48,7.34,2026-08-07,1.83,3.14,80.0,3.25,35.69,27.59,-6.88,3.3,10,2026-04-16 to 2026-08-03 (75 days),-1.0,46.9,0.4005,116.24,108.75,BULLISH,HIGH,Last surprise: -0.9%; Size: Kelly 10.0% / VolTgt 4.7% / Blend 7.3%,4.68,-1.0,1.0,84,2026-10-27,-0.89,0
2026-08-04T13:05:09,2026-08-04,XLI,BUY,1,VWAP Trend,HIGH,5,73.41,183.16,2.06,179.39,2.46,187.67,10.0,2026-08-07,2.59,7.74,75.0,5.97,21.08,-8.05,-2.07,3.0,8,2026-04-16 to 2026-08-03 (75 days),0.583,56.8,0.1804,178.52,166.73,BULLISH,LOW,Size: Kelly 10.0% / VolTgt 10.0% / Blend 10.0%,10.0,-1.0,1.0,-1,,,0
2026-08-04T13:04:43,2026-08-04,OPCH,HOLD,0,EMA Crossover (9/21),HIGH,5,73.33,23.7,7.89,0.0,11.05,0.0,0.0,2026-08-15,1.37,2.25,100.0,93.48,35.25,80.79,-6.14,11.3,3,2026-04-16 to 2026-08-03 (75 days),-1.0,62.2,0.4176,21.52,27.67,BEARISH,HIGH,Price at statistical extreme; Strong trend (ADX=30); Last surprise: +4.7%,4.49,-1.0,1.0,86,2026-10-29,4.65,0
2026-08-04T13:05:01,2026-08-04,TOL,HOLD,0,VWAP Trend,HIGH,6,69.59,150.46,4.73,0.0,4.41,0.0,0.0,2026-08-06,3.19,13.48,87.5,141.31,123.16,91.08,-3.03,2.4,8,2026-04-16 to 2026-08-03 (75 days),-1.0,50.5,0.3615,148.33,142.47,BULLISH,MEDIUM,Last surprise: +5.0%; Earnings conf adj: +1,5.19,-1.0,1.0,14,2026-08-18,5.02,1
2026-08-04T13:02:48,2026-08-04,VRT,HOLD,0,VWAP Trend,HIGH,6,69.41,263.05,12.0,0.0,9.09,0.0,0.0,2026-08-05,3.01,5.47,81.8,3.51,209.16,240.75,-11.35,1.8,11,2026-04-16 to 2026-08-03 (75 days),-1.0,42.7,0.8608,304.67,246.68,BULLISH,HIGH,Strong trend (ADX=34); Last surprise: +6.3%; Earnings conf adj: +1,2.18,-1.0,1.0,78,2026-10-21,6.29,1
2026-08-04T13:03:27,2026-08-04,AEIS,HOLD,0,VWAP Trend,HIGH,5,69.17,296.38,12.0,0.0,10.1,0.0,0.0,2026-08-06,1.34,2.34,80.0,1.92,49.98,103.91,-13.89,2.7,10,2026-04-16 to 2026-08-03 (75 days),-1.0,48.0,0.7804,319.15,287.24,BULLISH,HIGH,High volume; Last surprise: +5.6%,2.4,-1.0,1.0,91,2026-11-03,5.56,0
2026-08-04T13:03:34,2026-08-04,GMED,HOLD,0,ADX Trend Following,HIGH,4,68.26,81.46,6.31,0.0,9.46,0.0,0.0,2026-08-17,1.55,2.57,100.0,118.76,46.27,82.02,-8.6,13.3,3,2026-04-16 to 2026-08-03 (75 days),-1.0,55.4,0.4148,79.67,84.06,BEARISH,HIGH,Earnings in 2d (2026-08-06); Last surprise: +21.7%; Earnings conf adj: -1,4.52,-1.0,1.0,2,2026-08-06,21.74,-1
2026-08-04T13:03:47,2026-08-04,VIAV,EXIT,-1,VWAP Trend,MEDIUM,3,68.06,37.75,12.0,42.28,10.26,33.88,6.09,2026-08-06,2.62,6.21,83.3,5.74,128.29,153.8,-5.9,2.3,6,2026-04-16 to 2026-08-03 (75 days),-1.0,44.0,0.8593,45.29,32.03,BULLISH,HIGH,Strong trend (ADX=37); Earnings in 1d (2026-08-05); Last surprise: +17.4%; Earnings conf adj: -2; Size: Kelly 10.0% / VolTgt 2.2% / Blend 6.1%,2.18,-1.0,1.0,1,2026-08-05,17.39,-2
2026-08-04T13:03:53,2026-08-04,HQY,HOLD,0,VWAP Trend,HIGH,6,67.79,104.36,4.71,0.0,10.18,0.0,0.0,2026-08-18,3.17,6.76,80.0,110.32,125.43,20.47,-5.98,14.2,5,2026-04-16 to 2026-08-03 (75 days),-1.0,66.6,0.343,91.94,88.59,BULLISH,MEDIUM,Price at statistical extreme; Strong trend (ADX=43); Last surprise: +10.7%; Earnings conf adj: +1,5.47,-1.0,1.0,23,2026-08-27,10.71,1
2026-08-04T13:02:40,2026-08-04,TPR,HOLD,0,MACD Crossover,HIGH,6,67.04,155.63,4.35,0.0,11.03,0.0,0.0,2026-08-19,2.15,3.6,100.0,137.55,55.72,43.02,-4.96,15.7,3,2026-04-16 to 2026-08-03 (75 days),-1.0,65.8,0.3535,144.04,134.55,BULLISH,MEDIUM,Price at statistical extreme; Strong trend (ADX=34); Last surprise: +27.7%; Earnings conf adj: +1,5.3,-1.0,1.0,9,2026-08-13,27.69,1
2026-08-04T13:03:14,2026-08-04,ARMK,HOLD,0,VWAP Trend,HIGH,5,66.64,56.74,2.41,0.0,1.73,0.0,0.0,2026-08-06,2.43,5.67,81.8,16.73,38.96,-95.0,-3.1,2.5,11,2026-04-16 to 2026-08-03 (75 days),-1.0,53.7,0.1392,55.28,44.05,BULLISH,LOW,Last surprise: +2.1%,10.0,-1.0,1.0,7,2026-08-11,2.08,0
2026-08-04T13:01:53,2026-08-04,LH,EXIT,-1,VWAP Trend,HIGH,5,66.34,307.42,4.84,322.3,4.68,293.03,8.04,2026-08-07,3.72,10.13,55.6,6.76,72.64,8.17,-3.6,3.7,9,2026-04-16 to 2026-08-03 (75 days),-1.0,65.4,0.3087,275.02,267.42,BULLISH,MEDIUM,Strong trend (ADX=38); Last surprise: +4.6%; Size: Kelly 10.0% / VolTgt 6.1% / Blend 8.0%,6.07,-1.0,1.0,-5,2026-07-30,4.61,0
2026-08-04T13:02:24,2026-08-04,RCL,HOLD,0,ADX Trend Following,HIGH,6,66.14,324.0,5.59,0.0,9.05,0.0,0.0,2026-08-14,2.16,3.98,100.0,195.89,87.39,-11.97,-10.22,10.8,5,2026-04-16 to 2026-08-03 (75 days),-1.0,65.1,0.3499,294.86,284.27,BULLISH,MEDIUM,Strong trend (ADX=36); Last surprise: +5.8%; Earnings conf adj: +1,5.36,-1.0,1.0,84,2026-10-27,5.78,1
2026-08-04T13:01:01,2026-08-04,CNC,HOLD,0,ADX Trend Following,HIGH,6,65.89,63.76,7.41,0.0,13.44,0.0,0.0,2026-08-26,3.64,8.68,100.0,555.74,355.46,-77.87,-8.41,22.5,4,2026-04-16 to 2026-08-03 (75 days),-1.0,49.0,0.3598,63.73,46.73,BULLISH,MEDIUM,Strong trend (ADX=49); Last surprise: +132.4%; Earnings conf adj: +1,5.21,-1.0,1.0,84,2026-10-27,132.41,1
2026-08-04T13:01:32,2026-08-04,GEN,HOLD,0,VWAP Trend,MEDIUM,3,65.52,28.17,4.55,0.0,6.44,0.0,0.0,2026-08-10,4.35,33.51,100.0,308.52,168.82,-70.68,-2.18,6.8,4,2026-04-16 to 2026-08-03 (75 days),-1.0,65.7,0.3139,25.66,24.12,BULLISH,MEDIUM,Price at statistical extreme; Earnings in 2d (2026-08-06); Last surprise: +3.1%; Earnings conf adj: -2,5.97,-1.0,1.0,2,2026-08-06,3.08,-2
2026-08-04T13:01:36,2026-08-04,GRMN,HOLD,0,ADX Trend Following,HIGH,6,64.99,304.76,7.42,0.0,19.26,0.0,0.0,2026-08-18,1.56,2.55,100.0,74.68,26.76,-38.0,-4.23,14.3,3,2026-04-16 to 2026-08-03 (75 days),-1.0,79.9,0.647,243.99,228.18,BULLISH,HIGH,RSI overbought; Price at statistical extreme; Strong trend (ADX=48); Last surprise: +22.7%; Earnings conf adj: +1,2.9,-1.0,1.0,85,2026-10-28,22.71,1
2026-08-04T13:01:22,2026-08-04,ETR,HOLD,0,VWAP Trend,HIGH,5,64.88,108.06,3.81,0.0,2.46,0.0,0.0,2026-08-06,1.53,2.75,77.8,3.49,13.62,32.44,-2.47,2.1,9,2026-04-16 to 2026-08-03 (75 days),-1.0,36.7,0.2153,112.14,103.53,BULLISH,MEDIUM,Strong trend (ADX=33); Last surprise: +2.0%,8.71,-1.0,1.0,86,2026-10-29,1.98,0
2026-08-04T13:00:45,2026-08-04,AXON,HOLD,0,Stochastic Oscillator,MEDIUM,3,64.73,575.88,9.62,0.0,14.05,0.0,0.0,2026-08-12,4.38,21.13,100.0,550.0,371.57,104.47,-4.08,8.5,2,2026-04-16 to 2026-08-03 (75 days),-1.0,61.6,0.6118,495.99,514.2,BEARISH,HIGH,Earnings in 1d (2026-08-05); Last surprise: +0.6%; Earnings conf adj: -2,3.06,-1.0,1.0,1,2026-08-05,0.63,-2
2026-08-04T13:01:33,2026-08-04,GM,HOLD,0,MACD Crossover,HIGH,6,64.58,87.68,5.21,0.0,8.32,0.0,0.0,2026-08-12,2.19,4.32,100.0,147.85,60.71,10.99,-5.66,8.5,4,2026-04-16 to 2026-08-03 (75 days),-1.0,64.3,0.3624,80.7,77.3,BULLISH,MEDIUM,Strong trend (ADX=43); Last surprise: +11.9%; Earnings conf adj: +1,5.17,-1.0,1.0,77,2026-10-20,11.91,1
2026-08-04T13:03:52,2026-08-04,ATR,EXIT,-1,VWAP Trend,HIGH,6,64.45,136.77,4.11,142.39,6.17,128.33,8.15,2026-08-18,1.84,3.0,100.0,108.91,41.2,13.64,-5.32,14.6,5,2026-04-16 to 2026-08-03 (75 days),-1.0,66.6,0.2971,123.05,124.31,BEARISH,MEDIUM,Strong trend (ADX=51); Last surprise: +5.2%; Earnings conf adj: +1; Size: Kelly 10.0% / VolTgt 6.3% / Blend 8.2%,6.31,-1.0,1.0,86,2026-10-29,5.19,1
2026-08-04T13:04:04,2026-08-04,AN,HOLD,0,VWAP Trend,HIGH,5,64.12,215.43,9.59,0.0,11.18,0.0,0.0,2026-08-14,2.57,4.14,83.3,13.09,96.68,64.06,-7.64,10.2,6,2026-04-16 to 2026-08-03 (75 days),-1.0,58.9,0.4446,196.12,201.12,BEARISH,HIGH,Strong trend (ADX=34); Last surprise: +1.8%,4.22,-1.0,1.0,86,2026-10-29,1.83,0
2026-08-04T13:04:52,2026-08-04,DCI,HOLD,0,MACD Crossover,HIGH,5,63.96,96.02,3.64,0.0,5.46,0.0,0.0,2026-08-20,2.5,4.31,100.0,151.51,62.41,22.74,-4.04,16.2,4,2026-04-16 to 2026-08-03 (75 days),-1.0,67.1,0.2309,87.8,89.84,BEARISH,MEDIUM,Price at statistical extreme; Strong trend (ADX=31); Last surprise: +1.0%,8.12,-1.0,1.0,23,2026-08-27,0.95,0
2026-08-04T13:01:55,2026-08-04,LNT,HOLD,0,VWAP Trend,HIGH,6,63.78,71.27,2.71,0.0,2.63,0.0,0.0,2026-08-06,1.24,2.19,77.8,1.97,8.82,10.77,-3.3,2.8,9,2026-04-16 to 2026-08-03 (75 days),-1.0,40.2,0.1993,73.42,69.19,BULLISH,LOW,Strong trend (ADX=30); Last surprise: +8.3%; Earnings conf adj: +1,9.41,-1.0,1.0,-5,2026-07-30,8.33,1
2026-08-04T13:00:47,2026-08-04,BAX,HOLD,0,VWAP Trend,HIGH,6,63.74,28.1,9.07,0.0,15.07,0.0,0.0,2026-08-15,3.82,7.37,83.3,8.0,262.09,-82.57,-7.14,11.8,6,2026-04-16 to 2026-08-03 (75 days),-1.0,76.4,0.5572,21.43,19.59,BULLISH,HIGH,RSI overbought; Price at statistical extreme; Strong trend (ADX=48); Last surprise: +51.4%; Earnings conf adj: +1,3.36,-1.0,1.0,86,2026-10-29,51.35,1
2026-08-04T13:04:37,2026-08-04,CDP,HOLD,0,VWAP Trend,HIGH,6,63.55,37.54,2.47,0.0,1.84,0.0,0.0,2026-08-06,2.06,3.76,69.2,2.72,31.58,-34.49,-5.57,2.3,13,2026-04-16 to 2026-08-03 (75 days),-1.0,58.5,0.1537,35.14,31.18,BULLISH,LOW,Strong trend (ADX=31); Last surprise: +25.0%; Earnings conf adj: +1,10.0,-1.0,1.0,86,2026-10-29,25.0,1
2026-08-04T13:03:26,2026-08-04,COKE,HOLD,0,VWAP Trend,LOW,1,63.54,180.76,5.44,0.0,4.41,0.0,0.0,2026-08-06,0.59,0.93,66.7,1.49,9.13,17.83,-8.08,2.1,9,2026-04-16 to 2026-08-03 (75 days),-1.0,46.4,0.3867,181.97,172.67,BULLISH,MEDIUM,Earnings in 1d (2026-08-05); Last surprise: +32.1%; Earnings conf adj: -2,4.85,-1.0,1.0,1,2026-08-05,32.14,-2
2026-08-04T13:01:28,2026-08-04,FLEX,EXIT,-1,VWAP Trend,HIGH,6,63.03,117.45,12.0,131.54,11.26,104.23,6.3,2026-08-07,2.72,5.01,100.0,273.95,142.42,-128.58,-11.55,3.9,7,2026-04-16 to 2026-08-03 (75 days),-1.0,43.4,0.724,138.8,88.45,BULLISH,HIGH,Strong trend (ADX=35); Last surprise: +8.7%; Earnings conf adj: +1; Size: Kelly 10.0% / VolTgt 2.6% / Blend 6.3%,2.59,-1.0,1.0,85,2026-10-28,8.7,1
2026-08-04T13:04:29,2026-08-04,SAIC,EXIT,-1,VWAP Trend,HIGH,6,62.74,120.12,4.78,125.86,4.57,114.63,8.35,2026-08-08,3.79,11.62,71.4,54.07,156.65,33.7,-3.82,4.3,7,2026-04-16 to 2026-08-03 (75 days),-1.0,60.7,0.2797,111.3,99.42,BULLISH,MEDIUM,Last surprise: +41.7%; Earnings conf adj: +1; Size: Kelly 10.0% / VolTgt 6.7% / Blend 8.3%,6.7,-1.0,1.0,30,2026-09-03,41.67,1
2026-08-04T13:04:25,2026-08-04,SBRA,BUY,1,VWAP Trend,HIGH,5,61.93,20.61,6.49,19.27,4.6,21.56,7.15,2026-08-05,1.42,2.55,75.0,2.75,23.15,19.04,-9.1,1.8,12,2026-04-16 to 2026-08-03 (75 days),0.611,48.7,0.4354,19.83,19.23,BULLISH,HIGH,Strong trend (ADX=35); Last surprise: +0.0%; Size: Kelly 10.0% / VolTgt 4.3% / Blend 7.2%,4.31,-1.0,1.0,-1,2026-08-03,0.0,0
2026-08-04T13:04:27,2026-08-04,SLM,HOLD,0,SMA Crossover (10/50),HIGH,4,61.64,27.1,4.65,0.0,6.98,0.0,0.0,2026-08-20,3.3,6.17,100.0,241.44,112.89,10.95,-8.46,16.3,3,2026-04-16 to 2026-08-03 (75 days),-1.0,68.5,0.3784,23.93,24.32,BEARISH,MEDIUM,Price at statistical extreme; Last surprise: -34.1%; Earnings conf adj: -1,4.96,-1.0,1.0,79,2026-10-22,-34.09,-1
2026-08-04T13:02:00,2026-08-04,META,HOLD,0,VWAP Trend,HIGH,4,61.41,590.24,8.74,0.0,10.63,0.0,0.0,2026-08-10,1.29,2.16,66.7,2.37,44.42,81.49,-11.56,6.0,9,2026-04-16 to 2026-08-03 (75 days),-1.0,47.0,0.551,601.71,633.0,BEARISH,HIGH,Strong trend (ADX=33); Last surprise: -14.4%; Earnings conf adj: -1,3.4,-1.0,1.0,85,2026-10-28,-14.4,-1
2026-08-04T13:02:28,2026-08-04,SCHW,HOLD,0,VWAP Trend,HIGH,5,61.26,105.87,2.6,0.0,3.91,0.0,0.0,2026-08-10,2.54,4.18,57.1,5.19,45.5,-14.1,-3.95,6.7,7,2026-04-16 to 2026-08-03 (75 days),-1.0,66.9,0.1916,95.48,95.21,BULLISH,LOW,Strong trend (ADX=44); Last surprise: +4.5%,9.78,-1.0,1.0,72,2026-10-15,4.52,0
2026-08-04T13:04:16,2026-08-04,ORA,BUY,1,MACD Crossover,HIGH,4,61.09,98.02,5.5,92.63,11.03,108.83,7.56,2026-08-18,3.21,7.82,100.0,259.29,121.84,159.13,-5.95,14.7,3,2026-04-16 to 2026-08-03 (75 days),0.202,34.1,0.3653,119.78,115.51,BULLISH,MEDIUM,Strong trend (ADX=72); Earnings in 1d (2026-08-05); Last surprise: +44.4%; Earnings conf adj: -1; Size: Kelly 10.0% / VolTgt 5.1% / Blend 7.6%,5.13,-1.0,1.0,1,2026-08-05,44.44,-1
2026-08-04T13:03:51,2026-08-04,BIO,HOLD,0,MACD Crossover,MEDIUM,2,60.89,334.71,4.74,0.0,9.48,0.0,0.0,2026-08-21,2.41,4.52,100.0,169.71,71.2,10.32,-11.77,17.3,3,2026-04-16 to 2026-08-03 (75 days),-1.0,71.4,0.3151,300.14,295.84,BULLISH,MEDIUM,RSI overbought; EARNINGS TODAY (2026-08-04); Last surprise: -5.0%; Earnings conf adj: -3,5.95,-1.0,1.0,0,2026-08-04,-5.03,-3
2026-08-04T13:03:29,2026-08-04,RYAN,BUY,1,VWAP Trend,HIGH,6,60.71,43.63,9.82,39.35,11.74,48.75,7.02,2026-08-14,3.28,6.64,71.4,10.42,237.58,165.71,-8.62,10.3,7,2026-04-16 to 2026-08-03 (75 days),0.23,58.9,0.4646,37.75,42.88,BEARISH,HIGH,Strong trend (ADX=38); Last surprise: +23.3%; Earnings conf adj: +1; Size: Kelly 10.0% / VolTgt 4.0% / Blend 7.0%,4.04,-1.0,1.0,86,2026-10-29,23.33,1
2026-08-04T13:02:35,2026-08-04,SYK,HOLD,0,EMA Crossover (9/21),HIGH,5,60.52,341.2,7.24,0.0,10.86,0.0,0.0,2026-08-16,0.72,1.02,100.0,51.94,17.97,14.17,-7.54,12.3,3,2026-04-16 to 2026-08-03 (75 days),-1.0,56.5,0.4945,317.16,341.43,BEARISH,HIGH,Last surprise: +5.7%; Earnings conf adj: +1,3.79,-1.0,1.0,86,2026-10-29,5.73,1
2026-08-04T13:00:55,2026-08-04,CBOE,HOLD,0,MACD Crossover,HIGH,5,60.15,297.83,6.06,0.0,12.82,0.0,0.0,2026-08-20,3.39,7.02,100.0,284.03,146.4,157.92,-4.1,16.7,3,2026-04-16 to 2026-08-03 (75 days),-1.0,57.7,0.3985,282.98,278.51,BULLISH,MEDIUM,Strong trend (ADX=36); Last surprise: +2.0%,4.71,-1.0,1.0,87,2026-10-30,2.01,0
2026-08-04T13:02:24,2026-08-04,REGN,HOLD,0,ADX Trend Following,HIGH,6,59.8,759.24,4.34,0.0,6.51,0.0,0.0,2026-08-19,3.53,10.14,100.0,222.99,102.72,96.01,-4.09,15.0,2,2026-04-16 to 2026-08-03 (75 days),-1.0,76.4,0.3628,645.87,709.37,BEARISH,MEDIUM,RSI overbought; Price at statistical extreme; Strong trend (ADX=50); Last surprise: +40.0%; Earnings conf adj: +1,5.17,-1.0,1.0,85,2026-10-28,39.96,1
2026-08-04T13:04:33,2026-08-04,BILL,HOLD,0,MACD Crossover,HIGH,6,59.71,47.22,9.49,0.0,14.23,0.0,0.0,2026-08-16,2.98,5.92,100.0,301.22,148.39,42.74,-8.68,12.7,3,2026-04-16 to 2026-08-03 (75 days),-1.0,64.9,0.5535,38.58,43.86,BEARISH,HIGH,Last surprise: +23.6%; Earnings conf adj: +1,3.39,-1.0,1.0,15,2026-08-19,23.64,1
2026-08-04T13:03:01,2026-08-04,WWD,EXIT,-1,VWAP Trend,HIGH,5,59.69,363.57,8.96,396.15,6.05,341.57,7.12,2026-08-07,1.35,2.56,60.0,2.04,21.78,31.44,-7.19,3.0,10,2026-04-16 to 2026-08-03 (75 days),-1.0,35.5,0.4432,393.05,348.34,BULLISH,HIGH,Strong trend (ADX=34); Last surprise: +2.9%; Size: Kelly 10.0% / VolTgt 4.2% / Blend 7.1%,4.23,-1.0,1.0,-6,2026-07-29,2.86,0
2026-08-04T13:02:13,2026-08-04,O,BUY,1,VWAP Trend,MEDIUM,2,59.64,63.48,2.35,61.99,2.09,64.81,9.86,2026-08-05,2.38,9.91,71.4,6.24,18.22,18.52,-1.04,1.9,7,2026-04-16 to 2026-08-03 (75 days),0.643,48.0,0.1928,62.35,60.03,BULLISH,LOW,Strong trend (ADX=31); Earnings in 1d (2026-08-05); Last surprise: -19.0%; Earnings conf adj: -3; Size: Kelly 10.0% / VolTgt 9.7% / Blend 9.9%,9.72,-1.0,1.0,1,2026-08-05,-19.05,-3
2026-08-04T13:01:39,2026-08-04,HOOD,HOLD,0,VWAP Trend,HIGH,6,59.25,90.34,12.0,0.0,12.73,0.0,0.0,2026-08-11,2.98,6.47,71.4,11.4,263.76,249.4,-12.32,7.3,7,2026-04-16 to 2026-08-03 (75 days),-1.0,41.1,0.5982,96.93,99.07,BEARISH,HIGH,Strong trend (ADX=41); Last surprise: +44.2%; Earnings conf adj: +1,3.13,-1.0,1.0,-6,2026-07-29,44.19,1
2026-08-04T13:04:39,2026-08-04,IRT,HOLD,0,Stochastic Oscillator,HIGH,5,58.97,16.76,3.22,0.0,4.83,0.0,0.0,2026-08-13,2.38,6.0,100.0,73.18,23.54,-7.19,-1.54,9.0,2,2026-04-16 to 2026-08-03 (75 days),-1.0,52.9,0.2236,16.53,16.15,BULLISH,MEDIUM,Last surprise: -25.0%,8.39,-1.0,1.0,85,2026-10-28,-25.0,0
2026-08-04T13:02:33,2026-08-04,STX,HOLD,0,VWAP Trend,HIGH,6,58.77,831.06,12.0,0.0,15.32,0.0,0.0,2026-08-08,3.44,8.6,71.4,9.15,288.68,-69.76,-9.15,4.3,7,2026-04-16 to 2026-08-03 (75 days),-1.0,47.9,0.9381,891.68,520.66,BULLISH,HIGH,Last surprise: +12.2%; Earnings conf adj: +1,2.0,-1.0,1.0,84,2026-10-27,12.18,1
2026-08-04T13:03:58,2026-08-04,NFG,EXIT,-1,VWAP Trend,HIGH,5,58.53,82.76,3.11,85.33,4.67,78.9,9.41,2026-08-14,0.96,1.57,71.4,1.85,15.6,36.08,-9.26,10.6,7,2026-04-16 to 2026-08-03 (75 days),-1.0,60.4,0.2124,78.67,82.6,BEARISH,MEDIUM,Strong trend (ADX=41); Last surprise: +6.9%; Earnings conf adj: +1; Size: Kelly 10.0% / VolTgt 8.8% / Blend 9.4%,8.83,-1.0,1.0,-6,2026-07-29,6.94,1
2026-08-04T13:04:26,2026-08-04,PEGA,HOLD,0,VWAP Trend,LOW,1,58.37,31.37,12.0,0.0,18.0,0.0,0.0,2026-08-17,-0.48,-0.65,66.7,0.8,-24.09,42.37,-24.01,13.5,6,2026-04-16 to 2026-08-03 (75 days),-1.0,53.0,0.7721,31.79,44.65,BEARISH,HIGH,Last surprise: -18.6%; Earnings conf adj: -1,2.43,-1.0,1.0,77,2026-10-20,-18.6,-1
2026-08-04T13:02:41,2026-08-04,TRV,HOLD,0,ADX Trend Following,HIGH,6,58.13,373.82,6.0,0.0,11.27,0.0,0.0,2026-08-16,2.29,4.89,100.0,162.89,66.43,-50.97,-5.99,12.0,4,2026-04-16 to 2026-08-03 (75 days),-1.0,61.7,0.4131,330.23,299.05,BULLISH,HIGH,Strong trend (ADX=42); Last surprise: +86.3%; Earnings conf adj: +1,4.54,-1.0,1.0,72,2026-10-15,86.27,1
2026-08-04T13:01:14,2026-08-04,DVN,HOLD,0,VWAP Trend,MEDIUM,2,58.04,44.57,4.12,0.0,4.15,0.0,0.0,2026-08-06,1.35,2.13,71.4,3.24,13.16,19.65,-4.59,2.1,7,2026-04-16 to 2026-08-03 (75 days),-1.0,54.0,0.364,43.71,41.49,BULLISH,MEDIUM,EARNINGS TODAY (2026-08-04); Last surprise: -4.6%; Earnings conf adj: -3,5.15,-1.0,1.0,0,2026-08-04,-4.59,-3
2026-08-04T13:02:55,2026-08-04,WST,BUY,1,PEAD Earnings Drift,HIGH,6,57.94,347.94,5.13,330.09,15.39,401.49,7.82,2026-09-24,3.13,7.19,100.0,330.77,169.1,30.21,-7.89,51.5,2,2026-04-16 to 2026-08-03 (75 days),0.472,52.7,0.3325,338.83,284.9,BULLISH,MEDIUM,Last surprise: +13.9%; Earnings conf adj: +1; Size: Kelly 10.0% / VolTgt 5.6% / Blend 7.8%,5.64,-1.0,1.0,79,2026-10-22,13.94,1
2026-08-04T13:01:15,2026-08-04,DXCM,HOLD,0,Stochastic Oscillator,HIGH,6,57.88,87.31,7.89,0.0,11.83,0.0,0.0,2026-08-15,3.3,11.69,100.0,279.91,134.24,-100.55,-3.98,11.0,2,2026-04-16 to 2026-08-03 (75 days),-1.0,72.6,0.5928,73.45,67.85,BULLISH,HIGH,RSI overbought; High volume; Price at statistical extreme; Last surprise: +14.8%; Earnings conf adj: +1,3.16,-1.0,1.0,86,2026-10-29,14.75,1
2026-08-04T13:02:42,2026-08-04,TXN,HOLD,0,MACD Crossover,HIGH,6,57.88,269.04,6.79,0.0,3.53,0.0,0.0,2026-08-05,2.22,17.79,100.0,45.86,15.51,-80.36,-0.61,1.5,2,2026-04-16 to 2026-08-03 (75 days),-1.0,39.2,0.3655,295.97,224.7,BULLISH,MEDIUM,Strong trend (ADX=37); Last surprise: +10.3%; Earnings conf adj: +1,5.13,-1.0,1.0,84,2026-10-27,10.31,1
2026-08-04T13:00:34,2026-08-04,ADP,BUY,1,VWAP Trend,HIGH,5,57.76,269.78,5.28,255.54,10.91,299.21,7.58,2026-08-18,3.42,7.19,66.7,5.42,191.88,9.44,-8.73,14.5,6,2026-04-16 to 2026-08-03 (75 days),0.635,66.8,0.3638,235.95,232.98,BULLISH,MEDIUM,Strong trend (ADX=47); Last surprise: +1.5%; Size: Kelly 10.0% / VolTgt 5.2% / Blend 7.6%,5.15,-1.0,1.0,85,2026-10-28,1.54,0
2026-08-04T13:02:43,2026-08-04,TYL,HOLD,0,Stochastic Oscillator,HIGH,5,57.75,305.54,10.71,0.0,16.07,0.0,0.0,2026-09-03,1.06,1.75,100.0,93.73,34.93,65.32,-16.54,30.0,2,2026-04-16 to 2026-08-03 (75 days),-1.0,48.3,0.5343,304.81,374.68,BEARISH,HIGH,Last surprise: +0.3%,3.51,-1.0,1.0,85,2026-10-28,0.33,0
2026-08-04T13:02:36,2026-08-04,TDG,HOLD,0,VWAP Trend,MEDIUM,2,57.66,1285.56,3.88,0.0,5.82,0.0,0.0,2026-08-14,1.98,3.29,71.4,3.3,59.33,42.52,-7.58,10.1,7,2026-04-16 to 2026-08-03 (75 days),-1.0,54.8,0.3204,1265.36,1280.68,BEARISH,MEDIUM,High volume; EARNINGS TODAY (2026-08-04); Last surprise: +4.0%; Earnings conf adj: -3,5.85,-1.0,1.0,0,2026-08-04,4.01,-3
2026-08-04T13:02:57,2026-08-04,TWLO,HOLD,0,Stochastic Oscillator,MEDIUM,3,57.64,196.59,9.43,0.0,10.69,0.0,0.0,2026-08-15,2.88,6.83,100.0,135.28,48.06,-194.34,-3.2,11.0,2,2026-04-16 to 2026-08-03 (75 days),-1.0,48.2,0.4095,201.69,150.06,BULLISH,HIGH,Earnings in 2d (2026-08-06); Last surprise: +18.1%; Earnings conf adj: -2,4.58,-1.0,1.0,2,2026-08-06,18.11,-2
2026-08-04T13:02:29,2026-08-04,SJM,HOLD,0,VWAP Trend,HIGH,5,57.58,117.5,4.87,0.0,4.67,0.0,0.0,2026-08-07,1.06,1.98,75.0,2.37,14.5,-107.98,-4.09,3.1,8,2026-04-16 to 2026-08-03 (75 days),-1.0,53.1,0.3371,111.72,103.22,BULLISH,MEDIUM,Strong trend (ADX=38); Last surprise: +4.9%,5.56,-1.0,1.0,23,2026-08-27,4.92,0
2026-08-04T13:01:40,2026-08-04,HPQ,HOLD,0,ADX Trend Following,HIGH,6,57.33,27.12,9.05,0.0,19.54,0.0,0.0,2026-09-02,2.22,4.38,100.0,344.92,194.49,-13.93,-20.52,29.3,3,2026-04-16 to 2026-08-03 (75 days),-1.0,61.5,0.4585,24.67,22.01,BULLISH,HIGH,Strong trend (ADX=36); Last surprise: +19.4%; Earnings conf adj: +1,4.09,-1.0,1.0,22,2026-08-26,19.44,1
2026-08-04T13:02:45,2026-08-04,UNH,HOLD,0,MACD Crossover,HIGH,5,57.08,415.36,4.99,0.0,4.53,0.0,0.0,2026-08-09,0.95,1.62,75.0,3.68,8.91,-148.66,-3.62,5.0,4,2026-04-16 to 2026-08-03 (75 days),-1.0,47.7,0.2573,410.09,341.79,BULLISH,MEDIUM,Last surprise: +29.7%; Earnings conf adj: +1,7.29,-1.0,1.0,84,2026-10-27,29.67,1
2026-08-04T13:01:46,2026-08-04,IP,BUY,1,VWAP Trend,HIGH,6,57.01,41.45,9.05,37.7,13.58,47.08,6.61,2026-08-12,1.79,2.98,88.9,3.48,104.89,37.93,-16.76,8.9,9,2026-04-16 to 2026-08-03 (75 days),0.242,59.0,0.5818,36.79,37.95,BEARISH,HIGH,Strong trend (ADX=37); Last surprise: +200.0%; Earnings conf adj: +1; Size: Kelly 10.0% / VolTgt 3.2% / Blend 6.6%,3.22,-1.0,1.0,85,2026-10-28,200.0,1
2026-08-04T13:04:32,2026-08-04,IBOC,HOLD,0,VWAP Trend,MEDIUM,3,56.51,76.22,2.21,0.0,2.01,0.0,0.0,2026-08-06,2.66,5.57,75.0,4.0,19.08,-11.03,-1.86,2.1,8,2026-04-16 to 2026-08-03 (75 days),-1.0,51.5,0.1759,75.07,70.38,BULLISH,LOW,Earnings in 2d (2026-08-06); Last surprise: -2.4%; Earnings conf adj: -2,10.0,-1.0,1.0,2,2026-08-06,-2.38,-2
2026-08-04T13:04:34,2026-08-04,CBT,BUY,1,VWAP Trend,HIGH,5,56.4,89.58,4.47,85.58,3.89,93.06,7.94,2026-08-06,1.36,2.72,90.0,15.4,26.02,-74.53,-5.54,2.4,10,2026-04-16 to 2026-08-03 (75 days),0.563,52.6,0.319,87.66,74.78,BULLISH,MEDIUM,Last surprise: +9.5%; Size: Kelly 10.0% / VolTgt 5.9% / Blend 7.9%,5.88,-1.0,1.0,90,2026-11-02,9.52,0
2026-08-04T13:01:44,2026-08-04,INTU,HOLD,0,VWAP Trend,HIGH,4,56.35,318.39,10.03,0.0,11.82,0.0,0.0,2026-08-12,0.82,1.34,57.1,1.55,25.09,72.91,-22.2,8.7,7,2026-04-16 to 2026-08-03 (75 days),-1.0,60.1,0.5088,289.87,461.98,BEARISH,HIGH,Strong trend (ADX=32); Last surprise: +1.8%,3.69,-1.0,1.0,21,2026-08-25,1.83,0
2026-08-04T13:04:07,2026-08-04,APPF,HOLD,0,Stochastic Oscillator,HIGH,5,56.31,191.69,10.43,0.0,15.64,0.0,0.0,2026-09-03,2.2,3.85,100.0,277.0,132.57,27.36,-19.48,30.5,2,2026-04-16 to 2026-08-03 (75 days),-1.0,63.5,0.5457,167.03,191.56,BEARISH,HIGH,Price at statistical extreme; Last surprise: +1.2%,3.44,-1.0,1.0,86,2026-10-29,1.18,0
2026-08-04T13:03:32,2026-08-04,SMTC,HOLD,0,VWAP Trend,HIGH,6,56.22,119.08,12.0,0.0,10.99,0.0,0.0,2026-08-06,2.73,5.86,72.7,4.95,234.29,167.33,-10.07,2.2,11,2026-04-16 to 2026-08-03 (75 days),-1.0,43.2,0.9408,145.6,99.64,BULLISH,HIGH,Last surprise: +13.3%; Earnings conf adj: +1,1.99,-1.0,1.0,20,2026-08-24,13.33,1
2026-08-04T13:00:39,2026-08-04,AMZN,HOLD,0,Stochastic Oscillator,HIGH,6,56.13,284.02,7.06,0.0,10.59,0.0,0.0,2026-08-25,2.26,5.86,100.0,256.32,109.29,54.24,-8.74,21.5,2,2026-04-16 to 2026-08-03 (75 days),-1.0,72.2,0.6351,247.01,235.35,BULLISH,HIGH,RSI overbought; High volume; Price at statistical extreme; Strong trend (ADX=38); Last surprise: +214.2%; Earnings conf adj: +1,2.95,-1.0,1.0,86,2026-10-29,214.21,1
2026-08-04T13:00:57,2026-08-04,CFG,HOLD,0,VWAP Trend,HIGH,5,56.06,72.7,3.68,0.0,4.27,0.0,0.0,2026-08-07,2.47,4.84,77.8,4.77,39.02,-19.19,-5.49,3.0,9,2026-04-16 to 2026-08-03 (75 days),-1.0,59.4,0.3129,67.98,60.7,BULLISH,MEDIUM,Last surprise: +4.0%,5.99,-1.0,1.0,73,2026-10-16,4.0,0
2026-08-04T13:04:48,2026-08-04,AIT,HOLD,0,VWAP Trend,HIGH,5,56.05,351.9,3.53,0.0,3.52,0.0,0.0,2026-08-06,2.71,5.59,75.0,9.65,42.07,-65.62,-3.12,2.6,8,2026-04-16 to 2026-08-03 (75 days),-1.0,63.5,0.2774,327.26,285.27,BULLISH,MEDIUM,Last surprise: +0.0%,6.76,-1.0,1.0,9,2026-08-13,0.0,0
2026-08-04T13:01:38,2026-08-04,HII,EXIT,-1,VWAP Trend,MEDIUM,3,55.91,325.95,7.99,351.99,7.58,301.24,4.88,2026-08-06,0.55,0.9,50.0,1.37,14.34,62.12,-18.13,2.4,12,2026-04-16 to 2026-08-03 (75 days),-1.0,67.1,0.6216,292.24,345.46,BEARISH,HIGH,Price at statistical extreme; Strong trend (ADX=41); Last surprise: +38.0%; Earnings conf adj: +1; Size: Kelly 6.8% / VolTgt 3.0% / Blend 4.9%,3.02,-1.0,1.0,86,2026-10-29,37.96,1
2026-08-04T13:01:54,2026-08-04,LITE,HOLD,0,VWAP Trend,HIGH,5,55.42,779.89,12.0,0.0,13.04,0.0,0.0,2026-08-06,2.32,5.36,75.0,3.39,188.02,224.54,-14.16,2.1,8,2026-04-16 to 2026-08-03 (75 days),-1.0,51.2,1.1429,824.38,604.27,BULLISH,HIGH,Last surprise: +4.4%,1.64,-1.0,1.0,7,2026-08-11,4.41,0
2026-08-04T13:01:58,2026-08-04,MA,EXIT,-1,VWAP Trend,HIGH,6,55.25,570.97,3.32,589.93,4.98,542.54,8.91,2026-08-19,2.6,4.92,60.0,8.1,60.3,20.69,-3.86,15.8,5,2026-04-16 to 2026-08-03 (75 days),-1.0,67.7,0.2394,515.06,526.36,BEARISH,MEDIUM,Strong trend (ADX=46); Last surprise: +5.4%; Earnings conf adj: +1; Size: Kelly 10.0% / VolTgt 7.8% / Blend 8.9%,7.83,-1.0,1.0,86,2026-10-29,5.44,1
2026-08-04T13:01:01,2026-08-04,CMI,HOLD,0,VWAP Trend,MEDIUM,2,55.14,648.85,6.01,0.0,5.36,0.0,0.0,2026-08-07,2.83,5.91,75.0,7.66,85.57,60.07,-5.06,3.4,8,2026-04-16 to 2026-08-03 (75 days),-1.0,47.5,0.3691,668.28,578.4,BULLISH,MEDIUM,Strong trend (ADX=35); EARNINGS TODAY (2026-08-04); Last surprise: +8.8%; Earnings conf adj: -3,5.08,-1.0,1.0,0,2026-08-04,8.85,-3
2026-08-04T13:01:44,2026-08-04,INVH,HOLD,0,Stochastic Oscillator,HIGH,6,55.0,30.49,2.4,0.0,3.6,0.0,0.0,2026-08-11,2.09,4.96,100.0,68.08,19.17,-52.77,-2.53,7.0,2,2026-04-16 to 2026-08-03 (75 days),-1.0,58.9,0.1984,29.51,27.23,BULLISH,LOW,Last surprise: +7.1%; Earnings conf adj: +1,9.45,-1.0,1.0,85,2026-10-28,7.14,1
2026-08-04T13:02:15,2026-08-04,PCAR,HOLD,0,ADX Trend Following,HIGH,6,54.82,132.06,4.3,0.0,8.6,0.0,0.0,2026-08-19,2.34,4.79,100.0,99.73,37.52,13.55,-4.55,15.5,2,2026-04-16 to 2026-08-03 (75 days),-1.0,59.7,0.2773,121.47,115.42,BULLISH,MEDIUM,Strong trend (ADX=56); Last surprise: +5.1%; Earnings conf adj: +1,6.76,-1.0,1.0,84,2026-10-27,5.15,1
2026-08-04T13:04:13,2026-08-04,HWC,HOLD,0,Composite Multi-Indicator,HIGH,5,54.79,77.76,2.85,0.0,8.55,0.0,0.0,2026-09-20,2.19,3.36,100.0,131.71,52.19,-20.12,-6.7,47.0,2,2026-04-16 to 2026-08-03 (75 days),-1.0,61.6,0.1946,72.94,66.05,BULLISH,LOW,Last surprise: +0.0%,9.63,-1.0,1.0,70,2026-10-13,0.0,0
2026-08-04T13:01:20,2026-08-04,EQR,HOLD,0,Stochastic Oscillator,HIGH,4,54.78,67.57,2.99,0.0,4.49,0.0,0.0,2026-08-11,1.85,3.04,100.0,58.36,16.51,-34.49,-3.49,7.5,2,2026-04-16 to 2026-08-03 (75 days),-1.0,49.0,0.2169,67.13,62.12,BULLISH,MEDIUM,Last surprise: -5.6%; Earnings conf adj: -1,8.65,-1.0,1.0,78,2026-10-21,-5.56,-1
2026-08-04T13:01:51,2026-08-04,KO,HOLD,0,Stochastic Oscillator,HIGH,5,54.61,86.86,3.72,0.0,5.58,0.0,0.0,2026-08-17,4.15,13.04,100.0,220.0,100.33,33.18,-2.79,13.7,3,2026-04-16 to 2026-08-03 (75 days),-1.0,59.7,0.2999,81.96,75.45,BULLISH,MEDIUM,Strong trend (ADX=31); Last surprise: +4.3%,6.25,-1.0,1.0,77,2026-10-20,4.3,0
2026-08-04T13:02:16,2026-08-04,PEP,HOLD,0,VWAP Trend,MEDIUM,2,54.46,139.63,3.38,0.0,4.11,0.0,0.0,2026-08-08,-0.24,-0.35,70.0,1.04,-3.98,28.55,-5.01,4.0,10,2026-04-16 to 2026-08-03 (75 days),-1.0,49.7,0.261,141.01,147.53,BEARISH,MEDIUM,Last surprise: -0.5%,7.18,-1.0,1.0,65,2026-10-08,-0.45,0
2026-08-04T13:04:02,2026-08-04,MORN,HOLD,0,ADX Trend Following,HIGH,6,54.14,198.93,8.66,0.0,12.99,0.0,0.0,2026-08-21,2.42,4.17,100.0,262.25,123.65,83.01,-7.71,17.0,4,2026-04-16 to 2026-08-03 (75 days),-1.0,68.8,0.4594,172.97,187.66,BEARISH,HIGH,Strong trend (ADX=33); Last surprise: +9.5%; Earnings conf adj: +1,4.08,-1.0,1.0,85,2026-10-28,9.54,1
2026-08-04T13:01:56,2026-08-04,LUV,HOLD,0,ADX Trend Following,HIGH,6,54.12,47.07,7.61,0.0,15.1,0.0,0.0,2026-08-25,1.94,3.4,100.0,173.47,75.73,8.22,-10.11,21.2,4,2026-04-16 to 2026-08-03 (75 days),-1.0,50.9,0.4164,46.35,41.57,BULLISH,HIGH,Strong trend (ADX=35); Last surprise: +80.8%; Earnings conf adj: +1,4.5,-1.0,1.0,78,2026-10-21,80.77,1
2026-08-04T13:03:36,2026-08-04,DOCU,HOLD,0,VWAP Trend,HIGH,6,54.06,55.13,10.73,0.0,10.88,0.0,0.0,2026-08-09,2.97,5.21,63.6,5.61,223.99,139.56,-11.88,5.8,11,2026-04-16 to 2026-08-03 (75 days),-1.0,60.5,0.5735,48.72,54.61,BEARISH,HIGH,Last surprise: +10.1%; Earnings conf adj: +1,3.27,-1.0,1.0,30,2026-09-03,10.1,1
2026-08-04T13:01:30,2026-08-04,FTNT,HOLD,0,VWAP Trend,HIGH,6,54.01,163.21,6.43,0.0,4.61,0.0,0.0,2026-08-06,3.44,16.14,83.3,15.02,75.83,-849.33,-1.56,2.3,6,2026-04-16 to 2026-08-03 (75 days),-1.0,61.3,0.3857,150.34,100.94,BULLISH,MEDIUM,Strong trend (ADX=30); Last surprise: +20.0%; Earnings conf adj: +1,4.86,-1.0,1.0,-6,2026-07-29,20.0,1
2026-08-04T13:02:42,2026-08-04,TTWO,HOLD,0,Stochastic Oscillator,HIGH,4,53.96,245.15,3.95,0.0,5.93,0.0,0.0,2026-08-18,2.32,6.22,100.0,148.94,56.4,-2.62,-5.46,14.0,2,2026-04-16 to 2026-08-03 (75 days),-1.0,55.1,0.311,234.3,229.71,BULLISH,MEDIUM,Earnings in 3d (2026-08-07); Last surprise: +42.9%; Earnings conf adj: -1,6.03,-1.0,1.0,3,2026-08-07,42.86,-1
2026-08-04T13:03:37,2026-08-04,SSB,HOLD,0,MACD Crossover,HIGH,5,53.96,107.85,3.03,0.0,6.83,0.0,0.0,2026-08-15,2.22,4.12,80.0,13.59,41.95,-2.55,-4.08,11.0,5,2026-04-16 to 2026-08-03 (75 days),-1.0,67.3,0.2614,99.29,95.63,BULLISH,MEDIUM,Strong trend (ADX=39); Last surprise: +2.6%,7.17,-1.0,1.0,78,2026-10-21,2.62,0
2026-08-04T13:00:51,2026-08-04,BRK-B,EXIT,-1,Stochastic Oscillator,HIGH,5,53.94,513.14,1.68,521.76,2.52,500.21,10.0,2026-08-17,3.37,8.68,100.0,98.65,36.29,6.32,-2.64,13.7,3,2026-04-16 to 2026-08-03 (75 days),-1.0,67.2,0.1542,492.02,490.48,BULLISH,LOW,Strong trend (ADX=32); Earnings in 4d (2026-08-08); Last surprise: +4.2%; Size: Kelly 10.0% / VolTgt 10.0% / Blend 10.0%,10.0,-1.0,1.0,4,2026-08-08,4.16,0
2026-08-04T13:02:28,2026-08-04,RVTY,BUY,1,VWAP Trend,MEDIUM,2,53.88,115.22,5.04,109.41,5.32,121.35,7.85,2026-08-08,1.14,1.85,87.5,27.03,20.27,-116.96,-3.98,4.2,8,2026-04-16 to 2026-08-03 (75 days),0.262,60.6,0.3296,106.38,98.92,BULLISH,MEDIUM,EARNINGS TODAY (2026-08-04); Last surprise: +5.0%; Earnings conf adj: -3; Size: Kelly 10.0% / VolTgt 5.7% / Blend 7.8%,5.69,-1.0,1.0,0,2026-08-04,4.95,-3
2026-08-04T13:03:55,2026-08-04,IDA,HOLD,0,VWAP Trend,HIGH,4,53.88,143.79,3.73,0.0,2.25,0.0,0.0,2026-08-06,0.69,1.17,70.0,1.65,6.2,13.85,-4.74,2.0,10,2026-04-16 to 2026-08-03 (75 days),-1.0,42.8,0.2017,145.42,137.54,BULLISH,MEDIUM,Last surprise: +0.6%,9.3,-1.0,1.0,86,2026-10-29,0.56,0
2026-08-04T13:03:13,2026-08-04,JAZZ,HOLD,0,ADX Trend Following,HIGH,5,53.73,251.58,4.28,0.0,9.75,0.0,0.0,2026-08-26,2.43,4.58,100.0,122.09,47.77,-78.94,-4.54,22.0,2,2026-04-16 to 2026-08-03 (75 days),-1.0,56.1,0.2639,239.72,191.95,BULLISH,MEDIUM,High volume; Strong trend (ADX=33); Last surprise: +36.1%,7.11,-1.0,1.0,-1,2026-08-03,36.05,0
2026-08-04T13:01:12,2026-08-04,DLTR,HOLD,0,MACD Crossover,HIGH,6,53.61,129.35,4.9,0.0,8.79,0.0,0.0,2026-08-15,1.33,2.93,80.0,2.83,64.78,-76.01,-10.86,11.6,5,2026-04-16 to 2026-08-03 (75 days),-1.0,60.9,0.3278,117.28,113.65,BULLISH,MEDIUM,Strong trend (ADX=30); Last surprise: +13.0%; Earnings conf adj: +1,5.72,-1.0,1.0,29,2026-09-02,12.99,1
2026-08-04T13:04:48,2026-08-04,ACM,HOLD,0,VWAP Trend,MEDIUM,2,53.59,74.8,4.47,0.0,6.71,0.0,0.0,2026-08-11,0.02,0.03,55.6,1.06,-4.28,31.66,-16.28,7.6,9,2026-04-16 to 2026-08-03 (75 days),-1.0,63.1,0.3324,69.91,91.05,BEARISH,MEDIUM,Price at statistical extreme; Strong trend (ADX=33); Last surprise: +3.2%,5.64,-1.0,1.0,6,2026-08-10,3.25,0
2026-08-04T13:04:47,2026-08-04,XRAY,BUY,1,VWAP Trend,MEDIUM,3,53.26,14.13,9.56,12.78,13.62,16.05,6.76,2026-08-14,3.32,5.76,75.0,5.5,239.73,169.67,-9.47,10.6,8,2026-04-16 to 2026-08-03 (75 days),0.623,63.7,0.5311,11.48,11.77,BEARISH,HIGH,Strong trend (ADX=38); Earnings in 2d (2026-08-06); Last surprise: +0.0%; Earnings conf adj: -2; Size: Kelly 10.0% / VolTgt 3.5% / Blend 6.8%,3.53,-1.0,1.0,2,2026-08-06,0.0,-2
2026-08-04T13:00:48,2026-08-04,BEN,HOLD,0,EMA Crossover (9/21),HIGH,6,53.04,35.24,4.18,0.0,3.21,0.0,0.0,2026-08-06,2.41,63.75,100.0,62.84,22.17,-149.18,-0.2,2.0,2,2026-04-16 to 2026-08-03 (75 days),-1.0,66.1,0.2886,32.49,26.65,BULLISH,MEDIUM,Price at statistical extreme; Last surprise: +9.1%; Earnings conf adj: +1,6.5,-1.0,1.0,-4,2026-07-31,9.09,1
2026-08-04T13:01:16,2026-08-04,DVA,BUY,1,VWAP Trend,MEDIUM,2,52.97,233.68,3.94,224.47,2.41,239.31,9.64,2026-08-06,1.67,10.19,66.7,9.76,92.3,-279.98,-4.42,2.3,6,2026-04-16 to 2026-08-03 (75 days),0.492,55.3,0.2021,217.6,157.18,BULLISH,MEDIUM,High volume; EARNINGS TODAY (2026-08-04); Last surprise: +23.2%; Earnings conf adj: -3; Size: Kelly 10.0% / VolTgt 9.3% / Blend 9.6%,9.28,-1.0,1.0,0,2026-08-04,23.18,-3
2026-08-04T13:01:37,2026-08-04,HAS,HOLD,0,ADX Trend Following,HIGH,6,52.96,91.47,6.76,0.0,7.43,0.0,0.0,2026-08-08,1.6,5.77,100.0,98.8,36.7,40.77,-5.15,4.5,2,2026-04-16 to 2026-08-03 (75 days),-1.0,59.9,0.4451,84.72,86.61,BEARISH,HIGH,Strong trend (ADX=47); Last surprise: +13.3%; Earnings conf adj: +1,4.21,-1.0,1.0,79,2026-10-22,13.27,1
2026-08-04T13:00:47,2026-08-04,BALL,HOLD,0,VWAP Trend,MEDIUM,2,52.89,65.15,3.72,0.0,3.42,0.0,0.0,2026-08-06,3.47,10.98,63.6,7.16,57.95,46.68,-2.49,2.4,11,2026-04-16 to 2026-08-03 (75 days),-1.0,62.5,0.2803,59.65,57.06,BULLISH,MEDIUM,Strong trend (ADX=44); EARNINGS TODAY (2026-08-04); Last surprise: +11.9%; Earnings conf adj: -3,6.69,-1.0,1.0,0,2026-08-04,11.9,-3
2026-08-04T13:02:26,2026-08-04,ROP,HOLD,0,VWAP Trend,HIGH,5,52.88,392.57,8.64,0.0,11.12,0.0,0.0,2026-08-12,1.71,2.95,55.6,2.84,61.7,28.63,-10.46,8.8,9,2026-04-16 to 2026-08-03 (75 days),-1.0,63.1,0.4759,346.64,381.37,BEARISH,HIGH,Strong trend (ADX=31); Last surprise: +1.7%,3.94,-1.0,1.0,79,2026-10-22,1.7,0
2026-08-04T13:04:51,2026-08-04,CRS,EXIT,-1,ADX Trend Following,HIGH,5,52.86,543.49,10.84,602.4,17.89,446.26,6.83,2026-08-23,3.37,7.08,100.0,314.17,162.39,33.11,-10.47,19.7,3,2026-04-16 to 2026-08-03 (75 days),-1.0,46.0,0.5119,549.13,406.58,BULLISH,HIGH,Strong trend (ADX=33); Last surprise: +4.9%; Size: Kelly 10.0% / VolTgt 3.7% / Blend 6.8%,3.66,-1.0,1.0,79,2026-10-22,4.87,0
2026-08-04T13:03:04,2026-08-04,THC,HOLD,0,VWAP Trend,HIGH,6,52.53,249.99,9.76,0.0,12.09,0.0,0.0,2026-08-07,2.24,4.03,66.7,3.01,85.54,-60.12,-7.42,3.8,9,2026-04-16 to 2026-08-03 (75 days),-1.0,69.8,0.7879,193.14,200.66,BEARISH,HIGH,Strong trend (ADX=46); Last surprise: +43.7%; Earnings conf adj: +1,2.38,-1.0,1.0,84,2026-10-27,43.66,1
2026-08-04T13:02:48,2026-08-04,VRSN,HOLD,0,EMA Crossover (9/21),HIGH,5,52.48,298.89,5.54,0.0,7.79,0.0,0.0,2026-08-11,1.73,3.69,100.0,94.01,34.69,-1.24,-5.98,7.0,2,2026-04-16 to 2026-08-03 (75 days),-1.0,67.2,0.374,276.15,256.11,BULLISH,MEDIUM,Price at statistical extreme; Strong trend (ADX=32); Last surprise: +1.3%,5.01,-1.0,1.0,79,2026-10-22,1.28,0
2026-08-04T13:02:00,2026-08-04,MDT,HOLD,0,ADX Trend Following,HIGH,5,52.4,86.68,4.02,0.0,6.03,0.0,0.0,2026-08-14,1.56,2.79,100.0,62.68,22.0,14.61,-3.4,10.0,2,2026-04-16 to 2026-08-03 (75 days),-1.0,61.5,0.313,80.64,88.74,BEARISH,MEDIUM,Last surprise: +0.6%,5.99,-1.0,1.0,28,2026-09-01,0.65,0
2026-08-04T13:04:57,2026-08-04,NYT,HOLD,0,Stochastic Oscillator,MEDIUM,3,52.29,75.44,4.8,0.0,7.2,0.0,0.0,2026-09-07,0.74,1.13,100.0,43.95,15.01,24.4,-10.81,34.5,2,2026-04-16 to 2026-08-03 (75 days),-1.0,53.6,0.3377,73.75,72.22,BULLISH,MEDIUM,Earnings in 1d (2026-08-05); Last surprise: +29.8%; Earnings conf adj: -1,5.55,-1.0,1.0,1,2026-08-05,29.79,-1
2026-08-04T13:04:05,2026-08-04,CHE,HOLD,0,MACD Crossover,HIGH,6,52.09,540.57,3.93,0.0,7.64,0.0,0.0,2026-08-23,4.06,9.29,100.0,166.07,67.71,-157.46,-2.08,19.0,2,2026-04-16 to 2026-08-03 (75 days),-1.0,75.5,0.2227,468.29,435.67,BULLISH,MEDIUM,RSI overbought; Strong trend (ADX=50); Last surprise: +8.2%; Earnings conf adj: +1,8.42,-1.0,1.0,84,2026-10-27,8.21,1
2026-08-04T13:01:10,2026-08-04,DDOG,HOLD,0,Stochastic Oscillator,HIGH,4,52.01,273.6,6.97,0.0,10.46,0.0,0.0,2026-08-15,2.76,10.51,100.0,210.88,83.94,-1318.35,-5.98,11.5,2,2026-04-16 to 2026-08-03 (75 days),-1.0,64.3,0.3983,246.1,167.82,BULLISH,MEDIUM,Earnings in 2d (2026-08-06); Last surprise: +17.6%; Earnings conf adj: -1,4.71,-1.0,1.0,2,2026-08-06,17.65,-1
2026-08-04T13:03:47,2026-08-04,AVTR,HOLD,0,MACD Crossover,HIGH,6,51.98,13.67,9.68,0.0,19.02,0.0,0.0,2026-08-14,1.98,4.31,83.3,3.98,134.22,-321.77,-9.97,10.2,6,2026-04-16 to 2026-08-03 (75 days),-1.0,72.9,0.7562,10.29,10.23,BULLISH,HIGH,RSI overbought; Strong trend (ADX=51); Last surprise: +10.5%; Earnings conf adj: +1,2.48,-1.0,1.0,85,2026-10-28,10.53,1
2026-08-04T13:04:08,2026-08-04,UBSI,HOLD,0,VWAP Trend,MEDIUM,3,51.87,48.91,2.07,0.0,2.77,0.0,0.0,2026-08-07,0.13,0.18,83.3,1.39,0.72,-56.12,-2.41,3.3,6,2026-04-16 to 2026-08-03 (75 days),-1.0,66.4,0.1937,45.58,41.19,BULLISH,LOW,Strong trend (ADX=34); Last surprise: +6.7%; Earnings conf adj: +1,9.68,-1.0,1.0,79,2026-10-22,6.74,1
2026-08-04T13:02:39,2026-08-04,TMO,HOLD,0,MACD Crossover,HIGH,6,51.86,574.03,4.84,0.0,7.26,0.0,0.0,2026-08-24,1.29,2.52,100.0,85.8,31.43,-12.81,-6.87,20.0,3,2026-04-16 to 2026-08-03 (75 days),-1.0,68.5,0.3667,507.1,530.14,BEARISH,MEDIUM,Strong trend (ADX=35); Last surprise: +5.6%; Earnings conf adj: +1,5.11,-1.0,1.0,78,2026-10-21,5.6,1
2026-08-04T13:02:25,2026-08-04,RJF,HOLD,0,EMA Crossover (9/21),HIGH,6,51.75,177.68,2.74,0.0,7.51,0.0,0.0,2026-08-28,2.36,4.49,100.0,116.48,45.03,-31.68,-6.1,24.0,2,2026-04-16 to 2026-08-03 (75 days),-1.0,70.0,0.1947,159.19,157.37,BULLISH,LOW,RSI overbought; Strong trend (ADX=33); Last surprise: +7.9%; Earnings conf adj: +1,9.63,-1.0,1.0,85,2026-10-28,7.9,1
2026-08-04T13:02:04,2026-08-04,MRVL,EXIT,-1,52-Week High Momentum,HIGH,5,51.64,193.77,12.0,217.02,25.39,144.57,6.02,2026-08-16,2.88,6.15,100.0,739.23,653.75,396.6,-16.74,12.2,4,2026-04-16 to 2026-08-03 (75 days),-1.0,43.9,0.9231,239.55,135.53,BULLISH,HIGH,Strong trend (ADX=36); Last surprise: +1.3%; Size: Kelly 10.0% / VolTgt 2.0% / Blend 6.0%,2.03,-1.0,1.0,23,2026-08-27,1.27,0
2026-08-04T13:01:28,2026-08-04,FISV,EXIT,-1,VWAP Trend,LOW,1,51.62,54.35,4.83,56.98,7.25,50.41,6.04,2026-08-13,0.53,0.69,62.5,1.42,13.43,51.09,-12.6,9.1,8,2026-04-16 to 2026-08-03 (75 days),-1.0,57.9,0.3699,52.17,62.98,BEARISH,MEDIUM,High volume; Earnings in 2d (2026-08-06); Last surprise: +13.3%; Earnings conf adj: -2; Size: Kelly 7.0% / VolTgt 5.1% / Blend 6.0%,5.07,-1.0,1.0,2,2026-08-06,13.29,-2
2026-08-04T13:04:30,2026-08-04,GEF,HOLD,0,VWAP Trend,HIGH,6,51.53,86.7,4.18,0.0,4.18,0.0,0.0,2026-08-06,2.53,7.75,71.4,7.76,32.93,-102.05,-1.8,2.7,7,2026-04-16 to 2026-08-03 (75 days),-1.0,79.4,0.3229,71.69,67.46,BULLISH,MEDIUM,RSI overbought; High volume; Strong trend (ADX=49); Last surprise: +45.0%; Earnings conf adj: +1,5.81,-1.0,1.0,85,2026-10-28,45.05,1
2026-08-04T13:01:10,2026-08-04,DELL,HOLD,0,VWAP Trend,HIGH,6,51.52,429.02,12.0,0.0,12.02,0.0,0.0,2026-08-07,2.64,10.0,83.3,40.9,443.49,-997.24,-15.53,3.0,6,2026-04-16 to 2026-08-03 (75 days),-1.0,54.5,0.8814,402.18,214.95,BULLISH,HIGH,Last surprise: +64.2%; Earnings conf adj: +1,2.13,-1.0,1.0,30,2026-09-03,64.19,1
2026-08-04T13:04:20,2026-08-04,ALK,HOLD,0,ADX Trend Following,HIGH,6,51.5,50.21,9.3,0.0,21.65,0.0,0.0,2026-08-31,1.96,3.58,100.0,234.31,111.95,15.03,-12.94,27.0,3,2026-04-16 to 2026-08-03 (75 days),-1.0,58.5,0.5291,47.15,45.79,BULLISH,HIGH,Last surprise: +7.1%; Earnings conf adj: +1,3.54,-1.0,1.0,79,2026-10-22,7.07,1
2026-08-04T13:01:48,2026-08-04,JPM,HOLD,0,MACD Crossover,HIGH,6,51.48,352.64,3.05,0.0,7.23,0.0,0.0,2026-08-20,1.87,2.88,100.0,90.47,32.78,-24.79,-3.53,16.0,3,2026-04-16 to 2026-08-03 (75 days),-1.0,61.3,0.2295,327.87,309.57,BULLISH,MEDIUM,Last surprise: +5.9%; Earnings conf adj: +1,8.17,-1.0,1.0,70,2026-10-13,5.86,1
2026-08-04T13:03:35,2026-08-04,BSY,HOLD,0,VWAP Trend,HIGH,4,51.47,35.89,9.51,0.0,14.27,0.0,0.0,2026-08-15,1.12,1.93,60.0,2.34,39.74,26.25,-13.37,11.8,5,2026-04-16 to 2026-08-03 (75 days),-1.0,63.4,0.5387,31.97,36.89,BEARISH,HIGH,Strong trend (ADX=31); Earnings in 2d (2026-08-06); Last surprise: +5.6%; Earnings conf adj: -1,3.48,-1.0,1.0,2,2026-08-06,5.56,-1
2026-08-04T13:03:03,2026-08-04,ENTG,HOLD,0,VWAP Trend,MEDIUM,2,51.36,125.2,12.0,0.0,9.34,0.0,0.0,2026-08-06,1.57,2.46,64.3,1.87,78.46,102.47,-14.12,2.3,14,2026-04-16 to 2026-08-03 (75 days),-1.0,44.2,0.782,143.18,119.19,BULLISH,HIGH,Strong trend (ADX=40); EARNINGS TODAY (2026-08-04); Last surprise: +14.7%; Earnings conf adj: -3,2.4,-1.0,1.0,0,2026-08-04,14.67,-3
2026-08-04T13:03:07,2026-08-04,OVV,HOLD,0,ADX Trend Following,HIGH,4,51.12,61.88,4.87,0.0,6.41,0.0,0.0,2026-08-10,1.07,1.51,80.0,2.53,23.09,-22.4,-8.32,6.0,5,2026-04-16 to 2026-08-03 (75 days),-1.0,62.2,0.3322,56.71,49.14,BULLISH,MEDIUM,Strong trend (ADX=45); Last surprise: -10.3%; Earnings conf adj: -1,5.65,-1.0,1.0,-12,2026-07-23,-10.31,-1
2026-08-04T13:02:15,2026-08-04,PEG,HOLD,0,ADX Trend Following,MEDIUM,2,51.1,76.62,2.51,0.0,3.76,0.0,0.0,2026-08-16,1.98,2.98,80.0,5.14,30.45,48.84,-5.55,12.4,5,2026-04-16 to 2026-08-03 (75 days),-1.0,35.7,0.1566,79.45,79.91,BEARISH,LOW,EARNINGS TODAY (2026-08-04); Last surprise: +8.4%; Earnings conf adj: -3,10.0,-1.0,1.0,0,2026-08-04,8.39,-3
2026-08-04T13:03:37,2026-08-04,AM,HOLD,0,Stochastic Oscillator,HIGH,4,51.03,21.98,3.7,0.0,5.55,0.0,0.0,2026-08-18,2.6,4.67,100.0,107.66,39.64,19.04,-4.11,14.0,3,2026-04-16 to 2026-08-03 (75 days),-1.0,49.1,0.2321,21.81,20.01,BULLISH,MEDIUM,Last surprise: -18.2%; Earnings conf adj: -1,8.08,-1.0,1.0,85,2026-10-28,-18.18,-1
2026-08-04T13:01:19,2026-08-04,EMR,HOLD,0,MACD Crossover,MEDIUM,2,51.0,154.85,4.38,0.0,9.27,0.0,0.0,2026-08-17,1.38,1.95,100.0,85.57,30.97,-10.66,-6.12,13.3,3,2026-04-16 to 2026-08-03 (75 days),-1.0,66.0,0.3229,142.33,139.02,BULLISH,MEDIUM,Price at statistical extreme; Strong trend (ADX=37); EARNINGS TODAY (2026-08-04); Last surprise: +0.7%; Earnings conf adj: -3,5.81,-1.0,1.0,0,2026-08-04,0.65,-3
2026-08-04T13:02:10,2026-08-04,NSC,HOLD,0,EMA Crossover (9/21),HIGH,6,50.79,336.65,3.66,0.0,8.68,0.0,0.0,2026-08-21,1.64,3.57,100.0,69.83,24.56,-21.3,-4.77,17.5,2,2026-04-16 to 2026-08-03 (75 days),-1.0,56.7,0.2635,320.13,300.71,BULLISH,MEDIUM,Last surprise: +6.0%; Earnings conf adj: +1,7.12,-1.0,1.0,79,2026-10-22,6.02,1
2026-08-04T13:02:21,2026-08-04,PRU,HOLD,0,MACD Crossover,MEDIUM,2,50.56,122.98,2.76,0.0,6.9,0.0,0.0,2026-08-28,3.3,5.71,100.0,162.38,68.49,-44.91,-2.66,24.7,3,2026-04-16 to 2026-08-03 (75 days),-1.0,69.3,0.2035,110.94,104.02,BULLISH,MEDIUM,Strong trend (ADX=46); EARNINGS TODAY (2026-08-04); Last surprise: +16.5%; Earnings conf adj: -3,9.21,-1.0,1.0,0,2026-08-04,16.45,-3
2026-08-04T13:03:17,2026-08-04,CRBG,EXIT,-1,VWAP Trend,MEDIUM,2,50.54,31.31,4.16,32.61,6.66,29.22,8.49,2026-08-13,2.77,4.81,71.4,20.41,89.98,15.81,-6.45,9.9,7,2026-04-16 to 2026-08-03 (75 days),-1.0,55.4,0.2687,29.26,28.31,BULLISH,MEDIUM,EARNINGS TODAY (2026-08-04); Last surprise: +1.9%; Earnings conf adj: -3; Size: Kelly 10.0% / VolTgt 7.0% / Blend 8.5%,6.98,-1.0,1.0,0,2026-08-04,1.94,-3
2026-08-04T13:01:08,2026-08-04,CVS,HOLD,0,MACD Crossover,MEDIUM,2,50.29,105.37,3.63,0.0,5.53,0.0,0.0,2026-08-12,0.34,0.56,100.0,13.21,3.17,-205.86,-3.57,8.7,3,2026-04-16 to 2026-08-03 (75 days),-1.0,52.8,0.2379,100.83,83.54,BULLISH,MEDIUM,Earnings in 1d (2026-08-05); Last surprise: +16.3%; Earnings conf adj: -1,7.88,-1.0,1.0,1,2026-08-05,16.29,-1
2026-08-04T13:03:12,2026-08-04,DINO,HOLD,0,ADX Trend Following,HIGH,6,50.2,88.65,6.16,0.0,12.16,0.0,0.0,2026-08-20,3.12,5.73,75.0,15.5,146.3,-138.16,-10.19,16.5,4,2026-04-16 to 2026-08-03 (75 days),-1.0,61.5,0.3803,76.23,60.19,BULLISH,MEDIUM,Strong trend (ADX=46); Last surprise: +18.3%; Earnings conf adj: +1,4.93,-1.0,1.0,86,2026-10-29,18.26,1
2026-08-04T13:01:25,2026-08-04,FAST,HOLD,0,VWAP Trend,HIGH,4,49.88,48.11,4.04,0.0,3.03,0.0,0.0,2026-08-05,2.47,5.6,77.8,4.73,23.19,-9.86,-1.57,1.9,9,2026-04-16 to 2026-08-03 (75 days),-1.0,59.2,0.2788,46.02,43.81,BULLISH,MEDIUM,Last surprise: +0.0%,6.73,-1.0,1.0,71,2026-10-14,0.0,0
2026-08-04T13:04:16,2026-08-04,MTDR,HOLD,0,Stochastic Oscillator,MEDIUM,3,49.72,48.83,8.32,0.0,12.48,0.0,0.0,2026-08-27,1.67,2.74,66.7,13.95,52.35,98.31,-13.26,23.3,3,2026-04-16 to 2026-08-03 (75 days),-1.0,43.0,0.5034,52.1,49.59,BULLISH,HIGH,Earnings in 1d (2026-08-05); Last surprise: +21.4%; Earnings conf adj: -1,3.72,-1.0,1.0,1,2026-08-05,21.43,-1
2026-08-04T13:02:45,2026-08-04,VEEV,HOLD,0,VWAP Trend,HIGH,4,49.51,206.25,7.99,0.0,10.93,0.0,0.0,2026-08-15,1.79,3.28,62.5,2.51,105.64,3.29,-15.62,11.8,8,2026-04-16 to 2026-08-03 (75 days),-1.0,63.8,0.4039,178.89,203.46,BEARISH,HIGH,High volume; Strong trend (ADX=33); Last surprise: +4.7%,4.64,-1.0,1.0,29,2026-09-02,4.67,0
2026-08-04T13:01:29,2026-08-04,FOXA,HOLD,0,Stochastic Oscillator,MEDIUM,3,49.48,58.7,3.9,0.0,5.85,0.0,0.0,2026-09-02,2.76,5.71,100.0,229.52,102.95,130.48,-5.61,29.5,2,2026-04-16 to 2026-08-03 (75 days),-1.0,57.0,0.278,58.21,62.84,BEARISH,MEDIUM,Strong trend (ADX=32); Earnings in 2d (2026-08-06); Last surprise: +36.1%; Earnings conf adj: -1,6.74,-1.0,1.0,2,2026-08-06,36.08,-1
2026-08-04T13:03:35,2026-08-04,SPXC,EXIT,-1,VWAP Trend,HIGH,5,49.3,214.13,10.62,236.87,7.59,197.88,6.44,2026-08-06,2.22,4.17,60.0,3.0,52.46,54.25,-4.25,2.2,10,2026-04-16 to 2026-08-03 (75 days),-1.0,48.5,0.6498,223.48,214.17,BULLISH,HIGH,Strong trend (ADX=37); Last surprise: +9.2%; Earnings conf adj: +1; Size: Kelly 10.0% / VolTgt 2.9% / Blend 6.4%,2.89,-1.0,1.0,85,2026-10-28,9.19,1
2026-08-04T13:04:08,2026-08-04,PATH,HOLD,0,ADX Trend Following,MEDIUM,3,49.24,13.05,12.0,0.0,18.0,0.0,0.0,2026-09-18,1.99,3.28,100.0,275.14,138.45,36.09,-24.2,45.5,2,2026-04-16 to 2026-08-03 (75 days),-1.0,64.6,0.6379,11.35,12.77,BEARISH,HIGH,Last surprise: -6.3%; Earnings conf adj: -1,2.94,-1.0,1.0,30,2026-09-03,-6.25,-1
2026-08-04T13:04:36,2026-08-04,PLNT,HOLD,0,VWAP Trend,LOW,0,49.15,56.23,5.04,0.0,6.76,0.0,0.0,2026-08-13,0.24,0.36,55.6,1.22,2.92,58.71,-11.32,9.2,9,2026-04-16 to 2026-08-03 (75 days),-1.0,61.8,0.2832,52.55,79.24,BEARISH,MEDIUM,Earnings in 2d (2026-08-06); Last surprise: +17.5%; Earnings conf adj: -1,6.62,-1.0,1.0,2,2026-08-06,17.46,-1
2026-08-04T13:01:09,2026-08-04,DAL,HOLD,0,VWAP Trend,HIGH,4,48.92,91.59,4.37,0.0,5.38,0.0,0.0,2026-08-07,2.77,7.36,80.0,7.95,20.87,-134.68,-1.28,3.2,5,2026-04-16 to 2026-08-03 (75 days),-1.0,61.1,0.3822,84.95,70.71,BULLISH,MEDIUM,Price at statistical extreme; Strong trend (ADX=32); Last surprise: +4.7%,4.91,-1.0,1.0,65,2026-10-08,4.7,0
2026-08-04T13:04:59,2026-08-04,PVH,HOLD,0,Stochastic Oscillator,HIGH,5,48.83,88.8,5.35,0.0,8.02,0.0,0.0,2026-08-29,4.19,9.37,100.0,368.09,205.68,208.08,-4.01,25.5,2,2026-04-16 to 2026-08-03 (75 days),-1.0,65.5,0.344,81.61,76.64,BULLISH,MEDIUM,Strong trend (ADX=42); Last surprise: +10.4%; Earnings conf adj: +1,5.45,-1.0,1.0,21,2026-08-25,10.44,1
2026-08-04T13:01:04,2026-08-04,COP,HOLD,0,VWAP Trend,MEDIUM,2,48.67,119.16,3.95,0.0,2.89,0.0,0.0,2026-08-05,3.19,13.33,66.7,6.83,30.53,34.74,-1.18,1.3,9,2026-04-16 to 2026-08-03 (75 days),-1.0,58.8,0.3221,113.55,106.94,BULLISH,MEDIUM,Earnings in 2d (2026-08-06); Last surprise: +11.8%; Earnings conf adj: -2,5.82,-1.0,1.0,2,2026-08-06,11.83,-2
2026-08-04T13:04:26,2026-08-04,CUZ,HOLD,0,MACD Crossover,HIGH,5,48.64,31.4,3.87,0.0,5.75,0.0,0.0,2026-08-15,1.11,1.78,100.0,47.47,15.78,-160.94,-5.2,11.7,3,2026-04-16 to 2026-08-03 (75 days),-1.0,56.0,0.2135,29.42,25.53,BULLISH,MEDIUM,High volume; Strong trend (ADX=44); Last surprise: +25.0%; Earnings conf adj: +1,8.78,-1.0,1.0,86,2026-10-29,25.0,1
2026-08-04T13:05:00,2026-08-04,P,HOLD,0,Stochastic Oscillator,HIGH,5,48.54,80.14,11.2,0.0,16.8,0.0,0.0,2026-08-24,2.28,4.34,100.0,263.63,125.93,49.2,-10.23,20.5,2,2026-04-16 to 2026-08-03 (75 days),-1.0,58.5,0.6254,75.51,74.22,BULLISH,HIGH,Last surprise: +17.5%; Earnings conf adj: +1,3.0,-1.0,1.0,22,2026-08-26,17.5,1
2026-08-04T13:01:09,2026-08-04,DASH,HOLD,0,Stochastic Oscillator,MEDIUM,3,48.51,200.5,8.48,0.0,12.72,0.0,0.0,2026-08-27,1.58,3.0,100.0,162.87,64.65,18.42,-8.62,23.0,2,2026-04-16 to 2026-08-03 (75 days),-1.0,62.6,0.4977,175.49,190.69,BEARISH,HIGH,Earnings in 1d (2026-08-05); Last surprise: +7.5%; Earnings conf adj: -1,3.77,-1.0,1.0,1,2026-08-05,7.55,-1
2026-08-04T13:00:38,2026-08-04,AMGN,HOLD,0,MACD Crossover,LOW,0,48.45,378.87,4.29,0.0,8.58,0.0,0.0,2026-08-26,0.81,1.48,100.0,47.8,15.84,-19.34,-5.24,22.0,3,2026-04-16 to 2026-08-03 (75 days),-1.0,58.1,0.2565,356.69,341.16,BULLISH,MEDIUM,Strong trend (ADX=37); EARNINGS TODAY (2026-08-04); Last surprise: +8.0%; Earnings conf adj: -3,7.0,-1.0,1.0,0,2026-08-04,7.97,-3
2026-08-04T13:04:25,2026-08-04,NOVT,HOLD,0,ADX Trend Following,MEDIUM,2,48.45,148.34,8.32,0.0,16.68,0.0,0.0,2026-08-21,1.75,3.56,100.0,206.56,92.99,18.18,-9.85,17.3,3,2026-04-16 to 2026-08-03 (75 days),-1.0,51.2,0.5093,154.05,133.17,BULLISH,HIGH,Strong trend (ADX=33); Earnings in 1d (2026-08-05); Last surprise: +3.8%; Earnings conf adj: -2,3.68,-1.0,1.0,1,2026-08-05,3.85,-2
2026-08-04T13:00:42,2026-08-04,ARE,HOLD,0,VWAP Trend,HIGH,4,48.3,53.03,4.71,0.0,8.9,0.0,0.0,2026-08-16,2.05,3.55,71.4,5.0,86.2,38.9,-14.21,12.0,7,2026-04-16 to 2026-08-03 (75 days),-1.0,58.1,0.3262,50.64,50.38,BULLISH,MEDIUM,Last surprise: +1400.0%,5.75,-1.0,1.0,83,2026-10-26,1400.0,0
2026-08-04T13:00:57,2026-08-04,CDW,HOLD,0,Stochastic Oscillator,MEDIUM,2,48.23,147.7,7.57,0.0,11.36,0.0,0.0,2026-08-18,4.74,25.32,100.0,509.07,341.27,296.61,-3.19,14.5,2,2026-04-16 to 2026-08-03 (75 days),-1.0,64.0,0.4216,132.94,131.81,BULLISH,HIGH,Strong trend (ADX=39); Earnings in 1d (2026-08-05); Last surprise: -0.4%; Earnings conf adj: -2,4.45,-1.0,1.0,1,2026-08-05,-0.44,-2
2026-08-04T13:04:29,2026-08-04,PSN,HOLD,0,Stochastic Oscillator,HIGH,5,48.21,47.61,12.0,0.0,18.0,0.0,0.0,2026-08-28,2.45,4.93,100.0,248.74,116.46,158.99,-8.9,24.5,2,2026-04-16 to 2026-08-03 (75 days),-1.0,41.9,1.3748,54.88,63.18,BEARISH,HIGH,Strong trend (ADX=47); Last surprise: +13.2%; Earnings conf adj: +1,1.36,-1.0,1.0,-6,2026-07-29,13.16,1
2026-08-04T13:04:48,2026-08-04,AFG,HOLD,0,VWAP Trend,LOW,1,48.07,141.92,2.17,0.0,2.49,0.0,0.0,2026-08-07,1.01,1.85,66.7,4.76,6.8,-29.02,-2.46,3.5,6,2026-04-16 to 2026-08-03 (75 days),-1.0,54.9,0.1688,136.92,131.28,BULLISH,LOW,EARNINGS TODAY (2026-08-04); Last surprise: -3.5%; Earnings conf adj: -3,7.0,-1.0,1.0,0,2026-08-04,-3.52,-3
2026-08-04T13:04:59,2026-08-04,OGS,HOLD,0,ADX Trend Following,LOW,0,47.96,78.4,3.07,0.0,4.6,0.0,0.0,2026-08-20,0.52,0.82,100.0,20.36,5.67,40.59,-3.78,16.0,2,2026-04-16 to 2026-08-03 (75 days),-1.0,47.3,0.2155,78.43,80.99,BEARISH,MEDIUM,EARNINGS TODAY (2026-08-04); Last surprise: -2.3%; Earnings conf adj: -3,7.0,-1.0,1.0,0,2026-08-04,-2.31,-3
2026-08-04T13:03:56,2026-08-04,KNSL,HOLD,0,EMA Crossover (9/21),HIGH,5,47.77,360.44,9.28,0.0,13.92,0.0,0.0,2026-08-22,1.47,2.23,100.0,115.56,44.76,43.14,-9.93,18.0,2,2026-04-16 to 2026-08-03 (75 days),-1.0,57.7,0.491,326.25,362.08,BEARISH,HIGH,Last surprise: +8.4%; Earnings conf adj: +1,3.82,-1.0,1.0,79,2026-10-22,8.41,1
2026-08-04T13:02:42,2026-08-04,TTD,HOLD,0,Stochastic Oscillator,LOW,0,47.61,18.3,10.01,0.0,15.02,0.0,0.0,2026-08-24,0.62,1.06,100.0,47.41,13.75,66.17,-10.79,20.0,2,2026-04-16 to 2026-08-03 (75 days),-1.0,47.1,0.4649,19.29,29.12,BEARISH,HIGH,Earnings in 2d (2026-08-06); Last surprise: -12.5%; Earnings conf adj: -3,4.03,-1.0,1.0,2,2026-08-06,-12.5,-3
2026-08-04T13:00:33,2026-08-04,ADSK,HOLD,0,Momentum (Rate of Change),HIGH,5,47.59,234.71,8.56,0.0,12.84,0.0,0.0,2026-08-23,1.54,2.61,100.0,163.35,59.5,70.85,-9.24,19.7,3,2026-04-16 to 2026-08-03 (75 days),-1.0,61.5,0.4867,215.71,253.48,BEARISH,HIGH,Strong trend (ADX=32); Last surprise: +5.3%; Earnings conf adj: +1,3.85,-1.0,1.0,23,2026-08-27,5.28,1
2026-08-04T13:02:22,2026-08-04,PSX,HOLD,0,ADX Trend Following,MEDIUM,2,47.57,206.19,4.53,0.0,9.06,0.0,0.0,2026-08-16,2.29,3.71,60.0,4.29,71.98,-54.66,-6.63,12.2,5,2026-04-16 to 2026-08-03 (75 days),-1.0,60.6,0.34,186.28,159.07,BULLISH,MEDIUM,Earnings in 1d (2026-08-05); Last surprise: +225.6%; Earnings conf adj: -2,5.51,-1.0,1.0,1,2026-08-05,225.64,-2
2026-08-04T13:01:24,2026-08-04,EXPE,HOLD,0,ADX Trend Following,MEDIUM,3,47.56,298.03,7.96,0.0,13.4,0.0,0.0,2026-08-19,1.38,2.08,100.0,99.44,37.01,-35.6,-6.64,15.3,3,2026-04-16 to 2026-08-03 (75 days),-1.0,67.1,0.4352,252.34,247.44,BULLISH,HIGH,Strong trend (ADX=39); Earnings in 1d (2026-08-05); Last surprise: +42.0%; Earnings conf adj: -1,4.31,-1.0,1.0,1,2026-08-05,42.03,-1
2026-08-04T13:03:25,2026-08-04,BJ,HOLD,0,VWAP Trend,HIGH,5,47.32,97.1,4.52,0.0,6.78,0.0,0.0,2026-08-16,2.16,3.82,57.1,3.87,67.86,48.75,-9.37,12.9,7,2026-04-16 to 2026-08-03 (75 days),-1.0,61.8,0.2572,89.93,93.2,BEARISH,MEDIUM,Strong trend (ADX=39); Last surprise: +6.8%; Earnings conf adj: +1,7.29,-1.0,1.0,17,2026-08-21,6.8,1
2026-08-04T13:02:33,2026-08-04,STT,HOLD,0,MACD Crossover,HIGH,5,47.25,183.67,4.14,0.0,7.22,0.0,0.0,2026-08-15,2.91,5.81,100.0,138.35,56.01,-88.86,-3.23,11.2,4,2026-04-16 to 2026-08-03 (75 days),-1.0,58.2,0.2739,171.47,138.91,BULLISH,MEDIUM,Last surprise: +9.3%; Earnings conf adj: +1,6.85,-1.0,1.0,73,2026-10-16,9.28,1
2026-08-04T13:01:43,2026-08-04,IDXX,HOLD,0,Stochastic Oscillator,LOW,1,47.16,567.84,4.64,0.0,6.96,0.0,0.0,2026-09-09,1.18,1.7,100.0,85.15,31.69,32.95,-9.06,36.5,2,2026-04-16 to 2026-08-03 (75 days),-1.0,54.4,0.3129,557.39,620.16,BEARISH,MEDIUM,High volume; EARNINGS TODAY (2026-08-04); Last surprise: +1.8%; Earnings conf adj: -3,5.99,-1.0,1.0,0,2026-08-04,1.76,-3
2026-08-04T13:04:11,2026-08-04,WEX,HOLD,0,VWAP Trend,HIGH,5,47.14,187.29,8.07,0.0,11.5,0.0,0.0,2026-08-13,1.01,1.32,60.0,1.87,40.23,15.45,-20.9,9.0,5,2026-04-16 to 2026-08-03 (75 days),-1.0,74.3,0.4866,151.52,152.96,BEARISH,HIGH,RSI overbought; Strong trend (ADX=51); Last surprise: +5.5%; Earnings conf adj: +1,3.85,-1.0,1.0,85,2026-10-28,5.52,1
2026-08-04T13:02:28,2026-08-04,SBUX,HOLD,0,EMA Crossover (9/21),HIGH,4,47.09,103.37,4.5,0.0,8.16,0.0,0.0,2026-08-25,0.91,1.46,100.0,38.47,12.63,-8.18,-4.86,21.5,2,2026-04-16 to 2026-08-03 (75 days),-1.0,48.0,0.2234,102.28,94.31,BULLISH,MEDIUM,Last surprise: +30.8%; Earnings conf adj: +1,8.39,-1.0,1.0,85,2026-10-28,30.77,1
2026-08-04T13:01:07,2026-08-04,CSX,HOLD,0,ADX Trend Following,HIGH,4,46.97,49.83,4.03,0.0,6.74,0.0,0.0,2026-08-13,1.64,3.14,83.3,7.02,32.39,-38.3,-5.71,9.0,6,2026-04-16 to 2026-08-03 (75 days),-1.0,50.8,0.2854,48.2,41.2,BULLISH,MEDIUM,Last surprise: +3.8%,6.57,-1.0,1.0,79,2026-10-22,3.85,0
2026-08-04T13:01:00,2026-08-04,CLX,HOLD,0,VWAP Trend,LOW,1,46.81,98.26,4.78,0.0,7.17,0.0,0.0,2026-08-14,0.19,0.25,62.5,1.15,1.22,10.48,-13.09,10.8,8,2026-04-16 to 2026-08-03 (75 days),-1.0,54.2,0.3342,95.52,102.82,BEARISH,MEDIUM,Last surprise: +6.5%,5.61,-1.0,1.0,91,2026-11-03,6.49,0
2026-08-04T13:04:44,2026-08-04,RH,EXIT,-1,VWAP Trend,HIGH,4,46.71,173.74,11.69,194.05,15.13,147.45,6.46,2026-08-13,3.0,7.72,60.0,10.0,213.22,41.11,-8.89,9.0,5,2026-04-16 to 2026-08-03 (75 days),-1.0,53.3,0.6404,160.53,163.29,BEARISH,HIGH,High volume; Last surprise: +4.8%; Size: Kelly 10.0% / VolTgt 2.9% / Blend 6.5%,2.93,-1.0,1.0,37,2026-09-10,4.83,0
2026-08-04T13:01:28,2026-08-04,FITB,EXIT,-1,VWAP Trend,HIGH,4,46.49,56.9,3.6,58.95,2.58,55.43,9.05,2026-08-06,3.72,15.01,66.7,8.7,61.57,-2.83,-2.2,2.0,12,2026-04-16 to 2026-08-03 (75 days),-1.0,53.4,0.2314,54.5,48.61,BULLISH,MEDIUM,Last surprise: -1.2%; Size: Kelly 10.0% / VolTgt 8.1% / Blend 9.1%,8.1,-1.0,1.0,76,2026-10-19,-1.19,0
2026-08-04T13:02:04,2026-08-04,MRK,HOLD,0,Stochastic Oscillator,LOW,1,46.41,127.77,4.05,0.0,6.07,0.0,0.0,2026-08-27,3.36,8.39,100.0,197.88,85.11,40.42,-2.53,23.0,2,2026-04-16 to 2026-08-03 (75 days),-1.0,52.7,0.2659,122.88,110.6,BULLISH,MEDIUM,EARNINGS TODAY (2026-08-04); Last surprise: +12.9%; Earnings conf adj: -3,7.0,-1.0,1.0,0,2026-08-04,12.93,-3
2026-08-04T13:03:57,2026-08-04,THG,BUY,1,Momentum (Rate of Change),HIGH,5,46.34,232.33,3.55,224.08,11.52,259.09,8.39,2026-09-01,1.55,2.52,100.0,103.43,37.4,-112.77,-6.86,28.0,3,2026-04-16 to 2026-08-03 (75 days),0.567,71.2,0.2765,206.71,183.95,BULLISH,MEDIUM,RSI overbought; Strong trend (ADX=44); Last surprise: +41.2%; Earnings conf adj: +1; Size: Kelly 10.0% / VolTgt 6.8% / Blend 8.4%,6.78,-1.0,1.0,85,2026-10-28,41.22,1
2026-08-04T13:01:48,2026-08-04,JCI,HOLD,0,Multi-Factor Momentum MR,HIGH,4,46.19,146.39,5.07,0.0,8.78,0.0,0.0,2026-09-01,0.58,0.98,100.0,28.6,9.68,-15.12,-7.67,28.0,1,2026-04-16 to 2026-08-03 (75 days),-1.0,57.5,0.2107,142.18,130.41,BULLISH,MEDIUM,Last surprise: +9.2%; Earnings conf adj: +1,8.9,-1.0,1.0,-6,2026-07-29,9.23,1
2026-08-04T13:02:49,2026-08-04,VST,HOLD,0,Stochastic Oscillator,MEDIUM,3,46.16,155.94,10.47,0.0,10.49,0.0,0.0,2026-08-12,2.81,9.21,100.0,197.78,83.71,101.71,-3.75,8.0,2,2026-04-16 to 2026-08-03 (75 days),-1.0,50.1,0.471,156.3,163.17,BEARISH,HIGH,Earnings in 3d (2026-08-07); Last surprise: +53.5%; Earnings conf adj: -1,3.98,-1.0,1.0,3,2026-08-07,53.48,-1
2026-08-04T13:01:04,2026-08-04,CPRT,HOLD,0,ADX Trend Following,HIGH,4,46.09,29.35,5.45,0.0,7.12,0.0,0.0,2026-08-09,1.66,4.33,66.7,3.18,27.96,62.71,-5.15,5.3,3,2026-04-16 to 2026-08-03 (75 days),-1.0,51.8,0.3926,29.89,35.79,BEARISH,MEDIUM,Last surprise: +4.9%,4.78,-1.0,1.0,30,2026-09-03,4.88,0
2026-08-04T13:01:34,2026-08-04,GL,BUY,1,52-Week High Momentum,HIGH,4,46.09,184.09,3.91,176.89,13.69,209.29,8.1,2026-09-23,2.22,2.95,100.0,152.56,61.63,-41.95,-7.4,50.5,2,2026-04-16 to 2026-08-03 (75 days),0.873,62.3,0.3025,171.08,148.26,BULLISH,MEDIUM,Strong trend (ADX=31); Last surprise: -1.9%; Size: Kelly 10.0% / VolTgt 6.2% / Blend 8.1%,6.2,-1.0,1.0,78,2026-10-21,-1.9,0
2026-08-04T13:03:30,2026-08-04,JEF,HOLD,0,Composite Multi-Indicator,MEDIUM,3,46.06,55.69,5.88,0.0,11.76,0.0,0.0,2026-09-08,3.49,6.4,100.0,281.47,142.51,53.63,-6.82,35.5,2,2026-04-16 to 2026-08-03 (75 days),-1.0,52.2,0.3907,55.31,53.03,BULLISH,MEDIUM,Last surprise: -17.7%; Earnings conf adj: -1,4.8,-1.0,1.0,55,2026-09-28,-17.74,-1
2026-08-04T13:04:45,2026-08-04,MZTI,HOLD,0,ADX Trend Following,MEDIUM,3,46.04,110.75,6.85,0.0,7.75,0.0,0.0,2026-08-10,0.87,1.39,75.0,5.19,12.3,62.0,-4.26,6.0,4,2026-04-16 to 2026-08-03 (75 days),-1.0,51.6,0.4017,110.23,141.77,BEARISH,HIGH,High volume; Last surprise: -15.3%,4.67,-1.0,1.0,16,2026-08-20,-15.29,0
2026-08-04T13:02:58,2026-08-04,ATI,EXIT,-1,ADX Trend Following,MEDIUM,2,45.88,193.12,9.75,211.95,17.21,159.88,7.01,2026-08-26,1.96,3.76,100.0,180.89,77.51,-30.13,-10.21,22.0,3,2026-04-16 to 2026-08-03 (75 days),-1.0,53.6,0.4661,187.73,143.83,BULLISH,HIGH,Earnings in 2d (2026-08-06); Last surprise: +13.6%; Earnings conf adj: -2; Size: Kelly 10.0% / VolTgt 4.0% / Blend 7.0%,4.02,-1.0,1.0,2,2026-08-06,13.64,-2
2026-08-04T13:03:58,2026-08-04,NEU,HOLD,0,MACD Crossover,HIGH,4,45.87,854.33,6.75,0.0,11.81,0.0,0.0,2026-08-16,2.51,5.84,100.0,189.74,83.85,-74.13,-8.98,12.0,3,2026-04-16 to 2026-08-03 (75 days),-1.0,68.4,0.4331,786.43,709.93,BULLISH,HIGH,Price at statistical extreme; Strong trend (ADX=30); Last surprise: +2.2%,4.33,-1.0,1.0,-6,2026-07-29,2.19,0
2026-08-04T13:02:23,2026-08-04,PYPL,HOLD,0,VWAP Trend,HIGH,5,45.83,57.87,7.12,0.0,10.68,0.0,0.0,2026-08-10,1.21,1.69,58.3,1.67,34.38,-34.15,-16.82,6.6,12,2026-04-16 to 2026-08-03 (75 days),-1.0,73.6,0.6449,47.29,51.83,BEARISH,HIGH,RSI overbought; Strong trend (ADX=55); Last surprise: +7.8%; Earnings conf adj: +1,2.91,-1.0,1.0,84,2026-10-27,7.81,1
2026-08-04T13:03:56,2026-08-04,SFM,BUY,1,ADX Trend Following,HIGH,4,45.77,88.81,9.39,80.47,16.09,103.1,6.86,2026-08-20,1.82,3.55,100.0,171.1,72.67,-20.57,-13.3,16.3,3,2026-04-16 to 2026-08-03 (75 days),0.266,67.2,0.506,81.87,80.45,BULLISH,HIGH,Price at statistical extreme; Strong trend (ADX=33); Last surprise: +2.2%; Size: Kelly 10.0% / VolTgt 3.7% / Blend 6.9%,3.71,-1.0,1.0,85,2026-10-28,2.24,0
2026-08-04T13:03:24,2026-08-04,SF,HOLD,0,ADX Trend Following,HIGH,4,45.76,83.57,3.76,0.0,5.64,0.0,0.0,2026-08-15,2.45,4.11,66.7,5.06,38.21,23.98,-3.42,11.3,3,2026-04-16 to 2026-08-03 (75 days),-1.0,68.1,0.2752,74.5,77.68,BEARISH,MEDIUM,Last surprise: +4.4%,6.81,-1.0,1.0,78,2026-10-21,4.41,0
2026-08-04T13:02:45,2026-08-04,UPS,HOLD,0,Stochastic Oscillator,HIGH,5,45.7,106.87,4.7,0.0,7.05,0.0,0.0,2026-08-12,4.45,34.99,100.0,164.64,60.67,48.47,-1.0,8.5,2,2026-04-16 to 2026-08-03 (75 days),-1.0,44.1,0.3727,108.89,101.44,BULLISH,MEDIUM,Strong trend (ADX=39); Last surprise: +6.0%; Earnings conf adj: +1,5.03,-1.0,1.0,84,2026-10-27,6.02,1
2026-08-04T13:00:31,2026-08-04,A,HOLD,0,Stochastic Oscillator,HIGH,5,45.6,139.8,4.45,0.0,6.68,0.0,0.0,2026-09-01,2.91,10.48,100.0,324.35,170.76,92.75,-4.92,28.0,2,2026-04-16 to 2026-08-03 (75 days),-1.0,60.9,0.2833,132.07,130.55,BULLISH,MEDIUM,Last surprise: +5.7%; Earnings conf adj: +1,6.62,-1.0,1.0,22,2026-08-26,5.67,1
2026-08-04T13:00:50,2026-08-04,BMY,HOLD,0,VWAP Trend,HIGH,5,45.59,65.47,4.36,0.0,3.15,0.0,0.0,2026-08-06,1.49,3.51,71.4,2.49,18.79,-29.63,-3.34,2.1,7,2026-04-16 to 2026-08-03 (75 days),-1.0,71.8,0.2763,57.91,54.66,BULLISH,MEDIUM,RSI overbought; High volume; Strong trend (ADX=63); Last surprise: +27.5%; Earnings conf adj: +1,6.79,-1.0,1.0,86,2026-10-29,27.5,1
2026-08-04T13:01:32,2026-08-04,GEHC,HOLD,0,Stochastic Oscillator,HIGH,5,45.53,69.73,7.73,0.0,11.6,0.0,0.0,2026-08-21,2.28,6.23,100.0,200.65,85.86,100.94,-5.4,17.5,2,2026-04-16 to 2026-08-03 (75 days),-1.0,60.9,0.5969,64.12,73.0,BEARISH,HIGH,Strong trend (ADX=35); Last surprise: +8.7%; Earnings conf adj: +1,3.14,-1.0,1.0,85,2026-10-28,8.65,1
2026-08-04T13:03:22,2026-08-04,GGG,HOLD,0,ADX Trend Following,HIGH,5,45.45,80.3,3.69,0.0,5.54,0.0,0.0,2026-08-17,1.18,2.33,66.7,7.89,19.63,35.85,-4.32,13.3,3,2026-04-16 to 2026-08-03 (75 days),-1.0,61.9,0.3071,75.43,81.85,BEARISH,MEDIUM,Strong trend (ADX=44); Last surprise: +12.3%; Earnings conf adj: +1,6.11,-1.0,1.0,78,2026-10-21,12.35,1
2026-08-04T13:02:20,2026-08-04,PNR,BUY,1,VWAP Trend,MEDIUM,2,45.4,67.07,10.06,60.32,13.05,75.82,6.44,2026-08-10,0.63,0.95,63.6,1.5,13.13,73.6,-13.93,6.5,11,2026-04-16 to 2026-08-03 (75 days),0.52,46.8,0.6499,71.05,90.27,BEARISH,HIGH,Last surprise: +1.8%; Size: Kelly 10.0% / VolTgt 2.9% / Blend 6.4%,2.89,-1.0,1.0,77,2026-10-20,1.79,0
2026-08-04T13:03:53,2026-08-04,BAH,HOLD,0,MACD Crossover,HIGH,5,45.39,71.15,9.22,0.0,13.83,0.0,0.0,2026-08-26,1.73,3.49,100.0,150.43,60.57,99.08,-7.64,22.5,2,2026-04-16 to 2026-08-03 (75 days),-1.0,57.6,0.4741,69.96,79.69,BEARISH,HIGH,Strong trend (ADX=31); Last surprise: +22.3%; Earnings conf adj: +1,3.95,-1.0,1.0,80,2026-10-23,22.3,1
2026-08-04T13:00:42,2026-08-04,APO,HOLD,0,VWAP Trend,LOW,1,45.25,129.42,5.03,0.0,7.54,0.0,0.0,2026-08-16,1.82,3.01,85.7,42.11,61.1,32.86,-8.43,12.3,7,2026-04-16 to 2026-08-03 (75 days),-1.0,61.3,0.3221,125.35,126.25,BEARISH,MEDIUM,Price at statistical extreme; EARNINGS TODAY (2026-08-04); Last surprise: +3.2%; Earnings conf adj: -3,5.82,-1.0,1.0,0,2026-08-04,3.19,-3
2026-08-04T13:02:15,2026-08-04,PAYX,HOLD,0,MACD Crossover,HIGH,4,45.12,117.67,5.31,0.0,15.04,0.0,0.0,2026-09-01,1.99,3.32,100.0,166.19,69.57,-79.37,-4.94,28.3,3,2026-04-16 to 2026-08-03 (75 days),-1.0,64.1,0.359,103.62,101.06,BULLISH,MEDIUM,Strong trend (ADX=41); Last surprise: +0.8%,5.22,-1.0,1.0,56,2026-09-29,0.76,0
2026-08-04T13:00:31,2026-08-04,ABBV,HOLD,0,52-Week High Momentum,MEDIUM,3,45.01,245.1,4.22,0.0,10.55,0.0,0.0,2026-08-31,0.78,1.51,100.0,80.59,16.9,-59.38,-7.01,27.5,2,2026-04-16 to 2026-08-03 (75 days),-1.0,46.0,0.2592,237.55,221.61,BULLISH,MEDIUM,Strong trend (ADX=40); Last surprise: +1.1%,7.23,-1.0,1.0,86,2026-10-29,1.11,0
2026-08-04T13:02:27,2026-08-04,ROST,EXIT,-1,Stochastic Oscillator,HIGH,5,44.92,252.91,3.5,261.76,5.25,239.63,9.16,2026-08-19,3.09,9.24,100.0,182.1,75.93,18.93,-4.21,15.0,2,2026-04-16 to 2026-08-03 (75 days),-1.0,71.0,0.2251,229.93,202.35,BULLISH,MEDIUM,RSI overbought; Strong trend (ADX=50); Last surprise: +16.8%; Earnings conf adj: +1; Size: Kelly 10.0% / VolTgt 8.3% / Blend 9.2%,8.33,-1.0,1.0,16,2026-08-20,16.76,1
2026-08-04T13:03:25,2026-08-04,TTMI,HOLD,0,VWAP Trend,MEDIUM,2,44.9,121.21,12.0,0.0,17.35,0.0,0.0,2026-08-08,1.82,4.37,60.0,3.45,102.07,89.05,-9.83,4.6,5,2026-04-16 to 2026-08-03 (75 days),-1.0,39.4,1.0271,166.02,112.74,BULLISH,HIGH,Strong trend (ADX=43); Earnings in 1d (2026-08-05); Last surprise: +11.9%; Earnings conf adj: -2,1.83,-1.0,1.0,1,2026-08-05,11.94,-2
2026-08-04T13:03:01,2026-08-04,ROIV,BUY,1,VWAP Trend,MEDIUM,3,44.89,33.32,5.27,31.56,5.71,35.22,7.58,2026-08-08,2.5,9.86,71.4,5.65,109.21,52.28,-4.77,4.0,7,2026-04-16 to 2026-08-03 (75 days),0.472,46.3,0.3625,32.59,26.51,BULLISH,MEDIUM,Strong trend (ADX=32); Earnings in 2d (2026-08-06); Last surprise: +8.6%; Earnings conf adj: -1; Size: Kelly 10.0% / VolTgt 5.2% / Blend 7.6%,5.17,-1.0,1.0,2,2026-08-06,8.57,-1
2026-08-04T13:01:07,2026-08-04,CTSH,HOLD,0,ADX Trend Following,MEDIUM,3,44.74,55.17,9.39,0.0,13.21,0.0,0.0,2026-08-11,0.65,1.04,66.7,1.57,18.82,44.13,-20.79,7.3,3,2026-04-16 to 2026-08-03 (75 days),-1.0,69.3,0.621,47.65,63.43,BEARISH,HIGH,Strong trend (ADX=48); Last surprise: -0.7%,3.02,-1.0,1.0,85,2026-10-28,-0.72,0
2026-08-04T13:02:37,2026-08-04,TER,HOLD,0,VWAP Trend,HIGH,4,44.58,365.8,12.0,0.0,11.68,0.0,0.0,2026-08-06,1.26,1.9,50.0,1.9,76.84,76.82,-19.5,2.6,10,2026-04-16 to 2026-08-03 (75 days),-1.0,50.7,0.9203,380.87,290.42,BULLISH,HIGH,Last surprise: +20.5%; Earnings conf adj: +1,2.04,-1.0,1.0,78,2026-10-21,20.49,1
2026-08-04T13:04:13,2026-08-04,MTG,HOLD,0,ADX Trend Following,HIGH,5,44.56,30.58,3.89,0.0,7.12,0.0,0.0,2026-08-21,1.54,3.21,66.7,2.71,20.37,-27.84,-5.14,17.7,3,2026-04-16 to 2026-08-03 (75 days),-1.0,71.4,0.215,27.47,27.2,BULLISH,MEDIUM,RSI overbought; Strong trend (ADX=46); Last surprise: +14.5%; Earnings conf adj: +1,8.72,-1.0,1.0,85,2026-10-28,14.47,1
2026-08-04T13:03:34,2026-08-04,MUSA,HOLD,0,Stochastic Oscillator,MEDIUM,2,44.52,592.77,5.28,0.0,7.92,0.0,0.0,2026-08-19,2.41,4.82,100.0,205.82,88.82,29.35,-5.93,15.5,2,2026-04-16 to 2026-08-03 (75 days),-1.0,49.0,0.3703,572.51,470.96,BULLISH,MEDIUM,Earnings in 1d (2026-08-05); Last surprise: +32.4%; Earnings conf adj: -2,5.06,-1.0,1.0,1,2026-08-05,32.36,-2
2026-08-04T13:04:03,2026-08-04,AVT,HOLD,0,ADX Trend Following,MEDIUM,2,44.39,88.88,5.2,0.0,9.18,0.0,0.0,2026-08-14,1.09,2.15,100.0,52.49,18.06,-86.55,-7.26,10.5,2,2026-04-16 to 2026-08-03 (75 days),-1.0,54.4,0.3598,87.52,66.2,BULLISH,MEDIUM,Earnings in 1d (2026-08-05); Last surprise: +12.1%; Earnings conf adj: -2,5.21,-1.0,1.0,1,2026-08-05,12.12,-2
2026-08-04T13:01:38,2026-08-04,HON,HOLD,0,Stochastic Oscillator,HIGH,5,44.38,246.77,4.39,0.0,6.58,0.0,0.0,2026-09-13,2.66,4.65,100.0,228.34,104.86,93.75,-9.52,40.0,2,2026-04-16 to 2026-08-03 (75 days),-1.0,62.1,0.2996,234.18,226.09,BULLISH,MEDIUM,Strong trend (ADX=38); Last surprise: +7.1%; Earnings conf adj: +1,6.26,-1.0,1.0,79,2026-10-22,7.14,1
2026-08-04T13:03:35,2026-08-04,CART,HOLD,0,ADX Trend Following,MEDIUM,2,44.34,45.39,5.31,0.0,10.0,0.0,0.0,2026-08-17,1.03,1.5,75.0,10.5,24.94,-8.1,-5.54,13.2,4,2026-04-16 to 2026-08-03 (75 days),-1.0,51.0,0.3496,44.28,40.99,BULLISH,MEDIUM,Earnings in 2d (2026-08-06); Last surprise: -6.7%; Earnings conf adj: -2,5.36,-1.0,1.0,2,2026-08-06,-6.74,-2
2026-08-04T13:00:55,2026-08-04,CBRE,HOLD,0,VWAP Trend,MEDIUM,2,44.24,148.43,5.08,0.0,7.62,0.0,0.0,2026-08-12,-0.45,-0.6,57.1,0.81,-12.09,-13.55,-13.01,8.9,7,2026-04-16 to 2026-08-03 (75 days),-1.0,61.8,0.3726,136.14,147.96,BEARISH,MEDIUM,Strong trend (ADX=37); Last surprise: +6.1%; Earnings conf adj: +1,5.03,-1.0,1.0,79,2026-10-22,6.12,1
2026-08-04T13:03:09,2026-08-04,NTNX,HOLD,0,VWAP Trend,HIGH,5,44.18,61.06,5.03,0.0,7.46,0.0,0.0,2026-08-12,2.79,5.71,75.0,3.08,123.97,-215.24,-17.06,8.2,8,2026-04-16 to 2026-08-03 (75 days),-1.0,72.6,0.3307,52.31,49.2,BULLISH,MEDIUM,RSI overbought; Price at statistical extreme; Strong trend (ADX=41); Last surprise: +34.3%; Earnings conf adj: +1,5.67,-1.0,1.0,22,2026-08-26,34.29,1
2026-08-04T13:04:01,2026-08-04,DBX,BUY,1,Momentum (Rate of Change),MEDIUM,3,44.1,33.05,5.32,31.29,10.64,36.57,7.49,2026-09-14,2.34,4.45,100.0,299.5,154.92,-38.21,-10.69,41.0,2,2026-04-16 to 2026-08-03 (75 days),0.46,68.0,0.3762,28.42,27.04,BULLISH,MEDIUM,Earnings in 2d (2026-08-06); Last surprise: +8.6%; Earnings conf adj: -1; Size: Kelly 10.0% / VolTgt 5.0% / Blend 7.5%,4.98,-1.0,1.0,2,2026-08-06,8.57,-1
2026-08-04T13:03:00,2026-08-04,USFD,HOLD,0,VWAP Trend,LOW,0,44.08,99.67,4.34,0.0,3.4,0.0,0.0,2026-08-06,0.35,0.59,60.0,1.27,4.03,-38.6,-9.07,2.1,10,2026-04-16 to 2026-08-03 (75 days),-1.0,54.7,0.2982,93.93,86.37,BULLISH,MEDIUM,Earnings in 2d (2026-08-06); Last surprise: -3.7%; Earnings conf adj: -2,6.29,-1.0,1.0,2,2026-08-06,-3.7,-2
2026-08-04T13:04:31,2026-08-04,BDC,HOLD,0,MACD Crossover,HIGH,5,44.07,122.73,8.39,0.0,12.59,0.0,0.0,2026-08-26,2.17,5.48,100.0,242.18,114.11,123.45,-10.85,22.5,2,2026-04-16 to 2026-08-03 (75 days),-1.0,65.4,0.6939,110.35,118.45,BEARISH,HIGH,Price at statistical extreme; Strong trend (ADX=41); Last surprise: +15.8%; Earnings conf adj: +1,2.7,-1.0,1.0,86,2026-10-29,15.84,1
2026-08-04T13:04:36,2026-08-04,TCBI,HOLD,0,Stochastic Oscillator,HIGH,4,43.99,101.29,3.74,0.0,5.61,0.0,0.0,2026-08-28,2.29,4.39,100.0,95.06,34.61,37.75,-3.2,24.0,2,2026-04-16 to 2026-08-03 (75 days),-1.0,50.5,0.281,101.28,96.3,BULLISH,MEDIUM,Strong trend (ADX=32); Last surprise: +1.1%,6.67,-1.0,1.0,78,2026-10-21,1.08,0
2026-08-04T13:02:12,2026-08-04,ODFL,HOLD,0,Stochastic Oscillator,HIGH,5,43.8,211.52,5.68,0.0,8.52,0.0,0.0,2026-08-29,2.32,5.3,100.0,147.0,57.34,60.15,-6.08,25.0,2,2026-04-16 to 2026-08-03 (75 days),-1.0,36.3,0.3482,226.34,188.23,BULLISH,MEDIUM,Strong trend (ADX=39); Last surprise: +9.8%; Earnings conf adj: +1,5.39,-1.0,1.0,85,2026-10-28,9.8,1
2026-08-04T13:02:03,2026-08-04,MPC,HOLD,0,Stochastic Oscillator,LOW,1,43.68,307.03,4.42,0.0,6.63,0.0,0.0,2026-08-20,5.37,24.85,100.0,314.83,161.05,-25.52,-1.37,16.5,2,2026-04-16 to 2026-08-03 (75 days),-1.0,59.2,0.3345,275.02,221.33,BULLISH,MEDIUM,Strong trend (ADX=39); EARNINGS TODAY (2026-08-04); Last surprise: +120.0%; Earnings conf adj: -3,5.6,-1.0,1.0,0,2026-08-04,120.0,-3
2026-08-04T13:00:32,2026-08-04,ACGL,HOLD,0,VWAP Trend,HIGH,4,43.63,101.12,4.31,0.0,6.02,0.0,0.0,2026-08-11,2.97,5.78,55.6,6.3,69.44,54.63,-4.39,7.3,9,2026-04-16 to 2026-08-03 (75 days),-1.0,52.1,0.2831,96.59,94.81,BULLISH,MEDIUM,Last surprise: +4.1%,6.62,-1.0,1.0,83,2026-10-26,4.07,0
2026-08-04T13:03:29,2026-08-04,AHR,HOLD,0,MACD Crossover,LOW,1,43.52,55.12,3.91,0.0,7.82,0.0,0.0,2026-08-23,2.81,5.54,100.0,149.79,59.14,22.92,-3.55,19.0,2,2026-04-16 to 2026-08-03 (75 days),-1.0,52.1,0.2597,51.6,49.13,BULLISH,MEDIUM,Strong trend (ADX=36); Earnings in 2d (2026-08-06); Last surprise: -6.7%; Earnings conf adj: -3,7.0,-1.0,1.0,2,2026-08-06,-6.67,-3
2026-08-04T13:01:27,2026-08-04,FICO,HOLD,0,VWAP Trend,HIGH,4,43.47,1045.46,12.0,0.0,18.0,0.0,0.0,2026-08-25,2.38,3.91,75.0,3.7,138.06,145.64,-16.02,21.8,4,2026-04-16 to 2026-08-03 (75 days),-1.0,35.1,0.76,1214.27,1372.75,BEARISH,HIGH,High volume; Price at statistical extreme; Last surprise: +3.4%,2.47,-1.0,1.0,-6,2026-07-29,3.4,0
2026-08-04T13:01:01,2026-08-04,CMG,HOLD,0,ADX Trend Following,LOW,1,43.46,37.46,8.44,0.0,12.66,0.0,0.0,2026-08-16,-0.16,-0.22,66.7,0.99,-9.21,-34.26,-18.35,12.7,6,2026-04-16 to 2026-08-03 (75 days),-1.0,63.1,0.6097,32.89,34.91,BEARISH,HIGH,Strong trend (ADX=33); Last surprise: +3.1%,3.08,-1.0,1.0,-6,2026-07-29,3.13,0
2026-08-04T13:03:04,2026-08-04,STRL,BUY,1,VWAP Trend,HIGH,4,43.31,611.47,12.0,538.09,13.54,694.26,5.86,2026-08-06,1.75,3.18,62.5,2.69,112.58,-91.52,-16.05,2.5,8,2026-04-16 to 2026-08-03 (75 days),0.218,43.5,1.0875,761.08,505.05,BULLISH,HIGH,High volume; Strong trend (ADX=33); Last surprise: +63.9%; Size: Kelly 10.0% / VolTgt 1.7% / Blend 5.9%,1.72,-1.0,1.0,90,2026-11-02,63.93,0
2026-08-04T13:03:24,2026-08-04,WBS,HOLD,0,ADX Trend Following,MEDIUM,2,43.23,77.92,1.5,0.0,3.0,0.0,0.0,2026-08-19,0.45,0.6,100.0,10.52,2.58,-29.77,-2.77,15.0,2,2026-04-16 to 2026-08-03 (75 days),-1.0,61.1,0.1659,75.04,67.85,BULLISH,LOW,Price at statistical extreme; Last surprise: -0.6%,10.0,-1.0,1.0,79,2026-10-22,-0.62,0
2026-08-04T13:00:58,2026-08-04,CHD,HOLD,0,Multi-Factor Momentum MR,MEDIUM,3,43.11,100.01,3.8,0.0,7.6,0.0,0.0,2026-10-06,0.92,1.33,100.0,48.42,17.06,-5.4,-4.76,63.0,1,2026-04-16 to 2026-08-03 (75 days),-1.0,56.8,0.2393,97.16,92.75,BULLISH,MEDIUM,Last surprise: -1.1%,7.83,-1.0,1.0,87,2026-10-30,-1.11,0
2026-08-04T13:03:40,2026-08-04,R,HOLD,0,Stochastic Oscillator,HIGH,4,42.99,262.36,4.7,0.0,6.02,0.0,0.0,2026-08-12,3.12,10.65,100.0,102.95,34.27,-46.46,-1.44,8.0,2,2026-04-16 to 2026-08-03 (75 days),-1.0,47.9,0.2705,264.19,215.2,BULLISH,MEDIUM,Strong trend (ADX=34); Last surprise: +1.1%,6.93,-1.0,1.0,79,2026-10-22,1.08,0
2026-08-04T13:04:50,2026-08-04,CMC,HOLD,0,Momentum (Rate of Change),HIGH,4,42.98,70.21,4.49,0.0,13.47,0.0,0.0,2026-09-07,2.28,4.12,100.0,206.73,84.46,46.16,-4.7,34.0,2,2026-04-16 to 2026-08-03 (75 days),-1.0,56.8,0.3539,69.94,68.1,BULLISH,MEDIUM,Last surprise: +1.2%,5.3,-1.0,1.0,72,2026-10-15,1.17,0
2026-08-04T13:02:41,2026-08-04,TSLA,HOLD,0,EMA Crossover (9/21),MEDIUM,2,42.91,322.08,10.14,0.0,15.21,0.0,0.0,2026-08-19,0.66,0.96,75.0,2.84,17.6,64.98,-12.19,15.0,4,2026-04-16 to 2026-08-03 (75 days),-1.0,36.8,0.6163,388.86,411.06,BEARISH,HIGH,Strong trend (ADX=53); Last surprise: -38.9%; Earnings conf adj: -1,3.04,-1.0,1.0,78,2026-10-21,-38.89,-1
2026-08-04T13:01:50,2026-08-04,KHC,HOLD,0,Stochastic Oscillator,MEDIUM,3,42.88,26.42,4.82,0.0,7.23,0.0,0.0,2026-09-06,3.01,5.64,100.0,205.31,91.16,9.95,-8.17,33.0,2,2026-04-16 to 2026-08-03 (75 days),-1.0,57.3,0.3269,24.43,23.38,BULLISH,MEDIUM,Strong trend (ADX=31); Earnings in 1d (2026-08-05); Last surprise: +16.0%; Earnings conf adj: -1,5.74,-1.0,1.0,1,2026-08-05,16.0,-1
2026-08-04T13:02:00,2026-08-04,MET,BUY,1,PEAD Earnings Drift,MEDIUM,3,42.87,96.31,2.1,94.29,5.25,101.37,10.0,2026-09-24,3.89,6.79,100.0,265.83,123.99,4.96,-4.77,51.0,2,2026-04-16 to 2026-08-03 (75 days),0.651,66.2,0.1822,88.75,79.13,BULLISH,LOW,Strong trend (ADX=42); Earnings in 1d (2026-08-05); Last surprise: +6.6%; Earnings conf adj: -1; Size: Kelly 10.0% / VolTgt 10.0% / Blend 10.0%,10.0,-1.0,1.0,1,2026-08-05,6.61,-1
2026-08-04T13:02:51,2026-08-04,WBD,HOLD,0,Stochastic Oscillator,LOW,0,42.83,26.09,3.21,0.0,4.81,0.0,0.0,2026-08-30,0.54,0.88,66.7,7.08,7.0,22.26,-4.45,26.0,3,2026-04-16 to 2026-08-03 (75 days),-1.0,47.7,0.241,26.58,26.51,BULLISH,MEDIUM,Earnings in 2d (2026-08-06); Last surprise: -1070.0%; Earnings conf adj: -3,7.0,-1.0,1.0,2,2026-08-06,-1070.0,-3
2026-08-04T13:02:07,2026-08-04,NDSN,HOLD,0,Stochastic Oscillator,HIGH,4,42.82,302.62,3.11,0.0,4.67,0.0,0.0,2026-09-07,2.58,4.26,100.0,156.25,62.66,25.69,-3.98,34.5,2,2026-04-16 to 2026-08-03 (75 days),-1.0,61.0,0.2104,290.81,267.83,BULLISH,MEDIUM,Last surprise: +1.4%,8.91,-1.0,1.0,15,2026-08-19,1.42,0
2026-08-04T13:04:54,2026-08-04,FN,HOLD,0,VWAP Trend,HIGH,4,42.81,455.94,12.0,0.0,6.98,0.0,0.0,2026-08-05,2.24,4.77,55.6,3.11,131.01,204.41,-8.51,1.6,9,2026-04-16 to 2026-08-03 (75 days),-1.0,42.1,0.7004,556.51,530.47,BULLISH,HIGH,Strong trend (ADX=35); Last surprise: +4.5%,2.68,-1.0,1.0,13,2026-08-17,4.49,0
2026-08-04T13:01:49,2026-08-04,KEY,HOLD,0,Stochastic Oscillator,HIGH,4,42.7,22.81,2.98,0.0,4.47,0.0,0.0,2026-08-20,2.48,5.53,100.0,102.01,34.44,11.3,-4.0,16.0,2,2026-04-16 to 2026-08-03 (75 days),-1.0,50.1,0.2275,22.54,20.56,BULLISH,MEDIUM,Strong trend (ADX=36); Last surprise: +4.8%,8.24,-1.0,1.0,77,2026-10-20,4.76,0
2026-08-04T13:03:41,2026-08-04,SARO,HOLD,0,Stochastic Oscillator,MEDIUM,3,42.65,29.97,4.96,0.0,7.44,0.0,0.0,2026-08-21,2.88,5.47,100.0,195.11,84.86,22.83,-4.74,17.0,2,2026-04-16 to 2026-08-03 (75 days),-1.0,61.3,0.3971,27.63,27.89,BEARISH,MEDIUM,Earnings in 2d (2026-08-06); Last surprise: +17.9%; Earnings conf adj: -1,4.72,-1.0,1.0,2,2026-08-06,17.86,-1
2026-08-04T13:04:06,2026-08-04,HIMS,HOLD,0,ADX Trend Following,MEDIUM,3,42.55,30.82,12.0,0.0,24.0,0.0,0.0,2026-08-20,2.08,3.51,100.0,267.09,133.28,76.15,-12.2,16.0,3,2026-04-16 to 2026-08-03 (75 days),-1.0,49.3,1.07,30.88,30.22,BULLISH,HIGH,Last surprise: -246.2%; Earnings conf adj: -1,1.75,-1.0,1.0,6,2026-08-10,-246.15,-1
2026-08-04T13:04:23,2026-08-04,FOUR,HOLD,0,ADX Trend Following,LOW,1,42.54,54.28,10.67,0.0,16.0,0.0,0.0,2026-08-25,0.59,0.93,75.0,1.57,19.24,-28.01,-20.06,21.5,4,2026-04-16 to 2026-08-03 (75 days),-1.0,61.1,0.5992,45.93,54.79,BEARISH,HIGH,Strong trend (ADX=33); Earnings in 2d (2026-08-06); Last surprise: +1.0%; Earnings conf adj: -2,3.13,-1.0,1.0,2,2026-08-06,1.04,-2
2026-08-04T13:03:06,2026-08-04,WCC,HOLD,0,ADX Trend Following,HIGH,5,42.52,361.33,8.51,0.0,15.24,0.0,0.0,2026-08-15,1.45,2.88,100.0,114.82,43.41,-29.95,-8.51,11.0,2,2026-04-16 to 2026-08-03 (75 days),-1.0,60.3,0.5836,343.69,295.64,BULLISH,HIGH,Price at statistical extreme; Last surprise: +15.1%; Earnings conf adj: +1,3.21,-1.0,1.0,86,2026-10-29,15.11,1
2026-08-04T13:02:37,2026-08-04,TEL,HOLD,0,Stochastic Oscillator,HIGH,4,42.48,204.97,5.91,0.0,8.87,0.0,0.0,2026-09-02,1.23,2.03,100.0,73.42,25.51,63.25,-9.3,29.0,2,2026-04-16 to 2026-08-03 (75 days),-1.0,50.5,0.2963,205.88,218.66,BEARISH,MEDIUM,Last surprise: +3.5%,6.33,-1.0,1.0,85,2026-10-28,3.52,0
2026-08-04T13:01:17,2026-08-04,ECL,HOLD,0,Stochastic Oscillator,HIGH,4,42.4,279.43,3.61,0.0,5.42,0.0,0.0,2026-09-08,2.2,3.88,100.0,136.43,54.01,39.45,-6.72,35.5,2,2026-04-16 to 2026-08-03 (75 days),-1.0,56.8,0.2622,268.81,269.64,BEARISH,MEDIUM,Last surprise: +0.5%,7.15,-1.0,1.0,84,2026-10-27,0.48,0
2026-08-04T13:02:13,2026-08-04,OMC,EXIT,-1,VWAP Trend,HIGH,4,42.38,79.27,8.21,85.78,11.15,70.43,7.18,2026-08-14,1.22,1.92,85.7,118.78,36.74,30.75,-8.72,10.9,7,2026-04-16 to 2026-08-03 (75 days),-1.0,49.4,0.4288,77.11,75.62,BULLISH,HIGH,Last surprise: -0.4%; Size: Kelly 10.0% / VolTgt 4.4% / Blend 7.2%,4.37,-1.0,1.0,77,2026-10-20,-0.38,0
2026-08-04T13:00:48,2026-08-04,BF-B,HOLD,0,Stochastic Oscillator,MEDIUM,3,42.36,27.81,7.01,0.0,10.52,0.0,0.0,2026-08-30,1.96,3.65,100.0,152.2,61.33,76.69,-10.55,26.5,2,2026-04-16 to 2026-08-03 (75 days),-1.0,55.3,0.4407,26.42,26.87,BEARISH,HIGH,Strong trend (ADX=35); Last surprise: -62.5%; Earnings conf adj: -1,4.25,-1.0,1.0,23,2026-08-27,-62.5,-1
2026-08-04T13:03:53,2026-08-04,TTEK,HOLD,0,ADX Trend Following,HIGH,4,42.24,33.83,5.41,0.0,8.12,0.0,0.0,2026-09-04,2.31,3.89,100.0,178.2,74.51,47.63,-4.75,31.0,2,2026-04-16 to 2026-08-03 (75 days),-1.0,66.5,0.3279,29.6,32.53,BEARISH,MEDIUM,Last surprise: +5.0%,5.72,-1.0,1.0,-6,2026-07-29,5.0,0
2026-08-04T13:02:32,2026-08-04,SPG,HOLD,0,Momentum (Rate of Change),MEDIUM,3,42.13,229.16,2.74,0.0,5.48,0.0,0.0,2026-09-22,1.54,2.29,100.0,91.56,33.87,-27.37,-4.19,49.0,2,2026-04-16 to 2026-08-03 (75 days),-1.0,56.5,0.2263,218.34,193.99,BULLISH,MEDIUM,Last surprise: -18.1%; Earnings conf adj: -1,8.29,-1.0,1.0,6,2026-08-10,-18.12,-1
2026-08-04T13:01:38,2026-08-04,HLT,HOLD,0,EMA Crossover (9/21),HIGH,4,42.11,314.34,3.82,0.0,8.19,0.0,0.0,2026-08-23,1.37,2.24,100.0,55.76,19.27,34.73,-5.64,19.0,2,2026-04-16 to 2026-08-03 (75 days),-1.0,36.4,0.2387,332.92,305.9,BULLISH,MEDIUM,Last surprise: +0.9%,7.85,-1.0,1.0,85,2026-10-28,0.88,0
2026-08-04T13:02:30,2026-08-04,SLB,BUY,1,PEAD Earnings Drift,HIGH,5,42.11,49.31,6.98,45.87,8.36,53.43,7.07,2026-08-09,2.02,6.68,100.0,44.65,14.54,28.07,-0.97,5.5,2,2026-04-16 to 2026-08-03 (75 days),0.397,51.5,0.4528,50.64,46.5,BULLISH,HIGH,Last surprise: +5.8%; Earnings conf adj: +1; Size: Kelly 10.0% / VolTgt 4.1% / Blend 7.1%,4.14,-1.0,1.0,80,2026-10-23,5.77,1
2026-08-04T13:04:41,2026-08-04,DOCS,HOLD,0,Stochastic Oscillator,LOW,1,42.06,21.66,5.97,0.0,8.96,0.0,0.0,2026-09-03,1.81,3.03,100.0,166.49,69.11,101.04,-11.97,30.5,2,2026-04-16 to 2026-08-03 (75 days),-1.0,53.0,0.3604,21.03,33.27,BEARISH,MEDIUM,Earnings in 2d (2026-08-06); Last surprise: -7.1%; Earnings conf adj: -3,5.2,-1.0,1.0,2,2026-08-06,-7.14,-3
2026-08-04T13:01:22,2026-08-04,EXC,HOLD,0,VWAP Trend,HIGH,4,42.04,45.63,3.63,0.0,2.35,0.0,0.0,2026-08-05,1.92,3.82,66.7,2.28,17.17,27.71,-1.89,1.9,12,2026-04-16 to 2026-08-03 (75 days),-1.0,43.5,0.2168,46.19,45.63,BULLISH,MEDIUM,Last surprise: -4.4%,8.65,-1.0,1.0,-5,2026-07-30,-4.44,0
2026-08-04T13:03:34,2026-08-04,MANH,HOLD,0,Stochastic Oscillator,HIGH,5,42.02,187.24,12.0,0.0,18.0,0.0,0.0,2026-08-21,4.33,12.39,100.0,394.98,233.7,-13.63,-4.74,17.5,2,2026-04-16 to 2026-08-03 (75 days),-1.0,64.7,0.9184,151.24,155.57,BEARISH,HIGH,Strong trend (ADX=45); Last surprise: +5.3%; Earnings conf adj: +1,2.04,-1.0,1.0,84,2026-10-27,5.3,1
2026-08-04T13:03:40,2026-08-04,ZION,BUY,1,VWAP Trend,HIGH,5,41.99,70.84,3.45,68.4,2.98,72.95,8.59,2026-08-06,2.09,3.66,70.0,2.89,24.68,-41.03,-2.81,2.1,10,2026-04-16 to 2026-08-03 (75 days),0.714,57.1,0.2611,67.46,59.71,BULLISH,MEDIUM,Last surprise: +58.9%; Earnings conf adj: +1; Size: Kelly 10.0% / VolTgt 7.2% / Blend 8.6%,7.18,-1.0,1.0,76,2026-10-19,58.85,1
2026-08-04T13:02:01,2026-08-04,MMM,HOLD,0,Stochastic Oscillator,HIGH,5,41.94,177.23,4.57,0.0,6.86,0.0,0.0,2026-08-29,2.42,5.24,100.0,169.76,69.46,-7.93,-3.61,25.5,2,2026-04-16 to 2026-08-03 (75 days),-1.0,65.9,0.3473,161.27,158.22,BULLISH,MEDIUM,Strong trend (ADX=49); Last surprise: +6.7%; Earnings conf adj: +1,5.4,-1.0,1.0,77,2026-10-20,6.67,1
2026-08-04T13:03:31,2026-08-04,EHC,HOLD,0,MACD Crossover,MEDIUM,2,41.91,112.47,3.94,0.0,5.91,0.0,0.0,2026-08-27,2.1,4.49,100.0,108.76,40.95,15.77,-4.43,23.5,2,2026-04-16 to 2026-08-03 (75 days),-1.0,57.7,0.2313,105.91,106.69,BEARISH,MEDIUM,Earnings in 1d (2026-08-05); Last surprise: +7.4%; Earnings conf adj: -2,8.11,-1.0,1.0,1,2026-08-05,7.38,-2
2026-08-04T13:01:05,2026-08-04,CPAY,EXIT,-1,Stochastic Oscillator,MEDIUM,3,41.88,385.78,4.3,402.37,6.45,360.9,8.36,2026-08-18,2.08,6.15,100.0,178.33,69.61,2.99,-4.28,14.5,2,2026-04-16 to 2026-08-03 (75 days),-1.0,62.2,0.2788,356.94,321.28,BULLISH,MEDIUM,Strong trend (ADX=31); Earnings in 1d (2026-08-05); Last surprise: +6.0%; Earnings conf adj: -1; Size: Kelly 10.0% / VolTgt 6.7% / Blend 8.4%,6.73,-1.0,1.0,1,2026-08-05,6.03,-1
2026-08-04T13:00:31,2026-08-04,ABT,HOLD,0,ADX Trend Following,HIGH,4,41.77,107.12,6.8,0.0,10.2,0.0,0.0,2026-08-31,2.59,6.21,100.0,219.5,98.21,46.58,-7.18,27.5,2,2026-04-16 to 2026-08-03 (75 days),-1.0,69.3,0.4535,93.22,106.85,BEARISH,HIGH,Strong trend (ADX=44); Last surprise: +2.3%,4.13,-1.0,1.0,71,2026-10-14,2.34,0
2026-08-04T13:04:03,2026-08-04,MSA,HOLD,0,MACD Crossover,HIGH,5,41.76,192.46,4.55,0.0,6.82,0.0,0.0,2026-08-26,1.26,2.47,66.7,2.55,31.38,-38.73,-7.25,22.0,3,2026-04-16 to 2026-08-03 (75 days),-1.0,73.7,0.3821,168.91,170.5,BEARISH,MEDIUM,RSI overbought; Price at statistical extreme; Strong trend (ADX=48); Last surprise: +12.1%; Earnings conf adj: +1,4.91,-1.0,1.0,84,2026-10-27,12.15,1
2026-08-04T13:03:59,2026-08-04,AXTA,HOLD,0,Stochastic Oscillator,HIGH,5,41.68,36.28,4.62,0.0,6.93,0.0,0.0,2026-09-01,3.06,5.3,100.0,249.62,117.82,-3.27,-7.96,28.0,2,2026-04-16 to 2026-08-03 (75 days),-1.0,65.9,0.3869,32.92,30.87,BULLISH,MEDIUM,Strong trend (ADX=41); Last surprise: +10.8%; Earnings conf adj: +1,4.85,-1.0,1.0,85,2026-10-28,10.77,1
2026-08-04T13:03:02,2026-08-04,RS,HOLD,0,SMA Crossover (10/50),HIGH,5,41.64,409.39,4.76,0.0,13.84,0.0,0.0,2026-09-22,2.96,4.8,100.0,235.33,110.29,-25.47,-10.02,49.0,2,2026-04-16 to 2026-08-03 (75 days),-1.0,60.2,0.2512,391.37,329.54,BULLISH,MEDIUM,Strong trend (ADX=35); Last surprise: +14.6%; Earnings conf adj: +1,7.47,-1.0,1.0,78,2026-10-21,14.63,1
2026-08-04T13:03:16,2026-08-04,RPM,HOLD,0,VWAP Trend,HIGH,4,41.57,111.49,7.58,0.0,8.92,0.0,0.0,2026-08-10,1.67,2.82,66.7,2.83,46.27,23.98,-7.42,6.9,9,2026-04-16 to 2026-08-03 (75 days),-1.0,58.7,0.4312,106.13,105.46,BULLISH,HIGH,Last surprise: +3.3%,4.35,-1.0,1.0,58,2026-10-01,3.28,0
2026-08-04T13:02:32,2026-08-04,STLD,HOLD,0,MACD Crossover,HIGH,4,41.56,258.38,4.88,0.0,10.05,0.0,0.0,2026-08-22,2.53,4.39,100.0,147.04,60.17,-99.19,-5.25,18.0,2,2026-04-16 to 2026-08-03 (75 days),-1.0,62.3,0.3008,248.73,198.26,BULLISH,MEDIUM,Strong trend (ADX=37); Last surprise: +0.5%,6.23,-1.0,1.0,76,2026-10-19,0.54,0
2026-08-04T13:03:49,2026-08-04,ALV,HOLD,0,Stochastic Oscillator,HIGH,4,41.49,123.78,4.4,0.0,6.6,0.0,0.0,2026-08-20,2.9,5.84,100.0,148.2,55.97,8.75,-6.18,16.0,2,2026-04-16 to 2026-08-03 (75 days),-1.0,55.8,0.2977,122.22,117.65,BULLISH,MEDIUM,Last surprise: -1.2%,6.3,-1.0,1.0,80,2026-10-23,-1.22,0
2026-08-04T13:02:08,2026-08-04,NKE,HOLD,0,Stochastic Oscillator,HIGH,5,41.41,42.64,4.57,0.0,6.86,0.0,0.0,2026-08-30,2.49,5.13,100.0,167.86,69.85,88.44,-8.03,26.5,2,2026-04-16 to 2026-08-03 (75 days),-1.0,48.9,0.3159,43.46,53.78,BEARISH,MEDIUM,Last surprise: +453.8%; Earnings conf adj: +1,5.94,-1.0,1.0,56,2026-09-29,453.85,1
2026-08-04T13:04:30,2026-08-04,CAR,HOLD,0,VWAP Trend,MEDIUM,2,41.35,138.88,12.0,0.0,11.67,0.0,0.0,2026-08-11,0.66,0.9,66.7,1.81,16.72,114.88,-15.63,7.8,6,2026-04-16 to 2026-08-03 (75 days),-1.0,34.5,0.5306,166.73,158.1,BULLISH,HIGH,Price at statistical extreme; Last surprise: -47.0%; Earnings conf adj: -1,3.53,-1.0,1.0,84,2026-10-27,-47.03,-1
2026-08-04T13:01:45,2026-08-04,IQV,HOLD,0,Stochastic Oscillator,HIGH,4,41.25,233.36,8.05,0.0,12.08,0.0,0.0,2026-08-27,3.26,9.13,100.0,348.65,189.4,6.5,-9.35,23.0,2,2026-04-16 to 2026-08-03 (75 days),-1.0,66.4,0.5836,195.19,197.6,BEARISH,HIGH,Strong trend (ADX=45); Last surprise: +4.0%,3.21,-1.0,1.0,-7,2026-07-28,3.96,0
2026-08-04T13:02:54,2026-08-04,WTW,HOLD,0,MACD Crossover,HIGH,5,41.18,341.63,4.37,0.0,6.55,0.0,0.0,2026-09-07,2.7,6.11,100.0,199.34,88.74,23.45,-4.15,34.5,2,2026-04-16 to 2026-08-03 (75 days),-1.0,81.6,0.3474,276.45,296.67,BEARISH,MEDIUM,RSI overbought; Price at statistical extreme; Strong trend (ADX=53); Last surprise: +7.7%; Earnings conf adj: +1,5.4,-1.0,1.0,86,2026-10-29,7.72,1
2026-08-04T13:03:19,2026-08-04,PINS,EXIT,-1,Stochastic Oscillator,LOW,1,41.18,24.16,5.48,25.48,8.22,22.17,6.12,2026-08-19,2.36,4.62,100.0,215.73,89.16,2.68,-6.09,15.5,2,2026-04-16 to 2026-08-03 (75 days),-1.0,62.9,0.3574,21.71,22.86,BEARISH,MEDIUM,EARNINGS TODAY (2026-08-04); Last surprise: +22.7%; Earnings conf adj: -3; Size: Kelly 7.0% / VolTgt 5.2% / Blend 6.1%,5.25,-1.0,1.0,0,2026-08-04,22.73,-3
2026-08-04T13:00:54,2026-08-04,CAH,HOLD,0,Stochastic Oscillator,HIGH,4,41.14,235.6,3.23,0.0,4.84,0.0,0.0,2026-08-13,3.22,11.09,100.0,130.07,44.93,3.13,-2.34,9.5,2,2026-04-16 to 2026-08-03 (75 days),-1.0,59.5,0.2458,222.16,208.29,BULLISH,MEDIUM,Last surprise: +13.6%,7.63,-1.0,1.0,7,2026-08-11,13.62,0
2026-08-04T13:00:35,2026-08-04,AES,HOLD,0,EMA Crossover (9/21),LOW,1,41.13,14.71,1.5,0.0,1.87,0.0,0.0,2026-09-25,2.28,4.22,100.0,28.03,9.16,-4.87,-1.09,52.5,2,2026-04-16 to 2026-08-03 (75 days),-1.0,67.8,0.0328,14.54,14.17,BULLISH,LOW,Strong trend (ADX=35); EARNINGS TODAY (2026-08-04); Last surprise: +108.1%; Earnings conf adj: -3,7.0,-1.0,1.0,0,2026-08-04,108.11,-3
2026-08-04T13:01:31,2026-08-04,GDDY,HOLD,0,VWAP Trend,HIGH,4,41.07,88.45,12.0,0.0,18.0,0.0,0.0,2026-08-24,1.72,2.98,50.0,2.57,94.45,76.48,-21.52,20.8,4,2026-04-16 to 2026-08-03 (75 days),-1.0,47.7,0.8503,86.9,100.37,BEARISH,HIGH,High volume; Strong trend (ADX=31); Last surprise: +8.3%; Earnings conf adj: +1,2.21,-1.0,1.0,86,2026-10-29,8.28,1
2026-08-04T13:01:24,2026-08-04,F,HOLD,0,Stochastic Oscillator,HIGH,5,41.0,14.43,5.64,0.0,8.46,0.0,0.0,2026-09-05,3.0,6.62,100.0,406.04,217.67,144.69,-10.01,32.0,2,2026-04-16 to 2026-08-03 (75 days),-1.0,51.2,0.2704,14.55,13.17,BULLISH,MEDIUM,Strong trend (ADX=40); Last surprise: +20.0%; Earnings conf adj: +1,6.93,-1.0,1.0,79,2026-10-22,20.0,1
2026-08-04T13:04:15,2026-08-04,MIDD,HOLD,0,Stochastic Oscillator,HIGH,5,40.99,135.81,4.38,0.0,6.57,0.0,0.0,2026-08-17,3.59,10.24,100.0,107.32,39.69,-52.0,-2.19,13.0,2,2026-04-16 to 2026-08-03 (75 days),-1.0,54.6,0.3373,131.73,118.67,BULLISH,MEDIUM,Last surprise: +11.3%; Earnings conf adj: +1,5.56,-1.0,1.0,7,2026-08-11,11.34,1
2026-08-04T13:04:18,2026-08-04,GXO,HOLD,0,ADX Trend Following,LOW,0,40.97,50.62,7.5,0.0,11.25,0.0,0.0,2026-08-16,1.5,2.34,50.0,21.22,42.84,76.37,-5.7,12.0,4,2026-04-16 to 2026-08-03 (75 days),-1.0,46.0,0.415,50.56,53.63,BEARISH,HIGH,High volume; EARNINGS TODAY (2026-08-04); Last surprise: +35.1%; Earnings conf adj: -3,4.52,-1.0,1.0,0,2026-08-04,35.14,-3
2026-08-04T13:03:39,2026-08-04,SIRI,HOLD,0,Composite Multi-Indicator,MEDIUM,3,40.95,30.37,5.15,0.0,10.3,0.0,0.0,2026-09-21,3.25,6.71,100.0,263.17,123.41,15.13,-9.57,48.0,2,2026-04-16 to 2026-08-03 (75 days),-1.0,51.5,0.3667,29.38,23.88,BULLISH,MEDIUM,High volume; Last surprise: -10.3%; Earnings conf adj: -1,5.11,-1.0,1.0,-5,2026-07-30,-10.26,-1
2026-08-04T13:01:55,2026-08-04,LMT,HOLD,0,Stochastic Oscillator,HIGH,5,40.92,586.29,6.07,0.0,9.11,0.0,0.0,2026-08-25,1.52,2.82,100.0,78.39,26.39,35.79,-4.49,21.5,2,2026-04-16 to 2026-08-03 (75 days),-1.0,68.7,0.4184,529.54,540.86,BEARISH,HIGH,Strong trend (ADX=33); Last surprise: +10.3%; Earnings conf adj: +1,4.48,-1.0,1.0,77,2026-10-20,10.28,1
2026-08-04T13:00:36,2026-08-04,ALGN,HOLD,0,ADX Trend Following,LOW,1,40.77,172.89,6.45,0.0,9.5,0.0,0.0,2026-08-13,-0.25,-0.34,66.7,0.84,-7.99,12.63,-13.95,9.7,3,2026-04-16 to 2026-08-03 (75 days),-1.0,48.4,0.3875,173.94,166.92,BULLISH,MEDIUM,Last surprise: +1.5%,4.84,-1.0,1.0,85,2026-10-28,1.54,0
2026-08-04T13:04:11,2026-08-04,HLNE,HOLD,1,ADX Trend Following,LOW,0,40.72,94.91,7.62,87.68,8.26,102.75,0.0,2026-08-10,0.22,0.31,57.1,1.13,1.74,27.05,-23.13,6.6,7,2026-04-16 to 2026-08-03 (75 days),-1.0,70.9,0.4082,82.82,107.58,BEARISH,HIGH,RSI overbought; High volume; Price at statistical extreme; EARNINGS TODAY (2026-08-04); Last surprise: +4.2%; Earnings conf adj: -3,4.59,-1.0,1.0,0,2026-08-04,4.2,-3
2026-08-04T13:02:50,2026-08-04,VTR,HOLD,0,MACD Crossover,HIGH,5,40.66,90.85,4.47,0.0,15.27,0.0,0.0,2026-09-07,2.16,3.11,100.0,134.25,52.43,27.05,-8.56,34.5,2,2026-04-16 to 2026-08-03 (75 days),-1.0,44.2,0.3301,88.81,82.13,BULLISH,MEDIUM,Strong trend (ADX=49); Last surprise: +54.5%; Earnings conf adj: +1,5.68,-1.0,1.0,85,2026-10-28,54.55,1
2026-08-04T13:02:27,2026-08-04,RTX,HOLD,0,ADX Trend Following,HIGH,5,40.64,216.65,4.13,0.0,11.27,0.0,0.0,2026-08-23,1.36,2.43,66.7,10.58,33.53,-9.5,-7.93,19.7,3,2026-04-16 to 2026-08-03 (75 days),-1.0,71.5,0.3225,191.26,187.2,BULLISH,MEDIUM,RSI overbought; Strong trend (ADX=40); Last surprise: +13.9%; Earnings conf adj: +1,5.81,-1.0,1.0,77,2026-10-20,13.86,1
2026-08-04T13:02:44,2026-08-04,UHS,HOLD,0,ADX Trend Following,HIGH,4,40.57,169.04,7.98,0.0,8.0,0.0,0.0,2026-08-10,2.53,5.63,66.7,4.95,44.82,61.72,-4.05,6.3,3,2026-04-16 to 2026-08-03 (75 days),-1.0,65.8,0.4048,151.29,191.22,BEARISH,HIGH,Last surprise: -0.5%,4.63,-1.0,1.0,83,2026-10-26,-0.5,0
2026-08-04T13:04:51,2026-08-04,CNO,BUY,1,Momentum (Rate of Change),HIGH,5,40.56,55.26,2.59,53.83,7.77,59.55,10.0,2026-09-22,3.34,6.0,100.0,165.07,69.93,-68.39,-4.1,49.5,2,2026-04-16 to 2026-08-03 (75 days),0.659,70.1,0.174,50.92,44.06,BULLISH,LOW,RSI overbought; Price at statistical extreme; Last surprise: +29.9%; Earnings conf adj: +1; Size: Kelly 10.0% / VolTgt 10.0% / Blend 10.0%,10.0,-1.0,1.0,-5,2026-07-30,29.9,1
2026-08-04T13:00:43,2026-08-04,AVB,HOLD,0,ADX Trend Following,HIGH,4,40.53,188.78,2.93,0.0,8.79,0.0,0.0,2026-09-09,2.29,4.24,100.0,124.08,49.53,0.96,-4.16,36.0,2,2026-04-16 to 2026-08-03 (75 days),-1.0,49.5,0.236,186.98,177.0,BULLISH,MEDIUM,Last surprise: +1.8%,7.94,-1.0,1.0,85,2026-10-28,1.83,0
2026-08-04T13:01:47,2026-08-04,J,HOLD,0,MACD Crossover,LOW,1,40.51,138.72,3.98,0.0,5.97,0.0,0.0,2026-09-05,2.06,3.46,100.0,144.81,58.86,19.55,-6.54,32.5,2,2026-04-16 to 2026-08-03 (75 days),-1.0,63.3,0.301,126.07,133.33,BEARISH,MEDIUM,Strong trend (ADX=35); EARNINGS TODAY (2026-08-04); Last surprise: +7.4%; Earnings conf adj: -3,6.23,-1.0,1.0,0,2026-08-04,7.36,-3
2026-08-04T13:04:32,2026-08-04,TNL,HOLD,0,EMA Crossover (9/21),HIGH,4,40.51,77.04,4.84,0.0,14.52,0.0,0.0,2026-09-05,2.06,3.16,100.0,134.42,53.93,47.1,-7.02,32.0,2,2026-04-16 to 2026-08-03 (75 days),-1.0,56.4,0.3393,73.39,69.46,BULLISH,MEDIUM,Last surprise: +0.0%,5.53,-1.0,1.0,78,2026-10-21,0.0,0
2026-08-04T13:02:59,2026-08-04,BURL,EXIT,-1,Stochastic Oscillator,HIGH,5,40.49,368.23,5.01,386.68,7.51,340.58,7.96,2026-08-27,1.95,3.65,100.0,150.02,56.41,21.58,-10.21,23.0,2,2026-04-16 to 2026-08-03 (75 days),-1.0,64.8,0.3171,333.63,306.52,BULLISH,MEDIUM,Strong trend (ADX=42); Last surprise: +11.7%; Earnings conf adj: +1; Size: Kelly 10.0% / VolTgt 5.9% / Blend 8.0%,5.91,-1.0,1.0,23,2026-08-27,11.67,1
2026-08-04T13:04:53,2026-08-04,DY,HOLD,0,ADX Trend Following,HIGH,5,40.49,414.98,12.0,0.0,28.22,0.0,0.0,2026-08-31,1.18,2.94,100.0,168.07,70.68,57.71,-15.38,27.5,2,2026-04-16 to 2026-08-03 (75 days),-1.0,47.1,0.6833,449.63,384.86,BULLISH,HIGH,Last surprise: +62.5%; Earnings conf adj: +1,2.74,-1.0,1.0,22,2026-08-26,62.5,1
2026-08-04T13:01:16,2026-08-04,EA,HOLD,0,MACD Crossover,LOW,1,40.36,209.91,1.5,0.0,1.46,0.0,0.0,2026-08-27,2.94,5.59,66.7,444.27,9.19,-2.55,-0.7,23.0,3,2026-04-16 to 2026-08-03 (75 days),-1.0,79.4,0.0387,205.11,202.55,BULLISH,LOW,RSI overbought; High volume; Strong trend (ADX=46); EARNINGS TODAY (2026-08-04); Last surprise: -32.6%; Earnings conf adj: -3,7.0,-1.0,1.0,0,2026-08-04,-32.63,-3
2026-08-04T13:00:52,2026-08-04,BRO,HOLD,0,ADX Trend Following,HIGH,4,40.31,71.78,8.06,0.0,12.09,0.0,0.0,2026-08-29,2.27,4.05,100.0,181.5,78.42,61.84,-6.59,25.5,2,2026-04-16 to 2026-08-03 (75 days),-1.0,59.9,0.415,63.68,70.56,BEARISH,HIGH,Strong trend (ADX=36); Last surprise: +0.0%,4.52,-1.0,1.0,83,2026-10-26,0.0,0
2026-08-04T13:04:28,2026-08-04,FFIN,HOLD,0,Multi-Factor Momentum MR,HIGH,4,40.31,35.42,3.14,0.0,9.42,0.0,0.0,2026-09-09,1.82,2.8,100.0,100.74,37.85,-23.9,-5.64,36.5,2,2026-04-16 to 2026-08-03 (75 days),-1.0,58.1,0.2411,33.88,31.75,BULLISH,MEDIUM,Last surprise: +0.0%,7.78,-1.0,1.0,79,2026-10-22,0.0,0
2026-08-04T13:04:54,2026-08-04,GAP,HOLD,0,VWAP Trend,LOW,1,40.31,20.49,4.86,0.0,7.29,0.0,0.0,2026-08-14,-0.07,-0.09,71.4,0.98,-11.84,42.78,-29.18,10.7,7,2026-04-16 to 2026-08-03 (75 days),-1.0,54.9,0.3323,20.53,23.83,BEARISH,MEDIUM,Last surprise: +0.0%,5.64,-1.0,1.0,23,2026-08-27,0.0,0
2026-08-04T13:04:09,2026-08-04,GBCI,HOLD,0,Multi-Factor Momentum MR,HIGH,4,40.25,50.49,3.92,0.0,12.24,0.0,0.0,2026-09-03,1.79,2.77,100.0,101.04,38.62,13.02,-10.46,30.0,2,2026-04-16 to 2026-08-03 (75 days),-1.0,50.4,0.2839,49.65,46.4,BULLISH,MEDIUM,Strong trend (ADX=33); Last surprise: +0.0%,6.6,-1.0,1.0,72,2026-10-15,0.0,0
2026-08-04T13:04:22,2026-08-04,QLYS,BUY,1,VWAP Trend,LOW,1,40.23,154.89,10.87,138.05,12.27,173.9,4.97,2026-08-10,4.3,9.58,70.0,6.61,453.17,-247.37,-7.94,6.0,10,2026-04-16 to 2026-08-03 (75 days),0.31,62.5,0.6363,128.86,118.97,BULLISH,HIGH,EARNINGS TODAY (2026-08-04); Last surprise: +8.3%; Earnings conf adj: -3; Size: Kelly 7.0% / VolTgt 3.0% / Blend 5.0%,2.95,-1.0,1.0,0,2026-08-04,8.33,-3
2026-08-04T13:00:50,2026-08-04,BLK,HOLD,0,ADX Trend Following,HIGH,5,40.14,1126.63,4.42,0.0,6.63,0.0,0.0,2026-08-11,1.62,2.88,71.4,3.56,38.48,-2.19,-6.23,7.1,7,2026-04-16 to 2026-08-03 (75 days),-1.0,64.8,0.3625,1033.67,1045.39,BEARISH,MEDIUM,Strong trend (ADX=33); Last surprise: +9.6%; Earnings conf adj: +1,5.17,-1.0,1.0,71,2026-10-14,9.61,1
2026-08-04T13:02:51,2026-08-04,WELL,HOLD,0,ADX Trend Following,MEDIUM,3,40.09,233.1,3.81,0.0,7.1,0.0,0.0,2026-08-18,2.71,5.22,75.0,10.46,55.11,20.85,-7.62,14.5,4,2026-04-16 to 2026-08-03 (75 days),-1.0,47.2,0.2366,224.27,203.62,BULLISH,MEDIUM,Strong trend (ADX=40); Last surprise: -16.9%; Earnings conf adj: -1,7.92,-1.0,1.0,83,2026-10-26,-16.92,-1
2026-08-04T13:00:49,2026-08-04,BIIB,HOLD,0,VWAP Trend,HIGH,4,40.05,201.82,7.84,0.0,6.27,0.0,0.0,2026-08-06,2.05,5.94,40.0,2.88,52.37,-6.96,-4.65,2.6,10,2026-04-16 to 2026-08-03 (75 days),-1.0,49.1,0.4938,200.8,183.63,BULLISH,HIGH,Last surprise: +77.3%; Earnings conf adj: +1,3.8,-1.0,1.0,86,2026-10-29,77.34,1
2026-08-04T13:04:47,2026-08-04,EEFT,BUY,1,VWAP Trend,HIGH,4,40.03,73.47,9.08,66.8,12.26,82.48,6.84,2026-08-13,1.58,2.38,62.5,2.35,61.7,65.19,-13.2,9.4,8,2026-04-16 to 2026-08-03 (75 days),0.087,44.6,0.5079,72.73,73.06,BEARISH,HIGH,Last surprise: -4.1%; Size: Kelly 10.0% / VolTgt 3.7% / Blend 6.8%,3.69,-1.0,1.0,78,2026-10-21,-4.08,0
2026-08-04T13:02:37,2026-08-04,TFC,HOLD,0,ADX Trend Following,MEDIUM,2,40.01,51.92,3.14,0.0,4.16,0.0,0.0,2026-08-08,0.01,0.01,66.7,1.1,-0.79,-23.32,-6.76,4.7,3,2026-04-16 to 2026-08-03 (75 days),-1.0,53.6,0.2437,50.29,48.18,BULLISH,MEDIUM,Last surprise: +13.9%; Earnings conf adj: +1,7.69,-1.0,1.0,73,2026-10-16,13.89,1
2026-08-04T13:03:25,2026-08-04,SEIC,HOLD,0,ADX Trend Following,HIGH,5,40.0,104.19,3.94,0.0,12.21,0.0,0.0,2026-09-14,2.78,6.06,100.0,198.1,87.4,-75.18,-5.72,41.5,2,2026-04-16 to 2026-08-03 (75 days),-1.0,70.8,0.2408,93.05,85.02,BULLISH,MEDIUM,RSI overbought; Strong trend (ADX=49); Last surprise: +15.3%; Earnings conf adj: +1,7.79,-1.0,1.0,78,2026-10-21,15.28,1
2026-08-04T13:01:19,2026-08-04,EL,HOLD,0,Stochastic Oscillator,HIGH,4,39.97,84.68,4.39,0.0,6.58,0.0,0.0,2026-08-26,1.73,3.99,100.0,159.3,62.2,11.35,-5.99,22.5,2,2026-04-16 to 2026-08-03 (75 days),-1.0,54.9,0.2713,83.95,91.75,BEARISH,MEDIUM,Last surprise: +40.0%,6.91,-1.0,1.0,15,2026-08-19,40.0,0
2026-08-04T13:02:40,2026-08-04,TROW,EXIT,-1,VWAP Trend,MEDIUM,3,39.91,113.51,3.89,117.93,4.37,108.55,7.62,2026-08-06,0.87,1.56,55.6,1.83,6.89,-79.01,-3.58,2.4,9,2026-04-16 to 2026-08-03 (75 days),-1.0,47.0,0.3584,111.15,100.56,BULLISH,MEDIUM,Last surprise: +2.0%; Size: Kelly 10.0% / VolTgt 5.2% / Blend 7.6%,5.23,-1.0,1.0,87,2026-10-30,1.98,0
2026-08-04T13:02:44,2026-08-04,ULTA,HOLD,0,ADX Trend Following,HIGH,4,39.87,534.41,4.05,0.0,4.75,0.0,0.0,2026-08-09,1.3,2.15,50.0,2.05,22.66,25.8,-8.67,5.5,4,2026-04-16 to 2026-08-03 (75 days),-1.0,72.0,0.257,479.91,554.73,BEARISH,MEDIUM,RSI overbought; High volume; Price at statistical extreme; Strong trend (ADX=41); Last surprise: +12.3%; Earnings conf adj: +1,7.3,-1.0,1.0,23,2026-08-27,12.34,1
2026-08-04T13:02:03,2026-08-04,MPWR,HOLD,0,VWAP Trend,HIGH,5,39.79,1344.37,12.0,0.0,8.99,0.0,0.0,2026-08-06,1.36,2.32,66.7,2.42,61.12,74.16,-8.95,2.9,12,2026-04-16 to 2026-08-03 (75 days),-1.0,48.4,0.6707,1440.36,1209.51,BULLISH,HIGH,Last surprise: +10.5%; Earnings conf adj: +1,2.8,-1.0,1.0,86,2026-10-29,10.54,1
2026-08-04T13:02:58,2026-08-04,ILMN,HOLD,0,MACD Crossover,HIGH,5,39.73,198.16,6.16,0.0,10.39,0.0,0.0,2026-08-15,3.08,5.79,80.0,237.51,113.69,-177.88,-7.54,11.8,5,2026-04-16 to 2026-08-03 (75 days),-1.0,59.3,0.3842,176.55,140.22,BULLISH,MEDIUM,Last surprise: +6.5%; Earnings conf adj: +1,4.88,-1.0,1.0,86,2026-10-29,6.5,1
2026-08-04T13:03:08,2026-08-04,JLL,HOLD,0,MACD Crossover,HIGH,5,39.68,366.06,4.83,0.0,7.25,0.0,0.0,2026-08-31,2.08,4.45,100.0,142.74,58.22,21.96,-5.47,27.0,2,2026-04-16 to 2026-08-03 (75 days),-1.0,70.6,0.384,313.11,318.78,BEARISH,MEDIUM,RSI overbought; Price at statistical extreme; Strong trend (ADX=41); Last surprise: +15.6%; Earnings conf adj: +1,4.88,-1.0,1.0,-5,2026-07-30,15.6,1
2026-08-04T13:02:54,2026-08-04,WYNN,HOLD,0,Stochastic Oscillator,LOW,1,39.63,98.36,3.74,0.0,5.61,0.0,0.0,2026-08-29,1.96,3.91,100.0,113.52,41.78,65.6,-6.77,25.5,2,2026-04-16 to 2026-08-03 (75 days),-1.0,49.2,0.2331,100.39,109.61,BEARISH,MEDIUM,EARNINGS TODAY (2026-08-04); Last surprise: +5.9%; Earnings conf adj: -3,7.0,-1.0,1.0,0,2026-08-04,5.93,-3
2026-08-04T13:01:12,2026-08-04,DLR,HOLD,0,Stochastic Oscillator,MEDIUM,3,39.61,191.22,7.75,0.0,11.62,0.0,0.0,2026-09-07,1.38,2.82,100.0,118.96,43.71,54.49,-6.94,34.0,2,2026-04-16 to 2026-08-03 (75 days),-1.0,56.3,0.4691,184.81,174.43,BULLISH,HIGH,Strong trend (ADX=34); Last surprise: -15.1%; Earnings conf adj: -1,4.0,-1.0,1.0,79,2026-10-22,-15.07,-1
2026-08-04T13:02:44,2026-08-04,UAL,HOLD,0,Stochastic Oscillator,HIGH,5,39.61,128.39,7.55,0.0,11.32,0.0,0.0,2026-08-28,2.91,6.83,100.0,318.42,164.42,-14.18,-10.92,24.0,2,2026-04-16 to 2026-08-03 (75 days),-1.0,59.6,0.4227,118.92,105.68,BULLISH,HIGH,Last surprise: +7.6%; Earnings conf adj: +1,4.44,-1.0,1.0,78,2026-10-21,7.57,1
2026-08-04T13:01:59,2026-08-04,MCHP,EXIT,-1,52-Week High Momentum,MEDIUM,3,39.48,75.22,10.62,83.21,15.71,63.4,6.82,2026-08-19,1.72,4.26,100.0,195.17,61.93,67.46,-12.54,15.0,2,2026-04-16 to 2026-08-03 (75 days),-1.0,38.8,0.5151,88.5,74.98,BULLISH,HIGH,Strong trend (ADX=41); Earnings in 2d (2026-08-06); Last surprise: +14.0%; Earnings conf adj: -1; Size: Kelly 10.0% / VolTgt 3.6% / Blend 6.8%,3.64,-1.0,1.0,2,2026-08-06,14.0,-1
2026-08-04T13:04:16,2026-08-04,FLG,HOLD,0,Stochastic Oscillator,MEDIUM,3,39.4,14.22,4.08,0.0,6.12,0.0,0.0,2026-08-29,1.59,2.67,100.0,79.72,29.19,29.67,-8.0,25.5,2,2026-04-16 to 2026-08-03 (75 days),-1.0,43.9,0.2966,14.53,13.29,BULLISH,MEDIUM,Last surprise: -28.6%; Earnings conf adj: -1,6.32,-1.0,1.0,80,2026-10-23,-28.57,-1
2026-08-04T13:03:54,2026-08-04,LAD,HOLD,0,Stochastic Oscillator,HIGH,5,39.29,377.91,10.67,0.0,16.0,0.0,0.0,2026-08-18,3.46,8.26,100.0,213.93,91.59,-106.08,-2.94,14.5,2,2026-04-16 to 2026-08-03 (75 days),-1.0,62.0,0.8029,314.61,302.81,BULLISH,HIGH,Strong trend (ADX=61); Last surprise: +15.0%; Earnings conf adj: +1,2.34,-1.0,1.0,78,2026-10-21,15.02,1
2026-08-04T13:04:07,2026-08-04,M,HOLD,0,Stochastic Oscillator,HIGH,5,39.1,25.95,5.7,0.0,8.55,0.0,0.0,2026-08-22,3.3,7.69,100.0,251.62,109.33,-83.12,-4.11,18.0,2,2026-04-16 to 2026-08-03 (75 days),-1.0,64.7,0.3958,23.46,20.79,BULLISH,MEDIUM,Price at statistical extreme; Last surprise: +333.3%; Earnings conf adj: +1,4.74,-1.0,1.0,29,2026-09-02,333.33,1
2026-08-04T13:03:41,2026-08-04,SOLS,HOLD,0,ADX Trend Following,HIGH,5,39.09,62.23,10.76,0.0,4.76,0.0,0.0,2026-08-05,1.89,30.22,100.0,22.5,9.2,72.1,-0.1,1.0,1,2026-05-08 to 2026-08-03 (59 days),-1.0,45.0,0.6042,73.97,nan,NEUTRAL,HIGH,Strong trend (ADX=36); Last surprise: +12.8%; Earnings conf adj: +1,3.1,-1.0,1.0,86,2026-10-29,12.82,1
2026-08-04T13:01:29,2026-08-04,FOX,EXIT,-1,Stochastic Oscillator,MEDIUM,3,39.02,52.62,3.98,54.71,5.97,49.48,8.48,2026-09-02,2.64,5.76,100.0,144.56,54.58,82.37,-5.16,29.0,1,2026-04-16 to 2026-08-03 (75 days),-1.0,57.0,0.2698,52.3,56.46,BEARISH,MEDIUM,Earnings in 2d (2026-08-06); Last surprise: +22.2%; Earnings conf adj: -1; Size: Kelly 10.0% / VolTgt 7.0% / Blend 8.5%,6.95,-1.0,1.0,2,2026-08-06,22.22,-1
2026-08-04T13:01:41,2026-08-04,HUM,HOLD,0,VWAP Trend,HIGH,5,38.98,374.5,6.94,0.0,5.66,0.0,0.0,2026-08-07,3.48,14.26,71.4,7.32,109.1,-633.42,-3.12,3.4,7,2026-04-16 to 2026-08-03 (75 days),-1.0,47.2,0.3901,368.67,264.45,BULLISH,MEDIUM,Strong trend (ADX=39); Last surprise: +8.7%; Earnings conf adj: +1,4.81,-1.0,1.0,-6,2026-07-29,8.71,1
2026-08-04T13:00:51,2026-08-04,BR,HOLD,0,MACD Crossover,LOW,0,38.94,157.34,5.05,0.0,7.57,0.0,0.0,2026-08-21,0.62,0.93,66.7,2.66,12.16,20.33,-9.44,17.3,3,2026-04-16 to 2026-08-03 (75 days),-1.0,60.9,0.3548,147.0,181.34,BEARISH,MEDIUM,EARNINGS TODAY (2026-08-04); Last surprise: +4.6%; Earnings conf adj: -3,5.28,-1.0,1.0,0,2026-08-04,4.62,-3
2026-08-04T13:02:40,2026-08-04,TRMB,HOLD,0,VWAP Trend,LOW,0,38.91,57.79,7.45,0.0,9.13,0.0,0.0,2026-08-11,0.18,0.25,55.6,1.14,0.76,42.34,-17.35,7.7,9,2026-04-16 to 2026-08-03 (75 days),-1.0,62.9,0.4181,53.17,67.23,BEARISH,HIGH,Earnings in 1d (2026-08-05); Last surprise: +9.7%; Earnings conf adj: -1,4.48,-1.0,1.0,1,2026-08-05,9.72,-1
2026-08-04T13:01:35,2026-08-04,GPN,HOLD,0,ADX Trend Following,MEDIUM,3,38.87,86.19,7.67,0.0,11.5,0.0,0.0,2026-08-20,1.44,2.06,75.0,3.86,53.5,-44.07,-15.97,16.5,4,2026-04-16 to 2026-08-03 (75 days),-1.0,62.9,0.4896,73.98,74.06,BEARISH,HIGH,Strong trend (ADX=40); Earnings in 1d (2026-08-05); Last surprise: +5.3%; Earnings conf adj: -1,3.83,-1.0,1.0,1,2026-08-05,5.34,-1
2026-08-04T13:02:50,2026-08-04,WAT,HOLD,0,Stochastic Oscillator,LOW,1,38.84,374.74,5.27,0.0,7.9,0.0,0.0,2026-08-27,2.18,6.25,100.0,202.73,87.23,14.25,-5.73,23.0,2,2026-04-16 to 2026-08-03 (75 days),-1.0,51.5,0.2954,368.68,354.59,BULLISH,MEDIUM,EARNINGS TODAY (2026-08-04); Last surprise: +16.9%; Earnings conf adj: -3,6.35,-1.0,1.0,0,2026-08-04,16.88,-3
2026-08-04T13:03:38,2026-08-04,CFR,BUY,1,MACD Crossover,HIGH,5,38.79,168.94,3.27,163.42,5.4,178.06,9.44,2026-08-14,3.28,5.53,60.0,6.08,51.68,-35.84,-2.55,10.6,5,2026-04-16 to 2026-08-03 (75 days),0.829,70.8,0.2108,151.5,137.08,BULLISH,MEDIUM,RSI overbought; Last surprise: +5.1%; Earnings conf adj: +1; Size: Kelly 10.0% / VolTgt 8.9% / Blend 9.4%,8.89,-1.0,1.0,86,2026-10-29,5.06,1
2026-08-04T13:03:24,2026-08-04,PEN,HOLD,0,Stochastic Oscillator,MEDIUM,2,38.73,323.02,1.5,0.0,2.25,0.0,0.0,2026-09-17,0.89,1.39,100.0,16.7,4.74,13.16,-1.74,44.0,2,2026-04-16 to 2026-08-03 (75 days),-1.0,65.3,0.061,319.01,315.97,BULLISH,LOW,Price at statistical extreme; Last surprise: -14.4%; Earnings conf adj: -1,10.0,-1.0,1.0,-1,2026-08-03,-14.41,-1
2026-08-04T13:03:57,2026-08-04,IDCC,HOLD,0,MACD Crossover,HIGH,4,38.65,309.23,8.28,0.0,12.42,0.0,0.0,2026-08-27,1.0,1.71,100.0,69.9,24.87,72.64,-10.55,23.0,2,2026-04-16 to 2026-08-03 (75 days),-1.0,72.9,0.6293,270.11,321.34,BEARISH,HIGH,RSI overbought; Price at statistical extreme; Strong trend (ADX=44); Last surprise: +202.0%; Earnings conf adj: +1,2.98,-1.0,1.0,86,2026-10-29,201.96,1
2026-08-04T13:02:58,2026-08-04,NVT,EXIT,-1,VWAP Trend,HIGH,5,38.61,159.41,12.0,178.54,6.81,148.55,6.61,2026-08-06,2.2,3.63,60.0,2.55,86.88,-16.91,-12.74,2.2,10,2026-04-16 to 2026-08-03 (75 days),-1.0,53.1,0.5829,161.68,128.69,BULLISH,HIGH,Last surprise: +25.0%; Earnings conf adj: +1; Size: Kelly 10.0% / VolTgt 3.2% / Blend 6.6%,3.22,-1.0,1.0,87,2026-10-30,25.0,1
2026-08-04T13:01:21,2026-08-04,ERIE,HOLD,0,Stochastic Oscillator,HIGH,4,38.58,236.86,11.46,0.0,17.19,0.0,0.0,2026-09-09,1.57,2.68,100.0,148.65,60.0,64.25,-8.76,36.0,2,2026-04-16 to 2026-08-03 (75 days),-1.0,52.3,0.6968,228.8,257.0,BEARISH,HIGH,Strong trend (ADX=30); Last surprise: +3.0%,2.69,-1.0,1.0,86,2026-10-29,2.99,0
2026-08-04T13:03:14,2026-08-04,RGA,HOLD,0,ADX Trend Following,MEDIUM,2,38.57,236.37,3.3,0.0,6.6,0.0,0.0,2026-08-21,0.74,1.21,66.7,1.91,12.04,-42.96,-8.59,17.3,3,2026-04-16 to 2026-08-03 (75 days),-1.0,57.8,0.2364,219.67,205.71,BULLISH,MEDIUM,Earnings in 2d (2026-08-06); Last surprise: +16.0%; Earnings conf adj: -1,7.93,-1.0,1.0,2,2026-08-06,15.97,-1
2026-08-04T13:01:45,2026-08-04,IR,HOLD,0,MACD Crossover,HIGH,4,38.4,87.78,7.12,0.0,10.68,0.0,0.0,2026-09-03,2.09,3.61,100.0,151.19,62.51,44.66,-8.56,30.0,2,2026-04-16 to 2026-08-03 (75 days),-1.0,65.3,0.4172,77.98,81.54,BEARISH,HIGH,Strong trend (ADX=32); Last surprise: +3.6%,4.49,-1.0,1.0,86,2026-10-29,3.61,0
2026-08-04T13:01:14,2026-08-04,DPZ,HOLD,0,Composite Multi-Indicator,HIGH,4,38.36,364.41,8.73,0.0,13.1,0.0,0.0,2026-09-14,3.6,8.16,100.0,286.53,134.9,137.04,-4.37,41.0,1,2026-04-16 to 2026-08-03 (75 days),-1.0,68.7,0.4094,314.99,368.93,BEARISH,HIGH,Strong trend (ADX=53); Last surprise: -2.4%,4.58,-1.0,1.0,70,2026-10-13,-2.4,0
2026-08-04T13:02:39,2026-08-04,TJX,HOLD,0,Stochastic Oscillator,HIGH,4,38.35,157.5,2.76,0.0,4.14,0.0,0.0,2026-09-03,0.95,1.7,100.0,53.21,16.68,15.52,-6.56,30.5,2,2026-04-16 to 2026-08-03 (75 days),-1.0,52.7,0.1938,157.53,153.93,BULLISH,LOW,Strong trend (ADX=36); Last surprise: +16.7%; Earnings conf adj: +1,9.68,-1.0,1.0,15,2026-08-19,16.67,1
2026-08-04T13:05:03,2026-08-04,DBA,HOLD,0,MACD Crossover,HIGH,4,38.35,27.79,1.5,0.0,4.5,0.0,0.0,2026-09-02,1.49,2.28,100.0,52.37,18.41,9.61,-3.13,29.0,2,2026-04-16 to 2026-08-03 (75 days),-1.0,54.2,0.1337,27.22,26.49,BULLISH,LOW,No special conditions,10.0,-1.0,1.0,-1,,,0
2026-08-04T13:03:42,2026-08-04,TKR,HOLD,0,ADX Trend Following,LOW,1,38.28,141.75,5.19,0.0,7.79,0.0,0.0,2026-09-07,2.38,4.68,100.0,204.96,90.07,-100.91,-7.09,34.5,2,2026-04-16 to 2026-08-03 (75 days),-1.0,56.2,0.3362,136.56,104.87,BULLISH,MEDIUM,EARNINGS TODAY (2026-08-04); Last surprise: +11.3%; Earnings conf adj: -3,5.58,-1.0,1.0,0,2026-08-04,11.33,-3
2026-08-04T13:02:18,2026-08-04,PKG,HOLD,0,VWAP Trend,HIGH,4,38.22,251.09,6.41,0.0,6.01,0.0,0.0,2026-08-07,2.12,8.17,71.4,7.63,49.0,-46.39,-3.46,3.6,7,2026-04-16 to 2026-08-03 (75 days),-1.0,64.2,0.4021,230.77,215.61,BULLISH,HIGH,Last surprise: +1.7%,4.66,-1.0,1.0,78,2026-10-21,1.73,0
2026-08-04T13:02:18,2026-08-04,PHM,HOLD,0,Stochastic Oscillator,HIGH,5,38.21,129.29,5.06,0.0,7.59,0.0,0.0,2026-09-09,2.18,4.1,100.0,190.99,82.12,54.0,-8.5,36.0,2,2026-04-16 to 2026-08-03 (75 days),-1.0,52.6,0.3652,125.35,123.8,BULLISH,MEDIUM,Last surprise: +5.1%; Earnings conf adj: +1,5.13,-1.0,1.0,77,2026-10-20,5.08,1
2026-08-04T13:00:51,2026-08-04,BSX,HOLD,0,EMA Crossover (9/21),HIGH,4,38.16,48.43,5.48,0.0,4.77,0.0,0.0,2026-08-08,2.4,92.73,100.0,51.83,18.37,78.45,-0.1,4.0,1,2026-04-16 to 2026-08-03 (75 days),-1.0,65.3,0.3027,46.45,72.93,BEARISH,MEDIUM,Price at statistical extreme; Last surprise: +3.6%,6.19,-1.0,1.0,78,2026-10-21,3.61,0
2026-08-04T13:00:41,2026-08-04,APA,HOLD,0,ADX Trend Following,LOW,0,38.05,36.87,6.61,0.0,9.92,0.0,0.0,2026-08-16,-1.12,-1.44,75.0,0.49,-28.5,-23.89,-19.43,12.8,4,2026-04-16 to 2026-08-03 (75 days),-1.0,58.6,0.4208,35.21,31.0,BULLISH,HIGH,Earnings in 1d (2026-08-05); Last surprise: +21.1%; Earnings conf adj: -1,4.46,-1.0,1.0,1,2026-08-05,21.05,-1
2026-08-04T13:01:47,2026-08-04,ITW,HOLD,0,MACD Crossover,HIGH,4,37.97,288.49,4.11,0.0,8.85,0.0,0.0,2026-08-18,2.29,3.94,75.0,15.26,47.84,12.59,-3.88,14.5,4,2026-04-16 to 2026-08-03 (75 days),-1.0,62.1,0.2952,265.41,259.6,BULLISH,MEDIUM,Strong trend (ADX=41); Last surprise: +1.4%,6.35,-1.0,1.0,80,2026-10-23,1.43,0
2026-08-04T13:02:55,2026-08-04,XOM,HOLD,0,VWAP Trend,HIGH,5,37.93,155.06,3.6,0.0,2.31,0.0,0.0,2026-08-05,1.82,6.07,75.0,3.9,13.92,4.35,-1.99,1.2,8,2026-04-16 to 2026-08-03 (75 days),-1.0,62.2,0.2683,146.37,138.26,BULLISH,MEDIUM,Strong trend (ADX=36); Last surprise: +13.2%; Earnings conf adj: +1,6.99,-1.0,1.0,87,2026-10-30,13.22,1
2026-08-04T13:04:16,2026-08-04,LSTR,HOLD,0,ADX Trend Following,HIGH,4,37.92,176.76,6.13,0.0,4.18,0.0,0.0,2026-08-06,2.08,24.92,100.0,26.54,8.21,-3.58,-0.2,2.0,1,2026-04-16 to 2026-08-03 (75 days),-1.0,30.0,0.3751,206.48,164.59,BULLISH,MEDIUM,Strong trend (ADX=52); Last surprise: -2.7%,5.0,-1.0,1.0,84,2026-10-27,-2.7,0
2026-08-04T13:04:07,2026-08-04,ST,HOLD,0,Momentum (Rate of Change),HIGH,5,37.76,46.82,6.2,0.0,14.48,0.0,0.0,2026-09-02,2.05,3.84,100.0,238.48,102.83,9.09,-12.19,29.0,2,2026-04-16 to 2026-08-03 (75 days),-1.0,52.0,0.3416,47.83,38.62,BULLISH,MEDIUM,Strong trend (ADX=30); Last surprise: +5.4%; Earnings conf adj: +1,5.49,-1.0,1.0,84,2026-10-27,5.38,1
2026-08-04T13:02:32,2026-08-04,SRE,HOLD,0,VWAP Trend,LOW,1,37.68,87.73,2.71,0.0,2.35,0.0,0.0,2026-08-06,1.34,2.14,54.5,2.24,14.32,38.37,-2.81,2.5,11,2026-04-16 to 2026-08-03 (75 days),-1.0,35.2,0.1891,91.38,90.88,BULLISH,LOW,Earnings in 2d (2026-08-06); Last surprise: +0.0%; Earnings conf adj: -2,7.0,-1.0,1.0,2,2026-08-06,0.0,-2
2026-08-04T13:01:37,2026-08-04,HBAN,HOLD,0,Stochastic Oscillator,MEDIUM,3,37.66,17.36,3.52,0.0,5.28,0.0,0.0,2026-08-23,0.7,1.05,100.0,39.7,10.46,-10.37,-8.03,19.5,2,2026-04-16 to 2026-08-03 (75 days),-1.0,48.4,0.2895,17.18,16.54,BULLISH,MEDIUM,Strong trend (ADX=34); Last surprise: +0.0%,6.48,-1.0,1.0,79,2026-10-22,0.0,0
2026-08-04T13:04:39,2026-08-04,BBWI,HOLD,0,Stochastic Oscillator,HIGH,5,37.66,20.97,7.95,0.0,11.93,0.0,0.0,2026-09-03,3.0,5.77,100.0,399.01,217.82,144.37,-13.43,30.5,2,2026-04-16 to 2026-08-03 (75 days),-1.0,55.0,0.4782,20.01,20.36,BEARISH,HIGH,Last surprise: +10.3%; Earnings conf adj: +1,3.92,-1.0,1.0,23,2026-08-27,10.34,1
2026-08-04T13:01:37,2026-08-04,HD,HOLD,0,Stochastic Oscillator,HIGH,4,37.64,340.02,4.09,0.0,6.13,0.0,0.0,2026-08-27,1.17,1.97,100.0,61.88,20.48,14.9,-8.09,23.5,2,2026-04-16 to 2026-08-03 (75 days),-1.0,53.0,0.2788,331.13,345.17,BEARISH,MEDIUM,Last surprise: +0.6%,6.73,-1.0,1.0,14,2026-08-18,0.59,0
2026-08-04T13:02:02,2026-08-04,MOS,HOLD,0,Stochastic Oscillator,LOW,0,37.64,21.81,5.89,0.0,8.83,0.0,0.0,2026-09-02,0.96,1.52,100.0,66.95,24.06,56.59,-9.17,29.0,2,2026-04-16 to 2026-08-03 (75 days),-1.0,46.4,0.3597,22.17,24.67,BEARISH,MEDIUM,EARNINGS TODAY (2026-08-04); Last surprise: -77.3%; Earnings conf adj: -3,5.21,-1.0,1.0,0,2026-08-04,-77.27,-3
2026-08-04T13:01:36,2026-08-04,GWW,HOLD,0,Composite Multi-Indicator,LOW,1,37.63,1371.25,3.75,0.0,5.62,0.0,0.0,2026-09-01,2.69,6.11,100.0,136.56,53.69,-38.87,-3.89,28.0,2,2026-04-16 to 2026-08-03 (75 days),-1.0,52.5,0.2059,1334.39,1133.03,BULLISH,MEDIUM,EARNINGS TODAY (2026-08-04); Last surprise: +14.1%; Earnings conf adj: -3,7.0,-1.0,1.0,0,2026-08-04,14.1,-3
2026-08-04T13:02:10,2026-08-04,NUE,HOLD,0,MACD Crossover,HIGH,5,37.56,261.28,4.83,0.0,10.8,0.0,0.0,2026-08-19,1.85,3.49,100.0,108.63,40.63,-148.07,-6.68,15.0,2,2026-04-16 to 2026-08-03 (75 days),-1.0,65.3,0.3542,243.12,191.1,BULLISH,MEDIUM,Strong trend (ADX=43); Last surprise: +6.8%; Earnings conf adj: +1,5.29,-1.0,1.0,83,2026-10-26,6.84,1
2026-08-04T13:02:35,2026-08-04,T,HOLD,0,Composite Multi-Indicator,HIGH,5,37.51,23.59,5.08,0.0,7.62,0.0,0.0,2026-09-07,2.93,5.84,100.0,153.87,62.19,90.87,-5.88,34.0,1,2026-04-16 to 2026-08-03 (75 days),-1.0,58.2,0.3132,22.62,24.63,BEARISH,MEDIUM,Strong trend (ADX=41); Last surprise: +10.2%; Earnings conf adj: +1,5.99,-1.0,1.0,78,2026-10-21,10.17,1
2026-08-04T13:04:12,2026-08-04,WFRD,HOLD,0,VWAP Trend,MEDIUM,3,37.48,88.35,9.06,0.0,6.18,0.0,0.0,2026-08-07,2.11,4.81,55.6,2.56,55.22,87.37,-10.16,3.0,9,2026-04-16 to 2026-08-03 (75 days),-1.0,54.1,0.4528,91.2,89.49,BULLISH,HIGH,Last surprise: -32.2%; Earnings conf adj: -1,4.14,-1.0,1.0,77,2026-10-20,-32.22,-1
2026-08-04T13:02:42,2026-08-04,TT,EXIT,-1,VWAP Trend,HIGH,4,37.47,461.21,5.35,485.88,3.74,443.96,8.3,2026-08-06,1.07,1.77,55.6,1.77,14.33,12.85,-6.15,2.8,9,2026-04-16 to 2026-08-03 (75 days),-1.0,45.9,0.2839,469.5,438.76,BULLISH,MEDIUM,Strong trend (ADX=30); Last surprise: +1.2%; Size: Kelly 10.0% / VolTgt 6.6% / Blend 8.3%,6.6,-1.0,1.0,86,2026-10-29,1.17,0
2026-08-04T13:01:56,2026-08-04,LULU,HOLD,0,EMA Crossover (9/21),LOW,1,37.39,123.67,4.93,0.0,4.95,0.0,0.0,2026-08-07,-1.38,-1.45,66.7,0.26,-32.86,28.03,-15.16,3.7,3,2026-04-16 to 2026-08-03 (75 days),-1.0,59.8,0.3267,118.67,158.87,BEARISH,MEDIUM,Price at statistical extreme; Last surprise: +0.6%,5.74,-1.0,1.0,30,2026-09-03,0.6,0
2026-08-04T13:02:57,2026-08-04,ZBRA,HOLD,0,MACD Crossover,LOW,0,37.35,291.64,5.68,0.0,8.52,0.0,0.0,2026-08-16,0.93,1.5,75.0,2.68,22.85,-91.81,-6.84,12.2,4,2026-04-16 to 2026-08-03 (75 days),-1.0,68.0,0.3927,255.17,246.43,BULLISH,MEDIUM,High volume; EARNINGS TODAY (2026-08-04); Last surprise: +11.8%; Earnings conf adj: -3,4.77,-1.0,1.0,0,2026-08-04,11.76,-3
2026-08-04T13:05:01,2026-08-04,SSD,HOLD,0,Stochastic Oscillator,HIGH,5,37.35,192.17,5.05,0.0,7.57,0.0,0.0,2026-09-07,2.4,4.25,100.0,187.22,77.73,24.73,-5.86,34.5,2,2026-04-16 to 2026-08-03 (75 days),-1.0,50.8,0.3228,192.54,181.34,BULLISH,MEDIUM,Last surprise: +11.5%; Earnings conf adj: +1,5.81,-1.0,1.0,83,2026-10-26,11.52,1
2026-08-04T13:00:33,2026-08-04,AEP,HOLD,0,VWAP Trend,LOW,0,37.33,128.32,2.63,0.0,2.6,0.0,0.0,2026-08-07,0.06,0.08,55.6,1.15,-0.06,12.75,-9.02,3.0,9,2026-04-16 to 2026-08-03 (75 days),-1.0,39.6,0.1907,131.62,125.23,BULLISH,LOW,Last surprise: -8.1%; Earnings conf adj: -1,7.0,-1.0,1.0,86,2026-10-29,-8.11,-1
2026-08-04T13:04:58,2026-08-04,OLN,HOLD,0,ADX Trend Following,MEDIUM,2,37.28,18.62,12.0,0.0,10.37,0.0,0.0,2026-08-07,0.68,2.07,100.0,4.94,0.66,75.07,-0.3,3.0,1,2026-04-16 to 2026-08-03 (75 days),-1.0,33.1,0.7605,22.79,23.44,BEARISH,HIGH,Price at statistical extreme; Strong trend (ADX=31); Last surprise: -120.0%; Earnings conf adj: -1,2.47,-1.0,1.0,86,2026-10-29,-120.0,-1
2026-08-04T13:00:52,2026-08-04,BXP,EXIT,-1,VWAP Trend,HIGH,5,37.25,70.41,4.67,73.7,6.66,65.72,8.21,2026-08-12,2.06,3.89,85.7,13.34,44.98,-78.73,-3.91,8.4,7,2026-04-16 to 2026-08-03 (75 days),-1.0,58.2,0.2919,65.69,62.66,BULLISH,MEDIUM,Strong trend (ADX=36); Last surprise: +16.3%; Earnings conf adj: +1; Size: Kelly 10.0% / VolTgt 6.4% / Blend 8.2%,6.42,-1.0,1.0,84,2026-10-27,16.28,1
2026-08-04T13:04:49,2026-08-04,AMH,HOLD,0,Multi-Factor Momentum MR,HIGH,5,37.25,34.51,2.85,0.0,8.55,0.0,0.0,2026-10-04,1.71,3.05,100.0,80.13,29.55,-37.88,-4.52,61.0,1,2026-04-16 to 2026-08-03 (75 days),-1.0,61.6,0.2145,32.99,31.01,BULLISH,MEDIUM,Price at statistical extreme; Last surprise: +113.3%; Earnings conf adj: +1,8.74,-1.0,1.0,85,2026-10-28,113.33,1
2026-08-04T13:02:30,2026-08-04,SNA,HOLD,0,VWAP Trend,HIGH,4,37.24,409.41,3.55,0.0,3.18,0.0,0.0,2026-08-07,1.32,2.04,62.5,2.87,18.91,-29.8,-4.45,3.0,8,2026-04-16 to 2026-08-03 (75 days),-1.0,54.7,0.2328,393.74,366.34,BULLISH,MEDIUM,Last surprise: +0.2%,8.05,-1.0,1.0,72,2026-10-15,0.2,0
2026-08-04T13:04:40,2026-08-04,LOPE,HOLD,0,Stochastic Oscillator,MEDIUM,3,37.24,150.88,8.11,0.0,12.16,0.0,0.0,2026-09-06,0.52,0.78,50.0,1.66,11.06,46.95,-12.11,33.5,2,2026-04-16 to 2026-08-03 (75 days),-1.0,54.0,0.4706,147.64,164.53,BEARISH,HIGH,Last surprise: +8.4%; Earnings conf adj: +1,3.98,-1.0,1.0,-5,2026-07-30,8.38,1
2026-08-04T13:04:02,2026-08-04,AAON,BUY,1,VWAP Trend,HIGH,5,37.22,92.56,12.0,81.45,6.03,98.14,6.6,2026-08-05,1.88,7.73,66.7,4.91,174.01,169.69,-7.82,1.7,9,2026-04-16 to 2026-08-03 (75 days),0.385,34.2,0.5872,120.61,100.47,BULLISH,HIGH,Strong trend (ADX=52); Last surprise: +65.5%; Earnings conf adj: +1; Size: Kelly 10.0% / VolTgt 3.2% / Blend 6.6%,3.19,-1.0,1.0,6,2026-08-10,65.52,1
2026-08-04T13:00:50,2026-08-04,BKR,HOLD,0,Donchian Breakout (20/55),HIGH,5,37.18,60.81,5.05,0.0,6.91,0.0,0.0,2026-08-10,2.94,47.87,100.0,39.2,13.2,10.86,-0.2,6.0,1,2026-04-16 to 2026-08-03 (75 days),-1.0,59.6,0.3584,59.66,56.38,BULLISH,MEDIUM,Last surprise: +30.6%; Earnings conf adj: +1,5.23,-1.0,1.0,79,2026-10-22,30.61,1
2026-08-04T13:03:16,2026-08-04,PAG,HOLD,0,ADX Trend Following,HIGH,5,37.05,217.5,6.62,0.0,23.17,0.0,0.0,2026-09-22,2.78,5.27,100.0,277.76,140.38,-78.87,-9.98,49.5,2,2026-04-16 to 2026-08-03 (75 days),-1.0,67.7,0.4522,187.06,165.55,BULLISH,HIGH,Strong trend (ADX=52); Last surprise: +6.8%; Earnings conf adj: +1,4.15,-1.0,1.0,85,2026-10-28,6.78,1
2026-08-04T13:00:35,2026-08-04,AIG,HOLD,0,Composite Multi-Indicator,MEDIUM,2,37.03,78.79,3.21,0.0,6.42,0.0,0.0,2026-08-27,1.16,2.15,100.0,62.97,22.53,17.69,-5.28,23.0,2,2026-04-16 to 2026-08-03 (75 days),-1.0,51.4,0.2379,76.83,76.76,BULLISH,MEDIUM,Earnings in 2d (2026-08-06); Last surprise: +12.2%; Earnings conf adj: -2,7.88,-1.0,1.0,2,2026-08-06,12.23,-2
2026-08-04T13:01:16,2026-08-04,ECHO,HOLD,1,VWAP Trend,LOW,0,36.98,85.63,9.93,77.13,5.48,90.32,0.0,2026-08-07,-0.3,-0.42,54.5,0.93,-10.54,66.85,-14.52,3.0,11,2026-04-16 to 2026-08-03 (75 days),-1.0,35.6,0.4021,105.09,105.76,BEARISH,HIGH,High volume; Strong trend (ADX=41); Last surprise: -94.7%; Earnings conf adj: -1,4.66,-1.0,1.0,-1,2026-08-03,-94.66,-1
2026-08-04T13:01:23,2026-08-04,EXE,HOLD,0,Stochastic Oscillator,HIGH,4,36.98,94.66,4.16,0.0,6.24,0.0,0.0,2026-09-15,0.9,1.68,100.0,57.19,20.27,27.52,-8.86,42.0,2,2026-04-16 to 2026-08-03 (75 days),-1.0,62.0,0.3028,90.27,101.72,BEARISH,MEDIUM,Last surprise: +18.7%; Earnings conf adj: +1,6.19,-1.0,1.0,84,2026-10-27,18.75,1
2026-08-04T13:00:46,2026-08-04,BA,HOLD,0,Stochastic Oscillator,MEDIUM,3,36.94,233.49,6.93,0.0,10.39,0.0,0.0,2026-09-05,1.27,2.38,100.0,114.42,42.17,17.56,-9.58,32.5,2,2026-04-16 to 2026-08-03 (75 days),-1.0,61.8,0.4483,219.13,218.47,BULLISH,HIGH,High volume; Price at statistical extreme; Strong trend (ADX=32); Last surprise: -145.2%; Earnings conf adj: -1,4.18,-1.0,1.0,85,2026-10-28,-145.16,-1
2026-08-04T13:04:21,2026-08-04,DLB,HOLD,0,EMA Crossover (9/21),HIGH,4,36.94,59.73,6.36,0.0,8.46,0.0,0.0,2026-08-08,2.01,193.66,100.0,152.53,61.0,80.42,-0.2,4.0,1,2026-04-16 to 2026-08-03 (75 days),-1.0,74.6,0.5374,52.49,60.42,BEARISH,HIGH,RSI overbought; Price at statistical extreme; Strong trend (ADX=40); Last surprise: +3.0%,3.49,-1.0,1.0,-5,2026-07-30,2.99,0
2026-08-04T13:02:37,2026-08-04,TDY,BUY,1,Momentum (Rate of Change),HIGH,4,36.93,670.56,5.18,635.82,7.58,721.39,8.78,2026-08-19,0.71,1.22,100.0,31.73,9.42,-10.48,-9.23,15.0,2,2026-04-16 to 2026-08-03 (75 days),0.421,62.9,0.2485,631.17,599.25,BULLISH,MEDIUM,Price at statistical extreme; Last surprise: +8.5%; Earnings conf adj: +1; Size: Kelly 10.0% / VolTgt 7.5% / Blend 8.8%,7.55,-1.0,1.0,78,2026-10-21,8.46,1
2026-08-04T13:04:34,2026-08-04,TREX,HOLD,0,Stochastic Oscillator,LOW,1,36.87,44.83,8.74,0.0,13.11,0.0,0.0,2026-08-22,1.31,2.04,100.0,97.15,33.45,-0.53,-9.85,18.5,2,2026-04-16 to 2026-08-03 (75 days),-1.0,51.5,0.4221,44.57,40.63,BULLISH,HIGH,EARNINGS TODAY (2026-08-04); Last surprise: +15.7%; Earnings conf adj: -3,4.44,-1.0,1.0,0,2026-08-04,15.69,-3
2026-08-04T13:04:06,2026-08-04,NOV,HOLD,0,Composite Multi-Indicator,HIGH,5,36.75,19.48,5.48,0.0,5.44,0.0,0.0,2026-08-09,2.57,36.72,100.0,21.04,6.97,-1.66,-0.1,5.0,1,2026-04-16 to 2026-08-03 (75 days),-1.0,49.5,0.3092,19.64,18.03,BULLISH,MEDIUM,Last surprise: +93.8%; Earnings conf adj: +1,6.06,-1.0,1.0,83,2026-10-26,93.75,1
2026-08-04T13:04:40,2026-08-04,HAE,HOLD,0,MACD Crossover,MEDIUM,2,36.74,86.79,4.4,0.0,9.42,0.0,0.0,2026-08-23,3.43,8.72,100.0,289.85,137.89,-111.44,-9.98,19.5,2,2026-04-16 to 2026-08-03 (75 days),-1.0,76.0,0.2708,75.07,67.82,BULLISH,MEDIUM,RSI overbought; High volume; Strong trend (ADX=31); Earnings in 2d (2026-08-06); Last surprise: +1.6%; Earnings conf adj: -2,6.92,-1.0,1.0,2,2026-08-06,1.57,-2
2026-08-04T13:04:09,2026-08-04,EXP,HOLD,0,Stochastic Oscillator,HIGH,4,36.66,214.74,8.28,0.0,12.42,0.0,0.0,2026-08-24,2.2,3.57,100.0,157.15,61.36,27.99,-7.71,20.5,2,2026-04-16 to 2026-08-03 (75 days),-1.0,52.5,0.4421,214.39,212.41,BULLISH,HIGH,Last surprise: -2.7%,4.24,-1.0,1.0,86,2026-10-29,-2.66,0
2026-08-04T13:00:36,2026-08-04,AJG,HOLD,0,Composite Multi-Indicator,HIGH,4,36.63,247.79,5.55,0.0,8.32,0.0,0.0,2026-09-10,3.76,8.92,100.0,285.16,134.02,91.57,-7.28,37.0,1,2026-04-16 to 2026-08-03 (75 days),-1.0,51.2,0.3906,231.26,233.63,BEARISH,MEDIUM,Last surprise: +1.1%,4.8,-1.0,1.0,86,2026-10-29,1.07,0
2026-08-04T13:00:37,2026-08-04,ALLE,HOLD,0,MACD Crossover,HIGH,5,36.61,161.28,6.7,0.0,10.05,0.0,0.0,2026-09-02,1.57,2.66,100.0,90.01,33.54,-24.72,-4.53,29.0,2,2026-04-16 to 2026-08-03 (75 days),-1.0,73.2,0.4433,137.9,151.1,BEARISH,HIGH,RSI overbought; Strong trend (ADX=50); Last surprise: +8.1%; Earnings conf adj: +1,4.23,-1.0,1.0,79,2026-10-22,8.11,1
2026-08-04T13:03:21,2026-08-04,EQH,HOLD,0,MACD Crossover,LOW,0,36.58,48.0,4.46,0.0,6.69,0.0,0.0,2026-08-21,0.7,1.04,100.0,32.32,10.39,-51.4,-5.76,17.5,2,2026-04-16 to 2026-08-03 (75 days),-1.0,54.4,0.3017,45.06,43.75,BULLISH,MEDIUM,EARNINGS TODAY (2026-08-04); Last surprise: +0.6%; Earnings conf adj: -3,6.22,-1.0,1.0,0,2026-08-04,0.62,-3
2026-08-04T13:04:09,2026-08-04,PPC,HOLD,0,Composite Multi-Indicator,HIGH,4,36.57,27.92,6.14,0.0,5.35,0.0,0.0,2026-08-07,1.75,34.08,100.0,19.47,6.42,53.46,-0.1,3.0,1,2026-04-16 to 2026-08-03 (75 days),-1.0,45.1,0.392,28.57,35.47,BEARISH,MEDIUM,Last surprise: -3.0%,4.78,-1.0,1.0,85,2026-10-28,-3.03,0
2026-08-04T13:02:53,2026-08-04,WSM,HOLD,0,MACD Crossover,HIGH,5,36.56,239.8,4.59,0.0,12.44,0.0,0.0,2026-08-27,2.74,5.84,100.0,205.59,89.38,-31.14,-7.54,23.0,2,2026-04-16 to 2026-08-03 (75 days),-1.0,63.1,0.3295,219.89,197.39,BULLISH,MEDIUM,Price at statistical extreme; Last surprise: +7.2%; Earnings conf adj: +1,5.69,-1.0,1.0,22,2026-08-26,7.22,1
2026-08-04T13:01:08,2026-08-04,CVX,EXIT,-1,Stochastic Oscillator,HIGH,5,36.53,193.18,3.34,199.63,5.01,183.5,8.71,2026-08-23,1.68,3.11,100.0,74.99,25.85,13.0,-6.54,19.5,2,2026-04-16 to 2026-08-03 (75 days),-1.0,60.3,0.2529,182.79,173.58,BULLISH,MEDIUM,Strong trend (ADX=35); Last surprise: +8.8%; Earnings conf adj: +1; Size: Kelly 10.0% / VolTgt 7.4% / Blend 8.7%,7.42,-1.0,1.0,87,2026-10-30,8.8,1
2026-08-04T13:02:36,2026-08-04,SYY,BUY,1,Momentum (Rate of Change),LOW,0,36.52,84.98,3.74,81.8,5.61,89.75,7.0,2026-08-23,0.64,1.04,100.0,24.8,7.23,-56.22,-5.16,19.0,2,2026-04-16 to 2026-08-03 (75 days),0.226,61.8,0.203,80.15,77.65,BULLISH,MEDIUM,High volume; EARNINGS TODAY (2026-08-04); Last surprise: +0.0%; Earnings conf adj: -3; Size: Kelly 7.0% / VolTgt 7.0% / Blend 7.0%,7.0,-1.0,1.0,0,2026-08-04,0.0,-3
2026-08-04T13:03:33,2026-08-04,WMS,HOLD,0,Stochastic Oscillator,MEDIUM,3,36.52,145.15,4.88,0.0,7.32,0.0,0.0,2026-09-02,1.47,2.57,100.0,138.07,53.71,51.24,-7.6,29.5,2,2026-04-16 to 2026-08-03 (75 days),-1.0,51.8,0.3697,142.46,147.34,BEARISH,MEDIUM,Earnings in 2d (2026-08-06); Last surprise: +10.3%; Earnings conf adj: -1,5.07,-1.0,1.0,2,2026-08-06,10.31,-1
2026-08-04T13:00:39,2026-08-04,AMT,HOLD,0,MACD Crossover,HIGH,4,36.51,173.0,4.2,0.0,6.3,0.0,0.0,2026-08-26,0.69,1.29,100.0,37.25,12.21,19.54,-7.23,22.5,2,2026-04-16 to 2026-08-03 (75 days),-1.0,52.8,0.2731,175.62,175.96,BEARISH,MEDIUM,Strong trend (ADX=32); Last surprise: +20.6%; Earnings conf adj: +1,6.87,-1.0,1.0,84,2026-10-27,20.65,1
2026-08-04T13:02:05,2026-08-04,MRSH,HOLD,0,VWAP Trend,HIGH,4,36.5,192.84,4.32,0.0,6.48,0.0,0.0,2026-08-14,1.3,2.2,55.6,2.0,35.53,12.71,-9.75,10.8,9,2026-04-16 to 2026-08-03 (75 days),-1.0,64.7,0.3262,171.39,175.36,BEARISH,MEDIUM,Strong trend (ADX=47); Last surprise: +2.4%,5.75,-1.0,1.0,72,2026-10-15,2.42,0
2026-08-04T13:01:22,2026-08-04,ETN,HOLD,0,VWAP Trend,HIGH,4,36.49,438.23,9.5,0.0,7.49,0.0,0.0,2026-08-06,1.89,3.34,55.6,2.75,67.57,20.95,-8.0,2.8,9,2026-04-16 to 2026-08-03 (75 days),-1.0,60.4,0.5686,404.6,373.29,BULLISH,HIGH,Price at statistical extreme; Last surprise: +2.3%,3.3,-1.0,1.0,91,2026-11-03,2.27,0
2026-08-04T13:02:39,2026-08-04,TPL,EXIT,-1,VWAP Trend,MEDIUM,2,36.43,406.15,5.99,430.48,4.6,387.47,7.68,2026-08-06,2.32,4.37,80.0,137.98,53.53,68.27,-7.24,2.8,5,2026-04-16 to 2026-08-03 (75 days),-1.0,51.3,0.3491,395.68,384.98,BULLISH,MEDIUM,Earnings in 1d (2026-08-05); Last surprise: +2.5%; Earnings conf adj: -2; Size: Kelly 10.0% / VolTgt 5.4% / Blend 7.7%,5.37,-1.0,1.0,1,2026-08-05,2.48,-2
2026-08-04T13:00:52,2026-08-04,BNY,HOLD,0,ADX Trend Following,HIGH,5,36.4,156.2,3.48,0.0,12.18,0.0,0.0,2026-09-09,2.16,3.74,100.0,123.97,48.88,-20.64,-5.69,36.5,2,2026-04-16 to 2026-08-03 (75 days),-1.0,56.6,0.2837,147.86,125.6,BULLISH,MEDIUM,Strong trend (ADX=31); Last surprise: +10.8%; Earnings conf adj: +1,6.61,-1.0,1.0,72,2026-10-15,10.81,1
2026-08-04T13:02:25,2026-08-04,RF,HOLD,0,Multi-Factor Momentum MR,HIGH,5,36.35,31.48,3.0,0.0,9.0,0.0,0.0,2026-10-23,2.04,3.24,100.0,122.19,47.52,-7.92,-5.37,80.0,1,2026-04-16 to 2026-08-03 (75 days),-1.0,60.0,0.2412,29.69,27.32,BULLISH,MEDIUM,Last surprise: +7.9%; Earnings conf adj: +1,7.77,-1.0,1.0,73,2026-10-16,7.94,1
2026-08-04T13:01:40,2026-08-04,HRL,HOLD,0,Stochastic Oscillator,HIGH,5,36.27,25.23,3.79,0.0,5.69,0.0,0.0,2026-09-08,1.72,4.25,100.0,149.36,59.07,-38.67,-9.28,35.5,2,2026-04-16 to 2026-08-03 (75 days),-1.0,53.6,0.222,24.24,22.79,BULLISH,MEDIUM,Last surprise: +14.3%; Earnings conf adj: +1,8.44,-1.0,1.0,23,2026-08-27,14.29,1
2026-08-04T13:01:17,2026-08-04,EG,HOLD,0,ADX Trend Following,MEDIUM,3,36.26,372.05,3.88,0.0,7.76,0.0,0.0,2026-08-17,0.75,1.12,66.7,4.38,11.69,-21.05,-6.78,13.7,3,2026-04-16 to 2026-08-03 (75 days),-1.0,50.2,0.2907,355.45,335.04,BULLISH,MEDIUM,Last surprise: +2.2%,6.45,-1.0,1.0,85,2026-10-28,2.2,0
2026-08-04T13:02:21,2026-08-04,PODD,HOLD,0,ADX Trend Following,MEDIUM,3,36.17,169.7,5.93,0.0,3.71,0.0,0.0,2026-08-06,1.24,2.51,66.7,2.78,12.15,56.41,-3.04,2.3,3,2026-04-16 to 2026-08-03 (75 days),-1.0,59.4,0.3106,155.59,231.41,BEARISH,MEDIUM,Earnings in 1d (2026-08-05); Last surprise: +19.3%; Earnings conf adj: -1,6.04,-1.0,1.0,1,2026-08-05,19.33,-1
2026-08-04T13:03:43,2026-08-04,CTRE,HOLD,0,MACD Crossover,MEDIUM,2,36.12,41.22,3.85,0.0,9.62,0.0,0.0,2026-08-25,2.15,4.33,66.7,12.99,55.16,35.66,-4.07,21.7,3,2026-04-16 to 2026-08-03 (75 days),-1.0,49.1,0.276,40.02,37.82,BULLISH,MEDIUM,Strong trend (ADX=34); Earnings in 2d (2026-08-06); Last surprise: -2.7%; Earnings conf adj: -2,6.79,-1.0,1.0,2,2026-08-06,-2.7,-2
2026-08-04T13:03:36,2026-08-04,AAL,HOLD,0,VWAP Trend,HIGH,5,36.08,16.04,8.89,0.0,13.51,0.0,0.0,2026-08-12,3.57,7.55,66.7,6.73,243.67,94.64,-7.26,8.0,6,2026-04-16 to 2026-08-03 (75 days),-1.0,54.6,0.6066,15.49,13.75,BULLISH,HIGH,Last surprise: +200.0%; Earnings conf adj: +1,3.09,-1.0,1.0,79,2026-10-22,200.0,1
2026-08-04T13:01:47,2026-08-04,JBL,HOLD,0,ADX Trend Following,HIGH,4,36.07,318.39,10.0,0.0,6.86,0.0,0.0,2026-08-07,1.71,40.24,100.0,40.77,13.41,3.93,-0.2,3.0,1,2026-04-16 to 2026-08-03 (75 days),-1.0,47.2,0.5029,347.28,278.68,BULLISH,HIGH,Last surprise: +1.3%,3.73,-1.0,1.0,51,2026-09-24,1.28,0
2026-08-04T13:02:04,2026-08-04,MRNA,EXIT,-1,VWAP Trend,HIGH,4,36.07,55.14,11.6,61.54,7.83,50.82,6.43,2026-08-06,1.25,2.43,55.6,1.91,58.81,55.92,-10.15,2.3,9,2026-04-16 to 2026-08-03 (75 days),-1.0,41.3,0.6553,58.55,45.0,BULLISH,HIGH,Strong trend (ADX=36); Last surprise: +4.4%; Size: Kelly 10.0% / VolTgt 2.9% / Blend 6.4%,2.86,-1.0,1.0,-4,2026-07-31,4.37,0
2026-08-04T13:04:44,2026-08-04,KD,HOLD,0,VWAP Trend,LOW,1,36.01,13.92,9.1,0.0,11.63,0.0,0.0,2026-08-12,1.35,2.11,62.5,2.21,52.26,52.75,-11.6,8.8,8,2026-04-16 to 2026-08-03 (75 days),-1.0,66.7,0.498,12.01,17.86,BEARISH,HIGH,Strong trend (ADX=34); Earnings in 1d (2026-08-05); Last surprise: -61.7%; Earnings conf adj: -3,3.77,-1.0,1.0,1,2026-08-05,-61.7,-3
2026-08-04T13:04:34,2026-08-04,VNT,HOLD,0,SMA Crossover (10/50),MEDIUM,2,35.99,32.81,4.11,0.0,6.17,0.0,0.0,2026-08-18,3.01,8.48,100.0,100.38,38.0,68.03,-2.86,14.0,1,2026-04-16 to 2026-08-03 (75 days),-1.0,67.9,0.2633,29.65,35.33,BEARISH,MEDIUM,Strong trend (ADX=42); Earnings in 2d (2026-08-06); Last surprise: +0.0%; Earnings conf adj: -2,7.12,-1.0,1.0,2,2026-08-06,0.0,-2
2026-08-04T13:01:20,2026-08-04,EQT,HOLD,0,EMA Crossover (9/21),HIGH,4,35.93,53.56,4.06,0.0,6.09,0.0,0.0,2026-08-11,2.31,7.76,100.0,29.0,9.84,34.6,-0.75,7.0,1,2026-04-16 to 2026-08-03 (75 days),-1.0,58.3,0.3666,52.44,56.19,BEARISH,MEDIUM,Last surprise: -2.5%,5.12,-1.0,1.0,77,2026-10-20,-2.5,0
2026-08-04T13:03:07,2026-08-04,APG,HOLD,0,VWAP Trend,HIGH,4,35.92,39.84,5.02,0.0,2.96,0.0,0.0,2026-08-07,1.61,2.66,70.0,3.17,24.14,54.95,-4.35,3.0,10,2026-04-16 to 2026-08-03 (75 days),-1.0,45.6,0.2172,41.24,41.22,BULLISH,MEDIUM,Last surprise: +2.3%,8.63,-1.0,1.0,86,2026-10-29,2.33,0
2026-08-04T13:03:58,2026-08-04,CHRD,HOLD,0,SMA Crossover (10/50),MEDIUM,2,35.92,139.33,6.87,0.0,8.56,0.0,0.0,2026-08-10,2.26,16.64,100.0,80.75,29.35,11.67,-0.85,6.0,1,2026-04-16 to 2026-08-03 (75 days),-1.0,61.9,0.444,129.18,113.38,BULLISH,HIGH,Strong trend (ADX=31); Earnings in 1d (2026-08-05); Last surprise: +30.7%; Earnings conf adj: -2,4.22,-1.0,1.0,1,2026-08-05,30.66,-2
2026-08-04T13:04:31,2026-08-04,ANF,HOLD,0,ADX Trend Following,HIGH,5,35.88,108.82,8.93,0.0,10.32,0.0,0.0,2026-08-09,2.99,7.6,66.7,23.33,141.97,70.54,-5.68,5.2,6,2026-04-16 to 2026-08-03 (75 days),-1.0,68.4,0.5748,88.8,90.97,BEARISH,HIGH,Price at statistical extreme; Strong trend (ADX=32); Last surprise: +14.8%; Earnings conf adj: +1,3.26,-1.0,1.0,22,2026-08-26,14.84,1
2026-08-04T13:04:43,2026-08-04,EXPO,HOLD,0,MACD Crossover,HIGH,4,35.85,68.27,5.3,0.0,7.95,0.0,0.0,2026-09-04,1.3,2.08,100.0,91.06,33.97,31.41,-8.87,31.0,2,2026-04-16 to 2026-08-03 (75 days),-1.0,68.1,0.3492,60.09,66.57,BEARISH,MEDIUM,Price at statistical extreme; Last surprise: +0.0%,5.37,-1.0,1.0,86,2026-10-29,0.0,0
2026-08-04T13:03:11,2026-08-04,MEDP,HOLD,0,Composite Multi-Indicator,HIGH,5,35.82,573.29,9.5,0.0,14.25,0.0,0.0,2026-11-14,3.39,8.98,100.0,456.2,257.99,214.54,-6.58,102.0,1,2026-04-16 to 2026-08-03 (75 days),-1.0,59.5,0.5972,507.34,518.32,BEARISH,HIGH,Strong trend (ADX=45); Last surprise: +6.2%; Earnings conf adj: +1,3.14,-1.0,1.0,76,2026-10-19,6.25,1
2026-08-04T13:01:31,2026-08-04,GE,HOLD,0,Stochastic Oscillator,HIGH,5,35.8,368.93,4.59,0.0,6.88,0.0,0.0,2026-08-19,2.18,3.58,100.0,103.83,35.92,-71.18,-6.36,15.5,2,2026-04-16 to 2026-08-03 (75 days),-1.0,60.5,0.3293,346.29,314.78,BULLISH,MEDIUM,Last surprise: +8.6%; Earnings conf adj: +1,5.69,-1.0,1.0,77,2026-10-20,8.6,1
2026-08-04T13:02:34,2026-08-04,SWKS,HOLD,0,Momentum (Rate of Change),HIGH,4,35.75,61.29,9.49,0.0,20.21,0.0,0.0,2026-09-02,1.66,2.72,100.0,257.46,105.82,86.52,-13.31,29.0,2,2026-04-16 to 2026-08-03 (75 days),-1.0,45.7,0.4765,68.3,63.63,BULLISH,HIGH,Last surprise: +4.9%,3.93,-1.0,1.0,-7,2026-07-28,4.85,0
2026-08-04T13:02:49,2026-08-04,VZ,HOLD,0,VWAP Trend,HIGH,4,35.73,47.36,4.59,0.0,4.97,0.0,0.0,2026-08-08,1.38,2.34,55.6,2.05,27.77,17.31,-6.16,4.9,9,2026-04-16 to 2026-08-03 (75 days),-1.0,62.0,0.285,44.95,43.39,BULLISH,MEDIUM,Strong trend (ADX=35); Last surprise: +2.4%,6.58,-1.0,1.0,77,2026-10-20,2.36,0
2026-08-04T13:01:51,2026-08-04,KMB,HOLD,0,Composite Multi-Indicator,LOW,1,35.7,107.56,4.17,0.0,6.25,0.0,0.0,2026-08-28,1.26,2.15,100.0,79.91,29.3,-14.68,-7.16,24.5,2,2026-04-16 to 2026-08-03 (75 days),-1.0,47.5,0.2817,105.28,101.61,BULLISH,MEDIUM,High volume; EARNINGS TODAY (2026-08-04); Last surprise: +2.1%; Earnings conf adj: -3,6.66,-1.0,1.0,0,2026-08-04,2.07,-3
2026-08-04T13:02:12,2026-08-04,NWS,HOLD,0,ADX Trend Following,MEDIUM,2,35.69,31.79,4.6,0.0,7.3,0.0,0.0,2026-08-11,1.26,2.01,71.4,2.42,31.28,4.5,-8.73,7.3,7,2026-04-16 to 2026-08-03 (75 days),-1.0,55.5,0.3429,30.33,29.34,BULLISH,MEDIUM,Earnings in 1d (2026-08-05); Last surprise: +5.0%; Earnings conf adj: -2,5.47,-1.0,1.0,1,2026-08-05,5.0,-2
2026-08-04T13:02:16,2026-08-04,PCG,HOLD,0,MACD Crossover,HIGH,4,35.68,17.43,4.01,0.0,11.93,0.0,0.0,2026-09-13,0.71,1.0,100.0,42.19,14.33,12.14,-5.71,40.5,2,2026-04-16 to 2026-08-03 (75 days),-1.0,51.1,0.2381,17.0,16.63,BULLISH,MEDIUM,High volume; Strong trend (ADX=49); Last surprise: +11.1%; Earnings conf adj: +1,7.88,-1.0,1.0,79,2026-10-22,11.11,1
2026-08-04T13:00:55,2026-08-04,CASY,HOLD,0,Stochastic Oscillator,HIGH,5,35.65,860.37,4.61,0.0,6.92,0.0,0.0,2026-08-19,1.34,4.17,100.0,166.07,63.23,-6.83,-6.27,15.5,2,2026-04-16 to 2026-08-03 (75 days),-1.0,54.8,0.3813,824.1,692.42,BULLISH,MEDIUM,Last surprise: +32.0%; Earnings conf adj: +1,4.92,-1.0,1.0,36,2026-09-09,32.02,1
2026-08-04T13:01:28,2026-08-04,FIS,HOLD,0,VWAP Trend,LOW,0,35.64,44.78,7.27,0.0,10.9,0.0,0.0,2026-08-20,0.77,1.19,50.0,1.69,20.04,41.5,-11.25,16.8,4,2026-04-16 to 2026-08-03 (75 days),-1.0,59.5,0.4328,41.09,51.59,BEARISH,HIGH,Strong trend (ADX=36); EARNINGS TODAY (2026-08-04); Last surprise: +5.4%; Earnings conf adj: -3,4.33,-1.0,1.0,0,2026-08-04,5.43,-3
2026-08-04T13:00:47,2026-08-04,BDX,HOLD,0,ADX Trend Following,LOW,1,35.63,170.21,4.04,0.0,6.06,0.0,0.0,2026-08-23,0.71,1.06,66.7,4.98,12.62,-28.81,-7.45,19.0,3,2026-04-16 to 2026-08-03 (75 days),-1.0,68.3,0.3316,151.87,153.64,BEARISH,MEDIUM,Strong trend (ADX=37); Earnings in 2d (2026-08-06); Last surprise: +4.7%; Earnings conf adj: -2,5.66,-1.0,1.0,2,2026-08-06,4.69,-2
2026-08-04T13:04:20,2026-08-04,RLI,HOLD,0,Composite Multi-Indicator,HIGH,5,35.62,61.29,7.85,0.0,19.57,0.0,0.0,2026-09-09,3.52,6.79,100.0,233.36,103.45,71.46,-7.15,36.0,1,2026-04-16 to 2026-08-03 (75 days),-1.0,53.5,0.4143,56.77,56.59,BULLISH,HIGH,Last surprise: +15.3%; Earnings conf adj: +1,4.53,-1.0,1.0,76,2026-10-19,15.28,1
2026-08-04T13:04:49,2026-08-04,AMG,HOLD,0,VWAP Trend,HIGH,4,35.62,380.89,8.2,0.0,4.89,0.0,0.0,2026-08-06,2.47,5.35,70.0,5.41,36.37,-90.63,-5.87,2.4,10,2026-04-16 to 2026-08-03 (75 days),-1.0,63.0,0.4012,345.38,300.32,BULLISH,HIGH,Last surprise: +4.7%,4.67,-1.0,1.0,-5,2026-07-30,4.67,0
2026-08-04T13:01:57,2026-08-04,MAR,HOLD,0,Stochastic Oscillator,HIGH,4,35.54,346.83,4.19,0.0,6.29,0.0,0.0,2026-08-26,1.38,2.12,100.0,69.03,21.31,34.64,-4.7,22.5,2,2026-04-16 to 2026-08-03 (75 days),-1.0,32.8,0.3413,378.46,334.62,BULLISH,MEDIUM,High volume; Price at statistical extreme; Last surprise: +3.6%,5.49,-1.0,1.0,91,2026-11-03,3.57,0
2026-08-04T13:04:53,2026-08-04,FLS,HOLD,0,Stochastic Oscillator,HIGH,5,35.53,76.54,8.06,0.0,12.09,0.0,0.0,2026-09-02,1.33,2.15,100.0,122.01,46.09,50.67,-10.67,29.5,2,2026-04-16 to 2026-08-03 (75 days),-1.0,59.7,0.4651,73.43,73.52,BEARISH,HIGH,Price at statistical extreme; Strong trend (ADX=39); Last surprise: +10.5%; Earnings conf adj: +1,4.03,-1.0,1.0,84,2026-10-27,10.47,1
2026-08-04T13:00:37,2026-08-04,AMD,HOLD,0,VWAP Trend,LOW,1,35.52,484.64,12.0,0.0,9.52,0.0,0.0,2026-08-06,2.0,5.48,55.6,3.18,131.59,-430.01,-11.33,2.1,9,2026-04-16 to 2026-08-03 (75 days),-1.0,46.7,0.8343,512.95,313.16,BULLISH,HIGH,EARNINGS TODAY (2026-08-04); Last surprise: +6.2%; Earnings conf adj: -3,2.25,-1.0,1.0,0,2026-08-04,6.2,-3
2026-08-04T13:02:06,2026-08-04,MU,HOLD,0,MACD Crossover,MEDIUM,3,35.52,829.5,12.0,0.0,22.81,0.0,0.0,2026-08-10,0.41,0.58,100.0,26.25,7.84,-652.74,-25.12,6.7,3,2026-04-16 to 2026-08-03 (75 days),-1.0,44.1,1.1189,966.71,521.15,BULLISH,HIGH,Last surprise: +21.2%; Earnings conf adj: +1,1.68,-1.0,1.0,50,2026-09-23,21.25,1
2026-08-04T13:03:34,2026-08-04,ARW,HOLD,0,EMA Crossover (9/21),LOW,1,35.52,216.81,5.47,0.0,5.8,0.0,0.0,2026-08-08,0.0,0.0,100.0,1.84,-0.38,-121.08,-3.88,4.5,2,2026-04-16 to 2026-08-03 (75 days),-1.0,55.4,0.3474,215.53,157.98,BULLISH,MEDIUM,Earnings in 2d (2026-08-06); Last surprise: +83.2%; Earnings conf adj: -1,5.4,-1.0,1.0,2,2026-08-06,83.16,-1
2026-08-04T13:00:30,2026-08-04,AAPL,HOLD,0,Stochastic Oscillator,HIGH,5,35.44,303.42,5.03,0.0,7.54,0.0,0.0,2026-08-13,2.68,20.63,100.0,111.34,33.78,-28.61,-1.19,9.0,1,2026-04-16 to 2026-08-03 (75 days),-1.0,40.3,0.3695,309.52,277.94,BULLISH,MEDIUM,Strong trend (ADX=38); Last surprise: +6.9%; Earnings conf adj: +1,5.07,-1.0,1.0,86,2026-10-29,6.88,1
2026-08-04T13:04:52,2026-08-04,CUBE,HOLD,0,Multi-Factor Momentum MR,HIGH,5,35.43,41.84,3.66,0.0,10.98,0.0,0.0,2026-10-03,1.15,1.86,100.0,59.13,21.17,-10.66,-5.06,60.0,1,2026-04-16 to 2026-08-03 (75 days),-1.0,55.8,0.245,40.5,38.01,BULLISH,MEDIUM,Last surprise: +8.3%; Earnings conf adj: +1,7.65,-1.0,1.0,86,2026-10-29,8.33,1
2026-08-04T13:02:50,2026-08-04,WAB,HOLD,0,Stochastic Oscillator,HIGH,5,35.42,296.47,6.6,0.0,9.9,0.0,0.0,2026-08-24,2.81,15.27,100.0,179.66,74.26,7.63,-2.29,20.0,1,2026-04-16 to 2026-08-03 (75 days),-1.0,63.5,0.4347,269.85,242.87,BULLISH,HIGH,Strong trend (ADX=33); Last surprise: +5.7%; Earnings conf adj: +1,4.31,-1.0,1.0,78,2026-10-21,5.75,1
2026-08-04T13:01:25,2026-08-04,FCX,HOLD,0,Stochastic Oscillator,HIGH,5,35.39,63.64,9.19,0.0,13.79,0.0,0.0,2026-08-23,1.48,2.56,100.0,130.6,50.12,70.78,-12.81,19.5,2,2026-04-16 to 2026-08-03 (75 days),-1.0,53.6,0.5051,63.53,56.97,BULLISH,HIGH,Last surprise: +19.4%; Earnings conf adj: +1,3.71,-1.0,1.0,79,2026-10-22,19.35,1
2026-08-04T13:04:55,2026-08-04,G,HOLD,0,EMA Crossover (9/21),MEDIUM,3,35.3,35.16,7.68,0.0,11.52,0.0,0.0,2026-08-21,2.17,5.89,100.0,137.23,54.36,65.65,-4.32,17.0,1,2026-04-16 to 2026-08-03 (75 days),-1.0,66.5,0.4662,31.03,37.86,BEARISH,HIGH,Strong trend (ADX=46); Earnings in 2d (2026-08-06); Last surprise: +6.5%; Earnings conf adj: -1,4.02,-1.0,1.0,2,2026-08-06,6.52,-1
2026-08-04T13:01:07,2026-08-04,CTAS,HOLD,0,Stochastic Oscillator,HIGH,4,35.27,204.01,5.16,0.0,7.74,0.0,0.0,2026-08-27,1.3,2.23,100.0,76.98,24.47,-37.61,-3.82,23.5,2,2026-04-16 to 2026-08-03 (75 days),-1.0,59.7,0.3849,183.59,184.42,BEARISH,MEDIUM,Strong trend (ADX=46); Last surprise: +2.4%,4.87,-1.0,1.0,50,2026-09-23,2.44,0
2026-08-04T13:00:30,2026-08-04,ABNB,HOLD,0,ADX Trend Following,LOW,0,35.17,150.64,4.15,0.0,6.23,0.0,0.0,2026-08-14,2.08,3.74,50.0,7.88,48.58,13.17,-4.02,10.5,4,2026-04-16 to 2026-08-03 (75 days),-1.0,58.1,0.3347,141.49,132.69,BULLISH,MEDIUM,Earnings in 2d (2026-08-06); Last surprise: -13.3%; Earnings conf adj: -3,5.6,-1.0,1.0,2,2026-08-06,-13.33,-3
2026-08-04T13:01:36,2026-08-04,HCA,HOLD,0,Composite Multi-Indicator,HIGH,4,35.13,406.61,6.87,0.0,10.3,0.0,0.0,2026-08-24,1.98,3.93,100.0,117.29,45.35,89.32,-5.36,20.0,1,2026-04-16 to 2026-08-03 (75 days),-1.0,56.2,0.503,387.0,455.92,BEARISH,HIGH,Last surprise: +1.2%,3.73,-1.0,1.0,80,2026-10-23,1.2,0
2026-08-04T13:04:43,2026-08-04,AVNT,HOLD,0,Stochastic Oscillator,MEDIUM,2,35.13,37.39,6.96,0.0,10.44,0.0,0.0,2026-09-05,1.26,2.06,100.0,107.02,40.17,39.8,-13.74,32.0,2,2026-04-16 to 2026-08-03 (75 days),-1.0,53.5,0.4486,36.24,34.66,BULLISH,HIGH,Earnings in 2d (2026-08-06); Last surprise: +2.5%; Earnings conf adj: -2,4.18,-1.0,1.0,2,2026-08-06,2.47,-2
2026-08-04T13:03:28,2026-08-04,SCI,HOLD,0,EMA Crossover (9/21),HIGH,4,35.04,85.93,4.2,0.0,6.3,0.0,0.0,2026-09-07,2.91,6.83,100.0,130.25,50.64,36.43,-3.1,34.0,1,2026-04-16 to 2026-08-03 (75 days),-1.0,70.7,0.256,76.64,79.0,BEARISH,MEDIUM,RSI overbought; Strong trend (ADX=59); Last surprise: +1.1%,7.32,-1.0,1.0,85,2026-10-28,1.12,0
2026-08-04T13:03:27,2026-08-04,BTSG,HOLD,0,MACD Crossover,HIGH,5,35.0,60.47,12.0,0.0,28.08,0.0,0.0,2026-08-26,3.15,9.82,100.0,98.16,36.58,-120.95,-1.17,22.0,1,2026-04-16 to 2026-08-03 (75 days),-1.0,36.5,0.7602,66.04,46.79,BULLISH,HIGH,Price at statistical extreme; Strong trend (ADX=30); Last surprise: +12.5%; Earnings conf adj: +1,2.47,-1.0,1.0,87,2026-10-30,12.5,1
2026-08-04T13:01:48,2026-08-04,JKHY,HOLD,0,Composite Multi-Indicator,HIGH,4,34.96,156.53,5.01,0.0,7.51,0.0,0.0,2026-10-03,2.55,3.98,100.0,196.35,83.42,76.44,-5.69,60.0,1,2026-04-16 to 2026-08-03 (75 days),-1.0,60.9,0.3416,140.33,158.44,BEARISH,MEDIUM,Strong trend (ADX=32); Last surprise: +9.9%,5.49,-1.0,1.0,14,2026-08-18,9.86,0
2026-08-04T13:03:54,2026-08-04,CBSH,HOLD,0,Composite Multi-Indicator,HIGH,4,34.95,59.67,2.17,0.0,7.59,0.0,0.0,2026-11-10,3.7,6.05,100.0,197.58,83.42,3.11,-4.21,98.0,1,2026-04-16 to 2026-08-03 (75 days),-1.0,61.4,0.1607,56.29,52.41,BULLISH,LOW,Strong trend (ADX=36); Last surprise: +4.8%,10.0,-1.0,1.0,72,2026-10-15,4.76,0
2026-08-04T13:05:00,2026-08-04,SNX,HOLD,0,MACD Crossover,HIGH,5,34.9,253.82,5.19,0.0,8.38,0.0,0.0,2026-08-16,1.36,2.34,100.0,51.91,17.68,-78.06,-4.12,12.5,2,2026-04-16 to 2026-08-03 (75 days),-1.0,52.0,0.301,259.27,191.68,BULLISH,MEDIUM,Last surprise: +17.1%; Earnings conf adj: +1,6.23,-1.0,1.0,51,2026-09-24,17.15,1
2026-08-04T13:02:19,2026-08-04,PNC,HOLD,0,Composite Multi-Indicator,HIGH,5,34.82,251.72,2.08,0.0,6.24,0.0,0.0,2026-10-06,3.36,5.96,100.0,173.28,71.65,9.29,-2.99,63.0,1,2026-04-16 to 2026-08-03 (75 days),-1.0,59.5,0.1643,238.52,213.8,BULLISH,LOW,Last surprise: +8.1%; Earnings conf adj: +1,10.0,-1.0,1.0,72,2026-10-15,8.09,1
2026-08-04T13:04:40,2026-08-04,PII,HOLD,0,Stochastic Oscillator,HIGH,5,34.81,70.64,9.78,0.0,13.22,0.0,0.0,2026-08-18,2.99,18.35,100.0,142.66,50.6,-123.98,-1.33,14.0,1,2026-04-16 to 2026-08-03 (75 days),-1.0,51.9,0.4487,69.16,64.03,BULLISH,HIGH,Last surprise: +177.5%; Earnings conf adj: +1,4.18,-1.0,1.0,83,2026-10-26,177.46,1
2026-08-04T13:01:32,2026-08-04,GIS,HOLD,0,VWAP Trend,HIGH,4,34.78,36.0,5.49,0.0,6.95,0.0,0.0,2026-08-10,1.39,2.42,54.5,2.08,40.49,27.36,-8.51,6.2,11,2026-04-16 to 2026-08-03 (75 days),-1.0,49.1,0.3546,34.87,39.64,BEARISH,MEDIUM,Last surprise: +18.7%; Earnings conf adj: +1,5.29,-1.0,1.0,50,2026-09-23,18.75,1
2026-08-04T13:01:58,2026-08-04,MAS,HOLD,0,ADX Trend Following,MEDIUM,3,34.78,74.73,7.4,0.0,14.8,0.0,0.0,2026-08-22,0.53,0.8,75.0,1.45,11.83,-62.97,-11.69,18.8,4,2026-04-16 to 2026-08-03 (75 days),-1.0,46.4,0.5271,75.03,68.15,BULLISH,HIGH,Last surprise: +25.2%; Earnings conf adj: +1,3.56,-1.0,1.0,86,2026-10-29,25.19,1
2026-08-04T13:04:23,2026-08-04,CNX,HOLD,0,SMA Crossover (10/50),HIGH,5,34.73,36.04,4.3,0.0,4.68,0.0,0.0,2026-08-09,1.93,24.23,100.0,37.62,13.0,41.43,-0.36,5.0,1,2026-04-16 to 2026-08-03 (75 days),-1.0,66.4,0.2659,33.64,36.77,BEARISH,MEDIUM,Price at statistical extreme; Last surprise: +29.1%; Earnings conf adj: +1,7.05,-1.0,1.0,86,2026-10-29,29.09,1
2026-08-04T13:00:53,2026-08-04,BX,HOLD,0,Stochastic Oscillator,HIGH,5,34.72,134.68,5.29,0.0,7.94,0.0,0.0,2026-08-21,3.09,6.95,100.0,121.65,44.31,22.02,-3.89,17.0,1,2026-04-16 to 2026-08-03 (75 days),-1.0,63.5,0.3696,121.8,130.23,BEARISH,MEDIUM,Last surprise: +13.4%; Earnings conf adj: +1,5.07,-1.0,1.0,79,2026-10-22,13.43,1
2026-08-04T13:02:45,2026-08-04,URI,HOLD,0,ADX Trend Following,HIGH,5,34.69,1115.92,7.72,0.0,23.16,0.0,0.0,2026-09-20,1.94,3.63,100.0,195.09,87.11,-157.63,-7.58,47.0,2,2026-04-16 to 2026-08-03 (75 days),-1.0,56.5,0.5059,1064.78,901.73,BULLISH,HIGH,Last surprise: +10.1%; Earnings conf adj: +1,3.71,-1.0,1.0,78,2026-10-21,10.09,1
2026-08-04T13:01:43,2026-08-04,ICE,HOLD,0,Momentum (Rate of Change),HIGH,4,34.68,151.8,4.18,0.0,6.27,0.0,0.0,2026-08-30,2.04,3.7,100.0,105.66,29.24,51.0,-3.93,26.0,1,2026-04-16 to 2026-08-03 (75 days),-1.0,64.0,0.2412,140.08,153.84,BEARISH,MEDIUM,Strong trend (ADX=62); Last surprise: +3.3%,7.77,-1.0,1.0,86,2026-10-29,3.26,0
2026-08-04T13:01:53,2026-08-04,L,HOLD,0,Composite Multi-Indicator,HIGH,4,34.67,116.25,2.31,0.0,6.93,0.0,0.0,2026-10-27,2.75,4.57,100.0,126.99,49.68,28.13,-5.1,84.0,1,2026-04-16 to 2026-08-03 (75 days),-1.0,55.5,0.1719,111.64,107.43,BULLISH,LOW,Last surprise: +52.1%,10.0,-1.0,1.0,90,2026-11-02,52.05,0
2026-08-04T13:02:49,2026-08-04,VTRS,HOLD,0,SMA Crossover (10/50),MEDIUM,3,34.64,17.63,4.25,0.0,10.62,0.0,0.0,2026-09-20,2.01,3.57,100.0,183.3,79.43,-44.82,-10.97,47.0,2,2026-04-16 to 2026-08-03 (75 days),-1.0,59.9,0.2941,16.5,13.85,BULLISH,MEDIUM,Strong trend (ADX=30); Earnings in 2d (2026-08-06); Last surprise: +18.0%; Earnings conf adj: -1,6.38,-1.0,1.0,2,2026-08-06,18.0,-1
2026-08-04T13:02:16,2026-08-04,PFG,HOLD,0,ADX Trend Following,HIGH,5,34.61,115.13,3.49,0.0,5.82,0.0,0.0,2026-08-16,1.22,1.65,66.7,11.4,18.05,-87.04,-6.16,12.7,3,2026-04-16 to 2026-08-03 (75 days),-1.0,62.0,0.2075,109.05,94.03,BULLISH,MEDIUM,Last surprise: +7.3%; Earnings conf adj: +1,9.04,-1.0,1.0,83,2026-10-26,7.3,1
2026-08-04T13:03:22,2026-08-04,CCK,HOLD,0,VWAP Trend,HIGH,5,34.57,119.87,4.6,0.0,5.08,0.0,0.0,2026-08-08,1.99,3.91,62.5,3.3,36.62,-26.02,-6.58,4.0,8,2026-04-16 to 2026-08-03 (75 days),-1.0,63.7,0.3225,106.85,103.19,BULLISH,MEDIUM,Strong trend (ADX=32); Last surprise: +15.3%; Earnings conf adj: +1,5.81,-1.0,1.0,76,2026-10-19,15.28,1
2026-08-04T13:03:15,2026-08-04,MLI,EXIT,-1,Stochastic Oscillator,HIGH,4,34.54,66.55,4.47,69.52,6.71,62.08,7.79,2026-08-27,2.01,5.07,100.0,112.03,37.3,-13.66,-4.01,23.0,1,2026-04-16 to 2026-08-03 (75 days),-1.0,62.8,0.3362,63.8,60.07,BULLISH,MEDIUM,Strong trend (ADX=54); Last surprise: +1.7%; Size: Kelly 10.0% / VolTgt 5.6% / Blend 7.8%,5.58,-1.0,1.0,77,2026-10-20,1.74,0
2026-08-04T13:02:36,2026-08-04,TECH,HOLD,0,Donchian Breakout (20/55),MEDIUM,2,34.46,72.14,1.5,0.0,2.58,0.0,0.0,2026-09-15,2.48,52.33,100.0,296.25,140.13,20.44,-0.72,42.0,1,2026-04-16 to 2026-08-03 (75 days),-1.0,74.8,0.0505,62.85,59.57,BULLISH,LOW,RSI overbought; Strong trend (ADX=72); Earnings in 1d (2026-08-05); Last surprise: +0.0%; Earnings conf adj: -2,10.0,-1.0,1.0,1,2026-08-05,0.0,-2
2026-08-04T13:03:41,2026-08-04,PRI,HOLD,0,SMA Crossover (10/50),MEDIUM,3,34.46,317.25,3.14,0.0,7.85,0.0,0.0,2026-09-19,3.12,7.07,100.0,124.88,48.22,-21.04,-2.01,46.0,1,2026-04-16 to 2026-08-03 (75 days),-1.0,63.0,0.2045,291.11,267.41,BULLISH,MEDIUM,Strong trend (ADX=48); Earnings in 1d (2026-08-05); Last surprise: +8.8%; Earnings conf adj: -1,9.17,-1.0,1.0,1,2026-08-05,8.76,-1
2026-08-04T13:03:50,2026-08-04,WAL,HOLD,0,VWAP Trend,LOW,1,34.32,82.82,4.36,0.0,6.44,0.0,0.0,2026-08-10,0.19,0.26,62.5,1.32,1.67,-27.31,-9.46,6.9,8,2026-04-16 to 2026-08-03 (75 days),-1.0,53.8,0.3112,81.01,80.59,BULLISH,MEDIUM,Last surprise: -3.0%,6.03,-1.0,1.0,78,2026-10-21,-2.98,0
2026-08-04T13:03:55,2026-08-04,GME,HOLD,0,Stochastic Oscillator,MEDIUM,3,34.28,19.06,6.44,0.0,9.66,0.0,0.0,2026-09-23,0.25,0.42,100.0,12.24,3.16,64.42,-7.23,50.0,1,2026-04-16 to 2026-08-03 (75 days),-1.0,27.2,0.4834,21.78,22.63,BEARISH,HIGH,RSI oversold; High volume; Price at statistical extreme; Last surprise: +87.5%; Earnings conf adj: +1,3.88,-1.0,1.0,35,2026-09-08,87.5,1
2026-08-04T13:00:46,2026-08-04,BAC,BUY,1,52-Week High Momentum,HIGH,5,34.24,62.48,2.08,61.18,6.24,66.38,9.69,2026-09-27,3.05,5.24,100.0,144.58,50.95,-21.58,-2.67,54.0,1,2026-04-16 to 2026-08-03 (75 days),0.742,64.9,0.1999,57.42,53.22,BULLISH,LOW,Last surprise: +8.0%; Earnings conf adj: +1; Size: Kelly 10.0% / VolTgt 9.4% / Blend 9.7%,9.38,-1.0,1.0,71,2026-10-14,8.04,1
2026-08-04T13:02:56,2026-08-04,XYZ,HOLD,0,Multi-Factor Momentum MR,MEDIUM,3,34.19,82.09,5.19,0.0,10.38,0.0,0.0,2026-08-30,2.61,5.4,100.0,215.73,96.6,12.95,-6.5,26.5,2,2026-04-16 to 2026-08-03 (75 days),-1.0,59.0,0.319,75.65,67.7,BULLISH,MEDIUM,Earnings in 1d (2026-08-05); Last surprise: +25.0%; Earnings conf adj: -1,5.88,-1.0,1.0,1,2026-08-05,25.0,-1
2026-08-04T13:02:53,2026-08-04,WRB,HOLD,0,VWAP Trend,HIGH,4,34.12,72.09,3.9,0.0,5.71,0.0,0.0,2026-08-11,0.89,1.39,66.7,1.7,14.55,-22.78,-6.67,7.6,9,2026-04-16 to 2026-08-03 (75 days),-1.0,50.0,0.2632,69.6,69.04,BULLISH,MEDIUM,Last surprise: +17.6%; Earnings conf adj: +1,7.12,-1.0,1.0,76,2026-10-19,17.59,1
2026-08-04T13:03:18,2026-08-04,EXEL,HOLD,0,MACD Crossover,MEDIUM,2,34.09,55.06,4.46,0.0,8.61,0.0,0.0,2026-08-16,2.41,5.55,75.0,29.68,56.21,-52.2,-5.11,12.2,4,2026-04-16 to 2026-08-03 (75 days),-1.0,50.9,0.3129,53.67,45.87,BULLISH,MEDIUM,High volume; Earnings in 1d (2026-08-05); Last surprise: +14.5%; Earnings conf adj: -2,5.99,-1.0,1.0,1,2026-08-05,14.47,-2
2026-08-04T13:03:15,2026-08-04,CSL,HOLD,0,Stochastic Oscillator,HIGH,5,34.08,371.86,8.45,0.0,12.67,0.0,0.0,2026-09-10,1.1,1.79,100.0,112.48,43.35,15.66,-12.71,37.0,2,2026-04-16 to 2026-08-03 (75 days),-1.0,59.6,0.5839,347.99,345.17,BULLISH,HIGH,Price at statistical extreme; Last surprise: +10.7%; Earnings conf adj: +1,3.21,-1.0,1.0,85,2026-10-28,10.71,1
2026-08-04T13:00:32,2026-08-04,ADM,HOLD,0,Stochastic Oscillator,LOW,1,34.02,78.06,4.14,0.0,6.21,0.0,0.0,2026-08-21,1.77,3.93,100.0,59.26,15.58,-42.56,-1.89,17.0,1,2026-04-16 to 2026-08-03 (75 days),-1.0,38.4,0.2834,80.2,69.08,BULLISH,MEDIUM,Strong trend (ADX=41); EARNINGS TODAY (2026-08-04); Last surprise: +7.6%; Earnings conf adj: -3,6.62,-1.0,1.0,0,2026-08-04,7.58,-3
2026-08-04T13:01:06,2026-08-04,CRWD,HOLD,1,VWAP Trend,LOW,1,34.02,202.54,9.07,184.17,8.87,220.51,0.0,2026-08-07,-0.69,-0.9,83.3,0.87,-15.64,-866.22,-17.79,3.2,6,2026-04-16 to 2026-08-03 (75 days),-1.0,62.0,0.6299,182.2,133.05,BULLISH,HIGH,Last surprise: +3.7%,2.98,-1.0,1.0,28,2026-09-01,3.7,0
2026-08-04T13:03:27,2026-08-04,FIVE,HOLD,0,Donchian Breakout (20/55),HIGH,5,34.0,216.7,5.19,0.0,6.94,0.0,0.0,2026-08-18,1.93,5.35,100.0,60.53,21.3,33.39,-1.74,14.0,1,2026-04-16 to 2026-08-03 (75 days),-1.0,68.3,0.2355,199.36,197.76,BULLISH,MEDIUM,Strong trend (ADX=54); Last surprise: +24.0%; Earnings conf adj: +1,7.96,-1.0,1.0,22,2026-08-26,24.02,1
2026-08-04T13:02:06,2026-08-04,MTB,HOLD,0,Composite Multi-Indicator,HIGH,5,33.97,249.48,2.83,0.0,8.49,0.0,0.0,2026-09-15,3.25,6.11,100.0,145.16,57.51,-7.28,-3.03,42.0,1,2026-04-16 to 2026-08-03 (75 days),-1.0,58.6,0.2291,233.9,211.36,BULLISH,MEDIUM,Last surprise: +14.2%; Earnings conf adj: +1,8.18,-1.0,1.0,73,2026-10-16,14.16,1
2026-08-04T13:04:13,2026-08-04,HOMB,HOLD,0,Composite Multi-Indicator,HIGH,4,33.96,31.28,2.82,0.0,9.87,0.0,0.0,2026-11-20,2.84,4.86,100.0,171.63,70.83,-4.47,-4.76,108.0,1,2026-04-16 to 2026-08-03 (75 days),-1.0,69.3,0.2153,28.65,27.68,BULLISH,MEDIUM,Strong trend (ADX=52); Last surprise: +4.9%,8.71,-1.0,1.0,71,2026-10-14,4.92,0
2026-08-04T13:00:42,2026-08-04,ARES,HOLD,0,Stochastic Oscillator,HIGH,4,33.92,138.57,7.86,0.0,11.79,0.0,0.0,2026-09-03,2.49,5.05,100.0,156.99,60.35,-28.0,-4.86,30.0,1,2026-04-16 to 2026-08-03 (75 days),-1.0,69.3,0.4322,123.67,131.85,BEARISH,HIGH,Price at statistical extreme; Last surprise: +1.6%,4.34,-1.0,1.0,-4,2026-07-31,1.57,0
2026-08-04T13:01:39,2026-08-04,HSIC,HOLD,0,Composite Multi-Indicator,LOW,1,33.91,86.51,3.29,0.0,4.94,0.0,0.0,2026-08-27,2.7,4.33,100.0,106.92,40.32,-6.98,-4.17,23.0,1,2026-04-16 to 2026-08-03 (75 days),-1.0,58.6,0.2178,82.06,76.39,BULLISH,MEDIUM,EARNINGS TODAY (2026-08-04); Last surprise: +8.2%; Earnings conf adj: -3,7.0,-1.0,1.0,0,2026-08-04,8.2,-3
2026-08-04T13:04:59,2026-08-04,ORI,HOLD,0,EMA Crossover (9/21),HIGH,4,33.91,43.33,3.89,0.0,5.83,0.0,0.0,2026-09-20,2.41,4.44,100.0,117.77,45.06,26.61,-4.12,47.0,1,2026-04-16 to 2026-08-03 (75 days),-1.0,60.0,0.2613,40.25,40.29,BEARISH,MEDIUM,Last surprise: -3.8%,7.18,-1.0,1.0,79,2026-10-22,-3.8,0
2026-08-04T13:04:17,2026-08-04,ASB,HOLD,0,Multi-Factor Momentum MR,MEDIUM,3,33.9,31.4,2.95,0.0,5.9,0.0,0.0,2026-09-15,1.69,2.71,100.0,67.75,24.57,-38.23,-4.85,42.0,1,2026-04-16 to 2026-08-03 (75 days),-1.0,59.9,0.2184,29.72,27.0,BULLISH,MEDIUM,Last surprise: -12.5%; Earnings conf adj: -1,8.59,-1.0,1.0,79,2026-10-22,-12.5,-1
2026-08-04T13:04:41,2026-08-04,IPGP,HOLD,0,Stochastic Oscillator,LOW,0,33.9,87.2,12.0,0.0,13.37,0.0,0.0,2026-08-10,0.9,1.55,100.0,36.85,12.72,79.68,-4.63,6.0,1,2026-04-16 to 2026-08-03 (75 days),-1.0,38.4,0.693,107.08,101.96,BULLISH,HIGH,Strong trend (ADX=48); EARNINGS TODAY (2026-08-04); Last surprise: -6.5%; Earnings conf adj: -3,2.71,-1.0,1.0,0,2026-08-04,-6.45,-3
2026-08-04T13:05:03,2026-08-04,COPX,HOLD,0,Stochastic Oscillator,MEDIUM,3,33.83,79.36,6.72,0.0,10.08,0.0,0.0,2026-08-25,0.82,1.27,100.0,72.28,24.22,47.91,-13.42,21.0,2,2026-04-16 to 2026-08-03 (75 days),-1.0,52.9,0.4763,80.49,76.68,BULLISH,HIGH,No special conditions,3.94,-1.0,1.0,-1,,,0
2026-08-04T13:00:38,2026-08-04,AME,HOLD,0,Composite Multi-Indicator,LOW,1,33.72,243.77,2.62,0.0,2.98,0.0,0.0,2026-08-08,2.43,25.11,100.0,14.67,4.72,-17.37,-0.1,4.0,1,2026-04-16 to 2026-08-03 (75 days),-1.0,59.7,0.1891,233.33,219.04,BULLISH,LOW,EARNINGS TODAY (2026-08-04); Last surprise: +3.7%; Earnings conf adj: -3,7.0,-1.0,1.0,0,2026-08-04,3.68,-3
2026-08-04T13:03:01,2026-08-04,MTZ,HOLD,0,MACD Crossover,MEDIUM,2,33.71,261.22,12.0,0.0,30.0,0.0,0.0,2026-08-19,0.42,0.65,100.0,28.58,9.03,74.89,-16.37,15.0,2,2026-04-16 to 2026-08-03 (75 days),-1.0,31.8,1.02,363.5,297.32,BULLISH,HIGH,High volume; Price at statistical extreme; Strong trend (ADX=41); Last surprise: -0.4%,1.84,-1.0,1.0,86,2026-10-29,-0.45,0
2026-08-04T13:01:06,2026-08-04,CSCO,HOLD,0,ADX Trend Following,HIGH,4,33.7,115.86,4.57,0.0,13.71,0.0,0.0,2026-09-20,2.26,4.08,100.0,290.29,138.2,-58.5,-15.33,47.5,2,2026-04-16 to 2026-08-03 (75 days),-1.0,52.7,0.3296,117.44,89.11,BULLISH,MEDIUM,Last surprise: +1.9%,5.69,-1.0,1.0,8,2026-08-12,1.92,0
2026-08-04T13:03:49,2026-08-04,VOYA,BUY,1,52-Week High Momentum,LOW,1,33.65,100.07,2.74,97.33,5.48,105.55,7.0,2026-11-16,4.76,9.23,100.0,342.89,171.76,-29.4,-4.12,104.0,1,2026-04-16 to 2026-08-03 (75 days),0.44,63.5,0.1718,92.16,77.59,BULLISH,LOW,Strong trend (ADX=38); EARNINGS TODAY (2026-08-04); Last surprise: +13.0%; Earnings conf adj: -3; Size: Kelly 7.0% / VolTgt 7.0% / Blend 7.0%,7.0,-1.0,1.0,0,2026-08-04,13.0,-3
2026-08-04T13:04:44,2026-08-04,CXT,HOLD,0,VWAP Trend,MEDIUM,3,33.61,53.65,5.02,0.0,7.01,0.0,0.0,2026-08-12,2.16,3.4,62.5,3.14,83.58,-14.83,-9.29,8.0,8,2026-04-16 to 2026-08-03 (75 days),-1.0,63.6,0.3149,46.36,49.25,BEARISH,MEDIUM,Earnings in 1d (2026-08-05); Last surprise: +5.3%; Earnings conf adj: -1,5.95,-1.0,1.0,1,2026-08-05,5.26,-1
2026-08-04T13:02:18,2026-08-04,PLD,HOLD,0,Stochastic Oscillator,HIGH,5,33.51,144.15,3.82,0.0,5.73,0.0,0.0,2026-08-22,1.51,3.61,100.0,56.74,17.4,9.96,-1.91,18.0,1,2026-04-16 to 2026-08-03 (75 days),-1.0,48.8,0.2701,143.57,133.89,BULLISH,MEDIUM,Last surprise: +48.0%; Earnings conf adj: +1,6.94,-1.0,1.0,71,2026-10-14,48.0,1
2026-08-04T13:00:35,2026-08-04,AFL,BUY,1,52-Week High Momentum,MEDIUM,2,33.39,126.71,1.92,124.28,4.8,132.79,10.0,2026-11-20,2.15,3.39,100.0,111.17,42.65,-4.49,-5.04,108.0,1,2026-04-16 to 2026-08-03 (75 days),0.19,61.6,0.151,119.83,112.66,BULLISH,LOW,Strong trend (ADX=37); Earnings in 2d (2026-08-06); Last surprise: -2.8%; Earnings conf adj: -2; Size: Kelly 10.0% / VolTgt 10.0% / Blend 10.0%,10.0,-1.0,1.0,2,2026-08-06,-2.78,-2
2026-08-04T13:04:19,2026-08-04,HRB,HOLD,0,ADX Trend Following,HIGH,4,33.38,45.19,8.17,0.0,23.17,0.0,0.0,2026-09-14,1.93,3.15,100.0,202.83,87.89,-150.13,-13.53,41.5,2,2026-04-16 to 2026-08-03 (75 days),-1.0,64.2,0.4567,39.11,37.94,BULLISH,HIGH,Strong trend (ADX=34); Last surprise: +4.3%,4.11,-1.0,1.0,7,2026-08-11,4.33,0
2026-08-04T13:04:35,2026-08-04,LIVN,HOLD,0,Composite Multi-Indicator,MEDIUM,3,33.32,82.46,4.16,0.0,8.32,0.0,0.0,2026-10-08,2.35,5.57,100.0,278.99,130.23,5.5,-11.73,65.0,1,2026-04-16 to 2026-08-03 (75 days),-1.0,57.7,0.2967,78.97,66.61,BULLISH,MEDIUM,Earnings in 1d (2026-08-05); Last surprise: +8.9%; Earnings conf adj: -1,6.32,-1.0,1.0,1,2026-08-05,8.89,-1
2026-08-04T13:01:24,2026-08-04,EXR,HOLD,0,EMA Crossover (9/21),HIGH,4,33.29,149.73,3.94,0.0,11.82,0.0,0.0,2026-09-08,0.62,0.84,100.0,29.37,9.3,-16.06,-4.92,35.0,2,2026-04-16 to 2026-08-03 (75 days),-1.0,55.2,0.2573,145.97,138.32,BULLISH,MEDIUM,Last surprise: +8.7%; Earnings conf adj: +1,7.29,-1.0,1.0,85,2026-10-28,8.7,1
2026-08-04T13:04:31,2026-08-04,FHI,HOLD,0,Stochastic Oscillator,HIGH,5,33.27,63.94,3.53,0.0,5.29,0.0,0.0,2026-09-05,2.29,5.37,100.0,128.68,47.94,-3.97,-4.48,32.0,1,2026-04-16 to 2026-08-03 (75 days),-1.0,69.7,0.3343,57.8,54.22,BULLISH,MEDIUM,Price at statistical extreme; Last surprise: +16.0%; Earnings conf adj: +1,5.61,-1.0,1.0,86,2026-10-29,15.97,1
2026-08-04T13:01:31,2026-08-04,GD,HOLD,0,Composite Multi-Indicator,HIGH,5,33.25,382.43,2.81,0.0,8.43,0.0,0.0,2026-09-27,2.26,3.96,100.0,125.2,48.87,-10.6,-5.7,54.0,1,2026-04-16 to 2026-08-03 (75 days),-1.0,59.9,0.1813,359.75,346.93,BULLISH,LOW,Last surprise: +6.8%; Earnings conf adj: +1,10.0,-1.0,1.0,85,2026-10-28,6.8,1
2026-08-04T13:02:36,2026-08-04,TAP,HOLD,0,SMA Crossover (10/50),MEDIUM,2,33.2,41.92,5.06,0.0,7.59,0.0,0.0,2026-08-15,1.65,2.94,100.0,45.95,16.12,28.97,-2.83,11.0,1,2026-04-16 to 2026-08-03 (75 days),-1.0,56.3,0.3381,40.29,43.81,BEARISH,MEDIUM,Earnings in 2d (2026-08-06); Last surprise: +72.2%; Earnings conf adj: -2,5.55,-1.0,1.0,2,2026-08-06,72.22,-2
2026-08-04T13:04:38,2026-08-04,POST,HOLD,0,Stochastic Oscillator,LOW,1,33.2,90.27,5.11,0.0,7.67,0.0,0.0,2026-10-05,0.25,0.34,100.0,11.04,3.11,31.45,-12.29,62.0,1,2026-04-16 to 2026-08-03 (75 days),-1.0,49.3,0.3481,90.54,99.31,BEARISH,MEDIUM,Strong trend (ADX=36); Earnings in 2d (2026-08-06); Last surprise: +10.9%; Earnings conf adj: -1,5.39,-1.0,1.0,2,2026-08-06,10.86,-1
2026-08-04T13:01:19,2026-08-04,EME,HOLD,0,EMA Crossover (9/21),HIGH,5,33.19,817.42,9.61,0.0,10.73,0.0,0.0,2026-08-07,1.65,22.75,100.0,19.44,6.05,-5.38,-0.2,3.0,1,2026-04-16 to 2026-08-03 (75 days),-1.0,57.0,0.7868,801.66,745.16,BULLISH,HIGH,Strong trend (ADX=36); Last surprise: +25.3%; Earnings conf adj: +1,2.38,-1.0,1.0,86,2026-10-29,25.31,1
2026-08-04T13:01:46,2026-08-04,IRM,HOLD,0,Composite Multi-Indicator,MEDIUM,2,33.16,124.08,5.96,0.0,3.98,0.0,0.0,2026-08-07,1.7,22.86,100.0,13.39,4.28,-18.12,-0.1,3.0,1,2026-04-16 to 2026-08-03 (75 days),-1.0,50.2,0.2917,125.0,105.98,BULLISH,MEDIUM,Earnings in 1d (2026-08-05); Last surprise: +15.4%; Earnings conf adj: -2,6.43,-1.0,1.0,1,2026-08-05,15.38,-2
2026-08-04T13:04:18,2026-08-04,NXST,HOLD,0,SMA Crossover (10/50),MEDIUM,3,33.16,192.49,5.29,0.0,7.48,0.0,0.0,2026-08-15,1.98,4.45,100.0,61.54,22.12,27.33,-3.25,11.0,1,2026-04-16 to 2026-08-03 (75 days),-1.0,61.3,0.2864,179.35,197.81,BEARISH,MEDIUM,Strong trend (ADX=39); Earnings in 2d (2026-08-06); Last surprise: +50.6%; Earnings conf adj: -1,6.55,-1.0,1.0,2,2026-08-06,50.57,-1
2026-08-04T13:03:52,2026-08-04,COLB,HOLD,0,Stochastic Oscillator,HIGH,4,33.11,31.5,3.46,0.0,4.37,0.0,0.0,2026-08-09,1.79,12.25,100.0,22.39,5.65,-33.16,-0.6,5.0,1,2026-04-16 to 2026-08-03 (75 days),-1.0,48.9,0.2482,31.1,28.59,BULLISH,MEDIUM,Strong trend (ADX=31); Last surprise: +4.1%,7.55,-1.0,1.0,86,2026-10-29,4.11,0
2026-08-04T13:01:58,2026-08-04,MAA,BUY,1,VWAP Trend,HIGH,5,33.08,133.47,2.83,129.69,4.83,139.92,9.22,2026-08-11,2.42,4.61,60.0,6.36,52.23,15.25,-4.9,7.6,10,2026-04-16 to 2026-08-03 (75 days),0.413,48.7,0.2225,133.88,129.28,BULLISH,MEDIUM,Last surprise: +33.3%; Earnings conf adj: +1; Size: Kelly 10.0% / VolTgt 8.4% / Blend 9.2%,8.43,-1.0,1.0,85,2026-10-28,33.33,1
2026-08-04T13:03:11,2026-08-04,BWXT,HOLD,0,VWAP Trend,LOW,0,33.07,173.79,8.72,0.0,5.4,0.0,0.0,2026-08-06,-0.64,-0.85,44.4,0.8,-11.03,50.74,-9.06,2.0,9,2026-04-16 to 2026-08-03 (75 days),-1.0,45.8,0.4846,187.64,196.95,BEARISH,HIGH,Strong trend (ADX=42); Last surprise: +20.4%,3.87,-1.0,1.0,90,2026-11-02,20.43,0
2026-08-04T13:01:43,2026-08-04,IFF,HOLD,0,Stochastic Oscillator,LOW,1,33.04,80.58,4.26,0.0,6.39,0.0,0.0,2026-09-14,1.49,3.17,100.0,180.61,74.54,25.58,-13.19,41.0,2,2026-04-16 to 2026-08-03 (75 days),-1.0,58.9,0.3392,76.77,71.51,BULLISH,MEDIUM,EARNINGS TODAY (2026-08-04); Last surprise: +16.8%; Earnings conf adj: -3,5.53,-1.0,1.0,0,2026-08-04,16.82,-3
2026-08-04T13:03:43,2026-08-04,OGE,HOLD,0,VWAP Trend,HIGH,4,33.04,47.37,2.61,0.0,2.12,0.0,0.0,2026-08-05,2.21,5.36,70.0,4.27,24.1,29.86,-2.32,1.9,10,2026-04-16 to 2026-08-03 (75 days),-1.0,41.9,0.1956,47.95,45.67,BULLISH,LOW,Last surprise: +1.8%,9.58,-1.0,1.0,85,2026-10-28,1.82,0
2026-08-04T13:05:08,2026-08-04,XLF,HOLD,0,ADX Trend Following,HIGH,4,33.01,57.38,1.5,0.0,4.5,0.0,0.0,2026-09-21,2.12,3.47,100.0,58.45,20.5,-20.73,-2.08,48.0,1,2026-04-16 to 2026-08-03 (75 days),-1.0,65.4,0.1343,54.23,52.52,BULLISH,LOW,No special conditions,10.0,-1.0,1.0,-1,,,0
2026-08-04T13:00:59,2026-08-04,CHTR,HOLD,0,EMA Crossover (9/21),HIGH,4,32.92,144.1,10.22,0.0,7.33,0.0,0.0,2026-08-08,0.99,3.05,100.0,13.79,4.06,85.41,-0.71,4.0,1,2026-04-16 to 2026-08-03 (75 days),-1.0,58.5,0.4653,136.24,191.7,BEARISH,HIGH,Last surprise: +6.0%; Earnings conf adj: +1,4.03,-1.0,1.0,87,2026-10-30,5.96,1
2026-08-04T13:01:50,2026-08-04,KKR,HOLD,0,Composite Multi-Indicator,HIGH,5,32.9,106.56,5.25,0.0,5.13,0.0,0.0,2026-08-07,1.81,89.64,100.0,49.58,17.51,0.75,-0.1,3.0,1,2026-04-16 to 2026-08-03 (75 days),-1.0,65.8,0.3764,96.2,106.82,BEARISH,MEDIUM,Price at statistical extreme; Last surprise: +14.0%; Earnings conf adj: +1,4.98,-1.0,1.0,-5,2026-07-30,13.99,1
2026-08-04T13:00:37,2026-08-04,AMCR,HOLD,0,ADX Trend Following,HIGH,4,32.87,46.02,4.31,0.0,13.98,0.0,0.0,2026-08-26,1.01,1.46,66.7,2.58,25.52,-42.41,-6.97,22.3,3,2026-04-16 to 2026-08-03 (75 days),-1.0,61.3,0.3759,41.79,41.27,BULLISH,MEDIUM,Strong trend (ADX=31); Last surprise: +1.1%,4.99,-1.0,1.0,8,2026-08-12,1.05,0
2026-08-04T13:01:46,2026-08-04,IVZ,HOLD,0,Stochastic Oscillator,HIGH,5,32.85,30.91,6.72,0.0,10.08,0.0,0.0,2026-09-01,2.33,5.46,100.0,143.87,51.66,-91.06,-2.87,28.0,1,2026-04-16 to 2026-08-03 (75 days),-1.0,61.5,0.4507,28.28,25.92,BULLISH,HIGH,Last surprise: +7.6%; Earnings conf adj: +1,4.16,-1.0,1.0,84,2026-10-27,7.58,1
2026-08-04T13:04:58,2026-08-04,MSM,BUY,1,52-Week High Momentum,HIGH,5,32.84,124.91,3.96,119.96,13.86,142.22,9.62,2026-11-20,3.5,7.05,100.0,289.21,136.54,-31.71,-4.96,108.0,1,2026-04-16 to 2026-08-03 (75 days),0.373,57.7,0.2027,118.22,96.23,BULLISH,MEDIUM,Strong trend (ADX=34); Last surprise: +12.6%; Earnings conf adj: +1; Size: Kelly 10.0% / VolTgt 9.2% / Blend 9.6%,9.25,-1.0,1.0,79,2026-10-22,12.6,1
2026-08-04T13:00:44,2026-08-04,AVY,HOLD,0,Stochastic Oscillator,HIGH,5,32.8,172.27,5.17,0.0,7.75,0.0,0.0,2026-11-04,1.11,1.93,100.0,78.72,28.99,13.68,-7.61,92.0,1,2026-04-16 to 2026-08-03 (75 days),-1.0,61.0,0.3801,160.55,170.99,BEARISH,MEDIUM,Strong trend (ADX=37); Last surprise: +17.0%; Earnings conf adj: +1,4.93,-1.0,1.0,78,2026-10-21,17.0,1
2026-08-04T13:04:02,2026-08-04,CAVA,HOLD,0,SMA Crossover (10/50),HIGH,4,32.8,64.47,10.5,0.0,10.34,0.0,0.0,2026-08-12,0.66,1.14,100.0,27.49,8.93,78.28,-5.9,8.0,1,2026-04-16 to 2026-08-03 (75 days),-1.0,38.8,0.4644,74.73,70.72,BULLISH,HIGH,Last surprise: +17.6%; Earnings conf adj: +1,4.04,-1.0,1.0,7,2026-08-11,17.65,1
2026-08-04T13:02:41,2026-08-04,TSCO,HOLD,0,ADX Trend Following,MEDIUM,3,32.78,32.11,5.43,0.0,8.14,0.0,0.0,2026-08-18,1.39,2.72,100.0,58.74,20.62,87.12,-5.0,14.0,1,2026-04-16 to 2026-08-03 (75 days),-1.0,58.1,0.3349,30.6,43.84,BEARISH,MEDIUM,Price at statistical extreme; Last surprise: -15.9%; Earnings conf adj: -1,5.6,-1.0,1.0,79,2026-10-22,-15.85,-1
2026-08-04T13:04:26,2026-08-04,UFPI,BUY,1,VWAP Trend,MEDIUM,3,32.77,91.68,7.33,84.96,11.0,101.76,7.3,2026-08-18,0.63,0.94,80.0,3.17,13.41,13.67,-10.24,14.2,5,2026-04-16 to 2026-08-03 (75 days),0.742,60.4,0.4068,85.24,91.98,BEARISH,HIGH,Price at statistical extreme; Strong trend (ADX=39); Last surprise: +5.0%; Size: Kelly 10.0% / VolTgt 4.6% / Blend 7.3%,4.61,-1.0,1.0,83,2026-10-26,4.96,0
2026-08-04T13:02:33,2026-08-04,STE,HOLD,0,Stochastic Oscillator,LOW,1,32.75,232.64,3.89,0.0,5.83,0.0,0.0,2026-08-22,0.74,1.12,100.0,39.47,11.9,-10.34,-5.88,18.5,2,2026-04-16 to 2026-08-03 (75 days),-1.0,63.7,0.3744,213.55,233.67,BEARISH,MEDIUM,Strong trend (ADX=35); Earnings in 1d (2026-08-05); Last surprise: -0.7%; Earnings conf adj: -2,5.01,-1.0,1.0,1,2026-08-05,-0.7,-2
2026-08-04T13:03:08,2026-08-04,WPC,HOLD,0,Stochastic Oscillator,HIGH,5,32.73,72.91,3.22,0.0,4.83,0.0,0.0,2026-09-01,1.41,2.99,100.0,53.01,15.22,10.64,-3.29,28.0,1,2026-04-16 to 2026-08-03 (75 days),-1.0,45.2,0.2086,73.24,68.92,BULLISH,MEDIUM,Strong trend (ADX=34); Last surprise: +27.8%; Earnings conf adj: +1,8.99,-1.0,1.0,84,2026-10-27,27.78,1
2026-08-04T13:02:16,2026-08-04,PG,HOLD,0,VWAP Trend,MEDIUM,2,32.72,144.97,3.79,0.0,5.34,0.0,0.0,2026-08-13,0.37,0.56,66.7,1.58,5.65,-4.3,-5.37,9.4,9,2026-04-16 to 2026-08-03 (75 days),-1.0,45.6,0.2211,146.44,145.86,BULLISH,MEDIUM,Last surprise: +1.4%,8.48,-1.0,1.0,79,2026-10-22,1.42,0
2026-08-04T13:01:21,2026-08-04,ESS,HOLD,0,PEAD Earnings Drift,MEDIUM,3,32.71,285.88,3.18,0.0,6.36,0.0,0.0,2026-10-31,2.59,4.3,100.0,127.23,49.29,-17.91,-4.11,88.0,1,2026-04-16 to 2026-08-03 (75 days),-1.0,45.6,0.2435,285.4,259.54,BULLISH,MEDIUM,Last surprise: -36.1%; Earnings conf adj: -1,7.7,-1.0,1.0,84,2026-10-27,-36.05,-1
2026-08-04T13:01:09,2026-08-04,DD,HOLD,0,Stochastic Oscillator,LOW,1,32.66,141.28,3.53,0.0,5.29,0.0,0.0,2026-08-23,1.56,2.84,100.0,46.6,15.59,11.67,-2.68,19.0,1,2026-04-16 to 2026-08-03 (75 days),-1.0,56.2,0.2252,139.84,132.3,BULLISH,MEDIUM,EARNINGS TODAY (2026-08-04); Last surprise: +13.8%; Earnings conf adj: -3,7.0,-1.0,1.0,0,2026-08-04,13.79,-3
2026-08-04T13:02:10,2026-08-04,NTRS,HOLD,0,Composite Multi-Indicator,MEDIUM,3,32.62,182.2,3.8,0.0,7.6,0.0,0.0,2026-09-07,1.23,1.78,100.0,57.46,20.41,-49.09,-7.05,34.0,2,2026-04-16 to 2026-08-03 (75 days),-1.0,53.8,0.2491,176.15,150.35,BULLISH,MEDIUM,Last surprise: -8.4%; Earnings conf adj: -1,7.53,-1.0,1.0,78,2026-10-21,-8.44,-1
2026-08-04T13:02:46,2026-08-04,V,HOLD,0,EMA Crossover (9/21),HIGH,4,32.58,365.67,3.35,0.0,10.05,0.0,0.0,2026-09-20,2.48,5.13,100.0,105.82,39.85,-27.33,-4.03,47.0,1,2026-04-16 to 2026-08-03 (75 days),-1.0,62.7,0.2034,341.14,329.56,BULLISH,MEDIUM,Last surprise: +2.8%,9.22,-1.0,1.0,84,2026-10-27,2.79,0
2026-08-04T13:02:06,2026-08-04,MTD,HOLD,0,ADX Trend Following,MEDIUM,2,32.55,1445.0,4.53,0.0,6.79,0.0,0.0,2026-08-19,0.3,0.36,75.0,1.29,4.22,-42.62,-21.29,15.2,4,2026-04-16 to 2026-08-03 (75 days),-1.0,73.8,0.3166,1238.53,1319.21,BEARISH,MEDIUM,RSI overbought; Price at statistical extreme; Strong trend (ADX=34); Last surprise: +6.0%; Earnings conf adj: +1,5.92,-1.0,1.0,-5,2026-07-30,6.01,1
2026-08-04T13:01:28,2026-08-04,FFIV,BUY,1,PEAD Earnings Drift,HIGH,5,32.54,406.35,6.6,379.53,5.94,430.49,7.48,2026-08-08,2.07,43.62,100.0,44.27,14.7,-142.07,-0.3,4.0,1,2026-04-16 to 2026-08-03 (75 days),0.325,52.0,0.3773,401.49,311.3,BULLISH,MEDIUM,Strong trend (ADX=30); Last surprise: +18.3%; Earnings conf adj: +1; Size: Kelly 10.0% / VolTgt 5.0% / Blend 7.5%,4.97,-1.0,1.0,83,2026-10-26,18.25,1
2026-08-04T13:02:46,2026-08-04,VLO,HOLD,0,Composite Multi-Indicator,HIGH,5,32.54,307.54,5.5,0.0,16.5,0.0,0.0,2026-10-31,2.95,5.24,100.0,311.44,150.68,16.93,-9.62,88.0,1,2026-04-16 to 2026-08-03 (75 days),-1.0,62.1,0.395,270.44,217.22,BULLISH,MEDIUM,Last surprise: +23.8%; Earnings conf adj: +1,4.75,-1.0,1.0,79,2026-10-22,23.79,1
2026-08-04T13:03:28,2026-08-04,AA,HOLD,0,Composite Multi-Indicator,MEDIUM,3,32.53,44.84,6.28,0.0,11.69,0.0,0.0,2026-08-18,0.72,1.28,100.0,30.28,10.3,88.67,-7.13,14.0,1,2026-04-16 to 2026-08-03 (75 days),-1.0,37.2,0.3967,57.5,56.02,BULLISH,MEDIUM,Strong trend (ADX=40); Last surprise: -3.2%,4.73,-1.0,1.0,72,2026-10-15,-3.2,0
2026-08-04T13:01:13,2026-08-04,DOV,HOLD,0,VWAP Trend,LOW,1,32.5,205.72,4.71,0.0,5.07,0.0,0.0,2026-08-06,0.3,0.44,72.7,1.45,2.71,14.79,-3.54,2.9,11,2026-04-16 to 2026-08-03 (75 days),-1.0,45.3,0.3781,214.26,206.28,BULLISH,MEDIUM,Strong trend (ADX=35); Last surprise: +0.7%,4.96,-1.0,1.0,79,2026-10-22,0.74,0
2026-08-04T13:02:51,2026-08-04,WDAY,HOLD,0,VWAP Trend,HIGH,5,32.49,165.05,12.0,0.0,16.45,0.0,0.0,2026-08-12,1.86,3.26,66.7,2.28,156.67,-1.91,-24.63,8.7,9,2026-04-16 to 2026-08-03 (75 days),-1.0,64.3,0.7083,137.0,165.22,BEARISH,HIGH,Last surprise: +5.6%; Earnings conf adj: +1,2.65,-1.0,1.0,23,2026-08-27,5.56,1
2026-08-04T13:00:38,2026-08-04,AMP,HOLD,0,Donchian Breakout (20/55),HIGH,4,32.41,552.07,3.41,0.0,9.9,0.0,0.0,2026-09-05,3.07,5.67,100.0,127.61,49.96,-39.93,-3.4,32.0,1,2026-04-16 to 2026-08-03 (75 days),-1.0,72.0,0.2223,485.49,474.6,BULLISH,MEDIUM,RSI overbought; Strong trend (ADX=38); Last surprise: +2.4%,8.44,-1.0,1.0,86,2026-10-29,2.41,0
2026-08-04T13:03:57,2026-08-04,VLY,HOLD,0,Composite Multi-Indicator,HIGH,4,32.37,14.5,3.2,0.0,11.2,0.0,0.0,2026-10-28,1.57,2.38,100.0,92.92,34.83,-10.53,-6.19,85.0,1,2026-04-16 to 2026-08-03 (75 days),-1.0,51.4,0.2048,14.28,12.55,BULLISH,MEDIUM,Strong trend (ADX=37); Last surprise: -3.2%,9.16,-1.0,1.0,86,2026-10-29,-3.23,0
2026-08-04T13:00:36,2026-08-04,ALB,HOLD,0,Composite Multi-Indicator,LOW,1,32.3,118.71,6.27,0.0,8.57,0.0,0.0,2026-08-16,0.37,0.57,100.0,9.73,3.0,89.78,-3.75,12.0,1,2026-04-16 to 2026-08-03 (75 days),-1.0,36.7,0.3143,142.58,152.03,BEARISH,MEDIUM,Strong trend (ADX=37); Earnings in 1d (2026-08-05); Last surprise: +125.2%; Earnings conf adj: -1,5.97,-1.0,1.0,1,2026-08-05,125.19,-1
2026-08-04T13:01:06,2026-08-04,CRL,BUY,1,PEAD Earnings Drift,MEDIUM,3,32.3,230.87,7.75,212.98,19.38,275.61,7.33,2026-10-09,2.69,6.04,100.0,276.57,128.73,-18.71,-6.38,66.0,1,2026-04-16 to 2026-08-03 (75 days),0.845,58.1,0.4024,206.02,187.51,BULLISH,HIGH,Strong trend (ADX=30); Earnings in 1d (2026-08-05); Last surprise: +5.6%; Earnings conf adj: -1; Size: Kelly 10.0% / VolTgt 4.7% / Blend 7.3%,4.66,-1.0,1.0,1,2026-08-05,5.64,-1
2026-08-04T13:00:36,2026-08-04,ALL,HOLD,0,Composite Multi-Indicator,MEDIUM,2,32.29,262.68,4.04,0.0,10.1,0.0,0.0,2026-09-08,3.06,5.55,100.0,172.93,71.48,-33.54,-6.62,35.0,1,2026-04-16 to 2026-08-03 (75 days),-1.0,60.8,0.3286,235.91,212.74,BULLISH,MEDIUM,Strong trend (ADX=41); Earnings in 1d (2026-08-05); Last surprise: +47.1%; Earnings conf adj: -2,5.71,-1.0,1.0,1,2026-08-05,47.1,-2
2026-08-04T13:01:03,2026-08-04,COHR,HOLD,0,VWAP Trend,HIGH,4,32.29,288.14,12.0,0.0,12.38,0.0,0.0,2026-08-06,3.58,9.01,75.0,5.51,571.35,607.03,-14.22,2.2,8,2026-04-16 to 2026-08-03 (75 days),-1.0,46.7,1.0597,346.01,255.84,BULLISH,HIGH,Strong trend (ADX=34); Last surprise: +1.4%,1.77,-1.0,1.0,8,2026-08-12,1.44,0
2026-08-04T13:03:37,2026-08-04,CYTK,HOLD,0,MACD Crossover,MEDIUM,2,32.26,76.45,5.63,0.0,10.59,0.0,0.0,2026-08-28,1.06,1.81,100.0,64.31,22.74,-47.25,-6.2,24.0,2,2026-04-16 to 2026-08-03 (75 days),-1.0,39.6,0.2744,78.54,68.01,BULLISH,MEDIUM,Earnings in 2d (2026-08-06); Last surprise: -1.2%; Earnings conf adj: -2,6.83,-1.0,1.0,2,2026-08-06,-1.21,-2
2026-08-04T13:01:08,2026-08-04,CVNA,HOLD,0,Stochastic Oscillator,MEDIUM,3,32.25,66.13,12.0,0.0,18.0,0.0,0.0,2026-09-08,0.41,0.58,100.0,33.17,8.38,35.09,-15.16,35.0,2,2026-04-16 to 2026-08-03 (75 days),-1.0,51.1,0.6489,66.73,72.29,BEARISH,HIGH,Last surprise: +10.5%; Earnings conf adj: +1,2.89,-1.0,1.0,85,2026-10-28,10.53,1
2026-08-04T13:02:48,2026-08-04,VRSK,HOLD,0,VWAP Trend,MEDIUM,3,32.25,193.11,8.83,0.0,11.52,0.0,0.0,2026-08-14,1.77,3.03,42.9,2.56,61.11,28.69,-13.57,10.9,7,2026-04-16 to 2026-08-03 (75 days),-1.0,49.1,0.4431,185.74,198.12,BEARISH,HIGH,Strong trend (ADX=31); Last surprise: +2.6%,4.23,-1.0,1.0,85,2026-10-28,2.59,0
2026-08-04T13:03:30,2026-08-04,CGNX,HOLD,0,Stochastic Oscillator,MEDIUM,3,32.23,67.44,9.15,0.0,13.73,0.0,0.0,2026-08-23,2.16,4.06,100.0,205.82,91.33,-10.21,-15.69,19.5,2,2026-04-16 to 2026-08-03 (75 days),-1.0,57.9,0.5478,64.75,51.04,BULLISH,HIGH,Strong trend (ADX=31); Earnings in 1d (2026-08-05); Last surprise: +36.0%; Earnings conf adj: -1,3.42,-1.0,1.0,1,2026-08-05,36.0,-1
2026-08-04T13:02:07,2026-08-04,NCLH,HOLD,0,ADX Trend Following,HIGH,4,32.2,19.76,9.54,0.0,14.31,0.0,0.0,2026-08-14,0.81,1.32,75.0,2.06,23.04,27.56,-12.31,10.0,4,2026-04-16 to 2026-08-03 (75 days),-1.0,51.2,0.6057,19.36,20.27,BEARISH,HIGH,Last surprise: +23.1%; Earnings conf adj: +1,3.1,-1.0,1.0,-5,2026-07-30,23.08,1
2026-08-04T13:03:28,2026-08-04,WTS,HOLD,0,VWAP Trend,MEDIUM,3,32.17,350.52,3.98,0.0,2.92,0.0,0.0,2026-08-06,1.59,4.43,55.6,3.08,33.32,-38.24,-3.69,2.2,9,2026-04-16 to 2026-08-03 (75 days),-1.0,54.2,0.25,338.89,303.58,BULLISH,MEDIUM,Earnings in 1d (2026-08-05); Last surprise: +13.0%; Earnings conf adj: -1,7.5,-1.0,1.0,1,2026-08-05,13.01,-1
2026-08-04T13:01:23,2026-08-04,EW,HOLD,0,Stochastic Oscillator,HIGH,5,32.16,88.82,4.43,0.0,6.64,0.0,0.0,2026-08-16,1.71,4.31,100.0,51.74,15.54,-33.17,-2.84,12.0,1,2026-04-16 to 2026-08-03 (75 days),-1.0,55.8,0.2566,87.71,83.76,BULLISH,MEDIUM,Last surprise: +5.4%; Earnings conf adj: +1,7.31,-1.0,1.0,86,2026-10-29,5.41,1
2026-08-04T13:02:47,2026-08-04,USB,BUY,1,52-Week High Momentum,HIGH,4,32.13,63.94,2.88,62.1,8.64,69.46,9.3,2026-09-25,1.81,2.78,100.0,93.12,29.96,-36.96,-3.12,52.0,1,2026-04-16 to 2026-08-03 (75 days),0.25,59.8,0.2178,59.54,53.93,BULLISH,MEDIUM,Last surprise: +4.7%; Size: Kelly 10.0% / VolTgt 8.6% / Blend 9.3%,8.61,-1.0,1.0,72,2026-10-15,4.65,0
2026-08-04T13:04:45,2026-08-04,PK,HOLD,0,Momentum (Rate of Change),MEDIUM,2,32.1,15.12,4.29,0.0,8.58,0.0,0.0,2026-11-20,3.73,7.05,100.0,347.35,174.84,-21.75,-7.08,108.0,1,2026-04-16 to 2026-08-03 (75 days),-1.0,62.5,0.245,14.02,11.35,BULLISH,MEDIUM,Earnings in 2d (2026-08-06); Last surprise: +37.5%; Earnings conf adj: -2,7.65,-1.0,1.0,2,2026-08-06,37.5,-2
2026-08-04T13:03:51,2026-08-04,PB,BUY,1,Momentum (Rate of Change),HIGH,4,32.07,75.25,2.38,73.46,7.14,80.62,10.0,2026-10-09,2.15,3.13,100.0,99.3,37.53,0.15,-5.29,66.0,1,2026-04-16 to 2026-08-03 (75 days),0.373,64.1,0.1875,71.52,68.74,BULLISH,LOW,Last surprise: +4.5%; Size: Kelly 10.0% / VolTgt 10.0% / Blend 10.0%,10.0,-1.0,1.0,-6,2026-07-29,4.52,0
2026-08-04T13:00:56,2026-08-04,CCL,HOLD,0,Stochastic Oscillator,HIGH,4,32.02,28.74,5.15,0.0,7.73,0.0,0.0,2026-08-29,0.81,1.5,100.0,71.24,23.05,1.57,-12.66,25.5,2,2026-04-16 to 2026-08-03 (75 days),-1.0,60.1,0.3904,27.67,27.78,BEARISH,MEDIUM,Price at statistical extreme; Strong trend (ADX=32); Last surprise: +20.6%; Earnings conf adj: +1,4.8,-1.0,1.0,55,2026-09-28,20.59,1
2026-08-04T13:04:35,2026-08-04,KNF,HOLD,0,Stochastic Oscillator,LOW,1,32.0,78.84,8.7,0.0,13.05,0.0,0.0,2026-08-31,1.34,2.17,100.0,139.72,50.62,69.55,-12.6,27.5,2,2026-04-16 to 2026-08-03 (75 days),-1.0,49.0,0.4864,79.97,78.32,BULLISH,HIGH,High volume; EARNINGS TODAY (2026-08-04); Last surprise: -5.3%; Earnings conf adj: -3,3.85,-1.0,1.0,0,2026-08-04,-5.3,-3
2026-08-04T13:04:11,2026-08-04,TXNM,HOLD,0,Stochastic Oscillator,HIGH,4,31.96,57.6,1.5,0.0,2.25,0.0,0.0,2026-09-10,1.01,1.79,100.0,23.96,4.4,9.91,-1.9,37.0,1,2026-04-16 to 2026-08-03 (75 days),-1.0,48.4,0.0663,57.78,57.95,BEARISH,LOW,Last surprise: +1.8%,10.0,-1.0,1.0,87,2026-10-30,1.75,0
2026-08-04T13:03:05,2026-08-04,LSCC,HOLD,0,VWAP Trend,LOW,1,31.91,127.18,12.0,0.0,9.71,0.0,0.0,2026-08-06,1.19,2.06,66.7,1.99,41.59,-13.14,-10.8,2.8,9,2026-04-16 to 2026-08-03 (75 days),-1.0,47.1,0.7367,138.6,101.53,BULLISH,HIGH,EARNINGS TODAY (2026-08-04); Last surprise: +10.8%; Earnings conf adj: -3,2.54,-1.0,1.0,0,2026-08-04,10.81,-3
2026-08-04T13:03:16,2026-08-04,UNM,HOLD,0,VWAP Trend,HIGH,4,31.84,90.11,3.92,0.0,4.93,0.0,0.0,2026-08-07,1.27,2.06,75.0,3.87,21.65,-41.44,-5.95,3.8,8,2026-04-16 to 2026-08-03 (75 days),-1.0,57.2,0.3214,87.56,78.28,BULLISH,MEDIUM,Strong trend (ADX=30); Last surprise: +0.5%,5.83,-1.0,1.0,-7,2026-07-28,0.47,0
2026-08-04T13:04:45,2026-08-04,ASH,BUY,1,Momentum (Rate of Change),HIGH,4,31.82,71.75,5.47,67.83,19.14,85.48,7.6,2026-10-24,2.7,5.28,100.0,286.16,132.24,13.98,-6.6,81.0,1,2026-04-16 to 2026-08-03 (75 days),0.567,65.3,0.36,64.4,57.8,BULLISH,MEDIUM,Strong trend (ADX=39); Last surprise: +4.1%; Size: Kelly 10.0% / VolTgt 5.2% / Blend 7.6%,5.21,-1.0,1.0,-7,2026-07-28,4.08,0
2026-08-04T13:01:10,2026-08-04,DE,HOLD,0,Stochastic Oscillator,HIGH,4,31.81,605.06,4.54,0.0,6.81,0.0,0.0,2026-09-01,0.87,1.43,100.0,66.25,21.86,8.16,-10.57,28.0,2,2026-04-16 to 2026-08-03 (75 days),-1.0,50.9,0.346,589.0,546.1,BULLISH,MEDIUM,Last surprise: +14.9%; Earnings conf adj: +1,5.42,-1.0,1.0,16,2026-08-20,14.91,1
2026-08-04T13:02:34,2026-08-04,SW,HOLD,0,Multi-Factor Momentum MR,MEDIUM,3,31.75,46.88,9.34,0.0,18.68,0.0,0.0,2026-09-02,1.12,1.98,100.0,114.34,44.78,-16.59,-10.43,29.0,2,2026-04-16 to 2026-08-03 (75 days),-1.0,54.3,0.6005,43.9,40.8,BULLISH,HIGH,Last surprise: -16.7%; Earnings conf adj: -1,3.12,-1.0,1.0,85,2026-10-28,-16.67,-1
2026-08-04T13:01:26,2026-08-04,FE,HOLD,0,Donchian Breakout (20/55),HIGH,4,31.74,48.43,2.34,0.0,8.19,0.0,0.0,2026-09-20,1.37,2.35,100.0,48.63,16.74,27.42,-3.23,47.0,1,2026-04-16 to 2026-08-03 (75 days),-1.0,49.8,0.1645,47.56,46.93,BULLISH,LOW,Strong trend (ADX=32); Last surprise: +0.0%,10.0,-1.0,1.0,78,2026-10-21,0.0,0
2026-08-04T13:01:48,2026-08-04,JNJ,HOLD,0,Composite Multi-Indicator,HIGH,4,31.74,254.41,4.0,0.0,12.0,0.0,0.0,2026-10-06,2.15,3.56,100.0,137.25,54.36,19.85,-7.57,63.0,1,2026-04-16 to 2026-08-03 (75 days),-1.0,50.2,0.2682,245.65,225.13,BULLISH,MEDIUM,Last surprise: +1.8%,6.99,-1.0,1.0,70,2026-10-13,1.75,0
2026-08-04T13:04:09,2026-08-04,CROX,HOLD,0,MACD Crossover,HIGH,4,31.74,134.89,8.85,0.0,16.86,0.0,0.0,2026-08-24,1.48,2.52,100.0,90.66,33.65,-123.23,-4.64,20.0,2,2026-04-16 to 2026-08-03 (75 days),-1.0,56.2,0.4786,125.74,97.76,BULLISH,HIGH,Last surprise: +4.6%,3.92,-1.0,1.0,86,2026-10-29,4.6,0
2026-08-04T13:02:29,2026-08-04,SHW,BUY,1,PEAD Earnings Drift,HIGH,5,31.72,354.22,6.61,330.81,6.11,375.86,7.1,2026-08-07,1.75,47.27,100.0,38.23,12.85,-11.22,-0.2,3.0,1,2026-04-16 to 2026-08-03 (75 days),0.258,61.6,0.448,324.18,331.59,BEARISH,HIGH,Last surprise: +5.1%; Earnings conf adj: +1; Size: Kelly 10.0% / VolTgt 4.2% / Blend 7.1%,4.19,-1.0,1.0,84,2026-10-27,5.11,1
2026-08-04T13:01:40,2026-08-04,HST,HOLD,0,EMA Crossover (9/21),MEDIUM,3,31.71,25.09,3.51,0.0,7.02,0.0,0.0,2026-08-22,2.09,3.68,100.0,58.99,20.7,-102.87,-2.2,18.0,1,2026-04-16 to 2026-08-03 (75 days),-1.0,63.1,0.2219,23.64,19.37,BULLISH,MEDIUM,Earnings in 1d (2026-08-05); Last surprise: +118.2%; Earnings conf adj: -1,8.45,-1.0,1.0,1,2026-08-05,118.18,-1
2026-08-04T13:04:31,2026-08-04,ELF,HOLD,0,SMA Crossover (10/50),MEDIUM,3,31.7,82.64,10.07,0.0,15.11,0.0,0.0,2026-09-14,2.79,5.92,100.0,300.62,143.73,61.16,-8.25,41.0,1,2026-04-16 to 2026-08-03 (75 days),-1.0,63.3,0.5268,67.83,77.24,BEARISH,HIGH,Earnings in 1d (2026-08-05); Last surprise: +10.3%; Earnings conf adj: -1,3.56,-1.0,1.0,1,2026-08-05,10.34,-1
2026-08-04T13:03:47,2026-08-04,KTOS,HOLD,0,Stochastic Oscillator,LOW,0,31.66,49.21,12.0,0.0,18.0,0.0,0.0,2026-09-08,0.68,1.06,100.0,72.25,25.99,101.53,-20.72,35.0,2,2026-04-16 to 2026-08-03 (75 days),-1.0,49.9,0.7006,52.66,74.91,BEARISH,HIGH,EARNINGS TODAY (2026-08-04); Last surprise: +23.1%; Earnings conf adj: -3,2.68,-1.0,1.0,0,2026-08-04,23.08,-3
2026-08-04T13:00:49,2026-08-04,BKNG,BUY,1,VWAP Trend,LOW,1,31.61,192.71,7.61,178.04,11.02,213.95,5.58,2026-08-13,1.59,2.76,66.7,2.51,63.31,46.46,-8.59,9.7,9,2026-04-16 to 2026-08-03 (75 days),0.246,59.8,0.4495,175.56,184.68,BEARISH,HIGH,EARNINGS TODAY (2026-08-04); Last surprise: +5.6%; Earnings conf adj: -3; Size: Kelly 7.0% / VolTgt 4.2% / Blend 5.6%,4.17,-1.0,1.0,0,2026-08-04,5.56,-3
2026-08-04T13:04:12,2026-08-04,DUOL,HOLD,0,VWAP Trend,MEDIUM,2,31.6,135.8,10.25,0.0,15.38,0.0,0.0,2026-08-13,2.02,3.08,66.7,4.05,142.21,-10.38,-11.62,9.8,9,2026-04-16 to 2026-08-03 (75 days),-1.0,57.0,0.6318,123.14,145.61,BEARISH,HIGH,Earnings in 1d (2026-08-05); Last surprise: -11.0%; Earnings conf adj: -2,2.97,-1.0,1.0,1,2026-08-05,-11.04,-2
2026-08-04T13:01:43,2026-08-04,IEX,BUY,1,52-Week High Momentum,HIGH,5,31.57,232.7,3.14,225.39,9.42,254.62,9.75,2026-11-16,2.19,3.71,100.0,143.07,57.07,-12.29,-5.98,104.0,1,2026-04-16 to 2026-08-03 (75 days),0.508,63.7,0.1971,220.55,196.77,BULLISH,LOW,Last surprise: +10.0%; Earnings conf adj: +1; Size: Kelly 10.0% / VolTgt 9.5% / Blend 9.8%,9.51,-1.0,1.0,85,2026-10-28,9.95,1
2026-08-04T13:02:05,2026-08-04,MS,HOLD,0,PEAD Earnings Drift,HIGH,5,31.57,211.23,5.36,0.0,16.08,0.0,0.0,2026-10-29,2.71,4.55,100.0,203.92,87.39,31.18,-7.95,86.0,1,2026-04-16 to 2026-08-03 (75 days),-1.0,47.8,0.3286,213.53,182.66,BULLISH,MEDIUM,Last surprise: +18.1%; Earnings conf adj: +1,5.71,-1.0,1.0,71,2026-10-14,18.09,1
2026-08-04T13:03:45,2026-08-04,CHWY,HOLD,0,EMA Crossover (9/21),HIGH,4,31.53,22.97,8.9,0.0,13.35,0.0,0.0,2026-08-31,1.6,2.8,100.0,107.06,40.39,82.5,-6.96,27.0,1,2026-04-16 to 2026-08-03 (75 days),-1.0,61.1,0.4553,20.58,27.19,BEARISH,HIGH,Strong trend (ADX=40); Last surprise: +0.0%,4.12,-1.0,1.0,29,2026-09-02,0.0,0
2026-08-04T13:02:11,2026-08-04,NWSA,HOLD,0,Stochastic Oscillator,MEDIUM,2,31.41,27.94,4.28,0.0,6.42,0.0,0.0,2026-08-18,1.42,3.83,100.0,58.06,15.91,-15.44,-2.28,14.0,1,2026-04-16 to 2026-08-03 (75 days),-1.0,55.1,0.317,26.69,25.73,BULLISH,MEDIUM,Earnings in 1d (2026-08-05); Last surprise: +5.0%; Earnings conf adj: -2,5.91,-1.0,1.0,1,2026-08-05,5.0,-2
2026-08-04T13:01:43,2026-08-04,INCY,HOLD,0,Composite Multi-Indicator,HIGH,5,31.36,118.43,7.55,0.0,22.65,0.0,0.0,2026-11-09,1.94,3.45,100.0,210.68,90.99,-18.45,-9.5,97.0,1,2026-04-16 to 2026-08-03 (75 days),-1.0,53.4,0.4212,109.56,101.42,BULLISH,HIGH,Last surprise: +43.7%; Earnings conf adj: +1,4.45,-1.0,1.0,84,2026-10-27,43.72,1
2026-08-04T13:02:58,2026-08-04,FTI,HOLD,0,Stochastic Oscillator,MEDIUM,3,31.35,69.19,5.83,0.0,8.75,0.0,0.0,2026-10-06,0.29,0.4,100.0,18.55,4.31,20.02,-12.98,63.0,1,2026-04-16 to 2026-08-03 (75 days),-1.0,44.6,0.3809,69.67,60.1,BULLISH,MEDIUM,Strong trend (ADX=33); Last surprise: +13.7%; Earnings conf adj: +1,4.92,-1.0,1.0,79,2026-10-22,13.75,1
2026-08-04T13:03:12,2026-08-04,LAMR,HOLD,0,Multi-Factor Momentum MR,MEDIUM,2,31.35,157.61,3.24,0.0,6.48,0.0,0.0,2026-10-25,1.85,2.5,100.0,85.21,31.62,-43.27,-4.36,82.0,1,2026-04-16 to 2026-08-03 (75 days),-1.0,48.3,0.2404,155.15,134.82,BULLISH,MEDIUM,High volume; Earnings in 2d (2026-08-06); Last surprise: +4.8%; Earnings conf adj: -2,7.8,-1.0,1.0,2,2026-08-06,4.76,-2
2026-08-04T13:03:39,2026-08-04,ENSG,HOLD,0,SMA Crossover (10/50),HIGH,4,31.29,177.23,4.51,0.0,6.76,0.0,0.0,2026-08-23,1.57,3.97,100.0,57.85,20.67,51.68,-3.32,19.0,1,2026-04-16 to 2026-08-03 (75 days),-1.0,58.4,0.2604,166.31,182.69,BEARISH,MEDIUM,Strong trend (ADX=32); Last surprise: +3.8%,7.2,-1.0,1.0,-8,2026-07-27,3.78,0
2026-08-04T13:03:31,2026-08-04,LFUS,EXIT,-1,Stochastic Oscillator,HIGH,5,31.28,445.2,10.21,490.65,15.32,377.0,7.1,2026-08-31,1.43,3.04,100.0,100.0,32.76,-30.35,-5.83,27.0,1,2026-04-16 to 2026-08-03 (75 days),-1.0,58.5,0.4451,443.0,348.76,BULLISH,HIGH,Price at statistical extreme; Last surprise: +10.8%; Earnings conf adj: +1; Size: Kelly 10.0% / VolTgt 4.2% / Blend 7.1%,4.21,-1.0,1.0,85,2026-10-28,10.85,1
2026-08-04T13:01:11,2026-08-04,DG,HOLD,0,Composite Multi-Indicator,HIGH,5,31.26,127.72,5.22,0.0,7.83,0.0,0.0,2026-09-15,2.01,3.73,100.0,140.49,55.87,41.69,-9.44,42.0,1,2026-04-16 to 2026-08-03 (75 days),-1.0,61.1,0.3928,115.35,122.34,BEARISH,MEDIUM,Strong trend (ADX=32); Last surprise: +6.4%; Earnings conf adj: +1,4.77,-1.0,1.0,23,2026-08-27,6.38,1
2026-08-04T13:03:27,2026-08-04,ARWR,HOLD,0,Stochastic Oscillator,LOW,1,31.2,86.01,10.69,0.0,16.04,0.0,0.0,2026-08-22,1.75,6.75,100.0,204.04,82.42,-40.38,-4.57,18.0,1,2026-04-16 to 2026-08-03 (75 days),-1.0,58.3,0.8418,78.95,65.44,BULLISH,HIGH,Strong trend (ADX=38); EARNINGS TODAY (2026-08-04); Last surprise: +16.2%; Earnings conf adj: -3,2.23,-1.0,1.0,0,2026-08-04,16.22,-3
2026-08-04T13:02:38,2026-08-04,TGT,HOLD,0,Stochastic Oscillator,HIGH,5,31.19,149.35,4.39,0.0,6.58,0.0,0.0,2026-08-16,1.87,9.29,100.0,53.15,15.27,-79.75,-0.84,12.0,1,2026-04-16 to 2026-08-03 (75 days),-1.0,69.5,0.2734,133.15,113.38,BULLISH,MEDIUM,Price at statistical extreme; Strong trend (ADX=33); Last surprise: +17.1%; Earnings conf adj: +1,6.86,-1.0,1.0,15,2026-08-19,17.12,1
2026-08-04T13:04:37,2026-08-04,NVST,BUY,1,PEAD Earnings Drift,MEDIUM,3,31.19,27.37,4.47,26.15,8.94,29.82,7.85,2026-10-27,1.65,2.75,100.0,129.99,50.53,44.99,-7.74,84.0,1,2026-04-16 to 2026-08-03 (75 days),0.643,57.1,0.3291,25.55,24.37,BULLISH,MEDIUM,Earnings in 1d (2026-08-05); Last surprise: +16.1%; Earnings conf adj: -1; Size: Kelly 10.0% / VolTgt 5.7% / Blend 7.8%,5.7,-1.0,1.0,1,2026-08-05,16.13,-1
2026-08-04T13:02:09,2026-08-04,NRG,HOLD,0,Stochastic Oscillator,LOW,0,31.18,138.47,9.67,0.0,14.5,0.0,0.0,2026-09-09,-0.12,-0.17,50.0,0.56,-12.06,36.15,-24.5,36.0,2,2026-04-16 to 2026-08-03 (75 days),-1.0,52.7,0.5306,135.7,152.43,BEARISH,HIGH,EARNINGS TODAY (2026-08-04); Last surprise: -13.9%; Earnings conf adj: -3,3.53,-1.0,1.0,0,2026-08-04,-13.87,-3
2026-08-04T13:02:14,2026-08-04,ORLY,HOLD,0,Composite Multi-Indicator,HIGH,4,31.16,89.76,5.14,0.0,7.71,0.0,0.0,2026-09-01,1.19,1.98,100.0,64.53,23.29,33.72,-5.21,28.0,1,2026-04-16 to 2026-08-03 (75 days),-1.0,53.9,0.3709,88.27,93.05,BEARISH,MEDIUM,Last surprise: +0.0%,5.05,-1.0,1.0,85,2026-10-28,0.0,0
2026-08-04T13:04:55,2026-08-04,GPK,HOLD,0,SMA Crossover (10/50),LOW,1,31.16,11.35,8.82,0.0,13.23,0.0,0.0,2026-09-16,1.05,1.61,100.0,104.9,40.68,-45.81,-11.24,43.0,2,2026-04-16 to 2026-08-03 (75 days),-1.0,57.5,0.436,10.71,12.36,BEARISH,HIGH,High volume; EARNINGS TODAY (2026-08-04); Last surprise: +50.0%; Earnings conf adj: -3,4.3,-1.0,1.0,0,2026-08-04,50.0,-3
2026-08-04T13:04:33,2026-08-04,KBR,HOLD,0,Composite Multi-Indicator,HIGH,4,31.15,37.09,7.59,0.0,11.38,0.0,0.0,2026-11-01,0.7,1.09,100.0,60.28,21.62,16.22,-14.47,89.0,1,2026-04-16 to 2026-08-03 (75 days),-1.0,56.8,0.4043,35.0,38.6,BEARISH,HIGH,Last surprise: +10.0%; Earnings conf adj: +1,4.64,-1.0,1.0,79,2026-10-22,10.0,1
2026-08-04T13:00:43,2026-08-04,ATO,HOLD,0,ADX Trend Following,LOW,1,31.13,172.89,2.31,0.0,3.46,0.0,0.0,2026-08-14,0.86,1.43,75.0,2.09,10.33,33.67,-3.71,10.0,4,2026-04-16 to 2026-08-03 (75 days),-1.0,43.2,0.1995,173.68,175.05,BEARISH,LOW,Earnings in 1d (2026-08-05); Last surprise: +1.8%; Earnings conf adj: -2,7.0,-1.0,1.0,1,2026-08-05,1.76,-2
2026-08-04T13:03:45,2026-08-04,RRC,HOLD,0,Donchian Breakout (20/55),HIGH,5,31.1,40.36,4.14,0.0,6.21,0.0,0.0,2026-08-15,1.2,2.27,100.0,37.33,12.51,26.31,-2.8,11.0,1,2026-04-16 to 2026-08-03 (75 days),-1.0,63.6,0.3043,38.08,38.68,BEARISH,MEDIUM,Strong trend (ADX=40); Last surprise: +21.5%; Earnings conf adj: +1,6.16,-1.0,1.0,84,2026-10-27,21.54,1
2026-08-04T13:04:15,2026-08-04,FND,HOLD,0,Stochastic Oscillator,MEDIUM,3,31.09,57.08,9.03,0.0,13.54,0.0,0.0,2026-08-24,0.86,1.33,100.0,72.77,24.07,-7.34,-15.93,20.0,2,2026-04-16 to 2026-08-03 (75 days),-1.0,55.2,0.451,53.75,59.17,BEARISH,HIGH,Last surprise: +3.6%,4.16,-1.0,1.0,85,2026-10-28,3.57,0
2026-08-04T13:04:36,2026-08-04,OLLI,BUY,1,Momentum (Rate of Change),MEDIUM,3,30.94,74.67,7.47,69.09,10.9,82.81,7.14,2026-08-14,1.35,2.07,50.0,5.67,28.41,83.63,-9.78,10.0,2,2026-04-16 to 2026-08-03 (75 days),0.802,60.9,0.4376,73.65,98.82,BEARISH,HIGH,Price at statistical extreme; Strong trend (ADX=33); Last surprise: +4.6%; Size: Kelly 10.0% / VolTgt 4.3% / Blend 7.1%,4.28,-1.0,1.0,23,2026-08-27,4.6,0
2026-08-04T13:03:39,2026-08-04,MOH,HOLD,0,PEAD Earnings Drift,HIGH,5,30.89,194.77,11.08,0.0,32.56,0.0,0.0,2026-10-29,2.11,3.97,100.0,236.25,105.05,-44.67,-12.07,86.0,1,2026-04-16 to 2026-08-03 (75 days),-1.0,35.1,0.4458,206.7,172.67,BULLISH,HIGH,Strong trend (ADX=40); Last surprise: +7.9%; Earnings conf adj: +1,4.21,-1.0,1.0,78,2026-10-21,7.86,1
2026-08-04T13:03:15,2026-08-04,LECO,EXIT,-1,VWAP Trend,HIGH,4,30.88,267.79,5.22,281.77,5.35,253.46,7.43,2026-08-07,1.54,2.86,62.5,3.05,24.71,1.26,-4.51,3.1,8,2026-04-16 to 2026-08-03 (75 days),-1.0,57.7,0.3858,259.29,254.69,BULLISH,MEDIUM,Price at statistical extreme; Last surprise: +4.3%; Size: Kelly 10.0% / VolTgt 4.9% / Blend 7.4%,4.86,-1.0,1.0,86,2026-10-29,4.27,0
2026-08-04T13:04:22,2026-08-04,SON,HOLD,0,EMA Crossover (9/21),HIGH,4,30.88,56.42,5.26,0.0,15.78,0.0,0.0,2026-09-22,1.73,2.75,100.0,119.56,45.85,34.68,-7.35,49.0,1,2026-04-16 to 2026-08-03 (75 days),-1.0,52.9,0.3893,53.13,48.66,BULLISH,MEDIUM,Last surprise: +2.0%,4.82,-1.0,1.0,86,2026-10-29,2.03,0
2026-08-04T13:02:09,2026-08-04,NOC,HOLD,0,Composite Multi-Indicator,MEDIUM,3,30.84,548.47,4.88,0.0,7.32,0.0,0.0,2026-10-05,0.41,0.6,100.0,21.14,7.01,56.38,-10.23,62.0,1,2026-04-16 to 2026-08-03 (75 days),-1.0,56.9,0.242,535.18,602.6,BEARISH,MEDIUM,Last surprise: +12.6%; Earnings conf adj: +1,7.75,-1.0,1.0,77,2026-10-20,12.61,1
2026-08-04T13:03:20,2026-08-04,ELS,HOLD,0,Composite Multi-Indicator,HIGH,4,30.82,65.67,3.7,0.0,11.1,0.0,0.0,2026-11-15,0.96,1.5,100.0,53.47,18.98,8.14,-4.38,103.0,1,2026-04-16 to 2026-08-03 (75 days),-1.0,53.4,0.2581,63.71,62.61,BULLISH,MEDIUM,Last surprise: +9.1%; Earnings conf adj: +1,7.27,-1.0,1.0,78,2026-10-21,9.09,1
2026-08-04T13:04:12,2026-08-04,INGR,HOLD,0,Stochastic Oscillator,LOW,0,30.79,100.42,2.52,0.0,3.78,0.0,0.0,2026-10-03,0.25,0.38,100.0,11.39,2.52,35.3,-8.9,60.0,1,2026-04-16 to 2026-08-03 (75 days),-1.0,50.4,0.1909,99.61,107.81,BEARISH,LOW,EARNINGS TODAY (2026-08-04); Last surprise: -5.3%; Earnings conf adj: -3,7.0,-1.0,1.0,0,2026-08-04,-5.26,-3
2026-08-04T13:05:01,2026-08-04,SN,BUY,1,52-Week High Momentum,MEDIUM,3,30.62,160.57,4.96,152.61,12.4,180.48,7.86,2026-09-27,2.59,5.51,100.0,251.3,92.26,-120.5,-5.63,54.0,1,2026-04-16 to 2026-08-03 (75 days),0.198,65.3,0.3278,140.13,117.22,BULLISH,MEDIUM,Strong trend (ADX=36); Earnings in 1d (2026-08-05); Last surprise: +6.9%; Earnings conf adj: -1; Size: Kelly 10.0% / VolTgt 5.7% / Blend 7.9%,5.72,-1.0,1.0,1,2026-08-05,6.86,-1
2026-08-04T13:01:26,2026-08-04,FDS,HOLD,0,Stochastic Oscillator,HIGH,4,30.6,269.68,9.4,0.0,14.1,0.0,0.0,2026-08-27,1.56,3.55,100.0,147.98,54.56,-15.55,-6.35,23.0,1,2026-04-16 to 2026-08-03 (75 days),-1.0,57.8,0.5876,245.95,245.89,BULLISH,HIGH,Last surprise: +1.8%,3.19,-1.0,1.0,44,2026-09-17,1.8,0
2026-08-04T13:04:10,2026-08-04,CLF,HOLD,0,Stochastic Oscillator,HIGH,5,30.55,11.22,12.0,0.0,18.0,0.0,0.0,2026-09-06,1.23,2.72,100.0,142.72,52.66,-10.36,-10.47,33.0,1,2026-04-16 to 2026-08-03 (75 days),-1.0,54.2,0.7562,11.4,11.46,BEARISH,HIGH,Strong trend (ADX=33); Last surprise: +9.1%; Earnings conf adj: +1,2.48,-1.0,1.0,76,2026-10-19,9.09,1
2026-08-04T13:03:14,2026-08-04,TRU,HOLD,0,Stochastic Oscillator,HIGH,5,30.54,79.98,9.72,0.0,14.58,0.0,0.0,2026-09-18,1.63,2.35,100.0,142.57,53.69,32.03,-12.64,45.0,1,2026-04-16 to 2026-08-03 (75 days),-1.0,56.8,0.4741,73.18,76.26,BEARISH,HIGH,Last surprise: +7.0%; Earnings conf adj: +1,3.95,-1.0,1.0,79,2026-10-22,6.96,1
2026-08-04T13:02:47,2026-08-04,VLTO,HOLD,0,VWAP Trend,MEDIUM,2,30.51,94.82,4.74,0.0,7.11,0.0,0.0,2026-08-14,0.15,0.22,57.1,1.16,0.75,-16.87,-8.2,10.9,7,2026-04-16 to 2026-08-03 (75 days),-1.0,57.1,0.3132,88.62,93.54,BEARISH,MEDIUM,Last surprise: +9.9%; Earnings conf adj: +1,5.99,-1.0,1.0,78,2026-10-21,9.9,1
2026-08-04T13:02:45,2026-08-04,UNP,HOLD,0,SMA Crossover (10/50),HIGH,4,30.46,291.23,4.11,0.0,13.96,0.0,0.0,2026-09-18,0.55,0.83,100.0,32.46,10.75,-57.95,-7.58,45.5,2,2026-04-16 to 2026-08-03 (75 days),-1.0,53.4,0.2629,277.72,249.26,BULLISH,MEDIUM,Strong trend (ADX=31); Last surprise: +5.2%; Earnings conf adj: +1,7.13,-1.0,1.0,79,2026-10-22,5.25,1
2026-08-04T13:03:40,2026-08-04,ONB,BUY,1,52-Week High Momentum,HIGH,4,30.4,26.85,3.05,26.03,9.15,29.31,9.13,2026-09-25,1.5,2.38,100.0,67.02,21.76,-43.95,-4.32,52.0,1,2026-04-16 to 2026-08-03 (75 days),0.583,59.2,0.2269,25.4,23.22,BULLISH,MEDIUM,Last surprise: +3.2%; Size: Kelly 10.0% / VolTgt 8.3% / Blend 9.1%,8.26,-1.0,1.0,78,2026-10-21,3.17,0
2026-08-04T13:01:34,2026-08-04,GOOG,HOLD,0,Stochastic Oscillator,MEDIUM,3,30.39,372.47,7.51,0.0,11.27,0.0,0.0,2026-09-29,0.34,0.5,100.0,30.29,5.9,-41.19,-14.22,56.0,1,2026-04-16 to 2026-08-03 (75 days),-1.0,61.4,0.4823,356.41,325.85,BULLISH,HIGH,Last surprise: +213.1%; Earnings conf adj: +1,3.89,-1.0,1.0,85,2026-10-28,213.06,1
2026-08-04T13:01:52,2026-08-04,KVUE,HOLD,0,Composite Multi-Indicator,MEDIUM,3,30.35,19.01,3.51,0.0,7.02,0.0,0.0,2026-10-06,1.66,2.72,100.0,94.68,35.57,-3.59,-5.7,63.0,1,2026-04-16 to 2026-08-03 (75 days),-1.0,49.2,0.2213,18.56,17.29,BULLISH,MEDIUM,High volume; Earnings in 2d (2026-08-06); Last surprise: +23.1%; Earnings conf adj: -1,8.47,-1.0,1.0,2,2026-08-06,23.08,-1
2026-08-04T13:03:05,2026-08-04,RBC,HOLD,0,VWAP Trend,MEDIUM,2,30.34,570.27,5.29,0.0,4.02,0.0,0.0,2026-08-07,0.1,0.14,75.0,1.13,-0.04,0.76,-10.95,3.0,8,2026-04-16 to 2026-08-03 (75 days),-1.0,44.1,0.2946,595.34,530.37,BULLISH,MEDIUM,Last surprise: +13.1%; Earnings conf adj: +1,6.36,-1.0,1.0,87,2026-10-30,13.12,1
2026-08-04T13:05:00,2026-08-04,RYN,HOLD,0,ADX Trend Following,LOW,1,30.31,21.54,4.05,0.0,6.07,0.0,0.0,2026-08-18,0.26,0.47,100.0,9.29,2.5,-10.58,-4.27,14.0,1,2026-04-16 to 2026-08-03 (75 days),-1.0,50.4,0.279,21.21,21.25,BEARISH,MEDIUM,Earnings in 1d (2026-08-05); Last surprise: +133.3%; Earnings conf adj: -1,6.72,-1.0,1.0,1,2026-08-05,133.33,-1
2026-08-04T13:01:50,2026-08-04,KIM,HOLD,0,Composite Multi-Indicator,LOW,1,30.3,25.41,2.2,0.0,3.3,0.0,0.0,2026-10-06,1.76,3.02,100.0,85.64,31.8,1.18,-5.91,63.0,1,2026-04-16 to 2026-08-03 (75 days),-1.0,48.1,0.195,25.08,22.33,BULLISH,LOW,EARNINGS TODAY (2026-08-04); Last surprise: +5.0%; Earnings conf adj: -3,7.0,-1.0,1.0,0,2026-08-04,5.0,-3
2026-08-04T13:02:42,2026-08-04,TSN,HOLD,0,Stochastic Oscillator,LOW,1,30.26,59.61,4.51,0.0,6.76,0.0,0.0,2026-08-27,0.25,0.38,50.0,1.62,3.13,22.3,-7.21,23.0,2,2026-04-16 to 2026-08-03 (75 days),-1.0,54.0,0.3012,58.62,59.29,BEARISH,MEDIUM,High volume; Last surprise: +0.0%,6.23,-1.0,1.0,-1,2026-08-03,0.0,0
2026-08-04T13:04:14,2026-08-04,STWD,HOLD,1,Stochastic Oscillator,LOW,0,30.2,15.97,2.23,15.61,3.34,16.5,0.0,2026-10-05,0.27,0.41,100.0,14.06,2.73,28.67,-4.38,62.0,1,2026-04-16 to 2026-08-03 (75 days),-1.0,37.2,0.1839,16.5,16.87,BEARISH,LOW,Price at statistical extreme; Earnings in 2d (2026-08-06); Last surprise: -7.1%; Earnings conf adj: -3,7.0,-1.0,1.0,2,2026-08-06,-7.14,-3
2026-08-04T13:04:37,2026-08-04,MAT,HOLD,0,Stochastic Oscillator,LOW,0,30.17,14.88,4.57,0.0,6.86,0.0,0.0,2026-09-24,0.75,1.3,100.0,48.69,15.96,18.66,-11.16,51.0,1,2026-04-16 to 2026-08-03 (75 days),-1.0,57.3,0.3601,14.26,17.02,BEARISH,MEDIUM,Strong trend (ADX=46); EARNINGS TODAY (2026-08-04); Last surprise: +4.8%; Earnings conf adj: -3,5.21,-1.0,1.0,0,2026-08-04,4.76,-3
2026-08-04T13:04:52,2026-08-04,DAR,HOLD,0,Stochastic Oscillator,MEDIUM,3,30.13,59.76,5.2,0.0,7.8,0.0,0.0,2026-09-16,0.42,0.72,100.0,27.14,6.25,9.59,-14.7,43.0,1,2026-04-16 to 2026-08-03 (75 days),-1.0,48.7,0.354,58.66,49.78,BULLISH,MEDIUM,Last surprise: +68.2%; Earnings conf adj: +1,5.3,-1.0,1.0,86,2026-10-29,68.24,1
2026-08-04T13:04:56,2026-08-04,KBH,HOLD,0,VWAP Trend,MEDIUM,3,30.07,56.28,5.37,0.0,7.12,0.0,0.0,2026-08-11,1.3,2.2,66.7,2.16,30.36,-3.43,-9.05,7.7,6,2026-04-16 to 2026-08-03 (75 days),-1.0,50.0,0.3259,55.09,56.89,BEARISH,MEDIUM,Last surprise: -6.5%; Earnings conf adj: -1,5.75,-1.0,1.0,51,2026-09-24,-6.52,-1
2026-08-04T13:04:20,2026-08-04,OZK,HOLD,0,Composite Multi-Indicator,HIGH,4,30.05,51.74,3.28,0.0,9.84,0.0,0.0,2026-11-15,1.46,2.04,100.0,98.22,37.08,1.71,-6.58,103.0,1,2026-04-16 to 2026-08-03 (75 days),-1.0,56.8,0.2167,50.04,46.92,BULLISH,MEDIUM,Last surprise: +0.7%,8.65,-1.0,1.0,72,2026-10-15,0.68,0
2026-08-04T13:03:10,2026-08-04,CLH,HOLD,0,SMA Crossover (10/50),HIGH,5,30.04,310.98,4.38,0.0,13.14,0.0,0.0,2026-09-05,1.36,3.23,100.0,66.93,23.81,6.36,-4.8,32.0,1,2026-04-16 to 2026-08-03 (75 days),-1.0,55.6,0.3213,295.82,271.43,BULLISH,MEDIUM,Last surprise: +14.2%; Earnings conf adj: +1,5.84,-1.0,1.0,-6,2026-07-29,14.18,1
2026-08-04T13:02:57,2026-08-04,ZBH,BUY,1,Momentum (Rate of Change),MEDIUM,2,29.98,96.98,4.65,92.47,6.98,103.75,7.6,2026-09-26,1.42,2.2,100.0,114.88,39.46,30.35,-9.59,53.0,1,2026-04-16 to 2026-08-03 (75 days),0.004,61.6,0.3609,88.83,90.68,BEARISH,MEDIUM,Earnings in 1d (2026-08-05); Last surprise: +12.4%; Earnings conf adj: -2; Size: Kelly 10.0% / VolTgt 5.2% / Blend 7.6%,5.2,-1.0,1.0,1,2026-08-05,12.37,-2
2026-08-04T13:03:50,2026-08-04,NNN,BUY,1,52-Week High Momentum,MEDIUM,2,29.96,47.49,2.22,46.44,5.55,50.13,9.94,2026-11-20,1.47,2.38,100.0,79.69,29.36,-5.0,-4.59,108.0,1,2026-04-16 to 2026-08-03 (75 days),0.361,52.4,0.1896,46.06,42.32,BULLISH,LOW,Strong trend (ADX=31); Earnings in 1d (2026-08-05); Last surprise: -3.9%; Earnings conf adj: -2; Size: Kelly 10.0% / VolTgt 9.9% / Blend 9.9%,9.89,-1.0,1.0,1,2026-08-05,-3.92,-2
2026-08-04T13:02:07,2026-08-04,NDAQ,HOLD,0,EMA Crossover (9/21),HIGH,5,29.92,94.14,4.19,0.0,6.29,0.0,0.0,2026-08-25,1.37,2.6,100.0,54.26,18.88,-4.29,-4.25,21.0,1,2026-04-16 to 2026-08-03 (75 days),-1.0,60.4,0.3089,88.06,88.79,BEARISH,MEDIUM,Strong trend (ADX=44); Last surprise: +9.2%; Earnings conf adj: +1,6.07,-1.0,1.0,79,2026-10-22,9.18,1
2026-08-04T13:04:18,2026-08-04,NJR,BUY,1,52-Week High Momentum,MEDIUM,3,29.92,58.08,2.64,56.55,5.28,61.15,10.0,2026-11-20,0.95,1.41,100.0,51.2,18.11,1.35,-7.78,108.0,1,2026-04-16 to 2026-08-03 (75 days),0.187,49.8,0.1813,56.75,51.63,BULLISH,LOW,Last surprise: +15.8%; Size: Kelly 10.0% / VolTgt 10.0% / Blend 10.0%,10.0,-1.0,1.0,-1,2026-08-03,15.79,0
2026-08-04T13:05:11,2026-08-04,XLV,HOLD,0,52-Week High Momentum,HIGH,4,29.83,162.24,2.19,0.0,6.57,0.0,0.0,2026-10-02,1.15,2.03,100.0,64.0,16.55,-26.78,-4.01,59.0,1,2026-04-16 to 2026-08-03 (75 days),-1.0,54.4,0.1892,156.36,151.49,BULLISH,LOW,No special conditions,9.91,-1.0,1.0,-1,,,0
2026-08-04T13:02:52,2026-08-04,WM,HOLD,0,Multi-Factor Momentum MR,HIGH,4,29.82,226.43,3.88,0.0,2.35,0.0,0.0,2026-08-05,1.68,27.24,100.0,22.87,7.27,2.12,-0.2,1.0,1,2026-04-16 to 2026-08-03 (75 days),-1.0,43.3,0.298,225.28,221.87,BULLISH,MEDIUM,Strong trend (ADX=36); Last surprise: +2.0%,6.29,-1.0,1.0,83,2026-10-26,2.02,0
2026-08-04T13:01:57,2026-08-04,LYV,HOLD,0,Composite Multi-Indicator,HIGH,5,29.81,181.69,4.27,0.0,12.81,0.0,0.0,2026-11-20,1.97,3.36,100.0,159.51,64.92,12.66,-6.68,108.0,1,2026-04-16 to 2026-08-03 (75 days),-1.0,54.3,0.2994,174.82,156.24,BULLISH,MEDIUM,Last surprise: +84.2%; Earnings conf adj: +1,6.26,-1.0,1.0,-5,2026-07-30,84.21,1
2026-08-04T13:02:55,2026-08-04,XYL,HOLD,0,EMA Crossover (9/21),HIGH,5,29.79,119.08,4.57,0.0,6.86,0.0,0.0,2026-09-14,1.37,2.16,100.0,77.62,28.09,42.67,-7.31,41.0,1,2026-04-16 to 2026-08-03 (75 days),-1.0,51.2,0.3351,115.13,127.54,BEARISH,MEDIUM,Last surprise: +9.0%; Earnings conf adj: +1,5.6,-1.0,1.0,-7,2026-07-28,8.96,1
2026-08-04T13:02:15,2026-08-04,PANW,HOLD,0,Stochastic Oscillator,HIGH,5,29.74,347.13,8.58,0.0,9.51,0.0,0.0,2026-08-09,2.47,34.59,100.0,103.98,31.25,-1077.73,-1.88,5.0,1,2026-04-16 to 2026-08-03 (75 days),-1.0,60.6,0.5398,307.28,215.01,BULLISH,HIGH,Last surprise: +6.2%; Earnings conf adj: +1,3.47,-1.0,1.0,28,2026-09-01,6.25,1
2026-08-04T13:02:11,2026-08-04,NVDA,HOLD,0,Stochastic Oscillator,HIGH,4,29.73,206.64,7.59,0.0,11.38,0.0,0.0,2026-08-26,0.52,0.84,100.0,35.38,9.98,-5.44,-9.38,22.5,2,2026-04-16 to 2026-08-03 (75 days),-1.0,53.1,0.4349,205.79,193.06,BULLISH,HIGH,Last surprise: +5.6%; Earnings conf adj: +1,4.31,-1.0,1.0,22,2026-08-26,5.65,1
2026-08-04T13:04:46,2026-08-04,VC,HOLD,0,Stochastic Oscillator,MEDIUM,3,29.69,105.48,5.68,0.0,8.52,0.0,0.0,2026-09-06,1.06,1.83,100.0,64.24,20.68,-36.25,-7.18,33.0,1,2026-04-16 to 2026-08-03 (75 days),-1.0,49.0,0.3061,110.29,102.32,BULLISH,MEDIUM,Last surprise: -12.8%; Earnings conf adj: -1,6.12,-1.0,1.0,79,2026-10-22,-12.79,-1
2026-08-04T13:01:02,2026-08-04,COO,HOLD,0,SMA Crossover (10/50),HIGH,5,29.67,74.23,3.63,0.0,5.45,0.0,0.0,2026-09-22,1.56,2.51,100.0,94.48,35.5,9.63,-7.67,49.0,1,2026-04-16 to 2026-08-03 (75 days),-1.0,63.3,0.3131,68.3,73.1,BEARISH,MEDIUM,Price at statistical extreme; Last surprise: +11.0%; Earnings conf adj: +1,5.99,-1.0,1.0,36,2026-09-09,11.01,1
2026-08-04T13:03:01,2026-08-04,ROKU,HOLD,0,MACD Crossover,LOW,0,29.65,145.84,1.5,0.0,3.0,0.0,0.0,2026-08-15,-0.08,-0.11,100.0,0.66,-0.79,-147.49,-2.53,11.5,2,2026-04-16 to 2026-08-03 (75 days),-1.0,65.7,0.1142,136.26,111.45,BULLISH,LOW,Strong trend (ADX=39); Earnings in 2d (2026-08-06); Last surprise: +62.9%; Earnings conf adj: -2,7.0,-1.0,1.0,2,2026-08-06,62.86,-2
2026-08-04T13:00:54,2026-08-04,CB,HOLD,0,SMA Crossover (10/50),HIGH,5,29.6,348.23,3.73,0.0,11.19,0.0,0.0,2026-09-19,1.36,2.13,100.0,75.78,27.34,3.96,-6.57,46.0,1,2026-04-16 to 2026-08-03 (75 days),-1.0,49.8,0.2993,337.86,317.61,BULLISH,MEDIUM,Last surprise: +7.6%; Earnings conf adj: +1,6.26,-1.0,1.0,84,2026-10-27,7.56,1
2026-08-04T13:03:57,2026-08-04,AVAV,HOLD,0,Stochastic Oscillator,HIGH,5,29.57,159.18,11.8,0.0,17.7,0.0,0.0,2026-09-06,1.48,2.8,100.0,263.39,125.01,180.57,-26.02,33.5,2,2026-04-16 to 2026-08-03 (75 days),-1.0,52.9,0.7388,164.54,234.7,BEARISH,HIGH,Last surprise: +25.2%; Earnings conf adj: +1,2.54,-1.0,1.0,29,2026-09-02,25.17,1
2026-08-04T13:01:29,2026-08-04,FIX,EXIT,-1,52-Week High Momentum,HIGH,5,29.54,1770.96,12.0,1983.48,24.14,1343.45,6.34,2026-08-23,1.01,1.45,100.0,125.77,32.78,-6.92,-14.4,19.0,2,2026-04-16 to 2026-08-03 (75 days),-1.0,51.0,0.7034,1816.37,1402.11,BULLISH,HIGH,Last surprise: +19.8%; Earnings conf adj: +1; Size: Kelly 10.0% / VolTgt 2.7% / Blend 6.3%,2.67,-1.0,1.0,79,2026-10-22,19.79,1
2026-08-04T13:03:59,2026-08-04,HXL,HOLD,0,PEAD Earnings Drift,HIGH,5,29.53,102.28,5.8,0.0,20.3,0.0,0.0,2026-10-29,1.8,3.1,100.0,156.41,60.62,-44.49,-12.15,86.0,1,2026-04-16 to 2026-08-03 (75 days),-1.0,48.8,0.2975,97.95,84.91,BULLISH,MEDIUM,Strong trend (ADX=38); Last surprise: +13.8%; Earnings conf adj: +1,6.3,-1.0,1.0,78,2026-10-21,13.79,1
2026-08-04T13:04:27,2026-08-04,GHC,HOLD,0,Composite Multi-Indicator,HIGH,5,29.48,1213.07,4.86,0.0,13.05,0.0,0.0,2026-09-21,1.26,2.0,100.0,59.05,21.14,-9.72,-4.9,48.0,1,2026-04-16 to 2026-08-03 (75 days),-1.0,59.5,0.2393,1152.37,1105.25,BULLISH,MEDIUM,Last surprise: +31.2%; Earnings conf adj: +1,7.84,-1.0,1.0,85,2026-10-28,31.22,1
2026-08-04T13:03:57,2026-08-04,PBF,HOLD,0,ADX Trend Following,HIGH,5,29.45,67.91,12.0,0.0,42.0,0.0,0.0,2026-11-14,3.09,5.53,100.0,667.77,466.0,66.42,-18.72,102.0,1,2026-04-16 to 2026-08-03 (75 days),-1.0,65.1,0.813,49.63,39.63,BULLISH,HIGH,Strong trend (ADX=51); Last surprise: +51.0%; Earnings conf adj: +1,2.31,-1.0,1.0,86,2026-10-29,50.97,1
2026-08-04T13:04:40,2026-08-04,SMG,HOLD,0,PEAD Earnings Drift,HIGH,5,29.4,68.16,10.43,0.0,31.29,0.0,0.0,2026-10-29,1.75,3.21,100.0,196.53,82.23,42.21,-10.37,86.0,1,2026-04-16 to 2026-08-03 (75 days),-1.0,51.4,0.5337,64.68,61.0,BULLISH,HIGH,Last surprise: +11.9%; Earnings conf adj: +1,3.51,-1.0,1.0,-6,2026-07-29,11.9,1
2026-08-04T13:02:10,2026-08-04,NOW,BUY,1,ADX Trend Following,MEDIUM,3,29.39,114.19,12.0,100.49,18.0,134.74,6.48,2026-08-18,0.57,0.95,75.0,1.64,17.97,-59.8,-34.24,14.5,4,2026-04-16 to 2026-08-03 (75 days),0.313,59.0,0.6324,105.84,124.58,BEARISH,HIGH,Last surprise: +4.7%; Size: Kelly 10.0% / VolTgt 3.0% / Blend 6.5%,2.96,-1.0,1.0,85,2026-10-28,4.65,0
2026-08-04T13:02:06,2026-08-04,MSI,HOLD,0,SMA Crossover (10/50),MEDIUM,2,29.38,437.19,3.55,0.0,5.32,0.0,0.0,2026-08-30,1.12,2.29,100.0,38.59,13.36,17.85,-4.39,26.0,1,2026-04-16 to 2026-08-03 (75 days),-1.0,63.4,0.2332,412.28,413.99,BEARISH,MEDIUM,Earnings in 1d (2026-08-05); Last surprise: +3.7%; Earnings conf adj: -2,8.04,-1.0,1.0,1,2026-08-05,3.69,-2
2026-08-04T13:01:11,2026-08-04,DHR,HOLD,0,Composite Multi-Indicator,MEDIUM,3,29.36,197.5,8.64,0.0,12.96,0.0,0.0,2026-11-16,0.33,0.45,100.0,16.32,5.31,-2.14,-16.86,104.0,1,2026-04-16 to 2026-08-03 (75 days),-1.0,54.7,0.527,188.02,202.96,BEARISH,HIGH,Last surprise: +5.4%; Earnings conf adj: +1,3.56,-1.0,1.0,77,2026-10-20,5.43,1
2026-08-04T13:01:21,2026-08-04,ES,HOLD,0,Composite Multi-Indicator,HIGH,4,29.34,71.95,3.4,0.0,10.2,0.0,0.0,2026-10-06,1.54,2.34,100.0,79.17,29.15,10.16,-5.04,63.0,1,2026-04-16 to 2026-08-03 (75 days),-1.0,43.6,0.2024,71.79,69.28,BULLISH,MEDIUM,Price at statistical extreme; Last surprise: +0.0%,9.26,-1.0,1.0,-5,2026-07-30,0.0,0
2026-08-04T13:03:03,2026-08-04,TOST,HOLD,0,VWAP Trend,LOW,0,29.28,32.79,8.06,0.0,11.44,0.0,0.0,2026-08-17,0.6,0.8,66.7,1.49,18.5,-42.7,-19.07,13.0,6,2026-04-16 to 2026-08-03 (75 days),-1.0,67.6,0.4028,27.51,30.38,BEARISH,HIGH,EARNINGS TODAY (2026-08-04); Last surprise: +7.4%; Earnings conf adj: -3,4.65,-1.0,1.0,0,2026-08-04,7.41,-3
2026-08-04T13:02:34,2026-08-04,SYF,HOLD,0,Composite Multi-Indicator,MEDIUM,3,29.27,77.84,5.8,0.0,8.7,0.0,0.0,2026-11-13,0.39,0.52,100.0,23.32,7.8,-6.38,-13.22,101.0,1,2026-04-16 to 2026-08-03 (75 days),-1.0,58.8,0.4823,73.74,74.06,BEARISH,HIGH,Last surprise: +21.6%; Earnings conf adj: +1,3.89,-1.0,1.0,71,2026-10-14,21.6,1
2026-08-04T13:03:24,2026-08-04,ELAN,BUY,1,PEAD Earnings Drift,MEDIUM,3,29.27,25.72,5.05,24.42,10.1,28.32,8.72,2026-10-27,1.74,2.53,100.0,183.16,76.6,33.06,-9.17,84.0,1,2026-04-16 to 2026-08-03 (75 days),0.393,55.3,0.252,24.5,23.48,BULLISH,MEDIUM,Earnings in 1d (2026-08-05); Last surprise: +17.6%; Earnings conf adj: -1; Size: Kelly 10.0% / VolTgt 7.4% / Blend 8.7%,7.44,-1.0,1.0,1,2026-08-05,17.65,-1
2026-08-04T13:02:10,2026-08-04,NTAP,HOLD,0,Stochastic Oscillator,HIGH,5,29.23,182.92,7.9,0.0,11.85,0.0,0.0,2026-08-20,1.7,5.3,100.0,87.14,27.13,-571.33,-4.56,16.0,1,2026-04-16 to 2026-08-03 (75 days),-1.0,68.0,0.4609,162.42,120.52,BULLISH,HIGH,Price at statistical extreme; Strong trend (ADX=36); Last surprise: +7.0%; Earnings conf adj: +1,4.07,-1.0,1.0,29,2026-09-02,7.05,1
2026-08-04T13:02:25,2026-08-04,RMD,HOLD,0,VWAP Trend,LOW,0,29.17,215.19,5.75,0.0,8.62,0.0,0.0,2026-08-15,0.43,0.62,50.0,1.25,8.9,21.74,-14.05,11.0,8,2026-04-16 to 2026-08-03 (75 days),-1.0,60.9,0.413,199.33,230.91,BEARISH,HIGH,Strong trend (ADX=30); Earnings in 2d (2026-08-06); Last surprise: +2.1%; Earnings conf adj: -2,4.54,-1.0,1.0,2,2026-08-06,2.14,-2
2026-08-04T13:03:20,2026-08-04,RNR,HOLD,0,PEAD Earnings Drift,HIGH,5,29.17,321.37,4.63,0.0,13.89,0.0,0.0,2026-11-06,1.05,1.65,100.0,74.2,27.14,19.14,-8.37,94.0,1,2026-04-16 to 2026-08-03 (75 days),-1.0,52.4,0.3256,307.54,289.2,BULLISH,MEDIUM,Last surprise: +10.0%; Earnings conf adj: +1,5.76,-1.0,1.0,-13,2026-07-22,9.96,1
2026-08-04T13:02:05,2026-08-04,MSFT,HOLD,0,ADX Trend Following,HIGH,4,29.15,487.65,7.17,0.0,10.75,0.0,0.0,2026-08-18,1.3,2.81,50.0,2.31,52.35,-14.82,-14.61,14.2,4,2026-04-16 to 2026-08-03 (75 days),-1.0,78.3,0.6132,400.74,432.14,BEARISH,HIGH,RSI overbought; High volume; Price at statistical extreme; Strong trend (ADX=34); Last surprise: +11.8%; Earnings conf adj: +1,3.06,-1.0,1.0,85,2026-10-28,11.79,1
2026-08-04T13:04:04,2026-08-04,SLAB,HOLD,0,Stochastic Oscillator,LOW,0,29.13,218.0,1.5,0.0,0.81,0.0,0.0,2026-08-14,-1.4,-1.86,100.0,4.16,-1.64,-11.12,-1.1,10.0,1,2026-04-16 to 2026-08-03 (75 days),-1.0,53.2,0.0326,218.2,183.49,BULLISH,LOW,EARNINGS TODAY (2026-08-04); Last surprise: +6.0%; Earnings conf adj: -3,7.0,-1.0,1.0,0,2026-08-04,6.0,-3
2026-08-04T13:04:33,2026-08-04,EPR,HOLD,0,52-Week High Momentum,HIGH,5,29.09,61.21,3.39,0.0,11.87,0.0,0.0,2026-10-27,1.15,1.85,100.0,56.96,20.32,-26.08,-4.56,84.0,1,2026-04-16 to 2026-08-03 (75 days),-1.0,51.7,0.2043,59.15,53.85,BULLISH,MEDIUM,Strong trend (ADX=41); Last surprise: +5.3%; Earnings conf adj: +1,9.18,-1.0,1.0,85,2026-10-28,5.26,1
2026-08-04T13:03:09,2026-08-04,TLN,HOLD,0,ADX Trend Following,LOW,0,29.08,344.49,12.0,0.0,17.3,0.0,0.0,2026-08-19,1.0,1.64,50.0,4.2,42.44,58.29,-23.27,15.0,4,2026-04-16 to 2026-08-03 (75 days),-1.0,43.7,0.5674,376.11,366.01,BULLISH,HIGH,Strong trend (ADX=33); Earnings in 1d (2026-08-05); Last surprise: +2.8%; Earnings conf adj: -2,3.3,-1.0,1.0,1,2026-08-05,2.82,-2
2026-08-04T13:03:50,2026-08-04,FR,HOLD,0,Composite Multi-Indicator,HIGH,5,29.04,65.52,3.79,0.0,11.37,0.0,0.0,2026-11-13,1.27,1.93,100.0,75.11,27.5,6.2,-6.79,101.0,1,2026-04-16 to 2026-08-03 (75 days),-1.0,51.0,0.2211,63.66,59.37,BULLISH,MEDIUM,Last surprise: +34.9%; Earnings conf adj: +1,8.48,-1.0,1.0,78,2026-10-21,34.88,1
2026-08-04T13:03:07,2026-08-04,PFGC,BUY,1,52-Week High Momentum,HIGH,4,29.01,114.36,3.93,109.87,11.79,127.84,8.69,2026-09-25,1.29,2.01,100.0,97.88,21.12,-113.64,-5.35,52.0,1,2026-04-16 to 2026-08-03 (75 days),0.194,59.3,0.254,106.59,96.2,BULLISH,MEDIUM,Last surprise: +2.6%; Size: Kelly 10.0% / VolTgt 7.4% / Blend 8.7%,7.38,-1.0,1.0,8,2026-08-12,2.56,0
2026-08-04T13:04:58,2026-08-04,MUR,HOLD,0,Donchian Breakout (20/55),LOW,1,29.0,38.73,7.27,0.0,13.37,0.0,0.0,2026-08-18,0.97,1.78,100.0,50.59,17.47,18.97,-7.01,14.0,1,2026-04-16 to 2026-08-03 (75 days),-1.0,57.4,0.4539,36.41,34.11,BULLISH,HIGH,Strong trend (ADX=33); Earnings in 1d (2026-08-05); Last surprise: +3.2%; Earnings conf adj: -2,4.13,-1.0,1.0,1,2026-08-05,3.23,-2
2026-08-04T13:03:20,2026-08-04,CNH,HOLD,0,Composite Multi-Indicator,MEDIUM,3,28.99,10.8,9.13,0.0,18.26,0.0,0.0,2026-10-25,0.29,0.47,100.0,12.41,3.95,-13.16,-10.4,82.0,1,2026-04-16 to 2026-08-03 (75 days),-1.0,52.2,0.4629,10.59,10.54,BULLISH,HIGH,High volume; Last surprise: +18.2%; Earnings conf adj: +1,4.05,-1.0,1.0,-1,2026-08-03,18.18,1
2026-08-04T13:00:45,2026-08-04,AWK,HOLD,0,Composite Multi-Indicator,HIGH,4,28.91,131.3,4.33,0.0,6.5,0.0,0.0,2026-09-15,1.03,1.74,100.0,50.07,17.67,13.6,-5.59,42.0,1,2026-04-16 to 2026-08-03 (75 days),-1.0,46.5,0.2573,129.38,130.16,BEARISH,MEDIUM,Last surprise: +3.9%,7.29,-1.0,1.0,85,2026-10-28,3.87,0
2026-08-04T13:01:46,2026-08-04,ISRG,HOLD,0,VWAP Trend,LOW,1,28.9,375.41,9.2,0.0,13.8,0.0,0.0,2026-08-11,-0.81,-1.08,40.0,0.71,-26.13,23.09,-17.34,7.4,10,2026-04-16 to 2026-08-03 (75 days),-1.0,49.6,0.7008,397.92,481.57,BEARISH,HIGH,Last surprise: +12.0%; Earnings conf adj: +1,2.68,-1.0,1.0,77,2026-10-20,12.0,1
2026-08-04T13:01:07,2026-08-04,CRM,BUY,1,ADX Trend Following,HIGH,5,28.85,185.95,9.52,168.25,14.28,212.5,6.83,2026-08-23,1.13,2.0,66.7,3.93,47.02,36.89,-15.14,19.3,3,2026-04-16 to 2026-08-03 (75 days),0.067,61.0,0.5123,171.01,203.91,BEARISH,HIGH,Last surprise: +24.0%; Earnings conf adj: +1; Size: Kelly 10.0% / VolTgt 3.7% / Blend 6.8%,3.66,-1.0,1.0,29,2026-09-02,23.96,1
2026-08-04T13:00:49,2026-08-04,BG,HOLD,0,Stochastic Oscillator,HIGH,4,28.84,105.4,7.17,0.0,10.75,0.0,0.0,2026-08-16,1.9,4.18,66.7,108.75,38.91,78.6,-7.47,12.0,3,2026-04-16 to 2026-08-03 (75 days),-1.0,33.7,0.4172,117.53,111.21,BULLISH,HIGH,Strong trend (ADX=45); Last surprise: +3.1%,4.49,-1.0,1.0,-6,2026-07-29,3.09,0
2026-08-04T13:01:42,2026-08-04,IBKR,HOLD,0,Multi-Factor Momentum MR,HIGH,4,28.82,87.75,8.76,0.0,26.28,0.0,0.0,2026-10-18,0.62,0.99,100.0,47.32,16.64,-24.53,-11.45,75.0,1,2026-04-16 to 2026-08-03 (75 days),-1.0,43.6,0.4015,90.36,76.01,BULLISH,HIGH,Last surprise: +7.8%; Earnings conf adj: +1,4.67,-1.0,1.0,77,2026-10-20,7.81,1
2026-08-04T13:04:25,2026-08-04,EXLS,BUY,1,PEAD Earnings Drift,HIGH,5,28.78,34.24,9.24,31.08,10.62,37.88,6.2,2026-08-07,1.37,8.01,100.0,8.14,2.1,-31.04,-0.2,3.0,1,2026-04-16 to 2026-08-03 (75 days),0.333,68.4,0.7786,28.53,33.95,BEARISH,HIGH,Strong trend (ADX=43); Last surprise: +7.3%; Earnings conf adj: +1; Size: Kelly 10.0% / VolTgt 2.4% / Blend 6.2%,2.41,-1.0,1.0,84,2026-10-27,7.27,1
2026-08-04T13:04:07,2026-08-04,FNB,HOLD,0,52-Week High Momentum,HIGH,4,28.76,19.19,3.03,0.0,9.09,0.0,0.0,2026-09-27,1.34,1.97,100.0,58.64,20.57,-22.6,-5.25,54.0,1,2026-04-16 to 2026-08-03 (75 days),-1.0,56.2,0.2194,18.49,17.23,BULLISH,MEDIUM,Last surprise: +0.0%,8.54,-1.0,1.0,72,2026-10-15,0.0,0
2026-08-04T13:05:06,2026-08-04,USO,HOLD,0,Stochastic Oscillator,MEDIUM,3,28.76,122.12,9.74,0.0,14.61,0.0,0.0,2026-09-04,0.97,1.73,100.0,72.53,23.92,33.63,-10.92,31.0,1,2026-04-16 to 2026-08-03 (75 days),-1.0,48.9,0.6736,122.85,100.48,BULLISH,HIGH,No special conditions,2.78,-1.0,1.0,-1,,,0
2026-08-04T13:03:05,2026-08-04,EWBC,HOLD,0,Composite Multi-Indicator,HIGH,4,28.74,132.15,2.15,0.0,6.45,0.0,0.0,2026-09-19,1.19,2.13,100.0,41.11,14.3,-45.42,-4.59,46.0,1,2026-04-16 to 2026-08-03 (75 days),-1.0,54.8,0.1975,128.99,115.53,BULLISH,LOW,Last surprise: +0.4%,9.5,-1.0,1.0,77,2026-10-20,0.38,0
2026-08-04T13:01:23,2026-08-04,EVRG,EXIT,-1,VWAP Trend,MEDIUM,3,28.73,83.23,2.33,85.17,1.94,81.62,10.0,2026-08-06,2.0,4.96,63.6,3.82,15.99,7.76,-1.19,2.3,11,2026-04-16 to 2026-08-03 (75 days),-1.0,40.8,0.1622,84.52,79.14,BULLISH,LOW,Earnings in 2d (2026-08-06); Last surprise: +13.1%; Earnings conf adj: -1; Size: Kelly 10.0% / VolTgt 10.0% / Blend 10.0%,10.0,-1.0,1.0,2,2026-08-06,13.11,-1
2026-08-04T13:02:52,2026-08-04,WFC,HOLD,0,Donchian Breakout (20/55),HIGH,5,28.7,87.89,3.42,0.0,5.13,0.0,0.0,2026-09-22,1.11,1.75,100.0,56.13,19.61,-13.62,-4.77,49.0,1,2026-04-16 to 2026-08-03 (75 days),-1.0,57.3,0.2556,83.68,84.28,BEARISH,MEDIUM,Last surprise: +16.3%; Earnings conf adj: +1,7.34,-1.0,1.0,70,2026-10-13,16.28,1
2026-08-04T13:03:07,2026-08-04,NLY,HOLD,0,SMA Crossover (10/50),HIGH,5,28.67,22.78,2.37,0.0,7.11,0.0,0.0,2026-09-12,1.21,2.06,100.0,42.56,14.45,-8.82,-4.74,39.0,1,2026-04-16 to 2026-08-03 (75 days),-1.0,54.0,0.1968,21.93,21.13,BULLISH,LOW,Last surprise: +5.3%; Earnings conf adj: +1,9.53,-1.0,1.0,78,2026-10-21,5.33,1
2026-08-04T13:03:19,2026-08-04,ALLY,HOLD,0,ADX Trend Following,HIGH,4,28.65,44.07,4.28,0.0,7.51,0.0,0.0,2026-08-17,2.02,3.32,100.0,126.25,49.67,25.84,-5.86,13.0,4,2026-04-16 to 2026-08-03 (75 days),-1.0,49.4,0.2646,44.06,41.78,BULLISH,MEDIUM,Strong trend (ADX=35); Last surprise: -0.8%,7.09,-1.0,1.0,73,2026-10-16,-0.82,0
2026-08-04T13:04:01,2026-08-04,STAG,HOLD,0,ADX Trend Following,MEDIUM,2,28.63,38.57,3.74,0.0,9.35,0.0,0.0,2026-08-20,0.49,0.75,66.7,3.69,7.04,5.84,-8.99,16.7,3,2026-04-16 to 2026-08-03 (75 days),-1.0,42.5,0.2928,38.68,37.71,BULLISH,MEDIUM,Strong trend (ADX=40); Last surprise: +3.7%,6.4,-1.0,1.0,85,2026-10-28,3.7,0
2026-08-04T13:03:35,2026-08-04,WTFC,HOLD,0,Composite Multi-Indicator,HIGH,4,28.62,161.76,3.0,0.0,9.0,0.0,0.0,2026-11-14,1.36,2.14,100.0,77.51,28.48,-17.7,-5.47,102.0,1,2026-04-16 to 2026-08-03 (75 days),-1.0,55.4,0.2082,157.48,144.8,BULLISH,MEDIUM,Last surprise: +4.1%,9.01,-1.0,1.0,76,2026-10-19,4.13,0
2026-08-04T13:00:45,2026-08-04,AXP,HOLD,0,ADX Trend Following,LOW,1,28.57,344.72,3.69,0.0,5.54,0.0,0.0,2026-08-20,0.32,0.46,50.0,1.51,4.39,-17.99,-5.65,16.2,4,2026-04-16 to 2026-08-03 (75 days),-1.0,53.0,0.3235,333.75,337.83,BEARISH,MEDIUM,Last surprise: +3.0%,5.8,-1.0,1.0,80,2026-10-23,2.95,0
2026-08-04T13:03:18,2026-08-04,TXRH,HOLD,0,Multi-Factor Momentum MR,MEDIUM,2,28.54,210.67,3.89,0.0,5.84,0.0,0.0,2026-08-10,1.4,3.53,100.0,27.76,9.4,-149.83,-1.78,6.0,1,2026-04-16 to 2026-08-03 (75 days),-1.0,69.1,0.3028,184.94,174.72,BULLISH,MEDIUM,Strong trend (ADX=40); Earnings in 2d (2026-08-06); Last surprise: +3.9%; Earnings conf adj: -2,6.19,-1.0,1.0,2,2026-08-06,3.89,-2
2026-08-04T13:00:44,2026-08-04,AVGO,BUY,1,EMA Crossover (9/21),MEDIUM,2,28.45,392.23,8.24,359.91,5.75,414.78,7.22,2026-08-07,0.27,0.53,100.0,2.4,0.14,4.86,-0.2,3.0,1,2026-04-16 to 2026-08-03 (75 days),0.373,52.7,0.4216,394.54,365.14,BULLISH,HIGH,Last surprise: +1.7%; Size: Kelly 10.0% / VolTgt 4.5% / Blend 7.2%,4.45,-1.0,1.0,29,2026-09-02,1.67,0
2026-08-04T13:03:18,2026-08-04,DTM,HOLD,0,MACD Crossover,MEDIUM,2,28.38,135.33,4.13,0.0,6.47,0.0,0.0,2026-08-16,0.76,1.4,75.0,6.57,12.11,0.24,-7.54,12.0,4,2026-04-16 to 2026-08-03 (75 days),-1.0,35.6,0.2371,143.39,130.03,BULLISH,MEDIUM,Strong trend (ADX=40); Last surprise: -5.2%; Earnings conf adj: -1,7.91,-1.0,1.0,86,2026-10-29,-5.22,-1
2026-08-04T13:00:32,2026-08-04,ADBE,HOLD,0,Stochastic Oscillator,HIGH,4,28.36,251.34,10.55,0.0,15.83,0.0,0.0,2026-08-27,1.3,2.15,100.0,69.65,23.62,19.19,-6.71,23.0,1,2026-04-16 to 2026-08-03 (75 days),-1.0,60.2,0.5653,228.3,276.02,BEARISH,HIGH,Strong trend (ADX=32); Last surprise: +2.6%,3.32,-1.0,1.0,37,2026-09-10,2.58,0
2026-08-04T13:01:13,2026-08-04,DOC,HOLD,0,52-Week High Momentum,LOW,1,28.34,21.64,2.56,0.0,5.12,0.0,0.0,2026-10-31,1.71,2.76,100.0,116.09,39.48,-96.02,-5.77,88.0,1,2026-04-16 to 2026-08-03 (75 days),-1.0,49.0,0.1916,20.91,17.81,BULLISH,LOW,Strong trend (ADX=36); EARNINGS TODAY (2026-08-04); Last surprise: +366.7%; Earnings conf adj: -3,7.0,-1.0,1.0,0,2026-08-04,366.67,-3
2026-08-04T13:04:56,2026-08-04,HOG,BUY,1,Stochastic Oscillator,HIGH,4,28.23,25.31,9.31,22.95,7.39,27.18,7.24,2026-08-09,0.79,2.82,100.0,18.33,4.59,-50.08,-1.66,5.0,1,2026-04-16 to 2026-08-03 (75 days),0.667,48.8,0.4196,25.15,22.61,BULLISH,HIGH,Last surprise: +17.2%; Earnings conf adj: +1; Size: Kelly 10.0% / VolTgt 4.5% / Blend 7.2%,4.47,-1.0,1.0,-12,2026-07-23,17.19,1
2026-08-04T13:04:53,2026-08-04,FHN,HOLD,0,Composite Multi-Indicator,MEDIUM,3,28.22,25.8,3.32,0.0,6.64,0.0,0.0,2026-11-17,0.87,1.25,100.0,46.87,16.47,-14.84,-6.54,105.0,1,2026-04-16 to 2026-08-03 (75 days),-1.0,55.2,0.2102,25.05,23.55,BULLISH,MEDIUM,Last surprise: +3.8%,8.92,-1.0,1.0,71,2026-10-14,3.85,0
2026-08-04T13:03:17,2026-08-04,FNF,HOLD,0,ADX Trend Following,LOW,0,28.19,51.59,4.55,0.0,6.82,0.0,0.0,2026-09-01,-0.38,-0.57,66.7,0.73,-11.94,-43.48,-14.69,28.0,3,2026-04-16 to 2026-08-03 (75 days),-1.0,55.7,0.356,48.63,50.68,BEARISH,MEDIUM,Earnings in 1d (2026-08-05); Last surprise: -14.7%; Earnings conf adj: -3,5.27,-1.0,1.0,1,2026-08-05,-14.68,-3
2026-08-04T13:00:40,2026-08-04,AOS,HOLD,0,Composite Multi-Indicator,HIGH,5,28.16,60.73,4.9,0.0,7.35,0.0,0.0,2026-10-05,1.15,1.66,100.0,75.42,27.63,37.16,-6.56,62.0,1,2026-04-16 to 2026-08-03 (75 days),-1.0,52.4,0.3234,59.14,65.02,BEARISH,MEDIUM,Last surprise: +12.0%; Earnings conf adj: +1,5.8,-1.0,1.0,84,2026-10-27,11.96,1
2026-08-04T13:01:37,2026-08-04,HIG,HOLD,0,Donchian Breakout (20/55),HIGH,5,28.05,142.9,3.87,0.0,9.64,0.0,0.0,2026-09-01,1.05,1.64,100.0,37.22,12.47,-1.19,-4.46,28.0,1,2026-04-16 to 2026-08-03 (75 days),-1.0,58.6,0.2313,134.7,133.96,BULLISH,MEDIUM,Last surprise: +8.9%; Earnings conf adj: +1,8.11,-1.0,1.0,86,2026-10-29,8.92,1
2026-08-04T13:00:57,2026-08-04,CF,HOLD,0,Stochastic Oscillator,LOW,1,28.04,118.3,7.66,0.0,11.49,0.0,0.0,2026-09-10,-0.02,-0.03,100.0,1.74,-2.1,13.18,-13.06,37.0,1,2026-04-16 to 2026-08-03 (75 days),-1.0,48.2,0.4092,114.76,102.74,BULLISH,HIGH,Strong trend (ADX=30); Earnings in 1d (2026-08-05); Last surprise: +8.6%; Earnings conf adj: -1,4.58,-1.0,1.0,1,2026-08-05,8.65,-1
2026-08-04T13:01:41,2026-08-04,HWM,HOLD,0,Composite Multi-Indicator,MEDIUM,3,28.04,286.34,4.69,0.0,9.38,0.0,0.0,2026-09-11,1.4,1.99,100.0,63.98,22.65,-41.65,-5.69,38.0,1,2026-04-16 to 2026-08-03 (75 days),-1.0,58.8,0.283,269.84,236.63,BULLISH,MEDIUM,Earnings in 2d (2026-08-06); Last surprise: +9.9%; Earnings conf adj: -1,6.63,-1.0,1.0,2,2026-08-06,9.91,-1
2026-08-04T13:03:08,2026-08-04,RGLD,HOLD,1,Momentum (Rate of Change),LOW,0,28.02,202.04,4.43,193.09,6.64,215.46,0.0,2026-08-15,-0.15,-0.25,100.0,11.02,-2.04,56.42,-3.74,11.0,1,2026-04-16 to 2026-08-03 (75 days),-1.0,51.9,0.3446,205.14,228.35,BEARISH,MEDIUM,Earnings in 1d (2026-08-05); Last surprise: -1.1%; Earnings conf adj: -2,5.44,-1.0,1.0,1,2026-08-05,-1.09,-2
2026-08-04T13:04:56,2026-08-04,ITT,HOLD,0,Composite Multi-Indicator,MEDIUM,2,27.81,198.44,4.24,0.0,8.48,0.0,0.0,2026-09-08,0.83,1.16,100.0,41.23,14.35,34.55,-6.64,35.0,1,2026-04-16 to 2026-08-03 (75 days),-1.0,55.9,0.2684,193.12,190.85,BULLISH,MEDIUM,Earnings in 2d (2026-08-06); Last surprise: +13.8%; Earnings conf adj: -1,6.99,-1.0,1.0,2,2026-08-06,13.79,-1
2026-08-04T13:03:16,2026-08-04,RRX,HOLD,0,Stochastic Oscillator,LOW,1,27.76,211.21,9.69,0.0,14.54,0.0,0.0,2026-08-25,0.73,1.14,100.0,58.47,19.49,-10.04,-14.8,21.0,2,2026-04-16 to 2026-08-03 (75 days),-1.0,50.9,0.5161,212.21,183.48,BULLISH,HIGH,Earnings in 1d (2026-08-05); Last surprise: +2.8%; Earnings conf adj: -2,3.63,-1.0,1.0,1,2026-08-05,2.84,-2
2026-08-04T13:00:59,2026-08-04,CL,HOLD,0,MACD Crossover,MEDIUM,3,27.7,89.88,4.28,0.0,8.56,0.0,0.0,2026-08-31,0.77,1.23,100.0,27.13,8.79,-24.37,-4.33,27.0,1,2026-04-16 to 2026-08-03 (75 days),-1.0,45.5,0.2505,90.47,85.14,BULLISH,MEDIUM,Last surprise: +4.2%,7.48,-1.0,1.0,87,2026-10-30,4.21,0
2026-08-04T13:02:24,2026-08-04,REG,HOLD,0,Composite Multi-Indicator,MEDIUM,2,27.63,80.3,2.11,0.0,4.22,0.0,0.0,2026-09-21,0.49,0.77,100.0,16.74,5.45,-0.7,-2.98,48.0,1,2026-04-16 to 2026-08-03 (75 days),-1.0,48.2,0.1623,79.45,74.17,BULLISH,LOW,Last surprise: +3.4%,10.0,-1.0,1.0,85,2026-10-28,3.39,0
2026-08-04T13:01:20,2026-08-04,EOG,HOLD,0,VWAP Trend,LOW,1,27.61,145.68,3.99,0.0,3.96,0.0,0.0,2026-08-06,2.46,5.92,71.4,3.84,25.02,-11.05,-2.79,2.0,7,2026-04-16 to 2026-08-03 (75 days),-1.0,59.2,0.3553,136.67,122.41,BULLISH,MEDIUM,EARNINGS TODAY (2026-08-04); Last surprise: +6.2%; Earnings conf adj: -3,5.28,-1.0,1.0,0,2026-08-04,6.23,-3
2026-08-04T13:04:08,2026-08-04,LNTH,HOLD,1,Stochastic Oscillator,LOW,1,27.59,101.19,5.87,95.25,5.14,106.39,0.0,2026-08-07,-0.05,-0.21,100.0,14.56,-0.19,-89.32,-1.49,3.0,1,2026-04-16 to 2026-08-03 (75 days),-1.0,45.5,0.3771,103.63,78.77,BULLISH,MEDIUM,High volume; Earnings in 2d (2026-08-06); Last surprise: +18.7%; Earnings conf adj: -1,4.97,-1.0,1.0,2,2026-08-06,18.7,-1
2026-08-04T13:01:03,2026-08-04,COF,HOLD,0,Donchian Breakout (20/55),HIGH,5,27.47,217.68,3.94,0.0,5.91,0.0,0.0,2026-08-21,1.32,2.67,100.0,45.39,15.92,-17.85,-3.98,17.0,1,2026-04-16 to 2026-08-03 (75 days),-1.0,64.7,0.3641,197.67,206.29,BEARISH,MEDIUM,Price at statistical extreme; Last surprise: +23.9%; Earnings conf adj: +1,5.15,-1.0,1.0,77,2026-10-20,23.88,1
2026-08-04T13:03:43,2026-08-04,BRKR,BUY,1,PEAD Earnings Drift,LOW,1,27.44,64.31,9.84,57.98,19.68,76.97,5.22,2026-10-27,2.78,5.79,100.0,486.55,266.18,-187.52,-13.51,84.0,1,2026-04-16 to 2026-08-03 (75 days),0.512,60.4,0.5473,57.94,45.84,BULLISH,HIGH,Strong trend (ADX=34); EARNINGS TODAY (2026-08-04); Last surprise: +34.8%; Earnings conf adj: -3; Size: Kelly 7.0% / VolTgt 3.4% / Blend 5.2%,3.43,-1.0,1.0,0,2026-08-04,34.78,-3
2026-08-04T13:02:59,2026-08-04,OKTA,HOLD,0,MACD Crossover,HIGH,5,27.37,141.57,9.66,0.0,25.6,0.0,0.0,2026-09-08,2.42,6.39,100.0,552.41,370.96,-528.47,-18.06,35.5,2,2026-04-16 to 2026-08-03 (75 days),-1.0,56.2,0.5457,128.62,94.25,BULLISH,HIGH,Last surprise: +7.1%; Earnings conf adj: +1,3.44,-1.0,1.0,22,2026-08-26,7.06,1
2026-08-04T13:02:22,2026-08-04,PSA,HOLD,0,Composite Multi-Indicator,HIGH,4,27.36,325.9,4.27,0.0,12.81,0.0,0.0,2026-11-09,1.54,2.27,100.0,105.98,40.4,6.25,-6.12,97.0,1,2026-04-16 to 2026-08-03 (75 days),-1.0,54.9,0.2776,316.39,289.79,BULLISH,MEDIUM,Last surprise: -3.2%,6.75,-1.0,1.0,85,2026-10-28,-3.16,0
2026-08-04T13:04:11,2026-08-04,GATX,HOLD,0,SMA Crossover (10/50),MEDIUM,3,27.29,180.39,4.54,0.0,7.21,0.0,0.0,2026-08-21,0.41,0.55,100.0,9.7,2.64,27.59,-3.73,17.0,1,2026-04-16 to 2026-08-03 (75 days),-1.0,51.5,0.2221,176.08,175.0,BULLISH,MEDIUM,Last surprise: +15.4%; Earnings conf adj: +1,8.44,-1.0,1.0,77,2026-10-20,15.45,1
2026-08-04T13:01:09,2026-08-04,D,HOLD,0,52-Week High Momentum,HIGH,5,27.24,68.75,2.36,0.0,7.08,0.0,0.0,2026-11-03,1.48,3.07,100.0,102.07,38.71,-4.56,-4.44,91.0,1,2026-04-16 to 2026-08-03 (75 days),-1.0,43.7,0.1389,68.69,62.41,BULLISH,LOW,Price at statistical extreme; Last surprise: +17.9%; Earnings conf adj: +1,10.0,-1.0,1.0,87,2026-10-30,17.91,1
2026-08-04T13:01:49,2026-08-04,KEYS,HOLD,0,Stochastic Oscillator,HIGH,4,27.19,321.89,6.42,0.0,9.63,0.0,0.0,2026-08-31,0.65,1.14,100.0,40.31,10.94,19.03,-9.57,27.0,1,2026-04-16 to 2026-08-03 (75 days),-1.0,49.7,0.3822,332.82,269.63,BULLISH,MEDIUM,Last surprise: +23.7%; Earnings conf adj: +1,4.91,-1.0,1.0,14,2026-08-18,23.71,1
2026-08-04T13:04:26,2026-08-04,BC,HOLD,0,Stochastic Oscillator,MEDIUM,3,27.17,79.39,5.95,0.0,8.93,0.0,0.0,2026-08-28,0.37,0.57,100.0,18.13,4.15,-7.36,-3.75,24.0,1,2026-04-16 to 2026-08-03 (75 days),-1.0,47.5,0.3205,81.16,76.59,BULLISH,MEDIUM,Last surprise: +31.1%; Earnings conf adj: +1,5.85,-1.0,1.0,79,2026-10-22,31.09,1
2026-08-04T13:05:07,2026-08-04,XLE,HOLD,0,Donchian Breakout (20/55),MEDIUM,3,27.13,58.79,3.03,0.0,6.06,0.0,0.0,2026-08-18,0.57,0.79,100.0,13.67,4.01,-12.75,-3.44,14.0,1,2026-04-16 to 2026-08-03 (75 days),-1.0,58.2,0.2173,56.49,52.11,BULLISH,MEDIUM,No special conditions,8.63,-1.0,1.0,-1,,,0
2026-08-04T13:04:10,2026-08-04,SWX,HOLD,0,SMA Crossover (10/50),LOW,0,27.11,89.77,2.14,0.0,3.21,0.0,0.0,2026-09-01,0.42,0.67,100.0,11.52,3.27,6.73,-3.94,28.0,1,2026-04-16 to 2026-08-03 (75 days),-1.0,44.2,0.169,89.63,85.21,BULLISH,LOW,Earnings in 1d (2026-08-05); Last surprise: -7.7%; Earnings conf adj: -2,7.0,-1.0,1.0,1,2026-08-05,-7.73,-2
2026-08-04T13:02:27,2026-08-04,RSG,HOLD,0,Composite Multi-Indicator,LOW,1,27.1,209.62,3.73,0.0,5.59,0.0,0.0,2026-09-15,0.64,1.02,100.0,27.73,9.38,8.45,-6.73,42.0,1,2026-04-16 to 2026-08-03 (75 days),-1.0,41.3,0.2731,212.13,213.33,BEARISH,MEDIUM,Price at statistical extreme; Earnings in 2d (2026-08-06); Last surprise: +3.7%; Earnings conf adj: -2,6.86,-1.0,1.0,2,2026-08-06,3.66,-2
2026-08-04T13:01:30,2026-08-04,FRT,HOLD,0,PEAD Earnings Drift,HIGH,5,26.88,123.65,1.83,0.0,5.49,0.0,0.0,2026-10-29,1.7,2.71,100.0,71.51,26.06,-27.42,-4.33,86.0,1,2026-04-16 to 2026-08-03 (75 days),-1.0,50.3,0.1428,122.23,107.0,BULLISH,LOW,Last surprise: +34.7%; Earnings conf adj: +1,10.0,-1.0,1.0,87,2026-10-30,34.72,1
2026-08-04T13:03:21,2026-08-04,GWRE,HOLD,0,Donchian Breakout (20/55),HIGH,5,26.87,157.33,11.6,0.0,10.6,0.0,0.0,2026-08-08,1.31,5.57,100.0,25.89,8.73,-43.34,-0.93,4.0,1,2026-04-16 to 2026-08-03 (75 days),-1.0,60.3,0.6728,135.59,163.31,BEARISH,HIGH,Strong trend (ADX=31); Last surprise: +10.8%; Earnings conf adj: +1,2.79,-1.0,1.0,30,2026-09-03,10.81,1
2026-08-04T13:04:30,2026-08-04,VVV,BUY,1,PEAD Earnings Drift,MEDIUM,3,26.86,38.79,4.34,37.11,8.68,42.16,8.72,2026-10-10,2.01,3.22,100.0,133.87,51.26,-22.51,-6.29,67.0,1,2026-04-16 to 2026-08-03 (75 days),0.893,50.7,0.2523,37.67,34.33,BULLISH,MEDIUM,Earnings in 1d (2026-08-05); Last surprise: +20.6%; Earnings conf adj: -1; Size: Kelly 10.0% / VolTgt 7.4% / Blend 8.7%,7.43,-1.0,1.0,1,2026-08-05,20.59,-1
2026-08-04T13:03:46,2026-08-04,ADC,HOLD,0,ADX Trend Following,LOW,0,26.78,76.91,3.08,0.0,5.17,0.0,0.0,2026-08-14,-0.67,-0.99,50.0,0.56,-9.37,-5.38,-5.67,10.2,4,2026-04-16 to 2026-08-03 (75 days),-1.0,43.5,0.2054,76.15,74.17,BULLISH,MEDIUM,Strong trend (ADX=35); Last surprise: +0.0%,7.0,-1.0,1.0,77,2026-10-20,0.0,0
2026-08-04T13:03:03,2026-08-04,MTSI,HOLD,0,VWAP Trend,MEDIUM,2,26.67,256.1,12.0,0.0,8.63,0.0,0.0,2026-08-06,1.9,3.19,66.7,2.11,99.02,105.78,-16.29,2.5,12,2026-04-16 to 2026-08-03 (75 days),-1.0,37.7,0.6931,334.66,248.0,BULLISH,HIGH,Strong trend (ADX=52); Earnings in 2d (2026-08-06); Last surprise: +1.9%; Earnings conf adj: -2,2.71,-1.0,1.0,2,2026-08-06,1.87,-2
2026-08-04T13:01:35,2026-08-04,GPC,HOLD,0,VWAP Trend,MEDIUM,3,26.65,128.52,5.64,0.0,6.92,0.0,0.0,2026-08-10,1.0,2.05,55.6,1.67,32.47,-37.5,-15.54,6.3,9,2026-04-16 to 2026-08-03 (75 days),-1.0,60.9,0.35,113.09,117.33,BEARISH,MEDIUM,Last surprise: +3.4%,5.36,-1.0,1.0,77,2026-10-20,3.37,0
2026-08-04T13:03:55,2026-08-04,RGEN,HOLD,0,EMA Crossover (9/21),HIGH,5,26.58,147.06,11.58,0.0,17.37,0.0,0.0,2026-08-26,1.14,1.91,66.7,2.72,48.65,-15.73,-11.77,22.0,3,2026-04-16 to 2026-08-03 (75 days),-1.0,57.6,0.5664,134.38,139.75,BEARISH,HIGH,Strong trend (ADX=33); Last surprise: +20.0%; Earnings conf adj: +1,3.31,-1.0,1.0,-7,2026-07-28,20.0,1
2026-08-04T13:01:59,2026-08-04,MCO,HOLD,0,Composite Multi-Indicator,HIGH,4,26.55,483.36,4.31,0.0,6.46,0.0,0.0,2026-10-06,0.69,1.06,100.0,40.28,13.99,-16.17,-9.16,63.0,1,2026-04-16 to 2026-08-03 (75 days),-1.0,51.4,0.2837,468.72,470.33,BEARISH,MEDIUM,Last surprise: +10.1%; Earnings conf adj: +1,6.61,-1.0,1.0,78,2026-10-21,10.12,1
2026-08-04T13:03:31,2026-08-04,EGP,HOLD,0,52-Week High Momentum,MEDIUM,3,26.52,208.48,3.58,0.0,7.16,0.0,0.0,2026-11-20,0.82,1.26,100.0,44.77,15.67,-8.98,-6.76,108.0,1,2026-04-16 to 2026-08-03 (75 days),-1.0,45.8,0.2289,206.4,189.38,BULLISH,MEDIUM,Last surprise: +1.6%,8.19,-1.0,1.0,79,2026-10-22,1.55,0
2026-08-04T13:04:37,2026-08-04,FCN,HOLD,0,EMA Crossover (9/21),LOW,1,26.51,158.4,5.44,0.0,8.16,0.0,0.0,2026-08-30,0.29,0.4,100.0,11.98,3.43,41.4,-7.15,26.0,1,2026-04-16 to 2026-08-03 (75 days),-1.0,49.1,0.3257,155.71,165.82,BEARISH,MEDIUM,Last surprise: -11.9%; Earnings conf adj: -1,5.76,-1.0,1.0,86,2026-10-29,-11.95,-1
2026-08-04T13:00:40,2026-08-04,ANET,EXIT,-1,PEAD Earnings Drift,LOW,1,26.48,184.89,11.52,206.19,17.28,152.94,4.96,2026-10-30,1.93,3.1,100.0,303.15,145.37,85.22,-15.51,87.0,1,2026-04-16 to 2026-08-03 (75 days),-1.0,59.4,0.643,167.47,146.08,BULLISH,HIGH,EARNINGS TODAY (2026-08-04); Last surprise: +7.4%; Earnings conf adj: -3; Size: Kelly 7.0% / VolTgt 2.9% / Blend 5.0%,2.92,-1.0,1.0,0,2026-08-04,7.41,-3
2026-08-04T13:03:33,2026-08-04,WTRG,HOLD,0,SMA Crossover (10/50),LOW,0,26.46,38.78,4.19,0.0,6.29,0.0,0.0,2026-09-06,0.46,0.82,100.0,18.72,5.78,2.06,-4.84,33.0,1,2026-04-16 to 2026-08-03 (75 days),-1.0,47.1,0.2414,38.19,38.52,BEARISH,MEDIUM,EARNINGS TODAY (2026-08-04); Last surprise: -4.6%; Earnings conf adj: -3,7.0,-1.0,1.0,0,2026-08-04,-4.6,-3
2026-08-04T13:01:23,2026-08-04,EXPD,EXIT,-1,PEAD Earnings Drift,LOW,1,26.44,170.59,3.38,176.36,6.76,159.06,7.0,2026-10-30,1.72,2.69,100.0,93.32,35.01,-33.88,-8.64,87.0,1,2026-04-16 to 2026-08-03 (75 days),-1.0,50.1,0.2582,166.56,151.03,BULLISH,MEDIUM,High volume; Strong trend (ADX=34); EARNINGS TODAY (2026-08-04); Last surprise: +27.6%; Earnings conf adj: -3; Size: Kelly 7.0% / VolTgt 7.0% / Blend 7.0%,7.0,-1.0,1.0,0,2026-08-04,27.61,-3
2026-08-04T13:01:11,2026-08-04,DGX,HOLD,0,ADX Trend Following,HIGH,5,26.42,231.95,4.88,0.0,16.04,0.0,0.0,2026-09-03,1.49,2.63,66.7,3.61,32.43,-62.43,-6.22,30.3,3,2026-04-16 to 2026-08-03 (75 days),-1.0,69.9,0.3701,207.18,192.85,BULLISH,MEDIUM,Strong trend (ADX=45); Last surprise: +10.6%; Earnings conf adj: +1,5.07,-1.0,1.0,77,2026-10-20,10.64,1
2026-08-04T13:02:19,2026-08-04,PM,HOLD,0,Composite Multi-Indicator,HIGH,4,26.29,187.41,5.03,0.0,15.09,0.0,0.0,2026-09-20,0.9,1.42,100.0,52.07,18.44,-72.65,-6.47,47.0,1,2026-04-16 to 2026-08-03 (75 days),-1.0,49.4,0.358,182.9,167.81,BULLISH,MEDIUM,Last surprise: +7.3%; Earnings conf adj: +1,5.24,-1.0,1.0,78,2026-10-21,7.32,1
2026-08-04T13:03:25,2026-08-04,MOG-A,HOLD,0,PEAD Earnings Drift,HIGH,5,26.28,395.88,10.64,0.0,37.24,0.0,0.0,2026-11-10,2.61,4.78,100.0,270.96,121.52,0.56,-10.18,98.0,1,2026-04-16 to 2026-08-03 (75 days),-1.0,48.3,0.517,393.14,305.2,BULLISH,HIGH,Strong trend (ADX=35); Last surprise: +39.8%; Earnings conf adj: +1,3.63,-1.0,1.0,-4,2026-07-31,39.85,1
2026-08-04T13:03:02,2026-08-04,RBA,HOLD,0,Composite Multi-Indicator,LOW,1,26.24,112.22,3.89,0.0,5.83,0.0,0.0,2026-11-06,1.04,1.57,100.0,72.15,26.32,-7.65,-7.14,94.0,1,2026-04-16 to 2026-08-03 (75 days),-1.0,51.9,0.3139,109.62,104.76,BULLISH,MEDIUM,EARNINGS TODAY (2026-08-04); Last surprise: +4.1%; Earnings conf adj: -3,5.97,-1.0,1.0,0,2026-08-04,4.12,-3
2026-08-04T13:01:52,2026-08-04,LDOS,HOLD,0,EMA Crossover (9/21),LOW,0,26.23,118.72,4.85,0.0,5.79,0.0,0.0,2026-08-10,0.09,0.12,100.0,2.04,0.36,60.83,-5.12,6.0,1,2026-04-16 to 2026-08-03 (75 days),-1.0,62.0,0.3002,113.74,158.69,BEARISH,MEDIUM,Price at statistical extreme; EARNINGS TODAY (2026-08-04); Last surprise: +7.6%; Earnings conf adj: -3,6.25,-1.0,1.0,0,2026-08-04,7.56,-3
2026-08-04T13:04:49,2026-08-04,BCO,HOLD,0,Stochastic Oscillator,LOW,1,26.19,115.61,5.99,0.0,8.98,0.0,0.0,2026-09-03,0.36,0.65,100.0,22.88,4.38,-9.91,-10.15,30.0,1,2026-04-16 to 2026-08-03 (75 days),-1.0,55.1,0.3533,106.15,112.26,BEARISH,MEDIUM,Strong trend (ADX=38); Earnings in 1d (2026-08-05); Last surprise: +13.2%; Earnings conf adj: -1,5.31,-1.0,1.0,1,2026-08-05,13.21,-1
2026-08-04T13:04:24,2026-08-04,MTN,HOLD,0,Donchian Breakout (20/55),HIGH,4,26.17,149.23,5.11,0.0,15.33,0.0,0.0,2026-09-15,1.07,1.53,100.0,68.83,24.99,-46.74,-6.83,42.0,1,2026-04-16 to 2026-08-03 (75 days),-1.0,54.3,0.3494,139.77,134.6,BULLISH,MEDIUM,Last surprise: -1.7%,5.37,-1.0,1.0,55,2026-09-28,-1.67,0
2026-08-04T13:01:14,2026-08-04,DRI,HOLD,0,Stochastic Oscillator,MEDIUM,2,26.11,206.24,4.28,0.0,6.42,0.0,0.0,2026-09-01,0.42,0.64,100.0,22.07,5.53,-15.32,-5.32,28.0,1,2026-04-16 to 2026-08-03 (75 days),-1.0,55.3,0.3038,202.33,194.08,BULLISH,MEDIUM,Strong trend (ADX=31); Last surprise: +0.5%,6.17,-1.0,1.0,51,2026-09-24,0.55,0
2026-08-04T13:03:29,2026-08-04,OC,HOLD,0,Multi-Factor Momentum MR,MEDIUM,3,26.06,143.21,4.73,0.0,9.46,0.0,0.0,2026-08-30,2.01,4.36,100.0,238.78,111.54,13.72,-13.74,26.5,2,2026-04-16 to 2026-08-03 (75 days),-1.0,56.3,0.3269,132.94,120.01,BULLISH,MEDIUM,Earnings in 1d (2026-08-05); Last surprise: +27.1%; Earnings conf adj: -1,5.74,-1.0,1.0,1,2026-08-05,27.08,-1
2026-08-04T13:04:39,2026-08-04,THO,HOLD,0,Composite Multi-Indicator,MEDIUM,3,26.06,77.51,5.78,0.0,8.67,0.0,0.0,2026-11-02,0.51,0.7,100.0,36.35,12.54,13.32,-10.46,90.0,1,2026-04-16 to 2026-08-03 (75 days),-1.0,53.9,0.3819,75.78,90.56,BEARISH,MEDIUM,Last surprise: -3.6%,4.91,-1.0,1.0,50,2026-09-23,-3.63,0
2026-08-04T13:01:00,2026-08-04,CINF,HOLD,0,Composite Multi-Indicator,MEDIUM,3,26.05,178.03,4.1,0.0,8.2,0.0,0.0,2026-11-08,1.4,1.99,100.0,95.71,36.01,-0.53,-10.21,96.0,1,2026-04-16 to 2026-08-03 (75 days),-1.0,49.2,0.3408,174.07,164.1,BULLISH,MEDIUM,Last surprise: -21.4%; Earnings conf adj: -1,5.5,-1.0,1.0,83,2026-10-26,-21.43,-1
2026-08-04T13:03:17,2026-08-04,NXT,HOLD,0,VWAP Trend,HIGH,5,26.01,90.67,12.0,0.0,9.12,0.0,0.0,2026-08-06,1.33,2.06,80.0,2.64,53.85,96.64,-12.38,2.5,10,2026-04-16 to 2026-08-03 (75 days),-1.0,36.7,0.7324,116.96,109.0,BULLISH,HIGH,High volume; Strong trend (ADX=35); Last surprise: +14.3%; Earnings conf adj: +1,2.56,-1.0,1.0,85,2026-10-28,14.29,1
2026-08-04T13:01:20,2026-08-04,EQIX,HOLD,0,Stochastic Oscillator,MEDIUM,3,25.92,1031.44,5.1,0.0,7.65,0.0,0.0,2026-08-30,0.31,0.49,100.0,14.23,3.86,14.37,-7.03,26.0,1,2026-04-16 to 2026-08-03 (75 days),-1.0,48.4,0.3407,1053.6,926.49,BULLISH,MEDIUM,Last surprise: +6.2%; Earnings conf adj: +1,5.5,-1.0,1.0,85,2026-10-28,6.25,1
2026-08-04T13:01:14,2026-08-04,DUK,HOLD,0,Composite Multi-Indicator,LOW,0,25.87,124.28,2.43,0.0,3.65,0.0,0.0,2026-09-15,0.17,0.25,100.0,5.15,1.41,9.82,-4.88,42.0,1,2026-04-16 to 2026-08-03 (75 days),-1.0,42.8,0.1838,125.56,123.35,BULLISH,LOW,EARNINGS TODAY (2026-08-04); Last surprise: +7.2%; Earnings conf adj: -3,7.0,-1.0,1.0,0,2026-08-04,7.22,-3
2026-08-04T13:01:17,2026-08-04,ED,HOLD,0,Composite Multi-Indicator,LOW,0,25.87,107.95,2.71,0.0,4.06,0.0,0.0,2026-09-15,0.26,0.39,100.0,8.63,2.61,7.65,-5.39,42.0,1,2026-04-16 to 2026-08-03 (75 days),-1.0,40.8,0.1865,109.25,105.24,BULLISH,LOW,Price at statistical extreme; Earnings in 2d (2026-08-06); Last surprise: -4.0%; Earnings conf adj: -2,7.0,-1.0,1.0,2,2026-08-06,-3.96,-2
2026-08-04T13:01:49,2026-08-04,KDP,HOLD,0,Stochastic Oscillator,LOW,0,25.84,30.91,3.89,0.0,5.83,0.0,0.0,2026-08-18,0.22,0.39,100.0,14.44,1.48,-82.2,-3.5,14.0,1,2026-04-16 to 2026-08-03 (75 days),-1.0,50.2,0.2889,30.91,28.27,BULLISH,MEDIUM,Earnings in 2d (2026-08-06); Last surprise: +5.4%; Earnings conf adj: -2,6.49,-1.0,1.0,2,2026-08-06,5.41,-2
2026-08-04T13:03:13,2026-08-04,OHI,HOLD,0,ADX Trend Following,HIGH,4,25.79,49.01,3.57,0.0,9.77,0.0,0.0,2026-08-30,0.79,1.28,66.7,5.93,14.01,-10.86,-5.34,26.0,3,2026-04-16 to 2026-08-03 (75 days),-1.0,47.1,0.2433,47.81,45.03,BULLISH,MEDIUM,Strong trend (ADX=31); Last surprise: +154.2%; Earnings conf adj: +1,7.71,-1.0,1.0,86,2026-10-29,154.17,1
2026-08-04T13:02:14,2026-08-04,OTIS,HOLD,0,Composite Multi-Indicator,MEDIUM,2,25.73,72.19,4.0,0.0,6.0,0.0,0.0,2026-09-28,0.3,0.46,100.0,11.91,3.76,33.89,-6.12,55.0,1,2026-04-16 to 2026-08-03 (75 days),-1.0,48.7,0.2511,72.01,81.68,BEARISH,MEDIUM,Last surprise: +0.0%,7.47,-1.0,1.0,85,2026-10-28,0.0,0
2026-08-04T13:01:02,2026-08-04,CMS,HOLD,0,EMA Crossover (9/21),MEDIUM,2,25.6,71.74,2.62,0.0,5.24,0.0,0.0,2026-09-03,0.1,0.16,100.0,3.64,0.55,23.7,-6.64,30.0,1,2026-04-16 to 2026-08-03 (75 days),-1.0,37.3,0.1706,74.1,73.38,BULLISH,LOW,Last surprise: +2.8%,10.0,-1.0,1.0,86,2026-10-29,2.78,0
2026-08-04T13:04:19,2026-08-04,SIGI,HOLD,0,52-Week High Momentum,HIGH,5,25.54,95.42,5.0,0.0,15.0,0.0,0.0,2026-10-20,1.04,1.53,100.0,64.07,21.03,-59.17,-7.36,77.0,1,2026-04-16 to 2026-08-03 (75 days),-1.0,50.7,0.2945,93.48,83.85,BULLISH,MEDIUM,Last surprise: +16.8%; Earnings conf adj: +1,6.37,-1.0,1.0,78,2026-10-21,16.77,1
2026-08-04T13:04:17,2026-08-04,POR,HOLD,0,Composite Multi-Indicator,MEDIUM,2,25.44,50.15,2.52,0.0,6.3,0.0,0.0,2026-09-15,0.28,0.45,100.0,8.89,2.71,14.74,-7.06,42.0,1,2026-04-16 to 2026-08-03 (75 days),-1.0,41.5,0.1692,50.89,49.44,BULLISH,LOW,Strong trend (ADX=34); Last surprise: -4.5%,10.0,-1.0,1.0,87,2026-10-30,-4.48,0
2026-08-04T13:01:33,2026-08-04,GILD,HOLD,0,SMA Crossover (10/50),LOW,0,25.43,131.15,4.21,0.0,6.31,0.0,0.0,2026-08-28,0.3,0.51,100.0,9.17,2.8,17.98,-5.13,24.0,1,2026-04-16 to 2026-08-03 (75 days),-1.0,50.6,0.3262,129.48,130.58,BEARISH,MEDIUM,EARNINGS TODAY (2026-08-04); Last surprise: +6.3%; Earnings conf adj: -3,5.75,-1.0,1.0,0,2026-08-04,6.28,-3
2026-08-04T13:04:52,2026-08-04,CW,HOLD,0,Stochastic Oscillator,MEDIUM,2,25.32,747.67,8.35,0.0,12.45,0.0,0.0,2026-08-17,0.62,0.88,100.0,34.42,10.32,-3.52,-9.43,13.0,1,2026-04-16 to 2026-08-03 (75 days),-1.0,52.8,0.4386,744.11,665.99,BULLISH,HIGH,Earnings in 1d (2026-08-05); Last surprise: +5.5%; Earnings conf adj: -1,4.27,-1.0,1.0,1,2026-08-05,5.45,-1
2026-08-04T13:00:58,2026-08-04,CIEN,HOLD,0,VWAP Trend,MEDIUM,3,25.19,390.76,12.0,0.0,12.66,0.0,0.0,2026-08-07,0.54,0.78,57.1,1.42,15.59,70.94,-30.68,3.6,7,2026-04-16 to 2026-08-03 (75 days),-1.0,45.6,0.847,460.23,352.39,BULLISH,HIGH,Last surprise: +12.3%; Earnings conf adj: +1,2.21,-1.0,1.0,36,2026-09-09,12.33,1
2026-08-04T13:03:06,2026-08-04,PR,HOLD,0,Donchian Breakout (20/55),LOW,1,25.17,20.9,4.72,0.0,9.44,0.0,0.0,2026-08-18,0.63,0.94,100.0,29.57,9.67,-1.74,-7.8,14.0,1,2026-04-16 to 2026-08-03 (75 days),-1.0,57.8,0.3897,19.53,17.24,BULLISH,MEDIUM,Strong trend (ADX=31); Earnings in 1d (2026-08-05); Last surprise: +2.6%; Earnings conf adj: -2,4.81,-1.0,1.0,1,2026-08-05,2.63,-2
2026-08-04T13:04:51,2026-08-04,CR,HOLD,0,VWAP Trend,HIGH,5,25.14,219.32,7.44,0.0,4.7,0.0,0.0,2026-08-06,1.67,3.18,58.3,2.43,23.9,-51.89,-4.72,2.2,12,2026-04-16 to 2026-08-03 (75 days),-1.0,54.0,0.4024,207.91,192.12,BULLISH,HIGH,Strong trend (ADX=34); Last surprise: +6.5%; Earnings conf adj: +1,4.66,-1.0,1.0,83,2026-10-26,6.55,1
2026-08-04T13:04:41,2026-08-04,YETI,HOLD,0,Momentum (Rate of Change),HIGH,5,25.09,50.77,5.27,0.0,15.81,0.0,0.0,2026-11-17,1.86,3.33,100.0,226.22,99.48,-59.57,-9.73,105.0,1,2026-04-16 to 2026-08-03 (75 days),-1.0,54.5,0.3654,48.93,43.22,BULLISH,MEDIUM,Last surprise: +36.8%; Earnings conf adj: +1,5.13,-1.0,1.0,9,2026-08-13,36.84,1
2026-08-04T13:03:53,2026-08-04,REXR,HOLD,0,Stochastic Oscillator,HIGH,4,25.0,37.69,6.46,0.0,9.69,0.0,0.0,2026-08-31,1.35,2.3,50.0,58.84,29.93,7.0,-7.47,27.0,2,2026-04-16 to 2026-08-03 (75 days),-1.0,59.1,0.4292,35.11,36.77,BEARISH,HIGH,Strong trend (ADX=39); Last surprise: +61.5%; Earnings conf adj: +1,4.37,-1.0,1.0,71,2026-10-14,61.54,1
2026-08-04T13:02:26,2026-08-04,ROK,EXIT,-1,PEAD Earnings Drift,LOW,0,24.95,480.98,4.72,503.68,7.08,446.93,7.0,2026-10-30,0.86,1.21,100.0,61.95,22.27,-62.6,-7.45,87.0,1,2026-04-16 to 2026-08-03 (75 days),-1.0,57.7,0.2615,464.54,410.45,BULLISH,MEDIUM,High volume; Price at statistical extreme; EARNINGS TODAY (2026-08-04); Last surprise: +14.6%; Earnings conf adj: -3; Size: Kelly 7.0% / VolTgt 7.0% / Blend 7.0%,7.0,-1.0,1.0,0,2026-08-04,14.58,-3
2026-08-04T13:04:03,2026-08-04,CELH,HOLD,0,Stochastic Oscillator,LOW,0,24.9,28.23,9.28,0.0,13.92,0.0,0.0,2026-09-16,0.01,0.01,50.0,0.57,-10.87,40.33,-19.77,43.0,2,2026-04-16 to 2026-08-03 (75 days),-1.0,43.9,0.4397,29.69,40.75,BEARISH,HIGH,High volume; Earnings in 2d (2026-08-06); Last surprise: +41.4%; Earnings conf adj: -1,4.26,-1.0,1.0,2,2026-08-06,41.38,-1
2026-08-04T13:01:39,2026-08-04,HPE,HOLD,0,Stochastic Oscillator,HIGH,5,24.68,50.24,11.96,0.0,17.94,0.0,0.0,2026-09-07,1.06,1.78,100.0,112.72,38.08,-827.52,-10.33,34.0,1,2026-04-16 to 2026-08-03 (75 days),-1.0,59.6,0.6422,46.24,29.41,BULLISH,HIGH,Last surprise: +49.1%; Earnings conf adj: +1,2.92,-1.0,1.0,30,2026-09-03,49.06,1
2026-08-04T13:01:59,2026-08-04,MCK,HOLD,0,SMA Crossover (10/50),LOW,0,24.62,827.14,4.54,0.0,6.81,0.0,0.0,2026-08-30,0.24,0.4,100.0,9.36,2.86,17.46,-7.11,26.0,1,2026-04-16 to 2026-08-03 (75 days),-1.0,50.8,0.3794,791.41,834.92,BEARISH,MEDIUM,Earnings in 1d (2026-08-05); Last surprise: +1.0%; Earnings conf adj: -2,4.94,-1.0,1.0,1,2026-08-05,1.04,-2
2026-08-04T13:04:05,2026-08-04,HR,HOLD,0,52-Week High Momentum,MEDIUM,3,24.55,20.54,3.34,0.0,6.68,0.0,0.0,2026-11-20,1.96,3.12,100.0,119.63,46.37,-7.69,-6.18,108.0,1,2026-04-16 to 2026-08-03 (75 days),-1.0,43.0,0.207,20.56,18.31,BULLISH,MEDIUM,Last surprise: -550.0%; Earnings conf adj: -1,9.06,-1.0,1.0,86,2026-10-29,-550.0,-1
2026-08-04T13:01:17,2026-08-04,EFX,HOLD,0,SMA Crossover (10/50),MEDIUM,2,24.5,174.11,10.88,0.0,16.32,0.0,0.0,2026-08-25,0.21,0.31,100.0,7.69,2.29,27.65,-7.71,21.0,1,2026-04-16 to 2026-08-03 (75 days),-1.0,51.5,0.503,167.79,190.77,BEARISH,HIGH,Last surprise: +2.3%,3.73,-1.0,1.0,77,2026-10-20,2.27,0
2026-08-04T13:01:31,2026-08-04,FTV,HOLD,0,ADX Trend Following,MEDIUM,2,24.39,59.46,4.7,0.0,3.45,0.0,0.0,2026-08-05,0.71,2.26,50.0,3.04,2.21,2.96,-0.96,1.5,2,2026-04-16 to 2026-08-03 (75 days),-1.0,44.3,0.3577,60.86,56.81,BULLISH,MEDIUM,Last surprise: +4.2%,5.24,-1.0,1.0,85,2026-10-28,4.23,0
2026-08-04T13:03:48,2026-08-04,OSK,HOLD,0,Composite Multi-Indicator,HIGH,4,24.27,148.36,6.36,0.0,9.54,0.0,0.0,2026-10-30,0.89,1.28,100.0,79.1,29.14,16.17,-13.76,87.0,1,2026-04-16 to 2026-08-03 (75 days),-1.0,53.9,0.3687,140.68,141.91,BEARISH,MEDIUM,Last surprise: +10.0%; Earnings conf adj: +1,5.09,-1.0,1.0,85,2026-10-28,9.96,1
2026-08-04T13:04:49,2026-08-04,CG,HOLD,0,ADX Trend Following,LOW,0,24.25,48.91,4.99,0.0,7.49,0.0,0.0,2026-08-13,0.27,0.39,66.7,1.2,3.79,16.53,-12.32,9.3,6,2026-04-16 to 2026-08-03 (75 days),-1.0,65.3,0.3634,44.54,51.23,BEARISH,MEDIUM,High volume; Price at statistical extreme; EARNINGS TODAY (2026-08-04); Last surprise: -3.3%; Earnings conf adj: -3,5.16,-1.0,1.0,0,2026-08-04,-3.26,-3
2026-08-04T13:01:25,2026-08-04,FANG,HOLD,0,Stochastic Oscillator,MEDIUM,2,24.24,198.75,4.66,0.0,6.99,0.0,0.0,2026-09-02,0.4,0.7,100.0,24.07,5.51,-20.68,-8.49,29.0,1,2026-04-16 to 2026-08-03 (75 days),-1.0,54.9,0.393,191.67,172.75,BULLISH,MEDIUM,Last surprise: +12.8%,4.77,-1.0,1.0,90,2026-11-02,12.8,0
2026-08-04T13:02:02,2026-08-04,MNST,HOLD,0,52-Week High Momentum,MEDIUM,3,24.2,93.55,3.9,0.0,7.8,0.0,0.0,2026-10-27,1.22,1.77,100.0,81.63,23.24,-85.58,-6.49,84.0,1,2026-04-16 to 2026-08-03 (75 days),-1.0,44.8,0.2624,93.61,80.72,BULLISH,MEDIUM,Earnings in 2d (2026-08-06); Last surprise: +9.4%; Earnings conf adj: -1,7.14,-1.0,1.0,2,2026-08-06,9.43,-1
2026-08-04T13:02:08,2026-08-04,NFLX,HOLD,0,ADX Trend Following,LOW,0,24.07,73.33,5.6,0.0,8.27,0.0,0.0,2026-08-13,-2.57,-2.92,50.0,0.27,-20.05,53.02,-8.89,9.0,2,2026-04-16 to 2026-08-03 (75 days),-1.0,49.8,0.35,76.82,91.06,BEARISH,MEDIUM,Last surprise: +1.3%,5.36,-1.0,1.0,77,2026-10-20,1.27,0
2026-08-04T13:01:32,2026-08-04,GEV,HOLD,0,MACD Crossover,MEDIUM,2,24.03,1006.76,12.0,0.0,24.0,0.0,0.0,2026-08-27,0.56,0.79,100.0,39.72,13.4,2.96,-8.84,23.0,1,2026-04-16 to 2026-08-03 (75 days),-1.0,48.2,0.6458,1024.29,837.63,BULLISH,HIGH,Last surprise: -22.3%; Earnings conf adj: -1,2.9,-1.0,1.0,85,2026-10-28,-22.33,-1
2026-08-04T13:00:48,2026-08-04,BBY,HOLD,0,VWAP Trend,LOW,1,23.92,85.25,4.56,0.0,6.35,0.0,0.0,2026-08-11,-1.61,-2.03,60.0,0.33,-27.46,-195.48,-10.34,7.0,5,2026-04-16 to 2026-08-03 (75 days),-1.0,56.3,0.305,77.9,69.33,BULLISH,MEDIUM,Last surprise: +4.1%,6.15,-1.0,1.0,23,2026-08-27,4.07,0
2026-08-04T13:02:23,2026-08-04,PTC,HOLD,1,VWAP Trend,LOW,1,23.58,139.85,8.17,128.42,11.29,155.64,0.0,2026-08-13,-0.29,-0.38,62.5,0.94,-18.13,-22.09,-24.41,9.9,8,2026-04-16 to 2026-08-03 (75 days),-1.0,67.6,0.4556,126.8,153.8,BEARISH,HIGH,Price at statistical extreme; Strong trend (ADX=38); Last surprise: +1.3%,4.12,-1.0,1.0,-6,2026-07-29,1.28,0
2026-08-04T13:03:40,2026-08-04,AYI,HOLD,0,Stochastic Oscillator,MEDIUM,3,23.57,334.49,4.97,0.0,7.46,0.0,0.0,2026-08-15,0.53,0.73,100.0,22.0,5.15,-71.35,-4.59,11.0,1,2026-04-16 to 2026-08-03 (75 days),-1.0,51.8,0.3351,322.48,320.7,BULLISH,MEDIUM,Last surprise: +2.3%,5.6,-1.0,1.0,57,2026-09-30,2.31,0
2026-08-04T13:04:27,2026-08-04,LPX,HOLD,0,Stochastic Oscillator,LOW,1,23.57,73.76,8.6,0.0,12.9,0.0,0.0,2026-08-28,0.16,0.24,100.0,7.2,1.09,-6.46,-8.62,24.0,1,2026-04-16 to 2026-08-03 (75 days),-1.0,49.2,0.464,74.68,79.21,BEARISH,HIGH,Earnings in 1d (2026-08-05); Last surprise: +153.3%; Earnings conf adj: -1,4.04,-1.0,1.0,1,2026-08-05,153.33,-1
2026-08-04T13:02:48,2026-08-04,VRTX,HOLD,0,ADX Trend Following,HIGH,4,23.45,470.72,3.93,0.0,11.79,0.0,0.0,2026-10-01,1.31,2.11,100.0,84.24,30.78,0.61,-10.77,58.0,1,2026-04-16 to 2026-08-03 (75 days),-1.0,44.4,0.2391,469.11,453.23,BULLISH,MEDIUM,Last surprise: +3.7%,7.84,-1.0,1.0,90,2026-11-02,3.71,0
2026-08-04T13:03:43,2026-08-04,HALO,HOLD,1,52-Week High Momentum,LOW,1,23.39,82.27,4.05,78.94,8.1,88.93,0.0,2026-09-06,0.41,0.73,100.0,67.3,5.26,-99.68,-7.99,33.0,1,2026-04-16 to 2026-08-03 (75 days),-1.0,63.6,0.2703,74.58,69.93,BULLISH,MEDIUM,Strong trend (ADX=41); Earnings in 2d (2026-08-06); Last surprise: +5.3%; Earnings conf adj: -1,6.94,-1.0,1.0,2,2026-08-06,5.26,-1
2026-08-04T13:04:57,2026-08-04,MMS,HOLD,0,ADX Trend Following,LOW,0,23.17,62.21,4.98,0.0,7.47,0.0,0.0,2026-08-14,-0.56,-0.74,50.0,0.76,-14.35,14.81,-14.14,10.8,4,2026-04-16 to 2026-08-03 (75 days),-1.0,60.6,0.3254,58.94,73.2,BEARISH,MEDIUM,Strong trend (ADX=31); Earnings in 2d (2026-08-06); Last surprise: +5.1%; Earnings conf adj: -1,5.76,-1.0,1.0,2,2026-08-06,5.08,-1
2026-08-04T13:00:58,2026-08-04,CI,HOLD,0,Composite Multi-Indicator,MEDIUM,2,23.1,282.06,5.12,0.0,10.24,0.0,0.0,2026-11-15,0.49,0.73,100.0,31.74,10.84,1.52,-9.97,103.0,1,2026-04-16 to 2026-08-03 (75 days),-1.0,45.5,0.3454,286.17,277.56,BULLISH,MEDIUM,Last surprise: +2.4%,5.43,-1.0,1.0,-5,2026-07-30,2.37,0
2026-08-04T13:04:37,2026-08-04,SLGN,HOLD,0,PEAD Earnings Drift,MEDIUM,2,22.94,41.37,9.21,0.0,23.03,0.0,0.0,2026-09-15,0.34,0.43,100.0,17.63,5.72,-1.05,-11.26,42.0,1,2026-04-16 to 2026-08-03 (75 days),-1.0,40.4,0.5274,42.37,41.47,BULLISH,HIGH,Strong trend (ADX=37); Last surprise: +2.1%,3.56,-1.0,1.0,85,2026-10-28,2.08,0
2026-08-04T13:02:08,2026-08-04,NEE,HOLD,0,Composite Multi-Indicator,LOW,1,22.92,86.55,2.52,0.0,3.78,0.0,0.0,2026-09-06,0.04,0.07,100.0,1.08,0.03,16.24,-3.71,33.0,1,2026-04-16 to 2026-08-03 (75 days),-1.0,41.2,0.1381,87.21,86.86,BULLISH,LOW,Last surprise: +3.6%,7.0,-1.0,1.0,84,2026-10-27,3.6,0
2026-08-04T13:03:09,2026-08-04,NBIX,EXIT,-1,52-Week High Momentum,HIGH,5,22.92,166.23,7.68,179.0,23.04,127.93,7.01,2026-10-27,1.01,1.42,100.0,102.86,32.57,-108.3,-10.48,84.0,1,2026-04-16 to 2026-08-03 (75 days),-1.0,43.5,0.4667,167.59,146.06,BULLISH,HIGH,Last surprise: +45.4%; Earnings conf adj: +1; Size: Kelly 10.0% / VolTgt 4.0% / Blend 7.0%,4.02,-1.0,1.0,85,2026-10-28,45.41,1
2026-08-04T13:03:04,2026-08-04,ULS,HOLD,0,Stochastic Oscillator,LOW,0,22.67,91.05,4.32,0.0,6.48,0.0,0.0,2026-09-11,0.41,0.55,100.0,26.31,7.39,1.29,-16.1,38.0,1,2026-04-16 to 2026-08-03 (75 days),-1.0,51.3,0.2789,93.65,85.47,BULLISH,MEDIUM,Strong trend (ADX=34); EARNINGS TODAY (2026-08-04); Last surprise: +22.0%; Earnings conf adj: -3,6.72,-1.0,1.0,0,2026-08-04,21.95,-3
2026-08-04T13:01:55,2026-08-04,LOW,HOLD,0,Composite Multi-Indicator,LOW,1,22.59,212.06,4.32,0.0,6.48,0.0,0.0,2026-08-29,0.07,0.1,100.0,0.74,-0.08,34.11,-6.01,25.0,1,2026-04-16 to 2026-08-03 (75 days),-1.0,50.3,0.3293,213.19,236.6,BEARISH,MEDIUM,Last surprise: +2.0%,5.69,-1.0,1.0,15,2026-08-19,2.02,0
2026-08-04T13:01:34,2026-08-04,GOOGL,HOLD,0,Stochastic Oscillator,MEDIUM,3,22.45,373.51,7.53,0.0,11.29,0.0,0.0,2026-09-29,0.3,0.44,100.0,27.08,4.79,-38.86,-14.89,56.0,1,2026-04-16 to 2026-08-03 (75 days),-1.0,61.1,0.4891,358.38,326.62,BULLISH,HIGH,Last surprise: +214.1%; Earnings conf adj: +1,3.83,-1.0,1.0,85,2026-10-28,214.14,1
2026-08-04T13:02:54,2026-08-04,WY,HOLD,0,Composite Multi-Indicator,MEDIUM,3,22.26,25.23,4.27,0.0,8.54,0.0,0.0,2026-11-20,0.25,0.37,100.0,9.98,3.09,-12.93,-12.81,108.0,1,2026-04-16 to 2026-08-03 (75 days),-1.0,59.8,0.3864,24.13,23.82,BULLISH,MEDIUM,Last surprise: +62.5%; Earnings conf adj: +1,4.85,-1.0,1.0,86,2026-10-29,62.5,1
2026-08-04T13:02:31,2026-08-04,SOLV,HOLD,0,Stochastic Oscillator,LOW,0,22.05,88.07,6.16,0.0,9.24,0.0,0.0,2026-08-29,0.14,0.23,100.0,16.07,0.99,-129.94,-5.47,25.0,1,2026-04-16 to 2026-08-03 (75 days),-1.0,66.7,0.4033,78.61,75.35,BULLISH,HIGH,Strong trend (ADX=36); Earnings in 1d (2026-08-05); Last surprise: +9.6%; Earnings conf adj: -2,4.65,-1.0,1.0,1,2026-08-05,9.63,-2
2026-08-04T13:03:31,2026-08-04,CACI,HOLD,0,Stochastic Oscillator,LOW,0,21.82,512.66,7.18,0.0,10.77,0.0,0.0,2026-08-31,0.76,1.23,50.0,13.76,17.49,28.26,-8.73,27.0,2,2026-04-16 to 2026-08-03 (75 days),-1.0,59.0,0.4277,490.97,552.2,BEARISH,HIGH,Earnings in 1d (2026-08-05); Last surprise: +4.9%; Earnings conf adj: -2,4.38,-1.0,1.0,1,2026-08-05,4.91,-2
2026-08-04T13:01:18,2026-08-04,EIX,HOLD,0,Composite Multi-Indicator,HIGH,4,21.16,71.46,4.94,0.0,17.29,0.0,0.0,2026-10-06,0.79,1.04,100.0,45.58,15.97,12.56,-11.19,63.0,1,2026-04-16 to 2026-08-03 (75 days),-1.0,35.7,0.3309,73.72,65.77,BULLISH,MEDIUM,Price at statistical extreme; Strong trend (ADX=44); Last surprise: +27.3%; Earnings conf adj: +1,5.67,-1.0,1.0,84,2026-10-27,27.27,1
2026-08-04T13:01:00,2026-08-04,CME,HOLD,0,EMA Crossover (9/21),LOW,0,20.58,266.17,3.84,0.0,5.76,0.0,0.0,2026-08-13,-1.5,-1.72,50.0,0.48,-16.09,13.21,-8.8,9.5,2,2026-04-16 to 2026-08-03 (75 days),-1.0,64.7,0.268,252.0,273.86,BEARISH,MEDIUM,Strong trend (ADX=45); Last surprise: +2.7%,7.0,-1.0,1.0,78,2026-10-21,2.75,0
2026-08-04T13:01:16,2026-08-04,EBAY,BUY,1,VWAP Trend,MEDIUM,2,20.4,107.13,4.68,102.12,4.21,111.64,7.66,2026-08-06,1.24,2.29,60.0,2.06,24.35,4.88,-3.72,2.3,10,2026-04-16 to 2026-08-03 (75 days),0.48,40.7,0.3521,111.36,96.3,BULLISH,MEDIUM,High volume; Price at statistical extreme; Earnings in 1d (2026-08-05); Last surprise: +5.1%; Earnings conf adj: -2; Size: Kelly 10.0% / VolTgt 5.3% / Blend 7.7%,5.32,-1.0,1.0,1,2026-08-05,5.06,-2
2026-08-04T13:01:00,2026-08-04,CMCSA,HOLD,0,ADX Trend Following,LOW,1,20.31,24.56,8.17,0.0,9.38,0.0,0.0,2026-08-11,-1.66,-1.96,50.0,0.37,-14.82,28.1,-8.13,7.5,2,2026-04-16 to 2026-08-03 (75 days),-1.0,57.1,0.4348,23.6,26.36,BEARISH,HIGH,Last surprise: +7.2%; Earnings conf adj: +1,4.31,-1.0,1.0,86,2026-10-29,7.22,1
2026-08-04T13:02:17,2026-08-04,PH,HOLD,0,EMA Crossover (9/21),MEDIUM,2,20.08,997.52,3.85,0.0,7.7,0.0,0.0,2026-09-25,2.13,3.16,100.0,103.09,38.69,22.63,-5.13,52.0,1,2026-04-16 to 2026-08-03 (75 days),-1.0,61.2,0.2369,932.46,906.07,BULLISH,MEDIUM,Earnings in 2d (2026-08-06); Last surprise: +4.3%; Earnings conf adj: -2,7.92,-1.0,1.0,2,2026-08-06,4.34,-2
2026-08-04T13:01:13,2026-08-04,DOW,HOLD,0,MACD Crossover,LOW,1,19.94,29.89,7.91,0.0,11.87,0.0,0.0,2026-08-17,-0.58,-0.8,50.0,0.55,-14.38,46.98,-8.81,13.5,2,2026-04-16 to 2026-08-03 (75 days),-1.0,47.8,0.4127,31.27,30.12,BULLISH,HIGH,Last surprise: +12.5%; Earnings conf adj: +1,4.54,-1.0,1.0,79,2026-10-22,12.5,1
2026-08-04T13:02:31,2026-08-04,SO,HOLD,0,VWAP Trend,MEDIUM,3,19.89,92.94,2.71,0.0,3.4,0.0,0.0,2026-08-09,0.58,0.84,66.7,1.43,5.59,9.8,-5.17,5.8,6,2026-04-16 to 2026-08-03 (75 days),-1.0,41.0,0.1792,94.51,91.87,BULLISH,LOW,High volume; Price at statistical extreme; Last surprise: +11.9%; Earnings conf adj: +1,10.0,-1.0,1.0,86,2026-10-29,11.88,1
2026-08-04T13:02:18,2026-08-04,PLTR,HOLD,0,Stochastic Oscillator,HIGH,4,19.79,125.65,9.42,0.0,14.13,0.0,0.0,2026-08-26,1.33,2.34,100.0,141.89,56.39,91.65,-20.78,22.5,2,2026-04-16 to 2026-08-03 (75 days),-1.0,47.7,0.4682,130.49,152.62,BEARISH,HIGH,High volume; Last surprise: +17.9%,4.0,-1.0,1.0,90,2026-11-02,17.86,0
2026-08-04T13:01:08,2026-08-04,CTVA,HOLD,0,VWAP Trend,LOW,1,19.78,76.04,6.58,0.0,5.98,0.0,0.0,2026-08-06,0.46,0.63,66.7,1.49,5.22,24.49,-5.03,2.4,9,2026-04-16 to 2026-08-03 (75 days),-1.0,31.4,0.4902,81.92,75.06,BULLISH,HIGH,High volume; Price at statistical extreme; Strong trend (ADX=41); Last surprise: +3.1%,3.82,-1.0,1.0,-5,2026-07-30,3.14,0
2026-08-04T13:04:34,2026-08-04,KRC,HOLD,0,VWAP Trend,HIGH,5,19.35,39.0,4.8,0.0,4.04,0.0,0.0,2026-08-09,1.44,2.56,66.7,7.74,27.25,-105.39,-3.59,5.3,6,2026-04-16 to 2026-08-03 (75 days),-1.0,53.0,0.223,37.52,35.09,BULLISH,MEDIUM,Last surprise: +41.7%; Earnings conf adj: +1,8.41,-1.0,1.0,83,2026-10-26,41.67,1
2026-08-04T13:04:28,2026-08-04,SHC,HOLD,0,Momentum (Rate of Change),MEDIUM,2,19.21,17.99,4.14,0.0,8.28,0.0,0.0,2026-09-10,2.05,3.99,100.0,121.25,46.1,-8.49,-6.13,37.0,1,2026-04-16 to 2026-08-03 (75 days),-1.0,58.4,0.3227,16.86,16.49,BULLISH,MEDIUM,Earnings in 2d (2026-08-06); Last surprise: +5.9%; Earnings conf adj: -2,5.81,-1.0,1.0,2,2026-08-06,5.88,-2
2026-08-04T13:03:41,2026-08-04,RMBS,HOLD,0,ADX Trend Following,LOW,1,19.19,92.21,12.0,0.0,19.72,0.0,0.0,2026-08-16,-0.43,-0.59,50.0,0.2,-26.86,32.4,-23.77,12.0,2,2026-04-16 to 2026-08-03 (75 days),-1.0,38.3,0.723,124.05,109.09,BULLISH,HIGH,Strong trend (ADX=49); Last surprise: +6.9%; Earnings conf adj: +1,2.59,-1.0,1.0,83,2026-10-26,6.94,1
2026-08-04T13:01:35,2026-08-04,GS,HOLD,0,Stochastic Oscillator,MEDIUM,3,19.17,1027.06,7.84,0.0,11.76,0.0,0.0,2026-09-05,-0.0,-0.0,100.0,4.94,-3.37,-62.52,-14.87,32.0,1,2026-04-16 to 2026-08-03 (75 days),-1.0,46.4,0.504,1049.76,912.02,BULLISH,HIGH,Last surprise: +44.3%; Earnings conf adj: +1,3.72,-1.0,1.0,70,2026-10-13,44.29,1
2026-08-04T13:01:54,2026-08-04,LIN,HOLD,0,VWAP Trend,LOW,0,19.06,480.46,3.77,0.0,2.72,0.0,0.0,2026-08-05,-0.24,-0.34,50.0,1.07,-2.54,8.74,-4.75,1.9,10,2026-04-16 to 2026-08-03 (75 days),-1.0,31.8,0.2507,513.69,472.03,BULLISH,MEDIUM,Price at statistical extreme; Last surprise: +0.7%,7.0,-1.0,1.0,87,2026-10-30,0.73,0
2026-08-04T13:03:47,2026-08-04,KRYS,HOLD,0,Momentum (Rate of Change),MEDIUM,3,19.05,312.57,11.88,0.0,29.7,0.0,0.0,2026-10-29,2.42,3.91,100.0,265.69,119.18,41.59,-10.24,86.0,1,2026-04-16 to 2026-08-03 (75 days),-1.0,37.6,0.5877,337.57,272.59,BULLISH,HIGH,High volume; Price at statistical extreme; Strong trend (ADX=33); Last surprise: -6.3%; Earnings conf adj: -1,3.19,-1.0,1.0,90,2026-11-02,-6.28,-1
2026-08-04T13:01:46,2026-08-04,IT,HOLD,0,MACD Crossover,LOW,0,18.63,151.53,10.97,0.0,16.46,0.0,0.0,2026-08-23,0.19,0.29,66.7,1.07,-1.55,6.94,-19.24,19.0,3,2026-04-16 to 2026-08-03 (75 days),-1.0,55.9,0.6919,145.43,183.61,BEARISH,HIGH,Strong trend (ADX=31); EARNINGS TODAY (2026-08-04); Last surprise: +13.7%; Earnings conf adj: -3,2.71,-1.0,1.0,0,2026-08-04,13.7,-3
2026-08-04T13:02:47,2026-08-04,VMC,HOLD,0,EMA Crossover (9/21),MEDIUM,2,18.58,283.59,5.09,0.0,7.63,0.0,0.0,2026-08-16,0.23,0.32,66.7,1.77,2.58,4.5,-8.43,12.3,3,2026-04-16 to 2026-08-03 (75 days),-1.0,49.0,0.3742,287.05,289.53,BEARISH,MEDIUM,Last surprise: +4.9%,5.01,-1.0,1.0,86,2026-10-29,4.86,0
2026-08-04T13:03:28,2026-08-04,BMRN,HOLD,0,Momentum (Rate of Change),MEDIUM,2,18.57,59.99,3.65,0.0,7.3,0.0,0.0,2026-10-06,1.52,2.56,100.0,89.22,31.49,-10.73,-5.56,63.0,1,2026-04-16 to 2026-08-03 (75 days),-1.0,55.0,0.2117,57.47,56.33,BULLISH,MEDIUM,Earnings in 2d (2026-08-06); Last surprise: -16.5%; Earnings conf adj: -2,8.86,-1.0,1.0,2,2026-08-06,-16.48,-2
2026-08-04T13:01:59,2026-08-04,MDLZ,HOLD,0,EMA Crossover (9/21),MEDIUM,3,18.37,61.73,4.58,0.0,9.16,0.0,0.0,2026-09-06,0.53,0.86,50.0,40.12,8.12,-26.29,-7.28,33.0,2,2026-04-16 to 2026-08-03 (75 days),-1.0,52.7,0.3244,60.77,57.79,BULLISH,MEDIUM,Last surprise: +7.4%; Earnings conf adj: +1,5.78,-1.0,1.0,84,2026-10-27,7.35,1
2026-08-04T13:04:19,2026-08-04,ESAB,HOLD,0,MACD Crossover,LOW,0,18.24,91.04,9.29,0.0,13.93,0.0,0.0,2026-08-14,-0.83,-1.24,50.0,0.42,-25.5,-1.18,-16.51,10.5,4,2026-04-16 to 2026-08-03 (75 days),-1.0,53.0,0.582,91.34,106.02,BEARISH,HIGH,Earnings in 2d (2026-08-06); Last surprise: -2.2%; Earnings conf adj: -2,3.22,-1.0,1.0,2,2026-08-06,-2.24,-2
2026-08-04T13:01:33,2026-08-04,GLW,HOLD,0,VWAP Trend,HIGH,4,18.23,146.64,12.0,0.0,17.09,0.0,0.0,2026-08-10,2.03,3.43,80.0,5.82,193.42,227.63,-23.97,6.4,5,2026-04-16 to 2026-08-03 (75 days),-1.0,42.5,0.8577,181.77,135.29,BULLISH,HIGH,Strong trend (ADX=36); Last surprise: +4.0%,2.19,-1.0,1.0,84,2026-10-27,4.0,0
2026-08-04T13:02:29,2026-08-04,SMCI,HOLD,0,VWAP Trend,HIGH,4,17.77,28.64,12.0,0.0,18.0,0.0,0.0,2026-08-14,3.57,8.55,71.4,8.26,1587.41,1584.5,-27.1,10.1,7,2026-04-16 to 2026-08-03 (75 days),-1.0,49.5,1.0249,32.29,32.65,BEARISH,HIGH,Last surprise: +35.5%,1.83,-1.0,1.0,7,2026-08-11,35.48,0
2026-08-04T13:02:07,2026-08-04,NEM,HOLD,1,Momentum (Rate of Change),LOW,1,17.75,95.37,5.14,90.47,7.71,102.72,0.0,2026-08-12,-1.16,-1.33,50.0,0.24,-20.2,23.92,-9.75,8.5,2,2026-04-16 to 2026-08-03 (75 days),-1.0,50.5,0.389,98.54,103.93,BEARISH,MEDIUM,Last surprise: +5.5%; Earnings conf adj: +1,4.82,-1.0,1.0,79,2026-10-22,5.53,1
2026-08-04T13:03:15,2026-08-04,IESC,HOLD,0,Stochastic Oscillator,HIGH,4,17.44,724.99,12.0,0.0,18.0,0.0,0.0,2026-08-29,0.83,1.98,100.0,126.92,44.13,-253.52,-26.4,25.0,1,2026-04-16 to 2026-08-03 (75 days),-1.0,58.0,1.4275,674.88,521.72,BULLISH,HIGH,Strong trend (ADX=34); Last surprise: +56.7%; Earnings conf adj: +1,1.31,-1.0,1.0,-4,2026-07-31,56.73,1
2026-08-04T13:04:47,2026-08-04,SAM,HOLD,0,EMA Crossover (9/21),LOW,0,17.32,186.52,8.62,0.0,6.98,0.0,0.0,2026-08-08,-0.31,-0.43,66.7,0.51,-4.27,55.96,-4.96,4.3,3,2026-04-16 to 2026-08-03 (75 days),-1.0,56.2,0.4274,178.07,206.97,BEARISH,HIGH,Last surprise: -24.4%; Earnings conf adj: -1,4.39,-1.0,1.0,86,2026-10-29,-24.43,-1
2026-08-04T13:02:20,2026-08-04,PNW,EXIT,-1,Momentum (Rate of Change),LOW,0,17.18,100.81,2.7,103.53,4.05,96.73,7.0,2026-09-30,0.59,0.89,100.0,32.75,8.22,16.06,-5.58,57.0,1,2026-04-16 to 2026-08-03 (75 days),-1.0,35.0,0.19,104.37,96.49,BULLISH,LOW,EARNINGS TODAY (2026-08-04); Last surprise: +550.0%; Earnings conf adj: -3; Size: Kelly 7.0% / VolTgt 7.0% / Blend 7.0%,7.0,-1.0,1.0,0,2026-08-04,550.0,-3
2026-08-04T13:02:09,2026-08-04,NI,HOLD,0,VWAP Trend,LOW,0,16.9,44.53,2.54,0.0,2.46,0.0,0.0,2026-08-06,-0.12,-0.19,55.6,1.17,-1.47,15.97,-5.91,2.8,9,2026-04-16 to 2026-08-03 (75 days),-1.0,38.9,0.1864,46.34,44.62,BULLISH,LOW,Strong trend (ADX=32); Earnings in 1d (2026-08-05); Last surprise: +1.0%; Earnings conf adj: -2,7.0,-1.0,1.0,1,2026-08-05,0.95,-2
2026-08-04T13:01:47,2026-08-04,JBHT,HOLD,0,VWAP Trend,MEDIUM,2,16.63,266.91,5.17,0.0,4.38,0.0,0.0,2026-08-06,0.25,0.48,55.6,1.27,2.79,-45.23,-7.99,2.3,9,2026-04-16 to 2026-08-03 (75 days),-1.0,38.6,0.3664,279.66,224.61,BULLISH,MEDIUM,Strong trend (ADX=35); Last surprise: +9.8%; Earnings conf adj: +1,5.12,-1.0,1.0,71,2026-10-14,9.77,1
2026-08-04T13:01:56,2026-08-04,LYB,HOLD,0,MACD Crossover,LOW,1,16.63,60.62,5.58,0.0,8.1,0.0,0.0,2026-08-14,-0.48,-0.65,33.3,0.8,-11.25,39.22,-11.68,10.0,3,2026-04-16 to 2026-08-03 (75 days),-1.0,53.0,0.3254,60.77,57.35,BULLISH,MEDIUM,Strong trend (ADX=34); Last surprise: +25.7%; Earnings conf adj: +1,5.76,-1.0,1.0,87,2026-10-30,25.73,1
2026-08-04T13:05:02,2026-08-04,TTC,BUY,1,PEAD Earnings Drift,MEDIUM,2,16.55,95.18,4.2,91.18,8.4,103.18,8.16,2026-09-24,0.31,0.45,50.0,1.77,4.56,-6.3,-8.95,51.0,2,2026-04-16 to 2026-08-03 (75 days),0.655,54.5,0.2966,92.67,87.66,BULLISH,MEDIUM,Last surprise: +6.7%; Earnings conf adj: +1; Size: Kelly 10.0% / VolTgt 6.3% / Blend 8.2%,6.32,-1.0,1.0,30,2026-09-03,6.67,1
2026-08-04T13:03:18,2026-08-04,SGI,HOLD,0,EMA Crossover (9/21),LOW,0,16.46,66.64,8.67,0.0,13.0,0.0,0.0,2026-09-06,0.3,0.42,100.0,13.12,3.83,47.79,-8.69,33.0,1,2026-04-16 to 2026-08-03 (75 days),-1.0,38.8,0.408,72.07,80.93,BEARISH,HIGH,Earnings in 2d (2026-08-06); Last surprise: +3.5%; Earnings conf adj: -2,4.6,-1.0,1.0,2,2026-08-06,3.51,-2
2026-08-04T13:04:29,2026-08-04,GNTX,HOLD,0,ADX Trend Following,HIGH,5,16.21,23.45,4.45,0.0,9.63,0.0,0.0,2026-08-18,1.03,1.69,75.0,4.71,21.29,-8.71,-5.42,14.2,4,2026-04-16 to 2026-08-03 (75 days),-1.0,44.4,0.3247,24.39,23.31,BULLISH,MEDIUM,Last surprise: +16.0%; Earnings conf adj: +1,5.77,-1.0,1.0,80,2026-10-23,16.0,1
2026-08-04T13:02:55,2026-08-04,XEL,HOLD,0,Momentum (Rate of Change),MEDIUM,3,16.2,77.69,2.82,0.0,5.64,0.0,0.0,2026-08-28,0.17,0.25,100.0,12.67,1.23,12.41,-3.9,24.0,1,2026-04-16 to 2026-08-03 (75 days),-1.0,40.7,0.1632,79.32,78.1,BULLISH,LOW,Last surprise: +17.7%; Earnings conf adj: +1,10.0,-1.0,1.0,86,2026-10-29,17.72,1
2026-08-04T13:00:34,2026-08-04,AEE,HOLD,0,Momentum (Rate of Change),MEDIUM,2,16.02,109.5,2.64,0.0,5.28,0.0,0.0,2026-09-01,0.36,0.55,100.0,21.36,3.85,9.81,-5.54,28.0,1,2026-04-16 to 2026-08-03 (75 days),-1.0,44.3,0.1894,110.72,106.29,BULLISH,LOW,Last surprise: +4.6%,9.9,-1.0,1.0,-5,2026-07-30,4.63,0
2026-08-04T13:00:32,2026-08-04,ACN,HOLD,0,MACD Crossover,LOW,0,16.0,165.76,9.76,0.0,14.64,0.0,0.0,2026-08-22,0.19,0.28,33.3,1.17,-0.02,39.02,-18.75,18.0,3,2026-04-16 to 2026-08-03 (75 days),-1.0,62.2,0.5674,152.9,207.08,BEARISH,HIGH,Strong trend (ADX=40); Last surprise: +2.4%,3.3,-1.0,1.0,51,2026-09-24,2.43,0
2026-08-04T13:02:03,2026-08-04,MO,HOLD,0,ADX Trend Following,LOW,0,15.91,68.26,6.78,0.0,10.17,0.0,0.0,2026-08-25,-0.2,-0.27,50.0,0.48,-4.23,-28.88,-8.72,21.0,2,2026-04-16 to 2026-08-03 (75 days),-1.0,38.8,0.4117,71.37,63.98,BULLISH,HIGH,Last surprise: -1.3%,4.55,-1.0,1.0,86,2026-10-29,-1.33,0
2026-08-04T13:00:53,2026-08-04,C,HOLD,0,Momentum (Rate of Change),HIGH,4,15.41,133.57,3.96,0.0,11.88,0.0,0.0,2026-10-26,0.93,1.53,100.0,59.9,19.43,6.04,-9.4,83.0,1,2026-04-16 to 2026-08-03 (75 days),-1.0,49.0,0.3542,135.32,118.36,BULLISH,MEDIUM,Last surprise: +15.9%; Earnings conf adj: +1,5.29,-1.0,1.0,70,2026-10-13,15.87,1
2026-08-04T13:02:20,2026-08-04,PFE,HOLD,0,MACD Crossover,LOW,0,15.23,25.03,2.31,0.0,3.46,0.0,0.0,2026-08-21,-0.28,-0.4,33.3,0.84,-4.05,11.65,-6.86,17.0,3,2026-04-16 to 2026-08-03 (75 days),-1.0,57.4,0.1634,24.7,24.94,BEARISH,LOW,Strong trend (ADX=35); EARNINGS TODAY (2026-08-04); Last surprise: +4.2%; Earnings conf adj: -3,7.0,-1.0,1.0,0,2026-08-04,4.17,-3
2026-08-04T13:05:01,2026-08-04,SR,HOLD,0,MACD Crossover,LOW,0,15.11,80.09,3.53,0.0,5.29,0.0,0.0,2026-08-27,-1.06,-1.55,50.0,0.16,-15.62,23.33,-7.26,23.0,2,2026-04-16 to 2026-08-03 (75 days),-1.0,45.9,0.2253,80.59,84.57,BEARISH,MEDIUM,Earnings in 1d (2026-08-05); Last surprise: +0.0%; Earnings conf adj: -2,7.0,-1.0,1.0,1,2026-08-05,0.0,-2
2026-08-04T13:04:43,2026-08-04,HGV,HOLD,0,VWAP Trend,LOW,0,15.01,45.29,9.86,0.0,6.21,0.0,0.0,2026-08-06,0.86,1.59,54.5,1.49,15.14,20.37,-5.61,2.4,11,2026-04-16 to 2026-08-03 (75 days),-1.0,36.7,0.509,50.62,45.81,BULLISH,HIGH,Price at statistical extreme; Last surprise: -11.9%; Earnings conf adj: -1,3.68,-1.0,1.0,86,2026-10-29,-11.88,-1
2026-08-04T13:02:56,2026-08-04,YUM,HOLD,0,Stochastic Oscillator,LOW,0,14.82,148.8,5.25,0.0,7.88,0.0,0.0,2026-08-30,-0.18,-0.26,50.0,0.45,-4.75,15.02,-6.52,26.5,2,2026-04-16 to 2026-08-03 (75 days),-1.0,42.9,0.2772,153.61,153.25,BULLISH,MEDIUM,Last surprise: +3.8%,6.76,-1.0,1.0,-5,2026-07-30,3.85,0
2026-08-04T13:03:14,2026-08-04,DOCN,EXIT,-1,VWAP Trend,LOW,0,14.62,127.17,12.0,142.43,10.19,114.21,4.42,2026-08-05,0.61,1.0,70.0,1.45,15.78,-228.83,-8.63,1.6,10,2026-04-16 to 2026-08-03 (75 days),-1.0,48.3,1.0229,146.96,87.92,BULLISH,HIGH,EARNINGS TODAY (2026-08-04); Last surprise: +69.2%; Earnings conf adj: -3; Size: Kelly 7.0% / VolTgt 1.8% / Blend 4.4%,1.83,-1.0,1.0,0,2026-08-04,69.23,-3
2026-08-04T13:01:05,2026-08-04,CPT,HOLD,0,Multi-Factor Momentum MR,MEDIUM,2,14.44,110.72,3.05,0.0,6.1,0.0,0.0,2026-10-09,0.97,1.48,100.0,47.56,16.73,-28.29,-5.93,66.0,1,2026-04-16 to 2026-08-03 (75 days),-1.0,43.9,0.2274,111.79,104.87,BULLISH,MEDIUM,Last surprise: -33.3%; Earnings conf adj: -1,8.25,-1.0,1.0,-5,2026-07-30,-33.33,-1
2026-08-04T13:04:38,2026-08-04,NWE,EXIT,-1,VWAP Trend,HIGH,5,14.22,68.9,3.15,71.07,1.92,67.58,9.55,2026-08-05,2.01,5.55,55.6,3.19,32.29,48.64,-3.2,1.4,9,2026-04-16 to 2026-08-03 (75 days),-1.0,38.4,0.206,70.78,67.22,BULLISH,MEDIUM,Last surprise: +16.3%; Earnings conf adj: +1; Size: Kelly 10.0% / VolTgt 9.1% / Blend 9.6%,9.1,-1.0,1.0,85,2026-10-28,16.28,1
2026-08-04T13:02:43,2026-08-04,TXT,HOLD,1,Stochastic Oscillator,LOW,0,13.88,86.39,5.26,81.85,7.89,93.21,0.0,2026-10-17,-0.5,-0.62,0.0,0.0,-14.32,-0.49,-11.31,74.0,1,2026-04-16 to 2026-08-03 (75 days),-1.0,41.4,0.3656,90.85,89.56,BULLISH,MEDIUM,Strong trend (ADX=35); Last surprise: +4.5%,5.13,-1.0,1.0,79,2026-10-22,4.52,0
2026-08-04T13:01:12,2026-08-04,DIS,HOLD,0,ADX Trend Following,LOW,0,13.67,98.14,3.67,0.0,5.5,0.0,0.0,2026-08-13,-0.38,-0.55,40.0,0.75,-7.8,7.68,-7.55,9.6,5,2026-04-16 to 2026-08-03 (75 days),-1.0,52.2,0.2568,98.63,103.77,BEARISH,MEDIUM,Earnings in 1d (2026-08-05); Last surprise: +4.7%; Earnings conf adj: -2,7.0,-1.0,1.0,1,2026-08-05,4.67,-2
2026-08-04T13:01:02,2026-08-04,CNP,HOLD,0,VWAP Trend,LOW,1,13.6,41.92,3.68,0.0,2.6,0.0,0.0,2026-08-06,-1.29,-1.63,45.5,0.69,-13.26,-5.15,-8.21,2.4,11,2026-04-16 to 2026-08-03 (75 days),-1.0,39.2,0.2133,43.16,41.1,BULLISH,MEDIUM,Last surprise: +8.1%; Earnings conf adj: +1,7.0,-1.0,1.0,79,2026-10-22,8.11,1
2026-08-04T13:02:43,2026-08-04,UBER,HOLD,1,MACD Crossover,LOW,0,13.58,71.61,4.8,68.17,7.2,76.77,0.0,2026-08-22,-0.2,-0.31,50.0,0.35,-6.97,13.1,-7.79,18.5,2,2026-04-16 to 2026-08-03 (75 days),-1.0,50.5,0.3329,71.76,78.46,BEARISH,MEDIUM,Earnings in 1d (2026-08-05); Last surprise: -81.7%; Earnings conf adj: -3,5.63,-1.0,1.0,1,2026-08-05,-81.69,-3
2026-08-04T13:04:06,2026-08-04,KEX,HOLD,0,Stochastic Oscillator,LOW,1,13.54,130.53,7.0,0.0,10.5,0.0,0.0,2026-08-25,0.07,0.12,50.0,10.58,-0.16,27.38,-10.33,21.0,2,2026-04-16 to 2026-08-03 (75 days),-1.0,33.7,0.4555,140.76,127.54,BULLISH,HIGH,Strong trend (ADX=41); Last surprise: +2.5%,4.12,-1.0,1.0,86,2026-10-29,2.45,0
2026-08-04T13:03:22,2026-08-04,GLPI,HOLD,-1,VWAP Trend,LOW,0,13.31,44.81,3.15,46.22,3.57,43.21,0.0,2026-08-08,-0.7,-0.91,50.0,0.75,-9.12,1.83,-6.55,4.4,8,2026-04-16 to 2026-08-03 (75 days),-1.0,49.3,0.2159,45.28,44.5,BULLISH,MEDIUM,Last surprise: +0.0%,7.0,-1.0,1.0,86,2026-10-29,0.0,0
2026-08-04T13:05:09,2026-08-04,XLP,HOLD,0,Multi-Factor Momentum MR,HIGH,4,13.31,84.86,2.97,0.0,8.91,0.0,0.0,2026-09-08,1.49,2.48,100.0,43.22,15.09,-2.74,-3.58,35.0,1,2026-04-16 to 2026-08-03 (75 days),-1.0,50.8,0.2008,84.01,81.52,BULLISH,MEDIUM,No special conditions,9.34,-1.0,1.0,-1,,,0
2026-08-04T13:03:32,2026-08-04,AR,BUY,1,Momentum (Rate of Change),LOW,1,13.21,36.48,4.31,34.91,6.46,38.84,6.22,2026-08-12,0.67,1.11,50.0,1.95,8.41,17.29,-5.93,8.5,2,2026-04-16 to 2026-08-03 (75 days),0.127,60.8,0.3456,34.91,35.69,BEARISH,MEDIUM,Price at statistical extreme; Last surprise: -10.6%; Earnings conf adj: -1; Size: Kelly 7.0% / VolTgt 5.4% / Blend 6.2%,5.43,-1.0,1.0,85,2026-10-28,-10.59,-1
2026-08-04T13:02:14,2026-08-04,OXY,HOLD,0,VWAP Trend,MEDIUM,2,13.12,55.47,5.74,0.0,3.78,0.0,0.0,2026-08-05,1.53,3.57,71.4,3.07,17.88,24.56,-2.0,1.4,7,2026-04-16 to 2026-08-03 (75 days),-1.0,52.4,0.4052,54.63,49.97,BULLISH,HIGH,Earnings in 1d (2026-08-05); Last surprise: +79.7%; Earnings conf adj: -2,4.63,-1.0,1.0,1,2026-08-05,79.66,-2
2026-08-04T13:04:03,2026-08-04,TEX,HOLD,0,Momentum (Rate of Change),HIGH,4,12.98,64.41,9.52,0.0,21.91,0.0,0.0,2026-09-10,0.82,1.24,100.0,78.63,23.78,-21.01,-13.82,37.0,1,2026-04-16 to 2026-08-03 (75 days),-1.0,46.6,0.4574,64.98,59.19,BULLISH,HIGH,Last surprise: +11.4%; Earnings conf adj: +1,4.1,-1.0,1.0,86,2026-10-29,11.38,1
2026-08-04T13:02:14,2026-08-04,ORCL,HOLD,0,MACD Crossover,LOW,1,12.94,141.85,10.48,0.0,15.72,0.0,0.0,2026-08-15,-0.9,-1.27,33.3,0.71,-32.73,20.86,-28.34,11.0,3,2026-04-16 to 2026-08-03 (75 days),-1.0,53.4,0.706,163.57,181.17,BEARISH,HIGH,Strong trend (ADX=45); Last surprise: +7.7%; Earnings conf adj: +1,2.66,-1.0,1.0,36,2026-09-09,7.65,1
2026-08-04T13:00:56,2026-08-04,CCI,HOLD,0,ADX Trend Following,MEDIUM,2,12.86,76.74,5.06,0.0,7.59,0.0,0.0,2026-08-12,0.17,0.28,33.3,2.87,1.29,33.09,-5.29,8.0,3,2026-04-16 to 2026-08-03 (75 days),-1.0,45.1,0.3427,82.72,85.36,BEARISH,MEDIUM,Last surprise: +35.3%; Earnings conf adj: +1,5.47,-1.0,1.0,78,2026-10-21,35.29,1
2026-08-04T13:02:12,2026-08-04,NXPI,EXIT,-1,VWAP Trend,HIGH,4,12.79,224.17,11.38,249.68,6.21,210.25,6.96,2026-08-06,1.42,3.58,72.7,2.39,92.85,73.85,-12.56,2.7,11,2026-04-16 to 2026-08-03 (75 days),-1.0,27.7,0.48,288.77,239.94,BULLISH,HIGH,RSI oversold; Price at statistical extreme; Strong trend (ADX=46); Last surprise: +2.3%; Size: Kelly 10.0% / VolTgt 3.9% / Blend 7.0%,3.91,-1.0,1.0,83,2026-10-26,2.27,0
2026-08-04T13:00:56,2026-08-04,CEG,HOLD,0,SMA Crossover (10/50),LOW,0,12.54,273.71,5.25,0.0,7.88,0.0,0.0,2026-08-13,-3.2,-3.49,50.0,0.2,-44.14,-18.43,-19.53,9.0,2,2026-04-16 to 2026-08-03 (75 days),-1.0,58.5,0.3614,263.05,306.8,BEARISH,MEDIUM,Earnings in 2d (2026-08-06); Last surprise: +5.4%; Earnings conf adj: -1,5.19,-1.0,1.0,2,2026-08-06,5.38,-1
2026-08-04T13:05:05,2026-08-04,SLV,HOLD,0,Momentum (Rate of Change),LOW,0,12.3,52.46,4.96,0.0,7.44,0.0,0.0,2026-08-13,-2.54,-2.67,50.0,0.01,-44.28,20.45,-16.62,9.0,2,2026-04-16 to 2026-08-03 (75 days),-1.0,44.4,0.3765,57.68,63.6,BEARISH,MEDIUM,No special conditions,4.98,-1.0,1.0,-1,,,0
2026-08-04T13:01:55,2026-08-04,LLY,EXIT,-1,PEAD Earnings Drift,MEDIUM,2,12.22,1121.36,4.87,1175.97,9.74,1012.14,8.0,2026-11-16,2.2,4.1,100.0,247.03,109.75,0.23,-8.27,104.0,1,2026-04-16 to 2026-08-03 (75 days),-1.0,41.1,0.3128,1149.37,1024.27,BULLISH,MEDIUM,Earnings in 1d (2026-08-05); Last surprise: +25.9%; Earnings conf adj: -2; Size: Kelly 10.0% / VolTgt 6.0% / Blend 8.0%,5.99,-1.0,1.0,1,2026-08-05,25.92,-2
2026-08-04T13:01:56,2026-08-04,LRCX,HOLD,0,VWAP Trend,HIGH,5,12.14,294.61,12.0,0.0,14.22,0.0,0.0,2026-08-07,1.61,3.02,55.6,2.12,116.03,64.53,-16.9,3.7,9,2026-04-16 to 2026-08-03 (75 days),-1.0,44.0,0.9391,337.89,241.57,BULLISH,HIGH,Last surprise: +8.3%; Earnings conf adj: +1,2.0,-1.0,1.0,78,2026-10-21,8.33,1
2026-08-04T13:04:49,2026-08-04,BWA,HOLD,0,VWAP Trend,MEDIUM,3,11.93,63.31,4.89,0.0,4.28,0.0,0.0,2026-08-08,2.26,4.01,80.0,12.19,65.39,-15.76,-8.49,4.6,5,2026-04-16 to 2026-08-03 (75 days),-1.0,44.7,0.2536,67.77,54.73,BULLISH,MEDIUM,Strong trend (ADX=31); Earnings in 1d (2026-08-05); Last surprise: +6.0%; Earnings conf adj: -1,7.39,-1.0,1.0,1,2026-08-05,5.98,-1
2026-08-04T13:02:52,2026-08-04,WMB,HOLD,0,Multi-Factor Momentum MR,LOW,0,11.67,70.43,4.18,0.0,6.71,0.0,0.0,2026-08-05,0.0,0.0,0.0,0.0,0.0,-0.43,0.0,0.0,0,2026-04-16 to 2026-08-03 (75 days),-1.0,40.0,0.2695,73.32,67.81,BULLISH,MEDIUM,Strong trend (ADX=42); Last surprise: +15.9%,6.96,-1.0,1.0,90,2026-11-02,15.87,0
2026-08-04T13:04:06,2026-08-04,ENS,HOLD,0,VWAP Trend,MEDIUM,3,11.5,188.84,9.85,0.0,7.02,0.0,0.0,2026-08-07,0.97,1.95,54.5,1.84,28.15,36.37,-9.19,3.1,11,2026-04-16 to 2026-08-03 (75 days),-1.0,41.7,0.506,214.61,178.34,BULLISH,HIGH,Strong trend (ADX=34); Last surprise: +6.7%; Earnings conf adj: +1,3.71,-1.0,1.0,8,2026-08-12,6.69,1
2026-08-04T13:00:40,2026-08-04,AON,HOLD,0,EMA Crossover (9/21),LOW,1,11.07,357.63,4.45,0.0,6.68,0.0,0.0,2026-08-19,0.39,0.64,20.0,1.52,6.35,-19.27,-9.59,15.6,5,2026-04-16 to 2026-08-03 (75 days),-1.0,51.1,0.3053,341.33,335.95,BULLISH,MEDIUM,Last surprise: +0.3%,6.14,-1.0,1.0,87,2026-10-30,0.26,0
2026-08-04T13:04:05,2026-08-04,AGCO,BUY,1,VWAP Trend,HIGH,4,10.93,103.92,9.44,94.11,6.13,110.29,6.9,2026-08-06,1.35,2.45,70.0,2.29,27.77,56.94,-5.59,2.5,10,2026-04-16 to 2026-08-03 (75 days),0.659,36.1,0.4926,114.54,114.49,BULLISH,HIGH,Strong trend (ADX=32); Last surprise: -3.4%; Size: Kelly 10.0% / VolTgt 3.8% / Blend 6.9%,3.81,-1.0,1.0,87,2026-10-30,-3.38,0
2026-08-04T13:05:06,2026-08-04,UNG,HOLD,0,MACD Crossover,MEDIUM,2,10.47,10.11,3.96,0.0,5.94,0.0,0.0,2026-08-16,0.98,1.57,50.0,5.46,27.33,46.96,-8.32,12.2,4,2026-04-16 to 2026-08-03 (75 days),-1.0,38.6,0.3435,11.12,12.11,BEARISH,MEDIUM,Strong trend (ADX=40),5.46,-1.0,1.0,-1,,,0
2026-08-04T13:03:12,2026-08-04,VNOM,HOLD,0,MACD Crossover,LOW,0,10.37,43.69,3.73,0.0,5.59,0.0,0.0,2026-08-17,-0.35,-0.45,33.3,0.65,-8.17,11.46,-11.89,13.7,3,2026-04-16 to 2026-08-03 (75 days),-1.0,49.9,0.3375,43.96,41.88,BULLISH,MEDIUM,Last surprise: +3.8%,5.56,-1.0,1.0,90,2026-11-02,3.77,0
2026-08-04T13:02:13,2026-08-04,OKE,HOLD,0,Multi-Factor Momentum MR,LOW,0,10.04,88.24,3.95,0.0,5.93,0.0,0.0,2026-08-05,-1.85,-1.85,0.0,0.0,-0.34,-17.64,-0.1,0.0,0,2026-04-16 to 2026-08-03 (75 days),-1.0,44.4,0.2979,89.25,80.87,BULLISH,MEDIUM,Last surprise: +0.0%,6.29,-1.0,1.0,84,2026-10-27,0.0,0
2026-08-04T13:00:36,2026-08-04,AKAM,HOLD,0,Stochastic Oscillator,MEDIUM,2,9.98,117.88,9.65,0.0,14.48,0.0,0.0,2026-08-21,2.0,4.35,66.7,4.77,101.32,5.78,-16.15,17.0,3,2026-04-16 to 2026-08-03 (75 days),-1.0,47.9,0.5856,128.09,105.34,BULLISH,HIGH,Earnings in 2d (2026-08-06); Last surprise: +0.6%; Earnings conf adj: -2,3.2,-1.0,1.0,2,2026-08-06,0.63,-2
2026-08-04T13:02:38,2026-08-04,TKO,HOLD,1,VWAP Trend,LOW,0,9.87,183.91,3.59,177.31,3.56,190.46,0.0,2026-08-08,-1.26,-1.63,57.1,0.47,-17.22,-17.57,-6.38,4.7,7,2026-04-16 to 2026-08-03 (75 days),-1.0,44.3,0.2087,194.24,195.55,BEARISH,MEDIUM,High volume; Last surprise: -32.9%; Earnings conf adj: -1,7.0,-1.0,1.0,-1,2026-08-03,-32.94,-1
2026-08-04T13:04:56,2026-08-04,KRG,EXIT,-1,VWAP Trend,MEDIUM,3,9.42,28.01,3.39,28.96,1.88,27.48,9.64,2026-08-05,0.18,0.25,66.7,1.37,1.09,-32.49,-3.53,1.4,15,2026-04-16 to 2026-08-03 (75 days),-1.0,41.3,0.2019,28.26,24.82,BULLISH,MEDIUM,Last surprise: +260.0%; Earnings conf adj: +1; Size: Kelly 10.0% / VolTgt 9.3% / Blend 9.6%,9.29,-1.0,1.0,-5,2026-07-30,260.0,1
2026-08-04T13:02:47,2026-08-04,VICI,HOLD,0,Stochastic Oscillator,LOW,0,9.24,26.54,3.22,0.0,4.83,0.0,0.0,2026-10-20,-0.91,-1.3,0.0,0.0,-17.81,-1.85,-7.91,77.0,1,2026-04-16 to 2026-08-03 (75 days),-1.0,47.7,0.2199,26.95,27.64,BEARISH,MEDIUM,Last surprise: -32.4%; Earnings conf adj: -1,7.0,-1.0,1.0,86,2026-10-29,-32.39,-1
2026-08-04T13:01:04,2026-08-04,COST,HOLD,0,Stochastic Oscillator,LOW,0,9.12,954.08,3.11,0.0,4.67,0.0,0.0,2026-10-04,-0.15,-0.2,0.0,0.0,-3.51,6.54,-7.47,61.0,1,2026-04-16 to 2026-08-03 (75 days),-1.0,52.5,0.2387,956.12,954.98,BULLISH,MEDIUM,Last surprise: -0.8%,7.0,-1.0,1.0,51,2026-09-24,-0.8,0
2026-08-04T13:03:22,2026-08-04,WMG,HOLD,0,Stochastic Oscillator,LOW,0,8.92,25.1,9.75,0.0,14.62,0.0,0.0,2026-09-12,-1.01,-1.4,0.0,0.0,-16.68,25.55,-13.15,39.0,1,2026-04-16 to 2026-08-03 (75 days),-1.0,35.1,0.4685,28.82,28.97,BEARISH,HIGH,High volume; Price at statistical extreme; Earnings in 1d (2026-08-05); Last surprise: +48.3%; Earnings conf adj: -1,4.0,-1.0,1.0,1,2026-08-05,48.28,-1
2026-08-04T13:00:59,2026-08-04,CHRW,HOLD,0,Stochastic Oscillator,HIGH,4,8.66,147.0,12.0,0.0,18.0,0.0,0.0,2026-08-18,0.72,0.84,66.7,1.61,20.18,70.93,-15.9,14.7,3,2026-04-16 to 2026-08-03 (75 days),-1.0,25.8,0.721,185.13,171.09,BULLISH,HIGH,RSI oversold; Strong trend (ADX=68); Last surprise: +5.9%; Earnings conf adj: +1,2.6,-1.0,1.0,85,2026-10-28,5.92,1
2026-08-04T13:02:44,2026-08-04,UDR,HOLD,0,MACD Crossover,LOW,1,8.48,38.69,3.26,0.0,4.89,0.0,0.0,2026-08-16,-0.98,-1.2,50.0,0.01,-10.12,-63.43,-5.9,12.0,2,2026-04-16 to 2026-08-03 (75 days),-1.0,45.5,0.2428,38.93,36.29,BULLISH,MEDIUM,Last surprise: +61.5%; Earnings conf adj: +1,7.0,-1.0,1.0,85,2026-10-28,61.54,1
2026-08-04T13:02:05,2026-08-04,MSCI,HOLD,0,VWAP Trend,HIGH,4,8.09,574.43,7.32,0.0,6.26,0.0,0.0,2026-08-07,1.12,2.11,60.0,2.29,18.3,11.13,-5.01,3.1,10,2026-04-16 to 2026-08-03 (75 days),-1.0,45.5,0.4512,595.31,570.11,BULLISH,HIGH,Last surprise: -0.8%,4.16,-1.0,1.0,77,2026-10-20,-0.8,0
2026-08-04T13:01:06,2026-08-04,CSGP,HOLD,0,Stochastic Oscillator,LOW,1,7.86,30.03,11.59,0.0,17.38,0.0,0.0,2026-11-06,-0.97,-1.38,0.0,0.0,-39.4,23.06,-23.29,94.0,1,2026-04-16 to 2026-08-03 (75 days),-1.0,52.3,0.521,30.63,48.56,BEARISH,HIGH,Last surprise: +10.3%; Earnings conf adj: +1,3.6,-1.0,1.0,84,2026-10-27,10.34,1
2026-08-04T13:03:09,2026-08-04,SITM,EXIT,-1,52-Week High Momentum,MEDIUM,3,7.61,550.32,12.0,616.36,25.35,410.81,6.11,2026-08-18,1.64,4.34,100.0,343.67,134.41,63.97,-23.67,14.5,2,2026-04-16 to 2026-08-03 (75 days),-1.0,44.9,0.8455,646.14,459.39,BULLISH,HIGH,Strong trend (ADX=31); Earnings in 1d (2026-08-05); Last surprise: +24.1%; Earnings conf adj: -1; Size: Kelly 10.0% / VolTgt 2.2% / Blend 6.1%,2.22,-1.0,1.0,1,2026-08-05,24.14,-1
2026-08-04T13:02:02,2026-08-04,MLM,BUY,1,VWAP Trend,HIGH,5,7.6,542.27,4.83,516.08,5.44,571.77,7.61,2026-08-07,1.24,1.91,55.6,1.82,23.42,55.35,-5.4,3.7,9,2026-04-16 to 2026-08-03 (75 days),0.052,42.5,0.3589,574.77,609.77,BEARISH,MEDIUM,Last surprise: +5.0%; Earnings conf adj: +1; Size: Kelly 10.0% / VolTgt 5.2% / Blend 7.6%,5.22,-1.0,1.0,-5,2026-07-30,5.04,1
2026-08-04T13:01:18,2026-08-04,ELV,HOLD,0,Stochastic Oscillator,MEDIUM,3,7.16,382.77,8.16,0.0,12.24,0.0,0.0,2026-08-20,0.61,1.15,50.0,2.67,10.71,-84.43,-4.66,16.5,2,2026-04-16 to 2026-08-03 (75 days),-1.0,46.4,0.4332,395.93,348.85,BULLISH,HIGH,Strong trend (ADX=31); Last surprise: +20.0%; Earnings conf adj: +1,4.33,-1.0,1.0,78,2026-10-21,19.97,1
2026-08-04T13:00:43,2026-08-04,APTV,HOLD,0,ADX Trend Following,LOW,0,6.66,57.23,4.55,0.0,6.82,0.0,0.0,2026-08-19,-2.59,-3.04,33.3,0.05,-58.08,-56.37,-24.86,15.7,3,2026-04-16 to 2026-08-03 (75 days),-1.0,44.2,0.3118,61.9,70.63,BEARISH,MEDIUM,High volume; EARNINGS TODAY (2026-08-04); Last surprise: +8.2%; Earnings conf adj: -3,6.01,-1.0,1.0,0,2026-08-04,8.23,-3
2026-08-04T13:02:57,2026-08-04,ZTS,HOLD,0,Stochastic Oscillator,LOW,0,6.65,77.1,4.48,0.0,6.72,0.0,0.0,2026-09-05,-2.5,-2.63,50.0,0.04,-72.93,3.39,-37.1,32.5,2,2026-04-16 to 2026-08-03 (75 days),-1.0,52.1,0.2203,76.71,108.85,BEARISH,MEDIUM,Earnings in 2d (2026-08-06); Last surprise: -5.6%; Earnings conf adj: -3,7.0,-1.0,1.0,2,2026-08-06,-5.56,-3
2026-08-04T13:01:58,2026-08-04,MCD,HOLD,0,Stochastic Oscillator,LOW,0,6.6,265.23,3.31,0.0,4.96,0.0,0.0,2026-11-13,-1.7,-2.28,0.0,0.0,-32.71,5.08,-11.71,101.0,1,2026-04-16 to 2026-08-03 (75 days),-1.0,43.2,0.2196,274.32,297.58,BEARISH,MEDIUM,EARNINGS TODAY (2026-08-04); Last surprise: +3.3%; Earnings conf adj: -3,7.0,-1.0,1.0,0,2026-08-04,3.28,-3
2026-08-04T13:04:41,2026-08-04,OLED,HOLD,1,VWAP Trend,LOW,1,6.3,79.78,5.24,75.6,7.56,85.81,0.0,2026-08-18,-0.74,-0.97,60.0,0.3,-25.23,26.48,-13.83,14.8,5,2026-04-16 to 2026-08-03 (75 days),-1.0,43.0,0.2496,85.35,104.98,BEARISH,MEDIUM,Last surprise: +2.9%,7.0,-1.0,1.0,-5,2026-07-30,2.91,0
2026-08-04T13:02:51,2026-08-04,WEC,HOLD,0,VWAP Trend,LOW,1,6.08,109.28,2.63,0.0,2.11,0.0,0.0,2026-08-06,-1.21,-1.7,33.3,0.68,-11.34,5.7,-7.13,2.4,12,2026-04-16 to 2026-08-03 (75 days),-1.0,36.5,0.1731,113.65,111.3,BULLISH,LOW,Last surprise: +12.3%; Earnings conf adj: +1,7.0,-1.0,1.0,86,2026-10-29,12.35,1
2026-08-04T13:04:30,2026-08-04,CHH,HOLD,0,Stochastic Oscillator,MEDIUM,2,6.03,108.47,4.95,0.0,7.43,0.0,0.0,2026-08-26,2.85,8.09,100.0,127.31,47.3,71.67,-2.2,22.0,1,2026-04-16 to 2026-08-03 (75 days),-1.0,45.6,0.3246,110.45,103.55,BULLISH,MEDIUM,Earnings in 1d (2026-08-05); Last surprise: -18.9%; Earnings conf adj: -2,5.78,-1.0,1.0,1,2026-08-05,-18.94,-2
2026-08-04T13:02:13,2026-08-04,ON,HOLD,0,Momentum (Rate of Change),HIGH,4,5.89,80.4,12.0,0.0,37.68,0.0,0.0,2026-10-05,2.45,4.24,100.0,464.12,252.55,250.53,-17.74,62.0,1,2026-04-16 to 2026-08-03 (75 days),-1.0,38.1,0.6077,104.55,75.17,BULLISH,HIGH,High volume; Strong trend (ADX=33); Last surprise: +3.2%,3.09,-1.0,1.0,90,2026-11-02,3.23,0
2026-08-04T13:03:49,2026-08-04,FCFS,HOLD,0,VWAP Trend,LOW,1,5.78,209.35,9.2,0.0,5.08,0.0,0.0,2026-08-06,-0.52,-0.8,58.3,0.89,-10.12,-14.64,-9.67,2.6,12,2026-04-16 to 2026-08-03 (75 days),-1.0,48.6,0.4,217.08,189.08,BULLISH,HIGH,Strong trend (ADX=48); Last surprise: +4.6%,4.69,-1.0,1.0,79,2026-10-22,4.6,0
2026-08-04T13:01:05,2026-08-04,CRH,HOLD,0,MACD Crossover,LOW,0,5.58,98.59,5.03,0.0,7.54,0.0,0.0,2026-08-19,-0.14,-0.2,50.0,0.47,-4.42,34.5,-6.95,15.0,2,2026-04-16 to 2026-08-03 (75 days),-1.0,42.9,0.347,104.83,113.36,BEARISH,MEDIUM,Strong trend (ADX=35); Last surprise: -4.5%,5.4,-1.0,1.0,86,2026-10-29,-4.46,0
2026-08-04T13:01:44,2026-08-04,INTC,EXIT,-1,52-Week High Momentum,HIGH,5,5.53,91.0,12.0,101.92,23.48,69.63,6.12,2026-08-16,2.07,4.85,66.7,6.8,240.5,77.44,-24.09,12.7,3,2026-04-16 to 2026-08-03 (75 days),-1.0,40.7,0.8368,112.25,67.31,BULLISH,HIGH,Strong trend (ADX=33); Last surprise: +90.9%; Earnings conf adj: +1; Size: Kelly 10.0% / VolTgt 2.2% / Blend 6.1%,2.24,-1.0,1.0,79,2026-10-22,90.91,1
2026-08-04T13:00:53,2026-08-04,CARR,HOLD,0,VWAP Trend,HIGH,4,5.47,63.17,7.6,0.0,6.55,0.0,0.0,2026-08-07,2.54,5.17,55.6,4.21,72.62,48.49,-5.22,3.4,9,2026-04-16 to 2026-08-03 (75 days),-1.0,40.6,0.4514,67.97,60.49,BULLISH,HIGH,Strong trend (ADX=35); Last surprise: +4.9%,4.15,-1.0,1.0,84,2026-10-27,4.88,0
2026-08-04T13:02:31,2026-08-04,SPGI,HOLD,1,Stochastic Oscillator,LOW,0,5.18,416.25,4.88,395.94,7.32,446.72,0.0,2026-09-08,0.25,0.41,50.0,1.4,3.3,-0.02,-10.33,35.0,2,2026-04-16 to 2026-08-03 (75 days),-1.0,46.8,0.3057,411.27,433.16,BEARISH,MEDIUM,Last surprise: -3.0%,6.13,-1.0,1.0,86,2026-10-29,-2.99,0
2026-08-04T13:00:32,2026-08-04,ADI,HOLD,0,PEAD Earnings Drift,HIGH,5,4.97,361.88,5.72,0.0,14.07,0.0,0.0,2026-09-04,2.16,4.61,100.0,125.88,48.17,39.17,-5.11,31.0,1,2026-04-16 to 2026-08-03 (75 days),-1.0,40.4,0.3209,396.71,330.62,BULLISH,MEDIUM,Strong trend (ADX=36); Last surprise: +6.2%; Earnings conf adj: +1,5.84,-1.0,1.0,15,2026-08-19,6.19,1
2026-08-04T13:01:34,2026-08-04,GNRC,HOLD,0,ADX Trend Following,HIGH,5,4.93,201.21,11.28,0.0,22.73,0.0,0.0,2026-09-25,1.87,3.64,100.0,266.14,121.7,131.52,-16.19,52.0,1,2026-04-16 to 2026-08-03 (75 days),-1.0,34.8,0.4003,248.96,204.64,BULLISH,HIGH,Strong trend (ADX=50); Last surprise: +44.8%; Earnings conf adj: +1,4.68,-1.0,1.0,85,2026-10-28,44.78,1
2026-08-04T13:03:20,2026-08-04,ONTO,HOLD,0,MACD Crossover,LOW,1,4.62,268.49,12.0,0.0,18.0,0.0,0.0,2026-08-19,0.85,1.25,100.0,99.55,37.69,35.97,-26.11,15.0,2,2026-04-16 to 2026-08-03 (75 days),-1.0,46.5,1.0289,293.03,221.82,BULLISH,HIGH,Earnings in 2d (2026-08-06); Last surprise: +0.0%; Earnings conf adj: -2,1.82,-1.0,1.0,2,2026-08-06,0.0,-2
2026-08-04T13:02:24,2026-08-04,QCOM,HOLD,0,EMA Crossover (9/21),HIGH,4,4.42,151.57,7.38,0.0,24.92,0.0,0.0,2026-10-12,2.22,3.64,100.0,508.96,304.15,251.92,-23.55,69.0,1,2026-04-16 to 2026-08-03 (75 days),-1.0,32.8,0.3809,197.33,167.83,BULLISH,MEDIUM,Strong trend (ADX=44); Last surprise: -0.5%,4.92,-1.0,1.0,86,2026-10-29,-0.45,0
2026-08-04T13:01:51,2026-08-04,KLAC,HOLD,0,VWAP Trend,MEDIUM,2,4.35,182.75,12.0,0.0,9.87,0.0,0.0,2026-08-07,0.24,0.35,60.0,1.17,-0.51,-20.41,-18.93,3.4,10,2026-04-16 to 2026-08-03 (75 days),-1.0,38.2,0.6801,221.24,162.71,BULLISH,HIGH,Strong trend (ADX=39); Last surprise: +5.0%; Earnings conf adj: +1,2.76,-1.0,1.0,85,2026-10-28,5.0,1
2026-08-04T13:02:17,2026-08-04,PGR,HOLD,0,SMA Crossover (10/50),MEDIUM,2,4.16,210.46,6.65,0.0,13.3,0.0,0.0,2026-08-27,0.84,1.1,50.0,5.23,20.75,8.39,-12.77,23.5,2,2026-04-16 to 2026-08-03 (75 days),-1.0,46.0,0.4374,210.78,207.0,BULLISH,HIGH,Last surprise: +0.2%,4.29,-1.0,1.0,71,2026-10-14,0.21,0
2026-08-04T13:03:45,2026-08-04,BRX,BUY,1,Stochastic Oscillator,MEDIUM,3,4.02,31.53,2.34,30.79,3.51,32.64,10.0,2026-08-17,2.38,8.7,100.0,60.69,18.11,-0.6,-0.85,13.0,1,2026-04-16 to 2026-08-03 (75 days),0.218,48.2,0.1862,31.31,28.32,BULLISH,LOW,Last surprise: -12.5%; Earnings conf adj: -1; Size: Kelly 10.0% / VolTgt 10.0% / Blend 10.0%,10.0,-1.0,1.0,83,2026-10-26,-12.5,-1
2026-08-04T13:04:23,2026-08-04,VAL,HOLD,0,MACD Crossover,LOW,0,3.83,76.82,7.31,0.0,10.96,0.0,0.0,2026-08-19,-2.37,-2.84,33.3,0.02,-58.91,-8.23,-25.56,15.0,3,2026-04-16 to 2026-08-03 (75 days),-1.0,46.5,0.4062,82.28,76.09,BULLISH,HIGH,Earnings in 1d (2026-08-05); Last surprise: -166.7%; Earnings conf adj: -2,4.62,-1.0,1.0,1,2026-08-05,-166.67,-2
2026-08-04T13:01:53,2026-08-04,LII,HOLD,0,MACD Crossover,MEDIUM,3,3.82,435.0,11.07,0.0,27.68,0.0,0.0,2026-09-09,0.78,1.21,100.0,44.58,15.21,42.71,-6.28,36.0,1,2026-04-16 to 2026-08-03 (75 days),-1.0,29.7,0.8082,523.63,506.55,BULLISH,HIGH,RSI oversold; Strong trend (ADX=44); Last surprise: +0.3%,2.32,-1.0,1.0,85,2026-10-28,0.26,0
2026-08-04T13:04:43,2026-08-04,WING,HOLD,0,MACD Crossover,HIGH,4,3.73,130.39,12.0,0.0,18.0,0.0,0.0,2026-09-22,0.9,1.4,100.0,90.73,33.45,103.39,-13.97,49.0,1,2026-04-16 to 2026-08-03 (75 days),-1.0,35.6,0.4075,150.58,205.13,BEARISH,HIGH,Last surprise: +15.7%; Earnings conf adj: +1,4.6,-1.0,1.0,-6,2026-07-29,15.69,1
2026-08-04T13:03:21,2026-08-04,WSO,HOLD,0,MACD Crossover,LOW,1,3.62,318.01,10.02,0.0,20.04,0.0,0.0,2026-09-02,0.13,0.22,100.0,4.51,0.85,61.53,-9.45,29.0,1,2026-04-16 to 2026-08-03 (75 days),-1.0,28.5,0.5285,374.94,374.2,BULLISH,HIGH,RSI oversold; Strong trend (ADX=47); Last surprise: -8.9%; Earnings conf adj: -1,3.55,-1.0,1.0,85,2026-10-28,-8.88,-1
2026-08-04T13:03:11,2026-08-04,CDE,HOLD,0,Stochastic Oscillator,LOW,1,3.58,15.56,11.69,0.0,17.54,0.0,0.0,2026-09-06,0.91,1.47,100.0,106.88,40.69,94.23,-24.64,33.5,2,2026-04-16 to 2026-08-03 (75 days),-1.0,49.2,0.648,16.53,18.64,BEARISH,HIGH,Earnings in 1d (2026-08-05); Last surprise: +0.0%; Earnings conf adj: -2,2.89,-1.0,1.0,1,2026-08-05,0.0,-2
2026-08-04T13:02:01,2026-08-04,MGM,HOLD,0,Composite Multi-Indicator,HIGH,4,3.49,44.5,2.67,0.0,8.01,0.0,0.0,2026-10-04,1.9,4.81,100.0,226.79,99.75,35.85,-8.13,61.0,1,2026-04-16 to 2026-08-03 (75 days),-1.0,38.7,0.1602,46.22,38.27,BULLISH,LOW,Price at statistical extreme; Last surprise: +1.7%,10.0,-1.0,1.0,85,2026-10-28,1.72,0
2026-08-04T13:03:00,2026-08-04,XPO,HOLD,0,Multi-Factor Momentum MR,HIGH,5,3.46,197.01,5.94,0.0,15.03,0.0,0.0,2026-09-02,1.8,3.04,100.0,109.82,42.06,75.6,-4.97,29.0,1,2026-04-16 to 2026-08-03 (75 days),-1.0,38.1,0.3544,210.1,181.2,BULLISH,MEDIUM,Strong trend (ADX=37); Last surprise: +15.6%; Earnings conf adj: +1,5.29,-1.0,1.0,86,2026-10-29,15.65,1
2026-08-04T13:04:00,2026-08-04,ALGM,HOLD,0,PEAD Earnings Drift,HIGH,5,3.37,41.52,12.0,0.0,21.56,0.0,0.0,2026-08-16,1.7,3.09,100.0,100.75,35.39,2.81,-6.82,12.0,1,2026-04-16 to 2026-08-03 (75 days),-1.0,36.9,0.7904,51.25,38.12,BULLISH,HIGH,Strong trend (ADX=37); Last surprise: +9.5%; Earnings conf adj: +1,2.37,-1.0,1.0,86,2026-10-29,9.52,1
2026-08-04T13:04:39,2026-08-04,SYNA,HOLD,0,SMA Crossover (10/50),MEDIUM,3,3.37,105.72,12.0,0.0,30.0,0.0,0.0,2026-10-20,2.1,3.71,100.0,456.24,258.08,91.95,-20.46,77.0,1,2026-04-16 to 2026-08-03 (75 days),-1.0,39.2,0.5984,127.03,92.38,BULLISH,HIGH,Strong trend (ADX=34); Earnings in 2d (2026-08-06); Last surprise: +7.9%; Earnings conf adj: -1,3.13,-1.0,1.0,2,2026-08-06,7.92,-1
2026-08-04T13:02:21,2026-08-04,PPL,HOLD,0,ADX Trend Following,LOW,0,3.35,35.2,2.52,0.0,2.9,0.0,0.0,2026-08-09,0.32,0.54,33.3,1.52,2.9,32.53,-3.19,5.0,3,2026-04-16 to 2026-08-03 (75 days),-1.0,42.1,0.165,35.8,36.09,BEARISH,LOW,Earnings in 3d (2026-08-07); Last surprise: +1.6%; Earnings conf adj: -2,7.0,-1.0,1.0,3,2026-08-07,1.61,-2
2026-08-04T13:02:11,2026-08-04,NVR,HOLD,0,MACD Crossover,MEDIUM,3,3.27,6204.1,5.73,0.0,8.6,0.0,0.0,2026-09-22,1.2,2.04,100.0,69.04,24.65,47.83,-5.85,49.0,1,2026-04-16 to 2026-08-03 (75 days),-1.0,43.5,0.3421,6390.13,6933.82,BEARISH,MEDIUM,Last surprise: -6.7%; Earnings conf adj: -1,5.48,-1.0,1.0,78,2026-10-21,-6.69,-1
2026-08-04T13:01:51,2026-08-04,KMI,HOLD,0,ADX Trend Following,LOW,1,3.18,31.4,3.75,0.0,5.62,0.0,0.0,2026-08-23,-0.62,-0.79,50.0,0.43,-9.21,-8.15,-10.08,19.5,2,2026-04-16 to 2026-08-03 (75 days),-1.0,42.1,0.2126,32.08,30.18,BULLISH,MEDIUM,Price at statistical extreme; Last surprise: +19.4%; Earnings conf adj: +1,7.0,-1.0,1.0,85,2026-10-28,19.35,1
2026-08-04T13:00:41,2026-08-04,APD,HOLD,0,ADX Trend Following,MEDIUM,2,3.04,292.94,2.94,0.0,4.93,0.0,0.0,2026-08-14,0.86,2.01,33.3,2.21,16.66,19.47,-5.01,10.0,3,2026-04-16 to 2026-08-03 (75 days),-1.0,48.8,0.1981,288.57,273.45,BULLISH,LOW,Last surprise: +3.9%,9.47,-1.0,1.0,-5,2026-07-30,3.89,0
2026-08-04T13:03:32,2026-08-04,KNX,HOLD,0,ADX Trend Following,HIGH,5,2.99,68.42,6.34,0.0,18.77,0.0,0.0,2026-09-21,1.6,2.58,100.0,107.38,40.04,15.61,-11.45,48.0,1,2026-04-16 to 2026-08-03 (75 days),-1.0,35.0,0.344,75.38,60.12,BULLISH,MEDIUM,Strong trend (ADX=37); Last surprise: +23.5%; Earnings conf adj: +1,5.45,-1.0,1.0,78,2026-10-21,23.53,1
2026-08-04T13:03:11,2026-08-04,H,EXIT,-1,Momentum (Rate of Change),HIGH,5,2.77,171.58,5.81,181.55,20.33,136.7,8.02,2026-10-23,1.55,2.71,100.0,121.66,45.3,28.54,-7.97,80.0,1,2026-04-16 to 2026-08-03 (75 days),-1.0,31.2,0.3112,189.51,165.8,BULLISH,MEDIUM,Price at statistical extreme; Strong trend (ADX=39); Last surprise: +20.4%; Earnings conf adj: +1; Size: Kelly 10.0% / VolTgt 6.0% / Blend 8.0%,6.03,-1.0,1.0,-5,2026-07-30,20.43,1
2026-08-04T13:04:23,2026-08-04,BKH,BUY,1,Stochastic Oscillator,MEDIUM,2,2.56,71.23,3.11,69.01,4.67,74.56,9.59,2026-08-26,1.03,1.55,100.0,56.58,18.56,38.74,-6.87,22.0,1,2026-04-16 to 2026-08-03 (75 days),0.421,37.3,0.2045,73.49,71.0,BULLISH,MEDIUM,Price at statistical extreme; Earnings in 1d (2026-08-05); Last surprise: -2.7%; Earnings conf adj: -2; Size: Kelly 10.0% / VolTgt 9.2% / Blend 9.6%,9.17,-1.0,1.0,1,2026-08-05,-2.72,-2
2026-08-04T13:02:33,2026-08-04,STZ,HOLD,0,ADX Trend Following,LOW,1,2.1,131.36,3.67,0.0,5.5,0.0,0.0,2026-08-14,-0.69,-0.86,50.0,0.53,-14.28,36.63,-10.91,10.8,4,2026-04-16 to 2026-08-03 (75 days),-1.0,46.2,0.2436,136.71,143.11,BEARISH,MEDIUM,Last surprise: +7.2%; Earnings conf adj: +1,7.0,-1.0,1.0,62,2026-10-05,7.19,1
2026-08-04T13:02:51,2026-08-04,WDC,EXIT,-1,PEAD Earnings Drift,MEDIUM,2,2.04,527.22,12.0,590.49,24.0,400.69,5.9,2026-09-22,1.32,2.03,100.0,252.0,120.37,-140.79,-38.08,49.0,2,2026-04-16 to 2026-08-03 (75 days),-1.0,48.7,1.0401,562.62,333.79,BULLISH,HIGH,Earnings in 1d (2026-08-05); Last surprise: +13.8%; Earnings conf adj: -2; Size: Kelly 10.0% / VolTgt 1.8% / Blend 5.9%,1.8,-1.0,1.0,1,2026-08-05,13.81,-2
2026-08-04T13:04:54,2026-08-04,FLR,HOLD,0,Stochastic Oscillator,LOW,1,1.97,50.17,8.41,0.0,12.62,0.0,0.0,2026-09-07,1.46,2.35,100.0,123.81,45.25,28.0,-7.08,34.0,1,2026-04-16 to 2026-08-03 (75 days),-1.0,49.3,0.4938,50.1,47.11,BULLISH,HIGH,Earnings in 3d (2026-08-07); Last surprise: -77.0%; Earnings conf adj: -3,3.8,-1.0,1.0,3,2026-08-07,-77.05,-3
2026-08-04T13:01:12,2026-08-04,DHI,HOLD,0,MACD Crossover,HIGH,4,1.88,146.66,5.0,0.0,15.0,0.0,0.0,2026-09-13,0.96,1.88,100.0,60.36,21.23,12.03,-6.13,40.0,1,2026-04-16 to 2026-08-03 (75 days),-1.0,46.5,0.3385,151.02,149.58,BULLISH,MEDIUM,Last surprise: +7.0%; Earnings conf adj: +1,5.54,-1.0,1.0,86,2026-10-29,7.02,1
2026-08-04T13:05:10,2026-08-04,XLU,BUY,1,Stochastic Oscillator,MEDIUM,3,1.83,44.36,2.07,43.44,3.1,45.74,10.0,2026-09-18,0.8,1.02,100.0,27.88,8.69,20.68,-4.96,45.0,1,2026-04-16 to 2026-08-03 (75 days),0.353,40.9,0.1371,44.87,44.38,BULLISH,LOW,Size: Kelly 10.0% / VolTgt 10.0% / Blend 10.0%,10.0,-1.0,1.0,-1,,,0
2026-08-04T13:02:25,2026-08-04,RL,HOLD,0,MACD Crossover,MEDIUM,2,1.74,380.17,4.92,0.0,9.84,0.0,0.0,2026-09-08,0.96,1.63,100.0,52.99,18.4,7.5,-6.04,35.0,1,2026-04-16 to 2026-08-03 (75 days),-1.0,48.5,0.3716,385.59,359.35,BULLISH,MEDIUM,Earnings in 2d (2026-08-06); Last surprise: +10.2%; Earnings conf adj: -1,5.05,-1.0,1.0,2,2026-08-06,10.24,-1
2026-08-04T13:01:54,2026-08-04,LHX,HOLD,1,VWAP Trend,LOW,1,1.7,277.86,7.57,256.83,6.12,294.87,0.0,2026-08-07,-1.81,-2.09,40.0,0.42,-39.37,15.93,-14.68,3.6,10,2026-04-16 to 2026-08-03 (75 days),-1.0,40.5,0.4097,297.06,314.31,BEARISH,HIGH,High volume; Strong trend (ADX=32); Last surprise: +28.3%; Earnings conf adj: +1,4.58,-1.0,1.0,86,2026-10-29,28.27,1
2026-08-04T13:03:45,2026-08-04,SAIA,HOLD,-1,Momentum (Rate of Change),LOW,1,1.57,360.1,10.46,397.77,20.92,284.77,0.0,2026-10-05,0.11,0.16,100.0,1.07,-2.99,39.01,-12.58,62.0,1,2026-04-16 to 2026-08-03 (75 days),-1.0,28.9,0.5228,436.98,376.53,BULLISH,HIGH,RSI oversold; Strong trend (ADX=59); Last surprise: +3.5%,3.59,-1.0,1.0,86,2026-10-29,3.54,0
2026-08-04T13:02:31,2026-08-04,SNPS,HOLD,0,Momentum (Rate of Change),MEDIUM,3,1.55,392.07,8.34,0.0,12.51,0.0,0.0,2026-09-26,0.35,0.51,100.0,33.9,6.42,39.5,-14.26,53.0,1,2026-04-16 to 2026-08-03 (75 days),-1.0,41.9,0.4338,443.95,449.21,BEARISH,HIGH,Last surprise: +6.0%; Earnings conf adj: +1,4.32,-1.0,1.0,22,2026-08-26,6.01,1
2026-08-04T13:04:57,2026-08-04,LEA,HOLD,0,PEAD Earnings Drift,HIGH,4,0.95,125.09,8.12,0.0,28.42,0.0,0.0,2026-11-17,0.59,0.8,100.0,46.34,16.22,-3.96,-12.23,105.0,1,2026-04-16 to 2026-08-03 (75 days),-1.0,32.7,0.488,139.82,123.62,BULLISH,HIGH,High volume; Price at statistical extreme; Strong trend (ADX=32); Last surprise: +7.5%; Earnings conf adj: +1,3.84,-1.0,1.0,79,2026-10-22,7.54,1
2026-08-04T13:04:42,2026-08-04,BHF,HOLD,0,EMA Crossover (9/21),LOW,0,0.9,61.84,2.22,0.0,4.44,0.0,0.0,2026-10-10,0.26,0.35,100.0,7.29,1.81,4.3,-5.84,67.0,1,2026-04-16 to 2026-08-03 (75 days),-1.0,36.9,0.162,63.53,62.01,BULLISH,LOW,High volume; Strong trend (ADX=38); Earnings in 2d (2026-08-06); Last surprise: -2.7%; Earnings conf adj: -2,7.0,-1.0,1.0,2,2026-08-06,-2.68,-2
2026-08-04T13:00:55,2026-08-04,CDNS,HOLD,0,MACD Crossover,MEDIUM,2,0.79,336.15,9.69,0.0,14.03,0.0,0.0,2026-08-18,0.46,0.75,100.0,28.62,9.32,-26.93,-9.65,14.0,1,2026-04-16 to 2026-08-03 (75 days),-1.0,41.3,0.4762,371.03,327.68,BULLISH,HIGH,Last surprise: +2.4%,3.94,-1.0,1.0,83,2026-10-26,2.43,0
2026-08-04T13:01:26,2026-08-04,FDX,HOLD,0,EMA Crossover (9/21),MEDIUM,3,0.62,309.24,3.44,0.0,8.6,0.0,0.0,2026-09-14,0.15,0.21,100.0,4.37,0.81,-3.11,-7.22,41.0,1,2026-04-16 to 2026-08-03 (75 days),-1.0,45.1,0.2075,319.91,275.26,BULLISH,MEDIUM,Strong trend (ADX=32); Last surprise: +6.6%; Earnings conf adj: +1,9.03,-1.0,1.0,85,2026-10-28,6.59,1
2026-08-04T13:01:14,2026-08-04,DTE,HOLD,0,Momentum (Rate of Change),MEDIUM,3,0.52,141.72,2.72,0.0,5.44,0.0,0.0,2026-09-23,0.24,0.36,100.0,23.2,2.37,11.6,-5.51,50.0,1,2026-04-16 to 2026-08-03 (75 days),-1.0,37.3,0.1918,146.79,139.87,BULLISH,LOW,Last surprise: +15.8%; Earnings conf adj: +1,9.77,-1.0,1.0,86,2026-10-29,15.79,1
2026-08-04T13:03:44,2026-08-04,ALSN,HOLD,0,Stochastic Oscillator,MEDIUM,2,0.16,116.31,4.47,0.0,6.71,0.0,0.0,2026-10-20,0.23,0.32,100.0,12.45,2.53,25.11,-11.59,77.0,1,2026-04-16 to 2026-08-03 (75 days),-1.0,48.8,0.3009,116.35,109.17,BULLISH,MEDIUM,Last surprise: +22.4%,6.23,-1.0,1.0,86,2026-10-29,22.38,0
2026-08-04T13:01:41,2026-08-04,HUBB,HOLD,0,MACD Crossover,MEDIUM,3,-1.14,476.04,5.6,0.0,8.81,0.0,0.0,2026-08-16,0.53,0.69,66.7,2.68,11.22,37.27,-12.6,12.0,3,2026-04-16 to 2026-08-03 (75 days),-1.0,46.2,0.3229,487.98,479.26,BULLISH,MEDIUM,Last surprise: +2.4%,5.81,-1.0,1.0,84,2026-10-27,2.41,0
2026-08-04T13:03:42,2026-08-04,VICR,HOLD,0,VWAP Trend,HIGH,4,-1.94,213.54,12.0,0.0,11.72,0.0,0.0,2026-08-06,1.23,1.99,50.0,1.76,66.7,48.09,-23.73,2.2,10,2026-04-16 to 2026-08-03 (75 days),-1.0,41.4,1.0033,283.47,187.47,BULLISH,HIGH,Strong trend (ADX=40); Last surprise: +71.2%; Earnings conf adj: +1,1.87,-1.0,1.0,77,2026-10-20,71.21,1
2026-08-04T13:03:02,2026-08-04,MKSI,HOLD,0,Momentum (Rate of Change),MEDIUM,3,-2.07,309.98,12.0,0.0,30.0,0.0,0.0,2026-10-24,1.56,2.39,100.0,254.73,111.28,50.61,-21.96,81.0,1,2026-04-16 to 2026-08-03 (75 days),-1.0,44.7,0.8874,346.57,245.32,BULLISH,HIGH,Strong trend (ADX=38); Earnings in 1d (2026-08-05); Last surprise: +12.2%; Earnings conf adj: -1,2.11,-1.0,1.0,1,2026-08-05,12.2,-1
2026-08-04T13:03:23,2026-08-04,AMKR,EXIT,-1,Momentum (Rate of Change),MEDIUM,3,-2.21,50.84,12.0,56.94,30.0,35.59,5.76,2026-10-23,0.46,0.65,100.0,37.42,8.41,59.79,-26.27,80.0,1,2026-04-16 to 2026-08-03 (75 days),-1.0,36.8,1.2362,70.79,53.75,BULLISH,HIGH,Strong trend (ADX=36); Last surprise: +45.8%; Earnings conf adj: +1; Size: Kelly 10.0% / VolTgt 1.5% / Blend 5.8%,1.52,-1.0,1.0,83,2026-10-26,45.83,1
2026-08-04T13:01:52,2026-08-04,LEN,HOLD,0,VWAP Trend,LOW,1,-2.51,85.2,4.93,0.0,7.39,0.0,0.0,2026-08-14,0.01,0.01,42.9,0.99,-4.3,5.46,-12.29,10.0,7,2026-04-16 to 2026-08-03 (75 days),-1.0,49.8,0.332,87.39,101.75,BEARISH,MEDIUM,Last surprise: +6.5%; Earnings conf adj: +1,5.65,-1.0,1.0,44,2026-09-17,6.5,1
2026-08-04T13:02:59,2026-08-04,UTHR,HOLD,0,MACD Crossover,LOW,0,-2.54,516.31,3.28,0.0,4.92,0.0,0.0,2026-08-16,-0.74,-1.04,50.0,0.1,-7.34,25.57,-6.57,12.0,2,2026-04-16 to 2026-08-03 (75 days),-1.0,35.8,0.2004,543.43,514.81,BULLISH,MEDIUM,Earnings in 1d (2026-08-05); Last surprise: -15.2%; Earnings conf adj: -3,7.0,-1.0,1.0,1,2026-08-05,-15.16,-3
2026-08-04T13:04:47,2026-08-04,CPRI,HOLD,0,MACD Crossover,LOW,0,-3.58,16.37,7.87,0.0,11.8,0.0,0.0,2026-08-18,0.48,0.77,50.0,33.05,10.19,58.05,-10.58,14.5,2,2026-04-16 to 2026-08-03 (75 days),-1.0,43.7,0.4826,18.2,20.72,BEARISH,HIGH,Strong trend (ADX=40); Earnings in 1d (2026-08-05); Last surprise: +83.3%; Earnings conf adj: -1,3.89,-1.0,1.0,1,2026-08-05,83.33,-1
2026-08-04T13:03:06,2026-08-04,DKS,HOLD,0,VWAP Trend,LOW,1,-3.67,200.82,5.17,0.0,3.75,0.0,0.0,2026-08-06,0.43,0.61,55.6,1.3,7.72,30.48,-7.98,2.0,9,2026-04-16 to 2026-08-03 (75 days),-1.0,39.4,0.3371,219.51,211.36,BULLISH,MEDIUM,Last surprise: -0.3%,5.56,-1.0,1.0,21,2026-08-25,-0.34,0
2026-08-04T13:01:40,2026-08-04,HSY,HOLD,0,MACD Crossover,LOW,1,-4.51,177.67,3.95,0.0,5.93,0.0,0.0,2026-08-22,-0.01,-0.02,33.3,0.89,-2.51,17.77,-10.45,18.0,3,2026-04-16 to 2026-08-03 (75 days),-1.0,50.9,0.2734,179.4,190.1,BEARISH,MEDIUM,Last surprise: +32.9%; Earnings conf adj: +1,6.86,-1.0,1.0,-5,2026-07-30,32.87,1
2026-08-04T13:03:44,2026-08-04,HL,HOLD,0,VWAP Trend,LOW,0,-4.98,14.43,11.21,0.0,9.15,0.0,0.0,2026-08-07,0.75,1.12,50.0,1.7,27.65,89.2,-22.04,3.9,8,2026-04-16 to 2026-08-03 (75 days),-1.0,43.9,0.5883,15.66,18.31,BEARISH,HIGH,EARNINGS TODAY (2026-08-04); Last surprise: +0.0%; Earnings conf adj: -3,3.19,-1.0,1.0,0,2026-08-04,0.0,-3
2026-08-04T13:05:06,2026-08-04,TLT,HOLD,-1,52-Week High Momentum,LOW,0,-5.56,82.19,1.5,83.42,1.28,81.14,0.0,2026-08-07,-11.81,-9.54,50.0,0.02,-24.94,-13.02,-8.08,3.5,2,2026-04-16 to 2026-08-03 (75 days),-1.0,31.2,0.0867,84.75,85.84,BEARISH,LOW,Price at statistical extreme; Strong trend (ADX=34),7.0,-1.0,1.0,-1,,,0
2026-08-04T13:02:23,2026-08-04,Q,HOLD,0,ADX Trend Following,LOW,0,-6.16,133.3,8.4,0.0,6.92,0.0,0.0,2026-08-09,1.01,1.55,50.0,2.54,31.73,96.68,-12.21,5.0,2,2026-05-12 to 2026-08-03 (57 days),-1.0,43.7,0.3932,147.79,nan,NEUTRAL,MEDIUM,Strong trend (ADX=37); EARNINGS TODAY (2026-08-04); Last surprise: +17.4%; Earnings conf adj: -3,4.77,-1.0,1.0,0,2026-08-04,17.39,-3
2026-08-04T13:01:56,2026-08-04,LVS,HOLD,0,MACD Crossover,LOW,0,-6.26,47.28,4.22,0.0,6.33,0.0,0.0,2026-08-17,-0.89,-1.29,33.3,0.45,-17.53,27.56,-13.88,13.7,3,2026-04-16 to 2026-08-03 (75 days),-1.0,49.5,0.2746,48.16,55.45,BEARISH,MEDIUM,Last surprise: -22.4%; Earnings conf adj: -1,6.83,-1.0,1.0,78,2026-10-21,-22.37,-1
2026-08-04T13:01:11,2026-08-04,DECK,HOLD,0,Stochastic Oscillator,MEDIUM,3,-6.85,99.5,8.46,0.0,12.69,0.0,0.0,2026-09-06,0.98,1.55,50.0,4.25,31.95,57.09,-11.91,33.0,2,2026-04-16 to 2026-08-03 (75 days),-1.0,44.8,0.4458,106.0,102.18,BULLISH,HIGH,Last surprise: +6.8%; Earnings conf adj: +1,4.21,-1.0,1.0,79,2026-10-22,6.82,1
2026-08-04T13:04:10,2026-08-04,CRUS,HOLD,0,ADX Trend Following,LOW,0,-7.18,127.33,5.12,0.0,6.65,0.0,0.0,2026-08-10,-1.17,-1.44,50.0,0.07,-18.84,39.65,-8.47,6.5,2,2026-04-16 to 2026-08-03 (75 days),-1.0,27.6,0.3315,152.9,141.02,BULLISH,MEDIUM,RSI oversold; Strong trend (ADX=53); Earnings in 1d (2026-08-05); Last surprise: +10.8%; Earnings conf adj: -1,5.66,-1.0,1.0,1,2026-08-05,10.8,-1
2026-08-04T13:04:14,2026-08-04,BYD,HOLD,0,Stochastic Oscillator,MEDIUM,3,-7.31,84.83,4.3,0.0,6.45,0.0,0.0,2026-08-24,1.02,1.65,50.0,2.83,18.92,19.82,-7.14,20.0,2,2026-04-16 to 2026-08-03 (75 days),-1.0,42.1,0.274,86.56,83.91,BULLISH,MEDIUM,Last surprise: +2.1%,6.84,-1.0,1.0,79,2026-10-22,2.12,0
2026-08-04T13:00:42,2026-08-04,APP,HOLD,0,Stochastic Oscillator,LOW,0,-7.35,406.16,9.94,0.0,14.91,0.0,0.0,2026-08-24,-0.38,-0.57,50.0,0.19,-18.99,18.43,-15.81,20.0,2,2026-04-16 to 2026-08-03 (75 days),-1.0,39.4,0.5795,489.1,519.36,BEARISH,HIGH,Strong trend (ADX=40); Earnings in 1d (2026-08-05); Last surprise: +3.3%; Earnings conf adj: -2,3.24,-1.0,1.0,1,2026-08-05,3.3,-2
2026-08-04T13:02:52,2026-08-04,WMT,HOLD,0,Stochastic Oscillator,LOW,1,-7.58,110.71,3.78,0.0,5.67,0.0,0.0,2026-08-29,0.17,0.25,50.0,1.76,1.43,34.53,-5.7,25.5,2,2026-04-16 to 2026-08-03 (75 days),-1.0,43.3,0.2181,115.23,117.69,BEARISH,MEDIUM,Last surprise: +0.0%,7.0,-1.0,1.0,16,2026-08-20,0.0,0
2026-08-04T13:03:51,2026-08-04,WLK,HOLD,0,ADX Trend Following,LOW,0,-8.3,69.89,3.75,0.0,3.68,0.0,0.0,2026-08-09,-2.08,-2.71,50.0,0.36,-19.13,64.21,-9.11,5.5,2,2026-04-16 to 2026-08-03 (75 days),-1.0,24.8,0.1995,79.48,86.55,BEARISH,LOW,RSI oversold; High volume; Strong trend (ADX=33); EARNINGS TODAY (2026-08-04); Last surprise: -220.8%; Earnings conf adj: -3,7.0,-1.0,1.0,0,2026-08-04,-220.83,-3
2026-08-04T13:04:46,2026-08-04,COLM,HOLD,0,Stochastic Oscillator,HIGH,4,-8.73,58.65,5.93,0.0,8.89,0.0,0.0,2026-08-30,1.06,1.52,50.0,2.1,25.64,18.37,-9.18,26.5,2,2026-04-16 to 2026-08-03 (75 days),-1.0,36.5,0.3358,64.0,58.06,BULLISH,MEDIUM,Price at statistical extreme; Last surprise: +233.3%; Earnings conf adj: +1,5.58,-1.0,1.0,86,2026-10-29,233.33,1
2026-08-04T13:04:53,2026-08-04,EVR,HOLD,0,EMA Crossover (9/21),LOW,0,-9.79,318.34,8.85,0.0,13.27,0.0,0.0,2026-08-28,-0.02,-0.03,50.0,0.44,-3.33,28.73,-10.51,24.5,2,2026-04-16 to 2026-08-03 (75 days),-1.0,41.1,0.5064,344.08,330.23,BULLISH,HIGH,Last surprise: -4.0%,3.7,-1.0,1.0,85,2026-10-28,-3.96,0
2026-08-04T13:00:50,2026-08-04,BLDR,HOLD,0,Stochastic Oscillator,LOW,0,-10.47,72.48,10.56,0.0,15.84,0.0,0.0,2026-09-11,0.5,0.82,50.0,3.88,13.99,53.23,-17.21,38.5,2,2026-04-16 to 2026-08-03 (75 days),-1.0,47.6,0.6175,76.54,95.5,BEARISH,HIGH,Last surprise: -7.9%; Earnings conf adj: -1,3.04,-1.0,1.0,86,2026-10-29,-7.87,-1
2026-08-04T13:04:21,2026-08-04,ACI,HOLD,0,SMA Crossover (10/50),LOW,0,-11.67,11.5,12.0,0.0,18.0,0.0,0.0,2026-08-05,0.0,0.0,0.0,0.0,0.0,67.27,0.0,0.0,0,2026-04-16 to 2026-08-03 (75 days),-1.0,32.1,0.8444,14.14,16.23,BEARISH,HIGH,Strong trend (ADX=35); Last surprise: -22.2%; Earnings conf adj: -1,2.22,-1.0,1.0,70,2026-10-13,-22.22,-1
2026-08-04T13:02:22,2026-08-04,PSKY,HOLD,0,RSI Mean Reversion,LOW,0,-12.01,8.22,5.97,0.0,8.96,0.0,0.0,2026-08-05,0.0,0.0,0.0,0.0,0.0,69.72,0.0,0.0,0,2026-04-16 to 2026-08-03 (75 days),-1.0,37.0,0.3805,9.63,11.61,BEARISH,MEDIUM,Strong trend (ADX=47); EARNINGS TODAY (2026-08-04); Last surprise: +53.3%; Earnings conf adj: -3,4.93,-1.0,1.0,0,2026-08-04,53.33,-3
2026-08-04T13:03:59,2026-08-04,MP,HOLD,0,RSI Mean Reversion,LOW,0,-12.02,43.84,12.0,0.0,18.0,0.0,0.0,2026-08-05,-1.85,-1.85,0.0,0.0,-0.34,69.44,-0.1,0.0,0,2026-04-16 to 2026-08-03 (75 days),-1.0,42.1,0.7579,54.38,58.94,BEARISH,HIGH,Strong trend (ADX=57); Earnings in 2d (2026-08-06); Last surprise: +175.0%; Earnings conf adj: -1,2.47,-1.0,1.0,2,2026-08-06,175.0,-1
2026-08-04T13:02:26,2026-08-04,ROL,HOLD,0,SMA Crossover (10/50),LOW,0,-12.09,38.19,8.6,0.0,10.33,0.0,0.0,2026-08-05,0.0,0.0,0.0,0.0,0.0,69.85,0.0,0.0,0,2026-04-16 to 2026-08-03 (75 days),-1.0,28.1,0.4147,44.65,54.53,BEARISH,HIGH,RSI oversold; Strong trend (ADX=45); Last surprise: -5.9%; Earnings conf adj: -1,4.52,-1.0,1.0,85,2026-10-28,-5.88,-1
2026-08-04T13:01:25,2026-08-04,FDXF,HOLD,0,SMA Crossover (10/50),LOW,0,-12.31,139.02,10.85,0.0,14.37,0.0,0.0,2026-08-05,0.0,0.0,0.0,0.0,0.0,81.65,0.0,0.0,0,2026-06-12 to 2026-08-03 (35 days),-1.0,39.8,0.577,nan,nan,NEUTRAL,HIGH,No special conditions,3.25,-1.0,1.0,85,2026-10-28,,0
2026-08-04T13:01:36,2026-08-04,HAL,HOLD,0,EMA Crossover (9/21),LOW,0,-12.71,31.89,5.19,0.0,8.82,0.0,0.0,2026-08-05,-1.85,-1.85,0.0,0.0,-0.34,44.55,-0.1,0.0,0,2026-04-16 to 2026-08-03 (75 days),-1.0,36.8,0.3541,35.98,33.58,BULLISH,MEDIUM,Strong trend (ADX=42); Last surprise: +1.9%,5.29,-1.0,1.0,77,2026-10-20,1.85,0
2026-08-04T13:03:52,2026-08-04,CNM,HOLD,0,VWAP Trend,LOW,0,-12.86,45.75,4.7,0.0,7.05,0.0,0.0,2026-08-14,-0.31,-0.42,50.0,0.85,-13.35,21.87,-15.81,10.2,8,2026-04-16 to 2026-08-03 (75 days),-1.0,53.1,0.3119,47.0,50.71,BEARISH,MEDIUM,Last surprise: -1.8%,6.01,-1.0,1.0,35,2026-09-08,-1.75,0
2026-08-04T13:04:17,2026-08-04,VFC,HOLD,0,Multi-Factor Momentum MR,LOW,0,-12.89,14.92,11.88,0.0,17.82,0.0,0.0,2026-08-05,0.0,0.0,0.0,0.0,0.0,63.22,0.0,0.0,0,2026-04-16 to 2026-08-03 (75 days),-1.0,39.4,0.7707,16.75,17.52,BEARISH,HIGH,Last surprise: -22.7%; Earnings conf adj: -1,2.43,-1.0,1.0,83,2026-10-26,-22.73,-1
2026-08-04T13:02:28,2026-08-04,SBAC,HOLD,0,RSI Mean Reversion,LOW,0,-13.2,179.54,5.03,0.0,7.54,0.0,0.0,2026-08-05,0.0,0.0,0.0,0.0,0.0,50.28,0.0,0.0,0,2026-04-16 to 2026-08-03 (75 days),-1.0,45.4,0.3464,189.72,192.64,BEARISH,MEDIUM,High volume; Last surprise: +0.0%,5.41,-1.0,1.0,90,2026-11-02,0.0,0
2026-08-04T13:01:02,2026-08-04,COIN,HOLD,0,RSI Mean Reversion,LOW,0,-13.44,146.5,12.0,0.0,17.26,0.0,0.0,2026-08-05,0.0,0.0,0.0,0.0,0.0,65.26,0.0,0.0,0,2026-04-16 to 2026-08-03 (75 days),-1.0,40.5,0.6933,163.45,211.46,BEARISH,HIGH,Price at statistical extreme; Last surprise: -491.3%; Earnings conf adj: -1,2.7,-1.0,1.0,86,2026-10-29,-491.3,-1
2026-08-04T13:03:52,2026-08-04,HLI,HOLD,0,Bollinger Band Mean Reversion,LOW,0,-13.53,125.48,9.51,0.0,11.15,0.0,0.0,2026-08-05,0.0,0.0,0.0,0.0,0.0,54.37,0.0,0.0,0,2026-04-16 to 2026-08-03 (75 days),-1.0,34.3,0.4476,139.22,159.68,BEARISH,HIGH,Price at statistical extreme; Strong trend (ADX=34); Last surprise: -17.7%; Earnings conf adj: -1,4.19,-1.0,1.0,86,2026-10-29,-17.68,-1
2026-08-04T13:01:51,2026-08-04,KR,HOLD,0,SMA Crossover (10/50),LOW,0,-13.84,58.22,4.66,0.0,6.99,0.0,0.0,2026-08-05,0.0,0.0,0.0,0.0,0.0,39.31,0.0,0.0,0,2026-04-16 to 2026-08-03 (75 days),-1.0,48.0,0.3112,60.08,64.7,BEARISH,MEDIUM,Last surprise: -0.6%,6.02,-1.0,1.0,37,2026-09-10,-0.63,0
2026-08-04T13:00:46,2026-08-04,AZO,HOLD,0,RSI Mean Reversion,LOW,1,-14.39,2990.27,4.99,0.0,7.49,0.0,0.0,2026-08-05,0.0,0.0,0.0,0.0,0.0,40.88,0.0,0.0,0,2026-04-16 to 2026-08-03 (75 days),-1.0,45.3,0.3398,3073.72,3477.12,BEARISH,MEDIUM,Last surprise: +5.3%; Earnings conf adj: +1,5.52,-1.0,1.0,49,2026-09-22,5.25,1
2026-08-04T13:05:04,2026-08-04,GLD,HOLD,0,SMA Crossover (10/50),LOW,0,-14.5,371.71,2.53,0.0,3.79,0.0,0.0,2026-08-05,0.0,0.0,0.0,0.0,0.0,43.73,0.0,0.0,0,2026-04-16 to 2026-08-03 (75 days),-1.0,46.0,0.2102,384.37,411.82,BEARISH,MEDIUM,No special conditions,7.0,-1.0,1.0,-1,,,0
2026-08-04T13:04:19,2026-08-04,CHDN,HOLD,0,RSI Mean Reversion,LOW,0,-14.53,83.47,5.34,0.0,8.01,0.0,0.0,2026-08-05,0.0,0.0,0.0,0.0,0.0,31.48,0.0,0.0,0,2026-04-16 to 2026-08-03 (75 days),-1.0,44.4,0.365,86.61,95.12,BEARISH,MEDIUM,Last surprise: +0.6%,5.14,-1.0,1.0,85,2026-10-28,0.58,0
2026-08-04T13:02:39,2026-08-04,TMUS,HOLD,0,RSI Mean Reversion,LOW,1,-14.57,177.09,8.99,0.0,13.48,0.0,0.0,2026-08-05,0.0,0.0,0.0,0.0,0.0,29.28,0.0,0.0,0,2026-04-16 to 2026-08-03 (75 days),-1.0,45.5,0.5451,183.21,197.35,BEARISH,HIGH,Strong trend (ADX=33); Last surprise: +15.0%; Earnings conf adj: +1,3.44,-1.0,1.0,79,2026-10-22,15.0,1
2026-08-04T13:04:21,2026-08-04,WH,HOLD,0,PEAD Earnings Drift,LOW,0,-14.58,75.27,4.62,0.0,6.93,0.0,0.0,2026-08-05,0.0,0.0,0.0,0.0,0.0,38.54,0.0,0.0,0,2026-04-16 to 2026-08-03 (75 days),-1.0,41.4,0.3182,79.79,78.02,BULLISH,MEDIUM,Last surprise: +5.0%,5.89,-1.0,1.0,78,2026-10-21,4.96,0
2026-08-04T13:01:38,2026-08-04,HONA,HOLD,0,SMA Crossover (10/50),LOW,0,-15.75,208.27,10.48,0.0,12.41,0.0,0.0,2026-08-05,0.0,0.0,0.0,0.0,0.0,0.0,0.0,0.0,0, to  (0 days),-1.0,47.2,0.4982,nan,nan,NEUTRAL,HIGH,Earnings in 1d (2026-08-05); Earnings conf adj: -2,3.76,-1.0,1.0,1,2026-08-05,,-2
