generated_at,date,ticker,signal,signal_raw,strategy,confidence,confidence_score,composite_score,current_price,stop_loss_pct,stop_loss_price,take_profit_pct,take_profit_price,suggested_position_size_pct,signal_expires,sharpe,sortino,win_rate,profit_factor,annual_return_pct,annual_excess_pct,max_drawdown_pct,avg_holding_days,total_trades,backtest_period,pbo,rsi,vol_20,sma_50,sma_200,trend,volatility,notes,vol_target_size_pct,meta_label_prob,meta_label_size_mult,days_to_earnings,earnings_date,last_surprise_pct,earnings_confidence_adj
2026-09-30T16:42:41,2026-09-30,ENS,HOLD,0,VWAP Trend,HIGH,5,97.31,nan,2.61,0.0,5.22,0.0,0.0,2026-10-02,1.95,3.86,77.8,2.78,39.29,93.83,-6.53,2.1,9,2026-06-12 to 2026-09-28 (74 days),-1.0,44.5,nan,nan,nan,NEUTRAL,LOW,No special conditions,-1.0,-1.0,1.0,35,2026-11-04,,0
2026-09-30T16:41:51,2026-09-30,WST,HOLD,0,VWAP Trend,HIGH,6,94.18,nan,2.0,0.0,4.0,0.0,0.0,2026-10-02,4.4,14.36,88.9,11.16,65.14,6.43,-1.64,2.6,9,2026-06-12 to 2026-09-28 (74 days),-1.0,66.6,nan,nan,nan,NEUTRAL,LOW,Strong trend (ADX=52); Last surprise: +13.9%; Earnings conf adj: +1,-1.0,-1.0,1.0,22,2026-10-22,13.94,1
2026-09-30T16:42:18,2026-09-30,AEIS,HOLD,0,VWAP Trend,HIGH,5,93.59,nan,2.12,0.0,4.24,0.0,0.0,2026-10-03,3.62,12.73,100.0,435.57,285.08,341.85,-5.31,3.6,5,2026-06-12 to 2026-09-28 (74 days),-1.0,49.8,nan,nan,nan,NEUTRAL,LOW,No special conditions,-1.0,-1.0,1.0,34,2026-11-03,,0
2026-09-30T16:42:11,2026-09-30,TOL,EXIT,-1,VWAP Trend,HIGH,5,92.07,nan,2.0,nan,4.0,nan,10.0,2026-10-02,2.79,7.81,75.0,55.97,63.16,85.42,-3.03,2.4,8,2026-06-12 to 2026-09-28 (74 days),-1.0,45.0,nan,nan,nan,NEUTRAL,LOW,No special conditions,-1.0,-1.0,1.0,-1,,,0
2026-09-30T16:42:46,2026-09-30,CROX,HOLD,0,VWAP Trend,HIGH,5,88.53,nan,2.24,0.0,4.48,0.0,0.0,2026-10-02,2.82,7.33,71.4,4.17,76.47,82.83,-5.61,2.1,7,2026-06-12 to 2026-09-28 (74 days),-1.0,51.5,nan,nan,nan,NEUTRAL,LOW,Strong trend (ADX=48),-1.0,-1.0,1.0,29,2026-10-29,,0
2026-09-30T16:42:14,2026-09-30,SANM,HOLD,0,VWAP Trend,HIGH,5,87.8,nan,2.03,0.0,4.06,0.0,0.0,2026-10-02,3.39,9.96,66.7,8.29,184.88,224.92,-5.07,2.2,9,2026-06-12 to 2026-09-28 (74 days),-1.0,59.3,nan,nan,nan,NEUTRAL,LOW,No special conditions,-1.0,-1.0,1.0,33,2026-11-02,,0
2026-09-30T16:42:38,2026-09-30,MSA,HOLD,0,VWAP Trend,HIGH,5,87.68,nan,2.0,0.0,4.0,0.0,0.0,2026-10-03,2.97,5.33,85.7,10.57,31.51,-27.38,-2.66,3.1,7,2026-06-12 to 2026-09-28 (74 days),-1.0,48.2,nan,nan,nan,NEUTRAL,LOW,Strong trend (ADX=36),-1.0,-1.0,1.0,27,2026-10-27,,0
2026-09-30T16:42:32,2026-09-30,NEU,HOLD,0,VWAP Trend,HIGH,5,83.58,nan,2.0,0.0,4.0,0.0,0.0,2026-10-01,3.14,18.64,77.8,10.41,89.7,49.58,-2.43,1.9,9,2026-06-12 to 2026-09-28 (74 days),-1.0,61.0,nan,nan,nan,NEUTRAL,LOW,No special conditions,-1.0,-1.0,1.0,36,2026-11-05,,0
2026-09-30T16:41:29,2026-09-30,RL,HOLD,0,VWAP Trend,HIGH,6,83.32,nan,2.0,0.0,4.0,0.0,0.0,2026-10-02,2.9,8.48,70.0,6.79,41.2,74.63,-2.15,2.4,10,2026-06-12 to 2026-09-28 (74 days),-1.0,54.9,nan,nan,nan,NEUTRAL,LOW,Last surprise: +5.8%; Earnings conf adj: +1,-1.0,-1.0,1.0,36,2026-11-05,5.76,1
2026-09-30T16:41:29,2026-09-30,REGN,EXIT,-1,VWAP Trend,HIGH,6,83.12,nan,2.0,nan,4.0,nan,10.0,2026-10-08,2.54,5.38,100.0,138.05,55.94,-48.59,-4.09,8.2,5,2026-06-12 to 2026-09-28 (74 days),-1.0,37.7,nan,nan,nan,NEUTRAL,LOW,Last surprise: +40.0%; Earnings conf adj: +1,-1.0,-1.0,1.0,30,2026-10-30,39.96,1
2026-09-30T16:40:50,2026-09-30,GPC,HOLD,0,VWAP Trend,HIGH,5,81.46,nan,2.62,0.0,5.24,0.0,0.0,2026-10-03,2.65,9.07,85.7,60.3,101.49,-11.35,-6.54,3.0,7,2026-06-12 to 2026-09-28 (74 days),-1.0,42.5,nan,nan,nan,NEUTRAL,LOW,Strong trend (ADX=32); Last surprise: +3.4%,-1.0,-1.0,1.0,20,2026-10-20,3.37,0
2026-09-30T16:42:14,2026-09-30,CR,HOLD,0,VWAP Trend,HIGH,5,81.14,nan,2.0,0.0,4.0,0.0,0.0,2026-10-01,2.98,10.73,66.7,8.02,30.68,29.66,-1.36,1.9,9,2026-06-12 to 2026-09-28 (74 days),-1.0,54.9,nan,nan,nan,NEUTRAL,LOW,No special conditions,-1.0,-1.0,1.0,26,2026-10-26,,0
2026-09-30T16:42:43,2026-09-30,ST,HOLD,0,VWAP Trend,HIGH,5,80.61,nan,2.0,0.0,4.0,0.0,0.0,2026-10-01,1.6,2.81,77.8,4.36,24.59,71.96,-3.54,1.7,9,2026-06-12 to 2026-09-28 (74 days),-1.0,45.5,nan,nan,nan,NEUTRAL,LOW,No special conditions,-1.0,-1.0,1.0,27,2026-10-27,,0
2026-09-30T16:42:22,2026-09-30,VIAV,EXIT,-1,VWAP Trend,HIGH,5,78.51,nan,3.34,nan,6.68,nan,10.0,2026-10-02,3.21,7.44,63.6,5.85,243.16,303.59,-8.35,2.2,11,2026-06-12 to 2026-09-28 (74 days),-1.0,60.4,nan,nan,nan,NEUTRAL,LOW,No special conditions,-1.0,-1.0,1.0,28,2026-10-28,,0
2026-09-30T16:41:00,2026-09-30,JBHT,HOLD,0,VWAP Trend,HIGH,5,77.09,nan,2.0,0.0,4.0,0.0,0.0,2026-10-02,0.96,1.31,80.0,2.63,7.5,64.6,-4.0,2.6,10,2026-06-12 to 2026-09-28 (74 days),-1.0,28.4,nan,nan,nan,NEUTRAL,LOW,RSI oversold; Strong trend (ADX=50); Last surprise: +9.8%; Earnings conf adj: +1,-1.0,-1.0,1.0,15,2026-10-15,9.77,1
2026-09-30T16:42:39,2026-09-30,KEX,HOLD,0,Stochastic Oscillator,HIGH,5,73.69,nan,2.0,0.0,3.0,0.0,0.0,2026-10-11,3.08,6.33,100.0,156.75,64.37,90.08,-4.6,11.7,3,2026-06-12 to 2026-09-28 (74 days),-1.0,38.7,nan,nan,nan,NEUTRAL,LOW,Strong trend (ADX=44),-1.0,-1.0,1.0,28,2026-10-28,,0
2026-09-30T16:41:36,2026-09-30,SWKS,HOLD,0,VWAP Trend,HIGH,5,73.33,nan,6.7,0.0,13.4,0.0,0.0,2026-10-07,1.65,2.96,87.5,3.3,110.34,31.12,-16.75,7.9,8,2026-06-12 to 2026-09-28 (74 days),-1.0,59.6,nan,nan,nan,NEUTRAL,LOW,Strong trend (ADX=47); Last surprise: +4.9%,-1.0,-1.0,1.0,34,2026-11-03,4.85,0
2026-09-30T16:42:40,2026-09-30,FAF,EXIT,-1,VWAP Trend,HIGH,5,73.31,nan,2.0,nan,4.0,nan,10.0,2026-10-02,3.64,14.0,77.8,8.3,56.12,58.3,-2.7,2.4,9,2026-06-12 to 2026-09-28 (74 days),-1.0,30.6,nan,nan,nan,NEUTRAL,LOW,Strong trend (ADX=49),-1.0,-1.0,1.0,21,2026-10-21,,0
2026-09-30T16:41:38,2026-09-30,TEL,EXIT,-1,ADX Trend Following,HIGH,5,72.93,nan,2.0,nan,4.0,nan,10.0,2026-10-17,2.23,3.72,75.0,11.62,70.59,61.85,-4.97,17.2,4,2026-06-12 to 2026-09-28 (74 days),-1.0,57.2,nan,nan,nan,NEUTRAL,LOW,Strong trend (ADX=33); Last surprise: +3.5%,-1.0,-1.0,1.0,28,2026-10-28,3.52,0
2026-09-30T16:42:33,2026-09-30,ALV,HOLD,0,VWAP Trend,MEDIUM,2,72.8,nan,3.54,0.0,7.08,0.0,0.0,2026-10-01,-0.29,-0.37,66.7,0.95,-5.45,26.76,-8.84,1.6,9,2026-06-12 to 2026-09-28 (74 days),-1.0,40.4,nan,nan,nan,NEUTRAL,LOW,Strong trend (ADX=33),-1.0,-1.0,1.0,23,2026-10-23,,0
2026-09-30T16:43:03,2026-09-30,PVH,HOLD,0,VWAP Trend,HIGH,5,72.14,nan,2.0,0.0,4.0,0.0,0.0,2026-10-04,2.96,8.12,66.7,19.44,43.21,66.96,-2.12,4.3,6,2026-06-12 to 2026-09-28 (74 days),-1.0,52.2,nan,nan,nan,NEUTRAL,LOW,Strong trend (ADX=31),-1.0,-1.0,1.0,63,2026-12-02,,0
2026-09-30T16:43:12,2026-09-30,XLE,HOLD,0,MACD Crossover,HIGH,5,71.52,nan,2.0,0.0,4.0,0.0,0.0,2026-10-13,1.91,3.03,100.0,75.54,27.41,-8.65,-3.87,13.2,4,2026-06-12 to 2026-09-28 (74 days),-1.0,46.3,nan,nan,nan,NEUTRAL,LOW,Strong trend (ADX=31),-1.0,-1.0,1.0,-1,,,0
2026-09-30T16:42:55,2026-09-30,GEF,HOLD,0,ADX Trend Following,HIGH,5,71.5,nan,2.03,0.0,4.06,0.0,0.0,2026-10-25,4.18,8.88,100.0,297.0,150.33,55.53,-5.08,25.7,3,2026-06-12 to 2026-09-28 (74 days),-1.0,43.1,nan,nan,nan,NEUTRAL,LOW,No special conditions,-1.0,-1.0,1.0,34,2026-11-03,,0
2026-09-30T16:40:23,2026-09-30,CIEN,HOLD,0,VWAP Trend,HIGH,6,70.94,nan,2.0,0.0,4.0,0.0,0.0,2026-10-03,3.39,12.6,62.5,13.03,171.58,230.69,-3.26,3.4,8,2026-06-12 to 2026-09-28 (74 days),-1.0,44.3,nan,nan,nan,NEUTRAL,LOW,Last surprise: +22.0%; Earnings conf adj: +1,-1.0,-1.0,1.0,-27,2026-09-03,21.97,1
2026-09-30T16:41:10,2026-09-30,MCK,HOLD,0,VWAP Trend,HIGH,5,70.54,nan,2.0,0.0,4.0,0.0,0.0,2026-10-05,3.02,6.86,75.0,6.96,95.71,59.65,-3.25,5.4,8,2026-06-12 to 2026-09-28 (74 days),-1.0,42.0,nan,nan,nan,NEUTRAL,LOW,Last surprise: +4.1%,-1.0,-1.0,1.0,35,2026-11-04,4.09,0
2026-09-30T16:42:02,2026-09-30,RBC,HOLD,0,VWAP Trend,HIGH,6,70.3,nan,2.0,0.0,4.0,0.0,0.0,2026-10-02,1.76,3.29,80.0,3.1,26.82,73.1,-2.2,2.6,10,2026-06-12 to 2026-09-28 (74 days),-1.0,49.1,nan,nan,nan,NEUTRAL,LOW,Last surprise: +13.1%; Earnings conf adj: +1,-1.0,-1.0,1.0,30,2026-10-30,13.12,1
2026-09-30T16:42:03,2026-09-30,STRL,HOLD,0,VWAP Trend,HIGH,6,69.72,nan,2.0,0.0,4.0,0.0,0.0,2026-10-02,2.99,11.92,77.8,6.31,194.65,279.38,-4.63,2.1,9,2026-06-12 to 2026-09-28 (74 days),-1.0,46.4,nan,nan,nan,NEUTRAL,LOW,Last surprise: +12.0%; Earnings conf adj: +1,-1.0,-1.0,1.0,33,2026-11-02,11.97,1
2026-09-30T16:42:44,2026-09-30,QLYS,HOLD,0,VWAP Trend,HIGH,5,69.52,nan,3.18,0.0,6.36,0.0,0.0,2026-10-03,4.07,15.91,70.0,8.05,519.75,152.85,-7.94,3.2,10,2026-06-12 to 2026-09-28 (74 days),-1.0,48.8,nan,nan,nan,NEUTRAL,LOW,No special conditions,-1.0,-1.0,1.0,34,2026-11-03,,0
2026-09-30T16:43:00,2026-09-30,SYNA,HOLD,0,VWAP Trend,HIGH,5,69.26,nan,3.88,0.0,7.76,0.0,0.0,2026-10-03,1.29,2.01,71.4,2.39,39.55,106.61,-9.69,3.0,7,2026-06-12 to 2026-09-28 (74 days),-1.0,52.6,nan,nan,nan,NEUTRAL,LOW,No special conditions,-1.0,-1.0,1.0,36,2026-11-05,,0
2026-09-30T16:42:43,2026-09-30,CVLT,HOLD,0,VWAP Trend,HIGH,5,68.86,nan,2.0,0.0,4.0,0.0,0.0,2026-10-02,4.55,18.97,77.8,22.47,149.16,82.71,-1.9,2.8,9,2026-06-12 to 2026-09-28 (74 days),-1.0,58.5,nan,nan,nan,NEUTRAL,LOW,No special conditions,-1.0,-1.0,1.0,27,2026-10-27,,0
2026-09-30T16:42:26,2026-09-30,ARWR,HOLD,0,VWAP Trend,HIGH,5,67.42,nan,2.0,0.0,4.0,0.0,0.0,2026-10-03,2.44,5.52,62.5,3.5,51.06,87.14,-3.22,3.5,8,2026-06-12 to 2026-09-28 (74 days),-1.0,30.7,nan,nan,nan,NEUTRAL,LOW,Strong trend (ADX=41),-1.0,-1.0,1.0,55,2026-11-24,,0
2026-09-30T16:41:50,2026-09-30,WELL,HOLD,0,MACD Crossover,MEDIUM,3,66.4,nan,2.0,0.0,4.0,0.0,0.0,2026-10-04,0.78,1.45,100.0,13.89,3.46,-31.84,-2.2,4.3,3,2026-06-12 to 2026-09-28 (74 days),-1.0,47.9,nan,nan,nan,NEUTRAL,LOW,Last surprise: -16.9%; Earnings conf adj: -1,-1.0,-1.0,1.0,26,2026-10-26,-16.92,-1
2026-09-30T16:42:10,2026-09-30,COKE,EXIT,-1,ADX Trend Following,HIGH,5,66.29,nan,2.92,nan,5.84,nan,10.0,2026-10-22,1.89,2.98,100.0,138.3,56.66,45.29,-7.3,22.0,3,2026-06-12 to 2026-09-28 (74 days),-1.0,52.5,nan,nan,nan,NEUTRAL,LOW,No special conditions,-1.0,-1.0,1.0,28,2026-10-28,,0
2026-09-30T16:40:50,2026-09-30,GRMN,HOLD,0,VWAP Trend,HIGH,6,65.99,nan,2.16,0.0,4.32,0.0,0.0,2026-10-02,2.16,8.38,60.0,4.71,93.95,-19.28,-5.41,2.5,10,2026-06-12 to 2026-09-28 (74 days),-1.0,63.0,nan,nan,nan,NEUTRAL,LOW,Strong trend (ADX=33); Last surprise: +22.7%; Earnings conf adj: +1,-1.0,-1.0,1.0,28,2026-10-28,22.71,1
2026-09-30T16:40:39,2026-09-30,ETN,HOLD,0,VWAP Trend,HIGH,5,65.47,nan,2.91,0.0,5.82,0.0,0.0,2026-10-02,3.4,7.02,71.4,5.11,143.25,102.11,-7.28,2.9,7,2026-06-12 to 2026-09-28 (74 days),-1.0,54.7,nan,nan,nan,NEUTRAL,LOW,Last surprise: +2.3%,-1.0,-1.0,1.0,34,2026-11-03,2.27,0
2026-09-30T16:41:57,2026-09-30,RS,HOLD,0,VWAP Trend,HIGH,6,64.6,nan,2.86,0.0,5.72,0.0,0.0,2026-10-02,1.32,1.92,77.8,2.16,20.35,36.63,-7.15,2.9,9,2026-06-12 to 2026-09-28 (74 days),-1.0,48.9,nan,nan,nan,NEUTRAL,LOW,Last surprise: +14.6%; Earnings conf adj: +1,-1.0,-1.0,1.0,21,2026-10-21,14.63,1
2026-09-30T16:40:37,2026-09-30,EL,HOLD,0,VWAP Trend,HIGH,6,64.22,nan,2.35,0.0,4.7,0.0,0.0,2026-10-08,2.88,9.23,57.1,8.77,178.24,152.22,-5.87,8.0,7,2026-06-12 to 2026-09-28 (74 days),-1.0,48.7,nan,nan,nan,NEUTRAL,LOW,Last surprise: +21.9%; Earnings conf adj: +1,-1.0,-1.0,1.0,33,2026-11-02,21.88,1
2026-09-30T16:40:03,2026-09-30,AAPL,HOLD,0,VWAP Trend,HIGH,6,63.27,nan,2.0,0.0,4.0,0.0,0.0,2026-10-02,1.78,3.62,83.3,5.75,15.43,-53.17,-1.92,2.8,6,2026-06-12 to 2026-09-28 (74 days),-1.0,61.8,nan,nan,nan,NEUTRAL,LOW,Strong trend (ADX=34); Last surprise: +6.9%; Earnings conf adj: +1,-1.0,-1.0,1.0,29,2026-10-29,6.88,1
2026-09-30T16:41:12,2026-09-30,MMM,EXIT,-1,VWAP Trend,HIGH,5,62.66,nan,2.0,nan,4.0,nan,10.0,2026-10-01,1.0,1.83,55.6,1.67,11.1,-17.33,-4.13,1.9,9,2026-06-12 to 2026-09-28 (74 days),-1.0,50.7,nan,nan,nan,NEUTRAL,LOW,Strong trend (ADX=30); Last surprise: +6.7%; Earnings conf adj: +1,-1.0,-1.0,1.0,20,2026-10-20,6.67,1
2026-09-30T16:41:37,2026-09-30,TDY,HOLD,0,VWAP Trend,HIGH,6,61.87,nan,2.0,0.0,4.0,0.0,0.0,2026-10-02,1.89,4.43,66.7,3.65,20.37,28.5,-2.0,2.2,9,2026-06-12 to 2026-09-28 (74 days),-1.0,45.4,nan,nan,nan,NEUTRAL,LOW,Strong trend (ADX=30); Last surprise: +8.5%; Earnings conf adj: +1,-1.0,-1.0,1.0,21,2026-10-21,8.46,1
2026-09-30T16:40:38,2026-09-30,EMR,HOLD,0,VWAP Trend,HIGH,4,61.37,nan,2.56,0.0,5.12,0.0,0.0,2026-10-01,0.96,1.24,80.0,1.8,13.78,-33.12,-6.4,1.9,10,2026-06-12 to 2026-09-28 (74 days),-1.0,62.6,nan,nan,nan,NEUTRAL,LOW,Last surprise: +1.8%,-1.0,-1.0,1.0,35,2026-11-04,1.79,0
2026-09-30T16:41:31,2026-09-30,RSG,HOLD,0,VWAP Trend,HIGH,5,60.38,nan,2.89,0.0,5.78,0.0,0.0,2026-10-09,1.62,2.64,85.7,17.18,30.94,24.82,-7.23,9.7,7,2026-06-12 to 2026-09-28 (74 days),-1.0,38.6,nan,nan,nan,NEUTRAL,LOW,Strong trend (ADX=37); Last surprise: +1.6%,-1.0,-1.0,1.0,29,2026-10-29,1.65,0
2026-09-30T16:40:53,2026-09-30,HOOD,HOLD,0,VWAP Trend,HIGH,5,60.36,nan,3.16,0.0,6.32,0.0,0.0,2026-10-03,3.34,10.11,50.0,6.25,424.86,308.99,-7.89,3.9,10,2026-06-12 to 2026-09-28 (74 days),-1.0,53.9,nan,nan,nan,NEUTRAL,LOW,Last surprise: +44.2%; Earnings conf adj: +1,-1.0,-1.0,1.0,35,2026-11-04,44.19,1
2026-09-30T16:40:59,2026-09-30,ISRG,EXIT,-1,ADX Trend Following,HIGH,6,60.06,nan,3.26,nan,6.52,nan,10.0,2026-10-07,3.47,5.48,71.4,13.51,133.16,129.99,-8.16,7.1,7,2026-06-12 to 2026-09-28 (74 days),-1.0,69.6,nan,nan,nan,NEUTRAL,LOW,Strong trend (ADX=30); Last surprise: +12.0%; Earnings conf adj: +1,-1.0,-1.0,1.0,20,2026-10-20,12.0,1
2026-09-30T16:41:48,2026-09-30,VTRS,EXIT,-1,VWAP Trend,HIGH,6,59.76,nan,2.0,nan,4.0,nan,10.0,2026-10-02,1.91,3.78,63.6,2.68,20.81,-25.67,-3.63,2.3,11,2026-06-12 to 2026-09-28 (74 days),-1.0,73.5,nan,nan,nan,NEUTRAL,LOW,RSI overbought; Strong trend (ADX=40); Last surprise: +15.0%; Earnings conf adj: +1,-1.0,-1.0,1.0,36,2026-11-05,15.0,1
2026-09-30T16:40:28,2026-09-30,CRM,HOLD,0,VWAP Trend,HIGH,6,59.45,nan,3.88,0.0,7.76,0.0,0.0,2026-10-13,3.13,9.55,80.0,35.29,363.19,164.92,-9.7,13.4,5,2026-06-12 to 2026-09-28 (74 days),-1.0,45.5,nan,nan,nan,NEUTRAL,LOW,Strong trend (ADX=32); Last surprise: +80.4%; Earnings conf adj: +1,-1.0,-1.0,1.0,63,2026-12-02,80.43,1
2026-09-30T16:40:47,2026-09-30,GDDY,HOLD,0,VWAP Trend,HIGH,6,59.45,nan,4.15,0.0,8.3,0.0,0.0,2026-10-13,3.8,7.24,83.3,579.78,475.85,372.0,-10.37,13.7,6,2026-06-12 to 2026-09-28 (74 days),-1.0,45.2,nan,nan,nan,NEUTRAL,LOW,Last surprise: +8.3%; Earnings conf adj: +1,-1.0,-1.0,1.0,29,2026-10-29,8.28,1
2026-09-30T16:41:38,2026-09-30,TER,HOLD,0,VWAP Trend,HIGH,6,59.41,nan,3.52,0.0,7.04,0.0,0.0,2026-10-02,2.61,6.57,71.4,4.7,163.54,165.03,-8.8,2.1,7,2026-06-12 to 2026-09-28 (74 days),-1.0,58.8,nan,nan,nan,NEUTRAL,LOW,Last surprise: +20.5%; Earnings conf adj: +1,-1.0,-1.0,1.0,21,2026-10-21,20.49,1
2026-09-30T16:40:36,2026-09-30,DXCM,HOLD,0,VWAP Trend,HIGH,6,59.34,nan,2.34,0.0,4.68,0.0,0.0,2026-10-01,1.18,2.65,60.0,2.68,33.11,-28.93,-5.84,1.7,10,2026-06-12 to 2026-09-28 (74 days),-1.0,48.9,nan,nan,nan,NEUTRAL,LOW,Last surprise: +14.8%; Earnings conf adj: +1,-1.0,-1.0,1.0,29,2026-10-29,14.75,1
2026-09-30T16:41:09,2026-09-30,MAS,HOLD,0,VWAP Trend,MEDIUM,3,59.11,nan,5.0,0.0,10.0,0.0,0.0,2026-10-02,-0.46,-0.53,71.4,0.68,-13.02,9.87,-12.5,2.9,7,2026-06-12 to 2026-09-28 (74 days),-1.0,43.2,nan,nan,nan,NEUTRAL,LOW,Last surprise: +25.2%; Earnings conf adj: +1,-1.0,-1.0,1.0,28,2026-10-28,25.19,1
2026-09-30T16:41:24,2026-09-30,PGR,HOLD,0,Stochastic Oscillator,HIGH,5,58.68,nan,2.94,0.0,4.41,0.0,0.0,2026-10-20,1.47,2.41,100.0,84.29,27.94,16.54,-7.34,20.0,2,2026-06-12 to 2026-09-28 (74 days),-1.0,44.6,nan,nan,nan,NEUTRAL,LOW,Strong trend (ADX=33); Last surprise: +0.2%,-1.0,-1.0,1.0,14,2026-10-14,0.21,0
2026-09-30T16:41:10,2026-09-30,MCO,HOLD,0,VWAP Trend,HIGH,6,58.47,nan,3.82,0.0,7.64,0.0,0.0,2026-10-04,1.29,2.08,71.4,2.56,26.59,16.04,-9.55,4.9,7,2026-06-12 to 2026-09-28 (74 days),-1.0,38.6,nan,nan,nan,NEUTRAL,LOW,Last surprise: +10.1%; Earnings conf adj: +1,-1.0,-1.0,1.0,21,2026-10-21,10.12,1
2026-09-30T16:40:21,2026-09-30,CDW,HOLD,0,VWAP Trend,HIGH,5,57.86,nan,3.78,0.0,7.56,0.0,0.0,2026-10-07,2.29,3.9,75.0,3.35,108.31,111.5,-9.44,7.4,8,2026-06-12 to 2026-09-28 (74 days),-1.0,34.9,nan,nan,nan,NEUTRAL,LOW,Last surprise: +3.9%,-1.0,-1.0,1.0,34,2026-11-03,3.93,0
2026-09-30T16:43:00,2026-09-30,CBT,HOLD,0,VWAP Trend,HIGH,5,57.81,nan,2.0,0.0,4.0,0.0,0.0,2026-10-01,2.74,6.4,90.0,7.13,56.03,86.5,-3.68,1.7,10,2026-06-12 to 2026-09-28 (74 days),-1.0,41.3,nan,nan,nan,NEUTRAL,LOW,No special conditions,-1.0,-1.0,1.0,33,2026-11-02,,0
2026-09-30T16:40:11,2026-09-30,APH,HOLD,0,VWAP Trend,HIGH,6,57.58,nan,2.0,0.0,4.0,0.0,0.0,2026-10-02,2.53,5.53,75.0,4.2,56.72,16.11,-4.72,2.2,4,2026-06-12 to 2026-09-28 (74 days),-1.0,59.4,nan,nan,nan,NEUTRAL,LOW,Last surprise: +13.4%; Earnings conf adj: +1,-1.0,-1.0,1.0,28,2026-10-28,13.45,1
2026-09-30T16:41:48,2026-09-30,WAT,EXIT,-1,VWAP Trend,HIGH,5,57.16,nan,2.0,nan,4.0,nan,10.0,2026-10-02,3.39,10.76,70.0,5.81,41.03,-72.55,-1.41,2.0,10,2026-06-12 to 2026-09-28 (74 days),-1.0,68.6,nan,nan,nan,NEUTRAL,LOW,Strong trend (ADX=42); Last surprise: +1.3%,-1.0,-1.0,1.0,30,2026-10-30,1.33,0
2026-09-30T16:42:48,2026-09-30,VFC,BUY,1,VWAP Trend,MEDIUM,2,57.08,nan,6.44,nan,12.88,nan,0.0,2026-10-04,-1.09,-1.52,55.6,0.69,-21.24,27.67,-16.11,4.9,9,2026-06-12 to 2026-09-28 (74 days),0.313,61.4,nan,nan,nan,NEUTRAL,LOW,Strong trend (ADX=35),-1.0,-1.0,1.0,26,2026-10-26,,0
2026-09-30T16:41:16,2026-09-30,NEM,HOLD,0,VWAP Trend,HIGH,6,56.84,nan,2.66,0.0,5.32,0.0,0.0,2026-10-02,1.88,3.75,75.0,2.34,44.6,-22.44,-6.64,2.5,8,2026-06-12 to 2026-09-28 (74 days),-1.0,41.1,nan,nan,nan,NEUTRAL,LOW,Last surprise: +5.5%; Earnings conf adj: +1,-1.0,-1.0,1.0,22,2026-10-22,5.53,1
2026-09-30T16:41:13,2026-09-30,MRNA,HOLD,0,VWAP Trend,HIGH,5,56.26,nan,4.12,0.0,8.24,0.0,0.0,2026-10-03,2.92,6.53,88.9,5.83,353.76,-11041.42,-10.3,3.1,9,2026-06-12 to 2026-09-28 (74 days),-1.0,74.9,nan,nan,nan,NEUTRAL,LOW,RSI overbought; Strong trend (ADX=69); Last surprise: +4.4%,-1.0,-1.0,1.0,36,2026-11-05,4.37,0
2026-09-30T16:41:30,2026-09-30,ROST,HOLD,0,VWAP Trend,HIGH,5,56.1,nan,2.0,0.0,4.0,0.0,0.0,2026-10-02,0.61,1.1,80.0,8.85,6.31,9.97,-3.6,2.8,5,2026-06-12 to 2026-09-28 (74 days),-1.0,57.2,nan,nan,nan,NEUTRAL,LOW,Last surprise: +36.4%; Earnings conf adj: +1,-1.0,-1.0,1.0,50,2026-11-19,36.41,1
2026-09-30T16:42:22,2026-09-30,BIO,HOLD,0,VWAP Trend,HIGH,5,56.1,nan,2.0,0.0,4.0,0.0,0.0,2026-10-02,1.69,3.61,66.7,2.45,17.64,-143.71,-2.87,2.1,9,2026-06-12 to 2026-09-28 (74 days),-1.0,53.5,nan,nan,nan,NEUTRAL,LOW,No special conditions,-1.0,-1.0,1.0,29,2026-10-29,,0
2026-09-30T16:40:19,2026-09-30,CB,EXIT,-1,VWAP Trend,HIGH,6,55.87,nan,2.0,nan,4.0,nan,10.0,2026-10-02,1.79,4.05,63.6,2.46,17.38,12.86,-3.84,2.1,11,2026-06-12 to 2026-09-28 (74 days),-1.0,36.1,nan,nan,nan,NEUTRAL,LOW,Last surprise: +7.6%; Earnings conf adj: +1,-1.0,-1.0,1.0,20,2026-10-20,7.56,1
2026-09-30T16:40:52,2026-09-30,HLT,HOLD,0,Stochastic Oscillator,HIGH,4,55.83,nan,2.4,0.0,3.6,0.0,0.0,2026-10-29,0.95,1.55,100.0,46.27,15.49,38.74,-6.0,29.5,2,2026-06-12 to 2026-09-28 (74 days),-1.0,58.2,nan,nan,nan,NEUTRAL,LOW,Strong trend (ADX=36); Last surprise: +0.9%,-1.0,-1.0,1.0,27,2026-10-27,0.88,0
2026-09-30T16:42:33,2026-09-30,AVT,EXIT,-1,ADX Trend Following,HIGH,5,55.59,nan,2.9,nan,5.8,nan,10.0,2026-10-13,1.75,2.96,100.0,134.75,54.81,4.93,-7.26,13.2,4,2026-06-12 to 2026-09-28 (74 days),-1.0,63.5,nan,nan,nan,NEUTRAL,LOW,Strong trend (ADX=39),-1.0,-1.0,1.0,28,2026-10-28,,0
2026-09-30T16:42:34,2026-09-30,TKR,HOLD,0,VWAP Trend,HIGH,4,55.48,nan,2.0,0.0,4.0,0.0,0.0,2026-10-01,0.89,1.28,63.6,1.77,8.96,50.94,-3.34,1.5,11,2026-06-12 to 2026-09-28 (74 days),-1.0,40.0,nan,nan,nan,NEUTRAL,LOW,No special conditions,-1.0,-1.0,1.0,28,2026-10-28,,0
2026-09-30T16:41:15,2026-09-30,MTD,HOLD,0,VWAP Trend,HIGH,6,55.38,nan,2.0,0.0,4.0,0.0,0.0,2026-10-03,2.44,7.42,85.7,13.67,31.18,-162.07,-3.57,3.3,7,2026-06-12 to 2026-09-28 (74 days),-1.0,73.4,nan,nan,nan,NEUTRAL,LOW,RSI overbought; Strong trend (ADX=52); Last surprise: +6.1%; Earnings conf adj: +1,-1.0,-1.0,1.0,36,2026-11-05,6.11,1
2026-09-30T16:40:08,2026-09-30,AMD,HOLD,0,VWAP Trend,HIGH,5,55.19,nan,2.42,0.0,4.84,0.0,0.0,2026-10-02,2.92,8.2,75.0,5.67,173.76,92.38,-6.05,2.2,8,2026-06-12 to 2026-09-28 (74 days),-1.0,65.6,nan,nan,nan,NEUTRAL,LOW,Strong trend (ADX=46); Last surprise: +3.1%,-1.0,-1.0,1.0,34,2026-11-03,3.11,0
2026-09-30T16:40:02,2026-09-30,ABBV,HOLD,0,VWAP Trend,HIGH,5,53.67,nan,2.0,0.0,4.0,0.0,0.0,2026-10-03,2.88,10.97,75.0,18.29,39.18,-36.65,-1.94,3.2,4,2026-06-12 to 2026-09-28 (74 days),-1.0,61.5,nan,nan,nan,NEUTRAL,LOW,No special conditions,-1.0,-1.0,1.0,29,2026-10-29,,0
2026-09-30T16:42:08,2026-09-30,RNR,HOLD,0,EMA Crossover (9/21),HIGH,6,53.48,nan,2.28,0.0,4.56,0.0,0.0,2026-11-02,1.36,2.03,100.0,89.87,33.68,2.14,-5.69,33.3,3,2026-06-12 to 2026-09-28 (74 days),-1.0,47.7,nan,nan,nan,NEUTRAL,LOW,Last surprise: +10.0%; Earnings conf adj: +1,-1.0,-1.0,1.0,34,2026-11-03,9.96,1
2026-09-30T16:41:23,2026-09-30,PFE,HOLD,0,VWAP Trend,HIGH,5,53.46,nan,2.93,0.0,5.86,0.0,0.0,2026-10-04,0.89,1.38,66.7,1.92,10.35,-35.23,-7.32,4.2,9,2026-06-12 to 2026-09-28 (74 days),-1.0,67.0,nan,nan,nan,NEUTRAL,LOW,Last surprise: +13.2%; Earnings conf adj: +1,-1.0,-1.0,1.0,34,2026-11-03,13.24,1
2026-09-30T16:40:48,2026-09-30,GEV,HOLD,0,VWAP Trend,HIGH,4,53.18,nan,3.28,0.0,6.56,0.0,0.0,2026-10-03,1.62,2.62,75.0,6.77,53.85,50.28,-8.21,3.0,8,2026-06-12 to 2026-09-28 (74 days),-1.0,50.0,nan,nan,nan,NEUTRAL,LOW,Last surprise: -22.3%; Earnings conf adj: -1,-1.0,-1.0,1.0,28,2026-10-28,-22.33,-1
2026-09-30T16:41:25,2026-09-30,PM,HOLD,0,Stochastic Oscillator,HIGH,6,53.12,nan,2.0,0.0,3.0,0.0,0.0,2026-10-18,1.67,2.55,100.0,65.43,22.69,0.39,-3.79,18.0,2,2026-06-12 to 2026-09-28 (74 days),-1.0,57.4,nan,nan,nan,NEUTRAL,LOW,Last surprise: +7.3%; Earnings conf adj: +1,-1.0,-1.0,1.0,21,2026-10-21,7.32,1
2026-09-30T16:42:37,2026-09-30,SSD,HOLD,0,VWAP Trend,HIGH,5,53.08,nan,2.0,0.0,4.0,0.0,0.0,2026-10-02,1.92,4.77,66.7,3.38,24.16,52.86,-3.56,2.4,9,2026-06-12 to 2026-09-28 (74 days),-1.0,43.4,nan,nan,nan,NEUTRAL,LOW,No special conditions,-1.0,-1.0,1.0,26,2026-10-26,,0
2026-09-30T16:40:41,2026-09-30,FANG,HOLD,0,MACD Crossover,HIGH,5,52.56,nan,3.84,0.0,7.68,0.0,0.0,2026-10-14,0.64,0.93,100.0,37.31,12.43,22.6,-9.59,14.0,3,2026-06-12 to 2026-09-28 (74 days),-1.0,37.7,nan,nan,nan,NEUTRAL,LOW,Last surprise: +8.4%; Earnings conf adj: +1,-1.0,-1.0,1.0,33,2026-11-02,8.36,1
2026-09-30T16:42:29,2026-09-30,PBF,HOLD,0,Stochastic Oscillator,HIGH,5,52.48,nan,2.0,0.0,3.0,0.0,0.0,2026-10-06,4.29,16.55,100.0,365.85,202.55,-432.83,-3.02,6.3,3,2026-06-12 to 2026-09-28 (74 days),-1.0,53.6,nan,nan,nan,NEUTRAL,LOW,No special conditions,-1.0,-1.0,1.0,29,2026-10-29,,0
2026-09-30T16:41:08,2026-09-30,LYV,HOLD,0,MACD Crossover,HIGH,6,52.29,nan,2.0,0.0,4.0,0.0,0.0,2026-10-13,1.23,1.93,100.0,49.74,17.17,18.41,-4.57,13.0,3,2026-06-12 to 2026-09-28 (74 days),-1.0,46.0,nan,nan,nan,NEUTRAL,LOW,Last surprise: +84.2%; Earnings conf adj: +1,-1.0,-1.0,1.0,34,2026-11-03,84.21,1
2026-09-30T16:41:49,2026-09-30,WBD,HOLD,0,Stochastic Oscillator,HIGH,6,52.14,nan,2.0,0.0,3.0,0.0,0.0,2026-10-12,2.87,11.4,100.0,199.08,88.26,28.53,-3.55,12.3,3,2026-06-12 to 2026-09-28 (74 days),-1.0,75.7,nan,nan,nan,NEUTRAL,LOW,RSI overbought; Strong trend (ADX=47); Last surprise: +154.5%; Earnings conf adj: +1,-1.0,-1.0,1.0,36,2026-11-05,154.55,1
2026-09-30T16:41:54,2026-09-30,OKTA,EXIT,-1,ADX Trend Following,HIGH,6,51.41,nan,4.79,nan,9.58,nan,10.0,2026-10-22,2.15,4.02,100.0,279.96,140.68,-434.11,-11.98,22.0,3,2026-06-12 to 2026-09-28 (74 days),-1.0,65.2,nan,nan,nan,NEUTRAL,LOW,Strong trend (ADX=48); Last surprise: +9.4%; Earnings conf adj: +1,-1.0,-1.0,1.0,62,2026-12-01,9.38,1
2026-09-30T16:42:58,2026-09-30,OGS,BUY,1,ADX Trend Following,HIGH,5,50.94,nan,2.0,nan,4.0,nan,10.0,2026-10-11,1.01,1.64,100.0,38.64,12.57,34.98,-3.78,11.7,3,2026-06-12 to 2026-09-28 (74 days),0.365,23.0,nan,nan,nan,NEUTRAL,LOW,RSI oversold; Strong trend (ADX=66),-1.0,-1.0,1.0,33,2026-11-02,,0
2026-09-30T16:42:33,2026-09-30,AGCO,HOLD,0,Stochastic Oscillator,HIGH,4,50.75,nan,3.19,0.0,4.78,0.0,0.0,2026-10-13,0.91,1.52,100.0,47.69,14.38,-3.45,-7.98,13.5,2,2026-06-12 to 2026-09-28 (74 days),-1.0,49.1,nan,nan,nan,NEUTRAL,LOW,No special conditions,-1.0,-1.0,1.0,30,2026-10-30,,0
2026-09-30T16:41:16,2026-09-30,NDSN,HOLD,0,VWAP Trend,HIGH,4,50.42,nan,2.64,0.0,5.28,0.0,0.0,2026-10-02,0.97,2.52,50.0,2.09,16.61,-48.48,-6.59,2.9,8,2026-06-12 to 2026-09-28 (74 days),-1.0,67.6,nan,nan,nan,NEUTRAL,LOW,Strong trend (ADX=32); Last surprise: +5.2%; Earnings conf adj: +1,-1.0,-1.0,1.0,-42,2026-08-19,5.18,1
2026-09-30T16:41:15,2026-09-30,MU,HOLD,0,VWAP Trend,LOW,1,49.97,nan,2.72,0.0,4.08,0.0,0.0,2026-10-03,1.35,3.21,75.0,3.95,58.52,30.62,-6.79,3.0,4,2026-06-12 to 2026-09-28 (74 days),-1.0,58.4,nan,nan,nan,NEUTRAL,LOW,Strong trend (ADX=32); EARNINGS TODAY (2026-09-30); Last surprise: +21.4%; Earnings conf adj: -3,-1.0,-1.0,1.0,0,2026-09-30,21.36,-3
2026-09-30T16:40:08,2026-09-30,AMGN,HOLD,0,MACD Crossover,HIGH,5,49.62,nan,2.1,0.0,4.2,0.0,0.0,2026-10-19,2.73,6.3,100.0,165.54,68.59,-10.58,-5.24,19.3,3,2026-06-12 to 2026-09-28 (74 days),-1.0,58.3,nan,nan,nan,NEUTRAL,LOW,Strong trend (ADX=41); Last surprise: +11.9%; Earnings conf adj: +1,-1.0,-1.0,1.0,34,2026-11-03,11.92,1
2026-09-30T16:41:28,2026-09-30,QCOM,EXIT,-1,ADX Trend Following,HIGH,4,49.5,nan,2.91,nan,5.82,nan,10.0,2026-10-20,1.18,1.89,100.0,98.33,37.25,70.29,-7.27,20.5,2,2026-06-12 to 2026-09-28 (74 days),-1.0,54.6,nan,nan,nan,NEUTRAL,LOW,Last surprise: -0.9%,-1.0,-1.0,1.0,35,2026-11-04,-0.9,0
2026-09-30T16:42:12,2026-09-30,CORT,HOLD,0,EMA Crossover (9/21),HIGH,4,49.24,nan,2.0,0.0,4.0,0.0,0.0,2026-10-04,1.55,4.54,100.0,53.28,18.65,-196.63,-2.53,4.0,2,2026-06-12 to 2026-09-28 (74 days),-1.0,53.3,nan,nan,nan,NEUTRAL,LOW,No special conditions,-1.0,-1.0,1.0,35,2026-11-04,,0
2026-09-30T16:40:30,2026-09-30,CVS,HOLD,0,Stochastic Oscillator,MEDIUM,3,48.89,nan,2.0,0.0,3.0,0.0,0.0,2026-10-14,0.36,0.65,100.0,19.28,4.62,43.53,-4.38,14.5,2,2026-06-12 to 2026-09-28 (74 days),-1.0,37.3,nan,nan,nan,NEUTRAL,LOW,Strong trend (ADX=53); Last surprise: +39.5%; Earnings conf adj: +1,-1.0,-1.0,1.0,28,2026-10-28,39.46,1
2026-09-30T16:42:59,2026-09-30,LIVN,HOLD,0,VWAP Trend,LOW,0,48.85,nan,2.0,0.0,3.0,0.0,0.0,2026-10-01,-1.22,-1.32,44.4,0.58,-7.75,1.41,-4.41,1.8,9,2026-06-12 to 2026-09-28 (74 days),-1.0,44.3,nan,nan,nan,NEUTRAL,LOW,No special conditions,-1.0,-1.0,1.0,35,2026-11-04,,0
2026-09-30T16:41:06,2026-09-30,LLY,HOLD,0,VWAP Trend,HIGH,5,48.75,nan,2.23,0.0,4.46,0.0,0.0,2026-10-02,1.38,2.85,80.0,3.34,19.9,2.64,-5.58,2.8,5,2026-06-12 to 2026-09-28 (74 days),-1.0,56.1,nan,nan,nan,NEUTRAL,LOW,Strong trend (ADX=35); Last surprise: +27.4%; Earnings conf adj: +1,-1.0,-1.0,1.0,29,2026-10-29,27.36,1
2026-09-30T16:42:18,2026-09-30,RMBS,HOLD,0,MACD Crossover,MEDIUM,3,48.71,nan,7.3,0.0,14.6,0.0,0.0,2026-10-11,0.88,1.4,75.0,2.29,31.95,103.22,-18.26,11.2,4,2026-06-12 to 2026-09-28 (74 days),-1.0,60.5,nan,nan,nan,NEUTRAL,LOW,Strong trend (ADX=43),-1.0,-1.0,1.0,26,2026-10-26,,0
2026-09-30T16:42:09,2026-09-30,VICR,HOLD,0,VWAP Trend,HIGH,5,48.7,nan,6.35,0.0,12.7,0.0,0.0,2026-10-02,1.63,3.04,63.6,1.91,130.18,149.85,-15.88,2.5,11,2026-06-12 to 2026-09-28 (74 days),-1.0,71.1,nan,nan,nan,NEUTRAL,LOW,RSI overbought; Strong trend (ADX=54); Last surprise: +71.2%; Earnings conf adj: +1,-1.0,-1.0,1.0,20,2026-10-20,71.21,1
2026-09-30T16:41:33,2026-09-30,SNDK,HOLD,0,VWAP Trend,HIGH,5,48.63,nan,3.68,0.0,7.36,0.0,0.0,2026-10-02,2.84,7.26,77.8,8.09,519.68,559.05,-9.21,2.8,9,2026-06-12 to 2026-09-28 (74 days),-1.0,53.3,nan,nan,nan,NEUTRAL,LOW,Last surprise: +13.7%; Earnings conf adj: +1,-1.0,-1.0,1.0,29,2026-10-29,13.7,1
2026-09-30T16:41:53,2026-09-30,ZBRA,HOLD,0,VWAP Trend,HIGH,5,48.59,nan,2.56,0.0,5.12,0.0,0.0,2026-10-09,2.79,14.37,100.0,436.84,287.03,-150.81,-6.41,9.2,4,2026-06-12 to 2026-09-28 (74 days),-1.0,62.7,nan,nan,nan,NEUTRAL,LOW,Strong trend (ADX=33); Last surprise: +45.0%; Earnings conf adj: +1,-1.0,-1.0,1.0,34,2026-11-03,44.98,1
2026-09-30T16:42:52,2026-09-30,SBRA,HOLD,0,Stochastic Oscillator,MEDIUM,3,48.54,nan,2.0,0.0,3.0,0.0,0.0,2026-10-15,0.66,1.23,100.0,24.69,5.1,-22.92,-2.95,15.5,2,2026-06-12 to 2026-09-28 (74 days),-1.0,39.8,nan,nan,nan,NEUTRAL,LOW,Strong trend (ADX=32),-1.0,-1.0,1.0,35,2026-11-04,,0
2026-09-30T16:42:45,2026-09-30,M,BUY,1,ADX Trend Following,MEDIUM,3,48.38,nan,2.0,nan,4.0,nan,10.0,2026-10-06,0.64,0.95,66.7,1.92,6.33,30.85,-4.17,6.7,3,2026-06-12 to 2026-09-28 (74 days),0.425,55.2,nan,nan,nan,NEUTRAL,LOW,No special conditions,-1.0,-1.0,1.0,63,2026-12-02,,0
2026-09-30T16:42:42,2026-09-30,CLF,EXIT,-1,VWAP Trend,HIGH,4,48.07,nan,3.86,nan,7.72,nan,10.0,2026-10-04,1.68,3.68,71.4,2.8,90.01,140.82,-9.66,4.6,7,2026-06-12 to 2026-09-28 (74 days),-1.0,41.8,nan,nan,nan,NEUTRAL,LOW,No special conditions,-1.0,-1.0,1.0,19,2026-10-19,,0
2026-09-30T16:41:09,2026-09-30,LYB,BUY,1,ADX Trend Following,HIGH,5,48.06,nan,2.88,nan,5.76,nan,10.0,2026-10-17,1.73,2.83,100.0,95.24,36.01,63.36,-7.2,17.0,2,2026-06-12 to 2026-09-28 (74 days),0.694,36.3,nan,nan,nan,NEUTRAL,LOW,Strong trend (ADX=37); Last surprise: +25.7%; Earnings conf adj: +1,-1.0,-1.0,1.0,30,2026-10-30,25.73,1
2026-09-30T16:42:52,2026-09-30,OLLI,HOLD,0,MACD Crossover,HIGH,4,47.88,nan,3.38,0.0,6.76,0.0,0.0,2026-10-20,3.65,6.77,100.0,278.34,143.05,133.27,-8.44,20.5,2,2026-06-12 to 2026-09-28 (74 days),-1.0,67.4,nan,nan,nan,NEUTRAL,LOW,Strong trend (ADX=44),-1.0,-1.0,1.0,-1,,,0
2026-09-30T16:41:27,2026-09-30,PSX,EXIT,-1,ADX Trend Following,HIGH,5,47.76,nan,3.05,nan,6.1,nan,10.0,2026-10-30,4.14,7.7,100.0,344.17,197.66,-38.2,-7.63,30.3,3,2026-06-12 to 2026-09-28 (74 days),-1.0,52.5,nan,nan,nan,NEUTRAL,LOW,Strong trend (ADX=35); Last surprise: +25.5%; Earnings conf adj: +1,-1.0,-1.0,1.0,28,2026-10-28,25.47,1
2026-09-30T16:42:00,2026-09-30,LSCC,HOLD,0,VWAP Trend,HIGH,5,47.73,nan,2.86,0.0,5.72,0.0,0.0,2026-10-01,1.74,3.46,75.0,2.8,52.17,93.19,-7.15,1.9,8,2026-06-12 to 2026-09-28 (74 days),-1.0,56.2,nan,nan,nan,NEUTRAL,LOW,Last surprise: +17.8%; Earnings conf adj: +1,-1.0,-1.0,1.0,33,2026-11-02,17.78,1
2026-09-30T16:40:28,2026-09-30,CPAY,BUY,1,ADX Trend Following,HIGH,5,47.28,nan,2.24,nan,4.48,nan,10.0,2026-10-16,2.32,4.2,100.0,124.89,50.1,5.54,-5.59,16.5,4,2026-06-12 to 2026-09-28 (74 days),0.401,44.7,nan,nan,nan,NEUTRAL,LOW,Strong trend (ADX=35); Last surprise: +6.4%; Earnings conf adj: +1,-1.0,-1.0,1.0,35,2026-11-04,6.38,1
2026-09-30T16:40:42,2026-09-30,FAST,HOLD,0,Stochastic Oscillator,HIGH,4,47.28,nan,2.0,0.0,3.0,0.0,0.0,2026-10-22,4.84,11.78,100.0,208.48,92.55,57.85,-2.99,22.0,2,2026-06-12 to 2026-09-28 (74 days),-1.0,56.5,nan,nan,nan,NEUTRAL,LOW,Last surprise: +0.0%,-1.0,-1.0,1.0,14,2026-10-14,0.0,0
2026-09-30T16:42:19,2026-09-30,EGP,HOLD,0,MACD Crossover,MEDIUM,3,47.19,nan,2.55,0.0,5.1,0.0,0.0,2026-10-12,0.78,1.29,75.0,2.56,11.64,13.85,-6.38,12.8,4,2026-06-12 to 2026-09-28 (74 days),-1.0,53.6,nan,nan,nan,NEUTRAL,LOW,Strong trend (ADX=32),-1.0,-1.0,1.0,21,2026-10-21,,0
2026-09-30T16:40:20,2026-09-30,CDNS,HOLD,0,VWAP Trend,HIGH,4,47.02,nan,3.07,0.0,6.14,0.0,0.0,2026-10-02,1.48,2.47,63.6,2.25,34.78,78.03,-7.68,2.9,11,2026-06-12 to 2026-09-28 (74 days),-1.0,61.5,nan,nan,nan,NEUTRAL,LOW,Strong trend (ADX=41); Last surprise: +2.4%,-1.0,-1.0,1.0,26,2026-10-26,2.43,0
2026-09-30T16:41:02,2026-09-30,KDP,HOLD,0,Stochastic Oscillator,HIGH,4,46.24,nan,3.03,0.0,4.54,0.0,0.0,2026-10-26,0.98,1.61,100.0,61.45,20.43,18.19,-7.57,26.0,2,2026-06-12 to 2026-09-28 (74 days),-1.0,51.4,nan,nan,nan,NEUTRAL,LOW,Last surprise: +5.6%; Earnings conf adj: +1,-1.0,-1.0,1.0,26,2026-10-26,5.56,1
2026-09-30T16:40:33,2026-09-30,DIS,HOLD,0,ADX Trend Following,HIGH,5,46.05,nan,2.76,0.0,5.52,0.0,0.0,2026-10-18,2.31,3.82,75.0,19.6,62.6,38.89,-6.9,18.5,4,2026-06-12 to 2026-09-28 (74 days),-1.0,51.1,nan,nan,nan,NEUTRAL,LOW,Last surprise: +11.4%; Earnings conf adj: +1,-1.0,-1.0,1.0,43,2026-11-12,11.35,1
2026-09-30T16:40:08,2026-09-30,AME,HOLD,0,MACD Crossover,HIGH,5,46.03,nan,2.76,0.0,5.52,0.0,0.0,2026-10-19,1.01,1.52,100.0,52.77,18.34,-25.64,-6.9,19.0,3,2026-06-12 to 2026-09-28 (74 days),-1.0,64.3,nan,nan,nan,NEUTRAL,LOW,Last surprise: +5.0%; Earnings conf adj: +1,-1.0,-1.0,1.0,29,2026-10-29,5.03,1
2026-09-30T16:41:11,2026-09-30,META,HOLD,0,VWAP Trend,MEDIUM,3,45.83,nan,3.7,0.0,7.4,0.0,0.0,2026-10-06,2.24,3.94,75.0,3.21,109.69,-15.02,-9.26,6.9,8,2026-06-12 to 2026-09-28 (74 days),-1.0,61.0,nan,nan,nan,NEUTRAL,LOW,Strong trend (ADX=66); Last surprise: -14.4%; Earnings conf adj: -1,-1.0,-1.0,1.0,28,2026-10-28,-14.4,-1
2026-09-30T16:42:05,2026-09-30,EXEL,HOLD,0,VWAP Trend,HIGH,4,45.76,nan,2.8,0.0,5.6,0.0,0.0,2026-10-02,1.2,1.96,83.3,2.38,15.52,-22.84,-7.01,2.2,6,2026-06-12 to 2026-09-28 (74 days),-1.0,56.9,nan,nan,nan,NEUTRAL,LOW,Last surprise: +4.6%,-1.0,-1.0,1.0,27,2026-10-27,4.6,0
2026-09-30T16:42:01,2026-09-30,BURL,HOLD,0,MACD Crossover,HIGH,5,45.57,nan,2.39,0.0,4.78,0.0,0.0,2026-10-17,1.1,1.73,100.0,59.44,21.12,77.36,-5.98,17.0,2,2026-06-12 to 2026-09-28 (74 days),-1.0,48.6,nan,nan,nan,NEUTRAL,LOW,Strong trend (ADX=38); Last surprise: +35.2%; Earnings conf adj: +1,-1.0,-1.0,1.0,58,2026-11-27,35.16,1
2026-09-30T16:40:32,2026-09-30,DASH,BUY,1,VWAP Trend,HIGH,4,45.21,nan,5.3,nan,10.6,nan,10.0,2026-10-07,1.95,3.12,71.4,3.55,63.64,-15.87,-13.26,7.4,7,2026-06-12 to 2026-09-28 (74 days),0.548,29.8,nan,nan,nan,NEUTRAL,LOW,RSI oversold; Strong trend (ADX=37); Last surprise: -2.1%,-1.0,-1.0,1.0,35,2026-11-04,-2.13,0
2026-09-30T16:41:35,2026-09-30,STLD,HOLD,0,VWAP Trend,MEDIUM,3,45.18,nan,2.0,0.0,4.0,0.0,0.0,2026-10-01,1.51,2.85,44.4,1.92,24.21,74.51,-4.86,1.7,9,2026-06-12 to 2026-09-28 (74 days),-1.0,42.3,nan,nan,nan,NEUTRAL,LOW,Last surprise: +0.5%,-1.0,-1.0,1.0,19,2026-10-19,0.54,0
2026-09-30T16:40:11,2026-09-30,ARE,HOLD,0,Stochastic Oscillator,HIGH,5,44.74,nan,3.05,0.0,4.57,0.0,0.0,2026-10-14,2.41,6.47,100.0,188.6,82.96,105.93,-7.63,14.0,2,2026-06-12 to 2026-09-28 (74 days),-1.0,39.9,nan,nan,nan,NEUTRAL,LOW,Last surprise: +25.0%; Earnings conf adj: +1,-1.0,-1.0,1.0,26,2026-10-26,25.0,1
2026-09-30T16:41:56,2026-09-30,THC,HOLD,0,VWAP Trend,HIGH,5,44.64,nan,2.0,0.0,4.0,0.0,0.0,2026-10-04,3.89,16.3,83.3,64.34,139.39,-144.73,-4.48,4.3,6,2026-06-12 to 2026-09-28 (74 days),-1.0,48.4,nan,nan,nan,NEUTRAL,LOW,Last surprise: +43.7%; Earnings conf adj: +1,-1.0,-1.0,1.0,27,2026-10-27,43.66,1
2026-09-30T16:41:59,2026-09-30,WCC,HOLD,0,Stochastic Oscillator,HIGH,5,44.57,nan,3.62,0.0,5.43,0.0,0.0,2026-10-26,2.79,5.09,100.0,295.64,152.77,133.2,-9.05,26.0,2,2026-06-12 to 2026-09-28 (74 days),-1.0,57.7,nan,nan,nan,NEUTRAL,LOW,Strong trend (ADX=31); Last surprise: +15.1%; Earnings conf adj: +1,-1.0,-1.0,1.0,29,2026-10-29,15.11,1
2026-09-30T16:41:02,2026-09-30,KEYS,HOLD,0,Stochastic Oscillator,HIGH,5,44.19,nan,3.83,0.0,5.74,0.0,0.0,2026-10-30,2.61,4.27,100.0,226.18,105.04,95.82,-9.57,30.5,2,2026-06-12 to 2026-09-28 (74 days),-1.0,64.4,nan,nan,nan,NEUTRAL,LOW,Strong trend (ADX=37); Last surprise: +23.8%; Earnings conf adj: +1,-1.0,-1.0,1.0,55,2026-11-24,23.79,1
2026-09-30T16:41:48,2026-09-30,WAB,HOLD,0,Stochastic Oscillator,HIGH,5,44.0,nan,2.0,0.0,3.0,0.0,0.0,2026-10-21,3.07,11.08,100.0,207.93,91.31,50.78,-2.84,21.5,2,2026-06-12 to 2026-09-28 (74 days),-1.0,58.1,nan,nan,nan,NEUTRAL,LOW,Strong trend (ADX=31); Last surprise: +5.7%; Earnings conf adj: +1,-1.0,-1.0,1.0,21,2026-10-21,5.75,1
2026-09-30T16:41:19,2026-09-30,NWS,HOLD,0,MACD Crossover,HIGH,5,43.98,nan,3.58,0.0,7.16,0.0,0.0,2026-10-17,1.43,2.09,100.0,82.05,30.62,-10.6,-8.95,17.0,3,2026-06-12 to 2026-09-28 (74 days),-1.0,44.3,nan,nan,nan,NEUTRAL,LOW,Strong trend (ADX=36); Last surprise: +52.2%; Earnings conf adj: +1,-1.0,-1.0,1.0,36,2026-11-05,52.17,1
2026-09-30T16:42:34,2026-09-30,GAP,EXIT,-1,VWAP Trend,HIGH,4,43.6,nan,4.04,nan,8.08,nan,10.0,2026-10-16,2.38,4.17,80.0,14.85,94.29,72.75,-10.11,16.0,5,2026-06-12 to 2026-09-28 (74 days),-1.0,63.3,nan,nan,nan,NEUTRAL,LOW,No special conditions,-1.0,-1.0,1.0,50,2026-11-19,,0
2026-09-30T16:40:43,2026-09-30,FFIV,EXIT,-1,ADX Trend Following,HIGH,5,43.5,nan,3.35,nan,6.7,nan,10.0,2026-10-12,1.87,3.17,60.0,4.05,62.87,24.15,-8.38,12.0,5,2026-06-12 to 2026-09-28 (74 days),-1.0,57.0,nan,nan,nan,NEUTRAL,LOW,Strong trend (ADX=46); Last surprise: +18.3%; Earnings conf adj: +1,-1.0,-1.0,1.0,26,2026-10-26,18.25,1
2026-09-30T16:41:39,2026-09-30,TMO,HOLD,0,Momentum (Rate of Change),HIGH,5,43.33,nan,2.1,0.0,4.2,0.0,0.0,2026-11-11,3.12,7.35,100.0,240.55,113.33,-145.94,-5.24,42.0,2,2026-06-12 to 2026-09-28 (74 days),-1.0,73.6,nan,nan,nan,NEUTRAL,LOW,RSI overbought; Strong trend (ADX=58); Last surprise: +5.6%; Earnings conf adj: +1,-1.0,-1.0,1.0,21,2026-10-21,5.6,1
2026-09-30T16:41:26,2026-09-30,PNR,HOLD,0,MACD Crossover,MEDIUM,2,43.28,nan,3.63,0.0,7.26,0.0,0.0,2026-10-10,0.3,0.42,100.0,12.17,3.21,70.77,-9.08,10.0,2,2026-06-12 to 2026-09-28 (74 days),-1.0,22.9,nan,nan,nan,NEUTRAL,LOW,RSI oversold; Strong trend (ADX=49); Last surprise: -0.9%,-1.0,-1.0,1.0,20,2026-10-20,-0.87,0
2026-09-30T16:40:58,2026-09-30,INTU,BUY,1,ADX Trend Following,HIGH,5,43.05,nan,4.1,nan,8.2,nan,10.0,2026-11-03,2.09,3.68,100.0,235.58,108.04,115.49,-10.24,34.0,2,2026-06-12 to 2026-09-28 (74 days),0.25,27.8,nan,nan,nan,NEUTRAL,LOW,RSI oversold; Strong trend (ADX=40); Last surprise: +12.3%; Earnings conf adj: +1,-1.0,-1.0,1.0,50,2026-11-19,12.26,1
2026-09-30T16:41:05,2026-09-30,LH,HOLD,0,VWAP Trend,HIGH,4,42.85,nan,2.0,0.0,4.0,0.0,0.0,2026-10-03,4.72,11.04,77.8,7.52,113.19,43.47,-3.96,3.3,9,2026-06-12 to 2026-09-28 (74 days),-1.0,42.1,nan,nan,nan,NEUTRAL,LOW,Last surprise: +4.6%,-1.0,-1.0,1.0,28,2026-10-28,4.61,0
2026-09-30T16:41:56,2026-09-30,MTSI,HOLD,0,ADX Trend Following,MEDIUM,2,42.64,nan,6.5,0.0,13.0,0.0,0.0,2026-10-12,0.45,0.57,100.0,31.09,9.7,75.43,-16.25,12.0,2,2026-06-12 to 2026-09-28 (74 days),-1.0,52.1,nan,nan,nan,NEUTRAL,LOW,Last surprise: +3.7%,-1.0,-1.0,1.0,36,2026-11-05,3.7,0
2026-09-30T16:40:49,2026-09-30,GM,HOLD,0,EMA Crossover (9/21),HIGH,5,42.46,nan,2.92,0.0,5.84,0.0,0.0,2026-10-29,1.5,2.58,100.0,95.27,36.13,39.04,-7.3,29.5,2,2026-06-12 to 2026-09-28 (74 days),-1.0,41.2,nan,nan,nan,NEUTRAL,LOW,Strong trend (ADX=33); Last surprise: +11.9%; Earnings conf adj: +1,-1.0,-1.0,1.0,20,2026-10-20,11.91,1
2026-09-30T16:42:54,2026-09-30,GHC,HOLD,0,Momentum (Rate of Change),MEDIUM,3,42.4,nan,2.04,0.0,4.08,0.0,0.0,2026-11-03,0.89,1.38,100.0,55.81,14.99,24.18,-5.11,34.5,2,2026-06-12 to 2026-09-28 (74 days),-1.0,47.2,nan,nan,nan,NEUTRAL,LOW,No special conditions,-1.0,-1.0,1.0,28,2026-10-28,,0
2026-09-30T16:42:19,2026-09-30,LFUS,HOLD,0,Stochastic Oscillator,HIGH,4,42.27,nan,3.39,0.0,5.08,0.0,0.0,2026-10-31,2.29,3.62,100.0,215.64,97.4,124.96,-8.47,31.5,2,2026-06-12 to 2026-09-28 (74 days),-1.0,56.2,nan,nan,nan,NEUTRAL,LOW,No special conditions,-1.0,-1.0,1.0,28,2026-10-28,,0
2026-09-30T16:40:17,2026-09-30,BSX,HOLD,0,MACD Crossover,HIGH,4,42.13,nan,2.36,0.0,4.72,0.0,0.0,2026-11-01,1.68,2.58,100.0,123.78,48.2,67.34,-5.89,32.5,2,2026-06-12 to 2026-09-28 (74 days),-1.0,42.7,nan,nan,nan,NEUTRAL,LOW,Last surprise: +3.6%,-1.0,-1.0,1.0,28,2026-10-28,3.61,0
2026-09-30T16:41:46,2026-09-30,VLO,HOLD,0,MACD Crossover,HIGH,5,42.11,nan,3.66,0.0,7.32,0.0,0.0,2026-10-21,2.01,3.48,100.0,165.76,69.82,-246.76,-9.15,21.7,3,2026-06-12 to 2026-09-28 (74 days),-1.0,59.4,nan,nan,nan,NEUTRAL,LOW,Strong trend (ADX=34); Last surprise: +23.8%; Earnings conf adj: +1,-1.0,-1.0,1.0,22,2026-10-22,23.79,1
2026-09-30T16:42:31,2026-09-30,BAH,HOLD,0,Stochastic Oscillator,HIGH,4,41.75,nan,2.67,0.0,4.0,0.0,0.0,2026-11-03,2.32,4.52,100.0,244.07,111.06,137.64,-6.67,34.0,2,2026-06-12 to 2026-09-28 (74 days),-1.0,36.4,nan,nan,nan,NEUTRAL,LOW,Strong trend (ADX=30),-1.0,-1.0,1.0,23,2026-10-23,,0
2026-09-30T16:42:14,2026-09-30,WTS,HOLD,0,VWAP Trend,HIGH,4,41.58,nan,2.0,0.0,4.0,0.0,0.0,2026-10-02,2.12,6.39,71.4,6.91,50.98,21.96,-2.65,2.4,7,2026-06-12 to 2026-09-28 (74 days),-1.0,50.5,nan,nan,nan,NEUTRAL,LOW,No special conditions,-1.0,-1.0,1.0,28,2026-10-28,,0
2026-09-30T16:42:13,2026-09-30,EHC,HOLD,0,Stochastic Oscillator,HIGH,4,41.51,nan,2.0,0.0,3.0,0.0,0.0,2026-10-22,3.18,7.87,100.0,156.86,60.42,-40.8,-2.47,22.5,2,2026-06-12 to 2026-09-28 (74 days),-1.0,60.3,nan,nan,nan,NEUTRAL,LOW,No special conditions,-1.0,-1.0,1.0,28,2026-10-28,,0
2026-09-30T16:41:09,2026-09-30,MAR,HOLD,0,Stochastic Oscillator,MEDIUM,3,41.46,nan,2.0,0.0,3.0,0.0,0.0,2026-10-26,0.99,1.43,100.0,45.54,15.4,47.85,-4.7,26.0,2,2026-06-12 to 2026-09-28 (74 days),-1.0,62.9,nan,nan,nan,NEUTRAL,LOW,Strong trend (ADX=33); Last surprise: +3.6%,-1.0,-1.0,1.0,34,2026-11-03,3.57,0
2026-09-30T16:40:03,2026-09-30,A,HOLD,0,Stochastic Oscillator,HIGH,5,41.42,nan,2.0,0.0,3.0,0.0,0.0,2026-10-23,3.83,8.43,100.0,249.58,116.6,-66.65,-4.92,23.5,2,2026-06-12 to 2026-09-28 (74 days),-1.0,76.8,nan,nan,nan,NEUTRAL,LOW,RSI overbought; Strong trend (ADX=56); Last surprise: +8.7%; Earnings conf adj: +1,-1.0,-1.0,1.0,56,2026-11-25,8.72,1
2026-09-30T16:41:54,2026-09-30,NVT,HOLD,0,VWAP Trend,HIGH,5,41.34,nan,3.68,0.0,7.36,0.0,0.0,2026-10-02,2.12,3.57,66.7,2.82,76.2,86.47,-9.2,2.0,9,2026-06-12 to 2026-09-28 (74 days),-1.0,53.3,nan,nan,nan,NEUTRAL,LOW,Last surprise: +25.0%; Earnings conf adj: +1,-1.0,-1.0,1.0,30,2026-10-30,25.0,1
2026-09-30T16:40:46,2026-09-30,FSLR,BUY,1,SMA Crossover (10/50),HIGH,5,41.17,nan,2.0,nan,4.0,nan,10.0,2026-10-02,2.36,23.36,100.0,19.89,6.29,84.04,-0.2,2.0,1,2026-06-12 to 2026-09-28 (74 days),0.389,33.2,nan,nan,nan,NEUTRAL,LOW,Strong trend (ADX=42); Last surprise: +36.1%; Earnings conf adj: +1,-1.0,-1.0,1.0,29,2026-10-29,36.11,1
2026-09-30T16:42:37,2026-09-30,MORN,HOLD,0,VWAP Trend,HIGH,4,41.17,nan,2.0,0.0,4.0,0.0,0.0,2026-10-09,3.97,9.51,57.1,7.95,257.16,219.69,-4.72,9.4,7,2026-06-12 to 2026-09-28 (74 days),-1.0,40.1,nan,nan,nan,NEUTRAL,LOW,No special conditions,-1.0,-1.0,1.0,28,2026-10-28,,0
2026-09-30T16:42:48,2026-09-30,VAL,HOLD,0,EMA Crossover (9/21),MEDIUM,3,41.16,nan,4.86,0.0,9.72,0.0,0.0,2026-10-18,0.55,1.0,100.0,33.02,11.22,45.59,-12.16,18.0,2,2026-06-12 to 2026-09-28 (74 days),-1.0,41.2,nan,nan,nan,NEUTRAL,LOW,No special conditions,-1.0,-1.0,1.0,28,2026-10-28,,0
2026-09-30T16:40:29,2026-09-30,CTAS,HOLD,0,Stochastic Oscillator,HIGH,4,41.14,nan,2.0,0.0,3.0,0.0,0.0,2026-10-11,1.93,4.1,100.0,80.6,26.82,-30.76,-3.15,11.0,2,2026-06-12 to 2026-09-28 (74 days),-1.0,52.4,nan,nan,nan,NEUTRAL,LOW,Last surprise: +0.0%,-1.0,-1.0,1.0,78,2026-12-17,0.0,0
2026-09-30T16:41:32,2026-09-30,SHW,HOLD,0,MACD Crossover,HIGH,4,41.11,nan,2.72,0.0,5.44,0.0,0.0,2026-10-12,0.99,1.73,100.0,40.71,13.61,-5.22,-6.8,12.0,2,2026-06-12 to 2026-09-28 (74 days),-1.0,52.2,nan,nan,nan,NEUTRAL,LOW,Last surprise: +5.1%; Earnings conf adj: +1,-1.0,-1.0,1.0,27,2026-10-27,5.11,1
2026-09-30T16:42:10,2026-09-30,RPM,HOLD,0,MACD Crossover,MEDIUM,3,41.09,nan,2.4,0.0,4.8,0.0,0.0,2026-10-13,0.86,1.57,100.0,38.89,13.01,31.96,-5.99,13.0,2,2026-06-12 to 2026-09-28 (74 days),-1.0,42.9,nan,nan,nan,NEUTRAL,LOW,No special conditions,-1.0,-1.0,1.0,6,2026-10-06,,0
2026-09-30T16:43:11,2026-09-30,USO,HOLD,0,MACD Crossover,HIGH,4,41.05,nan,7.12,0.0,14.24,0.0,0.0,2026-10-20,1.1,1.66,100.0,112.52,44.73,-40.75,-17.81,20.7,3,2026-06-12 to 2026-09-28 (74 days),-1.0,55.6,nan,nan,nan,NEUTRAL,LOW,No special conditions,-1.0,-1.0,1.0,-1,,,0
2026-09-30T16:40:49,2026-09-30,GNRC,HOLD,0,Stochastic Oscillator,HIGH,5,41.03,nan,4.46,0.0,6.69,0.0,0.0,2026-10-27,1.26,3.01,100.0,151.46,61.52,118.7,-11.16,27.5,2,2026-06-12 to 2026-09-28 (74 days),-1.0,54.8,nan,nan,nan,NEUTRAL,LOW,Strong trend (ADX=40); Last surprise: +44.8%; Earnings conf adj: +1,-1.0,-1.0,1.0,28,2026-10-28,44.78,1
2026-09-30T16:42:12,2026-09-30,FIVE,BUY,1,ADX Trend Following,HIGH,4,41.02,nan,4.06,nan,8.12,nan,10.0,2026-10-27,1.92,3.29,100.0,170.71,72.84,11.48,-10.14,27.5,2,2026-06-12 to 2026-09-28 (74 days),0.341,43.7,nan,nan,nan,NEUTRAL,LOW,Strong trend (ADX=35),-1.0,-1.0,1.0,63,2026-12-02,,0
2026-09-30T16:43:10,2026-09-30,DBA,HOLD,0,MACD Crossover,HIGH,4,41.02,nan,2.0,0.0,4.0,0.0,0.0,2026-11-01,1.88,3.05,100.0,62.7,22.87,-6.15,-2.85,32.0,2,2026-06-12 to 2026-09-28 (74 days),-1.0,43.4,nan,nan,nan,NEUTRAL,LOW,No special conditions,-1.0,-1.0,1.0,-1,,,0
2026-09-30T16:42:18,2026-09-30,WTRG,HOLD,0,MACD Crossover,MEDIUM,3,41.0,nan,2.0,0.0,4.0,0.0,0.0,2026-10-15,0.52,0.82,66.7,6.2,6.44,-11.19,-4.74,15.3,3,2026-06-12 to 2026-09-28 (74 days),-1.0,32.5,nan,nan,nan,NEUTRAL,LOW,Strong trend (ADX=45),-1.0,-1.0,1.0,35,2026-11-04,,0
2026-09-30T16:40:36,2026-09-30,ECL,HOLD,0,Stochastic Oscillator,HIGH,4,40.87,nan,2.0,0.0,3.0,0.0,0.0,2026-10-16,2.64,7.29,100.0,99.08,34.85,11.96,-2.76,16.0,2,2026-06-12 to 2026-09-28 (74 days),-1.0,56.1,nan,nan,nan,NEUTRAL,LOW,Last surprise: +0.5%,-1.0,-1.0,1.0,27,2026-10-27,0.48,0
2026-09-30T16:41:37,2026-09-30,T,HOLD,0,VWAP Trend,HIGH,5,40.85,nan,2.6,0.0,5.2,0.0,0.0,2026-10-13,2.36,3.54,60.0,4.48,58.36,32.0,-6.49,13.8,5,2026-06-12 to 2026-09-28 (74 days),-1.0,44.4,nan,nan,nan,NEUTRAL,LOW,Last surprise: +10.2%; Earnings conf adj: +1,-1.0,-1.0,1.0,21,2026-10-21,10.17,1
2026-09-30T16:42:39,2026-09-30,AAON,BUY,1,ADX Trend Following,HIGH,4,40.78,nan,2.0,nan,4.0,nan,10.0,2026-10-11,3.64,18.1,100.0,178.51,74.42,149.09,-1.91,11.0,1,2026-06-12 to 2026-09-28 (74 days),0.365,56.4,nan,nan,nan,NEUTRAL,LOW,Strong trend (ADX=35),-1.0,-1.0,1.0,36,2026-11-05,,0
2026-09-30T16:40:50,2026-09-30,GOOGL,EXIT,-1,SMA Crossover (10/50),MEDIUM,2,40.7,nan,2.0,nan,4.0,nan,10.0,2026-10-05,-0.29,-0.47,100.0,1.06,-0.67,14.47,-0.82,5.0,2,2026-06-12 to 2026-09-28 (74 days),-1.0,48.9,nan,nan,nan,NEUTRAL,LOW,Last surprise: +214.1%; Earnings conf adj: +1,-1.0,-1.0,1.0,28,2026-10-28,214.14,1
2026-09-30T16:41:46,2026-09-30,VLTO,HOLD,0,ADX Trend Following,HIGH,5,40.7,nan,2.0,0.0,4.0,0.0,0.0,2026-10-18,2.62,4.37,75.0,15.7,65.89,1.08,-4.83,18.2,4,2026-06-12 to 2026-09-28 (74 days),-1.0,50.7,nan,nan,nan,NEUTRAL,LOW,Last surprise: +9.9%; Earnings conf adj: +1,-1.0,-1.0,1.0,21,2026-10-21,9.9,1
2026-09-30T16:42:20,2026-09-30,NYT,HOLD,0,Stochastic Oscillator,LOW,1,40.7,nan,7.28,0.0,10.92,0.0,0.0,2026-10-20,0.13,0.15,66.7,1.08,-1.35,35.03,-18.21,20.3,3,2026-06-12 to 2026-09-28 (74 days),-1.0,40.7,nan,nan,nan,NEUTRAL,LOW,Strong trend (ADX=35),-1.0,-1.0,1.0,35,2026-11-04,,0
2026-09-30T16:41:02,2026-09-30,JNJ,HOLD,0,Stochastic Oscillator,HIGH,4,40.51,nan,2.0,0.0,3.0,0.0,0.0,2026-10-23,2.07,3.09,100.0,83.88,28.44,-26.2,-4.62,23.0,2,2026-06-12 to 2026-09-28 (74 days),-1.0,58.5,nan,nan,nan,NEUTRAL,LOW,Last surprise: +1.8%,-1.0,-1.0,1.0,13,2026-10-13,1.75,0
2026-09-30T16:42:41,2026-09-30,TXNM,HOLD,0,Stochastic Oscillator,HIGH,4,40.38,nan,2.0,0.0,3.0,0.0,0.0,2026-10-29,1.97,3.45,100.0,33.42,9.79,-0.48,-1.9,29.0,2,2026-06-12 to 2026-09-28 (74 days),-1.0,54.6,nan,nan,nan,NEUTRAL,LOW,Strong trend (ADX=44),-1.0,-1.0,1.0,30,2026-10-30,,0
2026-09-30T16:40:43,2026-09-30,FERG,HOLD,0,ADX Trend Following,MEDIUM,3,40.32,nan,3.23,0.0,6.46,0.0,0.0,2026-10-19,0.92,1.56,100.0,54.73,18.8,21.67,-8.08,19.5,2,2026-06-12 to 2026-09-28 (74 days),-1.0,53.5,nan,nan,nan,NEUTRAL,LOW,Last surprise: +2.7%,-1.0,-1.0,1.0,40,2026-11-09,2.73,0
2026-09-30T16:41:51,2026-09-30,WMT,HOLD,0,Stochastic Oscillator,HIGH,5,40.28,nan,2.28,0.0,3.42,0.0,0.0,2026-11-02,1.14,1.8,100.0,50.55,17.55,47.92,-5.7,33.5,2,2026-06-12 to 2026-09-28 (74 days),-1.0,51.8,nan,nan,nan,NEUTRAL,LOW,Last surprise: +9.5%; Earnings conf adj: +1,-1.0,-1.0,1.0,50,2026-11-19,9.46,1
2026-09-30T16:40:40,2026-09-30,EW,HOLD,0,Stochastic Oscillator,HIGH,5,40.2,nan,2.0,0.0,3.0,0.0,0.0,2026-10-16,2.0,4.19,100.0,85.83,29.44,22.29,-3.98,16.0,2,2026-06-12 to 2026-09-28 (74 days),-1.0,45.2,nan,nan,nan,NEUTRAL,LOW,Last surprise: +5.4%; Earnings conf adj: +1,-1.0,-1.0,1.0,29,2026-10-29,5.41,1
2026-09-30T16:40:28,2026-09-30,CRWD,HOLD,0,Stochastic Oscillator,HIGH,5,40.18,nan,4.78,0.0,7.17,0.0,0.0,2026-10-15,2.88,8.36,100.0,479.53,317.22,-5.93,-11.94,15.5,2,2026-06-12 to 2026-09-28 (74 days),-1.0,64.8,nan,nan,nan,NEUTRAL,LOW,Strong trend (ADX=35); Last surprise: +6.9%; Earnings conf adj: +1,-1.0,-1.0,1.0,62,2026-12-01,6.9,1
2026-09-30T16:41:19,2026-09-30,NWSA,HOLD,0,Stochastic Oscillator,HIGH,5,40.17,nan,2.0,0.0,3.0,0.0,0.0,2026-10-08,2.03,5.78,100.0,78.47,25.4,-30.37,-2.28,8.5,2,2026-06-12 to 2026-09-28 (74 days),-1.0,46.4,nan,nan,nan,NEUTRAL,LOW,Strong trend (ADX=35); Last surprise: +52.2%; Earnings conf adj: +1,-1.0,-1.0,1.0,36,2026-11-05,52.17,1
2026-09-30T16:40:55,2026-09-30,HUM,HOLD,0,Stochastic Oscillator,HIGH,5,40.13,nan,2.0,0.0,3.0,0.0,0.0,2026-10-20,1.95,3.89,100.0,116.45,44.8,34.1,-3.5,20.5,2,2026-06-12 to 2026-09-28 (74 days),-1.0,50.7,nan,nan,nan,NEUTRAL,LOW,High volume; Strong trend (ADX=36); Last surprise: +8.7%; Earnings conf adj: +1,-1.0,-1.0,1.0,37,2026-11-06,8.71,1
2026-09-30T16:41:14,2026-09-30,MSFT,EXIT,-1,ADX Trend Following,HIGH,5,39.97,nan,2.06,nan,4.12,nan,10.0,2026-11-08,2.83,7.92,100.0,322.75,163.09,11.98,-5.15,39.5,2,2026-06-12 to 2026-09-28 (74 days),-1.0,58.6,nan,nan,nan,NEUTRAL,LOW,Strong trend (ADX=32); Last surprise: +11.8%; Earnings conf adj: +1,-1.0,-1.0,1.0,28,2026-10-28,11.79,1
2026-09-30T16:40:36,2026-09-30,EBAY,HOLD,0,VWAP Trend,HIGH,4,39.86,nan,2.21,0.0,4.42,0.0,0.0,2026-10-02,0.89,1.35,63.6,1.58,15.12,18.15,-5.52,2.6,11,2026-06-12 to 2026-09-28 (74 days),-1.0,49.4,nan,nan,nan,NEUTRAL,LOW,Last surprise: +6.0%; Earnings conf adj: +1,-1.0,-1.0,1.0,35,2026-11-04,5.96,1
2026-09-30T16:42:19,2026-09-30,RGEN,HOLD,0,EMA Crossover (9/21),HIGH,4,39.85,nan,3.81,0.0,7.62,0.0,0.0,2026-10-30,4.04,7.71,100.0,357.69,205.45,-87.26,-9.53,30.0,2,2026-06-12 to 2026-09-28 (74 days),-1.0,70.6,nan,nan,nan,NEUTRAL,LOW,RSI overbought; Strong trend (ADX=50),-1.0,-1.0,1.0,34,2026-11-03,,0
2026-09-30T16:41:05,2026-09-30,LIN,HOLD,0,VWAP Trend,HIGH,4,39.8,nan,2.0,0.0,4.0,0.0,0.0,2026-10-02,2.09,4.13,66.7,3.01,12.93,42.2,-1.47,2.7,6,2026-06-12 to 2026-09-28 (74 days),-1.0,49.1,nan,nan,nan,NEUTRAL,LOW,Strong trend (ADX=30); Last surprise: +0.2%,-1.0,-1.0,1.0,30,2026-10-30,0.22,0
2026-09-30T16:41:27,2026-09-30,PTC,HOLD,0,Stochastic Oscillator,HIGH,4,39.7,nan,2.0,0.0,3.0,0.0,0.0,2026-10-20,1.97,4.08,100.0,133.7,49.39,-54.26,-4.95,20.0,2,2026-06-12 to 2026-09-28 (74 days),-1.0,50.4,nan,nan,nan,NEUTRAL,LOW,Last surprise: +1.3%,-1.0,-1.0,1.0,42,2026-11-11,1.28,0
2026-09-30T16:40:17,2026-09-30,BRK-B,HOLD,0,Stochastic Oscillator,HIGH,5,39.68,nan,2.0,0.0,3.0,0.0,0.0,2026-10-15,1.97,6.65,100.0,51.73,15.13,5.02,-1.42,15.5,2,2026-06-12 to 2026-09-28 (74 days),-1.0,45.3,nan,nan,nan,NEUTRAL,LOW,Last surprise: +17.5%; Earnings conf adj: +1,-1.0,-1.0,1.0,38,2026-11-07,17.54,1
2026-09-30T16:42:31,2026-09-30,REXR,HOLD,0,Stochastic Oscillator,HIGH,4,39.68,nan,2.0,0.0,3.0,0.0,0.0,2026-11-05,2.4,5.94,100.0,144.83,58.13,30.39,-4.34,36.5,2,2026-06-12 to 2026-09-28 (74 days),-1.0,44.8,nan,nan,nan,NEUTRAL,LOW,Strong trend (ADX=33),-1.0,-1.0,1.0,22,2026-10-22,,0
2026-09-30T16:42:00,2026-09-30,DT,HOLD,0,52-Week High Momentum,HIGH,4,39.56,nan,3.69,0.0,7.38,0.0,0.0,2026-10-21,0.75,1.18,100.0,83.68,15.92,-219.09,-9.23,21.5,2,2026-06-12 to 2026-09-28 (74 days),-1.0,67.0,nan,nan,nan,NEUTRAL,LOW,Strong trend (ADX=44); Last surprise: +9.1%; Earnings conf adj: +1,-1.0,-1.0,1.0,35,2026-11-04,9.09,1
2026-09-30T16:42:32,2026-09-30,IDCC,HOLD,0,Stochastic Oscillator,HIGH,4,39.56,nan,3.22,0.0,4.83,0.0,0.0,2026-10-25,2.73,7.5,100.0,318.46,157.59,92.68,-8.05,25.5,2,2026-06-12 to 2026-09-28 (74 days),-1.0,48.1,nan,nan,nan,NEUTRAL,LOW,No special conditions,-1.0,-1.0,1.0,29,2026-10-29,,0
2026-09-30T16:41:51,2026-09-30,WSM,HOLD,0,MACD Crossover,HIGH,4,39.43,nan,2.0,0.0,4.0,0.0,0.0,2026-10-12,0.98,2.19,100.0,40.32,13.55,0.2,-4.7,12.0,2,2026-06-12 to 2026-09-28 (74 days),-1.0,52.5,nan,nan,nan,NEUTRAL,LOW,Last surprise: +37.9%; Earnings conf adj: +1,-1.0,-1.0,1.0,49,2026-11-18,37.86,1
2026-09-30T16:42:21,2026-09-30,ENSG,HOLD,0,MACD Crossover,HIGH,4,39.41,nan,2.0,0.0,4.0,0.0,0.0,2026-11-02,2.82,5.54,100.0,164.57,68.53,-9.15,-4.56,33.5,2,2026-06-12 to 2026-09-28 (74 days),-1.0,53.2,nan,nan,nan,NEUTRAL,LOW,No special conditions,-1.0,-1.0,1.0,34,2026-11-03,,0
2026-09-30T16:41:01,2026-09-30,IVZ,BUY,1,ADX Trend Following,HIGH,5,39.37,nan,3.19,nan,6.38,nan,10.0,2026-10-30,2.02,3.51,100.0,151.47,62.04,40.06,-7.97,30.5,2,2026-06-12 to 2026-09-28 (74 days),0.163,42.7,nan,nan,nan,NEUTRAL,LOW,Strong trend (ADX=35); Last surprise: +7.6%; Earnings conf adj: +1,-1.0,-1.0,1.0,27,2026-10-27,7.58,1
2026-09-30T16:41:13,2026-09-30,MRK,HOLD,0,Stochastic Oscillator,HIGH,5,39.37,nan,2.0,0.0,3.0,0.0,0.0,2026-10-12,3.83,12.78,100.0,160.56,62.35,-63.01,-1.94,12.5,2,2026-06-12 to 2026-09-28 (74 days),-1.0,57.7,nan,nan,nan,NEUTRAL,LOW,Last surprise: +50.0%; Earnings conf adj: +1,-1.0,-1.0,1.0,29,2026-10-29,50.0,1
2026-09-30T16:40:41,2026-09-30,F,HOLD,0,VWAP Trend,HIGH,4,39.29,nan,2.0,0.0,4.0,0.0,0.0,2026-10-02,1.13,1.81,50.0,1.71,11.03,55.51,-4.22,2.0,6,2026-06-12 to 2026-09-28 (74 days),-1.0,32.2,nan,nan,nan,NEUTRAL,LOW,Strong trend (ADX=48); Last surprise: +20.0%; Earnings conf adj: +1,-1.0,-1.0,1.0,22,2026-10-22,20.0,1
2026-09-30T16:40:55,2026-09-30,IBKR,HOLD,0,VWAP Trend,HIGH,4,39.1,nan,2.0,0.0,4.0,0.0,0.0,2026-10-01,1.3,2.84,54.5,1.96,26.47,39.68,-4.86,1.9,11,2026-06-12 to 2026-09-28 (74 days),-1.0,41.6,nan,nan,nan,NEUTRAL,LOW,Last surprise: +7.8%; Earnings conf adj: +1,-1.0,-1.0,1.0,15,2026-10-15,7.81,1
2026-09-30T16:42:06,2026-09-30,PFGC,HOLD,0,MACD Crossover,HIGH,4,39.07,nan,2.0,0.0,4.0,0.0,0.0,2026-10-04,2.0,19.98,100.0,17.27,5.35,40.08,-0.2,4.0,1,2026-06-12 to 2026-09-28 (74 days),-1.0,35.7,nan,nan,nan,NEUTRAL,LOW,Strong trend (ADX=58); Last surprise: -0.6%,-1.0,-1.0,1.0,35,2026-11-04,-0.63,0
2026-09-30T16:40:33,2026-09-30,DG,HOLD,0,VWAP Trend,HIGH,5,38.85,nan,2.0,0.0,4.0,0.0,0.0,2026-10-02,1.74,3.81,66.7,5.26,19.62,-14.55,-4.02,2.3,6,2026-06-12 to 2026-09-28 (74 days),-1.0,50.3,nan,nan,nan,NEUTRAL,LOW,Last surprise: +23.4%; Earnings conf adj: +1,-1.0,-1.0,1.0,-34,2026-08-27,23.38,1
2026-09-30T16:40:56,2026-09-30,ILMN,EXIT,-1,ADX Trend Following,HIGH,5,38.7,nan,4.64,nan,9.28,nan,10.0,2026-10-23,2.62,5.5,100.0,265.4,131.94,-378.87,-11.6,23.0,2,2026-06-12 to 2026-09-28 (74 days),-1.0,74.3,nan,nan,nan,NEUTRAL,LOW,RSI overbought; Strong trend (ADX=53); Last surprise: +6.5%; Earnings conf adj: +1,-1.0,-1.0,1.0,29,2026-10-29,6.5,1
2026-09-30T16:41:30,2026-09-30,ROP,HOLD,0,MACD Crossover,MEDIUM,3,38.58,nan,2.0,0.0,4.0,0.0,0.0,2026-10-13,1.0,1.47,100.0,41.26,13.95,-8.12,-4.61,13.0,2,2026-06-12 to 2026-09-28 (74 days),-1.0,27.5,nan,nan,nan,NEUTRAL,LOW,RSI oversold; Strong trend (ADX=46); Last surprise: +1.7%,-1.0,-1.0,1.0,22,2026-10-22,1.7,0
2026-09-30T16:40:21,2026-09-30,CF,HOLD,0,MACD Crossover,MEDIUM,3,38.52,nan,4.09,0.0,8.18,0.0,0.0,2026-10-30,2.06,3.31,100.0,164.42,70.58,48.09,-10.23,30.5,2,2026-06-12 to 2026-09-28 (74 days),-1.0,35.6,nan,nan,nan,NEUTRAL,LOW,Strong trend (ADX=45); Last surprise: -15.1%; Earnings conf adj: -1,-1.0,-1.0,1.0,35,2026-11-04,-15.08,-1
2026-09-30T16:42:01,2026-09-30,OVV,HOLD,0,MACD Crossover,MEDIUM,3,38.43,nan,3.28,0.0,6.56,0.0,0.0,2026-10-22,1.51,2.15,100.0,91.62,35.18,18.21,-8.19,22.0,2,2026-06-12 to 2026-09-28 (74 days),-1.0,39.7,nan,nan,nan,NEUTRAL,LOW,Last surprise: -10.3%; Earnings conf adj: -1,-1.0,-1.0,1.0,35,2026-11-04,-10.31,-1
2026-09-30T16:40:28,2026-09-30,CRL,HOLD,0,Stochastic Oscillator,HIGH,5,38.39,nan,2.0,0.0,3.0,0.0,0.0,2026-10-17,3.24,12.23,100.0,316.87,155.73,-219.9,-3.98,17.0,2,2026-06-12 to 2026-09-28 (74 days),-1.0,60.9,nan,nan,nan,NEUTRAL,LOW,Strong trend (ADX=33); Last surprise: +10.2%; Earnings conf adj: +1,-1.0,-1.0,1.0,35,2026-11-04,10.22,1
2026-09-30T16:43:05,2026-09-30,YETI,HOLD,0,Composite Multi-Indicator,HIGH,4,38.32,nan,2.0,0.0,4.0,0.0,0.0,2026-10-12,2.06,3.11,100.0,67.56,24.87,65.6,-3.95,12.0,1,2026-06-12 to 2026-09-28 (74 days),-1.0,53.4,nan,nan,nan,NEUTRAL,LOW,No special conditions,-1.0,-1.0,1.0,36,2026-11-05,,0
2026-09-30T16:40:15,2026-09-30,BE,HOLD,0,VWAP Trend,HIGH,5,38.29,nan,3.74,0.0,7.48,0.0,0.0,2026-10-02,1.89,5.68,66.7,4.0,167.38,163.82,-9.35,2.8,6,2026-06-12 to 2026-09-28 (74 days),-1.0,52.7,nan,nan,nan,NEUTRAL,LOW,Last surprise: +90.2%; Earnings conf adj: +1,-1.0,-1.0,1.0,27,2026-10-27,90.24,1
2026-09-30T16:41:55,2026-09-30,ENTG,HOLD,0,MACD Crossover,MEDIUM,2,37.97,nan,6.24,0.0,12.48,0.0,0.0,2026-10-09,0.22,0.32,66.7,1.26,1.99,1.44,-15.6,9.3,3,2026-06-12 to 2026-09-28 (74 days),-1.0,58.2,nan,nan,nan,NEUTRAL,LOW,Last surprise: +13.4%; Earnings conf adj: +1,-1.0,-1.0,1.0,35,2026-11-04,13.41,1
2026-09-30T16:42:28,2026-09-30,VMI,EXIT,-1,VWAP Trend,HIGH,4,37.93,nan,2.0,nan,4.0,nan,10.0,2026-10-01,2.84,7.12,72.7,4.02,44.2,85.23,-2.75,1.7,11,2026-06-12 to 2026-09-28 (74 days),-1.0,42.8,nan,nan,nan,NEUTRAL,LOW,No special conditions,-1.0,-1.0,1.0,20,2026-10-20,,0
2026-09-30T16:41:58,2026-09-30,WWD,HOLD,0,VWAP Trend,HIGH,4,37.86,nan,2.0,0.0,4.0,0.0,0.0,2026-10-02,2.16,4.4,70.0,2.97,25.44,69.92,-2.78,2.0,10,2026-06-12 to 2026-09-28 (74 days),-1.0,40.0,nan,nan,nan,NEUTRAL,LOW,Last surprise: +2.9%,-1.0,-1.0,1.0,54,2026-11-23,2.86,0
2026-09-30T16:40:54,2026-09-30,HPE,HOLD,0,52-Week High Momentum,MEDIUM,2,37.71,nan,2.29,0.0,4.58,0.0,0.0,2026-10-05,-1.19,-2.56,100.0,37.26,-8.35,-160.54,-5.73,5.5,2,2026-06-12 to 2026-09-28 (74 days),-1.0,60.7,nan,nan,nan,NEUTRAL,LOW,Strong trend (ADX=38); Last surprise: +49.1%,-1.0,-1.0,1.0,-28,2026-09-02,49.06,0
2026-09-30T16:41:07,2026-09-30,LULU,HOLD,0,Stochastic Oscillator,HIGH,4,37.52,nan,3.22,0.0,4.83,0.0,0.0,2026-10-25,0.84,1.4,100.0,57.3,18.33,61.99,-8.04,25.0,2,2026-06-12 to 2026-09-28 (74 days),-1.0,41.0,nan,nan,nan,NEUTRAL,LOW,Strong trend (ADX=30); Last surprise: +63.1%; Earnings conf adj: +1,-1.0,-1.0,1.0,-27,2026-09-03,63.13,1
2026-09-30T16:41:13,2026-09-30,MPWR,HOLD,0,VWAP Trend,HIGH,5,37.14,nan,3.58,0.0,7.16,0.0,0.0,2026-10-03,1.65,3.08,66.7,6.89,71.08,112.15,-8.95,3.4,9,2026-06-12 to 2026-09-28 (74 days),-1.0,58.3,nan,nan,nan,NEUTRAL,LOW,Strong trend (ADX=44); Last surprise: +10.5%; Earnings conf adj: +1,-1.0,-1.0,1.0,29,2026-10-29,10.54,1
2026-09-30T16:40:32,2026-09-30,DELL,HOLD,0,VWAP Trend,HIGH,5,37.07,nan,2.0,0.0,4.0,0.0,0.0,2026-10-02,2.84,13.05,66.7,6.45,164.22,-36.79,-3.65,2.5,6,2026-06-12 to 2026-09-28 (74 days),-1.0,54.4,nan,nan,nan,NEUTRAL,LOW,Strong trend (ADX=30); Last surprise: +43.1%; Earnings conf adj: +1,-1.0,-1.0,1.0,58,2026-11-27,43.09,1
2026-09-30T16:41:41,2026-09-30,TSLA,HOLD,0,VWAP Trend,MEDIUM,2,37.06,nan,5.42,0.0,10.84,0.0,0.0,2026-10-04,0.72,1.09,55.6,1.53,16.95,52.76,-13.55,4.3,9,2026-06-12 to 2026-09-28 (74 days),-1.0,47.1,nan,nan,nan,NEUTRAL,LOW,Last surprise: -38.9%; Earnings conf adj: -1,-1.0,-1.0,1.0,21,2026-10-21,-38.89,-1
2026-09-30T16:40:11,2026-09-30,APTV,HOLD,0,ADX Trend Following,MEDIUM,3,37.01,nan,2.0,0.0,4.0,0.0,0.0,2026-10-03,0.48,0.73,100.0,12.84,3.42,81.85,-2.67,3.5,2,2026-06-12 to 2026-09-28 (74 days),-1.0,40.6,nan,nan,nan,NEUTRAL,LOW,Last surprise: +14.0%; Earnings conf adj: +1,-1.0,-1.0,1.0,29,2026-10-29,13.99,1
2026-09-30T16:40:41,2026-09-30,EXPE,HOLD,0,Composite Multi-Indicator,HIGH,5,36.87,nan,2.0,0.0,4.0,0.0,0.0,2026-11-15,2.81,5.51,100.0,246.9,112.58,37.25,-4.98,46.0,1,2026-06-12 to 2026-09-28 (74 days),-1.0,35.7,nan,nan,nan,NEUTRAL,LOW,Strong trend (ADX=48); Last surprise: +9.7%; Earnings conf adj: +1,-1.0,-1.0,1.0,36,2026-11-05,9.71,1
2026-09-30T16:41:47,2026-09-30,VRTX,HOLD,0,Stochastic Oscillator,HIGH,4,36.78,nan,2.0,0.0,3.0,0.0,0.0,2026-10-15,2.32,6.02,100.0,111.26,38.65,-41.53,-4.01,15.0,2,2026-06-12 to 2026-09-28 (74 days),-1.0,54.2,nan,nan,nan,NEUTRAL,LOW,Last surprise: -0.4%,-1.0,-1.0,1.0,33,2026-11-02,-0.42,0
2026-09-30T16:41:59,2026-09-30,ONTO,HOLD,0,MACD Crossover,HIGH,4,36.78,nan,7.78,0.0,15.56,0.0,0.0,2026-10-12,0.94,1.69,100.0,100.67,38.38,71.11,-19.44,12.5,2,2026-06-12 to 2026-09-28 (74 days),-1.0,55.3,nan,nan,nan,NEUTRAL,LOW,Last surprise: +14.2%; Earnings conf adj: +1,-1.0,-1.0,1.0,36,2026-11-05,14.2,1
2026-09-30T16:41:15,2026-09-30,NDAQ,HOLD,0,Stochastic Oscillator,HIGH,5,36.77,nan,2.77,0.0,4.16,0.0,0.0,2026-10-18,1.74,2.96,100.0,116.99,42.48,26.29,-6.93,18.0,2,2026-06-12 to 2026-09-28 (74 days),-1.0,45.4,nan,nan,nan,NEUTRAL,LOW,Last surprise: +9.2%; Earnings conf adj: +1,-1.0,-1.0,1.0,22,2026-10-22,9.18,1
2026-09-30T16:42:17,2026-09-30,BTSG,HOLD,0,VWAP Trend,MEDIUM,3,36.72,nan,2.77,0.0,5.54,0.0,0.0,2026-10-01,0.9,1.21,77.8,1.72,14.82,46.85,-6.92,1.6,9,2026-06-12 to 2026-09-28 (74 days),-1.0,42.0,nan,nan,nan,NEUTRAL,LOW,Strong trend (ADX=33),-1.0,-1.0,1.0,30,2026-10-30,,0
2026-09-30T16:41:12,2026-09-30,MOS,HOLD,0,Stochastic Oscillator,MEDIUM,3,36.68,nan,3.97,0.0,5.96,0.0,0.0,2026-11-18,2.03,3.9,100.0,168.98,69.57,73.35,-9.93,49.0,1,2026-06-12 to 2026-09-28 (74 days),-1.0,37.1,nan,nan,nan,NEUTRAL,LOW,Strong trend (ADX=37); Last surprise: -7.1%; Earnings conf adj: -1,-1.0,-1.0,1.0,34,2026-11-03,-7.14,-1
2026-09-30T16:41:45,2026-09-30,URI,HOLD,0,Stochastic Oscillator,HIGH,5,36.66,nan,3.16,0.0,4.74,0.0,0.0,2026-10-25,1.31,2.34,100.0,103.17,38.1,46.97,-7.9,25.5,2,2026-06-12 to 2026-09-28 (74 days),-1.0,52.4,nan,nan,nan,NEUTRAL,LOW,High volume; Last surprise: +10.1%; Earnings conf adj: +1,-1.0,-1.0,1.0,21,2026-10-21,10.09,1
2026-09-30T16:41:36,2026-09-30,SWK,HOLD,0,VWAP Trend,HIGH,5,36.65,nan,2.0,0.0,4.0,0.0,0.0,2026-10-02,2.64,6.32,80.0,6.4,73.56,47.11,-3.58,2.9,10,2026-06-12 to 2026-09-28 (74 days),-1.0,40.0,nan,nan,nan,NEUTRAL,LOW,Last surprise: +29.8%; Earnings conf adj: +1,-1.0,-1.0,1.0,35,2026-11-04,29.75,1
2026-09-30T16:41:01,2026-09-30,JCI,HOLD,0,VWAP Trend,LOW,1,36.5,nan,3.48,0.0,5.22,0.0,0.0,2026-10-03,0.4,0.53,50.0,1.31,5.91,-5.89,-8.71,3.0,8,2026-06-12 to 2026-09-28 (74 days),-1.0,58.5,nan,nan,nan,NEUTRAL,LOW,Last surprise: +9.2%; Earnings conf adj: +1,-1.0,-1.0,1.0,35,2026-11-04,9.23,1
2026-09-30T16:42:29,2026-09-30,AAL,HOLD,0,Composite Multi-Indicator,HIGH,4,36.46,nan,2.0,0.0,4.0,0.0,0.0,2026-10-12,1.63,3.61,100.0,63.57,23.24,53.05,-2.62,12.0,1,2026-06-12 to 2026-09-28 (74 days),-1.0,49.6,nan,nan,nan,NEUTRAL,LOW,Strong trend (ADX=35),-1.0,-1.0,1.0,22,2026-10-22,,0
2026-09-30T16:41:57,2026-09-30,SITM,HOLD,0,Stochastic Oscillator,HIGH,5,36.38,nan,10.0,0.0,15.0,0.0,0.0,2026-11-01,1.44,2.79,100.0,264.89,132.97,163.55,-28.7,32.5,2,2026-06-12 to 2026-09-28 (74 days),-1.0,57.4,nan,nan,nan,NEUTRAL,LOW,Last surprise: +20.0%; Earnings conf adj: +1,-1.0,-1.0,1.0,35,2026-11-04,20.0,1
2026-09-30T16:41:00,2026-09-30,ITW,HOLD,0,VWAP Trend,LOW,0,36.35,nan,2.0,0.0,3.0,0.0,0.0,2026-10-02,-0.14,-0.18,50.0,1.11,-1.82,-28.19,-4.61,2.2,12,2026-06-12 to 2026-09-28 (74 days),-1.0,50.9,nan,nan,nan,NEUTRAL,LOW,High volume; Last surprise: +1.4%,-1.0,-1.0,1.0,23,2026-10-23,1.43,0
2026-09-30T16:42:36,2026-09-30,AVAV,HOLD,0,Stochastic Oscillator,HIGH,4,36.35,nan,10.0,0.0,15.0,0.0,0.0,2026-11-02,1.19,2.02,100.0,179.14,75.56,115.4,-26.02,33.5,2,2026-06-12 to 2026-09-28 (74 days),-1.0,42.3,nan,nan,nan,NEUTRAL,LOW,No special conditions,-1.0,-1.0,1.0,63,2026-12-02,,0
2026-09-30T16:40:56,2026-09-30,ICE,HOLD,0,MACD Crossover,HIGH,4,36.2,nan,2.0,0.0,4.0,0.0,0.0,2026-10-19,2.93,5.04,66.7,22.29,53.17,16.05,-4.52,19.0,3,2026-06-12 to 2026-09-28 (74 days),-1.0,44.5,nan,nan,nan,NEUTRAL,LOW,Last surprise: +3.3%,-1.0,-1.0,1.0,29,2026-10-29,3.26,0
2026-09-30T16:42:55,2026-09-30,DOCS,HOLD,0,Stochastic Oscillator,HIGH,4,35.96,nan,4.2,0.0,6.3,0.0,0.0,2026-10-28,1.66,4.86,100.0,311.17,155.51,3.26,-10.51,28.5,2,2026-06-12 to 2026-09-28 (74 days),-1.0,53.6,nan,nan,nan,NEUTRAL,LOW,No special conditions,-1.0,-1.0,1.0,36,2026-11-05,,0
2026-09-30T16:41:01,2026-09-30,JBL,HOLD,0,Stochastic Oscillator,LOW,0,35.9,nan,5.46,0.0,8.19,0.0,0.0,2026-11-02,0.7,1.07,100.0,58.91,19.65,67.32,-13.64,33.0,2,2026-06-12 to 2026-09-28 (74 days),-1.0,55.3,nan,nan,nan,NEUTRAL,LOW,EARNINGS TODAY (2026-09-30); Last surprise: +1.3%; Earnings conf adj: -3,-1.0,-1.0,1.0,0,2026-09-30,1.28,-3
2026-09-30T16:41:18,2026-09-30,NUE,HOLD,0,VWAP Trend,LOW,1,35.83,nan,2.8,0.0,4.2,0.0,0.0,2026-10-03,-0.69,-0.88,42.9,0.78,-9.07,15.89,-7.0,3.0,7,2026-06-12 to 2026-09-28 (74 days),-1.0,41.9,nan,nan,nan,NEUTRAL,LOW,Last surprise: +6.8%; Earnings conf adj: +1,-1.0,-1.0,1.0,26,2026-10-26,6.84,1
2026-09-30T16:40:48,2026-09-30,GILD,HOLD,0,Momentum (Rate of Change),HIGH,5,35.78,nan,2.0,0.0,4.0,0.0,0.0,2026-10-30,1.71,2.88,100.0,109.93,41.54,-60.97,-4.96,30.5,2,2026-06-12 to 2026-09-28 (74 days),-1.0,62.8,nan,nan,nan,NEUTRAL,LOW,Strong trend (ADX=32); Last surprise: +6.9%; Earnings conf adj: +1,-1.0,-1.0,1.0,29,2026-10-29,6.9,1
2026-09-30T16:41:18,2026-09-30,NTAP,HOLD,0,Stochastic Oscillator,HIGH,4,35.72,nan,2.21,0.0,3.32,0.0,0.0,2026-10-18,1.94,3.86,100.0,153.3,60.73,-66.66,-5.52,18.0,2,2026-06-12 to 2026-09-28 (74 days),-1.0,62.8,nan,nan,nan,NEUTRAL,LOW,Last surprise: +7.0%,-1.0,-1.0,1.0,62,2026-12-01,7.05,0
2026-09-30T16:41:45,2026-09-30,VEEV,HOLD,0,Stochastic Oscillator,HIGH,5,35.68,nan,2.54,0.0,3.81,0.0,0.0,2026-10-10,2.69,6.15,100.0,211.72,86.63,-510.13,-6.35,10.5,2,2026-06-12 to 2026-09-28 (74 days),-1.0,66.4,nan,nan,nan,NEUTRAL,LOW,Strong trend (ADX=35); Last surprise: +5.9%; Earnings conf adj: +1,-1.0,-1.0,1.0,56,2026-11-25,5.86,1
2026-09-30T16:41:38,2026-09-30,TECH,EXIT,-1,VWAP Trend,HIGH,4,35.64,nan,2.0,nan,4.0,nan,10.0,2026-10-05,1.44,3.81,83.3,29.59,3.73,-173.94,-0.52,5.0,6,2026-06-12 to 2026-09-28 (74 days),-1.0,61.5,nan,nan,nan,NEUTRAL,LOW,Strong trend (ADX=34); Last surprise: +0.0%,-1.0,-1.0,1.0,40,2026-11-09,0.0,0
2026-09-30T16:41:12,2026-09-30,MO,HOLD,0,ADX Trend Following,HIGH,4,35.61,nan,2.0,0.0,4.0,0.0,0.0,2026-10-06,1.03,1.74,75.0,3.45,9.25,12.36,-2.54,6.0,4,2026-06-12 to 2026-09-28 (74 days),-1.0,55.4,nan,nan,nan,NEUTRAL,LOW,Last surprise: -1.3%,-1.0,-1.0,1.0,29,2026-10-29,-1.33,0
2026-09-30T16:42:03,2026-09-30,JAZZ,HOLD,0,MACD Crossover,MEDIUM,2,35.61,nan,2.0,0.0,4.0,0.0,0.0,2026-10-08,0.9,1.45,75.0,2.79,11.36,-0.68,-4.54,8.2,4,2026-06-12 to 2026-09-28 (74 days),-1.0,43.0,nan,nan,nan,NEUTRAL,LOW,Strong trend (ADX=31); Last surprise: -7.6%; Earnings conf adj: -1,-1.0,-1.0,1.0,35,2026-11-04,-7.61,-1
2026-09-30T16:42:14,2026-09-30,GME,HOLD,0,Composite Multi-Indicator,HIGH,4,35.58,nan,2.6,0.0,5.2,0.0,0.0,2026-10-28,3.91,7.48,100.0,302.59,148.03,108.81,-6.51,28.0,1,2026-06-12 to 2026-09-28 (74 days),-1.0,67.8,nan,nan,nan,NEUTRAL,LOW,Strong trend (ADX=72),-1.0,-1.0,1.0,69,2026-12-08,,0
2026-09-30T16:41:30,2026-09-30,RMD,HOLD,0,Stochastic Oscillator,HIGH,4,35.56,nan,2.0,0.0,3.0,0.0,0.0,2026-10-12,1.78,3.6,100.0,75.18,23.58,-35.3,-3.3,12.0,2,2026-06-12 to 2026-09-28 (74 days),-1.0,46.7,nan,nan,nan,NEUTRAL,LOW,Last surprise: +2.1%,-1.0,-1.0,1.0,29,2026-10-29,2.08,0
2026-09-30T16:41:03,2026-09-30,KLAC,HOLD,0,EMA Crossover (9/21),HIGH,5,35.44,nan,2.0,0.0,4.0,0.0,0.0,2026-10-03,1.16,4.8,100.0,5.65,1.26,65.23,-0.2,3.0,1,2026-06-12 to 2026-09-28 (74 days),-1.0,55.2,nan,nan,nan,NEUTRAL,LOW,Last surprise: +5.0%; Earnings conf adj: +1,-1.0,-1.0,1.0,28,2026-10-28,5.0,1
2026-09-30T16:41:07,2026-09-30,LUV,HOLD,0,EMA Crossover (9/21),HIGH,5,35.32,nan,2.0,0.0,4.0,0.0,0.0,2026-10-05,1.6,4.84,100.0,29.21,9.68,30.62,-1.04,5.0,1,2026-06-12 to 2026-09-28 (74 days),-1.0,56.8,nan,nan,nan,NEUTRAL,LOW,Last surprise: +80.8%; Earnings conf adj: +1,-1.0,-1.0,1.0,21,2026-10-21,80.77,1
2026-09-30T16:40:33,2026-09-30,DHR,EXIT,-1,VWAP Trend,HIGH,5,35.25,nan,5.28,nan,10.56,nan,10.0,2026-10-10,2.02,2.8,66.7,3.92,77.53,-47.51,-13.2,10.0,6,2026-06-12 to 2026-09-28 (74 days),-1.0,71.3,nan,nan,nan,NEUTRAL,LOW,RSI overbought; Strong trend (ADX=54); Last surprise: +5.4%; Earnings conf adj: +1,-1.0,-1.0,1.0,21,2026-10-21,5.43,1
2026-09-30T16:41:21,2026-09-30,P,HOLD,0,Stochastic Oscillator,HIGH,5,35.07,nan,3.16,0.0,4.74,0.0,0.0,2026-10-18,3.22,7.3,100.0,381.79,220.11,-425.41,-7.9,18.5,2,2026-06-12 to 2026-09-28 (74 days),-1.0,72.8,nan,nan,nan,NEUTRAL,LOW,RSI overbought; Strong trend (ADX=49); Last surprise: +20.7%; Earnings conf adj: +1,-1.0,-1.0,1.0,-35,2026-08-26,20.69,1
2026-09-30T16:41:23,2026-09-30,PG,EXIT,-1,SMA Crossover (10/50),HIGH,4,34.84,nan,2.0,nan,4.0,nan,10.0,2026-10-04,1.99,26.17,100.0,22.0,7.06,5.83,-0.2,4.0,1,2026-06-12 to 2026-09-28 (74 days),-1.0,58.9,nan,nan,nan,NEUTRAL,LOW,Last surprise: +1.4%,-1.0,-1.0,1.0,22,2026-10-22,1.42,0
2026-09-30T16:41:31,2026-09-30,RVTY,EXIT,-1,ADX Trend Following,HIGH,5,34.82,nan,3.06,nan,6.12,nan,10.0,2026-11-03,2.41,5.17,100.0,229.53,102.2,-218.61,-7.64,34.0,2,2026-06-12 to 2026-09-28 (74 days),-1.0,73.5,nan,nan,nan,NEUTRAL,LOW,RSI overbought; Strong trend (ADX=48); Last surprise: +15.6%; Earnings conf adj: +1,-1.0,-1.0,1.0,26,2026-10-26,15.57,1
2026-09-30T16:41:59,2026-09-30,PR,HOLD,0,MACD Crossover,HIGH,5,34.5,nan,3.12,0.0,6.24,0.0,0.0,2026-10-20,1.75,2.81,66.7,8.43,52.05,9.43,-7.8,20.0,3,2026-06-12 to 2026-09-28 (74 days),-1.0,39.6,nan,nan,nan,NEUTRAL,LOW,Strong trend (ADX=36); Last surprise: +16.9%; Earnings conf adj: +1,-1.0,-1.0,1.0,35,2026-11-04,16.95,1
2026-09-30T16:41:54,2026-09-30,ROIV,HOLD,0,Stochastic Oscillator,HIGH,5,34.49,nan,2.0,0.0,3.0,0.0,0.0,2026-10-09,1.75,15.43,100.0,193.27,75.25,-29.68,-2.56,9.0,1,2026-06-12 to 2026-09-28 (74 days),-1.0,47.3,nan,nan,nan,NEUTRAL,LOW,Last surprise: +5.6%; Earnings conf adj: +1,-1.0,-1.0,1.0,40,2026-11-09,5.56,1
2026-09-30T16:40:31,2026-09-30,DDOG,HOLD,0,EMA Crossover (9/21),HIGH,5,34.43,nan,2.0,0.0,4.0,0.0,0.0,2026-10-06,2.95,105.86,100.0,84.77,31.48,-39.84,-0.2,6.0,1,2026-06-12 to 2026-09-28 (74 days),-1.0,67.2,nan,nan,nan,NEUTRAL,LOW,Strong trend (ADX=44); Last surprise: +12.1%; Earnings conf adj: +1,-1.0,-1.0,1.0,36,2026-11-05,12.07,1
2026-09-30T16:41:55,2026-09-30,SN,HOLD,0,ADX Trend Following,HIGH,5,34.42,nan,2.0,0.0,4.0,0.0,0.0,2026-10-05,2.55,99.3,100.0,79.12,29.15,-160.03,-0.2,5.0,1,2026-06-12 to 2026-09-28 (74 days),-1.0,60.6,nan,nan,nan,NEUTRAL,LOW,Last surprise: +11.5%; Earnings conf adj: +1,-1.0,-1.0,1.0,36,2026-11-05,11.5,1
2026-09-30T16:41:58,2026-09-30,DINO,HOLD,0,MACD Crossover,HIGH,5,34.3,nan,3.63,0.0,7.26,0.0,0.0,2026-11-04,3.46,6.59,100.0,323.33,177.14,-127.71,-9.08,35.0,2,2026-06-12 to 2026-09-28 (74 days),-1.0,54.0,nan,nan,nan,NEUTRAL,LOW,Strong trend (ADX=38); Last surprise: +18.3%; Earnings conf adj: +1,-1.0,-1.0,1.0,28,2026-10-28,18.26,1
2026-09-30T16:42:44,2026-09-30,ELF,HOLD,0,MACD Crossover,HIGH,4,34.23,nan,2.86,0.0,5.72,0.0,0.0,2026-10-09,2.33,4.76,75.0,10.23,92.51,-388.41,-7.16,9.2,4,2026-06-12 to 2026-09-28 (74 days),-1.0,56.2,nan,nan,nan,NEUTRAL,LOW,No special conditions,-1.0,-1.0,1.0,35,2026-11-04,,0
2026-09-30T16:41:38,2026-09-30,TGT,HOLD,0,VWAP Trend,HIGH,4,34.22,nan,2.0,0.0,4.0,0.0,0.0,2026-10-01,1.39,2.27,54.5,2.09,28.34,-49.01,-4.48,1.7,11,2026-06-12 to 2026-09-28 (74 days),-1.0,52.5,nan,nan,nan,NEUTRAL,LOW,Last surprise: +75.6%; Earnings conf adj: +1,-1.0,-1.0,1.0,49,2026-11-18,75.64,1
2026-09-30T16:42:28,2026-09-30,SOLS,HOLD,0,Stochastic Oscillator,MEDIUM,3,34.22,nan,5.28,0.0,7.92,0.0,0.0,2026-10-31,0.53,0.9,100.0,42.09,14.7,92.01,-13.2,31.0,2,2026-06-18 to 2026-09-28 (70 days),-1.0,42.4,nan,nan,nan,NEUTRAL,LOW,No special conditions,-1.0,-1.0,1.0,29,2026-10-29,,0
2026-09-30T16:40:14,2026-09-30,BBY,HOLD,0,MACD Crossover,HIGH,4,34.03,nan,2.81,0.0,5.62,0.0,0.0,2026-10-10,0.79,1.26,75.0,2.06,15.39,-57.73,-7.03,10.2,4,2026-06-12 to 2026-09-28 (74 days),-1.0,52.1,nan,nan,nan,NEUTRAL,LOW,Last surprise: +6.5%; Earnings conf adj: +1,-1.0,-1.0,1.0,55,2026-11-24,6.52,1
2026-09-30T16:43:11,2026-09-30,SLV,HOLD,0,ADX Trend Following,HIGH,4,33.85,nan,3.09,0.0,6.18,0.0,0.0,2026-10-14,1.59,2.56,66.7,4.9,42.83,74.23,-7.73,14.3,3,2026-06-12 to 2026-09-28 (74 days),-1.0,39.6,nan,nan,nan,NEUTRAL,LOW,No special conditions,-1.0,-1.0,1.0,-1,,,0
2026-09-30T16:40:07,2026-09-30,ALLE,HOLD,0,VWAP Trend,HIGH,5,33.8,nan,2.0,0.0,4.0,0.0,0.0,2026-10-03,2.19,5.21,55.6,3.41,68.22,-3.08,-4.65,3.8,9,2026-06-12 to 2026-09-28 (74 days),-1.0,51.9,nan,nan,nan,NEUTRAL,LOW,Last surprise: +8.1%; Earnings conf adj: +1,-1.0,-1.0,1.0,22,2026-10-22,8.11,1
2026-09-30T16:42:02,2026-09-30,SMTC,HOLD,0,Composite Multi-Indicator,HIGH,5,33.76,nan,4.83,0.0,9.66,0.0,0.0,2026-11-09,2.4,4.2,100.0,393.22,212.74,195.01,-12.07,40.0,1,2026-06-12 to 2026-09-28 (74 days),-1.0,58.4,nan,nan,nan,NEUTRAL,LOW,Last surprise: +16.4%; Earnings conf adj: +1,-1.0,-1.0,1.0,54,2026-11-23,16.39,1
2026-09-30T16:40:15,2026-09-30,BEN,BUY,1,SMA Crossover (10/50),HIGH,5,33.73,nan,2.0,nan,4.0,nan,10.0,2026-10-03,1.65,21.13,100.0,18.09,5.65,-4.1,-0.2,3.0,1,2026-06-12 to 2026-09-28 (74 days),0.508,42.4,nan,nan,nan,NEUTRAL,LOW,Strong trend (ADX=35); Last surprise: +9.1%; Earnings conf adj: +1,-1.0,-1.0,1.0,37,2026-11-06,9.09,1
2026-09-30T16:41:35,2026-09-30,STE,HOLD,0,Stochastic Oscillator,MEDIUM,2,33.52,nan,2.3,0.0,3.45,0.0,0.0,2026-10-14,0.46,0.66,100.0,23.96,4.84,-2.12,-5.75,14.0,2,2026-06-12 to 2026-09-28 (74 days),-1.0,39.8,nan,nan,nan,NEUTRAL,LOW,Strong trend (ADX=41); Last surprise: +4.0%,-1.0,-1.0,1.0,35,2026-11-04,4.02,0
2026-09-30T16:41:14,2026-09-30,MRVL,HOLD,0,Composite Multi-Indicator,HIGH,4,33.28,nan,2.93,0.0,5.86,0.0,0.0,2026-10-31,1.89,3.15,100.0,161.87,67.17,97.44,-7.32,31.0,1,2026-06-12 to 2026-09-28 (74 days),-1.0,57.1,nan,nan,nan,NEUTRAL,LOW,Strong trend (ADX=33); Last surprise: +1.1%,-1.0,-1.0,1.0,62,2026-12-01,1.08,0
2026-09-30T16:42:23,2026-09-30,CGNX,HOLD,0,Stochastic Oscillator,MEDIUM,3,33.16,nan,4.06,0.0,6.09,0.0,0.0,2026-10-27,0.66,1.01,100.0,53.25,18.39,42.02,-10.15,27.5,2,2026-06-12 to 2026-09-28 (74 days),-1.0,43.8,nan,nan,nan,NEUTRAL,LOW,No special conditions,-1.0,-1.0,1.0,28,2026-10-28,,0
2026-09-30T16:40:51,2026-09-30,HCA,HOLD,0,VWAP Trend,LOW,1,33.07,nan,6.45,0.0,9.68,0.0,0.0,2026-10-05,0.13,0.17,62.5,1.14,0.25,-48.36,-16.12,5.0,8,2026-06-12 to 2026-09-28 (74 days),-1.0,57.1,nan,nan,nan,NEUTRAL,LOW,Last surprise: +1.2%,-1.0,-1.0,1.0,23,2026-10-23,1.2,0
2026-09-30T16:42:37,2026-09-30,SLAB,HOLD,0,Stochastic Oscillator,HIGH,4,33.07,nan,2.0,0.0,3.0,0.0,0.0,2026-12-01,1.94,3.18,100.0,19.75,6.24,3.83,-0.71,62.0,1,2026-06-12 to 2026-09-28 (74 days),-1.0,58.2,nan,nan,nan,NEUTRAL,LOW,Strong trend (ADX=31),-1.0,-1.0,1.0,34,2026-11-03,,0
2026-09-30T16:41:18,2026-09-30,NVDA,HOLD,0,Stochastic Oscillator,HIGH,5,32.9,nan,3.79,0.0,5.68,0.0,0.0,2026-10-19,1.71,2.86,66.7,5.73,48.3,1.96,-9.47,19.0,3,2026-06-12 to 2026-09-28 (74 days),-1.0,58.8,nan,nan,nan,NEUTRAL,LOW,Last surprise: +6.2%; Earnings conf adj: +1,-1.0,-1.0,1.0,48,2026-11-17,6.22,1
2026-09-30T16:40:05,2026-09-30,AES,HOLD,0,Momentum (Rate of Change),MEDIUM,3,32.85,nan,2.0,0.0,4.0,0.0,0.0,2026-12-14,2.25,4.03,100.0,15.09,4.94,-3.99,-0.41,75.0,1,2026-06-12 to 2026-09-28 (74 days),-1.0,66.5,nan,nan,nan,NEUTRAL,LOW,High volume; Strong trend (ADX=46); Last surprise: -6.4%; Earnings conf adj: -1,-1.0,-1.0,1.0,35,2026-11-04,-6.38,-1
2026-09-30T16:43:10,2026-09-30,COPX,HOLD,0,Stochastic Oscillator,MEDIUM,2,32.77,nan,2.77,0.0,4.16,0.0,0.0,2026-10-20,0.42,0.67,100.0,29.6,7.99,9.67,-6.93,20.5,2,2026-06-12 to 2026-09-28 (74 days),-1.0,43.9,nan,nan,nan,NEUTRAL,LOW,No special conditions,-1.0,-1.0,1.0,-1,,,0
2026-09-30T16:40:35,2026-09-30,DVA,HOLD,0,EMA Crossover (9/21),MEDIUM,3,32.61,nan,2.0,0.0,4.0,0.0,0.0,2026-10-01,0.64,1.58,100.0,3.21,0.41,42.56,-0.2,1.0,1,2026-06-12 to 2026-09-28 (74 days),-1.0,42.1,nan,nan,nan,NEUTRAL,LOW,Last surprise: +3.6%,-1.0,-1.0,1.0,28,2026-10-28,3.61,0
2026-09-30T16:40:54,2026-09-30,HPQ,HOLD,0,MACD Crossover,HIGH,5,32.44,nan,3.88,0.0,7.76,0.0,0.0,2026-10-31,1.95,3.56,100.0,241.66,111.63,-6.18,-9.7,31.0,2,2026-06-12 to 2026-09-28 (74 days),-1.0,49.1,nan,nan,nan,NEUTRAL,LOW,Last surprise: +20.3%; Earnings conf adj: +1,-1.0,-1.0,1.0,55,2026-11-24,20.29,1
2026-09-30T16:40:59,2026-09-30,IR,HOLD,0,MACD Crossover,MEDIUM,3,32.43,nan,3.12,0.0,6.24,0.0,0.0,2026-10-15,0.65,1.14,100.0,30.74,9.87,-1.77,-7.79,15.5,2,2026-06-12 to 2026-09-28 (74 days),-1.0,51.8,nan,nan,nan,NEUTRAL,LOW,Strong trend (ADX=39); Last surprise: +3.6%,-1.0,-1.0,1.0,29,2026-10-29,3.61,0
2026-09-30T16:42:52,2026-09-30,OZK,HOLD,-1,VWAP Trend,LOW,1,32.12,nan,2.0,nan,3.0,nan,0.0,2026-10-03,-0.41,-0.52,62.5,0.92,-4.02,25.62,-2.78,3.4,8,2026-06-12 to 2026-09-28 (74 days),-1.0,33.5,nan,nan,nan,NEUTRAL,LOW,Strong trend (ADX=41),-1.0,-1.0,1.0,15,2026-10-15,,0
2026-09-30T16:43:13,2026-09-30,XLV,HOLD,0,Stochastic Oscillator,HIGH,4,32.04,nan,2.0,0.0,3.0,0.0,0.0,2026-10-14,1.12,2.28,100.0,23.83,3.34,-45.75,-1.44,14.0,1,2026-06-12 to 2026-09-28 (74 days),-1.0,59.3,nan,nan,nan,NEUTRAL,LOW,No special conditions,-1.0,-1.0,1.0,-1,,,0
2026-09-30T16:40:34,2026-09-30,DLTR,HOLD,0,PEAD Earnings Drift,HIGH,5,32.01,nan,3.36,0.0,6.72,0.0,0.0,2026-12-11,2.01,3.5,100.0,169.98,70.65,64.4,-8.41,72.0,1,2026-06-12 to 2026-09-28 (74 days),-1.0,42.8,nan,nan,nan,NEUTRAL,LOW,Strong trend (ADX=40); Last surprise: +136.8%; Earnings conf adj: +1,-1.0,-1.0,1.0,-34,2026-08-27,136.84,1
2026-09-30T16:41:28,2026-09-30,PYPL,HOLD,0,Stochastic Oscillator,HIGH,5,31.97,nan,2.0,0.0,3.0,0.0,0.0,2026-10-19,1.21,2.18,100.0,82.79,23.48,-130.67,-4.47,19.5,2,2026-06-12 to 2026-09-28 (74 days),-1.0,49.1,nan,nan,nan,NEUTRAL,LOW,Last surprise: +7.8%; Earnings conf adj: +1,-1.0,-1.0,1.0,27,2026-10-27,7.81,1
2026-09-30T16:42:13,2026-09-30,MOG-A,HOLD,0,Stochastic Oscillator,MEDIUM,3,31.91,nan,5.47,0.0,8.2,0.0,0.0,2026-10-22,0.58,0.77,100.0,34.88,9.2,13.39,-13.68,22.5,2,2026-06-12 to 2026-09-28 (74 days),-1.0,58.6,nan,nan,nan,NEUTRAL,LOW,Strong trend (ADX=40),-1.0,-1.0,1.0,51,2026-11-20,,0
2026-09-30T16:40:56,2026-09-30,IEX,HOLD,0,Stochastic Oscillator,HIGH,5,31.88,nan,2.0,0.0,3.0,0.0,0.0,2026-10-22,1.3,2.23,100.0,30.29,8.94,-13.9,-1.86,22.0,1,2026-06-12 to 2026-09-28 (74 days),-1.0,57.9,nan,nan,nan,NEUTRAL,LOW,Strong trend (ADX=37); Last surprise: +10.0%; Earnings conf adj: +1,-1.0,-1.0,1.0,28,2026-10-28,9.95,1
2026-09-30T16:42:14,2026-09-30,NXT,HOLD,0,Composite Multi-Indicator,MEDIUM,2,31.88,nan,2.07,0.0,4.14,0.0,0.0,2026-10-12,0.33,0.62,100.0,13.1,4.22,81.71,-5.17,12.0,1,2026-06-12 to 2026-09-28 (74 days),-1.0,39.4,nan,nan,nan,NEUTRAL,LOW,No special conditions,-1.0,-1.0,1.0,28,2026-10-28,,0
2026-09-30T16:42:35,2026-09-30,PCTY,HOLD,0,Stochastic Oscillator,HIGH,4,31.79,nan,2.81,0.0,4.22,0.0,0.0,2026-10-19,1.51,3.16,100.0,116.86,41.27,-113.59,-7.03,19.5,2,2026-06-12 to 2026-09-28 (74 days),-1.0,43.9,nan,nan,nan,NEUTRAL,LOW,No special conditions,-1.0,-1.0,1.0,34,2026-11-03,,0
2026-09-30T16:40:15,2026-09-30,BIIB,HOLD,0,PEAD Earnings Drift,HIGH,5,31.63,nan,2.46,0.0,4.92,0.0,0.0,2026-11-25,2.27,3.86,100.0,132.14,52.37,-6.34,-6.14,56.0,1,2026-06-12 to 2026-09-28 (74 days),-1.0,63.9,nan,nan,nan,NEUTRAL,LOW,Strong trend (ADX=37); Last surprise: +77.3%; Earnings conf adj: +1,-1.0,-1.0,1.0,28,2026-10-28,77.34,1
2026-09-30T16:42:01,2026-09-30,RGA,HOLD,0,Stochastic Oscillator,HIGH,5,31.51,nan,2.0,0.0,3.0,0.0,0.0,2026-10-06,1.32,4.59,100.0,28.09,5.56,-85.8,-1.36,6.0,1,2026-06-12 to 2026-09-28 (74 days),-1.0,63.1,nan,nan,nan,NEUTRAL,LOW,Last surprise: +37.0%; Earnings conf adj: +1,-1.0,-1.0,1.0,29,2026-10-29,36.98,1
2026-09-30T16:40:04,2026-09-30,ADI,EXIT,-1,SMA Crossover (10/50),MEDIUM,3,31.48,nan,2.0,nan,4.0,nan,10.0,2026-10-03,0.78,2.17,100.0,3.65,0.57,16.99,-0.2,3.0,1,2026-06-12 to 2026-09-28 (74 days),-1.0,63.5,nan,nan,nan,NEUTRAL,LOW,Strong trend (ADX=38); Last surprise: +3.3%,-1.0,-1.0,1.0,55,2026-11-24,3.29,0
2026-09-30T16:42:10,2026-09-30,HALO,HOLD,0,52-Week High Momentum,HIGH,4,31.47,nan,3.2,0.0,6.4,0.0,0.0,2026-12-28,3.09,10.36,100.0,464.91,260.5,-173.14,-7.99,89.0,1,2026-06-12 to 2026-09-28 (74 days),-1.0,61.4,nan,nan,nan,NEUTRAL,LOW,Strong trend (ADX=36),-1.0,-1.0,1.0,33,2026-11-02,,0
2026-09-30T16:42:54,2026-09-30,MTN,HOLD,0,Momentum (Rate of Change),MEDIUM,3,31.46,nan,3.81,0.0,7.62,0.0,0.0,2026-10-27,0.81,1.14,100.0,63.55,18.68,-0.46,-9.52,27.5,2,2026-06-12 to 2026-09-28 (74 days),-1.0,46.9,nan,nan,nan,NEUTRAL,LOW,High volume,-1.0,-1.0,1.0,70,2026-12-09,,0
2026-09-30T16:40:32,2026-09-30,DE,HOLD,0,PEAD Earnings Drift,HIGH,5,31.43,nan,2.0,0.0,4.0,0.0,0.0,2026-11-03,2.0,4.06,100.0,92.44,34.72,-51.44,-4.14,34.0,1,2026-06-12 to 2026-09-28 (74 days),-1.0,58.1,nan,nan,nan,NEUTRAL,LOW,Last surprise: +8.3%; Earnings conf adj: +1,-1.0,-1.0,1.0,56,2026-11-25,8.28,1
2026-09-30T16:40:38,2026-09-30,EME,HOLD,0,Stochastic Oscillator,HIGH,4,31.3,nan,5.65,0.0,8.48,0.0,0.0,2026-11-01,0.65,1.4,100.0,64.22,21.87,43.86,-14.12,32.0,2,2026-06-12 to 2026-09-28 (74 days),-1.0,51.7,nan,nan,nan,NEUTRAL,LOW,Last surprise: +25.3%; Earnings conf adj: +1,-1.0,-1.0,1.0,29,2026-10-29,25.31,1
2026-09-30T16:40:56,2026-09-30,IDXX,HOLD,0,VWAP Trend,HIGH,5,31.29,nan,2.23,0.0,4.46,0.0,0.0,2026-10-05,1.61,2.48,70.0,2.77,38.22,56.48,-5.58,5.9,10,2026-06-12 to 2026-09-28 (74 days),-1.0,50.4,nan,nan,nan,NEUTRAL,LOW,Last surprise: +8.7%; Earnings conf adj: +1,-1.0,-1.0,1.0,33,2026-11-02,8.65,1
2026-09-30T16:41:04,2026-09-30,KVUE,HOLD,0,Stochastic Oscillator,MEDIUM,3,31.29,nan,2.0,0.0,3.0,0.0,0.0,2026-10-18,0.6,1.02,100.0,16.05,2.41,-0.57,-1.4,18.0,1,2026-06-12 to 2026-09-28 (74 days),-1.0,45.2,nan,nan,nan,NEUTRAL,LOW,Last surprise: -3.1%,-1.0,-1.0,1.0,36,2026-11-05,-3.13,0
2026-09-30T16:41:08,2026-09-30,MA,EXIT,-1,Multi-Factor Momentum MR,MEDIUM,3,31.23,nan,2.93,nan,5.86,nan,10.0,2026-11-11,0.32,0.52,100.0,9.67,3.02,-64.75,-7.33,42.0,1,2026-06-12 to 2026-09-28 (74 days),-1.0,49.1,nan,nan,nan,NEUTRAL,LOW,Last surprise: +5.4%; Earnings conf adj: +1,-1.0,-1.0,1.0,29,2026-10-29,5.44,1
2026-09-30T16:40:57,2026-09-30,INTC,EXIT,-1,SMA Crossover (10/50),HIGH,5,31.21,nan,3.6,nan,7.2,nan,10.0,2026-10-12,1.67,4.05,100.0,147.24,59.46,81.2,-9.01,12.0,1,2026-06-12 to 2026-09-28 (74 days),-1.0,58.5,nan,nan,nan,NEUTRAL,LOW,Strong trend (ADX=43); Last surprise: +90.9%; Earnings conf adj: +1,-1.0,-1.0,1.0,22,2026-10-22,90.91,1
2026-09-30T16:41:27,2026-09-30,PSKY,HOLD,0,Stochastic Oscillator,HIGH,4,31.16,nan,9.93,0.0,14.9,0.0,0.0,2026-10-27,1.07,1.58,100.0,87.39,31.07,34.1,-24.83,27.0,2,2026-06-12 to 2026-09-28 (74 days),-1.0,50.1,nan,nan,nan,NEUTRAL,LOW,Last surprise: +0.0%,-1.0,-1.0,1.0,40,2026-11-09,0.0,0
2026-09-30T16:42:57,2026-09-30,TREX,HOLD,1,VWAP Trend,LOW,0,31.12,nan,3.76,nan,5.64,nan,0.0,2026-10-03,0.44,0.75,45.5,1.49,7.23,15.95,-9.41,3.5,11,2026-06-12 to 2026-09-28 (74 days),-1.0,49.1,nan,nan,nan,NEUTRAL,LOW,No special conditions,-1.0,-1.0,1.0,35,2026-11-04,,0
2026-09-30T16:40:24,2026-09-30,CMI,HOLD,0,VWAP Trend,MEDIUM,3,31.11,nan,2.0,0.0,4.0,0.0,0.0,2026-10-02,1.28,2.25,66.7,2.17,20.58,76.64,-3.77,2.8,9,2026-06-12 to 2026-09-28 (74 days),-1.0,29.8,nan,nan,nan,NEUTRAL,LOW,RSI oversold; Strong trend (ADX=51); Last surprise: -6.1%; Earnings conf adj: -1,-1.0,-1.0,1.0,36,2026-11-05,-6.14,-1
2026-09-30T16:40:54,2026-09-30,HST,HOLD,0,VWAP Trend,LOW,0,31.0,nan,2.0,0.0,3.0,0.0,0.0,2026-10-02,-0.43,-0.58,54.5,1.0,-4.49,13.16,-4.86,2.2,11,2026-06-12 to 2026-09-28 (74 days),-1.0,55.0,nan,nan,nan,NEUTRAL,LOW,Last surprise: +2.9%,-1.0,-1.0,1.0,35,2026-11-04,2.94,0
2026-09-30T16:40:09,2026-09-30,AMT,HOLD,0,Multi-Factor Momentum MR,HIGH,4,30.99,nan,2.0,0.0,4.0,0.0,0.0,2026-10-02,0.68,1.48,100.0,12.79,3.77,34.92,-1.59,2.0,1,2026-06-12 to 2026-09-28 (74 days),-1.0,38.9,nan,nan,nan,NEUTRAL,LOW,Last surprise: +20.6%; Earnings conf adj: +1,-1.0,-1.0,1.0,27,2026-10-27,20.65,1
2026-09-30T16:40:16,2026-09-30,BMY,EXIT,-1,VWAP Trend,HIGH,5,30.99,nan,2.0,nan,4.0,nan,10.0,2026-10-02,1.46,2.45,62.5,2.11,20.45,-32.4,-4.23,2.9,8,2026-06-12 to 2026-09-28 (74 days),-1.0,50.3,nan,nan,nan,NEUTRAL,LOW,Last surprise: +27.5%; Earnings conf adj: +1,-1.0,-1.0,1.0,29,2026-10-29,27.5,1
2026-09-30T16:40:44,2026-09-30,FIS,BUY,1,ADX Trend Following,HIGH,4,30.96,nan,4.91,nan,9.82,nan,10.0,2026-10-16,1.29,2.24,66.7,6.52,38.38,72.69,-12.28,16.7,3,2026-06-12 to 2026-09-28 (74 days),0.607,28.0,nan,nan,nan,NEUTRAL,LOW,RSI oversold; Strong trend (ADX=31); Last surprise: +0.7%,-1.0,-1.0,1.0,35,2026-11-04,0.68,0
2026-09-30T16:40:11,2026-09-30,APO,HOLD,0,VWAP Trend,HIGH,4,30.86,nan,2.0,0.0,4.0,0.0,0.0,2026-10-04,1.4,2.22,62.5,3.46,29.49,61.93,-4.84,4.2,8,2026-06-12 to 2026-09-28 (74 days),-1.0,33.4,nan,nan,nan,NEUTRAL,LOW,Strong trend (ADX=53); Last surprise: -2.3%,-1.0,-1.0,1.0,34,2026-11-03,-2.31,0
2026-09-30T16:41:19,2026-09-30,NXPI,HOLD,0,Composite Multi-Indicator,MEDIUM,3,30.84,nan,2.82,0.0,5.64,0.0,0.0,2026-11-03,0.99,1.54,100.0,55.21,19.94,77.28,-7.04,34.0,1,2026-06-12 to 2026-09-28 (74 days),-1.0,54.1,nan,nan,nan,NEUTRAL,LOW,Last surprise: +2.3%,-1.0,-1.0,1.0,27,2026-10-27,2.27,0
2026-09-30T16:42:44,2026-09-30,CRUS,HOLD,0,EMA Crossover (9/21),MEDIUM,2,30.77,nan,2.0,0.0,4.0,0.0,0.0,2026-10-10,0.38,0.54,100.0,4.98,1.37,67.88,-1.37,10.0,1,2026-06-12 to 2026-09-28 (74 days),-1.0,51.4,nan,nan,nan,NEUTRAL,LOW,No special conditions,-1.0,-1.0,1.0,34,2026-11-03,,0
2026-09-30T16:42:23,2026-09-30,SSB,HOLD,0,EMA Crossover (9/21),MEDIUM,3,30.57,nan,2.0,0.0,4.0,0.0,0.0,2026-10-01,0.78,2.17,100.0,3.65,0.57,-11.62,-0.2,1.0,1,2026-06-12 to 2026-09-28 (74 days),-1.0,35.4,nan,nan,nan,NEUTRAL,LOW,Strong trend (ADX=37),-1.0,-1.0,1.0,21,2026-10-21,,0
2026-09-30T16:40:05,2026-09-30,ADSK,HOLD,0,Stochastic Oscillator,MEDIUM,3,30.54,nan,3.84,0.0,5.76,0.0,0.0,2026-10-20,0.37,0.63,100.0,23.9,6.26,-9.82,-9.59,20.5,2,2026-06-12 to 2026-09-28 (74 days),-1.0,35.5,nan,nan,nan,NEUTRAL,LOW,Last surprise: +5.8%; Earnings conf adj: +1,-1.0,-1.0,1.0,58,2026-11-27,5.77,1
2026-09-30T16:41:11,2026-09-30,MKC,HOLD,0,MACD Crossover,MEDIUM,2,30.47,nan,2.11,0.0,4.22,0.0,0.0,2026-10-22,1.91,3.31,100.0,131.95,53.48,53.84,-5.27,22.0,2,2026-06-12 to 2026-09-28 (74 days),-1.0,34.7,nan,nan,nan,NEUTRAL,LOW,Strong trend (ADX=35); Earnings in 1d (2026-10-01); Last surprise: +14.3%; Earnings conf adj: -2,-1.0,-1.0,1.0,1,2026-10-01,14.29,-2
2026-09-30T16:42:15,2026-09-30,ARW,HOLD,0,Composite Multi-Indicator,HIGH,4,30.38,nan,3.36,0.0,6.72,0.0,0.0,2026-11-18,1.75,2.59,100.0,136.68,52.89,47.18,-8.4,49.0,1,2026-06-12 to 2026-09-28 (74 days),-1.0,62.7,nan,nan,nan,NEUTRAL,LOW,Strong trend (ADX=39),-1.0,-1.0,1.0,29,2026-10-29,,0
2026-09-30T16:43:06,2026-09-30,COLM,HOLD,0,Stochastic Oscillator,LOW,0,30.29,nan,5.09,0.0,7.64,0.0,0.0,2026-11-08,-0.53,-0.7,50.0,0.41,-15.44,20.12,-12.73,39.0,2,2026-06-12 to 2026-09-28 (74 days),-1.0,55.1,nan,nan,nan,NEUTRAL,LOW,No special conditions,-1.0,-1.0,1.0,29,2026-10-29,,0
2026-09-30T16:41:28,2026-09-30,Q,HOLD,0,VWAP Trend,LOW,1,30.27,nan,4.61,0.0,6.92,0.0,0.0,2026-10-02,-0.65,-0.83,42.9,0.86,-15.83,45.75,-11.53,2.6,7,2026-06-23 to 2026-09-28 (68 days),-1.0,51.2,nan,nan,nan,NEUTRAL,LOW,Last surprise: +11.2%; Earnings conf adj: +1,-1.0,-1.0,1.0,47,2026-11-16,11.21,1
2026-09-30T16:40:30,2026-09-30,CVX,HOLD,0,PEAD Earnings Drift,HIGH,5,30.24,nan,2.82,0.0,5.64,0.0,0.0,2026-11-23,2.3,4.06,100.0,115.74,44.89,0.67,-7.05,54.0,1,2026-06-12 to 2026-09-28 (74 days),-1.0,51.2,nan,nan,nan,NEUTRAL,LOW,Last surprise: +8.8%; Earnings conf adj: +1,-1.0,-1.0,1.0,30,2026-10-30,8.8,1
2026-09-30T16:41:43,2026-09-30,TXN,HOLD,0,Stochastic Oscillator,MEDIUM,3,30.17,nan,4.58,0.0,6.87,0.0,0.0,2026-11-25,0.21,0.32,100.0,7.45,2.25,24.7,-11.44,56.0,1,2026-06-12 to 2026-09-28 (74 days),-1.0,60.3,nan,nan,nan,NEUTRAL,LOW,Last surprise: +10.3%; Earnings conf adj: +1,-1.0,-1.0,1.0,27,2026-10-27,10.31,1
2026-09-30T16:41:02,2026-09-30,KHC,HOLD,0,Stochastic Oscillator,HIGH,5,30.14,nan,2.0,0.0,3.0,0.0,0.0,2026-10-13,2.52,5.07,66.7,38.92,60.44,66.71,-3.47,13.0,3,2026-06-12 to 2026-09-28 (74 days),-1.0,36.0,nan,nan,nan,NEUTRAL,LOW,Strong trend (ADX=42); Last surprise: +5.7%; Earnings conf adj: +1,-1.0,-1.0,1.0,28,2026-10-28,5.66,1
2026-09-30T16:41:32,2026-09-30,SJM,HOLD,0,MACD Crossover,HIGH,4,30.1,nan,2.8,0.0,5.6,0.0,0.0,2026-10-16,0.6,0.94,100.0,27.44,8.66,-7.84,-7.0,16.0,2,2026-06-12 to 2026-09-28 (74 days),-1.0,44.1,nan,nan,nan,NEUTRAL,LOW,Last surprise: +45.9%; Earnings conf adj: +1,-1.0,-1.0,1.0,55,2026-11-24,45.95,1
2026-09-30T16:40:31,2026-09-30,DAL,HOLD,0,MACD Crossover,MEDIUM,3,29.98,nan,5.4,0.0,10.8,0.0,0.0,2026-10-16,0.95,1.52,66.7,1.99,18.15,13.17,-13.49,16.0,3,2026-06-12 to 2026-09-28 (74 days),-1.0,55.8,nan,nan,nan,NEUTRAL,LOW,Last surprise: +4.7%,-1.0,-1.0,1.0,9,2026-10-09,4.7,0
2026-09-30T16:42:22,2026-09-30,CART,BUY,1,ADX Trend Following,HIGH,4,29.97,nan,2.24,nan,4.48,nan,10.0,2026-10-09,1.13,1.66,80.0,8.81,27.94,9.29,-5.59,9.6,5,2026-06-12 to 2026-09-28 (74 days),0.524,34.3,nan,nan,nan,NEUTRAL,LOW,Strong trend (ADX=39),-1.0,-1.0,1.0,40,2026-11-09,,0
2026-09-30T16:43:12,2026-09-30,XLP,HOLD,-1,VWAP Trend,LOW,0,29.95,nan,2.0,nan,3.0,nan,0.0,2026-10-02,-2.94,-3.06,50.0,0.25,-13.87,-4.45,-4.51,2.3,6,2026-06-12 to 2026-09-28 (74 days),-1.0,42.9,nan,nan,nan,NEUTRAL,LOW,No special conditions,-1.0,-1.0,1.0,-1,,,0
2026-09-30T16:42:54,2026-09-30,HAE,HOLD,0,52-Week High Momentum,HIGH,4,29.93,nan,2.84,0.0,5.68,0.0,0.0,2026-11-29,2.06,7.52,100.0,246.23,93.29,-90.53,-7.11,60.0,1,2026-06-12 to 2026-09-28 (74 days),-1.0,59.3,nan,nan,nan,NEUTRAL,LOW,Strong trend (ADX=31),-1.0,-1.0,1.0,36,2026-11-05,,0
2026-09-30T16:42:25,2026-09-30,BRKR,HOLD,0,Stochastic Oscillator,HIGH,4,29.91,nan,4.85,0.0,7.28,0.0,0.0,2026-11-14,1.54,2.72,100.0,152.91,60.55,-10.81,-12.12,45.0,1,2026-06-12 to 2026-09-28 (74 days),-1.0,59.1,nan,nan,nan,NEUTRAL,LOW,Strong trend (ADX=31),-1.0,-1.0,1.0,34,2026-11-03,,0
2026-09-30T16:41:35,2026-09-30,STX,EXIT,-1,SMA Crossover (10/50),HIGH,4,29.86,nan,2.0,nan,4.0,nan,10.0,2026-10-03,0.9,2.76,100.0,4.1,0.73,3.71,-0.2,3.0,1,2026-06-12 to 2026-09-28 (74 days),-1.0,59.2,nan,nan,nan,NEUTRAL,LOW,Last surprise: +12.2%; Earnings conf adj: +1,-1.0,-1.0,1.0,27,2026-10-27,12.18,1
2026-09-30T16:41:12,2026-09-30,MNST,HOLD,-1,VWAP Trend,LOW,1,29.8,nan,2.0,nan,3.0,nan,0.0,2026-10-01,-1.36,-1.66,63.6,0.72,-9.35,20.64,-4.3,1.6,11,2026-06-12 to 2026-09-28 (74 days),-1.0,31.9,nan,nan,nan,NEUTRAL,LOW,Strong trend (ADX=32); Last surprise: +3.4%,-1.0,-1.0,1.0,36,2026-11-05,3.45,0
2026-09-30T16:41:44,2026-09-30,UHS,HOLD,0,Composite Multi-Indicator,HIGH,4,29.76,nan,2.46,0.0,4.92,0.0,0.0,2026-12-14,2.72,4.81,100.0,199.44,86.58,-8.48,-6.16,75.0,1,2026-06-12 to 2026-09-28 (74 days),-1.0,54.3,nan,nan,nan,NEUTRAL,LOW,Last surprise: -0.5%,-1.0,-1.0,1.0,26,2026-10-26,-0.5,0
2026-09-30T16:42:13,2026-09-30,BJ,HOLD,0,Stochastic Oscillator,HIGH,4,29.73,nan,2.24,0.0,3.36,0.0,0.0,2026-10-27,1.16,1.93,100.0,57.26,18.29,-5.34,-5.59,27.0,1,2026-06-12 to 2026-09-28 (74 days),-1.0,60.3,nan,nan,nan,NEUTRAL,LOW,No special conditions,-1.0,-1.0,1.0,51,2026-11-20,,0
2026-09-30T16:40:21,2026-09-30,CHD,HOLD,0,Stochastic Oscillator,MEDIUM,2,29.72,nan,2.0,0.0,3.0,0.0,0.0,2026-10-14,0.34,0.59,100.0,10.0,1.36,7.07,-0.89,14.0,1,2026-06-12 to 2026-09-28 (74 days),-1.0,43.7,nan,nan,nan,NEUTRAL,LOW,Last surprise: -1.1%,-1.0,-1.0,1.0,30,2026-10-30,-1.11,0
2026-09-30T16:41:55,2026-09-30,CNH,HOLD,0,PEAD Earnings Drift,HIGH,5,29.72,nan,4.3,0.0,8.6,0.0,0.0,2026-11-22,1.74,3.31,100.0,221.12,76.5,-40.11,-10.74,53.0,1,2026-06-12 to 2026-09-28 (74 days),-1.0,54.9,nan,nan,nan,NEUTRAL,LOW,Last surprise: +18.2%; Earnings conf adj: +1,-1.0,-1.0,1.0,40,2026-11-09,18.18,1
2026-09-30T16:43:11,2026-09-30,UNG,EXIT,-1,ADX Trend Following,HIGH,4,29.64,nan,2.67,nan,5.34,nan,10.0,2026-11-08,1.22,2.11,100.0,76.92,28.22,44.25,-6.68,39.0,1,2026-06-12 to 2026-09-28 (74 days),-1.0,54.2,nan,nan,nan,NEUTRAL,LOW,No special conditions,-1.0,-1.0,1.0,-1,,,0
2026-09-30T16:40:04,2026-09-30,ACN,HOLD,0,MACD Crossover,MEDIUM,2,29.63,nan,2.28,0.0,4.56,0.0,0.0,2026-10-18,3.01,5.68,66.7,30.0,164.82,151.49,-5.71,18.3,3,2026-06-12 to 2026-09-28 (74 days),-1.0,42.9,nan,nan,nan,NEUTRAL,LOW,Earnings in 1d (2026-10-01); Last surprise: +2.4%; Earnings conf adj: -2,-1.0,-1.0,1.0,1,2026-10-01,2.43,-2
2026-09-30T16:42:08,2026-09-30,MLI,HOLD,0,MACD Crossover,HIGH,4,29.59,nan,2.05,0.0,4.1,0.0,0.0,2026-10-09,2.69,6.78,66.7,133.22,51.55,85.83,-5.13,9.7,3,2026-06-12 to 2026-09-28 (74 days),-1.0,46.3,nan,nan,nan,NEUTRAL,LOW,Strong trend (ADX=33); Last surprise: +1.7%,-1.0,-1.0,1.0,20,2026-10-20,1.74,0
2026-09-30T16:42:15,2026-09-30,MANH,HOLD,0,Composite Multi-Indicator,HIGH,4,29.57,nan,2.0,0.0,4.0,0.0,0.0,2026-10-17,1.68,2.78,100.0,76.58,28.52,-200.94,-4.56,17.0,1,2026-06-12 to 2026-09-28 (74 days),-1.0,44.6,nan,nan,nan,NEUTRAL,LOW,Strong trend (ADX=31),-1.0,-1.0,1.0,27,2026-10-27,,0
2026-09-30T16:40:38,2026-09-30,ELV,HOLD,0,VWAP Trend,MEDIUM,3,29.5,nan,2.03,0.0,4.06,0.0,0.0,2026-10-02,0.59,0.95,50.0,1.78,8.66,15.14,-5.08,2.9,8,2026-06-12 to 2026-09-28 (74 days),-1.0,43.1,nan,nan,nan,NEUTRAL,LOW,Last surprise: +20.0%; Earnings conf adj: +1,-1.0,-1.0,1.0,21,2026-10-21,19.97,1
2026-09-30T16:42:54,2026-09-30,MIDD,HOLD,0,Composite Multi-Indicator,MEDIUM,2,29.47,nan,2.2,0.0,4.4,0.0,0.0,2026-10-19,0.23,0.32,100.0,5.99,1.72,47.7,-5.51,19.0,1,2026-06-12 to 2026-09-28 (74 days),-1.0,35.0,nan,nan,nan,NEUTRAL,LOW,Strong trend (ADX=32),-1.0,-1.0,1.0,36,2026-11-05,,0
2026-09-30T16:41:40,2026-09-30,TMUS,HOLD,0,Stochastic Oscillator,MEDIUM,3,29.34,nan,2.0,0.0,3.0,0.0,0.0,2026-10-07,0.17,0.26,100.0,6.14,0.73,35.06,-2.12,7.0,1,2026-06-12 to 2026-09-28 (74 days),-1.0,38.8,nan,nan,nan,NEUTRAL,LOW,Strong trend (ADX=39); Last surprise: +15.0%; Earnings conf adj: +1,-1.0,-1.0,1.0,28,2026-10-28,15.0,1
2026-09-30T16:41:44,2026-09-30,ULTA,HOLD,0,Composite Multi-Indicator,HIGH,5,29.17,nan,2.38,0.0,4.76,0.0,0.0,2026-11-14,1.21,1.91,100.0,74.14,27.54,-46.44,-5.96,45.0,1,2026-06-12 to 2026-09-28 (74 days),-1.0,54.0,nan,nan,nan,NEUTRAL,LOW,Last surprise: +5.6%; Earnings conf adj: +1,-1.0,-1.0,1.0,64,2026-12-03,5.65,1
2026-09-30T16:40:46,2026-09-30,FTNT,EXIT,-1,SMA Crossover (10/50),HIGH,5,28.91,nan,2.0,nan,4.0,nan,10.0,2026-10-27,1.4,2.81,100.0,88.47,33.04,-57.46,-4.71,27.0,1,2026-06-12 to 2026-09-28 (74 days),-1.0,60.1,nan,nan,nan,NEUTRAL,LOW,Strong trend (ADX=38); Last surprise: +20.0%; Earnings conf adj: +1,-1.0,-1.0,1.0,35,2026-11-04,20.0,1
2026-09-30T16:42:03,2026-09-30,CRBG,EXIT,-1,VWAP Trend,HIGH,4,28.78,nan,2.0,nan,4.0,nan,10.0,2026-10-01,1.7,4.01,77.8,3.21,25.41,-58.99,-3.34,1.8,9,2026-06-12 to 2026-09-28 (74 days),-1.0,50.6,nan,nan,nan,NEUTRAL,LOW,Last surprise: +3.7%,-1.0,-1.0,1.0,33,2026-11-02,3.7,0
2026-09-30T16:43:04,2026-09-30,PK,HOLD,0,52-Week High Momentum,HIGH,4,28.77,nan,3.19,0.0,6.38,0.0,0.0,2027-01-13,1.54,2.28,100.0,109.78,42.74,2.42,-7.98,105.0,1,2026-06-12 to 2026-09-28 (74 days),-1.0,60.2,nan,nan,nan,NEUTRAL,LOW,No special conditions,-1.0,-1.0,1.0,35,2026-11-04,,0
2026-09-30T16:40:59,2026-09-30,IT,HOLD,0,ADX Trend Following,HIGH,5,28.75,nan,6.03,0.0,12.06,0.0,0.0,2026-10-24,1.9,3.94,66.7,73.5,181.32,63.19,-15.07,24.7,3,2026-06-12 to 2026-09-28 (74 days),-1.0,51.9,nan,nan,nan,NEUTRAL,LOW,Last surprise: +17.2%; Earnings conf adj: +1,-1.0,-1.0,1.0,34,2026-11-03,17.16,1
2026-09-30T16:40:41,2026-09-30,EXPD,HOLD,0,52-Week High Momentum,HIGH,5,28.64,nan,3.46,0.0,6.92,0.0,0.0,2027-01-13,2.16,3.79,100.0,154.3,63.47,10.15,-8.64,105.0,1,2026-06-12 to 2026-09-28 (74 days),-1.0,52.1,nan,nan,nan,NEUTRAL,LOW,Last surprise: +20.1%; Earnings conf adj: +1,-1.0,-1.0,1.0,34,2026-11-03,20.12,1
2026-09-30T16:40:58,2026-09-30,IQV,HOLD,0,Momentum (Rate of Change),HIGH,4,28.58,nan,3.13,0.0,6.26,0.0,0.0,2026-12-28,2.9,7.05,100.0,332.51,166.38,-132.78,-7.82,89.0,1,2026-06-12 to 2026-09-28 (74 days),-1.0,61.1,nan,nan,nan,NEUTRAL,LOW,Strong trend (ADX=31); Last surprise: +4.0%,-1.0,-1.0,1.0,27,2026-10-27,3.96,0
2026-09-30T16:40:19,2026-09-30,C,HOLD,0,ADX Trend Following,MEDIUM,2,28.42,nan,2.77,0.0,5.54,0.0,0.0,2026-10-09,0.12,0.16,66.7,1.25,0.69,18.78,-6.93,9.0,3,2026-06-12 to 2026-09-28 (74 days),-1.0,43.1,nan,nan,nan,NEUTRAL,LOW,Last surprise: +15.9%; Earnings conf adj: +1,-1.0,-1.0,1.0,13,2026-10-13,15.87,1
2026-09-30T16:42:00,2026-09-30,MEDP,EXIT,-1,ADX Trend Following,HIGH,5,28.4,nan,2.63,nan,5.26,nan,10.0,2026-11-12,1.38,3.18,100.0,135.65,53.48,-105.89,-6.58,43.0,2,2026-06-12 to 2026-09-28 (74 days),-1.0,56.3,nan,nan,nan,NEUTRAL,LOW,Last surprise: +6.2%; Earnings conf adj: +1,-1.0,-1.0,1.0,21,2026-10-21,6.25,1
2026-09-30T16:42:38,2026-09-30,CELH,HOLD,0,MACD Crossover,MEDIUM,3,28.4,nan,9.26,0.0,18.52,0.0,0.0,2026-10-13,0.96,1.41,75.0,3.58,48.41,61.69,-23.16,13.5,4,2026-06-12 to 2026-09-28 (74 days),-1.0,43.6,nan,nan,nan,NEUTRAL,LOW,No special conditions,-1.0,-1.0,1.0,40,2026-11-09,,0
2026-09-30T16:43:02,2026-09-30,FCN,HOLD,0,MACD Crossover,MEDIUM,3,28.39,nan,3.96,0.0,7.92,0.0,0.0,2026-10-11,0.58,0.84,75.0,2.29,9.2,55.72,-9.9,11.0,4,2026-06-12 to 2026-09-28 (74 days),-1.0,29.0,nan,nan,nan,NEUTRAL,LOW,RSI oversold; High volume; Strong trend (ADX=53),-1.0,-1.0,1.0,29,2026-10-29,,0
2026-09-30T16:40:37,2026-09-30,EG,HOLD,0,Stochastic Oscillator,MEDIUM,2,28.3,nan,2.0,0.0,3.0,0.0,0.0,2026-10-22,0.24,0.38,100.0,18.6,1.53,-35.47,-3.07,22.0,1,2026-06-12 to 2026-09-28 (74 days),-1.0,46.2,nan,nan,nan,NEUTRAL,LOW,Last surprise: +2.2%,-1.0,-1.0,1.0,28,2026-10-28,2.2,0
2026-09-30T16:42:41,2026-09-30,GATX,HOLD,0,Stochastic Oscillator,MEDIUM,3,28.23,nan,2.0,0.0,3.0,0.0,0.0,2026-11-13,0.73,1.11,100.0,26.36,7.14,-9.73,-3.93,44.0,1,2026-06-12 to 2026-09-28 (74 days),-1.0,54.1,nan,nan,nan,NEUTRAL,LOW,No special conditions,-1.0,-1.0,1.0,20,2026-10-20,,0
2026-09-30T16:42:49,2026-09-30,SAIC,HOLD,0,Stochastic Oscillator,MEDIUM,3,28.2,nan,2.0,0.0,3.0,0.0,0.0,2026-10-25,0.9,1.41,100.0,34.02,8.79,-55.25,-3.03,25.0,1,2026-06-12 to 2026-09-28 (74 days),-1.0,54.3,nan,nan,nan,NEUTRAL,LOW,Strong trend (ADX=33),-1.0,-1.0,1.0,-1,,,0
2026-09-30T16:40:51,2026-09-30,HAL,HOLD,0,VWAP Trend,LOW,0,28.12,nan,3.01,0.0,4.51,0.0,0.0,2026-10-01,-0.75,-0.99,40.0,0.83,-10.35,38.66,-7.52,1.8,10,2026-06-12 to 2026-09-28 (74 days),-1.0,34.7,nan,nan,nan,NEUTRAL,LOW,Strong trend (ADX=50); Last surprise: +1.9%,-1.0,-1.0,1.0,20,2026-10-20,1.85,0
2026-09-30T16:42:02,2026-09-30,DOCN,EXIT,-1,SMA Crossover (10/50),HIGH,4,28.12,nan,2.74,nan,5.48,nan,10.0,2026-10-10,0.72,2.17,100.0,46.26,16.06,69.85,-6.85,10.0,1,2026-06-12 to 2026-09-28 (74 days),-1.0,55.7,nan,nan,nan,NEUTRAL,LOW,Last surprise: +73.1%; Earnings conf adj: +1,-1.0,-1.0,1.0,35,2026-11-04,73.08,1
2026-09-30T16:41:35,2026-09-30,SRE,BUY,1,VWAP Trend,MEDIUM,2,28.05,nan,2.27,nan,4.54,nan,10.0,2026-10-04,-0.33,-0.45,66.7,0.93,-5.3,38.53,-5.68,4.2,9,2026-06-12 to 2026-09-28 (74 days),0.575,28.8,nan,nan,nan,NEUTRAL,LOW,RSI oversold; Strong trend (ADX=47); Last surprise: +9.4%; Earnings conf adj: +1,-1.0,-1.0,1.0,35,2026-11-04,9.43,1
2026-09-30T16:41:55,2026-09-30,ROKU,HOLD,0,52-Week High Momentum,HIGH,5,27.84,nan,2.0,0.0,4.0,0.0,0.0,2027-01-13,1.86,2.91,100.0,82.53,31.0,7.63,-4.53,105.0,1,2026-06-12 to 2026-09-28 (74 days),-1.0,44.8,nan,nan,nan,NEUTRAL,LOW,Strong trend (ADX=30); Last surprise: +114.3%; Earnings conf adj: +1,-1.0,-1.0,1.0,36,2026-11-05,114.29,1
2026-09-30T16:41:04,2026-09-30,KR,EXIT,-1,SMA Crossover (10/50),MEDIUM,3,27.8,nan,2.96,nan,5.92,nan,10.0,2026-10-28,0.92,1.6,100.0,36.37,12.73,35.25,-7.41,28.0,1,2026-06-12 to 2026-09-28 (74 days),-1.0,54.5,nan,nan,nan,NEUTRAL,LOW,Last surprise: +3.8%,-1.0,-1.0,1.0,64,2026-12-03,3.81,0
2026-09-30T16:40:54,2026-09-30,HSIC,HOLD,0,Stochastic Oscillator,MEDIUM,2,27.68,nan,2.0,0.0,3.0,0.0,0.0,2026-10-10,0.29,0.42,100.0,12.55,1.9,-19.72,-2.72,10.0,1,2026-06-12 to 2026-09-28 (74 days),-1.0,44.8,nan,nan,nan,NEUTRAL,LOW,Last surprise: +2.4%,-1.0,-1.0,1.0,34,2026-11-03,2.42,0
2026-09-30T16:40:44,2026-09-30,FIX,HOLD,0,Stochastic Oscillator,MEDIUM,3,27.64,nan,2.76,0.0,4.14,0.0,0.0,2026-11-01,0.46,0.64,100.0,25.82,8.44,43.19,-6.91,32.0,1,2026-06-12 to 2026-09-28 (74 days),-1.0,52.8,nan,nan,nan,NEUTRAL,LOW,Last surprise: +19.8%; Earnings conf adj: +1,-1.0,-1.0,1.0,22,2026-10-22,19.79,1
2026-09-30T16:41:23,2026-09-30,PFG,HOLD,0,Stochastic Oscillator,HIGH,4,27.54,nan,2.0,0.0,3.0,0.0,0.0,2026-11-04,0.51,1.11,100.0,31.37,7.46,-6.86,-4.15,35.0,1,2026-06-12 to 2026-09-28 (74 days),-1.0,51.3,nan,nan,nan,NEUTRAL,LOW,Last surprise: +7.3%; Earnings conf adj: +1,-1.0,-1.0,1.0,26,2026-10-26,7.3,1
2026-09-30T16:41:04,2026-09-30,KO,HOLD,0,52-Week High Momentum,HIGH,4,27.51,nan,2.0,0.0,4.0,0.0,0.0,2027-01-13,1.41,2.43,100.0,82.92,31.16,5.53,-4.83,105.0,1,2026-06-12 to 2026-09-28 (74 days),-1.0,46.4,nan,nan,nan,NEUTRAL,LOW,Last surprise: +4.3%,-1.0,-1.0,1.0,27,2026-10-27,4.3,0
2026-09-30T16:42:06,2026-09-30,EQH,HOLD,0,Composite Multi-Indicator,HIGH,4,27.46,nan,3.27,0.0,6.54,0.0,0.0,2027-01-03,2.25,3.84,100.0,199.76,86.74,1.32,-8.17,95.0,1,2026-06-12 to 2026-09-28 (74 days),-1.0,50.9,nan,nan,nan,NEUTRAL,LOW,Last surprise: +3.7%,-1.0,-1.0,1.0,34,2026-11-03,3.66,0
2026-09-30T16:41:47,2026-09-30,VRSN,HOLD,0,Stochastic Oscillator,MEDIUM,3,27.45,nan,3.93,0.0,5.9,0.0,0.0,2026-10-30,1.66,2.22,50.0,6.61,37.67,33.91,-9.82,30.5,2,2026-06-12 to 2026-09-28 (74 days),-1.0,41.0,nan,nan,nan,NEUTRAL,LOW,Last surprise: +1.3%,-1.0,-1.0,1.0,22,2026-10-22,1.28,0
2026-09-30T16:40:08,2026-09-30,AMCR,HOLD,0,Stochastic Oscillator,MEDIUM,2,27.38,nan,2.0,0.0,3.0,0.0,0.0,2026-10-17,-0.1,-0.16,100.0,10.11,-1.02,-26.96,-2.64,17.0,1,2026-06-12 to 2026-09-28 (74 days),-1.0,44.5,nan,nan,nan,NEUTRAL,LOW,Strong trend (ADX=31); Last surprise: +4.2%,-1.0,-1.0,1.0,36,2026-11-05,4.24,0
2026-09-30T16:42:04,2026-09-30,OHI,HOLD,0,Stochastic Oscillator,MEDIUM,3,27.35,nan,2.0,0.0,3.0,0.0,0.0,2026-11-15,0.1,0.16,100.0,13.56,0.5,-11.65,-2.66,46.0,1,2026-06-12 to 2026-09-28 (74 days),-1.0,48.1,nan,nan,nan,NEUTRAL,LOW,Last surprise: +154.2%; Earnings conf adj: +1,-1.0,-1.0,1.0,34,2026-11-03,154.17,1
2026-09-30T16:41:11,2026-09-30,MDT,EXIT,-1,ADX Trend Following,HIGH,4,27.25,nan,2.0,nan,4.0,nan,10.0,2026-10-16,1.48,2.44,75.0,10758.86,29.86,-25.09,-4.42,16.5,4,2026-06-12 to 2026-09-28 (74 days),-1.0,47.7,nan,nan,nan,NEUTRAL,LOW,High volume; Strong trend (ADX=32); Last surprise: +4.3%,-1.0,-1.0,1.0,48,2026-11-17,4.32,0
2026-09-30T16:42:07,2026-09-30,WMG,HOLD,0,Stochastic Oscillator,HIGH,5,27.23,nan,3.5,0.0,5.25,0.0,0.0,2026-10-16,1.24,1.85,66.7,82.72,27.32,40.25,-8.75,16.7,3,2026-06-12 to 2026-09-28 (74 days),-1.0,44.0,nan,nan,nan,NEUTRAL,LOW,Strong trend (ADX=30); Last surprise: +30.8%; Earnings conf adj: +1,-1.0,-1.0,1.0,50,2026-11-19,30.77,1
2026-09-30T16:41:21,2026-09-30,PANW,EXIT,-1,SMA Crossover (10/50),HIGH,4,27.22,nan,2.0,nan,4.0,nan,10.0,2026-10-07,1.25,2.48,100.0,53.69,18.96,-202.27,-4.72,7.0,1,2026-06-12 to 2026-09-28 (74 days),-1.0,59.8,nan,nan,nan,NEUTRAL,LOW,Last surprise: +4.1%,-1.0,-1.0,1.0,50,2026-11-19,4.08,0
2026-09-30T16:42:12,2026-09-30,DOCU,HOLD,0,Momentum (Rate of Change),HIGH,4,27.16,nan,4.75,0.0,9.5,0.0,0.0,2026-12-21,2.68,5.07,100.0,417.47,225.14,-68.67,-11.88,82.0,1,2026-06-12 to 2026-09-28 (74 days),-1.0,53.0,nan,nan,nan,NEUTRAL,LOW,Strong trend (ADX=35),-1.0,-1.0,1.0,64,2026-12-03,,0
2026-09-30T16:40:49,2026-09-30,GOOG,HOLD,0,ADX Trend Following,MEDIUM,2,27.14,nan,5.6,0.0,11.2,0.0,0.0,2026-10-19,0.4,0.58,75.0,28.8,7.73,24.7,-14.01,19.5,4,2026-06-12 to 2026-09-28 (74 days),-1.0,48.4,nan,nan,nan,NEUTRAL,LOW,Last surprise: -2.1%,-1.0,-1.0,1.0,28,2026-10-28,-2.06,0
2026-09-30T16:43:06,2026-09-30,EXPO,BUY,1,VWAP Trend,HIGH,4,27.07,nan,2.86,nan,5.72,nan,10.0,2026-10-08,2.05,3.63,77.8,7.91,59.48,5.88,-7.16,8.3,9,2026-06-12 to 2026-09-28 (74 days),0.238,35.8,nan,nan,nan,NEUTRAL,LOW,No special conditions,-1.0,-1.0,1.0,29,2026-10-29,,0
2026-09-30T16:40:14,2026-09-30,BDX,HOLD,0,Stochastic Oscillator,MEDIUM,3,26.96,nan,2.0,0.0,3.0,0.0,0.0,2026-10-18,0.86,1.57,100.0,41.0,8.31,-116.48,-3.6,18.0,1,2026-06-12 to 2026-09-28 (74 days),-1.0,55.0,nan,nan,nan,NEUTRAL,LOW,Last surprise: +2.9%,-1.0,-1.0,1.0,36,2026-11-05,2.87,0
2026-09-30T16:40:57,2026-09-30,INCY,HOLD,0,Stochastic Oscillator,HIGH,4,26.94,nan,2.0,0.0,3.0,0.0,0.0,2026-10-13,0.59,1.05,100.0,24.3,4.95,-57.1,-2.92,13.0,1,2026-06-12 to 2026-09-28 (74 days),-1.0,51.1,nan,nan,nan,NEUTRAL,LOW,Last surprise: +43.7%; Earnings conf adj: +1,-1.0,-1.0,1.0,27,2026-10-27,43.72,1
2026-09-30T16:42:35,2026-09-30,THG,HOLD,0,VWAP Trend,LOW,1,26.85,nan,2.2,0.0,3.3,0.0,0.0,2026-10-02,-0.35,-0.54,63.6,0.99,-4.5,-45.86,-5.51,2.1,11,2026-06-12 to 2026-09-28 (74 days),-1.0,38.8,nan,nan,nan,NEUTRAL,LOW,Strong trend (ADX=35),-1.0,-1.0,1.0,28,2026-10-28,,0
2026-09-30T16:41:43,2026-09-30,UAL,HOLD,0,MACD Crossover,HIGH,4,26.82,nan,5.46,0.0,10.92,0.0,0.0,2026-10-15,0.53,0.87,66.7,1.66,11.03,22.51,-13.64,15.3,3,2026-06-12 to 2026-09-28 (74 days),-1.0,48.8,nan,nan,nan,NEUTRAL,LOW,Last surprise: +7.6%; Earnings conf adj: +1,-1.0,-1.0,1.0,20,2026-10-20,7.57,1
2026-09-30T16:42:40,2026-09-30,CHE,HOLD,0,Stochastic Oscillator,MEDIUM,2,26.78,nan,2.0,0.0,3.0,0.0,0.0,2026-10-11,0.15,0.43,100.0,15.46,0.81,-102.47,-3.31,11.0,1,2026-06-12 to 2026-09-28 (74 days),-1.0,51.1,nan,nan,nan,NEUTRAL,LOW,No special conditions,-1.0,-1.0,1.0,27,2026-10-27,,0
2026-09-30T16:41:07,2026-09-30,LRCX,HOLD,0,Stochastic Oscillator,HIGH,4,26.68,nan,10.0,0.0,15.0,0.0,0.0,2026-11-01,0.57,0.98,100.0,53.34,18.68,59.55,-28.55,32.0,2,2026-06-12 to 2026-09-28 (74 days),-1.0,55.9,nan,nan,nan,NEUTRAL,LOW,Last surprise: +8.3%; Earnings conf adj: +1,-1.0,-1.0,1.0,21,2026-10-21,8.33,1
2026-09-30T16:40:14,2026-09-30,BALL,HOLD,0,VWAP Trend,MEDIUM,3,26.63,nan,2.0,0.0,4.0,0.0,0.0,2026-10-01,0.8,1.37,63.6,1.68,7.77,5.74,-4.58,1.9,11,2026-06-12 to 2026-09-28 (74 days),-1.0,29.6,nan,nan,nan,NEUTRAL,LOW,RSI oversold; Strong trend (ADX=36); Last surprise: +4.0%,-1.0,-1.0,1.0,34,2026-11-03,4.04,0
2026-09-30T16:41:26,2026-09-30,PRU,HOLD,0,VWAP Trend,LOW,1,26.59,nan,2.0,0.0,3.0,0.0,0.0,2026-10-01,-1.25,-1.67,50.0,0.71,-8.68,-40.07,-4.99,1.9,10,2026-06-12 to 2026-09-28 (74 days),-1.0,41.3,nan,nan,nan,NEUTRAL,LOW,Strong trend (ADX=37); Last surprise: +15.9%; Earnings conf adj: +1,-1.0,-1.0,1.0,28,2026-10-28,15.91,1
2026-09-30T16:42:48,2026-09-30,ESNT,BUY,1,ADX Trend Following,HIGH,4,26.57,nan,2.0,nan,4.0,nan,10.0,2026-10-14,2.46,5.12,80.0,5.06,49.39,13.79,-3.43,14.4,5,2026-06-12 to 2026-09-28 (74 days),0.052,26.6,nan,nan,nan,NEUTRAL,LOW,RSI oversold; Strong trend (ADX=48),-1.0,-1.0,1.0,37,2026-11-06,,0
2026-09-30T16:41:47,2026-09-30,VRT,HOLD,0,VWAP Trend,HIGH,5,26.52,nan,4.54,0.0,9.08,0.0,0.0,2026-10-02,1.91,2.9,71.4,2.51,93.04,145.52,-11.35,2.3,7,2026-06-12 to 2026-09-28 (74 days),-1.0,43.7,nan,nan,nan,NEUTRAL,LOW,Last surprise: +6.3%; Earnings conf adj: +1,-1.0,-1.0,1.0,21,2026-10-21,6.29,1
2026-09-30T16:41:24,2026-09-30,PH,HOLD,0,VWAP Trend,HIGH,5,26.5,nan,2.0,0.0,4.0,0.0,0.0,2026-10-02,1.64,5.97,66.7,3.92,26.64,-1.84,-2.26,2.0,9,2026-06-12 to 2026-09-28 (74 days),-1.0,50.8,nan,nan,nan,NEUTRAL,LOW,Last surprise: +12.1%; Earnings conf adj: +1,-1.0,-1.0,1.0,36,2026-11-05,12.09,1
2026-09-30T16:42:31,2026-09-30,TTEK,BUY,1,ADX Trend Following,HIGH,4,26.47,nan,2.0,nan,4.0,nan,10.0,2026-10-23,3.36,6.66,66.7,158.35,113.75,29.07,-4.75,23.3,3,2026-06-12 to 2026-09-28 (74 days),0.437,36.3,nan,nan,nan,NEUTRAL,LOW,Strong trend (ADX=34),-1.0,-1.0,1.0,42,2026-11-11,,0
2026-09-30T16:41:36,2026-09-30,SW,HOLD,0,Stochastic Oscillator,LOW,1,26.42,nan,3.17,0.0,4.76,0.0,0.0,2026-10-22,0.39,0.51,100.0,24.41,4.99,-13.31,-7.92,22.0,1,2026-06-12 to 2026-09-28 (74 days),-1.0,47.1,nan,nan,nan,NEUTRAL,LOW,Last surprise: -16.7%; Earnings conf adj: -1,-1.0,-1.0,1.0,28,2026-10-28,-16.67,-1
2026-09-30T16:41:49,2026-09-30,WDAY,HOLD,0,ADX Trend Following,HIGH,5,26.34,nan,4.22,0.0,8.44,0.0,0.0,2026-10-12,1.99,4.18,80.0,21.57,134.9,-118.81,-10.55,12.8,5,2026-06-12 to 2026-09-28 (74 days),-1.0,49.5,nan,nan,nan,NEUTRAL,LOW,Last surprise: +5.4%; Earnings conf adj: +1,-1.0,-1.0,1.0,-34,2026-08-27,5.36,1
2026-09-30T16:42:56,2026-09-30,FBIN,HOLD,0,MACD Crossover,MEDIUM,3,26.26,nan,2.0,0.0,4.0,0.0,0.0,2026-10-01,1.64,23.96,50.0,35.59,11.28,43.27,-0.2,0.5,2,2026-06-12 to 2026-09-28 (74 days),-1.0,35.0,nan,nan,nan,NEUTRAL,LOW,Strong trend (ADX=41),-1.0,-1.0,1.0,43,2026-11-12,,0
2026-09-30T16:40:31,2026-09-30,DD,HOLD,0,VWAP Trend,MEDIUM,2,26.25,nan,2.54,0.0,5.08,0.0,0.0,2026-10-03,-0.27,-0.38,62.5,0.95,-4.65,23.5,-6.35,3.5,8,2026-06-12 to 2026-09-28 (74 days),-1.0,47.2,nan,nan,nan,NEUTRAL,LOW,Last surprise: +6.8%; Earnings conf adj: +1,-1.0,-1.0,1.0,36,2026-11-05,6.82,1
2026-09-30T16:41:52,2026-09-30,YUM,HOLD,0,VWAP Trend,LOW,1,26.08,nan,3.12,0.0,4.68,0.0,0.0,2026-10-06,0.19,0.29,60.0,1.26,1.8,32.12,-7.8,6.5,10,2026-06-12 to 2026-09-28 (74 days),-1.0,40.2,nan,nan,nan,NEUTRAL,LOW,Strong trend (ADX=44); Last surprise: +3.8%,-1.0,-1.0,1.0,34,2026-11-03,3.85,0
2026-09-30T16:42:38,2026-09-30,APPF,HOLD,0,VWAP Trend,HIGH,4,26.03,nan,4.92,0.0,9.84,0.0,0.0,2026-10-12,2.65,4.5,66.7,5.15,168.96,65.96,-12.3,12.8,6,2026-06-12 to 2026-09-28 (74 days),-1.0,39.2,nan,nan,nan,NEUTRAL,LOW,No special conditions,-1.0,-1.0,1.0,29,2026-10-29,,0
2026-09-30T16:41:40,2026-09-30,TRGP,HOLD,0,PEAD Earnings Drift,HIGH,4,25.93,nan,3.32,0.0,6.64,0.0,0.0,2026-11-17,0.8,1.61,100.0,44.13,15.26,7.28,-8.3,48.0,1,2026-06-12 to 2026-09-28 (74 days),-1.0,40.9,nan,nan,nan,NEUTRAL,LOW,Last surprise: +14.4%; Earnings conf adj: +1,-1.0,-1.0,1.0,36,2026-11-05,14.44,1
2026-09-30T16:42:25,2026-09-30,AMG,HOLD,0,Stochastic Oscillator,MEDIUM,2,25.87,nan,3.02,0.0,4.53,0.0,0.0,2026-11-04,0.49,0.76,100.0,24.6,6.14,-7.65,-7.56,35.0,1,2026-06-12 to 2026-09-28 (74 days),-1.0,55.0,nan,nan,nan,NEUTRAL,LOW,No special conditions,-1.0,-1.0,1.0,33,2026-11-02,,0
2026-09-30T16:40:53,2026-09-30,HON,HOLD,0,MACD Crossover,MEDIUM,2,25.86,nan,4.1,0.0,8.2,0.0,0.0,2026-10-15,-0.61,-0.78,66.7,0.43,-15.8,9.72,-10.25,15.0,3,2026-06-12 to 2026-09-28 (74 days),-1.0,47.6,nan,nan,nan,NEUTRAL,LOW,Strong trend (ADX=31); Last surprise: +7.1%; Earnings conf adj: +1,-1.0,-1.0,1.0,22,2026-10-22,7.14,1
2026-09-30T16:41:55,2026-09-30,ATI,HOLD,0,VWAP Trend,HIGH,5,25.74,nan,2.0,0.0,4.0,0.0,0.0,2026-10-01,1.34,2.66,57.1,2.16,14.1,41.81,-3.09,1.9,7,2026-06-12 to 2026-09-28 (74 days),-1.0,34.9,nan,nan,nan,NEUTRAL,LOW,Strong trend (ADX=56); Last surprise: +18.3%; Earnings conf adj: +1,-1.0,-1.0,1.0,27,2026-10-27,18.27,1
2026-09-30T16:40:19,2026-09-30,CAT,HOLD,0,VWAP Trend,HIGH,5,25.67,nan,2.0,0.0,4.0,0.0,0.0,2026-10-02,2.3,5.19,66.7,5.38,48.49,78.41,-3.91,2.0,6,2026-06-12 to 2026-09-28 (74 days),-1.0,51.7,nan,nan,nan,NEUTRAL,LOW,Last surprise: +31.8%; Earnings conf adj: +1,-1.0,-1.0,1.0,29,2026-10-29,31.77,1
2026-09-30T16:41:34,2026-09-30,SPG,HOLD,0,VWAP Trend,MEDIUM,2,25.15,nan,2.0,0.0,4.0,0.0,0.0,2026-10-03,-0.04,-0.05,57.1,1.17,-0.74,17.37,-3.69,3.1,7,2026-06-12 to 2026-09-28 (74 days),-1.0,37.8,nan,nan,nan,NEUTRAL,LOW,Strong trend (ADX=52); Last surprise: +10.2%; Earnings conf adj: +1,-1.0,-1.0,1.0,33,2026-11-02,10.19,1
2026-09-30T16:41:53,2026-09-30,TWLO,EXIT,-1,SMA Crossover (10/50),HIGH,5,25.11,nan,4.74,nan,9.48,nan,10.0,2026-11-16,1.51,2.51,100.0,162.65,67.03,-157.37,-11.84,47.0,1,2026-06-12 to 2026-09-28 (74 days),-1.0,65.8,nan,nan,nan,NEUTRAL,LOW,Strong trend (ADX=47); Last surprise: +11.4%; Earnings conf adj: +1,-1.0,-1.0,1.0,29,2026-10-29,11.36,1
2026-09-30T16:42:49,2026-09-30,PEGA,EXIT,-1,SMA Crossover (10/50),MEDIUM,3,24.86,nan,5.7,nan,11.4,nan,10.0,2026-11-16,0.83,1.52,100.0,61.7,22.5,16.16,-14.24,47.0,1,2026-06-12 to 2026-09-28 (74 days),-1.0,41.1,nan,nan,nan,NEUTRAL,LOW,Strong trend (ADX=33),-1.0,-1.0,1.0,20,2026-10-20,,0
2026-09-30T16:42:40,2026-09-30,HIMS,HOLD,0,Stochastic Oscillator,MEDIUM,2,24.81,nan,7.51,0.0,11.26,0.0,0.0,2026-12-05,0.43,0.63,100.0,23.56,6.87,-20.7,-18.77,66.0,1,2026-06-12 to 2026-09-28 (74 days),-1.0,48.7,nan,nan,nan,NEUTRAL,LOW,No special conditions,-1.0,-1.0,1.0,40,2026-11-09,,0
2026-09-30T16:41:57,2026-09-30,RGLD,HOLD,0,ADX Trend Following,HIGH,4,24.7,nan,3.49,0.0,6.98,0.0,0.0,2026-10-27,2.88,5.57,66.7,20.95,145.4,78.2,-8.72,27.7,3,2026-06-12 to 2026-09-28 (74 days),-1.0,42.5,nan,nan,nan,NEUTRAL,LOW,Last surprise: +0.8%,-1.0,-1.0,1.0,35,2026-11-04,0.79,0
2026-09-30T16:40:10,2026-09-30,APA,HOLD,0,ADX Trend Following,HIGH,4,24.68,nan,4.31,0.0,8.62,0.0,0.0,2026-11-02,2.23,3.93,100.0,224.86,104.86,42.13,-10.78,33.5,2,2026-06-12 to 2026-09-28 (74 days),-1.0,46.9,nan,nan,nan,NEUTRAL,LOW,Last surprise: +1.1%,-1.0,-1.0,1.0,35,2026-11-04,1.07,0
2026-09-30T16:42:04,2026-09-30,WPC,HOLD,0,VWAP Trend,MEDIUM,2,24.63,nan,2.0,0.0,4.0,0.0,0.0,2026-10-03,-1.32,-1.74,57.1,0.69,-6.4,31.98,-4.52,3.3,7,2026-06-12 to 2026-09-28 (74 days),-1.0,26.3,nan,nan,nan,NEUTRAL,LOW,RSI oversold; Strong trend (ADX=62); Last surprise: +27.8%; Earnings conf adj: +1,-1.0,-1.0,1.0,27,2026-10-27,27.78,1
2026-09-30T16:40:20,2026-09-30,CCL,HOLD,0,MACD Crossover,LOW,1,24.56,nan,3.14,0.0,4.71,0.0,0.0,2026-10-12,-0.01,-0.02,50.0,0.96,-1.35,59.39,-7.84,12.5,2,2026-06-12 to 2026-09-28 (74 days),-1.0,35.8,nan,nan,nan,NEUTRAL,LOW,High volume; Strong trend (ADX=32); Last surprise: +5.9%; Earnings conf adj: +1,-1.0,-1.0,1.0,79,2026-12-18,5.93,1
2026-09-30T16:41:19,2026-09-30,NVR,HOLD,0,MACD Crossover,LOW,0,24.56,nan,2.0,0.0,3.0,0.0,0.0,2026-10-07,-0.32,-0.44,75.0,0.85,-3.46,2.22,-4.98,7.2,4,2026-06-12 to 2026-09-28 (74 days),-1.0,49.9,nan,nan,nan,NEUTRAL,LOW,Last surprise: -6.7%; Earnings conf adj: -1,-1.0,-1.0,1.0,21,2026-10-21,-6.69,-1
2026-09-30T16:43:03,2026-09-30,BILL,BUY,1,VWAP Trend,HIGH,4,24.54,nan,3.47,nan,6.94,nan,10.0,2026-10-07,3.22,6.2,71.4,9.86,209.72,91.42,-8.68,7.6,7,2026-06-12 to 2026-09-28 (74 days),0.595,30.2,nan,nan,nan,NEUTRAL,LOW,Strong trend (ADX=32),-1.0,-1.0,1.0,36,2026-11-05,,0
2026-09-30T16:41:25,2026-09-30,PLTR,HOLD,0,PEAD Earnings Drift,HIGH,5,24.51,nan,4.4,0.0,8.8,0.0,0.0,2026-11-22,1.9,3.66,100.0,201.41,87.0,-186.49,-11.01,53.0,1,2026-06-12 to 2026-09-28 (74 days),-1.0,61.0,nan,nan,nan,NEUTRAL,LOW,Strong trend (ADX=36); Last surprise: +17.1%; Earnings conf adj: +1,-1.0,-1.0,1.0,33,2026-11-02,17.14,1
2026-09-30T16:41:57,2026-09-30,SNX,HOLD,0,Composite Multi-Indicator,MEDIUM,3,24.44,nan,4.36,0.0,8.72,0.0,0.0,2026-11-09,0.34,0.46,100.0,18.74,5.87,31.82,-10.91,40.0,1,2026-06-12 to 2026-09-28 (74 days),-1.0,46.2,nan,nan,nan,NEUTRAL,LOW,Last surprise: +20.9%; Earnings conf adj: +1,-1.0,-1.0,1.0,-6,2026-09-24,20.85,1
2026-09-30T16:41:34,2026-09-30,SOLV,HOLD,0,52-Week High Momentum,MEDIUM,3,24.4,nan,3.52,0.0,7.04,0.0,0.0,2026-11-30,-0.22,-0.3,100.0,10.18,-5.67,-60.63,-8.81,61.0,1,2026-06-12 to 2026-09-28 (74 days),-1.0,54.1,nan,nan,nan,NEUTRAL,LOW,Last surprise: +33.5%; Earnings conf adj: +1,-1.0,-1.0,1.0,36,2026-11-05,33.51,1
2026-09-30T16:41:21,2026-09-30,ORLY,HOLD,0,MACD Crossover,LOW,1,24.36,nan,3.65,0.0,5.48,0.0,0.0,2026-10-13,-0.13,-0.17,66.7,0.88,-4.7,11.39,-9.12,13.0,3,2026-06-12 to 2026-09-28 (74 days),-1.0,49.0,nan,nan,nan,NEUTRAL,LOW,Last surprise: +0.0%,-1.0,-1.0,1.0,28,2026-10-28,0.0,0
2026-09-30T16:40:45,2026-09-30,FLEX,HOLD,0,VWAP Trend,HIGH,5,24.09,nan,4.62,0.0,9.24,0.0,0.0,2026-10-04,1.35,2.15,80.0,3.02,49.97,112.06,-11.55,4.2,5,2026-06-12 to 2026-09-28 (74 days),-1.0,50.3,nan,nan,nan,NEUTRAL,LOW,Last surprise: +8.7%; Earnings conf adj: +1,-1.0,-1.0,1.0,28,2026-10-28,8.7,1
2026-09-30T16:41:12,2026-09-30,MPC,HOLD,0,52-Week High Momentum,HIGH,4,24.02,nan,3.44,0.0,6.88,0.0,0.0,2026-11-15,4.2,7.58,50.0,16.1,279.48,-8.96,-8.59,46.5,2,2026-06-12 to 2026-09-28 (74 days),-1.0,53.7,nan,nan,nan,NEUTRAL,LOW,Strong trend (ADX=41); Last surprise: +27.1%; Earnings conf adj: +1,-1.0,-1.0,1.0,34,2026-11-03,27.1,1
2026-09-30T16:41:31,2026-09-30,SBUX,HOLD,0,VWAP Trend,MEDIUM,2,23.91,nan,2.0,0.0,4.0,0.0,0.0,2026-10-02,-1.43,-1.76,57.1,0.48,-9.24,12.95,-4.49,2.0,7,2026-06-12 to 2026-09-28 (74 days),-1.0,33.8,nan,nan,nan,NEUTRAL,LOW,Strong trend (ADX=62); Last surprise: +30.8%; Earnings conf adj: +1,-1.0,-1.0,1.0,28,2026-10-28,30.77,1
2026-09-30T16:42:50,2026-09-30,SHC,HOLD,0,Stochastic Oscillator,MEDIUM,2,23.86,nan,2.15,0.0,3.22,0.0,0.0,2026-10-17,-0.1,-0.15,100.0,3.35,-1.25,-58.25,-5.38,17.0,1,2026-06-12 to 2026-09-28 (74 days),-1.0,46.3,nan,nan,nan,NEUTRAL,LOW,No special conditions,-1.0,-1.0,1.0,34,2026-11-03,,0
2026-09-30T16:42:42,2026-09-30,UBSI,HOLD,0,EMA Crossover (9/21),LOW,1,23.83,nan,2.0,0.0,3.0,0.0,0.0,2026-10-01,-1.19,-1.43,100.0,0.91,-0.37,-11.75,-0.2,1.0,1,2026-06-12 to 2026-09-28 (74 days),-1.0,46.3,nan,nan,nan,NEUTRAL,LOW,No special conditions,-1.0,-1.0,1.0,22,2026-10-22,,0
2026-09-30T16:42:46,2026-09-30,MTG,HOLD,0,VWAP Trend,HIGH,4,23.48,nan,2.0,0.0,4.0,0.0,0.0,2026-10-04,3.33,8.76,71.4,5.7,34.12,-6.8,-1.45,4.0,7,2026-06-12 to 2026-09-28 (74 days),-1.0,26.2,nan,nan,nan,NEUTRAL,LOW,RSI oversold; Strong trend (ADX=56),-1.0,-1.0,1.0,28,2026-10-28,,0
2026-09-30T16:40:15,2026-09-30,BG,HOLD,0,Stochastic Oscillator,HIGH,4,23.14,nan,2.39,0.0,3.58,0.0,0.0,2026-10-14,2.49,5.3,66.7,13.08,51.53,91.4,-5.97,14.7,3,2026-06-12 to 2026-09-28 (74 days),-1.0,38.3,nan,nan,nan,NEUTRAL,LOW,Strong trend (ADX=44); Last surprise: +3.1%,-1.0,-1.0,1.0,35,2026-11-04,3.09,0
2026-09-30T16:40:36,2026-09-30,ECHO,HOLD,0,Stochastic Oscillator,LOW,0,23.14,nan,6.94,0.0,10.41,0.0,0.0,2026-11-06,0.34,0.52,50.0,1.35,5.92,63.11,-17.35,37.5,2,2026-06-12 to 2026-09-28 (74 days),-1.0,43.9,nan,nan,nan,NEUTRAL,LOW,Last surprise: -94.7%; Earnings conf adj: -1,-1.0,-1.0,1.0,36,2026-11-05,-94.66,-1
2026-09-30T16:40:47,2026-09-30,GEHC,HOLD,0,MACD Crossover,MEDIUM,3,23.14,nan,2.69,0.0,5.38,0.0,0.0,2026-10-16,0.39,0.52,66.7,1.74,5.37,-3.57,-6.72,16.7,3,2026-06-12 to 2026-09-28 (74 days),-1.0,48.0,nan,nan,nan,NEUTRAL,LOW,Last surprise: +8.7%; Earnings conf adj: +1,-1.0,-1.0,1.0,28,2026-10-28,8.65,1
2026-09-30T16:40:05,2026-09-30,ADP,HOLD,0,VWAP Trend,HIGH,4,22.99,nan,2.13,0.0,4.26,0.0,0.0,2026-10-06,3.0,6.14,57.1,23.45,95.18,25.89,-5.33,6.4,7,2026-06-12 to 2026-09-28 (74 days),-1.0,39.1,nan,nan,nan,NEUTRAL,LOW,Last surprise: +1.5%,-1.0,-1.0,1.0,28,2026-10-28,1.54,0
2026-09-30T16:42:20,2026-09-30,HUBS,HOLD,0,Momentum (Rate of Change),HIGH,4,22.94,nan,7.76,0.0,15.52,0.0,0.0,2026-10-30,1.47,2.17,100.0,257.97,118.06,88.02,-19.39,30.0,2,2026-06-12 to 2026-09-28 (74 days),-1.0,38.2,nan,nan,nan,NEUTRAL,LOW,No special conditions,-1.0,-1.0,1.0,35,2026-11-04,,0
2026-09-30T16:42:25,2026-09-30,DAR,HOLD,0,Stochastic Oscillator,HIGH,4,22.79,nan,2.0,0.0,3.0,0.0,0.0,2026-10-11,3.0,7.9,66.7,9.22,63.29,39.74,-4.95,11.0,3,2026-06-12 to 2026-09-28 (74 days),-1.0,38.5,nan,nan,nan,NEUTRAL,LOW,Strong trend (ADX=34),-1.0,-1.0,1.0,29,2026-10-29,,0
2026-09-30T16:41:14,2026-09-30,MSCI,HOLD,0,VWAP Trend,LOW,1,22.73,nan,3.3,0.0,4.95,0.0,0.0,2026-10-05,-0.12,-0.17,57.1,1.05,-2.7,25.33,-8.26,5.3,7,2026-06-12 to 2026-09-28 (74 days),-1.0,41.2,nan,nan,nan,NEUTRAL,LOW,Last surprise: -0.8%,-1.0,-1.0,1.0,20,2026-10-20,-0.8,0
2026-09-30T16:42:36,2026-09-30,NFG,HOLD,0,MACD Crossover,MEDIUM,2,22.62,nan,2.0,0.0,4.0,0.0,0.0,2026-10-03,-0.18,-0.24,66.7,1.78,-0.91,-4.35,-2.14,3.0,3,2026-06-12 to 2026-09-28 (74 days),-1.0,33.1,nan,nan,nan,NEUTRAL,LOW,No special conditions,-1.0,-1.0,1.0,35,2026-11-04,,0
2026-09-30T16:41:06,2026-09-30,LITE,HOLD,0,Donchian Breakout (20/55),HIGH,4,22.52,nan,6.23,0.0,12.46,0.0,0.0,2026-11-10,0.6,0.94,100.0,53.97,19.04,19.13,-15.57,41.0,1,2026-06-12 to 2026-09-28 (74 days),-1.0,52.0,nan,nan,nan,NEUTRAL,LOW,Last surprise: +8.8%; Earnings conf adj: +1,-1.0,-1.0,1.0,36,2026-11-05,8.75,1
2026-09-30T16:40:56,2026-09-30,IFF,HOLD,0,Momentum (Rate of Change),MEDIUM,3,22.28,nan,4.37,0.0,8.74,0.0,0.0,2026-11-16,1.26,2.27,100.0,100.99,37.66,-4.02,-10.93,47.0,2,2026-06-12 to 2026-09-28 (74 days),-1.0,57.0,nan,nan,nan,NEUTRAL,LOW,Last surprise: -26.8%; Earnings conf adj: -1,-1.0,-1.0,1.0,34,2026-11-03,-26.79,-1
2026-09-30T16:43:11,2026-09-30,GLD,BUY,1,VWAP Trend,MEDIUM,3,22.18,nan,2.33,nan,4.66,nan,10.0,2026-10-05,0.9,1.35,60.0,1.76,15.21,22.71,-5.83,5.5,10,2026-06-12 to 2026-09-28 (74 days),0.706,35.3,nan,nan,nan,NEUTRAL,LOW,No special conditions,-1.0,-1.0,1.0,-1,,,0
2026-09-30T16:42:46,2026-09-30,HWC,HOLD,1,ADX Trend Following,LOW,1,22.16,nan,2.0,nan,3.0,nan,0.0,2026-10-04,-0.75,-0.93,75.0,0.74,-4.96,-8.89,-4.66,4.5,4,2026-06-12 to 2026-09-28 (74 days),-1.0,40.6,nan,nan,nan,NEUTRAL,LOW,No special conditions,-1.0,-1.0,1.0,20,2026-10-20,,0
2026-09-30T16:41:33,2026-09-30,SMCI,HOLD,0,Stochastic Oscillator,HIGH,5,22.14,nan,10.0,0.0,15.0,0.0,0.0,2026-11-01,1.3,2.64,100.0,245.87,112.7,-84.98,-32.8,32.5,2,2026-06-12 to 2026-09-28 (74 days),-1.0,58.8,nan,nan,nan,NEUTRAL,LOW,Strong trend (ADX=32); Last surprise: +77.1%; Earnings conf adj: +1,-1.0,-1.0,1.0,34,2026-11-03,77.08,1
2026-09-30T16:41:54,2026-09-30,FTI,HOLD,0,Stochastic Oscillator,HIGH,5,22.1,nan,2.0,0.0,3.0,0.0,0.0,2026-10-12,2.59,4.43,66.7,15.11,59.22,59.83,-4.7,12.3,3,2026-06-12 to 2026-09-28 (74 days),-1.0,37.0,nan,nan,nan,NEUTRAL,LOW,Strong trend (ADX=55); Last surprise: +13.7%; Earnings conf adj: +1,-1.0,-1.0,1.0,29,2026-10-29,13.75,1
2026-09-30T16:40:36,2026-09-30,DVN,HOLD,0,EMA Crossover (9/21),HIGH,4,21.87,nan,3.62,0.0,7.24,0.0,0.0,2026-11-03,0.93,1.39,100.0,70.05,25.95,9.39,-9.05,34.5,2,2026-06-12 to 2026-09-28 (74 days),-1.0,45.5,nan,nan,nan,NEUTRAL,LOW,Last surprise: +11.3%; Earnings conf adj: +1,-1.0,-1.0,1.0,35,2026-11-04,11.35,1
2026-09-30T16:43:04,2026-09-30,OLED,BUY,1,ADX Trend Following,MEDIUM,3,21.6,nan,4.41,nan,8.82,nan,10.0,2026-10-08,0.84,1.83,66.7,1.72,18.32,64.66,-11.02,8.0,3,2026-06-12 to 2026-09-28 (74 days),0.341,40.8,nan,nan,nan,NEUTRAL,LOW,No special conditions,-1.0,-1.0,1.0,36,2026-11-05,,0
2026-09-30T16:42:40,2026-09-30,ALGM,HOLD,0,ADX Trend Following,LOW,0,21.32,nan,10.0,0.0,15.0,0.0,0.0,2026-10-15,0.22,0.32,50.0,0.86,-4.87,60.93,-27.18,15.0,2,2026-06-12 to 2026-09-28 (74 days),-1.0,51.1,nan,nan,nan,NEUTRAL,LOW,No special conditions,-1.0,-1.0,1.0,29,2026-10-29,,0
2026-09-30T16:40:59,2026-09-30,IRM,HOLD,0,VWAP Trend,MEDIUM,2,21.02,nan,2.66,0.0,5.32,0.0,0.0,2026-10-03,0.05,0.07,60.0,1.1,-0.59,33.68,-6.65,3.3,10,2026-06-12 to 2026-09-28 (74 days),-1.0,39.5,nan,nan,nan,NEUTRAL,LOW,Last surprise: +7.1%; Earnings conf adj: +1,-1.0,-1.0,1.0,35,2026-11-04,7.14,1
2026-09-30T16:40:42,2026-09-30,FCX,HOLD,0,Composite Multi-Indicator,HIGH,4,21.01,nan,6.8,0.0,13.6,0.0,0.0,2027-01-06,0.52,0.8,100.0,41.26,14.56,-5.52,-17.0,98.0,1,2026-06-12 to 2026-09-28 (74 days),-1.0,50.5,nan,nan,nan,NEUTRAL,LOW,Last surprise: +19.4%; Earnings conf adj: +1,-1.0,-1.0,1.0,22,2026-10-22,19.35,1
2026-09-30T16:42:50,2026-09-30,BKH,HOLD,0,ADX Trend Following,LOW,1,20.75,nan,2.54,0.0,3.81,0.0,0.0,2026-10-16,-0.3,-0.43,66.7,0.54,-4.66,9.18,-6.35,16.3,3,2026-06-12 to 2026-09-28 (74 days),-1.0,40.3,nan,nan,nan,NEUTRAL,LOW,No special conditions,-1.0,-1.0,1.0,35,2026-11-04,,0
2026-09-30T16:41:31,2026-09-30,SBAC,HOLD,1,ADX Trend Following,LOW,0,20.69,nan,2.9,nan,4.35,nan,0.0,2026-10-28,-0.84,-1.16,50.0,0.03,-17.34,35.66,-7.25,28.0,2,2026-06-12 to 2026-09-28 (74 days),-1.0,26.1,nan,nan,nan,NEUTRAL,LOW,RSI oversold; Strong trend (ADX=52); Last surprise: -1.1%,-1.0,-1.0,1.0,33,2026-11-02,-1.06,0
2026-09-30T16:42:21,2026-09-30,AVTR,HOLD,0,52-Week High Momentum,MEDIUM,2,20.58,nan,2.78,0.0,5.56,0.0,0.0,2026-10-24,-0.67,-1.08,100.0,20.38,-9.8,-448.0,-6.94,24.0,1,2026-06-12 to 2026-09-28 (74 days),-1.0,58.1,nan,nan,nan,NEUTRAL,LOW,Strong trend (ADX=31),-1.0,-1.0,1.0,28,2026-10-28,,0
2026-09-30T16:41:25,2026-09-30,PLD,HOLD,0,Stochastic Oscillator,HIGH,5,20.28,nan,2.0,0.0,3.0,0.0,0.0,2026-10-17,1.54,3.11,66.7,5.55,20.8,50.22,-2.63,17.7,3,2026-06-12 to 2026-09-28 (74 days),-1.0,35.9,nan,nan,nan,NEUTRAL,LOW,Strong trend (ADX=38); Last surprise: +48.0%; Earnings conf adj: +1,-1.0,-1.0,1.0,15,2026-10-15,48.0,1
2026-09-30T16:41:42,2026-09-30,TT,HOLD,0,MACD Crossover,LOW,0,20.2,nan,2.43,0.0,3.65,0.0,0.0,2026-10-09,-0.66,-0.99,50.0,0.67,-6.99,-3.18,-6.07,9.0,2,2026-06-12 to 2026-09-28 (74 days),-1.0,56.2,nan,nan,nan,NEUTRAL,LOW,Strong trend (ADX=31); Last surprise: +1.2%,-1.0,-1.0,1.0,29,2026-10-29,1.17,0
2026-09-30T16:42:42,2026-09-30,DUOL,HOLD,0,Donchian Breakout (20/55),MEDIUM,2,20.15,nan,6.21,0.0,12.42,0.0,0.0,2026-11-14,0.26,0.4,100.0,10.07,3.13,-33.73,-15.53,45.0,1,2026-06-12 to 2026-09-28 (74 days),-1.0,40.9,nan,nan,nan,NEUTRAL,LOW,No special conditions,-1.0,-1.0,1.0,35,2026-11-04,,0
2026-09-30T16:40:45,2026-09-30,FOXA,HOLD,0,Momentum (Rate of Change),HIGH,5,20.14,nan,3.52,0.0,7.04,0.0,0.0,2026-12-03,2.67,4.94,100.0,225.22,93.99,106.55,-8.8,64.0,1,2026-06-12 to 2026-09-28 (74 days),-1.0,42.3,nan,nan,nan,NEUTRAL,LOW,Last surprise: +29.7%; Earnings conf adj: +1,-1.0,-1.0,1.0,29,2026-10-29,29.71,1
2026-09-30T16:42:57,2026-09-30,KBR,HOLD,1,VWAP Trend,LOW,0,20.05,nan,5.02,nan,7.53,nan,0.0,2026-10-09,-1.24,-1.58,50.0,0.29,-28.56,-22.15,-12.56,9.9,8,2026-06-12 to 2026-09-28 (74 days),-1.0,38.9,nan,nan,nan,NEUTRAL,LOW,High volume; Strong trend (ADX=38),-1.0,-1.0,1.0,29,2026-10-29,,0
2026-09-30T16:41:48,2026-09-30,VZ,HOLD,0,VWAP Trend,HIGH,4,19.95,nan,2.42,0.0,4.84,0.0,0.0,2026-10-05,1.39,2.36,71.4,2.01,28.13,32.61,-6.06,5.4,7,2026-06-12 to 2026-09-28 (74 days),-1.0,37.7,nan,nan,nan,NEUTRAL,LOW,Strong trend (ADX=42); Last surprise: +2.4%,-1.0,-1.0,1.0,26,2026-10-26,2.36,0
2026-09-30T16:42:56,2026-09-30,LPX,BUY,1,SMA Crossover (10/50),MEDIUM,3,19.54,nan,2.12,nan,4.24,nan,10.0,2026-10-09,0.61,1.31,100.0,24.66,8.04,42.73,-5.3,9.0,1,2026-06-12 to 2026-09-28 (74 days),0.183,42.2,nan,nan,nan,NEUTRAL,LOW,Strong trend (ADX=36),-1.0,-1.0,1.0,35,2026-11-04,,0
2026-09-30T16:42:25,2026-09-30,JEF,HOLD,0,Stochastic Oscillator,HIGH,4,19.5,nan,2.73,0.0,4.1,0.0,0.0,2026-10-15,1.38,2.47,66.7,6.86,33.95,93.38,-6.82,15.0,3,2026-06-12 to 2026-09-28 (74 days),-1.0,34.3,nan,nan,nan,NEUTRAL,LOW,High volume; Strong trend (ADX=50),-1.0,-1.0,1.0,-1,,,0
2026-09-30T16:42:49,2026-09-30,ASB,HOLD,0,VWAP Trend,MEDIUM,3,19.27,nan,2.0,0.0,4.0,0.0,0.0,2026-10-02,0.66,1.11,62.5,1.69,5.12,9.39,-2.98,2.9,8,2026-06-12 to 2026-09-28 (74 days),-1.0,37.8,nan,nan,nan,NEUTRAL,LOW,Strong trend (ADX=42),-1.0,-1.0,1.0,22,2026-10-22,,0
2026-09-30T16:40:09,2026-09-30,ANET,HOLD,0,PEAD Earnings Drift,HIGH,5,19.26,nan,6.2,0.0,12.4,0.0,0.0,2026-11-20,1.54,2.46,100.0,210.81,98.02,-21.22,-15.51,51.0,2,2026-06-12 to 2026-09-28 (74 days),-1.0,58.3,nan,nan,nan,NEUTRAL,LOW,Last surprise: +14.6%; Earnings conf adj: +1,-1.0,-1.0,1.0,34,2026-11-03,14.61,1
2026-09-30T16:41:23,2026-09-30,PEP,HOLD,0,EMA Crossover (9/21),LOW,0,19.26,nan,2.0,0.0,3.0,0.0,0.0,2026-10-15,0.02,0.03,50.0,1.19,-0.1,30.34,-3.85,15.0,2,2026-06-12 to 2026-09-28 (74 days),-1.0,29.5,nan,nan,nan,NEUTRAL,LOW,RSI oversold; Strong trend (ADX=48); Last surprise: -0.5%,-1.0,-1.0,1.0,8,2026-10-08,-0.45,0
2026-09-30T16:40:12,2026-09-30,AVGO,HOLD,0,VWAP Trend,LOW,1,19.22,nan,2.51,0.0,3.76,0.0,0.0,2026-10-02,-1.2,-1.45,57.1,0.52,-12.71,12.85,-6.28,2.0,7,2026-06-12 to 2026-09-28 (74 days),-1.0,42.3,nan,nan,nan,NEUTRAL,LOW,Last surprise: +1.7%,-1.0,-1.0,1.0,70,2026-12-09,1.67,0
2026-09-30T16:40:34,2026-09-30,DOV,HOLD,0,MACD Crossover,LOW,0,19.15,nan,2.44,0.0,3.66,0.0,0.0,2026-10-10,-2.4,-3.11,50.0,0.23,-13.92,21.0,-6.09,10.0,2,2026-06-12 to 2026-09-28 (74 days),-1.0,46.8,nan,nan,nan,NEUTRAL,LOW,Strong trend (ADX=33); Last surprise: +0.7%,-1.0,-1.0,1.0,22,2026-10-22,0.74,0
2026-09-30T16:43:08,2026-09-30,HOG,HOLD,0,MACD Crossover,LOW,0,18.86,nan,5.14,0.0,7.71,0.0,0.0,2026-10-16,0.19,0.3,50.0,1.21,1.79,12.16,-12.86,16.5,2,2026-06-12 to 2026-09-28 (74 days),-1.0,34.1,nan,nan,nan,NEUTRAL,LOW,Strong trend (ADX=30),-1.0,-1.0,1.0,35,2026-11-04,,0
2026-09-30T16:42:09,2026-09-30,TTMI,HOLD,0,VWAP Trend,HIGH,5,18.67,nan,4.08,0.0,8.16,0.0,0.0,2026-10-02,1.31,2.74,57.1,2.36,45.21,123.79,-10.19,2.3,7,2026-06-12 to 2026-09-28 (74 days),-1.0,50.7,nan,nan,nan,NEUTRAL,LOW,Last surprise: +10.0%; Earnings conf adj: +1,-1.0,-1.0,1.0,35,2026-11-04,10.0,1
2026-09-30T16:40:08,2026-09-30,ALGN,BUY,1,ADX Trend Following,HIGH,4,18.65,nan,2.0,nan,4.0,nan,10.0,2026-10-02,2.35,71.14,100.0,69.32,25.14,72.73,-0.1,2.0,2,2026-06-12 to 2026-09-28 (74 days),0.349,37.3,nan,nan,nan,NEUTRAL,LOW,Strong trend (ADX=31); Last surprise: +1.5%,-1.0,-1.0,1.0,28,2026-10-28,1.54,0
2026-09-30T16:43:00,2026-09-30,TNL,HOLD,0,MACD Crossover,LOW,0,18.53,nan,2.39,0.0,3.58,0.0,0.0,2026-10-08,-1.59,-1.72,50.0,0.05,-16.74,21.53,-5.97,8.0,2,2026-06-12 to 2026-09-28 (74 days),-1.0,37.5,nan,nan,nan,NEUTRAL,LOW,No special conditions,-1.0,-1.0,1.0,21,2026-10-21,,0
2026-09-30T16:41:28,2026-09-30,PWR,HOLD,0,Stochastic Oscillator,MEDIUM,2,18.45,nan,6.48,0.0,9.72,0.0,0.0,2026-10-30,0.43,0.84,50.0,23.58,10.17,37.8,-16.19,30.0,2,2026-06-12 to 2026-09-28 (74 days),-1.0,52.7,nan,nan,nan,NEUTRAL,LOW,Last surprise: +28.1%; Earnings conf adj: +1,-1.0,-1.0,1.0,29,2026-10-29,28.1,1
2026-09-30T16:40:20,2026-09-30,CBRE,HOLD,0,Momentum (Rate of Change),HIGH,5,18.43,nan,3.36,0.0,6.72,0.0,0.0,2026-12-18,1.12,1.87,100.0,96.96,34.79,42.49,-8.39,79.0,1,2026-06-12 to 2026-09-28 (74 days),-1.0,32.5,nan,nan,nan,NEUTRAL,LOW,Last surprise: +6.1%; Earnings conf adj: +1,-1.0,-1.0,1.0,22,2026-10-22,6.12,1
2026-09-30T16:40:04,2026-09-30,ADM,HOLD,0,Stochastic Oscillator,HIGH,5,18.4,nan,2.0,0.0,3.0,0.0,0.0,2026-10-16,2.42,5.06,66.7,15.39,53.65,50.83,-4.6,16.7,3,2026-06-12 to 2026-09-28 (74 days),-1.0,40.6,nan,nan,nan,NEUTRAL,LOW,Last surprise: +27.8%; Earnings conf adj: +1,-1.0,-1.0,1.0,34,2026-11-03,27.78,1
2026-09-30T16:40:24,2026-09-30,CMG,HOLD,0,Stochastic Oscillator,MEDIUM,3,18.36,nan,3.08,0.0,4.62,0.0,0.0,2026-10-10,1.88,4.13,50.0,3.61,33.52,37.53,-7.71,10.0,2,2026-06-12 to 2026-09-28 (74 days),-1.0,34.3,nan,nan,nan,NEUTRAL,LOW,Strong trend (ADX=45); Last surprise: +3.1%,-1.0,-1.0,1.0,28,2026-10-28,3.13,0
2026-09-30T16:40:30,2026-09-30,CTVA,HOLD,0,Stochastic Oscillator,HIGH,4,18.3,nan,2.0,0.0,3.0,0.0,0.0,2026-10-13,1.04,1.72,66.7,2.26,12.83,4.59,-5.0,13.7,3,2026-06-12 to 2026-09-28 (74 days),-1.0,36.3,nan,nan,nan,NEUTRAL,LOW,Strong trend (ADX=32); Last surprise: +3.1%,-1.0,-1.0,1.0,34,2026-11-03,3.14,0
2026-09-30T16:40:29,2026-09-30,CSGP,HOLD,0,Momentum (Rate of Change),HIGH,4,18.17,nan,2.93,0.0,5.86,0.0,0.0,2026-11-05,0.59,1.15,100.0,61.02,14.09,63.09,-7.32,36.0,1,2026-06-12 to 2026-09-28 (74 days),-1.0,32.0,nan,nan,nan,NEUTRAL,LOW,Strong trend (ADX=44); Last surprise: +10.3%; Earnings conf adj: +1,-1.0,-1.0,1.0,27,2026-10-27,10.34,1
2026-09-30T16:42:06,2026-09-30,ARMK,HOLD,0,VWAP Trend,HIGH,4,18.04,nan,2.0,0.0,4.0,0.0,0.0,2026-10-02,0.85,1.54,77.8,1.72,5.5,4.88,-3.09,2.0,9,2026-06-12 to 2026-09-28 (74 days),-1.0,34.1,nan,nan,nan,NEUTRAL,LOW,Last surprise: +8.3%; Earnings conf adj: +1,-1.0,-1.0,1.0,55,2026-11-24,8.33,1
2026-09-30T16:41:17,2026-09-30,NKE,HOLD,0,MACD Crossover,LOW,0,17.93,nan,3.24,0.0,4.86,0.0,0.0,2026-10-07,-0.83,-1.31,33.3,0.33,-12.48,37.43,-8.09,7.0,3,2026-06-12 to 2026-09-28 (74 days),-1.0,41.6,nan,nan,nan,NEUTRAL,LOW,Earnings in 1d (2026-10-01); Last surprise: +453.8%; Earnings conf adj: -2,-1.0,-1.0,1.0,1,2026-10-01,453.85,-2
2026-09-30T16:42:29,2026-09-30,SAIA,HOLD,0,VWAP Trend,LOW,0,17.91,nan,5.05,0.0,7.57,0.0,0.0,2026-10-02,-0.73,-0.9,50.0,0.79,-14.1,58.96,-12.62,2.0,10,2026-06-12 to 2026-09-28 (74 days),-1.0,38.0,nan,nan,nan,NEUTRAL,LOW,No special conditions,-1.0,-1.0,1.0,29,2026-10-29,,0
2026-09-30T16:40:13,2026-09-30,BAC,HOLD,0,MACD Crossover,MEDIUM,2,17.9,nan,2.0,0.0,4.0,0.0,0.0,2026-10-06,-0.16,-0.22,50.0,2.31,-0.8,0.84,-2.1,6.0,2,2026-06-12 to 2026-09-28 (74 days),-1.0,27.1,nan,nan,nan,NEUTRAL,LOW,RSI oversold; Strong trend (ADX=58); Last surprise: +8.0%; Earnings conf adj: +1,-1.0,-1.0,1.0,14,2026-10-14,8.04,1
2026-09-30T16:40:16,2026-09-30,BKR,HOLD,0,VWAP Trend,HIGH,4,17.8,nan,2.0,0.0,4.0,0.0,0.0,2026-10-02,1.23,2.19,50.0,1.82,20.17,48.51,-4.73,2.8,10,2026-06-12 to 2026-09-28 (74 days),-1.0,38.1,nan,nan,nan,NEUTRAL,LOW,Last surprise: +30.6%; Earnings conf adj: +1,-1.0,-1.0,1.0,27,2026-10-27,30.61,1
2026-09-30T16:42:10,2026-09-30,IESC,HOLD,0,MACD Crossover,LOW,1,17.74,nan,10.0,0.0,15.0,0.0,0.0,2026-10-07,-2.67,-3.02,60.0,0.13,-66.47,-25.67,-31.68,7.8,5,2026-06-12 to 2026-09-28 (74 days),-1.0,48.2,nan,nan,nan,NEUTRAL,LOW,No special conditions,-1.0,-1.0,1.0,51,2026-11-20,,0
2026-09-30T16:40:24,2026-09-30,CNC,HOLD,0,ADX Trend Following,HIGH,4,17.6,nan,2.81,0.0,5.62,0.0,0.0,2026-10-07,0.88,1.3,100.0,49.49,16.4,29.79,-7.03,7.5,4,2026-06-12 to 2026-09-28 (74 days),-1.0,42.3,nan,nan,nan,NEUTRAL,LOW,Last surprise: +132.4%; Earnings conf adj: +1,-1.0,-1.0,1.0,27,2026-10-27,132.41,1
2026-09-30T16:40:10,2026-09-30,AOS,HOLD,0,MACD Crossover,LOW,1,17.58,nan,2.7,0.0,4.05,0.0,0.0,2026-10-12,-0.79,-1.09,50.0,0.24,-12.21,-10.2,-6.75,12.5,2,2026-06-12 to 2026-09-28 (74 days),-1.0,47.4,nan,nan,nan,NEUTRAL,LOW,Last surprise: +12.0%; Earnings conf adj: +1,-1.0,-1.0,1.0,27,2026-10-27,11.96,1
2026-09-30T16:42:42,2026-09-30,PATH,HOLD,0,VWAP Trend,MEDIUM,3,17.52,nan,2.72,0.0,5.44,0.0,0.0,2026-10-05,3.55,9.2,50.0,6.18,256.36,191.69,-6.79,5.0,8,2026-06-12 to 2026-09-28 (74 days),-1.0,32.8,nan,nan,nan,NEUTRAL,LOW,Strong trend (ADX=50),-1.0,-1.0,1.0,63,2026-12-02,,0
2026-09-30T16:40:25,2026-09-30,COIN,HOLD,0,Stochastic Oscillator,LOW,1,17.4,nan,5.7,0.0,8.55,0.0,0.0,2026-10-09,0.47,0.74,100.0,33.89,10.64,-77.19,-14.24,9.0,1,2026-06-12 to 2026-09-28 (74 days),-1.0,55.0,nan,nan,nan,NEUTRAL,LOW,Last surprise: -491.3%; Earnings conf adj: -1,-1.0,-1.0,1.0,29,2026-10-29,-491.3,-1
2026-09-30T16:41:58,2026-09-30,NTNX,HOLD,0,Momentum (Rate of Change),HIGH,5,17.37,nan,2.53,0.0,5.06,0.0,0.0,2026-12-09,3.16,7.37,100.0,290.3,135.95,-78.22,-6.33,70.0,1,2026-06-12 to 2026-09-28 (74 days),-1.0,56.6,nan,nan,nan,NEUTRAL,LOW,Last surprise: +22.4%; Earnings conf adj: +1,-1.0,-1.0,1.0,56,2026-11-25,22.45,1
2026-09-30T16:42:11,2026-09-30,SEIC,HOLD,0,Momentum (Rate of Change),HIGH,4,17.17,nan,2.08,0.0,4.16,0.0,0.0,2026-12-04,2.25,4.09,100.0,111.88,39.75,-33.45,-5.21,65.0,1,2026-06-12 to 2026-09-28 (74 days),-1.0,44.6,nan,nan,nan,NEUTRAL,LOW,Strong trend (ADX=44),-1.0,-1.0,1.0,21,2026-10-21,,0
2026-09-30T16:41:33,2026-09-30,SNPS,HOLD,0,MACD Crossover,MEDIUM,2,16.9,nan,6.34,0.0,12.68,0.0,0.0,2026-10-20,0.23,0.42,50.0,9.09,2.38,27.37,-15.84,20.5,2,2026-06-12 to 2026-09-28 (74 days),-1.0,55.6,nan,nan,nan,NEUTRAL,LOW,Strong trend (ADX=32); Last surprise: +6.5%; Earnings conf adj: +1,-1.0,-1.0,1.0,-35,2026-08-26,6.54,1
2026-09-30T16:42:31,2026-09-30,EAT,HOLD,0,52-Week High Momentum,HIGH,4,16.88,nan,4.01,0.0,8.02,0.0,0.0,2026-11-26,2.58,5.42,100.0,326.32,142.97,14.32,-10.02,57.0,1,2026-06-12 to 2026-09-28 (74 days),-1.0,41.1,nan,nan,nan,NEUTRAL,LOW,Strong trend (ADX=33),-1.0,-1.0,1.0,28,2026-10-28,,0
2026-09-30T16:42:57,2026-09-30,ALK,HOLD,0,ADX Trend Following,MEDIUM,2,16.85,nan,2.74,0.0,5.48,0.0,0.0,2026-10-03,0.9,1.31,50.0,2.0,13.56,59.01,-6.86,3.2,4,2026-06-12 to 2026-09-28 (74 days),-1.0,41.5,nan,nan,nan,NEUTRAL,LOW,No special conditions,-1.0,-1.0,1.0,22,2026-10-22,,0
2026-09-30T16:42:23,2026-09-30,MOH,HOLD,0,Stochastic Oscillator,MEDIUM,2,16.71,nan,2.1,0.0,3.15,0.0,0.0,2026-10-20,0.17,0.28,100.0,12.58,1.54,18.72,-5.24,20.0,1,2026-06-12 to 2026-09-28 (74 days),-1.0,40.3,nan,nan,nan,NEUTRAL,LOW,No special conditions,-1.0,-1.0,1.0,21,2026-10-21,,0
2026-09-30T16:43:04,2026-09-30,IPGP,HOLD,0,Stochastic Oscillator,LOW,0,16.61,nan,9.92,0.0,14.88,0.0,0.0,2026-11-14,-0.28,-0.37,0.0,0.0,-16.18,58.25,-24.8,45.0,1,2026-06-12 to 2026-09-28 (74 days),-1.0,45.8,nan,nan,nan,NEUTRAL,LOW,No special conditions,-1.0,-1.0,1.0,34,2026-11-03,,0
2026-09-30T16:40:22,2026-09-30,CHRW,HOLD,0,MACD Crossover,LOW,1,16.55,nan,6.75,0.0,10.12,0.0,0.0,2026-10-29,-0.25,-0.31,50.0,0.66,-10.74,48.98,-16.87,29.5,2,2026-06-12 to 2026-09-28 (74 days),-1.0,43.5,nan,nan,nan,NEUTRAL,LOW,Last surprise: +5.9%; Earnings conf adj: +1,-1.0,-1.0,1.0,28,2026-10-28,5.92,1
2026-09-30T16:42:54,2026-09-30,GNTX,HOLD,0,Stochastic Oscillator,LOW,0,16.51,nan,3.23,0.0,4.84,0.0,0.0,2026-10-31,-0.18,-0.28,50.0,0.37,-5.89,32.71,-8.07,31.5,2,2026-06-12 to 2026-09-28 (74 days),-1.0,43.8,nan,nan,nan,NEUTRAL,LOW,No special conditions,-1.0,-1.0,1.0,23,2026-10-23,,0
2026-09-30T16:40:33,2026-09-30,DLR,HOLD,0,ADX Trend Following,LOW,0,16.4,nan,2.43,0.0,3.65,0.0,0.0,2026-10-07,-0.8,-1.11,75.0,0.54,-10.76,-2.37,-6.08,7.8,4,2026-06-12 to 2026-09-28 (74 days),-1.0,39.4,nan,nan,nan,NEUTRAL,LOW,Last surprise: -15.1%; Earnings conf adj: -1,-1.0,-1.0,1.0,22,2026-10-22,-15.07,-1
2026-09-30T16:42:40,2026-09-30,PPC,HOLD,0,MACD Crossover,LOW,0,16.4,nan,4.07,0.0,6.1,0.0,0.0,2026-10-28,0.2,0.31,50.0,1.23,1.56,22.32,-10.17,28.0,2,2026-06-12 to 2026-09-28 (74 days),-1.0,39.8,nan,nan,nan,NEUTRAL,LOW,Strong trend (ADX=36),-1.0,-1.0,1.0,28,2026-10-28,,0
2026-09-30T16:40:26,2026-09-30,COP,HOLD,0,MACD Crossover,HIGH,5,16.39,nan,2.05,0.0,4.1,0.0,0.0,2026-10-18,2.32,3.8,66.7,8.72,51.18,18.81,-5.12,18.3,3,2026-06-12 to 2026-09-28 (74 days),-1.0,42.6,nan,nan,nan,NEUTRAL,LOW,Last surprise: +10.6%; Earnings conf adj: +1,-1.0,-1.0,1.0,36,2026-11-05,10.58,1
2026-09-30T16:42:06,2026-09-30,JLL,HOLD,0,Momentum (Rate of Change),HIGH,5,16.37,nan,4.36,0.0,8.72,0.0,0.0,2026-11-28,1.2,2.18,100.0,97.34,33.56,16.31,-10.91,59.0,1,2026-06-12 to 2026-09-28 (74 days),-1.0,27.2,nan,nan,nan,NEUTRAL,LOW,RSI oversold; High volume; Strong trend (ADX=51); Last surprise: +15.6%; Earnings conf adj: +1,-1.0,-1.0,1.0,28,2026-10-28,15.6,1
2026-09-30T16:41:14,2026-09-30,MSI,HOLD,0,Momentum (Rate of Change),HIGH,5,16.34,nan,2.55,0.0,5.1,0.0,0.0,2026-12-05,1.46,3.14,100.0,96.08,36.28,-3.88,-6.38,66.0,1,2026-06-12 to 2026-09-28 (74 days),-1.0,41.9,nan,nan,nan,NEUTRAL,LOW,Last surprise: +14.5%; Earnings conf adj: +1,-1.0,-1.0,1.0,36,2026-11-05,14.55,1
2026-09-30T16:42:27,2026-09-30,ZION,HOLD,0,VWAP Trend,LOW,1,16.31,nan,2.46,0.0,3.69,0.0,0.0,2026-10-02,-0.7,-0.96,62.5,0.87,-6.34,11.12,-6.15,2.4,8,2026-06-12 to 2026-09-28 (74 days),-1.0,33.2,nan,nan,nan,NEUTRAL,LOW,Strong trend (ADX=43),-1.0,-1.0,1.0,19,2026-10-19,,0
2026-09-30T16:41:24,2026-09-30,PHM,HOLD,0,MACD Crossover,LOW,1,16.27,nan,2.0,0.0,3.0,0.0,0.0,2026-10-10,-0.32,-0.43,50.0,0.18,-5.0,4.54,-4.6,10.0,2,2026-06-12 to 2026-09-28 (74 days),-1.0,44.6,nan,nan,nan,NEUTRAL,LOW,Last surprise: +5.1%; Earnings conf adj: +1,-1.0,-1.0,1.0,22,2026-10-22,5.08,1
2026-09-30T16:42:34,2026-09-30,LEA,HOLD,0,VWAP Trend,LOW,0,16.14,nan,9.04,0.0,13.56,0.0,0.0,2026-10-03,-2.5,-2.68,50.0,0.29,-49.75,-3.07,-22.61,3.2,6,2026-06-12 to 2026-09-28 (74 days),-1.0,42.6,nan,nan,nan,NEUTRAL,LOW,Strong trend (ADX=31),-1.0,-1.0,1.0,22,2026-10-22,,0
2026-09-30T16:42:20,2026-09-30,RRX,HOLD,0,VWAP Trend,LOW,1,16.05,nan,3.2,0.0,4.8,0.0,0.0,2026-10-04,0.63,1.24,50.0,1.44,14.6,79.53,-8.01,4.8,6,2026-06-12 to 2026-09-28 (74 days),-1.0,44.8,nan,nan,nan,NEUTRAL,LOW,Strong trend (ADX=30),-1.0,-1.0,1.0,28,2026-10-28,,0
2026-09-30T16:42:35,2026-09-30,UGI,HOLD,0,Stochastic Oscillator,MEDIUM,3,15.8,nan,2.07,0.0,3.1,0.0,0.0,2026-11-17,0.69,1.9,100.0,40.07,12.54,-8.25,-5.18,48.0,1,2026-06-12 to 2026-09-28 (74 days),-1.0,40.0,nan,nan,nan,NEUTRAL,LOW,Strong trend (ADX=30),-1.0,-1.0,1.0,49,2026-11-18,,0
2026-09-30T16:40:38,2026-09-30,EQT,HOLD,0,VWAP Trend,LOW,1,15.77,nan,4.01,0.0,6.02,0.0,0.0,2026-10-07,-0.46,-0.8,60.0,0.82,-12.6,-0.45,-10.02,7.0,10,2026-06-12 to 2026-09-28 (74 days),-1.0,34.5,nan,nan,nan,NEUTRAL,LOW,Strong trend (ADX=33); Last surprise: -2.5%,-1.0,-1.0,1.0,20,2026-10-20,-2.5,0
2026-09-30T16:40:40,2026-09-30,EVRG,EXIT,-1,VWAP Trend,HIGH,5,15.76,nan,2.0,nan,4.0,nan,10.0,2026-10-02,1.47,2.85,66.7,2.21,9.19,29.33,-2.42,2.0,12,2026-06-12 to 2026-09-28 (74 days),-1.0,32.5,nan,nan,nan,NEUTRAL,LOW,Strong trend (ADX=52); Last surprise: +10.0%; Earnings conf adj: +1,-1.0,-1.0,1.0,36,2026-11-05,10.0,1
2026-09-30T16:42:31,2026-09-30,VOYA,BUY,1,ADX Trend Following,MEDIUM,3,15.75,nan,2.0,nan,4.0,nan,10.0,2026-10-05,1.19,2.2,50.0,2.34,10.1,-9.85,-4.41,5.8,4,2026-06-12 to 2026-09-28 (74 days),0.46,37.7,nan,nan,nan,NEUTRAL,LOW,Strong trend (ADX=40),-1.0,-1.0,1.0,34,2026-11-03,,0
2026-09-30T16:40:03,2026-09-30,ABNB,HOLD,0,MACD Crossover,HIGH,5,15.72,nan,2.0,0.0,4.0,0.0,0.0,2026-10-29,2.52,7.12,100.0,294.44,149.84,72.81,-4.02,29.0,2,2026-06-12 to 2026-09-28 (74 days),-1.0,37.2,nan,nan,nan,NEUTRAL,LOW,Strong trend (ADX=42); Last surprise: +9.6%; Earnings conf adj: +1,-1.0,-1.0,1.0,36,2026-11-05,9.6,1
2026-09-30T16:41:17,2026-09-30,NSC,HOLD,0,VWAP Trend,MEDIUM,2,15.7,nan,2.05,0.0,4.1,0.0,0.0,2026-10-02,0.45,0.7,58.3,1.36,3.88,3.46,-5.13,2.1,12,2026-06-12 to 2026-09-28 (74 days),-1.0,34.1,nan,nan,nan,NEUTRAL,LOW,Strong trend (ADX=61); Last surprise: +6.0%; Earnings conf adj: +1,-1.0,-1.0,1.0,22,2026-10-22,6.02,1
2026-09-30T16:41:41,2026-09-30,TRMB,HOLD,0,Momentum (Rate of Change),HIGH,5,15.63,nan,3.06,0.0,6.12,0.0,0.0,2026-12-09,1.37,2.38,100.0,118.5,43.14,-14.35,-7.64,70.0,1,2026-06-12 to 2026-09-28 (74 days),-1.0,46.6,nan,nan,nan,NEUTRAL,LOW,Last surprise: +7.5%; Earnings conf adj: +1,-1.0,-1.0,1.0,35,2026-11-04,7.5,1
2026-09-30T16:42:50,2026-09-30,NOVT,HOLD,0,VWAP Trend,LOW,0,15.58,nan,4.63,0.0,6.94,0.0,0.0,2026-10-02,0.38,0.53,50.0,1.24,7.19,41.58,-11.58,2.6,8,2026-06-12 to 2026-09-28 (74 days),-1.0,48.1,nan,nan,nan,NEUTRAL,LOW,No special conditions,-1.0,-1.0,1.0,34,2026-11-03,,0
2026-09-30T16:40:45,2026-09-30,FOX,HOLD,0,Momentum (Rate of Change),MEDIUM,3,15.42,nan,3.39,0.0,6.78,0.0,0.0,2026-11-03,0.27,0.45,100.0,22.09,3.45,15.18,-8.47,34.0,1,2026-06-12 to 2026-09-28 (74 days),-1.0,43.2,nan,nan,nan,NEUTRAL,LOW,Last surprise: +31.6%; Earnings conf adj: +1,-1.0,-1.0,1.0,29,2026-10-29,31.62,1
2026-09-30T16:40:55,2026-09-30,HUBB,HOLD,0,VWAP Trend,LOW,1,15.35,459.09,4.05,0.0,3.47,0.0,0.0,2026-10-03,-0.68,-0.86,57.1,0.73,-15.32,-4.1,-13.46,3.1,7,2026-06-12 to 2026-09-29 (75 days),-1.0,48.1,0.2503,472.6,485.05,BEARISH,MEDIUM,Last surprise: +2.4%,7.0,-1.0,1.0,27,2026-10-27,2.41,0
2026-09-30T16:41:45,2026-09-30,V,HOLD,0,52-Week High Momentum,HIGH,4,15.29,nan,2.36,0.0,4.72,0.0,0.0,2026-12-29,1.31,2.2,100.0,72.84,25.26,-33.27,-5.89,90.0,1,2026-06-12 to 2026-09-28 (74 days),-1.0,48.5,nan,nan,nan,NEUTRAL,LOW,Last surprise: +2.8%,-1.0,-1.0,1.0,27,2026-10-27,2.79,0
2026-09-30T16:42:10,2026-09-30,SGI,BUY,1,ADX Trend Following,MEDIUM,3,15.24,nan,3.48,nan,6.96,nan,9.27,2026-10-10,1.16,1.96,33.3,4.52,25.5,65.07,-8.69,10.7,3,2026-06-12 to 2026-09-28 (74 days),0.556,41.5,nan,nan,nan,NEUTRAL,LOW,Strong trend (ADX=33); Last surprise: +0.0%,-1.0,-1.0,1.0,36,2026-11-05,0.0,0
2026-09-30T16:42:39,2026-09-30,NOV,HOLD,-1,VWAP Trend,LOW,0,15.19,nan,4.6,nan,6.9,nan,0.0,2026-10-04,-1.84,-2.21,40.0,0.33,-25.32,-2.23,-11.5,4.0,5,2026-06-12 to 2026-09-28 (74 days),-1.0,36.3,nan,nan,nan,NEUTRAL,LOW,Strong trend (ADX=36),-1.0,-1.0,1.0,27,2026-10-27,,0
2026-09-30T16:43:04,2026-09-30,OPCH,HOLD,0,EMA Crossover (9/21),MEDIUM,3,15.02,nan,2.55,0.0,5.1,0.0,0.0,2026-10-29,0.87,1.39,100.0,65.46,23.74,-16.57,-6.37,29.0,3,2026-06-12 to 2026-09-28 (74 days),-1.0,40.9,nan,nan,nan,NEUTRAL,LOW,No special conditions,-1.0,-1.0,1.0,29,2026-10-29,,0
2026-09-30T16:42:53,2026-09-30,HRB,HOLD,0,Momentum (Rate of Change),HIGH,4,14.95,nan,6.16,0.0,12.32,0.0,0.0,2026-12-03,1.41,2.55,100.0,179.72,70.2,24.74,-15.39,64.0,1,2026-06-12 to 2026-09-28 (74 days),-1.0,25.2,nan,nan,nan,NEUTRAL,LOW,RSI oversold; Strong trend (ADX=46),-1.0,-1.0,1.0,36,2026-11-05,,0
2026-09-30T16:42:29,2026-09-30,CTRE,HOLD,0,VWAP Trend,HIGH,4,14.83,nan,2.0,0.0,4.0,0.0,0.0,2026-10-01,1.33,3.33,66.7,2.76,10.73,1.7,-2.9,1.6,9,2026-06-12 to 2026-09-28 (74 days),-1.0,35.7,nan,nan,nan,NEUTRAL,LOW,Strong trend (ADX=36),-1.0,-1.0,1.0,40,2026-11-09,,0
2026-09-30T16:43:07,2026-09-30,PII,BUY,1,ADX Trend Following,HIGH,4,14.49,nan,4.08,nan,8.16,nan,10.0,2026-10-13,1.26,1.96,100.0,90.23,33.97,97.74,-10.2,13.0,2,2026-06-12 to 2026-09-28 (74 days),0.48,25.7,nan,nan,nan,NEUTRAL,LOW,RSI oversold; Strong trend (ADX=61),-1.0,-1.0,1.0,26,2026-10-26,,0
2026-09-30T16:40:49,2026-09-30,GLW,HOLD,0,VWAP Trend,MEDIUM,3,14.41,nan,9.59,0.0,19.18,0.0,0.0,2026-10-03,0.65,1.0,66.7,1.8,23.18,66.69,-23.97,3.8,6,2026-06-12 to 2026-09-28 (74 days),-1.0,47.7,nan,nan,nan,NEUTRAL,LOW,Last surprise: +4.0%,-1.0,-1.0,1.0,27,2026-10-27,4.0,0
2026-09-30T16:41:32,2026-09-30,SLB,HOLD,0,Momentum (Rate of Change),HIGH,4,14.4,nan,4.33,0.0,8.66,0.0,0.0,2026-11-19,0.56,0.87,100.0,56.27,11.95,36.6,-10.82,50.0,1,2026-06-12 to 2026-09-28 (74 days),-1.0,41.5,nan,nan,nan,NEUTRAL,LOW,High volume; Last surprise: +5.8%; Earnings conf adj: +1,-1.0,-1.0,1.0,23,2026-10-23,5.77,1
2026-09-30T16:40:13,2026-09-30,AZO,HOLD,0,ADX Trend Following,LOW,0,14.39,nan,5.3,0.0,7.95,0.0,0.0,2026-10-27,-0.59,-0.77,33.3,0.32,-16.98,3.77,-13.24,27.3,3,2026-06-12 to 2026-09-28 (74 days),-1.0,49.5,nan,nan,nan,NEUTRAL,LOW,Last surprise: +4.0%,-1.0,-1.0,1.0,69,2026-12-08,4.01,0
2026-09-30T16:41:15,2026-09-30,NCLH,HOLD,0,MACD Crossover,LOW,1,14.29,nan,4.71,0.0,7.06,0.0,0.0,2026-10-02,-1.97,-2.05,33.3,0.07,-33.29,31.92,-11.78,2.7,3,2026-06-12 to 2026-09-28 (74 days),-1.0,33.7,nan,nan,nan,NEUTRAL,LOW,Strong trend (ADX=31); Last surprise: +23.1%; Earnings conf adj: +1,-1.0,-1.0,1.0,35,2026-11-04,23.08,1
2026-09-30T16:42:01,2026-09-30,APG,HOLD,0,MACD Crossover,LOW,0,14.21,nan,3.65,0.0,5.48,0.0,0.0,2026-10-13,-0.78,-0.95,33.3,0.29,-11.78,17.16,-9.13,13.0,3,2026-06-12 to 2026-09-28 (74 days),-1.0,45.9,nan,nan,nan,NEUTRAL,LOW,Strong trend (ADX=32); Last surprise: +2.3%,-1.0,-1.0,1.0,29,2026-10-29,2.33,0
2026-09-30T16:42:00,2026-09-30,MKSI,HOLD,0,Multi-Factor Momentum MR,MEDIUM,3,14.19,nan,3.67,0.0,7.34,0.0,0.0,2026-10-07,0.49,0.69,100.0,24.35,7.92,74.64,-9.18,7.0,1,2026-06-12 to 2026-09-28 (74 days),-1.0,46.7,nan,nan,nan,NEUTRAL,LOW,Last surprise: +11.5%; Earnings conf adj: +1,-1.0,-1.0,1.0,35,2026-11-04,11.49,1
2026-09-30T16:41:41,2026-09-30,TRV,HOLD,0,Stochastic Oscillator,HIGH,4,13.98,nan,2.0,0.0,3.0,0.0,0.0,2026-10-16,1.11,1.99,50.0,62.87,9.96,-76.01,-2.32,16.5,2,2026-06-12 to 2026-09-28 (74 days),-1.0,44.0,nan,nan,nan,NEUTRAL,LOW,Last surprise: +86.3%; Earnings conf adj: +1,-1.0,-1.0,1.0,16,2026-10-16,86.27,1
2026-09-30T16:42:01,2026-09-30,CLH,HOLD,0,PEAD Earnings Drift,MEDIUM,3,13.84,nan,2.16,0.0,4.32,0.0,0.0,2026-11-25,0.21,0.31,100.0,6.33,1.85,-32.18,-5.39,56.0,1,2026-06-12 to 2026-09-28 (74 days),-1.0,46.9,nan,nan,nan,NEUTRAL,LOW,Last surprise: +14.2%; Earnings conf adj: +1,-1.0,-1.0,1.0,35,2026-11-04,14.18,1
2026-09-30T16:40:29,2026-09-30,CSX,HOLD,0,Stochastic Oscillator,MEDIUM,2,13.75,nan,2.0,0.0,3.0,0.0,0.0,2026-10-08,0.53,1.09,50.0,2.6,2.02,6.88,-1.46,8.5,2,2026-06-12 to 2026-09-28 (74 days),-1.0,35.5,nan,nan,nan,NEUTRAL,LOW,Strong trend (ADX=35); Last surprise: +3.8%,-1.0,-1.0,1.0,21,2026-10-21,3.85,0
2026-09-30T16:42:03,2026-09-30,H,HOLD,0,VWAP Trend,LOW,1,13.48,nan,5.09,0.0,7.64,0.0,0.0,2026-10-02,-2.12,-2.41,50.0,0.31,-27.33,24.51,-12.73,2.5,10,2026-06-12 to 2026-09-28 (74 days),-1.0,44.4,nan,nan,nan,NEUTRAL,LOW,Last surprise: +20.4%; Earnings conf adj: +1,-1.0,-1.0,1.0,29,2026-10-29,20.43,1
2026-09-30T16:42:37,2026-09-30,STAG,HOLD,0,Stochastic Oscillator,LOW,0,13.48,nan,2.0,0.0,3.0,0.0,0.0,2026-10-30,-0.69,-0.94,0.0,0.0,-4.67,7.25,-4.57,30.0,1,2026-06-12 to 2026-09-28 (74 days),-1.0,45.9,nan,nan,nan,NEUTRAL,LOW,No special conditions,-1.0,-1.0,1.0,28,2026-10-28,,0
2026-09-30T16:40:42,2026-09-30,FDS,HOLD,0,VWAP Trend,LOW,1,13.45,nan,4.9,0.0,7.35,0.0,0.0,2026-10-04,1.27,2.21,63.6,1.8,56.81,11.6,-12.25,4.5,11,2026-06-12 to 2026-09-28 (74 days),-1.0,41.5,nan,nan,nan,NEUTRAL,LOW,EARNINGS TODAY (2026-09-30); Last surprise: +1.8%; Earnings conf adj: -3,-1.0,-1.0,1.0,0,2026-09-30,1.8,-3
2026-09-30T16:43:01,2026-09-30,AVNT,HOLD,0,MACD Crossover,HIGH,4,13.44,nan,2.48,0.0,4.96,0.0,0.0,2026-10-10,2.24,7.1,100.0,193.9,84.07,42.33,-6.21,10.5,2,2026-06-12 to 2026-09-28 (74 days),-1.0,47.3,nan,nan,nan,NEUTRAL,LOW,No special conditions,-1.0,-1.0,1.0,40,2026-11-09,,0
2026-09-30T16:42:19,2026-09-30,FNF,BUY,1,ADX Trend Following,HIGH,4,13.23,nan,2.58,nan,5.16,nan,10.0,2026-10-23,1.08,1.9,100.0,63.91,22.91,59.32,-6.45,23.5,2,2026-06-12 to 2026-09-28 (74 days),0.302,27.1,nan,nan,nan,NEUTRAL,LOW,RSI oversold; Strong trend (ADX=62),-1.0,-1.0,1.0,36,2026-11-05,,0
2026-09-30T16:41:51,2026-09-30,WY,HOLD,1,ADX Trend Following,LOW,1,13.2,nan,3.31,nan,4.96,nan,0.0,2026-10-05,-1.84,-2.43,25.0,0.23,-21.13,32.41,-8.28,5.0,4,2026-06-12 to 2026-09-28 (74 days),-1.0,22.1,nan,nan,nan,NEUTRAL,LOW,RSI oversold; Strong trend (ADX=73); Last surprise: +62.5%; Earnings conf adj: +1,-1.0,-1.0,1.0,29,2026-10-29,62.5,1
2026-09-30T16:40:17,2026-09-30,BR,HOLD,0,MACD Crossover,HIGH,4,13.12,nan,2.34,0.0,4.68,0.0,0.0,2026-10-29,2.49,4.7,100.0,197.99,88.14,34.94,-5.84,29.5,2,2026-06-12 to 2026-09-28 (74 days),-1.0,41.6,nan,nan,nan,NEUTRAL,LOW,Last surprise: +1.6%,-1.0,-1.0,1.0,34,2026-11-03,1.6,0
2026-09-30T16:41:20,2026-09-30,OKE,HOLD,0,MACD Crossover,LOW,1,13.04,nan,2.43,0.0,3.65,0.0,0.0,2026-10-18,-0.01,-0.01,33.3,1.01,-1.71,1.73,-6.07,18.7,3,2026-06-12 to 2026-09-28 (74 days),-1.0,35.4,nan,nan,nan,NEUTRAL,LOW,Last surprise: +5.5%; Earnings conf adj: +1,-1.0,-1.0,1.0,27,2026-10-27,5.52,1
2026-09-30T16:42:05,2026-09-30,TLN,HOLD,0,Composite Multi-Indicator,LOW,0,13.0,nan,10.0,0.0,15.0,0.0,0.0,2027-01-03,-2.07,-2.43,0.0,0.0,-66.78,-21.96,-32.37,95.0,1,2026-06-12 to 2026-09-28 (74 days),-1.0,47.2,nan,nan,nan,NEUTRAL,LOW,Last surprise: -30.1%; Earnings conf adj: -1,-1.0,-1.0,1.0,35,2026-11-04,-30.09,-1
2026-09-30T16:42:58,2026-09-30,UFPI,HOLD,0,ADX Trend Following,LOW,0,12.73,nan,4.32,0.0,6.48,0.0,0.0,2026-10-16,-0.4,-0.62,33.3,0.18,-11.74,6.53,-10.81,16.0,3,2026-06-12 to 2026-09-28 (74 days),-1.0,40.2,nan,nan,nan,NEUTRAL,LOW,No special conditions,-1.0,-1.0,1.0,26,2026-10-26,,0
2026-09-30T16:41:03,2026-09-30,KKR,HOLD,0,MACD Crossover,HIGH,5,12.69,nan,2.87,0.0,5.74,0.0,0.0,2026-10-21,1.43,2.42,100.0,111.79,43.97,53.74,-7.18,21.0,2,2026-06-12 to 2026-09-28 (74 days),-1.0,33.7,nan,nan,nan,NEUTRAL,LOW,Strong trend (ADX=47); Last surprise: +14.0%; Earnings conf adj: +1,-1.0,-1.0,1.0,40,2026-11-09,13.99,1
2026-09-30T16:42:21,2026-09-30,DCI,HOLD,0,MACD Crossover,HIGH,4,12.51,nan,2.0,0.0,4.0,0.0,0.0,2026-10-13,1.65,2.62,100.0,56.97,19.92,12.97,-3.0,13.5,2,2026-06-12 to 2026-09-28 (74 days),-1.0,41.8,nan,nan,nan,NEUTRAL,LOW,Strong trend (ADX=35),-1.0,-1.0,1.0,-1,,,0
2026-09-30T16:42:51,2026-09-30,MUR,HOLD,0,Stochastic Oscillator,HIGH,4,12.33,nan,5.01,0.0,7.52,0.0,0.0,2026-10-22,1.62,2.71,66.7,8.23,59.04,74.27,-12.52,22.7,3,2026-06-12 to 2026-09-28 (74 days),-1.0,48.8,nan,nan,nan,NEUTRAL,LOW,No special conditions,-1.0,-1.0,1.0,35,2026-11-04,,0
2026-09-30T16:40:07,2026-09-30,ALL,HOLD,0,VWAP Trend,MEDIUM,3,12.15,nan,2.91,0.0,5.82,0.0,0.0,2026-10-02,0.69,1.01,58.3,1.37,12.81,1.7,-7.27,2.1,12,2026-06-12 to 2026-09-28 (74 days),-1.0,27.9,nan,nan,nan,NEUTRAL,LOW,RSI oversold; High volume; Strong trend (ADX=48); Last surprise: +48.1%; Earnings conf adj: +1,-1.0,-1.0,1.0,35,2026-11-04,48.11,1
2026-09-30T16:42:58,2026-09-30,SLM,HOLD,0,VWAP Trend,MEDIUM,3,12.13,nan,2.22,0.0,4.44,0.0,0.0,2026-10-04,3.16,6.02,50.0,3.51,95.64,85.53,-5.55,4.3,10,2026-06-12 to 2026-09-28 (74 days),-1.0,31.1,nan,nan,nan,NEUTRAL,LOW,Strong trend (ADX=46),-1.0,-1.0,1.0,22,2026-10-22,,0
2026-09-30T16:41:44,2026-09-30,UNP,HOLD,0,VWAP Trend,LOW,1,12.05,nan,2.77,0.0,4.16,0.0,0.0,2026-10-02,-2.43,-2.79,28.6,0.3,-17.71,-21.13,-6.93,2.7,7,2026-06-12 to 2026-09-28 (74 days),-1.0,34.1,nan,nan,nan,NEUTRAL,LOW,Strong trend (ADX=53); Last surprise: +5.2%; Earnings conf adj: +1,-1.0,-1.0,1.0,22,2026-10-22,5.25,1
2026-09-30T16:42:16,2026-09-30,HL,HOLD,0,VWAP Trend,LOW,1,12.04,nan,5.19,0.0,7.78,0.0,0.0,2026-10-03,0.28,0.43,57.1,1.24,4.05,-40.53,-12.97,3.3,7,2026-06-12 to 2026-09-28 (74 days),-1.0,38.9,nan,nan,nan,NEUTRAL,LOW,Strong trend (ADX=40),-1.0,-1.0,1.0,36,2026-11-05,,0
2026-09-30T16:43:01,2026-09-30,LOPE,HOLD,0,Stochastic Oscillator,HIGH,4,11.98,nan,4.39,0.0,6.58,0.0,0.0,2026-11-04,1.99,3.24,100.0,160.22,66.96,69.49,-10.97,35.0,2,2026-06-12 to 2026-09-28 (74 days),-1.0,42.5,nan,nan,nan,NEUTRAL,LOW,No special conditions,-1.0,-1.0,1.0,35,2026-11-04,,0
2026-09-30T16:41:26,2026-09-30,PPG,HOLD,0,ADX Trend Following,LOW,0,11.84,nan,3.67,0.0,5.5,0.0,0.0,2026-10-12,-1.13,-1.38,33.3,0.09,-19.09,10.8,-9.17,12.7,3,2026-06-12 to 2026-09-28 (74 days),-1.0,44.5,nan,nan,nan,NEUTRAL,LOW,Last surprise: -0.9%,-1.0,-1.0,1.0,27,2026-10-27,-0.89,0
2026-09-30T16:41:42,2026-09-30,TXT,HOLD,0,Composite Multi-Indicator,LOW,0,11.77,nan,5.99,0.0,8.98,0.0,0.0,2026-11-30,-2.18,-2.86,0.0,0.0,-30.02,16.59,-14.97,61.0,1,2026-06-12 to 2026-09-28 (74 days),-1.0,35.3,nan,nan,nan,NEUTRAL,LOW,Strong trend (ADX=35); Last surprise: +4.5%,-1.0,-1.0,1.0,29,2026-10-29,4.52,0
2026-09-30T16:41:24,2026-09-30,PKG,HOLD,0,ADX Trend Following,LOW,0,11.72,nan,2.68,0.0,4.02,0.0,0.0,2026-10-09,-1.2,-1.73,25.0,0.37,-11.51,-26.41,-6.71,9.0,4,2026-06-12 to 2026-09-28 (74 days),-1.0,46.3,nan,nan,nan,NEUTRAL,LOW,Last surprise: +1.7%,-1.0,-1.0,1.0,21,2026-10-21,1.73,0
2026-09-30T16:41:22,2026-09-30,PAYX,BUY,1,ADX Trend Following,HIGH,4,11.66,nan,3.96,nan,7.92,nan,10.0,2026-11-08,1.36,2.07,100.0,100.01,38.05,39.06,-9.89,39.0,2,2026-06-12 to 2026-09-28 (74 days),0.262,20.4,nan,nan,nan,NEUTRAL,LOW,RSI oversold; Strong trend (ADX=50); Last surprise: +1.5%,-1.0,-1.0,1.0,79,2026-12-18,1.52,0
2026-09-30T16:42:06,2026-09-30,UNM,HOLD,0,MACD Crossover,LOW,0,11.56,nan,3.35,0.0,5.03,0.0,0.0,2026-10-20,-0.56,-0.81,50.0,0.08,-8.68,-4.74,-8.38,20.0,2,2026-06-12 to 2026-09-28 (74 days),-1.0,44.7,nan,nan,nan,NEUTRAL,LOW,Last surprise: +0.5%,-1.0,-1.0,1.0,34,2026-11-03,0.47,0
2026-09-30T16:40:26,2026-09-30,COST,HOLD,0,Stochastic Oscillator,LOW,0,11.52,nan,3.3,0.0,4.95,0.0,0.0,2026-12-30,-0.37,-0.54,0.0,0.0,-8.53,10.41,-8.24,91.0,1,2026-06-12 to 2026-09-28 (74 days),-1.0,52.4,nan,nan,nan,NEUTRAL,LOW,Last surprise: +3.4%,-1.0,-1.0,1.0,71,2026-12-10,3.37,0
2026-09-30T16:41:27,2026-09-30,PSA,HOLD,0,VWAP Trend,LOW,1,11.43,nan,2.0,0.0,3.0,0.0,0.0,2026-10-01,-0.16,-0.21,58.3,1.08,-2.88,30.0,-3.74,1.8,12,2026-06-12 to 2026-09-28 (74 days),-1.0,33.7,nan,nan,nan,NEUTRAL,LOW,Strong trend (ADX=33); Last surprise: -3.2%,-1.0,-1.0,1.0,28,2026-10-28,-3.16,0
2026-09-30T16:40:51,2026-09-30,GWW,HOLD,0,MACD Crossover,MEDIUM,2,11.4,nan,2.4,0.0,4.8,0.0,0.0,2026-10-04,-0.85,-1.17,60.0,0.5,-8.99,5.36,-6.0,4.8,5,2026-06-12 to 2026-09-28 (74 days),-1.0,41.2,nan,nan,nan,NEUTRAL,LOW,Last surprise: +6.3%; Earnings conf adj: +1,-1.0,-1.0,1.0,35,2026-11-04,6.28,1
2026-09-30T16:41:06,2026-09-30,LMT,HOLD,0,MACD Crossover,LOW,1,11.34,nan,3.72,0.0,5.58,0.0,0.0,2026-10-14,-1.98,-2.43,33.3,0.04,-27.28,-15.64,-9.31,14.3,3,2026-06-12 to 2026-09-28 (74 days),-1.0,36.8,nan,nan,nan,NEUTRAL,LOW,Strong trend (ADX=49); Last surprise: +10.3%; Earnings conf adj: +1,-1.0,-1.0,1.0,20,2026-10-20,10.28,1
2026-09-30T16:41:29,2026-09-30,RJF,HOLD,0,EMA Crossover (9/21),HIGH,5,11.34,nan,2.44,0.0,4.88,0.0,0.0,2026-11-12,1.51,2.45,100.0,90.53,34.62,17.24,-6.1,43.5,2,2026-06-12 to 2026-09-28 (74 days),-1.0,35.6,nan,nan,nan,NEUTRAL,LOW,Strong trend (ADX=54); Last surprise: +7.9%; Earnings conf adj: +1,-1.0,-1.0,1.0,28,2026-10-28,7.9,1
2026-09-30T16:42:13,2026-09-30,AIT,HOLD,0,MACD Crossover,HIGH,4,11.34,nan,2.0,0.0,4.0,0.0,0.0,2026-10-10,1.16,1.54,66.7,2.29,14.77,-5.76,-4.28,10.3,3,2026-06-12 to 2026-09-28 (74 days),-1.0,58.2,nan,nan,nan,NEUTRAL,LOW,Strong trend (ADX=40),-1.0,-1.0,1.0,27,2026-10-27,,0
2026-09-30T16:40:30,2026-09-30,CTSH,EXIT,-1,ADX Trend Following,HIGH,4,11.29,nan,3.98,nan,7.96,nan,10.0,2026-10-22,2.97,6.66,66.7,31.97,189.31,152.88,-9.96,22.3,3,2026-06-12 to 2026-09-28 (74 days),-1.0,41.1,nan,nan,nan,NEUTRAL,LOW,Last surprise: -0.7%,-1.0,-1.0,1.0,28,2026-10-28,-0.72,0
2026-09-30T16:40:14,2026-09-30,BAX,HOLD,0,VWAP Trend,HIGH,5,11.1,nan,2.41,0.0,4.82,0.0,0.0,2026-10-06,2.28,5.39,75.0,23.84,76.99,26.12,-6.02,6.5,4,2026-06-12 to 2026-09-28 (74 days),-1.0,40.1,nan,nan,nan,NEUTRAL,LOW,Last surprise: +51.4%; Earnings conf adj: +1,-1.0,-1.0,1.0,29,2026-10-29,51.35,1
2026-09-30T16:43:05,2026-09-30,BHF,HOLD,0,Composite Multi-Indicator,LOW,0,11.07,nan,10.0,0.0,15.0,0.0,0.0,2026-12-12,-3.52,-4.21,0.0,0.0,-55.38,-6.99,-25.71,73.0,1,2026-06-12 to 2026-09-28 (74 days),-1.0,45.9,nan,nan,nan,NEUTRAL,LOW,Strong trend (ADX=46),-1.0,-1.0,1.0,36,2026-11-05,,0
2026-09-30T16:40:29,2026-09-30,CSCO,BUY,1,ADX Trend Following,HIGH,4,11.03,nan,2.0,nan,4.0,nan,10.0,2026-10-06,1.87,3.97,66.7,48.35,27.81,62.29,-2.68,6.0,3,2026-06-12 to 2026-09-28 (74 days),0.734,41.8,nan,nan,nan,NEUTRAL,LOW,Strong trend (ADX=36); Last surprise: +4.3%,-1.0,-1.0,1.0,43,2026-11-12,4.27,0
2026-09-30T16:42:36,2026-09-30,KNSL,HOLD,0,EMA Crossover (9/21),HIGH,4,10.97,nan,3.97,0.0,7.94,0.0,0.0,2026-11-06,1.42,2.11,100.0,123.08,49.52,33.43,-9.93,37.0,2,2026-06-12 to 2026-09-28 (74 days),-1.0,27.4,nan,nan,nan,NEUTRAL,LOW,RSI oversold; Strong trend (ADX=37),-1.0,-1.0,1.0,22,2026-10-22,,0
2026-09-30T16:41:17,2026-09-30,NOW,HOLD,0,Donchian Breakout (20/55),MEDIUM,2,10.95,nan,4.56,0.0,9.12,0.0,0.0,2026-11-18,0.45,0.79,100.0,30.47,10.51,-128.31,-11.41,49.0,1,2026-06-12 to 2026-09-28 (74 days),-1.0,47.0,nan,nan,nan,NEUTRAL,LOW,Last surprise: +4.7%,-1.0,-1.0,1.0,28,2026-10-28,4.65,0
2026-09-30T16:41:05,2026-09-30,LEN,HOLD,0,MACD Crossover,LOW,0,10.84,nan,4.69,0.0,7.04,0.0,0.0,2026-10-14,-1.39,-1.82,33.3,0.06,-29.16,-2.43,-11.73,14.7,3,2026-06-12 to 2026-09-28 (74 days),-1.0,49.9,nan,nan,nan,NEUTRAL,LOW,Last surprise: -4.7%,-1.0,-1.0,1.0,76,2026-12-15,-4.65,0
2026-09-30T16:42:42,2026-09-30,MTDR,HOLD,0,Stochastic Oscillator,HIGH,4,10.8,nan,2.29,0.0,3.44,0.0,0.0,2026-10-16,2.6,5.71,66.7,8.31,90.58,103.96,-5.73,16.3,3,2026-06-12 to 2026-09-28 (74 days),-1.0,36.0,nan,nan,nan,NEUTRAL,LOW,Strong trend (ADX=43),-1.0,-1.0,1.0,27,2026-10-27,,0
2026-09-30T16:40:03,2026-09-30,ACGL,HOLD,0,ADX Trend Following,HIGH,4,10.79,nan,2.27,0.0,4.54,0.0,0.0,2026-10-21,1.47,2.45,100.0,76.76,28.7,15.96,-5.68,21.0,2,2026-06-12 to 2026-09-28 (74 days),-1.0,38.5,nan,nan,nan,NEUTRAL,LOW,Last surprise: +4.1%,-1.0,-1.0,1.0,27,2026-10-27,4.07,0
2026-09-30T16:42:00,2026-09-30,TOST,HOLD,0,VWAP Trend,HIGH,5,10.65,nan,3.18,0.0,6.36,0.0,0.0,2026-10-09,2.7,5.2,60.0,5.92,97.83,-3.1,-7.94,9.6,5,2026-06-12 to 2026-09-28 (74 days),-1.0,38.6,nan,nan,nan,NEUTRAL,LOW,Strong trend (ADX=36); Last surprise: +12.5%; Earnings conf adj: +1,-1.0,-1.0,1.0,34,2026-11-03,12.5,1
2026-09-30T16:43:00,2026-09-30,KRC,HOLD,0,VWAP Trend,LOW,1,10.36,nan,2.0,0.0,3.0,0.0,0.0,2026-10-02,-0.54,-0.73,62.5,0.86,-4.68,26.7,-3.52,2.5,8,2026-06-12 to 2026-09-28 (74 days),-1.0,32.5,nan,nan,nan,NEUTRAL,LOW,Strong trend (ADX=42),-1.0,-1.0,1.0,22,2026-10-22,,0
2026-09-30T16:42:48,2026-09-30,ACI,HOLD,0,Stochastic Oscillator,MEDIUM,2,10.35,nan,3.78,0.0,5.67,0.0,0.0,2026-11-14,0.25,0.37,100.0,13.59,2.98,63.0,-9.44,45.0,2,2026-06-12 to 2026-09-28 (74 days),-1.0,39.7,nan,nan,nan,NEUTRAL,LOW,No special conditions,-1.0,-1.0,1.0,13,2026-10-13,,0
2026-09-30T16:42:22,2026-09-30,GMED,HOLD,0,VWAP Trend,MEDIUM,3,9.91,nan,2.46,0.0,4.92,0.0,0.0,2026-10-02,0.88,1.39,66.7,1.66,16.1,38.2,-6.16,2.3,9,2026-06-12 to 2026-09-28 (74 days),-1.0,40.4,nan,nan,nan,NEUTRAL,LOW,Strong trend (ADX=31),-1.0,-1.0,1.0,36,2026-11-05,,0
2026-09-30T16:40:11,2026-09-30,APP,HOLD,0,ADX Trend Following,LOW,0,9.85,nan,7.53,0.0,11.3,0.0,0.0,2026-10-07,-1.26,-1.4,33.3,0.49,-32.27,48.48,-18.82,7.0,3,2026-06-12 to 2026-09-28 (74 days),-1.0,41.6,nan,nan,nan,NEUTRAL,LOW,Last surprise: +0.5%,-1.0,-1.0,1.0,35,2026-11-04,0.53,0
2026-09-30T16:43:12,2026-09-30,XLI,HOLD,0,VWAP Trend,LOW,1,9.77,nan,2.0,0.0,3.0,0.0,0.0,2026-10-02,-0.84,-1.05,62.5,0.89,-4.06,8.16,-3.57,2.8,8,2026-06-12 to 2026-09-28 (74 days),-1.0,37.0,nan,nan,nan,NEUTRAL,LOW,Strong trend (ADX=31),-1.0,-1.0,1.0,-1,,,0
2026-09-30T16:41:33,2026-09-30,SNA,HOLD,0,VWAP Trend,HIGH,4,9.73,nan,2.0,0.0,4.0,0.0,0.0,2026-10-01,1.09,1.88,55.6,2.47,11.71,25.24,-3.55,1.8,9,2026-06-12 to 2026-09-28 (74 days),-1.0,31.9,nan,nan,nan,NEUTRAL,LOW,Last surprise: +0.2%,-1.0,-1.0,1.0,15,2026-10-15,0.2,0
2026-09-30T16:43:00,2026-09-30,TCBI,HOLD,0,VWAP Trend,MEDIUM,3,9.68,nan,2.0,0.0,4.0,0.0,0.0,2026-10-02,0.73,1.17,60.0,1.64,4.07,24.82,-2.62,2.2,10,2026-06-12 to 2026-09-28 (74 days),-1.0,39.7,nan,nan,nan,NEUTRAL,LOW,Strong trend (ADX=38),-1.0,-1.0,1.0,21,2026-10-21,,0
2026-09-30T16:40:27,2026-09-30,CPRT,HOLD,0,MACD Crossover,MEDIUM,3,9.63,nan,2.53,0.0,5.06,0.0,0.0,2026-10-15,1.55,3.4,66.7,3.34,51.03,85.39,-6.32,15.0,3,2026-06-12 to 2026-09-28 (74 days),-1.0,30.3,nan,nan,nan,NEUTRAL,LOW,Strong trend (ADX=57); Last surprise: -7.9%; Earnings conf adj: -1,-1.0,-1.0,1.0,50,2026-11-19,-7.89,-1
2026-09-30T16:40:39,2026-09-30,ESS,HOLD,0,VWAP Trend,LOW,0,9.63,nan,2.76,0.0,4.14,0.0,0.0,2026-10-03,-1.19,-1.3,50.0,0.59,-12.87,-3.1,-6.9,3.2,8,2026-06-12 to 2026-09-28 (74 days),-1.0,42.8,nan,nan,nan,NEUTRAL,LOW,Strong trend (ADX=33); Last surprise: -36.1%; Earnings conf adj: -1,-1.0,-1.0,1.0,27,2026-10-27,-36.05,-1
2026-09-30T16:42:43,2026-09-30,INGR,HOLD,0,MACD Crossover,MEDIUM,2,9.63,nan,2.0,0.0,4.0,0.0,0.0,2026-10-25,0.29,0.46,100.0,11.41,2.92,16.78,-3.5,25.0,2,2026-06-12 to 2026-09-28 (74 days),-1.0,33.1,nan,nan,nan,NEUTRAL,LOW,Strong trend (ADX=38),-1.0,-1.0,1.0,34,2026-11-03,,0
2026-09-30T16:41:49,2026-09-30,VTR,BUY,1,ADX Trend Following,HIGH,5,9.57,nan,5.4,nan,10.8,nan,10.0,2026-11-03,1.72,2.33,100.0,116.12,45.79,33.23,-13.5,34.5,2,2026-06-12 to 2026-09-28 (74 days),0.556,36.7,nan,nan,nan,NEUTRAL,LOW,Last surprise: +54.5%; Earnings conf adj: +1,-1.0,-1.0,1.0,27,2026-10-27,54.55,1
2026-09-30T16:42:25,2026-09-30,MUSA,HOLD,0,Stochastic Oscillator,HIGH,4,9.52,nan,5.62,0.0,8.43,0.0,0.0,2026-10-31,1.21,1.95,100.0,102.25,36.58,82.6,-14.04,31.5,2,2026-06-12 to 2026-09-28 (74 days),-1.0,46.7,nan,nan,nan,NEUTRAL,LOW,No special conditions,-1.0,-1.0,1.0,28,2026-10-28,,0
2026-09-30T16:43:05,2026-09-30,ASH,HOLD,0,MACD Crossover,MEDIUM,3,9.49,nan,2.0,0.0,4.0,0.0,0.0,2026-10-09,0.82,1.84,100.0,30.18,9.74,-10.01,-4.05,9.5,2,2026-06-12 to 2026-09-28 (74 days),-1.0,35.3,nan,nan,nan,NEUTRAL,LOW,Strong trend (ADX=34),-1.0,-1.0,1.0,34,2026-11-03,,0
2026-09-30T16:42:23,2026-09-30,KRYS,HOLD,0,MACD Crossover,LOW,0,9.45,nan,4.17,0.0,6.26,0.0,0.0,2026-10-13,-1.2,-1.41,50.0,0.11,-24.63,-46.95,-10.42,13.0,2,2026-06-12 to 2026-09-28 (74 days),-1.0,45.0,nan,nan,nan,NEUTRAL,LOW,No special conditions,-1.0,-1.0,1.0,33,2026-11-02,,0
2026-09-30T16:40:04,2026-09-30,ADBE,HOLD,0,MACD Crossover,HIGH,4,9.39,nan,4.23,0.0,8.46,0.0,0.0,2026-10-20,1.38,2.15,66.7,2.83,58.67,5.11,-10.57,20.0,3,2026-06-12 to 2026-09-28 (74 days),-1.0,34.5,nan,nan,nan,NEUTRAL,LOW,Strong trend (ADX=44); Last surprise: +0.7%,-1.0,-1.0,1.0,70,2026-12-09,0.66,0
2026-09-30T16:40:38,2026-09-30,EOG,HOLD,0,Stochastic Oscillator,MEDIUM,3,9.37,nan,2.0,0.0,3.0,0.0,0.0,2026-10-07,1.86,3.7,50.0,4.16,15.62,2.35,-2.05,7.0,2,2026-06-12 to 2026-09-28 (74 days),-1.0,43.3,nan,nan,nan,NEUTRAL,LOW,Last surprise: +2.0%,-1.0,-1.0,1.0,36,2026-11-05,2.01,0
2026-09-30T16:41:07,2026-09-30,LNT,BUY,1,VWAP Trend,MEDIUM,2,9.36,nan,2.0,nan,4.0,nan,5.15,2026-10-02,-0.63,-0.89,55.6,0.98,-3.84,34.04,-3.68,2.3,9,2026-06-12 to 2026-09-28 (74 days),0.683,24.0,nan,nan,nan,NEUTRAL,LOW,RSI oversold; High volume; Strong trend (ADX=60); Last surprise: +12.1%; Earnings conf adj: +1,-1.0,-1.0,1.0,36,2026-11-05,12.07,1
2026-09-30T16:40:12,2026-09-30,AVY,HOLD,0,VWAP Trend,HIGH,4,9.19,nan,3.14,0.0,6.28,0.0,0.0,2026-10-08,0.85,1.38,55.6,2.02,17.92,-14.88,-7.86,8.3,9,2026-06-12 to 2026-09-28 (74 days),-1.0,50.1,nan,nan,nan,NEUTRAL,LOW,Last surprise: +17.0%; Earnings conf adj: +1,-1.0,-1.0,1.0,21,2026-10-21,17.0,1
2026-09-30T16:41:44,2026-09-30,UNH,HOLD,0,MACD Crossover,MEDIUM,2,9.03,nan,2.18,0.0,4.36,0.0,0.0,2026-10-05,0.26,0.4,80.0,1.39,2.43,22.88,-5.45,5.6,5,2026-06-12 to 2026-09-28 (74 days),-1.0,42.8,nan,nan,nan,NEUTRAL,LOW,Strong trend (ADX=41); Last surprise: +29.7%; Earnings conf adj: +1,-1.0,-1.0,1.0,13,2026-10-13,29.67,1
2026-09-30T16:40:51,2026-09-30,HAS,HOLD,0,VWAP Trend,LOW,1,8.98,nan,3.88,0.0,5.82,0.0,0.0,2026-10-01,-3.35,-3.6,25.0,0.28,-25.42,-53.43,-9.69,1.4,8,2026-06-12 to 2026-09-28 (74 days),-1.0,48.0,nan,nan,nan,NEUTRAL,LOW,Last surprise: +13.3%; Earnings conf adj: +1,-1.0,-1.0,1.0,20,2026-10-20,13.27,1
2026-09-30T16:40:56,2026-09-30,IBM,HOLD,0,Stochastic Oscillator,HIGH,4,8.98,nan,2.82,0.0,4.23,0.0,0.0,2026-10-11,1.99,4.22,66.7,3.56,47.96,98.32,-7.04,11.3,3,2026-06-12 to 2026-09-28 (74 days),-1.0,37.7,nan,nan,nan,NEUTRAL,LOW,Last surprise: +0.0%,-1.0,-1.0,1.0,21,2026-10-21,0.0,0
2026-09-30T16:42:35,2026-09-30,ATR,HOLD,0,MACD Crossover,MEDIUM,3,8.89,nan,2.0,0.0,4.0,0.0,0.0,2026-10-11,0.71,1.45,100.0,29.04,9.29,-13.35,-4.33,11.5,2,2026-06-12 to 2026-09-28 (74 days),-1.0,41.3,nan,nan,nan,NEUTRAL,LOW,Strong trend (ADX=37),-1.0,-1.0,1.0,29,2026-10-29,,0
2026-09-30T16:42:19,2026-09-30,AR,HOLD,1,ADX Trend Following,LOW,0,8.88,nan,3.88,nan,5.82,nan,0.0,2026-10-08,-0.49,-0.75,50.0,0.61,-12.96,-8.19,-9.71,8.2,6,2026-06-12 to 2026-09-28 (74 days),-1.0,37.1,nan,nan,nan,NEUTRAL,LOW,Strong trend (ADX=36),-1.0,-1.0,1.0,28,2026-10-28,,0
2026-09-30T16:40:35,2026-09-30,DTE,HOLD,1,VWAP Trend,LOW,1,8.78,nan,2.28,nan,3.42,nan,0.0,2026-10-02,-2.24,-2.62,40.0,0.43,-14.04,32.58,-5.69,2.1,10,2026-06-12 to 2026-09-28 (74 days),-1.0,17.1,nan,nan,nan,NEUTRAL,LOW,RSI oversold; High volume; Strong trend (ADX=70); Last surprise: +15.8%; Earnings conf adj: +1,-1.0,-1.0,1.0,29,2026-10-29,15.79,1
2026-09-30T16:41:50,2026-09-30,WM,HOLD,0,Momentum (Rate of Change),MEDIUM,2,8.35,nan,3.08,0.0,6.16,0.0,0.0,2026-10-20,0.22,0.35,100.0,20.99,2.4,20.18,-7.69,20.0,2,2026-06-12 to 2026-09-28 (74 days),-1.0,29.4,nan,nan,nan,NEUTRAL,LOW,RSI oversold; Last surprise: +2.0%,-1.0,-1.0,1.0,27,2026-10-27,2.02,0
2026-09-30T16:42:43,2026-09-30,WEX,HOLD,0,VWAP Trend,HIGH,4,8.29,nan,2.1,0.0,4.2,0.0,0.0,2026-10-05,3.11,6.93,62.5,6.84,137.7,-14.1,-5.25,5.1,8,2026-06-12 to 2026-09-28 (74 days),-1.0,37.3,nan,nan,nan,NEUTRAL,LOW,Strong trend (ADX=33),-1.0,-1.0,1.0,28,2026-10-28,,0
2026-09-30T16:43:13,2026-09-30,XLU,HOLD,1,VWAP Trend,LOW,0,8.2,nan,2.0,nan,3.0,nan,0.0,2026-10-03,-2.82,-3.19,42.9,0.39,-12.83,19.36,-4.53,3.0,7,2026-06-12 to 2026-09-28 (74 days),-1.0,23.8,nan,nan,nan,NEUTRAL,LOW,RSI oversold; High volume; Strong trend (ADX=56),-1.0,-1.0,1.0,-1,,,0
2026-09-30T16:40:46,2026-09-30,GD,HOLD,0,Composite Multi-Indicator,HIGH,5,8.01,nan,2.0,0.0,4.0,0.0,0.0,2026-11-18,3.68,6.85,100.0,157.3,64.94,86.6,-3.11,49.0,1,2026-06-12 to 2026-09-28 (74 days),-1.0,21.9,nan,nan,nan,NEUTRAL,LOW,RSI oversold; Strong trend (ADX=73); Last surprise: +6.8%; Earnings conf adj: +1,-1.0,-1.0,1.0,28,2026-10-28,6.8,1
2026-09-30T16:42:13,2026-09-30,BWXT,HOLD,0,Multi-Factor Momentum MR,HIGH,4,7.97,nan,2.0,0.0,4.0,0.0,0.0,2026-10-01,1.79,49.3,100.0,27.53,9.45,80.89,-0.1,1.0,1,2026-06-12 to 2026-09-28 (74 days),-1.0,26.4,nan,nan,nan,NEUTRAL,LOW,RSI oversold; High volume; Strong trend (ADX=40),-1.0,-1.0,1.0,33,2026-11-02,,0
2026-09-30T16:42:10,2026-09-30,WSO,HOLD,0,Stochastic Oscillator,LOW,0,7.93,nan,9.15,0.0,13.73,0.0,0.0,2026-12-12,-1.82,-2.11,0.0,0.0,-50.22,-2.85,-22.87,73.0,1,2026-06-12 to 2026-09-28 (74 days),-1.0,46.5,nan,nan,nan,NEUTRAL,LOW,No special conditions,-1.0,-1.0,1.0,28,2026-10-28,,0
2026-09-30T16:41:03,2026-09-30,KMB,HOLD,0,Stochastic Oscillator,LOW,1,7.84,nan,5.24,0.0,7.86,0.0,0.0,2026-12-09,-1.49,-1.95,0.0,0.0,-26.41,-18.75,-13.09,70.0,1,2026-06-12 to 2026-09-28 (74 days),-1.0,39.4,nan,nan,nan,NEUTRAL,LOW,Strong trend (ADX=36); Last surprise: +5.5%; Earnings conf adj: +1,-1.0,-1.0,1.0,34,2026-11-03,5.47,1
2026-09-30T16:41:51,2026-09-30,WTW,HOLD,0,Composite Multi-Indicator,HIGH,5,7.81,nan,2.18,0.0,4.36,0.0,0.0,2026-12-07,4.35,11.87,100.0,362.96,189.95,143.75,-5.44,68.0,1,2026-06-12 to 2026-09-28 (74 days),-1.0,28.3,nan,nan,nan,NEUTRAL,LOW,RSI oversold; Strong trend (ADX=55); Last surprise: +7.7%; Earnings conf adj: +1,-1.0,-1.0,1.0,29,2026-10-29,7.72,1
2026-09-30T16:40:07,2026-09-30,AMAT,HOLD,0,Multi-Factor Momentum MR,LOW,0,7.75,nan,9.08,0.0,13.62,0.0,0.0,2026-10-21,0.12,0.2,0.0,0.0,-3.35,37.47,-22.69,21.0,1,2026-06-12 to 2026-09-28 (74 days),-1.0,56.3,nan,nan,nan,NEUTRAL,LOW,Last surprise: +3.2%,-1.0,-1.0,1.0,43,2026-11-12,3.24,0
2026-09-30T16:42:06,2026-09-30,NBIX,HOLD,0,VWAP Trend,LOW,1,7.66,nan,2.0,0.0,3.0,0.0,0.0,2026-10-01,0.14,0.22,40.0,1.25,0.77,36.68,-3.87,1.7,10,2026-06-12 to 2026-09-28 (74 days),-1.0,31.1,nan,nan,nan,NEUTRAL,LOW,Strong trend (ADX=47); Last surprise: +45.4%; Earnings conf adj: +1,-1.0,-1.0,1.0,28,2026-10-28,45.41,1
2026-09-30T16:41:44,2026-09-30,TYL,BUY,1,ADX Trend Following,HIGH,4,7.65,nan,4.62,nan,9.24,nan,10.0,2026-10-08,1.09,1.89,60.0,2.6,31.11,-1.11,-11.55,8.6,5,2026-06-12 to 2026-09-28 (74 days),0.429,39.8,nan,nan,nan,NEUTRAL,LOW,Last surprise: +0.3%,-1.0,-1.0,1.0,28,2026-10-28,0.33,0
2026-09-30T16:42:39,2026-09-30,DBX,HOLD,0,52-Week High Momentum,MEDIUM,2,7.63,nan,4.07,0.0,8.14,0.0,0.0,2026-11-25,0.17,0.26,100.0,25.7,0.81,-75.38,-10.17,56.0,1,2026-06-12 to 2026-09-28 (74 days),-1.0,36.2,nan,nan,nan,NEUTRAL,LOW,Strong trend (ADX=38),-1.0,-1.0,1.0,36,2026-11-05,,0
2026-09-30T16:42:26,2026-09-30,FCFS,HOLD,0,Momentum (Rate of Change),MEDIUM,2,7.36,nan,3.72,0.0,7.44,0.0,0.0,2026-10-30,0.68,1.19,50.0,5.65,17.15,28.21,-9.29,30.5,2,2026-06-12 to 2026-09-28 (74 days),-1.0,47.8,nan,nan,nan,NEUTRAL,LOW,No special conditions,-1.0,-1.0,1.0,22,2026-10-22,,0
2026-09-30T16:42:31,2026-09-30,PRI,HOLD,0,Composite Multi-Indicator,HIGH,4,7.32,nan,2.0,0.0,4.0,0.0,0.0,2026-11-04,3.38,8.12,100.0,122.68,48.53,55.04,-1.6,35.0,1,2026-06-12 to 2026-09-28 (74 days),-1.0,30.3,nan,nan,nan,NEUTRAL,LOW,Strong trend (ADX=40),-1.0,-1.0,1.0,35,2026-11-04,,0
2026-09-30T16:42:56,2026-09-30,SR,HOLD,0,EMA Crossover (9/21),LOW,1,7.31,nan,2.0,0.0,3.0,0.0,0.0,2026-10-28,0.13,0.19,50.0,1.56,0.91,7.2,-4.47,28.5,2,2026-06-12 to 2026-09-28 (74 days),-1.0,34.5,nan,nan,nan,NEUTRAL,LOW,Strong trend (ADX=41),-1.0,-1.0,1.0,44,2026-11-13,,0
2026-09-30T16:41:42,2026-09-30,TSCO,BUY,1,SMA Crossover (10/50),MEDIUM,2,7.01,nan,4.39,nan,8.78,nan,10.0,2026-10-26,0.57,0.86,100.0,29.09,9.71,-2.27,-10.97,26.0,2,2026-06-12 to 2026-09-28 (74 days),0.548,41.5,nan,nan,nan,NEUTRAL,LOW,Strong trend (ADX=44); Last surprise: -15.9%; Earnings conf adj: -1,-1.0,-1.0,1.0,22,2026-10-22,-15.85,-1
2026-09-30T16:40:18,2026-09-30,BX,HOLD,0,MACD Crossover,HIGH,5,6.97,nan,2.34,0.0,4.68,0.0,0.0,2026-11-15,2.18,3.97,100.0,172.57,71.98,90.47,-5.86,46.0,1,2026-06-12 to 2026-09-28 (74 days),-1.0,27.9,nan,nan,nan,NEUTRAL,LOW,RSI oversold; Strong trend (ADX=55); Last surprise: +13.4%; Earnings conf adj: +1,-1.0,-1.0,1.0,22,2026-10-22,13.43,1
2026-09-30T16:42:19,2026-09-30,SF,HOLD,0,MACD Crossover,HIGH,4,6.97,nan,2.0,0.0,4.0,0.0,0.0,2026-11-05,2.7,4.76,100.0,122.98,48.16,57.13,-3.21,36.0,1,2026-06-12 to 2026-09-28 (74 days),-1.0,24.1,nan,nan,nan,NEUTRAL,LOW,RSI oversold; Strong trend (ADX=66),-1.0,-1.0,1.0,21,2026-10-21,,0
2026-09-30T16:42:45,2026-09-30,SWX,BUY,1,ADX Trend Following,HIGH,4,6.96,nan,2.0,nan,4.0,nan,10.0,2026-10-14,1.11,1.84,66.7,4.95,12.24,35.48,-3.17,14.0,3,2026-06-12 to 2026-09-28 (74 days),0.437,28.1,nan,nan,nan,NEUTRAL,LOW,RSI oversold; Strong trend (ADX=53),-1.0,-1.0,1.0,35,2026-11-04,,0
2026-09-30T16:42:08,2026-09-30,AMKR,HOLD,0,Stochastic Oscillator,LOW,1,6.84,nan,10.0,0.0,15.0,0.0,0.0,2026-12-17,-0.6,-0.76,0.0,0.0,-56.49,21.67,-40.78,78.0,1,2026-06-12 to 2026-09-28 (74 days),-1.0,53.7,nan,nan,nan,NEUTRAL,LOW,Last surprise: +45.8%; Earnings conf adj: +1,-1.0,-1.0,1.0,26,2026-10-26,45.83,1
2026-09-30T16:42:51,2026-09-30,RLI,HOLD,0,Composite Multi-Indicator,HIGH,4,6.83,nan,2.86,0.0,5.72,0.0,0.0,2026-11-05,3.55,6.83,100.0,233.36,105.44,93.62,-7.15,36.0,1,2026-06-12 to 2026-09-28 (74 days),-1.0,26.1,nan,nan,nan,NEUTRAL,LOW,RSI oversold; Strong trend (ADX=51),-1.0,-1.0,1.0,19,2026-10-19,,0
2026-09-30T16:41:29,2026-09-30,RF,HOLD,0,PEAD Earnings Drift,HIGH,5,6.81,nan,2.0,0.0,4.0,0.0,0.0,2026-11-01,2.66,4.62,100.0,105.64,40.89,59.89,-3.18,32.0,1,2026-06-12 to 2026-09-28 (74 days),-1.0,27.0,nan,nan,nan,NEUTRAL,LOW,RSI oversold; Strong trend (ADX=52); Last surprise: +7.9%; Earnings conf adj: +1,-1.0,-1.0,1.0,16,2026-10-16,7.94,1
2026-09-30T16:41:19,2026-09-30,ODFL,HOLD,0,Multi-Factor Momentum MR,HIGH,5,6.69,nan,2.0,0.0,4.0,0.0,0.0,2026-10-25,1.53,3.52,100.0,64.23,23.51,91.22,-3.29,25.0,1,2026-06-12 to 2026-09-28 (74 days),-1.0,36.2,nan,nan,nan,NEUTRAL,LOW,Strong trend (ADX=59); Last surprise: +9.8%; Earnings conf adj: +1,-1.0,-1.0,1.0,28,2026-10-28,9.8,1
2026-09-30T16:40:06,2026-09-30,AJG,HOLD,0,Composite Multi-Indicator,HIGH,4,6.68,nan,2.91,0.0,5.82,0.0,0.0,2026-11-06,3.79,8.98,100.0,285.16,136.76,117.62,-7.28,37.0,1,2026-06-12 to 2026-09-28 (74 days),-1.0,35.8,nan,nan,nan,NEUTRAL,LOW,Strong trend (ADX=42); Last surprise: +1.1%,-1.0,-1.0,1.0,29,2026-10-29,1.07,0
2026-09-30T16:40:55,2026-09-30,HWM,HOLD,1,ADX Trend Following,LOW,1,6.61,nan,2.24,nan,3.36,nan,0.0,2026-10-11,-0.35,-0.52,50.0,0.0,-3.79,36.06,-5.59,11.0,2,2026-06-12 to 2026-09-28 (74 days),-1.0,37.1,nan,nan,nan,NEUTRAL,LOW,Strong trend (ADX=39); Last surprise: +6.4%; Earnings conf adj: +1,-1.0,-1.0,1.0,36,2026-11-05,6.4,1
2026-09-30T16:41:50,2026-09-30,WFC,HOLD,0,Stochastic Oscillator,MEDIUM,2,6.52,nan,2.0,0.0,3.0,0.0,0.0,2026-10-11,0.43,0.62,50.0,1.67,4.15,13.92,-4.6,11.5,2,2026-06-12 to 2026-09-28 (74 days),-1.0,33.4,nan,nan,nan,NEUTRAL,LOW,Strong trend (ADX=36); Last surprise: +16.3%; Earnings conf adj: +1,-1.0,-1.0,1.0,13,2026-10-13,16.28,1
2026-09-30T16:42:05,2026-09-30,FN,HOLD,0,VWAP Trend,MEDIUM,2,6.48,nan,4.44,0.0,8.88,0.0,0.0,2026-10-02,0.23,0.36,66.7,1.17,2.58,77.36,-11.09,2.2,6,2026-06-12 to 2026-09-28 (74 days),-1.0,47.0,nan,nan,nan,NEUTRAL,LOW,Last surprise: +7.6%; Earnings conf adj: +1,-1.0,-1.0,1.0,33,2026-11-02,7.61,1
2026-09-30T16:43:01,2026-09-30,CDP,HOLD,0,Composite Multi-Indicator,HIGH,4,6.46,nan,2.0,0.0,4.0,0.0,0.0,2026-10-25,3.48,9.96,100.0,124.59,47.36,52.1,-3.34,25.0,1,2026-06-12 to 2026-09-28 (74 days),-1.0,28.7,nan,nan,nan,NEUTRAL,LOW,RSI oversold; High volume; Strong trend (ADX=52),-1.0,-1.0,1.0,29,2026-10-29,,0
2026-09-30T16:41:32,2026-09-30,SCHW,BUY,1,ADX Trend Following,HIGH,4,6.43,nan,3.18,nan,6.36,nan,10.0,2026-10-31,2.24,3.64,66.7,15.58,55.55,24.21,-7.94,31.7,3,2026-06-12 to 2026-09-28 (74 days),0.766,29.8,nan,nan,nan,NEUTRAL,LOW,RSI oversold; Strong trend (ADX=36); Last surprise: +4.5%,-1.0,-1.0,1.0,15,2026-10-15,4.52,0
2026-09-30T16:40:34,2026-09-30,DPZ,HOLD,0,MACD Crossover,HIGH,4,6.42,nan,2.15,0.0,4.3,0.0,0.0,2026-11-10,1.9,3.71,100.0,133.95,53.21,80.01,-5.38,41.0,1,2026-06-12 to 2026-09-28 (74 days),-1.0,32.4,nan,nan,nan,NEUTRAL,LOW,Strong trend (ADX=50); Last surprise: -2.4%,-1.0,-1.0,1.0,13,2026-10-13,-2.4,0
2026-09-30T16:40:12,2026-09-30,ARES,HOLD,0,MACD Crossover,HIGH,4,6.39,nan,2.47,0.0,4.94,0.0,0.0,2026-11-11,1.96,4.09,100.0,158.59,65.01,96.71,-6.17,42.0,1,2026-06-12 to 2026-09-28 (74 days),-1.0,32.2,nan,nan,nan,NEUTRAL,LOW,Strong trend (ADX=45); Last surprise: +1.6%,-1.0,-1.0,1.0,29,2026-10-29,1.57,0
2026-09-30T16:41:26,2026-09-30,PODD,HOLD,0,Stochastic Oscillator,HIGH,5,6.35,nan,2.0,0.0,3.0,0.0,0.0,2026-10-16,2.33,4.55,100.0,132.05,52.84,86.17,-4.37,16.0,1,2026-06-12 to 2026-09-28 (74 days),-1.0,36.0,nan,nan,nan,NEUTRAL,LOW,Last surprise: +14.5%; Earnings conf adj: +1,-1.0,-1.0,1.0,36,2026-11-05,14.48,1
2026-09-30T16:42:07,2026-09-30,CG,HOLD,0,MACD Crossover,HIGH,5,6.35,nan,2.39,0.0,4.78,0.0,0.0,2026-11-14,1.65,2.89,100.0,128.81,50.84,89.01,-5.98,45.0,1,2026-06-12 to 2026-09-28 (74 days),-1.0,30.1,nan,nan,nan,NEUTRAL,LOW,Strong trend (ADX=57); Last surprise: +17.6%; Earnings conf adj: +1,-1.0,-1.0,1.0,29,2026-10-29,17.58,1
2026-09-30T16:41:04,2026-09-30,LDOS,HOLD,0,MACD Crossover,HIGH,5,6.28,nan,3.26,0.0,6.52,0.0,0.0,2026-11-19,2.57,5.49,100.0,236.49,106.5,103.59,-8.14,50.0,1,2026-06-12 to 2026-09-28 (74 days),-1.0,37.5,nan,nan,nan,NEUTRAL,LOW,Strong trend (ADX=42); Last surprise: +12.0%; Earnings conf adj: +1,-1.0,-1.0,1.0,34,2026-11-03,12.03,1
2026-09-30T16:42:49,2026-09-30,ORA,HOLD,0,MACD Crossover,MEDIUM,3,6.22,nan,4.3,0.0,8.6,0.0,0.0,2026-10-09,0.8,1.57,66.7,3.28,17.75,94.57,-10.74,9.0,3,2026-06-12 to 2026-09-28 (74 days),-1.0,34.9,nan,nan,nan,NEUTRAL,LOW,No special conditions,-1.0,-1.0,1.0,35,2026-11-04,,0
2026-09-30T16:40:22,2026-09-30,CHTR,HOLD,0,MACD Crossover,HIGH,5,6.19,nan,3.45,0.0,6.9,0.0,0.0,2026-10-22,1.24,1.88,100.0,88.3,32.98,93.5,-8.62,22.0,1,2026-06-12 to 2026-09-28 (74 days),-1.0,29.1,nan,nan,nan,NEUTRAL,LOW,RSI oversold; Strong trend (ADX=51); Last surprise: +6.0%; Earnings conf adj: +1,-1.0,-1.0,1.0,30,2026-10-30,5.96,1
2026-09-30T16:42:17,2026-09-30,ELAN,HOLD,0,Stochastic Oscillator,LOW,1,6.14,nan,3.03,0.0,4.54,0.0,0.0,2026-10-15,0.45,0.74,50.0,1.91,6.86,29.36,-7.58,15.5,2,2026-06-12 to 2026-09-28 (74 days),-1.0,39.9,nan,nan,nan,NEUTRAL,LOW,No special conditions,-1.0,-1.0,1.0,37,2026-11-06,,0
2026-09-30T16:41:00,2026-09-30,J,HOLD,0,Composite Multi-Indicator,HIGH,4,6.09,nan,2.24,0.0,4.48,0.0,0.0,2026-11-29,4.12,7.42,100.0,266.45,125.08,89.5,-5.59,60.0,1,2026-06-12 to 2026-09-28 (74 days),-1.0,40.6,nan,nan,nan,NEUTRAL,LOW,Last surprise: +0.5%,-1.0,-1.0,1.0,50,2026-11-19,0.55,0
2026-09-30T16:41:30,2026-09-30,ROK,HOLD,0,VWAP Trend,LOW,0,6.05,nan,4.4,0.0,6.6,0.0,0.0,2026-10-02,-1.14,-1.3,42.9,0.55,-21.21,-2.47,-11.01,2.6,7,2026-06-12 to 2026-09-28 (74 days),-1.0,51.4,nan,nan,nan,NEUTRAL,LOW,Last surprise: +3.3%,-1.0,-1.0,1.0,36,2026-11-05,3.25,0
2026-09-30T16:42:38,2026-09-30,VLY,HOLD,0,Composite Multi-Indicator,HIGH,4,6.03,nan,2.0,0.0,4.0,0.0,0.0,2026-10-29,1.92,3.05,100.0,60.04,21.84,55.68,-2.69,29.0,1,2026-06-12 to 2026-09-28 (74 days),-1.0,30.6,nan,nan,nan,NEUTRAL,LOW,Strong trend (ADX=51),-1.0,-1.0,1.0,29,2026-10-29,,0
2026-09-30T16:42:55,2026-09-30,CHH,HOLD,0,VWAP Trend,LOW,0,6.03,nan,2.6,0.0,3.9,0.0,0.0,2026-10-02,-0.2,-0.27,45.5,1.02,-4.58,13.88,-6.51,2.5,11,2026-06-12 to 2026-09-28 (74 days),-1.0,53.5,nan,nan,nan,NEUTRAL,LOW,Strong trend (ADX=32),-1.0,-1.0,1.0,35,2026-11-04,,0
2026-09-30T16:41:15,2026-09-30,MTB,HOLD,0,Composite Multi-Indicator,HIGH,5,5.99,nan,2.0,0.0,4.0,0.0,0.0,2026-10-21,2.5,4.47,100.0,64.08,23.03,37.17,-3.03,21.0,1,2026-06-12 to 2026-09-28 (74 days),-1.0,29.9,nan,nan,nan,NEUTRAL,LOW,RSI oversold; Strong trend (ADX=48); Last surprise: +14.2%; Earnings conf adj: +1,-1.0,-1.0,1.0,16,2026-10-16,14.16,1
2026-09-30T16:42:34,2026-09-30,CBSH,HOLD,0,Composite Multi-Indicator,HIGH,4,5.96,nan,2.0,0.0,4.0,0.0,0.0,2026-11-10,3.29,6.15,100.0,101.32,38.53,36.51,-2.12,41.0,1,2026-06-12 to 2026-09-28 (74 days),-1.0,36.5,nan,nan,nan,NEUTRAL,LOW,Strong trend (ADX=45),-1.0,-1.0,1.0,15,2026-10-15,,0
2026-09-30T16:42:46,2026-09-30,HOMB,HOLD,0,Composite Multi-Indicator,HIGH,4,5.88,nan,2.0,0.0,4.0,0.0,0.0,2026-11-26,3.28,7.22,100.0,142.75,57.35,46.89,-3.72,57.0,1,2026-06-12 to 2026-09-28 (74 days),-1.0,36.4,nan,nan,nan,NEUTRAL,LOW,Strong trend (ADX=37),-1.0,-1.0,1.0,14,2026-10-14,,0
2026-09-30T16:40:23,2026-09-30,CINF,HOLD,0,VWAP Trend,LOW,0,5.74,nan,2.72,0.0,4.08,0.0,0.0,2026-10-02,-1.18,-1.49,50.0,0.61,-12.67,-2.3,-6.81,2.1,8,2026-06-12 to 2026-09-28 (74 days),-1.0,30.1,nan,nan,nan,NEUTRAL,LOW,High volume; Strong trend (ADX=32); Last surprise: -21.4%; Earnings conf adj: -1,-1.0,-1.0,1.0,26,2026-10-26,-21.43,-1
2026-09-30T16:42:36,2026-09-30,CHRD,HOLD,0,MACD Crossover,HIGH,4,5.72,nan,2.97,0.0,5.94,0.0,0.0,2026-10-12,1.66,2.62,60.0,4.81,62.11,59.51,-7.43,12.0,5,2026-06-12 to 2026-09-28 (74 days),-1.0,39.6,nan,nan,nan,NEUTRAL,LOW,No special conditions,-1.0,-1.0,1.0,34,2026-11-03,,0
2026-09-30T16:42:40,2026-09-30,LAD,HOLD,0,MACD Crossover,HIGH,4,5.69,nan,5.51,0.0,11.02,0.0,0.0,2026-11-02,2.05,5.44,100.0,255.31,117.57,127.9,-13.78,33.0,1,2026-06-12 to 2026-09-28 (74 days),-1.0,27.8,nan,nan,nan,NEUTRAL,LOW,RSI oversold; Strong trend (ADX=49),-1.0,-1.0,1.0,21,2026-10-21,,0
2026-09-30T16:42:18,2026-09-30,FHN,HOLD,-1,VWAP Trend,LOW,1,5.6,nan,2.04,nan,3.06,nan,0.0,2026-10-02,-0.68,-0.86,60.0,0.86,-6.3,16.2,-5.1,2.3,10,2026-06-12 to 2026-09-28 (74 days),-1.0,35.1,nan,nan,nan,NEUTRAL,LOW,Strong trend (ADX=46),-1.0,-1.0,1.0,15,2026-10-15,,0
2026-09-30T16:42:31,2026-09-30,SPXC,HOLD,0,VWAP Trend,LOW,1,5.55,nan,4.07,0.0,6.1,0.0,0.0,2026-10-04,-0.08,-0.11,66.7,1.07,-2.6,62.13,-10.18,4.7,6,2026-06-12 to 2026-09-28 (74 days),-1.0,27.4,nan,nan,nan,NEUTRAL,LOW,RSI oversold; Strong trend (ADX=58),-1.0,-1.0,1.0,28,2026-10-28,,0
2026-09-30T16:40:52,2026-09-30,HII,HOLD,0,MACD Crossover,HIGH,5,5.53,nan,2.6,0.0,5.2,0.0,0.0,2026-10-27,1.02,2.25,100.0,84.93,31.54,70.31,-6.5,27.0,1,2026-06-12 to 2026-09-28 (74 days),-1.0,22.3,nan,nan,nan,NEUTRAL,LOW,RSI oversold; Strong trend (ADX=61); Last surprise: +38.0%; Earnings conf adj: +1,-1.0,-1.0,1.0,29,2026-10-29,37.96,1
2026-09-30T16:42:24,2026-09-30,CFR,HOLD,0,Composite Multi-Indicator,HIGH,4,5.47,nan,2.0,0.0,4.0,0.0,0.0,2026-10-28,3.81,8.68,100.0,121.61,46.54,22.79,-2.27,28.0,1,2026-06-12 to 2026-09-28 (74 days),-1.0,39.3,nan,nan,nan,NEUTRAL,LOW,Strong trend (ADX=34),-1.0,-1.0,1.0,29,2026-10-29,,0
2026-09-30T16:40:10,2026-09-30,AON,HOLD,0,EMA Crossover (9/21),MEDIUM,3,5.44,nan,3.52,0.0,7.04,0.0,0.0,2026-11-17,0.89,1.61,100.0,48.21,16.81,67.8,-8.81,48.0,1,2026-06-12 to 2026-09-28 (74 days),-1.0,22.8,nan,nan,nan,NEUTRAL,LOW,RSI oversold; Strong trend (ADX=68); Last surprise: +0.3%,-1.0,-1.0,1.0,30,2026-10-30,0.26,0
2026-09-30T16:42:27,2026-09-30,OGE,BUY,1,VWAP Trend,MEDIUM,2,5.37,nan,2.0,nan,4.0,nan,10.0,2026-10-01,0.45,0.83,55.6,1.6,2.71,21.1,-2.21,1.4,9,2026-06-12 to 2026-09-28 (74 days),0.706,37.1,nan,nan,nan,NEUTRAL,LOW,Strong trend (ADX=42),-1.0,-1.0,1.0,28,2026-10-28,,0
2026-09-30T16:41:52,2026-09-30,WYNN,HOLD,0,MACD Crossover,MEDIUM,3,5.35,nan,2.0,0.0,4.0,0.0,0.0,2026-10-25,0.22,0.39,100.0,7.28,1.83,64.36,-4.72,25.0,1,2026-06-12 to 2026-09-28 (74 days),-1.0,25.2,nan,nan,nan,NEUTRAL,LOW,RSI oversold; Strong trend (ADX=61); Last surprise: +26.5%; Earnings conf adj: +1,-1.0,-1.0,1.0,36,2026-11-05,26.53,1
2026-09-30T16:42:08,2026-09-30,PAG,HOLD,0,Composite Multi-Indicator,HIGH,5,5.35,nan,2.0,0.0,4.0,0.0,0.0,2026-12-08,3.01,7.89,100.0,247.17,113.47,50.14,-4.66,69.0,1,2026-06-12 to 2026-09-28 (74 days),-1.0,35.0,nan,nan,nan,NEUTRAL,LOW,High volume; Strong trend (ADX=42); Last surprise: +6.8%; Earnings conf adj: +1,-1.0,-1.0,1.0,28,2026-10-28,6.78,1
2026-09-30T16:41:31,2026-09-30,RTX,HOLD,0,MACD Crossover,HIGH,5,5.29,nan,2.0,0.0,4.0,0.0,0.0,2026-10-21,2.1,4.56,100.0,50.32,17.64,8.41,-1.92,21.0,1,2026-06-12 to 2026-09-28 (74 days),-1.0,27.4,nan,nan,nan,NEUTRAL,LOW,RSI oversold; Strong trend (ADX=63); Last surprise: +13.9%; Earnings conf adj: +1,-1.0,-1.0,1.0,20,2026-10-20,13.86,1
2026-09-30T16:41:01,2026-09-30,JPM,HOLD,0,Composite Multi-Indicator,HIGH,5,5.25,nan,2.0,0.0,4.0,0.0,0.0,2026-11-13,2.82,4.27,100.0,112.65,44.01,24.02,-3.53,44.0,1,2026-06-12 to 2026-09-28 (74 days),-1.0,36.0,nan,nan,nan,NEUTRAL,LOW,Strong trend (ADX=31); Last surprise: +5.9%; Earnings conf adj: +1,-1.0,-1.0,1.0,13,2026-10-13,5.86,1
2026-09-30T16:41:10,2026-09-30,MDLZ,HOLD,0,MACD Crossover,MEDIUM,2,5.25,nan,2.66,0.0,5.32,0.0,0.0,2026-10-12,-0.07,-0.1,66.7,0.94,-2.13,9.95,-6.66,12.7,3,2026-06-12 to 2026-09-28 (74 days),-1.0,39.3,nan,nan,nan,NEUTRAL,LOW,Last surprise: +7.4%; Earnings conf adj: +1,-1.0,-1.0,1.0,27,2026-10-27,7.35,1
2026-09-30T16:41:37,2026-09-30,TDG,HOLD,0,VWAP Trend,MEDIUM,2,5.24,nan,5.64,0.0,11.28,0.0,0.0,2026-10-07,-1.19,-1.61,77.8,0.64,-21.53,13.36,-14.11,7.2,9,2026-06-12 to 2026-09-28 (74 days),-1.0,39.7,nan,nan,nan,NEUTRAL,LOW,Strong trend (ADX=33); Last surprise: +5.7%; Earnings conf adj: +1,-1.0,-1.0,1.0,36,2026-11-05,5.74,1
2026-09-30T16:40:47,2026-09-30,GEN,HOLD,0,Momentum (Rate of Change),HIGH,4,5.21,nan,3.1,0.0,6.2,0.0,0.0,2026-12-16,1.2,1.8,100.0,99.7,34.54,74.86,-7.75,77.0,1,2026-06-12 to 2026-09-28 (74 days),-1.0,19.4,nan,nan,nan,NEUTRAL,LOW,RSI oversold; High volume; Strong trend (ADX=50); Last surprise: +2.9%,-1.0,-1.0,1.0,36,2026-11-05,2.9,0
2026-09-30T16:41:16,2026-09-30,NEE,HOLD,0,PEAD Earnings Drift,HIGH,4,5.21,nan,2.0,0.0,4.0,0.0,0.0,2026-11-07,1.47,2.55,100.0,41.61,14.31,48.85,-2.58,38.0,1,2026-06-12 to 2026-09-28 (74 days),-1.0,21.8,nan,nan,nan,NEUTRAL,LOW,RSI oversold; Strong trend (ADX=67); Last surprise: +3.6%,-1.0,-1.0,1.0,27,2026-10-27,3.6,0
2026-09-30T16:43:03,2026-09-30,IRT,BUY,1,ADX Trend Following,HIGH,4,5.09,nan,2.13,nan,4.26,nan,10.0,2026-10-27,1.47,2.4,100.0,50.75,17.39,52.86,-5.32,27.0,1,2026-06-12 to 2026-09-28 (74 days),0.425,30.3,nan,nan,nan,NEUTRAL,LOW,Strong trend (ADX=58),-1.0,-1.0,1.0,28,2026-10-28,,0
2026-09-30T16:42:59,2026-09-30,BDC,HOLD,0,MACD Crossover,HIGH,4,5.06,nan,4.55,0.0,9.1,0.0,0.0,2026-10-24,1.67,4.02,100.0,166.06,68.69,83.24,-11.37,24.0,1,2026-06-12 to 2026-09-28 (74 days),-1.0,41.6,nan,nan,nan,NEUTRAL,LOW,No special conditions,-1.0,-1.0,1.0,29,2026-10-29,,0
2026-09-30T16:42:20,2026-09-30,TXRH,HOLD,0,EMA Crossover (9/21),HIGH,4,5.04,nan,3.52,0.0,7.04,0.0,0.0,2026-12-09,1.32,2.16,100.0,87.06,32.89,49.85,-8.81,70.0,1,2026-06-12 to 2026-09-28 (74 days),-1.0,16.7,nan,nan,nan,NEUTRAL,LOW,RSI oversold; Strong trend (ADX=77),-1.0,-1.0,1.0,36,2026-11-05,,0
2026-09-30T16:43:07,2026-09-30,WING,HOLD,0,Composite Multi-Indicator,LOW,0,5.0,nan,10.0,0.0,15.0,0.0,0.0,2026-12-20,-2.64,-3.22,0.0,0.0,-77.87,1.94,-37.85,81.0,1,2026-06-12 to 2026-09-28 (74 days),-1.0,41.3,nan,nan,nan,NEUTRAL,LOW,No special conditions,-1.0,-1.0,1.0,28,2026-10-28,,0
2026-09-30T16:41:59,2026-09-30,CRS,BUY,1,ADX Trend Following,MEDIUM,3,4.99,nan,2.0,nan,4.0,nan,10.0,2026-10-03,2.83,9.76,50.0,248.49,50.49,123.2,-2.4,3.5,2,2026-06-12 to 2026-09-28 (74 days),0.373,21.9,nan,nan,nan,NEUTRAL,LOW,RSI oversold; Strong trend (ADX=86); Last surprise: +4.9%,-1.0,-1.0,1.0,22,2026-10-22,4.87,0
2026-09-30T16:42:15,2026-09-30,CCK,HOLD,0,EMA Crossover (9/21),HIGH,4,4.94,nan,2.0,0.0,4.0,0.0,0.0,2026-12-17,2.34,4.17,100.0,147.1,59.98,25.66,-4.56,78.0,1,2026-06-12 to 2026-09-28 (74 days),-1.0,34.3,nan,nan,nan,NEUTRAL,LOW,Strong trend (ADX=42),-1.0,-1.0,1.0,19,2026-10-19,,0
2026-09-30T16:42:20,2026-09-30,PINS,HOLD,0,EMA Crossover (9/21),HIGH,4,4.89,nan,4.22,0.0,8.44,0.0,0.0,2026-11-28,1.17,1.72,100.0,101.71,38.71,66.24,-10.56,59.0,1,2026-06-12 to 2026-09-28 (74 days),-1.0,37.0,nan,nan,nan,NEUTRAL,LOW,Strong trend (ADX=33),-1.0,-1.0,1.0,40,2026-11-09,,0
2026-09-30T16:40:10,2026-09-30,APD,HOLD,0,Multi-Factor Momentum MR,HIGH,4,4.88,nan,2.0,0.0,4.0,0.0,0.0,2026-10-11,2.85,5.56,100.0,53.72,18.96,20.35,-1.69,11.0,1,2026-06-12 to 2026-09-28 (74 days),-1.0,34.1,nan,nan,nan,NEUTRAL,LOW,Strong trend (ADX=41); Last surprise: +3.9%,-1.0,-1.0,1.0,36,2026-11-05,3.89,0
2026-09-30T16:42:04,2026-09-30,RBA,HOLD,0,ADX Trend Following,MEDIUM,2,4.88,nan,2.0,0.0,4.0,0.0,0.0,2026-10-09,0.29,0.45,66.7,1.56,3.43,65.8,-4.16,9.3,3,2026-06-12 to 2026-09-28 (74 days),-1.0,34.2,nan,nan,nan,NEUTRAL,LOW,Last surprise: +0.0%,-1.0,-1.0,1.0,36,2026-11-05,0.0,0
2026-09-30T16:40:26,2026-09-30,COO,BUY,1,SMA Crossover (10/50),MEDIUM,3,4.81,nan,3.93,nan,7.86,nan,10.0,2026-12-19,0.68,1.01,100.0,41.5,14.66,61.36,-9.82,80.0,1,2026-06-12 to 2026-09-28 (74 days),0.357,35.2,nan,nan,nan,NEUTRAL,LOW,Strong trend (ADX=60); Last surprise: +2.7%,-1.0,-1.0,1.0,-21,2026-09-09,2.68,0
2026-09-30T16:40:16,2026-09-30,BKNG,HOLD,0,MACD Crossover,HIGH,4,4.76,nan,2.0,0.0,4.0,0.0,0.0,2026-10-21,1.12,2.01,100.0,57.12,20.29,21.69,-4.51,21.0,1,2026-06-12 to 2026-09-28 (74 days),-1.0,33.8,nan,nan,nan,NEUTRAL,LOW,Strong trend (ADX=51); Last surprise: +4.5%,-1.0,-1.0,1.0,27,2026-10-27,4.53,0
2026-09-30T16:42:40,2026-09-30,VNO,HOLD,0,MACD Crossover,LOW,0,4.76,nan,2.74,0.0,4.11,0.0,0.0,2026-10-01,-2.6,-2.6,33.3,0.08,-20.83,12.02,-6.86,1.0,3,2026-06-12 to 2026-09-28 (74 days),-1.0,36.5,nan,nan,nan,NEUTRAL,LOW,Strong trend (ADX=30),-1.0,-1.0,1.0,33,2026-11-02,,0
2026-09-30T16:42:50,2026-09-30,AN,HOLD,0,Stochastic Oscillator,LOW,0,4.76,nan,2.67,0.0,4.0,0.0,0.0,2026-10-13,-0.3,-0.39,50.0,0.9,-4.55,40.11,-6.67,13.0,2,2026-06-12 to 2026-09-28 (74 days),-1.0,24.3,nan,nan,nan,NEUTRAL,LOW,RSI oversold; Strong trend (ADX=54),-1.0,-1.0,1.0,29,2026-10-29,,0
2026-09-30T16:41:47,2026-09-30,VMRK,HOLD,0,VWAP Trend,LOW,1,4.75,nan,2.49,0.0,3.74,0.0,0.0,2026-10-02,-1.19,-1.46,58.3,0.63,-15.14,9.64,-6.23,2.7,12,2026-06-12 to 2026-09-28 (74 days),-1.0,36.3,nan,nan,nan,NEUTRAL,LOW,Strong trend (ADX=39),-1.0,-1.0,1.0,21,2026-10-21,,0
2026-09-30T16:41:35,2026-09-30,STT,HOLD,0,Composite Multi-Indicator,HIGH,5,4.74,nan,2.0,0.0,4.0,0.0,0.0,2026-10-12,2.83,12.85,100.0,65.81,23.74,-5.66,-0.93,12.0,1,2026-06-12 to 2026-09-28 (74 days),-1.0,37.4,nan,nan,nan,NEUTRAL,LOW,Strong trend (ADX=42); Last surprise: +9.3%; Earnings conf adj: +1,-1.0,-1.0,1.0,14,2026-10-14,9.28,1
2026-09-30T16:43:10,2026-09-30,WHR,BUY,1,ADX Trend Following,MEDIUM,3,4.73,nan,5.24,nan,10.48,nan,10.0,2026-11-26,0.71,1.25,100.0,68.16,24.24,90.16,-13.1,57.0,1,2026-06-12 to 2026-09-28 (74 days),0.687,31.0,nan,nan,nan,NEUTRAL,LOW,Strong trend (ADX=57),-1.0,-1.0,1.0,28,2026-10-28,,0
2026-09-30T16:42:21,2026-09-30,UMBF,HOLD,0,Composite Multi-Indicator,HIGH,4,4.71,nan,2.0,0.0,4.0,0.0,0.0,2026-10-25,1.89,2.92,100.0,65.09,23.86,27.57,-2.69,25.0,1,2026-06-12 to 2026-09-28 (74 days),-1.0,35.0,nan,nan,nan,NEUTRAL,LOW,Strong trend (ADX=52),-1.0,-1.0,1.0,27,2026-10-27,,0
2026-09-30T16:42:18,2026-09-30,AA,HOLD,0,VWAP Trend,LOW,1,4.69,nan,4.9,0.0,7.35,0.0,0.0,2026-10-05,0.54,0.8,42.9,1.45,12.94,94.21,-12.26,5.9,7,2026-06-12 to 2026-09-28 (74 days),-1.0,30.9,nan,nan,nan,NEUTRAL,LOW,Strong trend (ADX=39),-1.0,-1.0,1.0,15,2026-10-15,,0
2026-09-30T16:40:46,2026-09-30,FTV,HOLD,0,ADX Trend Following,HIGH,4,4.68,nan,2.0,0.0,4.0,0.0,0.0,2026-10-02,1.38,9.39,100.0,14.18,4.26,26.65,-0.3,2.0,1,2026-06-12 to 2026-09-28 (74 days),-1.0,43.2,nan,nan,nan,NEUTRAL,LOW,Last surprise: +4.2%,-1.0,-1.0,1.0,28,2026-10-28,4.23,0
2026-09-30T16:42:33,2026-09-30,MP,HOLD,0,MACD Crossover,HIGH,4,4.68,nan,4.31,0.0,8.62,0.0,0.0,2026-10-28,1.41,2.89,100.0,131.08,52.39,104.66,-10.78,28.0,1,2026-06-12 to 2026-09-28 (74 days),-1.0,37.2,nan,nan,nan,NEUTRAL,LOW,Strong trend (ADX=33),-1.0,-1.0,1.0,36,2026-11-05,,0
2026-09-30T16:43:01,2026-09-30,NVST,HOLD,0,EMA Crossover (9/21),HIGH,4,4.63,nan,2.74,0.0,5.48,0.0,0.0,2026-12-16,1.36,2.06,100.0,98.68,37.86,49.55,-6.84,77.0,1,2026-06-12 to 2026-09-28 (74 days),-1.0,34.1,nan,nan,nan,NEUTRAL,LOW,Strong trend (ADX=41),-1.0,-1.0,1.0,28,2026-10-28,,0
2026-09-30T16:42:28,2026-09-30,ORI,BUY,1,ADX Trend Following,HIGH,4,4.61,nan,2.0,nan,4.0,nan,10.0,2026-11-08,1.79,3.21,100.0,81.98,30.32,32.69,-4.12,39.0,1,2026-06-12 to 2026-09-28 (74 days),0.262,25.6,nan,nan,nan,NEUTRAL,LOW,RSI oversold; Strong trend (ADX=48),-1.0,-1.0,1.0,22,2026-10-22,,0
2026-09-30T16:42:04,2026-09-30,LECO,HOLD,0,VWAP Trend,MEDIUM,3,4.48,nan,2.0,0.0,4.0,0.0,0.0,2026-10-02,1.05,1.92,54.5,2.05,16.34,-3.26,-4.51,2.5,11,2026-06-12 to 2026-09-28 (74 days),-1.0,54.8,nan,nan,nan,NEUTRAL,LOW,Last surprise: +4.3%,-1.0,-1.0,1.0,29,2026-10-29,4.27,0
2026-09-30T16:42:24,2026-09-30,RYAN,BUY,1,ADX Trend Following,HIGH,4,4.48,nan,3.6,nan,7.2,nan,10.0,2026-11-27,2.02,3.68,100.0,215.8,94.85,67.37,-8.99,58.0,1,2026-06-12 to 2026-09-28 (74 days),0.429,41.2,nan,nan,nan,NEUTRAL,LOW,Strong trend (ADX=43),-1.0,-1.0,1.0,29,2026-10-29,,0
2026-09-30T16:42:54,2026-09-30,FND,HOLD,0,Momentum (Rate of Change),HIGH,4,4.43,nan,4.41,0.0,8.82,0.0,0.0,2026-11-27,1.12,1.85,100.0,129.76,44.14,82.52,-11.02,58.0,1,2026-06-12 to 2026-09-28 (74 days),-1.0,38.9,nan,nan,nan,NEUTRAL,LOW,Strong trend (ADX=31),-1.0,-1.0,1.0,28,2026-10-28,,0
2026-09-30T16:41:13,2026-09-30,MRSH,HOLD,0,Momentum (Rate of Change),HIGH,4,4.42,nan,2.26,0.0,4.52,0.0,0.0,2026-11-28,1.89,3.53,100.0,140.81,51.12,48.42,-5.64,59.0,1,2026-06-12 to 2026-09-28 (74 days),-1.0,30.3,nan,nan,nan,NEUTRAL,LOW,Strong trend (ADX=52); Last surprise: +2.4%,-1.0,-1.0,1.0,15,2026-10-15,2.42,0
2026-09-30T16:40:33,2026-09-30,DGX,HOLD,0,PEAD Earnings Drift,HIGH,4,4.41,nan,2.49,0.0,4.98,0.0,0.0,2026-11-18,0.57,0.93,100.0,32.33,10.12,-64.35,-6.22,49.0,2,2026-06-12 to 2026-09-28 (74 days),-1.0,49.2,nan,nan,nan,NEUTRAL,LOW,Strong trend (ADX=36); Last surprise: +10.6%; Earnings conf adj: +1,-1.0,-1.0,1.0,22,2026-10-22,10.64,1
2026-09-30T16:40:30,2026-09-30,CVNA,HOLD,0,Multi-Factor Momentum MR,LOW,1,4.4,nan,2.0,0.0,3.0,0.0,0.0,2026-10-01,0.0,0.0,0.0,0.0,0.0,18.23,0.0,0.0,0,2026-06-12 to 2026-09-28 (74 days),-1.0,33.8,nan,nan,nan,NEUTRAL,LOW,Strong trend (ADX=30); Last surprise: +10.5%; Earnings conf adj: +1,-1.0,-1.0,1.0,28,2026-10-28,10.53,1
2026-09-30T16:40:53,2026-09-30,HIG,BUY,1,ADX Trend Following,HIGH,5,4.39,nan,2.0,nan,4.0,nan,10.0,2026-10-23,1.71,2.87,100.0,57.41,20.4,28.23,-4.46,23.0,1,2026-06-12 to 2026-09-28 (74 days),0.294,30.6,nan,nan,nan,NEUTRAL,LOW,Strong trend (ADX=54); Last surprise: +8.9%; Earnings conf adj: +1,-1.0,-1.0,1.0,26,2026-10-26,8.92,1
2026-09-30T16:42:48,2026-09-30,RYN,HOLD,1,ADX Trend Following,LOW,1,4.34,nan,2.9,nan,4.35,nan,0.0,2026-10-05,-1.84,-1.98,66.7,0.28,-16.01,19.95,-7.26,5.7,3,2026-06-12 to 2026-09-28 (74 days),-1.0,27.5,nan,nan,nan,NEUTRAL,LOW,RSI oversold; Strong trend (ADX=34),-1.0,-1.0,1.0,35,2026-11-04,,0
2026-09-30T16:42:29,2026-09-30,RRC,HOLD,0,MACD Crossover,HIGH,4,4.3,nan,2.5,0.0,5.0,0.0,0.0,2026-12-10,1.96,3.24,100.0,131.81,52.74,58.34,-6.24,71.0,1,2026-06-12 to 2026-09-28 (74 days),-1.0,37.5,nan,nan,nan,NEUTRAL,LOW,Strong trend (ADX=33),-1.0,-1.0,1.0,27,2026-10-27,,0
2026-09-30T16:41:16,2026-09-30,NFLX,HOLD,0,Momentum (Rate of Change),LOW,0,4.13,nan,3.85,0.0,5.78,0.0,0.0,2026-10-23,-0.82,-1.07,50.0,0.4,-21.28,18.9,-9.62,23.5,2,2026-06-12 to 2026-09-28 (74 days),-1.0,33.4,nan,nan,nan,NEUTRAL,LOW,Strong trend (ADX=34); Last surprise: +1.3%,-1.0,-1.0,1.0,20,2026-10-20,1.27,0
2026-09-30T16:41:22,2026-09-30,PCAR,HOLD,0,Momentum (Rate of Change),HIGH,5,4.01,nan,2.57,0.0,5.14,0.0,0.0,2026-11-27,1.15,2.07,100.0,87.8,26.48,44.36,-6.43,58.0,1,2026-06-12 to 2026-09-28 (74 days),-1.0,23.9,nan,nan,nan,NEUTRAL,LOW,RSI oversold; Strong trend (ADX=61); Last surprise: +5.1%; Earnings conf adj: +1,-1.0,-1.0,1.0,27,2026-10-27,5.15,1
2026-09-30T16:40:35,2026-09-30,DRI,HOLD,0,MACD Crossover,HIGH,4,3.99,nan,2.0,0.0,4.0,0.0,0.0,2026-10-29,1.21,1.89,100.0,56.16,19.9,39.37,-4.27,29.0,1,2026-06-12 to 2026-09-28 (74 days),-1.0,35.5,nan,nan,nan,NEUTRAL,LOW,Last surprise: +0.0%,-1.0,-1.0,1.0,85,2026-12-24,0.0,0
2026-09-30T16:41:36,2026-09-30,SYF,HOLD,0,MACD Crossover,HIGH,5,3.95,nan,2.12,0.0,4.24,0.0,0.0,2026-10-23,1.58,2.66,100.0,63.6,22.86,29.88,-5.3,23.0,1,2026-06-12 to 2026-09-28 (74 days),-1.0,36.3,nan,nan,nan,NEUTRAL,LOW,Strong trend (ADX=43); Last surprise: +21.6%; Earnings conf adj: +1,-1.0,-1.0,1.0,20,2026-10-20,21.6,1
2026-09-30T16:41:41,2026-09-30,TSN,HOLD,0,PEAD Earnings Drift,MEDIUM,3,3.92,nan,2.1,0.0,4.2,0.0,0.0,2026-11-03,0.91,1.54,100.0,40.22,14.18,45.88,-5.26,34.0,1,2026-06-12 to 2026-09-28 (74 days),-1.0,33.3,nan,nan,nan,NEUTRAL,LOW,Last surprise: +0.0%,-1.0,-1.0,1.0,47,2026-11-16,0.0,0
2026-09-30T16:40:24,2026-09-30,CME,HOLD,0,Momentum (Rate of Change),HIGH,4,3.91,nan,2.04,0.0,4.08,0.0,0.0,2026-12-04,2.01,3.38,100.0,117.27,42.59,48.92,-5.09,65.0,1,2026-06-12 to 2026-09-28 (74 days),-1.0,40.2,nan,nan,nan,NEUTRAL,LOW,Strong trend (ADX=32); Last surprise: +2.7%,-1.0,-1.0,1.0,21,2026-10-21,2.75,0
2026-09-30T16:42:46,2026-09-30,GBCI,HOLD,0,VWAP Trend,MEDIUM,2,3.86,nan,2.0,0.0,4.0,0.0,0.0,2026-10-02,0.85,1.57,44.4,2.0,7.21,40.94,-3.65,2.8,9,2026-06-12 to 2026-09-28 (74 days),-1.0,32.3,nan,nan,nan,NEUTRAL,LOW,Strong trend (ADX=45),-1.0,-1.0,1.0,22,2026-10-22,,0
2026-09-30T16:40:03,2026-09-30,ABT,HOLD,0,MACD Crossover,HIGH,4,3.8,nan,2.0,0.0,4.0,0.0,0.0,2026-11-10,2.53,4.22,100.0,107.36,41.16,-22.47,-4.45,41.0,1,2026-06-12 to 2026-09-28 (74 days),-1.0,35.3,nan,nan,nan,NEUTRAL,LOW,Strong trend (ADX=45); Last surprise: +2.3%,-1.0,-1.0,1.0,21,2026-10-21,2.34,0
2026-09-30T16:41:06,2026-09-30,LOW,HOLD,0,MACD Crossover,MEDIUM,2,3.8,nan,2.0,0.0,4.0,0.0,0.0,2026-10-26,0.14,0.21,100.0,5.03,1.05,42.76,-3.84,26.0,1,2026-06-12 to 2026-09-28 (74 days),-1.0,32.0,nan,nan,nan,NEUTRAL,LOW,Strong trend (ADX=38); Last surprise: +4.3%,-1.0,-1.0,1.0,49,2026-11-18,4.27,0
2026-09-30T16:42:42,2026-09-30,HXL,HOLD,0,Momentum (Rate of Change),MEDIUM,3,3.78,nan,3.12,0.0,6.24,0.0,0.0,2026-11-22,0.62,0.89,100.0,47.67,10.73,50.69,-7.79,53.0,1,2026-06-12 to 2026-09-28 (74 days),-1.0,25.5,nan,nan,nan,NEUTRAL,LOW,RSI oversold; Strong trend (ADX=50),-1.0,-1.0,1.0,21,2026-10-21,,0
2026-09-30T16:40:34,2026-09-30,DOW,HOLD,0,MACD Crossover,HIGH,4,3.75,nan,3.33,0.0,6.66,0.0,0.0,2026-11-18,0.91,1.44,100.0,63.21,23.11,69.78,-8.33,49.0,1,2026-06-12 to 2026-09-28 (74 days),-1.0,37.5,nan,nan,nan,NEUTRAL,LOW,Last surprise: +12.5%; Earnings conf adj: +1,-1.0,-1.0,1.0,22,2026-10-22,12.5,1
2026-09-30T16:41:45,2026-09-30,UPS,HOLD,0,MACD Crossover,MEDIUM,2,3.72,nan,4.1,0.0,8.2,0.0,0.0,2026-10-12,-0.6,-0.84,66.7,0.63,-9.67,24.54,-10.25,12.0,3,2026-06-12 to 2026-09-28 (74 days),-1.0,36.1,nan,nan,nan,NEUTRAL,LOW,Strong trend (ADX=52); Last surprise: +6.0%; Earnings conf adj: +1,-1.0,-1.0,1.0,27,2026-10-27,6.02,1
2026-09-30T16:43:13,2026-09-30,XLF,BUY,1,ADX Trend Following,HIGH,4,3.71,nan,2.0,nan,4.0,nan,10.0,2026-12-04,1.7,2.66,100.0,50.51,17.7,9.5,-2.44,65.0,1,2026-06-12 to 2026-09-28 (74 days),0.262,30.6,nan,nan,nan,NEUTRAL,LOW,Strong trend (ADX=45),-1.0,-1.0,1.0,-1,,,0
2026-09-30T16:41:52,2026-09-30,XYL,HOLD,0,EMA Crossover (9/21),HIGH,4,3.67,nan,3.63,0.0,7.26,0.0,0.0,2026-11-26,0.88,1.33,100.0,51.63,18.56,43.52,-9.07,57.0,1,2026-06-12 to 2026-09-28 (74 days),-1.0,27.5,nan,nan,nan,NEUTRAL,LOW,RSI oversold; Strong trend (ADX=33); Last surprise: +9.0%; Earnings conf adj: +1,-1.0,-1.0,1.0,27,2026-10-27,8.96,1
2026-09-30T16:41:14,2026-09-30,MS,HOLD,0,PEAD Earnings Drift,HIGH,5,3.57,nan,3.18,0.0,6.36,0.0,0.0,2026-10-30,1.09,1.65,100.0,47.49,16.95,44.83,-7.95,30.0,1,2026-06-12 to 2026-09-28 (74 days),-1.0,29.4,nan,nan,nan,NEUTRAL,LOW,RSI oversold; Strong trend (ADX=46); Last surprise: +18.1%; Earnings conf adj: +1,-1.0,-1.0,1.0,14,2026-10-14,18.09,1
2026-09-30T16:41:11,2026-09-30,MET,HOLD,0,PEAD Earnings Drift,HIGH,5,3.56,nan,2.0,0.0,4.0,0.0,0.0,2026-11-20,2.16,3.61,100.0,103.91,40.14,7.51,-3.9,51.0,1,2026-06-12 to 2026-09-28 (74 days),-1.0,47.0,nan,nan,nan,NEUTRAL,LOW,Last surprise: +6.1%; Earnings conf adj: +1,-1.0,-1.0,1.0,40,2026-11-09,6.11,1
2026-09-30T16:42:09,2026-09-30,CSL,HOLD,0,MACD Crossover,MEDIUM,3,3.56,nan,3.48,0.0,6.96,0.0,0.0,2026-10-20,0.98,2.52,100.0,64.22,23.09,38.53,-8.71,20.0,1,2026-06-12 to 2026-09-28 (74 days),-1.0,44.8,nan,nan,nan,NEUTRAL,LOW,Strong trend (ADX=41),-1.0,-1.0,1.0,28,2026-10-28,,0
2026-09-30T16:42:03,2026-09-30,NLY,HOLD,0,EMA Crossover (9/21),HIGH,4,3.55,nan,2.0,0.0,4.0,0.0,0.0,2026-12-17,0.93,1.45,100.0,37.97,13.32,27.72,-4.74,78.0,1,2026-06-12 to 2026-09-28 (74 days),-1.0,23.3,nan,nan,nan,NEUTRAL,LOW,RSI oversold; High volume; Strong trend (ADX=67); Last surprise: +5.3%; Earnings conf adj: +1,-1.0,-1.0,1.0,20,2026-10-20,5.33,1
2026-09-30T16:40:44,2026-09-30,FITB,HOLD,0,Momentum (Rate of Change),HIGH,4,3.5,nan,2.54,0.0,5.08,0.0,0.0,2026-11-15,1.32,1.96,100.0,72.6,20.5,37.05,-6.35,46.0,1,2026-06-12 to 2026-09-28 (74 days),-1.0,35.3,nan,nan,nan,NEUTRAL,LOW,Strong trend (ADX=40); Last surprise: -1.2%,-1.0,-1.0,1.0,19,2026-10-19,-1.19,0
2026-09-30T16:42:59,2026-09-30,VNT,HOLD,0,MACD Crossover,HIGH,4,3.46,nan,3.38,0.0,6.76,0.0,0.0,2026-11-04,1.84,3.81,100.0,100.91,38.35,16.64,-8.45,35.0,1,2026-06-12 to 2026-09-28 (74 days),-1.0,41.7,nan,nan,nan,NEUTRAL,LOW,Strong trend (ADX=37),-1.0,-1.0,1.0,29,2026-10-29,,0
2026-09-30T16:42:53,2026-09-30,NXST,HOLD,0,MACD Crossover,MEDIUM,3,3.38,nan,2.52,0.0,5.04,0.0,0.0,2026-11-12,0.7,1.11,100.0,35.68,12.46,32.77,-6.29,43.0,1,2026-06-12 to 2026-09-28 (74 days),-1.0,38.4,nan,nan,nan,NEUTRAL,LOW,Strong trend (ADX=49),-1.0,-1.0,1.0,36,2026-11-05,,0
2026-09-30T16:42:59,2026-09-30,FHI,HOLD,0,Composite Multi-Indicator,HIGH,4,3.31,nan,2.0,0.0,4.0,0.0,0.0,2026-10-23,1.09,1.74,100.0,23.14,7.83,9.84,-2.63,23.0,1,2026-06-12 to 2026-09-28 (74 days),-1.0,39.0,nan,nan,nan,NEUTRAL,LOW,Strong trend (ADX=55),-1.0,-1.0,1.0,29,2026-10-29,,0
2026-09-30T16:43:08,2026-09-30,GPK,HOLD,0,EMA Crossover (9/21),MEDIUM,2,3.28,nan,4.13,0.0,8.26,0.0,0.0,2026-11-16,0.28,0.42,100.0,13.79,4.12,38.87,-10.33,47.0,1,2026-06-12 to 2026-09-28 (74 days),-1.0,36.3,nan,nan,nan,NEUTRAL,LOW,Strong trend (ADX=40),-1.0,-1.0,1.0,40,2026-11-09,,0
2026-09-30T16:42:20,2026-09-30,SCI,HOLD,0,Momentum (Rate of Change),HIGH,4,3.27,nan,3.18,0.0,6.36,0.0,0.0,2026-12-24,1.57,2.76,100.0,97.66,35.54,31.64,-7.96,85.0,1,2026-06-12 to 2026-09-28 (74 days),-1.0,35.0,nan,nan,nan,NEUTRAL,LOW,No special conditions,-1.0,-1.0,1.0,28,2026-10-28,,0
2026-09-30T16:42:07,2026-09-30,PNFP,HOLD,0,EMA Crossover (9/21),HIGH,4,3.24,nan,2.89,0.0,5.78,0.0,0.0,2026-12-08,1.09,1.66,100.0,58.28,21.15,29.69,-7.23,69.0,1,2026-06-12 to 2026-09-28 (74 days),-1.0,33.2,nan,nan,nan,NEUTRAL,LOW,Strong trend (ADX=50); Last surprise: +1.6%,-1.0,-1.0,1.0,21,2026-10-21,1.63,0
2026-09-30T16:42:17,2026-09-30,AFG,BUY,1,SMA Crossover (10/50),HIGH,4,3.21,nan,2.0,nan,4.0,nan,10.0,2026-12-23,1.54,2.63,100.0,71.53,26.47,13.15,-4.26,84.0,1,2026-06-12 to 2026-09-28 (74 days),0.417,34.1,nan,nan,nan,NEUTRAL,LOW,No special conditions,-1.0,-1.0,1.0,34,2026-11-03,,0
2026-09-30T16:42:32,2026-09-30,ADC,HOLD,0,Momentum (Rate of Change),MEDIUM,3,3.2,nan,2.23,0.0,4.46,0.0,0.0,2026-11-14,0.8,1.47,100.0,47.28,9.82,41.13,-5.58,45.0,1,2026-06-12 to 2026-09-28 (74 days),-1.0,19.6,nan,nan,nan,NEUTRAL,LOW,RSI oversold; Strong trend (ADX=74),-1.0,-1.0,1.0,20,2026-10-20,,0
2026-09-30T16:42:35,2026-09-30,NNN,HOLD,0,Momentum (Rate of Change),MEDIUM,3,3.19,nan,2.0,0.0,4.0,0.0,0.0,2026-11-15,0.73,1.29,100.0,47.12,9.38,39.82,-4.85,46.0,1,2026-06-12 to 2026-09-28 (74 days),-1.0,21.7,nan,nan,nan,NEUTRAL,LOW,RSI oversold; Strong trend (ADX=50),-1.0,-1.0,1.0,35,2026-11-04,,0
2026-09-30T16:41:36,2026-09-30,SYK,HOLD,0,EMA Crossover (9/21),MEDIUM,3,3.16,nan,3.02,0.0,6.04,0.0,0.0,2026-10-19,0.34,0.48,66.7,2.06,6.0,40.62,-7.54,19.7,3,2026-06-12 to 2026-09-28 (74 days),-1.0,35.4,nan,nan,nan,NEUTRAL,LOW,Strong trend (ADX=39); Last surprise: +5.7%; Earnings conf adj: +1,-1.0,-1.0,1.0,29,2026-10-29,5.73,1
2026-09-30T16:40:06,2026-09-30,AKAM,HOLD,0,MACD Crossover,LOW,0,3.1,nan,9.74,0.0,14.61,0.0,0.0,2026-10-17,-1.76,-2.48,33.3,0.07,-56.03,-5.68,-24.36,17.7,3,2026-06-12 to 2026-09-28 (74 days),-1.0,47.5,nan,nan,nan,NEUTRAL,LOW,Strong trend (ADX=32); Last surprise: +0.6%,-1.0,-1.0,1.0,36,2026-11-05,0.63,0
2026-09-30T16:41:45,2026-09-30,USB,HOLD,0,Multi-Factor Momentum MR,HIGH,5,3.1,nan,2.0,0.0,4.0,0.0,0.0,2026-10-14,1.06,2.13,100.0,20.27,6.8,4.78,-2.53,14.0,1,2026-06-12 to 2026-09-28 (74 days),-1.0,35.7,nan,nan,nan,NEUTRAL,LOW,Strong trend (ADX=39); Last surprise: +5.5%; Earnings conf adj: +1,-1.0,-1.0,1.0,15,2026-10-15,5.47,1
2026-09-30T16:42:16,2026-09-30,BMRN,HOLD,0,Momentum (Rate of Change),HIGH,4,3.1,nan,2.94,0.0,5.88,0.0,0.0,2026-11-26,2.01,4.28,100.0,145.52,57.59,34.22,-7.36,57.0,1,2026-06-12 to 2026-09-28 (74 days),-1.0,31.1,nan,nan,nan,NEUTRAL,LOW,Strong trend (ADX=39),-1.0,-1.0,1.0,26,2026-10-26,,0
2026-09-30T16:42:53,2026-09-30,SON,HOLD,0,EMA Crossover (9/21),HIGH,4,3.03,nan,3.98,0.0,7.96,0.0,0.0,2026-12-17,1.12,1.68,100.0,83.37,31.34,32.23,-9.94,78.0,1,2026-06-12 to 2026-09-28 (74 days),-1.0,39.9,nan,nan,nan,NEUTRAL,LOW,Strong trend (ADX=31),-1.0,-1.0,1.0,21,2026-10-21,,0
2026-09-30T16:42:08,2026-09-30,CACI,HOLD,0,EMA Crossover (9/21),HIGH,5,3.02,nan,4.31,0.0,8.62,0.0,0.0,2026-11-30,1.94,5.7,100.0,262.66,121.99,41.4,-10.77,61.0,1,2026-06-12 to 2026-09-28 (74 days),-1.0,49.3,nan,nan,nan,NEUTRAL,LOW,Last surprise: +23.2%; Earnings conf adj: +1,-1.0,-1.0,1.0,21,2026-10-21,23.24,1
2026-09-30T16:42:58,2026-09-30,BCO,HOLD,0,Stochastic Oscillator,HIGH,4,2.99,nan,2.25,0.0,3.38,0.0,0.0,2026-10-16,1.41,3.57,100.0,62.66,19.96,9.32,-5.62,16.0,1,2026-06-12 to 2026-09-28 (74 days),-1.0,41.1,nan,nan,nan,NEUTRAL,LOW,No special conditions,-1.0,-1.0,1.0,35,2026-11-04,,0
2026-09-30T16:42:45,2026-09-30,WFRD,HOLD,0,VWAP Trend,MEDIUM,2,2.94,nan,3.59,0.0,7.18,0.0,0.0,2026-10-03,0.79,1.35,55.6,1.48,17.87,67.49,-8.98,3.2,9,2026-06-12 to 2026-09-28 (74 days),-1.0,39.1,nan,nan,nan,NEUTRAL,LOW,Strong trend (ADX=35),-1.0,-1.0,1.0,20,2026-10-20,,0
2026-09-30T16:41:39,2026-09-30,TFC,BUY,1,SMA Crossover (10/50),HIGH,4,2.91,nan,2.69,nan,5.38,nan,10.0,2026-12-16,0.68,0.94,100.0,31.83,11.02,35.87,-6.72,77.0,1,2026-06-12 to 2026-09-28 (74 days),0.405,34.0,nan,nan,nan,NEUTRAL,LOW,Strong trend (ADX=36); Last surprise: +13.9%; Earnings conf adj: +1,-1.0,-1.0,1.0,16,2026-10-16,13.89,1
2026-09-30T16:41:40,2026-09-30,TPL,HOLD,0,VWAP Trend,LOW,1,2.88,nan,9.14,0.0,13.71,0.0,0.0,2026-10-09,-0.76,-1.02,60.0,0.75,-26.01,6.1,-22.86,9.8,5,2026-06-12 to 2026-09-28 (74 days),-1.0,39.5,nan,nan,nan,NEUTRAL,LOW,Last surprise: +2.3%,-1.0,-1.0,1.0,35,2026-11-04,2.29,0
2026-09-30T16:42:27,2026-09-30,TTC,HOLD,0,Stochastic Oscillator,HIGH,4,2.88,nan,2.0,0.0,3.0,0.0,0.0,2026-10-04,1.6,9.08,100.0,45.86,13.55,-14.59,-0.87,4.0,1,2026-06-12 to 2026-09-28 (74 days),-1.0,56.8,nan,nan,nan,NEUTRAL,LOW,Strong trend (ADX=33),-1.0,-1.0,1.0,-1,,,0
2026-09-30T16:41:12,2026-09-30,MLM,HOLD,0,ADX Trend Following,LOW,1,2.87,nan,4.83,0.0,7.24,0.0,0.0,2026-10-09,-0.5,-0.64,40.0,0.53,-13.73,28.87,-12.07,9.4,5,2026-06-12 to 2026-09-28 (74 days),-1.0,40.4,nan,nan,nan,NEUTRAL,LOW,Last surprise: +7.8%; Earnings conf adj: +1,-1.0,-1.0,1.0,34,2026-11-03,7.76,1
2026-09-30T16:42:47,2026-09-30,HLNE,HOLD,0,EMA Crossover (9/21),HIGH,4,2.84,nan,4.79,0.0,9.58,0.0,0.0,2026-11-27,1.34,2.39,100.0,117.78,46.31,17.58,-11.97,58.0,1,2026-06-12 to 2026-09-28 (74 days),-1.0,30.0,nan,nan,nan,NEUTRAL,LOW,Strong trend (ADX=57),-1.0,-1.0,1.0,34,2026-11-03,,0
2026-09-30T16:40:24,2026-09-30,CMS,HOLD,0,EMA Crossover (9/21),MEDIUM,2,2.83,nan,2.66,0.0,5.32,0.0,0.0,2026-10-30,0.14,0.2,100.0,3.64,0.91,42.03,-6.64,30.0,1,2026-06-12 to 2026-09-28 (74 days),-1.0,18.9,nan,nan,nan,NEUTRAL,LOW,RSI oversold; High volume; Strong trend (ADX=63); Last surprise: +2.8%,-1.0,-1.0,1.0,29,2026-10-29,2.78,0
2026-09-30T16:41:59,2026-09-30,CDE,HOLD,0,VWAP Trend,LOW,1,2.83,nan,4.12,0.0,6.18,0.0,0.0,2026-10-02,0.96,1.46,50.0,2.05,33.75,19.65,-10.3,2.3,10,2026-06-12 to 2026-09-28 (74 days),-1.0,39.7,nan,nan,nan,NEUTRAL,LOW,Last surprise: -53.8%; Earnings conf adj: -1,-1.0,-1.0,1.0,28,2026-10-28,-53.85,-1
2026-09-30T16:43:01,2026-09-30,MAT,HOLD,0,EMA Crossover (9/21),MEDIUM,3,2.79,nan,2.95,0.0,5.9,0.0,0.0,2026-11-15,0.54,0.83,100.0,26.58,9.1,36.73,-7.38,46.0,1,2026-06-12 to 2026-09-28 (74 days),-1.0,40.1,nan,nan,nan,NEUTRAL,LOW,Strong trend (ADX=44),-1.0,-1.0,1.0,27,2026-10-27,,0
2026-09-30T16:41:51,2026-09-30,WRB,HOLD,0,VWAP Trend,HIGH,4,2.76,nan,2.04,0.0,4.08,0.0,0.0,2026-10-06,1.15,1.98,50.0,1.94,15.1,14.6,-5.09,6.9,8,2026-06-12 to 2026-09-28 (74 days),-1.0,40.7,nan,nan,nan,NEUTRAL,LOW,Strong trend (ADX=36); Last surprise: +17.6%; Earnings conf adj: +1,-1.0,-1.0,1.0,19,2026-10-19,17.59,1
2026-09-30T16:40:20,2026-09-30,CBOE,HOLD,0,EMA Crossover (9/21),MEDIUM,2,2.75,nan,4.13,0.0,8.26,0.0,0.0,2026-11-25,0.49,0.72,100.0,29.76,10.25,50.56,-10.33,56.0,1,2026-06-12 to 2026-09-28 (74 days),-1.0,30.0,nan,nan,nan,NEUTRAL,LOW,RSI oversold; High volume; Strong trend (ADX=50); Last surprise: +2.0%,-1.0,-1.0,1.0,30,2026-10-30,2.01,0
2026-09-30T16:42:33,2026-09-30,OSK,HOLD,0,EMA Crossover (9/21),MEDIUM,3,2.74,nan,3.57,0.0,7.14,0.0,0.0,2026-12-26,0.75,1.08,100.0,59.0,21.43,25.89,-8.92,87.0,1,2026-06-12 to 2026-09-28 (74 days),-1.0,32.2,nan,nan,nan,NEUTRAL,LOW,Strong trend (ADX=47),-1.0,-1.0,1.0,28,2026-10-28,,0
2026-09-30T16:41:04,2026-09-30,L,HOLD,0,Momentum (Rate of Change),MEDIUM,3,2.72,nan,2.43,0.0,4.86,0.0,0.0,2026-11-26,1.0,1.58,100.0,43.98,12.45,22.04,-6.08,57.0,1,2026-06-12 to 2026-09-28 (74 days),-1.0,25.7,nan,nan,nan,NEUTRAL,LOW,RSI oversold; Last surprise: +52.1%,-1.0,-1.0,1.0,33,2026-11-02,52.05,0
2026-09-30T16:42:51,2026-09-30,GXO,HOLD,0,EMA Crossover (9/21),MEDIUM,3,2.72,nan,3.22,0.0,6.44,0.0,0.0,2026-11-08,0.73,1.14,100.0,42.43,15.03,45.31,-8.05,39.0,1,2026-06-12 to 2026-09-28 (74 days),-1.0,41.1,nan,nan,nan,NEUTRAL,LOW,No special conditions,-1.0,-1.0,1.0,34,2026-11-03,,0
2026-09-30T16:42:32,2026-09-30,FR,HOLD,0,Momentum (Rate of Change),HIGH,4,2.65,nan,2.14,0.0,4.28,0.0,0.0,2026-11-14,1.07,1.69,100.0,55.58,16.41,25.97,-5.34,45.0,1,2026-06-12 to 2026-09-28 (74 days),-1.0,42.1,nan,nan,nan,NEUTRAL,LOW,No special conditions,-1.0,-1.0,1.0,21,2026-10-21,,0
2026-09-30T16:40:06,2026-09-30,AIZ,HOLD,0,Momentum (Rate of Change),HIGH,5,2.63,nan,3.08,0.0,6.16,0.0,0.0,2026-12-05,1.51,3.19,100.0,85.87,30.14,25.63,-7.71,66.0,1,2026-06-12 to 2026-09-28 (74 days),-1.0,31.7,nan,nan,nan,NEUTRAL,LOW,Strong trend (ADX=44); Last surprise: +23.7%; Earnings conf adj: +1,-1.0,-1.0,1.0,34,2026-11-03,23.75,1
2026-09-30T16:42:51,2026-09-30,EXLS,HOLD,0,ADX Trend Following,HIGH,4,2.58,nan,3.94,0.0,7.88,0.0,0.0,2026-12-12,1.98,4.92,100.0,261.57,121.32,33.82,-9.84,73.0,1,2026-06-12 to 2026-09-28 (74 days),-1.0,43.7,nan,nan,nan,NEUTRAL,LOW,No special conditions,-1.0,-1.0,1.0,27,2026-10-27,,0
2026-09-30T16:41:37,2026-09-30,SYY,HOLD,1,ADX Trend Following,LOW,0,2.51,nan,2.0,nan,3.0,nan,0.0,2026-10-05,-0.3,-0.38,33.3,0.85,-2.61,-2.18,-3.16,5.0,3,2026-06-12 to 2026-09-28 (74 days),-1.0,40.9,nan,nan,nan,NEUTRAL,LOW,Last surprise: +1.3%,-1.0,-1.0,1.0,34,2026-11-03,1.32,0
2026-09-30T16:40:12,2026-09-30,AWK,HOLD,0,MACD Crossover,LOW,0,2.5,nan,2.0,0.0,3.0,0.0,0.0,2026-10-05,-0.07,-0.1,50.0,1.12,-1.6,-11.43,-4.92,5.3,6,2026-06-12 to 2026-09-28 (74 days),-1.0,28.7,nan,nan,nan,NEUTRAL,LOW,RSI oversold; Strong trend (ADX=52); Last surprise: +3.9%,-1.0,-1.0,1.0,28,2026-10-28,3.87,0
2026-09-30T16:41:26,2026-09-30,PNW,HOLD,0,Momentum (Rate of Change),MEDIUM,2,2.46,nan,2.0,0.0,4.0,0.0,0.0,2026-11-06,0.23,0.36,100.0,28.34,2.06,34.96,-4.92,37.0,1,2026-06-12 to 2026-09-28 (74 days),-1.0,24.6,nan,nan,nan,NEUTRAL,LOW,RSI oversold; High volume; Strong trend (ADX=39); Last surprise: -2.7%,-1.0,-1.0,1.0,34,2026-11-03,-2.72,0
2026-09-30T16:40:18,2026-09-30,BRO,BUY,1,SMA Crossover (10/50),MEDIUM,3,2.42,nan,4.56,nan,9.12,nan,10.0,2026-12-19,0.86,1.36,100.0,65.46,24.03,21.77,-11.39,80.0,1,2026-06-12 to 2026-09-28 (74 days),0.722,26.8,nan,nan,nan,NEUTRAL,LOW,RSI oversold; Strong trend (ADX=56); Last surprise: +0.0%,-1.0,-1.0,1.0,26,2026-10-26,0.0,0
2026-09-30T16:41:57,2026-09-30,USFD,HOLD,0,MACD Crossover,MEDIUM,3,2.42,nan,2.0,0.0,4.0,0.0,0.0,2026-10-14,0.25,0.38,100.0,5.8,1.31,-0.18,-3.63,14.0,1,2026-06-12 to 2026-09-28 (74 days),-1.0,33.0,nan,nan,nan,NEUTRAL,LOW,Strong trend (ADX=51); Last surprise: +5.9%; Earnings conf adj: +1,-1.0,-1.0,1.0,36,2026-11-05,5.88,1
2026-09-30T16:43:06,2026-09-30,KBH,HOLD,0,Momentum (Rate of Change),MEDIUM,2,2.42,nan,5.02,0.0,10.04,0.0,0.0,2026-10-29,0.43,1.06,100.0,41.46,9.99,43.0,-12.56,29.0,1,2026-06-12 to 2026-09-28 (74 days),-1.0,38.0,nan,nan,nan,NEUTRAL,LOW,Strong trend (ADX=36),-1.0,-1.0,1.0,78,2026-12-17,,0
2026-09-30T16:42:46,2026-09-30,SFM,BUY,1,ADX Trend Following,MEDIUM,3,2.41,nan,2.0,nan,4.0,nan,10.0,2026-10-05,1.68,7.7,50.0,100.06,36.1,101.56,-3.21,5.0,2,2026-06-12 to 2026-09-28 (74 days),0.238,28.7,nan,nan,nan,NEUTRAL,LOW,RSI oversold; Strong trend (ADX=48),-1.0,-1.0,1.0,28,2026-10-28,,0
2026-09-30T16:42:25,2026-09-30,FLS,HOLD,0,VWAP Trend,MEDIUM,3,2.36,nan,2.14,0.0,4.28,0.0,0.0,2026-10-01,1.65,3.71,54.5,2.25,34.07,48.9,-5.34,1.4,11,2026-06-12 to 2026-09-28 (74 days),-1.0,45.8,nan,nan,nan,NEUTRAL,LOW,No special conditions,-1.0,-1.0,1.0,27,2026-10-27,,0
2026-09-30T16:42:49,2026-09-30,G,HOLD,0,EMA Crossover (9/21),HIGH,4,2.31,nan,3.98,0.0,7.96,0.0,0.0,2026-12-02,1.29,2.2,100.0,110.2,42.9,34.97,-9.95,63.0,1,2026-06-12 to 2026-09-28 (74 days),-1.0,34.2,nan,nan,nan,NEUTRAL,LOW,Strong trend (ADX=38),-1.0,-1.0,1.0,36,2026-11-05,,0
2026-09-30T16:40:09,2026-09-30,AMZN,HOLD,0,Stochastic Oscillator,HIGH,5,2.28,nan,4.01,0.0,6.02,0.0,0.0,2026-10-23,1.28,2.84,66.7,3.55,52.46,41.03,-10.03,23.0,3,2026-06-12 to 2026-09-28 (74 days),-1.0,41.2,nan,nan,nan,NEUTRAL,LOW,Last surprise: +214.2%; Earnings conf adj: +1,-1.0,-1.0,1.0,29,2026-10-29,214.21,1
2026-09-30T16:41:50,2026-09-30,WMB,HOLD,0,Stochastic Oscillator,MEDIUM,3,2.2,nan,2.5,0.0,3.75,0.0,0.0,2026-11-04,0.89,1.5,100.0,43.28,14.53,26.44,-6.26,35.0,1,2026-06-12 to 2026-09-28 (74 days),-1.0,36.0,nan,nan,nan,NEUTRAL,LOW,Last surprise: +0.0%,-1.0,-1.0,1.0,33,2026-11-02,0.0,0
2026-09-30T16:42:38,2026-09-30,AXTA,HOLD,0,MACD Crossover,MEDIUM,2,2.13,nan,2.94,0.0,5.88,0.0,0.0,2026-10-20,0.42,0.66,100.0,15.94,4.87,9.28,-7.35,20.0,1,2026-06-12 to 2026-09-28 (74 days),-1.0,39.9,nan,nan,nan,NEUTRAL,LOW,Strong trend (ADX=40),-1.0,-1.0,1.0,28,2026-10-28,,0
2026-09-30T16:40:39,2026-09-30,ES,HOLD,0,Momentum (Rate of Change),MEDIUM,2,2.11,nan,2.51,0.0,5.02,0.0,0.0,2026-11-17,0.35,0.53,100.0,29.95,4.04,25.6,-6.27,48.0,1,2026-06-12 to 2026-09-28 (74 days),-1.0,25.2,nan,nan,nan,NEUTRAL,LOW,RSI oversold; Strong trend (ADX=48); Last surprise: +0.0%,-1.0,-1.0,1.0,35,2026-11-04,0.0,0
2026-09-30T16:42:11,2026-09-30,TRU,HOLD,0,EMA Crossover (9/21),MEDIUM,2,2.11,nan,4.11,0.0,8.22,0.0,0.0,2026-12-10,0.5,0.82,100.0,33.85,11.78,10.95,-10.27,71.0,1,2026-06-12 to 2026-09-28 (74 days),-1.0,27.3,nan,nan,nan,NEUTRAL,LOW,RSI oversold; High volume; Strong trend (ADX=53),-1.0,-1.0,1.0,22,2026-10-22,,0
2026-09-30T16:41:54,2026-09-30,ZBH,BUY,1,SMA Crossover (10/50),HIGH,4,2.1,nan,3.84,nan,7.68,nan,10.0,2027-01-01,1.17,1.74,100.0,95.99,36.71,23.28,-9.59,93.0,1,2026-06-12 to 2026-09-28 (74 days),0.052,41.1,nan,nan,nan,NEUTRAL,LOW,Strong trend (ADX=33); Last surprise: +3.0%,-1.0,-1.0,1.0,36,2026-11-05,2.99,0
2026-09-30T16:42:11,2026-09-30,PEN,HOLD,0,EMA Crossover (9/21),MEDIUM,3,2.09,nan,2.0,0.0,4.0,0.0,0.0,2026-11-03,0.71,0.96,100.0,8.72,2.69,2.18,-1.89,34.0,1,2026-06-12 to 2026-09-28 (74 days),-1.0,45.5,nan,nan,nan,NEUTRAL,LOW,No special conditions,-1.0,-1.0,1.0,35,2026-11-04,,0
2026-09-30T16:41:52,2026-09-30,XEL,HOLD,0,Momentum (Rate of Change),MEDIUM,3,2.07,nan,2.0,0.0,4.0,0.0,0.0,2026-10-24,-0.24,-0.37,100.0,12.67,-3.2,30.02,-4.76,24.0,1,2026-06-12 to 2026-09-28 (74 days),-1.0,26.9,nan,nan,nan,NEUTRAL,LOW,RSI oversold; Strong trend (ADX=63); Last surprise: +17.7%; Earnings conf adj: +1,-1.0,-1.0,1.0,29,2026-10-29,17.72,1
2026-09-30T16:42:16,2026-09-30,ELS,BUY,1,SMA Crossover (10/50),MEDIUM,2,2.07,nan,2.72,nan,5.44,nan,10.0,2026-12-16,0.31,0.49,100.0,12.52,4.02,26.84,-6.79,77.0,1,2026-06-12 to 2026-09-28 (74 days),0.532,31.6,nan,nan,nan,NEUTRAL,LOW,Strong trend (ADX=48),-1.0,-1.0,1.0,21,2026-10-21,,0
2026-09-30T16:42:51,2026-09-30,POR,HOLD,0,Momentum (Rate of Change),MEDIUM,2,2.07,nan,2.14,0.0,4.28,0.0,0.0,2026-11-11,0.02,0.03,100.0,16.86,-0.45,32.44,-5.36,42.0,1,2026-06-12 to 2026-09-28 (74 days),-1.0,28.2,nan,nan,nan,NEUTRAL,LOW,RSI oversold; High volume; Strong trend (ADX=34),-1.0,-1.0,1.0,30,2026-10-30,,0
2026-09-30T16:40:33,2026-09-30,DHI,HOLD,0,VWAP Trend,LOW,1,2.06,nan,3.14,0.0,4.71,0.0,0.0,2026-10-02,-2.64,-3.16,28.6,0.08,-22.86,5.61,-7.84,2.9,7,2026-06-12 to 2026-09-28 (74 days),-1.0,45.5,nan,nan,nan,NEUTRAL,LOW,Last surprise: +7.0%; Earnings conf adj: +1,-1.0,-1.0,1.0,29,2026-10-29,7.02,1
2026-09-30T16:40:51,2026-09-30,GPN,BUY,1,ADX Trend Following,HIGH,4,2.05,nan,3.3,nan,6.6,nan,10.0,2026-10-27,1.96,3.34,66.7,12.9,84.72,-34.0,-8.24,27.3,3,2026-06-12 to 2026-09-28 (74 days),0.361,42.5,nan,nan,nan,NEUTRAL,LOW,Last surprise: +0.6%,-1.0,-1.0,1.0,34,2026-11-03,0.58,0
2026-09-30T16:41:52,2026-09-30,XOM,HOLD,0,EMA Crossover (9/21),HIGH,5,2.04,nan,2.6,0.0,5.2,0.0,0.0,2026-12-13,1.95,3.24,100.0,119.74,47.2,2.64,-6.51,74.0,1,2026-06-12 to 2026-09-28 (74 days),-1.0,52.5,nan,nan,nan,NEUTRAL,LOW,Last surprise: +13.2%; Earnings conf adj: +1,-1.0,-1.0,1.0,30,2026-10-30,13.22,1
2026-09-30T16:43:07,2026-09-30,MZTI,HOLD,0,MACD Crossover,MEDIUM,3,2.03,nan,2.3,0.0,4.6,0.0,0.0,2026-10-08,0.71,1.09,66.7,1.82,10.22,36.77,-5.74,8.7,3,2026-06-12 to 2026-09-28 (74 days),-1.0,40.5,nan,nan,nan,NEUTRAL,LOW,No special conditions,-1.0,-1.0,1.0,35,2026-11-04,,0
2026-09-30T16:40:10,2026-09-30,AMP,BUY,1,SMA Crossover (10/50),HIGH,4,2.0,nan,4.8,nan,9.6,nan,10.0,2026-12-30,1.39,2.09,100.0,93.18,35.49,3.37,-11.99,91.0,1,2026-06-12 to 2026-09-28 (74 days),0.48,30.8,nan,nan,nan,NEUTRAL,LOW,Strong trend (ADX=58); Last surprise: +2.4%,-1.0,-1.0,1.0,29,2026-10-29,2.41,0
2026-09-30T16:41:52,2026-09-30,XYZ,HOLD,0,EMA Crossover (9/21),HIGH,4,2.0,nan,3.28,0.0,6.56,0.0,0.0,2026-12-24,0.96,1.53,100.0,84.53,31.84,11.73,-8.21,85.0,1,2026-06-12 to 2026-09-28 (74 days),-1.0,36.2,nan,nan,nan,NEUTRAL,LOW,Last surprise: +17.2%; Earnings conf adj: +1,-1.0,-1.0,1.0,40,2026-11-09,17.24,1
2026-09-30T16:40:37,2026-09-30,ED,HOLD,0,Momentum (Rate of Change),HIGH,4,1.99,nan,2.0,0.0,4.0,0.0,0.0,2026-11-05,0.55,0.88,100.0,33.33,5.96,18.4,-3.67,36.0,1,2026-06-12 to 2026-09-28 (74 days),-1.0,35.4,nan,nan,nan,NEUTRAL,LOW,Strong trend (ADX=35); Last surprise: +7.8%; Earnings conf adj: +1,-1.0,-1.0,1.0,36,2026-11-05,7.79,1
2026-09-30T16:40:37,2026-09-30,EIX,HOLD,0,52-Week High Momentum,MEDIUM,2,1.99,nan,5.63,0.0,11.26,0.0,0.0,2026-11-18,-0.48,-0.61,100.0,1.33,-10.68,58.07,-14.07,49.0,1,2026-06-12 to 2026-09-28 (74 days),-1.0,28.6,nan,nan,nan,NEUTRAL,LOW,RSI oversold; Strong trend (ADX=43); Last surprise: +27.3%; Earnings conf adj: +1,-1.0,-1.0,1.0,27,2026-10-27,27.27,1
2026-09-30T16:42:36,2026-09-30,IDA,HOLD,0,Momentum (Rate of Change),MEDIUM,2,1.97,nan,2.66,0.0,5.32,0.0,0.0,2026-11-03,0.25,0.41,100.0,26.25,2.4,31.17,-6.66,34.0,1,2026-06-12 to 2026-09-28 (74 days),-1.0,31.6,nan,nan,nan,NEUTRAL,LOW,High volume; Strong trend (ADX=63),-1.0,-1.0,1.0,29,2026-10-29,,0
2026-09-30T16:40:43,2026-09-30,FE,HOLD,0,Momentum (Rate of Change),MEDIUM,2,1.95,nan,2.65,0.0,5.3,0.0,0.0,2026-11-19,0.32,0.53,100.0,25.66,3.26,27.2,-6.62,50.0,1,2026-06-12 to 2026-09-28 (74 days),-1.0,23.4,nan,nan,nan,NEUTRAL,LOW,RSI oversold; Strong trend (ADX=61); Last surprise: +0.0%,-1.0,-1.0,1.0,21,2026-10-21,0.0,0
2026-09-30T16:41:09,2026-09-30,MAA,BUY,1,SMA Crossover (10/50),MEDIUM,2,1.92,nan,2.0,nan,4.0,nan,10.0,2026-10-04,-0.31,-0.45,100.0,0.13,-0.64,39.55,-0.93,4.0,1,2026-06-12 to 2026-09-28 (74 days),0.56,26.9,nan,nan,nan,NEUTRAL,LOW,RSI oversold; Strong trend (ADX=67); Last surprise: +33.3%; Earnings conf adj: +1,-1.0,-1.0,1.0,28,2026-10-28,33.33,1
2026-09-30T16:43:08,2026-09-30,CXT,HOLD,0,Momentum (Rate of Change),HIGH,4,1.86,nan,4.96,0.0,9.92,0.0,0.0,2026-12-04,1.57,2.39,100.0,141.05,54.4,5.39,-12.4,65.0,1,2026-06-12 to 2026-09-28 (74 days),-1.0,45.1,nan,nan,nan,NEUTRAL,LOW,No special conditions,-1.0,-1.0,1.0,35,2026-11-04,,0
2026-09-30T16:40:05,2026-09-30,AFL,HOLD,0,Momentum (Rate of Change),MEDIUM,3,1.85,nan,3.03,0.0,6.06,0.0,0.0,2026-11-26,0.66,1.0,100.0,34.14,8.09,18.46,-7.57,57.0,1,2026-06-12 to 2026-09-28 (74 days),-1.0,36.3,nan,nan,nan,NEUTRAL,LOW,Last surprise: -0.6%,-1.0,-1.0,1.0,35,2026-11-04,-0.57,0
2026-09-30T16:42:27,2026-09-30,AYI,HOLD,0,Momentum (Rate of Change),LOW,1,1.84,nan,5.54,0.0,8.31,0.0,0.0,2026-10-21,0.95,2.76,100.0,95.39,32.73,22.07,-13.84,21.0,1,2026-06-12 to 2026-09-28 (74 days),-1.0,41.2,nan,nan,nan,NEUTRAL,LOW,Strong trend (ADX=36); Earnings in 1d (2026-10-01); Earnings conf adj: -2,-1.0,-1.0,1.0,1,2026-10-01,,-2
2026-09-30T16:42:52,2026-09-30,SIGI,HOLD,0,Momentum (Rate of Change),MEDIUM,2,1.84,nan,2.94,0.0,5.88,0.0,0.0,2026-11-12,0.25,0.34,100.0,22.08,2.74,26.37,-7.36,43.0,1,2026-06-12 to 2026-09-28 (74 days),-1.0,28.9,nan,nan,nan,NEUTRAL,LOW,RSI oversold,-1.0,-1.0,1.0,21,2026-10-21,,0
2026-09-30T16:41:19,2026-09-30,O,HOLD,0,Momentum (Rate of Change),LOW,1,1.83,nan,2.49,0.0,3.74,0.0,0.0,2026-11-19,-0.05,-0.1,100.0,16.16,-1.71,30.38,-6.23,50.0,1,2026-06-12 to 2026-09-28 (74 days),-1.0,16.8,nan,nan,nan,NEUTRAL,LOW,RSI oversold; Strong trend (ADX=66); Last surprise: -11.9%; Earnings conf adj: -1,-1.0,-1.0,1.0,33,2026-11-02,-11.9,-1
2026-09-30T16:42:34,2026-09-30,PB,HOLD,0,Momentum (Rate of Change),MEDIUM,2,1.83,nan,2.12,0.0,4.24,0.0,0.0,2026-12-05,0.24,0.33,100.0,18.95,2.36,21.0,-5.29,66.0,1,2026-06-12 to 2026-09-28 (74 days),-1.0,27.1,nan,nan,nan,NEUTRAL,LOW,RSI oversold; Strong trend (ADX=37),-1.0,-1.0,1.0,35,2026-11-04,,0
2026-09-30T16:43:01,2026-09-30,SLGN,HOLD,0,Multi-Factor Momentum MR,LOW,0,1.83,nan,6.72,0.0,10.08,0.0,0.0,2026-11-07,-0.53,-0.65,0.0,0.0,-17.93,16.93,-16.81,38.0,1,2026-06-12 to 2026-09-28 (74 days),-1.0,29.1,nan,nan,nan,NEUTRAL,LOW,RSI oversold; Strong trend (ADX=37),-1.0,-1.0,1.0,29,2026-10-29,,0
2026-09-30T16:41:25,2026-09-30,PNC,HOLD,0,Momentum (Rate of Change),HIGH,4,1.82,nan,3.02,0.0,6.04,0.0,0.0,2026-12-05,0.94,1.34,100.0,55.33,13.53,30.17,-7.56,66.0,1,2026-06-12 to 2026-09-28 (74 days),-1.0,28.8,nan,nan,nan,NEUTRAL,LOW,RSI oversold; Strong trend (ADX=43); Last surprise: +8.1%; Earnings conf adj: +1,-1.0,-1.0,1.0,15,2026-10-15,8.09,1
2026-09-30T16:42:37,2026-09-30,HQY,HOLD,0,EMA Crossover (9/21),MEDIUM,3,1.82,nan,5.02,0.0,10.04,0.0,0.0,2026-11-30,0.64,0.84,100.0,45.05,15.61,15.22,-12.55,61.0,1,2026-06-12 to 2026-09-28 (74 days),-1.0,30.4,nan,nan,nan,NEUTRAL,LOW,Strong trend (ADX=44),-1.0,-1.0,1.0,-1,,,0
2026-09-30T16:42:59,2026-09-30,BC,HOLD,0,VWAP Trend,LOW,0,1.8,nan,2.5,0.0,3.75,0.0,0.0,2026-10-02,-0.43,-0.67,50.0,0.94,-8.7,43.94,-6.25,2.4,14,2026-06-12 to 2026-09-28 (74 days),-1.0,29.5,nan,nan,nan,NEUTRAL,LOW,RSI oversold; Strong trend (ADX=52),-1.0,-1.0,1.0,22,2026-10-22,,0
2026-09-30T16:43:04,2026-09-30,BBWI,HOLD,0,ADX Trend Following,MEDIUM,2,1.66,nan,7.0,0.0,14.0,0.0,0.0,2026-10-27,0.17,0.25,100.0,3.86,1.0,45.52,-17.49,27.0,1,2026-06-12 to 2026-09-28 (74 days),-1.0,36.5,nan,nan,nan,NEUTRAL,LOW,No special conditions,-1.0,-1.0,1.0,50,2026-11-19,,0
2026-09-30T16:41:40,2026-09-30,TROW,HOLD,0,Momentum (Rate of Change),MEDIUM,3,1.64,nan,3.26,0.0,6.52,0.0,0.0,2026-11-18,0.58,0.79,100.0,44.12,10.96,20.91,-8.16,49.0,1,2026-06-12 to 2026-09-28 (74 days),-1.0,38.4,nan,nan,nan,NEUTRAL,LOW,Strong trend (ADX=49); Last surprise: +2.0%,-1.0,-1.0,1.0,30,2026-10-30,1.98,0
2026-09-30T16:40:06,2026-09-30,AIG,HOLD,0,Momentum (Rate of Change),MEDIUM,2,1.61,nan,2.73,0.0,5.46,0.0,0.0,2026-11-24,0.46,0.75,100.0,27.64,6.86,15.65,-6.82,55.0,1,2026-06-12 to 2026-09-28 (74 days),-1.0,34.7,nan,nan,nan,NEUTRAL,LOW,High volume; Last surprise: +3.6%,-1.0,-1.0,1.0,35,2026-11-04,3.63,0
2026-09-30T16:43:10,2026-09-30,XRAY,HOLD,0,EMA Crossover (9/21),MEDIUM,2,1.61,nan,8.05,0.0,16.1,0.0,0.0,2026-11-16,0.49,0.73,100.0,35.33,12.32,37.41,-20.12,47.0,1,2026-06-12 to 2026-09-28 (74 days),-1.0,33.0,nan,nan,nan,NEUTRAL,LOW,Strong trend (ADX=49),-1.0,-1.0,1.0,36,2026-11-05,,0
2026-09-30T16:40:05,2026-09-30,AEE,HOLD,0,Momentum (Rate of Change),MEDIUM,2,1.58,nan,2.54,0.0,5.08,0.0,0.0,2026-10-28,0.12,0.18,100.0,21.36,0.73,26.22,-6.34,28.0,1,2026-06-12 to 2026-09-28 (74 days),-1.0,25.3,nan,nan,nan,NEUTRAL,LOW,RSI oversold; High volume; Strong trend (ADX=55); Last surprise: +4.6%,-1.0,-1.0,1.0,35,2026-11-04,4.63,0
2026-09-30T16:42:58,2026-09-30,EPR,HOLD,0,Momentum (Rate of Change),MEDIUM,3,1.58,nan,3.05,0.0,6.1,0.0,0.0,2026-11-26,0.58,0.89,100.0,33.75,7.94,18.95,-7.63,57.0,1,2026-06-12 to 2026-09-28 (74 days),-1.0,36.7,nan,nan,nan,NEUTRAL,LOW,Strong trend (ADX=31),-1.0,-1.0,1.0,28,2026-10-28,,0
2026-09-30T16:42:57,2026-09-30,FFIN,BUY,1,ADX Trend Following,MEDIUM,2,1.57,nan,2.26,nan,4.52,nan,10.0,2026-10-14,0.17,0.25,66.7,4.75,1.41,14.92,-5.64,14.0,3,2026-06-12 to 2026-09-28 (74 days),0.353,38.1,nan,nan,nan,NEUTRAL,LOW,Strong trend (ADX=40),-1.0,-1.0,1.0,22,2026-10-22,,0
2026-09-30T16:41:01,2026-09-30,JKHY,HOLD,0,Composite Multi-Indicator,HIGH,5,1.48,nan,5.86,0.0,11.72,0.0,0.0,2027-01-10,1.82,2.83,100.0,174.3,73.44,8.02,-14.64,102.0,1,2026-06-12 to 2026-09-28 (74 days),-1.0,36.3,nan,nan,nan,NEUTRAL,LOW,Strong trend (ADX=39); Last surprise: +6.3%; Earnings conf adj: +1,-1.0,-1.0,1.0,34,2026-11-03,6.25,1
2026-09-30T16:41:29,2026-09-30,REG,HOLD,0,Momentum (Rate of Change),MEDIUM,2,1.45,nan,2.0,0.0,4.0,0.0,0.0,2026-11-15,-0.02,-0.04,100.0,12.0,-1.06,23.2,-4.34,46.0,1,2026-06-12 to 2026-09-28 (74 days),-1.0,39.8,nan,nan,nan,NEUTRAL,LOW,Strong trend (ADX=37); Last surprise: +3.4%,-1.0,-1.0,1.0,36,2026-11-05,3.39,0
2026-09-30T16:41:20,2026-09-30,OMC,HOLD,0,EMA Crossover (9/21),MEDIUM,2,1.43,nan,3.55,0.0,7.1,0.0,0.0,2026-12-03,0.29,0.42,100.0,14.39,4.32,7.91,-8.87,64.0,1,2026-06-12 to 2026-09-28 (74 days),-1.0,36.5,nan,nan,nan,NEUTRAL,LOW,Strong trend (ADX=61); Last surprise: -0.4%,-1.0,-1.0,1.0,20,2026-10-20,-0.38,0
2026-09-30T16:42:27,2026-09-30,HLI,HOLD,0,MACD Crossover,LOW,0,1.4,nan,8.19,0.0,12.28,0.0,0.0,2026-10-16,-2.58,-2.92,25.0,0.11,-50.82,-32.9,-20.47,16.5,4,2026-06-12 to 2026-09-28 (74 days),-1.0,45.3,nan,nan,nan,NEUTRAL,LOW,Strong trend (ADX=32),-1.0,-1.0,1.0,29,2026-10-29,,0
2026-09-30T16:40:27,2026-09-30,COR,BUY,1,SMA Crossover (10/50),MEDIUM,3,1.37,nan,3.63,nan,7.26,nan,10.0,2026-12-25,0.98,1.45,100.0,65.21,23.91,-6.81,-9.08,86.0,1,2026-06-12 to 2026-09-28 (74 days),0.417,37.2,nan,nan,nan,NEUTRAL,LOW,Strong trend (ADX=32); Last surprise: +3.2%,-1.0,-1.0,1.0,35,2026-11-04,3.23,0
2026-09-30T16:41:21,2026-09-30,OXY,HOLD,0,EMA Crossover (9/21),HIGH,5,1.37,nan,4.54,0.0,9.08,0.0,0.0,2026-12-08,1.02,1.46,100.0,73.06,27.1,28.21,-11.35,69.0,1,2026-06-12 to 2026-09-28 (74 days),-1.0,39.5,nan,nan,nan,NEUTRAL,LOW,Last surprise: +29.7%; Earnings conf adj: +1,-1.0,-1.0,1.0,40,2026-11-09,29.73,1
2026-09-30T16:41:02,2026-09-30,KEY,HOLD,0,Momentum (Rate of Change),MEDIUM,2,1.36,nan,3.02,0.0,6.04,0.0,0.0,2026-11-14,-0.24,-0.33,100.0,7.47,-3.91,24.62,-7.54,45.0,1,2026-06-12 to 2026-09-28 (74 days),-1.0,35.0,nan,nan,nan,NEUTRAL,LOW,Strong trend (ADX=39); Last surprise: +4.8%,-1.0,-1.0,1.0,20,2026-10-20,4.76,0
2026-09-30T16:42:36,2026-09-30,CHWY,HOLD,0,EMA Crossover (9/21),MEDIUM,2,1.29,nan,6.38,0.0,12.76,0.0,0.0,2026-12-04,0.33,0.43,100.0,15.88,5.23,17.2,-15.96,65.0,1,2026-06-12 to 2026-09-28 (74 days),-1.0,30.4,nan,nan,nan,NEUTRAL,LOW,Strong trend (ADX=44),-1.0,-1.0,1.0,70,2026-12-09,,0
2026-09-30T16:42:05,2026-09-30,VNOM,HOLD,0,MACD Crossover,LOW,0,1.28,nan,3.47,0.0,5.2,0.0,0.0,2026-10-18,0.05,0.07,33.3,1.06,-0.75,21.99,-8.67,18.0,3,2026-06-12 to 2026-09-28 (74 days),-1.0,35.4,nan,nan,nan,NEUTRAL,LOW,Strong trend (ADX=39); Last surprise: -5.0%; Earnings conf adj: -1,-1.0,-1.0,1.0,33,2026-11-02,-5.0,-1
2026-09-30T16:40:52,2026-09-30,HD,HOLD,1,SMA Crossover (10/50),LOW,1,1.26,nan,3.71,nan,5.56,nan,0.0,2026-12-08,0.11,0.16,100.0,0.71,-0.11,33.2,-9.27,69.0,1,2026-06-12 to 2026-09-28 (74 days),-1.0,30.0,nan,nan,nan,NEUTRAL,LOW,RSI oversold; Strong trend (ADX=44); Last surprise: +4.0%,-1.0,-1.0,1.0,48,2026-11-17,4.02,0
2026-09-30T16:42:23,2026-09-30,AM,HOLD,0,Multi-Factor Momentum MR,MEDIUM,3,1.25,nan,2.0,0.0,4.0,0.0,0.0,2026-10-24,0.62,0.99,100.0,22.79,7.33,18.83,-3.73,24.0,1,2026-06-12 to 2026-09-28 (74 days),-1.0,32.7,nan,nan,nan,NEUTRAL,LOW,No special conditions,-1.0,-1.0,1.0,28,2026-10-28,,0
2026-09-30T16:41:36,2026-09-30,STZ,HOLD,1,ADX Trend Following,LOW,0,1.23,nan,4.36,nan,6.54,nan,0.0,2026-10-13,-0.9,-1.1,50.0,0.39,-18.26,41.84,-10.91,13.5,4,2026-06-12 to 2026-09-28 (74 days),-1.0,23.8,nan,nan,nan,NEUTRAL,LOW,RSI oversold; Strong trend (ADX=46); Last surprise: +7.2%,-1.0,-1.0,1.0,6,2026-10-06,7.19,0
2026-09-30T16:41:46,2026-09-30,VMC,HOLD,0,EMA Crossover (9/21),LOW,1,1.23,nan,3.37,0.0,5.06,0.0,0.0,2026-10-31,0.08,0.11,100.0,0.64,-0.12,40.26,-8.43,31.0,1,2026-06-12 to 2026-09-28 (74 days),-1.0,38.8,nan,nan,nan,NEUTRAL,LOW,Last surprise: +4.9%,-1.0,-1.0,1.0,29,2026-10-29,4.86,0
2026-09-30T16:41:10,2026-09-30,MCHP,HOLD,0,52-Week High Momentum,MEDIUM,3,1.22,nan,2.59,0.0,5.18,0.0,0.0,2026-10-02,-0.74,-2.57,100.0,42.29,-8.77,40.06,-6.48,2.0,1,2026-06-12 to 2026-09-28 (74 days),-1.0,57.4,nan,nan,nan,NEUTRAL,LOW,Last surprise: +8.6%; Earnings conf adj: +1,-1.0,-1.0,1.0,36,2026-11-05,8.57,1
2026-09-30T16:40:25,2026-09-30,COF,HOLD,0,Momentum (Rate of Change),HIGH,4,1.2,nan,2.82,0.0,5.64,0.0,0.0,2026-12-14,0.98,1.45,100.0,70.68,22.26,-2.93,-7.05,75.0,1,2026-06-12 to 2026-09-28 (74 days),-1.0,35.2,nan,nan,nan,NEUTRAL,LOW,Strong trend (ADX=42); Last surprise: +23.9%; Earnings conf adj: +1,-1.0,-1.0,1.0,20,2026-10-20,23.88,1
2026-09-30T16:42:55,2026-09-30,CUZ,HOLD,0,Momentum (Rate of Change),MEDIUM,3,1.2,nan,3.79,0.0,7.58,0.0,0.0,2026-11-22,0.66,0.97,100.0,42.16,10.24,17.85,-9.48,53.0,1,2026-06-12 to 2026-09-28 (74 days),-1.0,41.0,nan,nan,nan,NEUTRAL,LOW,No special conditions,-1.0,-1.0,1.0,29,2026-10-29,,0
2026-09-30T16:40:05,2026-09-30,AEP,HOLD,0,Momentum (Rate of Change),LOW,1,1.09,nan,2.73,0.0,4.1,0.0,0.0,2026-11-03,-0.09,-0.14,100.0,9.02,-1.73,22.83,-6.82,34.0,1,2026-06-12 to 2026-09-28 (74 days),-1.0,32.9,nan,nan,nan,NEUTRAL,LOW,Strong trend (ADX=50); Last surprise: -8.1%; Earnings conf adj: -1,-1.0,-1.0,1.0,28,2026-10-28,-8.11,-1
2026-09-30T16:43:09,2026-09-30,KD,BUY,1,SMA Crossover (10/50),MEDIUM,2,1.08,nan,7.2,nan,14.4,nan,10.0,2026-12-08,0.43,0.63,100.0,28.01,9.61,22.81,-17.99,69.0,1,2026-06-12 to 2026-09-28 (74 days),0.698,33.2,nan,nan,nan,NEUTRAL,LOW,Strong trend (ADX=39),-1.0,-1.0,1.0,34,2026-11-03,,0
2026-09-30T16:42:49,2026-09-30,DLB,HOLD,0,EMA Crossover (9/21),HIGH,4,1.07,nan,5.27,0.0,10.54,0.0,0.0,2026-11-18,1.33,2.93,100.0,115.36,45.21,-0.14,-13.17,49.0,1,2026-06-12 to 2026-09-28 (74 days),-1.0,43.1,nan,nan,nan,NEUTRAL,LOW,No special conditions,-1.0,-1.0,1.0,48,2026-11-17,,0
2026-09-30T16:40:21,2026-09-30,CFG,HOLD,0,Momentum (Rate of Change),MEDIUM,3,1.05,nan,3.28,0.0,6.56,0.0,0.0,2026-12-05,0.68,0.98,100.0,51.7,12.58,24.44,-8.2,66.0,1,2026-06-12 to 2026-09-28 (74 days),-1.0,33.1,nan,nan,nan,NEUTRAL,LOW,Strong trend (ADX=46); Last surprise: +4.0%,-1.0,-1.0,1.0,16,2026-10-16,4.0,0
2026-09-30T16:42:47,2026-09-30,ANF,EXIT,-1,SMA Crossover (10/50),HIGH,4,1.03,nan,5.22,nan,10.44,nan,10.0,2027-01-11,2.31,6.6,100.0,582.99,385.89,97.49,-13.04,103.0,1,2026-06-12 to 2026-09-28 (74 days),-1.0,51.5,nan,nan,nan,NEUTRAL,LOW,No special conditions,-1.0,-1.0,1.0,56,2026-11-25,,0
2026-09-30T16:40:12,2026-09-30,ATO,HOLD,0,EMA Crossover (9/21),MEDIUM,2,1.02,nan,2.0,0.0,4.0,0.0,0.0,2026-11-04,0.06,0.1,100.0,1.21,0.07,22.34,-3.91,35.0,1,2026-06-12 to 2026-09-28 (74 days),-1.0,27.4,nan,nan,nan,NEUTRAL,LOW,RSI oversold; Strong trend (ADX=60); Last surprise: +5.9%; Earnings conf adj: +1,-1.0,-1.0,1.0,35,2026-11-04,5.93,1
2026-09-30T16:41:03,2026-09-30,KMI,HOLD,0,Multi-Factor Momentum MR,MEDIUM,3,0.96,nan,2.17,0.0,4.34,0.0,0.0,2026-10-25,0.26,0.36,100.0,8.65,2.31,12.95,-5.43,25.0,1,2026-06-12 to 2026-09-28 (74 days),-1.0,41.1,nan,nan,nan,NEUTRAL,LOW,Last surprise: +19.4%; Earnings conf adj: +1,-1.0,-1.0,1.0,28,2026-10-28,19.35,1
2026-09-30T16:40:19,2026-09-30,CAH,HOLD,0,Stochastic Oscillator,MEDIUM,2,0.95,nan,2.36,0.0,3.54,0.0,0.0,2026-10-26,0.41,0.62,50.0,2.13,5.56,10.23,-5.89,26.5,2,2026-06-12 to 2026-09-28 (74 days),-1.0,32.7,nan,nan,nan,NEUTRAL,LOW,Strong trend (ADX=48); Last surprise: +7.4%; Earnings conf adj: +1,-1.0,-1.0,1.0,36,2026-11-05,7.44,1
2026-09-30T16:40:49,2026-09-30,GIS,BUY,1,SMA Crossover (10/50),MEDIUM,3,0.88,nan,5.49,nan,10.98,nan,10.0,2026-12-22,0.51,0.79,100.0,34.67,12.08,15.33,-13.72,83.0,1,2026-06-12 to 2026-09-28 (74 days),0.607,28.7,nan,nan,nan,NEUTRAL,LOW,RSI oversold; Strong trend (ADX=55); Last surprise: +4.2%,-1.0,-1.0,1.0,84,2026-12-23,4.17,0
2026-09-30T16:42:53,2026-09-30,CNO,HOLD,0,52-Week High Momentum,HIGH,4,0.86,nan,2.15,0.0,4.3,0.0,0.0,2027-01-13,1.34,2.05,100.0,66.58,24.46,-1.3,-5.38,105.0,1,2026-06-12 to 2026-09-28 (74 days),-1.0,42.2,nan,nan,nan,NEUTRAL,LOW,No special conditions,-1.0,-1.0,1.0,33,2026-11-02,,0
2026-09-30T16:42:00,2026-09-30,EWBC,HOLD,0,Composite Multi-Indicator,MEDIUM,2,0.76,nan,3.55,0.0,7.1,0.0,0.0,2027-01-10,0.15,0.22,100.0,4.43,1.18,13.91,-8.87,102.0,1,2026-06-12 to 2026-09-28 (74 days),-1.0,45.0,nan,nan,nan,NEUTRAL,LOW,Last surprise: +0.4%,-1.0,-1.0,1.0,20,2026-10-20,0.38,0
2026-09-30T16:41:42,2026-09-30,TTWO,HOLD,0,Stochastic Oscillator,HIGH,4,0.72,nan,3.87,0.0,5.8,0.0,0.0,2026-10-17,0.81,1.45,66.7,2.26,21.46,35.97,-9.68,17.0,3,2026-06-12 to 2026-09-28 (74 days),-1.0,33.9,nan,nan,nan,NEUTRAL,LOW,Strong trend (ADX=36); Last surprise: +14.3%; Earnings conf adj: +1,-1.0,-1.0,1.0,40,2026-11-09,14.29,1
2026-09-30T16:42:43,2026-09-30,FNB,HOLD,0,Momentum (Rate of Change),MEDIUM,2,0.59,nan,2.46,0.0,4.92,0.0,0.0,2026-12-05,0.06,0.08,100.0,12.12,-0.34,18.36,-6.15,66.0,1,2026-06-12 to 2026-09-28 (74 days),-1.0,35.8,nan,nan,nan,NEUTRAL,LOW,Strong trend (ADX=43),-1.0,-1.0,1.0,19,2026-10-19,,0
2026-09-30T16:41:18,2026-09-30,NTRS,EXIT,-1,PEAD Earnings Drift,MEDIUM,2,0.54,nan,3.05,nan,6.1,nan,10.0,2026-11-05,0.66,1.13,100.0,70.45,7.52,5.46,-7.62,36.0,1,2026-06-12 to 2026-09-28 (74 days),-1.0,38.2,nan,nan,nan,NEUTRAL,LOW,Strong trend (ADX=46); Last surprise: -8.4%; Earnings conf adj: -1,-1.0,-1.0,1.0,21,2026-10-21,-8.44,-1
2026-09-30T16:43:02,2026-09-30,CAR,HOLD,0,VWAP Trend,LOW,1,0.54,nan,5.69,0.0,8.54,0.0,0.0,2026-10-08,0.14,0.22,62.5,1.14,-0.17,86.25,-14.23,8.4,8,2026-06-12 to 2026-09-28 (74 days),-1.0,27.4,nan,nan,nan,NEUTRAL,LOW,RSI oversold; Strong trend (ADX=59),-1.0,-1.0,1.0,27,2026-10-27,,0
2026-09-30T16:40:40,2026-09-30,EXE,HOLD,0,Momentum (Rate of Change),MEDIUM,3,0.42,nan,3.04,0.0,6.08,0.0,0.0,2026-11-22,0.28,0.47,100.0,23.32,3.52,14.56,-7.61,53.0,1,2026-06-12 to 2026-09-28 (74 days),-1.0,29.3,nan,nan,nan,NEUTRAL,LOW,RSI oversold; Strong trend (ADX=63); Last surprise: +18.7%; Earnings conf adj: +1,-1.0,-1.0,1.0,27,2026-10-27,18.75,1
2026-09-30T16:40:58,2026-09-30,IP,HOLD,0,Momentum (Rate of Change),MEDIUM,3,0.37,nan,7.02,0.0,14.04,0.0,0.0,2026-12-18,0.16,0.26,100.0,7.89,-0.74,15.11,-17.56,79.0,1,2026-06-12 to 2026-09-28 (74 days),-1.0,36.4,nan,nan,nan,NEUTRAL,LOW,Last surprise: +200.0%; Earnings conf adj: +1,-1.0,-1.0,1.0,28,2026-10-28,200.0,1
2026-09-30T16:41:34,2026-09-30,SO,HOLD,0,Momentum (Rate of Change),MEDIUM,2,0.32,nan,2.35,0.0,4.7,0.0,0.0,2026-11-03,-0.67,-1.01,100.0,0.59,-7.77,27.07,-5.88,34.0,1,2026-06-12 to 2026-09-28 (74 days),-1.0,20.5,nan,nan,nan,NEUTRAL,LOW,RSI oversold; Strong trend (ADX=69); Last surprise: +11.9%; Earnings conf adj: +1,-1.0,-1.0,1.0,36,2026-11-05,11.88,1
2026-09-30T16:42:58,2026-09-30,IBOC,HOLD,0,VWAP Trend,LOW,0,0.21,nan,2.0,0.0,3.0,0.0,0.0,2026-10-02,-0.68,-1.06,45.5,0.96,-4.74,20.93,-4.61,2.1,11,2026-06-12 to 2026-09-28 (74 days),-1.0,39.1,nan,nan,nan,NEUTRAL,LOW,Strong trend (ADX=35),-1.0,-1.0,1.0,36,2026-11-05,,0
2026-09-30T16:42:27,2026-09-30,CYTK,HOLD,0,52-Week High Momentum,MEDIUM,2,0.19,nan,4.35,0.0,8.7,0.0,0.0,2026-11-02,-0.24,-0.4,100.0,28.58,-5.32,12.98,-10.87,33.0,1,2026-06-12 to 2026-09-28 (74 days),-1.0,34.0,nan,nan,nan,NEUTRAL,LOW,Strong trend (ADX=42),-1.0,-1.0,1.0,36,2026-11-05,,0
2026-09-30T16:41:05,2026-09-30,LII,HOLD,0,MACD Crossover,LOW,0,0.08,nan,3.49,0.0,5.24,0.0,0.0,2026-10-16,-1.33,-1.81,50.0,0.19,-16.72,50.94,-8.72,16.5,2,2026-06-12 to 2026-09-28 (74 days),-1.0,38.3,nan,nan,nan,NEUTRAL,LOW,Last surprise: +0.3%,-1.0,-1.0,1.0,28,2026-10-28,0.26,0
2026-09-30T16:40:16,2026-09-30,BLK,HOLD,0,Composite Multi-Indicator,MEDIUM,3,0.07,nan,4.74,0.0,9.48,0.0,0.0,2027-01-06,0.41,0.64,100.0,22.78,7.7,-8.08,-11.86,98.0,1,2026-06-12 to 2026-09-28 (74 days),-1.0,45.5,nan,nan,nan,NEUTRAL,LOW,Last surprise: +9.6%; Earnings conf adj: +1,-1.0,-1.0,1.0,14,2026-10-14,9.61,1
2026-09-30T16:40:39,2026-09-30,ERIE,HOLD,0,Composite Multi-Indicator,MEDIUM,2,-0.13,nan,7.4,0.0,14.8,0.0,0.0,2027-01-10,0.29,0.4,100.0,8.27,2.52,7.72,-18.49,102.0,1,2026-06-12 to 2026-09-28 (74 days),-1.0,32.9,nan,nan,nan,NEUTRAL,LOW,Strong trend (ADX=49); Last surprise: +3.0%,-1.0,-1.0,1.0,29,2026-10-29,2.99,0
2026-09-30T16:40:19,2026-09-30,CASY,HOLD,0,MACD Crossover,MEDIUM,3,-0.23,nan,2.36,0.0,4.72,0.0,0.0,2026-10-13,0.75,1.24,50.0,37.32,11.91,85.8,-5.89,13.5,2,2026-06-12 to 2026-09-28 (74 days),-1.0,30.6,nan,nan,nan,NEUTRAL,LOW,Strong trend (ADX=47); Last surprise: +8.1%; Earnings conf adj: +1,-1.0,-1.0,1.0,69,2026-12-08,8.06,1
2026-09-30T16:40:34,2026-09-30,DOC,HOLD,0,52-Week High Momentum,MEDIUM,3,-0.26,nan,4.22,0.0,8.44,0.0,0.0,2026-11-27,0.14,0.2,100.0,14.86,0.95,4.17,-10.55,58.0,1,2026-06-12 to 2026-09-28 (74 days),-1.0,39.7,nan,nan,nan,NEUTRAL,LOW,Last surprise: +166.7%; Earnings conf adj: +1,-1.0,-1.0,1.0,22,2026-10-22,166.67,1
2026-09-30T16:42:29,2026-09-30,SIRI,HOLD,0,Multi-Factor Momentum MR,MEDIUM,2,-0.41,nan,5.79,0.0,11.58,0.0,0.0,2026-12-17,0.42,0.67,100.0,24.64,8.38,24.25,-14.48,78.0,1,2026-06-12 to 2026-09-28 (74 days),-1.0,32.7,nan,nan,nan,NEUTRAL,LOW,Strong trend (ADX=45),-1.0,-1.0,1.0,36,2026-11-05,,0
2026-09-30T16:43:07,2026-09-30,HGV,HOLD,1,VWAP Trend,LOW,1,-0.42,nan,4.87,nan,7.3,nan,0.0,2026-10-03,-0.82,-1.11,62.5,0.82,-13.97,55.71,-12.18,3.9,8,2026-06-12 to 2026-09-28 (74 days),-1.0,28.5,nan,nan,nan,NEUTRAL,LOW,RSI oversold; High volume; Strong trend (ADX=51),-1.0,-1.0,1.0,29,2026-10-29,,0
2026-09-30T16:40:24,2026-09-30,CMCSA,HOLD,0,EMA Crossover (9/21),MEDIUM,2,-0.52,nan,3.84,0.0,7.68,0.0,0.0,2026-10-17,0.19,0.24,66.7,1.19,1.68,31.77,-9.6,17.0,3,2026-06-12 to 2026-09-28 (74 days),-1.0,26.9,nan,nan,nan,NEUTRAL,LOW,RSI oversold; Strong trend (ADX=69); Last surprise: +7.2%; Earnings conf adj: +1,-1.0,-1.0,1.0,22,2026-10-22,7.22,1
2026-09-30T16:42:08,2026-09-30,DKS,HOLD,0,MACD Crossover,LOW,0,-0.52,nan,9.24,0.0,13.86,0.0,0.0,2026-10-14,-1.15,-1.66,33.3,0.21,-29.36,52.19,-23.09,14.3,3,2026-06-12 to 2026-09-28 (74 days),-1.0,41.8,nan,nan,nan,NEUTRAL,LOW,Strong trend (ADX=31); Last surprise: -6.1%; Earnings conf adj: -1,-1.0,-1.0,1.0,55,2026-11-24,-6.12,-1
2026-09-30T16:43:08,2026-09-30,EEFT,HOLD,0,Momentum (Rate of Change),MEDIUM,2,-0.66,nan,5.9,0.0,11.8,0.0,0.0,2026-11-03,-0.03,-0.04,100.0,2.83,-4.44,4.24,-14.75,34.0,1,2026-06-12 to 2026-09-28 (74 days),-1.0,36.4,nan,nan,nan,NEUTRAL,LOW,No special conditions,-1.0,-1.0,1.0,21,2026-10-21,,0
2026-09-30T16:42:41,2026-09-30,LNTH,HOLD,0,Stochastic Oscillator,LOW,1,-0.69,nan,2.0,0.0,3.0,0.0,0.0,2026-11-28,-0.45,-0.81,100.0,0.0,-2.05,12.87,-1.83,59.0,1,2026-06-12 to 2026-09-28 (74 days),-1.0,39.7,nan,nan,nan,NEUTRAL,LOW,No special conditions,-1.0,-1.0,1.0,36,2026-11-05,,0
2026-09-30T16:41:57,2026-09-30,CW,HOLD,0,Momentum (Rate of Change),LOW,0,-0.88,nan,8.04,0.0,12.06,0.0,0.0,2026-10-13,-3.07,-3.61,33.3,0.05,-47.96,22.43,-20.1,13.0,3,2026-06-12 to 2026-09-28 (74 days),-1.0,25.1,nan,nan,nan,NEUTRAL,LOW,RSI oversold; Strong trend (ADX=46); Last surprise: +2.8%,-1.0,-1.0,1.0,35,2026-11-04,2.76,0
2026-09-30T16:42:24,2026-09-30,ONB,HOLD,0,52-Week High Momentum,MEDIUM,2,-1.13,nan,3.54,0.0,7.08,0.0,0.0,2027-01-13,0.5,0.72,100.0,22.89,7.74,4.81,-8.84,105.0,1,2026-06-12 to 2026-09-28 (74 days),-1.0,44.7,nan,nan,nan,NEUTRAL,LOW,Strong trend (ADX=33),-1.0,-1.0,1.0,21,2026-10-21,,0
2026-09-30T16:41:20,2026-09-30,ORCL,HOLD,0,Composite Multi-Indicator,HIGH,5,-1.43,nan,7.4,0.0,14.8,0.0,0.0,2026-12-05,1.35,2.31,100.0,152.14,62.4,129.82,-18.49,66.0,1,2026-06-12 to 2026-09-28 (74 days),-1.0,37.3,nan,nan,nan,NEUTRAL,LOW,Last surprise: +10.3%; Earnings conf adj: +1,-1.0,-1.0,1.0,71,2026-12-10,10.34,1
2026-09-30T16:41:23,2026-09-30,PEG,BUY,1,ADX Trend Following,MEDIUM,2,-1.43,nan,2.67,nan,5.34,nan,9.56,2026-10-09,-0.74,-0.96,66.7,0.7,-6.58,37.53,-6.67,9.3,3,2026-06-12 to 2026-09-28 (74 days),0.29,22.5,nan,nan,nan,NEUTRAL,LOW,RSI oversold; Strong trend (ADX=62); Last surprise: +7.5%; Earnings conf adj: +1,-1.0,-1.0,1.0,33,2026-11-02,7.5,1
2026-09-30T16:40:17,2026-09-30,BNY,HOLD,0,52-Week High Momentum,HIGH,4,-1.46,nan,4.02,0.0,8.04,0.0,0.0,2027-01-13,0.78,1.17,100.0,44.83,15.92,3.28,-10.04,105.0,1,2026-06-12 to 2026-09-28 (74 days),-1.0,28.6,nan,nan,nan,NEUTRAL,LOW,RSI oversold; Strong trend (ADX=40); Last surprise: +10.8%; Earnings conf adj: +1,-1.0,-1.0,1.0,15,2026-10-15,10.81,1
2026-09-30T16:40:23,2026-09-30,CLX,HOLD,0,Momentum (Rate of Change),LOW,1,-1.53,nan,5.32,0.0,7.98,0.0,0.0,2026-12-17,-0.03,-0.05,100.0,0.04,-5.05,37.71,-13.3,78.0,1,2026-06-12 to 2026-09-28 (74 days),-1.0,30.9,nan,nan,nan,NEUTRAL,LOW,Strong trend (ADX=65); Last surprise: +0.6%,-1.0,-1.0,1.0,34,2026-11-03,0.61,0
2026-09-30T16:41:26,2026-09-30,PPL,HOLD,1,ADX Trend Following,LOW,0,-1.58,nan,2.69,nan,4.04,nan,0.0,2026-10-07,-0.47,-0.72,50.0,0.76,-6.39,23.26,-6.73,7.8,4,2026-06-12 to 2026-09-28 (74 days),-1.0,27.9,nan,nan,nan,NEUTRAL,LOW,RSI oversold; Strong trend (ADX=48); Last surprise: -2.9%,-1.0,-1.0,1.0,35,2026-11-04,-2.94,0
2026-09-30T16:43:06,2026-09-30,FOUR,HOLD,0,VWAP Trend,MEDIUM,3,-1.71,nan,7.54,0.0,15.08,0.0,0.0,2026-10-06,1.42,2.43,50.0,1.93,93.71,124.41,-18.86,6.8,12,2026-06-12 to 2026-09-28 (74 days),-1.0,34.3,nan,nan,nan,NEUTRAL,LOW,Strong trend (ADX=32),-1.0,-1.0,1.0,36,2026-11-05,,0
2026-09-30T16:40:22,2026-09-30,CEG,BUY,1,SMA Crossover (10/50),MEDIUM,3,-1.73,nan,5.93,nan,11.86,nan,10.0,2026-11-24,0.14,0.2,100.0,1.75,0.26,-9.69,-14.83,55.0,1,2026-06-12 to 2026-09-28 (74 days),0.377,41.8,nan,nan,nan,NEUTRAL,LOW,Strong trend (ADX=39); Last surprise: +11.8%; Earnings conf adj: +1,-1.0,-1.0,1.0,40,2026-11-09,11.84,1
2026-09-30T16:40:37,2026-09-30,EFX,HOLD,0,Momentum (Rate of Change),LOW,1,-2.15,nan,5.12,0.0,7.68,0.0,0.0,2026-12-03,-0.03,-0.04,100.0,0.02,-6.68,25.65,-12.8,64.0,1,2026-06-12 to 2026-09-28 (74 days),-1.0,23.8,nan,nan,nan,NEUTRAL,LOW,RSI oversold; High volume; Strong trend (ADX=46); Last surprise: +2.3%,-1.0,-1.0,1.0,20,2026-10-20,2.27,0
2026-09-30T16:42:11,2026-09-30,GGG,HOLD,0,Momentum (Rate of Change),LOW,1,-2.2,nan,2.32,0.0,3.48,0.0,0.0,2026-11-02,-0.16,-0.25,100.0,0.26,-2.3,-21.85,-5.79,33.0,1,2026-06-12 to 2026-09-28 (74 days),-1.0,52.4,nan,nan,nan,NEUTRAL,LOW,Strong trend (ADX=33),-1.0,-1.0,1.0,21,2026-10-21,,0
2026-09-30T16:42:25,2026-09-30,BSY,HOLD,0,Momentum (Rate of Change),MEDIUM,2,-2.2,nan,5.45,0.0,10.9,0.0,0.0,2026-12-03,0.05,0.08,100.0,6.36,-3.96,-11.93,-13.63,64.0,1,2026-06-12 to 2026-09-28 (74 days),-1.0,39.7,nan,nan,nan,NEUTRAL,LOW,No special conditions,-1.0,-1.0,1.0,35,2026-11-04,,0
2026-09-30T16:42:28,2026-09-30,R,HOLD,0,VWAP Trend,LOW,0,-2.28,nan,2.0,0.0,3.0,0.0,0.0,2026-10-01,-1.78,-2.18,33.3,0.48,-13.66,32.04,-4.68,1.2,9,2026-06-12 to 2026-09-28 (74 days),-1.0,30.5,nan,nan,nan,NEUTRAL,LOW,Strong trend (ADX=38),-1.0,-1.0,1.0,22,2026-10-22,,0
2026-09-30T16:41:40,2026-09-30,TPR,HOLD,1,ADX Trend Following,LOW,1,-2.31,nan,8.83,nan,13.24,nan,0.0,2026-10-07,-0.8,-0.87,75.0,0.34,-29.53,29.45,-22.08,7.5,4,2026-06-12 to 2026-09-28 (74 days),-1.0,35.2,nan,nan,nan,NEUTRAL,LOW,Strong trend (ADX=48); Last surprise: +3.1%,-1.0,-1.0,1.0,36,2026-11-05,3.13,0
2026-09-30T16:40:13,2026-09-30,AXP,HOLD,1,ADX Trend Following,LOW,1,-2.34,nan,2.49,nan,3.74,nan,0.0,2026-10-15,0.06,0.09,66.7,1.11,-0.33,17.75,-6.22,15.7,3,2026-06-12 to 2026-09-28 (74 days),-1.0,34.9,nan,nan,nan,NEUTRAL,LOW,Strong trend (ADX=42); Last surprise: +3.0%,-1.0,-1.0,1.0,23,2026-10-23,2.95,0
2026-09-30T16:42:53,2026-09-30,FLG,HOLD,1,VWAP Trend,LOW,0,-2.38,nan,2.0,nan,3.0,nan,0.0,2026-10-02,-0.57,-0.78,54.5,0.95,-6.13,46.27,-4.95,2.5,11,2026-06-12 to 2026-09-28 (74 days),-1.0,22.7,nan,nan,nan,NEUTRAL,LOW,RSI oversold; Strong trend (ADX=34),-1.0,-1.0,1.0,23,2026-10-23,,0
2026-09-30T16:41:20,2026-09-30,ON,HOLD,1,ADX Trend Following,LOW,0,-2.43,nan,7.61,nan,11.42,nan,0.0,2026-10-05,-1.74,-2.19,50.0,0.21,-39.38,38.29,-19.03,5.2,4,2026-06-12 to 2026-09-28 (74 days),-1.0,52.0,nan,nan,nan,NEUTRAL,LOW,Last surprise: +2.8%,-1.0,-1.0,1.0,33,2026-11-02,2.78,0
2026-09-30T16:40:19,2026-09-30,CARR,HOLD,0,MACD Crossover,LOW,0,-2.47,nan,3.43,0.0,5.14,0.0,0.0,2026-10-06,-2.25,-2.64,50.0,0.21,-22.16,31.14,-8.57,6.0,2,2026-06-12 to 2026-09-28 (74 days),-1.0,41.7,nan,nan,nan,NEUTRAL,LOW,Last surprise: +4.9%,-1.0,-1.0,1.0,27,2026-10-27,4.88,0
2026-09-30T16:40:58,2026-09-30,INVH,BUY,1,ADX Trend Following,HIGH,4,-2.49,nan,2.08,nan,4.16,nan,10.0,2026-10-21,1.21,1.91,50.0,5.72,15.16,41.98,-5.2,21.5,2,2026-06-12 to 2026-09-28 (74 days),0.639,26.0,nan,nan,nan,NEUTRAL,LOW,RSI oversold; Strong trend (ADX=76); Last surprise: +7.1%; Earnings conf adj: +1,-1.0,-1.0,1.0,28,2026-10-28,7.14,1
2026-09-30T16:41:17,2026-09-30,NOC,HOLD,0,Composite Multi-Indicator,MEDIUM,2,-2.93,nan,5.54,0.0,11.08,0.0,0.0,2027-01-06,0.11,0.17,100.0,0.52,-0.17,23.92,-13.84,98.0,1,2026-06-12 to 2026-09-28 (74 days),-1.0,35.6,nan,nan,nan,NEUTRAL,LOW,Strong trend (ADX=37); Last surprise: +12.6%; Earnings conf adj: +1,-1.0,-1.0,1.0,20,2026-10-20,12.61,1
2026-09-30T16:40:45,2026-09-30,FISV,BUY,1,ADX Trend Following,MEDIUM,2,-2.96,nan,3.03,nan,6.06,nan,10.0,2026-10-18,0.76,1.31,50.0,5.36,16.9,58.5,-7.57,18.0,2,2026-06-12 to 2026-09-28 (74 days),0.048,33.7,nan,nan,nan,NEUTRAL,LOW,Strong trend (ADX=34); Last surprise: -3.7%,-1.0,-1.0,1.0,28,2026-10-28,-3.66,0
2026-09-30T16:42:57,2026-09-30,PSN,HOLD,0,Stochastic Oscillator,MEDIUM,3,-3.02,nan,2.98,0.0,4.47,0.0,0.0,2026-10-10,1.23,2.46,50.0,2.59,29.85,95.52,-7.46,10.5,2,2026-06-12 to 2026-09-28 (74 days),-1.0,32.4,nan,nan,nan,NEUTRAL,LOW,Strong trend (ADX=40),-1.0,-1.0,1.0,35,2026-11-04,,0
2026-09-30T16:42:24,2026-09-30,WTFC,HOLD,1,ADX Trend Following,LOW,0,-3.7,nan,2.19,nan,3.28,nan,0.0,2026-10-12,-0.71,-0.96,33.3,0.32,-8.55,19.95,-5.47,12.3,3,2026-06-12 to 2026-09-28 (74 days),-1.0,32.5,nan,nan,nan,NEUTRAL,LOW,Strong trend (ADX=43),-1.0,-1.0,1.0,19,2026-10-19,,0
2026-09-30T16:42:15,2026-09-30,GWRE,BUY,1,SMA Crossover (10/50),MEDIUM,2,-3.76,nan,10.0,nan,20.0,nan,10.0,2026-12-04,0.47,0.62,100.0,29.35,9.72,-69.72,-31.95,65.0,1,2026-06-12 to 2026-09-28 (74 days),0.94,39.9,nan,nan,nan,NEUTRAL,LOW,Strong trend (ADX=32),-1.0,-1.0,1.0,64,2026-12-03,,0
2026-09-30T16:42:26,2026-09-30,ALSN,HOLD,0,EMA Crossover (9/21),LOW,1,-3.92,nan,4.74,0.0,7.11,0.0,0.0,2026-10-22,0.16,0.24,66.7,1.28,0.17,9.91,-11.86,22.7,3,2026-06-12 to 2026-09-28 (74 days),-1.0,35.4,nan,nan,nan,NEUTRAL,LOW,Strong trend (ADX=41),-1.0,-1.0,1.0,29,2026-10-29,,0
2026-09-30T16:40:15,2026-09-30,BF-B,HOLD,0,MACD Crossover,MEDIUM,3,-3.94,nan,2.32,0.0,4.64,0.0,0.0,2026-10-11,1.13,2.19,50.0,60.34,20.71,30.08,-5.79,11.0,2,2026-06-12 to 2026-09-28 (74 days),-1.0,44.3,nan,nan,nan,NEUTRAL,LOW,Last surprise: +2.7%,-1.0,-1.0,1.0,64,2026-12-03,2.7,0
2026-09-30T16:40:43,2026-09-30,FICO,HOLD,0,Stochastic Oscillator,MEDIUM,2,-4.38,nan,7.97,0.0,11.96,0.0,0.0,2026-10-19,0.63,1.09,66.7,1.48,15.9,84.78,-19.93,19.3,3,2026-06-12 to 2026-09-28 (74 days),-1.0,27.8,nan,nan,nan,NEUTRAL,LOW,RSI oversold; High volume; Strong trend (ADX=44); Last surprise: +3.4%,-1.0,-1.0,1.0,35,2026-11-04,3.4,0
2026-09-30T16:40:18,2026-09-30,BXP,HOLD,0,VWAP Trend,MEDIUM,2,-4.4,nan,2.63,0.0,5.26,0.0,0.0,2026-10-02,-0.32,-0.49,57.1,0.89,-5.07,10.59,-6.57,2.9,7,2026-06-12 to 2026-09-28 (74 days),-1.0,37.6,nan,nan,nan,NEUTRAL,LOW,Strong trend (ADX=31); Last surprise: +16.3%; Earnings conf adj: +1,-1.0,-1.0,1.0,27,2026-10-27,16.28,1
2026-09-30T16:42:44,2026-09-30,CAVA,HOLD,1,SMA Crossover (10/50),LOW,0,-4.4,nan,2.54,nan,3.81,nan,0.0,2026-10-06,0.21,0.35,50.0,1.45,2.09,88.0,-6.34,6.0,2,2026-06-12 to 2026-09-28 (74 days),-1.0,33.6,nan,nan,nan,NEUTRAL,LOW,Strong trend (ADX=34),-1.0,-1.0,1.0,41,2026-11-10,,0
2026-09-30T16:42:17,2026-09-30,AHR,HOLD,0,Stochastic Oscillator,LOW,0,-4.42,nan,2.59,0.0,3.88,0.0,0.0,2026-10-15,-1.06,-1.4,50.0,0.66,-8.48,-53.68,-6.47,15.5,2,2026-06-12 to 2026-09-28 (74 days),-1.0,36.2,nan,nan,nan,NEUTRAL,LOW,Strong trend (ADX=44),-1.0,-1.0,1.0,36,2026-11-05,,0
2026-09-30T16:40:55,2026-09-30,HSY,HOLD,0,MACD Crossover,MEDIUM,3,-4.73,nan,2.33,0.0,4.66,0.0,0.0,2026-10-25,0.57,0.81,50.0,2.62,9.37,36.57,-5.83,25.5,2,2026-06-12 to 2026-09-28 (74 days),-1.0,29.9,nan,nan,nan,NEUTRAL,LOW,RSI oversold; Strong trend (ADX=50); Last surprise: +32.9%; Earnings conf adj: +1,-1.0,-1.0,1.0,36,2026-11-05,32.87,1
2026-09-30T16:43:05,2026-09-30,KNF,HOLD,0,MACD Crossover,LOW,0,-4.92,nan,5.86,0.0,8.79,0.0,0.0,2026-10-04,-1.85,-2.25,50.0,0.47,-27.8,43.89,-14.66,4.2,4,2026-06-12 to 2026-09-28 (74 days),-1.0,32.9,nan,nan,nan,NEUTRAL,LOW,Strong trend (ADX=62),-1.0,-1.0,1.0,34,2026-11-03,,0
2026-09-30T16:42:33,2026-09-30,COLB,HOLD,0,VWAP Trend,LOW,1,-4.94,nan,2.0,0.0,3.0,0.0,0.0,2026-10-02,-0.61,-0.74,55.6,0.91,-5.35,14.04,-2.98,2.3,9,2026-06-12 to 2026-09-28 (74 days),-1.0,39.1,nan,nan,nan,NEUTRAL,LOW,Strong trend (ADX=35),-1.0,-1.0,1.0,22,2026-10-22,,0
2026-09-30T16:42:24,2026-09-30,OC,HOLD,0,MACD Crossover,MEDIUM,2,-5.21,nan,5.42,0.0,10.84,0.0,0.0,2026-10-19,0.91,1.96,50.0,4.85,33.3,29.66,-13.54,19.0,2,2026-06-12 to 2026-09-28 (74 days),-1.0,36.5,nan,nan,nan,NEUTRAL,LOW,Strong trend (ADX=33),-1.0,-1.0,1.0,35,2026-11-04,,0
2026-09-30T16:41:34,2026-09-30,SPGI,HOLD,0,Stochastic Oscillator,MEDIUM,2,-5.25,nan,4.71,0.0,7.06,0.0,0.0,2026-10-18,0.92,1.89,33.3,2.11,21.97,21.54,-11.78,18.7,3,2026-06-12 to 2026-09-28 (74 days),-1.0,36.1,nan,nan,nan,NEUTRAL,LOW,High volume; Strong trend (ADX=33); Last surprise: -3.0%,-1.0,-1.0,1.0,27,2026-10-27,-2.99,0
2026-09-30T16:40:54,2026-09-30,HRL,HOLD,1,ADX Trend Following,LOW,1,-5.8,nan,2.0,nan,3.0,nan,0.0,2026-10-05,-1.09,-1.33,50.0,0.01,-5.96,44.36,-3.06,5.0,2,2026-06-12 to 2026-09-28 (74 days),-1.0,27.7,nan,nan,nan,NEUTRAL,LOW,RSI oversold; Strong trend (ADX=59); Last surprise: +5.7%; Earnings conf adj: +1,-1.0,-1.0,1.0,-34,2026-08-27,5.71,1
2026-09-30T16:43:09,2026-09-30,RH,HOLD,1,ADX Trend Following,LOW,0,-5.9,nan,5.94,nan,8.91,nan,0.0,2026-10-19,0.33,0.57,50.0,1.36,5.84,60.01,-14.85,19.0,2,2026-06-12 to 2026-09-28 (74 days),-1.0,31.8,nan,nan,nan,NEUTRAL,LOW,Strong trend (ADX=39),-1.0,-1.0,1.0,71,2026-12-10,,0
2026-09-30T16:40:25,2026-09-30,COHR,HOLD,0,VWAP Trend,MEDIUM,3,-6.14,nan,8.22,0.0,16.44,0.0,0.0,2026-10-02,0.98,1.5,50.0,1.51,48.34,114.02,-20.55,2.3,10,2026-06-12 to 2026-09-28 (74 days),-1.0,45.7,nan,nan,nan,NEUTRAL,LOW,Last surprise: +7.4%; Earnings conf adj: +1,-1.0,-1.0,1.0,35,2026-11-04,7.41,1
2026-09-30T16:40:42,2026-09-30,FDX,HOLD,0,MACD Crossover,LOW,0,-6.34,nan,2.0,0.0,3.0,0.0,0.0,2026-10-16,0.07,0.14,50.0,1.18,0.16,40.09,-4.36,16.5,2,2026-06-12 to 2026-09-28 (74 days),-1.0,35.9,nan,nan,nan,NEUTRAL,LOW,Strong trend (ADX=68); Last surprise: +6.6%,-1.0,-1.0,1.0,28,2026-10-28,6.59,0
2026-09-30T16:41:47,2026-09-30,VST,HOLD,0,Stochastic Oscillator,LOW,0,-6.75,nan,5.2,0.0,7.8,0.0,0.0,2026-10-20,-0.09,-0.11,0.0,0.0,-5.29,15.34,-13.01,20.5,2,2026-06-12 to 2026-09-28 (74 days),-1.0,42.1,nan,nan,nan,NEUTRAL,LOW,Last surprise: -53.4%; Earnings conf adj: -1,-1.0,-1.0,1.0,37,2026-11-06,-53.37,-1
2026-09-30T16:42:09,2026-09-30,ULS,HOLD,0,EMA Crossover (9/21),LOW,0,-6.84,nan,3.94,0.0,5.91,0.0,0.0,2026-10-03,-2.12,-2.12,50.0,0.08,-28.11,46.82,-9.84,3.5,2,2026-06-12 to 2026-09-28 (74 days),-1.0,29.1,nan,nan,nan,NEUTRAL,LOW,RSI oversold; Strong trend (ADX=57),-1.0,-1.0,1.0,34,2026-11-03,,0
2026-09-30T16:42:04,2026-09-30,LAMR,HOLD,0,VWAP Trend,LOW,0,-6.9,nan,2.92,0.0,4.38,0.0,0.0,2026-10-03,-1.26,-1.42,33.3,0.53,-12.79,0.28,-7.29,3.7,6,2026-06-12 to 2026-09-28 (74 days),-1.0,40.0,nan,nan,nan,NEUTRAL,LOW,Strong trend (ADX=37); Last surprise: -1.3%,-1.0,-1.0,1.0,36,2026-11-05,-1.27,0
2026-09-30T16:42:43,2026-09-30,HR,HOLD,-1,VWAP Trend,LOW,0,-7.17,nan,2.69,nan,4.04,nan,0.0,2026-10-02,-2.48,-2.96,50.0,0.36,-14.45,21.39,-6.72,2.1,10,2026-06-12 to 2026-09-28 (74 days),-1.0,27.3,nan,nan,nan,NEUTRAL,LOW,RSI oversold; Strong trend (ADX=41),-1.0,-1.0,1.0,29,2026-10-29,,0
2026-09-30T16:42:52,2026-09-30,KRG,HOLD,0,VWAP Trend,LOW,0,-7.17,nan,3.95,0.0,5.93,0.0,0.0,2026-10-01,-2.86,-3.32,50.0,0.45,-24.62,16.58,-9.88,1.8,14,2026-06-12 to 2026-09-28 (74 days),-1.0,25.8,nan,nan,nan,NEUTRAL,LOW,RSI oversold; Strong trend (ADX=47),-1.0,-1.0,1.0,35,2026-11-04,,0
2026-09-30T16:42:42,2026-09-30,TEX,HOLD,1,VWAP Trend,LOW,0,-7.22,nan,3.71,nan,5.56,nan,0.0,2026-10-03,0.33,0.5,33.3,1.43,5.01,42.65,-9.27,3.7,6,2026-06-12 to 2026-09-28 (74 days),-1.0,32.6,nan,nan,nan,NEUTRAL,LOW,High volume; Strong trend (ADX=33),-1.0,-1.0,1.0,29,2026-10-29,,0
2026-09-30T16:42:52,2026-09-30,NJR,HOLD,0,VWAP Trend,LOW,0,-7.26,nan,4.74,0.0,7.11,0.0,0.0,2026-10-03,-3.18,-3.57,44.4,0.25,-29.7,-5.74,-11.84,3.0,9,2026-06-12 to 2026-09-28 (74 days),-1.0,25.4,nan,nan,nan,NEUTRAL,LOW,RSI oversold; Strong trend (ADX=36),-1.0,-1.0,1.0,47,2026-11-16,,0
2026-09-30T16:43:09,2026-09-30,MMS,BUY,1,VWAP Trend,MEDIUM,2,-7.44,nan,3.76,nan,7.52,nan,6.88,2026-10-11,0.85,1.21,42.9,1.96,23.03,67.91,-9.39,11.6,7,2026-06-12 to 2026-09-28 (74 days),0.698,30.9,nan,nan,nan,NEUTRAL,LOW,Strong trend (ADX=36),-1.0,-1.0,1.0,50,2026-11-19,,0
2026-09-30T16:40:06,2026-09-30,ALB,HOLD,0,MACD Crossover,LOW,1,-7.45,nan,5.86,0.0,8.79,0.0,0.0,2026-10-26,-0.38,-0.55,50.0,0.67,-15.3,64.15,-14.65,26.0,2,2026-06-12 to 2026-09-28 (74 days),-1.0,35.3,nan,nan,nan,NEUTRAL,LOW,Strong trend (ADX=46); Last surprise: +15.7%; Earnings conf adj: +1,-1.0,-1.0,1.0,35,2026-11-04,15.74,1
2026-09-30T16:42:51,2026-09-30,WH,HOLD,0,Stochastic Oscillator,LOW,0,-7.46,nan,3.89,0.0,5.84,0.0,0.0,2026-11-04,-0.41,-0.56,0.0,0.0,-9.41,20.37,-9.73,35.0,2,2026-06-12 to 2026-09-28 (74 days),-1.0,51.2,nan,nan,nan,NEUTRAL,LOW,Strong trend (ADX=34),-1.0,-1.0,1.0,21,2026-10-21,,0
2026-09-30T16:43:10,2026-09-30,OLN,HOLD,1,ADX Trend Following,LOW,0,-7.65,nan,2.58,nan,3.87,nan,0.0,2026-10-08,-1.75,-2.01,50.0,0.1,-15.42,62.45,-6.46,8.5,2,2026-06-12 to 2026-09-28 (74 days),-1.0,33.3,nan,nan,nan,NEUTRAL,LOW,No special conditions,-1.0,-1.0,1.0,29,2026-10-29,,0
2026-09-30T16:42:59,2026-09-30,NWE,HOLD,-1,VWAP Trend,LOW,0,-7.78,nan,2.18,nan,3.27,nan,0.0,2026-10-01,-1.86,-2.28,50.0,0.62,-14.13,-6.13,-5.46,1.8,12,2026-06-12 to 2026-09-28 (74 days),-1.0,42.5,nan,nan,nan,NEUTRAL,LOW,No special conditions,-1.0,-1.0,1.0,28,2026-10-28,,0
2026-09-30T16:42:35,2026-09-30,CNM,HOLD,0,VWAP Trend,LOW,0,-7.79,nan,6.39,0.0,9.58,0.0,0.0,2026-10-07,-0.88,-1.16,45.5,0.73,-25.27,11.14,-15.97,7.1,11,2026-06-12 to 2026-09-28 (74 days),-1.0,46.1,nan,nan,nan,NEUTRAL,LOW,No special conditions,-1.0,-1.0,1.0,69,2026-12-08,,0
2026-09-30T16:42:37,2026-09-30,SARO,HOLD,1,ADX Trend Following,LOW,0,-7.8,nan,5.56,nan,8.34,nan,0.0,2026-10-28,-0.04,-0.05,50.0,1.01,-4.5,43.87,-13.91,28.5,2,2026-06-12 to 2026-09-28 (74 days),-1.0,33.1,nan,nan,nan,NEUTRAL,LOW,Strong trend (ADX=33),-1.0,-1.0,1.0,41,2026-11-10,,0
2026-09-30T16:40:38,2026-09-30,EQIX,HOLD,0,Stochastic Oscillator,MEDIUM,3,-8.01,nan,2.81,0.0,4.22,0.0,0.0,2026-11-02,0.59,0.91,50.0,2.27,11.6,24.07,-7.03,33.0,2,2026-06-12 to 2026-09-28 (74 days),-1.0,43.0,nan,nan,nan,NEUTRAL,LOW,Last surprise: +6.2%; Earnings conf adj: +1,-1.0,-1.0,1.0,28,2026-10-28,6.25,1
2026-09-30T16:42:33,2026-09-30,WAL,HOLD,1,ADX Trend Following,LOW,0,-8.05,nan,2.0,nan,3.0,nan,0.0,2026-10-09,0.24,0.42,50.0,1.33,1.63,26.76,-4.08,9.0,2,2026-06-12 to 2026-09-28 (74 days),-1.0,40.9,nan,nan,nan,NEUTRAL,LOW,Strong trend (ADX=34),-1.0,-1.0,1.0,21,2026-10-21,,0
2026-09-30T16:42:30,2026-09-30,BRX,HOLD,1,ADX Trend Following,LOW,0,-8.07,nan,2.0,nan,3.0,nan,0.0,2026-10-02,-1.57,-1.78,50.0,0.36,-9.17,29.49,-4.47,2.5,2,2026-06-12 to 2026-09-28 (74 days),-1.0,34.4,nan,nan,nan,NEUTRAL,LOW,Strong trend (ADX=38),-1.0,-1.0,1.0,26,2026-10-26,,0
2026-09-30T16:43:07,2026-09-30,SMG,HOLD,1,ADX Trend Following,LOW,0,-8.22,nan,5.35,nan,8.02,nan,0.0,2026-10-31,0.3,0.52,50.0,1.35,4.55,59.44,-13.37,31.5,2,2026-06-12 to 2026-09-28 (74 days),-1.0,21.7,nan,nan,nan,NEUTRAL,LOW,RSI oversold; High volume; Strong trend (ADX=61),-1.0,-1.0,1.0,35,2026-11-04,,0
2026-09-30T16:42:23,2026-09-30,WMS,HOLD,0,MACD Crossover,LOW,0,-8.25,nan,2.5,0.0,3.75,0.0,0.0,2026-10-06,-0.88,-1.36,33.3,0.13,-15.89,-6.08,-6.24,6.7,3,2026-06-12 to 2026-09-28 (74 days),-1.0,46.5,nan,nan,nan,NEUTRAL,LOW,Strong trend (ADX=31),-1.0,-1.0,1.0,36,2026-11-05,,0
2026-09-30T16:41:53,2026-09-30,ZTS,HOLD,1,SMA Crossover (10/50),LOW,1,-8.42,nan,2.32,nan,3.48,nan,0.0,2026-10-10,0.29,0.48,50.0,1.52,2.55,31.98,-5.79,10.5,2,2026-06-12 to 2026-09-28 (74 days),-1.0,41.5,nan,nan,nan,NEUTRAL,LOW,Strong trend (ADX=33); Last surprise: +1.1%,-1.0,-1.0,1.0,36,2026-11-05,1.08,0
2026-09-30T16:41:05,2026-09-30,LHX,HOLD,1,ADX Trend Following,LOW,1,-8.45,nan,3.3,nan,4.95,nan,0.0,2026-10-17,-0.98,-1.39,50.0,0.17,-16.06,42.28,-8.25,17.5,2,2026-06-12 to 2026-09-28 (74 days),-1.0,23.8,nan,nan,nan,NEUTRAL,LOW,RSI oversold; Strong trend (ADX=64); Last surprise: +27.8%; Earnings conf adj: +1,-1.0,-1.0,1.0,29,2026-10-29,27.82,1
2026-09-30T16:40:12,2026-09-30,AXON,HOLD,0,EMA Crossover (9/21),MEDIUM,2,-8.62,nan,10.0,0.0,20.0,0.0,0.0,2026-11-01,0.7,1.02,50.0,2.76,27.4,40.06,-25.37,32.0,2,2026-06-12 to 2026-09-28 (74 days),-1.0,32.9,nan,nan,nan,NEUTRAL,LOW,Strong trend (ADX=52); Last surprise: +2.2%,-1.0,-1.0,1.0,34,2026-11-03,2.17,0
2026-09-30T16:41:49,2026-09-30,WEC,HOLD,0,VWAP Trend,MEDIUM,3,-8.66,nan,2.0,0.0,4.0,0.0,0.0,2026-10-02,0.95,1.65,37.5,1.77,7.08,37.01,-3.84,2.6,8,2026-06-12 to 2026-09-28 (74 days),-1.0,33.5,nan,nan,nan,NEUTRAL,LOW,Strong trend (ADX=55); Last surprise: +12.3%; Earnings conf adj: +1,-1.0,-1.0,1.0,29,2026-10-29,12.35,1
2026-09-30T16:40:40,2026-09-30,EXC,HOLD,0,Momentum (Rate of Change),LOW,0,-8.92,nan,2.32,0.0,3.48,0.0,0.0,2026-10-17,-0.83,-1.21,50.0,0.29,-10.88,24.59,-5.79,17.5,2,2026-06-12 to 2026-09-28 (74 days),-1.0,24.4,nan,nan,nan,NEUTRAL,LOW,RSI oversold; High volume; Strong trend (ADX=60); Last surprise: -4.4%,-1.0,-1.0,1.0,34,2026-11-03,-4.44,0
2026-09-30T16:43:02,2026-09-30,THO,HOLD,0,EMA Crossover (9/21),LOW,0,-9.07,nan,2.65,0.0,3.97,0.0,0.0,2026-10-25,-0.1,-0.15,50.0,0.41,-4.7,17.05,-6.63,25.0,2,2026-06-12 to 2026-09-28 (74 days),-1.0,44.6,nan,nan,nan,NEUTRAL,LOW,No special conditions,-1.0,-1.0,1.0,63,2026-12-02,,0
2026-09-30T16:43:04,2026-09-30,POST,HOLD,1,ADX Trend Following,LOW,0,-9.17,nan,8.22,nan,12.33,nan,0.0,2026-10-10,-2.06,-2.25,50.0,0.32,-47.29,5.65,-20.55,10.5,4,2026-06-12 to 2026-09-28 (74 days),-1.0,36.8,nan,nan,nan,NEUTRAL,LOW,Strong trend (ADX=38),-1.0,-1.0,1.0,50,2026-11-19,,0
2026-09-30T16:42:12,2026-09-30,BWA,HOLD,0,MACD Crossover,LOW,0,-9.2,nan,3.53,0.0,5.3,0.0,0.0,2026-10-17,-0.06,-0.1,50.0,0.89,-3.81,45.4,-8.82,17.5,2,2026-06-12 to 2026-09-28 (74 days),-1.0,42.3,nan,nan,nan,NEUTRAL,LOW,Strong trend (ADX=37),-1.0,-1.0,1.0,29,2026-10-29,,0
2026-09-30T16:42:31,2026-09-30,CUBE,HOLD,0,Momentum (Rate of Change),LOW,0,-9.2,nan,2.17,0.0,3.26,0.0,0.0,2026-10-25,-0.88,-1.23,50.0,0.37,-13.86,15.39,-5.43,25.5,2,2026-06-12 to 2026-09-28 (74 days),-1.0,30.0,nan,nan,nan,NEUTRAL,LOW,RSI oversold; Strong trend (ADX=39),-1.0,-1.0,1.0,29,2026-10-29,,0
2026-09-30T16:40:20,2026-09-30,CCI,HOLD,0,VWAP Trend,LOW,1,-9.3,nan,6.83,0.0,10.24,0.0,0.0,2026-10-05,-2.09,-2.55,42.9,0.35,-47.57,15.85,-17.07,5.6,14,2026-06-12 to 2026-09-28 (74 days),-1.0,27.4,nan,nan,nan,NEUTRAL,LOW,RSI oversold; Strong trend (ADX=47); Last surprise: +35.3%; Earnings conf adj: +1,-1.0,-1.0,1.0,21,2026-10-21,35.29,1
2026-09-30T16:40:48,2026-09-30,GL,EXIT,-1,VWAP Trend,HIGH,4,-9.4,nan,2.0,nan,4.0,nan,10.0,2026-10-02,1.29,2.43,55.6,2.24,8.5,8.01,-3.07,2.6,9,2026-06-12 to 2026-09-28 (74 days),-1.0,34.2,nan,nan,nan,NEUTRAL,LOW,Last surprise: -1.9%,-1.0,-1.0,1.0,21,2026-10-21,-1.9,0
2026-09-30T16:40:40,2026-09-30,ETR,HOLD,0,EMA Crossover (9/21),LOW,0,-9.44,nan,3.3,0.0,4.95,0.0,0.0,2026-10-21,-0.93,-1.15,50.0,0.52,-12.24,21.35,-8.26,21.0,2,2026-06-12 to 2026-09-28 (74 days),-1.0,26.6,nan,nan,nan,NEUTRAL,LOW,RSI oversold; Strong trend (ADX=58); Last surprise: +2.0%,-1.0,-1.0,1.0,29,2026-10-29,1.98,0
2026-09-30T16:41:10,2026-09-30,MCD,HOLD,1,ADX Trend Following,LOW,0,-9.47,nan,2.69,nan,4.04,nan,0.0,2026-10-23,-0.99,-1.34,50.0,0.07,-14.7,33.6,-6.73,23.5,2,2026-06-12 to 2026-09-28 (74 days),-1.0,23.0,nan,nan,nan,NEUTRAL,LOW,RSI oversold; Strong trend (ADX=61); Last surprise: +1.8%,-1.0,-1.0,1.0,36,2026-11-05,1.81,0
2026-09-30T16:41:28,2026-09-30,RCL,HOLD,1,ADX Trend Following,LOW,1,-9.73,nan,4.79,nan,7.18,nan,0.0,2026-10-09,-0.69,-0.93,50.0,0.59,-14.56,33.11,-11.97,9.2,4,2026-06-12 to 2026-09-28 (74 days),-1.0,35.1,nan,nan,nan,NEUTRAL,LOW,Strong trend (ADX=51); Last surprise: +5.8%; Earnings conf adj: +1,-1.0,-1.0,1.0,27,2026-10-27,5.78,1
2026-09-30T16:42:35,2026-09-30,ACM,HOLD,0,VWAP Trend,LOW,0,-9.76,nan,6.1,0.0,9.15,0.0,0.0,2026-10-11,0.1,0.14,50.0,1.07,-2.51,40.15,-15.26,11.1,8,2026-06-12 to 2026-09-28 (74 days),-1.0,37.6,nan,nan,nan,NEUTRAL,LOW,No special conditions,-1.0,-1.0,1.0,48,2026-11-17,,0
2026-09-30T16:40:23,2026-09-30,CL,HOLD,0,Momentum (Rate of Change),LOW,0,-9.79,nan,2.81,0.0,4.22,0.0,0.0,2026-10-24,-0.17,-0.25,50.0,1.18,-3.82,5.26,-7.02,24.0,2,2026-06-12 to 2026-09-28 (74 days),-1.0,41.4,nan,nan,nan,NEUTRAL,LOW,Strong trend (ADX=31); Last surprise: +4.2%,-1.0,-1.0,1.0,30,2026-10-30,4.21,0
2026-09-30T16:41:43,2026-09-30,UDR,HOLD,0,MACD Crossover,LOW,1,-9.81,nan,2.47,0.0,3.7,0.0,0.0,2026-10-10,-1.41,-1.63,50.0,0.01,-12.41,26.11,-6.17,10.5,2,2026-06-12 to 2026-09-28 (74 days),-1.0,27.9,nan,nan,nan,NEUTRAL,LOW,RSI oversold; Strong trend (ADX=63); Last surprise: +61.5%; Earnings conf adj: +1,-1.0,-1.0,1.0,28,2026-10-28,61.54,1
2026-09-30T16:41:56,2026-09-30,XPO,HOLD,0,MACD Crossover,LOW,1,-9.92,nan,6.63,0.0,9.94,0.0,0.0,2026-10-10,-1.84,-2.64,33.3,0.02,-31.81,26.95,-16.58,10.3,3,2026-06-12 to 2026-09-28 (74 days),-1.0,40.0,nan,nan,nan,NEUTRAL,LOW,Last surprise: +15.6%; Earnings conf adj: +1,-1.0,-1.0,1.0,29,2026-10-29,15.65,1
2026-09-30T16:42:33,2026-09-30,KTOS,HOLD,0,Stochastic Oscillator,MEDIUM,3,-9.93,nan,8.29,0.0,12.43,0.0,0.0,2026-11-08,1.04,1.61,50.0,2.08,48.41,109.08,-20.72,39.0,2,2026-06-12 to 2026-09-28 (74 days),-1.0,32.0,nan,nan,nan,NEUTRAL,LOW,No special conditions,-1.0,-1.0,1.0,34,2026-11-03,,0
2026-09-30T16:42:55,2026-09-30,CNX,HOLD,0,Stochastic Oscillator,LOW,0,-10.76,nan,2.96,0.0,4.44,0.0,0.0,2026-10-10,-0.2,-0.3,50.0,1.05,-3.48,10.83,-7.39,10.5,2,2026-06-12 to 2026-09-28 (74 days),-1.0,25.4,nan,nan,nan,NEUTRAL,LOW,RSI oversold; Strong trend (ADX=51),-1.0,-1.0,1.0,29,2026-10-29,,0
2026-09-30T16:41:17,2026-09-30,NRG,HOLD,0,Stochastic Oscillator,LOW,0,-11.05,nan,9.3,0.0,13.95,0.0,0.0,2026-10-24,-0.16,-0.23,66.7,0.99,-11.23,47.13,-23.24,24.0,3,2026-06-12 to 2026-09-28 (74 days),-1.0,31.8,nan,nan,nan,NEUTRAL,LOW,Strong trend (ADX=40); Last surprise: -14.4%; Earnings conf adj: -1,-1.0,-1.0,1.0,36,2026-11-05,-14.37,-1
2026-09-30T16:40:50,2026-09-30,GS,HOLD,0,EMA Crossover (9/21),LOW,1,-11.52,nan,5.98,0.0,8.97,0.0,0.0,2026-10-10,-0.82,-1.26,50.0,0.16,-20.32,18.73,-14.96,10.5,2,2026-06-12 to 2026-09-28 (74 days),-1.0,33.1,nan,nan,nan,NEUTRAL,LOW,Strong trend (ADX=47); Last surprise: +44.3%; Earnings conf adj: +1,-1.0,-1.0,1.0,13,2026-10-13,44.29,1
2026-09-30T16:41:49,2026-09-30,WDC,HOLD,0,VWAP Trend,MEDIUM,3,-11.53,nan,8.56,0.0,17.12,0.0,0.0,2026-10-04,0.82,1.27,42.9,1.57,35.53,88.16,-21.41,4.4,7,2026-06-12 to 2026-09-28 (74 days),-1.0,48.7,nan,nan,nan,NEUTRAL,LOW,Last surprise: +7.9%; Earnings conf adj: +1,-1.0,-1.0,1.0,36,2026-11-05,7.88,1
2026-09-30T16:41:11,2026-09-30,MGM,HOLD,0,Bollinger Band Mean Reversion,LOW,0,-11.55,nan,2.0,0.0,3.0,0.0,0.0,2026-10-01,0.0,0.0,0.0,0.0,0.0,77.32,0.0,0.0,0,2026-06-12 to 2026-09-28 (74 days),-1.0,13.4,nan,nan,nan,NEUTRAL,LOW,RSI oversold; Strong trend (ADX=61); Last surprise: +1.7%,-1.0,-1.0,1.0,28,2026-10-28,1.72,0
2026-09-30T16:41:22,2026-09-30,PCG,HOLD,0,RSI Mean Reversion,LOW,1,-11.55,nan,2.0,0.0,3.0,0.0,0.0,2026-10-01,0.0,0.0,0.0,0.0,0.0,69.78,0.0,0.0,0,2026-06-12 to 2026-09-28 (74 days),-1.0,25.9,nan,nan,nan,NEUTRAL,LOW,RSI oversold; Strong trend (ADX=46); Last surprise: +11.1%; Earnings conf adj: +1,-1.0,-1.0,1.0,22,2026-10-22,11.11,1
2026-09-30T16:42:02,2026-09-30,MTZ,HOLD,0,RSI Mean Reversion,LOW,0,-11.55,nan,2.0,0.0,3.0,0.0,0.0,2026-10-01,0.0,0.0,0.0,0.0,0.0,86.3,0.0,0.0,0,2026-06-12 to 2026-09-28 (74 days),-1.0,32.2,nan,nan,nan,NEUTRAL,LOW,Strong trend (ADX=39); Last surprise: -0.4%,-1.0,-1.0,1.0,29,2026-10-29,-0.45,0
2026-09-30T16:42:34,2026-09-30,DY,HOLD,0,RSI Mean Reversion,LOW,0,-11.55,nan,2.0,0.0,3.0,0.0,0.0,2026-10-01,0.0,0.0,0.0,0.0,0.0,85.74,0.0,0.0,0,2026-06-12 to 2026-09-28 (74 days),-1.0,28.3,nan,nan,nan,NEUTRAL,LOW,RSI oversold; Strong trend (ADX=48),-1.0,-1.0,1.0,56,2026-11-25,,0
2026-09-30T16:42:40,2026-09-30,BROS,HOLD,0,PEAD Earnings Drift,LOW,0,-11.6,nan,2.0,0.0,3.0,0.0,0.0,2026-10-01,0.0,0.0,0.0,0.0,0.0,85.39,0.0,0.0,0,2026-06-12 to 2026-09-28 (74 days),-1.0,20.6,nan,nan,nan,NEUTRAL,LOW,RSI oversold; Strong trend (ADX=73),-1.0,-1.0,1.0,35,2026-11-04,,0
2026-09-30T16:43:00,2026-09-30,ESAB,HOLD,0,RSI Mean Reversion,LOW,0,-11.61,nan,2.0,0.0,3.0,0.0,0.0,2026-10-01,0.0,0.0,0.0,0.0,0.0,65.4,0.0,0.0,0,2026-06-12 to 2026-09-28 (74 days),-1.0,39.2,nan,nan,nan,NEUTRAL,LOW,Strong trend (ADX=31),-1.0,-1.0,1.0,29,2026-10-29,,0
2026-09-30T16:40:51,2026-09-30,HBAN,HOLD,0,Momentum (Rate of Change),LOW,0,-11.68,nan,4.92,0.0,7.38,0.0,0.0,2026-10-28,-0.88,-1.09,50.0,0.32,-15.19,17.96,-12.3,28.0,2,2026-06-12 to 2026-09-28 (74 days),-1.0,33.4,nan,nan,nan,NEUTRAL,LOW,Strong trend (ADX=50); Last surprise: +0.0%,-1.0,-1.0,1.0,22,2026-10-22,0.0,0
2026-09-30T16:42:41,2026-09-30,FLR,HOLD,-1,SMA Crossover (10/50),LOW,0,-11.71,nan,5.8,nan,8.7,nan,0.0,2026-10-24,-0.57,-0.8,50.0,0.23,-15.04,-4.95,-14.49,24.0,2,2026-06-12 to 2026-09-28 (74 days),-1.0,35.8,nan,nan,nan,NEUTRAL,LOW,No special conditions,-1.0,-1.0,1.0,37,2026-11-06,,0
2026-09-30T16:42:30,2026-09-30,WLK,HOLD,0,Stochastic Oscillator,LOW,0,-11.72,nan,4.99,0.0,7.48,0.0,0.0,2026-11-10,-0.4,-0.81,50.0,0.49,-18.83,42.3,-12.47,41.5,2,2026-06-12 to 2026-09-28 (74 days),-1.0,33.7,nan,nan,nan,NEUTRAL,LOW,High volume; Strong trend (ADX=36),-1.0,-1.0,1.0,29,2026-10-29,,0
2026-09-30T16:41:43,2026-09-30,UBER,HOLD,1,ADX Trend Following,LOW,1,-12.08,nan,5.23,nan,7.85,nan,0.0,2026-10-28,0.1,0.14,50.0,1.06,-1.44,1.98,-13.08,28.0,2,2026-06-12 to 2026-09-28 (74 days),-1.0,34.2,nan,nan,nan,NEUTRAL,LOW,Strong trend (ADX=46); Last surprise: +41.0%; Earnings conf adj: +1,-1.0,-1.0,1.0,34,2026-11-03,40.96,1
2026-09-30T16:42:21,2026-09-30,KNX,HOLD,0,Stochastic Oscillator,LOW,0,-12.09,nan,4.72,0.0,7.08,0.0,0.0,2026-10-21,-0.75,-1.1,50.0,0.49,-16.01,41.27,-11.81,21.5,2,2026-06-12 to 2026-09-28 (74 days),-1.0,34.5,nan,nan,nan,NEUTRAL,LOW,Strong trend (ADX=30),-1.0,-1.0,1.0,21,2026-10-21,,0
2026-09-30T16:41:47,2026-09-30,VRSK,HOLD,0,MACD Crossover,LOW,0,-12.15,nan,6.33,0.0,9.5,0.0,0.0,2026-10-25,0.29,0.41,50.0,1.35,4.37,30.02,-15.82,25.0,2,2026-06-12 to 2026-09-28 (74 days),-1.0,35.4,nan,nan,nan,NEUTRAL,LOW,Last surprise: +2.6%,-1.0,-1.0,1.0,28,2026-10-28,2.59,0
2026-09-30T16:40:32,2026-09-30,DECK,HOLD,0,RSI Mean Reversion,LOW,1,-12.23,nan,2.0,0.0,3.0,0.0,0.0,2026-10-01,0.0,0.0,0.0,0.0,0.0,72.44,0.0,0.0,0,2026-06-12 to 2026-09-28 (74 days),-1.0,35.2,nan,nan,nan,NEUTRAL,LOW,Strong trend (ADX=40); Last surprise: +8.0%; Earnings conf adj: +1,-1.0,-1.0,1.0,22,2026-10-22,8.05,1
2026-09-30T16:42:12,2026-09-30,AMH,HOLD,0,VWAP Trend,LOW,0,-12.23,nan,3.57,0.0,5.36,0.0,0.0,2026-10-02,-1.66,-2.25,44.4,0.56,-14.84,5.29,-8.93,2.9,9,2026-06-12 to 2026-09-28 (74 days),-1.0,28.1,nan,nan,nan,NEUTRAL,LOW,RSI oversold; Strong trend (ADX=56),-1.0,-1.0,1.0,28,2026-10-28,,0
2026-09-30T16:41:30,2026-09-30,ROL,HOLD,1,SMA Crossover (10/50),LOW,0,-12.25,nan,2.0,nan,3.0,nan,0.0,2026-10-01,0.0,0.0,0.0,0.0,0.0,77.23,0.0,0.0,0,2026-06-12 to 2026-09-28 (74 days),-1.0,25.5,nan,nan,nan,NEUTRAL,LOW,RSI oversold; High volume; Strong trend (ADX=48); Last surprise: -5.9%; Earnings conf adj: -1,-1.0,-1.0,1.0,28,2026-10-28,-5.88,-1
2026-09-30T16:43:09,2026-09-30,VC,HOLD,0,RSI Mean Reversion,LOW,0,-12.37,nan,2.0,0.0,3.0,0.0,0.0,2026-10-01,0.0,0.0,0.0,0.0,0.0,65.15,0.0,0.0,0,2026-06-12 to 2026-09-28 (74 days),-1.0,23.2,nan,nan,nan,NEUTRAL,LOW,RSI oversold; Strong trend (ADX=62),-1.0,-1.0,1.0,22,2026-10-22,,0
2026-09-30T16:43:02,2026-09-30,VVV,HOLD,0,Bollinger Band Mean Reversion,LOW,0,-12.4,nan,2.0,0.0,3.0,0.0,0.0,2026-10-01,0.0,0.0,0.0,0.0,0.0,61.71,0.0,0.0,0,2026-06-12 to 2026-09-28 (74 days),-1.0,37.2,nan,nan,nan,NEUTRAL,LOW,Strong trend (ADX=38),-1.0,-1.0,1.0,49,2026-11-18,,0
2026-09-30T16:40:42,2026-09-30,FDXF,HOLD,1,SMA Crossover (10/50),LOW,0,-12.47,nan,2.0,nan,3.0,nan,0.0,2026-10-01,0.0,0.0,0.0,0.0,0.0,80.93,0.0,0.0,0,2026-08-11 to 2026-09-28 (34 days),-1.0,28.1,nan,nan,nan,NEUTRAL,LOW,RSI oversold; Strong trend (ADX=50),-1.0,-1.0,1.0,28,2026-10-28,,0
2026-09-30T16:41:39,2026-09-30,TJX,HOLD,0,RSI Mean Reversion,LOW,1,-12.47,nan,2.0,0.0,3.0,0.0,0.0,2026-10-01,-1.86,-1.86,0.0,0.0,-0.34,58.02,-0.1,0.0,0,2026-06-12 to 2026-09-28 (74 days),-1.0,41.2,nan,nan,nan,NEUTRAL,LOW,Strong trend (ADX=33); Last surprise: +14.3%; Earnings conf adj: +1,-1.0,-1.0,1.0,49,2026-11-18,14.29,1
2026-09-30T16:40:14,2026-09-30,BA,HOLD,0,RSI Mean Reversion,LOW,0,-12.55,nan,2.0,0.0,3.0,0.0,0.0,2026-10-01,0.0,0.0,0.0,0.0,0.0,44.82,0.0,0.0,0,2026-06-12 to 2026-09-28 (74 days),-1.0,27.4,nan,nan,nan,NEUTRAL,LOW,RSI oversold; Strong trend (ADX=37); Last surprise: -145.2%; Earnings conf adj: -1,-1.0,-1.0,1.0,27,2026-10-27,-145.16,-1
2026-09-30T16:43:05,2026-09-30,PLNT,HOLD,0,RSI Mean Reversion,LOW,0,-12.6,nan,2.0,0.0,3.0,0.0,0.0,2026-10-01,0.0,0.0,0.0,0.0,0.0,54.91,0.0,0.0,0,2026-06-12 to 2026-09-28 (74 days),-1.0,26.4,nan,nan,nan,NEUTRAL,LOW,RSI oversold; Strong trend (ADX=41),-1.0,-1.0,1.0,36,2026-11-05,,0
2026-09-30T16:43:11,2026-09-30,TLT,HOLD,0,52-Week High Momentum,LOW,0,-12.6,nan,3.3,0.0,4.95,0.0,0.0,2026-10-03,-12.31,-9.79,50.0,0.02,-25.75,-2.8,-8.26,3.5,2,2026-06-12 to 2026-09-28 (74 days),-1.0,28.8,nan,nan,nan,NEUTRAL,LOW,RSI oversold; High volume; Strong trend (ADX=31),-1.0,-1.0,1.0,-1,,,0
2026-09-30T16:40:28,2026-09-30,CRH,HOLD,0,RSI Mean Reversion,LOW,0,-12.67,nan,2.0,0.0,3.0,0.0,0.0,2026-10-01,0.0,0.0,0.0,0.0,0.0,55.74,0.0,0.0,0,2026-06-12 to 2026-09-28 (74 days),-1.0,32.7,nan,nan,nan,NEUTRAL,LOW,High volume; Strong trend (ADX=39); Last surprise: -4.5%,-1.0,-1.0,1.0,29,2026-10-29,-4.46,0
2026-09-30T16:41:07,2026-09-30,LVS,HOLD,1,SMA Crossover (10/50),LOW,0,-12.67,nan,2.0,nan,3.0,nan,0.0,2026-10-01,0.0,0.0,0.0,0.0,0.0,59.39,0.0,0.0,0,2026-06-12 to 2026-09-28 (74 days),-1.0,24.7,nan,nan,nan,NEUTRAL,LOW,RSI oversold; Strong trend (ADX=66); Last surprise: -22.4%; Earnings conf adj: -1,-1.0,-1.0,1.0,21,2026-10-21,-22.37,-1
2026-09-30T16:42:22,2026-09-30,EVR,HOLD,0,RSI Mean Reversion,LOW,0,-12.67,nan,2.0,0.0,3.0,0.0,0.0,2026-10-01,0.0,0.0,0.0,0.0,0.0,65.57,0.0,0.0,0,2026-06-12 to 2026-09-28 (74 days),-1.0,34.0,nan,nan,nan,NEUTRAL,LOW,Strong trend (ADX=43),-1.0,-1.0,1.0,28,2026-10-28,,0
2026-09-30T16:42:52,2026-09-30,BYD,HOLD,0,RSI Mean Reversion,LOW,0,-12.72,nan,2.0,0.0,3.0,0.0,0.0,2026-10-01,0.0,0.0,0.0,0.0,0.0,54.71,0.0,0.0,0,2026-06-12 to 2026-09-28 (74 days),-1.0,18.8,nan,nan,nan,NEUTRAL,LOW,RSI oversold; Strong trend (ADX=59),-1.0,-1.0,1.0,22,2026-10-22,,0
2026-09-30T16:42:50,2026-09-30,EXP,HOLD,0,RSI Mean Reversion,LOW,0,-12.74,nan,2.0,0.0,3.0,0.0,0.0,2026-10-01,0.0,0.0,0.0,0.0,0.0,49.78,0.0,0.0,0,2026-06-12 to 2026-09-28 (74 days),-1.0,32.7,nan,nan,nan,NEUTRAL,LOW,Strong trend (ADX=43),-1.0,-1.0,1.0,29,2026-10-29,,0
2026-09-30T16:42:17,2026-09-30,AGNC,HOLD,0,EMA Crossover (9/21),LOW,1,-12.98,nan,3.97,0.0,5.96,0.0,0.0,2026-10-23,0.42,0.6,33.3,1.72,4.98,21.69,-9.93,23.0,3,2026-06-12 to 2026-09-28 (74 days),-1.0,24.0,nan,nan,nan,NEUTRAL,LOW,RSI oversold; Strong trend (ADX=56),-1.0,-1.0,1.0,19,2026-10-19,,0
2026-09-30T16:42:48,2026-09-30,LSTR,HOLD,0,Bollinger Band Mean Reversion,LOW,0,-13.23,nan,2.0,0.0,3.0,0.0,0.0,2026-10-01,0.0,0.0,0.0,0.0,0.0,64.76,0.0,0.0,0,2026-06-12 to 2026-09-28 (74 days),-1.0,33.5,nan,nan,nan,NEUTRAL,LOW,Strong trend (ADX=50),-1.0,-1.0,1.0,27,2026-10-27,,0
2026-09-30T16:42:50,2026-09-30,STWD,HOLD,0,Stochastic Oscillator,LOW,0,-13.24,nan,5.88,0.0,8.82,0.0,0.0,2026-11-09,-2.05,-2.77,50.0,0.23,-29.92,9.01,-14.71,40.5,2,2026-06-12 to 2026-09-28 (74 days),-1.0,24.0,nan,nan,nan,NEUTRAL,LOW,RSI oversold; Strong trend (ADX=58),-1.0,-1.0,1.0,40,2026-11-09,,0
2026-09-30T16:42:50,2026-09-30,CHDN,HOLD,0,RSI Mean Reversion,LOW,0,-13.46,nan,2.0,0.0,3.0,0.0,0.0,2026-10-01,0.0,0.0,0.0,0.0,0.0,37.94,0.0,0.0,0,2026-06-12 to 2026-09-28 (74 days),-1.0,30.7,nan,nan,nan,NEUTRAL,LOW,Strong trend (ADX=34),-1.0,-1.0,1.0,28,2026-10-28,,0
2026-09-30T16:42:16,2026-09-30,ALLY,HOLD,0,RSI Mean Reversion,LOW,0,-13.56,nan,2.0,0.0,3.0,0.0,0.0,2026-10-01,0.0,0.0,0.0,0.0,0.0,38.97,0.0,0.0,0,2026-06-12 to 2026-09-28 (74 days),-1.0,25.9,nan,nan,nan,NEUTRAL,LOW,RSI oversold; Strong trend (ADX=56),-1.0,-1.0,1.0,20,2026-10-20,,0
2026-09-30T16:41:46,2026-09-30,VICI,HOLD,1,SMA Crossover (10/50),LOW,0,-13.63,nan,2.0,nan,3.0,nan,0.0,2026-10-01,0.0,0.0,0.0,0.0,0.0,44.64,0.0,0.0,0,2026-06-12 to 2026-09-28 (74 days),-1.0,29.3,nan,nan,nan,NEUTRAL,LOW,RSI oversold; Strong trend (ADX=53); Last surprise: -32.4%; Earnings conf adj: -1,-1.0,-1.0,1.0,28,2026-10-28,-32.39,-1
2026-09-30T16:42:16,2026-09-30,GLPI,HOLD,0,RSI Mean Reversion,LOW,0,-13.66,nan,2.0,0.0,3.0,0.0,0.0,2026-10-01,0.0,0.0,0.0,0.0,0.0,47.35,0.0,0.0,0,2026-06-12 to 2026-09-28 (74 days),-1.0,31.3,nan,nan,nan,NEUTRAL,LOW,Strong trend (ADX=47),-1.0,-1.0,1.0,29,2026-10-29,,0
2026-09-30T16:40:47,2026-09-30,GE,HOLD,0,Stochastic Oscillator,LOW,1,-13.67,nan,5.34,0.0,8.01,0.0,0.0,2026-10-27,-0.11,-0.15,50.0,1.04,-4.21,11.93,-13.36,27.5,2,2026-06-12 to 2026-09-28 (74 days),-1.0,40.6,nan,nan,nan,NEUTRAL,LOW,Last surprise: +8.6%; Earnings conf adj: +1,-1.0,-1.0,1.0,20,2026-10-20,8.6,1
2026-09-30T16:40:27,2026-09-30,CPT,HOLD,0,Bollinger Band Mean Reversion,LOW,0,-13.74,nan,2.0,0.0,3.0,0.0,0.0,2026-10-01,0.0,0.0,0.0,0.0,0.0,39.71,0.0,0.0,0,2026-06-12 to 2026-09-28 (74 days),-1.0,29.4,nan,nan,nan,NEUTRAL,LOW,RSI oversold; Strong trend (ADX=66); Last surprise: -33.3%; Earnings conf adj: -1,-1.0,-1.0,1.0,36,2026-11-05,-33.33,-1
2026-09-30T16:41:16,2026-09-30,NI,HOLD,0,RSI Mean Reversion,LOW,0,-13.86,nan,2.0,0.0,3.0,0.0,0.0,2026-10-01,0.0,0.0,0.0,0.0,0.0,46.61,0.0,0.0,0,2026-06-12 to 2026-09-28 (74 days),-1.0,29.1,nan,nan,nan,NEUTRAL,LOW,RSI oversold; Strong trend (ADX=49); Last surprise: +0.0%,-1.0,-1.0,1.0,28,2026-10-28,0.0,0
2026-09-30T16:40:25,2026-09-30,CNP,HOLD,0,RSI Mean Reversion,LOW,1,-13.9,nan,2.0,0.0,3.0,0.0,0.0,2026-10-01,0.0,0.0,0.0,0.0,0.0,40.89,0.0,0.0,0,2026-06-12 to 2026-09-28 (74 days),-1.0,25.7,nan,nan,nan,NEUTRAL,LOW,RSI oversold; Strong trend (ADX=47); Last surprise: +8.1%; Earnings conf adj: +1,-1.0,-1.0,1.0,27,2026-10-27,8.11,1
2026-09-30T16:41:28,2026-09-30,RDDT,HOLD,0,RSI Mean Reversion,LOW,1,-13.93,nan,2.0,0.0,3.0,0.0,0.0,2026-10-01,0.0,0.0,0.0,0.0,0.0,35.0,0.0,0.0,0,2026-06-12 to 2026-09-28 (74 days),-1.0,39.9,nan,nan,nan,NEUTRAL,LOW,Last surprise: +30.2%; Earnings conf adj: +1,-1.0,-1.0,1.0,29,2026-10-29,30.21,1
2026-09-30T16:40:41,2026-09-30,EXR,HOLD,0,RSI Mean Reversion,LOW,1,-14.02,nan,2.0,0.0,3.0,0.0,0.0,2026-10-01,0.0,0.0,0.0,0.0,0.0,32.01,0.0,0.0,0,2026-06-12 to 2026-09-28 (74 days),-1.0,33.1,nan,nan,nan,NEUTRAL,LOW,Strong trend (ADX=43); Last surprise: +8.7%; Earnings conf adj: +1,-1.0,-1.0,1.0,28,2026-10-28,8.7,1
2026-09-30T16:40:30,2026-09-30,D,HOLD,0,RSI Mean Reversion,LOW,1,-14.04,nan,2.0,0.0,3.0,0.0,0.0,2026-10-01,0.0,0.0,0.0,0.0,0.0,31.39,0.0,0.0,0,2026-06-12 to 2026-09-28 (74 days),-1.0,23.7,nan,nan,nan,NEUTRAL,LOW,RSI oversold; Strong trend (ADX=68); Last surprise: +17.9%; Earnings conf adj: +1,-1.0,-1.0,1.0,30,2026-10-30,17.91,1
2026-09-30T16:42:13,2026-09-30,DTM,HOLD,0,Composite Multi-Indicator,LOW,0,-14.11,nan,2.0,0.0,3.0,0.0,0.0,2026-10-01,0.0,0.0,0.0,0.0,0.0,38.56,0.0,0.0,0,2026-06-12 to 2026-09-28 (74 days),-1.0,31.8,nan,nan,nan,NEUTRAL,LOW,No special conditions,-1.0,-1.0,1.0,29,2026-10-29,,0
2026-09-30T16:41:56,2026-09-30,UTHR,HOLD,1,SMA Crossover (10/50),LOW,1,-14.18,nan,2.0,nan,3.0,nan,0.0,2026-10-01,0.0,0.0,0.0,0.0,0.0,33.29,0.0,0.0,0,2026-06-12 to 2026-09-28 (74 days),-1.0,41.7,nan,nan,nan,NEUTRAL,LOW,Strong trend (ADX=36); Last surprise: +6.0%; Earnings conf adj: +1,-1.0,-1.0,1.0,28,2026-10-28,5.98,1
2026-09-30T16:40:45,2026-09-30,FRT,HOLD,0,EMA Crossover (9/21),LOW,1,-14.28,nan,2.0,0.0,3.0,0.0,0.0,2026-10-01,-1.86,-1.86,0.0,0.0,-0.34,35.13,-0.1,0.0,0,2026-06-12 to 2026-09-28 (74 days),-1.0,26.0,nan,nan,nan,NEUTRAL,LOW,RSI oversold; Strong trend (ADX=61); Last surprise: +34.7%; Earnings conf adj: +1,-1.0,-1.0,1.0,30,2026-10-30,34.72,1
2026-09-30T16:41:03,2026-09-30,KIM,HOLD,0,EMA Crossover (9/21),LOW,1,-14.33,nan,2.0,0.0,3.0,0.0,0.0,2026-10-01,-1.86,-1.86,0.0,0.0,-0.34,35.77,-0.1,0.0,0,2026-06-12 to 2026-09-28 (74 days),-1.0,32.3,nan,nan,nan,NEUTRAL,LOW,Strong trend (ADX=46); Last surprise: +10.0%; Earnings conf adj: +1,-1.0,-1.0,1.0,29,2026-10-29,10.0,1
2026-09-30T16:40:53,2026-09-30,HONA,HOLD,0,EMA Crossover (9/21),LOW,0,-14.37,nan,2.0,0.0,3.0,0.0,0.0,2026-10-01,0.0,0.0,0.0,0.0,0.0,47.98,0.0,0.0,0,2026-08-11 to 2026-09-28 (34 days),-1.0,39.5,nan,nan,nan,NEUTRAL,LOW,Last surprise: -11.8%; Earnings conf adj: -1,-1.0,-1.0,1.0,28,2026-10-28,-11.79,-1
2026-09-30T16:40:35,2026-09-30,DUK,HOLD,0,RSI Mean Reversion,LOW,1,-14.39,nan,2.0,0.0,3.0,0.0,0.0,2026-10-01,0.0,0.0,0.0,0.0,0.0,26.28,0.0,0.0,0,2026-06-12 to 2026-09-28 (74 days),-1.0,25.7,nan,nan,nan,NEUTRAL,LOW,RSI oversold; Strong trend (ADX=63); Last surprise: +10.0%; Earnings conf adj: +1,-1.0,-1.0,1.0,36,2026-11-05,10.0,1
2026-09-30T16:42:07,2026-09-30,SUI,HOLD,0,RSI Mean Reversion,LOW,1,-14.41,nan,2.0,0.0,3.0,0.0,0.0,2026-10-01,0.0,0.0,0.0,0.0,0.0,32.42,0.0,0.0,0,2026-06-12 to 2026-09-28 (74 days),-1.0,34.5,nan,nan,nan,NEUTRAL,LOW,Strong trend (ADX=50); Last surprise: +43.7%; Earnings conf adj: +1,-1.0,-1.0,1.0,28,2026-10-28,43.75,1
2026-09-30T16:41:21,2026-09-30,OTIS,HOLD,0,RSI Mean Reversion,LOW,0,-14.43,nan,2.0,0.0,3.0,0.0,0.0,2026-10-01,0.0,0.0,0.0,0.0,0.0,18.28,0.0,0.0,0,2026-06-12 to 2026-09-28 (74 days),-1.0,37.4,nan,nan,nan,NEUTRAL,LOW,Strong trend (ADX=30); Last surprise: +0.0%,-1.0,-1.0,1.0,28,2026-10-28,0.0,0
2026-09-30T16:41:39,2026-09-30,TKO,HOLD,0,RSI Mean Reversion,LOW,1,-14.68,nan,2.0,0.0,3.0,0.0,0.0,2026-10-01,0.0,0.0,0.0,0.0,0.0,30.48,0.0,0.0,0,2026-06-12 to 2026-09-28 (74 days),-1.0,39.8,nan,nan,nan,NEUTRAL,LOW,Last surprise: +22.9%; Earnings conf adj: +1,-1.0,-1.0,1.0,35,2026-11-04,22.94,1
2026-09-30T16:40:22,2026-09-30,CI,HOLD,0,RSI Mean Reversion,LOW,0,-15.0,nan,2.0,0.0,3.0,0.0,0.0,2026-10-01,0.0,0.0,0.0,0.0,0.0,25.78,0.0,0.0,0,2026-06-12 to 2026-09-28 (74 days),-1.0,44.4,nan,nan,nan,NEUTRAL,LOW,Last surprise: +2.4%,-1.0,-1.0,1.0,36,2026-11-05,2.37,0
