generated_at,date,ticker,signal,signal_raw,strategy,confidence,confidence_score,composite_score,current_price,stop_loss_pct,stop_loss_price,take_profit_pct,take_profit_price,suggested_position_size_pct,signal_expires,sharpe,sortino,win_rate,profit_factor,annual_return_pct,annual_excess_pct,max_drawdown_pct,avg_holding_days,total_trades,backtest_period,pbo,rsi,vol_20,sma_50,sma_200,trend,volatility,notes,vol_target_size_pct,meta_label_prob,meta_label_size_mult,days_to_earnings,earnings_date,last_surprise_pct,earnings_confidence_adj
2026-07-28T12:55:11,2026-07-28,UMBF,HOLD,0,VWAP Trend,MEDIUM,2,109.86,140.97,3.44,0.0,2.83,0.0,0.0,2026-07-30,5.38,43.34,87.5,57.3,55.56,-19.14,-0.58,2.4,8,2026-04-08 to 2026-07-27 (75 days),-1.0,49.8,0.2321,136.38,122.0,BULLISH,MEDIUM,EARNINGS TODAY (2026-07-28); Last surprise: +20.9%; Earnings conf adj: -3,8.08,-1.0,1.0,0,2026-07-28,20.92,-3
2026-07-28T12:53:42,2026-07-28,LH,EXIT,-1,VWAP Trend,MEDIUM,3,102.74,301.17,4.2,313.82,3.6,290.33,8.5,2026-07-30,4.11,13.38,70.0,6.32,66.59,28.55,-3.6,2.9,10,2026-04-08 to 2026-07-27 (75 days),-1.0,73.6,0.2682,268.44,266.45,BULLISH,MEDIUM,RSI overbought; Price at statistical extreme; Strong trend (ADX=33); Earnings in 2d (2026-07-30); Last surprise: +3.2%; Earnings conf adj: -2; Size: Kelly 10.0% / VolTgt 7.0% / Blend 8.5%,6.99,-1.0,1.0,2,2026-07-30,3.16,-2
2026-07-28T12:52:37,2026-07-28,AMAT,HOLD,0,VWAP Trend,HIGH,6,97.25,516.89,12.0,0.0,13.26,0.0,0.0,2026-07-31,2.98,6.09,81.8,5.44,284.92,112.8,-9.11,3.7,11,2026-04-08 to 2026-07-27 (75 days),-1.0,43.0,0.8752,537.03,366.04,BULLISH,HIGH,Last surprise: +6.3%; Earnings conf adj: +1,2.14,-1.0,1.0,16,2026-08-13,6.32,1
2026-07-28T12:53:02,2026-07-28,CTVA,HOLD,0,VWAP Trend,HIGH,4,93.71,87.58,3.4,0.0,2.73,0.0,0.0,2026-07-30,2.18,3.68,87.5,32.6,25.94,9.57,-3.4,2.4,8,2026-04-08 to 2026-07-27 (75 days),-1.0,62.3,0.2236,81.4,74.37,BULLISH,MEDIUM,Strong trend (ADX=34); Earnings in 2d (2026-07-30); Last surprise: +27.1%; Earnings conf adj: -1,8.38,-1.0,1.0,2,2026-07-30,27.12,-1
2026-07-28T12:55:33,2026-07-28,PCTY,HOLD,0,VWAP Trend,HIGH,5,92.66,130.16,8.99,0.0,13.48,0.0,0.0,2026-08-09,3.92,8.27,85.7,10.31,368.75,242.56,-11.78,12.6,7,2026-04-08 to 2026-07-27 (75 days),-1.0,66.2,0.5174,112.92,125.23,BEARISH,HIGH,Strong trend (ADX=35),3.62,-1.0,1.0,7,2026-08-04,,0
2026-07-28T12:54:13,2026-07-28,SNDK,BUY,1,VWAP Trend,HIGH,6,88.86,1278.23,12.0,1124.84,16.44,1488.37,5.64,2026-07-30,3.13,9.0,70.0,4.87,488.97,53.42,-7.55,2.0,10,2026-04-08 to 2026-07-27 (75 days),0.214,38.5,1.4765,1727.43,816.04,BULLISH,HIGH,Last surprise: +59.7%; Earnings conf adj: +1; Size: Kelly 10.0% / VolTgt 1.3% / Blend 5.6%,1.27,-1.0,1.0,8,2026-08-05,59.69,1
2026-07-28T12:54:52,2026-07-28,AMKR,BUY,1,VWAP Trend,HIGH,6,88.49,60.71,12.0,53.42,10.96,67.36,6.02,2026-07-30,2.76,6.75,72.7,3.11,118.32,52.82,-8.21,2.3,11,2026-04-08 to 2026-07-27 (75 days),0.433,38.6,0.9177,73.08,53.13,BULLISH,HIGH,High volume; Strong trend (ADX=32); Last surprise: +45.8%; Earnings conf adj: +1; Size: Kelly 10.0% / VolTgt 2.0% / Blend 6.0%,2.04,-1.0,1.0,90,2026-10-26,45.83,1
2026-07-28T12:55:52,2026-07-28,CDP,HOLD,0,VWAP Trend,HIGH,5,87.07,38.27,2.73,0.0,2.6,0.0,0.0,2026-07-30,2.34,4.45,75.0,3.06,36.82,-58.43,-5.57,2.6,12,2026-04-08 to 2026-07-27 (75 days),-1.0,72.8,0.2047,34.36,30.85,BULLISH,MEDIUM,RSI overbought; Price at statistical extreme; Strong trend (ADX=36),9.16,-1.0,1.0,-1,,,0
2026-07-28T12:52:52,2026-07-28,CAT,HOLD,0,VWAP Trend,HIGH,6,86.87,873.28,9.2,0.0,5.88,0.0,0.0,2026-07-30,3.25,8.41,75.0,8.46,88.68,34.27,-3.82,2.8,8,2026-04-08 to 2026-07-27 (75 days),-1.0,40.9,0.4464,924.5,727.21,BULLISH,HIGH,Strong trend (ADX=31); Last surprise: +19.4%; Earnings conf adj: +1,4.2,-1.0,1.0,7,2026-08-04,19.4,1
2026-07-28T12:55:32,2026-07-28,AN,HOLD,0,VWAP Trend,MEDIUM,3,84.05,212.2,5.07,0.0,7.59,0.0,0.0,2026-08-04,3.02,5.74,85.7,12.79,93.69,64.69,-6.1,7.9,7,2026-04-08 to 2026-07-27 (75 days),-1.0,64.9,0.3428,192.36,201.11,BEARISH,MEDIUM,Earnings in 3d (2026-07-31); Earnings conf adj: -2,5.47,-1.0,1.0,3,2026-07-31,,-2
2026-07-28T12:52:36,2026-07-28,AIZ,HOLD,0,VWAP Trend,HIGH,6,83.13,276.87,2.07,0.0,2.02,0.0,0.0,2026-07-31,3.46,10.27,87.5,57.29,46.65,-62.52,-1.41,3.0,8,2026-04-08 to 2026-07-27 (75 days),-1.0,61.3,0.1478,263.15,234.44,BULLISH,LOW,Last surprise: +11.6%; Earnings conf adj: +1,10.0,-1.0,1.0,7,2026-08-04,11.63,1
2026-07-28T12:55:16,2026-07-28,OGE,HOLD,0,VWAP Trend,MEDIUM,3,82.08,49.28,2.24,0.0,1.94,0.0,0.0,2026-07-29,2.64,7.21,77.8,7.49,28.77,26.07,-2.32,1.6,9,2026-04-08 to 2026-07-27 (75 days),-1.0,55.9,0.1948,47.81,45.56,BULLISH,LOW,Strong trend (ADX=36); Earnings in 1d (2026-07-29); Earnings conf adj: -2,9.62,-1.0,1.0,1,2026-07-29,,-2
2026-07-28T12:52:59,2026-07-28,COR,HOLD,0,ADX Trend Following,HIGH,5,80.91,311.15,3.76,0.0,5.64,0.0,0.0,2026-08-07,2.59,5.16,100.0,125.89,50.24,63.28,-4.2,10.2,4,2026-04-08 to 2026-07-27 (75 days),-1.0,63.8,0.2645,283.05,323.61,BEARISH,MEDIUM,Strong trend (ADX=34); Last surprise: +0.4%,7.09,-1.0,1.0,8,2026-08-05,0.42,0
2026-07-28T12:52:46,2026-07-28,BALL,HOLD,0,VWAP Trend,HIGH,6,80.04,64.67,3.74,0.0,3.5,0.0,0.0,2026-07-30,3.77,12.84,70.0,11.32,63.47,47.22,-2.49,2.5,10,2026-04-08 to 2026-07-27 (75 days),-1.0,67.0,0.281,58.51,56.52,BULLISH,MEDIUM,Price at statistical extreme; Strong trend (ADX=37); Last surprise: +11.9%; Earnings conf adj: +1,6.67,-1.0,1.0,7,2026-08-04,11.9,1
2026-07-28T12:54:50,2026-07-28,PNFP,HOLD,0,ADX Trend Following,HIGH,5,79.41,103.06,4.13,0.0,9.18,0.0,0.0,2026-08-12,2.42,4.38,100.0,135.95,54.62,-0.29,-5.67,15.2,4,2026-04-08 to 2026-07-27 (75 days),-1.0,59.4,0.2989,97.74,93.61,BULLISH,MEDIUM,Last surprise: +1.6%,6.27,-1.0,1.0,78,2026-10-14,1.63,0
2026-07-28T12:55:58,2026-07-28,GPK,BUY,1,VWAP Trend,HIGH,5,78.08,11.15,5.43,10.54,7.19,11.95,7.68,2026-08-03,2.73,5.38,81.8,3.48,174.75,95.4,-14.3,6.8,11,2026-04-08 to 2026-07-27 (75 days),0.194,59.1,0.3503,10.53,12.55,BEARISH,MEDIUM,Size: Kelly 10.0% / VolTgt 5.3% / Blend 7.7%,5.35,-1.0,1.0,7,2026-08-04,,0
2026-07-28T12:53:34,2026-07-28,IBM,BUY,1,Stochastic Oscillator,HIGH,5,78.04,216.28,12.0,190.33,18.0,255.21,5.94,2026-08-09,4.63,28.24,100.0,614.42,456.77,486.58,-3.63,12.7,3,2026-04-08 to 2026-07-27 (75 days),0.571,36.1,1.0,260.11,269.65,BEARISH,HIGH,Strong trend (ADX=52); Last surprise: +0.0%; Size: Kelly 10.0% / VolTgt 1.9% / Blend 5.9%,1.87,-1.0,1.0,85,2026-10-21,0.0,0
2026-07-28T12:53:01,2026-07-28,CSX,HOLD,0,ADX Trend Following,HIGH,5,77.98,51.8,3.39,0.0,7.22,0.0,0.0,2026-08-08,2.43,5.39,85.7,12.24,71.64,-32.43,-5.47,11.9,7,2026-04-08 to 2026-07-27 (75 days),-1.0,66.2,0.2657,47.56,40.74,BULLISH,MEDIUM,Strong trend (ADX=35); Last surprise: +3.8%,7.06,-1.0,1.0,86,2026-10-22,3.85,0
2026-07-28T12:55:20,2026-07-28,VMI,EXIT,-1,VWAP Trend,HIGH,5,77.97,494.81,5.72,523.11,3.38,478.09,8.24,2026-07-30,2.64,7.91,66.7,4.32,100.19,35.32,-5.33,2.2,12,2026-04-08 to 2026-07-27 (75 days),-1.0,33.6,0.2898,535.67,455.47,BULLISH,MEDIUM,Strong trend (ADX=35); Size: Kelly 10.0% / VolTgt 6.5% / Blend 8.2%,6.47,-1.0,1.0,84,2026-10-20,,0
2026-07-28T12:55:19,2026-07-28,CUBE,HOLD,0,VWAP Trend,MEDIUM,3,77.65,42.28,3.34,0.0,3.37,0.0,0.0,2026-07-30,2.61,8.28,85.7,450.83,37.76,-6.62,-2.86,2.3,7,2026-04-08 to 2026-07-27 (75 days),-1.0,61.6,0.2825,40.12,37.91,BULLISH,MEDIUM,Earnings in 2d (2026-07-30); Earnings conf adj: -2,6.64,-1.0,1.0,2,2026-07-30,,-2
2026-07-28T12:54:54,2026-07-28,TOL,HOLD,0,VWAP Trend,HIGH,6,77.4,151.01,4.81,0.0,4.21,0.0,0.0,2026-07-30,3.19,13.48,87.5,141.31,123.16,89.44,-3.03,2.4,8,2026-04-08 to 2026-07-27 (75 days),-1.0,51.3,0.3455,145.85,141.85,BULLISH,MEDIUM,Last surprise: +5.0%; Earnings conf adj: +1,5.43,-1.0,1.0,21,2026-08-18,5.02,1
2026-07-28T12:53:48,2026-07-28,MKC,HOLD,0,ADX Trend Following,HIGH,6,76.0,50.61,6.67,0.0,8.73,0.0,0.0,2026-08-03,2.32,4.6,80.0,6.82,58.34,51.34,-5.27,6.8,5,2026-04-08 to 2026-07-27 (75 days),-1.0,49.3,0.425,48.81,57.95,BEARISH,HIGH,Last surprise: +14.3%; Earnings conf adj: +1,4.41,-1.0,1.0,70,2026-10-06,14.29,1
2026-07-28T12:53:38,2026-07-28,JPM,HOLD,0,MACD Crossover,HIGH,6,75.79,356.2,3.28,0.0,6.43,0.0,0.0,2026-08-11,2.37,4.21,100.0,103.07,38.55,-28.11,-2.54,14.7,3,2026-04-08 to 2026-07-27 (75 days),-1.0,70.3,0.2131,321.43,308.03,BULLISH,MEDIUM,RSI overbought; Price at statistical extreme; Last surprise: +5.9%; Earnings conf adj: +1,8.8,-1.0,1.0,77,2026-10-13,5.86,1
2026-07-28T12:54:37,2026-07-28,CRS,HOLD,0,VWAP Trend,MEDIUM,3,75.73,580.25,8.33,0.0,4.59,0.0,0.0,2026-07-29,2.82,11.72,88.9,106.0,58.8,-123.91,-1.74,1.9,9,2026-04-08 to 2026-07-27 (75 days),-1.0,53.5,0.4232,534.05,397.72,BULLISH,HIGH,Earnings in 2d (2026-07-30); Last surprise: +4.9%; Earnings conf adj: -2,4.43,-1.0,1.0,2,2026-07-30,4.92,-2
2026-07-28T12:55:39,2026-07-28,CVLT,BUY,1,VWAP Trend,MEDIUM,2,74.91,149.46,8.61,136.59,12.07,167.5,7.14,2026-08-09,3.78,7.25,100.0,430.9,281.86,-492.4,-7.81,12.2,5,2026-04-08 to 2026-07-27 (75 days),0.401,61.1,0.4387,129.44,116.18,BULLISH,HIGH,Strong trend (ADX=34); EARNINGS TODAY (2026-07-28); Earnings conf adj: -3; Size: Kelly 10.0% / VolTgt 4.3% / Blend 7.1%,4.27,-1.0,1.0,0,2026-07-28,,-3
2026-07-28T12:55:02,2026-07-28,WBS,HOLD,0,VWAP Trend,HIGH,5,74.66,76.95,1.5,0.0,2.27,0.0,0.0,2026-07-31,2.29,4.94,70.0,2.75,19.8,-10.18,-1.84,3.6,10,2026-04-08 to 2026-07-27 (75 days),-1.0,58.1,0.1518,74.43,67.27,BULLISH,LOW,Last surprise: -0.6%,10.0,-1.0,1.0,86,2026-10-22,-0.62,0
2026-07-28T12:55:10,2026-07-28,SPXC,HOLD,0,VWAP Trend,HIGH,4,74.06,219.16,7.22,0.0,4.69,0.0,0.0,2026-07-30,3.28,7.04,70.0,5.56,90.22,78.64,-4.15,2.0,10,2026-04-08 to 2026-07-27 (75 days),-1.0,47.4,0.4213,222.78,213.51,BULLISH,HIGH,Strong trend (ADX=31); Earnings in 2d (2026-07-30); Last surprise: +8.3%; Earnings conf adj: -1,4.45,-1.0,1.0,2,2026-07-30,8.33,-1
2026-07-28T12:54:03,2026-07-28,PM,HOLD,0,ADX Trend Following,HIGH,6,72.69,195.66,4.49,0.0,8.83,0.0,0.0,2026-08-07,2.2,4.16,100.0,132.61,53.08,-46.96,-10.01,10.5,4,2026-04-08 to 2026-07-27 (75 days),-1.0,61.9,0.346,182.29,166.61,BULLISH,MEDIUM,Last surprise: +7.3%; Earnings conf adj: +1,5.42,-1.0,1.0,85,2026-10-21,7.32,1
2026-07-28T12:55:11,2026-07-28,DCI,HOLD,0,MACD Crossover,HIGH,5,72.3,93.19,3.22,0.0,4.83,0.0,0.0,2026-08-11,2.15,3.87,100.0,120.46,46.68,29.72,-4.04,14.5,4,2026-04-08 to 2026-07-27 (75 days),-1.0,65.9,0.2088,86.42,89.45,BEARISH,MEDIUM,Price at statistical extreme; Last surprise: +1.0%,8.98,-1.0,1.0,30,2026-08-27,0.95,0
2026-07-28T12:55:55,2026-07-28,IRT,HOLD,0,VWAP Trend,HIGH,5,72.12,16.42,3.52,0.0,3.78,0.0,0.0,2026-08-01,2.86,5.55,66.7,7.72,49.3,14.66,-4.38,4.0,12,2026-04-08 to 2026-07-27 (75 days),-1.0,46.8,0.2402,16.46,16.12,BULLISH,MEDIUM,No special conditions,7.81,-1.0,1.0,6,2026-08-03,,0
2026-07-28T12:54:17,2026-07-28,SWK,BUY,1,VWAP Trend,HIGH,4,71.37,94.17,7.16,87.43,6.0,99.82,7.2,2026-07-31,1.92,4.58,87.5,6.96,32.85,-132.15,-3.49,3.2,8,2026-04-08 to 2026-07-27 (75 days),0.671,62.2,0.4263,83.86,76.17,BULLISH,HIGH,Earnings in 1d (2026-07-29); Last surprise: +35.6%; Earnings conf adj: -1; Size: Kelly 10.0% / VolTgt 4.4% / Blend 7.2%,4.4,-1.0,1.0,1,2026-07-29,35.59,-1
2026-07-28T12:54:06,2026-07-28,PWR,HOLD,0,VWAP Trend,HIGH,4,71.08,620.28,5.78,0.0,4.71,0.0,0.0,2026-07-30,3.06,8.48,88.9,7.34,177.78,149.21,-5.4,2.4,9,2026-04-08 to 2026-07-27 (75 days),-1.0,37.7,0.3861,694.22,556.39,BULLISH,MEDIUM,Strong trend (ADX=36); Earnings in 2d (2026-07-30); Last surprise: +32.0%; Earnings conf adj: -1,4.86,-1.0,1.0,2,2026-07-30,32.02,-1
2026-07-28T12:55:29,2026-07-28,PBF,HOLD,0,VWAP Trend,MEDIUM,3,70.47,62.76,11.43,0.0,5.69,0.0,0.0,2026-07-29,4.13,24.79,80.0,47.39,165.57,-104.39,-2.06,1.4,10,2026-04-08 to 2026-07-27 (75 days),-1.0,69.2,0.6109,46.65,38.49,BULLISH,HIGH,Strong trend (ADX=64); Earnings in 2d (2026-07-30); Earnings conf adj: -2,3.07,-1.0,1.0,2,2026-07-30,,-2
2026-07-28T12:55:01,2026-07-28,DT,HOLD,0,VWAP Trend,HIGH,6,70.31,43.72,9.03,0.0,12.7,0.0,0.0,2026-08-06,1.86,2.87,85.7,9.21,94.03,14.21,-16.86,9.7,7,2026-04-08 to 2026-07-27 (75 days),-1.0,52.4,0.518,42.1,41.42,BULLISH,HIGH,Last surprise: +5.1%; Earnings conf adj: +1,3.62,-1.0,1.0,8,2026-08-05,5.13,1
2026-07-28T12:53:14,2026-07-28,ES,HOLD,0,VWAP Trend,HIGH,4,70.24,74.69,2.93,0.0,2.9,0.0,0.0,2026-07-30,2.42,4.66,83.3,3.91,23.57,-6.57,-2.59,2.7,6,2026-04-08 to 2026-07-27 (75 days),-1.0,58.3,0.2239,71.1,69.16,BULLISH,MEDIUM,Earnings in 2d (2026-07-30); Last surprise: +6.1%; Earnings conf adj: -1,8.37,-1.0,1.0,2,2026-07-30,6.13,-1
2026-07-28T12:53:23,2026-07-28,GEN,HOLD,0,VWAP Trend,HIGH,5,69.63,26.74,6.81,0.0,8.48,0.0,0.0,2026-08-03,4.35,33.51,100.0,308.52,168.82,-63.75,-2.18,6.8,4,2026-04-08 to 2026-07-27 (75 days),-1.0,58.1,0.4132,25.25,24.09,BULLISH,HIGH,Last surprise: +3.1%,4.54,-1.0,1.0,9,2026-08-06,3.08,0
2026-07-28T12:53:25,2026-07-28,GL,EXIT,-1,VWAP Trend,MEDIUM,2,68.07,174.37,3.92,181.21,3.75,167.83,8.18,2026-07-30,0.21,0.25,63.6,1.28,1.72,-74.76,-6.64,2.6,11,2026-04-08 to 2026-07-27 (75 days),-1.0,47.1,0.2953,167.89,146.93,BULLISH,MEDIUM,Strong trend (ADX=50); Last surprise: -1.9%; Size: Kelly 10.0% / VolTgt 6.3% / Blend 8.2%,6.35,-1.0,1.0,85,2026-10-21,-1.9,0
2026-07-28T12:52:54,2026-07-28,CFG,HOLD,0,VWAP Trend,HIGH,5,67.71,71.1,4.07,0.0,3.98,0.0,0.0,2026-07-30,2.07,3.91,70.0,3.26,32.36,-15.99,-5.49,2.8,10,2026-04-08 to 2026-07-27 (75 days),-1.0,54.1,0.3022,67.1,60.43,BULLISH,MEDIUM,Last surprise: +4.0%,6.2,-1.0,1.0,80,2026-10-16,4.0,0
2026-07-28T12:55:17,2026-07-28,AYI,HOLD,0,VWAP Trend,HIGH,5,67.35,335.97,4.82,0.0,7.23,0.0,0.0,2026-08-12,1.87,2.59,100.0,133.29,52.15,-29.52,-8.44,15.2,4,2026-04-08 to 2026-07-27 (75 days),-1.0,53.6,0.3286,316.06,321.32,BEARISH,MEDIUM,No special conditions,5.71,-1.0,1.0,64,2026-09-30,,0
2026-07-28T12:53:10,2026-07-28,DVN,HOLD,0,VWAP Trend,HIGH,5,66.65,43.16,4.67,0.0,4.04,0.0,0.0,2026-07-30,1.35,2.13,71.4,3.24,13.16,41.37,-4.59,2.1,7,2026-04-08 to 2026-07-27 (75 days),-1.0,48.3,0.354,44.18,41.16,BULLISH,MEDIUM,Last surprise: -4.6%,5.3,-1.0,1.0,7,2026-08-04,-4.59,0
2026-07-28T12:54:48,2026-07-28,JAZZ,HOLD,0,ADX Trend Following,HIGH,6,66.48,255.43,4.32,0.0,13.2,0.0,0.0,2026-08-30,3.34,6.7,100.0,300.52,159.82,13.1,-5.72,33.7,3,2026-04-08 to 2026-07-27 (75 days),-1.0,64.4,0.2889,237.09,188.39,BULLISH,MEDIUM,Strong trend (ADX=37); Last surprise: +36.1%; Earnings conf adj: +1,6.49,-1.0,1.0,6,2026-08-03,36.05,1
2026-07-28T12:53:30,2026-07-28,HOOD,HOLD,0,VWAP Trend,MEDIUM,3,66.39,95.65,12.0,0.0,15.09,0.0,0.0,2026-08-04,3.77,8.67,62.5,14.73,578.66,413.47,-12.32,7.2,8,2026-04-08 to 2026-07-27 (75 days),-1.0,43.0,0.7142,95.34,100.68,BEARISH,HIGH,Earnings in 1d (2026-07-29); Last surprise: -2.6%; Earnings conf adj: -2,2.63,-1.0,1.0,1,2026-07-29,-2.56,-2
2026-07-28T12:54:31,2026-07-28,WELL,HOLD,0,ADX Trend Following,HIGH,4,66.19,248.34,2.93,0.0,6.2,0.0,0.0,2026-08-11,3.87,7.74,80.0,16.76,106.32,10.95,-6.9,14.0,5,2026-04-08 to 2026-07-27 (75 days),-1.0,71.6,0.2104,221.49,201.43,BULLISH,MEDIUM,RSI overbought; Strong trend (ADX=54); Last surprise: -16.9%; Earnings conf adj: -1,8.91,-1.0,1.0,90,2026-10-26,-16.92,-1
2026-07-28T12:55:26,2026-07-28,IDA,HOLD,0,VWAP Trend,MEDIUM,2,66.06,148.02,2.99,0.0,2.55,0.0,0.0,2026-07-30,0.69,1.17,70.0,1.65,6.2,0.01,-4.74,2.0,10,2026-04-08 to 2026-07-27 (75 days),-1.0,50.1,0.2292,145.0,137.15,BULLISH,MEDIUM,Earnings in 2d (2026-07-30); Earnings conf adj: -2,8.18,-1.0,1.0,2,2026-07-30,,-2
2026-07-28T12:55:31,2026-07-28,AVT,HOLD,0,ADX Trend Following,HIGH,5,64.92,88.38,6.83,0.0,16.67,0.0,0.0,2026-08-22,3.45,7.27,100.0,402.27,226.08,52.29,-8.11,25.7,3,2026-04-08 to 2026-07-27 (75 days),-1.0,53.7,0.4176,87.15,65.08,BULLISH,HIGH,No special conditions,4.49,-1.0,1.0,8,2026-08-05,,0
2026-07-28T12:53:25,2026-07-28,GM,HOLD,0,MACD Crossover,HIGH,6,64.57,87.04,6.07,0.0,8.27,0.0,0.0,2026-08-03,2.03,4.35,100.0,140.06,56.8,2.11,-5.66,6.8,4,2026-04-08 to 2026-07-27 (75 days),-1.0,69.0,0.4027,79.14,76.34,BULLISH,HIGH,Price at statistical extreme; Last surprise: +11.9%; Earnings conf adj: +1,4.66,-1.0,1.0,84,2026-10-20,11.91,1
2026-07-28T12:52:37,2026-07-28,ALL,HOLD,0,ADX Trend Following,HIGH,6,64.3,261.27,3.62,0.0,9.7,0.0,0.0,2026-08-12,3.87,6.84,100.0,263.68,126.37,19.2,-6.62,15.0,5,2026-04-08 to 2026-07-27 (75 days),-1.0,67.7,0.3181,230.14,210.92,BULLISH,MEDIUM,Price at statistical extreme; Strong trend (ADX=38); Last surprise: +47.1%; Earnings conf adj: +1,5.89,-1.0,1.0,8,2026-08-05,47.1,1
2026-07-28T12:55:59,2026-07-28,EEFT,EXIT,-1,VWAP Trend,MEDIUM,3,64.2,79.18,4.84,83.01,7.26,73.43,7.86,2026-08-07,2.08,3.4,71.4,4.44,79.26,12.67,-13.2,10.4,7,2026-04-08 to 2026-07-27 (75 days),-1.0,60.7,0.3274,71.54,73.29,BEARISH,MEDIUM,Earnings in 2d (2026-07-30); Earnings conf adj: -2; Size: Kelly 10.0% / VolTgt 5.7% / Blend 7.9%,5.73,-1.0,1.0,2,2026-07-30,,-2
2026-07-28T12:55:17,2026-07-28,AAL,HOLD,0,VWAP Trend,HIGH,5,63.98,14.95,10.68,0.0,13.26,0.0,0.0,2026-08-05,3.81,8.14,71.4,7.54,331.68,180.7,-11.09,8.1,7,2026-04-08 to 2026-07-27 (75 days),-1.0,44.7,0.5916,15.16,13.64,BULLISH,HIGH,Strong trend (ADX=43),3.17,-1.0,1.0,86,2026-10-22,,0
2026-07-28T12:54:21,2026-07-28,TPR,HOLD,0,ADX Trend Following,HIGH,6,63.88,147.43,5.08,0.0,7.78,0.0,0.0,2026-08-04,1.28,2.16,75.0,2.51,23.5,29.52,-5.04,7.0,4,2026-04-08 to 2026-07-27 (75 days),-1.0,56.7,0.3734,141.73,133.42,BULLISH,MEDIUM,Last surprise: +27.7%; Earnings conf adj: +1,5.02,-1.0,1.0,16,2026-08-13,27.69,1
2026-07-28T12:55:34,2026-07-28,MORN,HOLD,0,ADX Trend Following,MEDIUM,3,63.64,182.43,8.38,0.0,12.57,0.0,0.0,2026-08-15,2.36,4.21,100.0,254.92,124.83,103.25,-7.71,18.0,4,2026-04-08 to 2026-07-27 (75 days),-1.0,62.6,0.5357,170.39,188.65,BEARISH,HIGH,Price at statistical extreme; Earnings in 1d (2026-07-29); Earnings conf adj: -2,3.5,-1.0,1.0,1,2026-07-29,,-2
2026-07-28T12:55:11,2026-07-28,CYTK,HOLD,0,Stochastic Oscillator,HIGH,5,63.33,80.62,5.68,0.0,8.52,0.0,0.0,2026-08-07,2.62,8.09,100.0,296.75,147.55,47.52,-9.94,10.7,3,2026-04-08 to 2026-07-27 (75 days),-1.0,49.6,0.3357,78.33,67.46,BULLISH,MEDIUM,Last surprise: -1.2%,5.59,-1.0,1.0,9,2026-08-06,-1.21,0
2026-07-28T12:55:07,2026-07-28,BROS,HOLD,0,VWAP Trend,HIGH,6,63.26,65.7,8.8,0.0,11.28,0.0,0.0,2026-08-05,2.45,3.89,71.4,4.51,142.58,64.95,-14.37,8.3,7,2026-04-08 to 2026-07-27 (75 days),-1.0,50.7,0.4973,62.31,57.29,BULLISH,HIGH,Last surprise: +6.7%; Earnings conf adj: +1,3.77,-1.0,1.0,8,2026-08-05,6.67,1
2026-07-28T12:54:47,2026-07-28,WCC,HOLD,0,ADX Trend Following,HIGH,4,62.96,338.13,7.22,0.0,16.56,0.0,0.0,2026-08-17,2.1,4.61,100.0,228.97,103.05,38.44,-9.4,20.3,3,2026-04-08 to 2026-07-27 (75 days),-1.0,51.9,0.4667,345.76,292.02,BULLISH,HIGH,Earnings in 2d (2026-07-30); Last surprise: +19.1%; Earnings conf adj: -1,4.02,-1.0,1.0,2,2026-07-30,19.08,-1
2026-07-28T12:54:05,2026-07-28,PRU,HOLD,0,MACD Crossover,HIGH,6,62.74,121.89,3.1,0.0,8.84,0.0,0.0,2026-08-19,3.1,5.54,100.0,152.73,63.47,-67.3,-2.66,22.3,3,2026-04-08 to 2026-07-27 (75 days),-1.0,72.2,0.2377,108.38,103.29,BULLISH,MEDIUM,RSI overbought; Strong trend (ADX=37); Last surprise: +16.5%; Earnings conf adj: +1,7.89,-1.0,1.0,7,2026-08-04,16.45,1
2026-07-28T12:55:17,2026-07-28,ZION,HOLD,0,VWAP Trend,HIGH,5,62.71,68.52,3.84,0.0,3.14,0.0,0.0,2026-07-30,2.09,3.66,70.0,2.89,24.68,-27.77,-2.81,2.1,10,2026-04-08 to 2026-07-27 (75 days),-1.0,47.8,0.2749,66.32,59.23,BULLISH,MEDIUM,Strong trend (ADX=30),6.82,-1.0,1.0,83,2026-10-19,,0
2026-07-28T12:55:51,2026-07-28,GEF,HOLD,0,VWAP Trend,MEDIUM,2,62.65,80.33,4.06,0.0,3.96,0.0,0.0,2026-07-30,2.18,5.06,80.0,10.73,18.33,-47.95,-1.8,2.8,5,2026-04-08 to 2026-07-27 (75 days),-1.0,73.5,0.3007,69.05,66.63,BULLISH,MEDIUM,RSI overbought; Price at statistical extreme; EARNINGS TODAY (2026-07-28); Earnings conf adj: -3,6.23,-1.0,1.0,0,2026-07-28,,-3
2026-07-28T12:55:40,2026-07-28,ESNT,EXIT,-1,ADX Trend Following,HIGH,5,62.53,66.37,3.07,68.41,9.21,60.26,8.66,2026-08-21,2.15,3.49,100.0,141.3,56.34,21.41,-7.14,24.0,3,2026-04-08 to 2026-07-27 (75 days),-1.0,62.4,0.2562,61.38,61.04,BULLISH,MEDIUM,Size: Kelly 10.0% / VolTgt 7.3% / Blend 8.7%,7.32,-1.0,1.0,10,2026-08-07,,0
2026-07-28T12:55:58,2026-07-28,ASH,HOLD,0,VWAP Trend,MEDIUM,2,62.27,66.38,4.26,0.0,3.32,0.0,0.0,2026-07-30,2.62,8.95,85.7,20.52,68.11,-12.27,-3.91,2.6,7,2026-04-08 to 2026-07-27 (75 days),-1.0,52.8,0.2618,62.56,57.1,BULLISH,MEDIUM,EARNINGS TODAY (2026-07-28); Earnings conf adj: -3,7.16,-1.0,1.0,0,2026-07-28,,-3
2026-07-28T12:55:27,2026-07-28,UGI,HOLD,0,ADX Trend Following,HIGH,5,61.96,36.89,2.33,0.0,3.5,0.0,0.0,2026-08-07,1.55,2.84,80.0,5.17,18.33,22.77,-3.53,10.2,5,2026-04-08 to 2026-07-27 (75 days),-1.0,64.4,0.1606,34.96,35.57,BEARISH,LOW,Strong trend (ADX=58),10.0,-1.0,1.0,8,2026-08-05,,0
2026-07-28T12:53:40,2026-07-28,KO,HOLD,0,Stochastic Oscillator,MEDIUM,2,61.77,84.07,3.27,0.0,4.91,0.0,0.0,2026-08-09,3.76,11.52,100.0,177.18,73.65,37.54,-2.79,12.3,3,2026-04-08 to 2026-07-27 (75 days),-1.0,56.6,0.306,81.17,74.8,BULLISH,MEDIUM,EARNINGS TODAY (2026-07-28); Last surprise: +6.2%; Earnings conf adj: -3,6.13,-1.0,1.0,0,2026-07-28,6.17,-3
2026-07-28T12:54:48,2026-07-28,OHI,HOLD,0,MACD Crossover,MEDIUM,3,61.5,51.4,2.64,0.0,6.6,0.0,0.0,2026-08-23,2.27,4.34,100.0,115.42,45.42,-14.72,-4.17,26.7,3,2026-04-08 to 2026-07-27 (75 days),-1.0,68.7,0.2157,47.5,44.66,BULLISH,MEDIUM,Strong trend (ADX=35); Earnings in 1d (2026-07-29); Last surprise: -2.0%; Earnings conf adj: -2,8.69,-1.0,1.0,1,2026-07-29,-2.04,-2
2026-07-28T12:54:13,2026-07-28,SO,HOLD,0,Stochastic Oscillator,HIGH,4,60.94,96.48,2.86,0.0,4.29,0.0,0.0,2026-08-11,2.5,4.8,100.0,90.12,33.13,32.75,-1.89,14.0,3,2026-04-08 to 2026-07-27 (75 days),-1.0,54.8,0.2106,94.24,91.86,BULLISH,MEDIUM,Earnings in 2d (2026-07-30); Last surprise: +9.1%; Earnings conf adj: -1,8.91,-1.0,1.0,2,2026-07-30,9.09,-1
2026-07-28T12:52:49,2026-07-28,BRK-B,HOLD,0,Stochastic Oscillator,HIGH,5,60.9,497.18,1.62,0.0,2.43,0.0,0.0,2026-08-09,2.86,6.29,100.0,69.42,23.7,10.78,-2.64,12.3,3,2026-04-08 to 2026-07-27 (75 days),-1.0,55.8,0.1515,489.05,490.11,BEARISH,LOW,Last surprise: +4.2%,10.0,-1.0,1.0,11,2026-08-08,4.16,0
2026-07-28T12:55:28,2026-07-28,FAF,EXIT,-1,VWAP Trend,HIGH,5,60.9,76.28,5.84,80.73,4.52,72.83,7.07,2026-07-29,2.83,5.75,70.0,4.65,36.94,-56.23,-2.58,1.6,10,2026-04-08 to 2026-07-27 (75 days),-1.0,66.7,0.4534,68.11,64.19,BULLISH,HIGH,Price at statistical extreme; Size: Kelly 10.0% / VolTgt 4.1% / Blend 7.1%,4.14,-1.0,1.0,85,2026-10-21,,0
2026-07-28T12:55:49,2026-07-28,IBOC,HOLD,0,VWAP Trend,HIGH,5,60.59,76.65,1.99,0.0,2.22,0.0,0.0,2026-07-30,2.66,5.57,75.0,4.0,19.08,-14.52,-1.86,2.1,8,2026-04-08 to 2026-07-27 (75 days),-1.0,55.7,0.1949,74.47,70.08,BULLISH,LOW,No special conditions,9.62,-1.0,1.0,9,2026-08-06,,0
2026-07-28T12:54:14,2026-07-28,SRE,HOLD,0,VWAP Trend,HIGH,5,60.58,91.25,3.27,0.0,2.53,0.0,0.0,2026-07-30,1.75,2.86,60.0,2.98,18.81,40.87,-2.81,2.5,10,2026-04-08 to 2026-07-27 (75 days),-1.0,45.4,0.2029,91.5,90.89,BULLISH,MEDIUM,Last surprise: +0.0%,9.24,-1.0,1.0,9,2026-08-06,0.0,0
2026-07-28T12:55:49,2026-07-28,SLM,HOLD,0,SMA Crossover (10/50),HIGH,5,60.44,25.42,4.69,0.0,7.04,0.0,0.0,2026-08-17,1.89,3.06,75.0,11.58,62.89,-13.72,-11.16,20.8,4,2026-04-08 to 2026-07-27 (75 days),-1.0,57.1,0.3827,23.42,24.32,BEARISH,MEDIUM,No special conditions,4.9,-1.0,1.0,86,2026-10-22,,0
2026-07-28T12:55:45,2026-07-28,CUZ,HOLD,0,ADX Trend Following,MEDIUM,3,60.42,32.06,3.29,0.0,8.22,0.0,0.0,2026-08-28,3.9,6.95,100.0,261.84,130.7,-111.6,-5.2,31.3,3,2026-04-08 to 2026-07-27 (75 days),-1.0,68.2,0.2126,28.71,25.36,BULLISH,MEDIUM,Strong trend (ADX=50); Earnings in 2d (2026-07-30); Earnings conf adj: -2,8.82,-1.0,1.0,2,2026-07-30,,-2
2026-07-28T12:55:54,2026-07-28,BDC,HOLD,0,VWAP Trend,MEDIUM,2,60.42,105.82,6.0,0.0,8.18,0.0,0.0,2026-08-04,0.63,0.84,71.4,1.53,16.52,57.57,-19.14,7.4,7,2026-04-08 to 2026-07-27 (75 days),-1.0,46.6,0.3819,109.6,118.46,BEARISH,MEDIUM,Strong trend (ADX=41); Earnings in 2d (2026-07-30); Earnings conf adj: -2,4.91,-1.0,1.0,2,2026-07-30,,-2
2026-07-28T12:54:21,2026-07-28,TRV,HOLD,0,ADX Trend Following,HIGH,6,60.41,390.35,4.02,0.0,9.87,0.0,0.0,2026-08-07,3.07,8.34,100.0,213.39,92.87,-51.31,-4.23,10.2,4,2026-04-08 to 2026-07-27 (75 days),-1.0,81.6,0.3925,320.36,295.76,BULLISH,MEDIUM,RSI overbought; Price at statistical extreme; Strong trend (ADX=54); Last surprise: +86.3%; Earnings conf adj: +1,4.78,-1.0,1.0,79,2026-10-15,86.27,1
2026-07-28T12:53:25,2026-07-28,GIS,BUY,1,VWAP Trend,HIGH,6,60.29,36.61,6.84,34.11,9.75,40.18,6.92,2026-08-03,1.92,3.69,60.0,2.95,58.16,45.82,-7.37,6.4,10,2026-04-08 to 2026-07-27 (75 days),0.651,53.6,0.4893,34.42,39.94,BEARISH,HIGH,Last surprise: +18.7%; Earnings conf adj: +1; Size: Kelly 10.0% / VolTgt 3.8% / Blend 6.9%,3.83,-1.0,1.0,57,2026-09-23,18.75,1
2026-07-28T12:53:55,2026-07-28,NSC,HOLD,0,EMA Crossover (9/21),HIGH,6,60.19,343.35,3.34,0.0,10.11,0.0,0.0,2026-08-22,1.69,3.13,100.0,120.76,47.11,-24.83,-6.36,25.7,3,2026-04-08 to 2026-07-27 (75 days),-1.0,65.8,0.2532,317.39,299.21,BULLISH,MEDIUM,Strong trend (ADX=38); Last surprise: +6.0%; Earnings conf adj: +1,7.41,-1.0,1.0,86,2026-10-22,6.02,1
2026-07-28T12:55:13,2026-07-28,CART,HOLD,0,VWAP Trend,MEDIUM,3,60.16,44.06,5.38,0.0,5.67,0.0,0.0,2026-07-31,0.66,0.93,72.7,1.44,16.93,-26.9,-13.32,3.5,11,2026-04-08 to 2026-07-27 (75 days),-1.0,44.6,0.3851,43.75,40.82,BULLISH,MEDIUM,Last surprise: +0.0%,4.87,-1.0,1.0,9,2026-08-06,0.0,0
2026-07-28T12:54:18,2026-07-28,TDG,HOLD,0,VWAP Trend,HIGH,5,60.11,1286.27,4.15,0.0,6.23,0.0,0.0,2026-08-06,2.02,3.65,71.4,3.31,59.65,39.87,-7.58,9.1,7,2026-04-08 to 2026-07-27 (75 days),-1.0,55.8,0.336,1255.15,1281.33,BEARISH,MEDIUM,Strong trend (ADX=39); Last surprise: +4.0%,5.58,-1.0,1.0,7,2026-08-04,4.01,0
2026-07-28T12:55:39,2026-07-28,FBIN,HOLD,0,VWAP Trend,HIGH,5,60.05,51.48,8.44,0.0,12.66,0.0,0.0,2026-08-06,2.65,6.36,80.0,5.61,167.3,31.4,-7.67,9.2,5,2026-04-08 to 2026-07-27 (75 days),-1.0,59.3,0.5974,44.01,47.19,BEARISH,HIGH,No special conditions,3.14,-1.0,1.0,7,2026-08-04,,0
2026-07-28T12:52:52,2026-07-28,CBOE,HOLD,0,MACD Crossover,HIGH,4,59.86,288.87,5.83,0.0,11.11,0.0,0.0,2026-08-11,3.58,9.41,100.0,249.39,122.1,130.42,-4.03,14.3,3,2026-04-08 to 2026-07-27 (75 days),-1.0,60.0,0.3732,290.57,276.75,BULLISH,MEDIUM,Strong trend (ADX=34); Earnings in 3d (2026-07-31); Last surprise: +9.5%; Earnings conf adj: -1,5.02,-1.0,1.0,3,2026-07-31,9.47,-1
2026-07-28T12:52:41,2026-07-28,APO,HOLD,0,VWAP Trend,HIGH,5,59.8,124.24,4.65,0.0,8.47,0.0,0.0,2026-08-08,1.4,2.37,85.7,30.33,39.71,-28.74,-8.43,11.3,7,2026-04-08 to 2026-07-27 (75 days),-1.0,53.9,0.3198,126.46,126.21,BULLISH,MEDIUM,Price at statistical extreme; Last surprise: +3.2%,5.86,-1.0,1.0,7,2026-08-04,3.19,0
2026-07-28T12:54:15,2026-07-28,STT,HOLD,0,MACD Crossover,HIGH,6,59.67,184.66,4.17,0.0,5.94,0.0,0.0,2026-08-09,2.82,5.63,100.0,134.18,53.9,-133.37,-3.23,12.0,4,2026-04-08 to 2026-07-27 (75 days),-1.0,66.3,0.2179,167.83,136.84,BULLISH,MEDIUM,Strong trend (ADX=44); Last surprise: +9.3%; Earnings conf adj: +1,8.61,-1.0,1.0,80,2026-10-16,9.28,1
2026-07-28T12:55:46,2026-07-28,SAIC,HOLD,0,VWAP Trend,HIGH,5,59.4,118.48,4.25,0.0,7.01,0.0,0.0,2026-08-02,3.54,10.73,80.0,60.1,138.18,42.5,-3.82,5.8,5,2026-04-08 to 2026-07-27 (75 days),-1.0,63.0,0.3694,108.33,98.79,BULLISH,MEDIUM,No special conditions,5.08,-1.0,1.0,37,2026-09-03,,0
2026-07-28T12:53:18,2026-07-28,FE,HOLD,0,ADX Trend Following,LOW,1,59.23,49.32,2.77,0.0,4.24,0.0,0.0,2026-08-04,0.88,1.29,80.0,2.32,7.75,17.78,-3.95,7.0,5,2026-04-08 to 2026-07-27 (75 days),-1.0,59.5,0.2037,47.02,46.82,BULLISH,MEDIUM,Strong trend (ADX=45); EARNINGS TODAY (2026-07-28); Last surprise: +0.0%; Earnings conf adj: -3,7.0,-1.0,1.0,0,2026-07-28,0.0,-3
2026-07-28T12:53:21,2026-07-28,FLEX,BUY,1,VWAP Trend,HIGH,4,58.87,116.07,12.0,102.14,12.42,130.49,6.13,2026-07-31,3.67,10.77,100.0,281.14,148.18,-232.65,-3.71,3.6,7,2026-04-08 to 2026-07-27 (75 days),0.27,37.2,0.8314,141.49,86.82,BULLISH,HIGH,Strong trend (ADX=32); Earnings in 1d (2026-07-29); Last surprise: +5.7%; Earnings conf adj: -1; Size: Kelly 10.0% / VolTgt 2.3% / Blend 6.1%,2.26,-1.0,1.0,1,2026-07-29,5.68,-1
2026-07-28T12:53:16,2026-07-28,EXC,HOLD,0,VWAP Trend,MEDIUM,3,58.76,47.15,3.15,0.0,2.75,0.0,0.0,2026-07-30,1.86,3.72,72.7,2.37,16.42,26.92,-1.89,2.1,11,2026-04-08 to 2026-07-27 (75 days),-1.0,54.8,0.2413,45.87,45.61,BULLISH,MEDIUM,Earnings in 2d (2026-07-30); Last surprise: +2.2%; Earnings conf adj: -2,7.77,-1.0,1.0,2,2026-07-30,2.25,-2
2026-07-28T12:54:36,2026-07-28,ILMN,HOLD,0,MACD Crossover,HIGH,4,58.76,189.47,7.68,0.0,12.3,0.0,0.0,2026-08-11,3.11,5.84,100.0,237.51,115.15,-165.08,-7.54,14.8,4,2026-04-08 to 2026-07-27 (75 days),-1.0,56.5,0.4059,169.86,137.13,BULLISH,HIGH,Earnings in 2d (2026-07-30); Last surprise: +8.5%; Earnings conf adj: -1,4.62,-1.0,1.0,2,2026-07-30,8.49,-1
2026-07-28T12:55:25,2026-07-28,BIO,HOLD,0,MACD Crossover,HIGH,5,58.59,316.41,4.32,0.0,6.48,0.0,0.0,2026-08-12,1.74,3.01,100.0,108.22,41.35,-8.18,-11.77,15.0,3,2026-04-08 to 2026-07-27 (75 days),-1.0,66.3,0.2725,292.71,295.08,BEARISH,MEDIUM,Price at statistical extreme,6.88,-1.0,1.0,7,2026-08-04,,0
2026-07-28T12:52:58,2026-07-28,COP,HOLD,0,VWAP Trend,HIGH,6,58.58,115.58,4.1,0.0,2.82,0.0,0.0,2026-07-29,3.19,13.33,66.7,6.83,30.53,52.46,-1.18,1.3,9,2026-04-08 to 2026-07-27 (75 days),-1.0,55.1,0.314,113.94,106.05,BULLISH,MEDIUM,Strong trend (ADX=41); Last surprise: +11.8%; Earnings conf adj: +1,5.97,-1.0,1.0,9,2026-08-06,11.83,1
2026-07-28T12:55:00,2026-07-28,AIT,HOLD,0,VWAP Trend,HIGH,5,58.52,349.31,3.55,0.0,3.03,0.0,0.0,2026-07-30,2.88,5.97,77.8,10.27,45.52,-66.11,-3.12,2.4,9,2026-04-08 to 2026-07-27 (75 days),-1.0,68.0,0.2487,322.86,282.42,BULLISH,MEDIUM,Strong trend (ADX=33); Last surprise: +0.0%,7.54,-1.0,1.0,16,2026-08-13,0.0,0
2026-07-28T12:52:57,2026-07-28,CMS,EXIT,-1,VWAP Trend,MEDIUM,2,58.0,74.27,2.99,76.49,2.56,72.37,9.46,2026-07-30,1.23,2.48,66.7,2.37,11.99,28.14,-3.49,2.4,12,2026-04-08 to 2026-07-27 (75 days),-1.0,48.5,0.2099,74.03,73.35,BULLISH,MEDIUM,EARNINGS TODAY (2026-07-28); Last surprise: +2.7%; Earnings conf adj: -3; Size: Kelly 10.0% / VolTgt 8.9% / Blend 9.5%,8.93,-1.0,1.0,0,2026-07-28,2.73,-3
2026-07-28T12:52:55,2026-07-28,CINF,HOLD,0,Stochastic Oscillator,HIGH,4,57.87,184.23,4.09,0.0,6.13,0.0,0.0,2026-08-12,3.73,9.22,100.0,134.44,48.75,-5.03,-2.56,15.3,3,2026-04-08 to 2026-07-27 (75 days),-1.0,58.4,0.3604,172.4,163.48,BULLISH,MEDIUM,Last surprise: -21.4%; Earnings conf adj: -1,5.2,-1.0,1.0,90,2026-10-26,-21.43,-1
2026-07-28T12:54:02,2026-07-28,PKG,HOLD,0,VWAP Trend,HIGH,5,57.79,252.37,4.93,0.0,5.04,0.0,0.0,2026-07-31,2.85,15.33,71.4,9.08,62.96,-25.05,-1.5,3.0,7,2026-04-08 to 2026-07-27 (75 days),-1.0,71.1,0.3692,226.1,214.28,BULLISH,MEDIUM,RSI overbought; Price at statistical extreme; Last surprise: +1.7%,5.08,-1.0,1.0,85,2026-10-21,1.73,0
2026-07-28T12:53:30,2026-07-28,HPQ,HOLD,0,ADX Trend Following,HIGH,6,57.75,26.55,7.74,0.0,17.86,0.0,0.0,2026-08-24,2.13,4.39,100.0,321.29,174.01,-58.14,-20.52,27.0,3,2026-04-08 to 2026-07-27 (75 days),-1.0,65.6,0.4365,23.89,21.97,BULLISH,HIGH,Price at statistical extreme; Strong trend (ADX=32); Last surprise: +19.4%; Earnings conf adj: +1,4.3,-1.0,1.0,29,2026-08-26,19.44,1
2026-07-28T12:55:16,2026-07-28,SSB,BUY,1,MACD Crossover,HIGH,5,57.65,105.16,2.98,102.03,6.63,112.13,8.98,2026-08-09,1.73,2.94,75.0,9.87,27.63,-6.08,-4.08,12.8,4,2026-04-08 to 2026-07-27 (75 days),0.214,65.5,0.2352,97.7,95.33,BULLISH,MEDIUM,Price at statistical extreme; Last surprise: +2.6%; Size: Kelly 10.0% / VolTgt 8.0% / Blend 9.0%,7.97,-1.0,1.0,85,2026-10-21,2.62,0
2026-07-28T12:53:48,2026-07-28,MLM,HOLD,0,VWAP Trend,HIGH,4,57.6,572.03,4.27,0.0,5.86,0.0,0.0,2026-08-01,2.69,6.05,62.5,4.12,49.12,74.54,-3.05,4.0,8,2026-04-08 to 2026-07-27 (75 days),-1.0,49.4,0.3718,575.08,612.23,BEARISH,MEDIUM,Earnings in 2d (2026-07-30); Last surprise: +5.5%; Earnings conf adj: -1,5.04,-1.0,1.0,2,2026-07-30,5.46,-1
2026-07-28T12:53:55,2026-07-28,NEE,BUY,1,ADX Trend Following,HIGH,4,57.57,88.83,2.03,87.03,4.92,93.2,10.0,2026-08-10,0.87,1.5,100.0,36.24,11.12,27.09,-2.54,13.3,3,2026-04-08 to 2026-07-27 (75 days),0.437,52.9,0.1715,87.58,86.68,BULLISH,LOW,Last surprise: +3.6%; Size: Kelly 10.0% / VolTgt 10.0% / Blend 10.0%,10.0,-1.0,1.0,91,2026-10-27,3.6,0
2026-07-28T12:53:20,2026-07-28,FITB,HOLD,0,VWAP Trend,HIGH,5,57.46,57.0,3.69,0.0,2.66,0.0,0.0,2026-07-30,3.78,15.32,72.7,9.15,62.67,-4.78,-2.2,2.2,11,2026-04-08 to 2026-07-27 (75 days),-1.0,55.5,0.2282,53.36,48.16,BULLISH,MEDIUM,Last surprise: -1.2%,8.22,-1.0,1.0,83,2026-10-19,-1.19,0
2026-07-28T12:55:43,2026-07-28,SBRA,HOLD,0,VWAP Trend,HIGH,5,57.44,22.39,5.24,0.0,4.55,0.0,0.0,2026-07-30,1.44,2.61,75.0,2.78,23.71,-28.39,-9.1,2.0,12,2026-04-08 to 2026-07-27 (75 days),-1.0,75.5,0.4082,19.74,19.09,BULLISH,HIGH,RSI overbought; Price at statistical extreme; Strong trend (ADX=41),4.59,-1.0,1.0,6,2026-08-03,,0
2026-07-28T12:54:07,2026-07-28,REGN,HOLD,0,ADX Trend Following,HIGH,4,57.32,667.17,3.9,0.0,5.85,0.0,0.0,2026-08-08,1.87,3.9,100.0,84.44,30.54,70.34,-4.09,11.5,2,2026-04-08 to 2026-07-27 (75 days),-1.0,55.6,0.3124,640.45,704.83,BEARISH,MEDIUM,Strong trend (ADX=41); Earnings in 2d (2026-07-30); Last surprise: +6.4%; Earnings conf adj: -1,6.0,-1.0,1.0,2,2026-07-30,6.4,-1
2026-07-28T12:52:52,2026-07-28,CARR,BUY,1,VWAP Trend,MEDIUM,2,57.29,69.33,4.56,66.17,4.41,72.39,8.38,2026-08-01,3.41,11.85,71.4,9.23,92.1,7.14,-2.51,4.1,7,2026-04-08 to 2026-07-27 (75 days),0.429,51.9,0.2768,68.11,60.31,BULLISH,MEDIUM,EARNINGS TODAY (2026-07-28); Last surprise: +11.8%; Earnings conf adj: -3; Size: Kelly 10.0% / VolTgt 6.8% / Blend 8.4%,6.77,-1.0,1.0,0,2026-07-28,11.76,-3
2026-07-28T12:54:24,2026-07-28,TXN,HOLD,0,MACD Crossover,HIGH,6,57.25,279.41,9.92,0.0,4.84,0.0,0.0,2026-07-29,2.22,17.79,100.0,45.86,15.51,-158.4,-0.61,1.5,2,2026-04-08 to 2026-07-27 (75 days),-1.0,41.9,0.5021,300.9,222.76,BULLISH,HIGH,Last surprise: +10.3%; Earnings conf adj: +1,3.73,-1.0,1.0,91,2026-10-27,10.31,1
2026-07-28T12:54:49,2026-07-28,NXT,HOLD,0,VWAP Trend,MEDIUM,3,56.84,103.73,12.0,0.0,7.95,0.0,0.0,2026-07-30,2.05,3.49,90.0,4.17,91.74,124.22,-12.38,2.1,10,2026-04-08 to 2026-07-27 (75 days),-1.0,42.4,0.6966,121.86,108.65,BULLISH,HIGH,Earnings in 2d (2026-07-30); Last surprise: +17.0%; Earnings conf adj: -2,2.69,-1.0,1.0,2,2026-07-30,17.02,-2
2026-07-28T12:52:32,2026-07-28,ACGL,HOLD,0,VWAP Trend,MEDIUM,2,56.4,103.88,3.54,0.0,6.64,0.0,0.0,2026-08-05,2.7,5.22,62.5,6.94,60.1,40.66,-4.39,8.0,8,2026-04-08 to 2026-07-27 (75 days),-1.0,62.7,0.2983,95.64,94.51,BULLISH,MEDIUM,EARNINGS TODAY (2026-07-28); Last surprise: +1.6%; Earnings conf adj: -3,6.29,-1.0,1.0,0,2026-07-28,1.63,-3
2026-07-28T12:53:55,2026-07-28,NRG,HOLD,0,VWAP Trend,MEDIUM,2,56.4,136.5,7.92,0.0,8.38,0.0,0.0,2026-08-03,0.73,1.12,55.6,1.45,19.89,61.43,-16.85,6.3,9,2026-04-08 to 2026-07-27 (75 days),-1.0,49.0,0.4238,135.25,153.36,BEARISH,HIGH,Last surprise: -13.9%; Earnings conf adj: -1,4.42,-1.0,1.0,7,2026-08-04,-13.87,-1
2026-07-28T12:54:16,2026-07-28,SW,HOLD,0,Multi-Factor Momentum MR,MEDIUM,2,56.1,50.09,8.37,0.0,16.74,0.0,0.0,2026-08-22,1.65,3.48,100.0,188.44,81.48,-3.66,-10.43,25.5,2,2026-04-08 to 2026-07-27 (75 days),-1.0,68.0,0.6404,42.68,40.6,BULLISH,HIGH,Price at statistical extreme; Earnings in 1d (2026-07-29); Last surprise: -17.5%; Earnings conf adj: -3,2.93,-1.0,1.0,1,2026-07-29,-17.5,-3
2026-07-28T12:53:07,2026-07-28,DLTR,HOLD,0,MACD Crossover,HIGH,6,55.55,125.54,7.23,0.0,11.15,0.0,0.0,2026-08-08,1.33,2.91,80.0,2.83,64.22,-15.89,-10.95,11.6,5,2026-04-08 to 2026-07-27 (75 days),-1.0,56.8,0.4159,112.89,112.53,BULLISH,HIGH,Last surprise: +13.0%; Earnings conf adj: +1,4.51,-1.0,1.0,36,2026-09-02,12.99,1
2026-07-28T12:53:40,2026-07-28,KMB,HOLD,0,ADX Trend Following,HIGH,5,55.02,111.44,4.12,0.0,12.36,0.0,0.0,2026-08-26,1.55,2.47,100.0,114.96,44.39,-23.65,-7.16,29.7,3,2026-04-08 to 2026-07-27 (75 days),-1.0,58.8,0.3046,103.46,101.76,BULLISH,MEDIUM,Last surprise: +2.1%,6.15,-1.0,1.0,7,2026-08-04,2.07,0
2026-07-28T12:53:57,2026-07-28,NXPI,HOLD,0,VWAP Trend,MEDIUM,2,54.94,267.67,9.26,0.0,6.58,0.0,0.0,2026-07-31,2.41,7.17,80.0,4.84,224.83,70.86,-9.0,3.5,10,2026-04-08 to 2026-07-27 (75 days),-1.0,42.0,0.4466,294.9,239.04,BULLISH,HIGH,EARNINGS TODAY (2026-07-28); Last surprise: +2.3%; Earnings conf adj: -3,4.2,-1.0,1.0,0,2026-07-28,2.35,-3
2026-07-28T12:54:44,2026-07-28,NBIX,HOLD,0,MACD Crossover,HIGH,4,54.75,176.41,4.33,0.0,7.51,0.0,0.0,2026-08-07,2.95,8.27,80.0,8.92,96.79,-63.87,-4.8,10.8,5,2026-04-08 to 2026-07-27 (75 days),-1.0,59.1,0.2901,165.33,144.9,BULLISH,MEDIUM,Earnings in 2d (2026-07-30); Last surprise: +14.1%; Earnings conf adj: -1,6.46,-1.0,1.0,2,2026-07-30,14.12,-1
2026-07-28T12:54:10,2026-07-28,RVTY,HOLD,0,VWAP Trend,HIGH,4,54.71,108.07,5.23,0.0,5.11,0.0,0.0,2026-08-01,0.89,1.41,85.7,20.86,14.59,-69.97,-3.98,4.1,7,2026-04-08 to 2026-07-27 (75 days),-1.0,49.2,0.3208,104.27,98.25,BULLISH,MEDIUM,Last surprise: +5.0%,5.85,-1.0,1.0,7,2026-08-04,4.95,0
2026-07-28T12:54:38,2026-07-28,P,HOLD,0,Stochastic Oscillator,HIGH,6,54.68,74.21,11.22,0.0,16.83,0.0,0.0,2026-08-14,1.81,3.37,100.0,178.83,73.86,-8.07,-10.23,17.0,2,2026-04-08 to 2026-07-27 (75 days),-1.0,49.7,0.7021,76.13,74.72,BULLISH,HIGH,Last surprise: +17.5%; Earnings conf adj: +1,2.67,-1.0,1.0,29,2026-08-26,17.5,1
2026-07-28T12:55:16,2026-07-28,DOCU,HOLD,0,VWAP Trend,HIGH,5,54.36,52.91,10.18,0.0,11.93,0.0,0.0,2026-08-03,2.81,5.66,70.0,5.31,199.01,134.45,-11.88,6.1,10,2026-04-08 to 2026-07-27 (75 days),-1.0,61.0,0.6136,47.87,55.06,BEARISH,HIGH,No special conditions,3.06,-1.0,1.0,37,2026-09-03,,0
2026-07-28T12:53:48,2026-07-28,MET,BUY,1,MACD Crossover,HIGH,6,54.18,95.19,2.79,92.53,7.1,101.95,9.07,2026-08-12,1.88,3.44,100.0,73.59,26.3,-111.89,-3.67,15.3,3,2026-04-08 to 2026-07-27 (75 days),0.659,68.0,0.2306,86.81,78.63,BULLISH,MEDIUM,Strong trend (ADX=35); Last surprise: +6.6%; Earnings conf adj: +1; Size: Kelly 10.0% / VolTgt 8.1% / Blend 9.1%,8.13,-1.0,1.0,8,2026-08-05,6.61,1
2026-07-28T12:54:23,2026-07-28,TTWO,HOLD,0,Stochastic Oscillator,HIGH,6,54.09,243.95,4.41,0.0,6.62,0.0,0.0,2026-08-07,2.25,6.76,100.0,143.85,53.84,-35.88,-5.46,10.5,2,2026-04-08 to 2026-07-27 (75 days),-1.0,55.0,0.3521,233.65,230.11,BULLISH,MEDIUM,Last surprise: +38.5%; Earnings conf adj: +1,5.33,-1.0,1.0,10,2026-08-07,38.46,1
2026-07-28T12:54:02,2026-07-28,PLD,EXIT,-1,VWAP Trend,HIGH,6,53.89,147.26,3.67,152.66,3.36,142.31,8.26,2026-07-30,2.82,5.62,75.0,3.19,37.15,7.41,-3.56,2.2,12,2026-04-08 to 2026-07-27 (75 days),-1.0,56.2,0.2876,143.04,132.87,BULLISH,MEDIUM,Last surprise: +48.0%; Earnings conf adj: +1; Size: Kelly 10.0% / VolTgt 6.5% / Blend 8.3%,6.52,-1.0,1.0,78,2026-10-14,48.0,1
2026-07-28T12:55:42,2026-07-28,BKH,HOLD,0,ADX Trend Following,HIGH,5,53.79,74.66,3.16,0.0,7.21,0.0,0.0,2026-08-14,1.16,2.25,100.0,62.58,21.66,14.32,-5.6,17.7,3,2026-04-08 to 2026-07-27 (75 days),-1.0,52.2,0.2177,73.55,70.59,BULLISH,MEDIUM,No special conditions,8.61,-1.0,1.0,8,2026-08-05,,0
2026-07-28T12:54:20,2026-07-28,TRGP,HOLD,0,VWAP Trend,HIGH,6,53.65,267.64,3.97,0.0,3.87,0.0,0.0,2026-07-30,2.43,5.78,77.8,5.26,29.78,-9.59,-2.46,2.0,9,2026-04-08 to 2026-07-27 (75 days),-1.0,44.7,0.3479,269.77,218.7,BULLISH,MEDIUM,Last surprise: +7.4%; Earnings conf adj: +1,5.39,-1.0,1.0,9,2026-08-06,7.39,1
2026-07-28T12:54:00,2026-07-28,PEG,HOLD,0,ADX Trend Following,HIGH,6,53.4,79.21,2.33,0.0,3.5,0.0,0.0,2026-08-08,1.67,2.45,66.7,4.41,28.48,39.55,-5.55,11.8,6,2026-04-08 to 2026-07-27 (75 days),-1.0,47.1,0.1851,79.29,79.96,BEARISH,LOW,Last surprise: +8.4%; Earnings conf adj: +1,10.0,-1.0,1.0,7,2026-08-04,8.39,1
2026-07-28T12:53:43,2026-07-28,LNT,HOLD,0,VWAP Trend,MEDIUM,2,53.37,73.93,3.09,0.0,2.79,0.0,0.0,2026-07-30,0.73,1.25,75.0,1.63,4.84,-2.3,-3.3,2.6,8,2026-04-08 to 2026-07-27 (75 days),-1.0,46.0,0.2197,73.95,69.53,BULLISH,MEDIUM,Earnings in 2d (2026-07-30); Last surprise: +2.5%; Earnings conf adj: -2,8.54,-1.0,1.0,2,2026-07-30,2.5,-2
2026-07-28T12:53:17,2026-07-28,FAST,HOLD,0,VWAP Trend,HIGH,5,53.29,47.64,4.81,0.0,2.95,0.0,0.0,2026-07-29,2.44,5.46,80.0,4.8,23.29,25.3,-1.57,1.9,10,2026-04-08 to 2026-07-27 (75 days),-1.0,58.1,0.2719,45.79,43.95,BULLISH,MEDIUM,Last surprise: +0.0%,6.9,-1.0,1.0,78,2026-10-14,0.0,0
2026-07-28T12:53:58,2026-07-28,O,HOLD,0,VWAP Trend,HIGH,4,53.26,65.5,2.65,0.0,2.39,0.0,0.0,2026-07-29,2.65,11.17,75.0,6.95,20.93,0.23,-1.04,1.8,8,2026-04-08 to 2026-07-27 (75 days),-1.0,62.4,0.2264,62.18,60.04,BULLISH,MEDIUM,Strong trend (ADX=40); Last surprise: -19.0%; Earnings conf adj: -1,8.28,-1.0,1.0,8,2026-08-05,-19.05,-1
2026-07-28T12:55:26,2026-07-28,ATR,BUY,1,MACD Crossover,MEDIUM,3,53.21,133.37,3.86,128.22,5.79,141.09,8.4,2026-08-14,2.54,4.93,66.7,5.97,57.13,52.21,-4.33,17.7,3,2026-04-08 to 2026-07-27 (75 days),0.881,65.6,0.2756,121.14,124.56,BEARISH,MEDIUM,Strong trend (ADX=41); Earnings in 2d (2026-07-30); Earnings conf adj: -2; Size: Kelly 10.0% / VolTgt 6.8% / Blend 8.4%,6.8,-1.0,1.0,2,2026-07-30,,-2
2026-07-28T12:55:46,2026-07-28,OGS,HOLD,0,ADX Trend Following,HIGH,5,53.15,79.97,3.2,0.0,4.8,0.0,0.0,2026-08-09,1.21,2.16,100.0,40.43,13.04,43.81,-2.9,12.5,2,2026-04-08 to 2026-07-27 (75 days),-1.0,54.4,0.2343,78.88,80.97,BEARISH,MEDIUM,No special conditions,8.0,-1.0,1.0,7,2026-08-04,,0
2026-07-28T12:53:00,2026-07-28,CRWD,HOLD,0,VWAP Trend,HIGH,5,53.13,180.11,11.99,0.0,13.34,0.0,0.0,2026-08-04,2.61,4.44,83.3,2.77,119.63,-376.45,-17.79,7.2,6,2026-04-08 to 2026-07-27 (75 days),-1.0,45.0,0.6314,177.85,131.18,BULLISH,HIGH,Last surprise: +3.7%,2.97,-1.0,1.0,35,2026-09-01,3.7,0
2026-07-28T12:55:44,2026-07-28,ALK,EXIT,-1,ADX Trend Following,HIGH,5,52.96,47.5,10.75,52.61,17.48,39.2,7.02,2026-08-19,1.88,3.56,100.0,257.87,130.06,49.14,-19.1,22.8,4,2026-04-08 to 2026-07-27 (75 days),-1.0,51.0,0.4649,45.98,45.82,BULLISH,HIGH,Size: Kelly 10.0% / VolTgt 4.0% / Blend 7.0%,4.03,-1.0,1.0,86,2026-10-22,,0
2026-07-28T12:54:57,2026-07-28,ALLY,HOLD,0,MACD Crossover,HIGH,5,52.74,43.68,3.91,0.0,7.23,0.0,0.0,2026-08-10,1.58,2.8,100.0,59.66,20.88,1.13,-4.08,13.0,2,2026-04-08 to 2026-07-27 (75 days),-1.0,41.9,0.2547,44.17,41.91,BULLISH,MEDIUM,Last surprise: -0.8%,7.36,-1.0,1.0,80,2026-10-16,-0.82,0
2026-07-28T12:55:27,2026-07-28,AVTR,HOLD,0,VWAP Trend,MEDIUM,3,52.6,11.76,9.18,0.0,11.74,0.0,0.0,2026-08-05,2.84,5.28,55.6,4.99,205.89,-65.46,-12.23,8.6,9,2026-04-08 to 2026-07-27 (75 days),-1.0,68.7,0.5083,9.63,10.24,BEARISH,HIGH,Strong trend (ADX=31); Earnings in 1d (2026-07-29); Earnings conf adj: -2,3.69,-1.0,1.0,1,2026-07-29,,-2
2026-07-28T12:52:46,2026-07-28,BAX,HOLD,0,VWAP Trend,HIGH,4,52.53,23.34,7.43,0.0,13.85,0.0,0.0,2026-08-10,2.36,3.84,71.4,3.74,130.65,-50.41,-10.48,13.0,7,2026-04-08 to 2026-07-27 (75 days),-1.0,61.7,0.4878,20.52,19.5,BULLISH,HIGH,Earnings in 2d (2026-07-30); Last surprise: +16.1%; Earnings conf adj: -1,3.84,-1.0,1.0,2,2026-07-30,16.13,-1
2026-07-28T12:55:04,2026-07-28,AFG,HOLD,0,VWAP Trend,HIGH,5,52.39,143.88,2.26,0.0,2.71,0.0,0.0,2026-07-31,1.01,1.85,66.7,4.76,6.8,-33.82,-2.46,3.5,6,2026-04-08 to 2026-07-27 (75 days),-1.0,63.1,0.184,135.86,131.05,BULLISH,LOW,Price at statistical extreme; Last surprise: -3.5%,10.0,-1.0,1.0,7,2026-08-04,-3.52,0
2026-07-28T12:52:46,2026-07-28,BAC,HOLD,0,ADX Trend Following,HIGH,6,52.24,62.13,3.09,0.0,8.55,0.0,0.0,2026-08-23,3.94,7.05,100.0,193.29,82.96,-5.11,-4.18,26.7,3,2026-04-08 to 2026-07-27 (75 days),-1.0,68.9,0.2102,55.99,52.82,BULLISH,MEDIUM,Last surprise: +8.0%; Earnings conf adj: +1,8.92,-1.0,1.0,78,2026-10-14,8.04,1
2026-07-28T12:53:13,2026-07-28,EMR,HOLD,0,MACD Crossover,HIGH,4,52.0,149.3,4.23,0.0,7.58,0.0,0.0,2026-08-08,0.88,1.24,100.0,47.26,15.66,-2.71,-6.12,11.0,3,2026-04-08 to 2026-07-27 (75 days),-1.0,64.2,0.2901,140.42,138.37,BULLISH,MEDIUM,Price at statistical extreme; Last surprise: +0.7%,6.46,-1.0,1.0,7,2026-08-04,0.65,0
2026-07-28T12:52:57,2026-07-28,CNP,HOLD,0,Stochastic Oscillator,MEDIUM,2,51.84,44.01,3.04,0.0,4.56,0.0,0.0,2026-08-22,2.39,3.56,100.0,95.89,35.86,31.34,-4.13,25.5,2,2026-04-08 to 2026-07-27 (75 days),-1.0,54.2,0.2185,43.03,40.98,BULLISH,MEDIUM,EARNINGS TODAY (2026-07-28); Last surprise: +1.8%; Earnings conf adj: -3,8.58,-1.0,1.0,0,2026-07-28,1.82,-3
2026-07-28T12:54:53,2026-07-28,CRBG,HOLD,0,VWAP Trend,HIGH,5,51.76,31.73,3.81,0.0,8.7,0.0,0.0,2026-08-10,2.73,4.75,80.0,21.96,88.31,-46.7,-6.45,13.6,5,2026-04-08 to 2026-07-27 (75 days),-1.0,62.8,0.2994,28.7,28.3,BULLISH,MEDIUM,Last surprise: +1.9%,6.26,-1.0,1.0,7,2026-08-04,1.94,0
2026-07-28T12:53:31,2026-07-28,HST,HOLD,0,VWAP Trend,HIGH,6,51.74,24.97,3.35,0.0,3.24,0.0,0.0,2026-07-30,2.07,4.17,70.0,6.63,25.9,-128.48,-2.95,2.8,10,2026-04-08 to 2026-07-27 (75 days),-1.0,66.4,0.2458,23.13,19.07,BULLISH,MEDIUM,Price at statistical extreme; Last surprise: +118.2%; Earnings conf adj: +1,7.63,-1.0,1.0,8,2026-08-05,118.18,1
2026-07-28T12:54:12,2026-07-28,SMCI,BUY,1,VWAP Trend,HIGH,6,51.72,29.81,12.0,26.23,18.0,35.18,5.94,2026-08-07,3.85,10.39,83.3,11.68,1847.08,1718.01,-27.1,10.7,6,2026-04-08 to 2026-07-27 (75 days),0.206,51.6,0.9962,32.73,33.47,BEARISH,HIGH,Strong trend (ADX=36); Last surprise: +35.5%; Earnings conf adj: +1; Size: Kelly 10.0% / VolTgt 1.9% / Blend 5.9%,1.88,-1.0,1.0,14,2026-08-11,35.48,1
2026-07-28T12:54:36,2026-07-28,FTI,HOLD,0,ADX Trend Following,HIGH,4,51.7,75.04,4.18,0.0,5.44,0.0,0.0,2026-08-02,2.04,6.56,66.7,9.02,21.63,5.25,-1.39,5.0,3,2026-04-08 to 2026-07-27 (75 days),-1.0,62.9,0.3088,69.78,59.05,BULLISH,MEDIUM,Strong trend (ADX=36); Earnings in 2d (2026-07-30); Last surprise: +14.3%; Earnings conf adj: -1,6.07,-1.0,1.0,2,2026-07-30,14.29,-1
2026-07-28T12:56:00,2026-07-28,XRAY,HOLD,0,VWAP Trend,HIGH,5,51.66,13.02,9.66,0.0,12.87,0.0,0.0,2026-08-06,2.84,4.75,75.0,4.38,157.09,124.69,-9.47,9.8,8,2026-04-08 to 2026-07-27 (75 days),-1.0,59.1,0.5222,11.05,11.72,BEARISH,HIGH,Strong trend (ADX=41),3.59,-1.0,1.0,9,2026-08-06,,0
2026-07-28T12:52:45,2026-07-28,AXON,BUY,1,Stochastic Oscillator,HIGH,5,51.58,525.48,11.65,464.26,17.48,617.33,6.22,2026-08-12,4.82,19.78,100.0,597.63,446.8,274.42,-3.03,15.5,2,2026-04-08 to 2026-07-27 (75 days),0.27,52.1,0.7663,478.73,519.62,BEARISH,HIGH,Last surprise: +0.6%; Size: Kelly 10.0% / VolTgt 2.5% / Blend 6.2%,2.45,-1.0,1.0,8,2026-08-05,0.63,0
2026-07-28T12:54:25,2026-07-28,UNH,HOLD,0,VWAP Trend,HIGH,6,51.44,417.64,4.66,0.0,4.63,0.0,0.0,2026-08-01,3.7,18.07,66.7,12.68,85.62,-108.5,-2.35,4.3,6,2026-04-08 to 2026-07-27 (75 days),-1.0,49.8,0.2833,406.55,339.84,BULLISH,MEDIUM,Strong trend (ADX=36); Last surprise: +29.7%; Earnings conf adj: +1,6.62,-1.0,1.0,91,2026-10-27,29.67,1
2026-07-28T12:53:11,2026-07-28,EG,HOLD,0,ADX Trend Following,HIGH,4,51.37,389.34,3.06,0.0,8.83,0.0,0.0,2026-08-13,2.69,5.41,75.0,14.41,59.66,-13.66,-3.64,16.2,4,2026-04-08 to 2026-07-27 (75 days),-1.0,68.2,0.2787,351.59,334.07,BULLISH,MEDIUM,Price at statistical extreme; Strong trend (ADX=31); Earnings in 1d (2026-07-29); Last surprise: +15.2%; Earnings conf adj: -1,6.73,-1.0,1.0,1,2026-07-29,15.19,-1
2026-07-28T12:54:46,2026-07-28,NLY,BUY,1,VWAP Trend,MEDIUM,3,51.35,22.57,2.38,22.03,2.24,23.08,9.77,2026-07-30,-0.24,-0.36,62.5,1.03,-2.55,-28.46,-5.56,2.1,8,2026-04-08 to 2026-07-27 (75 days),0.52,53.4,0.1966,21.7,21.01,BULLISH,LOW,Last surprise: +5.3%; Earnings conf adj: +1; Size: Kelly 10.0% / VolTgt 9.5% / Blend 9.8%,9.54,-1.0,1.0,85,2026-10-21,5.33,1
2026-07-28T12:54:34,2026-07-28,XEL,HOLD,0,Stochastic Oscillator,MEDIUM,3,51.24,80.71,2.36,0.0,3.54,0.0,0.0,2026-08-10,2.55,4.45,100.0,69.81,24.24,24.83,-2.44,13.5,2,2026-04-08 to 2026-07-27 (75 days),-1.0,54.9,0.1994,79.26,78.11,BULLISH,LOW,Earnings in 2d (2026-07-30); Last surprise: +0.0%; Earnings conf adj: -2,9.4,-1.0,1.0,2,2026-07-30,0.0,-2
2026-07-28T12:55:14,2026-07-28,CFR,HOLD,0,MACD Crossover,HIGH,4,51.23,163.88,2.14,0.0,5.85,0.0,0.0,2026-08-14,3.28,5.63,66.7,6.39,44.69,-18.46,-2.55,17.7,3,2026-04-08 to 2026-07-27 (75 days),-1.0,71.2,0.1767,147.84,135.81,BULLISH,LOW,RSI overbought; Strong trend (ADX=39); Earnings in 2d (2026-07-30); Last surprise: +6.4%; Earnings conf adj: -1,10.0,-1.0,1.0,2,2026-07-30,6.43,-1
2026-07-28T12:55:58,2026-07-28,OPCH,BUY,1,EMA Crossover (9/21),MEDIUM,2,51.16,21.81,4.38,20.85,6.57,23.24,8.06,2026-08-12,1.0,1.78,100.0,47.24,16.44,79.25,-4.73,15.5,2,2026-04-08 to 2026-07-27 (75 days),0.444,52.6,0.307,21.21,27.79,BEARISH,MEDIUM,Earnings in 1d (2026-07-29); Earnings conf adj: -2; Size: Kelly 10.0% / VolTgt 6.1% / Blend 8.1%,6.11,-1.0,1.0,1,2026-07-29,,-2
2026-07-28T12:54:46,2026-07-28,OVV,HOLD,0,ADX Trend Following,MEDIUM,3,51.12,60.08,4.22,0.0,4.35,0.0,0.0,2026-08-01,0.67,0.94,80.0,1.87,10.94,-12.45,-8.32,4.6,5,2026-04-08 to 2026-07-27 (75 days),-1.0,63.4,0.2575,56.42,48.43,BULLISH,MEDIUM,Strong trend (ADX=45); Last surprise: -10.3%; Earnings conf adj: -1,7.28,-1.0,1.0,-5,2026-07-23,-10.31,-1
2026-07-28T12:55:09,2026-07-28,WTRG,HOLD,0,ADX Trend Following,HIGH,5,51.04,39.54,3.57,0.0,5.35,0.0,0.0,2026-08-09,1.16,2.0,75.0,2.66,20.49,23.96,-7.1,12.2,4,2026-04-08 to 2026-07-27 (75 days),-1.0,58.8,0.245,37.85,38.5,BEARISH,MEDIUM,Last surprise: -4.6%,7.65,-1.0,1.0,7,2026-08-04,-4.6,0
2026-07-28T12:54:22,2026-07-28,TSCO,HOLD,1,VWAP Trend,LOW,1,51.03,31.8,5.26,30.13,7.89,34.31,0.0,2026-08-05,-0.05,-0.07,66.7,0.96,-5.21,63.94,-10.04,8.0,9,2026-04-08 to 2026-07-27 (75 days),-1.0,57.4,0.3642,30.55,44.51,BEARISH,MEDIUM,Last surprise: -15.9%; Earnings conf adj: -1,5.15,-1.0,1.0,86,2026-10-22,-15.85,-1
2026-07-28T12:55:39,2026-07-28,GXO,HOLD,0,ADX Trend Following,HIGH,5,50.82,53.29,5.4,0.0,8.1,0.0,0.0,2026-08-13,1.53,2.38,66.7,25.77,43.82,62.76,-5.7,16.0,3,2026-04-08 to 2026-07-27 (75 days),-1.0,55.6,0.4,50.15,53.69,BEARISH,MEDIUM,No special conditions,4.69,-1.0,1.0,7,2026-08-04,,0
2026-07-28T12:54:11,2026-07-28,SBUX,HOLD,0,EMA Crossover (9/21),MEDIUM,3,50.63,103.65,4.1,0.0,8.2,0.0,0.0,2026-08-26,0.71,1.31,100.0,45.19,15.19,-11.72,-9.83,29.3,3,2026-04-08 to 2026-07-27 (75 days),-1.0,49.5,0.2362,102.53,93.54,BULLISH,MEDIUM,Earnings in 1d (2026-07-29); Last surprise: +13.6%; Earnings conf adj: -1,7.94,-1.0,1.0,1,2026-07-29,13.64,-1
2026-07-28T12:53:22,2026-07-28,FTNT,HOLD,0,VWAP Trend,HIGH,4,50.61,152.38,6.63,0.0,7.9,0.0,0.0,2026-08-03,3.58,14.21,80.0,41.09,317.64,-357.64,-4.97,6.4,5,2026-04-08 to 2026-07-27 (75 days),-1.0,48.6,0.3967,146.57,98.81,BULLISH,MEDIUM,Strong trend (ADX=35); Earnings in 1d (2026-07-29); Last surprise: +32.3%; Earnings conf adj: -1,4.73,-1.0,1.0,1,2026-07-29,32.26,-1
2026-07-28T12:55:46,2026-07-28,NOVT,HOLD,0,ADX Trend Following,HIGH,5,50.56,140.8,11.34,0.0,15.99,0.0,0.0,2026-08-14,1.75,3.56,100.0,206.56,92.99,32.06,-9.85,17.3,3,2026-04-08 to 2026-07-27 (75 days),-1.0,38.6,0.4883,155.37,132.0,BULLISH,HIGH,Strong trend (ADX=34),3.84,-1.0,1.0,8,2026-08-05,,0
2026-07-28T12:52:51,2026-07-28,CASY,HOLD,0,Stochastic Oscillator,HIGH,6,50.49,853.38,5.13,0.0,7.7,0.0,0.0,2026-08-12,1.34,4.17,100.0,166.07,63.23,13.4,-6.18,15.5,2,2026-04-08 to 2026-07-27 (75 days),-1.0,54.3,0.3952,824.58,683.69,BULLISH,MEDIUM,Last surprise: +32.0%; Earnings conf adj: +1,4.74,-1.0,1.0,43,2026-09-09,32.02,1
2026-07-28T12:52:59,2026-07-28,CPAY,HOLD,0,ADX Trend Following,HIGH,6,50.46,379.71,4.51,0.0,8.85,0.0,0.0,2026-08-10,1.68,3.9,75.0,3.28,60.95,-52.49,-7.33,13.8,4,2026-04-08 to 2026-07-27 (75 days),-1.0,63.4,0.3027,351.44,318.37,BULLISH,MEDIUM,Last surprise: +6.0%; Earnings conf adj: +1,6.19,-1.0,1.0,8,2026-08-05,6.03,1
2026-07-28T12:54:26,2026-07-28,USB,HOLD,0,ADX Trend Following,HIGH,5,50.44,63.49,3.01,0.0,8.26,0.0,0.0,2026-08-21,2.56,4.25,100.0,129.53,50.78,-13.38,-3.01,24.7,3,2026-04-08 to 2026-07-27 (75 days),-1.0,61.9,0.2111,58.28,53.38,BULLISH,MEDIUM,Strong trend (ADX=39); Last surprise: +4.7%,8.88,-1.0,1.0,79,2026-10-15,4.65,0
2026-07-28T12:52:54,2026-07-28,CHRW,HOLD,0,Stochastic Oscillator,HIGH,4,50.35,174.46,7.61,0.0,11.42,0.0,0.0,2026-08-16,4.37,12.78,100.0,250.16,113.83,108.52,-3.55,19.5,2,2026-04-08 to 2026-07-27 (75 days),-1.0,35.1,0.6102,185.84,170.07,BULLISH,HIGH,High volume; Price at statistical extreme; Strong trend (ADX=59); Earnings in 1d (2026-07-29); Last surprise: +9.8%; Earnings conf adj: -1,3.07,-1.0,1.0,1,2026-07-29,9.76,-1
2026-07-28T12:55:10,2026-07-28,AHR,HOLD,0,MACD Crossover,HIGH,4,50.24,57.45,3.59,0.0,10.62,0.0,0.0,2026-08-21,2.57,4.65,100.0,201.77,86.62,4.38,-5.58,24.3,3,2026-04-08 to 2026-07-27 (75 days),-1.0,67.4,0.2736,50.88,48.64,BULLISH,MEDIUM,Strong trend (ADX=52); Last surprise: -6.7%; Earnings conf adj: -1,6.85,-1.0,1.0,9,2026-08-06,-6.67,-1
2026-07-28T12:53:09,2026-07-28,DVA,HOLD,0,VWAP Trend,HIGH,6,50.16,236.31,3.94,0.0,2.92,0.0,0.0,2026-07-30,1.7,10.37,66.7,9.91,94.74,-292.4,-4.42,2.8,6,2026-04-08 to 2026-07-27 (75 days),-1.0,65.1,0.2214,212.66,153.84,BULLISH,MEDIUM,Last surprise: +23.2%; Earnings conf adj: +1,8.47,-1.0,1.0,7,2026-08-04,23.18,1
2026-07-28T12:55:55,2026-07-28,PVH,HOLD,0,Stochastic Oscillator,HIGH,5,50.16,83.93,5.64,0.0,8.46,0.0,0.0,2026-08-21,3.6,8.56,100.0,325.32,167.71,180.82,-4.01,24.0,2,2026-04-08 to 2026-07-27 (75 days),-1.0,59.8,0.3982,80.94,76.48,BULLISH,MEDIUM,Price at statistical extreme,4.71,-1.0,1.0,28,2026-08-25,,0
2026-07-28T12:54:30,2026-07-28,WAT,EXIT,-1,VWAP Trend,HIGH,5,49.91,371.2,4.83,389.13,3.33,358.84,8.28,2026-07-30,2.38,11.6,62.5,13.63,83.3,14.91,-4.02,2.2,8,2026-04-08 to 2026-07-27 (75 days),-1.0,51.1,0.2854,363.36,353.13,BULLISH,MEDIUM,Last surprise: +16.9%; Earnings conf adj: +1; Size: Kelly 10.0% / VolTgt 6.6% / Blend 8.3%,6.57,-1.0,1.0,7,2026-08-04,16.88,1
2026-07-28T12:53:15,2026-07-28,ETR,HOLD,0,MACD Crossover,MEDIUM,2,49.76,113.76,2.39,0.0,4.78,0.0,0.0,2026-08-08,1.55,2.43,66.7,5.77,14.26,14.94,-2.98,11.7,3,2026-04-08 to 2026-07-27 (75 days),-1.0,50.3,0.1914,112.28,103.06,BULLISH,LOW,Earnings in 1d (2026-07-29); Last surprise: +2.4%; Earnings conf adj: -2,9.8,-1.0,1.0,1,2026-07-29,2.38,-2
2026-07-28T12:55:20,2026-07-28,MANH,HOLD,0,Stochastic Oscillator,LOW,1,49.7,159.29,9.82,0.0,14.73,0.0,0.0,2026-08-14,4.33,12.39,100.0,394.98,233.7,151.22,-4.74,17.5,2,2026-04-08 to 2026-07-27 (75 days),-1.0,57.3,0.5597,145.27,156.15,BEARISH,HIGH,EARNINGS TODAY (2026-07-28); Earnings conf adj: -3,3.35,-1.0,1.0,0,2026-07-28,,-3
2026-07-28T12:55:04,2026-07-28,FHN,HOLD,0,MACD Crossover,HIGH,4,49.69,25.48,3.52,0.0,5.18,0.0,0.0,2026-08-07,2.26,3.64,100.0,64.32,22.34,-1.38,-3.07,10.7,3,2026-04-08 to 2026-07-27 (75 days),-1.0,52.2,0.2011,24.79,23.45,BULLISH,MEDIUM,Last surprise: +3.8%,9.33,-1.0,1.0,78,2026-10-14,3.85,0
2026-07-28T12:54:14,2026-07-28,SPG,BUY,1,Momentum (Rate of Change),MEDIUM,3,49.68,231.67,3.05,224.6,6.1,245.8,9.2,2026-09-15,2.33,3.63,100.0,141.96,56.98,-32.81,-4.19,49.5,2,2026-04-08 to 2026-07-27 (75 days),0.325,66.3,0.2229,214.44,192.17,BULLISH,MEDIUM,Last surprise: -18.1%; Earnings conf adj: -1; Size: Kelly 10.0% / VolTgt 8.4% / Blend 9.2%,8.41,-1.0,1.0,13,2026-08-10,-18.12,-1
2026-07-28T12:55:25,2026-07-28,HQY,HOLD,0,VWAP Trend,HIGH,4,49.59,99.05,4.45,0.0,11.49,0.0,0.0,2026-08-12,1.81,3.04,66.7,6.48,70.28,-20.39,-9.94,15.2,6,2026-04-08 to 2026-07-27 (75 days),-1.0,62.5,0.3742,89.86,88.32,BULLISH,MEDIUM,Strong trend (ADX=32),5.01,-1.0,1.0,35,2026-09-01,,0
2026-07-28T12:53:21,2026-07-28,FOXA,HOLD,0,Stochastic Oscillator,HIGH,5,49.58,56.64,4.54,0.0,6.81,0.0,0.0,2026-08-26,2.77,5.74,100.0,229.52,103.64,122.48,-5.61,29.5,2,2026-04-08 to 2026-07-27 (75 days),-1.0,51.0,0.352,59.08,62.86,BEARISH,MEDIUM,Last surprise: +36.1%; Earnings conf adj: +1,5.33,-1.0,1.0,9,2026-08-06,36.08,1
2026-07-28T12:55:29,2026-07-28,CMC,HOLD,0,Momentum (Rate of Change),HIGH,4,49.16,68.04,5.84,0.0,17.52,0.0,0.0,2026-08-31,2.18,4.09,100.0,196.13,76.81,54.3,-4.7,34.5,2,2026-04-08 to 2026-07-27 (75 days),-1.0,52.4,0.4775,70.11,67.77,BULLISH,HIGH,No special conditions,3.93,-1.0,1.0,79,2026-10-15,,0
2026-07-28T12:52:54,2026-07-28,CHD,HOLD,1,EMA Crossover (9/21),LOW,0,49.11,98.7,3.64,95.11,5.46,104.09,0.0,2026-08-10,0.37,0.51,80.0,1.73,5.38,-13.15,-6.7,13.8,5,2026-04-08 to 2026-07-27 (75 days),-1.0,54.5,0.2506,96.72,92.39,BULLISH,MEDIUM,Earnings in 3d (2026-07-31); Last surprise: +2.2%; Earnings conf adj: -2,7.0,-1.0,1.0,3,2026-07-31,2.15,-2
2026-07-28T12:55:57,2026-07-28,RH,HOLD,0,VWAP Trend,HIGH,4,48.98,179.57,11.93,0.0,16.42,0.0,0.0,2026-08-08,3.03,7.79,75.0,10.25,216.44,-78.13,-8.89,11.2,4,2026-04-08 to 2026-07-27 (75 days),-1.0,58.0,0.6229,154.97,163.72,BEARISH,HIGH,No special conditions,3.01,-1.0,1.0,44,2026-09-10,,0
2026-07-28T12:55:28,2026-07-28,THG,HOLD,0,ADX Trend Following,LOW,1,48.89,219.52,3.55,0.0,5.32,0.0,0.0,2026-08-28,3.03,4.89,100.0,189.81,83.43,-21.7,-6.64,31.7,3,2026-04-08 to 2026-07-27 (75 days),-1.0,63.2,0.267,202.44,182.41,BULLISH,MEDIUM,EARNINGS TODAY (2026-07-28); Earnings conf adj: -3,7.0,-1.0,1.0,0,2026-07-28,,-3
2026-07-28T12:53:51,2026-07-28,MRNA,HOLD,0,VWAP Trend,MEDIUM,3,48.88,55.63,12.0,0.0,11.14,0.0,0.0,2026-07-30,1.26,2.46,62.5,1.92,59.9,34.89,-9.97,2.6,8,2026-04-08 to 2026-07-27 (75 days),-1.0,38.5,0.8773,57.73,44.15,BULLISH,HIGH,Strong trend (ADX=37); Earnings in 3d (2026-07-31); Last surprise: +12.4%; Earnings conf adj: -1,2.14,-1.0,1.0,3,2026-07-31,12.37,-1
2026-07-28T12:53:51,2026-07-28,MRVL,EXIT,-1,52-Week High Momentum,HIGH,4,48.84,189.17,12.0,211.87,27.36,137.41,6.02,2026-08-11,3.52,7.61,100.0,924.56,1195.43,740.44,-16.74,14.2,4,2026-04-08 to 2026-07-27 (75 days),-1.0,37.9,0.9219,239.0,132.7,BULLISH,HIGH,Strong trend (ADX=35); Last surprise: +1.3%; Size: Kelly 10.0% / VolTgt 2.0% / Blend 6.0%,2.03,-1.0,1.0,30,2026-08-27,1.27,0
2026-07-28T12:55:52,2026-07-28,ANF,HOLD,0,ADX Trend Following,HIGH,4,48.76,99.35,9.13,0.0,9.97,0.0,0.0,2026-08-02,2.45,5.29,60.0,16.81,84.26,92.74,-5.68,5.4,5,2026-04-08 to 2026-07-27 (75 days),-1.0,61.3,0.5451,85.31,90.16,BEARISH,HIGH,Price at statistical extreme,3.44,-1.0,1.0,29,2026-08-26,,0
2026-07-28T12:52:32,2026-07-28,ABBV,BUY,1,52-Week High Momentum,MEDIUM,2,48.74,256.91,3.37,248.25,8.43,278.57,8.19,2026-08-21,1.49,3.45,100.0,131.25,34.45,-69.6,-6.57,24.0,2,2026-04-08 to 2026-07-27 (75 days),0.635,65.3,0.2938,231.88,220.63,BULLISH,MEDIUM,Strong trend (ADX=43); Earnings in 3d (2026-07-31); Last surprise: -0.7%; Earnings conf adj: -2; Size: Kelly 10.0% / VolTgt 6.4% / Blend 8.2%,6.38,-1.0,1.0,3,2026-07-31,-0.75,-2
2026-07-28T12:53:01,2026-07-28,CTAS,HOLD,0,ADX Trend Following,HIGH,4,48.7,210.98,4.3,0.0,6.45,0.0,0.0,2026-08-11,2.27,4.95,66.7,5.09,62.09,-30.23,-5.31,14.3,3,2026-04-08 to 2026-07-27 (75 days),-1.0,75.0,0.3793,178.84,183.88,BEARISH,MEDIUM,RSI overbought; Strong trend (ADX=53); Last surprise: +2.4%,4.94,-1.0,1.0,57,2026-09-23,2.44,0
2026-07-28T12:55:34,2026-07-28,CHE,HOLD,0,ADX Trend Following,LOW,1,48.64,509.34,3.65,0.0,7.3,0.0,0.0,2026-08-21,2.83,6.67,100.0,208.41,95.28,-42.99,-5.4,24.0,3,2026-04-08 to 2026-07-27 (75 days),-1.0,70.3,0.2223,456.87,432.74,BULLISH,MEDIUM,RSI overbought; Strong trend (ADX=45); EARNINGS TODAY (2026-07-28); Earnings conf adj: -3,7.0,-1.0,1.0,0,2026-07-28,,-3
2026-07-28T12:55:51,2026-07-28,BILL,HOLD,0,VWAP Trend,MEDIUM,3,48.63,44.9,9.71,0.0,14.57,0.0,0.0,2026-08-06,0.97,1.46,66.7,1.62,43.65,-31.6,-26.57,9.4,9,2026-04-08 to 2026-07-27 (75 days),-1.0,63.6,0.6244,37.76,44.01,BEARISH,HIGH,No special conditions,3.0,-1.0,1.0,22,2026-08-19,,0
2026-07-28T12:54:42,2026-07-28,RBC,HOLD,0,VWAP Trend,LOW,0,48.46,584.97,4.31,0.0,3.5,0.0,0.0,2026-07-30,-0.12,-0.16,71.4,0.99,-4.31,-6.93,-10.95,2.9,7,2026-04-08 to 2026-07-27 (75 days),-1.0,44.6,0.2612,596.98,524.74,BULLISH,MEDIUM,Strong trend (ADX=33); Earnings in 3d (2026-07-31); Last surprise: +9.0%; Earnings conf adj: -1,7.0,-1.0,1.0,3,2026-07-31,9.04,-1
2026-07-28T12:52:53,2026-07-28,CDW,HOLD,0,Stochastic Oscillator,HIGH,4,48.43,138.04,7.91,0.0,11.87,0.0,0.0,2026-08-09,4.04,24.44,100.0,434.02,248.46,211.95,-3.19,12.5,2,2026-04-08 to 2026-07-27 (75 days),-1.0,56.1,0.4896,127.92,131.94,BEARISH,HIGH,Strong trend (ADX=31); Last surprise: -0.4%,3.83,-1.0,1.0,8,2026-08-05,-0.44,0
2026-07-28T12:55:51,2026-07-28,KNF,HOLD,0,MACD Crossover,HIGH,4,48.41,78.54,8.06,0.0,13.64,0.0,0.0,2026-08-12,1.5,2.33,75.0,6.36,62.04,79.52,-12.38,15.2,4,2026-04-08 to 2026-07-27 (75 days),-1.0,44.7,0.4443,79.89,78.09,BULLISH,HIGH,No special conditions,4.22,-1.0,1.0,7,2026-08-04,,0
2026-07-28T12:55:07,2026-07-28,RYAN,EXIT,-1,VWAP Trend,MEDIUM,3,48.38,43.19,7.7,46.52,11.55,38.2,6.62,2026-08-07,2.74,5.53,71.4,8.65,172.18,62.8,-8.62,10.1,7,2026-04-08 to 2026-07-27 (75 days),-1.0,63.8,0.5769,36.3,43.23,BEARISH,HIGH,Strong trend (ADX=34); Earnings in 2d (2026-07-30); Last surprise: +9.3%; Earnings conf adj: -1; Size: Kelly 10.0% / VolTgt 3.2% / Blend 6.6%,3.25,-1.0,1.0,2,2026-07-30,9.3,-1
2026-07-28T12:53:26,2026-07-28,GPN,HOLD,0,VWAP Trend,HIGH,5,48.3,84.06,8.04,0.0,11.46,0.0,0.0,2026-08-04,2.39,3.88,66.7,4.48,114.69,-27.62,-7.15,7.6,9,2026-04-08 to 2026-07-27 (75 days),-1.0,64.8,0.5279,71.86,74.05,BEARISH,HIGH,Strong trend (ADX=32); Last surprise: +5.3%; Earnings conf adj: +1,3.55,-1.0,1.0,8,2026-08-05,5.34,1
2026-07-28T12:55:24,2026-07-28,BAH,HOLD,0,MACD Crossover,HIGH,4,48.25,71.64,7.56,0.0,11.34,0.0,0.0,2026-08-16,2.05,4.61,100.0,158.24,64.4,98.55,-7.64,19.0,2,2026-04-08 to 2026-07-27 (75 days),-1.0,63.6,0.4272,70.33,80.49,BEARISH,HIGH,Price at statistical extreme,4.39,-1.0,1.0,87,2026-10-23,,0
2026-07-28T12:55:58,2026-07-28,CXT,HOLD,0,VWAP Trend,HIGH,4,48.23,54.22,4.81,0.0,6.9,0.0,0.0,2026-08-05,2.37,4.0,66.7,3.54,107.78,-11.14,-11.42,8.8,9,2026-04-08 to 2026-07-27 (75 days),-1.0,72.5,0.2955,44.7,49.66,BEARISH,MEDIUM,RSI overbought; Price at statistical extreme; Strong trend (ADX=32),6.35,-1.0,1.0,8,2026-08-05,,0
2026-07-28T12:54:07,2026-07-28,RJF,HOLD,0,ADX Trend Following,HIGH,4,48.15,173.6,3.64,0.0,5.46,0.0,0.0,2026-08-10,0.84,1.22,60.0,1.89,16.15,-58.84,-9.72,13.6,5,2026-04-08 to 2026-07-27 (75 days),-1.0,69.1,0.2781,156.56,156.96,BEARISH,MEDIUM,Last surprise: +7.9%; Earnings conf adj: +1,6.74,-1.0,1.0,-6,2026-07-22,7.9,1
2026-07-28T12:54:00,2026-07-28,PCAR,EXIT,-1,VWAP Trend,LOW,1,47.86,133.44,3.52,138.14,3.7,128.5,6.65,2026-07-30,2.27,3.97,80.0,3.89,25.37,-3.7,-2.98,2.5,10,2026-04-08 to 2026-07-27 (75 days),-1.0,69.4,0.2973,118.77,114.19,BULLISH,MEDIUM,Price at statistical extreme; Strong trend (ADX=47); EARNINGS TODAY (2026-07-28); Last surprise: -0.9%; Earnings conf adj: -3; Size: Kelly 7.0% / VolTgt 6.3% / Blend 6.7%,6.31,-1.0,1.0,0,2026-07-28,-0.86,-3
2026-07-28T12:53:52,2026-07-28,MSCI,BUY,1,VWAP Trend,HIGH,4,47.67,571.03,7.54,527.97,6.82,609.97,6.9,2026-07-31,2.02,4.19,66.7,25.87,38.71,28.48,-3.33,3.1,9,2026-04-08 to 2026-07-27 (75 days),0.036,43.5,0.492,595.44,569.47,BULLISH,HIGH,Strong trend (ADX=35); Last surprise: -0.8%; Size: Kelly 10.0% / VolTgt 3.8% / Blend 6.9%,3.81,-1.0,1.0,84,2026-10-20,-0.8,0
2026-07-28T12:54:39,2026-07-28,USFD,HOLD,0,VWAP Trend,LOW,1,47.65,99.29,4.72,0.0,4.04,0.0,0.0,2026-07-30,0.35,0.59,60.0,1.27,4.03,-27.17,-9.07,2.1,10,2026-04-08 to 2026-07-27 (75 days),-1.0,56.3,0.3545,91.81,85.63,BULLISH,MEDIUM,Strong trend (ADX=31); Last surprise: -3.7%,5.29,-1.0,1.0,9,2026-08-06,-3.7,0
2026-07-28T12:54:42,2026-07-28,MTSI,HOLD,0,ADX Trend Following,HIGH,4,47.64,263.08,12.0,0.0,28.34,0.0,0.0,2026-08-27,2.6,4.32,100.0,385.41,206.97,183.01,-15.69,30.5,2,2026-04-08 to 2026-07-27 (75 days),-1.0,32.5,0.6517,349.27,244.38,BULLISH,HIGH,Strong trend (ADX=46); Last surprise: +1.9%,2.88,-1.0,1.0,9,2026-08-06,1.87,0
2026-07-28T12:54:37,2026-07-28,WWD,HOLD,0,Stochastic Oscillator,MEDIUM,3,47.58,419.76,4.88,0.0,7.32,0.0,0.0,2026-09-02,2.2,4.27,100.0,204.61,86.2,62.79,-10.55,36.0,2,2026-04-08 to 2026-07-27 (75 days),-1.0,59.8,0.2945,389.8,344.41,BULLISH,MEDIUM,Earnings in 1d (2026-07-29); Last surprise: +8.6%; Earnings conf adj: -1,6.37,-1.0,1.0,1,2026-07-29,8.61,-1
2026-07-28T12:54:53,2026-07-28,BTSG,HOLD,0,VWAP Trend,MEDIUM,3,47.57,71.98,5.79,0.0,4.43,0.0,0.0,2026-07-31,3.11,8.78,66.7,15.24,105.6,-243.42,-3.92,3.5,6,2026-04-08 to 2026-07-27 (75 days),-1.0,62.6,0.3007,64.77,45.62,BULLISH,MEDIUM,Earnings in 3d (2026-07-31); Last surprise: +25.8%; Earnings conf adj: -1,6.24,-1.0,1.0,3,2026-07-31,25.81,-1
2026-07-28T12:52:35,2026-07-28,ADSK,HOLD,0,Momentum (Rate of Change),HIGH,5,47.56,225.91,7.73,0.0,11.6,0.0,0.0,2026-08-14,1.17,2.09,100.0,120.94,39.61,58.98,-9.24,17.3,3,2026-04-08 to 2026-07-27 (75 days),-1.0,60.8,0.499,216.44,255.77,BEARISH,HIGH,Price at statistical extreme; Last surprise: +5.3%; Earnings conf adj: +1,3.76,-1.0,1.0,30,2026-08-27,5.28,1
2026-07-28T12:53:04,2026-07-28,DASH,HOLD,0,ADX Trend Following,HIGH,5,47.44,184.37,9.83,0.0,14.22,0.0,0.0,2026-08-09,2.29,4.79,75.0,4.35,111.1,51.4,-11.23,12.8,4,2026-04-08 to 2026-07-27 (75 days),-1.0,52.7,0.5049,171.17,193.13,BEARISH,HIGH,Last surprise: +16.7%; Earnings conf adj: +1,3.71,-1.0,1.0,8,2026-08-05,16.67,1
2026-07-28T12:53:38,2026-07-28,KEY,HOLD,0,VWAP Trend,HIGH,4,47.38,22.51,3.3,0.0,2.82,0.0,0.0,2026-07-30,2.18,4.54,71.4,5.37,26.49,1.47,-2.91,2.7,7,2026-04-08 to 2026-07-27 (75 days),-1.0,44.0,0.2179,22.33,20.41,BULLISH,MEDIUM,Price at statistical extreme; Last surprise: +4.8%,8.61,-1.0,1.0,84,2026-10-20,4.76,0
2026-07-28T12:54:07,2026-07-28,RCL,HOLD,0,ADX Trend Following,LOW,1,47.32,305.04,6.49,0.0,9.73,0.0,0.0,2026-08-09,2.13,3.92,100.0,190.5,84.6,47.12,-10.22,12.5,4,2026-04-08 to 2026-07-27 (75 days),-1.0,58.1,0.4106,287.49,283.9,BULLISH,HIGH,EARNINGS TODAY (2026-07-28); Last surprise: +12.5%; Earnings conf adj: -3,4.57,-1.0,1.0,0,2026-07-28,12.5,-3
2026-07-28T12:52:34,2026-07-28,ADP,HOLD,0,VWAP Trend,MEDIUM,2,47.02,254.98,4.54,0.0,6.81,0.0,0.0,2026-08-10,2.93,6.51,66.7,4.59,140.89,9.36,-8.73,13.3,6,2026-04-08 to 2026-07-27 (75 days),-1.0,63.6,0.3887,229.91,233.48,BEARISH,MEDIUM,Strong trend (ADX=36); Earnings in 1d (2026-07-29); Last surprise: +2.1%; Earnings conf adj: -2,4.82,-1.0,1.0,1,2026-07-29,2.12,-2
2026-07-28T12:55:50,2026-07-28,CBT,HOLD,0,VWAP Trend,HIGH,4,46.83,89.37,4.53,0.0,4.08,0.0,0.0,2026-07-30,1.08,2.13,88.9,12.33,19.51,-54.62,-5.54,2.3,9,2026-04-08 to 2026-07-27 (75 days),-1.0,53.7,0.342,86.53,74.17,BULLISH,MEDIUM,No special conditions,5.48,-1.0,1.0,6,2026-08-03,,0
2026-07-28T12:55:42,2026-07-28,CAR,HOLD,0,ADX Trend Following,LOW,1,46.82,163.68,9.39,0.0,14.09,0.0,0.0,2026-08-13,2.82,5.16,100.0,166.65,70.09,149.77,-3.69,16.5,2,2026-04-08 to 2026-07-27 (75 days),-1.0,49.3,0.6091,166.51,158.03,BULLISH,HIGH,EARNINGS TODAY (2026-07-28); Earnings conf adj: -3,3.08,-1.0,1.0,0,2026-07-28,,-3
2026-07-28T12:55:01,2026-07-28,GGG,BUY,1,ADX Trend Following,HIGH,5,46.8,80.44,3.38,77.72,5.07,84.52,8.1,2026-08-08,1.26,2.71,66.7,8.11,20.35,44.55,-4.32,11.0,3,2026-04-08 to 2026-07-27 (75 days),0.389,68.3,0.3019,74.86,81.86,BEARISH,MEDIUM,Price at statistical extreme; Last surprise: +12.3%; Earnings conf adj: +1; Size: Kelly 10.0% / VolTgt 6.2% / Blend 8.1%,6.21,-1.0,1.0,85,2026-10-21,12.35,1
2026-07-28T12:53:50,2026-07-28,MRK,HOLD,0,Stochastic Oscillator,HIGH,5,46.68,130.76,3.92,0.0,5.88,0.0,0.0,2026-08-20,3.4,8.48,100.0,197.88,86.38,60.8,-2.53,23.0,2,2026-04-08 to 2026-07-27 (75 days),-1.0,61.8,0.3164,120.72,109.23,BULLISH,MEDIUM,Last surprise: +12.9%; Earnings conf adj: +1,5.93,-1.0,1.0,7,2026-08-04,12.93,1
2026-07-28T12:55:37,2026-07-28,PSN,HOLD,0,Stochastic Oscillator,MEDIUM,2,46.58,59.47,7.13,0.0,10.7,0.0,0.0,2026-08-21,2.44,4.91,100.0,248.74,115.73,106.83,-8.99,24.5,2,2026-04-08 to 2026-07-27 (75 days),-1.0,62.1,0.4567,55.08,64.31,BEARISH,HIGH,Strong trend (ADX=39); Earnings in 1d (2026-07-29); Earnings conf adj: -2,4.11,-1.0,1.0,1,2026-07-29,,-2
2026-07-28T12:53:12,2026-07-28,EL,HOLD,0,Stochastic Oscillator,HIGH,5,46.56,83.2,4.83,0.0,7.25,0.0,0.0,2026-08-12,1.92,4.47,100.0,179.26,73.84,3.59,-5.99,15.3,3,2026-04-08 to 2026-07-27 (75 days),-1.0,51.4,0.325,83.41,92.0,BEARISH,MEDIUM,Last surprise: +40.0%; Earnings conf adj: +1,5.77,-1.0,1.0,22,2026-08-19,40.0,1
2026-07-28T12:54:31,2026-07-28,WDAY,HOLD,0,Stochastic Oscillator,HIGH,5,46.55,147.54,12.0,0.0,18.0,0.0,0.0,2026-08-30,2.65,4.83,100.0,420.59,257.61,150.68,-11.22,33.0,2,2026-04-08 to 2026-07-27 (75 days),-1.0,58.4,0.8012,132.97,167.57,BEARISH,HIGH,High volume; Last surprise: +5.6%; Earnings conf adj: +1,2.34,-1.0,1.0,23,2026-08-20,5.56,1
2026-07-28T12:55:24,2026-07-28,PB,HOLD,0,ADX Trend Following,MEDIUM,2,46.36,72.54,3.0,0.0,5.96,0.0,0.0,2026-08-08,1.38,2.0,80.0,5.05,19.42,-5.3,-5.29,11.2,5,2026-04-08 to 2026-07-27 (75 days),-1.0,52.3,0.2261,70.64,68.41,BULLISH,MEDIUM,Earnings in 1d (2026-07-29); Earnings conf adj: -2,8.29,-1.0,1.0,1,2026-07-29,,-2
2026-07-28T12:54:47,2026-07-28,DINO,HOLD,0,ADX Trend Following,LOW,1,46.31,90.78,5.29,0.0,10.58,0.0,0.0,2026-08-11,3.57,6.84,75.0,16.97,167.09,-198.74,-10.19,14.8,4,2026-04-08 to 2026-07-27 (75 days),-1.0,75.6,0.3567,73.85,59.02,BULLISH,MEDIUM,RSI overbought; Strong trend (ADX=64); EARNINGS TODAY (2026-07-28); Last surprise: +1480.0%; Earnings conf adj: -3,5.26,-1.0,1.0,0,2026-07-28,1480.0,-3
2026-07-28T12:55:53,2026-07-28,PLNT,HOLD,-1,VWAP Trend,LOW,0,46.26,54.22,4.77,56.81,7.12,50.36,0.0,2026-08-06,-0.16,-0.23,50.0,0.87,-8.24,57.04,-11.32,9.8,8,2026-04-08 to 2026-07-27 (75 days),-1.0,55.8,0.2887,52.09,80.41,BEARISH,MEDIUM,High volume,6.5,-1.0,1.0,9,2026-08-06,,0
2026-07-28T12:55:55,2026-07-28,HGV,HOLD,0,VWAP Trend,MEDIUM,2,46.26,50.63,5.05,0.0,4.68,0.0,0.0,2026-07-30,1.78,3.66,63.6,2.18,37.75,-35.84,-5.61,2.4,11,2026-04-08 to 2026-07-27 (75 days),-1.0,51.1,0.3839,50.33,45.62,BULLISH,MEDIUM,Earnings in 2d (2026-07-30); Earnings conf adj: -2,4.88,-1.0,1.0,2,2026-07-30,,-2
2026-07-28T12:53:15,2026-07-28,EVRG,HOLD,0,EMA Crossover (9/21),HIGH,5,46.24,85.84,2.17,0.0,6.51,0.0,0.0,2026-08-24,1.25,1.9,100.0,58.99,20.07,6.76,-4.49,27.3,3,2026-04-08 to 2026-07-27 (75 days),-1.0,52.0,0.1795,84.19,78.87,BULLISH,LOW,Last surprise: +13.1%; Earnings conf adj: +1,10.0,-1.0,1.0,9,2026-08-06,13.11,1
2026-07-28T12:52:50,2026-07-28,BXP,HOLD,0,ADX Trend Following,LOW,1,46.19,69.21,3.79,0.0,5.69,0.0,0.0,2026-08-29,3.25,5.44,100.0,246.81,119.62,-45.27,-5.33,32.3,3,2026-04-08 to 2026-07-27 (75 days),-1.0,59.7,0.2654,64.22,62.61,BULLISH,MEDIUM,EARNINGS TODAY (2026-07-28); Last surprise: +96.4%; Earnings conf adj: -3,7.0,-1.0,1.0,0,2026-07-28,96.43,-3
2026-07-28T12:54:39,2026-07-28,BURL,HOLD,0,SMA Crossover (10/50),HIGH,5,46.18,358.01,5.07,0.0,13.77,0.0,0.0,2026-08-21,1.26,2.0,100.0,79.04,28.77,2.69,-8.2,24.5,2,2026-04-08 to 2026-07-27 (75 days),-1.0,62.4,0.3532,324.81,303.49,BULLISH,MEDIUM,Strong trend (ADX=38); Last surprise: +11.7%; Earnings conf adj: +1,5.31,-1.0,1.0,30,2026-08-27,11.67,1
2026-07-28T12:53:32,2026-07-28,HRL,BUY,1,ADX Trend Following,HIGH,5,46.09,26.05,3.42,25.16,10.26,28.72,7.88,2026-08-16,2.49,5.7,100.0,227.27,102.04,-3.48,-8.41,19.0,3,2026-04-08 to 2026-07-27 (75 days),0.488,65.1,0.3262,23.59,22.71,BULLISH,MEDIUM,Last surprise: +14.3%; Earnings conf adj: +1; Size: Kelly 10.0% / VolTgt 5.8% / Blend 7.9%,5.75,-1.0,1.0,30,2026-08-27,14.29,1
2026-07-28T12:54:09,2026-07-28,ROST,HOLD,0,Stochastic Oscillator,HIGH,5,45.95,243.35,3.72,0.0,5.58,0.0,0.0,2026-08-12,3.14,9.41,100.0,182.1,77.73,45.19,-4.21,15.0,2,2026-04-08 to 2026-07-27 (75 days),-1.0,66.1,0.2752,225.5,199.38,BULLISH,MEDIUM,Strong trend (ADX=36); Last surprise: +17.4%; Earnings conf adj: +1,6.81,-1.0,1.0,23,2026-08-20,17.44,1
2026-07-28T12:55:05,2026-07-28,AEIS,HOLD,0,VWAP Trend,MEDIUM,2,45.74,291.95,12.0,0.0,10.26,0.0,0.0,2026-07-30,-0.33,-0.47,77.8,0.88,-12.52,41.53,-13.89,2.4,9,2026-04-08 to 2026-07-27 (75 days),-1.0,42.9,0.8409,323.98,284.09,BULLISH,HIGH,Last surprise: +5.6%; Earnings conf adj: +1,2.23,-1.0,1.0,6,2026-08-03,5.56,1
2026-07-28T12:53:32,2026-07-28,IBKR,HOLD,0,52-Week High Momentum,HIGH,5,45.73,92.27,7.8,0.0,23.4,0.0,0.0,2026-09-17,1.74,2.9,100.0,179.64,75.08,-55.06,-10.1,51.0,2,2026-04-08 to 2026-07-27 (75 days),-1.0,50.4,0.4573,89.92,75.44,BULLISH,HIGH,Last surprise: +7.8%; Earnings conf adj: +1,4.1,-1.0,1.0,84,2026-10-20,7.81,1
2026-07-28T12:55:22,2026-07-28,VOYA,HOLD,0,MACD Crossover,HIGH,4,45.68,99.01,3.83,0.0,6.42,0.0,0.0,2026-08-13,1.62,3.09,100.0,50.05,17.11,-221.35,-3.1,16.5,2,2026-04-08 to 2026-07-27 (75 days),-1.0,64.9,0.2007,89.93,76.8,BULLISH,MEDIUM,Strong trend (ADX=41),9.34,-1.0,1.0,7,2026-08-04,,0
2026-07-28T12:55:24,2026-07-28,AGCO,EXIT,-1,VWAP Trend,MEDIUM,2,45.67,120.24,4.51,125.66,3.58,115.94,8.12,2026-07-30,2.69,7.36,80.0,5.0,56.7,54.88,-2.6,2.3,10,2026-04-08 to 2026-07-27 (75 days),-1.0,61.4,0.3001,114.76,114.31,BULLISH,MEDIUM,Earnings in 2d (2026-07-30); Earnings conf adj: -2; Size: Kelly 10.0% / VolTgt 6.2% / Blend 8.1%,6.25,-1.0,1.0,2,2026-07-30,,-2
2026-07-28T12:53:44,2026-07-28,LUV,HOLD,0,MACD Crossover,HIGH,5,45.52,45.38,5.45,0.0,9.64,0.0,0.0,2026-08-11,1.17,2.2,75.0,1.96,31.47,-19.32,-10.36,14.5,4,2026-04-08 to 2026-07-27 (75 days),-1.0,41.1,0.3216,45.51,41.16,BULLISH,MEDIUM,Strong trend (ADX=31); Last surprise: +80.8%; Earnings conf adj: +1,5.83,-1.0,1.0,85,2026-10-21,80.77,1
2026-07-28T12:55:47,2026-07-28,FFIN,HOLD,0,Multi-Factor Momentum MR,HIGH,4,45.52,34.44,3.13,0.0,9.39,0.0,0.0,2026-08-30,1.34,2.03,100.0,70.37,25.29,-17.75,-5.74,33.0,2,2026-04-08 to 2026-07-27 (75 days),-1.0,50.6,0.2592,33.43,31.67,BULLISH,MEDIUM,No special conditions,7.23,-1.0,1.0,86,2026-10-22,,0
2026-07-28T12:55:11,2026-07-28,GMED,HOLD,0,ADX Trend Following,MEDIUM,2,45.27,78.25,7.83,0.0,11.75,0.0,0.0,2026-08-12,-0.59,-0.78,75.0,0.55,-23.33,18.96,-22.61,15.2,4,2026-04-08 to 2026-07-27 (75 days),-1.0,49.4,0.5123,79.53,83.42,BEARISH,HIGH,Last surprise: +21.7%; Earnings conf adj: +1,3.66,-1.0,1.0,9,2026-08-06,21.74,1
2026-07-28T12:53:37,2026-07-28,JBL,HOLD,0,ADX Trend Following,HIGH,4,45.25,311.49,9.36,0.0,21.65,0.0,0.0,2026-08-23,2.27,4.1,100.0,218.84,98.05,66.01,-10.58,26.0,2,2026-04-08 to 2026-07-27 (75 days),-1.0,39.4,0.5392,351.71,275.49,BULLISH,HIGH,Strong trend (ADX=30); Last surprise: +1.3%,3.48,-1.0,1.0,58,2026-09-24,1.28,0
2026-07-28T12:53:10,2026-07-28,EA,HOLD,0,ADX Trend Following,LOW,1,45.24,209.07,1.5,0.0,1.77,0.0,0.0,2026-08-30,3.52,7.08,100.0,36.43,11.5,2.41,-0.79,33.0,2,2026-04-08 to 2026-07-27 (75 days),-1.0,77.3,0.0392,204.08,202.25,BULLISH,LOW,RSI overbought; Strong trend (ADX=55); EARNINGS TODAY (2026-07-28); Last surprise: +39.2%; Earnings conf adj: -3,7.0,-1.0,1.0,0,2026-07-28,39.23,-3
2026-07-28T12:54:06,2026-07-28,PSX,EXIT,-1,Stochastic Oscillator,HIGH,5,44.97,207.82,4.73,217.65,7.1,193.06,7.7,2026-08-17,4.21,9.15,100.0,299.57,151.15,39.66,-4.64,20.5,2,2026-04-08 to 2026-07-27 (75 days),-1.0,68.2,0.3466,182.47,156.65,BULLISH,MEDIUM,Strong trend (ADX=47); Last surprise: +225.6%; Earnings conf adj: +1; Size: Kelly 10.0% / VolTgt 5.4% / Blend 7.7%,5.41,-1.0,1.0,8,2026-08-05,225.64,1
2026-07-28T12:55:17,2026-07-28,SARO,HOLD,0,VWAP Trend,LOW,1,44.91,29.53,7.38,0.0,9.79,0.0,0.0,2026-08-06,0.37,0.5,75.0,1.24,7.09,-32.23,-16.05,9.4,8,2026-04-08 to 2026-07-27 (75 days),-1.0,62.3,0.4056,27.22,27.83,BEARISH,HIGH,No special conditions,4.62,-1.0,1.0,9,2026-08-06,,0
2026-07-28T12:53:36,2026-07-28,IQV,HOLD,0,Stochastic Oscillator,LOW,1,44.87,213.22,4.66,0.0,6.99,0.0,0.0,2026-08-20,3.26,9.13,100.0,348.65,189.4,83.77,-9.35,23.0,2,2026-04-08 to 2026-07-27 (75 days),-1.0,65.3,0.3281,187.69,196.63,BEARISH,MEDIUM,Strong trend (ADX=30); EARNINGS TODAY (2026-07-28); Last surprise: +2.8%; Earnings conf adj: -3,5.71,-1.0,1.0,0,2026-07-28,2.84,-3
2026-07-28T12:55:08,2026-07-28,EHC,HOLD,0,MACD Crossover,HIGH,5,44.73,113.88,4.09,0.0,6.13,0.0,0.0,2026-08-18,2.8,8.27,100.0,136.66,53.48,28.29,-3.07,21.5,2,2026-04-08 to 2026-07-27 (75 days),-1.0,67.6,0.2526,105.11,106.98,BEARISH,MEDIUM,Last surprise: +7.4%; Earnings conf adj: +1,7.42,-1.0,1.0,8,2026-08-05,7.38,1
2026-07-28T12:52:38,2026-07-28,AMD,HOLD,0,ADX Trend Following,HIGH,5,44.59,494.95,12.0,0.0,36.0,0.0,0.0,2026-09-02,4.38,9.41,100.0,1257.09,1679.42,455.76,-16.61,36.5,2,2026-04-08 to 2026-07-27 (75 days),-1.0,45.5,0.7913,507.94,305.54,BULLISH,HIGH,Last surprise: +6.2%; Earnings conf adj: +1,2.37,-1.0,1.0,7,2026-08-04,6.2,1
2026-07-28T12:52:31,2026-07-28,A,EXIT,-1,Stochastic Oscillator,HIGH,4,44.58,137.89,4.65,144.3,6.98,128.27,8.14,2026-08-24,2.74,9.7,100.0,303.36,154.6,78.07,-4.92,27.5,2,2026-04-08 to 2026-07-27 (75 days),-1.0,60.0,0.2989,128.8,130.5,BEARISH,MEDIUM,Size: Kelly 10.0% / VolTgt 6.3% / Blend 8.1%,6.27,-1.0,1.0,29,2026-08-26,,0
2026-07-28T12:54:55,2026-07-28,EXEL,HOLD,0,MACD Crossover,HIGH,5,44.49,55.81,3.81,0.0,6.7,0.0,0.0,2026-08-09,2.41,5.55,75.0,29.68,56.21,-65.07,-5.11,12.2,4,2026-04-08 to 2026-07-27 (75 days),-1.0,56.8,0.2437,53.06,45.38,BULLISH,MEDIUM,Last surprise: +14.5%; Earnings conf adj: +1,7.69,-1.0,1.0,8,2026-08-05,14.47,1
2026-07-28T12:53:22,2026-07-28,FRT,BUY,1,Momentum (Rate of Change),MEDIUM,3,44.44,127.13,1.83,124.8,4.58,132.95,10.0,2026-09-17,2.76,4.96,100.0,143.39,57.19,-26.11,-4.33,51.0,2,2026-04-08 to 2026-07-27 (75 days),0.385,66.9,0.1687,120.85,106.07,BULLISH,LOW,Strong trend (ADX=34); Earnings in 3d (2026-07-31); Last surprise: +166.2%; Earnings conf adj: -1; Size: Kelly 10.0% / VolTgt 10.0% / Blend 10.0%,10.0,-1.0,1.0,3,2026-07-31,166.18,-1
2026-07-28T12:54:51,2026-07-28,NTNX,HOLD,0,ADX Trend Following,HIGH,5,44.35,56.85,9.05,0.0,14.88,0.0,0.0,2026-08-18,2.28,3.97,75.0,4.99,132.73,-115.51,-13.69,21.2,4,2026-04-08 to 2026-07-27 (75 days),-1.0,64.5,0.4103,50.8,49.51,BULLISH,HIGH,Strong trend (ADX=31); Last surprise: +34.3%; Earnings conf adj: +1,4.57,-1.0,1.0,29,2026-08-26,34.29,1
2026-07-28T12:52:47,2026-07-28,BIIB,HOLD,0,VWAP Trend,MEDIUM,2,44.34,200.14,9.08,0.0,6.95,0.0,0.0,2026-07-30,2.3,6.67,45.5,3.28,61.29,17.52,-6.21,2.4,11,2026-04-08 to 2026-07-27 (75 days),-1.0,48.8,0.5695,199.39,181.93,BULLISH,HIGH,Earnings in 1d (2026-07-29); Last surprise: +23.5%; Earnings conf adj: -1,3.29,-1.0,1.0,1,2026-07-29,23.53,-1
2026-07-28T12:54:20,2026-07-28,TPL,HOLD,0,VWAP Trend,HIGH,4,44.24,396.62,8.38,0.0,6.74,0.0,0.0,2026-07-31,2.09,3.88,80.0,11.53,47.36,81.11,-7.05,3.0,5,2026-04-08 to 2026-07-27 (75 days),-1.0,46.6,0.4942,394.46,382.12,BULLISH,HIGH,Last surprise: +2.5%,3.79,-1.0,1.0,8,2026-08-05,2.48,0
2026-07-28T12:52:57,2026-07-28,COF,HOLD,0,VWAP Trend,MEDIUM,3,44.22,207.05,4.41,0.0,6.62,0.0,0.0,2026-08-03,0.74,1.17,54.5,1.81,14.64,-15.5,-12.29,6.8,11,2026-04-08 to 2026-07-27 (75 days),-1.0,56.5,0.3386,194.61,206.21,BEARISH,MEDIUM,Last surprise: +23.9%; Earnings conf adj: +1,5.54,-1.0,1.0,84,2026-10-20,23.88,1
2026-07-28T12:55:42,2026-07-28,ASB,EXIT,-1,ADX Trend Following,HIGH,4,44.0,30.64,3.24,31.63,7.68,28.29,9.22,2026-08-16,1.91,3.14,100.0,101.42,38.54,-15.58,-4.85,19.2,4,2026-04-08 to 2026-07-27 (75 days),-1.0,53.5,0.2225,29.29,26.82,BULLISH,MEDIUM,Size: Kelly 10.0% / VolTgt 8.4% / Blend 9.2%,8.43,-1.0,1.0,86,2026-10-22,,0
2026-07-28T12:53:03,2026-07-28,DAL,HOLD,0,VWAP Trend,HIGH,4,43.98,86.67,4.87,0.0,4.1,0.0,0.0,2026-07-30,2.66,7.04,66.7,7.04,19.99,-111.55,-1.28,2.8,6,2026-04-08 to 2026-07-27 (75 days),-1.0,53.4,0.3114,82.86,69.8,BULLISH,MEDIUM,Last surprise: +4.7%,6.02,-1.0,1.0,72,2026-10-08,4.7,0
2026-07-28T12:55:54,2026-07-28,PII,HOLD,0,ADX Trend Following,LOW,1,43.98,74.7,7.29,0.0,9.83,0.0,0.0,2026-08-06,1.66,2.8,66.7,5.62,41.93,-144.43,-5.74,9.0,3,2026-04-08 to 2026-07-27 (75 days),-1.0,62.9,0.4161,68.36,63.77,BULLISH,HIGH,Strong trend (ADX=35); EARNINGS TODAY (2026-07-28); Earnings conf adj: -3,4.51,-1.0,1.0,0,2026-07-28,,-3
2026-07-28T12:55:51,2026-07-28,FHI,HOLD,0,VWAP Trend,MEDIUM,2,43.97,59.22,3.66,0.0,2.45,0.0,0.0,2026-07-29,2.06,4.97,71.4,3.25,18.24,3.66,-1.61,1.1,7,2026-04-08 to 2026-07-27 (75 days),-1.0,55.9,0.2964,57.11,53.94,BULLISH,MEDIUM,Earnings in 2d (2026-07-30); Earnings conf adj: -2,6.33,-1.0,1.0,2,2026-07-30,,-2
2026-07-28T12:53:10,2026-07-28,EBAY,HOLD,0,VWAP Trend,HIGH,5,43.95,113.21,3.92,0.0,3.37,0.0,0.0,2026-07-30,1.64,3.16,66.7,2.79,33.3,-38.83,-3.72,2.4,9,2026-04-08 to 2026-07-27 (75 days),-1.0,53.0,0.2761,111.59,95.61,BULLISH,MEDIUM,Last surprise: +5.1%; Earnings conf adj: +1,6.79,-1.0,1.0,8,2026-08-05,5.06,1
2026-07-28T12:54:00,2026-07-28,PAYX,HOLD,0,MACD Crossover,HIGH,4,43.92,115.48,4.64,0.0,6.96,0.0,0.0,2026-08-23,1.75,3.12,100.0,133.79,53.04,-92.09,-4.94,26.0,3,2026-04-08 to 2026-07-27 (75 days),-1.0,67.3,0.3587,101.55,102.24,BEARISH,MEDIUM,Strong trend (ADX=37); Last surprise: +0.8%,5.23,-1.0,1.0,63,2026-09-29,0.76,0
2026-07-28T12:54:17,2026-07-28,SYK,HOLD,0,VWAP Trend,LOW,1,43.91,336.74,6.45,0.0,9.68,0.0,0.0,2026-08-06,1.02,1.64,66.7,1.98,29.43,31.78,-11.04,9.0,9,2026-04-08 to 2026-07-27 (75 days),-1.0,59.2,0.4989,313.52,342.19,BEARISH,HIGH,Earnings in 2d (2026-07-30); Last surprise: -12.8%; Earnings conf adj: -3,3.76,-1.0,1.0,2,2026-07-30,-12.75,-3
2026-07-28T12:53:30,2026-07-28,HON,HOLD,0,Stochastic Oscillator,HIGH,5,43.86,245.75,4.36,0.0,6.54,0.0,0.0,2026-09-06,2.64,4.63,100.0,228.34,102.77,98.09,-9.52,40.0,2,2026-04-08 to 2026-07-27 (75 days),-1.0,64.5,0.3955,232.16,224.78,BULLISH,MEDIUM,Price at statistical extreme; Strong trend (ADX=31); Last surprise: +7.1%; Earnings conf adj: +1,4.74,-1.0,1.0,86,2026-10-22,7.14,1
2026-07-28T12:55:03,2026-07-28,BJ,HOLD,0,VWAP Trend,HIGH,5,43.69,94.72,4.31,0.0,6.46,0.0,0.0,2026-08-08,1.87,3.3,57.1,3.41,53.76,55.33,-9.37,11.9,7,2026-04-08 to 2026-07-27 (75 days),-1.0,62.0,0.2992,89.81,93.01,BEARISH,MEDIUM,Last surprise: +6.8%; Earnings conf adj: +1,6.27,-1.0,1.0,24,2026-08-21,6.8,1
2026-07-28T12:55:07,2026-07-28,JEF,HOLD,0,Composite Multi-Indicator,MEDIUM,3,43.67,56.24,7.21,0.0,14.42,0.0,0.0,2026-08-29,3.81,7.58,100.0,292.74,150.75,8.95,-6.82,32.0,2,2026-04-08 to 2026-07-27 (75 days),-1.0,54.5,0.4811,54.88,52.95,BULLISH,HIGH,Last surprise: -17.7%; Earnings conf adj: -1,3.9,-1.0,1.0,62,2026-09-28,-17.74,-1
2026-07-28T12:52:42,2026-07-28,ARE,HOLD,0,Stochastic Oscillator,HIGH,4,43.6,51.39,4.55,0.0,6.82,0.0,0.0,2026-08-09,2.68,6.5,100.0,159.94,64.74,-1.57,-6.58,12.5,2,2026-04-08 to 2026-07-27 (75 days),-1.0,55.9,0.3543,49.83,50.96,BEARISH,MEDIUM,Last surprise: +1400.0%,5.29,-1.0,1.0,6,2026-08-03,1400.0,0
2026-07-28T12:55:38,2026-07-28,HOMB,HOLD,0,SMA Crossover (10/50),HIGH,4,43.45,30.98,2.77,0.0,9.19,0.0,0.0,2026-08-21,3.04,6.05,100.0,134.32,52.75,10.34,-3.72,24.5,2,2026-04-08 to 2026-07-27 (75 days),-1.0,71.8,0.2358,28.02,27.55,BULLISH,MEDIUM,RSI overbought; Strong trend (ADX=52),7.95,-1.0,1.0,78,2026-10-14,,0
2026-07-28T12:53:53,2026-07-28,MU,HOLD,0,MACD Crossover,HIGH,5,43.25,900.2,12.0,0.0,27.3,0.0,0.0,2026-08-12,3.13,5.51,100.0,833.27,707.67,-689.27,-25.12,15.5,4,2026-04-08 to 2026-07-27 (75 days),-1.0,45.7,0.8807,954.87,501.79,BULLISH,HIGH,Last surprise: +21.2%; Earnings conf adj: +1,2.13,-1.0,1.0,57,2026-09-23,21.25,1
2026-07-28T12:53:49,2026-07-28,MOS,HOLD,0,Stochastic Oscillator,MEDIUM,3,43.14,22.34,5.86,0.0,8.79,0.0,0.0,2026-08-22,1.36,2.2,100.0,92.61,34.63,77.65,-9.17,25.5,2,2026-04-08 to 2026-07-27 (75 days),-1.0,52.0,0.3873,22.09,24.95,BEARISH,MEDIUM,Last surprise: -77.3%; Earnings conf adj: -1,4.84,-1.0,1.0,7,2026-08-04,-77.27,-1
2026-07-28T12:54:26,2026-07-28,VEEV,HOLD,0,Stochastic Oscillator,HIGH,4,43.08,194.46,8.38,0.0,12.57,0.0,0.0,2026-08-30,2.42,4.94,100.0,305.63,155.67,86.25,-11.37,33.5,2,2026-04-08 to 2026-07-27 (75 days),-1.0,58.8,0.5371,174.01,206.26,BEARISH,HIGH,Last surprise: +4.7%,3.49,-1.0,1.0,36,2026-09-02,4.67,0
2026-07-28T12:53:41,2026-07-28,KVUE,HOLD,0,ADX Trend Following,HIGH,5,42.96,19.48,3.42,0.0,10.26,0.0,0.0,2026-09-11,1.32,2.07,100.0,79.49,28.85,-25.97,-5.7,45.0,2,2026-04-08 to 2026-07-27 (75 days),-1.0,60.3,0.2376,18.3,17.18,BULLISH,MEDIUM,Last surprise: +23.1%; Earnings conf adj: +1,7.89,-1.0,1.0,9,2026-08-06,23.08,1
2026-07-28T12:53:17,2026-07-28,F,HOLD,0,Stochastic Oscillator,LOW,1,42.93,14.68,4.23,0.0,6.35,0.0,0.0,2026-08-25,3.17,7.34,100.0,423.76,234.58,137.5,-10.01,28.5,2,2026-04-08 to 2026-07-27 (75 days),-1.0,58.8,0.2903,14.4,13.07,BULLISH,MEDIUM,Price at statistical extreme; Strong trend (ADX=32); EARNINGS TODAY (2026-07-28); Last surprise: +247.4%; Earnings conf adj: -3,6.46,-1.0,1.0,0,2026-07-28,247.37,-3
2026-07-28T12:54:06,2026-07-28,PYPL,HOLD,0,VWAP Trend,LOW,0,42.89,56.07,7.26,0.0,10.89,0.0,0.0,2026-08-03,0.84,1.14,58.3,1.47,20.67,-79.99,-16.82,6.0,12,2026-04-08 to 2026-07-27 (75 days),-1.0,75.3,0.6595,45.71,52.26,BEARISH,HIGH,RSI overbought; Strong trend (ADX=54); EARNINGS TODAY (2026-07-28); Last surprise: +5.5%; Earnings conf adj: -3,2.84,-1.0,1.0,0,2026-07-28,5.51,-3
2026-07-28T12:55:23,2026-07-28,ALV,HOLD,0,Stochastic Oscillator,HIGH,4,42.77,119.62,4.26,0.0,6.39,0.0,0.0,2026-08-13,2.9,5.84,100.0,148.2,55.97,21.59,-6.18,16.0,2,2026-04-08 to 2026-07-27 (75 days),-1.0,49.9,0.3423,121.5,117.49,BULLISH,MEDIUM,No special conditions,5.48,-1.0,1.0,87,2026-10-23,,0
2026-07-28T12:52:44,2026-07-28,ATO,HOLD,0,ADX Trend Following,HIGH,4,42.57,178.22,2.8,0.0,4.2,0.0,0.0,2026-08-03,1.84,3.51,80.0,29.95,22.42,39.94,-2.41,6.8,5,2026-04-08 to 2026-07-27 (75 days),-1.0,55.5,0.2129,173.83,174.96,BEARISH,MEDIUM,Strong trend (ADX=30); Last surprise: +1.8%,8.81,-1.0,1.0,8,2026-08-05,1.76,0
2026-07-28T12:53:48,2026-07-28,MMM,HOLD,0,Stochastic Oscillator,HIGH,5,42.36,178.23,4.41,0.0,6.62,0.0,0.0,2026-08-21,2.58,6.3,100.0,183.47,74.88,-11.7,-3.39,24.0,2,2026-04-08 to 2026-07-27 (75 days),-1.0,74.0,0.3694,157.73,157.43,BULLISH,MEDIUM,RSI overbought; Price at statistical extreme; Strong trend (ADX=43); Last surprise: +6.7%; Earnings conf adj: +1,5.08,-1.0,1.0,84,2026-10-20,6.67,1
2026-07-28T12:52:32,2026-07-28,ABT,HOLD,0,ADX Trend Following,HIGH,4,42.34,104.49,6.07,0.0,9.11,0.0,0.0,2026-08-21,2.32,5.85,100.0,190.27,82.14,74.25,-7.18,24.0,2,2026-04-08 to 2026-07-27 (75 days),-1.0,70.1,0.4744,90.78,107.57,BEARISH,HIGH,RSI overbought; Strong trend (ADX=40); Last surprise: +2.3%,3.95,-1.0,1.0,78,2026-10-14,2.34,0
2026-07-28T12:55:40,2026-07-28,PATH,HOLD,0,Stochastic Oscillator,HIGH,4,42.27,11.62,12.0,0.0,18.0,0.0,0.0,2026-08-15,3.03,6.54,100.0,218.89,99.46,53.08,-8.06,18.0,2,2026-04-08 to 2026-07-27 (75 days),-1.0,52.9,0.7558,11.1,12.9,BEARISH,HIGH,No special conditions,2.48,-1.0,1.0,37,2026-09-03,,0
2026-07-28T12:53:39,2026-07-28,KHC,HOLD,0,Stochastic Oscillator,HIGH,5,42.26,26.22,4.23,0.0,6.35,0.0,0.0,2026-08-30,2.99,5.61,100.0,205.31,90.51,23.18,-8.17,33.0,2,2026-04-08 to 2026-07-27 (75 days),-1.0,62.5,0.3384,23.99,23.31,BULLISH,MEDIUM,Strong trend (ADX=32); Last surprise: +16.0%; Earnings conf adj: +1,5.54,-1.0,1.0,8,2026-08-05,16.0,1
2026-07-28T12:54:22,2026-07-28,TSLA,HOLD,0,EMA Crossover (9/21),MEDIUM,2,42.23,309.22,10.8,0.0,16.2,0.0,0.0,2026-08-12,0.66,0.96,75.0,2.84,17.6,47.52,-12.19,15.0,4,2026-04-08 to 2026-07-27 (75 days),-1.0,27.4,0.7752,402.48,414.69,BEARISH,HIGH,RSI oversold; Price at statistical extreme; Strong trend (ADX=36); Last surprise: -38.9%; Earnings conf adj: -1,2.42,-1.0,1.0,85,2026-10-21,-38.89,-1
2026-07-28T12:53:06,2026-07-28,DLR,HOLD,0,Stochastic Oscillator,MEDIUM,3,42.21,195.76,5.39,0.0,8.08,0.0,0.0,2026-08-27,1.85,3.84,100.0,144.92,54.65,32.07,-6.94,30.5,2,2026-04-08 to 2026-07-27 (75 days),-1.0,66.4,0.4442,184.39,173.74,BULLISH,HIGH,Price at statistical extreme; Strong trend (ADX=33); Last surprise: -15.1%; Earnings conf adj: -1,4.22,-1.0,1.0,86,2026-10-22,-15.07,-1
2026-07-28T12:55:38,2026-07-28,WEX,HOLD,0,VWAP Trend,LOW,1,42.2,177.98,8.0,0.0,12.0,0.0,0.0,2026-08-09,0.07,0.09,57.1,1.08,-8.67,-57.65,-27.38,12.1,7,2026-04-08 to 2026-07-27 (75 days),-1.0,71.5,0.4972,146.14,152.05,BEARISH,HIGH,RSI overbought; High volume; Price at statistical extreme; Strong trend (ADX=39),3.77,-1.0,1.0,-1,,,0
2026-07-28T12:54:41,2026-07-28,RS,HOLD,0,SMA Crossover (10/50),HIGH,5,42.17,404.35,3.89,0.0,11.67,0.0,0.0,2026-09-11,2.94,4.76,100.0,222.18,101.61,-22.04,-10.02,45.5,2,2026-04-08 to 2026-07-27 (75 days),-1.0,62.2,0.2946,385.94,325.56,BULLISH,MEDIUM,Price at statistical extreme; Last surprise: +14.6%; Earnings conf adj: +1,6.36,-1.0,1.0,85,2026-10-21,14.63,1
2026-07-28T12:53:42,2026-07-28,LII,HOLD,0,Stochastic Oscillator,MEDIUM,3,42.1,547.35,4.69,0.0,7.04,0.0,0.0,2026-08-18,2.85,5.42,100.0,199.39,84.08,24.25,-4.58,21.5,2,2026-04-08 to 2026-07-27 (75 days),-1.0,52.6,0.27,527.8,508.56,BULLISH,MEDIUM,Earnings in 1d (2026-07-29); Last surprise: +5.3%; Earnings conf adj: -1,6.94,-1.0,1.0,1,2026-07-29,5.35,-1
2026-07-28T12:53:35,2026-07-28,INVH,HOLD,0,ADX Trend Following,LOW,1,42.06,29.63,2.25,0.0,3.38,0.0,0.0,2026-09-11,2.6,4.67,100.0,150.97,62.77,-2.87,-3.99,45.5,2,2026-04-08 to 2026-07-27 (75 days),-1.0,49.7,0.1863,29.31,27.14,BULLISH,LOW,Earnings in 1d (2026-07-29); Last surprise: -13.3%; Earnings conf adj: -3,7.0,-1.0,1.0,1,2026-07-29,-13.33,-3
2026-07-28T12:53:58,2026-07-28,OMC,HOLD,0,VWAP Trend,LOW,1,42.03,82.41,6.45,0.0,9.68,0.0,0.0,2026-08-06,1.81,3.15,85.7,164.68,56.1,24.68,-7.45,9.9,7,2026-04-08 to 2026-07-27 (75 days),-1.0,58.3,0.4172,75.97,75.46,BULLISH,HIGH,EARNINGS TODAY (2026-07-28); Last surprise: +3.3%; Earnings conf adj: -3,4.49,-1.0,1.0,0,2026-07-28,3.26,-3
2026-07-28T12:56:02,2026-07-28,XLI,EXIT,-1,VWAP Trend,HIGH,4,42.01,183.2,1.98,186.83,1.98,179.57,10.0,2026-07-30,2.21,6.47,57.1,4.91,17.4,-11.55,-2.07,2.9,7,2026-04-08 to 2026-07-27 (75 days),-1.0,59.0,0.1477,177.4,165.86,BULLISH,LOW,Size: Kelly 10.0% / VolTgt 10.0% / Blend 10.0%,10.0,-1.0,1.0,-1,,,0
2026-07-28T12:53:43,2026-07-28,LMT,HOLD,0,Stochastic Oscillator,HIGH,5,42.0,580.0,5.76,0.0,8.64,0.0,0.0,2026-08-18,1.6,2.98,100.0,78.39,28.12,50.34,-4.49,21.5,2,2026-04-08 to 2026-07-27 (75 days),-1.0,71.1,0.4437,522.29,538.42,BEARISH,HIGH,RSI overbought; Price at statistical extreme; Last surprise: +10.3%; Earnings conf adj: +1,4.23,-1.0,1.0,84,2026-10-20,10.28,1
2026-07-28T12:55:39,2026-07-28,MIDD,HOLD,0,Stochastic Oscillator,HIGH,4,41.96,136.0,5.59,0.0,8.38,0.0,0.0,2026-08-06,3.52,27.56,100.0,108.77,39.41,-34.93,-1.06,9.5,2,2026-04-08 to 2026-07-27 (75 days),-1.0,54.6,0.3623,129.59,117.86,BULLISH,MEDIUM,No special conditions,5.17,-1.0,1.0,8,2026-08-05,,0
2026-07-28T12:53:50,2026-07-28,MPWR,HOLD,0,VWAP Trend,MEDIUM,2,41.94,1339.08,12.0,0.0,8.53,0.0,0.0,2026-07-30,1.41,2.42,66.7,2.36,57.59,50.09,-8.95,2.7,12,2026-04-08 to 2026-07-27 (75 days),-1.0,46.0,0.6592,1467.5,1198.4,BULLISH,HIGH,Earnings in 2d (2026-07-30); Last surprise: +4.1%; Earnings conf adj: -2,2.84,-1.0,1.0,2,2026-07-30,4.08,-2
2026-07-28T12:54:18,2026-07-28,TEL,HOLD,0,Stochastic Oscillator,HIGH,4,41.9,207.58,5.38,0.0,8.07,0.0,0.0,2026-08-26,1.2,1.97,100.0,73.42,24.66,45.31,-9.3,29.0,2,2026-04-08 to 2026-07-27 (75 days),-1.0,54.7,0.2896,205.3,219.02,BEARISH,MEDIUM,Price at statistical extreme; Last surprise: +3.5%,6.47,-1.0,1.0,-6,2026-07-22,3.52,0
2026-07-28T12:55:03,2026-07-28,SEIC,HOLD,0,ADX Trend Following,HIGH,5,41.81,101.52,4.08,0.0,14.28,0.0,0.0,2026-09-10,3.53,8.09,100.0,275.13,137.48,-14.43,-5.72,44.5,2,2026-04-08 to 2026-07-27 (75 days),-1.0,66.6,0.3128,91.64,84.41,BULLISH,MEDIUM,Strong trend (ADX=35); Last surprise: +15.3%; Earnings conf adj: +1,5.99,-1.0,1.0,85,2026-10-21,15.28,1
2026-07-28T12:53:50,2026-07-28,MPC,BUY,1,PEAD Earnings Drift,HIGH,5,41.8,312.35,4.45,298.45,15.58,361.01,8.04,2026-09-18,4.03,6.7,100.0,408.27,245.76,66.77,-9.09,52.5,2,2026-04-08 to 2026-07-27 (75 days),0.635,71.5,0.3091,268.37,217.52,BULLISH,MEDIUM,RSI overbought; Strong trend (ADX=60); Last surprise: +120.0%; Earnings conf adj: +1; Size: Kelly 10.0% / VolTgt 6.1% / Blend 8.0%,6.07,-1.0,1.0,7,2026-08-04,120.0,1
2026-07-28T12:53:53,2026-07-28,NDSN,HOLD,0,Stochastic Oscillator,HIGH,4,41.78,297.39,3.22,0.0,4.83,0.0,0.0,2026-08-28,2.34,4.01,100.0,138.01,52.24,19.73,-3.98,31.0,2,2026-04-08 to 2026-07-27 (75 days),-1.0,58.5,0.205,288.11,265.78,BULLISH,MEDIUM,Last surprise: +1.4%,9.15,-1.0,1.0,22,2026-08-19,1.42,0
2026-07-28T12:55:16,2026-07-28,ONB,HOLD,0,ADX Trend Following,HIGH,4,41.78,26.41,3.21,0.0,7.87,0.0,0.0,2026-08-17,1.32,1.94,100.0,63.15,22.3,-35.26,-4.42,20.3,3,2026-04-08 to 2026-07-27 (75 days),-1.0,56.5,0.2219,24.99,23.06,BULLISH,MEDIUM,No special conditions,8.45,-1.0,1.0,85,2026-10-21,,0
2026-07-28T12:54:56,2026-07-28,RPM,BUY,1,VWAP Trend,MEDIUM,3,41.69,107.77,5.37,101.98,8.05,116.45,7.48,2026-08-05,0.98,1.61,66.7,1.68,24.08,23.52,-11.26,8.2,9,2026-04-08 to 2026-07-27 (75 days),0.115,54.4,0.3786,104.63,105.49,BEARISH,MEDIUM,Last surprise: +3.3%; Size: Kelly 10.0% / VolTgt 5.0% / Blend 7.5%,4.95,-1.0,1.0,65,2026-10-01,3.28,0
2026-07-28T12:55:37,2026-07-28,MTG,HOLD,0,ADX Trend Following,MEDIUM,2,41.65,30.0,3.01,0.0,4.51,0.0,0.0,2026-08-12,1.05,2.35,66.7,2.15,12.78,-25.56,-5.14,15.3,3,2026-04-08 to 2026-07-27 (75 days),-1.0,74.0,0.2184,26.96,27.09,BEARISH,MEDIUM,RSI overbought; Price at statistical extreme; Strong trend (ADX=31); Earnings in 1d (2026-07-29); Earnings conf adj: -2,8.59,-1.0,1.0,1,2026-07-29,,-2
2026-07-28T12:54:38,2026-07-28,ROIV,HOLD,0,VWAP Trend,HIGH,5,41.64,34.72,5.03,0.0,4.58,0.0,0.0,2026-08-01,2.5,9.86,71.4,5.65,109.21,5.42,-4.77,4.0,7,2026-04-08 to 2026-07-27 (75 days),-1.0,55.6,0.2909,32.06,25.97,BULLISH,MEDIUM,Last surprise: +8.6%; Earnings conf adj: +1,6.45,-1.0,1.0,9,2026-08-06,8.57,1
2026-07-28T12:55:24,2026-07-28,REXR,BUY,1,Momentum (Rate of Change),HIGH,4,41.49,38.71,5.85,36.45,8.77,42.1,7.32,2026-08-20,2.44,6.23,100.0,174.71,73.0,14.21,-6.46,23.0,2,2026-04-08 to 2026-07-27 (75 days),0.385,69.1,0.4053,34.69,36.8,BEARISH,HIGH,Price at statistical extreme; Strong trend (ADX=44); Size: Kelly 10.0% / VolTgt 4.6% / Blend 7.3%,4.63,-1.0,1.0,78,2026-10-14,,0
2026-07-28T12:54:30,2026-07-28,VTRS,HOLD,0,VWAP Trend,HIGH,5,41.47,17.64,4.49,0.0,4.64,0.0,0.0,2026-07-31,2.46,7.59,66.7,4.87,61.02,-89.21,-2.7,3.3,9,2026-04-08 to 2026-07-27 (75 days),-1.0,62.3,0.3244,16.37,13.61,BULLISH,MEDIUM,Last surprise: +18.0%; Earnings conf adj: +1,5.78,-1.0,1.0,9,2026-08-06,18.0,1
2026-07-28T12:53:37,2026-07-28,J,HOLD,0,MACD Crossover,HIGH,5,41.3,135.23,3.49,0.0,5.24,0.0,0.0,2026-08-26,1.91,3.31,100.0,117.04,45.66,33.43,-6.54,29.0,2,2026-04-08 to 2026-07-27 (75 days),-1.0,66.4,0.2352,123.1,133.86,BEARISH,MEDIUM,Price at statistical extreme; Strong trend (ADX=31); Last surprise: +7.4%; Earnings conf adj: +1,7.97,-1.0,1.0,7,2026-08-04,7.36,1
2026-07-28T12:53:55,2026-07-28,NOW,HOLD,0,Stochastic Oscillator,HIGH,4,41.24,105.56,12.0,0.0,18.0,0.0,0.0,2026-09-01,2.64,4.27,100.0,524.07,346.91,315.71,-17.75,35.5,2,2026-04-08 to 2026-07-27 (75 days),-1.0,52.7,0.7916,104.25,126.73,BEARISH,HIGH,Last surprise: +4.7%,2.37,-1.0,1.0,-6,2026-07-22,4.65,0
2026-07-28T12:52:31,2026-07-28,AAPL,HOLD,0,EMA Crossover (9/21),MEDIUM,2,41.22,336.91,3.66,0.0,9.15,0.0,0.0,2026-09-09,3.2,5.83,100.0,221.52,102.61,-43.36,-7.82,43.0,2,2026-04-08 to 2026-07-27 (75 days),-1.0,67.2,0.3171,306.31,275.68,BULLISH,MEDIUM,Strong trend (ADX=36); Earnings in 2d (2026-07-30); Last surprise: +3.6%; Earnings conf adj: -2,5.91,-1.0,1.0,2,2026-07-30,3.61,-2
2026-07-28T12:55:41,2026-07-28,SON,EXIT,-1,VWAP Trend,HIGH,4,41.21,58.68,5.04,61.64,3.86,56.41,7.64,2026-07-29,2.63,9.32,75.0,20.63,47.41,24.1,-2.19,1.9,8,2026-04-08 to 2026-07-27 (75 days),-1.0,65.9,0.3559,51.92,48.1,BULLISH,MEDIUM,Price at statistical extreme; Size: Kelly 10.0% / VolTgt 5.3% / Blend 7.6%,5.27,-1.0,1.0,-1,,,0
2026-07-28T12:55:21,2026-07-28,NNN,HOLD,0,EMA Crossover (9/21),HIGH,4,41.16,49.21,2.78,0.0,9.73,0.0,0.0,2026-09-16,2.31,3.8,100.0,125.53,49.91,-9.03,-4.59,50.5,2,2026-04-08 to 2026-07-27 (75 days),-1.0,64.6,0.2185,46.15,42.63,BULLISH,MEDIUM,Strong trend (ADX=44),8.58,-1.0,1.0,8,2026-08-05,,0
2026-07-28T12:55:27,2026-07-28,VLY,HOLD,0,ADX Trend Following,HIGH,4,41.12,14.35,3.36,0.0,8.49,0.0,0.0,2026-08-25,1.26,1.98,100.0,72.93,25.87,-19.29,-6.1,28.0,3,2026-04-08 to 2026-07-27 (75 days),-1.0,46.5,0.2037,14.11,12.43,BULLISH,MEDIUM,No special conditions,9.2,-1.0,1.0,-1,,,0
2026-07-28T12:56:02,2026-07-28,XLP,HOLD,0,ADX Trend Following,HIGH,4,41.12,85.36,2.64,0.0,4.73,0.0,0.0,2026-08-05,1.53,2.64,100.0,45.15,14.89,1.23,-3.58,8.2,4,2026-04-08 to 2026-07-27 (75 days),-1.0,55.2,0.2099,83.9,81.25,BULLISH,MEDIUM,No special conditions,8.93,-1.0,1.0,-1,,,0
2026-07-28T12:55:25,2026-07-28,CBSH,HOLD,0,ADX Trend Following,HIGH,4,41.07,59.0,2.09,0.0,6.08,0.0,0.0,2026-08-19,2.97,4.83,75.0,177.71,57.23,-12.24,-4.21,22.5,4,2026-04-08 to 2026-07-27 (75 days),-1.0,62.4,0.1627,55.27,52.26,BULLISH,LOW,No special conditions,10.0,-1.0,1.0,79,2026-10-15,,0
2026-07-28T12:53:42,2026-07-28,LIN,HOLD,0,Stochastic Oscillator,LOW,1,41.05,507.02,2.96,0.0,4.44,0.0,0.0,2026-08-06,0.54,1.07,100.0,18.91,3.72,-1.93,-1.87,9.0,2,2026-04-08 to 2026-07-27 (75 days),-1.0,42.9,0.2162,514.54,470.71,BULLISH,MEDIUM,Earnings in 3d (2026-07-31); Last surprise: +1.4%; Earnings conf adj: -2,7.0,-1.0,1.0,3,2026-07-31,1.41,-2
2026-07-28T12:53:46,2026-07-28,MCHP,HOLD,0,ADX Trend Following,HIGH,5,41.04,77.9,11.23,0.0,16.61,0.0,0.0,2026-08-12,1.97,3.43,75.0,4.89,107.63,66.31,-13.74,15.0,4,2026-04-08 to 2026-07-27 (75 days),-1.0,37.9,0.5445,90.76,74.63,BULLISH,HIGH,Price at statistical extreme; Strong trend (ADX=31); Last surprise: +14.0%; Earnings conf adj: +1,3.44,-1.0,1.0,9,2026-08-06,14.0,1
2026-07-28T12:52:48,2026-07-28,BG,HOLD,0,Stochastic Oscillator,MEDIUM,3,40.99,117.5,4.44,0.0,6.66,0.0,0.0,2026-08-15,1.96,4.31,100.0,108.75,40.34,62.33,-7.47,18.0,2,2026-04-08 to 2026-07-27 (75 days),-1.0,50.3,0.318,118.94,110.31,BULLISH,MEDIUM,Strong trend (ADX=40); Earnings in 1d (2026-07-29); Last surprise: +110.3%; Earnings conf adj: -1,5.9,-1.0,1.0,1,2026-07-29,110.34,-1
2026-07-28T12:55:42,2026-07-28,FLG,EXIT,-1,VWAP Trend,MEDIUM,3,40.98,13.76,4.23,14.34,4.32,13.17,7.86,2026-07-30,1.56,2.78,50.0,2.01,16.25,20.35,-3.41,2.8,8,2026-04-08 to 2026-07-27 (75 days),-1.0,33.9,0.328,14.46,13.22,BULLISH,MEDIUM,Price at statistical extreme; Size: Kelly 10.0% / VolTgt 5.7% / Blend 7.9%,5.72,-1.0,1.0,87,2026-10-23,,0
2026-07-28T12:55:28,2026-07-28,LAD,HOLD,0,Stochastic Oscillator,MEDIUM,2,40.96,345.48,5.01,0.0,7.51,0.0,0.0,2026-08-11,3.46,8.26,100.0,213.93,91.59,-62.36,-2.94,14.5,2,2026-04-08 to 2026-07-27 (75 days),-1.0,67.6,0.3584,300.77,300.4,BULLISH,MEDIUM,Strong trend (ADX=45); Earnings in 1d (2026-07-29); Earnings conf adj: -2,5.23,-1.0,1.0,1,2026-07-29,,-2
2026-07-28T12:54:55,2026-07-28,UNM,HOLD,0,MACD Crossover,LOW,1,40.88,86.42,2.87,0.0,4.3,0.0,0.0,2026-08-10,1.02,1.52,100.0,37.46,11.95,-38.57,-4.4,13.7,3,2026-04-08 to 2026-07-27 (75 days),-1.0,44.0,0.2071,86.92,77.93,BULLISH,MEDIUM,EARNINGS TODAY (2026-07-28); Last surprise: +4.4%; Earnings conf adj: -3,7.0,-1.0,1.0,0,2026-07-28,4.39,-3
2026-07-28T12:55:32,2026-07-28,DBX,HOLD,0,Momentum (Rate of Change),HIGH,4,40.82,30.54,6.97,0.0,19.64,0.0,0.0,2026-09-03,1.76,3.41,100.0,211.46,94.83,-79.81,-10.69,37.5,2,2026-04-08 to 2026-07-27 (75 days),-1.0,62.3,0.4072,27.82,26.95,BULLISH,HIGH,No special conditions,4.6,-1.0,1.0,9,2026-08-06,,0
2026-07-28T12:53:11,2026-07-28,ECL,HOLD,0,Stochastic Oscillator,LOW,1,40.75,271.38,3.47,0.0,5.21,0.0,0.0,2026-08-29,1.8,3.05,100.0,105.84,38.48,40.2,-6.72,32.0,2,2026-04-08 to 2026-07-27 (75 days),-1.0,51.1,0.2348,265.09,269.45,BEARISH,MEDIUM,EARNINGS TODAY (2026-07-28); Last surprise: +0.0%; Earnings conf adj: -3,7.0,-1.0,1.0,0,2026-07-28,0.0,-3
2026-07-28T12:53:58,2026-07-28,ODFL,HOLD,0,Stochastic Oscillator,MEDIUM,3,40.66,226.77,4.63,0.0,6.95,0.0,0.0,2026-08-22,2.28,5.22,100.0,147.0,56.27,20.44,-6.27,25.0,2,2026-04-08 to 2026-07-27 (75 days),-1.0,49.9,0.2938,224.13,185.79,BULLISH,MEDIUM,Earnings in 1d (2026-07-29); Last surprise: +8.6%; Earnings conf adj: -1,6.38,-1.0,1.0,1,2026-07-29,8.57,-1
2026-07-28T12:55:08,2026-07-28,MUSA,HOLD,0,Stochastic Oscillator,HIGH,5,40.59,610.44,5.42,0.0,8.13,0.0,0.0,2026-08-12,2.41,4.82,100.0,205.82,88.82,-10.53,-5.93,15.5,2,2026-04-08 to 2026-07-27 (75 days),-1.0,57.8,0.356,567.85,463.96,BULLISH,MEDIUM,Strong trend (ADX=40); Last surprise: +32.4%; Earnings conf adj: +1,5.27,-1.0,1.0,8,2026-08-05,32.36,1
2026-07-28T12:52:49,2026-07-28,BLK,HOLD,0,ADX Trend Following,HIGH,5,40.53,1062.14,4.4,0.0,6.6,0.0,0.0,2026-08-04,1.77,3.2,71.4,4.32,43.87,19.36,-6.23,7.6,7,2026-04-08 to 2026-07-27 (75 days),-1.0,56.1,0.3411,1031.06,1046.99,BEARISH,MEDIUM,Last surprise: +9.6%; Earnings conf adj: +1,5.5,-1.0,1.0,78,2026-10-14,9.61,1
2026-07-28T12:52:43,2026-07-28,AVB,EXIT,-1,ADX Trend Following,HIGH,4,40.45,187.56,2.92,193.04,8.76,171.13,8.98,2026-09-02,2.27,4.14,100.0,124.08,49.53,0.86,-4.16,36.0,2,2026-04-08 to 2026-07-27 (75 days),-1.0,47.1,0.2357,186.24,176.73,BULLISH,MEDIUM,Last surprise: +1.8%; Size: Kelly 10.0% / VolTgt 8.0% / Blend 9.0%,7.95,-1.0,1.0,-6,2026-07-22,1.83,0
2026-07-28T12:53:04,2026-07-28,DDOG,HOLD,0,Stochastic Oscillator,HIGH,5,40.32,251.86,10.8,0.0,15.38,0.0,0.0,2026-08-11,3.49,12.01,100.0,337.08,168.35,-1112.81,-5.89,14.5,2,2026-04-08 to 2026-07-27 (75 days),-1.0,52.2,0.513,239.71,164.8,BULLISH,HIGH,Last surprise: +17.6%; Earnings conf adj: +1,3.66,-1.0,1.0,9,2026-08-06,17.65,1
2026-07-28T12:55:48,2026-07-28,EPR,HOLD,0,EMA Crossover (9/21),MEDIUM,2,40.28,63.43,2.18,0.0,5.45,0.0,0.0,2026-09-16,2.42,4.25,100.0,132.78,53.14,-41.4,-4.56,50.0,2,2026-04-08 to 2026-07-27 (75 days),-1.0,74.9,0.1903,58.73,53.76,BULLISH,LOW,RSI overbought; Strong trend (ADX=48); Earnings in 1d (2026-07-29); Earnings conf adj: -2,9.85,-1.0,1.0,1,2026-07-29,,-2
2026-07-28T12:54:15,2026-07-28,STLD,HOLD,0,MACD Crossover,HIGH,4,40.23,250.27,4.56,0.0,11.11,0.0,0.0,2026-08-11,2.19,3.85,100.0,112.6,43.69,-125.43,-5.25,14.5,2,2026-04-08 to 2026-07-27 (75 days),-1.0,59.8,0.3706,245.87,194.98,BULLISH,MEDIUM,Price at statistical extreme; Last surprise: +0.5%,5.06,-1.0,1.0,83,2026-10-19,0.54,0
2026-07-28T12:54:58,2026-07-28,PINS,HOLD,0,Stochastic Oscillator,HIGH,5,40.22,23.5,7.75,0.0,11.62,0.0,0.0,2026-08-12,2.39,4.67,100.0,215.73,90.45,-52.85,-6.09,15.5,2,2026-04-08 to 2026-07-27 (75 days),-1.0,60.8,0.495,21.15,23.09,BEARISH,HIGH,Last surprise: +22.7%; Earnings conf adj: +1,3.79,-1.0,1.0,7,2026-08-04,22.73,1
2026-07-28T12:55:29,2026-07-28,NFG,HOLD,0,VWAP Trend,LOW,0,40.22,80.74,3.04,0.0,4.56,0.0,0.0,2026-08-07,0.52,0.81,57.1,1.39,7.58,49.91,-9.26,10.1,7,2026-04-08 to 2026-07-27 (75 days),-1.0,54.3,0.2359,78.61,82.68,BEARISH,MEDIUM,Strong trend (ADX=62); Earnings in 1d (2026-07-29); Earnings conf adj: -2,7.0,-1.0,1.0,1,2026-07-29,,-2
2026-07-28T12:53:52,2026-07-28,MTB,HOLD,0,ADX Trend Following,HIGH,5,40.19,248.28,3.12,0.0,6.96,0.0,0.0,2026-08-13,2.45,3.94,75.0,7.33,46.6,-10.3,-3.18,16.5,4,2026-04-08 to 2026-07-27 (75 days),-1.0,61.4,0.2177,228.58,209.35,BULLISH,MEDIUM,Strong trend (ADX=37); Last surprise: +14.2%; Earnings conf adj: +1,8.61,-1.0,1.0,80,2026-10-16,14.16,1
2026-07-28T12:54:28,2026-07-28,VRSK,HOLD,0,VWAP Trend,MEDIUM,2,40.1,206.66,7.07,0.0,10.61,0.0,0.0,2026-08-09,2.27,4.28,57.1,3.19,102.51,26.18,-13.49,12.7,7,2026-04-08 to 2026-07-27 (75 days),-1.0,66.2,0.4162,181.26,199.29,BEARISH,HIGH,Price at statistical extreme; Strong trend (ADX=37); Earnings in 1d (2026-07-29); Last surprise: +4.6%; Earnings conf adj: -2,4.51,-1.0,1.0,1,2026-07-29,4.6,-2
2026-07-28T12:55:27,2026-07-28,SSD,HOLD,0,Stochastic Oscillator,HIGH,4,40.08,193.24,4.06,0.0,6.09,0.0,0.0,2026-08-28,2.71,5.39,100.0,192.89,79.89,39.51,-4.33,31.0,2,2026-04-08 to 2026-07-27 (75 days),-1.0,52.0,0.2617,191.42,180.64,BULLISH,MEDIUM,No special conditions,7.17,-1.0,1.0,90,2026-10-26,,0
2026-07-28T12:54:17,2026-07-28,T,HOLD,0,Composite Multi-Indicator,HIGH,5,40.06,24.42,4.56,0.0,6.84,0.0,0.0,2026-08-24,3.85,17.62,100.0,194.51,82.48,108.78,-1.25,27.0,1,2026-04-08 to 2026-07-27 (75 days),-1.0,70.9,0.3949,22.68,24.66,BEARISH,MEDIUM,RSI overbought; Price at statistical extreme; Strong trend (ADX=49); Last surprise: +10.2%; Earnings conf adj: +1,4.75,-1.0,1.0,85,2026-10-21,10.17,1
2026-07-28T12:56:01,2026-07-28,DBA,BUY,1,VWAP Trend,HIGH,4,40.01,27.62,1.5,27.21,2.84,28.4,10.0,2026-08-01,1.45,3.01,66.7,2.86,11.65,1.82,-2.64,4.6,9,2026-04-08 to 2026-07-27 (75 days),0.603,51.8,0.1681,27.28,26.42,BULLISH,LOW,Strong trend (ADX=39); Size: Kelly 10.0% / VolTgt 10.0% / Blend 10.0%,10.0,-1.0,1.0,-1,,,0
2026-07-28T12:54:12,2026-07-28,SJM,HOLD,0,EMA Crossover (9/21),HIGH,4,39.84,121.05,4.18,0.0,14.63,0.0,0.0,2026-09-09,2.75,5.61,100.0,267.06,131.33,-16.23,-8.42,43.0,2,2026-04-08 to 2026-07-27 (75 days),-1.0,64.6,0.3722,109.32,102.63,BULLISH,MEDIUM,Price at statistical extreme; Strong trend (ADX=33); Last surprise: +4.9%,5.04,-1.0,1.0,30,2026-08-27,4.92,0
2026-07-28T12:55:13,2026-07-28,KRYS,HOLD,0,MACD Crossover,HIGH,5,39.83,351.82,10.41,0.0,18.89,0.0,0.0,2026-08-20,3.03,5.55,100.0,210.09,94.57,-70.57,-7.76,23.5,2,2026-04-08 to 2026-07-27 (75 days),-1.0,53.0,0.4949,332.35,267.74,BULLISH,HIGH,Strong trend (ADX=34); Last surprise: +28.9%; Earnings conf adj: +1,3.79,-1.0,1.0,6,2026-08-03,28.87,1
2026-07-28T12:54:02,2026-07-28,PHM,HOLD,0,Stochastic Oscillator,HIGH,5,39.82,130.59,4.99,0.0,7.49,0.0,0.0,2026-08-29,2.38,4.77,100.0,201.5,88.45,55.77,-8.5,32.5,2,2026-04-08 to 2026-07-27 (75 days),-1.0,56.8,0.3606,123.23,123.6,BEARISH,MEDIUM,Last surprise: +5.1%; Earnings conf adj: +1,5.2,-1.0,1.0,84,2026-10-20,5.08,1
2026-07-28T12:55:26,2026-07-28,AAON,HOLD,0,VWAP Trend,HIGH,4,39.82,101.02,12.0,0.0,5.54,0.0,0.0,2026-07-29,2.02,8.34,70.0,5.2,200.39,136.06,-7.82,1.6,10,2026-04-08 to 2026-07-27 (75 days),-1.0,32.7,0.5567,125.77,100.77,BULLISH,HIGH,Strong trend (ADX=37),3.37,-1.0,1.0,13,2026-08-10,,0
2026-07-28T12:55:35,2026-07-28,EXP,HOLD,0,Stochastic Oscillator,MEDIUM,2,39.82,216.69,5.51,0.0,8.27,0.0,0.0,2026-08-14,2.84,5.76,100.0,166.45,65.84,23.85,-5.71,17.0,2,2026-04-08 to 2026-07-27 (75 days),-1.0,54.4,0.3782,212.81,213.04,BEARISH,MEDIUM,Earnings in 1d (2026-07-29); Earnings conf adj: -2,4.96,-1.0,1.0,1,2026-07-29,,-2
2026-07-28T12:54:58,2026-07-28,EQH,HOLD,0,MACD Crossover,MEDIUM,3,39.8,48.59,4.24,0.0,10.6,0.0,0.0,2026-08-16,0.94,1.44,100.0,44.88,15.08,-104.71,-5.76,19.0,2,2026-04-08 to 2026-07-27 (75 days),-1.0,60.7,0.3276,44.28,43.76,BULLISH,MEDIUM,Strong trend (ADX=32); Last surprise: +0.6%,5.72,-1.0,1.0,7,2026-08-04,0.62,0
2026-07-28T12:55:10,2026-07-28,WMS,HOLD,0,Stochastic Oscillator,HIGH,5,39.8,143.19,4.89,0.0,7.33,0.0,0.0,2026-08-23,1.39,2.53,100.0,124.11,45.75,54.74,-7.69,26.0,2,2026-04-08 to 2026-07-27 (75 days),-1.0,47.2,0.3128,141.86,147.23,BEARISH,MEDIUM,Last surprise: +10.3%; Earnings conf adj: +1,5.99,-1.0,1.0,9,2026-08-06,10.31,1
2026-07-28T12:55:49,2026-07-28,QLYS,HOLD,0,VWAP Trend,HIGH,4,39.8,134.79,12.0,0.0,13.87,0.0,0.0,2026-08-03,3.65,7.75,60.0,4.69,304.45,-33.47,-7.9,6.1,10,2026-04-08 to 2026-07-27 (75 days),-1.0,46.3,0.713,123.11,118.58,BULLISH,HIGH,Strong trend (ADX=41),2.63,-1.0,1.0,7,2026-08-04,,0
2026-07-28T12:53:29,2026-07-28,HLT,HOLD,0,EMA Crossover (9/21),LOW,1,39.68,330.85,3.54,0.0,5.31,0.0,0.0,2026-08-16,1.37,2.24,100.0,55.76,19.27,3.66,-5.64,19.0,2,2026-04-08 to 2026-07-27 (75 days),-1.0,50.6,0.2568,332.41,304.11,BULLISH,MEDIUM,EARNINGS TODAY (2026-07-28); Last surprise: +2.0%; Earnings conf adj: -3,7.0,-1.0,1.0,0,2026-07-28,2.03,-3
2026-07-28T12:55:01,2026-07-28,DY,HOLD,0,ADX Trend Following,HIGH,5,39.64,424.21,8.66,0.0,21.53,0.0,0.0,2026-08-24,1.18,2.94,100.0,168.07,70.68,26.51,-15.38,27.5,2,2026-04-08 to 2026-07-27 (75 days),-1.0,45.3,0.5215,452.47,381.37,BULLISH,HIGH,Last surprise: +62.5%; Earnings conf adj: +1,3.6,-1.0,1.0,29,2026-08-26,62.5,1
2026-07-28T12:55:19,2026-07-28,SOLS,HOLD,0,ADX Trend Following,MEDIUM,2,39.64,60.59,10.85,0.0,6.41,0.0,0.0,2026-07-29,1.93,30.75,100.0,22.5,9.54,82.46,-0.1,1.0,1,2026-05-04 to 2026-07-27 (57 days),-1.0,36.3,0.8136,77.03,nan,NEUTRAL,HIGH,Strong trend (ADX=44); Earnings in 2d (2026-07-30); Earnings conf adj: -2,2.3,-1.0,1.0,2,2026-07-30,,-2
2026-07-28T12:54:52,2026-07-28,WSO,HOLD,0,VWAP Trend,MEDIUM,3,39.63,364.37,5.15,0.0,4.32,0.0,0.0,2026-08-01,1.55,2.68,57.1,3.3,28.11,44.84,-3.94,4.4,7,2026-04-08 to 2026-07-27 (75 days),-1.0,39.1,0.2617,382.82,375.25,BULLISH,MEDIUM,Earnings in 1d (2026-07-29); Last surprise: +11.3%; Earnings conf adj: -1,7.16,-1.0,1.0,1,2026-07-29,11.31,-1
2026-07-28T12:53:27,2026-07-28,GWW,HOLD,0,MACD Crossover,HIGH,5,39.6,1398.95,3.22,0.0,4.94,0.0,0.0,2026-08-06,1.74,3.88,75.0,450.73,21.82,-76.35,-3.5,9.5,4,2026-04-08 to 2026-07-27 (75 days),-1.0,61.2,0.2036,1320.66,1120.29,BULLISH,MEDIUM,Last surprise: +14.1%; Earnings conf adj: +1,9.21,-1.0,1.0,7,2026-08-04,14.1,1
2026-07-28T12:55:48,2026-07-28,SLGN,BUY,1,VWAP Trend,MEDIUM,2,39.55,46.58,4.59,44.44,5.71,49.24,8.52,2026-08-04,1.5,2.62,55.6,2.26,41.46,-11.95,-9.56,7.4,9,2026-04-08 to 2026-07-27 (75 days),0.746,63.2,0.2665,41.69,41.44,BULLISH,MEDIUM,High volume; Strong trend (ADX=31); Earnings in 1d (2026-07-29); Earnings conf adj: -2; Size: Kelly 10.0% / VolTgt 7.0% / Blend 8.5%,7.04,-1.0,1.0,1,2026-07-29,,-2
2026-07-28T12:54:22,2026-07-28,TTD,HOLD,0,Stochastic Oscillator,MEDIUM,3,39.45,17.88,10.8,0.0,16.2,0.0,0.0,2026-08-19,2.06,4.35,100.0,196.64,81.44,115.99,-12.6,22.5,2,2026-04-08 to 2026-07-27 (75 days),-1.0,42.8,0.5313,19.62,30.15,BEARISH,HIGH,Last surprise: -12.5%; Earnings conf adj: -1,3.53,-1.0,1.0,9,2026-08-06,-12.5,-1
2026-07-28T12:52:45,2026-07-28,AWK,BUY,1,MACD Crossover,LOW,1,39.38,134.56,3.61,129.7,5.42,141.85,6.81,2026-08-10,1.23,1.96,75.0,27.55,21.48,23.56,-5.58,13.2,4,2026-04-08 to 2026-07-27 (75 days),0.234,57.6,0.2834,128.1,130.26,BEARISH,MEDIUM,Earnings in 1d (2026-07-29); Last surprise: -7.3%; Earnings conf adj: -3; Size: Kelly 7.0% / VolTgt 6.6% / Blend 6.8%,6.62,-1.0,1.0,1,2026-07-29,-7.34,-3
2026-07-28T12:54:57,2026-07-28,RNR,EXIT,-1,VWAP Trend,HIGH,5,39.24,328.87,4.33,343.11,3.57,317.13,7.78,2026-07-29,1.87,3.19,58.3,2.66,21.82,-5.06,-2.51,1.8,12,2026-04-08 to 2026-07-27 (75 days),-1.0,61.5,0.3379,303.89,287.28,BULLISH,MEDIUM,Last surprise: +10.0%; Earnings conf adj: +1; Size: Kelly 10.0% / VolTgt 5.5% / Blend 7.8%,5.55,-1.0,1.0,-6,2026-07-22,9.96,1
2026-07-28T12:56:02,2026-07-28,XLU,HOLD,0,Multi-Factor Momentum MR,HIGH,4,39.2,45.68,1.85,0.0,4.2,0.0,0.0,2026-08-07,1.71,4.29,100.0,46.06,15.93,21.69,-1.27,10.0,2,2026-04-08 to 2026-07-27 (75 days),-1.0,54.0,0.1689,44.76,44.36,BULLISH,LOW,No special conditions,10.0,-1.0,1.0,-1,,,0
2026-07-28T12:53:00,2026-07-28,CRL,HOLD,0,VWAP Trend,HIGH,5,39.19,224.3,6.11,0.0,6.46,0.0,0.0,2026-08-02,1.11,1.73,83.3,1.93,20.67,-111.86,-7.68,5.7,6,2026-04-08 to 2026-07-27 (75 days),-1.0,57.6,0.3434,196.65,185.63,BULLISH,MEDIUM,Last surprise: +5.6%; Earnings conf adj: +1,5.46,-1.0,1.0,8,2026-08-05,5.64,1
2026-07-28T12:55:17,2026-07-28,PRI,HOLD,0,Momentum (Rate of Change),HIGH,4,39.15,314.71,2.98,0.0,10.29,0.0,0.0,2026-09-04,2.54,4.55,100.0,133.26,50.54,-33.83,-6.06,38.0,2,2026-04-08 to 2026-07-27 (75 days),-1.0,67.1,0.2121,285.59,265.79,BULLISH,MEDIUM,Strong trend (ADX=51),8.84,-1.0,1.0,8,2026-08-05,,0
2026-07-28T12:54:50,2026-07-28,RGA,HOLD,0,ADX Trend Following,HIGH,4,39.14,239.0,3.48,0.0,7.68,0.0,0.0,2026-08-12,1.0,1.71,66.7,2.18,16.35,-38.03,-8.59,15.0,3,2026-04-08 to 2026-07-27 (75 days),-1.0,65.6,0.252,216.38,204.35,BULLISH,MEDIUM,Strong trend (ADX=49); Last surprise: +16.0%; Earnings conf adj: +1,7.44,-1.0,1.0,9,2026-08-06,15.97,1
2026-07-28T12:53:05,2026-07-28,DE,HOLD,0,Stochastic Oscillator,HIGH,5,39.02,625.02,4.14,0.0,6.21,0.0,0.0,2026-08-21,1.38,2.48,100.0,100.11,35.18,25.16,-10.57,24.5,2,2026-04-08 to 2026-07-27 (75 days),-1.0,61.8,0.3152,583.3,541.16,BULLISH,MEDIUM,Last surprise: +14.1%; Earnings conf adj: +1,5.95,-1.0,1.0,23,2026-08-20,14.11,1
2026-07-28T12:54:43,2026-07-28,TOST,HOLD,0,ADX Trend Following,HIGH,5,39.0,30.84,8.21,0.0,12.32,0.0,0.0,2026-08-16,2.93,5.51,66.7,40.56,148.27,74.26,-7.94,19.7,3,2026-04-08 to 2026-07-27 (75 days),-1.0,62.3,0.474,26.42,30.51,BEARISH,HIGH,Strong trend (ADX=30); Last surprise: +7.4%; Earnings conf adj: +1,3.96,-1.0,1.0,7,2026-08-04,7.41,1
2026-07-28T12:52:51,2026-07-28,CAH,HOLD,0,ADX Trend Following,HIGH,5,38.95,229.35,3.5,0.0,9.2,0.0,0.0,2026-08-24,2.87,5.21,100.0,150.42,62.06,36.78,-8.0,27.5,2,2026-04-08 to 2026-07-27 (75 days),-1.0,53.4,0.2227,217.97,206.03,BULLISH,MEDIUM,Strong trend (ADX=34); Last surprise: +13.6%; Earnings conf adj: +1,8.42,-1.0,1.0,14,2026-08-11,13.62,1
2026-07-28T12:54:34,2026-07-28,XOM,HOLD,0,VWAP Trend,MEDIUM,3,38.92,154.77,3.54,0.0,2.2,0.0,0.0,2026-07-29,1.82,6.07,75.0,3.9,13.92,14.79,-1.99,1.2,8,2026-04-08 to 2026-07-27 (75 days),-1.0,66.6,0.2547,146.48,136.9,BULLISH,MEDIUM,Strong trend (ADX=43); Earnings in 3d (2026-07-31); Last surprise: +14.9%; Earnings conf adj: -1,7.36,-1.0,1.0,3,2026-07-31,14.85,-1
2026-07-28T12:54:11,2026-07-28,SLB,EXIT,-1,ADX Trend Following,HIGH,5,38.84,51.53,4.27,53.73,4.58,49.17,7.44,2026-07-30,1.19,2.72,66.7,2.57,23.55,24.07,-4.84,2.3,3,2026-04-08 to 2026-07-27 (75 days),-1.0,63.2,0.3839,51.38,45.98,BULLISH,MEDIUM,Price at statistical extreme; Last surprise: +5.8%; Earnings conf adj: +1; Size: Kelly 10.0% / VolTgt 4.9% / Blend 7.4%,4.88,-1.0,1.0,87,2026-10-23,5.77,1
2026-07-28T12:53:20,2026-07-28,FOX,HOLD,0,Stochastic Oscillator,HIGH,5,38.8,50.81,4.4,0.0,6.6,0.0,0.0,2026-08-26,2.64,5.76,100.0,144.56,54.58,75.72,-5.16,29.0,1,2026-04-08 to 2026-07-27 (75 days),-1.0,50.7,0.3456,53.09,56.49,BEARISH,MEDIUM,Last surprise: +22.2%; Earnings conf adj: +1,5.43,-1.0,1.0,9,2026-08-06,22.22,1
2026-07-28T12:55:35,2026-07-28,BYD,HOLD,0,Stochastic Oscillator,HIGH,4,38.79,89.29,3.55,0.0,5.32,0.0,0.0,2026-08-13,2.2,4.71,100.0,111.53,40.64,27.06,-3.63,16.5,2,2026-04-08 to 2026-07-27 (75 days),-1.0,57.6,0.2225,85.53,83.75,BULLISH,MEDIUM,No special conditions,8.43,-1.0,1.0,86,2026-10-22,,0
2026-07-28T12:55:02,2026-07-28,SF,HOLD,0,VWAP Trend,HIGH,4,38.76,82.37,3.61,0.0,5.42,0.0,0.0,2026-08-03,1.42,2.39,57.1,2.3,25.17,-3.19,-6.52,6.9,7,2026-04-08 to 2026-07-27 (75 days),-1.0,72.5,0.3224,73.39,77.37,BEARISH,MEDIUM,RSI overbought; Strong trend (ADX=37); Last surprise: +4.4%,5.82,-1.0,1.0,85,2026-10-21,4.41,0
2026-07-28T12:55:26,2026-07-28,HXL,HOLD,0,ADX Trend Following,LOW,1,38.76,109.72,4.59,0.0,9.18,0.0,0.0,2026-08-17,0.87,1.47,100.0,68.87,24.22,-132.9,-12.95,20.5,4,2026-04-08 to 2026-07-27 (75 days),-1.0,70.1,0.2606,96.01,83.64,BULLISH,MEDIUM,RSI overbought; Strong trend (ADX=40); Earnings in 1d (2026-07-29); Earnings conf adj: -2,7.0,-1.0,1.0,1,2026-07-29,,-2
2026-07-28T12:55:36,2026-07-28,M,HOLD,0,Stochastic Oscillator,HIGH,4,38.65,24.96,7.48,0.0,11.22,0.0,0.0,2026-08-13,3.35,8.1,100.0,252.92,110.95,-82.16,-4.11,16.5,2,2026-04-08 to 2026-07-27 (75 days),-1.0,59.7,0.4518,22.72,20.55,BULLISH,HIGH,No special conditions,4.15,-1.0,1.0,36,2026-09-02,,0
2026-07-28T12:53:27,2026-07-28,GRMN,HOLD,0,ADX Trend Following,LOW,0,38.44,242.47,3.88,0.0,5.82,0.0,0.0,2026-08-18,-0.43,-0.59,66.7,0.68,-10.18,1.74,-12.29,21.0,3,2026-04-08 to 2026-07-27 (75 days),-1.0,51.6,0.2589,237.82,227.26,BULLISH,MEDIUM,High volume; Earnings in 1d (2026-07-29); Last surprise: +13.0%; Earnings conf adj: -1,7.0,-1.0,1.0,1,2026-07-29,13.04,-1
2026-07-28T12:55:52,2026-07-28,NWE,HOLD,0,VWAP Trend,LOW,1,38.37,72.2,3.26,0.0,2.24,0.0,0.0,2026-07-29,1.99,5.48,50.0,3.12,31.82,19.97,-3.2,1.6,8,2026-04-08 to 2026-07-27 (75 days),-1.0,53.1,0.2251,70.78,66.8,BULLISH,MEDIUM,Earnings in 1d (2026-07-29); Earnings conf adj: -2,7.0,-1.0,1.0,1,2026-07-29,,-2
2026-07-28T12:54:38,2026-07-28,XPO,HOLD,0,Stochastic Oscillator,MEDIUM,3,38.36,208.2,5.23,0.0,7.85,0.0,0.0,2026-08-21,1.16,2.16,100.0,85.4,27.14,32.66,-5.15,24.5,2,2026-04-08 to 2026-07-27 (75 days),-1.0,48.0,0.3462,210.25,179.1,BULLISH,MEDIUM,Earnings in 2d (2026-07-30); Last surprise: +14.8%; Earnings conf adj: -1,5.42,-1.0,1.0,2,2026-07-30,14.77,-1
2026-07-28T12:54:40,2026-07-28,RBA,HOLD,0,Stochastic Oscillator,HIGH,4,38.33,116.35,3.76,0.0,5.64,0.0,0.0,2026-08-24,2.3,4.76,100.0,154.49,60.96,-9.31,-3.92,27.0,2,2026-04-08 to 2026-07-27 (75 days),-1.0,62.4,0.3331,108.4,104.52,BULLISH,MEDIUM,Last surprise: +4.1%,5.63,-1.0,1.0,7,2026-08-04,4.12,0
2026-07-28T12:52:50,2026-07-28,BRO,HOLD,0,ADX Trend Following,HIGH,4,38.17,69.7,5.98,0.0,8.97,0.0,0.0,2026-08-19,2.12,4.41,100.0,149.11,61.44,50.25,-6.59,22.0,2,2026-04-08 to 2026-07-27 (75 days),-1.0,61.2,0.4441,61.91,71.25,BEARISH,HIGH,Strong trend (ADX=32); Last surprise: +0.0%,4.22,-1.0,1.0,90,2026-10-26,0.0,0
2026-07-28T12:54:26,2026-07-28,V,HOLD,0,EMA Crossover (9/21),LOW,1,38.1,362.53,3.18,0.0,6.36,0.0,0.0,2026-09-11,1.61,3.52,100.0,110.93,42.7,-30.9,-6.51,45.0,2,2026-04-08 to 2026-07-27 (75 days),-1.0,62.3,0.2637,336.6,328.98,BULLISH,MEDIUM,Strong trend (ADX=34); EARNINGS TODAY (2026-07-28); Last surprise: +6.8%; Earnings conf adj: -3,7.0,-1.0,1.0,0,2026-07-28,6.77,-3
2026-07-28T12:53:33,2026-07-28,IEX,HOLD,0,ADX Trend Following,MEDIUM,2,38.08,223.83,2.66,0.0,5.32,0.0,0.0,2026-08-16,0.76,1.29,100.0,37.92,12.5,-43.3,-6.56,19.7,3,2026-04-08 to 2026-07-27 (75 days),-1.0,53.9,0.1666,217.96,194.75,BULLISH,LOW,Earnings in 1d (2026-07-29); Last surprise: +13.0%; Earnings conf adj: -1,10.0,-1.0,1.0,1,2026-07-29,12.99,-1
2026-07-28T12:55:50,2026-07-28,PEGA,HOLD,0,VWAP Trend,LOW,1,38.03,28.6,12.0,0.0,18.0,0.0,0.0,2026-08-12,-0.85,-1.14,60.0,0.63,-34.36,36.69,-24.01,15.4,5,2026-04-08 to 2026-07-27 (75 days),-1.0,42.0,0.8246,32.23,45.41,BEARISH,HIGH,No special conditions,2.27,-1.0,1.0,84,2026-10-20,,0
2026-07-28T12:52:49,2026-07-28,BNY,HOLD,0,ADX Trend Following,HIGH,5,38.01,157.77,3.66,0.0,12.26,0.0,0.0,2026-08-30,2.39,4.24,100.0,130.29,51.96,-54.96,-3.34,33.0,2,2026-04-08 to 2026-07-27 (75 days),-1.0,60.9,0.271,145.96,124.54,BULLISH,MEDIUM,Strong trend (ADX=43); Last surprise: +10.8%; Earnings conf adj: +1,6.92,-1.0,1.0,79,2026-10-15,10.81,1
2026-07-28T12:54:29,2026-07-28,VTR,HOLD,0,ADX Trend Following,LOW,1,37.98,100.11,3.01,0.0,5.29,0.0,0.0,2026-08-07,2.33,4.08,50.0,2.44,44.94,-40.09,-9.6,10.0,6,2026-04-08 to 2026-07-27 (75 days),-1.0,77.0,0.2126,87.95,81.27,BULLISH,MEDIUM,RSI overbought; Price at statistical extreme; Strong trend (ADX=59); Earnings in 1d (2026-07-29); Last surprise: +0.0%; Earnings conf adj: -2,7.0,-1.0,1.0,1,2026-07-29,0.0,-2
2026-07-28T12:54:35,2026-07-28,ZBRA,HOLD,0,VWAP Trend,HIGH,5,37.97,264.59,5.68,0.0,8.47,0.0,0.0,2026-08-07,1.28,2.21,62.5,2.71,56.14,-28.07,-17.02,10.5,8,2026-04-08 to 2026-07-27 (75 days),-1.0,55.2,0.3318,251.44,246.67,BULLISH,MEDIUM,Last surprise: +11.8%; Earnings conf adj: +1,5.65,-1.0,1.0,7,2026-08-04,11.76,1
2026-07-28T12:54:27,2026-07-28,UNP,HOLD,0,EMA Crossover (9/21),HIGH,5,37.94,299.3,3.42,0.0,11.97,0.0,0.0,2026-09-14,1.62,3.0,100.0,129.12,51.46,-38.7,-7.76,48.0,2,2026-04-08 to 2026-07-27 (75 days),-1.0,64.6,0.2468,274.56,247.19,BULLISH,MEDIUM,Strong trend (ADX=53); Last surprise: +5.2%; Earnings conf adj: +1,7.6,-1.0,1.0,86,2026-10-22,5.25,1
2026-07-28T12:54:11,2026-07-28,SCHW,HOLD,0,VWAP Trend,LOW,0,37.82,104.18,3.46,0.0,4.83,0.0,0.0,2026-08-02,-0.16,-0.19,50.0,1.02,-5.08,-35.54,-11.4,5.9,8,2026-04-08 to 2026-07-27 (75 days),-1.0,66.2,0.2523,93.84,94.85,BEARISH,MEDIUM,Strong trend (ADX=33); Last surprise: +4.5%,7.0,-1.0,1.0,79,2026-10-15,4.52,0
2026-07-28T12:55:16,2026-07-28,CTRE,HOLD,0,MACD Crossover,HIGH,4,37.82,42.96,3.44,0.0,9.86,0.0,0.0,2026-08-17,2.61,5.45,66.7,15.25,68.39,21.8,-4.07,20.3,3,2026-04-08 to 2026-07-27 (75 days),-1.0,62.8,0.2779,39.9,37.54,BULLISH,MEDIUM,Strong trend (ADX=44),6.75,-1.0,1.0,9,2026-08-06,,0
2026-07-28T12:55:30,2026-07-28,LEA,HOLD,0,EMA Crossover (9/21),MEDIUM,2,37.81,145.0,3.8,0.0,7.6,0.0,0.0,2026-09-09,1.61,2.72,100.0,136.28,54.58,-15.33,-7.81,43.0,2,2026-04-08 to 2026-07-27 (75 days),-1.0,61.1,0.28,138.94,122.33,BULLISH,MEDIUM,Earnings in 3d (2026-07-31); Earnings conf adj: -2,6.7,-1.0,1.0,3,2026-07-31,,-2
2026-07-28T12:55:44,2026-07-28,HRB,HOLD,0,Stochastic Oscillator,HIGH,4,37.73,42.33,5.41,0.0,8.12,0.0,0.0,2026-08-19,1.98,6.92,100.0,290.81,139.16,-34.0,-9.23,22.0,2,2026-04-08 to 2026-07-27 (75 days),-1.0,63.8,0.3727,38.26,38.07,BULLISH,MEDIUM,No special conditions,5.03,-1.0,1.0,14,2026-08-11,,0
2026-07-28T12:54:25,2026-07-28,UHS,HOLD,0,ADX Trend Following,HIGH,4,37.72,159.31,6.82,0.0,6.47,0.0,0.0,2026-08-01,1.46,4.22,66.7,2.82,18.36,59.89,-4.05,4.0,3,2026-04-08 to 2026-07-27 (75 days),-1.0,60.1,0.4111,151.65,192.32,BEARISH,HIGH,High volume; Last surprise: -0.5%,4.56,-1.0,1.0,90,2026-10-26,-0.5,0
2026-07-28T12:53:32,2026-07-28,HWM,HOLD,0,Multi-Factor Momentum MR,HIGH,5,37.69,287.94,4.43,0.0,6.83,0.0,0.0,2026-08-11,2.15,3.76,100.0,60.41,21.67,-40.37,-2.88,14.0,1,2026-04-08 to 2026-07-27 (75 days),-1.0,65.2,0.2318,267.5,233.85,BULLISH,MEDIUM,Price at statistical extreme; Last surprise: +9.9%; Earnings conf adj: +1,8.09,-1.0,1.0,9,2026-08-06,9.91,1
2026-07-28T12:54:54,2026-07-28,PAG,BUY,1,Momentum (Rate of Change),MEDIUM,3,37.66,215.7,6.44,201.81,16.1,250.43,7.07,2026-09-11,2.59,5.04,100.0,274.27,129.41,-100.38,-9.98,45.0,2,2026-04-08 to 2026-07-27 (75 days),0.742,74.3,0.4532,180.03,163.91,BULLISH,HIGH,RSI overbought; Strong trend (ADX=47); Earnings in 1d (2026-07-29); Last surprise: +5.9%; Earnings conf adj: -1; Size: Kelly 10.0% / VolTgt 4.1% / Blend 7.1%,4.14,-1.0,1.0,1,2026-07-29,5.9,-1
2026-07-28T12:54:23,2026-07-28,UAL,HOLD,0,Stochastic Oscillator,HIGH,5,37.62,120.57,6.14,0.0,9.21,0.0,0.0,2026-08-17,2.47,6.1,100.0,250.67,113.47,-1.52,-10.92,20.5,2,2026-04-08 to 2026-07-27 (75 days),-1.0,50.6,0.317,115.51,104.98,BULLISH,MEDIUM,Strong trend (ADX=33); Last surprise: +7.6%; Earnings conf adj: +1,5.92,-1.0,1.0,85,2026-10-21,7.57,1
2026-07-28T12:53:08,2026-07-28,DPZ,HOLD,0,Composite Multi-Indicator,HIGH,4,37.59,343.53,8.36,0.0,12.54,0.0,0.0,2026-08-31,2.92,6.96,100.0,212.76,92.15,117.23,-4.37,34.0,1,2026-04-08 to 2026-07-27 (75 days),-1.0,65.7,0.434,309.65,370.55,BEARISH,HIGH,Price at statistical extreme; Strong trend (ADX=39); Last surprise: -2.4%,4.32,-1.0,1.0,77,2026-10-13,-2.4,0
2026-07-28T12:55:40,2026-07-28,HWC,HOLD,0,ADX Trend Following,HIGH,4,37.58,75.46,2.44,0.0,5.81,0.0,0.0,2026-08-13,2.08,3.37,75.0,4.61,38.5,-15.09,-4.77,16.2,4,2026-04-08 to 2026-07-27 (75 days),-1.0,54.0,0.1835,71.53,65.55,BULLISH,LOW,No special conditions,10.0,-1.0,1.0,77,2026-10-13,,0
2026-07-28T12:53:36,2026-07-28,ITW,HOLD,0,ADX Trend Following,LOW,1,37.36,284.82,3.36,0.0,6.72,0.0,0.0,2026-08-16,1.12,1.75,66.7,1.98,20.41,-2.8,-7.1,19.0,3,2026-04-08 to 2026-07-27 (75 days),-1.0,66.3,0.2587,260.55,258.28,BULLISH,MEDIUM,Price at statistical extreme; Strong trend (ADX=39); EARNINGS TODAY (2026-07-28); Last surprise: +3.9%; Earnings conf adj: -3,7.0,-1.0,1.0,0,2026-07-28,3.91,-3
2026-07-28T12:53:28,2026-07-28,HD,HOLD,0,Stochastic Oscillator,MEDIUM,3,37.32,336.09,4.25,0.0,6.38,0.0,0.0,2026-08-17,0.96,1.64,100.0,49.78,15.02,12.52,-8.27,20.0,2,2026-04-08 to 2026-07-27 (75 days),-1.0,50.4,0.2732,326.79,346.28,BEARISH,MEDIUM,Last surprise: +0.6%,6.86,-1.0,1.0,21,2026-08-18,0.59,0
2026-07-28T12:55:18,2026-07-28,TKR,HOLD,0,52-Week High Momentum,HIGH,4,37.3,141.1,5.02,0.0,15.06,0.0,0.0,2026-09-20,2.57,5.19,100.0,284.07,144.05,-24.75,-8.35,54.0,2,2026-04-08 to 2026-07-27 (75 days),-1.0,56.6,0.2763,133.68,102.92,BULLISH,MEDIUM,No special conditions,6.79,-1.0,1.0,7,2026-08-04,,0
2026-07-28T12:54:25,2026-07-28,URI,HOLD,0,ADX Trend Following,HIGH,5,37.23,1127.91,7.44,0.0,24.32,0.0,0.0,2026-09-09,2.13,4.25,100.0,206.92,94.02,-191.11,-7.33,43.5,2,2026-04-08 to 2026-07-27 (75 days),-1.0,59.7,0.4683,1047.3,898.23,BULLISH,HIGH,Strong trend (ADX=35); Last surprise: +10.1%; Earnings conf adj: +1,4.0,-1.0,1.0,85,2026-10-21,10.09,1
2026-07-28T12:54:19,2026-07-28,TJX,HOLD,0,Stochastic Oscillator,HIGH,4,37.2,156.38,3.15,0.0,4.72,0.0,0.0,2026-08-24,0.86,1.54,100.0,45.81,13.88,23.53,-6.56,27.0,2,2026-04-08 to 2026-07-27 (75 days),-1.0,52.9,0.2104,156.55,153.38,BULLISH,MEDIUM,Strong trend (ADX=31); Last surprise: +17.8%; Earnings conf adj: +1,8.91,-1.0,1.0,22,2026-08-19,17.82,1
2026-07-28T12:54:57,2026-07-28,CNH,BUY,1,VWAP Trend,HIGH,4,37.12,11.08,4.9,10.54,10.5,12.24,7.72,2026-08-12,1.35,2.43,80.0,4.09,53.34,60.4,-10.19,15.0,5,2026-04-08 to 2026-07-27 (75 days),0.397,59.5,0.3443,10.54,10.53,BULLISH,MEDIUM,Last surprise: +72.7%; Size: Kelly 10.0% / VolTgt 5.5% / Blend 7.7%,5.45,-1.0,1.0,6,2026-08-03,72.73,0
2026-07-28T12:52:35,2026-07-28,AES,HOLD,0,EMA Crossover (9/21),MEDIUM,3,37.0,14.83,1.5,0.0,2.19,0.0,0.0,2026-09-15,1.95,3.6,100.0,24.21,7.76,-7.49,-1.09,49.0,2,2026-04-08 to 2026-07-27 (75 days),-1.0,63.2,0.0397,14.68,14.31,BULLISH,LOW,Strong trend (ADX=47); Earnings in 2d (2026-07-30); Last surprise: +108.1%; Earnings conf adj: -1,10.0,-1.0,1.0,2,2026-07-30,108.11,-1
2026-07-28T12:56:00,2026-07-28,KD,HOLD,0,Stochastic Oscillator,HIGH,4,36.99,12.76,10.61,0.0,15.91,0.0,0.0,2026-08-21,1.84,3.2,100.0,165.32,69.12,75.02,-11.72,24.0,2,2026-04-08 to 2026-07-27 (75 days),-1.0,60.2,0.5453,11.79,18.33,BEARISH,HIGH,Price at statistical extreme,3.44,-1.0,1.0,8,2026-08-05,,0
2026-07-28T12:56:00,2026-07-28,OLN,HOLD,0,VWAP Trend,LOW,1,36.95,21.88,9.9,0.0,7.63,0.0,0.0,2026-07-31,0.62,0.86,66.7,1.55,13.24,73.76,-9.83,3.3,9,2026-04-08 to 2026-07-27 (75 days),-1.0,47.0,0.5334,23.51,23.52,BEARISH,HIGH,Strong trend (ADX=31); Earnings in 2d (2026-07-30); Earnings conf adj: -2,3.52,-1.0,1.0,2,2026-07-30,,-2
2026-07-28T12:55:05,2026-07-28,NYT,HOLD,0,VWAP Trend,MEDIUM,2,36.94,72.37,4.4,0.0,3.41,0.0,0.0,2026-07-29,-1.04,-1.24,55.6,0.72,-14.29,26.58,-7.23,1.7,9,2026-04-08 to 2026-07-27 (75 days),-1.0,46.2,0.3318,73.77,71.61,BULLISH,MEDIUM,Last surprise: +29.8%; Earnings conf adj: +1,5.65,-1.0,1.0,8,2026-08-05,29.79,1
2026-07-28T12:55:09,2026-07-28,SANM,HOLD,0,VWAP Trend,HIGH,5,36.87,208.9,11.46,0.0,9.01,0.0,0.0,2026-07-30,2.82,9.86,83.3,11.77,144.74,-147.44,-3.21,2.7,6,2026-04-08 to 2026-07-27 (75 days),-1.0,43.5,0.6964,236.67,175.53,BULLISH,HIGH,Last surprise: +18.6%; Earnings conf adj: +1,2.69,-1.0,1.0,-1,2026-07-27,18.64,1
2026-07-28T12:55:37,2026-07-28,INGR,HOLD,0,VWAP Trend,LOW,1,36.85,101.45,3.32,0.0,4.98,0.0,0.0,2026-08-11,-0.29,-0.41,60.0,0.87,-5.66,24.18,-8.93,14.0,5,2026-04-08 to 2026-07-27 (75 days),-1.0,55.3,0.2208,99.66,108.31,BEARISH,MEDIUM,No special conditions,7.0,-1.0,1.0,7,2026-08-04,,0
2026-07-28T12:53:38,2026-07-28,JNJ,HOLD,0,Stochastic Oscillator,HIGH,4,36.76,265.95,3.7,0.0,5.55,0.0,0.0,2026-08-13,1.09,1.93,100.0,43.05,11.62,-30.4,-4.14,16.5,2,2026-04-08 to 2026-07-27 (75 days),-1.0,64.4,0.3166,241.77,222.93,BULLISH,MEDIUM,Last surprise: +1.8%,5.92,-1.0,1.0,77,2026-10-13,1.75,0
2026-07-28T12:53:56,2026-07-28,NUE,HOLD,0,MACD Crossover,HIGH,5,36.73,247.86,3.88,0.0,9.07,0.0,0.0,2026-08-08,1.37,2.15,100.0,51.68,17.52,-170.29,-6.68,11.5,2,2026-04-08 to 2026-07-27 (75 days),-1.0,61.5,0.3398,239.47,187.44,BULLISH,MEDIUM,Price at statistical extreme; Last surprise: +6.8%; Earnings conf adj: +1,5.52,-1.0,1.0,90,2026-10-26,6.84,1
2026-07-28T12:53:45,2026-07-28,MA,HOLD,0,MACD Crossover,MEDIUM,2,36.71,551.71,3.34,0.0,5.01,0.0,0.0,2026-08-16,2.27,4.44,66.7,13.69,45.53,10.74,-3.85,19.7,3,2026-04-08 to 2026-07-27 (75 days),-1.0,63.7,0.2809,506.78,526.36,BEARISH,MEDIUM,Strong trend (ADX=35); Earnings in 2d (2026-07-30); Last surprise: +4.3%; Earnings conf adj: -2,6.68,-1.0,1.0,2,2026-07-30,4.31,-2
2026-07-28T12:55:06,2026-07-28,WTS,HOLD,0,VWAP Trend,HIGH,4,36.57,345.7,5.52,0.0,5.49,0.0,0.0,2026-07-30,1.22,2.7,54.5,2.28,25.84,-35.25,-5.31,2.5,11,2026-04-08 to 2026-07-27 (75 days),-1.0,50.3,0.4412,333.37,301.43,BULLISH,HIGH,Last surprise: +13.0%; Earnings conf adj: +1,4.25,-1.0,1.0,8,2026-08-05,13.01,1
2026-07-28T12:54:30,2026-07-28,VZ,HOLD,0,VWAP Trend,MEDIUM,3,36.56,47.32,5.2,0.0,6.54,0.0,0.0,2026-08-01,1.08,2.08,50.0,1.73,22.11,16.25,-8.4,4.1,10,2026-04-08 to 2026-07-27 (75 days),-1.0,67.4,0.4102,44.88,43.13,BULLISH,HIGH,Price at statistical extreme; Strong trend (ADX=35); Last surprise: +2.4%,4.57,-1.0,1.0,84,2026-10-20,2.36,0
2026-07-28T12:55:58,2026-07-28,MMS,HOLD,-1,ADX Trend Following,LOW,1,36.51,60.93,4.93,63.93,7.39,56.43,0.0,2026-08-09,-0.86,-1.17,66.7,0.56,-18.7,0.01,-14.14,12.3,3,2026-04-08 to 2026-07-27 (75 days),-1.0,61.5,0.3162,58.72,73.94,BEARISH,MEDIUM,Price at statistical extreme,5.93,-1.0,1.0,9,2026-08-06,,0
2026-07-28T12:55:43,2026-07-28,SIGI,HOLD,0,MACD Crossover,HIGH,4,36.46,92.78,4.51,0.0,12.67,0.0,0.0,2026-08-22,1.52,2.63,100.0,62.29,21.9,-36.94,-5.24,25.0,2,2026-04-08 to 2026-07-27 (75 days),-1.0,44.6,0.3219,92.55,83.45,BULLISH,MEDIUM,Price at statistical extreme,5.82,-1.0,1.0,85,2026-10-21,,0
2026-07-28T12:54:57,2026-07-28,AMH,HOLD,0,Multi-Factor Momentum MR,MEDIUM,3,36.42,33.45,2.76,0.0,5.52,0.0,0.0,2026-09-20,1.13,1.93,100.0,46.92,16.49,-44.06,-4.52,54.0,1,2026-04-08 to 2026-07-27 (75 days),-1.0,52.1,0.2035,32.7,30.95,BULLISH,MEDIUM,Earnings in 2d (2026-07-30); Last surprise: +140.0%; Earnings conf adj: -1,9.21,-1.0,1.0,2,2026-07-30,140.0,-1
2026-07-28T12:54:33,2026-07-28,WYNN,HOLD,0,Stochastic Oscillator,HIGH,5,36.4,99.7,3.67,0.0,5.5,0.0,0.0,2026-08-21,1.82,3.61,100.0,103.46,37.52,53.59,-6.77,24.0,2,2026-04-08 to 2026-07-27 (75 days),-1.0,53.4,0.2436,100.02,110.2,BEARISH,MEDIUM,Last surprise: +5.9%; Earnings conf adj: +1,7.7,-1.0,1.0,7,2026-08-04,5.93,1
2026-07-28T12:54:35,2026-07-28,XYZ,BUY,1,Momentum (Rate of Change),HIGH,5,36.37,81.24,5.61,76.68,16.3,94.48,7.44,2026-08-26,1.39,2.28,100.0,142.0,57.68,-82.23,-17.13,29.0,3,2026-04-08 to 2026-07-27 (75 days),0.484,59.2,0.3844,74.33,67.59,BULLISH,MEDIUM,Last surprise: +25.0%; Earnings conf adj: +1; Size: Kelly 10.0% / VolTgt 4.9% / Blend 7.4%,4.88,-1.0,1.0,8,2026-08-05,25.0,1
2026-07-28T12:54:04,2026-07-28,PODD,HOLD,0,ADX Trend Following,HIGH,5,36.33,165.0,5.66,0.0,4.75,0.0,0.0,2026-07-30,1.24,2.51,66.7,2.78,12.15,63.2,-3.04,2.3,3,2026-04-08 to 2026-07-27 (75 days),-1.0,56.6,0.398,153.72,235.88,BEARISH,MEDIUM,Last surprise: +19.3%; Earnings conf adj: +1,4.71,-1.0,1.0,8,2026-08-05,19.33,1
2026-07-28T12:53:02,2026-07-28,CVX,HOLD,0,Stochastic Oscillator,MEDIUM,3,36.31,190.0,3.13,0.0,4.7,0.0,0.0,2026-08-18,1.23,2.11,100.0,58.06,19.44,21.46,-6.54,21.0,2,2026-04-08 to 2026-07-27 (75 days),-1.0,61.7,0.2489,182.49,172.23,BULLISH,MEDIUM,Strong trend (ADX=47); Earnings in 3d (2026-07-31); Last surprise: +45.4%; Earnings conf adj: -1,7.53,-1.0,1.0,3,2026-07-31,45.36,-1
2026-07-28T12:53:39,2026-07-28,KKR,HOLD,0,VWAP Trend,MEDIUM,2,36.31,101.63,5.07,0.0,7.61,0.0,0.0,2026-08-07,1.19,1.95,50.0,1.95,31.97,0.46,-11.69,10.5,8,2026-04-08 to 2026-07-27 (75 days),-1.0,60.2,0.3849,95.53,107.44,BEARISH,MEDIUM,Earnings in 2d (2026-07-30); Last surprise: +10.3%; Earnings conf adj: -1,4.87,-1.0,1.0,2,2026-07-30,10.32,-1
2026-07-28T12:55:33,2026-07-28,PPC,HOLD,0,SMA Crossover (10/50),MEDIUM,2,36.26,29.19,7.03,0.0,6.37,0.0,0.0,2026-08-01,1.8,80.25,100.0,44.49,15.58,66.34,-0.1,4.0,1,2026-04-08 to 2026-07-27 (75 days),-1.0,54.4,0.4046,28.48,35.75,BEARISH,HIGH,Earnings in 1d (2026-07-29); Earnings conf adj: -2,4.63,-1.0,1.0,1,2026-07-29,,-2
2026-07-28T12:53:17,2026-07-28,FCX,HOLD,0,Stochastic Oscillator,HIGH,5,36.24,62.72,9.2,0.0,13.8,0.0,0.0,2026-08-18,1.46,2.53,100.0,132.56,49.06,59.57,-12.81,21.0,2,2026-04-08 to 2026-07-27 (75 days),-1.0,51.4,0.4703,63.56,56.35,BULLISH,HIGH,Last surprise: +19.4%; Earnings conf adj: +1,3.99,-1.0,1.0,86,2026-10-22,19.35,1
2026-07-28T12:55:08,2026-07-28,EGP,HOLD,0,SMA Crossover (10/50),HIGH,4,36.24,210.84,3.41,0.0,10.23,0.0,0.0,2026-09-16,1.75,2.72,100.0,103.86,40.11,1.62,-5.87,50.5,2,2026-04-08 to 2026-07-27 (75 days),-1.0,49.8,0.2643,205.36,188.06,BULLISH,MEDIUM,Last surprise: +1.6%,7.09,-1.0,1.0,86,2026-10-22,1.55,0
2026-07-28T12:55:51,2026-07-28,VNT,HOLD,0,SMA Crossover (10/50),HIGH,4,36.23,31.84,3.88,0.0,5.82,0.0,0.0,2026-08-04,2.3,73.39,100.0,67.82,24.61,63.8,-0.13,7.0,1,2026-04-08 to 2026-07-27 (75 days),-1.0,67.4,0.3109,29.19,35.54,BEARISH,MEDIUM,Price at statistical extreme; Strong trend (ADX=31),6.03,-1.0,1.0,9,2026-08-06,,0
2026-07-28T12:53:54,2026-07-28,NKE,HOLD,0,Stochastic Oscillator,HIGH,5,36.19,42.14,4.88,0.0,7.32,0.0,0.0,2026-09-06,1.39,2.35,100.0,104.91,39.48,44.24,-9.9,40.5,2,2026-04-08 to 2026-07-27 (75 days),-1.0,45.6,0.3627,43.43,54.49,BEARISH,MEDIUM,Last surprise: +453.8%; Earnings conf adj: +1,5.17,-1.0,1.0,63,2026-09-29,453.85,1
2026-07-28T12:55:22,2026-07-28,FR,HOLD,0,Momentum (Rate of Change),HIGH,4,36.18,66.46,3.36,0.0,10.61,0.0,0.0,2026-08-30,1.62,2.46,100.0,85.36,31.33,-12.4,-7.64,33.5,2,2026-04-08 to 2026-07-27 (75 days),-1.0,57.8,0.2327,63.07,58.89,BULLISH,MEDIUM,Strong trend (ADX=34),8.06,-1.0,1.0,85,2026-10-21,,0
2026-07-28T12:56:02,2026-07-28,XLF,HOLD,0,EMA Crossover (9/21),HIGH,4,36.12,56.88,1.52,0.0,5.32,0.0,0.0,2026-08-30,2.37,4.25,66.7,52.94,33.8,-11.0,-4.74,33.3,3,2026-04-08 to 2026-07-27 (75 days),-1.0,67.6,0.1489,53.53,52.38,BULLISH,LOW,Strong trend (ADX=30),10.0,-1.0,1.0,-1,,,0
2026-07-28T12:55:03,2026-07-28,GWRE,HOLD,0,Stochastic Oscillator,HIGH,5,36.07,149.28,10.98,0.0,16.47,0.0,0.0,2026-09-04,2.12,3.9,100.0,353.81,193.16,158.77,-24.39,38.5,2,2026-04-08 to 2026-07-27 (75 days),-1.0,60.6,0.7269,132.97,165.76,BEARISH,HIGH,Last surprise: +10.8%; Earnings conf adj: +1,2.58,-1.0,1.0,37,2026-09-03,10.81,1
2026-07-28T12:53:27,2026-07-28,GPC,HOLD,0,VWAP Trend,MEDIUM,3,36.06,127.7,7.33,0.0,11.0,0.0,0.0,2026-08-03,1.0,2.05,55.6,1.67,32.47,-54.57,-15.54,6.3,9,2026-04-08 to 2026-07-27 (75 days),-1.0,63.6,0.5862,109.12,117.4,BEARISH,HIGH,Strong trend (ADX=34); Last surprise: +3.4%,3.2,-1.0,1.0,84,2026-10-20,3.37,0
2026-07-28T12:53:12,2026-07-28,EME,HOLD,0,EMA Crossover (9/21),MEDIUM,3,36.04,742.75,7.34,0.0,5.51,0.0,0.0,2026-07-31,1.65,22.75,100.0,19.44,6.05,24.43,-0.2,3.0,1,2026-04-08 to 2026-07-27 (75 days),-1.0,39.0,0.4037,817.82,742.73,BULLISH,HIGH,Strong trend (ADX=42); Earnings in 2d (2026-07-30); Last surprise: +15.9%; Earnings conf adj: -1,4.64,-1.0,1.0,2,2026-07-30,15.93,-1
2026-07-28T12:55:27,2026-07-28,STAG,HOLD,0,EMA Crossover (9/21),LOW,1,36.02,40.64,2.96,0.0,5.92,0.0,0.0,2026-09-06,1.16,1.78,100.0,64.64,22.92,-7.47,-7.55,40.0,2,2026-04-08 to 2026-07-27 (75 days),-1.0,58.8,0.2516,38.48,37.58,BULLISH,MEDIUM,Strong trend (ADX=38); EARNINGS TODAY (2026-07-28); Earnings conf adj: -3,7.0,-1.0,1.0,0,2026-07-28,,-3
2026-07-28T12:55:36,2026-07-28,LSTR,HOLD,0,ADX Trend Following,LOW,1,35.95,191.63,5.02,0.0,3.75,0.0,0.0,2026-07-30,2.17,31.82,100.0,26.54,8.58,-38.61,-0.2,2.0,1,2026-04-08 to 2026-07-27 (75 days),-1.0,32.1,0.3371,206.15,162.89,BULLISH,MEDIUM,Price at statistical extreme; EARNINGS TODAY (2026-07-28); Earnings conf adj: -3,5.56,-1.0,1.0,0,2026-07-28,,-3
2026-07-28T12:53:46,2026-07-28,MAR,HOLD,0,Stochastic Oscillator,HIGH,5,35.94,383.06,3.46,0.0,5.19,0.0,0.0,2026-08-18,1.71,2.97,100.0,89.25,29.44,-9.37,-4.7,21.0,2,2026-04-08 to 2026-07-27 (75 days),-1.0,57.4,0.2824,376.58,331.37,BULLISH,MEDIUM,Price at statistical extreme; Last surprise: +6.7%; Earnings conf adj: +1,6.64,-1.0,1.0,6,2026-08-03,6.67,1
2026-07-28T12:52:43,2026-07-28,ARES,HOLD,0,Stochastic Oscillator,LOW,1,35.9,127.76,5.6,0.0,8.4,0.0,0.0,2026-08-25,2.93,6.88,100.0,186.36,74.67,-28.28,-4.86,28.0,1,2026-04-08 to 2026-07-27 (75 days),-1.0,59.2,0.3976,122.97,132.27,BEARISH,MEDIUM,Earnings in 3d (2026-07-31); Last surprise: -6.8%; Earnings conf adj: -3,4.72,-1.0,1.0,3,2026-07-31,-6.77,-3
2026-07-28T12:54:33,2026-07-28,WTW,HOLD,0,Composite Multi-Indicator,MEDIUM,2,35.9,302.64,3.66,0.0,5.49,0.0,0.0,2026-09-05,3.07,8.39,100.0,189.21,79.74,63.78,-3.53,39.0,1,2026-04-08 to 2026-07-27 (75 days),-1.0,67.3,0.3557,267.58,297.11,BEARISH,MEDIUM,Earnings in 2d (2026-07-30); Last surprise: +1.9%; Earnings conf adj: -2,5.27,-1.0,1.0,2,2026-07-30,1.92,-2
2026-07-28T12:54:33,2026-07-28,WST,HOLD,0,PEAD Earnings Drift,HIGH,5,35.82,331.25,5.23,0.0,15.69,0.0,0.0,2026-11-10,3.36,7.77,100.0,374.99,194.49,82.68,-7.89,105.0,1,2026-04-08 to 2026-07-27 (75 days),-1.0,38.0,0.3124,334.8,282.82,BULLISH,MEDIUM,High volume; Price at statistical extreme; Last surprise: +13.9%; Earnings conf adj: +1,6.0,-1.0,1.0,86,2026-10-22,13.94,1
2026-07-28T12:53:35,2026-07-28,IRM,HOLD,0,Stochastic Oscillator,HIGH,5,35.8,126.99,4.7,0.0,7.05,0.0,0.0,2026-08-17,3.05,8.9,100.0,96.11,32.98,-50.59,-1.51,20.0,1,2026-04-08 to 2026-07-27 (75 days),-1.0,57.1,0.2992,125.03,105.29,BULLISH,MEDIUM,Last surprise: +15.4%; Earnings conf adj: +1,6.27,-1.0,1.0,8,2026-08-05,15.38,1
2026-07-28T12:53:19,2026-07-28,FICO,HOLD,0,Stochastic Oscillator,MEDIUM,3,35.79,1280.57,8.62,0.0,12.93,0.0,0.0,2026-08-12,3.1,9.06,100.0,150.6,57.35,-14.65,-2.83,15.0,1,2026-04-08 to 2026-07-27 (75 days),-1.0,58.2,0.4363,1205.94,1387.72,BEARISH,HIGH,Earnings in 1d (2026-07-29); Last surprise: +13.9%; Earnings conf adj: -1,4.3,-1.0,1.0,1,2026-07-29,13.95,-1
2026-07-28T12:55:14,2026-07-28,BSY,HOLD,0,VWAP Trend,HIGH,4,35.66,33.71,8.87,0.0,13.3,0.0,0.0,2026-08-12,0.6,0.98,60.0,1.71,17.97,29.63,-13.72,15.8,5,2026-04-08 to 2026-07-27 (75 days),-1.0,60.2,0.5863,31.64,37.36,BEARISH,HIGH,Last surprise: +5.6%; Earnings conf adj: +1,3.2,-1.0,1.0,9,2026-08-06,5.56,1
2026-07-28T12:55:53,2026-07-28,BBWI,HOLD,0,Stochastic Oscillator,HIGH,4,35.65,20.49,10.04,0.0,15.06,0.0,0.0,2026-08-24,2.85,5.72,100.0,375.4,193.73,130.37,-13.43,27.0,2,2026-04-08 to 2026-07-27 (75 days),-1.0,50.7,0.5171,19.63,20.5,BEARISH,HIGH,No special conditions,3.63,-1.0,1.0,30,2026-08-27,,0
2026-07-28T12:54:52,2026-07-28,ARMK,HOLD,0,ADX Trend Following,HIGH,4,35.64,57.92,2.43,0.0,7.29,0.0,0.0,2026-09-01,2.36,4.41,100.0,109.98,42.2,-129.04,-3.51,35.5,2,2026-04-08 to 2026-07-27 (75 days),-1.0,66.0,0.1703,54.66,43.51,BULLISH,LOW,Last surprise: +2.1%,10.0,-1.0,1.0,14,2026-08-11,2.08,0
2026-07-28T12:54:32,2026-07-28,WSM,HOLD,0,Stochastic Oscillator,HIGH,5,35.56,234.39,4.62,0.0,6.93,0.0,0.0,2026-08-17,2.41,5.35,100.0,199.04,81.05,-38.07,-9.56,20.0,2,2026-04-08 to 2026-07-27 (75 days),-1.0,61.8,0.3609,212.56,195.98,BULLISH,MEDIUM,Last surprise: +7.2%; Earnings conf adj: +1,5.2,-1.0,1.0,29,2026-08-26,7.22,1
2026-07-28T12:54:14,2026-07-28,STE,HOLD,0,Stochastic Oscillator,MEDIUM,3,35.46,218.4,4.17,0.0,6.25,0.0,0.0,2026-08-15,0.76,1.15,100.0,39.47,12.29,21.05,-5.88,18.5,2,2026-04-08 to 2026-07-27 (75 days),-1.0,55.9,0.3588,211.69,233.93,BEARISH,MEDIUM,Last surprise: -0.7%,5.23,-1.0,1.0,8,2026-08-05,-0.7,0
2026-07-28T12:54:15,2026-07-28,STX,EXIT,-1,52-Week High Momentum,LOW,1,35.46,816.99,12.0,915.03,18.0,669.93,4.38,2026-08-19,3.44,6.02,100.0,547.4,337.64,-109.67,-12.42,22.3,3,2026-04-08 to 2026-07-27 (75 days),-1.0,45.1,1.0654,886.42,502.69,BULLISH,HIGH,EARNINGS TODAY (2026-07-28); Last surprise: +16.8%; Earnings conf adj: -3; Size: Kelly 7.0% / VolTgt 1.8% / Blend 4.4%,1.76,-1.0,1.0,0,2026-07-28,16.81,-3
2026-07-28T12:53:51,2026-07-28,MS,HOLD,0,Composite Multi-Indicator,HIGH,5,35.45,214.56,5.16,0.0,6.56,0.0,0.0,2026-08-03,3.18,67.13,100.0,67.57,23.65,-76.22,-0.3,6.0,1,2026-04-08 to 2026-07-27 (75 days),-1.0,47.9,0.3403,212.65,181.92,BULLISH,MEDIUM,Last surprise: +18.1%; Earnings conf adj: +1,5.51,-1.0,1.0,78,2026-10-14,18.09,1
2026-07-28T12:56:00,2026-07-28,COPX,HOLD,0,Stochastic Oscillator,MEDIUM,3,35.44,77.9,7.57,0.0,11.36,0.0,0.0,2026-08-19,0.83,1.29,100.0,74.65,24.77,39.93,-13.42,22.5,2,2026-04-08 to 2026-07-27 (75 days),-1.0,49.6,0.4651,81.25,76.17,BULLISH,HIGH,No special conditions,4.03,-1.0,1.0,-1,,,0
2026-07-28T12:53:47,2026-07-28,META,HOLD,0,VWAP Trend,MEDIUM,2,35.36,593.87,9.1,0.0,12.45,0.0,0.0,2026-08-05,0.89,1.32,66.7,1.82,30.88,40.54,-17.26,8.2,9,2026-04-08 to 2026-07-27 (75 days),-1.0,43.6,0.5522,605.8,637.12,BEARISH,HIGH,Earnings in 1d (2026-07-29); Last surprise: +56.8%; Earnings conf adj: -1,3.4,-1.0,1.0,1,2026-07-29,56.76,-1
2026-07-28T12:54:53,2026-07-28,MLI,EXIT,-1,Stochastic Oscillator,HIGH,4,35.31,64.17,6.04,68.05,9.06,58.36,7.02,2026-08-23,2.1,5.34,100.0,116.55,39.69,7.14,-4.2,26.0,1,2026-04-08 to 2026-07-27 (75 days),-1.0,59.2,0.4642,64.04,59.56,BULLISH,HIGH,Strong trend (ADX=39); Last surprise: +1.7%; Size: Kelly 10.0% / VolTgt 4.0% / Blend 7.0%,4.04,-1.0,1.0,84,2026-10-20,1.74,0
2026-07-28T12:53:37,2026-07-28,JKHY,HOLD,0,Composite Multi-Indicator,HIGH,5,35.3,152.98,4.94,0.0,7.41,0.0,0.0,2026-09-19,2.42,3.98,100.0,169.2,69.64,78.63,-5.69,53.0,1,2026-04-08 to 2026-07-27 (75 days),-1.0,62.1,0.3499,138.22,158.25,BEARISH,MEDIUM,Strong trend (ADX=33); Last surprise: +9.9%; Earnings conf adj: +1,5.36,-1.0,1.0,21,2026-08-18,9.86,1
2026-07-28T12:53:29,2026-07-28,HAS,BUY,1,ADX Trend Following,HIGH,5,35.29,90.61,6.35,84.86,4.74,94.9,7.2,2026-07-30,1.84,114.9,100.0,90.31,33.29,42.07,-0.2,2.0,1,2026-04-08 to 2026-07-27 (75 days),0.528,66.5,0.4255,84.71,85.96,BEARISH,HIGH,Strong trend (ADX=40); Last surprise: +13.3%; Earnings conf adj: +1; Size: Kelly 10.0% / VolTgt 4.4% / Blend 7.2%,4.41,-1.0,1.0,86,2026-10-22,13.27,1
2026-07-28T12:55:30,2026-07-28,CELH,HOLD,1,Stochastic Oscillator,LOW,0,35.27,28.79,9.66,26.01,14.49,32.96,0.0,2026-09-05,0.14,0.2,50.0,0.88,-4.67,48.7,-19.77,39.5,2,2026-04-08 to 2026-07-27 (75 days),-1.0,45.8,0.5894,29.73,41.74,BEARISH,HIGH,Strong trend (ADX=30),3.18,-1.0,1.0,13,2026-08-10,,0
2026-07-28T12:55:38,2026-07-28,DUOL,HOLD,0,VWAP Trend,HIGH,4,35.27,132.82,11.02,0.0,16.4,0.0,0.0,2026-08-06,2.17,3.45,66.7,4.35,172.61,-89.02,-11.62,9.7,9,2026-04-08 to 2026-07-27 (75 days),-1.0,56.6,0.6687,120.2,151.54,BEARISH,HIGH,No special conditions,2.8,-1.0,1.0,8,2026-08-05,,0
2026-07-28T12:52:47,2026-07-28,BF-B,HOLD,0,Stochastic Oscillator,MEDIUM,3,35.26,27.4,6.72,0.0,10.08,0.0,0.0,2026-08-21,1.38,2.55,100.0,101.84,36.38,26.02,-10.55,24.5,2,2026-04-08 to 2026-07-27 (75 days),-1.0,58.2,0.4396,26.13,26.82,BEARISH,HIGH,Last surprise: -62.5%; Earnings conf adj: -1,4.26,-1.0,1.0,30,2026-08-27,-62.5,-1
2026-07-28T12:55:21,2026-07-28,KTOS,HOLD,0,Stochastic Oscillator,MEDIUM,3,35.24,49.45,11.68,0.0,17.52,0.0,0.0,2026-08-28,0.73,1.2,100.0,77.36,28.07,103.26,-17.38,31.5,2,2026-04-08 to 2026-07-27 (75 days),-1.0,47.2,0.6163,53.48,76.48,BEARISH,HIGH,No special conditions,3.04,-1.0,1.0,7,2026-08-04,,0
2026-07-28T12:55:54,2026-07-28,SMG,HOLD,0,ADX Trend Following,MEDIUM,2,35.23,69.86,8.08,0.0,11.98,0.0,0.0,2026-08-07,1.1,2.07,60.0,2.3,35.34,-6.01,-8.58,10.6,5,2026-04-08 to 2026-07-27 (75 days),-1.0,58.2,0.4672,63.24,60.58,BULLISH,HIGH,Earnings in 1d (2026-07-29); Earnings conf adj: -2,4.01,-1.0,1.0,1,2026-07-29,,-2
2026-07-28T12:54:47,2026-07-28,MEDP,HOLD,0,Composite Multi-Indicator,HIGH,5,35.21,589.37,8.93,0.0,13.39,0.0,0.0,2026-10-31,3.69,10.24,100.0,497.07,293.33,240.8,-6.58,95.0,1,2026-04-08 to 2026-07-27 (75 days),-1.0,68.5,0.5933,488.03,516.53,BEARISH,HIGH,Price at statistical extreme; Strong trend (ADX=40); Last surprise: +6.2%; Earnings conf adj: +1,3.16,-1.0,1.0,83,2026-10-19,6.25,1
2026-07-28T12:54:46,2026-07-28,WPC,HOLD,0,SMA Crossover (10/50),LOW,0,35.2,76.21,2.6,0.0,5.2,0.0,0.0,2026-09-04,0.89,1.15,100.0,40.19,13.68,-16.65,-7.16,38.5,2,2026-04-08 to 2026-07-27 (75 days),-1.0,64.9,0.2025,73.05,68.62,BULLISH,MEDIUM,Strong trend (ADX=41); EARNINGS TODAY (2026-07-28); Last surprise: +12.7%; Earnings conf adj: -3,7.0,-1.0,1.0,0,2026-07-28,12.7,-3
2026-07-28T12:54:43,2026-07-28,PFGC,HOLD,0,Multi-Factor Momentum MR,HIGH,4,35.16,114.3,4.02,0.0,12.06,0.0,0.0,2026-09-05,2.18,3.62,100.0,102.07,38.73,-107.27,-5.35,39.0,1,2026-04-08 to 2026-07-27 (75 days),-1.0,62.0,0.2856,104.31,95.79,BULLISH,MEDIUM,Last surprise: +2.6%,6.56,-1.0,1.0,15,2026-08-12,2.56,0
2026-07-28T12:53:12,2026-07-28,EIX,HOLD,0,Composite Multi-Indicator,MEDIUM,3,35.14,78.64,3.43,0.0,8.58,0.0,0.0,2026-09-22,3.02,5.29,100.0,150.74,60.68,34.67,-3.4,56.0,1,2026-04-08 to 2026-07-27 (75 days),-1.0,63.2,0.2245,72.77,65.02,BULLISH,MEDIUM,Strong trend (ADX=54); Earnings in 2d (2026-07-30); Last surprise: +7.6%; Earnings conf adj: -1,8.35,-1.0,1.0,2,2026-07-30,7.58,-1
2026-07-28T12:55:31,2026-07-28,AXTA,HOLD,0,Stochastic Oscillator,LOW,1,35.14,33.74,4.89,0.0,7.33,0.0,0.0,2026-08-21,2.17,3.69,100.0,172.37,68.42,-5.9,-7.96,24.5,2,2026-04-08 to 2026-07-27 (75 days),-1.0,56.5,0.3693,32.04,30.63,BULLISH,MEDIUM,EARNINGS TODAY (2026-07-28); Earnings conf adj: -3,5.08,-1.0,1.0,0,2026-07-28,,-3
2026-07-28T12:55:18,2026-07-28,ADC,HOLD,0,ADX Trend Following,LOW,0,35.1,80.45,2.09,0.0,4.18,0.0,0.0,2026-08-06,0.64,1.08,50.0,1.58,7.3,-14.34,-5.57,9.5,4,2026-04-08 to 2026-07-27 (75 days),-1.0,64.3,0.1959,75.87,74.13,BULLISH,LOW,Strong trend (ADX=38); Earnings in 2d (2026-07-30); Earnings conf adj: -2,7.0,-1.0,1.0,2,2026-07-30,,-2
2026-07-28T12:54:55,2026-07-28,FNF,HOLD,0,ADX Trend Following,LOW,0,35.06,52.02,3.99,0.0,5.99,0.0,0.0,2026-08-17,0.49,0.79,75.0,1.4,9.78,-30.63,-14.69,20.8,4,2026-04-08 to 2026-07-27 (75 days),-1.0,62.6,0.3402,48.09,50.68,BEARISH,MEDIUM,Last surprise: -14.7%; Earnings conf adj: -1,5.51,-1.0,1.0,8,2026-08-05,-14.68,-1
2026-07-28T12:54:28,2026-07-28,VRSN,HOLD,0,Composite Multi-Indicator,HIGH,4,35.02,274.82,4.63,0.0,5.11,0.0,0.0,2026-08-02,1.66,20.79,100.0,45.57,15.99,10.02,-0.48,5.0,1,2026-04-08 to 2026-07-27 (75 days),-1.0,55.4,0.2904,277.46,255.35,BULLISH,MEDIUM,Last surprise: +1.3%,6.46,-1.0,1.0,86,2026-10-22,1.28,0
2026-07-28T12:54:29,2026-07-28,WAB,HOLD,0,Stochastic Oscillator,HIGH,5,35.0,300.9,5.65,0.0,8.48,0.0,0.0,2026-08-16,2.52,13.95,100.0,160.78,63.27,17.42,-2.29,19.0,1,2026-04-08 to 2026-07-27 (75 days),-1.0,74.5,0.4397,265.67,239.82,BULLISH,HIGH,RSI overbought; Price at statistical extreme; Strong trend (ADX=35); Last surprise: +5.7%; Earnings conf adj: +1,4.26,-1.0,1.0,85,2026-10-21,5.75,1
2026-07-28T12:55:30,2026-07-28,NOV,HOLD,0,EMA Crossover (9/21),LOW,1,34.99,20.47,4.16,0.0,5.33,0.0,0.0,2026-08-04,2.11,8.12,100.0,46.06,15.77,-13.76,-0.98,7.0,1,2026-04-08 to 2026-07-27 (75 days),-1.0,63.5,0.256,19.75,17.83,BULLISH,MEDIUM,Strong trend (ADX=31); EARNINGS TODAY (2026-07-28); Earnings conf adj: -3,7.0,-1.0,1.0,0,2026-07-28,,-3
2026-07-28T12:53:14,2026-07-28,EQR,HOLD,0,Stochastic Oscillator,MEDIUM,3,34.94,67.24,2.84,0.0,4.26,0.0,0.0,2026-08-05,2.61,10.65,100.0,54.45,14.58,-31.36,-1.09,8.0,1,2026-04-08 to 2026-07-27 (75 days),-1.0,46.5,0.2083,66.77,61.89,BULLISH,MEDIUM,Last surprise: -5.6%; Earnings conf adj: -1,9.0,-1.0,1.0,85,2026-10-21,-5.56,-1
2026-07-28T12:54:07,2026-07-28,RF,EXIT,-1,Multi-Factor Momentum MR,HIGH,5,34.92,30.74,3.39,31.78,10.17,27.61,8.87,2026-10-16,2.05,3.25,100.0,122.19,47.52,-3.98,-5.37,80.0,1,2026-04-08 to 2026-07-27 (75 days),-1.0,54.3,0.2422,29.16,27.11,BULLISH,MEDIUM,Last surprise: +7.9%; Earnings conf adj: +1; Size: Kelly 10.0% / VolTgt 7.7% / Blend 8.9%,7.74,-1.0,1.0,80,2026-10-16,7.94,1
2026-07-28T12:55:50,2026-07-28,TREX,HOLD,0,Stochastic Oscillator,HIGH,4,34.84,44.0,7.22,0.0,10.83,0.0,0.0,2026-08-12,1.11,1.76,100.0,77.57,24.38,-52.59,-9.85,15.0,2,2026-04-08 to 2026-07-27 (75 days),-1.0,46.6,0.3718,43.87,40.89,BULLISH,MEDIUM,Strong trend (ADX=34),5.04,-1.0,1.0,7,2026-08-04,,0
2026-07-28T12:52:33,2026-07-28,ADM,HOLD,0,EMA Crossover (9/21),HIGH,5,34.83,83.19,3.68,0.0,11.37,0.0,0.0,2026-08-31,1.1,1.71,100.0,69.15,24.59,-44.9,-10.89,34.0,2,2026-04-08 to 2026-07-27 (75 days),-1.0,55.7,0.2477,80.05,68.46,BULLISH,MEDIUM,Strong trend (ADX=48); Last surprise: +7.6%; Earnings conf adj: +1,7.57,-1.0,1.0,7,2026-08-04,7.58,1
2026-07-28T12:53:28,2026-07-28,HCA,HOLD,0,Stochastic Oscillator,LOW,0,34.82,389.62,7.5,0.0,11.25,0.0,0.0,2026-09-02,-0.18,-0.26,50.0,0.66,-6.92,51.49,-16.97,36.0,2,2026-04-08 to 2026-07-27 (75 days),-1.0,51.1,0.444,388.78,456.42,BEARISH,HIGH,Last surprise: +1.2%,4.22,-1.0,1.0,87,2026-10-23,1.2,0
2026-07-28T12:54:10,2026-07-28,RTX,HOLD,0,Composite Multi-Indicator,HIGH,5,34.81,218.42,4.03,0.0,14.11,0.0,0.0,2026-09-01,3.27,9.66,100.0,200.23,85.47,56.37,-3.96,35.0,1,2026-04-08 to 2026-07-27 (75 days),-1.0,77.1,0.354,186.32,185.56,BULLISH,MEDIUM,RSI overbought; Price at statistical extreme; Strong trend (ADX=34); Last surprise: +13.9%; Earnings conf adj: +1,5.3,-1.0,1.0,84,2026-10-20,13.86,1
2026-07-28T12:54:03,2026-07-28,PNC,HOLD,0,ADX Trend Following,HIGH,5,34.8,249.64,2.39,0.0,6.97,0.0,0.0,2026-08-21,2.21,3.35,66.7,16.19,40.43,-19.85,-4.1,24.0,3,2026-04-08 to 2026-07-27 (75 days),-1.0,58.7,0.1807,233.89,211.8,BULLISH,LOW,Last surprise: +8.1%; Earnings conf adj: +1,10.0,-1.0,1.0,79,2026-10-15,8.09,1
2026-07-28T12:53:04,2026-07-28,DD,HOLD,0,Stochastic Oscillator,HIGH,5,34.79,139.96,3.71,0.0,5.49,0.0,0.0,2026-08-09,1.69,3.5,100.0,36.82,11.19,18.21,-1.6,12.0,1,2026-04-08 to 2026-07-27 (75 days),-1.0,54.2,0.2013,140.75,131.0,BULLISH,MEDIUM,Last surprise: +13.8%; Earnings conf adj: +1,9.31,-1.0,1.0,7,2026-08-04,13.79,1
2026-07-28T12:55:55,2026-07-28,LOPE,HOLD,0,Stochastic Oscillator,LOW,0,34.79,144.86,4.77,0.0,7.15,0.0,0.0,2026-08-27,-0.07,-0.11,50.0,0.95,-3.32,40.69,-12.11,30.0,2,2026-04-08 to 2026-07-27 (75 days),-1.0,48.8,0.3539,148.88,166.33,BEARISH,MEDIUM,Strong trend (ADX=39); Earnings in 2d (2026-07-30); Earnings conf adj: -2,5.3,-1.0,1.0,2,2026-07-30,,-2
2026-07-28T12:52:35,2026-07-28,AEP,HOLD,0,Stochastic Oscillator,LOW,1,34.66,133.59,2.98,0.0,4.47,0.0,0.0,2026-08-26,0.89,1.32,100.0,45.88,13.87,14.25,-6.55,29.5,2,2026-04-08 to 2026-07-27 (75 days),-1.0,50.9,0.2066,131.33,124.77,BULLISH,MEDIUM,Earnings in 2d (2026-07-30); Last surprise: +4.5%; Earnings conf adj: -2,7.0,-1.0,1.0,2,2026-07-30,4.46,-2
2026-07-28T12:53:22,2026-07-28,GE,HOLD,0,Stochastic Oscillator,HIGH,5,34.66,361.61,4.62,0.0,6.93,0.0,0.0,2026-08-09,1.91,4.02,100.0,82.84,26.09,-47.24,-6.36,12.0,2,2026-04-08 to 2026-07-27 (75 days),-1.0,57.9,0.3007,338.0,312.95,BULLISH,MEDIUM,Strong trend (ADX=36); Last surprise: +8.6%; Earnings conf adj: +1,6.24,-1.0,1.0,84,2026-10-20,8.6,1
2026-07-28T12:54:20,2026-07-28,TMO,HOLD,0,ADX Trend Following,HIGH,5,34.65,559.53,4.59,0.0,6.88,0.0,0.0,2026-08-08,1.36,2.08,75.0,2.4,41.88,-1.88,-9.8,11.2,4,2026-04-08 to 2026-07-27 (75 days),-1.0,66.2,0.382,491.61,528.8,BEARISH,MEDIUM,Strong trend (ADX=41); Last surprise: +5.6%; Earnings conf adj: +1,4.91,-1.0,1.0,85,2026-10-21,5.6,1
2026-07-28T12:55:00,2026-07-28,ONTO,HOLD,0,MACD Crossover,MEDIUM,3,34.57,262.33,12.0,0.0,24.0,0.0,0.0,2026-08-12,0.85,1.25,100.0,99.55,37.69,3.24,-26.11,15.0,2,2026-04-08 to 2026-07-27 (75 days),-1.0,40.5,1.0264,294.65,218.23,BULLISH,HIGH,Last surprise: +0.0%,1.83,-1.0,1.0,9,2026-08-06,0.0,0
2026-07-28T12:55:46,2026-07-28,FOUR,HOLD,0,Stochastic Oscillator,HIGH,4,34.46,49.97,10.53,0.0,15.79,0.0,0.0,2026-08-30,1.42,2.42,100.0,199.24,84.36,5.83,-25.78,33.5,2,2026-04-08 to 2026-07-27 (75 days),-1.0,56.0,0.5984,44.54,55.53,BEARISH,HIGH,No special conditions,3.13,-1.0,1.0,9,2026-08-06,,0
2026-07-28T12:52:56,2026-07-28,CL,HOLD,0,MACD Crossover,MEDIUM,2,34.4,91.98,3.69,0.0,7.38,0.0,0.0,2026-09-06,1.08,1.66,100.0,58.42,20.82,-12.47,-6.0,40.5,2,2026-04-08 to 2026-07-27 (75 days),-1.0,52.5,0.27,90.12,84.68,BULLISH,MEDIUM,Earnings in 3d (2026-07-31); Last surprise: +3.2%; Earnings conf adj: -2,6.95,-1.0,1.0,3,2026-07-31,3.19,-2
2026-07-28T12:55:26,2026-07-28,KNSL,HOLD,0,EMA Crossover (9/21),MEDIUM,3,34.38,361.55,7.52,0.0,11.28,0.0,0.0,2026-08-11,0.64,1.03,66.7,1.8,16.0,10.72,-10.12,14.0,3,2026-04-08 to 2026-07-27 (75 days),-1.0,61.5,0.5698,320.15,365.43,BEARISH,HIGH,Price at statistical extreme,3.29,-1.0,1.0,86,2026-10-22,,0
2026-07-28T12:52:38,2026-07-28,ALLE,BUY,1,Momentum (Rate of Change),HIGH,5,34.33,158.14,6.04,148.59,9.06,172.47,7.22,2026-09-21,2.45,5.84,100.0,221.89,87.27,49.36,-4.53,55.0,1,2026-04-08 to 2026-07-27 (75 days),0.393,77.8,0.4214,134.29,151.59,BEARISH,HIGH,RSI overbought; Price at statistical extreme; Strong trend (ADX=36); Last surprise: +8.1%; Earnings conf adj: +1; Size: Kelly 10.0% / VolTgt 4.5% / Blend 7.2%,4.45,-1.0,1.0,86,2026-10-22,8.11,1
2026-07-28T12:55:46,2026-07-28,CNO,HOLD,0,52-Week High Momentum,MEDIUM,2,34.33,53.13,2.33,0.0,4.66,0.0,0.0,2026-11-09,4.4,8.12,100.0,243.22,109.03,-2.94,-3.91,104.0,1,2026-04-08 to 2026-07-27 (75 days),-1.0,60.7,0.177,50.07,43.62,BULLISH,LOW,Earnings in 2d (2026-07-30); Earnings conf adj: -2,10.0,-1.0,1.0,2,2026-07-30,,-2
2026-07-28T12:52:35,2026-07-28,AFL,HOLD,0,EMA Crossover (9/21),HIGH,4,34.27,126.56,1.91,0.0,6.68,0.0,0.0,2026-09-15,2.84,5.17,100.0,97.23,36.2,-13.51,-2.41,49.0,1,2026-04-08 to 2026-07-27 (75 days),-1.0,68.8,0.1774,118.52,112.13,BULLISH,LOW,Price at statistical extreme; Strong trend (ADX=35); Last surprise: -2.8%,10.0,-1.0,1.0,9,2026-08-06,-2.78,0
2026-07-28T12:55:50,2026-07-28,TNL,HOLD,0,ADX Trend Following,HIGH,4,34.17,76.31,4.58,0.0,10.73,0.0,0.0,2026-08-13,1.45,2.22,75.0,7.8,36.06,21.09,-7.02,16.2,4,2026-04-08 to 2026-07-27 (75 days),-1.0,56.7,0.3384,71.75,68.92,BULLISH,MEDIUM,No special conditions,5.54,-1.0,1.0,85,2026-10-21,,0
2026-07-28T12:55:07,2026-07-28,FIVE,HOLD,0,Stochastic Oscillator,HIGH,5,34.16,207.14,4.88,0.0,7.32,0.0,0.0,2026-08-25,1.2,1.7,100.0,83.48,29.83,57.9,-12.73,28.5,2,2026-04-08 to 2026-07-27 (75 days),-1.0,62.6,0.331,199.71,195.85,BULLISH,MEDIUM,Strong trend (ADX=43); Last surprise: +24.0%; Earnings conf adj: +1,5.66,-1.0,1.0,29,2026-08-26,24.02,1
2026-07-28T12:55:06,2026-07-28,OC,HOLD,0,MACD Crossover,HIGH,5,34.08,143.45,6.32,0.0,17.98,0.0,0.0,2026-08-09,1.45,3.29,66.7,14.4,64.51,-65.74,-13.54,12.3,3,2026-04-08 to 2026-07-27 (75 days),-1.0,57.5,0.6509,129.76,119.59,BULLISH,HIGH,Last surprise: +27.1%; Earnings conf adj: +1,2.88,-1.0,1.0,8,2026-08-05,27.08,1
2026-07-28T12:55:33,2026-07-28,MSM,BUY,1,52-Week High Momentum,HIGH,4,34.05,126.6,3.91,121.65,13.69,143.93,9.31,2026-11-14,3.9,8.71,100.0,325.58,160.02,-6.94,-3.28,109.0,1,2026-04-08 to 2026-07-27 (75 days),0.29,65.9,0.2175,115.96,95.06,BULLISH,MEDIUM,Strong trend (ADX=31); Size: Kelly 10.0% / VolTgt 8.6% / Blend 9.3%,8.62,-1.0,1.0,86,2026-10-22,,0
2026-07-28T12:54:55,2026-07-28,RRX,HOLD,0,Stochastic Oscillator,MEDIUM,3,34.02,210.87,8.96,0.0,13.44,0.0,0.0,2026-08-14,0.88,1.51,100.0,56.84,18.01,5.74,-6.64,17.5,2,2026-04-08 to 2026-07-27 (75 days),-1.0,47.8,0.4806,211.33,181.61,BULLISH,HIGH,Last surprise: +2.8%,3.9,-1.0,1.0,8,2026-08-05,2.84,0
2026-07-28T12:53:09,2026-07-28,DXCM,HOLD,0,Stochastic Oscillator,MEDIUM,3,33.99,73.37,7.79,0.0,11.69,0.0,0.0,2026-08-12,2.1,3.68,100.0,90.92,30.4,-14.49,-3.98,15.0,1,2026-04-08 to 2026-07-27 (75 days),-1.0,51.3,0.4604,71.74,67.51,BULLISH,HIGH,Earnings in 2d (2026-07-30); Last surprise: +19.1%; Earnings conf adj: -1,4.07,-1.0,1.0,2,2026-07-30,19.15,-1
2026-07-28T12:54:17,2026-07-28,TAP,HOLD,0,SMA Crossover (10/50),HIGH,5,33.91,41.13,5.12,0.0,5.92,0.0,0.0,2026-08-01,1.77,46.55,100.0,26.22,8.84,25.43,-0.1,4.0,1,2026-04-08 to 2026-07-27 (75 days),-1.0,54.5,0.376,40.2,43.89,BEARISH,MEDIUM,Last surprise: +72.2%; Earnings conf adj: +1,4.99,-1.0,1.0,9,2026-08-06,72.22,1
2026-07-28T12:54:46,2026-07-28,TLN,HOLD,0,ADX Trend Following,MEDIUM,3,33.71,347.07,11.58,0.0,17.87,0.0,0.0,2026-08-12,1.01,1.65,50.0,4.2,42.93,22.52,-23.27,15.0,4,2026-04-08 to 2026-07-27 (75 days),-1.0,39.7,0.5859,376.27,368.88,BULLISH,HIGH,Last surprise: +2.8%,3.2,-1.0,1.0,8,2026-08-05,2.82,0
2026-07-28T12:52:50,2026-07-28,BX,HOLD,0,Stochastic Oscillator,HIGH,5,33.7,132.6,5.25,0.0,7.88,0.0,0.0,2026-08-14,3.06,6.88,100.0,121.65,43.82,-11.17,-3.89,17.0,1,2026-04-08 to 2026-07-27 (75 days),-1.0,64.7,0.3431,120.29,130.99,BEARISH,MEDIUM,Price at statistical extreme; Last surprise: +13.4%; Earnings conf adj: +1,5.47,-1.0,1.0,86,2026-10-22,13.43,1
2026-07-28T12:55:42,2026-07-28,NXST,HOLD,0,SMA Crossover (10/50),HIGH,4,33.68,185.8,5.36,0.0,5.68,0.0,0.0,2026-08-01,1.77,43.57,100.0,24.61,8.26,0.67,-0.1,4.0,1,2026-04-08 to 2026-07-27 (75 days),-1.0,58.8,0.3604,179.55,197.86,BEARISH,MEDIUM,Strong trend (ADX=34),5.2,-1.0,1.0,9,2026-08-06,,0
2026-07-28T12:53:41,2026-07-28,L,EXIT,-1,Composite Multi-Indicator,HIGH,4,33.65,118.54,2.21,121.16,6.63,110.68,10.0,2026-10-20,2.72,4.57,100.0,126.99,49.69,19.59,-5.1,84.0,1,2026-04-08 to 2026-07-27 (75 days),-1.0,68.5,0.1878,110.33,106.96,BULLISH,LOW,Price at statistical extreme; Last surprise: +52.1%; Size: Kelly 10.0% / VolTgt 10.0% / Blend 10.0%,9.99,-1.0,1.0,6,2026-08-03,52.05,0
2026-07-28T12:52:50,2026-07-28,BSX,HOLD,0,ADX Trend Following,LOW,0,33.64,45.51,4.92,0.0,6.28,0.0,0.0,2026-08-02,-1.63,-1.78,50.0,0.39,-37.86,28.3,-19.38,5.0,4,2026-04-08 to 2026-07-27 (75 days),-1.0,51.8,0.3568,47.47,74.43,BEARISH,MEDIUM,Earnings in 1d (2026-07-29); Last surprise: +1.3%; Earnings conf adj: -2,5.26,-1.0,1.0,1,2026-07-29,1.27,-2
2026-07-28T12:55:45,2026-07-28,GHC,HOLD,0,EMA Crossover (9/21),LOW,1,33.6,1178.79,4.46,0.0,6.69,0.0,0.0,2026-09-08,0.82,1.19,100.0,48.83,16.95,-19.47,-6.7,42.0,2,2026-04-08 to 2026-07-27 (75 days),-1.0,55.7,0.242,1140.04,1099.21,BULLISH,MEDIUM,Earnings in 1d (2026-07-29); Earnings conf adj: -2,7.0,-1.0,1.0,1,2026-07-29,,-2
2026-07-28T12:53:34,2026-07-28,INCY,HOLD,0,Momentum (Rate of Change),LOW,1,33.58,118.87,4.14,0.0,6.21,0.0,0.0,2026-09-19,1.81,3.0,100.0,169.59,70.03,-37.81,-9.5,53.5,2,2026-04-08 to 2026-07-27 (75 days),-1.0,63.7,0.2911,106.44,100.3,BULLISH,MEDIUM,High volume; EARNINGS TODAY (2026-07-28); Last surprise: +35.1%; Earnings conf adj: -3,6.44,-1.0,1.0,0,2026-07-28,35.07,-3
2026-07-28T12:55:36,2026-07-28,UBSI,HOLD,0,ADX Trend Following,HIGH,4,33.53,47.94,2.66,0.0,8.7,0.0,0.0,2026-08-26,1.6,2.6,66.7,5.26,29.68,-12.74,-3.49,29.7,3,2026-04-08 to 2026-07-27 (75 days),-1.0,64.3,0.2026,44.79,40.81,BULLISH,MEDIUM,Strong trend (ADX=32),9.25,-1.0,1.0,86,2026-10-22,,0
2026-07-28T12:53:31,2026-07-28,HSIC,HOLD,0,Composite Multi-Indicator,HIGH,5,33.52,84.61,3.52,0.0,8.72,0.0,0.0,2026-08-20,2.7,4.33,100.0,106.92,40.32,-6.88,-4.17,23.0,1,2026-04-08 to 2026-07-27 (75 days),-1.0,52.7,0.2308,80.44,75.74,BULLISH,MEDIUM,Last surprise: +8.2%; Earnings conf adj: +1,8.12,-1.0,1.0,7,2026-08-04,8.2,1
2026-07-28T12:53:37,2026-07-28,IVZ,EXIT,-1,Stochastic Oscillator,LOW,1,33.52,30.11,4.79,31.55,7.19,27.95,6.18,2026-08-25,2.31,5.42,100.0,143.87,51.14,-64.66,-2.87,28.0,1,2026-04-08 to 2026-07-27 (75 days),-1.0,60.6,0.3499,28.0,25.73,BULLISH,MEDIUM,High volume; Strong trend (ADX=37); EARNINGS TODAY (2026-07-28); Last surprise: -1.7%; Earnings conf adj: -3; Size: Kelly 7.0% / VolTgt 5.4% / Blend 6.2%,5.36,-1.0,1.0,0,2026-07-28,-1.72,-3
2026-07-28T12:54:32,2026-07-28,WM,HOLD,0,Composite Multi-Indicator,LOW,1,33.51,237.9,3.46,0.0,6.92,0.0,0.0,2026-09-08,2.07,4.4,100.0,95.62,35.97,24.5,-3.74,42.0,1,2026-04-08 to 2026-07-27 (75 days),-1.0,59.3,0.2688,223.68,221.37,BULLISH,MEDIUM,Strong trend (ADX=41); EARNINGS TODAY (2026-07-28); Last surprise: +4.0%; Earnings conf adj: -3,6.98,-1.0,1.0,0,2026-07-28,4.02,-3
2026-07-28T12:55:40,2026-07-28,KRG,BUY,1,52-Week High Momentum,MEDIUM,2,33.49,29.48,2.61,28.71,5.22,31.02,9.62,2026-11-14,3.16,5.3,100.0,179.39,74.72,-10.52,-4.48,109.0,1,2026-04-08 to 2026-07-27 (75 days),0.135,60.4,0.2029,27.92,24.58,BULLISH,MEDIUM,Earnings in 2d (2026-07-30); Earnings conf adj: -2; Size: Kelly 10.0% / VolTgt 9.2% / Blend 9.6%,9.24,-1.0,1.0,2,2026-07-30,,-2
2026-07-28T12:53:33,2026-07-28,ICE,HOLD,0,EMA Crossover (9/21),MEDIUM,2,33.42,148.73,3.9,0.0,5.85,0.0,0.0,2026-08-08,1.55,3.39,100.0,48.17,16.57,49.4,-2.38,11.0,1,2026-04-08 to 2026-07-27 (75 days),-1.0,66.5,0.2871,140.28,154.0,BEARISH,MEDIUM,Strong trend (ADX=42); Earnings in 2d (2026-07-30); Last surprise: +4.0%; Earnings conf adj: -2,6.53,-1.0,1.0,2,2026-07-30,3.98,-2
2026-07-28T12:55:11,2026-07-28,ARW,EXIT,-1,Stochastic Oscillator,HIGH,5,33.41,213.23,7.03,228.22,10.54,190.76,7.19,2026-08-17,1.96,4.88,100.0,98.8,31.82,-164.59,-2.64,20.0,1,2026-04-08 to 2026-07-27 (75 days),-1.0,52.4,0.4284,215.29,155.11,BULLISH,HIGH,Last surprise: +83.2%; Earnings conf adj: +1; Size: Kelly 10.0% / VolTgt 4.4% / Blend 7.2%,4.38,-1.0,1.0,9,2026-08-06,83.16,1
2026-07-28T12:55:21,2026-07-28,FLS,HOLD,0,Stochastic Oscillator,LOW,1,33.34,72.68,5.44,0.0,8.16,0.0,0.0,2026-08-23,0.84,1.3,100.0,68.68,21.66,56.6,-10.67,26.0,2,2026-04-08 to 2026-07-27 (75 days),-1.0,53.1,0.378,72.5,72.82,BEARISH,MEDIUM,Strong trend (ADX=50); Earnings in 1d (2026-07-29); Earnings conf adj: -2,4.96,-1.0,1.0,1,2026-07-29,,-2
2026-07-28T12:53:24,2026-07-28,GEV,BUY,1,ADX Trend Following,MEDIUM,3,33.26,996.57,12.0,876.98,21.79,1213.72,6.48,2026-08-16,1.11,2.0,100.0,112.68,43.45,19.46,-9.52,19.0,2,2026-04-08 to 2026-07-27 (75 days),0.183,43.9,0.6349,1032.5,827.21,BULLISH,HIGH,Last surprise: -22.3%; Earnings conf adj: -1; Size: Kelly 10.0% / VolTgt 3.0% / Blend 6.5%,2.95,-1.0,1.0,85,2026-10-21,-22.33,-1
2026-07-28T12:55:14,2026-07-28,ENSG,HOLD,0,EMA Crossover (9/21),HIGH,4,33.25,178.07,4.27,0.0,6.4,0.0,0.0,2026-08-18,1.57,5.48,100.0,66.37,24.04,61.83,-3.11,21.0,1,2026-04-08 to 2026-07-27 (75 days),-1.0,63.9,0.3358,166.17,182.62,BEARISH,MEDIUM,Price at statistical extreme; Last surprise: +3.8%,5.58,-1.0,1.0,-1,2026-07-27,3.78,0
2026-07-28T12:55:14,2026-07-28,R,HOLD,0,52-Week High Momentum,HIGH,4,33.23,268.68,4.24,0.0,12.72,0.0,0.0,2026-09-09,1.69,2.71,100.0,158.04,62.73,-36.64,-8.2,43.5,2,2026-04-08 to 2026-07-27 (75 days),-1.0,52.2,0.2638,260.55,212.79,BULLISH,MEDIUM,Last surprise: +1.1%,7.11,-1.0,1.0,86,2026-10-22,1.08,0
2026-07-28T12:53:53,2026-07-28,NDAQ,HOLD,0,VWAP Trend,HIGH,5,33.22,93.94,4.4,0.0,6.12,0.0,0.0,2026-08-01,1.87,2.87,60.0,2.39,52.49,26.49,-9.38,4.4,10,2026-04-08 to 2026-07-27 (75 days),-1.0,62.6,0.3703,87.62,88.62,BEARISH,MEDIUM,Strong trend (ADX=44); Last surprise: +9.2%; Earnings conf adj: +1,5.06,-1.0,1.0,86,2026-10-22,9.18,1
2026-07-28T12:53:23,2026-07-28,GD,HOLD,0,Composite Multi-Indicator,MEDIUM,3,33.2,389.14,2.46,0.0,6.15,0.0,0.0,2026-09-13,2.73,5.4,100.0,144.96,57.97,10.05,-5.7,47.0,1,2026-04-08 to 2026-07-27 (75 days),-1.0,71.5,0.1971,354.18,345.41,BULLISH,LOW,RSI overbought; Strong trend (ADX=31); Earnings in 1d (2026-07-29); Last surprise: +11.1%; Earnings conf adj: -1,9.51,-1.0,1.0,1,2026-07-29,11.11,-1
2026-07-28T12:54:17,2026-07-28,SYY,HOLD,0,Composite Multi-Indicator,HIGH,4,33.19,84.09,3.72,0.0,11.16,0.0,0.0,2026-09-22,3.16,6.13,100.0,147.23,59.04,9.07,-4.83,56.0,1,2026-04-08 to 2026-07-27 (75 days),-1.0,61.0,0.2395,78.78,77.42,BULLISH,MEDIUM,Last surprise: +0.0%,7.83,-1.0,1.0,7,2026-08-04,0.0,0
2026-07-28T12:53:28,2026-07-28,HBAN,HOLD,0,EMA Crossover (9/21),MEDIUM,3,33.17,17.16,3.76,0.0,9.4,0.0,0.0,2026-08-25,0.7,0.99,66.7,2.15,14.31,-7.25,-7.64,28.3,3,2026-04-08 to 2026-07-27 (75 days),-1.0,42.9,0.2753,16.96,16.5,BULLISH,MEDIUM,Price at statistical extreme; Strong trend (ADX=30); Last surprise: +0.0%,6.81,-1.0,1.0,86,2026-10-22,0.0,0
2026-07-28T12:55:30,2026-07-28,HR,BUY,1,52-Week High Momentum,MEDIUM,2,33.16,21.53,2.1,21.08,4.2,22.43,9.91,2026-11-06,2.93,5.07,100.0,173.64,71.84,-34.68,-5.69,101.0,1,2026-04-08 to 2026-07-27 (75 days),0.853,64.6,0.1908,20.44,18.19,BULLISH,LOW,Earnings in 2d (2026-07-30); Earnings conf adj: -2; Size: Kelly 10.0% / VolTgt 9.8% / Blend 9.9%,9.83,-1.0,1.0,2,2026-07-30,,-2
2026-07-28T12:55:07,2026-07-28,SCI,HOLD,0,EMA Crossover (9/21),MEDIUM,2,33.08,82.73,3.57,0.0,5.35,0.0,0.0,2026-08-24,2.11,4.79,100.0,88.13,32.4,33.78,-3.1,27.0,1,2026-04-08 to 2026-07-27 (75 days),-1.0,66.3,0.2992,75.74,78.87,BEARISH,MEDIUM,Price at statistical extreme; Strong trend (ADX=37); Earnings in 1d (2026-07-29); Last surprise: -3.0%; Earnings conf adj: -2,6.27,-1.0,1.0,1,2026-07-29,-3.0,-2
2026-07-28T12:55:22,2026-07-28,WAL,HOLD,-1,VWAP Trend,LOW,1,33.08,82.76,4.38,86.38,5.88,77.89,0.0,2026-08-03,0.19,0.26,62.5,1.32,1.67,-40.86,-9.46,6.9,8,2026-04-08 to 2026-07-27 (75 days),-1.0,54.4,0.2842,80.26,80.51,BEARISH,MEDIUM,No special conditions,6.6,-1.0,1.0,85,2026-10-21,,0
2026-07-28T12:53:43,2026-07-28,LLY,HOLD,0,Stochastic Oscillator,HIGH,5,33.03,1197.53,4.57,0.0,6.86,0.0,0.0,2026-08-03,1.79,6.34,100.0,122.07,41.02,-77.69,-5.52,6.5,2,2026-04-08 to 2026-07-27 (75 days),-1.0,57.3,0.3787,1129.38,1013.94,BULLISH,MEDIUM,Last surprise: +25.9%; Earnings conf adj: +1,4.95,-1.0,1.0,8,2026-08-05,25.92,1
2026-07-28T12:54:26,2026-07-28,UPS,EXIT,-1,MACD Crossover,LOW,0,33.03,112.95,3.99,117.46,5.99,106.18,6.92,2026-08-19,0.87,1.3,100.0,52.97,18.25,-39.58,-6.31,22.0,2,2026-04-08 to 2026-07-27 (75 days),-1.0,53.3,0.2747,107.71,100.66,BULLISH,MEDIUM,EARNINGS TODAY (2026-07-28); Last surprise: +4.9%; Earnings conf adj: -3; Size: Kelly 7.0% / VolTgt 6.8% / Blend 6.9%,6.83,-1.0,1.0,0,2026-07-28,4.9,-3
2026-07-28T12:54:27,2026-07-28,VLTO,HOLD,0,VWAP Trend,LOW,0,33.02,94.28,3.45,0.0,5.18,0.0,0.0,2026-08-07,0.16,0.23,57.1,1.18,1.16,-14.5,-8.2,10.3,7,2026-04-08 to 2026-07-27 (75 days),-1.0,61.7,0.2645,87.45,93.74,BEARISH,MEDIUM,EARNINGS TODAY (2026-07-28); Last surprise: +5.9%; Earnings conf adj: -3,7.0,-1.0,1.0,0,2026-07-28,5.94,-3
2026-07-28T12:53:22,2026-07-28,GDDY,HOLD,0,ADX Trend Following,MEDIUM,3,33.01,96.41,9.05,0.0,13.58,0.0,0.0,2026-08-22,1.33,2.72,100.0,113.06,43.23,-39.1,-8.93,25.0,2,2026-04-08 to 2026-07-27 (75 days),-1.0,62.0,0.5534,86.09,101.51,BEARISH,HIGH,Earnings in 2d (2026-07-30); Last surprise: +5.3%; Earnings conf adj: -1,3.39,-1.0,1.0,2,2026-07-30,5.26,-1
2026-07-28T12:52:38,2026-07-28,AMGN,HOLD,0,SMA Crossover (10/50),HIGH,5,32.94,376.26,3.48,0.0,12.18,0.0,0.0,2026-09-13,2.25,4.83,100.0,113.09,43.49,11.99,-5.05,47.0,1,2026-04-08 to 2026-07-27 (75 days),-1.0,64.4,0.2389,350.13,338.24,BULLISH,MEDIUM,Price at statistical extreme; Strong trend (ADX=31); Last surprise: +8.0%; Earnings conf adj: +1,7.85,-1.0,1.0,7,2026-08-04,7.97,1
2026-07-28T12:55:57,2026-07-28,AVNT,HOLD,0,Stochastic Oscillator,HIGH,4,32.92,36.44,7.59,0.0,11.38,0.0,0.0,2026-08-25,1.01,1.7,100.0,80.31,27.52,30.58,-13.74,28.5,2,2026-04-08 to 2026-07-27 (75 days),-1.0,49.4,0.4332,35.85,34.47,BULLISH,HIGH,No special conditions,4.33,-1.0,1.0,9,2026-08-06,,0
2026-07-28T12:54:27,2026-07-28,VLO,HOLD,0,Composite Multi-Indicator,MEDIUM,3,32.9,304.93,5.65,0.0,14.12,0.0,0.0,2026-10-17,2.91,5.21,100.0,295.29,140.35,9.49,-9.62,81.0,1,2026-04-08 to 2026-07-27 (75 days),-1.0,65.2,0.3937,264.88,213.63,BULLISH,MEDIUM,Strong trend (ADX=46); Earnings in 2d (2026-07-30); Last surprise: +33.5%; Earnings conf adj: -1,4.76,-1.0,1.0,2,2026-07-30,33.54,-1
2026-07-28T12:52:39,2026-07-28,AMCR,BUY,1,Momentum (Rate of Change),HIGH,4,32.88,45.24,4.72,43.1,7.08,48.44,7.46,2026-09-19,2.65,4.79,100.0,200.91,83.32,51.08,-6.78,53.0,1,2026-04-08 to 2026-07-27 (75 days),0.571,62.2,0.3814,40.78,41.07,BEARISH,MEDIUM,Last surprise: +1.1%; Size: Kelly 10.0% / VolTgt 4.9% / Blend 7.5%,4.92,-1.0,1.0,16,2026-08-13,1.05,0
2026-07-28T12:52:52,2026-07-28,CBRE,HOLD,1,VWAP Trend,LOW,0,32.87,143.88,6.62,134.36,9.93,158.17,0.0,2026-08-06,-0.58,-0.76,50.0,0.75,-14.27,-17.63,-13.01,9.3,6,2026-04-08 to 2026-07-27 (75 days),-1.0,58.3,0.4186,134.42,148.13,BEARISH,HIGH,Earnings in 1d (2026-07-29); Last surprise: +42.5%; Earnings conf adj: -2,4.48,-1.0,1.0,1,2026-07-29,42.48,-2
2026-07-28T12:55:00,2026-07-28,CCK,HOLD,0,MACD Crossover,HIGH,4,32.84,118.45,4.57,0.0,9.0,0.0,0.0,2026-08-10,1.16,1.81,50.0,2.13,21.07,-21.27,-6.36,13.5,4,2026-04-08 to 2026-07-27 (75 days),-1.0,65.5,0.311,104.25,102.33,BULLISH,MEDIUM,Strong trend (ADX=39); Last surprise: +15.3%; Earnings conf adj: +1,6.03,-1.0,1.0,83,2026-10-19,15.28,1
2026-07-28T12:55:52,2026-07-28,LIVN,HOLD,0,Composite Multi-Indicator,HIGH,4,32.81,80.58,4.41,0.0,13.23,0.0,0.0,2026-10-01,2.35,5.57,100.0,278.99,130.23,18.62,-11.73,65.0,1,2026-04-08 to 2026-07-27 (75 days),-1.0,52.8,0.2849,77.92,65.75,BULLISH,MEDIUM,No special conditions,6.58,-1.0,1.0,8,2026-08-05,,0
2026-07-28T12:54:49,2026-07-28,LAMR,BUY,1,52-Week High Momentum,HIGH,4,32.78,160.99,3.07,156.05,9.21,175.82,9.22,2026-11-14,2.98,5.14,100.0,223.32,97.87,-5.22,-7.85,109.0,1,2026-04-08 to 2026-07-27 (75 days),0.369,59.7,0.2218,153.45,133.46,BULLISH,MEDIUM,Last surprise: +4.8%; Size: Kelly 10.0% / VolTgt 8.4% / Blend 9.2%,8.45,-1.0,1.0,9,2026-08-06,4.76,0
2026-07-28T12:55:41,2026-07-28,RLI,EXIT,-1,Composite Multi-Indicator,HIGH,4,32.73,64.05,4.57,66.98,6.86,59.66,7.36,2026-09-01,3.18,6.28,100.0,213.45,92.51,36.02,-7.15,35.0,1,2026-04-08 to 2026-07-27 (75 days),-1.0,65.7,0.3961,55.11,56.48,BEARISH,MEDIUM,Price at statistical extreme; Size: Kelly 10.0% / VolTgt 4.7% / Blend 7.4%,4.73,-1.0,1.0,83,2026-10-19,,0
2026-07-28T12:55:59,2026-07-28,PK,HOLD,0,Momentum (Rate of Change),HIGH,4,32.69,15.03,4.19,0.0,12.57,0.0,0.0,2026-11-14,3.81,7.34,100.0,366.9,188.67,-31.15,-7.08,109.0,1,2026-04-08 to 2026-07-27 (75 days),-1.0,64.1,0.2677,13.5,11.2,BULLISH,MEDIUM,No special conditions,7.01,-1.0,1.0,9,2026-08-06,,0
2026-07-28T12:53:56,2026-07-28,NTRS,HOLD,0,Composite Multi-Indicator,MEDIUM,3,32.67,182.52,3.77,0.0,7.54,0.0,0.0,2026-08-27,1.34,1.93,100.0,59.29,21.14,-69.41,-6.9,30.5,2,2026-04-08 to 2026-07-27 (75 days),-1.0,54.7,0.2528,174.09,148.73,BULLISH,MEDIUM,Last surprise: -8.4%; Earnings conf adj: -1,7.42,-1.0,1.0,85,2026-10-21,-8.44,-1
2026-07-28T12:55:44,2026-07-28,G,HOLD,0,EMA Crossover (9/21),HIGH,4,32.65,32.18,5.5,0.0,8.25,0.0,0.0,2026-08-07,1.2,4.19,100.0,40.76,14.19,50.37,-2.95,10.0,1,2026-04-08 to 2026-07-27 (75 days),-1.0,61.4,0.3919,30.5,38.01,BEARISH,MEDIUM,Price at statistical extreme,4.78,-1.0,1.0,9,2026-08-06,,0
2026-07-28T12:54:31,2026-07-28,WEC,HOLD,0,Stochastic Oscillator,MEDIUM,2,32.61,113.82,2.4,0.0,3.6,0.0,0.0,2026-08-31,0.58,0.86,100.0,24.2,7.74,14.77,-7.13,34.5,2,2026-04-08 to 2026-07-27 (75 days),-1.0,48.3,0.1945,113.54,111.32,BULLISH,LOW,Earnings in 1d (2026-07-29); Last surprise: +5.2%; Earnings conf adj: -1,9.64,-1.0,1.0,1,2026-07-29,5.15,-1
2026-07-28T12:52:35,2026-07-28,AJG,HOLD,0,ADX Trend Following,MEDIUM,2,32.58,253.36,5.67,0.0,8.5,0.0,0.0,2026-08-17,2.05,4.12,66.7,7.17,66.47,4.9,-7.28,20.0,3,2026-04-08 to 2026-07-27 (75 days),-1.0,60.3,0.4059,224.54,234.99,BEARISH,HIGH,Strong trend (ADX=35); Earnings in 2d (2026-07-30); Last surprise: +0.9%; Earnings conf adj: -2,4.62,-1.0,1.0,2,2026-07-30,0.9,-2
2026-07-28T12:55:06,2026-07-28,AA,BUY,1,Composite Multi-Indicator,MEDIUM,2,32.55,44.08,9.59,39.85,10.09,48.53,6.94,2026-08-04,0.43,0.73,100.0,12.8,4.06,84.93,-4.62,7.0,1,2026-04-08 to 2026-07-27 (75 days),0.389,30.4,0.4841,59.91,55.77,BULLISH,HIGH,Strong trend (ADX=44); Last surprise: -3.2%; Size: Kelly 10.0% / VolTgt 3.9% / Blend 6.9%,3.87,-1.0,1.0,79,2026-10-15,-3.2,0
2026-07-28T12:54:32,2026-07-28,WMB,HOLD,0,Stochastic Oscillator,HIGH,5,32.54,70.79,4.47,0.0,6.71,0.0,0.0,2026-08-23,1.45,2.26,100.0,54.18,17.63,25.33,-3.77,26.0,1,2026-04-08 to 2026-07-27 (75 days),-1.0,39.5,0.3244,74.03,67.52,BULLISH,MEDIUM,Price at statistical extreme; Last surprise: +15.9%; Earnings conf adj: +1,5.78,-1.0,1.0,6,2026-08-03,15.87,1
2026-07-28T12:54:36,2026-07-28,CW,HOLD,0,Stochastic Oscillator,HIGH,5,32.5,743.83,5.81,0.0,6.63,0.0,0.0,2026-08-03,1.31,4.02,100.0,29.11,7.29,0.05,-0.93,6.0,1,2026-04-08 to 2026-07-27 (75 days),-1.0,50.2,0.3437,744.28,660.72,BULLISH,MEDIUM,Last surprise: +5.5%; Earnings conf adj: +1,5.46,-1.0,1.0,8,2026-08-05,5.45,1
2026-07-28T12:55:37,2026-07-28,TXNM,EXIT,-1,Stochastic Oscillator,LOW,1,32.48,58.16,1.5,59.03,2.25,56.85,7.0,2026-09-03,0.86,1.5,100.0,23.96,3.69,7.05,-2.03,37.0,1,2026-04-08 to 2026-07-27 (75 days),-1.0,61.4,0.0663,57.95,57.88,BULLISH,LOW,Strong trend (ADX=35); Earnings in 3d (2026-07-31); Earnings conf adj: -2; Size: Kelly 7.0% / VolTgt 7.0% / Blend 7.0%,7.0,-1.0,1.0,3,2026-07-31,,-2
2026-07-28T12:52:48,2026-07-28,BMY,HOLD,0,SMA Crossover (10/50),MEDIUM,3,32.45,62.56,3.81,0.0,9.53,0.0,0.0,2026-08-16,2.13,3.66,100.0,86.24,31.61,6.22,-4.03,19.0,1,2026-04-08 to 2026-07-27 (75 days),-1.0,65.7,0.3583,57.03,54.02,BULLISH,MEDIUM,Strong trend (ADX=44); Earnings in 2d (2026-07-30); Last surprise: +11.3%; Earnings conf adj: -1,5.23,-1.0,1.0,2,2026-07-30,11.27,-1
2026-07-28T12:54:57,2026-07-28,MOG-A,HOLD,0,Stochastic Oscillator,MEDIUM,2,32.42,417.42,5.5,0.0,7.87,0.0,0.0,2026-08-08,2.97,18.52,100.0,90.35,27.54,-139.15,-1.49,11.0,1,2026-04-08 to 2026-07-27 (75 days),-1.0,61.3,0.3012,381.79,299.33,BULLISH,MEDIUM,Strong trend (ADX=34); Earnings in 3d (2026-07-31); Last surprise: +11.9%; Earnings conf adj: -2,6.23,-1.0,1.0,3,2026-07-31,11.86,-2
2026-07-28T12:53:35,2026-07-28,IP,HOLD,0,SMA Crossover (10/50),MEDIUM,3,32.41,42.41,7.93,0.0,11.89,0.0,0.0,2026-09-14,2.18,4.76,100.0,241.97,108.39,42.08,-7.1,48.0,1,2026-04-08 to 2026-07-27 (75 days),-1.0,70.7,0.5335,35.34,38.01,BEARISH,HIGH,RSI overbought; Price at statistical extreme; Earnings in 2d (2026-07-30); Last surprise: +7.1%; Earnings conf adj: -1,3.51,-1.0,1.0,2,2026-07-30,7.14,-1
2026-07-28T12:54:04,2026-07-28,PNW,HOLD,0,SMA Crossover (10/50),MEDIUM,3,32.3,105.38,2.98,0.0,5.96,0.0,0.0,2026-08-22,0.35,0.54,100.0,15.26,4.23,-6.72,-5.36,25.0,2,2026-04-08 to 2026-07-27 (75 days),-1.0,47.6,0.2112,104.04,96.09,BULLISH,MEDIUM,Last surprise: +800.0%; Earnings conf adj: +1,8.88,-1.0,1.0,7,2026-08-04,800.0,1
2026-07-28T12:55:35,2026-07-28,SWX,HOLD,0,SMA Crossover (10/50),HIGH,4,32.29,92.01,2.19,0.0,6.57,0.0,0.0,2026-08-18,1.58,3.24,100.0,36.78,12.3,5.56,-1.31,21.0,1,2026-04-08 to 2026-07-27 (75 days),-1.0,55.8,0.19,89.34,84.78,BULLISH,LOW,No special conditions,9.87,-1.0,1.0,8,2026-08-05,,0
2026-07-28T12:53:20,2026-07-28,FIX,EXIT,-1,52-Week High Momentum,HIGH,5,32.28,1730.42,11.7,1932.88,24.7,1303.01,6.44,2026-08-20,1.52,2.2,100.0,179.2,59.13,5.2,-14.4,23.0,2,2026-04-08 to 2026-07-27 (75 days),-1.0,45.7,0.654,1846.48,1376.63,BULLISH,HIGH,Last surprise: +19.8%; Earnings conf adj: +1; Size: Kelly 10.0% / VolTgt 2.9% / Blend 6.4%,2.87,-1.0,1.0,86,2026-10-22,19.79,1
2026-07-28T12:53:39,2026-07-28,KIM,HOLD,0,Composite Multi-Indicator,HIGH,4,32.26,26.38,2.56,0.0,7.68,0.0,0.0,2026-09-22,2.58,4.81,100.0,127.12,49.75,-24.13,-5.91,56.0,1,2026-04-08 to 2026-07-27 (75 days),-1.0,64.0,0.2162,24.75,22.17,BULLISH,MEDIUM,Last surprise: +5.0%,8.67,-1.0,1.0,7,2026-08-04,5.0,0
2026-07-28T12:54:01,2026-07-28,PFG,BUY,1,52-Week High Momentum,HIGH,5,32.26,111.29,3.46,107.44,10.38,122.84,9.0,2026-11-14,3.18,4.92,100.0,214.1,92.85,11.58,-6.16,109.0,1,2026-04-08 to 2026-07-27 (75 days),0.687,53.8,0.2344,107.53,93.01,BULLISH,MEDIUM,High volume; Last surprise: +7.3%; Earnings conf adj: +1; Size: Kelly 10.0% / VolTgt 8.0% / Blend 9.0%,8.0,-1.0,1.0,90,2026-10-26,7.3,1
2026-07-28T12:54:18,2026-07-28,TECH,HOLD,0,VWAP Trend,LOW,1,32.24,71.62,1.5,0.0,1.03,0.0,0.0,2026-08-02,0.21,0.26,55.6,1.13,-0.74,-144.86,-21.41,5.9,9,2026-04-08 to 2026-07-27 (75 days),-1.0,73.4,0.0541,59.6,59.19,BULLISH,LOW,RSI overbought; Strong trend (ADX=76); Last surprise: +0.0%,7.0,-1.0,1.0,8,2026-08-05,0.0,0
2026-07-28T12:53:05,2026-07-28,DELL,HOLD,0,VWAP Trend,HIGH,5,32.21,426.91,12.0,0.0,11.53,0.0,0.0,2026-07-31,2.26,8.36,80.0,34.1,301.43,-1336.3,-15.53,3.4,5,2026-04-08 to 2026-07-27 (75 days),-1.0,54.2,0.7941,382.36,207.32,BULLISH,HIGH,Last surprise: +64.2%; Earnings conf adj: +1,2.36,-1.0,1.0,37,2026-09-03,64.19,1
2026-07-28T12:54:00,2026-07-28,PCG,HOLD,0,Donchian Breakout (20/55),HIGH,5,32.07,17.6,3.46,0.0,12.11,0.0,0.0,2026-09-15,1.52,2.36,100.0,70.07,25.06,38.09,-4.38,49.0,1,2026-04-08 to 2026-07-27 (75 days),-1.0,56.8,0.263,16.83,16.59,BULLISH,MEDIUM,Strong trend (ADX=58); Last surprise: +11.1%; Earnings conf adj: +1,7.13,-1.0,1.0,86,2026-10-22,11.11,1
2026-07-28T12:54:52,2026-07-28,TRU,HOLD,0,Stochastic Oscillator,LOW,1,32.07,77.24,7.82,0.0,11.73,0.0,0.0,2026-09-11,1.63,2.35,100.0,142.57,53.69,20.94,-12.64,45.0,1,2026-04-08 to 2026-07-27 (75 days),-1.0,56.0,0.4265,71.56,76.18,BEARISH,HIGH,EARNINGS TODAY (2026-07-28); Last surprise: +6.3%; Earnings conf adj: -3,4.4,-1.0,1.0,0,2026-07-28,6.31,-3
2026-07-28T12:52:44,2026-07-28,AXP,HOLD,0,EMA Crossover (9/21),MEDIUM,3,32.02,335.39,3.99,0.0,5.99,0.0,0.0,2026-09-04,0.62,0.9,100.0,33.98,11.29,-11.89,-7.33,38.5,2,2026-04-08 to 2026-07-27 (75 days),-1.0,43.1,0.2717,330.73,337.42,BEARISH,MEDIUM,Last surprise: +3.0%,6.9,-1.0,1.0,87,2026-10-23,2.95,0
2026-07-28T12:53:51,2026-07-28,MRSH,HOLD,0,ADX Trend Following,HIGH,4,32.02,183.31,3.73,0.0,5.59,0.0,0.0,2026-09-14,1.88,3.51,100.0,112.74,42.87,23.27,-5.07,48.0,1,2026-04-08 to 2026-07-27 (75 days),-1.0,62.5,0.343,167.9,175.71,BEARISH,MEDIUM,Strong trend (ADX=35),5.47,-1.0,1.0,79,2026-10-15,,0
2026-07-28T12:54:19,2026-07-28,TGT,HOLD,0,Stochastic Oscillator,HIGH,5,32.02,140.34,4.4,0.0,6.6,0.0,0.0,2026-08-09,1.92,9.58,100.0,53.15,15.66,-45.6,-0.91,12.0,1,2026-04-08 to 2026-07-27 (75 days),-1.0,59.8,0.3588,130.62,111.62,BULLISH,MEDIUM,Last surprise: +17.1%; Earnings conf adj: +1,5.23,-1.0,1.0,22,2026-08-19,17.12,1
2026-07-28T12:54:32,2026-07-28,WRB,HOLD,0,Composite Multi-Indicator,HIGH,5,32.02,75.7,3.62,0.0,5.43,0.0,0.0,2026-10-23,2.27,3.82,100.0,149.69,60.2,5.68,-7.59,87.0,1,2026-04-08 to 2026-07-27 (75 days),-1.0,68.0,0.2674,68.69,69.08,BEARISH,MEDIUM,Price at statistical extreme; Strong trend (ADX=37); Last surprise: +17.6%; Earnings conf adj: +1,7.01,-1.0,1.0,83,2026-10-19,17.59,1
2026-07-28T12:55:06,2026-07-28,BMRN,HOLD,0,Donchian Breakout (20/55),MEDIUM,3,31.98,60.27,3.78,0.0,7.56,0.0,0.0,2026-09-13,1.76,3.28,100.0,71.99,25.83,6.34,-3.23,47.0,1,2026-04-08 to 2026-07-27 (75 days),-1.0,60.6,0.2354,56.37,56.11,BULLISH,MEDIUM,Last surprise: -16.5%; Earnings conf adj: -1,7.96,-1.0,1.0,6,2026-08-03,-16.48,-1
2026-07-28T12:52:36,2026-07-28,AIG,HOLD,0,Stochastic Oscillator,HIGH,5,31.91,79.16,3.37,0.0,5.05,0.0,0.0,2026-10-06,1.36,2.54,100.0,85.18,29.82,19.55,-7.9,70.0,1,2026-04-08 to 2026-07-27 (75 days),-1.0,54.4,0.2806,76.47,76.82,BEARISH,MEDIUM,Last surprise: +12.2%; Earnings conf adj: +1,6.68,-1.0,1.0,9,2026-08-06,12.23,1
2026-07-28T12:52:33,2026-07-28,ADBE,HOLD,0,Stochastic Oscillator,HIGH,4,31.85,237.75,9.75,0.0,14.62,0.0,0.0,2026-08-20,1.3,2.15,100.0,69.65,23.62,25.82,-6.71,23.0,1,2026-04-08 to 2026-07-27 (75 days),-1.0,57.9,0.5947,228.24,278.87,BEARISH,HIGH,Last surprise: +2.6%,3.15,-1.0,1.0,44,2026-09-10,2.58,0
2026-07-28T12:55:26,2026-07-28,VNO,HOLD,0,Momentum (Rate of Change),HIGH,4,31.84,39.5,4.78,0.0,14.34,0.0,0.0,2026-11-14,4.24,7.03,100.0,473.43,272.64,12.78,-6.49,109.0,1,2026-04-08 to 2026-07-27 (75 days),-1.0,56.0,0.3026,36.7,33.07,BULLISH,MEDIUM,No special conditions,6.2,-1.0,1.0,6,2026-08-03,,0
2026-07-28T12:53:56,2026-07-28,NTAP,HOLD,0,Stochastic Oscillator,HIGH,5,31.83,169.8,8.89,0.0,13.34,0.0,0.0,2026-08-13,1.73,5.37,100.0,87.14,27.57,-496.7,-4.56,16.0,1,2026-04-08 to 2026-07-27 (75 days),-1.0,58.3,0.5026,155.73,118.78,BULLISH,HIGH,Last surprise: +7.0%; Earnings conf adj: +1,3.73,-1.0,1.0,36,2026-09-02,7.05,1
2026-07-28T12:53:06,2026-07-28,DGX,HOLD,0,SMA Crossover (10/50),HIGH,5,31.78,231.84,4.58,0.0,16.03,0.0,0.0,2026-09-18,2.35,6.56,100.0,161.23,65.73,-5.39,-6.22,52.0,1,2026-04-08 to 2026-07-27 (75 days),-1.0,74.9,0.3738,201.91,191.27,BULLISH,MEDIUM,RSI overbought; Price at statistical extreme; Strong trend (ADX=32); Last surprise: +10.6%; Earnings conf adj: +1,5.02,-1.0,1.0,84,2026-10-20,10.64,1
2026-07-28T12:55:33,2026-07-28,CLF,HOLD,0,Stochastic Oscillator,HIGH,4,31.77,12.25,9.81,0.0,14.71,0.0,0.0,2026-08-28,1.82,4.94,100.0,230.16,96.3,-85.15,-10.56,31.0,1,2026-04-08 to 2026-07-27 (75 days),-1.0,66.6,0.8575,11.27,11.52,BEARISH,HIGH,High volume; Price at statistical extreme; Strong trend (ADX=39),2.19,-1.0,1.0,83,2026-10-19,,0
2026-07-28T12:53:03,2026-07-28,CVS,BUY,1,52-Week High Momentum,HIGH,5,31.71,107.07,3.6,103.22,10.8,118.63,9.38,2026-10-25,3.31,7.03,100.0,283.06,131.92,-67.06,-8.78,89.0,1,2026-04-08 to 2026-07-27 (75 days),0.433,62.2,0.2144,99.49,82.61,BULLISH,MEDIUM,Last surprise: +16.3%; Earnings conf adj: +1; Size: Kelly 10.0% / VolTgt 8.8% / Blend 9.4%,8.75,-1.0,1.0,8,2026-08-05,16.29,1
2026-07-28T12:54:01,2026-07-28,PGR,HOLD,0,Stochastic Oscillator,HIGH,4,31.7,215.76,6.54,0.0,9.81,0.0,0.0,2026-08-18,1.05,1.85,100.0,61.59,18.33,-15.65,-6.67,21.0,2,2026-04-08 to 2026-07-27 (75 days),-1.0,51.4,0.4907,209.04,207.35,BULLISH,HIGH,Strong trend (ADX=40); Last surprise: +0.2%,3.82,-1.0,1.0,78,2026-10-14,0.21,0
2026-07-28T12:52:53,2026-07-28,CCL,HOLD,0,Stochastic Oscillator,HIGH,4,31.67,27.12,7.48,0.0,11.22,0.0,0.0,2026-08-21,0.55,1.05,100.0,47.01,13.54,22.29,-12.66,24.0,2,2026-04-08 to 2026-07-27 (75 days),-1.0,50.5,0.412,27.32,27.79,BEARISH,HIGH,Last surprise: +20.6%; Earnings conf adj: +1,4.55,-1.0,1.0,62,2026-09-28,20.59,1
2026-07-28T12:53:04,2026-07-28,D,BUY,1,52-Week High Momentum,MEDIUM,2,31.66,70.27,2.01,68.86,5.02,73.8,10.0,2026-11-13,1.4,2.71,100.0,103.99,39.53,-8.91,-5.2,108.0,1,2026-04-08 to 2026-07-27 (75 days),0.159,54.0,0.1791,68.03,62.08,BULLISH,LOW,Strong trend (ADX=35); Earnings in 3d (2026-07-31); Last surprise: +4.4%; Earnings conf adj: -2; Size: Kelly 10.0% / VolTgt 10.0% / Blend 10.0%,10.0,-1.0,1.0,3,2026-07-31,4.4,-2
2026-07-28T12:55:59,2026-07-28,EXPO,HOLD,0,Composite Multi-Indicator,MEDIUM,2,31.66,62.76,5.38,0.0,7.29,0.0,0.0,2026-08-03,1.3,5.0,100.0,33.62,11.54,29.02,-1.22,6.0,1,2026-04-08 to 2026-07-27 (75 days),-1.0,56.5,0.3777,58.91,66.57,BEARISH,MEDIUM,Earnings in 2d (2026-07-30); Earnings conf adj: -2,4.96,-1.0,1.0,2,2026-07-30,,-2
2026-07-28T12:53:47,2026-07-28,MDT,HOLD,0,Composite Multi-Indicator,HIGH,4,31.6,84.22,4.11,0.0,6.17,0.0,0.0,2026-09-22,1.95,3.33,100.0,147.69,59.25,72.66,-5.45,56.0,1,2026-04-08 to 2026-07-27 (75 days),-1.0,58.5,0.3638,79.52,89.0,BEARISH,MEDIUM,Last surprise: +0.6%,5.15,-1.0,1.0,35,2026-09-01,0.65,0
2026-07-28T12:55:38,2026-07-28,WFRD,HOLD,0,ADX Trend Following,MEDIUM,2,31.56,85.92,8.48,0.0,10.2,0.0,0.0,2026-08-06,0.95,1.57,50.0,1.97,22.69,66.83,-7.08,9.8,4,2026-04-08 to 2026-07-27 (75 days),-1.0,49.1,0.4138,94.07,88.81,BULLISH,HIGH,Strong trend (ADX=42),4.53,-1.0,1.0,84,2026-10-20,,0
2026-07-28T12:53:57,2026-07-28,NWSA,HOLD,0,Stochastic Oscillator,HIGH,4,31.53,27.29,3.94,0.0,5.91,0.0,0.0,2026-08-11,1.42,3.83,100.0,58.06,15.91,-20.91,-2.28,14.0,1,2026-04-08 to 2026-07-27 (75 days),-1.0,52.8,0.3325,26.49,25.69,BULLISH,MEDIUM,Strong trend (ADX=33); Last surprise: +5.0%,5.64,-1.0,1.0,8,2026-08-05,5.0,0
2026-07-28T12:55:53,2026-07-28,POST,EXIT,-1,ADX Trend Following,HIGH,4,31.53,91.31,4.58,95.49,6.87,85.04,7.86,2026-08-04,1.72,3.24,60.0,3.66,27.04,57.39,-5.32,7.4,5,2026-04-08 to 2026-07-27 (75 days),-1.0,55.5,0.3272,91.45,99.74,BEARISH,MEDIUM,Size: Kelly 10.0% / VolTgt 5.7% / Blend 7.9%,5.73,-1.0,1.0,9,2026-08-06,,0
2026-07-28T12:52:56,2026-07-28,CLX,HOLD,0,Composite Multi-Indicator,HIGH,5,31.49,97.41,4.83,0.0,7.25,0.0,0.0,2026-09-01,1.47,2.53,100.0,74.17,27.14,48.04,-4.97,35.0,1,2026-04-08 to 2026-07-27 (75 days),-1.0,54.1,0.3144,94.86,103.37,BEARISH,MEDIUM,Last surprise: +6.5%; Earnings conf adj: +1,5.96,-1.0,1.0,6,2026-08-03,6.49,1
2026-07-28T12:53:59,2026-07-28,ORLY,HOLD,0,Composite Multi-Indicator,MEDIUM,2,31.45,90.59,6.33,0.0,9.5,0.0,0.0,2026-08-18,1.41,2.77,100.0,74.38,27.23,35.98,-5.21,21.0,1,2026-04-08 to 2026-07-27 (75 days),-1.0,56.5,0.4653,88.44,93.42,BEARISH,HIGH,Earnings in 1d (2026-07-29); Last surprise: +2.9%; Earnings conf adj: -2,4.03,-1.0,1.0,1,2026-07-29,2.86,-2
2026-07-28T12:52:39,2026-07-28,AMP,HOLD,0,Donchian Breakout (20/55),HIGH,4,31.43,538.01,3.98,0.0,12.28,0.0,0.0,2026-08-22,2.41,4.67,100.0,98.87,37.36,-44.37,-3.4,25.0,1,2026-04-08 to 2026-07-27 (75 days),-1.0,69.9,0.312,476.4,472.79,BULLISH,MEDIUM,Strong trend (ADX=43); Last surprise: +2.4%,6.01,-1.0,1.0,-5,2026-07-23,2.41,0
2026-07-28T12:55:36,2026-07-28,GATX,HOLD,0,MACD Crossover,MEDIUM,2,31.42,183.6,3.72,0.0,7.44,0.0,0.0,2026-08-11,1.08,1.55,66.7,11.71,15.71,17.36,-5.78,14.3,3,2026-04-08 to 2026-07-27 (75 days),-1.0,59.7,0.2535,174.96,174.65,BULLISH,MEDIUM,Earnings in 2d (2026-07-30); Earnings conf adj: -2,7.4,-1.0,1.0,2,2026-07-30,,-2
2026-07-28T12:54:49,2026-07-28,CLH,HOLD,0,SMA Crossover (10/50),MEDIUM,2,31.37,301.75,2.45,0.0,4.9,0.0,0.0,2026-08-22,1.53,2.57,100.0,35.23,11.73,12.66,-2.94,25.0,1,2026-04-08 to 2026-07-27 (75 days),-1.0,51.6,0.1784,294.33,269.09,BULLISH,LOW,Earnings in 1d (2026-07-29); Last surprise: +3.5%; Earnings conf adj: -2,10.0,-1.0,1.0,1,2026-07-29,3.48,-2
2026-07-28T12:54:14,2026-07-28,SPGI,HOLD,0,Stochastic Oscillator,LOW,0,31.36,439.83,5.84,0.0,8.76,0.0,0.0,2026-09-29,0.95,1.62,100.0,76.52,25.47,0.99,-8.8,63.0,1,2026-04-08 to 2026-07-27 (75 days),-1.0,57.0,0.4619,407.41,434.23,BEARISH,HIGH,EARNINGS TODAY (2026-07-28); Last surprise: +3.1%; Earnings conf adj: -3,4.06,-1.0,1.0,0,2026-07-28,3.11,-3
2026-07-28T12:54:21,2026-07-28,TRMB,HOLD,0,ADX Trend Following,HIGH,5,31.29,55.77,7.64,0.0,11.46,0.0,0.0,2026-08-11,1.03,2.62,100.0,65.55,23.31,69.06,-6.79,14.0,1,2026-04-08 to 2026-07-27 (75 days),-1.0,60.6,0.4764,52.98,67.88,BEARISH,HIGH,Price at statistical extreme; Last surprise: +9.7%; Earnings conf adj: +1,3.94,-1.0,1.0,8,2026-08-05,9.72,1
2026-07-28T12:52:48,2026-07-28,BEN,BUY,1,52-Week High Momentum,MEDIUM,3,31.27,33.22,4.12,31.85,8.24,35.96,9.02,2026-11-07,2.87,4.92,100.0,262.78,118.21,-58.69,-6.42,102.0,1,2026-04-08 to 2026-07-27 (75 days),0.337,54.2,0.2336,32.25,26.31,BULLISH,MEDIUM,Earnings in 3d (2026-07-31); Last surprise: +29.1%; Earnings conf adj: -1; Size: Kelly 10.0% / VolTgt 8.0% / Blend 9.0%,8.03,-1.0,1.0,3,2026-07-31,29.09,-1
2026-07-28T12:54:10,2026-07-28,RSG,HOLD,0,Composite Multi-Indicator,HIGH,4,31.25,216.9,3.59,0.0,5.38,0.0,0.0,2026-09-01,1.5,2.85,100.0,63.46,22.86,21.24,-4.4,35.0,1,2026-04-08 to 2026-07-27 (75 days),-1.0,51.3,0.2583,211.62,213.56,BEARISH,MEDIUM,Last surprise: +3.7%,7.26,-1.0,1.0,9,2026-08-06,3.66,0
2026-07-28T12:53:34,2026-07-28,INTU,HOLD,0,EMA Crossover (9/21),MEDIUM,3,31.23,303.91,10.03,0.0,10.39,0.0,0.0,2026-08-04,0.78,2.56,100.0,33.34,11.45,67.39,-4.28,7.0,1,2026-04-08 to 2026-07-27 (75 days),-1.0,58.2,0.4985,298.41,471.9,BEARISH,HIGH,Price at statistical extreme; Last surprise: +1.8%,3.76,-1.0,1.0,23,2026-08-20,1.83,0
2026-07-28T12:55:29,2026-07-28,CAVA,HOLD,0,SMA Crossover (10/50),MEDIUM,3,31.21,64.54,11.05,0.0,11.25,0.0,0.0,2026-08-05,0.66,1.14,100.0,27.49,8.93,71.62,-5.9,8.0,1,2026-04-08 to 2026-07-27 (75 days),-1.0,36.1,0.5049,76.24,70.68,BULLISH,HIGH,Strong trend (ADX=41),3.71,-1.0,1.0,14,2026-08-11,,0
2026-07-28T12:52:43,2026-07-28,AVY,HOLD,0,Stochastic Oscillator,LOW,0,31.15,163.03,4.33,0.0,6.5,0.0,0.0,2026-10-25,0.19,0.31,100.0,5.9,1.69,21.88,-7.61,89.0,1,2026-04-08 to 2026-07-27 (75 days),-1.0,54.6,0.3296,159.02,170.64,BEARISH,MEDIUM,Earnings in 2d (2026-07-30); Last surprise: +1.6%; Earnings conf adj: -2,5.69,-1.0,1.0,2,2026-07-30,1.65,-2
2026-07-28T12:54:08,2026-07-28,RMD,HOLD,0,VWAP Trend,LOW,0,31.15,203.08,6.94,0.0,10.41,0.0,0.0,2026-08-07,-0.24,-0.34,50.0,0.95,-10.89,23.68,-14.13,10.1,8,2026-04-08 to 2026-07-27 (75 days),-1.0,53.1,0.4695,198.82,232.87,BEARISH,HIGH,Last surprise: +2.1%,3.99,-1.0,1.0,9,2026-08-06,2.14,0
2026-07-28T12:53:18,2026-07-28,FDS,HOLD,0,Stochastic Oscillator,HIGH,4,31.12,265.9,9.11,0.0,13.66,0.0,0.0,2026-08-20,1.56,3.55,100.0,147.98,54.56,-30.63,-6.35,23.0,1,2026-04-08 to 2026-07-27 (75 days),-1.0,60.3,0.6783,239.18,246.18,BEARISH,HIGH,Last surprise: +1.8%,2.76,-1.0,1.0,51,2026-09-17,1.8,0
2026-07-28T12:54:16,2026-07-28,SWKS,HOLD,0,MACD Crossover,LOW,0,31.08,63.44,8.42,0.0,12.63,0.0,0.0,2026-08-09,0.38,0.61,100.0,24.96,7.69,-44.75,-13.67,12.0,2,2026-04-08 to 2026-07-27 (75 days),-1.0,49.5,0.4679,69.16,63.9,BULLISH,HIGH,EARNINGS TODAY (2026-07-28); Last surprise: +10.6%; Earnings conf adj: -3,4.01,-1.0,1.0,0,2026-07-28,10.58,-3
2026-07-28T12:54:18,2026-07-28,TDY,HOLD,0,Composite Multi-Indicator,MEDIUM,3,31.07,651.65,5.29,0.0,13.22,0.0,0.0,2026-11-07,0.43,0.65,100.0,23.99,8.03,12.43,-8.43,102.0,1,2026-04-08 to 2026-07-27 (75 days),-1.0,58.7,0.2564,627.53,596.99,BULLISH,MEDIUM,Strong trend (ADX=30); Last surprise: +8.5%; Earnings conf adj: +1,7.31,-1.0,1.0,85,2026-10-21,8.46,1
2026-07-28T12:53:13,2026-07-28,EOG,HOLD,0,VWAP Trend,HIGH,5,31.04,140.31,4.1,0.0,3.53,0.0,0.0,2026-07-30,2.46,5.92,71.4,3.84,25.02,16.45,-2.79,2.0,7,2026-04-08 to 2026-07-27 (75 days),-1.0,55.7,0.3172,135.91,121.24,BULLISH,MEDIUM,Strong trend (ADX=39); Last surprise: +6.2%; Earnings conf adj: +1,5.91,-1.0,1.0,7,2026-08-04,6.23,1
2026-07-28T12:55:39,2026-07-28,CHDN,HOLD,0,ADX Trend Following,LOW,0,31.01,88.17,4.89,0.0,7.33,0.0,0.0,2026-08-20,0.18,0.3,66.7,1.11,0.15,1.34,-18.49,23.3,3,2026-04-08 to 2026-07-27 (75 days),-1.0,55.4,0.3868,86.68,95.24,BEARISH,MEDIUM,Earnings in 1d (2026-07-29); Earnings conf adj: -2,4.85,-1.0,1.0,1,2026-07-29,,-2
2026-07-28T12:55:34,2026-07-28,ST,HOLD,0,Stochastic Oscillator,LOW,1,30.92,46.39,5.03,0.0,7.54,0.0,0.0,2026-08-17,0.88,1.86,100.0,46.41,9.75,-100.81,-2.63,20.0,1,2026-04-08 to 2026-07-27 (75 days),-1.0,50.8,0.352,47.99,38.14,BULLISH,MEDIUM,Earnings in 1d (2026-07-29); Earnings conf adj: -2,5.33,-1.0,1.0,1,2026-07-29,,-2
2026-07-28T12:55:35,2026-07-28,CROX,EXIT,-1,MACD Crossover,MEDIUM,2,30.91,134.54,6.76,143.63,13.52,116.35,7.1,2026-08-17,1.48,2.52,100.0,90.66,33.66,-170.16,-4.64,20.0,2,2026-04-08 to 2026-07-27 (75 days),-1.0,59.2,0.4455,121.69,96.21,BULLISH,HIGH,Earnings in 2d (2026-07-30); Earnings conf adj: -2; Size: Kelly 10.0% / VolTgt 4.2% / Blend 7.1%,4.21,-1.0,1.0,2,2026-07-30,,-2
2026-07-28T12:53:57,2026-07-28,NWS,HOLD,0,Stochastic Oscillator,HIGH,4,30.89,30.92,4.32,0.0,6.48,0.0,0.0,2026-08-11,1.18,2.97,100.0,54.03,13.64,-15.24,-2.53,14.0,1,2026-04-08 to 2026-07-27 (75 days),-1.0,52.3,0.364,30.16,29.29,BULLISH,MEDIUM,Strong trend (ADX=33); Last surprise: +5.0%,5.15,-1.0,1.0,8,2026-08-05,5.0,0
2026-07-28T12:55:40,2026-07-28,NJR,HOLD,0,EMA Crossover (9/21),HIGH,4,30.89,59.52,3.19,0.0,9.62,0.0,0.0,2026-08-30,1.54,2.59,100.0,51.33,17.76,-1.02,-2.73,33.0,1,2026-04-08 to 2026-07-27 (75 days),-1.0,62.5,0.2126,56.52,51.2,BULLISH,MEDIUM,Strong trend (ADX=37),8.82,-1.0,1.0,6,2026-08-03,,0
2026-07-28T12:55:05,2026-07-28,ARWR,HOLD,0,Stochastic Oscillator,HIGH,5,30.86,85.53,11.83,0.0,17.75,0.0,0.0,2026-08-08,1.71,7.81,100.0,197.32,78.35,-85.03,-3.67,11.0,1,2026-04-08 to 2026-07-27 (75 days),-1.0,59.4,0.8557,77.81,63.95,BULLISH,HIGH,Strong trend (ADX=45); Last surprise: +16.2%; Earnings conf adj: +1,2.19,-1.0,1.0,7,2026-08-04,16.22,1
2026-07-28T12:55:18,2026-07-28,BRX,BUY,1,52-Week High Momentum,HIGH,4,30.86,32.35,2.72,31.47,8.16,34.99,9.66,2026-11-14,1.86,2.97,100.0,103.91,39.51,-4.23,-5.59,109.0,1,2026-04-08 to 2026-07-27 (75 days),0.103,58.5,0.2009,31.04,28.15,BULLISH,MEDIUM,Size: Kelly 10.0% / VolTgt 9.3% / Blend 9.7%,9.33,-1.0,1.0,90,2026-10-26,,0
2026-07-28T12:55:20,2026-07-28,DAR,HOLD,0,Stochastic Oscillator,LOW,0,30.84,60.53,4.94,0.0,7.41,0.0,0.0,2026-09-09,0.4,0.69,100.0,27.14,5.88,18.85,-14.7,43.0,1,2026-04-08 to 2026-07-27 (75 days),-1.0,51.6,0.3498,58.81,48.91,BULLISH,MEDIUM,Strong trend (ADX=42); Earnings in 2d (2026-07-30); Earnings conf adj: -2,5.36,-1.0,1.0,2,2026-07-30,,-2
2026-07-28T12:53:13,2026-07-28,EQIX,HOLD,0,Stochastic Oscillator,MEDIUM,2,30.79,1046.79,3.62,0.0,5.43,0.0,0.0,2026-08-16,1.11,1.87,100.0,29.34,8.11,-3.84,-4.0,19.0,1,2026-04-08 to 2026-07-27 (75 days),-1.0,52.2,0.2473,1056.42,919.08,BULLISH,MEDIUM,Earnings in 1d (2026-07-29); Last surprise: -3.7%; Earnings conf adj: -2,7.58,-1.0,1.0,1,2026-07-29,-3.7,-2
2026-07-28T12:53:19,2026-07-28,FIS,HOLD,0,Stochastic Oscillator,MEDIUM,3,30.79,43.16,7.61,0.0,11.42,0.0,0.0,2026-09-21,0.18,0.26,100.0,10.42,1.5,23.8,-12.54,55.0,1,2026-04-08 to 2026-07-27 (75 days),-1.0,58.4,0.4583,40.77,52.23,BEARISH,HIGH,Last surprise: +5.4%; Earnings conf adj: +1,4.09,-1.0,1.0,7,2026-08-04,5.43,1
2026-07-28T12:56:03,2026-07-28,XLV,HOLD,0,52-Week High Momentum,HIGH,4,30.78,163.4,2.51,0.0,7.53,0.0,0.0,2026-09-18,1.42,2.56,100.0,71.61,19.41,-17.46,-4.01,52.0,1,2026-04-08 to 2026-07-27 (75 days),-1.0,61.6,0.2208,154.17,150.81,BULLISH,MEDIUM,No special conditions,8.49,-1.0,1.0,-1,,,0
2026-07-28T12:55:19,2026-07-28,OSK,HOLD,0,Composite Multi-Indicator,LOW,1,30.75,154.95,4.96,0.0,7.44,0.0,0.0,2026-10-16,1.4,2.1,100.0,127.07,49.73,51.78,-13.76,80.0,1,2026-04-08 to 2026-07-27 (75 days),-1.0,65.8,0.3244,137.7,141.35,BEARISH,MEDIUM,High volume; EARNINGS TODAY (2026-07-28); Earnings conf adj: -3,5.78,-1.0,1.0,0,2026-07-28,,-3
2026-07-28T12:55:12,2026-07-28,ORI,HOLD,0,Composite Multi-Indicator,HIGH,4,30.73,43.07,3.35,0.0,5.03,0.0,0.0,2026-10-31,1.46,2.48,100.0,87.67,32.66,14.3,-9.23,95.0,1,2026-04-08 to 2026-07-27 (75 days),-1.0,64.1,0.2763,39.72,40.18,BEARISH,MEDIUM,Price at statistical extreme; Last surprise: -3.8%,6.79,-1.0,1.0,86,2026-10-22,-3.8,0
2026-07-28T12:54:03,2026-07-28,PLTR,HOLD,0,Stochastic Oscillator,HIGH,5,30.72,131.53,10.46,0.0,15.69,0.0,0.0,2026-09-04,1.26,1.96,100.0,155.78,63.01,83.63,-20.78,38.5,2,2026-04-08 to 2026-07-27 (75 days),-1.0,52.0,0.5209,131.79,154.34,BEARISH,HIGH,Last surprise: +17.9%; Earnings conf adj: +1,3.6,-1.0,1.0,6,2026-08-03,17.86,1
2026-07-28T12:55:13,2026-07-28,MOH,HOLD,0,PEAD Earnings Drift,HIGH,5,30.7,199.48,12.0,0.0,37.17,0.0,0.0,2026-10-22,2.11,3.97,100.0,236.25,105.05,-74.19,-12.07,86.0,1,2026-04-08 to 2026-07-27 (75 days),-1.0,36.4,0.509,205.37,172.71,BULLISH,HIGH,Price at statistical extreme; Strong trend (ADX=44); Last surprise: +7.9%; Earnings conf adj: +1,3.68,-1.0,1.0,85,2026-10-21,7.86,1
2026-07-28T12:53:38,2026-07-28,JCI,HOLD,0,Multi-Factor Momentum MR,MEDIUM,2,30.67,143.39,4.5,0.0,9.0,0.0,0.0,2026-08-26,0.62,1.04,100.0,30.6,10.41,-1.81,-7.67,29.0,1,2026-04-08 to 2026-07-27 (75 days),-1.0,52.4,0.2988,141.78,129.31,BULLISH,MEDIUM,Earnings in 1d (2026-07-29); Last surprise: +6.2%; Earnings conf adj: -1,6.27,-1.0,1.0,1,2026-07-29,6.25,-1
2026-07-28T12:55:28,2026-07-28,AVAV,HOLD,0,Stochastic Oscillator,HIGH,4,30.63,154.24,11.9,0.0,17.85,0.0,0.0,2026-08-27,1.37,2.84,100.0,230.75,102.04,150.08,-26.02,30.0,2,2026-04-08 to 2026-07-27 (75 days),-1.0,48.8,1.0089,165.88,242.2,BEARISH,HIGH,No special conditions,1.86,-1.0,1.0,36,2026-09-02,,0
2026-07-28T12:55:59,2026-07-28,VC,HOLD,0,Stochastic Oscillator,HIGH,4,30.58,105.54,7.51,0.0,11.27,0.0,0.0,2026-08-23,1.04,1.93,100.0,64.85,20.93,-13.71,-7.18,26.0,1,2026-04-08 to 2026-07-27 (75 days),-1.0,48.9,0.5842,110.87,102.54,BULLISH,HIGH,No special conditions,3.21,-1.0,1.0,86,2026-10-22,,0
2026-07-28T12:54:08,2026-07-28,REG,BUY,1,52-Week High Momentum,MEDIUM,3,30.55,82.34,2.53,80.26,5.06,86.51,9.67,2026-11-14,1.21,1.9,100.0,59.85,21.46,-3.46,-6.27,109.0,1,2026-04-08 to 2026-07-27 (75 days),0.337,59.9,0.2008,78.9,73.81,BULLISH,MEDIUM,Earnings in 1d (2026-07-29); Last surprise: +9.7%; Earnings conf adj: -1; Size: Kelly 10.0% / VolTgt 9.3% / Blend 9.7%,9.34,-1.0,1.0,1,2026-07-29,9.68,-1
2026-07-28T12:55:20,2026-07-28,GME,BUY,1,Stochastic Oscillator,MEDIUM,2,30.5,21.52,3.32,20.81,4.98,22.59,8.75,2026-09-16,0.25,0.42,100.0,12.24,3.16,22.36,-7.23,50.0,1,2026-04-08 to 2026-07-27 (75 days),0.071,44.2,0.2497,21.87,22.71,BEARISH,MEDIUM,Size: Kelly 10.0% / VolTgt 7.5% / Blend 8.8%,7.51,-1.0,1.0,42,2026-09-08,,0
2026-07-28T12:54:22,2026-07-28,TSN,HOLD,0,MACD Crossover,HIGH,4,30.49,60.71,3.26,0.0,9.21,0.0,0.0,2026-08-12,0.71,1.48,66.7,2.33,10.76,27.7,-4.64,15.7,3,2026-04-08 to 2026-07-27 (75 days),-1.0,63.3,0.2951,59.37,59.04,BULLISH,MEDIUM,High volume; Price at statistical extreme; Last surprise: +11.5%; Earnings conf adj: +1,6.35,-1.0,1.0,6,2026-08-03,11.54,1
2026-07-28T12:55:34,2026-07-28,MSA,HOLD,0,Stochastic Oscillator,MEDIUM,2,30.47,175.63,3.29,0.0,4.94,0.0,0.0,2026-09-23,1.11,1.69,100.0,58.67,20.18,10.22,-10.26,57.0,1,2026-04-08 to 2026-07-27 (75 days),-1.0,61.9,0.2098,167.59,170.13,BEARISH,MEDIUM,Price at statistical extreme; Earnings in 2d (2026-07-30); Earnings conf adj: -2,8.94,-1.0,1.0,2,2026-07-30,,-2
2026-07-28T12:53:08,2026-07-28,DOC,BUY,1,52-Week High Momentum,HIGH,5,30.46,22.52,2.9,21.87,10.15,24.81,9.68,2026-10-17,2.36,4.0,100.0,161.51,57.07,-141.2,-5.77,81.0,1,2026-04-08 to 2026-07-27 (75 days),0.579,65.9,0.2004,20.56,17.67,BULLISH,MEDIUM,Strong trend (ADX=50); Last surprise: +366.7%; Earnings conf adj: +1; Size: Kelly 10.0% / VolTgt 9.4% / Blend 9.7%,9.36,-1.0,1.0,7,2026-08-04,366.67,1
2026-07-28T12:53:10,2026-07-28,DUK,BUY,1,PEAD Earnings Drift,HIGH,4,30.46,128.83,2.79,125.24,9.77,141.42,9.22,2026-10-16,1.0,1.45,100.0,45.49,15.94,20.16,-4.6,80.0,1,2026-04-08 to 2026-07-27 (75 days),0.452,57.7,0.2221,125.03,123.21,BULLISH,MEDIUM,Strong trend (ADX=30); Last surprise: +7.2%; Earnings conf adj: +1; Size: Kelly 10.0% / VolTgt 8.4% / Blend 9.2%,8.44,-1.0,1.0,7,2026-08-04,7.22,1
2026-07-28T12:52:48,2026-07-28,BKNG,HOLD,0,Composite Multi-Indicator,HIGH,5,30.42,186.79,7.04,0.0,10.56,0.0,0.0,2026-09-01,1.49,3.1,100.0,112.37,43.21,30.94,-6.38,35.0,1,2026-04-08 to 2026-07-27 (75 days),-1.0,59.6,0.4369,170.97,185.11,BEARISH,HIGH,Last surprise: +5.6%; Earnings conf adj: +1,4.29,-1.0,1.0,7,2026-08-04,5.56,1
2026-07-28T12:54:21,2026-07-28,TROW,HOLD,0,Momentum (Rate of Change),MEDIUM,3,30.34,119.21,3.7,0.0,7.4,0.0,0.0,2026-11-09,3.62,6.48,100.0,257.77,117.5,-35.95,-5.42,104.0,1,2026-04-08 to 2026-07-27 (75 days),-1.0,61.2,0.3303,109.24,100.09,BULLISH,MEDIUM,Earnings in 3d (2026-07-31); Last surprise: +7.2%; Earnings conf adj: -1,5.68,-1.0,1.0,3,2026-07-31,7.23,-1
2026-07-28T12:53:15,2026-07-28,ESS,BUY,1,PEAD Earnings Drift,MEDIUM,3,30.27,290.68,2.72,282.77,5.44,306.49,9.62,2026-10-23,2.35,3.86,100.0,112.52,43.24,-24.55,-4.11,87.0,1,2026-04-08 to 2026-07-27 (75 days),0.397,51.6,0.2027,282.93,258.41,BULLISH,MEDIUM,Earnings in 1d (2026-07-29); Last surprise: +15.4%; Earnings conf adj: -1; Size: Kelly 10.0% / VolTgt 9.2% / Blend 9.6%,9.25,-1.0,1.0,1,2026-07-29,15.38,-1
2026-07-28T12:54:19,2026-07-28,TFC,HOLD,0,Composite Multi-Indicator,HIGH,5,30.2,52.12,3.53,0.0,10.59,0.0,0.0,2026-09-07,1.42,2.1,100.0,59.86,21.46,-3.89,-4.23,41.0,1,2026-04-08 to 2026-07-27 (75 days),-1.0,56.4,0.2545,49.68,47.89,BULLISH,MEDIUM,Last surprise: +13.9%; Earnings conf adj: +1,7.37,-1.0,1.0,80,2026-10-16,13.89,1
2026-07-28T12:52:40,2026-07-28,AOS,HOLD,0,Composite Multi-Indicator,LOW,1,30.17,62.44,4.2,0.0,6.3,0.0,0.0,2026-09-21,1.54,2.47,100.0,99.07,37.46,56.32,-6.31,55.0,1,2026-04-08 to 2026-07-27 (75 days),-1.0,60.3,0.2954,58.94,65.62,BEARISH,MEDIUM,Earnings in 2d (2026-07-30); Last surprise: -9.6%; Earnings conf adj: -3,6.35,-1.0,1.0,2,2026-07-30,-9.57,-3
2026-07-28T12:56:02,2026-07-28,XLE,HOLD,0,EMA Crossover (9/21),LOW,0,30.17,58.36,2.33,0.0,4.66,0.0,0.0,2026-08-06,-1.57,-1.83,50.0,0.42,-20.57,-24.92,-11.0,9.0,4,2026-04-08 to 2026-07-27 (75 days),-1.0,60.8,0.2,56.51,51.63,BULLISH,LOW,Strong trend (ADX=44),7.0,-1.0,1.0,-1,,,0
2026-07-28T12:54:40,2026-07-28,ROKU,HOLD,0,MACD Crossover,MEDIUM,2,30.14,142.92,1.5,0.0,3.64,0.0,0.0,2026-08-08,-0.08,-0.11,100.0,0.66,-0.79,-227.07,-2.53,11.5,2,2026-04-08 to 2026-07-27 (75 days),-1.0,59.8,0.1363,133.81,110.01,BULLISH,LOW,Strong trend (ADX=38); Last surprise: +62.9%; Earnings conf adj: +1,10.0,-1.0,1.0,9,2026-08-06,62.86,1
2026-07-28T12:52:52,2026-07-28,CB,HOLD,0,Composite Multi-Indicator,HIGH,5,30.12,358.91,3.72,0.0,11.16,0.0,0.0,2026-11-03,1.38,2.26,100.0,90.03,33.63,2.7,-6.94,98.0,1,2026-04-08 to 2026-07-27 (75 days),-1.0,59.7,0.3272,334.04,315.44,BULLISH,MEDIUM,Last surprise: +7.6%; Earnings conf adj: +1,5.73,-1.0,1.0,91,2026-10-27,7.56,1
2026-07-28T12:55:50,2026-07-28,KRC,HOLD,0,VWAP Trend,HIGH,4,30.1,39.41,3.78,0.0,4.46,0.0,0.0,2026-08-02,1.78,3.29,66.7,9.04,34.07,-188.5,-3.58,5.0,6,2026-04-08 to 2026-07-27 (75 days),-1.0,58.3,0.2535,36.87,35.08,BULLISH,MEDIUM,No special conditions,7.4,-1.0,1.0,90,2026-10-26,,0
2026-07-28T12:53:46,2026-07-28,MCK,HOLD,0,Composite Multi-Indicator,MEDIUM,2,30.08,850.06,4.11,0.0,6.17,0.0,0.0,2026-11-01,0.43,0.61,100.0,25.25,8.5,16.17,-13.27,96.0,1,2026-04-08 to 2026-07-27 (75 days),-1.0,64.1,0.3289,778.7,831.91,BEARISH,MEDIUM,Last surprise: +1.0%,5.7,-1.0,1.0,8,2026-08-05,1.04,0
2026-07-28T12:54:39,2026-07-28,OKTA,HOLD,0,MACD Crossover,HIGH,5,30.06,137.43,12.0,0.0,29.65,0.0,0.0,2026-09-01,2.42,6.37,100.0,552.41,369.36,-281.09,-18.06,35.5,2,2026-04-08 to 2026-07-27 (75 days),-1.0,52.1,0.632,121.98,92.8,BULLISH,HIGH,Strong trend (ADX=31); Last surprise: +7.1%; Earnings conf adj: +1,2.97,-1.0,1.0,28,2026-08-25,7.06,1
2026-07-28T12:54:44,2026-07-28,EWBC,BUY,1,52-Week High Momentum,HIGH,4,30.04,129.89,3.09,125.88,9.27,141.93,9.52,2026-11-08,1.91,3.24,100.0,113.04,43.46,-13.09,-5.27,103.0,1,2026-04-08 to 2026-07-27 (75 days),0.71,48.2,0.2074,127.74,114.65,BULLISH,MEDIUM,Last surprise: +0.4%; Size: Kelly 10.0% / VolTgt 9.0% / Blend 9.5%,9.04,-1.0,1.0,84,2026-10-20,0.38,0
2026-07-28T12:54:05,2026-07-28,PSA,HOLD,0,Stochastic Oscillator,MEDIUM,2,29.98,324.02,3.46,0.0,4.16,0.0,0.0,2026-08-01,1.1,9.24,100.0,27.6,5.68,-44.89,-1.09,4.0,1,2026-04-08 to 2026-07-27 (75 days),-1.0,55.8,0.2639,312.98,288.66,BULLISH,MEDIUM,Earnings in 1d (2026-07-29); Last surprise: +2.1%; Earnings conf adj: -2,7.11,-1.0,1.0,1,2026-07-29,2.07,-2
2026-07-28T12:54:01,2026-07-28,PG,HOLD,0,Stochastic Oscillator,MEDIUM,2,29.97,148.63,3.3,0.0,4.95,0.0,0.0,2026-08-21,1.49,3.03,100.0,57.81,19.84,5.11,-4.95,24.0,1,2026-04-08 to 2026-07-27 (75 days),-1.0,52.7,0.2419,145.85,145.86,BEARISH,MEDIUM,Earnings in 1d (2026-07-29); Last surprise: +1.9%; Earnings conf adj: -2,7.75,-1.0,1.0,1,2026-07-29,1.92,-2
2026-07-28T12:55:35,2026-07-28,FNB,HOLD,0,EMA Crossover (9/21),HIGH,4,29.93,18.84,3.3,0.0,9.9,0.0,0.0,2026-09-15,1.47,2.16,100.0,62.81,22.19,-6.15,-5.25,49.0,1,2026-04-08 to 2026-07-27 (75 days),-1.0,51.3,0.2229,18.26,17.12,BULLISH,MEDIUM,No special conditions,8.41,-1.0,1.0,79,2026-10-15,,0
2026-07-28T12:53:07,2026-07-28,DIS,BUY,1,VWAP Trend,MEDIUM,2,29.88,96.65,3.37,93.39,5.05,101.53,8.14,2026-08-07,0.48,0.93,60.0,1.86,8.66,14.67,-7.37,10.2,5,2026-04-08 to 2026-07-27 (75 days),0.452,47.8,0.298,99.35,104.14,BEARISH,MEDIUM,Last surprise: +4.7%; Size: Kelly 10.0% / VolTgt 6.3% / Blend 8.1%,6.29,-1.0,1.0,8,2026-08-05,4.67,0
2026-07-28T12:54:59,2026-07-28,ELS,HOLD,0,Composite Multi-Indicator,HIGH,4,29.88,65.05,3.16,0.0,9.48,0.0,0.0,2026-11-01,0.85,1.37,100.0,43.51,15.19,5.04,-4.38,96.0,1,2026-04-08 to 2026-07-27 (75 days),-1.0,53.5,0.2502,63.21,62.46,BULLISH,MEDIUM,Last surprise: +9.1%; Earnings conf adj: +1,7.49,-1.0,1.0,85,2026-10-21,9.09,1
2026-07-28T12:55:37,2026-07-28,GBCI,HOLD,0,ADX Trend Following,HIGH,4,29.87,49.0,3.96,0.0,11.16,0.0,0.0,2026-08-18,1.14,1.7,75.0,4.82,26.59,11.86,-10.2,21.0,4,2026-04-08 to 2026-07-27 (75 days),-1.0,40.8,0.3093,49.26,46.32,BULLISH,MEDIUM,Price at statistical extreme,6.06,-1.0,1.0,79,2026-10-15,,0
2026-07-28T12:55:12,2026-07-28,AM,HOLD,0,Stochastic Oscillator,MEDIUM,2,29.84,21.97,3.67,0.0,5.5,0.0,0.0,2026-08-19,1.67,2.73,100.0,70.88,23.81,27.87,-4.11,22.0,2,2026-04-08 to 2026-07-27 (75 days),-1.0,44.7,0.2711,22.03,20.09,BULLISH,MEDIUM,Price at statistical extreme; Earnings in 1d (2026-07-29); Last surprise: -3.3%; Earnings conf adj: -2,6.92,-1.0,1.0,1,2026-07-29,-3.33,-2
2026-07-28T12:52:55,2026-07-28,CI,HOLD,0,Composite Multi-Indicator,LOW,1,29.82,291.02,4.63,0.0,6.95,0.0,0.0,2026-11-01,0.9,1.35,100.0,64.55,23.3,3.47,-9.97,96.0,1,2026-04-08 to 2026-07-27 (75 days),-1.0,52.9,0.3255,286.1,277.82,BULLISH,MEDIUM,Earnings in 2d (2026-07-30); Last surprise: +2.4%; Earnings conf adj: -2,5.76,-1.0,1.0,2,2026-07-30,2.37,-2
2026-07-28T12:55:55,2026-07-28,YETI,HOLD,0,Momentum (Rate of Change),HIGH,4,29.81,50.92,5.53,0.0,16.59,0.0,0.0,2026-11-08,2.42,4.58,100.0,318.85,155.57,-25.04,-9.73,103.0,1,2026-04-08 to 2026-07-27 (75 days),-1.0,57.0,0.3499,47.89,42.69,BULLISH,MEDIUM,No special conditions,5.36,-1.0,1.0,16,2026-08-13,,0
2026-07-28T12:53:06,2026-07-28,DHR,HOLD,0,Composite Multi-Indicator,MEDIUM,2,29.79,196.5,7.88,0.0,11.82,0.0,0.0,2026-11-02,0.28,0.39,100.0,11.17,3.51,2.26,-16.86,97.0,1,2026-04-08 to 2026-07-27 (75 days),-1.0,54.3,0.5416,184.36,203.21,BEARISH,HIGH,Strong trend (ADX=37); Last surprise: +4.9%,3.46,-1.0,1.0,84,2026-10-20,4.86,0
2026-07-28T12:54:56,2026-07-28,CSL,HOLD,0,Stochastic Oscillator,LOW,0,29.76,340.66,7.64,0.0,11.46,0.0,0.0,2026-08-30,0.35,0.5,100.0,20.26,6.37,8.39,-12.71,33.5,2,2026-04-08 to 2026-07-27 (75 days),-1.0,48.4,0.418,345.78,344.26,BULLISH,HIGH,Earnings in 1d (2026-07-29); Last surprise: +8.7%; Earnings conf adj: -2,4.49,-1.0,1.0,1,2026-07-29,8.68,-2
2026-07-28T12:53:50,2026-07-28,MO,HOLD,0,Stochastic Oscillator,MEDIUM,3,29.72,72.89,3.61,0.0,5.42,0.0,0.0,2026-08-29,2.91,5.64,100.0,203.48,88.11,46.53,-5.25,32.0,2,2026-04-08 to 2026-07-27 (75 days),-1.0,53.8,0.2508,71.45,63.72,BULLISH,MEDIUM,Earnings in 2d (2026-07-30); Last surprise: +5.6%; Earnings conf adj: -1,7.48,-1.0,1.0,2,2026-07-30,5.6,-1
2026-07-28T12:55:42,2026-07-28,MTDR,HOLD,0,ADX Trend Following,LOW,1,29.69,47.17,8.75,0.0,6.89,0.0,0.0,2026-07-31,-1.12,-1.31,60.0,0.47,-18.91,36.85,-9.91,3.4,5,2026-04-08 to 2026-07-27 (75 days),-1.0,33.9,0.4746,53.4,49.42,BULLISH,HIGH,High volume; Price at statistical extreme,3.95,-1.0,1.0,8,2026-08-05,,0
2026-07-28T12:55:23,2026-07-28,CHWY,HOLD,0,EMA Crossover (9/21),MEDIUM,3,29.63,21.8,9.33,0.0,14.0,0.0,0.0,2026-08-17,0.86,1.49,100.0,50.62,17.51,65.81,-6.96,20.0,1,2026-04-08 to 2026-07-27 (75 days),-1.0,56.8,0.4895,20.39,27.67,BEARISH,HIGH,Strong trend (ADX=33),3.83,-1.0,1.0,36,2026-09-02,,0
2026-07-28T12:53:45,2026-07-28,LYV,HOLD,0,Composite Multi-Indicator,LOW,1,29.62,179.4,3.4,0.0,5.1,0.0,0.0,2026-11-07,1.62,2.93,100.0,116.13,44.84,7.84,-6.42,102.0,1,2026-04-08 to 2026-07-27 (75 days),-1.0,53.5,0.2109,173.23,155.42,BULLISH,MEDIUM,Earnings in 2d (2026-07-30); Last surprise: -478.1%; Earnings conf adj: -3,7.0,-1.0,1.0,2,2026-07-30,-478.12,-3
2026-07-28T12:53:46,2026-07-28,MAS,HOLD,0,Momentum (Rate of Change),MEDIUM,2,29.62,81.16,4.49,0.0,8.98,0.0,0.0,2026-11-08,2.4,4.4,100.0,289.94,137.02,-14.08,-14.5,103.0,1,2026-04-08 to 2026-07-27 (75 days),-1.0,60.6,0.3399,73.91,67.88,BULLISH,MEDIUM,Earnings in 1d (2026-07-29); Last surprise: +18.2%; Earnings conf adj: -2,5.52,-1.0,1.0,1,2026-07-29,18.18,-2
2026-07-28T12:54:00,2026-07-28,PEP,HOLD,0,VWAP Trend,LOW,1,29.58,139.79,3.99,0.0,4.77,0.0,0.0,2026-07-31,-0.48,-0.77,63.6,0.85,-6.76,20.02,-5.94,3.4,11,2026-04-08 to 2026-07-27 (75 days),-1.0,50.8,0.3285,141.89,147.56,BEARISH,MEDIUM,Last surprise: -0.5%,5.71,-1.0,1.0,72,2026-10-08,-0.45,0
2026-07-28T12:55:20,2026-07-28,AMG,HOLD,0,ADX Trend Following,MEDIUM,2,29.56,363.8,7.63,0.0,19.05,0.0,0.0,2026-09-02,1.03,1.43,100.0,79.4,28.39,-97.25,-10.28,36.0,2,2026-04-08 to 2026-07-27 (75 days),-1.0,56.4,0.4032,337.2,296.47,BULLISH,HIGH,Strong trend (ADX=34); Earnings in 2d (2026-07-30); Earnings conf adj: -2,4.65,-1.0,1.0,2,2026-07-30,,-2
2026-07-28T12:53:17,2026-07-28,EXPD,BUY,1,PEAD Earnings Drift,HIGH,5,29.53,171.34,3.48,165.38,12.18,192.21,8.55,2026-10-16,1.83,2.85,100.0,98.13,37.02,-35.97,-6.37,80.0,1,2026-04-08 to 2026-07-27 (75 days),0.615,51.0,0.2642,164.77,149.4,BULLISH,MEDIUM,Strong trend (ADX=34); Last surprise: +27.6%; Earnings conf adj: +1; Size: Kelly 10.0% / VolTgt 7.1% / Blend 8.6%,7.1,-1.0,1.0,7,2026-08-04,27.61,1
2026-07-28T12:55:47,2026-07-28,ELF,HOLD,0,VWAP Trend,LOW,1,29.51,84.01,10.22,0.0,15.33,0.0,0.0,2026-08-08,0.87,1.35,50.0,1.48,38.67,-146.3,-34.92,11.4,8,2026-04-08 to 2026-07-27 (75 days),-1.0,67.9,0.6492,64.51,78.92,BEARISH,HIGH,Price at statistical extreme; Strong trend (ADX=33),2.89,-1.0,1.0,8,2026-08-05,,0
2026-07-28T12:55:48,2026-07-28,SR,HOLD,0,EMA Crossover (9/21),MEDIUM,3,29.5,82.44,3.32,0.0,4.98,0.0,0.0,2026-08-10,0.55,1.03,100.0,11.9,3.4,36.91,-1.73,13.0,1,2026-04-08 to 2026-07-27 (75 days),-1.0,56.1,0.2526,81.08,84.56,BEARISH,MEDIUM,Strong trend (ADX=33),7.42,-1.0,1.0,8,2026-08-05,,0
2026-07-28T12:54:12,2026-07-28,SNA,HOLD,0,Composite Multi-Indicator,HIGH,4,29.49,407.42,3.47,0.0,10.41,0.0,0.0,2026-10-21,1.03,1.44,100.0,57.98,20.72,-8.31,-8.05,85.0,1,2026-04-08 to 2026-07-27 (75 days),-1.0,56.0,0.2295,387.74,363.82,BULLISH,MEDIUM,Last surprise: +0.2%,8.17,-1.0,1.0,79,2026-10-15,0.2,0
2026-07-28T12:54:38,2026-07-28,NVT,EXIT,-1,MACD Crossover,MEDIUM,3,29.49,149.29,10.35,164.74,14.74,127.28,6.88,2026-08-11,2.64,5.54,66.7,250.95,113.99,39.41,-9.67,14.0,3,2026-04-08 to 2026-07-27 (75 days),-1.0,40.4,0.5004,163.88,127.18,BULLISH,HIGH,Earnings in 3d (2026-07-31); Last surprise: +16.0%; Earnings conf adj: -1; Size: Kelly 10.0% / VolTgt 3.8% / Blend 6.9%,3.75,-1.0,1.0,3,2026-07-31,15.96,-1
2026-07-28T12:55:25,2026-07-28,TTEK,HOLD,0,Momentum (Rate of Change),MEDIUM,2,29.42,31.89,4.22,0.0,6.33,0.0,0.0,2026-09-21,2.54,4.87,100.0,174.45,66.49,54.63,-4.75,55.0,1,2026-04-08 to 2026-07-27 (75 days),-1.0,62.7,0.2959,28.85,32.56,BEARISH,MEDIUM,Earnings in 1d (2026-07-29); Earnings conf adj: -2,6.34,-1.0,1.0,1,2026-07-29,,-2
2026-07-28T12:55:41,2026-07-28,POR,HOLD,0,Composite Multi-Indicator,LOW,1,29.38,51.23,2.36,0.0,4.72,0.0,0.0,2026-09-01,0.94,1.53,100.0,30.64,10.43,22.27,-3.58,35.0,1,2026-04-08 to 2026-07-27 (75 days),-1.0,45.9,0.195,50.58,49.19,BULLISH,LOW,Price at statistical extreme; Strong trend (ADX=32); Earnings in 3d (2026-07-31); Earnings conf adj: -2,7.0,-1.0,1.0,3,2026-07-31,,-2
2026-07-28T12:55:48,2026-07-28,FCN,HOLD,0,EMA Crossover (9/21),LOW,1,29.34,161.88,4.42,0.0,6.63,0.0,0.0,2026-08-16,0.96,1.54,100.0,34.24,11.38,43.3,-5.57,19.0,1,2026-04-08 to 2026-07-27 (75 days),-1.0,57.1,0.3746,154.09,165.73,BEARISH,MEDIUM,Earnings in 2d (2026-07-30); Earnings conf adj: -2,5.0,-1.0,1.0,2,2026-07-30,,-2
2026-07-28T12:52:54,2026-07-28,CF,HOLD,0,Donchian Breakout (20/55),HIGH,5,29.32,119.78,5.69,0.0,11.88,0.0,0.0,2026-08-15,1.06,1.56,100.0,49.52,17.05,32.08,-6.04,18.0,1,2026-04-08 to 2026-07-27 (75 days),-1.0,54.3,0.3556,114.85,101.64,BULLISH,MEDIUM,Strong trend (ADX=39); Last surprise: +45.8%; Earnings conf adj: +1,5.27,-1.0,1.0,8,2026-08-05,45.79,1
2026-07-28T12:54:40,2026-07-28,SN,BUY,1,52-Week High Momentum,HIGH,5,29.29,153.19,5.29,145.09,18.52,181.56,7.73,2026-09-13,1.97,4.13,100.0,193.74,60.51,-130.81,-5.63,47.0,1,2026-04-08 to 2026-07-27 (75 days),0.155,61.4,0.3436,133.68,115.16,BULLISH,MEDIUM,Strong trend (ADX=32); Last surprise: +6.9%; Earnings conf adj: +1; Size: Kelly 10.0% / VolTgt 5.5% / Blend 7.7%,5.46,-1.0,1.0,8,2026-08-05,6.86,1
2026-07-28T12:55:45,2026-07-28,BC,HOLD,0,Stochastic Oscillator,LOW,1,29.26,80.65,5.27,0.0,7.9,0.0,0.0,2026-08-14,0.77,1.24,100.0,34.3,9.15,-10.12,-3.46,17.0,1,2026-04-08 to 2026-07-27 (75 days),-1.0,50.7,0.35,80.78,76.0,BULLISH,MEDIUM,Earnings in 2d (2026-07-30); Earnings conf adj: -2,5.36,-1.0,1.0,2,2026-07-30,,-2
2026-07-28T12:52:57,2026-07-28,CNC,HOLD,0,ADX Trend Following,LOW,1,29.25,64.08,7.77,0.0,11.65,0.0,0.0,2026-08-17,3.66,9.17,75.0,551.22,346.96,-185.61,-8.41,20.0,4,2026-04-08 to 2026-07-27 (75 days),-1.0,47.7,0.4117,63.24,45.97,BULLISH,HIGH,EARNINGS TODAY (2026-07-28); Last surprise: +58.2%; Earnings conf adj: -3,4.55,-1.0,1.0,0,2026-07-28,58.22,-3
2026-07-28T12:53:01,2026-07-28,CTSH,HOLD,0,MACD Crossover,MEDIUM,2,29.21,47.05,8.96,0.0,13.44,0.0,0.0,2026-08-19,1.27,2.47,50.0,10.42,35.41,93.11,-11.27,22.5,2,2026-04-08 to 2026-07-27 (75 days),-1.0,57.8,0.5463,47.16,63.84,BEARISH,HIGH,Price at statistical extreme; Earnings in 1d (2026-07-29); Last surprise: +5.3%; Earnings conf adj: -1,3.43,-1.0,1.0,1,2026-07-29,5.26,-1
2026-07-28T12:55:37,2026-07-28,STWD,HOLD,0,Stochastic Oscillator,MEDIUM,2,29.12,16.58,2.1,0.0,3.15,0.0,0.0,2026-09-28,0.22,0.33,100.0,14.06,2.04,11.71,-4.38,62.0,1,2026-04-08 to 2026-07-27 (75 days),-1.0,50.3,0.186,16.53,16.89,BEARISH,LOW,No special conditions,10.0,-1.0,1.0,9,2026-08-06,,0
2026-07-28T12:54:09,2026-07-28,ROP,HOLD,0,Momentum (Rate of Change),HIGH,4,29.08,375.02,7.47,0.0,11.21,0.0,0.0,2026-09-21,1.48,2.61,100.0,116.27,40.06,19.47,-7.55,55.0,1,2026-04-08 to 2026-07-27 (75 days),-1.0,62.4,0.4575,338.5,384.98,BEARISH,HIGH,Last surprise: +1.7%,4.1,-1.0,1.0,86,2026-10-22,1.7,0
2026-07-28T12:55:48,2026-07-28,HLNE,HOLD,0,SMA Crossover (10/50),MEDIUM,3,29.02,87.71,7.85,0.0,6.79,0.0,0.0,2026-07-31,1.48,5.11,50.0,7.7,24.55,52.04,-2.54,3.5,2,2026-04-08 to 2026-07-27 (75 days),-1.0,60.5,0.4611,82.37,108.48,BEARISH,HIGH,No special conditions,4.07,-1.0,1.0,8,2026-08-05,,0
2026-07-28T12:55:12,2026-07-28,SIRI,HOLD,0,ADX Trend Following,MEDIUM,2,28.97,31.22,3.91,0.0,9.78,0.0,0.0,2026-08-22,1.24,2.58,100.0,76.08,27.53,-145.87,-10.1,25.0,2,2026-04-08 to 2026-07-27 (75 days),-1.0,64.2,0.2644,28.83,23.59,BULLISH,MEDIUM,Strong trend (ADX=31); Earnings in 2d (2026-07-30); Last surprise: +1.4%; Earnings conf adj: -2,7.09,-1.0,1.0,2,2026-07-30,1.41,-2
2026-07-28T12:53:32,2026-07-28,HUM,EXIT,-1,52-Week High Momentum,MEDIUM,2,28.9,381.15,5.64,402.65,14.1,327.41,7.54,2026-10-10,2.5,4.56,100.0,266.79,105.3,-726.19,-7.0,74.0,1,2026-04-08 to 2026-07-27 (75 days),-1.0,48.9,0.3702,360.25,261.6,BULLISH,MEDIUM,Strong trend (ADX=46); Earnings in 1d (2026-07-29); Last surprise: +1.1%; Earnings conf adj: -2; Size: Kelly 10.0% / VolTgt 5.1% / Blend 7.5%,5.07,-1.0,1.0,1,2026-07-29,1.08,-2
2026-07-28T12:56:01,2026-07-28,USO,HOLD,0,Stochastic Oscillator,MEDIUM,3,28.9,124.76,9.29,0.0,13.93,0.0,0.0,2026-08-28,0.98,1.76,100.0,72.53,24.34,23.85,-10.92,31.0,1,2026-04-08 to 2026-07-27 (75 days),-1.0,53.3,0.6343,125.14,98.79,BULLISH,HIGH,Strong trend (ADX=45),2.96,-1.0,1.0,-1,,,0
2026-07-28T12:54:58,2026-07-28,TXRH,HOLD,0,Composite Multi-Indicator,HIGH,4,28.78,201.04,4.16,0.0,12.48,0.0,0.0,2026-09-01,1.93,3.61,100.0,117.32,45.38,-46.33,-7.58,35.0,1,2026-04-08 to 2026-07-27 (75 days),-1.0,64.6,0.3693,181.49,173.53,BULLISH,MEDIUM,Last surprise: +3.9%,5.08,-1.0,1.0,9,2026-08-06,3.89,0
2026-07-28T12:55:22,2026-07-28,ACM,HOLD,0,Composite Multi-Indicator,MEDIUM,3,28.75,70.96,4.08,0.0,6.12,0.0,0.0,2026-09-12,0.51,0.74,100.0,23.24,7.78,54.79,-5.5,46.0,1,2026-04-08 to 2026-07-27 (75 days),-1.0,56.3,0.3178,69.67,92.75,BEARISH,MEDIUM,Price at statistical extreme,5.9,-1.0,1.0,13,2026-08-10,,0
2026-07-28T12:53:56,2026-07-28,NOC,HOLD,0,Composite Multi-Indicator,MEDIUM,3,28.71,547.58,4.59,0.0,6.88,0.0,0.0,2026-09-21,0.39,0.59,100.0,19.48,6.43,59.65,-10.23,55.0,1,2026-04-08 to 2026-07-27 (75 days),-1.0,57.2,0.3182,535.84,604.94,BEARISH,MEDIUM,Last surprise: +12.6%; Earnings conf adj: +1,5.89,-1.0,1.0,84,2026-10-20,12.61,1
2026-07-28T12:54:37,2026-07-28,MTZ,HOLD,0,MACD Crossover,LOW,1,28.6,336.79,12.0,0.0,18.0,0.0,0.0,2026-08-12,0.42,0.65,100.0,28.58,9.03,19.68,-16.37,15.0,2,2026-04-08 to 2026-07-27 (75 days),-1.0,40.6,0.6626,376.33,294.61,BULLISH,HIGH,Earnings in 2d (2026-07-30); Last surprise: +40.4%; Earnings conf adj: -1,2.83,-1.0,1.0,2,2026-07-30,40.4,-1
2026-07-28T12:54:32,2026-07-28,WFC,HOLD,0,Composite Multi-Indicator,HIGH,5,28.57,87.27,3.79,0.0,5.69,0.0,0.0,2026-11-08,1.37,2.09,100.0,92.15,34.52,21.45,-10.2,103.0,1,2026-04-08 to 2026-07-27 (75 days),-1.0,56.6,0.2651,82.25,84.07,BEARISH,MEDIUM,Last surprise: +16.3%; Earnings conf adj: +1,7.07,-1.0,1.0,77,2026-10-13,16.28,1
2026-07-28T12:54:59,2026-07-28,CR,BUY,1,52-Week High Momentum,LOW,1,28.41,226.44,4.68,215.84,9.36,247.63,7.0,2026-09-11,1.23,2.53,100.0,95.19,19.31,-84.41,-4.23,45.0,1,2026-04-08 to 2026-07-27 (75 days),0.556,67.7,0.2235,202.6,190.92,BULLISH,MEDIUM,Price at statistical extreme; Strong trend (ADX=35); EARNINGS TODAY (2026-07-28); Last surprise: +13.8%; Earnings conf adj: -3; Size: Kelly 7.0% / VolTgt 7.0% / Blend 7.0%,7.0,-1.0,1.0,0,2026-07-28,13.79,-3
2026-07-28T12:55:28,2026-07-28,KEX,HOLD,0,Stochastic Oscillator,LOW,0,28.38,145.08,4.24,0.0,6.36,0.0,0.0,2026-09-08,0.05,0.09,100.0,10.58,-0.5,-11.53,-10.34,42.0,1,2026-04-08 to 2026-07-27 (75 days),-1.0,54.9,0.3271,142.02,125.89,BULLISH,MEDIUM,Strong trend (ADX=36); Earnings in 1d (2026-07-29); Earnings conf adj: -2,5.73,-1.0,1.0,1,2026-07-29,,-2
2026-07-28T12:54:44,2026-07-28,ITT,HOLD,0,Composite Multi-Indicator,HIGH,4,28.36,197.8,4.31,0.0,12.93,0.0,0.0,2026-08-25,0.86,1.29,100.0,37.87,13.1,31.08,-6.64,28.0,1,2026-04-08 to 2026-07-27 (75 days),-1.0,56.4,0.3401,193.22,190.19,BULLISH,MEDIUM,Last surprise: +13.8%; Earnings conf adj: +1,5.51,-1.0,1.0,9,2026-08-06,13.79,1
2026-07-28T12:55:44,2026-07-28,MTN,HOLD,0,Composite Multi-Indicator,HIGH,4,28.29,148.28,5.22,0.0,14.61,0.0,0.0,2026-09-13,1.28,2.25,100.0,107.23,40.95,-26.24,-6.46,47.0,1,2026-04-08 to 2026-07-27 (75 days),-1.0,59.3,0.2706,136.0,134.35,BULLISH,MEDIUM,No special conditions,6.93,-1.0,1.0,62,2026-09-28,,0
2026-07-28T12:54:54,2026-07-28,LECO,HOLD,0,VWAP Trend,LOW,1,28.26,256.85,4.06,0.0,4.06,0.0,0.0,2026-07-30,0.97,1.74,57.1,2.05,10.2,5.82,-2.42,2.9,7,2026-04-08 to 2026-07-27 (75 days),-1.0,50.9,0.3025,259.43,253.9,BULLISH,MEDIUM,Earnings in 2d (2026-07-30); Last surprise: +2.9%; Earnings conf adj: -2,6.2,-1.0,1.0,2,2026-07-30,2.88,-2
2026-07-28T12:55:48,2026-07-28,BCO,HOLD,0,SMA Crossover (10/50),HIGH,4,28.24,117.95,4.53,0.0,6.79,0.0,0.0,2026-08-09,1.38,3.21,100.0,53.25,18.89,-24.85,-4.35,12.0,1,2026-04-08 to 2026-07-27 (75 days),-1.0,66.2,0.355,104.65,112.27,BEARISH,MEDIUM,Strong trend (ADX=58),5.28,-1.0,1.0,8,2026-08-05,,0
2026-07-28T12:53:49,2026-07-28,MNST,BUY,1,52-Week High Momentum,HIGH,5,28.2,95.33,3.43,92.06,10.29,105.14,9.0,2026-10-13,1.59,2.39,100.0,102.23,28.77,-96.12,-6.38,77.0,1,2026-04-08 to 2026-07-27 (75 days),0.405,51.3,0.2343,92.5,79.89,BULLISH,MEDIUM,Last surprise: +9.4%; Earnings conf adj: +1; Size: Kelly 10.0% / VolTgt 8.0% / Blend 9.0%,8.0,-1.0,1.0,9,2026-08-06,9.43,1
2026-07-28T12:55:02,2026-07-28,ELAN,BUY,1,PEAD Earnings Drift,HIGH,5,28.2,25.41,5.26,24.07,15.78,29.42,8.58,2026-10-13,1.66,2.4,100.0,168.89,69.49,40.88,-9.17,77.0,1,2026-04-08 to 2026-07-27 (75 days),0.302,55.8,0.262,23.87,23.31,BULLISH,MEDIUM,Last surprise: +17.6%; Earnings conf adj: +1; Size: Kelly 10.0% / VolTgt 7.2% / Blend 8.6%,7.16,-1.0,1.0,8,2026-08-05,17.65,1
2026-07-28T12:53:11,2026-07-28,ED,HOLD,0,EMA Crossover (9/21),MEDIUM,3,28.06,111.5,2.97,0.0,7.43,0.0,0.0,2026-09-07,0.78,1.24,100.0,27.88,9.06,12.43,-3.67,41.0,1,2026-04-08 to 2026-07-27 (75 days),-1.0,52.5,0.2121,108.77,104.88,BULLISH,MEDIUM,Strong trend (ADX=32); Last surprise: -4.0%,8.84,-1.0,1.0,9,2026-08-06,-3.96,0
2026-07-28T12:53:05,2026-07-28,DG,HOLD,0,Composite Multi-Indicator,HIGH,5,28.03,123.22,7.51,0.0,11.27,0.0,0.0,2026-09-01,1.45,2.8,100.0,100.27,37.97,35.74,-9.44,35.0,1,2026-04-08 to 2026-07-27 (75 days),-1.0,56.6,0.4428,112.67,121.51,BEARISH,HIGH,Strong trend (ADX=32); Last surprise: +6.4%; Earnings conf adj: +1,4.23,-1.0,1.0,30,2026-08-27,6.38,1
2026-07-28T12:53:57,2026-07-28,NVDA,HOLD,0,ADX Trend Following,HIGH,5,27.99,196.51,8.19,0.0,12.2,0.0,0.0,2026-08-10,1.91,3.16,80.0,4.78,79.41,49.24,-10.44,13.8,5,2026-04-08 to 2026-07-27 (75 days),-1.0,43.0,0.417,208.9,192.66,BULLISH,HIGH,Last surprise: +5.6%; Earnings conf adj: +1,4.5,-1.0,1.0,29,2026-08-26,5.65,1
2026-07-28T12:55:36,2026-07-28,RYN,HOLD,0,Composite Multi-Indicator,MEDIUM,3,27.92,21.68,3.82,0.0,5.73,0.0,0.0,2026-10-23,0.8,1.14,100.0,46.49,16.33,5.11,-6.47,87.0,1,2026-04-08 to 2026-07-27 (75 days),-1.0,54.4,0.2427,20.97,21.3,BEARISH,MEDIUM,No special conditions,7.72,-1.0,1.0,8,2026-08-05,,0
2026-07-28T12:53:11,2026-07-28,EFX,HOLD,0,Composite Multi-Indicator,MEDIUM,2,27.9,177.31,9.84,0.0,14.76,0.0,0.0,2026-10-31,0.32,0.47,100.0,16.1,5.25,16.69,-13.73,95.0,1,2026-04-08 to 2026-07-27 (75 days),-1.0,57.0,0.5017,165.65,192.34,BEARISH,HIGH,Last surprise: +2.3%,3.74,-1.0,1.0,84,2026-10-20,2.27,0
2026-07-28T12:55:27,2026-07-28,TEX,HOLD,0,Stochastic Oscillator,MEDIUM,2,27.87,69.06,8.94,0.0,11.67,0.0,0.0,2026-08-08,1.21,2.02,100.0,49.18,14.58,-22.2,-5.08,11.0,1,2026-04-08 to 2026-07-27 (75 days),-1.0,57.0,0.4469,64.26,58.8,BULLISH,HIGH,Earnings in 2d (2026-07-30); Earnings conf adj: -2,4.2,-1.0,1.0,2,2026-07-30,,-2
2026-07-28T12:53:16,2026-07-28,EXR,HOLD,0,Composite Multi-Indicator,LOW,1,27.84,148.29,3.22,0.0,4.83,0.0,0.0,2026-10-25,1.14,1.67,100.0,65.69,23.75,-9.68,-5.45,89.0,1,2026-04-08 to 2026-07-27 (75 days),-1.0,55.2,0.2536,144.68,137.99,BULLISH,MEDIUM,EARNINGS TODAY (2026-07-28); Last surprise: +3.6%; Earnings conf adj: -3,7.0,-1.0,1.0,0,2026-07-28,3.64,-3
2026-07-28T12:53:39,2026-07-28,KEYS,HOLD,0,Stochastic Oscillator,MEDIUM,3,27.76,313.68,7.93,0.0,11.89,0.0,0.0,2026-08-17,0.13,0.2,100.0,13.75,0.89,5.78,-4.5,20.0,1,2026-04-08 to 2026-07-27 (75 days),-1.0,42.6,0.5385,337.3,265.27,BULLISH,HIGH,Last surprise: +23.7%; Earnings conf adj: +1,3.48,-1.0,1.0,21,2026-08-18,23.71,1
2026-07-28T12:55:44,2026-07-28,MUR,HOLD,0,Donchian Breakout (20/55),MEDIUM,2,27.75,37.5,7.17,0.0,9.57,0.0,0.0,2026-08-04,0.48,0.64,100.0,17.19,5.23,15.9,-4.92,7.0,1,2026-04-08 to 2026-07-27 (75 days),-1.0,56.4,0.4593,36.53,33.8,BULLISH,HIGH,Strong trend (ADX=47),4.08,-1.0,1.0,8,2026-08-05,,0
2026-07-28T12:54:05,2026-07-28,PPL,HOLD,0,Donchian Breakout (20/55),MEDIUM,2,27.53,36.01,2.68,0.0,4.02,0.0,0.0,2026-09-06,0.49,0.81,100.0,18.25,5.62,28.32,-4.35,40.0,1,2026-04-08 to 2026-07-27 (75 days),-1.0,50.2,0.2262,35.72,36.11,BEARISH,MEDIUM,Last surprise: +1.6%,8.29,-1.0,1.0,10,2026-08-07,1.61,0
2026-07-28T12:52:46,2026-07-28,BDX,HOLD,0,SMA Crossover (10/50),MEDIUM,3,27.51,158.92,4.15,0.0,6.23,0.0,0.0,2026-08-23,0.86,1.42,100.0,38.37,13.29,6.75,-4.76,26.0,1,2026-04-08 to 2026-07-27 (75 days),-1.0,59.2,0.3453,149.27,153.07,BEARISH,MEDIUM,Last surprise: +4.7%,5.43,-1.0,1.0,9,2026-08-06,4.69,0
2026-07-28T12:52:56,2026-07-28,CMI,EXIT,-1,ADX Trend Following,MEDIUM,3,27.5,661.84,5.23,696.45,10.46,592.61,7.43,2026-08-12,1.05,1.67,75.0,95.87,33.57,-10.31,-10.84,15.0,4,2026-04-08 to 2026-07-27 (75 days),-1.0,47.8,0.3856,674.05,571.8,BULLISH,MEDIUM,Last surprise: -16.2%; Earnings conf adj: -1; Size: Kelly 10.0% / VolTgt 4.9% / Blend 7.4%,4.86,-1.0,1.0,7,2026-08-04,-16.19,-1
2026-07-28T12:53:33,2026-07-28,IDXX,HOLD,0,Stochastic Oscillator,MEDIUM,3,27.45,556.2,4.96,0.0,7.44,0.0,0.0,2026-10-02,0.96,1.36,100.0,65.23,23.56,42.62,-9.06,66.0,1,2026-04-08 to 2026-07-27 (75 days),-1.0,50.2,0.3601,554.73,622.17,BEARISH,MEDIUM,Last surprise: +1.8%,5.21,-1.0,1.0,7,2026-08-04,1.76,0
2026-07-28T12:52:46,2026-07-28,BBY,HOLD,0,MACD Crossover,HIGH,4,27.42,88.45,4.63,0.0,9.8,0.0,0.0,2026-08-13,1.99,4.44,66.7,3.97,101.59,-105.33,-9.88,16.7,3,2026-04-08 to 2026-07-27 (75 days),-1.0,70.7,0.3047,74.25,68.88,BULLISH,MEDIUM,RSI overbought; Strong trend (ADX=31); Last surprise: +4.1%,6.15,-1.0,1.0,30,2026-08-27,4.07,0
2026-07-28T12:54:41,2026-07-28,THC,HOLD,0,SMA Crossover (10/50),HIGH,5,27.42,243.36,8.91,0.0,13.37,0.0,0.0,2026-08-24,2.11,6.8,100.0,299.83,143.38,46.09,-12.03,27.0,1,2026-04-08 to 2026-07-27 (75 days),-1.0,76.2,0.899,186.17,198.99,BEARISH,HIGH,RSI overbought; High volume; Price at statistical extreme; Last surprise: +43.7%; Earnings conf adj: +1,2.09,-1.0,1.0,-5,2026-07-23,43.66,1
2026-07-28T12:55:45,2026-07-28,CHH,HOLD,0,Composite Multi-Indicator,HIGH,4,27.4,113.12,5.43,0.0,16.29,0.0,0.0,2026-10-23,1.35,2.03,100.0,125.28,48.93,29.26,-10.07,87.0,1,2026-04-08 to 2026-07-27 (75 days),-1.0,56.5,0.3632,109.86,103.19,BULLISH,MEDIUM,No special conditions,5.16,-1.0,1.0,8,2026-08-05,,0
2026-07-28T12:55:43,2026-07-28,OZK,HOLD,0,Composite Multi-Indicator,HIGH,4,27.3,50.38,3.38,0.0,10.14,0.0,0.0,2026-11-01,1.09,1.5,100.0,69.32,25.19,-5.43,-6.58,96.0,1,2026-04-08 to 2026-07-27 (75 days),-1.0,49.7,0.2963,49.5,46.85,BULLISH,MEDIUM,No special conditions,6.33,-1.0,1.0,79,2026-10-15,,0
2026-07-28T12:54:45,2026-07-28,RGLD,HOLD,0,ADX Trend Following,LOW,0,27.22,201.02,4.58,0.0,6.86,0.0,0.0,2026-08-04,0.25,0.43,50.0,1.35,2.77,64.99,-6.47,7.0,4,2026-04-08 to 2026-07-27 (75 days),-1.0,50.3,0.3294,208.79,228.28,BEARISH,MEDIUM,Last surprise: -1.1%,5.69,-1.0,1.0,8,2026-08-05,-1.09,0
2026-07-28T12:53:59,2026-07-28,OTIS,HOLD,0,Composite Multi-Indicator,MEDIUM,3,27.09,73.19,3.88,0.0,5.82,0.0,0.0,2026-09-14,0.57,0.94,100.0,25.94,8.74,31.88,-6.12,48.0,1,2026-04-08 to 2026-07-27 (75 days),-1.0,52.6,0.296,71.92,82.17,BEARISH,MEDIUM,Last surprise: +0.0%,6.33,-1.0,1.0,-6,2026-07-22,0.0,0
2026-07-28T12:53:47,2026-07-28,MCO,HOLD,0,Composite Multi-Indicator,HIGH,4,27.06,485.96,4.38,0.0,6.57,0.0,0.0,2026-09-22,0.77,1.19,100.0,45.88,16.1,-17.27,-9.01,56.0,1,2026-04-08 to 2026-07-27 (75 days),-1.0,52.2,0.357,463.46,470.37,BEARISH,MEDIUM,Last surprise: +10.1%; Earnings conf adj: +1,5.25,-1.0,1.0,85,2026-10-21,10.12,1
2026-07-28T12:54:29,2026-07-28,VRTX,HOLD,0,SMA Crossover (10/50),HIGH,4,27.06,479.0,4.51,0.0,13.53,0.0,0.0,2026-09-15,1.4,2.32,100.0,80.36,29.64,0.08,-10.77,49.0,1,2026-04-08 to 2026-07-27 (75 days),-1.0,50.1,0.3357,464.33,451.19,BULLISH,MEDIUM,Last surprise: +3.7%,5.59,-1.0,1.0,6,2026-08-03,3.71,0
2026-07-28T12:54:24,2026-07-28,TXT,BUY,1,PEAD Earnings Drift,LOW,0,27.01,96.13,3.69,92.58,7.38,103.22,7.0,2026-10-19,0.78,1.12,100.0,48.33,15.84,-3.13,-7.84,83.0,1,2026-04-08 to 2026-07-27 (75 days),0.496,65.1,0.2406,91.05,89.43,BULLISH,MEDIUM,Price at statistical extreme; Strong trend (ADX=31); EARNINGS TODAY (2026-07-28); Last surprise: +11.5%; Earnings conf adj: -3; Size: Kelly 7.0% / VolTgt 7.0% / Blend 7.0%,7.0,-1.0,1.0,0,2026-07-28,11.54,-3
2026-07-28T12:53:22,2026-07-28,FTV,HOLD,0,52-Week High Momentum,MEDIUM,2,26.9,62.92,3.59,0.0,7.18,0.0,0.0,2026-11-14,0.74,1.07,100.0,44.69,15.66,-6.55,-6.14,109.0,1,2026-04-08 to 2026-07-27 (75 days),-1.0,57.7,0.2652,60.66,56.46,BULLISH,MEDIUM,Earnings in 1d (2026-07-29); Last surprise: +9.4%; Earnings conf adj: -1,7.07,-1.0,1.0,1,2026-07-29,9.37,-1
2026-07-28T12:54:52,2026-07-28,DTM,HOLD,0,MACD Crossover,MEDIUM,2,26.89,140.4,3.67,0.0,6.57,0.0,0.0,2026-08-09,0.76,1.4,75.0,6.57,12.11,-6.43,-7.54,12.0,4,2026-04-08 to 2026-07-27 (75 days),-1.0,41.8,0.241,144.48,129.16,BULLISH,MEDIUM,Price at statistical extreme; Earnings in 2d (2026-07-30); Last surprise: +12.4%; Earnings conf adj: -1,7.78,-1.0,1.0,2,2026-07-30,12.39,-1
2026-07-28T12:55:11,2026-07-28,WTFC,HOLD,0,Composite Multi-Indicator,HIGH,4,26.62,158.88,3.32,0.0,9.96,0.0,0.0,2026-10-31,1.07,1.67,100.0,58.27,20.84,-15.94,-5.47,95.0,1,2026-04-08 to 2026-07-27 (75 days),-1.0,48.5,0.2045,155.89,143.86,BULLISH,MEDIUM,Last surprise: +4.1%,9.17,-1.0,1.0,83,2026-10-19,4.13,0
2026-07-28T12:52:34,2026-07-28,ACN,BUY,1,Momentum (Rate of Change),MEDIUM,2,26.6,154.06,9.61,139.25,14.41,176.26,6.59,2026-08-14,0.69,1.3,50.0,2.91,18.74,69.71,-15.39,17.0,2,2026-04-08 to 2026-07-27 (75 days),0.353,59.2,0.5905,153.58,209.45,BEARISH,HIGH,Price at statistical extreme; Last surprise: +2.4%; Size: Kelly 10.0% / VolTgt 3.2% / Blend 6.6%,3.18,-1.0,1.0,58,2026-09-24,2.43,0
2026-07-28T12:54:35,2026-07-28,ZBH,HOLD,0,Composite Multi-Indicator,HIGH,4,26.53,92.07,6.58,0.0,9.87,0.0,0.0,2026-09-01,0.96,1.43,100.0,58.99,21.13,23.65,-9.59,35.0,1,2026-04-08 to 2026-07-27 (75 days),-1.0,55.8,0.4281,87.52,90.72,BEARISH,HIGH,Last surprise: +12.4%; Earnings conf adj: +1,4.38,-1.0,1.0,8,2026-08-05,12.37,1
2026-07-28T12:55:45,2026-07-28,VVV,HOLD,0,Multi-Factor Momentum MR,HIGH,4,26.46,39.56,4.31,0.0,12.93,0.0,0.0,2026-09-15,1.61,2.72,100.0,92.42,34.64,-18.89,-6.29,49.0,1,2026-04-08 to 2026-07-27 (75 days),-1.0,56.9,0.2846,36.89,34.2,BULLISH,MEDIUM,No special conditions,6.59,-1.0,1.0,8,2026-08-05,,0
2026-07-28T12:53:29,2026-07-28,HIG,HOLD,0,Stochastic Oscillator,MEDIUM,3,26.24,140.14,3.15,0.0,4.72,0.0,0.0,2026-09-16,0.11,0.16,100.0,9.63,0.54,-4.21,-7.43,50.0,1,2026-04-08 to 2026-07-27 (75 days),-1.0,57.2,0.2426,133.66,133.55,BULLISH,MEDIUM,Strong trend (ADX=31); Last surprise: +8.9%; Earnings conf adj: +1,7.73,-1.0,1.0,-5,2026-07-23,8.92,1
2026-07-28T12:53:51,2026-07-28,MSI,HOLD,0,SMA Crossover (10/50),MEDIUM,2,26.19,423.8,3.56,0.0,5.34,0.0,0.0,2026-08-16,0.25,0.49,100.0,6.75,1.98,18.19,-4.39,19.0,1,2026-04-08 to 2026-07-27 (75 days),-1.0,59.2,0.2248,408.13,414.65,BEARISH,MEDIUM,Last surprise: +3.7%,8.34,-1.0,1.0,8,2026-08-05,3.69,0
2026-07-28T12:52:58,2026-07-28,COO,HOLD,0,ADX Trend Following,HIGH,4,26.17,70.29,4.12,0.0,6.18,0.0,0.0,2026-09-06,0.94,1.44,100.0,50.84,17.97,24.64,-7.67,40.0,1,2026-04-08 to 2026-07-27 (75 days),-1.0,51.8,0.3126,66.88,73.02,BEARISH,MEDIUM,Last surprise: +11.0%; Earnings conf adj: +1,6.0,-1.0,1.0,37,2026-09-03,11.01,1
2026-07-28T12:53:32,2026-07-28,HUBB,HOLD,0,Stochastic Oscillator,LOW,0,26.14,497.96,4.36,0.0,6.54,0.0,0.0,2026-10-13,0.28,0.38,100.0,17.97,4.1,24.81,-11.6,77.0,1,2026-04-09 to 2026-07-27 (75 days),-1.0,53.8,0.3388,487.66,477.8,BULLISH,MEDIUM,High volume; EARNINGS TODAY (2026-07-28); Last surprise: +1.8%; Earnings conf adj: -3,5.53,-1.0,1.0,0,2026-07-28,1.81,-3
2026-07-28T12:53:40,2026-07-28,KMI,HOLD,0,Stochastic Oscillator,HIGH,4,26.12,31.75,3.51,0.0,5.26,0.0,0.0,2026-08-17,1.05,1.71,50.0,9.12,14.32,23.48,-3.67,20.5,2,2026-04-08 to 2026-07-27 (75 days),-1.0,44.3,0.2119,32.28,30.02,BULLISH,MEDIUM,Last surprise: +19.4%; Earnings conf adj: +1,8.85,-1.0,1.0,-6,2026-07-22,19.35,1
2026-07-28T12:53:24,2026-07-28,GILD,HOLD,0,SMA Crossover (10/50),MEDIUM,3,26.06,130.52,4.64,0.0,6.96,0.0,0.0,2026-08-14,0.17,0.28,100.0,4.31,1.13,23.54,-4.42,17.0,1,2026-04-08 to 2026-07-27 (75 days),-1.0,49.9,0.3563,129.3,130.09,BEARISH,MEDIUM,Last surprise: +6.3%; Earnings conf adj: +1,5.26,-1.0,1.0,7,2026-08-04,6.28,1
2026-07-28T12:54:08,2026-07-28,ROK,HOLD,0,52-Week High Momentum,HIGH,5,25.84,466.0,4.57,0.0,13.71,0.0,0.0,2026-11-03,1.35,2.24,100.0,128.89,50.04,-35.3,-7.78,98.0,1,2026-04-08 to 2026-07-27 (75 days),-1.0,50.9,0.2817,461.06,406.48,BULLISH,MEDIUM,Last surprise: +14.6%; Earnings conf adj: +1,6.66,-1.0,1.0,7,2026-08-04,14.58,1
2026-07-28T12:53:30,2026-07-28,HPE,HOLD,0,Stochastic Oscillator,HIGH,4,25.8,48.19,11.46,0.0,17.19,0.0,0.0,2026-08-24,0.72,1.22,100.0,67.28,19.8,-826.66,-10.09,27.0,1,2026-04-08 to 2026-07-27 (75 days),-1.0,55.9,0.67,44.55,28.74,BULLISH,HIGH,Last surprise: +49.1%; Earnings conf adj: +1,2.8,-1.0,1.0,37,2026-09-03,49.06,1
2026-07-28T12:54:22,2026-07-28,TT,HOLD,0,MACD Crossover,LOW,1,25.72,483.34,4.29,0.0,6.44,0.0,0.0,2026-08-30,0.59,0.81,100.0,32.82,10.85,-18.21,-6.29,33.0,1,2026-04-08 to 2026-07-27 (75 days),-1.0,55.0,0.2648,469.88,437.56,BULLISH,MEDIUM,Earnings in 2d (2026-07-30); Last surprise: +4.0%; Earnings conf adj: -2,7.0,-1.0,1.0,2,2026-07-30,3.95,-2
2026-07-28T12:55:03,2026-07-28,COKE,HOLD,0,Composite Multi-Indicator,MEDIUM,3,25.7,186.28,8.0,0.0,16.0,0.0,0.0,2026-09-01,0.72,1.05,100.0,41.71,14.54,38.41,-10.29,35.0,1,2026-04-08 to 2026-07-27 (75 days),-1.0,54.9,0.4094,179.74,170.69,BULLISH,HIGH,Last surprise: +32.1%,4.58,-1.0,1.0,8,2026-08-05,32.14,0
2026-07-28T12:52:34,2026-07-28,AEE,HOLD,0,Composite Multi-Indicator,MEDIUM,2,25.53,112.11,2.87,0.0,5.74,0.0,0.0,2026-09-01,0.54,0.84,100.0,20.97,6.95,6.83,-7.08,35.0,1,2026-04-08 to 2026-07-27 (75 days),-1.0,50.8,0.2618,110.35,106.01,BULLISH,MEDIUM,Earnings in 2d (2026-07-30); Last surprise: +9.4%; Earnings conf adj: -1,7.16,-1.0,1.0,2,2026-07-30,9.4,-1
2026-07-28T12:53:41,2026-07-28,LDOS,HOLD,0,Momentum (Rate of Change),MEDIUM,2,25.47,114.95,4.53,0.0,6.79,0.0,0.0,2026-08-10,-0.07,-0.13,50.0,1.69,-1.74,65.88,-9.11,13.5,2,2026-04-08 to 2026-07-27 (75 days),-1.0,60.2,0.3142,114.82,160.94,BEARISH,MEDIUM,Price at statistical extreme; Last surprise: +7.6%; Earnings conf adj: +1,5.97,-1.0,1.0,7,2026-08-04,7.56,1
2026-07-28T12:53:35,2026-07-28,IR,HOLD,0,SMA Crossover (10/50),LOW,1,25.39,84.66,4.85,0.0,7.27,0.0,0.0,2026-08-28,0.78,1.44,100.0,39.43,13.68,13.62,-6.44,31.0,1,2026-04-08 to 2026-07-27 (75 days),-1.0,63.0,0.3641,76.21,81.34,BEARISH,MEDIUM,Strong trend (ADX=30); Earnings in 2d (2026-07-30); Last surprise: +4.1%; Earnings conf adj: -2,5.15,-1.0,1.0,2,2026-07-30,4.05,-2
2026-07-28T12:55:16,2026-07-28,ALSN,HOLD,0,Donchian Breakout (20/55),MEDIUM,2,25.38,121.91,4.2,0.0,8.4,0.0,0.0,2026-08-28,0.38,0.57,100.0,16.27,4.93,12.32,-6.94,31.0,1,2026-04-08 to 2026-07-27 (75 days),-1.0,60.3,0.3376,116.09,108.08,BULLISH,MEDIUM,Price at statistical extreme,5.55,-1.0,1.0,6,2026-08-03,,0
2026-07-28T12:53:18,2026-07-28,FANG,HOLD,0,Stochastic Oscillator,MEDIUM,3,25.27,195.8,4.63,0.0,6.95,0.0,0.0,2026-08-26,0.42,0.73,100.0,24.07,5.87,-14.44,-8.49,29.0,1,2026-04-08 to 2026-07-27 (75 days),-1.0,55.0,0.3739,192.19,171.02,BULLISH,MEDIUM,Strong trend (ADX=46); Last surprise: +12.8%; Earnings conf adj: +1,5.02,-1.0,1.0,6,2026-08-03,12.8,1
2026-07-28T12:55:20,2026-07-28,VIAV,HOLD,0,VWAP Trend,HIGH,4,25.2,38.16,12.0,0.0,8.28,0.0,0.0,2026-07-29,1.87,4.05,83.3,4.01,69.67,93.97,-5.9,1.7,6,2026-04-08 to 2026-07-27 (75 days),-1.0,39.4,0.8066,47.06,31.33,BULLISH,HIGH,Strong trend (ADX=31),2.32,-1.0,1.0,8,2026-08-05,,0
2026-07-28T12:54:46,2026-07-28,FN,HOLD,0,VWAP Trend,HIGH,4,25.18,470.82,12.0,0.0,8.27,0.0,0.0,2026-07-30,2.5,5.45,55.6,3.43,164.18,222.82,-8.51,2.0,9,2026-04-08 to 2026-07-27 (75 days),-1.0,39.8,0.743,587.19,528.39,BULLISH,HIGH,Last surprise: +4.5%,2.52,-1.0,1.0,20,2026-08-17,4.49,0
2026-07-28T12:52:40,2026-07-28,AON,HOLD,0,Donchian Breakout (20/55),LOW,1,25.1,367.17,3.49,0.0,5.24,0.0,0.0,2026-08-22,0.72,1.37,100.0,26.16,8.82,-36.67,-4.42,25.0,1,2026-04-08 to 2026-07-27 (75 days),-1.0,61.8,0.3328,335.53,335.73,BEARISH,MEDIUM,Earnings in 1d (2026-07-29); Last surprise: +2.0%; Earnings conf adj: -2,5.63,-1.0,1.0,1,2026-07-29,2.05,-2
2026-07-28T12:55:30,2026-07-28,RGEN,EXIT,-1,ADX Trend Following,LOW,0,25.04,131.06,10.93,145.38,12.2,115.07,5.6,2026-08-09,0.78,1.18,60.0,1.8,26.64,-9.26,-11.87,12.0,5,2026-04-08 to 2026-07-27 (75 days),-1.0,41.2,0.4472,130.13,139.94,BEARISH,HIGH,Price at statistical extreme; EARNINGS TODAY (2026-07-28); Earnings conf adj: -3; Size: Kelly 7.0% / VolTgt 4.2% / Blend 5.6%,4.19,-1.0,1.0,0,2026-07-28,,-3
2026-07-28T12:55:32,2026-07-28,LNTH,HOLD,0,52-Week High Momentum,HIGH,4,25.03,108.03,7.44,0.0,22.32,0.0,0.0,2026-10-16,1.46,2.53,100.0,159.86,53.69,-124.09,-7.72,80.0,1,2026-04-08 to 2026-07-27 (75 days),-1.0,55.9,0.4066,102.83,77.33,BULLISH,HIGH,No special conditions,4.61,-1.0,1.0,9,2026-08-06,,0
2026-07-28T12:54:18,2026-07-28,TER,HOLD,0,VWAP Trend,LOW,0,25.02,334.77,12.0,0.0,13.29,0.0,0.0,2026-07-30,0.58,0.79,50.0,1.35,17.73,38.27,-19.5,2.5,10,2026-04-08 to 2026-07-27 (75 days),-1.0,43.1,1.0674,379.97,284.16,BULLISH,HIGH,EARNINGS TODAY (2026-07-28); Last surprise: +20.8%; Earnings conf adj: -3,1.76,-1.0,1.0,0,2026-07-28,20.75,-3
2026-07-28T12:54:04,2026-07-28,PNR,HOLD,0,VWAP Trend,LOW,0,24.97,63.18,11.23,0.0,12.11,0.0,0.0,2026-08-03,-0.34,-0.46,60.0,0.88,-9.04,60.83,-13.93,6.5,10,2026-04-08 to 2026-07-27 (75 days),-1.0,34.2,0.6033,71.92,91.55,BEARISH,HIGH,Strong trend (ADX=48); EARNINGS TODAY (2026-07-28); Last surprise: +4.3%; Earnings conf adj: -3,3.11,-1.0,1.0,0,2026-07-28,4.27,-3
2026-07-28T12:54:35,2026-07-28,YUM,HOLD,0,MACD Crossover,LOW,0,24.91,147.8,4.98,0.0,7.47,0.0,0.0,2026-08-13,-0.71,-0.96,50.0,0.5,-13.51,9.59,-9.0,16.2,4,2026-04-08 to 2026-07-27 (75 days),-1.0,36.5,0.264,153.47,152.95,BULLISH,MEDIUM,Earnings in 2d (2026-07-30); Last surprise: +7.9%; Earnings conf adj: -1,7.0,-1.0,1.0,2,2026-07-30,7.91,-1
2026-07-28T12:53:18,2026-07-28,FDXF,HOLD,0,Stochastic Oscillator,MEDIUM,2,24.83,150.3,9.88,0.0,14.82,0.0,0.0,2026-08-25,0.23,0.4,100.0,3.08,1.52,31.52,-8.97,28.0,1,2026-06-04 to 2026-07-27 (35 days),-1.0,47.6,0.5459,nan,nan,NEUTRAL,HIGH,No special conditions,3.43,-1.0,1.0,42,2026-09-08,,0
2026-07-28T12:53:19,2026-07-28,FFIV,HOLD,0,52-Week High Momentum,HIGH,5,24.83,407.96,6.94,0.0,24.29,0.0,0.0,2026-10-19,2.17,3.53,100.0,199.24,76.93,-93.05,-10.01,83.0,1,2026-04-08 to 2026-07-27 (75 days),-1.0,51.3,0.4175,398.49,309.55,BULLISH,HIGH,High volume; Strong trend (ADX=35); Last surprise: +18.3%; Earnings conf adj: +1,4.49,-1.0,1.0,90,2026-10-26,18.25,1
2026-07-28T12:53:00,2026-07-28,CPT,HOLD,0,VWAP Trend,LOW,0,24.75,112.84,2.73,0.0,3.88,0.0,0.0,2026-08-02,0.59,0.99,50.0,2.55,4.63,-39.57,-3.23,5.7,6,2026-04-08 to 2026-07-27 (75 days),-1.0,51.2,0.2064,110.64,104.45,BULLISH,MEDIUM,Earnings in 2d (2026-07-30); Last surprise: -196.0%; Earnings conf adj: -3,7.0,-1.0,1.0,2,2026-07-30,-196.0,-3
2026-07-28T12:53:09,2026-07-28,DTE,HOLD,0,Donchian Breakout (20/55),LOW,0,24.72,147.23,2.98,0.0,4.47,0.0,0.0,2026-09-06,0.21,0.32,100.0,7.23,1.78,2.64,-6.09,40.0,1,2026-04-08 to 2026-07-27 (75 days),-1.0,47.4,0.2104,146.43,139.68,BULLISH,MEDIUM,EARNINGS TODAY (2026-07-28); Last surprise: -3.9%; Earnings conf adj: -3,7.0,-1.0,1.0,0,2026-07-28,-3.94,-3
2026-07-28T12:53:18,2026-07-28,FDX,HOLD,0,Stochastic Oscillator,MEDIUM,3,24.72,310.79,3.8,0.0,5.7,0.0,0.0,2026-08-16,-0.18,-0.27,100.0,2.33,-2.26,-15.32,-3.76,19.0,1,2026-04-08 to 2026-07-27 (75 days),-1.0,45.8,0.2819,318.92,271.55,BULLISH,MEDIUM,Last surprise: +6.6%; Earnings conf adj: +1,6.65,-1.0,1.0,-35,2026-06-23,6.59,1
2026-07-28T12:52:39,2026-07-28,AME,HOLD,0,52-Week High Momentum,MEDIUM,3,24.59,243.12,2.6,0.0,5.2,0.0,0.0,2026-11-14,0.7,1.04,100.0,41.8,14.56,-5.98,-8.33,109.0,1,2026-04-08 to 2026-07-27 (75 days),-1.0,62.4,0.1882,231.66,217.27,BULLISH,LOW,Price at statistical extreme; Last surprise: +3.7%,9.96,-1.0,1.0,7,2026-08-04,3.68,0
2026-07-28T12:54:24,2026-07-28,UBER,HOLD,0,MACD Crossover,LOW,1,24.57,68.18,5.05,0.0,7.57,0.0,0.0,2026-08-16,0.42,0.68,66.7,1.99,8.1,26.52,-10.61,19.7,3,2026-04-08 to 2026-07-27 (75 days),-1.0,37.6,0.3608,72.32,79.24,BEARISH,MEDIUM,Price at statistical extreme; Last surprise: -81.7%; Earnings conf adj: -1,5.2,-1.0,1.0,8,2026-08-05,-81.69,-1
2026-07-28T12:52:40,2026-07-28,AMZN,HOLD,0,Stochastic Oscillator,LOW,1,24.52,231.39,4.47,0.0,6.71,0.0,0.0,2026-09-04,-0.09,-0.12,100.0,4.2,-3.29,-19.78,-9.01,38.0,1,2026-04-08 to 2026-07-27 (75 days),-1.0,37.0,0.2898,249.21,234.58,BULLISH,MEDIUM,Price at statistical extreme; Strong trend (ADX=32); Earnings in 2d (2026-07-30); Last surprise: +68.5%; Earnings conf adj: -1,6.47,-1.0,1.0,2,2026-07-30,68.48,-1
2026-07-28T12:53:08,2026-07-28,DRI,HOLD,0,Stochastic Oscillator,MEDIUM,2,24.37,204.1,4.42,0.0,6.63,0.0,0.0,2026-08-18,0.2,0.33,100.0,11.45,1.86,-19.98,-5.32,21.0,1,2026-04-08 to 2026-07-27 (75 days),-1.0,55.5,0.3254,200.85,193.36,BULLISH,MEDIUM,Last surprise: +0.5%,5.76,-1.0,1.0,58,2026-09-24,0.55,0
2026-07-28T12:54:23,2026-07-28,TYL,HOLD,0,ADX Trend Following,LOW,0,24.33,315.88,9.2,0.0,13.73,0.0,0.0,2026-08-06,-1.24,-1.71,50.0,0.51,-33.98,-22.06,-19.97,9.0,6,2026-04-08 to 2026-07-27 (75 days),-1.0,54.8,0.5813,304.17,380.3,BEARISH,HIGH,Earnings in 1d (2026-07-29); Last surprise: +2.7%; Earnings conf adj: -2,3.23,-1.0,1.0,1,2026-07-29,2.66,-2
2026-07-28T12:53:45,2026-07-28,MAA,HOLD,0,VWAP Trend,MEDIUM,3,24.27,133.46,2.86,0.0,4.64,0.0,0.0,2026-08-05,2.1,3.96,66.7,7.7,42.41,10.87,-4.9,8.1,9,2026-04-08 to 2026-07-27 (75 days),-1.0,48.8,0.2069,132.97,129.12,BULLISH,MEDIUM,Earnings in 1d (2026-07-29); Last surprise: +26.2%; Earnings conf adj: -1,9.06,-1.0,1.0,1,2026-07-29,26.19,-1
2026-07-28T12:55:45,2026-07-28,LPX,HOLD,0,Stochastic Oscillator,MEDIUM,2,24.26,74.23,8.86,0.0,13.29,0.0,0.0,2026-08-14,0.25,0.4,100.0,13.63,2.95,6.13,-8.62,17.0,1,2026-04-08 to 2026-07-27 (75 days),-1.0,49.8,0.431,74.24,79.67,BEARISH,HIGH,No special conditions,4.35,-1.0,1.0,8,2026-08-05,,0
2026-07-28T12:54:09,2026-07-28,RL,BUY,1,PEAD Earnings Drift,MEDIUM,3,24.18,379.94,5.2,360.18,13.0,429.33,7.49,2026-09-27,0.11,0.16,100.0,11.33,-0.59,-5.64,-10.71,61.0,1,2026-04-08 to 2026-07-27 (75 days),0.429,47.7,0.3767,379.4,357.52,BULLISH,MEDIUM,Strong trend (ADX=32); Last surprise: +10.2%; Earnings conf adj: +1; Size: Kelly 10.0% / VolTgt 5.0% / Blend 7.5%,4.98,-1.0,1.0,9,2026-08-06,10.24,1
2026-07-28T12:53:43,2026-07-28,LITE,HOLD,0,VWAP Trend,MEDIUM,3,23.97,711.96,12.0,0.0,10.56,0.0,0.0,2026-07-29,0.66,1.17,71.4,1.53,20.29,74.59,-14.16,1.7,7,2026-04-08 to 2026-07-27 (75 days),-1.0,42.0,1.0288,853.22,587.98,BULLISH,HIGH,Last surprise: +4.4%,1.82,-1.0,1.0,14,2026-08-11,4.41,0
2026-07-28T12:54:36,2026-07-28,TWLO,HOLD,0,Stochastic Oscillator,HIGH,4,23.89,194.47,11.81,0.0,8.5,0.0,0.0,2026-08-03,2.95,39.09,50.0,109.49,35.31,-262.87,-1.09,6.0,2,2026-04-08 to 2026-07-27 (75 days),-1.0,44.5,0.4409,201.95,147.58,BULLISH,HIGH,Last surprise: +18.1%; Earnings conf adj: +1,4.25,-1.0,1.0,9,2026-08-06,18.11,1
2026-07-28T12:52:51,2026-07-28,C,HOLD,0,PEAD Earnings Drift,MEDIUM,3,23.76,133.1,4.51,0.0,11.27,0.0,0.0,2026-10-24,0.27,0.4,100.0,12.02,3.77,-27.39,-9.4,88.0,1,2026-04-08 to 2026-07-27 (75 days),-1.0,45.5,0.318,134.31,117.26,BULLISH,MEDIUM,Strong trend (ADX=39); Last surprise: +15.9%; Earnings conf adj: +1,5.9,-1.0,1.0,77,2026-10-13,15.87,1
2026-07-28T12:54:25,2026-07-28,ULTA,HOLD,0,Momentum (Rate of Change),MEDIUM,2,23.68,480.51,4.06,0.0,6.09,0.0,0.0,2026-08-07,-0.78,-1.16,100.0,0.96,-3.69,25.97,-2.35,10.0,1,2026-04-08 to 2026-07-27 (75 days),-1.0,53.1,0.298,477.72,556.07,BEARISH,MEDIUM,Last surprise: +12.0%; Earnings conf adj: +1,6.29,-1.0,1.0,30,2026-08-27,12.01,1
2026-07-28T12:53:24,2026-07-28,FSLR,HOLD,0,VWAP Trend,MEDIUM,2,23.67,205.83,6.87,0.0,4.93,0.0,0.0,2026-07-31,1.97,4.72,77.8,2.86,69.35,60.52,-5.08,3.0,9,2026-04-08 to 2026-07-27 (75 days),-1.0,33.3,0.3616,247.84,234.85,BULLISH,MEDIUM,Strong trend (ADX=51); Earnings in 2d (2026-07-30); Earnings conf adj: -2,5.19,-1.0,1.0,2,2026-07-30,,-2
2026-07-28T12:53:56,2026-07-28,NVR,HOLD,0,SMA Crossover (10/50),LOW,1,23.59,6311.54,5.27,0.0,7.9,0.0,0.0,2026-09-06,0.16,0.25,100.0,4.67,1.26,21.92,-9.86,40.0,1,2026-04-08 to 2026-07-27 (75 days),-1.0,45.4,0.299,6320.88,6974.23,BEARISH,MEDIUM,Last surprise: -6.7%; Earnings conf adj: -1,6.27,-1.0,1.0,85,2026-10-21,-6.69,-1
2026-07-28T12:55:10,2026-07-28,CACI,HOLD,0,Stochastic Oscillator,MEDIUM,2,23.52,495.89,6.88,0.0,10.32,0.0,0.0,2026-08-28,0.62,1.01,50.0,4.0,13.63,54.44,-9.62,31.0,2,2026-04-08 to 2026-07-27 (75 days),-1.0,56.3,0.4388,491.05,552.83,BEARISH,HIGH,Last surprise: +4.9%,4.27,-1.0,1.0,8,2026-08-05,4.91,0
2026-07-28T12:54:13,2026-07-28,SOLV,HOLD,0,Stochastic Oscillator,MEDIUM,3,23.48,80.47,4.43,0.0,6.64,0.0,0.0,2026-08-22,0.16,0.27,100.0,16.07,1.33,-102.88,-5.47,25.0,1,2026-04-08 to 2026-07-27 (75 days),-1.0,57.5,0.3146,77.35,74.93,BULLISH,MEDIUM,Last surprise: +9.6%; Earnings conf adj: +1,5.96,-1.0,1.0,8,2026-08-05,9.63,1
2026-07-28T12:55:56,2026-07-28,KBH,HOLD,0,SMA Crossover (10/50),MEDIUM,3,23.42,57.62,5.33,0.0,8.0,0.0,0.0,2026-09-14,0.82,1.86,100.0,76.41,28.05,-21.96,-12.53,48.0,1,2026-04-08 to 2026-07-27 (75 days),-1.0,54.5,0.3539,53.83,56.95,BEARISH,MEDIUM,No special conditions,5.3,-1.0,1.0,58,2026-09-24,,0
2026-07-28T12:53:27,2026-07-28,GS,HOLD,0,Stochastic Oscillator,MEDIUM,3,23.4,1048.23,7.68,0.0,11.52,0.0,0.0,2026-08-22,0.22,0.4,100.0,25.67,2.51,-64.43,-9.11,25.0,1,2026-04-08 to 2026-07-27 (75 days),-1.0,47.8,0.4836,1040.94,904.29,BULLISH,HIGH,Last surprise: +44.3%; Earnings conf adj: +1,3.88,-1.0,1.0,77,2026-10-13,44.29,1
2026-07-28T12:55:52,2026-07-28,NVST,HOLD,0,ADX Trend Following,MEDIUM,3,23.38,26.64,4.46,0.0,8.39,0.0,0.0,2026-08-09,0.58,0.81,66.7,4.01,8.93,9.19,-6.94,12.7,3,2026-04-08 to 2026-07-27 (75 days),-1.0,54.8,0.2991,25.09,24.15,BULLISH,MEDIUM,No special conditions,6.27,-1.0,1.0,8,2026-08-05,,0
2026-07-28T12:53:52,2026-07-28,MSFT,HOLD,0,ADX Trend Following,LOW,0,23.27,389.1,4.41,0.0,6.62,0.0,0.0,2026-08-09,-1.54,-1.88,50.0,0.27,-29.38,-44.31,-14.61,12.5,4,2026-04-08 to 2026-07-27 (75 days),-1.0,49.0,0.3282,399.22,434.75,BEARISH,MEDIUM,Earnings in 1d (2026-07-29); Last surprise: +4.9%; Earnings conf adj: -2,5.71,-1.0,1.0,1,2026-07-29,4.91,-2
2026-07-28T12:54:11,2026-07-28,SHW,HOLD,0,MACD Crossover,LOW,0,23.23,327.27,4.63,0.0,6.95,0.0,0.0,2026-08-16,0.95,1.51,50.0,2.04,17.57,25.03,-6.22,19.0,2,2026-04-08 to 2026-07-27 (75 days),-1.0,50.3,0.3235,319.47,331.29,BEARISH,MEDIUM,EARNINGS TODAY (2026-07-28); Last surprise: +3.5%; Earnings conf adj: -3,5.8,-1.0,1.0,0,2026-07-28,3.52,-3
2026-07-28T12:55:53,2026-07-28,MAT,HOLD,0,Stochastic Oscillator,MEDIUM,2,23.22,14.8,5.12,0.0,7.68,0.0,0.0,2026-09-14,0.39,0.65,100.0,20.39,6.4,-2.09,-11.16,48.0,1,2026-04-08 to 2026-07-27 (75 days),-1.0,60.9,0.3791,14.25,17.1,BEARISH,MEDIUM,Strong trend (ADX=39),4.95,-1.0,1.0,7,2026-08-04,,0
2026-07-28T12:55:23,2026-07-28,COLB,HOLD,0,Composite Multi-Indicator,MEDIUM,2,23.06,30.9,3.64,0.0,7.28,0.0,0.0,2026-09-05,0.29,0.38,100.0,10.46,3.23,-28.16,-8.16,39.0,1,2026-04-08 to 2026-07-27 (75 days),-1.0,42.0,0.2716,30.8,28.4,BULLISH,MEDIUM,Price at statistical extreme,6.9,-1.0,1.0,-1,,,0
2026-07-28T12:55:04,2026-07-28,IESC,EXIT,-1,52-Week High Momentum,MEDIUM,3,22.89,603.23,12.0,675.62,22.59,466.96,6.36,2026-08-14,1.47,2.47,75.0,3.96,90.52,27.95,-11.17,17.5,4,2026-04-08 to 2026-07-27 (75 days),-1.0,41.7,0.6859,680.88,514.86,BULLISH,HIGH,Earnings in 3d (2026-07-31); Last surprise: +37.7%; Earnings conf adj: -1; Size: Kelly 10.0% / VolTgt 2.7% / Blend 6.4%,2.73,-1.0,1.0,3,2026-07-31,37.72,-1
2026-07-28T12:54:25,2026-07-28,UDR,HOLD,0,52-Week High Momentum,MEDIUM,3,22.85,39.27,3.01,0.0,6.02,0.0,0.0,2026-09-18,-0.38,-0.54,100.0,4.38,-6.15,-62.15,-6.36,52.0,1,2026-04-08 to 2026-07-27 (75 days),-1.0,48.8,0.2201,38.73,36.17,BULLISH,MEDIUM,High volume; Last surprise: +61.5%; Earnings conf adj: +1,8.52,-1.0,1.0,-1,2026-07-27,61.54,1
2026-07-28T12:53:16,2026-07-28,EXPE,HOLD,0,Composite Multi-Indicator,HIGH,4,22.73,278.37,7.59,0.0,11.38,0.0,0.0,2026-08-14,0.61,1.69,100.0,26.84,9.08,-65.39,-4.98,17.0,1,2026-04-08 to 2026-07-27 (75 days),-1.0,63.3,0.4381,243.37,245.14,BEARISH,HIGH,Price at statistical extreme; Last surprise: +42.0%; Earnings conf adj: +1,4.28,-1.0,1.0,8,2026-08-05,42.03,1
2026-07-28T12:53:46,2026-07-28,MCD,HOLD,0,Composite Multi-Indicator,LOW,1,22.67,270.67,3.26,0.0,4.89,0.0,0.0,2026-09-01,0.08,0.13,100.0,1.11,0.05,33.42,-6.88,35.0,1,2026-04-08 to 2026-07-27 (75 days),-1.0,48.6,0.2761,275.23,298.28,BEARISH,MEDIUM,Last surprise: +3.3%,6.79,-1.0,1.0,7,2026-08-04,3.28,0
2026-07-28T12:53:53,2026-07-28,NCLH,HOLD,0,SMA Crossover (10/50),MEDIUM,2,22.6,20.03,7.77,0.0,11.65,0.0,0.0,2026-09-14,0.68,1.13,100.0,51.55,18.27,20.45,-15.74,48.0,1,2026-04-08 to 2026-07-27 (75 days),-1.0,54.7,0.4841,18.86,20.37,BEARISH,HIGH,Earnings in 2d (2026-07-30); Last surprise: +64.3%; Earnings conf adj: -1,3.87,-1.0,1.0,2,2026-07-30,64.29,-1
2026-07-28T12:55:53,2026-07-28,TCBI,HOLD,-1,VWAP Trend,LOW,0,22.52,98.4,4.16,102.49,3.39,95.06,0.0,2026-07-30,-2.36,-2.59,46.2,0.42,-24.29,-18.25,-10.2,2.5,13,2026-04-08 to 2026-07-27 (75 days),-1.0,39.2,0.2724,100.99,95.85,BULLISH,MEDIUM,Price at statistical extreme,6.88,-1.0,1.0,85,2026-10-21,,0
2026-07-28T12:55:40,2026-07-28,FND,HOLD,0,SMA Crossover (10/50),LOW,1,22.49,55.41,9.12,0.0,13.68,0.0,0.0,2026-09-11,0.52,0.85,100.0,37.81,13.09,-18.4,-11.02,45.0,1,2026-04-08 to 2026-07-27 (75 days),-1.0,51.6,0.4568,52.45,59.57,BEARISH,HIGH,Earnings in 2d (2026-07-30); Earnings conf adj: -2,4.11,-1.0,1.0,2,2026-07-30,,-2
2026-07-28T12:53:44,2026-07-28,LULU,HOLD,0,Composite Multi-Indicator,LOW,1,22.37,117.83,7.59,0.0,11.38,0.0,0.0,2026-09-15,0.14,0.22,100.0,1.38,0.15,64.0,-13.47,49.0,1,2026-04-08 to 2026-07-27 (75 days),-1.0,51.1,0.4076,118.88,160.43,BEARISH,HIGH,Last surprise: +0.6%,4.6,-1.0,1.0,37,2026-09-03,0.6,0
2026-07-28T12:53:54,2026-07-28,NEM,HOLD,0,VWAP Trend,LOW,1,22.18,93.47,5.13,0.0,4.45,0.0,0.0,2026-07-30,0.17,0.26,50.0,1.16,1.43,56.05,-9.89,2.4,8,2026-04-08 to 2026-07-27 (75 days),-1.0,45.4,0.3645,100.63,103.74,BEARISH,MEDIUM,Last surprise: +5.5%; Earnings conf adj: +1,5.14,-1.0,1.0,86,2026-10-22,5.53,1
2026-07-28T12:53:52,2026-07-28,MTD,HOLD,0,ADX Trend Following,LOW,0,22.12,1336.29,4.29,0.0,6.44,0.0,0.0,2026-08-11,-0.25,-0.29,75.0,0.94,-14.65,-18.18,-21.29,14.2,4,2026-04-08 to 2026-07-27 (75 days),-1.0,62.6,0.2867,1197.76,1316.51,BEARISH,MEDIUM,Earnings in 2d (2026-07-30); Last surprise: +2.3%; Earnings conf adj: -2,6.54,-1.0,1.0,2,2026-07-30,2.3,-2
2026-07-28T12:52:42,2026-07-28,APH,BUY,1,PEAD Earnings Drift,MEDIUM,2,22.11,149.28,8.45,136.67,16.9,174.51,7.03,2026-10-20,0.64,0.96,100.0,59.1,20.31,-20.11,-15.73,84.0,1,2026-04-08 to 2026-07-27 (75 days),0.663,42.4,0.4622,150.86,141.0,BULLISH,HIGH,Earnings in 1d (2026-07-29); Last surprise: +11.6%; Earnings conf adj: -1; Size: Kelly 10.0% / VolTgt 4.1% / Blend 7.0%,4.06,-1.0,1.0,1,2026-07-29,11.58,-1
2026-07-28T12:53:34,2026-07-28,IFF,HOLD,0,Composite Multi-Indicator,HIGH,4,21.98,76.4,4.97,0.0,14.91,0.0,0.0,2026-09-22,0.57,0.9,100.0,33.26,11.41,-3.3,-12.0,56.0,1,2026-04-08 to 2026-07-27 (75 days),-1.0,48.9,0.3771,76.18,70.92,BULLISH,MEDIUM,Last surprise: +16.8%; Earnings conf adj: +1,4.97,-1.0,1.0,7,2026-08-04,16.82,1
2026-07-28T12:54:28,2026-07-28,VRT,HOLD,0,VWAP Trend,MEDIUM,2,21.67,287.6,12.0,0.0,6.47,0.0,0.0,2026-07-29,1.8,2.87,80.0,2.31,77.42,69.16,-11.35,1.5,10,2026-04-08 to 2026-07-27 (75 days),-1.0,42.4,0.6712,316.26,244.19,BULLISH,HIGH,Earnings in 1d (2026-07-29); Last surprise: +15.8%; Earnings conf adj: -2,2.79,-1.0,1.0,1,2026-07-29,15.84,-2
2026-07-28T12:55:50,2026-07-28,KBR,HOLD,0,Stochastic Oscillator,LOW,0,21.61,36.82,4.26,0.0,6.39,0.0,0.0,2026-08-25,1.0,1.55,50.0,28.0,31.83,43.0,-22.27,28.5,2,2026-04-08 to 2026-07-27 (75 days),-1.0,59.5,0.3341,34.37,38.85,BEARISH,MEDIUM,Earnings in 2d (2026-07-30); Earnings conf adj: -2,5.61,-1.0,1.0,2,2026-07-30,,-2
2026-07-28T12:52:53,2026-07-28,CCI,HOLD,0,ADX Trend Following,MEDIUM,2,21.53,74.13,4.28,0.0,6.42,0.0,0.0,2026-08-08,0.2,0.31,33.3,3.56,1.91,37.97,-7.57,11.3,3,2026-04-08 to 2026-07-27 (75 days),-1.0,34.7,0.3796,84.18,85.86,BEARISH,MEDIUM,Strong trend (ADX=34); Last surprise: +35.3%; Earnings conf adj: +1,4.94,-1.0,1.0,85,2026-10-21,35.29,1
2026-07-28T12:55:20,2026-07-28,HALO,BUY,1,52-Week High Momentum,MEDIUM,2,21.47,81.48,4.76,77.6,11.9,91.18,7.94,2026-08-23,0.06,0.1,100.0,57.04,-0.2,-111.28,-7.99,26.0,1,2026-04-08 to 2026-07-27 (75 days),0.317,66.0,0.3181,72.88,69.41,BULLISH,MEDIUM,Strong trend (ADX=34); Size: Kelly 10.0% / VolTgt 5.9% / Blend 7.9%,5.89,-1.0,1.0,9,2026-08-06,,0
2026-07-28T12:55:54,2026-07-28,OLLI,HOLD,0,Momentum (Rate of Change),LOW,0,21.31,66.77,8.55,0.0,10.62,0.0,0.0,2026-08-03,-0.66,-0.88,50.0,0.89,-12.25,60.02,-9.78,6.5,2,2026-04-08 to 2026-07-27 (75 days),-1.0,42.6,0.529,74.59,100.49,BEARISH,HIGH,No special conditions,3.54,-1.0,1.0,30,2026-08-27,,0
2026-07-28T12:54:34,2026-07-28,XYL,HOLD,0,ADX Trend Following,LOW,0,21.26,120.16,3.7,0.0,5.55,0.0,0.0,2026-08-24,0.97,1.44,50.0,2.67,17.99,36.21,-7.31,27.5,2,2026-04-08 to 2026-07-27 (75 days),-1.0,55.7,0.2493,113.68,128.3,BEARISH,MEDIUM,Strong trend (ADX=36); EARNINGS TODAY (2026-07-28); Last surprise: +3.7%; Earnings conf adj: -3,7.0,-1.0,1.0,0,2026-07-28,3.7,-3
2026-07-28T12:52:57,2026-07-28,CME,HOLD,-1,ADX Trend Following,LOW,0,21.25,255.36,4.23,266.16,6.35,239.14,0.0,2026-08-04,0.23,0.37,50.0,1.34,2.12,45.16,-6.37,7.0,2,2026-04-08 to 2026-07-27 (75 days),-1.0,58.0,0.3226,256.01,273.72,BEARISH,MEDIUM,Last surprise: +2.7%,5.81,-1.0,1.0,85,2026-10-21,2.75,0
2026-07-28T12:53:14,2026-07-28,ERIE,HOLD,0,Composite Multi-Indicator,LOW,1,21.24,228.26,10.02,0.0,15.03,0.0,0.0,2026-09-05,0.51,0.71,100.0,37.1,12.83,41.38,-18.46,39.0,1,2026-04-08 to 2026-07-27 (75 days),-1.0,49.4,0.668,226.22,259.37,BEARISH,HIGH,Strong trend (ADX=40); Earnings in 2d (2026-07-30); Last surprise: -5.2%; Earnings conf adj: -2,2.81,-1.0,1.0,2,2026-07-30,-5.23,-2
2026-07-28T12:53:07,2026-07-28,DOV,HOLD,-1,VWAP Trend,LOW,1,21.19,205.85,4.82,215.77,4.78,196.01,0.0,2026-07-30,0.17,0.24,63.6,1.34,1.21,16.54,-3.64,2.5,11,2026-04-08 to 2026-07-27 (75 days),-1.0,42.4,0.3837,215.22,205.04,BULLISH,MEDIUM,Strong trend (ADX=34); Last surprise: +0.7%,4.89,-1.0,1.0,86,2026-10-22,0.74,0
2026-07-28T12:52:53,2026-07-28,CDNS,HOLD,0,MACD Crossover,HIGH,4,20.96,338.61,9.1,0.0,14.73,0.0,0.0,2026-08-14,2.08,3.53,100.0,235.61,109.31,38.8,-9.65,17.3,3,2026-04-08 to 2026-07-27 (75 days),-1.0,38.5,0.4497,372.57,327.76,BULLISH,HIGH,High volume; Strong trend (ADX=37); Last surprise: +2.4%,4.17,-1.0,1.0,90,2026-10-26,2.43,0
2026-07-28T12:55:35,2026-07-28,VFC,HOLD,0,Momentum (Rate of Change),LOW,0,20.87,17.12,5.43,0.0,8.14,0.0,0.0,2026-08-10,0.4,0.56,50.0,4.62,6.89,19.07,-15.58,13.0,2,2026-04-08 to 2026-07-27 (75 days),-1.0,52.1,0.3735,16.87,17.46,BEARISH,MEDIUM,Earnings in 1d (2026-07-29); Last surprise: +27.3%; Earnings conf adj: -2,5.02,-1.0,1.0,1,2026-07-29,27.27,-2
2026-07-28T12:54:43,2026-07-28,ULS,HOLD,0,Stochastic Oscillator,MEDIUM,3,20.82,90.06,5.41,0.0,8.12,0.0,0.0,2026-09-01,0.12,0.15,100.0,2.9,-0.02,-21.27,-16.07,35.0,1,2026-04-08 to 2026-07-27 (75 days),-1.0,49.0,0.4221,94.73,84.96,BULLISH,HIGH,Last surprise: +22.0%; Earnings conf adj: +1,4.44,-1.0,1.0,7,2026-08-04,21.95,1
2026-07-28T12:53:47,2026-07-28,MDLZ,HOLD,0,EMA Crossover (9/21),LOW,0,20.62,60.67,3.77,0.0,5.66,0.0,0.0,2026-08-26,0.21,0.32,50.0,13.87,1.94,-12.32,-7.28,29.5,2,2026-04-08 to 2026-07-27 (75 days),-1.0,52.3,0.3204,60.56,57.72,BULLISH,MEDIUM,EARNINGS TODAY (2026-07-28); Last surprise: +9.8%; Earnings conf adj: -3,5.85,-1.0,1.0,0,2026-07-28,9.84,-3
2026-07-28T12:53:15,2026-07-28,EW,HOLD,0,MACD Crossover,MEDIUM,2,20.55,83.04,4.09,0.0,8.21,0.0,0.0,2026-08-17,0.09,0.14,66.7,1.09,-0.43,-6.08,-8.48,20.3,3,2026-04-08 to 2026-07-27 (75 days),-1.0,33.6,0.2314,87.26,83.43,BULLISH,MEDIUM,Strong trend (ADX=42); Last surprise: +5.4%; Earnings conf adj: +1,8.1,-1.0,1.0,-5,2026-07-23,5.41,1
2026-07-28T12:53:06,2026-07-28,DHI,HOLD,0,Momentum (Rate of Change),HIGH,4,20.35,147.65,5.45,0.0,14.01,0.0,0.0,2026-08-27,0.55,0.92,100.0,49.8,13.49,-0.04,-12.6,30.0,2,2026-04-08 to 2026-07-27 (75 days),-1.0,46.0,0.3248,150.0,149.8,BULLISH,MEDIUM,Strong trend (ADX=31); Last surprise: +7.0%; Earnings conf adj: +1,5.77,-1.0,1.0,-7,2026-07-21,7.02,1
2026-07-28T12:56:00,2026-07-28,HOG,HOLD,0,Multi-Factor Momentum MR,MEDIUM,2,20.15,24.79,9.73,0.0,24.33,0.0,0.0,2026-09-13,0.3,0.42,100.0,14.15,4.51,-66.78,-12.96,47.0,1,2026-04-08 to 2026-07-27 (75 days),-1.0,44.5,0.4693,25.09,22.64,BULLISH,HIGH,Strong trend (ADX=35),4.0,-1.0,1.0,-1,,,0
2026-07-28T12:54:03,2026-07-28,PH,BUY,1,MACD Crossover,MEDIUM,2,19.72,987.31,2.91,958.58,5.82,1044.77,9.86,2026-08-16,0.68,1.01,50.0,1.87,10.1,1.57,-5.13,19.5,2,2026-04-08 to 2026-07-27 (75 days),0.774,62.8,0.193,919.05,898.72,BULLISH,LOW,Price at statistical extreme; Last surprise: +4.3%; Size: Kelly 10.0% / VolTgt 9.7% / Blend 9.9%,9.71,-1.0,1.0,9,2026-08-06,4.34,0
2026-07-28T12:54:41,2026-07-28,STRL,EXIT,-1,52-Week High Momentum,HIGH,5,19.5,634.63,12.0,710.79,30.41,441.64,6.11,2026-08-18,1.87,5.6,100.0,620.73,380.77,83.81,-18.74,21.0,2,2026-04-08 to 2026-07-27 (75 days),-1.0,39.4,0.8428,788.3,498.26,BULLISH,HIGH,Last surprise: +63.9%; Earnings conf adj: +1; Size: Kelly 10.0% / VolTgt 2.2% / Blend 6.1%,2.22,-1.0,1.0,6,2026-08-03,63.93,1
2026-07-28T12:55:31,2026-07-28,NEU,HOLD,0,ADX Trend Following,LOW,0,19.49,775.04,4.41,0.0,6.62,0.0,0.0,2026-08-14,0.03,0.04,66.7,1.03,-0.9,-89.68,-8.79,17.0,3,2026-04-08 to 2026-07-27 (75 days),-1.0,51.0,0.227,771.2,709.36,BULLISH,MEDIUM,Earnings in 1d (2026-07-29); Earnings conf adj: -2,7.0,-1.0,1.0,1,2026-07-29,,-2
2026-07-28T12:55:53,2026-07-28,EXLS,HOLD,0,Momentum (Rate of Change),LOW,0,19.38,28.56,7.93,0.0,11.89,0.0,0.0,2026-08-15,0.29,0.5,50.0,4.54,4.15,24.65,-8.87,18.5,2,2026-04-08 to 2026-07-27 (75 days),-1.0,55.5,0.4281,27.98,34.21,BEARISH,HIGH,EARNINGS TODAY (2026-07-28); Earnings conf adj: -3,4.38,-1.0,1.0,0,2026-07-28,,-3
2026-07-28T12:53:58,2026-07-28,ON,HOLD,0,ADX Trend Following,HIGH,4,19.36,89.04,12.0,0.0,36.0,0.0,0.0,2026-08-22,2.69,4.74,66.7,43.12,336.13,190.4,-19.36,25.0,3,2026-04-08 to 2026-07-27 (75 days),-1.0,41.7,1.0053,108.09,74.16,BULLISH,HIGH,Last surprise: +3.2%,1.87,-1.0,1.0,6,2026-08-03,3.23,0
2026-07-28T12:53:58,2026-07-28,OKE,HOLD,0,VWAP Trend,MEDIUM,3,19.1,89.46,3.96,0.0,3.1,0.0,0.0,2026-07-29,1.01,1.79,55.6,2.12,11.3,-4.25,-3.24,1.8,9,2026-04-08 to 2026-07-27 (75 days),-1.0,47.5,0.2935,89.51,80.21,BULLISH,MEDIUM,Last surprise: -5.4%; Earnings conf adj: -1,6.39,-1.0,1.0,6,2026-08-03,-5.38,-1
2026-07-28T12:54:46,2026-07-28,LSCC,EXIT,-1,52-Week High Momentum,HIGH,5,18.84,122.91,12.0,137.66,28.63,87.72,6.24,2026-08-20,2.13,3.6,66.7,7.43,164.72,102.12,-12.31,23.0,3,2026-04-08 to 2026-07-27 (75 days),-1.0,40.7,0.7582,138.99,100.0,BULLISH,HIGH,Last surprise: +10.8%; Earnings conf adj: +1; Size: Kelly 10.0% / VolTgt 2.5% / Blend 6.2%,2.47,-1.0,1.0,7,2026-08-04,10.81,1
2026-07-28T12:54:51,2026-07-28,JLL,HOLD,0,EMA Crossover (9/21),LOW,1,18.72,333.15,4.77,0.0,7.15,0.0,0.0,2026-08-13,0.65,1.18,50.0,2.45,10.22,-6.29,-5.47,16.0,2,2026-04-08 to 2026-07-27 (75 days),-1.0,60.2,0.3448,306.4,316.95,BEARISH,MEDIUM,Earnings in 2d (2026-07-30); Last surprise: +14.0%; Earnings conf adj: -1,5.44,-1.0,1.0,2,2026-07-30,13.95,-1
2026-07-28T12:55:22,2026-07-28,TTC,HOLD,0,ADX Trend Following,LOW,0,18.54,94.59,4.03,0.0,6.04,0.0,0.0,2026-08-13,-1.4,-1.83,50.0,0.16,-26.53,-18.18,-13.0,16.8,4,2026-04-08 to 2026-07-27 (75 days),-1.0,52.6,0.2507,92.17,87.07,BULLISH,MEDIUM,No special conditions,7.0,-1.0,1.0,37,2026-09-03,,0
2026-07-28T12:54:50,2026-07-28,VNOM,HOLD,0,Stochastic Oscillator,LOW,1,18.53,43.04,3.82,0.0,5.73,0.0,0.0,2026-08-30,0.49,0.7,50.0,3.09,8.26,22.19,-13.65,33.5,2,2026-04-08 to 2026-07-27 (75 days),-1.0,45.8,0.3248,44.51,41.65,BULLISH,MEDIUM,Strong trend (ADX=42); Last surprise: +3.8%,5.77,-1.0,1.0,6,2026-08-03,3.77,0
2026-07-28T12:55:13,2026-07-28,RMBS,HOLD,0,ADX Trend Following,MEDIUM,2,18.5,96.42,12.0,0.0,28.31,0.0,0.0,2026-08-17,0.32,0.44,66.7,0.95,-5.76,10.08,-36.38,20.0,3,2026-04-08 to 2026-07-27 (75 days),-1.0,35.2,0.8038,128.7,109.28,BULLISH,HIGH,Strong trend (ADX=39); Last surprise: +6.9%; Earnings conf adj: +1,2.33,-1.0,1.0,90,2026-10-26,6.94,1
2026-07-28T12:53:37,2026-07-28,JBHT,HOLD,0,Multi-Factor Momentum MR,HIGH,5,18.46,280.96,4.92,0.0,12.95,0.0,0.0,2026-08-15,2.11,4.46,100.0,123.64,49.21,-66.4,-5.2,18.0,2,2026-04-08 to 2026-07-27 (75 days),-1.0,48.7,0.3875,277.37,220.55,BULLISH,MEDIUM,Last surprise: +9.8%; Earnings conf adj: +1,4.84,-1.0,1.0,78,2026-10-14,9.77,1
2026-07-28T12:55:22,2026-07-28,FCFS,HOLD,0,MACD Crossover,HIGH,4,18.36,206.74,6.94,0.0,11.02,0.0,0.0,2026-08-11,2.61,4.92,66.7,5.42,48.89,33.98,-6.37,14.0,3,2026-04-08 to 2026-07-27 (75 days),-1.0,43.2,0.3741,219.79,187.59,BULLISH,MEDIUM,Strong trend (ADX=45),5.01,-1.0,1.0,86,2026-10-22,,0
2026-07-28T12:52:48,2026-07-28,BKR,HOLD,1,Momentum (Rate of Change),LOW,1,18.26,60.59,6.58,56.6,9.87,66.57,0.0,2026-08-26,-0.74,-1.07,50.0,0.68,-22.58,-10.38,-16.97,29.5,2,2026-04-08 to 2026-07-27 (75 days),-1.0,59.9,0.413,60.4,55.98,BULLISH,HIGH,Price at statistical extreme; Last surprise: +30.6%; Earnings conf adj: +1,4.54,-1.0,1.0,86,2026-10-22,30.61,1
2026-07-28T12:52:41,2026-07-28,APD,HOLD,0,Stochastic Oscillator,LOW,1,18.09,292.58,4.52,0.0,6.78,0.0,0.0,2026-09-13,0.85,1.87,100.0,56.74,17.4,19.92,-7.14,47.0,1,2026-04-08 to 2026-07-27 (75 days),-1.0,49.2,0.4052,288.4,272.34,BULLISH,HIGH,Earnings in 2d (2026-07-30); Last surprise: +4.6%; Earnings conf adj: -2,4.63,-1.0,1.0,2,2026-07-30,4.58,-2
2026-07-28T12:54:43,2026-07-28,H,HOLD,0,Momentum (Rate of Change),MEDIUM,3,17.96,191.18,4.36,0.0,10.9,0.0,0.0,2026-10-20,2.46,4.6,100.0,215.31,92.18,-28.36,-7.97,84.0,1,2026-04-08 to 2026-07-27 (75 days),-1.0,52.2,0.2847,188.07,164.72,BULLISH,MEDIUM,Strong trend (ADX=32); Earnings in 2d (2026-07-30); Last surprise: +10.5%; Earnings conf adj: -1,6.59,-1.0,1.0,2,2026-07-30,10.53,-1
2026-07-28T12:54:04,2026-07-28,PPG,EXIT,-1,VWAP Trend,LOW,1,17.92,118.47,4.93,124.31,4.6,113.02,6.14,2026-07-30,1.08,1.73,66.7,2.26,17.23,-12.49,-6.88,2.7,9,2026-04-08 to 2026-07-27 (75 days),-1.0,52.8,0.3555,115.04,108.28,BULLISH,MEDIUM,EARNINGS TODAY (2026-07-28); Last surprise: +3.4%; Earnings conf adj: -3; Size: Kelly 7.0% / VolTgt 5.3% / Blend 6.1%,5.27,-1.0,1.0,0,2026-07-28,3.39,-3
2026-07-28T12:54:47,2026-07-28,CG,HOLD,0,SMA Crossover (10/50),LOW,0,17.85,46.28,5.0,0.0,7.5,0.0,0.0,2026-08-14,-1.08,-1.48,50.0,0.43,-22.72,-12.12,-11.61,17.0,2,2026-04-08 to 2026-07-27 (75 days),-1.0,57.8,0.3295,44.67,51.59,BEARISH,MEDIUM,Last surprise: -3.3%,5.69,-1.0,1.0,7,2026-08-04,-3.26,0
2026-07-28T12:52:58,2026-07-28,COHR,HOLD,0,VWAP Trend,HIGH,4,17.69,271.31,12.0,0.0,9.54,0.0,0.0,2026-07-29,2.27,4.98,71.4,3.46,178.26,190.37,-14.14,1.9,7,2026-04-08 to 2026-07-27 (75 days),-1.0,36.1,0.8792,360.38,251.54,BULLISH,HIGH,Strong trend (ADX=35); Last surprise: +1.4%,2.13,-1.0,1.0,15,2026-08-12,1.44,0
2026-07-28T12:53:08,2026-07-28,DOW,HOLD,0,MACD Crossover,LOW,1,17.44,28.75,8.75,0.0,11.16,0.0,0.0,2026-08-07,-1.23,-1.46,50.0,0.09,-25.27,38.97,-8.9,10.0,2,2026-04-08 to 2026-07-27 (75 days),-1.0,40.5,0.4483,32.22,29.86,BULLISH,HIGH,Last surprise: +12.5%; Earnings conf adj: +1,4.18,-1.0,1.0,86,2026-10-22,12.5,1
2026-07-28T12:54:00,2026-07-28,PANW,HOLD,0,Momentum (Rate of Change),HIGH,5,17.31,317.32,11.33,0.0,39.66,0.0,0.0,2026-11-14,4.34,8.03,100.0,899.23,784.0,106.85,-13.3,109.0,1,2026-04-08 to 2026-07-27 (75 days),-1.0,47.7,0.632,296.91,211.57,BULLISH,HIGH,Strong trend (ADX=30); Last surprise: +6.2%; Earnings conf adj: +1,2.97,-1.0,1.0,21,2026-08-18,6.25,1
2026-07-28T12:52:49,2026-07-28,BR,HOLD,0,Stochastic Oscillator,LOW,1,17.3,152.78,4.85,0.0,7.27,0.0,0.0,2026-09-03,0.41,0.62,50.0,4.13,7.47,21.81,-14.76,37.5,2,2026-04-08 to 2026-07-27 (75 days),-1.0,58.9,0.3685,145.88,183.61,BEARISH,MEDIUM,Last surprise: +4.6%,5.09,-1.0,1.0,7,2026-08-04,4.62,0
2026-07-28T12:55:47,2026-07-28,SHC,EXIT,-1,Momentum (Rate of Change),HIGH,4,17.29,17.24,4.64,18.04,16.24,14.44,8.06,2026-11-14,1.53,2.48,100.0,127.27,49.8,-2.38,-7.85,109.0,1,2026-04-08 to 2026-07-27 (75 days),-1.0,48.9,0.3071,16.59,16.43,BULLISH,MEDIUM,Strong trend (ADX=33); Size: Kelly 10.0% / VolTgt 6.1% / Blend 8.1%,6.11,-1.0,1.0,9,2026-08-06,,0
2026-07-28T12:53:00,2026-07-28,CRM,HOLD,0,ADX Trend Following,HIGH,4,17.01,173.6,9.77,0.0,14.65,0.0,0.0,2026-08-14,0.56,1.04,66.7,2.19,15.98,19.58,-15.14,17.0,3,2026-04-08 to 2026-07-27 (75 days),-1.0,55.1,0.5713,170.19,205.72,BEARISH,HIGH,Last surprise: +24.0%; Earnings conf adj: +1,3.28,-1.0,1.0,36,2026-09-02,23.96,1
2026-07-28T12:55:41,2026-07-28,APPF,HOLD,0,Stochastic Oscillator,MEDIUM,3,16.98,168.74,8.58,0.0,12.87,0.0,0.0,2026-08-22,1.09,1.84,50.0,116.6,39.69,5.15,-19.48,25.5,2,2026-04-08 to 2026-07-27 (75 days),-1.0,50.2,0.4822,164.14,193.08,BEARISH,HIGH,High volume,3.89,-1.0,1.0,-1,,,0
2026-07-28T12:54:33,2026-07-28,WY,HOLD,0,Stochastic Oscillator,LOW,0,16.85,23.91,3.85,0.0,5.78,0.0,0.0,2026-08-20,0.1,0.14,50.0,1.41,0.24,10.57,-7.62,23.5,2,2026-04-08 to 2026-07-27 (75 days),-1.0,50.1,0.3051,23.93,23.79,BULLISH,MEDIUM,Earnings in 2d (2026-07-30); Last surprise: +120.0%; Earnings conf adj: -1,6.15,-1.0,1.0,2,2026-07-30,120.0,-1
2026-07-28T12:55:43,2026-07-28,ACI,HOLD,0,ADX Trend Following,LOW,0,16.74,11.37,11.88,0.0,17.82,0.0,0.0,2026-08-05,-2.39,-2.82,25.0,0.08,-29.5,46.42,-10.46,8.0,4,2026-04-08 to 2026-07-27 (75 days),-1.0,24.5,0.8173,14.73,16.39,BEARISH,HIGH,RSI oversold; Price at statistical extreme; Strong trend (ADX=36),2.29,-1.0,1.0,77,2026-10-13,,0
2026-07-28T12:53:19,2026-07-28,FISV,HOLD,0,MACD Crossover,LOW,1,16.69,52.31,7.5,0.0,11.25,0.0,0.0,2026-08-17,0.08,0.11,50.0,1.02,-1.05,22.63,-10.82,20.0,2,2026-04-08 to 2026-07-27 (75 days),-1.0,53.8,0.4036,52.31,65.11,BEARISH,HIGH,Last surprise: +13.3%; Earnings conf adj: +1,4.65,-1.0,1.0,9,2026-08-06,13.29,1
2026-07-28T12:53:29,2026-07-28,HII,HOLD,-1,VWAP Trend,LOW,0,16.66,288.25,3.97,299.69,3.57,277.96,0.0,2026-07-30,-1.63,-1.8,36.4,0.51,-34.58,35.19,-18.13,2.5,11,2026-04-08 to 2026-07-27 (75 days),-1.0,52.8,0.2866,294.73,344.78,BEARISH,MEDIUM,Strong trend (ADX=35); Earnings in 2d (2026-07-30); Last surprise: +1.6%; Earnings conf adj: -2,6.54,-1.0,1.0,2,2026-07-30,1.61,-2
2026-07-28T12:55:32,2026-07-28,GAP,HOLD,0,VWAP Trend,LOW,1,16.48,19.64,7.35,0.0,10.39,0.0,0.0,2026-08-06,-0.42,-0.51,71.4,0.8,-23.68,33.51,-29.18,9.7,7,2026-04-08 to 2026-07-27 (75 days),-1.0,46.9,0.4238,20.64,23.83,BEARISH,HIGH,No special conditions,4.42,-1.0,1.0,30,2026-08-27,,0
2026-07-28T12:54:42,2026-07-28,ENTG,HOLD,0,VWAP Trend,MEDIUM,3,16.42,126.37,12.0,0.0,9.01,0.0,0.0,2026-07-29,0.43,0.6,60.0,1.23,9.47,17.49,-14.12,1.9,15,2026-04-08 to 2026-07-27 (75 days),-1.0,39.5,0.8297,144.91,118.44,BULLISH,HIGH,Strong trend (ADX=30); Last surprise: +14.7%; Earnings conf adj: +1,2.26,-1.0,1.0,7,2026-08-04,14.67,1
2026-07-28T12:52:40,2026-07-28,APA,HOLD,0,Stochastic Oscillator,MEDIUM,3,16.13,34.74,7.32,0.0,10.98,0.0,0.0,2026-09-10,0.68,0.99,50.0,2.15,20.34,48.12,-22.1,44.5,2,2026-04-08 to 2026-07-27 (75 days),-1.0,50.3,0.402,35.48,30.59,BULLISH,HIGH,Last surprise: +21.1%; Earnings conf adj: +1,4.66,-1.0,1.0,8,2026-08-05,21.05,1
2026-07-28T12:55:47,2026-07-28,GNTX,HOLD,0,ADX Trend Following,HIGH,4,16.01,22.92,4.46,0.0,7.76,0.0,0.0,2026-08-10,1.53,2.61,80.0,6.82,36.75,23.87,-5.42,13.0,5,2026-04-08 to 2026-07-27 (75 days),-1.0,36.8,0.2733,24.3,23.38,BULLISH,MEDIUM,Price at statistical extreme; Strong trend (ADX=34),6.86,-1.0,1.0,87,2026-10-23,,0
2026-07-28T12:54:45,2026-07-28,APG,EXIT,-1,VWAP Trend,MEDIUM,3,15.99,39.93,4.39,41.68,3.04,38.72,8.92,2026-07-30,1.06,1.72,55.6,2.42,14.68,41.76,-4.35,2.6,9,2026-04-08 to 2026-07-27 (75 days),-1.0,41.9,0.2391,41.64,41.09,BULLISH,MEDIUM,Earnings in 2d (2026-07-30); Last surprise: +6.7%; Earnings conf adj: -1; Size: Kelly 10.0% / VolTgt 7.8% / Blend 8.9%,7.84,-1.0,1.0,2,2026-07-30,6.67,-1
2026-07-28T12:55:30,2026-07-28,CHRD,HOLD,0,MACD Crossover,LOW,0,15.81,131.8,7.23,0.0,10.79,0.0,0.0,2026-08-06,0.2,0.27,33.3,1.18,1.93,6.83,-12.44,9.7,3,2026-04-08 to 2026-07-27 (75 days),-1.0,56.4,0.4402,130.17,112.02,BULLISH,HIGH,Strong trend (ADX=44),4.26,-1.0,1.0,8,2026-08-05,,0
2026-07-28T12:55:08,2026-07-28,SMTC,HOLD,0,VWAP Trend,HIGH,5,15.56,121.52,12.0,0.0,11.53,0.0,0.0,2026-07-30,2.16,4.28,70.0,3.87,138.15,-74.51,-10.07,2.3,10,2026-04-08 to 2026-07-27 (75 days),-1.0,40.4,0.9656,148.31,98.24,BULLISH,HIGH,Last surprise: +13.3%; Earnings conf adj: +1,1.94,-1.0,1.0,27,2026-08-24,13.33,1
2026-07-28T12:52:37,2026-07-28,ALGN,HOLD,0,ADX Trend Following,LOW,0,15.42,168.05,7.98,0.0,11.97,0.0,0.0,2026-08-10,-0.55,-0.75,50.0,0.61,-14.0,1.92,-13.95,13.0,2,2026-04-08 to 2026-07-27 (75 days),-1.0,42.0,0.4407,172.32,165.63,BULLISH,HIGH,Earnings in 1d (2026-07-29); Last surprise: +12.7%; Earnings conf adj: -1,4.25,-1.0,1.0,1,2026-07-29,12.66,-1
2026-07-28T12:55:38,2026-07-28,ORA,HOLD,0,MACD Crossover,HIGH,4,15.42,102.12,4.58,0.0,9.46,0.0,0.0,2026-08-10,2.89,6.94,66.7,232.93,102.34,132.3,-5.95,13.7,3,2026-04-08 to 2026-07-27 (75 days),-1.0,29.7,0.3246,123.92,115.77,BULLISH,MEDIUM,RSI oversold; Strong trend (ADX=60),5.78,-1.0,1.0,8,2026-08-05,,0
2026-07-28T12:53:00,2026-07-28,CRH,HOLD,0,MACD Crossover,LOW,0,15.2,102.86,4.72,0.0,7.08,0.0,0.0,2026-08-12,-0.14,-0.2,50.0,0.47,-4.42,23.86,-6.95,15.0,2,2026-04-08 to 2026-07-27 (75 days),-1.0,46.9,0.3267,105.42,113.9,BEARISH,MEDIUM,Strong trend (ADX=35); Earnings in 2d (2026-07-30); Last surprise: +8.7%; Earnings conf adj: -1,5.74,-1.0,1.0,2,2026-07-30,8.7,-1
2026-07-28T12:53:44,2026-07-28,LYB,HOLD,0,MACD Crossover,LOW,0,14.97,58.62,5.94,0.0,7.64,0.0,0.0,2026-08-04,-1.13,-1.36,33.3,0.49,-20.84,32.77,-11.68,7.7,3,2026-04-08 to 2026-07-27 (75 days),-1.0,47.2,0.3495,62.24,56.88,BULLISH,MEDIUM,Strong trend (ADX=38); Earnings in 3d (2026-07-31); Last surprise: +75.0%; Earnings conf adj: -1,5.36,-1.0,1.0,3,2026-07-31,75.0,-1
2026-07-28T12:53:26,2026-07-28,GOOG,EXIT,-1,VWAP Trend,MEDIUM,2,14.89,326.57,7.28,350.34,4.95,310.4,4.12,2026-07-30,-0.35,-0.51,55.6,0.93,-4.8,-18.42,-4.65,2.1,9,2026-04-08 to 2026-07-27 (75 days),-1.0,37.6,0.434,362.42,322.9,BULLISH,HIGH,Last surprise: +213.1%; Earnings conf adj: +1; Size: Kelly 3.9% / VolTgt 4.3% / Blend 4.1%,4.32,-1.0,1.0,-6,2026-07-22,213.06,1
2026-07-28T12:53:16,2026-07-28,EXE,HOLD,0,MACD Crossover,LOW,0,14.82,90.51,3.94,0.0,5.91,0.0,0.0,2026-08-28,-0.76,-1.13,50.0,0.3,-16.44,11.34,-9.72,31.0,2,2026-04-08 to 2026-07-27 (75 days),-1.0,52.6,0.3062,90.93,102.05,BEARISH,MEDIUM,EARNINGS TODAY (2026-07-28); Last surprise: +5.5%; Earnings conf adj: -3,6.12,-1.0,1.0,0,2026-07-28,5.51,-3
2026-07-28T12:55:18,2026-07-28,HLI,HOLD,0,EMA Crossover (9/21),LOW,0,14.81,141.25,4.71,0.0,7.06,0.0,0.0,2026-08-12,-0.72,-1.18,50.0,0.24,-9.66,3.27,-9.4,15.0,2,2026-04-08 to 2026-07-27 (75 days),-1.0,53.0,0.3651,141.05,161.33,BEARISH,MEDIUM,Earnings in 1d (2026-07-29); Earnings conf adj: -2,5.14,-1.0,1.0,1,2026-07-29,,-2
2026-07-28T12:52:32,2026-07-28,ABNB,HOLD,0,Momentum (Rate of Change),LOW,0,14.62,146.86,4.54,0.0,6.81,0.0,0.0,2026-08-31,0.46,0.73,50.0,2.22,8.55,-37.5,-8.3,34.0,2,2026-04-08 to 2026-07-27 (75 days),-1.0,55.0,0.3881,139.48,131.78,BULLISH,MEDIUM,Last surprise: -13.3%; Earnings conf adj: -1,4.83,-1.0,1.0,9,2026-08-06,-13.33,-1
2026-07-28T12:53:54,2026-07-28,NFLX,HOLD,0,Composite Multi-Indicator,LOW,0,14.53,70.4,7.38,0.0,11.07,0.0,0.0,2026-11-03,-3.21,-3.84,0.0,0.0,-63.98,5.12,-28.79,98.0,1,2026-04-08 to 2026-07-27 (75 days),-1.0,39.3,0.4351,78.7,92.53,BEARISH,HIGH,Strong trend (ADX=36); Last surprise: +1.3%,4.31,-1.0,1.0,84,2026-10-20,1.27,0
2026-07-28T12:55:12,2026-07-28,AR,HOLD,0,Stochastic Oscillator,LOW,0,14.5,33.85,4.75,0.0,7.12,0.0,0.0,2026-09-16,-0.32,-0.45,50.0,0.48,-13.26,25.91,-14.78,50.5,2,2026-04-08 to 2026-07-27 (75 days),-1.0,45.9,0.3349,35.22,35.62,BEARISH,MEDIUM,Strong trend (ADX=31); Earnings in 1d (2026-07-29); Last surprise: +0.9%; Earnings conf adj: -2,5.6,-1.0,1.0,1,2026-07-29,0.88,-2
2026-07-28T12:54:41,2026-07-28,SNX,EXIT,-1,52-Week High Momentum,HIGH,5,14.26,244.89,7.07,262.2,21.21,192.95,7.3,2026-10-17,3.7,7.23,100.0,356.09,166.05,64.57,-8.49,81.0,1,2026-04-08 to 2026-07-27 (75 days),-1.0,43.7,0.4086,256.83,188.82,BULLISH,HIGH,Last surprise: +17.1%; Earnings conf adj: +1; Size: Kelly 10.0% / VolTgt 4.6% / Blend 7.3%,4.59,-1.0,1.0,58,2026-09-24,17.15,1
2026-07-28T12:55:49,2026-07-28,CNX,HOLD,0,VWAP Trend,LOW,0,14.12,33.75,3.88,0.0,5.8,0.0,0.0,2026-08-05,0.32,0.49,66.7,1.83,3.99,40.58,-5.74,8.0,6,2026-04-08 to 2026-07-27 (75 days),-1.0,51.6,0.2606,33.82,36.7,BEARISH,MEDIUM,Earnings in 2d (2026-07-30); Earnings conf adj: -2,7.0,-1.0,1.0,2,2026-07-30,,-2
2026-07-28T12:53:39,2026-07-28,KLAC,HOLD,0,ADX Trend Following,LOW,1,14.08,203.36,12.0,0.0,18.0,0.0,0.0,2026-08-29,1.1,1.66,100.0,163.38,69.48,-26.02,-28.25,32.5,2,2026-04-08 to 2026-07-27 (75 days),-1.0,41.8,0.9533,220.62,160.22,BULLISH,HIGH,EARNINGS TODAY (2026-07-28); Last surprise: +2.2%; Earnings conf adj: -3,1.97,-1.0,1.0,0,2026-07-28,2.17,-3
2026-07-28T12:54:37,2026-07-28,ATI,HOLD,0,ADX Trend Following,HIGH,5,14.07,192.64,8.92,0.0,15.75,0.0,0.0,2026-08-20,1.72,3.23,100.0,165.69,69.34,-34.04,-10.21,23.3,3,2026-04-08 to 2026-07-27 (75 days),-1.0,52.7,0.4143,183.94,140.69,BULLISH,HIGH,Last surprise: +13.6%; Earnings conf adj: +1,4.53,-1.0,1.0,9,2026-08-06,13.64,1
2026-07-28T12:52:59,2026-07-28,CPRT,HOLD,0,ADX Trend Following,LOW,0,14.04,29.79,6.25,0.0,9.38,0.0,0.0,2026-08-16,-0.63,-1.04,50.0,0.64,-18.76,11.89,-16.63,19.5,4,2026-04-08 to 2026-07-27 (75 days),-1.0,56.5,0.5442,30.29,36.24,BEARISH,HIGH,High volume; Last surprise: +4.9%,3.45,-1.0,1.0,37,2026-09-03,4.88,0
2026-07-28T12:52:56,2026-07-28,CMG,HOLD,-1,ADX Trend Following,LOW,0,13.22,33.2,8.42,36.0,12.3,29.12,0.0,2026-08-09,-0.55,-0.73,50.0,0.81,-18.97,-13.15,-18.27,12.0,6,2026-04-08 to 2026-07-27 (75 days),-1.0,49.0,0.451,32.57,35.08,BEARISH,HIGH,Earnings in 1d (2026-07-29); Last surprise: +0.0%; Earnings conf adj: -2,4.16,-1.0,1.0,1,2026-07-29,0.0,-2
2026-07-28T12:54:44,2026-07-28,PR,HOLD,1,Momentum (Rate of Change),LOW,0,13.06,20.25,4.49,19.34,8.98,22.07,0.0,2026-08-10,-0.7,-0.83,50.0,0.49,-15.33,-13.08,-12.43,13.0,2,2026-04-08 to 2026-07-27 (75 days),-1.0,55.6,0.3529,19.5,16.98,BULLISH,MEDIUM,Strong trend (ADX=46); Last surprise: +2.6%,5.31,-1.0,1.0,8,2026-08-05,2.63,0
2026-07-28T12:55:43,2026-07-28,ESAB,HOLD,0,Stochastic Oscillator,LOW,0,13.01,88.32,9.79,0.0,14.68,0.0,0.0,2026-08-30,0.21,0.33,50.0,1.21,-0.44,39.97,-19.02,33.5,2,2026-04-08 to 2026-07-27 (75 days),-1.0,47.6,0.6061,91.54,106.93,BEARISH,HIGH,No special conditions,3.09,-1.0,1.0,9,2026-08-06,,0
2026-07-28T12:55:34,2026-07-28,ENS,HOLD,0,VWAP Trend,MEDIUM,2,12.92,190.24,9.58,0.0,7.47,0.0,0.0,2026-07-30,0.81,1.63,54.5,1.7,22.08,17.17,-9.19,2.8,11,2026-04-08 to 2026-07-27 (75 days),-1.0,37.2,0.5666,219.69,176.2,BULLISH,HIGH,Strong trend (ADX=30),3.31,-1.0,1.0,15,2026-08-12,,0
2026-07-28T12:54:41,2026-07-28,MKSI,EXIT,-1,Momentum (Rate of Change),HIGH,5,12.91,315.7,12.0,353.58,36.0,202.05,6.13,2026-10-21,1.68,2.57,100.0,279.6,127.42,22.74,-21.81,85.0,1,2026-04-08 to 2026-07-27 (75 days),-1.0,40.0,0.8295,347.79,240.35,BULLISH,HIGH,Last surprise: +12.2%; Earnings conf adj: +1; Size: Kelly 10.0% / VolTgt 2.3% / Blend 6.1%,2.26,-1.0,1.0,8,2026-08-05,12.2,1
2026-07-28T12:54:59,2026-07-28,BWA,HOLD,0,VWAP Trend,HIGH,5,12.91,63.68,4.76,0.0,5.1,0.0,0.0,2026-08-01,2.26,4.01,80.0,12.19,65.39,-1.07,-8.49,4.6,5,2026-04-08 to 2026-07-27 (75 days),-1.0,44.1,0.3017,67.8,54.07,BULLISH,MEDIUM,Strong trend (ADX=39); Last surprise: +6.0%; Earnings conf adj: +1,6.21,-1.0,1.0,8,2026-08-05,5.98,1
2026-07-28T12:53:38,2026-07-28,KDP,EXIT,-1,Momentum (Rate of Change),MEDIUM,3,12.56,30.12,4.29,31.41,8.58,27.54,7.72,2026-10-17,0.63,0.87,100.0,41.97,12.67,-59.98,-10.22,81.0,1,2026-04-08 to 2026-07-27 (75 days),-1.0,44.3,0.345,30.66,28.11,BULLISH,MEDIUM,Last surprise: +5.4%; Size: Kelly 10.0% / VolTgt 5.4% / Blend 7.7%,5.44,-1.0,1.0,9,2026-08-06,5.41,0
2026-07-28T12:54:42,2026-07-28,DKS,HOLD,0,VWAP Trend,HIGH,4,12.31,205.6,5.75,0.0,3.71,0.0,0.0,2026-07-30,1.26,1.89,66.7,2.0,31.06,27.69,-7.98,2.0,9,2026-04-08 to 2026-07-27 (75 days),-1.0,38.3,0.3329,220.84,211.88,BULLISH,MEDIUM,Last surprise: -0.3%,5.63,-1.0,1.0,28,2026-08-25,-0.34,0
2026-07-28T12:56:01,2026-07-28,SLV,HOLD,0,Composite Multi-Indicator,LOW,0,12.22,52.93,5.33,0.0,8.0,0.0,0.0,2026-10-06,-2.42,-2.83,0.0,0.0,-61.55,-5.31,-28.02,70.0,1,2026-04-08 to 2026-07-27 (75 days),-1.0,43.9,0.3761,59.98,63.39,BEARISH,MEDIUM,No special conditions,4.99,-1.0,1.0,-1,,,0
2026-07-28T12:54:28,2026-07-28,VMC,HOLD,0,EMA Crossover (9/21),LOW,0,12.15,284.49,4.7,0.0,7.05,0.0,0.0,2026-08-14,-0.46,-0.62,50.0,0.43,-13.15,-4.66,-11.88,17.5,4,2026-04-08 to 2026-07-27 (75 days),-1.0,46.8,0.3169,285.61,290.21,BEARISH,MEDIUM,Earnings in 1d (2026-07-29); Last surprise: +22.7%; Earnings conf adj: -1,5.92,-1.0,1.0,1,2026-07-29,22.73,-1
2026-07-28T12:54:53,2026-07-28,WMG,HOLD,0,MACD Crossover,LOW,1,11.57,27.61,5.08,0.0,10.16,0.0,0.0,2026-08-18,-0.66,-0.91,50.0,0.13,-15.07,-17.97,-11.58,21.0,2,2026-04-08 to 2026-07-27 (75 days),-1.0,45.6,0.3657,29.57,29.11,BULLISH,MEDIUM,Strong trend (ADX=38); Last surprise: +48.3%; Earnings conf adj: +1,5.13,-1.0,1.0,9,2026-08-06,48.28,1
2026-07-28T12:55:01,2026-07-28,TTMI,HOLD,0,VWAP Trend,HIGH,5,11.56,123.71,12.0,0.0,12.98,0.0,0.0,2026-07-31,1.77,4.24,57.1,2.94,101.01,30.95,-9.83,3.0,7,2026-04-08 to 2026-07-27 (75 days),-1.0,33.3,0.9515,172.1,110.96,BULLISH,HIGH,Strong trend (ADX=39); Last surprise: +11.9%; Earnings conf adj: +1,1.97,-1.0,1.0,8,2026-08-05,11.94,1
2026-07-28T12:55:59,2026-07-28,MZTI,HOLD,1,Stochastic Oscillator,LOW,0,11.56,107.48,5.43,101.64,8.14,116.23,0.0,2026-09-30,-0.85,-1.09,0.0,0.0,-21.63,40.57,-18.86,64.0,1,2026-04-08 to 2026-07-27 (75 days),-1.0,44.5,0.3872,110.65,143.33,BEARISH,MEDIUM,No special conditions,4.84,-1.0,1.0,23,2026-08-20,,0
2026-07-28T12:54:01,2026-07-28,PFE,HOLD,0,Stochastic Oscillator,LOW,0,11.47,24.67,2.73,0.0,4.09,0.0,0.0,2026-10-18,-0.75,-1.01,0.0,0.0,-13.02,9.2,-9.69,82.0,1,2026-04-08 to 2026-07-27 (75 days),-1.0,54.3,0.2077,24.72,24.9,BEARISH,MEDIUM,Strong trend (ADX=33); Last surprise: +4.2%,7.0,-1.0,1.0,7,2026-08-04,4.17,0
2026-07-28T12:53:36,2026-07-28,IT,HOLD,0,VWAP Trend,MEDIUM,2,11.4,147.45,10.24,0.0,15.36,0.0,0.0,2026-08-17,-0.11,-0.18,60.0,1.07,-17.61,-13.23,-27.98,20.0,5,2026-04-08 to 2026-07-27 (75 days),-1.0,57.2,0.6759,145.07,186.35,BEARISH,HIGH,Price at statistical extreme; Last surprise: +13.7%; Earnings conf adj: +1,2.77,-1.0,1.0,7,2026-08-04,13.7,1
2026-07-28T12:53:59,2026-07-28,OXY,HOLD,0,Momentum (Rate of Change),LOW,1,11.39,54.93,4.94,0.0,9.88,0.0,0.0,2026-08-24,-1.26,-1.62,50.0,0.06,-32.25,-8.45,-13.89,27.5,2,2026-04-08 to 2026-07-27 (75 days),-1.0,52.7,0.3982,54.92,49.58,BULLISH,MEDIUM,Strong trend (ADX=45); Last surprise: +79.7%; Earnings conf adj: +1,4.71,-1.0,1.0,8,2026-08-05,79.66,1
2026-07-28T12:56:01,2026-07-28,UNG,HOLD,0,MACD Crossover,MEDIUM,2,11.34,10.11,4.94,0.0,7.41,0.0,0.0,2026-08-09,0.98,1.57,50.0,5.46,27.33,54.13,-8.32,12.2,4,2026-04-08 to 2026-07-27 (75 days),-1.0,34.9,0.3757,11.28,12.19,BEARISH,MEDIUM,Strong trend (ADX=33),4.99,-1.0,1.0,-1,,,0
2026-07-28T12:55:15,2026-07-28,CGNX,HOLD,0,Stochastic Oscillator,HIGH,4,11.29,61.29,10.16,0.0,15.24,0.0,0.0,2026-08-13,1.32,2.19,50.0,3.47,36.72,-20.07,-10.72,16.0,2,2026-04-08 to 2026-07-27 (75 days),-1.0,41.8,0.4974,64.82,50.5,BULLISH,HIGH,Last surprise: +36.0%; Earnings conf adj: +1,3.77,-1.0,1.0,8,2026-08-05,36.0,1
2026-07-28T12:54:06,2026-07-28,QCOM,HOLD,0,ADX Trend Following,MEDIUM,2,11.07,170.04,8.77,0.0,17.54,0.0,0.0,2026-08-25,2.31,3.73,100.0,475.78,290.92,121.05,-23.55,28.5,2,2026-04-08 to 2026-07-27 (75 days),-1.0,38.5,0.4522,202.85,167.95,BULLISH,HIGH,Earnings in 1d (2026-07-29); Last surprise: +3.5%; Earnings conf adj: -2,4.15,-1.0,1.0,1,2026-07-29,3.52,-2
2026-07-28T12:54:16,2026-07-28,SYF,HOLD,0,Composite Multi-Indicator,LOW,1,11.0,75.31,6.91,0.0,10.37,0.0,0.0,2026-10-30,0.05,0.06,0.0,0.0,-3.67,-22.0,-13.22,94.0,1,2026-04-08 to 2026-07-27 (75 days),-1.0,54.7,0.4669,73.12,73.87,BEARISH,HIGH,Strong trend (ADX=31); Last surprise: +21.6%; Earnings conf adj: +1,4.02,-1.0,1.0,78,2026-10-14,21.6,1
2026-07-28T12:54:58,2026-07-28,GLPI,HOLD,0,VWAP Trend,LOW,0,10.92,45.04,2.98,0.0,3.41,0.0,0.0,2026-07-31,-0.71,-0.93,50.0,0.82,-7.83,-5.45,-6.64,3.5,8,2026-04-08 to 2026-07-27 (75 days),-1.0,52.6,0.2315,45.4,44.43,BULLISH,MEDIUM,Earnings in 2d (2026-07-30); Last surprise: +2.6%; Earnings conf adj: -2,7.0,-1.0,1.0,2,2026-07-30,2.6,-2
2026-07-28T12:54:06,2026-07-28,Q,HOLD,0,ADX Trend Following,HIGH,4,10.83,132.97,11.24,0.0,8.8,0.0,0.0,2026-08-02,1.03,1.57,50.0,2.54,33.08,74.96,-12.21,5.0,2,2026-05-06 to 2026-07-27 (55 days),-1.0,38.5,0.5001,150.77,nan,NEUTRAL,HIGH,Strong trend (ADX=39); Last surprise: +17.4%; Earnings conf adj: +1,3.75,-1.0,1.0,7,2026-08-04,17.39,1
2026-07-28T12:54:51,2026-07-28,SGI,HOLD,0,EMA Crossover (9/21),LOW,0,10.83,72.91,6.48,0.0,9.72,0.0,0.0,2026-08-21,-0.55,-0.82,50.0,0.22,-15.5,2.08,-11.56,24.0,2,2026-04-08 to 2026-07-27 (75 days),-1.0,50.1,0.3901,71.44,81.41,BEARISH,MEDIUM,Last surprise: +3.5%,4.81,-1.0,1.0,9,2026-08-06,3.51,0
2026-07-28T12:52:40,2026-07-28,ANET,BUY,1,PEAD Earnings Drift,HIGH,5,10.81,170.76,11.63,150.9,34.89,230.34,6.47,2026-10-16,1.52,2.38,100.0,203.49,87.13,12.9,-13.44,80.0,1,2026-04-08 to 2026-07-27 (75 days),0.397,50.2,0.6382,163.8,145.39,BULLISH,HIGH,Last surprise: +7.4%; Earnings conf adj: +1; Size: Kelly 10.0% / VolTgt 2.9% / Blend 6.5%,2.94,-1.0,1.0,7,2026-08-04,7.41,1
2026-07-28T12:55:31,2026-07-28,SLAB,HOLD,0,Multi-Factor Momentum MR,MEDIUM,2,10.67,217.29,1.5,0.0,2.02,0.0,0.0,2026-09-30,0.26,0.38,100.0,3.55,0.87,-10.8,-1.26,64.0,1,2026-04-08 to 2026-07-27 (75 days),-1.0,44.5,0.0321,218.16,180.89,BULLISH,LOW,Strong trend (ADX=30),10.0,-1.0,1.0,7,2026-08-04,,0
2026-07-28T12:55:02,2026-07-28,PEN,HOLD,0,Multi-Factor Momentum MR,LOW,0,10.66,319.49,1.5,0.0,1.36,0.0,0.0,2026-08-04,-2.22,-2.42,0.0,0.0,-3.1,8.33,-0.95,7.0,1,2026-04-08 to 2026-07-27 (75 days),-1.0,54.2,0.0651,319.52,314.04,BULLISH,LOW,EARNINGS TODAY (2026-07-28); Last surprise: -4.7%; Earnings conf adj: -3,7.0,-1.0,1.0,0,2026-07-28,-4.72,-3
2026-07-28T12:53:42,2026-07-28,LHX,HOLD,0,Stochastic Oscillator,LOW,0,10.65,303.48,3.74,0.0,5.61,0.0,0.0,2026-10-30,-0.44,-0.63,0.0,0.0,-13.66,30.71,-14.17,94.0,1,2026-04-08 to 2026-07-27 (75 days),-1.0,58.7,0.2748,299.2,314.52,BEARISH,MEDIUM,Earnings in 1d (2026-07-29); Last surprise: +13.2%; Earnings conf adj: -1,6.82,-1.0,1.0,1,2026-07-29,13.23,-1
2026-07-28T12:55:57,2026-07-28,HAE,BUY,1,VWAP Trend,MEDIUM,3,10.46,79.91,4.62,76.22,4.28,83.33,8.54,2026-08-01,2.95,5.78,54.5,3.26,125.77,-46.77,-10.74,4.2,11,2026-04-08 to 2026-07-27 (75 days),0.421,65.0,0.2652,71.87,66.79,BULLISH,MEDIUM,Price at statistical extreme; Size: Kelly 10.0% / VolTgt 7.1% / Blend 8.5%,7.07,-1.0,1.0,9,2026-08-06,,0
2026-07-28T12:52:58,2026-07-28,COIN,HOLD,0,EMA Crossover (9/21),LOW,0,10.35,167.49,10.49,0.0,15.73,0.0,0.0,2026-08-17,-0.69,-0.94,50.0,0.07,-30.06,-16.03,-17.31,20.0,2,2026-04-08 to 2026-07-27 (75 days),-1.0,52.5,0.6618,168.27,217.77,BEARISH,HIGH,Earnings in 2d (2026-07-30); Last surprise: -3825.0%; Earnings conf adj: -3,2.83,-1.0,1.0,2,2026-07-30,-3825.0,-3
2026-07-28T12:55:33,2026-07-28,HIMS,HOLD,0,Momentum (Rate of Change),MEDIUM,3,10.13,30.24,12.0,0.0,18.0,0.0,0.0,2026-10-31,0.94,1.4,100.0,134.67,53.18,-301.03,-28.12,95.0,1,2026-04-08 to 2026-07-27 (75 days),-1.0,41.7,0.7052,30.34,31.07,BEARISH,HIGH,Price at statistical extreme,2.66,-1.0,1.0,13,2026-08-10,,0
2026-07-28T12:55:07,2026-07-28,KNX,HOLD,0,ADX Trend Following,HIGH,5,9.99,70.73,6.23,0.0,17.01,0.0,0.0,2026-09-04,1.85,3.07,100.0,150.9,62.44,8.47,-11.45,38.5,2,2026-04-08 to 2026-07-27 (75 days),-1.0,39.0,0.3481,75.04,59.31,BULLISH,MEDIUM,Price at statistical extreme; Last surprise: +23.5%; Earnings conf adj: +1,5.39,-1.0,1.0,85,2026-10-21,23.53,1
2026-07-28T12:54:50,2026-07-28,SITM,EXIT,-1,52-Week High Momentum,HIGH,5,9.9,522.67,12.0,585.39,27.58,378.52,6.07,2026-08-13,2.29,6.2,100.0,478.83,260.55,100.83,-23.21,16.0,2,2026-04-08 to 2026-07-27 (75 days),-1.0,35.8,0.8755,674.63,452.71,BULLISH,HIGH,Strong trend (ADX=32); Last surprise: +24.1%; Earnings conf adj: +1; Size: Kelly 10.0% / VolTgt 2.1% / Blend 6.1%,2.14,-1.0,1.0,8,2026-08-05,24.14,1
2026-07-28T12:55:55,2026-07-28,OLED,HOLD,0,Stochastic Oscillator,LOW,0,9.7,81.55,4.47,0.0,6.71,0.0,0.0,2026-10-23,-1.43,-1.79,0.0,0.0,-43.52,-7.5,-20.4,87.0,1,2026-04-08 to 2026-07-27 (75 days),-1.0,46.6,0.3392,86.52,106.77,BEARISH,MEDIUM,Earnings in 2d (2026-07-30); Earnings conf adj: -2,5.53,-1.0,1.0,2,2026-07-30,,-2
2026-07-28T12:54:06,2026-07-28,PTC,HOLD,0,Momentum (Rate of Change),LOW,0,9.26,125.21,7.82,0.0,11.73,0.0,0.0,2026-08-21,-0.84,-1.36,50.0,0.01,-25.29,13.06,-17.77,24.0,2,2026-04-08 to 2026-07-27 (75 days),-1.0,53.0,0.5666,128.16,155.88,BEARISH,HIGH,Earnings in 1d (2026-07-29); Last surprise: +28.1%; Earnings conf adj: -1,3.31,-1.0,1.0,1,2026-07-29,28.1,-1
2026-07-28T12:52:53,2026-07-28,CEG,HOLD,-1,Stochastic Oscillator,LOW,1,9.25,270.0,6.21,286.77,9.31,244.86,0.0,2026-10-04,-0.29,-0.38,0.0,0.0,-13.59,2.05,-21.58,68.0,1,2026-04-08 to 2026-07-27 (75 days),-1.0,57.0,0.4072,263.62,310.05,BEARISH,HIGH,Last surprise: +5.4%; Earnings conf adj: +1,4.6,-1.0,1.0,9,2026-08-06,5.38,1
2026-07-28T12:55:54,2026-07-28,THO,HOLD,0,Composite Multi-Indicator,MEDIUM,2,9.12,76.54,5.97,0.0,8.96,0.0,0.0,2026-10-19,0.39,0.52,100.0,23.37,7.81,16.11,-10.46,83.0,1,2026-04-08 to 2026-07-27 (75 days),-1.0,53.1,0.3681,75.41,91.26,BEARISH,MEDIUM,No special conditions,5.09,-1.0,1.0,57,2026-09-23,,0
2026-07-28T12:54:20,2026-07-28,TMUS,HOLD,0,Stochastic Oscillator,LOW,1,9.06,177.21,8.33,0.0,12.5,0.0,0.0,2026-10-27,0.01,0.01,0.0,0.0,-4.07,25.67,-14.98,91.0,1,2026-04-08 to 2026-07-27 (75 days),-1.0,43.5,0.55,184.51,198.73,BEARISH,HIGH,Strong trend (ADX=30); Last surprise: +15.0%; Earnings conf adj: +1,3.41,-1.0,1.0,86,2026-10-22,15.0,1
2026-07-28T12:55:56,2026-07-28,DOCS,HOLD,0,Stochastic Oscillator,HIGH,4,8.91,20.99,8.86,0.0,13.29,0.0,0.0,2026-08-17,2.35,4.48,66.7,253.03,120.1,133.02,-11.97,20.7,3,2026-04-08 to 2026-07-27 (75 days),-1.0,46.9,0.4326,20.87,34.73,BEARISH,HIGH,No special conditions,4.33,-1.0,1.0,9,2026-08-06,,0
2026-07-28T12:54:12,2026-07-28,SNPS,HOLD,0,MACD Crossover,HIGH,5,8.47,388.99,8.55,0.0,20.42,0.0,0.0,2026-09-05,2.68,6.23,100.0,229.93,101.52,118.03,-4.28,39.0,1,2026-04-08 to 2026-07-27 (75 days),-1.0,34.8,0.4152,458.53,451.7,BULLISH,HIGH,Strong trend (ADX=32); Last surprise: +6.0%; Earnings conf adj: +1,4.52,-1.0,1.0,29,2026-08-26,6.01,1
2026-07-28T12:53:54,2026-07-28,NI,HOLD,0,MACD Crossover,LOW,0,8.36,45.81,3.15,0.0,4.72,0.0,0.0,2026-08-09,-1.72,-2.24,33.3,0.08,-18.33,-4.85,-7.11,12.3,3,2026-04-08 to 2026-07-27 (75 days),-1.0,44.1,0.2386,46.85,44.83,BULLISH,MEDIUM,Last surprise: +1.0%,7.0,-1.0,1.0,8,2026-08-05,0.95,0
2026-07-28T12:52:33,2026-07-28,ADI,HOLD,0,VWAP Trend,LOW,1,8.2,371.89,7.7,0.0,5.16,0.0,0.0,2026-07-30,-0.28,-0.36,54.5,0.91,-10.2,-38.99,-10.37,2.6,11,2026-04-08 to 2026-07-27 (75 days),-1.0,41.5,0.4067,402.99,326.65,BULLISH,HIGH,Last surprise: +6.2%; Earnings conf adj: +1,4.61,-1.0,1.0,22,2026-08-19,6.19,1
2026-07-28T12:52:42,2026-07-28,APP,BUY,1,Stochastic Oscillator,MEDIUM,3,8.07,412.73,12.0,363.2,18.0,487.02,6.2,2026-08-09,0.96,1.6,66.7,3.03,34.49,14.48,-14.73,12.3,3,2026-04-08 to 2026-07-27 (75 days),0.389,36.8,0.7844,498.61,525.34,BEARISH,HIGH,Strong trend (ADX=41); Last surprise: +3.5%; Size: Kelly 10.0% / VolTgt 2.4% / Blend 6.2%,2.39,-1.0,1.0,8,2026-08-05,3.49,0
2026-07-28T12:52:36,2026-07-28,AKAM,HOLD,0,Composite Multi-Indicator,HIGH,4,7.9,112.85,11.18,0.0,16.82,0.0,0.0,2026-08-11,2.74,7.6,100.0,116.1,44.82,53.77,-3.43,14.0,1,2026-04-08 to 2026-07-27 (75 days),-1.0,38.1,0.5708,132.53,104.18,BULLISH,HIGH,Last surprise: +0.6%,3.28,-1.0,1.0,9,2026-08-06,0.63,0
2026-07-28T12:55:23,2026-07-28,RRC,HOLD,0,MACD Crossover,LOW,0,7.71,37.88,4.07,0.0,6.11,0.0,0.0,2026-08-10,-2.12,-2.55,33.3,0.18,-33.14,3.02,-16.67,13.3,3,2026-04-08 to 2026-07-27 (75 days),-1.0,52.2,0.3319,38.38,38.62,BEARISH,MEDIUM,Strong trend (ADX=32),5.65,-1.0,1.0,-1,,,0
2026-07-28T12:53:25,2026-07-28,GLW,HOLD,0,VWAP Trend,LOW,1,7.7,143.36,12.0,0.0,19.32,0.0,0.0,2026-08-02,1.19,1.92,80.0,3.43,70.8,108.65,-23.89,5.6,5,2026-04-08 to 2026-07-27 (75 days),-1.0,35.5,1.0369,188.23,133.75,BULLISH,HIGH,Strong trend (ADX=31); EARNINGS TODAY (2026-07-28); Last surprise: +1.4%; Earnings conf adj: -3,1.81,-1.0,1.0,0,2026-07-28,1.45,-3
2026-07-28T12:52:36,2026-07-28,ALB,HOLD,0,Multi-Factor Momentum MR,HIGH,5,7.65,116.18,6.55,0.0,6.85,0.0,0.0,2026-08-03,1.71,5.23,100.0,107.26,40.95,117.1,-3.74,6.0,1,2026-04-08 to 2026-07-27 (75 days),-1.0,26.0,0.3549,150.35,151.33,BEARISH,MEDIUM,RSI oversold; Strong trend (ADX=49); Last surprise: +125.2%; Earnings conf adj: +1,5.28,-1.0,1.0,8,2026-08-05,125.19,1
2026-07-28T12:55:31,2026-07-28,SFM,HOLD,0,ADX Trend Following,LOW,1,7.53,76.84,10.01,0.0,15.02,0.0,0.0,2026-08-20,0.95,1.56,100.0,71.04,25.25,20.26,-13.3,23.5,2,2026-04-08 to 2026-07-27 (75 days),-1.0,45.2,0.4388,82.53,81.14,BULLISH,HIGH,Earnings in 1d (2026-07-29); Earnings conf adj: -2,4.27,-1.0,1.0,1,2026-07-29,,-2
2026-07-28T12:55:44,2026-07-28,VAL,HOLD,0,MACD Crossover,LOW,0,7.2,78.47,5.3,0.0,7.95,0.0,0.0,2026-08-09,-2.41,-2.85,33.3,0.11,-55.83,0.33,-24.85,12.7,3,2026-04-08 to 2026-07-27 (75 days),-1.0,47.6,0.3613,85.91,75.28,BULLISH,MEDIUM,No special conditions,5.19,-1.0,1.0,8,2026-08-05,,0
2026-07-28T12:55:15,2026-07-28,HL,HOLD,0,Stochastic Oscillator,LOW,0,7.19,15.19,11.12,0.0,16.68,0.0,0.0,2026-10-30,-0.88,-1.2,0.0,0.0,-51.91,5.64,-33.24,94.0,1,2026-04-08 to 2026-07-27 (75 days),-1.0,47.1,0.5262,16.09,18.26,BEARISH,HIGH,Last surprise: +0.0%,3.56,-1.0,1.0,7,2026-08-04,0.0,0
2026-07-28T12:53:43,2026-07-28,LRCX,HOLD,0,VWAP Trend,LOW,0,7.0,291.61,12.0,0.0,12.88,0.0,0.0,2026-07-31,0.76,1.17,50.0,1.48,28.37,-49.31,-16.82,3.5,8,2026-04-08 to 2026-07-27 (75 days),-1.0,38.4,0.8744,338.07,237.15,BULLISH,HIGH,Earnings in 1d (2026-07-29); Last surprise: +8.1%; Earnings conf adj: -2,2.14,-1.0,1.0,1,2026-07-29,8.09,-2
2026-07-28T12:55:56,2026-07-28,BHF,HOLD,0,EMA Crossover (9/21),MEDIUM,2,6.63,63.16,1.89,0.0,4.72,0.0,0.0,2026-09-16,0.24,0.32,100.0,7.29,1.81,-10.64,-5.84,50.5,2,2026-04-08 to 2026-07-27 (75 days),-1.0,42.3,0.142,63.44,61.58,BULLISH,LOW,Strong trend (ADX=38),10.0,-1.0,1.0,9,2026-08-06,,0
2026-07-28T12:54:48,2026-07-28,BWXT,HOLD,0,VWAP Trend,LOW,1,6.62,176.53,6.03,0.0,4.13,0.0,0.0,2026-07-29,-1.39,-1.74,33.3,0.5,-20.18,40.08,-9.52,1.8,9,2026-04-08 to 2026-07-27 (75 days),-1.0,40.6,0.3909,191.91,197.74,BEARISH,MEDIUM,Strong trend (ADX=55); Last surprise: +20.4%; Earnings conf adj: +1,4.8,-1.0,1.0,6,2026-08-03,20.43,1
2026-07-28T12:53:43,2026-07-28,LOW,HOLD,0,Stochastic Oscillator,LOW,0,6.31,211.55,4.25,0.0,6.38,0.0,0.0,2026-10-18,-1.15,-1.65,0.0,0.0,-28.12,7.73,-13.29,82.0,1,2026-04-08 to 2026-07-27 (75 days),-1.0,49.8,0.3277,214.0,237.2,BEARISH,MEDIUM,Last surprise: +2.0%,5.72,-1.0,1.0,22,2026-08-19,2.02,0
2026-07-28T12:54:35,2026-07-28,ZTS,HOLD,0,Stochastic Oscillator,LOW,0,6.31,76.92,4.32,0.0,6.48,0.0,0.0,2026-08-29,-2.5,-2.63,50.0,0.04,-72.93,4.05,-37.16,32.5,2,2026-04-08 to 2026-07-27 (75 days),-1.0,52.0,0.2965,76.63,110.75,BEARISH,MEDIUM,Last surprise: -5.6%; Earnings conf adj: -1,6.32,-1.0,1.0,9,2026-08-06,-5.56,-1
2026-07-28T12:53:26,2026-07-28,GNRC,HOLD,0,ADX Trend Following,MEDIUM,3,6.04,197.54,10.79,0.0,26.97,0.0,0.0,2026-09-29,2.27,4.45,100.0,344.88,172.23,180.99,-16.19,63.0,1,2026-04-08 to 2026-07-27 (75 days),-1.0,28.1,0.549,256.29,203.92,BULLISH,HIGH,RSI oversold; Strong trend (ADX=61); Earnings in 1d (2026-07-29); Last surprise: +35.3%; Earnings conf adj: -1,3.42,-1.0,1.0,1,2026-07-29,35.34,-1
2026-07-28T12:55:15,2026-07-28,LFUS,HOLD,0,Composite Multi-Indicator,MEDIUM,3,6.04,402.99,6.66,0.0,9.32,0.0,0.0,2026-08-06,2.76,11.84,100.0,91.82,34.37,-2.58,-1.43,9.0,1,2026-04-08 to 2026-07-27 (75 days),-1.0,40.2,0.3944,446.07,343.7,BULLISH,MEDIUM,Earnings in 1d (2026-07-29); Last surprise: +16.5%; Earnings conf adj: -1,4.75,-1.0,1.0,1,2026-07-29,16.55,-1
2026-07-28T12:55:46,2026-07-28,UFPI,HOLD,0,Composite Multi-Indicator,LOW,0,5.81,88.21,4.94,0.0,7.41,0.0,0.0,2026-10-24,0.03,0.04,0.0,0.0,-3.98,16.78,-11.62,88.0,1,2026-04-08 to 2026-07-27 (75 days),-1.0,55.8,0.3187,84.28,92.01,BEARISH,MEDIUM,Earnings in 1d (2026-07-29); Earnings conf adj: -2,5.88,-1.0,1.0,1,2026-07-29,,-2
2026-07-28T12:53:01,2026-07-28,CSGP,HOLD,0,ADX Trend Following,LOW,0,5.58,29.17,10.43,0.0,15.64,0.0,0.0,2026-08-17,-1.79,-2.52,33.3,0.08,-48.83,13.38,-23.5,20.3,3,2026-04-08 to 2026-07-27 (75 days),-1.0,48.0,0.6014,31.06,50.0,BEARISH,HIGH,EARNINGS TODAY (2026-07-28); Last surprise: +27.8%; Earnings conf adj: -3,3.12,-1.0,1.0,0,2026-07-28,27.78,-3
2026-07-28T12:54:16,2026-07-28,STZ,HOLD,0,Multi-Factor Momentum MR,HIGH,5,5.39,129.71,4.4,0.0,2.64,0.0,0.0,2026-07-29,1.72,38.05,100.0,31.16,10.26,48.27,-0.2,1.0,1,2026-04-08 to 2026-07-27 (75 days),-1.0,39.8,0.3348,139.38,144.46,BEARISH,MEDIUM,Last surprise: +7.2%; Earnings conf adj: +1,5.6,-1.0,1.0,69,2026-10-05,7.19,1
2026-07-28T12:52:45,2026-07-28,AZO,HOLD,0,Composite Multi-Indicator,LOW,1,5.16,3075.26,6.5,0.0,9.75,0.0,0.0,2026-11-06,-1.34,-1.71,0.0,0.0,-40.36,-6.97,-21.07,101.0,1,2026-04-08 to 2026-07-27 (75 days),-1.0,50.8,0.4103,3113.08,3507.51,BEARISH,HIGH,Last surprise: +5.3%; Earnings conf adj: +1,4.57,-1.0,1.0,56,2026-09-22,5.25,1
2026-07-28T12:53:34,2026-07-28,INTC,EXIT,-1,52-Week High Momentum,HIGH,5,5.13,91.67,12.0,102.67,24.86,68.88,6.16,2026-08-12,2.57,6.08,66.7,8.72,395.61,45.87,-23.63,15.3,3,2026-04-08 to 2026-07-27 (75 days),-1.0,36.8,0.8071,115.25,65.76,BULLISH,HIGH,Strong trend (ADX=31); Last surprise: +90.9%; Earnings conf adj: +1; Size: Kelly 10.0% / VolTgt 2.3% / Blend 6.2%,2.32,-1.0,1.0,86,2026-10-22,90.91,1
2026-07-28T12:55:31,2026-07-28,FLR,HOLD,0,SMA Crossover (10/50),LOW,0,5.13,51.7,6.92,0.0,10.38,0.0,0.0,2026-09-07,-0.54,-0.68,50.0,0.32,-30.61,-49.41,-25.87,41.5,2,2026-04-08 to 2026-07-27 (75 days),-1.0,53.4,0.4211,49.42,46.97,BULLISH,HIGH,No special conditions,4.45,-1.0,1.0,10,2026-08-07,,0
2026-07-28T12:54:29,2026-07-28,VST,HOLD,0,Stochastic Oscillator,HIGH,5,4.37,157.08,9.04,0.0,12.4,0.0,0.0,2026-08-10,2.23,6.67,100.0,146.48,54.93,51.82,-3.85,13.0,1,2026-04-08 to 2026-07-27 (75 days),-1.0,48.6,0.4368,154.92,164.75,BEARISH,HIGH,Last surprise: +53.5%; Earnings conf adj: +1,4.29,-1.0,1.0,10,2026-08-07,53.48,1
2026-07-28T12:53:12,2026-07-28,ELV,HOLD,0,Stochastic Oscillator,MEDIUM,2,3.97,378.36,8.17,0.0,12.25,0.0,0.0,2026-08-10,0.39,0.77,50.0,1.91,5.7,-77.1,-4.16,13.0,2,2026-04-08 to 2026-07-27 (75 days),-1.0,42.2,0.5155,397.88,347.99,BULLISH,HIGH,Last surprise: +20.0%; Earnings conf adj: +1,3.64,-1.0,1.0,85,2026-10-21,19.97,1
2026-07-28T12:54:37,2026-07-28,UTHR,HOLD,1,ADX Trend Following,LOW,0,3.09,527.94,3.84,507.67,5.76,558.35,0.0,2026-08-09,-0.82,-1.21,66.7,0.16,-9.18,18.94,-6.57,12.0,3,2026-04-08 to 2026-07-27 (75 days),-1.0,41.9,0.2149,549.13,512.45,BULLISH,MEDIUM,Last surprise: -15.2%; Earnings conf adj: -1,7.0,-1.0,1.0,8,2026-08-05,-15.16,-1
2026-07-28T12:55:22,2026-07-28,BRKR,HOLD,0,Composite Multi-Indicator,HIGH,4,3.05,60.05,9.64,0.0,28.92,0.0,0.0,2026-09-29,3.64,8.54,100.0,666.94,465.17,99.21,-13.51,63.0,1,2026-04-08 to 2026-07-27 (75 days),-1.0,54.2,0.4944,55.62,45.02,BULLISH,HIGH,No special conditions,3.79,-1.0,1.0,7,2026-08-04,,0
2026-07-28T12:55:56,2026-07-28,WING,HOLD,0,MACD Crossover,LOW,1,3.03,137.24,12.0,0.0,18.0,0.0,0.0,2026-09-15,0.9,1.4,100.0,90.73,33.45,83.33,-13.97,49.0,1,2026-04-08 to 2026-07-27 (75 days),-1.0,37.8,0.4429,149.54,208.54,BEARISH,HIGH,Strong trend (ADX=34); Earnings in 1d (2026-07-29); Earnings conf adj: -2,4.23,-1.0,1.0,1,2026-07-29,,-2
2026-07-28T12:53:26,2026-07-28,GOOGL,HOLD,0,SMA Crossover (10/50),HIGH,5,2.76,326.56,7.34,0.0,22.02,0.0,0.0,2026-09-28,1.4,2.82,100.0,106.83,40.77,30.28,-11.43,62.0,1,2026-04-08 to 2026-07-27 (75 days),-1.0,36.8,0.4298,364.76,323.63,BULLISH,HIGH,Last surprise: +214.1%; Earnings conf adj: +1,4.36,-1.0,1.0,-6,2026-07-22,214.14,1
2026-07-28T12:53:59,2026-07-28,ORCL,HOLD,0,EMA Crossover (9/21),HIGH,4,2.71,119.9,10.91,0.0,16.37,0.0,0.0,2026-09-28,0.92,1.45,100.0,108.06,41.29,85.97,-25.81,62.0,1,2026-04-08 to 2026-07-27 (75 days),-1.0,29.7,0.4842,171.15,186.17,BEARISH,HIGH,RSI oversold; Strong trend (ADX=56); Last surprise: +7.7%; Earnings conf adj: +1,3.87,-1.0,1.0,43,2026-09-09,7.65,1
2026-07-28T12:55:21,2026-07-28,VICR,HOLD,0,EMA Crossover (9/21),HIGH,4,2.4,206.44,12.0,0.0,42.0,0.0,0.0,2026-10-22,1.63,2.68,100.0,412.17,222.51,163.0,-32.24,86.0,1,2026-04-08 to 2026-07-27 (75 days),-1.0,35.3,1.1974,291.8,182.94,BULLISH,HIGH,Strong trend (ADX=40),1.57,-1.0,1.0,84,2026-10-20,,0
2026-07-28T12:53:48,2026-07-28,MGM,HOLD,0,Composite Multi-Indicator,MEDIUM,2,2.32,46.3,3.11,0.0,6.22,0.0,0.0,2026-09-27,1.9,4.81,100.0,226.79,99.75,-12.88,-8.13,61.0,1,2026-04-08 to 2026-07-27 (75 days),-1.0,50.6,0.2643,45.19,37.87,BULLISH,MEDIUM,Earnings in 1d (2026-07-29); Last surprise: +2.1%; Earnings conf adj: -2,7.09,-1.0,1.0,1,2026-07-29,2.08,-2
2026-07-28T12:53:00,2026-07-28,CSCO,EXIT,-1,52-Week High Momentum,HIGH,4,2.15,114.57,4.76,120.02,14.28,98.21,7.38,2026-09-28,3.08,6.63,100.0,384.97,188.78,-6.23,-9.75,62.0,1,2026-04-08 to 2026-07-27 (75 days),-1.0,50.1,0.3927,117.32,87.71,BULLISH,MEDIUM,Last surprise: +1.9%; Size: Kelly 10.0% / VolTgt 4.8% / Blend 7.4%,4.77,-1.0,1.0,15,2026-08-12,1.92,0
2026-07-28T12:55:51,2026-07-28,SYNA,HOLD,0,Composite Multi-Indicator,HIGH,4,1.85,116.42,11.79,0.0,18.2,0.0,0.0,2026-08-12,2.11,5.07,100.0,171.6,70.81,-257.64,-8.57,15.0,1,2026-04-08 to 2026-07-27 (75 days),-1.0,44.2,0.5966,129.28,91.11,BULLISH,HIGH,No special conditions,3.14,-1.0,1.0,9,2026-08-06,,0
2026-07-28T12:54:20,2026-07-28,TKO,HOLD,1,VWAP Trend,LOW,0,1.77,182.86,4.0,175.55,5.67,193.23,0.0,2026-07-31,-1.5,-1.9,57.1,0.42,-18.39,3.05,-5.79,3.9,7,2026-04-08 to 2026-07-27 (75 days),-1.0,40.5,0.3649,195.04,195.68,BEARISH,MEDIUM,Strong trend (ADX=36); Last surprise: -32.9%; Earnings conf adj: -1,5.14,-1.0,1.0,6,2026-08-03,-32.94,-1
2026-07-28T12:53:15,2026-07-28,ETN,HOLD,0,ADX Trend Following,LOW,1,1.74,398.64,8.24,0.0,12.36,0.0,0.0,2026-08-15,0.6,0.83,75.0,3.25,16.43,3.36,-9.2,18.8,4,2026-04-08 to 2026-07-27 (75 days),-1.0,47.0,0.4371,403.71,372.44,BULLISH,HIGH,Earnings in 3d (2026-07-31); Last surprise: +2.9%; Earnings conf adj: -2,4.29,-1.0,1.0,3,2026-07-31,2.93,-2
2026-07-28T12:52:45,2026-07-28,BA,HOLD,0,ADX Trend Following,LOW,0,1.64,211.5,4.16,0.0,6.24,0.0,0.0,2026-08-04,0.61,1.12,66.7,4.07,8.39,17.9,-7.08,7.3,3,2026-04-08 to 2026-07-27 (75 days),-1.0,43.8,0.2973,219.78,218.41,BULLISH,MEDIUM,EARNINGS TODAY (2026-07-28); Last surprise: +70.1%; Earnings conf adj: -3,6.31,-1.0,1.0,0,2026-07-28,70.15,-3
2026-07-28T12:55:09,2026-07-28,SAIA,HOLD,0,Momentum (Rate of Change),LOW,1,1.25,419.92,5.16,0.0,10.32,0.0,0.0,2026-10-06,0.8,1.23,100.0,82.28,27.36,9.67,-12.58,70.0,1,2026-04-08 to 2026-07-27 (75 days),-1.0,43.3,0.289,445.75,374.26,BULLISH,MEDIUM,Strong trend (ADX=42); Earnings in 2d (2026-07-30); Last surprise: +2.2%; Earnings conf adj: -2,6.49,-1.0,1.0,2,2026-07-30,2.2,-2
2026-07-28T12:53:31,2026-07-28,HSY,HOLD,0,MACD Crossover,LOW,0,0.96,180.19,3.86,0.0,5.79,0.0,0.0,2026-08-12,0.21,0.32,33.3,1.31,2.29,40.34,-10.45,15.7,3,2026-04-08 to 2026-07-27 (75 days),-1.0,55.4,0.3124,180.88,190.38,BEARISH,MEDIUM,Earnings in 2d (2026-07-30); Last surprise: +14.6%; Earnings conf adj: -1,6.0,-1.0,1.0,2,2026-07-30,14.63,-1
2026-07-28T12:53:36,2026-07-28,ISRG,HOLD,0,ADX Trend Following,LOW,1,0.44,356.83,10.47,0.0,15.71,0.0,0.0,2026-08-07,-0.6,-0.82,33.3,0.6,-21.46,37.13,-16.45,10.2,6,2026-04-08 to 2026-07-27 (75 days),-1.0,39.9,0.7204,407.48,484.07,BEARISH,HIGH,Strong trend (ADX=37); Last surprise: +12.0%; Earnings conf adj: +1,2.6,-1.0,1.0,84,2026-10-20,12.0,1
2026-07-28T12:54:54,2026-07-28,DOCN,HOLD,0,Momentum (Rate of Change),HIGH,5,0.3,120.2,12.0,0.0,36.0,0.0,0.0,2026-10-06,1.42,3.35,100.0,326.64,160.73,-13.52,-28.22,70.0,1,2026-04-08 to 2026-07-27 (75 days),-1.0,40.5,1.0098,151.41,85.54,BULLISH,HIGH,Last surprise: +69.2%; Earnings conf adj: +1,1.86,-1.0,1.0,7,2026-08-04,69.23,1
2026-07-28T12:55:58,2026-07-28,COLM,HOLD,0,Composite Multi-Indicator,LOW,1,0.16,63.46,4.98,0.0,7.47,0.0,0.0,2026-10-26,0.6,0.85,100.0,43.15,15.07,-24.08,-9.44,90.0,1,2026-04-08 to 2026-07-27 (75 days),-1.0,50.4,0.335,63.58,57.72,BULLISH,MEDIUM,Earnings in 2d (2026-07-30); Earnings conf adj: -2,5.6,-1.0,1.0,2,2026-07-30,,-2
2026-07-28T12:53:29,2026-07-28,HONA,ERROR,0,N/A,N/A,0,0.0,0.0,0.0,0.0,0.0,0.0,0.0,2026-07-28,0.0,0.0,0.0,0.0,0.0,0.0,0.0,0.0,0,N/A,-1.0,0.0,0.0,0.0,0.0,N/A,N/A,All strategies failed for HONA,-1.0,-1.0,1.0,-1,,,0
2026-07-28T12:55:24,2026-07-28,ALGM,HOLD,0,EMA Crossover (9/21),MEDIUM,2,-0.46,46.8,12.0,0.0,24.0,0.0,0.0,2026-11-02,1.61,2.45,100.0,350.43,176.94,29.55,-28.21,97.0,1,2026-04-08 to 2026-07-27 (75 days),-1.0,42.8,1.0935,51.33,37.66,BULLISH,HIGH,Earnings in 2d (2026-07-30); Earnings conf adj: -2,1.71,-1.0,1.0,2,2026-07-30,,-2
2026-07-28T12:55:35,2026-07-28,IDCC,HOLD,0,Composite Multi-Indicator,LOW,0,-0.56,259.26,5.47,0.0,8.21,0.0,0.0,2026-09-25,0.49,0.81,100.0,30.06,10.23,72.09,-13.81,59.0,1,2026-04-08 to 2026-07-27 (75 days),-1.0,41.8,0.2482,267.98,323.25,BEARISH,MEDIUM,Strong trend (ADX=31); Earnings in 2d (2026-07-30); Earnings conf adj: -2,7.0,-1.0,1.0,2,2026-07-30,,-2
2026-07-28T12:54:58,2026-07-28,EVR,HOLD,0,PEAD Earnings Drift,LOW,1,-0.63,340.11,5.37,0.0,8.05,0.0,0.0,2026-11-14,0.33,0.48,100.0,16.99,5.54,-10.97,-12.71,109.0,1,2026-04-08 to 2026-07-27 (75 days),-1.0,48.4,0.3635,345.32,329.94,BULLISH,MEDIUM,Earnings in 1d (2026-07-29); Last surprise: +38.7%; Earnings conf adj: -1,5.16,-1.0,1.0,1,2026-07-29,38.67,-1
2026-07-28T12:52:43,2026-07-28,AVGO,HOLD,0,SMA Crossover (10/50),MEDIUM,2,-1.31,383.22,8.2,0.0,16.4,0.0,0.0,2026-09-30,0.45,0.59,100.0,30.83,10.52,-25.56,-22.73,64.0,1,2026-04-08 to 2026-07-27 (75 days),-1.0,48.3,0.441,399.03,363.84,BULLISH,HIGH,Last surprise: +1.7%,4.25,-1.0,1.0,37,2026-09-03,1.67,0
2026-07-28T12:53:02,2026-07-28,CVNA,HOLD,0,Stochastic Oscillator,LOW,1,-1.37,64.04,11.94,0.0,17.91,0.0,0.0,2026-09-29,0.17,0.24,100.0,1.53,-3.19,14.31,-15.16,63.0,1,2026-04-08 to 2026-07-27 (75 days),-1.0,45.9,0.618,67.09,72.48,BEARISH,HIGH,Earnings in 1d (2026-07-29); Last surprise: +13.3%; Earnings conf adj: -1,3.03,-1.0,1.0,1,2026-07-29,13.33,-1
2026-07-28T12:52:42,2026-07-28,APTV,HOLD,0,Momentum (Rate of Change),MEDIUM,3,-1.74,57.45,4.82,0.0,7.23,0.0,0.0,2026-08-19,0.3,0.46,100.0,27.76,4.65,21.88,-18.16,22.0,1,2026-04-08 to 2026-07-27 (75 days),-1.0,42.8,0.3283,61.51,71.39,BEARISH,MEDIUM,Strong trend (ADX=33); Last surprise: +8.2%; Earnings conf adj: +1,5.71,-1.0,1.0,7,2026-08-04,8.23,1
2026-07-28T12:53:23,2026-07-28,GEHC,HOLD,0,Stochastic Oscillator,LOW,0,-2.15,61.12,4.81,0.0,7.21,0.0,0.0,2026-08-09,1.05,1.82,50.0,50.61,14.33,61.48,-4.27,12.5,2,2026-04-08 to 2026-07-27 (75 days),-1.0,41.3,0.3329,63.49,73.17,BEARISH,MEDIUM,Earnings in 1d (2026-07-29); Last surprise: -5.7%; Earnings conf adj: -3,5.63,-1.0,1.0,1,2026-07-29,-5.71,-3
2026-07-28T12:54:31,2026-07-28,WDC,HOLD,0,Momentum (Rate of Change),HIGH,5,-2.18,497.92,12.0,0.0,36.0,0.0,0.0,2026-10-20,2.49,3.9,100.0,594.66,377.63,106.17,-28.28,84.0,1,2026-04-08 to 2026-07-27 (75 days),-1.0,43.3,1.1683,558.38,322.07,BULLISH,HIGH,Last surprise: +13.8%; Earnings conf adj: +1,1.6,-1.0,1.0,8,2026-08-05,13.81,1
2026-07-28T12:54:30,2026-07-28,WBD,HOLD,0,EMA Crossover (9/21),LOW,0,-2.99,25.28,3.51,0.0,3.42,0.0,0.0,2026-07-31,-2.34,-2.35,50.0,0.09,-16.41,8.97,-5.47,3.5,2,2026-04-08 to 2026-07-27 (75 days),-1.0,33.7,0.2319,26.74,26.27,BULLISH,MEDIUM,Price at statistical extreme; Last surprise: -1070.0%; Earnings conf adj: -1,7.0,-1.0,1.0,9,2026-08-06,-1070.0,-1
2026-07-28T12:54:32,2026-07-28,WMT,HOLD,0,Stochastic Oscillator,LOW,1,-3.05,111.74,3.51,0.0,5.26,0.0,0.0,2026-08-19,0.4,0.65,50.0,10.33,4.69,40.05,-5.7,22.0,2,2026-04-08 to 2026-07-27 (75 days),-1.0,44.6,0.2723,117.71,117.42,BULLISH,MEDIUM,Last surprise: +0.0%,6.89,-1.0,1.0,23,2026-08-20,0.0,0
2026-07-28T12:52:48,2026-07-28,BLDR,HOLD,0,Momentum (Rate of Change),LOW,0,-4.04,72.72,10.1,0.0,15.15,0.0,0.0,2026-08-25,-1.28,-1.93,50.0,0.05,-46.86,-10.37,-22.19,28.0,2,2026-04-08 to 2026-07-27 (75 days),-1.0,43.3,0.4576,76.63,97.18,BEARISH,HIGH,Strong trend (ADX=31); Earnings in 2d (2026-07-30); Last surprise: -27.0%; Earnings conf adj: -3,4.1,-1.0,1.0,2,2026-07-30,-27.03,-3
2026-07-28T12:52:55,2026-07-28,CIEN,HOLD,0,VWAP Trend,MEDIUM,2,-4.04,377.27,12.0,0.0,10.04,0.0,0.0,2026-07-31,-0.68,-0.84,57.1,0.69,-30.72,29.35,-30.68,3.0,7,2026-04-08 to 2026-07-27 (75 days),-1.0,37.5,0.7361,482.9,346.13,BULLISH,HIGH,Last surprise: +12.3%; Earnings conf adj: +1,2.55,-1.0,1.0,43,2026-09-09,12.33,1
2026-07-28T12:54:49,2026-07-28,CDE,HOLD,-1,VWAP Trend,LOW,0,-4.31,15.36,12.0,17.2,9.44,13.91,0.0,2026-07-31,-0.04,-0.06,37.5,0.95,-7.45,49.68,-17.55,3.9,8,2026-04-08 to 2026-07-27 (75 days),-1.0,45.4,0.6067,16.89,18.79,BEARISH,HIGH,Last surprise: +0.0%,3.09,-1.0,1.0,8,2026-08-05,0.0,0
2026-07-28T12:53:44,2026-07-28,LVS,HOLD,0,MACD Crossover,LOW,0,-4.87,47.76,3.91,0.0,5.87,0.0,0.0,2026-08-08,-0.82,-1.26,33.3,0.57,-14.62,20.72,-13.88,11.3,3,2026-04-08 to 2026-07-27 (75 days),-1.0,55.5,0.2389,48.44,55.49,BEARISH,MEDIUM,Price at statistical extreme; Last surprise: -22.4%; Earnings conf adj: -1,7.0,-1.0,1.0,85,2026-10-21,-22.37,-1
2026-07-28T12:56:01,2026-07-28,TLT,HOLD,0,Stochastic Oscillator,MEDIUM,2,-6.02,83.75,1.5,0.0,2.25,0.0,0.0,2026-08-16,0.7,1.11,50.0,2.56,2.72,11.15,-2.32,19.0,2,2026-04-08 to 2026-07-27 (75 days),-1.0,40.5,0.0742,84.8,85.96,BEARISH,LOW,Strong trend (ADX=33),10.0,-1.0,1.0,-1,,,0
2026-07-28T12:55:29,2026-07-28,MP,HOLD,0,MACD Crossover,MEDIUM,2,-6.83,43.13,12.0,0.0,18.0,0.0,0.0,2026-08-19,0.57,0.85,50.0,1.63,17.31,72.06,-22.17,22.0,2,2026-04-08 to 2026-07-27 (75 days),-1.0,29.4,0.4919,56.5,60.14,BEARISH,HIGH,RSI oversold; Strong trend (ADX=54),3.81,-1.0,1.0,9,2026-08-06,,0
2026-07-28T12:55:21,2026-07-28,WLK,HOLD,0,ADX Trend Following,LOW,0,-7.19,72.33,4.82,0.0,3.89,0.0,0.0,2026-07-31,-1.15,-1.44,50.0,0.5,-12.07,70.14,-6.75,3.5,2,2026-04-08 to 2026-07-27 (75 days),-1.0,30.3,0.2638,81.63,86.73,BEARISH,MEDIUM,Price at statistical extreme,7.0,-1.0,1.0,7,2026-08-04,,0
2026-07-28T12:53:05,2026-07-28,DECK,BUY,1,Stochastic Oscillator,MEDIUM,3,-7.9,97.73,5.73,92.13,8.6,106.13,7.36,2026-08-26,0.83,1.27,50.0,2.73,22.86,47.87,-11.74,29.5,2,2026-04-08 to 2026-07-27 (75 days),0.246,38.4,0.3965,105.4,102.14,BULLISH,MEDIUM,Last surprise: +6.8%; Earnings conf adj: +1; Size: Kelly 10.0% / VolTgt 4.7% / Blend 7.4%,4.73,-1.0,1.0,86,2026-10-22,6.82,1
2026-07-28T12:52:56,2026-07-28,CMCSA,HOLD,0,ADX Trend Following,LOW,1,-8.04,22.8,7.29,0.0,9.56,0.0,0.0,2026-08-06,-0.44,-0.61,50.0,0.85,-5.26,42.47,-8.04,9.0,2,2026-04-08 to 2026-07-27 (75 days),-1.0,44.1,0.4045,23.68,26.46,BEARISH,HIGH,Last surprise: +7.2%; Earnings conf adj: +1,4.63,-1.0,1.0,-5,2026-07-23,7.22,1
2026-07-28T12:53:42,2026-07-28,LEN,HOLD,1,VWAP Trend,LOW,1,-8.05,85.04,4.94,80.84,7.41,91.34,0.0,2026-08-10,-0.13,-0.2,40.0,0.83,-7.52,2.23,-12.29,13.4,5,2026-04-08 to 2026-07-27 (75 days),-1.0,48.4,0.3041,87.3,102.74,BEARISH,MEDIUM,Last surprise: +6.5%; Earnings conf adj: +1,6.17,-1.0,1.0,51,2026-09-17,6.5,1
2026-07-28T12:53:11,2026-07-28,ECHO,HOLD,-1,Momentum (Rate of Change),LOW,0,-8.71,86.69,9.84,95.22,15.19,73.52,0.0,2026-08-17,-0.56,-0.75,50.0,0.18,-23.07,46.4,-17.62,20.5,2,2026-04-08 to 2026-07-27 (75 days),-1.0,32.5,0.4261,111.22,105.45,BULLISH,HIGH,Price at statistical extreme; Strong trend (ADX=43); Earnings in 2d (2026-07-30); Last surprise: +41.8%; Earnings conf adj: -1,4.4,-1.0,1.0,2,2026-07-30,41.8,-1
2026-07-28T12:55:34,2026-07-28,CRUS,HOLD,0,ADX Trend Following,LOW,0,-8.87,136.12,5.65,0.0,7.58,0.0,0.0,2026-08-03,-1.17,-1.44,50.0,0.07,-18.84,16.65,-8.47,6.5,2,2026-04-08 to 2026-07-27 (75 days),-1.0,35.9,0.3775,156.58,140.73,BULLISH,MEDIUM,Strong trend (ADX=42),4.97,-1.0,1.0,8,2026-08-05,,0
2026-07-28T12:52:55,2026-07-28,CHTR,HOLD,0,Composite Multi-Indicator,LOW,1,-9.05,131.61,8.87,0.0,13.3,0.0,0.0,2026-11-08,-2.22,-2.53,0.0,0.0,-82.81,0.24,-48.69,103.0,1,2026-04-08 to 2026-07-27 (75 days),-1.0,46.9,0.487,136.65,195.5,BEARISH,HIGH,Last surprise: +6.0%; Earnings conf adj: +1,3.85,-1.0,1.0,-4,2026-07-24,5.96,1
2026-07-28T12:54:27,2026-07-28,VICI,HOLD,0,VWAP Trend,LOW,0,-9.16,26.75,2.9,0.0,4.35,0.0,0.0,2026-08-05,0.22,0.38,44.4,1.28,2.39,8.76,-6.13,8.7,9,2026-04-08 to 2026-07-27 (75 days),-1.0,50.2,0.2672,27.08,27.74,BEARISH,MEDIUM,Earnings in 1d (2026-07-29); Last surprise: +15.5%; Earnings conf adj: -1,7.0,-1.0,1.0,1,2026-07-29,15.49,-1
2026-07-28T12:52:39,2026-07-28,AMT,HOLD,0,MACD Crossover,LOW,0,-9.86,166.74,3.07,0.0,4.6,0.0,0.0,2026-08-16,0.01,0.02,50.0,1.01,-1.02,10.41,-7.23,19.0,2,2026-04-08 to 2026-07-27 (75 days),-1.0,44.5,0.308,175.84,176.18,BEARISH,MEDIUM,EARNINGS TODAY (2026-07-28); Last surprise: +17.2%; Earnings conf adj: -3,6.09,-1.0,1.0,0,2026-07-28,17.2,-3
2026-07-28T12:53:41,2026-07-28,KR,HOLD,1,VWAP Trend,LOW,0,-10.21,57.98,4.66,55.28,6.99,62.03,0.0,2026-08-04,-1.81,-2.21,50.0,0.26,-43.21,5.62,-23.52,7.1,8,2026-04-08 to 2026-07-27 (75 days),-1.0,46.5,0.3413,61.2,64.96,BEARISH,MEDIUM,Last surprise: -0.6%,5.49,-1.0,1.0,44,2026-09-10,-0.63,0
2026-07-28T12:55:55,2026-07-28,IPGP,HOLD,0,RSI Mean Reversion,LOW,0,-11.55,89.7,12.0,0.0,18.0,0.0,0.0,2026-07-29,0.0,0.0,0.0,0.0,0.0,63.18,0.0,0.0,0,2026-04-08 to 2026-07-27 (75 days),-1.0,35.4,0.729,109.92,101.93,BULLISH,HIGH,Price at statistical extreme; Strong trend (ADX=35),2.57,-1.0,1.0,7,2026-08-04,,0
2026-07-28T12:54:05,2026-07-28,PSKY,HOLD,0,RSI Mean Reversion,LOW,1,-11.57,8.03,10.02,0.0,10.82,0.0,0.0,2026-07-29,0.0,0.0,0.0,0.0,0.0,63.18,0.0,0.0,0,2026-04-08 to 2026-07-27 (75 days),-1.0,27.7,0.4346,9.87,11.9,BEARISH,HIGH,RSI oversold; High volume; Price at statistical extreme; Strong trend (ADX=41); Last surprise: +53.3%; Earnings conf adj: +1,4.31,-1.0,1.0,7,2026-08-04,53.33,1
2026-07-28T12:55:25,2026-07-28,CNM,HOLD,0,VWAP Trend,LOW,0,-11.58,43.65,4.92,0.0,7.38,0.0,0.0,2026-08-06,-0.91,-1.2,50.0,0.57,-26.17,16.47,-14.32,9.4,8,2026-04-08 to 2026-07-27 (75 days),-1.0,39.7,0.3262,47.34,50.92,BEARISH,MEDIUM,No special conditions,5.75,-1.0,1.0,42,2026-09-08,,0
2026-07-28T12:55:49,2026-07-28,DLB,HOLD,0,ADX Trend Following,LOW,0,-12.5,51.27,4.73,0.0,6.55,0.0,0.0,2026-08-04,-1.54,-1.66,50.0,0.4,-32.78,12.03,-15.62,7.2,6,2026-04-08 to 2026-07-27 (75 days),-1.0,51.4,0.3098,52.49,60.85,BEARISH,MEDIUM,Earnings in 2d (2026-07-30); Earnings conf adj: -2,6.05,-1.0,1.0,2,2026-07-30,,-2
2026-07-28T12:54:09,2026-07-28,ROL,HOLD,0,SMA Crossover (10/50),LOW,0,-12.62,39.07,8.24,0.0,10.84,0.0,0.0,2026-07-29,0.0,0.0,0.0,0.0,0.0,67.84,0.0,0.0,0,2026-04-08 to 2026-07-27 (75 days),-1.0,27.4,0.4354,46.46,55.07,BEARISH,HIGH,RSI oversold; Price at statistical extreme; Strong trend (ADX=31); Last surprise: -5.9%; Earnings conf adj: -1,4.31,-1.0,1.0,-6,2026-07-22,-5.88,-1
2026-07-28T12:53:27,2026-07-28,HAL,HOLD,0,EMA Crossover (9/21),LOW,0,-12.71,32.13,5.35,0.0,7.74,0.0,0.0,2026-07-29,-1.85,-1.85,0.0,0.0,-0.34,41.33,-0.1,0.0,0,2026-04-08 to 2026-07-27 (75 days),-1.0,30.6,0.3108,37.17,33.3,BULLISH,MEDIUM,Strong trend (ADX=35); Last surprise: +1.9%,6.03,-1.0,1.0,84,2026-10-20,1.85,0
2026-07-28T12:54:10,2026-07-28,SBAC,HOLD,0,Composite Multi-Indicator,LOW,0,-12.95,172.61,4.53,0.0,6.79,0.0,0.0,2026-07-29,0.0,0.0,0.0,0.0,0.0,54.41,0.0,0.0,0,2026-04-08 to 2026-07-27 (75 days),-1.0,33.1,0.2949,192.57,192.81,BEARISH,MEDIUM,Price at statistical extreme; Last surprise: +0.0%,6.36,-1.0,1.0,6,2026-08-03,0.0,0
2026-07-28T12:56:01,2026-07-28,GLD,HOLD,0,SMA Crossover (10/50),LOW,0,-13.92,374.63,2.72,0.0,4.08,0.0,0.0,2026-07-29,0.0,0.0,0.0,0.0,0.0,39.66,0.0,0.0,0,2026-04-08 to 2026-07-27 (75 days),-1.0,47.1,0.2164,390.16,411.81,BEARISH,MEDIUM,No special conditions,7.0,-1.0,1.0,-1,,,0
2026-07-28T12:53:13,2026-07-28,EQT,HOLD,1,EMA Crossover (9/21),LOW,0,-14.32,52.0,4.19,49.82,6.29,55.27,0.0,2026-07-29,0.0,0.0,0.0,0.0,0.0,38.61,0.0,0.0,0,2026-04-08 to 2026-07-27 (75 days),-1.0,51.8,0.3908,52.98,56.24,BEARISH,MEDIUM,Strong trend (ADX=37); Last surprise: -2.5%,4.8,-1.0,1.0,84,2026-10-20,-2.5,0
2026-07-28T12:55:43,2026-07-28,WH,HOLD,0,PEAD Earnings Drift,LOW,0,-14.5,75.18,5.34,0.0,8.18,0.0,0.0,2026-07-29,0.0,0.0,0.0,0.0,0.0,27.54,0.0,0.0,0,2026-04-08 to 2026-07-27 (75 days),-1.0,39.3,0.3286,80.28,78.07,BULLISH,MEDIUM,Strong trend (ADX=34),5.71,-1.0,1.0,85,2026-10-21,,0
2026-07-28T12:52:59,2026-07-28,COST,HOLD,0,PEAD Earnings Drift,LOW,0,-15.16,951.58,3.17,0.0,4.75,0.0,0.0,2026-07-29,0.0,0.0,0.0,0.0,0.0,22.91,0.0,0.0,0,2026-04-08 to 2026-07-27 (75 days),-1.0,53.1,0.264,968.57,954.07,BULLISH,MEDIUM,Last surprise: +0.2%,7.0,-1.0,1.0,58,2026-09-24,0.2,0
