generated_at,date,ticker,signal,signal_raw,strategy,confidence,confidence_score,composite_score,current_price,stop_loss_pct,stop_loss_price,take_profit_pct,take_profit_price,suggested_position_size_pct,signal_expires,sharpe,sortino,win_rate,profit_factor,annual_return_pct,annual_excess_pct,max_drawdown_pct,avg_holding_days,total_trades,backtest_period,pbo,rsi,vol_20,sma_50,sma_200,trend,volatility,notes,vol_target_size_pct,meta_label_prob,meta_label_size_mult,days_to_earnings,earnings_date,last_surprise_pct,earnings_confidence_adj
2026-09-18T14:50:48,2026-09-18,ENS,HOLD,0,VWAP Trend,HIGH,5,100.05,175.68,4.44,0.0,3.5,0.0,0.0,2026-09-20,2.48,5.14,80.0,3.33,55.48,119.53,-6.44,2.2,10,2026-06-02 to 2026-09-17 (75 days),-1.0,39.8,0.2993,189.34,187.43,BULLISH,MEDIUM,Strong trend (ADX=39),6.26,-1.0,1.0,47,2026-11-04,,0
2026-09-18T14:50:50,2026-09-18,ST,HOLD,0,VWAP Trend,HIGH,5,97.2,42.24,4.75,0.0,3.28,0.0,0.0,2026-09-19,1.37,2.37,77.8,3.08,20.38,74.18,-3.54,1.6,9,2026-06-02 to 2026-09-17 (75 days),-1.0,46.2,0.3296,44.23,40.55,BULLISH,MEDIUM,No special conditions,5.69,-1.0,1.0,39,2026-10-27,,0
2026-09-18T14:47:54,2026-09-18,GDDY,HOLD,0,VWAP Trend,HIGH,6,94.71,98.15,8.26,0.0,15.77,0.0,0.0,2026-10-03,3.43,6.32,100.0,511.09,353.26,311.28,-10.37,15.6,5,2026-06-02 to 2026-09-17 (75 days),-1.0,50.9,0.507,95.31,95.06,BULLISH,HIGH,Last surprise: +8.3%; Earnings conf adj: +1,3.7,-1.0,1.0,41,2026-10-29,8.28,1
2026-09-18T14:48:37,2026-09-18,RSG,EXIT,-1,VWAP Trend,HIGH,5,92.91,218.93,1.98,223.26,3.87,210.46,10.0,2026-09-28,1.76,2.87,100.0,93.48,33.82,0.23,-7.23,10.3,6,2026-06-02 to 2026-09-17 (75 days),-1.0,47.3,0.1532,218.39,214.43,BULLISH,LOW,Last surprise: +1.6%; Size: Kelly 10.0% / VolTgt 10.0% / Blend 10.0%,10.0,-1.0,1.0,41,2026-10-29,1.65,0
2026-09-18T14:51:27,2026-09-18,SYNA,HOLD,0,VWAP Trend,HIGH,4,90.87,91.12,10.07,0.0,7.63,0.0,0.0,2026-09-20,0.74,1.11,66.7,1.52,19.43,99.37,-13.61,2.9,9,2026-06-02 to 2026-09-17 (75 days),-1.0,40.7,0.5693,105.37,97.44,BULLISH,HIGH,Last surprise: +1.7%,3.29,-1.0,1.0,48,2026-11-05,1.65,0
2026-09-18T14:48:57,2026-09-18,WST,EXIT,-1,VWAP Trend,HIGH,6,89.33,366.6,3.38,378.99,2.67,356.81,9.38,2026-09-20,4.91,25.97,87.5,28.57,63.08,-10.17,-0.82,2.5,8,2026-06-02 to 2026-09-17 (75 days),-1.0,66.6,0.2142,349.08,296.72,BULLISH,MEDIUM,Price at statistical extreme; Strong trend (ADX=40); Last surprise: +13.9%; Earnings conf adj: +1; Size: Kelly 10.0% / VolTgt 8.8% / Blend 9.4%,8.75,-1.0,1.0,34,2026-10-22,13.94,1
2026-09-18T14:47:43,2026-09-18,DXCM,HOLD,0,VWAP Trend,HIGH,6,89.12,87.93,4.18,0.0,4.21,0.0,0.0,2026-09-22,2.89,7.45,85.7,87.87,137.88,53.33,-5.52,4.4,7,2026-06-02 to 2026-09-17 (75 days),-1.0,54.9,0.255,83.52,71.87,BULLISH,MEDIUM,Last surprise: +14.8%; Earnings conf adj: +1,7.35,-1.0,1.0,41,2026-10-29,14.75,1
2026-09-18T14:48:35,2026-09-18,RL,HOLD,0,VWAP Trend,HIGH,6,88.04,333.08,4.56,0.0,3.09,0.0,0.0,2026-09-20,2.56,7.24,75.0,6.16,33.83,58.96,-2.15,2.5,8,2026-06-02 to 2026-09-17 (75 days),-1.0,34.1,0.2483,369.52,364.76,BULLISH,MEDIUM,Strong trend (ADX=33); Last surprise: +5.8%; Earnings conf adj: +1,7.55,-1.0,1.0,48,2026-11-05,5.76,1
2026-09-18T14:50:51,2026-09-18,QLYS,HOLD,0,VWAP Trend,HIGH,5,87.45,178.08,11.42,0.0,12.95,0.0,0.0,2026-09-22,4.06,15.42,70.0,8.12,518.61,153.87,-7.94,4.4,10,2026-06-02 to 2026-09-17 (75 days),-1.0,53.1,0.7839,167.92,125.93,BULLISH,HIGH,No special conditions,2.39,-1.0,1.0,46,2026-11-03,,0
2026-09-18T14:49:39,2026-09-18,SSB,EXIT,-1,VWAP Trend,HIGH,5,85.25,103.67,2.4,106.16,1.64,101.97,10.0,2026-09-19,3.76,9.54,72.7,7.41,30.0,-11.68,-1.59,1.9,11,2026-06-02 to 2026-09-17 (75 days),-1.0,40.1,0.1512,105.55,98.19,BULLISH,LOW,Price at statistical extreme; Size: Kelly 10.0% / VolTgt 10.0% / Blend 10.0%,10.0,-1.0,1.0,33,2026-10-21,,0
2026-09-18T14:51:05,2026-09-18,CROX,HOLD,0,VWAP Trend,HIGH,5,83.74,123.0,6.54,0.0,4.17,0.0,0.0,2026-09-19,2.57,6.66,71.4,3.94,68.16,49.11,-6.57,1.6,7,2026-06-02 to 2026-09-17 (75 days),-1.0,54.6,0.419,126.97,104.59,BULLISH,HIGH,High volume; Strong trend (ADX=45),4.48,-1.0,1.0,41,2026-10-29,,0
2026-09-18T14:49:09,2026-09-18,CRBG,EXIT,-1,VWAP Trend,HIGH,5,80.42,34.88,3.44,36.08,2.84,33.89,8.68,2026-09-20,3.05,16.6,87.5,18.92,48.69,-102.03,-1.17,2.0,8,2026-06-02 to 2026-09-17 (75 days),-1.0,65.6,0.255,32.49,28.73,BULLISH,MEDIUM,Strong trend (ADX=35); Last surprise: +3.7%; Size: Kelly 10.0% / VolTgt 7.3% / Blend 8.7%,7.35,-1.0,1.0,45,2026-11-02,3.7,0
2026-09-18T14:50:19,2026-09-18,NEU,HOLD,0,VWAP Trend,HIGH,5,80.3,889.19,3.13,0.0,1.87,0.0,0.0,2026-09-20,3.06,18.2,75.0,10.26,85.97,28.88,-2.43,2.0,8,2026-06-02 to 2026-09-17 (75 days),-1.0,51.0,0.1677,861.28,732.25,BULLISH,LOW,No special conditions,10.0,-1.0,1.0,48,2026-11-05,,0
2026-09-18T14:48:15,2026-09-18,MCK,HOLD,0,VWAP Trend,HIGH,5,78.6,879.57,3.49,0.0,5.45,0.0,0.0,2026-09-24,2.95,6.71,71.4,6.83,91.74,8.27,-3.25,6.0,7,2026-06-02 to 2026-09-17 (75 days),-1.0,49.1,0.2825,864.34,842.42,BULLISH,MEDIUM,Last surprise: +4.1%,6.64,-1.0,1.0,47,2026-11-04,4.09,0
2026-09-18T14:48:06,2026-09-18,JBHT,HOLD,0,VWAP Trend,MEDIUM,3,78.5,236.8,8.03,0.0,6.65,0.0,0.0,2026-09-20,-0.13,-0.16,70.0,1.15,-1.47,38.53,-4.25,2.2,10,2026-06-02 to 2026-09-17 (75 days),-1.0,31.1,0.5691,272.92,240.6,BULLISH,HIGH,High volume; Price at statistical extreme; Strong trend (ADX=31); Last surprise: +9.8%; Earnings conf adj: +1,3.29,-1.0,1.0,27,2026-10-15,9.77,1
2026-09-18T14:48:55,2026-09-18,WAT,HOLD,0,VWAP Trend,HIGH,5,78.02,429.72,4.0,0.0,2.48,0.0,0.0,2026-09-19,3.35,14.53,75.0,8.0,35.44,-28.09,-1.23,1.9,8,2026-06-02 to 2026-09-17 (75 days),-1.0,66.2,0.2287,397.61,361.5,BULLISH,MEDIUM,Price at statistical extreme; Last surprise: +1.3%,8.2,-1.0,1.0,42,2026-10-30,1.33,0
2026-09-18T14:49:21,2026-09-18,TOL,HOLD,0,VWAP Trend,HIGH,5,77.24,134.32,4.1,0.0,3.41,0.0,0.0,2026-09-20,2.96,9.54,83.3,104.18,80.62,92.25,-3.03,2.8,6,2026-06-02 to 2026-09-17 (75 days),-1.0,37.8,0.2586,146.25,144.2,BULLISH,MEDIUM,Strong trend (ADX=38); Last surprise: +1.0%,7.25,-1.0,1.0,-31,2026-08-18,1.02,0
2026-09-18T14:47:59,2026-09-18,HOOD,EXIT,-1,VWAP Trend,HIGH,6,76.42,109.81,12.0,122.99,14.37,94.03,5.99,2026-09-21,3.92,11.94,66.7,7.51,602.56,491.32,-7.89,3.7,12,2026-06-02 to 2026-09-17 (75 days),-1.0,52.2,0.9488,103.08,94.92,BULLISH,HIGH,Last surprise: +44.2%; Earnings conf adj: +1; Size: Kelly 10.0% / VolTgt 2.0% / Blend 6.0%,1.98,-1.0,1.0,47,2026-11-04,44.19,1
2026-09-18T14:50:01,2026-09-18,VMI,HOLD,0,VWAP Trend,HIGH,5,75.98,472.43,2.9,0.0,1.97,0.0,0.0,2026-09-19,3.31,9.0,80.0,4.84,58.06,95.72,-2.75,1.8,10,2026-06-02 to 2026-09-17 (75 days),-1.0,43.1,0.1864,492.51,470.57,BULLISH,LOW,No special conditions,10.0,-1.0,1.0,32,2026-10-20,,0
2026-09-18T14:49:46,2026-09-18,AEIS,HOLD,0,VWAP Trend,HIGH,5,75.0,254.43,10.93,0.0,6.83,0.0,0.0,2026-09-20,2.88,9.89,83.3,343.89,180.04,230.21,-5.31,2.2,6,2026-06-02 to 2026-09-17 (75 days),-1.0,39.2,0.5845,293.8,301.6,BEARISH,HIGH,Strong trend (ADX=31),3.21,-1.0,1.0,46,2026-11-03,,0
2026-09-18T14:49:33,2026-09-18,ARWR,HOLD,0,VWAP Trend,HIGH,5,74.9,67.74,12.0,0.0,7.87,0.0,0.0,2026-09-21,1.97,4.15,71.4,3.18,29.02,43.07,-3.22,3.1,7,2026-06-02 to 2026-09-17 (75 days),-1.0,26.3,0.5675,83.08,72.43,BULLISH,HIGH,RSI oversold; High volume; Price at statistical extreme; Strong trend (ADX=35),3.3,-1.0,1.0,67,2026-11-24,,0
2026-09-18T14:47:29,2026-09-18,CIEN,HOLD,0,VWAP Trend,HIGH,6,74.57,344.25,12.0,0.0,9.66,0.0,0.0,2026-09-20,2.69,9.6,62.5,10.33,111.66,198.68,-3.26,2.8,8,2026-06-02 to 2026-09-17 (75 days),-1.0,44.4,0.7334,386.23,383.05,BULLISH,HIGH,High volume; Last surprise: +22.0%; Earnings conf adj: +1,2.56,-1.0,1.0,-15,2026-09-03,21.97,1
2026-09-18T14:47:21,2026-09-18,BBY,HOLD,0,ADX Trend Following,HIGH,6,74.52,94.56,6.82,0.0,10.45,0.0,0.0,2026-09-27,2.19,3.51,100.0,142.2,57.06,-98.05,-11.26,9.0,4,2026-06-02 to 2026-09-17 (75 days),-1.0,63.5,0.4422,86.22,71.02,BULLISH,HIGH,Strong trend (ADX=30); Last surprise: +6.5%; Earnings conf adj: +1,4.24,-1.0,1.0,67,2026-11-24,6.52,1
2026-09-18T14:49:32,2026-09-18,CR,HOLD,0,VWAP Trend,HIGH,5,74.28,197.77,4.32,0.0,2.16,0.0,0.0,2026-09-19,2.85,10.04,70.0,7.74,28.3,5.83,-1.36,1.7,10,2026-06-02 to 2026-09-17 (75 days),-1.0,39.2,0.2101,212.11,195.65,BULLISH,MEDIUM,No special conditions,8.93,-1.0,1.0,38,2026-10-26,,0
2026-09-18T14:49:01,2026-09-18,ATI,HOLD,0,VWAP Trend,HIGH,6,74.04,183.64,6.83,0.0,4.46,0.0,0.0,2026-09-20,2.26,8.46,71.4,5.91,51.12,40.93,-4.64,2.6,7,2026-06-02 to 2026-09-17 (75 days),-1.0,33.1,0.3512,202.94,162.37,BULLISH,MEDIUM,Price at statistical extreme; Strong trend (ADX=38); Last surprise: +18.3%; Earnings conf adj: +1,5.34,-1.0,1.0,39,2026-10-27,18.27,1
2026-09-18T14:51:24,2026-09-18,CBT,EXIT,-1,VWAP Trend,HIGH,5,73.72,77.56,4.43,81.0,2.13,75.91,9.52,2026-09-19,2.28,4.83,90.0,6.48,43.52,75.39,-3.68,1.7,10,2026-06-02 to 2026-09-17 (75 days),-1.0,34.3,0.2073,85.03,77.5,BULLISH,MEDIUM,Last surprise: +0.6%; Size: Kelly 10.0% / VolTgt 9.0% / Blend 9.5%,9.04,-1.0,1.0,45,2026-11-02,0.6,0
2026-09-18T14:48:52,2026-09-18,VLO,EXIT,-1,VWAP Trend,HIGH,6,72.58,412.53,4.99,433.12,2.63,401.68,8.65,2026-09-19,2.5,5.18,66.7,3.54,39.23,-360.07,-4.67,1.7,9,2026-06-02 to 2026-09-17 (75 days),-1.0,79.9,0.2564,334.65,246.79,BULLISH,MEDIUM,RSI overbought; Strong trend (ADX=52); Last surprise: +23.8%; Earnings conf adj: +1; Size: Kelly 10.0% / VolTgt 7.3% / Blend 8.7%,7.31,-1.0,1.0,34,2026-10-22,23.79,1
2026-09-18T14:47:20,2026-09-18,BALL,HOLD,0,Stochastic Oscillator,HIGH,5,71.01,60.75,2.14,0.0,3.21,0.0,0.0,2026-09-26,4.08,16.9,100.0,135.48,49.1,-4.28,-1.01,8.7,3,2026-06-02 to 2026-09-17 (75 days),-1.0,42.2,0.1654,62.51,59.21,BULLISH,LOW,Last surprise: +4.0%,10.0,-1.0,1.0,46,2026-11-03,4.04,0
2026-09-18T14:47:53,2026-09-18,FSLR,BUY,1,VWAP Trend,HIGH,6,70.11,201.16,9.24,182.57,6.35,213.93,7.08,2026-09-21,1.89,3.86,80.0,4.18,60.04,137.36,-5.08,3.2,5,2026-06-02 to 2026-09-17 (75 days),0.194,44.1,0.4508,214.75,228.44,BEARISH,HIGH,Last surprise: +36.1%; Earnings conf adj: +1; Size: Kelly 10.0% / VolTgt 4.2% / Blend 7.1%,4.16,-1.0,1.0,41,2026-10-29,36.11,1
2026-09-18T14:48:11,2026-09-18,LH,HOLD,0,VWAP Trend,HIGH,5,70.09,322.73,3.8,0.0,3.52,0.0,0.0,2026-09-21,5.56,20.23,87.5,40.82,125.15,8.4,-2.57,3.6,8,2026-06-02 to 2026-09-17 (75 days),-1.0,51.8,0.2358,312.12,276.54,BULLISH,MEDIUM,Strong trend (ADX=32); Last surprise: +4.6%,7.95,-1.0,1.0,39,2026-10-27,4.61,0
2026-09-18T14:51:18,2026-09-18,GEF,EXIT,-1,ADX Trend Following,HIGH,5,69.75,83.09,3.92,86.35,7.6,76.78,9.45,2026-10-09,4.85,10.85,100.0,371.73,214.72,56.72,-5.08,21.0,4,2026-06-02 to 2026-09-17 (75 days),-1.0,47.2,0.2107,83.01,71.81,BULLISH,MEDIUM,Size: Kelly 10.0% / VolTgt 8.9% / Blend 9.4%,8.9,-1.0,1.0,40,2026-10-28,,0
2026-09-18T14:47:09,2026-09-18,ACGL,HOLD,0,Stochastic Oscillator,HIGH,5,69.51,96.7,2.24,0.0,3.36,0.0,0.0,2026-10-02,2.88,6.25,100.0,105.26,36.99,-2.91,-1.73,14.0,3,2026-06-02 to 2026-09-17 (75 days),-1.0,43.9,0.1834,99.52,96.26,BULLISH,LOW,Last surprise: +4.1%,10.0,-1.0,1.0,38,2026-10-26,4.07,0
2026-09-18T14:51:40,2026-09-18,XLE,HOLD,0,MACD Crossover,HIGH,5,68.79,64.48,2.47,0.0,5.54,0.0,0.0,2026-10-01,1.9,3.0,100.0,75.54,26.99,-20.34,-3.87,13.2,4,2026-06-02 to 2026-09-17 (75 days),-1.0,56.7,0.1938,60.99,55.22,BULLISH,LOW,No special conditions,9.67,-1.0,1.0,-1,,,0
2026-09-18T14:50:30,2026-09-18,FAF,BUY,1,VWAP Trend,HIGH,5,68.55,71.96,4.34,68.84,3.36,74.38,8.4,2026-09-20,4.22,12.03,81.8,10.58,79.56,35.65,-2.7,2.4,11,2026-06-02 to 2026-09-17 (75 days),0.163,47.0,0.2753,73.04,66.64,BULLISH,MEDIUM,Size: Kelly 10.0% / VolTgt 6.8% / Blend 8.4%,6.81,-1.0,1.0,33,2026-10-21,,0
2026-09-18T14:48:56,2026-09-18,WELL,HOLD,0,MACD Crossover,HIGH,4,68.43,232.26,2.64,0.0,4.3,0.0,0.0,2026-10-03,2.11,3.54,100.0,112.78,42.52,-40.09,-8.18,15.2,4,2026-06-02 to 2026-09-17 (75 days),-1.0,42.6,0.1402,237.19,210.97,BULLISH,LOW,Last surprise: -16.9%; Earnings conf adj: -1,10.0,-1.0,1.0,38,2026-10-26,-16.92,-1
2026-09-18T14:48:35,2026-09-18,REGN,HOLD,0,VWAP Trend,HIGH,6,67.86,789.45,3.85,0.0,7.0,0.0,0.0,2026-09-28,2.42,5.14,100.0,131.88,52.31,-99.1,-4.09,10.0,4,2026-06-02 to 2026-09-17 (75 days),-1.0,49.3,0.2812,760.76,731.97,BULLISH,MEDIUM,Last surprise: +40.0%; Earnings conf adj: +1,6.67,-1.0,1.0,40,2026-10-28,39.96,1
2026-09-18T14:49:59,2026-09-18,VOYA,BUY,1,ADX Trend Following,HIGH,5,67.85,99.58,2.84,96.75,7.95,107.5,10.0,2026-10-17,3.68,6.87,100.0,190.42,83.54,-8.91,-3.78,29.3,3,2026-06-02 to 2026-09-17 (75 days),0.722,44.8,0.1865,99.92,82.12,BULLISH,LOW,High volume; Size: Kelly 10.0% / VolTgt 10.0% / Blend 10.0%,10.0,-1.0,1.0,46,2026-11-03,,0
2026-09-18T14:48:30,2026-09-18,PLD,HOLD,0,Stochastic Oscillator,HIGH,6,67.72,135.18,2.0,0.0,3.0,0.0,0.0,2026-10-02,2.17,4.78,100.0,82.08,29.2,36.68,-2.19,14.0,3,2026-06-02 to 2026-09-17 (75 days),-1.0,42.7,0.1581,140.38,135.56,BULLISH,LOW,Strong trend (ADX=50); Last surprise: +48.0%; Earnings conf adj: +1,10.0,-1.0,1.0,27,2026-10-15,48.0,1
2026-09-18T14:48:44,2026-09-18,TDY,EXIT,-1,VWAP Trend,HIGH,6,67.57,601.98,2.08,614.5,1.49,593.01,10.0,2026-09-19,1.88,5.55,62.5,3.47,18.32,27.28,-2.0,1.5,8,2026-06-02 to 2026-09-17 (75 days),-1.0,36.9,0.1543,638.89,618.02,BULLISH,LOW,Strong trend (ADX=56); Last surprise: +8.5%; Earnings conf adj: +1; Size: Kelly 10.0% / VolTgt 10.0% / Blend 10.0%,10.0,-1.0,1.0,33,2026-10-21,8.46,1
2026-09-18T14:50:57,2026-09-18,CVLT,BUY,1,VWAP Trend,HIGH,5,67.17,148.79,7.29,137.94,6.92,159.09,6.85,2026-09-21,4.21,13.76,77.8,22.07,141.72,45.77,-2.36,3.0,9,2026-06-02 to 2026-09-17 (75 days),0.552,62.8,0.5073,138.01,114.11,BULLISH,HIGH,Price at statistical extreme; Size: Kelly 10.0% / VolTgt 3.7% / Blend 6.8%,3.7,-1.0,1.0,39,2026-10-27,,0
2026-09-18T14:50:44,2026-09-18,MTG,EXIT,-1,VWAP Trend,HIGH,5,66.41,29.67,2.53,30.42,2.6,28.9,10.0,2026-09-21,3.89,9.7,87.5,11.05,45.32,-40.01,-1.39,3.8,8,2026-06-02 to 2026-09-17 (75 days),-1.0,38.8,0.1693,30.18,27.62,BULLISH,LOW,Price at statistical extreme; Strong trend (ADX=33); Size: Kelly 10.0% / VolTgt 10.0% / Blend 10.0%,10.0,-1.0,1.0,40,2026-10-28,,0
2026-09-18T14:47:56,2026-09-18,GPC,HOLD,0,VWAP Trend,HIGH,5,65.79,130.88,3.4,0.0,3.26,0.0,0.0,2026-09-22,3.03,10.19,85.7,71.87,129.08,-43.28,-6.54,4.1,7,2026-06-02 to 2026-09-17 (75 days),-1.0,45.6,0.2043,130.05,117.98,BULLISH,MEDIUM,Last surprise: +3.4%,9.18,-1.0,1.0,32,2026-10-20,3.37,0
2026-09-18T14:50:58,2026-09-18,ASB,EXIT,-1,VWAP Trend,HIGH,5,65.73,29.88,2.43,30.61,2.18,29.23,10.0,2026-09-20,2.06,3.84,77.8,7.51,20.11,-14.65,-2.29,2.8,9,2026-06-02 to 2026-09-17 (75 days),-1.0,42.1,0.1655,30.73,27.81,BULLISH,LOW,Size: Kelly 10.0% / VolTgt 10.0% / Blend 10.0%,10.0,-1.0,1.0,34,2026-10-22,,0
2026-09-18T14:47:36,2026-09-18,CTVA,HOLD,0,Stochastic Oscillator,HIGH,5,65.38,81.53,4.76,0.0,7.14,0.0,0.0,2026-10-02,2.06,3.81,100.0,86.37,27.16,7.82,-4.66,14.3,3,2026-06-02 to 2026-09-17 (75 days),-1.0,44.9,0.2804,83.0,77.78,BULLISH,MEDIUM,Last surprise: +3.1%,6.69,-1.0,1.0,46,2026-11-03,3.14,0
2026-09-18T14:47:36,2026-09-18,CTSH,HOLD,0,VWAP Trend,HIGH,5,65.11,61.88,4.92,0.0,7.38,0.0,0.0,2026-10-03,2.47,4.28,80.0,4.65,186.74,135.66,-13.75,15.4,5,2026-06-02 to 2026-09-17 (75 days),-1.0,55.4,0.3987,55.48,61.52,BEARISH,MEDIUM,Strong trend (ADX=31); Last surprise: -0.7%,4.7,-1.0,1.0,40,2026-10-28,-0.72,0
2026-09-18T14:48:22,2026-09-18,NEM,HOLD,0,VWAP Trend,HIGH,6,63.78,124.39,5.33,0.0,4.78,0.0,0.0,2026-09-20,2.9,6.82,66.7,3.3,96.98,41.51,-6.54,2.8,9,2026-06-02 to 2026-09-17 (75 days),-1.0,53.5,0.3624,111.8,109.6,BULLISH,MEDIUM,Last surprise: +5.5%; Earnings conf adj: +1,5.17,-1.0,1.0,34,2026-10-22,5.53,1
2026-09-18T14:48:01,2026-09-18,IBKR,HOLD,0,VWAP Trend,HIGH,6,63.16,88.38,6.81,0.0,5.08,0.0,0.0,2026-09-20,2.06,4.93,63.6,2.86,48.34,49.33,-4.86,2.1,11,2026-06-02 to 2026-09-17 (75 days),-1.0,44.2,0.4451,91.6,79.82,BULLISH,HIGH,Last surprise: +7.8%; Earnings conf adj: +1,4.21,-1.0,1.0,32,2026-10-20,7.81,1
2026-09-18T14:48:44,2026-09-18,TEL,HOLD,0,ADX Trend Following,HIGH,5,63.07,206.6,4.58,0.0,6.87,0.0,0.0,2026-10-01,1.8,2.92,80.0,9.69,53.66,64.81,-4.97,13.6,5,2026-06-02 to 2026-09-17 (75 days),-1.0,50.9,0.31,206.06,214.01,BEARISH,MEDIUM,Last surprise: +3.5%,6.05,-1.0,1.0,40,2026-10-28,3.52,0
2026-09-18T14:48:59,2026-09-18,ZBRA,HOLD,0,VWAP Trend,HIGH,6,62.86,347.81,4.88,0.0,7.53,0.0,0.0,2026-09-30,2.59,13.32,100.0,407.14,245.15,55.21,-6.41,12.0,3,2026-06-02 to 2026-09-17 (75 days),-1.0,51.1,0.276,328.25,261.49,BULLISH,MEDIUM,Last surprise: +45.0%; Earnings conf adj: +1,6.79,-1.0,1.0,46,2026-11-03,44.98,1
2026-09-18T14:49:04,2026-09-18,RS,HOLD,0,VWAP Trend,HIGH,6,61.82,400.56,4.04,0.0,3.88,0.0,0.0,2026-09-21,1.22,1.78,75.0,2.08,18.44,9.33,-7.15,3.1,8,2026-06-02 to 2026-09-17 (75 days),-1.0,53.0,0.2801,399.28,349.58,BULLISH,MEDIUM,Last surprise: +14.6%; Earnings conf adj: +1,6.69,-1.0,1.0,33,2026-10-21,14.63,1
2026-09-18T14:48:17,2026-09-18,MNST,HOLD,0,Stochastic Oscillator,HIGH,5,61.16,44.51,2.92,0.0,4.38,0.0,0.0,2026-09-29,2.07,3.92,100.0,81.03,27.46,24.42,-2.78,11.0,2,2026-06-02 to 2026-09-17 (75 days),-1.0,43.8,0.2063,46.66,42.07,BULLISH,MEDIUM,Last surprise: +3.4%,9.09,-1.0,1.0,48,2026-11-05,3.45,0
2026-09-18T14:49:48,2026-09-18,CYTK,EXIT,-1,VWAP Trend,HIGH,5,60.68,69.92,6.21,74.26,5.18,66.3,7.42,2026-09-20,2.43,4.8,71.4,3.15,29.39,34.07,-2.58,2.9,7,2026-06-02 to 2026-09-17 (75 days),-1.0,37.5,0.3865,77.1,70.0,BULLISH,MEDIUM,Size: Kelly 10.0% / VolTgt 4.8% / Blend 7.4%,4.85,-1.0,1.0,48,2026-11-05,,0
2026-09-18T14:51:34,2026-09-18,OLN,HOLD,0,ADX Trend Following,HIGH,4,59.94,17.01,5.69,0.0,4.41,0.0,0.0,2026-09-21,1.01,2.46,100.0,11.64,3.32,78.58,-0.86,3.0,2,2026-06-02 to 2026-09-17 (75 days),-1.0,39.4,0.323,19.14,22.79,BEARISH,MEDIUM,Last surprise: -30.0%; Earnings conf adj: -1,5.8,-1.0,1.0,41,2026-10-29,-30.0,-1
2026-09-18T14:48:55,2026-09-18,WBD,HOLD,0,Stochastic Oscillator,HIGH,6,59.83,28.24,1.5,0.0,2.25,0.0,0.0,2026-09-28,2.99,6.68,100.0,106.45,38.29,24.37,-3.55,10.0,3,2026-06-02 to 2026-09-17 (75 days),-1.0,55.8,0.1022,27.35,27.48,BEARISH,LOW,Last surprise: +154.5%; Earnings conf adj: +1,10.0,-1.0,1.0,48,2026-11-05,154.55,1
2026-09-18T14:50:15,2026-09-18,VIAV,HOLD,0,VWAP Trend,HIGH,5,59.57,34.74,12.0,0.0,9.88,0.0,0.0,2026-09-20,2.64,5.6,62.5,4.76,149.91,226.0,-8.35,2.8,8,2026-06-02 to 2026-09-17 (75 days),-1.0,43.5,0.7499,38.53,35.6,BULLISH,HIGH,No special conditions,2.5,-1.0,1.0,40,2026-10-28,,0
2026-09-18T14:48:31,2026-09-18,PM,HOLD,0,Stochastic Oscillator,HIGH,6,59.47,190.48,3.58,0.0,5.37,0.0,0.0,2026-10-08,1.44,2.12,100.0,85.03,30.71,-10.2,-6.04,20.3,3,2026-06-02 to 2026-09-17 (75 days),-1.0,51.8,0.2182,189.09,174.12,BULLISH,MEDIUM,Last surprise: +7.3%; Earnings conf adj: +1,8.59,-1.0,1.0,33,2026-10-21,7.32,1
2026-09-18T14:47:08,2026-09-18,ABBV,HOLD,0,Stochastic Oscillator,HIGH,5,59.41,264.02,3.15,0.0,4.72,0.0,0.0,2026-09-29,3.59,11.05,100.0,119.85,42.85,-62.03,-1.56,11.0,2,2026-06-02 to 2026-09-17 (75 days),-1.0,59.1,0.2043,254.93,227.09,BULLISH,MEDIUM,No special conditions,9.18,-1.0,1.0,41,2026-10-29,,0
2026-09-18T14:47:26,2026-09-18,CB,HOLD,0,VWAP Trend,HIGH,6,59.24,341.9,1.79,0.0,1.95,0.0,0.0,2026-09-20,1.39,2.78,63.6,2.01,13.54,-25.5,-3.84,2.3,11,2026-06-02 to 2026-09-17 (75 days),-1.0,50.7,0.1633,345.17,326.13,BULLISH,LOW,Last surprise: +7.6%; Earnings conf adj: +1,10.0,-1.0,1.0,39,2026-10-27,7.56,1
2026-09-18T14:50:09,2026-09-18,ALV,HOLD,0,VWAP Trend,MEDIUM,2,59.19,117.49,3.68,0.0,2.95,0.0,0.0,2026-09-19,-0.65,-0.85,62.5,0.79,-11.39,19.15,-8.84,1.8,8,2026-06-02 to 2026-09-17 (75 days),-1.0,43.3,0.2789,120.66,117.64,BULLISH,MEDIUM,No special conditions,6.72,-1.0,1.0,35,2026-10-23,,0
2026-09-18T14:47:55,2026-09-18,GIS,HOLD,0,Stochastic Oscillator,HIGH,6,59.08,36.66,4.8,0.0,7.2,0.0,0.0,2026-09-29,2.4,4.47,100.0,115.69,41.28,-9.31,-3.11,11.5,2,2026-06-02 to 2026-09-17 (75 days),-1.0,41.3,0.2763,37.81,38.56,BEARISH,MEDIUM,Strong trend (ADX=42); Earnings in 5d (2026-09-23); Last surprise: +18.7%; Earnings conf adj: +1,6.79,-1.0,1.0,5,2026-09-23,18.75,1
2026-09-18T14:47:26,2026-09-18,CAT,HOLD,0,VWAP Trend,HIGH,6,58.73,798.57,4.16,0.0,3.3,0.0,0.0,2026-09-20,3.19,7.66,83.3,11.24,75.79,111.24,-3.82,2.5,6,2026-06-02 to 2026-09-17 (75 days),-1.0,44.6,0.2653,842.49,780.95,BULLISH,MEDIUM,Last surprise: +31.8%; Earnings conf adj: +1,7.07,-1.0,1.0,41,2026-10-29,31.77,1
2026-09-18T14:47:56,2026-09-18,GNRC,HOLD,0,Stochastic Oscillator,HIGH,6,58.45,207.23,10.22,0.0,15.33,0.0,0.0,2026-10-10,1.36,3.38,100.0,162.64,66.02,132.07,-11.16,22.0,2,2026-06-02 to 2026-09-17 (75 days),-1.0,57.6,0.7972,203.97,210.05,BEARISH,HIGH,High volume; Strong trend (ADX=34); Last surprise: +44.8%; Earnings conf adj: +1,2.35,-1.0,1.0,40,2026-10-28,44.78,1
2026-09-18T14:49:24,2026-09-18,BTSG,HOLD,0,VWAP Trend,HIGH,5,58.38,56.6,7.93,0.0,5.48,0.0,0.0,2026-09-20,2.19,3.47,77.8,2.9,51.58,66.45,-6.92,2.1,9,2026-06-02 to 2026-09-17 (75 days),-1.0,40.0,0.4801,63.46,51.12,BULLISH,HIGH,No special conditions,3.91,-1.0,1.0,42,2026-10-30,,0
2026-09-18T14:47:34,2026-09-18,CRM,HOLD,0,VWAP Trend,HIGH,6,57.91,242.85,7.94,0.0,27.49,0.0,0.0,2026-10-04,1.75,4.36,80.0,2.59,128.78,36.15,-21.31,16.0,5,2026-06-02 to 2026-09-17 (75 days),-1.0,56.6,0.8727,205.42,200.93,BULLISH,HIGH,Strong trend (ADX=32); Last surprise: +80.4%; Earnings conf adj: +1,2.15,-1.0,1.0,75,2026-12-02,80.43,1
2026-09-18T14:50:57,2026-09-18,ELF,HOLD,0,MACD Crossover,HIGH,5,57.82,93.32,10.05,0.0,13.08,0.0,0.0,2026-10-02,4.0,7.44,80.0,25.46,410.92,-222.65,-11.29,14.8,5,2026-06-02 to 2026-09-17 (75 days),-1.0,42.9,0.4318,91.45,77.03,BULLISH,HIGH,Strong trend (ADX=44),4.34,-1.0,1.0,47,2026-11-04,,0
2026-09-18T14:51:30,2026-09-18,EXPO,BUY,1,VWAP Trend,HIGH,5,57.25,68.19,3.03,66.12,4.57,71.31,9.82,2026-09-26,2.09,3.61,77.8,4.88,63.38,-11.91,-7.16,8.9,9,2026-06-02 to 2026-09-17 (75 days),0.373,51.2,0.1945,66.44,66.26,BULLISH,LOW,Last surprise: +0.0%; Size: Kelly 10.0% / VolTgt 9.6% / Blend 9.8%,9.64,-1.0,1.0,41,2026-10-29,0.0,0
2026-09-18T14:49:56,2026-09-18,BAH,HOLD,0,ADX Trend Following,HIGH,5,57.06,78.89,4.47,0.0,6.71,0.0,0.0,2026-09-30,2.08,4.61,100.0,160.31,65.98,67.01,-7.19,12.0,3,2026-06-02 to 2026-09-17 (75 days),-1.0,61.1,0.3284,72.36,77.57,BEARISH,MEDIUM,Strong trend (ADX=34),5.71,-1.0,1.0,35,2026-10-23,,0
2026-09-18T14:48:34,2026-09-18,QCOM,HOLD,0,ADX Trend Following,HIGH,5,56.77,188.71,6.41,0.0,8.98,0.0,0.0,2026-10-03,2.18,4.5,100.0,105.28,39.79,94.84,-4.38,15.0,2,2026-06-02 to 2026-09-17 (75 days),-1.0,68.7,0.2943,168.07,166.93,BULLISH,MEDIUM,Strong trend (ADX=44); Last surprise: -0.5%,6.37,-1.0,1.0,41,2026-10-29,-0.45,0
2026-09-18T14:49:11,2026-09-18,RBC,HOLD,0,VWAP Trend,HIGH,6,56.45,494.47,3.9,0.0,3.31,0.0,0.0,2026-09-20,2.4,5.74,72.7,4.17,45.83,87.18,-2.2,2.1,11,2026-06-02 to 2026-09-17 (75 days),-1.0,42.9,0.29,539.8,546.04,BEARISH,MEDIUM,High volume; Strong trend (ADX=33); Last surprise: +13.1%; Earnings conf adj: +1,6.47,-1.0,1.0,42,2026-10-30,13.12,1
2026-09-18T14:48:34,2026-09-18,PSX,BUY,1,MACD Crossover,HIGH,6,56.2,274.21,4.28,262.47,8.51,297.55,8.88,2026-10-08,3.9,8.55,100.0,260.74,126.75,-180.15,-3.2,20.0,3,2026-06-02 to 2026-09-17 (75 days),0.655,79.7,0.2418,227.47,175.74,BULLISH,MEDIUM,RSI overbought; Price at statistical extreme; Strong trend (ADX=43); Last surprise: +25.5%; Earnings conf adj: +1; Size: Kelly 10.0% / VolTgt 7.8% / Blend 8.9%,7.75,-1.0,1.0,40,2026-10-28,25.47,1
2026-09-18T14:48:45,2026-09-18,TER,HOLD,0,VWAP Trend,HIGH,6,56.14,353.13,11.09,0.0,7.62,0.0,0.0,2026-09-20,2.83,7.49,62.5,4.49,192.6,222.81,-8.71,2.1,8,2026-06-02 to 2026-09-17 (75 days),-1.0,47.6,0.6677,363.97,323.69,BULLISH,HIGH,Last surprise: +20.5%; Earnings conf adj: +1,2.81,-1.0,1.0,33,2026-10-21,20.49,1
2026-09-18T14:48:19,2026-09-18,MRNA,HOLD,0,VWAP Trend,HIGH,5,56.01,158.07,12.0,0.0,18.1,0.0,0.0,2026-09-21,2.55,5.58,87.5,5.13,255.66,-6518.65,-10.21,3.4,8,2026-06-02 to 2026-09-17 (75 days),-1.0,66.0,1.2466,96.62,59.6,BULLISH,HIGH,Strong trend (ADX=53); Last surprise: +4.4%,1.5,-1.0,1.0,48,2026-11-05,4.37,0
2026-09-18T14:47:08,2026-09-18,AAPL,HOLD,0,VWAP Trend,HIGH,4,55.87,337.0,3.49,0.0,3.25,0.0,0.0,2026-09-21,0.66,0.92,66.7,1.85,6.87,-19.07,-4.03,3.2,6,2026-06-02 to 2026-09-17 (75 days),-1.0,65.4,0.2305,319.62,285.67,BULLISH,MEDIUM,No special conditions,8.13,-1.0,1.0,41,2026-10-29,,0
2026-09-18T14:49:08,2026-09-18,NBIX,HOLD,0,VWAP Trend,HIGH,4,55.45,151.83,4.17,0.0,2.38,0.0,0.0,2026-09-19,0.86,1.48,44.4,1.72,6.58,13.05,-3.89,1.7,9,2026-06-02 to 2026-09-17 (75 days),-1.0,40.8,0.2313,162.92,147.97,BULLISH,MEDIUM,Last surprise: +45.4%; Earnings conf adj: +1,8.11,-1.0,1.0,40,2026-10-28,45.41,1
2026-09-18T14:51:28,2026-09-18,IRT,BUY,1,VWAP Trend,HIGH,4,54.68,15.05,2.65,14.65,2.44,15.42,9.8,2026-09-20,2.04,4.3,75.0,4.71,17.61,30.45,-2.41,2.5,8,2026-06-02 to 2026-09-17 (75 days),0.456,29.5,0.1956,16.41,16.22,BULLISH,LOW,RSI oversold; Strong trend (ADX=43); Last surprise: -66.7%; Earnings conf adj: -1; Size: Kelly 10.0% / VolTgt 9.6% / Blend 9.8%,9.59,-1.0,1.0,40,2026-10-28,-66.67,-1
2026-09-18T14:51:40,2026-09-18,USO,HOLD,0,MACD Crossover,HIGH,5,54.41,155.31,6.58,0.0,14.68,0.0,0.0,2026-10-07,1.74,2.71,100.0,192.17,85.96,33.69,-17.81,19.0,3,2026-06-02 to 2026-09-17 (75 days),-1.0,65.8,0.4276,131.63,110.87,BULLISH,HIGH,Strong trend (ADX=49),4.38,-1.0,1.0,-1,,,0
2026-09-18T14:49:15,2026-09-18,RNR,HOLD,0,EMA Crossover (9/21),HIGH,6,54.4,328.78,2.29,0.0,6.87,0.0,0.0,2026-10-17,1.55,2.32,100.0,101.88,38.65,-40.67,-5.69,29.7,3,2026-06-02 to 2026-09-17 (75 days),-1.0,53.7,0.1877,323.38,299.92,BULLISH,LOW,Last surprise: +10.0%; Earnings conf adj: +1,9.99,-1.0,1.0,46,2026-11-03,9.96,1
2026-09-18T14:48:32,2026-09-18,PPG,HOLD,0,VWAP Trend,HIGH,5,54.18,105.45,4.07,0.0,2.37,0.0,0.0,2026-09-20,2.4,5.31,77.8,3.78,30.15,50.98,-2.6,2.2,9,2026-06-02 to 2026-09-17 (75 days),-1.0,35.6,0.2027,113.0,110.56,BULLISH,MEDIUM,Strong trend (ADX=31); Last surprise: -0.9%,9.25,-1.0,1.0,39,2026-10-27,-0.89,0
2026-09-18T14:50:34,2026-09-18,FLR,HOLD,0,SMA Crossover (10/50),HIGH,5,53.68,54.96,5.55,0.0,16.16,0.0,0.0,2026-10-20,1.6,3.0,100.0,218.69,100.15,55.76,-13.95,32.0,3,2026-06-02 to 2026-09-17 (75 days),-1.0,53.9,0.3629,52.43,48.39,BULLISH,MEDIUM,No special conditions,5.17,-1.0,1.0,49,2026-11-06,,0
2026-09-18T14:47:47,2026-09-18,EW,HOLD,0,Stochastic Oscillator,HIGH,6,53.31,88.25,3.94,0.0,5.91,0.0,0.0,2026-09-28,2.57,7.21,100.0,102.66,35.85,33.54,-2.55,10.5,2,2026-06-02 to 2026-09-17 (75 days),-1.0,48.9,0.2598,88.64,84.99,BULLISH,MEDIUM,Last surprise: +5.4%; Earnings conf adj: +1,7.22,-1.0,1.0,41,2026-10-29,5.41,1
2026-09-18T14:50:35,2026-09-18,SSD,BUY,1,VWAP Trend,HIGH,5,52.86,172.44,2.91,167.42,2.18,176.2,9.79,2026-09-20,1.78,4.78,71.4,3.17,19.82,44.66,-3.56,2.0,7,2026-06-02 to 2026-09-17 (75 days),0.579,34.5,0.1958,186.88,183.92,BULLISH,LOW,Strong trend (ADX=51); Size: Kelly 10.0% / VolTgt 9.6% / Blend 9.8%,9.58,-1.0,1.0,38,2026-10-26,,0
2026-09-18T14:49:58,2026-09-18,SAIA,HOLD,0,VWAP Trend,LOW,1,52.54,341.8,6.05,0.0,4.46,0.0,0.0,2026-09-20,-0.28,-0.39,53.8,0.96,-7.92,58.56,-14.95,2.2,13,2026-06-02 to 2026-09-17 (75 days),-1.0,40.7,0.3816,376.27,388.19,BEARISH,MEDIUM,No special conditions,4.91,-1.0,1.0,41,2026-10-29,,0
2026-09-18T14:48:36,2026-09-18,ROST,HOLD,0,VWAP Trend,HIGH,4,52.47,229.48,3.12,0.0,3.81,0.0,0.0,2026-09-21,0.5,0.9,75.0,7.32,4.99,-5.34,-3.6,3.2,4,2026-06-02 to 2026-09-17 (75 days),-1.0,46.2,0.2703,236.47,214.12,BULLISH,MEDIUM,Strong trend (ADX=30); Last surprise: +36.4%; Earnings conf adj: +1,6.94,-1.0,1.0,62,2026-11-19,36.41,1
2026-09-18T14:49:52,2026-09-18,BIO,HOLD,0,VWAP Trend,HIGH,5,52.39,382.41,3.88,0.0,2.69,0.0,0.0,2026-09-20,1.34,2.77,66.7,2.35,11.99,-101.33,-2.87,2.3,6,2026-06-02 to 2026-09-17 (75 days),-1.0,61.8,0.2251,349.16,304.32,BULLISH,MEDIUM,Strong trend (ADX=35),8.33,-1.0,1.0,41,2026-10-29,,0
2026-09-18T14:47:17,2026-09-18,APH,HOLD,0,VWAP Trend,HIGH,6,52.05,78.37,5.18,0.0,4.49,0.0,0.0,2026-09-20,2.43,5.25,75.0,4.06,52.62,31.53,-4.72,2.2,4,2026-06-02 to 2026-09-17 (75 days),-1.0,45.8,0.3845,80.02,73.21,BULLISH,MEDIUM,Last surprise: +13.4%; Earnings conf adj: +1,4.88,-1.0,1.0,40,2026-10-28,13.45,1
2026-09-18T14:47:45,2026-09-18,ELV,HOLD,0,VWAP Trend,HIGH,6,51.94,414.26,3.98,0.0,3.94,0.0,0.0,2026-09-21,1.1,1.83,62.5,3.2,17.67,-9.79,-5.08,3.2,8,2026-06-02 to 2026-09-17 (75 days),-1.0,56.8,0.2798,395.9,359.53,BULLISH,MEDIUM,Last surprise: +20.0%; Earnings conf adj: +1,6.7,-1.0,1.0,33,2026-10-21,19.97,1
2026-09-18T14:50:23,2026-09-18,APPF,HOLD,0,Stochastic Oscillator,HIGH,5,51.87,219.74,7.65,0.0,10.97,0.0,0.0,2026-09-29,4.3,9.75,100.0,449.38,284.51,165.84,-5.87,11.7,3,2026-06-02 to 2026-09-17 (75 days),-1.0,56.0,0.4073,199.75,187.23,BULLISH,HIGH,No special conditions,4.6,-1.0,1.0,41,2026-10-29,,0
2026-09-18T14:50:47,2026-09-18,ESNT,HOLD,0,ADX Trend Following,HIGH,5,51.86,67.5,2.25,0.0,3.64,0.0,0.0,2026-10-01,3.14,6.92,80.0,158.63,65.04,-24.96,-3.43,13.2,5,2026-06-02 to 2026-09-17 (75 days),-1.0,46.5,0.1272,67.19,62.27,BULLISH,LOW,Strong trend (ADX=30),10.0,-1.0,1.0,49,2026-11-06,,0
2026-09-18T14:48:16,2026-09-18,MDT,HOLD,0,ADX Trend Following,HIGH,5,51.8,92.77,3.86,0.0,7.66,0.0,0.0,2026-10-07,1.58,2.62,100.0,84.72,31.4,-93.83,-4.42,19.0,3,2026-06-02 to 2026-09-17 (75 days),-1.0,56.0,0.2231,88.5,88.37,BULLISH,MEDIUM,Last surprise: +4.3%,8.4,-1.0,1.0,60,2026-11-17,4.32,0
2026-09-18T14:47:34,2026-09-18,CRWD,EXIT,-1,Stochastic Oscillator,HIGH,6,51.79,245.7,11.0,272.73,16.5,205.16,5.9,2026-10-03,2.87,8.32,100.0,479.53,310.64,180.02,-11.94,15.5,2,2026-06-02 to 2026-09-17 (75 days),-1.0,65.4,1.0342,206.3,146.41,BULLISH,HIGH,Strong trend (ADX=30); Last surprise: +6.9%; Earnings conf adj: +1; Size: Kelly 10.0% / VolTgt 1.8% / Blend 5.9%,1.81,-1.0,1.0,74,2026-12-01,6.9,1
2026-09-18T14:48:11,2026-09-18,LIN,HOLD,0,VWAP Trend,HIGH,5,51.2,458.48,1.81,0.0,1.42,0.0,0.0,2026-09-20,2.08,4.52,75.0,3.62,17.46,39.21,-1.28,2.0,8,2026-06-02 to 2026-09-17 (75 days),-1.0,30.1,0.1273,489.7,479.64,BULLISH,LOW,Strong trend (ADX=41); Last surprise: +0.2%,10.0,-1.0,1.0,42,2026-10-30,0.22,0
2026-09-18T14:47:27,2026-09-18,CEG,EXIT,-1,VWAP Trend,HIGH,4,51.11,262.8,6.15,278.96,9.23,238.54,7.38,2026-09-27,0.55,0.8,66.7,1.32,13.63,24.94,-14.94,9.0,9,2026-06-02 to 2026-09-17 (75 days),-1.0,40.8,0.3938,270.85,292.54,BEARISH,MEDIUM,Strong trend (ADX=31); Last surprise: +11.8%; Earnings conf adj: +1; Size: Kelly 10.0% / VolTgt 4.8% / Blend 7.4%,4.76,-1.0,1.0,52,2026-11-09,11.84,1
2026-09-18T14:49:18,2026-09-18,DOCU,BUY,1,PEAD Earnings Drift,HIGH,6,51.04,70.64,8.41,64.7,17.78,83.2,6.92,2026-10-09,2.07,4.13,100.0,218.16,100.12,-32.93,-7.43,21.5,2,2026-06-02 to 2026-09-17 (75 days),0.623,65.4,0.4869,59.21,53.7,BULLISH,HIGH,Strong trend (ADX=61); Last surprise: +6.4%; Earnings conf adj: +1; Size: Kelly 10.0% / VolTgt 3.9% / Blend 6.9%,3.85,-1.0,1.0,76,2026-12-03,6.42,1
2026-09-18T14:50:49,2026-09-18,HWC,HOLD,0,ADX Trend Following,HIGH,5,50.72,74.7,2.46,0.0,4.47,0.0,0.0,2026-09-30,2.5,4.06,80.0,8.48,39.82,0.38,-4.67,12.2,5,2026-06-02 to 2026-09-17 (75 days),-1.0,47.0,0.1625,75.94,68.78,BULLISH,LOW,No special conditions,10.0,-1.0,1.0,25,2026-10-13,,0
2026-09-18T14:51:01,2026-09-18,SAIC,HOLD,0,ADX Trend Following,HIGH,5,50.08,133.65,4.44,0.0,7.44,0.0,0.0,2026-10-11,2.53,4.44,100.0,109.35,40.9,-36.24,-2.33,23.0,2,2026-06-02 to 2026-09-17 (75 days),-1.0,66.7,0.1971,123.14,105.29,BULLISH,LOW,Price at statistical extreme; Strong trend (ADX=48),9.51,-1.0,1.0,-1,,,0
2026-09-18T14:48:30,2026-09-18,PH,HOLD,0,VWAP Trend,HIGH,6,50.05,925.29,3.65,0.0,2.63,0.0,0.0,2026-09-20,1.95,7.36,66.7,4.59,33.8,-8.27,-2.16,2.0,9,2026-06-02 to 2026-09-17 (75 days),-1.0,36.1,0.2365,985.37,936.67,BULLISH,MEDIUM,Strong trend (ADX=43); Last surprise: +12.1%; Earnings conf adj: +1,7.93,-1.0,1.0,48,2026-11-05,12.09,1
2026-09-18T14:47:40,2026-09-18,DIS,HOLD,0,ADX Trend Following,HIGH,5,49.88,105.35,3.09,0.0,4.63,0.0,0.0,2026-10-06,2.28,3.77,75.0,19.6,60.99,44.13,-6.9,18.5,4,2026-06-02 to 2026-09-17 (75 days),-1.0,49.3,0.2294,102.58,103.44,BEARISH,MEDIUM,Last surprise: +11.4%; Earnings conf adj: +1,8.17,-1.0,1.0,55,2026-11-12,11.35,1
2026-09-18T14:47:47,2026-09-18,ETN,BUY,1,VWAP Trend,HIGH,4,49.68,409.46,7.4,379.16,5.39,431.53,7.12,2026-09-20,2.82,5.72,57.1,4.15,105.06,110.77,-8.0,2.4,7,2026-06-02 to 2026-09-17 (75 days),0.183,49.3,0.4415,415.06,382.17,BULLISH,HIGH,Last surprise: +2.3%; Size: Kelly 10.0% / VolTgt 4.2% / Blend 7.1%,4.25,-1.0,1.0,46,2026-11-03,2.27,0
2026-09-18T14:49:00,2026-09-18,P,HOLD,0,Stochastic Oscillator,HIGH,5,49.65,103.99,9.75,0.0,14.62,0.0,0.0,2026-10-07,3.19,6.08,100.0,439.17,288.01,172.34,-10.23,19.3,3,2026-06-02 to 2026-09-17 (75 days),-1.0,57.4,0.7084,91.34,75.99,BULLISH,HIGH,Last surprise: +20.7%; Earnings conf adj: +1,2.65,-1.0,1.0,-23,2026-08-26,20.69,1
2026-09-18T14:49:39,2026-09-18,SANM,HOLD,0,VWAP Trend,HIGH,4,49.6,196.06,10.33,0.0,7.64,0.0,0.0,2026-09-20,2.73,7.86,66.7,6.91,125.43,195.12,-5.07,2.8,6,2026-06-02 to 2026-09-17 (75 days),-1.0,47.9,0.5795,199.76,185.33,BULLISH,HIGH,No special conditions,3.24,-1.0,1.0,45,2026-11-02,,0
2026-09-18T14:48:12,2026-09-18,LLY,HOLD,0,VWAP Trend,HIGH,5,49.41,1152.44,3.32,0.0,3.14,0.0,0.0,2026-09-21,1.33,2.75,80.0,3.34,19.55,-12.27,-6.49,3.6,5,2026-06-02 to 2026-09-17 (75 days),-1.0,47.2,0.2104,1177.76,1063.13,BULLISH,MEDIUM,Last surprise: +27.4%; Earnings conf adj: +1,8.91,-1.0,1.0,41,2026-10-29,27.36,1
2026-09-18T14:47:28,2026-09-18,CF,HOLD,0,EMA Crossover (9/21),MEDIUM,3,49.4,133.82,8.64,0.0,14.32,0.0,0.0,2026-10-08,1.09,1.76,100.0,86.44,32.27,-46.15,-10.21,20.3,3,2026-06-02 to 2026-09-17 (75 days),-1.0,56.2,0.4037,124.66,109.46,BULLISH,HIGH,Last surprise: -15.1%; Earnings conf adj: -1,4.64,-1.0,1.0,47,2026-11-04,-15.08,-1
2026-09-18T14:51:26,2026-09-18,AVNT,HOLD,0,MACD Crossover,HIGH,5,49.36,40.58,4.33,0.0,6.97,0.0,0.0,2026-10-05,2.01,4.0,100.0,215.48,95.65,25.52,-8.13,17.0,3,2026-06-02 to 2026-09-17 (75 days),-1.0,40.8,0.2148,40.64,36.57,BULLISH,MEDIUM,Strong trend (ADX=40); Last surprise: +7.9%; Earnings conf adj: +1,8.73,-1.0,1.0,52,2026-11-09,7.87,1
2026-09-18T14:48:42,2026-09-18,SWKS,HOLD,0,VWAP Trend,HIGH,4,49.34,91.32,12.0,0.0,18.14,0.0,0.0,2026-09-25,1.39,2.48,75.0,2.59,82.96,20.0,-18.91,7.9,8,2026-06-02 to 2026-09-17 (75 days),-1.0,68.5,0.8198,68.04,64.18,BULLISH,HIGH,Strong trend (ADX=49); Last surprise: +4.9%,2.29,-1.0,1.0,46,2026-11-03,4.85,0
2026-09-18T14:49:00,2026-09-18,OKTA,HOLD,0,ADX Trend Following,HIGH,5,49.21,190.02,9.69,0.0,33.91,0.0,0.0,2026-10-06,1.79,3.57,100.0,206.81,92.54,-125.21,-11.98,18.3,3,2026-06-02 to 2026-09-17 (75 days),-1.0,68.2,1.1775,152.25,105.82,BULLISH,HIGH,Strong trend (ADX=47); Last surprise: +9.4%; Earnings conf adj: +1,1.59,-1.0,1.0,74,2026-12-01,9.38,1
2026-09-18T14:47:24,2026-09-18,BRK-B,HOLD,0,Stochastic Oscillator,HIGH,5,49.15,509.2,1.5,0.0,2.25,0.0,0.0,2026-10-03,2.83,8.11,100.0,84.2,28.11,-1.83,-1.53,15.0,3,2026-06-02 to 2026-09-17 (75 days),-1.0,51.6,0.1159,504.8,492.6,BULLISH,LOW,Last surprise: +17.5%; Earnings conf adj: +1,10.0,-1.0,1.0,50,2026-11-07,17.54,1
2026-09-18T14:47:31,2026-09-18,CMG,HOLD,0,Stochastic Oscillator,HIGH,4,49.15,33.51,5.19,0.0,7.79,0.0,0.0,2026-10-10,4.22,7.46,100.0,348.87,188.92,130.22,-6.69,22.5,2,2026-06-02 to 2026-09-17 (75 days),-1.0,38.6,0.3926,35.11,34.99,BULLISH,MEDIUM,Price at statistical extreme; Strong trend (ADX=30); Last surprise: +3.1%,4.78,-1.0,1.0,40,2026-10-28,3.13,0
2026-09-18T14:48:50,2026-09-18,UHS,HOLD,0,VWAP Trend,HIGH,4,49.12,180.75,4.56,0.0,6.35,0.0,0.0,2026-09-28,1.46,2.22,71.4,2.25,38.07,-88.35,-11.62,10.1,7,2026-06-02 to 2026-09-17 (75 days),-1.0,63.8,0.2537,166.77,183.21,BEARISH,MEDIUM,Last surprise: -0.5%,7.39,-1.0,1.0,38,2026-10-26,-0.5,0
2026-09-18T14:47:45,2026-09-18,EMR,HOLD,0,VWAP Trend,LOW,1,48.45,147.4,3.94,0.0,2.96,0.0,0.0,2026-09-20,0.36,0.45,75.0,1.36,4.15,-10.64,-6.4,2.1,8,2026-06-02 to 2026-09-17 (75 days),-1.0,43.1,0.2594,150.52,142.63,BULLISH,MEDIUM,Strong trend (ADX=37); Last surprise: +1.8%,7.0,-1.0,1.0,47,2026-11-04,1.79,0
2026-09-18T14:51:14,2026-09-18,OGS,HOLD,0,ADX Trend Following,MEDIUM,3,48.21,76.24,2.36,0.0,3.54,0.0,0.0,2026-09-29,1.0,1.63,100.0,38.64,12.39,14.94,-3.78,11.7,3,2026-06-02 to 2026-09-17 (75 days),-1.0,36.4,0.1949,79.06,80.28,BEARISH,LOW,Strong trend (ADX=37),9.62,-1.0,1.0,45,2026-11-02,,0
2026-09-18T14:47:30,2026-09-18,CMI,EXIT,-1,VWAP Trend,MEDIUM,3,48.18,523.88,4.54,547.66,3.12,507.53,9.16,2026-09-21,1.24,2.24,71.4,2.12,19.0,75.77,-3.77,3.1,7,2026-06-02 to 2026-09-17 (75 days),-1.0,26.3,0.225,609.5,598.95,BULLISH,MEDIUM,RSI oversold; Strong trend (ADX=60); Last surprise: -6.1%; Earnings conf adj: -1; Size: Kelly 10.0% / VolTgt 8.3% / Blend 9.2%,8.33,-1.0,1.0,48,2026-11-05,-6.14,-1
2026-09-18T14:48:57,2026-09-18,WMT,HOLD,0,Stochastic Oscillator,HIGH,5,47.76,106.79,2.44,0.0,3.66,0.0,0.0,2026-10-14,1.11,1.69,100.0,52.86,18.21,35.2,-5.7,26.7,3,2026-06-02 to 2026-09-17 (75 days),-1.0,46.2,0.3856,109.85,118.24,BEARISH,MEDIUM,Last surprise: +9.5%; Earnings conf adj: +1,4.86,-1.0,1.0,62,2026-11-19,9.46,1
2026-09-18T14:48:43,2026-09-18,T,HOLD,0,VWAP Trend,HIGH,5,47.56,25.39,3.62,0.0,5.43,0.0,0.0,2026-09-30,1.99,2.94,66.7,2.94,51.93,36.05,-9.87,12.7,6,2026-06-02 to 2026-09-17 (75 days),-1.0,50.3,0.2392,24.28,24.74,BEARISH,MEDIUM,Last surprise: +10.2%; Earnings conf adj: +1,7.84,-1.0,1.0,33,2026-10-21,10.17,1
2026-09-18T14:47:38,2026-09-18,DASH,HOLD,0,VWAP Trend,HIGH,4,47.5,194.56,5.81,0.0,8.12,0.0,0.0,2026-09-26,2.4,4.64,85.7,5.03,120.29,12.46,-13.26,8.4,7,2026-06-02 to 2026-09-17 (75 days),-1.0,36.1,0.356,205.37,188.61,BULLISH,MEDIUM,Strong trend (ADX=38); Last surprise: -2.1%,5.27,-1.0,1.0,47,2026-11-04,-2.13,0
2026-09-18T14:48:25,2026-09-18,NUE,HOLD,0,Stochastic Oscillator,HIGH,5,47.36,265.14,4.26,0.0,6.39,0.0,0.0,2026-10-12,3.96,10.37,100.0,272.32,126.25,116.26,-3.54,24.5,2,2026-06-02 to 2026-09-17 (75 days),-1.0,58.4,0.2775,253.75,209.59,BULLISH,MEDIUM,Last surprise: +6.8%; Earnings conf adj: +1,6.76,-1.0,1.0,38,2026-10-26,6.84,1
2026-09-18T14:48:36,2026-09-18,RMD,HOLD,0,Stochastic Oscillator,HIGH,4,47.26,228.42,4.29,0.0,6.44,0.0,0.0,2026-10-01,2.5,4.35,100.0,148.29,57.04,-58.52,-5.41,13.3,3,2026-06-02 to 2026-09-17 (75 days),-1.0,54.7,0.2514,217.71,226.18,BEARISH,MEDIUM,Last surprise: +2.1%,7.46,-1.0,1.0,41,2026-10-29,2.08,0
2026-09-18T14:50:32,2026-09-18,KEX,HOLD,0,Stochastic Oscillator,HIGH,4,46.98,138.39,2.73,0.0,4.09,0.0,0.0,2026-10-04,2.72,5.48,100.0,136.72,53.13,64.49,-4.6,16.0,2,2026-06-02 to 2026-09-17 (75 days),-1.0,48.5,0.1659,139.46,133.46,BULLISH,LOW,No special conditions,10.0,-1.0,1.0,41,2026-10-29,,0
2026-09-18T14:49:37,2026-09-18,GME,HOLD,0,VWAP Trend,LOW,1,46.92,22.77,5.0,0.0,7.5,0.0,0.0,2026-10-02,-0.11,-0.14,66.7,0.9,-8.65,-42.1,-19.06,14.7,6,2026-06-02 to 2026-09-17 (75 days),-1.0,76.8,0.3093,20.07,22.19,BEARISH,MEDIUM,RSI overbought; Price at statistical extreme; Strong trend (ADX=62),6.06,-1.0,1.0,81,2026-12-08,,0
2026-09-18T14:47:22,2026-09-18,BG,HOLD,0,Stochastic Oscillator,HIGH,4,46.85,119.31,6.21,0.0,9.31,0.0,0.0,2026-10-08,2.72,5.94,100.0,149.54,56.7,78.66,-6.05,20.0,2,2026-06-02 to 2026-09-17 (75 days),-1.0,52.7,0.3751,115.26,114.07,BULLISH,MEDIUM,Strong trend (ADX=32); Last surprise: +3.1%,5.0,-1.0,1.0,47,2026-11-04,3.09,0
2026-09-18T14:49:48,2026-09-18,CGNX,HOLD,0,Stochastic Oscillator,HIGH,4,46.66,60.85,7.07,0.0,10.61,0.0,0.0,2026-10-10,2.11,3.49,100.0,243.34,116.83,140.95,-15.69,22.0,3,2026-06-02 to 2026-09-17 (75 days),-1.0,47.7,0.4124,62.78,54.39,BULLISH,HIGH,No special conditions,4.55,-1.0,1.0,40,2026-10-28,,0
2026-09-18T14:50:45,2026-09-18,AAON,HOLD,0,ADX Trend Following,HIGH,4,46.51,76.43,8.66,0.0,7.67,0.0,0.0,2026-09-23,2.5,9.53,100.0,110.84,41.54,129.76,-1.81,5.0,2,2026-06-02 to 2026-09-17 (75 days),-1.0,40.9,0.4356,89.26,97.73,BEARISH,HIGH,No special conditions,4.3,-1.0,1.0,48,2026-11-05,,0
2026-09-18T14:48:17,2026-09-18,META,HOLD,0,VWAP Trend,MEDIUM,3,46.28,682.31,4.61,0.0,5.76,0.0,0.0,2026-09-24,2.26,3.94,77.8,3.27,112.16,54.64,-9.47,6.9,9,2026-06-02 to 2026-09-17 (75 days),-1.0,74.0,0.2787,606.69,623.41,BEARISH,MEDIUM,RSI overbought; Strong trend (ADX=54); Last surprise: -14.4%; Earnings conf adj: -1,6.73,-1.0,1.0,40,2026-10-28,-14.4,-1
2026-09-18T14:47:46,2026-09-18,ERIE,HOLD,0,Stochastic Oscillator,HIGH,4,46.19,244.39,4.34,0.0,6.51,0.0,0.0,2026-10-04,2.67,4.67,100.0,234.63,106.43,28.54,-8.76,16.7,3,2026-06-02 to 2026-09-17 (75 days),-1.0,44.9,0.2985,246.05,250.49,BEARISH,MEDIUM,Last surprise: +3.0%,6.28,-1.0,1.0,41,2026-10-29,2.99,0
2026-09-18T14:48:04,2026-09-18,ISRG,HOLD,0,ADX Trend Following,HIGH,5,46.13,383.54,4.52,0.0,6.78,0.0,0.0,2026-09-24,1.98,2.92,62.5,4.14,60.37,75.38,-8.16,6.5,8,2026-06-02 to 2026-09-17 (75 days),-1.0,56.1,0.3378,373.85,455.98,BEARISH,MEDIUM,Last surprise: +12.0%; Earnings conf adj: +1,5.55,-1.0,1.0,32,2026-10-20,12.0,1
2026-09-18T14:50:20,2026-09-18,TKR,HOLD,0,VWAP Trend,MEDIUM,3,46.09,116.58,4.26,0.0,2.59,0.0,0.0,2026-09-19,0.68,1.0,70.0,1.79,8.83,42.55,-3.52,1.6,10,2026-06-02 to 2026-09-17 (75 days),-1.0,35.6,0.2605,129.24,112.25,BULLISH,MEDIUM,Strong trend (ADX=32),7.2,-1.0,1.0,40,2026-10-28,,0
2026-09-18T14:50:28,2026-09-18,MORN,HOLD,0,VWAP Trend,HIGH,4,45.79,202.85,5.4,0.0,9.4,0.0,0.0,2026-09-28,4.28,10.91,66.7,12.0,278.38,241.08,-4.72,10.0,6,2026-06-02 to 2026-09-17 (75 days),-1.0,50.0,0.3775,195.97,186.71,BULLISH,MEDIUM,No special conditions,4.97,-1.0,1.0,40,2026-10-28,,0
2026-09-18T14:48:18,2026-09-18,MPC,HOLD,0,VWAP Trend,MEDIUM,3,45.78,421.96,4.72,0.0,2.17,0.0,0.0,2026-09-19,0.54,0.92,63.6,1.45,5.29,-399.24,-5.02,1.6,11,2026-06-02 to 2026-09-17 (75 days),-1.0,82.6,0.2179,343.73,248.85,BULLISH,MEDIUM,RSI overbought; Strong trend (ADX=56); Last surprise: +27.1%; Earnings conf adj: +1,8.61,-1.0,1.0,46,2026-11-03,27.1,1
2026-09-18T14:49:37,2026-09-18,EGP,HOLD,0,MACD Crossover,MEDIUM,3,45.7,201.63,1.75,0.0,3.01,0.0,0.0,2026-09-28,0.69,1.15,75.0,2.39,9.97,-3.5,-6.38,10.0,4,2026-06-02 to 2026-09-17 (75 days),-1.0,52.6,0.1208,205.35,193.74,BULLISH,LOW,High volume,10.0,-1.0,1.0,34,2026-10-22,,0
2026-09-18T14:47:49,2026-09-18,FANG,HOLD,0,Stochastic Oscillator,HIGH,5,45.63,196.94,5.12,0.0,7.68,0.0,0.0,2026-10-09,2.31,4.91,100.0,151.46,58.13,65.3,-8.49,21.0,2,2026-06-02 to 2026-09-17 (75 days),-1.0,45.4,0.3667,198.63,181.34,BULLISH,MEDIUM,High volume; Last surprise: +8.4%; Earnings conf adj: +1,5.11,-1.0,1.0,45,2026-11-02,8.36,1
2026-09-18T14:47:17,2026-09-18,ANET,BUY,1,PEAD Earnings Drift,HIGH,5,45.56,199.53,7.84,183.89,23.52,246.46,7.02,2026-11-08,1.13,1.71,100.0,148.12,61.37,6.05,-15.51,51.5,2,2026-06-02 to 2026-09-17 (75 days),0.31,55.9,0.4628,187.24,154.76,BULLISH,HIGH,Last surprise: +14.6%; Earnings conf adj: +1; Size: Kelly 10.0% / VolTgt 4.0% / Blend 7.0%,4.05,-1.0,1.0,46,2026-11-03,14.61,1
2026-09-18T14:47:13,2026-09-18,ALGN,HOLD,0,ADX Trend Following,HIGH,4,45.49,149.71,4.84,0.0,6.0,0.0,0.0,2026-09-24,1.54,2.61,100.0,78.35,28.46,59.1,-4.27,6.5,2,2026-06-02 to 2026-09-17 (75 days),-1.0,37.5,0.2987,166.86,170.95,BEARISH,MEDIUM,Strong trend (ADX=39); Last surprise: +1.5%,6.28,-1.0,1.0,40,2026-10-28,1.54,0
2026-09-18T14:47:14,2026-09-18,AMD,BUY,1,ADX Trend Following,HIGH,4,45.49,545.09,8.06,501.16,6.81,582.21,6.88,2026-09-21,2.84,129.32,100.0,145.2,58.96,42.73,-0.2,3.0,2,2026-06-02 to 2026-09-17 (75 days),0.385,62.8,0.4992,495.59,352.92,BULLISH,HIGH,High volume; Price at statistical extreme; Last surprise: +3.1%; Size: Kelly 10.0% / VolTgt 3.8% / Blend 6.9%,3.76,-1.0,1.0,46,2026-11-03,3.11,0
2026-09-18T14:51:05,2026-09-18,OZK,HOLD,0,VWAP Trend,HIGH,4,45.44,47.84,2.36,0.0,2.32,0.0,0.0,2026-09-20,1.02,1.44,66.7,2.47,9.17,10.86,-2.78,2.9,9,2026-06-02 to 2026-09-17 (75 days),-1.0,35.3,0.1729,50.4,47.92,BULLISH,LOW,Price at statistical extreme,10.0,-1.0,1.0,27,2026-10-15,,0
2026-09-18T14:49:01,2026-09-18,FTI,HOLD,0,Stochastic Oscillator,HIGH,5,45.32,72.74,4.95,0.0,7.43,0.0,0.0,2026-10-03,2.81,4.85,100.0,161.32,64.67,47.35,-4.7,15.0,2,2026-06-02 to 2026-09-17 (75 days),-1.0,41.5,0.3042,74.67,65.55,BULLISH,MEDIUM,Strong trend (ADX=37); Last surprise: +13.7%; Earnings conf adj: +1,6.16,-1.0,1.0,41,2026-10-29,13.75,1
2026-09-18T14:49:06,2026-09-18,OVV,HOLD,0,MACD Crossover,MEDIUM,3,45.27,62.99,4.9,0.0,9.8,0.0,0.0,2026-10-03,1.78,2.58,100.0,111.96,43.69,10.98,-8.19,15.7,3,2026-06-02 to 2026-09-17 (75 days),-1.0,47.3,0.3228,61.98,53.18,BULLISH,MEDIUM,Last surprise: -10.3%; Earnings conf adj: -1,5.81,-1.0,1.0,47,2026-11-04,-10.31,-1
2026-09-18T14:49:26,2026-09-18,WTRG,HOLD,0,MACD Crossover,HIGH,4,45.08,41.62,2.11,0.0,6.33,0.0,0.0,2026-10-10,1.46,2.48,75.0,21.58,32.09,-21.34,-4.74,22.2,4,2026-06-02 to 2026-09-17 (75 days),-1.0,57.5,0.1743,40.12,38.51,BULLISH,LOW,No special conditions,10.0,-1.0,1.0,47,2026-11-04,,0
2026-09-18T14:48:47,2026-09-18,TRV,HOLD,0,MACD Crossover,HIGH,5,44.9,379.49,1.98,0.0,5.16,0.0,0.0,2026-10-05,2.84,4.67,100.0,138.09,55.08,-95.83,-5.89,17.7,3,2026-06-02 to 2026-09-17 (75 days),-1.0,62.2,0.1557,368.09,313.53,BULLISH,LOW,Strong trend (ADX=31); Last surprise: +86.3%; Earnings conf adj: +1,10.0,-1.0,1.0,28,2026-10-16,86.27,1
2026-09-18T14:47:39,2026-09-18,DELL,EXIT,-1,VWAP Trend,HIGH,5,44.61,588.4,12.0,659.01,10.32,527.68,6.08,2026-09-20,3.2,26.02,66.7,15.59,193.0,12.38,-2.54,2.3,6,2026-06-02 to 2026-09-17 (75 days),-1.0,66.4,0.8638,460.27,269.72,BULLISH,HIGH,Strong trend (ADX=36); Last surprise: +43.1%; Earnings conf adj: +1; Size: Kelly 10.0% / VolTgt 2.2% / Blend 6.1%,2.17,-1.0,1.0,70,2026-11-27,43.09,1
2026-09-18T14:49:22,2026-09-18,EHC,HOLD,0,VWAP Trend,HIGH,4,44.57,123.14,2.4,0.0,3.66,0.0,0.0,2026-09-29,2.5,7.85,60.0,9.04,97.54,3.5,-4.77,11.2,5,2026-06-02 to 2026-09-17 (75 days),-1.0,58.8,0.1388,118.01,107.3,BULLISH,LOW,Last surprise: +4.7%,10.0,-1.0,1.0,40,2026-10-28,4.73,0
2026-09-18T14:50:37,2026-09-18,WEX,HOLD,0,VWAP Trend,HIGH,4,44.53,195.18,4.41,0.0,6.31,0.0,0.0,2026-09-24,3.6,8.88,83.3,22.0,165.61,11.08,-5.25,6.7,6,2026-06-02 to 2026-09-17 (75 days),-1.0,54.5,0.3095,184.79,160.16,BULLISH,MEDIUM,No special conditions,6.06,-1.0,1.0,40,2026-10-28,,0
2026-09-18T14:48:37,2026-09-18,RTX,HOLD,0,VWAP Trend,HIGH,5,44.52,193.54,2.44,0.0,2.64,0.0,0.0,2026-09-21,1.03,1.83,100.0,28.72,8.74,-35.84,-2.13,3.5,4,2026-06-02 to 2026-09-17 (75 days),-1.0,29.7,0.1791,207.71,192.84,BULLISH,LOW,RSI oversold; Strong trend (ADX=55); Last surprise: +13.9%; Earnings conf adj: +1,10.0,-1.0,1.0,32,2026-10-20,13.86,1
2026-09-18T14:49:42,2026-09-18,DAR,HOLD,0,Stochastic Oscillator,HIGH,4,44.43,66.49,5.67,0.0,8.5,0.0,0.0,2026-10-02,3.47,9.87,100.0,180.87,74.13,34.96,-4.95,14.5,2,2026-06-02 to 2026-09-17 (75 days),-1.0,54.8,0.3868,63.56,54.8,BULLISH,MEDIUM,No special conditions,4.85,-1.0,1.0,41,2026-10-29,,0
2026-09-18T14:49:56,2026-09-18,RGEN,HOLD,0,EMA Crossover (9/21),HIGH,4,44.36,178.19,5.92,0.0,14.38,0.0,0.0,2026-10-12,3.16,5.77,100.0,265.74,124.9,-147.37,-9.53,24.5,2,2026-06-02 to 2026-09-17 (75 days),-1.0,61.4,0.3689,160.37,142.23,BULLISH,MEDIUM,No special conditions,5.08,-1.0,1.0,46,2026-11-03,,0
2026-09-18T14:49:11,2026-09-18,LSCC,HOLD,0,VWAP Trend,HIGH,4,44.29,108.53,9.38,0.0,5.38,0.0,0.0,2026-09-19,0.68,1.18,62.5,1.51,15.33,83.11,-10.8,1.6,8,2026-06-02 to 2026-09-17 (75 days),-1.0,40.1,0.5398,122.96,109.79,BULLISH,HIGH,Last surprise: +17.8%; Earnings conf adj: +1,3.47,-1.0,1.0,45,2026-11-02,17.78,1
2026-09-18T14:48:20,2026-09-18,MSCI,HOLD,0,VWAP Trend,LOW,1,44.19,549.47,3.54,0.0,4.11,0.0,0.0,2026-09-23,0.43,0.64,66.7,1.48,5.11,41.67,-8.26,5.5,6,2026-06-02 to 2026-09-17 (75 days),-1.0,43.6,0.2225,571.7,569.12,BULLISH,MEDIUM,Last surprise: -0.8%,7.0,-1.0,1.0,32,2026-10-20,-0.8,0
2026-09-18T14:49:12,2026-09-18,UNM,HOLD,0,EMA Crossover (9/21),HIGH,4,44.16,95.62,3.43,0.0,7.99,0.0,0.0,2026-10-08,1.09,1.7,100.0,47.52,15.99,-41.52,-6.84,20.5,2,2026-06-02 to 2026-09-17 (75 days),-1.0,59.7,0.2241,90.43,81.08,BULLISH,MEDIUM,Strong trend (ADX=31); Last surprise: +0.5%,8.37,-1.0,1.0,46,2026-11-03,0.47,0
2026-09-18T14:51:28,2026-09-18,OPCH,HOLD,0,VWAP Trend,HIGH,4,43.85,24.5,3.92,0.0,5.88,0.0,0.0,2026-10-02,2.21,4.06,66.7,4.54,72.62,-9.66,-6.38,14.3,6,2026-06-02 to 2026-09-17 (75 days),-1.0,59.7,0.2437,23.19,26.96,BEARISH,MEDIUM,High volume; Last surprise: +4.7%,7.69,-1.0,1.0,41,2026-10-29,4.65,0
2026-09-18T14:50:09,2026-09-18,AAL,HOLD,0,VWAP Trend,HIGH,4,43.75,12.94,4.8,0.0,4.42,0.0,0.0,2026-09-22,3.19,7.17,62.5,5.91,145.07,167.27,-4.76,4.5,8,2026-06-02 to 2026-09-17 (75 days),-1.0,39.0,0.2647,14.5,13.92,BULLISH,MEDIUM,Strong trend (ADX=52),7.08,-1.0,1.0,34,2026-10-22,,0
2026-09-18T14:48:18,2026-09-18,MO,HOLD,0,ADX Trend Following,HIGH,4,43.71,69.7,2.92,0.0,3.76,0.0,0.0,2026-09-22,1.64,3.03,75.0,4.7,14.57,1.02,-2.54,4.8,4,2026-06-02 to 2026-09-17 (75 days),-1.0,59.0,0.218,68.25,64.67,BULLISH,MEDIUM,Last surprise: -1.3%,8.6,-1.0,1.0,41,2026-10-29,-1.33,0
2026-09-18T14:48:07,2026-09-18,KHC,HOLD,0,Stochastic Oscillator,HIGH,5,43.51,24.73,3.87,0.0,5.8,0.0,0.0,2026-10-06,2.59,5.22,100.0,154.23,62.14,25.3,-3.47,18.0,2,2026-06-02 to 2026-09-17 (75 days),-1.0,48.4,0.2163,25.1,23.26,BULLISH,MEDIUM,Last surprise: +5.7%; Earnings conf adj: +1,8.67,-1.0,1.0,40,2026-10-28,5.66,1
2026-09-18T14:49:13,2026-09-18,STRL,HOLD,0,VWAP Trend,HIGH,5,43.49,505.72,10.44,0.0,5.94,0.0,0.0,2026-09-19,1.54,2.94,60.0,2.21,78.94,163.51,-15.5,1.5,10,2026-06-02 to 2026-09-17 (75 days),-1.0,48.8,0.6162,558.16,528.95,BULLISH,HIGH,Last surprise: +12.0%; Earnings conf adj: +1,3.04,-1.0,1.0,45,2026-11-02,11.97,1
2026-09-18T14:47:42,2026-09-18,DVA,HOLD,0,MACD Crossover,HIGH,4,43.47,183.09,4.51,0.0,13.03,0.0,0.0,2026-10-13,2.43,3.58,100.0,141.31,56.94,65.38,-5.66,25.5,2,2026-06-02 to 2026-09-17 (75 days),-1.0,45.4,0.3277,201.49,166.76,BULLISH,MEDIUM,High volume; Last surprise: +3.6%,5.72,-1.0,1.0,40,2026-10-28,3.61,0
2026-09-18T14:49:20,2026-09-18,HL,HOLD,0,ADX Trend Following,MEDIUM,3,43.35,18.96,11.47,0.0,17.21,0.0,0.0,2026-10-27,1.76,3.18,100.0,274.23,132.89,108.82,-14.22,39.0,2,2026-06-02 to 2026-09-17 (75 days),-1.0,48.9,0.5667,17.67,19.16,BEARISH,HIGH,High volume; Last surprise: -5.6%; Earnings conf adj: -1,3.31,-1.0,1.0,48,2026-11-05,-5.56,-1
2026-09-18T14:47:19,2026-09-18,AXP,HOLD,0,VWAP Trend,HIGH,4,43.2,311.17,2.88,0.0,4.23,0.0,0.0,2026-09-24,3.24,9.62,75.0,13.81,41.27,40.11,-2.03,6.5,4,2026-06-02 to 2026-09-17 (75 days),-1.0,31.1,0.2108,337.59,334.6,BULLISH,MEDIUM,High volume; Price at statistical extreme; Last surprise: +3.0%,8.89,-1.0,1.0,35,2026-10-23,2.95,0
2026-09-18T14:49:48,2026-09-18,ZION,HOLD,0,VWAP Trend,HIGH,4,43.02,65.7,3.61,0.0,2.44,0.0,0.0,2026-09-20,2.01,3.58,77.8,4.47,18.38,-6.12,-2.05,2.1,9,2026-06-02 to 2026-09-17 (75 days),-1.0,37.1,0.2137,69.26,62.29,BULLISH,MEDIUM,Price at statistical extreme,8.77,-1.0,1.0,31,2026-10-19,,0
2026-09-18T14:48:36,2026-09-18,ROP,HOLD,0,VWAP Trend,HIGH,4,42.92,374.76,3.98,0.0,6.42,0.0,0.0,2026-09-28,3.1,5.79,66.7,30.62,123.14,77.6,-7.55,10.7,6,2026-06-02 to 2026-09-17 (75 days),-1.0,35.7,0.2492,389.65,372.6,BULLISH,MEDIUM,Strong trend (ADX=34); Last surprise: +1.7%,7.53,-1.0,1.0,34,2026-10-22,1.7,0
2026-09-18T14:51:07,2026-09-18,SHC,EXIT,-1,VWAP Trend,HIGH,4,42.88,18.95,3.58,19.63,2.58,18.46,9.05,2026-09-20,2.2,5.27,66.7,3.36,18.16,-102.51,-2.44,2.0,12,2026-06-02 to 2026-09-17 (75 days),-1.0,53.2,0.2315,18.49,16.9,BULLISH,MEDIUM,Size: Kelly 10.0% / VolTgt 8.1% / Blend 9.1%,8.1,-1.0,1.0,46,2026-11-03,,0
2026-09-18T14:47:49,2026-09-18,FAST,HOLD,0,Stochastic Oscillator,HIGH,4,42.87,49.18,3.24,0.0,4.86,0.0,0.0,2026-10-06,4.34,10.52,100.0,182.4,74.04,33.32,-2.99,18.0,2,2026-06-02 to 2026-09-17 (75 days),-1.0,47.8,0.2064,48.87,45.38,BULLISH,MEDIUM,Last surprise: +0.0%,9.09,-1.0,1.0,26,2026-10-14,0.0,0
2026-09-18T14:47:10,2026-09-18,ADM,HOLD,0,Stochastic Oscillator,HIGH,5,42.83,88.09,4.67,0.0,7.0,0.0,0.0,2026-10-11,2.59,5.51,100.0,155.8,57.61,29.66,-4.6,23.5,2,2026-06-02 to 2026-09-17 (75 days),-1.0,65.3,0.2889,82.09,72.41,BULLISH,MEDIUM,Strong trend (ADX=45); Last surprise: +27.8%; Earnings conf adj: +1,6.49,-1.0,1.0,46,2026-11-03,27.78,1
2026-09-18T14:47:09,2026-09-18,A,HOLD,0,Stochastic Oscillator,HIGH,5,42.82,156.34,4.11,0.0,6.17,0.0,0.0,2026-10-09,2.88,5.84,100.0,175.26,69.73,4.02,-4.92,21.0,2,2026-06-02 to 2026-09-17 (75 days),-1.0,62.6,0.2917,144.97,131.19,BULLISH,MEDIUM,Last surprise: +8.7%; Earnings conf adj: +1,6.43,-1.0,1.0,68,2026-11-25,8.72,1
2026-09-18T14:50:30,2026-09-18,NOV,HOLD,0,Stochastic Oscillator,HIGH,4,42.82,20.53,4.48,0.0,6.72,0.0,0.0,2026-10-07,2.05,4.02,100.0,125.88,45.73,41.42,-6.07,19.0,2,2026-06-02 to 2026-09-17 (75 days),-1.0,47.6,0.2557,20.26,18.98,BULLISH,MEDIUM,No special conditions,7.33,-1.0,1.0,39,2026-10-27,,0
2026-09-18T14:48:55,2026-09-18,WAB,HOLD,0,VWAP Trend,HIGH,5,42.7,278.82,2.7,0.0,1.87,0.0,0.0,2026-09-19,1.13,1.93,57.1,1.91,9.89,-10.18,-4.08,1.7,7,2026-06-02 to 2026-09-17 (75 days),-1.0,41.7,0.1826,285.8,256.88,BULLISH,LOW,Strong trend (ADX=45); Last surprise: +5.7%; Earnings conf adj: +1,10.0,-1.0,1.0,33,2026-10-21,5.75,1
2026-09-18T14:48:29,2026-09-18,PFE,HOLD,0,VWAP Trend,LOW,1,42.65,27.64,2.26,0.0,2.88,0.0,0.0,2026-09-22,0.31,0.47,50.0,1.36,3.02,-35.63,-8.69,4.1,10,2026-06-02 to 2026-09-17 (75 days),-1.0,52.3,0.1809,26.46,25.6,BULLISH,LOW,Last surprise: +13.2%; Earnings conf adj: +1,7.0,-1.0,1.0,46,2026-11-03,13.24,1
2026-09-18T14:50:39,2026-09-18,TEX,HOLD,0,VWAP Trend,HIGH,4,42.61,57.88,6.42,0.0,5.96,0.0,0.0,2026-09-21,1.69,3.01,60.0,7.84,42.68,59.01,-9.27,3.8,5,2026-06-02 to 2026-09-17 (75 days),-1.0,35.7,0.3885,64.47,61.51,BULLISH,MEDIUM,Strong trend (ADX=42),4.83,-1.0,1.0,41,2026-10-29,,0
2026-09-18T14:49:16,2026-09-18,EXEL,BUY,1,MACD Crossover,HIGH,4,42.47,58.49,4.29,55.98,10.08,64.39,8.02,2026-10-05,1.51,2.92,100.0,83.8,30.97,-57.73,-5.09,17.0,3,2026-06-02 to 2026-09-17 (75 days),0.361,59.7,0.3103,55.36,48.23,BULLISH,MEDIUM,Last surprise: +4.6%; Size: Kelly 10.0% / VolTgt 6.0% / Blend 8.0%,6.04,-1.0,1.0,39,2026-10-27,4.6,0
2026-09-18T14:48:16,2026-09-18,MCO,HOLD,0,VWAP Trend,HIGH,5,42.42,461.88,3.63,0.0,4.5,0.0,0.0,2026-09-23,1.24,2.0,66.7,2.49,25.18,18.06,-9.55,5.5,6,2026-06-02 to 2026-09-17 (75 days),-1.0,37.2,0.2437,488.13,470.88,BULLISH,MEDIUM,Last surprise: +10.1%; Earnings conf adj: +1,7.69,-1.0,1.0,33,2026-10-21,10.12,1
2026-09-18T14:48:21,2026-09-18,NDSN,HOLD,0,VWAP Trend,MEDIUM,3,42.16,311.74,3.06,0.0,4.8,0.0,0.0,2026-09-21,0.68,1.73,42.9,1.78,10.65,-23.36,-6.59,3.1,7,2026-06-02 to 2026-09-17 (75 days),-1.0,48.7,0.3461,306.78,280.63,BULLISH,MEDIUM,Last surprise: +5.2%; Earnings conf adj: +1,5.42,-1.0,1.0,-30,2026-08-19,5.18,1
2026-09-18T14:49:14,2026-09-18,SGI,EXIT,-1,MACD Crossover,MEDIUM,2,42.03,65.04,6.11,69.01,9.17,59.08,7.42,2026-09-30,0.11,0.19,100.0,4.19,0.42,13.64,-8.1,12.5,2,2026-06-02 to 2026-09-17 (75 days),-1.0,45.8,0.3864,67.57,77.67,BEARISH,MEDIUM,Last surprise: +0.0%; Size: Kelly 10.0% / VolTgt 4.8% / Blend 7.4%,4.85,-1.0,1.0,48,2026-11-05,0.0,0
2026-09-18T14:49:11,2026-09-18,OHI,HOLD,0,Stochastic Oscillator,HIGH,5,41.87,47.37,2.43,0.0,3.65,0.0,0.0,2026-10-17,2.27,4.63,100.0,109.41,37.64,11.12,-2.9,29.5,2,2026-06-02 to 2026-09-17 (75 days),-1.0,53.1,0.1436,47.8,45.44,BULLISH,LOW,Last surprise: +154.2%; Earnings conf adj: +1,10.0,-1.0,1.0,41,2026-10-29,154.17,1
2026-09-18T14:48:47,2026-09-18,TROW,HOLD,0,VWAP Trend,HIGH,4,41.8,102.84,2.48,0.0,1.74,0.0,0.0,2026-09-20,1.73,3.11,71.4,2.63,16.4,12.9,-2.63,2.6,7,2026-06-02 to 2026-09-17 (75 days),-1.0,28.8,0.1371,111.49,101.26,BULLISH,LOW,RSI oversold; Strong trend (ADX=56); Last surprise: +2.0%,10.0,-1.0,1.0,42,2026-10-30,1.98,0
2026-09-18T14:49:46,2026-09-18,JEF,BUY,1,Stochastic Oscillator,HIGH,4,41.75,47.87,5.94,45.03,8.91,52.14,7.96,2026-10-05,1.69,3.05,100.0,117.1,41.0,73.99,-6.82,17.5,2,2026-06-02 to 2026-09-17 (75 days),0.135,31.2,0.3166,53.79,52.66,BULLISH,MEDIUM,High volume; Strong trend (ADX=46); Size: Kelly 10.0% / VolTgt 5.9% / Blend 8.0%,5.92,-1.0,1.0,10,2026-09-28,,0
2026-09-18T14:51:35,2026-09-18,CMC,HOLD,0,VWAP Trend,LOW,0,41.6,67.1,4.71,0.0,5.21,0.0,0.0,2026-09-21,-1.95,-2.22,42.9,0.36,-38.58,-3.02,-19.34,3.6,7,2026-06-02 to 2026-09-17 (75 days),-1.0,47.1,0.3489,68.46,69.76,BEARISH,MEDIUM,Last surprise: +1.2%,5.37,-1.0,1.0,27,2026-10-15,1.17,0
2026-09-18T14:47:55,2026-09-18,GEV,HOLD,0,VWAP Trend,MEDIUM,3,41.47,924.93,8.51,0.0,6.14,0.0,0.0,2026-09-20,2.33,4.05,60.0,6.5,98.58,113.29,-8.21,2.5,10,2026-06-02 to 2026-09-17 (75 days),-1.0,46.2,0.4932,986.22,899.64,BULLISH,HIGH,Last surprise: -22.3%; Earnings conf adj: -1,3.8,-1.0,1.0,40,2026-10-28,-22.33,-1
2026-09-18T14:47:17,2026-09-18,APA,HOLD,0,ADX Trend Following,HIGH,4,41.39,45.46,6.97,0.0,17.59,0.0,0.0,2026-10-17,2.98,5.57,100.0,298.97,150.35,58.53,-7.21,29.5,2,2026-06-02 to 2026-09-17 (75 days),-1.0,60.1,0.4113,39.71,34.08,BULLISH,HIGH,Strong trend (ADX=36); Last surprise: +1.1%,4.56,-1.0,1.0,47,2026-11-04,1.07,0
2026-09-18T14:47:18,2026-09-18,ARE,HOLD,0,Stochastic Oscillator,HIGH,5,41.38,56.34,4.76,0.0,7.14,0.0,0.0,2026-10-02,2.38,6.39,100.0,188.6,80.86,49.96,-7.63,14.0,2,2026-06-02 to 2026-09-17 (75 days),-1.0,66.9,0.35,50.76,49.3,BULLISH,MEDIUM,High volume; Price at statistical extreme; Last surprise: +25.0%; Earnings conf adj: +1,5.36,-1.0,1.0,38,2026-10-26,25.0,1
2026-09-18T14:47:35,2026-09-18,CTAS,HOLD,0,Stochastic Oscillator,HIGH,4,41.37,197.96,2.07,0.0,3.1,0.0,0.0,2026-09-29,1.89,4.01,100.0,80.6,25.99,-32.69,-3.15,11.0,2,2026-06-02 to 2026-09-17 (75 days),-1.0,44.4,0.1442,200.82,186.65,BULLISH,LOW,Earnings in 5d (2026-09-23); Last surprise: +2.4%,10.0,-1.0,1.0,5,2026-09-23,2.44,0
2026-09-18T14:51:03,2026-09-18,FLG,EXIT,-1,VWAP Trend,HIGH,4,41.37,12.66,2.66,13.0,2.74,12.31,9.74,2026-09-21,2.47,4.44,70.0,2.84,30.41,60.61,-3.41,3.1,10,2026-06-02 to 2026-09-17 (75 days),-1.0,28.5,0.198,13.94,13.64,BULLISH,LOW,RSI oversold; Price at statistical extreme; Size: Kelly 10.0% / VolTgt 9.5% / Blend 9.7%,9.47,-1.0,1.0,35,2026-10-23,,0
2026-09-18T14:49:00,2026-09-18,ILMN,HOLD,0,ADX Trend Following,HIGH,5,41.35,245.18,8.22,0.0,17.44,0.0,0.0,2026-10-05,1.75,3.37,100.0,148.69,61.27,-244.11,-11.6,17.5,2,2026-06-02 to 2026-09-17 (75 days),-1.0,70.2,0.5295,203.14,155.5,BULLISH,HIGH,RSI overbought; High volume; Price at statistical extreme; Strong trend (ADX=33); Last surprise: +6.5%; Earnings conf adj: +1,3.54,-1.0,1.0,41,2026-10-29,6.5,1
2026-09-18T14:48:00,2026-09-18,HPQ,HOLD,0,ADX Trend Following,HIGH,5,41.3,34.66,9.9,0.0,20.61,0.0,0.0,2026-10-08,2.46,4.6,100.0,286.25,139.21,-3.88,-8.69,20.3,3,2026-06-02 to 2026-09-17 (75 days),-1.0,63.5,0.581,28.7,22.76,BULLISH,HIGH,Strong trend (ADX=37); Last surprise: +20.3%; Earnings conf adj: +1,3.23,-1.0,1.0,67,2026-11-24,20.29,1
2026-09-18T14:51:37,2026-09-18,DBA,HOLD,0,MACD Crossover,HIGH,4,41.26,28.42,1.5,0.0,4.5,0.0,0.0,2026-10-20,1.87,3.03,100.0,62.7,22.53,5.24,-2.85,32.0,2,2026-06-02 to 2026-09-17 (75 days),-1.0,45.8,0.126,28.23,26.97,BULLISH,LOW,No special conditions,10.0,-1.0,1.0,-1,,,0
2026-09-18T14:50:53,2026-09-18,TXNM,EXIT,-1,Stochastic Oscillator,HIGH,4,41.13,58.59,1.5,59.47,2.25,57.27,10.0,2026-10-17,2.03,3.56,100.0,33.42,10.02,11.22,-1.9,29.0,2,2026-06-02 to 2026-09-17 (75 days),-1.0,68.4,0.0555,57.52,57.78,BEARISH,LOW,Strong trend (ADX=38); Size: Kelly 10.0% / VolTgt 10.0% / Blend 10.0%,10.0,-1.0,1.0,42,2026-10-30,,0
2026-09-18T14:49:01,2026-09-18,ROKU,HOLD,0,MACD Crossover,HIGH,4,41.11,154.08,1.75,0.0,4.72,0.0,0.0,2026-10-02,0.96,1.45,100.0,29.47,9.28,-83.23,-2.84,14.7,3,2026-06-02 to 2026-09-17 (75 days),-1.0,49.2,0.1565,150.92,120.43,BULLISH,LOW,Last surprise: +114.3%; Earnings conf adj: +1,10.0,-1.0,1.0,48,2026-11-05,114.29,1
2026-09-18T14:50:07,2026-09-18,REXR,HOLD,0,Stochastic Oscillator,HIGH,4,41.03,38.43,2.26,0.0,3.39,0.0,0.0,2026-10-28,2.15,3.84,100.0,151.23,61.3,3.58,-7.47,40.0,2,2026-06-02 to 2026-09-17 (75 days),-1.0,61.0,0.1696,37.06,36.27,BULLISH,LOW,Strong trend (ADX=40),10.0,-1.0,1.0,26,2026-10-14,,0
2026-09-18T14:47:43,2026-09-18,EBAY,HOLD,0,Stochastic Oscillator,HIGH,5,40.86,112.9,4.89,0.0,7.33,0.0,0.0,2026-10-20,1.73,3.0,100.0,108.7,40.92,26.6,-4.49,32.5,2,2026-06-02 to 2026-09-17 (75 days),-1.0,62.6,0.299,108.29,99.16,BULLISH,MEDIUM,Price at statistical extreme; Last surprise: +6.0%; Earnings conf adj: +1,6.27,-1.0,1.0,47,2026-11-04,5.96,1
2026-09-18T14:48:39,2026-09-18,SNDK,HOLD,0,VWAP Trend,HIGH,5,40.57,1614.39,11.85,0.0,8.6,0.0,0.0,2026-09-20,3.29,8.89,80.0,9.76,844.93,863.76,-9.21,2.8,10,2026-06-02 to 2026-09-17 (75 days),-1.0,52.8,0.6529,1505.53,1060.33,BULLISH,HIGH,Last surprise: +13.7%; Earnings conf adj: +1,2.87,-1.0,1.0,49,2026-11-06,13.7,1
2026-09-18T14:51:26,2026-09-18,PLNT,HOLD,0,Stochastic Oscillator,HIGH,4,40.57,49.91,4.85,0.0,7.27,0.0,0.0,2026-10-28,1.76,3.05,100.0,153.05,61.75,81.85,-8.01,40.5,2,2026-06-02 to 2026-09-17 (75 days),-1.0,42.6,0.2902,52.3,71.44,BEARISH,MEDIUM,Last surprise: +3.5%,6.46,-1.0,1.0,48,2026-11-05,3.53,0
2026-09-18T14:47:11,2026-09-18,ADSK,HOLD,0,Stochastic Oscillator,HIGH,5,40.53,218.64,9.43,0.0,14.14,0.0,0.0,2026-10-03,1.15,2.1,100.0,79.31,27.52,51.16,-6.88,15.0,2,2026-06-02 to 2026-09-17 (75 days),-1.0,41.6,0.5566,233.04,243.94,BEARISH,HIGH,Last surprise: +5.8%; Earnings conf adj: +1,3.37,-1.0,1.0,70,2026-11-27,5.77,1
2026-09-18T14:48:11,2026-09-18,LITE,EXIT,-1,VWAP Trend,HIGH,5,40.41,893.61,12.0,1000.84,9.29,810.59,6.06,2026-09-19,2.39,5.69,62.5,3.77,180.25,218.43,-7.67,1.8,8,2026-06-02 to 2026-09-17 (75 days),-1.0,50.9,0.8792,838.87,710.66,BULLISH,HIGH,Last surprise: +8.8%; Earnings conf adj: +1; Size: Kelly 10.0% / VolTgt 2.1% / Blend 6.1%,2.13,-1.0,1.0,48,2026-11-05,8.75,1
2026-09-18T14:49:17,2026-09-18,COKE,HOLD,0,ADX Trend Following,HIGH,4,40.35,198.97,4.43,0.0,12.24,0.0,0.0,2026-10-19,1.68,2.64,100.0,122.06,47.91,-7.66,-7.3,31.5,2,2026-06-02 to 2026-09-17 (75 days),-1.0,59.1,0.277,188.31,180.42,BULLISH,MEDIUM,Last surprise: +32.1%,6.77,-1.0,1.0,40,2026-10-28,32.14,0
2026-09-18T14:47:31,2026-09-18,CNC,HOLD,0,ADX Trend Following,HIGH,4,40.31,67.1,5.54,0.0,6.9,0.0,0.0,2026-09-25,0.88,1.3,100.0,49.49,16.16,-30.28,-7.03,7.5,4,2026-06-02 to 2026-09-17 (75 days),-1.0,53.5,0.32,65.55,51.48,BULLISH,MEDIUM,Last surprise: +132.4%; Earnings conf adj: +1,5.86,-1.0,1.0,39,2026-10-27,132.41,1
2026-09-18T14:48:29,2026-09-18,PFG,EXIT,-1,VWAP Trend,HIGH,5,40.31,115.94,3.65,120.17,3.59,111.78,8.06,2026-09-20,2.34,7.09,64.3,3.33,44.18,-7.8,-2.99,2.2,14,2026-06-02 to 2026-09-17 (75 days),-1.0,56.2,0.307,112.51,98.72,BULLISH,MEDIUM,Strong trend (ADX=32); Last surprise: +7.3%; Earnings conf adj: +1; Size: Kelly 10.0% / VolTgt 6.1% / Blend 8.1%,6.11,-1.0,1.0,38,2026-10-26,7.3,1
2026-09-18T14:49:29,2026-09-18,WTS,BUY,1,VWAP Trend,HIGH,4,40.24,350.49,3.78,337.24,2.36,358.76,9.43,2026-09-20,2.3,7.04,71.4,7.53,57.19,4.85,-2.65,2.0,7,2026-06-02 to 2026-09-17 (75 days),0.71,42.0,0.2118,359.53,318.3,BULLISH,MEDIUM,Size: Kelly 10.0% / VolTgt 8.8% / Blend 9.4%,8.85,-1.0,1.0,40,2026-10-28,,0
2026-09-18T14:48:17,2026-09-18,MKC,HOLD,0,MACD Crossover,HIGH,5,40.22,49.7,3.87,0.0,5.8,0.0,0.0,2026-10-10,1.9,3.29,100.0,131.95,52.59,19.87,-5.27,22.0,2,2026-06-02 to 2026-09-17 (75 days),-1.0,33.5,0.2007,52.66,55.78,BEARISH,MEDIUM,Last surprise: +14.3%; Earnings conf adj: +1,9.34,-1.0,1.0,13,2026-10-01,14.29,1
2026-09-18T14:47:36,2026-09-18,CVS,HOLD,0,Stochastic Oscillator,HIGH,5,40.08,90.27,3.8,0.0,5.7,0.0,0.0,2026-10-02,1.8,3.16,100.0,76.12,26.16,21.01,-4.38,14.5,2,2026-06-02 to 2026-09-17 (75 days),-1.0,32.5,0.2266,99.1,86.34,BULLISH,MEDIUM,Price at statistical extreme; Strong trend (ADX=42); Last surprise: +39.5%; Earnings conf adj: +1,8.27,-1.0,1.0,40,2026-10-28,39.46,1
2026-09-18T14:47:09,2026-09-18,ACN,HOLD,0,ADX Trend Following,HIGH,4,40.05,190.29,4.77,0.0,7.15,0.0,0.0,2026-10-03,3.14,6.39,75.0,20.01,169.09,156.98,-9.09,15.0,4,2026-06-02 to 2026-09-17 (75 days),-1.0,58.2,0.3999,170.15,197.75,BEARISH,MEDIUM,Last surprise: +2.4%,4.69,-1.0,1.0,13,2026-10-01,2.43,0
2026-09-18T14:48:41,2026-09-18,STLD,HOLD,0,Stochastic Oscillator,HIGH,4,40.0,245.35,4.79,0.0,7.19,0.0,0.0,2026-10-14,1.09,1.73,100.0,77.02,25.06,53.6,-10.56,26.0,2,2026-06-02 to 2026-09-17 (75 days),-1.0,53.8,0.3809,243.53,212.87,BULLISH,MEDIUM,Last surprise: +0.5%,4.92,-1.0,1.0,31,2026-10-19,0.54,0
2026-09-18T14:48:48,2026-09-18,TT,HOLD,0,VWAP Trend,HIGH,4,39.97,423.33,2.89,0.0,2.66,0.0,0.0,2026-09-21,2.64,7.64,57.1,5.83,33.32,56.15,-1.77,3.0,7,2026-06-02 to 2026-09-17 (75 days),-1.0,32.0,0.1948,459.9,443.3,BULLISH,LOW,Strong trend (ADX=44); Last surprise: +1.2%,9.63,-1.0,1.0,41,2026-10-29,1.17,0
2026-09-18T14:48:18,2026-09-18,MRK,HOLD,0,Stochastic Oscillator,HIGH,5,39.94,147.15,2.97,0.0,4.46,0.0,0.0,2026-09-25,3.85,28.54,100.0,149.85,55.68,-81.76,-1.87,7.0,2,2026-06-02 to 2026-09-17 (75 days),-1.0,57.6,0.2617,136.68,118.67,BULLISH,MEDIUM,Last surprise: +50.0%; Earnings conf adj: +1,7.17,-1.0,1.0,41,2026-10-29,50.0,1
2026-09-18T14:48:05,2026-09-18,IT,HOLD,0,ADX Trend Following,HIGH,5,39.87,187.8,9.1,0.0,13.65,0.0,0.0,2026-10-11,2.15,4.52,66.7,84.76,227.11,188.47,-15.07,23.0,3,2026-06-02 to 2026-09-17 (75 days),-1.0,52.7,0.6142,171.64,175.71,BEARISH,HIGH,Last surprise: +17.2%; Earnings conf adj: +1,3.05,-1.0,1.0,46,2026-11-03,17.16,1
2026-09-18T14:51:13,2026-09-18,MIDD,HOLD,0,Composite Multi-Indicator,HIGH,4,39.86,111.34,4.21,0.0,5.28,0.0,0.0,2026-09-26,2.65,8.99,100.0,49.97,17.64,50.94,-0.96,8.0,1,2026-06-02 to 2026-09-17 (75 days),-1.0,42.4,0.2369,122.52,121.32,BULLISH,MEDIUM,Strong trend (ADX=35),7.92,-1.0,1.0,48,2026-11-05,,0
2026-09-18T14:48:53,2026-09-18,VRSN,HOLD,0,EMA Crossover (9/21),MEDIUM,3,39.83,302.05,3.84,0.0,7.51,0.0,0.0,2026-10-06,0.69,1.1,100.0,44.21,14.52,8.05,-11.01,18.0,3,2026-06-02 to 2026-09-17 (75 days),-1.0,63.1,0.2249,284.17,262.15,BULLISH,MEDIUM,Last surprise: +1.3%,8.34,-1.0,1.0,34,2026-10-22,1.28,0
2026-09-18T14:48:48,2026-09-18,TTD,HOLD,0,ADX Trend Following,MEDIUM,3,39.77,14.26,9.08,0.0,6.56,0.0,0.0,2026-09-22,1.8,56.03,100.0,45.03,15.38,89.05,-0.2,4.0,1,2026-06-02 to 2026-09-17 (75 days),-1.0,46.1,0.4168,15.86,24.03,BEARISH,HIGH,Strong trend (ADX=31); Last surprise: -15.0%; Earnings conf adj: -1,4.5,-1.0,1.0,48,2026-11-05,-15.0,-1
2026-09-18T14:51:43,2026-09-18,XLP,BUY,1,Stochastic Oscillator,HIGH,4,39.77,83.49,1.5,82.24,2.25,85.37,10.0,2026-09-28,2.34,6.51,100.0,44.56,14.87,5.24,-1.29,10.0,2,2026-06-02 to 2026-09-17 (75 days),0.655,42.9,0.1353,84.93,82.94,BULLISH,LOW,Size: Kelly 10.0% / VolTgt 10.0% / Blend 10.0%,10.0,-1.0,1.0,-1,,,0
2026-09-18T14:50:27,2026-09-18,AVT,HOLD,0,Stochastic Oscillator,HIGH,4,39.68,93.12,7.63,0.0,11.45,0.0,0.0,2026-10-08,2.03,3.3,100.0,156.11,62.82,59.42,-7.32,20.0,2,2026-06-02 to 2026-09-17 (75 days),-1.0,53.1,0.4418,90.36,73.12,BULLISH,HIGH,No special conditions,4.24,-1.0,1.0,40,2026-10-28,,0
2026-09-18T14:50:57,2026-09-18,ORA,HOLD,0,VWAP Trend,HIGH,4,39.63,97.37,7.94,0.0,6.39,0.0,0.0,2026-09-20,1.12,2.27,55.6,2.24,25.66,99.48,-6.37,2.7,9,2026-06-02 to 2026-09-17 (75 days),-1.0,43.2,0.4942,104.05,114.73,BEARISH,HIGH,Strong trend (ADX=33),3.79,-1.0,1.0,47,2026-11-04,,0
2026-09-18T14:47:27,2026-09-18,CDW,HOLD,0,ADX Trend Following,HIGH,4,39.43,149.2,8.22,0.0,17.2,0.0,0.0,2026-10-03,1.2,1.84,80.0,3.05,51.21,24.11,-13.95,15.4,5,2026-06-02 to 2026-09-17 (75 days),-1.0,54.1,0.5567,141.34,130.85,BULLISH,HIGH,Last surprise: +3.9%,3.37,-1.0,1.0,46,2026-11-03,3.93,0
2026-09-18T14:47:18,2026-09-18,APTV,HOLD,0,ADX Trend Following,HIGH,5,39.19,43.62,5.0,0.0,4.88,0.0,0.0,2026-09-21,1.54,13.65,100.0,12.46,3.6,86.95,-0.2,3.0,1,2026-06-02 to 2026-09-17 (75 days),-1.0,36.0,0.3581,50.87,65.17,BEARISH,MEDIUM,Strong trend (ADX=30); Last surprise: +14.0%; Earnings conf adj: +1,5.24,-1.0,1.0,41,2026-10-29,13.99,1
2026-09-18T14:50:59,2026-09-18,VAL,HOLD,0,EMA Crossover (9/21),MEDIUM,3,39.17,84.05,9.76,0.0,17.63,0.0,0.0,2026-10-06,0.55,0.99,100.0,33.02,11.06,39.5,-12.16,18.0,2,2026-06-02 to 2026-09-17 (75 days),-1.0,48.7,0.5277,82.27,80.97,BULLISH,HIGH,No special conditions,3.55,-1.0,1.0,40,2026-10-28,,0
2026-09-18T14:49:20,2026-09-18,NXT,HOLD,0,Composite Multi-Indicator,HIGH,5,39.14,83.36,9.82,0.0,3.67,0.0,0.0,2026-09-19,1.82,122.36,100.0,67.31,24.41,111.54,-0.1,1.0,1,2026-06-02 to 2026-09-17 (75 days),-1.0,43.6,0.4663,94.19,108.19,BEARISH,HIGH,Strong trend (ADX=31); Last surprise: +14.3%; Earnings conf adj: +1,4.02,-1.0,1.0,40,2026-10-28,14.29,1
2026-09-18T14:50:15,2026-09-18,PBF,HOLD,0,Stochastic Oscillator,HIGH,4,39.11,77.16,11.25,0.0,14.72,0.0,0.0,2026-09-26,4.12,15.9,100.0,357.35,187.62,-444.12,-3.02,8.0,2,2026-06-02 to 2026-09-17 (75 days),-1.0,58.3,0.661,68.29,45.55,BULLISH,HIGH,No special conditions,2.84,-1.0,1.0,41,2026-10-29,,0
2026-09-18T14:48:17,2026-09-18,MMM,HOLD,0,VWAP Trend,MEDIUM,2,39.1,164.71,2.67,0.0,2.12,0.0,0.0,2026-09-20,0.31,0.51,55.6,1.29,2.61,-28.16,-4.13,2.2,9,2026-06-02 to 2026-09-17 (75 days),-1.0,39.5,0.1813,171.79,159.41,BULLISH,LOW,Strong trend (ADX=55); Last surprise: +6.7%; Earnings conf adj: +1,10.0,-1.0,1.0,32,2026-10-20,6.67,1
2026-09-18T14:48:23,2026-09-18,NTAP,HOLD,0,Stochastic Oscillator,HIGH,4,39.06,196.92,9.4,0.0,14.1,0.0,0.0,2026-10-03,2.24,4.72,100.0,175.48,71.32,22.17,-5.52,15.5,2,2026-06-02 to 2026-09-17 (75 days),-1.0,57.8,0.4598,183.8,133.36,BULLISH,HIGH,Last surprise: +7.0%,4.08,-1.0,1.0,74,2026-12-01,7.05,0
2026-09-18T14:49:05,2026-09-18,DINO,HOLD,0,MACD Crossover,HIGH,5,38.98,116.62,5.61,0.0,15.37,0.0,0.0,2026-10-20,4.91,12.16,100.0,432.83,276.72,-121.61,-7.69,32.0,2,2026-06-02 to 2026-09-17 (75 days),-1.0,80.3,0.3451,94.04,67.22,BULLISH,MEDIUM,RSI overbought; Strong trend (ADX=51); Last surprise: +18.3%; Earnings conf adj: +1,5.43,-1.0,1.0,41,2026-10-29,18.26,1
2026-09-18T14:47:12,2026-09-18,AIG,HOLD,0,Stochastic Oscillator,HIGH,4,38.89,75.68,2.0,0.0,3.0,0.0,0.0,2026-10-21,2.22,4.19,100.0,107.64,40.8,26.84,-3.49,33.0,2,2026-06-02 to 2026-09-17 (75 days),-1.0,48.5,0.1426,77.02,76.33,BULLISH,LOW,Last surprise: +3.6%,10.0,-1.0,1.0,47,2026-11-04,3.63,0
2026-09-18T14:48:20,2026-09-18,MSFT,HOLD,0,ADX Trend Following,HIGH,5,38.87,497.75,3.09,0.0,9.27,0.0,0.0,2026-10-25,2.84,8.08,100.0,319.58,158.85,107.22,-5.15,37.0,2,2026-06-02 to 2026-09-17 (75 days),-1.0,55.7,0.2186,462.0,430.03,BULLISH,MEDIUM,Last surprise: +11.8%; Earnings conf adj: +1,8.58,-1.0,1.0,40,2026-10-28,11.79,1
2026-09-18T14:49:01,2026-09-18,ROIV,HOLD,0,Stochastic Oscillator,HIGH,5,38.86,39.98,9.31,0.0,13.96,0.0,0.0,2026-10-01,2.16,9.68,100.0,250.51,110.18,-116.12,-3.89,13.5,2,2026-06-02 to 2026-09-17 (75 days),-1.0,61.4,0.7642,36.14,29.29,BULLISH,HIGH,Strong trend (ADX=34); Last surprise: +5.6%; Earnings conf adj: +1,2.45,-1.0,1.0,52,2026-11-09,5.56,1
2026-09-18T14:48:21,2026-09-18,MU,HOLD,0,MACD Crossover,HIGH,4,38.78,977.5,8.77,0.0,16.08,0.0,0.0,2026-10-03,0.72,1.08,100.0,75.2,26.74,51.8,-13.62,15.3,3,2026-06-02 to 2026-09-17 (75 days),-1.0,53.8,0.5222,926.77,636.14,BULLISH,HIGH,Last surprise: +21.4%; Earnings conf adj: +1,3.59,-1.0,1.0,12,2026-09-30,21.36,1
2026-09-18T14:51:02,2026-09-18,MUR,HOLD,0,Stochastic Oscillator,HIGH,4,38.72,37.69,7.43,0.0,11.14,0.0,0.0,2026-10-20,1.87,3.19,100.0,169.04,70.17,69.13,-12.52,32.0,2,2026-06-02 to 2026-09-17 (75 days),-1.0,52.0,0.47,36.49,35.13,BULLISH,HIGH,Strong trend (ADX=32),3.99,-1.0,1.0,47,2026-11-04,,0
2026-09-18T14:47:34,2026-09-18,CRL,HOLD,0,MACD Crossover,HIGH,5,38.66,281.67,4.66,0.0,9.79,0.0,0.0,2026-10-09,3.04,6.63,100.0,173.22,74.13,-333.66,-3.23,21.5,2,2026-06-02 to 2026-09-17 (75 days),-1.0,54.5,0.2681,262.62,204.41,BULLISH,MEDIUM,Last surprise: +10.2%; Earnings conf adj: +1,6.99,-1.0,1.0,47,2026-11-04,10.22,1
2026-09-18T14:48:54,2026-09-18,VZ,HOLD,0,VWAP Trend,HIGH,4,38.6,48.33,3.09,0.0,3.64,0.0,0.0,2026-09-22,1.64,2.84,62.5,2.39,33.2,23.77,-5.54,4.9,8,2026-06-02 to 2026-09-17 (75 days),-1.0,43.5,0.2091,47.54,45.12,BULLISH,MEDIUM,High volume; Price at statistical extreme; Last surprise: +2.4%,8.97,-1.0,1.0,32,2026-10-20,2.36,0
2026-09-18T14:51:10,2026-09-18,SBRA,BUY,1,Stochastic Oscillator,HIGH,4,38.28,20.15,2.44,19.66,3.66,20.89,10.0,2026-10-11,1.62,2.96,100.0,77.52,25.5,-13.48,-4.5,23.0,2,2026-06-02 to 2026-09-17 (75 days),0.552,42.0,0.1637,20.55,19.43,BULLISH,LOW,Size: Kelly 10.0% / VolTgt 10.0% / Blend 10.0%,10.0,-1.0,1.0,47,2026-11-04,,0
2026-09-18T14:51:29,2026-09-18,PVH,HOLD,0,VWAP Trend,LOW,1,38.28,73.54,7.58,0.0,6.02,0.0,0.0,2026-09-21,-0.9,-0.95,57.1,0.47,-36.03,25.19,-21.71,3.0,7,2026-06-02 to 2026-09-17 (75 days),-1.0,46.5,0.4413,78.77,76.25,BULLISH,HIGH,Last surprise: +10.4%,4.25,-1.0,1.0,75,2026-12-02,10.44,0
2026-09-18T14:49:17,2026-09-18,MLI,HOLD,0,MACD Crossover,HIGH,4,38.21,60.33,4.01,0.0,9.72,0.0,0.0,2026-10-02,1.93,3.83,66.7,4.79,37.87,60.01,-5.13,14.0,3,2026-06-02 to 2026-09-17 (75 days),-1.0,40.4,0.33,63.11,61.78,BULLISH,MEDIUM,Strong trend (ADX=48); Last surprise: +1.7%,5.68,-1.0,1.0,32,2026-10-20,1.74,0
2026-09-18T14:49:19,2026-09-18,GWRE,HOLD,0,PEAD Earnings Drift,HIGH,5,38.16,144.98,12.0,0.0,42.0,0.0,0.0,2026-10-22,3.0,6.21,100.0,257.14,114.86,147.39,-6.55,34.0,1,2026-06-02 to 2026-09-17 (75 days),-1.0,38.4,0.9346,163.36,154.36,BULLISH,HIGH,Strong trend (ADX=45); Last surprise: +5.3%; Earnings conf adj: +1,2.01,-1.0,1.0,76,2026-12-03,5.32,1
2026-09-18T14:51:07,2026-09-18,NOVT,HOLD,0,VWAP Trend,LOW,0,38.12,133.55,5.77,0.0,3.62,0.0,0.0,2026-09-19,-0.16,-0.21,50.0,0.97,-8.01,46.76,-11.58,1.8,10,2026-06-02 to 2026-09-17 (75 days),-1.0,35.1,0.343,148.54,138.99,BULLISH,MEDIUM,Price at statistical extreme,5.47,-1.0,1.0,46,2026-11-03,,0
2026-09-18T14:51:28,2026-09-18,FOUR,HOLD,0,Stochastic Oscillator,HIGH,5,37.77,41.35,12.0,0.0,18.0,0.0,0.0,2026-10-18,1.82,3.37,100.0,311.98,147.24,161.7,-14.42,30.0,2,2026-06-02 to 2026-09-17 (75 days),-1.0,42.0,0.6222,47.13,50.62,BEARISH,HIGH,Last surprise: +6.5%; Earnings conf adj: +1,3.01,-1.0,1.0,48,2026-11-05,6.45,1
2026-09-18T14:50:11,2026-09-18,CHWY,HOLD,0,Stochastic Oscillator,HIGH,4,37.71,20.9,10.82,0.0,16.04,0.0,0.0,2026-10-02,1.05,1.68,100.0,83.59,28.4,37.16,-9.55,14.5,2,2026-06-02 to 2026-09-17 (75 days),-1.0,39.4,0.5348,22.41,25.33,BEARISH,HIGH,No special conditions,3.51,-1.0,1.0,82,2026-12-09,,0
2026-09-18T14:49:04,2026-09-18,PR,HOLD,0,Stochastic Oscillator,HIGH,5,37.66,23.2,4.68,0.0,7.02,0.0,0.0,2026-10-09,1.72,3.1,100.0,101.71,35.49,-47.58,-7.41,21.5,2,2026-06-02 to 2026-09-17 (75 days),-1.0,53.8,0.3427,21.7,18.71,BULLISH,MEDIUM,Last surprise: +16.9%; Earnings conf adj: +1,5.47,-1.0,1.0,47,2026-11-04,16.95,1
2026-09-18T14:51:31,2026-09-18,YETI,HOLD,0,Composite Multi-Indicator,HIGH,5,37.64,41.22,4.78,0.0,2.25,0.0,0.0,2026-09-19,1.72,26.8,100.0,15.52,5.03,37.07,-0.1,1.0,1,2026-06-02 to 2026-09-17 (75 days),-1.0,42.8,0.2858,46.22,44.47,BULLISH,MEDIUM,Strong trend (ADX=41); Last surprise: +21.8%; Earnings conf adj: +1,6.56,-1.0,1.0,48,2026-11-05,21.82,1
2026-09-18T14:48:56,2026-09-18,WMB,HOLD,0,Stochastic Oscillator,HIGH,4,37.44,71.81,3.88,0.0,5.82,0.0,0.0,2026-10-18,1.65,2.69,100.0,97.46,36.79,29.16,-6.26,30.5,2,2026-06-02 to 2026-09-17 (75 days),-1.0,46.4,0.273,72.63,69.66,BULLISH,MEDIUM,Last surprise: +0.0%,6.87,-1.0,1.0,45,2026-11-02,0.0,0
2026-09-18T14:48:35,2026-09-18,RF,EXIT,-1,VWAP Trend,HIGH,4,37.39,28.48,3.29,29.42,2.14,27.87,9.5,2026-09-19,0.89,1.6,66.7,1.87,5.75,-3.51,-2.79,1.7,6,2026-06-02 to 2026-09-17 (75 days),-1.0,30.6,0.2082,30.53,28.14,BULLISH,MEDIUM,Price at statistical extreme; Last surprise: +7.9%; Earnings conf adj: +1; Size: Kelly 10.0% / VolTgt 9.0% / Blend 9.5%,9.01,-1.0,1.0,28,2026-10-16,7.94,1
2026-09-18T14:51:31,2026-09-18,MMS,HOLD,0,Stochastic Oscillator,HIGH,4,37.35,56.81,4.21,0.0,6.31,0.0,0.0,2026-10-12,1.12,1.92,100.0,57.2,20.28,39.85,-6.09,24.0,2,2026-06-02 to 2026-09-17 (75 days),-1.0,46.2,0.257,58.03,68.79,BEARISH,MEDIUM,Last surprise: +0.5%,7.3,-1.0,1.0,62,2026-11-19,0.45,0
2026-09-18T14:48:48,2026-09-18,TSCO,HOLD,0,SMA Crossover (10/50),MEDIUM,2,37.34,32.82,4.86,0.0,7.29,0.0,0.0,2026-10-11,0.88,1.37,100.0,45.71,15.82,-23.03,-9.4,23.0,2,2026-06-02 to 2026-09-17 (75 days),-1.0,41.8,0.2523,33.01,40.52,BEARISH,MEDIUM,Strong trend (ADX=35); Last surprise: -15.9%; Earnings conf adj: -1,7.43,-1.0,1.0,34,2026-10-22,-15.85,-1
2026-09-18T14:47:59,2026-09-18,HONA,HOLD,0,Composite Multi-Indicator,MEDIUM,3,37.23,167.13,7.2,0.0,11.95,0.0,0.0,2026-10-02,2.29,3.89,100.0,77.54,72.58,150.02,-5.86,14.0,1,2026-07-30 to 2026-09-17 (35 days),-1.0,51.0,0.4057,180.45,nan,NEUTRAL,HIGH,High volume; Last surprise: -11.8%; Earnings conf adj: -1,4.62,-1.0,1.0,47,2026-11-04,-11.79,-1
2026-09-18T14:49:10,2026-09-18,ONTO,HOLD,0,MACD Crossover,HIGH,5,37.16,250.03,12.0,0.0,20.64,0.0,0.0,2026-10-04,1.19,1.86,100.0,183.85,81.35,111.68,-26.19,16.3,3,2026-06-02 to 2026-09-17 (75 days),-1.0,41.5,0.6493,284.16,246.23,BULLISH,HIGH,Last surprise: +14.2%; Earnings conf adj: +1,2.89,-1.0,1.0,48,2026-11-05,14.2,1
2026-09-18T14:47:43,2026-09-18,DVN,HOLD,0,EMA Crossover (9/21),HIGH,5,37.13,48.72,4.28,0.0,12.84,0.0,0.0,2026-10-17,1.5,2.31,100.0,114.17,44.72,19.42,-7.07,29.0,2,2026-06-02 to 2026-09-17 (75 days),-1.0,54.4,0.3277,45.81,43.49,BULLISH,MEDIUM,Last surprise: +11.3%; Earnings conf adj: +1,5.72,-1.0,1.0,47,2026-11-04,11.35,1
2026-09-18T14:48:06,2026-09-18,JNJ,HOLD,0,Stochastic Oscillator,HIGH,4,37.06,270.22,2.32,0.0,3.48,0.0,0.0,2026-10-05,1.86,2.77,100.0,77.41,24.84,-71.07,-4.62,17.5,2,2026-06-02 to 2026-09-17 (75 days),-1.0,55.5,0.1945,262.23,236.17,BULLISH,LOW,Last surprise: +1.8%,9.64,-1.0,1.0,25,2026-10-13,1.75,0
2026-09-18T14:51:18,2026-09-18,DOCS,HOLD,0,EMA Crossover (9/21),HIGH,4,37.05,26.57,8.01,0.0,12.02,0.0,0.0,2026-10-07,1.06,2.71,66.7,2.83,69.72,-35.61,-14.81,19.0,3,2026-06-02 to 2026-09-17 (75 days),-1.0,57.7,0.45,23.91,27.9,BEARISH,HIGH,No special conditions,4.17,-1.0,1.0,48,2026-11-05,,0
2026-09-18T14:50:38,2026-09-18,AN,HOLD,0,Stochastic Oscillator,HIGH,4,37.0,174.88,8.91,0.0,13.37,0.0,0.0,2026-10-08,1.66,2.74,100.0,44.43,13.98,40.04,-2.87,20.0,1,2026-06-02 to 2026-09-17 (75 days),-1.0,24.7,0.4353,204.81,201.36,BULLISH,HIGH,RSI oversold; High volume; Price at statistical extreme,4.31,-1.0,1.0,41,2026-10-29,,0
2026-09-18T14:47:52,2026-09-18,FOXA,HOLD,0,Stochastic Oscillator,HIGH,5,36.93,64.98,4.37,0.0,6.55,0.0,0.0,2026-10-03,2.21,4.46,100.0,149.17,54.01,56.19,-5.47,15.5,2,2026-06-02 to 2026-09-17 (75 days),-1.0,48.4,0.3283,62.5,63.11,BEARISH,MEDIUM,Last surprise: +29.7%; Earnings conf adj: +1,5.71,-1.0,1.0,41,2026-10-29,29.71,1
2026-09-18T14:50:21,2026-09-18,BRKR,HOLD,0,VWAP Trend,MEDIUM,3,36.85,63.05,9.04,0.0,6.52,0.0,0.0,2026-09-19,1.38,2.46,50.0,2.04,42.02,3.2,-11.45,1.9,8,2026-06-02 to 2026-09-17 (75 days),-1.0,61.7,0.6007,58.18,48.37,BULLISH,HIGH,Price at statistical extreme,3.12,-1.0,1.0,46,2026-11-03,,0
2026-09-18T14:50:46,2026-09-18,GATX,HOLD,0,Stochastic Oscillator,HIGH,4,36.74,180.29,2.69,0.0,4.04,0.0,0.0,2026-10-16,1.89,3.18,100.0,86.11,30.01,-1.44,-4.06,28.5,2,2026-06-02 to 2026-09-17 (75 days),-1.0,57.5,0.1443,178.18,177.62,BULLISH,LOW,Price at statistical extreme,10.0,-1.0,1.0,32,2026-10-20,,0
2026-09-18T14:48:02,2026-09-18,ICE,HOLD,0,MACD Crossover,HIGH,4,36.66,153.3,3.25,0.0,4.88,0.0,0.0,2026-10-07,2.91,5.01,66.7,22.29,52.29,20.56,-4.52,19.0,3,2026-06-02 to 2026-09-17 (75 days),-1.0,44.4,0.2304,151.69,154.18,BEARISH,MEDIUM,Last surprise: +3.3%,8.14,-1.0,1.0,41,2026-10-29,3.26,0
2026-09-18T14:48:23,2026-09-18,NOW,HOLD,0,ADX Trend Following,HIGH,4,36.42,138.47,9.63,0.0,15.99,0.0,0.0,2026-09-28,1.92,3.74,80.0,21.17,97.06,65.13,-11.41,10.4,5,2026-06-02 to 2026-09-17 (75 days),-1.0,56.2,0.6298,122.13,117.54,BULLISH,HIGH,Last surprise: +4.7%,2.98,-1.0,1.0,40,2026-10-28,4.65,0
2026-09-18T14:47:55,2026-09-18,GM,HOLD,0,Stochastic Oscillator,HIGH,5,36.4,86.62,4.21,0.0,6.31,0.0,0.0,2026-10-20,1.68,3.28,100.0,125.23,45.73,22.08,-5.1,32.5,2,2026-06-02 to 2026-09-17 (75 days),-1.0,52.9,0.2694,84.59,80.13,BULLISH,MEDIUM,Last surprise: +11.9%; Earnings conf adj: +1,6.96,-1.0,1.0,32,2026-10-20,11.91,1
2026-09-18T14:47:12,2026-09-18,AFL,HOLD,0,VWAP Trend,HIGH,4,36.39,116.6,1.82,0.0,1.77,0.0,0.0,2026-09-20,2.27,6.38,57.1,6.12,17.25,6.18,-1.76,2.1,7,2026-06-02 to 2026-09-17 (75 days),-1.0,45.6,0.1549,120.49,113.78,BULLISH,LOW,Strong trend (ADX=30); Last surprise: -0.6%,10.0,-1.0,1.0,47,2026-11-04,-0.57,0
2026-09-18T14:51:31,2026-09-18,KD,HOLD,0,Stochastic Oscillator,HIGH,5,36.38,12.95,6.38,0.0,9.57,0.0,0.0,2026-10-16,1.25,2.03,100.0,113.99,42.35,32.57,-11.72,28.0,2,2026-06-02 to 2026-09-17 (75 days),-1.0,49.1,0.3802,12.92,15.7,BEARISH,MEDIUM,Last surprise: +29.4%; Earnings conf adj: +1,4.93,-1.0,1.0,46,2026-11-03,29.41,1
2026-09-18T14:51:34,2026-09-18,SAM,HOLD,0,Stochastic Oscillator,MEDIUM,3,36.34,172.0,5.25,0.0,7.88,0.0,0.0,2026-10-02,1.05,1.47,100.0,69.29,23.96,2.46,-12.01,14.0,3,2026-06-02 to 2026-09-17 (75 days),-1.0,44.9,0.318,178.9,202.47,BEARISH,MEDIUM,Last surprise: -24.4%; Earnings conf adj: -1,5.9,-1.0,1.0,41,2026-10-29,-24.43,-1
2026-09-18T14:48:12,2026-09-18,LNT,HOLD,0,VWAP Trend,HIGH,5,36.32,66.64,1.84,0.0,1.53,0.0,0.0,2026-09-20,1.5,2.69,77.8,2.48,10.41,27.56,-2.65,2.1,9,2026-06-02 to 2026-09-17 (75 days),-1.0,36.1,0.1339,70.36,69.57,BULLISH,LOW,Last surprise: +12.1%; Earnings conf adj: +1,10.0,-1.0,1.0,48,2026-11-05,12.07,1
2026-09-18T14:47:51,2026-09-18,FFIV,HOLD,0,ADX Trend Following,HIGH,5,36.3,434.62,6.48,0.0,9.87,0.0,0.0,2026-09-27,1.94,3.25,60.0,4.0,60.64,37.79,-8.38,9.8,5,2026-06-02 to 2026-09-17 (75 days),-1.0,63.3,0.4004,404.58,334.4,BULLISH,HIGH,Price at statistical extreme; Strong trend (ADX=38); Last surprise: +18.3%; Earnings conf adj: +1,4.68,-1.0,1.0,38,2026-10-26,18.25,1
2026-09-18T14:47:55,2026-09-18,GILD,HOLD,0,Momentum (Rate of Change),HIGH,5,36.29,150.89,3.38,0.0,9.57,0.0,0.0,2026-10-13,1.53,2.57,100.0,100.34,34.92,-49.7,-4.96,25.0,2,2026-06-02 to 2026-09-17 (75 days),-1.0,64.7,0.2432,138.52,133.53,BULLISH,MEDIUM,Last surprise: +6.9%; Earnings conf adj: +1,7.71,-1.0,1.0,41,2026-10-29,6.9,1
2026-09-18T14:51:37,2026-09-18,COPX,BUY,1,Stochastic Oscillator,MEDIUM,3,36.28,86.61,7.42,80.18,11.13,96.25,7.12,2026-10-03,0.62,1.02,100.0,45.56,13.05,35.55,-6.93,15.0,2,2026-06-02 to 2026-09-17 (75 days),0.778,46.3,0.4436,85.08,81.52,BULLISH,HIGH,Size: Kelly 10.0% / VolTgt 4.2% / Blend 7.1%,4.23,-1.0,1.0,-1,,,0
2026-09-18T14:47:43,2026-09-18,ECHO,HOLD,0,SMA Crossover (10/50),MEDIUM,3,36.24,94.08,4.44,0.0,2.94,0.0,0.0,2026-09-20,2.14,24.01,100.0,20.5,6.42,66.88,-0.2,2.0,1,2026-06-02 to 2026-09-17 (75 days),-1.0,58.9,0.2637,89.95,108.58,BEARISH,MEDIUM,Strong trend (ADX=38); Last surprise: -94.7%; Earnings conf adj: -1,7.11,-1.0,1.0,48,2026-11-05,-94.66,-1
2026-09-18T14:48:46,2026-09-18,TMO,BUY,1,Momentum (Rate of Change),HIGH,5,36.15,658.32,3.52,635.15,12.32,739.43,8.71,2026-11-06,3.07,6.85,100.0,292.5,139.46,-51.23,-6.46,49.5,2,2026-06-02 to 2026-09-17 (75 days),0.663,72.1,0.2526,587.94,536.63,BULLISH,MEDIUM,RSI overbought; High volume; Price at statistical extreme; Strong trend (ADX=34); Last surprise: +5.6%; Earnings conf adj: +1; Size: Kelly 10.0% / VolTgt 7.4% / Blend 8.7%,7.42,-1.0,1.0,33,2026-10-21,5.6,1
2026-09-18T14:48:00,2026-09-18,HPE,HOLD,0,EMA Crossover (9/21),HIGH,4,36.1,61.04,12.0,0.0,36.0,0.0,0.0,2026-10-22,1.95,3.25,100.0,293.4,150.89,116.67,-14.96,34.0,2,2026-06-02 to 2026-09-17 (75 days),-1.0,59.8,0.8439,52.24,34.61,BULLISH,HIGH,Price at statistical extreme; Last surprise: +49.1%,2.22,-1.0,1.0,-16,2026-09-02,49.06,0
2026-09-18T14:50:19,2026-09-18,PCTY,HOLD,0,Stochastic Oscillator,HIGH,4,36.08,146.23,4.79,0.0,7.19,0.0,0.0,2026-10-02,1.86,4.1,100.0,141.64,52.74,-55.82,-7.03,14.0,2,2026-06-02 to 2026-09-17 (75 days),-1.0,49.1,0.3421,141.84,125.25,BULLISH,MEDIUM,No special conditions,5.48,-1.0,1.0,46,2026-11-03,,0
2026-09-18T14:47:50,2026-09-18,FDS,HOLD,0,Stochastic Oscillator,HIGH,4,36.06,278.85,8.94,0.0,13.1,0.0,0.0,2026-10-01,1.62,3.67,100.0,153.91,57.17,21.32,-6.35,13.0,2,2026-06-02 to 2026-09-17 (75 days),-1.0,47.2,0.4616,277.03,247.77,BULLISH,HIGH,Last surprise: +1.8%,4.06,-1.0,1.0,12,2026-09-30,1.8,0
2026-09-18T14:50:45,2026-09-18,SWX,HOLD,0,ADX Trend Following,HIGH,4,36.02,86.51,2.08,0.0,4.67,0.0,0.0,2026-10-02,1.1,1.83,66.7,4.95,12.06,7.73,-3.17,14.0,3,2026-06-02 to 2026-09-17 (75 days),-1.0,38.1,0.1584,90.0,86.41,BULLISH,LOW,No special conditions,10.0,-1.0,1.0,47,2026-11-04,,0
2026-09-18T14:47:40,2026-09-18,DGX,BUY,1,PEAD Earnings Drift,HIGH,5,36.01,247.45,3.33,239.21,11.66,276.3,9.41,2026-11-06,1.96,3.91,100.0,119.13,46.17,-89.51,-6.22,49.5,2,2026-06-02 to 2026-09-17 (75 days),0.73,65.0,0.2127,231.87,202.06,BULLISH,MEDIUM,Strong trend (ADX=38); Last surprise: +10.6%; Earnings conf adj: +1; Size: Kelly 10.0% / VolTgt 8.8% / Blend 9.4%,8.81,-1.0,1.0,32,2026-10-20,10.64,1
2026-09-18T14:48:40,2026-09-18,SOLV,HOLD,0,Composite Multi-Indicator,HIGH,5,35.98,87.53,2.99,0.0,8.27,0.0,0.0,2026-10-16,3.25,6.86,100.0,103.97,39.05,-19.64,-2.0,28.0,1,2026-06-02 to 2026-09-17 (75 days),-1.0,46.3,0.1985,85.82,77.66,BULLISH,LOW,Last surprise: +33.5%; Earnings conf adj: +1,9.45,-1.0,1.0,48,2026-11-05,33.51,1
2026-09-18T14:48:14,2026-09-18,LYV,HOLD,0,MACD Crossover,HIGH,5,35.91,168.34,2.95,0.0,6.24,0.0,0.0,2026-10-06,1.1,1.72,100.0,44.77,14.96,13.53,-4.57,18.0,2,2026-06-02 to 2026-09-17 (75 days),-1.0,35.0,0.1867,179.51,162.06,BULLISH,LOW,Last surprise: +84.2%; Earnings conf adj: +1,10.0,-1.0,1.0,46,2026-11-03,84.21,1
2026-09-18T14:48:07,2026-09-18,KEYS,HOLD,0,Stochastic Oscillator,HIGH,5,35.86,331.44,4.63,0.0,6.95,0.0,0.0,2026-10-14,1.59,2.54,100.0,130.77,50.68,64.78,-9.57,26.5,2,2026-06-02 to 2026-09-17 (75 days),-1.0,52.8,0.3816,326.04,294.27,BULLISH,MEDIUM,Last surprise: +23.8%; Earnings conf adj: +1,4.91,-1.0,1.0,67,2026-11-24,23.79,1
2026-09-18T14:47:45,2026-09-18,EOG,HOLD,0,Stochastic Oscillator,HIGH,4,35.84,145.47,4.11,0.0,6.17,0.0,0.0,2026-09-28,2.87,8.93,100.0,69.1,22.57,1.59,-1.39,10.0,1,2026-06-02 to 2026-09-17 (75 days),-1.0,49.0,0.3109,143.91,129.0,BULLISH,MEDIUM,Last surprise: +2.0%,6.03,-1.0,1.0,48,2026-11-05,2.01,0
2026-09-18T14:50:00,2026-09-18,SOLS,HOLD,0,Stochastic Oscillator,MEDIUM,3,35.68,58.8,10.43,0.0,15.64,0.0,0.0,2026-10-13,0.84,1.47,100.0,75.91,30.05,100.16,-12.15,25.5,2,2026-06-11 to 2026-09-17 (68 days),-1.0,44.8,0.5745,60.15,68.51,BEARISH,HIGH,No special conditions,3.26,-1.0,1.0,41,2026-10-29,,0
2026-09-18T14:48:30,2026-09-18,PHM,HOLD,0,VWAP Trend,HIGH,4,35.46,118.84,3.8,0.0,3.17,0.0,0.0,2026-09-20,0.63,0.96,62.5,1.55,7.0,2.35,-4.7,2.6,8,2026-06-02 to 2026-09-17 (75 days),-1.0,40.5,0.2496,126.23,124.59,BULLISH,MEDIUM,Strong trend (ADX=32); Last surprise: +5.1%; Earnings conf adj: +1,7.51,-1.0,1.0,34,2026-10-22,5.08,1
2026-09-18T14:48:48,2026-09-18,TSLA,HOLD,0,EMA Crossover (9/21),MEDIUM,3,35.28,366.2,7.89,0.0,11.39,0.0,0.0,2026-09-26,1.2,2.09,75.0,4.16,33.26,72.42,-5.92,8.5,4,2026-06-02 to 2026-09-17 (75 days),-1.0,54.8,0.4962,351.09,397.65,BEARISH,HIGH,Last surprise: -38.9%; Earnings conf adj: -1,3.78,-1.0,1.0,33,2026-10-21,-38.89,-1
2026-09-18T14:49:03,2026-09-18,CW,HOLD,0,PEAD Earnings Drift,MEDIUM,2,35.14,567.45,3.98,0.0,5.97,0.0,0.0,2026-11-20,0.35,0.51,100.0,19.15,6.3,62.03,-14.3,63.0,1,2026-06-02 to 2026-09-17 (75 days),-1.0,33.9,0.2636,667.39,676.59,BEARISH,MEDIUM,Strong trend (ADX=53); Last surprise: +2.8%,7.11,-1.0,1.0,47,2026-11-04,2.76,0
2026-09-18T14:48:10,2026-09-18,LDOS,HOLD,0,Stochastic Oscillator,HIGH,5,34.99,130.96,4.51,0.0,6.76,0.0,0.0,2026-10-18,1.91,3.75,100.0,194.88,79.8,65.64,-12.83,30.5,2,2026-06-02 to 2026-09-17 (75 days),-1.0,48.8,0.3061,126.52,149.74,BEARISH,MEDIUM,Last surprise: +12.0%; Earnings conf adj: +1,6.13,-1.0,1.0,46,2026-11-03,12.03,1
2026-09-18T14:47:37,2026-09-18,CVX,BUY,1,PEAD Earnings Drift,HIGH,5,34.93,211.57,3.32,204.55,11.43,235.75,9.24,2026-10-31,3.05,6.14,100.0,143.88,56.91,1.64,-2.94,43.0,1,2026-06-02 to 2026-09-17 (75 days),0.341,59.0,0.2213,197.1,180.88,BULLISH,MEDIUM,Strong trend (ADX=39); Last surprise: +8.8%; Earnings conf adj: +1; Size: Kelly 10.0% / VolTgt 8.5% / Blend 9.2%,8.47,-1.0,1.0,42,2026-10-30,8.8,1
2026-09-18T14:48:25,2026-09-18,NWS,HOLD,0,MACD Crossover,MEDIUM,2,34.88,33.37,3.13,0.0,6.26,0.0,0.0,2026-10-01,0.37,0.51,75.0,1.41,5.82,-36.43,-8.95,13.8,4,2026-06-02 to 2026-09-17 (75 days),-1.0,49.5,0.2174,32.79,29.91,BULLISH,MEDIUM,Last surprise: +52.2%; Earnings conf adj: +1,8.62,-1.0,1.0,48,2026-11-05,52.17,1
2026-09-18T14:47:35,2026-09-18,CSX,HOLD,0,Stochastic Oscillator,HIGH,4,34.84,47.9,2.56,0.0,3.84,0.0,0.0,2026-09-30,1.6,4.0,100.0,26.32,5.94,-8.72,-0.8,12.0,1,2026-06-02 to 2026-09-17 (75 days),-1.0,35.3,0.1777,50.08,43.5,BULLISH,LOW,Last surprise: +3.8%,10.0,-1.0,1.0,34,2026-10-22,3.85,0
2026-09-18T14:50:32,2026-09-18,STAG,HOLD,0,MACD Crossover,MEDIUM,3,34.75,37.49,1.68,0.0,3.36,0.0,0.0,2026-10-23,0.78,1.17,100.0,40.53,13.77,0.87,-8.4,35.0,2,2026-06-02 to 2026-09-17 (75 days),-1.0,51.6,0.1014,38.18,37.64,BULLISH,LOW,No special conditions,10.0,-1.0,1.0,40,2026-10-28,,0
2026-09-18T14:47:19,2026-09-18,AVY,HOLD,0,VWAP Trend,HIGH,5,34.65,171.09,2.83,0.0,4.24,0.0,0.0,2026-09-26,1.08,1.84,66.7,2.4,25.68,-13.88,-7.86,8.3,9,2026-06-02 to 2026-09-17 (75 days),-1.0,46.4,0.1869,170.4,171.18,BEARISH,LOW,Last surprise: +17.0%; Earnings conf adj: +1,10.0,-1.0,1.0,33,2026-10-21,17.0,1
2026-09-18T14:47:44,2026-09-18,EG,HOLD,0,Stochastic Oscillator,HIGH,4,34.55,380.12,2.22,0.0,3.33,0.0,0.0,2026-10-09,1.29,2.22,100.0,49.49,12.58,-72.7,-3.84,21.0,2,2026-06-02 to 2026-09-17 (75 days),-1.0,57.1,0.1923,373.18,341.5,BULLISH,LOW,Last surprise: +2.2%,9.75,-1.0,1.0,40,2026-10-28,2.2,0
2026-09-18T14:51:03,2026-09-18,NJR,HOLD,0,MACD Crossover,HIGH,4,34.51,53.47,2.01,0.0,5.97,0.0,0.0,2026-10-16,1.17,1.94,100.0,46.53,15.94,16.72,-4.33,28.5,2,2026-06-02 to 2026-09-17 (75 days),-1.0,42.5,0.142,55.9,53.12,BULLISH,LOW,No special conditions,10.0,-1.0,1.0,59,2026-11-16,,0
2026-09-18T14:47:49,2026-09-18,FCX,HOLD,0,EMA Crossover (9/21),HIGH,5,34.27,70.85,9.1,0.0,19.85,0.0,0.0,2026-10-12,1.41,2.4,100.0,132.74,52.63,55.91,-13.44,24.5,2,2026-06-02 to 2026-09-17 (75 days),-1.0,48.7,0.5094,68.18,61.98,BULLISH,HIGH,Last surprise: +19.4%; Earnings conf adj: +1,3.68,-1.0,1.0,34,2026-10-22,19.35,1
2026-09-18T14:47:11,2026-09-18,AEP,HOLD,0,Composite Multi-Indicator,MEDIUM,3,34.24,121.62,1.87,0.0,1.34,0.0,0.0,2026-09-19,1.55,10.53,100.0,6.71,1.95,13.66,-0.1,1.0,1,2026-06-02 to 2026-09-17 (75 days),-1.0,39.8,0.1707,126.56,125.38,BULLISH,LOW,Last surprise: -8.1%; Earnings conf adj: -1,10.0,-1.0,1.0,41,2026-10-29,-8.11,-1
2026-09-18T14:48:03,2026-09-18,INTU,HOLD,0,ADX Trend Following,HIGH,4,34.23,313.13,8.63,0.0,12.95,0.0,0.0,2026-10-13,0.98,1.6,66.7,2.11,37.57,45.4,-12.4,25.3,3,2026-06-02 to 2026-09-17 (75 days),-1.0,41.6,0.4175,323.76,411.94,BEARISH,HIGH,Last surprise: +12.3%; Earnings conf adj: +1,4.49,-1.0,1.0,62,2026-11-19,12.26,1
2026-09-18T14:51:25,2026-09-18,NVST,HOLD,0,PEAD Earnings Drift,HIGH,5,34.22,23.69,5.5,0.0,18.06,0.0,0.0,2026-11-14,2.34,3.91,100.0,163.29,66.74,55.16,-6.84,57.0,1,2026-06-02 to 2026-09-17 (75 days),-1.0,27.4,0.3038,26.98,25.52,BULLISH,MEDIUM,RSI oversold; High volume; Price at statistical extreme; Strong trend (ADX=36); Last surprise: +20.6%; Earnings conf adj: +1,6.17,-1.0,1.0,40,2026-10-28,20.59,1
2026-09-18T14:47:33,2026-09-18,CPAY,HOLD,0,ADX Trend Following,HIGH,5,34.2,404.26,2.49,0.0,6.71,0.0,0.0,2026-10-08,2.19,3.96,100.0,117.55,45.61,-3.06,-5.5,20.0,3,2026-06-02 to 2026-09-17 (75 days),-1.0,49.7,0.1906,394.48,341.81,BULLISH,LOW,Last surprise: +6.4%; Earnings conf adj: +1,9.84,-1.0,1.0,47,2026-11-04,6.38,1
2026-09-18T14:47:48,2026-09-18,EXPE,HOLD,0,Composite Multi-Indicator,HIGH,5,34.16,284.55,8.73,0.0,25.54,0.0,0.0,2026-11-03,2.79,5.47,100.0,246.9,110.42,-8.57,-4.98,46.0,1,2026-06-02 to 2026-09-17 (75 days),-1.0,42.4,0.4783,297.29,259.22,BULLISH,HIGH,Strong trend (ADX=36); Last surprise: +9.7%; Earnings conf adj: +1,3.92,-1.0,1.0,48,2026-11-05,9.71,1
2026-09-18T14:48:44,2026-09-18,TECH,HOLD,0,VWAP Trend,HIGH,4,34.11,72.41,1.5,0.0,0.43,0.0,0.0,2026-09-23,1.99,4.12,85.7,183.0,38.35,-221.52,-4.02,5.0,7,2026-06-02 to 2026-09-17 (75 days),-1.0,62.5,0.0242,72.02,61.28,BULLISH,LOW,Last surprise: +0.0%,10.0,-1.0,1.0,52,2026-11-09,0.0,0
2026-09-18T14:49:35,2026-09-18,NYT,BUY,1,Composite Multi-Indicator,HIGH,4,34.02,69.94,4.03,67.12,6.04,74.16,8.28,2026-10-31,1.4,2.37,100.0,67.11,24.29,45.48,-3.51,43.0,1,2026-06-02 to 2026-09-17 (75 days),0.548,54.7,0.2856,69.79,73.44,BEARISH,MEDIUM,High volume; Strong trend (ADX=33); Size: Kelly 10.0% / VolTgt 6.6% / Blend 8.3%,6.56,-1.0,1.0,47,2026-11-04,,0
2026-09-18T14:48:37,2026-09-18,RVTY,HOLD,0,ADX Trend Following,HIGH,5,34.01,146.73,6.47,0.0,19.14,0.0,0.0,2026-10-16,2.22,4.63,100.0,194.65,81.57,-183.38,-7.64,28.5,2,2026-06-02 to 2026-09-17 (75 days),-1.0,75.0,0.4553,119.61,103.59,BULLISH,HIGH,RSI overbought; Price at statistical extreme; Strong trend (ADX=45); Last surprise: +15.6%; Earnings conf adj: +1,4.12,-1.0,1.0,38,2026-10-26,15.57,1
2026-09-18T14:50:05,2026-09-18,TTC,HOLD,0,Stochastic Oscillator,HIGH,4,33.86,92.19,4.38,0.0,4.55,0.0,0.0,2026-09-22,1.58,9.02,100.0,45.86,13.35,2.64,-0.87,4.0,1,2026-06-02 to 2026-09-17 (75 days),-1.0,38.7,0.289,95.69,91.69,BULLISH,MEDIUM,Strong trend (ADX=38),6.49,-1.0,1.0,-1,,,0
2026-09-18T14:47:32,2026-09-18,COO,HOLD,0,MACD Crossover,MEDIUM,3,33.68,53.78,10.16,0.0,15.24,0.0,0.0,2026-10-05,0.76,1.27,100.0,19.48,6.06,35.16,-2.24,17.0,1,2026-06-02 to 2026-09-17 (75 days),-1.0,19.6,0.5689,70.26,72.65,BEARISH,HIGH,RSI oversold; Strong trend (ADX=75); Last surprise: +2.7%,3.3,-1.0,1.0,-9,2026-09-09,2.68,0
2026-09-18T14:50:24,2026-09-18,AVAV,EXIT,-1,Stochastic Oscillator,HIGH,4,33.67,163.38,10.9,181.19,16.35,136.67,6.63,2026-10-21,1.3,2.21,100.0,201.67,87.32,140.65,-26.02,33.0,2,2026-06-02 to 2026-09-17 (75 days),-1.0,56.8,0.5756,157.18,207.43,BEARISH,HIGH,Price at statistical extreme; Size: Kelly 10.0% / VolTgt 3.3% / Blend 6.6%,3.26,-1.0,1.0,75,2026-12-02,,0
2026-09-18T14:47:44,2026-09-18,ECL,HOLD,0,VWAP Trend,MEDIUM,2,33.66,271.68,2.28,0.0,1.74,0.0,0.0,2026-09-19,0.97,1.69,50.0,1.86,9.0,-15.27,-2.79,1.9,8,2026-06-02 to 2026-09-17 (75 days),-1.0,40.0,0.1606,277.12,271.62,BULLISH,LOW,Last surprise: +0.5%,10.0,-1.0,1.0,39,2026-10-27,0.48,0
2026-09-18T14:50:22,2026-09-18,ATR,HOLD,0,VWAP Trend,HIGH,4,33.63,125.5,2.24,0.0,3.48,0.0,0.0,2026-09-25,1.96,3.64,83.3,124.07,33.14,-15.17,-4.43,7.3,6,2026-06-02 to 2026-09-17 (75 days),-1.0,38.9,0.1637,130.84,125.9,BULLISH,LOW,Strong trend (ADX=36),10.0,-1.0,1.0,41,2026-10-29,,0
2026-09-18T14:49:02,2026-09-18,NVT,HOLD,0,VWAP Trend,HIGH,5,33.62,151.33,8.88,0.0,5.67,0.0,0.0,2026-09-19,1.37,2.16,60.0,1.93,43.64,80.44,-12.74,1.9,10,2026-06-02 to 2026-09-17 (75 days),-1.0,47.0,0.5224,156.41,137.15,BULLISH,HIGH,Last surprise: +25.0%; Earnings conf adj: +1,3.59,-1.0,1.0,42,2026-10-30,25.0,1
2026-09-18T14:50:19,2026-09-18,UGI,HOLD,0,SMA Crossover (10/50),MEDIUM,3,33.6,38.16,2.13,0.0,4.26,0.0,0.0,2026-10-21,0.89,1.3,100.0,36.24,12.22,-43.48,-8.95,33.0,2,2026-06-02 to 2026-09-17 (75 days),-1.0,60.2,0.1491,36.59,35.96,BULLISH,LOW,No special conditions,10.0,-1.0,1.0,61,2026-11-18,,0
2026-09-18T14:48:18,2026-09-18,MOS,HOLD,0,Stochastic Oscillator,MEDIUM,3,33.54,25.39,6.4,0.0,9.6,0.0,0.0,2026-11-06,2.01,3.88,100.0,168.98,68.36,30.48,-9.93,49.0,1,2026-06-02 to 2026-09-17 (75 days),-1.0,58.6,0.3724,23.21,24.14,BEARISH,MEDIUM,Last surprise: -7.1%; Earnings conf adj: -1,5.04,-1.0,1.0,46,2026-11-03,-7.14,-1
2026-09-18T14:49:15,2026-09-18,FIVE,EXIT,-1,PEAD Earnings Drift,HIGH,4,33.32,236.8,9.14,258.44,27.42,171.87,6.97,2026-12-12,2.82,4.62,100.0,313.17,142.56,114.81,-12.73,85.0,1,2026-06-02 to 2026-09-17 (75 days),-1.0,47.6,0.4756,228.22,211.82,BULLISH,HIGH,Last surprise: +24.0%; Size: Kelly 10.0% / VolTgt 3.9% / Blend 7.0%,3.94,-1.0,1.0,75,2026-12-02,24.02,0
2026-09-18T14:50:07,2026-09-18,IDCC,HOLD,0,Stochastic Oscillator,HIGH,4,33.22,321.94,5.21,0.0,7.81,0.0,0.0,2026-10-08,2.61,7.72,100.0,302.2,140.81,29.23,-8.15,20.0,2,2026-06-02 to 2026-09-17 (75 days),-1.0,44.4,0.324,313.34,317.61,BEARISH,MEDIUM,No special conditions,5.79,-1.0,1.0,41,2026-10-29,,0
2026-09-18T14:51:22,2026-09-18,FHI,HOLD,0,Composite Multi-Indicator,HIGH,5,33.16,56.36,4.22,0.0,14.77,0.0,0.0,2026-12-11,2.37,4.03,100.0,170.44,70.24,66.61,-8.03,84.0,1,2026-06-02 to 2026-09-17 (75 days),-1.0,26.5,0.216,61.16,56.15,BULLISH,MEDIUM,RSI oversold; Strong trend (ADX=51); Last surprise: +16.0%; Earnings conf adj: +1,8.68,-1.0,1.0,41,2026-10-29,15.97,1
2026-09-18T14:48:32,2026-09-18,PSA,HOLD,0,VWAP Trend,MEDIUM,3,33.08,300.76,2.51,0.0,2.3,0.0,0.0,2026-09-20,0.79,1.14,63.6,1.83,9.32,0.49,-3.74,2.2,11,2026-06-02 to 2026-09-17 (75 days),-1.0,44.9,0.1971,313.04,292.92,BULLISH,LOW,Last surprise: -3.2%,9.51,-1.0,1.0,40,2026-10-28,-3.16,0
2026-09-18T14:49:52,2026-09-18,MUSA,HOLD,0,Stochastic Oscillator,HIGH,4,33.05,522.83,4.73,0.0,7.1,0.0,0.0,2026-10-14,1.32,2.16,100.0,107.46,38.43,40.17,-14.04,26.0,2,2026-06-02 to 2026-09-17 (75 days),-1.0,44.3,0.3448,564.55,497.57,BULLISH,MEDIUM,No special conditions,5.44,-1.0,1.0,40,2026-10-28,,0
2026-09-18T14:48:30,2026-09-18,PGR,HOLD,0,Stochastic Oscillator,MEDIUM,3,32.9,216.29,2.57,0.0,3.85,0.0,0.0,2026-10-23,0.91,1.45,100.0,54.08,15.23,-22.86,-7.34,35.0,1,2026-06-02 to 2026-09-17 (75 days),-1.0,48.3,0.2007,215.92,208.64,BULLISH,MEDIUM,High volume; Last surprise: +0.2%,9.34,-1.0,1.0,26,2026-10-14,0.21,0
2026-09-18T14:49:03,2026-09-18,RGLD,HOLD,0,ADX Trend Following,HIGH,4,32.9,251.45,5.0,0.0,7.5,0.0,0.0,2026-10-13,2.88,5.61,66.7,20.6,139.07,79.12,-8.72,25.0,3,2026-06-02 to 2026-09-17 (75 days),-1.0,53.2,0.2969,228.9,238.4,BEARISH,MEDIUM,Strong trend (ADX=31); Last surprise: +0.8%,6.32,-1.0,1.0,47,2026-11-04,0.79,0
2026-09-18T14:49:54,2026-09-18,OGE,HOLD,0,ADX Trend Following,MEDIUM,3,32.75,46.3,1.86,0.0,3.72,0.0,0.0,2026-10-06,0.94,1.37,66.7,2.25,11.66,10.99,-6.15,18.0,3,2026-06-02 to 2026-09-17 (75 days),-1.0,46.6,0.1517,47.32,46.08,BULLISH,LOW,No special conditions,10.0,-1.0,1.0,40,2026-10-28,,0
2026-09-18T14:47:49,2026-09-18,F,HOLD,0,VWAP Trend,HIGH,5,32.73,13.61,4.83,0.0,4.23,0.0,0.0,2026-09-20,1.4,2.26,60.0,1.93,13.68,55.76,-4.22,2.2,5,2026-06-02 to 2026-09-17 (75 days),-1.0,45.4,0.3622,14.04,13.28,BULLISH,MEDIUM,Last surprise: +20.0%; Earnings conf adj: +1,5.18,-1.0,1.0,34,2026-10-22,20.0,1
2026-09-18T14:47:40,2026-09-18,DLTR,HOLD,0,PEAD Earnings Drift,HIGH,5,32.7,114.4,8.35,0.0,29.22,0.0,0.0,2026-12-10,2.23,4.05,100.0,208.66,89.25,72.78,-8.41,83.0,1,2026-06-02 to 2026-09-17 (75 days),-1.0,34.7,0.4386,126.46,117.66,BULLISH,HIGH,Strong trend (ADX=50); Last surprise: +136.8%; Earnings conf adj: +1,4.27,-1.0,1.0,-22,2026-08-27,136.84,1
2026-09-18T14:48:03,2026-09-18,INCY,HOLD,0,Stochastic Oscillator,HIGH,5,32.64,127.62,3.91,0.0,2.84,0.0,0.0,2026-09-20,2.04,21.43,100.0,47.3,13.11,-189.0,-1.0,2.0,1,2026-06-02 to 2026-09-17 (75 days),-1.0,57.7,0.2552,122.17,105.52,BULLISH,MEDIUM,Last surprise: +43.7%; Earnings conf adj: +1,7.35,-1.0,1.0,39,2026-10-27,43.72,1
2026-09-18T14:47:11,2026-09-18,AES,HOLD,0,Momentum (Rate of Change),MEDIUM,3,32.54,14.85,1.5,0.0,1.69,0.0,0.0,2026-11-21,2.16,3.79,100.0,13.73,4.39,-3.92,-0.41,64.0,1,2026-06-02 to 2026-09-17 (75 days),-1.0,67.2,0.0268,14.71,14.36,BULLISH,LOW,Price at statistical extreme; Strong trend (ADX=49); Last surprise: -6.4%; Earnings conf adj: -1,10.0,-1.0,1.0,47,2026-11-04,-6.38,-1
2026-09-18T14:49:13,2026-09-18,EQH,HOLD,0,Composite Multi-Indicator,HIGH,4,32.49,54.04,3.51,0.0,10.53,0.0,0.0,2026-12-11,2.74,4.98,100.0,239.47,106.89,-42.35,-8.17,84.0,1,2026-06-02 to 2026-09-17 (75 days),-1.0,65.3,0.2622,50.17,44.45,BULLISH,MEDIUM,Last surprise: +3.7%,7.15,-1.0,1.0,46,2026-11-03,3.66,0
2026-09-18T14:47:48,2026-09-18,EXPD,HOLD,0,Stochastic Oscillator,HIGH,5,32.46,189.08,2.07,0.0,3.1,0.0,0.0,2026-10-02,2.04,8.36,100.0,102.64,33.85,-50.99,-2.35,14.0,1,2026-06-02 to 2026-09-17 (75 days),-1.0,54.6,0.156,182.42,160.11,BULLISH,LOW,Last surprise: +20.1%; Earnings conf adj: +1,10.0,-1.0,1.0,46,2026-11-03,20.12,1
2026-09-18T14:47:19,2026-09-18,AWK,HOLD,0,Composite Multi-Indicator,HIGH,4,32.45,138.24,2.19,0.0,6.57,0.0,0.0,2026-12-14,1.85,3.2,100.0,112.99,43.45,-5.97,-5.59,87.0,1,2026-06-02 to 2026-09-17 (75 days),-1.0,52.2,0.1862,135.62,130.42,BULLISH,LOW,Last surprise: +3.9%,10.0,-1.0,1.0,40,2026-10-28,3.87,0
2026-09-18T14:49:02,2026-09-18,CNH,HOLD,0,Composite Multi-Indicator,HIGH,5,32.42,13.55,9.72,0.0,33.51,0.0,0.0,2026-11-06,2.62,5.2,100.0,311.98,151.05,44.47,-10.61,49.0,1,2026-06-02 to 2026-09-17 (75 days),-1.0,61.4,0.6079,11.49,10.85,BULLISH,HIGH,Strong trend (ADX=44); Last surprise: +18.2%; Earnings conf adj: +1,3.08,-1.0,1.0,52,2026-11-09,18.18,1
2026-09-18T14:48:54,2026-09-18,VTRS,HOLD,0,Stochastic Oscillator,HIGH,5,32.38,17.13,3.65,0.0,5.47,0.0,0.0,2026-10-19,1.59,2.52,100.0,62.37,19.55,-18.78,-4.15,31.0,1,2026-06-02 to 2026-09-17 (75 days),-1.0,59.8,0.2229,16.72,14.77,BULLISH,MEDIUM,Last surprise: +15.0%; Earnings conf adj: +1,8.41,-1.0,1.0,48,2026-11-05,15.0,1
2026-09-18T14:48:03,2026-09-18,INTC,HOLD,0,SMA Crossover (10/50),HIGH,5,32.2,108.8,10.36,0.0,4.82,0.0,0.0,2026-09-19,1.8,96.16,100.0,75.69,27.34,24.57,-0.2,1.0,1,2026-06-02 to 2026-09-17 (75 days),-1.0,62.0,0.612,97.17,76.81,BULLISH,HIGH,High volume; Price at statistical extreme; Last surprise: +90.9%; Earnings conf adj: +1,3.06,-1.0,1.0,34,2026-10-22,90.91,1
2026-09-18T14:51:32,2026-09-18,HOG,HOLD,0,Stochastic Oscillator,HIGH,5,32.01,26.5,5.4,0.0,8.1,0.0,0.0,2026-10-09,1.84,4.33,100.0,112.98,41.51,6.7,-3.06,21.0,1,2026-06-02 to 2026-09-17 (75 days),-1.0,45.9,0.3119,26.57,22.82,BULLISH,MEDIUM,Last surprise: +17.2%; Earnings conf adj: +1,6.01,-1.0,1.0,47,2026-11-04,17.19,1
2026-09-18T14:48:01,2026-09-18,HUM,HOLD,0,Stochastic Oscillator,HIGH,5,31.99,384.52,5.26,0.0,7.89,0.0,0.0,2026-10-22,1.65,3.27,100.0,88.26,30.2,-56.47,-3.34,34.0,1,2026-06-02 to 2026-09-17 (75 days),-1.0,44.9,0.2475,388.88,285.36,BULLISH,MEDIUM,Strong trend (ADX=35); Last surprise: +8.7%; Earnings conf adj: +1,7.58,-1.0,1.0,49,2026-11-06,8.71,1
2026-09-18T14:48:09,2026-09-18,KR,HOLD,0,SMA Crossover (10/50),HIGH,4,31.94,60.75,3.94,0.0,5.91,0.0,0.0,2026-10-05,1.54,3.01,100.0,54.79,19.49,21.65,-3.67,17.0,1,2026-06-02 to 2026-09-17 (75 days),-1.0,60.2,0.2853,57.78,63.1,BEARISH,MEDIUM,Strong trend (ADX=34); Last surprise: +3.8%,6.57,-1.0,1.0,76,2026-12-03,3.81,0
2026-09-18T14:51:37,2026-09-18,GLD,EXIT,-1,VWAP Trend,LOW,1,31.88,398.36,3.21,411.15,4.28,381.31,7.0,2026-09-23,0.58,0.83,50.0,1.45,10.25,21.05,-6.33,5.0,12,2026-06-02 to 2026-09-17 (75 days),-1.0,48.5,0.2429,392.51,416.16,BEARISH,MEDIUM,Size: Kelly 7.0% / VolTgt 7.0% / Blend 7.0%,7.0,-1.0,1.0,-1,,,0
2026-09-18T14:51:37,2026-09-18,SLV,HOLD,0,ADX Trend Following,HIGH,4,31.85,58.97,5.04,0.0,7.56,0.0,0.0,2026-10-02,1.56,2.51,66.7,4.9,41.66,80.07,-7.73,14.3,3,2026-06-02 to 2026-09-17 (75 days),-1.0,51.2,0.3888,56.7,65.77,BEARISH,MEDIUM,No special conditions,4.82,-1.0,1.0,-1,,,0
2026-09-18T14:50:28,2026-09-18,MTDR,HOLD,0,Stochastic Oscillator,HIGH,4,31.8,57.67,6.79,0.0,10.19,0.0,0.0,2026-10-10,3.06,7.24,100.0,246.89,110.05,96.6,-5.73,22.5,2,2026-06-02 to 2026-09-17 (75 days),-1.0,50.1,0.4114,54.35,51.91,BULLISH,HIGH,Strong trend (ADX=39),4.56,-1.0,1.0,39,2026-10-27,,0
2026-09-18T14:49:11,2026-09-18,DT,BUY,1,52-Week High Momentum,MEDIUM,3,31.71,55.83,4.68,53.22,9.36,61.06,7.46,2026-10-04,0.1,0.15,100.0,46.23,-0.19,-109.08,-9.89,16.0,2,2026-06-02 to 2026-09-17 (75 days),0.52,66.4,0.3808,48.43,41.85,BULLISH,MEDIUM,Last surprise: +9.1%; Earnings conf adj: +1; Size: Kelly 10.0% / VolTgt 4.9% / Blend 7.5%,4.92,-1.0,1.0,47,2026-11-04,9.09,1
2026-09-18T14:50:46,2026-09-18,INGR,HOLD,0,MACD Crossover,MEDIUM,2,31.71,99.01,2.24,0.0,3.36,0.0,0.0,2026-10-13,0.29,0.46,100.0,11.41,2.88,7.01,-3.5,25.0,2,2026-06-02 to 2026-09-17 (75 days),-1.0,37.6,0.1234,102.3,106.79,BEARISH,LOW,Strong trend (ADX=55),10.0,-1.0,1.0,46,2026-11-03,,0
2026-09-18T14:47:39,2026-09-18,DE,BUY,1,PEAD Earnings Drift,HIGH,5,31.68,685.63,3.83,659.37,11.49,764.41,7.38,2026-10-11,2.04,4.41,100.0,86.16,31.58,-47.56,-4.14,23.0,1,2026-06-02 to 2026-09-17 (75 days),0.639,61.4,0.3932,628.28,574.34,BULLISH,MEDIUM,Last surprise: +8.3%; Earnings conf adj: +1; Size: Kelly 10.0% / VolTgt 4.8% / Blend 7.4%,4.77,-1.0,1.0,68,2026-11-25,8.28,1
2026-09-18T14:48:38,2026-09-18,SHW,HOLD,0,ADX Trend Following,HIGH,5,31.67,320.94,2.68,0.0,6.0,0.0,0.0,2026-10-05,1.48,2.72,75.0,3.69,45.23,7.79,-9.83,17.5,4,2026-06-02 to 2026-09-17 (75 days),-1.0,36.9,0.1823,339.0,332.18,BULLISH,LOW,Strong trend (ADX=38); Last surprise: +5.1%; Earnings conf adj: +1,10.0,-1.0,1.0,39,2026-10-27,5.11,1
2026-09-18T14:50:04,2026-09-18,CUBE,EXIT,-1,VWAP Trend,HIGH,4,31.65,40.19,1.98,40.99,2.06,39.36,10.0,2026-09-22,2.06,4.07,71.4,8.65,29.27,17.56,-5.34,4.1,7,2026-06-02 to 2026-09-17 (75 days),-1.0,50.5,0.1292,40.8,38.58,BULLISH,LOW,Size: Kelly 10.0% / VolTgt 10.0% / Blend 10.0%,10.0,-1.0,1.0,41,2026-10-29,,0
2026-09-18T14:47:32,2026-09-18,COR,HOLD,0,VWAP Trend,HIGH,4,31.64,309.41,3.29,0.0,3.02,0.0,0.0,2026-09-20,1.34,2.22,62.5,2.47,14.03,-56.93,-2.76,2.8,8,2026-06-02 to 2026-09-17 (75 days),-1.0,39.9,0.2295,316.19,318.96,BEARISH,MEDIUM,Price at statistical extreme; Last surprise: +3.2%,8.17,-1.0,1.0,47,2026-11-04,3.23,0
2026-09-18T14:48:56,2026-09-18,WFC,HOLD,0,Stochastic Oscillator,HIGH,5,31.63,86.89,3.91,0.0,5.87,0.0,0.0,2026-10-08,1.4,2.4,100.0,45.23,13.5,-24.87,-2.23,20.0,1,2026-06-02 to 2026-09-17 (75 days),-1.0,47.4,0.2396,87.0,84.39,BULLISH,MEDIUM,Last surprise: +16.3%; Earnings conf adj: +1,7.83,-1.0,1.0,25,2026-10-13,16.28,1
2026-09-18T14:50:43,2026-09-18,PEGA,HOLD,0,SMA Crossover (10/50),HIGH,4,31.54,36.07,8.25,0.0,12.38,0.0,0.0,2026-10-24,1.87,3.78,100.0,152.52,61.52,65.29,-7.13,36.0,1,2026-06-02 to 2026-09-17 (75 days),-1.0,53.6,0.4318,33.03,40.73,BEARISH,HIGH,No special conditions,4.34,-1.0,1.0,32,2026-10-20,,0
2026-09-18T14:51:39,2026-09-18,UNG,HOLD,0,SMA Crossover (10/50),HIGH,4,31.52,10.33,4.17,0.0,5.37,0.0,0.0,2026-09-26,1.18,2.2,100.0,22.79,7.23,37.22,-2.09,8.0,1,2026-06-02 to 2026-09-17 (75 days),-1.0,50.0,0.2413,10.25,11.57,BEARISH,MEDIUM,High volume,7.77,-1.0,1.0,-1,,,0
2026-09-18T14:51:09,2026-09-18,VFC,HOLD,0,Composite Multi-Indicator,MEDIUM,2,31.5,12.93,5.0,0.0,7.43,0.0,0.0,2026-09-26,0.26,0.46,100.0,7.58,2.26,58.72,-3.49,8.0,1,2026-06-02 to 2026-09-17 (75 days),-1.0,39.4,0.3337,14.75,17.24,BEARISH,MEDIUM,Strong trend (ADX=33),5.62,-1.0,1.0,38,2026-10-26,,0
2026-09-18T14:48:55,2026-09-18,WDAY,HOLD,0,Stochastic Oscillator,HIGH,5,31.42,199.28,9.1,0.0,11.78,0.0,0.0,2026-09-27,2.41,6.1,100.0,221.71,91.05,-78.86,-8.41,9.0,2,2026-06-02 to 2026-09-17 (75 days),-1.0,58.0,0.4987,174.98,158.84,BULLISH,HIGH,Last surprise: +5.4%; Earnings conf adj: +1,3.76,-1.0,1.0,-22,2026-08-27,5.36,1
2026-09-18T14:51:39,2026-09-18,TLT,HOLD,0,Stochastic Oscillator,LOW,0,31.38,81.78,1.5,0.0,2.25,0.0,0.0,2026-10-14,-0.48,-0.69,50.0,0.76,-3.69,7.46,-3.91,26.0,2,2026-06-02 to 2026-09-17 (75 days),-1.0,49.2,0.089,82.32,84.38,BEARISH,LOW,No special conditions,7.0,-1.0,1.0,-1,,,0
2026-09-18T14:48:14,2026-09-18,LYB,HOLD,0,ADX Trend Following,HIGH,5,31.32,64.25,5.14,0.0,14.8,0.0,0.0,2026-10-21,1.68,2.74,100.0,92.74,34.3,45.92,-7.2,33.0,1,2026-06-02 to 2026-09-17 (75 days),-1.0,52.0,0.3271,61.91,60.11,BULLISH,MEDIUM,Last surprise: +25.7%; Earnings conf adj: +1,5.73,-1.0,1.0,42,2026-10-30,25.73,1
2026-09-18T14:47:24,2026-09-18,BX,HOLD,0,VWAP Trend,HIGH,5,31.27,125.41,5.06,0.0,5.73,0.0,0.0,2026-09-24,2.07,3.4,55.6,2.93,67.29,27.87,-11.14,6.3,9,2026-06-02 to 2026-09-17 (75 days),-1.0,36.8,0.29,133.51,128.14,BULLISH,MEDIUM,Strong trend (ADX=41); Last surprise: +13.4%; Earnings conf adj: +1,6.47,-1.0,1.0,34,2026-10-22,13.43,1
2026-09-18T14:49:07,2026-09-18,WCC,HOLD,0,Stochastic Oscillator,HIGH,4,31.21,339.32,7.32,0.0,10.98,0.0,0.0,2026-10-22,0.76,1.16,100.0,74.36,26.0,51.89,-16.91,34.5,2,2026-06-02 to 2026-09-17 (75 days),-1.0,47.5,0.4299,343.86,312.45,BULLISH,HIGH,Last surprise: +15.1%; Earnings conf adj: +1,4.36,-1.0,1.0,41,2026-10-29,15.11,1
2026-09-18T14:50:17,2026-09-18,CHRD,HOLD,0,Composite Multi-Indicator,HIGH,4,31.17,146.27,4.89,0.0,14.67,0.0,0.0,2026-10-29,1.75,2.86,100.0,122.47,47.64,21.97,-6.93,41.0,1,2026-06-02 to 2026-09-17 (75 days),-1.0,51.2,0.3657,138.48,121.44,BULLISH,MEDIUM,No special conditions,5.13,-1.0,1.0,46,2026-11-03,,0
2026-09-18T14:49:01,2026-09-18,SN,HOLD,0,MACD Crossover,HIGH,5,30.98,166.16,9.17,0.0,16.71,0.0,0.0,2026-10-08,1.91,6.98,100.0,111.57,42.33,-141.79,-4.66,20.0,1,2026-06-02 to 2026-09-17 (75 days),-1.0,43.1,0.4746,169.8,131.26,BULLISH,HIGH,High volume; Last surprise: +11.5%; Earnings conf adj: +1,3.95,-1.0,1.0,48,2026-11-05,11.5,1
2026-09-18T14:51:15,2026-09-18,HAE,HOLD,0,Momentum (Rate of Change),HIGH,4,30.89,107.6,3.08,0.0,10.78,0.0,0.0,2027-01-02,4.04,11.21,100.0,632.27,427.97,9.66,-9.16,106.0,1,2026-06-02 to 2026-09-17 (75 days),-1.0,70.5,0.1993,92.43,73.74,BULLISH,LOW,RSI overbought; Strong trend (ADX=33),9.41,-1.0,1.0,48,2026-11-05,,0
2026-09-18T14:49:23,2026-09-18,HALO,BUY,1,52-Week High Momentum,HIGH,5,30.87,109.68,3.76,105.56,11.28,122.05,9.57,2026-12-05,2.85,10.17,100.0,423.23,212.54,-243.26,-7.99,78.0,1,2026-06-02 to 2026-09-17 (75 days),0.337,65.3,0.2053,95.32,75.67,BULLISH,MEDIUM,Last surprise: +25.3%; Earnings conf adj: +1; Size: Kelly 10.0% / VolTgt 9.1% / Blend 9.6%,9.13,-1.0,1.0,45,2026-11-02,25.27,1
2026-09-18T14:48:15,2026-09-18,MAS,HOLD,0,ADX Trend Following,HIGH,5,30.82,68.23,4.07,0.0,8.48,0.0,0.0,2026-10-09,1.59,2.79,100.0,106.52,40.85,43.15,-8.48,21.5,2,2026-06-02 to 2026-09-17 (75 days),-1.0,37.8,0.2322,74.06,69.33,BULLISH,MEDIUM,Last surprise: +25.2%; Earnings conf adj: +1,8.07,-1.0,1.0,41,2026-10-29,25.19,1
2026-09-18T14:47:39,2026-09-18,DG,HOLD,0,EMA Crossover (9/21),HIGH,4,30.81,124.95,4.99,0.0,7.49,0.0,0.0,2026-11-02,0.89,1.38,100.0,75.32,27.58,-49.03,-9.44,45.0,2,2026-06-02 to 2026-09-17 (75 days),-1.0,49.7,0.3755,124.21,126.13,BEARISH,MEDIUM,Last surprise: +23.4%; Earnings conf adj: +1,4.99,-1.0,1.0,-22,2026-08-27,23.38,1
2026-09-18T14:51:25,2026-09-18,CDP,HOLD,0,VWAP Trend,HIGH,5,30.74,34.54,3.25,0.0,1.4,0.0,0.0,2026-09-19,3.48,13.37,75.0,6.4,49.03,11.33,-2.47,1.7,12,2026-06-02 to 2026-09-17 (75 days),-1.0,32.0,0.1367,36.72,32.51,BULLISH,LOW,Strong trend (ADX=56); Last surprise: +25.0%; Earnings conf adj: +1,10.0,-1.0,1.0,41,2026-10-29,25.0,1
2026-09-18T14:47:13,2026-09-18,ALL,HOLD,0,MACD Crossover,HIGH,5,30.62,252.21,2.86,0.0,6.81,0.0,0.0,2026-10-04,1.75,2.73,66.7,4.47,37.0,-50.84,-9.28,16.3,3,2026-06-02 to 2026-09-17 (75 days),-1.0,44.7,0.2142,257.35,221.59,BULLISH,MEDIUM,Last surprise: +48.1%; Earnings conf adj: +1,8.75,-1.0,1.0,47,2026-11-04,48.11,1
2026-09-18T14:49:08,2026-09-18,JLL,HOLD,0,MACD Crossover,HIGH,5,30.58,336.84,5.23,0.0,12.98,0.0,0.0,2026-10-27,2.23,4.48,100.0,177.88,77.1,21.79,-5.47,39.5,2,2026-06-02 to 2026-09-17 (75 days),-1.0,36.9,0.2623,353.26,328.03,BULLISH,MEDIUM,Strong trend (ADX=50); Last surprise: +15.6%; Earnings conf adj: +1,7.15,-1.0,1.0,47,2026-11-04,15.6,1
2026-09-18T14:50:31,2026-09-18,SLAB,HOLD,0,52-Week High Momentum,MEDIUM,2,30.46,219.7,1.5,0.0,3.0,0.0,0.0,2026-12-19,0.3,0.44,100.0,3.99,1.02,-0.47,-1.52,92.0,1,2026-06-02 to 2026-09-17 (75 days),-1.0,53.6,0.0431,218.56,198.0,BULLISH,LOW,No special conditions,10.0,-1.0,1.0,46,2026-11-03,,0
2026-09-18T14:48:20,2026-09-18,MS,HOLD,0,Stochastic Oscillator,MEDIUM,3,30.41,203.52,3.93,0.0,5.9,0.0,0.0,2026-11-03,0.38,0.55,100.0,24.62,5.71,21.16,-11.12,46.0,1,2026-06-02 to 2026-09-17 (75 days),-1.0,36.6,0.2593,214.34,191.25,BULLISH,MEDIUM,Strong trend (ADX=42); Last surprise: +18.1%; Earnings conf adj: +1,7.23,-1.0,1.0,26,2026-10-14,18.09,1
2026-09-18T14:50:14,2026-09-18,CBSH,EXIT,-1,VWAP Trend,HIGH,4,30.34,57.45,1.82,58.5,1.48,56.6,10.0,2026-09-20,3.72,12.49,63.6,5.91,28.36,-16.72,-1.71,2.4,11,2026-06-02 to 2026-09-17 (75 days),-1.0,42.7,0.1217,58.52,53.54,BULLISH,LOW,Size: Kelly 10.0% / VolTgt 10.0% / Blend 10.0%,10.0,-1.0,1.0,27,2026-10-15,,0
2026-09-18T14:49:56,2026-09-18,TTEK,HOLD,0,Composite Multi-Indicator,HIGH,4,30.31,36.11,2.49,0.0,7.47,0.0,0.0,2026-11-05,1.98,3.95,100.0,90.18,33.68,-132.93,-4.03,48.0,1,2026-06-02 to 2026-09-17 (75 days),-1.0,54.5,0.1379,34.47,32.91,BULLISH,LOW,No special conditions,10.0,-1.0,1.0,54,2026-11-11,,0
2026-09-18T14:48:39,2026-09-18,SMCI,HOLD,0,EMA Crossover (9/21),HIGH,5,30.29,40.35,11.62,0.0,34.86,0.0,0.0,2026-10-31,2.01,4.3,100.0,329.8,162.03,214.4,-11.72,43.0,1,2026-06-02 to 2026-09-17 (75 days),-1.0,58.8,0.7614,33.34,31.58,BULLISH,HIGH,High volume; Last surprise: +77.1%; Earnings conf adj: +1,2.46,-1.0,1.0,46,2026-11-03,77.08,1
2026-09-18T14:47:56,2026-09-18,GOOGL,HOLD,0,ADX Trend Following,MEDIUM,3,30.28,347.33,3.43,0.0,6.86,0.0,0.0,2026-10-23,0.29,0.42,100.0,16.68,4.37,17.02,-14.35,35.0,2,2026-06-02 to 2026-09-17 (75 days),-1.0,53.5,0.2357,345.58,336.91,BULLISH,MEDIUM,Last surprise: +214.1%; Earnings conf adj: +1,7.96,-1.0,1.0,40,2026-10-28,214.14,1
2026-09-18T14:48:13,2026-09-18,LULU,EXIT,-1,Momentum (Rate of Change),HIGH,4,30.26,99.39,11.6,110.92,17.4,82.1,6.24,2026-10-10,0.97,1.53,100.0,71.08,20.48,76.46,-9.99,22.5,2,2026-06-02 to 2026-09-17 (75 days),-1.0,37.6,0.7543,115.75,149.85,BEARISH,HIGH,Strong trend (ADX=43); Last surprise: +63.1%; Earnings conf adj: +1; Size: Kelly 10.0% / VolTgt 2.5% / Blend 6.2%,2.49,-1.0,1.0,-15,2026-09-03,63.13,1
2026-09-18T14:48:47,2026-09-18,TRGP,HOLD,0,52-Week High Momentum,MEDIUM,3,30.25,285.07,3.26,0.0,6.52,0.0,0.0,2026-10-30,0.4,0.63,100.0,25.85,7.61,-25.56,-8.38,42.5,2,2026-06-02 to 2026-09-17 (75 days),-1.0,48.5,0.2104,280.68,241.03,BULLISH,MEDIUM,Last surprise: +14.4%; Earnings conf adj: +1,8.91,-1.0,1.0,48,2026-11-05,14.44,1
2026-09-18T14:50:13,2026-09-18,VICR,HOLD,1,VWAP Trend,LOW,1,30.25,216.39,12.0,190.42,11.31,240.86,0.0,2026-09-20,0.29,0.43,60.0,1.16,2.64,79.59,-15.88,2.1,10,2026-06-02 to 2026-09-17 (75 days),-1.0,56.2,0.991,212.62,206.53,BULLISH,HIGH,High volume; Price at statistical extreme,1.89,-1.0,1.0,32,2026-10-20,,0
2026-09-18T14:49:16,2026-09-18,SMTC,HOLD,0,Composite Multi-Indicator,HIGH,5,30.18,178.19,12.0,0.0,36.0,0.0,0.0,2026-10-17,2.63,4.76,100.0,420.43,229.02,203.36,-12.07,29.0,1,2026-06-02 to 2026-09-17 (75 days),-1.0,65.0,0.9447,135.89,111.21,BULLISH,HIGH,Last surprise: +16.4%; Earnings conf adj: +1,1.98,-1.0,1.0,66,2026-11-23,16.39,1
2026-09-18T14:47:09,2026-09-18,ABNB,HOLD,0,ADX Trend Following,HIGH,5,30.15,165.93,4.45,0.0,11.03,0.0,0.0,2026-10-13,1.99,4.7,100.0,235.05,112.89,7.66,-12.99,25.7,3,2026-06-02 to 2026-09-17 (75 days),-1.0,39.9,0.2764,166.62,141.57,BULLISH,MEDIUM,Strong trend (ADX=33); Last surprise: +9.6%; Earnings conf adj: +1,6.78,-1.0,1.0,48,2026-11-05,9.6,1
2026-09-18T14:49:03,2026-09-18,CDE,HOLD,0,EMA Crossover (9/21),MEDIUM,3,29.95,19.98,10.86,0.0,16.29,0.0,0.0,2026-10-30,2.13,4.69,100.0,275.68,127.45,112.72,-14.54,42.0,1,2026-06-02 to 2026-09-17 (75 days),-1.0,51.0,0.4935,18.18,19.13,BEARISH,HIGH,Last surprise: -53.8%; Earnings conf adj: -1,3.8,-1.0,1.0,40,2026-10-28,-53.85,-1
2026-09-18T14:47:23,2026-09-18,BIIB,BUY,1,PEAD Earnings Drift,HIGH,5,29.88,219.05,3.95,210.4,11.85,245.01,8.57,2026-11-02,1.59,2.62,100.0,84.37,30.84,-34.95,-6.14,45.0,1,2026-06-02 to 2026-09-17 (75 days),0.337,55.5,0.2626,210.23,192.65,BULLISH,MEDIUM,Last surprise: +77.3%; Earnings conf adj: +1; Size: Kelly 10.0% / VolTgt 7.1% / Blend 8.6%,7.14,-1.0,1.0,40,2026-10-28,77.34,1
2026-09-18T14:51:32,2026-09-18,COLM,HOLD,0,Stochastic Oscillator,LOW,1,29.86,57.05,3.66,0.0,5.49,0.0,0.0,2026-10-21,-0.98,-1.27,50.0,0.02,-23.05,16.81,-12.73,33.5,2,2026-06-02 to 2026-09-17 (75 days),-1.0,45.7,0.225,59.26,58.76,BULLISH,MEDIUM,Last surprise: +233.3%; Earnings conf adj: +1,7.0,-1.0,1.0,41,2026-10-29,233.33,1
2026-09-18T14:48:51,2026-09-18,UNP,BUY,1,Stochastic Oscillator,HIGH,5,29.75,282.48,2.37,275.79,3.56,292.54,10.0,2026-10-04,3.61,8.8,66.7,6.21,49.48,22.68,-3.2,16.7,3,2026-06-02 to 2026-09-17 (75 days),0.302,36.0,0.1632,293.69,260.32,BULLISH,LOW,Strong trend (ADX=44); Last surprise: +5.2%; Earnings conf adj: +1; Size: Kelly 10.0% / VolTgt 10.0% / Blend 10.0%,10.0,-1.0,1.0,34,2026-10-22,5.25,1
2026-09-18T14:47:51,2026-09-18,FICO,HOLD,0,Stochastic Oscillator,HIGH,4,29.74,966.3,10.97,0.0,16.46,0.0,0.0,2026-10-03,2.38,5.01,66.7,10.76,85.69,144.26,-7.99,15.7,3,2026-06-02 to 2026-09-17 (75 days),-1.0,38.1,0.6824,1126.03,1272.96,BEARISH,HIGH,Last surprise: +3.4%,2.75,-1.0,1.0,47,2026-11-04,3.4,0
2026-09-18T14:48:52,2026-09-18,VLTO,HOLD,0,Stochastic Oscillator,HIGH,4,29.69,95.25,2.31,0.0,3.06,0.0,0.0,2026-09-25,0.85,2.12,100.0,18.26,4.2,-60.23,-1.19,7.0,1,2026-06-02 to 2026-09-17 (75 days),-1.0,46.2,0.1467,95.83,93.08,BULLISH,LOW,Last surprise: +9.9%; Earnings conf adj: +1,10.0,-1.0,1.0,33,2026-10-21,9.9,1
2026-09-18T14:48:52,2026-09-18,VEEV,HOLD,0,VWAP Trend,HIGH,5,29.66,263.75,6.66,0.0,14.12,0.0,0.0,2026-09-26,2.06,3.66,62.5,2.57,93.31,-154.28,-12.89,8.6,8,2026-06-02 to 2026-09-17 (75 days),-1.0,56.8,0.6117,232.71,199.08,BULLISH,HIGH,Strong trend (ADX=35); Last surprise: +5.9%; Earnings conf adj: +1,3.07,-1.0,1.0,68,2026-11-25,5.86,1
2026-09-18T14:49:06,2026-09-18,CLH,HOLD,0,Stochastic Oscillator,HIGH,4,29.65,315.55,2.36,0.0,3.54,0.0,0.0,2026-10-06,0.91,1.62,100.0,23.11,5.17,-52.63,-1.58,18.0,1,2026-06-02 to 2026-09-17 (75 days),-1.0,49.2,0.1665,313.22,286.74,BULLISH,LOW,Last surprise: +14.2%; Earnings conf adj: +1,10.0,-1.0,1.0,47,2026-11-04,14.18,1
2026-09-18T14:47:27,2026-09-18,CDNS,HOLD,0,ADX Trend Following,MEDIUM,2,29.6,280.76,7.54,0.0,17.8,0.0,0.0,2026-10-13,0.27,0.48,100.0,11.61,2.94,76.81,-7.94,25.0,1,2026-06-02 to 2026-09-17 (75 days),-1.0,32.9,0.452,326.84,326.22,BULLISH,HIGH,Strong trend (ADX=41); Last surprise: +2.4%,4.15,-1.0,1.0,38,2026-10-26,2.43,0
2026-09-18T14:49:52,2026-09-18,HLI,EXIT,-1,VWAP Trend,MEDIUM,3,29.51,132.66,4.97,139.25,4.08,127.25,8.19,2026-09-23,1.35,2.12,46.2,1.75,40.32,54.38,-7.81,5.7,13,2026-06-02 to 2026-09-17 (75 days),-1.0,49.5,0.2168,132.63,150.73,BEARISH,MEDIUM,Strong trend (ADX=34); Size: Kelly 7.7% / VolTgt 8.7% / Blend 8.2%,8.65,-1.0,1.0,41,2026-10-29,,0
2026-09-18T14:48:53,2026-09-18,VRT,HOLD,0,VWAP Trend,HIGH,5,29.41,241.49,12.0,0.0,7.21,0.0,0.0,2026-09-20,1.89,2.92,62.5,2.28,97.05,164.02,-11.35,2.1,8,2026-06-02 to 2026-09-17 (75 days),-1.0,41.4,0.6315,272.88,260.62,BULLISH,HIGH,Last surprise: +6.3%; Earnings conf adj: +1,2.97,-1.0,1.0,33,2026-10-21,6.29,1
2026-09-18T14:48:25,2026-09-18,NXPI,HOLD,0,Composite Multi-Indicator,MEDIUM,2,29.39,227.95,5.0,0.0,7.5,0.0,0.0,2026-10-11,0.41,0.6,100.0,17.8,5.84,74.7,-7.04,23.0,1,2026-06-02 to 2026-09-17 (75 days),-1.0,48.8,0.3641,240.86,242.97,BEARISH,MEDIUM,High volume; Last surprise: +2.3%,5.15,-1.0,1.0,38,2026-10-26,2.27,0
2026-09-18T14:48:41,2026-09-18,SW,HOLD,0,Multi-Factor Momentum MR,MEDIUM,3,29.3,45.48,4.96,0.0,12.4,0.0,0.0,2026-10-15,1.1,1.85,66.7,4.45,47.58,14.92,-10.43,27.7,3,2026-06-02 to 2026-09-17 (75 days),-1.0,49.3,0.33,46.19,42.1,BULLISH,MEDIUM,Strong trend (ADX=31); Last surprise: -16.7%; Earnings conf adj: -1,5.68,-1.0,1.0,40,2026-10-28,-16.67,-1
2026-09-18T14:49:20,2026-09-18,SEIC,HOLD,0,52-Week High Momentum,HIGH,5,29.25,104.85,2.32,0.0,8.12,0.0,0.0,2026-12-28,2.99,5.53,100.0,187.24,78.7,-8.2,-6.32,101.0,1,2026-06-02 to 2026-09-17 (75 days),-1.0,41.9,0.1635,104.58,89.38,BULLISH,LOW,Strong trend (ADX=37); Last surprise: +15.3%; Earnings conf adj: +1,10.0,-1.0,1.0,33,2026-10-21,15.28,1
2026-09-18T14:47:13,2026-09-18,AMAT,HOLD,0,PEAD Earnings Drift,MEDIUM,3,29.24,417.4,8.31,0.0,20.78,0.0,0.0,2026-11-28,0.65,1.02,100.0,66.44,24.03,65.92,-39.63,71.0,1,2026-06-02 to 2026-09-17 (75 days),-1.0,33.9,0.4018,503.66,414.57,BULLISH,HIGH,Strong trend (ADX=33); Last surprise: +3.2%,4.67,-1.0,1.0,55,2026-11-12,3.24,0
2026-09-18T14:50:26,2026-09-18,NFG,HOLD,0,MACD Crossover,HIGH,4,29.23,79.89,2.36,0.0,3.54,0.0,0.0,2026-10-04,1.07,1.7,75.0,31.94,17.69,-1.37,-4.78,16.5,4,2026-06-02 to 2026-09-17 (75 days),-1.0,38.7,0.1533,81.81,83.02,BEARISH,LOW,High volume; Price at statistical extreme,10.0,-1.0,1.0,47,2026-11-04,,0
2026-09-18T14:48:24,2026-09-18,NVDA,HOLD,0,PEAD Earnings Drift,MEDIUM,3,29.16,219.34,5.9,0.0,11.8,0.0,0.0,2026-12-04,0.24,0.33,100.0,13.27,2.47,6.95,-13.1,77.0,1,2026-06-02 to 2026-09-17 (75 days),-1.0,51.9,0.4627,213.67,197.81,BULLISH,HIGH,Last surprise: +6.2%; Earnings conf adj: +1,4.05,-1.0,1.0,60,2026-11-17,6.22,1
2026-09-18T14:49:02,2026-09-18,THC,HOLD,0,VWAP Trend,HIGH,5,29.16,261.9,4.95,0.0,6.01,0.0,0.0,2026-09-24,4.35,12.21,83.3,85.65,219.29,-177.19,-5.99,6.5,6,2026-06-02 to 2026-09-17 (75 days),-1.0,51.2,0.2996,248.27,210.62,BULLISH,MEDIUM,Last surprise: +43.7%; Earnings conf adj: +1,6.26,-1.0,1.0,39,2026-10-27,43.66,1
2026-09-18T14:47:52,2026-09-18,FIX,HOLD,0,VWAP Trend,HIGH,5,29.07,1573.96,8.71,0.0,6.09,0.0,0.0,2026-09-20,1.02,1.62,71.4,2.64,35.68,81.3,-12.41,2.7,7,2026-06-02 to 2026-09-17 (75 days),-1.0,44.6,0.4707,1676.75,1517.66,BULLISH,HIGH,Last surprise: +19.8%; Earnings conf adj: +1,3.98,-1.0,1.0,34,2026-10-22,19.79,1
2026-09-18T14:48:59,2026-09-18,YUM,HOLD,0,Stochastic Oscillator,MEDIUM,3,29.05,135.75,4.42,0.0,6.63,0.0,0.0,2026-10-23,0.79,1.32,100.0,45.35,14.32,35.99,-7.8,35.0,1,2026-06-02 to 2026-09-17 (75 days),-1.0,33.5,0.3421,149.39,153.08,BEARISH,MEDIUM,Price at statistical extreme; Strong trend (ADX=41); Last surprise: +3.8%,5.48,-1.0,1.0,46,2026-11-03,3.85,0
2026-09-18T14:48:53,2026-09-18,VRTX,HOLD,0,MACD Crossover,HIGH,4,29.04,516.34,3.16,0.0,9.27,0.0,0.0,2026-10-21,1.19,1.91,100.0,82.32,29.79,-64.12,-12.64,33.5,2,2026-06-02 to 2026-09-17 (75 days),-1.0,45.3,0.2034,510.36,469.74,BULLISH,MEDIUM,Strong trend (ADX=38); Last surprise: -0.4%,9.22,-1.0,1.0,45,2026-11-02,-0.42,0
2026-09-18T14:50:03,2026-09-18,MP,HOLD,0,MACD Crossover,HIGH,4,28.96,49.38,10.0,0.0,15.0,0.0,0.0,2026-10-16,1.39,2.85,100.0,131.08,51.01,123.64,-10.78,28.0,1,2026-06-02 to 2026-09-17 (75 days),-1.0,40.0,0.5372,51.0,57.33,BEARISH,HIGH,No special conditions,3.49,-1.0,1.0,48,2026-11-05,,0
2026-09-18T14:48:07,2026-09-18,KEY,EXIT,-1,VWAP Trend,HIGH,4,28.95,20.95,3.38,21.66,2.89,20.34,9.04,2026-09-20,1.33,1.96,75.0,2.28,18.35,18.82,-4.61,2.5,8,2026-06-02 to 2026-09-17 (75 days),-1.0,36.2,0.2321,22.3,21.18,BULLISH,MEDIUM,Price at statistical extreme; Last surprise: +4.8%; Size: Kelly 10.0% / VolTgt 8.1% / Blend 9.0%,8.08,-1.0,1.0,32,2026-10-20,4.76,0
2026-09-18T14:51:10,2026-09-18,CNO,HOLD,0,52-Week High Momentum,HIGH,4,28.86,55.57,2.3,0.0,6.9,0.0,0.0,2027-01-02,3.71,6.27,100.0,211.04,91.18,8.04,-4.62,106.0,1,2026-06-02 to 2026-09-17 (75 days),-1.0,56.6,0.1749,54.18,46.35,BULLISH,LOW,No special conditions,10.0,-1.0,1.0,45,2026-11-02,,0
2026-09-18T14:47:57,2026-09-18,HAL,HOLD,-1,VWAP Trend,LOW,0,28.83,34.03,5.0,35.73,3.41,32.87,0.0,2026-09-19,-0.86,-1.08,40.0,0.77,-12.54,28.67,-10.93,1.9,10,2026-06-02 to 2026-09-17 (75 days),-1.0,42.4,0.3138,34.27,34.89,BEARISH,MEDIUM,Strong trend (ADX=33); Last surprise: +1.9%,5.98,-1.0,1.0,32,2026-10-20,1.85,0
2026-09-18T14:49:07,2026-09-18,RGA,HOLD,0,52-Week High Momentum,HIGH,5,28.81,245.77,2.11,0.0,6.33,0.0,0.0,2026-11-30,1.81,3.23,100.0,100.17,35.57,-74.69,-4.25,73.0,1,2026-06-02 to 2026-09-17 (75 days),-1.0,50.3,0.1558,242.2,214.56,BULLISH,LOW,Last surprise: +37.0%; Earnings conf adj: +1,10.0,-1.0,1.0,41,2026-10-29,36.98,1
2026-09-18T14:48:05,2026-09-18,IVZ,EXIT,-1,VWAP Trend,MEDIUM,2,28.79,30.22,4.91,31.7,2.72,29.4,8.43,2026-09-19,-0.16,-0.21,75.0,0.96,-4.66,-44.31,-9.27,1.6,8,2026-06-02 to 2026-09-17 (75 days),-1.0,39.1,0.2735,31.05,27.23,BULLISH,MEDIUM,Price at statistical extreme; Strong trend (ADX=31); Last surprise: +7.6%; Earnings conf adj: +1; Size: Kelly 10.0% / VolTgt 6.9% / Blend 8.4%,6.86,-1.0,1.0,39,2026-10-27,7.58,1
2026-09-18T14:48:16,2026-09-18,MET,HOLD,0,52-Week High Momentum,HIGH,5,28.79,97.35,2.91,0.0,8.73,0.0,0.0,2027-01-02,2.93,5.0,100.0,208.9,90.03,12.94,-6.49,106.0,1,2026-06-02 to 2026-09-17 (75 days),-1.0,54.3,0.2132,95.52,81.96,BULLISH,MEDIUM,Last surprise: +6.1%; Earnings conf adj: +1,8.8,-1.0,1.0,52,2026-11-09,6.11,1
2026-09-18T14:50:39,2026-09-18,CHE,HOLD,0,MACD Crossover,HIGH,4,28.77,505.97,4.02,0.0,8.43,0.0,0.0,2026-10-11,3.81,7.51,100.0,166.91,68.75,-24.99,-2.82,23.5,2,2026-06-02 to 2026-09-17 (75 days),-1.0,38.7,0.2209,521.88,449.83,BULLISH,MEDIUM,No special conditions,8.49,-1.0,1.0,39,2026-10-27,,0
2026-09-18T14:48:38,2026-09-18,SJM,HOLD,0,Stochastic Oscillator,HIGH,4,28.69,123.75,3.37,0.0,3.14,0.0,0.0,2026-09-21,0.82,3.79,100.0,19.2,2.41,-107.49,-1.19,3.0,1,2026-06-02 to 2026-09-17 (75 days),-1.0,51.0,0.2299,120.28,105.82,BULLISH,MEDIUM,Last surprise: +45.9%; Earnings conf adj: +1,8.15,-1.0,1.0,67,2026-11-24,45.95,1
2026-09-18T14:48:10,2026-09-18,KVUE,BUY,1,Stochastic Oscillator,MEDIUM,2,28.66,17.87,2.33,17.45,3.5,18.5,9.76,2026-09-25,-1.25,-2.0,100.0,3.5,-2.19,-17.7,-1.05,7.0,1,2026-06-02 to 2026-09-17 (75 days),0.437,35.6,0.1969,18.84,17.67,BULLISH,LOW,Strong trend (ADX=35); Last surprise: -3.1%; Size: Kelly 10.0% / VolTgt 9.5% / Blend 9.8%,9.52,-1.0,1.0,48,2026-11-05,-3.13,0
2026-09-18T14:50:41,2026-09-18,LNTH,HOLD,0,Stochastic Oscillator,MEDIUM,2,28.64,100.8,1.5,0.0,2.25,0.0,0.0,2026-11-05,0.31,0.58,100.0,10.64,1.22,-15.61,-1.51,48.0,1,2026-06-02 to 2026-09-17 (75 days),-1.0,48.7,0.0494,101.95,85.99,BULLISH,LOW,No special conditions,10.0,-1.0,1.0,48,2026-11-05,,0
2026-09-18T14:51:23,2026-09-18,BILL,HOLD,0,VWAP Trend,HIGH,5,28.6,47.57,5.77,0.0,9.1,0.0,0.0,2026-09-26,3.33,6.44,83.3,14.7,219.04,112.97,-8.68,8.7,6,2026-06-02 to 2026-09-17 (75 days),-1.0,48.3,0.3916,46.98,43.76,BULLISH,MEDIUM,Last surprise: +18.3%; Earnings conf adj: +1,4.79,-1.0,1.0,48,2026-11-05,18.31,1
2026-09-18T14:48:33,2026-09-18,PSKY,HOLD,0,EMA Crossover (9/21),HIGH,4,28.59,10.62,6.3,0.0,9.45,0.0,0.0,2026-10-24,1.8,2.59,100.0,122.06,46.94,48.81,-7.43,36.0,1,2026-06-02 to 2026-09-17 (75 days),-1.0,54.0,0.3963,9.64,10.7,BEARISH,MEDIUM,High volume; Strong trend (ADX=31); Last surprise: +0.0%,4.73,-1.0,1.0,52,2026-11-09,0.0,0
2026-09-18T14:51:25,2026-09-18,LOPE,HOLD,0,Composite Multi-Indicator,HIGH,5,28.59,152.41,2.64,0.0,3.96,0.0,0.0,2026-11-05,1.01,1.63,100.0,47.64,16.75,15.78,-7.01,48.0,1,2026-06-02 to 2026-09-17 (75 days),-1.0,55.8,0.1461,147.93,158.9,BEARISH,LOW,Last surprise: +8.4%; Earnings conf adj: +1,10.0,-1.0,1.0,47,2026-11-04,8.38,1
2026-09-18T14:50:33,2026-09-18,PPC,HOLD,0,Composite Multi-Indicator,HIGH,4,28.49,29.56,4.24,0.0,6.36,0.0,0.0,2026-11-05,1.09,2.16,100.0,79.41,29.25,8.97,-8.94,48.0,1,2026-06-02 to 2026-09-17 (75 days),-1.0,45.9,0.2431,29.28,34.19,BEARISH,MEDIUM,No special conditions,7.71,-1.0,1.0,40,2026-10-28,,0
2026-09-18T14:51:20,2026-09-18,OLLI,HOLD,0,Stochastic Oscillator,MEDIUM,3,28.46,76.2,10.24,0.0,15.36,0.0,0.0,2026-10-16,0.62,0.81,100.0,53.99,16.95,29.46,-19.51,28.0,2,2026-06-02 to 2026-09-17 (75 days),-1.0,53.5,0.5304,72.82,91.21,BEARISH,HIGH,No special conditions,3.53,-1.0,1.0,-1,,,0
2026-09-18T14:47:16,2026-09-18,AMT,BUY,1,PEAD Earnings Drift,HIGH,4,28.45,175.58,3.47,169.49,5.21,184.73,9.64,2026-10-19,0.58,1.0,100.0,18.45,5.69,20.08,-3.16,31.0,1,2026-06-02 to 2026-09-17 (75 days),0.516,51.0,0.2017,172.64,175.39,BEARISH,MEDIUM,Last surprise: +20.6%; Earnings conf adj: +1; Size: Kelly 10.0% / VolTgt 9.3% / Blend 9.6%,9.29,-1.0,1.0,39,2026-10-27,20.65,1
2026-09-18T14:49:07,2026-09-18,MEDP,EXIT,-1,Stochastic Oscillator,HIGH,5,28.34,615.18,3.37,635.91,3.04,596.48,9.21,2026-09-21,1.01,5.58,100.0,32.2,8.02,-191.89,-0.95,3.0,1,2026-06-02 to 2026-09-17 (75 days),-1.0,60.6,0.2226,583.25,520.79,BULLISH,MEDIUM,Last surprise: +6.2%; Earnings conf adj: +1; Size: Kelly 10.0% / VolTgt 8.4% / Blend 9.2%,8.42,-1.0,1.0,31,2026-10-19,6.25,1
2026-09-18T14:49:37,2026-09-18,ARW,HOLD,0,Composite Multi-Indicator,MEDIUM,3,28.32,215.02,7.17,0.0,14.34,0.0,0.0,2026-10-26,0.84,1.2,100.0,60.46,19.64,38.22,-8.4,38.0,1,2026-06-02 to 2026-09-17 (75 days),-1.0,52.4,0.4233,211.15,173.83,BULLISH,HIGH,No special conditions,4.43,-1.0,1.0,41,2026-10-29,,0
2026-09-18T14:47:17,2026-09-18,APO,HOLD,0,ADX Trend Following,LOW,1,28.31,126.0,4.73,0.0,7.88,0.0,0.0,2026-10-05,-0.49,-0.69,66.7,0.84,-16.99,-11.22,-17.5,17.0,3,2026-06-02 to 2026-09-17 (75 days),-1.0,41.6,0.2426,128.22,126.8,BULLISH,MEDIUM,Strong trend (ADX=35); Last surprise: -2.3%,7.0,-1.0,1.0,46,2026-11-03,-2.31,0
2026-09-18T14:47:56,2026-09-18,GOOG,HOLD,0,ADX Trend Following,MEDIUM,3,28.17,343.68,3.31,0.0,6.62,0.0,0.0,2026-10-24,0.17,0.25,100.0,6.89,0.97,13.9,-14.01,36.0,2,2026-06-02 to 2026-09-17 (75 days),-1.0,53.0,0.2203,343.53,335.62,BULLISH,MEDIUM,Last surprise: +213.1%; Earnings conf adj: +1,8.51,-1.0,1.0,40,2026-10-28,213.06,1
2026-09-18T14:47:35,2026-09-18,CSCO,HOLD,0,ADX Trend Following,HIGH,4,28.14,110.24,3.32,0.0,4.78,0.0,0.0,2026-09-24,1.86,3.94,66.7,48.35,27.39,66.49,-2.68,6.0,3,2026-06-02 to 2026-09-17 (75 days),-1.0,47.7,0.2477,113.44,95.6,BULLISH,MEDIUM,Last surprise: +4.3%,7.57,-1.0,1.0,55,2026-11-12,4.27,0
2026-09-18T14:48:33,2026-09-18,PWR,HOLD,0,VWAP Trend,HIGH,5,28.08,616.54,5.26,0.0,4.32,0.0,0.0,2026-09-20,2.22,6.88,62.5,3.46,109.82,146.77,-5.4,2.1,8,2026-06-02 to 2026-09-17 (75 days),-1.0,45.2,0.3789,642.72,594.96,BULLISH,MEDIUM,Last surprise: +28.1%; Earnings conf adj: +1,4.95,-1.0,1.0,41,2026-10-29,28.1,1
2026-09-18T14:51:45,2026-09-18,XLV,BUY,1,52-Week High Momentum,HIGH,4,28.08,168.81,1.57,166.16,4.71,176.76,10.0,2026-12-31,1.93,3.32,100.0,107.13,39.94,-24.94,-5.87,104.0,1,2026-06-02 to 2026-09-17 (75 days),0.317,51.1,0.1562,166.63,155.1,BULLISH,LOW,Size: Kelly 10.0% / VolTgt 10.0% / Blend 10.0%,10.0,-1.0,1.0,-1,,,0
2026-09-18T14:47:50,2026-09-18,FDXF,HOLD,0,VWAP Trend,LOW,1,28.06,122.37,6.15,0.0,8.0,0.0,0.0,2026-09-26,0.42,0.67,75.0,1.32,9.36,67.33,-12.01,8.2,4,2026-07-30 to 2026-09-17 (35 days),-1.0,36.0,0.3548,139.48,nan,NEUTRAL,MEDIUM,High volume; Strong trend (ADX=31),5.28,-1.0,1.0,40,2026-10-28,,0
2026-09-18T14:48:50,2026-09-18,ULTA,HOLD,0,Composite Multi-Indicator,HIGH,5,28.03,543.73,5.18,0.0,7.77,0.0,0.0,2026-10-22,1.1,1.7,100.0,63.57,22.92,-14.88,-5.96,34.0,1,2026-06-02 to 2026-09-17 (75 days),-1.0,53.4,0.3364,518.96,557.37,BEARISH,MEDIUM,Last surprise: +5.6%; Earnings conf adj: +1,5.57,-1.0,1.0,76,2026-12-03,5.65,1
2026-09-18T14:51:31,2026-09-18,PK,HOLD,0,52-Week High Momentum,HIGH,5,28.03,15.06,4.37,0.0,13.11,0.0,0.0,2027-01-02,1.73,2.66,100.0,132.41,52.15,-7.78,-7.98,106.0,1,2026-06-02 to 2026-09-17 (75 days),-1.0,46.8,0.2428,15.08,12.19,BULLISH,MEDIUM,Last surprise: +50.0%; Earnings conf adj: +1,7.72,-1.0,1.0,47,2026-11-04,50.0,1
2026-09-18T14:47:52,2026-09-18,FOX,HOLD,0,Composite Multi-Indicator,HIGH,5,27.97,58.43,4.36,0.0,6.54,0.0,0.0,2026-12-21,1.77,3.0,100.0,174.43,72.21,71.81,-11.23,94.0,1,2026-06-02 to 2026-09-17 (75 days),-1.0,49.9,0.3199,55.81,56.62,BEARISH,MEDIUM,Last surprise: +31.6%; Earnings conf adj: +1,5.86,-1.0,1.0,41,2026-10-29,31.62,1
2026-09-18T14:48:57,2026-09-18,WSM,HOLD,0,PEAD Earnings Drift,HIGH,5,27.93,218.92,4.8,0.0,16.8,0.0,0.0,2026-12-05,1.62,2.99,100.0,140.84,53.9,24.93,-9.79,78.0,1,2026-06-02 to 2026-09-17 (75 days),-1.0,37.2,0.2547,231.9,205.26,BULLISH,MEDIUM,Strong trend (ADX=35); Last surprise: +37.9%; Earnings conf adj: +1,7.36,-1.0,1.0,61,2026-11-18,37.86,1
2026-09-18T14:48:49,2026-09-18,TYL,HOLD,0,Composite Multi-Indicator,HIGH,4,27.92,341.57,7.83,0.0,11.75,0.0,0.0,2026-11-05,1.34,2.33,100.0,102.26,38.79,4.96,-11.55,48.0,1,2026-06-02 to 2026-09-17 (75 days),-1.0,47.7,0.4266,331.48,352.74,BEARISH,HIGH,Last surprise: +0.3%,4.4,-1.0,1.0,40,2026-10-28,0.33,0
2026-09-18T14:49:21,2026-09-18,AA,HOLD,0,VWAP Trend,LOW,0,27.86,46.97,7.96,0.0,7.2,0.0,0.0,2026-09-23,0.41,0.61,37.5,1.33,8.42,94.4,-17.28,5.1,8,2026-06-02 to 2026-09-17 (75 days),-1.0,41.9,0.4047,48.35,57.88,BEARISH,HIGH,Last surprise: -3.2%,4.63,-1.0,1.0,27,2026-10-15,-3.2,0
2026-09-18T14:51:14,2026-09-18,GHC,HOLD,0,Stochastic Oscillator,MEDIUM,2,27.71,1133.91,3.82,0.0,5.73,0.0,0.0,2026-10-02,0.25,0.41,100.0,8.8,1.63,-7.76,-2.99,14.0,1,2026-06-02 to 2026-09-17 (75 days),-1.0,45.8,0.2507,1166.61,1124.28,BULLISH,MEDIUM,No special conditions,7.48,-1.0,1.0,40,2026-10-28,,0
2026-09-18T14:51:12,2026-09-18,MTN,HOLD,0,Stochastic Oscillator,MEDIUM,2,27.69,137.76,5.17,0.0,7.75,0.0,0.0,2026-10-02,0.23,0.44,100.0,11.49,2.2,-8.91,-4.69,14.0,1,2026-06-02 to 2026-09-17 (75 days),-1.0,45.6,0.3575,145.49,135.27,BULLISH,MEDIUM,No special conditions,5.24,-1.0,1.0,10,2026-09-28,,0
2026-09-18T14:50:11,2026-09-18,WAL,HOLD,0,Stochastic Oscillator,MEDIUM,2,27.65,79.43,4.0,0.0,6.0,0.0,0.0,2026-10-12,0.38,0.72,100.0,12.27,3.18,4.72,-3.95,24.0,1,2026-06-02 to 2026-09-17 (75 days),-1.0,48.8,0.2024,80.54,80.79,BEARISH,MEDIUM,No special conditions,9.26,-1.0,1.0,33,2026-10-21,,0
2026-09-18T14:49:08,2026-09-18,VNOM,HOLD,0,ADX Trend Following,MEDIUM,2,27.55,42.93,3.85,0.0,9.62,0.0,0.0,2026-10-24,0.69,0.92,100.0,31.96,10.54,27.2,-6.69,36.0,1,2026-06-02 to 2026-09-17 (75 days),-1.0,43.2,0.2978,43.4,42.58,BULLISH,MEDIUM,High volume; Price at statistical extreme; Strong trend (ADX=31); Last surprise: -5.0%; Earnings conf adj: -1,6.3,-1.0,1.0,45,2026-11-02,-5.0,-1
2026-09-18T14:48:21,2026-09-18,MTD,HOLD,0,ADX Trend Following,HIGH,5,27.49,1410.44,3.92,0.0,12.98,0.0,0.0,2026-10-26,2.87,5.11,100.0,202.03,86.06,-2.92,-4.59,38.0,2,2026-06-02 to 2026-09-17 (75 days),-1.0,60.4,0.2674,1367.52,1314.49,BULLISH,MEDIUM,Strong trend (ADX=34); Last surprise: +6.1%; Earnings conf adj: +1,7.01,-1.0,1.0,48,2026-11-05,6.11,1
2026-09-18T14:49:04,2026-09-18,ENTG,HOLD,0,Stochastic Oscillator,HIGH,4,27.47,134.67,9.45,0.0,14.17,0.0,0.0,2026-10-10,0.96,1.59,100.0,120.83,46.01,64.1,-26.69,22.5,2,2026-06-02 to 2026-09-17 (75 days),-1.0,47.1,0.567,138.59,128.5,BULLISH,HIGH,Last surprise: +13.4%; Earnings conf adj: +1,3.31,-1.0,1.0,47,2026-11-04,13.41,1
2026-09-18T14:48:43,2026-09-18,TAP,HOLD,0,Stochastic Oscillator,MEDIUM,2,27.44,39.08,3.96,0.0,5.94,0.0,0.0,2027-01-02,0.39,0.53,100.0,22.71,7.57,1.99,-10.33,106.0,1,2026-06-02 to 2026-09-17 (75 days),-1.0,41.3,0.2458,40.62,42.83,BEARISH,MEDIUM,Last surprise: +4.6%,7.63,-1.0,1.0,46,2026-11-03,4.64,0
2026-09-18T14:50:20,2026-09-18,DBX,BUY,1,Momentum (Rate of Change),HIGH,4,27.42,37.61,4.68,35.85,15.84,43.57,7.91,2026-10-27,3.18,5.76,100.0,329.05,161.97,-5.92,-7.15,39.0,2,2026-06-02 to 2026-09-17 (75 days),0.425,66.0,0.3221,33.41,27.92,BULLISH,MEDIUM,Strong trend (ADX=31); Size: Kelly 10.0% / VolTgt 5.8% / Blend 7.9%,5.82,-1.0,1.0,48,2026-11-05,,0
2026-09-18T14:47:12,2026-09-18,AIZ,HOLD,0,52-Week High Momentum,HIGH,5,27.31,283.81,1.99,0.0,5.97,0.0,0.0,2027-01-02,2.31,4.63,100.0,148.92,59.82,-0.96,-7.71,106.0,1,2026-06-02 to 2026-09-17 (75 days),-1.0,52.1,0.1494,281.42,246.6,BULLISH,LOW,Last surprise: +23.7%; Earnings conf adj: +1,10.0,-1.0,1.0,46,2026-11-03,23.75,1
2026-09-18T14:47:29,2026-09-18,CHD,BUY,1,Stochastic Oscillator,MEDIUM,2,27.3,95.05,2.69,92.49,2.8,97.71,9.56,2026-09-21,-0.29,-0.57,100.0,3.97,-0.7,2.11,-0.67,3.0,1,2026-06-02 to 2026-09-17 (75 days),0.127,38.2,0.2057,98.66,94.87,BULLISH,MEDIUM,Strong trend (ADX=40); Last surprise: -1.1%; Size: Kelly 10.0% / VolTgt 9.1% / Blend 9.6%,9.12,-1.0,1.0,42,2026-10-30,-1.11,0
2026-09-18T14:47:53,2026-09-18,FTNT,HOLD,0,SMA Crossover (10/50),HIGH,5,27.3,172.58,8.54,0.0,18.53,0.0,0.0,2026-10-04,1.16,2.52,100.0,65.3,23.17,-42.28,-4.71,16.0,1,2026-06-02 to 2026-09-17 (75 days),-1.0,61.3,0.5882,160.04,113.44,BULLISH,HIGH,Strong trend (ADX=33); Last surprise: +20.0%; Earnings conf adj: +1,3.19,-1.0,1.0,47,2026-11-04,20.0,1
2026-09-18T14:48:29,2026-09-18,PCG,BUY,1,Stochastic Oscillator,MEDIUM,3,27.3,13.38,12.0,11.77,18.0,15.79,6.06,2026-10-03,0.08,0.11,100.0,2.75,-0.09,51.15,-11.27,15.0,1,2026-06-02 to 2026-09-17 (75 days),0.333,34.0,0.8854,16.58,16.62,BEARISH,HIGH,Strong trend (ADX=32); Last surprise: +11.1%; Earnings conf adj: +1; Size: Kelly 10.0% / VolTgt 2.1% / Blend 6.1%,2.12,-1.0,1.0,34,2026-10-22,11.11,1
2026-09-18T14:48:09,2026-09-18,KO,HOLD,0,Composite Multi-Indicator,MEDIUM,3,27.27,88.06,1.62,0.0,3.24,0.0,0.0,2026-11-01,0.87,1.33,100.0,22.4,7.46,-47.41,-4.83,44.0,1,2026-06-02 to 2026-09-17 (75 days),-1.0,52.1,0.1299,86.45,78.13,BULLISH,LOW,Last surprise: +4.3%,10.0,-1.0,1.0,32,2026-10-20,4.3,0
2026-09-18T14:49:21,2026-09-18,MANH,HOLD,0,Composite Multi-Indicator,HIGH,5,27.21,210.82,4.98,0.0,11.34,0.0,0.0,2026-10-05,1.66,2.76,100.0,76.58,28.08,-156.7,-4.56,17.0,1,2026-06-02 to 2026-09-17 (75 days),-1.0,55.3,0.3493,192.15,159.56,BULLISH,MEDIUM,Last surprise: +5.3%; Earnings conf adj: +1,5.37,-1.0,1.0,39,2026-10-27,5.3,1
2026-09-18T14:51:24,2026-09-18,FCN,HOLD,0,MACD Crossover,MEDIUM,2,27.11,141.0,3.79,0.0,5.69,0.0,0.0,2026-09-29,0.57,0.84,75.0,2.29,9.07,34.2,-9.9,11.0,4,2026-06-02 to 2026-09-17 (75 days),-1.0,31.4,0.2309,154.73,164.12,BEARISH,MEDIUM,Price at statistical extreme; Last surprise: -11.9%; Earnings conf adj: -1,8.12,-1.0,1.0,41,2026-10-29,-11.95,-1
2026-09-18T14:48:42,2026-09-18,SWK,HOLD,0,VWAP Trend,HIGH,5,27.02,89.12,4.76,0.0,3.14,0.0,0.0,2026-09-21,2.45,5.6,80.0,5.82,62.42,2.4,-3.49,3.2,10,2026-06-02 to 2026-09-17 (75 days),-1.0,35.7,0.2226,94.26,81.39,BULLISH,MEDIUM,Strong trend (ADX=49); Last surprise: +29.8%; Earnings conf adj: +1,8.42,-1.0,1.0,46,2026-11-03,29.75,1
2026-09-18T14:49:24,2026-09-18,BJ,HOLD,0,Stochastic Oscillator,MEDIUM,2,26.98,93.34,3.66,0.0,5.49,0.0,0.0,2026-10-04,0.39,0.59,100.0,19.33,4.22,-15.38,-5.02,16.0,1,2026-06-02 to 2026-09-17 (75 days),-1.0,51.5,0.3828,93.32,93.46,BEARISH,MEDIUM,No special conditions,4.9,-1.0,1.0,63,2026-11-20,,0
2026-09-18T14:49:50,2026-09-18,LFUS,EXIT,-1,VWAP Trend,MEDIUM,2,26.72,401.84,7.67,432.66,4.8,382.55,7.22,2026-09-20,0.73,1.24,55.6,1.49,14.87,62.89,-9.87,2.1,9,2026-06-02 to 2026-09-17 (75 days),-1.0,43.2,0.4211,421.87,376.47,BULLISH,HIGH,Size: Kelly 10.0% / VolTgt 4.5% / Blend 7.2%,4.45,-1.0,1.0,40,2026-10-28,,0
2026-09-18T14:47:54,2026-09-18,GEN,EXIT,-1,VWAP Trend,HIGH,4,26.6,30.21,4.11,31.45,3.76,29.07,7.98,2026-09-20,2.71,8.13,66.7,4.42,51.09,11.81,-2.42,2.3,9,2026-06-02 to 2026-09-17 (75 days),-1.0,54.0,0.3145,28.41,24.57,BULLISH,MEDIUM,Last surprise: +2.9%; Size: Kelly 10.0% / VolTgt 6.0% / Blend 8.0%,5.96,-1.0,1.0,48,2026-11-05,2.9,0
2026-09-18T14:50:38,2026-09-18,HIMS,HOLD,0,Momentum (Rate of Change),HIGH,4,26.55,27.89,9.57,0.0,27.15,0.0,0.0,2026-10-15,1.66,3.02,100.0,268.39,125.21,120.43,-19.17,27.0,2,2026-06-02 to 2026-09-17 (75 days),-1.0,45.1,0.6636,30.34,28.03,BULLISH,HIGH,No special conditions,2.83,-1.0,1.0,52,2026-11-09,,0
2026-09-18T14:47:25,2026-09-18,CAH,HOLD,0,Stochastic Oscillator,HIGH,4,26.53,226.34,3.28,0.0,4.92,0.0,0.0,2026-11-03,0.96,1.47,100.0,53.64,14.66,-53.05,-4.91,46.0,1,2026-06-02 to 2026-09-17 (75 days),-1.0,37.3,0.2507,233.72,216.14,BULLISH,MEDIUM,High volume; Strong trend (ADX=31); Last surprise: +7.4%; Earnings conf adj: +1,7.48,-1.0,1.0,48,2026-11-05,7.44,1
2026-09-18T14:49:03,2026-09-18,USFD,HOLD,0,MACD Crossover,MEDIUM,3,26.49,92.16,4.85,0.0,7.26,0.0,0.0,2026-10-02,0.25,0.38,100.0,5.8,1.3,-55.74,-3.63,14.0,1,2026-06-02 to 2026-09-17 (75 days),-1.0,24.5,0.2463,102.29,91.2,BULLISH,MEDIUM,RSI oversold; Strong trend (ADX=62); Last surprise: +5.9%; Earnings conf adj: +1,7.61,-1.0,1.0,48,2026-11-05,5.88,1
2026-09-18T14:48:45,2026-09-18,TGT,HOLD,0,Composite Multi-Indicator,HIGH,5,26.39,159.83,3.52,0.0,10.56,0.0,0.0,2026-12-14,2.57,4.36,100.0,240.48,107.49,-41.69,-10.69,87.0,1,2026-06-02 to 2026-09-17 (75 days),-1.0,54.6,0.3385,150.68,123.68,BULLISH,MEDIUM,Last surprise: +75.6%; Earnings conf adj: +1,5.54,-1.0,1.0,61,2026-11-18,75.64,1
2026-09-18T14:51:18,2026-09-18,LPX,HOLD,0,ADX Trend Following,MEDIUM,2,26.39,65.82,5.08,0.0,3.59,0.0,0.0,2026-09-22,0.61,1.09,50.0,1.99,9.01,40.56,-7.44,4.0,4,2026-06-02 to 2026-09-17 (75 days),-1.0,38.1,0.2278,71.84,77.12,BEARISH,MEDIUM,Strong trend (ADX=50),8.23,-1.0,1.0,47,2026-11-04,,0
2026-09-18T14:47:33,2026-09-18,COP,BUY,1,PEAD Earnings Drift,HIGH,5,26.25,133.19,4.02,127.84,12.06,149.25,7.88,2026-10-25,1.13,1.56,100.0,63.79,20.51,-39.13,-6.15,37.0,1,2026-06-02 to 2026-09-17 (75 days),0.714,52.8,0.3249,124.64,113.37,BULLISH,MEDIUM,Last surprise: +10.6%; Earnings conf adj: +1; Size: Kelly 10.0% / VolTgt 5.8% / Blend 7.9%,5.77,-1.0,1.0,48,2026-11-05,10.58,1
2026-09-18T14:48:15,2026-09-18,MAR,HOLD,0,VWAP Trend,LOW,1,26.21,334.0,2.71,0.0,1.74,0.0,0.0,2026-09-19,-0.27,-0.52,60.0,1.0,-3.53,27.82,-4.46,1.3,10,2026-06-02 to 2026-09-17 (75 days),-1.0,39.4,0.1939,354.96,345.13,BULLISH,LOW,Strong trend (ADX=36); Last surprise: +3.6%,7.0,-1.0,1.0,46,2026-11-03,3.57,0
2026-09-18T14:50:17,2026-09-18,ACM,HOLD,0,Stochastic Oscillator,MEDIUM,2,26.15,63.41,5.13,0.0,7.7,0.0,0.0,2026-10-22,0.07,0.12,100.0,3.75,-0.43,31.92,-9.19,34.0,1,2026-06-02 to 2026-09-17 (75 days),-1.0,42.7,0.3279,67.66,81.69,BEARISH,MEDIUM,No special conditions,5.72,-1.0,1.0,60,2026-11-17,,0
2026-09-18T14:48:51,2026-09-18,V,HOLD,0,52-Week High Momentum,HIGH,4,26.13,369.93,1.76,0.0,5.28,0.0,0.0,2026-12-06,1.31,2.26,100.0,79.23,24.0,-45.68,-4.41,79.0,1,2026-06-02 to 2026-09-17 (75 days),-1.0,49.2,0.1894,366.37,334.69,BULLISH,LOW,Last surprise: +2.8%,9.9,-1.0,1.0,39,2026-10-27,2.79,0
2026-09-18T14:47:55,2026-09-18,GLW,HOLD,0,VWAP Trend,MEDIUM,3,26.04,147.8,10.68,0.0,10.29,0.0,0.0,2026-09-21,0.91,1.42,66.7,2.23,42.8,107.11,-23.97,3.8,6,2026-06-02 to 2026-09-17 (75 days),-1.0,45.6,0.6706,155.61,146.29,BULLISH,HIGH,Last surprise: +4.0%,2.8,-1.0,1.0,39,2026-10-27,4.0,0
2026-09-18T14:48:39,2026-09-18,SLB,BUY,1,PEAD Earnings Drift,HIGH,4,26.03,52.08,8.23,47.79,22.58,63.84,7.31,2026-11-07,0.96,1.51,100.0,68.24,24.33,46.11,-12.98,50.0,1,2026-06-02 to 2026-09-17 (75 days),0.298,41.9,0.4056,51.95,49.35,BULLISH,HIGH,Strong trend (ADX=30); Last surprise: +5.8%; Earnings conf adj: +1; Size: Kelly 10.0% / VolTgt 4.6% / Blend 7.3%,4.62,-1.0,1.0,35,2026-10-23,5.77,1
2026-09-18T14:47:47,2026-09-18,EVRG,HOLD,0,VWAP Trend,HIGH,5,25.96,80.84,1.82,0.0,1.73,0.0,0.0,2026-09-20,1.44,2.79,66.7,2.19,8.92,8.23,-2.24,2.0,12,2026-06-02 to 2026-09-17 (75 days),-1.0,44.3,0.1555,82.86,79.63,BULLISH,LOW,Last surprise: +10.0%; Earnings conf adj: +1,10.0,-1.0,1.0,48,2026-11-05,10.0,1
2026-09-18T14:48:05,2026-09-18,IQV,BUY,1,52-Week High Momentum,MEDIUM,3,25.89,269.44,3.78,259.26,9.45,294.9,8.96,2026-11-07,0.86,1.39,100.0,87.38,16.43,-273.82,-11.35,50.0,1,2026-06-02 to 2026-09-17 (75 days),0.123,65.7,0.237,240.19,203.44,BULLISH,MEDIUM,Strong trend (ADX=32); Last surprise: +4.0%; Size: Kelly 10.0% / VolTgt 7.9% / Blend 9.0%,7.91,-1.0,1.0,46,2026-11-03,3.96,0
2026-09-18T14:47:51,2026-09-18,FITB,EXIT,-1,VWAP Trend,HIGH,4,25.75,53.27,3.18,54.96,2.46,51.96,9.35,2026-09-20,1.4,2.27,70.0,2.09,19.79,-4.66,-4.41,2.1,10,2026-06-02 to 2026-09-17 (75 days),-1.0,39.8,0.2155,56.14,50.9,BULLISH,MEDIUM,Last surprise: -1.2%; Size: Kelly 10.0% / VolTgt 8.7% / Blend 9.3%,8.7,-1.0,1.0,31,2026-10-19,-1.19,0
2026-09-18T14:49:35,2026-09-18,MOH,HOLD,0,Multi-Factor Momentum MR,MEDIUM,3,25.7,205.09,5.13,0.0,6.86,0.0,0.0,2026-09-25,0.63,1.05,100.0,23.02,7.32,-49.05,-5.54,7.0,1,2026-06-02 to 2026-09-17 (75 days),-1.0,52.2,0.3291,206.43,179.78,BULLISH,MEDIUM,No special conditions,5.7,-1.0,1.0,33,2026-10-21,,0
2026-09-18T14:49:30,2026-09-18,AHR,EXIT,-1,VWAP Trend,HIGH,4,25.68,53.15,2.58,54.52,1.94,52.12,10.0,2026-09-20,2.9,8.91,57.1,4.67,29.37,-32.3,-2.15,2.1,7,2026-06-02 to 2026-09-17 (75 days),-1.0,39.3,0.1701,55.29,50.57,BULLISH,LOW,Strong trend (ADX=35); Size: Kelly 10.0% / VolTgt 10.0% / Blend 10.0%,10.0,-1.0,1.0,48,2026-11-05,,0
2026-09-18T14:51:02,2026-09-18,EXLS,HOLD,0,VWAP Trend,MEDIUM,3,25.61,35.48,4.09,0.0,6.38,0.0,0.0,2026-09-28,1.57,3.32,42.9,2.25,87.47,3.82,-19.34,10.9,7,2026-06-02 to 2026-09-17 (75 days),-1.0,49.3,0.2452,33.67,33.34,BULLISH,MEDIUM,No special conditions,7.65,-1.0,1.0,39,2026-10-27,,0
2026-09-18T14:50:02,2026-09-18,FLS,HOLD,0,EMA Crossover (9/21),MEDIUM,2,25.49,73.74,5.48,0.0,8.22,0.0,0.0,2026-10-27,0.3,0.46,100.0,12.03,3.45,13.53,-7.44,39.0,1,2026-06-02 to 2026-09-17 (75 days),-1.0,43.6,0.3176,75.44,75.94,BEARISH,MEDIUM,Strong trend (ADX=40),5.9,-1.0,1.0,39,2026-10-27,,0
2026-09-18T14:47:30,2026-09-18,CME,HOLD,0,SMA Crossover (10/50),MEDIUM,2,25.44,271.15,3.07,0.0,4.6,0.0,0.0,2026-11-05,0.46,0.66,100.0,16.3,5.29,-30.09,-4.99,48.0,1,2026-06-02 to 2026-09-17 (75 days),-1.0,47.7,0.2112,264.48,274.22,BEARISH,MEDIUM,Last surprise: +2.7%,8.88,-1.0,1.0,33,2026-10-21,2.75,0
2026-09-18T14:47:38,2026-09-18,DDOG,HOLD,0,ADX Trend Following,HIGH,5,25.43,236.0,9.1,0.0,12.4,0.0,0.0,2026-09-26,1.57,2.78,60.0,3.91,62.07,98.14,-13.91,8.0,5,2026-06-02 to 2026-09-17 (75 days),-1.0,52.6,0.5568,244.41,178.87,BULLISH,HIGH,Last surprise: +12.1%; Earnings conf adj: +1,3.37,-1.0,1.0,48,2026-11-05,12.07,1
2026-09-18T14:48:40,2026-09-18,SRE,HOLD,0,VWAP Trend,HIGH,4,25.41,82.18,3.69,0.0,4.77,0.0,0.0,2026-09-22,0.9,1.35,75.0,2.99,11.02,34.55,-4.38,4.0,8,2026-06-02 to 2026-09-17 (75 days),-1.0,40.9,0.303,87.13,89.92,BEARISH,MEDIUM,Last surprise: +9.4%; Earnings conf adj: +1,6.19,-1.0,1.0,47,2026-11-04,9.43,1
2026-09-18T14:51:32,2026-09-18,CXT,HOLD,0,PEAD Earnings Drift,MEDIUM,3,25.4,45.29,5.71,0.0,11.42,0.0,0.0,2026-10-23,0.2,0.25,100.0,6.89,2.0,-109.87,-6.3,35.0,1,2026-06-02 to 2026-09-17 (75 days),-1.0,33.6,0.3483,50.74,47.37,BULLISH,MEDIUM,Price at statistical extreme; Last surprise: +5.8%; Earnings conf adj: +1,5.38,-1.0,1.0,47,2026-11-04,5.77,1
2026-09-18T14:49:05,2026-09-18,NTNX,HOLD,0,MACD Crossover,HIGH,5,25.26,69.97,4.42,0.0,13.02,0.0,0.0,2026-10-12,2.28,5.0,100.0,139.65,55.75,-64.5,-6.84,24.0,2,2026-06-02 to 2026-09-17 (75 days),-1.0,65.1,0.3375,62.63,49.28,BULLISH,MEDIUM,Strong trend (ADX=35); Last surprise: +22.4%; Earnings conf adj: +1,5.56,-1.0,1.0,68,2026-11-25,22.45,1
2026-09-18T14:50:03,2026-09-18,CTRE,HOLD,0,VWAP Trend,LOW,1,25.2,38.17,2.85,0.0,1.71,0.0,0.0,2026-09-20,-0.06,-0.09,60.0,1.15,-1.09,0.56,-4.25,2.0,10,2026-06-02 to 2026-09-17 (75 days),-1.0,38.3,0.1537,40.3,38.59,BULLISH,LOW,No special conditions,7.0,-1.0,1.0,52,2026-11-09,,0
2026-09-18T14:50:34,2026-09-18,DUOL,HOLD,0,VWAP Trend,MEDIUM,3,25.12,147.1,10.49,0.0,11.04,0.0,0.0,2026-09-25,2.8,4.79,54.5,5.11,280.04,110.57,-13.01,7.5,11,2026-06-02 to 2026-09-17 (75 days),-1.0,51.7,0.5118,138.9,130.14,BULLISH,HIGH,No special conditions,3.66,-1.0,1.0,47,2026-11-04,,0
2026-09-18T14:47:15,2026-09-18,AMGN,BUY,1,Stochastic Oscillator,MEDIUM,3,25.09,379.78,5.54,358.74,4.47,396.76,7.34,2026-09-20,-1.39,-3.14,100.0,9.99,-2.38,-69.96,-1.69,2.0,1,2026-06-02 to 2026-09-17 (75 days),0.353,35.8,0.4012,398.42,356.19,BULLISH,HIGH,Strong trend (ADX=53); Last surprise: +11.9%; Earnings conf adj: +1; Size: Kelly 10.0% / VolTgt 4.7% / Blend 7.3%,4.67,-1.0,1.0,46,2026-11-03,11.92,1
2026-09-18T14:47:40,2026-09-18,DHR,HOLD,0,Stochastic Oscillator,MEDIUM,3,25.06,212.5,3.9,0.0,2.77,0.0,0.0,2026-09-20,-0.08,-0.27,100.0,14.0,-0.37,-91.29,-1.96,2.0,1,2026-06-02 to 2026-09-17 (75 days),-1.0,57.7,0.2492,203.52,201.49,BULLISH,MEDIUM,High volume; Strong trend (ADX=30); Last surprise: +5.4%; Earnings conf adj: +1,7.53,-1.0,1.0,32,2026-10-20,5.43,1
2026-09-18T14:49:14,2026-09-18,ULS,HOLD,0,EMA Crossover (9/21),LOW,1,25.05,64.42,4.59,0.0,4.14,0.0,0.0,2026-09-21,-2.1,-2.11,50.0,0.08,-27.79,47.89,-9.84,3.5,2,2026-06-02 to 2026-09-17 (75 days),-1.0,18.4,0.2813,79.19,83.93,BEARISH,MEDIUM,RSI oversold; Price at statistical extreme; Strong trend (ADX=65); Last surprise: +5.4%; Earnings conf adj: +1,6.67,-1.0,1.0,46,2026-11-03,5.36,1
2026-09-18T14:48:13,2026-09-18,LUV,HOLD,0,MACD Crossover,HIGH,5,25.02,40.34,4.42,0.0,7.16,0.0,0.0,2026-09-27,2.3,4.43,75.0,5.9,62.06,74.6,-10.82,9.8,4,2026-06-02 to 2026-09-17 (75 days),-1.0,48.0,0.2905,43.43,42.92,BULLISH,MEDIUM,High volume; Last surprise: +80.8%; Earnings conf adj: +1,6.45,-1.0,1.0,33,2026-10-21,80.77,1
2026-09-18T14:48:28,2026-09-18,PAYX,HOLD,0,Stochastic Oscillator,MEDIUM,2,25.01,116.51,3.3,0.0,4.6,0.0,0.0,2026-09-24,-0.5,-0.98,100.0,5.13,-2.65,-72.35,-1.79,6.0,1,2026-06-02 to 2026-09-17 (75 days),-1.0,43.0,0.2383,118.18,102.5,BULLISH,MEDIUM,Earnings in 5d (2026-09-23); Last surprise: +0.8%,7.87,-1.0,1.0,5,2026-09-23,0.76,0
2026-09-18T14:48:31,2026-09-18,PNR,HOLD,0,MACD Crossover,LOW,1,25.01,55.72,3.45,0.0,5.18,0.0,0.0,2026-10-07,0.05,0.07,100.0,1.29,-0.23,55.85,-9.08,19.0,1,2026-06-02 to 2026-09-17 (75 days),-1.0,25.3,0.1741,63.94,83.33,BEARISH,LOW,RSI oversold; Strong trend (ADX=49); Last surprise: -0.9%,7.0,-1.0,1.0,32,2026-10-20,-0.87,0
2026-09-18T14:50:48,2026-09-18,G,HOLD,0,Composite Multi-Indicator,MEDIUM,3,24.94,34.95,4.64,0.0,6.96,0.0,0.0,2026-10-26,0.57,0.89,100.0,28.58,9.68,-16.11,-9.15,38.0,1,2026-06-02 to 2026-09-17 (75 days),-1.0,46.6,0.3083,34.27,36.83,BEARISH,MEDIUM,No special conditions,6.08,-1.0,1.0,48,2026-11-05,,0
2026-09-18T14:47:31,2026-09-18,COHR,HOLD,0,Stochastic Oscillator,HIGH,5,24.8,295.98,12.0,0.0,18.0,0.0,0.0,2026-10-13,1.05,1.67,100.0,162.04,65.41,136.68,-32.28,25.5,2,2026-06-02 to 2026-09-17 (75 days),-1.0,50.8,0.7534,296.97,282.2,BULLISH,HIGH,Last surprise: +7.4%; Earnings conf adj: +1,2.49,-1.0,1.0,47,2026-11-04,7.41,1
2026-09-18T14:50:32,2026-09-18,CELH,HOLD,0,MACD Crossover,MEDIUM,2,24.75,28.34,8.81,0.0,13.21,0.0,0.0,2026-10-01,0.94,1.39,75.0,3.58,47.12,69.6,-23.16,13.5,4,2026-06-02 to 2026-09-17 (75 days),-1.0,44.2,0.5329,29.69,37.25,BEARISH,HIGH,Last surprise: -14.3%; Earnings conf adj: -1,3.52,-1.0,1.0,52,2026-11-09,-14.29,-1
2026-09-18T14:47:10,2026-09-18,ADP,HOLD,0,Stochastic Oscillator,MEDIUM,2,24.74,272.24,2.87,0.0,4.27,0.0,0.0,2026-09-24,-0.2,-0.51,100.0,13.84,-1.45,-84.43,-1.78,6.0,1,2026-06-02 to 2026-09-17 (75 days),-1.0,50.5,0.2212,266.28,234.42,BULLISH,MEDIUM,Last surprise: +1.5%,8.48,-1.0,1.0,40,2026-10-28,1.54,0
2026-09-18T14:49:54,2026-09-18,FCFS,HOLD,0,MACD Crossover,MEDIUM,3,24.74,218.97,6.12,0.0,12.24,0.0,0.0,2026-10-03,0.72,1.29,66.7,2.86,18.06,0.54,-9.29,15.0,3,2026-06-02 to 2026-09-17 (75 days),-1.0,49.4,0.5009,214.52,198.68,BULLISH,HIGH,No special conditions,3.74,-1.0,1.0,34,2026-10-22,,0
2026-09-18T14:49:33,2026-09-18,CART,EXIT,-1,ADX Trend Following,HIGH,4,24.58,45.43,7.57,48.87,10.01,40.88,7.28,2026-09-27,1.14,1.67,80.0,8.81,27.95,-16.98,-5.54,9.6,5,2026-06-02 to 2026-09-17 (75 days),-1.0,38.6,0.4105,47.92,42.6,BULLISH,HIGH,Price at statistical extreme; Size: Kelly 10.0% / VolTgt 4.6% / Blend 7.3%,4.57,-1.0,1.0,52,2026-11-09,,0
2026-09-18T14:48:31,2026-09-18,PLTR,HOLD,0,Stochastic Oscillator,MEDIUM,3,24.54,176.24,7.93,0.0,11.89,0.0,0.0,2026-10-03,0.29,0.45,100.0,23.11,4.5,-60.39,-20.37,15.0,2,2026-06-02 to 2026-09-17 (75 days),-1.0,55.9,0.5186,157.29,151.7,BULLISH,HIGH,Last surprise: +17.1%; Earnings conf adj: +1,3.62,-1.0,1.0,45,2026-11-02,17.14,1
2026-09-18T14:47:21,2026-09-18,BDX,HOLD,0,Stochastic Oscillator,MEDIUM,2,24.49,181.38,3.63,0.0,4.86,0.0,0.0,2026-09-25,0.47,0.86,100.0,27.11,3.36,-123.62,-2.54,7.0,1,2026-06-02 to 2026-09-17 (75 days),-1.0,51.5,0.2331,173.32,158.99,BULLISH,MEDIUM,Strong trend (ADX=33); Last surprise: +2.9%,8.04,-1.0,1.0,48,2026-11-05,2.87,0
2026-09-18T14:50:21,2026-09-18,THG,HOLD,0,VWAP Trend,HIGH,4,24.32,229.17,2.2,0.0,1.83,0.0,0.0,2026-09-19,1.34,2.65,63.6,3.13,13.26,-92.76,-2.23,1.6,11,2026-06-02 to 2026-09-17 (75 days),-1.0,56.1,0.1838,222.72,191.5,BULLISH,LOW,No special conditions,10.0,-1.0,1.0,40,2026-10-28,,0
2026-09-18T14:47:53,2026-09-18,GD,HOLD,0,Composite Multi-Indicator,HIGH,5,24.18,355.95,2.32,0.0,8.12,0.0,0.0,2026-11-18,2.87,5.09,100.0,165.07,67.6,46.06,-5.7,61.0,1,2026-06-02 to 2026-09-17 (75 days),-1.0,34.6,0.1553,376.72,353.11,BULLISH,LOW,Strong trend (ADX=63); Last surprise: +6.8%; Earnings conf adj: +1,10.0,-1.0,1.0,40,2026-10-28,6.8,1
2026-09-18T14:49:19,2026-09-18,BMRN,EXIT,-1,VWAP Trend,HIGH,5,24.17,65.08,3.81,67.56,3.53,62.78,8.62,2026-09-21,1.28,3.02,57.1,5.09,23.91,-73.22,-4.29,3.0,7,2026-06-02 to 2026-09-17 (75 days),-1.0,50.2,0.2588,63.6,58.27,BULLISH,MEDIUM,Last surprise: +26.3%; Earnings conf adj: +1; Size: Kelly 10.0% / VolTgt 7.2% / Blend 8.6%,7.25,-1.0,1.0,38,2026-10-26,26.32,1
2026-09-18T14:48:27,2026-09-18,ORCL,HOLD,0,SMA Crossover (10/50),HIGH,4,24.09,150.59,10.73,0.0,16.09,0.0,0.0,2026-10-16,0.84,1.26,100.0,58.97,20.72,101.32,-13.64,28.0,1,2026-06-02 to 2026-09-17 (75 days),-1.0,52.2,0.5205,140.92,165.73,BEARISH,HIGH,Last surprise: +10.3%; Earnings conf adj: +1,3.6,-1.0,1.0,83,2026-12-10,10.34,1
2026-09-18T14:50:59,2026-09-18,HRB,HOLD,0,MACD Crossover,HIGH,4,23.98,44.81,4.93,0.0,12.13,0.0,0.0,2026-10-14,1.5,2.92,100.0,159.44,66.33,-11.91,-11.58,26.5,2,2026-06-02 to 2026-09-17 (75 days),-1.0,37.7,0.2993,46.35,38.07,BULLISH,MEDIUM,Strong trend (ADX=34),6.26,-1.0,1.0,48,2026-11-05,,0
2026-09-18T14:47:51,2026-09-18,FERG,EXIT,-1,VWAP Trend,MEDIUM,2,23.92,214.26,3.97,222.77,2.09,209.78,8.41,2026-09-19,0.54,0.98,50.0,1.57,4.88,22.43,-4.02,1.2,6,2026-06-02 to 2026-09-17 (75 days),-1.0,33.4,0.2422,233.34,237.07,BEARISH,MEDIUM,Strong trend (ADX=33); Last surprise: +2.7%; Size: Kelly 9.1% / VolTgt 7.7% / Blend 8.4%,7.74,-1.0,1.0,52,2026-11-09,2.73,0
2026-09-18T14:49:42,2026-09-18,AVTR,BUY,1,52-Week High Momentum,MEDIUM,2,23.84,15.86,4.25,15.19,7.72,17.08,8.45,2026-10-01,-0.01,-0.01,100.0,58.45,-0.43,-591.59,-6.65,13.0,1,2026-06-02 to 2026-09-17 (75 days),0.778,71.9,0.2718,13.43,10.52,BULLISH,MEDIUM,RSI overbought; Price at statistical extreme; Strong trend (ADX=58); Size: Kelly 10.0% / VolTgt 6.9% / Blend 8.4%,6.9,-1.0,1.0,40,2026-10-28,,0
2026-09-18T14:47:18,2026-09-18,APP,HOLD,0,ADX Trend Following,LOW,0,23.83,321.6,7.1,0.0,7.94,0.0,0.0,2026-09-26,-1.06,-1.18,50.0,0.53,-28.19,60.23,-18.82,8.5,2,2026-06-02 to 2026-09-17 (75 days),-1.0,45.2,0.3458,361.44,476.89,BEARISH,MEDIUM,Strong trend (ADX=30); Last surprise: +0.5%,5.42,-1.0,1.0,47,2026-11-04,0.53,0
2026-09-18T14:51:35,2026-09-18,DCI,HOLD,0,MACD Crossover,HIGH,4,23.83,86.05,2.55,0.0,7.25,0.0,0.0,2026-10-11,2.26,3.62,100.0,128.81,51.48,47.37,-4.04,23.3,3,2026-06-02 to 2026-09-17 (75 days),-1.0,31.6,0.1907,92.04,90.86,BULLISH,LOW,Strong trend (ADX=38); Last surprise: +1.8%,9.83,-1.0,1.0,-23,2026-08-26,1.77,0
2026-09-18T14:48:01,2026-09-18,HST,HOLD,0,VWAP Trend,MEDIUM,3,23.82,21.9,2.21,0.0,2.0,0.0,0.0,2026-09-20,0.96,1.49,66.7,1.77,10.47,22.98,-4.86,2.4,12,2026-06-02 to 2026-09-17 (75 days),-1.0,38.8,0.1643,23.24,20.46,BULLISH,LOW,Last surprise: +2.9%,10.0,-1.0,1.0,47,2026-11-04,2.94,0
2026-09-18T14:49:10,2026-09-18,ARMK,HOLD,0,Stochastic Oscillator,MEDIUM,3,23.8,56.89,3.6,0.0,5.4,0.0,0.0,2026-10-03,-0.22,-0.4,100.0,2.0,-2.03,-21.06,-2.93,15.0,1,2026-06-02 to 2026-09-17 (75 days),-1.0,44.4,0.2077,57.85,47.24,BULLISH,MEDIUM,Last surprise: +8.3%; Earnings conf adj: +1,9.03,-1.0,1.0,67,2026-11-24,8.33,1
2026-09-18T14:48:59,2026-09-18,XYZ,HOLD,0,Multi-Factor Momentum MR,HIGH,5,23.73,76.47,5.31,0.0,15.93,0.0,0.0,2026-11-06,1.32,2.21,100.0,134.89,54.41,43.35,-9.97,49.0,2,2026-06-02 to 2026-09-17 (75 days),-1.0,39.5,0.3652,80.49,69.43,BULLISH,MEDIUM,Last surprise: +17.2%; Earnings conf adj: +1,5.13,-1.0,1.0,52,2026-11-09,17.24,1
2026-09-18T14:48:06,2026-09-18,JCI,HOLD,0,VWAP Trend,HIGH,4,23.65,141.06,3.68,0.0,4.17,0.0,0.0,2026-09-21,0.9,1.25,55.6,1.68,17.67,18.96,-8.71,3.3,9,2026-06-02 to 2026-09-17 (75 days),-1.0,46.2,0.2916,144.64,135.44,BULLISH,MEDIUM,Last surprise: +9.2%; Earnings conf adj: +1,6.43,-1.0,1.0,47,2026-11-04,9.23,1
2026-09-18T14:47:44,2026-09-18,EL,HOLD,0,SMA Crossover (10/50),HIGH,4,23.39,93.86,5.1,0.0,7.65,0.0,0.0,2026-10-29,0.74,2.03,100.0,64.97,23.03,-28.18,-11.42,41.0,1,2026-06-02 to 2026-09-17 (75 days),-1.0,45.1,0.3569,90.71,91.92,BEARISH,MEDIUM,Last surprise: +21.9%; Earnings conf adj: +1,5.25,-1.0,1.0,45,2026-11-02,21.88,1
2026-09-18T14:49:33,2026-09-18,MOG-A,HOLD,0,VWAP Trend,LOW,0,23.36,355.63,4.51,0.0,3.38,0.0,0.0,2026-09-19,0.21,0.32,42.9,1.31,2.31,17.35,-7.01,1.9,7,2026-06-02 to 2026-09-17 (75 days),-1.0,34.2,0.3114,393.64,334.28,BULLISH,MEDIUM,Strong trend (ADX=51),6.02,-1.0,1.0,63,2026-11-20,,0
2026-09-18T14:51:16,2026-09-18,SR,BUY,1,Stochastic Oscillator,MEDIUM,2,23.33,80.34,2.4,78.41,3.6,83.23,9.88,2026-12-06,0.2,0.31,100.0,7.14,2.09,2.4,-6.86,79.0,1,2026-06-02 to 2026-09-17 (75 days),0.381,45.9,0.192,81.04,83.28,BEARISH,LOW,Size: Kelly 10.0% / VolTgt 9.8% / Blend 9.9%,9.76,-1.0,1.0,56,2026-11-13,,0
2026-09-18T14:48:06,2026-09-18,JKHY,EXIT,-1,VWAP Trend,HIGH,4,23.22,156.21,4.76,163.65,7.14,145.06,7.67,2026-09-28,2.89,4.88,50.0,10.17,99.98,37.82,-7.0,10.7,6,2026-06-02 to 2026-09-17 (75 days),-1.0,44.8,0.3514,157.39,158.29,BEARISH,MEDIUM,Last surprise: +6.3%; Earnings conf adj: +1; Size: Kelly 10.0% / VolTgt 5.3% / Blend 7.7%,5.34,-1.0,1.0,46,2026-11-03,6.25,1
2026-09-18T14:47:16,2026-09-18,AON,HOLD,0,VWAP Trend,LOW,0,23.17,296.05,7.24,0.0,11.57,0.0,0.0,2026-09-30,0.22,0.37,50.0,1.26,2.41,23.3,-7.31,12.2,4,2026-06-02 to 2026-09-17 (75 days),-1.0,29.9,0.4206,346.47,334.42,BULLISH,HIGH,RSI oversold; High volume; Strong trend (ADX=48); Last surprise: +0.3%,4.46,-1.0,1.0,42,2026-10-30,0.26,0
2026-09-18T14:51:23,2026-09-18,TCBI,EXIT,-1,VWAP Trend,MEDIUM,3,23.16,94.48,2.32,96.67,1.87,92.71,10.0,2026-09-20,0.74,1.24,60.0,1.75,4.0,20.26,-1.9,2.3,10,2026-06-02 to 2026-09-17 (75 days),-1.0,34.0,0.1563,99.51,98.34,BULLISH,LOW,Price at statistical extreme; Last surprise: +1.1%; Size: Kelly 10.0% / VolTgt 10.0% / Blend 10.0%,10.0,-1.0,1.0,33,2026-10-21,1.08,0
2026-09-18T14:48:43,2026-09-18,SYY,HOLD,0,ADX Trend Following,HIGH,4,23.15,79.11,3.48,0.0,7.86,0.0,0.0,2026-10-07,1.44,2.3,66.7,6.13,21.58,-6.22,-4.83,19.3,3,2026-06-02 to 2026-09-17 (75 days),-1.0,38.8,0.2272,82.65,78.92,BULLISH,MEDIUM,Last surprise: +1.3%,8.25,-1.0,1.0,46,2026-11-03,1.32,0
2026-09-18T14:47:15,2026-09-18,AMP,BUY,1,52-Week High Momentum,MEDIUM,2,22.83,545.7,3.4,527.15,8.5,592.08,9.23,2026-11-20,0.1,0.14,100.0,25.62,0.43,-101.4,-5.23,63.0,1,2026-06-02 to 2026-09-17 (75 days),0.31,46.1,0.2217,546.69,489.24,BULLISH,MEDIUM,Strong trend (ADX=32); Last surprise: +2.4%; Size: Kelly 10.0% / VolTgt 8.5% / Blend 9.2%,8.46,-1.0,1.0,41,2026-10-29,2.41,0
2026-09-18T14:50:40,2026-09-18,CLF,HOLD,0,VWAP Trend,MEDIUM,3,22.78,12.76,8.69,0.0,7.32,0.0,0.0,2026-09-21,1.02,2.02,50.0,1.74,43.15,82.1,-17.61,3.9,8,2026-06-02 to 2026-09-17 (75 days),-1.0,61.1,0.4705,11.4,11.43,BEARISH,HIGH,No special conditions,3.99,-1.0,1.0,31,2026-10-19,,0
2026-09-18T14:48:33,2026-09-18,PYPL,HOLD,0,Composite Multi-Indicator,MEDIUM,3,22.67,52.94,8.09,0.0,17.95,0.0,0.0,2026-10-05,-0.02,-0.03,100.0,6.7,-1.46,-85.27,-7.96,17.0,1,2026-06-02 to 2026-09-17 (75 days),-1.0,41.2,0.553,56.29,50.45,BULLISH,HIGH,Strong trend (ADX=34); Last surprise: +7.8%; Earnings conf adj: +1,3.39,-1.0,1.0,39,2026-10-27,7.81,1
2026-09-18T14:49:42,2026-09-18,AM,BUY,1,Stochastic Oscillator,HIGH,4,22.57,21.25,2.61,20.7,3.92,22.08,9.88,2026-10-09,1.84,3.1,66.7,98.17,35.16,30.89,-3.73,21.3,3,2026-06-02 to 2026-09-17 (75 days),0.663,36.5,0.1919,22.14,20.8,BULLISH,LOW,Strong trend (ADX=32); Size: Kelly 10.0% / VolTgt 9.8% / Blend 9.9%,9.77,-1.0,1.0,40,2026-10-28,,0
2026-09-18T14:50:42,2026-09-18,UBSI,HOLD,0,VWAP Trend,MEDIUM,3,22.4,47.02,2.04,0.0,1.64,0.0,0.0,2026-09-20,0.75,1.22,80.0,2.69,5.29,-32.61,-1.93,2.5,10,2026-06-02 to 2026-09-17 (75 days),-1.0,47.4,0.1317,47.41,42.89,BULLISH,LOW,No special conditions,10.0,-1.0,1.0,34,2026-10-22,,0
2026-09-18T14:49:50,2026-09-18,ORI,HOLD,1,VWAP Trend,LOW,1,22.38,40.5,2.06,39.67,1.42,41.08,0.0,2026-09-19,0.19,0.33,62.5,1.33,1.11,-40.81,-1.67,1.8,8,2026-06-02 to 2026-09-17 (75 days),-1.0,38.3,0.1343,41.86,40.47,BULLISH,LOW,No special conditions,7.0,-1.0,1.0,34,2026-10-22,,0
2026-09-18T14:47:38,2026-09-18,DD,HOLD,0,VWAP Trend,MEDIUM,2,22.31,128.46,3.86,0.0,3.22,0.0,0.0,2026-09-21,-0.6,-0.84,57.1,0.74,-8.84,25.48,-6.35,3.9,7,2026-06-02 to 2026-09-17 (75 days),-1.0,39.3,0.2068,136.2,136.11,BULLISH,MEDIUM,Strong trend (ADX=38); Last surprise: +6.8%; Earnings conf adj: +1,9.06,-1.0,1.0,48,2026-11-05,6.82,1
2026-09-18T14:49:46,2026-09-18,GMED,HOLD,0,VWAP Trend,HIGH,4,22.29,74.16,4.36,0.0,2.9,0.0,0.0,2026-09-19,1.11,1.8,62.5,1.92,20.93,37.64,-6.16,1.9,8,2026-06-02 to 2026-09-17 (75 days),-1.0,35.1,0.2676,80.11,85.4,BEARISH,MEDIUM,Strong trend (ADX=44),7.01,-1.0,1.0,48,2026-11-05,,0
2026-09-18T14:48:38,2026-09-18,SCHW,HOLD,0,MACD Crossover,HIGH,4,22.27,104.63,3.03,0.0,7.15,0.0,0.0,2026-10-04,2.29,3.87,75.0,3.81,53.32,-31.55,-5.36,16.2,4,2026-06-02 to 2026-09-17 (75 days),-1.0,40.1,0.2255,106.56,97.52,BULLISH,MEDIUM,Last surprise: +4.5%,8.31,-1.0,1.0,27,2026-10-15,4.52,0
2026-09-18T14:48:57,2026-09-18,WRB,HOLD,0,Momentum (Rate of Change),HIGH,5,22.07,70.1,2.26,0.0,7.12,0.0,0.0,2026-10-18,1.02,1.63,100.0,58.16,17.97,-14.13,-7.49,30.5,2,2026-06-02 to 2026-09-17 (75 days),-1.0,51.2,0.1636,70.93,68.46,BULLISH,LOW,High volume; Strong trend (ADX=38); Last surprise: +17.6%; Earnings conf adj: +1,10.0,-1.0,1.0,31,2026-10-19,17.59,1
2026-09-18T14:47:58,2026-09-18,HCA,HOLD,0,EMA Crossover (9/21),LOW,1,22.06,429.04,4.76,0.0,7.14,0.0,0.0,2026-10-08,-0.3,-0.42,66.7,0.66,-10.63,-82.53,-14.06,20.7,3,2026-06-02 to 2026-09-17 (75 days),-1.0,60.1,0.3187,405.21,447.31,BEARISH,MEDIUM,Last surprise: +1.2%,5.88,-1.0,1.0,35,2026-10-23,1.2,0
2026-09-18T14:51:33,2026-09-18,MZTI,HOLD,0,MACD Crossover,MEDIUM,3,22.03,101.25,4.87,0.0,7.3,0.0,0.0,2026-09-26,0.7,1.09,66.7,1.82,10.08,26.66,-5.74,8.7,3,2026-06-02 to 2026-09-17 (75 days),-1.0,37.1,0.3456,109.13,131.94,BEARISH,MEDIUM,Last surprise: +4.3%,5.43,-1.0,1.0,47,2026-11-04,4.29,0
2026-09-18T14:47:14,2026-09-18,AMCR,HOLD,1,Stochastic Oscillator,LOW,1,21.99,42.38,2.55,41.3,3.8,43.99,0.0,2026-09-24,-1.45,-1.88,100.0,0.42,-4.19,-50.94,-2.11,6.0,1,2026-06-02 to 2026-09-17 (75 days),-1.0,36.5,0.1971,44.66,41.61,BULLISH,LOW,Strong trend (ADX=37); Last surprise: +4.2%,7.0,-1.0,1.0,48,2026-11-05,4.24,0
2026-09-18T14:48:45,2026-09-18,TKO,HOLD,0,MACD Crossover,MEDIUM,2,21.85,189.3,4.42,0.0,6.63,0.0,0.0,2026-09-30,-1.26,-1.63,66.7,0.04,-25.56,-4.43,-9.49,12.7,3,2026-06-02 to 2026-09-17 (75 days),-1.0,49.6,0.331,187.49,195.91,BEARISH,MEDIUM,Strong trend (ADX=32); Last surprise: +22.9%; Earnings conf adj: +1,5.66,-1.0,1.0,47,2026-11-04,22.94,1
2026-09-18T14:47:25,2026-09-18,C,HOLD,0,Stochastic Oscillator,MEDIUM,2,21.79,132.7,4.29,0.0,6.44,0.0,0.0,2026-10-15,0.38,0.52,50.0,2.46,5.83,0.24,-10.33,27.5,2,2026-06-02 to 2026-09-17 (75 days),-1.0,43.3,0.2063,134.33,123.7,BULLISH,MEDIUM,Last surprise: +15.9%; Earnings conf adj: +1,9.09,-1.0,1.0,25,2026-10-13,15.87,1
2026-09-18T14:49:00,2026-09-18,TWLO,EXIT,-1,VWAP Trend,HIGH,5,21.7,246.24,8.14,266.28,6.03,231.39,7.12,2026-09-21,1.06,3.03,60.0,2.49,52.66,25.19,-11.4,3.0,5,2026-06-02 to 2026-09-17 (75 days),-1.0,60.7,0.442,219.93,167.65,BULLISH,HIGH,Last surprise: +11.4%; Earnings conf adj: +1; Size: Kelly 10.0% / VolTgt 4.2% / Blend 7.1%,4.24,-1.0,1.0,41,2026-10-29,11.36,1
2026-09-18T14:50:01,2026-09-18,SPXC,HOLD,0,VWAP Trend,LOW,1,21.64,179.7,5.37,0.0,4.83,0.0,0.0,2026-09-21,-0.25,-0.32,71.4,0.98,-5.88,51.02,-9.76,3.7,7,2026-06-02 to 2026-09-17 (75 days),-1.0,32.4,0.3191,206.16,213.59,BEARISH,MEDIUM,Strong trend (ADX=56),5.88,-1.0,1.0,40,2026-10-28,,0
2026-09-18T14:47:21,2026-09-18,BAX,HOLD,0,MACD Crossover,HIGH,4,21.33,23.02,5.17,0.0,6.96,0.0,0.0,2026-10-07,0.95,1.7,100.0,71.87,25.82,-78.14,-8.7,19.5,2,2026-06-02 to 2026-09-17 (75 days),-1.0,30.1,0.2002,24.99,20.56,BULLISH,MEDIUM,Strong trend (ADX=46); Last surprise: +51.4%; Earnings conf adj: +1,9.36,-1.0,1.0,41,2026-10-29,51.35,1
2026-09-18T14:51:30,2026-09-18,ASH,HOLD,0,MACD Crossover,MEDIUM,3,21.12,69.77,4.49,0.0,5.11,0.0,0.0,2026-09-27,0.82,1.82,100.0,30.18,9.6,-86.51,-4.05,9.5,2,2026-06-02 to 2026-09-17 (75 days),-1.0,41.0,0.2106,71.05,61.32,BULLISH,MEDIUM,Strong trend (ADX=38); Last surprise: +4.1%,8.9,-1.0,1.0,46,2026-11-03,4.08,0
2026-09-18T14:47:28,2026-09-18,CHRW,HOLD,0,MACD Crossover,LOW,1,20.82,153.82,3.63,0.0,5.45,0.0,0.0,2026-10-12,0.19,0.24,50.0,1.18,1.38,39.55,-16.87,24.0,2,2026-06-02 to 2026-09-17 (75 days),-1.0,51.4,0.2839,162.11,171.4,BEARISH,MEDIUM,Last surprise: +5.9%; Earnings conf adj: +1,6.6,-1.0,1.0,40,2026-10-28,5.92,1
2026-09-18T14:51:23,2026-09-18,NWE,HOLD,0,Stochastic Oscillator,MEDIUM,2,20.82,69.3,2.29,0.0,3.44,0.0,0.0,2026-11-01,-0.02,-0.03,100.0,0.33,-0.9,-4.95,-5.29,44.0,1,2026-06-02 to 2026-09-17 (75 days),-1.0,46.4,0.1795,70.45,68.05,BULLISH,LOW,Last surprise: +16.3%; Earnings conf adj: +1,10.0,-1.0,1.0,40,2026-10-28,16.28,1
2026-09-18T14:48:03,2026-09-18,IFF,HOLD,0,Momentum (Rate of Change),MEDIUM,3,20.71,84.91,2.26,0.0,4.52,0.0,0.0,2026-10-29,1.1,1.98,100.0,85.72,30.59,-37.86,-10.93,41.5,2,2026-06-02 to 2026-09-17 (75 days),-1.0,53.0,0.1595,82.17,74.88,BULLISH,LOW,Last surprise: -26.8%; Earnings conf adj: -1,10.0,-1.0,1.0,46,2026-11-03,-26.79,-1
2026-09-18T14:51:21,2026-09-18,TREX,HOLD,0,PEAD Earnings Drift,MEDIUM,2,20.58,43.41,5.42,0.0,13.55,0.0,0.0,2026-12-26,0.3,0.51,100.0,13.49,4.31,-11.39,-15.31,99.0,1,2026-06-02 to 2026-09-17 (75 days),-1.0,41.1,0.3342,45.69,41.6,BULLISH,MEDIUM,Strong trend (ADX=32); Last surprise: -1.6%,5.61,-1.0,1.0,47,2026-11-04,-1.59,0
2026-09-18T14:49:29,2026-09-18,AR,HOLD,0,ADX Trend Following,LOW,0,20.41,35.59,4.85,0.0,7.44,0.0,0.0,2026-09-25,0.0,0.0,50.0,1.03,-2.28,3.87,-9.71,7.3,6,2026-06-02 to 2026-09-17 (75 days),-1.0,36.2,0.3498,36.49,36.41,BULLISH,MEDIUM,Price at statistical extreme; Strong trend (ADX=33),5.36,-1.0,1.0,40,2026-10-28,,0
2026-09-18T14:49:10,2026-09-18,WMG,HOLD,0,Stochastic Oscillator,MEDIUM,2,20.34,27.95,4.66,0.0,6.99,0.0,0.0,2026-10-17,0.42,0.61,50.0,1.75,7.17,33.5,-12.45,29.0,2,2026-06-02 to 2026-09-17 (75 days),-1.0,50.3,0.2948,27.4,28.29,BEARISH,MEDIUM,Strong trend (ADX=37); Last surprise: +30.8%; Earnings conf adj: +1,6.36,-1.0,1.0,62,2026-11-19,30.77,1
2026-09-18T14:47:22,2026-09-18,BKNG,HOLD,0,MACD Crossover,HIGH,4,20.24,170.52,5.77,0.0,12.35,0.0,0.0,2026-10-09,1.11,1.99,100.0,57.12,19.99,11.28,-4.51,21.0,1,2026-06-02 to 2026-09-17 (75 days),-1.0,29.3,0.3421,192.71,184.22,BULLISH,MEDIUM,RSI oversold; Strong trend (ADX=48); Last surprise: +4.5%,5.48,-1.0,1.0,39,2026-10-27,4.53,0
2026-09-18T14:48:08,2026-09-18,KDP,BUY,1,PEAD Earnings Drift,MEDIUM,3,20.09,31.43,3.05,30.47,6.1,33.35,9.64,2026-10-31,0.61,0.92,50.0,3.33,13.86,-1.41,-12.49,43.5,2,2026-06-02 to 2026-09-17 (75 days),0.714,47.9,0.2021,31.16,29.04,BULLISH,MEDIUM,Last surprise: +5.6%; Earnings conf adj: +1; Size: Kelly 10.0% / VolTgt 9.3% / Blend 9.6%,9.28,-1.0,1.0,38,2026-10-26,5.56,1
2026-09-18T14:47:51,2026-09-18,FIS,HOLD,0,ADX Trend Following,HIGH,4,19.78,36.43,5.22,0.0,7.83,0.0,0.0,2026-10-04,1.28,2.23,66.7,6.52,37.78,73.93,-12.23,16.7,3,2026-06-02 to 2026-09-17 (75 days),-1.0,31.2,0.3174,41.07,47.44,BEARISH,MEDIUM,Last surprise: +0.7%,5.91,-1.0,1.0,47,2026-11-04,0.68,0
2026-09-18T14:47:46,2026-09-18,EQT,HOLD,1,VWAP Trend,LOW,1,19.55,50.35,4.41,48.13,5.5,53.12,0.0,2026-09-26,0.08,0.15,57.1,1.13,-0.74,22.94,-10.02,8.9,7,2026-06-02 to 2026-09-17 (75 days),-1.0,29.7,0.2341,52.77,55.68,BEARISH,MEDIUM,RSI oversold; Price at statistical extreme; Strong trend (ADX=33); Last surprise: -2.5%,7.0,-1.0,1.0,32,2026-10-20,-2.5,0
2026-09-18T14:47:30,2026-09-18,CL,HOLD,0,VWAP Trend,MEDIUM,3,19.43,87.73,2.12,0.0,2.44,0.0,0.0,2026-09-21,1.13,2.07,50.0,2.71,14.09,14.23,-3.12,3.9,8,2026-06-02 to 2026-09-17 (75 days),-1.0,41.2,0.1572,90.86,87.32,BULLISH,LOW,Last surprise: +4.2%,10.0,-1.0,1.0,42,2026-10-30,4.21,0
2026-09-18T14:51:04,2026-09-18,BKH,HOLD,0,ADX Trend Following,LOW,1,19.37,71.32,2.23,0.0,3.34,0.0,0.0,2026-10-04,-0.32,-0.46,66.7,0.54,-4.93,-4.7,-6.35,16.3,3,2026-06-02 to 2026-09-17 (75 days),-1.0,45.0,0.1798,72.85,71.49,BULLISH,LOW,No special conditions,7.0,-1.0,1.0,47,2026-11-04,,0
2026-09-18T14:48:25,2026-09-18,NWSA,HOLD,0,MACD Crossover,MEDIUM,2,19.32,30.18,3.09,0.0,5.51,0.0,0.0,2026-09-29,-0.27,-0.35,60.0,0.77,-6.74,-66.08,-9.41,11.0,5,2026-06-02 to 2026-09-17 (75 days),-1.0,54.9,0.2111,29.01,26.27,BULLISH,MEDIUM,Strong trend (ADX=31); Last surprise: +52.2%; Earnings conf adj: +1,8.88,-1.0,1.0,48,2026-11-05,52.17,1
2026-09-18T14:49:03,2026-09-18,CRS,HOLD,0,ADX Trend Following,MEDIUM,3,19.3,406.71,6.38,0.0,4.72,0.0,0.0,2026-09-21,2.81,9.69,50.0,248.49,49.66,95.53,-2.4,3.5,2,2026-06-02 to 2026-09-17 (75 days),-1.0,23.0,0.3206,518.81,436.63,BULLISH,MEDIUM,RSI oversold; Strong trend (ADX=75); Last surprise: +4.9%,5.85,-1.0,1.0,34,2026-10-22,4.87,0
2026-09-18T14:47:12,2026-09-18,ALB,HOLD,1,Stochastic Oscillator,LOW,1,19.21,115.05,9.82,103.75,14.73,132.0,0.0,2026-10-24,-1.99,-2.8,50.0,0.06,-59.12,14.82,-33.6,36.0,2,2026-06-02 to 2026-09-17 (75 days),-1.0,37.7,0.5118,125.31,155.47,BEARISH,HIGH,Strong trend (ADX=45); Last surprise: +15.7%; Earnings conf adj: +1,3.66,-1.0,1.0,47,2026-11-04,15.74,1
2026-09-18T14:48:26,2026-09-18,OKE,HOLD,0,Momentum (Rate of Change),MEDIUM,3,19.16,93.22,4.15,0.0,8.3,0.0,0.0,2026-10-31,0.31,0.49,100.0,20.35,4.6,-28.58,-6.37,43.0,2,2026-06-02 to 2026-09-17 (75 days),-1.0,46.6,0.2277,92.43,84.39,BULLISH,MEDIUM,Last surprise: +5.5%; Earnings conf adj: +1,8.23,-1.0,1.0,39,2026-10-27,5.52,1
2026-09-18T14:48:19,2026-09-18,MPWR,BUY,1,VWAP Trend,HIGH,5,19.15,1169.58,5.45,1105.84,5.38,1232.5,7.42,2026-09-21,1.37,2.45,70.0,5.84,54.69,121.89,-8.95,3.1,10,2026-06-02 to 2026-09-17 (75 days),0.627,38.6,0.3877,1306.19,1259.76,BULLISH,MEDIUM,Strong trend (ADX=34); Last surprise: +10.5%; Earnings conf adj: +1; Size: Kelly 10.0% / VolTgt 4.8% / Blend 7.4%,4.84,-1.0,1.0,41,2026-10-29,10.54,1
2026-09-18T14:47:20,2026-09-18,BAC,EXIT,-1,VWAP Trend,MEDIUM,2,19.07,58.18,3.61,60.28,2.81,56.55,8.72,2026-09-20,-0.48,-0.59,60.0,0.99,-3.8,-50.92,-2.82,2.1,10,2026-06-02 to 2026-09-17 (75 days),-1.0,31.3,0.2459,61.71,54.67,BULLISH,MEDIUM,Price at statistical extreme; Strong trend (ADX=37); Last surprise: +8.0%; Earnings conf adj: +1; Size: Kelly 9.8% / VolTgt 7.6% / Blend 8.7%,7.63,-1.0,1.0,26,2026-10-14,8.04,1
2026-09-18T14:51:25,2026-09-18,KRC,HOLD,0,VWAP Trend,HIGH,5,18.98,34.42,2.95,0.0,1.66,0.0,0.0,2026-09-19,1.21,2.13,62.5,3.2,9.35,9.54,-2.39,1.6,8,2026-06-02 to 2026-09-17 (75 days),-1.0,31.2,0.1665,37.42,34.56,BULLISH,LOW,High volume; Strong trend (ADX=42); Last surprise: +41.7%; Earnings conf adj: +1,10.0,-1.0,1.0,38,2026-10-26,41.67,1
2026-09-18T14:49:11,2026-09-18,PNFP,HOLD,1,VWAP Trend,LOW,0,18.83,96.77,4.06,92.84,3.06,99.73,0.0,2026-09-21,-0.12,-0.17,50.0,1.09,-1.88,-4.98,-3.84,3.0,8,2026-06-02 to 2026-09-17 (75 days),-1.0,37.5,0.2243,101.91,96.23,BULLISH,MEDIUM,Strong trend (ADX=41); Last surprise: +1.6%,7.0,-1.0,1.0,26,2026-10-14,1.63,0
2026-09-18T14:50:49,2026-09-18,RYN,HOLD,0,ADX Trend Following,MEDIUM,2,18.83,20.0,2.74,0.0,3.12,0.0,0.0,2026-09-24,0.34,0.61,66.7,15.2,3.51,9.79,-4.27,6.3,3,2026-06-02 to 2026-09-17 (75 days),-1.0,40.3,0.1579,20.91,20.88,BULLISH,LOW,No special conditions,10.0,-1.0,1.0,47,2026-11-04,,0
2026-09-18T14:49:14,2026-09-18,CACI,HOLD,0,EMA Crossover (9/21),HIGH,5,18.69,635.0,4.37,0.0,13.11,0.0,0.0,2026-11-07,2.18,6.88,100.0,300.79,143.01,51.63,-10.77,50.0,1,2026-06-02 to 2026-09-17 (75 days),-1.0,56.8,0.3044,576.15,560.94,BULLISH,MEDIUM,Last surprise: +23.2%; Earnings conf adj: +1,6.16,-1.0,1.0,33,2026-10-21,23.24,1
2026-09-18T14:48:47,2026-09-18,TRMB,HOLD,0,ADX Trend Following,HIGH,5,18.35,57.33,4.11,0.0,6.17,0.0,0.0,2026-11-14,1.56,2.8,100.0,123.12,47.93,50.33,-6.89,57.0,1,2026-06-02 to 2026-09-17 (75 days),-1.0,46.1,0.2466,56.98,64.0,BEARISH,MEDIUM,Last surprise: +7.5%; Earnings conf adj: +1,7.6,-1.0,1.0,47,2026-11-04,7.5,1
2026-09-18T14:51:18,2026-09-18,KBR,HOLD,0,Composite Multi-Indicator,HIGH,5,18.25,36.7,3.94,0.0,5.91,0.0,0.0,2026-11-06,1.24,2.04,100.0,71.6,26.1,12.99,-6.32,49.0,1,2026-06-02 to 2026-09-17 (75 days),-1.0,48.3,0.2013,36.73,37.75,BEARISH,MEDIUM,Last surprise: +10.0%; Earnings conf adj: +1,9.31,-1.0,1.0,34,2026-10-22,10.0,1
2026-09-18T14:51:14,2026-09-18,FBIN,HOLD,0,ADX Trend Following,HIGH,4,18.2,39.75,5.59,0.0,10.1,0.0,0.0,2026-10-05,2.33,5.33,66.7,133.06,143.04,136.18,-11.11,17.7,3,2026-06-02 to 2026-09-17 (75 days),-1.0,32.5,0.3049,46.91,46.43,BULLISH,MEDIUM,Strong trend (ADX=56),6.15,-1.0,1.0,55,2026-11-12,,0
2026-09-18T14:51:20,2026-09-18,CUZ,HOLD,0,MACD Crossover,HIGH,4,17.84,28.29,2.73,0.0,4.94,0.0,0.0,2026-09-29,1.14,1.82,100.0,47.47,16.17,-0.49,-5.2,11.7,3,2026-06-02 to 2026-09-17 (75 days),-1.0,40.6,0.1835,30.01,26.2,BULLISH,LOW,Strong trend (ADX=37),10.0,-1.0,1.0,41,2026-10-29,,0
2026-09-18T14:47:10,2026-09-18,ADI,HOLD,0,Stochastic Oscillator,LOW,1,17.69,362.65,4.37,0.0,6.55,0.0,0.0,2026-10-16,0.18,0.27,50.0,1.77,1.31,41.59,-10.69,28.0,2,2026-06-02 to 2026-09-17 (75 days),-1.0,46.1,0.2984,372.9,351.31,BULLISH,MEDIUM,Last surprise: +3.3%,6.28,-1.0,1.0,67,2026-11-24,3.29,0
2026-09-18T14:49:44,2026-09-18,ALSN,HOLD,0,EMA Crossover (9/21),LOW,1,17.62,119.76,5.06,0.0,7.59,0.0,0.0,2026-10-10,0.16,0.23,66.7,1.28,0.17,-11.7,-11.86,22.7,3,2026-06-02 to 2026-09-17 (75 days),-1.0,40.8,0.3263,122.12,115.91,BULLISH,MEDIUM,No special conditions,5.75,-1.0,1.0,41,2026-10-29,,0
2026-09-18T14:47:24,2026-09-18,BSX,HOLD,0,EMA Crossover (9/21),MEDIUM,3,17.54,43.55,7.77,0.0,11.65,0.0,0.0,2026-10-20,0.86,1.21,100.0,49.0,17.29,43.84,-10.27,32.0,1,2026-06-02 to 2026-09-17 (75 days),-1.0,38.4,0.4492,46.87,64.57,BEARISH,HIGH,Strong trend (ADX=32); Last surprise: +3.6%,4.17,-1.0,1.0,40,2026-10-28,3.61,0
2026-09-18T14:48:58,2026-09-18,XOM,HOLD,0,Momentum (Rate of Change),HIGH,5,17.52,163.27,3.57,0.0,10.71,0.0,0.0,2026-11-22,2.01,3.61,100.0,131.59,45.69,7.89,-5.84,65.0,1,2026-06-02 to 2026-09-17 (75 days),-1.0,53.4,0.2615,156.73,145.09,BULLISH,MEDIUM,Last surprise: +13.2%; Earnings conf adj: +1,7.17,-1.0,1.0,42,2026-10-30,13.22,1
2026-09-18T14:49:31,2026-09-18,FHN,HOLD,0,VWAP Trend,LOW,1,17.49,24.01,2.34,0.0,1.99,0.0,0.0,2026-09-20,0.28,0.4,60.0,1.47,1.84,-3.09,-2.63,2.3,10,2026-06-02 to 2026-09-17 (75 days),-1.0,40.2,0.1663,25.04,24.05,BULLISH,LOW,No special conditions,7.0,-1.0,1.0,26,2026-10-14,,0
2026-09-18T14:48:30,2026-09-18,PKG,HOLD,0,VWAP Trend,HIGH,4,17.29,235.57,3.66,0.0,3.42,0.0,0.0,2026-09-21,1.55,6.35,66.7,6.77,29.04,6.49,-3.56,3.3,6,2026-06-02 to 2026-09-17 (75 days),-1.0,48.0,0.239,240.25,221.68,BULLISH,MEDIUM,Strong trend (ADX=35); Last surprise: +1.7%,7.84,-1.0,1.0,33,2026-10-21,1.73,0
2026-09-18T14:50:30,2026-09-18,GAP,HOLD,0,MACD Crossover,LOW,1,17.28,20.87,10.34,0.0,15.51,0.0,0.0,2026-10-09,-0.08,-0.14,66.7,0.72,-8.46,-4.57,-11.94,21.0,3,2026-06-02 to 2026-09-17 (75 days),-1.0,48.8,0.6275,20.58,23.49,BEARISH,HIGH,No special conditions,2.99,-1.0,1.0,62,2026-11-19,,0
2026-09-18T14:47:19,2026-09-18,AVGO,HOLD,0,VWAP Trend,LOW,0,17.26,347.3,4.62,0.0,3.78,0.0,0.0,2026-09-20,-1.33,-1.61,50.0,0.45,-13.78,53.19,-6.37,2.2,6,2026-06-02 to 2026-09-17 (75 days),-1.0,38.5,0.3234,380.63,368.52,BULLISH,MEDIUM,Strong trend (ADX=36); Last surprise: +1.7%,5.8,-1.0,1.0,82,2026-12-09,1.67,0
2026-09-18T14:47:33,2026-09-18,COIN,BUY,1,VWAP Trend,LOW,1,17.25,173.97,12.0,153.09,18.0,205.28,4.5,2026-10-01,0.6,0.94,50.0,1.53,20.03,20.07,-17.03,13.5,6,2026-06-02 to 2026-09-17 (75 days),0.286,50.4,0.9418,165.94,189.55,BEARISH,HIGH,Last surprise: -491.3%; Earnings conf adj: -1; Size: Kelly 7.0% / VolTgt 2.0% / Blend 4.5%,1.99,-1.0,1.0,41,2026-10-29,-491.3,-1
2026-09-18T14:51:19,2026-09-18,ALK,HOLD,0,ADX Trend Following,HIGH,5,17.2,40.01,4.96,0.0,7.44,0.0,0.0,2026-09-28,1.19,1.93,75.0,2.99,31.42,58.57,-11.75,10.2,4,2026-06-02 to 2026-09-17 (75 days),-1.0,39.0,0.3174,44.8,45.89,BEARISH,MEDIUM,Strong trend (ADX=31); Last surprise: +7.1%; Earnings conf adj: +1,5.91,-1.0,1.0,34,2026-10-22,7.07,1
2026-09-18T14:47:25,2026-09-18,BXP,EXIT,-1,VWAP Trend,HIGH,4,17.12,63.93,3.42,66.12,3.08,61.96,8.48,2026-09-20,0.7,1.28,57.1,2.68,7.73,-12.45,-3.91,2.1,7,2026-06-02 to 2026-09-17 (75 days),-1.0,37.8,0.2697,68.06,62.44,BULLISH,MEDIUM,Strong trend (ADX=35); Last surprise: +16.3%; Earnings conf adj: +1; Size: Kelly 10.0% / VolTgt 7.0% / Blend 8.5%,6.95,-1.0,1.0,39,2026-10-27,16.28,1
2026-09-18T14:51:42,2026-09-18,XLF,EXIT,-1,Momentum (Rate of Change),HIGH,4,16.98,55.88,1.63,56.79,5.71,52.69,10.0,2026-12-17,1.9,3.03,100.0,68.91,24.17,-9.81,-3.18,90.0,1,2026-06-02 to 2026-09-17 (75 days),-1.0,37.1,0.1364,57.17,53.43,BULLISH,LOW,Price at statistical extreme; Strong trend (ADX=30); Size: Kelly 10.0% / VolTgt 10.0% / Blend 10.0%,10.0,-1.0,1.0,-1,,,0
2026-09-18T14:51:17,2026-09-18,GNTX,HOLD,0,Stochastic Oscillator,LOW,0,16.97,22.46,3.26,0.0,4.89,0.0,0.0,2026-10-14,-0.17,-0.27,50.0,0.61,-5.37,20.33,-8.07,26.0,2,2026-06-02 to 2026-09-17 (75 days),-1.0,40.7,0.2142,23.46,23.29,BULLISH,MEDIUM,No special conditions,7.0,-1.0,1.0,35,2026-10-23,,0
2026-09-18T14:50:42,2026-09-18,HLNE,EXIT,-1,Momentum (Rate of Change),HIGH,4,16.83,88.3,6.72,94.23,10.08,79.4,7.96,2026-11-20,1.77,3.25,100.0,182.62,69.86,52.45,-12.24,63.0,1,2026-06-02 to 2026-09-17 (75 days),-1.0,30.3,0.3168,95.69,104.52,BEARISH,MEDIUM,Price at statistical extreme; Strong trend (ADX=45); Size: Kelly 10.0% / VolTgt 5.9% / Blend 8.0%,5.92,-1.0,1.0,46,2026-11-03,,0
2026-09-18T14:50:13,2026-09-18,COLB,HOLD,0,VWAP Trend,LOW,1,16.81,29.94,2.8,0.0,2.07,0.0,0.0,2026-09-20,0.42,0.56,66.7,1.45,2.98,-10.84,-2.98,2.3,9,2026-06-02 to 2026-09-17 (75 days),-1.0,44.2,0.1732,30.97,29.12,BULLISH,LOW,Strong trend (ADX=32),7.0,-1.0,1.0,41,2026-10-29,,0
2026-09-18T14:51:12,2026-09-18,SLM,EXIT,-1,SMA Crossover (10/50),HIGH,4,16.79,24.99,4.5,26.11,13.04,21.73,8.16,2026-10-19,1.8,2.94,100.0,154.87,64.8,5.83,-10.5,31.3,3,2026-06-02 to 2026-09-17 (75 days),-1.0,39.9,0.296,26.07,24.18,BULLISH,MEDIUM,Price at statistical extreme; Size: Kelly 10.0% / VolTgt 6.3% / Blend 8.2%,6.33,-1.0,1.0,34,2026-10-22,,0
2026-09-18T14:48:07,2026-09-18,JPM,HOLD,0,Momentum (Rate of Change),HIGH,5,16.77,349.31,2.4,0.0,7.2,0.0,0.0,2026-12-24,1.71,2.55,100.0,93.05,34.89,-33.76,-4.45,97.0,1,2026-06-02 to 2026-09-17 (75 days),-1.0,43.9,0.1492,352.92,318.48,BULLISH,LOW,Last surprise: +5.9%; Earnings conf adj: +1,10.0,-1.0,1.0,25,2026-10-13,5.86,1
2026-09-18T14:48:14,2026-09-18,MA,EXIT,-1,Momentum (Rate of Change),HIGH,5,16.77,565.73,1.76,575.69,5.28,535.86,10.0,2026-12-11,2.47,4.62,100.0,152.07,58.59,-20.34,-5.68,84.0,1,2026-06-02 to 2026-09-17 (75 days),-1.0,44.6,0.1811,565.42,530.42,BULLISH,LOW,Last surprise: +5.4%; Earnings conf adj: +1; Size: Kelly 10.0% / VolTgt 10.0% / Blend 10.0%,10.0,-1.0,1.0,41,2026-10-29,5.44,1
2026-09-18T14:51:22,2026-09-18,BDC,BUY,1,VWAP Trend,HIGH,5,16.75,111.94,9.01,101.85,9.27,122.32,6.86,2026-09-23,1.25,1.97,83.3,2.19,34.73,26.38,-9.14,5.5,6,2026-06-02 to 2026-09-17 (75 days),0.198,42.3,0.5022,117.01,119.65,BEARISH,HIGH,Last surprise: +15.8%; Earnings conf adj: +1; Size: Kelly 10.0% / VolTgt 3.7% / Blend 6.9%,3.73,-1.0,1.0,41,2026-10-29,15.84,1
2026-09-18T14:49:25,2026-09-18,AFG,HOLD,0,Momentum (Rate of Change),HIGH,4,16.74,142.87,1.67,0.0,5.01,0.0,0.0,2026-12-05,1.4,2.43,100.0,70.1,22.96,-22.52,-3.21,78.0,1,2026-06-02 to 2026-09-17 (75 days),-1.0,49.9,0.1273,143.01,133.43,BULLISH,LOW,No special conditions,10.0,-1.0,1.0,46,2026-11-03,,0
2026-09-18T14:48:05,2026-09-18,J,HOLD,0,Momentum (Rate of Change),HIGH,4,16.72,144.16,2.56,0.0,7.68,0.0,0.0,2026-12-25,2.1,3.44,100.0,170.63,68.02,-10.29,-7.2,98.0,1,2026-06-02 to 2026-09-17 (75 days),-1.0,50.2,0.1788,140.8,132.35,BULLISH,LOW,Last surprise: +0.5%,10.0,-1.0,1.0,62,2026-11-19,0.55,0
2026-09-18T14:49:28,2026-09-18,AIT,EXIT,-1,52-Week High Momentum,HIGH,4,16.68,316.98,3.81,329.06,13.34,274.69,8.88,2026-12-11,1.26,1.83,100.0,93.26,29.14,18.7,-8.21,84.0,1,2026-06-02 to 2026-09-17 (75 days),-1.0,37.6,0.2414,337.57,298.6,BULLISH,MEDIUM,Strong trend (ADX=51); Size: Kelly 10.0% / VolTgt 7.8% / Blend 8.9%,7.77,-1.0,1.0,39,2026-10-27,,0
2026-09-18T14:48:02,2026-09-18,IBM,HOLD,0,Stochastic Oscillator,HIGH,4,16.62,237.75,4.29,0.0,6.44,0.0,0.0,2026-10-02,3.04,7.96,100.0,188.39,77.11,143.29,-3.63,14.5,2,2026-06-02 to 2026-09-17 (75 days),-1.0,50.5,0.3489,232.78,256.91,BEARISH,MEDIUM,Last surprise: +0.0%,5.37,-1.0,1.0,33,2026-10-21,0.0,0
2026-09-18T14:48:20,2026-09-18,MSI,HOLD,0,Momentum (Rate of Change),HIGH,5,16.6,459.68,2.41,0.0,7.23,0.0,0.0,2026-11-23,1.45,3.12,100.0,96.08,35.71,-8.16,-6.38,66.0,1,2026-06-02 to 2026-09-17 (75 days),-1.0,46.2,0.1787,451.03,424.05,BULLISH,LOW,Last surprise: +14.5%; Earnings conf adj: +1,10.0,-1.0,1.0,48,2026-11-05,14.55,1
2026-09-18T14:47:46,2026-09-18,EQIX,HOLD,0,ADX Trend Following,LOW,1,16.57,1025.94,3.95,0.0,5.88,0.0,0.0,2026-09-27,-0.41,-0.59,50.0,0.76,-8.66,3.77,-8.58,9.2,4,2026-06-02 to 2026-09-17 (75 days),-1.0,46.4,0.2464,1041.23,963.78,BULLISH,MEDIUM,Last surprise: +6.2%; Earnings conf adj: +1,7.0,-1.0,1.0,40,2026-10-28,6.25,1
2026-09-18T14:47:34,2026-09-18,CPRT,HOLD,0,EMA Crossover (9/21),MEDIUM,2,16.51,29.66,6.05,0.0,9.07,0.0,0.0,2026-11-03,0.96,1.95,100.0,72.05,26.3,38.93,-12.76,46.0,1,2026-06-02 to 2026-09-17 (75 days),-1.0,40.3,0.3959,30.4,34.09,BEARISH,MEDIUM,Price at statistical extreme; Strong trend (ADX=35); Last surprise: -7.9%; Earnings conf adj: -1,4.74,-1.0,1.0,62,2026-11-19,-7.89,-1
2026-09-18T14:48:24,2026-09-18,NSC,BUY,1,Stochastic Oscillator,HIGH,4,16.5,318.97,2.19,311.98,3.29,329.46,10.0,2026-10-04,0.77,1.15,66.7,2.37,9.28,-5.47,-4.41,16.3,3,2026-06-02 to 2026-09-17 (75 days),0.377,33.5,0.1546,335.04,308.35,BULLISH,LOW,Strong trend (ADX=58); Last surprise: +6.0%; Earnings conf adj: +1; Size: Kelly 10.0% / VolTgt 10.0% / Blend 10.0%,10.0,-1.0,1.0,34,2026-10-22,6.02,1
2026-09-18T14:48:48,2026-09-18,TSN,HOLD,0,PEAD Earnings Drift,MEDIUM,3,16.46,52.26,3.91,0.0,5.87,0.0,0.0,2026-11-18,0.77,1.28,100.0,43.14,15.07,49.06,-5.57,61.0,1,2026-06-02 to 2026-09-17 (75 days),-1.0,37.6,0.3003,56.23,59.36,BEARISH,MEDIUM,Last surprise: +0.0%,6.24,-1.0,1.0,52,2026-11-09,0.0,0
2026-09-18T14:47:23,2026-09-18,BMY,EXIT,-1,Momentum (Rate of Change),HIGH,5,16.35,62.84,3.16,64.83,9.48,56.88,9.38,2026-11-22,1.89,2.81,100.0,134.98,46.68,-22.47,-5.97,65.0,1,2026-06-02 to 2026-09-17 (75 days),-1.0,39.3,0.2139,63.91,58.02,BULLISH,MEDIUM,High volume; Last surprise: +27.5%; Earnings conf adj: +1; Size: Kelly 10.0% / VolTgt 8.8% / Blend 9.4%,8.77,-1.0,1.0,41,2026-10-29,27.5,1
2026-09-18T14:48:58,2026-09-18,WY,HOLD,0,EMA Crossover (9/21),MEDIUM,3,16.09,21.66,2.6,0.0,3.9,0.0,0.0,2026-10-09,0.16,0.29,100.0,5.95,1.36,30.47,-8.63,21.0,1,2026-06-02 to 2026-09-17 (75 days),-1.0,28.8,0.1483,23.69,23.87,BEARISH,LOW,RSI oversold; Strong trend (ADX=68); Last surprise: +62.5%; Earnings conf adj: +1,10.0,-1.0,1.0,41,2026-10-29,62.5,1
2026-09-18T14:47:59,2026-09-18,HII,HOLD,0,EMA Crossover (9/21),HIGH,4,16.01,277.14,2.99,0.0,4.49,0.0,0.0,2026-10-15,0.55,1.54,100.0,37.34,12.89,29.47,-12.08,27.0,1,2026-06-02 to 2026-09-17 (75 days),-1.0,32.8,0.1838,295.54,343.89,BEARISH,LOW,Strong trend (ADX=48); Last surprise: +38.0%; Earnings conf adj: +1,10.0,-1.0,1.0,41,2026-10-29,37.96,1
2026-09-18T14:47:57,2026-09-18,GRMN,BUY,1,VWAP Trend,HIGH,4,15.95,275.35,3.41,265.96,2.72,282.84,9.28,2026-09-20,1.54,5.89,50.0,3.66,56.9,-4.96,-5.41,2.5,8,2026-06-02 to 2026-09-17 (75 days),0.329,43.9,0.2189,277.45,239.87,BULLISH,MEDIUM,Last surprise: +22.7%; Earnings conf adj: +1; Size: Kelly 10.0% / VolTgt 8.6% / Blend 9.3%,8.57,-1.0,1.0,40,2026-10-28,22.71,1
2026-09-18T14:49:04,2026-09-18,WWD,EXIT,-1,VWAP Trend,HIGH,4,15.93,319.56,4.86,335.09,3.31,308.98,8.16,2026-09-20,2.51,7.03,60.0,3.99,43.85,66.35,-2.88,2.0,10,2026-06-02 to 2026-09-17 (75 days),-1.0,32.1,0.2968,364.24,361.37,BULLISH,MEDIUM,Strong trend (ADX=32); Last surprise: +2.9%; Size: Kelly 10.0% / VolTgt 6.3% / Blend 8.2%,6.32,-1.0,1.0,66,2026-11-23,2.86,0
2026-09-18T14:50:56,2026-09-18,DLB,HOLD,0,EMA Crossover (9/21),HIGH,4,15.76,57.47,4.76,0.0,7.14,0.0,0.0,2026-11-06,1.32,2.91,100.0,115.36,44.48,30.39,-13.17,49.0,1,2026-06-02 to 2026-09-17 (75 days),-1.0,37.3,0.3108,58.06,59.6,BEARISH,MEDIUM,Price at statistical extreme,6.03,-1.0,1.0,60,2026-11-17,,0
2026-09-18T14:47:23,2026-09-18,BR,EXIT,-1,Momentum (Rate of Change),HIGH,4,15.7,164.31,4.23,171.26,6.35,153.88,8.29,2026-11-21,1.52,2.64,100.0,137.19,47.15,19.22,-9.25,64.0,1,2026-06-02 to 2026-09-17 (75 days),-1.0,41.8,0.2851,164.5,172.52,BEARISH,MEDIUM,Last surprise: +1.6%; Size: Kelly 10.0% / VolTgt 6.6% / Blend 8.3%,6.58,-1.0,1.0,46,2026-11-03,1.6,0
2026-09-18T14:47:26,2026-09-18,CBRE,HOLD,0,Momentum (Rate of Change),HIGH,5,15.69,139.32,4.92,0.0,7.38,0.0,0.0,2026-12-06,1.13,1.88,100.0,96.96,34.71,0.76,-8.39,79.0,1,2026-06-02 to 2026-09-17 (75 days),-1.0,42.1,0.3086,144.92,146.5,BEARISH,MEDIUM,Last surprise: +6.1%; Earnings conf adj: +1,6.08,-1.0,1.0,34,2026-10-22,6.12,1
2026-09-18T14:50:32,2026-09-18,AXTA,HOLD,0,MACD Crossover,MEDIUM,2,15.57,32.63,4.07,0.0,8.59,0.0,0.0,2026-10-08,0.41,0.66,100.0,15.94,4.8,-22.75,-7.35,20.0,1,2026-06-02 to 2026-09-17 (75 days),-1.0,31.4,0.2441,35.02,32.02,BULLISH,MEDIUM,Strong trend (ADX=38),7.68,-1.0,1.0,40,2026-10-28,,0
2026-09-18T14:47:26,2026-09-18,CBOE,HOLD,0,PEAD Earnings Drift,MEDIUM,3,15.53,266.67,5.98,0.0,14.95,0.0,0.0,2026-11-15,1.0,1.41,100.0,87.14,32.45,42.2,-23.11,58.0,1,2026-06-02 to 2026-09-17 (75 days),-1.0,34.1,0.3831,288.93,284.96,BULLISH,MEDIUM,Strong trend (ADX=51); Last surprise: +2.0%,4.89,-1.0,1.0,42,2026-10-30,2.01,0
2026-09-18T14:49:09,2026-09-18,RBA,HOLD,0,ADX Trend Following,MEDIUM,3,15.51,84.08,3.92,0.0,5.88,0.0,0.0,2026-09-29,0.9,1.47,100.0,40.43,13.03,65.24,-3.23,11.5,2,2026-06-02 to 2026-09-17 (75 days),-1.0,41.7,0.2709,95.31,102.38,BEARISH,MEDIUM,Strong trend (ADX=34); Last surprise: +0.0%,6.92,-1.0,1.0,48,2026-11-05,0.0,0
2026-09-18T14:47:21,2026-09-18,BEN,HOLD,0,52-Week High Momentum,HIGH,5,15.24,33.07,3.7,0.0,12.95,0.0,0.0,2027-01-02,1.33,2.08,100.0,98.83,37.34,10.09,-8.53,106.0,1,2026-06-02 to 2026-09-17 (75 days),-1.0,43.1,0.2273,33.69,28.63,BULLISH,MEDIUM,Strong trend (ADX=33); Last surprise: +9.1%; Earnings conf adj: +1,8.25,-1.0,1.0,49,2026-11-06,9.09,1
2026-09-18T14:48:19,2026-09-18,MRVL,HOLD,0,Stochastic Oscillator,MEDIUM,2,15.24,240.76,11.29,0.0,16.93,0.0,0.0,2026-10-09,0.71,1.07,50.0,2.25,27.98,75.36,-30.91,21.5,2,2026-06-02 to 2026-09-17 (75 days),-1.0,56.8,0.7357,215.93,157.6,BULLISH,HIGH,Last surprise: +1.1%,2.55,-1.0,1.0,74,2026-12-01,1.08,0
2026-09-18T14:47:59,2026-09-18,HLT,HOLD,0,VWAP Trend,LOW,0,15.09,302.54,2.47,0.0,1.92,0.0,0.0,2026-09-20,-0.06,-0.11,50.0,1.15,-1.06,26.59,-4.98,2.0,10,2026-06-02 to 2026-09-17 (75 days),-1.0,35.7,0.1726,320.22,313.81,BULLISH,LOW,Strong trend (ADX=49); Last surprise: +0.9%,7.0,-1.0,1.0,40,2026-10-28,0.88,0
2026-09-18T14:47:24,2026-09-18,BNY,HOLD,0,52-Week High Momentum,HIGH,5,15.03,153.02,2.44,0.0,7.32,0.0,0.0,2027-01-02,1.41,2.19,100.0,91.9,34.41,1.39,-7.26,106.0,1,2026-06-02 to 2026-09-17 (75 days),-1.0,33.6,0.1923,159.07,134.15,BULLISH,LOW,High volume; Price at statistical extreme; Last surprise: +10.8%; Earnings conf adj: +1,9.75,-1.0,1.0,27,2026-10-15,10.81,1
2026-09-18T14:48:25,2026-09-18,NVR,HOLD,0,MACD Crossover,LOW,0,15.02,6242.23,3.3,0.0,4.57,0.0,0.0,2026-09-26,-0.41,-0.55,66.7,0.74,-4.13,-7.55,-4.79,8.0,3,2026-06-02 to 2026-09-17 (75 days),-1.0,48.0,0.2054,6333.89,6762.9,BEARISH,MEDIUM,Last surprise: -6.7%; Earnings conf adj: -1,7.0,-1.0,1.0,33,2026-10-21,-6.69,-1
2026-09-18T14:47:52,2026-09-18,FLEX,HOLD,0,VWAP Trend,HIGH,5,14.89,109.02,9.57,0.0,9.09,0.0,0.0,2026-09-23,1.12,1.77,75.0,2.65,37.85,110.44,-11.55,5.0,4,2026-06-02 to 2026-09-17 (75 days),-1.0,45.2,0.5163,117.47,96.97,BULLISH,HIGH,Last surprise: +8.7%; Earnings conf adj: +1,3.63,-1.0,1.0,40,2026-10-28,8.7,1
2026-09-18T14:48:21,2026-09-18,MTB,HOLD,-1,VWAP Trend,LOW,1,14.83,226.36,3.23,233.67,2.24,221.29,0.0,2026-09-19,0.01,0.02,50.0,1.23,-0.21,-17.7,-3.26,1.8,12,2026-06-02 to 2026-09-17 (75 days),-1.0,30.8,0.2123,243.08,219.97,BULLISH,MEDIUM,Price at statistical extreme; Last surprise: +14.2%; Earnings conf adj: +1,7.0,-1.0,1.0,28,2026-10-16,14.16,1
2026-09-18T14:49:14,2026-09-18,DOCN,HOLD,0,Stochastic Oscillator,MEDIUM,3,14.81,132.98,12.0,0.0,18.0,0.0,0.0,2026-10-17,0.6,1.0,50.0,2.67,20.48,79.71,-25.18,29.0,2,2026-06-02 to 2026-09-17 (75 days),-1.0,58.0,0.7926,122.27,100.37,BULLISH,HIGH,Last surprise: +73.1%; Earnings conf adj: +1,2.37,-1.0,1.0,47,2026-11-04,73.08,1
2026-09-18T14:47:40,2026-09-18,DLR,HOLD,0,ADX Trend Following,LOW,0,14.76,184.26,4.18,0.0,6.27,0.0,0.0,2026-09-25,-0.8,-1.1,75.0,0.54,-10.62,-9.71,-6.08,7.8,4,2026-06-02 to 2026-09-17 (75 days),-1.0,47.6,0.2948,186.32,177.48,BULLISH,MEDIUM,Last surprise: -15.1%; Earnings conf adj: -1,6.36,-1.0,1.0,34,2026-10-22,-15.07,-1
2026-09-18T14:47:15,2026-09-18,AMZN,HOLD,0,Stochastic Oscillator,HIGH,5,14.75,251.19,3.63,0.0,5.45,0.0,0.0,2026-10-10,1.45,3.25,66.7,5.31,62.43,69.33,-10.01,22.7,3,2026-06-02 to 2026-09-17 (75 days),-1.0,45.4,0.2683,255.71,240.2,BULLISH,MEDIUM,Last surprise: +214.2%; Earnings conf adj: +1,6.99,-1.0,1.0,41,2026-10-29,214.21,1
2026-09-18T14:51:35,2026-09-18,CPRI,HOLD,1,Momentum (Rate of Change),LOW,1,14.75,14.95,8.9,13.62,11.47,16.66,0.0,2026-09-26,-2.93,-3.32,50.0,0.12,-38.35,11.23,-14.43,8.0,2,2026-06-02 to 2026-09-17 (75 days),-1.0,58.2,0.5148,15.0,19.44,BEARISH,HIGH,Price at statistical extreme; Strong trend (ADX=43); Last surprise: +67.5%; Earnings conf adj: +1,3.64,-1.0,1.0,46,2026-11-03,67.5,1
2026-09-18T14:50:36,2026-09-18,MSA,HOLD,0,Momentum (Rate of Change),MEDIUM,3,14.68,178.7,2.37,0.0,5.93,0.0,0.0,2026-12-10,0.74,1.5,100.0,50.33,15.39,-21.94,-7.81,83.0,1,2026-06-02 to 2026-09-17 (75 days),-1.0,35.9,0.1533,182.9,174.63,BULLISH,LOW,Strong trend (ADX=40),10.0,-1.0,1.0,39,2026-10-27,,0
2026-09-18T14:48:27,2026-09-18,OXY,HOLD,0,Momentum (Rate of Change),HIGH,5,14.66,59.29,4.01,0.0,12.03,0.0,0.0,2026-11-22,1.08,1.56,100.0,90.48,28.02,23.65,-6.75,65.0,1,2026-06-02 to 2026-09-17 (75 days),-1.0,48.8,0.3222,57.69,52.71,BULLISH,MEDIUM,Last surprise: +29.7%; Earnings conf adj: +1,5.82,-1.0,1.0,52,2026-11-09,29.73,1
2026-09-18T14:47:48,2026-09-18,EXE,EXIT,-1,Momentum (Rate of Change),MEDIUM,3,14.6,88.33,4.24,92.08,6.36,82.71,8.45,2026-11-10,0.27,0.47,100.0,23.32,3.47,13.09,-6.96,53.0,1,2026-06-02 to 2026-09-17 (75 days),-1.0,31.0,0.2719,93.27,99.08,BEARISH,MEDIUM,Price at statistical extreme; Strong trend (ADX=45); Last surprise: +18.7%; Earnings conf adj: +1; Size: Kelly 10.0% / VolTgt 6.9% / Blend 8.4%,6.9,-1.0,1.0,39,2026-10-27,18.75,1
2026-09-18T14:50:13,2026-09-18,AGCO,HOLD,0,Composite Multi-Indicator,MEDIUM,2,14.6,121.57,8.78,0.0,13.17,0.0,0.0,2026-12-07,0.37,0.51,100.0,21.28,7.07,-3.48,-20.18,80.0,1,2026-06-02 to 2026-09-17 (75 days),-1.0,55.8,0.4499,112.86,115.27,BEARISH,HIGH,Strong trend (ADX=38),4.17,-1.0,1.0,42,2026-10-30,,0
2026-09-18T14:49:07,2026-09-18,MKSI,HOLD,0,Multi-Factor Momentum MR,MEDIUM,3,14.57,240.23,9.77,0.0,11.13,0.0,0.0,2026-09-25,0.49,0.69,100.0,24.35,7.81,74.17,-9.18,7.0,1,2026-06-02 to 2026-09-17 (75 days),-1.0,37.3,0.5343,294.25,266.13,BULLISH,HIGH,Strong trend (ADX=31); Last surprise: +11.5%; Earnings conf adj: +1,3.51,-1.0,1.0,47,2026-11-04,11.49,1
2026-09-18T14:47:22,2026-09-18,BKR,HOLD,0,VWAP Trend,MEDIUM,3,14.54,56.56,5.18,0.0,3.62,0.0,0.0,2026-09-20,0.98,1.74,50.0,1.59,15.0,50.38,-4.73,2.3,10,2026-06-02 to 2026-09-17 (75 days),-1.0,30.1,0.3028,60.51,58.57,BULLISH,MEDIUM,Strong trend (ADX=36); Last surprise: +30.6%; Earnings conf adj: +1,6.19,-1.0,1.0,34,2026-10-22,30.61,1
2026-09-18T14:47:29,2026-09-18,CI,HOLD,0,Stochastic Oscillator,LOW,0,14.51,276.0,3.51,0.0,5.26,0.0,0.0,2026-10-17,-0.05,-0.07,50.0,0.8,-3.11,-11.36,-8.19,29.0,2,2026-06-02 to 2026-09-17 (75 days),-1.0,45.6,0.2397,281.95,276.85,BULLISH,MEDIUM,Last surprise: +2.4%,7.0,-1.0,1.0,48,2026-11-05,2.37,0
2026-09-18T14:48:14,2026-09-18,MAA,HOLD,0,SMA Crossover (10/50),MEDIUM,2,14.5,121.17,2.01,0.0,2.39,0.0,0.0,2026-09-22,-0.31,-0.45,100.0,0.13,-0.63,15.25,-0.93,4.0,1,2026-06-02 to 2026-09-17 (75 days),-1.0,26.1,0.152,131.14,129.76,BULLISH,LOW,RSI oversold; Price at statistical extreme; Strong trend (ADX=51); Last surprise: +33.3%; Earnings conf adj: +1,10.0,-1.0,1.0,40,2026-10-28,33.33,1
2026-09-18T14:50:47,2026-09-18,ACI,HOLD,0,Stochastic Oscillator,LOW,0,14.39,12.56,4.72,0.0,7.08,0.0,0.0,2026-11-03,0.15,0.21,50.0,1.13,-0.61,48.98,-17.79,46.5,2,2026-06-02 to 2026-09-17 (75 days),-1.0,52.2,0.35,12.61,15.38,BEARISH,MEDIUM,No special conditions,5.36,-1.0,1.0,25,2026-10-13,,0
2026-09-18T14:49:08,2026-09-18,JAZZ,HOLD,0,MACD Crossover,MEDIUM,2,14.23,243.84,3.88,0.0,6.88,0.0,0.0,2026-09-26,0.89,1.44,75.0,2.79,11.2,-18.09,-4.54,8.2,4,2026-06-02 to 2026-09-17 (75 days),-1.0,46.9,0.3053,249.12,208.1,BULLISH,MEDIUM,Last surprise: -7.6%; Earnings conf adj: -1,6.14,-1.0,1.0,47,2026-11-04,-7.61,-1
2026-09-18T14:49:09,2026-09-18,H,HOLD,0,VWAP Trend,LOW,1,14.23,154.81,4.43,0.0,3.09,0.0,0.0,2026-09-20,-1.05,-1.34,54.5,0.64,-17.33,28.21,-12.73,2.5,11,2026-06-02 to 2026-09-17 (75 days),-1.0,30.0,0.2484,176.56,169.14,BULLISH,MEDIUM,RSI oversold; Strong trend (ADX=42); Last surprise: +20.4%; Earnings conf adj: +1,7.0,-1.0,1.0,41,2026-10-29,20.43,1
2026-09-18T14:50:35,2026-09-18,SFM,EXIT,-1,ADX Trend Following,MEDIUM,3,14.17,69.64,9.68,76.38,9.02,63.36,6.83,2026-09-23,1.68,7.73,50.0,100.06,36.0,68.18,-3.21,5.0,2,2026-06-02 to 2026-09-17 (75 days),-1.0,33.5,0.5124,79.55,78.82,BULLISH,HIGH,Size: Kelly 10.0% / VolTgt 3.7% / Blend 6.8%,3.66,-1.0,1.0,40,2026-10-28,,0
2026-09-18T14:48:37,2026-09-18,SBAC,HOLD,0,ADX Trend Following,LOW,0,14.04,181.13,4.35,0.0,6.52,0.0,0.0,2026-10-16,-0.83,-1.15,50.0,0.03,-17.13,4.91,-7.34,28.0,2,2026-06-02 to 2026-09-17 (75 days),-1.0,44.7,0.2331,182.81,190.19,BEARISH,MEDIUM,Last surprise: -1.1%,7.0,-1.0,1.0,45,2026-11-02,-1.06,0
2026-09-18T14:50:55,2026-09-18,CRUS,HOLD,1,Momentum (Rate of Change),LOW,0,14.01,120.37,5.45,113.81,7.82,129.78,0.0,2026-09-24,-2.77,-3.23,50.0,0.1,-41.79,27.73,-17.47,6.5,2,2026-06-02 to 2026-09-17 (75 days),-1.0,53.4,0.3895,124.54,139.98,BEARISH,MEDIUM,Strong trend (ADX=36),4.81,-1.0,1.0,46,2026-11-03,,0
2026-09-18T14:47:57,2026-09-18,GPN,HOLD,0,PEAD Earnings Drift,HIGH,4,13.95,85.4,4.86,0.0,12.23,0.0,0.0,2026-10-22,1.5,2.44,100.0,111.55,42.81,-23.59,-7.24,34.0,1,2026-06-02 to 2026-09-17 (75 days),-1.0,41.7,0.2663,86.6,75.77,BULLISH,MEDIUM,Price at statistical extreme; Last surprise: +0.6%,7.04,-1.0,1.0,46,2026-11-03,0.58,0
2026-09-18T14:51:29,2026-09-18,PII,HOLD,0,ADX Trend Following,HIGH,5,13.92,55.7,6.24,0.0,8.28,0.0,0.0,2026-10-01,1.25,1.94,100.0,90.23,33.44,81.54,-10.2,13.0,2,2026-06-02 to 2026-09-17 (75 days),-1.0,28.4,0.2918,66.1,63.5,BULLISH,MEDIUM,RSI oversold; Strong trend (ADX=55); Last surprise: +177.5%; Earnings conf adj: +1,6.43,-1.0,1.0,38,2026-10-26,177.46,1
2026-09-18T14:49:19,2026-09-18,ALLY,HOLD,-1,VWAP Trend,LOW,1,13.65,40.6,4.07,42.25,2.64,39.53,0.0,2026-09-20,-1.03,-1.35,55.6,0.6,-13.37,-3.35,-6.72,2.1,9,2026-06-02 to 2026-09-17 (75 days),-1.0,35.5,0.2315,43.44,42.45,BULLISH,MEDIUM,Price at statistical extreme; Strong trend (ADX=33); Last surprise: -0.8%,7.0,-1.0,1.0,32,2026-10-20,-0.82,0
2026-09-18T14:49:20,2026-09-18,PEN,HOLD,0,Momentum (Rate of Change),LOW,1,13.62,318.87,1.5,0.0,2.25,0.0,0.0,2026-10-17,-1.42,-1.83,100.0,1.72,-5.4,-5.54,-2.86,29.0,1,2026-06-02 to 2026-09-17 (75 days),-1.0,42.4,0.0731,321.42,325.69,BEARISH,LOW,Strong trend (ADX=33); Last surprise: -14.4%; Earnings conf adj: -1,7.0,-1.0,1.0,47,2026-11-04,-14.41,-1
2026-09-18T14:47:30,2026-09-18,CMCSA,HOLD,0,EMA Crossover (9/21),MEDIUM,2,13.55,22.91,4.94,0.0,7.41,0.0,0.0,2026-10-05,0.19,0.23,66.7,1.19,1.66,22.26,-9.6,17.0,3,2026-06-02 to 2026-09-17 (75 days),-1.0,30.5,0.3474,25.0,26.44,BEARISH,MEDIUM,Price at statistical extreme; Strong trend (ADX=51); Last surprise: +7.2%; Earnings conf adj: +1,5.4,-1.0,1.0,34,2026-10-22,7.22,1
2026-09-18T14:51:30,2026-09-18,WING,HOLD,0,Composite Multi-Indicator,LOW,1,13.36,103.76,12.0,0.0,18.0,0.0,0.0,2026-11-27,-2.62,-3.19,0.0,0.0,-75.9,-4.04,-35.94,70.0,1,2026-06-02 to 2026-09-17 (75 days),-1.0,38.9,0.6054,122.96,183.94,BEARISH,HIGH,Last surprise: +15.7%; Earnings conf adj: +1,3.1,-1.0,1.0,46,2026-11-03,15.69,1
2026-09-18T14:51:23,2026-09-18,VNT,HOLD,0,Momentum (Rate of Change),MEDIUM,3,13.29,31.82,3.91,0.0,5.87,0.0,0.0,2026-10-12,0.09,0.16,100.0,3.57,0.19,-48.1,-9.18,24.0,1,2026-06-02 to 2026-09-17 (75 days),-1.0,46.0,0.2419,32.1,34.41,BEARISH,MEDIUM,Last surprise: +11.2%; Earnings conf adj: +1,7.75,-1.0,1.0,41,2026-10-29,11.25,1
2026-09-18T14:48:21,2026-09-18,NCLH,HOLD,0,ADX Trend Following,HIGH,4,13.2,14.39,5.39,0.0,8.08,0.0,0.0,2026-10-04,0.96,1.55,100.0,72.89,26.01,80.48,-12.31,16.0,2,2026-06-02 to 2026-09-17 (75 days),-1.0,28.3,0.3141,17.88,19.71,BEARISH,MEDIUM,RSI oversold; Strong trend (ADX=57); Last surprise: +23.1%; Earnings conf adj: +1,5.97,-1.0,1.0,47,2026-11-04,23.08,1
2026-09-18T14:49:15,2026-09-18,TLN,HOLD,0,Composite Multi-Indicator,LOW,0,13.16,293.31,8.57,0.0,12.86,0.0,0.0,2026-12-28,-1.09,-1.38,0.0,0.0,-52.73,7.85,-35.6,101.0,1,2026-06-02 to 2026-09-17 (75 days),-1.0,39.9,0.4284,335.46,354.91,BEARISH,HIGH,Last surprise: -30.1%; Earnings conf adj: -1,4.38,-1.0,1.0,47,2026-11-04,-30.09,-1
2026-09-18T14:48:28,2026-09-18,PEG,HOLD,0,Composite Multi-Indicator,LOW,1,12.88,70.98,1.77,0.0,2.66,0.0,0.0,2026-12-14,-2.84,-3.58,0.0,0.0,-33.58,-9.56,-15.01,87.0,1,2026-06-02 to 2026-09-17 (75 days),-1.0,34.1,0.1582,75.1,78.15,BEARISH,LOW,Strong trend (ADX=36); Last surprise: +7.5%; Earnings conf adj: +1,7.0,-1.0,1.0,45,2026-11-02,7.5,1
2026-09-18T14:48:24,2026-09-18,NTRS,HOLD,0,VWAP Trend,MEDIUM,2,12.77,176.94,3.56,0.0,2.24,0.0,0.0,2026-09-19,0.92,1.36,66.7,1.78,9.72,-9.08,-4.55,1.7,9,2026-06-02 to 2026-09-17 (75 days),-1.0,37.7,0.2178,183.97,159.22,BULLISH,MEDIUM,Price at statistical extreme; Strong trend (ADX=34); Last surprise: -8.4%; Earnings conf adj: -1,8.61,-1.0,1.0,33,2026-10-21,-8.44,-1
2026-09-18T14:49:31,2026-09-18,ELAN,HOLD,0,Stochastic Oscillator,MEDIUM,2,12.75,22.74,4.86,0.0,7.29,0.0,0.0,2026-09-28,0.67,1.14,50.0,3.19,10.77,23.03,-5.89,10.0,2,2026-06-02 to 2026-09-17 (75 days),-1.0,39.1,0.2951,24.39,23.77,BULLISH,MEDIUM,No special conditions,6.35,-1.0,1.0,49,2026-11-06,,0
2026-09-18T14:50:22,2026-09-18,HQY,HOLD,0,VWAP Trend,HIGH,4,12.51,94.51,5.92,0.0,13.84,0.0,0.0,2026-10-03,2.13,4.21,80.0,10.84,65.98,40.13,-5.98,15.6,5,2026-06-02 to 2026-09-17 (75 days),-1.0,40.9,0.4451,99.58,89.04,BULLISH,HIGH,Strong trend (ADX=34),4.21,-1.0,1.0,-1,,,0
2026-09-18T14:49:26,2026-09-18,FNF,HOLD,0,ADX Trend Following,HIGH,4,12.33,43.07,3.93,0.0,5.9,0.0,0.0,2026-10-11,1.07,1.89,100.0,63.91,22.57,38.93,-6.45,23.5,2,2026-06-02 to 2026-09-17 (75 days),-1.0,30.3,0.2049,47.99,49.12,BEARISH,MEDIUM,Strong trend (ADX=55),9.15,-1.0,1.0,48,2026-11-05,,0
2026-09-18T14:48:22,2026-09-18,NI,HOLD,0,ADX Trend Following,LOW,0,12.08,40.91,1.93,0.0,2.9,0.0,0.0,2026-09-29,-1.43,-1.84,25.0,0.12,-17.62,13.04,-10.77,11.8,4,2026-06-02 to 2026-09-17 (75 days),-1.0,40.1,0.1473,43.07,44.51,BEARISH,LOW,Last surprise: +0.0%,7.0,-1.0,1.0,40,2026-10-28,0.0,0
2026-09-18T14:48:42,2026-09-18,SYF,HOLD,0,MACD Crossover,MEDIUM,2,11.97,74.41,4.15,0.0,8.93,0.0,0.0,2026-10-04,0.44,0.55,66.7,1.45,8.35,-10.88,-13.4,16.7,3,2026-06-02 to 2026-09-17 (75 days),-1.0,38.6,0.2776,76.74,74.66,BULLISH,MEDIUM,Strong trend (ADX=37); Last surprise: +21.6%; Earnings conf adj: +1,6.75,-1.0,1.0,26,2026-10-14,21.6,1
2026-09-18T14:48:49,2026-09-18,UAL,HOLD,0,VWAP Trend,MEDIUM,2,11.93,107.64,5.15,0.0,4.14,0.0,0.0,2026-09-20,-0.17,-0.24,62.5,1.05,-2.18,1.46,-2.56,2.2,8,2026-06-02 to 2026-09-17 (75 days),-1.0,41.7,0.3542,117.58,108.78,BULLISH,MEDIUM,Strong trend (ADX=32); Last surprise: +7.6%; Earnings conf adj: +1,5.29,-1.0,1.0,33,2026-10-21,7.57,1
2026-09-18T14:48:32,2026-09-18,PRU,HOLD,0,MACD Crossover,HIGH,5,11.9,117.93,3.29,0.0,8.55,0.0,0.0,2026-10-14,2.42,3.74,100.0,105.61,40.76,-25.66,-3.04,26.0,2,2026-06-02 to 2026-09-17 (75 days),-1.0,46.0,0.2129,119.32,106.16,BULLISH,MEDIUM,Last surprise: +15.9%; Earnings conf adj: +1,8.81,-1.0,1.0,40,2026-10-28,15.91,1
2026-09-18T14:47:55,2026-09-18,GL,HOLD,0,VWAP Trend,HIGH,4,11.83,172.26,2.39,0.0,2.12,0.0,0.0,2026-09-20,2.85,12.48,71.4,8.61,16.86,-40.55,-0.9,2.7,7,2026-06-02 to 2026-09-17 (75 days),-1.0,45.2,0.1641,177.41,155.17,BULLISH,LOW,Last surprise: -1.9%,10.0,-1.0,1.0,33,2026-10-21,-1.9,0
2026-09-18T14:47:50,2026-09-18,FDX,HOLD,0,MACD Crossover,LOW,1,11.78,305.88,3.5,0.0,6.68,0.0,0.0,2026-10-01,-0.91,-1.41,33.3,0.46,-12.14,7.77,-6.3,13.0,3,2026-06-02 to 2026-09-17 (75 days),-1.0,39.6,0.2351,317.47,293.1,BULLISH,MEDIUM,Strong trend (ADX=50); Last surprise: +6.6%; Earnings conf adj: +1,7.0,-1.0,1.0,40,2026-10-28,6.59,1
2026-09-18T14:49:44,2026-09-18,ENSG,HOLD,0,Stochastic Oscillator,LOW,0,11.74,174.92,3.0,0.0,4.5,0.0,0.0,2026-10-09,-0.64,-0.82,50.0,0.17,-16.64,-37.06,-13.61,21.0,2,2026-06-02 to 2026-09-17 (75 days),-1.0,49.8,0.211,175.69,181.87,BEARISH,MEDIUM,No special conditions,7.0,-1.0,1.0,46,2026-11-03,,0
2026-09-18T14:48:00,2026-09-18,HSIC,HOLD,0,MACD Crossover,LOW,0,11.44,85.04,2.51,0.0,3.76,0.0,0.0,2026-09-27,-1.41,-1.92,50.0,0.07,-8.16,-54.53,-2.79,9.0,2,2026-06-02 to 2026-09-17 (75 days),-1.0,36.2,0.1726,87.84,79.66,BULLISH,LOW,High volume; Price at statistical extreme; Last surprise: +2.4%,7.0,-1.0,1.0,46,2026-11-03,2.42,0
2026-09-18T14:48:33,2026-09-18,PTC,HOLD,1,Stochastic Oscillator,LOW,0,11.35,134.44,7.79,123.97,11.69,150.16,0.0,2026-10-05,-0.76,-0.92,50.0,0.29,-24.94,-7.27,-16.93,17.0,2,2026-06-02 to 2026-09-17 (75 days),-1.0,43.2,0.4458,138.44,147.1,BEARISH,HIGH,Strong trend (ADX=38); Last surprise: +1.3%,4.21,-1.0,1.0,54,2026-11-11,1.28,0
2026-09-18T14:49:16,2026-09-18,FN,HOLD,0,VWAP Trend,MEDIUM,2,11.12,380.92,9.97,0.0,4.46,0.0,0.0,2026-09-19,0.05,0.07,60.0,1.07,-1.6,85.88,-9.7,1.4,5,2026-06-02 to 2026-09-17 (75 days),-1.0,37.5,0.4785,464.08,535.24,BEARISH,HIGH,Last surprise: +7.6%; Earnings conf adj: +1,3.92,-1.0,1.0,45,2026-11-02,7.61,1
2026-09-18T14:48:54,2026-09-18,VTR,HOLD,0,Stochastic Oscillator,HIGH,5,11.08,87.71,2.51,0.0,3.76,0.0,0.0,2026-10-06,1.66,2.5,66.7,4.55,35.99,-2.79,-6.86,18.7,3,2026-06-02 to 2026-09-17 (75 days),-1.0,35.1,0.1241,92.54,84.94,BULLISH,LOW,Last surprise: +54.5%; Earnings conf adj: +1,10.0,-1.0,1.0,40,2026-10-28,54.55,1
2026-09-18T14:48:51,2026-09-18,USB,HOLD,0,MACD Crossover,HIGH,5,11.05,60.25,3.15,0.0,6.42,0.0,0.0,2026-10-02,3.78,7.75,66.7,182.78,77.68,33.72,-3.01,14.7,3,2026-06-02 to 2026-09-17 (75 days),-1.0,37.3,0.2127,63.09,56.67,BULLISH,MEDIUM,Price at statistical extreme; Last surprise: +5.5%; Earnings conf adj: +1,8.82,-1.0,1.0,27,2026-10-15,5.47,1
2026-09-18T14:50:11,2026-09-18,PB,HOLD,0,EMA Crossover (9/21),HIGH,4,10.95,70.34,2.08,0.0,5.98,0.0,0.0,2026-10-27,1.58,2.3,100.0,70.03,25.4,10.4,-5.29,39.0,2,2026-06-02 to 2026-09-17 (75 days),-1.0,38.9,0.1217,72.37,69.55,BULLISH,LOW,No special conditions,10.0,-1.0,1.0,47,2026-11-04,,0
2026-09-18T14:47:18,2026-09-18,ARES,HOLD,0,Composite Multi-Indicator,MEDIUM,2,10.91,125.32,5.24,0.0,13.1,0.0,0.0,2026-11-06,0.36,0.64,100.0,19.34,6.37,7.32,-16.01,49.0,1,2026-06-02 to 2026-09-17 (75 days),-1.0,35.7,0.2559,132.22,129.47,BULLISH,MEDIUM,Strong trend (ADX=47); Last surprise: +1.6%,7.33,-1.0,1.0,45,2026-11-02,1.57,0
2026-09-18T14:47:18,2026-09-18,ATO,HOLD,0,VWAP Trend,MEDIUM,2,10.73,162.03,1.64,0.0,1.93,0.0,0.0,2026-09-21,-0.11,-0.14,66.7,1.25,-0.35,10.77,-1.5,3.0,3,2026-06-02 to 2026-09-17 (75 days),-1.0,33.1,0.1418,170.43,173.32,BEARISH,LOW,Strong trend (ADX=34); Last surprise: +5.9%; Earnings conf adj: +1,10.0,-1.0,1.0,47,2026-11-04,5.93,1
2026-09-18T14:47:51,2026-09-18,FISV,HOLD,0,ADX Trend Following,MEDIUM,2,10.73,49.3,5.5,0.0,8.25,0.0,0.0,2026-10-06,0.76,1.31,50.0,5.36,16.65,53.64,-7.57,18.0,2,2026-06-02 to 2026-09-17 (75 days),-1.0,41.2,0.3498,52.05,57.88,BEARISH,MEDIUM,Last surprise: -3.7%,5.36,-1.0,1.0,40,2026-10-28,-3.66,0
2026-09-18T14:48:01,2026-09-18,HWM,HOLD,0,ADX Trend Following,LOW,1,10.69,225.76,8.91,0.0,12.01,0.0,0.0,2026-09-26,-1.08,-1.47,33.3,0.0,-11.14,18.77,-5.94,8.3,3,2026-06-02 to 2026-09-17 (75 days),-1.0,30.4,0.5295,268.45,246.43,BULLISH,HIGH,Strong trend (ADX=53); Last surprise: +6.4%; Earnings conf adj: +1,3.54,-1.0,1.0,48,2026-11-05,6.4,1
2026-09-18T14:48:40,2026-09-18,SPG,HOLD,0,VWAP Trend,HIGH,5,10.54,204.47,2.0,0.0,1.95,0.0,0.0,2026-09-21,1.35,2.07,62.5,2.4,13.72,4.39,-3.69,3.1,8,2026-06-02 to 2026-09-17 (75 days),-1.0,34.8,0.1409,217.42,198.47,BULLISH,LOW,Strong trend (ADX=55); Last surprise: +10.2%; Earnings conf adj: +1,10.0,-1.0,1.0,45,2026-11-02,10.19,1
2026-09-18T14:48:53,2026-09-18,VMRK,HOLD,1,VWAP Trend,LOW,1,10.45,63.01,2.89,61.19,2.79,64.77,0.0,2026-09-20,-0.55,-0.69,63.6,0.87,-7.44,5.06,-6.23,2.2,11,2026-06-02 to 2026-09-17 (75 days),-1.0,37.1,0.2393,66.57,63.23,BULLISH,MEDIUM,Price at statistical extreme,7.0,-1.0,1.0,33,2026-10-21,,0
2026-09-18T14:47:13,2026-09-18,ALLE,HOLD,0,VWAP Trend,HIGH,5,10.36,153.63,2.76,0.0,3.14,0.0,0.0,2026-09-22,1.99,4.56,55.6,3.26,60.82,-21.17,-4.65,4.1,9,2026-06-02 to 2026-09-17 (75 days),-1.0,46.3,0.1972,154.48,149.56,BULLISH,LOW,Last surprise: +8.1%; Earnings conf adj: +1,9.51,-1.0,1.0,34,2026-10-22,8.11,1
2026-09-18T14:49:04,2026-09-18,TOST,HOLD,0,EMA Crossover (9/21),HIGH,5,10.33,30.65,5.7,0.0,17.25,0.0,0.0,2026-10-26,2.16,3.59,100.0,202.28,86.39,19.06,-12.32,38.0,2,2026-06-02 to 2026-09-17 (75 days),-1.0,35.0,0.3553,32.93,30.06,BULLISH,MEDIUM,Strong trend (ADX=33); Last surprise: +12.5%; Earnings conf adj: +1,5.28,-1.0,1.0,46,2026-11-03,12.5,1
2026-09-18T14:47:28,2026-09-18,CFG,HOLD,0,SMA Crossover (10/50),HIGH,4,10.27,67.39,3.91,0.0,11.73,0.0,0.0,2026-10-29,1.61,2.46,100.0,103.59,39.97,6.47,-7.93,41.5,2,2026-06-02 to 2026-09-17 (75 days),-1.0,37.4,0.2352,71.1,64.03,BULLISH,MEDIUM,Price at statistical extreme; Last surprise: +4.0%,7.97,-1.0,1.0,28,2026-10-16,4.0,0
2026-09-18T14:51:31,2026-09-18,HGV,HOLD,1,VWAP Trend,LOW,0,10.18,37.15,5.23,35.21,4.13,38.68,0.0,2026-09-22,-0.83,-1.12,71.4,0.79,-14.89,53.42,-11.84,4.3,7,2026-06-02 to 2026-09-17 (75 days),-1.0,25.6,0.2532,45.23,46.03,BEARISH,MEDIUM,RSI oversold; Strong trend (ADX=50); Last surprise: -11.9%; Earnings conf adj: -1,7.0,-1.0,1.0,41,2026-10-29,-11.88,-1
2026-09-18T14:47:41,2026-09-18,DOW,HOLD,0,Multi-Factor Momentum MR,LOW,1,10.1,29.49,5.23,0.0,7.85,0.0,0.0,2026-09-19,-1.85,-1.85,0.0,0.0,-0.34,40.01,-0.1,0.0,0,2026-06-02 to 2026-09-17 (75 days),-1.0,46.2,0.3393,29.98,31.12,BEARISH,MEDIUM,Last surprise: +12.5%; Earnings conf adj: +1,5.53,-1.0,1.0,34,2026-10-22,12.5,1
2026-09-18T14:48:35,2026-09-18,RJF,HOLD,0,MACD Crossover,HIGH,4,9.94,163.77,3.64,0.0,7.65,0.0,0.0,2026-10-02,1.6,2.59,50.0,7.62,23.98,-23.1,-6.29,14.5,4,2026-06-02 to 2026-09-17 (75 days),-1.0,32.6,0.2552,174.23,160.28,BULLISH,MEDIUM,Price at statistical extreme; Strong trend (ADX=46); Last surprise: +7.9%; Earnings conf adj: +1,7.35,-1.0,1.0,40,2026-10-28,7.9,1
2026-09-18T14:47:35,2026-09-18,CSGP,EXIT,-1,Momentum (Rate of Change),MEDIUM,2,9.91,29.3,6.33,31.15,9.5,26.52,7.52,2026-10-08,0.36,0.68,50.0,2.8,6.73,44.42,-7.54,20.5,2,2026-06-02 to 2026-09-17 (75 days),-1.0,41.3,0.3712,30.44,42.24,BEARISH,MEDIUM,Last surprise: +10.3%; Earnings conf adj: +1; Size: Kelly 10.0% / VolTgt 5.0% / Blend 7.5%,5.05,-1.0,1.0,39,2026-10-27,10.34,1
2026-09-18T14:48:50,2026-09-18,UBER,HOLD,0,ADX Trend Following,LOW,1,9.72,70.87,4.71,0.0,7.06,0.0,0.0,2026-10-15,0.13,0.2,33.3,1.03,-2.0,1.52,-15.74,27.3,3,2026-06-02 to 2026-09-17 (75 days),-1.0,40.3,0.2908,73.75,75.75,BEARISH,MEDIUM,Strong trend (ADX=33); Last surprise: +41.0%; Earnings conf adj: +1,6.45,-1.0,1.0,46,2026-11-03,40.96,1
2026-09-18T14:47:10,2026-09-18,ADBE,HOLD,0,MACD Crossover,HIGH,4,9.64,252.67,8.17,0.0,12.25,0.0,0.0,2026-10-08,1.36,2.12,66.7,2.83,57.15,68.89,-10.57,20.0,3,2026-06-02 to 2026-09-17 (75 days),-1.0,44.3,0.4599,255.53,265.36,BEARISH,HIGH,Strong trend (ADX=33); Last surprise: +0.7%,4.08,-1.0,1.0,82,2026-12-09,0.66,0
2026-09-18T14:48:51,2026-09-18,UPS,HOLD,0,Stochastic Oscillator,MEDIUM,2,9.27,100.17,2.91,0.0,4.37,0.0,0.0,2026-10-05,0.38,0.52,50.0,12.29,4.64,25.32,-5.42,17.0,2,2026-06-02 to 2026-09-17 (75 days),-1.0,42.5,0.2181,105.35,102.35,BULLISH,MEDIUM,Strong trend (ADX=30); Last surprise: +6.0%; Earnings conf adj: +1,8.6,-1.0,1.0,39,2026-10-27,6.02,1
2026-09-18T14:48:32,2026-09-18,PODD,HOLD,0,Composite Multi-Indicator,LOW,1,9.19,141.55,5.47,0.0,8.21,0.0,0.0,2027-01-02,0.2,0.24,0.0,0.0,-4.75,-2.66,-22.66,106.0,1,2026-06-02 to 2026-09-17 (75 days),-1.0,46.3,0.33,151.02,202.51,BEARISH,MEDIUM,Last surprise: +14.5%; Earnings conf adj: +1,5.68,-1.0,1.0,48,2026-11-05,14.48,1
2026-09-18T14:48:44,2026-09-18,TDG,BUY,1,VWAP Trend,MEDIUM,2,9.18,1076.01,3.56,1037.7,5.17,1131.64,9.41,2026-09-27,-1.46,-1.93,83.3,0.5,-24.58,14.9,-14.03,9.5,6,2026-06-02 to 2026-09-17 (75 days),0.123,25.2,0.2128,1207.57,1259.95,BEARISH,MEDIUM,RSI oversold; Strong trend (ADX=57); Last surprise: +5.2%; Earnings conf adj: +1; Size: Kelly 10.0% / VolTgt 8.8% / Blend 9.4%,8.81,-1.0,1.0,48,2026-11-05,5.23,1
2026-09-18T14:47:31,2026-09-18,CNP,EXIT,-1,VWAP Trend,MEDIUM,2,9.01,38.56,2.14,39.39,3.08,37.37,9.08,2026-09-21,-0.23,-0.31,57.1,1.08,-2.04,19.98,-4.04,3.9,7,2026-06-02 to 2026-09-17 (75 days),-1.0,38.4,0.198,40.88,41.02,BEARISH,LOW,Last surprise: +8.1%; Earnings conf adj: +1; Size: Kelly 8.7% / VolTgt 9.5% / Blend 9.1%,9.47,-1.0,1.0,34,2026-10-22,8.11,1
2026-09-18T14:49:19,2026-09-18,RPM,HOLD,0,Multi-Factor Momentum MR,LOW,0,8.86,99.18,3.93,0.0,5.9,0.0,0.0,2026-10-01,-2.98,-3.0,0.0,0.0,-25.48,-9.0,-8.28,13.0,1,2026-06-02 to 2026-09-17 (75 days),-1.0,35.0,0.226,106.97,105.62,BULLISH,MEDIUM,Last surprise: +3.3%,7.0,-1.0,1.0,18,2026-10-06,3.28,0
2026-09-18T14:48:09,2026-09-18,KMI,HOLD,0,Composite Multi-Indicator,LOW,1,8.68,31.31,3.36,0.0,5.04,0.0,0.0,2026-12-06,-0.16,-0.24,0.0,0.0,-4.51,-6.28,-6.51,79.0,1,2026-06-02 to 2026-09-17 (75 days),-1.0,48.5,0.2302,31.68,30.8,BULLISH,MEDIUM,Last surprise: +19.4%; Earnings conf adj: +1,7.0,-1.0,1.0,40,2026-10-28,19.35,1
2026-09-18T14:48:29,2026-09-18,PEP,HOLD,0,EMA Crossover (9/21),LOW,0,8.64,133.66,1.72,0.0,2.58,0.0,0.0,2026-10-03,0.02,0.03,50.0,1.19,-0.1,12.47,-3.85,15.0,2,2026-06-02 to 2026-09-17 (75 days),-1.0,34.7,0.1247,137.57,145.37,BEARISH,LOW,Last surprise: -0.5%,7.0,-1.0,1.0,20,2026-10-08,-0.45,0
2026-09-18T14:48:50,2026-09-18,UNH,HOLD,0,MACD Crossover,MEDIUM,2,8.42,375.21,4.06,0.0,4.21,0.0,0.0,2026-09-24,-0.06,-0.09,66.7,1.05,-1.5,-3.09,-5.45,6.0,6,2026-06-02 to 2026-09-17 (75 days),-1.0,36.9,0.2184,403.13,349.85,BULLISH,MEDIUM,Strong trend (ADX=45); Last surprise: +29.7%; Earnings conf adj: +1,8.58,-1.0,1.0,25,2026-10-13,29.67,1
2026-09-18T14:48:55,2026-09-18,WDC,HOLD,-1,VWAP Trend,LOW,1,8.39,423.87,10.75,469.44,7.28,393.01,0.0,2026-09-21,0.45,0.68,42.9,1.31,10.5,72.41,-21.41,3.7,7,2026-06-02 to 2026-09-17 (75 days),-1.0,40.9,0.4805,484.31,384.28,BULLISH,HIGH,Last surprise: +7.9%; Earnings conf adj: +1,3.9,-1.0,1.0,48,2026-11-05,7.88,1
2026-09-18T14:48:11,2026-09-18,LII,HOLD,0,MACD Crossover,LOW,1,8.36,359.08,4.68,0.0,7.02,0.0,0.0,2026-10-07,-0.38,-0.57,66.7,0.67,-11.26,59.48,-13.28,19.3,3,2026-06-02 to 2026-09-17 (75 days),-1.0,26.5,0.2396,441.68,492.46,BEARISH,MEDIUM,RSI oversold; Strong trend (ADX=42); Last surprise: +0.3%,7.0,-1.0,1.0,40,2026-10-28,0.26,0
2026-09-18T14:49:13,2026-09-18,PFGC,HOLD,0,MACD Crossover,HIGH,4,8.21,90.36,3.8,0.0,10.31,0.0,0.0,2026-10-22,2.99,5.51,100.0,120.6,46.31,65.55,-3.44,34.0,1,2026-06-02 to 2026-09-17 (75 days),-1.0,24.3,0.2246,106.16,96.96,BULLISH,MEDIUM,RSI oversold; Strong trend (ADX=72); Last surprise: -0.6%,8.35,-1.0,1.0,47,2026-11-04,-0.63,0
2026-09-18T14:49:37,2026-09-18,SCI,HOLD,0,MACD Crossover,MEDIUM,3,8.17,79.04,3.35,0.0,6.7,0.0,0.0,2026-10-17,0.91,1.46,100.0,46.7,16.17,-32.41,-5.31,29.5,2,2026-06-02 to 2026-09-17 (75 days),-1.0,40.1,0.2196,81.72,79.16,BULLISH,MEDIUM,No special conditions,8.54,-1.0,1.0,40,2026-10-28,,0
2026-09-18T14:50:23,2026-09-18,LAD,EXIT,-1,Momentum (Rate of Change),HIGH,4,8.16,321.68,6.11,341.33,13.12,279.48,7.98,2026-10-16,1.51,3.47,100.0,188.68,77.74,43.37,-13.78,28.0,2,2026-06-02 to 2026-09-17 (75 days),-1.0,28.6,0.3149,360.06,312.5,BULLISH,MEDIUM,RSI oversold; High volume; Price at statistical extreme; Size: Kelly 10.0% / VolTgt 6.0% / Blend 8.0%,5.95,-1.0,1.0,33,2026-10-21,,0
2026-09-18T14:48:12,2026-09-18,LMT,BUY,1,VWAP Trend,HIGH,5,8.08,538.09,3.58,518.83,3.12,554.88,9.1,2026-09-21,1.87,3.85,57.1,3.72,17.19,-2.62,-1.98,3.0,7,2026-06-02 to 2026-09-17 (75 days),0.397,45.3,0.2286,553.6,553.28,BULLISH,MEDIUM,Strong trend (ADX=36); Last surprise: +10.3%; Earnings conf adj: +1; Size: Kelly 10.0% / VolTgt 8.2% / Blend 9.1%,8.2,-1.0,1.0,32,2026-10-20,10.28,1
2026-09-18T14:51:42,2026-09-18,XLI,EXIT,-1,VWAP Trend,HIGH,4,7.94,169.01,1.8,172.05,1.78,166.0,10.0,2026-09-20,1.49,3.16,66.7,2.79,12.44,21.45,-3.57,2.9,9,2026-06-02 to 2026-09-17 (75 days),-1.0,31.5,0.1324,179.2,171.05,BULLISH,LOW,Strong trend (ADX=47); Size: Kelly 10.0% / VolTgt 10.0% / Blend 10.0%,10.0,-1.0,1.0,-1,,,0
2026-09-18T14:47:29,2026-09-18,CINF,HOLD,0,ADX Trend Following,MEDIUM,2,7.83,169.9,2.01,0.0,4.02,0.0,0.0,2026-10-08,0.98,1.42,66.7,2.9,19.32,-11.14,-10.21,20.3,3,2026-06-02 to 2026-09-17 (75 days),-1.0,44.2,0.1485,174.66,166.44,BULLISH,LOW,High volume; Last surprise: -21.4%; Earnings conf adj: -1,10.0,-1.0,1.0,38,2026-10-26,-21.43,-1
2026-09-18T14:47:54,2026-09-18,GEHC,HOLD,0,MACD Crossover,MEDIUM,2,7.81,64.44,3.16,0.0,4.74,0.0,0.0,2026-10-11,0.38,0.51,50.0,1.7,5.21,-9.15,-6.72,23.5,2,2026-06-02 to 2026-09-17 (75 days),-1.0,34.0,0.1643,68.22,72.2,BEARISH,LOW,High volume; Strong trend (ADX=55); Last surprise: +8.7%; Earnings conf adj: +1,10.0,-1.0,1.0,40,2026-10-28,8.65,1
2026-09-18T14:47:19,2026-09-18,AXON,HOLD,0,MACD Crossover,LOW,0,7.76,453.5,12.0,0.0,22.04,0.0,0.0,2026-10-05,-0.02,-0.03,50.0,0.14,-11.0,12.24,-27.72,17.5,2,2026-06-02 to 2026-09-17 (75 days),-1.0,36.3,0.6692,551.19,503.43,BULLISH,HIGH,Strong trend (ADX=46); Last surprise: +2.2%,2.8,-1.0,1.0,46,2026-11-03,2.17,0
2026-09-18T14:48:49,2026-09-18,TTWO,HOLD,0,Stochastic Oscillator,HIGH,5,7.73,210.62,5.49,0.0,8.23,0.0,0.0,2026-10-03,1.54,2.94,66.7,10.34,48.39,65.28,-6.12,15.3,3,2026-06-02 to 2026-09-17 (75 days),-1.0,36.0,0.3578,233.78,226.85,BULLISH,MEDIUM,Last surprise: +14.3%; Earnings conf adj: +1,5.24,-1.0,1.0,52,2026-11-09,14.29,1
2026-09-18T14:49:39,2026-09-18,EVR,HOLD,1,VWAP Trend,LOW,0,7.67,262.61,5.1,249.22,2.64,269.54,0.0,2026-09-19,-0.63,-0.87,45.5,0.88,-10.81,50.09,-10.24,1.7,11,2026-06-02 to 2026-09-17 (75 days),-1.0,25.9,0.2571,307.3,327.0,BEARISH,MEDIUM,RSI oversold; Price at statistical extreme; Strong trend (ADX=54),7.0,-1.0,1.0,40,2026-10-28,,0
2026-09-18T14:51:16,2026-09-18,FFIN,EXIT,-1,VWAP Trend,HIGH,4,7.6,32.84,2.26,33.58,2.22,32.11,10.0,2026-09-20,1.13,1.73,66.7,1.78,9.08,2.25,-4.41,2.8,6,2026-06-02 to 2026-09-17 (75 days),-1.0,42.8,0.1683,34.09,32.07,BULLISH,LOW,Strong trend (ADX=36); Size: Kelly 10.0% / VolTgt 10.0% / Blend 10.0%,10.0,-1.0,1.0,34,2026-10-22,,0
2026-09-18T14:51:33,2026-09-18,GPK,EXIT,-1,Momentum (Rate of Change),MEDIUM,2,7.59,9.84,5.88,10.42,8.82,8.97,7.39,2026-10-06,0.3,0.48,50.0,3.25,4.68,25.2,-9.34,18.0,2,2026-06-02 to 2026-09-17 (75 days),-1.0,39.9,0.3926,10.83,11.43,BEARISH,MEDIUM,Strong trend (ADX=49); Last surprise: +16.7%; Earnings conf adj: +1; Size: Kelly 10.0% / VolTgt 4.8% / Blend 7.4%,4.78,-1.0,1.0,52,2026-11-09,16.67,1
2026-09-18T14:49:27,2026-09-18,TXRH,BUY,1,VWAP Trend,MEDIUM,3,7.57,166.79,4.6,159.12,5.28,175.6,8.36,2026-09-23,0.91,1.2,60.0,1.89,14.45,21.27,-6.37,5.8,5,2026-06-02 to 2026-09-17 (75 days),0.27,19.4,0.2785,195.87,178.56,BULLISH,MEDIUM,RSI oversold; Strong trend (ADX=66); Size: Kelly 10.0% / VolTgt 6.7% / Blend 8.4%,6.73,-1.0,1.0,48,2026-11-05,,0
2026-09-18T14:49:58,2026-09-18,R,HOLD,0,VWAP Trend,LOW,0,7.57,238.92,2.29,0.0,1.25,0.0,0.0,2026-09-19,-0.08,-0.13,44.4,1.13,-1.41,20.6,-4.68,1.2,9,2026-06-02 to 2026-09-17 (75 days),-1.0,35.0,0.1454,256.04,227.5,BULLISH,LOW,Strong trend (ADX=37),7.0,-1.0,1.0,34,2026-10-22,,0
2026-09-18T14:47:39,2026-09-18,DHI,HOLD,0,VWAP Trend,LOW,1,7.45,140.38,3.86,0.0,3.35,0.0,0.0,2026-09-20,-2.51,-3.04,33.3,0.08,-20.62,-5.17,-7.84,2.5,6,2026-06-02 to 2026-09-17 (75 days),-1.0,45.3,0.2687,145.92,148.78,BEARISH,MEDIUM,Last surprise: +7.0%; Earnings conf adj: +1,6.98,-1.0,1.0,41,2026-10-29,7.02,1
2026-09-18T14:49:27,2026-09-18,SF,HOLD,0,ADX Trend Following,MEDIUM,3,7.44,75.51,3.67,0.0,9.18,0.0,0.0,2026-10-23,0.88,1.27,100.0,45.88,15.89,-19.46,-10.05,35.5,2,2026-06-02 to 2026-09-17 (75 days),-1.0,32.5,0.2375,80.41,77.97,BULLISH,MEDIUM,Price at statistical extreme; Strong trend (ADX=52),7.89,-1.0,1.0,33,2026-10-21,,0
2026-09-18T14:48:55,2026-09-18,WEC,HOLD,0,VWAP Trend,HIGH,4,7.32,104.73,1.82,0.0,2.04,0.0,0.0,2026-09-20,1.96,3.84,50.0,3.16,17.56,31.04,-2.48,2.8,8,2026-06-02 to 2026-09-17 (75 days),-1.0,41.2,0.1548,108.78,109.87,BEARISH,LOW,Strong trend (ADX=36); Last surprise: +12.3%; Earnings conf adj: +1,10.0,-1.0,1.0,41,2026-10-29,12.35,1
2026-09-18T14:50:09,2026-09-18,RMBS,HOLD,0,Composite Multi-Indicator,LOW,0,7.26,85.87,8.61,0.0,12.91,0.0,0.0,2026-12-28,-2.48,-3.11,0.0,0.0,-85.8,3.77,-47.18,101.0,1,2026-06-02 to 2026-09-17 (75 days),-1.0,45.4,0.5102,93.92,107.71,BEARISH,HIGH,No special conditions,3.67,-1.0,1.0,38,2026-10-26,,0
2026-09-18T14:48:37,2026-09-18,SBUX,HOLD,0,EMA Crossover (9/21),MEDIUM,3,7.19,96.67,3.45,0.0,8.62,0.0,0.0,2026-10-28,0.25,0.38,100.0,10.95,3.08,-3.17,-7.88,40.0,2,2026-06-02 to 2026-09-17 (75 days),-1.0,30.6,0.2304,104.36,97.25,BULLISH,MEDIUM,Strong trend (ADX=49); Last surprise: +30.8%; Earnings conf adj: +1,8.14,-1.0,1.0,40,2026-10-28,30.77,1
2026-09-18T14:49:17,2026-09-18,BWXT,HOLD,0,Multi-Factor Momentum MR,HIGH,4,7.09,146.35,7.04,0.0,3.21,0.0,0.0,2026-09-19,1.78,48.96,100.0,27.53,9.32,65.89,-0.1,1.0,1,2026-06-02 to 2026-09-17 (75 days),-1.0,36.3,0.4071,164.49,191.24,BEARISH,HIGH,Last surprise: +2.9%,4.61,-1.0,1.0,45,2026-11-02,2.88,0
2026-09-18T14:51:01,2026-09-18,EXP,HOLD,0,Multi-Factor Momentum MR,HIGH,4,7.05,177.74,4.22,0.0,1.59,0.0,0.0,2026-09-19,1.73,29.81,100.0,17.15,5.6,55.5,-0.1,1.0,1,2026-06-02 to 2026-09-17 (75 days),-1.0,27.4,0.2017,202.3,209.25,BEARISH,MEDIUM,RSI oversold; Strong trend (ADX=51),9.3,-1.0,1.0,41,2026-10-29,,0
2026-09-18T14:50:17,2026-09-18,KNSL,HOLD,0,EMA Crossover (9/21),HIGH,4,6.98,359.53,3.82,0.0,11.46,0.0,0.0,2026-10-25,1.41,2.09,100.0,123.08,48.71,-46.96,-9.93,37.0,2,2026-06-02 to 2026-09-17 (75 days),-1.0,43.8,0.2452,363.72,356.75,BULLISH,MEDIUM,No special conditions,7.65,-1.0,1.0,34,2026-10-22,,0
2026-09-18T14:47:42,2026-09-18,DTE,HOLD,0,VWAP Trend,LOW,1,6.95,130.44,2.01,0.0,1.41,0.0,0.0,2026-09-19,-0.99,-1.35,45.5,0.82,-7.51,16.74,-5.69,1.8,11,2026-06-02 to 2026-09-17 (75 days),-1.0,28.5,0.1334,140.33,140.16,BULLISH,LOW,RSI oversold; High volume; Strong trend (ADX=44); Last surprise: +15.8%; Earnings conf adj: +1,7.0,-1.0,1.0,41,2026-10-29,15.79,1
2026-09-18T14:51:12,2026-09-18,PSN,HOLD,0,Stochastic Oscillator,HIGH,4,6.83,46.17,4.98,0.0,7.47,0.0,0.0,2026-10-03,2.28,6.32,100.0,149.08,58.27,119.19,-4.64,15.0,1,2026-06-02 to 2026-09-17 (75 days),-1.0,44.0,0.3788,49.75,57.4,BEARISH,MEDIUM,No special conditions,4.95,-1.0,1.0,47,2026-11-04,,0
2026-09-18T14:49:48,2026-09-18,CFR,HOLD,0,MACD Crossover,HIGH,4,6.81,159.64,2.35,0.0,3.49,0.0,0.0,2026-09-28,3.34,5.66,60.0,6.22,52.52,-25.92,-2.82,10.4,5,2026-06-02 to 2026-09-17 (75 days),-1.0,42.1,0.1375,162.57,143.16,BULLISH,LOW,No special conditions,10.0,-1.0,1.0,41,2026-10-29,,0
2026-09-18T14:48:42,2026-09-18,STX,BUY,1,VWAP Trend,HIGH,4,6.78,803.13,10.67,717.44,7.93,866.82,6.74,2026-09-21,1.68,3.77,50.0,3.29,76.62,115.03,-9.15,3.5,6,2026-06-02 to 2026-09-17 (75 days),0.333,45.5,0.5383,843.96,615.82,BULLISH,HIGH,Last surprise: +12.2%; Earnings conf adj: +1; Size: Kelly 10.0% / VolTgt 3.5% / Blend 6.7%,3.48,-1.0,1.0,39,2026-10-27,12.18,1
2026-09-18T14:49:18,2026-09-18,CSL,HOLD,0,MACD Crossover,MEDIUM,2,6.63,320.37,4.72,0.0,11.41,0.0,0.0,2026-10-11,0.37,0.63,50.0,1.68,7.14,27.91,-14.95,23.0,2,2026-06-02 to 2026-09-17 (75 days),-1.0,35.9,0.3022,350.49,350.23,BULLISH,MEDIUM,Strong trend (ADX=42); Last surprise: +10.7%; Earnings conf adj: +1,6.2,-1.0,1.0,40,2026-10-28,10.71,1
2026-09-18T14:49:22,2026-09-18,CCK,HOLD,0,MACD Crossover,HIGH,5,6.53,110.56,2.28,0.0,5.35,0.0,0.0,2026-10-06,2.6,4.79,66.7,18.85,52.66,-12.19,-5.78,18.0,3,2026-06-02 to 2026-09-17 (75 days),-1.0,32.6,0.16,116.42,106.28,BULLISH,LOW,High volume; Strong trend (ADX=31); Last surprise: +15.3%; Earnings conf adj: +1,10.0,-1.0,1.0,31,2026-10-19,15.28,1
2026-09-18T14:51:29,2026-09-18,SMG,HOLD,0,PEAD Earnings Drift,HIGH,5,6.49,53.93,4.75,0.0,12.57,0.0,0.0,2026-11-06,1.92,3.9,100.0,183.41,76.72,87.74,-8.58,49.0,1,2026-06-02 to 2026-09-17 (75 days),-1.0,27.6,0.228,62.55,61.43,BULLISH,MEDIUM,RSI oversold; Strong trend (ADX=44); Last surprise: +11.9%; Earnings conf adj: +1,8.22,-1.0,1.0,47,2026-11-04,11.9,1
2026-09-18T14:51:20,2026-09-18,BC,HOLD,0,VWAP Trend,LOW,0,6.37,67.83,5.55,0.0,2.86,0.0,0.0,2026-09-20,-0.35,-0.55,53.8,0.97,-7.01,39.07,-6.25,2.3,13,2026-06-02 to 2026-09-17 (75 days),-1.0,27.3,0.2394,77.77,78.25,BEARISH,MEDIUM,RSI oversold; Strong trend (ADX=55),7.0,-1.0,1.0,34,2026-10-22,,0
2026-09-18T14:51:26,2026-09-18,VVV,HOLD,0,ADX Trend Following,HIGH,4,6.26,27.06,5.02,0.0,14.66,0.0,0.0,2026-10-23,0.97,1.54,100.0,47.25,16.22,69.99,-6.29,35.0,1,2026-06-02 to 2026-09-17 (75 days),-1.0,16.5,0.3146,34.91,34.35,BULLISH,MEDIUM,RSI oversold; Price at statistical extreme; Strong trend (ADX=62); Last surprise: +14.0%; Earnings conf adj: +1,5.96,-1.0,1.0,61,2026-11-18,14.0,1
2026-09-18T14:50:53,2026-09-18,M,HOLD,0,VWAP Trend,LOW,0,6.21,21.64,8.88,0.0,6.08,0.0,0.0,2026-09-20,0.3,0.52,50.0,1.39,4.34,-0.81,-10.5,2.9,8,2026-06-02 to 2026-09-17 (75 days),-1.0,43.8,0.4533,23.2,21.23,BULLISH,HIGH,No special conditions,4.14,-1.0,1.0,75,2026-12-02,,0
2026-09-18T14:48:22,2026-09-18,NFLX,HOLD,0,ADX Trend Following,MEDIUM,2,6.1,75.31,4.43,0.0,6.64,0.0,0.0,2026-10-09,0.55,0.81,50.0,4.06,9.87,39.02,-9.06,21.0,2,2026-06-02 to 2026-09-17 (75 days),-1.0,43.1,0.3436,75.79,85.67,BEARISH,MEDIUM,Last surprise: +1.3%,5.46,-1.0,1.0,32,2026-10-20,1.27,0
2026-09-18T14:49:13,2026-09-18,BURL,HOLD,0,MACD Crossover,HIGH,4,5.95,239.54,8.69,0.0,20.75,0.0,0.0,2026-10-16,0.51,0.72,100.0,23.3,7.41,70.53,-5.08,28.0,1,2026-06-02 to 2026-09-17 (75 days),-1.0,27.6,0.4979,319.57,310.92,BULLISH,HIGH,RSI oversold; Strong trend (ADX=73); Last surprise: +35.2%; Earnings conf adj: +1,3.77,-1.0,1.0,70,2026-11-27,35.16,1
2026-09-18T14:51:22,2026-09-18,UFPI,HOLD,0,Momentum (Rate of Change),LOW,1,5.87,79.25,4.36,0.0,6.54,0.0,0.0,2026-10-10,0.13,0.23,50.0,1.88,0.17,7.24,-10.72,22.5,2,2026-06-02 to 2026-09-17 (75 days),-1.0,34.8,0.2374,86.39,91.05,BEARISH,MEDIUM,No special conditions,7.0,-1.0,1.0,38,2026-10-26,,0
2026-09-18T14:50:52,2026-09-18,ANF,HOLD,0,ADX Trend Following,HIGH,4,5.86,138.6,8.72,0.0,26.16,0.0,0.0,2026-09-28,2.58,8.07,57.1,10.96,478.0,-181.09,-12.78,10.7,7,2026-06-02 to 2026-09-17 (75 days),-1.0,56.2,1.3638,115.93,99.66,BULLISH,HIGH,No special conditions,1.37,-1.0,1.0,68,2026-11-25,,0
2026-09-18T14:49:06,2026-09-18,SITM,HOLD,0,Stochastic Oscillator,LOW,1,5.83,598.6,12.0,0.0,18.0,0.0,0.0,2026-11-01,0.44,0.71,50.0,1.11,0.12,41.74,-38.63,44.5,2,2026-06-02 to 2026-09-17 (75 days),-1.0,50.5,0.7602,598.32,512.42,BULLISH,HIGH,High volume; Last surprise: +20.0%; Earnings conf adj: +1,2.47,-1.0,1.0,47,2026-11-04,20.0,1
2026-09-18T14:48:10,2026-09-18,L,HOLD,0,ADX Trend Following,HIGH,4,5.74,108.36,1.67,0.0,3.86,0.0,0.0,2026-10-07,1.77,2.87,66.7,5.44,23.59,11.8,-4.75,19.7,3,2026-06-02 to 2026-09-17 (75 days),-1.0,37.3,0.1103,112.74,108.81,BULLISH,LOW,High volume; Last surprise: +52.1%,10.0,-1.0,1.0,45,2026-11-02,52.05,0
2026-09-18T14:48:57,2026-09-18,WTW,HOLD,0,Composite Multi-Indicator,HIGH,5,5.73,310.99,3.77,0.0,13.2,0.0,0.0,2026-11-25,4.31,11.79,100.0,362.96,185.81,90.47,-5.44,68.0,1,2026-06-02 to 2026-09-17 (75 days),-1.0,38.5,0.2794,322.28,298.91,BULLISH,MEDIUM,Strong trend (ADX=35); Last surprise: +7.7%; Earnings conf adj: +1,6.71,-1.0,1.0,41,2026-10-29,7.72,1
2026-09-18T14:51:30,2026-09-18,KNF,HOLD,0,MACD Crossover,LOW,0,5.67,54.49,5.67,0.0,8.33,0.0,0.0,2026-09-28,-0.17,-0.23,75.0,0.95,-8.83,62.24,-22.78,10.5,4,2026-06-02 to 2026-09-17 (75 days),-1.0,22.8,0.3263,68.97,77.69,BEARISH,MEDIUM,RSI oversold; Strong trend (ADX=81); Last surprise: -36.0%; Earnings conf adj: -1,5.75,-1.0,1.0,46,2026-11-03,-35.96,-1
2026-09-18T14:50:01,2026-09-18,PRI,HOLD,0,Composite Multi-Indicator,HIGH,4,5.63,290.33,2.05,0.0,6.15,0.0,0.0,2026-10-23,3.35,8.06,100.0,122.68,47.74,0.16,-1.6,35.0,1,2026-06-02 to 2026-09-17 (75 days),-1.0,41.9,0.1929,304.62,273.58,BULLISH,LOW,No special conditions,9.72,-1.0,1.0,47,2026-11-04,,0
2026-09-18T14:47:41,2026-09-18,DPZ,HOLD,0,MACD Crossover,HIGH,4,5.56,297.65,7.7,0.0,11.55,0.0,0.0,2026-10-29,1.89,3.69,100.0,133.95,52.32,59.01,-5.38,41.0,1,2026-06-02 to 2026-09-17 (75 days),-1.0,33.4,0.4038,333.62,356.39,BEARISH,HIGH,Price at statistical extreme; Strong trend (ADX=42); Last surprise: -2.4%,4.64,-1.0,1.0,25,2026-10-13,-2.4,0
2026-09-18T14:49:35,2026-09-18,PINS,HOLD,0,EMA Crossover (9/21),HIGH,4,5.47,18.31,9.56,0.0,28.58,0.0,0.0,2026-11-16,1.17,1.71,100.0,101.71,38.1,74.06,-10.56,59.0,1,2026-06-02 to 2026-09-17 (75 days),-1.0,30.4,0.4725,22.43,21.67,BULLISH,HIGH,High volume; Strong trend (ADX=47),3.97,-1.0,1.0,52,2026-11-09,,0
2026-09-18T14:51:28,2026-09-18,OLED,HOLD,0,MACD Crossover,MEDIUM,3,5.42,77.33,8.18,0.0,11.47,0.0,0.0,2026-09-29,0.87,1.54,66.7,8.78,22.48,68.52,-10.2,11.0,3,2026-06-02 to 2026-09-17 (75 days),-1.0,40.0,0.439,82.7,97.03,BEARISH,HIGH,Strong trend (ADX=31); Last surprise: +2.9%,4.27,-1.0,1.0,48,2026-11-05,2.91,0
2026-09-18T14:51:22,2026-09-18,LIVN,HOLD,0,Composite Multi-Indicator,HIGH,5,5.38,77.79,4.27,0.0,3.93,0.0,0.0,2026-09-22,3.0,98.09,100.0,58.97,21.12,-1.15,-0.14,4.0,1,2026-06-02 to 2026-09-17 (75 days),-1.0,43.5,0.2497,80.03,70.61,BULLISH,MEDIUM,Last surprise: +15.6%; Earnings conf adj: +1,7.51,-1.0,1.0,47,2026-11-04,15.6,1
2026-09-18T14:47:12,2026-09-18,AJG,HOLD,0,Composite Multi-Indicator,HIGH,4,5.37,241.41,4.47,0.0,13.41,0.0,0.0,2026-10-25,3.76,8.92,100.0,285.16,134.02,58.19,-7.28,37.0,1,2026-06-02 to 2026-09-17 (75 days),-1.0,41.0,0.3594,253.72,232.43,BULLISH,MEDIUM,Last surprise: +1.1%,5.22,-1.0,1.0,41,2026-10-29,1.07,0
2026-09-18T14:47:59,2026-09-18,HIG,HOLD,0,ADX Trend Following,HIGH,5,5.19,133.14,2.03,0.0,6.09,0.0,0.0,2026-11-04,2.76,5.12,100.0,122.9,47.85,29.19,-4.46,47.0,1,2026-06-02 to 2026-09-17 (75 days),-1.0,38.5,0.1789,138.63,135.12,BULLISH,LOW,Price at statistical extreme; Last surprise: +8.9%; Earnings conf adj: +1,10.0,-1.0,1.0,41,2026-10-29,8.92,1
2026-09-18T14:50:16,2026-09-18,NNN,HOLD,0,ADX Trend Following,MEDIUM,3,5.13,41.66,2.17,0.0,5.42,0.0,0.0,2026-10-09,0.94,1.65,66.7,16.3,13.52,25.53,-5.0,21.0,3,2026-06-02 to 2026-09-17 (75 days),-1.0,18.0,0.1504,46.17,43.27,BULLISH,LOW,RSI oversold; High volume; Price at statistical extreme; Strong trend (ADX=49),10.0,-1.0,1.0,46,2026-11-03,,0
2026-09-18T14:48:22,2026-09-18,NEE,HOLD,0,PEAD Earnings Drift,HIGH,4,5.1,81.28,1.88,0.0,2.82,0.0,0.0,2026-11-07,2.04,3.35,100.0,68.37,24.38,36.5,-2.58,50.0,1,2026-06-02 to 2026-09-17 (75 days),-1.0,37.1,0.1336,85.14,86.51,BEARISH,LOW,Strong trend (ADX=40); Last surprise: +3.6%,10.0,-1.0,1.0,39,2026-10-27,3.6,0
2026-09-18T14:47:48,2026-09-18,EXC,HOLD,-1,Momentum (Rate of Change),LOW,0,5.03,42.64,2.03,43.51,3.04,41.34,0.0,2026-10-05,-0.64,-0.93,50.0,0.29,-8.59,2.66,-5.13,17.5,2,2026-06-02 to 2026-09-17 (75 days),-1.0,37.3,0.1538,44.77,45.02,BEARISH,LOW,Strong trend (ADX=31); Last surprise: -4.4%,7.0,-1.0,1.0,46,2026-11-03,-4.44,0
2026-09-18T14:47:50,2026-09-18,FE,HOLD,0,VWAP Trend,LOW,1,4.93,45.73,1.87,0.0,2.03,0.0,0.0,2026-09-21,0.14,0.21,55.6,1.29,0.79,-5.85,-4.26,3.1,9,2026-06-02 to 2026-09-17 (75 days),-1.0,41.1,0.1467,47.22,46.73,BULLISH,LOW,Strong trend (ADX=35); Last surprise: +0.0%,7.0,-1.0,1.0,33,2026-10-21,0.0,0
2026-09-18T14:50:51,2026-09-18,HOMB,HOLD,0,Composite Multi-Indicator,HIGH,4,4.85,29.76,1.91,0.0,5.73,0.0,0.0,2026-11-14,3.26,7.17,100.0,142.75,56.39,8.92,-3.72,57.0,1,2026-06-02 to 2026-09-17 (75 days),-1.0,46.0,0.1345,30.21,28.07,BULLISH,LOW,No special conditions,10.0,-1.0,1.0,26,2026-10-14,,0
2026-09-18T14:50:25,2026-09-18,BROS,EXIT,-1,Momentum (Rate of Change),HIGH,4,4.83,40.16,6.91,42.94,10.37,36.0,7.36,2026-10-30,1.19,2.21,100.0,127.27,40.41,111.57,-14.62,42.0,1,2026-06-02 to 2026-09-17 (75 days),-1.0,24.1,0.3976,55.08,56.75,BEARISH,MEDIUM,RSI oversold; Strong trend (ADX=54); Size: Kelly 10.0% / VolTgt 4.7% / Blend 7.4%,4.72,-1.0,1.0,47,2026-11-04,,0
2026-09-18T14:50:37,2026-09-18,HXL,HOLD,0,EMA Crossover (9/21),HIGH,4,4.72,88.04,4.01,0.0,14.04,0.0,0.0,2026-11-20,1.74,2.87,100.0,118.24,45.77,45.18,-8.7,63.0,1,2026-06-02 to 2026-09-17 (75 days),-1.0,31.3,0.2506,99.02,89.04,BULLISH,MEDIUM,Price at statistical extreme; Strong trend (ADX=48),7.48,-1.0,1.0,33,2026-10-21,,0
2026-09-18T14:47:58,2026-09-18,HBAN,HOLD,0,VWAP Trend,LOW,0,4.65,15.88,3.61,0.0,3.35,0.0,0.0,2026-09-20,-1.01,-1.23,44.4,0.77,-13.75,-9.48,-9.84,2.8,9,2026-06-02 to 2026-09-17 (75 days),-1.0,31.2,0.2541,17.31,16.84,BULLISH,MEDIUM,Price at statistical extreme; Strong trend (ADX=39); Last surprise: +0.0%,7.0,-1.0,1.0,34,2026-10-22,0.0,0
2026-09-18T14:51:00,2026-09-18,RLI,HOLD,0,Composite Multi-Indicator,HIGH,4,4.52,60.43,2.49,0.0,7.47,0.0,0.0,2026-10-24,3.52,6.79,100.0,233.36,103.45,23.06,-7.15,36.0,1,2026-06-02 to 2026-09-17 (75 days),-1.0,39.8,0.1984,62.38,57.44,BULLISH,LOW,No special conditions,9.45,-1.0,1.0,31,2026-10-19,,0
2026-09-18T14:48:58,2026-09-18,WYNN,HOLD,0,MACD Crossover,MEDIUM,3,4.43,82.96,4.37,0.0,6.55,0.0,0.0,2026-10-13,0.22,0.39,100.0,7.28,1.8,56.03,-4.72,25.0,1,2026-06-02 to 2026-09-17 (75 days),-1.0,20.4,0.2437,96.29,105.23,BEARISH,MEDIUM,RSI oversold; Strong trend (ADX=63); Last surprise: +26.5%; Earnings conf adj: +1,7.7,-1.0,1.0,48,2026-11-05,26.53,1
2026-09-18T14:48:56,2026-09-18,WM,HOLD,0,Multi-Factor Momentum MR,HIGH,4,4.35,213.33,1.99,0.0,1.25,0.0,0.0,2026-09-19,1.76,40.36,100.0,22.87,7.64,2.29,-0.1,1.0,1,2026-06-02 to 2026-09-17 (75 days),-1.0,37.2,0.1591,225.41,223.31,BULLISH,LOW,Last surprise: +2.0%,10.0,-1.0,1.0,38,2026-10-26,2.02,0
2026-09-18T14:49:20,2026-09-18,GGG,HOLD,0,MACD Crossover,HIGH,5,4.29,76.59,2.26,0.0,3.39,0.0,0.0,2026-10-20,2.12,5.5,100.0,89.38,32.9,19.21,-3.5,32.0,1,2026-06-02 to 2026-09-17 (75 days),-1.0,40.8,0.149,78.57,81.7,BEARISH,LOW,Strong trend (ADX=34); Last surprise: +12.3%; Earnings conf adj: +1,10.0,-1.0,1.0,33,2026-10-21,12.35,1
2026-09-18T14:48:39,2026-09-18,SNA,HOLD,0,Composite Multi-Indicator,HIGH,4,4.18,371.62,2.19,0.0,4.21,0.0,0.0,2026-10-13,1.65,3.15,100.0,50.93,18.01,16.65,-3.29,25.0,1,2026-06-02 to 2026-09-17 (75 days),-1.0,29.2,0.1069,396.57,373.97,BULLISH,LOW,RSI oversold; Strong trend (ADX=33); Last surprise: +0.2%,10.0,-1.0,1.0,27,2026-10-15,0.2,0
2026-09-18T14:49:14,2026-09-18,PAG,HOLD,0,Composite Multi-Indicator,HIGH,5,4.17,214.75,1.53,0.0,4.59,0.0,0.0,2026-11-26,2.99,7.84,100.0,247.17,111.29,-4.97,-4.66,69.0,1,2026-06-02 to 2026-09-17 (75 days),-1.0,48.4,0.1027,213.01,174.06,BULLISH,LOW,Last surprise: +6.8%; Earnings conf adj: +1,10.0,-1.0,1.0,40,2026-10-28,6.78,1
2026-09-18T14:49:24,2026-09-18,TTMI,HOLD,1,Stochastic Oscillator,LOW,0,4.11,114.77,12.0,101.0,18.0,135.43,0.0,2026-11-28,-0.78,-1.06,0.0,0.0,-56.26,21.99,-32.14,71.0,1,2026-06-02 to 2026-09-17 (75 days),-1.0,43.4,0.7145,126.47,122.35,BULLISH,HIGH,No special conditions,2.62,-1.0,1.0,47,2026-11-04,,0
2026-09-18T14:47:17,2026-09-18,APD,HOLD,0,Multi-Factor Momentum MR,HIGH,4,4.1,286.12,2.42,0.0,4.25,0.0,0.0,2026-09-29,2.83,5.52,100.0,53.72,18.68,7.79,-1.69,11.0,1,2026-06-02 to 2026-09-17 (75 days),-1.0,35.3,0.1629,299.28,281.78,BULLISH,LOW,Strong trend (ADX=41); Last surprise: +3.9%,10.0,-1.0,1.0,48,2026-11-05,3.89,0
2026-09-18T14:47:37,2026-09-18,DAL,HOLD,0,PEAD Earnings Drift,HIGH,4,4.08,79.43,4.15,0.0,12.35,0.0,0.0,2026-10-23,1.56,2.68,100.0,107.02,39.88,41.55,-7.08,35.0,1,2026-06-02 to 2026-09-17 (75 days),-1.0,43.9,0.265,84.55,74.67,BULLISH,MEDIUM,Strong trend (ADX=38); Last surprise: +4.7%,7.07,-1.0,1.0,20,2026-10-08,4.7,0
2026-09-18T14:50:26,2026-09-18,VLY,HOLD,0,Composite Multi-Indicator,HIGH,4,4.07,13.67,3.26,0.0,8.71,0.0,0.0,2026-10-17,1.9,3.03,100.0,60.04,21.52,18.42,-2.69,29.0,1,2026-06-02 to 2026-09-17 (75 days),-1.0,43.1,0.2054,14.23,13.04,BULLISH,MEDIUM,Strong trend (ADX=37),9.13,-1.0,1.0,41,2026-10-29,,0
2026-09-18T14:48:13,2026-09-18,LOW,HOLD,0,MACD Crossover,LOW,0,4.06,194.19,2.48,0.0,3.72,0.0,0.0,2026-10-16,-0.22,-0.31,50.0,0.23,-6.37,10.99,-10.55,28.0,2,2026-06-02 to 2026-09-17 (75 days),-1.0,32.6,0.1726,209.19,232.84,BEARISH,LOW,Strong trend (ADX=34); Last surprise: +4.3%,7.0,-1.0,1.0,61,2026-11-18,4.27,0
2026-09-18T14:47:46,2026-09-18,ESS,HOLD,0,PEAD Earnings Drift,MEDIUM,3,4.01,270.8,2.03,0.0,5.07,0.0,0.0,2026-11-12,1.66,2.69,100.0,68.59,24.47,29.74,-4.11,55.0,1,2026-06-02 to 2026-09-17 (75 days),-1.0,35.6,0.1657,285.82,264.6,BULLISH,LOW,Strong trend (ADX=46); Last surprise: -36.1%; Earnings conf adj: -1,10.0,-1.0,1.0,39,2026-10-27,-36.05,-1
2026-09-18T14:51:42,2026-09-18,XLU,HOLD,0,VWAP Trend,LOW,0,3.95,41.69,1.83,0.0,2.05,0.0,0.0,2026-09-21,-2.28,-2.63,50.0,0.46,-10.07,4.22,-4.53,3.0,6,2026-06-02 to 2026-09-17 (75 days),-1.0,35.7,0.1507,43.9,44.23,BEARISH,LOW,Strong trend (ADX=31),7.0,-1.0,1.0,-1,,,0
2026-09-18T14:49:39,2026-09-18,UMBF,HOLD,0,Composite Multi-Indicator,HIGH,4,3.91,134.76,3.35,0.0,7.9,0.0,0.0,2026-10-13,1.88,2.9,100.0,65.09,23.5,5.33,-2.69,25.0,1,2026-06-02 to 2026-09-17 (75 days),-1.0,33.1,0.2006,143.63,128.2,BULLISH,MEDIUM,High volume; Strong trend (ADX=48),9.35,-1.0,1.0,39,2026-10-27,,0
2026-09-18T14:48:59,2026-09-18,XYL,HOLD,0,ADX Trend Following,HIGH,5,3.85,107.6,3.76,0.0,5.64,0.0,0.0,2026-11-21,1.42,2.17,100.0,91.03,33.59,40.46,-7.31,64.0,1,2026-06-02 to 2026-09-17 (75 days),-1.0,39.6,0.2102,115.5,122.06,BEARISH,MEDIUM,Strong trend (ADX=31); Last surprise: +9.0%; Earnings conf adj: +1,8.92,-1.0,1.0,46,2026-11-03,8.96,1
2026-09-18T14:49:58,2026-09-18,AYI,HOLD,0,VWAP Trend,HIGH,4,3.84,299.54,4.52,0.0,3.29,0.0,0.0,2026-09-21,1.1,1.51,62.5,2.26,22.72,34.93,-7.43,3.1,8,2026-06-02 to 2026-09-17 (75 days),-1.0,30.2,0.2375,335.39,317.21,BULLISH,MEDIUM,High volume; Strong trend (ADX=53),7.89,-1.0,1.0,13,2026-10-01,,0
2026-09-18T14:51:08,2026-09-18,NXST,HOLD,0,MACD Crossover,MEDIUM,3,3.8,162.34,5.78,0.0,8.67,0.0,0.0,2026-10-31,0.7,1.1,100.0,35.68,12.28,41.14,-6.29,43.0,1,2026-06-02 to 2026-09-17 (75 days),-1.0,32.0,0.2903,181.25,195.2,BEARISH,MEDIUM,Strong trend (ADX=64),6.46,-1.0,1.0,48,2026-11-05,,0
2026-09-18T14:50:36,2026-09-18,VNO,EXIT,-1,Momentum (Rate of Change),HIGH,4,3.79,34.82,4.47,36.38,15.64,29.37,8.28,2026-12-04,1.53,2.38,100.0,127.82,45.53,39.43,-7.72,77.0,1,2026-06-02 to 2026-09-17 (75 days),-1.0,36.1,0.2864,38.28,33.36,BULLISH,MEDIUM,Strong trend (ADX=42); Size: Kelly 10.0% / VolTgt 6.5% / Blend 8.3%,6.55,-1.0,1.0,45,2026-11-02,,0
2026-09-18T14:48:05,2026-09-18,ITW,HOLD,0,MACD Crossover,HIGH,4,3.77,267.51,2.26,0.0,3.26,0.0,0.0,2026-09-25,1.29,2.49,66.7,7.17,17.93,-13.13,-3.88,7.7,3,2026-06-02 to 2026-09-17 (75 days),-1.0,37.7,0.1493,279.84,265.79,BULLISH,LOW,Strong trend (ADX=35); Last surprise: +1.4%,10.0,-1.0,1.0,35,2026-10-23,1.43,0
2026-09-18T14:49:54,2026-09-18,RRC,HOLD,0,MACD Crossover,HIGH,4,3.77,39.1,4.46,0.0,15.61,0.0,0.0,2026-11-28,1.95,3.22,100.0,131.81,51.87,54.95,-6.24,71.0,1,2026-06-02 to 2026-09-17 (75 days),-1.0,40.1,0.3144,39.58,39.16,BULLISH,MEDIUM,Price at statistical extreme; Strong trend (ADX=32),5.96,-1.0,1.0,39,2026-10-27,,0
2026-09-18T14:51:25,2026-09-18,TNL,HOLD,0,EMA Crossover (9/21),MEDIUM,3,3.77,63.74,4.29,0.0,10.4,0.0,0.0,2026-10-10,0.67,0.9,100.0,26.77,8.67,37.16,-6.44,22.0,1,2026-06-02 to 2026-09-17 (75 days),-1.0,32.3,0.2817,71.58,70.19,BULLISH,MEDIUM,Strong trend (ADX=42); Last surprise: -1.6%,6.66,-1.0,1.0,33,2026-10-21,-1.57,0
2026-09-18T14:48:04,2026-09-18,IRM,HOLD,0,VWAP Trend,MEDIUM,2,3.74,114.0,4.85,0.0,3.98,0.0,0.0,2026-09-21,0.26,0.36,60.0,1.19,3.07,33.1,-6.65,3.3,10,2026-06-02 to 2026-09-17 (75 days),-1.0,44.1,0.2784,120.26,109.05,BULLISH,MEDIUM,Last surprise: +7.1%; Earnings conf adj: +1,6.73,-1.0,1.0,47,2026-11-04,7.14,1
2026-09-18T14:47:37,2026-09-18,CVNA,BUY,1,Stochastic Oscillator,HIGH,5,3.66,65.84,9.11,59.84,12.11,73.81,7.28,2026-10-02,2.21,3.61,100.0,157.03,60.95,59.7,-7.36,14.0,1,2026-06-02 to 2026-09-17 (75 days),0.25,40.1,0.4111,69.25,73.13,BEARISH,HIGH,Last surprise: +10.5%; Earnings conf adj: +1; Size: Kelly 10.0% / VolTgt 4.6% / Blend 7.3%,4.56,-1.0,1.0,40,2026-10-28,10.53,1
2026-09-18T14:48:00,2026-09-18,HRL,EXIT,-1,Momentum (Rate of Change),HIGH,4,3.49,20.76,2.81,21.34,9.84,18.72,7.4,2026-12-09,0.74,1.03,100.0,52.99,14.43,44.65,-9.14,82.0,1,2026-06-02 to 2026-09-17 (75 days),-1.0,28.6,0.391,23.74,22.97,BULLISH,MEDIUM,RSI oversold; Strong trend (ADX=54); Last surprise: +5.7%; Earnings conf adj: +1; Size: Kelly 10.0% / VolTgt 4.8% / Blend 7.4%,4.8,-1.0,1.0,-22,2026-08-27,5.71,1
2026-09-18T14:48:46,2026-09-18,TPR,HOLD,0,Multi-Factor Momentum MR,MEDIUM,2,3.48,116.04,4.57,0.0,6.86,0.0,0.0,2026-10-27,0.14,0.2,100.0,2.97,0.66,44.87,-10.35,39.0,1,2026-06-02 to 2026-09-17 (75 days),-1.0,33.0,0.3135,135.85,137.9,BEARISH,MEDIUM,Strong trend (ADX=49); Last surprise: +3.1%,5.98,-1.0,1.0,48,2026-11-05,3.13,0
2026-09-18T14:49:00,2026-09-18,ZTS,HOLD,0,SMA Crossover (10/50),LOW,1,3.41,73.02,3.61,0.0,5.42,0.0,0.0,2026-09-28,0.29,0.47,50.0,1.52,2.52,14.71,-5.79,10.5,2,2026-06-02 to 2026-09-17 (75 days),-1.0,42.0,0.2587,75.31,100.14,BEARISH,MEDIUM,Last surprise: +1.1%,7.0,-1.0,1.0,46,2026-11-03,1.08,0
2026-09-18T14:50:55,2026-09-18,CHDN,HOLD,0,MACD Crossover,LOW,0,3.32,82.22,5.29,0.0,7.94,0.0,0.0,2026-09-30,-1.37,-1.67,33.3,0.0,-26.43,-7.08,-12.37,12.7,3,2026-06-02 to 2026-09-17 (75 days),-1.0,41.0,0.3489,86.52,93.17,BEARISH,MEDIUM,No special conditions,5.37,-1.0,1.0,40,2026-10-28,,0
2026-09-18T14:51:16,2026-09-18,SON,HOLD,0,EMA Crossover (9/21),HIGH,4,3.29,48.82,5.02,0.0,17.57,0.0,0.0,2026-12-05,1.11,1.67,100.0,83.37,30.86,30.11,-9.94,78.0,1,2026-06-02 to 2026-09-17 (75 days),-1.0,30.5,0.281,55.1,50.72,BULLISH,MEDIUM,Strong trend (ADX=55),6.67,-1.0,1.0,41,2026-10-29,,0
2026-09-18T14:50:25,2026-09-18,IDA,HOLD,0,ADX Trend Following,HIGH,4,3.27,133.24,2.17,0.0,7.06,0.0,0.0,2026-10-30,1.28,2.17,100.0,49.05,16.9,22.73,-5.66,42.0,1,2026-06-02 to 2026-09-17 (75 days),-1.0,35.0,0.1383,141.3,138.27,BULLISH,LOW,Strong trend (ADX=40),10.0,-1.0,1.0,41,2026-10-29,,0
2026-09-18T14:48:40,2026-09-18,STE,HOLD,0,EMA Crossover (9/21),HIGH,4,3.23,208.04,3.09,0.0,4.63,0.0,0.0,2026-11-23,1.1,1.9,100.0,68.84,24.99,25.74,-5.8,66.0,1,2026-06-02 to 2026-09-17 (75 days),-1.0,28.0,0.1558,224.57,229.6,BEARISH,LOW,RSI oversold; Strong trend (ADX=48); Last surprise: +4.0%,10.0,-1.0,1.0,47,2026-11-04,4.02,0
2026-09-18T14:48:34,2026-09-18,RCL,HOLD,0,SMA Crossover (10/50),MEDIUM,3,3.22,249.74,4.23,0.0,10.58,0.0,0.0,2026-12-09,0.37,0.59,100.0,21.97,7.31,46.7,-12.92,82.0,1,2026-06-02 to 2026-09-17 (75 days),-1.0,24.5,0.2482,290.12,286.2,BULLISH,MEDIUM,RSI oversold; Strong trend (ADX=54); Last surprise: +5.8%; Earnings conf adj: +1,7.55,-1.0,1.0,39,2026-10-27,5.78,1
2026-09-18T14:47:09,2026-09-18,ABT,HOLD,0,MACD Crossover,HIGH,4,3.19,102.23,4.01,0.0,10.29,0.0,0.0,2026-10-29,2.51,4.2,100.0,107.36,40.5,-37.16,-4.45,41.0,1,2026-06-02 to 2026-09-17 (75 days),-1.0,36.4,0.204,105.8,104.33,BULLISH,MEDIUM,Strong trend (ADX=44); Last surprise: +2.3%,9.19,-1.0,1.0,26,2026-10-14,2.34,0
2026-09-18T14:48:41,2026-09-18,STT,HOLD,0,Composite Multi-Indicator,HIGH,5,3.17,183.07,3.54,0.0,8.87,0.0,0.0,2026-10-14,2.5,5.03,100.0,95.97,35.67,-25.98,-3.23,26.0,1,2026-06-02 to 2026-09-17 (75 days),-1.0,40.2,0.2209,186.99,150.97,BULLISH,MEDIUM,Last surprise: +9.3%; Earnings conf adj: +1,8.49,-1.0,1.0,26,2026-10-14,9.28,1
2026-09-18T14:48:28,2026-09-18,PCAR,HOLD,0,Momentum (Rate of Change),HIGH,5,3.13,117.36,2.74,0.0,9.59,0.0,0.0,2026-11-22,1.38,2.28,100.0,108.48,37.2,22.03,-5.87,65.0,1,2026-06-02 to 2026-09-17 (75 days),-1.0,28.5,0.1992,127.57,119.97,BULLISH,LOW,RSI oversold; Strong trend (ADX=38); Last surprise: +5.1%; Earnings conf adj: +1,9.41,-1.0,1.0,39,2026-10-27,5.15,1
2026-09-18T14:47:29,2026-09-18,CHTR,HOLD,0,MACD Crossover,HIGH,5,3.08,133.37,10.9,0.0,16.35,0.0,0.0,2026-10-10,1.23,1.87,100.0,88.3,32.47,48.25,-8.62,22.0,1,2026-06-02 to 2026-09-17 (75 days),-1.0,40.6,0.6373,143.53,179.8,BEARISH,HIGH,Last surprise: +6.0%; Earnings conf adj: +1,2.94,-1.0,1.0,42,2026-10-30,5.96,1
2026-09-18T14:50:06,2026-09-18,ADC,EXIT,-1,Momentum (Rate of Change),MEDIUM,3,3.08,68.16,2.12,69.6,5.3,64.55,10.0,2026-11-02,0.91,1.67,100.0,47.28,11.19,27.89,-4.91,45.0,1,2026-06-02 to 2026-09-17 (75 days),-1.0,17.7,0.1129,75.17,74.18,BULLISH,LOW,RSI oversold; Price at statistical extreme; Strong trend (ADX=60); Size: Kelly 10.0% / VolTgt 10.0% / Blend 10.0%,10.0,-1.0,1.0,32,2026-10-20,,0
2026-09-18T14:49:21,2026-09-18,ELS,HOLD,0,ADX Trend Following,LOW,1,3.07,61.1,1.92,0.0,2.92,0.0,0.0,2026-09-26,-0.75,-0.99,50.0,0.31,-8.36,-9.37,-4.81,8.0,4,2026-06-02 to 2026-09-17 (75 days),-1.0,37.4,0.1312,64.19,63.14,BULLISH,LOW,Strong trend (ADX=38); Last surprise: +9.1%; Earnings conf adj: +1,7.0,-1.0,1.0,33,2026-10-21,9.09,1
2026-09-18T14:47:57,2026-09-18,GWW,HOLD,0,Momentum (Rate of Change),HIGH,4,2.96,1262.61,3.02,0.0,9.06,0.0,0.0,2026-11-10,1.0,1.67,100.0,58.52,16.1,16.98,-3.43,53.0,1,2026-06-02 to 2026-09-17 (75 days),-1.0,39.1,0.2043,1325.52,1187.43,BULLISH,MEDIUM,Last surprise: +6.3%; Earnings conf adj: +1,9.18,-1.0,1.0,47,2026-11-04,6.28,1
2026-09-18T14:51:25,2026-09-18,MAT,HOLD,0,EMA Crossover (9/21),MEDIUM,2,2.93,13.31,4.4,0.0,6.6,0.0,0.0,2026-11-03,0.54,0.83,100.0,26.58,8.97,31.94,-7.38,46.0,1,2026-06-02 to 2026-09-17 (75 days),-1.0,35.2,0.3167,14.45,16.28,BEARISH,MEDIUM,Strong trend (ADX=38); Last surprise: -75.0%; Earnings conf adj: -1,5.92,-1.0,1.0,39,2026-10-27,-75.0,-1
2026-09-18T14:49:46,2026-09-18,RYAN,HOLD,0,ADX Trend Following,HIGH,4,2.91,40.04,5.7,0.0,19.53,0.0,0.0,2026-11-15,2.01,3.66,100.0,215.8,93.1,-17.13,-8.99,58.0,1,2026-06-02 to 2026-09-17 (75 days),-1.0,43.9,0.3256,42.08,40.76,BULLISH,MEDIUM,Strong trend (ADX=31),5.76,-1.0,1.0,41,2026-10-29,,0
2026-09-18T14:47:34,2026-09-18,CRH,EXIT,-1,Momentum (Rate of Change),MEDIUM,2,2.77,86.7,4.59,90.68,6.88,80.74,8.46,2026-10-16,-0.11,-0.17,100.0,8.01,-4.01,45.71,-6.95,28.0,1,2026-06-02 to 2026-09-17 (75 days),-1.0,33.1,0.2707,96.52,109.7,BEARISH,MEDIUM,Strong trend (ADX=45); Last surprise: -4.5%; Size: Kelly 10.0% / VolTgt 6.9% / Blend 8.5%,6.93,-1.0,1.0,41,2026-10-29,-4.46,0
2026-09-18T14:51:04,2026-09-18,GXO,HOLD,0,EMA Crossover (9/21),MEDIUM,3,2.77,46.58,4.87,0.0,7.3,0.0,0.0,2026-10-27,0.72,1.13,100.0,42.43,14.81,33.74,-8.05,39.0,1,2026-06-02 to 2026-09-17 (75 days),-1.0,46.4,0.2808,48.93,52.86,BEARISH,MEDIUM,No special conditions,6.68,-1.0,1.0,46,2026-11-03,,0
2026-09-18T14:51:20,2026-09-18,EPR,HOLD,0,EMA Crossover (9/21),HIGH,5,2.75,57.16,2.47,0.0,7.41,0.0,0.0,2026-11-28,1.12,1.77,100.0,57.02,19.94,10.06,-6.61,71.0,1,2026-06-02 to 2026-09-17 (75 days),-1.0,31.6,0.1495,60.38,55.29,BULLISH,LOW,Price at statistical extreme; Last surprise: +5.3%; Earnings conf adj: +1,10.0,-1.0,1.0,40,2026-10-28,5.26,1
2026-09-18T14:51:27,2026-09-18,BBWI,EXIT,-1,Momentum (Rate of Change),HIGH,5,2.72,17.19,10.89,19.06,16.34,14.38,6.45,2026-10-29,1.25,2.1,100.0,123.64,45.16,64.69,-17.49,41.0,1,2026-06-02 to 2026-09-17 (75 days),-1.0,41.4,0.646,19.26,19.67,BEARISH,HIGH,Last surprise: +158.3%; Earnings conf adj: +1; Size: Kelly 10.0% / VolTgt 2.9% / Blend 6.5%,2.9,-1.0,1.0,62,2026-11-19,158.33,1
2026-09-18T14:48:04,2026-09-18,IR,HOLD,0,MACD Crossover,MEDIUM,3,2.71,72.65,4.12,0.0,6.18,0.0,0.0,2026-10-14,0.67,1.2,100.0,29.64,9.7,4.63,-5.92,26.0,1,2026-06-02 to 2026-09-17 (75 days),-1.0,33.7,0.223,80.48,81.82,BEARISH,MEDIUM,High volume; Strong trend (ADX=43); Last surprise: +3.6%,8.41,-1.0,1.0,41,2026-10-29,3.61,0
2026-09-18T14:48:19,2026-09-18,MRSH,EXIT,-1,Momentum (Rate of Change),HIGH,4,2.71,174.58,3.21,180.18,11.23,154.97,9.59,2026-11-20,1.74,3.19,100.0,127.5,45.88,12.67,-5.27,63.0,1,2026-06-02 to 2026-09-17 (75 days),-1.0,34.0,0.2045,185.5,176.45,BULLISH,MEDIUM,Strong trend (ADX=39); Last surprise: +2.4%; Size: Kelly 10.0% / VolTgt 9.2% / Blend 9.6%,9.17,-1.0,1.0,27,2026-10-15,2.42,0
2026-09-18T14:48:59,2026-09-18,ZBH,HOLD,0,MACD Crossover,LOW,0,2.71,94.25,4.77,0.0,7.15,0.0,0.0,2026-10-06,-0.33,-0.49,50.0,0.73,-7.06,-57.93,-9.23,18.5,2,2026-06-02 to 2026-09-17 (75 days),-1.0,43.7,0.2843,95.97,91.15,BULLISH,MEDIUM,Last surprise: +3.0%,6.59,-1.0,1.0,48,2026-11-05,2.99,0
2026-09-18T14:48:31,2026-09-18,PNW,HOLD,0,EMA Crossover (9/21),MEDIUM,3,2.68,95.59,1.83,0.0,3.66,0.0,0.0,2026-11-06,0.71,1.12,100.0,25.11,8.43,16.33,-3.79,49.0,1,2026-06-02 to 2026-09-17 (75 days),-1.0,34.4,0.1089,100.72,97.41,BULLISH,LOW,Last surprise: -2.7%,10.0,-1.0,1.0,46,2026-11-03,-2.72,0
2026-09-18T14:51:31,2026-09-18,KBH,HOLD,0,ADX Trend Following,MEDIUM,2,2.66,48.54,5.05,0.0,7.57,0.0,0.0,2026-10-31,0.78,1.77,100.0,71.73,25.72,42.51,-12.53,43.0,1,2026-06-02 to 2026-09-17 (75 days),-1.0,34.1,0.3206,54.64,55.57,BEARISH,MEDIUM,High volume; Strong trend (ADX=41); Earnings in 4d (2026-09-22); Last surprise: -6.5%; Earnings conf adj: -1,5.85,-1.0,1.0,4,2026-09-22,-6.52,-1
2026-09-18T14:49:52,2026-09-18,ONB,HOLD,0,EMA Crossover (9/21),HIGH,4,2.63,25.32,2.4,0.0,7.2,0.0,0.0,2026-12-04,1.54,2.36,100.0,76.21,27.51,-0.05,-5.52,77.0,1,2026-06-02 to 2026-09-17 (75 days),-1.0,41.9,0.155,26.12,24.02,BULLISH,LOW,No special conditions,10.0,-1.0,1.0,33,2026-10-21,,0
2026-09-18T14:49:05,2026-09-18,MTZ,HOLD,0,PEAD Earnings Drift,LOW,0,2.62,207.75,11.1,0.0,16.65,0.0,0.0,2026-11-14,-0.61,-0.9,0.0,0.0,-36.29,49.21,-33.02,57.0,1,2026-06-02 to 2026-09-17 (75 days),-1.0,29.7,0.4691,283.5,305.61,BEARISH,HIGH,RSI oversold; High volume; Price at statistical extreme; Strong trend (ADX=34); Last surprise: -0.4%,4.0,-1.0,1.0,41,2026-10-29,-0.45,0
2026-09-18T14:48:34,2026-09-18,RDDT,EXIT,-1,VWAP Trend,MEDIUM,3,2.56,152.83,9.69,167.64,8.91,139.21,1.64,2026-09-21,0.62,1.23,28.6,1.94,18.56,47.75,-14.9,3.9,7,2026-06-02 to 2026-09-17 (75 days),-1.0,46.5,0.5729,164.78,172.87,BEARISH,HIGH,Last surprise: +30.2%; Earnings conf adj: +1; Size: Kelly 0.0% / VolTgt 3.3% / Blend 1.6%,3.27,-1.0,1.0,41,2026-10-29,30.21,1
2026-09-18T14:47:49,2026-09-18,EXR,HOLD,0,Multi-Factor Momentum MR,HIGH,4,2.55,139.03,2.25,0.0,7.88,0.0,0.0,2026-12-05,0.8,1.21,100.0,39.7,13.77,14.0,-4.46,78.0,1,2026-06-02 to 2026-09-17 (75 days),-1.0,46.5,0.1577,143.34,138.36,BULLISH,LOW,Strong trend (ADX=31); Last surprise: +8.7%; Earnings conf adj: +1,10.0,-1.0,1.0,40,2026-10-28,8.7,1
2026-09-18T14:48:46,2026-09-18,TMUS,HOLD,0,Stochastic Oscillator,HIGH,4,2.55,166.45,4.78,0.0,7.17,0.0,0.0,2026-10-25,0.89,1.29,100.0,50.5,17.05,50.69,-11.3,37.0,1,2026-06-02 to 2026-09-17 (75 days),-1.0,34.2,0.3286,180.73,191.36,BEARISH,MEDIUM,High volume; Price at statistical extreme; Last surprise: +15.0%; Earnings conf adj: +1,5.71,-1.0,1.0,40,2026-10-28,15.0,1
2026-09-18T14:47:16,2026-09-18,AOS,HOLD,0,Momentum (Rate of Change),LOW,1,2.51,56.93,3.75,0.0,5.62,0.0,0.0,2026-10-16,-0.29,-0.43,50.0,0.09,-9.52,-12.64,-12.55,28.5,2,2026-06-02 to 2026-09-17 (75 days),-1.0,36.9,0.2178,60.51,64.31,BEARISH,MEDIUM,Strong trend (ADX=32); Last surprise: +12.0%; Earnings conf adj: +1,7.0,-1.0,1.0,39,2026-10-27,11.96,1
2026-09-18T14:48:08,2026-09-18,KKR,HOLD,0,MACD Crossover,HIGH,5,2.46,98.19,5.11,0.0,7.67,0.0,0.0,2026-10-07,1.06,1.69,66.7,4.31,31.01,16.13,-8.38,19.0,3,2026-06-02 to 2026-09-17 (75 days),-1.0,38.2,0.2932,103.86,104.64,BEARISH,MEDIUM,Strong trend (ADX=40); Last surprise: +14.0%; Earnings conf adj: +1,6.39,-1.0,1.0,48,2026-11-05,13.99,1
2026-09-18T14:49:06,2026-09-18,NLY,HOLD,0,EMA Crossover (9/21),HIGH,4,2.4,21.31,2.2,0.0,7.7,0.0,0.0,2026-12-05,0.92,1.44,100.0,37.97,13.13,1.08,-4.74,78.0,1,2026-06-02 to 2026-09-17 (75 days),-1.0,26.2,0.1444,22.78,21.66,BULLISH,LOW,RSI oversold; Strong trend (ADX=52); Last surprise: +5.3%; Earnings conf adj: +1,10.0,-1.0,1.0,33,2026-10-21,5.33,1
2026-09-18T14:47:34,2026-09-18,CPT,HOLD,0,ADX Trend Following,LOW,1,2.36,100.93,1.89,0.0,3.78,0.0,0.0,2026-10-27,0.32,0.45,100.0,11.57,3.28,16.26,-5.56,39.0,1,2026-06-02 to 2026-09-17 (75 days),-1.0,28.5,0.1275,109.12,106.04,BULLISH,LOW,RSI oversold; Strong trend (ADX=57); Last surprise: -33.3%; Earnings conf adj: -1,7.0,-1.0,1.0,48,2026-11-05,-33.33,-1
2026-09-18T14:51:11,2026-09-18,FND,HOLD,0,Momentum (Rate of Change),HIGH,4,2.36,47.41,8.73,0.0,13.1,0.0,0.0,2026-12-04,1.15,2.01,100.0,157.6,55.81,75.48,-11.02,77.0,1,2026-06-02 to 2026-09-17 (75 days),-1.0,38.5,0.4169,54.32,57.43,BEARISH,HIGH,High volume; Strong trend (ADX=39),4.5,-1.0,1.0,40,2026-10-28,,0
2026-09-18T14:48:02,2026-09-18,IDXX,HOLD,0,VWAP Trend,MEDIUM,3,2.35,506.48,4.16,0.0,4.76,0.0,0.0,2026-09-24,0.56,0.78,50.0,1.53,11.66,36.52,-7.04,6.6,10,2026-06-02 to 2026-09-17 (75 days),-1.0,34.6,0.2354,551.88,598.53,BEARISH,MEDIUM,Strong trend (ADX=42); Last surprise: +8.7%; Earnings conf adj: +1,7.96,-1.0,1.0,45,2026-11-02,8.65,1
2026-09-18T14:48:41,2026-09-18,STZ,HOLD,0,ADX Trend Following,MEDIUM,2,2.28,122.45,3.89,0.0,5.83,0.0,0.0,2026-09-29,-0.3,-0.38,60.0,0.8,-8.16,21.35,-10.91,11.6,5,2026-06-02 to 2026-09-17 (75 days),-1.0,36.6,0.2653,130.62,143.12,BEARISH,MEDIUM,Last surprise: +7.2%; Earnings conf adj: +1,7.07,-1.0,1.0,18,2026-10-06,7.19,1
2026-09-18T14:48:02,2026-09-18,IEX,HOLD,0,Momentum (Rate of Change),HIGH,5,2.21,221.89,2.44,0.0,8.54,0.0,0.0,2026-12-10,1.51,2.27,100.0,88.55,28.56,10.7,-4.26,83.0,1,2026-06-02 to 2026-09-17 (75 days),-1.0,40.4,0.1707,228.6,207.08,BULLISH,LOW,Strong trend (ADX=57); Last surprise: +10.0%; Earnings conf adj: +1,10.0,-1.0,1.0,40,2026-10-28,9.95,1
2026-09-18T14:48:15,2026-09-18,MCHP,EXIT,-1,52-Week High Momentum,MEDIUM,3,2.17,70.82,5.32,74.59,3.55,68.31,7.94,2026-09-20,-0.68,-2.35,100.0,42.29,-8.03,56.96,-5.83,2.0,1,2026-06-02 to 2026-09-17 (75 days),-1.0,41.6,0.3189,77.09,77.44,BEARISH,MEDIUM,Last surprise: +8.6%; Earnings conf adj: +1; Size: Kelly 10.0% / VolTgt 5.9% / Blend 7.9%,5.88,-1.0,1.0,48,2026-11-05,8.57,1
2026-09-18T14:48:45,2026-09-18,TFC,HOLD,0,EMA Crossover (9/21),HIGH,4,2.16,48.45,3.62,0.0,10.86,0.0,0.0,2026-12-04,0.87,1.12,100.0,49.86,17.6,11.75,-6.76,77.0,1,2026-06-02 to 2026-09-17 (75 days),-1.0,35.7,0.2277,51.14,49.01,BULLISH,MEDIUM,High volume; Price at statistical extreme; Last surprise: +13.9%; Earnings conf adj: +1,8.23,-1.0,1.0,28,2026-10-16,13.89,1
2026-09-18T14:49:50,2026-09-18,KRYS,HOLD,0,Multi-Factor Momentum MR,HIGH,4,2.14,338.75,4.88,0.0,13.17,0.0,0.0,2026-10-19,2.69,7.14,100.0,142.0,56.57,-6.93,-3.99,31.0,1,2026-06-02 to 2026-09-17 (75 days),-1.0,44.5,0.3005,344.89,295.58,BULLISH,MEDIUM,No special conditions,6.24,-1.0,1.0,45,2026-11-02,,0
2026-09-18T14:50:15,2026-09-18,FR,HOLD,0,Momentum (Rate of Change),HIGH,4,2.0,62.38,1.82,0.0,5.46,0.0,0.0,2026-11-02,1.04,1.64,100.0,55.58,15.78,-1.17,-5.34,45.0,1,2026-06-02 to 2026-09-17 (75 days),-1.0,50.6,0.1182,63.91,60.65,BULLISH,LOW,No special conditions,10.0,-1.0,1.0,33,2026-10-21,,0
2026-09-18T14:50:41,2026-09-18,FNB,HOLD,0,EMA Crossover (9/21),MEDIUM,3,1.98,18.04,2.31,0.0,4.62,0.0,0.0,2026-12-01,0.95,1.31,100.0,45.3,15.87,-0.46,-5.25,74.0,1,2026-06-02 to 2026-09-17 (75 days),-1.0,41.6,0.1626,18.66,17.62,BULLISH,LOW,No special conditions,10.0,-1.0,1.0,27,2026-10-15,,0
2026-09-18T14:47:31,2026-09-18,CMS,HOLD,0,EMA Crossover (9/21),MEDIUM,2,1.95,66.2,1.85,0.0,2.78,0.0,0.0,2026-10-18,0.13,0.2,100.0,3.64,0.89,23.13,-6.64,30.0,1,2026-06-02 to 2026-09-17 (75 days),-1.0,29.9,0.1245,70.52,72.29,BEARISH,LOW,RSI oversold; Strong trend (ADX=35); Last surprise: +2.8%,10.0,-1.0,1.0,41,2026-10-29,2.78,0
2026-09-18T14:48:29,2026-09-18,PG,HOLD,0,Stochastic Oscillator,HIGH,4,1.95,147.55,1.86,0.0,2.79,0.0,0.0,2026-09-25,1.05,2.68,100.0,19.95,5.51,-14.73,-1.08,7.0,1,2026-06-02 to 2026-09-17 (75 days),-1.0,56.7,0.15,145.89,145.86,BULLISH,LOW,Last surprise: +1.4%,10.0,-1.0,1.0,34,2026-10-22,1.42,0
2026-09-18T14:50:52,2026-09-18,GBCI,HOLD,0,Multi-Factor Momentum MR,MEDIUM,3,1.86,44.72,2.73,0.0,6.83,0.0,0.0,2026-11-23,0.72,1.03,100.0,39.68,13.38,24.84,-11.03,66.0,1,2026-06-02 to 2026-09-17 (75 days),-1.0,30.8,0.1643,48.74,47.35,BULLISH,LOW,Strong trend (ADX=42),10.0,-1.0,1.0,27,2026-10-15,,0
2026-09-18T14:51:34,2026-09-18,XRAY,EXIT,-1,Momentum (Rate of Change),HIGH,4,1.84,9.38,9.91,10.31,24.18,7.11,7.07,2026-11-03,0.57,0.86,100.0,53.5,15.79,30.69,-19.37,46.0,1,2026-06-02 to 2026-09-17 (75 days),-1.0,28.5,0.4528,11.97,11.71,BULLISH,HIGH,RSI oversold; High volume; Price at statistical extreme; Strong trend (ADX=45); Last surprise: +48.6%; Earnings conf adj: +1; Size: Kelly 10.0% / VolTgt 4.1% / Blend 7.1%,4.14,-1.0,1.0,48,2026-11-05,48.57,1
2026-09-18T14:48:40,2026-09-18,SPGI,HOLD,0,VWAP Trend,MEDIUM,3,1.73,404.11,4.42,0.0,6.63,0.0,0.0,2026-09-27,1.56,2.84,33.3,2.27,49.51,40.56,-8.97,9.7,6,2026-06-02 to 2026-09-17 (75 days),-1.0,39.5,0.2893,425.28,426.19,BEARISH,MEDIUM,Last surprise: -3.0%,6.48,-1.0,1.0,41,2026-10-29,-2.99,0
2026-09-18T14:47:25,2026-09-18,CARR,EXIT,-1,Momentum (Rate of Change),MEDIUM,2,1.68,54.39,5.06,57.14,11.07,48.37,9.0,2026-10-24,-0.05,-0.08,100.0,10.67,-3.8,44.94,-12.18,36.0,1,2026-06-02 to 2026-09-17 (75 days),-1.0,28.4,0.2344,62.39,61.22,BULLISH,MEDIUM,RSI oversold; Price at statistical extreme; Strong trend (ADX=37); Last surprise: +4.9%; Size: Kelly 10.0% / VolTgt 8.0% / Blend 9.0%,8.0,-1.0,1.0,39,2026-10-27,4.88,0
2026-09-18T14:48:04,2026-09-18,IP,HOLD,0,SMA Crossover (10/50),HIGH,4,1.63,35.55,5.5,0.0,19.25,0.0,0.0,2026-12-14,0.97,1.65,100.0,102.87,39.07,16.02,-16.73,87.0,1,2026-06-02 to 2026-09-17 (75 days),-1.0,40.9,0.3675,38.7,37.44,BULLISH,MEDIUM,High volume; Strong trend (ADX=46); Last surprise: +200.0%; Earnings conf adj: +1,5.1,-1.0,1.0,40,2026-10-28,200.0,1
2026-09-18T14:48:53,2026-09-18,VMC,HOLD,0,EMA Crossover (9/21),MEDIUM,2,1.59,244.5,4.09,0.0,6.13,0.0,0.0,2026-09-30,0.24,0.34,66.7,1.77,2.93,40.91,-8.43,12.3,3,2026-06-02 to 2026-09-17 (75 days),-1.0,29.2,0.2379,274.17,285.82,BEARISH,MEDIUM,RSI oversold; Strong trend (ADX=50); Last surprise: +4.9%,7.88,-1.0,1.0,41,2026-10-29,4.86,0
2026-09-18T14:49:12,2026-09-18,CG,HOLD,0,EMA Crossover (9/21),MEDIUM,3,1.59,40.17,5.68,0.0,8.52,0.0,0.0,2026-11-12,0.15,0.24,100.0,2.66,0.56,28.2,-10.07,55.0,1,2026-06-02 to 2026-09-17 (75 days),-1.0,26.4,0.2884,46.33,49.87,BEARISH,MEDIUM,RSI oversold; Strong trend (ADX=50); Last surprise: +17.6%; Earnings conf adj: +1,6.5,-1.0,1.0,41,2026-10-29,17.58,1
2026-09-18T14:49:44,2026-09-18,OC,HOLD,0,MACD Crossover,HIGH,4,1.59,124.5,5.91,0.0,9.63,0.0,0.0,2026-10-01,1.31,2.91,66.7,7.12,57.75,43.58,-13.54,13.0,3,2026-06-02 to 2026-09-17 (75 days),-1.0,31.3,0.3394,142.16,124.85,BULLISH,MEDIUM,Strong trend (ADX=36),5.53,-1.0,1.0,47,2026-11-04,,0
2026-09-18T14:47:26,2026-09-18,CCI,HOLD,0,VWAP Trend,LOW,1,1.57,73.74,4.0,0.0,3.89,0.0,0.0,2026-09-24,-1.59,-1.98,46.2,0.43,-38.33,6.06,-18.47,6.1,13,2026-06-02 to 2026-09-17 (75 days),-1.0,47.0,0.2001,74.9,81.86,BEARISH,MEDIUM,Last surprise: +35.3%; Earnings conf adj: +1,7.0,-1.0,1.0,33,2026-10-21,35.29,1
2026-09-18T14:47:46,2026-09-18,ES,HOLD,0,Momentum (Rate of Change),MEDIUM,2,1.54,68.99,2.17,0.0,5.42,0.0,0.0,2026-11-05,0.5,0.74,100.0,29.95,6.13,3.72,-5.7,48.0,1,2026-06-02 to 2026-09-17 (75 days),-1.0,42.4,0.193,72.05,69.53,BULLISH,LOW,Strong trend (ADX=33); Last surprise: +0.0%,9.71,-1.0,1.0,47,2026-11-04,0.0,0
2026-09-18T14:48:08,2026-09-18,KMB,HOLD,0,ADX Trend Following,HIGH,5,1.53,98.19,3.49,0.0,6.5,0.0,0.0,2026-10-03,1.03,1.54,66.7,2.74,19.39,7.6,-8.74,15.0,3,2026-06-02 to 2026-09-17 (75 days),-1.0,31.6,0.2132,106.63,100.53,BULLISH,MEDIUM,Strong trend (ADX=40); Last surprise: +5.5%; Earnings conf adj: +1,8.79,-1.0,1.0,46,2026-11-03,5.47,1
2026-09-18T14:49:12,2026-09-18,TRU,HOLD,0,EMA Crossover (9/21),MEDIUM,3,1.53,73.11,6.23,0.0,15.58,0.0,0.0,2026-11-28,0.48,0.8,100.0,33.85,11.23,13.66,-10.27,71.0,1,2026-06-02 to 2026-09-17 (75 days),-1.0,33.6,0.3229,79.77,76.11,BULLISH,MEDIUM,Strong trend (ADX=34); Last surprise: +7.0%; Earnings conf adj: +1,5.81,-1.0,1.0,34,2026-10-22,6.96,1
2026-09-18T14:50:58,2026-09-18,POR,HOLD,0,EMA Crossover (9/21),MEDIUM,2,1.53,48.06,1.92,0.0,3.84,0.0,0.0,2026-11-09,0.35,0.54,100.0,11.92,3.76,9.92,-5.73,52.0,1,2026-06-02 to 2026-09-17 (75 days),-1.0,40.4,0.1353,50.16,49.94,BULLISH,LOW,No special conditions,10.0,-1.0,1.0,42,2026-10-30,,0
2026-09-18T14:48:43,2026-09-18,SYK,HOLD,0,EMA Crossover (9/21),MEDIUM,3,1.48,280.13,5.75,0.0,8.62,0.0,0.0,2026-10-07,0.34,0.48,66.7,2.06,5.92,19.62,-7.54,19.7,3,2026-06-02 to 2026-09-17 (75 days),-1.0,33.4,0.3982,321.44,333.73,BEARISH,MEDIUM,Strong trend (ADX=43); Last surprise: +5.7%; Earnings conf adj: +1,4.71,-1.0,1.0,41,2026-10-29,5.73,1
2026-09-18T14:49:41,2026-09-18,WTFC,HOLD,0,ADX Trend Following,LOW,0,1.48,147.94,2.37,0.0,3.56,0.0,0.0,2026-09-30,0.22,0.31,50.0,1.39,2.09,5.79,-5.47,12.8,4,2026-06-02 to 2026-09-17 (75 days),-1.0,34.6,0.1657,156.88,148.73,BULLISH,LOW,Price at statistical extreme,7.0,-1.0,1.0,31,2026-10-19,,0
2026-09-18T14:51:21,2026-09-18,BCO,HOLD,0,EMA Crossover (9/21),MEDIUM,3,1.48,106.56,4.65,0.0,9.3,0.0,0.0,2026-10-29,0.9,1.45,100.0,53.05,18.81,5.63,-11.31,41.0,1,2026-06-02 to 2026-09-17 (75 days),-1.0,43.0,0.312,112.69,112.18,BULLISH,MEDIUM,Last surprise: +4.4%,6.01,-1.0,1.0,47,2026-11-04,4.41,0
2026-09-18T14:47:42,2026-09-18,DRI,HOLD,-1,Momentum (Rate of Change),LOW,0,1.46,206.74,3.73,214.45,5.59,195.18,0.0,2026-10-15,-0.42,-0.55,50.0,0.44,-9.59,-28.11,-8.95,27.5,2,2026-06-02 to 2026-09-17 (75 days),-1.0,43.2,0.3264,210.43,200.63,BULLISH,MEDIUM,Last surprise: +0.5%,5.74,-1.0,1.0,6,2026-09-24,0.55,0
2026-09-18T14:47:24,2026-09-18,BRO,HOLD,0,EMA Crossover (9/21),HIGH,4,1.42,65.12,4.41,0.0,15.44,0.0,0.0,2026-12-17,1.25,2.08,100.0,111.33,42.71,-19.87,-11.02,90.0,1,2026-06-02 to 2026-09-17 (75 days),-1.0,35.8,0.3009,69.92,68.62,BULLISH,MEDIUM,Strong trend (ADX=35); Last surprise: +0.0%,6.23,-1.0,1.0,38,2026-10-26,0.0,0
2026-09-18T14:47:44,2026-09-18,ED,HOLD,0,Momentum (Rate of Change),HIGH,4,1.41,107.08,1.65,0.0,4.95,0.0,0.0,2026-10-24,0.66,1.07,100.0,33.33,7.33,-7.02,-3.67,36.0,1,2026-06-02 to 2026-09-17 (75 days),-1.0,49.2,0.149,108.33,106.05,BULLISH,LOW,Last surprise: +7.8%; Earnings conf adj: +1,10.0,-1.0,1.0,48,2026-11-05,7.79,1
2026-09-18T14:47:14,2026-09-18,AME,HOLD,0,EMA Crossover (9/21),HIGH,4,1.37,234.32,3.35,0.0,10.05,0.0,0.0,2026-11-26,0.86,1.29,100.0,44.4,15.53,4.21,-7.52,69.0,1,2026-06-02 to 2026-09-17 (75 days),-1.0,44.7,0.249,240.94,226.97,BULLISH,MEDIUM,Last surprise: +5.0%; Earnings conf adj: +1,7.53,-1.0,1.0,41,2026-10-29,5.03,1
2026-09-18T14:48:35,2026-09-18,REG,HOLD,0,Momentum (Rate of Change),MEDIUM,2,1.37,73.12,1.74,0.0,3.48,0.0,0.0,2026-11-03,0.0,0.0,100.0,12.0,-0.71,5.73,-4.24,46.0,1,2026-06-02 to 2026-09-17 (75 days),-1.0,31.6,0.1152,77.09,74.61,BULLISH,LOW,Price at statistical extreme; Last surprise: +3.4%,10.0,-1.0,1.0,40,2026-10-28,3.39,0
2026-09-18T14:49:16,2026-09-18,LECO,HOLD,0,VWAP Trend,MEDIUM,3,1.35,257.0,5.15,0.0,4.93,0.0,0.0,2026-09-20,1.59,3.14,50.0,2.43,28.94,24.19,-4.51,2.8,12,2026-06-02 to 2026-09-17 (75 days),-1.0,39.8,0.3742,267.75,261.83,BULLISH,MEDIUM,Strong trend (ADX=46); Last surprise: +4.3%,5.01,-1.0,1.0,41,2026-10-29,4.27,0
2026-09-18T14:47:44,2026-09-18,EIX,EXIT,-1,52-Week High Momentum,MEDIUM,3,1.27,55.5,12.0,62.16,30.0,38.85,5.96,2026-11-13,-0.03,-0.04,100.0,19.73,-2.53,52.3,-13.47,56.0,1,2026-06-02 to 2026-09-17 (75 days),-1.0,34.7,0.981,69.56,67.37,BULLISH,HIGH,Strong trend (ADX=39); Last surprise: +27.3%; Earnings conf adj: +1; Size: Kelly 10.0% / VolTgt 1.9% / Blend 6.0%,1.91,-1.0,1.0,39,2026-10-27,27.27,1
2026-09-18T14:48:58,2026-09-18,XEL,HOLD,0,Momentum (Rate of Change),MEDIUM,3,1.23,73.63,2.17,0.0,5.42,0.0,0.0,2026-10-12,-0.18,-0.27,100.0,12.67,-2.49,10.38,-4.18,24.0,1,2026-06-02 to 2026-09-17 (75 days),-1.0,39.1,0.1853,77.17,77.14,BULLISH,LOW,Strong trend (ADX=45); Last surprise: +17.7%; Earnings conf adj: +1,10.0,-1.0,1.0,41,2026-10-29,17.72,1
2026-09-18T14:47:42,2026-09-18,DUK,HOLD,0,PEAD Earnings Drift,MEDIUM,3,1.16,118.54,1.61,0.0,4.03,0.0,0.0,2026-11-14,0.46,0.66,100.0,17.19,5.61,9.79,-4.88,57.0,1,2026-06-02 to 2026-09-17 (75 days),-1.0,39.3,0.1392,122.85,122.32,BULLISH,LOW,Strong trend (ADX=37); Last surprise: +10.0%; Earnings conf adj: +1,10.0,-1.0,1.0,48,2026-11-05,10.0,1
2026-09-18T14:47:41,2026-09-18,DOC,HOLD,0,Multi-Factor Momentum MR,HIGH,4,1.15,20.5,2.23,0.0,6.69,0.0,0.0,2026-12-28,0.96,1.4,100.0,56.28,20.07,-7.72,-10.77,101.0,1,2026-06-02 to 2026-09-17 (75 days),-1.0,45.7,0.1622,21.16,18.24,BULLISH,LOW,High volume; Last surprise: +166.7%; Earnings conf adj: +1,10.0,-1.0,1.0,34,2026-10-22,166.67,1
2026-09-18T14:47:11,2026-09-18,AEE,HOLD,0,Momentum (Rate of Change),MEDIUM,2,1.12,103.9,1.86,0.0,3.72,0.0,0.0,2026-10-16,0.25,0.39,100.0,21.36,2.45,6.86,-5.77,28.0,1,2026-06-02 to 2026-09-17 (75 days),-1.0,38.4,0.1337,108.0,106.35,BULLISH,LOW,Last surprise: +4.6%,10.0,-1.0,1.0,47,2026-11-04,4.63,0
2026-09-18T14:48:31,2026-09-18,PNC,EXIT,-1,Momentum (Rate of Change),HIGH,5,1.07,232.01,2.57,237.97,7.71,214.12,9.7,2026-12-03,1.19,1.67,100.0,65.46,19.91,-1.33,-6.91,76.0,1,2026-06-02 to 2026-09-17 (75 days),-1.0,32.3,0.1993,247.68,224.42,BULLISH,LOW,Price at statistical extreme; Last surprise: +8.1%; Earnings conf adj: +1; Size: Kelly 10.0% / VolTgt 9.4% / Blend 9.7%,9.41,-1.0,1.0,27,2026-10-15,8.09,1
2026-09-18T14:51:06,2026-09-18,SIGI,EXIT,-1,Momentum (Rate of Change),MEDIUM,2,1.04,87.12,2.56,89.35,5.12,82.66,10.0,2026-11-03,0.36,0.49,100.0,20.53,4.64,-1.29,-7.36,46.0,1,2026-06-02 to 2026-09-17 (75 days),-1.0,30.3,0.1475,93.29,85.9,BULLISH,LOW,Price at statistical extreme; Size: Kelly 10.0% / VolTgt 10.0% / Blend 10.0%,10.0,-1.0,1.0,33,2026-10-21,,0
2026-09-18T14:50:50,2026-09-18,WFRD,HOLD,0,Stochastic Oscillator,MEDIUM,2,1.02,82.05,9.63,0.0,14.45,0.0,0.0,2026-11-09,0.18,0.29,100.0,5.65,0.9,55.4,-14.88,52.0,1,2026-06-02 to 2026-09-17 (75 days),-1.0,34.9,0.4056,88.3,92.5,BEARISH,HIGH,Strong trend (ADX=37),4.62,-1.0,1.0,32,2026-10-20,,0
2026-09-18T14:48:16,2026-09-18,MDLZ,HOLD,0,EMA Crossover (9/21),HIGH,4,1.01,62.04,2.3,0.0,6.9,0.0,0.0,2026-10-30,0.51,0.79,100.0,22.31,7.06,-1.5,-5.54,42.0,1,2026-06-02 to 2026-09-17 (75 days),-1.0,48.1,0.1438,61.92,58.73,BULLISH,LOW,Last surprise: +7.4%; Earnings conf adj: +1,10.0,-1.0,1.0,39,2026-10-27,7.35,1
2026-09-18T14:51:25,2026-09-18,SLGN,HOLD,0,PEAD Earnings Drift,MEDIUM,2,1.01,38.0,4.31,0.0,8.62,0.0,0.0,2026-10-30,0.34,0.43,100.0,17.63,5.72,-7.45,-11.26,42.0,1,2026-06-02 to 2026-09-17 (75 days),-1.0,32.4,0.2581,42.21,41.48,BULLISH,MEDIUM,Last surprise: +2.1%,7.26,-1.0,1.0,40,2026-10-28,2.08,0
2026-09-18T14:50:03,2026-09-18,AMG,HOLD,0,ADX Trend Following,HIGH,4,0.95,352.18,4.66,0.0,14.17,0.0,0.0,2026-11-13,1.28,1.81,100.0,87.83,32.26,-21.28,-10.28,56.0,1,2026-06-02 to 2026-09-17 (75 days),-1.0,45.1,0.2404,363.06,318.26,BULLISH,MEDIUM,Strong trend (ADX=36),7.8,-1.0,1.0,45,2026-11-02,,0
2026-09-18T14:50:05,2026-09-18,OSK,EXIT,-1,Momentum (Rate of Change),HIGH,4,0.92,144.89,4.99,152.12,17.46,119.59,8.02,2026-12-04,1.31,1.94,100.0,120.97,45.0,5.25,-8.92,77.0,1,2026-06-02 to 2026-09-17 (75 days),-1.0,41.5,0.3103,150.13,145.61,BULLISH,MEDIUM,Strong trend (ADX=30); Size: Kelly 10.0% / VolTgt 6.0% / Blend 8.0%,6.04,-1.0,1.0,40,2026-10-28,,0
2026-09-18T14:48:26,2026-09-18,O,HOLD,-1,Momentum (Rate of Change),LOW,1,0.91,57.32,1.91,58.41,3.82,55.13,0.0,2026-11-07,0.09,0.16,100.0,16.16,0.34,10.45,-5.57,50.0,1,2026-06-02 to 2026-09-17 (75 days),-1.0,21.3,0.1278,62.33,60.73,BULLISH,LOW,RSI oversold; Price at statistical extreme; Strong trend (ADX=45); Last surprise: -11.9%; Earnings conf adj: -1,7.0,-1.0,1.0,45,2026-11-02,-11.9,-1
2026-09-18T14:48:22,2026-09-18,NDAQ,HOLD,0,EMA Crossover (9/21),HIGH,4,0.68,91.31,3.71,0.0,12.98,0.0,0.0,2026-11-17,0.52,0.84,100.0,24.65,7.9,-8.62,-8.11,60.0,1,2026-06-02 to 2026-09-17 (75 days),-1.0,41.7,0.2458,94.01,89.91,BULLISH,MEDIUM,Strong trend (ADX=50); Last surprise: +9.2%; Earnings conf adj: +1,7.63,-1.0,1.0,34,2026-10-22,9.18,1
2026-09-18T14:51:33,2026-09-18,EEFT,EXIT,-1,Momentum (Rate of Change),MEDIUM,2,0.51,67.86,5.37,71.5,10.74,60.57,7.62,2026-10-22,0.05,0.06,100.0,2.83,-2.41,14.53,-14.75,34.0,1,2026-06-02 to 2026-09-17 (75 days),-1.0,40.1,0.3585,73.76,72.2,BULLISH,MEDIUM,Last surprise: -4.1%; Size: Kelly 10.0% / VolTgt 5.2% / Blend 7.6%,5.23,-1.0,1.0,33,2026-10-21,-4.08,0
2026-09-18T14:47:31,2026-09-18,COF,EXIT,-1,Momentum (Rate of Change),HIGH,5,0.46,202.04,3.66,209.43,12.81,176.16,8.79,2026-12-02,1.05,1.55,100.0,70.68,24.02,-15.56,-7.05,75.0,1,2026-06-02 to 2026-09-17 (75 days),-1.0,35.1,0.2475,212.23,206.11,BULLISH,MEDIUM,Strong trend (ADX=40); Last surprise: +23.9%; Earnings conf adj: +1; Size: Kelly 10.0% / VolTgt 7.6% / Blend 8.8%,7.58,-1.0,1.0,32,2026-10-20,23.88,1
2026-09-18T14:48:23,2026-09-18,NRG,HOLD,0,Stochastic Oscillator,MEDIUM,3,0.38,106.23,8.05,0.0,12.08,0.0,0.0,2026-10-09,1.11,1.75,66.7,2.2,38.17,91.7,-16.04,21.3,3,2026-06-02 to 2026-09-17 (75 days),-1.0,38.3,0.4204,122.31,143.71,BEARISH,HIGH,Last surprise: -14.4%; Earnings conf adj: -1,4.46,-1.0,1.0,48,2026-11-05,-14.37,-1
2026-09-18T14:47:41,2026-09-18,DOV,HOLD,0,EMA Crossover (9/21),LOW,1,0.17,189.24,2.49,0.0,3.74,0.0,0.0,2026-10-15,0.05,0.07,100.0,0.36,-0.22,31.06,-7.38,27.0,1,2026-06-02 to 2026-09-17 (75 days),-1.0,36.9,0.195,202.37,209.31,BEARISH,LOW,Strong trend (ADX=43); Last surprise: +0.7%,7.0,-1.0,1.0,34,2026-10-22,0.74,0
2026-09-18T14:51:21,2026-09-18,IBOC,EXIT,-1,VWAP Trend,MEDIUM,3,0.17,70.52,2.02,71.94,1.44,69.5,10.0,2026-09-20,1.12,1.98,54.5,1.84,8.13,11.69,-4.24,2.2,11,2026-06-02 to 2026-09-17 (75 days),-1.0,41.6,0.1237,73.1,70.76,BULLISH,LOW,Last surprise: -4.3%; Size: Kelly 10.0% / VolTgt 10.0% / Blend 10.0%,10.0,-1.0,1.0,48,2026-11-05,-4.35,0
2026-09-18T14:47:58,2026-09-18,HAS,HOLD,0,EMA Crossover (9/21),MEDIUM,3,0.13,88.76,2.78,0.0,5.56,0.0,0.0,2026-11-06,0.18,0.3,100.0,5.71,1.6,-22.76,-8.13,49.0,1,2026-06-02 to 2026-09-17 (75 days),-1.0,39.4,0.1856,90.34,88.81,BULLISH,LOW,Last surprise: +13.3%; Earnings conf adj: +1,10.0,-1.0,1.0,34,2026-10-22,13.27,1
2026-09-18T14:48:26,2026-09-18,OMC,HOLD,0,Donchian Breakout (20/55),MEDIUM,2,-0.02,78.6,4.51,0.0,11.27,0.0,0.0,2026-12-21,0.42,0.59,100.0,26.32,8.86,-11.57,-11.96,94.0,1,2026-06-02 to 2026-09-17 (75 days),-1.0,39.2,0.3157,83.16,77.46,BULLISH,MEDIUM,Strong trend (ADX=49); Last surprise: -0.4%,5.94,-1.0,1.0,32,2026-10-20,-0.38,0
2026-09-18T14:48:27,2026-09-18,PANW,HOLD,0,Multi-Factor Momentum MR,HIGH,4,-0.25,375.06,10.6,0.0,31.8,0.0,0.0,2026-12-25,2.01,3.69,100.0,340.75,170.28,49.37,-17.05,98.0,1,2026-06-02 to 2026-09-17 (75 days),-1.0,57.9,0.8151,352.27,239.7,BULLISH,HIGH,Last surprise: +4.1%,2.3,-1.0,1.0,62,2026-11-19,4.08,0
2026-09-18T14:49:35,2026-09-18,KNX,HOLD,0,Stochastic Oscillator,LOW,0,-0.32,66.67,5.87,0.0,8.8,0.0,0.0,2026-10-04,-0.02,-0.04,50.0,1.05,-2.22,37.09,-8.63,16.0,2,2026-06-02 to 2026-09-17 (75 days),-1.0,42.6,0.3611,70.75,63.97,BULLISH,MEDIUM,No special conditions,5.19,-1.0,1.0,33,2026-10-21,,0
2026-09-18T14:48:40,2026-09-18,SO,EXIT,-1,Momentum (Rate of Change),MEDIUM,2,-0.37,86.76,1.71,88.24,4.28,83.05,10.0,2026-10-22,-0.54,-0.82,100.0,0.59,-6.4,4.56,-5.22,34.0,1,2026-06-02 to 2026-09-17 (75 days),-1.0,35.1,0.1405,91.48,91.03,BULLISH,LOW,Strong trend (ADX=46); Last surprise: +11.9%; Earnings conf adj: +1; Size: Kelly 10.0% / VolTgt 10.0% / Blend 10.0%,10.0,-1.0,1.0,41,2026-10-29,11.88,1
2026-09-18T14:49:44,2026-09-18,RRX,HOLD,-1,VWAP Trend,LOW,0,-0.37,147.94,6.15,157.04,5.17,140.29,0.0,2026-09-21,0.37,0.71,50.0,1.28,6.69,78.08,-8.01,3.8,6,2026-06-02 to 2026-09-17 (75 days),-1.0,30.7,0.3371,181.75,187.85,BEARISH,MEDIUM,Price at statistical extreme; Strong trend (ADX=35),5.56,-1.0,1.0,40,2026-10-28,,0
2026-09-18T14:47:58,2026-09-18,HD,HOLD,0,SMA Crossover (10/50),LOW,1,-0.42,302.51,2.38,0.0,3.57,0.0,0.0,2026-11-26,0.11,0.16,100.0,0.71,-0.1,4.73,-9.27,69.0,1,2026-06-02 to 2026-09-17 (75 days),-1.0,31.3,0.1923,330.48,337.58,BEARISH,LOW,Strong trend (ADX=40); Last surprise: +4.0%,7.0,-1.0,1.0,60,2026-11-17,4.02,0
2026-09-18T14:48:08,2026-09-18,KIM,EXIT,-1,52-Week High Momentum,MEDIUM,3,-0.45,22.57,1.97,23.01,4.92,21.46,10.0,2026-11-27,0.38,0.6,100.0,27.38,5.24,13.9,-9.43,70.0,1,2026-06-02 to 2026-09-17 (75 days),-1.0,25.8,0.1215,24.32,22.66,BULLISH,LOW,RSI oversold; Price at statistical extreme; Strong trend (ADX=35); Last surprise: +10.0%; Earnings conf adj: +1; Size: Kelly 10.0% / VolTgt 10.0% / Blend 10.0%,10.0,-1.0,1.0,41,2026-10-29,10.0,1
2026-09-18T14:51:23,2026-09-18,CHH,EXIT,-1,VWAP Trend,MEDIUM,2,-0.79,98.64,4.85,103.42,3.43,95.26,8.2,2026-09-20,0.94,1.39,50.0,1.97,18.31,49.71,-5.69,2.2,12,2026-06-02 to 2026-09-17 (75 days),-1.0,38.9,0.2935,106.42,105.12,BULLISH,MEDIUM,Strong trend (ADX=32); Last surprise: +2.5%; Size: Kelly 10.0% / VolTgt 6.4% / Blend 8.2%,6.39,-1.0,1.0,47,2026-11-04,2.54,0
2026-09-18T14:49:06,2026-09-18,EWBC,HOLD,0,52-Week High Momentum,MEDIUM,3,-0.8,125.79,2.34,0.0,4.68,0.0,0.0,2027-01-02,0.83,1.27,100.0,43.68,15.26,1.78,-8.01,106.0,1,2026-06-02 to 2026-09-17 (75 days),-1.0,36.9,0.1529,130.85,119.78,BULLISH,LOW,Price at statistical extreme; Last surprise: +0.4%,10.0,-1.0,1.0,32,2026-10-20,0.38,0
2026-09-18T14:47:37,2026-09-18,D,EXIT,-1,52-Week High Momentum,MEDIUM,3,-0.87,64.29,2.09,65.63,5.22,60.93,10.0,2026-12-16,0.13,0.19,100.0,7.4,0.81,8.44,-8.56,89.0,1,2026-06-02 to 2026-09-17 (75 days),-1.0,38.4,0.1364,67.45,63.05,BULLISH,LOW,Strong trend (ADX=43); Last surprise: +17.9%; Earnings conf adj: +1; Size: Kelly 10.0% / VolTgt 10.0% / Blend 10.0%,10.0,-1.0,1.0,42,2026-10-30,17.91,1
2026-09-18T14:49:05,2026-09-18,MTSI,HOLD,0,ADX Trend Following,LOW,1,-1.24,263.14,10.78,0.0,12.31,0.0,0.0,2026-09-23,0.09,0.11,66.7,1.02,-1.92,70.07,-16.25,5.7,3,2026-06-02 to 2026-09-17 (75 days),-1.0,47.3,0.655,275.95,267.55,BULLISH,HIGH,Last surprise: +3.7%,2.86,-1.0,1.0,48,2026-11-05,3.7,0
2026-09-18T14:49:11,2026-09-18,LAMR,EXIT,-1,52-Week High Momentum,MEDIUM,2,-1.52,146.81,1.92,149.63,3.84,141.17,10.0,2026-12-15,0.11,0.14,100.0,7.2,0.4,5.15,-9.32,88.0,1,2026-06-02 to 2026-09-17 (75 days),-1.0,35.5,0.1314,155.0,140.06,BULLISH,LOW,Last surprise: -1.3%; Size: Kelly 10.0% / VolTgt 10.0% / Blend 10.0%,10.0,-1.0,1.0,48,2026-11-05,-1.27,0
2026-09-18T14:49:54,2026-09-18,BSY,EXIT,-1,Momentum (Rate of Change),MEDIUM,2,-1.52,31.41,5.63,33.18,8.45,28.76,7.76,2026-11-21,0.05,0.08,100.0,6.36,-3.91,19.74,-13.54,64.0,1,2026-06-02 to 2026-09-17 (75 days),-1.0,36.4,0.3396,34.18,35.02,BEARISH,MEDIUM,Strong trend (ADX=38); Size: Kelly 10.0% / VolTgt 5.5% / Blend 7.8%,5.52,-1.0,1.0,47,2026-11-04,,0
2026-09-18T14:48:36,2026-09-18,ROK,HOLD,0,Multi-Factor Momentum MR,LOW,0,-1.95,410.05,3.12,0.0,6.24,0.0,0.0,2026-11-20,-0.33,-0.42,0.0,0.0,-12.46,20.92,-12.18,63.0,1,2026-06-02 to 2026-09-17 (75 days),-1.0,35.1,0.1889,443.88,419.86,BULLISH,LOW,Price at statistical extreme; Strong trend (ADX=32); Last surprise: +3.3%,7.0,-1.0,1.0,48,2026-11-05,3.25,0
2026-09-18T14:48:27,2026-09-18,ORLY,HOLD,0,Composite Multi-Indicator,MEDIUM,2,-2.09,84.89,2.96,0.0,4.44,0.0,0.0,2026-11-30,0.2,0.3,100.0,6.72,1.96,7.15,-10.53,73.0,1,2026-06-02 to 2026-09-17 (75 days),-1.0,40.3,0.2099,88.48,91.59,BEARISH,MEDIUM,Strong trend (ADX=42); Last surprise: +0.0%,8.93,-1.0,1.0,40,2026-10-28,0.0,0
2026-09-18T14:47:23,2026-09-18,BLK,HOLD,0,Composite Multi-Indicator,MEDIUM,3,-2.1,1053.96,3.54,0.0,8.85,0.0,0.0,2026-12-14,0.2,0.31,100.0,6.25,1.8,-14.57,-11.86,87.0,1,2026-06-02 to 2026-09-17 (75 days),-1.0,38.3,0.2205,1100.53,1050.01,BULLISH,MEDIUM,Strong trend (ADX=51); Last surprise: +9.6%; Earnings conf adj: +1,8.5,-1.0,1.0,26,2026-10-14,9.61,1
2026-09-18T14:47:30,2026-09-18,CLX,HOLD,0,MACD Crossover,LOW,0,-2.15,85.0,4.76,0.0,6.88,0.0,0.0,2026-10-02,-0.27,-0.4,25.0,0.75,-8.85,4.31,-15.27,14.5,4,2026-06-02 to 2026-09-17 (75 days),-1.0,23.9,0.2296,97.94,100.63,BEARISH,MEDIUM,RSI oversold; Strong trend (ADX=72); Last surprise: +0.6%,7.0,-1.0,1.0,46,2026-11-03,0.61,0
2026-09-18T14:48:03,2026-09-18,INVH,HOLD,0,ADX Trend Following,HIGH,4,-2.2,27.15,1.95,0.0,4.02,0.0,0.0,2026-10-02,1.57,2.66,50.0,12.98,17.13,33.15,-3.99,14.5,2,2026-06-02 to 2026-09-17 (75 days),-1.0,22.1,0.134,29.48,27.53,BULLISH,LOW,RSI oversold; Strong trend (ADX=64); Last surprise: +7.1%; Earnings conf adj: +1,10.0,-1.0,1.0,40,2026-10-28,7.14,1
2026-09-18T14:49:19,2026-09-18,IESC,HOLD,0,Multi-Factor Momentum MR,LOW,1,-2.23,317.16,11.96,0.0,17.71,0.0,0.0,2026-09-19,-1.85,-1.85,0.0,0.0,-0.34,29.84,-0.1,0.0,0,2026-06-02 to 2026-09-17 (75 days),-1.0,46.5,0.7111,332.53,284.57,BULLISH,HIGH,Last surprise: +56.6%; Earnings conf adj: +1,2.64,-1.0,1.0,63,2026-11-20,56.61,1
2026-09-18T14:51:06,2026-09-18,KRG,EXIT,-1,52-Week High Momentum,MEDIUM,2,-2.3,25.4,1.77,25.85,3.54,24.5,10.0,2026-11-22,-0.41,-0.6,100.0,5.83,-7.6,8.21,-12.89,65.0,1,2026-06-02 to 2026-09-17 (75 days),-1.0,29.7,0.1007,27.23,25.56,BULLISH,LOW,RSI oversold; Price at statistical extreme; Size: Kelly 10.0% / VolTgt 10.0% / Blend 10.0%,10.0,-1.0,1.0,47,2026-11-04,,0
2026-09-18T14:47:45,2026-09-18,EME,HOLD,0,Stochastic Oscillator,MEDIUM,3,-2.48,729.26,5.0,0.0,7.5,0.0,0.0,2026-10-13,0.47,0.9,66.7,1.94,12.63,47.43,-14.12,25.0,3,2026-06-02 to 2026-09-17 (75 days),-1.0,41.7,0.375,772.47,764.61,BULLISH,MEDIUM,Last surprise: +25.3%; Earnings conf adj: +1,5.0,-1.0,1.0,41,2026-10-29,25.31,1
2026-09-18T14:50:27,2026-09-18,PATH,HOLD,0,SMA Crossover (10/50),HIGH,4,-2.51,13.76,12.0,0.0,42.0,0.0,0.0,2026-11-28,1.33,1.86,100.0,203.9,86.75,35.26,-27.32,71.0,1,2026-06-02 to 2026-09-17 (75 days),-1.0,41.1,0.8434,14.32,12.91,BULLISH,HIGH,Strong trend (ADX=40),2.22,-1.0,1.0,75,2026-12-02,,0
2026-09-18T14:47:53,2026-09-18,FTV,HOLD,0,ADX Trend Following,MEDIUM,2,-3.1,55.07,3.39,0.0,2.25,0.0,0.0,2026-09-19,0.6,1.88,50.0,3.04,1.86,27.3,-0.96,1.5,2,2026-06-02 to 2026-09-17 (75 days),-1.0,36.4,0.2332,59.56,58.06,BULLISH,MEDIUM,Strong trend (ADX=51); Last surprise: +4.2%,8.04,-1.0,1.0,40,2026-10-28,4.23,0
2026-09-18T14:50:43,2026-09-18,CAVA,HOLD,0,SMA Crossover (10/50),LOW,0,-3.85,51.21,10.23,0.0,9.85,0.0,0.0,2026-09-24,0.21,0.35,50.0,1.45,2.06,71.37,-6.34,6.0,2,2026-06-02 to 2026-09-17 (75 days),-1.0,30.1,0.5107,64.62,72.31,BEARISH,HIGH,Strong trend (ADX=55),3.67,-1.0,1.0,53,2026-11-10,,0
2026-09-18T14:48:32,2026-09-18,PPL,HOLD,0,ADX Trend Following,LOW,0,-3.94,33.6,1.83,0.0,2.75,0.0,0.0,2026-09-25,-0.47,-0.71,50.0,0.76,-6.3,0.18,-6.73,7.8,4,2026-06-02 to 2026-09-17 (75 days),-1.0,39.0,0.1722,34.91,35.62,BEARISH,LOW,Last surprise: -2.9%,7.0,-1.0,1.0,47,2026-11-04,-2.94,0
2026-09-18T14:47:27,2026-09-18,CCL,HOLD,0,ADX Trend Following,MEDIUM,2,-4.42,22.17,4.65,0.0,6.89,0.0,0.0,2026-09-26,0.23,0.37,60.0,1.17,2.51,54.47,-10.55,8.8,5,2026-06-02 to 2026-09-17 (75 days),-1.0,29.1,0.2949,25.92,27.4,BEARISH,MEDIUM,RSI oversold; Strong trend (ADX=61); Last surprise: +20.6%; Earnings conf adj: +1,6.36,-1.0,1.0,11,2026-09-29,20.59,1
2026-09-18T14:50:44,2026-09-18,ALGM,HOLD,0,VWAP Trend,LOW,0,-4.82,33.11,9.79,0.0,8.33,0.0,0.0,2026-09-23,0.08,0.11,40.0,0.94,-9.62,66.35,-28.29,5.6,5,2026-06-02 to 2026-09-17 (75 days),-1.0,32.2,0.4469,41.63,39.82,BULLISH,HIGH,Strong trend (ADX=32),4.2,-1.0,1.0,41,2026-10-29,,0
2026-09-18T14:48:06,2026-09-18,JBL,HOLD,0,VWAP Trend,LOW,0,-5.14,295.94,5.73,0.0,4.4,0.0,0.0,2026-09-20,-0.57,-0.73,33.3,0.76,-7.61,46.95,-6.05,2.2,6,2026-06-02 to 2026-09-17 (75 days),-1.0,40.5,0.3768,319.36,296.84,BULLISH,MEDIUM,Last surprise: +1.3%,4.98,-1.0,1.0,12,2026-09-30,1.28,0
2026-09-18T14:49:18,2026-09-18,AMH,HOLD,0,VWAP Trend,LOW,1,-5.22,31.28,1.95,0.0,1.9,0.0,0.0,2026-09-20,-0.86,-1.21,50.0,0.77,-7.8,-6.18,-6.98,2.9,8,2026-06-02 to 2026-09-17 (75 days),-1.0,32.2,0.142,33.12,31.02,BULLISH,LOW,Strong trend (ADX=48); Last surprise: +113.3%; Earnings conf adj: +1,7.0,-1.0,1.0,40,2026-10-28,113.33,1
2026-09-18T14:48:01,2026-09-18,HSY,HOLD,0,MACD Crossover,MEDIUM,3,-5.23,168.33,2.72,0.0,4.08,0.0,0.0,2026-10-13,0.55,0.78,50.0,2.62,8.87,33.15,-5.83,25.5,2,2026-06-02 to 2026-09-17 (75 days),-1.0,33.6,0.1693,177.19,189.39,BEARISH,LOW,Strong trend (ADX=37); Last surprise: +32.9%; Earnings conf adj: +1,10.0,-1.0,1.0,48,2026-11-05,32.87,1
2026-09-18T14:50:54,2026-09-18,LSTR,HOLD,0,Stochastic Oscillator,LOW,0,-5.24,171.14,4.05,0.0,6.07,0.0,0.0,2026-12-13,-2.2,-2.74,0.0,0.0,-48.76,3.36,-20.95,86.0,1,2026-06-02 to 2026-09-17 (75 days),-1.0,38.1,0.247,186.45,172.82,BULLISH,MEDIUM,Strong trend (ADX=37),7.0,-1.0,1.0,39,2026-10-27,,0
2026-09-18T14:48:01,2026-09-18,HUBB,HOLD,1,VWAP Trend,LOW,0,-5.59,443.23,4.22,424.53,3.7,459.63,0.0,2026-09-21,-0.39,-0.5,50.0,0.85,-10.05,13.16,-13.37,3.5,6,2026-06-02 to 2026-09-17 (75 days),-1.0,39.2,0.2511,476.14,483.93,BEARISH,MEDIUM,Last surprise: +2.4%,7.0,-1.0,1.0,39,2026-10-27,2.41,0
2026-09-18T14:47:33,2026-09-18,COST,HOLD,0,Multi-Factor Momentum MR,LOW,0,-5.88,893.93,2.24,0.0,3.36,0.0,0.0,2026-09-19,0.0,0.0,0.0,0.0,0.0,19.51,0.0,0.0,0,2026-06-02 to 2026-09-17 (75 days),-1.0,35.2,0.2031,936.57,958.29,BEARISH,MEDIUM,Strong trend (ADX=31); Last surprise: -0.8%,7.0,-1.0,1.0,6,2026-09-24,-0.8,0
2026-09-18T14:51:34,2026-09-18,WHR,HOLD,0,MACD Crossover,LOW,0,-5.94,33.03,10.56,0.0,15.51,0.0,0.0,2026-10-11,0.34,0.59,50.0,2.02,5.83,57.97,-13.1,23.5,2,2026-06-02 to 2026-09-17 (75 days),-1.0,31.2,0.4064,38.99,55.61,BEARISH,HIGH,Strong trend (ADX=45); Last surprise: -520.0%; Earnings conf adj: -1,4.61,-1.0,1.0,40,2026-10-28,-520.0,-1
2026-09-18T14:50:12,2026-09-18,LEA,HOLD,-1,VWAP Trend,LOW,0,-6.32,122.72,4.58,128.34,3.93,117.9,0.0,2026-09-20,-2.75,-2.91,50.0,0.27,-52.25,-8.0,-24.16,2.0,8,2026-06-02 to 2026-09-17 (75 days),-1.0,42.3,0.3531,130.07,126.54,BULLISH,MEDIUM,No special conditions,5.31,-1.0,1.0,34,2026-10-22,,0
2026-09-18T14:49:31,2026-09-18,DKS,HOLD,0,Momentum (Rate of Change),LOW,0,-6.81,123.92,8.18,0.0,12.27,0.0,0.0,2026-09-28,-2.81,-3.29,50.0,0.08,-34.45,49.36,-12.42,10.5,2,2026-06-02 to 2026-09-17 (75 days),-1.0,26.3,1.174,177.74,201.06,BEARISH,HIGH,RSI oversold; Strong trend (ADX=53),1.6,-1.0,1.0,67,2026-11-24,,0
2026-09-18T14:48:17,2026-09-18,MLM,HOLD,0,ADX Trend Following,LOW,1,-6.88,494.44,3.99,0.0,5.92,0.0,0.0,2026-09-28,-0.5,-0.64,50.0,0.53,-13.17,27.37,-11.55,10.5,4,2026-06-02 to 2026-09-17 (75 days),-1.0,36.6,0.2318,537.98,595.15,BEARISH,MEDIUM,Last surprise: +7.8%; Earnings conf adj: +1,7.0,-1.0,1.0,46,2026-11-03,7.76,1
2026-09-18T14:51:28,2026-09-18,POST,BUY,1,Stochastic Oscillator,MEDIUM,2,-6.95,77.86,4.5,74.36,6.75,83.12,8.12,2026-11-03,0.52,0.77,50.0,2.04,11.13,51.49,-9.58,46.0,2,2026-06-02 to 2026-09-17 (75 days),0.095,38.0,0.3003,84.4,95.52,BEARISH,MEDIUM,Last surprise: +4.1%; Size: Kelly 10.0% / VolTgt 6.2% / Blend 8.1%,6.24,-1.0,1.0,62,2026-11-19,4.09,0
2026-09-18T14:49:18,2026-09-18,BWA,HOLD,0,VWAP Trend,LOW,1,-7.02,63.76,4.24,0.0,4.65,0.0,0.0,2026-09-20,0.04,0.09,25.0,1.15,0.0,39.46,-3.05,2.5,4,2026-06-02 to 2026-09-17 (75 days),-1.0,45.8,0.3734,64.99,58.21,BULLISH,MEDIUM,Last surprise: +11.8%; Earnings conf adj: +1,5.02,-1.0,1.0,41,2026-10-29,11.81,1
2026-09-18T14:47:21,2026-09-18,BF-B,HOLD,0,MACD Crossover,MEDIUM,2,-7.14,26.5,4.54,0.0,9.08,0.0,0.0,2026-10-11,0.87,1.38,50.0,20.35,20.02,-10.33,-9.13,23.0,2,2026-06-02 to 2026-09-17 (75 days),-1.0,47.0,0.2855,27.01,26.7,BULLISH,MEDIUM,Last surprise: +2.7%,6.57,-1.0,1.0,76,2026-12-03,2.7,0
2026-09-18T14:49:02,2026-09-18,XPO,HOLD,1,Stochastic Oscillator,LOW,1,-7.28,175.34,6.17,164.52,9.25,191.56,0.0,2026-10-28,-0.81,-1.22,50.0,0.19,-23.94,27.63,-16.19,40.0,2,2026-06-02 to 2026-09-17 (75 days),-1.0,31.9,0.3162,198.8,190.76,BULLISH,MEDIUM,Strong trend (ADX=44); Last surprise: +15.6%; Earnings conf adj: +1,5.93,-1.0,1.0,41,2026-10-29,15.65,1
2026-09-18T14:48:51,2026-09-18,URI,HOLD,0,Stochastic Oscillator,MEDIUM,3,-7.55,1002.53,4.48,0.0,6.72,0.0,0.0,2026-10-08,0.77,1.36,50.0,2.82,18.59,15.32,-7.9,20.0,2,2026-06-02 to 2026-09-17 (75 days),-1.0,41.2,0.2833,1070.75,932.56,BULLISH,MEDIUM,Last surprise: +10.1%; Earnings conf adj: +1,6.62,-1.0,1.0,33,2026-10-21,10.09,1
2026-09-18T14:51:09,2026-09-18,CNX,HOLD,0,Stochastic Oscillator,LOW,1,-7.67,33.52,4.17,0.0,6.25,0.0,0.0,2026-10-13,0.27,0.42,50.0,20.45,3.19,1.13,-5.99,25.5,2,2026-06-02 to 2026-09-17 (75 days),-1.0,29.7,0.2466,35.18,36.96,BEARISH,MEDIUM,RSI oversold; Price at statistical extreme; Strong trend (ADX=39),7.0,-1.0,1.0,41,2026-10-29,,0
2026-09-18T14:48:49,2026-09-18,TXT,HOLD,0,MACD Crossover,LOW,0,-7.76,80.91,2.53,0.0,3.79,0.0,0.0,2026-09-24,-1.48,-1.64,25.0,0.04,-24.51,9.29,-10.9,6.2,4,2026-06-02 to 2026-09-17 (75 days),-1.0,42.0,0.1991,86.04,89.95,BEARISH,LOW,Strong trend (ADX=38); Last surprise: +4.5%,7.0,-1.0,1.0,34,2026-10-22,4.52,0
2026-09-18T14:51:24,2026-09-18,ESAB,HOLD,0,MACD Crossover,LOW,0,-8.11,66.67,5.82,0.0,8.73,0.0,0.0,2026-10-06,-0.03,-0.05,50.0,0.18,-6.36,57.25,-12.52,18.5,2,2026-06-02 to 2026-09-17 (75 days),-1.0,27.9,0.3686,81.93,100.36,BEARISH,MEDIUM,RSI oversold; Strong trend (ADX=50); Last surprise: -3.6%,5.09,-1.0,1.0,41,2026-10-29,-3.62,0
2026-09-18T14:48:08,2026-09-18,KLAC,HOLD,0,VWAP Trend,MEDIUM,2,-8.33,168.98,9.05,0.0,5.45,0.0,0.0,2026-09-20,0.5,0.75,60.0,1.29,13.51,61.11,-19.11,2.4,10,2026-06-02 to 2026-09-17 (75 days),-1.0,38.6,0.447,193.67,173.65,BULLISH,HIGH,Last surprise: +5.0%; Earnings conf adj: +1,4.19,-1.0,1.0,40,2026-10-28,5.0,1
2026-09-18T14:51:33,2026-09-18,RH,HOLD,0,ADX Trend Following,LOW,1,-8.47,126.82,11.61,0.0,18.35,0.0,0.0,2026-10-07,0.33,0.57,50.0,1.36,5.76,56.5,-14.85,19.0,2,2026-06-02 to 2026-09-17 (75 days),-1.0,29.5,0.5347,163.68,161.9,BULLISH,HIGH,RSI oversold; Strong trend (ADX=41); Last surprise: +487.0%; Earnings conf adj: +1,3.51,-1.0,1.0,83,2026-12-10,486.96,1
2026-09-18T14:47:23,2026-09-18,BLDR,HOLD,-1,Momentum (Rate of Change),LOW,0,-8.68,57.68,7.24,61.86,10.86,51.42,0.0,2026-10-08,0.1,0.17,50.0,18.89,-3.66,56.13,-22.94,20.5,2,2026-06-02 to 2026-09-17 (75 days),-1.0,31.2,0.3557,69.3,88.4,BEARISH,MEDIUM,Strong trend (ADX=38); Last surprise: -7.1%; Earnings conf adj: -1,5.27,-1.0,1.0,41,2026-10-29,-7.14,-1
2026-09-18T14:48:50,2026-09-18,UDR,HOLD,1,VWAP Trend,LOW,1,-8.68,34.21,2.04,33.51,3.03,35.25,0.0,2026-09-25,-1.7,-2.05,25.0,0.0,-18.5,0.68,-6.93,7.5,4,2026-06-02 to 2026-09-17 (75 days),-1.0,23.1,0.1403,37.59,36.45,BULLISH,LOW,RSI oversold; Strong trend (ADX=63); Last surprise: +61.5%; Earnings conf adj: +1,7.0,-1.0,1.0,40,2026-10-28,61.54,1
2026-09-18T14:48:13,2026-09-18,LRCX,BUY,1,VWAP Trend,HIGH,4,-8.89,269.31,10.27,241.65,7.99,290.83,6.85,2026-09-22,1.21,2.15,50.0,1.78,71.78,123.82,-16.9,4.0,8,2026-06-02 to 2026-09-17 (75 days),0.425,36.1,0.5071,308.68,266.34,BULLISH,HIGH,Last surprise: +8.3%; Earnings conf adj: +1; Size: Kelly 10.0% / VolTgt 3.7% / Blend 6.8%,3.7,-1.0,1.0,33,2026-10-21,8.33,1
2026-09-18T14:48:53,2026-09-18,VRSK,HOLD,0,VWAP Trend,MEDIUM,2,-8.89,176.48,5.47,0.0,8.21,0.0,0.0,2026-09-29,0.98,1.49,50.0,1.69,32.37,35.5,-10.78,11.0,8,2026-06-02 to 2026-09-17 (75 days),-1.0,42.4,0.3932,189.05,191.73,BEARISH,MEDIUM,Last surprise: +2.6%,4.77,-1.0,1.0,40,2026-10-28,2.59,0
2026-09-18T14:50:07,2026-09-18,WLK,HOLD,1,Stochastic Oscillator,LOW,0,-8.96,70.57,5.26,66.86,7.89,76.14,0.0,2026-11-03,-0.99,-1.81,0.0,0.0,-35.33,14.12,-21.03,46.0,2,2026-06-02 to 2026-09-17 (75 days),-1.0,38.4,0.2696,75.02,87.44,BEARISH,MEDIUM,No special conditions,6.95,-1.0,1.0,41,2026-10-29,,0
2026-09-18T14:48:17,2026-09-18,MGM,HOLD,-1,VWAP Trend,LOW,0,-9.1,38.31,2.85,39.4,2.2,37.47,0.0,2026-09-20,-0.93,-1.2,33.3,0.09,-7.61,47.16,-4.56,2.7,3,2026-06-02 to 2026-09-17 (75 days),-1.0,19.5,0.1704,43.68,39.87,BULLISH,LOW,RSI oversold; Strong trend (ADX=55); Last surprise: +1.7%,7.0,-1.0,1.0,40,2026-10-28,1.72,0
2026-09-18T14:50:05,2026-09-18,KTOS,HOLD,0,Stochastic Oscillator,MEDIUM,3,-9.21,47.66,9.12,0.0,13.68,0.0,0.0,2026-10-21,1.6,2.56,50.0,3.31,92.1,153.99,-20.72,33.5,2,2026-06-02 to 2026-09-17 (75 days),-1.0,38.3,0.4186,51.78,70.61,BEARISH,HIGH,Strong trend (ADX=33),4.48,-1.0,1.0,46,2026-11-03,,0
2026-09-18T14:47:12,2026-09-18,AKAM,HOLD,0,Stochastic Oscillator,LOW,0,-9.24,107.08,6.27,0.0,9.4,0.0,0.0,2026-10-12,-0.11,-0.17,33.3,0.7,-12.71,61.99,-16.0,24.0,3,2026-06-02 to 2026-09-17 (75 days),-1.0,45.5,0.3666,114.53,110.3,BULLISH,MEDIUM,Strong trend (ADX=36); Last surprise: +0.6%,5.11,-1.0,1.0,48,2026-11-05,0.63,0
2026-09-18T14:47:59,2026-09-18,HON,HOLD,1,MACD Crossover,LOW,1,-9.44,206.49,3.42,199.43,5.13,217.08,0.0,2026-10-05,-0.97,-1.22,50.0,0.12,-22.02,22.86,-10.25,17.5,2,2026-06-02 to 2026-09-17 (75 days),-1.0,38.7,0.2008,224.81,228.29,BEARISH,MEDIUM,Strong trend (ADX=49); Last surprise: +7.1%; Earnings conf adj: +1,7.0,-1.0,1.0,34,2026-10-22,7.14,1
2026-09-18T14:47:20,2026-09-18,BA,HOLD,0,Stochastic Oscillator,LOW,0,-9.61,197.0,4.02,0.0,6.03,0.0,0.0,2026-10-10,0.29,0.49,50.0,1.37,4.35,33.19,-9.46,22.5,2,2026-06-02 to 2026-09-17 (75 days),-1.0,31.5,0.2477,216.74,221.14,BEARISH,MEDIUM,High volume; Price at statistical extreme; Strong trend (ADX=36); Last surprise: -145.2%; Earnings conf adj: -1,7.0,-1.0,1.0,40,2026-10-28,-145.16,-1
2026-09-18T14:51:26,2026-09-18,THO,HOLD,0,MACD Crossover,LOW,0,-9.63,68.84,5.51,0.0,8.27,0.0,0.0,2026-10-10,-0.66,-0.88,50.0,0.29,-15.9,15.83,-8.33,22.5,2,2026-06-02 to 2026-09-17 (75 days),-1.0,31.4,0.265,76.26,86.57,BEARISH,MEDIUM,Strong trend (ADX=37); Earnings in 4d (2026-09-22); Last surprise: -3.6%,7.0,-1.0,1.0,4,2026-09-22,-3.63,0
2026-09-18T14:49:29,2026-09-18,AMKR,HOLD,-1,52-Week High Momentum,LOW,0,-9.66,47.95,10.47,52.97,6.31,44.92,0.0,2026-09-19,-3.92,-3.97,50.0,0.23,-29.66,48.06,-10.52,1.5,2,2026-06-02 to 2026-09-17 (75 days),-1.0,44.5,0.6545,54.61,56.58,BEARISH,HIGH,No special conditions,2.86,-1.0,1.0,38,2026-10-26,,0
2026-09-18T14:47:44,2026-09-18,EFX,HOLD,0,Stochastic Oscillator,LOW,0,-9.77,161.17,6.58,0.0,7.69,0.0,0.0,2026-09-27,0.39,0.62,50.0,1.44,6.1,31.43,-11.01,9.0,2,2026-06-02 to 2026-09-17 (75 days),-1.0,33.0,0.3255,178.14,185.01,BEARISH,MEDIUM,Strong trend (ADX=32); Last surprise: +2.3%,5.76,-1.0,1.0,32,2026-10-20,2.27,0
2026-09-18T14:48:27,2026-09-18,OTIS,HOLD,0,Stochastic Oscillator,LOW,0,-10.18,68.7,2.45,0.0,3.68,0.0,0.0,2026-10-24,-0.05,-0.07,50.0,0.91,-2.34,3.42,-7.69,36.5,2,2026-06-02 to 2026-09-17 (75 days),-1.0,41.5,0.1922,71.57,78.42,BEARISH,LOW,High volume; Last surprise: +0.0%,7.0,-1.0,1.0,40,2026-10-28,0.0,0
2026-09-18T14:47:25,2026-09-18,CASY,HOLD,0,MACD Crossover,LOW,1,-10.22,607.45,10.61,0.0,21.22,0.0,0.0,2026-10-08,-1.98,-2.63,50.0,0.26,-33.87,18.15,-16.02,20.5,2,2026-06-02 to 2026-09-17 (75 days),-1.0,24.9,0.6011,798.98,729.05,BULLISH,HIGH,RSI oversold; Strong trend (ADX=57); Last surprise: +8.1%; Earnings conf adj: +1,3.12,-1.0,1.0,81,2026-12-08,8.06,1
2026-09-18T14:48:23,2026-09-18,NOC,HOLD,0,Stochastic Oscillator,MEDIUM,2,-10.5,524.0,3.24,0.0,4.86,0.0,0.0,2026-10-06,0.33,0.59,50.0,1.61,3.97,10.3,-8.74,18.0,2,2026-06-02 to 2026-09-17 (75 days),-1.0,42.5,0.2092,541.3,596.28,BEARISH,MEDIUM,Last surprise: +12.6%; Earnings conf adj: +1,8.96,-1.0,1.0,32,2026-10-20,12.61,1
2026-09-18T14:48:39,2026-09-18,SNPS,HOLD,0,ADX Trend Following,LOW,1,-10.75,381.17,8.07,0.0,12.11,0.0,0.0,2026-09-30,-1.93,-2.8,40.0,0.19,-55.71,6.78,-21.43,12.6,5,2026-06-02 to 2026-09-17 (75 days),-1.0,41.3,0.6485,403.33,446.74,BEARISH,HIGH,Strong trend (ADX=37); Last surprise: +6.5%; Earnings conf adj: +1,2.89,-1.0,1.0,-23,2026-08-26,6.54,1
2026-09-18T14:50:24,2026-09-18,SARO,HOLD,0,MACD Crossover,LOW,0,-10.82,22.54,5.09,0.0,7.63,0.0,0.0,2026-10-08,-0.54,-0.67,50.0,0.39,-14.42,16.63,-16.94,20.5,2,2026-06-02 to 2026-09-17 (75 days),-1.0,27.2,0.2595,26.67,27.71,BEARISH,MEDIUM,RSI oversold; High volume; Price at statistical extreme; Strong trend (ADX=41),7.0,-1.0,1.0,53,2026-11-10,,0
2026-09-18T14:47:47,2026-09-18,ETR,HOLD,0,EMA Crossover (9/21),LOW,0,-10.87,103.31,2.28,0.0,4.56,0.0,0.0,2026-10-09,-0.93,-1.14,50.0,0.52,-12.08,-0.92,-8.26,21.0,2,2026-06-02 to 2026-09-17 (75 days),-1.0,38.0,0.1639,108.39,104.92,BULLISH,LOW,Strong trend (ADX=31); Last surprise: +2.0%,7.0,-1.0,1.0,41,2026-10-29,1.98,0
2026-09-18T14:49:02,2026-09-18,UTHR,HOLD,1,VWAP Trend,LOW,1,-11.17,497.27,4.32,475.79,2.4,509.2,0.0,2026-09-19,-1.41,-1.84,42.9,0.62,-16.09,8.41,-7.22,1.6,14,2026-06-02 to 2026-09-17 (75 days),-1.0,42.7,0.2412,517.82,524.28,BEARISH,MEDIUM,High volume; Last surprise: +6.0%; Earnings conf adj: +1,7.0,-1.0,1.0,40,2026-10-28,5.98,1
2026-09-18T14:49:09,2026-09-18,WPC,HOLD,1,Stochastic Oscillator,LOW,1,-11.3,66.52,1.99,65.2,2.98,68.5,0.0,2026-10-19,-0.66,-1.01,50.0,0.75,-8.93,17.68,-8.37,31.5,2,2026-06-02 to 2026-09-17 (75 days),-1.0,23.0,0.1229,71.84,69.9,BULLISH,LOW,RSI oversold; Price at statistical extreme; Strong trend (ADX=56); Last surprise: +27.8%; Earnings conf adj: +1,7.0,-1.0,1.0,39,2026-10-27,27.78,1
2026-09-18T14:50:40,2026-09-18,HR,HOLD,0,Stochastic Oscillator,LOW,0,-11.36,18.4,2.11,0.0,3.17,0.0,0.0,2026-10-29,-0.33,-0.51,50.0,0.92,-5.74,10.32,-8.24,41.0,2,2026-06-02 to 2026-09-17 (75 days),-1.0,26.0,0.1049,19.83,18.39,BULLISH,LOW,RSI oversold; High volume; Price at statistical extreme,7.0,-1.0,1.0,41,2026-10-29,,0
2026-09-18T14:48:15,2026-09-18,MCD,HOLD,0,ADX Trend Following,LOW,0,-11.41,248.48,1.87,0.0,2.81,0.0,0.0,2026-10-11,-0.98,-1.33,50.0,0.07,-14.52,14.16,-6.73,23.5,2,2026-06-02 to 2026-09-17 (75 days),-1.0,32.6,0.1856,264.52,289.96,BEARISH,LOW,Strong trend (ADX=49); Last surprise: +1.8%,7.0,-1.0,1.0,48,2026-11-05,1.81,0
2026-09-18T14:51:10,2026-09-18,WH,HOLD,1,Stochastic Oscillator,LOW,0,-11.51,69.17,4.29,66.2,6.44,73.62,0.0,2026-10-17,-0.89,-1.18,0.0,0.0,-16.33,24.1,-9.73,29.5,2,2026-06-02 to 2026-09-17 (75 days),-1.0,40.1,0.2489,73.66,77.54,BEARISH,MEDIUM,Strong trend (ADX=42),7.0,-1.0,1.0,33,2026-10-21,,0
2026-09-18T14:50:10,2026-09-18,DY,HOLD,0,RSI Mean Reversion,LOW,0,-11.55,285.49,9.19,0.0,13.79,0.0,0.0,2026-09-19,0.0,0.0,0.0,0.0,0.0,83.66,0.0,0.0,0,2026-06-02 to 2026-09-17 (75 days),-1.0,32.2,0.6076,373.46,392.65,BEARISH,HIGH,Strong trend (ADX=51),3.09,-1.0,1.0,68,2026-11-25,,0
2026-09-18T14:51:24,2026-09-18,CAR,HOLD,0,SMA Crossover (10/50),LOW,0,-11.58,115.24,9.94,0.0,10.35,0.0,0.0,2026-09-19,0.0,0.0,0.0,0.0,0.0,74.62,0.0,0.0,0,2026-06-02 to 2026-09-17 (75 days),-1.0,25.6,0.4155,143.87,157.37,BEARISH,HIGH,RSI oversold; Strong trend (ADX=46); Last surprise: -47.0%; Earnings conf adj: -1,4.51,-1.0,1.0,39,2026-10-27,-47.03,-1
2026-09-18T14:49:18,2026-09-18,DTM,HOLD,1,Stochastic Oscillator,LOW,0,-11.78,125.9,3.41,121.61,5.12,132.35,0.0,2026-10-24,-0.26,-0.39,50.0,0.9,-5.67,25.5,-9.43,36.0,2,2026-06-02 to 2026-09-17 (75 days),-1.0,37.5,0.2437,135.11,133.34,BULLISH,MEDIUM,Last surprise: -5.2%; Earnings conf adj: -1,7.0,-1.0,1.0,41,2026-10-29,-5.22,-1
2026-09-18T14:47:38,2026-09-18,DECK,HOLD,0,RSI Mean Reversion,LOW,1,-11.86,79.71,4.46,0.0,6.69,0.0,0.0,2026-09-19,0.0,0.0,0.0,0.0,0.0,67.41,0.0,0.0,0,2026-06-02 to 2026-09-17 (75 days),-1.0,35.2,0.3601,93.5,102.36,BEARISH,MEDIUM,Strong trend (ADX=58); Last surprise: +8.0%; Earnings conf adj: +1,5.21,-1.0,1.0,34,2026-10-22,8.05,1
2026-09-18T14:48:54,2026-09-18,VST,HOLD,0,ADX Trend Following,LOW,0,-11.88,143.56,5.08,0.0,7.62,0.0,0.0,2026-09-25,0.32,0.48,42.9,1.28,5.09,32.55,-13.39,7.7,7,2026-06-02 to 2026-09-17 (75 days),-1.0,48.8,0.3513,147.8,156.34,BEARISH,MEDIUM,Last surprise: -53.4%; Earnings conf adj: -1,5.34,-1.0,1.0,48,2026-11-05,-53.37,-1
2026-09-18T14:49:50,2026-09-18,SIRI,HOLD,0,VWAP Trend,LOW,0,-11.88,27.74,4.6,0.0,4.27,0.0,0.0,2026-09-20,-0.14,-0.18,42.9,1.02,-2.44,6.47,-4.45,2.3,7,2026-06-02 to 2026-09-17 (75 days),-1.0,40.4,0.3573,29.4,24.98,BULLISH,MEDIUM,No special conditions,5.25,-1.0,1.0,48,2026-11-05,,0
2026-09-18T14:51:32,2026-09-18,BHF,HOLD,0,EMA Crossover (9/21),LOW,0,-12.13,49.4,4.26,0.0,5.53,0.0,0.0,2026-09-19,-1.85,-1.85,0.0,0.0,-0.34,54.13,-0.1,0.0,0,2026-06-02 to 2026-09-17 (75 days),-1.0,25.8,0.222,57.99,61.6,BEARISH,MEDIUM,RSI oversold; Strong trend (ADX=58); Last surprise: -6.7%; Earnings conf adj: -1,7.0,-1.0,1.0,48,2026-11-05,-6.71,-1
2026-09-18T14:48:26,2026-09-18,ODFL,HOLD,0,Bollinger Band Mean Reversion,LOW,1,-12.16,175.09,5.31,0.0,7.35,0.0,0.0,2026-09-19,-2.63,-2.61,0.0,0.0,-0.68,58.89,-0.2,0.0,0,2026-06-02 to 2026-09-17 (75 days),-1.0,25.0,0.2952,208.37,197.96,BULLISH,MEDIUM,RSI oversold; Strong trend (ADX=69); Last surprise: +9.8%; Earnings conf adj: +1,6.35,-1.0,1.0,40,2026-10-28,9.8,1
2026-09-18T14:48:27,2026-09-18,ON,HOLD,0,Bollinger Band Mean Reversion,LOW,0,-12.18,68.3,10.38,0.0,14.58,0.0,0.0,2026-09-19,0.0,0.0,0.0,0.0,0.0,88.42,0.0,0.0,0,2026-06-02 to 2026-09-17 (75 days),-1.0,39.5,0.5857,80.11,79.3,BULLISH,HIGH,High volume; Last surprise: +2.8%,3.2,-1.0,1.0,45,2026-11-02,2.78,0
2026-09-18T14:47:54,2026-09-18,GE,EXIT,-1,52-Week High Momentum,MEDIUM,2,-12.2,313.47,3.9,325.7,9.75,282.91,8.3,2026-10-19,-0.08,-0.1,50.0,2.2,-4.08,0.0,-12.55,31.0,2,2026-06-02 to 2026-09-17 (75 days),-1.0,33.4,0.2843,348.99,321.87,BULLISH,MEDIUM,Strong trend (ADX=44); Last surprise: +8.6%; Earnings conf adj: +1; Size: Kelly 10.0% / VolTgt 6.6% / Blend 8.3%,6.59,-1.0,1.0,32,2026-10-20,8.6,1
2026-09-18T14:49:19,2026-09-18,WSO,HOLD,0,MACD Crossover,LOW,0,-12.37,305.36,4.15,0.0,6.23,0.0,0.0,2026-10-17,-0.61,-0.92,50.0,0.1,-13.98,29.34,-14.45,29.0,2,2026-06-02 to 2026-09-17 (75 days),-1.0,40.3,0.2633,331.13,369.32,BEARISH,MEDIUM,Last surprise: -8.9%; Earnings conf adj: -1,7.0,-1.0,1.0,40,2026-10-28,-8.88,-1
2026-09-18T14:47:57,2026-09-18,GS,HOLD,0,EMA Crossover (9/21),LOW,1,-12.46,951.47,4.45,0.0,8.1,0.0,0.0,2026-09-28,-0.81,-1.25,50.0,0.16,-20.08,10.56,-14.96,10.5,2,2026-06-02 to 2026-09-17 (75 days),-1.0,35.0,0.3175,1034.8,947.93,BULLISH,MEDIUM,High volume; Price at statistical extreme; Strong trend (ADX=31); Last surprise: +44.3%; Earnings conf adj: +1,5.9,-1.0,1.0,25,2026-10-13,44.29,1
2026-09-18T14:47:52,2026-09-18,FRT,HOLD,-1,Momentum (Rate of Change),LOW,1,-12.52,111.76,1.82,113.79,3.64,107.69,0.0,2026-10-16,-1.51,-1.9,50.0,0.32,-18.4,-0.97,-10.51,28.5,2,2026-06-02 to 2026-09-17 (75 days),-1.0,24.3,0.1022,119.6,110.55,BULLISH,LOW,RSI oversold; Price at statistical extreme; Strong trend (ADX=35); Last surprise: +34.7%; Earnings conf adj: +1,7.0,-1.0,1.0,42,2026-10-30,34.72,1
2026-09-18T14:48:45,2026-09-18,TJX,HOLD,0,RSI Mean Reversion,LOW,1,-12.53,126.55,2.95,0.0,4.43,0.0,0.0,2026-09-19,-2.63,-2.61,0.0,0.0,-0.68,47.16,-0.2,0.0,0,2026-06-02 to 2026-09-17 (75 days),-1.0,29.2,0.2108,145.52,152.94,BEARISH,MEDIUM,RSI oversold; Strong trend (ADX=73); Last surprise: +14.3%; Earnings conf adj: +1,7.0,-1.0,1.0,61,2026-11-18,14.29,1
2026-09-18T14:48:36,2026-09-18,ROL,HOLD,0,SMA Crossover (10/50),LOW,0,-12.62,33.0,3.72,0.0,5.58,0.0,0.0,2026-09-19,0.0,0.0,0.0,0.0,0.0,64.75,0.0,0.0,0,2026-06-02 to 2026-09-17 (75 days),-1.0,26.2,0.2499,38.03,50.85,BEARISH,MEDIUM,RSI oversold; Price at statistical extreme; Last surprise: -5.9%; Earnings conf adj: -1,7.0,-1.0,1.0,40,2026-10-28,-5.88,-1
2026-09-18T14:48:14,2026-09-18,LVS,HOLD,0,SMA Crossover (10/50),LOW,0,-12.76,40.67,3.84,0.0,5.76,0.0,0.0,2026-09-19,0.0,0.0,0.0,0.0,0.0,53.38,0.0,0.0,0,2026-06-02 to 2026-09-17 (75 days),-1.0,26.7,0.2595,45.31,52.73,BEARISH,MEDIUM,RSI oversold; Strong trend (ADX=55); Last surprise: -22.4%; Earnings conf adj: -1,7.0,-1.0,1.0,33,2026-10-21,-22.37,-1
2026-09-18T14:51:30,2026-09-18,IPGP,HOLD,0,RSI Mean Reversion,LOW,1,-13.08,76.12,8.22,0.0,10.15,0.0,0.0,2026-09-19,0.0,0.0,0.0,0.0,0.0,79.92,0.0,0.0,0,2026-06-02 to 2026-09-17 (75 days),-1.0,43.1,0.4076,85.97,101.43,BEARISH,HIGH,Last surprise: +48.7%; Earnings conf adj: +1,4.6,-1.0,1.0,46,2026-11-03,48.72,1
2026-09-18T14:48:11,2026-09-18,LHX,HOLD,0,SMA Crossover (10/50),LOW,1,-13.2,250.46,2.67,0.0,4.0,0.0,0.0,2026-09-19,0.0,0.0,0.0,0.0,0.0,49.11,0.0,0.0,0,2026-06-02 to 2026-09-17 (75 days),-1.0,33.7,0.1658,274.46,310.24,BEARISH,LOW,Strong trend (ADX=52); Last surprise: +27.8%; Earnings conf adj: +1,7.0,-1.0,1.0,41,2026-10-29,27.82,1
2026-09-18T14:51:01,2026-09-18,BYD,HOLD,0,RSI Mean Reversion,LOW,0,-13.24,74.25,2.57,0.0,3.85,0.0,0.0,2026-09-19,0.0,0.0,0.0,0.0,0.0,35.74,0.0,0.0,0,2026-06-02 to 2026-09-17 (75 days),-1.0,29.4,0.1803,82.46,83.67,BEARISH,LOW,RSI oversold; Strong trend (ADX=52),7.0,-1.0,1.0,34,2026-10-22,,0
2026-09-18T14:48:22,2026-09-18,NKE,HOLD,0,RSI Mean Reversion,LOW,1,-13.27,36.36,3.59,0.0,5.38,0.0,0.0,2026-09-19,0.0,0.0,0.0,0.0,0.0,44.71,0.0,0.0,0,2026-06-02 to 2026-09-17 (75 days),-1.0,36.5,0.2551,40.26,49.44,BEARISH,MEDIUM,High volume; Strong trend (ADX=34); Last surprise: +453.8%; Earnings conf adj: +1,7.0,-1.0,1.0,13,2026-10-01,453.85,1
2026-09-18T14:48:34,2026-09-18,Q,HOLD,0,RSI Mean Reversion,LOW,1,-13.34,117.13,8.98,0.0,11.84,0.0,0.0,2026-09-19,0.0,0.0,0.0,0.0,0.0,61.65,0.0,0.0,0,2026-06-12 to 2026-09-17 (67 days),-1.0,40.5,0.4756,130.69,123.19,BULLISH,HIGH,Strong trend (ADX=34); Last surprise: +11.2%; Earnings conf adj: +1,3.94,-1.0,1.0,59,2026-11-16,11.21,1
2026-09-18T14:50:54,2026-09-18,STWD,HOLD,1,Stochastic Oscillator,LOW,0,-13.41,15.08,2.37,14.72,3.56,15.62,0.0,2026-10-23,-1.08,-1.6,50.0,0.37,-16.01,12.12,-10.69,35.0,2,2026-06-02 to 2026-09-17 (75 days),-1.0,31.3,0.1526,16.18,16.74,BEARISH,LOW,Strong trend (ADX=39),7.0,-1.0,1.0,52,2026-11-09,,0
2026-09-18T14:49:22,2026-09-18,GLPI,HOLD,0,Stochastic Oscillator,LOW,0,-13.53,40.11,2.08,0.0,3.12,0.0,0.0,2026-11-04,-1.56,-2.04,50.0,0.07,-28.6,2.17,-11.65,47.5,2,2026-06-02 to 2026-09-17 (75 days),-1.0,37.0,0.1712,42.43,43.69,BEARISH,LOW,Last surprise: +0.0%,7.0,-1.0,1.0,41,2026-10-29,0.0,0
2026-09-18T14:51:33,2026-09-18,VC,HOLD,0,Composite Multi-Indicator,LOW,0,-13.63,98.0,3.9,0.0,5.58,0.0,0.0,2026-09-19,0.0,0.0,0.0,0.0,0.0,54.43,0.0,0.0,0,2026-06-02 to 2026-09-17 (75 days),-1.0,37.1,0.2242,103.33,101.54,BULLISH,MEDIUM,Strong trend (ADX=36); Last surprise: -12.8%; Earnings conf adj: -1,7.0,-1.0,1.0,34,2026-10-22,-12.79,-1
2026-09-18T14:48:52,2026-09-18,VICI,HOLD,0,RSI Mean Reversion,LOW,0,-14.02,24.11,2.02,0.0,3.03,0.0,0.0,2026-09-19,0.0,0.0,0.0,0.0,0.0,32.71,0.0,0.0,0,2026-06-02 to 2026-09-17 (75 days),-1.0,26.6,0.141,26.07,27.18,BEARISH,LOW,RSI oversold; Strong trend (ADX=36); Last surprise: -32.4%; Earnings conf adj: -1,7.0,-1.0,1.0,41,2026-10-29,-32.39,-1
2026-09-18T14:48:49,2026-09-18,TXN,HOLD,0,RSI Mean Reversion,LOW,1,-14.03,258.14,4.8,0.0,6.59,0.0,0.0,2026-09-19,0.0,0.0,0.0,0.0,0.0,44.31,0.0,0.0,0,2026-06-02 to 2026-09-17 (75 days),-1.0,43.1,0.2645,274.26,241.63,BULLISH,MEDIUM,Last surprise: +10.3%; Earnings conf adj: +1,7.0,-1.0,1.0,39,2026-10-27,10.31,1
2026-09-18T14:49:56,2026-09-18,WMS,HOLD,0,RSI Mean Reversion,LOW,0,-14.13,125.67,4.65,0.0,6.46,0.0,0.0,2026-09-19,0.0,0.0,0.0,0.0,0.0,22.54,0.0,0.0,0,2026-06-02 to 2026-09-17 (75 days),-1.0,34.0,0.2596,140.59,146.41,BEARISH,MEDIUM,Strong trend (ADX=44),7.0,-1.0,1.0,48,2026-11-05,,0
2026-09-18T14:50:08,2026-09-18,BRX,HOLD,0,PEAD Earnings Drift,LOW,0,-14.19,28.05,1.84,0.0,2.59,0.0,0.0,2026-09-19,0.0,0.0,0.0,0.0,0.0,18.75,0.0,0.0,0,2026-06-02 to 2026-09-17 (75 days),-1.0,25.9,0.1041,30.29,28.89,BULLISH,LOW,RSI oversold; Price at statistical extreme; Strong trend (ADX=34),7.0,-1.0,1.0,38,2026-10-26,,0
2026-09-18T14:48:46,2026-09-18,TPL,HOLD,0,RSI Mean Reversion,LOW,0,-14.21,347.2,5.74,0.0,8.61,0.0,0.0,2026-09-19,0.0,0.0,0.0,0.0,0.0,19.64,0.0,0.0,0,2026-06-02 to 2026-09-17 (75 days),-1.0,39.2,0.3901,380.41,393.32,BEARISH,MEDIUM,Price at statistical extreme; Last surprise: +2.3%,4.81,-1.0,1.0,47,2026-11-04,2.29,0
2026-09-18T14:48:10,2026-09-18,LEN,HOLD,0,RSI Mean Reversion,LOW,0,-14.22,79.7,4.77,0.0,7.15,0.0,0.0,2026-09-19,0.0,0.0,0.0,0.0,0.0,34.79,0.0,0.0,0,2026-06-02 to 2026-09-17 (75 days),-1.0,41.5,0.2973,84.28,95.78,BEARISH,MEDIUM,High volume; Strong trend (ADX=37); Last surprise: -4.7%,6.31,-1.0,1.0,88,2026-12-15,-4.65,0
2026-09-18T14:49:08,2026-09-18,APG,HOLD,0,Composite Multi-Indicator,LOW,0,-14.4,37.01,5.81,0.0,7.04,0.0,0.0,2026-09-19,0.0,0.0,0.0,0.0,0.0,33.77,0.0,0.0,0,2026-06-02 to 2026-09-17 (75 days),-1.0,33.1,0.2826,40.38,41.91,BEARISH,MEDIUM,Strong trend (ADX=53); Last surprise: +2.3%,6.63,-1.0,1.0,41,2026-10-29,2.33,0
2026-09-18T14:50:29,2026-09-18,CNM,HOLD,0,RSI Mean Reversion,LOW,0,-14.54,42.9,5.12,0.0,7.68,0.0,0.0,2026-09-19,0.0,0.0,0.0,0.0,0.0,42.54,0.0,0.0,0,2026-06-02 to 2026-09-17 (75 days),-1.0,47.6,0.3375,44.19,49.75,BEARISH,MEDIUM,Strong trend (ADX=32),5.55,-1.0,1.0,81,2026-12-08,,0
2026-09-18T14:47:20,2026-09-18,AZO,HOLD,0,RSI Mean Reversion,LOW,0,-14.59,2844.31,3.32,0.0,4.98,0.0,0.0,2026-09-19,0.0,0.0,0.0,0.0,0.0,19.32,0.0,0.0,0,2026-06-02 to 2026-09-17 (75 days),-1.0,38.6,0.2628,2999.96,3341.62,BEARISH,MEDIUM,Earnings in 4d (2026-09-22); Last surprise: +5.3%,7.0,-1.0,1.0,4,2026-09-22,5.25,0
2026-09-18T14:49:12,2026-09-18,SUI,HOLD,0,RSI Mean Reversion,LOW,1,-14.7,114.95,2.35,0.0,3.53,0.0,0.0,2026-09-19,0.0,0.0,0.0,0.0,0.0,13.96,0.0,0.0,0,2026-06-02 to 2026-09-17 (75 days),-1.0,37.4,0.1993,120.53,123.66,BEARISH,LOW,Strong trend (ADX=36); Last surprise: +43.7%; Earnings conf adj: +1,7.0,-1.0,1.0,40,2026-10-28,43.75,1
