generated_at,date,ticker,signal,signal_raw,strategy,confidence,confidence_score,composite_score,current_price,stop_loss_pct,stop_loss_price,take_profit_pct,take_profit_price,suggested_position_size_pct,signal_expires,sharpe,sortino,win_rate,profit_factor,annual_return_pct,annual_excess_pct,max_drawdown_pct,avg_holding_days,total_trades,backtest_period,pbo,rsi,vol_20,sma_50,sma_200,trend,volatility,notes,vol_target_size_pct,meta_label_prob,meta_label_size_mult,days_to_earnings,earnings_date,last_surprise_pct,earnings_confidence_adj
2026-09-29T16:50:40,2026-09-29,ENS,HOLD,0,VWAP Trend,HIGH,5,107.45,nan,2.58,0.0,5.16,0.0,0.0,2026-10-01,2.44,5.05,80.0,3.27,54.73,107.49,-6.44,2.2,10,2026-06-11 to 2026-09-25 (74 days),-1.0,45.8,nan,nan,nan,NEUTRAL,LOW,No special conditions,-1.0,-1.0,1.0,36,2026-11-04,,0
2026-09-29T16:50:37,2026-09-29,SSD,HOLD,0,VWAP Trend,HIGH,5,102.41,nan,2.0,0.0,4.0,0.0,0.0,2026-10-01,2.27,6.12,77.8,3.93,28.54,55.54,-3.56,2.1,9,2026-06-11 to 2026-09-25 (74 days),-1.0,46.2,nan,nan,nan,NEUTRAL,LOW,No special conditions,-1.0,-1.0,1.0,27,2026-10-26,,0
2026-09-29T16:49:22,2026-09-29,JBHT,EXIT,-1,VWAP Trend,HIGH,6,96.36,nan,2.0,nan,4.0,nan,10.0,2026-10-01,1.05,1.43,88.9,2.77,8.24,65.62,-4.0,2.9,9,2026-06-11 to 2026-09-25 (74 days),-1.0,27.7,nan,nan,nan,NEUTRAL,LOW,RSI oversold; Strong trend (ADX=48); Last surprise: +9.8%; Earnings conf adj: +1,-1.0,-1.0,1.0,16,2026-10-15,9.77,1
2026-09-29T16:50:04,2026-09-29,WST,HOLD,0,VWAP Trend,HIGH,6,95.11,nan,2.0,0.0,4.0,0.0,0.0,2026-10-01,4.37,14.24,88.9,11.16,64.57,15.72,-1.64,2.6,9,2026-06-11 to 2026-09-25 (74 days),-1.0,63.3,nan,nan,nan,NEUTRAL,LOW,Strong trend (ADX=50); Last surprise: +13.9%; Earnings conf adj: +1,-1.0,-1.0,1.0,23,2026-10-22,13.94,1
2026-09-29T16:50:19,2026-09-29,TOL,EXIT,-1,VWAP Trend,HIGH,5,94.8,nan,2.0,nan,4.0,nan,10.0,2026-10-01,2.83,7.93,85.7,87.27,64.29,85.12,-3.03,2.7,7,2026-06-11 to 2026-09-25 (74 days),-1.0,46.4,nan,nan,nan,NEUTRAL,LOW,No special conditions,-1.0,-1.0,1.0,-1,,,0
2026-09-29T16:50:27,2026-09-29,VIAV,EXIT,-1,VWAP Trend,HIGH,5,93.57,nan,3.34,nan,6.68,nan,10.0,2026-10-01,3.23,7.48,70.0,5.92,245.54,297.28,-8.35,2.4,10,2026-06-11 to 2026-09-25 (74 days),-1.0,59.9,nan,nan,nan,NEUTRAL,LOW,No special conditions,-1.0,-1.0,1.0,29,2026-10-28,,0
2026-09-29T16:50:23,2026-09-29,AEIS,HOLD,0,VWAP Trend,HIGH,5,93.42,nan,2.12,0.0,4.24,0.0,0.0,2026-10-02,3.62,12.73,100.0,435.57,285.08,334.27,-5.31,3.6,5,2026-06-11 to 2026-09-25 (74 days),-1.0,50.7,nan,nan,nan,NEUTRAL,LOW,No special conditions,-1.0,-1.0,1.0,35,2026-11-03,,0
2026-09-29T16:50:38,2026-09-29,MSA,HOLD,0,VWAP Trend,HIGH,5,90.67,nan,2.0,0.0,4.0,0.0,0.0,2026-10-03,3.23,6.15,87.5,13.19,42.91,-17.78,-2.66,4.0,8,2026-06-11 to 2026-09-25 (74 days),-1.0,48.6,nan,nan,nan,NEUTRAL,LOW,Strong trend (ADX=38),-1.0,-1.0,1.0,28,2026-10-27,,0
2026-09-29T16:50:34,2026-09-29,ALV,EXIT,-1,VWAP Trend,MEDIUM,2,90.3,nan,3.54,nan,7.08,nan,10.0,2026-09-30,-0.24,-0.31,75.0,0.97,-4.79,21.32,-8.84,1.8,8,2026-06-11 to 2026-09-25 (74 days),-1.0,46.7,nan,nan,nan,NEUTRAL,LOW,Strong trend (ADX=33),-1.0,-1.0,1.0,24,2026-10-23,,0
2026-09-29T16:50:21,2026-09-29,SANM,EXIT,-1,VWAP Trend,HIGH,5,88.69,nan,2.03,nan,4.06,nan,10.0,2026-10-01,3.41,10.02,75.0,8.47,186.86,214.63,-5.07,2.5,8,2026-06-11 to 2026-09-25 (74 days),-1.0,63.1,nan,nan,nan,NEUTRAL,LOW,No special conditions,-1.0,-1.0,1.0,34,2026-11-02,,0
2026-09-29T16:50:43,2026-09-29,CROX,HOLD,0,VWAP Trend,HIGH,5,86.99,nan,2.28,0.0,4.56,0.0,0.0,2026-10-01,2.8,7.28,71.4,4.17,75.87,75.13,-5.7,2.1,7,2026-06-11 to 2026-09-25 (74 days),-1.0,58.5,nan,nan,nan,NEUTRAL,LOW,Strong trend (ADX=48),-1.0,-1.0,1.0,30,2026-10-29,,0
2026-09-29T16:49:46,2026-09-29,REGN,HOLD,0,VWAP Trend,HIGH,6,86.13,nan,2.0,0.0,4.0,0.0,0.0,2026-10-07,2.54,5.38,100.0,138.05,55.94,-85.08,-4.09,8.2,5,2026-06-11 to 2026-09-25 (74 days),-1.0,48.1,nan,nan,nan,NEUTRAL,LOW,Last surprise: +40.0%; Earnings conf adj: +1,-1.0,-1.0,1.0,31,2026-10-30,39.96,1
2026-09-29T16:50:33,2026-09-29,NEU,HOLD,0,VWAP Trend,HIGH,5,84.85,nan,2.0,0.0,4.0,0.0,0.0,2026-09-30,3.14,18.64,77.8,10.41,89.7,60.77,-2.43,1.9,9,2026-06-11 to 2026-09-25 (74 days),-1.0,55.1,nan,nan,nan,NEUTRAL,LOW,No special conditions,-1.0,-1.0,1.0,37,2026-11-05,,0
2026-09-29T16:49:54,2026-09-29,TEL,EXIT,-1,ADX Trend Following,HIGH,5,83.08,nan,2.0,nan,4.0,nan,10.0,2026-10-14,2.5,4.16,80.0,13.48,87.8,66.97,-4.97,15.2,5,2026-06-11 to 2026-09-25 (74 days),-1.0,62.8,nan,nan,nan,NEUTRAL,LOW,Strong trend (ADX=30); Last surprise: +3.5%,-1.0,-1.0,1.0,29,2026-10-28,3.52,0
2026-09-29T16:49:47,2026-09-29,RL,HOLD,0,VWAP Trend,HIGH,6,82.58,nan,2.0,0.0,4.0,0.0,0.0,2026-10-01,2.9,8.45,70.0,6.73,41.12,68.15,-2.15,2.1,10,2026-06-11 to 2026-09-25 (74 days),-1.0,54.8,nan,nan,nan,NEUTRAL,LOW,Last surprise: +5.8%; Earnings conf adj: +1,-1.0,-1.0,1.0,37,2026-11-05,5.76,1
2026-09-29T16:50:20,2026-09-29,CR,HOLD,0,VWAP Trend,HIGH,5,80.3,nan,2.0,0.0,4.0,0.0,0.0,2026-09-30,2.94,10.56,66.7,8.02,30.22,25.03,-1.36,1.9,9,2026-06-11 to 2026-09-25 (74 days),-1.0,54.7,nan,nan,nan,NEUTRAL,LOW,No special conditions,-1.0,-1.0,1.0,27,2026-10-26,,0
2026-09-29T16:49:14,2026-09-29,GPC,HOLD,0,VWAP Trend,HIGH,5,79.63,nan,2.62,0.0,5.24,0.0,0.0,2026-10-02,2.64,9.03,85.7,60.3,100.8,-31.98,-6.54,3.0,7,2026-06-11 to 2026-09-25 (74 days),-1.0,45.9,nan,nan,nan,NEUTRAL,LOW,Strong trend (ADX=32); Last surprise: +3.4%,-1.0,-1.0,1.0,21,2026-10-20,3.37,0
2026-09-29T16:50:42,2026-09-29,ST,HOLD,0,VWAP Trend,HIGH,5,79.48,nan,2.0,0.0,4.0,0.0,0.0,2026-09-30,1.6,2.81,77.8,4.36,24.59,67.86,-3.54,1.7,9,2026-06-11 to 2026-09-25 (74 days),-1.0,48.0,nan,nan,nan,NEUTRAL,LOW,No special conditions,-1.0,-1.0,1.0,28,2026-10-27,,0
2026-09-29T16:49:31,2026-09-29,META,HOLD,0,VWAP Trend,HIGH,4,79.1,nan,3.7,0.0,7.4,0.0,0.0,2026-10-05,2.81,5.29,87.5,4.94,148.47,-15.44,-9.26,6.5,8,2026-06-11 to 2026-09-25 (74 days),-1.0,71.4,nan,nan,nan,NEUTRAL,LOW,RSI overbought; Strong trend (ADX=72); Last surprise: -14.4%; Earnings conf adj: -1,-1.0,-1.0,1.0,29,2026-10-28,-14.4,-1
2026-09-29T16:49:11,2026-09-29,GDDY,HOLD,0,VWAP Trend,HIGH,6,78.03,nan,4.15,0.0,8.3,0.0,0.0,2026-10-15,3.82,7.27,100.0,579.78,479.84,337.51,-10.37,16.4,5,2026-06-11 to 2026-09-25 (74 days),-1.0,48.9,nan,nan,nan,NEUTRAL,LOW,Last surprise: +8.3%; Earnings conf adj: +1,-1.0,-1.0,1.0,30,2026-10-29,8.28,1
2026-09-29T16:50:37,2026-09-29,MORN,HOLD,0,VWAP Trend,HIGH,5,73.8,nan,2.0,0.0,4.0,0.0,0.0,2026-10-08,4.25,10.59,71.4,12.07,286.45,243.24,-4.72,9.0,7,2026-06-11 to 2026-09-25 (74 days),-1.0,44.0,nan,nan,nan,NEUTRAL,LOW,No special conditions,-1.0,-1.0,1.0,29,2026-10-28,,0
2026-09-29T16:50:40,2026-09-29,FAF,HOLD,0,VWAP Trend,HIGH,5,73.72,nan,2.0,0.0,4.0,0.0,0.0,2026-10-01,3.84,14.83,80.0,8.7,60.38,52.56,-2.7,2.5,10,2026-06-11 to 2026-09-25 (74 days),-1.0,32.7,nan,nan,nan,NEUTRAL,LOW,Strong trend (ADX=45),-1.0,-1.0,1.0,22,2026-10-21,,0
2026-09-29T16:50:56,2026-09-29,PVH,HOLD,0,VWAP Trend,HIGH,5,72.66,nan,2.0,0.0,4.0,0.0,0.0,2026-10-02,3.07,8.52,66.7,20.03,44.91,67.26,-2.12,3.8,6,2026-06-11 to 2026-09-25 (74 days),-1.0,53.0,nan,nan,nan,NEUTRAL,LOW,Strong trend (ADX=32),-1.0,-1.0,1.0,64,2026-12-02,,0
2026-09-29T16:50:42,2026-09-29,CVLT,HOLD,0,VWAP Trend,HIGH,5,71.97,nan,2.0,0.0,4.0,0.0,0.0,2026-10-01,4.55,18.97,77.8,22.47,149.16,88.36,-1.9,2.8,9,2026-06-11 to 2026-09-25 (74 days),-1.0,55.9,nan,nan,nan,NEUTRAL,LOW,No special conditions,-1.0,-1.0,1.0,28,2026-10-27,,0
2026-09-29T16:51:01,2026-09-29,XLE,HOLD,0,MACD Crossover,HIGH,5,71.45,nan,2.0,0.0,4.0,0.0,0.0,2026-10-12,1.91,3.03,100.0,75.54,27.41,-11.76,-3.87,13.2,4,2026-06-11 to 2026-09-25 (74 days),-1.0,45.9,nan,nan,nan,NEUTRAL,LOW,Strong trend (ADX=32),-1.0,-1.0,1.0,-1,,,0
2026-09-29T16:50:03,2026-09-29,WELL,HOLD,0,MACD Crossover,HIGH,4,70.37,nan,3.27,0.0,6.54,0.0,0.0,2026-10-14,2.13,3.56,100.0,112.78,43.21,3.2,-8.18,15.2,4,2026-06-11 to 2026-09-25 (74 days),-1.0,44.9,nan,nan,nan,NEUTRAL,LOW,Last surprise: -16.9%; Earnings conf adj: -1,-1.0,-1.0,1.0,27,2026-10-26,-16.92,-1
2026-09-29T16:50:50,2026-09-29,GEF,HOLD,0,ADX Trend Following,HIGH,5,70.37,nan,2.03,0.0,4.06,0.0,0.0,2026-10-24,4.16,8.85,100.0,297.0,149.47,31.92,-5.08,25.7,3,2026-06-11 to 2026-09-25 (74 days),-1.0,47.4,nan,nan,nan,NEUTRAL,LOW,No special conditions,-1.0,-1.0,1.0,29,2026-10-28,,0
2026-09-29T16:50:13,2026-09-29,RBC,HOLD,0,VWAP Trend,HIGH,5,70.29,nan,2.0,0.0,4.0,0.0,0.0,2026-10-01,1.76,3.29,80.0,3.1,26.82,73.57,-2.2,2.6,10,2026-06-11 to 2026-09-25 (74 days),-1.0,50.2,nan,nan,nan,NEUTRAL,LOW,Strong trend (ADX=31),-1.0,-1.0,1.0,31,2026-10-30,,0
2026-09-29T16:48:52,2026-09-29,CIEN,HOLD,0,VWAP Trend,HIGH,6,70.15,nan,2.0,0.0,4.0,0.0,0.0,2026-10-02,3.38,12.56,62.5,13.03,170.64,224.02,-3.26,3.4,8,2026-06-11 to 2026-09-25 (74 days),-1.0,48.1,nan,nan,nan,NEUTRAL,LOW,Last surprise: +22.0%; Earnings conf adj: +1,-1.0,-1.0,1.0,-26,2026-09-03,21.97,1
2026-09-29T16:49:52,2026-09-29,SWKS,HOLD,0,VWAP Trend,HIGH,5,69.72,nan,6.7,0.0,13.4,0.0,0.0,2026-10-06,1.65,2.96,87.5,3.3,110.34,6.93,-16.75,7.9,8,2026-06-11 to 2026-09-25 (74 days),-1.0,62.5,nan,nan,nan,NEUTRAL,LOW,Strong trend (ADX=50); Last surprise: +4.9%,-1.0,-1.0,1.0,35,2026-11-03,4.85,0
2026-09-29T16:50:42,2026-09-29,QLYS,HOLD,0,VWAP Trend,HIGH,5,69.71,nan,3.18,0.0,6.36,0.0,0.0,2026-10-02,4.07,15.91,70.0,8.05,519.75,159.87,-7.94,3.2,10,2026-06-11 to 2026-09-25 (74 days),-1.0,47.8,nan,nan,nan,NEUTRAL,LOW,No special conditions,-1.0,-1.0,1.0,35,2026-11-03,,0
2026-09-29T16:49:48,2026-09-29,RSG,HOLD,0,VWAP Trend,HIGH,5,69.63,nan,2.89,0.0,5.78,0.0,0.0,2026-10-08,1.54,2.52,85.7,10.03,29.19,21.23,-7.23,9.3,7,2026-06-11 to 2026-09-25 (74 days),-1.0,36.2,nan,nan,nan,NEUTRAL,LOW,Strong trend (ADX=38); Last surprise: +1.6%,-1.0,-1.0,1.0,30,2026-10-29,1.65,0
2026-09-29T16:49:30,2026-09-29,MCK,HOLD,0,VWAP Trend,HIGH,5,69.43,nan,2.0,0.0,4.0,0.0,0.0,2026-10-04,3.02,6.86,75.0,6.96,95.71,55.83,-3.25,5.4,8,2026-06-11 to 2026-09-25 (74 days),-1.0,45.0,nan,nan,nan,NEUTRAL,LOW,Last surprise: +4.1%,-1.0,-1.0,1.0,36,2026-11-04,4.09,0
2026-09-29T16:50:54,2026-09-29,SYNA,HOLD,0,VWAP Trend,HIGH,5,68.94,nan,3.84,0.0,7.68,0.0,0.0,2026-10-02,1.42,2.23,75.0,2.54,45.38,107.5,-9.6,3.0,8,2026-06-11 to 2026-09-25 (74 days),-1.0,55.9,nan,nan,nan,NEUTRAL,LOW,No special conditions,-1.0,-1.0,1.0,37,2026-11-05,,0
2026-09-29T16:50:13,2026-09-29,STRL,HOLD,0,VWAP Trend,HIGH,5,68.23,nan,2.0,0.0,4.0,0.0,0.0,2026-10-01,2.99,11.92,77.8,6.31,194.65,276.4,-4.63,2.1,9,2026-06-11 to 2026-09-25 (74 days),-1.0,49.9,nan,nan,nan,NEUTRAL,LOW,No special conditions,-1.0,-1.0,1.0,34,2026-11-02,,0
2026-09-29T16:49:54,2026-09-29,TDY,HOLD,0,VWAP Trend,HIGH,6,67.63,nan,2.0,0.0,4.0,0.0,0.0,2026-09-30,2.09,5.06,66.7,3.88,22.65,27.85,-2.0,1.9,9,2026-06-11 to 2026-09-25 (74 days),-1.0,47.6,nan,nan,nan,NEUTRAL,LOW,Strong trend (ADX=34); Last surprise: +8.5%; Earnings conf adj: +1,-1.0,-1.0,1.0,22,2026-10-21,8.46,1
2026-09-29T16:50:29,2026-09-29,ARWR,HOLD,0,VWAP Trend,HIGH,5,67.21,nan,2.0,0.0,4.0,0.0,0.0,2026-10-02,2.44,5.52,62.5,3.5,51.06,85.24,-3.22,3.5,8,2026-06-11 to 2026-09-25 (74 days),-1.0,31.2,nan,nan,nan,NEUTRAL,LOW,Strong trend (ADX=40),-1.0,-1.0,1.0,56,2026-11-24,,0
2026-09-29T16:49:54,2026-09-29,TER,HOLD,0,VWAP Trend,HIGH,6,65.72,nan,3.48,0.0,6.96,0.0,0.0,2026-10-01,3.08,8.12,75.0,5.54,234.42,218.04,-8.71,2.2,8,2026-06-11 to 2026-09-25 (74 days),-1.0,58.1,nan,nan,nan,NEUTRAL,LOW,Last surprise: +20.5%; Earnings conf adj: +1,-1.0,-1.0,1.0,22,2026-10-21,20.49,1
2026-09-29T16:49:14,2026-09-29,GRMN,HOLD,0,VWAP Trend,HIGH,6,65.63,nan,2.16,0.0,4.32,0.0,0.0,2026-10-01,2.16,8.38,60.0,4.71,93.95,-18.02,-5.41,2.5,10,2026-06-11 to 2026-09-25 (74 days),-1.0,63.1,nan,nan,nan,NEUTRAL,LOW,Strong trend (ADX=30); Last surprise: +22.7%; Earnings conf adj: +1,-1.0,-1.0,1.0,29,2026-10-28,22.71,1
2026-09-29T16:50:10,2026-09-29,RS,HOLD,0,VWAP Trend,HIGH,6,64.68,nan,2.86,0.0,5.72,0.0,0.0,2026-10-01,1.32,1.92,77.8,2.16,20.35,37.67,-7.15,2.9,9,2026-06-11 to 2026-09-25 (74 days),-1.0,45.3,nan,nan,nan,NEUTRAL,LOW,Last surprise: +14.6%; Earnings conf adj: +1,-1.0,-1.0,1.0,22,2026-10-21,14.63,1
2026-09-29T16:49:05,2026-09-29,ETN,HOLD,0,VWAP Trend,HIGH,5,63.74,nan,2.95,0.0,5.9,0.0,0.0,2026-10-01,3.39,6.99,71.4,5.11,142.41,94.32,-7.38,2.9,7,2026-06-11 to 2026-09-25 (74 days),-1.0,59.2,nan,nan,nan,NEUTRAL,LOW,Last surprise: +2.3%,-1.0,-1.0,1.0,35,2026-11-03,2.27,0
2026-09-29T16:48:36,2026-09-29,AAPL,HOLD,0,VWAP Trend,HIGH,6,63.24,nan,2.0,0.0,4.0,0.0,0.0,2026-10-01,1.78,3.62,83.3,5.75,15.43,-48.87,-1.92,2.8,6,2026-06-11 to 2026-09-25 (74 days),-1.0,65.7,nan,nan,nan,NEUTRAL,LOW,Strong trend (ADX=33); Last surprise: +6.9%; Earnings conf adj: +1,-1.0,-1.0,1.0,30,2026-10-29,6.88,1
2026-09-29T16:49:32,2026-09-29,MMM,HOLD,0,VWAP Trend,HIGH,5,62.16,nan,2.0,0.0,4.0,0.0,0.0,2026-09-30,1.0,1.83,55.6,1.67,11.1,-18.67,-4.13,1.9,9,2026-06-11 to 2026-09-25 (74 days),-1.0,50.9,nan,nan,nan,NEUTRAL,LOW,Strong trend (ADX=33); Last surprise: +6.7%; Earnings conf adj: +1,-1.0,-1.0,1.0,21,2026-10-20,6.67,1
2026-09-29T16:49:02,2026-09-29,DXCM,HOLD,0,VWAP Trend,HIGH,6,61.6,nan,2.34,0.0,4.68,0.0,0.0,2026-09-30,1.18,2.65,60.0,2.68,33.11,-29.43,-5.84,1.7,10,2026-06-11 to 2026-09-25 (74 days),-1.0,48.7,nan,nan,nan,NEUTRAL,LOW,Last surprise: +14.8%; Earnings conf adj: +1,-1.0,-1.0,1.0,30,2026-10-29,14.75,1
2026-09-29T16:49:04,2026-09-29,EMR,HOLD,0,VWAP Trend,HIGH,4,60.97,nan,2.56,0.0,5.12,0.0,0.0,2026-09-30,0.96,1.24,80.0,1.8,13.78,-32.9,-6.4,1.9,10,2026-06-11 to 2026-09-25 (74 days),-1.0,61.0,nan,nan,nan,NEUTRAL,LOW,Last surprise: +1.8%,-1.0,-1.0,1.0,36,2026-11-04,1.79,0
2026-09-29T16:49:16,2026-09-29,HOOD,HOLD,0,VWAP Trend,HIGH,5,60.69,nan,3.16,0.0,6.32,0.0,0.0,2026-10-02,3.63,11.12,54.5,6.75,525.03,381.2,-7.89,3.8,11,2026-06-11 to 2026-09-25 (74 days),-1.0,57.3,nan,nan,nan,NEUTRAL,LOW,Last surprise: +44.2%; Earnings conf adj: +1,-1.0,-1.0,1.0,36,2026-11-04,44.19,1
2026-09-29T16:50:26,2026-09-29,BIO,HOLD,0,VWAP Trend,HIGH,5,59.97,nan,2.0,0.0,4.0,0.0,0.0,2026-09-30,2.03,4.61,66.7,3.12,21.24,-127.99,-2.87,1.8,9,2026-06-11 to 2026-09-25 (74 days),-1.0,56.7,nan,nan,nan,NEUTRAL,LOW,Strong trend (ADX=31),-1.0,-1.0,1.0,30,2026-10-29,,0
2026-09-29T16:50:35,2026-09-29,TKR,HOLD,0,VWAP Trend,HIGH,4,59.59,nan,2.0,0.0,4.0,0.0,0.0,2026-09-30,0.89,1.28,63.6,1.77,8.96,50.23,-3.34,1.5,11,2026-06-11 to 2026-09-25 (74 days),-1.0,41.5,nan,nan,nan,NEUTRAL,LOW,No special conditions,-1.0,-1.0,1.0,29,2026-10-28,,0
2026-09-29T16:50:45,2026-09-29,VFC,BUY,1,VWAP Trend,MEDIUM,2,57.95,nan,6.44,nan,12.88,nan,0.0,2026-10-03,-1.09,-1.52,55.6,0.69,-21.24,29.47,-16.11,4.9,9,2026-06-11 to 2026-09-25 (74 days),0.397,58.3,nan,nan,nan,NEUTRAL,LOW,High volume; Strong trend (ADX=31),-1.0,-1.0,1.0,27,2026-10-26,,0
2026-09-29T16:49:29,2026-09-29,MAS,HOLD,0,VWAP Trend,MEDIUM,3,57.85,nan,5.0,0.0,10.0,0.0,0.0,2026-10-01,-0.46,-0.53,71.4,0.68,-13.02,6.91,-12.5,2.9,7,2026-06-11 to 2026-09-25 (74 days),-1.0,44.7,nan,nan,nan,NEUTRAL,LOW,Last surprise: +25.2%; Earnings conf adj: +1,-1.0,-1.0,1.0,29,2026-10-28,25.19,1
2026-09-29T16:49:42,2026-09-29,PGR,HOLD,0,Stochastic Oscillator,HIGH,5,57.85,nan,2.94,0.0,4.41,0.0,0.0,2026-10-17,1.1,1.77,100.0,64.75,19.35,13.55,-7.34,18.5,2,2026-06-11 to 2026-09-25 (74 days),-1.0,38.0,nan,nan,nan,NEUTRAL,LOW,Strong trend (ADX=34); Last surprise: +0.2%,-1.0,-1.0,1.0,15,2026-10-14,0.21,0
2026-09-29T16:48:42,2026-09-29,APH,HOLD,0,VWAP Trend,HIGH,6,57.81,nan,2.0,0.0,4.0,0.0,0.0,2026-10-01,2.53,5.53,75.0,4.2,56.72,14.91,-4.72,2.2,4,2026-06-11 to 2026-09-25 (74 days),-1.0,58.4,nan,nan,nan,NEUTRAL,LOW,Last surprise: +13.4%; Earnings conf adj: +1,-1.0,-1.0,1.0,29,2026-10-28,13.45,1
2026-09-29T16:49:21,2026-09-29,ISRG,EXIT,-1,ADX Trend Following,HIGH,6,57.71,nan,3.26,nan,6.52,nan,10.0,2026-10-05,3.18,4.97,71.4,12.31,115.02,121.33,-8.16,6.7,7,2026-06-11 to 2026-09-25 (74 days),-1.0,65.4,nan,nan,nan,NEUTRAL,LOW,Last surprise: +12.0%; Earnings conf adj: +1,-1.0,-1.0,1.0,21,2026-10-20,12.0,1
2026-09-29T16:49:30,2026-09-29,MCO,HOLD,0,VWAP Trend,HIGH,6,57.19,nan,3.82,0.0,7.64,0.0,0.0,2026-10-03,1.29,2.08,71.4,2.56,26.59,3.08,-9.55,4.9,7,2026-06-11 to 2026-09-25 (74 days),-1.0,43.2,nan,nan,nan,NEUTRAL,LOW,Last surprise: +10.1%; Earnings conf adj: +1,-1.0,-1.0,1.0,22,2026-10-21,10.12,1
2026-09-29T16:51:01,2026-09-29,UNG,HOLD,0,MACD Crossover,HIGH,5,56.64,nan,2.46,0.0,4.92,0.0,0.0,2026-10-08,1.46,2.5,80.0,8.36,38.06,38.98,-6.14,9.4,5,2026-06-11 to 2026-09-25 (74 days),-1.0,60.9,nan,nan,nan,NEUTRAL,LOW,No special conditions,-1.0,-1.0,1.0,-1,,,0
2026-09-29T16:50:54,2026-09-29,CBT,HOLD,0,VWAP Trend,HIGH,5,56.53,nan,2.0,0.0,4.0,0.0,0.0,2026-09-30,2.74,6.4,90.0,7.13,56.03,79.12,-3.68,1.7,10,2026-06-11 to 2026-09-25 (74 days),-1.0,42.3,nan,nan,nan,NEUTRAL,LOW,No special conditions,-1.0,-1.0,1.0,34,2026-11-02,,0
2026-09-29T16:48:56,2026-09-29,CRM,HOLD,0,VWAP Trend,HIGH,6,56.45,nan,3.88,0.0,7.76,0.0,0.0,2026-10-12,3.13,9.55,80.0,35.29,363.19,137.03,-9.7,13.4,5,2026-06-11 to 2026-09-25 (74 days),-1.0,50.3,nan,nan,nan,NEUTRAL,LOW,Last surprise: +80.4%; Earnings conf adj: +1,-1.0,-1.0,1.0,64,2026-12-02,80.43,1
2026-09-29T16:49:48,2026-09-29,ROST,HOLD,0,VWAP Trend,HIGH,5,56.31,nan,2.0,0.0,4.0,0.0,0.0,2026-10-01,0.61,1.1,80.0,8.85,6.31,9.92,-3.6,2.8,5,2026-06-11 to 2026-09-25 (74 days),-1.0,55.9,nan,nan,nan,NEUTRAL,LOW,Last surprise: +36.4%; Earnings conf adj: +1,-1.0,-1.0,1.0,51,2026-11-19,36.41,1
2026-09-29T16:49:33,2026-09-29,MRNA,HOLD,0,VWAP Trend,HIGH,5,56.26,nan,4.12,0.0,8.24,0.0,0.0,2026-10-02,2.92,6.53,88.9,5.83,353.76,-11589.9,-10.3,3.1,9,2026-06-11 to 2026-09-25 (74 days),-1.0,76.1,nan,nan,nan,NEUTRAL,LOW,RSI overbought; Strong trend (ADX=68); Last surprise: +4.4%,-1.0,-1.0,1.0,37,2026-11-05,4.37,0
2026-09-29T16:49:34,2026-09-29,MTD,HOLD,0,VWAP Trend,HIGH,6,56.15,nan,2.0,0.0,4.0,0.0,0.0,2026-10-02,2.44,7.42,85.7,13.67,31.18,-132.69,-3.57,3.3,7,2026-06-11 to 2026-09-25 (74 days),-1.0,70.1,nan,nan,nan,NEUTRAL,LOW,RSI overbought; Strong trend (ADX=49); Last surprise: +6.1%; Earnings conf adj: +1,-1.0,-1.0,1.0,37,2026-11-05,6.11,1
2026-09-29T16:48:49,2026-09-29,CB,HOLD,0,VWAP Trend,HIGH,6,55.76,nan,2.0,0.0,4.0,0.0,0.0,2026-10-01,1.79,4.05,63.6,2.46,17.38,9.27,-3.84,2.1,11,2026-06-11 to 2026-09-25 (74 days),-1.0,38.7,nan,nan,nan,NEUTRAL,LOW,High volume; Last surprise: +7.6%; Earnings conf adj: +1,-1.0,-1.0,1.0,28,2026-10-27,7.56,1
2026-09-29T16:49:19,2026-09-29,ILMN,EXIT,-1,VWAP Trend,HIGH,6,55.38,nan,3.38,nan,6.76,nan,10.0,2026-10-02,2.27,4.97,77.8,3.32,77.56,-356.23,-8.45,3.2,9,2026-06-11 to 2026-09-25 (74 days),-1.0,73.7,nan,nan,nan,NEUTRAL,LOW,RSI overbought; Strong trend (ADX=52); Last surprise: +6.5%; Earnings conf adj: +1,-1.0,-1.0,1.0,30,2026-10-29,6.5,1
2026-09-29T16:49:46,2026-09-29,QCOM,EXIT,-1,ADX Trend Following,HIGH,5,55.15,nan,2.33,nan,4.66,nan,10.0,2026-10-18,2.24,4.47,100.0,180.25,77.54,77.35,-5.82,19.0,2,2026-06-11 to 2026-09-25 (74 days),-1.0,68.0,nan,nan,nan,NEUTRAL,LOW,Last surprise: -0.9%,-1.0,-1.0,1.0,36,2026-11-04,-0.9,0
2026-09-29T16:50:16,2026-09-29,RNR,HOLD,0,EMA Crossover (9/21),HIGH,5,53.78,nan,2.28,0.0,4.56,0.0,0.0,2026-10-31,1.39,2.08,100.0,92.04,34.67,-2.09,-5.69,32.3,3,2026-06-11 to 2026-09-25 (74 days),-1.0,48.7,nan,nan,nan,NEUTRAL,LOW,No special conditions,-1.0,-1.0,1.0,35,2026-11-03,,0
2026-09-29T16:48:36,2026-09-29,ABBV,HOLD,0,VWAP Trend,HIGH,5,53.48,nan,2.0,0.0,4.0,0.0,0.0,2026-10-02,2.88,10.97,75.0,18.29,39.18,-40.19,-1.94,3.2,4,2026-06-11 to 2026-09-25 (74 days),-1.0,58.6,nan,nan,nan,NEUTRAL,LOW,Last surprise: +1.1%,-1.0,-1.0,1.0,30,2026-10-29,1.11,0
2026-09-29T16:49:29,2026-09-29,LYB,BUY,1,ADX Trend Following,HIGH,6,53.14,nan,2.88,nan,5.76,nan,10.0,2026-10-16,1.73,2.83,100.0,95.24,36.01,59.47,-7.2,17.0,2,2026-06-11 to 2026-09-25 (74 days),0.671,35.8,nan,nan,nan,NEUTRAL,LOW,Strong trend (ADX=35); Last surprise: +25.7%; Earnings conf adj: +1,-1.0,-1.0,1.0,31,2026-10-30,25.73,1
2026-09-29T16:49:16,2026-09-29,HLT,HOLD,0,Stochastic Oscillator,HIGH,4,52.98,nan,2.4,0.0,3.6,0.0,0.0,2026-10-27,0.54,0.87,100.0,25.96,7.8,33.15,-6.0,28.0,2,2026-06-11 to 2026-09-25 (74 days),-1.0,51.4,nan,nan,nan,NEUTRAL,LOW,Strong trend (ADX=33); Last surprise: +0.9%,-1.0,-1.0,1.0,29,2026-10-28,0.88,0
2026-09-29T16:50:31,2026-09-29,VMI,EXIT,-1,VWAP Trend,HIGH,5,52.58,nan,2.0,nan,4.0,nan,10.0,2026-09-30,2.89,7.27,80.0,4.12,45.2,79.39,-2.75,1.9,10,2026-06-11 to 2026-09-25 (74 days),-1.0,41.9,nan,nan,nan,NEUTRAL,LOW,No special conditions,-1.0,-1.0,1.0,21,2026-10-20,,0
2026-09-29T16:48:58,2026-09-29,DASH,HOLD,0,VWAP Trend,HIGH,5,52.19,nan,5.3,0.0,10.6,0.0,0.0,2026-10-07,1.98,3.16,83.3,3.6,64.78,-51.74,-13.26,8.7,6,2026-06-11 to 2026-09-25 (74 days),-1.0,39.8,nan,nan,nan,NEUTRAL,LOW,High volume; Strong trend (ADX=35); Last surprise: -2.1%,-1.0,-1.0,1.0,36,2026-11-04,-2.13,0
2026-09-29T16:49:07,2026-09-29,FANG,HOLD,0,MACD Crossover,HIGH,5,52.14,nan,3.84,0.0,7.68,0.0,0.0,2026-10-13,0.64,0.93,100.0,37.31,12.43,19.27,-9.59,14.0,3,2026-06-11 to 2026-09-25 (74 days),-1.0,39.0,nan,nan,nan,NEUTRAL,LOW,Strong trend (ADX=31); Last surprise: +8.4%; Earnings conf adj: +1,-1.0,-1.0,1.0,34,2026-11-02,8.36,1
2026-09-29T16:49:12,2026-09-29,GEV,HOLD,0,VWAP Trend,HIGH,4,52.05,nan,3.28,0.0,6.56,0.0,0.0,2026-10-02,1.62,2.62,75.0,6.77,53.85,32.92,-8.21,3.0,8,2026-06-11 to 2026-09-25 (74 days),-1.0,51.8,nan,nan,nan,NEUTRAL,LOW,Last surprise: -22.3%; Earnings conf adj: -1,-1.0,-1.0,1.0,29,2026-10-28,-22.33,-1
2026-09-29T16:50:02,2026-09-29,WBD,HOLD,0,Stochastic Oscillator,HIGH,6,51.88,nan,2.0,0.0,3.0,0.0,0.0,2026-10-11,2.87,11.4,100.0,199.08,88.26,26.78,-3.55,12.3,3,2026-06-11 to 2026-09-25 (74 days),-1.0,75.4,nan,nan,nan,NEUTRAL,LOW,RSI overbought; Strong trend (ADX=44); Last surprise: +154.5%; Earnings conf adj: +1,-1.0,-1.0,1.0,37,2026-11-05,154.55,1
2026-09-29T16:49:50,2026-09-29,SNDK,HOLD,0,VWAP Trend,HIGH,6,51.71,nan,3.68,0.0,7.36,0.0,0.0,2026-10-01,3.11,8.02,80.0,8.84,666.48,684.26,-9.21,2.8,10,2026-06-11 to 2026-09-25 (74 days),-1.0,57.3,nan,nan,nan,NEUTRAL,LOW,Strong trend (ADX=31); Last surprise: +13.7%; Earnings conf adj: +1,-1.0,-1.0,1.0,38,2026-11-06,13.7,1
2026-09-29T16:49:13,2026-09-29,GOOG,HOLD,0,ADX Trend Following,MEDIUM,3,51.31,nan,5.6,0.0,11.2,0.0,0.0,2026-10-25,0.42,0.62,100.0,28.8,8.48,22.49,-14.01,26.0,3,2026-06-11 to 2026-09-25 (74 days),-1.0,50.0,nan,nan,nan,NEUTRAL,LOW,Last surprise: -2.1%,-1.0,-1.0,1.0,29,2026-10-28,-2.06,0
2026-09-29T16:48:57,2026-09-29,CVS,HOLD,0,Stochastic Oscillator,HIGH,5,51.15,nan,2.0,0.0,3.0,0.0,0.0,2026-10-12,0.69,1.28,100.0,33.89,10.0,42.46,-4.38,13.0,2,2026-06-11 to 2026-09-25 (74 days),-1.0,40.1,nan,nan,nan,NEUTRAL,LOW,Strong trend (ADX=58); Last surprise: +39.5%; Earnings conf adj: +1,-1.0,-1.0,1.0,29,2026-10-28,39.46,1
2026-09-29T16:49:35,2026-09-29,NEM,HOLD,0,VWAP Trend,HIGH,6,51.13,nan,2.66,0.0,5.32,0.0,0.0,2026-10-01,1.88,3.75,75.0,2.34,44.6,-69.59,-6.64,2.5,8,2026-06-11 to 2026-09-25 (74 days),-1.0,48.3,nan,nan,nan,NEUTRAL,LOW,Last surprise: +5.5%; Earnings conf adj: +1,-1.0,-1.0,1.0,23,2026-10-22,5.53,1
2026-09-29T16:49:35,2026-09-29,NDSN,HOLD,0,VWAP Trend,HIGH,4,50.96,nan,2.64,0.0,5.28,0.0,0.0,2026-10-01,0.97,2.52,50.0,2.09,16.61,-44.04,-6.59,2.9,8,2026-06-11 to 2026-09-25 (74 days),-1.0,63.1,nan,nan,nan,NEUTRAL,LOW,Last surprise: +5.2%; Earnings conf adj: +1,-1.0,-1.0,1.0,-41,2026-08-19,5.18,1
2026-09-29T16:50:23,2026-09-29,RMBS,HOLD,0,MACD Crossover,HIGH,5,50.59,nan,7.3,0.0,14.6,0.0,0.0,2026-10-09,1.13,1.83,75.0,2.74,46.03,112.62,-18.26,10.5,4,2026-06-11 to 2026-09-25 (74 days),-1.0,65.3,nan,nan,nan,NEUTRAL,LOW,Strong trend (ADX=44),-1.0,-1.0,1.0,27,2026-10-26,,0
2026-09-29T16:48:40,2026-09-29,AMD,HOLD,0,VWAP Trend,HIGH,5,50.58,nan,2.42,0.0,4.84,0.0,0.0,2026-10-01,2.92,8.2,75.0,5.67,173.76,32.2,-6.05,2.2,8,2026-06-11 to 2026-09-25 (74 days),-1.0,73.0,nan,nan,nan,NEUTRAL,LOW,RSI overbought; Strong trend (ADX=49); Last surprise: +3.1%,-1.0,-1.0,1.0,35,2026-11-03,3.11,0
2026-09-29T16:50:52,2026-09-29,OGS,BUY,1,ADX Trend Following,HIGH,5,50.3,nan,2.0,nan,4.0,nan,10.0,2026-10-10,1.01,1.64,100.0,38.64,12.57,28.31,-3.78,11.7,3,2026-06-11 to 2026-09-25 (74 days),0.333,23.3,nan,nan,nan,NEUTRAL,LOW,RSI oversold; Strong trend (ADX=63),-1.0,-1.0,1.0,34,2026-11-02,,0
2026-09-29T16:49:41,2026-09-29,PFE,HOLD,0,VWAP Trend,HIGH,5,50.29,nan,3.26,0.0,6.52,0.0,0.0,2026-10-03,0.62,0.95,60.0,1.6,6.95,-38.52,-8.15,4.1,10,2026-06-11 to 2026-09-25 (74 days),-1.0,66.4,nan,nan,nan,NEUTRAL,LOW,Last surprise: +13.2%; Earnings conf adj: +1,-1.0,-1.0,1.0,35,2026-11-03,13.24,1
2026-09-29T16:50:07,2026-09-29,OKTA,EXIT,-1,ADX Trend Following,HIGH,6,50.13,nan,4.79,nan,9.58,nan,10.0,2026-10-20,1.89,3.51,100.0,237.91,113.09,-363.54,-11.98,21.0,3,2026-06-11 to 2026-09-25 (74 days),-1.0,62.1,nan,nan,nan,NEUTRAL,LOW,Strong trend (ADX=52); Last surprise: +9.4%; Earnings conf adj: +1,-1.0,-1.0,1.0,63,2026-12-01,9.38,1
2026-09-29T16:50:19,2026-09-29,CORT,HOLD,0,EMA Crossover (9/21),HIGH,5,50.11,nan,2.0,0.0,4.0,0.0,0.0,2026-10-01,1.66,4.81,100.0,57.44,20.32,-194.92,-2.13,2.5,2,2026-06-11 to 2026-09-25 (74 days),-1.0,54.0,nan,nan,nan,NEUTRAL,LOW,No special conditions,-1.0,-1.0,1.0,36,2026-11-04,,0
2026-09-29T16:49:01,2026-09-29,DTE,HOLD,0,VWAP Trend,LOW,1,49.85,nan,2.28,0.0,3.42,0.0,0.0,2026-09-30,-2.0,-2.36,50.0,0.48,-12.53,31.03,-5.69,1.8,10,2026-06-11 to 2026-09-25 (74 days),-1.0,17.8,nan,nan,nan,NEUTRAL,LOW,RSI oversold; Strong trend (ADX=68); Last surprise: +15.8%; Earnings conf adj: +1,-1.0,-1.0,1.0,30,2026-10-29,15.79,1
2026-09-29T16:49:43,2026-09-29,PM,HOLD,0,Stochastic Oscillator,HIGH,5,49.85,nan,2.0,0.0,3.0,0.0,0.0,2026-10-15,1.24,1.83,100.0,47.77,15.66,-7.6,-3.79,16.5,2,2026-06-11 to 2026-09-25 (74 days),-1.0,51.7,nan,nan,nan,NEUTRAL,LOW,Last surprise: +7.3%; Earnings conf adj: +1,-1.0,-1.0,1.0,22,2026-10-21,7.32,1
2026-09-29T16:49:27,2026-09-29,LLY,HOLD,0,VWAP Trend,HIGH,5,49.4,nan,2.23,0.0,4.46,0.0,0.0,2026-10-01,1.38,2.85,80.0,3.34,19.9,12.52,-5.58,2.8,5,2026-06-11 to 2026-09-25 (74 days),-1.0,55.8,nan,nan,nan,NEUTRAL,LOW,Strong trend (ADX=32); Last surprise: +27.4%; Earnings conf adj: +1,-1.0,-1.0,1.0,30,2026-10-29,27.36,1
2026-09-29T16:50:48,2026-09-29,SBRA,HOLD,0,Stochastic Oscillator,MEDIUM,3,49.09,nan,2.0,0.0,3.0,0.0,0.0,2026-10-13,0.73,1.35,100.0,26.21,5.65,-28.9,-2.95,14.0,2,2026-06-11 to 2026-09-25 (74 days),-1.0,40.4,nan,nan,nan,NEUTRAL,LOW,Strong trend (ADX=32),-1.0,-1.0,1.0,36,2026-11-04,,0
2026-09-29T16:50:37,2026-09-29,SLAB,HOLD,0,MACD Crossover,MEDIUM,2,48.91,nan,2.0,0.0,4.0,0.0,0.0,2026-10-09,-0.33,-0.51,75.0,1.51,-0.95,-4.69,-0.75,10.8,4,2026-06-11 to 2026-09-25 (74 days),-1.0,60.1,nan,nan,nan,NEUTRAL,LOW,No special conditions,-1.0,-1.0,1.0,35,2026-11-03,,0
2026-09-29T16:49:34,2026-09-29,MU,HOLD,0,VWAP Trend,MEDIUM,2,48.87,nan,2.72,0.0,5.44,0.0,0.0,2026-10-02,1.35,3.21,75.0,3.95,58.52,25.17,-6.79,3.0,4,2026-06-11 to 2026-09-25 (74 days),-1.0,63.2,nan,nan,nan,NEUTRAL,LOW,Strong trend (ADX=35); Earnings in 1d (2026-09-30); Last surprise: +21.4%; Earnings conf adj: -2,-1.0,-1.0,1.0,1,2026-09-30,21.36,-2
2026-09-29T16:48:55,2026-09-29,CPAY,EXIT,-1,ADX Trend Following,HIGH,5,48.85,nan,2.24,nan,4.48,nan,10.0,2026-10-14,2.41,4.38,100.0,129.68,52.57,-2.12,-5.59,15.8,4,2026-06-11 to 2026-09-25 (74 days),-1.0,46.4,nan,nan,nan,NEUTRAL,LOW,Strong trend (ADX=33); Last surprise: +6.4%; Earnings conf adj: +1,-1.0,-1.0,1.0,36,2026-11-04,6.38,1
2026-09-29T16:50:17,2026-09-29,VICR,HOLD,0,VWAP Trend,HIGH,4,48.73,nan,6.35,0.0,12.7,0.0,0.0,2026-10-01,1.63,3.04,63.6,1.91,130.18,147.62,-15.88,2.5,11,2026-06-11 to 2026-09-25 (74 days),-1.0,70.4,nan,nan,nan,NEUTRAL,LOW,RSI overbought; Strong trend (ADX=51),-1.0,-1.0,1.0,21,2026-10-20,,0
2026-09-29T16:48:42,2026-09-29,APTV,HOLD,0,ADX Trend Following,HIGH,5,48.62,nan,2.0,0.0,4.0,0.0,0.0,2026-10-01,2.28,38.86,100.0,39.22,13.15,89.44,-0.2,2.0,2,2026-06-11 to 2026-09-25 (74 days),-1.0,44.7,nan,nan,nan,NEUTRAL,LOW,Last surprise: +14.0%; Earnings conf adj: +1,-1.0,-1.0,1.0,30,2026-10-29,13.99,1
2026-09-29T16:49:13,2026-09-29,GOOGL,EXIT,-1,SMA Crossover (10/50),MEDIUM,3,48.41,nan,2.0,nan,4.0,nan,10.0,2026-10-02,0.26,0.48,100.0,4.48,0.51,13.06,-0.82,3.5,2,2026-06-11 to 2026-09-25 (74 days),-1.0,49.8,nan,nan,nan,NEUTRAL,LOW,Last surprise: +214.1%; Earnings conf adj: +1,-1.0,-1.0,1.0,29,2026-10-28,214.14,1
2026-09-29T16:49:45,2026-09-29,PSX,EXIT,-1,ADX Trend Following,HIGH,5,47.85,nan,2.73,nan,5.46,nan,10.0,2026-10-28,4.26,7.96,100.0,353.97,206.68,-48.49,-6.83,29.3,3,2026-06-11 to 2026-09-25 (74 days),-1.0,55.2,nan,nan,nan,NEUTRAL,LOW,Strong trend (ADX=35); Last surprise: +25.5%; Earnings conf adj: +1,-1.0,-1.0,1.0,29,2026-10-28,25.47,1
2026-09-29T16:50:48,2026-09-29,OLLI,HOLD,0,MACD Crossover,HIGH,4,47.48,nan,3.38,0.0,6.76,0.0,0.0,2026-10-18,3.45,6.38,100.0,261.47,130.71,128.21,-8.44,19.0,2,2026-06-11 to 2026-09-25 (74 days),-1.0,65.5,nan,nan,nan,NEUTRAL,LOW,Strong trend (ADX=40),-1.0,-1.0,1.0,-1,,,0
2026-09-29T16:50:06,2026-09-29,ZBRA,HOLD,0,VWAP Trend,HIGH,5,47.38,nan,2.56,0.0,5.12,0.0,0.0,2026-10-08,2.79,14.37,100.0,436.84,287.03,-192.44,-6.41,9.2,4,2026-06-11 to 2026-09-25 (74 days),-1.0,61.9,nan,nan,nan,NEUTRAL,LOW,Strong trend (ADX=30); Last surprise: +45.0%; Earnings conf adj: +1,-1.0,-1.0,1.0,35,2026-11-03,44.98,1
2026-09-29T16:49:23,2026-09-29,KDP,HOLD,0,Stochastic Oscillator,HIGH,5,47.35,nan,3.03,0.0,4.54,0.0,0.0,2026-10-23,1.12,1.84,100.0,69.77,23.92,13.05,-7.57,24.5,2,2026-06-11 to 2026-09-25 (74 days),-1.0,53.5,nan,nan,nan,NEUTRAL,LOW,Last surprise: +5.6%; Earnings conf adj: +1,-1.0,-1.0,1.0,27,2026-10-26,5.56,1
2026-09-29T16:49:07,2026-09-29,FAST,HOLD,0,Stochastic Oscillator,HIGH,4,47.05,nan,2.0,0.0,3.0,0.0,0.0,2026-10-21,4.84,11.78,100.0,208.48,92.55,56.6,-2.99,22.0,2,2026-06-11 to 2026-09-25 (74 days),-1.0,56.0,nan,nan,nan,NEUTRAL,LOW,Last surprise: +0.0%,-1.0,-1.0,1.0,15,2026-10-14,0.0,0
2026-09-29T16:49:08,2026-09-29,FFIV,EXIT,-1,ADX Trend Following,HIGH,5,46.96,nan,3.35,nan,6.7,nan,10.0,2026-10-10,2.1,3.59,60.0,4.39,72.76,22.6,-8.38,11.4,5,2026-06-11 to 2026-09-25 (74 days),-1.0,61.3,nan,nan,nan,NEUTRAL,LOW,Strong trend (ADX=52); Last surprise: +18.3%; Earnings conf adj: +1,-1.0,-1.0,1.0,27,2026-10-26,18.25,1
2026-09-29T16:50:11,2026-09-29,LSCC,HOLD,0,VWAP Trend,HIGH,4,46.24,nan,2.86,0.0,5.72,0.0,0.0,2026-09-30,1.74,3.46,75.0,2.8,52.17,83.63,-7.15,1.9,8,2026-06-11 to 2026-09-25 (74 days),-1.0,61.5,nan,nan,nan,NEUTRAL,LOW,No special conditions,-1.0,-1.0,1.0,34,2026-11-02,,0
2026-09-29T16:50:40,2026-09-29,CLF,HOLD,0,VWAP Trend,HIGH,4,46.23,nan,3.86,0.0,7.72,0.0,0.0,2026-10-03,1.68,3.68,71.4,2.8,90.01,123.54,-9.66,4.6,7,2026-06-11 to 2026-09-25 (74 days),-1.0,51.2,nan,nan,nan,NEUTRAL,LOW,High volume,-1.0,-1.0,1.0,20,2026-10-19,,0
2026-09-29T16:49:37,2026-09-29,NVDA,HOLD,0,Stochastic Oscillator,HIGH,5,45.92,nan,3.75,0.0,5.62,0.0,0.0,2026-10-18,1.91,3.29,100.0,146.78,57.84,18.95,-9.38,19.0,3,2026-06-11 to 2026-09-25 (74 days),-1.0,55.3,nan,nan,nan,NEUTRAL,LOW,Last surprise: +6.2%; Earnings conf adj: +1,-1.0,-1.0,1.0,49,2026-11-17,6.22,1
2026-09-29T16:49:00,2026-09-29,DIS,HOLD,0,ADX Trend Following,HIGH,5,45.84,nan,2.76,0.0,5.52,0.0,0.0,2026-10-17,2.31,3.82,75.0,19.6,62.6,37.91,-6.9,18.5,4,2026-06-11 to 2026-09-25 (74 days),-1.0,52.8,nan,nan,nan,NEUTRAL,LOW,Last surprise: +11.4%; Earnings conf adj: +1,-1.0,-1.0,1.0,44,2026-11-12,11.35,1
2026-09-29T16:50:14,2026-09-29,EXEL,HOLD,0,VWAP Trend,HIGH,4,45.78,nan,2.8,0.0,5.6,0.0,0.0,2026-10-01,1.17,1.91,83.3,2.38,15.12,-18.3,-7.01,2.2,6,2026-06-11 to 2026-09-25 (74 days),-1.0,56.1,nan,nan,nan,NEUTRAL,LOW,No special conditions,-1.0,-1.0,1.0,28,2026-10-27,,0
2026-09-29T16:50:49,2026-09-29,GHC,HOLD,0,Momentum (Rate of Change),HIGH,4,45.74,nan,2.04,0.0,4.08,0.0,0.0,2026-11-01,1.16,1.83,100.0,68.93,20.26,20.1,-5.11,33.0,2,2026-06-11 to 2026-09-25 (74 days),-1.0,52.1,nan,nan,nan,NEUTRAL,LOW,No special conditions,-1.0,-1.0,1.0,29,2026-10-28,,0
2026-09-29T16:48:40,2026-09-29,AME,HOLD,0,MACD Crossover,HIGH,4,45.58,nan,2.76,0.0,5.52,0.0,0.0,2026-10-17,0.94,1.42,100.0,48.91,16.84,-27.3,-6.9,18.0,3,2026-06-11 to 2026-09-25 (74 days),-1.0,63.4,nan,nan,nan,NEUTRAL,LOW,Last surprise: +5.0%; Earnings conf adj: +1,-1.0,-1.0,1.0,30,2026-10-29,5.03,1
2026-09-29T16:49:38,2026-09-29,NWS,HOLD,0,MACD Crossover,HIGH,5,45.52,nan,3.58,0.0,7.16,0.0,0.0,2026-10-16,1.41,2.07,100.0,82.05,30.17,9.1,-8.95,17.0,3,2026-06-11 to 2026-09-25 (74 days),-1.0,39.3,nan,nan,nan,NEUTRAL,LOW,Strong trend (ADX=37); Last surprise: +52.2%; Earnings conf adj: +1,-1.0,-1.0,1.0,37,2026-11-05,52.17,1
2026-09-29T16:50:34,2026-09-29,AVT,EXIT,-1,ADX Trend Following,HIGH,4,45.33,nan,2.9,nan,5.8,nan,10.0,2026-10-11,1.96,3.34,100.0,150.87,63.03,-8.69,-7.26,12.5,4,2026-06-11 to 2026-09-25 (74 days),-1.0,67.8,nan,nan,nan,NEUTRAL,LOW,Strong trend (ADX=38),-1.0,-1.0,1.0,29,2026-10-28,,0
2026-09-29T16:49:57,2026-09-29,TT,EXIT,-1,VWAP Trend,HIGH,4,45.12,nan,2.0,nan,4.0,nan,10.0,2026-10-02,3.11,9.34,71.4,8.78,40.87,44.3,-1.77,3.0,7,2026-06-11 to 2026-09-25 (74 days),-1.0,58.2,nan,nan,nan,NEUTRAL,LOW,Strong trend (ADX=32); Last surprise: +1.2%,-1.0,-1.0,1.0,30,2026-10-29,1.17,0
2026-09-29T16:49:51,2026-09-29,STLD,HOLD,0,VWAP Trend,MEDIUM,3,44.75,nan,2.0,0.0,4.0,0.0,0.0,2026-09-30,1.51,2.85,44.4,1.92,24.21,69.94,-4.86,1.7,9,2026-06-11 to 2026-09-25 (74 days),-1.0,45.1,nan,nan,nan,NEUTRAL,LOW,Last surprise: +0.5%,-1.0,-1.0,1.0,20,2026-10-19,0.54,0
2026-09-29T16:50:24,2026-09-29,EGP,HOLD,0,MACD Crossover,MEDIUM,3,44.58,nan,2.55,0.0,5.1,0.0,0.0,2026-10-11,0.68,1.12,75.0,2.37,9.89,9.24,-6.38,12.0,4,2026-06-11 to 2026-09-25 (74 days),-1.0,50.6,nan,nan,nan,NEUTRAL,LOW,Strong trend (ADX=33),-1.0,-1.0,1.0,22,2026-10-21,,0
2026-09-29T16:50:02,2026-09-29,WAB,HOLD,0,Stochastic Oscillator,HIGH,5,44.21,nan,2.0,0.0,3.0,0.0,0.0,2026-10-20,3.07,11.08,100.0,207.93,91.31,52.35,-2.84,21.5,2,2026-06-11 to 2026-09-25 (74 days),-1.0,53.0,nan,nan,nan,NEUTRAL,LOW,Strong trend (ADX=32); Last surprise: +5.7%; Earnings conf adj: +1,-1.0,-1.0,1.0,22,2026-10-21,5.75,1
2026-09-29T16:49:18,2026-09-29,IBKR,HOLD,0,Stochastic Oscillator,HIGH,5,44.1,nan,2.0,0.0,3.0,0.0,0.0,2026-10-12,1.15,2.15,100.0,67.92,22.96,21.04,-4.75,13.5,2,2026-06-11 to 2026-09-25 (74 days),-1.0,45.8,nan,nan,nan,NEUTRAL,LOW,Last surprise: +7.8%; Earnings conf adj: +1,-1.0,-1.0,1.0,16,2026-10-15,7.81,1
2026-09-29T16:50:09,2026-09-29,MTSI,HOLD,0,ADX Trend Following,MEDIUM,3,43.92,nan,6.5,0.0,13.0,0.0,0.0,2026-10-09,0.72,0.9,100.0,56.6,19.54,80.41,-16.25,10.5,2,2026-06-11 to 2026-09-25 (74 days),-1.0,55.5,nan,nan,nan,NEUTRAL,LOW,Last surprise: +3.7%,-1.0,-1.0,1.0,37,2026-11-05,3.7,0
2026-09-29T16:48:43,2026-09-29,ARE,HOLD,0,Stochastic Oscillator,HIGH,5,43.9,nan,3.05,0.0,4.57,0.0,0.0,2026-10-13,2.41,6.47,100.0,188.6,82.96,96.54,-7.63,14.0,2,2026-06-11 to 2026-09-25 (74 days),-1.0,43.4,nan,nan,nan,NEUTRAL,LOW,Last surprise: +25.0%; Earnings conf adj: +1,-1.0,-1.0,1.0,27,2026-10-26,25.0,1
2026-09-29T16:48:42,2026-09-29,APO,HOLD,0,VWAP Trend,HIGH,4,43.31,nan,2.0,0.0,4.0,0.0,0.0,2026-10-03,1.43,2.28,71.4,3.56,30.38,57.46,-4.84,4.9,7,2026-06-11 to 2026-09-25 (74 days),-1.0,37.2,nan,nan,nan,NEUTRAL,LOW,Strong trend (ADX=50); Last surprise: -2.3%,-1.0,-1.0,1.0,35,2026-11-03,-2.31,0
2026-09-29T16:50:09,2026-09-29,THC,HOLD,0,VWAP Trend,HIGH,5,43.3,nan,2.0,0.0,4.0,0.0,0.0,2026-10-03,3.89,16.3,83.3,64.34,139.39,-165.76,-4.48,4.3,6,2026-06-11 to 2026-09-25 (74 days),-1.0,50.0,nan,nan,nan,NEUTRAL,LOW,Last surprise: +43.7%; Earnings conf adj: +1,-1.0,-1.0,1.0,28,2026-10-27,43.66,1
2026-09-29T16:49:24,2026-09-29,KEYS,HOLD,0,Stochastic Oscillator,HIGH,5,43.23,nan,3.83,0.0,5.74,0.0,0.0,2026-10-29,2.62,4.29,100.0,226.18,105.75,81.45,-9.57,30.5,2,2026-06-11 to 2026-09-25 (74 days),-1.0,66.3,nan,nan,nan,NEUTRAL,LOW,Strong trend (ADX=35); Last surprise: +23.8%; Earnings conf adj: +1,-1.0,-1.0,1.0,56,2026-11-24,23.79,1
2026-09-29T16:49:44,2026-09-29,PNR,HOLD,0,MACD Crossover,MEDIUM,2,43.21,nan,3.63,0.0,7.26,0.0,0.0,2026-10-09,0.3,0.42,100.0,12.17,3.21,67.4,-9.08,10.0,2,2026-06-11 to 2026-09-25 (74 days),-1.0,24.5,nan,nan,nan,NEUTRAL,LOW,RSI oversold; Strong trend (ADX=47); Last surprise: -0.9%,-1.0,-1.0,1.0,21,2026-10-20,-0.87,0
2026-09-29T16:50:42,2026-09-29,M,HOLD,0,ADX Trend Following,LOW,1,43.1,nan,2.0,0.0,3.0,0.0,0.0,2026-10-04,0.1,0.15,66.7,1.25,0.54,25.87,-4.17,5.7,3,2026-06-11 to 2026-09-25 (74 days),-1.0,52.2,nan,nan,nan,NEUTRAL,LOW,No special conditions,-1.0,-1.0,1.0,64,2026-12-02,,0
2026-09-29T16:49:55,2026-09-29,TMO,HOLD,0,Momentum (Rate of Change),HIGH,5,42.88,nan,2.1,0.0,4.2,0.0,0.0,2026-11-08,3.05,7.17,100.0,235.0,109.44,-127.37,-5.24,40.5,2,2026-06-11 to 2026-09-25 (74 days),-1.0,72.6,nan,nan,nan,NEUTRAL,LOW,RSI overbought; Strong trend (ADX=55); Last surprise: +5.6%; Earnings conf adj: +1,-1.0,-1.0,1.0,22,2026-10-21,5.6,1
2026-09-29T16:49:18,2026-09-29,HUM,HOLD,0,Stochastic Oscillator,HIGH,5,42.6,nan,2.0,0.0,3.0,0.0,0.0,2026-10-18,2.36,5.01,100.0,138.37,55.23,24.02,-3.5,19.0,2,2026-06-11 to 2026-09-25 (74 days),-1.0,56.0,nan,nan,nan,NEUTRAL,LOW,Strong trend (ADX=35); Last surprise: +8.7%; Earnings conf adj: +1,-1.0,-1.0,1.0,38,2026-11-06,8.71,1
2026-09-29T16:49:26,2026-09-29,LH,HOLD,0,VWAP Trend,HIGH,4,42.52,nan,2.0,0.0,4.0,0.0,0.0,2026-10-02,4.7,10.98,77.8,7.52,112.45,40.63,-3.96,3.3,9,2026-06-11 to 2026-09-25 (74 days),-1.0,42.1,nan,nan,nan,NEUTRAL,LOW,Strong trend (ADX=30); Last surprise: +4.6%,-1.0,-1.0,1.0,28,2026-10-27,4.61,0
2026-09-29T16:49:34,2026-09-29,MSFT,EXIT,-1,ADX Trend Following,HIGH,5,42.48,nan,2.06,nan,4.12,nan,10.0,2026-11-06,2.97,8.46,100.0,336.63,175.74,11.67,-5.15,38.0,2,2026-06-11 to 2026-09-25 (74 days),-1.0,63.3,nan,nan,nan,NEUTRAL,LOW,Last surprise: +11.8%; Earnings conf adj: +1,-1.0,-1.0,1.0,29,2026-10-28,11.79,1
2026-09-29T16:49:20,2026-09-29,INTU,BUY,1,ADX Trend Following,HIGH,5,42.44,nan,4.1,nan,8.2,nan,10.0,2026-11-02,2.09,3.68,100.0,235.58,108.04,107.91,-10.24,34.0,2,2026-06-11 to 2026-09-25 (74 days),0.258,29.6,nan,nan,nan,NEUTRAL,LOW,RSI oversold; Strong trend (ADX=36); Last surprise: +12.3%; Earnings conf adj: +1,-1.0,-1.0,1.0,51,2026-11-19,12.26,1
2026-09-29T16:51:01,2026-09-29,USO,HOLD,0,MACD Crossover,HIGH,4,42.35,nan,7.12,0.0,14.24,0.0,0.0,2026-10-19,1.1,1.66,100.0,112.52,44.73,-17.94,-17.81,20.7,3,2026-06-11 to 2026-09-25 (74 days),-1.0,54.0,nan,nan,nan,NEUTRAL,LOW,No special conditions,-1.0,-1.0,1.0,-1,,,0
2026-09-29T16:50:24,2026-09-29,LFUS,HOLD,0,Stochastic Oscillator,HIGH,4,42.29,nan,3.39,0.0,5.08,0.0,0.0,2026-10-29,2.29,3.62,100.0,215.66,97.43,119.92,-8.47,30.0,2,2026-06-11 to 2026-09-25 (74 days),-1.0,56.2,nan,nan,nan,NEUTRAL,LOW,No special conditions,-1.0,-1.0,1.0,29,2026-10-28,,0
2026-09-29T16:50:18,2026-09-29,RPM,HOLD,0,MACD Crossover,MEDIUM,3,42.14,nan,2.4,0.0,4.8,0.0,0.0,2026-10-10,0.91,1.67,100.0,41.32,13.96,33.49,-5.99,11.5,2,2026-06-11 to 2026-09-25 (74 days),-1.0,43.5,nan,nan,nan,NEUTRAL,LOW,No special conditions,-1.0,-1.0,1.0,7,2026-10-06,,0
2026-09-29T16:50:45,2026-09-29,VAL,HOLD,0,EMA Crossover (9/21),MEDIUM,3,42.04,nan,4.86,0.0,9.72,0.0,0.0,2026-10-17,0.55,1.0,100.0,33.02,11.22,41.15,-12.16,18.0,2,2026-06-11 to 2026-09-25 (74 days),-1.0,43.6,nan,nan,nan,NEUTRAL,LOW,No special conditions,-1.0,-1.0,1.0,29,2026-10-28,,0
2026-09-29T16:50:00,2026-09-29,VLO,HOLD,0,MACD Crossover,HIGH,5,41.92,nan,3.66,0.0,7.32,0.0,0.0,2026-10-20,2.01,3.48,100.0,165.76,69.82,-255.16,-9.15,21.7,3,2026-06-11 to 2026-09-25 (74 days),-1.0,58.3,nan,nan,nan,NEUTRAL,LOW,Strong trend (ADX=38); Last surprise: +23.8%; Earnings conf adj: +1,-1.0,-1.0,1.0,23,2026-10-22,23.79,1
2026-09-29T16:49:29,2026-09-29,MAR,HOLD,0,Stochastic Oscillator,MEDIUM,3,41.91,nan,2.0,0.0,3.0,0.0,0.0,2026-10-25,0.99,1.43,100.0,45.54,15.4,48.84,-4.7,26.0,2,2026-06-11 to 2026-09-25 (74 days),-1.0,57.4,nan,nan,nan,NEUTRAL,LOW,Strong trend (ADX=31); Last surprise: +3.6%,-1.0,-1.0,1.0,35,2026-11-03,3.57,0
2026-09-29T16:48:57,2026-09-29,CTAS,HOLD,0,Stochastic Oscillator,HIGH,4,41.7,nan,2.0,0.0,3.0,0.0,0.0,2026-10-10,1.93,4.1,100.0,80.6,26.82,-13.01,-3.15,11.0,2,2026-06-11 to 2026-09-25 (74 days),-1.0,51.2,nan,nan,nan,NEUTRAL,LOW,Last surprise: +0.0%,-1.0,-1.0,1.0,79,2026-12-17,0.0,0
2026-09-29T16:49:22,2026-09-29,IVZ,HOLD,0,Stochastic Oscillator,HIGH,5,41.64,nan,2.0,0.0,3.0,0.0,0.0,2026-10-17,2.63,6.04,100.0,166.03,65.07,25.99,-2.87,18.0,2,2026-06-11 to 2026-09-25 (74 days),-1.0,46.6,nan,nan,nan,NEUTRAL,LOW,Strong trend (ADX=34); Last surprise: +7.6%; Earnings conf adj: +1,-1.0,-1.0,1.0,28,2026-10-27,7.58,1
2026-09-29T16:50:34,2026-09-29,AGCO,HOLD,0,VWAP Trend,LOW,1,41.63,nan,4.68,0.0,7.02,0.0,0.0,2026-10-02,-0.0,-0.0,66.7,1.06,-2.69,-27.45,-11.7,3.9,9,2026-06-11 to 2026-09-25 (74 days),-1.0,49.8,nan,nan,nan,NEUTRAL,LOW,No special conditions,-1.0,-1.0,1.0,31,2026-10-30,,0
2026-09-29T16:48:36,2026-09-29,A,HOLD,0,Stochastic Oscillator,HIGH,5,41.55,nan,2.0,0.0,3.0,0.0,0.0,2026-10-22,3.83,8.43,100.0,249.58,116.6,-55.46,-4.92,23.5,2,2026-06-11 to 2026-09-25 (74 days),-1.0,75.1,nan,nan,nan,NEUTRAL,LOW,RSI overbought; Strong trend (ADX=52); Last surprise: +8.7%; Earnings conf adj: +1,-1.0,-1.0,1.0,57,2026-11-25,8.72,1
2026-09-29T16:49:13,2026-09-29,GM,HOLD,0,EMA Crossover (9/21),HIGH,5,41.47,nan,2.92,0.0,5.84,0.0,0.0,2026-10-28,1.5,2.58,100.0,95.27,36.13,27.55,-7.3,29.5,2,2026-06-11 to 2026-09-25 (74 days),-1.0,45.3,nan,nan,nan,NEUTRAL,LOW,Last surprise: +11.9%; Earnings conf adj: +1,-1.0,-1.0,1.0,21,2026-10-20,11.91,1
2026-09-29T16:48:56,2026-09-29,CRWD,HOLD,0,Stochastic Oscillator,HIGH,5,41.46,nan,4.78,0.0,7.17,0.0,0.0,2026-10-14,2.89,8.38,100.0,479.53,318.67,50.8,-11.94,15.5,2,2026-06-11 to 2026-09-25 (74 days),-1.0,62.1,nan,nan,nan,NEUTRAL,LOW,Strong trend (ADX=38); Last surprise: +6.9%; Earnings conf adj: +1,-1.0,-1.0,1.0,63,2026-12-01,6.9,1
2026-09-29T16:49:13,2026-09-29,GNRC,HOLD,0,Stochastic Oscillator,HIGH,5,41.31,nan,4.46,0.0,6.69,0.0,0.0,2026-10-25,1.37,3.3,100.0,167.67,69.66,121.58,-11.16,26.0,2,2026-06-11 to 2026-09-25 (74 days),-1.0,57.1,nan,nan,nan,NEUTRAL,LOW,Strong trend (ADX=39); Last surprise: +44.8%; Earnings conf adj: +1,-1.0,-1.0,1.0,29,2026-10-28,44.78,1
2026-09-29T16:49:11,2026-09-29,FSLR,BUY,1,SMA Crossover (10/50),HIGH,5,41.17,nan,2.0,nan,4.0,nan,10.0,2026-10-01,2.36,23.36,100.0,19.89,6.29,83.04,-0.2,2.0,1,2026-06-11 to 2026-09-25 (74 days),0.306,35.1,nan,nan,nan,NEUTRAL,LOW,Strong trend (ADX=38); Last surprise: +36.1%; Earnings conf adj: +1,-1.0,-1.0,1.0,30,2026-10-29,36.11,1
2026-09-29T16:50:20,2026-09-29,EHC,HOLD,0,Stochastic Oscillator,HIGH,4,41.14,nan,2.0,0.0,3.0,0.0,0.0,2026-10-20,3.09,7.62,100.0,152.29,57.98,-34.17,-2.47,21.0,2,2026-06-11 to 2026-09-25 (74 days),-1.0,58.5,nan,nan,nan,NEUTRAL,LOW,No special conditions,-1.0,-1.0,1.0,29,2026-10-28,,0
2026-09-29T16:49:32,2026-09-29,MPWR,HOLD,0,VWAP Trend,HIGH,5,41.12,nan,3.58,0.0,7.16,0.0,0.0,2026-10-02,2.04,3.9,70.0,8.48,100.16,140.37,-8.95,3.4,10,2026-06-11 to 2026-09-25 (74 days),-1.0,60.4,nan,nan,nan,NEUTRAL,LOW,Strong trend (ADX=43); Last surprise: +10.5%; Earnings conf adj: +1,-1.0,-1.0,1.0,30,2026-10-29,10.54,1
2026-09-29T16:50:04,2026-09-29,WSM,HOLD,0,MACD Crossover,HIGH,5,41.0,nan,2.0,0.0,4.0,0.0,0.0,2026-10-09,1.08,2.43,100.0,44.13,15.04,-8.72,-4.7,10.5,2,2026-06-11 to 2026-09-25 (74 days),-1.0,53.6,nan,nan,nan,NEUTRAL,LOW,Last surprise: +37.9%; Earnings conf adj: +1,-1.0,-1.0,1.0,50,2026-11-18,37.86,1
2026-09-29T16:50:33,2026-09-29,BAH,HOLD,0,Stochastic Oscillator,HIGH,4,40.96,nan,2.67,0.0,4.0,0.0,0.0,2026-11-02,2.32,4.52,100.0,244.07,111.06,126.64,-6.67,34.0,2,2026-06-11 to 2026-09-25 (74 days),-1.0,42.6,nan,nan,nan,NEUTRAL,LOW,No special conditions,-1.0,-1.0,1.0,24,2026-10-23,,0
2026-09-29T16:50:32,2026-09-29,REXR,HOLD,0,Stochastic Oscillator,HIGH,4,40.73,nan,2.0,0.0,3.0,0.0,0.0,2026-11-03,2.53,6.34,100.0,152.56,62.28,26.17,-3.63,35.0,2,2026-06-11 to 2026-09-25 (74 days),-1.0,47.7,nan,nan,nan,NEUTRAL,LOW,Strong trend (ADX=34),-1.0,-1.0,1.0,23,2026-10-22,,0
2026-09-29T16:51:00,2026-09-29,DBA,HOLD,0,MACD Crossover,HIGH,4,40.72,nan,2.0,0.0,4.0,0.0,0.0,2026-10-31,1.88,3.05,100.0,62.7,22.87,-9.73,-2.85,32.0,2,2026-06-11 to 2026-09-25 (74 days),-1.0,48.9,nan,nan,nan,NEUTRAL,LOW,No special conditions,-1.0,-1.0,1.0,-1,,,0
2026-09-29T16:50:33,2026-09-29,IDCC,HOLD,0,Stochastic Oscillator,HIGH,4,40.63,nan,3.22,0.0,4.83,0.0,0.0,2026-10-23,2.95,8.44,100.0,340.56,177.35,83.65,-8.05,24.0,2,2026-06-11 to 2026-09-25 (74 days),-1.0,52.8,nan,nan,nan,NEUTRAL,LOW,No special conditions,-1.0,-1.0,1.0,30,2026-10-29,,0
2026-09-29T16:49:40,2026-09-29,P,HOLD,0,Stochastic Oscillator,HIGH,5,40.51,nan,4.09,0.0,6.14,0.0,0.0,2026-10-20,3.39,6.77,100.0,500.41,371.26,-314.73,-10.23,21.3,3,2026-06-11 to 2026-09-25 (74 days),-1.0,71.1,nan,nan,nan,NEUTRAL,LOW,RSI overbought; Strong trend (ADX=44); Last surprise: +20.7%; Earnings conf adj: +1,-1.0,-1.0,1.0,-34,2026-08-26,20.69,1
2026-09-29T16:49:28,2026-09-29,LUV,HOLD,0,MACD Crossover,HIGH,5,40.5,nan,4.33,0.0,8.66,0.0,0.0,2026-10-14,2.38,3.76,66.7,5.48,56.24,66.81,-10.82,15.3,3,2026-06-11 to 2026-09-25 (74 days),-1.0,59.5,nan,nan,nan,NEUTRAL,LOW,Last surprise: +80.8%; Earnings conf adj: +1,-1.0,-1.0,1.0,22,2026-10-21,80.77,1
2026-09-29T16:50:04,2026-09-29,WMT,HOLD,0,Stochastic Oscillator,HIGH,5,40.4,nan,2.28,0.0,3.42,0.0,0.0,2026-11-01,1.14,1.8,100.0,50.55,17.55,48.51,-5.7,33.5,2,2026-06-11 to 2026-09-25 (74 days),-1.0,49.5,nan,nan,nan,NEUTRAL,LOW,Last surprise: +9.5%; Earnings conf adj: +1,-1.0,-1.0,1.0,51,2026-11-19,9.46,1
2026-09-29T16:50:40,2026-09-29,TXNM,HOLD,0,Stochastic Oscillator,HIGH,4,40.26,nan,2.0,0.0,3.0,0.0,0.0,2026-10-28,1.97,3.45,100.0,33.42,9.79,-1.58,-1.9,29.0,2,2026-06-11 to 2026-09-25 (74 days),-1.0,60.6,nan,nan,nan,NEUTRAL,LOW,Strong trend (ADX=44),-1.0,-1.0,1.0,31,2026-10-30,,0
2026-09-29T16:50:38,2026-09-29,AAON,BUY,1,ADX Trend Following,HIGH,4,40.25,nan,2.0,nan,4.0,nan,10.0,2026-10-10,3.64,18.1,100.0,178.51,74.42,146.15,-1.91,11.0,1,2026-06-11 to 2026-09-25 (74 days),0.341,64.1,nan,nan,nan,NEUTRAL,LOW,Strong trend (ADX=33),-1.0,-1.0,1.0,37,2026-11-05,,0
2026-09-29T16:49:03,2026-09-29,ECL,HOLD,0,Stochastic Oscillator,HIGH,4,40.05,nan,2.0,0.0,3.0,0.0,0.0,2026-10-13,2.57,7.07,100.0,96.39,33.63,8.99,-2.76,14.5,2,2026-06-11 to 2026-09-25 (74 days),-1.0,55.0,nan,nan,nan,NEUTRAL,LOW,Last surprise: +0.5%,-1.0,-1.0,1.0,28,2026-10-27,0.48,0
2026-09-29T16:50:24,2026-09-29,RGEN,HOLD,0,EMA Crossover (9/21),HIGH,4,40.05,nan,3.81,0.0,7.62,0.0,0.0,2026-10-27,3.78,7.17,100.0,332.19,182.12,-55.55,-9.53,28.5,2,2026-06-11 to 2026-09-25 (74 days),-1.0,67.6,nan,nan,nan,NEUTRAL,LOW,Strong trend (ADX=46),-1.0,-1.0,1.0,35,2026-11-03,,0
2026-09-29T16:50:00,2026-09-29,VLTO,HOLD,0,ADX Trend Following,HIGH,5,40.0,nan,2.0,0.0,4.0,0.0,0.0,2026-10-17,2.62,4.37,75.0,15.7,65.89,-9.73,-4.83,18.2,4,2026-06-11 to 2026-09-25 (74 days),-1.0,55.4,nan,nan,nan,NEUTRAL,LOW,Last surprise: +9.9%; Earnings conf adj: +1,-1.0,-1.0,1.0,22,2026-10-21,9.9,1
2026-09-29T16:50:21,2026-09-29,WTS,HOLD,0,VWAP Trend,HIGH,4,39.94,nan,2.0,0.0,4.0,0.0,0.0,2026-10-01,2.12,6.39,71.4,6.91,50.98,4.5,-2.65,2.4,7,2026-06-11 to 2026-09-25 (74 days),-1.0,50.2,nan,nan,nan,NEUTRAL,LOW,No special conditions,-1.0,-1.0,1.0,29,2026-10-28,,0
2026-09-29T16:50:12,2026-09-29,DT,HOLD,0,52-Week High Momentum,MEDIUM,3,39.88,nan,3.7,0.0,7.4,0.0,0.0,2026-10-19,0.76,1.2,100.0,85.73,16.27,-232.03,-9.25,20.0,2,2026-06-11 to 2026-09-25 (74 days),-1.0,67.6,nan,nan,nan,NEUTRAL,LOW,Strong trend (ADX=48),-1.0,-1.0,1.0,36,2026-11-04,,0
2026-09-29T16:50:23,2026-09-29,WTRG,HOLD,0,MACD Crossover,MEDIUM,3,39.85,nan,2.0,0.0,4.0,0.0,0.0,2026-10-14,0.52,0.82,66.7,6.2,6.44,-21.55,-4.74,15.3,3,2026-06-11 to 2026-09-25 (74 days),-1.0,36.8,nan,nan,nan,NEUTRAL,LOW,Strong trend (ADX=40),-1.0,-1.0,1.0,36,2026-11-04,,0
2026-09-29T16:49:33,2026-09-29,MRK,HOLD,0,Stochastic Oscillator,HIGH,5,39.77,nan,2.0,0.0,3.0,0.0,0.0,2026-10-10,3.85,12.87,100.0,161.18,62.69,-52.29,-1.94,11.0,2,2026-06-11 to 2026-09-25 (74 days),-1.0,58.0,nan,nan,nan,NEUTRAL,LOW,Strong trend (ADX=30); Last surprise: +50.0%; Earnings conf adj: +1,-1.0,-1.0,1.0,30,2026-10-29,50.0,1
2026-09-29T16:49:02,2026-09-29,EBAY,HOLD,0,VWAP Trend,HIGH,4,39.55,nan,2.21,0.0,4.42,0.0,0.0,2026-10-01,0.89,1.35,63.6,1.58,15.12,19.41,-5.52,2.6,11,2026-06-11 to 2026-09-25 (74 days),-1.0,50.8,nan,nan,nan,NEUTRAL,LOW,Last surprise: +6.0%; Earnings conf adj: +1,-1.0,-1.0,1.0,36,2026-11-04,5.96,1
2026-09-29T16:49:28,2026-09-29,LULU,HOLD,0,Stochastic Oscillator,HIGH,4,39.53,nan,3.22,0.0,4.83,0.0,0.0,2026-10-22,0.94,1.59,100.0,64.47,21.28,68.41,-8.04,23.5,2,2026-06-11 to 2026-09-25 (74 days),-1.0,41.9,nan,nan,nan,NEUTRAL,LOW,Strong trend (ADX=31); Last surprise: +63.1%; Earnings conf adj: +1,-1.0,-1.0,1.0,-26,2026-09-03,63.13,1
2026-09-29T16:48:48,2026-09-29,BRK-B,HOLD,0,Stochastic Oscillator,HIGH,5,39.49,nan,2.0,0.0,3.0,0.0,0.0,2026-10-14,1.97,6.65,100.0,51.73,15.13,0.43,-1.42,15.5,2,2026-06-11 to 2026-09-25 (74 days),-1.0,48.1,nan,nan,nan,NEUTRAL,LOW,Last surprise: +17.5%; Earnings conf adj: +1,-1.0,-1.0,1.0,39,2026-11-07,17.54,1
2026-09-29T16:50:17,2026-09-29,MLI,HOLD,0,MACD Crossover,HIGH,4,39.49,nan,2.05,0.0,4.1,0.0,0.0,2026-10-13,1.95,3.86,66.7,4.79,38.47,70.06,-5.13,14.0,3,2026-06-11 to 2026-09-25 (74 days),-1.0,43.4,nan,nan,nan,NEUTRAL,LOW,Strong trend (ADX=38),-1.0,-1.0,1.0,21,2026-10-20,,0
2026-09-29T16:49:49,2026-09-29,SHW,HOLD,0,MACD Crossover,HIGH,4,39.47,nan,2.72,0.0,5.44,0.0,0.0,2026-10-09,0.72,1.24,100.0,29.2,9.33,-5.52,-6.8,10.5,2,2026-06-11 to 2026-09-25 (74 days),-1.0,48.8,nan,nan,nan,NEUTRAL,LOW,Last surprise: +5.1%; Earnings conf adj: +1,-1.0,-1.0,1.0,28,2026-10-27,5.11,1
2026-09-29T16:49:45,2026-09-29,PTC,HOLD,0,Stochastic Oscillator,HIGH,4,39.38,nan,2.0,0.0,3.0,0.0,0.0,2026-10-17,1.79,3.7,100.0,121.69,43.67,-26.58,-4.95,18.5,2,2026-06-11 to 2026-09-25 (74 days),-1.0,48.2,nan,nan,nan,NEUTRAL,LOW,Last surprise: +1.3%,-1.0,-1.0,1.0,43,2026-11-11,1.28,0
2026-09-29T16:49:06,2026-09-29,EW,HOLD,0,Stochastic Oscillator,HIGH,5,39.23,nan,2.0,0.0,3.0,0.0,0.0,2026-10-13,1.84,3.85,100.0,79.43,26.69,24.54,-3.98,14.5,2,2026-06-11 to 2026-09-25 (74 days),-1.0,42.8,nan,nan,nan,NEUTRAL,LOW,Last surprise: +5.4%; Earnings conf adj: +1,-1.0,-1.0,1.0,30,2026-10-29,5.41,1
2026-09-29T16:50:10,2026-09-29,WWD,HOLD,0,Composite Multi-Indicator,HIGH,4,39.23,nan,2.0,0.0,4.0,0.0,0.0,2026-10-09,3.15,16.24,100.0,32.83,11.41,53.97,-0.43,10.0,1,2026-06-11 to 2026-09-25 (74 days),-1.0,43.5,nan,nan,nan,NEUTRAL,LOW,Strong trend (ADX=31),-1.0,-1.0,1.0,55,2026-11-23,,0
2026-09-29T16:49:23,2026-09-29,JNJ,HOLD,0,Stochastic Oscillator,HIGH,4,39.1,nan,2.0,0.0,3.0,0.0,0.0,2026-10-20,1.97,2.93,100.0,81.15,26.82,-32.1,-4.62,21.5,2,2026-06-11 to 2026-09-25 (74 days),-1.0,57.2,nan,nan,nan,NEUTRAL,LOW,Last surprise: +1.8%,-1.0,-1.0,1.0,14,2026-10-13,1.75,0
2026-09-29T16:50:07,2026-09-29,NVT,HOLD,0,VWAP Trend,HIGH,5,39.06,nan,3.72,0.0,7.44,0.0,0.0,2026-10-01,2.11,3.55,66.7,2.82,75.59,75.36,-9.29,2.0,9,2026-06-11 to 2026-09-25 (74 days),-1.0,57.9,nan,nan,nan,NEUTRAL,LOW,Last surprise: +25.0%; Earnings conf adj: +1,-1.0,-1.0,1.0,31,2026-10-30,25.0,1
2026-09-29T16:50:31,2026-09-29,AAL,HOLD,0,Composite Multi-Indicator,HIGH,4,38.78,nan,2.0,0.0,4.0,0.0,0.0,2026-10-08,2.49,8.58,100.0,91.13,34.64,51.85,-1.91,9.0,1,2026-06-11 to 2026-09-25 (74 days),-1.0,55.3,nan,nan,nan,NEUTRAL,LOW,Strong trend (ADX=37),-1.0,-1.0,1.0,23,2026-10-22,,0
2026-09-29T16:48:51,2026-09-29,CF,HOLD,0,MACD Crossover,MEDIUM,3,38.64,nan,4.09,0.0,8.18,0.0,0.0,2026-10-29,2.06,3.31,100.0,164.42,70.58,39.46,-10.23,30.5,2,2026-06-11 to 2026-09-25 (74 days),-1.0,34.1,nan,nan,nan,NEUTRAL,LOW,Strong trend (ADX=41); Last surprise: -15.1%; Earnings conf adj: -1,-1.0,-1.0,1.0,36,2026-11-04,-15.08,-1
2026-09-29T16:49:53,2026-09-29,T,HOLD,0,VWAP Trend,HIGH,5,38.56,nan,2.6,0.0,5.2,0.0,0.0,2026-10-12,2.36,3.54,60.0,4.48,58.36,11.28,-6.49,13.8,5,2026-06-11 to 2026-09-25 (74 days),-1.0,50.3,nan,nan,nan,NEUTRAL,LOW,Last surprise: +10.2%; Earnings conf adj: +1,-1.0,-1.0,1.0,22,2026-10-21,10.17,1
2026-09-29T16:49:17,2026-09-29,HPE,HOLD,0,52-Week High Momentum,MEDIUM,2,38.26,nan,2.33,0.0,4.66,0.0,0.0,2026-10-03,-1.0,-2.21,100.0,42.36,-7.1,-190.49,-5.83,4.0,2,2026-06-11 to 2026-09-25 (74 days),-1.0,61.5,nan,nan,nan,NEUTRAL,LOW,Strong trend (ADX=39); Last surprise: +49.1%,-1.0,-1.0,1.0,-27,2026-09-02,49.06,0
2026-09-29T16:49:00,2026-09-29,DHI,HOLD,0,VWAP Trend,LOW,1,38.25,nan,3.14,0.0,4.71,0.0,0.0,2026-10-01,-2.21,-2.71,42.9,0.22,-18.79,6.48,-7.84,2.4,7,2026-06-11 to 2026-09-25 (74 days),-1.0,48.7,nan,nan,nan,NEUTRAL,LOW,Last surprise: +7.0%; Earnings conf adj: +1,-1.0,-1.0,1.0,30,2026-10-29,7.02,1
2026-09-29T16:50:50,2026-09-29,FBIN,HOLD,0,MACD Crossover,HIGH,4,38.19,nan,2.0,0.0,4.0,0.0,0.0,2026-09-30,1.75,44.13,100.0,35.59,12.05,36.5,-0.2,1.0,1,2026-06-11 to 2026-09-25 (74 days),-1.0,38.1,nan,nan,nan,NEUTRAL,LOW,Strong trend (ADX=42),-1.0,-1.0,1.0,44,2026-11-12,,0
2026-09-29T16:49:48,2026-09-29,ROP,HOLD,0,MACD Crossover,MEDIUM,3,38.05,nan,2.0,0.0,4.0,0.0,0.0,2026-10-12,1.0,1.47,100.0,41.26,13.95,-16.65,-4.61,13.0,2,2026-06-11 to 2026-09-25 (74 days),-1.0,29.5,nan,nan,nan,NEUTRAL,LOW,RSI oversold; Strong trend (ADX=43); Last surprise: +1.7%,-1.0,-1.0,1.0,23,2026-10-22,1.7,0
2026-09-29T16:48:50,2026-09-29,CDNS,HOLD,0,Stochastic Oscillator,LOW,0,38.04,nan,7.5,0.0,11.25,0.0,0.0,2026-11-09,0.43,0.6,50.0,1.43,9.14,52.11,-18.75,41.5,2,2026-06-11 to 2026-09-25 (74 days),-1.0,61.3,nan,nan,nan,NEUTRAL,LOW,Strong trend (ADX=40); Last surprise: +2.4%,-1.0,-1.0,1.0,27,2026-10-26,2.43,0
2026-09-29T16:50:12,2026-09-29,OVV,HOLD,0,MACD Crossover,HIGH,4,37.93,nan,3.28,0.0,6.56,0.0,0.0,2026-10-21,1.51,2.15,100.0,91.62,35.18,7.15,-8.19,22.0,2,2026-06-11 to 2026-09-25 (74 days),-1.0,41.5,nan,nan,nan,NEUTRAL,LOW,Strong trend (ADX=31),-1.0,-1.0,1.0,36,2026-11-04,,0
2026-09-29T16:48:56,2026-09-29,CRL,HOLD,0,Stochastic Oscillator,HIGH,5,37.83,nan,2.0,0.0,3.0,0.0,0.0,2026-10-14,3.16,11.89,100.0,310.46,149.65,-211.61,-3.98,15.5,2,2026-06-11 to 2026-09-25 (74 days),-1.0,59.9,nan,nan,nan,NEUTRAL,LOW,Last surprise: +10.2%; Earnings conf adj: +1,-1.0,-1.0,1.0,36,2026-11-04,10.22,1
2026-09-29T16:49:07,2026-09-29,F,HOLD,0,VWAP Trend,HIGH,4,37.65,nan,2.0,0.0,4.0,0.0,0.0,2026-10-01,1.13,1.81,50.0,1.71,11.03,48.36,-4.22,2.0,6,2026-06-11 to 2026-09-25 (74 days),-1.0,35.7,nan,nan,nan,NEUTRAL,LOW,Strong trend (ADX=44); Last surprise: +20.0%; Earnings conf adj: +1,-1.0,-1.0,1.0,23,2026-10-22,20.0,1
2026-09-29T16:50:31,2026-09-29,PBF,EXIT,-1,ADX Trend Following,HIGH,4,37.57,nan,6.53,nan,13.06,nan,10.0,2026-10-31,3.62,7.29,100.0,712.89,587.66,-70.55,-16.32,32.0,2,2026-06-11 to 2026-09-25 (74 days),-1.0,52.3,nan,nan,nan,NEUTRAL,LOW,No special conditions,-1.0,-1.0,1.0,30,2026-10-29,,0
2026-09-29T16:50:15,2026-09-29,PFGC,HOLD,0,MACD Crossover,HIGH,4,37.56,nan,2.0,0.0,4.0,0.0,0.0,2026-09-30,1.55,13.95,100.0,12.62,3.7,39.43,-0.2,1.0,1,2026-06-11 to 2026-09-25 (74 days),-1.0,33.9,nan,nan,nan,NEUTRAL,LOW,Strong trend (ADX=62),-1.0,-1.0,1.0,36,2026-11-04,,0
2026-09-29T16:50:51,2026-09-29,ALK,HOLD,0,Stochastic Oscillator,MEDIUM,3,37.51,nan,3.37,0.0,5.06,0.0,0.0,2026-10-27,0.88,1.32,100.0,75.58,25.37,61.7,-8.42,28.0,2,2026-06-11 to 2026-09-25 (74 days),-1.0,46.3,nan,nan,nan,NEUTRAL,LOW,No special conditions,-1.0,-1.0,1.0,23,2026-10-22,,0
2026-09-29T16:51:01,2026-09-29,SLV,HOLD,0,Stochastic Oscillator,HIGH,4,37.12,nan,4.08,0.0,6.12,0.0,0.0,2026-10-27,1.79,2.76,100.0,145.07,56.29,70.7,-10.19,28.5,2,2026-06-11 to 2026-09-25 (74 days),-1.0,48.1,nan,nan,nan,NEUTRAL,LOW,No special conditions,-1.0,-1.0,1.0,-1,,,0
2026-09-29T16:50:23,2026-09-29,BTSG,HOLD,0,VWAP Trend,MEDIUM,3,37.0,nan,2.77,0.0,5.54,0.0,0.0,2026-09-30,0.9,1.21,77.8,1.72,14.82,46.08,-6.92,1.6,9,2026-06-11 to 2026-09-25 (74 days),-1.0,42.2,nan,nan,nan,NEUTRAL,LOW,Strong trend (ADX=35),-1.0,-1.0,1.0,31,2026-10-30,,0
2026-09-29T16:50:11,2026-09-29,WCC,HOLD,0,Stochastic Oscillator,HIGH,4,36.88,nan,6.76,0.0,10.14,0.0,0.0,2026-11-06,1.41,2.18,100.0,157.59,66.39,39.84,-16.91,38.5,2,2026-06-11 to 2026-09-25 (74 days),-1.0,59.5,nan,nan,nan,NEUTRAL,LOW,No special conditions,-1.0,-1.0,1.0,30,2026-10-29,,0
2026-09-29T16:50:53,2026-09-29,ESAB,HOLD,0,MACD Crossover,MEDIUM,3,36.88,nan,5.01,0.0,10.02,0.0,0.0,2026-10-11,0.54,0.83,66.7,3.13,13.74,65.91,-12.52,12.7,3,2026-06-11 to 2026-09-25 (74 days),-1.0,47.5,nan,nan,nan,NEUTRAL,LOW,Strong trend (ADX=36),-1.0,-1.0,1.0,30,2026-10-29,,0
2026-09-29T16:50:22,2026-09-29,HL,EXIT,-1,ADX Trend Following,HIGH,4,36.79,nan,5.69,nan,11.38,nan,10.0,2026-11-11,1.5,2.66,100.0,231.43,104.87,9.72,-14.22,43.0,2,2026-06-11 to 2026-09-25 (74 days),-1.0,45.2,nan,nan,nan,NEUTRAL,LOW,Strong trend (ADX=38),-1.0,-1.0,1.0,37,2026-11-05,,0
2026-09-29T16:49:59,2026-09-29,URI,HOLD,0,Stochastic Oscillator,HIGH,5,36.73,nan,3.16,0.0,4.74,0.0,0.0,2026-10-23,1.33,2.38,100.0,106.19,39.08,45.28,-7.9,24.0,2,2026-06-11 to 2026-09-25 (74 days),-1.0,53.3,nan,nan,nan,NEUTRAL,LOW,Last surprise: +10.1%; Earnings conf adj: +1,-1.0,-1.0,1.0,22,2026-10-21,10.09,1
2026-09-29T16:49:06,2026-09-29,EXPE,HOLD,0,Composite Multi-Indicator,HIGH,5,36.66,nan,2.0,0.0,4.0,0.0,0.0,2026-11-14,2.81,5.51,100.0,246.9,112.58,36.77,-4.98,46.0,1,2026-06-11 to 2026-09-25 (74 days),-1.0,35.7,nan,nan,nan,NEUTRAL,LOW,Strong trend (ADX=46); Last surprise: +9.7%; Earnings conf adj: +1,-1.0,-1.0,1.0,37,2026-11-05,9.71,1
2026-09-29T16:50:10,2026-09-29,SITM,HOLD,0,Stochastic Oscillator,HIGH,4,36.62,nan,10.0,0.0,15.0,0.0,0.0,2026-10-30,1.48,2.86,100.0,274.96,139.95,165.46,-28.7,31.0,2,2026-06-11 to 2026-09-25 (74 days),-1.0,58.4,nan,nan,nan,NEUTRAL,LOW,No special conditions,-1.0,-1.0,1.0,36,2026-11-04,,0
2026-09-29T16:50:17,2026-09-29,TTMI,HOLD,0,EMA Crossover (9/21),HIGH,4,36.55,nan,2.0,0.0,4.0,0.0,0.0,2026-09-30,1.62,18.72,100.0,16.25,4.99,77.22,-0.2,1.0,1,2026-06-11 to 2026-09-25 (74 days),-1.0,55.8,nan,nan,nan,NEUTRAL,LOW,No special conditions,-1.0,-1.0,1.0,36,2026-11-04,,0
2026-09-29T16:50:43,2026-09-29,WFRD,HOLD,0,Stochastic Oscillator,MEDIUM,2,36.48,nan,5.95,0.0,8.93,0.0,0.0,2026-10-26,0.3,0.48,100.0,17.51,4.74,48.88,-14.88,27.5,2,2026-06-11 to 2026-09-25 (74 days),-1.0,43.7,nan,nan,nan,NEUTRAL,LOW,Strong trend (ADX=37),-1.0,-1.0,1.0,21,2026-10-20,,0
2026-09-29T16:49:54,2026-09-29,TGT,HOLD,0,VWAP Trend,HIGH,4,36.47,nan,2.0,0.0,4.0,0.0,0.0,2026-09-30,1.39,2.27,54.5,2.09,28.34,-57.24,-4.48,1.7,11,2026-06-11 to 2026-09-25 (74 days),-1.0,50.8,nan,nan,nan,NEUTRAL,LOW,Last surprise: +75.6%; Earnings conf adj: +1,-1.0,-1.0,1.0,50,2026-11-18,75.64,1
2026-09-29T16:50:13,2026-09-29,JAZZ,HOLD,0,MACD Crossover,MEDIUM,3,36.4,nan,2.0,0.0,4.0,0.0,0.0,2026-10-07,0.9,1.45,75.0,2.79,11.36,8.73,-4.54,8.2,4,2026-06-11 to 2026-09-25 (74 days),-1.0,42.5,nan,nan,nan,NEUTRAL,LOW,Strong trend (ADX=30),-1.0,-1.0,1.0,36,2026-11-04,,0
2026-09-29T16:48:50,2026-09-29,CDW,HOLD,0,VWAP Trend,HIGH,4,36.36,nan,3.78,0.0,7.56,0.0,0.0,2026-10-07,1.95,3.24,62.5,2.73,91.09,71.26,-9.44,8.2,8,2026-06-11 to 2026-09-25 (74 days),-1.0,39.1,nan,nan,nan,NEUTRAL,LOW,Last surprise: +3.9%,-1.0,-1.0,1.0,35,2026-11-03,3.93,0
2026-09-29T16:50:39,2026-09-29,KEX,HOLD,0,Stochastic Oscillator,HIGH,4,36.33,nan,2.0,0.0,3.0,0.0,0.0,2026-10-09,2.7,5.42,66.7,136.72,52.97,78.41,-4.6,10.7,3,2026-06-11 to 2026-09-25 (74 days),-1.0,30.1,nan,nan,nan,NEUTRAL,LOW,Strong trend (ADX=43),-1.0,-1.0,1.0,29,2026-10-28,,0
2026-09-29T16:49:37,2026-09-29,NTAP,HOLD,0,Stochastic Oscillator,HIGH,4,36.24,nan,2.21,0.0,3.32,0.0,0.0,2026-10-17,1.94,3.86,100.0,153.3,60.73,-59.71,-5.52,18.0,2,2026-06-11 to 2026-09-25 (74 days),-1.0,60.2,nan,nan,nan,NEUTRAL,LOW,Last surprise: +7.0%,-1.0,-1.0,1.0,63,2026-12-01,7.05,0
2026-09-29T16:49:56,2026-09-29,TSLA,HOLD,0,EMA Crossover (9/21),MEDIUM,3,36.12,nan,2.37,0.0,4.74,0.0,0.0,2026-10-09,1.39,2.44,75.0,4.74,41.86,63.37,-5.92,10.5,4,2026-06-11 to 2026-09-25 (74 days),-1.0,55.3,nan,nan,nan,NEUTRAL,LOW,Last surprise: -38.9%; Earnings conf adj: -1,-1.0,-1.0,1.0,22,2026-10-21,-38.89,-1
2026-09-29T16:49:22,2026-09-29,JCI,HOLD,0,VWAP Trend,LOW,1,35.89,nan,3.48,0.0,5.22,0.0,0.0,2026-10-02,0.38,0.51,50.0,1.31,5.55,-12.33,-8.71,3.0,8,2026-06-11 to 2026-09-25 (74 days),-1.0,61.4,nan,nan,nan,NEUTRAL,LOW,Last surprise: +9.2%; Earnings conf adj: +1,-1.0,-1.0,1.0,36,2026-11-04,9.23,1
2026-09-29T16:50:57,2026-09-29,YETI,HOLD,0,Composite Multi-Indicator,HIGH,4,35.89,nan,2.0,0.0,4.0,0.0,0.0,2026-10-08,1.4,1.94,100.0,41.66,14.72,61.22,-3.95,9.0,1,2026-06-11 to 2026-09-25 (74 days),-1.0,48.5,nan,nan,nan,NEUTRAL,LOW,No special conditions,-1.0,-1.0,1.0,37,2026-11-05,,0
2026-09-29T16:50:01,2026-09-29,VRTX,HOLD,0,Stochastic Oscillator,HIGH,4,35.88,nan,2.0,0.0,3.0,0.0,0.0,2026-10-12,2.26,5.84,100.0,108.42,37.31,-40.97,-4.01,13.5,2,2026-06-11 to 2026-09-25 (74 days),-1.0,53.3,nan,nan,nan,NEUTRAL,LOW,Last surprise: -0.4%,-1.0,-1.0,1.0,34,2026-11-02,-0.42,0
2026-09-29T16:50:00,2026-09-29,VEEV,HOLD,0,Stochastic Oscillator,HIGH,5,35.75,nan,2.54,0.0,3.81,0.0,0.0,2026-10-08,2.74,6.25,100.0,214.38,88.31,-484.92,-6.35,9.0,2,2026-06-11 to 2026-09-25 (74 days),-1.0,67.2,nan,nan,nan,NEUTRAL,LOW,Strong trend (ADX=35); Last surprise: +5.9%; Earnings conf adj: +1,-1.0,-1.0,1.0,57,2026-11-25,5.86,1
2026-09-29T16:49:22,2026-09-29,ITW,HOLD,0,VWAP Trend,LOW,0,35.72,nan,2.0,0.0,3.0,0.0,0.0,2026-10-01,-0.14,-0.18,50.0,1.11,-1.82,-34.19,-4.61,2.2,12,2026-06-11 to 2026-09-25 (74 days),-1.0,51.8,nan,nan,nan,NEUTRAL,LOW,Last surprise: +1.4%,-1.0,-1.0,1.0,24,2026-10-23,1.43,0
2026-09-29T16:50:20,2026-09-29,GME,HOLD,0,Composite Multi-Indicator,HIGH,4,35.69,nan,2.64,0.0,5.28,0.0,0.0,2026-10-24,3.58,6.71,100.0,271.58,128.18,108.05,-6.61,25.0,1,2026-06-11 to 2026-09-25 (74 days),-1.0,65.1,nan,nan,nan,NEUTRAL,LOW,Strong trend (ADX=74),-1.0,-1.0,1.0,70,2026-12-08,,0
2026-09-29T16:49:32,2026-09-29,MO,HOLD,0,ADX Trend Following,HIGH,4,35.64,nan,2.0,0.0,4.0,0.0,0.0,2026-10-05,1.03,1.74,75.0,3.45,9.25,11.39,-2.54,6.0,4,2026-06-11 to 2026-09-25 (74 days),-1.0,53.5,nan,nan,nan,NEUTRAL,LOW,Last surprise: -1.3%,-1.0,-1.0,1.0,30,2026-10-29,-1.33,0
2026-09-29T16:50:10,2026-09-29,CDE,HOLD,0,VWAP Trend,MEDIUM,3,35.53,nan,5.72,0.0,11.44,0.0,0.0,2026-10-01,1.05,1.63,54.5,2.31,42.98,-29.95,-14.31,2.8,11,2026-06-11 to 2026-09-25 (74 days),-1.0,46.7,nan,nan,nan,NEUTRAL,LOW,No special conditions,-1.0,-1.0,1.0,29,2026-10-28,,0
2026-09-29T16:49:19,2026-09-29,ICE,HOLD,0,MACD Crossover,HIGH,4,35.5,nan,2.0,0.0,4.0,0.0,0.0,2026-10-18,2.93,5.04,66.7,22.29,53.17,6.14,-4.52,19.0,3,2026-06-11 to 2026-09-25 (74 days),-1.0,47.3,nan,nan,nan,NEUTRAL,LOW,Last surprise: +3.3%,-1.0,-1.0,1.0,30,2026-10-29,3.26,0
2026-09-29T16:50:26,2026-09-29,ENSG,HOLD,0,MACD Crossover,HIGH,4,35.5,nan,2.0,0.0,4.0,0.0,0.0,2026-10-31,2.7,5.3,100.0,157.83,64.67,-18.23,-4.56,32.0,2,2026-06-11 to 2026-09-25 (74 days),-1.0,50.6,nan,nan,nan,NEUTRAL,LOW,No special conditions,-1.0,-1.0,1.0,35,2026-11-03,,0
2026-09-29T16:49:47,2026-09-29,RMD,HOLD,0,Stochastic Oscillator,HIGH,4,35.48,nan,2.0,0.0,3.0,0.0,0.0,2026-10-09,1.77,3.57,100.0,74.72,23.39,-42.15,-3.34,10.5,2,2026-06-11 to 2026-09-25 (74 days),-1.0,46.5,nan,nan,nan,NEUTRAL,LOW,Last surprise: +2.1%,-1.0,-1.0,1.0,30,2026-10-29,2.08,0
2026-09-29T16:50:36,2026-09-29,AVAV,HOLD,0,Stochastic Oscillator,HIGH,4,35.45,nan,10.0,0.0,15.0,0.0,0.0,2026-11-01,1.19,2.02,100.0,179.14,75.56,123.49,-26.02,33.5,2,2026-06-11 to 2026-09-25 (74 days),-1.0,46.2,nan,nan,nan,NEUTRAL,LOW,No special conditions,-1.0,-1.0,1.0,64,2026-12-02,,0
2026-09-29T16:49:54,2026-09-29,TECH,EXIT,-1,ADX Trend Following,HIGH,4,35.42,nan,2.0,nan,4.0,nan,10.0,2026-11-16,2.63,12.7,100.0,340.35,172.82,-5.82,-4.02,48.5,2,2026-06-11 to 2026-09-25 (74 days),-1.0,66.0,nan,nan,nan,NEUTRAL,LOW,Strong trend (ADX=35); Last surprise: +0.0%,-1.0,-1.0,1.0,41,2026-11-09,0.0,0
2026-09-29T16:50:31,2026-09-29,RRC,HOLD,0,Stochastic Oscillator,HIGH,4,35.41,nan,2.5,0.0,3.75,0.0,0.0,2026-10-19,1.24,1.98,100.0,68.58,22.01,14.51,-6.24,20.0,2,2026-06-11 to 2026-09-25 (74 days),-1.0,41.3,nan,nan,nan,NEUTRAL,LOW,Strong trend (ADX=33),-1.0,-1.0,1.0,28,2026-10-27,,0
2026-09-29T16:48:40,2026-09-29,AMGN,HOLD,0,Stochastic Oscillator,HIGH,5,35.39,nan,2.0,0.0,3.0,0.0,0.0,2026-10-09,2.79,14.21,100.0,102.71,32.58,-43.38,-1.59,10.0,1,2026-06-11 to 2026-09-25 (74 days),-1.0,56.5,nan,nan,nan,NEUTRAL,LOW,Strong trend (ADX=41); Last surprise: +11.9%; Earnings conf adj: +1,-1.0,-1.0,1.0,35,2026-11-03,11.92,1
2026-09-29T16:49:32,2026-09-29,MOS,HOLD,0,Stochastic Oscillator,MEDIUM,3,35.37,nan,3.97,0.0,5.96,0.0,0.0,2026-11-17,2.03,3.9,100.0,168.98,69.57,30.49,-9.93,49.0,1,2026-06-11 to 2026-09-25 (74 days),-1.0,41.2,nan,nan,nan,NEUTRAL,LOW,Strong trend (ADX=33); Last surprise: -7.1%; Earnings conf adj: -1,-1.0,-1.0,1.0,35,2026-11-03,-7.14,-1
2026-09-29T16:48:45,2026-09-29,BE,HOLD,0,VWAP Trend,HIGH,5,35.31,nan,3.74,0.0,7.48,0.0,0.0,2026-10-01,1.88,5.66,66.7,4.0,166.46,99.54,-9.35,2.8,6,2026-06-11 to 2026-09-25 (74 days),-1.0,62.8,nan,nan,nan,NEUTRAL,LOW,Last surprise: +90.2%; Earnings conf adj: +1,-1.0,-1.0,1.0,28,2026-10-27,90.24,1
2026-09-29T16:50:02,2026-09-29,WAT,HOLD,0,MACD Crossover,HIGH,4,35.27,nan,2.0,0.0,4.0,0.0,0.0,2026-10-08,1.81,3.83,75.0,25.65,33.8,-56.64,-3.58,9.0,4,2026-06-11 to 2026-09-25 (74 days),-1.0,64.2,nan,nan,nan,NEUTRAL,LOW,Strong trend (ADX=38); Last surprise: +1.3%,-1.0,-1.0,1.0,31,2026-10-30,1.33,0
2026-09-29T16:48:59,2026-09-29,DG,HOLD,0,VWAP Trend,HIGH,5,35.05,nan,2.0,0.0,4.0,0.0,0.0,2026-10-01,1.74,3.81,66.7,5.26,19.62,-18.21,-4.02,2.3,6,2026-06-11 to 2026-09-25 (74 days),-1.0,51.1,nan,nan,nan,NEUTRAL,LOW,Last surprise: +23.4%; Earnings conf adj: +1,-1.0,-1.0,1.0,-33,2026-08-27,23.38,1
2026-09-29T16:50:07,2026-09-29,ROIV,HOLD,0,Stochastic Oscillator,HIGH,5,35.0,nan,2.0,0.0,3.0,0.0,0.0,2026-10-08,1.75,15.43,100.0,193.27,75.25,-14.66,-2.56,9.0,1,2026-06-11 to 2026-09-25 (74 days),-1.0,40.9,nan,nan,nan,NEUTRAL,LOW,Last surprise: +5.6%; Earnings conf adj: +1,-1.0,-1.0,1.0,41,2026-11-09,5.56,1
2026-09-29T16:50:21,2026-09-29,ARW,HOLD,-1,ADX Trend Following,LOW,1,34.96,nan,5.78,nan,8.67,nan,0.0,2026-10-15,-0.17,-0.23,75.0,0.59,-11.88,-28.14,-14.44,16.5,4,2026-06-11 to 2026-09-25 (74 days),-1.0,65.6,nan,nan,nan,NEUTRAL,LOW,Strong trend (ADX=37),-1.0,-1.0,1.0,30,2026-10-29,,0
2026-09-29T16:49:37,2026-09-29,NUE,HOLD,0,VWAP Trend,LOW,1,34.94,nan,2.8,0.0,4.2,0.0,0.0,2026-10-02,-0.69,-0.88,42.9,0.78,-9.07,7.16,-7.0,3.0,7,2026-06-11 to 2026-09-25 (74 days),-1.0,44.1,nan,nan,nan,NEUTRAL,LOW,Last surprise: +6.8%; Earnings conf adj: +1,-1.0,-1.0,1.0,27,2026-10-26,6.84,1
2026-09-29T16:49:20,2026-09-29,INTC,EXIT,-1,SMA Crossover (10/50),HIGH,5,34.9,nan,2.0,nan,4.0,nan,10.0,2026-10-08,2.48,10.29,100.0,216.22,95.05,76.07,-3.55,9.0,1,2026-06-11 to 2026-09-25 (74 days),-1.0,66.9,nan,nan,nan,NEUTRAL,LOW,Strong trend (ADX=46); Last surprise: +90.9%; Earnings conf adj: +1,-1.0,-1.0,1.0,23,2026-10-22,90.91,1
2026-09-29T16:49:22,2026-09-29,JBL,HOLD,0,Stochastic Oscillator,LOW,1,34.86,nan,5.46,0.0,8.19,0.0,0.0,2026-10-30,0.63,0.96,100.0,51.87,16.84,61.93,-13.64,31.5,2,2026-06-11 to 2026-09-25 (74 days),-1.0,53.9,nan,nan,nan,NEUTRAL,LOW,Earnings in 1d (2026-09-30); Last surprise: +1.3%; Earnings conf adj: -2,-1.0,-1.0,1.0,1,2026-09-30,1.28,-2
2026-09-29T16:49:45,2026-09-29,PYPL,HOLD,0,Stochastic Oscillator,HIGH,5,34.82,nan,2.0,0.0,3.0,0.0,0.0,2026-10-18,1.87,3.53,100.0,121.78,40.21,-132.97,-4.47,19.5,2,2026-06-11 to 2026-09-25 (74 days),-1.0,52.2,nan,nan,nan,NEUTRAL,LOW,Last surprise: +7.8%; Earnings conf adj: +1,-1.0,-1.0,1.0,28,2026-10-27,7.81,1
2026-09-29T16:49:48,2026-09-29,RVTY,EXIT,-1,ADX Trend Following,HIGH,5,34.81,nan,3.06,nan,6.12,nan,10.0,2026-10-31,2.42,5.18,100.0,230.26,102.62,-192.98,-7.64,32.5,2,2026-06-11 to 2026-09-25 (74 days),-1.0,73.7,nan,nan,nan,NEUTRAL,LOW,RSI overbought; Strong trend (ADX=47); Last surprise: +15.6%; Earnings conf adj: +1,-1.0,-1.0,1.0,27,2026-10-26,15.57,1
2026-09-29T16:48:59,2026-09-29,DDOG,HOLD,0,EMA Crossover (9/21),HIGH,5,34.76,nan,2.0,0.0,4.0,0.0,0.0,2026-10-02,2.92,103.06,100.0,82.46,30.54,-28.89,-0.2,3.0,1,2026-06-11 to 2026-09-25 (74 days),-1.0,67.0,nan,nan,nan,NEUTRAL,LOW,Strong trend (ADX=42); Last surprise: +12.1%; Earnings conf adj: +1,-1.0,-1.0,1.0,37,2026-11-05,12.07,1
2026-09-29T16:50:08,2026-09-29,ENTG,HOLD,0,Stochastic Oscillator,HIGH,5,34.76,nan,10.0,0.0,15.0,0.0,0.0,2026-10-25,1.56,2.64,100.0,227.14,105.56,87.61,-26.69,26.0,2,2026-06-11 to 2026-09-25 (74 days),-1.0,59.6,nan,nan,nan,NEUTRAL,LOW,Last surprise: +13.4%; Earnings conf adj: +1,-1.0,-1.0,1.0,36,2026-11-04,13.41,1
2026-09-29T16:50:37,2026-09-29,NFG,HOLD,0,VWAP Trend,HIGH,4,34.69,nan,2.03,0.0,4.06,0.0,0.0,2026-10-12,1.6,2.58,80.0,2.98,28.56,15.64,-5.07,13.8,5,2026-06-11 to 2026-09-25 (74 days),-1.0,37.9,nan,nan,nan,NEUTRAL,LOW,No special conditions,-1.0,-1.0,1.0,36,2026-11-04,,0
2026-09-29T16:48:42,2026-09-29,APA,HOLD,0,ADX Trend Following,HIGH,4,34.58,nan,4.31,0.0,8.62,0.0,0.0,2026-11-01,2.23,3.93,100.0,224.86,104.86,32.8,-10.78,33.5,2,2026-06-11 to 2026-09-25 (74 days),-1.0,48.5,nan,nan,nan,NEUTRAL,LOW,Last surprise: +1.1%,-1.0,-1.0,1.0,36,2026-11-04,1.07,0
2026-09-29T16:48:45,2026-09-29,BBY,HOLD,0,MACD Crossover,HIGH,4,34.47,nan,2.81,0.0,5.62,0.0,0.0,2026-10-08,0.91,1.45,75.0,2.2,18.07,-70.68,-7.03,9.5,4,2026-06-11 to 2026-09-25 (74 days),-1.0,53.5,nan,nan,nan,NEUTRAL,LOW,Last surprise: +6.5%; Earnings conf adj: +1,-1.0,-1.0,1.0,56,2026-11-24,6.52,1
2026-09-29T16:49:34,2026-09-29,MSCI,HOLD,0,VWAP Trend,LOW,1,34.37,nan,3.3,0.0,4.95,0.0,0.0,2026-10-03,0.26,0.39,57.1,1.31,2.76,24.62,-8.26,4.9,7,2026-06-11 to 2026-09-25 (74 days),-1.0,45.7,nan,nan,nan,NEUTRAL,LOW,Last surprise: -0.8%,-1.0,-1.0,1.0,21,2026-10-20,-0.8,0
2026-09-29T16:51:00,2026-09-29,COPX,HOLD,0,Stochastic Oscillator,MEDIUM,3,34.37,nan,2.77,0.0,4.16,0.0,0.0,2026-10-18,0.65,1.04,100.0,46.98,14.56,-2.42,-6.93,19.0,2,2026-06-11 to 2026-09-25 (74 days),-1.0,46.9,nan,nan,nan,NEUTRAL,LOW,No special conditions,-1.0,-1.0,1.0,-1,,,0
2026-09-29T16:50:35,2026-09-29,GAP,HOLD,0,Stochastic Oscillator,HIGH,4,34.17,nan,5.64,0.0,8.46,0.0,0.0,2026-11-05,1.49,2.77,100.0,155.66,66.49,63.91,-14.1,37.0,2,2026-06-11 to 2026-09-25 (74 days),-1.0,55.9,nan,nan,nan,NEUTRAL,LOW,High volume,-1.0,-1.0,1.0,51,2026-11-19,,0
2026-09-29T16:50:11,2026-09-29,PR,HOLD,0,MACD Crossover,HIGH,4,34.05,nan,3.12,0.0,6.24,0.0,0.0,2026-10-19,1.75,2.81,66.7,8.43,52.05,1.48,-7.8,20.0,3,2026-06-11 to 2026-09-25 (74 days),-1.0,40.1,nan,nan,nan,NEUTRAL,LOW,Strong trend (ADX=35),-1.0,-1.0,1.0,36,2026-11-04,,0
2026-09-29T16:50:30,2026-09-29,SOLS,HOLD,0,Stochastic Oscillator,MEDIUM,2,34.05,nan,5.28,0.0,7.92,0.0,0.0,2026-10-28,0.49,0.83,100.0,37.02,12.85,91.06,-13.2,29.5,2,2026-06-18 to 2026-09-25 (69 days),-1.0,41.4,nan,nan,nan,NEUTRAL,LOW,No special conditions,-1.0,-1.0,1.0,30,2026-10-29,,0
2026-09-29T16:50:42,2026-09-29,ELF,HOLD,0,MACD Crossover,HIGH,4,34.01,nan,2.86,0.0,5.72,0.0,0.0,2026-10-08,2.33,4.76,75.0,10.23,92.51,-359.03,-7.16,9.2,4,2026-06-11 to 2026-09-25 (74 days),-1.0,52.5,nan,nan,nan,NEUTRAL,LOW,No special conditions,-1.0,-1.0,1.0,36,2026-11-04,,0
2026-09-29T16:50:14,2026-09-29,VNOM,HOLD,0,Stochastic Oscillator,MEDIUM,3,33.99,nan,2.93,0.0,4.4,0.0,0.0,2026-10-18,0.66,1.0,100.0,34.14,9.24,24.95,-7.33,19.0,2,2026-06-11 to 2026-09-25 (74 days),-1.0,37.0,nan,nan,nan,NEUTRAL,LOW,Strong trend (ADX=38),-1.0,-1.0,1.0,34,2026-11-02,,0
2026-09-29T16:49:52,2026-09-29,SWK,HOLD,0,VWAP Trend,HIGH,5,33.9,nan,2.0,0.0,4.0,0.0,0.0,2026-10-01,2.64,6.32,80.0,6.4,73.56,30.61,-3.58,2.9,10,2026-06-11 to 2026-09-25 (74 days),-1.0,46.7,nan,nan,nan,NEUTRAL,LOW,Last surprise: +29.8%; Earnings conf adj: +1,-1.0,-1.0,1.0,36,2026-11-04,29.75,1
2026-09-29T16:48:39,2026-09-29,ALLE,HOLD,0,VWAP Trend,HIGH,5,33.84,nan,2.0,0.0,4.0,0.0,0.0,2026-10-02,2.19,5.21,55.6,3.41,68.22,-0.77,-4.65,3.8,9,2026-06-11 to 2026-09-25 (74 days),-1.0,49.8,nan,nan,nan,NEUTRAL,LOW,Last surprise: +8.1%; Earnings conf adj: +1,-1.0,-1.0,1.0,23,2026-10-22,8.11,1
2026-09-29T16:50:20,2026-09-29,NXT,HOLD,0,Composite Multi-Indicator,MEDIUM,3,33.84,nan,2.0,0.0,4.0,0.0,0.0,2026-10-08,0.78,1.61,100.0,35.14,12.26,86.44,-4.07,9.0,1,2026-06-11 to 2026-09-25 (74 days),-1.0,41.9,nan,nan,nan,NEUTRAL,LOW,No special conditions,-1.0,-1.0,1.0,29,2026-10-28,,0
2026-09-29T16:49:33,2026-09-29,MRVL,HOLD,0,Composite Multi-Indicator,HIGH,4,33.82,nan,2.93,0.0,5.86,0.0,0.0,2026-10-27,2.43,4.28,100.0,208.21,91.35,112.53,-7.32,28.0,1,2026-06-11 to 2026-09-25 (74 days),-1.0,63.1,nan,nan,nan,NEUTRAL,LOW,Strong trend (ADX=35); Last surprise: +1.1%,-1.0,-1.0,1.0,63,2026-12-01,1.08,0
2026-09-29T16:50:25,2026-09-29,AR,HOLD,0,Stochastic Oscillator,MEDIUM,2,33.82,nan,2.43,0.0,3.65,0.0,0.0,2026-10-20,0.49,0.73,100.0,33.82,8.42,0.33,-6.08,21.0,2,2026-06-11 to 2026-09-25 (74 days),-1.0,40.0,nan,nan,nan,NEUTRAL,LOW,Strong trend (ADX=37),-1.0,-1.0,1.0,29,2026-10-28,,0
2026-09-29T16:50:13,2026-09-29,SMTC,HOLD,0,Composite Multi-Indicator,HIGH,4,33.81,nan,4.83,0.0,9.66,0.0,0.0,2026-11-05,2.7,4.83,100.0,453.21,261.8,216.41,-12.07,37.0,1,2026-06-11 to 2026-09-25 (74 days),-1.0,63.1,nan,nan,nan,NEUTRAL,LOW,Strong trend (ADX=31),-1.0,-1.0,1.0,55,2026-11-23,,0
2026-09-29T16:50:50,2026-09-29,DOCS,HOLD,0,Stochastic Oscillator,HIGH,4,33.72,nan,4.2,0.0,6.3,0.0,0.0,2026-10-26,1.69,4.95,100.0,317.03,160.62,2.46,-10.51,27.0,2,2026-06-11 to 2026-09-25 (74 days),-1.0,54.7,nan,nan,nan,NEUTRAL,LOW,No special conditions,-1.0,-1.0,1.0,37,2026-11-05,,0
2026-09-29T16:50:10,2026-09-29,DINO,HOLD,0,MACD Crossover,HIGH,4,33.7,nan,3.63,0.0,7.26,0.0,0.0,2026-11-03,3.46,6.59,100.0,323.33,177.14,-164.48,-9.08,35.0,2,2026-06-11 to 2026-09-25 (74 days),-1.0,55.4,nan,nan,nan,NEUTRAL,LOW,Strong trend (ADX=38),-1.0,-1.0,1.0,29,2026-10-28,,0
2026-09-29T16:50:13,2026-09-29,CRBG,HOLD,0,VWAP Trend,HIGH,4,33.7,nan,2.0,0.0,4.0,0.0,0.0,2026-09-30,2.19,5.42,80.0,3.88,36.14,-83.55,-3.34,1.9,10,2026-06-11 to 2026-09-25 (74 days),-1.0,61.9,nan,nan,nan,NEUTRAL,LOW,No special conditions,-1.0,-1.0,1.0,34,2026-11-02,,0
2026-09-29T16:48:37,2026-09-29,ADSK,HOLD,0,Stochastic Oscillator,HIGH,4,33.57,nan,3.45,0.0,5.18,0.0,0.0,2026-10-18,0.52,0.89,100.0,34.59,10.22,3.64,-8.62,19.0,2,2026-06-11 to 2026-09-25 (74 days),-1.0,36.8,nan,nan,nan,NEUTRAL,LOW,Last surprise: +5.8%; Earnings conf adj: +1,-1.0,-1.0,1.0,59,2026-11-27,5.77,1
2026-09-29T16:48:59,2026-09-29,DELL,HOLD,0,VWAP Trend,HIGH,5,33.56,nan,2.0,0.0,4.0,0.0,0.0,2026-10-01,2.84,13.05,66.7,6.45,164.22,-88.17,-3.65,2.5,6,2026-06-11 to 2026-09-25 (74 days),-1.0,58.7,nan,nan,nan,NEUTRAL,LOW,Strong trend (ADX=32); Last surprise: +43.1%; Earnings conf adj: +1,-1.0,-1.0,1.0,59,2026-11-27,43.09,1
2026-09-29T16:49:12,2026-09-29,GILD,HOLD,0,VWAP Trend,HIGH,5,33.52,nan,2.0,0.0,4.0,0.0,0.0,2026-10-01,1.53,4.81,75.0,27.54,6.87,-88.32,-1.13,2.8,4,2026-06-11 to 2026-09-25 (74 days),-1.0,60.6,nan,nan,nan,NEUTRAL,LOW,Strong trend (ADX=32); Last surprise: +6.9%; Earnings conf adj: +1,-1.0,-1.0,1.0,30,2026-10-29,6.9,1
2026-09-29T16:50:11,2026-09-29,ONTO,HOLD,0,MACD Crossover,MEDIUM,3,33.52,nan,7.78,0.0,15.56,0.0,0.0,2026-10-10,0.91,1.64,100.0,96.79,36.58,53.52,-19.44,11.0,2,2026-06-11 to 2026-09-25 (74 days),-1.0,54.9,nan,nan,nan,NEUTRAL,LOW,No special conditions,-1.0,-1.0,1.0,37,2026-11-05,,0
2026-09-29T16:50:02,2026-09-29,VTRS,HOLD,0,Stochastic Oscillator,HIGH,5,33.51,nan,2.0,0.0,3.0,0.0,0.0,2026-11-07,2.5,4.27,100.0,105.82,37.62,-1.95,-4.15,39.0,1,2026-06-11 to 2026-09-25 (74 days),-1.0,68.8,nan,nan,nan,NEUTRAL,LOW,Strong trend (ADX=35); Last surprise: +15.0%; Earnings conf adj: +1,-1.0,-1.0,1.0,37,2026-11-05,15.0,1
2026-09-29T16:48:46,2026-09-29,BEN,BUY,1,SMA Crossover (10/50),HIGH,5,33.46,nan,2.0,nan,4.0,nan,10.0,2026-10-02,1.65,21.13,100.0,18.09,5.65,-12.09,-0.2,3.0,1,2026-06-11 to 2026-09-25 (74 days),0.524,45.4,nan,nan,nan,NEUTRAL,LOW,Strong trend (ADX=35); Last surprise: +9.1%; Earnings conf adj: +1,-1.0,-1.0,1.0,38,2026-11-06,9.09,1
2026-09-29T16:49:00,2026-09-29,DHR,HOLD,0,EMA Crossover (9/21),HIGH,5,33.46,nan,2.0,0.0,4.0,0.0,0.0,2026-10-06,3.21,73.14,100.0,58.87,20.97,-91.69,-0.2,7.0,1,2026-06-11 to 2026-09-25 (74 days),-1.0,68.9,nan,nan,nan,NEUTRAL,LOW,Strong trend (ADX=50); Last surprise: +5.4%; Earnings conf adj: +1,-1.0,-1.0,1.0,22,2026-10-21,5.43,1
2026-09-29T16:50:18,2026-09-29,COKE,HOLD,0,VWAP Trend,HIGH,4,33.05,nan,2.0,0.0,4.0,0.0,0.0,2026-09-30,2.3,4.39,72.7,5.56,39.66,31.55,-4.77,1.8,11,2026-06-11 to 2026-09-25 (74 days),-1.0,47.9,nan,nan,nan,NEUTRAL,LOW,No special conditions,-1.0,-1.0,1.0,29,2026-10-28,,0
2026-09-29T16:50:08,2026-09-29,SN,HOLD,0,ADX Trend Following,HIGH,5,32.95,nan,2.0,0.0,4.0,0.0,0.0,2026-10-01,1.91,67.89,100.0,53.9,19.02,-135.55,-0.2,2.0,1,2026-06-11 to 2026-09-25 (74 days),-1.0,56.6,nan,nan,nan,NEUTRAL,LOW,Last surprise: +11.5%; Earnings conf adj: +1,-1.0,-1.0,1.0,37,2026-11-05,11.5,1
2026-09-29T16:49:02,2026-09-29,DVN,HOLD,0,EMA Crossover (9/21),HIGH,5,32.86,nan,3.43,0.0,6.86,0.0,0.0,2026-11-01,1.02,1.51,100.0,77.14,28.93,3.0,-8.57,33.0,2,2026-06-11 to 2026-09-25 (74 days),-1.0,46.7,nan,nan,nan,NEUTRAL,LOW,Last surprise: +11.3%; Earnings conf adj: +1,-1.0,-1.0,1.0,36,2026-11-04,11.35,1
2026-09-29T16:50:12,2026-09-29,MEDP,HOLD,0,VWAP Trend,HIGH,4,32.79,nan,3.62,0.0,7.24,0.0,0.0,2026-10-01,1.54,3.71,55.6,2.12,33.56,-115.59,-9.05,2.6,9,2026-06-11 to 2026-09-25 (74 days),-1.0,58.1,nan,nan,nan,NEUTRAL,LOW,Strong trend (ADX=31),-1.0,-1.0,1.0,22,2026-10-21,,0
2026-09-29T16:48:38,2026-09-29,AES,HOLD,0,Momentum (Rate of Change),MEDIUM,3,32.72,nan,2.0,0.0,4.0,0.0,0.0,2026-12-10,2.28,4.08,100.0,15.09,4.94,-4.25,-0.41,72.0,1,2026-06-11 to 2026-09-25 (74 days),-1.0,66.5,nan,nan,nan,NEUTRAL,LOW,Strong trend (ADX=45); Last surprise: -6.4%; Earnings conf adj: -1,-1.0,-1.0,1.0,36,2026-11-04,-6.38,-1
2026-09-29T16:48:51,2026-09-29,CHD,HOLD,0,Stochastic Oscillator,HIGH,4,32.58,nan,2.0,0.0,3.0,0.0,0.0,2026-10-10,1.1,2.33,100.0,18.03,4.18,5.62,-0.82,11.0,1,2026-06-11 to 2026-09-25 (74 days),-1.0,47.0,nan,nan,nan,NEUTRAL,LOW,Last surprise: -1.1%,-1.0,-1.0,1.0,31,2026-10-30,-1.11,0
2026-09-29T16:49:02,2026-09-29,DVA,HOLD,0,EMA Crossover (9/21),MEDIUM,3,32.4,nan,2.0,0.0,4.0,0.0,0.0,2026-09-30,0.64,1.58,100.0,3.21,0.41,37.2,-0.2,1.0,1,2026-06-11 to 2026-09-25 (74 days),-1.0,42.5,nan,nan,nan,NEUTRAL,LOW,Last surprise: +3.6%,-1.0,-1.0,1.0,29,2026-10-28,3.61,0
2026-09-29T16:50:36,2026-09-29,PCTY,HOLD,0,Stochastic Oscillator,HIGH,4,32.39,nan,2.81,0.0,4.22,0.0,0.0,2026-10-17,1.57,3.29,100.0,121.31,43.44,-120.39,-7.03,18.0,2,2026-06-11 to 2026-09-25 (74 days),-1.0,45.1,nan,nan,nan,NEUTRAL,LOW,No special conditions,-1.0,-1.0,1.0,35,2026-11-03,,0
2026-09-29T16:50:51,2026-09-29,TREX,BUY,1,VWAP Trend,MEDIUM,2,32.36,nan,3.76,nan,7.52,nan,5.72,2026-10-02,0.55,0.95,45.5,1.6,9.81,20.89,-9.41,3.3,11,2026-06-11 to 2026-09-25 (74 days),0.02,50.8,nan,nan,nan,NEUTRAL,LOW,No special conditions,-1.0,-1.0,1.0,36,2026-11-04,,0
2026-09-29T16:49:15,2026-09-29,HCA,HOLD,0,VWAP Trend,LOW,1,32.15,nan,6.45,0.0,9.68,0.0,0.0,2026-10-04,0.13,0.17,62.5,1.14,0.25,-64.34,-16.12,5.0,8,2026-06-11 to 2026-09-25 (74 days),-1.0,59.3,nan,nan,nan,NEUTRAL,LOW,Last surprise: +1.2%,-1.0,-1.0,1.0,24,2026-10-23,1.2,0
2026-09-29T16:49:26,2026-09-29,LIN,HOLD,0,VWAP Trend,HIGH,4,32.11,nan,2.0,0.0,4.0,0.0,0.0,2026-10-01,1.83,3.6,66.7,2.79,11.16,37.67,-1.47,2.2,6,2026-06-11 to 2026-09-25 (74 days),-1.0,46.7,nan,nan,nan,NEUTRAL,LOW,Strong trend (ADX=31); Last surprise: +0.2%,-1.0,-1.0,1.0,31,2026-10-30,0.22,0
2026-09-29T16:50:09,2026-09-29,RGLD,HOLD,0,Stochastic Oscillator,HIGH,4,32.04,nan,2.92,0.0,4.38,0.0,0.0,2026-10-22,2.06,4.21,100.0,156.63,60.99,-47.51,-7.3,23.5,2,2026-06-11 to 2026-09-25 (74 days),-1.0,53.0,nan,nan,nan,NEUTRAL,LOW,Last surprise: +0.8%,-1.0,-1.0,1.0,36,2026-11-04,0.79,0
2026-09-29T16:50:43,2026-09-29,CRUS,HOLD,0,EMA Crossover (9/21),MEDIUM,3,31.95,nan,2.0,0.0,4.0,0.0,0.0,2026-10-06,0.71,1.0,100.0,8.26,2.52,67.81,-1.37,7.0,1,2026-06-11 to 2026-09-25 (74 days),-1.0,52.3,nan,nan,nan,NEUTRAL,LOW,No special conditions,-1.0,-1.0,1.0,35,2026-11-03,,0
2026-09-29T16:49:19,2026-09-29,IEX,HOLD,0,Stochastic Oscillator,HIGH,5,31.79,nan,2.0,0.0,3.0,0.0,0.0,2026-10-21,1.3,2.23,100.0,30.29,8.94,-15.04,-1.86,22.0,1,2026-06-11 to 2026-09-25 (74 days),-1.0,56.2,nan,nan,nan,NEUTRAL,LOW,Strong trend (ADX=37); Last surprise: +10.0%; Earnings conf adj: +1,-1.0,-1.0,1.0,29,2026-10-28,9.95,1
2026-09-29T16:49:00,2026-09-29,DLTR,HOLD,0,PEAD Earnings Drift,HIGH,5,31.72,nan,3.36,0.0,6.72,0.0,0.0,2026-12-13,1.88,3.27,100.0,158.47,64.93,67.37,-8.41,75.0,1,2026-06-11 to 2026-09-25 (74 days),-1.0,38.4,nan,nan,nan,NEUTRAL,LOW,Strong trend (ADX=45); Last surprise: +136.8%; Earnings conf adj: +1,-1.0,-1.0,1.0,-33,2026-08-27,136.84,1
2026-09-29T16:50:20,2026-09-29,MOG-A,HOLD,0,Stochastic Oscillator,MEDIUM,2,31.71,nan,5.47,0.0,8.2,0.0,0.0,2026-10-20,0.47,0.63,100.0,29.25,7.12,21.15,-13.68,21.0,2,2026-06-11 to 2026-09-25 (74 days),-1.0,57.4,nan,nan,nan,NEUTRAL,LOW,Strong trend (ADX=39),-1.0,-1.0,1.0,52,2026-11-20,,0
2026-09-29T16:48:46,2026-09-29,BIIB,HOLD,0,PEAD Earnings Drift,HIGH,5,31.63,nan,2.46,0.0,4.92,0.0,0.0,2026-11-21,2.18,3.71,100.0,126.74,49.88,-6.47,-6.14,53.0,1,2026-06-11 to 2026-09-25 (74 days),-1.0,62.8,nan,nan,nan,NEUTRAL,LOW,Strong trend (ADX=35); Last surprise: +77.3%; Earnings conf adj: +1,-1.0,-1.0,1.0,29,2026-10-28,77.34,1
2026-09-29T16:49:17,2026-09-29,HPQ,HOLD,0,MACD Crossover,HIGH,5,31.58,nan,3.88,0.0,7.76,0.0,0.0,2026-10-30,1.95,3.56,100.0,241.66,111.63,-23.2,-9.7,31.0,2,2026-06-11 to 2026-09-25 (74 days),-1.0,49.0,nan,nan,nan,NEUTRAL,LOW,Last surprise: +20.3%; Earnings conf adj: +1,-1.0,-1.0,1.0,56,2026-11-24,20.29,1
2026-09-29T16:50:49,2026-09-29,MIDD,HOLD,0,Composite Multi-Indicator,MEDIUM,3,31.53,nan,2.0,0.0,4.0,0.0,0.0,2026-10-15,0.57,0.82,100.0,15.24,4.99,48.55,-4.64,16.0,1,2026-06-11 to 2026-09-25 (74 days),-1.0,36.7,nan,nan,nan,NEUTRAL,LOW,No special conditions,-1.0,-1.0,1.0,37,2026-11-05,,0
2026-09-29T16:50:27,2026-09-29,CGNX,HOLD,0,Stochastic Oscillator,MEDIUM,3,31.5,nan,4.06,0.0,6.09,0.0,0.0,2026-10-25,0.65,0.99,100.0,51.71,17.77,35.28,-10.15,26.0,2,2026-06-11 to 2026-09-25 (74 days),-1.0,43.5,nan,nan,nan,NEUTRAL,LOW,No special conditions,-1.0,-1.0,1.0,29,2026-10-28,,0
2026-09-29T16:50:48,2026-09-29,OZK,HOLD,0,VWAP Trend,LOW,1,31.49,nan,2.0,0.0,3.0,0.0,0.0,2026-10-02,-0.41,-0.52,62.5,0.92,-4.02,21.87,-2.78,3.4,8,2026-06-11 to 2026-09-25 (74 days),-1.0,35.1,nan,nan,nan,NEUTRAL,LOW,Strong trend (ADX=41),-1.0,-1.0,1.0,16,2026-10-15,,0
2026-09-29T16:49:38,2026-09-29,NWSA,HOLD,0,MACD Crossover,HIGH,4,31.43,nan,3.76,0.0,7.52,0.0,0.0,2026-10-11,0.72,0.99,75.0,7.06,12.02,-21.32,-9.41,12.8,4,2026-06-11 to 2026-09-25 (74 days),-1.0,39.1,nan,nan,nan,NEUTRAL,LOW,Strong trend (ADX=37); Last surprise: +52.2%; Earnings conf adj: +1,-1.0,-1.0,1.0,37,2026-11-05,52.17,1
2026-09-29T16:50:38,2026-09-29,APPF,HOLD,0,VWAP Trend,HIGH,4,31.4,nan,4.92,0.0,9.84,0.0,0.0,2026-10-11,2.65,4.5,66.7,5.15,168.96,35.16,-12.3,12.8,6,2026-06-11 to 2026-09-25 (74 days),-1.0,43.8,nan,nan,nan,NEUTRAL,LOW,No special conditions,-1.0,-1.0,1.0,30,2026-10-29,,0
2026-09-29T16:50:17,2026-09-29,SGI,HOLD,0,Stochastic Oscillator,LOW,0,31.39,nan,6.68,0.0,10.02,0.0,0.0,2026-10-27,-0.31,-0.45,50.0,0.33,-13.3,20.71,-16.71,28.5,2,2026-06-11 to 2026-09-25 (74 days),-1.0,45.7,nan,nan,nan,NEUTRAL,LOW,Strong trend (ADX=33),-1.0,-1.0,1.0,37,2026-11-05,,0
2026-09-29T16:48:41,2026-09-29,ANET,HOLD,0,PEAD Earnings Drift,HIGH,5,31.32,nan,6.2,0.0,12.4,0.0,0.0,2026-11-19,1.82,2.91,100.0,259.82,129.82,-31.38,-15.51,51.0,2,2026-06-11 to 2026-09-25 (74 days),-1.0,60.2,nan,nan,nan,NEUTRAL,LOW,Last surprise: +14.6%; Earnings conf adj: +1,-1.0,-1.0,1.0,35,2026-11-03,14.61,1
2026-09-29T16:50:15,2026-09-29,EQH,HOLD,0,Composite Multi-Indicator,HIGH,4,31.32,nan,3.27,0.0,6.54,0.0,0.0,2026-12-30,2.64,4.64,100.0,234.88,106.32,-5.22,-8.17,92.0,1,2026-06-11 to 2026-09-25 (74 days),-1.0,60.7,nan,nan,nan,NEUTRAL,LOW,No special conditions,-1.0,-1.0,1.0,35,2026-11-03,,0
2026-09-29T16:48:59,2026-09-29,DE,HOLD,0,PEAD Earnings Drift,HIGH,5,31.16,nan,2.0,0.0,4.0,0.0,0.0,2026-10-30,2.02,4.1,100.0,93.82,35.3,-61.89,-4.14,31.0,1,2026-06-11 to 2026-09-25 (74 days),-1.0,58.5,nan,nan,nan,NEUTRAL,LOW,Last surprise: +8.3%; Earnings conf adj: +1,-1.0,-1.0,1.0,57,2026-11-25,8.28,1
2026-09-29T16:50:15,2026-09-29,UNM,HOLD,0,EMA Crossover (9/21),MEDIUM,2,31.16,nan,2.74,0.0,5.48,0.0,0.0,2026-10-23,0.21,0.29,100.0,8.94,2.07,-1.44,-6.84,24.5,2,2026-06-11 to 2026-09-25 (74 days),-1.0,47.4,nan,nan,nan,NEUTRAL,LOW,No special conditions,-1.0,-1.0,1.0,35,2026-11-03,,0
2026-09-29T16:49:35,2026-09-29,NDAQ,HOLD,0,Stochastic Oscillator,HIGH,4,31.15,nan,6.24,0.0,9.36,0.0,0.0,2026-10-21,0.62,0.88,100.0,46.37,13.55,-19.42,-15.59,22.0,2,2026-06-11 to 2026-09-25 (74 days),-1.0,48.3,nan,nan,nan,NEUTRAL,LOW,Last surprise: +9.2%; Earnings conf adj: +1,-1.0,-1.0,1.0,23,2026-10-22,9.18,1
2026-09-29T16:51:02,2026-09-29,XLV,HOLD,0,Stochastic Oscillator,MEDIUM,3,31.14,nan,2.0,0.0,3.0,0.0,0.0,2026-10-10,0.76,1.51,100.0,20.48,2.18,-44.31,-1.44,11.0,1,2026-06-11 to 2026-09-25 (74 days),-1.0,57.8,nan,nan,nan,NEUTRAL,LOW,No special conditions,-1.0,-1.0,1.0,-1,,,0
2026-09-29T16:49:38,2026-09-29,NXPI,HOLD,0,Composite Multi-Indicator,HIGH,4,30.98,nan,2.82,0.0,5.64,0.0,0.0,2026-10-30,1.12,1.75,100.0,63.08,23.07,78.14,-7.04,31.0,1,2026-06-11 to 2026-09-25 (74 days),-1.0,55.7,nan,nan,nan,NEUTRAL,LOW,Last surprise: +2.3%,-1.0,-1.0,1.0,27,2026-10-26,2.27,0
2026-09-29T16:50:13,2026-09-29,DOCN,EXIT,-1,SMA Crossover (10/50),HIGH,4,30.97,nan,2.0,nan,4.0,nan,10.0,2026-10-06,1.1,3.95,100.0,72.84,26.56,80.33,-4.48,7.0,1,2026-06-11 to 2026-09-25 (74 days),-1.0,58.7,nan,nan,nan,NEUTRAL,LOW,Strong trend (ADX=31),-1.0,-1.0,1.0,36,2026-11-04,,0
2026-09-29T16:48:58,2026-09-29,DAL,HOLD,0,MACD Crossover,HIGH,4,30.95,nan,5.4,0.0,10.8,0.0,0.0,2026-10-14,1.14,1.86,66.7,2.19,22.65,7.94,-13.49,15.0,3,2026-06-11 to 2026-09-25 (74 days),-1.0,58.6,nan,nan,nan,NEUTRAL,LOW,Last surprise: +4.7%,-1.0,-1.0,1.0,10,2026-10-09,4.7,0
2026-09-29T16:49:58,2026-09-29,UHS,HOLD,0,Composite Multi-Indicator,HIGH,4,30.87,nan,2.46,0.0,4.92,0.0,0.0,2026-12-10,2.85,5.04,100.0,208.77,91.65,-10.46,-6.16,72.0,1,2026-06-11 to 2026-09-25 (74 days),-1.0,56.5,nan,nan,nan,NEUTRAL,LOW,Last surprise: -0.5%,-1.0,-1.0,1.0,27,2026-10-26,-0.5,0
2026-09-29T16:49:29,2026-09-29,MA,EXIT,-1,Multi-Factor Momentum MR,MEDIUM,3,30.83,nan,2.93,nan,5.86,nan,10.0,2026-11-07,0.29,0.47,100.0,8.59,2.64,-68.66,-7.33,39.0,1,2026-06-11 to 2026-09-25 (74 days),-1.0,48.6,nan,nan,nan,NEUTRAL,LOW,Last surprise: +5.4%; Earnings conf adj: +1,-1.0,-1.0,1.0,30,2026-10-29,5.44,1
2026-09-29T16:48:58,2026-09-29,CVX,HOLD,0,PEAD Earnings Drift,HIGH,5,30.81,nan,2.82,0.0,5.64,0.0,0.0,2026-11-19,2.11,3.7,100.0,105.35,40.28,-3.03,-7.05,51.0,1,2026-06-11 to 2026-09-25 (74 days),-1.0,48.1,nan,nan,nan,NEUTRAL,LOW,Last surprise: +8.8%; Earnings conf adj: +1,-1.0,-1.0,1.0,31,2026-10-30,8.8,1
2026-09-29T16:49:46,2026-09-29,Q,HOLD,0,VWAP Trend,LOW,1,30.8,nan,4.61,0.0,6.92,0.0,0.0,2026-10-01,-0.65,-0.83,42.9,0.86,-15.83,56.54,-11.53,2.6,7,2026-06-22 to 2026-09-25 (68 days),-1.0,50.9,nan,nan,nan,NEUTRAL,LOW,Last surprise: +11.2%; Earnings conf adj: +1,-1.0,-1.0,1.0,48,2026-11-16,11.21,1
2026-09-29T16:49:31,2026-09-29,MKC,HOLD,0,MACD Crossover,MEDIUM,2,30.78,nan,2.11,0.0,4.22,0.0,0.0,2026-10-21,1.91,3.31,100.0,131.95,53.48,59.35,-5.27,22.0,2,2026-06-11 to 2026-09-25 (74 days),-1.0,30.2,nan,nan,nan,NEUTRAL,LOW,Strong trend (ADX=35); Earnings in 2d (2026-10-01); Last surprise: +14.3%; Earnings conf adj: -2,-1.0,-1.0,1.0,2,2026-10-01,14.29,-2
2026-09-29T16:48:57,2026-09-29,CTSH,HOLD,0,Stochastic Oscillator,MEDIUM,3,30.75,nan,2.62,0.0,3.93,0.0,0.0,2026-10-10,0.68,1.11,100.0,55.26,14.74,-36.23,-6.54,11.5,2,2026-06-11 to 2026-09-25 (74 days),-1.0,42.7,nan,nan,nan,NEUTRAL,LOW,Last surprise: -0.7%,-1.0,-1.0,1.0,29,2026-10-28,-0.72,0
2026-09-29T16:48:41,2026-09-29,AMT,HOLD,0,Multi-Factor Momentum MR,HIGH,4,30.63,nan,2.0,0.0,4.0,0.0,0.0,2026-10-01,0.68,1.48,100.0,12.79,3.77,33.89,-1.59,2.0,1,2026-06-11 to 2026-09-25 (74 days),-1.0,40.5,nan,nan,nan,NEUTRAL,LOW,Last surprise: +20.6%; Earnings conf adj: +1,-1.0,-1.0,1.0,28,2026-10-27,20.65,1
2026-09-29T16:50:29,2026-09-29,AMG,EXIT,-1,ADX Trend Following,HIGH,4,30.62,nan,2.0,nan,4.0,nan,10.0,2026-09-30,1.03,4.33,100.0,7.04,1.39,-31.26,-0.3,1.0,1,2026-06-11 to 2026-09-25 (74 days),-1.0,59.7,nan,nan,nan,NEUTRAL,LOW,High volume,-1.0,-1.0,1.0,34,2026-11-02,,0
2026-09-29T16:48:53,2026-09-29,CMI,HOLD,0,VWAP Trend,MEDIUM,3,30.57,nan,2.0,0.0,4.0,0.0,0.0,2026-10-01,1.28,2.25,66.7,2.17,20.58,73.54,-3.77,2.8,9,2026-06-11 to 2026-09-25 (74 days),-1.0,32.3,nan,nan,nan,NEUTRAL,LOW,Strong trend (ADX=52); Last surprise: -6.1%; Earnings conf adj: -1,-1.0,-1.0,1.0,37,2026-11-05,-6.14,-1
2026-09-29T16:49:24,2026-09-29,KHC,HOLD,0,Stochastic Oscillator,HIGH,5,30.45,nan,2.0,0.0,3.0,0.0,0.0,2026-10-11,2.57,5.18,66.7,154.23,62.1,65.09,-3.47,12.0,3,2026-06-11 to 2026-09-25 (74 days),-1.0,36.7,nan,nan,nan,NEUTRAL,LOW,Strong trend (ADX=40); Last surprise: +5.7%; Earnings conf adj: +1,-1.0,-1.0,1.0,29,2026-10-28,5.66,1
2026-09-29T16:50:44,2026-09-29,ESNT,BUY,1,ADX Trend Following,HIGH,4,30.2,nan,2.0,nan,4.0,nan,10.0,2026-10-13,2.46,5.12,80.0,5.06,49.39,7.91,-3.43,14.4,5,2026-06-11 to 2026-09-25 (74 days),0.048,27.6,nan,nan,nan,NEUTRAL,LOW,RSI oversold; Strong trend (ADX=45),-1.0,-1.0,1.0,38,2026-11-06,,0
2026-09-29T16:49:43,2026-09-29,PLTR,HOLD,0,Stochastic Oscillator,HIGH,5,30.17,nan,8.15,0.0,12.23,0.0,0.0,2026-10-18,1.11,1.76,100.0,100.6,34.72,-223.31,-20.37,19.0,2,2026-06-11 to 2026-09-25 (74 days),-1.0,63.7,nan,nan,nan,NEUTRAL,LOW,Strong trend (ADX=36); Last surprise: +17.1%; Earnings conf adj: +1,-1.0,-1.0,1.0,34,2026-11-02,17.14,1
2026-09-29T16:50:27,2026-09-29,SSB,HOLD,0,EMA Crossover (9/21),MEDIUM,3,30.13,nan,2.0,0.0,4.0,0.0,0.0,2026-09-30,0.78,2.17,100.0,3.65,0.57,-20.64,-0.2,1.0,1,2026-06-11 to 2026-09-25 (74 days),-1.0,38.4,nan,nan,nan,NEUTRAL,LOW,Strong trend (ADX=36),-1.0,-1.0,1.0,22,2026-10-21,,0
2026-09-29T16:48:36,2026-09-29,ADI,HOLD,0,Composite Multi-Indicator,HIGH,4,30.12,nan,2.02,0.0,4.04,0.0,0.0,2026-11-05,1.1,1.71,100.0,56.71,20.55,34.33,-5.05,37.0,1,2026-06-11 to 2026-09-25 (74 days),-1.0,62.6,nan,nan,nan,NEUTRAL,LOW,Strong trend (ADX=35); Last surprise: +3.3%,-1.0,-1.0,1.0,56,2026-11-24,3.29,0
2026-09-29T16:49:49,2026-09-29,SJM,HOLD,0,MACD Crossover,HIGH,4,29.99,nan,2.8,0.0,5.6,0.0,0.0,2026-10-15,0.6,0.94,100.0,27.44,8.66,-7.9,-7.0,16.0,2,2026-06-11 to 2026-09-25 (74 days),-1.0,45.0,nan,nan,nan,NEUTRAL,LOW,Last surprise: +45.9%; Earnings conf adj: +1,-1.0,-1.0,1.0,56,2026-11-24,45.95,1
2026-09-29T16:50:17,2026-09-29,AMKR,HOLD,0,EMA Crossover (9/21),MEDIUM,2,29.99,nan,2.0,0.0,4.0,0.0,0.0,2026-10-01,0.24,0.41,100.0,4.44,0.85,70.89,-1.38,2.0,1,2026-06-11 to 2026-09-25 (74 days),-1.0,54.7,nan,nan,nan,NEUTRAL,LOW,No special conditions,-1.0,-1.0,1.0,27,2026-10-26,,0
2026-09-29T16:50:45,2026-09-29,SAIC,HOLD,0,Stochastic Oscillator,HIGH,4,29.99,nan,2.0,0.0,3.0,0.0,0.0,2026-10-21,1.39,2.29,100.0,47.3,13.69,-52.04,-3.03,22.0,1,2026-06-11 to 2026-09-25 (74 days),-1.0,59.3,nan,nan,nan,NEUTRAL,LOW,Strong trend (ADX=38),-1.0,-1.0,1.0,-1,,,0
2026-09-29T16:50:49,2026-09-29,HAE,HOLD,0,52-Week High Momentum,HIGH,4,29.98,nan,2.84,0.0,5.68,0.0,0.0,2026-11-25,2.01,7.33,100.0,240.45,90.21,-69.78,-7.11,57.0,1,2026-06-11 to 2026-09-25 (74 days),-1.0,57.9,nan,nan,nan,NEUTRAL,LOW,Strong trend (ADX=34),-1.0,-1.0,1.0,37,2026-11-05,,0
2026-09-29T16:49:57,2026-09-29,TXN,HOLD,0,Stochastic Oscillator,MEDIUM,3,29.83,nan,4.58,0.0,6.87,0.0,0.0,2026-11-24,0.21,0.32,100.0,7.45,2.25,21.26,-11.44,56.0,1,2026-06-11 to 2026-09-25 (74 days),-1.0,60.2,nan,nan,nan,NEUTRAL,LOW,Last surprise: +10.3%; Earnings conf adj: +1,-1.0,-1.0,1.0,28,2026-10-27,10.31,1
2026-09-29T16:50:18,2026-09-29,HALO,HOLD,0,52-Week High Momentum,HIGH,4,29.81,nan,3.2,0.0,6.4,0.0,0.0,2026-12-24,3.16,10.64,100.0,478.03,270.47,-147.49,-7.99,86.0,1,2026-06-11 to 2026-09-25 (74 days),-1.0,64.1,nan,nan,nan,NEUTRAL,LOW,Strong trend (ADX=39),-1.0,-1.0,1.0,34,2026-11-02,,0
2026-09-29T16:50:27,2026-09-29,KRYS,HOLD,0,Stochastic Oscillator,MEDIUM,2,29.81,nan,5.92,0.0,8.88,0.0,0.0,2026-10-17,0.41,0.54,100.0,31.29,7.9,-20.66,-14.8,18.5,2,2026-06-11 to 2026-09-25 (74 days),-1.0,50.6,nan,nan,nan,NEUTRAL,LOW,No special conditions,-1.0,-1.0,1.0,34,2026-11-02,,0
2026-09-29T16:49:25,2026-09-29,KVUE,HOLD,0,Stochastic Oscillator,MEDIUM,2,29.74,nan,2.0,0.0,3.0,0.0,0.0,2026-10-14,0.14,0.24,100.0,11.5,0.49,-2.27,-1.4,15.0,1,2026-06-11 to 2026-09-25 (74 days),-1.0,43.1,nan,nan,nan,NEUTRAL,LOW,Last surprise: -3.1%,-1.0,-1.0,1.0,37,2026-11-05,-3.13,0
2026-09-29T16:48:51,2026-09-29,CEG,HOLD,0,Stochastic Oscillator,HIGH,5,29.55,nan,5.67,0.0,8.5,0.0,0.0,2026-10-24,1.16,1.75,100.0,80.93,28.57,2.76,-14.17,25.0,2,2026-06-11 to 2026-09-25 (74 days),-1.0,43.9,nan,nan,nan,NEUTRAL,LOW,Strong trend (ADX=38); Last surprise: +11.8%; Earnings conf adj: +1,-1.0,-1.0,1.0,41,2026-11-09,11.84,1
2026-09-29T16:49:06,2026-09-29,EXPD,HOLD,0,52-Week High Momentum,HIGH,5,29.47,nan,3.46,0.0,6.92,0.0,0.0,2027-01-12,1.76,3.01,100.0,124.08,49.18,-1.59,-8.64,105.0,1,2026-06-11 to 2026-09-25 (74 days),-1.0,50.1,nan,nan,nan,NEUTRAL,LOW,Last surprise: +20.1%; Earnings conf adj: +1,-1.0,-1.0,1.0,35,2026-11-03,20.12,1
2026-09-29T16:49:09,2026-09-29,FIS,BUY,1,ADX Trend Following,HIGH,4,29.47,nan,4.91,nan,9.82,nan,10.0,2026-10-15,1.29,2.24,66.7,6.52,38.38,59.38,-12.28,16.7,3,2026-06-11 to 2026-09-25 (74 days),0.544,32.3,nan,nan,nan,NEUTRAL,LOW,Last surprise: +0.7%,-1.0,-1.0,1.0,36,2026-11-04,0.68,0
2026-09-29T16:48:54,2026-09-29,COHR,HOLD,0,Stochastic Oscillator,HIGH,5,29.33,nan,10.0,0.0,15.0,0.0,0.0,2026-10-28,1.05,1.67,100.0,161.53,66.83,117.76,-32.21,29.5,2,2026-06-11 to 2026-09-25 (74 days),-1.0,49.5,nan,nan,nan,NEUTRAL,LOW,Last surprise: +7.4%; Earnings conf adj: +1,-1.0,-1.0,1.0,36,2026-11-04,7.41,1
2026-09-29T16:49:58,2026-09-29,UAL,HOLD,0,MACD Crossover,HIGH,4,29.26,nan,5.46,0.0,10.92,0.0,0.0,2026-10-13,0.83,1.39,66.7,2.08,19.81,15.52,-13.64,14.3,3,2026-06-11 to 2026-09-25 (74 days),-1.0,53.0,nan,nan,nan,NEUTRAL,LOW,Last surprise: +7.6%; Earnings conf adj: +1,-1.0,-1.0,1.0,22,2026-10-21,7.57,1
2026-09-29T16:49:04,2026-09-29,ELV,HOLD,0,VWAP Trend,MEDIUM,3,29.23,nan,2.03,0.0,4.06,0.0,0.0,2026-10-01,0.59,0.95,50.0,1.78,8.66,9.84,-5.08,2.9,8,2026-06-11 to 2026-09-25 (74 days),-1.0,44.2,nan,nan,nan,NEUTRAL,LOW,Last surprise: +20.0%; Earnings conf adj: +1,-1.0,-1.0,1.0,22,2026-10-21,19.97,1
2026-09-29T16:50:21,2026-09-29,MANH,HOLD,0,Composite Multi-Indicator,HIGH,4,29.06,nan,2.0,0.0,4.0,0.0,0.0,2026-10-16,1.68,2.78,100.0,76.58,28.52,-248.32,-4.56,17.0,1,2026-06-11 to 2026-09-25 (74 days),-1.0,49.1,nan,nan,nan,NEUTRAL,LOW,No special conditions,-1.0,-1.0,1.0,28,2026-10-27,,0
2026-09-29T16:48:36,2026-09-29,ACN,HOLD,0,MACD Crossover,MEDIUM,2,28.94,nan,2.28,0.0,4.56,0.0,0.0,2026-10-17,3.01,5.68,66.7,30.0,164.82,140.97,-5.71,18.3,3,2026-06-11 to 2026-09-25 (74 days),-1.0,44.3,nan,nan,nan,NEUTRAL,LOW,Earnings in 2d (2026-10-01); Last surprise: +2.4%; Earnings conf adj: -2,-1.0,-1.0,1.0,2,2026-10-01,2.43,-2
2026-09-29T16:50:40,2026-09-29,GATX,HOLD,0,Composite Multi-Indicator,MEDIUM,2,28.8,nan,2.0,0.0,4.0,0.0,0.0,2026-11-25,0.44,0.65,100.0,13.98,4.54,-23.78,-4.59,57.0,1,2026-06-11 to 2026-09-25 (74 days),-1.0,60.1,nan,nan,nan,NEUTRAL,LOW,No special conditions,-1.0,-1.0,1.0,21,2026-10-20,,0
2026-09-29T16:50:26,2026-09-29,CART,BUY,1,ADX Trend Following,HIGH,4,28.75,nan,2.24,nan,4.48,nan,10.0,2026-10-08,1.13,1.66,80.0,8.81,27.94,16.9,-5.59,9.6,5,2026-06-11 to 2026-09-25 (74 days),0.615,33.4,nan,nan,nan,NEUTRAL,LOW,Strong trend (ADX=36),-1.0,-1.0,1.0,41,2026-11-09,,0
2026-09-29T16:49:59,2026-09-29,ULTA,HOLD,0,Composite Multi-Indicator,HIGH,5,28.63,nan,2.38,0.0,4.76,0.0,0.0,2026-11-10,1.1,1.73,100.0,66.45,24.41,-34.87,-5.96,42.0,1,2026-06-11 to 2026-09-25 (74 days),-1.0,52.4,nan,nan,nan,NEUTRAL,LOW,Last surprise: +5.6%; Earnings conf adj: +1,-1.0,-1.0,1.0,65,2026-12-03,5.65,1
2026-09-29T16:49:22,2026-09-29,IT,HOLD,0,ADX Trend Following,HIGH,5,28.52,nan,6.03,0.0,12.06,0.0,0.0,2026-10-23,1.9,3.94,66.7,73.5,181.32,57.62,-15.07,24.7,3,2026-06-11 to 2026-09-25 (74 days),-1.0,53.7,nan,nan,nan,NEUTRAL,LOW,Last surprise: +17.2%; Earnings conf adj: +1,-1.0,-1.0,1.0,35,2026-11-03,17.16,1
2026-09-29T16:50:33,2026-09-29,EAT,HOLD,0,52-Week High Momentum,HIGH,4,28.48,nan,4.01,0.0,8.02,0.0,0.0,2026-11-25,2.58,5.42,100.0,326.32,142.97,-7.93,-10.02,57.0,1,2026-06-11 to 2026-09-25 (74 days),-1.0,44.2,nan,nan,nan,NEUTRAL,LOW,Strong trend (ADX=33),-1.0,-1.0,1.0,29,2026-10-28,,0
2026-09-29T16:49:32,2026-09-29,MNST,HOLD,0,VWAP Trend,LOW,1,28.43,nan,2.0,0.0,3.0,0.0,0.0,2026-09-30,-1.41,-1.72,63.6,0.72,-9.66,10.5,-4.3,1.6,11,2026-06-11 to 2026-09-25 (74 days),-1.0,37.9,nan,nan,nan,NEUTRAL,LOW,Last surprise: +3.4%,-1.0,-1.0,1.0,37,2026-11-05,3.45,0
2026-09-29T16:50:08,2026-09-29,ROKU,HOLD,0,MACD Crossover,HIGH,4,28.42,nan,2.0,0.0,4.0,0.0,0.0,2026-10-13,0.97,1.46,100.0,29.47,9.41,-122.65,-2.84,14.7,3,2026-06-11 to 2026-09-25 (74 days),-1.0,44.8,nan,nan,nan,NEUTRAL,LOW,Last surprise: +114.3%; Earnings conf adj: +1,-1.0,-1.0,1.0,37,2026-11-05,114.29,1
2026-09-29T16:50:08,2026-09-29,CNH,HOLD,0,PEAD Earnings Drift,HIGH,5,28.38,nan,4.33,0.0,8.66,0.0,0.0,2026-11-18,1.61,3.05,100.0,205.45,68.21,-56.0,-10.83,50.0,1,2026-06-11 to 2026-09-25 (74 days),-1.0,52.8,nan,nan,nan,NEUTRAL,LOW,Strong trend (ADX=30); Last surprise: +18.2%; Earnings conf adj: +1,-1.0,-1.0,1.0,41,2026-11-09,18.18,1
2026-09-29T16:49:10,2026-09-29,FTNT,HOLD,0,Stochastic Oscillator,HIGH,5,28.31,nan,4.22,0.0,6.33,0.0,0.0,2026-11-19,1.42,2.58,100.0,149.69,56.29,-29.09,-10.56,51.0,1,2026-06-11 to 2026-09-25 (74 days),-1.0,57.6,nan,nan,nan,NEUTRAL,LOW,Strong trend (ADX=43); Last surprise: +20.0%; Earnings conf adj: +1,-1.0,-1.0,1.0,36,2026-11-04,20.0,1
2026-09-29T16:49:17,2026-09-29,HSIC,HOLD,0,Stochastic Oscillator,MEDIUM,2,28.3,nan,2.0,0.0,3.0,0.0,0.0,2026-10-06,0.5,0.72,100.0,17.03,3.47,-25.58,-2.72,7.0,1,2026-06-11 to 2026-09-25 (74 days),-1.0,46.2,nan,nan,nan,NEUTRAL,LOW,Last surprise: +2.4%,-1.0,-1.0,1.0,35,2026-11-03,2.42,0
2026-09-29T16:50:18,2026-09-29,WSO,HOLD,0,Composite Multi-Indicator,MEDIUM,2,28.13,nan,2.0,0.0,4.0,0.0,0.0,2026-10-29,0.26,0.37,100.0,8.03,2.44,49.33,-4.23,30.0,1,2026-06-11 to 2026-09-25 (74 days),-1.0,49.8,nan,nan,nan,NEUTRAL,LOW,No special conditions,-1.0,-1.0,1.0,29,2026-10-28,,0
2026-09-29T16:49:03,2026-09-29,EG,HOLD,0,Stochastic Oscillator,MEDIUM,2,28.06,nan,2.0,0.0,3.0,0.0,0.0,2026-10-21,0.24,0.38,100.0,18.6,1.53,-43.75,-3.07,22.0,1,2026-06-11 to 2026-09-25 (74 days),-1.0,46.9,nan,nan,nan,NEUTRAL,LOW,Last surprise: +2.2%,-1.0,-1.0,1.0,29,2026-10-28,2.2,0
2026-09-29T16:50:18,2026-09-29,SEIC,HOLD,0,52-Week High Momentum,HIGH,4,27.94,nan,2.82,0.0,5.64,0.0,0.0,2027-01-09,2.96,5.38,100.0,178.52,75.61,-11.24,-7.05,102.0,1,2026-06-11 to 2026-09-25 (74 days),-1.0,48.1,nan,nan,nan,NEUTRAL,LOW,Strong trend (ADX=43),-1.0,-1.0,1.0,22,2026-10-21,,0
2026-09-29T16:49:25,2026-09-29,KO,HOLD,0,52-Week High Momentum,HIGH,4,27.87,nan,2.0,0.0,4.0,0.0,0.0,2027-01-12,1.28,2.19,100.0,75.06,27.91,-1.37,-4.83,105.0,1,2026-06-11 to 2026-09-25 (74 days),-1.0,50.0,nan,nan,nan,NEUTRAL,LOW,Last surprise: +4.3%,-1.0,-1.0,1.0,28,2026-10-27,4.3,0
2026-09-29T16:50:16,2026-09-29,WMG,HOLD,0,Stochastic Oscillator,HIGH,4,27.87,nan,3.5,0.0,5.25,0.0,0.0,2026-10-14,1.24,1.85,66.7,82.72,27.32,41.2,-8.75,15.7,3,2026-06-11 to 2026-09-25 (74 days),-1.0,44.0,nan,nan,nan,NEUTRAL,LOW,No special conditions,-1.0,-1.0,1.0,51,2026-11-19,,0
2026-09-29T16:50:57,2026-09-29,COLM,HOLD,0,Stochastic Oscillator,LOW,0,27.73,nan,5.09,0.0,7.64,0.0,0.0,2026-11-05,-0.79,-1.04,50.0,0.15,-20.74,17.5,-12.73,37.5,2,2026-06-11 to 2026-09-25 (74 days),-1.0,49.9,nan,nan,nan,NEUTRAL,LOW,No special conditions,-1.0,-1.0,1.0,30,2026-10-29,,0
2026-09-29T16:50:12,2026-09-29,RGA,HOLD,0,52-Week High Momentum,HIGH,4,27.64,nan,2.0,0.0,4.0,0.0,0.0,2026-12-19,2.13,3.83,100.0,113.07,44.2,-49.33,-4.25,81.0,1,2026-06-11 to 2026-09-25 (74 days),-1.0,56.1,nan,nan,nan,NEUTRAL,LOW,No special conditions,-1.0,-1.0,1.0,30,2026-10-29,,0
2026-09-29T16:50:28,2026-09-29,BRKR,HOLD,0,Stochastic Oscillator,HIGH,4,27.62,nan,4.85,0.0,7.28,0.0,0.0,2026-11-13,1.54,2.72,100.0,152.91,60.55,-8.9,-12.12,45.0,1,2026-06-11 to 2026-09-25 (74 days),-1.0,61.6,nan,nan,nan,NEUTRAL,LOW,Strong trend (ADX=30),-1.0,-1.0,1.0,35,2026-11-03,,0
2026-09-29T16:49:42,2026-09-29,PFG,HOLD,0,Stochastic Oscillator,HIGH,4,27.6,nan,2.0,0.0,3.0,0.0,0.0,2026-10-31,0.51,1.11,100.0,32.54,7.51,-12.5,-4.15,32.0,1,2026-06-11 to 2026-09-25 (74 days),-1.0,51.7,nan,nan,nan,NEUTRAL,LOW,Last surprise: +7.3%; Earnings conf adj: +1,-1.0,-1.0,1.0,27,2026-10-26,7.3,1
2026-09-29T16:49:09,2026-09-29,FIX,HOLD,0,Stochastic Oscillator,MEDIUM,3,27.55,nan,2.76,0.0,4.14,0.0,0.0,2026-10-28,0.46,0.65,100.0,26.2,8.58,38.97,-6.91,29.0,1,2026-06-11 to 2026-09-25 (74 days),-1.0,52.9,nan,nan,nan,NEUTRAL,LOW,Last surprise: +19.8%; Earnings conf adj: +1,-1.0,-1.0,1.0,23,2026-10-22,19.79,1
2026-09-29T16:49:16,2026-09-29,HONA,HOLD,0,Composite Multi-Indicator,MEDIUM,2,27.49,nan,2.5,0.0,5.0,0.0,0.0,2026-10-21,0.71,1.1,100.0,23.65,18.61,37.11,-6.25,22.0,1,2026-08-10 to 2026-09-25 (34 days),-1.0,44.3,nan,nan,nan,NEUTRAL,LOW,Last surprise: -11.8%; Earnings conf adj: -1,-1.0,-1.0,1.0,29,2026-10-28,-11.79,-1
2026-09-29T16:51:02,2026-09-29,XLP,HOLD,0,VWAP Trend,LOW,0,27.45,nan,2.0,0.0,3.0,0.0,0.0,2026-10-01,-3.24,-3.36,42.9,0.23,-15.34,-7.1,-4.98,2.4,7,2026-06-11 to 2026-09-25 (74 days),-1.0,41.1,nan,nan,nan,NEUTRAL,LOW,No special conditions,-1.0,-1.0,1.0,-1,,,0
2026-09-29T16:50:36,2026-09-29,UGI,HOLD,0,Stochastic Oscillator,MEDIUM,3,27.43,nan,2.0,0.0,3.0,0.0,0.0,2026-11-13,0.82,2.3,100.0,47.82,15.47,-11.68,-4.74,45.0,1,2026-06-11 to 2026-09-25 (74 days),-1.0,42.6,nan,nan,nan,NEUTRAL,LOW,No special conditions,-1.0,-1.0,1.0,50,2026-11-18,,0
2026-09-29T16:49:58,2026-09-29,TYL,EXIT,-1,ADX Trend Following,HIGH,4,27.4,nan,4.62,nan,9.24,nan,10.0,2026-10-09,1.12,1.93,75.0,2.65,32.02,-7.74,-11.55,10.8,4,2026-06-11 to 2026-09-25 (74 days),-1.0,40.5,nan,nan,nan,NEUTRAL,LOW,Last surprise: +0.3%,-1.0,-1.0,1.0,29,2026-10-28,0.33,0
2026-09-29T16:50:20,2026-09-29,BJ,HOLD,0,Stochastic Oscillator,MEDIUM,2,27.32,nan,2.24,0.0,3.36,0.0,0.0,2026-10-23,0.48,0.74,100.0,24.25,6.03,-5.25,-5.59,24.0,1,2026-06-11 to 2026-09-25 (74 days),-1.0,53.7,nan,nan,nan,NEUTRAL,LOW,No special conditions,-1.0,-1.0,1.0,52,2026-11-20,,0
2026-09-29T16:49:21,2026-09-29,IQV,HOLD,0,52-Week High Momentum,MEDIUM,3,27.28,nan,4.29,0.0,8.58,0.0,0.0,2026-11-26,1.0,1.62,100.0,91.14,20.95,-278.19,-10.72,58.0,1,2026-06-11 to 2026-09-25 (74 days),-1.0,60.6,nan,nan,nan,NEUTRAL,LOW,Strong trend (ADX=34); Last surprise: +4.0%,-1.0,-1.0,1.0,35,2026-11-03,3.96,0
2026-09-29T16:50:06,2026-09-29,YUM,HOLD,0,VWAP Trend,LOW,1,27.2,nan,3.12,0.0,4.68,0.0,0.0,2026-10-05,0.23,0.35,60.0,1.29,2.7,30.75,-7.8,6.2,10,2026-06-11 to 2026-09-25 (74 days),-1.0,40.7,nan,nan,nan,NEUTRAL,LOW,Strong trend (ADX=45); Last surprise: +3.8%,-1.0,-1.0,1.0,35,2026-11-03,3.85,0
2026-09-29T16:50:55,2026-09-29,FCN,HOLD,0,MACD Crossover,MEDIUM,3,27.09,nan,3.96,0.0,7.92,0.0,0.0,2026-10-10,0.58,0.84,75.0,2.29,9.2,49.2,-9.9,11.0,4,2026-06-11 to 2026-09-25 (74 days),-1.0,31.0,nan,nan,nan,NEUTRAL,LOW,Strong trend (ADX=49),-1.0,-1.0,1.0,30,2026-10-29,,0
2026-09-29T16:49:45,2026-09-29,PSKY,HOLD,0,EMA Crossover (9/21),HIGH,4,27.06,nan,4.42,0.0,8.84,0.0,0.0,2026-11-11,1.1,1.52,100.0,75.53,28.11,41.74,-11.04,43.0,1,2026-06-11 to 2026-09-25 (74 days),-1.0,44.8,nan,nan,nan,NEUTRAL,LOW,Last surprise: +0.0%,-1.0,-1.0,1.0,41,2026-11-09,0.0,0
2026-09-29T16:49:16,2026-09-29,HON,HOLD,0,MACD Crossover,MEDIUM,2,27.05,nan,4.1,0.0,8.2,0.0,0.0,2026-10-13,-0.54,-0.69,66.7,0.49,-14.38,8.45,-10.25,14.0,3,2026-06-11 to 2026-09-25 (74 days),-1.0,49.3,nan,nan,nan,NEUTRAL,LOW,Strong trend (ADX=33); Last surprise: +7.1%; Earnings conf adj: +1,-1.0,-1.0,1.0,23,2026-10-22,7.14,1
2026-09-29T16:50:36,2026-09-29,THG,HOLD,0,VWAP Trend,LOW,1,27.05,nan,2.2,0.0,3.3,0.0,0.0,2026-10-01,-0.35,-0.54,63.6,0.99,-4.5,-51.99,-5.51,2.1,11,2026-06-11 to 2026-09-25 (74 days),-1.0,38.5,nan,nan,nan,NEUTRAL,LOW,Strong trend (ADX=32),-1.0,-1.0,1.0,29,2026-10-28,,0
2026-09-29T16:50:57,2026-09-29,PK,HOLD,0,52-Week High Momentum,HIGH,4,27.03,nan,3.19,0.0,6.38,0.0,0.0,2027-01-12,1.2,1.75,100.0,81.77,30.69,-5.38,-7.98,105.0,1,2026-06-11 to 2026-09-25 (74 days),-1.0,55.0,nan,nan,nan,NEUTRAL,LOW,No special conditions,-1.0,-1.0,1.0,36,2026-11-04,,0
2026-09-29T16:48:45,2026-09-29,BDX,HOLD,0,Stochastic Oscillator,MEDIUM,3,26.97,nan,2.0,0.0,3.0,0.0,0.0,2026-10-14,0.86,1.57,100.0,40.95,8.3,-110.66,-3.6,15.0,1,2026-06-11 to 2026-09-25 (74 days),-1.0,55.0,nan,nan,nan,NEUTRAL,LOW,Last surprise: +2.9%,-1.0,-1.0,1.0,37,2026-11-05,2.87,0
2026-09-29T16:50:01,2026-09-29,VRSN,HOLD,0,Stochastic Oscillator,MEDIUM,3,26.93,nan,3.93,0.0,5.9,0.0,0.0,2026-10-29,1.66,2.22,50.0,6.61,37.67,26.75,-9.82,30.5,2,2026-06-11 to 2026-09-25 (74 days),-1.0,45.2,nan,nan,nan,NEUTRAL,LOW,Last surprise: +1.3%,-1.0,-1.0,1.0,23,2026-10-22,1.28,0
2026-09-29T16:48:49,2026-09-29,C,HOLD,0,ADX Trend Following,MEDIUM,2,26.81,nan,2.77,0.0,5.54,0.0,0.0,2026-10-08,0.12,0.16,66.7,1.25,0.69,8.25,-6.93,9.0,3,2026-06-11 to 2026-09-25 (74 days),-1.0,49.9,nan,nan,nan,NEUTRAL,LOW,Last surprise: +15.9%; Earnings conf adj: +1,-1.0,-1.0,1.0,14,2026-10-13,15.87,1
2026-09-29T16:49:56,2026-09-29,TRGP,HOLD,0,PEAD Earnings Drift,HIGH,4,26.68,nan,3.27,0.0,6.54,0.0,0.0,2026-11-13,0.83,1.65,100.0,45.68,15.84,2.75,-8.17,45.0,1,2026-06-11 to 2026-09-25 (74 days),-1.0,41.3,nan,nan,nan,NEUTRAL,LOW,Last surprise: +14.4%; Earnings conf adj: +1,-1.0,-1.0,1.0,37,2026-11-05,14.44,1
2026-09-29T16:50:14,2026-09-29,OHI,HOLD,0,Stochastic Oscillator,MEDIUM,2,26.51,nan,2.0,0.0,3.0,0.0,0.0,2026-11-11,-0.24,-0.37,100.0,4.87,-2.44,-15.43,-2.66,43.0,1,2026-06-11 to 2026-09-25 (74 days),-1.0,43.2,nan,nan,nan,NEUTRAL,LOW,No special conditions,-1.0,-1.0,1.0,35,2026-11-03,,0
2026-09-29T16:50:19,2026-09-29,DOCU,HOLD,0,Momentum (Rate of Change),HIGH,4,26.49,nan,4.75,0.0,9.5,0.0,0.0,2026-12-17,2.73,5.17,100.0,428.48,232.77,-86.94,-11.88,79.0,1,2026-06-11 to 2026-09-25 (74 days),-1.0,54.4,nan,nan,nan,NEUTRAL,LOW,Strong trend (ADX=35),-1.0,-1.0,1.0,65,2026-12-03,,0
2026-09-29T16:51:02,2026-09-29,XLI,HOLD,0,MACD Crossover,LOW,1,26.42,nan,2.49,0.0,3.74,0.0,0.0,2026-10-12,-0.51,-0.68,66.7,0.65,-5.55,1.82,-6.22,13.3,3,2026-06-11 to 2026-09-25 (74 days),-1.0,41.2,nan,nan,nan,NEUTRAL,LOW,Strong trend (ADX=32),-1.0,-1.0,1.0,-1,,,0
2026-09-29T16:49:28,2026-09-29,LRCX,HOLD,0,Stochastic Oscillator,HIGH,4,26.39,nan,10.0,0.0,15.0,0.0,0.0,2026-10-29,0.59,1.0,100.0,55.75,19.65,57.56,-28.55,30.5,2,2026-06-11 to 2026-09-25 (74 days),-1.0,56.3,nan,nan,nan,NEUTRAL,LOW,Last surprise: +8.3%; Earnings conf adj: +1,-1.0,-1.0,1.0,22,2026-10-21,8.33,1
2026-09-29T16:50:39,2026-09-29,HIMS,HOLD,0,Stochastic Oscillator,MEDIUM,3,26.39,nan,7.51,0.0,11.26,0.0,0.0,2026-12-01,0.54,0.8,100.0,46.35,15.31,8.58,-18.77,63.0,1,2026-06-11 to 2026-09-25 (74 days),-1.0,51.3,nan,nan,nan,NEUTRAL,LOW,No special conditions,-1.0,-1.0,1.0,41,2026-11-09,,0
2026-09-29T16:50:57,2026-09-29,EXPO,HOLD,0,VWAP Trend,HIGH,4,26.38,nan,2.86,0.0,5.72,0.0,0.0,2026-10-07,2.04,3.61,77.8,7.91,58.93,2.42,-7.16,8.3,9,2026-06-11 to 2026-09-25 (74 days),-1.0,34.7,nan,nan,nan,NEUTRAL,LOW,No special conditions,-1.0,-1.0,1.0,30,2026-10-29,,0
2026-09-29T16:49:25,2026-09-29,KR,EXIT,-1,SMA Crossover (10/50),MEDIUM,3,26.33,nan,2.96,nan,5.92,nan,10.0,2026-10-24,0.53,0.91,100.0,19.86,6.64,30.98,-7.41,25.0,1,2026-06-11 to 2026-09-25 (74 days),-1.0,50.4,nan,nan,nan,NEUTRAL,LOW,Last surprise: +3.8%,-1.0,-1.0,1.0,65,2026-12-03,3.81,0
2026-09-29T16:50:32,2026-09-29,TTEK,EXIT,-1,ADX Trend Following,HIGH,4,26.31,nan,2.0,nan,4.0,nan,10.0,2026-10-21,3.37,6.67,66.7,251.75,114.18,17.19,-4.75,22.3,3,2026-06-11 to 2026-09-25 (74 days),-1.0,36.4,nan,nan,nan,NEUTRAL,LOW,Strong trend (ADX=30),-1.0,-1.0,1.0,43,2026-11-11,,0
2026-09-29T16:49:03,2026-09-29,EL,HOLD,0,VWAP Trend,HIGH,4,26.21,nan,2.35,0.0,4.7,0.0,0.0,2026-10-06,2.78,8.89,42.9,8.33,167.33,138.18,-5.87,7.6,7,2026-06-11 to 2026-09-25 (74 days),-1.0,46.4,nan,nan,nan,NEUTRAL,LOW,Last surprise: +21.9%; Earnings conf adj: +1,-1.0,-1.0,1.0,34,2026-11-02,21.88,1
2026-09-29T16:50:10,2026-09-29,SNX,HOLD,0,Composite Multi-Indicator,HIGH,4,26.21,nan,3.95,0.0,7.9,0.0,0.0,2026-11-05,0.65,0.87,100.0,43.68,15.09,30.97,-9.87,37.0,1,2026-06-11 to 2026-09-25 (74 days),-1.0,49.9,nan,nan,nan,NEUTRAL,LOW,Strong trend (ADX=32); Last surprise: +20.9%; Earnings conf adj: +1,-1.0,-1.0,1.0,-5,2026-09-24,20.85,1
2026-09-29T16:50:38,2026-09-29,CELH,HOLD,0,MACD Crossover,MEDIUM,3,26.18,nan,9.26,0.0,18.52,0.0,0.0,2026-10-12,0.96,1.41,75.0,3.58,48.41,53.31,-23.16,13.5,4,2026-06-11 to 2026-09-25 (74 days),-1.0,43.6,nan,nan,nan,NEUTRAL,LOW,No special conditions,-1.0,-1.0,1.0,41,2026-11-09,,0
2026-09-29T16:50:00,2026-09-29,V,HOLD,0,52-Week High Momentum,HIGH,4,26.17,nan,2.36,0.0,4.72,0.0,0.0,2026-12-25,1.27,2.13,100.0,71.79,24.4,-39.37,-5.89,87.0,1,2026-06-11 to 2026-09-25 (74 days),-1.0,48.0,nan,nan,nan,NEUTRAL,LOW,Last surprise: +2.8%,-1.0,-1.0,1.0,28,2026-10-27,2.79,0
2026-09-29T16:48:40,2026-09-29,AMCR,HOLD,0,Stochastic Oscillator,MEDIUM,2,26.16,nan,2.0,0.0,3.0,0.0,0.0,2026-10-13,-0.41,-0.64,100.0,3.49,-3.23,-33.74,-2.64,14.0,1,2026-06-11 to 2026-09-25 (74 days),-1.0,42.3,nan,nan,nan,NEUTRAL,LOW,Strong trend (ADX=32); Last surprise: +4.2%,-1.0,-1.0,1.0,37,2026-11-05,4.24,0
2026-09-29T16:50:39,2026-09-29,CHE,HOLD,0,Stochastic Oscillator,MEDIUM,2,26.14,nan,2.0,0.0,3.0,0.0,0.0,2026-10-07,-0.06,-0.18,100.0,11.23,-0.62,-98.45,-3.31,8.0,1,2026-06-11 to 2026-09-25 (74 days),-1.0,49.4,nan,nan,nan,NEUTRAL,LOW,No special conditions,-1.0,-1.0,1.0,28,2026-10-27,,0
2026-09-29T16:49:32,2026-09-29,MPC,HOLD,0,Momentum (Rate of Change),HIGH,5,26.07,nan,3.44,0.0,6.88,0.0,0.0,2026-12-19,4.26,7.73,100.0,465.96,270.25,-47.37,-8.59,81.0,1,2026-06-11 to 2026-09-25 (74 days),-1.0,56.5,nan,nan,nan,NEUTRAL,LOW,Strong trend (ADX=42); Last surprise: +27.1%; Earnings conf adj: +1,-1.0,-1.0,1.0,35,2026-11-03,27.1,1
2026-09-29T16:49:31,2026-09-29,MET,HOLD,0,Stochastic Oscillator,MEDIUM,3,25.97,nan,2.0,0.0,3.0,0.0,0.0,2026-10-31,0.13,0.21,100.0,14.49,0.82,-48.18,-3.76,32.0,1,2026-06-11 to 2026-09-25 (74 days),-1.0,55.6,nan,nan,nan,NEUTRAL,LOW,Last surprise: +6.1%; Earnings conf adj: +1,-1.0,-1.0,1.0,41,2026-11-09,6.11,1
2026-09-29T16:50:46,2026-09-29,PEGA,EXIT,-1,SMA Crossover (10/50),HIGH,4,25.91,nan,5.16,nan,10.32,nan,10.0,2026-11-12,1.02,1.88,100.0,78.33,29.25,17.64,-12.9,44.0,1,2026-06-11 to 2026-09-25 (74 days),-1.0,43.3,nan,nan,nan,NEUTRAL,LOW,No special conditions,-1.0,-1.0,1.0,21,2026-10-20,,0
2026-09-29T16:49:42,2026-09-29,PH,HOLD,0,VWAP Trend,HIGH,5,25.9,nan,2.0,0.0,4.0,0.0,0.0,2026-10-01,1.64,5.97,66.7,3.92,26.64,-6.46,-2.26,2.0,9,2026-06-11 to 2026-09-25 (74 days),-1.0,54.1,nan,nan,nan,NEUTRAL,LOW,Last surprise: +12.1%; Earnings conf adj: +1,-1.0,-1.0,1.0,37,2026-11-05,12.09,1
2026-09-29T16:50:03,2026-09-29,WDAY,HOLD,0,ADX Trend Following,HIGH,5,25.69,nan,4.22,0.0,8.44,0.0,0.0,2026-10-11,1.99,4.18,80.0,21.57,134.9,-126.92,-10.55,12.8,5,2026-06-11 to 2026-09-25 (74 days),-1.0,50.2,nan,nan,nan,NEUTRAL,LOW,Last surprise: +5.4%; Earnings conf adj: +1,-1.0,-1.0,1.0,-33,2026-08-27,5.36,1
2026-09-29T16:49:19,2026-09-29,INCY,HOLD,0,Stochastic Oscillator,MEDIUM,3,25.59,nan,2.0,0.0,3.0,0.0,0.0,2026-10-09,0.3,0.52,100.0,16.66,2.27,-59.22,-3.02,10.0,1,2026-06-11 to 2026-09-25 (74 days),-1.0,49.0,nan,nan,nan,NEUTRAL,LOW,Last surprise: +43.7%; Earnings conf adj: +1,-1.0,-1.0,1.0,28,2026-10-27,43.72,1
2026-09-29T16:48:49,2026-09-29,CAT,HOLD,0,VWAP Trend,HIGH,5,25.42,nan,2.0,0.0,4.0,0.0,0.0,2026-10-01,2.3,5.19,66.7,5.38,48.49,74.35,-3.91,2.0,6,2026-06-11 to 2026-09-25 (74 days),-1.0,52.3,nan,nan,nan,NEUTRAL,LOW,Last surprise: +31.8%; Earnings conf adj: +1,-1.0,-1.0,1.0,30,2026-10-29,31.77,1
2026-09-29T16:49:52,2026-09-29,SW,HOLD,0,Stochastic Oscillator,LOW,1,25.1,nan,3.17,0.0,4.76,0.0,0.0,2026-10-21,0.39,0.51,100.0,24.41,4.99,-32.69,-7.92,22.0,1,2026-06-11 to 2026-09-25 (74 days),-1.0,53.4,nan,nan,nan,NEUTRAL,LOW,Last surprise: -16.7%; Earnings conf adj: -1,-1.0,-1.0,1.0,29,2026-10-28,-16.67,-1
2026-09-29T16:49:26,2026-09-29,LITE,HOLD,0,Composite Multi-Indicator,HIGH,5,25.06,nan,6.23,0.0,12.46,0.0,0.0,2026-11-13,1.08,1.75,100.0,146.53,59.71,38.02,-15.57,45.0,1,2026-06-11 to 2026-09-25 (74 days),-1.0,54.5,nan,nan,nan,NEUTRAL,LOW,Last surprise: +8.8%; Earnings conf adj: +1,-1.0,-1.0,1.0,37,2026-11-05,8.75,1
2026-09-29T16:50:01,2026-09-29,VRT,HOLD,0,VWAP Trend,HIGH,5,25.03,nan,4.54,0.0,9.08,0.0,0.0,2026-10-01,1.91,2.9,71.4,2.51,93.04,135.82,-11.35,2.3,7,2026-06-11 to 2026-09-25 (74 days),-1.0,47.9,nan,nan,nan,NEUTRAL,LOW,Last surprise: +6.3%; Earnings conf adj: +1,-1.0,-1.0,1.0,22,2026-10-21,6.29,1
2026-09-29T16:48:59,2026-09-29,DD,HOLD,0,VWAP Trend,MEDIUM,2,24.96,nan,2.54,0.0,5.08,0.0,0.0,2026-10-02,-0.27,-0.38,62.5,0.95,-4.65,14.16,-6.35,3.5,8,2026-06-11 to 2026-09-25 (74 days),-1.0,49.1,nan,nan,nan,NEUTRAL,LOW,Last surprise: +6.8%; Earnings conf adj: +1,-1.0,-1.0,1.0,37,2026-11-05,6.82,1
2026-09-29T16:49:38,2026-09-29,NVR,HOLD,0,MACD Crossover,LOW,0,24.93,nan,2.0,0.0,3.0,0.0,0.0,2026-10-05,-0.15,-0.21,75.0,1.01,-1.87,7.5,-4.98,6.5,4,2026-06-11 to 2026-09-25 (74 days),-1.0,51.4,nan,nan,nan,NEUTRAL,LOW,Last surprise: -6.7%; Earnings conf adj: -1,-1.0,-1.0,1.0,22,2026-10-21,-6.69,-1
2026-09-29T16:49:50,2026-09-29,SOLV,HOLD,0,52-Week High Momentum,MEDIUM,3,24.47,nan,3.56,0.0,7.12,0.0,0.0,2026-11-26,-0.25,-0.34,100.0,9.73,-6.13,-58.51,-8.9,58.0,1,2026-06-11 to 2026-09-25 (74 days),-1.0,54.0,nan,nan,nan,NEUTRAL,LOW,Last surprise: +33.5%; Earnings conf adj: +1,-1.0,-1.0,1.0,37,2026-11-05,33.51,1
2026-09-29T16:49:50,2026-09-29,SPG,HOLD,0,VWAP Trend,MEDIUM,2,24.43,nan,2.0,0.0,4.0,0.0,0.0,2026-10-02,-0.04,-0.05,57.1,1.17,-0.74,11.3,-3.69,3.1,7,2026-06-11 to 2026-09-25 (74 days),-1.0,38.5,nan,nan,nan,NEUTRAL,LOW,Strong trend (ADX=52); Last surprise: +10.2%; Earnings conf adj: +1,-1.0,-1.0,1.0,34,2026-11-02,10.19,1
2026-09-29T16:50:08,2026-09-29,ATI,HOLD,0,VWAP Trend,HIGH,5,24.32,nan,2.0,0.0,4.0,0.0,0.0,2026-09-30,1.34,2.66,57.1,2.16,14.1,36.34,-3.09,1.9,7,2026-06-11 to 2026-09-25 (74 days),-1.0,38.4,nan,nan,nan,NEUTRAL,LOW,Strong trend (ADX=53); Last surprise: +18.3%; Earnings conf adj: +1,-1.0,-1.0,1.0,28,2026-10-27,18.27,1
2026-09-29T16:50:14,2026-09-29,WPC,HOLD,0,VWAP Trend,LOW,1,24.11,nan,2.0,0.0,3.0,0.0,0.0,2026-10-02,-1.32,-1.74,57.1,0.69,-6.4,27.81,-4.52,3.3,7,2026-06-11 to 2026-09-25 (74 days),-1.0,27.5,nan,nan,nan,NEUTRAL,LOW,RSI oversold; Strong trend (ADX=63),-1.0,-1.0,1.0,28,2026-10-27,,0
2026-09-29T16:49:10,2026-09-29,FOX,HOLD,0,ADX Trend Following,HIGH,4,23.94,nan,3.39,0.0,6.78,0.0,0.0,2026-10-23,0.93,1.62,100.0,56.86,20.02,43.33,-8.47,24.0,2,2026-06-11 to 2026-09-25 (74 days),-1.0,43.1,nan,nan,nan,NEUTRAL,LOW,Last surprise: +31.6%; Earnings conf adj: +1,-1.0,-1.0,1.0,30,2026-10-29,31.62,1
2026-09-29T16:49:15,2026-09-29,HAL,HOLD,0,VWAP Trend,LOW,0,23.93,nan,4.37,0.0,6.56,0.0,0.0,2026-09-30,-1.52,-1.87,36.4,0.62,-21.25,26.68,-10.93,1.9,11,2026-06-11 to 2026-09-25 (74 days),-1.0,36.5,nan,nan,nan,NEUTRAL,LOW,Strong trend (ADX=49); Last surprise: +1.9%,-1.0,-1.0,1.0,21,2026-10-20,1.85,0
2026-09-29T16:48:57,2026-09-29,CTVA,HOLD,0,Stochastic Oscillator,HIGH,4,23.86,nan,2.0,0.0,3.0,0.0,0.0,2026-10-13,1.57,2.68,66.7,3.26,20.69,1.91,-4.66,14.0,3,2026-06-11 to 2026-09-25 (74 days),-1.0,38.3,nan,nan,nan,NEUTRAL,LOW,Strong trend (ADX=30); Last surprise: +3.1%,-1.0,-1.0,1.0,35,2026-11-03,3.14,0
2026-09-29T16:50:28,2026-09-29,DAR,HOLD,0,Stochastic Oscillator,HIGH,4,23.86,nan,2.0,0.0,3.0,0.0,0.0,2026-10-09,3.28,9.07,66.7,21.82,69.9,41.43,-4.95,10.0,3,2026-06-11 to 2026-09-25 (74 days),-1.0,40.4,nan,nan,nan,NEUTRAL,LOW,Strong trend (ADX=31),-1.0,-1.0,1.0,30,2026-10-29,,0
2026-09-29T16:49:44,2026-09-29,PRU,HOLD,0,VWAP Trend,LOW,1,23.7,nan,2.0,0.0,3.0,0.0,0.0,2026-09-30,-1.25,-1.67,50.0,0.71,-8.68,-63.24,-4.99,1.9,10,2026-06-11 to 2026-09-25 (74 days),-1.0,52.0,nan,nan,nan,NEUTRAL,LOW,Strong trend (ADX=34); Last surprise: +15.9%; Earnings conf adj: +1,-1.0,-1.0,1.0,29,2026-10-28,15.91,1
2026-09-29T16:50:28,2026-09-29,JEF,HOLD,0,Stochastic Oscillator,HIGH,4,23.69,nan,2.73,0.0,4.1,0.0,0.0,2026-10-13,1.57,2.82,66.7,20.94,39.45,92.14,-6.82,14.0,3,2026-06-11 to 2026-09-25 (74 days),-1.0,36.1,nan,nan,nan,NEUTRAL,LOW,High volume; Strong trend (ADX=53),-1.0,-1.0,1.0,-1,,,0
2026-09-29T16:50:41,2026-09-29,DUOL,HOLD,0,Donchian Breakout (20/55),MEDIUM,3,23.65,nan,4.93,0.0,9.86,0.0,0.0,2026-11-10,0.93,1.58,100.0,79.4,29.69,-36.63,-12.33,42.0,1,2026-06-11 to 2026-09-25 (74 days),-1.0,48.1,nan,nan,nan,NEUTRAL,LOW,No special conditions,-1.0,-1.0,1.0,36,2026-11-04,,0
2026-09-29T16:50:43,2026-09-29,HWC,HOLD,1,ADX Trend Following,LOW,1,23.6,nan,2.0,nan,3.0,nan,0.0,2026-10-03,-0.75,-0.93,75.0,0.74,-4.96,-19.2,-4.66,4.5,4,2026-06-11 to 2026-09-25 (74 days),-1.0,45.4,nan,nan,nan,NEUTRAL,LOW,No special conditions,-1.0,-1.0,1.0,21,2026-10-20,,0
2026-09-29T16:49:10,2026-09-29,FLEX,HOLD,0,VWAP Trend,HIGH,5,23.54,nan,4.62,0.0,9.24,0.0,0.0,2026-10-03,1.35,2.15,80.0,3.02,49.97,112.15,-11.55,4.2,5,2026-06-11 to 2026-09-25 (74 days),-1.0,52.6,nan,nan,nan,NEUTRAL,LOW,Last surprise: +8.7%; Earnings conf adj: +1,-1.0,-1.0,1.0,29,2026-10-28,8.7,1
2026-09-29T16:50:41,2026-09-29,UBSI,HOLD,0,EMA Crossover (9/21),LOW,1,23.51,nan,2.0,0.0,3.0,0.0,0.0,2026-09-30,-1.19,-1.43,100.0,0.91,-0.37,-22.32,-0.2,1.0,1,2026-06-11 to 2026-09-25 (74 days),-1.0,47.8,nan,nan,nan,NEUTRAL,LOW,Strong trend (ADX=31),-1.0,-1.0,1.0,23,2026-10-22,,0
2026-09-29T16:49:43,2026-09-29,PLD,HOLD,0,Stochastic Oscillator,HIGH,5,23.5,nan,2.0,0.0,3.0,0.0,0.0,2026-10-15,1.67,3.39,66.7,8.34,22.73,48.38,-2.19,16.7,3,2026-06-11 to 2026-09-25 (74 days),-1.0,37.6,nan,nan,nan,NEUTRAL,LOW,Strong trend (ADX=37); Last surprise: +48.0%; Earnings conf adj: +1,-1.0,-1.0,1.0,16,2026-10-15,48.0,1
2026-09-29T16:48:47,2026-09-29,BMY,HOLD,0,VWAP Trend,HIGH,5,23.38,nan,2.0,0.0,4.0,0.0,0.0,2026-10-01,1.07,1.75,62.5,1.82,13.94,-32.67,-4.23,2.5,8,2026-06-11 to 2026-09-25 (74 days),-1.0,44.5,nan,nan,nan,NEUTRAL,LOW,Strong trend (ADX=30); Last surprise: +27.5%; Earnings conf adj: +1,-1.0,-1.0,1.0,30,2026-10-29,27.5,1
2026-09-29T16:51:02,2026-09-29,XLU,HOLD,1,VWAP Trend,LOW,0,23.37,nan,2.0,nan,3.0,nan,0.0,2026-10-01,-2.44,-2.81,42.9,0.45,-10.82,17.16,-4.53,2.6,7,2026-06-11 to 2026-09-25 (74 days),-1.0,25.2,nan,nan,nan,NEUTRAL,LOW,RSI oversold; Strong trend (ADX=52),-1.0,-1.0,1.0,-1,,,0
2026-09-29T16:49:51,2026-09-29,SRE,HOLD,0,VWAP Trend,MEDIUM,2,23.25,nan,2.0,0.0,4.0,0.0,0.0,2026-10-02,0.01,0.01,66.7,1.17,-0.8,38.68,-4.54,3.9,9,2026-06-11 to 2026-09-25 (74 days),-1.0,31.5,nan,nan,nan,NEUTRAL,LOW,Strong trend (ADX=43); Last surprise: +9.4%; Earnings conf adj: +1,-1.0,-1.0,1.0,36,2026-11-04,9.43,1
2026-09-29T16:49:40,2026-09-29,PANW,EXIT,-1,SMA Crossover (10/50),MEDIUM,2,23.07,nan,2.0,nan,4.0,nan,10.0,2026-10-03,0.2,0.32,100.0,7.02,1.72,-173.36,-4.82,4.0,1,2026-06-11 to 2026-09-25 (74 days),-1.0,54.4,nan,nan,nan,NEUTRAL,LOW,Last surprise: +4.1%,-1.0,-1.0,1.0,51,2026-11-19,4.08,0
2026-09-29T16:48:46,2026-09-29,BG,HOLD,0,Stochastic Oscillator,HIGH,4,23.06,nan,2.39,0.0,3.58,0.0,0.0,2026-10-12,2.47,5.25,66.7,12.48,51.24,88.04,-5.97,13.7,3,2026-06-11 to 2026-09-25 (74 days),-1.0,38.1,nan,nan,nan,NEUTRAL,LOW,Strong trend (ADX=41); Last surprise: +3.1%,-1.0,-1.0,1.0,36,2026-11-04,3.09,0
2026-09-29T16:49:17,2026-09-29,HST,HOLD,0,VWAP Trend,LOW,0,23.06,nan,2.0,0.0,3.0,0.0,0.0,2026-10-01,-0.43,-0.58,54.5,1.0,-4.49,9.76,-4.86,2.2,11,2026-06-11 to 2026-09-25 (74 days),-1.0,50.5,nan,nan,nan,NEUTRAL,LOW,Last surprise: +2.9%,-1.0,-1.0,1.0,36,2026-11-04,2.94,0
2026-09-29T16:48:54,2026-09-29,COP,HOLD,0,MACD Crossover,HIGH,5,23.05,nan,2.05,0.0,4.1,0.0,0.0,2026-10-17,2.32,3.8,66.7,8.72,51.18,7.43,-5.12,18.3,3,2026-06-11 to 2026-09-25 (74 days),-1.0,44.5,nan,nan,nan,NEUTRAL,LOW,Last surprise: +10.6%; Earnings conf adj: +1,-1.0,-1.0,1.0,37,2026-11-05,10.58,1
2026-09-29T16:50:07,2026-09-29,FTI,HOLD,0,Stochastic Oscillator,HIGH,5,23.05,nan,2.0,0.0,3.0,0.0,0.0,2026-10-10,2.7,4.63,66.7,29.4,62.12,59.98,-4.7,11.3,3,2026-06-11 to 2026-09-25 (74 days),-1.0,38.1,nan,nan,nan,NEUTRAL,LOW,Strong trend (ADX=56); Last surprise: +13.7%; Earnings conf adj: +1,-1.0,-1.0,1.0,30,2026-10-29,13.75,1
2026-09-29T16:49:02,2026-09-29,ECHO,HOLD,0,Stochastic Oscillator,LOW,0,23.03,nan,6.94,0.0,10.41,0.0,0.0,2026-11-05,0.34,0.52,50.0,1.35,5.92,76.25,-17.35,37.5,2,2026-06-11 to 2026-09-25 (74 days),-1.0,46.1,nan,nan,nan,NEUTRAL,LOW,Last surprise: -94.7%; Earnings conf adj: -1,-1.0,-1.0,1.0,37,2026-11-05,-94.66,-1
2026-09-29T16:49:56,2026-09-29,TRMB,HOLD,0,Composite Multi-Indicator,MEDIUM,3,22.88,nan,3.06,0.0,6.12,0.0,0.0,2026-11-11,0.15,0.22,100.0,4.39,1.17,-64.27,-7.64,43.0,1,2026-06-11 to 2026-09-25 (74 days),-1.0,48.2,nan,nan,nan,NEUTRAL,LOW,Last surprise: +7.5%; Earnings conf adj: +1,-1.0,-1.0,1.0,36,2026-11-04,7.5,1
2026-09-29T16:50:43,2026-09-29,MTG,HOLD,0,VWAP Trend,HIGH,4,22.63,nan,2.0,0.0,4.0,0.0,0.0,2026-10-03,3.33,8.76,71.4,5.7,34.12,-15.75,-1.45,4.0,7,2026-06-11 to 2026-09-25 (74 days),-1.0,27.2,nan,nan,nan,NEUTRAL,LOW,RSI oversold; Strong trend (ADX=52),-1.0,-1.0,1.0,29,2026-10-28,,0
2026-09-29T16:51:00,2026-09-29,GLD,HOLD,0,VWAP Trend,HIGH,4,22.61,nan,2.29,0.0,4.58,0.0,0.0,2026-10-04,1.36,2.09,63.6,2.09,25.41,18.93,-5.73,5.3,11,2026-06-11 to 2026-09-25 (74 days),-1.0,45.2,nan,nan,nan,NEUTRAL,LOW,No special conditions,-1.0,-1.0,1.0,-1,,,0
2026-09-29T16:49:50,2026-09-29,SMCI,HOLD,0,Stochastic Oscillator,HIGH,5,22.43,nan,10.0,0.0,15.0,0.0,0.0,2026-10-31,1.3,2.64,100.0,245.87,112.7,-71.36,-32.8,32.5,2,2026-06-11 to 2026-09-25 (74 days),-1.0,63.8,nan,nan,nan,NEUTRAL,LOW,Strong trend (ADX=33); Last surprise: +77.1%; Earnings conf adj: +1,-1.0,-1.0,1.0,35,2026-11-03,77.08,1
2026-09-29T16:48:37,2026-09-29,ADP,HOLD,0,VWAP Trend,HIGH,4,22.42,nan,2.13,0.0,4.26,0.0,0.0,2026-10-05,3.0,6.14,57.1,23.45,95.18,15.89,-5.33,6.4,7,2026-06-11 to 2026-09-25 (74 days),-1.0,41.2,nan,nan,nan,NEUTRAL,LOW,Last surprise: +1.5%,-1.0,-1.0,1.0,29,2026-10-28,1.54,0
2026-09-29T16:50:15,2026-09-29,ARMK,HOLD,0,VWAP Trend,MEDIUM,3,22.37,nan,2.0,0.0,4.0,0.0,0.0,2026-10-01,0.85,1.54,77.8,1.72,5.5,2.3,-3.09,2.0,9,2026-06-11 to 2026-09-25 (74 days),-1.0,36.9,nan,nan,nan,NEUTRAL,LOW,No special conditions,-1.0,-1.0,1.0,56,2026-11-24,,0
2026-09-29T16:48:56,2026-09-29,CSCO,BUY,1,ADX Trend Following,HIGH,4,22.18,nan,2.0,nan,4.0,nan,10.0,2026-10-05,1.87,3.97,66.7,48.35,27.81,63.72,-2.68,6.0,3,2026-06-11 to 2026-09-25 (74 days),0.714,41.7,nan,nan,nan,NEUTRAL,LOW,Strong trend (ADX=37); Last surprise: +4.3%,-1.0,-1.0,1.0,44,2026-11-12,4.27,0
2026-09-29T16:50:07,2026-09-29,TWLO,EXIT,-1,SMA Crossover (10/50),HIGH,5,22.02,nan,4.74,nan,9.48,nan,10.0,2026-11-12,1.17,1.91,100.0,117.32,45.55,-125.45,-11.84,44.0,1,2026-06-11 to 2026-09-25 (74 days),-1.0,62.5,nan,nan,nan,NEUTRAL,LOW,Strong trend (ADX=49); Last surprise: +11.4%; Earnings conf adj: +1,-1.0,-1.0,1.0,30,2026-10-29,11.36,1
2026-09-29T16:49:11,2026-09-29,GE,HOLD,0,MACD Crossover,LOW,1,22.0,nan,2.16,0.0,3.24,0.0,0.0,2026-10-04,-0.23,-0.36,50.0,0.89,-2.13,3.22,-5.4,5.5,2,2026-06-11 to 2026-09-25 (74 days),-1.0,47.3,nan,nan,nan,NEUTRAL,LOW,Last surprise: +8.6%; Earnings conf adj: +1,-1.0,-1.0,1.0,21,2026-10-20,8.6,1
2026-09-29T16:49:50,2026-09-29,SNPS,HOLD,0,MACD Crossover,MEDIUM,2,21.24,nan,6.34,0.0,12.68,0.0,0.0,2026-10-18,0.43,0.79,50.0,26.99,9.46,30.72,-15.84,19.0,2,2026-06-11 to 2026-09-25 (74 days),-1.0,59.8,nan,nan,nan,NEUTRAL,LOW,Strong trend (ADX=32); Last surprise: +6.5%; Earnings conf adj: +1,-1.0,-1.0,1.0,-34,2026-08-26,6.54,1
2026-09-29T16:49:07,2026-09-29,FCX,HOLD,0,Composite Multi-Indicator,HIGH,4,20.86,nan,6.8,0.0,13.6,0.0,0.0,2027-01-02,0.56,0.86,100.0,46.33,16.5,-19.28,-17.0,95.0,1,2026-06-11 to 2026-09-25 (74 days),-1.0,51.5,nan,nan,nan,NEUTRAL,LOW,Last surprise: +19.4%; Earnings conf adj: +1,-1.0,-1.0,1.0,23,2026-10-22,19.35,1
2026-09-29T16:50:25,2026-09-29,HUBS,HOLD,0,Momentum (Rate of Change),HIGH,4,20.79,nan,7.76,0.0,15.52,0.0,0.0,2026-10-29,1.47,2.17,100.0,257.97,118.06,57.75,-19.39,30.0,2,2026-06-11 to 2026-09-25 (74 days),-1.0,42.2,nan,nan,nan,NEUTRAL,LOW,No special conditions,-1.0,-1.0,1.0,36,2026-11-04,,0
2026-09-29T16:48:50,2026-09-29,CCL,HOLD,0,MACD Crossover,LOW,0,20.69,nan,3.16,0.0,4.74,0.0,0.0,2026-10-11,0.05,0.07,33.3,0.98,-1.27,53.36,-7.9,12.0,3,2026-06-11 to 2026-09-25 (74 days),-1.0,36.6,nan,nan,nan,NEUTRAL,LOW,Strong trend (ADX=37); EARNINGS TODAY (2026-09-29); Last surprise: +20.6%; Earnings conf adj: -3,-1.0,-1.0,1.0,0,2026-09-29,20.59,-3
2026-09-29T16:49:21,2026-09-29,IRM,HOLD,0,VWAP Trend,MEDIUM,2,20.69,nan,2.66,0.0,5.32,0.0,0.0,2026-10-02,0.05,0.07,60.0,1.1,-0.59,29.13,-6.65,3.3,10,2026-06-11 to 2026-09-25 (74 days),-1.0,40.1,nan,nan,nan,NEUTRAL,LOW,Last surprise: +7.1%; Earnings conf adj: +1,-1.0,-1.0,1.0,36,2026-11-04,7.14,1
2026-09-29T16:49:19,2026-09-29,IFF,HOLD,0,Momentum (Rate of Change),MEDIUM,3,20.59,nan,4.37,0.0,8.74,0.0,0.0,2026-11-13,1.26,2.26,100.0,100.61,37.49,-8.86,-10.93,45.5,2,2026-06-11 to 2026-09-25 (74 days),-1.0,56.9,nan,nan,nan,NEUTRAL,LOW,Last surprise: -26.8%; Earnings conf adj: -1,-1.0,-1.0,1.0,35,2026-11-03,-26.79,-1
2026-09-29T16:50:39,2026-09-29,VNO,HOLD,0,MACD Crossover,LOW,0,20.43,nan,2.74,0.0,4.11,0.0,0.0,2026-09-30,-2.52,-2.52,50.0,0.08,-20.29,12.52,-6.86,1.5,2,2026-06-11 to 2026-09-25 (74 days),-1.0,40.1,nan,nan,nan,NEUTRAL,LOW,Strong trend (ADX=31),-1.0,-1.0,1.0,34,2026-11-02,,0
2026-09-29T16:49:48,2026-09-29,SBAC,HOLD,1,ADX Trend Following,LOW,0,20.09,nan,2.9,nan,4.35,nan,0.0,2026-10-27,-0.84,-1.16,50.0,0.03,-17.34,31.94,-7.25,28.0,2,2026-06-11 to 2026-09-25 (74 days),-1.0,28.4,nan,nan,nan,NEUTRAL,LOW,RSI oversold; Strong trend (ADX=48); Last surprise: -1.1%,-1.0,-1.0,1.0,34,2026-11-02,-1.06,0
2026-09-29T16:50:25,2026-09-29,AVTR,HOLD,0,52-Week High Momentum,MEDIUM,2,20.01,nan,2.78,0.0,5.56,0.0,0.0,2026-10-20,-0.76,-1.22,100.0,17.7,-10.92,-394.55,-6.94,21.0,1,2026-06-11 to 2026-09-25 (74 days),-1.0,57.6,nan,nan,nan,NEUTRAL,LOW,Strong trend (ADX=34),-1.0,-1.0,1.0,29,2026-10-28,,0
2026-09-29T16:50:39,2026-09-29,ALGM,HOLD,0,ADX Trend Following,LOW,0,19.93,nan,10.0,0.0,15.0,0.0,0.0,2026-10-12,0.19,0.28,50.0,0.77,-6.77,53.3,-27.18,13.5,2,2026-06-11 to 2026-09-25 (74 days),-1.0,50.3,nan,nan,nan,NEUTRAL,LOW,No special conditions,-1.0,-1.0,1.0,30,2026-10-29,,0
2026-09-29T16:49:01,2026-09-29,DOV,HOLD,0,MACD Crossover,LOW,0,19.91,nan,2.44,0.0,3.66,0.0,0.0,2026-10-07,-2.33,-2.98,50.0,0.28,-13.29,22.29,-6.09,8.5,2,2026-06-11 to 2026-09-25 (74 days),-1.0,47.5,nan,nan,nan,NEUTRAL,LOW,Strong trend (ADX=37); Last surprise: +0.7%,-1.0,-1.0,1.0,23,2026-10-22,0.74,0
2026-09-29T16:49:12,2026-09-29,GEN,HOLD,0,Momentum (Rate of Change),HIGH,4,19.8,nan,3.06,0.0,6.12,0.0,0.0,2026-12-15,1.21,1.81,100.0,99.7,35.0,63.59,-7.66,77.0,1,2026-06-11 to 2026-09-25 (74 days),-1.0,20.7,nan,nan,nan,NEUTRAL,LOW,RSI oversold; High volume; Strong trend (ADX=44); Last surprise: +2.9%,-1.0,-1.0,1.0,37,2026-11-05,2.9,0
2026-09-29T16:50:47,2026-09-29,BKH,HOLD,0,ADX Trend Following,LOW,1,19.68,nan,2.54,0.0,3.81,0.0,0.0,2026-10-15,-0.3,-0.43,66.7,0.54,-4.66,-1.58,-6.35,16.3,3,2026-06-11 to 2026-09-25 (74 days),-1.0,43.4,nan,nan,nan,NEUTRAL,LOW,High volume,-1.0,-1.0,1.0,36,2026-11-04,,0
2026-09-29T16:49:10,2026-09-29,FOXA,HOLD,0,Momentum (Rate of Change),HIGH,5,19.58,nan,3.52,0.0,7.04,0.0,0.0,2026-12-02,2.67,4.94,100.0,225.22,93.99,116.87,-8.8,64.0,1,2026-06-11 to 2026-09-25 (74 days),-1.0,42.3,nan,nan,nan,NEUTRAL,LOW,Last surprise: +29.7%; Earnings conf adj: +1,-1.0,-1.0,1.0,30,2026-10-29,29.71,1
2026-09-29T16:50:22,2026-09-29,BMRN,HOLD,0,Momentum (Rate of Change),HIGH,4,19.45,nan,2.94,0.0,5.88,0.0,0.0,2026-12-12,2.33,4.85,100.0,180.77,75.55,43.03,-7.36,74.0,1,2026-06-11 to 2026-09-25 (74 days),-1.0,33.3,nan,nan,nan,NEUTRAL,LOW,Strong trend (ADX=34),-1.0,-1.0,1.0,27,2026-10-26,,0
2026-09-29T16:48:37,2026-09-29,ADM,HOLD,0,Stochastic Oscillator,HIGH,5,19.44,nan,2.0,0.0,3.0,0.0,0.0,2026-10-14,2.61,5.54,66.7,155.8,58.59,46.11,-4.6,15.7,3,2026-06-11 to 2026-09-25 (74 days),-1.0,42.7,nan,nan,nan,NEUTRAL,LOW,Last surprise: +27.8%; Earnings conf adj: +1,-1.0,-1.0,1.0,35,2026-11-03,27.78,1
2026-09-29T16:50:28,2026-09-29,RYAN,HOLD,0,Momentum (Rate of Change),HIGH,4,19.33,nan,3.6,0.0,7.2,0.0,0.0,2026-11-26,1.98,3.61,100.0,215.8,92.18,52.37,-8.99,58.0,1,2026-06-11 to 2026-09-25 (74 days),-1.0,39.9,nan,nan,nan,NEUTRAL,LOW,Strong trend (ADX=44),-1.0,-1.0,1.0,30,2026-10-29,,0
2026-09-29T16:48:42,2026-09-29,AOS,HOLD,0,MACD Crossover,LOW,1,19.22,nan,2.7,0.0,4.05,0.0,0.0,2026-10-10,-0.69,-0.95,50.0,0.35,-10.79,-12.84,-6.75,11.0,2,2026-06-11 to 2026-09-25 (74 days),-1.0,48.9,nan,nan,nan,NEUTRAL,LOW,Last surprise: +12.0%; Earnings conf adj: +1,-1.0,-1.0,1.0,28,2026-10-27,11.96,1
2026-09-29T16:49:42,2026-09-29,PHM,HOLD,0,MACD Crossover,LOW,1,19.05,nan,2.0,0.0,3.0,0.0,0.0,2026-10-07,-0.16,-0.22,50.0,0.6,-3.0,6.75,-4.6,8.5,2,2026-06-11 to 2026-09-25 (74 days),-1.0,45.9,nan,nan,nan,NEUTRAL,LOW,Last surprise: +5.1%; Earnings conf adj: +1,-1.0,-1.0,1.0,23,2026-10-22,5.08,1
2026-09-29T16:49:41,2026-09-29,PEP,HOLD,0,EMA Crossover (9/21),LOW,0,19.04,nan,2.0,0.0,3.0,0.0,0.0,2026-10-14,0.02,0.03,50.0,1.19,-0.1,29.18,-3.85,15.0,2,2026-06-11 to 2026-09-25 (74 days),-1.0,29.8,nan,nan,nan,NEUTRAL,LOW,RSI oversold; Strong trend (ADX=45); Last surprise: -0.5%,-1.0,-1.0,1.0,9,2026-10-08,-0.45,0
2026-09-29T16:50:51,2026-09-29,LPX,BUY,1,SMA Crossover (10/50),MEDIUM,3,19.02,nan,2.12,nan,4.24,nan,10.0,2026-10-08,0.61,1.31,100.0,24.66,8.04,39.64,-5.3,9.0,1,2026-06-11 to 2026-09-25 (74 days),0.155,44.1,nan,nan,nan,NEUTRAL,LOW,Strong trend (ADX=37),-1.0,-1.0,1.0,36,2026-11-04,,0
2026-09-29T16:50:55,2026-09-29,BILL,HOLD,0,VWAP Trend,HIGH,4,19.01,nan,3.47,0.0,6.94,0.0,0.0,2026-10-06,3.22,6.2,71.4,9.86,209.72,7.83,-8.68,7.6,7,2026-06-11 to 2026-09-25 (74 days),-1.0,37.1,nan,nan,nan,NEUTRAL,LOW,No special conditions,-1.0,-1.0,1.0,37,2026-11-05,,0
2026-09-29T16:50:53,2026-09-29,BC,HOLD,0,VWAP Trend,LOW,1,18.76,nan,2.5,0.0,3.75,0.0,0.0,2026-10-01,-0.15,-0.23,57.1,1.06,-3.87,44.08,-6.25,2.2,14,2026-06-11 to 2026-09-25 (74 days),-1.0,32.1,nan,nan,nan,NEUTRAL,LOW,Strong trend (ADX=53),-1.0,-1.0,1.0,23,2026-10-22,,0
2026-09-29T16:49:13,2026-09-29,GLW,HOLD,0,Stochastic Oscillator,HIGH,4,18.73,nan,10.0,0.0,15.0,0.0,0.0,2026-10-25,1.24,1.93,66.7,2.71,94.35,127.61,-35.14,26.3,3,2026-06-11 to 2026-09-25 (74 days),-1.0,51.8,nan,nan,nan,NEUTRAL,LOW,Last surprise: +4.0%,-1.0,-1.0,1.0,28,2026-10-27,4.0,0
2026-09-29T16:48:43,2026-09-29,AVGO,HOLD,0,VWAP Trend,LOW,1,18.62,nan,2.55,0.0,3.82,0.0,0.0,2026-10-01,-1.23,-1.49,57.1,0.52,-13.01,12.52,-6.37,2.0,7,2026-06-11 to 2026-09-25 (74 days),-1.0,44.0,nan,nan,nan,NEUTRAL,LOW,Last surprise: +1.7%,-1.0,-1.0,1.0,71,2026-12-09,1.67,0
2026-09-29T16:49:35,2026-09-29,NCLH,HOLD,0,MACD Crossover,LOW,1,18.52,nan,4.71,0.0,7.06,0.0,0.0,2026-09-30,-1.64,-1.71,33.3,0.25,-28.33,31.73,-11.78,1.7,3,2026-06-11 to 2026-09-25 (74 days),-1.0,36.7,nan,nan,nan,NEUTRAL,LOW,Strong trend (ADX=36); Last surprise: +23.1%; Earnings conf adj: +1,-1.0,-1.0,1.0,36,2026-11-04,23.08,1
2026-09-29T16:50:31,2026-09-29,SAIA,HOLD,1,VWAP Trend,LOW,0,18.49,nan,5.05,nan,7.57,nan,0.0,2026-10-01,-0.72,-0.87,50.0,0.79,-13.8,61.67,-12.62,2.0,10,2026-06-11 to 2026-09-25 (74 days),-1.0,33.2,nan,nan,nan,NEUTRAL,LOW,No special conditions,-1.0,-1.0,1.0,30,2026-10-29,,0
2026-09-29T16:49:30,2026-09-29,MDT,EXIT,-1,ADX Trend Following,HIGH,4,18.44,nan,2.0,nan,4.0,nan,10.0,2026-10-14,1.31,2.15,75.0,9460.16,25.6,-23.44,-4.42,15.8,4,2026-06-11 to 2026-09-25 (74 days),-1.0,44.0,nan,nan,nan,NEUTRAL,LOW,High volume; Strong trend (ADX=31); Last surprise: +4.3%,-1.0,-1.0,1.0,49,2026-11-17,4.32,0
2026-09-29T16:48:39,2026-09-29,ALGN,BUY,1,ADX Trend Following,HIGH,4,18.43,nan,2.0,nan,4.0,nan,10.0,2026-10-01,2.35,71.14,100.0,69.32,25.14,72.24,-0.1,2.0,2,2026-06-11 to 2026-09-25 (74 days),0.337,39.1,nan,nan,nan,NEUTRAL,LOW,Strong trend (ADX=31); Last surprise: +1.5%,-1.0,-1.0,1.0,29,2026-10-28,1.54,0
2026-09-29T16:48:57,2026-09-29,CSGP,HOLD,0,Momentum (Rate of Change),HIGH,4,18.41,nan,2.93,0.0,5.86,0.0,0.0,2026-11-04,0.6,1.17,100.0,61.02,14.48,54.99,-7.32,36.0,1,2026-06-11 to 2026-09-25 (74 days),-1.0,36.7,nan,nan,nan,NEUTRAL,LOW,Strong trend (ADX=40); Last surprise: +10.3%; Earnings conf adj: +1,-1.0,-1.0,1.0,28,2026-10-27,10.34,1
2026-09-29T16:49:45,2026-09-29,PWR,HOLD,0,Stochastic Oscillator,MEDIUM,2,18.32,nan,6.48,0.0,9.72,0.0,0.0,2026-10-27,0.49,0.96,50.0,28.72,13.02,29.2,-16.19,28.5,2,2026-06-11 to 2026-09-25 (74 days),-1.0,54.4,nan,nan,nan,NEUTRAL,LOW,Last surprise: +28.1%; Earnings conf adj: +1,-1.0,-1.0,1.0,30,2026-10-29,28.1,1
2026-09-29T16:48:48,2026-09-29,BSX,HOLD,0,Stochastic Oscillator,LOW,0,18.18,nan,3.66,0.0,5.49,0.0,0.0,2026-10-28,0.08,0.12,50.0,1.21,-0.95,20.89,-9.14,29.5,2,2026-06-11 to 2026-09-25 (74 days),-1.0,41.6,nan,nan,nan,NEUTRAL,LOW,Last surprise: +3.6%,-1.0,-1.0,1.0,29,2026-10-28,3.61,0
2026-09-29T16:50:10,2026-09-29,NTNX,HOLD,0,Momentum (Rate of Change),HIGH,4,18.16,nan,2.53,0.0,5.06,0.0,0.0,2026-12-08,3.16,7.37,100.0,290.3,135.95,-69.91,-6.33,70.0,1,2026-06-11 to 2026-09-25 (74 days),-1.0,53.9,nan,nan,nan,NEUTRAL,LOW,No special conditions,-1.0,-1.0,1.0,57,2026-11-25,,0
2026-09-29T16:49:49,2026-09-29,SBUX,HOLD,0,VWAP Trend,LOW,1,18.1,nan,2.14,0.0,3.21,0.0,0.0,2026-10-01,-2.05,-2.42,50.0,0.34,-13.88,7.47,-5.36,2.1,8,2026-06-11 to 2026-09-25 (74 days),-1.0,31.8,nan,nan,nan,NEUTRAL,LOW,Strong trend (ADX=65); Last surprise: +30.8%; Earnings conf adj: +1,-1.0,-1.0,1.0,29,2026-10-28,30.77,1
2026-09-29T16:50:46,2026-09-29,ASB,HOLD,0,VWAP Trend,MEDIUM,3,17.98,nan,2.0,0.0,4.0,0.0,0.0,2026-10-01,0.66,1.11,62.5,1.69,5.12,-2.74,-2.98,2.9,8,2026-06-11 to 2026-09-25 (74 days),-1.0,41.8,nan,nan,nan,NEUTRAL,LOW,Strong trend (ADX=43),-1.0,-1.0,1.0,23,2026-10-22,,0
2026-09-29T16:50:04,2026-09-29,WFC,HOLD,0,Stochastic Oscillator,HIGH,4,17.92,nan,2.0,0.0,3.0,0.0,0.0,2026-10-09,1.44,2.47,50.0,45.23,14.09,9.64,-2.23,10.0,2,2026-06-11 to 2026-09-25 (74 days),-1.0,38.5,nan,nan,nan,NEUTRAL,LOW,Strong trend (ADX=33); Last surprise: +16.3%; Earnings conf adj: +1,-1.0,-1.0,1.0,14,2026-10-13,16.28,1
2026-09-29T16:50:18,2026-09-29,IESC,HOLD,0,MACD Crossover,LOW,1,17.85,nan,10.0,0.0,15.0,0.0,0.0,2026-10-06,-2.62,-2.96,60.0,0.15,-65.73,-31.68,-31.68,7.2,5,2026-06-11 to 2026-09-25 (74 days),-1.0,49.0,nan,nan,nan,NEUTRAL,LOW,No special conditions,-1.0,-1.0,1.0,52,2026-11-20,,0
2026-09-29T16:50:49,2026-09-29,GNTX,HOLD,0,Stochastic Oscillator,LOW,0,17.78,nan,3.23,0.0,4.84,0.0,0.0,2026-10-29,-0.01,-0.01,50.0,0.85,-2.34,32.58,-8.07,30.0,2,2026-06-11 to 2026-09-25 (74 days),-1.0,47.3,nan,nan,nan,NEUTRAL,LOW,No special conditions,-1.0,-1.0,1.0,24,2026-10-23,,0
2026-09-29T16:49:28,2026-09-29,LYV,HOLD,0,MACD Crossover,HIGH,5,17.76,nan,2.0,0.0,4.0,0.0,0.0,2026-10-11,1.08,1.69,66.7,44.77,14.78,17.67,-4.57,12.0,3,2026-06-11 to 2026-09-25 (74 days),-1.0,43.4,nan,nan,nan,NEUTRAL,LOW,Last surprise: +84.2%; Earnings conf adj: +1,-1.0,-1.0,1.0,35,2026-11-03,84.21,1
2026-09-29T16:50:59,2026-09-29,HOG,HOLD,0,MACD Crossover,LOW,0,17.76,nan,5.14,0.0,7.71,0.0,0.0,2026-10-15,0.19,0.3,50.0,1.21,1.79,3.33,-12.86,16.5,2,2026-06-11 to 2026-09-25 (74 days),-1.0,39.2,nan,nan,nan,NEUTRAL,LOW,No special conditions,-1.0,-1.0,1.0,36,2026-11-04,,0
2026-09-29T16:49:42,2026-09-29,PG,HOLD,-1,SMA Crossover (10/50),LOW,0,17.64,nan,2.02,nan,3.03,nan,0.0,2026-10-27,-0.15,-0.22,50.0,0.25,-3.59,-1.24,-5.05,28.0,2,2026-06-11 to 2026-09-25 (74 days),-1.0,50.8,nan,nan,nan,NEUTRAL,LOW,Last surprise: +1.4%,-1.0,-1.0,1.0,23,2026-10-22,1.42,0
2026-09-29T16:49:06,2026-09-29,EVRG,HOLD,0,VWAP Trend,HIGH,5,17.55,nan,2.0,0.0,4.0,0.0,0.0,2026-10-01,1.47,2.85,66.7,2.21,9.19,25.34,-2.42,2.0,12,2026-06-11 to 2026-09-25 (74 days),-1.0,33.1,nan,nan,nan,NEUTRAL,LOW,Strong trend (ADX=50); Last surprise: +10.0%; Earnings conf adj: +1,-1.0,-1.0,1.0,37,2026-11-05,10.0,1
2026-09-29T16:48:47,2026-09-29,BKR,HOLD,0,VWAP Trend,HIGH,4,17.46,nan,2.0,0.0,4.0,0.0,0.0,2026-10-01,1.23,2.19,50.0,1.82,20.17,46.76,-4.73,2.8,10,2026-06-11 to 2026-09-25 (74 days),-1.0,40.9,nan,nan,nan,NEUTRAL,LOW,Last surprise: +30.6%; Earnings conf adj: +1,-1.0,-1.0,1.0,28,2026-10-27,30.61,1
2026-09-29T16:48:54,2026-09-29,CNC,HOLD,0,ADX Trend Following,HIGH,4,17.37,nan,2.81,0.0,5.62,0.0,0.0,2026-10-06,0.88,1.3,100.0,49.49,16.4,25.44,-7.03,7.5,4,2026-06-11 to 2026-09-25 (74 days),-1.0,39.5,nan,nan,nan,NEUTRAL,LOW,Last surprise: +132.4%; Earnings conf adj: +1,-1.0,-1.0,1.0,28,2026-10-27,132.41,1
2026-09-29T16:50:09,2026-09-29,USFD,HOLD,0,MACD Crossover,MEDIUM,3,17.37,nan,2.0,0.0,4.0,0.0,0.0,2026-10-13,0.25,0.38,100.0,5.8,1.31,-6.86,-3.63,14.0,1,2026-06-11 to 2026-09-25 (74 days),-1.0,31.0,nan,nan,nan,NEUTRAL,LOW,Strong trend (ADX=52); Last surprise: +5.9%; Earnings conf adj: +1,-1.0,-1.0,1.0,37,2026-11-05,5.88,1
2026-09-29T16:50:42,2026-09-29,WEX,EXIT,-1,VWAP Trend,HIGH,4,17.32,nan,2.1,nan,4.2,nan,10.0,2026-10-04,3.12,6.96,71.4,6.98,138.52,-13.75,-5.25,5.9,7,2026-06-11 to 2026-09-25 (74 days),-1.0,38.3,nan,nan,nan,NEUTRAL,LOW,No special conditions,-1.0,-1.0,1.0,29,2026-10-28,,0
2026-09-29T16:49:05,2026-09-29,EQT,HOLD,0,VWAP Trend,LOW,1,17.26,nan,4.01,0.0,6.02,0.0,0.0,2026-10-05,-0.2,-0.37,60.0,0.96,-7.1,-5.55,-10.02,6.7,10,2026-06-11 to 2026-09-25 (74 days),-1.0,38.7,nan,nan,nan,NEUTRAL,LOW,Strong trend (ADX=33); Last surprise: -2.5%,-1.0,-1.0,1.0,21,2026-10-20,-2.5,0
2026-09-29T16:48:54,2026-09-29,COIN,EXIT,-1,SMA Crossover (10/50),MEDIUM,2,17.1,nan,5.85,nan,11.7,nan,10.0,2026-10-30,0.52,0.86,100.0,41.48,14.64,-81.88,-14.63,31.0,1,2026-06-11 to 2026-09-25 (74 days),-1.0,56.9,nan,nan,nan,NEUTRAL,LOW,Last surprise: -491.3%; Earnings conf adj: -1,-1.0,-1.0,1.0,30,2026-10-29,-491.3,-1
2026-09-29T16:48:45,2026-09-29,BAC,HOLD,0,MACD Crossover,MEDIUM,2,16.98,nan,2.0,0.0,4.0,0.0,0.0,2026-10-05,-0.16,-0.22,50.0,2.31,-0.8,-12.72,-2.1,6.0,2,2026-06-11 to 2026-09-25 (74 days),-1.0,31.3,nan,nan,nan,NEUTRAL,LOW,Strong trend (ADX=56); Last surprise: +8.0%; Earnings conf adj: +1,-1.0,-1.0,1.0,15,2026-10-14,8.04,1
2026-09-29T16:49:47,2026-09-29,RF,EXIT,-1,VWAP Trend,MEDIUM,2,16.94,nan,2.0,nan,4.0,nan,0.0,2026-09-30,-0.99,-1.33,57.1,0.73,-7.68,3.66,-3.9,1.7,7,2026-06-11 to 2026-09-25 (74 days),-1.0,29.5,nan,nan,nan,NEUTRAL,LOW,RSI oversold; Strong trend (ADX=50); Last surprise: +7.9%; Earnings conf adj: +1,-1.0,-1.0,1.0,17,2026-10-16,7.94,1
2026-09-29T16:49:33,2026-09-29,MRSH,HOLD,0,VWAP Trend,HIGH,4,16.88,nan,3.17,0.0,6.34,0.0,0.0,2026-10-05,1.76,3.15,66.7,3.27,44.67,36.35,-7.93,6.3,9,2026-06-11 to 2026-09-25 (74 days),-1.0,33.0,nan,nan,nan,NEUTRAL,LOW,Strong trend (ADX=52); Last surprise: +2.4%,-1.0,-1.0,1.0,16,2026-10-15,2.42,0
2026-09-29T16:49:14,2026-09-29,GPN,HOLD,0,Momentum (Rate of Change),HIGH,4,16.73,nan,3.3,0.0,6.6,0.0,0.0,2026-12-14,2.45,4.31,100.0,267.62,121.18,-46.8,-8.24,76.0,1,2026-06-11 to 2026-09-25 (74 days),-1.0,47.2,nan,nan,nan,NEUTRAL,LOW,Last surprise: +0.6%,-1.0,-1.0,1.0,35,2026-11-03,0.58,0
2026-09-29T16:50:53,2026-09-29,TCBI,HOLD,0,VWAP Trend,HIGH,4,16.56,nan,2.0,0.0,4.0,0.0,0.0,2026-09-30,1.59,3.08,60.0,2.49,8.39,22.55,-1.46,1.9,10,2026-06-11 to 2026-09-25 (74 days),-1.0,44.3,nan,nan,nan,NEUTRAL,LOW,Strong trend (ADX=39),-1.0,-1.0,1.0,22,2026-10-21,,0
2026-09-29T16:50:39,2026-09-29,PPC,HOLD,0,MACD Crossover,LOW,0,16.44,nan,4.07,0.0,6.1,0.0,0.0,2026-10-27,0.2,0.31,50.0,1.23,1.56,21.4,-10.17,28.0,2,2026-06-11 to 2026-09-25 (74 days),-1.0,36.9,nan,nan,nan,NEUTRAL,LOW,Strong trend (ADX=37),-1.0,-1.0,1.0,29,2026-10-28,,0
2026-09-29T16:48:50,2026-09-29,CBRE,HOLD,0,Momentum (Rate of Change),HIGH,5,16.38,nan,3.36,0.0,6.72,0.0,0.0,2026-12-17,1.12,1.87,100.0,96.96,34.79,27.71,-8.39,79.0,1,2026-06-11 to 2026-09-25 (74 days),-1.0,37.2,nan,nan,nan,NEUTRAL,LOW,Last surprise: +6.1%; Earnings conf adj: +1,-1.0,-1.0,1.0,23,2026-10-22,6.12,1
2026-09-29T16:50:56,2026-09-29,IPGP,HOLD,0,Stochastic Oscillator,LOW,0,16.29,nan,9.92,0.0,14.88,0.0,0.0,2026-11-13,-0.28,-0.37,0.0,0.0,-16.18,54.25,-24.8,45.0,1,2026-06-11 to 2026-09-25 (74 days),-1.0,47.9,nan,nan,nan,NEUTRAL,LOW,No special conditions,-1.0,-1.0,1.0,35,2026-11-03,,0
2026-09-29T16:50:02,2026-09-29,VZ,HOLD,0,Momentum (Rate of Change),HIGH,4,16.27,nan,3.12,0.0,6.24,0.0,0.0,2026-12-04,1.41,2.35,100.0,92.83,28.96,21.86,-7.79,66.0,1,2026-06-11 to 2026-09-25 (74 days),-1.0,39.8,nan,nan,nan,NEUTRAL,LOW,Strong trend (ADX=41); Last surprise: +2.4%,-1.0,-1.0,1.0,27,2026-10-26,2.36,0
2026-09-29T16:49:18,2026-09-29,HWM,HOLD,1,ADX Trend Following,LOW,1,16.26,nan,2.24,nan,3.36,nan,0.0,2026-10-10,-0.35,-0.52,50.0,0.0,-3.79,32.13,-5.59,11.0,2,2026-06-11 to 2026-09-25 (74 days),-1.0,40.0,nan,nan,nan,NEUTRAL,LOW,Strong trend (ADX=42); Last surprise: +6.4%; Earnings conf adj: +1,-1.0,-1.0,1.0,37,2026-11-05,6.4,1
2026-09-29T16:50:41,2026-09-29,PATH,HOLD,0,VWAP Trend,MEDIUM,3,16.19,nan,2.72,0.0,5.44,0.0,0.0,2026-10-04,3.55,9.2,50.0,6.18,256.36,184.44,-6.79,5.0,8,2026-06-11 to 2026-09-25 (74 days),-1.0,34.3,nan,nan,nan,NEUTRAL,LOW,Strong trend (ADX=47),-1.0,-1.0,1.0,64,2026-12-02,,0
2026-09-29T16:50:27,2026-09-29,MOH,HOLD,0,Stochastic Oscillator,MEDIUM,2,16.13,nan,2.1,0.0,3.15,0.0,0.0,2026-10-19,0.17,0.28,100.0,12.58,1.54,5.66,-5.24,20.0,1,2026-06-11 to 2026-09-25 (74 days),-1.0,41.3,nan,nan,nan,NEUTRAL,LOW,No special conditions,-1.0,-1.0,1.0,22,2026-10-21,,0
2026-09-29T16:49:49,2026-09-29,SLB,HOLD,0,Momentum (Rate of Change),HIGH,4,16.09,nan,4.33,0.0,8.66,0.0,0.0,2026-11-18,0.57,0.89,100.0,56.27,12.34,35.9,-10.82,50.0,1,2026-06-11 to 2026-09-25 (74 days),-1.0,41.7,nan,nan,nan,NEUTRAL,LOW,Last surprise: +5.8%; Earnings conf adj: +1,-1.0,-1.0,1.0,24,2026-10-23,5.77,1
2026-09-29T16:48:51,2026-09-29,CHRW,HOLD,0,Stochastic Oscillator,LOW,1,16.06,nan,7.56,0.0,11.34,0.0,0.0,2026-10-25,-0.01,-0.01,50.0,1.05,-7.25,51.63,-18.89,26.5,2,2026-06-11 to 2026-09-25 (74 days),-1.0,41.0,nan,nan,nan,NEUTRAL,LOW,Last surprise: +5.9%; Earnings conf adj: +1,-1.0,-1.0,1.0,29,2026-10-28,5.92,1
2026-09-29T16:49:26,2026-09-29,LDOS,HOLD,0,VWAP Trend,HIGH,5,15.95,nan,5.22,0.0,10.44,0.0,0.0,2026-10-12,1.33,2.36,66.7,2.19,47.09,40.23,-13.06,13.5,6,2026-06-11 to 2026-09-25 (74 days),-1.0,39.3,nan,nan,nan,NEUTRAL,LOW,Strong trend (ADX=39); Last surprise: +12.0%; Earnings conf adj: +1,-1.0,-1.0,1.0,35,2026-11-03,12.03,1
2026-09-29T16:50:23,2026-09-29,AA,HOLD,0,VWAP Trend,LOW,1,15.79,nan,4.94,0.0,7.41,0.0,0.0,2026-10-05,0.55,0.81,50.0,1.46,13.33,93.87,-12.35,6.8,6,2026-06-11 to 2026-09-25 (74 days),-1.0,32.4,nan,nan,nan,NEUTRAL,LOW,Strong trend (ADX=37),-1.0,-1.0,1.0,16,2026-10-15,,0
2026-09-29T16:49:36,2026-09-29,NSC,HOLD,0,VWAP Trend,MEDIUM,2,15.78,nan,2.05,0.0,4.1,0.0,0.0,2026-10-01,0.45,0.7,58.3,1.36,3.88,-0.3,-5.13,2.1,12,2026-06-11 to 2026-09-25 (74 days),-1.0,34.0,nan,nan,nan,NEUTRAL,LOW,Strong trend (ADX=62); Last surprise: +6.0%; Earnings conf adj: +1,-1.0,-1.0,1.0,23,2026-10-22,6.02,1
2026-09-29T16:49:00,2026-09-29,DLR,HOLD,0,ADX Trend Following,LOW,0,15.73,nan,2.43,0.0,3.65,0.0,0.0,2026-10-06,-0.8,-1.11,75.0,0.54,-10.76,-7.39,-6.08,7.8,4,2026-06-11 to 2026-09-25 (74 days),-1.0,41.1,nan,nan,nan,NEUTRAL,LOW,Last surprise: -15.1%; Earnings conf adj: -1,-1.0,-1.0,1.0,23,2026-10-22,-15.07,-1
2026-09-29T16:50:25,2026-09-29,RRX,HOLD,0,VWAP Trend,LOW,1,15.62,nan,3.2,0.0,4.8,0.0,0.0,2026-10-03,0.6,1.17,50.0,1.42,13.47,78.02,-8.01,4.3,6,2026-06-11 to 2026-09-25 (74 days),-1.0,44.4,nan,nan,nan,NEUTRAL,LOW,Strong trend (ADX=34),-1.0,-1.0,1.0,29,2026-10-28,,0
2026-09-29T16:50:46,2026-09-29,AN,HOLD,0,Stochastic Oscillator,MEDIUM,2,15.48,nan,2.27,0.0,3.4,0.0,0.0,2026-10-10,0.71,1.05,50.0,2.69,7.45,47.94,-5.68,11.5,2,2026-06-11 to 2026-09-25 (74 days),-1.0,27.1,nan,nan,nan,NEUTRAL,LOW,RSI oversold; Strong trend (ADX=53),-1.0,-1.0,1.0,30,2026-10-29,,0
2026-09-29T16:50:12,2026-09-29,APG,HOLD,0,MACD Crossover,LOW,0,15.46,nan,3.65,0.0,5.48,0.0,0.0,2026-10-11,-0.71,-0.87,33.3,0.35,-10.9,19.18,-9.13,12.0,3,2026-06-11 to 2026-09-25 (74 days),-1.0,46.8,nan,nan,nan,NEUTRAL,LOW,Strong trend (ADX=37),-1.0,-1.0,1.0,30,2026-10-29,,0
2026-09-29T16:50:27,2026-09-29,GMED,HOLD,0,VWAP Trend,MEDIUM,3,15.43,nan,2.46,0.0,4.92,0.0,0.0,2026-10-01,0.88,1.39,66.7,1.66,16.1,39.56,-6.16,2.3,9,2026-06-11 to 2026-09-25 (74 days),-1.0,39.1,nan,nan,nan,NEUTRAL,LOW,Strong trend (ADX=33),-1.0,-1.0,1.0,37,2026-11-05,,0
2026-09-29T16:50:41,2026-09-29,MTDR,HOLD,0,MACD Crossover,LOW,0,15.4,nan,7.17,0.0,10.76,0.0,0.0,2026-10-28,0.27,0.34,50.0,1.25,3.38,13.74,-17.92,29.5,2,2026-06-11 to 2026-09-25 (74 days),-1.0,36.2,nan,nan,nan,NEUTRAL,LOW,Strong trend (ADX=42),-1.0,-1.0,1.0,28,2026-10-27,,0
2026-09-29T16:50:30,2026-09-29,ZION,HOLD,0,VWAP Trend,LOW,1,15.32,nan,2.46,0.0,3.69,0.0,0.0,2026-10-01,-0.7,-0.96,62.5,0.87,-6.34,4.54,-6.15,2.4,8,2026-06-11 to 2026-09-25 (74 days),-1.0,35.4,nan,nan,nan,NEUTRAL,LOW,Strong trend (ADX=43),-1.0,-1.0,1.0,20,2026-10-19,,0
2026-09-29T16:50:52,2026-09-29,KBR,HOLD,0,VWAP Trend,LOW,0,15.25,nan,5.02,0.0,7.53,0.0,0.0,2026-10-08,-1.37,-1.73,50.0,0.27,-30.66,-25.83,-12.56,9.5,8,2026-06-11 to 2026-09-25 (74 days),-1.0,35.8,nan,nan,nan,NEUTRAL,LOW,Strong trend (ADX=38),-1.0,-1.0,1.0,30,2026-10-29,,0
2026-09-29T16:48:47,2026-09-29,BR,HOLD,0,Momentum (Rate of Change),HIGH,4,15.24,nan,3.77,0.0,7.54,0.0,0.0,2026-12-02,1.5,2.62,100.0,137.19,46.91,-12.78,-9.43,64.0,1,2026-06-11 to 2026-09-25 (74 days),-1.0,42.9,nan,nan,nan,NEUTRAL,LOW,Last surprise: +1.6%,-1.0,-1.0,1.0,35,2026-11-03,1.6,0
2026-09-29T16:50:32,2026-09-29,VOYA,BUY,1,ADX Trend Following,MEDIUM,3,15.14,nan,2.0,nan,4.0,nan,10.0,2026-10-04,1.19,2.2,50.0,2.34,10.1,-18.3,-4.41,5.8,4,2026-06-11 to 2026-09-25 (74 days),0.429,40.9,nan,nan,nan,NEUTRAL,LOW,Strong trend (ADX=38),-1.0,-1.0,1.0,35,2026-11-03,,0
2026-09-29T16:48:53,2026-09-29,CMG,HOLD,0,Stochastic Oscillator,MEDIUM,3,14.93,nan,3.12,0.0,4.68,0.0,0.0,2026-10-07,1.54,3.3,50.0,2.59,26.13,25.24,-7.8,8.5,2,2026-06-11 to 2026-09-25 (74 days),-1.0,30.1,nan,nan,nan,NEUTRAL,LOW,High volume; Strong trend (ADX=50); Last surprise: +3.1%,-1.0,-1.0,1.0,29,2026-10-28,3.13,0
2026-09-29T16:50:46,2026-09-29,NOVT,HOLD,0,VWAP Trend,LOW,0,14.86,nan,4.63,0.0,6.94,0.0,0.0,2026-10-01,0.38,0.53,50.0,1.24,7.19,41.29,-11.58,2.6,8,2026-06-11 to 2026-09-25 (74 days),-1.0,50.4,nan,nan,nan,NEUTRAL,LOW,No special conditions,-1.0,-1.0,1.0,35,2026-11-03,,0
2026-09-29T16:50:56,2026-09-29,OPCH,HOLD,0,EMA Crossover (9/21),MEDIUM,3,14.82,nan,2.55,0.0,5.1,0.0,0.0,2026-10-28,0.87,1.39,100.0,65.46,23.74,-19.72,-6.37,29.0,3,2026-06-11 to 2026-09-25 (74 days),-1.0,42.7,nan,nan,nan,NEUTRAL,LOW,No special conditions,-1.0,-1.0,1.0,30,2026-10-29,,0
2026-09-29T16:48:42,2026-09-29,AON,HOLD,0,VWAP Trend,HIGH,4,14.75,nan,2.9,0.0,5.8,0.0,0.0,2026-10-07,1.23,2.34,60.0,4.44,24.04,71.2,-7.25,8.0,5,2026-06-11 to 2026-09-25 (74 days),-1.0,24.8,nan,nan,nan,NEUTRAL,LOW,RSI oversold; Strong trend (ADX=65); Last surprise: +0.3%,-1.0,-1.0,1.0,31,2026-10-30,0.26,0
2026-09-29T16:48:35,2026-09-29,ABNB,HOLD,0,MACD Crossover,HIGH,4,14.36,nan,2.0,0.0,4.0,0.0,0.0,2026-10-28,2.52,7.12,100.0,294.44,149.84,60.43,-4.02,29.0,2,2026-06-11 to 2026-09-25 (74 days),-1.0,38.3,nan,nan,nan,NEUTRAL,LOW,Strong trend (ADX=42),-1.0,-1.0,1.0,37,2026-11-05,,0
2026-09-29T16:48:57,2026-09-29,CSX,HOLD,0,Stochastic Oscillator,MEDIUM,2,14.36,nan,2.0,0.0,3.0,0.0,0.0,2026-10-06,0.57,1.14,50.0,2.72,2.17,5.5,-1.42,7.0,2,2026-06-11 to 2026-09-25 (74 days),-1.0,35.6,nan,nan,nan,NEUTRAL,LOW,Strong trend (ADX=37); Last surprise: +3.8%,-1.0,-1.0,1.0,22,2026-10-21,3.85,0
2026-09-29T16:49:51,2026-09-29,SPGI,HOLD,0,VWAP Trend,MEDIUM,3,14.33,nan,3.59,0.0,7.18,0.0,0.0,2026-10-07,1.55,2.83,42.9,2.28,49.88,37.78,-8.97,8.7,7,2026-06-11 to 2026-09-25 (74 days),-1.0,40.3,nan,nan,nan,NEUTRAL,LOW,Strong trend (ADX=31); Last surprise: -3.0%,-1.0,-1.0,1.0,30,2026-10-29,-2.99,0
2026-09-29T16:50:58,2026-09-29,PII,BUY,1,ADX Trend Following,HIGH,4,14.32,nan,4.08,nan,8.16,nan,10.0,2026-10-12,1.26,1.96,100.0,90.23,33.97,92.97,-10.2,13.0,2,2026-06-11 to 2026-09-25 (74 days),0.516,27.2,nan,nan,nan,NEUTRAL,LOW,RSI oversold; Strong trend (ADX=60),-1.0,-1.0,1.0,27,2026-10-26,,0
2026-09-29T16:49:44,2026-09-29,PPG,HOLD,0,ADX Trend Following,LOW,0,14.23,nan,3.67,0.0,5.5,0.0,0.0,2026-10-10,-1.04,-1.27,33.3,0.17,-17.74,8.67,-9.17,11.7,3,2026-06-11 to 2026-09-25 (74 days),-1.0,45.9,nan,nan,nan,NEUTRAL,LOW,Last surprise: -0.9%,-1.0,-1.0,1.0,28,2026-10-27,-0.89,0
2026-09-29T16:50:38,2026-09-29,NOV,HOLD,0,VWAP Trend,LOW,0,14.15,nan,4.6,0.0,6.9,0.0,0.0,2026-10-03,-1.84,-2.21,40.0,0.33,-25.32,-8.6,-11.5,4.0,5,2026-06-11 to 2026-09-25 (74 days),-1.0,40.4,nan,nan,nan,NEUTRAL,LOW,Strong trend (ADX=34),-1.0,-1.0,1.0,28,2026-10-27,,0
2026-09-29T16:50:35,2026-09-29,LEA,HOLD,0,VWAP Trend,LOW,0,14.06,nan,9.08,0.0,13.62,0.0,0.0,2026-10-02,-2.52,-2.69,50.0,0.29,-49.93,-7.34,-22.69,3.2,6,2026-06-11 to 2026-09-25 (74 days),-1.0,46.2,nan,nan,nan,NEUTRAL,LOW,Strong trend (ADX=30),-1.0,-1.0,1.0,23,2026-10-22,,0
2026-09-29T16:50:14,2026-09-29,H,HOLD,0,VWAP Trend,LOW,0,13.95,nan,5.13,0.0,7.7,0.0,0.0,2026-10-01,-2.14,-2.43,50.0,0.31,-27.58,25.8,-12.82,2.5,10,2026-06-11 to 2026-09-25 (74 days),-1.0,38.6,nan,nan,nan,NEUTRAL,LOW,Strong trend (ADX=33),-1.0,-1.0,1.0,30,2026-10-29,,0
2026-09-29T16:50:37,2026-09-29,CHRD,HOLD,0,Composite Multi-Indicator,MEDIUM,3,13.92,nan,5.38,0.0,10.76,0.0,0.0,2026-11-17,0.7,1.05,100.0,45.66,16.23,6.24,-13.45,49.0,1,2026-06-11 to 2026-09-25 (74 days),-1.0,40.9,nan,nan,nan,NEUTRAL,LOW,No special conditions,-1.0,-1.0,1.0,35,2026-11-03,,0
2026-09-29T16:49:56,2026-09-29,TRV,HOLD,0,Stochastic Oscillator,HIGH,4,13.9,nan,2.0,0.0,3.0,0.0,0.0,2026-10-14,1.09,1.97,50.0,42.09,9.84,-77.1,-2.32,15.0,2,2026-06-11 to 2026-09-25 (74 days),-1.0,43.8,nan,nan,nan,NEUTRAL,LOW,Last surprise: +86.3%; Earnings conf adj: +1,-1.0,-1.0,1.0,17,2026-10-16,86.27,1
2026-09-29T16:50:11,2026-09-29,MKSI,HOLD,0,Multi-Factor Momentum MR,MEDIUM,2,13.82,nan,3.67,0.0,7.34,0.0,0.0,2026-10-06,0.49,0.69,100.0,24.35,7.92,69.84,-9.18,7.0,1,2026-06-11 to 2026-09-25 (74 days),-1.0,48.0,nan,nan,nan,NEUTRAL,LOW,No special conditions,-1.0,-1.0,1.0,36,2026-11-04,,0
2026-09-29T16:50:58,2026-09-29,BHF,HOLD,0,Composite Multi-Indicator,LOW,0,13.64,nan,10.0,0.0,15.0,0.0,0.0,2026-12-08,-3.22,-3.9,0.0,0.0,-51.72,-6.92,-25.71,70.0,1,2026-06-11 to 2026-09-25 (74 days),-1.0,52.2,nan,nan,nan,NEUTRAL,LOW,Strong trend (ADX=49),-1.0,-1.0,1.0,37,2026-11-05,,0
2026-09-29T16:50:31,2026-09-29,CTRE,HOLD,0,VWAP Trend,MEDIUM,3,13.52,nan,2.0,0.0,4.0,0.0,0.0,2026-09-30,0.66,1.24,60.0,1.73,5.56,-4.39,-2.9,1.9,10,2026-06-11 to 2026-09-25 (74 days),-1.0,35.5,nan,nan,nan,NEUTRAL,LOW,Strong trend (ADX=37),-1.0,-1.0,1.0,41,2026-11-09,,0
2026-09-29T16:50:57,2026-09-29,KNF,HOLD,0,MACD Crossover,LOW,1,13.46,nan,9.14,0.0,13.71,0.0,0.0,2026-10-09,-0.27,-0.36,75.0,0.89,-11.4,56.59,-22.86,10.5,4,2026-06-11 to 2026-09-25 (74 days),-1.0,35.3,nan,nan,nan,NEUTRAL,LOW,Strong trend (ADX=65),-1.0,-1.0,1.0,35,2026-11-03,,0
2026-09-29T16:48:44,2026-09-29,AZO,HOLD,0,ADX Trend Following,LOW,0,13.41,nan,5.3,0.0,7.95,0.0,0.0,2026-10-25,-0.79,-1.01,33.3,0.13,-20.96,0.61,-13.24,26.3,3,2026-06-11 to 2026-09-25 (74 days),-1.0,45.2,nan,nan,nan,NEUTRAL,LOW,Last surprise: +4.0%,-1.0,-1.0,1.0,70,2026-12-08,4.01,0
2026-09-29T16:49:18,2026-09-29,HUBB,HOLD,0,VWAP Trend,LOW,1,13.38,465.72,3.95,0.0,3.44,0.0,0.0,2026-10-02,-0.68,-0.86,57.1,0.73,-15.32,-13.76,-13.46,3.1,7,2026-06-11 to 2026-09-28 (75 days),-1.0,52.7,0.2483,473.09,484.97,BEARISH,MEDIUM,Last surprise: +2.4%,7.0,-1.0,1.0,28,2026-10-27,2.41,0
2026-09-29T16:50:37,2026-09-29,STAG,HOLD,0,Stochastic Oscillator,LOW,0,13.37,nan,2.0,0.0,3.0,0.0,0.0,2026-10-29,-0.69,-0.94,0.0,0.0,-4.67,2.77,-4.57,30.0,1,2026-06-11 to 2026-09-25 (74 days),-1.0,42.6,nan,nan,nan,NEUTRAL,LOW,High volume,-1.0,-1.0,1.0,29,2026-10-28,,0
2026-09-29T16:50:52,2026-09-29,UFPI,HOLD,0,ADX Trend Following,LOW,0,13.26,nan,4.36,0.0,6.54,0.0,0.0,2026-10-14,-0.4,-0.62,33.3,0.2,-11.78,5.84,-10.89,15.0,3,2026-06-11 to 2026-09-25 (74 days),-1.0,40.4,nan,nan,nan,NEUTRAL,LOW,No special conditions,-1.0,-1.0,1.0,27,2026-10-26,,0
2026-09-29T16:50:24,2026-09-29,FNF,BUY,1,ADX Trend Following,HIGH,4,13.21,nan,2.58,nan,5.16,nan,10.0,2026-10-22,1.08,1.9,100.0,63.91,22.91,56.0,-6.45,23.5,2,2026-06-11 to 2026-09-25 (74 days),0.353,28.5,nan,nan,nan,NEUTRAL,LOW,RSI oversold; Strong trend (ADX=61),-1.0,-1.0,1.0,37,2026-11-05,,0
2026-09-29T16:49:09,2026-09-29,FITB,HOLD,0,VWAP Trend,LOW,1,13.15,nan,2.12,0.0,3.18,0.0,0.0,2026-10-01,0.03,0.03,70.0,1.16,-0.33,5.68,-5.3,2.1,10,2026-06-11 to 2026-09-25 (74 days),-1.0,37.8,nan,nan,nan,NEUTRAL,LOW,Strong trend (ADX=39); Last surprise: -1.2%,-1.0,-1.0,1.0,20,2026-10-19,-1.19,0
2026-09-29T16:49:08,2026-09-29,FERG,HOLD,0,MACD Crossover,LOW,0,12.85,nan,3.0,0.0,4.5,0.0,0.0,2026-10-05,-0.41,-0.56,25.0,0.38,-7.61,-1.02,-7.51,6.8,4,2026-06-11 to 2026-09-25 (74 days),-1.0,47.2,nan,nan,nan,NEUTRAL,LOW,Last surprise: +2.7%,-1.0,-1.0,1.0,41,2026-11-09,2.73,0
2026-09-29T16:50:49,2026-09-29,HRB,HOLD,0,Momentum (Rate of Change),HIGH,4,12.76,nan,6.16,0.0,12.32,0.0,0.0,2026-12-02,1.41,2.55,100.0,179.72,70.2,-10.12,-15.39,64.0,1,2026-06-11 to 2026-09-25 (74 days),-1.0,30.2,nan,nan,nan,NEUTRAL,LOW,Strong trend (ADX=42),-1.0,-1.0,1.0,37,2026-11-05,,0
2026-09-29T16:50:05,2026-09-29,WY,HOLD,1,ADX Trend Following,LOW,1,12.54,nan,3.31,nan,4.96,nan,0.0,2026-10-04,-1.84,-2.43,25.0,0.23,-21.13,26.31,-8.28,5.0,4,2026-06-11 to 2026-09-25 (74 days),-1.0,23.6,nan,nan,nan,NEUTRAL,LOW,RSI oversold; Strong trend (ADX=72); Last surprise: +62.5%; Earnings conf adj: +1,-1.0,-1.0,1.0,30,2026-10-29,62.5,1
2026-09-29T16:49:26,2026-09-29,LEN,HOLD,0,MACD Crossover,LOW,0,12.46,nan,4.69,0.0,7.04,0.0,0.0,2026-10-12,-1.36,-1.79,33.3,0.07,-28.79,9.29,-11.73,13.7,3,2026-06-11 to 2026-09-25 (74 days),-1.0,50.2,nan,nan,nan,NEUTRAL,LOW,Last surprise: -4.7%,-1.0,-1.0,1.0,77,2026-12-15,-4.65,0
2026-09-29T16:50:55,2026-09-29,AVNT,HOLD,0,MACD Crossover,HIGH,4,12.42,nan,2.48,0.0,4.96,0.0,0.0,2026-10-09,2.24,7.1,100.0,193.9,84.07,23.81,-6.21,10.5,2,2026-06-11 to 2026-09-25 (74 days),-1.0,48.0,nan,nan,nan,NEUTRAL,LOW,No special conditions,-1.0,-1.0,1.0,41,2026-11-09,,0
2026-09-29T16:50:15,2026-09-29,TLN,HOLD,0,Composite Multi-Indicator,LOW,0,12.32,nan,10.0,0.0,15.0,0.0,0.0,2026-12-30,-2.04,-2.41,0.0,0.0,-66.43,-31.48,-32.37,92.0,1,2026-06-11 to 2026-09-25 (74 days),-1.0,47.7,nan,nan,nan,NEUTRAL,LOW,No special conditions,-1.0,-1.0,1.0,36,2026-11-04,,0
2026-09-29T16:50:26,2026-09-29,DCI,HOLD,0,MACD Crossover,HIGH,4,12.32,nan,2.0,0.0,4.0,0.0,0.0,2026-10-12,1.65,2.62,100.0,56.97,19.92,8.84,-3.0,13.5,2,2026-06-11 to 2026-09-25 (74 days),-1.0,41.4,nan,nan,nan,NEUTRAL,LOW,Strong trend (ADX=37),-1.0,-1.0,1.0,-1,,,0
2026-09-29T16:50:54,2026-09-29,LOPE,HOLD,0,Stochastic Oscillator,HIGH,4,12.22,nan,4.39,0.0,6.58,0.0,0.0,2026-11-03,1.99,3.24,100.0,160.22,66.96,77.28,-10.97,35.0,2,2026-06-11 to 2026-09-25 (74 days),-1.0,44.2,nan,nan,nan,NEUTRAL,LOW,No special conditions,-1.0,-1.0,1.0,36,2026-11-04,,0
2026-09-29T16:49:59,2026-09-29,UNP,HOLD,0,VWAP Trend,LOW,1,11.85,nan,2.77,0.0,4.16,0.0,0.0,2026-10-01,-2.43,-2.79,28.6,0.3,-17.71,-26.71,-6.93,2.7,7,2026-06-11 to 2026-09-25 (74 days),-1.0,33.5,nan,nan,nan,NEUTRAL,LOW,Strong trend (ADX=54); Last surprise: +5.2%; Earnings conf adj: +1,-1.0,-1.0,1.0,23,2026-10-22,5.25,1
2026-09-29T16:50:54,2026-09-29,KRC,HOLD,0,VWAP Trend,LOW,1,11.81,nan,2.0,0.0,3.0,0.0,0.0,2026-10-01,-0.17,-0.23,62.5,1.12,-1.63,29.63,-3.08,2.1,8,2026-06-11 to 2026-09-25 (74 days),-1.0,35.0,nan,nan,nan,NEUTRAL,LOW,Strong trend (ADX=41),-1.0,-1.0,1.0,23,2026-10-22,,0
2026-09-29T16:50:11,2026-09-29,TOST,HOLD,0,VWAP Trend,HIGH,4,11.59,nan,3.18,0.0,6.36,0.0,0.0,2026-10-08,2.8,5.41,60.0,6.08,102.84,-6.92,-7.94,9.0,5,2026-06-11 to 2026-09-25 (74 days),-1.0,39.8,nan,nan,nan,NEUTRAL,LOW,Strong trend (ADX=37),-1.0,-1.0,1.0,35,2026-11-03,,0
2026-09-29T16:48:55,2026-09-29,COST,HOLD,0,Stochastic Oscillator,LOW,0,11.57,nan,3.3,0.0,4.95,0.0,0.0,2026-12-26,-0.38,-0.54,0.0,0.0,-8.57,8.49,-8.24,88.0,1,2026-06-11 to 2026-09-25 (74 days),-1.0,52.3,nan,nan,nan,NEUTRAL,LOW,Last surprise: +3.4%,-1.0,-1.0,1.0,72,2026-12-10,3.37,0
2026-09-29T16:49:52,2026-09-29,STX,HOLD,-1,ADX Trend Following,LOW,1,11.57,nan,8.96,nan,13.44,nan,0.0,2026-10-29,-0.06,-0.08,50.0,0.68,-14.02,-35.41,-22.41,30.5,2,2026-06-11 to 2026-09-25 (74 days),-1.0,58.6,nan,nan,nan,NEUTRAL,LOW,Last surprise: +12.2%; Earnings conf adj: +1,-1.0,-1.0,1.0,28,2026-10-27,12.18,1
2026-09-29T16:49:27,2026-09-29,LMT,HOLD,0,MACD Crossover,LOW,1,11.48,nan,3.72,0.0,5.58,0.0,0.0,2026-10-13,-1.98,-2.43,33.3,0.04,-27.28,-11.9,-9.31,14.3,3,2026-06-11 to 2026-09-25 (74 days),-1.0,37.5,nan,nan,nan,NEUTRAL,LOW,Strong trend (ADX=46); Last surprise: +10.3%; Earnings conf adj: +1,-1.0,-1.0,1.0,21,2026-10-20,10.28,1
2026-09-29T16:49:24,2026-09-29,KKR,HOLD,0,MACD Crossover,HIGH,5,11.41,nan,2.87,0.0,5.74,0.0,0.0,2026-10-20,1.43,2.42,100.0,111.79,43.97,38.23,-7.18,21.0,2,2026-06-11 to 2026-09-25 (74 days),-1.0,38.8,nan,nan,nan,NEUTRAL,LOW,High volume; Strong trend (ADX=45); Last surprise: +14.0%; Earnings conf adj: +1,-1.0,-1.0,1.0,37,2026-11-05,13.99,1
2026-09-29T16:50:19,2026-09-29,FIVE,HOLD,0,52-Week High Momentum,MEDIUM,2,11.38,nan,4.06,0.0,8.12,0.0,0.0,2026-11-05,-0.37,-0.56,100.0,8.86,-11.75,-51.65,-10.16,37.0,1,2026-06-11 to 2026-09-25 (74 days),-1.0,38.3,nan,nan,nan,NEUTRAL,LOW,Strong trend (ADX=34),-1.0,-1.0,1.0,64,2026-12-02,,0
2026-09-29T16:50:47,2026-09-29,SHC,HOLD,0,VWAP Trend,HIGH,4,11.35,nan,2.0,0.0,4.0,0.0,0.0,2026-10-01,1.51,3.08,61.5,2.24,12.75,-34.66,-2.44,2.0,13,2026-06-11 to 2026-09-25 (74 days),-1.0,44.2,nan,nan,nan,NEUTRAL,LOW,No special conditions,-1.0,-1.0,1.0,35,2026-11-03,,0
2026-09-29T16:50:47,2026-09-29,MUR,HOLD,0,Stochastic Oscillator,HIGH,4,11.27,nan,5.01,0.0,7.52,0.0,0.0,2026-10-20,1.52,2.54,66.7,5.81,54.27,69.42,-12.52,21.7,3,2026-06-11 to 2026-09-25 (74 days),-1.0,47.4,nan,nan,nan,NEUTRAL,LOW,No special conditions,-1.0,-1.0,1.0,36,2026-11-04,,0
2026-09-29T16:49:18,2026-09-29,IBM,HOLD,0,Stochastic Oscillator,HIGH,4,11.25,nan,2.0,0.0,3.0,0.0,0.0,2026-10-09,2.41,5.49,66.7,5.86,59.48,107.71,-5.0,10.3,3,2026-06-11 to 2026-09-25 (74 days),-1.0,41.3,nan,nan,nan,NEUTRAL,LOW,Last surprise: +0.0%,-1.0,-1.0,1.0,22,2026-10-21,0.0,0
2026-09-29T16:49:47,2026-09-29,RJF,HOLD,0,EMA Crossover (9/21),HIGH,5,11.17,nan,2.44,0.0,4.88,0.0,0.0,2026-11-11,1.51,2.45,100.0,90.53,34.62,9.69,-6.1,43.5,2,2026-06-11 to 2026-09-25 (74 days),-1.0,32.3,nan,nan,nan,NEUTRAL,LOW,Strong trend (ADX=55); Last surprise: +7.9%; Earnings conf adj: +1,-1.0,-1.0,1.0,29,2026-10-28,7.9,1
2026-09-29T16:49:27,2026-09-29,LNT,HOLD,0,VWAP Trend,MEDIUM,2,11.11,nan,2.0,0.0,4.0,0.0,0.0,2026-10-01,-0.34,-0.49,55.6,1.15,-2.11,32.95,-3.09,2.0,9,2026-06-11 to 2026-09-25 (74 days),-1.0,25.4,nan,nan,nan,NEUTRAL,LOW,RSI oversold; High volume; Strong trend (ADX=57); Last surprise: +12.1%; Earnings conf adj: +1,-1.0,-1.0,1.0,37,2026-11-05,12.07,1
2026-09-29T16:49:36,2026-09-29,NOW,HOLD,0,Donchian Breakout (20/55),MEDIUM,3,10.99,nan,4.56,0.0,9.12,0.0,0.0,2026-11-14,0.73,1.34,100.0,63.19,23.1,-134.72,-11.41,46.0,1,2026-06-11 to 2026-09-25 (74 days),-1.0,51.6,nan,nan,nan,NEUTRAL,LOW,Last surprise: +4.7%,-1.0,-1.0,1.0,29,2026-10-28,4.65,0
2026-09-29T16:49:41,2026-09-29,PAYX,BUY,1,ADX Trend Following,HIGH,4,10.94,nan,3.96,nan,7.92,nan,10.0,2026-11-07,1.36,2.07,100.0,100.01,38.05,26.64,-9.89,39.0,2,2026-06-11 to 2026-09-25 (74 days),0.337,22.1,nan,nan,nan,NEUTRAL,LOW,RSI oversold; Strong trend (ADX=45); Last surprise: +1.5%,-1.0,-1.0,1.0,80,2026-12-18,1.52,0
2026-09-29T16:49:43,2026-09-29,PKG,HOLD,1,ADX Trend Following,LOW,0,10.94,nan,2.68,nan,4.02,nan,0.0,2026-10-08,-1.2,-1.73,25.0,0.37,-11.51,-38.16,-6.71,9.0,4,2026-06-11 to 2026-09-25 (74 days),-1.0,49.8,nan,nan,nan,NEUTRAL,LOW,Last surprise: +1.7%,-1.0,-1.0,1.0,22,2026-10-21,1.73,0
2026-09-29T16:50:58,2026-09-29,FOUR,HOLD,0,VWAP Trend,HIGH,4,10.88,nan,6.52,0.0,13.04,0.0,0.0,2026-10-05,1.66,2.87,58.3,2.23,120.62,129.1,-16.3,6.5,12,2026-06-11 to 2026-09-25 (74 days),-1.0,37.4,nan,nan,nan,NEUTRAL,LOW,No special conditions,-1.0,-1.0,1.0,37,2026-11-05,,0
2026-09-29T16:49:07,2026-09-29,FDS,HOLD,0,VWAP Trend,MEDIUM,2,10.83,nan,4.9,0.0,9.8,0.0,0.0,2026-10-03,1.27,2.21,63.6,1.8,56.81,-9.29,-12.25,4.5,11,2026-06-11 to 2026-09-25 (74 days),-1.0,44.5,nan,nan,nan,NEUTRAL,LOW,Earnings in 1d (2026-09-30); Last surprise: +1.8%; Earnings conf adj: -2,-1.0,-1.0,1.0,1,2026-09-30,1.8,-2
2026-09-29T16:48:36,2026-09-29,ACGL,HOLD,0,ADX Trend Following,HIGH,4,10.8,nan,2.27,0.0,4.54,0.0,0.0,2026-10-20,1.47,2.45,100.0,76.76,28.7,14.68,-5.68,21.0,2,2026-06-11 to 2026-09-25 (74 days),-1.0,36.8,nan,nan,nan,NEUTRAL,LOW,Last surprise: +4.1%,-1.0,-1.0,1.0,28,2026-10-27,4.07,0
2026-09-29T16:49:19,2026-09-29,IDXX,HOLD,0,VWAP Trend,HIGH,5,10.64,nan,2.23,0.0,4.46,0.0,0.0,2026-10-04,1.32,2.02,60.0,2.35,29.58,51.53,-5.58,5.6,10,2026-06-11 to 2026-09-25 (74 days),-1.0,44.5,nan,nan,nan,NEUTRAL,LOW,Strong trend (ADX=32); Last surprise: +8.7%; Earnings conf adj: +1,-1.0,-1.0,1.0,34,2026-11-02,8.65,1
2026-09-29T16:49:44,2026-09-29,PSA,HOLD,0,VWAP Trend,LOW,1,10.62,nan,2.0,0.0,3.0,0.0,0.0,2026-09-30,-0.16,-0.21,58.3,1.08,-2.88,26.46,-3.74,1.8,12,2026-06-11 to 2026-09-25 (74 days),-1.0,36.3,nan,nan,nan,NEUTRAL,LOW,Strong trend (ADX=31); Last surprise: -3.2%,-1.0,-1.0,1.0,29,2026-10-28,-3.16,0
2026-09-29T16:50:17,2026-09-29,ULS,HOLD,0,VWAP Trend,LOW,0,10.57,nan,6.21,0.0,9.32,0.0,0.0,2026-10-01,-2.43,-2.62,37.5,0.23,-41.24,33.34,-15.53,2.9,8,2026-06-11 to 2026-09-25 (74 days),-1.0,31.9,nan,nan,nan,NEUTRAL,LOW,Strong trend (ADX=58),-1.0,-1.0,1.0,35,2026-11-03,,0
2026-09-29T16:50:36,2026-09-29,KNSL,HOLD,0,EMA Crossover (9/21),HIGH,4,10.47,nan,3.97,0.0,7.94,0.0,0.0,2026-11-05,1.42,2.11,100.0,123.08,49.52,25.43,-9.93,37.0,2,2026-06-11 to 2026-09-25 (74 days),-1.0,29.5,nan,nan,nan,NEUTRAL,LOW,RSI oversold; Strong trend (ADX=32),-1.0,-1.0,1.0,23,2026-10-22,,0
2026-09-29T16:50:29,2026-09-29,FLS,EXIT,-1,VWAP Trend,HIGH,4,10.43,nan,2.14,nan,4.28,nan,10.0,2026-09-30,1.68,3.8,60.0,2.28,35.0,51.01,-5.34,1.5,10,2026-06-11 to 2026-09-25 (74 days),-1.0,44.9,nan,nan,nan,NEUTRAL,LOW,No special conditions,-1.0,-1.0,1.0,28,2026-10-27,,0
2026-09-29T16:48:42,2026-09-29,APP,HOLD,0,ADX Trend Following,LOW,0,10.42,nan,7.53,0.0,11.3,0.0,0.0,2026-10-05,-1.16,-1.29,33.3,0.51,-30.35,47.13,-18.82,6.0,3,2026-06-11 to 2026-09-25 (74 days),-1.0,42.6,nan,nan,nan,NEUTRAL,LOW,Last surprise: +0.5%,-1.0,-1.0,1.0,36,2026-11-04,0.53,0
2026-09-29T16:50:53,2026-09-29,SLM,BUY,1,SMA Crossover (10/50),HIGH,4,10.42,nan,4.16,nan,8.32,nan,10.0,2026-11-15,1.47,2.36,100.0,121.25,48.42,20.5,-10.41,47.0,2,2026-06-11 to 2026-09-25 (74 days),0.155,35.3,nan,nan,nan,NEUTRAL,LOW,Strong trend (ADX=42),-1.0,-1.0,1.0,23,2026-10-22,,0
2026-09-29T16:48:36,2026-09-29,ADBE,HOLD,0,MACD Crossover,HIGH,4,10.31,nan,4.23,0.0,8.46,0.0,0.0,2026-10-19,1.38,2.15,66.7,2.83,58.67,29.82,-10.57,20.0,3,2026-06-11 to 2026-09-25 (74 days),-1.0,36.6,nan,nan,nan,NEUTRAL,LOW,Strong trend (ADX=41); Last surprise: +0.7%,-1.0,-1.0,1.0,71,2026-12-09,0.66,0
2026-09-29T16:49:36,2026-09-29,NI,HOLD,0,Composite Multi-Indicator,LOW,0,9.85,nan,7.9,0.0,11.85,0.0,0.0,2027-01-06,-3.28,-3.94,0.0,0.0,-45.66,-3.01,-19.76,99.0,1,2026-06-11 to 2026-09-25 (74 days),-1.0,31.3,nan,nan,nan,NEUTRAL,LOW,Strong trend (ADX=46); Last surprise: +0.0%,-1.0,-1.0,1.0,29,2026-10-28,0.0,0
2026-09-29T16:49:54,2026-09-29,TDG,HOLD,0,MACD Crossover,MEDIUM,2,9.75,nan,2.89,0.0,5.78,0.0,0.0,2026-10-09,0.35,0.5,50.0,1.71,4.11,37.86,-7.22,10.5,4,2026-06-11 to 2026-09-25 (74 days),-1.0,41.5,nan,nan,nan,NEUTRAL,LOW,Strong trend (ADX=35); Last surprise: +5.7%; Earnings conf adj: +1,-1.0,-1.0,1.0,37,2026-11-05,5.74,1
2026-09-29T16:50:02,2026-09-29,VTR,BUY,1,ADX Trend Following,HIGH,5,9.72,nan,5.4,nan,10.8,nan,10.0,2026-11-02,1.72,2.33,100.0,116.12,45.79,31.96,-13.5,34.5,2,2026-06-11 to 2026-09-25 (74 days),0.647,33.2,nan,nan,nan,NEUTRAL,LOW,Last surprise: +54.5%; Earnings conf adj: +1,-1.0,-1.0,1.0,28,2026-10-27,54.55,1
2026-09-29T16:50:25,2026-09-29,SF,BUY,1,ADX Trend Following,MEDIUM,3,9.69,nan,4.02,nan,8.04,nan,10.0,2026-11-03,0.88,1.28,100.0,45.88,16.13,19.72,-10.05,35.5,2,2026-06-11 to 2026-09-25 (74 days),0.278,23.7,nan,nan,nan,NEUTRAL,LOW,RSI oversold; High volume; Strong trend (ADX=64),-1.0,-1.0,1.0,22,2026-10-21,,0
2026-09-29T16:48:45,2026-09-29,BALL,HOLD,0,VWAP Trend,MEDIUM,2,9.68,nan,2.0,0.0,4.0,0.0,0.0,2026-09-30,0.59,1.0,54.5,1.57,5.46,1.29,-4.58,1.6,11,2026-06-11 to 2026-09-25 (74 days),-1.0,27.0,nan,nan,nan,NEUTRAL,LOW,RSI oversold; Strong trend (ADX=33); Last surprise: +4.0%,-1.0,-1.0,1.0,35,2026-11-03,4.04,0
2026-09-29T16:50:39,2026-09-29,LAD,HOLD,0,Momentum (Rate of Change),MEDIUM,3,9.68,nan,5.51,0.0,11.02,0.0,0.0,2026-10-21,1.02,2.33,50.0,3.31,42.84,37.95,-13.78,22.0,2,2026-06-11 to 2026-09-25 (74 days),-1.0,32.6,nan,nan,nan,NEUTRAL,LOW,Strong trend (ADX=48),-1.0,-1.0,1.0,22,2026-10-21,,0
2026-09-29T16:49:50,2026-09-29,SNA,HOLD,0,VWAP Trend,HIGH,4,9.53,nan,2.0,0.0,4.0,0.0,0.0,2026-09-30,1.09,1.88,55.6,2.47,11.71,23.05,-3.55,1.8,9,2026-06-11 to 2026-09-25 (74 days),-1.0,31.9,nan,nan,nan,NEUTRAL,LOW,Last surprise: +0.2%,-1.0,-1.0,1.0,16,2026-10-15,0.2,0
2026-09-29T16:50:20,2026-09-29,AIT,HOLD,0,MACD Crossover,MEDIUM,3,9.47,nan,2.0,0.0,4.0,0.0,0.0,2026-10-08,0.84,1.1,66.7,1.95,10.11,-7.06,-4.28,9.3,3,2026-06-11 to 2026-09-25 (74 days),-1.0,54.7,nan,nan,nan,NEUTRAL,LOW,Strong trend (ADX=38),-1.0,-1.0,1.0,28,2026-10-27,,0
2026-09-29T16:48:55,2026-09-29,CPRT,HOLD,0,MACD Crossover,MEDIUM,3,9.34,nan,2.53,0.0,5.06,0.0,0.0,2026-10-14,1.55,3.4,66.7,3.34,51.03,84.6,-6.32,15.0,3,2026-06-11 to 2026-09-25 (74 days),-1.0,31.7,nan,nan,nan,NEUTRAL,LOW,Strong trend (ADX=54); Last surprise: -7.9%; Earnings conf adj: -1,-1.0,-1.0,1.0,51,2026-11-19,-7.89,-1
2026-09-29T16:50:42,2026-09-29,INGR,HOLD,0,MACD Crossover,MEDIUM,2,9.34,nan,2.0,0.0,4.0,0.0,0.0,2026-10-24,0.29,0.46,100.0,11.41,2.92,13.88,-3.5,25.0,2,2026-06-11 to 2026-09-25 (74 days),-1.0,33.9,nan,nan,nan,NEUTRAL,LOW,Strong trend (ADX=42),-1.0,-1.0,1.0,35,2026-11-03,,0
2026-09-29T16:50:56,2026-09-29,OLED,BUY,1,ADX Trend Following,MEDIUM,3,9.25,nan,4.41,nan,8.82,nan,10.0,2026-10-07,0.84,1.83,66.7,1.72,18.32,56.17,-11.02,8.0,3,2026-06-11 to 2026-09-25 (74 days),0.476,44.2,nan,nan,nan,NEUTRAL,LOW,No special conditions,-1.0,-1.0,1.0,37,2026-11-05,,0
2026-09-29T16:50:25,2026-09-29,SCI,HOLD,0,MACD Crossover,MEDIUM,3,9.17,nan,2.12,0.0,4.24,0.0,0.0,2026-10-28,0.92,1.47,100.0,46.7,16.4,-8.11,-5.31,29.5,2,2026-06-11 to 2026-09-25 (74 days),-1.0,37.9,nan,nan,nan,NEUTRAL,LOW,No special conditions,-1.0,-1.0,1.0,29,2026-10-28,,0
2026-09-29T16:50:14,2026-09-29,RBA,HOLD,0,ADX Trend Following,MEDIUM,3,9.14,nan,2.0,0.0,4.0,0.0,0.0,2026-10-07,0.79,1.28,66.7,7.92,11.24,68.75,-3.23,8.3,3,2026-06-11 to 2026-09-25 (74 days),-1.0,38.5,nan,nan,nan,NEUTRAL,LOW,No special conditions,-1.0,-1.0,1.0,37,2026-11-05,,0
2026-09-29T16:50:53,2026-09-29,NWE,HOLD,0,Stochastic Oscillator,LOW,0,9.14,nan,2.12,0.0,3.18,0.0,0.0,2026-11-20,-0.18,-0.27,0.0,0.0,-3.17,-6.64,-5.29,52.0,1,2026-06-11 to 2026-09-25 (74 days),-1.0,46.1,nan,nan,nan,NEUTRAL,LOW,No special conditions,-1.0,-1.0,1.0,29,2026-10-28,,0
2026-09-29T16:49:59,2026-09-29,UNH,HOLD,0,MACD Crossover,MEDIUM,2,9.09,nan,2.18,0.0,4.36,0.0,0.0,2026-10-04,0.26,0.4,80.0,1.39,2.43,21.77,-5.45,5.6,5,2026-06-11 to 2026-09-25 (74 days),-1.0,41.3,nan,nan,nan,NEUTRAL,LOW,Strong trend (ADX=45); Last surprise: +29.7%; Earnings conf adj: +1,-1.0,-1.0,1.0,14,2026-10-13,29.67,1
2026-09-29T16:48:52,2026-09-29,CINF,HOLD,0,VWAP Trend,LOW,0,9.07,nan,2.72,0.0,4.08,0.0,0.0,2026-10-01,-1.15,-1.45,55.6,0.63,-12.38,-4.53,-6.81,2.2,9,2026-06-11 to 2026-09-25 (74 days),-1.0,31.3,nan,nan,nan,NEUTRAL,LOW,Last surprise: -21.4%; Earnings conf adj: -1,-1.0,-1.0,1.0,27,2026-10-26,-21.43,-1
2026-09-29T16:49:15,2026-09-29,HAS,HOLD,0,VWAP Trend,LOW,1,9.07,nan,3.88,0.0,5.82,0.0,0.0,2026-09-30,-3.35,-3.6,25.0,0.28,-25.42,-47.49,-9.69,1.4,8,2026-06-11 to 2026-09-25 (74 days),-1.0,41.8,nan,nan,nan,NEUTRAL,LOW,Last surprise: +13.3%; Earnings conf adj: +1,-1.0,-1.0,1.0,23,2026-10-22,13.27,1
2026-09-29T16:49:24,2026-09-29,KLAC,HOLD,0,Stochastic Oscillator,LOW,1,9.07,nan,10.0,0.0,15.0,0.0,0.0,2026-11-02,-0.46,-0.63,50.0,0.21,-27.24,30.33,-26.49,34.5,2,2026-06-11 to 2026-09-25 (74 days),-1.0,54.2,nan,nan,nan,NEUTRAL,LOW,Last surprise: +5.0%; Earnings conf adj: +1,-1.0,-1.0,1.0,29,2026-10-28,5.0,1
2026-09-29T16:50:57,2026-09-29,ASH,HOLD,0,MACD Crossover,MEDIUM,3,9.0,nan,2.0,0.0,4.0,0.0,0.0,2026-10-08,0.82,1.84,100.0,30.18,9.74,-12.52,-4.05,9.5,2,2026-06-11 to 2026-09-25 (74 days),-1.0,39.7,nan,nan,nan,NEUTRAL,LOW,Strong trend (ADX=33),-1.0,-1.0,1.0,35,2026-11-03,,0
2026-09-29T16:49:04,2026-09-29,EOG,HOLD,0,Stochastic Oscillator,MEDIUM,3,8.91,nan,2.0,0.0,3.0,0.0,0.0,2026-10-04,1.75,3.4,50.0,3.72,14.82,1.98,-2.15,5.5,2,2026-06-11 to 2026-09-25 (74 days),-1.0,42.7,nan,nan,nan,NEUTRAL,LOW,Last surprise: +2.0%,-1.0,-1.0,1.0,37,2026-11-05,2.01,0
2026-09-29T16:50:35,2026-09-29,ATR,HOLD,0,MACD Crossover,MEDIUM,3,8.83,nan,2.0,0.0,4.0,0.0,0.0,2026-10-10,0.71,1.45,100.0,29.04,9.29,-15.51,-4.33,11.5,2,2026-06-11 to 2026-09-25 (74 days),-1.0,38.8,nan,nan,nan,NEUTRAL,LOW,Strong trend (ADX=37),-1.0,-1.0,1.0,30,2026-10-29,,0
2026-09-29T16:50:01,2026-09-29,VST,HOLD,0,Stochastic Oscillator,LOW,0,8.81,nan,5.2,0.0,7.8,0.0,0.0,2026-11-09,-0.06,-0.08,0.0,0.0,-4.64,11.96,-13.01,41.0,1,2026-06-11 to 2026-09-25 (74 days),-1.0,42.8,nan,nan,nan,NEUTRAL,LOW,Last surprise: -53.4%; Earnings conf adj: -1,-1.0,-1.0,1.0,37,2026-11-05,-53.37,-1
2026-09-29T16:49:11,2026-09-29,GD,HOLD,0,MACD Crossover,LOW,1,8.68,nan,3.38,0.0,5.07,0.0,0.0,2026-10-10,-1.75,-2.02,25.0,0.05,-20.11,-1.6,-8.46,11.2,4,2026-06-11 to 2026-09-25 (74 days),-1.0,23.2,nan,nan,nan,NEUTRAL,LOW,RSI oversold; Strong trend (ADX=71); Last surprise: +6.8%; Earnings conf adj: +1,-1.0,-1.0,1.0,29,2026-10-28,6.8,1
2026-09-29T16:50:04,2026-09-29,WM,HOLD,0,Momentum (Rate of Change),MEDIUM,2,8.4,nan,3.04,0.0,6.08,0.0,0.0,2026-10-19,0.24,0.38,100.0,20.99,2.76,19.14,-7.6,20.0,2,2026-06-11 to 2026-09-25 (74 days),-1.0,30.0,nan,nan,nan,NEUTRAL,LOW,RSI oversold; Last surprise: +2.0%,-1.0,-1.0,1.0,28,2026-10-27,2.02,0
2026-09-29T16:50:15,2026-09-29,NBIX,HOLD,0,VWAP Trend,LOW,0,8.16,nan,2.0,0.0,3.0,0.0,0.0,2026-09-30,0.14,0.22,40.0,1.25,0.77,43.57,-3.87,1.7,10,2026-06-11 to 2026-09-25 (74 days),-1.0,25.6,nan,nan,nan,NEUTRAL,LOW,RSI oversold; Strong trend (ADX=46),-1.0,-1.0,1.0,29,2026-10-28,,0
2026-09-29T16:48:45,2026-09-29,BAX,HOLD,0,MACD Crossover,HIGH,4,8.13,nan,3.48,0.0,6.96,0.0,0.0,2026-10-18,0.95,1.71,100.0,71.87,26.21,-31.46,-8.7,19.5,2,2026-06-11 to 2026-09-25 (74 days),-1.0,38.3,nan,nan,nan,NEUTRAL,LOW,Strong trend (ADX=32); Last surprise: +51.4%; Earnings conf adj: +1,-1.0,-1.0,1.0,30,2026-10-29,51.35,1
2026-09-29T16:48:39,2026-09-29,ALL,HOLD,0,MACD Crossover,LOW,1,8.08,nan,2.0,0.0,3.0,0.0,0.0,2026-10-04,-1.2,-1.3,50.0,0.3,-8.01,-22.85,-4.31,5.5,2,2026-06-11 to 2026-09-25 (74 days),-1.0,28.0,nan,nan,nan,NEUTRAL,LOW,RSI oversold; Strong trend (ADX=44); Last surprise: +48.1%; Earnings conf adj: +1,-1.0,-1.0,1.0,36,2026-11-04,48.11,1
2026-09-29T16:49:39,2026-09-29,OKE,HOLD,0,MACD Crossover,LOW,1,7.99,nan,4.01,0.0,6.02,0.0,0.0,2026-10-14,-0.89,-1.23,25.0,0.48,-17.13,-19.03,-10.03,15.0,4,2026-06-11 to 2026-09-25 (74 days),-1.0,35.4,nan,nan,nan,NEUTRAL,LOW,Last surprise: +5.5%; Earnings conf adj: +1,-1.0,-1.0,1.0,28,2026-10-27,5.52,1
2026-09-29T16:50:29,2026-09-29,FCFS,HOLD,0,Momentum (Rate of Change),MEDIUM,2,7.97,nan,3.72,0.0,7.44,0.0,0.0,2026-10-28,0.71,1.24,50.0,5.85,18.09,18.9,-9.29,29.0,2,2026-06-11 to 2026-09-25 (74 days),-1.0,48.3,nan,nan,nan,NEUTRAL,LOW,No special conditions,-1.0,-1.0,1.0,23,2026-10-22,,0
2026-09-29T16:49:57,2026-09-29,TSCO,BUY,1,ADX Trend Following,MEDIUM,2,7.72,nan,2.0,nan,4.0,nan,10.0,2026-10-29,2.44,4.46,50.0,27.92,67.95,53.66,-5.01,30.5,2,2026-06-11 to 2026-09-25 (74 days),0.579,42.7,nan,nan,nan,NEUTRAL,LOW,Strong trend (ADX=42); Last surprise: -15.9%; Earnings conf adj: -1,-1.0,-1.0,1.0,23,2026-10-22,-15.85,-1
2026-09-29T16:50:25,2026-09-29,NYT,HOLD,0,Stochastic Oscillator,LOW,0,7.7,nan,7.28,0.0,10.92,0.0,0.0,2026-10-18,0.07,0.09,33.3,0.99,-3.14,36.74,-18.21,19.3,3,2026-06-11 to 2026-09-25 (74 days),-1.0,39.5,nan,nan,nan,NEUTRAL,LOW,Strong trend (ADX=36),-1.0,-1.0,1.0,36,2026-11-04,,0
2026-09-29T16:50:20,2026-09-29,BWXT,HOLD,0,Multi-Factor Momentum MR,HIGH,4,7.62,nan,2.0,0.0,4.0,0.0,0.0,2026-09-30,1.79,49.3,100.0,27.53,9.45,78.43,-0.1,1.0,1,2026-06-11 to 2026-09-25 (74 days),-1.0,29.7,nan,nan,nan,NEUTRAL,LOW,RSI oversold; Strong trend (ADX=36),-1.0,-1.0,1.0,34,2026-11-02,,0
2026-09-29T16:50:05,2026-09-29,WTW,HOLD,0,Composite Multi-Indicator,HIGH,5,7.54,nan,2.18,0.0,4.36,0.0,0.0,2026-12-06,4.35,11.87,100.0,362.96,189.95,136.81,-5.44,68.0,1,2026-06-11 to 2026-09-25 (74 days),-1.0,29.3,nan,nan,nan,NEUTRAL,LOW,RSI oversold; Strong trend (ADX=52); Last surprise: +7.7%; Earnings conf adj: +1,-1.0,-1.0,1.0,30,2026-10-29,7.72,1
2026-09-29T16:48:39,2026-09-29,AMAT,HOLD,0,Multi-Factor Momentum MR,LOW,0,7.29,nan,9.08,0.0,13.62,0.0,0.0,2026-10-20,0.12,0.2,0.0,0.0,-3.35,32.7,-22.69,21.0,1,2026-06-11 to 2026-09-25 (74 days),-1.0,55.7,nan,nan,nan,NEUTRAL,LOW,Last surprise: +3.2%,-1.0,-1.0,1.0,44,2026-11-12,3.24,0
2026-09-29T16:50:33,2026-09-29,PRI,HOLD,0,Composite Multi-Indicator,HIGH,4,7.29,nan,2.0,0.0,4.0,0.0,0.0,2026-11-03,3.38,8.12,100.0,122.68,48.53,51.29,-1.6,35.0,1,2026-06-11 to 2026-09-25 (74 days),-1.0,30.4,nan,nan,nan,NEUTRAL,LOW,Strong trend (ADX=37),-1.0,-1.0,1.0,36,2026-11-04,,0
2026-09-29T16:50:14,2026-09-29,FN,HOLD,0,VWAP Trend,LOW,1,7.11,nan,4.44,0.0,6.66,0.0,0.0,2026-09-30,0.47,0.75,66.7,1.29,9.17,77.48,-11.09,1.7,6,2026-06-11 to 2026-09-25 (74 days),-1.0,49.1,nan,nan,nan,NEUTRAL,LOW,No special conditions,-1.0,-1.0,1.0,34,2026-11-02,,0
2026-09-29T16:50:39,2026-09-29,DBX,HOLD,0,52-Week High Momentum,MEDIUM,2,7.07,nan,4.07,0.0,8.14,0.0,0.0,2026-11-24,0.17,0.26,100.0,25.7,0.81,-85.72,-10.17,56.0,1,2026-06-11 to 2026-09-25 (74 days),-1.0,37.7,nan,nan,nan,NEUTRAL,LOW,Strong trend (ADX=34),-1.0,-1.0,1.0,37,2026-11-05,,0
2026-09-29T16:50:47,2026-09-29,RLI,HOLD,0,Composite Multi-Indicator,HIGH,4,6.88,nan,2.86,0.0,5.72,0.0,0.0,2026-11-04,3.55,6.83,100.0,233.36,105.44,94.06,-7.15,36.0,1,2026-06-11 to 2026-09-25 (74 days),-1.0,23.7,nan,nan,nan,NEUTRAL,LOW,RSI oversold; Strong trend (ADX=47),-1.0,-1.0,1.0,20,2026-10-19,,0
2026-09-29T16:49:39,2026-09-29,ODFL,HOLD,0,Multi-Factor Momentum MR,HIGH,5,6.8,nan,2.0,0.0,4.0,0.0,0.0,2026-10-24,1.53,3.52,100.0,64.23,23.51,94.24,-3.29,25.0,1,2026-06-11 to 2026-09-25 (74 days),-1.0,28.9,nan,nan,nan,NEUTRAL,LOW,RSI oversold; Strong trend (ADX=62); Last surprise: +9.8%; Earnings conf adj: +1,-1.0,-1.0,1.0,29,2026-10-28,9.8,1
2026-09-29T16:50:51,2026-09-29,SR,HOLD,0,EMA Crossover (9/21),LOW,1,6.74,nan,2.0,0.0,3.0,0.0,0.0,2026-10-27,0.13,0.19,50.0,1.56,0.91,0.2,-4.47,28.5,2,2026-06-11 to 2026-09-25 (74 days),-1.0,35.8,nan,nan,nan,NEUTRAL,LOW,Strong trend (ADX=39),-1.0,-1.0,1.0,45,2026-11-13,,0
2026-09-29T16:48:38,2026-09-29,AJG,HOLD,0,Composite Multi-Indicator,HIGH,4,6.7,nan,2.91,0.0,5.82,0.0,0.0,2026-11-05,3.79,8.98,100.0,285.16,136.76,118.82,-7.28,37.0,1,2026-06-11 to 2026-09-25 (74 days),-1.0,36.9,nan,nan,nan,NEUTRAL,LOW,Strong trend (ADX=42); Last surprise: +1.1%,-1.0,-1.0,1.0,30,2026-10-29,1.07,0
2026-09-29T16:50:53,2026-09-29,LIVN,HOLD,0,VWAP Trend,LOW,0,6.56,nan,2.0,0.0,3.0,0.0,0.0,2026-09-30,-1.72,-1.81,33.3,0.37,-10.44,3.14,-4.51,1.4,9,2026-06-11 to 2026-09-25 (74 days),-1.0,41.9,nan,nan,nan,NEUTRAL,LOW,No special conditions,-1.0,-1.0,1.0,36,2026-11-04,,0
2026-09-29T16:49:16,2026-09-29,HIG,BUY,1,ADX Trend Following,HIGH,5,6.55,nan,2.0,nan,4.0,nan,10.0,2026-11-15,2.76,5.11,100.0,122.9,48.13,57.54,-4.46,47.0,1,2026-06-11 to 2026-09-25 (74 days),0.31,23.6,nan,nan,nan,NEUTRAL,LOW,RSI oversold; Strong trend (ADX=51); Last surprise: +8.9%; Earnings conf adj: +1,-1.0,-1.0,1.0,27,2026-10-26,8.92,1
2026-09-29T16:50:43,2026-09-29,SWX,BUY,1,ADX Trend Following,HIGH,4,6.48,nan,2.0,nan,4.0,nan,10.0,2026-10-13,1.11,1.84,66.7,4.95,12.24,30.53,-3.17,14.0,3,2026-06-11 to 2026-09-25 (74 days),0.409,29.7,nan,nan,nan,NEUTRAL,LOW,RSI oversold; Strong trend (ADX=50),-1.0,-1.0,1.0,36,2026-11-04,,0
2026-09-29T16:50:47,2026-09-29,EXLS,HOLD,0,VWAP Trend,MEDIUM,3,6.38,nan,2.75,0.0,5.5,0.0,0.0,2026-10-08,2.65,7.23,42.9,5.55,190.88,94.76,-6.88,9.1,7,2026-06-11 to 2026-09-25 (74 days),-1.0,44.8,nan,nan,nan,NEUTRAL,LOW,No special conditions,-1.0,-1.0,1.0,28,2026-10-27,,0
2026-09-29T16:50:37,2026-09-29,HQY,HOLD,0,Stochastic Oscillator,HIGH,4,6.37,nan,2.0,0.0,3.0,0.0,0.0,2026-10-13,2.38,8.88,100.0,117.53,40.76,43.49,-2.19,14.0,1,2026-06-11 to 2026-09-25 (74 days),-1.0,29.7,nan,nan,nan,NEUTRAL,LOW,RSI oversold; High volume; Strong trend (ADX=42),-1.0,-1.0,1.0,-1,,,0
2026-09-29T16:50:54,2026-09-29,CDP,HOLD,0,Composite Multi-Indicator,HIGH,4,6.34,nan,2.0,0.0,4.0,0.0,0.0,2026-10-24,3.48,9.96,100.0,124.59,47.36,48.58,-3.34,25.0,1,2026-06-11 to 2026-09-25 (74 days),-1.0,29.7,nan,nan,nan,NEUTRAL,LOW,RSI oversold; Strong trend (ADX=52),-1.0,-1.0,1.0,30,2026-10-29,,0
2026-09-29T16:48:54,2026-09-29,COO,HOLD,0,MACD Crossover,MEDIUM,3,6.23,nan,2.0,0.0,4.0,0.0,0.0,2026-10-16,0.77,1.28,100.0,19.48,6.15,55.68,-2.24,17.0,1,2026-06-11 to 2026-09-25 (74 days),-1.0,30.3,nan,nan,nan,NEUTRAL,LOW,Strong trend (ADX=65); Last surprise: +2.7%,-1.0,-1.0,1.0,-20,2026-09-09,2.68,0
2026-09-29T16:48:51,2026-09-29,CHTR,HOLD,0,MACD Crossover,HIGH,5,6.19,nan,3.45,0.0,6.9,0.0,0.0,2026-10-21,1.24,1.88,100.0,88.3,32.98,84.36,-8.62,22.0,1,2026-06-11 to 2026-09-25 (74 days),-1.0,29.8,nan,nan,nan,NEUTRAL,LOW,RSI oversold; Strong trend (ADX=47); Last surprise: +6.0%; Earnings conf adj: +1,-1.0,-1.0,1.0,31,2026-10-30,5.96,1
2026-09-29T16:48:49,2026-09-29,CASY,HOLD,0,MACD Crossover,HIGH,4,6.17,nan,2.36,0.0,4.72,0.0,0.0,2026-10-26,0.8,1.31,100.0,37.32,12.69,89.65,-5.89,27.0,1,2026-06-11 to 2026-09-25 (74 days),-1.0,27.5,nan,nan,nan,NEUTRAL,LOW,RSI oversold; Strong trend (ADX=52); Last surprise: +8.1%; Earnings conf adj: +1,-1.0,-1.0,1.0,70,2026-12-08,8.06,1
2026-09-29T16:49:01,2026-09-29,DPZ,HOLD,0,MACD Crossover,HIGH,4,6.11,nan,2.15,0.0,4.3,0.0,0.0,2026-11-09,1.9,3.71,100.0,133.95,53.21,70.3,-5.38,41.0,1,2026-06-11 to 2026-09-25 (74 days),-1.0,32.2,nan,nan,nan,NEUTRAL,LOW,Strong trend (ADX=49); Last surprise: -2.4%,-1.0,-1.0,1.0,14,2026-10-13,-2.4,0
2026-09-29T16:49:22,2026-09-29,J,HOLD,0,Composite Multi-Indicator,HIGH,4,5.98,nan,2.24,0.0,4.48,0.0,0.0,2026-11-28,4.12,7.42,100.0,266.45,125.08,86.92,-5.59,60.0,1,2026-06-11 to 2026-09-25 (74 days),-1.0,40.6,nan,nan,nan,NEUTRAL,LOW,Last surprise: +0.5%,-1.0,-1.0,1.0,51,2026-11-19,0.55,0
2026-09-29T16:48:48,2026-09-29,BX,HOLD,0,MACD Crossover,HIGH,5,5.97,nan,2.34,0.0,4.68,0.0,0.0,2026-11-14,2.18,3.97,100.0,172.57,71.98,75.51,-5.86,46.0,1,2026-06-11 to 2026-09-25 (74 days),-1.0,31.7,nan,nan,nan,NEUTRAL,LOW,High volume; Strong trend (ADX=52); Last surprise: +13.4%; Earnings conf adj: +1,-1.0,-1.0,1.0,23,2026-10-22,13.43,1
2026-09-29T16:50:45,2026-09-29,ORA,HOLD,0,MACD Crossover,MEDIUM,3,5.8,nan,4.3,0.0,8.6,0.0,0.0,2026-10-08,0.8,1.57,66.7,3.28,17.75,90.37,-10.74,9.0,3,2026-06-11 to 2026-09-25 (74 days),-1.0,39.2,nan,nan,nan,NEUTRAL,LOW,No special conditions,-1.0,-1.0,1.0,36,2026-11-04,,0
2026-09-29T16:49:44,2026-09-29,PODD,HOLD,0,Stochastic Oscillator,HIGH,5,5.78,nan,2.0,0.0,3.0,0.0,0.0,2026-10-15,2.33,4.55,100.0,132.05,52.84,79.95,-4.37,16.0,1,2026-06-11 to 2026-09-25 (74 days),-1.0,39.8,nan,nan,nan,NEUTRAL,LOW,Last surprise: +14.5%; Earnings conf adj: +1,-1.0,-1.0,1.0,37,2026-11-05,14.48,1
2026-09-29T16:49:34,2026-09-29,MTB,HOLD,0,Composite Multi-Indicator,HIGH,5,5.74,nan,2.0,0.0,4.0,0.0,0.0,2026-10-20,2.5,4.47,100.0,64.08,23.03,30.69,-3.03,21.0,1,2026-06-11 to 2026-09-25 (74 days),-1.0,30.7,nan,nan,nan,NEUTRAL,LOW,Strong trend (ADX=46); Last surprise: +14.2%; Earnings conf adj: +1,-1.0,-1.0,1.0,17,2026-10-16,14.16,1
2026-09-29T16:48:38,2026-09-29,AKAM,HOLD,0,MACD Crossover,LOW,0,5.62,nan,9.74,0.0,14.61,0.0,0.0,2026-10-15,-1.43,-2.06,33.3,0.27,-48.73,-8.19,-24.36,16.7,3,2026-06-11 to 2026-09-25 (74 days),-1.0,53.4,nan,nan,nan,NEUTRAL,LOW,High volume; Strong trend (ADX=34); Last surprise: +0.6%,-1.0,-1.0,1.0,37,2026-11-05,0.63,0
2026-09-29T16:50:35,2026-09-29,CBSH,HOLD,0,Composite Multi-Indicator,HIGH,4,5.62,nan,2.0,0.0,4.0,0.0,0.0,2026-11-09,3.29,6.15,100.0,101.32,38.53,27.96,-2.12,41.0,1,2026-06-11 to 2026-09-25 (74 days),-1.0,40.4,nan,nan,nan,NEUTRAL,LOW,Strong trend (ADX=45),-1.0,-1.0,1.0,16,2026-10-15,,0
2026-09-29T16:49:49,2026-09-29,SCHW,BUY,1,ADX Trend Following,HIGH,4,5.54,nan,3.18,nan,6.36,nan,10.0,2026-10-30,2.24,3.64,66.7,15.58,55.55,7.8,-7.94,31.7,3,2026-06-11 to 2026-09-25 (74 days),0.853,31.2,nan,nan,nan,NEUTRAL,LOW,Strong trend (ADX=34); Last surprise: +4.5%,-1.0,-1.0,1.0,16,2026-10-15,4.52,0
2026-09-29T16:50:44,2026-09-29,HOMB,HOLD,0,Composite Multi-Indicator,HIGH,4,5.49,nan,2.0,0.0,4.0,0.0,0.0,2026-11-25,3.28,7.22,100.0,142.75,57.35,36.68,-3.72,57.0,1,2026-06-11 to 2026-09-25 (74 days),-1.0,40.7,nan,nan,nan,NEUTRAL,LOW,Strong trend (ADX=36),-1.0,-1.0,1.0,15,2026-10-14,,0
2026-09-29T16:48:42,2026-09-29,APD,HOLD,0,Multi-Factor Momentum MR,HIGH,4,5.48,nan,2.0,0.0,4.0,0.0,0.0,2026-10-10,2.85,5.56,100.0,53.72,18.96,12.11,-1.69,11.0,1,2026-06-11 to 2026-09-25 (74 days),-1.0,36.6,nan,nan,nan,NEUTRAL,LOW,Strong trend (ADX=40); Last surprise: +3.9%,-1.0,-1.0,1.0,37,2026-11-05,3.89,0
2026-09-29T16:50:50,2026-09-29,CUZ,HOLD,0,VWAP Trend,LOW,1,5.45,nan,3.76,0.0,5.64,0.0,0.0,2026-10-02,-1.33,-1.6,57.1,0.72,-13.42,-13.28,-9.41,3.3,7,2026-06-11 to 2026-09-25 (74 days),-1.0,47.8,nan,nan,nan,NEUTRAL,LOW,No special conditions,-1.0,-1.0,1.0,30,2026-10-29,,0
2026-09-29T16:50:38,2026-09-29,VLY,HOLD,0,Composite Multi-Indicator,HIGH,4,5.43,nan,2.0,0.0,4.0,0.0,0.0,2026-10-28,1.92,3.05,100.0,60.04,21.84,46.31,-2.69,29.0,1,2026-06-11 to 2026-09-25 (74 days),-1.0,35.4,nan,nan,nan,NEUTRAL,LOW,High volume; Strong trend (ADX=50),-1.0,-1.0,1.0,30,2026-10-29,,0
2026-09-29T16:49:30,2026-09-29,MDLZ,HOLD,0,MACD Crossover,MEDIUM,2,5.32,nan,2.66,0.0,5.32,0.0,0.0,2026-10-11,-0.07,-0.1,66.7,0.94,-2.13,11.36,-6.66,12.7,3,2026-06-11 to 2026-09-25 (74 days),-1.0,39.6,nan,nan,nan,NEUTRAL,LOW,Last surprise: +7.4%; Earnings conf adj: +1,-1.0,-1.0,1.0,28,2026-10-27,7.35,1
2026-09-29T16:50:28,2026-09-29,CFR,HOLD,0,Composite Multi-Indicator,HIGH,4,5.21,nan,2.0,0.0,4.0,0.0,0.0,2026-10-27,3.81,8.68,100.0,121.61,46.54,14.3,-2.27,28.0,1,2026-06-11 to 2026-09-25 (74 days),-1.0,41.7,nan,nan,nan,NEUTRAL,LOW,Strong trend (ADX=34),-1.0,-1.0,1.0,30,2026-10-29,,0
2026-09-29T16:49:15,2026-09-29,HII,HOLD,0,MACD Crossover,HIGH,5,5.17,nan,2.6,0.0,5.2,0.0,0.0,2026-10-26,1.02,2.25,100.0,84.93,31.54,66.87,-6.5,27.0,1,2026-06-11 to 2026-09-25 (74 days),-1.0,26.2,nan,nan,nan,NEUTRAL,LOW,RSI oversold; Strong trend (ADX=58); Last surprise: +38.0%; Earnings conf adj: +1,-1.0,-1.0,1.0,30,2026-10-29,37.96,1
2026-09-29T16:49:48,2026-09-29,RTX,HOLD,0,MACD Crossover,HIGH,5,5.17,nan,2.0,0.0,4.0,0.0,0.0,2026-10-20,2.1,4.56,100.0,50.32,17.64,6.31,-1.92,21.0,1,2026-06-11 to 2026-09-25 (74 days),-1.0,29.3,nan,nan,nan,NEUTRAL,LOW,RSI oversold; Strong trend (ADX=62); Last surprise: +13.9%; Earnings conf adj: +1,-1.0,-1.0,1.0,21,2026-10-20,13.86,1
2026-09-29T16:50:05,2026-09-29,WYNN,HOLD,0,MACD Crossover,MEDIUM,3,5.17,nan,2.0,0.0,4.0,0.0,0.0,2026-10-24,0.22,0.39,100.0,7.28,1.83,63.98,-4.72,25.0,1,2026-06-11 to 2026-09-25 (74 days),-1.0,26.2,nan,nan,nan,NEUTRAL,LOW,RSI oversold; Strong trend (ADX=61); Last surprise: +26.5%; Earnings conf adj: +1,-1.0,-1.0,1.0,37,2026-11-05,26.53,1
2026-09-29T16:50:16,2026-09-29,PAG,HOLD,0,Composite Multi-Indicator,HIGH,4,5.1,nan,2.0,0.0,4.0,0.0,0.0,2026-12-07,3.01,7.89,100.0,247.17,113.47,43.72,-4.66,69.0,1,2026-06-11 to 2026-09-25 (74 days),-1.0,39.5,nan,nan,nan,NEUTRAL,LOW,Strong trend (ADX=41),-1.0,-1.0,1.0,29,2026-10-28,,0
2026-09-29T16:50:50,2026-09-29,CHH,HOLD,0,VWAP Trend,LOW,0,5.1,nan,2.6,0.0,3.9,0.0,0.0,2026-10-01,-0.46,-0.64,45.5,0.88,-8.65,7.47,-6.51,2.3,11,2026-06-11 to 2026-09-25 (74 days),-1.0,50.2,nan,nan,nan,NEUTRAL,LOW,Strong trend (ADX=30),-1.0,-1.0,1.0,36,2026-11-04,,0
2026-09-29T16:49:47,2026-09-29,ROK,HOLD,0,VWAP Trend,LOW,0,5.09,nan,4.4,0.0,6.6,0.0,0.0,2026-10-01,-1.14,-1.3,42.9,0.55,-21.21,-5.5,-11.01,2.6,7,2026-06-11 to 2026-09-25 (74 days),-1.0,53.9,nan,nan,nan,NEUTRAL,LOW,Last surprise: +3.3%,-1.0,-1.0,1.0,37,2026-11-05,3.25,0
2026-09-29T16:50:56,2026-09-29,IRT,BUY,1,ADX Trend Following,HIGH,4,5.04,nan,2.13,nan,4.26,nan,10.0,2026-10-26,1.47,2.4,100.0,50.75,17.39,52.06,-5.32,27.0,1,2026-06-11 to 2026-09-25 (74 days),0.5,27.7,nan,nan,nan,NEUTRAL,LOW,RSI oversold; Strong trend (ADX=59),-1.0,-1.0,1.0,29,2026-10-28,,0
2026-09-29T16:50:25,2026-09-29,PINS,HOLD,0,EMA Crossover (9/21),HIGH,4,5.0,nan,4.22,0.0,8.44,0.0,0.0,2026-11-27,1.17,1.72,100.0,101.71,38.71,74.62,-10.56,59.0,1,2026-06-11 to 2026-09-25 (74 days),-1.0,39.9,nan,nan,nan,NEUTRAL,LOW,Strong trend (ADX=35),-1.0,-1.0,1.0,41,2026-11-09,,0
2026-09-29T16:49:35,2026-09-29,NEE,HOLD,0,PEAD Earnings Drift,HIGH,4,4.98,nan,2.0,0.0,4.0,0.0,0.0,2026-11-09,1.52,2.65,100.0,43.19,14.9,44.46,-2.58,41.0,1,2026-06-11 to 2026-09-25 (74 days),-1.0,23.1,nan,nan,nan,NEUTRAL,LOW,RSI oversold; Strong trend (ADX=64); Last surprise: +3.6%,-1.0,-1.0,1.0,28,2026-10-27,3.6,0
2026-09-29T16:50:11,2026-09-29,CRS,BUY,1,ADX Trend Following,MEDIUM,3,4.98,nan,2.0,nan,4.0,nan,10.0,2026-10-02,2.83,9.76,50.0,248.49,50.49,120.45,-2.4,3.5,2,2026-06-11 to 2026-09-25 (74 days),0.401,24.5,nan,nan,nan,NEUTRAL,LOW,RSI oversold; Strong trend (ADX=85),-1.0,-1.0,1.0,23,2026-10-22,,0
2026-09-29T16:50:12,2026-09-29,CLH,HOLD,0,Stochastic Oscillator,LOW,1,4.96,nan,2.0,0.0,3.0,0.0,0.0,2026-10-08,0.21,0.34,50.0,2.18,1.1,-34.22,-2.72,9.5,2,2026-06-11 to 2026-09-25 (74 days),-1.0,46.6,nan,nan,nan,NEUTRAL,LOW,No special conditions,-1.0,-1.0,1.0,36,2026-11-04,,0
2026-09-29T16:50:30,2026-09-29,OGE,BUY,1,VWAP Trend,MEDIUM,2,4.94,nan,2.0,nan,4.0,nan,10.0,2026-09-30,0.45,0.83,55.6,1.6,2.71,17.35,-2.21,1.4,9,2026-06-11 to 2026-09-25 (74 days),0.71,38.1,nan,nan,nan,NEUTRAL,LOW,Strong trend (ADX=40),-1.0,-1.0,1.0,29,2026-10-28,,0
2026-09-29T16:50:25,2026-09-29,TXRH,HOLD,0,EMA Crossover (9/21),HIGH,4,4.87,nan,3.52,0.0,7.04,0.0,0.0,2026-12-08,1.32,2.16,100.0,87.06,32.89,47.2,-8.81,70.0,1,2026-06-11 to 2026-09-25 (74 days),-1.0,17.4,nan,nan,nan,NEUTRAL,LOW,RSI oversold; Strong trend (ADX=75),-1.0,-1.0,1.0,37,2026-11-05,,0
2026-09-29T16:49:08,2026-09-29,FICO,HOLD,0,Stochastic Oscillator,MEDIUM,3,4.8,nan,7.34,0.0,11.01,0.0,0.0,2026-10-17,0.94,1.67,66.7,1.75,26.82,93.38,-18.36,18.3,3,2026-06-11 to 2026-09-25 (74 days),-1.0,29.6,nan,nan,nan,NEUTRAL,LOW,RSI oversold; Strong trend (ADX=40); Last surprise: +3.4%,-1.0,-1.0,1.0,36,2026-11-04,3.4,0
2026-09-29T16:50:22,2026-09-29,CCK,HOLD,0,EMA Crossover (9/21),HIGH,4,4.72,nan,2.0,0.0,4.0,0.0,0.0,2026-12-16,2.34,4.17,100.0,147.1,59.98,16.81,-4.56,78.0,1,2026-06-11 to 2026-09-25 (74 days),-1.0,35.6,nan,nan,nan,NEUTRAL,LOW,Strong trend (ADX=41),-1.0,-1.0,1.0,20,2026-10-19,,0
2026-09-29T16:50:31,2026-09-29,ORI,BUY,1,ADX Trend Following,HIGH,4,4.72,nan,2.0,nan,4.0,nan,10.0,2026-11-07,1.79,3.21,100.0,81.98,30.32,32.01,-4.12,39.0,1,2026-06-11 to 2026-09-25 (74 days),0.274,21.0,nan,nan,nan,NEUTRAL,LOW,RSI oversold; Strong trend (ADX=44),-1.0,-1.0,1.0,23,2026-10-22,,0
2026-09-29T16:50:00,2026-09-29,VMRK,HOLD,0,VWAP Trend,LOW,1,4.61,nan,2.51,0.0,3.76,0.0,0.0,2026-10-01,-1.16,-1.42,58.3,0.64,-14.76,6.69,-6.27,2.4,12,2026-06-11 to 2026-09-25 (74 days),-1.0,36.9,nan,nan,nan,NEUTRAL,LOW,Strong trend (ADX=39),-1.0,-1.0,1.0,22,2026-10-21,,0
2026-09-29T16:49:23,2026-09-29,JPM,HOLD,0,Composite Multi-Indicator,HIGH,5,4.6,nan,2.0,0.0,4.0,0.0,0.0,2026-11-12,2.82,4.27,100.0,112.65,44.01,5.37,-3.53,44.0,1,2026-06-11 to 2026-09-25 (74 days),-1.0,41.7,nan,nan,nan,NEUTRAL,LOW,Strong trend (ADX=31); Last surprise: +5.9%; Earnings conf adj: +1,-1.0,-1.0,1.0,14,2026-10-13,5.86,1
2026-09-29T16:48:41,2026-09-29,AMZN,HOLD,0,Stochastic Oscillator,HIGH,5,4.57,nan,4.0,0.0,6.0,0.0,0.0,2026-10-22,1.68,3.8,66.7,5.33,78.12,65.97,-10.01,23.0,3,2026-06-11 to 2026-09-25 (74 days),-1.0,44.5,nan,nan,nan,NEUTRAL,LOW,Last surprise: +214.2%; Earnings conf adj: +1,-1.0,-1.0,1.0,30,2026-10-29,214.21,1
2026-09-29T16:48:47,2026-09-29,BKNG,HOLD,0,MACD Crossover,HIGH,4,4.52,nan,2.0,0.0,4.0,0.0,0.0,2026-10-20,1.12,2.01,100.0,57.12,20.29,18.69,-4.51,21.0,1,2026-06-11 to 2026-09-25 (74 days),-1.0,33.8,nan,nan,nan,NEUTRAL,LOW,Strong trend (ADX=55); Last surprise: +4.5%,-1.0,-1.0,1.0,28,2026-10-27,4.53,0
2026-09-29T16:49:59,2026-09-29,UPS,HOLD,0,VWAP Trend,LOW,1,4.49,nan,2.0,0.0,3.0,0.0,0.0,2026-09-30,-0.11,-0.2,50.0,1.21,-1.04,35.0,-2.52,1.9,8,2026-06-11 to 2026-09-25 (74 days),-1.0,35.2,nan,nan,nan,NEUTRAL,LOW,Strong trend (ADX=50); Last surprise: +6.0%; Earnings conf adj: +1,-1.0,-1.0,1.0,28,2026-10-27,6.02,1
2026-09-29T16:49:11,2026-09-29,FTV,BUY,1,ADX Trend Following,HIGH,4,4.46,nan,2.0,nan,4.0,nan,10.0,2026-10-01,1.38,9.39,100.0,14.18,4.26,23.67,-0.3,2.0,1,2026-06-11 to 2026-09-25 (74 days),0.325,44.9,nan,nan,nan,NEUTRAL,LOW,Last surprise: +4.2%,-1.0,-1.0,1.0,29,2026-10-28,4.23,0
2026-09-29T16:50:24,2026-09-29,FHN,HOLD,0,VWAP Trend,LOW,1,4.43,nan,2.04,0.0,3.06,0.0,0.0,2026-10-01,-0.68,-0.86,60.0,0.86,-6.3,9.4,-5.1,2.3,10,2026-06-11 to 2026-09-25 (74 days),-1.0,38.2,nan,nan,nan,NEUTRAL,LOW,Strong trend (ADX=46),-1.0,-1.0,1.0,16,2026-10-15,,0
2026-09-29T16:49:52,2026-09-29,STT,HOLD,0,Composite Multi-Indicator,HIGH,5,4.38,nan,2.0,0.0,4.0,0.0,0.0,2026-10-11,2.83,12.85,100.0,65.81,23.74,-17.64,-0.93,12.0,1,2026-06-11 to 2026-09-25 (74 days),-1.0,40.1,nan,nan,nan,NEUTRAL,LOW,Strong trend (ADX=41); Last surprise: +9.3%; Earnings conf adj: +1,-1.0,-1.0,1.0,15,2026-10-14,9.28,1
2026-09-29T16:50:53,2026-09-29,BDC,HOLD,0,MACD Crossover,HIGH,4,4.28,nan,4.55,0.0,9.1,0.0,0.0,2026-10-23,1.67,4.02,100.0,166.06,68.69,67.36,-11.37,24.0,1,2026-06-11 to 2026-09-25 (74 days),-1.0,44.9,nan,nan,nan,NEUTRAL,LOW,No special conditions,-1.0,-1.0,1.0,30,2026-10-29,,0
2026-09-29T16:50:54,2026-09-29,NVST,HOLD,0,EMA Crossover (9/21),HIGH,4,4.24,nan,2.74,0.0,5.48,0.0,0.0,2026-12-15,1.36,2.06,100.0,98.68,37.86,45.4,-6.84,77.0,1,2026-06-11 to 2026-09-25 (74 days),-1.0,35.5,nan,nan,nan,NEUTRAL,LOW,Strong trend (ADX=41),-1.0,-1.0,1.0,29,2026-10-28,,0
2026-09-29T16:50:15,2026-09-29,JLL,HOLD,0,MACD Crossover,HIGH,4,4.18,nan,2.0,0.0,4.0,0.0,0.0,2026-10-29,1.89,4.25,100.0,110.79,42.68,11.97,-4.26,30.0,1,2026-06-11 to 2026-09-25 (74 days),-1.0,30.7,nan,nan,nan,NEUTRAL,LOW,Strong trend (ADX=48),-1.0,-1.0,1.0,29,2026-10-28,,0
2026-09-29T16:50:26,2026-09-29,UMBF,HOLD,0,Composite Multi-Indicator,HIGH,4,4.11,nan,2.0,0.0,4.0,0.0,0.0,2026-10-24,1.89,2.92,100.0,65.09,23.86,13.63,-2.69,25.0,1,2026-06-11 to 2026-09-25 (74 days),-1.0,40.3,nan,nan,nan,NEUTRAL,LOW,Strong trend (ADX=53),-1.0,-1.0,1.0,28,2026-10-27,,0
2026-09-29T16:48:59,2026-09-29,DGX,HOLD,0,PEAD Earnings Drift,MEDIUM,3,4.05,nan,2.49,0.0,4.98,0.0,0.0,2026-11-17,0.41,0.66,100.0,22.37,6.45,-62.52,-6.22,49.0,2,2026-06-11 to 2026-09-25 (74 days),-1.0,47.3,nan,nan,nan,NEUTRAL,LOW,Strong trend (ADX=36); Last surprise: +10.6%; Earnings conf adj: +1,-1.0,-1.0,1.0,23,2026-10-22,10.64,1
2026-09-29T16:49:41,2026-09-29,PCAR,HOLD,0,Momentum (Rate of Change),HIGH,5,3.99,nan,2.54,0.0,5.08,0.0,0.0,2026-11-26,1.17,2.1,100.0,87.8,26.92,43.4,-6.34,58.0,1,2026-06-11 to 2026-09-25 (74 days),-1.0,22.3,nan,nan,nan,NEUTRAL,LOW,RSI oversold; Strong trend (ADX=58); Last surprise: +5.1%; Earnings conf adj: +1,-1.0,-1.0,1.0,28,2026-10-27,5.15,1
2026-09-29T16:48:50,2026-09-29,CCI,HOLD,0,VWAP Trend,LOW,1,3.97,nan,6.83,0.0,10.24,0.0,0.0,2026-10-05,-2.06,-2.52,46.2,0.36,-47.21,14.62,-17.07,6.0,13,2026-06-11 to 2026-09-25 (74 days),-1.0,29.1,nan,nan,nan,NEUTRAL,LOW,RSI oversold; Strong trend (ADX=42); Last surprise: +35.3%; Earnings conf adj: +1,-1.0,-1.0,1.0,22,2026-10-21,35.29,1
2026-09-29T16:49:35,2026-09-29,NFLX,HOLD,0,Momentum (Rate of Change),LOW,0,3.97,nan,3.85,0.0,5.78,0.0,0.0,2026-10-22,-0.8,-1.05,50.0,0.4,-21.01,15.8,-9.62,23.5,2,2026-06-11 to 2026-09-25 (74 days),-1.0,37.1,nan,nan,nan,NEUTRAL,LOW,Strong trend (ADX=31); Last surprise: +1.3%,-1.0,-1.0,1.0,21,2026-10-20,1.27,0
2026-09-29T16:50:27,2026-09-29,WMS,HOLD,0,MACD Crossover,MEDIUM,3,3.9,nan,4.05,0.0,8.1,0.0,0.0,2026-10-10,1.01,1.79,50.0,2.68,29.82,34.18,-10.12,11.2,4,2026-06-11 to 2026-09-25 (74 days),-1.0,50.5,nan,nan,nan,NEUTRAL,LOW,Strong trend (ADX=30),-1.0,-1.0,1.0,37,2026-11-05,,0
2026-09-29T16:48:36,2026-09-29,ABT,HOLD,0,MACD Crossover,HIGH,4,3.89,nan,2.0,0.0,4.0,0.0,0.0,2026-11-09,2.53,4.22,100.0,107.36,41.16,-15.04,-4.45,41.0,1,2026-06-11 to 2026-09-25 (74 days),-1.0,36.1,nan,nan,nan,NEUTRAL,LOW,Strong trend (ADX=44); Last surprise: +2.3%,-1.0,-1.0,1.0,15,2026-10-14,2.34,0
2026-09-29T16:50:54,2026-09-29,TNL,HOLD,0,EMA Crossover (9/21),MEDIUM,3,3.87,nan,2.58,0.0,5.16,0.0,0.0,2026-10-21,0.67,0.9,100.0,26.77,8.79,44.44,-6.44,22.0,1,2026-06-11 to 2026-09-25 (74 days),-1.0,36.2,nan,nan,nan,NEUTRAL,LOW,No special conditions,-1.0,-1.0,1.0,22,2026-10-21,,0
2026-09-29T16:49:33,2026-09-29,MS,HOLD,0,PEAD Earnings Drift,HIGH,5,3.85,nan,3.18,0.0,6.36,0.0,0.0,2026-11-01,1.47,2.28,100.0,66.79,24.55,47.23,-7.95,33.0,1,2026-06-11 to 2026-09-25 (74 days),-1.0,31.9,nan,nan,nan,NEUTRAL,LOW,Strong trend (ADX=44); Last surprise: +18.1%; Earnings conf adj: +1,-1.0,-1.0,1.0,15,2026-10-14,18.09,1
2026-09-29T16:48:38,2026-09-29,AIZ,HOLD,0,Stochastic Oscillator,MEDIUM,2,3.84,nan,2.0,0.0,3.0,0.0,0.0,2026-10-10,-0.58,-0.85,50.0,1.73,-4.49,-14.61,-2.62,11.0,2,2026-06-11 to 2026-09-25 (74 days),-1.0,33.0,nan,nan,nan,NEUTRAL,LOW,Strong trend (ADX=40); Last surprise: +23.7%; Earnings conf adj: +1,-1.0,-1.0,1.0,35,2026-11-03,23.75,1
2026-09-29T16:50:34,2026-09-29,MP,HOLD,0,MACD Crossover,HIGH,4,3.76,nan,4.31,0.0,8.62,0.0,0.0,2026-10-27,1.41,2.89,100.0,131.08,52.39,94.4,-10.78,28.0,1,2026-06-11 to 2026-09-25 (74 days),-1.0,42.3,nan,nan,nan,NEUTRAL,LOW,Strong trend (ADX=30),-1.0,-1.0,1.0,37,2026-11-05,,0
2026-09-29T16:50:41,2026-09-29,HXL,HOLD,0,Momentum (Rate of Change),MEDIUM,3,3.76,nan,3.08,0.0,6.16,0.0,0.0,2026-11-24,0.8,1.16,100.0,57.54,14.76,49.73,-7.7,56.0,1,2026-06-11 to 2026-09-25 (74 days),-1.0,28.8,nan,nan,nan,NEUTRAL,LOW,RSI oversold; Strong trend (ADX=48),-1.0,-1.0,1.0,22,2026-10-21,,0
2026-09-29T16:49:57,2026-09-29,TSN,HOLD,0,PEAD Earnings Drift,MEDIUM,3,3.75,nan,2.1,0.0,4.2,0.0,0.0,2026-11-02,0.91,1.54,100.0,40.22,14.18,38.14,-5.26,34.0,1,2026-06-11 to 2026-09-25 (74 days),-1.0,33.0,nan,nan,nan,NEUTRAL,LOW,Last surprise: +0.0%,-1.0,-1.0,1.0,48,2026-11-16,0.0,0
2026-09-29T16:48:53,2026-09-29,CME,HOLD,0,Stochastic Oscillator,HIGH,4,3.73,nan,2.0,0.0,3.0,0.0,0.0,2026-10-18,2.03,5.21,100.0,60.08,18.55,13.81,-1.38,19.0,1,2026-06-11 to 2026-09-25 (74 days),-1.0,41.4,nan,nan,nan,NEUTRAL,LOW,Last surprise: +2.7%,-1.0,-1.0,1.0,22,2026-10-21,2.75,0
2026-09-29T16:49:01,2026-09-29,DOW,HOLD,0,MACD Crossover,HIGH,4,3.7,nan,3.33,0.0,6.66,0.0,0.0,2026-11-17,0.91,1.44,100.0,63.21,23.11,67.69,-8.33,49.0,1,2026-06-11 to 2026-09-25 (74 days),-1.0,38.4,nan,nan,nan,NEUTRAL,LOW,Last surprise: +12.5%; Earnings conf adj: +1,-1.0,-1.0,1.0,23,2026-10-22,12.5,1
2026-09-29T16:50:45,2026-09-29,RYN,HOLD,1,ADX Trend Following,LOW,1,3.66,nan,2.72,nan,4.08,nan,0.0,2026-10-03,-1.66,-1.79,66.7,0.3,-14.61,8.14,-6.81,4.7,3,2026-06-11 to 2026-09-25 (74 days),-1.0,28.4,nan,nan,nan,NEUTRAL,LOW,RSI oversold,-1.0,-1.0,1.0,36,2026-11-04,,0
2026-09-29T16:50:23,2026-09-29,ELAN,HOLD,0,Stochastic Oscillator,LOW,1,3.64,nan,3.07,0.0,4.6,0.0,0.0,2026-10-13,0.33,0.55,50.0,1.6,4.58,27.42,-7.67,14.0,2,2026-06-11 to 2026-09-25 (74 days),-1.0,37.8,nan,nan,nan,NEUTRAL,LOW,No special conditions,-1.0,-1.0,1.0,38,2026-11-06,,0
2026-09-29T16:49:01,2026-09-29,DRI,HOLD,0,MACD Crossover,HIGH,4,3.62,nan,2.0,0.0,4.0,0.0,0.0,2026-10-28,1.21,1.89,100.0,56.16,19.9,34.58,-4.27,29.0,1,2026-06-11 to 2026-09-25 (74 days),-1.0,37.5,nan,nan,nan,NEUTRAL,LOW,Last surprise: +0.0%,-1.0,-1.0,1.0,86,2026-12-24,0.0,0
2026-09-29T16:49:55,2026-09-29,TPL,HOLD,0,VWAP Trend,LOW,1,3.57,nan,9.14,0.0,13.71,0.0,0.0,2026-10-08,-0.67,-0.9,60.0,0.79,-23.77,-0.01,-22.86,9.2,5,2026-06-11 to 2026-09-25 (74 days),-1.0,40.6,nan,nan,nan,NEUTRAL,LOW,Last surprise: +2.3%,-1.0,-1.0,1.0,36,2026-11-04,2.29,0
2026-09-29T16:50:14,2026-09-29,LECO,HOLD,0,VWAP Trend,MEDIUM,3,3.56,nan,2.0,0.0,4.0,0.0,0.0,2026-10-01,1.05,1.92,54.5,2.05,16.34,-4.86,-4.51,2.5,11,2026-06-11 to 2026-09-25 (74 days),-1.0,55.4,nan,nan,nan,NEUTRAL,LOW,No special conditions,-1.0,-1.0,1.0,30,2026-10-29,,0
2026-09-29T16:49:27,2026-09-29,LOW,HOLD,0,MACD Crossover,MEDIUM,2,3.51,nan,2.0,0.0,4.0,0.0,0.0,2026-10-25,0.14,0.21,100.0,5.03,1.05,41.26,-3.84,26.0,1,2026-06-11 to 2026-09-25 (74 days),-1.0,33.6,nan,nan,nan,NEUTRAL,LOW,Strong trend (ADX=36); Last surprise: +4.3%,-1.0,-1.0,1.0,50,2026-11-18,4.27,0
2026-09-29T16:49:26,2026-09-29,L,HOLD,0,EMA Crossover (9/21),HIGH,4,3.42,nan,2.14,0.0,4.28,0.0,0.0,2026-11-29,1.27,2.0,100.0,45.34,16.12,23.9,-5.35,61.0,1,2026-06-11 to 2026-09-25 (74 days),-1.0,24.5,nan,nan,nan,NEUTRAL,LOW,RSI oversold; Last surprise: +52.1%,-1.0,-1.0,1.0,34,2026-11-02,52.05,0
2026-09-29T16:51:02,2026-09-29,XLF,BUY,1,ADX Trend Following,HIGH,4,3.36,nan,2.0,nan,4.0,nan,10.0,2026-12-03,1.7,2.66,100.0,50.51,17.7,-0.47,-2.44,65.0,1,2026-06-11 to 2026-09-25 (74 days),0.238,34.9,nan,nan,nan,NEUTRAL,LOW,Strong trend (ADX=43),-1.0,-1.0,1.0,-1,,,0
2026-09-29T16:50:48,2026-09-29,NXST,HOLD,0,MACD Crossover,MEDIUM,3,3.33,nan,2.52,0.0,5.04,0.0,0.0,2026-11-11,0.7,1.11,100.0,35.68,12.46,32.26,-6.29,43.0,1,2026-06-11 to 2026-09-25 (74 days),-1.0,38.7,nan,nan,nan,NEUTRAL,LOW,Strong trend (ADX=53),-1.0,-1.0,1.0,37,2026-11-05,,0
2026-09-29T16:49:05,2026-09-29,ESS,HOLD,0,PEAD Earnings Drift,MEDIUM,3,3.32,nan,2.0,0.0,4.0,0.0,0.0,2026-11-14,1.27,2.0,100.0,46.12,16.02,23.89,-3.63,46.0,1,2026-06-11 to 2026-09-25 (74 days),-1.0,39.7,nan,nan,nan,NEUTRAL,LOW,Strong trend (ADX=35); Last surprise: -36.1%; Earnings conf adj: -1,-1.0,-1.0,1.0,28,2026-10-27,-36.05,-1
2026-09-29T16:50:16,2026-09-29,CG,BUY,1,ADX Trend Following,MEDIUM,3,3.32,nan,4.71,nan,9.42,nan,10.0,2026-10-19,0.75,1.2,66.7,4.13,19.08,48.24,-11.78,20.7,3,2026-06-11 to 2026-09-25 (74 days),0.774,31.8,nan,nan,nan,NEUTRAL,LOW,Strong trend (ADX=56),-1.0,-1.0,1.0,30,2026-10-29,,0
2026-09-29T16:48:57,2026-09-29,CVNA,HOLD,0,Multi-Factor Momentum MR,LOW,1,3.31,nan,2.0,0.0,3.0,0.0,0.0,2026-09-30,0.0,0.0,0.0,0.0,0.0,13.36,0.0,0.0,0,2026-06-11 to 2026-09-25 (74 days),-1.0,41.5,nan,nan,nan,NEUTRAL,LOW,High volume; Last surprise: +10.5%; Earnings conf adj: +1,-1.0,-1.0,1.0,29,2026-10-28,10.53,1
2026-09-29T16:50:49,2026-09-29,FND,HOLD,0,Momentum (Rate of Change),HIGH,4,3.3,nan,4.41,0.0,8.82,0.0,0.0,2026-11-26,1.12,1.85,100.0,129.76,44.14,81.02,-11.02,58.0,1,2026-06-11 to 2026-09-25 (74 days),-1.0,40.8,nan,nan,nan,NEUTRAL,LOW,No special conditions,-1.0,-1.0,1.0,29,2026-10-28,,0
2026-09-29T16:50:06,2026-09-29,XYL,HOLD,0,EMA Crossover (9/21),HIGH,4,3.25,nan,3.63,0.0,7.26,0.0,0.0,2026-11-25,0.88,1.33,100.0,51.63,18.56,36.39,-9.07,57.0,1,2026-06-11 to 2026-09-25 (74 days),-1.0,30.4,nan,nan,nan,NEUTRAL,LOW,Last surprise: +9.0%; Earnings conf adj: +1,-1.0,-1.0,1.0,35,2026-11-03,8.96,1
2026-09-29T16:49:51,2026-09-29,STE,HOLD,0,EMA Crossover (9/21),HIGH,4,3.23,nan,2.32,0.0,4.64,0.0,0.0,2026-12-04,1.11,1.91,100.0,68.84,25.37,21.4,-5.8,66.0,1,2026-06-11 to 2026-09-25 (74 days),-1.0,35.1,nan,nan,nan,NEUTRAL,LOW,Strong trend (ADX=46); Last surprise: +4.0%,-1.0,-1.0,1.0,36,2026-11-04,4.02,0
2026-09-29T16:50:13,2026-09-29,NLY,HOLD,0,EMA Crossover (9/21),MEDIUM,3,3.2,nan,2.0,0.0,4.0,0.0,0.0,2026-12-16,0.93,1.45,100.0,37.97,13.32,24.02,-4.74,78.0,1,2026-06-11 to 2026-09-25 (74 days),-1.0,25.6,nan,nan,nan,NEUTRAL,LOW,RSI oversold; Strong trend (ADX=65),-1.0,-1.0,1.0,22,2026-10-21,,0
2026-09-29T16:50:33,2026-09-29,ADC,HOLD,0,Momentum (Rate of Change),MEDIUM,3,3.2,nan,2.19,0.0,4.38,0.0,0.0,2026-11-13,0.83,1.52,100.0,47.28,10.2,37.45,-5.48,45.0,1,2026-06-11 to 2026-09-25 (74 days),-1.0,20.3,nan,nan,nan,NEUTRAL,LOW,RSI oversold; Strong trend (ADX=76),-1.0,-1.0,1.0,21,2026-10-20,,0
2026-09-29T16:48:44,2026-09-29,AVY,HOLD,0,MACD Crossover,HIGH,5,3.18,nan,2.0,0.0,4.0,0.0,0.0,2026-10-28,1.81,3.36,100.0,77.05,28.29,-1.83,-2.91,29.0,1,2026-06-11 to 2026-09-25 (74 days),-1.0,47.0,nan,nan,nan,NEUTRAL,LOW,Last surprise: +17.0%; Earnings conf adj: +1,-1.0,-1.0,1.0,22,2026-10-21,17.0,1
2026-09-29T16:50:52,2026-09-29,FHI,HOLD,0,Composite Multi-Indicator,HIGH,4,3.14,nan,2.0,0.0,4.0,0.0,0.0,2026-10-22,1.09,1.74,100.0,23.14,7.83,6.03,-2.63,23.0,1,2026-06-11 to 2026-09-25 (74 days),-1.0,40.1,nan,nan,nan,NEUTRAL,LOW,Strong trend (ADX=54),-1.0,-1.0,1.0,30,2026-10-29,,0
2026-09-29T16:50:23,2026-09-29,AFG,BUY,1,SMA Crossover (10/50),HIGH,4,3.1,nan,2.0,nan,4.0,nan,10.0,2026-12-22,1.54,2.63,100.0,71.53,26.47,7.93,-4.26,84.0,1,2026-06-11 to 2026-09-25 (74 days),0.421,34.2,nan,nan,nan,NEUTRAL,LOW,No special conditions,-1.0,-1.0,1.0,35,2026-11-03,,0
2026-09-29T16:50:41,2026-09-29,TEX,HOLD,0,VWAP Trend,MEDIUM,2,3.05,nan,3.71,0.0,7.42,0.0,0.0,2026-10-02,0.89,1.42,33.3,3.64,17.46,43.72,-9.27,3.2,6,2026-06-11 to 2026-09-25 (74 days),-1.0,37.0,nan,nan,nan,NEUTRAL,LOW,Strong trend (ADX=30),-1.0,-1.0,1.0,30,2026-10-29,,0
2026-09-29T16:48:46,2026-09-29,BF-B,HOLD,0,MACD Crossover,HIGH,4,3.01,nan,2.32,0.0,4.64,0.0,0.0,2026-10-21,1.17,2.27,100.0,60.34,21.55,25.35,-5.79,22.0,1,2026-06-11 to 2026-09-25 (74 days),-1.0,45.5,nan,nan,nan,NEUTRAL,LOW,Last surprise: +2.7%,-1.0,-1.0,1.0,65,2026-12-03,2.7,0
2026-09-29T16:49:53,2026-09-29,SYK,HOLD,0,EMA Crossover (9/21),MEDIUM,3,2.99,nan,3.02,0.0,6.04,0.0,0.0,2026-10-18,0.34,0.48,66.7,2.06,6.0,38.21,-7.54,19.7,3,2026-06-11 to 2026-09-25 (74 days),-1.0,32.1,nan,nan,nan,NEUTRAL,LOW,Strong trend (ADX=39); Last surprise: +5.7%; Earnings conf adj: +1,-1.0,-1.0,1.0,30,2026-10-29,5.73,1
2026-09-29T16:50:53,2026-09-29,VNT,HOLD,0,MACD Crossover,HIGH,4,2.97,nan,3.38,0.0,6.76,0.0,0.0,2026-11-03,1.84,3.81,100.0,100.91,38.35,-0.11,-8.45,35.0,1,2026-06-11 to 2026-09-25 (74 days),-1.0,45.7,nan,nan,nan,NEUTRAL,LOW,Strong trend (ADX=34),-1.0,-1.0,1.0,30,2026-10-29,,0
2026-09-29T16:48:43,2026-09-29,ATO,HOLD,0,VWAP Trend,LOW,1,2.95,nan,2.0,0.0,3.0,0.0,0.0,2026-10-02,-1.41,-1.58,33.3,0.48,-3.95,15.24,-1.67,3.7,3,2026-06-11 to 2026-09-25 (74 days),-1.0,27.7,nan,nan,nan,NEUTRAL,LOW,RSI oversold; Strong trend (ADX=58); Last surprise: +5.9%; Earnings conf adj: +1,-1.0,-1.0,1.0,36,2026-11-04,5.93,1
2026-09-29T16:50:30,2026-09-29,TTC,HOLD,0,Stochastic Oscillator,HIGH,4,2.91,nan,2.0,0.0,3.0,0.0,0.0,2026-10-03,1.6,9.08,100.0,45.86,13.55,-8.02,-0.87,4.0,1,2026-06-11 to 2026-09-25 (74 days),-1.0,57.1,nan,nan,nan,NEUTRAL,LOW,Strong trend (ADX=35),-1.0,-1.0,1.0,-1,,,0
2026-09-29T16:50:49,2026-09-29,SON,HOLD,0,EMA Crossover (9/21),HIGH,4,2.91,nan,3.98,0.0,7.96,0.0,0.0,2026-12-16,1.12,1.68,100.0,83.37,31.34,31.34,-9.94,78.0,1,2026-06-11 to 2026-09-25 (74 days),-1.0,40.3,nan,nan,nan,NEUTRAL,LOW,Strong trend (ADX=32),-1.0,-1.0,1.0,22,2026-10-21,,0
2026-09-29T16:50:16,2026-09-29,CACI,HOLD,0,EMA Crossover (9/21),HIGH,4,2.9,nan,4.31,0.0,8.62,0.0,0.0,2026-11-26,1.97,5.78,100.0,266.59,124.39,48.97,-10.77,58.0,1,2026-06-11 to 2026-09-25 (74 days),-1.0,50.1,nan,nan,nan,NEUTRAL,LOW,No special conditions,-1.0,-1.0,1.0,22,2026-10-21,,0
2026-09-29T16:50:59,2026-09-29,GPK,HOLD,0,EMA Crossover (9/21),MEDIUM,2,2.89,nan,4.13,0.0,8.26,0.0,0.0,2026-11-15,0.28,0.42,100.0,13.79,4.12,34.08,-10.33,47.0,1,2026-06-11 to 2026-09-25 (74 days),-1.0,38.0,nan,nan,nan,NEUTRAL,LOW,Strong trend (ADX=40),-1.0,-1.0,1.0,41,2026-11-09,,0
2026-09-29T16:49:59,2026-09-29,USB,HOLD,0,Multi-Factor Momentum MR,HIGH,5,2.7,nan,2.0,0.0,4.0,0.0,0.0,2026-10-13,1.06,2.13,100.0,20.27,6.8,-7.06,-2.53,14.0,1,2026-06-11 to 2026-09-25 (74 days),-1.0,38.2,nan,nan,nan,NEUTRAL,LOW,Strong trend (ADX=39); Last surprise: +5.5%; Earnings conf adj: +1,-1.0,-1.0,1.0,16,2026-10-15,5.47,1
2026-09-29T16:50:16,2026-09-29,PNFP,HOLD,0,EMA Crossover (9/21),HIGH,4,2.7,nan,2.89,0.0,5.78,0.0,0.0,2026-12-07,1.09,1.66,100.0,58.28,21.15,14.83,-7.23,69.0,1,2026-06-11 to 2026-09-25 (74 days),-1.0,37.0,nan,nan,nan,NEUTRAL,LOW,Strong trend (ADX=51),-1.0,-1.0,1.0,22,2026-10-21,,0
2026-09-29T16:50:35,2026-09-29,NNN,HOLD,0,Momentum (Rate of Change),MEDIUM,2,2.7,nan,2.0,0.0,4.0,0.0,0.0,2026-11-17,0.39,0.66,100.0,32.27,4.49,33.0,-4.75,49.0,1,2026-06-11 to 2026-09-25 (74 days),-1.0,19.6,nan,nan,nan,NEUTRAL,LOW,RSI oversold; High volume; Strong trend (ADX=52),-1.0,-1.0,1.0,36,2026-11-04,,0
2026-09-29T16:50:54,2026-09-29,MAT,HOLD,0,EMA Crossover (9/21),MEDIUM,3,2.68,nan,2.95,0.0,5.9,0.0,0.0,2026-11-14,0.54,0.83,100.0,26.58,9.1,37.83,-7.38,46.0,1,2026-06-11 to 2026-09-25 (74 days),-1.0,38.9,nan,nan,nan,NEUTRAL,LOW,High volume; Strong trend (ADX=48),-1.0,-1.0,1.0,28,2026-10-27,,0
2026-09-29T16:49:40,2026-09-29,OXY,HOLD,0,MACD Crossover,MEDIUM,3,2.64,nan,3.19,0.0,6.38,0.0,0.0,2026-10-14,0.45,0.63,66.7,1.73,8.58,-2.07,-7.97,15.7,3,2026-06-11 to 2026-09-25 (74 days),-1.0,42.0,nan,nan,nan,NEUTRAL,LOW,Last surprise: +29.7%; Earnings conf adj: +1,-1.0,-1.0,1.0,41,2026-11-09,29.73,1
2026-09-29T16:49:15,2026-09-29,GWW,HOLD,0,Composite Multi-Indicator,HIGH,4,2.63,nan,2.0,0.0,4.0,0.0,0.0,2026-10-14,0.53,0.79,100.0,12.14,3.53,20.4,-1.68,15.0,1,2026-06-11 to 2026-09-25 (74 days),-1.0,36.6,nan,nan,nan,NEUTRAL,LOW,Last surprise: +6.3%; Earnings conf adj: +1,-1.0,-1.0,1.0,36,2026-11-04,6.28,1
2026-09-29T16:49:53,2026-09-29,SYY,HOLD,1,ADX Trend Following,LOW,0,2.62,nan,2.0,nan,3.0,nan,0.0,2026-10-04,-0.3,-0.38,33.3,0.85,-2.61,0.22,-3.16,5.0,3,2026-06-11 to 2026-09-25 (74 days),-1.0,40.3,nan,nan,nan,NEUTRAL,LOW,Last surprise: +1.3%,-1.0,-1.0,1.0,35,2026-11-03,1.32,0
2026-09-29T16:48:53,2026-09-29,CMS,HOLD,0,EMA Crossover (9/21),MEDIUM,2,2.6,nan,2.66,0.0,5.32,0.0,0.0,2026-10-29,0.14,0.2,100.0,3.64,0.91,38.81,-6.64,30.0,1,2026-06-11 to 2026-09-25 (74 days),-1.0,19.9,nan,nan,nan,NEUTRAL,LOW,RSI oversold; Strong trend (ADX=60); Last surprise: +2.8%,-1.0,-1.0,1.0,30,2026-10-29,2.78,0
2026-09-29T16:50:34,2026-09-29,OSK,HOLD,0,EMA Crossover (9/21),MEDIUM,3,2.6,nan,3.57,0.0,7.14,0.0,0.0,2026-12-25,0.75,1.08,100.0,59.0,21.43,23.28,-8.92,87.0,1,2026-06-11 to 2026-09-25 (74 days),-1.0,32.1,nan,nan,nan,NEUTRAL,LOW,Strong trend (ADX=44),-1.0,-1.0,1.0,29,2026-10-28,,0
2026-09-29T16:48:49,2026-09-29,CBOE,HOLD,0,EMA Crossover (9/21),MEDIUM,2,2.54,nan,4.13,0.0,8.26,0.0,0.0,2026-11-24,0.49,0.72,100.0,29.76,10.25,47.32,-10.33,56.0,1,2026-06-11 to 2026-09-25 (74 days),-1.0,32.2,nan,nan,nan,NEUTRAL,LOW,Strong trend (ADX=48); Last surprise: +2.0%,-1.0,-1.0,1.0,31,2026-10-30,2.01,0
2026-09-29T16:49:08,2026-09-29,FE,HOLD,0,EMA Crossover (9/21),MEDIUM,2,2.53,nan,2.04,0.0,4.08,0.0,0.0,2026-11-24,0.49,0.72,100.0,18.36,6.11,26.23,-5.11,56.0,1,2026-06-11 to 2026-09-25 (74 days),-1.0,24.9,nan,nan,nan,NEUTRAL,LOW,RSI oversold; Strong trend (ADX=58); Last surprise: +0.0%,-1.0,-1.0,1.0,22,2026-10-21,0.0,0
2026-09-29T16:50:33,2026-09-29,FR,HOLD,0,Momentum (Rate of Change),HIGH,4,2.53,nan,2.14,0.0,4.28,0.0,0.0,2026-11-13,1.07,1.69,100.0,55.58,16.41,22.51,-5.34,45.0,1,2026-06-11 to 2026-09-25 (74 days),-1.0,41.0,nan,nan,nan,NEUTRAL,LOW,No special conditions,-1.0,-1.0,1.0,22,2026-10-21,,0
2026-09-29T16:49:55,2026-09-29,TFC,BUY,1,SMA Crossover (10/50),HIGH,4,2.51,nan,2.69,nan,5.38,nan,10.0,2026-12-15,0.68,0.94,100.0,31.83,11.02,27.33,-6.72,77.0,1,2026-06-11 to 2026-09-25 (74 days),0.333,36.8,nan,nan,nan,NEUTRAL,LOW,Strong trend (ADX=35); Last surprise: +13.9%; Earnings conf adj: +1,-1.0,-1.0,1.0,17,2026-10-16,13.89,1
2026-09-29T16:50:58,2026-09-29,SMG,HOLD,0,EMA Crossover (9/21),MEDIUM,2,2.48,nan,6.21,0.0,12.42,0.0,0.0,2026-11-24,0.35,0.57,100.0,19.11,6.38,53.52,-15.53,56.0,1,2026-06-11 to 2026-09-25 (74 days),-1.0,26.2,nan,nan,nan,NEUTRAL,LOW,RSI oversold; High volume; Strong trend (ADX=58),-1.0,-1.0,1.0,36,2026-11-04,,0
2026-09-29T16:50:47,2026-09-29,GXO,HOLD,0,EMA Crossover (9/21),MEDIUM,3,2.45,nan,3.22,0.0,6.44,0.0,0.0,2026-11-07,0.73,1.14,100.0,42.43,15.03,43.51,-8.05,39.0,1,2026-06-11 to 2026-09-25 (74 days),-1.0,43.0,nan,nan,nan,NEUTRAL,LOW,No special conditions,-1.0,-1.0,1.0,35,2026-11-03,,0
2026-09-29T16:50:52,2026-09-29,BCO,HOLD,0,Stochastic Oscillator,HIGH,4,2.45,nan,2.25,0.0,3.38,0.0,0.0,2026-10-15,1.41,3.57,100.0,62.66,19.96,-1.63,-5.62,16.0,1,2026-06-11 to 2026-09-25 (74 days),-1.0,45.5,nan,nan,nan,NEUTRAL,LOW,No special conditions,-1.0,-1.0,1.0,36,2026-11-04,,0
2026-09-29T16:50:43,2026-09-29,SFM,BUY,1,ADX Trend Following,MEDIUM,3,2.43,nan,2.0,nan,4.0,nan,10.0,2026-10-04,1.68,7.7,50.0,100.06,36.1,105.57,-3.21,5.0,2,2026-06-11 to 2026-09-25 (74 days),0.198,25.8,nan,nan,nan,NEUTRAL,LOW,RSI oversold; Strong trend (ADX=44),-1.0,-1.0,1.0,29,2026-10-28,,0
2026-09-29T16:49:44,2026-09-29,PNW,HOLD,0,Momentum (Rate of Change),MEDIUM,2,2.33,nan,2.0,0.0,4.0,0.0,0.0,2026-11-05,0.26,0.41,100.0,28.34,2.42,31.83,-4.83,37.0,1,2026-06-11 to 2026-09-25 (74 days),-1.0,25.8,nan,nan,nan,NEUTRAL,LOW,RSI oversold; Strong trend (ADX=40); Last surprise: -2.7%,-1.0,-1.0,1.0,35,2026-11-03,-2.72,0
2026-09-29T16:50:45,2026-09-29,G,HOLD,0,EMA Crossover (9/21),HIGH,4,2.28,nan,3.98,0.0,7.96,0.0,0.0,2026-12-01,1.29,2.2,100.0,110.2,42.9,27.04,-9.95,63.0,1,2026-06-11 to 2026-09-25 (74 days),-1.0,36.7,nan,nan,nan,NEUTRAL,LOW,Strong trend (ADX=35),-1.0,-1.0,1.0,37,2026-11-05,,0
2026-09-29T16:48:48,2026-09-29,BRO,BUY,1,SMA Crossover (10/50),MEDIUM,3,2.22,nan,4.56,nan,9.12,nan,10.0,2026-12-18,0.86,1.36,100.0,65.46,24.03,18.09,-11.39,80.0,1,2026-06-11 to 2026-09-25 (74 days),0.758,28.0,nan,nan,nan,NEUTRAL,LOW,RSI oversold; Strong trend (ADX=54); Last surprise: +0.0%,-1.0,-1.0,1.0,27,2026-10-26,0.0,0
2026-09-29T16:50:07,2026-09-29,ZBH,BUY,1,SMA Crossover (10/50),HIGH,4,2.12,nan,3.84,nan,7.68,nan,10.0,2026-12-31,1.17,1.74,100.0,95.99,36.71,19.32,-9.59,93.0,1,2026-06-11 to 2026-09-25 (74 days),0.044,39.4,nan,nan,nan,NEUTRAL,LOW,Strong trend (ADX=30); Last surprise: +3.0%,-1.0,-1.0,1.0,37,2026-11-05,2.99,0
2026-09-29T16:50:44,2026-09-29,HLNE,HOLD,0,EMA Crossover (9/21),HIGH,4,2.1,nan,4.79,0.0,9.58,0.0,0.0,2026-11-26,1.34,2.39,100.0,117.78,46.31,2.68,-11.97,58.0,1,2026-06-11 to 2026-09-25 (74 days),-1.0,31.9,nan,nan,nan,NEUTRAL,LOW,Strong trend (ADX=58),-1.0,-1.0,1.0,35,2026-11-03,,0
2026-09-29T16:50:19,2026-09-29,PEN,HOLD,0,EMA Crossover (9/21),MEDIUM,3,2.09,nan,2.0,0.0,4.0,0.0,0.0,2026-11-02,0.71,0.96,100.0,8.72,2.69,2.07,-1.89,34.0,1,2026-06-11 to 2026-09-25 (74 days),-1.0,44.2,nan,nan,nan,NEUTRAL,LOW,No special conditions,-1.0,-1.0,1.0,36,2026-11-04,,0
2026-09-29T16:50:04,2026-09-29,WMB,HOLD,0,Stochastic Oscillator,MEDIUM,3,2.08,nan,2.5,0.0,3.75,0.0,0.0,2026-11-03,0.89,1.5,100.0,43.28,14.53,20.85,-6.26,35.0,1,2026-06-11 to 2026-09-25 (74 days),-1.0,36.9,nan,nan,nan,NEUTRAL,LOW,Last surprise: +0.0%,-1.0,-1.0,1.0,34,2026-11-02,0.0,0
2026-09-29T16:49:05,2026-09-29,ES,HOLD,0,Momentum (Rate of Change),MEDIUM,2,2.03,nan,2.47,0.0,4.94,0.0,0.0,2026-11-16,0.38,0.56,100.0,29.95,4.4,23.22,-6.17,48.0,1,2026-06-11 to 2026-09-25 (74 days),-1.0,26.2,nan,nan,nan,NEUTRAL,LOW,RSI oversold; Strong trend (ADX=44); Last surprise: +0.0%,-1.0,-1.0,1.0,36,2026-11-04,0.0,0
2026-09-29T16:50:06,2026-09-29,XOM,HOLD,0,EMA Crossover (9/21),HIGH,5,2.0,nan,2.6,0.0,5.2,0.0,0.0,2026-12-09,1.75,2.9,100.0,106.43,41.24,1.18,-6.51,71.0,1,2026-06-11 to 2026-09-25 (74 days),-1.0,48.9,nan,nan,nan,NEUTRAL,LOW,Last surprise: +13.2%; Earnings conf adj: +1,-1.0,-1.0,1.0,31,2026-10-30,13.22,1
2026-09-29T16:48:43,2026-09-29,ARES,HOLD,0,EMA Crossover (9/21),MEDIUM,3,1.98,nan,5.04,0.0,10.08,0.0,0.0,2026-11-25,0.68,1.21,100.0,48.51,16.94,36.86,-12.59,57.0,1,2026-06-11 to 2026-09-25 (74 days),-1.0,36.4,nan,nan,nan,NEUTRAL,LOW,Strong trend (ADX=45); Last surprise: +1.6%,-1.0,-1.0,1.0,34,2026-11-02,1.57,0
2026-09-29T16:50:05,2026-09-29,WRB,BUY,1,ADX Trend Following,HIGH,4,1.97,nan,2.51,nan,5.02,nan,10.0,2026-11-11,0.71,1.07,100.0,32.34,10.45,10.56,-6.28,43.0,1,2026-06-11 to 2026-09-25 (74 days),0.437,33.8,nan,nan,nan,NEUTRAL,LOW,Strong trend (ADX=36); Last surprise: +17.6%; Earnings conf adj: +1,-1.0,-1.0,1.0,20,2026-10-19,17.59,1
2026-09-29T16:48:41,2026-09-29,AMP,BUY,1,SMA Crossover (10/50),HIGH,4,1.96,nan,4.8,nan,9.6,nan,10.0,2026-12-29,1.39,2.09,100.0,93.18,35.49,-2.62,-11.99,91.0,1,2026-06-11 to 2026-09-25 (74 days),0.639,28.6,nan,nan,nan,NEUTRAL,LOW,RSI oversold; Strong trend (ADX=54); Last surprise: +2.4%,-1.0,-1.0,1.0,30,2026-10-29,2.41,0
2026-09-29T16:48:55,2026-09-29,COR,HOLD,0,EMA Crossover (9/21),HIGH,4,1.96,nan,3.41,0.0,6.82,0.0,0.0,2027-01-05,1.33,2.0,100.0,97.37,37.3,1.59,-8.53,98.0,1,2026-06-11 to 2026-09-25 (74 days),-1.0,39.5,nan,nan,nan,NEUTRAL,LOW,Last surprise: +3.2%,-1.0,-1.0,1.0,36,2026-11-04,3.23,0
2026-09-29T16:49:03,2026-09-29,ED,HOLD,0,Momentum (Rate of Change),HIGH,4,1.91,nan,2.0,0.0,4.0,0.0,0.0,2026-11-04,0.57,0.93,100.0,33.33,6.32,15.37,-3.67,36.0,1,2026-06-11 to 2026-09-25 (74 days),-1.0,36.3,nan,nan,nan,NEUTRAL,LOW,Strong trend (ADX=34); Last surprise: +7.8%; Earnings conf adj: +1,-1.0,-1.0,1.0,37,2026-11-05,7.79,1
2026-09-29T16:50:21,2026-09-29,ELS,BUY,1,SMA Crossover (10/50),MEDIUM,2,1.89,nan,2.72,nan,5.44,nan,10.0,2026-12-15,0.31,0.49,100.0,12.52,4.02,22.36,-6.79,77.0,1,2026-06-11 to 2026-09-25 (74 days),0.563,32.4,nan,nan,nan,NEUTRAL,LOW,Strong trend (ADX=49),-1.0,-1.0,1.0,22,2026-10-21,,0
2026-09-29T16:50:58,2026-09-29,KBH,HOLD,0,Momentum (Rate of Change),MEDIUM,2,1.89,nan,5.02,0.0,10.04,0.0,0.0,2026-10-31,0.29,0.71,100.0,26.59,4.67,38.37,-12.56,32.0,1,2026-06-11 to 2026-09-25 (74 days),-1.0,38.4,nan,nan,nan,NEUTRAL,LOW,Strong trend (ADX=39),-1.0,-1.0,1.0,79,2026-12-17,,0
2026-09-29T16:50:29,2026-09-29,MUSA,HOLD,0,VWAP Trend,MEDIUM,2,1.86,nan,2.0,0.0,4.0,0.0,0.0,2026-09-30,0.67,1.4,50.0,1.75,9.22,58.12,-3.78,1.6,12,2026-06-11 to 2026-09-25 (74 days),-1.0,42.5,nan,nan,nan,NEUTRAL,LOW,No special conditions,-1.0,-1.0,1.0,29,2026-10-28,,0
2026-09-29T16:50:33,2026-09-29,SPXC,HOLD,0,VWAP Trend,MEDIUM,3,1.86,nan,3.9,0.0,7.8,0.0,0.0,2026-10-03,0.64,0.89,71.4,1.56,9.93,74.56,-9.76,4.1,7,2026-06-11 to 2026-09-25 (74 days),-1.0,29.3,nan,nan,nan,NEUTRAL,LOW,RSI oversold; Strong trend (ADX=58),-1.0,-1.0,1.0,29,2026-10-28,,0
2026-09-29T16:49:29,2026-09-29,MAA,BUY,1,SMA Crossover (10/50),MEDIUM,2,1.84,nan,2.0,nan,4.0,nan,10.0,2026-10-03,-0.31,-0.45,100.0,0.13,-0.64,38.28,-0.93,4.0,1,2026-06-11 to 2026-09-25 (74 days),0.667,26.9,nan,nan,nan,NEUTRAL,LOW,RSI oversold; Strong trend (ADX=66); Last surprise: +33.3%; Earnings conf adj: +1,-1.0,-1.0,1.0,29,2026-10-28,33.33,1
2026-09-29T16:50:38,2026-09-29,AXTA,HOLD,0,MACD Crossover,MEDIUM,2,1.81,nan,2.94,0.0,5.88,0.0,0.0,2026-10-19,0.42,0.66,100.0,15.94,4.87,2.63,-7.35,20.0,1,2026-06-11 to 2026-09-25 (74 days),-1.0,41.2,nan,nan,nan,NEUTRAL,LOW,Strong trend (ADX=40),-1.0,-1.0,1.0,29,2026-10-28,,0
2026-09-29T16:49:57,2026-09-29,TTWO,HOLD,0,Stochastic Oscillator,HIGH,4,1.8,nan,3.91,0.0,5.86,0.0,0.0,2026-10-16,1.0,1.8,66.7,2.5,28.55,44.83,-9.77,17.0,3,2026-06-11 to 2026-09-25 (74 days),-1.0,32.6,nan,nan,nan,NEUTRAL,LOW,Strong trend (ADX=34); Last surprise: +14.3%; Earnings conf adj: +1,-1.0,-1.0,1.0,41,2026-11-09,14.29,1
2026-09-29T16:50:05,2026-09-29,XEL,HOLD,0,Momentum (Rate of Change),MEDIUM,3,1.78,nan,2.0,0.0,4.0,0.0,0.0,2026-10-23,-0.21,-0.32,100.0,12.67,-2.86,26.08,-4.66,24.0,1,2026-06-11 to 2026-09-25 (74 days),-1.0,28.1,nan,nan,nan,NEUTRAL,LOW,RSI oversold; Strong trend (ADX=60); Last surprise: +17.7%; Earnings conf adj: +1,-1.0,-1.0,1.0,30,2026-10-29,17.72,1
2026-09-29T16:50:36,2026-09-29,IDA,HOLD,0,Momentum (Rate of Change),MEDIUM,2,1.77,nan,2.62,0.0,5.24,0.0,0.0,2026-11-02,0.28,0.46,100.0,26.25,2.75,27.08,-6.56,34.0,1,2026-06-11 to 2026-09-25 (74 days),-1.0,33.8,nan,nan,nan,NEUTRAL,LOW,Strong trend (ADX=62),-1.0,-1.0,1.0,30,2026-10-29,,0
2026-09-29T16:49:40,2026-09-29,ORLY,BUY,1,ADX Trend Following,MEDIUM,2,1.74,nan,2.8,nan,5.6,nan,10.0,2026-11-10,0.34,0.5,100.0,13.75,4.1,18.54,-7.01,42.0,1,2026-06-11 to 2026-09-25 (74 days),0.321,47.5,nan,nan,nan,NEUTRAL,LOW,Last surprise: +0.0%,-1.0,-1.0,1.0,29,2026-10-28,0.0,0
2026-09-29T16:50:55,2026-09-29,SLGN,HOLD,0,Multi-Factor Momentum MR,LOW,0,1.72,nan,6.72,0.0,10.08,0.0,0.0,2026-11-06,-0.53,-0.65,0.0,0.0,-17.93,13.26,-16.81,38.0,1,2026-06-11 to 2026-09-25 (74 days),-1.0,28.7,nan,nan,nan,NEUTRAL,LOW,RSI oversold; Strong trend (ADX=36),-1.0,-1.0,1.0,30,2026-10-29,,0
2026-09-29T16:51:00,2026-09-29,XRAY,HOLD,0,Momentum (Rate of Change),MEDIUM,3,1.69,nan,7.84,0.0,15.68,0.0,0.0,2026-11-14,0.55,0.82,100.0,53.5,14.83,37.85,-19.61,46.0,1,2026-06-11 to 2026-09-25 (74 days),-1.0,34.2,nan,nan,nan,NEUTRAL,LOW,Strong trend (ADX=47),-1.0,-1.0,1.0,37,2026-11-05,,0
2026-09-29T16:49:38,2026-09-29,O,HOLD,0,Momentum (Rate of Change),LOW,1,1.67,nan,2.45,0.0,3.68,0.0,0.0,2026-11-18,-0.03,-0.05,100.0,16.16,-1.37,26.76,-6.13,50.0,1,2026-06-11 to 2026-09-25 (74 days),-1.0,17.4,nan,nan,nan,NEUTRAL,LOW,RSI oversold; Strong trend (ADX=64); Last surprise: -11.9%; Earnings conf adj: -1,-1.0,-1.0,1.0,34,2026-11-02,-11.9,-1
2026-09-29T16:49:53,2026-09-29,SYF,BUY,1,ADX Trend Following,MEDIUM,2,1.64,nan,5.29,nan,10.58,nan,10.0,2026-10-12,0.1,0.13,60.0,1.07,-1.2,-5.68,-13.22,13.6,5,2026-06-11 to 2026-09-25 (74 days),0.321,40.1,nan,nan,nan,NEUTRAL,LOW,Strong trend (ADX=45); Last surprise: +21.6%; Earnings conf adj: +1,-1.0,-1.0,1.0,21,2026-10-20,21.6,1
2026-09-29T16:50:48,2026-09-29,SIGI,HOLD,0,Momentum (Rate of Change),MEDIUM,2,1.63,nan,2.94,0.0,5.88,0.0,0.0,2026-11-14,0.23,0.32,100.0,20.53,2.56,21.41,-7.36,46.0,1,2026-06-11 to 2026-09-25 (74 days),-1.0,32.0,nan,nan,nan,NEUTRAL,LOW,No special conditions,-1.0,-1.0,1.0,22,2026-10-21,,0
2026-09-29T16:50:58,2026-09-29,MZTI,HOLD,0,MACD Crossover,MEDIUM,3,1.63,nan,2.3,0.0,4.6,0.0,0.0,2026-10-07,0.71,1.09,66.7,1.82,10.22,33.34,-5.74,8.7,3,2026-06-11 to 2026-09-25 (74 days),-1.0,38.7,nan,nan,nan,NEUTRAL,LOW,No special conditions,-1.0,-1.0,1.0,36,2026-11-04,,0
2026-09-29T16:50:55,2026-09-29,CAR,HOLD,0,VWAP Trend,MEDIUM,2,1.59,nan,5.69,0.0,11.38,0.0,0.0,2026-10-07,0.51,0.78,62.5,1.37,11.33,96.87,-14.23,8.0,8,2026-06-11 to 2026-09-25 (74 days),-1.0,29.6,nan,nan,nan,NEUTRAL,LOW,RSI oversold; Strong trend (ADX=59),-1.0,-1.0,1.0,28,2026-10-27,,0
2026-09-29T16:49:34,2026-09-29,MSI,EXIT,-1,SMA Crossover (10/50),HIGH,5,1.58,nan,2.86,nan,5.72,nan,10.0,2026-12-17,1.33,2.74,100.0,88.22,33.39,-14.31,-7.16,79.0,1,2026-06-11 to 2026-09-25 (74 days),-1.0,45.3,nan,nan,nan,NEUTRAL,LOW,Last surprise: +14.5%; Earnings conf adj: +1,-1.0,-1.0,1.0,37,2026-11-05,14.55,1
2026-09-29T16:50:52,2026-09-29,EPR,HOLD,0,Momentum (Rate of Change),MEDIUM,3,1.56,nan,3.02,0.0,6.04,0.0,0.0,2026-11-25,0.6,0.92,100.0,33.75,8.32,16.54,-7.54,57.0,1,2026-06-11 to 2026-09-25 (74 days),-1.0,35.1,nan,nan,nan,NEUTRAL,LOW,Strong trend (ADX=30),-1.0,-1.0,1.0,29,2026-10-28,,0
2026-09-29T16:50:58,2026-09-29,CXT,HOLD,0,Momentum (Rate of Change),HIGH,4,1.56,nan,4.96,0.0,9.92,0.0,0.0,2026-12-03,1.58,2.41,100.0,141.05,54.94,-15.89,-12.4,65.0,1,2026-06-11 to 2026-09-25 (74 days),-1.0,45.9,nan,nan,nan,NEUTRAL,LOW,No special conditions,-1.0,-1.0,1.0,36,2026-11-04,,0
2026-09-29T16:48:37,2026-09-29,AEE,HOLD,0,Momentum (Rate of Change),MEDIUM,2,1.54,nan,2.5,0.0,5.0,0.0,0.0,2026-10-27,0.15,0.23,100.0,21.36,1.07,24.76,-6.24,28.0,1,2026-06-11 to 2026-09-25 (74 days),-1.0,25.3,nan,nan,nan,NEUTRAL,LOW,RSI oversold; Strong trend (ADX=53); Last surprise: +4.6%,-1.0,-1.0,1.0,36,2026-11-04,4.63,0
2026-09-29T16:48:38,2026-09-29,AFL,HOLD,0,Momentum (Rate of Change),MEDIUM,2,1.53,nan,3.03,0.0,6.06,0.0,0.0,2026-11-28,0.47,0.71,100.0,26.76,5.45,11.7,-7.57,60.0,1,2026-06-11 to 2026-09-25 (74 days),-1.0,36.9,nan,nan,nan,NEUTRAL,LOW,Last surprise: -0.6%,-1.0,-1.0,1.0,36,2026-11-04,-0.57,0
2026-09-29T16:50:44,2026-09-29,GBCI,BUY,1,SMA Crossover (10/50),MEDIUM,2,1.53,nan,4.41,nan,8.82,nan,10.0,2026-11-19,0.4,0.57,100.0,17.86,5.93,30.2,-11.03,51.0,1,2026-06-11 to 2026-09-25 (74 days),0.468,37.0,nan,nan,nan,NEUTRAL,LOW,Strong trend (ADX=47),-1.0,-1.0,1.0,23,2026-10-22,,0
2026-09-29T16:49:03,2026-09-29,EIX,HOLD,0,52-Week High Momentum,MEDIUM,2,1.47,nan,5.6,0.0,11.2,0.0,0.0,2026-11-17,-0.47,-0.59,100.0,1.33,-10.37,54.85,-13.99,49.0,1,2026-06-11 to 2026-09-25 (74 days),-1.0,30.5,nan,nan,nan,NEUTRAL,LOW,Strong trend (ADX=40); Last surprise: +27.3%; Earnings conf adj: +1,-1.0,-1.0,1.0,28,2026-10-27,27.27,1
2026-09-29T16:48:44,2026-09-29,AWK,HOLD,0,EMA Crossover (9/21),MEDIUM,3,1.44,nan,2.24,0.0,4.48,0.0,0.0,2027-01-05,0.83,1.34,100.0,47.57,16.98,-4.87,-5.59,98.0,1,2026-06-11 to 2026-09-25 (74 days),-1.0,32.6,nan,nan,nan,NEUTRAL,LOW,Strong trend (ADX=47); Last surprise: +3.9%,-1.0,-1.0,1.0,29,2026-10-28,3.87,0
2026-09-29T16:49:46,2026-09-29,REG,HOLD,0,Momentum (Rate of Change),MEDIUM,2,1.42,nan,2.0,0.0,4.0,0.0,0.0,2026-11-14,-0.02,-0.04,100.0,12.0,-1.06,22.42,-4.34,46.0,1,2026-06-11 to 2026-09-25 (74 days),-1.0,38.6,nan,nan,nan,NEUTRAL,LOW,Strong trend (ADX=37); Last surprise: +3.4%,-1.0,-1.0,1.0,29,2026-10-28,3.39,0
2026-09-29T16:49:21,2026-09-29,IR,HOLD,0,EMA Crossover (9/21),MEDIUM,3,1.37,nan,4.09,0.0,8.18,0.0,0.0,2026-12-02,0.54,0.98,100.0,32.61,11.32,-3.02,-10.23,64.0,1,2026-06-11 to 2026-09-25 (74 days),-1.0,50.8,nan,nan,nan,NEUTRAL,LOW,Strong trend (ADX=36); Last surprise: +3.6%,-1.0,-1.0,1.0,30,2026-10-29,3.61,0
2026-09-29T16:49:22,2026-09-29,JKHY,HOLD,0,Composite Multi-Indicator,HIGH,5,1.35,nan,5.86,0.0,11.72,0.0,0.0,2027-01-06,1.82,2.83,100.0,174.06,73.32,-2.5,-14.65,99.0,1,2026-06-11 to 2026-09-25 (74 days),-1.0,36.2,nan,nan,nan,NEUTRAL,LOW,Strong trend (ADX=39); Last surprise: +6.3%; Earnings conf adj: +1,-1.0,-1.0,1.0,35,2026-11-03,6.25,1
2026-09-29T16:50:18,2026-09-29,CSL,BUY,1,ADX Trend Following,MEDIUM,3,1.35,nan,4.4,nan,8.8,nan,10.0,2026-10-08,0.64,1.33,66.7,2.94,14.3,27.29,-11.0,9.7,3,2026-06-11 to 2026-09-25 (74 days),0.321,44.8,nan,nan,nan,NEUTRAL,LOW,Strong trend (ADX=41),-1.0,-1.0,1.0,29,2026-10-28,,0
2026-09-29T16:50:36,2026-09-29,CHWY,HOLD,0,EMA Crossover (9/21),MEDIUM,2,1.34,nan,6.38,0.0,12.76,0.0,0.0,2026-12-03,0.33,0.43,100.0,15.88,5.23,14.13,-15.96,65.0,1,2026-06-11 to 2026-09-25 (74 days),-1.0,26.6,nan,nan,nan,NEUTRAL,LOW,RSI oversold; Strong trend (ADX=41),-1.0,-1.0,1.0,71,2026-12-09,,0
2026-09-29T16:48:38,2026-09-29,AIG,HOLD,0,Momentum (Rate of Change),MEDIUM,2,1.3,nan,2.73,0.0,5.46,0.0,0.0,2026-11-23,0.46,0.75,100.0,27.64,6.86,7.6,-6.82,55.0,1,2026-06-11 to 2026-09-25 (74 days),-1.0,41.0,nan,nan,nan,NEUTRAL,LOW,Last surprise: +3.6%,-1.0,-1.0,1.0,36,2026-11-04,3.63,0
2026-09-29T16:49:56,2026-09-29,TROW,HOLD,0,Momentum (Rate of Change),MEDIUM,3,1.27,nan,3.26,0.0,6.52,0.0,0.0,2026-11-20,0.62,0.85,100.0,46.72,11.92,12.45,-8.16,52.0,1,2026-06-11 to 2026-09-25 (74 days),-1.0,44.3,nan,nan,nan,NEUTRAL,LOW,Strong trend (ADX=50); Last surprise: +2.0%,-1.0,-1.0,1.0,31,2026-10-30,1.98,0
2026-09-29T16:50:35,2026-09-29,PB,HOLD,0,Momentum (Rate of Change),MEDIUM,2,1.18,nan,2.12,0.0,4.24,0.0,0.0,2026-12-07,-0.05,-0.07,100.0,6.08,-1.7,10.42,-5.29,69.0,1,2026-06-11 to 2026-09-25 (74 days),-1.0,29.0,nan,nan,nan,NEUTRAL,LOW,RSI oversold; Strong trend (ADX=35),-1.0,-1.0,1.0,36,2026-11-04,,0
2026-09-29T16:50:56,2026-09-29,BBWI,HOLD,0,ADX Trend Following,MEDIUM,2,1.17,nan,7.0,0.0,14.0,0.0,0.0,2026-10-26,0.17,0.25,100.0,3.86,1.0,35.9,-17.49,27.0,1,2026-06-11 to 2026-09-25 (74 days),-1.0,38.0,nan,nan,nan,NEUTRAL,LOW,No special conditions,-1.0,-1.0,1.0,51,2026-11-19,,0
2026-09-29T16:50:18,2026-09-29,TRU,HOLD,0,EMA Crossover (9/21),MEDIUM,2,1.13,nan,4.11,0.0,8.22,0.0,0.0,2026-12-09,0.5,0.82,100.0,33.85,11.78,-8.28,-10.27,71.0,1,2026-06-11 to 2026-09-25 (74 days),-1.0,31.5,nan,nan,nan,NEUTRAL,LOW,Strong trend (ADX=49),-1.0,-1.0,1.0,23,2026-10-22,,0
2026-09-29T16:50:49,2026-09-29,CNO,HOLD,0,52-Week High Momentum,HIGH,4,1.12,nan,2.15,0.0,4.3,0.0,0.0,2027-01-12,1.49,2.29,100.0,74.41,27.65,-4.38,-5.38,105.0,1,2026-06-11 to 2026-09-25 (74 days),-1.0,44.8,nan,nan,nan,NEUTRAL,LOW,No special conditions,-1.0,-1.0,1.0,34,2026-11-02,,0
2026-09-29T16:50:06,2026-09-29,XYZ,HOLD,0,EMA Crossover (9/21),HIGH,4,1.11,nan,3.28,0.0,6.56,0.0,0.0,2026-12-23,0.96,1.53,100.0,84.53,31.84,-9.8,-8.21,85.0,1,2026-06-11 to 2026-09-25 (74 days),-1.0,43.0,nan,nan,nan,NEUTRAL,LOW,Last surprise: +17.2%; Earnings conf adj: +1,-1.0,-1.0,1.0,41,2026-11-09,17.24,1
2026-09-29T16:50:27,2026-09-29,AM,HOLD,0,Multi-Factor Momentum MR,MEDIUM,3,1.06,nan,2.0,0.0,4.0,0.0,0.0,2026-10-23,0.62,0.99,100.0,22.79,7.33,10.7,-3.73,24.0,1,2026-06-11 to 2026-09-25 (74 days),-1.0,35.4,nan,nan,nan,NEUTRAL,LOW,No special conditions,-1.0,-1.0,1.0,29,2026-10-28,,0
2026-09-29T16:50:31,2026-09-29,HLI,HOLD,0,MACD Crossover,LOW,0,1.06,nan,8.19,0.0,12.28,0.0,0.0,2026-10-15,-2.58,-2.92,25.0,0.11,-50.82,-36.66,-20.47,16.5,4,2026-06-11 to 2026-09-25 (74 days),-1.0,44.2,nan,nan,nan,NEUTRAL,LOW,Strong trend (ADX=30),-1.0,-1.0,1.0,30,2026-10-29,,0
2026-09-29T16:50:00,2026-09-29,VMC,HOLD,0,EMA Crossover (9/21),LOW,1,1.05,nan,3.37,0.0,5.06,0.0,0.0,2026-10-30,0.08,0.11,100.0,0.64,-0.12,36.56,-8.43,31.0,1,2026-06-11 to 2026-09-25 (74 days),-1.0,37.2,nan,nan,nan,NEUTRAL,LOW,Strong trend (ADX=33); Last surprise: +4.9%,-1.0,-1.0,1.0,30,2026-10-29,4.86,0
2026-09-29T16:49:25,2026-09-29,KMI,HOLD,0,Multi-Factor Momentum MR,MEDIUM,3,1.02,nan,2.17,0.0,4.34,0.0,0.0,2026-10-24,0.26,0.36,100.0,8.65,2.31,5.82,-5.43,25.0,1,2026-06-11 to 2026-09-25 (74 days),-1.0,42.3,nan,nan,nan,NEUTRAL,LOW,Last surprise: +19.4%; Earnings conf adj: +1,-1.0,-1.0,1.0,29,2026-10-28,19.35,1
2026-09-29T16:48:38,2026-09-29,AEP,HOLD,0,Momentum (Rate of Change),LOW,1,1.01,nan,2.69,0.0,4.04,0.0,0.0,2026-11-02,-0.06,-0.09,100.0,9.02,-1.39,21.3,-6.73,34.0,1,2026-06-11 to 2026-09-25 (74 days),-1.0,33.3,nan,nan,nan,NEUTRAL,LOW,Strong trend (ADX=47); Last surprise: -8.1%; Earnings conf adj: -1,-1.0,-1.0,1.0,29,2026-10-28,-8.11,-1
2026-09-29T16:50:46,2026-09-29,DLB,HOLD,0,EMA Crossover (9/21),HIGH,4,0.93,nan,5.27,0.0,10.54,0.0,0.0,2026-11-17,1.33,2.93,100.0,115.36,45.21,-1.32,-13.17,49.0,1,2026-06-11 to 2026-09-25 (74 days),-1.0,44.5,nan,nan,nan,NEUTRAL,LOW,No special conditions,-1.0,-1.0,1.0,49,2026-11-17,,0
2026-09-29T16:49:15,2026-09-29,HD,HOLD,1,SMA Crossover (10/50),LOW,1,0.89,nan,3.71,nan,5.56,nan,0.0,2026-12-07,0.11,0.16,100.0,0.71,-0.11,28.77,-9.27,69.0,1,2026-06-11 to 2026-09-25 (74 days),-1.0,31.9,nan,nan,nan,NEUTRAL,LOW,Strong trend (ADX=42); Last surprise: +4.0%,-1.0,-1.0,1.0,49,2026-11-17,4.02,0
2026-09-29T16:50:44,2026-09-29,ANF,EXIT,-1,SMA Crossover (10/50),HIGH,4,0.85,nan,5.22,nan,10.44,nan,10.0,2027-01-07,2.36,6.76,100.0,601.05,405.33,102.2,-13.04,100.0,1,2026-06-11 to 2026-09-25 (74 days),-1.0,53.2,nan,nan,nan,NEUTRAL,LOW,No special conditions,-1.0,-1.0,1.0,57,2026-11-25,,0
2026-09-29T16:50:30,2026-09-29,CYTK,HOLD,0,52-Week High Momentum,MEDIUM,2,0.84,nan,4.31,0.0,8.62,0.0,0.0,2026-11-01,-0.24,-0.4,100.0,28.58,-5.32,15.84,-10.78,33.0,1,2026-06-11 to 2026-09-25 (74 days),-1.0,27.3,nan,nan,nan,NEUTRAL,LOW,RSI oversold; Strong trend (ADX=40),-1.0,-1.0,1.0,37,2026-11-05,,0
2026-09-29T16:49:39,2026-09-29,OMC,HOLD,0,EMA Crossover (9/21),MEDIUM,2,0.8,nan,3.55,0.0,7.1,0.0,0.0,2026-12-02,0.29,0.42,100.0,14.39,4.32,-1.95,-8.87,64.0,1,2026-06-11 to 2026-09-25 (74 days),-1.0,39.0,nan,nan,nan,NEUTRAL,LOW,Strong trend (ADX=60); Last surprise: -0.4%,-1.0,-1.0,1.0,21,2026-10-20,-0.38,0
2026-09-29T16:50:47,2026-09-29,POR,HOLD,0,Momentum (Rate of Change),MEDIUM,2,0.77,nan,2.14,0.0,4.28,0.0,0.0,2026-11-10,0.02,0.03,100.0,16.86,-0.45,13.5,-5.36,42.0,1,2026-06-11 to 2026-09-25 (74 days),-1.0,41.6,nan,nan,nan,NEUTRAL,LOW,High volume; Strong trend (ADX=30),-1.0,-1.0,1.0,31,2026-10-30,,0
2026-09-29T16:48:53,2026-09-29,COF,HOLD,0,Momentum (Rate of Change),HIGH,4,0.76,nan,2.82,0.0,5.64,0.0,0.0,2026-12-13,0.98,1.45,100.0,70.68,22.26,-18.29,-7.05,75.0,1,2026-06-11 to 2026-09-25 (74 days),-1.0,39.1,nan,nan,nan,NEUTRAL,LOW,Strong trend (ADX=45); Last surprise: +23.9%; Earnings conf adj: +1,-1.0,-1.0,1.0,21,2026-10-20,23.88,1
2026-09-29T16:50:51,2026-09-29,FFIN,BUY,1,ADX Trend Following,MEDIUM,2,0.75,nan,2.26,nan,4.52,nan,10.0,2026-10-13,0.17,0.25,66.7,4.75,1.41,5.66,-5.64,14.0,3,2026-06-11 to 2026-09-25 (74 days),0.393,42.1,nan,nan,nan,NEUTRAL,LOW,Strong trend (ADX=40),-1.0,-1.0,1.0,23,2026-10-22,,0
2026-09-29T16:50:30,2026-09-29,AYI,HOLD,0,Momentum (Rate of Change),LOW,1,0.64,nan,5.54,0.0,8.31,0.0,0.0,2026-10-20,0.95,2.76,100.0,95.39,32.73,-9.5,-13.84,21.0,1,2026-06-11 to 2026-09-25 (74 days),-1.0,49.6,nan,nan,nan,NEUTRAL,LOW,High volume; Strong trend (ADX=37); Earnings in 2d (2026-10-01); Earnings conf adj: -2,-1.0,-1.0,1.0,2,2026-10-01,,-2
2026-09-29T16:50:12,2026-09-29,EWBC,HOLD,0,Composite Multi-Indicator,MEDIUM,2,0.62,nan,3.55,0.0,7.1,0.0,0.0,2027-01-06,0.23,0.34,100.0,8.48,2.6,8.23,-8.87,99.0,1,2026-06-11 to 2026-09-25 (74 days),-1.0,46.5,nan,nan,nan,NEUTRAL,LOW,Strong trend (ADX=32),-1.0,-1.0,1.0,21,2026-10-20,,0
2026-09-29T16:48:49,2026-09-29,CAH,HOLD,0,Stochastic Oscillator,MEDIUM,2,0.59,nan,2.37,0.0,3.56,0.0,0.0,2026-10-24,0.39,0.57,50.0,2.1,5.08,5.8,-5.92,25.0,2,2026-06-11 to 2026-09-25 (74 days),-1.0,32.6,nan,nan,nan,NEUTRAL,LOW,Strong trend (ADX=46); Last surprise: +7.4%; Earnings conf adj: +1,-1.0,-1.0,1.0,37,2026-11-05,7.44,1
2026-09-29T16:49:12,2026-09-29,GIS,BUY,1,SMA Crossover (10/50),MEDIUM,3,0.47,nan,5.49,nan,10.98,nan,10.0,2026-12-21,0.51,0.79,100.0,34.67,12.08,7.91,-13.72,83.0,1,2026-06-11 to 2026-09-25 (74 days),0.619,28.9,nan,nan,nan,NEUTRAL,LOW,RSI oversold; Strong trend (ADX=52); Last surprise: +4.2%,-1.0,-1.0,1.0,85,2026-12-23,4.17,0
2026-09-29T16:50:34,2026-09-29,COLB,HOLD,0,Stochastic Oscillator,LOW,1,0.44,nan,2.68,0.0,4.02,0.0,0.0,2026-10-24,0.41,0.61,50.0,1.79,4.56,13.43,-6.7,25.0,2,2026-06-11 to 2026-09-25 (74 days),-1.0,44.9,nan,nan,nan,NEUTRAL,LOW,Strong trend (ADX=36),-1.0,-1.0,1.0,30,2026-10-29,,0
2026-09-29T16:49:14,2026-09-29,GS,HOLD,0,Multi-Factor Momentum MR,HIGH,4,0.42,nan,3.05,0.0,6.1,0.0,0.0,2026-10-17,0.74,1.43,100.0,43.12,14.86,43.28,-7.63,18.0,1,2026-06-11 to 2026-09-25 (74 days),-1.0,36.5,nan,nan,nan,NEUTRAL,LOW,Strong trend (ADX=46); Last surprise: +44.3%; Earnings conf adj: +1,-1.0,-1.0,1.0,14,2026-10-13,44.29,1
2026-09-29T16:49:43,2026-09-29,PNC,HOLD,0,Momentum (Rate of Change),MEDIUM,3,0.4,nan,2.99,0.0,5.98,0.0,0.0,2026-12-07,0.24,0.32,100.0,23.77,2.6,11.87,-7.47,69.0,1,2026-06-11 to 2026-09-25 (74 days),-1.0,30.7,nan,nan,nan,NEUTRAL,LOW,Strong trend (ADX=42); Last surprise: +8.1%; Earnings conf adj: +1,-1.0,-1.0,1.0,16,2026-10-15,8.09,1
2026-09-29T16:48:51,2026-09-29,CFG,HOLD,0,Momentum (Rate of Change),MEDIUM,2,0.28,nan,3.24,0.0,6.48,0.0,0.0,2026-12-07,0.45,0.63,100.0,36.14,7.31,10.16,-8.11,69.0,1,2026-06-11 to 2026-09-25 (74 days),-1.0,35.4,nan,nan,nan,NEUTRAL,LOW,Strong trend (ADX=45); Last surprise: +4.0%,-1.0,-1.0,1.0,17,2026-10-16,4.0,0
2026-09-29T16:50:59,2026-09-29,KD,BUY,1,SMA Crossover (10/50),MEDIUM,2,0.21,nan,7.2,nan,14.4,nan,10.0,2026-12-07,0.43,0.63,100.0,28.01,9.61,-0.53,-17.99,69.0,1,2026-06-11 to 2026-09-25 (74 days),0.615,36.4,nan,nan,nan,NEUTRAL,LOW,Strong trend (ADX=35),-1.0,-1.0,1.0,35,2026-11-03,,0
2026-09-29T16:49:50,2026-09-29,SO,HOLD,0,Momentum (Rate of Change),MEDIUM,2,0.17,nan,2.32,0.0,4.64,0.0,0.0,2026-11-02,-0.64,-0.96,100.0,0.59,-7.45,24.12,-5.79,34.0,1,2026-06-11 to 2026-09-25 (74 days),-1.0,21.9,nan,nan,nan,NEUTRAL,LOW,RSI oversold; Strong trend (ADX=66); Last surprise: +11.9%; Earnings conf adj: +1,-1.0,-1.0,1.0,37,2026-11-05,11.88,1
2026-09-29T16:49:26,2026-09-29,LII,HOLD,0,MACD Crossover,LOW,0,0.14,nan,3.49,0.0,5.24,0.0,0.0,2026-10-14,-0.98,-1.35,50.0,0.24,-12.45,54.65,-8.72,15.0,2,2026-06-11 to 2026-09-25 (74 days),-1.0,41.2,nan,nan,nan,NEUTRAL,LOW,Last surprise: +0.3%,-1.0,-1.0,1.0,29,2026-10-28,0.26,0
2026-09-29T16:49:30,2026-09-29,MCHP,HOLD,0,52-Week High Momentum,MEDIUM,3,0.13,nan,2.56,0.0,5.12,0.0,0.0,2026-10-01,-0.74,-2.57,100.0,42.29,-8.77,33.76,-6.39,2.0,1,2026-06-11 to 2026-09-25 (74 days),-1.0,59.4,nan,nan,nan,NEUTRAL,LOW,Last surprise: +8.6%; Earnings conf adj: +1,-1.0,-1.0,1.0,37,2026-11-05,8.57,1
2026-09-29T16:49:37,2026-09-29,NTRS,HOLD,0,Composite Multi-Indicator,LOW,1,0.12,nan,3.6,0.0,5.4,0.0,0.0,2027-01-02,0.16,0.22,100.0,4.69,1.28,-10.96,-9.01,95.0,1,2026-06-11 to 2026-09-25 (74 days),-1.0,40.0,nan,nan,nan,NEUTRAL,LOW,Strong trend (ADX=46); Last surprise: -8.4%; Earnings conf adj: -1,-1.0,-1.0,1.0,22,2026-10-21,-8.44,-1
2026-09-29T16:49:52,2026-09-29,STZ,HOLD,1,ADX Trend Following,LOW,0,0.01,nan,4.36,nan,6.54,nan,0.0,2026-10-12,-0.9,-1.1,50.0,0.39,-18.26,35.41,-10.91,13.5,4,2026-06-11 to 2026-09-25 (74 days),-1.0,24.7,nan,nan,nan,NEUTRAL,LOW,RSI oversold; Strong trend (ADX=43); Last surprise: +7.2%,-1.0,-1.0,1.0,7,2026-10-06,7.19,0
2026-09-29T16:49:39,2026-09-29,ORCL,HOLD,0,Composite Multi-Indicator,HIGH,5,-0.07,nan,6.29,0.0,12.58,0.0,0.0,2026-12-01,1.63,2.86,100.0,191.28,82.24,145.66,-15.73,63.0,1,2026-06-11 to 2026-09-25 (74 days),-1.0,40.6,nan,nan,nan,NEUTRAL,LOW,Last surprise: +10.3%; Earnings conf adj: +1,-1.0,-1.0,1.0,72,2026-12-10,10.34,1
2026-09-29T16:50:06,2026-09-29,ZTS,HOLD,1,SMA Crossover (10/50),LOW,1,-0.07,nan,2.32,nan,3.48,nan,0.0,2026-10-09,0.29,0.48,50.0,1.52,2.55,38.5,-5.79,10.5,2,2026-06-11 to 2026-09-25 (74 days),-1.0,39.7,nan,nan,nan,NEUTRAL,LOW,Strong trend (ADX=33); Last surprise: +1.1%,-1.0,-1.0,1.0,37,2026-11-05,1.08,0
2026-09-29T16:48:47,2026-09-29,BLK,HOLD,0,Composite Multi-Indicator,HIGH,4,-0.11,nan,4.74,0.0,9.48,0.0,0.0,2027-01-02,0.58,0.93,100.0,37.17,13.03,-14.95,-11.86,95.0,1,2026-06-11 to 2026-09-25 (74 days),-1.0,49.1,nan,nan,nan,NEUTRAL,LOW,Strong trend (ADX=31); Last surprise: +9.6%; Earnings conf adj: +1,-1.0,-1.0,1.0,15,2026-10-14,9.61,1
2026-09-29T16:50:17,2026-09-29,DKS,HOLD,0,MACD Crossover,LOW,0,-0.11,nan,9.24,0.0,13.86,0.0,0.0,2026-10-12,-0.94,-1.37,33.3,0.36,-25.14,55.83,-23.09,13.3,3,2026-06-11 to 2026-09-25 (74 days),-1.0,43.7,nan,nan,nan,NEUTRAL,LOW,Strong trend (ADX=34),-1.0,-1.0,1.0,56,2026-11-24,,0
2026-09-29T16:49:06,2026-09-29,EXE,HOLD,0,Momentum (Rate of Change),MEDIUM,3,-0.13,nan,3.0,0.0,6.0,0.0,0.0,2026-11-21,0.28,0.47,100.0,23.32,3.52,2.4,-7.51,53.0,1,2026-06-11 to 2026-09-25 (74 days),-1.0,32.3,nan,nan,nan,NEUTRAL,LOW,Strong trend (ADX=61); Last surprise: +18.7%; Earnings conf adj: +1,-1.0,-1.0,1.0,28,2026-10-27,18.75,1
2026-09-29T16:49:05,2026-09-29,ERIE,HOLD,0,Composite Multi-Indicator,MEDIUM,2,-0.19,nan,7.4,0.0,14.8,0.0,0.0,2027-01-06,0.32,0.44,100.0,12.54,4.04,6.87,-18.49,99.0,1,2026-06-11 to 2026-09-25 (74 days),-1.0,33.4,nan,nan,nan,NEUTRAL,LOW,Strong trend (ADX=46); Last surprise: +3.0%,-1.0,-1.0,1.0,30,2026-10-29,2.99,0
2026-09-29T16:50:03,2026-09-29,WDC,HOLD,0,Stochastic Oscillator,LOW,1,-0.24,nan,10.0,0.0,15.0,0.0,0.0,2026-12-16,-0.84,-1.16,0.0,0.0,-56.49,-16.7,-29.27,78.0,1,2026-06-11 to 2026-09-25 (74 days),-1.0,49.6,nan,nan,nan,NEUTRAL,LOW,Last surprise: +7.9%; Earnings conf adj: +1,-1.0,-1.0,1.0,37,2026-11-05,7.88,1
2026-09-29T16:49:11,2026-09-29,GEHC,HOLD,0,Composite Multi-Indicator,MEDIUM,3,-0.28,nan,6.06,0.0,12.12,0.0,0.0,2026-12-24,0.42,0.77,100.0,26.87,9.2,-2.83,-15.14,86.0,1,2026-06-11 to 2026-09-25 (74 days),-1.0,47.1,nan,nan,nan,NEUTRAL,LOW,Strong trend (ADX=32); Last surprise: +8.7%; Earnings conf adj: +1,-1.0,-1.0,1.0,29,2026-10-28,8.65,1
2026-09-29T16:50:32,2026-09-29,SIRI,HOLD,0,Multi-Factor Momentum MR,MEDIUM,2,-0.33,nan,5.79,0.0,11.58,0.0,0.0,2026-12-16,0.42,0.67,100.0,24.64,8.38,25.87,-14.48,78.0,1,2026-06-11 to 2026-09-25 (74 days),-1.0,31.8,nan,nan,nan,NEUTRAL,LOW,Strong trend (ADX=42),-1.0,-1.0,1.0,37,2026-11-05,,0
2026-09-29T16:50:58,2026-09-29,HGV,HOLD,0,VWAP Trend,LOW,1,-0.44,nan,4.87,0.0,7.3,0.0,0.0,2026-10-02,-0.92,-1.24,62.5,0.79,-15.36,55.57,-12.18,3.5,8,2026-06-11 to 2026-09-25 (74 days),-1.0,27.1,nan,nan,nan,NEUTRAL,LOW,RSI oversold; High volume; Strong trend (ADX=52),-1.0,-1.0,1.0,30,2026-10-29,,0
2026-09-29T16:50:51,2026-09-29,PSN,HOLD,0,Stochastic Oscillator,MEDIUM,3,-0.56,nan,2.2,0.0,3.3,0.0,0.0,2026-10-08,1.82,4.18,50.0,6.18,46.41,109.04,-5.49,9.0,2,2026-06-11 to 2026-09-25 (74 days),-1.0,36.5,nan,nan,nan,NEUTRAL,LOW,Strong trend (ADX=35),-1.0,-1.0,1.0,36,2026-11-04,,0
2026-09-29T16:50:40,2026-09-29,LNTH,HOLD,0,Stochastic Oscillator,LOW,1,-0.69,nan,2.0,0.0,3.0,0.0,0.0,2026-11-24,-0.45,-0.81,100.0,0.0,-2.05,12.31,-1.83,56.0,1,2026-06-11 to 2026-09-25 (74 days),-1.0,39.7,nan,nan,nan,NEUTRAL,LOW,No special conditions,-1.0,-1.0,1.0,37,2026-11-05,,0
2026-09-29T16:49:01,2026-09-29,DOC,HOLD,0,52-Week High Momentum,MEDIUM,3,-0.72,nan,4.18,0.0,8.36,0.0,0.0,2026-11-29,0.02,0.02,100.0,7.06,-1.36,-4.92,-10.46,61.0,1,2026-06-11 to 2026-09-25 (74 days),-1.0,43.4,nan,nan,nan,NEUTRAL,LOW,Last surprise: +166.7%; Earnings conf adj: +1,-1.0,-1.0,1.0,23,2026-10-22,166.67,1
2026-09-29T16:50:59,2026-09-29,EEFT,HOLD,0,Momentum (Rate of Change),MEDIUM,2,-0.8,nan,5.9,0.0,11.8,0.0,0.0,2026-11-02,-0.02,-0.02,100.0,2.83,-4.11,-1.73,-14.75,34.0,1,2026-06-11 to 2026-09-25 (74 days),-1.0,38.1,nan,nan,nan,NEUTRAL,LOW,No special conditions,-1.0,-1.0,1.0,22,2026-10-21,,0
2026-09-29T16:49:39,2026-09-29,ON,HOLD,0,ADX Trend Following,LOW,0,-0.85,nan,7.61,0.0,11.42,0.0,0.0,2026-10-03,-1.5,-1.89,50.0,0.34,-34.97,40.48,-19.03,4.5,4,2026-06-11 to 2026-09-25 (74 days),-1.0,54.8,nan,nan,nan,NEUTRAL,LOW,Last surprise: +2.8%,-1.0,-1.0,1.0,34,2026-11-02,2.78,0
2026-09-29T16:49:36,2026-09-29,NOC,HOLD,0,Composite Multi-Indicator,MEDIUM,3,-1.02,nan,5.28,0.0,10.56,0.0,0.0,2027-01-02,0.24,0.36,100.0,9.86,3.09,25.77,-13.21,95.0,1,2026-06-11 to 2026-09-25 (74 days),-1.0,37.9,nan,nan,nan,NEUTRAL,LOW,Strong trend (ADX=34); Last surprise: +12.6%; Earnings conf adj: +1,-1.0,-1.0,1.0,21,2026-10-20,12.61,1
2026-09-29T16:50:10,2026-09-29,CW,HOLD,0,Momentum (Rate of Change),LOW,0,-1.05,nan,8.04,0.0,12.06,0.0,0.0,2026-10-12,-3.07,-3.61,33.3,0.05,-47.96,20.88,-20.1,13.0,3,2026-06-11 to 2026-09-25 (74 days),-1.0,26.9,nan,nan,nan,NEUTRAL,LOW,RSI oversold; Strong trend (ADX=44),-1.0,-1.0,1.0,36,2026-11-04,,0
2026-09-29T16:48:44,2026-09-29,AXP,HOLD,0,VWAP Trend,LOW,0,-1.06,nan,2.0,0.0,3.0,0.0,0.0,2026-10-02,-0.06,-0.12,40.0,1.17,-0.56,8.61,-2.07,3.0,5,2026-06-11 to 2026-09-25 (74 days),-1.0,36.8,nan,nan,nan,NEUTRAL,LOW,Strong trend (ADX=42); Last surprise: +3.0%,-1.0,-1.0,1.0,24,2026-10-23,2.95,0
2026-09-29T16:48:52,2026-09-29,CMCSA,HOLD,0,EMA Crossover (9/21),MEDIUM,2,-1.23,nan,3.84,0.0,7.68,0.0,0.0,2026-10-16,0.19,0.24,66.7,1.19,1.68,24.84,-9.6,17.0,3,2026-06-11 to 2026-09-25 (74 days),-1.0,27.5,nan,nan,nan,NEUTRAL,LOW,RSI oversold; Strong trend (ADX=67); Last surprise: +7.2%; Earnings conf adj: +1,-1.0,-1.0,1.0,23,2026-10-22,7.22,1
2026-09-29T16:48:47,2026-09-29,BNY,HOLD,0,PEAD Earnings Drift,HIGH,4,-1.27,nan,3.72,0.0,7.44,0.0,0.0,2027-01-12,0.8,1.2,100.0,46.0,16.38,-6.27,-9.3,105.0,1,2026-06-11 to 2026-09-25 (74 days),-1.0,31.5,nan,nan,nan,NEUTRAL,LOW,Strong trend (ADX=40); Last surprise: +10.8%; Earnings conf adj: +1,-1.0,-1.0,1.0,16,2026-10-15,10.81,1
2026-09-29T16:50:28,2026-09-29,ONB,HOLD,0,52-Week High Momentum,MEDIUM,2,-1.57,nan,3.54,0.0,7.08,0.0,0.0,2027-01-12,0.42,0.6,100.0,18.61,6.2,-7.61,-8.84,105.0,1,2026-06-11 to 2026-09-25 (74 days),-1.0,49.0,nan,nan,nan,NEUTRAL,LOW,Strong trend (ADX=35),-1.0,-1.0,1.0,22,2026-10-21,,0
2026-09-29T16:48:52,2026-09-29,CLX,HOLD,0,Momentum (Rate of Change),LOW,1,-1.76,nan,5.32,0.0,7.98,0.0,0.0,2026-12-16,-0.03,-0.05,100.0,0.04,-5.05,34.95,-13.3,78.0,1,2026-06-11 to 2026-09-25 (74 days),-1.0,34.2,nan,nan,nan,NEUTRAL,LOW,Strong trend (ADX=65); Last surprise: +0.6%,-1.0,-1.0,1.0,35,2026-11-03,0.61,0
2026-09-29T16:49:41,2026-09-29,PEG,BUY,1,ADX Trend Following,MEDIUM,2,-1.85,nan,2.67,nan,5.34,nan,9.56,2026-10-08,-0.74,-0.96,66.7,0.7,-6.58,34.37,-6.67,9.3,3,2026-06-11 to 2026-09-25 (74 days),0.242,23.3,nan,nan,nan,NEUTRAL,LOW,RSI oversold; Strong trend (ADX=59); Last surprise: +7.5%; Earnings conf adj: +1,-1.0,-1.0,1.0,34,2026-11-02,7.5,1
2026-09-29T16:50:12,2026-09-29,BURL,HOLD,0,MACD Crossover,LOW,1,-1.89,nan,2.43,0.0,3.65,0.0,0.0,2026-10-14,0.3,0.42,50.0,2.48,3.71,67.7,-6.07,15.5,2,2026-06-11 to 2026-09-25 (74 days),-1.0,40.3,nan,nan,nan,NEUTRAL,LOW,Strong trend (ADX=40),-1.0,-1.0,1.0,59,2026-11-27,,0
2026-09-29T16:49:44,2026-09-29,PPL,HOLD,1,ADX Trend Following,LOW,0,-2.08,nan,2.69,nan,4.04,nan,0.0,2026-10-06,-0.47,-0.72,50.0,0.76,-6.39,21.18,-6.73,7.8,4,2026-06-11 to 2026-09-25 (74 days),-1.0,26.3,nan,nan,nan,NEUTRAL,LOW,RSI oversold; Strong trend (ADX=44); Last surprise: -2.9%,-1.0,-1.0,1.0,36,2026-11-04,-2.94,0
2026-09-29T16:49:25,2026-09-29,KMB,BUY,1,ADX Trend Following,MEDIUM,2,-2.16,nan,3.5,nan,7.0,nan,10.0,2026-10-12,0.23,0.34,66.7,1.37,2.67,9.08,-8.74,13.7,3,2026-06-11 to 2026-09-25 (74 days),0.512,37.9,nan,nan,nan,NEUTRAL,LOW,Strong trend (ADX=38); Last surprise: +5.5%; Earnings conf adj: +1,-1.0,-1.0,1.0,35,2026-11-03,5.47,1
2026-09-29T16:49:04,2026-09-29,EQIX,HOLD,-1,VWAP Trend,LOW,1,-2.2,nan,2.51,nan,3.76,nan,0.0,2026-10-01,-0.33,-0.55,33.3,1.01,-4.14,5.53,-6.28,2.2,12,2026-06-11 to 2026-09-25 (74 days),-1.0,42.1,nan,nan,nan,NEUTRAL,LOW,Last surprise: +6.2%; Earnings conf adj: +1,-1.0,-1.0,1.0,29,2026-10-28,6.25,1
2026-09-29T16:48:49,2026-09-29,CARR,HOLD,0,MACD Crossover,LOW,0,-2.23,nan,3.43,0.0,5.14,0.0,0.0,2026-10-03,-2.01,-2.35,50.0,0.32,-19.72,31.72,-8.57,4.5,2,2026-06-11 to 2026-09-25 (74 days),-1.0,43.8,nan,nan,nan,NEUTRAL,LOW,Strong trend (ADX=31); Last surprise: +4.9%,-1.0,-1.0,1.0,28,2026-10-27,4.88,0
2026-09-29T16:50:18,2026-09-29,GGG,HOLD,0,Momentum (Rate of Change),LOW,1,-2.24,nan,2.32,0.0,3.48,0.0,0.0,2026-11-01,-0.16,-0.25,100.0,0.26,-2.3,-22.46,-5.79,33.0,1,2026-06-11 to 2026-09-25 (74 days),-1.0,50.3,nan,nan,nan,NEUTRAL,LOW,Strong trend (ADX=32),-1.0,-1.0,1.0,22,2026-10-21,,0
2026-09-29T16:50:29,2026-09-29,BSY,HOLD,0,Momentum (Rate of Change),MEDIUM,2,-2.41,nan,5.45,0.0,10.9,0.0,0.0,2026-12-02,0.04,0.06,100.0,6.36,-4.29,-15.3,-13.63,64.0,1,2026-06-11 to 2026-09-25 (74 days),-1.0,40.4,nan,nan,nan,NEUTRAL,LOW,No special conditions,-1.0,-1.0,1.0,36,2026-11-04,,0
2026-09-29T16:50:31,2026-09-29,R,HOLD,0,VWAP Trend,LOW,0,-2.5,nan,2.0,0.0,3.0,0.0,0.0,2026-09-30,-1.78,-2.18,33.3,0.48,-13.66,30.72,-4.68,1.2,9,2026-06-11 to 2026-09-25 (74 days),-1.0,32.6,nan,nan,nan,NEUTRAL,LOW,Strong trend (ADX=36),-1.0,-1.0,1.0,23,2026-10-22,,0
2026-09-29T16:49:55,2026-09-29,TPR,HOLD,1,ADX Trend Following,LOW,1,-2.62,nan,8.83,nan,13.24,nan,0.0,2026-10-06,-0.8,-0.87,75.0,0.34,-29.53,26.87,-22.08,7.5,4,2026-06-11 to 2026-09-25 (74 days),-1.0,35.8,nan,nan,nan,NEUTRAL,LOW,Strong trend (ADX=50); Last surprise: +3.1%,-1.0,-1.0,1.0,37,2026-11-05,3.13,0
2026-09-29T16:49:20,2026-09-29,INVH,BUY,1,ADX Trend Following,HIGH,4,-2.67,nan,2.08,nan,4.16,nan,10.0,2026-10-20,1.21,1.91,50.0,5.72,15.16,39.2,-5.2,21.5,2,2026-06-11 to 2026-09-25 (74 days),0.69,26.9,nan,nan,nan,NEUTRAL,LOW,RSI oversold; Strong trend (ADX=76); Last surprise: +7.1%; Earnings conf adj: +1,-1.0,-1.0,1.0,29,2026-10-28,7.14,1
2026-09-29T16:49:20,2026-09-29,IP,HOLD,0,Momentum (Rate of Change),MEDIUM,3,-2.71,nan,7.02,0.0,14.04,0.0,0.0,2026-12-17,0.16,0.26,100.0,7.89,-0.74,-5.45,-17.56,79.0,1,2026-06-11 to 2026-09-25 (74 days),-1.0,41.0,nan,nan,nan,NEUTRAL,LOW,Last surprise: +200.0%; Earnings conf adj: +1,-1.0,-1.0,1.0,29,2026-10-28,200.0,1
2026-09-29T16:49:03,2026-09-29,EFX,HOLD,0,Momentum (Rate of Change),LOW,1,-2.8,nan,5.08,0.0,7.62,0.0,0.0,2026-12-02,-0.02,-0.03,100.0,0.02,-6.35,15.58,-12.71,64.0,1,2026-06-11 to 2026-09-25 (74 days),-1.0,25.2,nan,nan,nan,NEUTRAL,LOW,RSI oversold; Strong trend (ADX=42); Last surprise: +2.3%,-1.0,-1.0,1.0,21,2026-10-20,2.27,0
2026-09-29T16:49:08,2026-09-29,FDXF,HOLD,0,VWAP Trend,LOW,0,-3.09,nan,5.17,0.0,7.76,0.0,0.0,2026-10-06,-0.97,-1.4,50.0,0.64,-33.63,48.05,-12.92,7.2,4,2026-08-10 to 2026-09-25 (34 days),-1.0,28.9,nan,nan,nan,NEUTRAL,LOW,RSI oversold; Strong trend (ADX=46),-1.0,-1.0,1.0,29,2026-10-28,,0
2026-09-29T16:49:09,2026-09-29,FISV,BUY,1,ADX Trend Following,MEDIUM,2,-3.25,nan,3.03,nan,6.06,nan,10.0,2026-10-17,0.76,1.31,50.0,5.36,16.9,53.59,-7.57,18.0,2,2026-06-11 to 2026-09-25 (74 days),0.044,35.1,nan,nan,nan,NEUTRAL,LOW,Strong trend (ADX=32); Last surprise: -3.7%,-1.0,-1.0,1.0,29,2026-10-28,-3.66,0
2026-09-29T16:50:52,2026-09-29,IBOC,HOLD,0,VWAP Trend,LOW,0,-3.32,nan,2.0,0.0,3.0,0.0,0.0,2026-10-01,-0.73,-1.13,45.5,0.96,-5.07,16.06,-4.61,2.1,11,2026-06-11 to 2026-09-25 (74 days),-1.0,41.7,nan,nan,nan,NEUTRAL,LOW,Strong trend (ADX=36),-1.0,-1.0,1.0,37,2026-11-05,,0
2026-09-29T16:49:23,2026-09-29,KEY,HOLD,0,VWAP Trend,LOW,0,-3.44,nan,2.56,0.0,3.84,0.0,0.0,2026-10-01,-1.16,-1.35,50.0,0.59,-13.08,8.56,-6.41,2.4,8,2026-06-11 to 2026-09-25 (74 days),-1.0,37.5,nan,nan,nan,NEUTRAL,LOW,Strong trend (ADX=40); Last surprise: +4.8%,-1.0,-1.0,1.0,21,2026-10-20,4.76,0
2026-09-29T16:50:03,2026-09-29,WEC,HOLD,0,VWAP Trend,HIGH,4,-3.51,nan,2.0,0.0,4.0,0.0,0.0,2026-10-02,1.05,1.82,42.9,1.82,7.82,36.95,-3.84,3.0,7,2026-06-11 to 2026-09-25 (74 days),-1.0,33.5,nan,nan,nan,NEUTRAL,LOW,Strong trend (ADX=54); Last surprise: +12.3%; Earnings conf adj: +1,-1.0,-1.0,1.0,30,2026-10-29,12.35,1
2026-09-29T16:49:31,2026-09-29,MLM,HOLD,0,ADX Trend Following,LOW,1,-3.78,nan,4.83,0.0,7.24,0.0,0.0,2026-10-07,-0.7,-0.89,40.0,0.45,-17.6,23.52,-12.07,8.8,5,2026-06-11 to 2026-09-25 (74 days),-1.0,36.1,nan,nan,nan,NEUTRAL,LOW,Last surprise: +7.8%; Earnings conf adj: +1,-1.0,-1.0,1.0,35,2026-11-03,7.76,1
2026-09-29T16:51:00,2026-09-29,WHR,HOLD,0,MACD Crossover,LOW,1,-4.19,nan,5.24,0.0,7.86,0.0,0.0,2026-10-22,0.34,0.59,50.0,2.02,5.92,69.27,-13.1,23.5,2,2026-06-11 to 2026-09-25 (74 days),-1.0,31.9,nan,nan,nan,NEUTRAL,LOW,Strong trend (ADX=55),-1.0,-1.0,1.0,29,2026-10-28,,0
2026-09-29T16:50:23,2026-09-29,AGNC,HOLD,0,MACD Crossover,MEDIUM,3,-4.3,nan,2.86,0.0,5.72,0.0,0.0,2026-10-25,1.27,1.87,50.0,19.87,18.72,30.17,-7.16,26.5,2,2026-06-11 to 2026-09-25 (74 days),-1.0,27.0,nan,nan,nan,NEUTRAL,LOW,RSI oversold; Strong trend (ADX=53),-1.0,-1.0,1.0,20,2026-10-19,,0
2026-09-29T16:50:22,2026-09-29,AHR,HOLD,0,Stochastic Oscillator,LOW,0,-4.37,nan,2.59,0.0,3.88,0.0,0.0,2026-10-13,-0.96,-1.27,50.0,0.71,-7.75,-56.96,-6.47,14.0,2,2026-06-11 to 2026-09-25 (74 days),-1.0,36.9,nan,nan,nan,NEUTRAL,LOW,Strong trend (ADX=44),-1.0,-1.0,1.0,37,2026-11-05,,0
2026-09-29T16:50:42,2026-09-29,CAVA,HOLD,1,SMA Crossover (10/50),LOW,0,-4.37,nan,2.54,nan,3.81,nan,0.0,2026-10-05,0.21,0.35,50.0,1.45,2.09,86.43,-6.34,6.0,2,2026-06-11 to 2026-09-25 (74 days),-1.0,33.6,nan,nan,nan,NEUTRAL,LOW,Strong trend (ADX=38),-1.0,-1.0,1.0,42,2026-11-10,,0
2026-09-29T16:50:29,2026-09-29,ALSN,HOLD,0,EMA Crossover (9/21),LOW,1,-4.46,nan,4.74,0.0,7.11,0.0,0.0,2026-10-21,0.16,0.24,66.7,1.28,0.17,4.3,-11.86,22.7,3,2026-06-11 to 2026-09-25 (74 days),-1.0,35.7,nan,nan,nan,NEUTRAL,LOW,Strong trend (ADX=42),-1.0,-1.0,1.0,30,2026-10-29,,0
2026-09-29T16:50:48,2026-09-29,FLG,HOLD,1,VWAP Trend,LOW,0,-4.54,nan,2.0,nan,3.0,nan,0.0,2026-10-01,-0.61,-0.83,54.5,0.95,-6.45,36.17,-4.95,2.5,11,2026-06-11 to 2026-09-25 (74 days),-1.0,27.5,nan,nan,nan,NEUTRAL,LOW,RSI oversold; Strong trend (ADX=31),-1.0,-1.0,1.0,24,2026-10-23,,0
2026-09-29T16:50:21,2026-09-29,GWRE,BUY,1,SMA Crossover (10/50),MEDIUM,2,-4.6,nan,10.0,nan,20.0,nan,10.0,2026-12-03,0.47,0.62,100.0,29.35,9.72,-93.56,-31.95,65.0,1,2026-06-11 to 2026-09-25 (74 days),0.933,40.1,nan,nan,nan,NEUTRAL,LOW,Strong trend (ADX=31),-1.0,-1.0,1.0,65,2026-12-03,,0
2026-09-29T16:50:28,2026-09-29,WTFC,HOLD,1,ADX Trend Following,LOW,0,-4.68,nan,2.19,nan,3.28,nan,0.0,2026-10-11,-0.71,-0.96,33.3,0.32,-8.55,10.47,-5.47,12.3,3,2026-06-11 to 2026-09-25 (74 days),-1.0,36.7,nan,nan,nan,NEUTRAL,LOW,Strong trend (ADX=43),-1.0,-1.0,1.0,20,2026-10-19,,0
2026-09-29T16:50:28,2026-09-29,OC,HOLD,0,Multi-Factor Momentum MR,MEDIUM,2,-4.97,nan,8.84,0.0,17.68,0.0,0.0,2026-12-31,0.25,0.46,100.0,5.49,1.55,-7.8,-22.11,93.0,1,2026-06-11 to 2026-09-25 (74 days),-1.0,38.5,nan,nan,nan,NEUTRAL,LOW,Strong trend (ADX=35),-1.0,-1.0,1.0,36,2026-11-04,,0
2026-09-29T16:49:18,2026-09-29,HSY,HOLD,0,MACD Crossover,MEDIUM,3,-5.04,nan,2.33,0.0,4.66,0.0,0.0,2026-10-24,0.57,0.81,50.0,2.62,9.37,32.33,-5.83,25.5,2,2026-06-11 to 2026-09-25 (74 days),-1.0,32.8,nan,nan,nan,NEUTRAL,LOW,Strong trend (ADX=47); Last surprise: +32.9%; Earnings conf adj: +1,-1.0,-1.0,1.0,37,2026-11-05,32.87,1
2026-09-29T16:49:04,2026-09-29,EME,HOLD,0,VWAP Trend,LOW,1,-5.22,nan,2.0,0.0,3.0,0.0,0.0,2026-10-01,-0.39,-0.51,50.0,0.94,-4.81,14.51,-4.69,2.1,8,2026-06-11 to 2026-09-25 (74 days),-1.0,50.7,nan,nan,nan,NEUTRAL,LOW,Last surprise: +25.3%; Earnings conf adj: +1,-1.0,-1.0,1.0,30,2026-10-29,25.31,1
2026-09-29T16:48:48,2026-09-29,BXP,HOLD,0,VWAP Trend,MEDIUM,2,-5.31,nan,2.63,0.0,5.26,0.0,0.0,2026-10-01,0.07,0.12,57.1,1.24,0.13,10.95,-6.57,2.4,7,2026-06-11 to 2026-09-25 (74 days),-1.0,40.9,nan,nan,nan,NEUTRAL,LOW,Strong trend (ADX=33); Last surprise: +16.3%; Earnings conf adj: +1,-1.0,-1.0,1.0,28,2026-10-27,16.28,1
2026-09-29T16:49:17,2026-09-29,HRL,HOLD,1,ADX Trend Following,LOW,1,-5.62,nan,2.0,nan,3.0,nan,0.0,2026-10-04,-1.09,-1.33,50.0,0.01,-5.96,44.45,-3.06,5.0,2,2026-06-11 to 2026-09-25 (74 days),-1.0,21.7,nan,nan,nan,NEUTRAL,LOW,RSI oversold; Strong trend (ADX=57); Last surprise: +5.7%; Earnings conf adj: +1,-1.0,-1.0,1.0,-33,2026-08-27,5.71,1
2026-09-29T16:50:59,2026-09-29,MMS,HOLD,0,VWAP Trend,MEDIUM,2,-6.24,nan,3.56,0.0,7.12,0.0,0.0,2026-10-10,0.96,1.38,42.9,2.21,27.24,69.28,-8.9,11.1,7,2026-06-11 to 2026-09-25 (74 days),-1.0,32.3,nan,nan,nan,NEUTRAL,LOW,Strong trend (ADX=31),-1.0,-1.0,1.0,51,2026-11-19,,0
2026-09-29T16:50:58,2026-09-29,WING,HOLD,0,VWAP Trend,LOW,0,-6.33,nan,8.91,0.0,13.36,0.0,0.0,2026-10-04,-1.61,-2.1,41.7,0.27,-54.07,23.84,-22.27,5.3,12,2026-06-11 to 2026-09-25 (74 days),-1.0,37.2,nan,nan,nan,NEUTRAL,LOW,No special conditions,-1.0,-1.0,1.0,29,2026-10-28,,0
2026-09-29T16:50:59,2026-09-29,RH,HOLD,1,ADX Trend Following,LOW,0,-6.55,nan,5.94,nan,8.91,nan,0.0,2026-10-18,0.33,0.57,50.0,1.36,5.84,63.54,-14.85,19.0,2,2026-06-11 to 2026-09-25 (74 days),-1.0,33.3,nan,nan,nan,NEUTRAL,LOW,Strong trend (ADX=38),-1.0,-1.0,1.0,72,2026-12-10,,0
2026-09-29T16:50:41,2026-09-29,HR,HOLD,0,VWAP Trend,LOW,0,-6.64,nan,2.69,0.0,4.04,0.0,0.0,2026-09-30,-2.31,-2.74,50.0,0.43,-13.29,19.47,-6.72,1.8,10,2026-06-11 to 2026-09-25 (74 days),-1.0,28.4,nan,nan,nan,NEUTRAL,LOW,RSI oversold; Strong trend (ADX=41),-1.0,-1.0,1.0,30,2026-10-29,,0
2026-09-29T16:50:50,2026-09-29,CNX,HOLD,0,Stochastic Oscillator,MEDIUM,2,-6.67,nan,2.0,0.0,3.0,0.0,0.0,2026-10-08,0.75,1.37,50.0,2.56,8.48,0.98,-4.2,9.0,2,2026-06-11 to 2026-09-25 (74 days),-1.0,30.8,nan,nan,nan,NEUTRAL,LOW,Strong trend (ADX=49),-1.0,-1.0,1.0,30,2026-10-29,,0
2026-09-29T16:50:56,2026-09-29,POST,HOLD,1,ADX Trend Following,LOW,0,-6.84,nan,8.22,nan,12.33,nan,0.0,2026-10-09,-2.06,-2.25,50.0,0.32,-47.29,9.33,-20.55,10.5,4,2026-06-11 to 2026-09-25 (74 days),-1.0,29.7,nan,nan,nan,NEUTRAL,LOW,RSI oversold; Strong trend (ADX=38),-1.0,-1.0,1.0,51,2026-11-19,,0
2026-09-29T16:50:14,2026-09-29,LAMR,HOLD,0,VWAP Trend,LOW,0,-6.89,nan,2.92,0.0,4.38,0.0,0.0,2026-10-02,-1.26,-1.42,33.3,0.53,-12.79,-1.45,-7.29,3.7,6,2026-06-11 to 2026-09-25 (74 days),-1.0,34.7,nan,nan,nan,NEUTRAL,LOW,Strong trend (ADX=38),-1.0,-1.0,1.0,37,2026-11-05,,0
2026-09-29T16:51:00,2026-09-29,OLN,HOLD,0,ADX Trend Following,LOW,0,-6.92,nan,2.05,0.0,3.08,0.0,0.0,2026-10-06,-1.07,-1.28,50.0,0.17,-8.87,63.97,-5.13,7.0,2,2026-06-11 to 2026-09-25 (74 days),-1.0,36.5,nan,nan,nan,NEUTRAL,LOW,No special conditions,-1.0,-1.0,1.0,30,2026-10-29,,0
2026-09-29T16:50:48,2026-09-29,KRG,HOLD,0,VWAP Trend,LOW,0,-7.45,nan,3.98,0.0,5.97,0.0,0.0,2026-09-30,-2.88,-3.35,50.0,0.44,-24.83,15.27,-9.96,1.6,14,2026-06-11 to 2026-09-25 (74 days),-1.0,25.1,nan,nan,nan,NEUTRAL,LOW,RSI oversold; Strong trend (ADX=44),-1.0,-1.0,1.0,36,2026-11-04,,0
2026-09-29T16:50:48,2026-09-29,NJR,HOLD,-1,VWAP Trend,LOW,0,-7.47,nan,4.59,nan,6.88,nan,0.0,2026-10-01,-3.06,-3.44,44.4,0.26,-28.68,-8.84,-11.48,2.7,9,2026-06-11 to 2026-09-25 (74 days),-1.0,26.4,nan,nan,nan,NEUTRAL,LOW,RSI oversold; Strong trend (ADX=32),-1.0,-1.0,1.0,48,2026-11-16,,0
2026-09-29T16:49:37,2026-09-29,NRG,HOLD,0,Stochastic Oscillator,LOW,1,-7.52,nan,9.0,0.0,13.5,0.0,0.0,2026-10-23,0.54,0.84,66.7,1.48,14.11,64.91,-22.49,24.0,3,2026-06-11 to 2026-09-25 (74 days),-1.0,35.1,nan,nan,nan,NEUTRAL,LOW,Strong trend (ADX=38); Last surprise: -14.4%; Earnings conf adj: -1,-1.0,-1.0,1.0,37,2026-11-05,-14.37,-1
2026-09-29T16:50:36,2026-09-29,CNM,HOLD,0,VWAP Trend,LOW,0,-7.64,nan,6.39,0.0,9.58,0.0,0.0,2026-10-05,-0.81,-1.07,45.5,0.75,-23.73,18.79,-15.97,6.8,11,2026-06-11 to 2026-09-25 (74 days),-1.0,47.5,nan,nan,nan,NEUTRAL,LOW,No special conditions,-1.0,-1.0,1.0,70,2026-12-08,,0
2026-09-29T16:50:49,2026-09-29,MTN,HOLD,0,Momentum (Rate of Change),MEDIUM,2,-7.67,nan,3.85,0.0,7.7,0.0,0.0,2026-10-25,0.61,0.85,50.0,4.67,12.9,8.01,-9.62,26.0,2,2026-06-11 to 2026-09-25 (74 days),-1.0,43.3,nan,nan,nan,NEUTRAL,LOW,High volume,-1.0,-1.0,1.0,71,2026-12-09,,0
2026-09-29T16:48:39,2026-09-29,ALB,HOLD,0,MACD Crossover,LOW,1,-7.81,nan,5.86,0.0,8.79,0.0,0.0,2026-10-25,-0.38,-0.55,50.0,0.67,-15.3,56.37,-14.65,26.0,2,2026-06-11 to 2026-09-25 (74 days),-1.0,37.3,nan,nan,nan,NEUTRAL,LOW,Strong trend (ADX=45); Last surprise: +15.7%; Earnings conf adj: +1,-1.0,-1.0,1.0,36,2026-11-04,15.74,1
2026-09-29T16:50:36,2026-09-29,ACM,HOLD,1,VWAP Trend,LOW,0,-7.84,nan,6.1,nan,9.15,nan,0.0,2026-10-09,0.34,0.48,50.0,1.22,6.1,42.06,-15.26,10.8,8,2026-06-11 to 2026-09-25 (74 days),-1.0,40.8,nan,nan,nan,NEUTRAL,LOW,No special conditions,-1.0,-1.0,1.0,49,2026-11-17,,0
2026-09-29T16:50:32,2026-09-29,BRX,HOLD,1,ADX Trend Following,LOW,0,-8.33,nan,2.0,nan,3.0,nan,0.0,2026-10-01,-1.57,-1.78,50.0,0.36,-9.17,26.26,-4.47,2.5,2,2026-06-11 to 2026-09-25 (74 days),-1.0,35.4,nan,nan,nan,NEUTRAL,LOW,High volume; Strong trend (ADX=41),-1.0,-1.0,1.0,27,2026-10-26,,0
2026-09-29T16:48:45,2026-09-29,BA,HOLD,0,Stochastic Oscillator,LOW,0,-8.65,nan,3.78,0.0,5.67,0.0,0.0,2026-10-25,0.36,0.61,50.0,1.48,6.39,38.55,-9.46,26.5,2,2026-06-11 to 2026-09-25 (74 days),-1.0,37.8,nan,nan,nan,NEUTRAL,LOW,High volume; Strong trend (ADX=33); Last surprise: -145.2%; Earnings conf adj: -1,-1.0,-1.0,1.0,29,2026-10-28,-145.16,-1
2026-09-29T16:50:37,2026-09-29,SARO,HOLD,1,ADX Trend Following,LOW,0,-8.65,nan,5.56,nan,8.34,nan,0.0,2026-10-27,-0.04,-0.05,50.0,1.01,-4.5,32.11,-13.91,28.5,2,2026-06-11 to 2026-09-25 (74 days),-1.0,36.5,nan,nan,nan,NEUTRAL,LOW,Strong trend (ADX=36),-1.0,-1.0,1.0,42,2026-11-10,,0
2026-09-29T16:50:34,2026-09-29,WAL,HOLD,1,ADX Trend Following,LOW,0,-8.68,nan,2.0,nan,3.0,nan,0.0,2026-10-08,0.24,0.42,50.0,1.33,1.63,18.59,-4.08,9.0,2,2026-06-11 to 2026-09-25 (74 days),-1.0,44.7,nan,nan,nan,NEUTRAL,LOW,Strong trend (ADX=36),-1.0,-1.0,1.0,22,2026-10-21,,0
2026-09-29T16:50:34,2026-09-29,KTOS,HOLD,0,Stochastic Oscillator,MEDIUM,3,-8.79,nan,8.29,0.0,12.43,0.0,0.0,2026-11-05,1.28,2.02,50.0,2.48,67.22,125.53,-20.72,37.5,2,2026-06-11 to 2026-09-25 (74 days),-1.0,35.8,nan,nan,nan,NEUTRAL,LOW,No special conditions,-1.0,-1.0,1.0,35,2026-11-03,,0
2026-09-29T16:49:12,2026-09-29,GL,EXIT,-1,VWAP Trend,HIGH,4,-8.8,nan,2.0,nan,4.0,nan,10.0,2026-10-01,1.41,2.67,55.6,2.43,9.29,4.52,-2.86,2.2,9,2026-06-11 to 2026-09-25 (74 days),-1.0,34.9,nan,nan,nan,NEUTRAL,LOW,Last surprise: -1.9%,-1.0,-1.0,1.0,22,2026-10-21,-1.9,0
2026-09-29T16:48:44,2026-09-29,AXON,HOLD,0,EMA Crossover (9/21),MEDIUM,2,-9.1,nan,10.0,0.0,20.0,0.0,0.0,2026-10-31,0.7,1.02,50.0,2.76,27.4,39.31,-25.37,32.0,2,2026-06-11 to 2026-09-25 (74 days),-1.0,33.7,nan,nan,nan,NEUTRAL,LOW,Strong trend (ADX=50); Last surprise: +2.2%,-1.0,-1.0,1.0,35,2026-11-03,2.17,0
2026-09-29T16:49:06,2026-09-29,EXC,HOLD,0,Momentum (Rate of Change),LOW,0,-9.16,nan,2.28,0.0,3.42,0.0,0.0,2026-10-16,-0.8,-1.17,50.0,0.29,-10.57,21.29,-5.7,17.5,2,2026-06-11 to 2026-09-25 (74 days),-1.0,24.5,nan,nan,nan,NEUTRAL,LOW,RSI oversold; Strong trend (ADX=57); Last surprise: -4.4%,-1.0,-1.0,1.0,35,2026-11-03,-4.44,0
2026-09-29T16:50:33,2026-09-29,CUBE,HOLD,0,Momentum (Rate of Change),LOW,0,-9.45,nan,2.14,0.0,3.21,0.0,0.0,2026-10-24,-0.85,-1.2,50.0,0.37,-13.56,11.8,-5.34,25.5,2,2026-06-11 to 2026-09-25 (74 days),-1.0,32.6,nan,nan,nan,NEUTRAL,LOW,Strong trend (ADX=35),-1.0,-1.0,1.0,30,2026-10-29,,0
2026-09-29T16:50:19,2026-09-29,BWA,HOLD,0,MACD Crossover,LOW,0,-9.47,nan,3.53,0.0,5.3,0.0,0.0,2026-10-16,-0.06,-0.1,50.0,0.89,-3.81,45.48,-8.82,17.5,2,2026-06-11 to 2026-09-25 (74 days),-1.0,42.9,nan,nan,nan,NEUTRAL,LOW,Strong trend (ADX=37),-1.0,-1.0,1.0,30,2026-10-29,,0
2026-09-29T16:50:55,2026-09-29,THO,HOLD,0,EMA Crossover (9/21),LOW,0,-9.62,nan,2.65,0.0,3.97,0.0,0.0,2026-10-24,-0.1,-0.15,50.0,0.41,-4.7,12.48,-6.63,25.0,2,2026-06-11 to 2026-09-25 (74 days),-1.0,46.4,nan,nan,nan,NEUTRAL,LOW,No special conditions,-1.0,-1.0,1.0,64,2026-12-02,,0
2026-09-29T16:49:30,2026-09-29,MCD,HOLD,1,ADX Trend Following,LOW,0,-9.72,nan,2.69,nan,4.04,nan,0.0,2026-10-22,-0.99,-1.34,50.0,0.07,-14.7,31.33,-6.73,23.5,2,2026-06-11 to 2026-09-25 (74 days),-1.0,25.0,nan,nan,nan,NEUTRAL,LOW,RSI oversold; Strong trend (ADX=58); Last surprise: +1.8%,-1.0,-1.0,1.0,37,2026-11-05,1.81,0
2026-09-29T16:49:05,2026-09-29,ETR,HOLD,0,EMA Crossover (9/21),LOW,0,-9.77,nan,3.3,0.0,4.95,0.0,0.0,2026-10-20,-0.93,-1.15,50.0,0.52,-12.24,17.62,-8.26,21.0,2,2026-06-11 to 2026-09-25 (74 days),-1.0,27.6,nan,nan,nan,NEUTRAL,LOW,RSI oversold; Strong trend (ADX=54); Last surprise: +2.0%,-1.0,-1.0,1.0,30,2026-10-29,1.98,0
2026-09-29T16:49:58,2026-09-29,UDR,HOLD,0,MACD Crossover,LOW,1,-9.92,nan,2.47,0.0,3.7,0.0,0.0,2026-10-09,-1.41,-1.63,50.0,0.01,-12.41,24.45,-6.17,10.5,2,2026-06-11 to 2026-09-25 (74 days),-1.0,28.0,nan,nan,nan,NEUTRAL,LOW,RSI oversold; Strong trend (ADX=64); Last surprise: +61.5%; Earnings conf adj: +1,-1.0,-1.0,1.0,29,2026-10-28,61.54,1
2026-09-29T16:50:45,2026-09-29,ACI,HOLD,0,Stochastic Oscillator,LOW,0,-10.06,nan,5.12,0.0,7.68,0.0,0.0,2026-11-14,-0.4,-0.57,50.0,0.12,-17.59,41.89,-12.81,46.0,2,2026-06-11 to 2026-09-25 (74 days),-1.0,40.1,nan,nan,nan,NEUTRAL,LOW,No special conditions,-1.0,-1.0,1.0,14,2026-10-13,,0
2026-09-29T16:48:52,2026-09-29,CL,HOLD,0,Momentum (Rate of Change),LOW,0,-10.08,nan,2.81,0.0,4.22,0.0,0.0,2026-10-23,-0.17,-0.25,50.0,1.18,-3.82,6.71,-7.02,24.0,2,2026-06-11 to 2026-09-25 (74 days),-1.0,38.7,nan,nan,nan,NEUTRAL,LOW,Strong trend (ADX=31); Last surprise: +4.2%,-1.0,-1.0,1.0,31,2026-10-30,4.21,0
2026-09-29T16:49:46,2026-09-29,RCL,HOLD,1,ADX Trend Following,LOW,1,-10.14,nan,4.79,nan,7.18,nan,0.0,2026-10-08,-0.69,-0.93,50.0,0.59,-14.56,28.88,-11.97,9.2,4,2026-06-11 to 2026-09-25 (74 days),-1.0,35.1,nan,nan,nan,NEUTRAL,LOW,Strong trend (ADX=55); Last surprise: +5.8%; Earnings conf adj: +1,-1.0,-1.0,1.0,28,2026-10-27,5.78,1
2026-09-29T16:50:46,2026-09-29,EXP,HOLD,0,MACD Crossover,LOW,0,-10.74,nan,5.55,0.0,8.32,0.0,0.0,2026-10-07,-0.81,-1.2,50.0,0.36,-20.3,28.36,-13.87,8.8,4,2026-06-11 to 2026-09-25 (74 days),-1.0,35.3,nan,nan,nan,NEUTRAL,LOW,Strong trend (ADX=43),-1.0,-1.0,1.0,30,2026-10-29,,0
2026-09-29T16:49:41,2026-09-29,PCG,HOLD,0,VWAP Trend,LOW,1,-11.15,nan,6.47,0.0,9.7,0.0,0.0,2026-10-03,-1.76,-2.36,45.5,0.58,-32.78,32.33,-16.18,4.1,11,2026-06-11 to 2026-09-25 (74 days),-1.0,28.2,nan,nan,nan,NEUTRAL,LOW,RSI oversold; Strong trend (ADX=43); Last surprise: +11.1%; Earnings conf adj: +1,-1.0,-1.0,1.0,23,2026-10-22,11.11,1
2026-09-29T16:50:47,2026-09-29,WH,HOLD,0,Stochastic Oscillator,LOW,0,-11.52,nan,3.89,0.0,5.84,0.0,0.0,2026-11-01,-0.63,-0.84,0.0,0.0,-13.07,13.44,-9.73,33.5,2,2026-06-11 to 2026-09-25 (74 days),-1.0,47.6,nan,nan,nan,NEUTRAL,LOW,Strong trend (ADX=37),-1.0,-1.0,1.0,22,2026-10-21,,0
2026-09-29T16:50:35,2026-09-29,DY,HOLD,0,RSI Mean Reversion,LOW,0,-11.55,nan,2.0,0.0,3.0,0.0,0.0,2026-09-30,0.0,0.0,0.0,0.0,0.0,84.34,0.0,0.0,0,2026-06-11 to 2026-09-25 (74 days),-1.0,29.7,nan,nan,nan,NEUTRAL,LOW,RSI oversold; Strong trend (ADX=46),-1.0,-1.0,1.0,57,2026-11-25,,0
2026-09-29T16:50:40,2026-09-29,BROS,HOLD,0,PEAD Earnings Drift,LOW,0,-11.55,nan,2.0,0.0,3.0,0.0,0.0,2026-09-30,0.0,0.0,0.0,0.0,0.0,84.51,0.0,0.0,0,2026-06-11 to 2026-09-25 (74 days),-1.0,20.8,nan,nan,nan,NEUTRAL,LOW,RSI oversold; Strong trend (ADX=71),-1.0,-1.0,1.0,36,2026-11-04,,0
2026-09-29T16:49:31,2026-09-29,MGM,HOLD,0,Bollinger Band Mean Reversion,LOW,0,-11.56,nan,2.0,0.0,3.0,0.0,0.0,2026-09-30,0.0,0.0,0.0,0.0,0.0,72.23,0.0,0.0,0,2026-06-11 to 2026-09-25 (74 days),-1.0,14.3,nan,nan,nan,NEUTRAL,LOW,RSI oversold; High volume; Strong trend (ADX=58); Last surprise: +1.7%,-1.0,-1.0,1.0,29,2026-10-28,1.72,0
2026-09-29T16:50:32,2026-09-29,WLK,HOLD,0,Stochastic Oscillator,LOW,0,-11.85,nan,4.99,0.0,7.48,0.0,0.0,2026-11-08,-0.28,-0.57,50.0,0.56,-15.12,42.22,-12.47,40.0,2,2026-06-11 to 2026-09-25 (74 days),-1.0,35.8,nan,nan,nan,NEUTRAL,LOW,Strong trend (ADX=34),-1.0,-1.0,1.0,30,2026-10-29,,0
2026-09-29T16:50:26,2026-09-29,KNX,HOLD,0,Stochastic Oscillator,LOW,0,-11.91,nan,4.66,0.0,6.99,0.0,0.0,2026-10-19,-0.71,-1.05,50.0,0.5,-15.47,43.15,-11.65,20.0,2,2026-06-11 to 2026-09-25 (74 days),-1.0,34.8,nan,nan,nan,NEUTRAL,LOW,No special conditions,-1.0,-1.0,1.0,22,2026-10-21,,0
2026-09-29T16:49:07,2026-09-29,FDX,HOLD,0,Stochastic Oscillator,LOW,0,-11.96,nan,4.23,0.0,6.35,0.0,0.0,2026-10-23,-0.63,-0.83,50.0,0.66,-11.41,31.01,-10.57,24.5,2,2026-06-11 to 2026-09-25 (74 days),-1.0,31.9,nan,nan,nan,NEUTRAL,LOW,Strong trend (ADX=68); Last surprise: +6.6%,-1.0,-1.0,1.0,29,2026-10-28,6.59,0
2026-09-29T16:48:59,2026-09-29,DECK,HOLD,0,RSI Mean Reversion,LOW,1,-12.1,nan,2.0,0.0,3.0,0.0,0.0,2026-09-30,0.0,0.0,0.0,0.0,0.0,72.52,0.0,0.0,0,2026-06-11 to 2026-09-25 (74 days),-1.0,35.8,nan,nan,nan,NEUTRAL,LOW,Strong trend (ADX=41); Last surprise: +8.0%; Earnings conf adj: +1,-1.0,-1.0,1.0,23,2026-10-22,8.05,1
2026-09-29T16:50:13,2026-09-29,MTZ,HOLD,0,RSI Mean Reversion,LOW,0,-12.16,nan,2.0,0.0,3.0,0.0,0.0,2026-09-30,0.0,0.0,0.0,0.0,0.0,83.47,0.0,0.0,0,2026-06-11 to 2026-09-25 (74 days),-1.0,35.4,nan,nan,nan,NEUTRAL,LOW,Strong trend (ADX=37),-1.0,-1.0,1.0,30,2026-10-29,,0
2026-09-29T16:49:15,2026-09-29,HBAN,HOLD,0,Stochastic Oscillator,LOW,0,-12.18,nan,3.75,0.0,5.62,0.0,0.0,2026-10-23,-0.38,-0.47,50.0,0.84,-7.4,15.89,-9.37,24.0,2,2026-06-11 to 2026-09-25 (74 days),-1.0,37.5,nan,nan,nan,NEUTRAL,LOW,Strong trend (ADX=50); Last surprise: +0.0%,-1.0,-1.0,1.0,23,2026-10-22,0.0,0
2026-09-29T16:49:47,2026-09-29,ROL,HOLD,1,SMA Crossover (10/50),LOW,0,-12.19,nan,2.0,nan,3.0,nan,0.0,2026-09-30,0.0,0.0,0.0,0.0,0.0,78.42,0.0,0.0,0,2026-06-11 to 2026-09-25 (74 days),-1.0,19.6,nan,nan,nan,NEUTRAL,LOW,RSI oversold; High volume; Strong trend (ADX=46); Last surprise: -5.9%; Earnings conf adj: -1,-1.0,-1.0,1.0,29,2026-10-28,-5.88,-1
2026-09-29T16:49:55,2026-09-29,TJX,HOLD,0,Multi-Factor Momentum MR,LOW,1,-12.37,nan,2.0,0.0,3.0,0.0,0.0,2026-09-30,0.0,0.0,0.0,0.0,0.0,58.51,0.0,0.0,0,2026-06-11 to 2026-09-25 (74 days),-1.0,40.6,nan,nan,nan,NEUTRAL,LOW,Strong trend (ADX=37); Last surprise: +14.3%; Earnings conf adj: +1,-1.0,-1.0,1.0,50,2026-11-18,14.29,1
2026-09-29T16:49:26,2026-09-29,LHX,HOLD,1,SMA Crossover (10/50),LOW,1,-12.4,nan,2.0,nan,3.0,nan,0.0,2026-09-30,0.0,0.0,0.0,0.0,0.0,60.33,0.0,0.0,0,2026-06-11 to 2026-09-25 (74 days),-1.0,23.8,nan,nan,nan,NEUTRAL,LOW,RSI oversold; Strong trend (ADX=61); Last surprise: +27.8%; Earnings conf adj: +1,-1.0,-1.0,1.0,30,2026-10-29,27.82,1
2026-09-29T16:50:40,2026-09-29,FLR,HOLD,-1,SMA Crossover (10/50),LOW,0,-12.46,nan,4.99,nan,7.48,nan,0.0,2026-10-21,-0.24,-0.34,50.0,0.38,-7.92,-9.51,-12.47,22.5,2,2026-06-11 to 2026-09-25 (74 days),-1.0,38.9,nan,nan,nan,NEUTRAL,LOW,No special conditions,-1.0,-1.0,1.0,38,2026-11-06,,0
2026-09-29T16:50:55,2026-09-29,VVV,HOLD,0,Composite Multi-Indicator,LOW,0,-12.47,nan,2.0,0.0,3.0,0.0,0.0,2026-09-30,0.0,0.0,0.0,0.0,0.0,60.36,0.0,0.0,0,2026-06-11 to 2026-09-25 (74 days),-1.0,39.4,nan,nan,nan,NEUTRAL,LOW,Strong trend (ADX=43),-1.0,-1.0,1.0,50,2026-11-18,,0
2026-09-29T16:50:01,2026-09-29,VRSK,HOLD,0,MACD Crossover,LOW,0,-12.54,nan,6.33,0.0,9.5,0.0,0.0,2026-10-24,0.29,0.41,50.0,1.35,4.37,25.15,-15.82,25.0,2,2026-06-11 to 2026-09-25 (74 days),-1.0,36.7,nan,nan,nan,NEUTRAL,LOW,Last surprise: +2.6%,-1.0,-1.0,1.0,29,2026-10-28,2.59,0
2026-09-29T16:50:27,2026-09-29,EVR,HOLD,0,RSI Mean Reversion,LOW,0,-12.71,nan,2.0,0.0,3.0,0.0,0.0,2026-09-30,0.0,0.0,0.0,0.0,0.0,64.2,0.0,0.0,0,2026-06-11 to 2026-09-25 (74 days),-1.0,34.8,nan,nan,nan,NEUTRAL,LOW,Strong trend (ADX=47),-1.0,-1.0,1.0,29,2026-10-28,,0
2026-09-29T16:49:28,2026-09-29,LVS,HOLD,1,SMA Crossover (10/50),LOW,0,-12.74,nan,2.0,nan,3.0,nan,0.0,2026-09-30,0.0,0.0,0.0,0.0,0.0,58.46,0.0,0.0,0,2026-06-11 to 2026-09-25 (74 days),-1.0,25.4,nan,nan,nan,NEUTRAL,LOW,RSI oversold; Strong trend (ADX=66); Last surprise: -22.4%; Earnings conf adj: -1,-1.0,-1.0,1.0,22,2026-10-21,-22.37,-1
2026-09-29T16:51:01,2026-09-29,TLT,HOLD,0,52-Week High Momentum,LOW,0,-12.8,nan,3.3,0.0,4.95,0.0,0.0,2026-10-02,-12.31,-9.79,50.0,0.02,-25.75,-4.53,-8.26,3.5,2,2026-06-11 to 2026-09-25 (74 days),-1.0,32.3,nan,nan,nan,NEUTRAL,LOW,High volume,-1.0,-1.0,1.0,-1,,,0
2026-09-29T16:49:58,2026-09-29,UBER,HOLD,1,ADX Trend Following,LOW,1,-12.82,nan,5.23,nan,7.85,nan,0.0,2026-10-27,0.1,0.14,50.0,1.06,-1.44,-1.79,-13.08,28.0,2,2026-06-11 to 2026-09-25 (74 days),-1.0,38.3,nan,nan,nan,NEUTRAL,LOW,Strong trend (ADX=43); Last surprise: +41.0%; Earnings conf adj: +1,-1.0,-1.0,1.0,35,2026-11-03,40.96,1
2026-09-29T16:50:59,2026-09-29,VC,HOLD,0,RSI Mean Reversion,LOW,0,-12.85,nan,2.0,0.0,3.0,0.0,0.0,2026-09-30,0.0,0.0,0.0,0.0,0.0,61.87,0.0,0.0,0,2026-06-11 to 2026-09-25 (74 days),-1.0,27.9,nan,nan,nan,NEUTRAL,LOW,RSI oversold; High volume; Strong trend (ADX=58),-1.0,-1.0,1.0,23,2026-10-22,,0
2026-09-29T16:50:09,2026-09-29,XPO,HOLD,0,RSI Mean Reversion,LOW,1,-12.88,nan,2.0,0.0,3.0,0.0,0.0,2026-09-30,0.0,0.0,0.0,0.0,0.0,61.1,0.0,0.0,0,2026-06-11 to 2026-09-25 (74 days),-1.0,34.2,nan,nan,nan,NEUTRAL,LOW,Last surprise: +15.6%; Earnings conf adj: +1,-1.0,-1.0,1.0,30,2026-10-29,15.65,1
2026-09-29T16:49:36,2026-09-29,NKE,HOLD,0,RSI Mean Reversion,LOW,0,-12.89,nan,2.0,0.0,3.0,0.0,0.0,2026-09-30,0.0,0.0,0.0,0.0,0.0,56.43,0.0,0.0,0,2026-06-11 to 2026-09-25 (74 days),-1.0,35.6,nan,nan,nan,NEUTRAL,LOW,Earnings in 2d (2026-10-01); Last surprise: +453.8%; Earnings conf adj: -2,-1.0,-1.0,1.0,2,2026-10-01,453.85,-2
2026-09-29T16:50:57,2026-09-29,PLNT,HOLD,0,RSI Mean Reversion,LOW,0,-13.08,nan,2.0,0.0,3.0,0.0,0.0,2026-09-30,0.0,0.0,0.0,0.0,0.0,47.65,0.0,0.0,0,2026-06-11 to 2026-09-25 (74 days),-1.0,30.3,nan,nan,nan,NEUTRAL,LOW,Strong trend (ADX=39),-1.0,-1.0,1.0,37,2026-11-05,,0
2026-09-29T16:48:55,2026-09-29,CRH,HOLD,0,RSI Mean Reversion,LOW,0,-13.13,nan,2.0,0.0,3.0,0.0,0.0,2026-09-30,0.0,0.0,0.0,0.0,0.0,50.76,0.0,0.0,0,2026-06-11 to 2026-09-25 (74 days),-1.0,35.2,nan,nan,nan,NEUTRAL,LOW,Strong trend (ADX=38); Last surprise: -4.5%,-1.0,-1.0,1.0,30,2026-10-29,-4.46,0
2026-09-29T16:49:57,2026-09-29,TXT,HOLD,0,RSI Mean Reversion,LOW,0,-13.17,nan,2.0,0.0,3.0,0.0,0.0,2026-09-30,0.0,0.0,0.0,0.0,0.0,50.16,0.0,0.0,0,2026-06-11 to 2026-09-25 (74 days),-1.0,30.6,nan,nan,nan,NEUTRAL,LOW,Strong trend (ADX=36); Last surprise: +4.5%,-1.0,-1.0,1.0,30,2026-10-29,4.52,0
2026-09-29T16:50:48,2026-09-29,BYD,HOLD,0,RSI Mean Reversion,LOW,0,-13.18,nan,2.0,0.0,3.0,0.0,0.0,2026-09-30,0.0,0.0,0.0,0.0,0.0,48.09,0.0,0.0,0,2026-06-11 to 2026-09-25 (74 days),-1.0,22.8,nan,nan,nan,NEUTRAL,LOW,RSI oversold; Strong trend (ADX=57),-1.0,-1.0,1.0,23,2026-10-22,,0
2026-09-29T16:50:45,2026-09-29,LSTR,HOLD,0,Bollinger Band Mean Reversion,LOW,0,-13.31,nan,2.0,0.0,3.0,0.0,0.0,2026-09-30,0.0,0.0,0.0,0.0,0.0,66.44,0.0,0.0,0,2026-06-11 to 2026-09-25 (74 days),-1.0,29.2,nan,nan,nan,NEUTRAL,LOW,RSI oversold; Strong trend (ADX=49),-1.0,-1.0,1.0,28,2026-10-27,,0
2026-09-29T16:50:46,2026-09-29,STWD,HOLD,0,Stochastic Oscillator,LOW,0,-13.33,nan,5.79,0.0,8.68,0.0,0.0,2026-11-07,-2.0,-2.7,50.0,0.23,-29.24,8.34,-14.48,39.0,2,2026-06-11 to 2026-09-25 (74 days),-1.0,24.5,nan,nan,nan,NEUTRAL,LOW,RSI oversold; Strong trend (ADX=55),-1.0,-1.0,1.0,41,2026-11-09,,0
2026-09-29T16:48:55,2026-09-29,CPT,HOLD,0,Bollinger Band Mean Reversion,LOW,0,-13.75,nan,2.0,0.0,3.0,0.0,0.0,2026-09-30,0.0,0.0,0.0,0.0,0.0,39.33,0.0,0.0,0,2026-06-11 to 2026-09-25 (74 days),-1.0,27.7,nan,nan,nan,NEUTRAL,LOW,RSI oversold; Strong trend (ADX=66); Last surprise: -33.3%; Earnings conf adj: -1,-1.0,-1.0,1.0,37,2026-11-05,-33.33,-1
2026-09-29T16:50:22,2026-09-29,GLPI,HOLD,0,RSI Mean Reversion,LOW,0,-13.79,nan,2.0,0.0,3.0,0.0,0.0,2026-09-30,0.0,0.0,0.0,0.0,0.0,44.93,0.0,0.0,0,2026-06-11 to 2026-09-25 (74 days),-1.0,32.3,nan,nan,nan,NEUTRAL,LOW,Strong trend (ADX=44),-1.0,-1.0,1.0,30,2026-10-29,,0
2026-09-29T16:50:09,2026-09-29,UTHR,HOLD,1,SMA Crossover (10/50),LOW,1,-13.82,nan,2.0,nan,3.0,nan,0.0,2026-09-30,0.0,0.0,0.0,0.0,0.0,37.74,0.0,0.0,0,2026-06-11 to 2026-09-25 (74 days),-1.0,34.2,nan,nan,nan,NEUTRAL,LOW,Strong trend (ADX=36); Last surprise: +6.0%; Earnings conf adj: +1,-1.0,-1.0,1.0,29,2026-10-28,5.98,1
2026-09-29T16:50:22,2026-09-29,ALLY,HOLD,0,RSI Mean Reversion,LOW,0,-13.88,nan,2.0,0.0,3.0,0.0,0.0,2026-09-30,0.0,0.0,0.0,0.0,0.0,30.99,0.0,0.0,0,2026-06-11 to 2026-09-25 (74 days),-1.0,28.6,nan,nan,nan,NEUTRAL,LOW,RSI oversold; Strong trend (ADX=54),-1.0,-1.0,1.0,21,2026-10-20,,0
2026-09-29T16:50:00,2026-09-29,VICI,HOLD,1,SMA Crossover (10/50),LOW,0,-13.95,nan,2.0,nan,3.0,nan,0.0,2026-09-30,0.0,0.0,0.0,0.0,0.0,38.83,0.0,0.0,0,2026-06-11 to 2026-09-25 (74 days),-1.0,32.4,nan,nan,nan,NEUTRAL,LOW,Strong trend (ADX=50); Last surprise: -32.4%; Earnings conf adj: -1,-1.0,-1.0,1.0,30,2026-10-29,-32.39,-1
2026-09-29T16:48:53,2026-09-29,CNP,HOLD,0,RSI Mean Reversion,LOW,1,-14.05,nan,2.0,0.0,3.0,0.0,0.0,2026-09-30,0.0,0.0,0.0,0.0,0.0,37.93,0.0,0.0,0,2026-06-11 to 2026-09-25 (74 days),-1.0,27.0,nan,nan,nan,NEUTRAL,LOW,RSI oversold; Strong trend (ADX=45); Last surprise: +8.1%; Earnings conf adj: +1,-1.0,-1.0,1.0,23,2026-10-22,8.11,1
2026-09-29T16:50:19,2026-09-29,DTM,HOLD,0,Composite Multi-Indicator,LOW,0,-14.18,nan,2.0,0.0,3.0,0.0,0.0,2026-09-30,0.0,0.0,0.0,0.0,0.0,34.93,0.0,0.0,0,2026-06-11 to 2026-09-25 (74 days),-1.0,32.5,nan,nan,nan,NEUTRAL,LOW,No special conditions,-1.0,-1.0,1.0,30,2026-10-29,,0
2026-09-29T16:49:07,2026-09-29,EXR,HOLD,0,RSI Mean Reversion,LOW,1,-14.22,nan,2.0,0.0,3.0,0.0,0.0,2026-09-30,0.0,0.0,0.0,0.0,0.0,28.43,0.0,0.0,0,2026-06-11 to 2026-09-25 (74 days),-1.0,36.2,nan,nan,nan,NEUTRAL,LOW,Strong trend (ADX=40); Last surprise: +8.7%; Earnings conf adj: +1,-1.0,-1.0,1.0,29,2026-10-28,8.7,1
2026-09-29T16:49:24,2026-09-29,KIM,HOLD,0,EMA Crossover (9/21),LOW,1,-14.31,nan,2.0,0.0,3.0,0.0,0.0,2026-09-30,-1.86,-1.86,0.0,0.0,-0.34,34.89,-0.1,0.0,0,2026-06-11 to 2026-09-25 (74 days),-1.0,30.5,nan,nan,nan,NEUTRAL,LOW,Strong trend (ADX=50); Last surprise: +10.0%; Earnings conf adj: +1,-1.0,-1.0,1.0,30,2026-10-29,10.0,1
2026-09-29T16:49:55,2026-09-29,TMUS,HOLD,0,RSI Mean Reversion,LOW,1,-14.32,nan,2.0,0.0,3.0,0.0,0.0,2026-09-30,0.0,0.0,0.0,0.0,0.0,31.71,0.0,0.0,0,2026-06-11 to 2026-09-25 (74 days),-1.0,37.0,nan,nan,nan,NEUTRAL,LOW,Strong trend (ADX=39); Last surprise: +15.0%; Earnings conf adj: +1,-1.0,-1.0,1.0,29,2026-10-28,15.0,1
2026-09-29T16:48:58,2026-09-29,D,HOLD,0,RSI Mean Reversion,LOW,1,-14.36,nan,2.0,0.0,3.0,0.0,0.0,2026-09-30,0.0,0.0,0.0,0.0,0.0,25.27,0.0,0.0,0,2026-06-11 to 2026-09-25 (74 days),-1.0,25.1,nan,nan,nan,NEUTRAL,LOW,RSI oversold; Strong trend (ADX=65); Last surprise: +17.9%; Earnings conf adj: +1,-1.0,-1.0,1.0,31,2026-10-30,17.91,1
2026-09-29T16:50:47,2026-09-29,CHDN,HOLD,0,RSI Mean Reversion,LOW,0,-14.39,nan,2.0,0.0,3.0,0.0,0.0,2026-09-30,0.0,0.0,0.0,0.0,0.0,26.09,0.0,0.0,0,2026-06-11 to 2026-09-25 (74 days),-1.0,37.9,nan,nan,nan,NEUTRAL,LOW,No special conditions,-1.0,-1.0,1.0,29,2026-10-28,,0
2026-09-29T16:50:19,2026-09-29,AMH,HOLD,0,RSI Mean Reversion,LOW,0,-14.4,nan,2.0,0.0,3.0,0.0,0.0,2026-09-30,0.0,0.0,0.0,0.0,0.0,16.94,0.0,0.0,0,2026-06-11 to 2026-09-25 (74 days),-1.0,28.8,nan,nan,nan,NEUTRAL,LOW,RSI oversold; Strong trend (ADX=53),-1.0,-1.0,1.0,29,2026-10-28,,0
2026-09-29T16:49:40,2026-09-29,OTIS,HOLD,0,RSI Mean Reversion,LOW,0,-14.41,nan,2.0,0.0,3.0,0.0,0.0,2026-09-30,0.0,0.0,0.0,0.0,0.0,17.45,0.0,0.0,0,2026-06-11 to 2026-09-25 (74 days),-1.0,35.3,nan,nan,nan,NEUTRAL,LOW,Last surprise: +0.0%,-1.0,-1.0,1.0,29,2026-10-28,0.0,0
2026-09-29T16:50:16,2026-09-29,SUI,HOLD,0,RSI Mean Reversion,LOW,0,-14.46,nan,2.0,0.0,3.0,0.0,0.0,2026-09-30,0.0,0.0,0.0,0.0,0.0,30.4,0.0,0.0,0,2026-06-11 to 2026-09-25 (74 days),-1.0,34.4,nan,nan,nan,NEUTRAL,LOW,Strong trend (ADX=50),-1.0,-1.0,1.0,29,2026-10-28,,0
2026-09-29T16:49:10,2026-09-29,FRT,HOLD,0,EMA Crossover (9/21),LOW,1,-14.47,nan,2.0,0.0,3.0,0.0,0.0,2026-09-30,-1.86,-1.86,0.0,0.0,-0.34,31.65,-0.1,0.0,0,2026-06-11 to 2026-09-25 (74 days),-1.0,28.1,nan,nan,nan,NEUTRAL,LOW,RSI oversold; Strong trend (ADX=58); Last surprise: +34.7%; Earnings conf adj: +1,-1.0,-1.0,1.0,31,2026-10-30,34.72,1
2026-09-29T16:49:01,2026-09-29,DUK,HOLD,0,RSI Mean Reversion,LOW,1,-14.53,nan,2.0,0.0,3.0,0.0,0.0,2026-09-30,0.0,0.0,0.0,0.0,0.0,24.8,0.0,0.0,0,2026-06-11 to 2026-09-25 (74 days),-1.0,25.3,nan,nan,nan,NEUTRAL,LOW,RSI oversold; Strong trend (ADX=61); Last surprise: +10.0%; Earnings conf adj: +1,-1.0,-1.0,1.0,37,2026-11-05,10.0,1
2026-09-29T16:49:55,2026-09-29,TKO,HOLD,0,RSI Mean Reversion,LOW,1,-14.56,nan,2.0,0.0,3.0,0.0,0.0,2026-09-30,0.0,0.0,0.0,0.0,0.0,40.19,0.0,0.0,0,2026-06-11 to 2026-09-25 (74 days),-1.0,41.0,nan,nan,nan,NEUTRAL,LOW,Last surprise: +22.9%; Earnings conf adj: +1,-1.0,-1.0,1.0,36,2026-11-04,22.94,1
2026-09-29T16:49:46,2026-09-29,RDDT,HOLD,0,RSI Mean Reversion,LOW,1,-14.57,nan,2.0,0.0,3.0,0.0,0.0,2026-09-30,0.0,0.0,0.0,0.0,0.0,39.43,0.0,0.0,0,2026-06-11 to 2026-09-25 (74 days),-1.0,44.7,nan,nan,nan,NEUTRAL,LOW,Last surprise: +30.2%; Earnings conf adj: +1,-1.0,-1.0,1.0,30,2026-10-29,30.21,1
2026-09-29T16:50:41,2026-09-29,FNB,HOLD,0,PEAD Earnings Drift,LOW,0,-14.92,nan,2.0,0.0,3.0,0.0,0.0,2026-09-30,0.0,0.0,0.0,0.0,0.0,9.54,0.0,0.0,0,2026-06-11 to 2026-09-25 (74 days),-1.0,39.2,nan,nan,nan,NEUTRAL,LOW,Strong trend (ADX=43),-1.0,-1.0,1.0,16,2026-10-15,,0
2026-09-29T16:48:51,2026-09-29,CI,HOLD,0,RSI Mean Reversion,LOW,0,-15.16,nan,2.0,0.0,3.0,0.0,0.0,2026-09-30,0.0,0.0,0.0,0.0,0.0,22.83,0.0,0.0,0,2026-06-11 to 2026-09-25 (74 days),-1.0,44.5,nan,nan,nan,NEUTRAL,LOW,Last surprise: +2.4%,-1.0,-1.0,1.0,37,2026-11-05,2.37,0
